query_id,condition,seed,sanitizer,correct_rank,top1_place,correct_place,effective_mse,psnr
amman_query_-39Q9edqZUArYHa41OPDoQ,isotropic,1234,jpeg50,1,amman:31,amman:31,15.680000,36.1773
amman_query_-39Q9edqZUArYHa41OPDoQ,white_box,1234,jpeg50,7,amman:6,amman:31,15.679997,36.1773
amman_query_-39Q9edqZUArYHa41OPDoQ,transfer_1,1234,jpeg50,1,amman:31,amman:31,15.679997,36.1773
amman_query_-39Q9edqZUArYHa41OPDoQ,transfer_2,1234,jpeg50,1,amman:31,amman:31,15.679992,36.1773
amman_query_-39Q9edqZUArYHa41OPDoQ,transfer_3,1234,jpeg50,3,nairobi:10,amman:31,15.679991,36.1773
boston_query_--LUAhgqzqNM6FyWSJ-Dsw,isotropic,1234,jpeg50,1,boston:87,boston:87,15.679997,36.1773
boston_query_--LUAhgqzqNM6FyWSJ-Dsw,white_box,1234,jpeg50,193,boston:235,boston:87,15.680000,36.1773
boston_query_--LUAhgqzqNM6FyWSJ-Dsw,transfer_1,1234,jpeg50,1,boston:87,boston:87,15.679998,36.1773
boston_query_--LUAhgqzqNM6FyWSJ-Dsw,transfer_2,1234,jpeg50,1,boston:87,boston:87,15.679995,36.1773
boston_query_--LUAhgqzqNM6FyWSJ-Dsw,transfer_3,1234,jpeg50,1,boston:87,boston:87,15.679998,36.1773
cph_query_--FyHVca3HP-QgUmcAvToA,isotropic,1234,jpeg50,208,boston:19,cph:208,15.680000,36.1773
cph_query_--FyHVca3HP-QgUmcAvToA,white_box,1234,jpeg50,845,zurich:19,cph:208,15.680000,36.1773
cph_query_--FyHVca3HP-QgUmcAvToA,transfer_1,1234,jpeg50,127,zurich:35,cph:208,15.680000,36.1773
cph_query_--FyHVca3HP-QgUmcAvToA,transfer_2,1234,jpeg50,300,zurich:35,cph:208,15.680002,36.1773
cph_query_--FyHVca3HP-QgUmcAvToA,transfer_3,1234,jpeg50,55,zurich:35,cph:208,15.679998,36.1773
london_query_-0u7VsCOCAmwH4RFsN5BoA,isotropic,1234,jpeg50,154,toronto:102,london:51,15.679997,36.1773
london_query_-0u7VsCOCAmwH4RFsN5BoA,white_box,1234,jpeg50,207,london:28,london:51,15.679997,36.1773
london_query_-0u7VsCOCAmwH4RFsN5BoA,transfer_1,1234,jpeg50,144,toronto:102,london:51,15.680002,36.1773
london_query_-0u7VsCOCAmwH4RFsN5BoA,transfer_2,1234,jpeg50,214,toronto:102,london:51,15.680001,36.1773
london_query_-0u7VsCOCAmwH4RFsN5BoA,transfer_3,1234,jpeg50,222,toronto:102,london:51,15.679992,36.1773
manila_query_-10kuZ2TqVxJ-YLQJl2uqA,isotropic,1234,jpeg50,105,manila:135,manila:102,15.679998,36.1773
manila_query_-10kuZ2TqVxJ-YLQJl2uqA,white_box,1234,jpeg50,248,manila:190,manila:102,15.680000,36.1773
manila_query_-10kuZ2TqVxJ-YLQJl2uqA,transfer_1,1234,jpeg50,120,manila:190,manila:102,15.680000,36.1773
manila_query_-10kuZ2TqVxJ-YLQJl2uqA,transfer_2,1234,jpeg50,176,toronto:274,manila:102,15.680000,36.1773
manila_query_-10kuZ2TqVxJ-YLQJl2uqA,transfer_3,1234,jpeg50,156,manila:190,manila:102,15.680000,36.1773
nairobi_query_-K4R8iYrz9LwQ7wia8JZtQ,isotropic,1234,jpeg50,1999,amman:11,nairobi:2,15.680000,36.1773
nairobi_query_-K4R8iYrz9LwQ7wia8JZtQ,white_box,1234,jpeg50,2000,london:34,nairobi:2,15.679998,36.1773
nairobi_query_-K4R8iYrz9LwQ7wia8JZtQ,transfer_1,1234,jpeg50,2000,toronto:200,nairobi:2,15.680002,36.1773
nairobi_query_-K4R8iYrz9LwQ7wia8JZtQ,transfer_2,1234,jpeg50,2000,boston:79,nairobi:2,15.680005,36.1773
nairobi_query_-K4R8iYrz9LwQ7wia8JZtQ,transfer_3,1234,jpeg50,2000,zurich:35,nairobi:2,15.679995,36.1773
toronto_query_-1caqsIDW4YpUBZB98J9uV,isotropic,1234,jpeg50,28,cph:464,toronto:33,15.679997,36.1773
toronto_query_-1caqsIDW4YpUBZB98J9uV,white_box,1234,jpeg50,106,amman:23,toronto:33,15.680005,36.1773
toronto_query_-1caqsIDW4YpUBZB98J9uV,transfer_1,1234,jpeg50,8,cph:464,toronto:33,15.679992,36.1773
toronto_query_-1caqsIDW4YpUBZB98J9uV,transfer_2,1234,jpeg50,10,cph:464,toronto:33,15.679996,36.1773
toronto_query_-1caqsIDW4YpUBZB98J9uV,transfer_3,1234,jpeg50,10,cph:464,toronto:33,15.680002,36.1773
zurich_query_--RjvuIbkJiPNJknyeZN_Q,isotropic,1234,jpeg50,275,boston:234,zurich:64,15.680000,36.1773
zurich_query_--RjvuIbkJiPNJknyeZN_Q,white_box,1234,jpeg50,1258,zurich:5,zurich:64,15.680000,36.1773
zurich_query_--RjvuIbkJiPNJknyeZN_Q,transfer_1,1234,jpeg50,398,boston:234,zurich:64,15.679997,36.1773
zurich_query_--RjvuIbkJiPNJknyeZN_Q,transfer_2,1234,jpeg50,600,manila:163,zurich:64,15.679997,36.1773
zurich_query_--RjvuIbkJiPNJknyeZN_Q,transfer_3,1234,jpeg50,536,boston:234,zurich:64,15.680000,36.1773
amman_query_-6eEB_fS2eePRNUql6vOrQ,isotropic,1234,jpeg50,1,amman:21,amman:21,15.680000,36.1773
amman_query_-6eEB_fS2eePRNUql6vOrQ,white_box,1234,jpeg50,4,amman:23,amman:21,15.680000,36.1773
amman_query_-6eEB_fS2eePRNUql6vOrQ,transfer_1,1234,jpeg50,1,amman:21,amman:21,15.679997,36.1773
amman_query_-6eEB_fS2eePRNUql6vOrQ,transfer_2,1234,jpeg50,1,amman:21,amman:21,15.680000,36.1773
amman_query_-6eEB_fS2eePRNUql6vOrQ,transfer_3,1234,jpeg50,3,amman:23,amman:21,15.680002,36.1773
boston_query_--VtRctVkqAafFr5b_6GXg,isotropic,1234,jpeg50,320,manila:109,boston:262,15.680000,36.1773
boston_query_--VtRctVkqAafFr5b_6GXg,white_box,1234,jpeg50,1227,boston:19,boston:262,15.679998,36.1773
boston_query_--VtRctVkqAafFr5b_6GXg,transfer_1,1234,jpeg50,558,manila:109,boston:262,15.680000,36.1773
boston_query_--VtRctVkqAafFr5b_6GXg,transfer_2,1234,jpeg50,869,toronto:23,boston:262,15.680000,36.1773
boston_query_--VtRctVkqAafFr5b_6GXg,transfer_3,1234,jpeg50,752,cph:464,boston:262,15.680000,36.1773
cph_query_--kN3Y3n0x47vWa8WX-a8w,isotropic,1234,jpeg50,1,cph:162,cph:162,15.680001,36.1773
cph_query_--kN3Y3n0x47vWa8WX-a8w,white_box,1234,jpeg50,1,cph:162,cph:162,15.680005,36.1773
cph_query_--kN3Y3n0x47vWa8WX-a8w,transfer_1,1234,jpeg50,1,cph:162,cph:162,15.679997,36.1773
cph_query_--kN3Y3n0x47vWa8WX-a8w,transfer_2,1234,jpeg50,1,cph:162,cph:162,15.679997,36.1773
cph_query_--kN3Y3n0x47vWa8WX-a8w,transfer_3,1234,jpeg50,1,cph:162,cph:162,15.679995,36.1773
london_query_-4Vq2O1PhPmG6WK-yV402Q,isotropic,1234,jpeg50,1,london:2,london:2,15.679995,36.1773
london_query_-4Vq2O1PhPmG6WK-yV402Q,white_box,1234,jpeg50,96,london:34,london:2,15.680000,36.1773
london_query_-4Vq2O1PhPmG6WK-yV402Q,transfer_1,1234,jpeg50,3,manila:163,london:2,15.680000,36.1773
london_query_-4Vq2O1PhPmG6WK-yV402Q,transfer_2,1234,jpeg50,2,zurich:94,london:2,15.679998,36.1773
london_query_-4Vq2O1PhPmG6WK-yV402Q,transfer_3,1234,jpeg50,7,zurich:94,london:2,15.679997,36.1773
manila_query_-10rV9IlRhgTnk5e_QJbgA,isotropic,1234,jpeg50,993,manila:116,manila:142,15.680002,36.1773
manila_query_-10rV9IlRhgTnk5e_QJbgA,white_box,1234,jpeg50,1106,boston:249,manila:142,15.680000,36.1773
manila_query_-10rV9IlRhgTnk5e_QJbgA,transfer_1,1234,jpeg50,1100,manila:116,manila:142,15.680002,36.1773
manila_query_-10rV9IlRhgTnk5e_QJbgA,transfer_2,1234,jpeg50,908,manila:116,manila:142,15.680000,36.1773
manila_query_-10rV9IlRhgTnk5e_QJbgA,transfer_3,1234,jpeg50,889,manila:116,manila:142,15.679998,36.1773
nairobi_query_-cS3FR1RBElNB48QQHiL0Q,isotropic,1234,jpeg50,9,nairobi:22,nairobi:18,15.679998,36.1773
nairobi_query_-cS3FR1RBElNB48QQHiL0Q,white_box,1234,jpeg50,228,amman:6,nairobi:18,15.679995,36.1773
nairobi_query_-cS3FR1RBElNB48QQHiL0Q,transfer_1,1234,jpeg50,8,nairobi:22,nairobi:18,15.679992,36.1773
nairobi_query_-cS3FR1RBElNB48QQHiL0Q,transfer_2,1234,jpeg50,13,nairobi:22,nairobi:18,15.679998,36.1773
nairobi_query_-cS3FR1RBElNB48QQHiL0Q,transfer_3,1234,jpeg50,140,amman:32,nairobi:18,15.680005,36.1773
toronto_query_-3UT7A8bNUkVBgSLW30-ow,isotropic,1234,jpeg50,32,boston:90,toronto:185,15.679997,36.1773
toronto_query_-3UT7A8bNUkVBgSLW30-ow,white_box,1234,jpeg50,253,boston:123,toronto:185,15.680000,36.1773
toronto_query_-3UT7A8bNUkVBgSLW30-ow,transfer_1,1234,jpeg50,64,boston:90,toronto:185,15.680000,36.1773
toronto_query_-3UT7A8bNUkVBgSLW30-ow,transfer_2,1234,jpeg50,73,boston:90,toronto:185,15.679998,36.1773
toronto_query_-3UT7A8bNUkVBgSLW30-ow,transfer_3,1234,jpeg50,77,toronto:354,toronto:185,15.679998,36.1773
zurich_query_-25E3MQ0PY1vs_FT7mKaUw,isotropic,1234,jpeg50,21,cph:464,zurich:13,15.679997,36.1773
zurich_query_-25E3MQ0PY1vs_FT7mKaUw,white_box,1234,jpeg50,291,toronto:23,zurich:13,15.679998,36.1773
zurich_query_-25E3MQ0PY1vs_FT7mKaUw,transfer_1,1234,jpeg50,56,cph:464,zurich:13,15.680000,36.1773
zurich_query_-25E3MQ0PY1vs_FT7mKaUw,transfer_2,1234,jpeg50,92,toronto:23,zurich:13,15.679997,36.1773
zurich_query_-25E3MQ0PY1vs_FT7mKaUw,transfer_3,1234,jpeg50,103,toronto:23,zurich:13,15.679997,36.1773
amman_query_-BJoV1t0rKwEzk0bsZplVQ,isotropic,1234,jpeg50,1776,amman:35,amman:37,15.680000,36.1773
amman_query_-BJoV1t0rKwEzk0bsZplVQ,white_box,1234,jpeg50,1995,zurich:19,amman:37,15.680001,36.1773
amman_query_-BJoV1t0rKwEzk0bsZplVQ,transfer_1,1234,jpeg50,1831,amman:35,amman:37,15.680000,36.1773
amman_query_-BJoV1t0rKwEzk0bsZplVQ,transfer_2,1234,jpeg50,1937,amman:35,amman:37,15.679997,36.1773
amman_query_-BJoV1t0rKwEzk0bsZplVQ,transfer_3,1234,jpeg50,1954,amman:35,amman:37,15.680000,36.1773
boston_query_-0n5FDAuOditKvxIekIbBg,isotropic,1234,jpeg50,1,boston:239,boston:239,15.679997,36.1773
boston_query_-0n5FDAuOditKvxIekIbBg,white_box,1234,jpeg50,60,manila:29,boston:239,15.680000,36.1773
boston_query_-0n5FDAuOditKvxIekIbBg,transfer_1,1234,jpeg50,1,boston:239,boston:239,15.680000,36.1773
boston_query_-0n5FDAuOditKvxIekIbBg,transfer_2,1234,jpeg50,1,boston:239,boston:239,15.679997,36.1773
boston_query_-0n5FDAuOditKvxIekIbBg,transfer_3,1234,jpeg50,1,boston:239,boston:239,15.680001,36.1773
cph_query_--xKnCCc_4tDGo80iM-A_g,isotropic,1234,jpeg50,1,cph:345,cph:345,15.680000,36.1773
cph_query_--xKnCCc_4tDGo80iM-A_g,white_box,1234,jpeg50,73,cph:61,cph:345,15.680000,36.1773
cph_query_--xKnCCc_4tDGo80iM-A_g,transfer_1,1234,jpeg50,1,cph:345,cph:345,15.680007,36.1773
cph_query_--xKnCCc_4tDGo80iM-A_g,transfer_2,1234,jpeg50,2,toronto:58,cph:345,15.679998,36.1773
cph_query_--xKnCCc_4tDGo80iM-A_g,transfer_3,1234,jpeg50,4,cph:429,cph:345,15.680001,36.1773
london_query_-4pmBOZmF-ynXSkWw5BAew,isotropic,1234,jpeg50,1,london:5,london:5,15.679996,36.1773
london_query_-4pmBOZmF-ynXSkWw5BAew,white_box,1234,jpeg50,549,zurich:5,london:5,15.679998,36.1773
london_query_-4pmBOZmF-ynXSkWw5BAew,transfer_1,1234,jpeg50,1,london:5,london:5,15.679997,36.1773
london_query_-4pmBOZmF-ynXSkWw5BAew,transfer_2,1234,jpeg50,1,london:5,london:5,15.679997,36.1773
london_query_-4pmBOZmF-ynXSkWw5BAew,transfer_3,1234,jpeg50,1,london:5,london:5,15.679997,36.1773
manila_query_-2h231ovohZWmrsaBllNyw,isotropic,1234,jpeg50,323,cph:429,manila:177,15.680000,36.1773
manila_query_-2h231ovohZWmrsaBllNyw,white_box,1234,jpeg50,556,cph:94,manila:177,15.679998,36.1773
manila_query_-2h231ovohZWmrsaBllNyw,transfer_1,1234,jpeg50,341,cph:429,manila:177,15.680000,36.1773
manila_query_-2h231ovohZWmrsaBllNyw,transfer_2,1234,jpeg50,444,cph:429,manila:177,15.680000,36.1773
manila_query_-2h231ovohZWmrsaBllNyw,transfer_3,1234,jpeg50,375,cph:429,manila:177,15.680000,36.1773
nairobi_query_-dn1KaWvGY9H5JRLNtaYPg,isotropic,1234,jpeg50,119,zurich:42,nairobi:10,15.680000,36.1773
nairobi_query_-dn1KaWvGY9H5JRLNtaYPg,white_box,1234,jpeg50,181,zurich:46,nairobi:10,15.680005,36.1773
nairobi_query_-dn1KaWvGY9H5JRLNtaYPg,transfer_1,1234,jpeg50,156,zurich:42,nairobi:10,15.680001,36.1773
nairobi_query_-dn1KaWvGY9H5JRLNtaYPg,transfer_2,1234,jpeg50,229,zurich:42,nairobi:10,15.680000,36.1773
nairobi_query_-dn1KaWvGY9H5JRLNtaYPg,transfer_3,1234,jpeg50,170,zurich:42,nairobi:10,15.679997,36.1773
toronto_query_-4IVXvKV2D8brXjQPZ1GRA,isotropic,1234,jpeg50,1,toronto:88,toronto:88,15.679998,36.1773
toronto_query_-4IVXvKV2D8brXjQPZ1GRA,white_box,1234,jpeg50,2,manila:171,toronto:88,15.680000,36.1773
toronto_query_-4IVXvKV2D8brXjQPZ1GRA,transfer_1,1234,jpeg50,1,toronto:88,toronto:88,15.680002,36.1773
toronto_query_-4IVXvKV2D8brXjQPZ1GRA,transfer_2,1234,jpeg50,1,toronto:88,toronto:88,15.680000,36.1773
toronto_query_-4IVXvKV2D8brXjQPZ1GRA,transfer_3,1234,jpeg50,1,toronto:88,toronto:88,15.679995,36.1773
zurich_query_-4StYjY5sT1S23ls5heCbg,isotropic,1234,jpeg50,1,zurich:104,zurich:104,15.680000,36.1773
zurich_query_-4StYjY5sT1S23ls5heCbg,white_box,1234,jpeg50,426,toronto:200,zurich:104,15.679997,36.1773
zurich_query_-4StYjY5sT1S23ls5heCbg,transfer_1,1234,jpeg50,1,zurich:104,zurich:104,15.680000,36.1773
zurich_query_-4StYjY5sT1S23ls5heCbg,transfer_2,1234,jpeg50,1,zurich:104,zurich:104,15.679992,36.1773
zurich_query_-4StYjY5sT1S23ls5heCbg,transfer_3,1234,jpeg50,1,zurich:104,zurich:104,15.680000,36.1773
amman_query_-D0IlKF__f0c9DPAKbiYnw,isotropic,1234,jpeg50,42,amman:4,amman:23,15.680000,36.1773
amman_query_-D0IlKF__f0c9DPAKbiYnw,white_box,1234,jpeg50,116,amman:4,amman:23,15.680000,36.1773
amman_query_-D0IlKF__f0c9DPAKbiYnw,transfer_1,1234,jpeg50,60,amman:4,amman:23,15.680002,36.1773
amman_query_-D0IlKF__f0c9DPAKbiYnw,transfer_2,1234,jpeg50,79,amman:4,amman:23,15.679992,36.1773
amman_query_-D0IlKF__f0c9DPAKbiYnw,transfer_3,1234,jpeg50,84,zurich:19,amman:23,15.680000,36.1773
boston_query_-3hM-MR6uuw3se14vw3G0w,isotropic,1234,jpeg50,557,boston:249,boston:84,15.680000,36.1773
boston_query_-3hM-MR6uuw3se14vw3G0w,white_box,1234,jpeg50,420,boston:239,boston:84,15.680002,36.1773
boston_query_-3hM-MR6uuw3se14vw3G0w,transfer_1,1234,jpeg50,538,boston:239,boston:84,15.679997,36.1773
boston_query_-3hM-MR6uuw3se14vw3G0w,transfer_2,1234,jpeg50,680,boston:249,boston:84,15.679998,36.1773
boston_query_-3hM-MR6uuw3se14vw3G0w,transfer_3,1234,jpeg50,568,boston:239,boston:84,15.679998,36.1773
cph_query_-05vIhjxDNupFcgaM90L3w,isotropic,1234,jpeg50,4,manila:183,cph:71,15.680000,36.1773
cph_query_-05vIhjxDNupFcgaM90L3w,white_box,1234,jpeg50,26,london:28,cph:71,15.680000,36.1773
cph_query_-05vIhjxDNupFcgaM90L3w,transfer_1,1234,jpeg50,3,manila:183,cph:71,15.679998,36.1773
cph_query_-05vIhjxDNupFcgaM90L3w,transfer_2,1234,jpeg50,3,manila:183,cph:71,15.679997,36.1773
cph_query_-05vIhjxDNupFcgaM90L3w,transfer_3,1234,jpeg50,7,manila:183,cph:71,15.679995,36.1773
london_query_-5QOE2AlZX8rEz8ONtGRrg,isotropic,1234,jpeg50,6,manila:153,london:131,15.680000,36.1773
london_query_-5QOE2AlZX8rEz8ONtGRrg,white_box,1234,jpeg50,763,boston:123,london:131,15.680000,36.1773
london_query_-5QOE2AlZX8rEz8ONtGRrg,transfer_1,1234,jpeg50,37,toronto:418,london:131,15.679997,36.1773
london_query_-5QOE2AlZX8rEz8ONtGRrg,transfer_2,1234,jpeg50,67,toronto:418,london:131,15.680002,36.1773
london_query_-5QOE2AlZX8rEz8ONtGRrg,transfer_3,1234,jpeg50,154,toronto:418,london:131,15.679998,36.1773
manila_query_-3H2xPWPOqn_dCF2Lz5EtQ,isotropic,1234,jpeg50,136,amman:31,manila:160,15.679997,36.1773
manila_query_-3H2xPWPOqn_dCF2Lz5EtQ,white_box,1234,jpeg50,482,amman:25,manila:160,15.679998,36.1773
manila_query_-3H2xPWPOqn_dCF2Lz5EtQ,transfer_1,1234,jpeg50,163,cph:464,manila:160,15.680001,36.1773
manila_query_-3H2xPWPOqn_dCF2Lz5EtQ,transfer_2,1234,jpeg50,251,toronto:228,manila:160,15.679995,36.1773
manila_query_-3H2xPWPOqn_dCF2Lz5EtQ,transfer_3,1234,jpeg50,98,boston:248,manila:160,15.680002,36.1773
nairobi_query_-f7xKWoDFjaXHyTtnRqVKw,isotropic,1234,jpeg50,328,london:85,nairobi:9,15.679997,36.1773
nairobi_query_-f7xKWoDFjaXHyTtnRqVKw,white_box,1234,jpeg50,1071,manila:189,nairobi:9,15.679998,36.1773
nairobi_query_-f7xKWoDFjaXHyTtnRqVKw,transfer_1,1234,jpeg50,487,london:85,nairobi:9,15.680001,36.1773
nairobi_query_-f7xKWoDFjaXHyTtnRqVKw,transfer_2,1234,jpeg50,293,manila:89,nairobi:9,15.679995,36.1773
nairobi_query_-f7xKWoDFjaXHyTtnRqVKw,transfer_3,1234,jpeg50,492,boston:249,nairobi:9,15.680001,36.1773
toronto_query_-4mlNvZUZnbmRaGbiIndoA,isotropic,1234,jpeg50,1,toronto:102,toronto:102,15.680000,36.1773
toronto_query_-4mlNvZUZnbmRaGbiIndoA,white_box,1234,jpeg50,7,manila:142,toronto:102,15.680001,36.1773
toronto_query_-4mlNvZUZnbmRaGbiIndoA,transfer_1,1234,jpeg50,1,toronto:102,toronto:102,15.680001,36.1773
toronto_query_-4mlNvZUZnbmRaGbiIndoA,transfer_2,1234,jpeg50,1,toronto:102,toronto:102,15.680000,36.1773
toronto_query_-4mlNvZUZnbmRaGbiIndoA,transfer_3,1234,jpeg50,1,toronto:102,toronto:102,15.679997,36.1773
zurich_query_-71-BK_yAOJ1soK0OQWIcg,isotropic,1234,jpeg50,202,toronto:196,zurich:44,15.679997,36.1773
zurich_query_-71-BK_yAOJ1soK0OQWIcg,white_box,1234,jpeg50,1487,amman:1,zurich:44,15.679997,36.1773
zurich_query_-71-BK_yAOJ1soK0OQWIcg,transfer_1,1234,jpeg50,260,zurich:96,zurich:44,15.680001,36.1773
zurich_query_-71-BK_yAOJ1soK0OQWIcg,transfer_2,1234,jpeg50,393,zurich:96,zurich:44,15.679996,36.1773
zurich_query_-71-BK_yAOJ1soK0OQWIcg,transfer_3,1234,jpeg50,449,boston:249,zurich:44,15.679998,36.1773
amman_query_-EAmCN9i5BGEadZIccXEyA,isotropic,1234,jpeg50,39,toronto:421,amman:30,15.679998,36.1773
amman_query_-EAmCN9i5BGEadZIccXEyA,white_box,1234,jpeg50,124,nairobi:13,amman:30,15.679997,36.1773
amman_query_-EAmCN9i5BGEadZIccXEyA,transfer_1,1234,jpeg50,99,toronto:421,amman:30,15.679998,36.1773
amman_query_-EAmCN9i5BGEadZIccXEyA,transfer_2,1234,jpeg50,66,toronto:421,amman:30,15.679997,36.1773
amman_query_-EAmCN9i5BGEadZIccXEyA,transfer_3,1234,jpeg50,109,toronto:196,amman:30,15.679997,36.1773
boston_query_-4vuSn0vvcBVOccgQqFlow,isotropic,1234,jpeg50,76,boston:112,boston:149,15.680000,36.1773
boston_query_-4vuSn0vvcBVOccgQqFlow,white_box,1234,jpeg50,1662,manila:183,boston:149,15.680002,36.1773
boston_query_-4vuSn0vvcBVOccgQqFlow,transfer_1,1234,jpeg50,136,boston:144,boston:149,15.680000,36.1773
boston_query_-4vuSn0vvcBVOccgQqFlow,transfer_2,1234,jpeg50,135,london:8,boston:149,15.680001,36.1773
boston_query_-4vuSn0vvcBVOccgQqFlow,transfer_3,1234,jpeg50,150,boston:112,boston:149,15.680005,36.1773
cph_query_-07-gME-zaQLhCsFrSInSg,isotropic,1234,jpeg50,9,manila:181,cph:241,15.679997,36.1773
cph_query_-07-gME-zaQLhCsFrSInSg,white_box,1234,jpeg50,186,manila:181,cph:241,15.680000,36.1773
cph_query_-07-gME-zaQLhCsFrSInSg,transfer_1,1234,jpeg50,7,manila:181,cph:241,15.680000,36.1773
cph_query_-07-gME-zaQLhCsFrSInSg,transfer_2,1234,jpeg50,9,manila:181,cph:241,15.679997,36.1773
cph_query_-07-gME-zaQLhCsFrSInSg,transfer_3,1234,jpeg50,20,manila:181,cph:241,15.680002,36.1773
london_query_-7U9wY8ynnu3oZ1g_-0xww,isotropic,1234,jpeg50,43,london:76,london:104,15.679998,36.1773
london_query_-7U9wY8ynnu3oZ1g_-0xww,white_box,1234,jpeg50,404,cph:243,london:104,15.680001,36.1773
london_query_-7U9wY8ynnu3oZ1g_-0xww,transfer_1,1234,jpeg50,49,london:75,london:104,15.679996,36.1773
london_query_-7U9wY8ynnu3oZ1g_-0xww,transfer_2,1234,jpeg50,68,london:75,london:104,15.680000,36.1773
london_query_-7U9wY8ynnu3oZ1g_-0xww,transfer_3,1234,jpeg50,66,london:75,london:104,15.680008,36.1773
manila_query_-5pMypBbFEXHPOTYNJl_EA,isotropic,1234,jpeg50,10,amman:23,manila:116,15.679996,36.1773
manila_query_-5pMypBbFEXHPOTYNJl_EA,white_box,1234,jpeg50,396,zurich:19,manila:116,15.680000,36.1773
manila_query_-5pMypBbFEXHPOTYNJl_EA,transfer_1,1234,jpeg50,15,amman:23,manila:116,15.680002,36.1773
manila_query_-5pMypBbFEXHPOTYNJl_EA,transfer_2,1234,jpeg50,34,boston:123,manila:116,15.679998,36.1773
manila_query_-5pMypBbFEXHPOTYNJl_EA,transfer_3,1234,jpeg50,141,amman:23,manila:116,15.679998,36.1773
nairobi_query_-rWgRitoKSYrdczUKUiOrA,isotropic,1234,jpeg50,1,nairobi:22,nairobi:22,15.679997,36.1773
nairobi_query_-rWgRitoKSYrdczUKUiOrA,white_box,1234,jpeg50,81,cph:175,nairobi:22,15.680002,36.1773
nairobi_query_-rWgRitoKSYrdczUKUiOrA,transfer_1,1234,jpeg50,1,nairobi:22,nairobi:22,15.680000,36.1773
nairobi_query_-rWgRitoKSYrdczUKUiOrA,transfer_2,1234,jpeg50,1,nairobi:22,nairobi:22,15.679998,36.1773
nairobi_query_-rWgRitoKSYrdczUKUiOrA,transfer_3,1234,jpeg50,1,nairobi:22,nairobi:22,15.679997,36.1773
toronto_query_-5HBlqC41yTbYA1NM7dz1A,isotropic,1234,jpeg50,32,cph:459,toronto:156,15.680000,36.1773
toronto_query_-5HBlqC41yTbYA1NM7dz1A,white_box,1234,jpeg50,442,cph:356,toronto:156,15.680004,36.1773
toronto_query_-5HBlqC41yTbYA1NM7dz1A,transfer_1,1234,jpeg50,11,cph:459,toronto:156,15.680000,36.1773
toronto_query_-5HBlqC41yTbYA1NM7dz1A,transfer_2,1234,jpeg50,16,cph:332,toronto:156,15.680001,36.1773
toronto_query_-5HBlqC41yTbYA1NM7dz1A,transfer_3,1234,jpeg50,48,cph:459,toronto:156,15.680002,36.1773
zurich_query_-7bB9HS2MqV7UT7vRyROfg,isotropic,1234,jpeg50,14,boston:139,zurich:19,15.680000,36.1773
zurich_query_-7bB9HS2MqV7UT7vRyROfg,white_box,1234,jpeg50,235,manila:46,zurich:19,15.680004,36.1773
zurich_query_-7bB9HS2MqV7UT7vRyROfg,transfer_1,1234,jpeg50,82,amman:25,zurich:19,15.680000,36.1773
zurich_query_-7bB9HS2MqV7UT7vRyROfg,transfer_2,1234,jpeg50,16,zurich:46,zurich:19,15.680000,36.1773
zurich_query_-7bB9HS2MqV7UT7vRyROfg,transfer_3,1234,jpeg50,152,amman:25,zurich:19,15.680000,36.1773
amman_query_-L_vanPrT4RcWlLbzCqMKA,isotropic,1234,jpeg50,53,amman:26,amman:29,15.679998,36.1773
amman_query_-L_vanPrT4RcWlLbzCqMKA,white_box,1234,jpeg50,392,manila:13,amman:29,15.680002,36.1773
amman_query_-L_vanPrT4RcWlLbzCqMKA,transfer_1,1234,jpeg50,67,amman:1,amman:29,15.680000,36.1773
amman_query_-L_vanPrT4RcWlLbzCqMKA,transfer_2,1234,jpeg50,108,amman:26,amman:29,15.679993,36.1773
amman_query_-L_vanPrT4RcWlLbzCqMKA,transfer_3,1234,jpeg50,106,amman:1,amman:29,15.680000,36.1773
boston_query_-5-CNr3q7kmRGcDSMueI4w,isotropic,1234,jpeg50,7,cph:271,boston:234,15.679997,36.1773
boston_query_-5-CNr3q7kmRGcDSMueI4w,white_box,1234,jpeg50,24,amman:1,boston:234,15.680001,36.1773
boston_query_-5-CNr3q7kmRGcDSMueI4w,transfer_1,1234,jpeg50,2,boston:249,boston:234,15.680002,36.1773
boston_query_-5-CNr3q7kmRGcDSMueI4w,transfer_2,1234,jpeg50,3,boston:249,boston:234,15.680002,36.1773
boston_query_-5-CNr3q7kmRGcDSMueI4w,transfer_3,1234,jpeg50,3,cph:241,boston:234,15.679997,36.1773
cph_query_-0_HsZnndjHv76QpTyNFCA,isotropic,1234,jpeg50,2,boston:249,cph:242,15.680000,36.1773
cph_query_-0_HsZnndjHv76QpTyNFCA,white_box,1234,jpeg50,1,cph:242,cph:242,15.680000,36.1773
cph_query_-0_HsZnndjHv76QpTyNFCA,transfer_1,1234,jpeg50,1,cph:242,cph:242,15.680000,36.1773
cph_query_-0_HsZnndjHv76QpTyNFCA,transfer_2,1234,jpeg50,1,cph:242,cph:242,15.680000,36.1773
cph_query_-0_HsZnndjHv76QpTyNFCA,transfer_3,1234,jpeg50,1,cph:242,cph:242,15.680001,36.1773
london_query_-7cNAk24ZhuoOowcvDoImw,isotropic,1234,jpeg50,78,amman:25,london:126,15.680000,36.1773
london_query_-7cNAk24ZhuoOowcvDoImw,white_box,1234,jpeg50,409,amman:22,london:126,15.680000,36.1773
london_query_-7cNAk24ZhuoOowcvDoImw,transfer_1,1234,jpeg50,135,amman:25,london:126,15.679998,36.1773
london_query_-7cNAk24ZhuoOowcvDoImw,transfer_2,1234,jpeg50,78,boston:234,london:126,15.679998,36.1773
london_query_-7cNAk24ZhuoOowcvDoImw,transfer_3,1234,jpeg50,172,boston:191,london:126,15.679998,36.1773
manila_query_-6NSbTuzpeyDbSXKeGAasg,isotropic,1234,jpeg50,4,toronto:23,manila:190,15.680000,36.1773
manila_query_-6NSbTuzpeyDbSXKeGAasg,white_box,1234,jpeg50,36,zurich:23,manila:190,15.679998,36.1773
manila_query_-6NSbTuzpeyDbSXKeGAasg,transfer_1,1234,jpeg50,9,toronto:23,manila:190,15.679997,36.1773
manila_query_-6NSbTuzpeyDbSXKeGAasg,transfer_2,1234,jpeg50,13,toronto:23,manila:190,15.679998,36.1773
manila_query_-6NSbTuzpeyDbSXKeGAasg,transfer_3,1234,jpeg50,12,toronto:23,manila:190,15.680000,36.1773
nairobi_query_-yxXz3in11JFniZQAa7m2A,isotropic,1234,jpeg50,35,cph:345,nairobi:10,15.680000,36.1773
nairobi_query_-yxXz3in11JFniZQAa7m2A,white_box,1234,jpeg50,22,cph:33,nairobi:10,15.680000,36.1773
nairobi_query_-yxXz3in11JFniZQAa7m2A,transfer_1,1234,jpeg50,30,cph:33,nairobi:10,15.680001,36.1773
nairobi_query_-yxXz3in11JFniZQAa7m2A,transfer_2,1234,jpeg50,60,toronto:197,nairobi:10,15.679997,36.1773
nairobi_query_-yxXz3in11JFniZQAa7m2A,transfer_3,1234,jpeg50,50,nairobi:13,nairobi:10,15.679995,36.1773
toronto_query_-5RKNbex7In9Ys4mH40wXA,isotropic,1234,jpeg50,1547,toronto:200,toronto:3,15.679995,36.1773
toronto_query_-5RKNbex7In9Ys4mH40wXA,white_box,1234,jpeg50,1832,toronto:200,toronto:3,15.679997,36.1773
toronto_query_-5RKNbex7In9Ys4mH40wXA,transfer_1,1234,jpeg50,1584,toronto:200,toronto:3,15.680000,36.1773
toronto_query_-5RKNbex7In9Ys4mH40wXA,transfer_2,1234,jpeg50,1603,toronto:200,toronto:3,15.679996,36.1773
toronto_query_-5RKNbex7In9Ys4mH40wXA,transfer_3,1234,jpeg50,1701,toronto:200,toronto:3,15.680002,36.1773
zurich_query_-ANYzSHAsjItBx6yJauT3A,isotropic,1234,jpeg50,30,cph:261,zurich:14,15.679997,36.1773
zurich_query_-ANYzSHAsjItBx6yJauT3A,white_box,1234,jpeg50,72,zurich:42,zurich:14,15.679995,36.1773
zurich_query_-ANYzSHAsjItBx6yJauT3A,transfer_1,1234,jpeg50,35,cph:243,zurich:14,15.679997,36.1773
zurich_query_-ANYzSHAsjItBx6yJauT3A,transfer_2,1234,jpeg50,120,cph:243,zurich:14,15.680000,36.1773
zurich_query_-ANYzSHAsjItBx6yJauT3A,transfer_3,1234,jpeg50,69,manila:134,zurich:14,15.679995,36.1773
amman_query_-MUBUlzvFxQS_zFg6xNhVg,isotropic,1234,jpeg50,152,amman:23,amman:6,15.679998,36.1773
amman_query_-MUBUlzvFxQS_zFg6xNhVg,white_box,1234,jpeg50,739,boston:249,amman:6,15.679997,36.1773
amman_query_-MUBUlzvFxQS_zFg6xNhVg,transfer_1,1234,jpeg50,370,amman:23,amman:6,15.679998,36.1773
amman_query_-MUBUlzvFxQS_zFg6xNhVg,transfer_2,1234,jpeg50,229,amman:23,amman:6,15.679997,36.1773
amman_query_-MUBUlzvFxQS_zFg6xNhVg,transfer_3,1234,jpeg50,267,amman:23,amman:6,15.679997,36.1773
boston_query_-6RLrPXAeunQaNK6m645ZA,isotropic,1234,jpeg50,1,boston:237,boston:237,15.680001,36.1773
boston_query_-6RLrPXAeunQaNK6m645ZA,white_box,1234,jpeg50,142,zurich:42,boston:237,15.679997,36.1773
boston_query_-6RLrPXAeunQaNK6m645ZA,transfer_1,1234,jpeg50,1,boston:237,boston:237,15.679998,36.1773
boston_query_-6RLrPXAeunQaNK6m645ZA,transfer_2,1234,jpeg50,3,boston:234,boston:237,15.679995,36.1773
boston_query_-6RLrPXAeunQaNK6m645ZA,transfer_3,1234,jpeg50,8,boston:234,boston:237,15.680000,36.1773
cph_query_-2N5Dmf5tOm5N83KXgvjDw,isotropic,1234,jpeg50,1,cph:459,cph:459,15.680001,36.1773
cph_query_-2N5Dmf5tOm5N83KXgvjDw,white_box,1234,jpeg50,20,boston:249,cph:459,15.679993,36.1773
cph_query_-2N5Dmf5tOm5N83KXgvjDw,transfer_1,1234,jpeg50,1,cph:459,cph:459,15.680004,36.1773
cph_query_-2N5Dmf5tOm5N83KXgvjDw,transfer_2,1234,jpeg50,1,cph:459,cph:459,15.679996,36.1773
cph_query_-2N5Dmf5tOm5N83KXgvjDw,transfer_3,1234,jpeg50,1,cph:459,cph:459,15.680000,36.1773
london_query_-8xWvI5d3Z6gfsRDb_kEQQ,isotropic,1234,jpeg50,37,london:28,london:15,15.679996,36.1773
london_query_-8xWvI5d3Z6gfsRDb_kEQQ,white_box,1234,jpeg50,33,london:28,london:15,15.679997,36.1773
london_query_-8xWvI5d3Z6gfsRDb_kEQQ,transfer_1,1234,jpeg50,23,london:28,london:15,15.680000,36.1773
london_query_-8xWvI5d3Z6gfsRDb_kEQQ,transfer_2,1234,jpeg50,18,london:28,london:15,15.680005,36.1773
london_query_-8xWvI5d3Z6gfsRDb_kEQQ,transfer_3,1234,jpeg50,18,london:28,london:15,15.679997,36.1773
manila_query_-6_2C-ExaVhx4ONvHOvffw,isotropic,1234,jpeg50,228,manila:33,manila:67,15.680002,36.1773
manila_query_-6_2C-ExaVhx4ONvHOvffw,white_box,1234,jpeg50,454,london:34,manila:67,15.679997,36.1773
manila_query_-6_2C-ExaVhx4ONvHOvffw,transfer_1,1234,jpeg50,387,nairobi:10,manila:67,15.679997,36.1773
manila_query_-6_2C-ExaVhx4ONvHOvffw,transfer_2,1234,jpeg50,331,nairobi:10,manila:67,15.679995,36.1773
manila_query_-6_2C-ExaVhx4ONvHOvffw,transfer_3,1234,jpeg50,333,nairobi:10,manila:67,15.679998,36.1773
nairobi_query_0-ZdPdUGwVdDwKbIOxQCBA,isotropic,1234,jpeg50,10,manila:189,nairobi:15,15.679998,36.1773
nairobi_query_0-ZdPdUGwVdDwKbIOxQCBA,white_box,1234,jpeg50,198,manila:189,nairobi:15,15.680002,36.1773
nairobi_query_0-ZdPdUGwVdDwKbIOxQCBA,transfer_1,1234,jpeg50,9,manila:190,nairobi:15,15.679995,36.1773
nairobi_query_0-ZdPdUGwVdDwKbIOxQCBA,transfer_2,1234,jpeg50,26,manila:189,nairobi:15,15.680000,36.1773
nairobi_query_0-ZdPdUGwVdDwKbIOxQCBA,transfer_3,1234,jpeg50,83,manila:189,nairobi:15,15.680005,36.1773
toronto_query_-5ryd5v5eXUsmP9y4p6w_g,isotropic,1234,jpeg50,517,cph:175,toronto:346,15.680000,36.1773
toronto_query_-5ryd5v5eXUsmP9y4p6w_g,white_box,1234,jpeg50,1603,toronto:421,toronto:346,15.680005,36.1773
toronto_query_-5ryd5v5eXUsmP9y4p6w_g,transfer_1,1234,jpeg50,989,cph:175,toronto:346,15.679995,36.1773
toronto_query_-5ryd5v5eXUsmP9y4p6w_g,transfer_2,1234,jpeg50,862,cph:175,toronto:346,15.680002,36.1773
toronto_query_-5ryd5v5eXUsmP9y4p6w_g,transfer_3,1234,jpeg50,245,cph:175,toronto:346,15.680000,36.1773
zurich_query_-Bz7by7mnVU_HZbXc8FmpQ,isotropic,1234,jpeg50,2,toronto:351,zurich:111,15.679998,36.1773
zurich_query_-Bz7by7mnVU_HZbXc8FmpQ,white_box,1234,jpeg50,151,toronto:354,zurich:111,15.679992,36.1773
zurich_query_-Bz7by7mnVU_HZbXc8FmpQ,transfer_1,1234,jpeg50,4,toronto:244,zurich:111,15.680007,36.1773
zurich_query_-Bz7by7mnVU_HZbXc8FmpQ,transfer_2,1234,jpeg50,14,toronto:351,zurich:111,15.679998,36.1773
zurich_query_-Bz7by7mnVU_HZbXc8FmpQ,transfer_3,1234,jpeg50,8,toronto:351,zurich:111,15.680000,36.1773
amman_query_-N1g8CEJP4UIaWH8Qqja2g,isotropic,1234,jpeg50,50,amman:11,amman:26,15.679997,36.1773
amman_query_-N1g8CEJP4UIaWH8Qqja2g,white_box,1234,jpeg50,139,manila:143,amman:26,15.680000,36.1773
amman_query_-N1g8CEJP4UIaWH8Qqja2g,transfer_1,1234,jpeg50,114,amman:11,amman:26,15.680002,36.1773
amman_query_-N1g8CEJP4UIaWH8Qqja2g,transfer_2,1234,jpeg50,80,amman:21,amman:26,15.679997,36.1773
amman_query_-N1g8CEJP4UIaWH8Qqja2g,transfer_3,1234,jpeg50,53,amman:11,amman:26,15.679998,36.1773
boston_query_-7KZUz5u8-7ja98pf8etVA,isotropic,1234,jpeg50,413,boston:79,boston:176,15.680000,36.1773
boston_query_-7KZUz5u8-7ja98pf8etVA,white_box,1234,jpeg50,1788,boston:171,boston:176,15.680005,36.1773
boston_query_-7KZUz5u8-7ja98pf8etVA,transfer_1,1234,jpeg50,762,toronto:23,boston:176,15.679997,36.1773
boston_query_-7KZUz5u8-7ja98pf8etVA,transfer_2,1234,jpeg50,628,boston:79,boston:176,15.679998,36.1773
boston_query_-7KZUz5u8-7ja98pf8etVA,transfer_3,1234,jpeg50,644,boston:234,boston:176,15.679998,36.1773
cph_query_-3uNzD-M1uI2jZeGqOkpXg,isotropic,1234,jpeg50,198,london:78,cph:7,15.679997,36.1773
cph_query_-3uNzD-M1uI2jZeGqOkpXg,white_box,1234,jpeg50,902,manila:189,cph:7,15.680000,36.1773
cph_query_-3uNzD-M1uI2jZeGqOkpXg,transfer_1,1234,jpeg50,195,london:78,cph:7,15.680001,36.1773
cph_query_-3uNzD-M1uI2jZeGqOkpXg,transfer_2,1234,jpeg50,207,boston:191,cph:7,15.679997,36.1773
cph_query_-3uNzD-M1uI2jZeGqOkpXg,transfer_3,1234,jpeg50,184,boston:239,cph:7,15.680000,36.1773
london_query_-9FGszdwftnBlzMuP0c_NQ,isotropic,1234,jpeg50,1,london:18,london:18,15.679998,36.1773
london_query_-9FGszdwftnBlzMuP0c_NQ,white_box,1234,jpeg50,353,manila:92,london:18,15.680004,36.1773
london_query_-9FGszdwftnBlzMuP0c_NQ,transfer_1,1234,jpeg50,1,london:18,london:18,15.680001,36.1773
london_query_-9FGszdwftnBlzMuP0c_NQ,transfer_2,1234,jpeg50,1,london:18,london:18,15.680000,36.1773
london_query_-9FGszdwftnBlzMuP0c_NQ,transfer_3,1234,jpeg50,2,amman:1,london:18,15.680004,36.1773
manila_query_-6_XaKv0Rrp2Jl0G9m_8NQ,isotropic,1234,jpeg50,9,toronto:274,manila:88,15.680000,36.1773
manila_query_-6_XaKv0Rrp2Jl0G9m_8NQ,white_box,1234,jpeg50,1634,amman:23,manila:88,15.680002,36.1773
manila_query_-6_XaKv0Rrp2Jl0G9m_8NQ,transfer_1,1234,jpeg50,106,manila:181,manila:88,15.680000,36.1773
manila_query_-6_XaKv0Rrp2Jl0G9m_8NQ,transfer_2,1234,jpeg50,116,nairobi:12,manila:88,15.679993,36.1773
manila_query_-6_XaKv0Rrp2Jl0G9m_8NQ,transfer_3,1234,jpeg50,271,manila:143,manila:88,15.679997,36.1773
nairobi_query_01juXwMfxX_a4pfhpqt66g,isotropic,1234,jpeg50,77,manila:72,nairobi:10,15.680002,36.1773
nairobi_query_01juXwMfxX_a4pfhpqt66g,white_box,1234,jpeg50,263,manila:143,nairobi:10,15.679997,36.1773
nairobi_query_01juXwMfxX_a4pfhpqt66g,transfer_1,1234,jpeg50,128,cph:345,nairobi:10,15.679996,36.1773
nairobi_query_01juXwMfxX_a4pfhpqt66g,transfer_2,1234,jpeg50,53,nairobi:20,nairobi:10,15.680002,36.1773
nairobi_query_01juXwMfxX_a4pfhpqt66g,transfer_3,1234,jpeg50,150,london:85,nairobi:10,15.680000,36.1773
toronto_query_-5z50PgNYnxK8Ns2WmF_TQ,isotropic,1234,jpeg50,90,toronto:354,toronto:301,15.679998,36.1773
toronto_query_-5z50PgNYnxK8Ns2WmF_TQ,white_box,1234,jpeg50,123,cph:279,toronto:301,15.680000,36.1773
toronto_query_-5z50PgNYnxK8Ns2WmF_TQ,transfer_1,1234,jpeg50,144,toronto:244,toronto:301,15.680002,36.1773
toronto_query_-5z50PgNYnxK8Ns2WmF_TQ,transfer_2,1234,jpeg50,102,toronto:244,toronto:301,15.680000,36.1773
toronto_query_-5z50PgNYnxK8Ns2WmF_TQ,transfer_3,1234,jpeg50,132,zurich:42,toronto:301,15.679997,36.1773
zurich_query_-D3dDkhM5rjIJhj1SPdroA,isotropic,1234,jpeg50,79,cph:271,zurich:96,15.680001,36.1773
zurich_query_-D3dDkhM5rjIJhj1SPdroA,white_box,1234,jpeg50,1061,toronto:200,zurich:96,15.680000,36.1773
zurich_query_-D3dDkhM5rjIJhj1SPdroA,transfer_1,1234,jpeg50,27,cph:271,zurich:96,15.680000,36.1773
zurich_query_-D3dDkhM5rjIJhj1SPdroA,transfer_2,1234,jpeg50,127,cph:271,zurich:96,15.679998,36.1773
zurich_query_-D3dDkhM5rjIJhj1SPdroA,transfer_3,1234,jpeg50,247,cph:271,zurich:96,15.680001,36.1773
amman_query_-VdxqGX8d8L_OiSEN5CtDw,isotropic,1234,jpeg50,344,amman:23,amman:0,15.680001,36.1773
amman_query_-VdxqGX8d8L_OiSEN5CtDw,white_box,1234,jpeg50,555,manila:181,amman:0,15.680009,36.1773
amman_query_-VdxqGX8d8L_OiSEN5CtDw,transfer_1,1234,jpeg50,304,amman:32,amman:0,15.679995,36.1773
amman_query_-VdxqGX8d8L_OiSEN5CtDw,transfer_2,1234,jpeg50,306,amman:11,amman:0,15.680000,36.1773
amman_query_-VdxqGX8d8L_OiSEN5CtDw,transfer_3,1234,jpeg50,435,amman:11,amman:0,15.680005,36.1773
boston_query_-8cIAPzC7_za-xCEWsIoK2,isotropic,1234,jpeg50,15,cph:375,boston:248,15.679995,36.1773
boston_query_-8cIAPzC7_za-xCEWsIoK2,white_box,1234,jpeg50,528,manila:51,boston:248,15.679995,36.1773
boston_query_-8cIAPzC7_za-xCEWsIoK2,transfer_1,1234,jpeg50,26,cph:464,boston:248,15.679998,36.1773
boston_query_-8cIAPzC7_za-xCEWsIoK2,transfer_2,1234,jpeg50,15,amman:12,boston:248,15.680000,36.1773
boston_query_-8cIAPzC7_za-xCEWsIoK2,transfer_3,1234,jpeg50,18,manila:13,boston:248,15.680002,36.1773
cph_query_-4KruxIYZ3a3GYE0tOKn2w,isotropic,1234,jpeg50,46,cph:370,cph:333,15.679998,36.1773
cph_query_-4KruxIYZ3a3GYE0tOKn2w,white_box,1234,jpeg50,521,london:34,cph:333,15.680000,36.1773
cph_query_-4KruxIYZ3a3GYE0tOKn2w,transfer_1,1234,jpeg50,27,cph:370,cph:333,15.680000,36.1773
cph_query_-4KruxIYZ3a3GYE0tOKn2w,transfer_2,1234,jpeg50,38,cph:370,cph:333,15.679997,36.1773
cph_query_-4KruxIYZ3a3GYE0tOKn2w,transfer_3,1234,jpeg50,55,cph:370,cph:333,15.680002,36.1773
london_query_-9KgeyegI3TaGMqglsDENg,isotropic,1234,jpeg50,1,london:111,london:111,15.680001,36.1773
london_query_-9KgeyegI3TaGMqglsDENg,white_box,1234,jpeg50,1,london:111,london:111,15.679995,36.1773
london_query_-9KgeyegI3TaGMqglsDENg,transfer_1,1234,jpeg50,1,london:111,london:111,15.680000,36.1773
london_query_-9KgeyegI3TaGMqglsDENg,transfer_2,1234,jpeg50,1,london:111,london:111,15.679996,36.1773
london_query_-9KgeyegI3TaGMqglsDENg,transfer_3,1234,jpeg50,1,london:111,london:111,15.679996,36.1773
manila_query_-7YHsOWBiYFmYcRzIM0ijg,isotropic,1234,jpeg50,2,manila:181,manila:92,15.679997,36.1773
manila_query_-7YHsOWBiYFmYcRzIM0ijg,white_box,1234,jpeg50,537,london:111,manila:92,15.680000,36.1773
manila_query_-7YHsOWBiYFmYcRzIM0ijg,transfer_1,1234,jpeg50,1,manila:92,manila:92,15.679998,36.1773
manila_query_-7YHsOWBiYFmYcRzIM0ijg,transfer_2,1234,jpeg50,1,manila:92,manila:92,15.679997,36.1773
manila_query_-7YHsOWBiYFmYcRzIM0ijg,transfer_3,1234,jpeg50,34,toronto:23,manila:92,15.680000,36.1773
nairobi_query_09aysNUjwNAPHsHo-R-IdA,isotropic,1234,jpeg50,1,nairobi:21,nairobi:21,15.680000,36.1773
nairobi_query_09aysNUjwNAPHsHo-R-IdA,white_box,1234,jpeg50,238,amman:32,nairobi:21,15.680009,36.1773
nairobi_query_09aysNUjwNAPHsHo-R-IdA,transfer_1,1234,jpeg50,4,nairobi:10,nairobi:21,15.679997,36.1773
nairobi_query_09aysNUjwNAPHsHo-R-IdA,transfer_2,1234,jpeg50,1,nairobi:21,nairobi:21,15.679997,36.1773
nairobi_query_09aysNUjwNAPHsHo-R-IdA,transfer_3,1234,jpeg50,4,nairobi:22,nairobi:21,15.680007,36.1773
toronto_query_-68JeZKxV2XoP0N_6780Og,isotropic,1234,jpeg50,13,zurich:35,toronto:55,15.680000,36.1773
toronto_query_-68JeZKxV2XoP0N_6780Og,white_box,1234,jpeg50,9,amman:35,toronto:55,15.679995,36.1773
toronto_query_-68JeZKxV2XoP0N_6780Og,transfer_1,1234,jpeg50,7,zurich:35,toronto:55,15.680000,36.1773
toronto_query_-68JeZKxV2XoP0N_6780Og,transfer_2,1234,jpeg50,22,boston:191,toronto:55,15.680002,36.1773
toronto_query_-68JeZKxV2XoP0N_6780Og,transfer_3,1234,jpeg50,33,boston:191,toronto:55,15.679997,36.1773
zurich_query_-E0qyEWY7jSPMOpGqiEG-A,isotropic,1234,jpeg50,9,london:121,zurich:7,15.680001,36.1773
zurich_query_-E0qyEWY7jSPMOpGqiEG-A,white_box,1234,jpeg50,97,london:121,zurich:7,15.680002,36.1773
zurich_query_-E0qyEWY7jSPMOpGqiEG-A,transfer_1,1234,jpeg50,18,london:121,zurich:7,15.679996,36.1773
zurich_query_-E0qyEWY7jSPMOpGqiEG-A,transfer_2,1234,jpeg50,19,london:121,zurich:7,15.680000,36.1773
zurich_query_-E0qyEWY7jSPMOpGqiEG-A,transfer_3,1234,jpeg50,9,london:121,zurich:7,15.679997,36.1773
amman_query_-XWB_1fOm8NW5dQx9p5IKg,isotropic,1234,jpeg50,436,amman:30,amman:35,15.679998,36.1773
amman_query_-XWB_1fOm8NW5dQx9p5IKg,white_box,1234,jpeg50,1121,london:34,amman:35,15.680002,36.1773
amman_query_-XWB_1fOm8NW5dQx9p5IKg,transfer_1,1234,jpeg50,421,amman:30,amman:35,15.679992,36.1773
amman_query_-XWB_1fOm8NW5dQx9p5IKg,transfer_2,1234,jpeg50,721,amman:30,amman:35,15.679997,36.1773
amman_query_-XWB_1fOm8NW5dQx9p5IKg,transfer_3,1234,jpeg50,598,amman:30,amman:35,15.680000,36.1773
boston_query_-9Lur-PAHqcMspWszAgfqw,isotropic,1234,jpeg50,16,cph:243,boston:249,15.679997,36.1773
boston_query_-9Lur-PAHqcMspWszAgfqw,white_box,1234,jpeg50,12,london:2,boston:249,15.679998,36.1773
boston_query_-9Lur-PAHqcMspWszAgfqw,transfer_1,1234,jpeg50,9,zurich:42,boston:249,15.680002,36.1773
boston_query_-9Lur-PAHqcMspWszAgfqw,transfer_2,1234,jpeg50,6,zurich:42,boston:249,15.680000,36.1773
boston_query_-9Lur-PAHqcMspWszAgfqw,transfer_3,1234,jpeg50,13,zurich:42,boston:249,15.680000,36.1773
cph_query_-4RqBOkDhigU8JsdQZINkQ,isotropic,1234,jpeg50,2,cph:254,cph:94,15.679996,36.1773
cph_query_-4RqBOkDhigU8JsdQZINkQ,white_box,1234,jpeg50,1712,boston:90,cph:94,15.679997,36.1773
cph_query_-4RqBOkDhigU8JsdQZINkQ,transfer_1,1234,jpeg50,3,cph:254,cph:94,15.679998,36.1773
cph_query_-4RqBOkDhigU8JsdQZINkQ,transfer_2,1234,jpeg50,12,zurich:60,cph:94,15.680000,36.1773
cph_query_-4RqBOkDhigU8JsdQZINkQ,transfer_3,1234,jpeg50,101,zurich:60,cph:94,15.679997,36.1773
london_query_-FGaYVNFN5ALUsVDNixL_g,isotropic,1234,jpeg50,1,london:122,london:122,15.679997,36.1773
london_query_-FGaYVNFN5ALUsVDNixL_g,white_box,1234,jpeg50,173,boston:239,london:122,15.680002,36.1773
london_query_-FGaYVNFN5ALUsVDNixL_g,transfer_1,1234,jpeg50,5,manila:153,london:122,15.679998,36.1773
london_query_-FGaYVNFN5ALUsVDNixL_g,transfer_2,1234,jpeg50,7,manila:153,london:122,15.680000,36.1773
london_query_-FGaYVNFN5ALUsVDNixL_g,transfer_3,1234,jpeg50,11,manila:153,london:122,15.679998,36.1773
manila_query_-81llwEm_ZxNy7Sa7Xrjlw,isotropic,1234,jpeg50,5,cph:96,manila:53,15.679997,36.1773
manila_query_-81llwEm_ZxNy7Sa7Xrjlw,white_box,1234,jpeg50,901,london:34,manila:53,15.680000,36.1773
manila_query_-81llwEm_ZxNy7Sa7Xrjlw,transfer_1,1234,jpeg50,3,cph:176,manila:53,15.680002,36.1773
manila_query_-81llwEm_ZxNy7Sa7Xrjlw,transfer_2,1234,jpeg50,2,cph:176,manila:53,15.680000,36.1773
manila_query_-81llwEm_ZxNy7Sa7Xrjlw,transfer_3,1234,jpeg50,1,manila:53,manila:53,15.680000,36.1773
nairobi_query_0ByAmUG6wFySvLcHHQ0Sdg,isotropic,1234,jpeg50,4,boston:216,nairobi:10,15.680001,36.1773
nairobi_query_0ByAmUG6wFySvLcHHQ0Sdg,white_box,1234,jpeg50,18,toronto:23,nairobi:10,15.680000,36.1773
nairobi_query_0ByAmUG6wFySvLcHHQ0Sdg,transfer_1,1234,jpeg50,11,cph:33,nairobi:10,15.679992,36.1773
nairobi_query_0ByAmUG6wFySvLcHHQ0Sdg,transfer_2,1234,jpeg50,25,cph:345,nairobi:10,15.679998,36.1773
nairobi_query_0ByAmUG6wFySvLcHHQ0Sdg,transfer_3,1234,jpeg50,19,manila:41,nairobi:10,15.679996,36.1773
toronto_query_-6ZIqrL48IaL1dCCO7bDVQ,isotropic,1234,jpeg50,1,toronto:351,toronto:351,15.680000,36.1773
toronto_query_-6ZIqrL48IaL1dCCO7bDVQ,white_box,1234,jpeg50,101,toronto:354,toronto:351,15.679997,36.1773
toronto_query_-6ZIqrL48IaL1dCCO7bDVQ,transfer_1,1234,jpeg50,1,toronto:351,toronto:351,15.679997,36.1773
toronto_query_-6ZIqrL48IaL1dCCO7bDVQ,transfer_2,1234,jpeg50,1,toronto:351,toronto:351,15.679998,36.1773
toronto_query_-6ZIqrL48IaL1dCCO7bDVQ,transfer_3,1234,jpeg50,4,amman:4,toronto:351,15.680000,36.1773
zurich_query_-F7hOUVha_xHAoDddsUYdw,isotropic,1234,jpeg50,1316,zurich:23,zurich:99,15.679997,36.1773
zurich_query_-F7hOUVha_xHAoDddsUYdw,white_box,1234,jpeg50,1604,zurich:23,zurich:99,15.679996,36.1773
zurich_query_-F7hOUVha_xHAoDddsUYdw,transfer_1,1234,jpeg50,1216,boston:79,zurich:99,15.679997,36.1773
zurich_query_-F7hOUVha_xHAoDddsUYdw,transfer_2,1234,jpeg50,1390,boston:79,zurich:99,15.680004,36.1773
zurich_query_-F7hOUVha_xHAoDddsUYdw,transfer_3,1234,jpeg50,1375,boston:250,zurich:99,15.680000,36.1773
amman_query_-iXxlTRmA5JphamcIjxBbA,isotropic,1234,jpeg50,33,amman:25,amman:11,15.679998,36.1773
amman_query_-iXxlTRmA5JphamcIjxBbA,white_box,1234,jpeg50,158,toronto:301,amman:11,15.680004,36.1773
amman_query_-iXxlTRmA5JphamcIjxBbA,transfer_1,1234,jpeg50,30,amman:25,amman:11,15.680000,36.1773
amman_query_-iXxlTRmA5JphamcIjxBbA,transfer_2,1234,jpeg50,41,amman:25,amman:11,15.679997,36.1773
amman_query_-iXxlTRmA5JphamcIjxBbA,transfer_3,1234,jpeg50,74,amman:25,amman:11,15.679997,36.1773
boston_query_-9gbUk-DmX9AOqntuN1nEm,isotropic,1234,jpeg50,232,cph:271,boston:168,15.680002,36.1773
boston_query_-9gbUk-DmX9AOqntuN1nEm,white_box,1234,jpeg50,681,boston:249,boston:168,15.679997,36.1773
boston_query_-9gbUk-DmX9AOqntuN1nEm,transfer_1,1234,jpeg50,241,cph:271,boston:168,15.679992,36.1773
boston_query_-9gbUk-DmX9AOqntuN1nEm,transfer_2,1234,jpeg50,239,boston:191,boston:168,15.679998,36.1773
boston_query_-9gbUk-DmX9AOqntuN1nEm,transfer_3,1234,jpeg50,261,nairobi:22,boston:168,15.680005,36.1773
cph_query_-4XnD9qE623teR-nRYxB5A,isotropic,1234,jpeg50,1,cph:190,cph:190,15.680000,36.1773
cph_query_-4XnD9qE623teR-nRYxB5A,white_box,1234,jpeg50,98,manila:143,cph:190,15.680000,36.1773
cph_query_-4XnD9qE623teR-nRYxB5A,transfer_1,1234,jpeg50,1,cph:190,cph:190,15.680002,36.1773
cph_query_-4XnD9qE623teR-nRYxB5A,transfer_2,1234,jpeg50,1,cph:190,cph:190,15.679992,36.1773
cph_query_-4XnD9qE623teR-nRYxB5A,transfer_3,1234,jpeg50,1,cph:190,cph:190,15.679998,36.1773
london_query_-Flts9XBA2wVlru8_LHbkg,isotropic,1234,jpeg50,621,cph:33,london:111,15.680000,36.1773
london_query_-Flts9XBA2wVlru8_LHbkg,white_box,1234,jpeg50,1511,nairobi:3,london:111,15.680002,36.1773
london_query_-Flts9XBA2wVlru8_LHbkg,transfer_1,1234,jpeg50,728,cph:33,london:111,15.679997,36.1773
london_query_-Flts9XBA2wVlru8_LHbkg,transfer_2,1234,jpeg50,994,toronto:112,london:111,15.679998,36.1773
london_query_-Flts9XBA2wVlru8_LHbkg,transfer_3,1234,jpeg50,1095,cph:33,london:111,15.680002,36.1773
manila_query_-85J_HceaTP2S0IavwkQ-A,isotropic,1234,jpeg50,1160,manila:173,manila:119,15.680000,36.1773
manila_query_-85J_HceaTP2S0IavwkQ-A,white_box,1234,jpeg50,1782,manila:190,manila:119,15.680000,36.1773
manila_query_-85J_HceaTP2S0IavwkQ-A,transfer_1,1234,jpeg50,1297,manila:173,manila:119,15.679997,36.1773
manila_query_-85J_HceaTP2S0IavwkQ-A,transfer_2,1234,jpeg50,1344,manila:173,manila:119,15.680000,36.1773
manila_query_-85J_HceaTP2S0IavwkQ-A,transfer_3,1234,jpeg50,1510,manila:173,manila:119,15.679997,36.1773
nairobi_query_0LJUobuUEqOqrZc4s2fVgg,isotropic,1234,jpeg50,270,boston:249,nairobi:5,15.679997,36.1773
nairobi_query_0LJUobuUEqOqrZc4s2fVgg,white_box,1234,jpeg50,451,manila:72,nairobi:5,15.679997,36.1773
nairobi_query_0LJUobuUEqOqrZc4s2fVgg,transfer_1,1234,jpeg50,121,boston:249,nairobi:5,15.679997,36.1773
nairobi_query_0LJUobuUEqOqrZc4s2fVgg,transfer_2,1234,jpeg50,176,boston:249,nairobi:5,15.679993,36.1773
nairobi_query_0LJUobuUEqOqrZc4s2fVgg,transfer_3,1234,jpeg50,115,boston:249,nairobi:5,15.679997,36.1773
toronto_query_-7C0G-8afrBbN3hImbBHsA,isotropic,1234,jpeg50,21,amman:21,toronto:346,15.680000,36.1773
toronto_query_-7C0G-8afrBbN3hImbBHsA,white_box,1234,jpeg50,171,boston:168,toronto:346,15.680002,36.1773
toronto_query_-7C0G-8afrBbN3hImbBHsA,transfer_1,1234,jpeg50,16,amman:21,toronto:346,15.680002,36.1773
toronto_query_-7C0G-8afrBbN3hImbBHsA,transfer_2,1234,jpeg50,9,amman:21,toronto:346,15.679995,36.1773
toronto_query_-7C0G-8afrBbN3hImbBHsA,transfer_3,1234,jpeg50,48,amman:21,toronto:346,15.679983,36.1773
zurich_query_-Kb55YIF941j2DBFO5gVjA,isotropic,1234,jpeg50,7,toronto:351,zurich:111,15.680000,36.1773
zurich_query_-Kb55YIF941j2DBFO5gVjA,white_box,1234,jpeg50,86,toronto:196,zurich:111,15.679997,36.1773
zurich_query_-Kb55YIF941j2DBFO5gVjA,transfer_1,1234,jpeg50,5,amman:15,zurich:111,15.680000,36.1773
zurich_query_-Kb55YIF941j2DBFO5gVjA,transfer_2,1234,jpeg50,18,amman:15,zurich:111,15.680000,36.1773
zurich_query_-Kb55YIF941j2DBFO5gVjA,transfer_3,1234,jpeg50,17,amman:15,zurich:111,15.680000,36.1773
amman_query_-qij8CFaEYNp4JW3rF9oqQ,isotropic,1234,jpeg50,3,boston:237,amman:32,15.679998,36.1773
amman_query_-qij8CFaEYNp4JW3rF9oqQ,white_box,1234,jpeg50,48,boston:145,amman:32,15.680008,36.1773
amman_query_-qij8CFaEYNp4JW3rF9oqQ,transfer_1,1234,jpeg50,2,boston:237,amman:32,15.680000,36.1773
amman_query_-qij8CFaEYNp4JW3rF9oqQ,transfer_2,1234,jpeg50,4,boston:237,amman:32,15.679998,36.1773
amman_query_-qij8CFaEYNp4JW3rF9oqQ,transfer_3,1234,jpeg50,8,boston:237,amman:32,15.679996,36.1773
boston_query_-AJWNV55EAzvKArt5mMYqg,isotropic,1234,jpeg50,308,boston:191,boston:144,15.679997,36.1773
boston_query_-AJWNV55EAzvKArt5mMYqg,white_box,1234,jpeg50,483,manila:92,boston:144,15.679998,36.1773
boston_query_-AJWNV55EAzvKArt5mMYqg,transfer_1,1234,jpeg50,453,zurich:42,boston:144,15.679997,36.1773
boston_query_-AJWNV55EAzvKArt5mMYqg,transfer_2,1234,jpeg50,101,zurich:19,boston:144,15.680000,36.1773
boston_query_-AJWNV55EAzvKArt5mMYqg,transfer_3,1234,jpeg50,262,boston:191,boston:144,15.680002,36.1773
cph_query_-5qSxgAnKk-6Bf5AVVoPjA,isotropic,1234,jpeg50,3,amman:1,cph:243,15.679998,36.1773
cph_query_-5qSxgAnKk-6Bf5AVVoPjA,white_box,1234,jpeg50,42,london:111,cph:243,15.679998,36.1773
cph_query_-5qSxgAnKk-6Bf5AVVoPjA,transfer_1,1234,jpeg50,6,amman:1,cph:243,15.679998,36.1773
cph_query_-5qSxgAnKk-6Bf5AVVoPjA,transfer_2,1234,jpeg50,5,amman:1,cph:243,15.679998,36.1773
cph_query_-5qSxgAnKk-6Bf5AVVoPjA,transfer_3,1234,jpeg50,16,amman:1,cph:243,15.680000,36.1773
london_query_-HfvOD1d7XUGJoEMybpyqQ,isotropic,1234,jpeg50,404,boston:90,london:77,15.679997,36.1773
london_query_-HfvOD1d7XUGJoEMybpyqQ,white_box,1234,jpeg50,808,cph:356,london:77,15.679997,36.1773
london_query_-HfvOD1d7XUGJoEMybpyqQ,transfer_1,1234,jpeg50,379,boston:90,london:77,15.679995,36.1773
london_query_-HfvOD1d7XUGJoEMybpyqQ,transfer_2,1234,jpeg50,282,boston:90,london:77,15.679996,36.1773
london_query_-HfvOD1d7XUGJoEMybpyqQ,transfer_3,1234,jpeg50,272,cph:175,london:77,15.679997,36.1773
manila_query_-9tG6ERjH4jVcWo9jkVvBg,isotropic,1234,jpeg50,1,manila:29,manila:29,15.680000,36.1773
manila_query_-9tG6ERjH4jVcWo9jkVvBg,white_box,1234,jpeg50,44,manila:72,manila:29,15.679998,36.1773
manila_query_-9tG6ERjH4jVcWo9jkVvBg,transfer_1,1234,jpeg50,2,manila:72,manila:29,15.680000,36.1773
manila_query_-9tG6ERjH4jVcWo9jkVvBg,transfer_2,1234,jpeg50,6,manila:72,manila:29,15.679996,36.1773
manila_query_-9tG6ERjH4jVcWo9jkVvBg,transfer_3,1234,jpeg50,4,manila:72,manila:29,15.680000,36.1773
nairobi_query_0M1Vl3tUlt_2MiFp6vxhrg,isotropic,1234,jpeg50,5,boston:234,nairobi:1,15.679997,36.1773
nairobi_query_0M1Vl3tUlt_2MiFp6vxhrg,white_box,1234,jpeg50,978,toronto:34,nairobi:1,15.679997,36.1773
nairobi_query_0M1Vl3tUlt_2MiFp6vxhrg,transfer_1,1234,jpeg50,17,toronto:301,nairobi:1,15.679997,36.1773
nairobi_query_0M1Vl3tUlt_2MiFp6vxhrg,transfer_2,1234,jpeg50,114,boston:234,nairobi:1,15.679998,36.1773
nairobi_query_0M1Vl3tUlt_2MiFp6vxhrg,transfer_3,1234,jpeg50,21,boston:234,nairobi:1,15.679993,36.1773
toronto_query_-7bDZLvVOVk7ethfd1yomg,isotropic,1234,jpeg50,29,toronto:236,toronto:251,15.679997,36.1773
toronto_query_-7bDZLvVOVk7ethfd1yomg,white_box,1234,jpeg50,104,toronto:273,toronto:251,15.679998,36.1773
toronto_query_-7bDZLvVOVk7ethfd1yomg,transfer_1,1234,jpeg50,28,boston:79,toronto:251,15.680000,36.1773
toronto_query_-7bDZLvVOVk7ethfd1yomg,transfer_2,1234,jpeg50,42,boston:79,toronto:251,15.679992,36.1773
toronto_query_-7bDZLvVOVk7ethfd1yomg,transfer_3,1234,jpeg50,56,toronto:273,toronto:251,15.680004,36.1773
zurich_query_-Km53YFc8zewa3vS2OeGsQ,isotropic,1234,jpeg50,24,cph:261,zurich:33,15.679997,36.1773
zurich_query_-Km53YFc8zewa3vS2OeGsQ,white_box,1234,jpeg50,566,zurich:30,zurich:33,15.679996,36.1773
zurich_query_-Km53YFc8zewa3vS2OeGsQ,transfer_1,1234,jpeg50,11,cph:395,zurich:33,15.680000,36.1773
zurich_query_-Km53YFc8zewa3vS2OeGsQ,transfer_2,1234,jpeg50,16,cph:271,zurich:33,15.680000,36.1773
zurich_query_-Km53YFc8zewa3vS2OeGsQ,transfer_3,1234,jpeg50,41,boston:191,zurich:33,15.680002,36.1773
amman_query_-t_-moqpBTWSiKU7mS-lgQ,isotropic,1234,jpeg50,10,amman:6,amman:23,15.680000,36.1773
amman_query_-t_-moqpBTWSiKU7mS-lgQ,white_box,1234,jpeg50,43,amman:6,amman:23,15.680005,36.1773
amman_query_-t_-moqpBTWSiKU7mS-lgQ,transfer_1,1234,jpeg50,16,amman:6,amman:23,15.680005,36.1773
amman_query_-t_-moqpBTWSiKU7mS-lgQ,transfer_2,1234,jpeg50,13,amman:6,amman:23,15.679996,36.1773
amman_query_-t_-moqpBTWSiKU7mS-lgQ,transfer_3,1234,jpeg50,23,amman:6,amman:23,15.680000,36.1773
boston_query_-Ae9_7GnntvqV8myNb9fhv,isotropic,1234,jpeg50,2,boston:168,boston:191,15.680000,36.1773
boston_query_-Ae9_7GnntvqV8myNb9fhv,white_box,1234,jpeg50,10,boston:168,boston:191,15.679995,36.1773
boston_query_-Ae9_7GnntvqV8myNb9fhv,transfer_1,1234,jpeg50,1,boston:191,boston:191,15.680000,36.1773
boston_query_-Ae9_7GnntvqV8myNb9fhv,transfer_2,1234,jpeg50,2,boston:168,boston:191,15.680000,36.1773
boston_query_-Ae9_7GnntvqV8myNb9fhv,transfer_3,1234,jpeg50,1,boston:191,boston:191,15.679995,36.1773
cph_query_-8E-udXiyMJCRp_UkM4Kgw,isotropic,1234,jpeg50,3,cph:271,cph:245,15.679997,36.1773
cph_query_-8E-udXiyMJCRp_UkM4Kgw,white_box,1234,jpeg50,316,nairobi:7,cph:245,15.679992,36.1773
cph_query_-8E-udXiyMJCRp_UkM4Kgw,transfer_1,1234,jpeg50,36,cph:429,cph:245,15.679997,36.1773
cph_query_-8E-udXiyMJCRp_UkM4Kgw,transfer_2,1234,jpeg50,89,london:119,cph:245,15.679998,36.1773
cph_query_-8E-udXiyMJCRp_UkM4Kgw,transfer_3,1234,jpeg50,21,cph:54,cph:245,15.679995,36.1773
london_query_-Id3DdRqVbjIA39wjxbTgw,isotropic,1234,jpeg50,6,boston:79,london:125,15.680000,36.1773
london_query_-Id3DdRqVbjIA39wjxbTgw,white_box,1234,jpeg50,95,manila:181,london:125,15.679985,36.1773
london_query_-Id3DdRqVbjIA39wjxbTgw,transfer_1,1234,jpeg50,7,boston:79,london:125,15.680000,36.1773
london_query_-Id3DdRqVbjIA39wjxbTgw,transfer_2,1234,jpeg50,8,boston:79,london:125,15.680000,36.1773
london_query_-Id3DdRqVbjIA39wjxbTgw,transfer_3,1234,jpeg50,31,boston:79,london:125,15.680005,36.1773
manila_query_-AXkFLZ0HchDGYvJ_KZ3dQ,isotropic,1234,jpeg50,43,amman:23,manila:13,15.679997,36.1773
manila_query_-AXkFLZ0HchDGYvJ_KZ3dQ,white_box,1234,jpeg50,23,cph:119,manila:13,15.680002,36.1773
manila_query_-AXkFLZ0HchDGYvJ_KZ3dQ,transfer_1,1234,jpeg50,48,amman:23,manila:13,15.679997,36.1773
manila_query_-AXkFLZ0HchDGYvJ_KZ3dQ,transfer_2,1234,jpeg50,62,cph:119,manila:13,15.680000,36.1773
manila_query_-AXkFLZ0HchDGYvJ_KZ3dQ,transfer_3,1234,jpeg50,122,manila:29,manila:13,15.680000,36.1773
nairobi_query_0Oa1jUYlj8LE47HApYWufA,isotropic,1234,jpeg50,163,nairobi:10,nairobi:0,15.679998,36.1773
nairobi_query_0Oa1jUYlj8LE47HApYWufA,white_box,1234,jpeg50,696,london:121,nairobi:0,15.680000,36.1773
nairobi_query_0Oa1jUYlj8LE47HApYWufA,transfer_1,1234,jpeg50,254,nairobi:10,nairobi:0,15.679989,36.1773
nairobi_query_0Oa1jUYlj8LE47HApYWufA,transfer_2,1234,jpeg50,226,boston:234,nairobi:0,15.679997,36.1773
nairobi_query_0Oa1jUYlj8LE47HApYWufA,transfer_3,1234,jpeg50,122,boston:234,nairobi:0,15.679992,36.1773
toronto_query_-85n6JJLXmi04edt5JxhzQ,isotropic,1234,jpeg50,1123,toronto:228,toronto:21,15.680000,36.1773
toronto_query_-85n6JJLXmi04edt5JxhzQ,white_box,1234,jpeg50,1949,nairobi:18,toronto:21,15.679996,36.1773
toronto_query_-85n6JJLXmi04edt5JxhzQ,transfer_1,1234,jpeg50,458,manila:15,toronto:21,15.679998,36.1773
toronto_query_-85n6JJLXmi04edt5JxhzQ,transfer_2,1234,jpeg50,625,toronto:228,toronto:21,15.680001,36.1773
toronto_query_-85n6JJLXmi04edt5JxhzQ,transfer_3,1234,jpeg50,1363,toronto:228,toronto:21,15.680000,36.1773
zurich_query_-M0Q1_7lg_TKGT2-mllw4w,isotropic,1234,jpeg50,111,boston:171,zurich:19,15.679998,36.1773
zurich_query_-M0Q1_7lg_TKGT2-mllw4w,white_box,1234,jpeg50,249,amman:23,zurich:19,15.679997,36.1773
zurich_query_-M0Q1_7lg_TKGT2-mllw4w,transfer_1,1234,jpeg50,120,boston:171,zurich:19,15.679995,36.1773
zurich_query_-M0Q1_7lg_TKGT2-mllw4w,transfer_2,1234,jpeg50,129,boston:171,zurich:19,15.680000,36.1773
zurich_query_-M0Q1_7lg_TKGT2-mllw4w,transfer_3,1234,jpeg50,100,manila:153,zurich:19,15.680000,36.1773
amman_query_0-2jyV8XAzdAOYMkdyQVLw,isotropic,1234,jpeg50,36,amman:23,amman:6,15.679998,36.1773
amman_query_0-2jyV8XAzdAOYMkdyQVLw,white_box,1234,jpeg50,339,cph:271,amman:6,15.680001,36.1773
amman_query_0-2jyV8XAzdAOYMkdyQVLw,transfer_1,1234,jpeg50,42,amman:23,amman:6,15.679998,36.1773
amman_query_0-2jyV8XAzdAOYMkdyQVLw,transfer_2,1234,jpeg50,42,amman:23,amman:6,15.680002,36.1773
amman_query_0-2jyV8XAzdAOYMkdyQVLw,transfer_3,1234,jpeg50,53,amman:23,amman:6,15.680001,36.1773
boston_query_-BE36-GG_yM6YS57M_uMTQ,isotropic,1234,jpeg50,360,boston:249,boston:84,15.679997,36.1773
boston_query_-BE36-GG_yM6YS57M_uMTQ,white_box,1234,jpeg50,305,boston:239,boston:84,15.680000,36.1773
boston_query_-BE36-GG_yM6YS57M_uMTQ,transfer_1,1234,jpeg50,444,boston:249,boston:84,15.680000,36.1773
boston_query_-BE36-GG_yM6YS57M_uMTQ,transfer_2,1234,jpeg50,360,boston:239,boston:84,15.680000,36.1773
boston_query_-BE36-GG_yM6YS57M_uMTQ,transfer_3,1234,jpeg50,420,boston:239,boston:84,15.680001,36.1773
cph_query_-9WYlFp61M1J1zV1mJD4uA,isotropic,1234,jpeg50,163,cph:243,cph:280,15.680000,36.1773
cph_query_-9WYlFp61M1J1zV1mJD4uA,white_box,1234,jpeg50,955,toronto:346,cph:280,15.680000,36.1773
cph_query_-9WYlFp61M1J1zV1mJD4uA,transfer_1,1234,jpeg50,271,toronto:346,cph:280,15.680001,36.1773
cph_query_-9WYlFp61M1J1zV1mJD4uA,transfer_2,1234,jpeg50,548,amman:35,cph:280,15.680000,36.1773
cph_query_-9WYlFp61M1J1zV1mJD4uA,transfer_3,1234,jpeg50,290,amman:35,cph:280,15.680002,36.1773
london_query_-OOGG8lTvgHHqp3iuULlyQ,isotropic,1234,jpeg50,1,london:21,london:21,15.679998,36.1773
london_query_-OOGG8lTvgHHqp3iuULlyQ,white_box,1234,jpeg50,3,manila:46,london:21,15.679998,36.1773
london_query_-OOGG8lTvgHHqp3iuULlyQ,transfer_1,1234,jpeg50,1,london:21,london:21,15.680001,36.1773
london_query_-OOGG8lTvgHHqp3iuULlyQ,transfer_2,1234,jpeg50,1,london:21,london:21,15.679997,36.1773
london_query_-OOGG8lTvgHHqp3iuULlyQ,transfer_3,1234,jpeg50,1,london:21,london:21,15.680000,36.1773
manila_query_-ColYSDtqqoE3TZ4eZHu8g,isotropic,1234,jpeg50,21,boston:101,manila:189,15.679998,36.1773
manila_query_-ColYSDtqqoE3TZ4eZHu8g,white_box,1234,jpeg50,1556,manila:163,manila:189,15.679998,36.1773
manila_query_-ColYSDtqqoE3TZ4eZHu8g,transfer_1,1234,jpeg50,14,manila:181,manila:189,15.680000,36.1773
manila_query_-ColYSDtqqoE3TZ4eZHu8g,transfer_2,1234,jpeg50,45,manila:181,manila:189,15.679998,36.1773
manila_query_-ColYSDtqqoE3TZ4eZHu8g,transfer_3,1234,jpeg50,81,manila:181,manila:189,15.680000,36.1773
nairobi_query_0R73ChZbcyJ8Z4vBaef_Jw,isotropic,1234,jpeg50,17,nairobi:15,nairobi:10,15.680000,36.1773
nairobi_query_0R73ChZbcyJ8Z4vBaef_Jw,white_box,1234,jpeg50,278,nairobi:15,nairobi:10,15.680000,36.1773
nairobi_query_0R73ChZbcyJ8Z4vBaef_Jw,transfer_1,1234,jpeg50,54,nairobi:15,nairobi:10,15.680000,36.1773
nairobi_query_0R73ChZbcyJ8Z4vBaef_Jw,transfer_2,1234,jpeg50,104,nairobi:15,nairobi:10,15.679997,36.1773
nairobi_query_0R73ChZbcyJ8Z4vBaef_Jw,transfer_3,1234,jpeg50,19,amman:1,nairobi:10,15.679997,36.1773
toronto_query_-8BknWmZh2lEnEeect73Ww,isotropic,1234,jpeg50,1,toronto:273,toronto:273,15.679997,36.1773
toronto_query_-8BknWmZh2lEnEeect73Ww,white_box,1234,jpeg50,3,toronto:207,toronto:273,15.679996,36.1773
toronto_query_-8BknWmZh2lEnEeect73Ww,transfer_1,1234,jpeg50,1,toronto:273,toronto:273,15.679997,36.1773
toronto_query_-8BknWmZh2lEnEeect73Ww,transfer_2,1234,jpeg50,1,toronto:273,toronto:273,15.680004,36.1773
toronto_query_-8BknWmZh2lEnEeect73Ww,transfer_3,1234,jpeg50,1,toronto:273,toronto:273,15.680000,36.1773
zurich_query_-TxHEY5xnZFgfnHO3ygjzw,isotropic,1234,jpeg50,1,zurich:25,zurich:25,15.680000,36.1773
zurich_query_-TxHEY5xnZFgfnHO3ygjzw,white_box,1234,jpeg50,4,cph:332,zurich:25,15.679995,36.1773
zurich_query_-TxHEY5xnZFgfnHO3ygjzw,transfer_1,1234,jpeg50,1,zurich:25,zurich:25,15.680007,36.1773
zurich_query_-TxHEY5xnZFgfnHO3ygjzw,transfer_2,1234,jpeg50,1,zurich:25,zurich:25,15.680002,36.1773
zurich_query_-TxHEY5xnZFgfnHO3ygjzw,transfer_3,1234,jpeg50,1,zurich:25,zurich:25,15.679998,36.1773
amman_query_051WRvR5gI1vde606oseFw,isotropic,1234,jpeg50,11,amman:4,amman:23,15.679997,36.1773
amman_query_051WRvR5gI1vde606oseFw,white_box,1234,jpeg50,14,amman:4,amman:23,15.679997,36.1773
amman_query_051WRvR5gI1vde606oseFw,transfer_1,1234,jpeg50,11,amman:4,amman:23,15.680000,36.1773
amman_query_051WRvR5gI1vde606oseFw,transfer_2,1234,jpeg50,12,amman:4,amman:23,15.680002,36.1773
amman_query_051WRvR5gI1vde606oseFw,transfer_3,1234,jpeg50,12,amman:4,amman:23,15.679995,36.1773
boston_query_-CNeDzWqfei0F-1CmA8N9A,isotropic,1234,jpeg50,12,cph:54,boston:156,15.680000,36.1773
boston_query_-CNeDzWqfei0F-1CmA8N9A,white_box,1234,jpeg50,79,nairobi:10,boston:156,15.680002,36.1773
boston_query_-CNeDzWqfei0F-1CmA8N9A,transfer_1,1234,jpeg50,47,cph:356,boston:156,15.680002,36.1773
boston_query_-CNeDzWqfei0F-1CmA8N9A,transfer_2,1234,jpeg50,41,amman:31,boston:156,15.679997,36.1773
boston_query_-CNeDzWqfei0F-1CmA8N9A,transfer_3,1234,jpeg50,107,amman:31,boston:156,15.679997,36.1773
cph_query_-9ZOGirqZl2EVYWN1WLERg,isotropic,1234,jpeg50,1,cph:162,cph:162,15.680000,36.1773
cph_query_-9ZOGirqZl2EVYWN1WLERg,white_box,1234,jpeg50,1,cph:162,cph:162,15.679997,36.1773
cph_query_-9ZOGirqZl2EVYWN1WLERg,transfer_1,1234,jpeg50,1,cph:162,cph:162,15.679992,36.1773
cph_query_-9ZOGirqZl2EVYWN1WLERg,transfer_2,1234,jpeg50,1,cph:162,cph:162,15.679993,36.1773
cph_query_-9ZOGirqZl2EVYWN1WLERg,transfer_3,1234,jpeg50,1,cph:162,cph:162,15.679997,36.1773
london_query_-TmVvxY52h9CjrIUzBbCgw,isotropic,1234,jpeg50,67,toronto:273,london:129,15.679997,36.1773
london_query_-TmVvxY52h9CjrIUzBbCgw,white_box,1234,jpeg50,1595,manila:92,london:129,15.680000,36.1773
london_query_-TmVvxY52h9CjrIUzBbCgw,transfer_1,1234,jpeg50,162,toronto:273,london:129,15.679997,36.1773
london_query_-TmVvxY52h9CjrIUzBbCgw,transfer_2,1234,jpeg50,448,toronto:273,london:129,15.679997,36.1773
london_query_-TmVvxY52h9CjrIUzBbCgw,transfer_3,1234,jpeg50,632,toronto:273,london:129,15.679998,36.1773
manila_query_-ELxcda6ePiuO6nR3VP3-A,isotropic,1234,jpeg50,1,manila:20,manila:20,15.680001,36.1773
manila_query_-ELxcda6ePiuO6nR3VP3-A,white_box,1234,jpeg50,153,zurich:65,manila:20,15.680000,36.1773
manila_query_-ELxcda6ePiuO6nR3VP3-A,transfer_1,1234,jpeg50,1,manila:20,manila:20,15.680000,36.1773
manila_query_-ELxcda6ePiuO6nR3VP3-A,transfer_2,1234,jpeg50,1,manila:20,manila:20,15.680002,36.1773
manila_query_-ELxcda6ePiuO6nR3VP3-A,transfer_3,1234,jpeg50,1,manila:20,manila:20,15.679997,36.1773
nairobi_query_0TzVtw0twyRTMFGP-VzE8A,isotropic,1234,jpeg50,94,amman:1,nairobi:17,15.679998,36.1773
nairobi_query_0TzVtw0twyRTMFGP-VzE8A,white_box,1234,jpeg50,1301,zurich:5,nairobi:17,15.680002,36.1773
nairobi_query_0TzVtw0twyRTMFGP-VzE8A,transfer_1,1234,jpeg50,351,amman:1,nairobi:17,15.679997,36.1773
nairobi_query_0TzVtw0twyRTMFGP-VzE8A,transfer_2,1234,jpeg50,373,amman:1,nairobi:17,15.679997,36.1773
nairobi_query_0TzVtw0twyRTMFGP-VzE8A,transfer_3,1234,jpeg50,417,cph:241,nairobi:17,15.680000,36.1773
toronto_query_-8NbZpIbjwqAXwoRMmYddg,isotropic,1234,jpeg50,40,toronto:274,toronto:196,15.680000,36.1773
toronto_query_-8NbZpIbjwqAXwoRMmYddg,white_box,1234,jpeg50,94,boston:249,toronto:196,15.680002,36.1773
toronto_query_-8NbZpIbjwqAXwoRMmYddg,transfer_1,1234,jpeg50,21,toronto:274,toronto:196,15.679995,36.1773
toronto_query_-8NbZpIbjwqAXwoRMmYddg,transfer_2,1234,jpeg50,13,manila:163,toronto:196,15.680002,36.1773
toronto_query_-8NbZpIbjwqAXwoRMmYddg,transfer_3,1234,jpeg50,11,toronto:274,toronto:196,15.679998,36.1773
zurich_query_-Vs9xzO47S-0Cfs9o81wvQ,isotropic,1234,jpeg50,6,manila:72,zurich:27,15.680000,36.1773
zurich_query_-Vs9xzO47S-0Cfs9o81wvQ,white_box,1234,jpeg50,147,zurich:61,zurich:27,15.679995,36.1773
zurich_query_-Vs9xzO47S-0Cfs9o81wvQ,transfer_1,1234,jpeg50,4,manila:72,zurich:27,15.680002,36.1773
zurich_query_-Vs9xzO47S-0Cfs9o81wvQ,transfer_2,1234,jpeg50,4,manila:72,zurich:27,15.680000,36.1773
zurich_query_-Vs9xzO47S-0Cfs9o81wvQ,transfer_3,1234,jpeg50,8,manila:72,zurich:27,15.680000,36.1773
amman_query_0CjrhmzpvqXBOIBsGB6LcQ,isotropic,1234,jpeg50,1,amman:21,amman:21,15.679998,36.1773
amman_query_0CjrhmzpvqXBOIBsGB6LcQ,white_box,1234,jpeg50,3,boston:79,amman:21,15.679997,36.1773
amman_query_0CjrhmzpvqXBOIBsGB6LcQ,transfer_1,1234,jpeg50,1,amman:21,amman:21,15.679997,36.1773
amman_query_0CjrhmzpvqXBOIBsGB6LcQ,transfer_2,1234,jpeg50,2,amman:25,amman:21,15.680001,36.1773
amman_query_0CjrhmzpvqXBOIBsGB6LcQ,transfer_3,1234,jpeg50,1,amman:21,amman:21,15.680001,36.1773
boston_query_-D-onyWSIw3M1SbsxL7X-g,isotropic,1234,jpeg50,196,boston:79,boston:27,15.679996,36.1773
boston_query_-D-onyWSIw3M1SbsxL7X-g,white_box,1234,jpeg50,380,toronto:207,boston:27,15.680002,36.1773
boston_query_-D-onyWSIw3M1SbsxL7X-g,transfer_1,1234,jpeg50,312,boston:79,boston:27,15.680000,36.1773
boston_query_-D-onyWSIw3M1SbsxL7X-g,transfer_2,1234,jpeg50,234,boston:79,boston:27,15.680001,36.1773
boston_query_-D-onyWSIw3M1SbsxL7X-g,transfer_3,1234,jpeg50,238,boston:79,boston:27,15.679998,36.1773
cph_query_-AowxxrsOr_xM02-ZyrQ5A,isotropic,1234,jpeg50,4,manila:20,cph:96,15.680000,36.1773
cph_query_-AowxxrsOr_xM02-ZyrQ5A,white_box,1234,jpeg50,44,london:131,cph:96,15.679997,36.1773
cph_query_-AowxxrsOr_xM02-ZyrQ5A,transfer_1,1234,jpeg50,5,manila:20,cph:96,15.680000,36.1773
cph_query_-AowxxrsOr_xM02-ZyrQ5A,transfer_2,1234,jpeg50,6,manila:20,cph:96,15.680000,36.1773
cph_query_-AowxxrsOr_xM02-ZyrQ5A,transfer_3,1234,jpeg50,9,london:122,cph:96,15.679997,36.1773
london_query_-UeH_UbGnPshWdeEEYfhyQ,isotropic,1234,jpeg50,100,boston:90,london:121,15.680000,36.1773
london_query_-UeH_UbGnPshWdeEEYfhyQ,white_box,1234,jpeg50,129,manila:143,london:121,15.680000,36.1773
london_query_-UeH_UbGnPshWdeEEYfhyQ,transfer_1,1234,jpeg50,64,boston:99,london:121,15.679997,36.1773
london_query_-UeH_UbGnPshWdeEEYfhyQ,transfer_2,1234,jpeg50,63,boston:99,london:121,15.680000,36.1773
london_query_-UeH_UbGnPshWdeEEYfhyQ,transfer_3,1234,jpeg50,193,boston:99,london:121,15.680000,36.1773
manila_query_-EVOy4h35ZUyBK4r6uBM5g,isotropic,1234,jpeg50,179,manila:29,manila:15,15.680000,36.1773
manila_query_-EVOy4h35ZUyBK4r6uBM5g,white_box,1234,jpeg50,1464,boston:239,manila:15,15.679997,36.1773
manila_query_-EVOy4h35ZUyBK4r6uBM5g,transfer_1,1234,jpeg50,295,manila:29,manila:15,15.680002,36.1773
manila_query_-EVOy4h35ZUyBK4r6uBM5g,transfer_2,1234,jpeg50,339,boston:239,manila:15,15.679997,36.1773
manila_query_-EVOy4h35ZUyBK4r6uBM5g,transfer_3,1234,jpeg50,257,manila:29,manila:15,15.679997,36.1773
nairobi_query_0YY7sOJF2Kr1PfPB1KidBg,isotropic,1234,jpeg50,2,london:85,nairobi:3,15.679996,36.1773
nairobi_query_0YY7sOJF2Kr1PfPB1KidBg,white_box,1234,jpeg50,383,boston:123,nairobi:3,15.680004,36.1773
nairobi_query_0YY7sOJF2Kr1PfPB1KidBg,transfer_1,1234,jpeg50,8,london:85,nairobi:3,15.679997,36.1773
nairobi_query_0YY7sOJF2Kr1PfPB1KidBg,transfer_2,1234,jpeg50,19,london:85,nairobi:3,15.680004,36.1773
nairobi_query_0YY7sOJF2Kr1PfPB1KidBg,transfer_3,1234,jpeg50,3,london:85,nairobi:3,15.680001,36.1773
toronto_query_-8Q-Otkctyr1cXAnmn2BEw,isotropic,1234,jpeg50,1,toronto:23,toronto:23,15.680000,36.1773
toronto_query_-8Q-Otkctyr1cXAnmn2BEw,white_box,1234,jpeg50,193,toronto:200,toronto:23,15.679998,36.1773
toronto_query_-8Q-Otkctyr1cXAnmn2BEw,transfer_1,1234,jpeg50,2,manila:106,toronto:23,15.679998,36.1773
toronto_query_-8Q-Otkctyr1cXAnmn2BEw,transfer_2,1234,jpeg50,1,toronto:23,toronto:23,15.679998,36.1773
toronto_query_-8Q-Otkctyr1cXAnmn2BEw,transfer_3,1234,jpeg50,1,toronto:23,toronto:23,15.679998,36.1773
zurich_query_-ZAb7eYhYeo1yW06_paa_g,isotropic,1234,jpeg50,1,zurich:27,zurich:27,15.679997,36.1773
zurich_query_-ZAb7eYhYeo1yW06_paa_g,white_box,1234,jpeg50,41,boston:191,zurich:27,15.679995,36.1773
zurich_query_-ZAb7eYhYeo1yW06_paa_g,transfer_1,1234,jpeg50,1,zurich:27,zurich:27,15.679986,36.1773
zurich_query_-ZAb7eYhYeo1yW06_paa_g,transfer_2,1234,jpeg50,14,boston:234,zurich:27,15.679997,36.1773
zurich_query_-ZAb7eYhYeo1yW06_paa_g,transfer_3,1234,jpeg50,4,boston:191,zurich:27,15.679997,36.1773
amman_query_0IvHKlYEfFEP39KRxr9UZg,isotropic,1234,jpeg50,1,amman:22,amman:22,15.680000,36.1773
amman_query_0IvHKlYEfFEP39KRxr9UZg,white_box,1234,jpeg50,12,cph:33,amman:22,15.679997,36.1773
amman_query_0IvHKlYEfFEP39KRxr9UZg,transfer_1,1234,jpeg50,1,amman:22,amman:22,15.679998,36.1773
amman_query_0IvHKlYEfFEP39KRxr9UZg,transfer_2,1234,jpeg50,1,amman:22,amman:22,15.680000,36.1773
amman_query_0IvHKlYEfFEP39KRxr9UZg,transfer_3,1234,jpeg50,1,amman:22,amman:22,15.679995,36.1773
boston_query_-DYvemYiNwx_BmPSrlUWIA,isotropic,1234,jpeg50,257,boston:191,boston:144,15.680000,36.1773
boston_query_-DYvemYiNwx_BmPSrlUWIA,white_box,1234,jpeg50,120,amman:23,boston:144,15.679998,36.1773
boston_query_-DYvemYiNwx_BmPSrlUWIA,transfer_1,1234,jpeg50,102,boston:123,boston:144,15.680002,36.1773
boston_query_-DYvemYiNwx_BmPSrlUWIA,transfer_2,1234,jpeg50,130,boston:123,boston:144,15.679997,36.1773
boston_query_-DYvemYiNwx_BmPSrlUWIA,transfer_3,1234,jpeg50,643,amman:35,boston:144,15.680004,36.1773
cph_query_-BH_JCTriNnLeoSt0e51lQ,isotropic,1234,jpeg50,515,boston:123,cph:429,15.679997,36.1773
cph_query_-BH_JCTriNnLeoSt0e51lQ,white_box,1234,jpeg50,841,cph:345,cph:429,15.679997,36.1773
cph_query_-BH_JCTriNnLeoSt0e51lQ,transfer_1,1234,jpeg50,685,boston:90,cph:429,15.680002,36.1773
cph_query_-BH_JCTriNnLeoSt0e51lQ,transfer_2,1234,jpeg50,784,boston:98,cph:429,15.679997,36.1773
cph_query_-BH_JCTriNnLeoSt0e51lQ,transfer_3,1234,jpeg50,1134,boston:123,cph:429,15.679997,36.1773
london_query_-WUdEGuLIX2B2T8rBV0Rgw,isotropic,1234,jpeg50,55,boston:250,london:75,15.680002,36.1773
london_query_-WUdEGuLIX2B2T8rBV0Rgw,white_box,1234,jpeg50,791,boston:249,london:75,15.679998,36.1773
london_query_-WUdEGuLIX2B2T8rBV0Rgw,transfer_1,1234,jpeg50,95,boston:250,london:75,15.680001,36.1773
london_query_-WUdEGuLIX2B2T8rBV0Rgw,transfer_2,1234,jpeg50,55,boston:250,london:75,15.680002,36.1773
london_query_-WUdEGuLIX2B2T8rBV0Rgw,transfer_3,1234,jpeg50,203,boston:250,london:75,15.679995,36.1773
manila_query_-EthLwRJMwt-Shb-xpIYlA,isotropic,1234,jpeg50,631,manila:190,manila:119,15.680000,36.1773
manila_query_-EthLwRJMwt-Shb-xpIYlA,white_box,1234,jpeg50,1399,london:34,manila:119,15.680002,36.1773
manila_query_-EthLwRJMwt-Shb-xpIYlA,transfer_1,1234,jpeg50,758,manila:190,manila:119,15.679997,36.1773
manila_query_-EthLwRJMwt-Shb-xpIYlA,transfer_2,1234,jpeg50,1025,manila:190,manila:119,15.680000,36.1773
manila_query_-EthLwRJMwt-Shb-xpIYlA,transfer_3,1234,jpeg50,898,toronto:23,manila:119,15.679998,36.1773
nairobi_query_0jIUlQnC_o05NHi_OMD_vg,isotropic,1234,jpeg50,69,zurich:42,nairobi:10,15.680001,36.1773
nairobi_query_0jIUlQnC_o05NHi_OMD_vg,white_box,1234,jpeg50,94,cph:271,nairobi:10,15.679997,36.1773
nairobi_query_0jIUlQnC_o05NHi_OMD_vg,transfer_1,1234,jpeg50,45,cph:459,nairobi:10,15.679997,36.1773
nairobi_query_0jIUlQnC_o05NHi_OMD_vg,transfer_2,1234,jpeg50,54,manila:6,nairobi:10,15.680000,36.1773
nairobi_query_0jIUlQnC_o05NHi_OMD_vg,transfer_3,1234,jpeg50,131,cph:459,nairobi:10,15.680002,36.1773
toronto_query_-8imnyri_5yPaHzqoBtiSg,isotropic,1234,jpeg50,86,toronto:228,toronto:274,15.680000,36.1773
toronto_query_-8imnyri_5yPaHzqoBtiSg,white_box,1234,jpeg50,1264,amman:1,toronto:274,15.679997,36.1773
toronto_query_-8imnyri_5yPaHzqoBtiSg,transfer_1,1234,jpeg50,42,toronto:197,toronto:274,15.680002,36.1773
toronto_query_-8imnyri_5yPaHzqoBtiSg,transfer_2,1234,jpeg50,123,toronto:228,toronto:274,15.680000,36.1773
toronto_query_-8imnyri_5yPaHzqoBtiSg,transfer_3,1234,jpeg50,191,toronto:197,toronto:274,15.679997,36.1773
zurich_query_-_SB4ERKdFDYkwavdkk6NA,isotropic,1234,jpeg50,1,zurich:27,zurich:27,15.680000,36.1773
zurich_query_-_SB4ERKdFDYkwavdkk6NA,white_box,1234,jpeg50,55,zurich:60,zurich:27,15.680005,36.1773
zurich_query_-_SB4ERKdFDYkwavdkk6NA,transfer_1,1234,jpeg50,3,amman:25,zurich:27,15.679996,36.1773
zurich_query_-_SB4ERKdFDYkwavdkk6NA,transfer_2,1234,jpeg50,3,boston:79,zurich:27,15.680000,36.1773
zurich_query_-_SB4ERKdFDYkwavdkk6NA,transfer_3,1234,jpeg50,18,zurich:61,zurich:27,15.679995,36.1773
amman_query_0NfGsYmI9MkLl0JzfO-tJg,isotropic,1234,jpeg50,1931,amman:1,amman:37,15.680000,36.1773
amman_query_0NfGsYmI9MkLl0JzfO-tJg,white_box,1234,jpeg50,1996,manila:190,amman:37,15.680000,36.1773
amman_query_0NfGsYmI9MkLl0JzfO-tJg,transfer_1,1234,jpeg50,1936,amman:1,amman:37,15.680009,36.1773
amman_query_0NfGsYmI9MkLl0JzfO-tJg,transfer_2,1234,jpeg50,1918,amman:1,amman:37,15.679997,36.1773
amman_query_0NfGsYmI9MkLl0JzfO-tJg,transfer_3,1234,jpeg50,1982,amman:1,amman:37,15.680001,36.1773
boston_query_-DZ2jmUKLylFospVHUJx9w,isotropic,1234,jpeg50,111,boston:123,boston:144,15.680000,36.1773
boston_query_-DZ2jmUKLylFospVHUJx9w,white_box,1234,jpeg50,571,amman:23,boston:144,15.680000,36.1773
boston_query_-DZ2jmUKLylFospVHUJx9w,transfer_1,1234,jpeg50,136,boston:123,boston:144,15.679996,36.1773
boston_query_-DZ2jmUKLylFospVHUJx9w,transfer_2,1234,jpeg50,93,boston:123,boston:144,15.680000,36.1773
boston_query_-DZ2jmUKLylFospVHUJx9w,transfer_3,1234,jpeg50,172,boston:123,boston:144,15.679997,36.1773
cph_query_-CmhgNHgZVau1Sw841AZJw,isotropic,1234,jpeg50,2,boston:79,cph:271,15.679997,36.1773
cph_query_-CmhgNHgZVau1Sw841AZJw,white_box,1234,jpeg50,39,boston:79,cph:271,15.680005,36.1773
cph_query_-CmhgNHgZVau1Sw841AZJw,transfer_1,1234,jpeg50,1,cph:271,cph:271,15.680005,36.1773
cph_query_-CmhgNHgZVau1Sw841AZJw,transfer_2,1234,jpeg50,2,boston:79,cph:271,15.679997,36.1773
cph_query_-CmhgNHgZVau1Sw841AZJw,transfer_3,1234,jpeg50,1,cph:271,cph:271,15.679997,36.1773
london_query_-WZeEq0W1pr6VJS4t3dR0g,isotropic,1234,jpeg50,7,boston:206,london:63,15.679997,36.1773
london_query_-WZeEq0W1pr6VJS4t3dR0g,white_box,1234,jpeg50,79,london:111,london:63,15.679997,36.1773
london_query_-WZeEq0W1pr6VJS4t3dR0g,transfer_1,1234,jpeg50,10,boston:206,london:63,15.679997,36.1773
london_query_-WZeEq0W1pr6VJS4t3dR0g,transfer_2,1234,jpeg50,80,zurich:19,london:63,15.679998,36.1773
london_query_-WZeEq0W1pr6VJS4t3dR0g,transfer_3,1234,jpeg50,82,zurich:19,london:63,15.679997,36.1773
manila_query_-GD9SrklFbEy7mNAK9uIXg,isotropic,1234,jpeg50,39,amman:23,manila:143,15.680000,36.1773
manila_query_-GD9SrklFbEy7mNAK9uIXg,white_box,1234,jpeg50,3,toronto:55,manila:143,15.680000,36.1773
manila_query_-GD9SrklFbEy7mNAK9uIXg,transfer_1,1234,jpeg50,21,manila:13,manila:143,15.679998,36.1773
manila_query_-GD9SrklFbEy7mNAK9uIXg,transfer_2,1234,jpeg50,29,zurich:42,manila:143,15.679997,36.1773
manila_query_-GD9SrklFbEy7mNAK9uIXg,transfer_3,1234,jpeg50,34,cph:279,manila:143,15.680000,36.1773
nairobi_query_0o5iaNnZzqS9cqJ1tMT85g,isotropic,1234,jpeg50,49,manila:132,nairobi:20,15.679997,36.1773
nairobi_query_0o5iaNnZzqS9cqJ1tMT85g,white_box,1234,jpeg50,490,toronto:55,nairobi:20,15.680005,36.1773
nairobi_query_0o5iaNnZzqS9cqJ1tMT85g,transfer_1,1234,jpeg50,42,manila:132,nairobi:20,15.680000,36.1773
nairobi_query_0o5iaNnZzqS9cqJ1tMT85g,transfer_2,1234,jpeg50,48,manila:132,nairobi:20,15.679989,36.1773
nairobi_query_0o5iaNnZzqS9cqJ1tMT85g,transfer_3,1234,jpeg50,58,amman:1,nairobi:20,15.679997,36.1773
toronto_query_-8zrNMH6voa2ZtBaGNpoYQ,isotropic,1234,jpeg50,20,zurich:25,toronto:130,15.680000,36.1773
toronto_query_-8zrNMH6voa2ZtBaGNpoYQ,white_box,1234,jpeg50,40,zurich:35,toronto:130,15.679997,36.1773
toronto_query_-8zrNMH6voa2ZtBaGNpoYQ,transfer_1,1234,jpeg50,43,amman:23,toronto:130,15.680002,36.1773
toronto_query_-8zrNMH6voa2ZtBaGNpoYQ,transfer_2,1234,jpeg50,74,amman:23,toronto:130,15.679998,36.1773
toronto_query_-8zrNMH6voa2ZtBaGNpoYQ,transfer_3,1234,jpeg50,55,cph:243,toronto:130,15.680000,36.1773
zurich_query_-bwmsEYfSnHpjkqrw0Vn6g,isotropic,1234,jpeg50,1,zurich:27,zurich:27,15.680000,36.1773
zurich_query_-bwmsEYfSnHpjkqrw0Vn6g,white_box,1234,jpeg50,365,nairobi:1,zurich:27,15.680005,36.1773
zurich_query_-bwmsEYfSnHpjkqrw0Vn6g,transfer_1,1234,jpeg50,2,amman:15,zurich:27,15.679997,36.1773
zurich_query_-bwmsEYfSnHpjkqrw0Vn6g,transfer_2,1234,jpeg50,1,zurich:27,zurich:27,15.680000,36.1773
zurich_query_-bwmsEYfSnHpjkqrw0Vn6g,transfer_3,1234,jpeg50,8,amman:11,zurich:27,15.679997,36.1773
amman_query_0PLHged3iWJuuv8xOPB5rA,isotropic,1234,jpeg50,87,amman:25,amman:29,15.679997,36.1773
amman_query_0PLHged3iWJuuv8xOPB5rA,white_box,1234,jpeg50,313,nairobi:20,amman:29,15.680004,36.1773
amman_query_0PLHged3iWJuuv8xOPB5rA,transfer_1,1234,jpeg50,85,zurich:27,amman:29,15.680007,36.1773
amman_query_0PLHged3iWJuuv8xOPB5rA,transfer_2,1234,jpeg50,88,zurich:27,amman:29,15.679997,36.1773
amman_query_0PLHged3iWJuuv8xOPB5rA,transfer_3,1234,jpeg50,125,amman:23,amman:29,15.680000,36.1773
boston_query_-EHBZ4-3d6vENYYFm7mWEw,isotropic,1234,jpeg50,1,boston:123,boston:123,15.679997,36.1773
boston_query_-EHBZ4-3d6vENYYFm7mWEw,white_box,1234,jpeg50,6,manila:189,boston:123,15.679995,36.1773
boston_query_-EHBZ4-3d6vENYYFm7mWEw,transfer_1,1234,jpeg50,2,boston:191,boston:123,15.680000,36.1773
boston_query_-EHBZ4-3d6vENYYFm7mWEw,transfer_2,1234,jpeg50,1,boston:123,boston:123,15.679997,36.1773
boston_query_-EHBZ4-3d6vENYYFm7mWEw,transfer_3,1234,jpeg50,2,boston:191,boston:123,15.679997,36.1773
cph_query_-CrgHhqoywCPgzsSAabnsw,isotropic,1234,jpeg50,4,zurich:42,cph:464,15.680000,36.1773
cph_query_-CrgHhqoywCPgzsSAabnsw,white_box,1234,jpeg50,19,manila:92,cph:464,15.679995,36.1773
cph_query_-CrgHhqoywCPgzsSAabnsw,transfer_1,1234,jpeg50,4,cph:33,cph:464,15.680002,36.1773
cph_query_-CrgHhqoywCPgzsSAabnsw,transfer_2,1234,jpeg50,3,cph:33,cph:464,15.679995,36.1773
cph_query_-CrgHhqoywCPgzsSAabnsw,transfer_3,1234,jpeg50,8,manila:13,cph:464,15.679998,36.1773
london_query_-WyzcGh-_EYVhI50Y9F08Q,isotropic,1234,jpeg50,297,zurich:96,london:121,15.680000,36.1773
london_query_-WyzcGh-_EYVhI50Y9F08Q,white_box,1234,jpeg50,1225,cph:345,london:121,15.680000,36.1773
london_query_-WyzcGh-_EYVhI50Y9F08Q,transfer_1,1234,jpeg50,194,zurich:96,london:121,15.680002,36.1773
london_query_-WyzcGh-_EYVhI50Y9F08Q,transfer_2,1234,jpeg50,248,zurich:96,london:121,15.680001,36.1773
london_query_-WyzcGh-_EYVhI50Y9F08Q,transfer_3,1234,jpeg50,675,zurich:96,london:121,15.679998,36.1773
manila_query_-GRDcYlSjwLZPQ0LqKatqA,isotropic,1234,jpeg50,596,manila:140,manila:171,15.680000,36.1773
manila_query_-GRDcYlSjwLZPQ0LqKatqA,white_box,1234,jpeg50,855,amman:23,manila:171,15.680001,36.1773
manila_query_-GRDcYlSjwLZPQ0LqKatqA,transfer_1,1234,jpeg50,731,manila:140,manila:171,15.679998,36.1773
manila_query_-GRDcYlSjwLZPQ0LqKatqA,transfer_2,1234,jpeg50,423,manila:140,manila:171,15.679996,36.1773
manila_query_-GRDcYlSjwLZPQ0LqKatqA,transfer_3,1234,jpeg50,803,manila:140,manila:171,15.679997,36.1773
nairobi_query_0u9pYEI4g20T0TGGb3Q_mw,isotropic,1234,jpeg50,21,nairobi:22,nairobi:19,15.679998,36.1773
nairobi_query_0u9pYEI4g20T0TGGb3Q_mw,white_box,1234,jpeg50,557,toronto:265,nairobi:19,15.679997,36.1773
nairobi_query_0u9pYEI4g20T0TGGb3Q_mw,transfer_1,1234,jpeg50,112,cph:176,nairobi:19,15.679995,36.1773
nairobi_query_0u9pYEI4g20T0TGGb3Q_mw,transfer_2,1234,jpeg50,121,cph:176,nairobi:19,15.679998,36.1773
nairobi_query_0u9pYEI4g20T0TGGb3Q_mw,transfer_3,1234,jpeg50,58,cph:176,nairobi:19,15.679997,36.1773
toronto_query_-90qYles5GKU3ikhCYP3xg,isotropic,1234,jpeg50,10,amman:11,toronto:265,15.679998,36.1773
toronto_query_-90qYles5GKU3ikhCYP3xg,white_box,1234,jpeg50,107,amman:11,toronto:265,15.680000,36.1773
toronto_query_-90qYles5GKU3ikhCYP3xg,transfer_1,1234,jpeg50,13,amman:11,toronto:265,15.680002,36.1773
toronto_query_-90qYles5GKU3ikhCYP3xg,transfer_2,1234,jpeg50,15,amman:11,toronto:265,15.680000,36.1773
toronto_query_-90qYles5GKU3ikhCYP3xg,transfer_3,1234,jpeg50,22,amman:25,toronto:265,15.680002,36.1773
zurich_query_-ckZ0rXdz4mibIinNjdoZQ,isotropic,1234,jpeg50,30,boston:99,zurich:19,15.679997,36.1773
zurich_query_-ckZ0rXdz4mibIinNjdoZQ,white_box,1234,jpeg50,165,manila:189,zurich:19,15.679996,36.1773
zurich_query_-ckZ0rXdz4mibIinNjdoZQ,transfer_1,1234,jpeg50,6,amman:35,zurich:19,15.680002,36.1773
zurich_query_-ckZ0rXdz4mibIinNjdoZQ,transfer_2,1234,jpeg50,3,amman:35,zurich:19,15.680001,36.1773
zurich_query_-ckZ0rXdz4mibIinNjdoZQ,transfer_3,1234,jpeg50,26,boston:249,zurich:19,15.680007,36.1773
amman_query_0R0A_PhOAjP-uMDPM7p7mA,isotropic,1234,jpeg50,16,cph:332,amman:29,15.679997,36.1773
amman_query_0R0A_PhOAjP-uMDPM7p7mA,white_box,1234,jpeg50,84,amman:18,amman:29,15.680002,36.1773
amman_query_0R0A_PhOAjP-uMDPM7p7mA,transfer_1,1234,jpeg50,1,amman:29,amman:29,15.680000,36.1773
amman_query_0R0A_PhOAjP-uMDPM7p7mA,transfer_2,1234,jpeg50,3,amman:21,amman:29,15.680004,36.1773
amman_query_0R0A_PhOAjP-uMDPM7p7mA,transfer_3,1234,jpeg50,5,amman:23,amman:29,15.680008,36.1773
boston_query_-F1y-kaybMQbp8p7UR03TA,isotropic,1234,jpeg50,77,boston:27,boston:250,15.679998,36.1773
boston_query_-F1y-kaybMQbp8p7UR03TA,white_box,1234,jpeg50,854,manila:87,boston:250,15.679992,36.1773
boston_query_-F1y-kaybMQbp8p7UR03TA,transfer_1,1234,jpeg50,107,boston:27,boston:250,15.679997,36.1773
boston_query_-F1y-kaybMQbp8p7UR03TA,transfer_2,1234,jpeg50,284,boston:27,boston:250,15.680004,36.1773
boston_query_-F1y-kaybMQbp8p7UR03TA,transfer_3,1234,jpeg50,111,boston:27,boston:250,15.680000,36.1773
cph_query_-EJZ9qR_FRIGfCF6DhQCJg,isotropic,1234,jpeg50,1,cph:175,cph:175,15.680000,36.1773
cph_query_-EJZ9qR_FRIGfCF6DhQCJg,white_box,1234,jpeg50,34,cph:96,cph:175,15.680000,36.1773
cph_query_-EJZ9qR_FRIGfCF6DhQCJg,transfer_1,1234,jpeg50,1,cph:175,cph:175,15.679998,36.1773
cph_query_-EJZ9qR_FRIGfCF6DhQCJg,transfer_2,1234,jpeg50,2,cph:297,cph:175,15.679998,36.1773
cph_query_-EJZ9qR_FRIGfCF6DhQCJg,transfer_3,1234,jpeg50,3,cph:297,cph:175,15.679997,36.1773
london_query_-XIh6yuegk86oURAbggPpw,isotropic,1234,jpeg50,9,london:62,london:76,15.680000,36.1773
london_query_-XIh6yuegk86oURAbggPpw,white_box,1234,jpeg50,425,boston:249,london:76,15.679997,36.1773
london_query_-XIh6yuegk86oURAbggPpw,transfer_1,1234,jpeg50,42,london:62,london:76,15.680000,36.1773
london_query_-XIh6yuegk86oURAbggPpw,transfer_2,1234,jpeg50,44,london:62,london:76,15.679997,36.1773
london_query_-XIh6yuegk86oURAbggPpw,transfer_3,1234,jpeg50,23,london:51,london:76,15.680000,36.1773
manila_query_-GYvqZ8BYSfzGUbFI13obA,isotropic,1234,jpeg50,160,manila:51,manila:109,15.680000,36.1773
manila_query_-GYvqZ8BYSfzGUbFI13obA,white_box,1234,jpeg50,824,manila:51,manila:109,15.679997,36.1773
manila_query_-GYvqZ8BYSfzGUbFI13obA,transfer_1,1234,jpeg50,143,manila:51,manila:109,15.680002,36.1773
manila_query_-GYvqZ8BYSfzGUbFI13obA,transfer_2,1234,jpeg50,285,manila:51,manila:109,15.680000,36.1773
manila_query_-GYvqZ8BYSfzGUbFI13obA,transfer_3,1234,jpeg50,369,manila:51,manila:109,15.680000,36.1773
nairobi_query_16KxNH7RD-4ITdBTZKvAXw,isotropic,1234,jpeg50,13,nairobi:4,nairobi:3,15.680000,36.1773
nairobi_query_16KxNH7RD-4ITdBTZKvAXw,white_box,1234,jpeg50,441,cph:345,nairobi:3,15.679997,36.1773
nairobi_query_16KxNH7RD-4ITdBTZKvAXw,transfer_1,1234,jpeg50,10,nairobi:4,nairobi:3,15.680000,36.1773
nairobi_query_16KxNH7RD-4ITdBTZKvAXw,transfer_2,1234,jpeg50,28,london:85,nairobi:3,15.679997,36.1773
nairobi_query_16KxNH7RD-4ITdBTZKvAXw,transfer_3,1234,jpeg50,40,london:85,nairobi:3,15.679993,36.1773
toronto_query_-95Ypw11XUgNqZdY5m4GCw,isotropic,1234,jpeg50,253,toronto:253,toronto:85,15.679997,36.1773
toronto_query_-95Ypw11XUgNqZdY5m4GCw,white_box,1234,jpeg50,1836,toronto:253,toronto:85,15.679997,36.1773
toronto_query_-95Ypw11XUgNqZdY5m4GCw,transfer_1,1234,jpeg50,240,toronto:253,toronto:85,15.679997,36.1773
toronto_query_-95Ypw11XUgNqZdY5m4GCw,transfer_2,1234,jpeg50,340,toronto:253,toronto:85,15.680002,36.1773
toronto_query_-95Ypw11XUgNqZdY5m4GCw,transfer_3,1234,jpeg50,310,toronto:253,toronto:85,15.680000,36.1773
zurich_query_-fOHAPAq-KX4XPlg0JJPvg,isotropic,1234,jpeg50,358,cph:464,zurich:96,15.679998,36.1773
zurich_query_-fOHAPAq-KX4XPlg0JJPvg,white_box,1234,jpeg50,779,cph:271,zurich:96,15.679998,36.1773
zurich_query_-fOHAPAq-KX4XPlg0JJPvg,transfer_1,1234,jpeg50,251,cph:464,zurich:96,15.680000,36.1773
zurich_query_-fOHAPAq-KX4XPlg0JJPvg,transfer_2,1234,jpeg50,298,cph:464,zurich:96,15.679997,36.1773
zurich_query_-fOHAPAq-KX4XPlg0JJPvg,transfer_3,1234,jpeg50,361,cph:464,zurich:96,15.680007,36.1773
amman_query_0RRGZCCzxqj8dJzhN-RnQQ,isotropic,1234,jpeg50,484,london:126,amman:6,15.680000,36.1773
amman_query_0RRGZCCzxqj8dJzhN-RnQQ,white_box,1234,jpeg50,981,zurich:48,amman:6,15.679997,36.1773
amman_query_0RRGZCCzxqj8dJzhN-RnQQ,transfer_1,1234,jpeg50,669,boston:98,amman:6,15.680000,36.1773
amman_query_0RRGZCCzxqj8dJzhN-RnQQ,transfer_2,1234,jpeg50,571,amman:23,amman:6,15.679997,36.1773
amman_query_0RRGZCCzxqj8dJzhN-RnQQ,transfer_3,1234,jpeg50,590,amman:25,amman:6,15.679996,36.1773
boston_query_-GJo3fVMwIWZoCYgf09NLQ,isotropic,1234,jpeg50,285,manila:87,boston:235,15.680002,36.1773
boston_query_-GJo3fVMwIWZoCYgf09NLQ,white_box,1234,jpeg50,703,boston:206,boston:235,15.679997,36.1773
boston_query_-GJo3fVMwIWZoCYgf09NLQ,transfer_1,1234,jpeg50,529,manila:87,boston:235,15.679997,36.1773
boston_query_-GJo3fVMwIWZoCYgf09NLQ,transfer_2,1234,jpeg50,541,cph:429,boston:235,15.680002,36.1773
boston_query_-GJo3fVMwIWZoCYgf09NLQ,transfer_3,1234,jpeg50,497,cph:429,boston:235,15.679997,36.1773
cph_query_-Eb1W6216G9S88OFy95k4Q,isotropic,1234,jpeg50,1,cph:366,cph:366,15.679998,36.1773
cph_query_-Eb1W6216G9S88OFy95k4Q,white_box,1234,jpeg50,1,cph:366,cph:366,15.680002,36.1773
cph_query_-Eb1W6216G9S88OFy95k4Q,transfer_1,1234,jpeg50,1,cph:366,cph:366,15.679995,36.1773
cph_query_-Eb1W6216G9S88OFy95k4Q,transfer_2,1234,jpeg50,1,cph:366,cph:366,15.680000,36.1773
cph_query_-Eb1W6216G9S88OFy95k4Q,transfer_3,1234,jpeg50,1,cph:366,cph:366,15.679995,36.1773
london_query_-XZRTRoj7LEefbZ7UDBzXg,isotropic,1234,jpeg50,1034,cph:297,london:29,15.679997,36.1773
london_query_-XZRTRoj7LEefbZ7UDBzXg,white_box,1234,jpeg50,596,manila:143,london:29,15.679997,36.1773
london_query_-XZRTRoj7LEefbZ7UDBzXg,transfer_1,1234,jpeg50,1115,cph:297,london:29,15.679996,36.1773
london_query_-XZRTRoj7LEefbZ7UDBzXg,transfer_2,1234,jpeg50,832,cph:297,london:29,15.679993,36.1773
london_query_-XZRTRoj7LEefbZ7UDBzXg,transfer_3,1234,jpeg50,989,amman:31,london:29,15.680000,36.1773
manila_query_-HF88JWAO1GDy0F6B4ZeZg,isotropic,1234,jpeg50,63,manila:134,manila:202,15.679998,36.1773
manila_query_-HF88JWAO1GDy0F6B4ZeZg,white_box,1234,jpeg50,491,manila:72,manila:202,15.679996,36.1773
manila_query_-HF88JWAO1GDy0F6B4ZeZg,transfer_1,1234,jpeg50,200,amman:6,manila:202,15.679996,36.1773
manila_query_-HF88JWAO1GDy0F6B4ZeZg,transfer_2,1234,jpeg50,273,manila:134,manila:202,15.679998,36.1773
manila_query_-HF88JWAO1GDy0F6B4ZeZg,transfer_3,1234,jpeg50,163,manila:143,manila:202,15.679997,36.1773
nairobi_query_183WoPTmmjfRAAmVLL6TDw,isotropic,1234,jpeg50,98,toronto:351,nairobi:1,15.680000,36.1773
nairobi_query_183WoPTmmjfRAAmVLL6TDw,white_box,1234,jpeg50,471,boston:234,nairobi:1,15.679998,36.1773
nairobi_query_183WoPTmmjfRAAmVLL6TDw,transfer_1,1234,jpeg50,71,toronto:354,nairobi:1,15.680007,36.1773
nairobi_query_183WoPTmmjfRAAmVLL6TDw,transfer_2,1234,jpeg50,110,toronto:354,nairobi:1,15.680000,36.1773
nairobi_query_183WoPTmmjfRAAmVLL6TDw,transfer_3,1234,jpeg50,184,toronto:354,nairobi:1,15.680005,36.1773
toronto_query_-9p2_cESNINnXfab4o-dKQ,isotropic,1234,jpeg50,126,amman:30,toronto:121,15.680001,36.1773
toronto_query_-9p2_cESNINnXfab4o-dKQ,white_box,1234,jpeg50,1829,cph:94,toronto:121,15.679996,36.1773
toronto_query_-9p2_cESNINnXfab4o-dKQ,transfer_1,1234,jpeg50,201,boston:216,toronto:121,15.679998,36.1773
toronto_query_-9p2_cESNINnXfab4o-dKQ,transfer_2,1234,jpeg50,355,boston:216,toronto:121,15.680000,36.1773
toronto_query_-9p2_cESNINnXfab4o-dKQ,transfer_3,1234,jpeg50,275,boston:216,toronto:121,15.679992,36.1773
zurich_query_-iln48QPRjkI40nJSzd6lg,isotropic,1234,jpeg50,1,zurich:109,zurich:109,15.680000,36.1773
zurich_query_-iln48QPRjkI40nJSzd6lg,white_box,1234,jpeg50,58,toronto:301,zurich:109,15.680002,36.1773
zurich_query_-iln48QPRjkI40nJSzd6lg,transfer_1,1234,jpeg50,1,zurich:109,zurich:109,15.680000,36.1773
zurich_query_-iln48QPRjkI40nJSzd6lg,transfer_2,1234,jpeg50,1,zurich:109,zurich:109,15.680002,36.1773
zurich_query_-iln48QPRjkI40nJSzd6lg,transfer_3,1234,jpeg50,1,zurich:109,zurich:109,15.679997,36.1773
amman_query_0fPb7in-cHyh0MAM_N6Zwg,isotropic,1234,jpeg50,9,cph:464,amman:13,15.679998,36.1773
amman_query_0fPb7in-cHyh0MAM_N6Zwg,white_box,1234,jpeg50,45,amman:23,amman:13,15.679997,36.1773
amman_query_0fPb7in-cHyh0MAM_N6Zwg,transfer_1,1234,jpeg50,17,cph:464,amman:13,15.680002,36.1773
amman_query_0fPb7in-cHyh0MAM_N6Zwg,transfer_2,1234,jpeg50,21,cph:464,amman:13,15.680008,36.1773
amman_query_0fPb7in-cHyh0MAM_N6Zwg,transfer_3,1234,jpeg50,23,cph:464,amman:13,15.680000,36.1773
boston_query_-HufF4iDO00S4hZK96hUyw,isotropic,1234,jpeg50,13,cph:243,boston:145,15.680000,36.1773
boston_query_-HufF4iDO00S4hZK96hUyw,white_box,1234,jpeg50,33,zurich:33,boston:145,15.680000,36.1773
boston_query_-HufF4iDO00S4hZK96hUyw,transfer_1,1234,jpeg50,5,boston:234,boston:145,15.680000,36.1773
boston_query_-HufF4iDO00S4hZK96hUyw,transfer_2,1234,jpeg50,10,zurich:33,boston:145,15.680000,36.1773
boston_query_-HufF4iDO00S4hZK96hUyw,transfer_3,1234,jpeg50,1,boston:145,boston:145,15.679997,36.1773
cph_query_-Efn_mUBXLqGWGzUw3Youw,isotropic,1234,jpeg50,13,toronto:103,cph:460,15.680000,36.1773
cph_query_-Efn_mUBXLqGWGzUw3Youw,white_box,1234,jpeg50,311,london:34,cph:460,15.679998,36.1773
cph_query_-Efn_mUBXLqGWGzUw3Youw,transfer_1,1234,jpeg50,8,toronto:103,cph:460,15.679998,36.1773
cph_query_-Efn_mUBXLqGWGzUw3Youw,transfer_2,1234,jpeg50,49,cph:271,cph:460,15.679997,36.1773
cph_query_-Efn_mUBXLqGWGzUw3Youw,transfer_3,1234,jpeg50,25,cph:332,cph:460,15.680004,36.1773
london_query_-b5BCVv9Qd6OhZGxpoqS5A,isotropic,1234,jpeg50,2,cph:500,london:84,15.679997,36.1773
london_query_-b5BCVv9Qd6OhZGxpoqS5A,white_box,1234,jpeg50,37,zurich:64,london:84,15.680001,36.1773
london_query_-b5BCVv9Qd6OhZGxpoqS5A,transfer_1,1234,jpeg50,5,cph:500,london:84,15.679991,36.1773
london_query_-b5BCVv9Qd6OhZGxpoqS5A,transfer_2,1234,jpeg50,7,boston:90,london:84,15.680000,36.1773
london_query_-b5BCVv9Qd6OhZGxpoqS5A,transfer_3,1234,jpeg50,8,cph:500,london:84,15.679995,36.1773
manila_query_-KU1q5fdqSI_GghxKumbeg,isotropic,1234,jpeg50,81,boston:248,manila:67,15.679996,36.1773
manila_query_-KU1q5fdqSI_GghxKumbeg,white_box,1234,jpeg50,336,cph:94,manila:67,15.680001,36.1773
manila_query_-KU1q5fdqSI_GghxKumbeg,transfer_1,1234,jpeg50,45,cph:429,manila:67,15.680002,36.1773
manila_query_-KU1q5fdqSI_GghxKumbeg,transfer_2,1234,jpeg50,43,boston:248,manila:67,15.680000,36.1773
manila_query_-KU1q5fdqSI_GghxKumbeg,transfer_3,1234,jpeg50,25,cph:429,manila:67,15.680002,36.1773
nairobi_query_19K8RILgg4ErFKJ9l5D9zQ,isotropic,1234,jpeg50,130,nairobi:4,nairobi:10,15.679998,36.1773
nairobi_query_19K8RILgg4ErFKJ9l5D9zQ,white_box,1234,jpeg50,308,manila:92,nairobi:10,15.680000,36.1773
nairobi_query_19K8RILgg4ErFKJ9l5D9zQ,transfer_1,1234,jpeg50,132,nairobi:4,nairobi:10,15.679997,36.1773
nairobi_query_19K8RILgg4ErFKJ9l5D9zQ,transfer_2,1234,jpeg50,168,nairobi:4,nairobi:10,15.679997,36.1773
nairobi_query_19K8RILgg4ErFKJ9l5D9zQ,transfer_3,1234,jpeg50,320,boston:206,nairobi:10,15.679997,36.1773
toronto_query_-Af6Q3npKjccLu7TwYvlsQ,isotropic,1234,jpeg50,1,toronto:197,toronto:197,15.680000,36.1773
toronto_query_-Af6Q3npKjccLu7TwYvlsQ,white_box,1234,jpeg50,5,amman:1,toronto:197,15.679995,36.1773
toronto_query_-Af6Q3npKjccLu7TwYvlsQ,transfer_1,1234,jpeg50,1,toronto:197,toronto:197,15.679996,36.1773
toronto_query_-Af6Q3npKjccLu7TwYvlsQ,transfer_2,1234,jpeg50,1,toronto:197,toronto:197,15.679997,36.1773
toronto_query_-Af6Q3npKjccLu7TwYvlsQ,transfer_3,1234,jpeg50,1,toronto:197,toronto:197,15.680000,36.1773
zurich_query_-ldtR3_I7eHdDGYU5BNczg,isotropic,1234,jpeg50,167,cph:271,zurich:105,15.680001,36.1773
zurich_query_-ldtR3_I7eHdDGYU5BNczg,white_box,1234,jpeg50,149,manila:106,zurich:105,15.679997,36.1773
zurich_query_-ldtR3_I7eHdDGYU5BNczg,transfer_1,1234,jpeg50,67,manila:13,zurich:105,15.680000,36.1773
zurich_query_-ldtR3_I7eHdDGYU5BNczg,transfer_2,1234,jpeg50,143,zurich:35,zurich:105,15.679996,36.1773
zurich_query_-ldtR3_I7eHdDGYU5BNczg,transfer_3,1234,jpeg50,132,zurich:35,zurich:105,15.680001,36.1773
amman_query_0mtodUgJmOV4UK-0AiTGHg,isotropic,1234,jpeg50,1,amman:26,amman:26,15.680000,36.1773
amman_query_0mtodUgJmOV4UK-0AiTGHg,white_box,1234,jpeg50,6,manila:143,amman:26,15.680000,36.1773
amman_query_0mtodUgJmOV4UK-0AiTGHg,transfer_1,1234,jpeg50,1,amman:26,amman:26,15.679998,36.1773
amman_query_0mtodUgJmOV4UK-0AiTGHg,transfer_2,1234,jpeg50,1,amman:26,amman:26,15.680000,36.1773
amman_query_0mtodUgJmOV4UK-0AiTGHg,transfer_3,1234,jpeg50,3,amman:1,amman:26,15.680000,36.1773
boston_query_-IYAXZ4yoOS7SzEIu2m-me,isotropic,1234,jpeg50,9,boston:123,boston:98,15.679997,36.1773
boston_query_-IYAXZ4yoOS7SzEIu2m-me,white_box,1234,jpeg50,104,boston:123,boston:98,15.680002,36.1773
boston_query_-IYAXZ4yoOS7SzEIu2m-me,transfer_1,1234,jpeg50,7,boston:123,boston:98,15.679998,36.1773
boston_query_-IYAXZ4yoOS7SzEIu2m-me,transfer_2,1234,jpeg50,25,boston:123,boston:98,15.679998,36.1773
boston_query_-IYAXZ4yoOS7SzEIu2m-me,transfer_3,1234,jpeg50,4,boston:235,boston:98,15.680005,36.1773
cph_query_-F5w8wQO0CU26PCfOqANzA,isotropic,1234,jpeg50,103,toronto:23,cph:370,15.679998,36.1773
cph_query_-F5w8wQO0CU26PCfOqANzA,white_box,1234,jpeg50,950,boston:249,cph:370,15.679998,36.1773
cph_query_-F5w8wQO0CU26PCfOqANzA,transfer_1,1234,jpeg50,105,toronto:23,cph:370,15.680000,36.1773
cph_query_-F5w8wQO0CU26PCfOqANzA,transfer_2,1234,jpeg50,103,toronto:23,cph:370,15.680002,36.1773
cph_query_-F5w8wQO0CU26PCfOqANzA,transfer_3,1234,jpeg50,227,boston:145,cph:370,15.679996,36.1773
london_query_-c-T7aulp9a5g-J9zYbYiQ,isotropic,1234,jpeg50,353,manila:134,london:51,15.680001,36.1773
london_query_-c-T7aulp9a5g-J9zYbYiQ,white_box,1234,jpeg50,1732,manila:92,london:51,15.680005,36.1773
london_query_-c-T7aulp9a5g-J9zYbYiQ,transfer_1,1234,jpeg50,426,manila:134,london:51,15.680002,36.1773
london_query_-c-T7aulp9a5g-J9zYbYiQ,transfer_2,1234,jpeg50,400,zurich:42,london:51,15.680005,36.1773
london_query_-c-T7aulp9a5g-J9zYbYiQ,transfer_3,1234,jpeg50,555,manila:134,london:51,15.679998,36.1773
manila_query_-KoSUCrB2w1FscwO9vyRlw,isotropic,1234,jpeg50,233,zurich:103,manila:31,15.680000,36.1773
manila_query_-KoSUCrB2w1FscwO9vyRlw,white_box,1234,jpeg50,1029,manila:72,manila:31,15.679998,36.1773
manila_query_-KoSUCrB2w1FscwO9vyRlw,transfer_1,1234,jpeg50,181,manila:29,manila:31,15.680000,36.1773
manila_query_-KoSUCrB2w1FscwO9vyRlw,transfer_2,1234,jpeg50,264,manila:190,manila:31,15.680002,36.1773
manila_query_-KoSUCrB2w1FscwO9vyRlw,transfer_3,1234,jpeg50,249,manila:72,manila:31,15.680000,36.1773
nairobi_query_1J7o8IGEriKnTs-ay8aPNQ,isotropic,1234,jpeg50,2,cph:241,nairobi:3,15.679997,36.1773
nairobi_query_1J7o8IGEriKnTs-ay8aPNQ,white_box,1234,jpeg50,46,amman:23,nairobi:3,15.679996,36.1773
nairobi_query_1J7o8IGEriKnTs-ay8aPNQ,transfer_1,1234,jpeg50,1,nairobi:3,nairobi:3,15.679996,36.1773
nairobi_query_1J7o8IGEriKnTs-ay8aPNQ,transfer_2,1234,jpeg50,2,manila:181,nairobi:3,15.679997,36.1773
nairobi_query_1J7o8IGEriKnTs-ay8aPNQ,transfer_3,1234,jpeg50,1,nairobi:3,nairobi:3,15.680004,36.1773
toronto_query_-AlgHQUWzDPe9bpb8ZAzSA,isotropic,1234,jpeg50,180,toronto:23,toronto:171,15.680000,36.1773
toronto_query_-AlgHQUWzDPe9bpb8ZAzSA,white_box,1234,jpeg50,129,toronto:346,toronto:171,15.679998,36.1773
toronto_query_-AlgHQUWzDPe9bpb8ZAzSA,transfer_1,1234,jpeg50,330,toronto:23,toronto:171,15.680000,36.1773
toronto_query_-AlgHQUWzDPe9bpb8ZAzSA,transfer_2,1234,jpeg50,327,toronto:23,toronto:171,15.679995,36.1773
toronto_query_-AlgHQUWzDPe9bpb8ZAzSA,transfer_3,1234,jpeg50,535,zurich:109,toronto:171,15.679995,36.1773
zurich_query_-m5K41q4X0r8qu_XnaYlIg,isotropic,1234,jpeg50,30,cph:162,zurich:14,15.680002,36.1773
zurich_query_-m5K41q4X0r8qu_XnaYlIg,white_box,1234,jpeg50,4,cph:464,zurich:14,15.679997,36.1773
zurich_query_-m5K41q4X0r8qu_XnaYlIg,transfer_1,1234,jpeg50,21,amman:31,zurich:14,15.679998,36.1773
zurich_query_-m5K41q4X0r8qu_XnaYlIg,transfer_2,1234,jpeg50,24,cph:429,zurich:14,15.679997,36.1773
zurich_query_-m5K41q4X0r8qu_XnaYlIg,transfer_3,1234,jpeg50,68,cph:429,zurich:14,15.680001,36.1773
amman_query_0rJM3ZzX3JzTTpl0GCia8w,isotropic,1234,jpeg50,379,amman:37,amman:36,15.680000,36.1773
amman_query_0rJM3ZzX3JzTTpl0GCia8w,white_box,1234,jpeg50,327,amman:37,amman:36,15.680000,36.1773
amman_query_0rJM3ZzX3JzTTpl0GCia8w,transfer_1,1234,jpeg50,435,amman:37,amman:36,15.679997,36.1773
amman_query_0rJM3ZzX3JzTTpl0GCia8w,transfer_2,1234,jpeg50,320,boston:47,amman:36,15.680000,36.1773
amman_query_0rJM3ZzX3JzTTpl0GCia8w,transfer_3,1234,jpeg50,359,amman:37,amman:36,15.679997,36.1773
boston_query_-Jix8HM-vXTXdWrXQwVvQw,isotropic,1234,jpeg50,3,boston:191,boston:123,15.680000,36.1773
boston_query_-Jix8HM-vXTXdWrXQwVvQw,white_box,1234,jpeg50,4,manila:181,boston:123,15.679998,36.1773
boston_query_-Jix8HM-vXTXdWrXQwVvQw,transfer_1,1234,jpeg50,3,boston:191,boston:123,15.680008,36.1773
boston_query_-Jix8HM-vXTXdWrXQwVvQw,transfer_2,1234,jpeg50,3,boston:191,boston:123,15.680001,36.1773
boston_query_-Jix8HM-vXTXdWrXQwVvQw,transfer_3,1234,jpeg50,2,boston:191,boston:123,15.679997,36.1773
cph_query_-FLAkBWjfrY2RcqaQ-LgmQ,isotropic,1234,jpeg50,2,cph:243,cph:261,15.679998,36.1773
cph_query_-FLAkBWjfrY2RcqaQ-LgmQ,white_box,1234,jpeg50,666,toronto:207,cph:261,15.680004,36.1773
cph_query_-FLAkBWjfrY2RcqaQ-LgmQ,transfer_1,1234,jpeg50,14,amman:30,cph:261,15.679997,36.1773
cph_query_-FLAkBWjfrY2RcqaQ-LgmQ,transfer_2,1234,jpeg50,28,amman:30,cph:261,15.680005,36.1773
cph_query_-FLAkBWjfrY2RcqaQ-LgmQ,transfer_3,1234,jpeg50,12,cph:243,cph:261,15.680001,36.1773
london_query_-cAVonhAOLeSK7tfil0ceg,isotropic,1234,jpeg50,256,cph:459,london:100,15.679996,36.1773
london_query_-cAVonhAOLeSK7tfil0ceg,white_box,1234,jpeg50,877,amman:23,london:100,15.680002,36.1773
london_query_-cAVonhAOLeSK7tfil0ceg,transfer_1,1234,jpeg50,394,manila:46,london:100,15.679997,36.1773
london_query_-cAVonhAOLeSK7tfil0ceg,transfer_2,1234,jpeg50,397,manila:46,london:100,15.680000,36.1773
london_query_-cAVonhAOLeSK7tfil0ceg,transfer_3,1234,jpeg50,586,manila:46,london:100,15.679998,36.1773
manila_query_-LBCdeO8C8kj5IjX1m3XTA,isotropic,1234,jpeg50,132,manila:177,manila:173,15.679998,36.1773
manila_query_-LBCdeO8C8kj5IjX1m3XTA,white_box,1234,jpeg50,709,amman:23,manila:173,15.680002,36.1773
manila_query_-LBCdeO8C8kj5IjX1m3XTA,transfer_1,1234,jpeg50,191,manila:177,manila:173,15.679997,36.1773
manila_query_-LBCdeO8C8kj5IjX1m3XTA,transfer_2,1234,jpeg50,214,manila:134,manila:173,15.679998,36.1773
manila_query_-LBCdeO8C8kj5IjX1m3XTA,transfer_3,1234,jpeg50,185,manila:177,manila:173,15.679997,36.1773
nairobi_query_1YjlKCdHNgoQBY8yOFqlmw,isotropic,1234,jpeg50,2,zurich:19,nairobi:8,15.679997,36.1773
nairobi_query_1YjlKCdHNgoQBY8yOFqlmw,white_box,1234,jpeg50,957,nairobi:20,nairobi:8,15.679995,36.1773
nairobi_query_1YjlKCdHNgoQBY8yOFqlmw,transfer_1,1234,jpeg50,11,zurich:19,nairobi:8,15.680000,36.1773
nairobi_query_1YjlKCdHNgoQBY8yOFqlmw,transfer_2,1234,jpeg50,11,zurich:19,nairobi:8,15.679998,36.1773
nairobi_query_1YjlKCdHNgoQBY8yOFqlmw,transfer_3,1234,jpeg50,26,zurich:19,nairobi:8,15.680001,36.1773
toronto_query_-B-3B3MjxX0UdrDIo-8kmA,isotropic,1234,jpeg50,8,manila:33,toronto:101,15.679998,36.1773
toronto_query_-B-3B3MjxX0UdrDIo-8kmA,white_box,1234,jpeg50,218,cph:384,toronto:101,15.680005,36.1773
toronto_query_-B-3B3MjxX0UdrDIo-8kmA,transfer_1,1234,jpeg50,14,cph:429,toronto:101,15.679993,36.1773
toronto_query_-B-3B3MjxX0UdrDIo-8kmA,transfer_2,1234,jpeg50,10,cph:71,toronto:101,15.680001,36.1773
toronto_query_-B-3B3MjxX0UdrDIo-8kmA,transfer_3,1234,jpeg50,87,cph:429,toronto:101,15.679998,36.1773
zurich_query_-nhCCSRwlsxqJsUbzqZvCQ,isotropic,1234,jpeg50,1280,amman:31,zurich:83,15.679998,36.1773
zurich_query_-nhCCSRwlsxqJsUbzqZvCQ,white_box,1234,jpeg50,1631,manila:29,zurich:83,15.680002,36.1773
zurich_query_-nhCCSRwlsxqJsUbzqZvCQ,transfer_1,1234,jpeg50,1101,manila:181,zurich:83,15.679997,36.1773
zurich_query_-nhCCSRwlsxqJsUbzqZvCQ,transfer_2,1234,jpeg50,1193,manila:181,zurich:83,15.679995,36.1773
zurich_query_-nhCCSRwlsxqJsUbzqZvCQ,transfer_3,1234,jpeg50,1380,manila:82,zurich:83,15.680002,36.1773
amman_query_12LbsAl_T_jgw2JHgbR5ng,isotropic,1234,jpeg50,41,amman:11,amman:35,15.679997,36.1773
amman_query_12LbsAl_T_jgw2JHgbR5ng,white_box,1234,jpeg50,1051,cph:271,amman:35,15.680000,36.1773
amman_query_12LbsAl_T_jgw2JHgbR5ng,transfer_1,1234,jpeg50,95,amman:11,amman:35,15.679993,36.1773
amman_query_12LbsAl_T_jgw2JHgbR5ng,transfer_2,1234,jpeg50,29,amman:23,amman:35,15.680011,36.1773
amman_query_12LbsAl_T_jgw2JHgbR5ng,transfer_3,1234,jpeg50,54,amman:11,amman:35,15.679998,36.1773
boston_query_-Jv7RF27BSJIV-gqOI7KxZ,isotropic,1234,jpeg50,23,london:122,boston:195,15.680000,36.1773
boston_query_-Jv7RF27BSJIV-gqOI7KxZ,white_box,1234,jpeg50,150,amman:22,boston:195,15.680000,36.1773
boston_query_-Jv7RF27BSJIV-gqOI7KxZ,transfer_1,1234,jpeg50,23,manila:46,boston:195,15.680000,36.1773
boston_query_-Jv7RF27BSJIV-gqOI7KxZ,transfer_2,1234,jpeg50,38,manila:46,boston:195,15.680002,36.1773
boston_query_-Jv7RF27BSJIV-gqOI7KxZ,transfer_3,1234,jpeg50,34,manila:46,boston:195,15.679998,36.1773
cph_query_-GVbOpzggFXAot0UyKhx2g,isotropic,1234,jpeg50,3,cph:243,cph:4,15.679998,36.1773
cph_query_-GVbOpzggFXAot0UyKhx2g,white_box,1234,jpeg50,1142,boston:234,cph:4,15.679995,36.1773
cph_query_-GVbOpzggFXAot0UyKhx2g,transfer_1,1234,jpeg50,4,cph:243,cph:4,15.679998,36.1773
cph_query_-GVbOpzggFXAot0UyKhx2g,transfer_2,1234,jpeg50,24,cph:243,cph:4,15.680000,36.1773
cph_query_-GVbOpzggFXAot0UyKhx2g,transfer_3,1234,jpeg50,49,cph:271,cph:4,15.679997,36.1773
london_query_-dHWRapn57-l_kynPnun3Q,isotropic,1234,jpeg50,11,london:76,london:21,15.679998,36.1773
london_query_-dHWRapn57-l_kynPnun3Q,white_box,1234,jpeg50,35,london:51,london:21,15.680000,36.1773
london_query_-dHWRapn57-l_kynPnun3Q,transfer_1,1234,jpeg50,14,london:76,london:21,15.680000,36.1773
london_query_-dHWRapn57-l_kynPnun3Q,transfer_2,1234,jpeg50,12,london:76,london:21,15.680005,36.1773
london_query_-dHWRapn57-l_kynPnun3Q,transfer_3,1234,jpeg50,11,london:76,london:21,15.679989,36.1773
manila_query_-MH02w7P6jmmqnoUdL-55Q,isotropic,1234,jpeg50,19,manila:29,manila:72,15.680001,36.1773
manila_query_-MH02w7P6jmmqnoUdL-55Q,white_box,1234,jpeg50,86,manila:183,manila:72,15.679997,36.1773
manila_query_-MH02w7P6jmmqnoUdL-55Q,transfer_1,1234,jpeg50,29,manila:33,manila:72,15.680000,36.1773
manila_query_-MH02w7P6jmmqnoUdL-55Q,transfer_2,1234,jpeg50,23,manila:33,manila:72,15.679995,36.1773
manila_query_-MH02w7P6jmmqnoUdL-55Q,transfer_3,1234,jpeg50,39,manila:33,manila:72,15.679996,36.1773
nairobi_query_1Z__CFelPzXEI1IEu_8QJw,isotropic,1234,jpeg50,372,amman:1,nairobi:13,15.680001,36.1773
nairobi_query_1Z__CFelPzXEI1IEu_8QJw,white_box,1234,jpeg50,1532,manila:67,nairobi:13,15.680001,36.1773
nairobi_query_1Z__CFelPzXEI1IEu_8QJw,transfer_1,1234,jpeg50,288,manila:134,nairobi:13,15.679998,36.1773
nairobi_query_1Z__CFelPzXEI1IEu_8QJw,transfer_2,1234,jpeg50,514,amman:1,nairobi:13,15.680002,36.1773
nairobi_query_1Z__CFelPzXEI1IEu_8QJw,transfer_3,1234,jpeg50,368,amman:1,nairobi:13,15.679997,36.1773
toronto_query_-B136fRwqMBMXoc03yy-PQ,isotropic,1234,jpeg50,3,zurich:61,toronto:102,15.679997,36.1773
toronto_query_-B136fRwqMBMXoc03yy-PQ,white_box,1234,jpeg50,87,cph:33,toronto:102,15.679998,36.1773
toronto_query_-B136fRwqMBMXoc03yy-PQ,transfer_1,1234,jpeg50,5,cph:429,toronto:102,15.679997,36.1773
toronto_query_-B136fRwqMBMXoc03yy-PQ,transfer_2,1234,jpeg50,17,cph:429,toronto:102,15.679997,36.1773
toronto_query_-B136fRwqMBMXoc03yy-PQ,transfer_3,1234,jpeg50,28,zurich:61,toronto:102,15.680000,36.1773
zurich_query_-tYWpAACOq7RfVvZJ-BAcQ,isotropic,1234,jpeg50,156,toronto:55,zurich:30,15.679997,36.1773
zurich_query_-tYWpAACOq7RfVvZJ-BAcQ,white_box,1234,jpeg50,479,london:21,zurich:30,15.680002,36.1773
zurich_query_-tYWpAACOq7RfVvZJ-BAcQ,transfer_1,1234,jpeg50,243,toronto:55,zurich:30,15.679997,36.1773
zurich_query_-tYWpAACOq7RfVvZJ-BAcQ,transfer_2,1234,jpeg50,243,manila:87,zurich:30,15.679997,36.1773
zurich_query_-tYWpAACOq7RfVvZJ-BAcQ,transfer_3,1234,jpeg50,322,amman:1,zurich:30,15.679998,36.1773
amman_query_1HafWFxuyylXLnDzCoapDA,isotropic,1234,jpeg50,52,amman:23,amman:35,15.680000,36.1773
amman_query_1HafWFxuyylXLnDzCoapDA,white_box,1234,jpeg50,497,amman:22,amman:35,15.680000,36.1773
amman_query_1HafWFxuyylXLnDzCoapDA,transfer_1,1234,jpeg50,42,amman:23,amman:35,15.680000,36.1773
amman_query_1HafWFxuyylXLnDzCoapDA,transfer_2,1234,jpeg50,48,amman:23,amman:35,15.680002,36.1773
amman_query_1HafWFxuyylXLnDzCoapDA,transfer_3,1234,jpeg50,36,amman:23,amman:35,15.680001,36.1773
boston_query_-Kg6j3FKy26wYRLBkE_dFQ,isotropic,1234,jpeg50,7,toronto:23,boston:123,15.679997,36.1773
boston_query_-Kg6j3FKy26wYRLBkE_dFQ,white_box,1234,jpeg50,2,manila:143,boston:123,15.680000,36.1773
boston_query_-Kg6j3FKy26wYRLBkE_dFQ,transfer_1,1234,jpeg50,7,manila:153,boston:123,15.680005,36.1773
boston_query_-Kg6j3FKy26wYRLBkE_dFQ,transfer_2,1234,jpeg50,27,manila:153,boston:123,15.680000,36.1773
boston_query_-Kg6j3FKy26wYRLBkE_dFQ,transfer_3,1234,jpeg50,16,manila:153,boston:123,15.679997,36.1773
cph_query_-G_OOR1_yAfdfgnlKYNKnQ,isotropic,1234,jpeg50,1,cph:254,cph:254,15.680000,36.1773
cph_query_-G_OOR1_yAfdfgnlKYNKnQ,white_box,1234,jpeg50,43,cph:71,cph:254,15.680002,36.1773
cph_query_-G_OOR1_yAfdfgnlKYNKnQ,transfer_1,1234,jpeg50,1,cph:254,cph:254,15.680001,36.1773
cph_query_-G_OOR1_yAfdfgnlKYNKnQ,transfer_2,1234,jpeg50,1,cph:254,cph:254,15.679997,36.1773
cph_query_-G_OOR1_yAfdfgnlKYNKnQ,transfer_3,1234,jpeg50,1,cph:254,cph:254,15.679998,36.1773
london_query_-dZ1k85FDVdFSbcG6_ECOA,isotropic,1234,jpeg50,4,manila:13,london:62,15.680002,36.1773
london_query_-dZ1k85FDVdFSbcG6_ECOA,white_box,1234,jpeg50,658,manila:54,london:62,15.679992,36.1773
london_query_-dZ1k85FDVdFSbcG6_ECOA,transfer_1,1234,jpeg50,6,manila:13,london:62,15.680000,36.1773
london_query_-dZ1k85FDVdFSbcG6_ECOA,transfer_2,1234,jpeg50,22,manila:13,london:62,15.679998,36.1773
london_query_-dZ1k85FDVdFSbcG6_ECOA,transfer_3,1234,jpeg50,75,manila:13,london:62,15.680000,36.1773
manila_query_-MKMMHEd33H1_45AJ8B5AA,isotropic,1234,jpeg50,1,manila:20,manila:20,15.679995,36.1773
manila_query_-MKMMHEd33H1_45AJ8B5AA,white_box,1234,jpeg50,145,zurich:14,manila:20,15.680007,36.1773
manila_query_-MKMMHEd33H1_45AJ8B5AA,transfer_1,1234,jpeg50,1,manila:20,manila:20,15.680000,36.1773
manila_query_-MKMMHEd33H1_45AJ8B5AA,transfer_2,1234,jpeg50,1,manila:20,manila:20,15.680000,36.1773
manila_query_-MKMMHEd33H1_45AJ8B5AA,transfer_3,1234,jpeg50,2,manila:33,manila:20,15.679997,36.1773
nairobi_query_20W8wyVhxSIpj4ekTP7ezw,isotropic,1234,jpeg50,138,nairobi:4,nairobi:20,15.680000,36.1773
nairobi_query_20W8wyVhxSIpj4ekTP7ezw,white_box,1234,jpeg50,630,amman:1,nairobi:20,15.680000,36.1773
nairobi_query_20W8wyVhxSIpj4ekTP7ezw,transfer_1,1234,jpeg50,139,nairobi:4,nairobi:20,15.680000,36.1773
nairobi_query_20W8wyVhxSIpj4ekTP7ezw,transfer_2,1234,jpeg50,128,manila:6,nairobi:20,15.680000,36.1773
nairobi_query_20W8wyVhxSIpj4ekTP7ezw,transfer_3,1234,jpeg50,154,manila:132,nairobi:20,15.679997,36.1773
toronto_query_-BTAllhGXYkM_JsKwxUFMg,isotropic,1234,jpeg50,148,toronto:228,toronto:34,15.679997,36.1773
toronto_query_-BTAllhGXYkM_JsKwxUFMg,white_box,1234,jpeg50,921,toronto:130,toronto:34,15.679995,36.1773
toronto_query_-BTAllhGXYkM_JsKwxUFMg,transfer_1,1234,jpeg50,154,toronto:228,toronto:34,15.680002,36.1773
toronto_query_-BTAllhGXYkM_JsKwxUFMg,transfer_2,1234,jpeg50,237,toronto:228,toronto:34,15.680000,36.1773
toronto_query_-BTAllhGXYkM_JsKwxUFMg,transfer_3,1234,jpeg50,605,toronto:228,toronto:34,15.679997,36.1773
zurich_query_-uQ-4tnYcOJ9WPXRG-ou3w,isotropic,1234,jpeg50,315,cph:241,zurich:98,15.680001,36.1773
zurich_query_-uQ-4tnYcOJ9WPXRG-ou3w,white_box,1234,jpeg50,721,london:71,zurich:98,15.679995,36.1773
zurich_query_-uQ-4tnYcOJ9WPXRG-ou3w,transfer_1,1234,jpeg50,349,cph:429,zurich:98,15.680002,36.1773
zurich_query_-uQ-4tnYcOJ9WPXRG-ou3w,transfer_2,1234,jpeg50,369,cph:241,zurich:98,15.680002,36.1773
zurich_query_-uQ-4tnYcOJ9WPXRG-ou3w,transfer_3,1234,jpeg50,183,cph:332,zurich:98,15.680000,36.1773
amman_query_1IWpn2b6V75KvNFoTU8UOQ,isotropic,1234,jpeg50,38,boston:79,amman:26,15.680000,36.1773
amman_query_1IWpn2b6V75KvNFoTU8UOQ,white_box,1234,jpeg50,86,boston:145,amman:26,15.679996,36.1773
amman_query_1IWpn2b6V75KvNFoTU8UOQ,transfer_1,1234,jpeg50,19,boston:79,amman:26,15.680000,36.1773
amman_query_1IWpn2b6V75KvNFoTU8UOQ,transfer_2,1234,jpeg50,16,boston:79,amman:26,15.680005,36.1773
amman_query_1IWpn2b6V75KvNFoTU8UOQ,transfer_3,1234,jpeg50,23,boston:249,amman:26,15.679998,36.1773
boston_query_-LPTAIN0lPGriKBtXoH5Mg,isotropic,1234,jpeg50,1,boston:139,boston:139,15.680000,36.1773
boston_query_-LPTAIN0lPGriKBtXoH5Mg,white_box,1234,jpeg50,5,boston:47,boston:139,15.679998,36.1773
boston_query_-LPTAIN0lPGriKBtXoH5Mg,transfer_1,1234,jpeg50,1,boston:139,boston:139,15.679997,36.1773
boston_query_-LPTAIN0lPGriKBtXoH5Mg,transfer_2,1234,jpeg50,1,boston:139,boston:139,15.679997,36.1773
boston_query_-LPTAIN0lPGriKBtXoH5Mg,transfer_3,1234,jpeg50,1,boston:139,boston:139,15.680000,36.1773
cph_query_-Gsj5kZ1V6uLXFxzeI7G2Q,isotropic,1234,jpeg50,238,cph:54,cph:159,15.679997,36.1773
cph_query_-Gsj5kZ1V6uLXFxzeI7G2Q,white_box,1234,jpeg50,490,cph:96,cph:159,15.680000,36.1773
cph_query_-Gsj5kZ1V6uLXFxzeI7G2Q,transfer_1,1234,jpeg50,310,cph:54,cph:159,15.679995,36.1773
cph_query_-Gsj5kZ1V6uLXFxzeI7G2Q,transfer_2,1234,jpeg50,354,cph:54,cph:159,15.679995,36.1773
cph_query_-Gsj5kZ1V6uLXFxzeI7G2Q,transfer_3,1234,jpeg50,447,zurich:109,cph:159,15.679992,36.1773
london_query_-dp5VWHVq4LzwLgq7y7yhw,isotropic,1234,jpeg50,269,london:23,london:28,15.680000,36.1773
london_query_-dp5VWHVq4LzwLgq7y7yhw,white_box,1234,jpeg50,4,manila:142,london:28,15.679998,36.1773
london_query_-dp5VWHVq4LzwLgq7y7yhw,transfer_1,1234,jpeg50,255,london:36,london:28,15.679997,36.1773
london_query_-dp5VWHVq4LzwLgq7y7yhw,transfer_2,1234,jpeg50,345,london:21,london:28,15.679997,36.1773
london_query_-dp5VWHVq4LzwLgq7y7yhw,transfer_3,1234,jpeg50,399,london:21,london:28,15.680000,36.1773
manila_query_-N4wDG2Fhm38ZVy0hGp8_A,isotropic,1234,jpeg50,72,amman:1,manila:106,15.680000,36.1773
manila_query_-N4wDG2Fhm38ZVy0hGp8_A,white_box,1234,jpeg50,455,amman:6,manila:106,15.680000,36.1773
manila_query_-N4wDG2Fhm38ZVy0hGp8_A,transfer_1,1234,jpeg50,78,amman:1,manila:106,15.680000,36.1773
manila_query_-N4wDG2Fhm38ZVy0hGp8_A,transfer_2,1234,jpeg50,54,amman:1,manila:106,15.679997,36.1773
manila_query_-N4wDG2Fhm38ZVy0hGp8_A,transfer_3,1234,jpeg50,42,amman:1,manila:106,15.679997,36.1773
nairobi_query_2CNtCHy0TUbebdEFLYNrIQ,isotropic,1234,jpeg50,9,cph:459,nairobi:10,15.680000,36.1773
nairobi_query_2CNtCHy0TUbebdEFLYNrIQ,white_box,1234,jpeg50,4,cph:33,nairobi:10,15.680001,36.1773
nairobi_query_2CNtCHy0TUbebdEFLYNrIQ,transfer_1,1234,jpeg50,11,cph:459,nairobi:10,15.679997,36.1773
nairobi_query_2CNtCHy0TUbebdEFLYNrIQ,transfer_2,1234,jpeg50,9,cph:459,nairobi:10,15.680002,36.1773
nairobi_query_2CNtCHy0TUbebdEFLYNrIQ,transfer_3,1234,jpeg50,8,cph:459,nairobi:10,15.680000,36.1773
toronto_query_-Cdr8zjFdZw7nzz8_rwM4w,isotropic,1234,jpeg50,360,zurich:42,toronto:389,15.680000,36.1773
toronto_query_-Cdr8zjFdZw7nzz8_rwM4w,white_box,1234,jpeg50,695,london:68,toronto:389,15.680008,36.1773
toronto_query_-Cdr8zjFdZw7nzz8_rwM4w,transfer_1,1234,jpeg50,353,zurich:42,toronto:389,15.680002,36.1773
toronto_query_-Cdr8zjFdZw7nzz8_rwM4w,transfer_2,1234,jpeg50,225,zurich:42,toronto:389,15.680000,36.1773
toronto_query_-Cdr8zjFdZw7nzz8_rwM4w,transfer_3,1234,jpeg50,220,zurich:42,toronto:389,15.680000,36.1773
zurich_query_0247N-PdpG4_iueC_9_G4g,isotropic,1234,jpeg50,1,zurich:42,zurich:42,15.680000,36.1773
zurich_query_0247N-PdpG4_iueC_9_G4g,white_box,1234,jpeg50,234,boston:210,zurich:42,15.679989,36.1773
zurich_query_0247N-PdpG4_iueC_9_G4g,transfer_1,1234,jpeg50,1,zurich:42,zurich:42,15.680007,36.1773
zurich_query_0247N-PdpG4_iueC_9_G4g,transfer_2,1234,jpeg50,4,nairobi:22,zurich:42,15.680000,36.1773
zurich_query_0247N-PdpG4_iueC_9_G4g,transfer_3,1234,jpeg50,3,amman:23,zurich:42,15.679997,36.1773
amman_query_1Nmy4JnYnb5zA_JmbkDWBQ,isotropic,1234,jpeg50,511,amman:21,amman:4,15.680001,36.1773
amman_query_1Nmy4JnYnb5zA_JmbkDWBQ,white_box,1234,jpeg50,1626,amman:11,amman:4,15.679997,36.1773
amman_query_1Nmy4JnYnb5zA_JmbkDWBQ,transfer_1,1234,jpeg50,626,amman:21,amman:4,15.680001,36.1773
amman_query_1Nmy4JnYnb5zA_JmbkDWBQ,transfer_2,1234,jpeg50,747,amman:21,amman:4,15.680008,36.1773
amman_query_1Nmy4JnYnb5zA_JmbkDWBQ,transfer_3,1234,jpeg50,924,amman:21,amman:4,15.679995,36.1773
boston_query_-Lu6tv4tCQMDsXtxLtxMzQ,isotropic,1234,jpeg50,335,boston:79,boston:176,15.680000,36.1773
boston_query_-Lu6tv4tCQMDsXtxLtxMzQ,white_box,1234,jpeg50,867,amman:1,boston:176,15.680000,36.1773
boston_query_-Lu6tv4tCQMDsXtxLtxMzQ,transfer_1,1234,jpeg50,319,boston:79,boston:176,15.680000,36.1773
boston_query_-Lu6tv4tCQMDsXtxLtxMzQ,transfer_2,1234,jpeg50,349,boston:79,boston:176,15.680000,36.1773
boston_query_-Lu6tv4tCQMDsXtxLtxMzQ,transfer_3,1234,jpeg50,372,boston:79,boston:176,15.680001,36.1773
cph_query_-HqO0GfYTRx5TzfB_6mTqA,isotropic,1234,jpeg50,136,cph:245,cph:296,15.680001,36.1773
cph_query_-HqO0GfYTRx5TzfB_6mTqA,white_box,1234,jpeg50,688,toronto:207,cph:296,15.680001,36.1773
cph_query_-HqO0GfYTRx5TzfB_6mTqA,transfer_1,1234,jpeg50,90,zurich:5,cph:296,15.679997,36.1773
cph_query_-HqO0GfYTRx5TzfB_6mTqA,transfer_2,1234,jpeg50,81,boston:249,cph:296,15.679997,36.1773
cph_query_-HqO0GfYTRx5TzfB_6mTqA,transfer_3,1234,jpeg50,93,zurich:5,cph:296,15.680008,36.1773
london_query_-izmF6OCR-aIZLVQbzDbLQ,isotropic,1234,jpeg50,33,zurich:94,london:8,15.679998,36.1773
london_query_-izmF6OCR-aIZLVQbzDbLQ,white_box,1234,jpeg50,71,cph:296,london:8,15.680000,36.1773
london_query_-izmF6OCR-aIZLVQbzDbLQ,transfer_1,1234,jpeg50,12,zurich:94,london:8,15.679997,36.1773
london_query_-izmF6OCR-aIZLVQbzDbLQ,transfer_2,1234,jpeg50,37,amman:13,london:8,15.679996,36.1773
london_query_-izmF6OCR-aIZLVQbzDbLQ,transfer_3,1234,jpeg50,4,manila:163,london:8,15.680002,36.1773
manila_query_-P2actpgy_mRkcbLVKBjkQ,isotropic,1234,jpeg50,10,manila:13,manila:94,15.679997,36.1773
manila_query_-P2actpgy_mRkcbLVKBjkQ,white_box,1234,jpeg50,1517,manila:102,manila:94,15.679997,36.1773
manila_query_-P2actpgy_mRkcbLVKBjkQ,transfer_1,1234,jpeg50,16,manila:13,manila:94,15.680000,36.1773
manila_query_-P2actpgy_mRkcbLVKBjkQ,transfer_2,1234,jpeg50,14,manila:13,manila:94,15.679997,36.1773
manila_query_-P2actpgy_mRkcbLVKBjkQ,transfer_3,1234,jpeg50,56,manila:13,manila:94,15.679997,36.1773
nairobi_query_2OfDNnR5st7y8-O2ibiklQ,isotropic,1234,jpeg50,99,boston:249,nairobi:5,15.680000,36.1773
nairobi_query_2OfDNnR5st7y8-O2ibiklQ,white_box,1234,jpeg50,376,boston:171,nairobi:5,15.680000,36.1773
nairobi_query_2OfDNnR5st7y8-O2ibiklQ,transfer_1,1234,jpeg50,99,boston:249,nairobi:5,15.680000,36.1773
nairobi_query_2OfDNnR5st7y8-O2ibiklQ,transfer_2,1234,jpeg50,121,boston:249,nairobi:5,15.679996,36.1773
nairobi_query_2OfDNnR5st7y8-O2ibiklQ,transfer_3,1234,jpeg50,111,boston:249,nairobi:5,15.679998,36.1773
toronto_query_-DB8UBv2Rg4kTi6HTqrhOw,isotropic,1234,jpeg50,39,toronto:151,toronto:228,15.680000,36.1773
toronto_query_-DB8UBv2Rg4kTi6HTqrhOw,white_box,1234,jpeg50,789,boston:90,toronto:228,15.680000,36.1773
toronto_query_-DB8UBv2Rg4kTi6HTqrhOw,transfer_1,1234,jpeg50,25,london:126,toronto:228,15.680002,36.1773
toronto_query_-DB8UBv2Rg4kTi6HTqrhOw,transfer_2,1234,jpeg50,61,boston:191,toronto:228,15.679996,36.1773
toronto_query_-DB8UBv2Rg4kTi6HTqrhOw,transfer_3,1234,jpeg50,50,boston:191,toronto:228,15.679997,36.1773
zurich_query_046U_rtFmS-pAuZF-Zba0Q,isotropic,1234,jpeg50,5,boston:98,zurich:42,15.679997,36.1773
zurich_query_046U_rtFmS-pAuZF-Zba0Q,white_box,1234,jpeg50,199,manila:140,zurich:42,15.680001,36.1773
zurich_query_046U_rtFmS-pAuZF-Zba0Q,transfer_1,1234,jpeg50,3,boston:216,zurich:42,15.680000,36.1773
zurich_query_046U_rtFmS-pAuZF-Zba0Q,transfer_2,1234,jpeg50,20,boston:176,zurich:42,15.679997,36.1773
zurich_query_046U_rtFmS-pAuZF-Zba0Q,transfer_3,1234,jpeg50,15,boston:216,zurich:42,15.679997,36.1773
amman_query_1Tf2dWuS4el8fREHH1_k0w,isotropic,1234,jpeg50,29,amman:4,amman:25,15.679997,36.1773
amman_query_1Tf2dWuS4el8fREHH1_k0w,white_box,1234,jpeg50,160,zurich:19,amman:25,15.680001,36.1773
amman_query_1Tf2dWuS4el8fREHH1_k0w,transfer_1,1234,jpeg50,55,amman:35,amman:25,15.680000,36.1773
amman_query_1Tf2dWuS4el8fREHH1_k0w,transfer_2,1234,jpeg50,78,amman:35,amman:25,15.680000,36.1773
amman_query_1Tf2dWuS4el8fREHH1_k0w,transfer_3,1234,jpeg50,47,zurich:19,amman:25,15.680004,36.1773
boston_query_-N2T2kBE4uG56LTsyCQPJg,isotropic,1234,jpeg50,270,amman:23,boston:19,15.679998,36.1773
boston_query_-N2T2kBE4uG56LTsyCQPJg,white_box,1234,jpeg50,965,boston:249,boston:19,15.679997,36.1773
boston_query_-N2T2kBE4uG56LTsyCQPJg,transfer_1,1234,jpeg50,306,boston:79,boston:19,15.679997,36.1773
boston_query_-N2T2kBE4uG56LTsyCQPJg,transfer_2,1234,jpeg50,257,zurich:42,boston:19,15.680000,36.1773
boston_query_-N2T2kBE4uG56LTsyCQPJg,transfer_3,1234,jpeg50,370,amman:23,boston:19,15.679998,36.1773
cph_query_-I7HyKa_KIzMp2uMsvqUAg,isotropic,1234,jpeg50,10,cph:500,cph:54,15.679997,36.1773
cph_query_-I7HyKa_KIzMp2uMsvqUAg,white_box,1234,jpeg50,499,cph:429,cph:54,15.679997,36.1773
cph_query_-I7HyKa_KIzMp2uMsvqUAg,transfer_1,1234,jpeg50,20,cph:429,cph:54,15.680001,36.1773
cph_query_-I7HyKa_KIzMp2uMsvqUAg,transfer_2,1234,jpeg50,14,cph:500,cph:54,15.679995,36.1773
cph_query_-I7HyKa_KIzMp2uMsvqUAg,transfer_3,1234,jpeg50,9,cph:356,cph:54,15.680000,36.1773
london_query_-kd8SHN5N5wLOpzEu10rfQ,isotropic,1234,jpeg50,22,cph:333,london:36,15.679997,36.1773
london_query_-kd8SHN5N5wLOpzEu10rfQ,white_box,1234,jpeg50,644,manila:6,london:36,15.680000,36.1773
london_query_-kd8SHN5N5wLOpzEu10rfQ,transfer_1,1234,jpeg50,9,cph:459,london:36,15.680001,36.1773
london_query_-kd8SHN5N5wLOpzEu10rfQ,transfer_2,1234,jpeg50,12,cph:459,london:36,15.680000,36.1773
london_query_-kd8SHN5N5wLOpzEu10rfQ,transfer_3,1234,jpeg50,9,cph:94,london:36,15.679997,36.1773
manila_query_-PR9Q6-AlT31oRE_Ep_fnQ,isotropic,1234,jpeg50,338,manila:143,manila:135,15.679997,36.1773
manila_query_-PR9Q6-AlT31oRE_Ep_fnQ,white_box,1234,jpeg50,856,toronto:346,manila:135,15.679997,36.1773
manila_query_-PR9Q6-AlT31oRE_Ep_fnQ,transfer_1,1234,jpeg50,361,manila:143,manila:135,15.679998,36.1773
manila_query_-PR9Q6-AlT31oRE_Ep_fnQ,transfer_2,1234,jpeg50,448,toronto:389,manila:135,15.679997,36.1773
manila_query_-PR9Q6-AlT31oRE_Ep_fnQ,transfer_3,1234,jpeg50,280,zurich:19,manila:135,15.680002,36.1773
nairobi_query_2QtumRO8ayl5p_Jb-rhTZQ,isotropic,1234,jpeg50,1,nairobi:22,nairobi:22,15.679997,36.1773
nairobi_query_2QtumRO8ayl5p_Jb-rhTZQ,white_box,1234,jpeg50,46,manila:59,nairobi:22,15.680009,36.1773
nairobi_query_2QtumRO8ayl5p_Jb-rhTZQ,transfer_1,1234,jpeg50,1,nairobi:22,nairobi:22,15.680001,36.1773
nairobi_query_2QtumRO8ayl5p_Jb-rhTZQ,transfer_2,1234,jpeg50,1,nairobi:22,nairobi:22,15.680000,36.1773
nairobi_query_2QtumRO8ayl5p_Jb-rhTZQ,transfer_3,1234,jpeg50,2,nairobi:21,nairobi:22,15.680000,36.1773
toronto_query_-Dr7KE__egl6kS-yslctCg,isotropic,1234,jpeg50,22,toronto:200,toronto:196,15.679998,36.1773
toronto_query_-Dr7KE__egl6kS-yslctCg,white_box,1234,jpeg50,109,toronto:88,toronto:196,15.680002,36.1773
toronto_query_-Dr7KE__egl6kS-yslctCg,transfer_1,1234,jpeg50,9,toronto:200,toronto:196,15.679998,36.1773
toronto_query_-Dr7KE__egl6kS-yslctCg,transfer_2,1234,jpeg50,24,toronto:200,toronto:196,15.679995,36.1773
toronto_query_-Dr7KE__egl6kS-yslctCg,transfer_3,1234,jpeg50,16,toronto:421,toronto:196,15.680008,36.1773
zurich_query_08U3p7js9TCivpCfLs0ZIw,isotropic,1234,jpeg50,73,amman:31,zurich:5,15.680001,36.1773
zurich_query_08U3p7js9TCivpCfLs0ZIw,white_box,1234,jpeg50,11,toronto:200,zurich:5,15.680000,36.1773
zurich_query_08U3p7js9TCivpCfLs0ZIw,transfer_1,1234,jpeg50,15,amman:31,zurich:5,15.679998,36.1773
zurich_query_08U3p7js9TCivpCfLs0ZIw,transfer_2,1234,jpeg50,8,manila:33,zurich:5,15.680000,36.1773
zurich_query_08U3p7js9TCivpCfLs0ZIw,transfer_3,1234,jpeg50,48,manila:33,zurich:5,15.680000,36.1773
amman_query_1TysYQA0N2AnJ5lzQWP07w,isotropic,1234,jpeg50,4,amman:21,amman:12,15.679997,36.1773
amman_query_1TysYQA0N2AnJ5lzQWP07w,white_box,1234,jpeg50,66,boston:123,amman:12,15.680002,36.1773
amman_query_1TysYQA0N2AnJ5lzQWP07w,transfer_1,1234,jpeg50,1,amman:12,amman:12,15.679998,36.1773
amman_query_1TysYQA0N2AnJ5lzQWP07w,transfer_2,1234,jpeg50,2,amman:23,amman:12,15.679997,36.1773
amman_query_1TysYQA0N2AnJ5lzQWP07w,transfer_3,1234,jpeg50,1,amman:12,amman:12,15.679996,36.1773
boston_query_-NRCmKPnLW6ukq5fovMufw,isotropic,1234,jpeg50,122,cph:429,boston:112,15.680001,36.1773
boston_query_-NRCmKPnLW6ukq5fovMufw,white_box,1234,jpeg50,1061,amman:1,boston:112,15.680000,36.1773
boston_query_-NRCmKPnLW6ukq5fovMufw,transfer_1,1234,jpeg50,299,amman:1,boston:112,15.680000,36.1773
boston_query_-NRCmKPnLW6ukq5fovMufw,transfer_2,1234,jpeg50,268,cph:429,boston:112,15.680000,36.1773
boston_query_-NRCmKPnLW6ukq5fovMufw,transfer_3,1234,jpeg50,374,zurich:42,boston:112,15.679997,36.1773
cph_query_-I8EyCiw4PS74_uGuMqUYQ,isotropic,1234,jpeg50,1,cph:332,cph:332,15.680000,36.1773
cph_query_-I8EyCiw4PS74_uGuMqUYQ,white_box,1234,jpeg50,8,manila:59,cph:332,15.679998,36.1773
cph_query_-I8EyCiw4PS74_uGuMqUYQ,transfer_1,1234,jpeg50,5,manila:59,cph:332,15.679992,36.1773
cph_query_-I8EyCiw4PS74_uGuMqUYQ,transfer_2,1234,jpeg50,1,cph:332,cph:332,15.679997,36.1773
cph_query_-I8EyCiw4PS74_uGuMqUYQ,transfer_3,1234,jpeg50,3,manila:143,cph:332,15.679997,36.1773
london_query_-qvarKx0xtSTs0tnxDE0oQ,isotropic,1234,jpeg50,56,manila:106,london:18,15.680000,36.1773
london_query_-qvarKx0xtSTs0tnxDE0oQ,white_box,1234,jpeg50,1975,boston:176,london:18,15.680002,36.1773
london_query_-qvarKx0xtSTs0tnxDE0oQ,transfer_1,1234,jpeg50,502,manila:106,london:18,15.680002,36.1773
london_query_-qvarKx0xtSTs0tnxDE0oQ,transfer_2,1234,jpeg50,607,manila:106,london:18,15.679997,36.1773
london_query_-qvarKx0xtSTs0tnxDE0oQ,transfer_3,1234,jpeg50,555,manila:106,london:18,15.679997,36.1773
manila_query_-Qc1bZWefrpkNPZ60zZS5Q,isotropic,1234,jpeg50,7,nairobi:10,manila:23,15.680001,36.1773
manila_query_-Qc1bZWefrpkNPZ60zZS5Q,white_box,1234,jpeg50,121,nairobi:10,manila:23,15.680000,36.1773
manila_query_-Qc1bZWefrpkNPZ60zZS5Q,transfer_1,1234,jpeg50,7,boston:101,manila:23,15.679992,36.1773
manila_query_-Qc1bZWefrpkNPZ60zZS5Q,transfer_2,1234,jpeg50,3,boston:101,manila:23,15.679995,36.1773
manila_query_-Qc1bZWefrpkNPZ60zZS5Q,transfer_3,1234,jpeg50,4,boston:101,manila:23,15.679997,36.1773
nairobi_query_2RQpcoZ0MfOmswdfhpjw4g,isotropic,1234,jpeg50,282,boston:90,nairobi:7,15.680000,36.1773
nairobi_query_2RQpcoZ0MfOmswdfhpjw4g,white_box,1234,jpeg50,571,manila:92,nairobi:7,15.679997,36.1773
nairobi_query_2RQpcoZ0MfOmswdfhpjw4g,transfer_1,1234,jpeg50,194,london:85,nairobi:7,15.680000,36.1773
nairobi_query_2RQpcoZ0MfOmswdfhpjw4g,transfer_2,1234,jpeg50,83,london:85,nairobi:7,15.680001,36.1773
nairobi_query_2RQpcoZ0MfOmswdfhpjw4g,transfer_3,1234,jpeg50,219,boston:90,nairobi:7,15.680000,36.1773
toronto_query_-EilBTWhr8vjdDW-B7MU8A,isotropic,1234,jpeg50,271,toronto:88,toronto:27,15.679997,36.1773
toronto_query_-EilBTWhr8vjdDW-B7MU8A,white_box,1234,jpeg50,1393,london:68,toronto:27,15.679998,36.1773
toronto_query_-EilBTWhr8vjdDW-B7MU8A,transfer_1,1234,jpeg50,398,toronto:88,toronto:27,15.679997,36.1773
toronto_query_-EilBTWhr8vjdDW-B7MU8A,transfer_2,1234,jpeg50,318,toronto:88,toronto:27,15.680002,36.1773
toronto_query_-EilBTWhr8vjdDW-B7MU8A,transfer_3,1234,jpeg50,649,toronto:101,toronto:27,15.679993,36.1773
zurich_query_0AlvsX9XlPHoz4joTTL7hQ,isotropic,1234,jpeg50,44,manila:181,zurich:8,15.679997,36.1773
zurich_query_0AlvsX9XlPHoz4joTTL7hQ,white_box,1234,jpeg50,819,manila:119,zurich:8,15.680002,36.1773
zurich_query_0AlvsX9XlPHoz4joTTL7hQ,transfer_1,1234,jpeg50,20,manila:181,zurich:8,15.679998,36.1773
zurich_query_0AlvsX9XlPHoz4joTTL7hQ,transfer_2,1234,jpeg50,44,manila:181,zurich:8,15.679998,36.1773
zurich_query_0AlvsX9XlPHoz4joTTL7hQ,transfer_3,1234,jpeg50,93,manila:181,zurich:8,15.679997,36.1773
amman_query_1VTBGOTuAwvnyE1o4Pbm0Q,isotropic,1234,jpeg50,6,amman:1,amman:23,15.679997,36.1773
amman_query_1VTBGOTuAwvnyE1o4Pbm0Q,white_box,1234,jpeg50,16,amman:6,amman:23,15.679992,36.1773
amman_query_1VTBGOTuAwvnyE1o4Pbm0Q,transfer_1,1234,jpeg50,8,amman:6,amman:23,15.679998,36.1773
amman_query_1VTBGOTuAwvnyE1o4Pbm0Q,transfer_2,1234,jpeg50,8,amman:6,amman:23,15.680000,36.1773
amman_query_1VTBGOTuAwvnyE1o4Pbm0Q,transfer_3,1234,jpeg50,8,amman:6,amman:23,15.679995,36.1773
boston_query_-NSEL0mtEJlIM-oR5yFnFg,isotropic,1234,jpeg50,3,boston:47,boston:139,15.680000,36.1773
boston_query_-NSEL0mtEJlIM-oR5yFnFg,white_box,1234,jpeg50,29,toronto:23,boston:139,15.680002,36.1773
boston_query_-NSEL0mtEJlIM-oR5yFnFg,transfer_1,1234,jpeg50,2,boston:47,boston:139,15.680000,36.1773
boston_query_-NSEL0mtEJlIM-oR5yFnFg,transfer_2,1234,jpeg50,5,boston:47,boston:139,15.679995,36.1773
boston_query_-NSEL0mtEJlIM-oR5yFnFg,transfer_3,1234,jpeg50,2,boston:47,boston:139,15.680000,36.1773
cph_query_-IKk5Ns9ayTUN3tqBrl3Ow,isotropic,1234,jpeg50,5,cph:33,cph:61,15.680000,36.1773
cph_query_-IKk5Ns9ayTUN3tqBrl3Ow,white_box,1234,jpeg50,377,cph:33,cph:61,15.680001,36.1773
cph_query_-IKk5Ns9ayTUN3tqBrl3Ow,transfer_1,1234,jpeg50,7,cph:33,cph:61,15.679998,36.1773
cph_query_-IKk5Ns9ayTUN3tqBrl3Ow,transfer_2,1234,jpeg50,13,cph:33,cph:61,15.679998,36.1773
cph_query_-IKk5Ns9ayTUN3tqBrl3Ow,transfer_3,1234,jpeg50,303,cph:33,cph:61,15.680002,36.1773
london_query_-rtMM_qyd5EBLnADEBIUTA,isotropic,1234,jpeg50,1,london:21,london:21,15.680000,36.1773
london_query_-rtMM_qyd5EBLnADEBIUTA,white_box,1234,jpeg50,4,nairobi:10,london:21,15.680000,36.1773
london_query_-rtMM_qyd5EBLnADEBIUTA,transfer_1,1234,jpeg50,1,london:21,london:21,15.679998,36.1773
london_query_-rtMM_qyd5EBLnADEBIUTA,transfer_2,1234,jpeg50,1,london:21,london:21,15.679998,36.1773
london_query_-rtMM_qyd5EBLnADEBIUTA,transfer_3,1234,jpeg50,1,london:21,london:21,15.679998,36.1773
manila_query_-QdSFqylfs0aHx31jOvTVg,isotropic,1234,jpeg50,1,manila:183,manila:183,15.679998,36.1773
manila_query_-QdSFqylfs0aHx31jOvTVg,white_box,1234,jpeg50,1,manila:183,manila:183,15.679998,36.1773
manila_query_-QdSFqylfs0aHx31jOvTVg,transfer_1,1234,jpeg50,1,manila:183,manila:183,15.679997,36.1773
manila_query_-QdSFqylfs0aHx31jOvTVg,transfer_2,1234,jpeg50,1,manila:183,manila:183,15.680000,36.1773
manila_query_-QdSFqylfs0aHx31jOvTVg,transfer_3,1234,jpeg50,1,manila:183,manila:183,15.679997,36.1773
nairobi_query_2Xgp5FmRFbMXgBspWoEFNg,isotropic,1234,jpeg50,75,boston:123,nairobi:10,15.680002,36.1773
nairobi_query_2Xgp5FmRFbMXgBspWoEFNg,white_box,1234,jpeg50,167,zurich:19,nairobi:10,15.679997,36.1773
nairobi_query_2Xgp5FmRFbMXgBspWoEFNg,transfer_1,1234,jpeg50,118,nairobi:15,nairobi:10,15.679996,36.1773
nairobi_query_2Xgp5FmRFbMXgBspWoEFNg,transfer_2,1234,jpeg50,72,nairobi:4,nairobi:10,15.679997,36.1773
nairobi_query_2Xgp5FmRFbMXgBspWoEFNg,transfer_3,1234,jpeg50,225,nairobi:15,nairobi:10,15.680000,36.1773
toronto_query_-FOgEN8RNyKr0s933N-a0w,isotropic,1234,jpeg50,19,boston:210,toronto:112,15.680000,36.1773
toronto_query_-FOgEN8RNyKr0s933N-a0w,white_box,1234,jpeg50,1056,cph:384,toronto:112,15.680002,36.1773
toronto_query_-FOgEN8RNyKr0s933N-a0w,transfer_1,1234,jpeg50,16,zurich:38,toronto:112,15.680005,36.1773
toronto_query_-FOgEN8RNyKr0s933N-a0w,transfer_2,1234,jpeg50,50,zurich:38,toronto:112,15.680000,36.1773
toronto_query_-FOgEN8RNyKr0s933N-a0w,transfer_3,1234,jpeg50,124,zurich:38,toronto:112,15.680000,36.1773
zurich_query_0F0ESDULqwk5km1KbyUEZw,isotropic,1234,jpeg50,1,zurich:25,zurich:25,15.680002,36.1773
zurich_query_0F0ESDULqwk5km1KbyUEZw,white_box,1234,jpeg50,97,zurich:30,zurich:25,15.680002,36.1773
zurich_query_0F0ESDULqwk5km1KbyUEZw,transfer_1,1234,jpeg50,1,zurich:25,zurich:25,15.679998,36.1773
zurich_query_0F0ESDULqwk5km1KbyUEZw,transfer_2,1234,jpeg50,3,boston:98,zurich:25,15.679998,36.1773
zurich_query_0F0ESDULqwk5km1KbyUEZw,transfer_3,1234,jpeg50,1,zurich:25,zurich:25,15.679997,36.1773
amman_query_1_jzc52w72UKyKztvVoygQ,isotropic,1234,jpeg50,7,amman:1,amman:23,15.679997,36.1773
amman_query_1_jzc52w72UKyKztvVoygQ,white_box,1234,jpeg50,53,cph:175,amman:23,15.680000,36.1773
amman_query_1_jzc52w72UKyKztvVoygQ,transfer_1,1234,jpeg50,35,amman:35,amman:23,15.679997,36.1773
amman_query_1_jzc52w72UKyKztvVoygQ,transfer_2,1234,jpeg50,35,amman:1,amman:23,15.680002,36.1773
amman_query_1_jzc52w72UKyKztvVoygQ,transfer_3,1234,jpeg50,21,amman:35,amman:23,15.679997,36.1773
boston_query_-NUm2lI2JYWeHZ6lrL2eZA,isotropic,1234,jpeg50,409,boston:79,boston:34,15.679998,36.1773
boston_query_-NUm2lI2JYWeHZ6lrL2eZA,white_box,1234,jpeg50,1768,nairobi:22,boston:34,15.679998,36.1773
boston_query_-NUm2lI2JYWeHZ6lrL2eZA,transfer_1,1234,jpeg50,557,boston:249,boston:34,15.679998,36.1773
boston_query_-NUm2lI2JYWeHZ6lrL2eZA,transfer_2,1234,jpeg50,657,boston:249,boston:34,15.680002,36.1773
boston_query_-NUm2lI2JYWeHZ6lrL2eZA,transfer_3,1234,jpeg50,876,nairobi:22,boston:34,15.679998,36.1773
cph_query_-JMzfm4NuuBt61JuZ2sggw,isotropic,1234,jpeg50,11,cph:243,cph:395,15.679997,36.1773
cph_query_-JMzfm4NuuBt61JuZ2sggw,white_box,1234,jpeg50,311,boston:234,cph:395,15.679997,36.1773
cph_query_-JMzfm4NuuBt61JuZ2sggw,transfer_1,1234,jpeg50,6,cph:271,cph:395,15.679992,36.1773
cph_query_-JMzfm4NuuBt61JuZ2sggw,transfer_2,1234,jpeg50,79,cph:243,cph:395,15.680002,36.1773
cph_query_-JMzfm4NuuBt61JuZ2sggw,transfer_3,1234,jpeg50,32,cph:243,cph:395,15.679995,36.1773
london_query_-u8BrzndSdD1lHKeeOwN1A,isotropic,1234,jpeg50,19,london:111,london:121,15.680000,36.1773
london_query_-u8BrzndSdD1lHKeeOwN1A,white_box,1234,jpeg50,409,cph:33,london:121,15.679998,36.1773
london_query_-u8BrzndSdD1lHKeeOwN1A,transfer_1,1234,jpeg50,15,london:111,london:121,15.680000,36.1773
london_query_-u8BrzndSdD1lHKeeOwN1A,transfer_2,1234,jpeg50,20,zurich:96,london:121,15.679997,36.1773
london_query_-u8BrzndSdD1lHKeeOwN1A,transfer_3,1234,jpeg50,75,zurich:96,london:121,15.679998,36.1773
manila_query_-QvNwUfMuYwx4zaJzG9hHA,isotropic,1234,jpeg50,4,manila:173,manila:134,15.679997,36.1773
manila_query_-QvNwUfMuYwx4zaJzG9hHA,white_box,1234,jpeg50,17,london:28,manila:134,15.679997,36.1773
manila_query_-QvNwUfMuYwx4zaJzG9hHA,transfer_1,1234,jpeg50,2,toronto:58,manila:134,15.679997,36.1773
manila_query_-QvNwUfMuYwx4zaJzG9hHA,transfer_2,1234,jpeg50,4,toronto:58,manila:134,15.679998,36.1773
manila_query_-QvNwUfMuYwx4zaJzG9hHA,transfer_3,1234,jpeg50,4,manila:46,manila:134,15.679993,36.1773
nairobi_query_2hMXkBjbWEdGXSh4zxGVeg,isotropic,1234,jpeg50,1,nairobi:22,nairobi:22,15.680000,36.1773
nairobi_query_2hMXkBjbWEdGXSh4zxGVeg,white_box,1234,jpeg50,185,manila:153,nairobi:22,15.680000,36.1773
nairobi_query_2hMXkBjbWEdGXSh4zxGVeg,transfer_1,1234,jpeg50,1,nairobi:22,nairobi:22,15.680004,36.1773
nairobi_query_2hMXkBjbWEdGXSh4zxGVeg,transfer_2,1234,jpeg50,2,nairobi:21,nairobi:22,15.679998,36.1773
nairobi_query_2hMXkBjbWEdGXSh4zxGVeg,transfer_3,1234,jpeg50,5,nairobi:10,nairobi:22,15.679998,36.1773
toronto_query_-FRsj6TVpdbM-sdJNwZZbw,isotropic,1234,jpeg50,6,london:21,toronto:58,15.679996,36.1773
toronto_query_-FRsj6TVpdbM-sdJNwZZbw,white_box,1234,jpeg50,401,boston:168,toronto:58,15.680000,36.1773
toronto_query_-FRsj6TVpdbM-sdJNwZZbw,transfer_1,1234,jpeg50,6,toronto:366,toronto:58,15.680001,36.1773
toronto_query_-FRsj6TVpdbM-sdJNwZZbw,transfer_2,1234,jpeg50,28,toronto:366,toronto:58,15.680000,36.1773
toronto_query_-FRsj6TVpdbM-sdJNwZZbw,transfer_3,1234,jpeg50,46,manila:13,toronto:58,15.679995,36.1773
zurich_query_0FEApLaNMLno1PTABlbYyQ,isotropic,1234,jpeg50,3,zurich:42,zurich:37,15.680000,36.1773
zurich_query_0FEApLaNMLno1PTABlbYyQ,white_box,1234,jpeg50,737,zurich:30,zurich:37,15.679997,36.1773
zurich_query_0FEApLaNMLno1PTABlbYyQ,transfer_1,1234,jpeg50,4,zurich:42,zurich:37,15.679997,36.1773
zurich_query_0FEApLaNMLno1PTABlbYyQ,transfer_2,1234,jpeg50,35,zurich:42,zurich:37,15.679997,36.1773
zurich_query_0FEApLaNMLno1PTABlbYyQ,transfer_3,1234,jpeg50,16,zurich:42,zurich:37,15.679998,36.1773
amman_query_1jA0_v7p_4KHVbia4DG7Bw,isotropic,1234,jpeg50,1,amman:13,amman:13,15.680001,36.1773
amman_query_1jA0_v7p_4KHVbia4DG7Bw,white_box,1234,jpeg50,14,boston:90,amman:13,15.680000,36.1773
amman_query_1jA0_v7p_4KHVbia4DG7Bw,transfer_1,1234,jpeg50,2,amman:1,amman:13,15.679989,36.1773
amman_query_1jA0_v7p_4KHVbia4DG7Bw,transfer_2,1234,jpeg50,2,amman:1,amman:13,15.679997,36.1773
amman_query_1jA0_v7p_4KHVbia4DG7Bw,transfer_3,1234,jpeg50,4,amman:1,amman:13,15.679998,36.1773
boston_query_-O6nZhSO0Cgq4iaZ522K2g,isotropic,1234,jpeg50,4,amman:31,boston:90,15.679997,36.1773
boston_query_-O6nZhSO0Cgq4iaZ522K2g,white_box,1234,jpeg50,133,toronto:34,boston:90,15.680001,36.1773
boston_query_-O6nZhSO0Cgq4iaZ522K2g,transfer_1,1234,jpeg50,7,boston:123,boston:90,15.680000,36.1773
boston_query_-O6nZhSO0Cgq4iaZ522K2g,transfer_2,1234,jpeg50,3,boston:123,boston:90,15.679997,36.1773
boston_query_-O6nZhSO0Cgq4iaZ522K2g,transfer_3,1234,jpeg50,34,boston:123,boston:90,15.680000,36.1773
cph_query_-MUw194v9r5C1394mci6-A,isotropic,1234,jpeg50,6,cph:370,cph:384,15.680001,36.1773
cph_query_-MUw194v9r5C1394mci6-A,white_box,1234,jpeg50,271,london:111,cph:384,15.680000,36.1773
cph_query_-MUw194v9r5C1394mci6-A,transfer_1,1234,jpeg50,4,cph:370,cph:384,15.679997,36.1773
cph_query_-MUw194v9r5C1394mci6-A,transfer_2,1234,jpeg50,14,cph:370,cph:384,15.680002,36.1773
cph_query_-MUw194v9r5C1394mci6-A,transfer_3,1234,jpeg50,1,cph:384,cph:384,15.680002,36.1773
london_query_-vkja3p0MzaoZlQOooT-YQ,isotropic,1234,jpeg50,58,zurich:96,london:121,15.679998,36.1773
london_query_-vkja3p0MzaoZlQOooT-YQ,white_box,1234,jpeg50,540,manila:189,london:121,15.680000,36.1773
london_query_-vkja3p0MzaoZlQOooT-YQ,transfer_1,1234,jpeg50,17,boston:249,london:121,15.680000,36.1773
london_query_-vkja3p0MzaoZlQOooT-YQ,transfer_2,1234,jpeg50,28,boston:90,london:121,15.680001,36.1773
london_query_-vkja3p0MzaoZlQOooT-YQ,transfer_3,1234,jpeg50,46,zurich:96,london:121,15.679997,36.1773
manila_query_-RZzhLSoiUGq-PShtIhzxw,isotropic,1234,jpeg50,96,manila:6,manila:54,15.679997,36.1773
manila_query_-RZzhLSoiUGq-PShtIhzxw,white_box,1234,jpeg50,162,amman:23,manila:54,15.679997,36.1773
manila_query_-RZzhLSoiUGq-PShtIhzxw,transfer_1,1234,jpeg50,110,nairobi:10,manila:54,15.680000,36.1773
manila_query_-RZzhLSoiUGq-PShtIhzxw,transfer_2,1234,jpeg50,124,nairobi:10,manila:54,15.680000,36.1773
manila_query_-RZzhLSoiUGq-PShtIhzxw,transfer_3,1234,jpeg50,292,nairobi:10,manila:54,15.679997,36.1773
nairobi_query_2wqDKqSdeRPYg6X996gZ0w,isotropic,1234,jpeg50,1,nairobi:21,nairobi:21,15.679997,36.1773
nairobi_query_2wqDKqSdeRPYg6X996gZ0w,white_box,1234,jpeg50,533,manila:92,nairobi:21,15.679998,36.1773
nairobi_query_2wqDKqSdeRPYg6X996gZ0w,transfer_1,1234,jpeg50,3,nairobi:22,nairobi:21,15.680000,36.1773
nairobi_query_2wqDKqSdeRPYg6X996gZ0w,transfer_2,1234,jpeg50,19,amman:32,nairobi:21,15.679995,36.1773
nairobi_query_2wqDKqSdeRPYg6X996gZ0w,transfer_3,1234,jpeg50,8,amman:32,nairobi:21,15.680000,36.1773
toronto_query_-FohtR51AFcyGSLgiTdXzw,isotropic,1234,jpeg50,1,toronto:207,toronto:207,15.680000,36.1773
toronto_query_-FohtR51AFcyGSLgiTdXzw,white_box,1234,jpeg50,1,toronto:207,toronto:207,15.680002,36.1773
toronto_query_-FohtR51AFcyGSLgiTdXzw,transfer_1,1234,jpeg50,1,toronto:207,toronto:207,15.679995,36.1773
toronto_query_-FohtR51AFcyGSLgiTdXzw,transfer_2,1234,jpeg50,1,toronto:207,toronto:207,15.679996,36.1773
toronto_query_-FohtR51AFcyGSLgiTdXzw,transfer_3,1234,jpeg50,1,toronto:207,toronto:207,15.680000,36.1773
zurich_query_0I7IdNKcKWGXL-wmkUdx2A,isotropic,1234,jpeg50,14,zurich:109,zurich:65,15.679997,36.1773
zurich_query_0I7IdNKcKWGXL-wmkUdx2A,white_box,1234,jpeg50,58,london:71,zurich:65,15.680007,36.1773
zurich_query_0I7IdNKcKWGXL-wmkUdx2A,transfer_1,1234,jpeg50,24,zurich:109,zurich:65,15.680001,36.1773
zurich_query_0I7IdNKcKWGXL-wmkUdx2A,transfer_2,1234,jpeg50,10,zurich:109,zurich:65,15.680000,36.1773
zurich_query_0I7IdNKcKWGXL-wmkUdx2A,transfer_3,1234,jpeg50,16,zurich:109,zurich:65,15.680000,36.1773
amman_query_1n6vx0uExn56MfvA6toRJw,isotropic,1234,jpeg50,1,amman:31,amman:31,15.679997,36.1773
amman_query_1n6vx0uExn56MfvA6toRJw,white_box,1234,jpeg50,29,nairobi:5,amman:31,15.679995,36.1773
amman_query_1n6vx0uExn56MfvA6toRJw,transfer_1,1234,jpeg50,4,amman:22,amman:31,15.680001,36.1773
amman_query_1n6vx0uExn56MfvA6toRJw,transfer_2,1234,jpeg50,38,nairobi:1,amman:31,15.680001,36.1773
amman_query_1n6vx0uExn56MfvA6toRJw,transfer_3,1234,jpeg50,12,amman:26,amman:31,15.680002,36.1773
boston_query_-OEJzVyBJiypLsHkeOqxKn,isotropic,1234,jpeg50,76,boston:27,boston:79,15.679997,36.1773
boston_query_-OEJzVyBJiypLsHkeOqxKn,white_box,1234,jpeg50,115,boston:123,boston:79,15.680001,36.1773
boston_query_-OEJzVyBJiypLsHkeOqxKn,transfer_1,1234,jpeg50,42,boston:235,boston:79,15.679997,36.1773
boston_query_-OEJzVyBJiypLsHkeOqxKn,transfer_2,1234,jpeg50,48,boston:235,boston:79,15.680001,36.1773
boston_query_-OEJzVyBJiypLsHkeOqxKn,transfer_3,1234,jpeg50,67,boston:123,boston:79,15.679997,36.1773
cph_query_-Mwdj8AXbTR5wrPmQKRbhQ,isotropic,1234,jpeg50,1,cph:33,cph:33,15.680000,36.1773
cph_query_-Mwdj8AXbTR5wrPmQKRbhQ,white_box,1234,jpeg50,1,cph:33,cph:33,15.679997,36.1773
cph_query_-Mwdj8AXbTR5wrPmQKRbhQ,transfer_1,1234,jpeg50,1,cph:33,cph:33,15.680004,36.1773
cph_query_-Mwdj8AXbTR5wrPmQKRbhQ,transfer_2,1234,jpeg50,1,cph:33,cph:33,15.680000,36.1773
cph_query_-Mwdj8AXbTR5wrPmQKRbhQ,transfer_3,1234,jpeg50,1,cph:33,cph:33,15.679997,36.1773
london_query_-wX-mY4F2ewX9tlr1_JTbw,isotropic,1234,jpeg50,221,toronto:58,london:68,15.680000,36.1773
london_query_-wX-mY4F2ewX9tlr1_JTbw,white_box,1234,jpeg50,749,manila:67,london:68,15.680000,36.1773
london_query_-wX-mY4F2ewX9tlr1_JTbw,transfer_1,1234,jpeg50,223,toronto:58,london:68,15.680002,36.1773
london_query_-wX-mY4F2ewX9tlr1_JTbw,transfer_2,1234,jpeg50,224,manila:190,london:68,15.680001,36.1773
london_query_-wX-mY4F2ewX9tlr1_JTbw,transfer_3,1234,jpeg50,272,toronto:58,london:68,15.679997,36.1773
manila_query_-SSrBkppXcUPQnmvRyEZaA,isotropic,1234,jpeg50,928,boston:101,manila:102,15.679998,36.1773
manila_query_-SSrBkppXcUPQnmvRyEZaA,white_box,1234,jpeg50,1027,amman:25,manila:102,15.680000,36.1773
manila_query_-SSrBkppXcUPQnmvRyEZaA,transfer_1,1234,jpeg50,1078,boston:101,manila:102,15.679997,36.1773
manila_query_-SSrBkppXcUPQnmvRyEZaA,transfer_2,1234,jpeg50,951,boston:101,manila:102,15.679992,36.1773
manila_query_-SSrBkppXcUPQnmvRyEZaA,transfer_3,1234,jpeg50,1016,boston:101,manila:102,15.680004,36.1773
nairobi_query_32eRlu6tx-Q_LzhBd8iTQA,isotropic,1234,jpeg50,1,nairobi:21,nairobi:21,15.680000,36.1773
nairobi_query_32eRlu6tx-Q_LzhBd8iTQA,white_box,1234,jpeg50,167,manila:92,nairobi:21,15.679996,36.1773
nairobi_query_32eRlu6tx-Q_LzhBd8iTQA,transfer_1,1234,jpeg50,1,nairobi:21,nairobi:21,15.679995,36.1773
nairobi_query_32eRlu6tx-Q_LzhBd8iTQA,transfer_2,1234,jpeg50,5,cph:176,nairobi:21,15.680000,36.1773
nairobi_query_32eRlu6tx-Q_LzhBd8iTQA,transfer_3,1234,jpeg50,1,nairobi:21,nairobi:21,15.679998,36.1773
toronto_query_-HBbI6fcMz-R3CyduFEoDg,isotropic,1234,jpeg50,258,zurich:42,toronto:426,15.679997,36.1773
toronto_query_-HBbI6fcMz-R3CyduFEoDg,white_box,1234,jpeg50,1684,manila:92,toronto:426,15.680000,36.1773
toronto_query_-HBbI6fcMz-R3CyduFEoDg,transfer_1,1234,jpeg50,400,amman:23,toronto:426,15.680000,36.1773
toronto_query_-HBbI6fcMz-R3CyduFEoDg,transfer_2,1234,jpeg50,597,boston:191,toronto:426,15.679998,36.1773
toronto_query_-HBbI6fcMz-R3CyduFEoDg,transfer_3,1234,jpeg50,651,nairobi:19,toronto:426,15.680008,36.1773
zurich_query_0IZVsW_UPLzI_vUm51hEMQ,isotropic,1234,jpeg50,1,zurich:25,zurich:25,15.679997,36.1773
zurich_query_0IZVsW_UPLzI_vUm51hEMQ,white_box,1234,jpeg50,3,amman:29,zurich:25,15.680004,36.1773
zurich_query_0IZVsW_UPLzI_vUm51hEMQ,transfer_1,1234,jpeg50,2,zurich:42,zurich:25,15.679997,36.1773
zurich_query_0IZVsW_UPLzI_vUm51hEMQ,transfer_2,1234,jpeg50,1,zurich:25,zurich:25,15.679995,36.1773
zurich_query_0IZVsW_UPLzI_vUm51hEMQ,transfer_3,1234,jpeg50,4,zurich:42,zurich:25,15.680000,36.1773
amman_query_1qMrYvXqBvZDS0XUd5cEtg,isotropic,1234,jpeg50,4,amman:23,amman:21,15.679998,36.1773
amman_query_1qMrYvXqBvZDS0XUd5cEtg,white_box,1234,jpeg50,12,zurich:19,amman:21,15.679992,36.1773
amman_query_1qMrYvXqBvZDS0XUd5cEtg,transfer_1,1234,jpeg50,5,amman:23,amman:21,15.679997,36.1773
amman_query_1qMrYvXqBvZDS0XUd5cEtg,transfer_2,1234,jpeg50,2,amman:23,amman:21,15.679997,36.1773
amman_query_1qMrYvXqBvZDS0XUd5cEtg,transfer_3,1234,jpeg50,4,amman:23,amman:21,15.680011,36.1773
boston_query_-OlQhKn0bS9eZTkeJL6ovw,isotropic,1234,jpeg50,1,boston:237,boston:237,15.680000,36.1773
boston_query_-OlQhKn0bS9eZTkeJL6ovw,white_box,1234,jpeg50,3,cph:459,boston:237,15.680001,36.1773
boston_query_-OlQhKn0bS9eZTkeJL6ovw,transfer_1,1234,jpeg50,1,boston:237,boston:237,15.680000,36.1773
boston_query_-OlQhKn0bS9eZTkeJL6ovw,transfer_2,1234,jpeg50,1,boston:237,boston:237,15.680002,36.1773
boston_query_-OlQhKn0bS9eZTkeJL6ovw,transfer_3,1234,jpeg50,1,boston:237,boston:237,15.679996,36.1773
cph_query_-N9mbKdWcHyUUsU1379EgA,isotropic,1234,jpeg50,1,cph:176,cph:176,15.679997,36.1773
cph_query_-N9mbKdWcHyUUsU1379EgA,white_box,1234,jpeg50,61,london:28,cph:176,15.680000,36.1773
cph_query_-N9mbKdWcHyUUsU1379EgA,transfer_1,1234,jpeg50,1,cph:176,cph:176,15.679998,36.1773
cph_query_-N9mbKdWcHyUUsU1379EgA,transfer_2,1234,jpeg50,3,cph:429,cph:176,15.680000,36.1773
cph_query_-N9mbKdWcHyUUsU1379EgA,transfer_3,1234,jpeg50,1,cph:176,cph:176,15.680001,36.1773
london_query_02vfV_A3zc1S9Akd07xuEA,isotropic,1234,jpeg50,52,london:8,london:33,15.679998,36.1773
london_query_02vfV_A3zc1S9Akd07xuEA,white_box,1234,jpeg50,548,zurich:5,london:33,15.680000,36.1773
london_query_02vfV_A3zc1S9Akd07xuEA,transfer_1,1234,jpeg50,42,manila:134,london:33,15.680009,36.1773
london_query_02vfV_A3zc1S9Akd07xuEA,transfer_2,1234,jpeg50,64,london:8,london:33,15.679995,36.1773
london_query_02vfV_A3zc1S9Akd07xuEA,transfer_3,1234,jpeg50,48,boston:168,london:33,15.679998,36.1773
manila_query_-Tmeby1UCsrkKNvVnN7L5g,isotropic,1234,jpeg50,796,manila:51,manila:87,15.680000,36.1773
manila_query_-Tmeby1UCsrkKNvVnN7L5g,white_box,1234,jpeg50,1075,boston:79,manila:87,15.679997,36.1773
manila_query_-Tmeby1UCsrkKNvVnN7L5g,transfer_1,1234,jpeg50,849,manila:51,manila:87,15.679998,36.1773
manila_query_-Tmeby1UCsrkKNvVnN7L5g,transfer_2,1234,jpeg50,736,manila:51,manila:87,15.680001,36.1773
manila_query_-Tmeby1UCsrkKNvVnN7L5g,transfer_3,1234,jpeg50,657,manila:51,manila:87,15.680005,36.1773
nairobi_query_37RDt83nGFaZl6CPpzqlTw,isotropic,1234,jpeg50,13,boston:176,nairobi:13,15.680002,36.1773
nairobi_query_37RDt83nGFaZl6CPpzqlTw,white_box,1234,jpeg50,901,zurich:19,nairobi:13,15.679998,36.1773
nairobi_query_37RDt83nGFaZl6CPpzqlTw,transfer_1,1234,jpeg50,20,boston:176,nairobi:13,15.679995,36.1773
nairobi_query_37RDt83nGFaZl6CPpzqlTw,transfer_2,1234,jpeg50,40,zurich:42,nairobi:13,15.679997,36.1773
nairobi_query_37RDt83nGFaZl6CPpzqlTw,transfer_3,1234,jpeg50,26,zurich:42,nairobi:13,15.679997,36.1773
toronto_query_-IlXU6r8OSJejg6wnFTYMQ,isotropic,1234,jpeg50,222,toronto:34,toronto:236,15.680000,36.1773
toronto_query_-IlXU6r8OSJejg6wnFTYMQ,white_box,1234,jpeg50,383,toronto:274,toronto:236,15.680005,36.1773
toronto_query_-IlXU6r8OSJejg6wnFTYMQ,transfer_1,1234,jpeg50,192,nairobi:15,toronto:236,15.680002,36.1773
toronto_query_-IlXU6r8OSJejg6wnFTYMQ,transfer_2,1234,jpeg50,225,toronto:34,toronto:236,15.680002,36.1773
toronto_query_-IlXU6r8OSJejg6wnFTYMQ,transfer_3,1234,jpeg50,189,toronto:34,toronto:236,15.679997,36.1773
zurich_query_0Ky7pgdILHyYlzjahHNGZg,isotropic,1234,jpeg50,1324,manila:72,zurich:51,15.679998,36.1773
zurich_query_0Ky7pgdILHyYlzjahHNGZg,white_box,1234,jpeg50,1907,nairobi:15,zurich:51,15.679996,36.1773
zurich_query_0Ky7pgdILHyYlzjahHNGZg,transfer_1,1234,jpeg50,1284,toronto:197,zurich:51,15.680001,36.1773
zurich_query_0Ky7pgdILHyYlzjahHNGZg,transfer_2,1234,jpeg50,1552,toronto:197,zurich:51,15.680000,36.1773
zurich_query_0Ky7pgdILHyYlzjahHNGZg,transfer_3,1234,jpeg50,1527,manila:72,zurich:51,15.679997,36.1773
amman_query_1rZerb0T7z_1E7yKfEBCtA,isotropic,1234,jpeg50,1,amman:6,amman:6,15.680000,36.1773
amman_query_1rZerb0T7z_1E7yKfEBCtA,white_box,1234,jpeg50,251,boston:234,amman:6,15.679995,36.1773
amman_query_1rZerb0T7z_1E7yKfEBCtA,transfer_1,1234,jpeg50,3,amman:23,amman:6,15.680000,36.1773
amman_query_1rZerb0T7z_1E7yKfEBCtA,transfer_2,1234,jpeg50,2,boston:234,amman:6,15.680002,36.1773
amman_query_1rZerb0T7z_1E7yKfEBCtA,transfer_3,1234,jpeg50,5,boston:234,amman:6,15.679997,36.1773
boston_query_-Phryua7d1FHhpGGfaEGcg,isotropic,1234,jpeg50,132,toronto:23,boston:47,15.680000,36.1773
boston_query_-Phryua7d1FHhpGGfaEGcg,white_box,1234,jpeg50,618,manila:106,boston:47,15.679996,36.1773
boston_query_-Phryua7d1FHhpGGfaEGcg,transfer_1,1234,jpeg50,279,manila:13,boston:47,15.679997,36.1773
boston_query_-Phryua7d1FHhpGGfaEGcg,transfer_2,1234,jpeg50,211,toronto:23,boston:47,15.680004,36.1773
boston_query_-Phryua7d1FHhpGGfaEGcg,transfer_3,1234,jpeg50,289,manila:13,boston:47,15.679998,36.1773
cph_query_-PRZAb6qxjSdDqzgOekgbg,isotropic,1234,jpeg50,1,cph:356,cph:356,15.680000,36.1773
cph_query_-PRZAb6qxjSdDqzgOekgbg,white_box,1234,jpeg50,21,toronto:27,cph:356,15.680005,36.1773
cph_query_-PRZAb6qxjSdDqzgOekgbg,transfer_1,1234,jpeg50,1,cph:356,cph:356,15.679995,36.1773
cph_query_-PRZAb6qxjSdDqzgOekgbg,transfer_2,1234,jpeg50,1,cph:356,cph:356,15.679998,36.1773
cph_query_-PRZAb6qxjSdDqzgOekgbg,transfer_3,1234,jpeg50,1,cph:356,cph:356,15.680000,36.1773
london_query_039iugtZTFguj-7UQyc-wg,isotropic,1234,jpeg50,2,london:119,london:71,15.679997,36.1773
london_query_039iugtZTFguj-7UQyc-wg,white_box,1234,jpeg50,20,toronto:23,london:71,15.680000,36.1773
london_query_039iugtZTFguj-7UQyc-wg,transfer_1,1234,jpeg50,4,boston:249,london:71,15.680000,36.1773
london_query_039iugtZTFguj-7UQyc-wg,transfer_2,1234,jpeg50,9,boston:249,london:71,15.679997,36.1773
london_query_039iugtZTFguj-7UQyc-wg,transfer_3,1234,jpeg50,9,cph:271,london:71,15.679995,36.1773
manila_query_-TrGJy3CeaXApOffGndlqg,isotropic,1234,jpeg50,71,manila:202,manila:41,15.680001,36.1773
manila_query_-TrGJy3CeaXApOffGndlqg,white_box,1234,jpeg50,57,manila:202,manila:41,15.679997,36.1773
manila_query_-TrGJy3CeaXApOffGndlqg,transfer_1,1234,jpeg50,98,manila:134,manila:41,15.680005,36.1773
manila_query_-TrGJy3CeaXApOffGndlqg,transfer_2,1234,jpeg50,110,manila:202,manila:41,15.679997,36.1773
manila_query_-TrGJy3CeaXApOffGndlqg,transfer_3,1234,jpeg50,306,manila:134,manila:41,15.679998,36.1773
nairobi_query_38y5DGnb1BCdL2r_1MWELg,isotropic,1234,jpeg50,171,zurich:42,nairobi:5,15.679995,36.1773
nairobi_query_38y5DGnb1BCdL2r_1MWELg,white_box,1234,jpeg50,501,manila:92,nairobi:5,15.679998,36.1773
nairobi_query_38y5DGnb1BCdL2r_1MWELg,transfer_1,1234,jpeg50,245,zurich:42,nairobi:5,15.680000,36.1773
nairobi_query_38y5DGnb1BCdL2r_1MWELg,transfer_2,1234,jpeg50,280,london:75,nairobi:5,15.680000,36.1773
nairobi_query_38y5DGnb1BCdL2r_1MWELg,transfer_3,1234,jpeg50,292,zurich:19,nairobi:5,15.680001,36.1773
toronto_query_-Iyv6ydukEfueu-CphPhwg,isotropic,1234,jpeg50,8,toronto:200,toronto:218,15.679995,36.1773
toronto_query_-Iyv6ydukEfueu-CphPhwg,white_box,1234,jpeg50,32,toronto:200,toronto:218,15.680001,36.1773
toronto_query_-Iyv6ydukEfueu-CphPhwg,transfer_1,1234,jpeg50,13,toronto:200,toronto:218,15.679997,36.1773
toronto_query_-Iyv6ydukEfueu-CphPhwg,transfer_2,1234,jpeg50,9,toronto:200,toronto:218,15.680000,36.1773
toronto_query_-Iyv6ydukEfueu-CphPhwg,transfer_3,1234,jpeg50,6,toronto:200,toronto:218,15.680005,36.1773
zurich_query_0PrObi7NiUNPMe7_RDu2Ng,isotropic,1234,jpeg50,85,cph:429,zurich:46,15.679997,36.1773
zurich_query_0PrObi7NiUNPMe7_RDu2Ng,white_box,1234,jpeg50,1181,toronto:192,zurich:46,15.680000,36.1773
zurich_query_0PrObi7NiUNPMe7_RDu2Ng,transfer_1,1234,jpeg50,50,cph:429,zurich:46,15.679997,36.1773
zurich_query_0PrObi7NiUNPMe7_RDu2Ng,transfer_2,1234,jpeg50,25,cph:464,zurich:46,15.679995,36.1773
zurich_query_0PrObi7NiUNPMe7_RDu2Ng,transfer_3,1234,jpeg50,161,cph:429,zurich:46,15.679998,36.1773
amman_query_1uJbVMOMqlPVx4GYc2BgOA,isotropic,1234,jpeg50,41,amman:1,amman:15,15.680000,36.1773
amman_query_1uJbVMOMqlPVx4GYc2BgOA,white_box,1234,jpeg50,91,amman:1,amman:15,15.679995,36.1773
amman_query_1uJbVMOMqlPVx4GYc2BgOA,transfer_1,1234,jpeg50,90,amman:1,amman:15,15.680000,36.1773
amman_query_1uJbVMOMqlPVx4GYc2BgOA,transfer_2,1234,jpeg50,86,amman:1,amman:15,15.679992,36.1773
amman_query_1uJbVMOMqlPVx4GYc2BgOA,transfer_3,1234,jpeg50,68,amman:1,amman:15,15.680007,36.1773
boston_query_-Ptt76cqL8Ath-qW7aRUQw,isotropic,1234,jpeg50,1,boston:139,boston:139,15.679997,36.1773
boston_query_-Ptt76cqL8Ath-qW7aRUQw,white_box,1234,jpeg50,326,amman:35,boston:139,15.679997,36.1773
boston_query_-Ptt76cqL8Ath-qW7aRUQw,transfer_1,1234,jpeg50,1,boston:139,boston:139,15.679997,36.1773
boston_query_-Ptt76cqL8Ath-qW7aRUQw,transfer_2,1234,jpeg50,1,boston:139,boston:139,15.679998,36.1773
boston_query_-Ptt76cqL8Ath-qW7aRUQw,transfer_3,1234,jpeg50,6,boston:99,boston:139,15.679998,36.1773
cph_query_-Q4-mvnV6y-0yK62OXn-1w,isotropic,1234,jpeg50,1087,boston:237,cph:297,15.680001,36.1773
cph_query_-Q4-mvnV6y-0yK62OXn-1w,white_box,1234,jpeg50,1258,london:28,cph:297,15.679997,36.1773
cph_query_-Q4-mvnV6y-0yK62OXn-1w,transfer_1,1234,jpeg50,1000,boston:237,cph:297,15.679998,36.1773
cph_query_-Q4-mvnV6y-0yK62OXn-1w,transfer_2,1234,jpeg50,1068,toronto:23,cph:297,15.679996,36.1773
cph_query_-Q4-mvnV6y-0yK62OXn-1w,transfer_3,1234,jpeg50,1144,toronto:23,cph:297,15.680000,36.1773
london_query_03BhnvDRczArNBQm0Qu0tQ,isotropic,1234,jpeg50,1,london:122,london:122,15.679997,36.1773
london_query_03BhnvDRczArNBQm0Qu0tQ,white_box,1234,jpeg50,208,manila:92,london:122,15.679998,36.1773
london_query_03BhnvDRczArNBQm0Qu0tQ,transfer_1,1234,jpeg50,17,boston:90,london:122,15.680004,36.1773
london_query_03BhnvDRczArNBQm0Qu0tQ,transfer_2,1234,jpeg50,9,manila:153,london:122,15.680001,36.1773
london_query_03BhnvDRczArNBQm0Qu0tQ,transfer_3,1234,jpeg50,16,boston:90,london:122,15.680000,36.1773
manila_query_-Tvw2ZcjPmZrmxcJ3PNHwQ,isotropic,1234,jpeg50,1,manila:33,manila:33,15.679997,36.1773
manila_query_-Tvw2ZcjPmZrmxcJ3PNHwQ,white_box,1234,jpeg50,36,boston:262,manila:33,15.680000,36.1773
manila_query_-Tvw2ZcjPmZrmxcJ3PNHwQ,transfer_1,1234,jpeg50,2,cph:464,manila:33,15.679997,36.1773
manila_query_-Tvw2ZcjPmZrmxcJ3PNHwQ,transfer_2,1234,jpeg50,1,manila:33,manila:33,15.679997,36.1773
manila_query_-Tvw2ZcjPmZrmxcJ3PNHwQ,transfer_3,1234,jpeg50,1,manila:33,manila:33,15.680000,36.1773
nairobi_query_3BfqchD1dC_R_VKSm6NXMQ,isotropic,1234,jpeg50,33,amman:23,nairobi:20,15.679997,36.1773
nairobi_query_3BfqchD1dC_R_VKSm6NXMQ,white_box,1234,jpeg50,641,amman:6,nairobi:20,15.680002,36.1773
nairobi_query_3BfqchD1dC_R_VKSm6NXMQ,transfer_1,1234,jpeg50,23,amman:21,nairobi:20,15.680005,36.1773
nairobi_query_3BfqchD1dC_R_VKSm6NXMQ,transfer_2,1234,jpeg50,16,zurich:42,nairobi:20,15.680000,36.1773
nairobi_query_3BfqchD1dC_R_VKSm6NXMQ,transfer_3,1234,jpeg50,49,amman:23,nairobi:20,15.679998,36.1773
toronto_query_-J6MOLqIZtzsA-CH6ie5Cg,isotropic,1234,jpeg50,35,cph:94,toronto:101,15.680000,36.1773
toronto_query_-J6MOLqIZtzsA-CH6ie5Cg,white_box,1234,jpeg50,115,london:34,toronto:101,15.680000,36.1773
toronto_query_-J6MOLqIZtzsA-CH6ie5Cg,transfer_1,1234,jpeg50,56,cph:370,toronto:101,15.679996,36.1773
toronto_query_-J6MOLqIZtzsA-CH6ie5Cg,transfer_2,1234,jpeg50,57,cph:370,toronto:101,15.680000,36.1773
toronto_query_-J6MOLqIZtzsA-CH6ie5Cg,transfer_3,1234,jpeg50,68,cph:370,toronto:101,15.679993,36.1773
zurich_query_0Spj-pWISRRStxENII8G4A,isotropic,1234,jpeg50,121,boston:47,zurich:61,15.680000,36.1773
zurich_query_0Spj-pWISRRStxENII8G4A,white_box,1234,jpeg50,690,zurich:38,zurich:61,15.680000,36.1773
zurich_query_0Spj-pWISRRStxENII8G4A,transfer_1,1234,jpeg50,158,boston:47,zurich:61,15.679998,36.1773
zurich_query_0Spj-pWISRRStxENII8G4A,transfer_2,1234,jpeg50,251,boston:47,zurich:61,15.680000,36.1773
zurich_query_0Spj-pWISRRStxENII8G4A,transfer_3,1234,jpeg50,266,boston:47,zurich:61,15.680000,36.1773
amman_query_23YO5CD18Cg_wG_ZhqhbQQ,isotropic,1234,jpeg50,128,zurich:19,amman:23,15.679997,36.1773
amman_query_23YO5CD18Cg_wG_ZhqhbQQ,white_box,1234,jpeg50,276,amman:4,amman:23,15.680005,36.1773
amman_query_23YO5CD18Cg_wG_ZhqhbQQ,transfer_1,1234,jpeg50,94,toronto:354,amman:23,15.680001,36.1773
amman_query_23YO5CD18Cg_wG_ZhqhbQQ,transfer_2,1234,jpeg50,109,zurich:19,amman:23,15.679996,36.1773
amman_query_23YO5CD18Cg_wG_ZhqhbQQ,transfer_3,1234,jpeg50,120,zurich:19,amman:23,15.680001,36.1773
boston_query_-RyJCN_Rrfvr2l9jqadkcQ,isotropic,1234,jpeg50,1,boston:239,boston:239,15.679997,36.1773
boston_query_-RyJCN_Rrfvr2l9jqadkcQ,white_box,1234,jpeg50,29,manila:29,boston:239,15.679997,36.1773
boston_query_-RyJCN_Rrfvr2l9jqadkcQ,transfer_1,1234,jpeg50,1,boston:239,boston:239,15.679998,36.1773
boston_query_-RyJCN_Rrfvr2l9jqadkcQ,transfer_2,1234,jpeg50,1,boston:239,boston:239,15.679998,36.1773
boston_query_-RyJCN_Rrfvr2l9jqadkcQ,transfer_3,1234,jpeg50,1,boston:239,boston:239,15.679997,36.1773
cph_query_-Q7samX2RjJwU9xiKFxpug,isotropic,1234,jpeg50,1,cph:175,cph:175,15.680000,36.1773
cph_query_-Q7samX2RjJwU9xiKFxpug,white_box,1234,jpeg50,49,manila:177,cph:175,15.680000,36.1773
cph_query_-Q7samX2RjJwU9xiKFxpug,transfer_1,1234,jpeg50,1,cph:175,cph:175,15.680000,36.1773
cph_query_-Q7samX2RjJwU9xiKFxpug,transfer_2,1234,jpeg50,1,cph:175,cph:175,15.679992,36.1773
cph_query_-Q7samX2RjJwU9xiKFxpug,transfer_3,1234,jpeg50,1,cph:175,cph:175,15.680000,36.1773
london_query_03VxrSUHoB-y1D50kXwi8g,isotropic,1234,jpeg50,1,london:131,london:131,15.679997,36.1773
london_query_03VxrSUHoB-y1D50kXwi8g,white_box,1234,jpeg50,12,cph:342,london:131,15.680002,36.1773
london_query_03VxrSUHoB-y1D50kXwi8g,transfer_1,1234,jpeg50,1,london:131,london:131,15.679996,36.1773
london_query_03VxrSUHoB-y1D50kXwi8g,transfer_2,1234,jpeg50,1,london:131,london:131,15.680002,36.1773
london_query_03VxrSUHoB-y1D50kXwi8g,transfer_3,1234,jpeg50,1,london:131,london:131,15.679997,36.1773
manila_query_-WlvwRIHM8K9xtN_z0FAGg,isotropic,1234,jpeg50,5,manila:89,manila:153,15.679998,36.1773
manila_query_-WlvwRIHM8K9xtN_z0FAGg,white_box,1234,jpeg50,25,toronto:346,manila:153,15.679997,36.1773
manila_query_-WlvwRIHM8K9xtN_z0FAGg,transfer_1,1234,jpeg50,7,manila:89,manila:153,15.679998,36.1773
manila_query_-WlvwRIHM8K9xtN_z0FAGg,transfer_2,1234,jpeg50,14,manila:89,manila:153,15.679998,36.1773
manila_query_-WlvwRIHM8K9xtN_z0FAGg,transfer_3,1234,jpeg50,4,boston:191,manila:153,15.679996,36.1773
nairobi_query_3Rln3I-knaHBGe7xAH2I_Q,isotropic,1234,jpeg50,39,amman:1,nairobi:12,15.679997,36.1773
nairobi_query_3Rln3I-knaHBGe7xAH2I_Q,white_box,1234,jpeg50,1,nairobi:12,nairobi:12,15.680002,36.1773
nairobi_query_3Rln3I-knaHBGe7xAH2I_Q,transfer_1,1234,jpeg50,32,amman:1,nairobi:12,15.679997,36.1773
nairobi_query_3Rln3I-knaHBGe7xAH2I_Q,transfer_2,1234,jpeg50,55,amman:1,nairobi:12,15.680000,36.1773
nairobi_query_3Rln3I-knaHBGe7xAH2I_Q,transfer_3,1234,jpeg50,54,amman:1,nairobi:12,15.679997,36.1773
toronto_query_-JY9Ip12RNDaK_geCga4LA,isotropic,1234,jpeg50,110,manila:88,toronto:192,15.680001,36.1773
toronto_query_-JY9Ip12RNDaK_geCga4LA,white_box,1234,jpeg50,1037,toronto:23,toronto:192,15.679998,36.1773
toronto_query_-JY9Ip12RNDaK_geCga4LA,transfer_1,1234,jpeg50,178,toronto:23,toronto:192,15.679996,36.1773
toronto_query_-JY9Ip12RNDaK_geCga4LA,transfer_2,1234,jpeg50,255,toronto:23,toronto:192,15.679996,36.1773
toronto_query_-JY9Ip12RNDaK_geCga4LA,transfer_3,1234,jpeg50,514,toronto:23,toronto:192,15.680000,36.1773
zurich_query_0UfO0g5oR-GfH12twjOIuw,isotropic,1234,jpeg50,38,boston:206,zurich:94,15.680000,36.1773
zurich_query_0UfO0g5oR-GfH12twjOIuw,white_box,1234,jpeg50,538,amman:29,zurich:94,15.680000,36.1773
zurich_query_0UfO0g5oR-GfH12twjOIuw,transfer_1,1234,jpeg50,19,cph:395,zurich:94,15.679997,36.1773
zurich_query_0UfO0g5oR-GfH12twjOIuw,transfer_2,1234,jpeg50,69,boston:249,zurich:94,15.679997,36.1773
zurich_query_0UfO0g5oR-GfH12twjOIuw,transfer_3,1234,jpeg50,182,boston:249,zurich:94,15.679998,36.1773
amman_query_27ZYHE_-tdmKbq7gUW9ECA,isotropic,1234,jpeg50,1,amman:21,amman:21,15.680000,36.1773
amman_query_27ZYHE_-tdmKbq7gUW9ECA,white_box,1234,jpeg50,12,zurich:19,amman:21,15.679998,36.1773
amman_query_27ZYHE_-tdmKbq7gUW9ECA,transfer_1,1234,jpeg50,1,amman:21,amman:21,15.679996,36.1773
amman_query_27ZYHE_-tdmKbq7gUW9ECA,transfer_2,1234,jpeg50,2,amman:25,amman:21,15.680000,36.1773
amman_query_27ZYHE_-tdmKbq7gUW9ECA,transfer_3,1234,jpeg50,2,amman:25,amman:21,15.680002,36.1773
boston_query_-TMAMMmIqQ4AQA3YI-YOHg,isotropic,1234,jpeg50,73,boston:210,boston:206,15.680000,36.1773
boston_query_-TMAMMmIqQ4AQA3YI-YOHg,white_box,1234,jpeg50,45,boston:210,boston:206,15.680001,36.1773
boston_query_-TMAMMmIqQ4AQA3YI-YOHg,transfer_1,1234,jpeg50,65,boston:210,boston:206,15.679995,36.1773
boston_query_-TMAMMmIqQ4AQA3YI-YOHg,transfer_2,1234,jpeg50,59,boston:210,boston:206,15.679995,36.1773
boston_query_-TMAMMmIqQ4AQA3YI-YOHg,transfer_3,1234,jpeg50,77,boston:176,boston:206,15.679995,36.1773
cph_query_-R9cTkYMNbXlglFeWCXtMg,isotropic,1234,jpeg50,408,boston:123,cph:429,15.679997,36.1773
cph_query_-R9cTkYMNbXlglFeWCXtMg,white_box,1234,jpeg50,928,boston:235,cph:429,15.679997,36.1773
cph_query_-R9cTkYMNbXlglFeWCXtMg,transfer_1,1234,jpeg50,754,boston:123,cph:429,15.679997,36.1773
cph_query_-R9cTkYMNbXlglFeWCXtMg,transfer_2,1234,jpeg50,745,boston:123,cph:429,15.680005,36.1773
cph_query_-R9cTkYMNbXlglFeWCXtMg,transfer_3,1234,jpeg50,528,boston:123,cph:429,15.680000,36.1773
london_query_06tRsqVA7nx5PgabbPdu4w,isotropic,1234,jpeg50,21,manila:33,london:119,15.680000,36.1773
london_query_06tRsqVA7nx5PgabbPdu4w,white_box,1234,jpeg50,196,zurich:60,london:119,15.680002,36.1773
london_query_06tRsqVA7nx5PgabbPdu4w,transfer_1,1234,jpeg50,40,manila:33,london:119,15.680000,36.1773
london_query_06tRsqVA7nx5PgabbPdu4w,transfer_2,1234,jpeg50,137,manila:33,london:119,15.679998,36.1773
london_query_06tRsqVA7nx5PgabbPdu4w,transfer_3,1234,jpeg50,151,toronto:23,london:119,15.680000,36.1773
manila_query_-WuLHZxOTWuUgVSb36RTng,isotropic,1234,jpeg50,214,manila:33,manila:132,15.679997,36.1773
manila_query_-WuLHZxOTWuUgVSb36RTng,white_box,1234,jpeg50,50,toronto:55,manila:132,15.679995,36.1773
manila_query_-WuLHZxOTWuUgVSb36RTng,transfer_1,1234,jpeg50,250,manila:33,manila:132,15.680001,36.1773
manila_query_-WuLHZxOTWuUgVSb36RTng,transfer_2,1234,jpeg50,244,manila:33,manila:132,15.680001,36.1773
manila_query_-WuLHZxOTWuUgVSb36RTng,transfer_3,1234,jpeg50,215,manila:33,manila:132,15.679998,36.1773
nairobi_query_3Thql5xEy0LYu4bdux1icw,isotropic,1234,jpeg50,9,nairobi:22,nairobi:18,15.680000,36.1773
nairobi_query_3Thql5xEy0LYu4bdux1icw,white_box,1234,jpeg50,256,amman:32,nairobi:18,15.680000,36.1773
nairobi_query_3Thql5xEy0LYu4bdux1icw,transfer_1,1234,jpeg50,6,amman:32,nairobi:18,15.680000,36.1773
nairobi_query_3Thql5xEy0LYu4bdux1icw,transfer_2,1234,jpeg50,15,amman:32,nairobi:18,15.680000,36.1773
nairobi_query_3Thql5xEy0LYu4bdux1icw,transfer_3,1234,jpeg50,48,amman:32,nairobi:18,15.680001,36.1773
toronto_query_-K6Ci0V3ZYp50_DrMghntA,isotropic,1234,jpeg50,1,toronto:103,toronto:103,15.679998,36.1773
toronto_query_-K6Ci0V3ZYp50_DrMghntA,white_box,1234,jpeg50,9,nairobi:12,toronto:103,15.680000,36.1773
toronto_query_-K6Ci0V3ZYp50_DrMghntA,transfer_1,1234,jpeg50,1,toronto:103,toronto:103,15.680005,36.1773
toronto_query_-K6Ci0V3ZYp50_DrMghntA,transfer_2,1234,jpeg50,1,toronto:103,toronto:103,15.680000,36.1773
toronto_query_-K6Ci0V3ZYp50_DrMghntA,transfer_3,1234,jpeg50,2,manila:33,toronto:103,15.679997,36.1773
zurich_query_0W_6dskxdNPlCJnX9EhmZA,isotropic,1234,jpeg50,3,cph:464,zurich:33,15.679997,36.1773
zurich_query_0W_6dskxdNPlCJnX9EhmZA,white_box,1234,jpeg50,37,cph:464,zurich:33,15.680000,36.1773
zurich_query_0W_6dskxdNPlCJnX9EhmZA,transfer_1,1234,jpeg50,4,cph:464,zurich:33,15.680000,36.1773
zurich_query_0W_6dskxdNPlCJnX9EhmZA,transfer_2,1234,jpeg50,8,cph:464,zurich:33,15.679998,36.1773
zurich_query_0W_6dskxdNPlCJnX9EhmZA,transfer_3,1234,jpeg50,4,cph:464,zurich:33,15.679998,36.1773
amman_query_29zY5U3MUbO3wTjTTKF93w,isotropic,1234,jpeg50,1,amman:22,amman:22,15.680000,36.1773
amman_query_29zY5U3MUbO3wTjTTKF93w,white_box,1234,jpeg50,1,amman:22,amman:22,15.680000,36.1773
amman_query_29zY5U3MUbO3wTjTTKF93w,transfer_1,1234,jpeg50,1,amman:22,amman:22,15.680005,36.1773
amman_query_29zY5U3MUbO3wTjTTKF93w,transfer_2,1234,jpeg50,1,amman:22,amman:22,15.680000,36.1773
amman_query_29zY5U3MUbO3wTjTTKF93w,transfer_3,1234,jpeg50,1,amman:22,amman:22,15.680002,36.1773
boston_query_-U0JJudMztDrvqfppyEl9A,isotropic,1234,jpeg50,3,boston:47,boston:87,15.679997,36.1773
boston_query_-U0JJudMztDrvqfppyEl9A,white_box,1234,jpeg50,189,manila:72,boston:87,15.680000,36.1773
boston_query_-U0JJudMztDrvqfppyEl9A,transfer_1,1234,jpeg50,9,boston:47,boston:87,15.679996,36.1773
boston_query_-U0JJudMztDrvqfppyEl9A,transfer_2,1234,jpeg50,5,boston:139,boston:87,15.679998,36.1773
boston_query_-U0JJudMztDrvqfppyEl9A,transfer_3,1234,jpeg50,1,boston:87,boston:87,15.679997,36.1773
cph_query_-To5emQUYvNlwdgB1hEVfQ,isotropic,1234,jpeg50,1,cph:279,cph:279,15.680000,36.1773
cph_query_-To5emQUYvNlwdgB1hEVfQ,white_box,1234,jpeg50,5,manila:51,cph:279,15.680002,36.1773
cph_query_-To5emQUYvNlwdgB1hEVfQ,transfer_1,1234,jpeg50,1,cph:279,cph:279,15.679995,36.1773
cph_query_-To5emQUYvNlwdgB1hEVfQ,transfer_2,1234,jpeg50,1,cph:279,cph:279,15.680002,36.1773
cph_query_-To5emQUYvNlwdgB1hEVfQ,transfer_3,1234,jpeg50,1,cph:279,cph:279,15.680005,36.1773
london_query_07Mt7j9hZm17z2pXB3QAXA,isotropic,1234,jpeg50,2,manila:89,london:122,15.679996,36.1773
london_query_07Mt7j9hZm17z2pXB3QAXA,white_box,1234,jpeg50,126,amman:23,london:122,15.680000,36.1773
london_query_07Mt7j9hZm17z2pXB3QAXA,transfer_1,1234,jpeg50,18,manila:89,london:122,15.680001,36.1773
london_query_07Mt7j9hZm17z2pXB3QAXA,transfer_2,1234,jpeg50,12,manila:89,london:122,15.680000,36.1773
london_query_07Mt7j9hZm17z2pXB3QAXA,transfer_3,1234,jpeg50,4,manila:153,london:122,15.679998,36.1773
manila_query_-YADzGuflGFk0TrwgbgGQA,isotropic,1234,jpeg50,8,boston:235,manila:82,15.680000,36.1773
manila_query_-YADzGuflGFk0TrwgbgGQA,white_box,1234,jpeg50,110,nairobi:20,manila:82,15.679997,36.1773
manila_query_-YADzGuflGFk0TrwgbgGQA,transfer_1,1234,jpeg50,19,boston:235,manila:82,15.679997,36.1773
manila_query_-YADzGuflGFk0TrwgbgGQA,transfer_2,1234,jpeg50,21,toronto:23,manila:82,15.679998,36.1773
manila_query_-YADzGuflGFk0TrwgbgGQA,transfer_3,1234,jpeg50,34,london:85,manila:82,15.680001,36.1773
nairobi_query_3VEngLiRuIRlzTCHOPvAqA,isotropic,1234,jpeg50,10,london:85,nairobi:4,15.680000,36.1773
nairobi_query_3VEngLiRuIRlzTCHOPvAqA,white_box,1234,jpeg50,167,amman:23,nairobi:4,15.679992,36.1773
nairobi_query_3VEngLiRuIRlzTCHOPvAqA,transfer_1,1234,jpeg50,14,amman:12,nairobi:4,15.680000,36.1773
nairobi_query_3VEngLiRuIRlzTCHOPvAqA,transfer_2,1234,jpeg50,21,boston:90,nairobi:4,15.680002,36.1773
nairobi_query_3VEngLiRuIRlzTCHOPvAqA,transfer_3,1234,jpeg50,28,london:85,nairobi:4,15.680000,36.1773
toronto_query_-KU5g574x3Cah05LVtG_Pw,isotropic,1234,jpeg50,555,cph:464,toronto:418,15.680000,36.1773
toronto_query_-KU5g574x3Cah05LVtG_Pw,white_box,1234,jpeg50,1829,toronto:351,toronto:418,15.679997,36.1773
toronto_query_-KU5g574x3Cah05LVtG_Pw,transfer_1,1234,jpeg50,549,cph:464,toronto:418,15.679997,36.1773
toronto_query_-KU5g574x3Cah05LVtG_Pw,transfer_2,1234,jpeg50,422,cph:464,toronto:418,15.679995,36.1773
toronto_query_-KU5g574x3Cah05LVtG_Pw,transfer_3,1234,jpeg50,824,toronto:351,toronto:418,15.680000,36.1773
zurich_query_0YqWIRNZbPyTmppf5ZjyMw,isotropic,1234,jpeg50,1,zurich:25,zurich:25,15.680000,36.1773
zurich_query_0YqWIRNZbPyTmppf5ZjyMw,white_box,1234,jpeg50,42,toronto:55,zurich:25,15.680000,36.1773
zurich_query_0YqWIRNZbPyTmppf5ZjyMw,transfer_1,1234,jpeg50,1,zurich:25,zurich:25,15.680000,36.1773
zurich_query_0YqWIRNZbPyTmppf5ZjyMw,transfer_2,1234,jpeg50,1,zurich:25,zurich:25,15.679997,36.1773
zurich_query_0YqWIRNZbPyTmppf5ZjyMw,transfer_3,1234,jpeg50,1,zurich:25,zurich:25,15.679998,36.1773
amman_query_2E9XDGy6VTetR1O15tILdw,isotropic,1234,jpeg50,28,amman:1,amman:11,15.679998,36.1773
amman_query_2E9XDGy6VTetR1O15tILdw,white_box,1234,jpeg50,195,toronto:301,amman:11,15.679992,36.1773
amman_query_2E9XDGy6VTetR1O15tILdw,transfer_1,1234,jpeg50,46,amman:1,amman:11,15.679997,36.1773
amman_query_2E9XDGy6VTetR1O15tILdw,transfer_2,1234,jpeg50,48,zurich:19,amman:11,15.680005,36.1773
amman_query_2E9XDGy6VTetR1O15tILdw,transfer_3,1234,jpeg50,71,zurich:19,amman:11,15.680000,36.1773
boston_query_-U_cmO4sMoYmoNbCPpMXWw,isotropic,1234,jpeg50,114,boston:210,boston:101,15.679996,36.1773
boston_query_-U_cmO4sMoYmoNbCPpMXWw,white_box,1234,jpeg50,1134,boston:210,boston:101,15.680002,36.1773
boston_query_-U_cmO4sMoYmoNbCPpMXWw,transfer_1,1234,jpeg50,208,boston:210,boston:101,15.679992,36.1773
boston_query_-U_cmO4sMoYmoNbCPpMXWw,transfer_2,1234,jpeg50,160,boston:210,boston:101,15.680000,36.1773
boston_query_-U_cmO4sMoYmoNbCPpMXWw,transfer_3,1234,jpeg50,230,boston:210,boston:101,15.679998,36.1773
cph_query_-UByBh5hYhNn4_dsHy73aA,isotropic,1234,jpeg50,1,cph:342,cph:342,15.680001,36.1773
cph_query_-UByBh5hYhNn4_dsHy73aA,white_box,1234,jpeg50,906,london:76,cph:342,15.680001,36.1773
cph_query_-UByBh5hYhNn4_dsHy73aA,transfer_1,1234,jpeg50,1,cph:342,cph:342,15.680001,36.1773
cph_query_-UByBh5hYhNn4_dsHy73aA,transfer_2,1234,jpeg50,1,cph:342,cph:342,15.680000,36.1773
cph_query_-UByBh5hYhNn4_dsHy73aA,transfer_3,1234,jpeg50,1,cph:342,cph:342,15.679995,36.1773
london_query_07oSFXlZ9SfPsHwsEZQFtA,isotropic,1234,jpeg50,28,london:51,london:76,15.679997,36.1773
london_query_07oSFXlZ9SfPsHwsEZQFtA,white_box,1234,jpeg50,515,manila:171,london:76,15.680000,36.1773
london_query_07oSFXlZ9SfPsHwsEZQFtA,transfer_1,1234,jpeg50,50,london:51,london:76,15.679996,36.1773
london_query_07oSFXlZ9SfPsHwsEZQFtA,transfer_2,1234,jpeg50,51,london:51,london:76,15.679997,36.1773
london_query_07oSFXlZ9SfPsHwsEZQFtA,transfer_3,1234,jpeg50,68,london:51,london:76,15.680002,36.1773
manila_query_-YswrllPgEq1Q_LYD0mD0A,isotropic,1234,jpeg50,65,manila:134,manila:181,15.679997,36.1773
manila_query_-YswrllPgEq1Q_LYD0mD0A,white_box,1234,jpeg50,418,manila:29,manila:181,15.680001,36.1773
manila_query_-YswrllPgEq1Q_LYD0mD0A,transfer_1,1234,jpeg50,58,manila:82,manila:181,15.680000,36.1773
manila_query_-YswrllPgEq1Q_LYD0mD0A,transfer_2,1234,jpeg50,75,manila:134,manila:181,15.679997,36.1773
manila_query_-YswrllPgEq1Q_LYD0mD0A,transfer_3,1234,jpeg50,102,manila:173,manila:181,15.679998,36.1773
nairobi_query_3sAf0a7Z9MFOX5NACNEfkA,isotropic,1234,jpeg50,2,cph:241,nairobi:3,15.679997,36.1773
nairobi_query_3sAf0a7Z9MFOX5NACNEfkA,white_box,1234,jpeg50,512,toronto:55,nairobi:3,15.679997,36.1773
nairobi_query_3sAf0a7Z9MFOX5NACNEfkA,transfer_1,1234,jpeg50,2,cph:241,nairobi:3,15.679998,36.1773
nairobi_query_3sAf0a7Z9MFOX5NACNEfkA,transfer_2,1234,jpeg50,5,manila:181,nairobi:3,15.679997,36.1773
nairobi_query_3sAf0a7Z9MFOX5NACNEfkA,transfer_3,1234,jpeg50,2,cph:241,nairobi:3,15.679995,36.1773
toronto_query_-L3Zos1U2E6AA3-ZO_eESA,isotropic,1234,jpeg50,57,zurich:42,toronto:253,15.680000,36.1773
toronto_query_-L3Zos1U2E6AA3-ZO_eESA,white_box,1234,jpeg50,798,amman:1,toronto:253,15.680000,36.1773
toronto_query_-L3Zos1U2E6AA3-ZO_eESA,transfer_1,1234,jpeg50,50,zurich:42,toronto:253,15.679997,36.1773
toronto_query_-L3Zos1U2E6AA3-ZO_eESA,transfer_2,1234,jpeg50,128,amman:1,toronto:253,15.679997,36.1773
toronto_query_-L3Zos1U2E6AA3-ZO_eESA,transfer_3,1234,jpeg50,160,zurich:42,toronto:253,15.680000,36.1773
zurich_query_0eG9-83f-Xafie9_84fDbg,isotropic,1234,jpeg50,5,toronto:244,zurich:105,15.680000,36.1773
zurich_query_0eG9-83f-Xafie9_84fDbg,white_box,1234,jpeg50,31,toronto:244,zurich:105,15.680001,36.1773
zurich_query_0eG9-83f-Xafie9_84fDbg,transfer_1,1234,jpeg50,7,toronto:196,zurich:105,15.680000,36.1773
zurich_query_0eG9-83f-Xafie9_84fDbg,transfer_2,1234,jpeg50,6,toronto:196,zurich:105,15.680002,36.1773
zurich_query_0eG9-83f-Xafie9_84fDbg,transfer_3,1234,jpeg50,7,toronto:196,zurich:105,15.679998,36.1773
amman_query_2WNEczYwDdZlHE_2nYlE-A,isotropic,1234,jpeg50,398,amman:21,amman:0,15.679997,36.1773
amman_query_2WNEczYwDdZlHE_2nYlE-A,white_box,1234,jpeg50,722,manila:181,amman:0,15.680005,36.1773
amman_query_2WNEczYwDdZlHE_2nYlE-A,transfer_1,1234,jpeg50,564,amman:21,amman:0,15.680000,36.1773
amman_query_2WNEczYwDdZlHE_2nYlE-A,transfer_2,1234,jpeg50,331,nairobi:12,amman:0,15.679997,36.1773
amman_query_2WNEczYwDdZlHE_2nYlE-A,transfer_3,1234,jpeg50,523,nairobi:12,amman:0,15.680004,36.1773
boston_query_-VHXaQ_dj_14O-Bcn3u7zA,isotropic,1234,jpeg50,298,manila:143,boston:171,15.680001,36.1773
boston_query_-VHXaQ_dj_14O-Bcn3u7zA,white_box,1234,jpeg50,1375,nairobi:21,boston:171,15.680000,36.1773
boston_query_-VHXaQ_dj_14O-Bcn3u7zA,transfer_1,1234,jpeg50,311,toronto:228,boston:171,15.680000,36.1773
boston_query_-VHXaQ_dj_14O-Bcn3u7zA,transfer_2,1234,jpeg50,464,toronto:228,boston:171,15.679998,36.1773
boston_query_-VHXaQ_dj_14O-Bcn3u7zA,transfer_3,1234,jpeg50,764,manila:143,boston:171,15.680000,36.1773
cph_query_-UO7OuMXuwPBrMEXSsFhNA,isotropic,1234,jpeg50,490,boston:191,cph:429,15.679997,36.1773
cph_query_-UO7OuMXuwPBrMEXSsFhNA,white_box,1234,jpeg50,1298,manila:72,cph:429,15.679997,36.1773
cph_query_-UO7OuMXuwPBrMEXSsFhNA,transfer_1,1234,jpeg50,474,boston:123,cph:429,15.679998,36.1773
cph_query_-UO7OuMXuwPBrMEXSsFhNA,transfer_2,1234,jpeg50,711,london:85,cph:429,15.680000,36.1773
cph_query_-UO7OuMXuwPBrMEXSsFhNA,transfer_3,1234,jpeg50,1054,boston:123,cph:429,15.680000,36.1773
london_query_08wp6QepyximP9UuP-ijLg,isotropic,1234,jpeg50,1,london:78,london:78,15.679997,36.1773
london_query_08wp6QepyximP9UuP-ijLg,white_box,1234,jpeg50,105,boston:90,london:78,15.680000,36.1773
london_query_08wp6QepyximP9UuP-ijLg,transfer_1,1234,jpeg50,1,london:78,london:78,15.679997,36.1773
london_query_08wp6QepyximP9UuP-ijLg,transfer_2,1234,jpeg50,1,london:78,london:78,15.680001,36.1773
london_query_08wp6QepyximP9UuP-ijLg,transfer_3,1234,jpeg50,3,boston:234,london:78,15.679998,36.1773
manila_query_-Z3CXTi1QhF_Ste8t8vrJA,isotropic,1234,jpeg50,670,toronto:102,manila:16,15.680002,36.1773
manila_query_-Z3CXTi1QhF_Ste8t8vrJA,white_box,1234,jpeg50,1806,manila:13,manila:16,15.680000,36.1773
manila_query_-Z3CXTi1QhF_Ste8t8vrJA,transfer_1,1234,jpeg50,930,manila:13,manila:16,15.680000,36.1773
manila_query_-Z3CXTi1QhF_Ste8t8vrJA,transfer_2,1234,jpeg50,1098,manila:13,manila:16,15.679997,36.1773
manila_query_-Z3CXTi1QhF_Ste8t8vrJA,transfer_3,1234,jpeg50,1002,manila:13,manila:16,15.679998,36.1773
nairobi_query_3vVoHZDD0-kVhbBxDTYEjw,isotropic,1234,jpeg50,34,cph:459,nairobi:10,15.680000,36.1773
nairobi_query_3vVoHZDD0-kVhbBxDTYEjw,white_box,1234,jpeg50,94,cph:33,nairobi:10,15.679998,36.1773
nairobi_query_3vVoHZDD0-kVhbBxDTYEjw,transfer_1,1234,jpeg50,110,cph:464,nairobi:10,15.679996,36.1773
nairobi_query_3vVoHZDD0-kVhbBxDTYEjw,transfer_2,1234,jpeg50,81,cph:459,nairobi:10,15.679997,36.1773
nairobi_query_3vVoHZDD0-kVhbBxDTYEjw,transfer_3,1234,jpeg50,27,cph:459,nairobi:10,15.680000,36.1773
toronto_query_-LZN7DIyP80uvFh2O8KVXw,isotropic,1234,jpeg50,3,zurich:111,toronto:366,15.679998,36.1773
toronto_query_-LZN7DIyP80uvFh2O8KVXw,white_box,1234,jpeg50,42,amman:23,toronto:366,15.680002,36.1773
toronto_query_-LZN7DIyP80uvFh2O8KVXw,transfer_1,1234,jpeg50,8,toronto:354,toronto:366,15.680002,36.1773
toronto_query_-LZN7DIyP80uvFh2O8KVXw,transfer_2,1234,jpeg50,44,cph:464,toronto:366,15.679993,36.1773
toronto_query_-LZN7DIyP80uvFh2O8KVXw,transfer_3,1234,jpeg50,34,toronto:354,toronto:366,15.679998,36.1773
zurich_query_0g61-9tYhD3Y5qh7eiB92g,isotropic,1234,jpeg50,1,zurich:22,zurich:22,15.680000,36.1773
zurich_query_0g61-9tYhD3Y5qh7eiB92g,white_box,1234,jpeg50,140,manila:106,zurich:22,15.680001,36.1773
zurich_query_0g61-9tYhD3Y5qh7eiB92g,transfer_1,1234,jpeg50,2,amman:1,zurich:22,15.679997,36.1773
zurich_query_0g61-9tYhD3Y5qh7eiB92g,transfer_2,1234,jpeg50,1,zurich:22,zurich:22,15.679997,36.1773
zurich_query_0g61-9tYhD3Y5qh7eiB92g,transfer_3,1234,jpeg50,3,amman:1,zurich:22,15.680000,36.1773
amman_query_2amxr5vdbo4jgViAEELT_Q,isotropic,1234,jpeg50,1850,amman:1,amman:37,15.679997,36.1773
amman_query_2amxr5vdbo4jgViAEELT_Q,white_box,1234,jpeg50,1997,manila:92,amman:37,15.679998,36.1773
amman_query_2amxr5vdbo4jgViAEELT_Q,transfer_1,1234,jpeg50,1815,amman:1,amman:37,15.679996,36.1773
amman_query_2amxr5vdbo4jgViAEELT_Q,transfer_2,1234,jpeg50,1853,amman:1,amman:37,15.680000,36.1773
amman_query_2amxr5vdbo4jgViAEELT_Q,transfer_3,1234,jpeg50,1966,amman:1,amman:37,15.680000,36.1773
boston_query_-WNRbaGc8Yukh-LWnRNe5O,isotropic,1234,jpeg50,12,boston:123,boston:99,15.679998,36.1773
boston_query_-WNRbaGc8Yukh-LWnRNe5O,white_box,1234,jpeg50,882,manila:92,boston:99,15.680000,36.1773
boston_query_-WNRbaGc8Yukh-LWnRNe5O,transfer_1,1234,jpeg50,102,zurich:65,boston:99,15.679997,36.1773
boston_query_-WNRbaGc8Yukh-LWnRNe5O,transfer_2,1234,jpeg50,34,boston:98,boston:99,15.680005,36.1773
boston_query_-WNRbaGc8Yukh-LWnRNe5O,transfer_3,1234,jpeg50,183,zurich:65,boston:99,15.680000,36.1773
cph_query_-V4aUy1yd0AbFfY-xX0BAg,isotropic,1234,jpeg50,2,cph:356,cph:500,15.680000,36.1773
cph_query_-V4aUy1yd0AbFfY-xX0BAg,white_box,1234,jpeg50,12,manila:181,cph:500,15.680002,36.1773
cph_query_-V4aUy1yd0AbFfY-xX0BAg,transfer_1,1234,jpeg50,1,cph:500,cph:500,15.679997,36.1773
cph_query_-V4aUy1yd0AbFfY-xX0BAg,transfer_2,1234,jpeg50,1,cph:500,cph:500,15.679997,36.1773
cph_query_-V4aUy1yd0AbFfY-xX0BAg,transfer_3,1234,jpeg50,2,cph:356,cph:500,15.679997,36.1773
london_query_09P-tDZlSTWY4XNCcRZ_-g,isotropic,1234,jpeg50,7,toronto:236,london:129,15.680001,36.1773
london_query_09P-tDZlSTWY4XNCcRZ_-g,white_box,1234,jpeg50,508,toronto:55,london:129,15.679992,36.1773
london_query_09P-tDZlSTWY4XNCcRZ_-g,transfer_1,1234,jpeg50,7,toronto:251,london:129,15.680000,36.1773
london_query_09P-tDZlSTWY4XNCcRZ_-g,transfer_2,1234,jpeg50,11,boston:79,london:129,15.680002,36.1773
london_query_09P-tDZlSTWY4XNCcRZ_-g,transfer_3,1234,jpeg50,31,boston:79,london:129,15.680000,36.1773
manila_query_-ZbYcdqL0C0ximLGFEriNA,isotropic,1234,jpeg50,232,cph:464,manila:51,15.679998,36.1773
manila_query_-ZbYcdqL0C0ximLGFEriNA,white_box,1234,jpeg50,1097,zurich:13,manila:51,15.679997,36.1773
manila_query_-ZbYcdqL0C0ximLGFEriNA,transfer_1,1234,jpeg50,320,cph:464,manila:51,15.680000,36.1773
manila_query_-ZbYcdqL0C0ximLGFEriNA,transfer_2,1234,jpeg50,390,cph:464,manila:51,15.679992,36.1773
manila_query_-ZbYcdqL0C0ximLGFEriNA,transfer_3,1234,jpeg50,444,cph:464,manila:51,15.680008,36.1773
nairobi_query_3zSInmaUjlNkUR45dqrSLg,isotropic,1234,jpeg50,105,cph:459,nairobi:10,15.680002,36.1773
nairobi_query_3zSInmaUjlNkUR45dqrSLg,white_box,1234,jpeg50,46,toronto:346,nairobi:10,15.680000,36.1773
nairobi_query_3zSInmaUjlNkUR45dqrSLg,transfer_1,1234,jpeg50,29,cph:33,nairobi:10,15.680000,36.1773
nairobi_query_3zSInmaUjlNkUR45dqrSLg,transfer_2,1234,jpeg50,74,cph:459,nairobi:10,15.680002,36.1773
nairobi_query_3zSInmaUjlNkUR45dqrSLg,transfer_3,1234,jpeg50,68,cph:459,nairobi:10,15.680000,36.1773
toronto_query_-M3eMqHp0OhecS-hoh58aQ,isotropic,1234,jpeg50,21,amman:21,toronto:354,15.679997,36.1773
toronto_query_-M3eMqHp0OhecS-hoh58aQ,white_box,1234,jpeg50,354,toronto:55,toronto:354,15.679998,36.1773
toronto_query_-M3eMqHp0OhecS-hoh58aQ,transfer_1,1234,jpeg50,20,manila:143,toronto:354,15.679998,36.1773
toronto_query_-M3eMqHp0OhecS-hoh58aQ,transfer_2,1234,jpeg50,53,amman:21,toronto:354,15.680011,36.1773
toronto_query_-M3eMqHp0OhecS-hoh58aQ,transfer_3,1234,jpeg50,126,amman:21,toronto:354,15.680000,36.1773
zurich_query_0gHh8OHgmM804LVr0Ocrag,isotropic,1234,jpeg50,26,toronto:244,zurich:35,15.679997,36.1773
zurich_query_0gHh8OHgmM804LVr0Ocrag,white_box,1234,jpeg50,15,toronto:244,zurich:35,15.679998,36.1773
zurich_query_0gHh8OHgmM804LVr0Ocrag,transfer_1,1234,jpeg50,18,toronto:244,zurich:35,15.680002,36.1773
zurich_query_0gHh8OHgmM804LVr0Ocrag,transfer_2,1234,jpeg50,13,toronto:244,zurich:35,15.680000,36.1773
zurich_query_0gHh8OHgmM804LVr0Ocrag,transfer_3,1234,jpeg50,16,toronto:244,zurich:35,15.679997,36.1773
amman_query_2ar5B6f1xOYuU4wn7CLEJg,isotropic,1234,jpeg50,108,amman:23,amman:18,15.679997,36.1773
amman_query_2ar5B6f1xOYuU4wn7CLEJg,white_box,1234,jpeg50,200,amman:23,amman:18,15.679997,36.1773
amman_query_2ar5B6f1xOYuU4wn7CLEJg,transfer_1,1234,jpeg50,120,amman:23,amman:18,15.679998,36.1773
amman_query_2ar5B6f1xOYuU4wn7CLEJg,transfer_2,1234,jpeg50,245,amman:23,amman:18,15.679998,36.1773
amman_query_2ar5B6f1xOYuU4wn7CLEJg,transfer_3,1234,jpeg50,141,amman:23,amman:18,15.680005,36.1773
boston_query_-XLBZG628HbrD4FlfLBryQ,isotropic,1234,jpeg50,1,boston:237,boston:237,15.680000,36.1773
boston_query_-XLBZG628HbrD4FlfLBryQ,white_box,1234,jpeg50,373,london:111,boston:237,15.680002,36.1773
boston_query_-XLBZG628HbrD4FlfLBryQ,transfer_1,1234,jpeg50,9,boston:90,boston:237,15.679998,36.1773
boston_query_-XLBZG628HbrD4FlfLBryQ,transfer_2,1234,jpeg50,4,boston:90,boston:237,15.679997,36.1773
boston_query_-XLBZG628HbrD4FlfLBryQ,transfer_3,1234,jpeg50,14,boston:90,boston:237,15.680002,36.1773
cph_query_-VfD_cIsQvsNIbCy3tCgQQ,isotropic,1234,jpeg50,26,cph:464,cph:375,15.679998,36.1773
cph_query_-VfD_cIsQvsNIbCy3tCgQQ,white_box,1234,jpeg50,1740,boston:249,cph:375,15.679997,36.1773
cph_query_-VfD_cIsQvsNIbCy3tCgQQ,transfer_1,1234,jpeg50,126,toronto:273,cph:375,15.680000,36.1773
cph_query_-VfD_cIsQvsNIbCy3tCgQQ,transfer_2,1234,jpeg50,15,toronto:196,cph:375,15.679993,36.1773
cph_query_-VfD_cIsQvsNIbCy3tCgQQ,transfer_3,1234,jpeg50,54,amman:1,cph:375,15.679998,36.1773
london_query_0AbO1xvvOJRs1V3ReaDrNw,isotropic,1234,jpeg50,45,toronto:196,london:71,15.680000,36.1773
london_query_0AbO1xvvOJRs1V3ReaDrNw,white_box,1234,jpeg50,17,manila:13,london:71,15.680000,36.1773
london_query_0AbO1xvvOJRs1V3ReaDrNw,transfer_1,1234,jpeg50,17,toronto:196,london:71,15.680001,36.1773
london_query_0AbO1xvvOJRs1V3ReaDrNw,transfer_2,1234,jpeg50,2,toronto:196,london:71,15.680000,36.1773
london_query_0AbO1xvvOJRs1V3ReaDrNw,transfer_3,1234,jpeg50,57,toronto:196,london:71,15.680000,36.1773
manila_query_-ZyenisXeFL1kaebCpUNAQ,isotropic,1234,jpeg50,52,manila:72,manila:59,15.680000,36.1773
manila_query_-ZyenisXeFL1kaebCpUNAQ,white_box,1234,jpeg50,11,manila:143,manila:59,15.679997,36.1773
manila_query_-ZyenisXeFL1kaebCpUNAQ,transfer_1,1234,jpeg50,224,manila:72,manila:59,15.680008,36.1773
manila_query_-ZyenisXeFL1kaebCpUNAQ,transfer_2,1234,jpeg50,264,manila:72,manila:59,15.680011,36.1773
manila_query_-ZyenisXeFL1kaebCpUNAQ,transfer_3,1234,jpeg50,101,boston:216,manila:59,15.680007,36.1773
nairobi_query_42kd1bm9ZK0fwGacm_8O5A,isotropic,1234,jpeg50,74,amman:23,nairobi:20,15.679997,36.1773
nairobi_query_42kd1bm9ZK0fwGacm_8O5A,white_box,1234,jpeg50,1029,amman:18,nairobi:20,15.679998,36.1773
nairobi_query_42kd1bm9ZK0fwGacm_8O5A,transfer_1,1234,jpeg50,44,amman:23,nairobi:20,15.680000,36.1773
nairobi_query_42kd1bm9ZK0fwGacm_8O5A,transfer_2,1234,jpeg50,74,cph:464,nairobi:20,15.680001,36.1773
nairobi_query_42kd1bm9ZK0fwGacm_8O5A,transfer_3,1234,jpeg50,105,amman:23,nairobi:20,15.680000,36.1773
toronto_query_-MFll3mcOLNHfSZyGy5VIw,isotropic,1234,jpeg50,30,toronto:200,toronto:102,15.680000,36.1773
toronto_query_-MFll3mcOLNHfSZyGy5VIw,white_box,1234,jpeg50,254,amman:0,toronto:102,15.679997,36.1773
toronto_query_-MFll3mcOLNHfSZyGy5VIw,transfer_1,1234,jpeg50,64,cph:464,toronto:102,15.680005,36.1773
toronto_query_-MFll3mcOLNHfSZyGy5VIw,transfer_2,1234,jpeg50,44,manila:183,toronto:102,15.679997,36.1773
toronto_query_-MFll3mcOLNHfSZyGy5VIw,transfer_3,1234,jpeg50,49,amman:6,toronto:102,15.680002,36.1773
zurich_query_0lHgqSrbw8SSQej38K9wpQ,isotropic,1234,jpeg50,1,zurich:48,zurich:48,15.679997,36.1773
zurich_query_0lHgqSrbw8SSQej38K9wpQ,white_box,1234,jpeg50,2,amman:23,zurich:48,15.680000,36.1773
zurich_query_0lHgqSrbw8SSQej38K9wpQ,transfer_1,1234,jpeg50,1,zurich:48,zurich:48,15.679998,36.1773
zurich_query_0lHgqSrbw8SSQej38K9wpQ,transfer_2,1234,jpeg50,1,zurich:48,zurich:48,15.680001,36.1773
zurich_query_0lHgqSrbw8SSQej38K9wpQ,transfer_3,1234,jpeg50,1,zurich:48,zurich:48,15.679998,36.1773
amman_query_2hq9evzmyg6GO86JGeo5kw,isotropic,1234,jpeg50,15,amman:26,amman:32,15.679997,36.1773
amman_query_2hq9evzmyg6GO86JGeo5kw,white_box,1234,jpeg50,864,amman:23,amman:32,15.680000,36.1773
amman_query_2hq9evzmyg6GO86JGeo5kw,transfer_1,1234,jpeg50,19,zurich:42,amman:32,15.679998,36.1773
amman_query_2hq9evzmyg6GO86JGeo5kw,transfer_2,1234,jpeg50,25,zurich:42,amman:32,15.680000,36.1773
amman_query_2hq9evzmyg6GO86JGeo5kw,transfer_3,1234,jpeg50,5,amman:22,amman:32,15.679997,36.1773
boston_query_-XPoSJpI_X3ZlnZLz8JG4L,isotropic,1234,jpeg50,233,amman:31,boston:168,15.679996,36.1773
boston_query_-XPoSJpI_X3ZlnZLz8JG4L,white_box,1234,jpeg50,919,toronto:258,boston:168,15.680000,36.1773
boston_query_-XPoSJpI_X3ZlnZLz8JG4L,transfer_1,1234,jpeg50,230,amman:31,boston:168,15.679997,36.1773
boston_query_-XPoSJpI_X3ZlnZLz8JG4L,transfer_2,1234,jpeg50,273,amman:31,boston:168,15.679998,36.1773
boston_query_-XPoSJpI_X3ZlnZLz8JG4L,transfer_3,1234,jpeg50,535,amman:31,boston:168,15.679997,36.1773
cph_query_-VwsLi9Gs8ntflZjLfPkGw,isotropic,1234,jpeg50,460,cph:280,cph:84,15.680000,36.1773
cph_query_-VwsLi9Gs8ntflZjLfPkGw,white_box,1234,jpeg50,1147,london:34,cph:84,15.680002,36.1773
cph_query_-VwsLi9Gs8ntflZjLfPkGw,transfer_1,1234,jpeg50,421,cph:280,cph:84,15.679998,36.1773
cph_query_-VwsLi9Gs8ntflZjLfPkGw,transfer_2,1234,jpeg50,309,manila:6,cph:84,15.679997,36.1773
cph_query_-VwsLi9Gs8ntflZjLfPkGw,transfer_3,1234,jpeg50,452,cph:280,cph:84,15.680000,36.1773
london_query_0BjBFV4G9jdMJlEMqshzoA,isotropic,1234,jpeg50,28,london:122,london:85,15.679997,36.1773
london_query_0BjBFV4G9jdMJlEMqshzoA,white_box,1234,jpeg50,86,nairobi:15,london:85,15.679998,36.1773
london_query_0BjBFV4G9jdMJlEMqshzoA,transfer_1,1234,jpeg50,7,nairobi:5,london:85,15.680000,36.1773
london_query_0BjBFV4G9jdMJlEMqshzoA,transfer_2,1234,jpeg50,19,cph:176,london:85,15.679997,36.1773
london_query_0BjBFV4G9jdMJlEMqshzoA,transfer_3,1234,jpeg50,5,london:122,london:85,15.679997,36.1773
manila_query_-aK1h18UZREBqmVQH9KSvw,isotropic,1234,jpeg50,41,zurich:35,manila:163,15.679997,36.1773
manila_query_-aK1h18UZREBqmVQH9KSvw,white_box,1234,jpeg50,1060,london:33,manila:163,15.679998,36.1773
manila_query_-aK1h18UZREBqmVQH9KSvw,transfer_1,1234,jpeg50,52,toronto:421,manila:163,15.680000,36.1773
manila_query_-aK1h18UZREBqmVQH9KSvw,transfer_2,1234,jpeg50,34,manila:202,manila:163,15.679998,36.1773
manila_query_-aK1h18UZREBqmVQH9KSvw,transfer_3,1234,jpeg50,38,manila:202,manila:163,15.680000,36.1773
nairobi_query_479Or7jRwWHujnR6N21HGg,isotropic,1234,jpeg50,212,amman:1,nairobi:10,15.680000,36.1773
nairobi_query_479Or7jRwWHujnR6N21HGg,white_box,1234,jpeg50,496,manila:181,nairobi:10,15.680000,36.1773
nairobi_query_479Or7jRwWHujnR6N21HGg,transfer_1,1234,jpeg50,232,manila:82,nairobi:10,15.679998,36.1773
nairobi_query_479Or7jRwWHujnR6N21HGg,transfer_2,1234,jpeg50,229,amman:1,nairobi:10,15.679995,36.1773
nairobi_query_479Or7jRwWHujnR6N21HGg,transfer_3,1234,jpeg50,217,manila:181,nairobi:10,15.679997,36.1773
toronto_query_-MnI6OlC-vX0Wm56nVPN1A,isotropic,1234,jpeg50,3,manila:202,toronto:200,15.680000,36.1773
toronto_query_-MnI6OlC-vX0Wm56nVPN1A,white_box,1234,jpeg50,4,manila:190,toronto:200,15.680000,36.1773
toronto_query_-MnI6OlC-vX0Wm56nVPN1A,transfer_1,1234,jpeg50,9,manila:202,toronto:200,15.680000,36.1773
toronto_query_-MnI6OlC-vX0Wm56nVPN1A,transfer_2,1234,jpeg50,16,manila:202,toronto:200,15.679998,36.1773
toronto_query_-MnI6OlC-vX0Wm56nVPN1A,transfer_3,1234,jpeg50,10,manila:190,toronto:200,15.680000,36.1773
zurich_query_0nVsH-6SH_FHslcVrikkwQ,isotropic,1234,jpeg50,323,cph:243,zurich:79,15.680001,36.1773
zurich_query_0nVsH-6SH_FHslcVrikkwQ,white_box,1234,jpeg50,1134,boston:139,zurich:79,15.680002,36.1773
zurich_query_0nVsH-6SH_FHslcVrikkwQ,transfer_1,1234,jpeg50,720,cph:243,zurich:79,15.679997,36.1773
zurich_query_0nVsH-6SH_FHslcVrikkwQ,transfer_2,1234,jpeg50,583,zurich:42,zurich:79,15.680000,36.1773
zurich_query_0nVsH-6SH_FHslcVrikkwQ,transfer_3,1234,jpeg50,582,zurich:42,zurich:79,15.679998,36.1773
amman_query_2lABfkOBYPSLZkKhyRxYdA,isotropic,1234,jpeg50,56,amman:23,amman:6,15.679998,36.1773
amman_query_2lABfkOBYPSLZkKhyRxYdA,white_box,1234,jpeg50,221,amman:21,amman:6,15.679997,36.1773
amman_query_2lABfkOBYPSLZkKhyRxYdA,transfer_1,1234,jpeg50,53,amman:23,amman:6,15.679997,36.1773
amman_query_2lABfkOBYPSLZkKhyRxYdA,transfer_2,1234,jpeg50,22,amman:23,amman:6,15.679998,36.1773
amman_query_2lABfkOBYPSLZkKhyRxYdA,transfer_3,1234,jpeg50,88,amman:23,amman:6,15.680000,36.1773
boston_query_-XVMoSt8xs2FUh9JzquX6A,isotropic,1234,jpeg50,3,boston:145,boston:210,15.679997,36.1773
boston_query_-XVMoSt8xs2FUh9JzquX6A,white_box,1234,jpeg50,9,amman:32,boston:210,15.679996,36.1773
boston_query_-XVMoSt8xs2FUh9JzquX6A,transfer_1,1234,jpeg50,16,boston:234,boston:210,15.679997,36.1773
boston_query_-XVMoSt8xs2FUh9JzquX6A,transfer_2,1234,jpeg50,10,boston:234,boston:210,15.679997,36.1773
boston_query_-XVMoSt8xs2FUh9JzquX6A,transfer_3,1234,jpeg50,20,amman:23,boston:210,15.679997,36.1773
cph_query_-WFB24C5ns0vkkGHGvN40A,isotropic,1234,jpeg50,4,cph:54,cph:137,15.680001,36.1773
cph_query_-WFB24C5ns0vkkGHGvN40A,white_box,1234,jpeg50,235,cph:342,cph:137,15.680001,36.1773
cph_query_-WFB24C5ns0vkkGHGvN40A,transfer_1,1234,jpeg50,4,cph:54,cph:137,15.680001,36.1773
cph_query_-WFB24C5ns0vkkGHGvN40A,transfer_2,1234,jpeg50,11,cph:33,cph:137,15.679998,36.1773
cph_query_-WFB24C5ns0vkkGHGvN40A,transfer_3,1234,jpeg50,32,amman:1,cph:137,15.679998,36.1773
london_query_0CaaImFsIdNZjpg8oBPgsQ,isotropic,1234,jpeg50,1325,cph:429,london:29,15.679997,36.1773
london_query_0CaaImFsIdNZjpg8oBPgsQ,white_box,1234,jpeg50,858,boston:234,london:29,15.680000,36.1773
london_query_0CaaImFsIdNZjpg8oBPgsQ,transfer_1,1234,jpeg50,1253,boston:145,london:29,15.679998,36.1773
london_query_0CaaImFsIdNZjpg8oBPgsQ,transfer_2,1234,jpeg50,1395,boston:145,london:29,15.679997,36.1773
london_query_0CaaImFsIdNZjpg8oBPgsQ,transfer_3,1234,jpeg50,1303,boston:145,london:29,15.679998,36.1773
manila_query_-cNGgBgyFrf92tQ2SjMnVw,isotropic,1234,jpeg50,211,london:76,manila:46,15.679997,36.1773
manila_query_-cNGgBgyFrf92tQ2SjMnVw,white_box,1234,jpeg50,859,toronto:103,manila:46,15.679997,36.1773
manila_query_-cNGgBgyFrf92tQ2SjMnVw,transfer_1,1234,jpeg50,93,manila:142,manila:46,15.679997,36.1773
manila_query_-cNGgBgyFrf92tQ2SjMnVw,transfer_2,1234,jpeg50,108,manila:142,manila:46,15.680004,36.1773
manila_query_-cNGgBgyFrf92tQ2SjMnVw,transfer_3,1234,jpeg50,183,london:76,manila:46,15.679997,36.1773
nairobi_query_4EL0OPwVmp4k2zCpl9_c_A,isotropic,1234,jpeg50,7,manila:89,nairobi:15,15.679997,36.1773
nairobi_query_4EL0OPwVmp4k2zCpl9_c_A,white_box,1234,jpeg50,4,toronto:112,nairobi:15,15.679998,36.1773
nairobi_query_4EL0OPwVmp4k2zCpl9_c_A,transfer_1,1234,jpeg50,8,manila:189,nairobi:15,15.680000,36.1773
nairobi_query_4EL0OPwVmp4k2zCpl9_c_A,transfer_2,1234,jpeg50,3,manila:89,nairobi:15,15.680001,36.1773
nairobi_query_4EL0OPwVmp4k2zCpl9_c_A,transfer_3,1234,jpeg50,25,manila:153,nairobi:15,15.679995,36.1773
toronto_query_-MvRj243NBTPnognhgb4Cg,isotropic,1234,jpeg50,82,zurich:42,toronto:421,15.680000,36.1773
toronto_query_-MvRj243NBTPnognhgb4Cg,white_box,1234,jpeg50,1449,zurich:19,toronto:421,15.680001,36.1773
toronto_query_-MvRj243NBTPnognhgb4Cg,transfer_1,1234,jpeg50,215,amman:23,toronto:421,15.679997,36.1773
toronto_query_-MvRj243NBTPnognhgb4Cg,transfer_2,1234,jpeg50,239,amman:1,toronto:421,15.679997,36.1773
toronto_query_-MvRj243NBTPnognhgb4Cg,transfer_3,1234,jpeg50,565,amman:1,toronto:421,15.679997,36.1773
zurich_query_0qoNSI3UUj6VR3TM7c0Peg,isotropic,1234,jpeg50,543,cph:342,zurich:38,15.679998,36.1773
zurich_query_0qoNSI3UUj6VR3TM7c0Peg,white_box,1234,jpeg50,1453,london:125,zurich:38,15.680004,36.1773
zurich_query_0qoNSI3UUj6VR3TM7c0Peg,transfer_1,1234,jpeg50,615,cph:342,zurich:38,15.679996,36.1773
zurich_query_0qoNSI3UUj6VR3TM7c0Peg,transfer_2,1234,jpeg50,834,cph:342,zurich:38,15.680002,36.1773
zurich_query_0qoNSI3UUj6VR3TM7c0Peg,transfer_3,1234,jpeg50,415,cph:342,zurich:38,15.679998,36.1773
amman_query_2o7YcP9UAqSU1ygtK33BfQ,isotropic,1234,jpeg50,2,zurich:111,amman:31,15.679998,36.1773
amman_query_2o7YcP9UAqSU1ygtK33BfQ,white_box,1234,jpeg50,2,manila:33,amman:31,15.679992,36.1773
amman_query_2o7YcP9UAqSU1ygtK33BfQ,transfer_1,1234,jpeg50,1,amman:31,amman:31,15.679997,36.1773
amman_query_2o7YcP9UAqSU1ygtK33BfQ,transfer_2,1234,jpeg50,1,amman:31,amman:31,15.680001,36.1773
amman_query_2o7YcP9UAqSU1ygtK33BfQ,transfer_3,1234,jpeg50,1,amman:31,amman:31,15.680000,36.1773
boston_query_-YC7UljP-400uMusDPAb5o,isotropic,1234,jpeg50,1,boston:244,boston:244,15.679997,36.1773
boston_query_-YC7UljP-400uMusDPAb5o,white_box,1234,jpeg50,11,manila:87,boston:244,15.679992,36.1773
boston_query_-YC7UljP-400uMusDPAb5o,transfer_1,1234,jpeg50,1,boston:244,boston:244,15.680008,36.1773
boston_query_-YC7UljP-400uMusDPAb5o,transfer_2,1234,jpeg50,1,boston:244,boston:244,15.680000,36.1773
boston_query_-YC7UljP-400uMusDPAb5o,transfer_3,1234,jpeg50,1,boston:244,boston:244,15.680000,36.1773
cph_query_-WSWmgHuo6qPHzHxqzEe1A,isotropic,1234,jpeg50,160,cph:429,cph:119,15.680000,36.1773
cph_query_-WSWmgHuo6qPHzHxqzEe1A,white_box,1234,jpeg50,354,london:75,cph:119,15.680000,36.1773
cph_query_-WSWmgHuo6qPHzHxqzEe1A,transfer_1,1234,jpeg50,79,cph:96,cph:119,15.680000,36.1773
cph_query_-WSWmgHuo6qPHzHxqzEe1A,transfer_2,1234,jpeg50,194,cph:96,cph:119,15.680000,36.1773
cph_query_-WSWmgHuo6qPHzHxqzEe1A,transfer_3,1234,jpeg50,118,cph:96,cph:119,15.680002,36.1773
london_query_0EzKuKNIcxIWax_duM0EWw,isotropic,1234,jpeg50,1,london:23,london:23,15.679997,36.1773
london_query_0EzKuKNIcxIWax_duM0EWw,white_box,1234,jpeg50,1,london:23,london:23,15.679998,36.1773
london_query_0EzKuKNIcxIWax_duM0EWw,transfer_1,1234,jpeg50,1,london:23,london:23,15.679998,36.1773
london_query_0EzKuKNIcxIWax_duM0EWw,transfer_2,1234,jpeg50,1,london:23,london:23,15.680000,36.1773
london_query_0EzKuKNIcxIWax_duM0EWw,transfer_3,1234,jpeg50,1,london:23,london:23,15.680002,36.1773
manila_query_-cmAo9dkimIih2B7T4UHfg,isotropic,1234,jpeg50,217,boston:206,manila:140,15.679998,36.1773
manila_query_-cmAo9dkimIih2B7T4UHfg,white_box,1234,jpeg50,428,zurich:5,manila:140,15.679997,36.1773
manila_query_-cmAo9dkimIih2B7T4UHfg,transfer_1,1234,jpeg50,370,manila:116,manila:140,15.679998,36.1773
manila_query_-cmAo9dkimIih2B7T4UHfg,transfer_2,1234,jpeg50,809,boston:206,manila:140,15.679998,36.1773
manila_query_-cmAo9dkimIih2B7T4UHfg,transfer_3,1234,jpeg50,709,boston:206,manila:140,15.679997,36.1773
nairobi_query_4Scm9UylRL9Edyu3ZemB9A,isotropic,1234,jpeg50,3,london:85,nairobi:8,15.680001,36.1773
nairobi_query_4Scm9UylRL9Edyu3ZemB9A,white_box,1234,jpeg50,420,zurich:19,nairobi:8,15.680000,36.1773
nairobi_query_4Scm9UylRL9Edyu3ZemB9A,transfer_1,1234,jpeg50,3,london:85,nairobi:8,15.679997,36.1773
nairobi_query_4Scm9UylRL9Edyu3ZemB9A,transfer_2,1234,jpeg50,29,zurich:19,nairobi:8,15.680000,36.1773
nairobi_query_4Scm9UylRL9Edyu3ZemB9A,transfer_3,1234,jpeg50,11,london:85,nairobi:8,15.679997,36.1773
toronto_query_-N8Ief4Q3CWSOSauaoVHkw,isotropic,1234,jpeg50,9,amman:23,toronto:244,15.679997,36.1773
toronto_query_-N8Ief4Q3CWSOSauaoVHkw,white_box,1234,jpeg50,11,zurich:60,toronto:244,15.680000,36.1773
toronto_query_-N8Ief4Q3CWSOSauaoVHkw,transfer_1,1234,jpeg50,4,amman:23,toronto:244,15.679995,36.1773
toronto_query_-N8Ief4Q3CWSOSauaoVHkw,transfer_2,1234,jpeg50,19,amman:23,toronto:244,15.680004,36.1773
toronto_query_-N8Ief4Q3CWSOSauaoVHkw,transfer_3,1234,jpeg50,17,cph:208,toronto:244,15.679995,36.1773
zurich_query_0yT0tESrImO18FH9C5STzg,isotropic,1234,jpeg50,17,boston:79,zurich:42,15.679995,36.1773
zurich_query_0yT0tESrImO18FH9C5STzg,white_box,1234,jpeg50,245,boston:216,zurich:42,15.679995,36.1773
zurich_query_0yT0tESrImO18FH9C5STzg,transfer_1,1234,jpeg50,30,boston:216,zurich:42,15.680000,36.1773
zurich_query_0yT0tESrImO18FH9C5STzg,transfer_2,1234,jpeg50,66,boston:216,zurich:42,15.679998,36.1773
zurich_query_0yT0tESrImO18FH9C5STzg,transfer_3,1234,jpeg50,75,boston:98,zurich:42,15.680000,36.1773
amman_query_2pCCoWfi0AP_93cYLKD9sA,isotropic,1234,jpeg50,66,amman:23,amman:1,15.679998,36.1773
amman_query_2pCCoWfi0AP_93cYLKD9sA,white_box,1234,jpeg50,56,manila:13,amman:1,15.680000,36.1773
amman_query_2pCCoWfi0AP_93cYLKD9sA,transfer_1,1234,jpeg50,85,amman:11,amman:1,15.679998,36.1773
amman_query_2pCCoWfi0AP_93cYLKD9sA,transfer_2,1234,jpeg50,104,amman:11,amman:1,15.679997,36.1773
amman_query_2pCCoWfi0AP_93cYLKD9sA,transfer_3,1234,jpeg50,75,amman:11,amman:1,15.680000,36.1773
boston_query_-YNCuOIwfe745OWl27FQZQ,isotropic,1234,jpeg50,1,boston:249,boston:249,15.680000,36.1773
boston_query_-YNCuOIwfe745OWl27FQZQ,white_box,1234,jpeg50,3,manila:181,boston:249,15.679995,36.1773
boston_query_-YNCuOIwfe745OWl27FQZQ,transfer_1,1234,jpeg50,1,boston:249,boston:249,15.679998,36.1773
boston_query_-YNCuOIwfe745OWl27FQZQ,transfer_2,1234,jpeg50,3,boston:191,boston:249,15.679995,36.1773
boston_query_-YNCuOIwfe745OWl27FQZQ,transfer_3,1234,jpeg50,7,boston:191,boston:249,15.679995,36.1773
cph_query_-XYLPst0OjYGoPVJKGP1aA,isotropic,1234,jpeg50,1,cph:33,cph:33,15.679997,36.1773
cph_query_-XYLPst0OjYGoPVJKGP1aA,white_box,1234,jpeg50,8,manila:72,cph:33,15.680000,36.1773
cph_query_-XYLPst0OjYGoPVJKGP1aA,transfer_1,1234,jpeg50,1,cph:33,cph:33,15.679998,36.1773
cph_query_-XYLPst0OjYGoPVJKGP1aA,transfer_2,1234,jpeg50,1,cph:33,cph:33,15.679997,36.1773
cph_query_-XYLPst0OjYGoPVJKGP1aA,transfer_3,1234,jpeg50,1,cph:33,cph:33,15.679995,36.1773
london_query_0IFxmIDIkGlB0FShcszAfw,isotropic,1234,jpeg50,43,zurich:35,london:129,15.680000,36.1773
london_query_0IFxmIDIkGlB0FShcszAfw,white_box,1234,jpeg50,461,zurich:35,london:129,15.680000,36.1773
london_query_0IFxmIDIkGlB0FShcszAfw,transfer_1,1234,jpeg50,33,zurich:35,london:129,15.680002,36.1773
london_query_0IFxmIDIkGlB0FShcszAfw,transfer_2,1234,jpeg50,28,zurich:35,london:129,15.680000,36.1773
london_query_0IFxmIDIkGlB0FShcszAfw,transfer_3,1234,jpeg50,49,zurich:35,london:129,15.679998,36.1773
manila_query_-dvVr_QHKim5_WyUsv_Z4A,isotropic,1234,jpeg50,76,manila:72,manila:142,15.680000,36.1773
manila_query_-dvVr_QHKim5_WyUsv_Z4A,white_box,1234,jpeg50,285,manila:54,manila:142,15.680000,36.1773
manila_query_-dvVr_QHKim5_WyUsv_Z4A,transfer_1,1234,jpeg50,144,manila:72,manila:142,15.679997,36.1773
manila_query_-dvVr_QHKim5_WyUsv_Z4A,transfer_2,1234,jpeg50,166,manila:67,manila:142,15.679997,36.1773
manila_query_-dvVr_QHKim5_WyUsv_Z4A,transfer_3,1234,jpeg50,121,manila:20,manila:142,15.679998,36.1773
nairobi_query_4_8wDQ5TQuzz_jEJKVIl0Q,isotropic,1234,jpeg50,172,manila:132,nairobi:20,15.679998,36.1773
nairobi_query_4_8wDQ5TQuzz_jEJKVIl0Q,white_box,1234,jpeg50,1129,amman:1,nairobi:20,15.680000,36.1773
nairobi_query_4_8wDQ5TQuzz_jEJKVIl0Q,transfer_1,1234,jpeg50,199,manila:132,nairobi:20,15.679995,36.1773
nairobi_query_4_8wDQ5TQuzz_jEJKVIl0Q,transfer_2,1234,jpeg50,461,manila:132,nairobi:20,15.680001,36.1773
nairobi_query_4_8wDQ5TQuzz_jEJKVIl0Q,transfer_3,1234,jpeg50,246,manila:132,nairobi:20,15.680004,36.1773
toronto_query_-OZxhiQ5zPqGdSRrqUMKfQ,isotropic,1234,jpeg50,1,toronto:151,toronto:151,15.679998,36.1773
toronto_query_-OZxhiQ5zPqGdSRrqUMKfQ,white_box,1234,jpeg50,402,amman:1,toronto:151,15.680000,36.1773
toronto_query_-OZxhiQ5zPqGdSRrqUMKfQ,transfer_1,1234,jpeg50,3,boston:98,toronto:151,15.679997,36.1773
toronto_query_-OZxhiQ5zPqGdSRrqUMKfQ,transfer_2,1234,jpeg50,1,toronto:151,toronto:151,15.679997,36.1773
toronto_query_-OZxhiQ5zPqGdSRrqUMKfQ,transfer_3,1234,jpeg50,18,boston:98,toronto:151,15.680001,36.1773
zurich_query_0zEmJXMA03W0EBFP74wRVQ,isotropic,1234,jpeg50,1,zurich:60,zurich:60,15.680000,36.1773
zurich_query_0zEmJXMA03W0EBFP74wRVQ,white_box,1234,jpeg50,216,nairobi:1,zurich:60,15.679997,36.1773
zurich_query_0zEmJXMA03W0EBFP74wRVQ,transfer_1,1234,jpeg50,1,zurich:60,zurich:60,15.680001,36.1773
zurich_query_0zEmJXMA03W0EBFP74wRVQ,transfer_2,1234,jpeg50,6,nairobi:18,zurich:60,15.680000,36.1773
zurich_query_0zEmJXMA03W0EBFP74wRVQ,transfer_3,1234,jpeg50,20,boston:191,zurich:60,15.679997,36.1773
amman_query_2pZlZDNh_3B-gECdtvklWQ,isotropic,1234,jpeg50,68,amman:23,amman:29,15.680000,36.1773
amman_query_2pZlZDNh_3B-gECdtvklWQ,white_box,1234,jpeg50,221,toronto:200,amman:29,15.679997,36.1773
amman_query_2pZlZDNh_3B-gECdtvklWQ,transfer_1,1234,jpeg50,13,zurich:61,amman:29,15.679995,36.1773
amman_query_2pZlZDNh_3B-gECdtvklWQ,transfer_2,1234,jpeg50,14,amman:23,amman:29,15.679997,36.1773
amman_query_2pZlZDNh_3B-gECdtvklWQ,transfer_3,1234,jpeg50,33,amman:23,amman:29,15.680000,36.1773
boston_query_-Zk-uQZzECPhvd8WV6mxhQ,isotropic,1234,jpeg50,1,boston:216,boston:216,15.680000,36.1773
boston_query_-Zk-uQZzECPhvd8WV6mxhQ,white_box,1234,jpeg50,2,manila:189,boston:216,15.679998,36.1773
boston_query_-Zk-uQZzECPhvd8WV6mxhQ,transfer_1,1234,jpeg50,1,boston:216,boston:216,15.680002,36.1773
boston_query_-Zk-uQZzECPhvd8WV6mxhQ,transfer_2,1234,jpeg50,1,boston:216,boston:216,15.680000,36.1773
boston_query_-Zk-uQZzECPhvd8WV6mxhQ,transfer_3,1234,jpeg50,1,boston:216,boston:216,15.680000,36.1773
cph_query_-YjbrleIz5WKWE1Rmmo4fg,isotropic,1234,jpeg50,1,cph:279,cph:279,15.679997,36.1773
cph_query_-YjbrleIz5WKWE1Rmmo4fg,white_box,1234,jpeg50,11,toronto:265,cph:279,15.680005,36.1773
cph_query_-YjbrleIz5WKWE1Rmmo4fg,transfer_1,1234,jpeg50,1,cph:279,cph:279,15.680000,36.1773
cph_query_-YjbrleIz5WKWE1Rmmo4fg,transfer_2,1234,jpeg50,1,cph:279,cph:279,15.679997,36.1773
cph_query_-YjbrleIz5WKWE1Rmmo4fg,transfer_3,1234,jpeg50,1,cph:279,cph:279,15.680008,36.1773
london_query_0LQj6exgKdVQbIBlQAVcrw,isotropic,1234,jpeg50,43,manila:163,london:73,15.679997,36.1773
london_query_0LQj6exgKdVQbIBlQAVcrw,white_box,1234,jpeg50,449,cph:296,london:73,15.679997,36.1773
london_query_0LQj6exgKdVQbIBlQAVcrw,transfer_1,1234,jpeg50,55,manila:163,london:73,15.679989,36.1773
london_query_0LQj6exgKdVQbIBlQAVcrw,transfer_2,1234,jpeg50,68,cph:296,london:73,15.679997,36.1773
london_query_0LQj6exgKdVQbIBlQAVcrw,transfer_3,1234,jpeg50,93,manila:163,london:73,15.679986,36.1773
manila_query_-fizm8lmdD_ORe0_j5qnJQ,isotropic,1234,jpeg50,18,manila:116,manila:6,15.679997,36.1773
manila_query_-fizm8lmdD_ORe0_j5qnJQ,white_box,1234,jpeg50,120,manila:190,manila:6,15.679995,36.1773
manila_query_-fizm8lmdD_ORe0_j5qnJQ,transfer_1,1234,jpeg50,95,amman:23,manila:6,15.680000,36.1773
manila_query_-fizm8lmdD_ORe0_j5qnJQ,transfer_2,1234,jpeg50,120,manila:190,manila:6,15.680000,36.1773
manila_query_-fizm8lmdD_ORe0_j5qnJQ,transfer_3,1234,jpeg50,141,toronto:23,manila:6,15.680000,36.1773
nairobi_query_4otBu8pxIHc7lXwh66bqHQ,isotropic,1234,jpeg50,1999,boston:249,nairobi:2,15.679998,36.1773
nairobi_query_4otBu8pxIHc7lXwh66bqHQ,white_box,1234,jpeg50,2000,zurich:35,nairobi:2,15.680002,36.1773
nairobi_query_4otBu8pxIHc7lXwh66bqHQ,transfer_1,1234,jpeg50,2000,boston:249,nairobi:2,15.679997,36.1773
nairobi_query_4otBu8pxIHc7lXwh66bqHQ,transfer_2,1234,jpeg50,2000,boston:249,nairobi:2,15.679997,36.1773
nairobi_query_4otBu8pxIHc7lXwh66bqHQ,transfer_3,1234,jpeg50,2000,boston:79,nairobi:2,15.680002,36.1773
toronto_query_-Pkw8dqFfD76K-CZ7pnCVQ,isotropic,1234,jpeg50,93,zurich:42,toronto:258,15.679996,36.1773
toronto_query_-Pkw8dqFfD76K-CZ7pnCVQ,white_box,1234,jpeg50,1486,zurich:38,toronto:258,15.679998,36.1773
toronto_query_-Pkw8dqFfD76K-CZ7pnCVQ,transfer_1,1234,jpeg50,183,zurich:42,toronto:258,15.680001,36.1773
toronto_query_-Pkw8dqFfD76K-CZ7pnCVQ,transfer_2,1234,jpeg50,433,zurich:42,toronto:258,15.680000,36.1773
toronto_query_-Pkw8dqFfD76K-CZ7pnCVQ,transfer_3,1234,jpeg50,194,zurich:42,toronto:258,15.680000,36.1773
zurich_query_1-8NWRY7HPTPq2lkQitPfw,isotropic,1234,jpeg50,20,toronto:301,zurich:103,15.680000,36.1773
zurich_query_1-8NWRY7HPTPq2lkQitPfw,white_box,1234,jpeg50,109,manila:72,zurich:103,15.679998,36.1773
zurich_query_1-8NWRY7HPTPq2lkQitPfw,transfer_1,1234,jpeg50,14,toronto:301,zurich:103,15.679998,36.1773
zurich_query_1-8NWRY7HPTPq2lkQitPfw,transfer_2,1234,jpeg50,20,cph:460,zurich:103,15.679995,36.1773
zurich_query_1-8NWRY7HPTPq2lkQitPfw,transfer_3,1234,jpeg50,20,cph:356,zurich:103,15.680002,36.1773
amman_query_2rTDzpKAZdmx5K2aSyos9w,isotropic,1234,jpeg50,61,amman:25,amman:11,15.680000,36.1773
amman_query_2rTDzpKAZdmx5K2aSyos9w,white_box,1234,jpeg50,296,zurich:19,amman:11,15.679997,36.1773
amman_query_2rTDzpKAZdmx5K2aSyos9w,transfer_1,1234,jpeg50,77,amman:6,amman:11,15.680002,36.1773
amman_query_2rTDzpKAZdmx5K2aSyos9w,transfer_2,1234,jpeg50,87,amman:6,amman:11,15.679991,36.1773
amman_query_2rTDzpKAZdmx5K2aSyos9w,transfer_3,1234,jpeg50,283,zurich:19,amman:11,15.680005,36.1773
boston_query_-_69BJwJSLQGnzQD20QsOg,isotropic,1234,jpeg50,723,manila:6,boston:27,15.679996,36.1773
boston_query_-_69BJwJSLQGnzQD20QsOg,white_box,1234,jpeg50,1284,zurich:22,boston:27,15.679996,36.1773
boston_query_-_69BJwJSLQGnzQD20QsOg,transfer_1,1234,jpeg50,799,manila:6,boston:27,15.679997,36.1773
boston_query_-_69BJwJSLQGnzQD20QsOg,transfer_2,1234,jpeg50,1014,manila:6,boston:27,15.679997,36.1773
boston_query_-_69BJwJSLQGnzQD20QsOg,transfer_3,1234,jpeg50,785,zurich:22,boston:27,15.679998,36.1773
cph_query_-YnFOjTmnQhpLwXt2EJ1QQ,isotropic,1234,jpeg50,292,cph:279,cph:264,15.679995,36.1773
cph_query_-YnFOjTmnQhpLwXt2EJ1QQ,white_box,1234,jpeg50,1821,toronto:55,cph:264,15.680002,36.1773
cph_query_-YnFOjTmnQhpLwXt2EJ1QQ,transfer_1,1234,jpeg50,156,amman:25,cph:264,15.679997,36.1773
cph_query_-YnFOjTmnQhpLwXt2EJ1QQ,transfer_2,1234,jpeg50,249,zurich:42,cph:264,15.679998,36.1773
cph_query_-YnFOjTmnQhpLwXt2EJ1QQ,transfer_3,1234,jpeg50,763,manila:89,cph:264,15.680000,36.1773
london_query_0M3fNwl2Fi82PVH3lDRsCg,isotropic,1234,jpeg50,1,london:34,london:34,15.680002,36.1773
london_query_0M3fNwl2Fi82PVH3lDRsCg,white_box,1234,jpeg50,9,london:121,london:34,15.680002,36.1773
london_query_0M3fNwl2Fi82PVH3lDRsCg,transfer_1,1234,jpeg50,1,london:34,london:34,15.680000,36.1773
london_query_0M3fNwl2Fi82PVH3lDRsCg,transfer_2,1234,jpeg50,3,manila:163,london:34,15.679995,36.1773
london_query_0M3fNwl2Fi82PVH3lDRsCg,transfer_3,1234,jpeg50,1,london:34,london:34,15.680000,36.1773
manila_query_-hNuMbgiWK_ZPELfuWj5FQ,isotropic,1234,jpeg50,6,manila:143,manila:89,15.680000,36.1773
manila_query_-hNuMbgiWK_ZPELfuWj5FQ,white_box,1234,jpeg50,256,manila:190,manila:89,15.680000,36.1773
manila_query_-hNuMbgiWK_ZPELfuWj5FQ,transfer_1,1234,jpeg50,8,manila:143,manila:89,15.680002,36.1773
manila_query_-hNuMbgiWK_ZPELfuWj5FQ,transfer_2,1234,jpeg50,28,manila:143,manila:89,15.679997,36.1773
manila_query_-hNuMbgiWK_ZPELfuWj5FQ,transfer_3,1234,jpeg50,24,manila:143,manila:89,15.679997,36.1773
nairobi_query_5ISN1dRvjgJI9rd6GbusNQ,isotropic,1234,jpeg50,59,zurich:42,nairobi:3,15.680002,36.1773
nairobi_query_5ISN1dRvjgJI9rd6GbusNQ,white_box,1234,jpeg50,649,manila:190,nairobi:3,15.680002,36.1773
nairobi_query_5ISN1dRvjgJI9rd6GbusNQ,transfer_1,1234,jpeg50,17,manila:181,nairobi:3,15.680000,36.1773
nairobi_query_5ISN1dRvjgJI9rd6GbusNQ,transfer_2,1234,jpeg50,86,zurich:42,nairobi:3,15.680000,36.1773
nairobi_query_5ISN1dRvjgJI9rd6GbusNQ,transfer_3,1234,jpeg50,71,boston:79,nairobi:3,15.679998,36.1773
toronto_query_-PuMS2UqNh7dbLLfWE37yg,isotropic,1234,jpeg50,2,toronto:236,toronto:273,15.679998,36.1773
toronto_query_-PuMS2UqNh7dbLLfWE37yg,white_box,1234,jpeg50,94,zurich:5,toronto:273,15.680002,36.1773
toronto_query_-PuMS2UqNh7dbLLfWE37yg,transfer_1,1234,jpeg50,3,toronto:236,toronto:273,15.680000,36.1773
toronto_query_-PuMS2UqNh7dbLLfWE37yg,transfer_2,1234,jpeg50,3,toronto:236,toronto:273,15.679997,36.1773
toronto_query_-PuMS2UqNh7dbLLfWE37yg,transfer_3,1234,jpeg50,12,toronto:236,toronto:273,15.679998,36.1773
zurich_query_1-TXtjFv1nAkC2AZXfhuDg,isotropic,1234,jpeg50,46,boston:191,zurich:23,15.680000,36.1773
zurich_query_1-TXtjFv1nAkC2AZXfhuDg,white_box,1234,jpeg50,764,manila:92,zurich:23,15.679997,36.1773
zurich_query_1-TXtjFv1nAkC2AZXfhuDg,transfer_1,1234,jpeg50,55,boston:191,zurich:23,15.679998,36.1773
zurich_query_1-TXtjFv1nAkC2AZXfhuDg,transfer_2,1234,jpeg50,62,boston:191,zurich:23,15.679992,36.1773
zurich_query_1-TXtjFv1nAkC2AZXfhuDg,transfer_3,1234,jpeg50,124,boston:191,zurich:23,15.680000,36.1773
amman_query_-39Q9edqZUArYHa41OPDoQ,isotropic,5678,jpeg50,2,amman:23,amman:31,15.679997,36.1773
amman_query_-39Q9edqZUArYHa41OPDoQ,white_box,5678,jpeg50,8,amman:6,amman:31,15.679998,36.1773
amman_query_-39Q9edqZUArYHa41OPDoQ,transfer_1,5678,jpeg50,1,amman:31,amman:31,15.680002,36.1773
amman_query_-39Q9edqZUArYHa41OPDoQ,transfer_2,5678,jpeg50,1,amman:31,amman:31,15.679997,36.1773
amman_query_-39Q9edqZUArYHa41OPDoQ,transfer_3,5678,jpeg50,1,amman:31,amman:31,15.679998,36.1773
amman_query_-39Q9edqZUArYHa41OPDoQ,isotropic,9012,jpeg50,4,amman:23,amman:31,15.680000,36.1773
amman_query_-39Q9edqZUArYHa41OPDoQ,white_box,9012,jpeg50,4,amman:6,amman:31,15.680005,36.1773
amman_query_-39Q9edqZUArYHa41OPDoQ,transfer_1,9012,jpeg50,1,amman:31,amman:31,15.679996,36.1773
amman_query_-39Q9edqZUArYHa41OPDoQ,transfer_2,9012,jpeg50,1,amman:31,amman:31,15.679998,36.1773
amman_query_-39Q9edqZUArYHa41OPDoQ,transfer_3,9012,jpeg50,2,amman:6,amman:31,15.679993,36.1773
boston_query_--LUAhgqzqNM6FyWSJ-Dsw,isotropic,5678,jpeg50,1,boston:87,boston:87,15.679997,36.1773
boston_query_--LUAhgqzqNM6FyWSJ-Dsw,white_box,5678,jpeg50,129,nairobi:3,boston:87,15.679995,36.1773
boston_query_--LUAhgqzqNM6FyWSJ-Dsw,transfer_1,5678,jpeg50,1,boston:87,boston:87,15.680000,36.1773
boston_query_--LUAhgqzqNM6FyWSJ-Dsw,transfer_2,5678,jpeg50,1,boston:87,boston:87,15.680000,36.1773
boston_query_--LUAhgqzqNM6FyWSJ-Dsw,transfer_3,5678,jpeg50,1,boston:87,boston:87,15.680000,36.1773
boston_query_--LUAhgqzqNM6FyWSJ-Dsw,isotropic,9012,jpeg50,1,boston:87,boston:87,15.680000,36.1773
boston_query_--LUAhgqzqNM6FyWSJ-Dsw,white_box,9012,jpeg50,151,boston:47,boston:87,15.680000,36.1773
boston_query_--LUAhgqzqNM6FyWSJ-Dsw,transfer_1,9012,jpeg50,1,boston:87,boston:87,15.680002,36.1773
boston_query_--LUAhgqzqNM6FyWSJ-Dsw,transfer_2,9012,jpeg50,1,boston:87,boston:87,15.679997,36.1773
boston_query_--LUAhgqzqNM6FyWSJ-Dsw,transfer_3,9012,jpeg50,1,boston:87,boston:87,15.680001,36.1773
cph_query_--FyHVca3HP-QgUmcAvToA,isotropic,5678,jpeg50,116,zurich:35,cph:208,15.680000,36.1773
cph_query_--FyHVca3HP-QgUmcAvToA,white_box,5678,jpeg50,645,zurich:19,cph:208,15.679997,36.1773
cph_query_--FyHVca3HP-QgUmcAvToA,transfer_1,5678,jpeg50,220,boston:19,cph:208,15.679997,36.1773
cph_query_--FyHVca3HP-QgUmcAvToA,transfer_2,5678,jpeg50,172,boston:191,cph:208,15.679998,36.1773
cph_query_--FyHVca3HP-QgUmcAvToA,transfer_3,5678,jpeg50,62,zurich:35,cph:208,15.679998,36.1773
cph_query_--FyHVca3HP-QgUmcAvToA,isotropic,9012,jpeg50,137,boston:19,cph:208,15.679997,36.1773
cph_query_--FyHVca3HP-QgUmcAvToA,white_box,9012,jpeg50,729,zurich:19,cph:208,15.679997,36.1773
cph_query_--FyHVca3HP-QgUmcAvToA,transfer_1,9012,jpeg50,126,toronto:23,cph:208,15.679997,36.1773
cph_query_--FyHVca3HP-QgUmcAvToA,transfer_2,9012,jpeg50,287,zurich:35,cph:208,15.680000,36.1773
cph_query_--FyHVca3HP-QgUmcAvToA,transfer_3,9012,jpeg50,93,zurich:35,cph:208,15.680000,36.1773
london_query_-0u7VsCOCAmwH4RFsN5BoA,isotropic,5678,jpeg50,211,zurich:61,london:51,15.679997,36.1773
london_query_-0u7VsCOCAmwH4RFsN5BoA,white_box,5678,jpeg50,164,manila:190,london:51,15.679997,36.1773
london_query_-0u7VsCOCAmwH4RFsN5BoA,transfer_1,5678,jpeg50,124,toronto:102,london:51,15.679997,36.1773
london_query_-0u7VsCOCAmwH4RFsN5BoA,transfer_2,5678,jpeg50,200,toronto:102,london:51,15.680002,36.1773
london_query_-0u7VsCOCAmwH4RFsN5BoA,transfer_3,5678,jpeg50,277,toronto:102,london:51,15.680000,36.1773
london_query_-0u7VsCOCAmwH4RFsN5BoA,isotropic,9012,jpeg50,184,toronto:102,london:51,15.680000,36.1773
london_query_-0u7VsCOCAmwH4RFsN5BoA,white_box,9012,jpeg50,154,manila:183,london:51,15.679995,36.1773
london_query_-0u7VsCOCAmwH4RFsN5BoA,transfer_1,9012,jpeg50,221,manila:202,london:51,15.680000,36.1773
london_query_-0u7VsCOCAmwH4RFsN5BoA,transfer_2,9012,jpeg50,227,manila:202,london:51,15.680000,36.1773
london_query_-0u7VsCOCAmwH4RFsN5BoA,transfer_3,9012,jpeg50,330,toronto:102,london:51,15.679997,36.1773
manila_query_-10kuZ2TqVxJ-YLQJl2uqA,isotropic,5678,jpeg50,99,manila:135,manila:102,15.680000,36.1773
manila_query_-10kuZ2TqVxJ-YLQJl2uqA,white_box,5678,jpeg50,256,manila:190,manila:102,15.680000,36.1773
manila_query_-10kuZ2TqVxJ-YLQJl2uqA,transfer_1,5678,jpeg50,175,toronto:196,manila:102,15.680000,36.1773
manila_query_-10kuZ2TqVxJ-YLQJl2uqA,transfer_2,5678,jpeg50,197,manila:190,manila:102,15.680000,36.1773
manila_query_-10kuZ2TqVxJ-YLQJl2uqA,transfer_3,5678,jpeg50,227,manila:190,manila:102,15.679998,36.1773
manila_query_-10kuZ2TqVxJ-YLQJl2uqA,isotropic,9012,jpeg50,128,manila:135,manila:102,15.680000,36.1773
manila_query_-10kuZ2TqVxJ-YLQJl2uqA,white_box,9012,jpeg50,199,manila:190,manila:102,15.679997,36.1773
manila_query_-10kuZ2TqVxJ-YLQJl2uqA,transfer_1,9012,jpeg50,200,manila:190,manila:102,15.679992,36.1773
manila_query_-10kuZ2TqVxJ-YLQJl2uqA,transfer_2,9012,jpeg50,193,manila:190,manila:102,15.679997,36.1773
manila_query_-10kuZ2TqVxJ-YLQJl2uqA,transfer_3,9012,jpeg50,159,manila:190,manila:102,15.679997,36.1773
nairobi_query_-K4R8iYrz9LwQ7wia8JZtQ,isotropic,5678,jpeg50,2000,amman:23,nairobi:2,15.680000,36.1773
nairobi_query_-K4R8iYrz9LwQ7wia8JZtQ,white_box,5678,jpeg50,2000,zurich:94,nairobi:2,15.679998,36.1773
nairobi_query_-K4R8iYrz9LwQ7wia8JZtQ,transfer_1,5678,jpeg50,2000,toronto:200,nairobi:2,15.679998,36.1773
nairobi_query_-K4R8iYrz9LwQ7wia8JZtQ,transfer_2,5678,jpeg50,2000,zurich:19,nairobi:2,15.679998,36.1773
nairobi_query_-K4R8iYrz9LwQ7wia8JZtQ,transfer_3,5678,jpeg50,2000,zurich:35,nairobi:2,15.679992,36.1773
nairobi_query_-K4R8iYrz9LwQ7wia8JZtQ,isotropic,9012,jpeg50,1999,amman:11,nairobi:2,15.680000,36.1773
nairobi_query_-K4R8iYrz9LwQ7wia8JZtQ,white_box,9012,jpeg50,2000,toronto:200,nairobi:2,15.680007,36.1773
nairobi_query_-K4R8iYrz9LwQ7wia8JZtQ,transfer_1,9012,jpeg50,2000,amman:23,nairobi:2,15.679998,36.1773
nairobi_query_-K4R8iYrz9LwQ7wia8JZtQ,transfer_2,9012,jpeg50,2000,amman:23,nairobi:2,15.680002,36.1773
nairobi_query_-K4R8iYrz9LwQ7wia8JZtQ,transfer_3,9012,jpeg50,2000,boston:79,nairobi:2,15.680002,36.1773
toronto_query_-1caqsIDW4YpUBZB98J9uV,isotropic,5678,jpeg50,20,cph:464,toronto:33,15.679997,36.1773
toronto_query_-1caqsIDW4YpUBZB98J9uV,white_box,5678,jpeg50,54,amman:23,toronto:33,15.680005,36.1773
toronto_query_-1caqsIDW4YpUBZB98J9uV,transfer_1,5678,jpeg50,21,amman:21,toronto:33,15.680000,36.1773
toronto_query_-1caqsIDW4YpUBZB98J9uV,transfer_2,5678,jpeg50,36,cph:464,toronto:33,15.680002,36.1773
toronto_query_-1caqsIDW4YpUBZB98J9uV,transfer_3,5678,jpeg50,12,cph:464,toronto:33,15.679997,36.1773
toronto_query_-1caqsIDW4YpUBZB98J9uV,isotropic,9012,jpeg50,45,cph:464,toronto:33,15.680000,36.1773
toronto_query_-1caqsIDW4YpUBZB98J9uV,white_box,9012,jpeg50,89,amman:23,toronto:33,15.680000,36.1773
toronto_query_-1caqsIDW4YpUBZB98J9uV,transfer_1,9012,jpeg50,8,cph:464,toronto:33,15.680001,36.1773
toronto_query_-1caqsIDW4YpUBZB98J9uV,transfer_2,9012,jpeg50,11,cph:464,toronto:33,15.679998,36.1773
toronto_query_-1caqsIDW4YpUBZB98J9uV,transfer_3,9012,jpeg50,7,cph:464,toronto:33,15.680000,36.1773
zurich_query_--RjvuIbkJiPNJknyeZN_Q,isotropic,5678,jpeg50,353,cph:271,zurich:64,15.680000,36.1773
zurich_query_--RjvuIbkJiPNJknyeZN_Q,white_box,5678,jpeg50,1276,zurich:5,zurich:64,15.679997,36.1773
zurich_query_--RjvuIbkJiPNJknyeZN_Q,transfer_1,5678,jpeg50,544,zurich:19,zurich:64,15.679998,36.1773
zurich_query_--RjvuIbkJiPNJknyeZN_Q,transfer_2,5678,jpeg50,677,boston:234,zurich:64,15.680004,36.1773
zurich_query_--RjvuIbkJiPNJknyeZN_Q,transfer_3,5678,jpeg50,916,boston:234,zurich:64,15.680005,36.1773
zurich_query_--RjvuIbkJiPNJknyeZN_Q,isotropic,9012,jpeg50,343,amman:23,zurich:64,15.679997,36.1773
zurich_query_--RjvuIbkJiPNJknyeZN_Q,white_box,9012,jpeg50,1181,boston:244,zurich:64,15.679996,36.1773
zurich_query_--RjvuIbkJiPNJknyeZN_Q,transfer_1,9012,jpeg50,549,boston:234,zurich:64,15.679996,36.1773
zurich_query_--RjvuIbkJiPNJknyeZN_Q,transfer_2,9012,jpeg50,481,boston:234,zurich:64,15.679997,36.1773
zurich_query_--RjvuIbkJiPNJknyeZN_Q,transfer_3,9012,jpeg50,727,boston:234,zurich:64,15.680000,36.1773
amman_query_-6eEB_fS2eePRNUql6vOrQ,isotropic,5678,jpeg50,1,amman:21,amman:21,15.680000,36.1773
amman_query_-6eEB_fS2eePRNUql6vOrQ,white_box,5678,jpeg50,4,amman:23,amman:21,15.679998,36.1773
amman_query_-6eEB_fS2eePRNUql6vOrQ,transfer_1,5678,jpeg50,1,amman:21,amman:21,15.679996,36.1773
amman_query_-6eEB_fS2eePRNUql6vOrQ,transfer_2,5678,jpeg50,1,amman:21,amman:21,15.680000,36.1773
amman_query_-6eEB_fS2eePRNUql6vOrQ,transfer_3,5678,jpeg50,2,amman:23,amman:21,15.679997,36.1773
amman_query_-6eEB_fS2eePRNUql6vOrQ,isotropic,9012,jpeg50,1,amman:21,amman:21,15.679997,36.1773
amman_query_-6eEB_fS2eePRNUql6vOrQ,white_box,9012,jpeg50,4,amman:23,amman:21,15.680000,36.1773
amman_query_-6eEB_fS2eePRNUql6vOrQ,transfer_1,9012,jpeg50,1,amman:21,amman:21,15.680005,36.1773
amman_query_-6eEB_fS2eePRNUql6vOrQ,transfer_2,9012,jpeg50,2,amman:23,amman:21,15.680004,36.1773
amman_query_-6eEB_fS2eePRNUql6vOrQ,transfer_3,9012,jpeg50,3,amman:23,amman:21,15.679998,36.1773
boston_query_--VtRctVkqAafFr5b_6GXg,isotropic,5678,jpeg50,351,cph:464,boston:262,15.680000,36.1773
boston_query_--VtRctVkqAafFr5b_6GXg,white_box,5678,jpeg50,1120,boston:19,boston:262,15.680008,36.1773
boston_query_--VtRctVkqAafFr5b_6GXg,transfer_1,5678,jpeg50,423,cph:464,boston:262,15.679998,36.1773
boston_query_--VtRctVkqAafFr5b_6GXg,transfer_2,5678,jpeg50,484,toronto:23,boston:262,15.680000,36.1773
boston_query_--VtRctVkqAafFr5b_6GXg,transfer_3,5678,jpeg50,568,boston:216,boston:262,15.679996,36.1773
boston_query_--VtRctVkqAafFr5b_6GXg,isotropic,9012,jpeg50,385,manila:109,boston:262,15.680000,36.1773
boston_query_--VtRctVkqAafFr5b_6GXg,white_box,9012,jpeg50,1149,boston:19,boston:262,15.680000,36.1773
boston_query_--VtRctVkqAafFr5b_6GXg,transfer_1,9012,jpeg50,462,boston:171,boston:262,15.679996,36.1773
boston_query_--VtRctVkqAafFr5b_6GXg,transfer_2,9012,jpeg50,534,amman:35,boston:262,15.679997,36.1773
boston_query_--VtRctVkqAafFr5b_6GXg,transfer_3,9012,jpeg50,678,cph:464,boston:262,15.680002,36.1773
cph_query_--kN3Y3n0x47vWa8WX-a8w,isotropic,5678,jpeg50,1,cph:162,cph:162,15.680000,36.1773
cph_query_--kN3Y3n0x47vWa8WX-a8w,white_box,5678,jpeg50,1,cph:162,cph:162,15.680001,36.1773
cph_query_--kN3Y3n0x47vWa8WX-a8w,transfer_1,5678,jpeg50,1,cph:162,cph:162,15.679986,36.1773
cph_query_--kN3Y3n0x47vWa8WX-a8w,transfer_2,5678,jpeg50,1,cph:162,cph:162,15.680000,36.1773
cph_query_--kN3Y3n0x47vWa8WX-a8w,transfer_3,5678,jpeg50,1,cph:162,cph:162,15.679997,36.1773
cph_query_--kN3Y3n0x47vWa8WX-a8w,isotropic,9012,jpeg50,1,cph:162,cph:162,15.679998,36.1773
cph_query_--kN3Y3n0x47vWa8WX-a8w,white_box,9012,jpeg50,1,cph:162,cph:162,15.680001,36.1773
cph_query_--kN3Y3n0x47vWa8WX-a8w,transfer_1,9012,jpeg50,1,cph:162,cph:162,15.679997,36.1773
cph_query_--kN3Y3n0x47vWa8WX-a8w,transfer_2,9012,jpeg50,1,cph:162,cph:162,15.680002,36.1773
cph_query_--kN3Y3n0x47vWa8WX-a8w,transfer_3,9012,jpeg50,1,cph:162,cph:162,15.679996,36.1773
london_query_-4Vq2O1PhPmG6WK-yV402Q,isotropic,5678,jpeg50,1,london:2,london:2,15.680000,36.1773
london_query_-4Vq2O1PhPmG6WK-yV402Q,white_box,5678,jpeg50,91,london:34,london:2,15.680001,36.1773
london_query_-4Vq2O1PhPmG6WK-yV402Q,transfer_1,5678,jpeg50,7,manila:163,london:2,15.680000,36.1773
london_query_-4Vq2O1PhPmG6WK-yV402Q,transfer_2,5678,jpeg50,3,manila:163,london:2,15.679993,36.1773
london_query_-4Vq2O1PhPmG6WK-yV402Q,transfer_3,5678,jpeg50,4,zurich:94,london:2,15.680000,36.1773
london_query_-4Vq2O1PhPmG6WK-yV402Q,isotropic,9012,jpeg50,1,london:2,london:2,15.679996,36.1773
london_query_-4Vq2O1PhPmG6WK-yV402Q,white_box,9012,jpeg50,84,london:34,london:2,15.679995,36.1773
london_query_-4Vq2O1PhPmG6WK-yV402Q,transfer_1,9012,jpeg50,3,zurich:94,london:2,15.679998,36.1773
london_query_-4Vq2O1PhPmG6WK-yV402Q,transfer_2,9012,jpeg50,3,zurich:94,london:2,15.680000,36.1773
london_query_-4Vq2O1PhPmG6WK-yV402Q,transfer_3,9012,jpeg50,4,zurich:94,london:2,15.679996,36.1773
manila_query_-10rV9IlRhgTnk5e_QJbgA,isotropic,5678,jpeg50,924,manila:116,manila:142,15.679996,36.1773
manila_query_-10rV9IlRhgTnk5e_QJbgA,white_box,5678,jpeg50,1240,manila:54,manila:142,15.679998,36.1773
manila_query_-10rV9IlRhgTnk5e_QJbgA,transfer_1,5678,jpeg50,838,manila:116,manila:142,15.680004,36.1773
manila_query_-10rV9IlRhgTnk5e_QJbgA,transfer_2,5678,jpeg50,1079,manila:23,manila:142,15.679998,36.1773
manila_query_-10rV9IlRhgTnk5e_QJbgA,transfer_3,5678,jpeg50,627,manila:173,manila:142,15.679998,36.1773
manila_query_-10rV9IlRhgTnk5e_QJbgA,isotropic,9012,jpeg50,922,manila:116,manila:142,15.680002,36.1773
manila_query_-10rV9IlRhgTnk5e_QJbgA,white_box,9012,jpeg50,1228,boston:249,manila:142,15.680000,36.1773
manila_query_-10rV9IlRhgTnk5e_QJbgA,transfer_1,9012,jpeg50,1083,manila:116,manila:142,15.679998,36.1773
manila_query_-10rV9IlRhgTnk5e_QJbgA,transfer_2,9012,jpeg50,1138,manila:116,manila:142,15.679997,36.1773
manila_query_-10rV9IlRhgTnk5e_QJbgA,transfer_3,9012,jpeg50,722,manila:116,manila:142,15.680000,36.1773
nairobi_query_-cS3FR1RBElNB48QQHiL0Q,isotropic,5678,jpeg50,17,nairobi:22,nairobi:18,15.679997,36.1773
nairobi_query_-cS3FR1RBElNB48QQHiL0Q,white_box,5678,jpeg50,198,manila:92,nairobi:18,15.679989,36.1773
nairobi_query_-cS3FR1RBElNB48QQHiL0Q,transfer_1,5678,jpeg50,7,nairobi:22,nairobi:18,15.680000,36.1773
nairobi_query_-cS3FR1RBElNB48QQHiL0Q,transfer_2,5678,jpeg50,14,boston:191,nairobi:18,15.679998,36.1773
nairobi_query_-cS3FR1RBElNB48QQHiL0Q,transfer_3,5678,jpeg50,53,amman:32,nairobi:18,15.680000,36.1773
nairobi_query_-cS3FR1RBElNB48QQHiL0Q,isotropic,9012,jpeg50,11,nairobi:22,nairobi:18,15.680000,36.1773
nairobi_query_-cS3FR1RBElNB48QQHiL0Q,white_box,9012,jpeg50,286,boston:168,nairobi:18,15.680001,36.1773
nairobi_query_-cS3FR1RBElNB48QQHiL0Q,transfer_1,9012,jpeg50,6,nairobi:22,nairobi:18,15.680000,36.1773
nairobi_query_-cS3FR1RBElNB48QQHiL0Q,transfer_2,9012,jpeg50,28,amman:32,nairobi:18,15.680000,36.1773
nairobi_query_-cS3FR1RBElNB48QQHiL0Q,transfer_3,9012,jpeg50,41,nairobi:22,nairobi:18,15.680000,36.1773
toronto_query_-3UT7A8bNUkVBgSLW30-ow,isotropic,5678,jpeg50,43,toronto:354,toronto:185,15.679997,36.1773
toronto_query_-3UT7A8bNUkVBgSLW30-ow,white_box,5678,jpeg50,371,boston:123,toronto:185,15.680001,36.1773
toronto_query_-3UT7A8bNUkVBgSLW30-ow,transfer_1,5678,jpeg50,84,boston:90,toronto:185,15.679997,36.1773
toronto_query_-3UT7A8bNUkVBgSLW30-ow,transfer_2,5678,jpeg50,52,boston:90,toronto:185,15.680005,36.1773
toronto_query_-3UT7A8bNUkVBgSLW30-ow,transfer_3,5678,jpeg50,93,toronto:354,toronto:185,15.679997,36.1773
toronto_query_-3UT7A8bNUkVBgSLW30-ow,isotropic,9012,jpeg50,42,toronto:354,toronto:185,15.680000,36.1773
toronto_query_-3UT7A8bNUkVBgSLW30-ow,white_box,9012,jpeg50,314,boston:123,toronto:185,15.680000,36.1773
toronto_query_-3UT7A8bNUkVBgSLW30-ow,transfer_1,9012,jpeg50,90,toronto:354,toronto:185,15.680004,36.1773
toronto_query_-3UT7A8bNUkVBgSLW30-ow,transfer_2,9012,jpeg50,118,boston:90,toronto:185,15.679997,36.1773
toronto_query_-3UT7A8bNUkVBgSLW30-ow,transfer_3,9012,jpeg50,83,toronto:354,toronto:185,15.680000,36.1773
zurich_query_-25E3MQ0PY1vs_FT7mKaUw,isotropic,5678,jpeg50,11,cph:464,zurich:13,15.679998,36.1773
zurich_query_-25E3MQ0PY1vs_FT7mKaUw,white_box,5678,jpeg50,482,manila:13,zurich:13,15.679998,36.1773
zurich_query_-25E3MQ0PY1vs_FT7mKaUw,transfer_1,5678,jpeg50,92,cph:464,zurich:13,15.679998,36.1773
zurich_query_-25E3MQ0PY1vs_FT7mKaUw,transfer_2,5678,jpeg50,139,cph:464,zurich:13,15.679996,36.1773
zurich_query_-25E3MQ0PY1vs_FT7mKaUw,transfer_3,5678,jpeg50,124,toronto:23,zurich:13,15.679997,36.1773
zurich_query_-25E3MQ0PY1vs_FT7mKaUw,isotropic,9012,jpeg50,19,cph:464,zurich:13,15.679998,36.1773
zurich_query_-25E3MQ0PY1vs_FT7mKaUw,white_box,9012,jpeg50,448,toronto:27,zurich:13,15.679995,36.1773
zurich_query_-25E3MQ0PY1vs_FT7mKaUw,transfer_1,9012,jpeg50,76,cph:464,zurich:13,15.679992,36.1773
zurich_query_-25E3MQ0PY1vs_FT7mKaUw,transfer_2,9012,jpeg50,107,cph:464,zurich:13,15.680000,36.1773
zurich_query_-25E3MQ0PY1vs_FT7mKaUw,transfer_3,9012,jpeg50,104,toronto:23,zurich:13,15.679998,36.1773
amman_query_-BJoV1t0rKwEzk0bsZplVQ,isotropic,5678,jpeg50,1739,amman:35,amman:37,15.679997,36.1773
amman_query_-BJoV1t0rKwEzk0bsZplVQ,white_box,5678,jpeg50,1996,zurich:19,amman:37,15.679998,36.1773
amman_query_-BJoV1t0rKwEzk0bsZplVQ,transfer_1,5678,jpeg50,1871,amman:35,amman:37,15.679998,36.1773
amman_query_-BJoV1t0rKwEzk0bsZplVQ,transfer_2,5678,jpeg50,1815,amman:35,amman:37,15.680007,36.1773
amman_query_-BJoV1t0rKwEzk0bsZplVQ,transfer_3,5678,jpeg50,1941,amman:35,amman:37,15.680002,36.1773
amman_query_-BJoV1t0rKwEzk0bsZplVQ,isotropic,9012,jpeg50,1745,amman:35,amman:37,15.680000,36.1773
amman_query_-BJoV1t0rKwEzk0bsZplVQ,white_box,9012,jpeg50,1996,zurich:19,amman:37,15.680000,36.1773
amman_query_-BJoV1t0rKwEzk0bsZplVQ,transfer_1,9012,jpeg50,1844,toronto:112,amman:37,15.679997,36.1773
amman_query_-BJoV1t0rKwEzk0bsZplVQ,transfer_2,9012,jpeg50,1895,toronto:112,amman:37,15.680000,36.1773
amman_query_-BJoV1t0rKwEzk0bsZplVQ,transfer_3,9012,jpeg50,1951,amman:35,amman:37,15.680000,36.1773
boston_query_-0n5FDAuOditKvxIekIbBg,isotropic,5678,jpeg50,1,boston:239,boston:239,15.680000,36.1773
boston_query_-0n5FDAuOditKvxIekIbBg,white_box,5678,jpeg50,17,manila:29,boston:239,15.679998,36.1773
boston_query_-0n5FDAuOditKvxIekIbBg,transfer_1,5678,jpeg50,1,boston:239,boston:239,15.679998,36.1773
boston_query_-0n5FDAuOditKvxIekIbBg,transfer_2,5678,jpeg50,1,boston:239,boston:239,15.680000,36.1773
boston_query_-0n5FDAuOditKvxIekIbBg,transfer_3,5678,jpeg50,1,boston:239,boston:239,15.680001,36.1773
boston_query_-0n5FDAuOditKvxIekIbBg,isotropic,9012,jpeg50,1,boston:239,boston:239,15.680000,36.1773
boston_query_-0n5FDAuOditKvxIekIbBg,white_box,9012,jpeg50,4,manila:29,boston:239,15.679998,36.1773
boston_query_-0n5FDAuOditKvxIekIbBg,transfer_1,9012,jpeg50,1,boston:239,boston:239,15.680000,36.1773
boston_query_-0n5FDAuOditKvxIekIbBg,transfer_2,9012,jpeg50,1,boston:239,boston:239,15.679997,36.1773
boston_query_-0n5FDAuOditKvxIekIbBg,transfer_3,9012,jpeg50,1,boston:239,boston:239,15.680000,36.1773
cph_query_--xKnCCc_4tDGo80iM-A_g,isotropic,5678,jpeg50,1,cph:345,cph:345,15.679997,36.1773
cph_query_--xKnCCc_4tDGo80iM-A_g,white_box,5678,jpeg50,49,cph:61,cph:345,15.680000,36.1773
cph_query_--xKnCCc_4tDGo80iM-A_g,transfer_1,5678,jpeg50,1,cph:345,cph:345,15.679995,36.1773
cph_query_--xKnCCc_4tDGo80iM-A_g,transfer_2,5678,jpeg50,1,cph:345,cph:345,15.679997,36.1773
cph_query_--xKnCCc_4tDGo80iM-A_g,transfer_3,5678,jpeg50,3,toronto:58,cph:345,15.680001,36.1773
cph_query_--xKnCCc_4tDGo80iM-A_g,isotropic,9012,jpeg50,1,cph:345,cph:345,15.680000,36.1773
cph_query_--xKnCCc_4tDGo80iM-A_g,white_box,9012,jpeg50,44,cph:61,cph:345,15.679995,36.1773
cph_query_--xKnCCc_4tDGo80iM-A_g,transfer_1,9012,jpeg50,2,toronto:58,cph:345,15.679997,36.1773
cph_query_--xKnCCc_4tDGo80iM-A_g,transfer_2,9012,jpeg50,1,cph:345,cph:345,15.679991,36.1773
cph_query_--xKnCCc_4tDGo80iM-A_g,transfer_3,9012,jpeg50,3,cph:429,cph:345,15.680000,36.1773
london_query_-4pmBOZmF-ynXSkWw5BAew,isotropic,5678,jpeg50,1,london:5,london:5,15.680001,36.1773
london_query_-4pmBOZmF-ynXSkWw5BAew,white_box,5678,jpeg50,726,zurich:5,london:5,15.679995,36.1773
london_query_-4pmBOZmF-ynXSkWw5BAew,transfer_1,5678,jpeg50,1,london:5,london:5,15.679998,36.1773
london_query_-4pmBOZmF-ynXSkWw5BAew,transfer_2,5678,jpeg50,1,london:5,london:5,15.679996,36.1773
london_query_-4pmBOZmF-ynXSkWw5BAew,transfer_3,5678,jpeg50,4,london:2,london:5,15.680000,36.1773
london_query_-4pmBOZmF-ynXSkWw5BAew,isotropic,9012,jpeg50,1,london:5,london:5,15.680000,36.1773
london_query_-4pmBOZmF-ynXSkWw5BAew,white_box,9012,jpeg50,519,zurich:35,london:5,15.679998,36.1773
london_query_-4pmBOZmF-ynXSkWw5BAew,transfer_1,9012,jpeg50,1,london:5,london:5,15.680005,36.1773
london_query_-4pmBOZmF-ynXSkWw5BAew,transfer_2,9012,jpeg50,1,london:5,london:5,15.680000,36.1773
london_query_-4pmBOZmF-ynXSkWw5BAew,transfer_3,9012,jpeg50,1,london:5,london:5,15.680000,36.1773
manila_query_-2h231ovohZWmrsaBllNyw,isotropic,5678,jpeg50,337,cph:429,manila:177,15.680000,36.1773
manila_query_-2h231ovohZWmrsaBllNyw,white_box,5678,jpeg50,544,cph:94,manila:177,15.680002,36.1773
manila_query_-2h231ovohZWmrsaBllNyw,transfer_1,5678,jpeg50,354,cph:94,manila:177,15.679995,36.1773
manila_query_-2h231ovohZWmrsaBllNyw,transfer_2,5678,jpeg50,308,cph:429,manila:177,15.680002,36.1773
manila_query_-2h231ovohZWmrsaBllNyw,transfer_3,5678,jpeg50,355,cph:429,manila:177,15.679995,36.1773
manila_query_-2h231ovohZWmrsaBllNyw,isotropic,9012,jpeg50,364,cph:429,manila:177,15.680000,36.1773
manila_query_-2h231ovohZWmrsaBllNyw,white_box,9012,jpeg50,517,cph:94,manila:177,15.679995,36.1773
manila_query_-2h231ovohZWmrsaBllNyw,transfer_1,9012,jpeg50,374,cph:429,manila:177,15.679998,36.1773
manila_query_-2h231ovohZWmrsaBllNyw,transfer_2,9012,jpeg50,301,cph:429,manila:177,15.679995,36.1773
manila_query_-2h231ovohZWmrsaBllNyw,transfer_3,9012,jpeg50,453,cph:429,manila:177,15.680001,36.1773
nairobi_query_-dn1KaWvGY9H5JRLNtaYPg,isotropic,5678,jpeg50,119,zurich:42,nairobi:10,15.680002,36.1773
nairobi_query_-dn1KaWvGY9H5JRLNtaYPg,white_box,5678,jpeg50,311,zurich:46,nairobi:10,15.679998,36.1773
nairobi_query_-dn1KaWvGY9H5JRLNtaYPg,transfer_1,5678,jpeg50,150,zurich:42,nairobi:10,15.680000,36.1773
nairobi_query_-dn1KaWvGY9H5JRLNtaYPg,transfer_2,5678,jpeg50,85,zurich:42,nairobi:10,15.680001,36.1773
nairobi_query_-dn1KaWvGY9H5JRLNtaYPg,transfer_3,5678,jpeg50,229,zurich:42,nairobi:10,15.679998,36.1773
nairobi_query_-dn1KaWvGY9H5JRLNtaYPg,isotropic,9012,jpeg50,139,zurich:42,nairobi:10,15.680002,36.1773
nairobi_query_-dn1KaWvGY9H5JRLNtaYPg,white_box,9012,jpeg50,203,zurich:46,nairobi:10,15.679997,36.1773
nairobi_query_-dn1KaWvGY9H5JRLNtaYPg,transfer_1,9012,jpeg50,139,zurich:42,nairobi:10,15.680000,36.1773
nairobi_query_-dn1KaWvGY9H5JRLNtaYPg,transfer_2,9012,jpeg50,158,zurich:42,nairobi:10,15.679995,36.1773
nairobi_query_-dn1KaWvGY9H5JRLNtaYPg,transfer_3,9012,jpeg50,179,zurich:42,nairobi:10,15.679997,36.1773
toronto_query_-4IVXvKV2D8brXjQPZ1GRA,isotropic,5678,jpeg50,1,toronto:88,toronto:88,15.679997,36.1773
toronto_query_-4IVXvKV2D8brXjQPZ1GRA,white_box,5678,jpeg50,2,manila:171,toronto:88,15.679998,36.1773
toronto_query_-4IVXvKV2D8brXjQPZ1GRA,transfer_1,5678,jpeg50,1,toronto:88,toronto:88,15.680000,36.1773
toronto_query_-4IVXvKV2D8brXjQPZ1GRA,transfer_2,5678,jpeg50,1,toronto:88,toronto:88,15.679995,36.1773
toronto_query_-4IVXvKV2D8brXjQPZ1GRA,transfer_3,5678,jpeg50,1,toronto:88,toronto:88,15.680004,36.1773
toronto_query_-4IVXvKV2D8brXjQPZ1GRA,isotropic,9012,jpeg50,1,toronto:88,toronto:88,15.679996,36.1773
toronto_query_-4IVXvKV2D8brXjQPZ1GRA,white_box,9012,jpeg50,2,manila:171,toronto:88,15.680000,36.1773
toronto_query_-4IVXvKV2D8brXjQPZ1GRA,transfer_1,9012,jpeg50,2,toronto:200,toronto:88,15.680000,36.1773
toronto_query_-4IVXvKV2D8brXjQPZ1GRA,transfer_2,9012,jpeg50,1,toronto:88,toronto:88,15.679993,36.1773
toronto_query_-4IVXvKV2D8brXjQPZ1GRA,transfer_3,9012,jpeg50,1,toronto:88,toronto:88,15.679996,36.1773
zurich_query_-4StYjY5sT1S23ls5heCbg,isotropic,5678,jpeg50,1,zurich:104,zurich:104,15.680000,36.1773
zurich_query_-4StYjY5sT1S23ls5heCbg,white_box,5678,jpeg50,251,london:34,zurich:104,15.680004,36.1773
zurich_query_-4StYjY5sT1S23ls5heCbg,transfer_1,5678,jpeg50,1,zurich:104,zurich:104,15.679997,36.1773
zurich_query_-4StYjY5sT1S23ls5heCbg,transfer_2,5678,jpeg50,1,zurich:104,zurich:104,15.680000,36.1773
zurich_query_-4StYjY5sT1S23ls5heCbg,transfer_3,5678,jpeg50,7,cph:261,zurich:104,15.680000,36.1773
zurich_query_-4StYjY5sT1S23ls5heCbg,isotropic,9012,jpeg50,1,zurich:104,zurich:104,15.679997,36.1773
zurich_query_-4StYjY5sT1S23ls5heCbg,white_box,9012,jpeg50,316,toronto:200,zurich:104,15.679997,36.1773
zurich_query_-4StYjY5sT1S23ls5heCbg,transfer_1,9012,jpeg50,1,zurich:104,zurich:104,15.679998,36.1773
zurich_query_-4StYjY5sT1S23ls5heCbg,transfer_2,9012,jpeg50,1,zurich:104,zurich:104,15.679993,36.1773
zurich_query_-4StYjY5sT1S23ls5heCbg,transfer_3,9012,jpeg50,2,london:75,zurich:104,15.679997,36.1773
amman_query_-D0IlKF__f0c9DPAKbiYnw,isotropic,5678,jpeg50,41,amman:4,amman:23,15.679998,36.1773
amman_query_-D0IlKF__f0c9DPAKbiYnw,white_box,5678,jpeg50,130,amman:4,amman:23,15.679993,36.1773
amman_query_-D0IlKF__f0c9DPAKbiYnw,transfer_1,5678,jpeg50,51,amman:4,amman:23,15.680004,36.1773
amman_query_-D0IlKF__f0c9DPAKbiYnw,transfer_2,5678,jpeg50,69,amman:4,amman:23,15.680001,36.1773
amman_query_-D0IlKF__f0c9DPAKbiYnw,transfer_3,5678,jpeg50,99,amman:4,amman:23,15.679998,36.1773
amman_query_-D0IlKF__f0c9DPAKbiYnw,isotropic,9012,jpeg50,29,amman:4,amman:23,15.679997,36.1773
amman_query_-D0IlKF__f0c9DPAKbiYnw,white_box,9012,jpeg50,101,amman:4,amman:23,15.679998,36.1773
amman_query_-D0IlKF__f0c9DPAKbiYnw,transfer_1,9012,jpeg50,56,toronto:354,amman:23,15.680000,36.1773
amman_query_-D0IlKF__f0c9DPAKbiYnw,transfer_2,9012,jpeg50,71,amman:4,amman:23,15.680000,36.1773
amman_query_-D0IlKF__f0c9DPAKbiYnw,transfer_3,9012,jpeg50,44,amman:4,amman:23,15.680008,36.1773
boston_query_-3hM-MR6uuw3se14vw3G0w,isotropic,5678,jpeg50,536,boston:249,boston:84,15.680000,36.1773
boston_query_-3hM-MR6uuw3se14vw3G0w,white_box,5678,jpeg50,435,boston:239,boston:84,15.679998,36.1773
boston_query_-3hM-MR6uuw3se14vw3G0w,transfer_1,5678,jpeg50,612,boston:249,boston:84,15.680000,36.1773
boston_query_-3hM-MR6uuw3se14vw3G0w,transfer_2,5678,jpeg50,610,boston:239,boston:84,15.680000,36.1773
boston_query_-3hM-MR6uuw3se14vw3G0w,transfer_3,5678,jpeg50,523,boston:249,boston:84,15.680000,36.1773
boston_query_-3hM-MR6uuw3se14vw3G0w,isotropic,9012,jpeg50,588,boston:249,boston:84,15.679998,36.1773
boston_query_-3hM-MR6uuw3se14vw3G0w,white_box,9012,jpeg50,497,boston:239,boston:84,15.680001,36.1773
boston_query_-3hM-MR6uuw3se14vw3G0w,transfer_1,9012,jpeg50,798,boston:249,boston:84,15.679996,36.1773
boston_query_-3hM-MR6uuw3se14vw3G0w,transfer_2,9012,jpeg50,532,boston:249,boston:84,15.679996,36.1773
boston_query_-3hM-MR6uuw3se14vw3G0w,transfer_3,9012,jpeg50,619,boston:249,boston:84,15.679997,36.1773
cph_query_-05vIhjxDNupFcgaM90L3w,isotropic,5678,jpeg50,5,manila:183,cph:71,15.679998,36.1773
cph_query_-05vIhjxDNupFcgaM90L3w,white_box,5678,jpeg50,29,london:28,cph:71,15.679996,36.1773
cph_query_-05vIhjxDNupFcgaM90L3w,transfer_1,5678,jpeg50,2,manila:183,cph:71,15.680000,36.1773
cph_query_-05vIhjxDNupFcgaM90L3w,transfer_2,5678,jpeg50,4,manila:183,cph:71,15.680004,36.1773
cph_query_-05vIhjxDNupFcgaM90L3w,transfer_3,5678,jpeg50,6,manila:183,cph:71,15.679998,36.1773
cph_query_-05vIhjxDNupFcgaM90L3w,isotropic,9012,jpeg50,4,manila:183,cph:71,15.680001,36.1773
cph_query_-05vIhjxDNupFcgaM90L3w,white_box,9012,jpeg50,17,london:28,cph:71,15.679995,36.1773
cph_query_-05vIhjxDNupFcgaM90L3w,transfer_1,9012,jpeg50,2,manila:183,cph:71,15.680000,36.1773
cph_query_-05vIhjxDNupFcgaM90L3w,transfer_2,9012,jpeg50,4,manila:183,cph:71,15.680000,36.1773
cph_query_-05vIhjxDNupFcgaM90L3w,transfer_3,9012,jpeg50,7,manila:183,cph:71,15.679998,36.1773
london_query_-5QOE2AlZX8rEz8ONtGRrg,isotropic,5678,jpeg50,14,manila:153,london:131,15.680000,36.1773
london_query_-5QOE2AlZX8rEz8ONtGRrg,white_box,5678,jpeg50,908,boston:123,london:131,15.680000,36.1773
london_query_-5QOE2AlZX8rEz8ONtGRrg,transfer_1,5678,jpeg50,34,toronto:418,london:131,15.680002,36.1773
london_query_-5QOE2AlZX8rEz8ONtGRrg,transfer_2,5678,jpeg50,85,toronto:418,london:131,15.680000,36.1773
london_query_-5QOE2AlZX8rEz8ONtGRrg,transfer_3,5678,jpeg50,235,toronto:418,london:131,15.679993,36.1773
london_query_-5QOE2AlZX8rEz8ONtGRrg,isotropic,9012,jpeg50,13,cph:279,london:131,15.680000,36.1773
london_query_-5QOE2AlZX8rEz8ONtGRrg,white_box,9012,jpeg50,1090,boston:123,london:131,15.679996,36.1773
london_query_-5QOE2AlZX8rEz8ONtGRrg,transfer_1,9012,jpeg50,50,cph:279,london:131,15.680000,36.1773
london_query_-5QOE2AlZX8rEz8ONtGRrg,transfer_2,9012,jpeg50,78,toronto:418,london:131,15.680000,36.1773
london_query_-5QOE2AlZX8rEz8ONtGRrg,transfer_3,9012,jpeg50,175,toronto:418,london:131,15.679998,36.1773
manila_query_-3H2xPWPOqn_dCF2Lz5EtQ,isotropic,5678,jpeg50,182,boston:248,manila:160,15.679997,36.1773
manila_query_-3H2xPWPOqn_dCF2Lz5EtQ,white_box,5678,jpeg50,403,amman:30,manila:160,15.679997,36.1773
manila_query_-3H2xPWPOqn_dCF2Lz5EtQ,transfer_1,5678,jpeg50,126,boston:248,manila:160,15.679995,36.1773
manila_query_-3H2xPWPOqn_dCF2Lz5EtQ,transfer_2,5678,jpeg50,250,cph:464,manila:160,15.680000,36.1773
manila_query_-3H2xPWPOqn_dCF2Lz5EtQ,transfer_3,5678,jpeg50,187,toronto:244,manila:160,15.680000,36.1773
manila_query_-3H2xPWPOqn_dCF2Lz5EtQ,isotropic,9012,jpeg50,130,cph:464,manila:160,15.679995,36.1773
manila_query_-3H2xPWPOqn_dCF2Lz5EtQ,white_box,9012,jpeg50,494,amman:30,manila:160,15.679998,36.1773
manila_query_-3H2xPWPOqn_dCF2Lz5EtQ,transfer_1,9012,jpeg50,165,toronto:228,manila:160,15.680000,36.1773
manila_query_-3H2xPWPOqn_dCF2Lz5EtQ,transfer_2,9012,jpeg50,284,boston:248,manila:160,15.679997,36.1773
manila_query_-3H2xPWPOqn_dCF2Lz5EtQ,transfer_3,9012,jpeg50,189,cph:464,manila:160,15.679997,36.1773
nairobi_query_-f7xKWoDFjaXHyTtnRqVKw,isotropic,5678,jpeg50,278,nairobi:15,nairobi:9,15.679997,36.1773
nairobi_query_-f7xKWoDFjaXHyTtnRqVKw,white_box,5678,jpeg50,922,manila:189,nairobi:9,15.680000,36.1773
nairobi_query_-f7xKWoDFjaXHyTtnRqVKw,transfer_1,5678,jpeg50,288,boston:90,nairobi:9,15.680004,36.1773
nairobi_query_-f7xKWoDFjaXHyTtnRqVKw,transfer_2,5678,jpeg50,308,london:85,nairobi:9,15.680000,36.1773
nairobi_query_-f7xKWoDFjaXHyTtnRqVKw,transfer_3,5678,jpeg50,321,manila:89,nairobi:9,15.680000,36.1773
nairobi_query_-f7xKWoDFjaXHyTtnRqVKw,isotropic,9012,jpeg50,147,nairobi:15,nairobi:9,15.680000,36.1773
nairobi_query_-f7xKWoDFjaXHyTtnRqVKw,white_box,9012,jpeg50,800,manila:189,nairobi:9,15.679998,36.1773
nairobi_query_-f7xKWoDFjaXHyTtnRqVKw,transfer_1,9012,jpeg50,228,nairobi:15,nairobi:9,15.679997,36.1773
nairobi_query_-f7xKWoDFjaXHyTtnRqVKw,transfer_2,9012,jpeg50,317,boston:90,nairobi:9,15.680000,36.1773
nairobi_query_-f7xKWoDFjaXHyTtnRqVKw,transfer_3,9012,jpeg50,634,manila:143,nairobi:9,15.679998,36.1773
toronto_query_-4mlNvZUZnbmRaGbiIndoA,isotropic,5678,jpeg50,1,toronto:102,toronto:102,15.679997,36.1773
toronto_query_-4mlNvZUZnbmRaGbiIndoA,white_box,5678,jpeg50,6,manila:142,toronto:102,15.679997,36.1773
toronto_query_-4mlNvZUZnbmRaGbiIndoA,transfer_1,5678,jpeg50,1,toronto:102,toronto:102,15.679997,36.1773
toronto_query_-4mlNvZUZnbmRaGbiIndoA,transfer_2,5678,jpeg50,1,toronto:102,toronto:102,15.680000,36.1773
toronto_query_-4mlNvZUZnbmRaGbiIndoA,transfer_3,5678,jpeg50,1,toronto:102,toronto:102,15.680000,36.1773
toronto_query_-4mlNvZUZnbmRaGbiIndoA,isotropic,9012,jpeg50,1,toronto:102,toronto:102,15.680002,36.1773
toronto_query_-4mlNvZUZnbmRaGbiIndoA,white_box,9012,jpeg50,4,manila:142,toronto:102,15.679998,36.1773
toronto_query_-4mlNvZUZnbmRaGbiIndoA,transfer_1,9012,jpeg50,1,toronto:102,toronto:102,15.679996,36.1773
toronto_query_-4mlNvZUZnbmRaGbiIndoA,transfer_2,9012,jpeg50,1,toronto:102,toronto:102,15.679997,36.1773
toronto_query_-4mlNvZUZnbmRaGbiIndoA,transfer_3,9012,jpeg50,1,toronto:102,toronto:102,15.679997,36.1773
zurich_query_-71-BK_yAOJ1soK0OQWIcg,isotropic,5678,jpeg50,278,boston:249,zurich:44,15.680000,36.1773
zurich_query_-71-BK_yAOJ1soK0OQWIcg,white_box,5678,jpeg50,1449,amman:1,zurich:44,15.679997,36.1773
zurich_query_-71-BK_yAOJ1soK0OQWIcg,transfer_1,5678,jpeg50,178,zurich:96,zurich:44,15.679995,36.1773
zurich_query_-71-BK_yAOJ1soK0OQWIcg,transfer_2,5678,jpeg50,292,zurich:96,zurich:44,15.679997,36.1773
zurich_query_-71-BK_yAOJ1soK0OQWIcg,transfer_3,5678,jpeg50,441,zurich:96,zurich:44,15.680002,36.1773
zurich_query_-71-BK_yAOJ1soK0OQWIcg,isotropic,9012,jpeg50,236,boston:249,zurich:44,15.680001,36.1773
zurich_query_-71-BK_yAOJ1soK0OQWIcg,white_box,9012,jpeg50,1602,amman:1,zurich:44,15.680002,36.1773
zurich_query_-71-BK_yAOJ1soK0OQWIcg,transfer_1,9012,jpeg50,217,boston:249,zurich:44,15.679998,36.1773
zurich_query_-71-BK_yAOJ1soK0OQWIcg,transfer_2,9012,jpeg50,296,zurich:96,zurich:44,15.679998,36.1773
zurich_query_-71-BK_yAOJ1soK0OQWIcg,transfer_3,9012,jpeg50,450,boston:249,zurich:44,15.680000,36.1773
amman_query_-EAmCN9i5BGEadZIccXEyA,isotropic,5678,jpeg50,49,nairobi:13,amman:30,15.680000,36.1773
amman_query_-EAmCN9i5BGEadZIccXEyA,white_box,5678,jpeg50,129,nairobi:13,amman:30,15.679997,36.1773
amman_query_-EAmCN9i5BGEadZIccXEyA,transfer_1,5678,jpeg50,63,nairobi:13,amman:30,15.679997,36.1773
amman_query_-EAmCN9i5BGEadZIccXEyA,transfer_2,5678,jpeg50,82,toronto:421,amman:30,15.679997,36.1773
amman_query_-EAmCN9i5BGEadZIccXEyA,transfer_3,5678,jpeg50,38,nairobi:10,amman:30,15.680000,36.1773
amman_query_-EAmCN9i5BGEadZIccXEyA,isotropic,9012,jpeg50,70,nairobi:13,amman:30,15.680001,36.1773
amman_query_-EAmCN9i5BGEadZIccXEyA,white_box,9012,jpeg50,103,nairobi:13,amman:30,15.680002,36.1773
amman_query_-EAmCN9i5BGEadZIccXEyA,transfer_1,9012,jpeg50,60,toronto:421,amman:30,15.679997,36.1773
amman_query_-EAmCN9i5BGEadZIccXEyA,transfer_2,9012,jpeg50,68,toronto:421,amman:30,15.679997,36.1773
amman_query_-EAmCN9i5BGEadZIccXEyA,transfer_3,9012,jpeg50,62,amman:1,amman:30,15.680002,36.1773
boston_query_-4vuSn0vvcBVOccgQqFlow,isotropic,5678,jpeg50,75,boston:112,boston:149,15.679997,36.1773
boston_query_-4vuSn0vvcBVOccgQqFlow,white_box,5678,jpeg50,1514,manila:183,boston:149,15.680001,36.1773
boston_query_-4vuSn0vvcBVOccgQqFlow,transfer_1,5678,jpeg50,95,boston:112,boston:149,15.679992,36.1773
boston_query_-4vuSn0vvcBVOccgQqFlow,transfer_2,5678,jpeg50,152,zurich:42,boston:149,15.680000,36.1773
boston_query_-4vuSn0vvcBVOccgQqFlow,transfer_3,5678,jpeg50,223,boston:112,boston:149,15.679998,36.1773
boston_query_-4vuSn0vvcBVOccgQqFlow,isotropic,9012,jpeg50,49,boston:112,boston:149,15.680000,36.1773
boston_query_-4vuSn0vvcBVOccgQqFlow,white_box,9012,jpeg50,1392,manila:183,boston:149,15.679997,36.1773
boston_query_-4vuSn0vvcBVOccgQqFlow,transfer_1,9012,jpeg50,77,london:2,boston:149,15.679995,36.1773
boston_query_-4vuSn0vvcBVOccgQqFlow,transfer_2,9012,jpeg50,167,boston:144,boston:149,15.680005,36.1773
boston_query_-4vuSn0vvcBVOccgQqFlow,transfer_3,9012,jpeg50,149,boston:112,boston:149,15.680002,36.1773
cph_query_-07-gME-zaQLhCsFrSInSg,isotropic,5678,jpeg50,12,manila:181,cph:241,15.679997,36.1773
cph_query_-07-gME-zaQLhCsFrSInSg,white_box,5678,jpeg50,203,manila:181,cph:241,15.679998,36.1773
cph_query_-07-gME-zaQLhCsFrSInSg,transfer_1,5678,jpeg50,4,manila:181,cph:241,15.679997,36.1773
cph_query_-07-gME-zaQLhCsFrSInSg,transfer_2,5678,jpeg50,16,manila:181,cph:241,15.680000,36.1773
cph_query_-07-gME-zaQLhCsFrSInSg,transfer_3,5678,jpeg50,14,manila:181,cph:241,15.679998,36.1773
cph_query_-07-gME-zaQLhCsFrSInSg,isotropic,9012,jpeg50,9,manila:181,cph:241,15.679996,36.1773
cph_query_-07-gME-zaQLhCsFrSInSg,white_box,9012,jpeg50,150,manila:181,cph:241,15.679997,36.1773
cph_query_-07-gME-zaQLhCsFrSInSg,transfer_1,9012,jpeg50,4,manila:181,cph:241,15.679997,36.1773
cph_query_-07-gME-zaQLhCsFrSInSg,transfer_2,9012,jpeg50,11,manila:181,cph:241,15.679997,36.1773
cph_query_-07-gME-zaQLhCsFrSInSg,transfer_3,9012,jpeg50,13,manila:181,cph:241,15.679998,36.1773
london_query_-7U9wY8ynnu3oZ1g_-0xww,isotropic,5678,jpeg50,19,london:76,london:104,15.679997,36.1773
london_query_-7U9wY8ynnu3oZ1g_-0xww,white_box,5678,jpeg50,418,boston:191,london:104,15.679996,36.1773
london_query_-7U9wY8ynnu3oZ1g_-0xww,transfer_1,5678,jpeg50,84,london:75,london:104,15.679997,36.1773
london_query_-7U9wY8ynnu3oZ1g_-0xww,transfer_2,5678,jpeg50,73,london:76,london:104,15.680001,36.1773
london_query_-7U9wY8ynnu3oZ1g_-0xww,transfer_3,5678,jpeg50,96,london:75,london:104,15.680000,36.1773
london_query_-7U9wY8ynnu3oZ1g_-0xww,isotropic,9012,jpeg50,29,london:76,london:104,15.679998,36.1773
london_query_-7U9wY8ynnu3oZ1g_-0xww,white_box,9012,jpeg50,240,boston:191,london:104,15.680005,36.1773
london_query_-7U9wY8ynnu3oZ1g_-0xww,transfer_1,9012,jpeg50,68,london:75,london:104,15.679991,36.1773
london_query_-7U9wY8ynnu3oZ1g_-0xww,transfer_2,9012,jpeg50,125,london:75,london:104,15.679997,36.1773
london_query_-7U9wY8ynnu3oZ1g_-0xww,transfer_3,9012,jpeg50,35,london:75,london:104,15.680001,36.1773
manila_query_-5pMypBbFEXHPOTYNJl_EA,isotropic,5678,jpeg50,13,amman:23,manila:116,15.679996,36.1773
manila_query_-5pMypBbFEXHPOTYNJl_EA,white_box,5678,jpeg50,342,zurich:19,manila:116,15.680004,36.1773
manila_query_-5pMypBbFEXHPOTYNJl_EA,transfer_1,5678,jpeg50,14,amman:25,manila:116,15.680000,36.1773
manila_query_-5pMypBbFEXHPOTYNJl_EA,transfer_2,5678,jpeg50,53,amman:25,manila:116,15.680000,36.1773
manila_query_-5pMypBbFEXHPOTYNJl_EA,transfer_3,5678,jpeg50,103,amman:26,manila:116,15.680000,36.1773
manila_query_-5pMypBbFEXHPOTYNJl_EA,isotropic,9012,jpeg50,11,amman:23,manila:116,15.680001,36.1773
manila_query_-5pMypBbFEXHPOTYNJl_EA,white_box,9012,jpeg50,256,zurich:19,manila:116,15.679997,36.1773
manila_query_-5pMypBbFEXHPOTYNJl_EA,transfer_1,9012,jpeg50,31,amman:25,manila:116,15.680001,36.1773
manila_query_-5pMypBbFEXHPOTYNJl_EA,transfer_2,9012,jpeg50,35,amman:25,manila:116,15.680000,36.1773
manila_query_-5pMypBbFEXHPOTYNJl_EA,transfer_3,9012,jpeg50,49,amman:23,manila:116,15.680000,36.1773
nairobi_query_-rWgRitoKSYrdczUKUiOrA,isotropic,5678,jpeg50,2,nairobi:1,nairobi:22,15.680000,36.1773
nairobi_query_-rWgRitoKSYrdczUKUiOrA,white_box,5678,jpeg50,71,cph:175,nairobi:22,15.680001,36.1773
nairobi_query_-rWgRitoKSYrdczUKUiOrA,transfer_1,5678,jpeg50,1,nairobi:22,nairobi:22,15.679996,36.1773
nairobi_query_-rWgRitoKSYrdczUKUiOrA,transfer_2,5678,jpeg50,1,nairobi:22,nairobi:22,15.679998,36.1773
nairobi_query_-rWgRitoKSYrdczUKUiOrA,transfer_3,5678,jpeg50,1,nairobi:22,nairobi:22,15.680000,36.1773
nairobi_query_-rWgRitoKSYrdczUKUiOrA,isotropic,9012,jpeg50,1,nairobi:22,nairobi:22,15.680000,36.1773
nairobi_query_-rWgRitoKSYrdczUKUiOrA,white_box,9012,jpeg50,43,cph:175,nairobi:22,15.680001,36.1773
nairobi_query_-rWgRitoKSYrdczUKUiOrA,transfer_1,9012,jpeg50,1,nairobi:22,nairobi:22,15.680000,36.1773
nairobi_query_-rWgRitoKSYrdczUKUiOrA,transfer_2,9012,jpeg50,1,nairobi:22,nairobi:22,15.679997,36.1773
nairobi_query_-rWgRitoKSYrdczUKUiOrA,transfer_3,9012,jpeg50,1,nairobi:22,nairobi:22,15.679998,36.1773
toronto_query_-5HBlqC41yTbYA1NM7dz1A,isotropic,5678,jpeg50,33,cph:459,toronto:156,15.680000,36.1773
toronto_query_-5HBlqC41yTbYA1NM7dz1A,white_box,5678,jpeg50,349,cph:356,toronto:156,15.680005,36.1773
toronto_query_-5HBlqC41yTbYA1NM7dz1A,transfer_1,5678,jpeg50,22,cph:459,toronto:156,15.679992,36.1773
toronto_query_-5HBlqC41yTbYA1NM7dz1A,transfer_2,5678,jpeg50,18,cph:459,toronto:156,15.680004,36.1773
toronto_query_-5HBlqC41yTbYA1NM7dz1A,transfer_3,5678,jpeg50,57,toronto:218,toronto:156,15.680000,36.1773
toronto_query_-5HBlqC41yTbYA1NM7dz1A,isotropic,9012,jpeg50,48,cph:459,toronto:156,15.680001,36.1773
toronto_query_-5HBlqC41yTbYA1NM7dz1A,white_box,9012,jpeg50,270,manila:190,toronto:156,15.679996,36.1773
toronto_query_-5HBlqC41yTbYA1NM7dz1A,transfer_1,9012,jpeg50,27,cph:459,toronto:156,15.680000,36.1773
toronto_query_-5HBlqC41yTbYA1NM7dz1A,transfer_2,9012,jpeg50,10,cph:459,toronto:156,15.680000,36.1773
toronto_query_-5HBlqC41yTbYA1NM7dz1A,transfer_3,9012,jpeg50,46,cph:429,toronto:156,15.679997,36.1773
zurich_query_-7bB9HS2MqV7UT7vRyROfg,isotropic,5678,jpeg50,25,boston:139,zurich:19,15.679997,36.1773
zurich_query_-7bB9HS2MqV7UT7vRyROfg,white_box,5678,jpeg50,306,boston:239,zurich:19,15.680000,36.1773
zurich_query_-7bB9HS2MqV7UT7vRyROfg,transfer_1,5678,jpeg50,50,amman:15,zurich:19,15.680001,36.1773
zurich_query_-7bB9HS2MqV7UT7vRyROfg,transfer_2,5678,jpeg50,1,zurich:19,zurich:19,15.679996,36.1773
zurich_query_-7bB9HS2MqV7UT7vRyROfg,transfer_3,5678,jpeg50,193,boston:249,zurich:19,15.679996,36.1773
zurich_query_-7bB9HS2MqV7UT7vRyROfg,isotropic,9012,jpeg50,4,boston:47,zurich:19,15.679998,36.1773
zurich_query_-7bB9HS2MqV7UT7vRyROfg,white_box,9012,jpeg50,354,manila:189,zurich:19,15.680001,36.1773
zurich_query_-7bB9HS2MqV7UT7vRyROfg,transfer_1,9012,jpeg50,106,toronto:244,zurich:19,15.680001,36.1773
zurich_query_-7bB9HS2MqV7UT7vRyROfg,transfer_2,9012,jpeg50,8,zurich:46,zurich:19,15.679996,36.1773
zurich_query_-7bB9HS2MqV7UT7vRyROfg,transfer_3,9012,jpeg50,187,amman:25,zurich:19,15.679995,36.1773
amman_query_-L_vanPrT4RcWlLbzCqMKA,isotropic,5678,jpeg50,78,amman:26,amman:29,15.679998,36.1773
amman_query_-L_vanPrT4RcWlLbzCqMKA,white_box,5678,jpeg50,343,manila:143,amman:29,15.679997,36.1773
amman_query_-L_vanPrT4RcWlLbzCqMKA,transfer_1,5678,jpeg50,69,amman:26,amman:29,15.680000,36.1773
amman_query_-L_vanPrT4RcWlLbzCqMKA,transfer_2,5678,jpeg50,52,amman:21,amman:29,15.679996,36.1773
amman_query_-L_vanPrT4RcWlLbzCqMKA,transfer_3,5678,jpeg50,147,manila:13,amman:29,15.679993,36.1773
amman_query_-L_vanPrT4RcWlLbzCqMKA,isotropic,9012,jpeg50,47,amman:26,amman:29,15.679997,36.1773
amman_query_-L_vanPrT4RcWlLbzCqMKA,white_box,9012,jpeg50,394,manila:13,amman:29,15.679997,36.1773
amman_query_-L_vanPrT4RcWlLbzCqMKA,transfer_1,9012,jpeg50,46,amman:1,amman:29,15.680008,36.1773
amman_query_-L_vanPrT4RcWlLbzCqMKA,transfer_2,9012,jpeg50,81,amman:1,amman:29,15.679997,36.1773
amman_query_-L_vanPrT4RcWlLbzCqMKA,transfer_3,9012,jpeg50,80,manila:13,amman:29,15.679998,36.1773
boston_query_-5-CNr3q7kmRGcDSMueI4w,isotropic,5678,jpeg50,1,boston:234,boston:234,15.680000,36.1773
boston_query_-5-CNr3q7kmRGcDSMueI4w,white_box,5678,jpeg50,35,toronto:207,boston:234,15.679995,36.1773
boston_query_-5-CNr3q7kmRGcDSMueI4w,transfer_1,5678,jpeg50,2,boston:249,boston:234,15.679997,36.1773
boston_query_-5-CNr3q7kmRGcDSMueI4w,transfer_2,5678,jpeg50,1,boston:234,boston:234,15.679998,36.1773
boston_query_-5-CNr3q7kmRGcDSMueI4w,transfer_3,5678,jpeg50,5,cph:241,boston:234,15.679995,36.1773
boston_query_-5-CNr3q7kmRGcDSMueI4w,isotropic,9012,jpeg50,2,cph:271,boston:234,15.679997,36.1773
boston_query_-5-CNr3q7kmRGcDSMueI4w,white_box,9012,jpeg50,55,toronto:207,boston:234,15.679997,36.1773
boston_query_-5-CNr3q7kmRGcDSMueI4w,transfer_1,9012,jpeg50,1,boston:234,boston:234,15.680000,36.1773
boston_query_-5-CNr3q7kmRGcDSMueI4w,transfer_2,9012,jpeg50,2,boston:249,boston:234,15.679996,36.1773
boston_query_-5-CNr3q7kmRGcDSMueI4w,transfer_3,9012,jpeg50,2,cph:241,boston:234,15.679996,36.1773
cph_query_-0_HsZnndjHv76QpTyNFCA,isotropic,5678,jpeg50,2,boston:249,cph:242,15.680000,36.1773
cph_query_-0_HsZnndjHv76QpTyNFCA,white_box,5678,jpeg50,1,cph:242,cph:242,15.679997,36.1773
cph_query_-0_HsZnndjHv76QpTyNFCA,transfer_1,5678,jpeg50,1,cph:242,cph:242,15.679998,36.1773
cph_query_-0_HsZnndjHv76QpTyNFCA,transfer_2,5678,jpeg50,1,cph:242,cph:242,15.679997,36.1773
cph_query_-0_HsZnndjHv76QpTyNFCA,transfer_3,5678,jpeg50,1,cph:242,cph:242,15.680002,36.1773
cph_query_-0_HsZnndjHv76QpTyNFCA,isotropic,9012,jpeg50,2,boston:249,cph:242,15.679997,36.1773
cph_query_-0_HsZnndjHv76QpTyNFCA,white_box,9012,jpeg50,1,cph:242,cph:242,15.679992,36.1773
cph_query_-0_HsZnndjHv76QpTyNFCA,transfer_1,9012,jpeg50,1,cph:242,cph:242,15.680001,36.1773
cph_query_-0_HsZnndjHv76QpTyNFCA,transfer_2,9012,jpeg50,1,cph:242,cph:242,15.679998,36.1773
cph_query_-0_HsZnndjHv76QpTyNFCA,transfer_3,9012,jpeg50,2,boston:249,cph:242,15.680002,36.1773
london_query_-7cNAk24ZhuoOowcvDoImw,isotropic,5678,jpeg50,82,amman:25,london:126,15.680002,36.1773
london_query_-7cNAk24ZhuoOowcvDoImw,white_box,5678,jpeg50,332,amman:21,london:126,15.679998,36.1773
london_query_-7cNAk24ZhuoOowcvDoImw,transfer_1,5678,jpeg50,71,amman:25,london:126,15.680004,36.1773
london_query_-7cNAk24ZhuoOowcvDoImw,transfer_2,5678,jpeg50,91,amman:25,london:126,15.680000,36.1773
london_query_-7cNAk24ZhuoOowcvDoImw,transfer_3,5678,jpeg50,96,boston:191,london:126,15.680009,36.1773
london_query_-7cNAk24ZhuoOowcvDoImw,isotropic,9012,jpeg50,117,amman:25,london:126,15.679998,36.1773
london_query_-7cNAk24ZhuoOowcvDoImw,white_box,9012,jpeg50,274,amman:11,london:126,15.680000,36.1773
london_query_-7cNAk24ZhuoOowcvDoImw,transfer_1,9012,jpeg50,122,boston:234,london:126,15.680000,36.1773
london_query_-7cNAk24ZhuoOowcvDoImw,transfer_2,9012,jpeg50,81,boston:234,london:126,15.679993,36.1773
london_query_-7cNAk24ZhuoOowcvDoImw,transfer_3,9012,jpeg50,241,amman:25,london:126,15.679998,36.1773
manila_query_-6NSbTuzpeyDbSXKeGAasg,isotropic,5678,jpeg50,4,toronto:23,manila:190,15.679997,36.1773
manila_query_-6NSbTuzpeyDbSXKeGAasg,white_box,5678,jpeg50,20,toronto:23,manila:190,15.680000,36.1773
manila_query_-6NSbTuzpeyDbSXKeGAasg,transfer_1,5678,jpeg50,5,toronto:23,manila:190,15.679996,36.1773
manila_query_-6NSbTuzpeyDbSXKeGAasg,transfer_2,5678,jpeg50,4,toronto:23,manila:190,15.680001,36.1773
manila_query_-6NSbTuzpeyDbSXKeGAasg,transfer_3,5678,jpeg50,15,toronto:23,manila:190,15.680000,36.1773
manila_query_-6NSbTuzpeyDbSXKeGAasg,isotropic,9012,jpeg50,7,toronto:23,manila:190,15.679997,36.1773
manila_query_-6NSbTuzpeyDbSXKeGAasg,white_box,9012,jpeg50,24,cph:460,manila:190,15.679998,36.1773
manila_query_-6NSbTuzpeyDbSXKeGAasg,transfer_1,9012,jpeg50,10,toronto:23,manila:190,15.679997,36.1773
manila_query_-6NSbTuzpeyDbSXKeGAasg,transfer_2,9012,jpeg50,7,toronto:23,manila:190,15.679997,36.1773
manila_query_-6NSbTuzpeyDbSXKeGAasg,transfer_3,9012,jpeg50,11,toronto:23,manila:190,15.680000,36.1773
nairobi_query_-yxXz3in11JFniZQAa7m2A,isotropic,5678,jpeg50,39,toronto:197,nairobi:10,15.680001,36.1773
nairobi_query_-yxXz3in11JFniZQAa7m2A,white_box,5678,jpeg50,28,cph:33,nairobi:10,15.679998,36.1773
nairobi_query_-yxXz3in11JFniZQAa7m2A,transfer_1,5678,jpeg50,44,toronto:197,nairobi:10,15.679997,36.1773
nairobi_query_-yxXz3in11JFniZQAa7m2A,transfer_2,5678,jpeg50,50,toronto:197,nairobi:10,15.679998,36.1773
nairobi_query_-yxXz3in11JFniZQAa7m2A,transfer_3,5678,jpeg50,39,toronto:197,nairobi:10,15.679997,36.1773
nairobi_query_-yxXz3in11JFniZQAa7m2A,isotropic,9012,jpeg50,23,cph:345,nairobi:10,15.680001,36.1773
nairobi_query_-yxXz3in11JFniZQAa7m2A,white_box,9012,jpeg50,34,cph:33,nairobi:10,15.680001,36.1773
nairobi_query_-yxXz3in11JFniZQAa7m2A,transfer_1,9012,jpeg50,52,toronto:197,nairobi:10,15.680005,36.1773
nairobi_query_-yxXz3in11JFniZQAa7m2A,transfer_2,9012,jpeg50,46,toronto:197,nairobi:10,15.679998,36.1773
nairobi_query_-yxXz3in11JFniZQAa7m2A,transfer_3,9012,jpeg50,48,toronto:197,nairobi:10,15.680000,36.1773
toronto_query_-5RKNbex7In9Ys4mH40wXA,isotropic,5678,jpeg50,1504,toronto:200,toronto:3,15.680001,36.1773
toronto_query_-5RKNbex7In9Ys4mH40wXA,white_box,5678,jpeg50,1819,toronto:200,toronto:3,15.679995,36.1773
toronto_query_-5RKNbex7In9Ys4mH40wXA,transfer_1,5678,jpeg50,1636,toronto:200,toronto:3,15.680000,36.1773
toronto_query_-5RKNbex7In9Ys4mH40wXA,transfer_2,5678,jpeg50,1595,toronto:200,toronto:3,15.680000,36.1773
toronto_query_-5RKNbex7In9Ys4mH40wXA,transfer_3,5678,jpeg50,1615,toronto:200,toronto:3,15.679997,36.1773
toronto_query_-5RKNbex7In9Ys4mH40wXA,isotropic,9012,jpeg50,1457,toronto:200,toronto:3,15.679998,36.1773
toronto_query_-5RKNbex7In9Ys4mH40wXA,white_box,9012,jpeg50,1837,toronto:200,toronto:3,15.680004,36.1773
toronto_query_-5RKNbex7In9Ys4mH40wXA,transfer_1,9012,jpeg50,1578,toronto:200,toronto:3,15.679997,36.1773
toronto_query_-5RKNbex7In9Ys4mH40wXA,transfer_2,9012,jpeg50,1552,toronto:200,toronto:3,15.679998,36.1773
toronto_query_-5RKNbex7In9Ys4mH40wXA,transfer_3,9012,jpeg50,1702,toronto:200,toronto:3,15.680000,36.1773
zurich_query_-ANYzSHAsjItBx6yJauT3A,isotropic,5678,jpeg50,39,manila:134,zurich:14,15.679997,36.1773
zurich_query_-ANYzSHAsjItBx6yJauT3A,white_box,5678,jpeg50,120,amman:6,zurich:14,15.679997,36.1773
zurich_query_-ANYzSHAsjItBx6yJauT3A,transfer_1,5678,jpeg50,137,cph:243,zurich:14,15.679997,36.1773
zurich_query_-ANYzSHAsjItBx6yJauT3A,transfer_2,5678,jpeg50,127,zurich:60,zurich:14,15.679996,36.1773
zurich_query_-ANYzSHAsjItBx6yJauT3A,transfer_3,5678,jpeg50,55,manila:134,zurich:14,15.679996,36.1773
zurich_query_-ANYzSHAsjItBx6yJauT3A,isotropic,9012,jpeg50,48,manila:134,zurich:14,15.680000,36.1773
zurich_query_-ANYzSHAsjItBx6yJauT3A,white_box,9012,jpeg50,94,manila:67,zurich:14,15.679998,36.1773
zurich_query_-ANYzSHAsjItBx6yJauT3A,transfer_1,9012,jpeg50,60,cph:243,zurich:14,15.679998,36.1773
zurich_query_-ANYzSHAsjItBx6yJauT3A,transfer_2,9012,jpeg50,156,manila:134,zurich:14,15.679997,36.1773
zurich_query_-ANYzSHAsjItBx6yJauT3A,transfer_3,9012,jpeg50,94,manila:134,zurich:14,15.679998,36.1773
amman_query_-MUBUlzvFxQS_zFg6xNhVg,isotropic,5678,jpeg50,192,amman:23,amman:6,15.680000,36.1773
amman_query_-MUBUlzvFxQS_zFg6xNhVg,white_box,5678,jpeg50,771,toronto:253,amman:6,15.679997,36.1773
amman_query_-MUBUlzvFxQS_zFg6xNhVg,transfer_1,5678,jpeg50,227,amman:23,amman:6,15.679995,36.1773
amman_query_-MUBUlzvFxQS_zFg6xNhVg,transfer_2,5678,jpeg50,350,amman:23,amman:6,15.680002,36.1773
amman_query_-MUBUlzvFxQS_zFg6xNhVg,transfer_3,5678,jpeg50,230,manila:116,amman:6,15.679997,36.1773
amman_query_-MUBUlzvFxQS_zFg6xNhVg,isotropic,9012,jpeg50,131,amman:23,amman:6,15.680000,36.1773
amman_query_-MUBUlzvFxQS_zFg6xNhVg,white_box,9012,jpeg50,833,boston:249,amman:6,15.679998,36.1773
amman_query_-MUBUlzvFxQS_zFg6xNhVg,transfer_1,9012,jpeg50,253,amman:23,amman:6,15.679992,36.1773
amman_query_-MUBUlzvFxQS_zFg6xNhVg,transfer_2,9012,jpeg50,244,amman:23,amman:6,15.679997,36.1773
amman_query_-MUBUlzvFxQS_zFg6xNhVg,transfer_3,9012,jpeg50,207,amman:23,amman:6,15.680000,36.1773
boston_query_-6RLrPXAeunQaNK6m645ZA,isotropic,5678,jpeg50,5,boston:145,boston:237,15.680000,36.1773
boston_query_-6RLrPXAeunQaNK6m645ZA,white_box,5678,jpeg50,73,boston:234,boston:237,15.680000,36.1773
boston_query_-6RLrPXAeunQaNK6m645ZA,transfer_1,5678,jpeg50,1,boston:237,boston:237,15.680002,36.1773
boston_query_-6RLrPXAeunQaNK6m645ZA,transfer_2,5678,jpeg50,7,boston:234,boston:237,15.679997,36.1773
boston_query_-6RLrPXAeunQaNK6m645ZA,transfer_3,5678,jpeg50,3,boston:145,boston:237,15.680000,36.1773
boston_query_-6RLrPXAeunQaNK6m645ZA,isotropic,9012,jpeg50,2,boston:145,boston:237,15.679998,36.1773
boston_query_-6RLrPXAeunQaNK6m645ZA,white_box,9012,jpeg50,69,zurich:42,boston:237,15.680000,36.1773
boston_query_-6RLrPXAeunQaNK6m645ZA,transfer_1,9012,jpeg50,2,zurich:111,boston:237,15.680000,36.1773
boston_query_-6RLrPXAeunQaNK6m645ZA,transfer_2,9012,jpeg50,3,boston:234,boston:237,15.680005,36.1773
boston_query_-6RLrPXAeunQaNK6m645ZA,transfer_3,9012,jpeg50,5,boston:234,boston:237,15.679995,36.1773
cph_query_-2N5Dmf5tOm5N83KXgvjDw,isotropic,5678,jpeg50,1,cph:459,cph:459,15.679997,36.1773
cph_query_-2N5Dmf5tOm5N83KXgvjDw,white_box,5678,jpeg50,14,manila:106,cph:459,15.679996,36.1773
cph_query_-2N5Dmf5tOm5N83KXgvjDw,transfer_1,5678,jpeg50,1,cph:459,cph:459,15.680002,36.1773
cph_query_-2N5Dmf5tOm5N83KXgvjDw,transfer_2,5678,jpeg50,1,cph:459,cph:459,15.680001,36.1773
cph_query_-2N5Dmf5tOm5N83KXgvjDw,transfer_3,5678,jpeg50,1,cph:459,cph:459,15.680008,36.1773
cph_query_-2N5Dmf5tOm5N83KXgvjDw,isotropic,9012,jpeg50,1,cph:459,cph:459,15.679997,36.1773
cph_query_-2N5Dmf5tOm5N83KXgvjDw,white_box,9012,jpeg50,11,manila:92,cph:459,15.680001,36.1773
cph_query_-2N5Dmf5tOm5N83KXgvjDw,transfer_1,9012,jpeg50,1,cph:459,cph:459,15.680000,36.1773
cph_query_-2N5Dmf5tOm5N83KXgvjDw,transfer_2,9012,jpeg50,1,cph:459,cph:459,15.680000,36.1773
cph_query_-2N5Dmf5tOm5N83KXgvjDw,transfer_3,9012,jpeg50,1,cph:459,cph:459,15.679995,36.1773
london_query_-8xWvI5d3Z6gfsRDb_kEQQ,isotropic,5678,jpeg50,34,london:28,london:15,15.680000,36.1773
london_query_-8xWvI5d3Z6gfsRDb_kEQQ,white_box,5678,jpeg50,38,london:28,london:15,15.679997,36.1773
london_query_-8xWvI5d3Z6gfsRDb_kEQQ,transfer_1,5678,jpeg50,29,london:28,london:15,15.679998,36.1773
london_query_-8xWvI5d3Z6gfsRDb_kEQQ,transfer_2,5678,jpeg50,28,london:28,london:15,15.680002,36.1773
london_query_-8xWvI5d3Z6gfsRDb_kEQQ,transfer_3,5678,jpeg50,34,london:28,london:15,15.679996,36.1773
london_query_-8xWvI5d3Z6gfsRDb_kEQQ,isotropic,9012,jpeg50,21,london:28,london:15,15.680001,36.1773
london_query_-8xWvI5d3Z6gfsRDb_kEQQ,white_box,9012,jpeg50,43,london:28,london:15,15.679998,36.1773
london_query_-8xWvI5d3Z6gfsRDb_kEQQ,transfer_1,9012,jpeg50,26,london:28,london:15,15.680004,36.1773
london_query_-8xWvI5d3Z6gfsRDb_kEQQ,transfer_2,9012,jpeg50,23,london:28,london:15,15.679997,36.1773
london_query_-8xWvI5d3Z6gfsRDb_kEQQ,transfer_3,9012,jpeg50,19,london:28,london:15,15.680000,36.1773
manila_query_-6_2C-ExaVhx4ONvHOvffw,isotropic,5678,jpeg50,277,nairobi:10,manila:67,15.680001,36.1773
manila_query_-6_2C-ExaVhx4ONvHOvffw,white_box,5678,jpeg50,490,london:34,manila:67,15.680001,36.1773
manila_query_-6_2C-ExaVhx4ONvHOvffw,transfer_1,5678,jpeg50,190,nairobi:10,manila:67,15.680002,36.1773
manila_query_-6_2C-ExaVhx4ONvHOvffw,transfer_2,5678,jpeg50,304,nairobi:10,manila:67,15.680002,36.1773
manila_query_-6_2C-ExaVhx4ONvHOvffw,transfer_3,5678,jpeg50,244,nairobi:10,manila:67,15.679997,36.1773
manila_query_-6_2C-ExaVhx4ONvHOvffw,isotropic,9012,jpeg50,239,nairobi:10,manila:67,15.680001,36.1773
manila_query_-6_2C-ExaVhx4ONvHOvffw,white_box,9012,jpeg50,424,toronto:88,manila:67,15.679992,36.1773
manila_query_-6_2C-ExaVhx4ONvHOvffw,transfer_1,9012,jpeg50,255,nairobi:10,manila:67,15.680002,36.1773
manila_query_-6_2C-ExaVhx4ONvHOvffw,transfer_2,9012,jpeg50,350,nairobi:10,manila:67,15.680005,36.1773
manila_query_-6_2C-ExaVhx4ONvHOvffw,transfer_3,9012,jpeg50,344,toronto:228,manila:67,15.679998,36.1773
nairobi_query_0-ZdPdUGwVdDwKbIOxQCBA,isotropic,5678,jpeg50,10,manila:189,nairobi:15,15.679997,36.1773
nairobi_query_0-ZdPdUGwVdDwKbIOxQCBA,white_box,5678,jpeg50,96,manila:190,nairobi:15,15.679997,36.1773
nairobi_query_0-ZdPdUGwVdDwKbIOxQCBA,transfer_1,5678,jpeg50,20,manila:190,nairobi:15,15.680000,36.1773
nairobi_query_0-ZdPdUGwVdDwKbIOxQCBA,transfer_2,5678,jpeg50,23,manila:189,nairobi:15,15.680000,36.1773
nairobi_query_0-ZdPdUGwVdDwKbIOxQCBA,transfer_3,5678,jpeg50,48,manila:189,nairobi:15,15.680000,36.1773
nairobi_query_0-ZdPdUGwVdDwKbIOxQCBA,isotropic,9012,jpeg50,5,london:85,nairobi:15,15.680000,36.1773
nairobi_query_0-ZdPdUGwVdDwKbIOxQCBA,white_box,9012,jpeg50,101,manila:72,nairobi:15,15.679997,36.1773
nairobi_query_0-ZdPdUGwVdDwKbIOxQCBA,transfer_1,9012,jpeg50,30,manila:189,nairobi:15,15.680001,36.1773
nairobi_query_0-ZdPdUGwVdDwKbIOxQCBA,transfer_2,9012,jpeg50,21,manila:189,nairobi:15,15.680000,36.1773
nairobi_query_0-ZdPdUGwVdDwKbIOxQCBA,transfer_3,9012,jpeg50,108,manila:189,nairobi:15,15.679995,36.1773
toronto_query_-5ryd5v5eXUsmP9y4p6w_g,isotropic,5678,jpeg50,354,cph:175,toronto:346,15.680000,36.1773
toronto_query_-5ryd5v5eXUsmP9y4p6w_g,white_box,5678,jpeg50,1503,nairobi:10,toronto:346,15.679995,36.1773
toronto_query_-5ryd5v5eXUsmP9y4p6w_g,transfer_1,5678,jpeg50,843,cph:175,toronto:346,15.680000,36.1773
toronto_query_-5ryd5v5eXUsmP9y4p6w_g,transfer_2,5678,jpeg50,594,toronto:421,toronto:346,15.680000,36.1773
toronto_query_-5ryd5v5eXUsmP9y4p6w_g,transfer_3,5678,jpeg50,208,amman:15,toronto:346,15.680000,36.1773
toronto_query_-5ryd5v5eXUsmP9y4p6w_g,isotropic,9012,jpeg50,528,cph:175,toronto:346,15.679998,36.1773
toronto_query_-5ryd5v5eXUsmP9y4p6w_g,white_box,9012,jpeg50,1561,nairobi:10,toronto:346,15.680002,36.1773
toronto_query_-5ryd5v5eXUsmP9y4p6w_g,transfer_1,9012,jpeg50,741,cph:175,toronto:346,15.680005,36.1773
toronto_query_-5ryd5v5eXUsmP9y4p6w_g,transfer_2,9012,jpeg50,442,toronto:426,toronto:346,15.680000,36.1773
toronto_query_-5ryd5v5eXUsmP9y4p6w_g,transfer_3,9012,jpeg50,188,amman:15,toronto:346,15.680001,36.1773
zurich_query_-Bz7by7mnVU_HZbXc8FmpQ,isotropic,5678,jpeg50,3,toronto:351,zurich:111,15.679998,36.1773
zurich_query_-Bz7by7mnVU_HZbXc8FmpQ,white_box,5678,jpeg50,111,toronto:354,zurich:111,15.679997,36.1773
zurich_query_-Bz7by7mnVU_HZbXc8FmpQ,transfer_1,5678,jpeg50,3,toronto:351,zurich:111,15.680002,36.1773
zurich_query_-Bz7by7mnVU_HZbXc8FmpQ,transfer_2,5678,jpeg50,3,toronto:351,zurich:111,15.680002,36.1773
zurich_query_-Bz7by7mnVU_HZbXc8FmpQ,transfer_3,5678,jpeg50,5,toronto:351,zurich:111,15.680004,36.1773
zurich_query_-Bz7by7mnVU_HZbXc8FmpQ,isotropic,9012,jpeg50,4,toronto:351,zurich:111,15.680000,36.1773
zurich_query_-Bz7by7mnVU_HZbXc8FmpQ,white_box,9012,jpeg50,85,toronto:354,zurich:111,15.679997,36.1773
zurich_query_-Bz7by7mnVU_HZbXc8FmpQ,transfer_1,9012,jpeg50,3,toronto:351,zurich:111,15.679998,36.1773
zurich_query_-Bz7by7mnVU_HZbXc8FmpQ,transfer_2,9012,jpeg50,10,toronto:351,zurich:111,15.679991,36.1773
zurich_query_-Bz7by7mnVU_HZbXc8FmpQ,transfer_3,9012,jpeg50,14,toronto:351,zurich:111,15.680009,36.1773
amman_query_-N1g8CEJP4UIaWH8Qqja2g,isotropic,5678,jpeg50,20,amman:11,amman:26,15.679997,36.1773
amman_query_-N1g8CEJP4UIaWH8Qqja2g,white_box,5678,jpeg50,159,manila:143,amman:26,15.680001,36.1773
amman_query_-N1g8CEJP4UIaWH8Qqja2g,transfer_1,5678,jpeg50,35,amman:21,amman:26,15.679989,36.1773
amman_query_-N1g8CEJP4UIaWH8Qqja2g,transfer_2,5678,jpeg50,45,amman:21,amman:26,15.680000,36.1773
amman_query_-N1g8CEJP4UIaWH8Qqja2g,transfer_3,5678,jpeg50,41,amman:11,amman:26,15.680000,36.1773
amman_query_-N1g8CEJP4UIaWH8Qqja2g,isotropic,9012,jpeg50,31,amman:11,amman:26,15.679998,36.1773
amman_query_-N1g8CEJP4UIaWH8Qqja2g,white_box,9012,jpeg50,93,manila:143,amman:26,15.680000,36.1773
amman_query_-N1g8CEJP4UIaWH8Qqja2g,transfer_1,9012,jpeg50,45,amman:11,amman:26,15.680002,36.1773
amman_query_-N1g8CEJP4UIaWH8Qqja2g,transfer_2,9012,jpeg50,69,amman:36,amman:26,15.679998,36.1773
amman_query_-N1g8CEJP4UIaWH8Qqja2g,transfer_3,9012,jpeg50,46,amman:11,amman:26,15.679998,36.1773
boston_query_-7KZUz5u8-7ja98pf8etVA,isotropic,5678,jpeg50,546,boston:79,boston:176,15.680001,36.1773
boston_query_-7KZUz5u8-7ja98pf8etVA,white_box,5678,jpeg50,1783,toronto:55,boston:176,15.680001,36.1773
boston_query_-7KZUz5u8-7ja98pf8etVA,transfer_1,5678,jpeg50,621,boston:234,boston:176,15.679998,36.1773
boston_query_-7KZUz5u8-7ja98pf8etVA,transfer_2,5678,jpeg50,635,boston:98,boston:176,15.679998,36.1773
boston_query_-7KZUz5u8-7ja98pf8etVA,transfer_3,5678,jpeg50,527,boston:79,boston:176,15.680002,36.1773
boston_query_-7KZUz5u8-7ja98pf8etVA,isotropic,9012,jpeg50,584,boston:98,boston:176,15.679997,36.1773
boston_query_-7KZUz5u8-7ja98pf8etVA,white_box,9012,jpeg50,1767,toronto:55,boston:176,15.679998,36.1773
boston_query_-7KZUz5u8-7ja98pf8etVA,transfer_1,9012,jpeg50,650,boston:98,boston:176,15.680002,36.1773
boston_query_-7KZUz5u8-7ja98pf8etVA,transfer_2,9012,jpeg50,667,boston:234,boston:176,15.679997,36.1773
boston_query_-7KZUz5u8-7ja98pf8etVA,transfer_3,9012,jpeg50,757,boston:234,boston:176,15.679997,36.1773
cph_query_-3uNzD-M1uI2jZeGqOkpXg,isotropic,5678,jpeg50,208,london:78,cph:7,15.680000,36.1773
cph_query_-3uNzD-M1uI2jZeGqOkpXg,white_box,5678,jpeg50,957,manila:189,cph:7,15.679997,36.1773
cph_query_-3uNzD-M1uI2jZeGqOkpXg,transfer_1,5678,jpeg50,177,london:78,cph:7,15.679997,36.1773
cph_query_-3uNzD-M1uI2jZeGqOkpXg,transfer_2,5678,jpeg50,329,boston:239,cph:7,15.679996,36.1773
cph_query_-3uNzD-M1uI2jZeGqOkpXg,transfer_3,5678,jpeg50,175,london:78,cph:7,15.679998,36.1773
cph_query_-3uNzD-M1uI2jZeGqOkpXg,isotropic,9012,jpeg50,244,london:78,cph:7,15.680000,36.1773
cph_query_-3uNzD-M1uI2jZeGqOkpXg,white_box,9012,jpeg50,984,zurich:65,cph:7,15.679995,36.1773
cph_query_-3uNzD-M1uI2jZeGqOkpXg,transfer_1,9012,jpeg50,159,london:78,cph:7,15.680002,36.1773
cph_query_-3uNzD-M1uI2jZeGqOkpXg,transfer_2,9012,jpeg50,149,london:78,cph:7,15.679995,36.1773
cph_query_-3uNzD-M1uI2jZeGqOkpXg,transfer_3,9012,jpeg50,149,london:78,cph:7,15.680002,36.1773
london_query_-9FGszdwftnBlzMuP0c_NQ,isotropic,5678,jpeg50,1,london:18,london:18,15.680000,36.1773
london_query_-9FGszdwftnBlzMuP0c_NQ,white_box,5678,jpeg50,202,manila:92,london:18,15.680001,36.1773
london_query_-9FGszdwftnBlzMuP0c_NQ,transfer_1,5678,jpeg50,2,toronto:273,london:18,15.679998,36.1773
london_query_-9FGszdwftnBlzMuP0c_NQ,transfer_2,5678,jpeg50,1,london:18,london:18,15.679995,36.1773
london_query_-9FGszdwftnBlzMuP0c_NQ,transfer_3,5678,jpeg50,1,london:18,london:18,15.680000,36.1773
london_query_-9FGszdwftnBlzMuP0c_NQ,isotropic,9012,jpeg50,1,london:18,london:18,15.680000,36.1773
london_query_-9FGszdwftnBlzMuP0c_NQ,white_box,9012,jpeg50,181,manila:92,london:18,15.679995,36.1773
london_query_-9FGszdwftnBlzMuP0c_NQ,transfer_1,9012,jpeg50,1,london:18,london:18,15.679993,36.1773
london_query_-9FGszdwftnBlzMuP0c_NQ,transfer_2,9012,jpeg50,1,london:18,london:18,15.680000,36.1773
london_query_-9FGszdwftnBlzMuP0c_NQ,transfer_3,9012,jpeg50,1,london:18,london:18,15.680000,36.1773
manila_query_-6_XaKv0Rrp2Jl0G9m_8NQ,isotropic,5678,jpeg50,27,nairobi:12,manila:88,15.679997,36.1773
manila_query_-6_XaKv0Rrp2Jl0G9m_8NQ,white_box,5678,jpeg50,1725,amman:23,manila:88,15.679998,36.1773
manila_query_-6_XaKv0Rrp2Jl0G9m_8NQ,transfer_1,5678,jpeg50,47,nairobi:12,manila:88,15.680000,36.1773
manila_query_-6_XaKv0Rrp2Jl0G9m_8NQ,transfer_2,5678,jpeg50,83,nairobi:12,manila:88,15.680000,36.1773
manila_query_-6_XaKv0Rrp2Jl0G9m_8NQ,transfer_3,5678,jpeg50,284,manila:143,manila:88,15.679991,36.1773
manila_query_-6_XaKv0Rrp2Jl0G9m_8NQ,isotropic,9012,jpeg50,72,nairobi:12,manila:88,15.679998,36.1773
manila_query_-6_XaKv0Rrp2Jl0G9m_8NQ,white_box,9012,jpeg50,1607,amman:23,manila:88,15.679995,36.1773
manila_query_-6_XaKv0Rrp2Jl0G9m_8NQ,transfer_1,9012,jpeg50,59,manila:181,manila:88,15.680001,36.1773
manila_query_-6_XaKv0Rrp2Jl0G9m_8NQ,transfer_2,9012,jpeg50,53,manila:181,manila:88,15.679995,36.1773
manila_query_-6_XaKv0Rrp2Jl0G9m_8NQ,transfer_3,9012,jpeg50,337,manila:143,manila:88,15.679998,36.1773
nairobi_query_01juXwMfxX_a4pfhpqt66g,isotropic,5678,jpeg50,51,cph:345,nairobi:10,15.679997,36.1773
nairobi_query_01juXwMfxX_a4pfhpqt66g,white_box,5678,jpeg50,152,nairobi:1,nairobi:10,15.679993,36.1773
nairobi_query_01juXwMfxX_a4pfhpqt66g,transfer_1,5678,jpeg50,127,manila:72,nairobi:10,15.680000,36.1773
nairobi_query_01juXwMfxX_a4pfhpqt66g,transfer_2,5678,jpeg50,98,nairobi:20,nairobi:10,15.680000,36.1773
nairobi_query_01juXwMfxX_a4pfhpqt66g,transfer_3,5678,jpeg50,44,london:85,nairobi:10,15.679998,36.1773
nairobi_query_01juXwMfxX_a4pfhpqt66g,isotropic,9012,jpeg50,71,nairobi:20,nairobi:10,15.680001,36.1773
nairobi_query_01juXwMfxX_a4pfhpqt66g,white_box,9012,jpeg50,222,manila:143,nairobi:10,15.680000,36.1773
nairobi_query_01juXwMfxX_a4pfhpqt66g,transfer_1,9012,jpeg50,105,london:85,nairobi:10,15.680005,36.1773
nairobi_query_01juXwMfxX_a4pfhpqt66g,transfer_2,9012,jpeg50,88,london:85,nairobi:10,15.680005,36.1773
nairobi_query_01juXwMfxX_a4pfhpqt66g,transfer_3,9012,jpeg50,177,cph:345,nairobi:10,15.679998,36.1773
toronto_query_-5z50PgNYnxK8Ns2WmF_TQ,isotropic,5678,jpeg50,39,zurich:42,toronto:301,15.679997,36.1773
toronto_query_-5z50PgNYnxK8Ns2WmF_TQ,white_box,5678,jpeg50,212,cph:279,toronto:301,15.680002,36.1773
toronto_query_-5z50PgNYnxK8Ns2WmF_TQ,transfer_1,5678,jpeg50,42,zurich:42,toronto:301,15.680001,36.1773
toronto_query_-5z50PgNYnxK8Ns2WmF_TQ,transfer_2,5678,jpeg50,141,toronto:244,toronto:301,15.679996,36.1773
toronto_query_-5z50PgNYnxK8Ns2WmF_TQ,transfer_3,5678,jpeg50,174,toronto:55,toronto:301,15.680004,36.1773
toronto_query_-5z50PgNYnxK8Ns2WmF_TQ,isotropic,9012,jpeg50,62,zurich:42,toronto:301,15.680000,36.1773
toronto_query_-5z50PgNYnxK8Ns2WmF_TQ,white_box,9012,jpeg50,150,cph:279,toronto:301,15.679995,36.1773
toronto_query_-5z50PgNYnxK8Ns2WmF_TQ,transfer_1,9012,jpeg50,191,zurich:42,toronto:301,15.680000,36.1773
toronto_query_-5z50PgNYnxK8Ns2WmF_TQ,transfer_2,9012,jpeg50,78,toronto:244,toronto:301,15.679998,36.1773
toronto_query_-5z50PgNYnxK8Ns2WmF_TQ,transfer_3,9012,jpeg50,82,toronto:244,toronto:301,15.679992,36.1773
zurich_query_-D3dDkhM5rjIJhj1SPdroA,isotropic,5678,jpeg50,58,cph:271,zurich:96,15.680001,36.1773
zurich_query_-D3dDkhM5rjIJhj1SPdroA,white_box,5678,jpeg50,926,london:68,zurich:96,15.679998,36.1773
zurich_query_-D3dDkhM5rjIJhj1SPdroA,transfer_1,5678,jpeg50,129,cph:271,zurich:96,15.679998,36.1773
zurich_query_-D3dDkhM5rjIJhj1SPdroA,transfer_2,5678,jpeg50,137,zurich:35,zurich:96,15.680000,36.1773
zurich_query_-D3dDkhM5rjIJhj1SPdroA,transfer_3,5678,jpeg50,266,zurich:35,zurich:96,15.680000,36.1773
zurich_query_-D3dDkhM5rjIJhj1SPdroA,isotropic,9012,jpeg50,70,cph:271,zurich:96,15.680000,36.1773
zurich_query_-D3dDkhM5rjIJhj1SPdroA,white_box,9012,jpeg50,802,toronto:200,zurich:96,15.679995,36.1773
zurich_query_-D3dDkhM5rjIJhj1SPdroA,transfer_1,9012,jpeg50,81,cph:271,zurich:96,15.680000,36.1773
zurich_query_-D3dDkhM5rjIJhj1SPdroA,transfer_2,9012,jpeg50,115,zurich:35,zurich:96,15.680000,36.1773
zurich_query_-D3dDkhM5rjIJhj1SPdroA,transfer_3,9012,jpeg50,274,cph:271,zurich:96,15.680002,36.1773
amman_query_-VdxqGX8d8L_OiSEN5CtDw,isotropic,5678,jpeg50,430,amman:23,amman:0,15.680000,36.1773
amman_query_-VdxqGX8d8L_OiSEN5CtDw,white_box,5678,jpeg50,539,boston:244,amman:0,15.680001,36.1773
amman_query_-VdxqGX8d8L_OiSEN5CtDw,transfer_1,5678,jpeg50,172,manila:181,amman:0,15.680005,36.1773
amman_query_-VdxqGX8d8L_OiSEN5CtDw,transfer_2,5678,jpeg50,481,amman:32,amman:0,15.680001,36.1773
amman_query_-VdxqGX8d8L_OiSEN5CtDw,transfer_3,5678,jpeg50,524,amman:11,amman:0,15.679992,36.1773
amman_query_-VdxqGX8d8L_OiSEN5CtDw,isotropic,9012,jpeg50,264,amman:11,amman:0,15.679998,36.1773
amman_query_-VdxqGX8d8L_OiSEN5CtDw,white_box,9012,jpeg50,596,manila:181,amman:0,15.679992,36.1773
amman_query_-VdxqGX8d8L_OiSEN5CtDw,transfer_1,9012,jpeg50,162,amman:23,amman:0,15.679991,36.1773
amman_query_-VdxqGX8d8L_OiSEN5CtDw,transfer_2,9012,jpeg50,504,amman:30,amman:0,15.680001,36.1773
amman_query_-VdxqGX8d8L_OiSEN5CtDw,transfer_3,9012,jpeg50,406,amman:11,amman:0,15.680004,36.1773
boston_query_-8cIAPzC7_za-xCEWsIoK2,isotropic,5678,jpeg50,15,boston:168,boston:248,15.680000,36.1773
boston_query_-8cIAPzC7_za-xCEWsIoK2,white_box,5678,jpeg50,422,manila:51,boston:248,15.679997,36.1773
boston_query_-8cIAPzC7_za-xCEWsIoK2,transfer_1,5678,jpeg50,7,cph:464,boston:248,15.679997,36.1773
boston_query_-8cIAPzC7_za-xCEWsIoK2,transfer_2,5678,jpeg50,18,boston:168,boston:248,15.679998,36.1773
boston_query_-8cIAPzC7_za-xCEWsIoK2,transfer_3,5678,jpeg50,15,amman:12,boston:248,15.679995,36.1773
boston_query_-8cIAPzC7_za-xCEWsIoK2,isotropic,9012,jpeg50,9,cph:375,boston:248,15.679996,36.1773
boston_query_-8cIAPzC7_za-xCEWsIoK2,white_box,9012,jpeg50,472,manila:51,boston:248,15.680005,36.1773
boston_query_-8cIAPzC7_za-xCEWsIoK2,transfer_1,9012,jpeg50,13,boston:168,boston:248,15.679993,36.1773
boston_query_-8cIAPzC7_za-xCEWsIoK2,transfer_2,9012,jpeg50,23,cph:464,boston:248,15.680000,36.1773
boston_query_-8cIAPzC7_za-xCEWsIoK2,transfer_3,9012,jpeg50,51,boston:168,boston:248,15.680000,36.1773
cph_query_-4KruxIYZ3a3GYE0tOKn2w,isotropic,5678,jpeg50,30,cph:370,cph:333,15.680001,36.1773
cph_query_-4KruxIYZ3a3GYE0tOKn2w,white_box,5678,jpeg50,531,zurich:99,cph:333,15.680001,36.1773
cph_query_-4KruxIYZ3a3GYE0tOKn2w,transfer_1,5678,jpeg50,29,cph:370,cph:333,15.680001,36.1773
cph_query_-4KruxIYZ3a3GYE0tOKn2w,transfer_2,5678,jpeg50,35,cph:370,cph:333,15.680000,36.1773
cph_query_-4KruxIYZ3a3GYE0tOKn2w,transfer_3,5678,jpeg50,70,cph:370,cph:333,15.679997,36.1773
cph_query_-4KruxIYZ3a3GYE0tOKn2w,isotropic,9012,jpeg50,33,cph:370,cph:333,15.679997,36.1773
cph_query_-4KruxIYZ3a3GYE0tOKn2w,white_box,9012,jpeg50,510,london:34,cph:333,15.680000,36.1773
cph_query_-4KruxIYZ3a3GYE0tOKn2w,transfer_1,9012,jpeg50,26,cph:370,cph:333,15.680000,36.1773
cph_query_-4KruxIYZ3a3GYE0tOKn2w,transfer_2,9012,jpeg50,32,cph:370,cph:333,15.679998,36.1773
cph_query_-4KruxIYZ3a3GYE0tOKn2w,transfer_3,9012,jpeg50,43,cph:370,cph:333,15.679998,36.1773
london_query_-9KgeyegI3TaGMqglsDENg,isotropic,5678,jpeg50,1,london:111,london:111,15.679998,36.1773
london_query_-9KgeyegI3TaGMqglsDENg,white_box,5678,jpeg50,1,london:111,london:111,15.680001,36.1773
london_query_-9KgeyegI3TaGMqglsDENg,transfer_1,5678,jpeg50,1,london:111,london:111,15.680000,36.1773
london_query_-9KgeyegI3TaGMqglsDENg,transfer_2,5678,jpeg50,1,london:111,london:111,15.679998,36.1773
london_query_-9KgeyegI3TaGMqglsDENg,transfer_3,5678,jpeg50,1,london:111,london:111,15.680004,36.1773
london_query_-9KgeyegI3TaGMqglsDENg,isotropic,9012,jpeg50,1,london:111,london:111,15.680000,36.1773
london_query_-9KgeyegI3TaGMqglsDENg,white_box,9012,jpeg50,1,london:111,london:111,15.679995,36.1773
london_query_-9KgeyegI3TaGMqglsDENg,transfer_1,9012,jpeg50,1,london:111,london:111,15.679998,36.1773
london_query_-9KgeyegI3TaGMqglsDENg,transfer_2,9012,jpeg50,1,london:111,london:111,15.679998,36.1773
london_query_-9KgeyegI3TaGMqglsDENg,transfer_3,9012,jpeg50,1,london:111,london:111,15.680000,36.1773
manila_query_-7YHsOWBiYFmYcRzIM0ijg,isotropic,5678,jpeg50,4,zurich:42,manila:92,15.679998,36.1773
manila_query_-7YHsOWBiYFmYcRzIM0ijg,white_box,5678,jpeg50,731,london:111,manila:92,15.680000,36.1773
manila_query_-7YHsOWBiYFmYcRzIM0ijg,transfer_1,5678,jpeg50,2,manila:181,manila:92,15.679997,36.1773
manila_query_-7YHsOWBiYFmYcRzIM0ijg,transfer_2,5678,jpeg50,6,london:111,manila:92,15.679998,36.1773
manila_query_-7YHsOWBiYFmYcRzIM0ijg,transfer_3,5678,jpeg50,3,manila:89,manila:92,15.679998,36.1773
manila_query_-7YHsOWBiYFmYcRzIM0ijg,isotropic,9012,jpeg50,3,manila:181,manila:92,15.679998,36.1773
manila_query_-7YHsOWBiYFmYcRzIM0ijg,white_box,9012,jpeg50,622,london:111,manila:92,15.680000,36.1773
manila_query_-7YHsOWBiYFmYcRzIM0ijg,transfer_1,9012,jpeg50,3,manila:181,manila:92,15.679998,36.1773
manila_query_-7YHsOWBiYFmYcRzIM0ijg,transfer_2,9012,jpeg50,4,london:111,manila:92,15.679995,36.1773
manila_query_-7YHsOWBiYFmYcRzIM0ijg,transfer_3,9012,jpeg50,8,manila:181,manila:92,15.679996,36.1773
nairobi_query_09aysNUjwNAPHsHo-R-IdA,isotropic,5678,jpeg50,3,nairobi:10,nairobi:21,15.680000,36.1773
nairobi_query_09aysNUjwNAPHsHo-R-IdA,white_box,5678,jpeg50,514,manila:106,nairobi:21,15.679993,36.1773
nairobi_query_09aysNUjwNAPHsHo-R-IdA,transfer_1,5678,jpeg50,3,amman:32,nairobi:21,15.679998,36.1773
nairobi_query_09aysNUjwNAPHsHo-R-IdA,transfer_2,5678,jpeg50,9,amman:32,nairobi:21,15.679998,36.1773
nairobi_query_09aysNUjwNAPHsHo-R-IdA,transfer_3,5678,jpeg50,2,nairobi:10,nairobi:21,15.680005,36.1773
nairobi_query_09aysNUjwNAPHsHo-R-IdA,isotropic,9012,jpeg50,2,nairobi:22,nairobi:21,15.680000,36.1773
nairobi_query_09aysNUjwNAPHsHo-R-IdA,white_box,9012,jpeg50,387,manila:106,nairobi:21,15.680009,36.1773
nairobi_query_09aysNUjwNAPHsHo-R-IdA,transfer_1,9012,jpeg50,1,nairobi:21,nairobi:21,15.679996,36.1773
nairobi_query_09aysNUjwNAPHsHo-R-IdA,transfer_2,9012,jpeg50,2,nairobi:10,nairobi:21,15.679998,36.1773
nairobi_query_09aysNUjwNAPHsHo-R-IdA,transfer_3,9012,jpeg50,3,nairobi:10,nairobi:21,15.680000,36.1773
toronto_query_-68JeZKxV2XoP0N_6780Og,isotropic,5678,jpeg50,12,boston:191,toronto:55,15.679997,36.1773
toronto_query_-68JeZKxV2XoP0N_6780Og,white_box,5678,jpeg50,5,amman:35,toronto:55,15.679997,36.1773
toronto_query_-68JeZKxV2XoP0N_6780Og,transfer_1,5678,jpeg50,6,zurich:35,toronto:55,15.679993,36.1773
toronto_query_-68JeZKxV2XoP0N_6780Og,transfer_2,5678,jpeg50,8,boston:191,toronto:55,15.680002,36.1773
toronto_query_-68JeZKxV2XoP0N_6780Og,transfer_3,5678,jpeg50,47,zurich:35,toronto:55,15.680002,36.1773
toronto_query_-68JeZKxV2XoP0N_6780Og,isotropic,9012,jpeg50,10,boston:191,toronto:55,15.680000,36.1773
toronto_query_-68JeZKxV2XoP0N_6780Og,white_box,9012,jpeg50,7,amman:35,toronto:55,15.679989,36.1773
toronto_query_-68JeZKxV2XoP0N_6780Og,transfer_1,9012,jpeg50,11,zurich:35,toronto:55,15.680005,36.1773
toronto_query_-68JeZKxV2XoP0N_6780Og,transfer_2,9012,jpeg50,5,zurich:35,toronto:55,15.679998,36.1773
toronto_query_-68JeZKxV2XoP0N_6780Og,transfer_3,9012,jpeg50,20,zurich:35,toronto:55,15.679998,36.1773
zurich_query_-E0qyEWY7jSPMOpGqiEG-A,isotropic,5678,jpeg50,12,london:121,zurich:7,15.679997,36.1773
zurich_query_-E0qyEWY7jSPMOpGqiEG-A,white_box,5678,jpeg50,42,london:121,zurich:7,15.680001,36.1773
zurich_query_-E0qyEWY7jSPMOpGqiEG-A,transfer_1,5678,jpeg50,17,london:121,zurich:7,15.679998,36.1773
zurich_query_-E0qyEWY7jSPMOpGqiEG-A,transfer_2,5678,jpeg50,22,london:121,zurich:7,15.679998,36.1773
zurich_query_-E0qyEWY7jSPMOpGqiEG-A,transfer_3,5678,jpeg50,8,london:121,zurich:7,15.680002,36.1773
zurich_query_-E0qyEWY7jSPMOpGqiEG-A,isotropic,9012,jpeg50,11,london:121,zurich:7,15.680000,36.1773
zurich_query_-E0qyEWY7jSPMOpGqiEG-A,white_box,9012,jpeg50,40,london:121,zurich:7,15.679997,36.1773
zurich_query_-E0qyEWY7jSPMOpGqiEG-A,transfer_1,9012,jpeg50,15,london:121,zurich:7,15.679997,36.1773
zurich_query_-E0qyEWY7jSPMOpGqiEG-A,transfer_2,9012,jpeg50,16,london:121,zurich:7,15.680002,36.1773
zurich_query_-E0qyEWY7jSPMOpGqiEG-A,transfer_3,9012,jpeg50,12,london:121,zurich:7,15.680001,36.1773
amman_query_-XWB_1fOm8NW5dQx9p5IKg,isotropic,5678,jpeg50,705,amman:30,amman:35,15.680000,36.1773
amman_query_-XWB_1fOm8NW5dQx9p5IKg,white_box,5678,jpeg50,1243,london:34,amman:35,15.679995,36.1773
amman_query_-XWB_1fOm8NW5dQx9p5IKg,transfer_1,5678,jpeg50,721,amman:30,amman:35,15.680002,36.1773
amman_query_-XWB_1fOm8NW5dQx9p5IKg,transfer_2,5678,jpeg50,618,amman:30,amman:35,15.679997,36.1773
amman_query_-XWB_1fOm8NW5dQx9p5IKg,transfer_3,5678,jpeg50,437,amman:30,amman:35,15.679997,36.1773
amman_query_-XWB_1fOm8NW5dQx9p5IKg,isotropic,9012,jpeg50,546,amman:30,amman:35,15.679997,36.1773
amman_query_-XWB_1fOm8NW5dQx9p5IKg,white_box,9012,jpeg50,1223,toronto:273,amman:35,15.679995,36.1773
amman_query_-XWB_1fOm8NW5dQx9p5IKg,transfer_1,9012,jpeg50,415,amman:30,amman:35,15.679997,36.1773
amman_query_-XWB_1fOm8NW5dQx9p5IKg,transfer_2,9012,jpeg50,612,amman:30,amman:35,15.680005,36.1773
amman_query_-XWB_1fOm8NW5dQx9p5IKg,transfer_3,9012,jpeg50,626,amman:30,amman:35,15.679998,36.1773
boston_query_-9Lur-PAHqcMspWszAgfqw,isotropic,5678,jpeg50,28,zurich:13,boston:249,15.680000,36.1773
boston_query_-9Lur-PAHqcMspWszAgfqw,white_box,5678,jpeg50,14,london:2,boston:249,15.679997,36.1773
boston_query_-9Lur-PAHqcMspWszAgfqw,transfer_1,5678,jpeg50,15,zurich:42,boston:249,15.679997,36.1773
boston_query_-9Lur-PAHqcMspWszAgfqw,transfer_2,5678,jpeg50,21,zurich:42,boston:249,15.679995,36.1773
boston_query_-9Lur-PAHqcMspWszAgfqw,transfer_3,5678,jpeg50,13,zurich:42,boston:249,15.680000,36.1773
boston_query_-9Lur-PAHqcMspWszAgfqw,isotropic,9012,jpeg50,14,zurich:42,boston:249,15.679996,36.1773
boston_query_-9Lur-PAHqcMspWszAgfqw,white_box,9012,jpeg50,10,nairobi:15,boston:249,15.680000,36.1773
boston_query_-9Lur-PAHqcMspWszAgfqw,transfer_1,9012,jpeg50,11,zurich:42,boston:249,15.680002,36.1773
boston_query_-9Lur-PAHqcMspWszAgfqw,transfer_2,9012,jpeg50,11,zurich:42,boston:249,15.680001,36.1773
boston_query_-9Lur-PAHqcMspWszAgfqw,transfer_3,9012,jpeg50,9,zurich:42,boston:249,15.680000,36.1773
cph_query_-4RqBOkDhigU8JsdQZINkQ,isotropic,5678,jpeg50,1,cph:94,cph:94,15.680002,36.1773
cph_query_-4RqBOkDhigU8JsdQZINkQ,white_box,5678,jpeg50,1860,cph:345,cph:94,15.679998,36.1773
cph_query_-4RqBOkDhigU8JsdQZINkQ,transfer_1,5678,jpeg50,2,cph:254,cph:94,15.679997,36.1773
cph_query_-4RqBOkDhigU8JsdQZINkQ,transfer_2,5678,jpeg50,61,zurich:60,cph:94,15.679993,36.1773
cph_query_-4RqBOkDhigU8JsdQZINkQ,transfer_3,5678,jpeg50,173,zurich:60,cph:94,15.679997,36.1773
cph_query_-4RqBOkDhigU8JsdQZINkQ,isotropic,9012,jpeg50,1,cph:94,cph:94,15.679995,36.1773
cph_query_-4RqBOkDhigU8JsdQZINkQ,white_box,9012,jpeg50,1669,boston:90,cph:94,15.679998,36.1773
cph_query_-4RqBOkDhigU8JsdQZINkQ,transfer_1,9012,jpeg50,1,cph:94,cph:94,15.679998,36.1773
cph_query_-4RqBOkDhigU8JsdQZINkQ,transfer_2,9012,jpeg50,21,cph:254,cph:94,15.679997,36.1773
cph_query_-4RqBOkDhigU8JsdQZINkQ,transfer_3,9012,jpeg50,46,zurich:60,cph:94,15.680002,36.1773
london_query_-FGaYVNFN5ALUsVDNixL_g,isotropic,5678,jpeg50,1,london:122,london:122,15.680000,36.1773
london_query_-FGaYVNFN5ALUsVDNixL_g,white_box,5678,jpeg50,164,boston:239,london:122,15.680000,36.1773
london_query_-FGaYVNFN5ALUsVDNixL_g,transfer_1,5678,jpeg50,9,manila:153,london:122,15.680000,36.1773
london_query_-FGaYVNFN5ALUsVDNixL_g,transfer_2,5678,jpeg50,3,manila:153,london:122,15.679998,36.1773
london_query_-FGaYVNFN5ALUsVDNixL_g,transfer_3,5678,jpeg50,15,manila:153,london:122,15.680000,36.1773
london_query_-FGaYVNFN5ALUsVDNixL_g,isotropic,9012,jpeg50,2,manila:153,london:122,15.680000,36.1773
london_query_-FGaYVNFN5ALUsVDNixL_g,white_box,9012,jpeg50,77,manila:190,london:122,15.679997,36.1773
london_query_-FGaYVNFN5ALUsVDNixL_g,transfer_1,9012,jpeg50,4,manila:153,london:122,15.679998,36.1773
london_query_-FGaYVNFN5ALUsVDNixL_g,transfer_2,9012,jpeg50,8,manila:153,london:122,15.680001,36.1773
london_query_-FGaYVNFN5ALUsVDNixL_g,transfer_3,9012,jpeg50,19,toronto:23,london:122,15.679998,36.1773
manila_query_-81llwEm_ZxNy7Sa7Xrjlw,isotropic,5678,jpeg50,15,cph:429,manila:53,15.679996,36.1773
manila_query_-81llwEm_ZxNy7Sa7Xrjlw,white_box,5678,jpeg50,1084,london:34,manila:53,15.680001,36.1773
manila_query_-81llwEm_ZxNy7Sa7Xrjlw,transfer_1,5678,jpeg50,2,cph:96,manila:53,15.679997,36.1773
manila_query_-81llwEm_ZxNy7Sa7Xrjlw,transfer_2,5678,jpeg50,2,cph:176,manila:53,15.680000,36.1773
manila_query_-81llwEm_ZxNy7Sa7Xrjlw,transfer_3,5678,jpeg50,1,manila:53,manila:53,15.679998,36.1773
manila_query_-81llwEm_ZxNy7Sa7Xrjlw,isotropic,9012,jpeg50,1,manila:53,manila:53,15.680000,36.1773
manila_query_-81llwEm_ZxNy7Sa7Xrjlw,white_box,9012,jpeg50,986,london:34,manila:53,15.679997,36.1773
manila_query_-81llwEm_ZxNy7Sa7Xrjlw,transfer_1,9012,jpeg50,2,cph:176,manila:53,15.679998,36.1773
manila_query_-81llwEm_ZxNy7Sa7Xrjlw,transfer_2,9012,jpeg50,6,cph:176,manila:53,15.680002,36.1773
manila_query_-81llwEm_ZxNy7Sa7Xrjlw,transfer_3,9012,jpeg50,2,zurich:48,manila:53,15.679995,36.1773
nairobi_query_0ByAmUG6wFySvLcHHQ0Sdg,isotropic,5678,jpeg50,14,nairobi:13,nairobi:10,15.680000,36.1773
nairobi_query_0ByAmUG6wFySvLcHHQ0Sdg,white_box,5678,jpeg50,15,toronto:23,nairobi:10,15.680000,36.1773
nairobi_query_0ByAmUG6wFySvLcHHQ0Sdg,transfer_1,5678,jpeg50,7,boston:216,nairobi:10,15.679998,36.1773
nairobi_query_0ByAmUG6wFySvLcHHQ0Sdg,transfer_2,5678,jpeg50,10,cph:459,nairobi:10,15.679992,36.1773
nairobi_query_0ByAmUG6wFySvLcHHQ0Sdg,transfer_3,5678,jpeg50,18,boston:216,nairobi:10,15.680000,36.1773
nairobi_query_0ByAmUG6wFySvLcHHQ0Sdg,isotropic,9012,jpeg50,12,nairobi:13,nairobi:10,15.680000,36.1773
nairobi_query_0ByAmUG6wFySvLcHHQ0Sdg,white_box,9012,jpeg50,2,nairobi:12,nairobi:10,15.680000,36.1773
nairobi_query_0ByAmUG6wFySvLcHHQ0Sdg,transfer_1,9012,jpeg50,11,boston:216,nairobi:10,15.680000,36.1773
nairobi_query_0ByAmUG6wFySvLcHHQ0Sdg,transfer_2,9012,jpeg50,20,manila:6,nairobi:10,15.680000,36.1773
nairobi_query_0ByAmUG6wFySvLcHHQ0Sdg,transfer_3,9012,jpeg50,17,cph:459,nairobi:10,15.680000,36.1773
toronto_query_-6ZIqrL48IaL1dCCO7bDVQ,isotropic,5678,jpeg50,1,toronto:351,toronto:351,15.680000,36.1773
toronto_query_-6ZIqrL48IaL1dCCO7bDVQ,white_box,5678,jpeg50,35,toronto:354,toronto:351,15.679997,36.1773
toronto_query_-6ZIqrL48IaL1dCCO7bDVQ,transfer_1,5678,jpeg50,1,toronto:351,toronto:351,15.680002,36.1773
toronto_query_-6ZIqrL48IaL1dCCO7bDVQ,transfer_2,5678,jpeg50,1,toronto:351,toronto:351,15.680000,36.1773
toronto_query_-6ZIqrL48IaL1dCCO7bDVQ,transfer_3,5678,jpeg50,3,amman:4,toronto:351,15.679998,36.1773
toronto_query_-6ZIqrL48IaL1dCCO7bDVQ,isotropic,9012,jpeg50,1,toronto:351,toronto:351,15.680000,36.1773
toronto_query_-6ZIqrL48IaL1dCCO7bDVQ,white_box,9012,jpeg50,70,toronto:354,toronto:351,15.680015,36.1773
toronto_query_-6ZIqrL48IaL1dCCO7bDVQ,transfer_1,9012,jpeg50,1,toronto:351,toronto:351,15.679995,36.1773
toronto_query_-6ZIqrL48IaL1dCCO7bDVQ,transfer_2,9012,jpeg50,1,toronto:351,toronto:351,15.679998,36.1773
toronto_query_-6ZIqrL48IaL1dCCO7bDVQ,transfer_3,9012,jpeg50,2,toronto:346,toronto:351,15.679997,36.1773
zurich_query_-F7hOUVha_xHAoDddsUYdw,isotropic,5678,jpeg50,1270,toronto:85,zurich:99,15.680000,36.1773
zurich_query_-F7hOUVha_xHAoDddsUYdw,white_box,5678,jpeg50,1624,zurich:23,zurich:99,15.680002,36.1773
zurich_query_-F7hOUVha_xHAoDddsUYdw,transfer_1,5678,jpeg50,1080,boston:79,zurich:99,15.680000,36.1773
zurich_query_-F7hOUVha_xHAoDddsUYdw,transfer_2,5678,jpeg50,1344,boston:79,zurich:99,15.680000,36.1773
zurich_query_-F7hOUVha_xHAoDddsUYdw,transfer_3,5678,jpeg50,1223,boston:250,zurich:99,15.679998,36.1773
zurich_query_-F7hOUVha_xHAoDddsUYdw,isotropic,9012,jpeg50,1215,toronto:85,zurich:99,15.679996,36.1773
zurich_query_-F7hOUVha_xHAoDddsUYdw,white_box,9012,jpeg50,1700,zurich:23,zurich:99,15.680002,36.1773
zurich_query_-F7hOUVha_xHAoDddsUYdw,transfer_1,9012,jpeg50,1401,boston:79,zurich:99,15.679997,36.1773
zurich_query_-F7hOUVha_xHAoDddsUYdw,transfer_2,9012,jpeg50,1188,boston:79,zurich:99,15.679998,36.1773
zurich_query_-F7hOUVha_xHAoDddsUYdw,transfer_3,9012,jpeg50,1414,boston:250,zurich:99,15.680000,36.1773
amman_query_-iXxlTRmA5JphamcIjxBbA,isotropic,5678,jpeg50,16,amman:25,amman:11,15.679998,36.1773
amman_query_-iXxlTRmA5JphamcIjxBbA,white_box,5678,jpeg50,189,toronto:301,amman:11,15.679995,36.1773
amman_query_-iXxlTRmA5JphamcIjxBbA,transfer_1,5678,jpeg50,33,amman:1,amman:11,15.679995,36.1773
amman_query_-iXxlTRmA5JphamcIjxBbA,transfer_2,5678,jpeg50,42,amman:6,amman:11,15.680000,36.1773
amman_query_-iXxlTRmA5JphamcIjxBbA,transfer_3,5678,jpeg50,27,amman:1,amman:11,15.679998,36.1773
amman_query_-iXxlTRmA5JphamcIjxBbA,isotropic,9012,jpeg50,26,amman:25,amman:11,15.680000,36.1773
amman_query_-iXxlTRmA5JphamcIjxBbA,white_box,9012,jpeg50,161,amman:1,amman:11,15.679998,36.1773
amman_query_-iXxlTRmA5JphamcIjxBbA,transfer_1,9012,jpeg50,52,amman:1,amman:11,15.680005,36.1773
amman_query_-iXxlTRmA5JphamcIjxBbA,transfer_2,9012,jpeg50,38,amman:1,amman:11,15.680000,36.1773
amman_query_-iXxlTRmA5JphamcIjxBbA,transfer_3,9012,jpeg50,42,amman:1,amman:11,15.679995,36.1773
boston_query_-9gbUk-DmX9AOqntuN1nEm,isotropic,5678,jpeg50,135,boston:191,boston:168,15.680000,36.1773
boston_query_-9gbUk-DmX9AOqntuN1nEm,white_box,5678,jpeg50,655,boston:234,boston:168,15.679997,36.1773
boston_query_-9gbUk-DmX9AOqntuN1nEm,transfer_1,5678,jpeg50,249,cph:271,boston:168,15.679991,36.1773
boston_query_-9gbUk-DmX9AOqntuN1nEm,transfer_2,5678,jpeg50,234,zurich:42,boston:168,15.679996,36.1773
boston_query_-9gbUk-DmX9AOqntuN1nEm,transfer_3,5678,jpeg50,193,nairobi:22,boston:168,15.680002,36.1773
boston_query_-9gbUk-DmX9AOqntuN1nEm,isotropic,9012,jpeg50,262,boston:191,boston:168,15.679997,36.1773
boston_query_-9gbUk-DmX9AOqntuN1nEm,white_box,9012,jpeg50,773,zurich:94,boston:168,15.679998,36.1773
boston_query_-9gbUk-DmX9AOqntuN1nEm,transfer_1,9012,jpeg50,182,cph:271,boston:168,15.680000,36.1773
boston_query_-9gbUk-DmX9AOqntuN1nEm,transfer_2,9012,jpeg50,211,cph:271,boston:168,15.679997,36.1773
boston_query_-9gbUk-DmX9AOqntuN1nEm,transfer_3,9012,jpeg50,338,boston:191,boston:168,15.679998,36.1773
cph_query_-4XnD9qE623teR-nRYxB5A,isotropic,5678,jpeg50,1,cph:190,cph:190,15.679998,36.1773
cph_query_-4XnD9qE623teR-nRYxB5A,white_box,5678,jpeg50,62,manila:143,cph:190,15.680000,36.1773
cph_query_-4XnD9qE623teR-nRYxB5A,transfer_1,5678,jpeg50,1,cph:190,cph:190,15.679995,36.1773
cph_query_-4XnD9qE623teR-nRYxB5A,transfer_2,5678,jpeg50,1,cph:190,cph:190,15.680000,36.1773
cph_query_-4XnD9qE623teR-nRYxB5A,transfer_3,5678,jpeg50,2,london:122,cph:190,15.680000,36.1773
cph_query_-4XnD9qE623teR-nRYxB5A,isotropic,9012,jpeg50,1,cph:190,cph:190,15.679996,36.1773
cph_query_-4XnD9qE623teR-nRYxB5A,white_box,9012,jpeg50,62,manila:143,cph:190,15.680000,36.1773
cph_query_-4XnD9qE623teR-nRYxB5A,transfer_1,9012,jpeg50,1,cph:190,cph:190,15.680000,36.1773
cph_query_-4XnD9qE623teR-nRYxB5A,transfer_2,9012,jpeg50,3,boston:123,cph:190,15.680005,36.1773
cph_query_-4XnD9qE623teR-nRYxB5A,transfer_3,9012,jpeg50,1,cph:190,cph:190,15.679997,36.1773
london_query_-Flts9XBA2wVlru8_LHbkg,isotropic,5678,jpeg50,627,toronto:112,london:111,15.679997,36.1773
london_query_-Flts9XBA2wVlru8_LHbkg,white_box,5678,jpeg50,1577,nairobi:3,london:111,15.680000,36.1773
london_query_-Flts9XBA2wVlru8_LHbkg,transfer_1,5678,jpeg50,741,toronto:112,london:111,15.679998,36.1773
london_query_-Flts9XBA2wVlru8_LHbkg,transfer_2,5678,jpeg50,823,manila:181,london:111,15.680000,36.1773
london_query_-Flts9XBA2wVlru8_LHbkg,transfer_3,5678,jpeg50,1011,cph:33,london:111,15.679998,36.1773
london_query_-Flts9XBA2wVlru8_LHbkg,isotropic,9012,jpeg50,609,cph:460,london:111,15.680001,36.1773
london_query_-Flts9XBA2wVlru8_LHbkg,white_box,9012,jpeg50,1560,boston:123,london:111,15.680000,36.1773
london_query_-Flts9XBA2wVlru8_LHbkg,transfer_1,9012,jpeg50,775,toronto:112,london:111,15.679997,36.1773
london_query_-Flts9XBA2wVlru8_LHbkg,transfer_2,9012,jpeg50,700,cph:33,london:111,15.680000,36.1773
london_query_-Flts9XBA2wVlru8_LHbkg,transfer_3,9012,jpeg50,989,cph:33,london:111,15.680000,36.1773
manila_query_-85J_HceaTP2S0IavwkQ-A,isotropic,5678,jpeg50,1035,manila:173,manila:119,15.679997,36.1773
manila_query_-85J_HceaTP2S0IavwkQ-A,white_box,5678,jpeg50,1758,manila:190,manila:119,15.680000,36.1773
manila_query_-85J_HceaTP2S0IavwkQ-A,transfer_1,5678,jpeg50,1293,manila:173,manila:119,15.679997,36.1773
manila_query_-85J_HceaTP2S0IavwkQ-A,transfer_2,5678,jpeg50,1316,manila:173,manila:119,15.679995,36.1773
manila_query_-85J_HceaTP2S0IavwkQ-A,transfer_3,5678,jpeg50,1548,manila:173,manila:119,15.680002,36.1773
manila_query_-85J_HceaTP2S0IavwkQ-A,isotropic,9012,jpeg50,1302,manila:173,manila:119,15.679996,36.1773
manila_query_-85J_HceaTP2S0IavwkQ-A,white_box,9012,jpeg50,1709,manila:190,manila:119,15.679997,36.1773
manila_query_-85J_HceaTP2S0IavwkQ-A,transfer_1,9012,jpeg50,1196,manila:173,manila:119,15.679998,36.1773
manila_query_-85J_HceaTP2S0IavwkQ-A,transfer_2,9012,jpeg50,1343,manila:173,manila:119,15.680002,36.1773
manila_query_-85J_HceaTP2S0IavwkQ-A,transfer_3,9012,jpeg50,1465,manila:173,manila:119,15.679998,36.1773
nairobi_query_0LJUobuUEqOqrZc4s2fVgg,isotropic,5678,jpeg50,151,boston:249,nairobi:5,15.680000,36.1773
nairobi_query_0LJUobuUEqOqrZc4s2fVgg,white_box,5678,jpeg50,459,boston:235,nairobi:5,15.680000,36.1773
nairobi_query_0LJUobuUEqOqrZc4s2fVgg,transfer_1,5678,jpeg50,197,boston:19,nairobi:5,15.680000,36.1773
nairobi_query_0LJUobuUEqOqrZc4s2fVgg,transfer_2,5678,jpeg50,205,boston:47,nairobi:5,15.680005,36.1773
nairobi_query_0LJUobuUEqOqrZc4s2fVgg,transfer_3,5678,jpeg50,207,london:85,nairobi:5,15.679998,36.1773
nairobi_query_0LJUobuUEqOqrZc4s2fVgg,isotropic,9012,jpeg50,228,boston:249,nairobi:5,15.679998,36.1773
nairobi_query_0LJUobuUEqOqrZc4s2fVgg,white_box,9012,jpeg50,629,manila:20,nairobi:5,15.680000,36.1773
nairobi_query_0LJUobuUEqOqrZc4s2fVgg,transfer_1,9012,jpeg50,260,london:85,nairobi:5,15.679995,36.1773
nairobi_query_0LJUobuUEqOqrZc4s2fVgg,transfer_2,9012,jpeg50,177,boston:19,nairobi:5,15.679998,36.1773
nairobi_query_0LJUobuUEqOqrZc4s2fVgg,transfer_3,9012,jpeg50,120,london:85,nairobi:5,15.679998,36.1773
toronto_query_-7C0G-8afrBbN3hImbBHsA,isotropic,5678,jpeg50,53,amman:21,toronto:346,15.679998,36.1773
toronto_query_-7C0G-8afrBbN3hImbBHsA,white_box,5678,jpeg50,198,manila:106,toronto:346,15.680000,36.1773
toronto_query_-7C0G-8afrBbN3hImbBHsA,transfer_1,5678,jpeg50,21,amman:21,toronto:346,15.680014,36.1773
toronto_query_-7C0G-8afrBbN3hImbBHsA,transfer_2,5678,jpeg50,5,amman:21,toronto:346,15.680000,36.1773
toronto_query_-7C0G-8afrBbN3hImbBHsA,transfer_3,5678,jpeg50,46,amman:21,toronto:346,15.679995,36.1773
toronto_query_-7C0G-8afrBbN3hImbBHsA,isotropic,9012,jpeg50,37,amman:21,toronto:346,15.679998,36.1773
toronto_query_-7C0G-8afrBbN3hImbBHsA,white_box,9012,jpeg50,192,manila:106,toronto:346,15.679998,36.1773
toronto_query_-7C0G-8afrBbN3hImbBHsA,transfer_1,9012,jpeg50,14,amman:21,toronto:346,15.679997,36.1773
toronto_query_-7C0G-8afrBbN3hImbBHsA,transfer_2,9012,jpeg50,9,amman:21,toronto:346,15.679993,36.1773
toronto_query_-7C0G-8afrBbN3hImbBHsA,transfer_3,9012,jpeg50,29,amman:21,toronto:346,15.679997,36.1773
zurich_query_-Kb55YIF941j2DBFO5gVjA,isotropic,5678,jpeg50,11,toronto:351,zurich:111,15.679997,36.1773
zurich_query_-Kb55YIF941j2DBFO5gVjA,white_box,5678,jpeg50,128,toronto:196,zurich:111,15.680005,36.1773
zurich_query_-Kb55YIF941j2DBFO5gVjA,transfer_1,5678,jpeg50,11,amman:15,zurich:111,15.679998,36.1773
zurich_query_-Kb55YIF941j2DBFO5gVjA,transfer_2,5678,jpeg50,15,amman:15,zurich:111,15.679998,36.1773
zurich_query_-Kb55YIF941j2DBFO5gVjA,transfer_3,5678,jpeg50,13,amman:15,zurich:111,15.680000,36.1773
zurich_query_-Kb55YIF941j2DBFO5gVjA,isotropic,9012,jpeg50,7,amman:15,zurich:111,15.680000,36.1773
zurich_query_-Kb55YIF941j2DBFO5gVjA,white_box,9012,jpeg50,160,toronto:196,zurich:111,15.680000,36.1773
zurich_query_-Kb55YIF941j2DBFO5gVjA,transfer_1,9012,jpeg50,13,amman:15,zurich:111,15.680000,36.1773
zurich_query_-Kb55YIF941j2DBFO5gVjA,transfer_2,9012,jpeg50,15,amman:15,zurich:111,15.679997,36.1773
zurich_query_-Kb55YIF941j2DBFO5gVjA,transfer_3,9012,jpeg50,28,amman:15,zurich:111,15.680005,36.1773
amman_query_-qij8CFaEYNp4JW3rF9oqQ,isotropic,5678,jpeg50,3,boston:237,amman:32,15.680000,36.1773
amman_query_-qij8CFaEYNp4JW3rF9oqQ,white_box,5678,jpeg50,197,manila:33,amman:32,15.680000,36.1773
amman_query_-qij8CFaEYNp4JW3rF9oqQ,transfer_1,5678,jpeg50,1,amman:32,amman:32,15.679997,36.1773
amman_query_-qij8CFaEYNp4JW3rF9oqQ,transfer_2,5678,jpeg50,2,boston:237,amman:32,15.679997,36.1773
amman_query_-qij8CFaEYNp4JW3rF9oqQ,transfer_3,5678,jpeg50,16,boston:237,amman:32,15.680000,36.1773
amman_query_-qij8CFaEYNp4JW3rF9oqQ,isotropic,9012,jpeg50,2,boston:237,amman:32,15.679997,36.1773
amman_query_-qij8CFaEYNp4JW3rF9oqQ,white_box,9012,jpeg50,245,manila:33,amman:32,15.680001,36.1773
amman_query_-qij8CFaEYNp4JW3rF9oqQ,transfer_1,9012,jpeg50,2,boston:237,amman:32,15.680008,36.1773
amman_query_-qij8CFaEYNp4JW3rF9oqQ,transfer_2,9012,jpeg50,2,boston:237,amman:32,15.679998,36.1773
amman_query_-qij8CFaEYNp4JW3rF9oqQ,transfer_3,9012,jpeg50,2,boston:237,amman:32,15.679998,36.1773
boston_query_-AJWNV55EAzvKArt5mMYqg,isotropic,5678,jpeg50,344,boston:191,boston:144,15.680000,36.1773
boston_query_-AJWNV55EAzvKArt5mMYqg,white_box,5678,jpeg50,315,zurich:19,boston:144,15.680005,36.1773
boston_query_-AJWNV55EAzvKArt5mMYqg,transfer_1,5678,jpeg50,281,amman:35,boston:144,15.679998,36.1773
boston_query_-AJWNV55EAzvKArt5mMYqg,transfer_2,5678,jpeg50,112,zurich:19,boston:144,15.680002,36.1773
boston_query_-AJWNV55EAzvKArt5mMYqg,transfer_3,5678,jpeg50,349,boston:191,boston:144,15.679996,36.1773
boston_query_-AJWNV55EAzvKArt5mMYqg,isotropic,9012,jpeg50,267,boston:191,boston:144,15.680000,36.1773
boston_query_-AJWNV55EAzvKArt5mMYqg,white_box,9012,jpeg50,400,cph:243,boston:144,15.680000,36.1773
boston_query_-AJWNV55EAzvKArt5mMYqg,transfer_1,9012,jpeg50,252,zurich:42,boston:144,15.679997,36.1773
boston_query_-AJWNV55EAzvKArt5mMYqg,transfer_2,9012,jpeg50,176,amman:1,boston:144,15.679997,36.1773
boston_query_-AJWNV55EAzvKArt5mMYqg,transfer_3,9012,jpeg50,293,zurich:19,boston:144,15.679998,36.1773
cph_query_-5qSxgAnKk-6Bf5AVVoPjA,isotropic,5678,jpeg50,4,zurich:42,cph:243,15.680000,36.1773
cph_query_-5qSxgAnKk-6Bf5AVVoPjA,white_box,5678,jpeg50,52,cph:242,cph:243,15.679998,36.1773
cph_query_-5qSxgAnKk-6Bf5AVVoPjA,transfer_1,5678,jpeg50,12,amman:1,cph:243,15.680000,36.1773
cph_query_-5qSxgAnKk-6Bf5AVVoPjA,transfer_2,5678,jpeg50,8,amman:1,cph:243,15.679997,36.1773
cph_query_-5qSxgAnKk-6Bf5AVVoPjA,transfer_3,5678,jpeg50,2,amman:1,cph:243,15.680001,36.1773
cph_query_-5qSxgAnKk-6Bf5AVVoPjA,isotropic,9012,jpeg50,4,cph:271,cph:243,15.680001,36.1773
cph_query_-5qSxgAnKk-6Bf5AVVoPjA,white_box,9012,jpeg50,27,cph:242,cph:243,15.679997,36.1773
cph_query_-5qSxgAnKk-6Bf5AVVoPjA,transfer_1,9012,jpeg50,10,zurich:42,cph:243,15.679998,36.1773
cph_query_-5qSxgAnKk-6Bf5AVVoPjA,transfer_2,9012,jpeg50,2,cph:271,cph:243,15.680002,36.1773
cph_query_-5qSxgAnKk-6Bf5AVVoPjA,transfer_3,9012,jpeg50,1,cph:243,cph:243,15.680000,36.1773
london_query_-HfvOD1d7XUGJoEMybpyqQ,isotropic,5678,jpeg50,414,boston:90,london:77,15.679997,36.1773
london_query_-HfvOD1d7XUGJoEMybpyqQ,white_box,5678,jpeg50,699,cph:464,london:77,15.679997,36.1773
london_query_-HfvOD1d7XUGJoEMybpyqQ,transfer_1,5678,jpeg50,277,boston:90,london:77,15.679996,36.1773
london_query_-HfvOD1d7XUGJoEMybpyqQ,transfer_2,5678,jpeg50,330,boston:90,london:77,15.680004,36.1773
london_query_-HfvOD1d7XUGJoEMybpyqQ,transfer_3,5678,jpeg50,268,boston:90,london:77,15.679996,36.1773
london_query_-HfvOD1d7XUGJoEMybpyqQ,isotropic,9012,jpeg50,402,boston:90,london:77,15.679997,36.1773
london_query_-HfvOD1d7XUGJoEMybpyqQ,white_box,9012,jpeg50,883,london:28,london:77,15.680002,36.1773
london_query_-HfvOD1d7XUGJoEMybpyqQ,transfer_1,9012,jpeg50,458,cph:500,london:77,15.679996,36.1773
london_query_-HfvOD1d7XUGJoEMybpyqQ,transfer_2,9012,jpeg50,213,boston:90,london:77,15.679997,36.1773
london_query_-HfvOD1d7XUGJoEMybpyqQ,transfer_3,9012,jpeg50,269,boston:90,london:77,15.679993,36.1773
manila_query_-9tG6ERjH4jVcWo9jkVvBg,isotropic,5678,jpeg50,1,manila:29,manila:29,15.679997,36.1773
manila_query_-9tG6ERjH4jVcWo9jkVvBg,white_box,5678,jpeg50,47,manila:72,manila:29,15.679997,36.1773
manila_query_-9tG6ERjH4jVcWo9jkVvBg,transfer_1,5678,jpeg50,3,manila:72,manila:29,15.679997,36.1773
manila_query_-9tG6ERjH4jVcWo9jkVvBg,transfer_2,5678,jpeg50,3,manila:72,manila:29,15.679997,36.1773
manila_query_-9tG6ERjH4jVcWo9jkVvBg,transfer_3,5678,jpeg50,1,manila:29,manila:29,15.679998,36.1773
manila_query_-9tG6ERjH4jVcWo9jkVvBg,isotropic,9012,jpeg50,1,manila:29,manila:29,15.679998,36.1773
manila_query_-9tG6ERjH4jVcWo9jkVvBg,white_box,9012,jpeg50,46,manila:190,manila:29,15.680000,36.1773
manila_query_-9tG6ERjH4jVcWo9jkVvBg,transfer_1,9012,jpeg50,1,manila:29,manila:29,15.680001,36.1773
manila_query_-9tG6ERjH4jVcWo9jkVvBg,transfer_2,9012,jpeg50,2,manila:72,manila:29,15.679993,36.1773
manila_query_-9tG6ERjH4jVcWo9jkVvBg,transfer_3,9012,jpeg50,1,manila:29,manila:29,15.680004,36.1773
nairobi_query_0M1Vl3tUlt_2MiFp6vxhrg,isotropic,5678,jpeg50,33,boston:234,nairobi:1,15.680000,36.1773
nairobi_query_0M1Vl3tUlt_2MiFp6vxhrg,white_box,5678,jpeg50,1096,manila:143,nairobi:1,15.680000,36.1773
nairobi_query_0M1Vl3tUlt_2MiFp6vxhrg,transfer_1,5678,jpeg50,11,boston:234,nairobi:1,15.680001,36.1773
nairobi_query_0M1Vl3tUlt_2MiFp6vxhrg,transfer_2,5678,jpeg50,12,boston:234,nairobi:1,15.680000,36.1773
nairobi_query_0M1Vl3tUlt_2MiFp6vxhrg,transfer_3,5678,jpeg50,21,boston:234,nairobi:1,15.679998,36.1773
nairobi_query_0M1Vl3tUlt_2MiFp6vxhrg,isotropic,9012,jpeg50,6,boston:234,nairobi:1,15.680000,36.1773
nairobi_query_0M1Vl3tUlt_2MiFp6vxhrg,white_box,9012,jpeg50,556,manila:143,nairobi:1,15.680000,36.1773
nairobi_query_0M1Vl3tUlt_2MiFp6vxhrg,transfer_1,9012,jpeg50,25,zurich:30,nairobi:1,15.680000,36.1773
nairobi_query_0M1Vl3tUlt_2MiFp6vxhrg,transfer_2,9012,jpeg50,41,boston:234,nairobi:1,15.680002,36.1773
nairobi_query_0M1Vl3tUlt_2MiFp6vxhrg,transfer_3,9012,jpeg50,52,amman:35,nairobi:1,15.679997,36.1773
toronto_query_-7bDZLvVOVk7ethfd1yomg,isotropic,5678,jpeg50,28,toronto:236,toronto:251,15.679997,36.1773
toronto_query_-7bDZLvVOVk7ethfd1yomg,white_box,5678,jpeg50,82,boston:79,toronto:251,15.680002,36.1773
toronto_query_-7bDZLvVOVk7ethfd1yomg,transfer_1,5678,jpeg50,22,toronto:236,toronto:251,15.680000,36.1773
toronto_query_-7bDZLvVOVk7ethfd1yomg,transfer_2,5678,jpeg50,29,toronto:236,toronto:251,15.679998,36.1773
toronto_query_-7bDZLvVOVk7ethfd1yomg,transfer_3,5678,jpeg50,45,boston:79,toronto:251,15.680001,36.1773
toronto_query_-7bDZLvVOVk7ethfd1yomg,isotropic,9012,jpeg50,31,toronto:236,toronto:251,15.679998,36.1773
toronto_query_-7bDZLvVOVk7ethfd1yomg,white_box,9012,jpeg50,110,boston:79,toronto:251,15.680000,36.1773
toronto_query_-7bDZLvVOVk7ethfd1yomg,transfer_1,9012,jpeg50,22,boston:79,toronto:251,15.680000,36.1773
toronto_query_-7bDZLvVOVk7ethfd1yomg,transfer_2,9012,jpeg50,36,toronto:236,toronto:251,15.679997,36.1773
toronto_query_-7bDZLvVOVk7ethfd1yomg,transfer_3,9012,jpeg50,53,boston:79,toronto:251,15.680001,36.1773
zurich_query_-Km53YFc8zewa3vS2OeGsQ,isotropic,5678,jpeg50,28,cph:271,zurich:33,15.679998,36.1773
zurich_query_-Km53YFc8zewa3vS2OeGsQ,white_box,5678,jpeg50,370,zurich:30,zurich:33,15.680002,36.1773
zurich_query_-Km53YFc8zewa3vS2OeGsQ,transfer_1,5678,jpeg50,29,cph:208,zurich:33,15.679997,36.1773
zurich_query_-Km53YFc8zewa3vS2OeGsQ,transfer_2,5678,jpeg50,20,cph:208,zurich:33,15.679997,36.1773
zurich_query_-Km53YFc8zewa3vS2OeGsQ,transfer_3,5678,jpeg50,10,cph:243,zurich:33,15.680000,36.1773
zurich_query_-Km53YFc8zewa3vS2OeGsQ,isotropic,9012,jpeg50,10,cph:271,zurich:33,15.679998,36.1773
zurich_query_-Km53YFc8zewa3vS2OeGsQ,white_box,9012,jpeg50,466,zurich:30,zurich:33,15.679998,36.1773
zurich_query_-Km53YFc8zewa3vS2OeGsQ,transfer_1,9012,jpeg50,19,cph:208,zurich:33,15.680004,36.1773
zurich_query_-Km53YFc8zewa3vS2OeGsQ,transfer_2,9012,jpeg50,7,cph:271,zurich:33,15.679992,36.1773
zurich_query_-Km53YFc8zewa3vS2OeGsQ,transfer_3,9012,jpeg50,26,boston:191,zurich:33,15.680001,36.1773
amman_query_-t_-moqpBTWSiKU7mS-lgQ,isotropic,5678,jpeg50,14,amman:6,amman:23,15.680000,36.1773
amman_query_-t_-moqpBTWSiKU7mS-lgQ,white_box,5678,jpeg50,35,amman:6,amman:23,15.679997,36.1773
amman_query_-t_-moqpBTWSiKU7mS-lgQ,transfer_1,5678,jpeg50,20,amman:4,amman:23,15.680001,36.1773
amman_query_-t_-moqpBTWSiKU7mS-lgQ,transfer_2,5678,jpeg50,29,amman:6,amman:23,15.679997,36.1773
amman_query_-t_-moqpBTWSiKU7mS-lgQ,transfer_3,5678,jpeg50,23,amman:35,amman:23,15.679992,36.1773
amman_query_-t_-moqpBTWSiKU7mS-lgQ,isotropic,9012,jpeg50,5,amman:6,amman:23,15.679997,36.1773
amman_query_-t_-moqpBTWSiKU7mS-lgQ,white_box,9012,jpeg50,74,amman:6,amman:23,15.679998,36.1773
amman_query_-t_-moqpBTWSiKU7mS-lgQ,transfer_1,9012,jpeg50,19,amman:6,amman:23,15.679991,36.1773
amman_query_-t_-moqpBTWSiKU7mS-lgQ,transfer_2,9012,jpeg50,25,amman:6,amman:23,15.679997,36.1773
amman_query_-t_-moqpBTWSiKU7mS-lgQ,transfer_3,9012,jpeg50,20,amman:6,amman:23,15.680001,36.1773
boston_query_-Ae9_7GnntvqV8myNb9fhv,isotropic,5678,jpeg50,1,boston:191,boston:191,15.680000,36.1773
boston_query_-Ae9_7GnntvqV8myNb9fhv,white_box,5678,jpeg50,18,boston:168,boston:191,15.680002,36.1773
boston_query_-Ae9_7GnntvqV8myNb9fhv,transfer_1,5678,jpeg50,1,boston:191,boston:191,15.679998,36.1773
boston_query_-Ae9_7GnntvqV8myNb9fhv,transfer_2,5678,jpeg50,2,boston:168,boston:191,15.679992,36.1773
boston_query_-Ae9_7GnntvqV8myNb9fhv,transfer_3,5678,jpeg50,1,boston:191,boston:191,15.679989,36.1773
boston_query_-Ae9_7GnntvqV8myNb9fhv,isotropic,9012,jpeg50,1,boston:191,boston:191,15.679995,36.1773
boston_query_-Ae9_7GnntvqV8myNb9fhv,white_box,9012,jpeg50,11,boston:168,boston:191,15.679998,36.1773
boston_query_-Ae9_7GnntvqV8myNb9fhv,transfer_1,9012,jpeg50,1,boston:191,boston:191,15.679992,36.1773
boston_query_-Ae9_7GnntvqV8myNb9fhv,transfer_2,9012,jpeg50,1,boston:191,boston:191,15.680002,36.1773
boston_query_-Ae9_7GnntvqV8myNb9fhv,transfer_3,9012,jpeg50,1,boston:191,boston:191,15.680004,36.1773
cph_query_-8E-udXiyMJCRp_UkM4Kgw,isotropic,5678,jpeg50,7,cph:54,cph:245,15.679998,36.1773
cph_query_-8E-udXiyMJCRp_UkM4Kgw,white_box,5678,jpeg50,450,zurich:22,cph:245,15.679997,36.1773
cph_query_-8E-udXiyMJCRp_UkM4Kgw,transfer_1,5678,jpeg50,5,cph:54,cph:245,15.680000,36.1773
cph_query_-8E-udXiyMJCRp_UkM4Kgw,transfer_2,5678,jpeg50,52,cph:271,cph:245,15.679998,36.1773
cph_query_-8E-udXiyMJCRp_UkM4Kgw,transfer_3,5678,jpeg50,58,cph:429,cph:245,15.679998,36.1773
cph_query_-8E-udXiyMJCRp_UkM4Kgw,isotropic,9012,jpeg50,3,cph:54,cph:245,15.680001,36.1773
cph_query_-8E-udXiyMJCRp_UkM4Kgw,white_box,9012,jpeg50,503,nairobi:7,cph:245,15.679998,36.1773
cph_query_-8E-udXiyMJCRp_UkM4Kgw,transfer_1,9012,jpeg50,61,cph:54,cph:245,15.679998,36.1773
cph_query_-8E-udXiyMJCRp_UkM4Kgw,transfer_2,9012,jpeg50,15,cph:271,cph:245,15.679997,36.1773
cph_query_-8E-udXiyMJCRp_UkM4Kgw,transfer_3,9012,jpeg50,133,cph:54,cph:245,15.679998,36.1773
london_query_-Id3DdRqVbjIA39wjxbTgw,isotropic,5678,jpeg50,6,boston:79,london:125,15.679996,36.1773
london_query_-Id3DdRqVbjIA39wjxbTgw,white_box,5678,jpeg50,85,manila:181,london:125,15.679989,36.1773
london_query_-Id3DdRqVbjIA39wjxbTgw,transfer_1,5678,jpeg50,8,boston:79,london:125,15.680000,36.1773
london_query_-Id3DdRqVbjIA39wjxbTgw,transfer_2,5678,jpeg50,8,boston:79,london:125,15.680005,36.1773
london_query_-Id3DdRqVbjIA39wjxbTgw,transfer_3,5678,jpeg50,23,boston:234,london:125,15.680000,36.1773
london_query_-Id3DdRqVbjIA39wjxbTgw,isotropic,9012,jpeg50,7,boston:79,london:125,15.680000,36.1773
london_query_-Id3DdRqVbjIA39wjxbTgw,white_box,9012,jpeg50,100,manila:181,london:125,15.679997,36.1773
london_query_-Id3DdRqVbjIA39wjxbTgw,transfer_1,9012,jpeg50,17,boston:79,london:125,15.679995,36.1773
london_query_-Id3DdRqVbjIA39wjxbTgw,transfer_2,9012,jpeg50,6,boston:79,london:125,15.680000,36.1773
london_query_-Id3DdRqVbjIA39wjxbTgw,transfer_3,9012,jpeg50,36,boston:234,london:125,15.679992,36.1773
manila_query_-AXkFLZ0HchDGYvJ_KZ3dQ,isotropic,5678,jpeg50,74,zurich:111,manila:13,15.679998,36.1773
manila_query_-AXkFLZ0HchDGYvJ_KZ3dQ,white_box,5678,jpeg50,7,cph:119,manila:13,15.679997,36.1773
manila_query_-AXkFLZ0HchDGYvJ_KZ3dQ,transfer_1,5678,jpeg50,58,amman:23,manila:13,15.680001,36.1773
manila_query_-AXkFLZ0HchDGYvJ_KZ3dQ,transfer_2,5678,jpeg50,44,amman:23,manila:13,15.679998,36.1773
manila_query_-AXkFLZ0HchDGYvJ_KZ3dQ,transfer_3,5678,jpeg50,113,amman:23,manila:13,15.679996,36.1773
manila_query_-AXkFLZ0HchDGYvJ_KZ3dQ,isotropic,9012,jpeg50,53,amman:23,manila:13,15.680000,36.1773
manila_query_-AXkFLZ0HchDGYvJ_KZ3dQ,white_box,9012,jpeg50,26,cph:119,manila:13,15.679997,36.1773
manila_query_-AXkFLZ0HchDGYvJ_KZ3dQ,transfer_1,9012,jpeg50,70,amman:23,manila:13,15.680000,36.1773
manila_query_-AXkFLZ0HchDGYvJ_KZ3dQ,transfer_2,9012,jpeg50,30,cph:119,manila:13,15.680000,36.1773
manila_query_-AXkFLZ0HchDGYvJ_KZ3dQ,transfer_3,9012,jpeg50,129,amman:23,manila:13,15.679998,36.1773
nairobi_query_0Oa1jUYlj8LE47HApYWufA,isotropic,5678,jpeg50,140,nairobi:21,nairobi:0,15.680000,36.1773
nairobi_query_0Oa1jUYlj8LE47HApYWufA,white_box,5678,jpeg50,509,london:121,nairobi:0,15.679998,36.1773
nairobi_query_0Oa1jUYlj8LE47HApYWufA,transfer_1,5678,jpeg50,187,boston:234,nairobi:0,15.679998,36.1773
nairobi_query_0Oa1jUYlj8LE47HApYWufA,transfer_2,5678,jpeg50,199,zurich:35,nairobi:0,15.679993,36.1773
nairobi_query_0Oa1jUYlj8LE47HApYWufA,transfer_3,5678,jpeg50,175,boston:234,nairobi:0,15.679997,36.1773
nairobi_query_0Oa1jUYlj8LE47HApYWufA,isotropic,9012,jpeg50,281,zurich:35,nairobi:0,15.679997,36.1773
nairobi_query_0Oa1jUYlj8LE47HApYWufA,white_box,9012,jpeg50,669,manila:59,nairobi:0,15.679998,36.1773
nairobi_query_0Oa1jUYlj8LE47HApYWufA,transfer_1,9012,jpeg50,86,nairobi:21,nairobi:0,15.679996,36.1773
nairobi_query_0Oa1jUYlj8LE47HApYWufA,transfer_2,9012,jpeg50,240,boston:234,nairobi:0,15.679995,36.1773
nairobi_query_0Oa1jUYlj8LE47HApYWufA,transfer_3,9012,jpeg50,242,boston:234,nairobi:0,15.679998,36.1773
toronto_query_-85n6JJLXmi04edt5JxhzQ,isotropic,5678,jpeg50,790,toronto:228,toronto:21,15.679997,36.1773
toronto_query_-85n6JJLXmi04edt5JxhzQ,white_box,5678,jpeg50,1938,nairobi:18,toronto:21,15.679998,36.1773
toronto_query_-85n6JJLXmi04edt5JxhzQ,transfer_1,5678,jpeg50,522,toronto:228,toronto:21,15.680000,36.1773
toronto_query_-85n6JJLXmi04edt5JxhzQ,transfer_2,5678,jpeg50,661,toronto:228,toronto:21,15.679997,36.1773
toronto_query_-85n6JJLXmi04edt5JxhzQ,transfer_3,5678,jpeg50,1423,toronto:228,toronto:21,15.679997,36.1773
toronto_query_-85n6JJLXmi04edt5JxhzQ,isotropic,9012,jpeg50,915,toronto:228,toronto:21,15.679998,36.1773
toronto_query_-85n6JJLXmi04edt5JxhzQ,white_box,9012,jpeg50,1943,cph:384,toronto:21,15.680005,36.1773
toronto_query_-85n6JJLXmi04edt5JxhzQ,transfer_1,9012,jpeg50,710,toronto:228,toronto:21,15.680005,36.1773
toronto_query_-85n6JJLXmi04edt5JxhzQ,transfer_2,9012,jpeg50,796,toronto:228,toronto:21,15.680000,36.1773
toronto_query_-85n6JJLXmi04edt5JxhzQ,transfer_3,9012,jpeg50,1119,toronto:228,toronto:21,15.680000,36.1773
zurich_query_-M0Q1_7lg_TKGT2-mllw4w,isotropic,5678,jpeg50,74,boston:171,zurich:19,15.679997,36.1773
zurich_query_-M0Q1_7lg_TKGT2-mllw4w,white_box,5678,jpeg50,362,manila:189,zurich:19,15.680000,36.1773
zurich_query_-M0Q1_7lg_TKGT2-mllw4w,transfer_1,5678,jpeg50,117,cph:264,zurich:19,15.679992,36.1773
zurich_query_-M0Q1_7lg_TKGT2-mllw4w,transfer_2,5678,jpeg50,207,boston:171,zurich:19,15.679989,36.1773
zurich_query_-M0Q1_7lg_TKGT2-mllw4w,transfer_3,5678,jpeg50,253,manila:153,zurich:19,15.679998,36.1773
zurich_query_-M0Q1_7lg_TKGT2-mllw4w,isotropic,9012,jpeg50,149,boston:171,zurich:19,15.679998,36.1773
zurich_query_-M0Q1_7lg_TKGT2-mllw4w,white_box,9012,jpeg50,310,amman:23,zurich:19,15.680002,36.1773
zurich_query_-M0Q1_7lg_TKGT2-mllw4w,transfer_1,9012,jpeg50,150,boston:171,zurich:19,15.680000,36.1773
zurich_query_-M0Q1_7lg_TKGT2-mllw4w,transfer_2,9012,jpeg50,147,boston:171,zurich:19,15.680000,36.1773
zurich_query_-M0Q1_7lg_TKGT2-mllw4w,transfer_3,9012,jpeg50,123,amman:15,zurich:19,15.680000,36.1773
amman_query_0-2jyV8XAzdAOYMkdyQVLw,isotropic,5678,jpeg50,48,amman:23,amman:6,15.679997,36.1773
amman_query_0-2jyV8XAzdAOYMkdyQVLw,white_box,5678,jpeg50,396,cph:271,amman:6,15.679998,36.1773
amman_query_0-2jyV8XAzdAOYMkdyQVLw,transfer_1,5678,jpeg50,47,amman:23,amman:6,15.679997,36.1773
amman_query_0-2jyV8XAzdAOYMkdyQVLw,transfer_2,5678,jpeg50,56,amman:23,amman:6,15.680000,36.1773
amman_query_0-2jyV8XAzdAOYMkdyQVLw,transfer_3,5678,jpeg50,61,amman:23,amman:6,15.679998,36.1773
amman_query_0-2jyV8XAzdAOYMkdyQVLw,isotropic,9012,jpeg50,20,amman:23,amman:6,15.680000,36.1773
amman_query_0-2jyV8XAzdAOYMkdyQVLw,white_box,9012,jpeg50,294,cph:271,amman:6,15.679997,36.1773
amman_query_0-2jyV8XAzdAOYMkdyQVLw,transfer_1,9012,jpeg50,28,amman:23,amman:6,15.680000,36.1773
amman_query_0-2jyV8XAzdAOYMkdyQVLw,transfer_2,9012,jpeg50,24,amman:23,amman:6,15.679997,36.1773
amman_query_0-2jyV8XAzdAOYMkdyQVLw,transfer_3,9012,jpeg50,44,amman:23,amman:6,15.679988,36.1773
boston_query_-BE36-GG_yM6YS57M_uMTQ,isotropic,5678,jpeg50,446,boston:249,boston:84,15.680000,36.1773
boston_query_-BE36-GG_yM6YS57M_uMTQ,white_box,5678,jpeg50,399,boston:239,boston:84,15.679998,36.1773
boston_query_-BE36-GG_yM6YS57M_uMTQ,transfer_1,5678,jpeg50,489,boston:249,boston:84,15.680001,36.1773
boston_query_-BE36-GG_yM6YS57M_uMTQ,transfer_2,5678,jpeg50,349,boston:249,boston:84,15.680000,36.1773
boston_query_-BE36-GG_yM6YS57M_uMTQ,transfer_3,5678,jpeg50,291,boston:239,boston:84,15.680002,36.1773
boston_query_-BE36-GG_yM6YS57M_uMTQ,isotropic,9012,jpeg50,359,boston:249,boston:84,15.680000,36.1773
boston_query_-BE36-GG_yM6YS57M_uMTQ,white_box,9012,jpeg50,297,boston:239,boston:84,15.680000,36.1773
boston_query_-BE36-GG_yM6YS57M_uMTQ,transfer_1,9012,jpeg50,463,boston:249,boston:84,15.679997,36.1773
boston_query_-BE36-GG_yM6YS57M_uMTQ,transfer_2,9012,jpeg50,376,boston:249,boston:84,15.680000,36.1773
boston_query_-BE36-GG_yM6YS57M_uMTQ,transfer_3,9012,jpeg50,406,boston:249,boston:84,15.680002,36.1773
cph_query_-9WYlFp61M1J1zV1mJD4uA,isotropic,5678,jpeg50,103,toronto:301,cph:280,15.679995,36.1773
cph_query_-9WYlFp61M1J1zV1mJD4uA,white_box,5678,jpeg50,963,toronto:346,cph:280,15.679995,36.1773
cph_query_-9WYlFp61M1J1zV1mJD4uA,transfer_1,5678,jpeg50,497,toronto:346,cph:280,15.679995,36.1773
cph_query_-9WYlFp61M1J1zV1mJD4uA,transfer_2,5678,jpeg50,557,amman:35,cph:280,15.680008,36.1773
cph_query_-9WYlFp61M1J1zV1mJD4uA,transfer_3,5678,jpeg50,365,amman:35,cph:280,15.679997,36.1773
cph_query_-9WYlFp61M1J1zV1mJD4uA,isotropic,9012,jpeg50,163,cph:243,cph:280,15.679996,36.1773
cph_query_-9WYlFp61M1J1zV1mJD4uA,white_box,9012,jpeg50,1020,toronto:346,cph:280,15.679997,36.1773
cph_query_-9WYlFp61M1J1zV1mJD4uA,transfer_1,9012,jpeg50,351,toronto:244,cph:280,15.679998,36.1773
cph_query_-9WYlFp61M1J1zV1mJD4uA,transfer_2,9012,jpeg50,586,amman:35,cph:280,15.679997,36.1773
cph_query_-9WYlFp61M1J1zV1mJD4uA,transfer_3,9012,jpeg50,563,toronto:346,cph:280,15.680000,36.1773
london_query_-OOGG8lTvgHHqp3iuULlyQ,isotropic,5678,jpeg50,1,london:21,london:21,15.680000,36.1773
london_query_-OOGG8lTvgHHqp3iuULlyQ,white_box,5678,jpeg50,2,manila:46,london:21,15.679998,36.1773
london_query_-OOGG8lTvgHHqp3iuULlyQ,transfer_1,5678,jpeg50,1,london:21,london:21,15.679996,36.1773
london_query_-OOGG8lTvgHHqp3iuULlyQ,transfer_2,5678,jpeg50,2,manila:33,london:21,15.679995,36.1773
london_query_-OOGG8lTvgHHqp3iuULlyQ,transfer_3,5678,jpeg50,1,london:21,london:21,15.680000,36.1773
london_query_-OOGG8lTvgHHqp3iuULlyQ,isotropic,9012,jpeg50,1,london:21,london:21,15.680000,36.1773
london_query_-OOGG8lTvgHHqp3iuULlyQ,white_box,9012,jpeg50,2,manila:46,london:21,15.679998,36.1773
london_query_-OOGG8lTvgHHqp3iuULlyQ,transfer_1,9012,jpeg50,1,london:21,london:21,15.679995,36.1773
london_query_-OOGG8lTvgHHqp3iuULlyQ,transfer_2,9012,jpeg50,1,london:21,london:21,15.680001,36.1773
london_query_-OOGG8lTvgHHqp3iuULlyQ,transfer_3,9012,jpeg50,1,london:21,london:21,15.679998,36.1773
manila_query_-ColYSDtqqoE3TZ4eZHu8g,isotropic,5678,jpeg50,51,boston:101,manila:189,15.680000,36.1773
manila_query_-ColYSDtqqoE3TZ4eZHu8g,white_box,5678,jpeg50,1438,cph:94,manila:189,15.679997,36.1773
manila_query_-ColYSDtqqoE3TZ4eZHu8g,transfer_1,5678,jpeg50,12,manila:181,manila:189,15.680002,36.1773
manila_query_-ColYSDtqqoE3TZ4eZHu8g,transfer_2,5678,jpeg50,18,manila:181,manila:189,15.679997,36.1773
manila_query_-ColYSDtqqoE3TZ4eZHu8g,transfer_3,5678,jpeg50,67,manila:181,manila:189,15.680000,36.1773
manila_query_-ColYSDtqqoE3TZ4eZHu8g,isotropic,9012,jpeg50,47,manila:181,manila:189,15.679998,36.1773
manila_query_-ColYSDtqqoE3TZ4eZHu8g,white_box,9012,jpeg50,1600,cph:94,manila:189,15.680005,36.1773
manila_query_-ColYSDtqqoE3TZ4eZHu8g,transfer_1,9012,jpeg50,48,manila:181,manila:189,15.680002,36.1773
manila_query_-ColYSDtqqoE3TZ4eZHu8g,transfer_2,9012,jpeg50,75,manila:181,manila:189,15.680000,36.1773
manila_query_-ColYSDtqqoE3TZ4eZHu8g,transfer_3,9012,jpeg50,51,manila:181,manila:189,15.680000,36.1773
nairobi_query_0R73ChZbcyJ8Z4vBaef_Jw,isotropic,5678,jpeg50,48,nairobi:15,nairobi:10,15.680001,36.1773
nairobi_query_0R73ChZbcyJ8Z4vBaef_Jw,white_box,5678,jpeg50,364,toronto:23,nairobi:10,15.680000,36.1773
nairobi_query_0R73ChZbcyJ8Z4vBaef_Jw,transfer_1,5678,jpeg50,57,manila:143,nairobi:10,15.679995,36.1773
nairobi_query_0R73ChZbcyJ8Z4vBaef_Jw,transfer_2,5678,jpeg50,113,nairobi:15,nairobi:10,15.679997,36.1773
nairobi_query_0R73ChZbcyJ8Z4vBaef_Jw,transfer_3,5678,jpeg50,58,amman:1,nairobi:10,15.680000,36.1773
nairobi_query_0R73ChZbcyJ8Z4vBaef_Jw,isotropic,9012,jpeg50,46,nairobi:15,nairobi:10,15.680001,36.1773
nairobi_query_0R73ChZbcyJ8Z4vBaef_Jw,white_box,9012,jpeg50,306,nairobi:15,nairobi:10,15.680002,36.1773
nairobi_query_0R73ChZbcyJ8Z4vBaef_Jw,transfer_1,9012,jpeg50,51,nairobi:15,nairobi:10,15.679997,36.1773
nairobi_query_0R73ChZbcyJ8Z4vBaef_Jw,transfer_2,9012,jpeg50,146,zurich:35,nairobi:10,15.680000,36.1773
nairobi_query_0R73ChZbcyJ8Z4vBaef_Jw,transfer_3,9012,jpeg50,7,nairobi:15,nairobi:10,15.679996,36.1773
toronto_query_-8BknWmZh2lEnEeect73Ww,isotropic,5678,jpeg50,1,toronto:273,toronto:273,15.680000,36.1773
toronto_query_-8BknWmZh2lEnEeect73Ww,white_box,5678,jpeg50,2,toronto:207,toronto:273,15.679997,36.1773
toronto_query_-8BknWmZh2lEnEeect73Ww,transfer_1,5678,jpeg50,1,toronto:273,toronto:273,15.679997,36.1773
toronto_query_-8BknWmZh2lEnEeect73Ww,transfer_2,5678,jpeg50,1,toronto:273,toronto:273,15.679997,36.1773
toronto_query_-8BknWmZh2lEnEeect73Ww,transfer_3,5678,jpeg50,1,toronto:273,toronto:273,15.679998,36.1773
toronto_query_-8BknWmZh2lEnEeect73Ww,isotropic,9012,jpeg50,1,toronto:273,toronto:273,15.679998,36.1773
toronto_query_-8BknWmZh2lEnEeect73Ww,white_box,9012,jpeg50,3,toronto:207,toronto:273,15.679995,36.1773
toronto_query_-8BknWmZh2lEnEeect73Ww,transfer_1,9012,jpeg50,1,toronto:273,toronto:273,15.679997,36.1773
toronto_query_-8BknWmZh2lEnEeect73Ww,transfer_2,9012,jpeg50,1,toronto:273,toronto:273,15.679998,36.1773
toronto_query_-8BknWmZh2lEnEeect73Ww,transfer_3,9012,jpeg50,1,toronto:273,toronto:273,15.680000,36.1773
zurich_query_-TxHEY5xnZFgfnHO3ygjzw,isotropic,5678,jpeg50,1,zurich:25,zurich:25,15.679997,36.1773
zurich_query_-TxHEY5xnZFgfnHO3ygjzw,white_box,5678,jpeg50,1,zurich:25,zurich:25,15.680008,36.1773
zurich_query_-TxHEY5xnZFgfnHO3ygjzw,transfer_1,5678,jpeg50,1,zurich:25,zurich:25,15.680002,36.1773
zurich_query_-TxHEY5xnZFgfnHO3ygjzw,transfer_2,5678,jpeg50,1,zurich:25,zurich:25,15.680005,36.1773
zurich_query_-TxHEY5xnZFgfnHO3ygjzw,transfer_3,5678,jpeg50,1,zurich:25,zurich:25,15.680005,36.1773
zurich_query_-TxHEY5xnZFgfnHO3ygjzw,isotropic,9012,jpeg50,1,zurich:25,zurich:25,15.679997,36.1773
zurich_query_-TxHEY5xnZFgfnHO3ygjzw,white_box,9012,jpeg50,3,amman:29,zurich:25,15.680008,36.1773
zurich_query_-TxHEY5xnZFgfnHO3ygjzw,transfer_1,9012,jpeg50,1,zurich:25,zurich:25,15.680002,36.1773
zurich_query_-TxHEY5xnZFgfnHO3ygjzw,transfer_2,9012,jpeg50,1,zurich:25,zurich:25,15.679992,36.1773
zurich_query_-TxHEY5xnZFgfnHO3ygjzw,transfer_3,9012,jpeg50,1,zurich:25,zurich:25,15.679997,36.1773
amman_query_051WRvR5gI1vde606oseFw,isotropic,5678,jpeg50,9,amman:4,amman:23,15.680000,36.1773
amman_query_051WRvR5gI1vde606oseFw,white_box,5678,jpeg50,18,amman:4,amman:23,15.680000,36.1773
amman_query_051WRvR5gI1vde606oseFw,transfer_1,5678,jpeg50,11,amman:4,amman:23,15.679997,36.1773
amman_query_051WRvR5gI1vde606oseFw,transfer_2,5678,jpeg50,22,amman:4,amman:23,15.680000,36.1773
amman_query_051WRvR5gI1vde606oseFw,transfer_3,5678,jpeg50,10,amman:4,amman:23,15.679998,36.1773
amman_query_051WRvR5gI1vde606oseFw,isotropic,9012,jpeg50,10,amman:4,amman:23,15.680000,36.1773
amman_query_051WRvR5gI1vde606oseFw,white_box,9012,jpeg50,10,amman:4,amman:23,15.680000,36.1773
amman_query_051WRvR5gI1vde606oseFw,transfer_1,9012,jpeg50,24,amman:4,amman:23,15.679995,36.1773
amman_query_051WRvR5gI1vde606oseFw,transfer_2,9012,jpeg50,21,amman:4,amman:23,15.679992,36.1773
amman_query_051WRvR5gI1vde606oseFw,transfer_3,9012,jpeg50,6,amman:4,amman:23,15.679992,36.1773
boston_query_-CNeDzWqfei0F-1CmA8N9A,isotropic,5678,jpeg50,18,cph:54,boston:156,15.679998,36.1773
boston_query_-CNeDzWqfei0F-1CmA8N9A,white_box,5678,jpeg50,207,nairobi:10,boston:156,15.679997,36.1773
boston_query_-CNeDzWqfei0F-1CmA8N9A,transfer_1,5678,jpeg50,22,cph:54,boston:156,15.680000,36.1773
boston_query_-CNeDzWqfei0F-1CmA8N9A,transfer_2,5678,jpeg50,39,cph:54,boston:156,15.679998,36.1773
boston_query_-CNeDzWqfei0F-1CmA8N9A,transfer_3,5678,jpeg50,79,cph:356,boston:156,15.679993,36.1773
boston_query_-CNeDzWqfei0F-1CmA8N9A,isotropic,9012,jpeg50,11,cph:54,boston:156,15.679998,36.1773
boston_query_-CNeDzWqfei0F-1CmA8N9A,white_box,9012,jpeg50,184,nairobi:10,boston:156,15.679998,36.1773
boston_query_-CNeDzWqfei0F-1CmA8N9A,transfer_1,9012,jpeg50,33,cph:54,boston:156,15.679997,36.1773
boston_query_-CNeDzWqfei0F-1CmA8N9A,transfer_2,9012,jpeg50,47,cph:356,boston:156,15.679995,36.1773
boston_query_-CNeDzWqfei0F-1CmA8N9A,transfer_3,9012,jpeg50,81,cph:356,boston:156,15.679997,36.1773
cph_query_-9ZOGirqZl2EVYWN1WLERg,isotropic,5678,jpeg50,1,cph:162,cph:162,15.679998,36.1773
cph_query_-9ZOGirqZl2EVYWN1WLERg,white_box,5678,jpeg50,1,cph:162,cph:162,15.679997,36.1773
cph_query_-9ZOGirqZl2EVYWN1WLERg,transfer_1,5678,jpeg50,1,cph:162,cph:162,15.680000,36.1773
cph_query_-9ZOGirqZl2EVYWN1WLERg,transfer_2,5678,jpeg50,1,cph:162,cph:162,15.679997,36.1773
cph_query_-9ZOGirqZl2EVYWN1WLERg,transfer_3,5678,jpeg50,1,cph:162,cph:162,15.679995,36.1773
cph_query_-9ZOGirqZl2EVYWN1WLERg,isotropic,9012,jpeg50,1,cph:162,cph:162,15.679997,36.1773
cph_query_-9ZOGirqZl2EVYWN1WLERg,white_box,9012,jpeg50,1,cph:162,cph:162,15.680000,36.1773
cph_query_-9ZOGirqZl2EVYWN1WLERg,transfer_1,9012,jpeg50,1,cph:162,cph:162,15.679996,36.1773
cph_query_-9ZOGirqZl2EVYWN1WLERg,transfer_2,9012,jpeg50,1,cph:162,cph:162,15.679997,36.1773
cph_query_-9ZOGirqZl2EVYWN1WLERg,transfer_3,9012,jpeg50,1,cph:162,cph:162,15.680005,36.1773
london_query_-TmVvxY52h9CjrIUzBbCgw,isotropic,5678,jpeg50,31,toronto:273,london:129,15.679996,36.1773
london_query_-TmVvxY52h9CjrIUzBbCgw,white_box,5678,jpeg50,1618,manila:92,london:129,15.679997,36.1773
london_query_-TmVvxY52h9CjrIUzBbCgw,transfer_1,5678,jpeg50,113,toronto:273,london:129,15.679998,36.1773
london_query_-TmVvxY52h9CjrIUzBbCgw,transfer_2,5678,jpeg50,215,toronto:273,london:129,15.679998,36.1773
london_query_-TmVvxY52h9CjrIUzBbCgw,transfer_3,5678,jpeg50,526,boston:234,london:129,15.679997,36.1773
london_query_-TmVvxY52h9CjrIUzBbCgw,isotropic,9012,jpeg50,137,toronto:273,london:129,15.679997,36.1773
london_query_-TmVvxY52h9CjrIUzBbCgw,white_box,9012,jpeg50,1824,manila:92,london:129,15.679998,36.1773
london_query_-TmVvxY52h9CjrIUzBbCgw,transfer_1,9012,jpeg50,329,toronto:273,london:129,15.679998,36.1773
london_query_-TmVvxY52h9CjrIUzBbCgw,transfer_2,9012,jpeg50,284,toronto:273,london:129,15.679997,36.1773
london_query_-TmVvxY52h9CjrIUzBbCgw,transfer_3,9012,jpeg50,638,toronto:273,london:129,15.679996,36.1773
manila_query_-ELxcda6ePiuO6nR3VP3-A,isotropic,5678,jpeg50,1,manila:20,manila:20,15.680001,36.1773
manila_query_-ELxcda6ePiuO6nR3VP3-A,white_box,5678,jpeg50,294,zurich:65,manila:20,15.680001,36.1773
manila_query_-ELxcda6ePiuO6nR3VP3-A,transfer_1,5678,jpeg50,1,manila:20,manila:20,15.680000,36.1773
manila_query_-ELxcda6ePiuO6nR3VP3-A,transfer_2,5678,jpeg50,1,manila:20,manila:20,15.680002,36.1773
manila_query_-ELxcda6ePiuO6nR3VP3-A,transfer_3,5678,jpeg50,1,manila:20,manila:20,15.679995,36.1773
manila_query_-ELxcda6ePiuO6nR3VP3-A,isotropic,9012,jpeg50,1,manila:20,manila:20,15.679998,36.1773
manila_query_-ELxcda6ePiuO6nR3VP3-A,white_box,9012,jpeg50,222,zurich:65,manila:20,15.679997,36.1773
manila_query_-ELxcda6ePiuO6nR3VP3-A,transfer_1,9012,jpeg50,2,toronto:58,manila:20,15.679998,36.1773
manila_query_-ELxcda6ePiuO6nR3VP3-A,transfer_2,9012,jpeg50,1,manila:20,manila:20,15.680000,36.1773
manila_query_-ELxcda6ePiuO6nR3VP3-A,transfer_3,9012,jpeg50,1,manila:20,manila:20,15.680002,36.1773
nairobi_query_0TzVtw0twyRTMFGP-VzE8A,isotropic,5678,jpeg50,143,zurich:42,nairobi:17,15.680000,36.1773
nairobi_query_0TzVtw0twyRTMFGP-VzE8A,white_box,5678,jpeg50,1626,zurich:5,nairobi:17,15.679998,36.1773
nairobi_query_0TzVtw0twyRTMFGP-VzE8A,transfer_1,5678,jpeg50,304,amman:1,nairobi:17,15.680005,36.1773
nairobi_query_0TzVtw0twyRTMFGP-VzE8A,transfer_2,5678,jpeg50,430,amman:1,nairobi:17,15.679997,36.1773
nairobi_query_0TzVtw0twyRTMFGP-VzE8A,transfer_3,5678,jpeg50,447,cph:241,nairobi:17,15.680000,36.1773
nairobi_query_0TzVtw0twyRTMFGP-VzE8A,isotropic,9012,jpeg50,237,amman:1,nairobi:17,15.679996,36.1773
nairobi_query_0TzVtw0twyRTMFGP-VzE8A,white_box,9012,jpeg50,1623,zurich:5,nairobi:17,15.679995,36.1773
nairobi_query_0TzVtw0twyRTMFGP-VzE8A,transfer_1,9012,jpeg50,240,amman:1,nairobi:17,15.680001,36.1773
nairobi_query_0TzVtw0twyRTMFGP-VzE8A,transfer_2,9012,jpeg50,328,amman:1,nairobi:17,15.679998,36.1773
nairobi_query_0TzVtw0twyRTMFGP-VzE8A,transfer_3,9012,jpeg50,539,cph:241,nairobi:17,15.679996,36.1773
toronto_query_-8NbZpIbjwqAXwoRMmYddg,isotropic,5678,jpeg50,37,toronto:274,toronto:196,15.679998,36.1773
toronto_query_-8NbZpIbjwqAXwoRMmYddg,white_box,5678,jpeg50,159,boston:249,toronto:196,15.679997,36.1773
toronto_query_-8NbZpIbjwqAXwoRMmYddg,transfer_1,5678,jpeg50,24,toronto:274,toronto:196,15.679997,36.1773
toronto_query_-8NbZpIbjwqAXwoRMmYddg,transfer_2,5678,jpeg50,10,manila:163,toronto:196,15.680005,36.1773
toronto_query_-8NbZpIbjwqAXwoRMmYddg,transfer_3,5678,jpeg50,15,manila:163,toronto:196,15.680000,36.1773
toronto_query_-8NbZpIbjwqAXwoRMmYddg,isotropic,9012,jpeg50,39,toronto:274,toronto:196,15.679998,36.1773
toronto_query_-8NbZpIbjwqAXwoRMmYddg,white_box,9012,jpeg50,166,boston:249,toronto:196,15.679996,36.1773
toronto_query_-8NbZpIbjwqAXwoRMmYddg,transfer_1,9012,jpeg50,35,toronto:274,toronto:196,15.679998,36.1773
toronto_query_-8NbZpIbjwqAXwoRMmYddg,transfer_2,9012,jpeg50,16,manila:163,toronto:196,15.680002,36.1773
toronto_query_-8NbZpIbjwqAXwoRMmYddg,transfer_3,9012,jpeg50,13,toronto:274,toronto:196,15.680000,36.1773
zurich_query_-Vs9xzO47S-0Cfs9o81wvQ,isotropic,5678,jpeg50,5,manila:72,zurich:27,15.680000,36.1773
zurich_query_-Vs9xzO47S-0Cfs9o81wvQ,white_box,5678,jpeg50,435,nairobi:12,zurich:27,15.679998,36.1773
zurich_query_-Vs9xzO47S-0Cfs9o81wvQ,transfer_1,5678,jpeg50,3,manila:72,zurich:27,15.680000,36.1773
zurich_query_-Vs9xzO47S-0Cfs9o81wvQ,transfer_2,5678,jpeg50,4,manila:72,zurich:27,15.679998,36.1773
zurich_query_-Vs9xzO47S-0Cfs9o81wvQ,transfer_3,5678,jpeg50,10,manila:72,zurich:27,15.680001,36.1773
zurich_query_-Vs9xzO47S-0Cfs9o81wvQ,isotropic,9012,jpeg50,6,manila:72,zurich:27,15.680000,36.1773
zurich_query_-Vs9xzO47S-0Cfs9o81wvQ,white_box,9012,jpeg50,210,zurich:61,zurich:27,15.680000,36.1773
zurich_query_-Vs9xzO47S-0Cfs9o81wvQ,transfer_1,9012,jpeg50,3,manila:72,zurich:27,15.679995,36.1773
zurich_query_-Vs9xzO47S-0Cfs9o81wvQ,transfer_2,9012,jpeg50,4,cph:162,zurich:27,15.679993,36.1773
zurich_query_-Vs9xzO47S-0Cfs9o81wvQ,transfer_3,9012,jpeg50,7,manila:72,zurich:27,15.679993,36.1773
amman_query_0CjrhmzpvqXBOIBsGB6LcQ,isotropic,5678,jpeg50,1,amman:21,amman:21,15.679998,36.1773
amman_query_0CjrhmzpvqXBOIBsGB6LcQ,white_box,5678,jpeg50,4,boston:79,amman:21,15.679996,36.1773
amman_query_0CjrhmzpvqXBOIBsGB6LcQ,transfer_1,5678,jpeg50,1,amman:21,amman:21,15.679997,36.1773
amman_query_0CjrhmzpvqXBOIBsGB6LcQ,transfer_2,5678,jpeg50,2,amman:25,amman:21,15.679997,36.1773
amman_query_0CjrhmzpvqXBOIBsGB6LcQ,transfer_3,5678,jpeg50,1,amman:21,amman:21,15.680000,36.1773
amman_query_0CjrhmzpvqXBOIBsGB6LcQ,isotropic,9012,jpeg50,1,amman:21,amman:21,15.679997,36.1773
amman_query_0CjrhmzpvqXBOIBsGB6LcQ,white_box,9012,jpeg50,2,boston:234,amman:21,15.679998,36.1773
amman_query_0CjrhmzpvqXBOIBsGB6LcQ,transfer_1,9012,jpeg50,1,amman:21,amman:21,15.679996,36.1773
amman_query_0CjrhmzpvqXBOIBsGB6LcQ,transfer_2,9012,jpeg50,1,amman:21,amman:21,15.679998,36.1773
amman_query_0CjrhmzpvqXBOIBsGB6LcQ,transfer_3,9012,jpeg50,1,amman:21,amman:21,15.680005,36.1773
boston_query_-D-onyWSIw3M1SbsxL7X-g,isotropic,5678,jpeg50,237,boston:79,boston:27,15.679998,36.1773
boston_query_-D-onyWSIw3M1SbsxL7X-g,white_box,5678,jpeg50,314,toronto:207,boston:27,15.680001,36.1773
boston_query_-D-onyWSIw3M1SbsxL7X-g,transfer_1,5678,jpeg50,320,boston:79,boston:27,15.680001,36.1773
boston_query_-D-onyWSIw3M1SbsxL7X-g,transfer_2,5678,jpeg50,182,boston:79,boston:27,15.679997,36.1773
boston_query_-D-onyWSIw3M1SbsxL7X-g,transfer_3,5678,jpeg50,217,boston:79,boston:27,15.680000,36.1773
boston_query_-D-onyWSIw3M1SbsxL7X-g,isotropic,9012,jpeg50,253,boston:79,boston:27,15.680002,36.1773
boston_query_-D-onyWSIw3M1SbsxL7X-g,white_box,9012,jpeg50,270,toronto:207,boston:27,15.679998,36.1773
boston_query_-D-onyWSIw3M1SbsxL7X-g,transfer_1,9012,jpeg50,410,boston:79,boston:27,15.680000,36.1773
boston_query_-D-onyWSIw3M1SbsxL7X-g,transfer_2,9012,jpeg50,256,boston:79,boston:27,15.680000,36.1773
boston_query_-D-onyWSIw3M1SbsxL7X-g,transfer_3,9012,jpeg50,122,boston:79,boston:27,15.680000,36.1773
cph_query_-AowxxrsOr_xM02-ZyrQ5A,isotropic,5678,jpeg50,5,manila:20,cph:96,15.679998,36.1773
cph_query_-AowxxrsOr_xM02-ZyrQ5A,white_box,5678,jpeg50,27,london:131,cph:96,15.679996,36.1773
cph_query_-AowxxrsOr_xM02-ZyrQ5A,transfer_1,5678,jpeg50,6,manila:20,cph:96,15.679997,36.1773
cph_query_-AowxxrsOr_xM02-ZyrQ5A,transfer_2,5678,jpeg50,5,manila:20,cph:96,15.680002,36.1773
cph_query_-AowxxrsOr_xM02-ZyrQ5A,transfer_3,5678,jpeg50,6,toronto:23,cph:96,15.679998,36.1773
cph_query_-AowxxrsOr_xM02-ZyrQ5A,isotropic,9012,jpeg50,3,manila:20,cph:96,15.680000,36.1773
cph_query_-AowxxrsOr_xM02-ZyrQ5A,white_box,9012,jpeg50,34,london:131,cph:96,15.680000,36.1773
cph_query_-AowxxrsOr_xM02-ZyrQ5A,transfer_1,9012,jpeg50,7,manila:20,cph:96,15.680000,36.1773
cph_query_-AowxxrsOr_xM02-ZyrQ5A,transfer_2,9012,jpeg50,6,manila:20,cph:96,15.680000,36.1773
cph_query_-AowxxrsOr_xM02-ZyrQ5A,transfer_3,9012,jpeg50,9,toronto:23,cph:96,15.679998,36.1773
london_query_-UeH_UbGnPshWdeEEYfhyQ,isotropic,5678,jpeg50,55,london:111,london:121,15.679998,36.1773
london_query_-UeH_UbGnPshWdeEEYfhyQ,white_box,5678,jpeg50,146,boston:90,london:121,15.680000,36.1773
london_query_-UeH_UbGnPshWdeEEYfhyQ,transfer_1,5678,jpeg50,57,boston:99,london:121,15.680001,36.1773
london_query_-UeH_UbGnPshWdeEEYfhyQ,transfer_2,5678,jpeg50,146,boston:90,london:121,15.680000,36.1773
london_query_-UeH_UbGnPshWdeEEYfhyQ,transfer_3,5678,jpeg50,87,boston:99,london:121,15.679995,36.1773
london_query_-UeH_UbGnPshWdeEEYfhyQ,isotropic,9012,jpeg50,90,boston:90,london:121,15.680000,36.1773
london_query_-UeH_UbGnPshWdeEEYfhyQ,white_box,9012,jpeg50,58,manila:89,london:121,15.679998,36.1773
london_query_-UeH_UbGnPshWdeEEYfhyQ,transfer_1,9012,jpeg50,98,boston:90,london:121,15.680000,36.1773
london_query_-UeH_UbGnPshWdeEEYfhyQ,transfer_2,9012,jpeg50,120,boston:99,london:121,15.680000,36.1773
london_query_-UeH_UbGnPshWdeEEYfhyQ,transfer_3,9012,jpeg50,145,boston:99,london:121,15.680000,36.1773
manila_query_-EVOy4h35ZUyBK4r6uBM5g,isotropic,5678,jpeg50,197,manila:29,manila:15,15.679997,36.1773
manila_query_-EVOy4h35ZUyBK4r6uBM5g,white_box,5678,jpeg50,1245,boston:239,manila:15,15.679997,36.1773
manila_query_-EVOy4h35ZUyBK4r6uBM5g,transfer_1,5678,jpeg50,307,manila:29,manila:15,15.679995,36.1773
manila_query_-EVOy4h35ZUyBK4r6uBM5g,transfer_2,5678,jpeg50,323,manila:29,manila:15,15.679998,36.1773
manila_query_-EVOy4h35ZUyBK4r6uBM5g,transfer_3,5678,jpeg50,259,boston:239,manila:15,15.680001,36.1773
manila_query_-EVOy4h35ZUyBK4r6uBM5g,isotropic,9012,jpeg50,166,boston:239,manila:15,15.680001,36.1773
manila_query_-EVOy4h35ZUyBK4r6uBM5g,white_box,9012,jpeg50,1448,boston:239,manila:15,15.680002,36.1773
manila_query_-EVOy4h35ZUyBK4r6uBM5g,transfer_1,9012,jpeg50,300,manila:29,manila:15,15.679997,36.1773
manila_query_-EVOy4h35ZUyBK4r6uBM5g,transfer_2,9012,jpeg50,392,manila:29,manila:15,15.680001,36.1773
manila_query_-EVOy4h35ZUyBK4r6uBM5g,transfer_3,9012,jpeg50,335,boston:239,manila:15,15.680000,36.1773
nairobi_query_0YY7sOJF2Kr1PfPB1KidBg,isotropic,5678,jpeg50,3,london:85,nairobi:3,15.680001,36.1773
nairobi_query_0YY7sOJF2Kr1PfPB1KidBg,white_box,5678,jpeg50,435,boston:123,nairobi:3,15.680001,36.1773
nairobi_query_0YY7sOJF2Kr1PfPB1KidBg,transfer_1,5678,jpeg50,6,london:85,nairobi:3,15.680002,36.1773
nairobi_query_0YY7sOJF2Kr1PfPB1KidBg,transfer_2,5678,jpeg50,28,london:85,nairobi:3,15.680000,36.1773
nairobi_query_0YY7sOJF2Kr1PfPB1KidBg,transfer_3,5678,jpeg50,5,london:85,nairobi:3,15.680000,36.1773
nairobi_query_0YY7sOJF2Kr1PfPB1KidBg,isotropic,9012,jpeg50,4,london:85,nairobi:3,15.680000,36.1773
nairobi_query_0YY7sOJF2Kr1PfPB1KidBg,white_box,9012,jpeg50,447,boston:123,nairobi:3,15.679995,36.1773
nairobi_query_0YY7sOJF2Kr1PfPB1KidBg,transfer_1,9012,jpeg50,18,london:85,nairobi:3,15.679997,36.1773
nairobi_query_0YY7sOJF2Kr1PfPB1KidBg,transfer_2,9012,jpeg50,19,london:85,nairobi:3,15.680001,36.1773
nairobi_query_0YY7sOJF2Kr1PfPB1KidBg,transfer_3,9012,jpeg50,12,boston:123,nairobi:3,15.679998,36.1773
toronto_query_-8Q-Otkctyr1cXAnmn2BEw,isotropic,5678,jpeg50,1,toronto:23,toronto:23,15.679997,36.1773
toronto_query_-8Q-Otkctyr1cXAnmn2BEw,white_box,5678,jpeg50,186,toronto:200,toronto:23,15.680000,36.1773
toronto_query_-8Q-Otkctyr1cXAnmn2BEw,transfer_1,5678,jpeg50,1,toronto:23,toronto:23,15.680001,36.1773
toronto_query_-8Q-Otkctyr1cXAnmn2BEw,transfer_2,5678,jpeg50,1,toronto:23,toronto:23,15.679998,36.1773
toronto_query_-8Q-Otkctyr1cXAnmn2BEw,transfer_3,5678,jpeg50,1,toronto:23,toronto:23,15.680001,36.1773
toronto_query_-8Q-Otkctyr1cXAnmn2BEw,isotropic,9012,jpeg50,1,toronto:23,toronto:23,15.679995,36.1773
toronto_query_-8Q-Otkctyr1cXAnmn2BEw,white_box,9012,jpeg50,137,london:34,toronto:23,15.680000,36.1773
toronto_query_-8Q-Otkctyr1cXAnmn2BEw,transfer_1,9012,jpeg50,1,toronto:23,toronto:23,15.680000,36.1773
toronto_query_-8Q-Otkctyr1cXAnmn2BEw,transfer_2,9012,jpeg50,1,toronto:23,toronto:23,15.680000,36.1773
toronto_query_-8Q-Otkctyr1cXAnmn2BEw,transfer_3,9012,jpeg50,1,toronto:23,toronto:23,15.680002,36.1773
zurich_query_-ZAb7eYhYeo1yW06_paa_g,isotropic,5678,jpeg50,4,cph:243,zurich:27,15.679998,36.1773
zurich_query_-ZAb7eYhYeo1yW06_paa_g,white_box,5678,jpeg50,39,zurich:60,zurich:27,15.679995,36.1773
zurich_query_-ZAb7eYhYeo1yW06_paa_g,transfer_1,5678,jpeg50,1,zurich:27,zurich:27,15.679997,36.1773
zurich_query_-ZAb7eYhYeo1yW06_paa_g,transfer_2,5678,jpeg50,6,zurich:42,zurich:27,15.679995,36.1773
zurich_query_-ZAb7eYhYeo1yW06_paa_g,transfer_3,5678,jpeg50,4,boston:191,zurich:27,15.679997,36.1773
zurich_query_-ZAb7eYhYeo1yW06_paa_g,isotropic,9012,jpeg50,1,zurich:27,zurich:27,15.680001,36.1773
zurich_query_-ZAb7eYhYeo1yW06_paa_g,white_box,9012,jpeg50,25,boston:191,zurich:27,15.680000,36.1773
zurich_query_-ZAb7eYhYeo1yW06_paa_g,transfer_1,9012,jpeg50,1,zurich:27,zurich:27,15.680000,36.1773
zurich_query_-ZAb7eYhYeo1yW06_paa_g,transfer_2,9012,jpeg50,5,boston:234,zurich:27,15.680004,36.1773
zurich_query_-ZAb7eYhYeo1yW06_paa_g,transfer_3,9012,jpeg50,4,zurich:60,zurich:27,15.680000,36.1773
amman_query_0IvHKlYEfFEP39KRxr9UZg,isotropic,5678,jpeg50,1,amman:22,amman:22,15.680000,36.1773
amman_query_0IvHKlYEfFEP39KRxr9UZg,white_box,5678,jpeg50,30,cph:33,amman:22,15.679997,36.1773
amman_query_0IvHKlYEfFEP39KRxr9UZg,transfer_1,5678,jpeg50,1,amman:22,amman:22,15.679993,36.1773
amman_query_0IvHKlYEfFEP39KRxr9UZg,transfer_2,5678,jpeg50,1,amman:22,amman:22,15.679998,36.1773
amman_query_0IvHKlYEfFEP39KRxr9UZg,transfer_3,5678,jpeg50,1,amman:22,amman:22,15.679998,36.1773
amman_query_0IvHKlYEfFEP39KRxr9UZg,isotropic,9012,jpeg50,1,amman:22,amman:22,15.680000,36.1773
amman_query_0IvHKlYEfFEP39KRxr9UZg,white_box,9012,jpeg50,27,cph:33,amman:22,15.679995,36.1773
amman_query_0IvHKlYEfFEP39KRxr9UZg,transfer_1,9012,jpeg50,2,cph:33,amman:22,15.680000,36.1773
amman_query_0IvHKlYEfFEP39KRxr9UZg,transfer_2,9012,jpeg50,1,amman:22,amman:22,15.679998,36.1773
amman_query_0IvHKlYEfFEP39KRxr9UZg,transfer_3,9012,jpeg50,1,amman:22,amman:22,15.679996,36.1773
boston_query_-DYvemYiNwx_BmPSrlUWIA,isotropic,5678,jpeg50,204,amman:35,boston:144,15.679997,36.1773
boston_query_-DYvemYiNwx_BmPSrlUWIA,white_box,5678,jpeg50,330,amman:23,boston:144,15.679997,36.1773
boston_query_-DYvemYiNwx_BmPSrlUWIA,transfer_1,5678,jpeg50,99,boston:90,boston:144,15.680000,36.1773
boston_query_-DYvemYiNwx_BmPSrlUWIA,transfer_2,5678,jpeg50,264,boston:123,boston:144,15.679997,36.1773
boston_query_-DYvemYiNwx_BmPSrlUWIA,transfer_3,5678,jpeg50,442,amman:35,boston:144,15.680000,36.1773
boston_query_-DYvemYiNwx_BmPSrlUWIA,isotropic,9012,jpeg50,170,boston:191,boston:144,15.680000,36.1773
boston_query_-DYvemYiNwx_BmPSrlUWIA,white_box,9012,jpeg50,224,amman:23,boston:144,15.680000,36.1773
boston_query_-DYvemYiNwx_BmPSrlUWIA,transfer_1,9012,jpeg50,192,boston:123,boston:144,15.680002,36.1773
boston_query_-DYvemYiNwx_BmPSrlUWIA,transfer_2,9012,jpeg50,70,boston:123,boston:144,15.680000,36.1773
boston_query_-DYvemYiNwx_BmPSrlUWIA,transfer_3,9012,jpeg50,578,amman:35,boston:144,15.679998,36.1773
cph_query_-BH_JCTriNnLeoSt0e51lQ,isotropic,5678,jpeg50,436,zurich:46,cph:429,15.679998,36.1773
cph_query_-BH_JCTriNnLeoSt0e51lQ,white_box,5678,jpeg50,1245,boston:235,cph:429,15.679997,36.1773
cph_query_-BH_JCTriNnLeoSt0e51lQ,transfer_1,5678,jpeg50,775,boston:123,cph:429,15.680001,36.1773
cph_query_-BH_JCTriNnLeoSt0e51lQ,transfer_2,5678,jpeg50,960,boston:98,cph:429,15.679996,36.1773
cph_query_-BH_JCTriNnLeoSt0e51lQ,transfer_3,5678,jpeg50,852,boston:98,cph:429,15.679998,36.1773
cph_query_-BH_JCTriNnLeoSt0e51lQ,isotropic,9012,jpeg50,480,boston:123,cph:429,15.679997,36.1773
cph_query_-BH_JCTriNnLeoSt0e51lQ,white_box,9012,jpeg50,1133,manila:72,cph:429,15.679992,36.1773
cph_query_-BH_JCTriNnLeoSt0e51lQ,transfer_1,9012,jpeg50,800,boston:123,cph:429,15.680000,36.1773
cph_query_-BH_JCTriNnLeoSt0e51lQ,transfer_2,9012,jpeg50,808,boston:98,cph:429,15.680002,36.1773
cph_query_-BH_JCTriNnLeoSt0e51lQ,transfer_3,9012,jpeg50,917,boston:123,cph:429,15.679997,36.1773
london_query_-WUdEGuLIX2B2T8rBV0Rgw,isotropic,5678,jpeg50,62,boston:250,london:75,15.680000,36.1773
london_query_-WUdEGuLIX2B2T8rBV0Rgw,white_box,5678,jpeg50,1011,boston:249,london:75,15.680000,36.1773
london_query_-WUdEGuLIX2B2T8rBV0Rgw,transfer_1,5678,jpeg50,88,boston:250,london:75,15.679997,36.1773
london_query_-WUdEGuLIX2B2T8rBV0Rgw,transfer_2,5678,jpeg50,105,boston:250,london:75,15.679998,36.1773
london_query_-WUdEGuLIX2B2T8rBV0Rgw,transfer_3,5678,jpeg50,153,boston:250,london:75,15.680002,36.1773
london_query_-WUdEGuLIX2B2T8rBV0Rgw,isotropic,9012,jpeg50,44,manila:163,london:75,15.680001,36.1773
london_query_-WUdEGuLIX2B2T8rBV0Rgw,white_box,9012,jpeg50,945,boston:249,london:75,15.680000,36.1773
london_query_-WUdEGuLIX2B2T8rBV0Rgw,transfer_1,9012,jpeg50,75,manila:163,london:75,15.679996,36.1773
london_query_-WUdEGuLIX2B2T8rBV0Rgw,transfer_2,9012,jpeg50,74,manila:163,london:75,15.680002,36.1773
london_query_-WUdEGuLIX2B2T8rBV0Rgw,transfer_3,9012,jpeg50,145,boston:250,london:75,15.679998,36.1773
manila_query_-EthLwRJMwt-Shb-xpIYlA,isotropic,5678,jpeg50,778,manila:23,manila:119,15.679997,36.1773
manila_query_-EthLwRJMwt-Shb-xpIYlA,white_box,5678,jpeg50,1400,manila:190,manila:119,15.679998,36.1773
manila_query_-EthLwRJMwt-Shb-xpIYlA,transfer_1,5678,jpeg50,726,manila:134,manila:119,15.679995,36.1773
manila_query_-EthLwRJMwt-Shb-xpIYlA,transfer_2,5678,jpeg50,769,manila:190,manila:119,15.679992,36.1773
manila_query_-EthLwRJMwt-Shb-xpIYlA,transfer_3,5678,jpeg50,1157,manila:134,manila:119,15.679997,36.1773
manila_query_-EthLwRJMwt-Shb-xpIYlA,isotropic,9012,jpeg50,536,manila:190,manila:119,15.679996,36.1773
manila_query_-EthLwRJMwt-Shb-xpIYlA,white_box,9012,jpeg50,1364,london:34,manila:119,15.679997,36.1773
manila_query_-EthLwRJMwt-Shb-xpIYlA,transfer_1,9012,jpeg50,753,manila:134,manila:119,15.680002,36.1773
manila_query_-EthLwRJMwt-Shb-xpIYlA,transfer_2,9012,jpeg50,935,manila:190,manila:119,15.680000,36.1773
manila_query_-EthLwRJMwt-Shb-xpIYlA,transfer_3,9012,jpeg50,889,toronto:23,manila:119,15.679998,36.1773
nairobi_query_0jIUlQnC_o05NHi_OMD_vg,isotropic,5678,jpeg50,72,zurich:42,nairobi:10,15.679997,36.1773
nairobi_query_0jIUlQnC_o05NHi_OMD_vg,white_box,5678,jpeg50,89,cph:271,nairobi:10,15.679998,36.1773
nairobi_query_0jIUlQnC_o05NHi_OMD_vg,transfer_1,5678,jpeg50,71,cph:459,nairobi:10,15.679997,36.1773
nairobi_query_0jIUlQnC_o05NHi_OMD_vg,transfer_2,5678,jpeg50,50,zurich:42,nairobi:10,15.680000,36.1773
nairobi_query_0jIUlQnC_o05NHi_OMD_vg,transfer_3,5678,jpeg50,78,cph:459,nairobi:10,15.679997,36.1773
nairobi_query_0jIUlQnC_o05NHi_OMD_vg,isotropic,9012,jpeg50,75,zurich:42,nairobi:10,15.680002,36.1773
nairobi_query_0jIUlQnC_o05NHi_OMD_vg,white_box,9012,jpeg50,69,cph:271,nairobi:10,15.680000,36.1773
nairobi_query_0jIUlQnC_o05NHi_OMD_vg,transfer_1,9012,jpeg50,96,cph:459,nairobi:10,15.680000,36.1773
nairobi_query_0jIUlQnC_o05NHi_OMD_vg,transfer_2,9012,jpeg50,51,zurich:42,nairobi:10,15.680005,36.1773
nairobi_query_0jIUlQnC_o05NHi_OMD_vg,transfer_3,9012,jpeg50,108,zurich:42,nairobi:10,15.679997,36.1773
toronto_query_-8imnyri_5yPaHzqoBtiSg,isotropic,5678,jpeg50,91,toronto:228,toronto:274,15.679998,36.1773
toronto_query_-8imnyri_5yPaHzqoBtiSg,white_box,5678,jpeg50,829,amman:1,toronto:274,15.679997,36.1773
toronto_query_-8imnyri_5yPaHzqoBtiSg,transfer_1,5678,jpeg50,63,toronto:197,toronto:274,15.679992,36.1773
toronto_query_-8imnyri_5yPaHzqoBtiSg,transfer_2,5678,jpeg50,94,toronto:228,toronto:274,15.679992,36.1773
toronto_query_-8imnyri_5yPaHzqoBtiSg,transfer_3,5678,jpeg50,186,toronto:228,toronto:274,15.679996,36.1773
toronto_query_-8imnyri_5yPaHzqoBtiSg,isotropic,9012,jpeg50,56,toronto:130,toronto:274,15.680000,36.1773
toronto_query_-8imnyri_5yPaHzqoBtiSg,white_box,9012,jpeg50,1166,amman:1,toronto:274,15.679997,36.1773
toronto_query_-8imnyri_5yPaHzqoBtiSg,transfer_1,9012,jpeg50,130,toronto:130,toronto:274,15.679992,36.1773
toronto_query_-8imnyri_5yPaHzqoBtiSg,transfer_2,9012,jpeg50,117,toronto:130,toronto:274,15.679997,36.1773
toronto_query_-8imnyri_5yPaHzqoBtiSg,transfer_3,9012,jpeg50,190,toronto:228,toronto:274,15.679997,36.1773
zurich_query_-_SB4ERKdFDYkwavdkk6NA,isotropic,5678,jpeg50,7,boston:98,zurich:27,15.680000,36.1773
zurich_query_-_SB4ERKdFDYkwavdkk6NA,white_box,5678,jpeg50,78,zurich:60,zurich:27,15.680000,36.1773
zurich_query_-_SB4ERKdFDYkwavdkk6NA,transfer_1,5678,jpeg50,6,cph:162,zurich:27,15.679997,36.1773
zurich_query_-_SB4ERKdFDYkwavdkk6NA,transfer_2,5678,jpeg50,28,amman:25,zurich:27,15.680002,36.1773
zurich_query_-_SB4ERKdFDYkwavdkk6NA,transfer_3,5678,jpeg50,11,boston:79,zurich:27,15.680000,36.1773
zurich_query_-_SB4ERKdFDYkwavdkk6NA,isotropic,9012,jpeg50,5,zurich:111,zurich:27,15.679997,36.1773
zurich_query_-_SB4ERKdFDYkwavdkk6NA,white_box,9012,jpeg50,39,zurich:60,zurich:27,15.679998,36.1773
zurich_query_-_SB4ERKdFDYkwavdkk6NA,transfer_1,9012,jpeg50,2,boston:79,zurich:27,15.679992,36.1773
zurich_query_-_SB4ERKdFDYkwavdkk6NA,transfer_2,9012,jpeg50,17,amman:25,zurich:27,15.680000,36.1773
zurich_query_-_SB4ERKdFDYkwavdkk6NA,transfer_3,9012,jpeg50,8,boston:79,zurich:27,15.679998,36.1773
amman_query_0NfGsYmI9MkLl0JzfO-tJg,isotropic,5678,jpeg50,1928,amman:1,amman:37,15.679998,36.1773
amman_query_0NfGsYmI9MkLl0JzfO-tJg,white_box,5678,jpeg50,1996,manila:190,amman:37,15.679997,36.1773
amman_query_0NfGsYmI9MkLl0JzfO-tJg,transfer_1,5678,jpeg50,1920,amman:1,amman:37,15.680000,36.1773
amman_query_0NfGsYmI9MkLl0JzfO-tJg,transfer_2,5678,jpeg50,1948,amman:1,amman:37,15.680002,36.1773
amman_query_0NfGsYmI9MkLl0JzfO-tJg,transfer_3,5678,jpeg50,1965,amman:1,amman:37,15.679997,36.1773
amman_query_0NfGsYmI9MkLl0JzfO-tJg,isotropic,9012,jpeg50,1940,amman:1,amman:37,15.680000,36.1773
amman_query_0NfGsYmI9MkLl0JzfO-tJg,white_box,9012,jpeg50,1995,manila:190,amman:37,15.679998,36.1773
amman_query_0NfGsYmI9MkLl0JzfO-tJg,transfer_1,9012,jpeg50,1935,amman:1,amman:37,15.679997,36.1773
amman_query_0NfGsYmI9MkLl0JzfO-tJg,transfer_2,9012,jpeg50,1950,amman:1,amman:37,15.680002,36.1773
amman_query_0NfGsYmI9MkLl0JzfO-tJg,transfer_3,9012,jpeg50,1966,amman:1,amman:37,15.680000,36.1773
boston_query_-DZ2jmUKLylFospVHUJx9w,isotropic,5678,jpeg50,63,amman:23,boston:144,15.679998,36.1773
boston_query_-DZ2jmUKLylFospVHUJx9w,white_box,5678,jpeg50,732,boston:123,boston:144,15.680000,36.1773
boston_query_-DZ2jmUKLylFospVHUJx9w,transfer_1,5678,jpeg50,133,boston:123,boston:144,15.680000,36.1773
boston_query_-DZ2jmUKLylFospVHUJx9w,transfer_2,5678,jpeg50,218,boston:171,boston:144,15.679998,36.1773
boston_query_-DZ2jmUKLylFospVHUJx9w,transfer_3,5678,jpeg50,179,boston:123,boston:144,15.680001,36.1773
boston_query_-DZ2jmUKLylFospVHUJx9w,isotropic,9012,jpeg50,92,amman:23,boston:144,15.680000,36.1773
boston_query_-DZ2jmUKLylFospVHUJx9w,white_box,9012,jpeg50,634,boston:123,boston:144,15.679998,36.1773
boston_query_-DZ2jmUKLylFospVHUJx9w,transfer_1,9012,jpeg50,106,boston:123,boston:144,15.680000,36.1773
boston_query_-DZ2jmUKLylFospVHUJx9w,transfer_2,9012,jpeg50,303,boston:123,boston:144,15.679995,36.1773
boston_query_-DZ2jmUKLylFospVHUJx9w,transfer_3,9012,jpeg50,187,boston:123,boston:144,15.680000,36.1773
cph_query_-CmhgNHgZVau1Sw841AZJw,isotropic,5678,jpeg50,1,cph:271,cph:271,15.679997,36.1773
cph_query_-CmhgNHgZVau1Sw841AZJw,white_box,5678,jpeg50,52,boston:79,cph:271,15.680002,36.1773
cph_query_-CmhgNHgZVau1Sw841AZJw,transfer_1,5678,jpeg50,2,cph:243,cph:271,15.680000,36.1773
cph_query_-CmhgNHgZVau1Sw841AZJw,transfer_2,5678,jpeg50,3,boston:79,cph:271,15.680000,36.1773
cph_query_-CmhgNHgZVau1Sw841AZJw,transfer_3,5678,jpeg50,4,boston:79,cph:271,15.679998,36.1773
cph_query_-CmhgNHgZVau1Sw841AZJw,isotropic,9012,jpeg50,1,cph:271,cph:271,15.680000,36.1773
cph_query_-CmhgNHgZVau1Sw841AZJw,white_box,9012,jpeg50,63,toronto:55,cph:271,15.680000,36.1773
cph_query_-CmhgNHgZVau1Sw841AZJw,transfer_1,9012,jpeg50,1,cph:271,cph:271,15.679997,36.1773
cph_query_-CmhgNHgZVau1Sw841AZJw,transfer_2,9012,jpeg50,2,boston:79,cph:271,15.679997,36.1773
cph_query_-CmhgNHgZVau1Sw841AZJw,transfer_3,9012,jpeg50,2,boston:79,cph:271,15.679997,36.1773
london_query_-WZeEq0W1pr6VJS4t3dR0g,isotropic,5678,jpeg50,4,boston:206,london:63,15.680000,36.1773
london_query_-WZeEq0W1pr6VJS4t3dR0g,white_box,5678,jpeg50,24,zurich:7,london:63,15.679997,36.1773
london_query_-WZeEq0W1pr6VJS4t3dR0g,transfer_1,5678,jpeg50,5,manila:163,london:63,15.680000,36.1773
london_query_-WZeEq0W1pr6VJS4t3dR0g,transfer_2,5678,jpeg50,64,boston:206,london:63,15.679997,36.1773
london_query_-WZeEq0W1pr6VJS4t3dR0g,transfer_3,5678,jpeg50,18,boston:234,london:63,15.679997,36.1773
london_query_-WZeEq0W1pr6VJS4t3dR0g,isotropic,9012,jpeg50,4,boston:206,london:63,15.679995,36.1773
london_query_-WZeEq0W1pr6VJS4t3dR0g,white_box,9012,jpeg50,35,zurich:7,london:63,15.680000,36.1773
london_query_-WZeEq0W1pr6VJS4t3dR0g,transfer_1,9012,jpeg50,13,manila:163,london:63,15.679997,36.1773
london_query_-WZeEq0W1pr6VJS4t3dR0g,transfer_2,9012,jpeg50,12,cph:208,london:63,15.680000,36.1773
london_query_-WZeEq0W1pr6VJS4t3dR0g,transfer_3,9012,jpeg50,39,boston:249,london:63,15.680000,36.1773
manila_query_-GD9SrklFbEy7mNAK9uIXg,isotropic,5678,jpeg50,47,amman:23,manila:143,15.679997,36.1773
manila_query_-GD9SrklFbEy7mNAK9uIXg,white_box,5678,jpeg50,2,toronto:55,manila:143,15.679997,36.1773
manila_query_-GD9SrklFbEy7mNAK9uIXg,transfer_1,5678,jpeg50,68,manila:153,manila:143,15.679997,36.1773
manila_query_-GD9SrklFbEy7mNAK9uIXg,transfer_2,5678,jpeg50,83,manila:153,manila:143,15.680004,36.1773
manila_query_-GD9SrklFbEy7mNAK9uIXg,transfer_3,5678,jpeg50,78,cph:279,manila:143,15.679998,36.1773
manila_query_-GD9SrklFbEy7mNAK9uIXg,isotropic,9012,jpeg50,24,manila:153,manila:143,15.679998,36.1773
manila_query_-GD9SrklFbEy7mNAK9uIXg,white_box,9012,jpeg50,1,manila:143,manila:143,15.679998,36.1773
manila_query_-GD9SrklFbEy7mNAK9uIXg,transfer_1,9012,jpeg50,27,manila:13,manila:143,15.679998,36.1773
manila_query_-GD9SrklFbEy7mNAK9uIXg,transfer_2,9012,jpeg50,75,zurich:42,manila:143,15.679997,36.1773
manila_query_-GD9SrklFbEy7mNAK9uIXg,transfer_3,9012,jpeg50,95,cph:279,manila:143,15.680000,36.1773
nairobi_query_0o5iaNnZzqS9cqJ1tMT85g,isotropic,5678,jpeg50,40,manila:132,nairobi:20,15.679997,36.1773
nairobi_query_0o5iaNnZzqS9cqJ1tMT85g,white_box,5678,jpeg50,822,zurich:22,nairobi:20,15.680001,36.1773
nairobi_query_0o5iaNnZzqS9cqJ1tMT85g,transfer_1,5678,jpeg50,74,nairobi:13,nairobi:20,15.679997,36.1773
nairobi_query_0o5iaNnZzqS9cqJ1tMT85g,transfer_2,5678,jpeg50,106,nairobi:13,nairobi:20,15.679998,36.1773
nairobi_query_0o5iaNnZzqS9cqJ1tMT85g,transfer_3,5678,jpeg50,76,amman:1,nairobi:20,15.680002,36.1773
nairobi_query_0o5iaNnZzqS9cqJ1tMT85g,isotropic,9012,jpeg50,49,manila:132,nairobi:20,15.680001,36.1773
nairobi_query_0o5iaNnZzqS9cqJ1tMT85g,white_box,9012,jpeg50,522,nairobi:10,nairobi:20,15.679997,36.1773
nairobi_query_0o5iaNnZzqS9cqJ1tMT85g,transfer_1,9012,jpeg50,50,nairobi:13,nairobi:20,15.679998,36.1773
nairobi_query_0o5iaNnZzqS9cqJ1tMT85g,transfer_2,9012,jpeg50,51,nairobi:13,nairobi:20,15.679998,36.1773
nairobi_query_0o5iaNnZzqS9cqJ1tMT85g,transfer_3,9012,jpeg50,49,manila:132,nairobi:20,15.680005,36.1773
toronto_query_-8zrNMH6voa2ZtBaGNpoYQ,isotropic,5678,jpeg50,26,cph:243,toronto:130,15.680000,36.1773
toronto_query_-8zrNMH6voa2ZtBaGNpoYQ,white_box,5678,jpeg50,128,amman:1,toronto:130,15.680000,36.1773
toronto_query_-8zrNMH6voa2ZtBaGNpoYQ,transfer_1,5678,jpeg50,46,amman:23,toronto:130,15.679995,36.1773
toronto_query_-8zrNMH6voa2ZtBaGNpoYQ,transfer_2,5678,jpeg50,39,amman:23,toronto:130,15.679997,36.1773
toronto_query_-8zrNMH6voa2ZtBaGNpoYQ,transfer_3,5678,jpeg50,68,amman:23,toronto:130,15.680005,36.1773
toronto_query_-8zrNMH6voa2ZtBaGNpoYQ,isotropic,9012,jpeg50,21,amman:23,toronto:130,15.680000,36.1773
toronto_query_-8zrNMH6voa2ZtBaGNpoYQ,white_box,9012,jpeg50,161,amman:1,toronto:130,15.679996,36.1773
toronto_query_-8zrNMH6voa2ZtBaGNpoYQ,transfer_1,9012,jpeg50,37,amman:23,toronto:130,15.680000,36.1773
toronto_query_-8zrNMH6voa2ZtBaGNpoYQ,transfer_2,9012,jpeg50,30,amman:23,toronto:130,15.680000,36.1773
toronto_query_-8zrNMH6voa2ZtBaGNpoYQ,transfer_3,9012,jpeg50,58,amman:23,toronto:130,15.679998,36.1773
zurich_query_-bwmsEYfSnHpjkqrw0Vn6g,isotropic,5678,jpeg50,1,zurich:27,zurich:27,15.679998,36.1773
zurich_query_-bwmsEYfSnHpjkqrw0Vn6g,white_box,5678,jpeg50,173,nairobi:1,zurich:27,15.680000,36.1773
zurich_query_-bwmsEYfSnHpjkqrw0Vn6g,transfer_1,5678,jpeg50,1,zurich:27,zurich:27,15.680005,36.1773
zurich_query_-bwmsEYfSnHpjkqrw0Vn6g,transfer_2,5678,jpeg50,4,amman:21,zurich:27,15.680000,36.1773
zurich_query_-bwmsEYfSnHpjkqrw0Vn6g,transfer_3,5678,jpeg50,9,amman:11,zurich:27,15.679996,36.1773
zurich_query_-bwmsEYfSnHpjkqrw0Vn6g,isotropic,9012,jpeg50,1,zurich:27,zurich:27,15.679997,36.1773
zurich_query_-bwmsEYfSnHpjkqrw0Vn6g,white_box,9012,jpeg50,263,nairobi:1,zurich:27,15.679995,36.1773
zurich_query_-bwmsEYfSnHpjkqrw0Vn6g,transfer_1,9012,jpeg50,1,zurich:27,zurich:27,15.679997,36.1773
zurich_query_-bwmsEYfSnHpjkqrw0Vn6g,transfer_2,9012,jpeg50,6,amman:11,zurich:27,15.680002,36.1773
zurich_query_-bwmsEYfSnHpjkqrw0Vn6g,transfer_3,9012,jpeg50,11,amman:25,zurich:27,15.679998,36.1773
amman_query_0PLHged3iWJuuv8xOPB5rA,isotropic,5678,jpeg50,56,zurich:27,amman:29,15.680000,36.1773
amman_query_0PLHged3iWJuuv8xOPB5rA,white_box,5678,jpeg50,270,amman:25,amman:29,15.679992,36.1773
amman_query_0PLHged3iWJuuv8xOPB5rA,transfer_1,5678,jpeg50,113,zurich:27,amman:29,15.680001,36.1773
amman_query_0PLHged3iWJuuv8xOPB5rA,transfer_2,5678,jpeg50,85,zurich:27,amman:29,15.680001,36.1773
amman_query_0PLHged3iWJuuv8xOPB5rA,transfer_3,5678,jpeg50,144,amman:23,amman:29,15.680002,36.1773
amman_query_0PLHged3iWJuuv8xOPB5rA,isotropic,9012,jpeg50,117,amman:25,amman:29,15.679997,36.1773
amman_query_0PLHged3iWJuuv8xOPB5rA,white_box,9012,jpeg50,171,zurich:27,amman:29,15.679998,36.1773
amman_query_0PLHged3iWJuuv8xOPB5rA,transfer_1,9012,jpeg50,71,zurich:27,amman:29,15.680000,36.1773
amman_query_0PLHged3iWJuuv8xOPB5rA,transfer_2,9012,jpeg50,76,zurich:27,amman:29,15.680002,36.1773
amman_query_0PLHged3iWJuuv8xOPB5rA,transfer_3,9012,jpeg50,109,amman:23,amman:29,15.680005,36.1773
boston_query_-EHBZ4-3d6vENYYFm7mWEw,isotropic,5678,jpeg50,2,boston:191,boston:123,15.680001,36.1773
boston_query_-EHBZ4-3d6vENYYFm7mWEw,white_box,5678,jpeg50,3,manila:189,boston:123,15.679998,36.1773
boston_query_-EHBZ4-3d6vENYYFm7mWEw,transfer_1,5678,jpeg50,2,boston:191,boston:123,15.679997,36.1773
boston_query_-EHBZ4-3d6vENYYFm7mWEw,transfer_2,5678,jpeg50,1,boston:123,boston:123,15.680002,36.1773
boston_query_-EHBZ4-3d6vENYYFm7mWEw,transfer_3,5678,jpeg50,1,boston:123,boston:123,15.679997,36.1773
boston_query_-EHBZ4-3d6vENYYFm7mWEw,isotropic,9012,jpeg50,1,boston:123,boston:123,15.679997,36.1773
boston_query_-EHBZ4-3d6vENYYFm7mWEw,white_box,9012,jpeg50,6,manila:189,boston:123,15.679996,36.1773
boston_query_-EHBZ4-3d6vENYYFm7mWEw,transfer_1,9012,jpeg50,2,boston:191,boston:123,15.680000,36.1773
boston_query_-EHBZ4-3d6vENYYFm7mWEw,transfer_2,9012,jpeg50,1,boston:123,boston:123,15.680001,36.1773
boston_query_-EHBZ4-3d6vENYYFm7mWEw,transfer_3,9012,jpeg50,2,boston:191,boston:123,15.679995,36.1773
cph_query_-CrgHhqoywCPgzsSAabnsw,isotropic,5678,jpeg50,4,cph:33,cph:464,15.680000,36.1773
cph_query_-CrgHhqoywCPgzsSAabnsw,white_box,5678,jpeg50,38,manila:92,cph:464,15.679997,36.1773
cph_query_-CrgHhqoywCPgzsSAabnsw,transfer_1,5678,jpeg50,3,cph:33,cph:464,15.679997,36.1773
cph_query_-CrgHhqoywCPgzsSAabnsw,transfer_2,5678,jpeg50,2,cph:33,cph:464,15.680002,36.1773
cph_query_-CrgHhqoywCPgzsSAabnsw,transfer_3,5678,jpeg50,5,cph:33,cph:464,15.680005,36.1773
cph_query_-CrgHhqoywCPgzsSAabnsw,isotropic,9012,jpeg50,8,zurich:42,cph:464,15.680000,36.1773
cph_query_-CrgHhqoywCPgzsSAabnsw,white_box,9012,jpeg50,24,manila:13,cph:464,15.679996,36.1773
cph_query_-CrgHhqoywCPgzsSAabnsw,transfer_1,9012,jpeg50,2,cph:208,cph:464,15.679995,36.1773
cph_query_-CrgHhqoywCPgzsSAabnsw,transfer_2,9012,jpeg50,3,cph:33,cph:464,15.679998,36.1773
cph_query_-CrgHhqoywCPgzsSAabnsw,transfer_3,9012,jpeg50,11,amman:31,cph:464,15.680000,36.1773
london_query_-WyzcGh-_EYVhI50Y9F08Q,isotropic,5678,jpeg50,142,zurich:96,london:121,15.680000,36.1773
london_query_-WyzcGh-_EYVhI50Y9F08Q,white_box,5678,jpeg50,1316,cph:345,london:121,15.680000,36.1773
london_query_-WyzcGh-_EYVhI50Y9F08Q,transfer_1,5678,jpeg50,174,zurich:96,london:121,15.680004,36.1773
london_query_-WyzcGh-_EYVhI50Y9F08Q,transfer_2,5678,jpeg50,422,zurich:96,london:121,15.680001,36.1773
london_query_-WyzcGh-_EYVhI50Y9F08Q,transfer_3,5678,jpeg50,676,toronto:23,london:121,15.679998,36.1773
london_query_-WyzcGh-_EYVhI50Y9F08Q,isotropic,9012,jpeg50,172,zurich:96,london:121,15.680000,36.1773
london_query_-WyzcGh-_EYVhI50Y9F08Q,white_box,9012,jpeg50,1124,cph:345,london:121,15.680002,36.1773
london_query_-WyzcGh-_EYVhI50Y9F08Q,transfer_1,9012,jpeg50,243,zurich:96,london:121,15.680008,36.1773
london_query_-WyzcGh-_EYVhI50Y9F08Q,transfer_2,9012,jpeg50,288,zurich:96,london:121,15.679997,36.1773
london_query_-WyzcGh-_EYVhI50Y9F08Q,transfer_3,9012,jpeg50,649,toronto:23,london:121,15.680000,36.1773
manila_query_-GRDcYlSjwLZPQ0LqKatqA,isotropic,5678,jpeg50,635,manila:140,manila:171,15.680000,36.1773
manila_query_-GRDcYlSjwLZPQ0LqKatqA,white_box,5678,jpeg50,743,amman:23,manila:171,15.680000,36.1773
manila_query_-GRDcYlSjwLZPQ0LqKatqA,transfer_1,5678,jpeg50,551,manila:140,manila:171,15.680005,36.1773
manila_query_-GRDcYlSjwLZPQ0LqKatqA,transfer_2,5678,jpeg50,283,manila:140,manila:171,15.679998,36.1773
manila_query_-GRDcYlSjwLZPQ0LqKatqA,transfer_3,5678,jpeg50,684,manila:140,manila:171,15.679998,36.1773
manila_query_-GRDcYlSjwLZPQ0LqKatqA,isotropic,9012,jpeg50,717,manila:140,manila:171,15.679997,36.1773
manila_query_-GRDcYlSjwLZPQ0LqKatqA,white_box,9012,jpeg50,884,amman:23,manila:171,15.679998,36.1773
manila_query_-GRDcYlSjwLZPQ0LqKatqA,transfer_1,9012,jpeg50,658,manila:140,manila:171,15.679995,36.1773
manila_query_-GRDcYlSjwLZPQ0LqKatqA,transfer_2,9012,jpeg50,415,manila:140,manila:171,15.679998,36.1773
manila_query_-GRDcYlSjwLZPQ0LqKatqA,transfer_3,9012,jpeg50,645,manila:140,manila:171,15.680000,36.1773
nairobi_query_0u9pYEI4g20T0TGGb3Q_mw,isotropic,5678,jpeg50,52,toronto:351,nairobi:19,15.679998,36.1773
nairobi_query_0u9pYEI4g20T0TGGb3Q_mw,white_box,5678,jpeg50,469,amman:31,nairobi:19,15.680000,36.1773
nairobi_query_0u9pYEI4g20T0TGGb3Q_mw,transfer_1,5678,jpeg50,50,cph:176,nairobi:19,15.679992,36.1773
nairobi_query_0u9pYEI4g20T0TGGb3Q_mw,transfer_2,5678,jpeg50,253,cph:176,nairobi:19,15.679997,36.1773
nairobi_query_0u9pYEI4g20T0TGGb3Q_mw,transfer_3,5678,jpeg50,194,toronto:351,nairobi:19,15.679997,36.1773
nairobi_query_0u9pYEI4g20T0TGGb3Q_mw,isotropic,9012,jpeg50,88,cph:176,nairobi:19,15.679997,36.1773
nairobi_query_0u9pYEI4g20T0TGGb3Q_mw,white_box,9012,jpeg50,404,amman:31,nairobi:19,15.679998,36.1773
nairobi_query_0u9pYEI4g20T0TGGb3Q_mw,transfer_1,9012,jpeg50,92,cph:176,nairobi:19,15.680009,36.1773
nairobi_query_0u9pYEI4g20T0TGGb3Q_mw,transfer_2,9012,jpeg50,67,toronto:351,nairobi:19,15.680000,36.1773
nairobi_query_0u9pYEI4g20T0TGGb3Q_mw,transfer_3,9012,jpeg50,210,toronto:351,nairobi:19,15.679992,36.1773
toronto_query_-90qYles5GKU3ikhCYP3xg,isotropic,5678,jpeg50,8,amman:11,toronto:265,15.679998,36.1773
toronto_query_-90qYles5GKU3ikhCYP3xg,white_box,5678,jpeg50,77,amman:11,toronto:265,15.680000,36.1773
toronto_query_-90qYles5GKU3ikhCYP3xg,transfer_1,5678,jpeg50,14,amman:11,toronto:265,15.680005,36.1773
toronto_query_-90qYles5GKU3ikhCYP3xg,transfer_2,5678,jpeg50,14,amman:11,toronto:265,15.680001,36.1773
toronto_query_-90qYles5GKU3ikhCYP3xg,transfer_3,5678,jpeg50,45,amman:11,toronto:265,15.680000,36.1773
toronto_query_-90qYles5GKU3ikhCYP3xg,isotropic,9012,jpeg50,6,amman:31,toronto:265,15.680000,36.1773
toronto_query_-90qYles5GKU3ikhCYP3xg,white_box,9012,jpeg50,59,amman:36,toronto:265,15.679997,36.1773
toronto_query_-90qYles5GKU3ikhCYP3xg,transfer_1,9012,jpeg50,14,amman:31,toronto:265,15.679996,36.1773
toronto_query_-90qYles5GKU3ikhCYP3xg,transfer_2,9012,jpeg50,11,amman:31,toronto:265,15.680002,36.1773
toronto_query_-90qYles5GKU3ikhCYP3xg,transfer_3,9012,jpeg50,18,amman:25,toronto:265,15.680007,36.1773
zurich_query_-ckZ0rXdz4mibIinNjdoZQ,isotropic,5678,jpeg50,157,boston:99,zurich:19,15.680000,36.1773
zurich_query_-ckZ0rXdz4mibIinNjdoZQ,white_box,5678,jpeg50,328,manila:46,zurich:19,15.680000,36.1773
zurich_query_-ckZ0rXdz4mibIinNjdoZQ,transfer_1,5678,jpeg50,11,boston:90,zurich:19,15.679995,36.1773
zurich_query_-ckZ0rXdz4mibIinNjdoZQ,transfer_2,5678,jpeg50,4,amman:35,zurich:19,15.680005,36.1773
zurich_query_-ckZ0rXdz4mibIinNjdoZQ,transfer_3,5678,jpeg50,25,boston:249,zurich:19,15.679995,36.1773
zurich_query_-ckZ0rXdz4mibIinNjdoZQ,isotropic,9012,jpeg50,20,boston:99,zurich:19,15.679998,36.1773
zurich_query_-ckZ0rXdz4mibIinNjdoZQ,white_box,9012,jpeg50,350,manila:153,zurich:19,15.679998,36.1773
zurich_query_-ckZ0rXdz4mibIinNjdoZQ,transfer_1,9012,jpeg50,6,boston:19,zurich:19,15.680001,36.1773
zurich_query_-ckZ0rXdz4mibIinNjdoZQ,transfer_2,9012,jpeg50,26,amman:35,zurich:19,15.680004,36.1773
zurich_query_-ckZ0rXdz4mibIinNjdoZQ,transfer_3,9012,jpeg50,50,amman:35,zurich:19,15.679997,36.1773
amman_query_0R0A_PhOAjP-uMDPM7p7mA,isotropic,5678,jpeg50,7,cph:332,amman:29,15.680000,36.1773
amman_query_0R0A_PhOAjP-uMDPM7p7mA,white_box,5678,jpeg50,72,amman:18,amman:29,15.679997,36.1773
amman_query_0R0A_PhOAjP-uMDPM7p7mA,transfer_1,5678,jpeg50,1,amman:29,amman:29,15.680000,36.1773
amman_query_0R0A_PhOAjP-uMDPM7p7mA,transfer_2,5678,jpeg50,2,amman:23,amman:29,15.679996,36.1773
amman_query_0R0A_PhOAjP-uMDPM7p7mA,transfer_3,5678,jpeg50,6,amman:23,amman:29,15.680000,36.1773
amman_query_0R0A_PhOAjP-uMDPM7p7mA,isotropic,9012,jpeg50,8,cph:332,amman:29,15.680000,36.1773
amman_query_0R0A_PhOAjP-uMDPM7p7mA,white_box,9012,jpeg50,107,amman:18,amman:29,15.679992,36.1773
amman_query_0R0A_PhOAjP-uMDPM7p7mA,transfer_1,9012,jpeg50,2,amman:23,amman:29,15.679998,36.1773
amman_query_0R0A_PhOAjP-uMDPM7p7mA,transfer_2,9012,jpeg50,1,amman:29,amman:29,15.680000,36.1773
amman_query_0R0A_PhOAjP-uMDPM7p7mA,transfer_3,9012,jpeg50,4,amman:23,amman:29,15.680005,36.1773
boston_query_-F1y-kaybMQbp8p7UR03TA,isotropic,5678,jpeg50,113,boston:262,boston:250,15.680000,36.1773
boston_query_-F1y-kaybMQbp8p7UR03TA,white_box,5678,jpeg50,700,boston:27,boston:250,15.679998,36.1773
boston_query_-F1y-kaybMQbp8p7UR03TA,transfer_1,5678,jpeg50,59,boston:27,boston:250,15.680008,36.1773
boston_query_-F1y-kaybMQbp8p7UR03TA,transfer_2,5678,jpeg50,327,boston:27,boston:250,15.679998,36.1773
boston_query_-F1y-kaybMQbp8p7UR03TA,transfer_3,5678,jpeg50,185,boston:27,boston:250,15.680000,36.1773
boston_query_-F1y-kaybMQbp8p7UR03TA,isotropic,9012,jpeg50,46,boston:27,boston:250,15.679998,36.1773
boston_query_-F1y-kaybMQbp8p7UR03TA,white_box,9012,jpeg50,638,boston:27,boston:250,15.680000,36.1773
boston_query_-F1y-kaybMQbp8p7UR03TA,transfer_1,9012,jpeg50,127,boston:27,boston:250,15.680005,36.1773
boston_query_-F1y-kaybMQbp8p7UR03TA,transfer_2,9012,jpeg50,285,boston:27,boston:250,15.680004,36.1773
boston_query_-F1y-kaybMQbp8p7UR03TA,transfer_3,9012,jpeg50,171,boston:27,boston:250,15.679998,36.1773
cph_query_-EJZ9qR_FRIGfCF6DhQCJg,isotropic,5678,jpeg50,1,cph:175,cph:175,15.679997,36.1773
cph_query_-EJZ9qR_FRIGfCF6DhQCJg,white_box,5678,jpeg50,55,cph:297,cph:175,15.679997,36.1773
cph_query_-EJZ9qR_FRIGfCF6DhQCJg,transfer_1,5678,jpeg50,2,cph:297,cph:175,15.679993,36.1773
cph_query_-EJZ9qR_FRIGfCF6DhQCJg,transfer_2,5678,jpeg50,1,cph:175,cph:175,15.680004,36.1773
cph_query_-EJZ9qR_FRIGfCF6DhQCJg,transfer_3,5678,jpeg50,2,cph:297,cph:175,15.679997,36.1773
cph_query_-EJZ9qR_FRIGfCF6DhQCJg,isotropic,9012,jpeg50,1,cph:175,cph:175,15.680000,36.1773
cph_query_-EJZ9qR_FRIGfCF6DhQCJg,white_box,9012,jpeg50,32,cph:96,cph:175,15.680000,36.1773
cph_query_-EJZ9qR_FRIGfCF6DhQCJg,transfer_1,9012,jpeg50,1,cph:175,cph:175,15.679993,36.1773
cph_query_-EJZ9qR_FRIGfCF6DhQCJg,transfer_2,9012,jpeg50,1,cph:175,cph:175,15.680002,36.1773
cph_query_-EJZ9qR_FRIGfCF6DhQCJg,transfer_3,9012,jpeg50,4,cph:297,cph:175,15.679998,36.1773
london_query_-XIh6yuegk86oURAbggPpw,isotropic,5678,jpeg50,7,london:62,london:76,15.679998,36.1773
london_query_-XIh6yuegk86oURAbggPpw,white_box,5678,jpeg50,339,boston:249,london:76,15.679996,36.1773
london_query_-XIh6yuegk86oURAbggPpw,transfer_1,5678,jpeg50,27,london:62,london:76,15.680000,36.1773
london_query_-XIh6yuegk86oURAbggPpw,transfer_2,5678,jpeg50,22,london:62,london:76,15.679995,36.1773
london_query_-XIh6yuegk86oURAbggPpw,transfer_3,5678,jpeg50,22,london:51,london:76,15.680001,36.1773
london_query_-XIh6yuegk86oURAbggPpw,isotropic,9012,jpeg50,21,london:62,london:76,15.680001,36.1773
london_query_-XIh6yuegk86oURAbggPpw,white_box,9012,jpeg50,376,boston:249,london:76,15.680000,36.1773
london_query_-XIh6yuegk86oURAbggPpw,transfer_1,9012,jpeg50,4,london:62,london:76,15.679996,36.1773
london_query_-XIh6yuegk86oURAbggPpw,transfer_2,9012,jpeg50,32,london:62,london:76,15.679997,36.1773
london_query_-XIh6yuegk86oURAbggPpw,transfer_3,9012,jpeg50,113,london:62,london:76,15.679997,36.1773
manila_query_-GYvqZ8BYSfzGUbFI13obA,isotropic,5678,jpeg50,183,manila:51,manila:109,15.680000,36.1773
manila_query_-GYvqZ8BYSfzGUbFI13obA,white_box,5678,jpeg50,643,manila:51,manila:109,15.680004,36.1773
manila_query_-GYvqZ8BYSfzGUbFI13obA,transfer_1,5678,jpeg50,198,manila:51,manila:109,15.679998,36.1773
manila_query_-GYvqZ8BYSfzGUbFI13obA,transfer_2,5678,jpeg50,205,manila:51,manila:109,15.680001,36.1773
manila_query_-GYvqZ8BYSfzGUbFI13obA,transfer_3,5678,jpeg50,479,manila:51,manila:109,15.680000,36.1773
manila_query_-GYvqZ8BYSfzGUbFI13obA,isotropic,9012,jpeg50,181,manila:51,manila:109,15.680000,36.1773
manila_query_-GYvqZ8BYSfzGUbFI13obA,white_box,9012,jpeg50,590,manila:51,manila:109,15.680000,36.1773
manila_query_-GYvqZ8BYSfzGUbFI13obA,transfer_1,9012,jpeg50,153,manila:51,manila:109,15.680000,36.1773
manila_query_-GYvqZ8BYSfzGUbFI13obA,transfer_2,9012,jpeg50,396,manila:51,manila:109,15.679996,36.1773
manila_query_-GYvqZ8BYSfzGUbFI13obA,transfer_3,9012,jpeg50,256,manila:51,manila:109,15.679997,36.1773
nairobi_query_16KxNH7RD-4ITdBTZKvAXw,isotropic,5678,jpeg50,15,nairobi:4,nairobi:3,15.679998,36.1773
nairobi_query_16KxNH7RD-4ITdBTZKvAXw,white_box,5678,jpeg50,280,cph:345,nairobi:3,15.679997,36.1773
nairobi_query_16KxNH7RD-4ITdBTZKvAXw,transfer_1,5678,jpeg50,29,london:85,nairobi:3,15.679998,36.1773
nairobi_query_16KxNH7RD-4ITdBTZKvAXw,transfer_2,5678,jpeg50,56,london:85,nairobi:3,15.680001,36.1773
nairobi_query_16KxNH7RD-4ITdBTZKvAXw,transfer_3,5678,jpeg50,17,london:85,nairobi:3,15.680000,36.1773
nairobi_query_16KxNH7RD-4ITdBTZKvAXw,isotropic,9012,jpeg50,23,nairobi:4,nairobi:3,15.680002,36.1773
nairobi_query_16KxNH7RD-4ITdBTZKvAXw,white_box,9012,jpeg50,543,cph:345,nairobi:3,15.679997,36.1773
nairobi_query_16KxNH7RD-4ITdBTZKvAXw,transfer_1,9012,jpeg50,20,london:85,nairobi:3,15.679997,36.1773
nairobi_query_16KxNH7RD-4ITdBTZKvAXw,transfer_2,9012,jpeg50,50,london:85,nairobi:3,15.679998,36.1773
nairobi_query_16KxNH7RD-4ITdBTZKvAXw,transfer_3,9012,jpeg50,14,london:85,nairobi:3,15.679997,36.1773
toronto_query_-95Ypw11XUgNqZdY5m4GCw,isotropic,5678,jpeg50,204,toronto:253,toronto:85,15.680002,36.1773
toronto_query_-95Ypw11XUgNqZdY5m4GCw,white_box,5678,jpeg50,1866,toronto:253,toronto:85,15.679996,36.1773
toronto_query_-95Ypw11XUgNqZdY5m4GCw,transfer_1,5678,jpeg50,209,toronto:253,toronto:85,15.679996,36.1773
toronto_query_-95Ypw11XUgNqZdY5m4GCw,transfer_2,5678,jpeg50,221,toronto:253,toronto:85,15.680000,36.1773
toronto_query_-95Ypw11XUgNqZdY5m4GCw,transfer_3,5678,jpeg50,335,toronto:253,toronto:85,15.679997,36.1773
toronto_query_-95Ypw11XUgNqZdY5m4GCw,isotropic,9012,jpeg50,202,toronto:253,toronto:85,15.679997,36.1773
toronto_query_-95Ypw11XUgNqZdY5m4GCw,white_box,9012,jpeg50,1914,manila:140,toronto:85,15.679997,36.1773
toronto_query_-95Ypw11XUgNqZdY5m4GCw,transfer_1,9012,jpeg50,180,toronto:253,toronto:85,15.679998,36.1773
toronto_query_-95Ypw11XUgNqZdY5m4GCw,transfer_2,9012,jpeg50,180,toronto:253,toronto:85,15.680002,36.1773
toronto_query_-95Ypw11XUgNqZdY5m4GCw,transfer_3,9012,jpeg50,294,toronto:253,toronto:85,15.680000,36.1773
zurich_query_-fOHAPAq-KX4XPlg0JJPvg,isotropic,5678,jpeg50,322,cph:464,zurich:96,15.679997,36.1773
zurich_query_-fOHAPAq-KX4XPlg0JJPvg,white_box,5678,jpeg50,584,cph:459,zurich:96,15.679997,36.1773
zurich_query_-fOHAPAq-KX4XPlg0JJPvg,transfer_1,5678,jpeg50,205,cph:464,zurich:96,15.679997,36.1773
zurich_query_-fOHAPAq-KX4XPlg0JJPvg,transfer_2,5678,jpeg50,378,cph:464,zurich:96,15.679997,36.1773
zurich_query_-fOHAPAq-KX4XPlg0JJPvg,transfer_3,5678,jpeg50,250,cph:464,zurich:96,15.680000,36.1773
zurich_query_-fOHAPAq-KX4XPlg0JJPvg,isotropic,9012,jpeg50,305,cph:464,zurich:96,15.679997,36.1773
zurich_query_-fOHAPAq-KX4XPlg0JJPvg,white_box,9012,jpeg50,706,cph:4,zurich:96,15.679993,36.1773
zurich_query_-fOHAPAq-KX4XPlg0JJPvg,transfer_1,9012,jpeg50,328,boston:191,zurich:96,15.679998,36.1773
zurich_query_-fOHAPAq-KX4XPlg0JJPvg,transfer_2,9012,jpeg50,370,cph:464,zurich:96,15.680007,36.1773
zurich_query_-fOHAPAq-KX4XPlg0JJPvg,transfer_3,9012,jpeg50,193,cph:464,zurich:96,15.679997,36.1773
amman_query_0RRGZCCzxqj8dJzhN-RnQQ,isotropic,5678,jpeg50,559,london:126,amman:6,15.679998,36.1773
amman_query_0RRGZCCzxqj8dJzhN-RnQQ,white_box,5678,jpeg50,1027,boston:27,amman:6,15.680000,36.1773
amman_query_0RRGZCCzxqj8dJzhN-RnQQ,transfer_1,5678,jpeg50,627,amman:25,amman:6,15.680000,36.1773
amman_query_0RRGZCCzxqj8dJzhN-RnQQ,transfer_2,5678,jpeg50,546,boston:98,amman:6,15.679997,36.1773
amman_query_0RRGZCCzxqj8dJzhN-RnQQ,transfer_3,5678,jpeg50,636,amman:25,amman:6,15.680000,36.1773
amman_query_0RRGZCCzxqj8dJzhN-RnQQ,isotropic,9012,jpeg50,489,boston:98,amman:6,15.680000,36.1773
amman_query_0RRGZCCzxqj8dJzhN-RnQQ,white_box,9012,jpeg50,1098,boston:27,amman:6,15.679997,36.1773
amman_query_0RRGZCCzxqj8dJzhN-RnQQ,transfer_1,9012,jpeg50,642,boston:79,amman:6,15.680005,36.1773
amman_query_0RRGZCCzxqj8dJzhN-RnQQ,transfer_2,9012,jpeg50,566,amman:23,amman:6,15.680001,36.1773
amman_query_0RRGZCCzxqj8dJzhN-RnQQ,transfer_3,9012,jpeg50,546,amman:25,amman:6,15.679997,36.1773
boston_query_-GJo3fVMwIWZoCYgf09NLQ,isotropic,5678,jpeg50,352,boston:206,boston:235,15.679997,36.1773
boston_query_-GJo3fVMwIWZoCYgf09NLQ,white_box,5678,jpeg50,846,manila:87,boston:235,15.679997,36.1773
boston_query_-GJo3fVMwIWZoCYgf09NLQ,transfer_1,5678,jpeg50,396,boston:206,boston:235,15.680000,36.1773
boston_query_-GJo3fVMwIWZoCYgf09NLQ,transfer_2,5678,jpeg50,491,manila:87,boston:235,15.679996,36.1773
boston_query_-GJo3fVMwIWZoCYgf09NLQ,transfer_3,5678,jpeg50,525,cph:429,boston:235,15.679998,36.1773
boston_query_-GJo3fVMwIWZoCYgf09NLQ,isotropic,9012,jpeg50,383,manila:190,boston:235,15.680000,36.1773
boston_query_-GJo3fVMwIWZoCYgf09NLQ,white_box,9012,jpeg50,884,manila:87,boston:235,15.680004,36.1773
boston_query_-GJo3fVMwIWZoCYgf09NLQ,transfer_1,9012,jpeg50,428,boston:206,boston:235,15.679998,36.1773
boston_query_-GJo3fVMwIWZoCYgf09NLQ,transfer_2,9012,jpeg50,450,manila:87,boston:235,15.680004,36.1773
boston_query_-GJo3fVMwIWZoCYgf09NLQ,transfer_3,9012,jpeg50,683,manila:87,boston:235,15.680000,36.1773
cph_query_-Eb1W6216G9S88OFy95k4Q,isotropic,5678,jpeg50,1,cph:366,cph:366,15.680000,36.1773
cph_query_-Eb1W6216G9S88OFy95k4Q,white_box,5678,jpeg50,1,cph:366,cph:366,15.679998,36.1773
cph_query_-Eb1W6216G9S88OFy95k4Q,transfer_1,5678,jpeg50,1,cph:366,cph:366,15.679995,36.1773
cph_query_-Eb1W6216G9S88OFy95k4Q,transfer_2,5678,jpeg50,1,cph:366,cph:366,15.680002,36.1773
cph_query_-Eb1W6216G9S88OFy95k4Q,transfer_3,5678,jpeg50,1,cph:366,cph:366,15.680007,36.1773
cph_query_-Eb1W6216G9S88OFy95k4Q,isotropic,9012,jpeg50,1,cph:366,cph:366,15.680000,36.1773
cph_query_-Eb1W6216G9S88OFy95k4Q,white_box,9012,jpeg50,1,cph:366,cph:366,15.679998,36.1773
cph_query_-Eb1W6216G9S88OFy95k4Q,transfer_1,9012,jpeg50,1,cph:366,cph:366,15.679996,36.1773
cph_query_-Eb1W6216G9S88OFy95k4Q,transfer_2,9012,jpeg50,1,cph:366,cph:366,15.679992,36.1773
cph_query_-Eb1W6216G9S88OFy95k4Q,transfer_3,9012,jpeg50,1,cph:366,cph:366,15.680000,36.1773
london_query_-XZRTRoj7LEefbZ7UDBzXg,isotropic,5678,jpeg50,1008,amman:31,london:29,15.680000,36.1773
london_query_-XZRTRoj7LEefbZ7UDBzXg,white_box,5678,jpeg50,530,manila:143,london:29,15.679998,36.1773
london_query_-XZRTRoj7LEefbZ7UDBzXg,transfer_1,5678,jpeg50,996,cph:297,london:29,15.680002,36.1773
london_query_-XZRTRoj7LEefbZ7UDBzXg,transfer_2,5678,jpeg50,735,cph:297,london:29,15.680000,36.1773
london_query_-XZRTRoj7LEefbZ7UDBzXg,transfer_3,5678,jpeg50,1121,amman:31,london:29,15.679993,36.1773
london_query_-XZRTRoj7LEefbZ7UDBzXg,isotropic,9012,jpeg50,1000,cph:297,london:29,15.679997,36.1773
london_query_-XZRTRoj7LEefbZ7UDBzXg,white_box,9012,jpeg50,828,manila:143,london:29,15.680000,36.1773
london_query_-XZRTRoj7LEefbZ7UDBzXg,transfer_1,9012,jpeg50,1031,cph:297,london:29,15.680000,36.1773
london_query_-XZRTRoj7LEefbZ7UDBzXg,transfer_2,9012,jpeg50,874,cph:297,london:29,15.680000,36.1773
london_query_-XZRTRoj7LEefbZ7UDBzXg,transfer_3,9012,jpeg50,1076,amman:31,london:29,15.679998,36.1773
manila_query_-HF88JWAO1GDy0F6B4ZeZg,isotropic,5678,jpeg50,61,manila:134,manila:202,15.680000,36.1773
manila_query_-HF88JWAO1GDy0F6B4ZeZg,white_box,5678,jpeg50,399,manila:72,manila:202,15.679998,36.1773
manila_query_-HF88JWAO1GDy0F6B4ZeZg,transfer_1,5678,jpeg50,120,manila:134,manila:202,15.680002,36.1773
manila_query_-HF88JWAO1GDy0F6B4ZeZg,transfer_2,5678,jpeg50,154,manila:134,manila:202,15.680005,36.1773
manila_query_-HF88JWAO1GDy0F6B4ZeZg,transfer_3,5678,jpeg50,118,amman:6,manila:202,15.679998,36.1773
manila_query_-HF88JWAO1GDy0F6B4ZeZg,isotropic,9012,jpeg50,89,manila:134,manila:202,15.679997,36.1773
manila_query_-HF88JWAO1GDy0F6B4ZeZg,white_box,9012,jpeg50,469,manila:72,manila:202,15.680000,36.1773
manila_query_-HF88JWAO1GDy0F6B4ZeZg,transfer_1,9012,jpeg50,302,manila:134,manila:202,15.680001,36.1773
manila_query_-HF88JWAO1GDy0F6B4ZeZg,transfer_2,9012,jpeg50,267,manila:134,manila:202,15.680000,36.1773
manila_query_-HF88JWAO1GDy0F6B4ZeZg,transfer_3,9012,jpeg50,159,amman:6,manila:202,15.679998,36.1773
nairobi_query_183WoPTmmjfRAAmVLL6TDw,isotropic,5678,jpeg50,100,toronto:351,nairobi:1,15.679998,36.1773
nairobi_query_183WoPTmmjfRAAmVLL6TDw,white_box,5678,jpeg50,486,boston:234,nairobi:1,15.680001,36.1773
nairobi_query_183WoPTmmjfRAAmVLL6TDw,transfer_1,5678,jpeg50,58,nairobi:22,nairobi:1,15.679998,36.1773
nairobi_query_183WoPTmmjfRAAmVLL6TDw,transfer_2,5678,jpeg50,73,toronto:354,nairobi:1,15.679995,36.1773
nairobi_query_183WoPTmmjfRAAmVLL6TDw,transfer_3,5678,jpeg50,82,zurich:83,nairobi:1,15.679997,36.1773
nairobi_query_183WoPTmmjfRAAmVLL6TDw,isotropic,9012,jpeg50,81,toronto:301,nairobi:1,15.679998,36.1773
nairobi_query_183WoPTmmjfRAAmVLL6TDw,white_box,9012,jpeg50,599,cph:245,nairobi:1,15.680000,36.1773
nairobi_query_183WoPTmmjfRAAmVLL6TDw,transfer_1,9012,jpeg50,80,toronto:354,nairobi:1,15.680000,36.1773
nairobi_query_183WoPTmmjfRAAmVLL6TDw,transfer_2,9012,jpeg50,88,nairobi:22,nairobi:1,15.679997,36.1773
nairobi_query_183WoPTmmjfRAAmVLL6TDw,transfer_3,9012,jpeg50,117,zurich:83,nairobi:1,15.679996,36.1773
toronto_query_-9p2_cESNINnXfab4o-dKQ,isotropic,5678,jpeg50,60,boston:216,toronto:121,15.680000,36.1773
toronto_query_-9p2_cESNINnXfab4o-dKQ,white_box,5678,jpeg50,1862,cph:94,toronto:121,15.680005,36.1773
toronto_query_-9p2_cESNINnXfab4o-dKQ,transfer_1,5678,jpeg50,199,boston:216,toronto:121,15.680008,36.1773
toronto_query_-9p2_cESNINnXfab4o-dKQ,transfer_2,5678,jpeg50,181,boston:216,toronto:121,15.679995,36.1773
toronto_query_-9p2_cESNINnXfab4o-dKQ,transfer_3,5678,jpeg50,216,boston:216,toronto:121,15.680005,36.1773
toronto_query_-9p2_cESNINnXfab4o-dKQ,isotropic,9012,jpeg50,105,amman:30,toronto:121,15.679997,36.1773
toronto_query_-9p2_cESNINnXfab4o-dKQ,white_box,9012,jpeg50,1838,cph:94,toronto:121,15.680000,36.1773
toronto_query_-9p2_cESNINnXfab4o-dKQ,transfer_1,9012,jpeg50,157,boston:216,toronto:121,15.680000,36.1773
toronto_query_-9p2_cESNINnXfab4o-dKQ,transfer_2,9012,jpeg50,109,boston:216,toronto:121,15.680000,36.1773
toronto_query_-9p2_cESNINnXfab4o-dKQ,transfer_3,9012,jpeg50,199,boston:216,toronto:121,15.680000,36.1773
zurich_query_-iln48QPRjkI40nJSzd6lg,isotropic,5678,jpeg50,1,zurich:109,zurich:109,15.679997,36.1773
zurich_query_-iln48QPRjkI40nJSzd6lg,white_box,5678,jpeg50,22,toronto:301,zurich:109,15.679997,36.1773
zurich_query_-iln48QPRjkI40nJSzd6lg,transfer_1,5678,jpeg50,1,zurich:109,zurich:109,15.679998,36.1773
zurich_query_-iln48QPRjkI40nJSzd6lg,transfer_2,5678,jpeg50,1,zurich:109,zurich:109,15.679998,36.1773
zurich_query_-iln48QPRjkI40nJSzd6lg,transfer_3,5678,jpeg50,1,zurich:109,zurich:109,15.679997,36.1773
zurich_query_-iln48QPRjkI40nJSzd6lg,isotropic,9012,jpeg50,1,zurich:109,zurich:109,15.680000,36.1773
zurich_query_-iln48QPRjkI40nJSzd6lg,white_box,9012,jpeg50,54,manila:23,zurich:109,15.680002,36.1773
zurich_query_-iln48QPRjkI40nJSzd6lg,transfer_1,9012,jpeg50,1,zurich:109,zurich:109,15.680001,36.1773
zurich_query_-iln48QPRjkI40nJSzd6lg,transfer_2,9012,jpeg50,1,zurich:109,zurich:109,15.679997,36.1773
zurich_query_-iln48QPRjkI40nJSzd6lg,transfer_3,9012,jpeg50,1,zurich:109,zurich:109,15.680002,36.1773
amman_query_0fPb7in-cHyh0MAM_N6Zwg,isotropic,5678,jpeg50,13,cph:464,amman:13,15.679998,36.1773
amman_query_0fPb7in-cHyh0MAM_N6Zwg,white_box,5678,jpeg50,54,amman:23,amman:13,15.679997,36.1773
amman_query_0fPb7in-cHyh0MAM_N6Zwg,transfer_1,5678,jpeg50,21,cph:464,amman:13,15.679996,36.1773
amman_query_0fPb7in-cHyh0MAM_N6Zwg,transfer_2,5678,jpeg50,20,cph:464,amman:13,15.679998,36.1773
amman_query_0fPb7in-cHyh0MAM_N6Zwg,transfer_3,5678,jpeg50,9,cph:464,amman:13,15.680005,36.1773
amman_query_0fPb7in-cHyh0MAM_N6Zwg,isotropic,9012,jpeg50,7,cph:464,amman:13,15.679998,36.1773
amman_query_0fPb7in-cHyh0MAM_N6Zwg,white_box,9012,jpeg50,37,amman:23,amman:13,15.680000,36.1773
amman_query_0fPb7in-cHyh0MAM_N6Zwg,transfer_1,9012,jpeg50,18,cph:464,amman:13,15.679997,36.1773
amman_query_0fPb7in-cHyh0MAM_N6Zwg,transfer_2,9012,jpeg50,13,cph:464,amman:13,15.679997,36.1773
amman_query_0fPb7in-cHyh0MAM_N6Zwg,transfer_3,9012,jpeg50,19,cph:464,amman:13,15.679997,36.1773
boston_query_-HufF4iDO00S4hZK96hUyw,isotropic,5678,jpeg50,4,boston:234,boston:145,15.680000,36.1773
boston_query_-HufF4iDO00S4hZK96hUyw,white_box,5678,jpeg50,35,zurich:33,boston:145,15.679996,36.1773
boston_query_-HufF4iDO00S4hZK96hUyw,transfer_1,5678,jpeg50,3,nairobi:15,boston:145,15.680002,36.1773
boston_query_-HufF4iDO00S4hZK96hUyw,transfer_2,5678,jpeg50,11,boston:234,boston:145,15.679997,36.1773
boston_query_-HufF4iDO00S4hZK96hUyw,transfer_3,5678,jpeg50,3,toronto:196,boston:145,15.679995,36.1773
boston_query_-HufF4iDO00S4hZK96hUyw,isotropic,9012,jpeg50,16,amman:23,boston:145,15.680000,36.1773
boston_query_-HufF4iDO00S4hZK96hUyw,white_box,9012,jpeg50,38,zurich:33,boston:145,15.680000,36.1773
boston_query_-HufF4iDO00S4hZK96hUyw,transfer_1,9012,jpeg50,29,zurich:33,boston:145,15.680000,36.1773
boston_query_-HufF4iDO00S4hZK96hUyw,transfer_2,9012,jpeg50,25,zurich:33,boston:145,15.679997,36.1773
boston_query_-HufF4iDO00S4hZK96hUyw,transfer_3,9012,jpeg50,5,amman:6,boston:145,15.679998,36.1773
cph_query_-Efn_mUBXLqGWGzUw3Youw,isotropic,5678,jpeg50,11,toronto:103,cph:460,15.680000,36.1773
cph_query_-Efn_mUBXLqGWGzUw3Youw,white_box,5678,jpeg50,319,london:34,cph:460,15.679998,36.1773
cph_query_-Efn_mUBXLqGWGzUw3Youw,transfer_1,5678,jpeg50,14,toronto:103,cph:460,15.679997,36.1773
cph_query_-Efn_mUBXLqGWGzUw3Youw,transfer_2,5678,jpeg50,50,cph:271,cph:460,15.679997,36.1773
cph_query_-Efn_mUBXLqGWGzUw3Youw,transfer_3,5678,jpeg50,29,toronto:103,cph:460,15.679998,36.1773
cph_query_-Efn_mUBXLqGWGzUw3Youw,isotropic,9012,jpeg50,8,toronto:103,cph:460,15.679998,36.1773
cph_query_-Efn_mUBXLqGWGzUw3Youw,white_box,9012,jpeg50,288,london:34,cph:460,15.679997,36.1773
cph_query_-Efn_mUBXLqGWGzUw3Youw,transfer_1,9012,jpeg50,11,toronto:103,cph:460,15.679997,36.1773
cph_query_-Efn_mUBXLqGWGzUw3Youw,transfer_2,9012,jpeg50,16,toronto:103,cph:460,15.680000,36.1773
cph_query_-Efn_mUBXLqGWGzUw3Youw,transfer_3,9012,jpeg50,20,toronto:103,cph:460,15.680000,36.1773
london_query_-b5BCVv9Qd6OhZGxpoqS5A,isotropic,5678,jpeg50,1,london:84,london:84,15.680000,36.1773
london_query_-b5BCVv9Qd6OhZGxpoqS5A,white_box,5678,jpeg50,68,zurich:64,london:84,15.680000,36.1773
london_query_-b5BCVv9Qd6OhZGxpoqS5A,transfer_1,5678,jpeg50,4,cph:500,london:84,15.679998,36.1773
london_query_-b5BCVv9Qd6OhZGxpoqS5A,transfer_2,5678,jpeg50,8,boston:90,london:84,15.680000,36.1773
london_query_-b5BCVv9Qd6OhZGxpoqS5A,transfer_3,5678,jpeg50,7,boston:90,london:84,15.679997,36.1773
london_query_-b5BCVv9Qd6OhZGxpoqS5A,isotropic,9012,jpeg50,3,cph:500,london:84,15.680002,36.1773
london_query_-b5BCVv9Qd6OhZGxpoqS5A,white_box,9012,jpeg50,46,zurich:64,london:84,15.679997,36.1773
london_query_-b5BCVv9Qd6OhZGxpoqS5A,transfer_1,9012,jpeg50,1,london:84,london:84,15.680000,36.1773
london_query_-b5BCVv9Qd6OhZGxpoqS5A,transfer_2,9012,jpeg50,6,boston:90,london:84,15.679997,36.1773
london_query_-b5BCVv9Qd6OhZGxpoqS5A,transfer_3,9012,jpeg50,9,cph:500,london:84,15.679998,36.1773
manila_query_-KU1q5fdqSI_GghxKumbeg,isotropic,5678,jpeg50,72,boston:248,manila:67,15.680000,36.1773
manila_query_-KU1q5fdqSI_GghxKumbeg,white_box,5678,jpeg50,336,london:34,manila:67,15.679995,36.1773
manila_query_-KU1q5fdqSI_GghxKumbeg,transfer_1,5678,jpeg50,65,boston:248,manila:67,15.680000,36.1773
manila_query_-KU1q5fdqSI_GghxKumbeg,transfer_2,5678,jpeg50,32,boston:248,manila:67,15.680000,36.1773
manila_query_-KU1q5fdqSI_GghxKumbeg,transfer_3,5678,jpeg50,9,cph:429,manila:67,15.680000,36.1773
manila_query_-KU1q5fdqSI_GghxKumbeg,isotropic,9012,jpeg50,86,boston:248,manila:67,15.680002,36.1773
manila_query_-KU1q5fdqSI_GghxKumbeg,white_box,9012,jpeg50,280,cph:94,manila:67,15.680001,36.1773
manila_query_-KU1q5fdqSI_GghxKumbeg,transfer_1,9012,jpeg50,56,manila:116,manila:67,15.680005,36.1773
manila_query_-KU1q5fdqSI_GghxKumbeg,transfer_2,9012,jpeg50,20,manila:116,manila:67,15.680001,36.1773
manila_query_-KU1q5fdqSI_GghxKumbeg,transfer_3,9012,jpeg50,8,cph:429,manila:67,15.680000,36.1773
nairobi_query_19K8RILgg4ErFKJ9l5D9zQ,isotropic,5678,jpeg50,113,nairobi:4,nairobi:10,15.680000,36.1773
nairobi_query_19K8RILgg4ErFKJ9l5D9zQ,white_box,5678,jpeg50,480,manila:92,nairobi:10,15.679998,36.1773
nairobi_query_19K8RILgg4ErFKJ9l5D9zQ,transfer_1,5678,jpeg50,84,nairobi:4,nairobi:10,15.680000,36.1773
nairobi_query_19K8RILgg4ErFKJ9l5D9zQ,transfer_2,5678,jpeg50,162,toronto:23,nairobi:10,15.680000,36.1773
nairobi_query_19K8RILgg4ErFKJ9l5D9zQ,transfer_3,5678,jpeg50,184,toronto:23,nairobi:10,15.680000,36.1773
nairobi_query_19K8RILgg4ErFKJ9l5D9zQ,isotropic,9012,jpeg50,138,nairobi:4,nairobi:10,15.679997,36.1773
nairobi_query_19K8RILgg4ErFKJ9l5D9zQ,white_box,9012,jpeg50,325,zurich:19,nairobi:10,15.679992,36.1773
nairobi_query_19K8RILgg4ErFKJ9l5D9zQ,transfer_1,9012,jpeg50,122,nairobi:4,nairobi:10,15.679997,36.1773
nairobi_query_19K8RILgg4ErFKJ9l5D9zQ,transfer_2,9012,jpeg50,53,toronto:23,nairobi:10,15.680001,36.1773
nairobi_query_19K8RILgg4ErFKJ9l5D9zQ,transfer_3,9012,jpeg50,199,toronto:23,nairobi:10,15.680000,36.1773
toronto_query_-Af6Q3npKjccLu7TwYvlsQ,isotropic,5678,jpeg50,1,toronto:197,toronto:197,15.680000,36.1773
toronto_query_-Af6Q3npKjccLu7TwYvlsQ,white_box,5678,jpeg50,4,amman:1,toronto:197,15.680001,36.1773
toronto_query_-Af6Q3npKjccLu7TwYvlsQ,transfer_1,5678,jpeg50,1,toronto:197,toronto:197,15.679995,36.1773
toronto_query_-Af6Q3npKjccLu7TwYvlsQ,transfer_2,5678,jpeg50,1,toronto:197,toronto:197,15.679993,36.1773
toronto_query_-Af6Q3npKjccLu7TwYvlsQ,transfer_3,5678,jpeg50,1,toronto:197,toronto:197,15.680000,36.1773
toronto_query_-Af6Q3npKjccLu7TwYvlsQ,isotropic,9012,jpeg50,1,toronto:197,toronto:197,15.679998,36.1773
toronto_query_-Af6Q3npKjccLu7TwYvlsQ,white_box,9012,jpeg50,4,amman:1,toronto:197,15.679997,36.1773
toronto_query_-Af6Q3npKjccLu7TwYvlsQ,transfer_1,9012,jpeg50,1,toronto:197,toronto:197,15.679998,36.1773
toronto_query_-Af6Q3npKjccLu7TwYvlsQ,transfer_2,9012,jpeg50,1,toronto:197,toronto:197,15.680001,36.1773
toronto_query_-Af6Q3npKjccLu7TwYvlsQ,transfer_3,9012,jpeg50,1,toronto:197,toronto:197,15.680002,36.1773
zurich_query_-ldtR3_I7eHdDGYU5BNczg,isotropic,5678,jpeg50,70,cph:271,zurich:105,15.680000,36.1773
zurich_query_-ldtR3_I7eHdDGYU5BNczg,white_box,5678,jpeg50,156,manila:106,zurich:105,15.680001,36.1773
zurich_query_-ldtR3_I7eHdDGYU5BNczg,transfer_1,5678,jpeg50,75,manila:13,zurich:105,15.679997,36.1773
zurich_query_-ldtR3_I7eHdDGYU5BNczg,transfer_2,5678,jpeg50,53,manila:13,zurich:105,15.679998,36.1773
zurich_query_-ldtR3_I7eHdDGYU5BNczg,transfer_3,5678,jpeg50,169,zurich:35,zurich:105,15.680001,36.1773
zurich_query_-ldtR3_I7eHdDGYU5BNczg,isotropic,9012,jpeg50,78,cph:271,zurich:105,15.680000,36.1773
zurich_query_-ldtR3_I7eHdDGYU5BNczg,white_box,9012,jpeg50,325,manila:106,zurich:105,15.680002,36.1773
zurich_query_-ldtR3_I7eHdDGYU5BNczg,transfer_1,9012,jpeg50,44,manila:13,zurich:105,15.680001,36.1773
zurich_query_-ldtR3_I7eHdDGYU5BNczg,transfer_2,9012,jpeg50,170,zurich:35,zurich:105,15.680000,36.1773
zurich_query_-ldtR3_I7eHdDGYU5BNczg,transfer_3,9012,jpeg50,67,london:111,zurich:105,15.680000,36.1773
amman_query_0mtodUgJmOV4UK-0AiTGHg,isotropic,5678,jpeg50,1,amman:26,amman:26,15.680000,36.1773
amman_query_0mtodUgJmOV4UK-0AiTGHg,white_box,5678,jpeg50,39,manila:143,amman:26,15.679997,36.1773
amman_query_0mtodUgJmOV4UK-0AiTGHg,transfer_1,5678,jpeg50,1,amman:26,amman:26,15.679997,36.1773
amman_query_0mtodUgJmOV4UK-0AiTGHg,transfer_2,5678,jpeg50,3,boston:99,amman:26,15.680002,36.1773
amman_query_0mtodUgJmOV4UK-0AiTGHg,transfer_3,5678,jpeg50,1,amman:26,amman:26,15.680000,36.1773
amman_query_0mtodUgJmOV4UK-0AiTGHg,isotropic,9012,jpeg50,1,amman:26,amman:26,15.679997,36.1773
amman_query_0mtodUgJmOV4UK-0AiTGHg,white_box,9012,jpeg50,17,manila:143,amman:26,15.679997,36.1773
amman_query_0mtodUgJmOV4UK-0AiTGHg,transfer_1,9012,jpeg50,1,amman:26,amman:26,15.679996,36.1773
amman_query_0mtodUgJmOV4UK-0AiTGHg,transfer_2,9012,jpeg50,1,amman:26,amman:26,15.680001,36.1773
amman_query_0mtodUgJmOV4UK-0AiTGHg,transfer_3,9012,jpeg50,1,amman:26,amman:26,15.680000,36.1773
boston_query_-IYAXZ4yoOS7SzEIu2m-me,isotropic,5678,jpeg50,17,boston:27,boston:98,15.679998,36.1773
boston_query_-IYAXZ4yoOS7SzEIu2m-me,white_box,5678,jpeg50,162,boston:123,boston:98,15.679995,36.1773
boston_query_-IYAXZ4yoOS7SzEIu2m-me,transfer_1,5678,jpeg50,9,boston:123,boston:98,15.680005,36.1773
boston_query_-IYAXZ4yoOS7SzEIu2m-me,transfer_2,5678,jpeg50,11,boston:123,boston:98,15.680004,36.1773
boston_query_-IYAXZ4yoOS7SzEIu2m-me,transfer_3,5678,jpeg50,3,boston:235,boston:98,15.680007,36.1773
boston_query_-IYAXZ4yoOS7SzEIu2m-me,isotropic,9012,jpeg50,22,boston:123,boston:98,15.680000,36.1773
boston_query_-IYAXZ4yoOS7SzEIu2m-me,white_box,9012,jpeg50,238,boston:123,boston:98,15.680000,36.1773
boston_query_-IYAXZ4yoOS7SzEIu2m-me,transfer_1,9012,jpeg50,4,boston:123,boston:98,15.679997,36.1773
boston_query_-IYAXZ4yoOS7SzEIu2m-me,transfer_2,9012,jpeg50,9,boston:123,boston:98,15.679989,36.1773
boston_query_-IYAXZ4yoOS7SzEIu2m-me,transfer_3,9012,jpeg50,16,boston:27,boston:98,15.679998,36.1773
cph_query_-F5w8wQO0CU26PCfOqANzA,isotropic,5678,jpeg50,71,toronto:23,cph:370,15.680001,36.1773
cph_query_-F5w8wQO0CU26PCfOqANzA,white_box,5678,jpeg50,946,cph:175,cph:370,15.680000,36.1773
cph_query_-F5w8wQO0CU26PCfOqANzA,transfer_1,5678,jpeg50,107,toronto:23,cph:370,15.679997,36.1773
cph_query_-F5w8wQO0CU26PCfOqANzA,transfer_2,5678,jpeg50,172,toronto:23,cph:370,15.680000,36.1773
cph_query_-F5w8wQO0CU26PCfOqANzA,transfer_3,5678,jpeg50,161,boston:145,cph:370,15.679997,36.1773
cph_query_-F5w8wQO0CU26PCfOqANzA,isotropic,9012,jpeg50,57,toronto:23,cph:370,15.679998,36.1773
cph_query_-F5w8wQO0CU26PCfOqANzA,white_box,9012,jpeg50,976,boston:249,cph:370,15.679997,36.1773
cph_query_-F5w8wQO0CU26PCfOqANzA,transfer_1,9012,jpeg50,111,toronto:23,cph:370,15.680002,36.1773
cph_query_-F5w8wQO0CU26PCfOqANzA,transfer_2,9012,jpeg50,167,boston:145,cph:370,15.679993,36.1773
cph_query_-F5w8wQO0CU26PCfOqANzA,transfer_3,9012,jpeg50,187,boston:145,cph:370,15.680000,36.1773
london_query_-c-T7aulp9a5g-J9zYbYiQ,isotropic,5678,jpeg50,247,zurich:42,london:51,15.679996,36.1773
london_query_-c-T7aulp9a5g-J9zYbYiQ,white_box,5678,jpeg50,1609,toronto:3,london:51,15.679995,36.1773
london_query_-c-T7aulp9a5g-J9zYbYiQ,transfer_1,5678,jpeg50,584,manila:134,london:51,15.680000,36.1773
london_query_-c-T7aulp9a5g-J9zYbYiQ,transfer_2,5678,jpeg50,551,manila:134,london:51,15.680002,36.1773
london_query_-c-T7aulp9a5g-J9zYbYiQ,transfer_3,5678,jpeg50,538,manila:134,london:51,15.680000,36.1773
london_query_-c-T7aulp9a5g-J9zYbYiQ,isotropic,9012,jpeg50,341,zurich:42,london:51,15.679998,36.1773
london_query_-c-T7aulp9a5g-J9zYbYiQ,white_box,9012,jpeg50,1640,toronto:3,london:51,15.680000,36.1773
london_query_-c-T7aulp9a5g-J9zYbYiQ,transfer_1,9012,jpeg50,689,manila:134,london:51,15.680000,36.1773
london_query_-c-T7aulp9a5g-J9zYbYiQ,transfer_2,9012,jpeg50,846,manila:134,london:51,15.680000,36.1773
london_query_-c-T7aulp9a5g-J9zYbYiQ,transfer_3,9012,jpeg50,736,manila:134,london:51,15.680000,36.1773
manila_query_-KoSUCrB2w1FscwO9vyRlw,isotropic,5678,jpeg50,183,manila:29,manila:31,15.680000,36.1773
manila_query_-KoSUCrB2w1FscwO9vyRlw,white_box,5678,jpeg50,999,manila:72,manila:31,15.679996,36.1773
manila_query_-KoSUCrB2w1FscwO9vyRlw,transfer_1,5678,jpeg50,186,manila:142,manila:31,15.679998,36.1773
manila_query_-KoSUCrB2w1FscwO9vyRlw,transfer_2,5678,jpeg50,233,manila:190,manila:31,15.679998,36.1773
manila_query_-KoSUCrB2w1FscwO9vyRlw,transfer_3,5678,jpeg50,203,manila:41,manila:31,15.679997,36.1773
manila_query_-KoSUCrB2w1FscwO9vyRlw,isotropic,9012,jpeg50,289,manila:190,manila:31,15.680000,36.1773
manila_query_-KoSUCrB2w1FscwO9vyRlw,white_box,9012,jpeg50,1022,manila:72,manila:31,15.679998,36.1773
manila_query_-KoSUCrB2w1FscwO9vyRlw,transfer_1,9012,jpeg50,226,manila:190,manila:31,15.679998,36.1773
manila_query_-KoSUCrB2w1FscwO9vyRlw,transfer_2,9012,jpeg50,232,zurich:103,manila:31,15.680000,36.1773
manila_query_-KoSUCrB2w1FscwO9vyRlw,transfer_3,9012,jpeg50,288,manila:190,manila:31,15.679997,36.1773
nairobi_query_1J7o8IGEriKnTs-ay8aPNQ,isotropic,5678,jpeg50,2,cph:241,nairobi:3,15.679996,36.1773
nairobi_query_1J7o8IGEriKnTs-ay8aPNQ,white_box,5678,jpeg50,13,manila:135,nairobi:3,15.679997,36.1773
nairobi_query_1J7o8IGEriKnTs-ay8aPNQ,transfer_1,5678,jpeg50,1,nairobi:3,nairobi:3,15.679995,36.1773
nairobi_query_1J7o8IGEriKnTs-ay8aPNQ,transfer_2,5678,jpeg50,3,cph:241,nairobi:3,15.680000,36.1773
nairobi_query_1J7o8IGEriKnTs-ay8aPNQ,transfer_3,5678,jpeg50,4,london:85,nairobi:3,15.680000,36.1773
nairobi_query_1J7o8IGEriKnTs-ay8aPNQ,isotropic,9012,jpeg50,1,nairobi:3,nairobi:3,15.680001,36.1773
nairobi_query_1J7o8IGEriKnTs-ay8aPNQ,white_box,9012,jpeg50,28,amman:23,nairobi:3,15.679995,36.1773
nairobi_query_1J7o8IGEriKnTs-ay8aPNQ,transfer_1,9012,jpeg50,2,cph:241,nairobi:3,15.680000,36.1773
nairobi_query_1J7o8IGEriKnTs-ay8aPNQ,transfer_2,9012,jpeg50,3,london:85,nairobi:3,15.680000,36.1773
nairobi_query_1J7o8IGEriKnTs-ay8aPNQ,transfer_3,9012,jpeg50,19,london:85,nairobi:3,15.680000,36.1773
toronto_query_-AlgHQUWzDPe9bpb8ZAzSA,isotropic,5678,jpeg50,128,toronto:23,toronto:171,15.680000,36.1773
toronto_query_-AlgHQUWzDPe9bpb8ZAzSA,white_box,5678,jpeg50,67,toronto:346,toronto:171,15.680002,36.1773
toronto_query_-AlgHQUWzDPe9bpb8ZAzSA,transfer_1,5678,jpeg50,158,toronto:23,toronto:171,15.679998,36.1773
toronto_query_-AlgHQUWzDPe9bpb8ZAzSA,transfer_2,5678,jpeg50,271,toronto:23,toronto:171,15.680000,36.1773
toronto_query_-AlgHQUWzDPe9bpb8ZAzSA,transfer_3,5678,jpeg50,655,cph:175,toronto:171,15.679998,36.1773
toronto_query_-AlgHQUWzDPe9bpb8ZAzSA,isotropic,9012,jpeg50,243,toronto:23,toronto:171,15.679997,36.1773
toronto_query_-AlgHQUWzDPe9bpb8ZAzSA,white_box,9012,jpeg50,109,toronto:23,toronto:171,15.680000,36.1773
toronto_query_-AlgHQUWzDPe9bpb8ZAzSA,transfer_1,9012,jpeg50,295,toronto:23,toronto:171,15.679993,36.1773
toronto_query_-AlgHQUWzDPe9bpb8ZAzSA,transfer_2,9012,jpeg50,369,toronto:23,toronto:171,15.680000,36.1773
toronto_query_-AlgHQUWzDPe9bpb8ZAzSA,transfer_3,9012,jpeg50,702,zurich:109,toronto:171,15.679997,36.1773
zurich_query_-m5K41q4X0r8qu_XnaYlIg,isotropic,5678,jpeg50,26,cph:429,zurich:14,15.680001,36.1773
zurich_query_-m5K41q4X0r8qu_XnaYlIg,white_box,5678,jpeg50,1,zurich:14,zurich:14,15.679996,36.1773
zurich_query_-m5K41q4X0r8qu_XnaYlIg,transfer_1,5678,jpeg50,15,cph:429,zurich:14,15.679996,36.1773
zurich_query_-m5K41q4X0r8qu_XnaYlIg,transfer_2,5678,jpeg50,11,amman:31,zurich:14,15.679998,36.1773
zurich_query_-m5K41q4X0r8qu_XnaYlIg,transfer_3,5678,jpeg50,73,cph:429,zurich:14,15.679993,36.1773
zurich_query_-m5K41q4X0r8qu_XnaYlIg,isotropic,9012,jpeg50,23,cph:162,zurich:14,15.680000,36.1773
zurich_query_-m5K41q4X0r8qu_XnaYlIg,white_box,9012,jpeg50,3,cph:464,zurich:14,15.679997,36.1773
zurich_query_-m5K41q4X0r8qu_XnaYlIg,transfer_1,9012,jpeg50,8,cph:429,zurich:14,15.679997,36.1773
zurich_query_-m5K41q4X0r8qu_XnaYlIg,transfer_2,9012,jpeg50,11,cph:429,zurich:14,15.679997,36.1773
zurich_query_-m5K41q4X0r8qu_XnaYlIg,transfer_3,9012,jpeg50,47,cph:429,zurich:14,15.679998,36.1773
amman_query_0rJM3ZzX3JzTTpl0GCia8w,isotropic,5678,jpeg50,390,amman:37,amman:36,15.680000,36.1773
amman_query_0rJM3ZzX3JzTTpl0GCia8w,white_box,5678,jpeg50,242,amman:37,amman:36,15.680000,36.1773
amman_query_0rJM3ZzX3JzTTpl0GCia8w,transfer_1,5678,jpeg50,262,amman:37,amman:36,15.679998,36.1773
amman_query_0rJM3ZzX3JzTTpl0GCia8w,transfer_2,5678,jpeg50,288,boston:47,amman:36,15.680000,36.1773
amman_query_0rJM3ZzX3JzTTpl0GCia8w,transfer_3,5678,jpeg50,281,amman:37,amman:36,15.680000,36.1773
amman_query_0rJM3ZzX3JzTTpl0GCia8w,isotropic,9012,jpeg50,288,amman:37,amman:36,15.679998,36.1773
amman_query_0rJM3ZzX3JzTTpl0GCia8w,white_box,9012,jpeg50,271,amman:37,amman:36,15.679997,36.1773
amman_query_0rJM3ZzX3JzTTpl0GCia8w,transfer_1,9012,jpeg50,298,amman:37,amman:36,15.679998,36.1773
amman_query_0rJM3ZzX3JzTTpl0GCia8w,transfer_2,9012,jpeg50,277,boston:47,amman:36,15.679998,36.1773
amman_query_0rJM3ZzX3JzTTpl0GCia8w,transfer_3,9012,jpeg50,237,amman:37,amman:36,15.679998,36.1773
boston_query_-Jix8HM-vXTXdWrXQwVvQw,isotropic,5678,jpeg50,2,boston:191,boston:123,15.680000,36.1773
boston_query_-Jix8HM-vXTXdWrXQwVvQw,white_box,5678,jpeg50,2,toronto:112,boston:123,15.679995,36.1773
boston_query_-Jix8HM-vXTXdWrXQwVvQw,transfer_1,5678,jpeg50,5,boston:191,boston:123,15.680000,36.1773
boston_query_-Jix8HM-vXTXdWrXQwVvQw,transfer_2,5678,jpeg50,4,boston:191,boston:123,15.679997,36.1773
boston_query_-Jix8HM-vXTXdWrXQwVvQw,transfer_3,5678,jpeg50,3,boston:191,boston:123,15.680000,36.1773
boston_query_-Jix8HM-vXTXdWrXQwVvQw,isotropic,9012,jpeg50,3,boston:191,boston:123,15.679997,36.1773
boston_query_-Jix8HM-vXTXdWrXQwVvQw,white_box,9012,jpeg50,4,manila:181,boston:123,15.679996,36.1773
boston_query_-Jix8HM-vXTXdWrXQwVvQw,transfer_1,9012,jpeg50,3,boston:191,boston:123,15.680000,36.1773
boston_query_-Jix8HM-vXTXdWrXQwVvQw,transfer_2,9012,jpeg50,4,boston:191,boston:123,15.680000,36.1773
boston_query_-Jix8HM-vXTXdWrXQwVvQw,transfer_3,9012,jpeg50,3,boston:191,boston:123,15.680007,36.1773
cph_query_-FLAkBWjfrY2RcqaQ-LgmQ,isotropic,5678,jpeg50,3,cph:243,cph:261,15.680000,36.1773
cph_query_-FLAkBWjfrY2RcqaQ-LgmQ,white_box,5678,jpeg50,556,cph:245,cph:261,15.680007,36.1773
cph_query_-FLAkBWjfrY2RcqaQ-LgmQ,transfer_1,5678,jpeg50,22,amman:30,cph:261,15.680000,36.1773
cph_query_-FLAkBWjfrY2RcqaQ-LgmQ,transfer_2,5678,jpeg50,29,amman:30,cph:261,15.679998,36.1773
cph_query_-FLAkBWjfrY2RcqaQ-LgmQ,transfer_3,5678,jpeg50,21,amman:30,cph:261,15.679997,36.1773
cph_query_-FLAkBWjfrY2RcqaQ-LgmQ,isotropic,9012,jpeg50,4,cph:243,cph:261,15.679998,36.1773
cph_query_-FLAkBWjfrY2RcqaQ-LgmQ,white_box,9012,jpeg50,560,toronto:207,cph:261,15.679997,36.1773
cph_query_-FLAkBWjfrY2RcqaQ-LgmQ,transfer_1,9012,jpeg50,11,amman:30,cph:261,15.680002,36.1773
cph_query_-FLAkBWjfrY2RcqaQ-LgmQ,transfer_2,9012,jpeg50,38,cph:243,cph:261,15.679997,36.1773
cph_query_-FLAkBWjfrY2RcqaQ-LgmQ,transfer_3,9012,jpeg50,25,cph:243,cph:261,15.679997,36.1773
london_query_-cAVonhAOLeSK7tfil0ceg,isotropic,5678,jpeg50,148,cph:459,london:100,15.679995,36.1773
london_query_-cAVonhAOLeSK7tfil0ceg,white_box,5678,jpeg50,966,boston:98,london:100,15.679997,36.1773
london_query_-cAVonhAOLeSK7tfil0ceg,transfer_1,5678,jpeg50,238,cph:459,london:100,15.679998,36.1773
london_query_-cAVonhAOLeSK7tfil0ceg,transfer_2,5678,jpeg50,681,manila:46,london:100,15.679996,36.1773
london_query_-cAVonhAOLeSK7tfil0ceg,transfer_3,5678,jpeg50,445,manila:46,london:100,15.680000,36.1773
london_query_-cAVonhAOLeSK7tfil0ceg,isotropic,9012,jpeg50,284,cph:459,london:100,15.680000,36.1773
london_query_-cAVonhAOLeSK7tfil0ceg,white_box,9012,jpeg50,852,boston:98,london:100,15.680002,36.1773
london_query_-cAVonhAOLeSK7tfil0ceg,transfer_1,9012,jpeg50,340,manila:46,london:100,15.680002,36.1773
london_query_-cAVonhAOLeSK7tfil0ceg,transfer_2,9012,jpeg50,580,manila:46,london:100,15.680000,36.1773
london_query_-cAVonhAOLeSK7tfil0ceg,transfer_3,9012,jpeg50,558,manila:46,london:100,15.679995,36.1773
manila_query_-LBCdeO8C8kj5IjX1m3XTA,isotropic,5678,jpeg50,130,cph:464,manila:173,15.679996,36.1773
manila_query_-LBCdeO8C8kj5IjX1m3XTA,white_box,5678,jpeg50,663,amman:23,manila:173,15.680004,36.1773
manila_query_-LBCdeO8C8kj5IjX1m3XTA,transfer_1,5678,jpeg50,102,manila:54,manila:173,15.679998,36.1773
manila_query_-LBCdeO8C8kj5IjX1m3XTA,transfer_2,5678,jpeg50,242,manila:134,manila:173,15.679995,36.1773
manila_query_-LBCdeO8C8kj5IjX1m3XTA,transfer_3,5678,jpeg50,191,manila:134,manila:173,15.679998,36.1773
manila_query_-LBCdeO8C8kj5IjX1m3XTA,isotropic,9012,jpeg50,149,manila:177,manila:173,15.679997,36.1773
manila_query_-LBCdeO8C8kj5IjX1m3XTA,white_box,9012,jpeg50,771,amman:23,manila:173,15.679997,36.1773
manila_query_-LBCdeO8C8kj5IjX1m3XTA,transfer_1,9012,jpeg50,109,manila:134,manila:173,15.679997,36.1773
manila_query_-LBCdeO8C8kj5IjX1m3XTA,transfer_2,9012,jpeg50,189,manila:134,manila:173,15.680001,36.1773
manila_query_-LBCdeO8C8kj5IjX1m3XTA,transfer_3,9012,jpeg50,201,manila:134,manila:173,15.680000,36.1773
nairobi_query_1YjlKCdHNgoQBY8yOFqlmw,isotropic,5678,jpeg50,9,zurich:19,nairobi:8,15.680002,36.1773
nairobi_query_1YjlKCdHNgoQBY8yOFqlmw,white_box,5678,jpeg50,431,manila:92,nairobi:8,15.680002,36.1773
nairobi_query_1YjlKCdHNgoQBY8yOFqlmw,transfer_1,5678,jpeg50,3,zurich:19,nairobi:8,15.680002,36.1773
nairobi_query_1YjlKCdHNgoQBY8yOFqlmw,transfer_2,5678,jpeg50,3,london:85,nairobi:8,15.680000,36.1773
nairobi_query_1YjlKCdHNgoQBY8yOFqlmw,transfer_3,5678,jpeg50,29,zurich:19,nairobi:8,15.679997,36.1773
nairobi_query_1YjlKCdHNgoQBY8yOFqlmw,isotropic,9012,jpeg50,9,zurich:19,nairobi:8,15.680000,36.1773
nairobi_query_1YjlKCdHNgoQBY8yOFqlmw,white_box,9012,jpeg50,823,manila:92,nairobi:8,15.680000,36.1773
nairobi_query_1YjlKCdHNgoQBY8yOFqlmw,transfer_1,9012,jpeg50,4,zurich:19,nairobi:8,15.679997,36.1773
nairobi_query_1YjlKCdHNgoQBY8yOFqlmw,transfer_2,9012,jpeg50,27,zurich:19,nairobi:8,15.679997,36.1773
nairobi_query_1YjlKCdHNgoQBY8yOFqlmw,transfer_3,9012,jpeg50,21,zurich:42,nairobi:8,15.679998,36.1773
toronto_query_-B-3B3MjxX0UdrDIo-8kmA,isotropic,5678,jpeg50,11,cph:429,toronto:101,15.679997,36.1773
toronto_query_-B-3B3MjxX0UdrDIo-8kmA,white_box,5678,jpeg50,187,manila:183,toronto:101,15.680002,36.1773
toronto_query_-B-3B3MjxX0UdrDIo-8kmA,transfer_1,5678,jpeg50,19,cph:429,toronto:101,15.679997,36.1773
toronto_query_-B-3B3MjxX0UdrDIo-8kmA,transfer_2,5678,jpeg50,26,cph:429,toronto:101,15.680000,36.1773
toronto_query_-B-3B3MjxX0UdrDIo-8kmA,transfer_3,5678,jpeg50,49,cph:429,toronto:101,15.679996,36.1773
toronto_query_-B-3B3MjxX0UdrDIo-8kmA,isotropic,9012,jpeg50,29,cph:429,toronto:101,15.679998,36.1773
toronto_query_-B-3B3MjxX0UdrDIo-8kmA,white_box,9012,jpeg50,266,cph:384,toronto:101,15.679998,36.1773
toronto_query_-B-3B3MjxX0UdrDIo-8kmA,transfer_1,9012,jpeg50,25,cph:71,toronto:101,15.679998,36.1773
toronto_query_-B-3B3MjxX0UdrDIo-8kmA,transfer_2,9012,jpeg50,39,cph:429,toronto:101,15.680000,36.1773
toronto_query_-B-3B3MjxX0UdrDIo-8kmA,transfer_3,9012,jpeg50,56,cph:429,toronto:101,15.680000,36.1773
zurich_query_-nhCCSRwlsxqJsUbzqZvCQ,isotropic,5678,jpeg50,1205,amman:31,zurich:83,15.679997,36.1773
zurich_query_-nhCCSRwlsxqJsUbzqZvCQ,white_box,5678,jpeg50,1605,boston:79,zurich:83,15.679998,36.1773
zurich_query_-nhCCSRwlsxqJsUbzqZvCQ,transfer_1,5678,jpeg50,1208,manila:181,zurich:83,15.679988,36.1773
zurich_query_-nhCCSRwlsxqJsUbzqZvCQ,transfer_2,5678,jpeg50,1390,boston:79,zurich:83,15.680000,36.1773
zurich_query_-nhCCSRwlsxqJsUbzqZvCQ,transfer_3,5678,jpeg50,1430,manila:82,zurich:83,15.680000,36.1773
zurich_query_-nhCCSRwlsxqJsUbzqZvCQ,isotropic,9012,jpeg50,1180,amman:31,zurich:83,15.679998,36.1773
zurich_query_-nhCCSRwlsxqJsUbzqZvCQ,white_box,9012,jpeg50,1675,manila:29,zurich:83,15.679998,36.1773
zurich_query_-nhCCSRwlsxqJsUbzqZvCQ,transfer_1,9012,jpeg50,1192,amman:31,zurich:83,15.679997,36.1773
zurich_query_-nhCCSRwlsxqJsUbzqZvCQ,transfer_2,9012,jpeg50,1325,boston:79,zurich:83,15.679993,36.1773
zurich_query_-nhCCSRwlsxqJsUbzqZvCQ,transfer_3,9012,jpeg50,1423,manila:82,zurich:83,15.680007,36.1773
amman_query_12LbsAl_T_jgw2JHgbR5ng,isotropic,5678,jpeg50,56,amman:11,amman:35,15.679997,36.1773
amman_query_12LbsAl_T_jgw2JHgbR5ng,white_box,5678,jpeg50,859,zurich:94,amman:35,15.680000,36.1773
amman_query_12LbsAl_T_jgw2JHgbR5ng,transfer_1,5678,jpeg50,44,amman:23,amman:35,15.680002,36.1773
amman_query_12LbsAl_T_jgw2JHgbR5ng,transfer_2,5678,jpeg50,46,amman:23,amman:35,15.679996,36.1773
amman_query_12LbsAl_T_jgw2JHgbR5ng,transfer_3,5678,jpeg50,242,amman:11,amman:35,15.680005,36.1773
amman_query_12LbsAl_T_jgw2JHgbR5ng,isotropic,9012,jpeg50,43,amman:11,amman:35,15.680000,36.1773
amman_query_12LbsAl_T_jgw2JHgbR5ng,white_box,9012,jpeg50,985,cph:271,amman:35,15.680000,36.1773
amman_query_12LbsAl_T_jgw2JHgbR5ng,transfer_1,9012,jpeg50,50,amman:23,amman:35,15.679997,36.1773
amman_query_12LbsAl_T_jgw2JHgbR5ng,transfer_2,9012,jpeg50,35,amman:11,amman:35,15.679996,36.1773
amman_query_12LbsAl_T_jgw2JHgbR5ng,transfer_3,9012,jpeg50,108,amman:11,amman:35,15.679998,36.1773
boston_query_-Jv7RF27BSJIV-gqOI7KxZ,isotropic,5678,jpeg50,16,nairobi:10,boston:195,15.680000,36.1773
boston_query_-Jv7RF27BSJIV-gqOI7KxZ,white_box,5678,jpeg50,135,amman:22,boston:195,15.680000,36.1773
boston_query_-Jv7RF27BSJIV-gqOI7KxZ,transfer_1,5678,jpeg50,22,manila:46,boston:195,15.679997,36.1773
boston_query_-Jv7RF27BSJIV-gqOI7KxZ,transfer_2,5678,jpeg50,28,london:122,boston:195,15.680008,36.1773
boston_query_-Jv7RF27BSJIV-gqOI7KxZ,transfer_3,5678,jpeg50,22,manila:46,boston:195,15.680004,36.1773
boston_query_-Jv7RF27BSJIV-gqOI7KxZ,isotropic,9012,jpeg50,16,nairobi:10,boston:195,15.680002,36.1773
boston_query_-Jv7RF27BSJIV-gqOI7KxZ,white_box,9012,jpeg50,218,zurich:103,boston:195,15.679997,36.1773
boston_query_-Jv7RF27BSJIV-gqOI7KxZ,transfer_1,9012,jpeg50,25,manila:46,boston:195,15.680000,36.1773
boston_query_-Jv7RF27BSJIV-gqOI7KxZ,transfer_2,9012,jpeg50,30,manila:46,boston:195,15.679998,36.1773
boston_query_-Jv7RF27BSJIV-gqOI7KxZ,transfer_3,9012,jpeg50,33,manila:46,boston:195,15.680002,36.1773
cph_query_-GVbOpzggFXAot0UyKhx2g,isotropic,5678,jpeg50,4,cph:243,cph:4,15.679998,36.1773
cph_query_-GVbOpzggFXAot0UyKhx2g,white_box,5678,jpeg50,1084,boston:234,cph:4,15.680004,36.1773
cph_query_-GVbOpzggFXAot0UyKhx2g,transfer_1,5678,jpeg50,11,cph:243,cph:4,15.680004,36.1773
cph_query_-GVbOpzggFXAot0UyKhx2g,transfer_2,5678,jpeg50,2,cph:271,cph:4,15.680000,36.1773
cph_query_-GVbOpzggFXAot0UyKhx2g,transfer_3,5678,jpeg50,77,cph:243,cph:4,15.679997,36.1773
cph_query_-GVbOpzggFXAot0UyKhx2g,isotropic,9012,jpeg50,6,cph:243,cph:4,15.680000,36.1773
cph_query_-GVbOpzggFXAot0UyKhx2g,white_box,9012,jpeg50,1189,boston:234,cph:4,15.680000,36.1773
cph_query_-GVbOpzggFXAot0UyKhx2g,transfer_1,9012,jpeg50,13,cph:243,cph:4,15.679998,36.1773
cph_query_-GVbOpzggFXAot0UyKhx2g,transfer_2,9012,jpeg50,21,cph:271,cph:4,15.680001,36.1773
cph_query_-GVbOpzggFXAot0UyKhx2g,transfer_3,9012,jpeg50,23,cph:243,cph:4,15.680001,36.1773
london_query_-dHWRapn57-l_kynPnun3Q,isotropic,5678,jpeg50,4,london:76,london:21,15.680001,36.1773
london_query_-dHWRapn57-l_kynPnun3Q,white_box,5678,jpeg50,59,london:51,london:21,15.679997,36.1773
london_query_-dHWRapn57-l_kynPnun3Q,transfer_1,5678,jpeg50,19,london:76,london:21,15.680002,36.1773
london_query_-dHWRapn57-l_kynPnun3Q,transfer_2,5678,jpeg50,11,london:76,london:21,15.679998,36.1773
london_query_-dHWRapn57-l_kynPnun3Q,transfer_3,5678,jpeg50,7,london:76,london:21,15.679997,36.1773
london_query_-dHWRapn57-l_kynPnun3Q,isotropic,9012,jpeg50,17,london:76,london:21,15.680000,36.1773
london_query_-dHWRapn57-l_kynPnun3Q,white_box,9012,jpeg50,38,london:51,london:21,15.680001,36.1773
london_query_-dHWRapn57-l_kynPnun3Q,transfer_1,9012,jpeg50,11,london:76,london:21,15.679997,36.1773
london_query_-dHWRapn57-l_kynPnun3Q,transfer_2,9012,jpeg50,11,london:76,london:21,15.680000,36.1773
london_query_-dHWRapn57-l_kynPnun3Q,transfer_3,9012,jpeg50,8,london:76,london:21,15.680002,36.1773
manila_query_-MH02w7P6jmmqnoUdL-55Q,isotropic,5678,jpeg50,32,manila:33,manila:72,15.680002,36.1773
manila_query_-MH02w7P6jmmqnoUdL-55Q,white_box,5678,jpeg50,94,manila:183,manila:72,15.679998,36.1773
manila_query_-MH02w7P6jmmqnoUdL-55Q,transfer_1,5678,jpeg50,28,manila:33,manila:72,15.679997,36.1773
manila_query_-MH02w7P6jmmqnoUdL-55Q,transfer_2,5678,jpeg50,24,manila:33,manila:72,15.680004,36.1773
manila_query_-MH02w7P6jmmqnoUdL-55Q,transfer_3,5678,jpeg50,60,manila:33,manila:72,15.680000,36.1773
manila_query_-MH02w7P6jmmqnoUdL-55Q,isotropic,9012,jpeg50,37,manila:29,manila:72,15.680000,36.1773
manila_query_-MH02w7P6jmmqnoUdL-55Q,white_box,9012,jpeg50,76,manila:92,manila:72,15.680001,36.1773
manila_query_-MH02w7P6jmmqnoUdL-55Q,transfer_1,9012,jpeg50,20,boston:144,manila:72,15.680000,36.1773
manila_query_-MH02w7P6jmmqnoUdL-55Q,transfer_2,9012,jpeg50,12,manila:33,manila:72,15.680000,36.1773
manila_query_-MH02w7P6jmmqnoUdL-55Q,transfer_3,9012,jpeg50,25,manila:33,manila:72,15.679996,36.1773
nairobi_query_1Z__CFelPzXEI1IEu_8QJw,isotropic,5678,jpeg50,333,amman:1,nairobi:13,15.679996,36.1773
nairobi_query_1Z__CFelPzXEI1IEu_8QJw,white_box,5678,jpeg50,1663,manila:23,nairobi:13,15.679998,36.1773
nairobi_query_1Z__CFelPzXEI1IEu_8QJw,transfer_1,5678,jpeg50,398,amman:1,nairobi:13,15.680000,36.1773
nairobi_query_1Z__CFelPzXEI1IEu_8QJw,transfer_2,5678,jpeg50,682,amman:1,nairobi:13,15.679995,36.1773
nairobi_query_1Z__CFelPzXEI1IEu_8QJw,transfer_3,5678,jpeg50,764,amman:1,nairobi:13,15.680000,36.1773
nairobi_query_1Z__CFelPzXEI1IEu_8QJw,isotropic,9012,jpeg50,482,amman:1,nairobi:13,15.680001,36.1773
nairobi_query_1Z__CFelPzXEI1IEu_8QJw,white_box,9012,jpeg50,1596,manila:67,nairobi:13,15.679998,36.1773
nairobi_query_1Z__CFelPzXEI1IEu_8QJw,transfer_1,9012,jpeg50,328,amman:1,nairobi:13,15.680002,36.1773
nairobi_query_1Z__CFelPzXEI1IEu_8QJw,transfer_2,9012,jpeg50,655,amman:1,nairobi:13,15.680001,36.1773
nairobi_query_1Z__CFelPzXEI1IEu_8QJw,transfer_3,9012,jpeg50,563,amman:1,nairobi:13,15.679996,36.1773
toronto_query_-B136fRwqMBMXoc03yy-PQ,isotropic,5678,jpeg50,1,toronto:102,toronto:102,15.680002,36.1773
toronto_query_-B136fRwqMBMXoc03yy-PQ,white_box,5678,jpeg50,39,cph:33,toronto:102,15.680002,36.1773
toronto_query_-B136fRwqMBMXoc03yy-PQ,transfer_1,5678,jpeg50,2,cph:429,toronto:102,15.679998,36.1773
toronto_query_-B136fRwqMBMXoc03yy-PQ,transfer_2,5678,jpeg50,20,zurich:61,toronto:102,15.680000,36.1773
toronto_query_-B136fRwqMBMXoc03yy-PQ,transfer_3,5678,jpeg50,22,zurich:61,toronto:102,15.679998,36.1773
toronto_query_-B136fRwqMBMXoc03yy-PQ,isotropic,9012,jpeg50,1,toronto:102,toronto:102,15.679997,36.1773
toronto_query_-B136fRwqMBMXoc03yy-PQ,white_box,9012,jpeg50,62,toronto:196,toronto:102,15.680000,36.1773
toronto_query_-B136fRwqMBMXoc03yy-PQ,transfer_1,9012,jpeg50,5,cph:429,toronto:102,15.679998,36.1773
toronto_query_-B136fRwqMBMXoc03yy-PQ,transfer_2,9012,jpeg50,24,cph:429,toronto:102,15.679997,36.1773
toronto_query_-B136fRwqMBMXoc03yy-PQ,transfer_3,9012,jpeg50,8,cph:429,toronto:102,15.679997,36.1773
zurich_query_-tYWpAACOq7RfVvZJ-BAcQ,isotropic,5678,jpeg50,226,toronto:55,zurich:30,15.679997,36.1773
zurich_query_-tYWpAACOq7RfVvZJ-BAcQ,white_box,5678,jpeg50,663,zurich:65,zurich:30,15.679998,36.1773
zurich_query_-tYWpAACOq7RfVvZJ-BAcQ,transfer_1,5678,jpeg50,311,toronto:55,zurich:30,15.679989,36.1773
zurich_query_-tYWpAACOq7RfVvZJ-BAcQ,transfer_2,5678,jpeg50,316,boston:234,zurich:30,15.680005,36.1773
zurich_query_-tYWpAACOq7RfVvZJ-BAcQ,transfer_3,5678,jpeg50,285,toronto:55,zurich:30,15.680001,36.1773
zurich_query_-tYWpAACOq7RfVvZJ-BAcQ,isotropic,9012,jpeg50,228,toronto:55,zurich:30,15.680000,36.1773
zurich_query_-tYWpAACOq7RfVvZJ-BAcQ,white_box,9012,jpeg50,837,zurich:65,zurich:30,15.680002,36.1773
zurich_query_-tYWpAACOq7RfVvZJ-BAcQ,transfer_1,9012,jpeg50,336,toronto:55,zurich:30,15.679998,36.1773
zurich_query_-tYWpAACOq7RfVvZJ-BAcQ,transfer_2,9012,jpeg50,280,toronto:55,zurich:30,15.680002,36.1773
zurich_query_-tYWpAACOq7RfVvZJ-BAcQ,transfer_3,9012,jpeg50,208,manila:87,zurich:30,15.679997,36.1773
amman_query_1HafWFxuyylXLnDzCoapDA,isotropic,5678,jpeg50,27,amman:23,amman:35,15.679998,36.1773
amman_query_1HafWFxuyylXLnDzCoapDA,white_box,5678,jpeg50,784,amman:31,amman:35,15.680000,36.1773
amman_query_1HafWFxuyylXLnDzCoapDA,transfer_1,5678,jpeg50,31,amman:15,amman:35,15.680000,36.1773
amman_query_1HafWFxuyylXLnDzCoapDA,transfer_2,5678,jpeg50,20,amman:23,amman:35,15.679997,36.1773
amman_query_1HafWFxuyylXLnDzCoapDA,transfer_3,5678,jpeg50,28,amman:23,amman:35,15.680007,36.1773
amman_query_1HafWFxuyylXLnDzCoapDA,isotropic,9012,jpeg50,32,amman:15,amman:35,15.679997,36.1773
amman_query_1HafWFxuyylXLnDzCoapDA,white_box,9012,jpeg50,594,london:122,amman:35,15.680002,36.1773
amman_query_1HafWFxuyylXLnDzCoapDA,transfer_1,9012,jpeg50,63,amman:23,amman:35,15.679997,36.1773
amman_query_1HafWFxuyylXLnDzCoapDA,transfer_2,9012,jpeg50,34,amman:23,amman:35,15.679998,36.1773
amman_query_1HafWFxuyylXLnDzCoapDA,transfer_3,9012,jpeg50,19,amman:23,amman:35,15.679997,36.1773
boston_query_-Kg6j3FKy26wYRLBkE_dFQ,isotropic,5678,jpeg50,16,amman:15,boston:123,15.679997,36.1773
boston_query_-Kg6j3FKy26wYRLBkE_dFQ,white_box,5678,jpeg50,3,manila:143,boston:123,15.680000,36.1773
boston_query_-Kg6j3FKy26wYRLBkE_dFQ,transfer_1,5678,jpeg50,11,boston:191,boston:123,15.679997,36.1773
boston_query_-Kg6j3FKy26wYRLBkE_dFQ,transfer_2,5678,jpeg50,21,manila:153,boston:123,15.679998,36.1773
boston_query_-Kg6j3FKy26wYRLBkE_dFQ,transfer_3,5678,jpeg50,23,manila:153,boston:123,15.680000,36.1773
boston_query_-Kg6j3FKy26wYRLBkE_dFQ,isotropic,9012,jpeg50,24,toronto:23,boston:123,15.680000,36.1773
boston_query_-Kg6j3FKy26wYRLBkE_dFQ,white_box,9012,jpeg50,3,manila:143,boston:123,15.679998,36.1773
boston_query_-Kg6j3FKy26wYRLBkE_dFQ,transfer_1,9012,jpeg50,3,toronto:23,boston:123,15.680002,36.1773
boston_query_-Kg6j3FKy26wYRLBkE_dFQ,transfer_2,9012,jpeg50,15,manila:153,boston:123,15.680001,36.1773
boston_query_-Kg6j3FKy26wYRLBkE_dFQ,transfer_3,9012,jpeg50,19,manila:153,boston:123,15.680005,36.1773
cph_query_-G_OOR1_yAfdfgnlKYNKnQ,isotropic,5678,jpeg50,1,cph:254,cph:254,15.680000,36.1773
cph_query_-G_OOR1_yAfdfgnlKYNKnQ,white_box,5678,jpeg50,8,cph:71,cph:254,15.679995,36.1773
cph_query_-G_OOR1_yAfdfgnlKYNKnQ,transfer_1,5678,jpeg50,1,cph:254,cph:254,15.679997,36.1773
cph_query_-G_OOR1_yAfdfgnlKYNKnQ,transfer_2,5678,jpeg50,1,cph:254,cph:254,15.680000,36.1773
cph_query_-G_OOR1_yAfdfgnlKYNKnQ,transfer_3,5678,jpeg50,1,cph:254,cph:254,15.680002,36.1773
cph_query_-G_OOR1_yAfdfgnlKYNKnQ,isotropic,9012,jpeg50,1,cph:254,cph:254,15.679998,36.1773
cph_query_-G_OOR1_yAfdfgnlKYNKnQ,white_box,9012,jpeg50,31,cph:71,cph:254,15.679998,36.1773
cph_query_-G_OOR1_yAfdfgnlKYNKnQ,transfer_1,9012,jpeg50,1,cph:254,cph:254,15.679998,36.1773
cph_query_-G_OOR1_yAfdfgnlKYNKnQ,transfer_2,9012,jpeg50,1,cph:254,cph:254,15.679993,36.1773
cph_query_-G_OOR1_yAfdfgnlKYNKnQ,transfer_3,9012,jpeg50,2,cph:71,cph:254,15.679997,36.1773
london_query_-dZ1k85FDVdFSbcG6_ECOA,isotropic,5678,jpeg50,4,manila:13,london:62,15.680000,36.1773
london_query_-dZ1k85FDVdFSbcG6_ECOA,white_box,5678,jpeg50,431,manila:13,london:62,15.680000,36.1773
london_query_-dZ1k85FDVdFSbcG6_ECOA,transfer_1,5678,jpeg50,9,manila:13,london:62,15.680000,36.1773
london_query_-dZ1k85FDVdFSbcG6_ECOA,transfer_2,5678,jpeg50,10,manila:13,london:62,15.680000,36.1773
london_query_-dZ1k85FDVdFSbcG6_ECOA,transfer_3,5678,jpeg50,45,manila:13,london:62,15.680004,36.1773
london_query_-dZ1k85FDVdFSbcG6_ECOA,isotropic,9012,jpeg50,4,manila:13,london:62,15.679997,36.1773
london_query_-dZ1k85FDVdFSbcG6_ECOA,white_box,9012,jpeg50,419,manila:54,london:62,15.680000,36.1773
london_query_-dZ1k85FDVdFSbcG6_ECOA,transfer_1,9012,jpeg50,17,manila:13,london:62,15.680004,36.1773
london_query_-dZ1k85FDVdFSbcG6_ECOA,transfer_2,9012,jpeg50,31,manila:13,london:62,15.679998,36.1773
london_query_-dZ1k85FDVdFSbcG6_ECOA,transfer_3,9012,jpeg50,24,manila:13,london:62,15.680000,36.1773
manila_query_-MKMMHEd33H1_45AJ8B5AA,isotropic,5678,jpeg50,1,manila:20,manila:20,15.679997,36.1773
manila_query_-MKMMHEd33H1_45AJ8B5AA,white_box,5678,jpeg50,165,manila:183,manila:20,15.680000,36.1773
manila_query_-MKMMHEd33H1_45AJ8B5AA,transfer_1,5678,jpeg50,1,manila:20,manila:20,15.680000,36.1773
manila_query_-MKMMHEd33H1_45AJ8B5AA,transfer_2,5678,jpeg50,1,manila:20,manila:20,15.679998,36.1773
manila_query_-MKMMHEd33H1_45AJ8B5AA,transfer_3,5678,jpeg50,1,manila:20,manila:20,15.679997,36.1773
manila_query_-MKMMHEd33H1_45AJ8B5AA,isotropic,9012,jpeg50,1,manila:20,manila:20,15.679997,36.1773
manila_query_-MKMMHEd33H1_45AJ8B5AA,white_box,9012,jpeg50,127,manila:142,manila:20,15.679997,36.1773
manila_query_-MKMMHEd33H1_45AJ8B5AA,transfer_1,9012,jpeg50,2,manila:33,manila:20,15.679997,36.1773
manila_query_-MKMMHEd33H1_45AJ8B5AA,transfer_2,9012,jpeg50,1,manila:20,manila:20,15.680001,36.1773
manila_query_-MKMMHEd33H1_45AJ8B5AA,transfer_3,9012,jpeg50,1,manila:20,manila:20,15.680000,36.1773
nairobi_query_20W8wyVhxSIpj4ekTP7ezw,isotropic,5678,jpeg50,82,nairobi:4,nairobi:20,15.680000,36.1773
nairobi_query_20W8wyVhxSIpj4ekTP7ezw,white_box,5678,jpeg50,598,amman:1,nairobi:20,15.679998,36.1773
nairobi_query_20W8wyVhxSIpj4ekTP7ezw,transfer_1,5678,jpeg50,125,nairobi:4,nairobi:20,15.679998,36.1773
nairobi_query_20W8wyVhxSIpj4ekTP7ezw,transfer_2,5678,jpeg50,166,manila:6,nairobi:20,15.680004,36.1773
nairobi_query_20W8wyVhxSIpj4ekTP7ezw,transfer_3,5678,jpeg50,115,manila:132,nairobi:20,15.680002,36.1773
nairobi_query_20W8wyVhxSIpj4ekTP7ezw,isotropic,9012,jpeg50,120,nairobi:4,nairobi:20,15.679997,36.1773
nairobi_query_20W8wyVhxSIpj4ekTP7ezw,white_box,9012,jpeg50,532,amman:1,nairobi:20,15.679996,36.1773
nairobi_query_20W8wyVhxSIpj4ekTP7ezw,transfer_1,9012,jpeg50,91,nairobi:4,nairobi:20,15.679997,36.1773
nairobi_query_20W8wyVhxSIpj4ekTP7ezw,transfer_2,9012,jpeg50,181,manila:6,nairobi:20,15.680000,36.1773
nairobi_query_20W8wyVhxSIpj4ekTP7ezw,transfer_3,9012,jpeg50,169,manila:132,nairobi:20,15.680002,36.1773
toronto_query_-BTAllhGXYkM_JsKwxUFMg,isotropic,5678,jpeg50,233,toronto:228,toronto:34,15.679997,36.1773
toronto_query_-BTAllhGXYkM_JsKwxUFMg,white_box,5678,jpeg50,1048,toronto:130,toronto:34,15.679997,36.1773
toronto_query_-BTAllhGXYkM_JsKwxUFMg,transfer_1,5678,jpeg50,175,toronto:228,toronto:34,15.679997,36.1773
toronto_query_-BTAllhGXYkM_JsKwxUFMg,transfer_2,5678,jpeg50,260,toronto:228,toronto:34,15.680001,36.1773
toronto_query_-BTAllhGXYkM_JsKwxUFMg,transfer_3,5678,jpeg50,517,toronto:228,toronto:34,15.680000,36.1773
toronto_query_-BTAllhGXYkM_JsKwxUFMg,isotropic,9012,jpeg50,190,toronto:228,toronto:34,15.679997,36.1773
toronto_query_-BTAllhGXYkM_JsKwxUFMg,white_box,9012,jpeg50,1102,toronto:130,toronto:34,15.679992,36.1773
toronto_query_-BTAllhGXYkM_JsKwxUFMg,transfer_1,9012,jpeg50,185,toronto:228,toronto:34,15.680002,36.1773
toronto_query_-BTAllhGXYkM_JsKwxUFMg,transfer_2,9012,jpeg50,179,toronto:228,toronto:34,15.679998,36.1773
toronto_query_-BTAllhGXYkM_JsKwxUFMg,transfer_3,9012,jpeg50,540,toronto:228,toronto:34,15.680002,36.1773
zurich_query_-uQ-4tnYcOJ9WPXRG-ou3w,isotropic,5678,jpeg50,259,cph:241,zurich:98,15.680001,36.1773
zurich_query_-uQ-4tnYcOJ9WPXRG-ou3w,white_box,5678,jpeg50,936,zurich:35,zurich:98,15.680001,36.1773
zurich_query_-uQ-4tnYcOJ9WPXRG-ou3w,transfer_1,5678,jpeg50,474,london:76,zurich:98,15.679997,36.1773
zurich_query_-uQ-4tnYcOJ9WPXRG-ou3w,transfer_2,5678,jpeg50,390,cph:429,zurich:98,15.680002,36.1773
zurich_query_-uQ-4tnYcOJ9WPXRG-ou3w,transfer_3,5678,jpeg50,279,london:71,zurich:98,15.680000,36.1773
zurich_query_-uQ-4tnYcOJ9WPXRG-ou3w,isotropic,9012,jpeg50,329,cph:241,zurich:98,15.679996,36.1773
zurich_query_-uQ-4tnYcOJ9WPXRG-ou3w,white_box,9012,jpeg50,911,zurich:35,zurich:98,15.679997,36.1773
zurich_query_-uQ-4tnYcOJ9WPXRG-ou3w,transfer_1,9012,jpeg50,417,cph:429,zurich:98,15.679997,36.1773
zurich_query_-uQ-4tnYcOJ9WPXRG-ou3w,transfer_2,9012,jpeg50,389,cph:429,zurich:98,15.680000,36.1773
zurich_query_-uQ-4tnYcOJ9WPXRG-ou3w,transfer_3,9012,jpeg50,215,manila:181,zurich:98,15.680001,36.1773
amman_query_1IWpn2b6V75KvNFoTU8UOQ,isotropic,5678,jpeg50,25,boston:79,amman:26,15.680000,36.1773
amman_query_1IWpn2b6V75KvNFoTU8UOQ,white_box,5678,jpeg50,67,boston:145,amman:26,15.680000,36.1773
amman_query_1IWpn2b6V75KvNFoTU8UOQ,transfer_1,5678,jpeg50,18,boston:249,amman:26,15.679995,36.1773
amman_query_1IWpn2b6V75KvNFoTU8UOQ,transfer_2,5678,jpeg50,15,boston:79,amman:26,15.679997,36.1773
amman_query_1IWpn2b6V75KvNFoTU8UOQ,transfer_3,5678,jpeg50,5,boston:249,amman:26,15.680002,36.1773
amman_query_1IWpn2b6V75KvNFoTU8UOQ,isotropic,9012,jpeg50,29,boston:249,amman:26,15.679997,36.1773
amman_query_1IWpn2b6V75KvNFoTU8UOQ,white_box,9012,jpeg50,65,boston:145,amman:26,15.680000,36.1773
amman_query_1IWpn2b6V75KvNFoTU8UOQ,transfer_1,9012,jpeg50,24,boston:249,amman:26,15.679996,36.1773
amman_query_1IWpn2b6V75KvNFoTU8UOQ,transfer_2,9012,jpeg50,26,boston:79,amman:26,15.679993,36.1773
amman_query_1IWpn2b6V75KvNFoTU8UOQ,transfer_3,9012,jpeg50,10,boston:249,amman:26,15.680002,36.1773
boston_query_-LPTAIN0lPGriKBtXoH5Mg,isotropic,5678,jpeg50,1,boston:139,boston:139,15.679998,36.1773
boston_query_-LPTAIN0lPGriKBtXoH5Mg,white_box,5678,jpeg50,9,boston:47,boston:139,15.680002,36.1773
boston_query_-LPTAIN0lPGriKBtXoH5Mg,transfer_1,5678,jpeg50,1,boston:139,boston:139,15.679996,36.1773
boston_query_-LPTAIN0lPGriKBtXoH5Mg,transfer_2,5678,jpeg50,1,boston:139,boston:139,15.680000,36.1773
boston_query_-LPTAIN0lPGriKBtXoH5Mg,transfer_3,5678,jpeg50,1,boston:139,boston:139,15.680001,36.1773
boston_query_-LPTAIN0lPGriKBtXoH5Mg,isotropic,9012,jpeg50,1,boston:139,boston:139,15.680000,36.1773
boston_query_-LPTAIN0lPGriKBtXoH5Mg,white_box,9012,jpeg50,11,boston:47,boston:139,15.679998,36.1773
boston_query_-LPTAIN0lPGriKBtXoH5Mg,transfer_1,9012,jpeg50,1,boston:139,boston:139,15.679997,36.1773
boston_query_-LPTAIN0lPGriKBtXoH5Mg,transfer_2,9012,jpeg50,1,boston:139,boston:139,15.679998,36.1773
boston_query_-LPTAIN0lPGriKBtXoH5Mg,transfer_3,9012,jpeg50,1,boston:139,boston:139,15.680001,36.1773
cph_query_-Gsj5kZ1V6uLXFxzeI7G2Q,isotropic,5678,jpeg50,212,cph:54,cph:159,15.679998,36.1773
cph_query_-Gsj5kZ1V6uLXFxzeI7G2Q,white_box,5678,jpeg50,343,cph:96,cph:159,15.680002,36.1773
cph_query_-Gsj5kZ1V6uLXFxzeI7G2Q,transfer_1,5678,jpeg50,330,cph:54,cph:159,15.680009,36.1773
cph_query_-Gsj5kZ1V6uLXFxzeI7G2Q,transfer_2,5678,jpeg50,390,cph:54,cph:159,15.679992,36.1773
cph_query_-Gsj5kZ1V6uLXFxzeI7G2Q,transfer_3,5678,jpeg50,469,cph:54,cph:159,15.679989,36.1773
cph_query_-Gsj5kZ1V6uLXFxzeI7G2Q,isotropic,9012,jpeg50,310,cph:54,cph:159,15.679998,36.1773
cph_query_-Gsj5kZ1V6uLXFxzeI7G2Q,white_box,9012,jpeg50,534,cph:96,cph:159,15.679997,36.1773
cph_query_-Gsj5kZ1V6uLXFxzeI7G2Q,transfer_1,9012,jpeg50,229,cph:54,cph:159,15.679997,36.1773
cph_query_-Gsj5kZ1V6uLXFxzeI7G2Q,transfer_2,9012,jpeg50,296,cph:54,cph:159,15.680005,36.1773
cph_query_-Gsj5kZ1V6uLXFxzeI7G2Q,transfer_3,9012,jpeg50,437,cph:54,cph:159,15.680000,36.1773
london_query_-dp5VWHVq4LzwLgq7y7yhw,isotropic,5678,jpeg50,279,london:21,london:28,15.679998,36.1773
london_query_-dp5VWHVq4LzwLgq7y7yhw,white_box,5678,jpeg50,3,manila:142,london:28,15.679997,36.1773
london_query_-dp5VWHVq4LzwLgq7y7yhw,transfer_1,5678,jpeg50,280,london:21,london:28,15.680001,36.1773
london_query_-dp5VWHVq4LzwLgq7y7yhw,transfer_2,5678,jpeg50,312,london:21,london:28,15.679995,36.1773
london_query_-dp5VWHVq4LzwLgq7y7yhw,transfer_3,5678,jpeg50,422,london:21,london:28,15.679997,36.1773
london_query_-dp5VWHVq4LzwLgq7y7yhw,isotropic,9012,jpeg50,238,london:21,london:28,15.679998,36.1773
london_query_-dp5VWHVq4LzwLgq7y7yhw,white_box,9012,jpeg50,3,manila:142,london:28,15.680002,36.1773
london_query_-dp5VWHVq4LzwLgq7y7yhw,transfer_1,9012,jpeg50,218,london:21,london:28,15.679996,36.1773
london_query_-dp5VWHVq4LzwLgq7y7yhw,transfer_2,9012,jpeg50,256,london:21,london:28,15.679998,36.1773
london_query_-dp5VWHVq4LzwLgq7y7yhw,transfer_3,9012,jpeg50,358,london:21,london:28,15.679997,36.1773
manila_query_-N4wDG2Fhm38ZVy0hGp8_A,isotropic,5678,jpeg50,171,toronto:55,manila:106,15.680000,36.1773
manila_query_-N4wDG2Fhm38ZVy0hGp8_A,white_box,5678,jpeg50,347,amman:6,manila:106,15.680001,36.1773
manila_query_-N4wDG2Fhm38ZVy0hGp8_A,transfer_1,5678,jpeg50,89,toronto:244,manila:106,15.680001,36.1773
manila_query_-N4wDG2Fhm38ZVy0hGp8_A,transfer_2,5678,jpeg50,85,amman:1,manila:106,15.680000,36.1773
manila_query_-N4wDG2Fhm38ZVy0hGp8_A,transfer_3,5678,jpeg50,36,amman:1,manila:106,15.680000,36.1773
manila_query_-N4wDG2Fhm38ZVy0hGp8_A,isotropic,9012,jpeg50,81,amman:1,manila:106,15.679997,36.1773
manila_query_-N4wDG2Fhm38ZVy0hGp8_A,white_box,9012,jpeg50,445,amman:6,manila:106,15.680000,36.1773
manila_query_-N4wDG2Fhm38ZVy0hGp8_A,transfer_1,9012,jpeg50,92,toronto:55,manila:106,15.679995,36.1773
manila_query_-N4wDG2Fhm38ZVy0hGp8_A,transfer_2,9012,jpeg50,54,amman:1,manila:106,15.679997,36.1773
manila_query_-N4wDG2Fhm38ZVy0hGp8_A,transfer_3,9012,jpeg50,67,amman:1,manila:106,15.679993,36.1773
nairobi_query_2CNtCHy0TUbebdEFLYNrIQ,isotropic,5678,jpeg50,11,nairobi:13,nairobi:10,15.680000,36.1773
nairobi_query_2CNtCHy0TUbebdEFLYNrIQ,white_box,5678,jpeg50,3,cph:33,nairobi:10,15.679997,36.1773
nairobi_query_2CNtCHy0TUbebdEFLYNrIQ,transfer_1,5678,jpeg50,11,toronto:228,nairobi:10,15.679997,36.1773
nairobi_query_2CNtCHy0TUbebdEFLYNrIQ,transfer_2,5678,jpeg50,10,cph:459,nairobi:10,15.679998,36.1773
nairobi_query_2CNtCHy0TUbebdEFLYNrIQ,transfer_3,5678,jpeg50,3,toronto:228,nairobi:10,15.679997,36.1773
nairobi_query_2CNtCHy0TUbebdEFLYNrIQ,isotropic,9012,jpeg50,6,nairobi:13,nairobi:10,15.680000,36.1773
nairobi_query_2CNtCHy0TUbebdEFLYNrIQ,white_box,9012,jpeg50,3,cph:33,nairobi:10,15.680000,36.1773
nairobi_query_2CNtCHy0TUbebdEFLYNrIQ,transfer_1,9012,jpeg50,12,cph:459,nairobi:10,15.679998,36.1773
nairobi_query_2CNtCHy0TUbebdEFLYNrIQ,transfer_2,9012,jpeg50,8,cph:459,nairobi:10,15.680000,36.1773
nairobi_query_2CNtCHy0TUbebdEFLYNrIQ,transfer_3,9012,jpeg50,5,cph:459,nairobi:10,15.679997,36.1773
toronto_query_-Cdr8zjFdZw7nzz8_rwM4w,isotropic,5678,jpeg50,386,zurich:42,toronto:389,15.680000,36.1773
toronto_query_-Cdr8zjFdZw7nzz8_rwM4w,white_box,5678,jpeg50,719,london:34,toronto:389,15.679998,36.1773
toronto_query_-Cdr8zjFdZw7nzz8_rwM4w,transfer_1,5678,jpeg50,258,zurich:42,toronto:389,15.680000,36.1773
toronto_query_-Cdr8zjFdZw7nzz8_rwM4w,transfer_2,5678,jpeg50,217,zurich:42,toronto:389,15.679998,36.1773
toronto_query_-Cdr8zjFdZw7nzz8_rwM4w,transfer_3,5678,jpeg50,246,zurich:42,toronto:389,15.679996,36.1773
toronto_query_-Cdr8zjFdZw7nzz8_rwM4w,isotropic,9012,jpeg50,316,zurich:42,toronto:389,15.679997,36.1773
toronto_query_-Cdr8zjFdZw7nzz8_rwM4w,white_box,9012,jpeg50,668,london:68,toronto:389,15.680005,36.1773
toronto_query_-Cdr8zjFdZw7nzz8_rwM4w,transfer_1,9012,jpeg50,251,zurich:42,toronto:389,15.680005,36.1773
toronto_query_-Cdr8zjFdZw7nzz8_rwM4w,transfer_2,9012,jpeg50,201,zurich:42,toronto:389,15.680000,36.1773
toronto_query_-Cdr8zjFdZw7nzz8_rwM4w,transfer_3,9012,jpeg50,271,zurich:42,toronto:389,15.680000,36.1773
zurich_query_0247N-PdpG4_iueC_9_G4g,isotropic,5678,jpeg50,2,toronto:228,zurich:42,15.680000,36.1773
zurich_query_0247N-PdpG4_iueC_9_G4g,white_box,5678,jpeg50,258,boston:210,zurich:42,15.680000,36.1773
zurich_query_0247N-PdpG4_iueC_9_G4g,transfer_1,5678,jpeg50,5,amman:23,zurich:42,15.680002,36.1773
zurich_query_0247N-PdpG4_iueC_9_G4g,transfer_2,5678,jpeg50,8,boston:210,zurich:42,15.679997,36.1773
zurich_query_0247N-PdpG4_iueC_9_G4g,transfer_3,5678,jpeg50,4,amman:23,zurich:42,15.680000,36.1773
zurich_query_0247N-PdpG4_iueC_9_G4g,isotropic,9012,jpeg50,1,zurich:42,zurich:42,15.679995,36.1773
zurich_query_0247N-PdpG4_iueC_9_G4g,white_box,9012,jpeg50,131,boston:210,zurich:42,15.679997,36.1773
zurich_query_0247N-PdpG4_iueC_9_G4g,transfer_1,9012,jpeg50,1,zurich:42,zurich:42,15.679997,36.1773
zurich_query_0247N-PdpG4_iueC_9_G4g,transfer_2,9012,jpeg50,6,boston:210,zurich:42,15.679992,36.1773
zurich_query_0247N-PdpG4_iueC_9_G4g,transfer_3,9012,jpeg50,12,amman:23,zurich:42,15.679997,36.1773
amman_query_1Nmy4JnYnb5zA_JmbkDWBQ,isotropic,5678,jpeg50,565,amman:21,amman:4,15.679997,36.1773
amman_query_1Nmy4JnYnb5zA_JmbkDWBQ,white_box,5678,jpeg50,1536,amman:11,amman:4,15.680011,36.1773
amman_query_1Nmy4JnYnb5zA_JmbkDWBQ,transfer_1,5678,jpeg50,847,amman:21,amman:4,15.680001,36.1773
amman_query_1Nmy4JnYnb5zA_JmbkDWBQ,transfer_2,5678,jpeg50,754,amman:21,amman:4,15.680007,36.1773
amman_query_1Nmy4JnYnb5zA_JmbkDWBQ,transfer_3,5678,jpeg50,1015,amman:21,amman:4,15.680005,36.1773
amman_query_1Nmy4JnYnb5zA_JmbkDWBQ,isotropic,9012,jpeg50,591,amman:21,amman:4,15.679998,36.1773
amman_query_1Nmy4JnYnb5zA_JmbkDWBQ,white_box,9012,jpeg50,1582,amman:11,amman:4,15.680000,36.1773
amman_query_1Nmy4JnYnb5zA_JmbkDWBQ,transfer_1,9012,jpeg50,549,amman:21,amman:4,15.680000,36.1773
amman_query_1Nmy4JnYnb5zA_JmbkDWBQ,transfer_2,9012,jpeg50,705,amman:21,amman:4,15.680000,36.1773
amman_query_1Nmy4JnYnb5zA_JmbkDWBQ,transfer_3,9012,jpeg50,1007,amman:21,amman:4,15.680000,36.1773
boston_query_-Lu6tv4tCQMDsXtxLtxMzQ,isotropic,5678,jpeg50,316,boston:79,boston:176,15.680000,36.1773
boston_query_-Lu6tv4tCQMDsXtxLtxMzQ,white_box,5678,jpeg50,902,amman:1,boston:176,15.680000,36.1773
boston_query_-Lu6tv4tCQMDsXtxLtxMzQ,transfer_1,5678,jpeg50,271,boston:79,boston:176,15.679996,36.1773
boston_query_-Lu6tv4tCQMDsXtxLtxMzQ,transfer_2,5678,jpeg50,356,boston:79,boston:176,15.679998,36.1773
boston_query_-Lu6tv4tCQMDsXtxLtxMzQ,transfer_3,5678,jpeg50,403,boston:79,boston:176,15.680004,36.1773
boston_query_-Lu6tv4tCQMDsXtxLtxMzQ,isotropic,9012,jpeg50,254,boston:79,boston:176,15.679998,36.1773
boston_query_-Lu6tv4tCQMDsXtxLtxMzQ,white_box,9012,jpeg50,872,amman:1,boston:176,15.680000,36.1773
boston_query_-Lu6tv4tCQMDsXtxLtxMzQ,transfer_1,9012,jpeg50,284,boston:79,boston:176,15.679996,36.1773
boston_query_-Lu6tv4tCQMDsXtxLtxMzQ,transfer_2,9012,jpeg50,242,boston:79,boston:176,15.679997,36.1773
boston_query_-Lu6tv4tCQMDsXtxLtxMzQ,transfer_3,9012,jpeg50,339,boston:79,boston:176,15.679997,36.1773
cph_query_-HqO0GfYTRx5TzfB_6mTqA,isotropic,5678,jpeg50,81,cph:245,cph:296,15.680000,36.1773
cph_query_-HqO0GfYTRx5TzfB_6mTqA,white_box,5678,jpeg50,718,zurich:7,cph:296,15.679997,36.1773
cph_query_-HqO0GfYTRx5TzfB_6mTqA,transfer_1,5678,jpeg50,103,zurich:5,cph:296,15.679997,36.1773
cph_query_-HqO0GfYTRx5TzfB_6mTqA,transfer_2,5678,jpeg50,96,zurich:5,cph:296,15.680000,36.1773
cph_query_-HqO0GfYTRx5TzfB_6mTqA,transfer_3,5678,jpeg50,126,zurich:5,cph:296,15.679997,36.1773
cph_query_-HqO0GfYTRx5TzfB_6mTqA,isotropic,9012,jpeg50,59,cph:245,cph:296,15.679998,36.1773
cph_query_-HqO0GfYTRx5TzfB_6mTqA,white_box,9012,jpeg50,913,toronto:207,cph:296,15.680000,36.1773
cph_query_-HqO0GfYTRx5TzfB_6mTqA,transfer_1,9012,jpeg50,51,zurich:5,cph:296,15.679997,36.1773
cph_query_-HqO0GfYTRx5TzfB_6mTqA,transfer_2,9012,jpeg50,78,boston:79,cph:296,15.680000,36.1773
cph_query_-HqO0GfYTRx5TzfB_6mTqA,transfer_3,9012,jpeg50,70,zurich:5,cph:296,15.680000,36.1773
london_query_-izmF6OCR-aIZLVQbzDbLQ,isotropic,5678,jpeg50,14,manila:163,london:8,15.679998,36.1773
london_query_-izmF6OCR-aIZLVQbzDbLQ,white_box,5678,jpeg50,27,manila:116,london:8,15.679996,36.1773
london_query_-izmF6OCR-aIZLVQbzDbLQ,transfer_1,5678,jpeg50,18,zurich:94,london:8,15.679997,36.1773
london_query_-izmF6OCR-aIZLVQbzDbLQ,transfer_2,5678,jpeg50,26,manila:163,london:8,15.680000,36.1773
london_query_-izmF6OCR-aIZLVQbzDbLQ,transfer_3,5678,jpeg50,3,zurich:94,london:8,15.680000,36.1773
london_query_-izmF6OCR-aIZLVQbzDbLQ,isotropic,9012,jpeg50,23,zurich:94,london:8,15.679998,36.1773
london_query_-izmF6OCR-aIZLVQbzDbLQ,white_box,9012,jpeg50,32,cph:296,london:8,15.680002,36.1773
london_query_-izmF6OCR-aIZLVQbzDbLQ,transfer_1,9012,jpeg50,25,zurich:94,london:8,15.680001,36.1773
london_query_-izmF6OCR-aIZLVQbzDbLQ,transfer_2,9012,jpeg50,21,manila:163,london:8,15.679989,36.1773
london_query_-izmF6OCR-aIZLVQbzDbLQ,transfer_3,9012,jpeg50,3,zurich:94,london:8,15.679998,36.1773
manila_query_-P2actpgy_mRkcbLVKBjkQ,isotropic,5678,jpeg50,15,cph:464,manila:94,15.680000,36.1773
manila_query_-P2actpgy_mRkcbLVKBjkQ,white_box,5678,jpeg50,1788,manila:102,manila:94,15.680000,36.1773
manila_query_-P2actpgy_mRkcbLVKBjkQ,transfer_1,5678,jpeg50,27,manila:13,manila:94,15.680000,36.1773
manila_query_-P2actpgy_mRkcbLVKBjkQ,transfer_2,5678,jpeg50,6,manila:13,manila:94,15.680000,36.1773
manila_query_-P2actpgy_mRkcbLVKBjkQ,transfer_3,5678,jpeg50,27,manila:13,manila:94,15.680000,36.1773
manila_query_-P2actpgy_mRkcbLVKBjkQ,isotropic,9012,jpeg50,13,cph:464,manila:94,15.680001,36.1773
manila_query_-P2actpgy_mRkcbLVKBjkQ,white_box,9012,jpeg50,1439,cph:356,manila:94,15.679997,36.1773
manila_query_-P2actpgy_mRkcbLVKBjkQ,transfer_1,9012,jpeg50,9,cph:464,manila:94,15.679996,36.1773
manila_query_-P2actpgy_mRkcbLVKBjkQ,transfer_2,9012,jpeg50,6,manila:13,manila:94,15.679997,36.1773
manila_query_-P2actpgy_mRkcbLVKBjkQ,transfer_3,9012,jpeg50,53,manila:13,manila:94,15.679998,36.1773
nairobi_query_2OfDNnR5st7y8-O2ibiklQ,isotropic,5678,jpeg50,91,boston:249,nairobi:5,15.679997,36.1773
nairobi_query_2OfDNnR5st7y8-O2ibiklQ,white_box,5678,jpeg50,259,boston:47,nairobi:5,15.680001,36.1773
nairobi_query_2OfDNnR5st7y8-O2ibiklQ,transfer_1,5678,jpeg50,65,boston:249,nairobi:5,15.679997,36.1773
nairobi_query_2OfDNnR5st7y8-O2ibiklQ,transfer_2,5678,jpeg50,106,boston:249,nairobi:5,15.679998,36.1773
nairobi_query_2OfDNnR5st7y8-O2ibiklQ,transfer_3,5678,jpeg50,150,boston:249,nairobi:5,15.680001,36.1773
nairobi_query_2OfDNnR5st7y8-O2ibiklQ,isotropic,9012,jpeg50,103,boston:249,nairobi:5,15.679996,36.1773
nairobi_query_2OfDNnR5st7y8-O2ibiklQ,white_box,9012,jpeg50,584,toronto:207,nairobi:5,15.680001,36.1773
nairobi_query_2OfDNnR5st7y8-O2ibiklQ,transfer_1,9012,jpeg50,153,cph:241,nairobi:5,15.679998,36.1773
nairobi_query_2OfDNnR5st7y8-O2ibiklQ,transfer_2,9012,jpeg50,60,boston:249,nairobi:5,15.679997,36.1773
nairobi_query_2OfDNnR5st7y8-O2ibiklQ,transfer_3,9012,jpeg50,136,boston:249,nairobi:5,15.680000,36.1773
toronto_query_-DB8UBv2Rg4kTi6HTqrhOw,isotropic,5678,jpeg50,31,toronto:151,toronto:228,15.680000,36.1773
toronto_query_-DB8UBv2Rg4kTi6HTqrhOw,white_box,5678,jpeg50,679,boston:90,toronto:228,15.679997,36.1773
toronto_query_-DB8UBv2Rg4kTi6HTqrhOw,transfer_1,5678,jpeg50,21,london:126,toronto:228,15.680000,36.1773
toronto_query_-DB8UBv2Rg4kTi6HTqrhOw,transfer_2,5678,jpeg50,60,london:126,toronto:228,15.680001,36.1773
toronto_query_-DB8UBv2Rg4kTi6HTqrhOw,transfer_3,5678,jpeg50,85,boston:191,toronto:228,15.680000,36.1773
toronto_query_-DB8UBv2Rg4kTi6HTqrhOw,isotropic,9012,jpeg50,22,toronto:151,toronto:228,15.679997,36.1773
toronto_query_-DB8UBv2Rg4kTi6HTqrhOw,white_box,9012,jpeg50,545,london:126,toronto:228,15.679997,36.1773
toronto_query_-DB8UBv2Rg4kTi6HTqrhOw,transfer_1,9012,jpeg50,30,boston:176,toronto:228,15.679998,36.1773
toronto_query_-DB8UBv2Rg4kTi6HTqrhOw,transfer_2,9012,jpeg50,24,london:126,toronto:228,15.679995,36.1773
toronto_query_-DB8UBv2Rg4kTi6HTqrhOw,transfer_3,9012,jpeg50,157,boston:191,toronto:228,15.679997,36.1773
zurich_query_046U_rtFmS-pAuZF-Zba0Q,isotropic,5678,jpeg50,7,boston:216,zurich:42,15.679998,36.1773
zurich_query_046U_rtFmS-pAuZF-Zba0Q,white_box,5678,jpeg50,198,manila:140,zurich:42,15.679997,36.1773
zurich_query_046U_rtFmS-pAuZF-Zba0Q,transfer_1,5678,jpeg50,4,boston:216,zurich:42,15.679998,36.1773
zurich_query_046U_rtFmS-pAuZF-Zba0Q,transfer_2,5678,jpeg50,7,boston:216,zurich:42,15.679998,36.1773
zurich_query_046U_rtFmS-pAuZF-Zba0Q,transfer_3,5678,jpeg50,8,boston:216,zurich:42,15.680000,36.1773
zurich_query_046U_rtFmS-pAuZF-Zba0Q,isotropic,9012,jpeg50,8,boston:216,zurich:42,15.679996,36.1773
zurich_query_046U_rtFmS-pAuZF-Zba0Q,white_box,9012,jpeg50,199,manila:140,zurich:42,15.680001,36.1773
zurich_query_046U_rtFmS-pAuZF-Zba0Q,transfer_1,9012,jpeg50,2,boston:216,zurich:42,15.680000,36.1773
zurich_query_046U_rtFmS-pAuZF-Zba0Q,transfer_2,9012,jpeg50,5,manila:140,zurich:42,15.679995,36.1773
zurich_query_046U_rtFmS-pAuZF-Zba0Q,transfer_3,9012,jpeg50,19,boston:216,zurich:42,15.680000,36.1773
amman_query_1Tf2dWuS4el8fREHH1_k0w,isotropic,5678,jpeg50,74,amman:35,amman:25,15.680000,36.1773
amman_query_1Tf2dWuS4el8fREHH1_k0w,white_box,5678,jpeg50,112,zurich:19,amman:25,15.679998,36.1773
amman_query_1Tf2dWuS4el8fREHH1_k0w,transfer_1,5678,jpeg50,49,amman:4,amman:25,15.679997,36.1773
amman_query_1Tf2dWuS4el8fREHH1_k0w,transfer_2,5678,jpeg50,67,amman:35,amman:25,15.679998,36.1773
amman_query_1Tf2dWuS4el8fREHH1_k0w,transfer_3,5678,jpeg50,55,zurich:19,amman:25,15.680000,36.1773
amman_query_1Tf2dWuS4el8fREHH1_k0w,isotropic,9012,jpeg50,14,amman:4,amman:25,15.680000,36.1773
amman_query_1Tf2dWuS4el8fREHH1_k0w,white_box,9012,jpeg50,88,zurich:19,amman:25,15.680000,36.1773
amman_query_1Tf2dWuS4el8fREHH1_k0w,transfer_1,9012,jpeg50,58,amman:35,amman:25,15.680008,36.1773
amman_query_1Tf2dWuS4el8fREHH1_k0w,transfer_2,9012,jpeg50,26,amman:4,amman:25,15.680000,36.1773
amman_query_1Tf2dWuS4el8fREHH1_k0w,transfer_3,9012,jpeg50,86,zurich:19,amman:25,15.680001,36.1773
boston_query_-N2T2kBE4uG56LTsyCQPJg,isotropic,5678,jpeg50,369,zurich:23,boston:19,15.680002,36.1773
boston_query_-N2T2kBE4uG56LTsyCQPJg,white_box,5678,jpeg50,762,boston:249,boston:19,15.679997,36.1773
boston_query_-N2T2kBE4uG56LTsyCQPJg,transfer_1,5678,jpeg50,353,zurich:42,boston:19,15.679993,36.1773
boston_query_-N2T2kBE4uG56LTsyCQPJg,transfer_2,5678,jpeg50,215,zurich:42,boston:19,15.679997,36.1773
boston_query_-N2T2kBE4uG56LTsyCQPJg,transfer_3,5678,jpeg50,369,boston:191,boston:19,15.679998,36.1773
boston_query_-N2T2kBE4uG56LTsyCQPJg,isotropic,9012,jpeg50,385,zurich:23,boston:19,15.679998,36.1773
boston_query_-N2T2kBE4uG56LTsyCQPJg,white_box,9012,jpeg50,830,boston:249,boston:19,15.680000,36.1773
boston_query_-N2T2kBE4uG56LTsyCQPJg,transfer_1,9012,jpeg50,247,zurich:23,boston:19,15.679997,36.1773
boston_query_-N2T2kBE4uG56LTsyCQPJg,transfer_2,9012,jpeg50,252,amman:1,boston:19,15.680001,36.1773
boston_query_-N2T2kBE4uG56LTsyCQPJg,transfer_3,9012,jpeg50,333,cph:33,boston:19,15.680000,36.1773
cph_query_-I7HyKa_KIzMp2uMsvqUAg,isotropic,5678,jpeg50,12,cph:500,cph:54,15.680000,36.1773
cph_query_-I7HyKa_KIzMp2uMsvqUAg,white_box,5678,jpeg50,463,cph:429,cph:54,15.680002,36.1773
cph_query_-I7HyKa_KIzMp2uMsvqUAg,transfer_1,5678,jpeg50,19,cph:429,cph:54,15.679998,36.1773
cph_query_-I7HyKa_KIzMp2uMsvqUAg,transfer_2,5678,jpeg50,7,cph:500,cph:54,15.680008,36.1773
cph_query_-I7HyKa_KIzMp2uMsvqUAg,transfer_3,5678,jpeg50,12,cph:500,cph:54,15.680004,36.1773
cph_query_-I7HyKa_KIzMp2uMsvqUAg,isotropic,9012,jpeg50,7,cph:500,cph:54,15.679998,36.1773
cph_query_-I7HyKa_KIzMp2uMsvqUAg,white_box,9012,jpeg50,662,cph:356,cph:54,15.679997,36.1773
cph_query_-I7HyKa_KIzMp2uMsvqUAg,transfer_1,9012,jpeg50,19,cph:429,cph:54,15.679998,36.1773
cph_query_-I7HyKa_KIzMp2uMsvqUAg,transfer_2,9012,jpeg50,9,cph:500,cph:54,15.679995,36.1773
cph_query_-I7HyKa_KIzMp2uMsvqUAg,transfer_3,9012,jpeg50,14,cph:500,cph:54,15.680000,36.1773
london_query_-kd8SHN5N5wLOpzEu10rfQ,isotropic,5678,jpeg50,20,cph:94,london:36,15.680000,36.1773
london_query_-kd8SHN5N5wLOpzEu10rfQ,white_box,5678,jpeg50,259,cph:333,london:36,15.679998,36.1773
london_query_-kd8SHN5N5wLOpzEu10rfQ,transfer_1,5678,jpeg50,19,cph:459,london:36,15.679998,36.1773
london_query_-kd8SHN5N5wLOpzEu10rfQ,transfer_2,5678,jpeg50,18,cph:459,london:36,15.679998,36.1773
london_query_-kd8SHN5N5wLOpzEu10rfQ,transfer_3,5678,jpeg50,14,cph:459,london:36,15.680000,36.1773
london_query_-kd8SHN5N5wLOpzEu10rfQ,isotropic,9012,jpeg50,12,cph:94,london:36,15.680000,36.1773
london_query_-kd8SHN5N5wLOpzEu10rfQ,white_box,9012,jpeg50,328,cph:333,london:36,15.679992,36.1773
london_query_-kd8SHN5N5wLOpzEu10rfQ,transfer_1,9012,jpeg50,12,cph:459,london:36,15.680000,36.1773
london_query_-kd8SHN5N5wLOpzEu10rfQ,transfer_2,9012,jpeg50,13,cph:459,london:36,15.679995,36.1773
london_query_-kd8SHN5N5wLOpzEu10rfQ,transfer_3,9012,jpeg50,15,cph:333,london:36,15.680000,36.1773
manila_query_-PR9Q6-AlT31oRE_Ep_fnQ,isotropic,5678,jpeg50,315,manila:143,manila:135,15.680000,36.1773
manila_query_-PR9Q6-AlT31oRE_Ep_fnQ,white_box,5678,jpeg50,862,toronto:346,manila:135,15.680000,36.1773
manila_query_-PR9Q6-AlT31oRE_Ep_fnQ,transfer_1,5678,jpeg50,348,toronto:228,manila:135,15.680000,36.1773
manila_query_-PR9Q6-AlT31oRE_Ep_fnQ,transfer_2,5678,jpeg50,397,toronto:389,manila:135,15.680000,36.1773
manila_query_-PR9Q6-AlT31oRE_Ep_fnQ,transfer_3,5678,jpeg50,510,toronto:346,manila:135,15.679997,36.1773
manila_query_-PR9Q6-AlT31oRE_Ep_fnQ,isotropic,9012,jpeg50,243,manila:143,manila:135,15.679998,36.1773
manila_query_-PR9Q6-AlT31oRE_Ep_fnQ,white_box,9012,jpeg50,750,toronto:346,manila:135,15.679997,36.1773
manila_query_-PR9Q6-AlT31oRE_Ep_fnQ,transfer_1,9012,jpeg50,199,manila:181,manila:135,15.680001,36.1773
manila_query_-PR9Q6-AlT31oRE_Ep_fnQ,transfer_2,9012,jpeg50,521,toronto:228,manila:135,15.680000,36.1773
manila_query_-PR9Q6-AlT31oRE_Ep_fnQ,transfer_3,9012,jpeg50,431,toronto:301,manila:135,15.679997,36.1773
nairobi_query_2QtumRO8ayl5p_Jb-rhTZQ,isotropic,5678,jpeg50,2,boston:234,nairobi:22,15.680000,36.1773
nairobi_query_2QtumRO8ayl5p_Jb-rhTZQ,white_box,5678,jpeg50,137,manila:59,nairobi:22,15.680002,36.1773
nairobi_query_2QtumRO8ayl5p_Jb-rhTZQ,transfer_1,5678,jpeg50,3,nairobi:21,nairobi:22,15.680001,36.1773
nairobi_query_2QtumRO8ayl5p_Jb-rhTZQ,transfer_2,5678,jpeg50,1,nairobi:22,nairobi:22,15.680002,36.1773
nairobi_query_2QtumRO8ayl5p_Jb-rhTZQ,transfer_3,5678,jpeg50,1,nairobi:22,nairobi:22,15.680005,36.1773
nairobi_query_2QtumRO8ayl5p_Jb-rhTZQ,isotropic,9012,jpeg50,1,nairobi:22,nairobi:22,15.680000,36.1773
nairobi_query_2QtumRO8ayl5p_Jb-rhTZQ,white_box,9012,jpeg50,94,manila:59,nairobi:22,15.680002,36.1773
nairobi_query_2QtumRO8ayl5p_Jb-rhTZQ,transfer_1,9012,jpeg50,1,nairobi:22,nairobi:22,15.680005,36.1773
nairobi_query_2QtumRO8ayl5p_Jb-rhTZQ,transfer_2,9012,jpeg50,1,nairobi:22,nairobi:22,15.680005,36.1773
nairobi_query_2QtumRO8ayl5p_Jb-rhTZQ,transfer_3,9012,jpeg50,2,nairobi:21,nairobi:22,15.679998,36.1773
toronto_query_-Dr7KE__egl6kS-yslctCg,isotropic,5678,jpeg50,49,toronto:200,toronto:196,15.679997,36.1773
toronto_query_-Dr7KE__egl6kS-yslctCg,white_box,5678,jpeg50,122,toronto:88,toronto:196,15.679997,36.1773
toronto_query_-Dr7KE__egl6kS-yslctCg,transfer_1,5678,jpeg50,12,toronto:200,toronto:196,15.679995,36.1773
toronto_query_-Dr7KE__egl6kS-yslctCg,transfer_2,5678,jpeg50,27,toronto:200,toronto:196,15.679997,36.1773
toronto_query_-Dr7KE__egl6kS-yslctCg,transfer_3,5678,jpeg50,9,toronto:421,toronto:196,15.679992,36.1773
toronto_query_-Dr7KE__egl6kS-yslctCg,isotropic,9012,jpeg50,29,toronto:200,toronto:196,15.679997,36.1773
toronto_query_-Dr7KE__egl6kS-yslctCg,white_box,9012,jpeg50,103,toronto:88,toronto:196,15.680000,36.1773
toronto_query_-Dr7KE__egl6kS-yslctCg,transfer_1,9012,jpeg50,24,toronto:200,toronto:196,15.680000,36.1773
toronto_query_-Dr7KE__egl6kS-yslctCg,transfer_2,9012,jpeg50,17,toronto:200,toronto:196,15.679998,36.1773
toronto_query_-Dr7KE__egl6kS-yslctCg,transfer_3,9012,jpeg50,8,toronto:421,toronto:196,15.679995,36.1773
zurich_query_08U3p7js9TCivpCfLs0ZIw,isotropic,5678,jpeg50,79,amman:31,zurich:5,15.680002,36.1773
zurich_query_08U3p7js9TCivpCfLs0ZIw,white_box,5678,jpeg50,7,toronto:88,zurich:5,15.679997,36.1773
zurich_query_08U3p7js9TCivpCfLs0ZIw,transfer_1,5678,jpeg50,7,manila:13,zurich:5,15.679998,36.1773
zurich_query_08U3p7js9TCivpCfLs0ZIw,transfer_2,5678,jpeg50,15,amman:31,zurich:5,15.679998,36.1773
zurich_query_08U3p7js9TCivpCfLs0ZIw,transfer_3,5678,jpeg50,54,manila:33,zurich:5,15.680001,36.1773
zurich_query_08U3p7js9TCivpCfLs0ZIw,isotropic,9012,jpeg50,46,manila:33,zurich:5,15.680000,36.1773
zurich_query_08U3p7js9TCivpCfLs0ZIw,white_box,9012,jpeg50,14,toronto:88,zurich:5,15.680000,36.1773
zurich_query_08U3p7js9TCivpCfLs0ZIw,transfer_1,9012,jpeg50,12,manila:33,zurich:5,15.679997,36.1773
zurich_query_08U3p7js9TCivpCfLs0ZIw,transfer_2,9012,jpeg50,38,amman:31,zurich:5,15.680002,36.1773
zurich_query_08U3p7js9TCivpCfLs0ZIw,transfer_3,9012,jpeg50,27,manila:33,zurich:5,15.679997,36.1773
amman_query_1TysYQA0N2AnJ5lzQWP07w,isotropic,5678,jpeg50,3,amman:21,amman:12,15.679997,36.1773
amman_query_1TysYQA0N2AnJ5lzQWP07w,white_box,5678,jpeg50,88,boston:123,amman:12,15.679996,36.1773
amman_query_1TysYQA0N2AnJ5lzQWP07w,transfer_1,5678,jpeg50,1,amman:12,amman:12,15.679997,36.1773
amman_query_1TysYQA0N2AnJ5lzQWP07w,transfer_2,5678,jpeg50,4,amman:23,amman:12,15.679997,36.1773
amman_query_1TysYQA0N2AnJ5lzQWP07w,transfer_3,5678,jpeg50,1,amman:12,amman:12,15.680000,36.1773
amman_query_1TysYQA0N2AnJ5lzQWP07w,isotropic,9012,jpeg50,4,amman:23,amman:12,15.679998,36.1773
amman_query_1TysYQA0N2AnJ5lzQWP07w,white_box,9012,jpeg50,108,boston:123,amman:12,15.679995,36.1773
amman_query_1TysYQA0N2AnJ5lzQWP07w,transfer_1,9012,jpeg50,1,amman:12,amman:12,15.679992,36.1773
amman_query_1TysYQA0N2AnJ5lzQWP07w,transfer_2,9012,jpeg50,2,toronto:253,amman:12,15.679997,36.1773
amman_query_1TysYQA0N2AnJ5lzQWP07w,transfer_3,9012,jpeg50,5,amman:23,amman:12,15.680005,36.1773
boston_query_-NRCmKPnLW6ukq5fovMufw,isotropic,5678,jpeg50,125,cph:429,boston:112,15.680000,36.1773
boston_query_-NRCmKPnLW6ukq5fovMufw,white_box,5678,jpeg50,1175,amman:1,boston:112,15.679997,36.1773
boston_query_-NRCmKPnLW6ukq5fovMufw,transfer_1,5678,jpeg50,488,amman:1,boston:112,15.680005,36.1773
boston_query_-NRCmKPnLW6ukq5fovMufw,transfer_2,5678,jpeg50,252,toronto:218,boston:112,15.680000,36.1773
boston_query_-NRCmKPnLW6ukq5fovMufw,transfer_3,5678,jpeg50,349,toronto:103,boston:112,15.680001,36.1773
boston_query_-NRCmKPnLW6ukq5fovMufw,isotropic,9012,jpeg50,139,cph:429,boston:112,15.679997,36.1773
boston_query_-NRCmKPnLW6ukq5fovMufw,white_box,9012,jpeg50,1103,cph:356,boston:112,15.680000,36.1773
boston_query_-NRCmKPnLW6ukq5fovMufw,transfer_1,9012,jpeg50,178,zurich:42,boston:112,15.680001,36.1773
boston_query_-NRCmKPnLW6ukq5fovMufw,transfer_2,9012,jpeg50,327,manila:183,boston:112,15.679998,36.1773
boston_query_-NRCmKPnLW6ukq5fovMufw,transfer_3,9012,jpeg50,422,toronto:103,boston:112,15.680000,36.1773
cph_query_-I8EyCiw4PS74_uGuMqUYQ,isotropic,5678,jpeg50,1,cph:332,cph:332,15.680000,36.1773
cph_query_-I8EyCiw4PS74_uGuMqUYQ,white_box,5678,jpeg50,8,toronto:55,cph:332,15.679998,36.1773
cph_query_-I8EyCiw4PS74_uGuMqUYQ,transfer_1,5678,jpeg50,3,manila:59,cph:332,15.680011,36.1773
cph_query_-I8EyCiw4PS74_uGuMqUYQ,transfer_2,5678,jpeg50,7,manila:54,cph:332,15.680002,36.1773
cph_query_-I8EyCiw4PS74_uGuMqUYQ,transfer_3,5678,jpeg50,6,manila:143,cph:332,15.679998,36.1773
cph_query_-I8EyCiw4PS74_uGuMqUYQ,isotropic,9012,jpeg50,2,manila:59,cph:332,15.679997,36.1773
cph_query_-I8EyCiw4PS74_uGuMqUYQ,white_box,9012,jpeg50,9,manila:59,cph:332,15.680000,36.1773
cph_query_-I8EyCiw4PS74_uGuMqUYQ,transfer_1,9012,jpeg50,4,manila:59,cph:332,15.680005,36.1773
cph_query_-I8EyCiw4PS74_uGuMqUYQ,transfer_2,9012,jpeg50,2,manila:143,cph:332,15.679998,36.1773
cph_query_-I8EyCiw4PS74_uGuMqUYQ,transfer_3,9012,jpeg50,13,manila:143,cph:332,15.680000,36.1773
london_query_-qvarKx0xtSTs0tnxDE0oQ,isotropic,5678,jpeg50,83,manila:106,london:18,15.680000,36.1773
london_query_-qvarKx0xtSTs0tnxDE0oQ,white_box,5678,jpeg50,1967,boston:176,london:18,15.679998,36.1773
london_query_-qvarKx0xtSTs0tnxDE0oQ,transfer_1,5678,jpeg50,176,manila:106,london:18,15.680000,36.1773
london_query_-qvarKx0xtSTs0tnxDE0oQ,transfer_2,5678,jpeg50,658,manila:106,london:18,15.680000,36.1773
london_query_-qvarKx0xtSTs0tnxDE0oQ,transfer_3,5678,jpeg50,751,manila:106,london:18,15.680000,36.1773
london_query_-qvarKx0xtSTs0tnxDE0oQ,isotropic,9012,jpeg50,213,manila:106,london:18,15.679997,36.1773
london_query_-qvarKx0xtSTs0tnxDE0oQ,white_box,9012,jpeg50,1972,amman:21,london:18,15.679997,36.1773
london_query_-qvarKx0xtSTs0tnxDE0oQ,transfer_1,9012,jpeg50,191,manila:106,london:18,15.680002,36.1773
london_query_-qvarKx0xtSTs0tnxDE0oQ,transfer_2,9012,jpeg50,632,manila:106,london:18,15.679996,36.1773
london_query_-qvarKx0xtSTs0tnxDE0oQ,transfer_3,9012,jpeg50,692,manila:106,london:18,15.680000,36.1773
manila_query_-Qc1bZWefrpkNPZ60zZS5Q,isotropic,5678,jpeg50,7,nairobi:10,manila:23,15.679996,36.1773
manila_query_-Qc1bZWefrpkNPZ60zZS5Q,white_box,5678,jpeg50,108,amman:1,manila:23,15.679996,36.1773
manila_query_-Qc1bZWefrpkNPZ60zZS5Q,transfer_1,5678,jpeg50,1,manila:23,manila:23,15.679997,36.1773
manila_query_-Qc1bZWefrpkNPZ60zZS5Q,transfer_2,5678,jpeg50,3,boston:101,manila:23,15.679998,36.1773
manila_query_-Qc1bZWefrpkNPZ60zZS5Q,transfer_3,5678,jpeg50,6,boston:101,manila:23,15.679998,36.1773
manila_query_-Qc1bZWefrpkNPZ60zZS5Q,isotropic,9012,jpeg50,5,nairobi:10,manila:23,15.680002,36.1773
manila_query_-Qc1bZWefrpkNPZ60zZS5Q,white_box,9012,jpeg50,188,amman:1,manila:23,15.680001,36.1773
manila_query_-Qc1bZWefrpkNPZ60zZS5Q,transfer_1,9012,jpeg50,3,boston:101,manila:23,15.680001,36.1773
manila_query_-Qc1bZWefrpkNPZ60zZS5Q,transfer_2,9012,jpeg50,4,boston:101,manila:23,15.680005,36.1773
manila_query_-Qc1bZWefrpkNPZ60zZS5Q,transfer_3,9012,jpeg50,2,boston:101,manila:23,15.680000,36.1773
nairobi_query_2RQpcoZ0MfOmswdfhpjw4g,isotropic,5678,jpeg50,319,zurich:19,nairobi:7,15.679995,36.1773
nairobi_query_2RQpcoZ0MfOmswdfhpjw4g,white_box,5678,jpeg50,456,manila:92,nairobi:7,15.679997,36.1773
nairobi_query_2RQpcoZ0MfOmswdfhpjw4g,transfer_1,5678,jpeg50,124,zurich:19,nairobi:7,15.680000,36.1773
nairobi_query_2RQpcoZ0MfOmswdfhpjw4g,transfer_2,5678,jpeg50,326,london:85,nairobi:7,15.680001,36.1773
nairobi_query_2RQpcoZ0MfOmswdfhpjw4g,transfer_3,5678,jpeg50,82,london:85,nairobi:7,15.679998,36.1773
nairobi_query_2RQpcoZ0MfOmswdfhpjw4g,isotropic,9012,jpeg50,321,london:85,nairobi:7,15.680000,36.1773
nairobi_query_2RQpcoZ0MfOmswdfhpjw4g,white_box,9012,jpeg50,399,manila:92,nairobi:7,15.680000,36.1773
nairobi_query_2RQpcoZ0MfOmswdfhpjw4g,transfer_1,9012,jpeg50,157,london:85,nairobi:7,15.679998,36.1773
nairobi_query_2RQpcoZ0MfOmswdfhpjw4g,transfer_2,9012,jpeg50,296,london:85,nairobi:7,15.679997,36.1773
nairobi_query_2RQpcoZ0MfOmswdfhpjw4g,transfer_3,9012,jpeg50,80,london:85,nairobi:7,15.679997,36.1773
toronto_query_-EilBTWhr8vjdDW-B7MU8A,isotropic,5678,jpeg50,344,toronto:88,toronto:27,15.679996,36.1773
toronto_query_-EilBTWhr8vjdDW-B7MU8A,white_box,5678,jpeg50,1427,toronto:200,toronto:27,15.680000,36.1773
toronto_query_-EilBTWhr8vjdDW-B7MU8A,transfer_1,5678,jpeg50,384,toronto:88,toronto:27,15.680000,36.1773
toronto_query_-EilBTWhr8vjdDW-B7MU8A,transfer_2,5678,jpeg50,462,toronto:88,toronto:27,15.680005,36.1773
toronto_query_-EilBTWhr8vjdDW-B7MU8A,transfer_3,5678,jpeg50,540,manila:33,toronto:27,15.680000,36.1773
toronto_query_-EilBTWhr8vjdDW-B7MU8A,isotropic,9012,jpeg50,356,toronto:88,toronto:27,15.679996,36.1773
toronto_query_-EilBTWhr8vjdDW-B7MU8A,white_box,9012,jpeg50,1364,toronto:200,toronto:27,15.680002,36.1773
toronto_query_-EilBTWhr8vjdDW-B7MU8A,transfer_1,9012,jpeg50,302,toronto:58,toronto:27,15.679996,36.1773
toronto_query_-EilBTWhr8vjdDW-B7MU8A,transfer_2,9012,jpeg50,481,toronto:88,toronto:27,15.679997,36.1773
toronto_query_-EilBTWhr8vjdDW-B7MU8A,transfer_3,9012,jpeg50,559,toronto:101,toronto:27,15.679997,36.1773
zurich_query_0AlvsX9XlPHoz4joTTL7hQ,isotropic,5678,jpeg50,60,manila:181,zurich:8,15.680000,36.1773
zurich_query_0AlvsX9XlPHoz4joTTL7hQ,white_box,5678,jpeg50,428,manila:119,zurich:8,15.680001,36.1773
zurich_query_0AlvsX9XlPHoz4joTTL7hQ,transfer_1,5678,jpeg50,27,manila:181,zurich:8,15.680000,36.1773
zurich_query_0AlvsX9XlPHoz4joTTL7hQ,transfer_2,5678,jpeg50,44,manila:181,zurich:8,15.679997,36.1773
zurich_query_0AlvsX9XlPHoz4joTTL7hQ,transfer_3,5678,jpeg50,106,london:122,zurich:8,15.679996,36.1773
zurich_query_0AlvsX9XlPHoz4joTTL7hQ,isotropic,9012,jpeg50,39,manila:181,zurich:8,15.679998,36.1773
zurich_query_0AlvsX9XlPHoz4joTTL7hQ,white_box,9012,jpeg50,762,manila:153,zurich:8,15.679997,36.1773
zurich_query_0AlvsX9XlPHoz4joTTL7hQ,transfer_1,9012,jpeg50,38,manila:181,zurich:8,15.680000,36.1773
zurich_query_0AlvsX9XlPHoz4joTTL7hQ,transfer_2,9012,jpeg50,43,manila:181,zurich:8,15.680002,36.1773
zurich_query_0AlvsX9XlPHoz4joTTL7hQ,transfer_3,9012,jpeg50,140,manila:181,zurich:8,15.680000,36.1773
amman_query_1VTBGOTuAwvnyE1o4Pbm0Q,isotropic,5678,jpeg50,5,amman:6,amman:23,15.679997,36.1773
amman_query_1VTBGOTuAwvnyE1o4Pbm0Q,white_box,5678,jpeg50,12,amman:6,amman:23,15.680000,36.1773
amman_query_1VTBGOTuAwvnyE1o4Pbm0Q,transfer_1,5678,jpeg50,8,amman:6,amman:23,15.679998,36.1773
amman_query_1VTBGOTuAwvnyE1o4Pbm0Q,transfer_2,5678,jpeg50,8,amman:6,amman:23,15.679993,36.1773
amman_query_1VTBGOTuAwvnyE1o4Pbm0Q,transfer_3,5678,jpeg50,7,amman:6,amman:23,15.679995,36.1773
amman_query_1VTBGOTuAwvnyE1o4Pbm0Q,isotropic,9012,jpeg50,4,amman:6,amman:23,15.680001,36.1773
amman_query_1VTBGOTuAwvnyE1o4Pbm0Q,white_box,9012,jpeg50,16,amman:6,amman:23,15.679998,36.1773
amman_query_1VTBGOTuAwvnyE1o4Pbm0Q,transfer_1,9012,jpeg50,5,amman:6,amman:23,15.679997,36.1773
amman_query_1VTBGOTuAwvnyE1o4Pbm0Q,transfer_2,9012,jpeg50,9,amman:6,amman:23,15.679992,36.1773
amman_query_1VTBGOTuAwvnyE1o4Pbm0Q,transfer_3,9012,jpeg50,7,amman:6,amman:23,15.680001,36.1773
boston_query_-NSEL0mtEJlIM-oR5yFnFg,isotropic,5678,jpeg50,3,boston:47,boston:139,15.680000,36.1773
boston_query_-NSEL0mtEJlIM-oR5yFnFg,white_box,5678,jpeg50,9,toronto:23,boston:139,15.679998,36.1773
boston_query_-NSEL0mtEJlIM-oR5yFnFg,transfer_1,5678,jpeg50,3,boston:47,boston:139,15.680000,36.1773
boston_query_-NSEL0mtEJlIM-oR5yFnFg,transfer_2,5678,jpeg50,3,boston:47,boston:139,15.679998,36.1773
boston_query_-NSEL0mtEJlIM-oR5yFnFg,transfer_3,5678,jpeg50,1,boston:139,boston:139,15.680000,36.1773
boston_query_-NSEL0mtEJlIM-oR5yFnFg,isotropic,9012,jpeg50,2,boston:47,boston:139,15.679997,36.1773
boston_query_-NSEL0mtEJlIM-oR5yFnFg,white_box,9012,jpeg50,6,boston:47,boston:139,15.680000,36.1773
boston_query_-NSEL0mtEJlIM-oR5yFnFg,transfer_1,9012,jpeg50,3,boston:47,boston:139,15.679998,36.1773
boston_query_-NSEL0mtEJlIM-oR5yFnFg,transfer_2,9012,jpeg50,3,boston:47,boston:139,15.680000,36.1773
boston_query_-NSEL0mtEJlIM-oR5yFnFg,transfer_3,9012,jpeg50,1,boston:139,boston:139,15.680000,36.1773
cph_query_-IKk5Ns9ayTUN3tqBrl3Ow,isotropic,5678,jpeg50,6,cph:33,cph:61,15.679997,36.1773
cph_query_-IKk5Ns9ayTUN3tqBrl3Ow,white_box,5678,jpeg50,185,cph:33,cph:61,15.679992,36.1773
cph_query_-IKk5Ns9ayTUN3tqBrl3Ow,transfer_1,5678,jpeg50,18,cph:33,cph:61,15.680000,36.1773
cph_query_-IKk5Ns9ayTUN3tqBrl3Ow,transfer_2,5678,jpeg50,17,cph:33,cph:61,15.680005,36.1773
cph_query_-IKk5Ns9ayTUN3tqBrl3Ow,transfer_3,5678,jpeg50,150,cph:33,cph:61,15.679995,36.1773
cph_query_-IKk5Ns9ayTUN3tqBrl3Ow,isotropic,9012,jpeg50,9,cph:33,cph:61,15.679997,36.1773
cph_query_-IKk5Ns9ayTUN3tqBrl3Ow,white_box,9012,jpeg50,179,cph:345,cph:61,15.680000,36.1773
cph_query_-IKk5Ns9ayTUN3tqBrl3Ow,transfer_1,9012,jpeg50,6,cph:33,cph:61,15.680000,36.1773
cph_query_-IKk5Ns9ayTUN3tqBrl3Ow,transfer_2,9012,jpeg50,23,cph:33,cph:61,15.679996,36.1773
cph_query_-IKk5Ns9ayTUN3tqBrl3Ow,transfer_3,9012,jpeg50,351,amman:29,cph:61,15.679995,36.1773
london_query_-rtMM_qyd5EBLnADEBIUTA,isotropic,5678,jpeg50,1,london:21,london:21,15.680000,36.1773
london_query_-rtMM_qyd5EBLnADEBIUTA,white_box,5678,jpeg50,4,london:77,london:21,15.680000,36.1773
london_query_-rtMM_qyd5EBLnADEBIUTA,transfer_1,5678,jpeg50,1,london:21,london:21,15.680000,36.1773
london_query_-rtMM_qyd5EBLnADEBIUTA,transfer_2,5678,jpeg50,1,london:21,london:21,15.679997,36.1773
london_query_-rtMM_qyd5EBLnADEBIUTA,transfer_3,5678,jpeg50,1,london:21,london:21,15.679991,36.1773
london_query_-rtMM_qyd5EBLnADEBIUTA,isotropic,9012,jpeg50,1,london:21,london:21,15.680000,36.1773
london_query_-rtMM_qyd5EBLnADEBIUTA,white_box,9012,jpeg50,3,nairobi:10,london:21,15.680007,36.1773
london_query_-rtMM_qyd5EBLnADEBIUTA,transfer_1,9012,jpeg50,1,london:21,london:21,15.679998,36.1773
london_query_-rtMM_qyd5EBLnADEBIUTA,transfer_2,9012,jpeg50,1,london:21,london:21,15.679996,36.1773
london_query_-rtMM_qyd5EBLnADEBIUTA,transfer_3,9012,jpeg50,1,london:21,london:21,15.680002,36.1773
manila_query_-QdSFqylfs0aHx31jOvTVg,isotropic,5678,jpeg50,2,toronto:200,manila:183,15.679998,36.1773
manila_query_-QdSFqylfs0aHx31jOvTVg,white_box,5678,jpeg50,1,manila:183,manila:183,15.679993,36.1773
manila_query_-QdSFqylfs0aHx31jOvTVg,transfer_1,5678,jpeg50,1,manila:183,manila:183,15.680000,36.1773
manila_query_-QdSFqylfs0aHx31jOvTVg,transfer_2,5678,jpeg50,1,manila:183,manila:183,15.679995,36.1773
manila_query_-QdSFqylfs0aHx31jOvTVg,transfer_3,5678,jpeg50,1,manila:183,manila:183,15.680000,36.1773
manila_query_-QdSFqylfs0aHx31jOvTVg,isotropic,9012,jpeg50,3,toronto:88,manila:183,15.679998,36.1773
manila_query_-QdSFqylfs0aHx31jOvTVg,white_box,9012,jpeg50,1,manila:183,manila:183,15.680000,36.1773
manila_query_-QdSFqylfs0aHx31jOvTVg,transfer_1,9012,jpeg50,1,manila:183,manila:183,15.680000,36.1773
manila_query_-QdSFqylfs0aHx31jOvTVg,transfer_2,9012,jpeg50,1,manila:183,manila:183,15.680000,36.1773
manila_query_-QdSFqylfs0aHx31jOvTVg,transfer_3,9012,jpeg50,1,manila:183,manila:183,15.680000,36.1773
nairobi_query_2Xgp5FmRFbMXgBspWoEFNg,isotropic,5678,jpeg50,108,nairobi:4,nairobi:10,15.679997,36.1773
nairobi_query_2Xgp5FmRFbMXgBspWoEFNg,white_box,5678,jpeg50,150,zurich:19,nairobi:10,15.680001,36.1773
nairobi_query_2Xgp5FmRFbMXgBspWoEFNg,transfer_1,5678,jpeg50,115,boston:123,nairobi:10,15.679992,36.1773
nairobi_query_2Xgp5FmRFbMXgBspWoEFNg,transfer_2,5678,jpeg50,177,boston:123,nairobi:10,15.680002,36.1773
nairobi_query_2Xgp5FmRFbMXgBspWoEFNg,transfer_3,5678,jpeg50,143,boston:191,nairobi:10,15.680000,36.1773
nairobi_query_2Xgp5FmRFbMXgBspWoEFNg,isotropic,9012,jpeg50,134,boston:191,nairobi:10,15.679997,36.1773
nairobi_query_2Xgp5FmRFbMXgBspWoEFNg,white_box,9012,jpeg50,185,amman:23,nairobi:10,15.679998,36.1773
nairobi_query_2Xgp5FmRFbMXgBspWoEFNg,transfer_1,9012,jpeg50,99,boston:123,nairobi:10,15.680004,36.1773
nairobi_query_2Xgp5FmRFbMXgBspWoEFNg,transfer_2,9012,jpeg50,159,amman:23,nairobi:10,15.680000,36.1773
nairobi_query_2Xgp5FmRFbMXgBspWoEFNg,transfer_3,9012,jpeg50,161,boston:191,nairobi:10,15.679997,36.1773
toronto_query_-FOgEN8RNyKr0s933N-a0w,isotropic,5678,jpeg50,11,amman:30,toronto:112,15.679998,36.1773
toronto_query_-FOgEN8RNyKr0s933N-a0w,white_box,5678,jpeg50,1606,cph:459,toronto:112,15.680000,36.1773
toronto_query_-FOgEN8RNyKr0s933N-a0w,transfer_1,5678,jpeg50,12,zurich:38,toronto:112,15.680002,36.1773
toronto_query_-FOgEN8RNyKr0s933N-a0w,transfer_2,5678,jpeg50,57,zurich:38,toronto:112,15.680000,36.1773
toronto_query_-FOgEN8RNyKr0s933N-a0w,transfer_3,5678,jpeg50,25,manila:119,toronto:112,15.679998,36.1773
toronto_query_-FOgEN8RNyKr0s933N-a0w,isotropic,9012,jpeg50,17,boston:210,toronto:112,15.679997,36.1773
toronto_query_-FOgEN8RNyKr0s933N-a0w,white_box,9012,jpeg50,1442,cph:384,toronto:112,15.680004,36.1773
toronto_query_-FOgEN8RNyKr0s933N-a0w,transfer_1,9012,jpeg50,18,zurich:38,toronto:112,15.679992,36.1773
toronto_query_-FOgEN8RNyKr0s933N-a0w,transfer_2,9012,jpeg50,33,zurich:38,toronto:112,15.680000,36.1773
toronto_query_-FOgEN8RNyKr0s933N-a0w,transfer_3,9012,jpeg50,36,zurich:38,toronto:112,15.679997,36.1773
zurich_query_0F0ESDULqwk5km1KbyUEZw,isotropic,5678,jpeg50,2,boston:98,zurich:25,15.679997,36.1773
zurich_query_0F0ESDULqwk5km1KbyUEZw,white_box,5678,jpeg50,126,zurich:30,zurich:25,15.679997,36.1773
zurich_query_0F0ESDULqwk5km1KbyUEZw,transfer_1,5678,jpeg50,1,zurich:25,zurich:25,15.679996,36.1773
zurich_query_0F0ESDULqwk5km1KbyUEZw,transfer_2,5678,jpeg50,4,boston:98,zurich:25,15.680000,36.1773
zurich_query_0F0ESDULqwk5km1KbyUEZw,transfer_3,5678,jpeg50,3,boston:79,zurich:25,15.680001,36.1773
zurich_query_0F0ESDULqwk5km1KbyUEZw,isotropic,9012,jpeg50,2,boston:98,zurich:25,15.679998,36.1773
zurich_query_0F0ESDULqwk5km1KbyUEZw,white_box,9012,jpeg50,137,zurich:19,zurich:25,15.679997,36.1773
zurich_query_0F0ESDULqwk5km1KbyUEZw,transfer_1,9012,jpeg50,3,cph:243,zurich:25,15.679997,36.1773
zurich_query_0F0ESDULqwk5km1KbyUEZw,transfer_2,9012,jpeg50,2,cph:243,zurich:25,15.680001,36.1773
zurich_query_0F0ESDULqwk5km1KbyUEZw,transfer_3,9012,jpeg50,2,boston:98,zurich:25,15.680000,36.1773
amman_query_1_jzc52w72UKyKztvVoygQ,isotropic,5678,jpeg50,6,amman:1,amman:23,15.680000,36.1773
amman_query_1_jzc52w72UKyKztvVoygQ,white_box,5678,jpeg50,36,amman:0,amman:23,15.679997,36.1773
amman_query_1_jzc52w72UKyKztvVoygQ,transfer_1,5678,jpeg50,38,amman:35,amman:23,15.679998,36.1773
amman_query_1_jzc52w72UKyKztvVoygQ,transfer_2,5678,jpeg50,33,amman:35,amman:23,15.680002,36.1773
amman_query_1_jzc52w72UKyKztvVoygQ,transfer_3,5678,jpeg50,40,manila:143,amman:23,15.680002,36.1773
amman_query_1_jzc52w72UKyKztvVoygQ,isotropic,9012,jpeg50,13,amman:0,amman:23,15.680000,36.1773
amman_query_1_jzc52w72UKyKztvVoygQ,white_box,9012,jpeg50,51,cph:175,amman:23,15.679998,36.1773
amman_query_1_jzc52w72UKyKztvVoygQ,transfer_1,9012,jpeg50,35,manila:143,amman:23,15.680000,36.1773
amman_query_1_jzc52w72UKyKztvVoygQ,transfer_2,9012,jpeg50,40,amman:1,amman:23,15.680001,36.1773
amman_query_1_jzc52w72UKyKztvVoygQ,transfer_3,9012,jpeg50,37,amman:35,amman:23,15.680005,36.1773
boston_query_-NUm2lI2JYWeHZ6lrL2eZA,isotropic,5678,jpeg50,385,boston:249,boston:34,15.680000,36.1773
boston_query_-NUm2lI2JYWeHZ6lrL2eZA,white_box,5678,jpeg50,1454,nairobi:22,boston:34,15.679997,36.1773
boston_query_-NUm2lI2JYWeHZ6lrL2eZA,transfer_1,5678,jpeg50,481,boston:249,boston:34,15.680000,36.1773
boston_query_-NUm2lI2JYWeHZ6lrL2eZA,transfer_2,5678,jpeg50,571,amman:32,boston:34,15.680000,36.1773
boston_query_-NUm2lI2JYWeHZ6lrL2eZA,transfer_3,5678,jpeg50,754,boston:249,boston:34,15.679997,36.1773
boston_query_-NUm2lI2JYWeHZ6lrL2eZA,isotropic,9012,jpeg50,357,boston:249,boston:34,15.679997,36.1773
boston_query_-NUm2lI2JYWeHZ6lrL2eZA,white_box,9012,jpeg50,1709,nairobi:22,boston:34,15.680000,36.1773
boston_query_-NUm2lI2JYWeHZ6lrL2eZA,transfer_1,9012,jpeg50,546,boston:249,boston:34,15.680001,36.1773
boston_query_-NUm2lI2JYWeHZ6lrL2eZA,transfer_2,9012,jpeg50,345,boston:249,boston:34,15.679991,36.1773
boston_query_-NUm2lI2JYWeHZ6lrL2eZA,transfer_3,9012,jpeg50,691,nairobi:22,boston:34,15.680005,36.1773
cph_query_-JMzfm4NuuBt61JuZ2sggw,isotropic,5678,jpeg50,13,cph:243,cph:395,15.680000,36.1773
cph_query_-JMzfm4NuuBt61JuZ2sggw,white_box,5678,jpeg50,405,zurich:33,cph:395,15.680000,36.1773
cph_query_-JMzfm4NuuBt61JuZ2sggw,transfer_1,5678,jpeg50,7,cph:271,cph:395,15.679998,36.1773
cph_query_-JMzfm4NuuBt61JuZ2sggw,transfer_2,5678,jpeg50,116,amman:30,cph:395,15.680001,36.1773
cph_query_-JMzfm4NuuBt61JuZ2sggw,transfer_3,5678,jpeg50,23,cph:271,cph:395,15.679997,36.1773
cph_query_-JMzfm4NuuBt61JuZ2sggw,isotropic,9012,jpeg50,4,cph:243,cph:395,15.679997,36.1773
cph_query_-JMzfm4NuuBt61JuZ2sggw,white_box,9012,jpeg50,490,boston:234,cph:395,15.679997,36.1773
cph_query_-JMzfm4NuuBt61JuZ2sggw,transfer_1,9012,jpeg50,23,cph:271,cph:395,15.680000,36.1773
cph_query_-JMzfm4NuuBt61JuZ2sggw,transfer_2,9012,jpeg50,75,amman:30,cph:395,15.680002,36.1773
cph_query_-JMzfm4NuuBt61JuZ2sggw,transfer_3,9012,jpeg50,21,cph:243,cph:395,15.680005,36.1773
london_query_-u8BrzndSdD1lHKeeOwN1A,isotropic,5678,jpeg50,20,london:111,london:121,15.679997,36.1773
london_query_-u8BrzndSdD1lHKeeOwN1A,white_box,5678,jpeg50,323,zurich:96,london:121,15.680004,36.1773
london_query_-u8BrzndSdD1lHKeeOwN1A,transfer_1,5678,jpeg50,17,london:111,london:121,15.680002,36.1773
london_query_-u8BrzndSdD1lHKeeOwN1A,transfer_2,5678,jpeg50,27,zurich:96,london:121,15.679996,36.1773
london_query_-u8BrzndSdD1lHKeeOwN1A,transfer_3,5678,jpeg50,63,london:111,london:121,15.679998,36.1773
london_query_-u8BrzndSdD1lHKeeOwN1A,isotropic,9012,jpeg50,18,london:111,london:121,15.680000,36.1773
london_query_-u8BrzndSdD1lHKeeOwN1A,white_box,9012,jpeg50,296,cph:33,london:121,15.679998,36.1773
london_query_-u8BrzndSdD1lHKeeOwN1A,transfer_1,9012,jpeg50,20,london:111,london:121,15.680000,36.1773
london_query_-u8BrzndSdD1lHKeeOwN1A,transfer_2,9012,jpeg50,22,zurich:96,london:121,15.680005,36.1773
london_query_-u8BrzndSdD1lHKeeOwN1A,transfer_3,9012,jpeg50,39,london:111,london:121,15.680000,36.1773
manila_query_-QvNwUfMuYwx4zaJzG9hHA,isotropic,5678,jpeg50,3,manila:173,manila:134,15.680000,36.1773
manila_query_-QvNwUfMuYwx4zaJzG9hHA,white_box,5678,jpeg50,13,manila:190,manila:134,15.679995,36.1773
manila_query_-QvNwUfMuYwx4zaJzG9hHA,transfer_1,5678,jpeg50,3,toronto:58,manila:134,15.680000,36.1773
manila_query_-QvNwUfMuYwx4zaJzG9hHA,transfer_2,5678,jpeg50,7,toronto:58,manila:134,15.680000,36.1773
manila_query_-QvNwUfMuYwx4zaJzG9hHA,transfer_3,5678,jpeg50,4,manila:46,manila:134,15.679997,36.1773
manila_query_-QvNwUfMuYwx4zaJzG9hHA,isotropic,9012,jpeg50,1,manila:134,manila:134,15.679998,36.1773
manila_query_-QvNwUfMuYwx4zaJzG9hHA,white_box,9012,jpeg50,11,manila:190,manila:134,15.680001,36.1773
manila_query_-QvNwUfMuYwx4zaJzG9hHA,transfer_1,9012,jpeg50,4,toronto:58,manila:134,15.679995,36.1773
manila_query_-QvNwUfMuYwx4zaJzG9hHA,transfer_2,9012,jpeg50,3,manila:46,manila:134,15.679997,36.1773
manila_query_-QvNwUfMuYwx4zaJzG9hHA,transfer_3,9012,jpeg50,1,manila:134,manila:134,15.679997,36.1773
nairobi_query_2hMXkBjbWEdGXSh4zxGVeg,isotropic,5678,jpeg50,1,nairobi:22,nairobi:22,15.679998,36.1773
nairobi_query_2hMXkBjbWEdGXSh4zxGVeg,white_box,5678,jpeg50,74,manila:59,nairobi:22,15.680000,36.1773
nairobi_query_2hMXkBjbWEdGXSh4zxGVeg,transfer_1,5678,jpeg50,1,nairobi:22,nairobi:22,15.680005,36.1773
nairobi_query_2hMXkBjbWEdGXSh4zxGVeg,transfer_2,5678,jpeg50,1,nairobi:22,nairobi:22,15.680005,36.1773
nairobi_query_2hMXkBjbWEdGXSh4zxGVeg,transfer_3,5678,jpeg50,6,zurich:30,nairobi:22,15.680001,36.1773
nairobi_query_2hMXkBjbWEdGXSh4zxGVeg,isotropic,9012,jpeg50,1,nairobi:22,nairobi:22,15.679997,36.1773
nairobi_query_2hMXkBjbWEdGXSh4zxGVeg,white_box,9012,jpeg50,138,manila:59,nairobi:22,15.680002,36.1773
nairobi_query_2hMXkBjbWEdGXSh4zxGVeg,transfer_1,9012,jpeg50,1,nairobi:22,nairobi:22,15.680000,36.1773
nairobi_query_2hMXkBjbWEdGXSh4zxGVeg,transfer_2,9012,jpeg50,1,nairobi:22,nairobi:22,15.680007,36.1773
nairobi_query_2hMXkBjbWEdGXSh4zxGVeg,transfer_3,9012,jpeg50,1,nairobi:22,nairobi:22,15.680001,36.1773
toronto_query_-FRsj6TVpdbM-sdJNwZZbw,isotropic,5678,jpeg50,1,toronto:58,toronto:58,15.679997,36.1773
toronto_query_-FRsj6TVpdbM-sdJNwZZbw,white_box,5678,jpeg50,295,manila:13,toronto:58,15.679998,36.1773
toronto_query_-FRsj6TVpdbM-sdJNwZZbw,transfer_1,5678,jpeg50,5,london:23,toronto:58,15.679998,36.1773
toronto_query_-FRsj6TVpdbM-sdJNwZZbw,transfer_2,5678,jpeg50,33,toronto:366,toronto:58,15.680000,36.1773
toronto_query_-FRsj6TVpdbM-sdJNwZZbw,transfer_3,5678,jpeg50,30,manila:13,toronto:58,15.680000,36.1773
toronto_query_-FRsj6TVpdbM-sdJNwZZbw,isotropic,9012,jpeg50,6,zurich:60,toronto:58,15.680001,36.1773
toronto_query_-FRsj6TVpdbM-sdJNwZZbw,white_box,9012,jpeg50,400,manila:13,toronto:58,15.680000,36.1773
toronto_query_-FRsj6TVpdbM-sdJNwZZbw,transfer_1,9012,jpeg50,12,manila:13,toronto:58,15.679997,36.1773
toronto_query_-FRsj6TVpdbM-sdJNwZZbw,transfer_2,9012,jpeg50,33,toronto:366,toronto:58,15.679997,36.1773
toronto_query_-FRsj6TVpdbM-sdJNwZZbw,transfer_3,9012,jpeg50,18,manila:13,toronto:58,15.680002,36.1773
zurich_query_0FEApLaNMLno1PTABlbYyQ,isotropic,5678,jpeg50,19,zurich:42,zurich:37,15.679998,36.1773
zurich_query_0FEApLaNMLno1PTABlbYyQ,white_box,5678,jpeg50,725,boston:244,zurich:37,15.679993,36.1773
zurich_query_0FEApLaNMLno1PTABlbYyQ,transfer_1,5678,jpeg50,10,zurich:42,zurich:37,15.680002,36.1773
zurich_query_0FEApLaNMLno1PTABlbYyQ,transfer_2,5678,jpeg50,20,zurich:42,zurich:37,15.679997,36.1773
zurich_query_0FEApLaNMLno1PTABlbYyQ,transfer_3,5678,jpeg50,20,zurich:42,zurich:37,15.680000,36.1773
zurich_query_0FEApLaNMLno1PTABlbYyQ,isotropic,9012,jpeg50,6,zurich:42,zurich:37,15.679998,36.1773
zurich_query_0FEApLaNMLno1PTABlbYyQ,white_box,9012,jpeg50,842,zurich:30,zurich:37,15.679998,36.1773
zurich_query_0FEApLaNMLno1PTABlbYyQ,transfer_1,9012,jpeg50,12,zurich:42,zurich:37,15.680000,36.1773
zurich_query_0FEApLaNMLno1PTABlbYyQ,transfer_2,9012,jpeg50,11,zurich:42,zurich:37,15.679998,36.1773
zurich_query_0FEApLaNMLno1PTABlbYyQ,transfer_3,9012,jpeg50,35,zurich:42,zurich:37,15.679992,36.1773
amman_query_1jA0_v7p_4KHVbia4DG7Bw,isotropic,5678,jpeg50,2,amman:1,amman:13,15.680000,36.1773
amman_query_1jA0_v7p_4KHVbia4DG7Bw,white_box,5678,jpeg50,13,boston:90,amman:13,15.680002,36.1773
amman_query_1jA0_v7p_4KHVbia4DG7Bw,transfer_1,5678,jpeg50,2,amman:1,amman:13,15.680000,36.1773
amman_query_1jA0_v7p_4KHVbia4DG7Bw,transfer_2,5678,jpeg50,3,amman:1,amman:13,15.679995,36.1773
amman_query_1jA0_v7p_4KHVbia4DG7Bw,transfer_3,5678,jpeg50,4,amman:1,amman:13,15.680002,36.1773
amman_query_1jA0_v7p_4KHVbia4DG7Bw,isotropic,9012,jpeg50,1,amman:13,amman:13,15.680000,36.1773
amman_query_1jA0_v7p_4KHVbia4DG7Bw,white_box,9012,jpeg50,20,boston:90,amman:13,15.679998,36.1773
amman_query_1jA0_v7p_4KHVbia4DG7Bw,transfer_1,9012,jpeg50,2,amman:1,amman:13,15.680000,36.1773
amman_query_1jA0_v7p_4KHVbia4DG7Bw,transfer_2,9012,jpeg50,1,amman:13,amman:13,15.679996,36.1773
amman_query_1jA0_v7p_4KHVbia4DG7Bw,transfer_3,9012,jpeg50,6,amman:1,amman:13,15.679997,36.1773
boston_query_-O6nZhSO0Cgq4iaZ522K2g,isotropic,5678,jpeg50,8,boston:123,boston:90,15.680000,36.1773
boston_query_-O6nZhSO0Cgq4iaZ522K2g,white_box,5678,jpeg50,92,toronto:34,boston:90,15.680002,36.1773
boston_query_-O6nZhSO0Cgq4iaZ522K2g,transfer_1,5678,jpeg50,2,boston:123,boston:90,15.680004,36.1773
boston_query_-O6nZhSO0Cgq4iaZ522K2g,transfer_2,5678,jpeg50,17,boston:123,boston:90,15.679992,36.1773
boston_query_-O6nZhSO0Cgq4iaZ522K2g,transfer_3,5678,jpeg50,36,boston:123,boston:90,15.679998,36.1773
boston_query_-O6nZhSO0Cgq4iaZ522K2g,isotropic,9012,jpeg50,4,cph:464,boston:90,15.679998,36.1773
boston_query_-O6nZhSO0Cgq4iaZ522K2g,white_box,9012,jpeg50,207,toronto:34,boston:90,15.679997,36.1773
boston_query_-O6nZhSO0Cgq4iaZ522K2g,transfer_1,9012,jpeg50,2,boston:123,boston:90,15.679998,36.1773
boston_query_-O6nZhSO0Cgq4iaZ522K2g,transfer_2,9012,jpeg50,18,boston:123,boston:90,15.679997,36.1773
boston_query_-O6nZhSO0Cgq4iaZ522K2g,transfer_3,9012,jpeg50,23,boston:123,boston:90,15.680000,36.1773
cph_query_-MUw194v9r5C1394mci6-A,isotropic,5678,jpeg50,4,cph:370,cph:384,15.679997,36.1773
cph_query_-MUw194v9r5C1394mci6-A,white_box,5678,jpeg50,246,london:111,cph:384,15.680000,36.1773
cph_query_-MUw194v9r5C1394mci6-A,transfer_1,5678,jpeg50,4,cph:370,cph:384,15.679998,36.1773
cph_query_-MUw194v9r5C1394mci6-A,transfer_2,5678,jpeg50,8,cph:370,cph:384,15.679997,36.1773
cph_query_-MUw194v9r5C1394mci6-A,transfer_3,5678,jpeg50,1,cph:384,cph:384,15.679997,36.1773
cph_query_-MUw194v9r5C1394mci6-A,isotropic,9012,jpeg50,7,cph:370,cph:384,15.680000,36.1773
cph_query_-MUw194v9r5C1394mci6-A,white_box,9012,jpeg50,320,london:111,cph:384,15.679998,36.1773
cph_query_-MUw194v9r5C1394mci6-A,transfer_1,9012,jpeg50,4,cph:370,cph:384,15.679997,36.1773
cph_query_-MUw194v9r5C1394mci6-A,transfer_2,9012,jpeg50,10,cph:370,cph:384,15.680002,36.1773
cph_query_-MUw194v9r5C1394mci6-A,transfer_3,9012,jpeg50,7,zurich:105,cph:384,15.679996,36.1773
london_query_-vkja3p0MzaoZlQOooT-YQ,isotropic,5678,jpeg50,78,zurich:96,london:121,15.680000,36.1773
london_query_-vkja3p0MzaoZlQOooT-YQ,white_box,5678,jpeg50,741,manila:189,london:121,15.680000,36.1773
london_query_-vkja3p0MzaoZlQOooT-YQ,transfer_1,5678,jpeg50,32,zurich:96,london:121,15.679998,36.1773
london_query_-vkja3p0MzaoZlQOooT-YQ,transfer_2,5678,jpeg50,64,boston:90,london:121,15.680000,36.1773
london_query_-vkja3p0MzaoZlQOooT-YQ,transfer_3,5678,jpeg50,78,zurich:96,london:121,15.680004,36.1773
london_query_-vkja3p0MzaoZlQOooT-YQ,isotropic,9012,jpeg50,52,zurich:96,london:121,15.679997,36.1773
london_query_-vkja3p0MzaoZlQOooT-YQ,white_box,9012,jpeg50,778,manila:189,london:121,15.679996,36.1773
london_query_-vkja3p0MzaoZlQOooT-YQ,transfer_1,9012,jpeg50,47,boston:90,london:121,15.679997,36.1773
london_query_-vkja3p0MzaoZlQOooT-YQ,transfer_2,9012,jpeg50,69,zurich:96,london:121,15.680000,36.1773
london_query_-vkja3p0MzaoZlQOooT-YQ,transfer_3,9012,jpeg50,68,zurich:96,london:121,15.680000,36.1773
manila_query_-RZzhLSoiUGq-PShtIhzxw,isotropic,5678,jpeg50,141,nairobi:10,manila:54,15.680000,36.1773
manila_query_-RZzhLSoiUGq-PShtIhzxw,white_box,5678,jpeg50,141,amman:23,manila:54,15.679997,36.1773
manila_query_-RZzhLSoiUGq-PShtIhzxw,transfer_1,5678,jpeg50,131,nairobi:10,manila:54,15.679997,36.1773
manila_query_-RZzhLSoiUGq-PShtIhzxw,transfer_2,5678,jpeg50,135,nairobi:10,manila:54,15.679992,36.1773
manila_query_-RZzhLSoiUGq-PShtIhzxw,transfer_3,5678,jpeg50,276,manila:6,manila:54,15.680000,36.1773
manila_query_-RZzhLSoiUGq-PShtIhzxw,isotropic,9012,jpeg50,117,manila:6,manila:54,15.679997,36.1773
manila_query_-RZzhLSoiUGq-PShtIhzxw,white_box,9012,jpeg50,89,amman:23,manila:54,15.680002,36.1773
manila_query_-RZzhLSoiUGq-PShtIhzxw,transfer_1,9012,jpeg50,92,nairobi:10,manila:54,15.680002,36.1773
manila_query_-RZzhLSoiUGq-PShtIhzxw,transfer_2,9012,jpeg50,163,nairobi:10,manila:54,15.679991,36.1773
manila_query_-RZzhLSoiUGq-PShtIhzxw,transfer_3,9012,jpeg50,177,nairobi:10,manila:54,15.679989,36.1773
nairobi_query_2wqDKqSdeRPYg6X996gZ0w,isotropic,5678,jpeg50,1,nairobi:21,nairobi:21,15.679997,36.1773
nairobi_query_2wqDKqSdeRPYg6X996gZ0w,white_box,5678,jpeg50,487,manila:92,nairobi:21,15.679996,36.1773
nairobi_query_2wqDKqSdeRPYg6X996gZ0w,transfer_1,5678,jpeg50,3,nairobi:22,nairobi:21,15.679998,36.1773
nairobi_query_2wqDKqSdeRPYg6X996gZ0w,transfer_2,5678,jpeg50,14,amman:32,nairobi:21,15.680002,36.1773
nairobi_query_2wqDKqSdeRPYg6X996gZ0w,transfer_3,5678,jpeg50,2,nairobi:22,nairobi:21,15.679998,36.1773
nairobi_query_2wqDKqSdeRPYg6X996gZ0w,isotropic,9012,jpeg50,1,nairobi:21,nairobi:21,15.679998,36.1773
nairobi_query_2wqDKqSdeRPYg6X996gZ0w,white_box,9012,jpeg50,282,manila:92,nairobi:21,15.679997,36.1773
nairobi_query_2wqDKqSdeRPYg6X996gZ0w,transfer_1,9012,jpeg50,1,nairobi:21,nairobi:21,15.680005,36.1773
nairobi_query_2wqDKqSdeRPYg6X996gZ0w,transfer_2,9012,jpeg50,2,nairobi:22,nairobi:21,15.680002,36.1773
nairobi_query_2wqDKqSdeRPYg6X996gZ0w,transfer_3,9012,jpeg50,5,amman:32,nairobi:21,15.679997,36.1773
toronto_query_-FohtR51AFcyGSLgiTdXzw,isotropic,5678,jpeg50,1,toronto:207,toronto:207,15.680002,36.1773
toronto_query_-FohtR51AFcyGSLgiTdXzw,white_box,5678,jpeg50,1,toronto:207,toronto:207,15.679998,36.1773
toronto_query_-FohtR51AFcyGSLgiTdXzw,transfer_1,5678,jpeg50,1,toronto:207,toronto:207,15.680002,36.1773
toronto_query_-FohtR51AFcyGSLgiTdXzw,transfer_2,5678,jpeg50,1,toronto:207,toronto:207,15.680001,36.1773
toronto_query_-FohtR51AFcyGSLgiTdXzw,transfer_3,5678,jpeg50,1,toronto:207,toronto:207,15.680000,36.1773
toronto_query_-FohtR51AFcyGSLgiTdXzw,isotropic,9012,jpeg50,1,toronto:207,toronto:207,15.680000,36.1773
toronto_query_-FohtR51AFcyGSLgiTdXzw,white_box,9012,jpeg50,1,toronto:207,toronto:207,15.680005,36.1773
toronto_query_-FohtR51AFcyGSLgiTdXzw,transfer_1,9012,jpeg50,1,toronto:207,toronto:207,15.679995,36.1773
toronto_query_-FohtR51AFcyGSLgiTdXzw,transfer_2,9012,jpeg50,1,toronto:207,toronto:207,15.679998,36.1773
toronto_query_-FohtR51AFcyGSLgiTdXzw,transfer_3,9012,jpeg50,1,toronto:207,toronto:207,15.680000,36.1773
zurich_query_0I7IdNKcKWGXL-wmkUdx2A,isotropic,5678,jpeg50,19,zurich:109,zurich:65,15.679995,36.1773
zurich_query_0I7IdNKcKWGXL-wmkUdx2A,white_box,5678,jpeg50,57,toronto:200,zurich:65,15.680002,36.1773
zurich_query_0I7IdNKcKWGXL-wmkUdx2A,transfer_1,5678,jpeg50,12,zurich:109,zurich:65,15.679989,36.1773
zurich_query_0I7IdNKcKWGXL-wmkUdx2A,transfer_2,5678,jpeg50,38,zurich:109,zurich:65,15.679997,36.1773
zurich_query_0I7IdNKcKWGXL-wmkUdx2A,transfer_3,5678,jpeg50,28,zurich:109,zurich:65,15.679997,36.1773
zurich_query_0I7IdNKcKWGXL-wmkUdx2A,isotropic,9012,jpeg50,10,zurich:109,zurich:65,15.679998,36.1773
zurich_query_0I7IdNKcKWGXL-wmkUdx2A,white_box,9012,jpeg50,110,cph:94,zurich:65,15.680000,36.1773
zurich_query_0I7IdNKcKWGXL-wmkUdx2A,transfer_1,9012,jpeg50,15,zurich:109,zurich:65,15.680000,36.1773
zurich_query_0I7IdNKcKWGXL-wmkUdx2A,transfer_2,9012,jpeg50,33,zurich:109,zurich:65,15.679998,36.1773
zurich_query_0I7IdNKcKWGXL-wmkUdx2A,transfer_3,9012,jpeg50,21,zurich:109,zurich:65,15.679997,36.1773
amman_query_1n6vx0uExn56MfvA6toRJw,isotropic,5678,jpeg50,1,amman:31,amman:31,15.680000,36.1773
amman_query_1n6vx0uExn56MfvA6toRJw,white_box,5678,jpeg50,16,amman:26,amman:31,15.679997,36.1773
amman_query_1n6vx0uExn56MfvA6toRJw,transfer_1,5678,jpeg50,13,toronto:33,amman:31,15.679995,36.1773
amman_query_1n6vx0uExn56MfvA6toRJw,transfer_2,5678,jpeg50,5,zurich:25,amman:31,15.680000,36.1773
amman_query_1n6vx0uExn56MfvA6toRJw,transfer_3,5678,jpeg50,33,amman:12,amman:31,15.680000,36.1773
amman_query_1n6vx0uExn56MfvA6toRJw,isotropic,9012,jpeg50,7,amman:15,amman:31,15.680000,36.1773
amman_query_1n6vx0uExn56MfvA6toRJw,white_box,9012,jpeg50,23,manila:82,amman:31,15.680000,36.1773
amman_query_1n6vx0uExn56MfvA6toRJw,transfer_1,9012,jpeg50,5,zurich:25,amman:31,15.680000,36.1773
amman_query_1n6vx0uExn56MfvA6toRJw,transfer_2,9012,jpeg50,5,amman:22,amman:31,15.679997,36.1773
amman_query_1n6vx0uExn56MfvA6toRJw,transfer_3,9012,jpeg50,54,amman:15,amman:31,15.679997,36.1773
boston_query_-OEJzVyBJiypLsHkeOqxKn,isotropic,5678,jpeg50,29,boston:27,boston:79,15.679998,36.1773
boston_query_-OEJzVyBJiypLsHkeOqxKn,white_box,5678,jpeg50,115,boston:123,boston:79,15.679997,36.1773
boston_query_-OEJzVyBJiypLsHkeOqxKn,transfer_1,5678,jpeg50,48,boston:27,boston:79,15.679998,36.1773
boston_query_-OEJzVyBJiypLsHkeOqxKn,transfer_2,5678,jpeg50,59,boston:235,boston:79,15.680002,36.1773
boston_query_-OEJzVyBJiypLsHkeOqxKn,transfer_3,5678,jpeg50,75,boston:123,boston:79,15.679995,36.1773
boston_query_-OEJzVyBJiypLsHkeOqxKn,isotropic,9012,jpeg50,38,boston:123,boston:79,15.679997,36.1773
boston_query_-OEJzVyBJiypLsHkeOqxKn,white_box,9012,jpeg50,103,boston:123,boston:79,15.680002,36.1773
boston_query_-OEJzVyBJiypLsHkeOqxKn,transfer_1,9012,jpeg50,74,boston:27,boston:79,15.680009,36.1773
boston_query_-OEJzVyBJiypLsHkeOqxKn,transfer_2,9012,jpeg50,94,boston:235,boston:79,15.680000,36.1773
boston_query_-OEJzVyBJiypLsHkeOqxKn,transfer_3,9012,jpeg50,31,amman:26,boston:79,15.680000,36.1773
cph_query_-Mwdj8AXbTR5wrPmQKRbhQ,isotropic,5678,jpeg50,1,cph:33,cph:33,15.680000,36.1773
cph_query_-Mwdj8AXbTR5wrPmQKRbhQ,white_box,5678,jpeg50,1,cph:33,cph:33,15.680004,36.1773
cph_query_-Mwdj8AXbTR5wrPmQKRbhQ,transfer_1,5678,jpeg50,1,cph:33,cph:33,15.680000,36.1773
cph_query_-Mwdj8AXbTR5wrPmQKRbhQ,transfer_2,5678,jpeg50,1,cph:33,cph:33,15.680000,36.1773
cph_query_-Mwdj8AXbTR5wrPmQKRbhQ,transfer_3,5678,jpeg50,1,cph:33,cph:33,15.680001,36.1773
cph_query_-Mwdj8AXbTR5wrPmQKRbhQ,isotropic,9012,jpeg50,1,cph:33,cph:33,15.679998,36.1773
cph_query_-Mwdj8AXbTR5wrPmQKRbhQ,white_box,9012,jpeg50,1,cph:33,cph:33,15.679998,36.1773
cph_query_-Mwdj8AXbTR5wrPmQKRbhQ,transfer_1,9012,jpeg50,1,cph:33,cph:33,15.680002,36.1773
cph_query_-Mwdj8AXbTR5wrPmQKRbhQ,transfer_2,9012,jpeg50,1,cph:33,cph:33,15.679995,36.1773
cph_query_-Mwdj8AXbTR5wrPmQKRbhQ,transfer_3,9012,jpeg50,1,cph:33,cph:33,15.680000,36.1773
london_query_-wX-mY4F2ewX9tlr1_JTbw,isotropic,5678,jpeg50,212,toronto:200,london:68,15.679998,36.1773
london_query_-wX-mY4F2ewX9tlr1_JTbw,white_box,5678,jpeg50,759,manila:67,london:68,15.679993,36.1773
london_query_-wX-mY4F2ewX9tlr1_JTbw,transfer_1,5678,jpeg50,164,manila:142,london:68,15.679998,36.1773
london_query_-wX-mY4F2ewX9tlr1_JTbw,transfer_2,5678,jpeg50,175,toronto:200,london:68,15.679998,36.1773
london_query_-wX-mY4F2ewX9tlr1_JTbw,transfer_3,5678,jpeg50,264,toronto:58,london:68,15.679995,36.1773
london_query_-wX-mY4F2ewX9tlr1_JTbw,isotropic,9012,jpeg50,275,toronto:200,london:68,15.679998,36.1773
london_query_-wX-mY4F2ewX9tlr1_JTbw,white_box,9012,jpeg50,465,manila:67,london:68,15.680001,36.1773
london_query_-wX-mY4F2ewX9tlr1_JTbw,transfer_1,9012,jpeg50,175,toronto:58,london:68,15.680005,36.1773
london_query_-wX-mY4F2ewX9tlr1_JTbw,transfer_2,9012,jpeg50,239,manila:142,london:68,15.680002,36.1773
london_query_-wX-mY4F2ewX9tlr1_JTbw,transfer_3,9012,jpeg50,344,toronto:58,london:68,15.680002,36.1773
manila_query_-SSrBkppXcUPQnmvRyEZaA,isotropic,5678,jpeg50,1050,boston:101,manila:102,15.680000,36.1773
manila_query_-SSrBkppXcUPQnmvRyEZaA,white_box,5678,jpeg50,1025,amman:25,manila:102,15.679995,36.1773
manila_query_-SSrBkppXcUPQnmvRyEZaA,transfer_1,5678,jpeg50,1069,boston:101,manila:102,15.679998,36.1773
manila_query_-SSrBkppXcUPQnmvRyEZaA,transfer_2,5678,jpeg50,984,boston:101,manila:102,15.679998,36.1773
manila_query_-SSrBkppXcUPQnmvRyEZaA,transfer_3,5678,jpeg50,1116,boston:101,manila:102,15.679997,36.1773
manila_query_-SSrBkppXcUPQnmvRyEZaA,isotropic,9012,jpeg50,1060,boston:101,manila:102,15.680000,36.1773
manila_query_-SSrBkppXcUPQnmvRyEZaA,white_box,9012,jpeg50,1048,amman:25,manila:102,15.679995,36.1773
manila_query_-SSrBkppXcUPQnmvRyEZaA,transfer_1,9012,jpeg50,803,boston:101,manila:102,15.679997,36.1773
manila_query_-SSrBkppXcUPQnmvRyEZaA,transfer_2,9012,jpeg50,984,boston:101,manila:102,15.679996,36.1773
manila_query_-SSrBkppXcUPQnmvRyEZaA,transfer_3,9012,jpeg50,1183,boston:101,manila:102,15.679997,36.1773
nairobi_query_32eRlu6tx-Q_LzhBd8iTQA,isotropic,5678,jpeg50,2,nairobi:22,nairobi:21,15.680000,36.1773
nairobi_query_32eRlu6tx-Q_LzhBd8iTQA,white_box,5678,jpeg50,229,manila:87,nairobi:21,15.679998,36.1773
nairobi_query_32eRlu6tx-Q_LzhBd8iTQA,transfer_1,5678,jpeg50,2,nairobi:22,nairobi:21,15.680000,36.1773
nairobi_query_32eRlu6tx-Q_LzhBd8iTQA,transfer_2,5678,jpeg50,9,nairobi:22,nairobi:21,15.679997,36.1773
nairobi_query_32eRlu6tx-Q_LzhBd8iTQA,transfer_3,5678,jpeg50,3,cph:176,nairobi:21,15.679998,36.1773
nairobi_query_32eRlu6tx-Q_LzhBd8iTQA,isotropic,9012,jpeg50,2,cph:176,nairobi:21,15.679997,36.1773
nairobi_query_32eRlu6tx-Q_LzhBd8iTQA,white_box,9012,jpeg50,117,toronto:354,nairobi:21,15.680002,36.1773
nairobi_query_32eRlu6tx-Q_LzhBd8iTQA,transfer_1,9012,jpeg50,1,nairobi:21,nairobi:21,15.680001,36.1773
nairobi_query_32eRlu6tx-Q_LzhBd8iTQA,transfer_2,9012,jpeg50,5,cph:176,nairobi:21,15.679995,36.1773
nairobi_query_32eRlu6tx-Q_LzhBd8iTQA,transfer_3,9012,jpeg50,1,nairobi:21,nairobi:21,15.680005,36.1773
toronto_query_-HBbI6fcMz-R3CyduFEoDg,isotropic,5678,jpeg50,205,amman:23,toronto:426,15.680000,36.1773
toronto_query_-HBbI6fcMz-R3CyduFEoDg,white_box,5678,jpeg50,1594,nairobi:19,toronto:426,15.680002,36.1773
toronto_query_-HBbI6fcMz-R3CyduFEoDg,transfer_1,5678,jpeg50,399,boston:191,toronto:426,15.679997,36.1773
toronto_query_-HBbI6fcMz-R3CyduFEoDg,transfer_2,5678,jpeg50,780,nairobi:19,toronto:426,15.679996,36.1773
toronto_query_-HBbI6fcMz-R3CyduFEoDg,transfer_3,5678,jpeg50,875,nairobi:19,toronto:426,15.679997,36.1773
toronto_query_-HBbI6fcMz-R3CyduFEoDg,isotropic,9012,jpeg50,155,zurich:42,toronto:426,15.679997,36.1773
toronto_query_-HBbI6fcMz-R3CyduFEoDg,white_box,9012,jpeg50,1543,manila:92,toronto:426,15.680004,36.1773
toronto_query_-HBbI6fcMz-R3CyduFEoDg,transfer_1,9012,jpeg50,735,amman:23,toronto:426,15.680000,36.1773
toronto_query_-HBbI6fcMz-R3CyduFEoDg,transfer_2,9012,jpeg50,854,nairobi:19,toronto:426,15.680004,36.1773
toronto_query_-HBbI6fcMz-R3CyduFEoDg,transfer_3,9012,jpeg50,1104,nairobi:19,toronto:426,15.679998,36.1773
zurich_query_0IZVsW_UPLzI_vUm51hEMQ,isotropic,5678,jpeg50,1,zurich:25,zurich:25,15.680000,36.1773
zurich_query_0IZVsW_UPLzI_vUm51hEMQ,white_box,5678,jpeg50,1,zurich:25,zurich:25,15.680000,36.1773
zurich_query_0IZVsW_UPLzI_vUm51hEMQ,transfer_1,5678,jpeg50,1,zurich:25,zurich:25,15.680000,36.1773
zurich_query_0IZVsW_UPLzI_vUm51hEMQ,transfer_2,5678,jpeg50,1,zurich:25,zurich:25,15.680000,36.1773
zurich_query_0IZVsW_UPLzI_vUm51hEMQ,transfer_3,5678,jpeg50,1,zurich:25,zurich:25,15.680000,36.1773
zurich_query_0IZVsW_UPLzI_vUm51hEMQ,isotropic,9012,jpeg50,1,zurich:25,zurich:25,15.680000,36.1773
zurich_query_0IZVsW_UPLzI_vUm51hEMQ,white_box,9012,jpeg50,1,zurich:25,zurich:25,15.679993,36.1773
zurich_query_0IZVsW_UPLzI_vUm51hEMQ,transfer_1,9012,jpeg50,1,zurich:25,zurich:25,15.679995,36.1773
zurich_query_0IZVsW_UPLzI_vUm51hEMQ,transfer_2,9012,jpeg50,2,boston:79,zurich:25,15.680000,36.1773
zurich_query_0IZVsW_UPLzI_vUm51hEMQ,transfer_3,9012,jpeg50,1,zurich:25,zurich:25,15.679997,36.1773
amman_query_1qMrYvXqBvZDS0XUd5cEtg,isotropic,5678,jpeg50,4,amman:23,amman:21,15.680000,36.1773
amman_query_1qMrYvXqBvZDS0XUd5cEtg,white_box,5678,jpeg50,11,zurich:19,amman:21,15.680000,36.1773
amman_query_1qMrYvXqBvZDS0XUd5cEtg,transfer_1,5678,jpeg50,7,amman:23,amman:21,15.679993,36.1773
amman_query_1qMrYvXqBvZDS0XUd5cEtg,transfer_2,5678,jpeg50,4,amman:23,amman:21,15.680000,36.1773
amman_query_1qMrYvXqBvZDS0XUd5cEtg,transfer_3,5678,jpeg50,3,amman:23,amman:21,15.679996,36.1773
amman_query_1qMrYvXqBvZDS0XUd5cEtg,isotropic,9012,jpeg50,1,amman:21,amman:21,15.679997,36.1773
amman_query_1qMrYvXqBvZDS0XUd5cEtg,white_box,9012,jpeg50,5,amman:23,amman:21,15.680005,36.1773
amman_query_1qMrYvXqBvZDS0XUd5cEtg,transfer_1,9012,jpeg50,2,amman:23,amman:21,15.679998,36.1773
amman_query_1qMrYvXqBvZDS0XUd5cEtg,transfer_2,9012,jpeg50,1,amman:21,amman:21,15.679998,36.1773
amman_query_1qMrYvXqBvZDS0XUd5cEtg,transfer_3,9012,jpeg50,3,amman:23,amman:21,15.679995,36.1773
boston_query_-OlQhKn0bS9eZTkeJL6ovw,isotropic,5678,jpeg50,1,boston:237,boston:237,15.679997,36.1773
boston_query_-OlQhKn0bS9eZTkeJL6ovw,white_box,5678,jpeg50,8,cph:459,boston:237,15.679996,36.1773
boston_query_-OlQhKn0bS9eZTkeJL6ovw,transfer_1,5678,jpeg50,1,boston:237,boston:237,15.679995,36.1773
boston_query_-OlQhKn0bS9eZTkeJL6ovw,transfer_2,5678,jpeg50,1,boston:237,boston:237,15.680005,36.1773
boston_query_-OlQhKn0bS9eZTkeJL6ovw,transfer_3,5678,jpeg50,1,boston:237,boston:237,15.680000,36.1773
boston_query_-OlQhKn0bS9eZTkeJL6ovw,isotropic,9012,jpeg50,1,boston:237,boston:237,15.679998,36.1773
boston_query_-OlQhKn0bS9eZTkeJL6ovw,white_box,9012,jpeg50,4,cph:459,boston:237,15.680000,36.1773
boston_query_-OlQhKn0bS9eZTkeJL6ovw,transfer_1,9012,jpeg50,1,boston:237,boston:237,15.680001,36.1773
boston_query_-OlQhKn0bS9eZTkeJL6ovw,transfer_2,9012,jpeg50,1,boston:237,boston:237,15.679997,36.1773
boston_query_-OlQhKn0bS9eZTkeJL6ovw,transfer_3,9012,jpeg50,1,boston:237,boston:237,15.679997,36.1773
cph_query_-N9mbKdWcHyUUsU1379EgA,isotropic,5678,jpeg50,1,cph:176,cph:176,15.679997,36.1773
cph_query_-N9mbKdWcHyUUsU1379EgA,white_box,5678,jpeg50,33,manila:190,cph:176,15.679995,36.1773
cph_query_-N9mbKdWcHyUUsU1379EgA,transfer_1,5678,jpeg50,1,cph:176,cph:176,15.680005,36.1773
cph_query_-N9mbKdWcHyUUsU1379EgA,transfer_2,5678,jpeg50,1,cph:176,cph:176,15.679997,36.1773
cph_query_-N9mbKdWcHyUUsU1379EgA,transfer_3,5678,jpeg50,1,cph:176,cph:176,15.680000,36.1773
cph_query_-N9mbKdWcHyUUsU1379EgA,isotropic,9012,jpeg50,1,cph:176,cph:176,15.679998,36.1773
cph_query_-N9mbKdWcHyUUsU1379EgA,white_box,9012,jpeg50,19,manila:190,cph:176,15.679998,36.1773
cph_query_-N9mbKdWcHyUUsU1379EgA,transfer_1,9012,jpeg50,1,cph:176,cph:176,15.679998,36.1773
cph_query_-N9mbKdWcHyUUsU1379EgA,transfer_2,9012,jpeg50,3,cph:459,cph:176,15.679997,36.1773
cph_query_-N9mbKdWcHyUUsU1379EgA,transfer_3,9012,jpeg50,1,cph:176,cph:176,15.679998,36.1773
london_query_02vfV_A3zc1S9Akd07xuEA,isotropic,5678,jpeg50,45,manila:134,london:33,15.680000,36.1773
london_query_02vfV_A3zc1S9Akd07xuEA,white_box,5678,jpeg50,664,london:111,london:33,15.680002,36.1773
london_query_02vfV_A3zc1S9Akd07xuEA,transfer_1,5678,jpeg50,35,london:8,london:33,15.679997,36.1773
london_query_02vfV_A3zc1S9Akd07xuEA,transfer_2,5678,jpeg50,83,london:8,london:33,15.679997,36.1773
london_query_02vfV_A3zc1S9Akd07xuEA,transfer_3,5678,jpeg50,91,london:8,london:33,15.680001,36.1773
london_query_02vfV_A3zc1S9Akd07xuEA,isotropic,9012,jpeg50,49,london:8,london:33,15.679997,36.1773
london_query_02vfV_A3zc1S9Akd07xuEA,white_box,9012,jpeg50,705,manila:87,london:33,15.680000,36.1773
london_query_02vfV_A3zc1S9Akd07xuEA,transfer_1,9012,jpeg50,60,london:8,london:33,15.680005,36.1773
london_query_02vfV_A3zc1S9Akd07xuEA,transfer_2,9012,jpeg50,54,london:8,london:33,15.679996,36.1773
london_query_02vfV_A3zc1S9Akd07xuEA,transfer_3,9012,jpeg50,85,manila:87,london:33,15.679998,36.1773
manila_query_-Tmeby1UCsrkKNvVnN7L5g,isotropic,5678,jpeg50,689,manila:51,manila:87,15.680001,36.1773
manila_query_-Tmeby1UCsrkKNvVnN7L5g,white_box,5678,jpeg50,1000,boston:234,manila:87,15.679996,36.1773
manila_query_-Tmeby1UCsrkKNvVnN7L5g,transfer_1,5678,jpeg50,798,manila:51,manila:87,15.680007,36.1773
manila_query_-Tmeby1UCsrkKNvVnN7L5g,transfer_2,5678,jpeg50,696,manila:51,manila:87,15.679995,36.1773
manila_query_-Tmeby1UCsrkKNvVnN7L5g,transfer_3,5678,jpeg50,660,manila:51,manila:87,15.679998,36.1773
manila_query_-Tmeby1UCsrkKNvVnN7L5g,isotropic,9012,jpeg50,739,manila:51,manila:87,15.680002,36.1773
manila_query_-Tmeby1UCsrkKNvVnN7L5g,white_box,9012,jpeg50,1027,boston:79,manila:87,15.680000,36.1773
manila_query_-Tmeby1UCsrkKNvVnN7L5g,transfer_1,9012,jpeg50,832,manila:51,manila:87,15.680002,36.1773
manila_query_-Tmeby1UCsrkKNvVnN7L5g,transfer_2,9012,jpeg50,808,manila:51,manila:87,15.679997,36.1773
manila_query_-Tmeby1UCsrkKNvVnN7L5g,transfer_3,9012,jpeg50,648,manila:51,manila:87,15.680000,36.1773
nairobi_query_37RDt83nGFaZl6CPpzqlTw,isotropic,5678,jpeg50,10,boston:176,nairobi:13,15.680000,36.1773
nairobi_query_37RDt83nGFaZl6CPpzqlTw,white_box,5678,jpeg50,867,zurich:19,nairobi:13,15.679998,36.1773
nairobi_query_37RDt83nGFaZl6CPpzqlTw,transfer_1,5678,jpeg50,6,boston:176,nairobi:13,15.679997,36.1773
nairobi_query_37RDt83nGFaZl6CPpzqlTw,transfer_2,5678,jpeg50,21,zurich:42,nairobi:13,15.679998,36.1773
nairobi_query_37RDt83nGFaZl6CPpzqlTw,transfer_3,5678,jpeg50,37,boston:176,nairobi:13,15.680000,36.1773
nairobi_query_37RDt83nGFaZl6CPpzqlTw,isotropic,9012,jpeg50,23,boston:176,nairobi:13,15.679996,36.1773
nairobi_query_37RDt83nGFaZl6CPpzqlTw,white_box,9012,jpeg50,695,manila:92,nairobi:13,15.680000,36.1773
nairobi_query_37RDt83nGFaZl6CPpzqlTw,transfer_1,9012,jpeg50,28,zurich:42,nairobi:13,15.680002,36.1773
nairobi_query_37RDt83nGFaZl6CPpzqlTw,transfer_2,9012,jpeg50,23,zurich:42,nairobi:13,15.679997,36.1773
nairobi_query_37RDt83nGFaZl6CPpzqlTw,transfer_3,9012,jpeg50,13,zurich:42,nairobi:13,15.680004,36.1773
toronto_query_-IlXU6r8OSJejg6wnFTYMQ,isotropic,5678,jpeg50,206,toronto:34,toronto:236,15.679998,36.1773
toronto_query_-IlXU6r8OSJejg6wnFTYMQ,white_box,5678,jpeg50,457,toronto:274,toronto:236,15.679996,36.1773
toronto_query_-IlXU6r8OSJejg6wnFTYMQ,transfer_1,5678,jpeg50,144,nairobi:15,toronto:236,15.680008,36.1773
toronto_query_-IlXU6r8OSJejg6wnFTYMQ,transfer_2,5678,jpeg50,187,toronto:34,toronto:236,15.680005,36.1773
toronto_query_-IlXU6r8OSJejg6wnFTYMQ,transfer_3,5678,jpeg50,235,toronto:196,toronto:236,15.680002,36.1773
toronto_query_-IlXU6r8OSJejg6wnFTYMQ,isotropic,9012,jpeg50,229,toronto:34,toronto:236,15.679998,36.1773
toronto_query_-IlXU6r8OSJejg6wnFTYMQ,white_box,9012,jpeg50,376,toronto:274,toronto:236,15.680008,36.1773
toronto_query_-IlXU6r8OSJejg6wnFTYMQ,transfer_1,9012,jpeg50,123,boston:216,toronto:236,15.680000,36.1773
toronto_query_-IlXU6r8OSJejg6wnFTYMQ,transfer_2,9012,jpeg50,252,toronto:34,toronto:236,15.680000,36.1773
toronto_query_-IlXU6r8OSJejg6wnFTYMQ,transfer_3,9012,jpeg50,262,toronto:34,toronto:236,15.680005,36.1773
zurich_query_0Ky7pgdILHyYlzjahHNGZg,isotropic,5678,jpeg50,1265,manila:72,zurich:51,15.680001,36.1773
zurich_query_0Ky7pgdILHyYlzjahHNGZg,white_box,5678,jpeg50,1894,manila:72,zurich:51,15.680001,36.1773
zurich_query_0Ky7pgdILHyYlzjahHNGZg,transfer_1,5678,jpeg50,1255,toronto:197,zurich:51,15.679995,36.1773
zurich_query_0Ky7pgdILHyYlzjahHNGZg,transfer_2,5678,jpeg50,1446,toronto:197,zurich:51,15.680002,36.1773
zurich_query_0Ky7pgdILHyYlzjahHNGZg,transfer_3,5678,jpeg50,1359,boston:171,zurich:51,15.679998,36.1773
zurich_query_0Ky7pgdILHyYlzjahHNGZg,isotropic,9012,jpeg50,1309,zurich:27,zurich:51,15.680000,36.1773
zurich_query_0Ky7pgdILHyYlzjahHNGZg,white_box,9012,jpeg50,1938,boston:144,zurich:51,15.680000,36.1773
zurich_query_0Ky7pgdILHyYlzjahHNGZg,transfer_1,9012,jpeg50,1492,manila:72,zurich:51,15.679995,36.1773
zurich_query_0Ky7pgdILHyYlzjahHNGZg,transfer_2,9012,jpeg50,1478,manila:72,zurich:51,15.680000,36.1773
zurich_query_0Ky7pgdILHyYlzjahHNGZg,transfer_3,9012,jpeg50,1507,manila:72,zurich:51,15.679996,36.1773
amman_query_1rZerb0T7z_1E7yKfEBCtA,isotropic,5678,jpeg50,1,amman:6,amman:6,15.680000,36.1773
amman_query_1rZerb0T7z_1E7yKfEBCtA,white_box,5678,jpeg50,317,boston:249,amman:6,15.679989,36.1773
amman_query_1rZerb0T7z_1E7yKfEBCtA,transfer_1,5678,jpeg50,7,boston:234,amman:6,15.679997,36.1773
amman_query_1rZerb0T7z_1E7yKfEBCtA,transfer_2,5678,jpeg50,3,boston:234,amman:6,15.679996,36.1773
amman_query_1rZerb0T7z_1E7yKfEBCtA,transfer_3,5678,jpeg50,18,boston:234,amman:6,15.680000,36.1773
amman_query_1rZerb0T7z_1E7yKfEBCtA,isotropic,9012,jpeg50,3,amman:18,amman:6,15.680000,36.1773
amman_query_1rZerb0T7z_1E7yKfEBCtA,white_box,9012,jpeg50,208,boston:234,amman:6,15.679998,36.1773
amman_query_1rZerb0T7z_1E7yKfEBCtA,transfer_1,9012,jpeg50,3,boston:234,amman:6,15.680000,36.1773
amman_query_1rZerb0T7z_1E7yKfEBCtA,transfer_2,9012,jpeg50,5,boston:234,amman:6,15.680000,36.1773
amman_query_1rZerb0T7z_1E7yKfEBCtA,transfer_3,9012,jpeg50,12,boston:234,amman:6,15.679997,36.1773
boston_query_-Phryua7d1FHhpGGfaEGcg,isotropic,5678,jpeg50,177,toronto:23,boston:47,15.680000,36.1773
boston_query_-Phryua7d1FHhpGGfaEGcg,white_box,5678,jpeg50,530,manila:106,boston:47,15.679997,36.1773
boston_query_-Phryua7d1FHhpGGfaEGcg,transfer_1,5678,jpeg50,194,toronto:23,boston:47,15.679996,36.1773
boston_query_-Phryua7d1FHhpGGfaEGcg,transfer_2,5678,jpeg50,318,boston:191,boston:47,15.679998,36.1773
boston_query_-Phryua7d1FHhpGGfaEGcg,transfer_3,5678,jpeg50,338,manila:13,boston:47,15.680000,36.1773
boston_query_-Phryua7d1FHhpGGfaEGcg,isotropic,9012,jpeg50,166,toronto:23,boston:47,15.680000,36.1773
boston_query_-Phryua7d1FHhpGGfaEGcg,white_box,9012,jpeg50,345,cph:245,boston:47,15.679998,36.1773
boston_query_-Phryua7d1FHhpGGfaEGcg,transfer_1,9012,jpeg50,194,manila:13,boston:47,15.679996,36.1773
boston_query_-Phryua7d1FHhpGGfaEGcg,transfer_2,9012,jpeg50,142,boston:191,boston:47,15.679997,36.1773
boston_query_-Phryua7d1FHhpGGfaEGcg,transfer_3,9012,jpeg50,331,toronto:23,boston:47,15.680002,36.1773
cph_query_-PRZAb6qxjSdDqzgOekgbg,isotropic,5678,jpeg50,1,cph:356,cph:356,15.680000,36.1773
cph_query_-PRZAb6qxjSdDqzgOekgbg,white_box,5678,jpeg50,23,toronto:27,cph:356,15.679998,36.1773
cph_query_-PRZAb6qxjSdDqzgOekgbg,transfer_1,5678,jpeg50,1,cph:356,cph:356,15.679992,36.1773
cph_query_-PRZAb6qxjSdDqzgOekgbg,transfer_2,5678,jpeg50,1,cph:356,cph:356,15.679993,36.1773
cph_query_-PRZAb6qxjSdDqzgOekgbg,transfer_3,5678,jpeg50,1,cph:356,cph:356,15.679997,36.1773
cph_query_-PRZAb6qxjSdDqzgOekgbg,isotropic,9012,jpeg50,1,cph:356,cph:356,15.679998,36.1773
cph_query_-PRZAb6qxjSdDqzgOekgbg,white_box,9012,jpeg50,12,toronto:27,cph:356,15.679993,36.1773
cph_query_-PRZAb6qxjSdDqzgOekgbg,transfer_1,9012,jpeg50,1,cph:356,cph:356,15.680002,36.1773
cph_query_-PRZAb6qxjSdDqzgOekgbg,transfer_2,9012,jpeg50,1,cph:356,cph:356,15.679997,36.1773
cph_query_-PRZAb6qxjSdDqzgOekgbg,transfer_3,9012,jpeg50,1,cph:356,cph:356,15.679998,36.1773
london_query_039iugtZTFguj-7UQyc-wg,isotropic,5678,jpeg50,6,london:119,london:71,15.680002,36.1773
london_query_039iugtZTFguj-7UQyc-wg,white_box,5678,jpeg50,26,boston:145,london:71,15.680005,36.1773
london_query_039iugtZTFguj-7UQyc-wg,transfer_1,5678,jpeg50,3,london:119,london:71,15.680005,36.1773
london_query_039iugtZTFguj-7UQyc-wg,transfer_2,5678,jpeg50,3,boston:249,london:71,15.680000,36.1773
london_query_039iugtZTFguj-7UQyc-wg,transfer_3,5678,jpeg50,9,cph:54,london:71,15.680000,36.1773
london_query_039iugtZTFguj-7UQyc-wg,isotropic,9012,jpeg50,5,london:2,london:71,15.679996,36.1773
london_query_039iugtZTFguj-7UQyc-wg,white_box,9012,jpeg50,14,amman:23,london:71,15.680001,36.1773
london_query_039iugtZTFguj-7UQyc-wg,transfer_1,9012,jpeg50,1,london:71,london:71,15.679997,36.1773
london_query_039iugtZTFguj-7UQyc-wg,transfer_2,9012,jpeg50,9,london:119,london:71,15.679997,36.1773
london_query_039iugtZTFguj-7UQyc-wg,transfer_3,9012,jpeg50,1,london:71,london:71,15.679995,36.1773
manila_query_-TrGJy3CeaXApOffGndlqg,isotropic,5678,jpeg50,83,manila:202,manila:41,15.680002,36.1773
manila_query_-TrGJy3CeaXApOffGndlqg,white_box,5678,jpeg50,89,manila:202,manila:41,15.680005,36.1773
manila_query_-TrGJy3CeaXApOffGndlqg,transfer_1,5678,jpeg50,79,manila:134,manila:41,15.680008,36.1773
manila_query_-TrGJy3CeaXApOffGndlqg,transfer_2,5678,jpeg50,195,manila:134,manila:41,15.679997,36.1773
manila_query_-TrGJy3CeaXApOffGndlqg,transfer_3,5678,jpeg50,217,manila:134,manila:41,15.679997,36.1773
manila_query_-TrGJy3CeaXApOffGndlqg,isotropic,9012,jpeg50,96,manila:202,manila:41,15.680001,36.1773
manila_query_-TrGJy3CeaXApOffGndlqg,white_box,9012,jpeg50,295,manila:202,manila:41,15.679992,36.1773
manila_query_-TrGJy3CeaXApOffGndlqg,transfer_1,9012,jpeg50,104,manila:134,manila:41,15.680001,36.1773
manila_query_-TrGJy3CeaXApOffGndlqg,transfer_2,9012,jpeg50,115,toronto:102,manila:41,15.680004,36.1773
manila_query_-TrGJy3CeaXApOffGndlqg,transfer_3,9012,jpeg50,250,toronto:102,manila:41,15.680005,36.1773
nairobi_query_38y5DGnb1BCdL2r_1MWELg,isotropic,5678,jpeg50,236,zurich:42,nairobi:5,15.679997,36.1773
nairobi_query_38y5DGnb1BCdL2r_1MWELg,white_box,5678,jpeg50,416,manila:92,nairobi:5,15.679997,36.1773
nairobi_query_38y5DGnb1BCdL2r_1MWELg,transfer_1,5678,jpeg50,215,zurich:42,nairobi:5,15.680000,36.1773
nairobi_query_38y5DGnb1BCdL2r_1MWELg,transfer_2,5678,jpeg50,223,zurich:42,nairobi:5,15.680005,36.1773
nairobi_query_38y5DGnb1BCdL2r_1MWELg,transfer_3,5678,jpeg50,131,cph:241,nairobi:5,15.680002,36.1773
nairobi_query_38y5DGnb1BCdL2r_1MWELg,isotropic,9012,jpeg50,122,zurich:42,nairobi:5,15.680002,36.1773
nairobi_query_38y5DGnb1BCdL2r_1MWELg,white_box,9012,jpeg50,441,manila:92,nairobi:5,15.679997,36.1773
nairobi_query_38y5DGnb1BCdL2r_1MWELg,transfer_1,9012,jpeg50,370,zurich:42,nairobi:5,15.680001,36.1773
nairobi_query_38y5DGnb1BCdL2r_1MWELg,transfer_2,9012,jpeg50,155,zurich:42,nairobi:5,15.679998,36.1773
nairobi_query_38y5DGnb1BCdL2r_1MWELg,transfer_3,9012,jpeg50,280,zurich:42,nairobi:5,15.679998,36.1773
toronto_query_-Iyv6ydukEfueu-CphPhwg,isotropic,5678,jpeg50,5,toronto:200,toronto:218,15.679997,36.1773
toronto_query_-Iyv6ydukEfueu-CphPhwg,white_box,5678,jpeg50,35,toronto:200,toronto:218,15.679996,36.1773
toronto_query_-Iyv6ydukEfueu-CphPhwg,transfer_1,5678,jpeg50,11,toronto:200,toronto:218,15.679997,36.1773
toronto_query_-Iyv6ydukEfueu-CphPhwg,transfer_2,5678,jpeg50,16,toronto:200,toronto:218,15.679998,36.1773
toronto_query_-Iyv6ydukEfueu-CphPhwg,transfer_3,5678,jpeg50,5,toronto:200,toronto:218,15.679997,36.1773
toronto_query_-Iyv6ydukEfueu-CphPhwg,isotropic,9012,jpeg50,5,toronto:200,toronto:218,15.680002,36.1773
toronto_query_-Iyv6ydukEfueu-CphPhwg,white_box,9012,jpeg50,30,toronto:200,toronto:218,15.680002,36.1773
toronto_query_-Iyv6ydukEfueu-CphPhwg,transfer_1,9012,jpeg50,15,toronto:200,toronto:218,15.680000,36.1773
toronto_query_-Iyv6ydukEfueu-CphPhwg,transfer_2,9012,jpeg50,13,toronto:200,toronto:218,15.680001,36.1773
toronto_query_-Iyv6ydukEfueu-CphPhwg,transfer_3,9012,jpeg50,6,toronto:200,toronto:218,15.679998,36.1773
zurich_query_0PrObi7NiUNPMe7_RDu2Ng,isotropic,5678,jpeg50,110,cph:243,zurich:46,15.680000,36.1773
zurich_query_0PrObi7NiUNPMe7_RDu2Ng,white_box,5678,jpeg50,1119,toronto:192,zurich:46,15.680000,36.1773
zurich_query_0PrObi7NiUNPMe7_RDu2Ng,transfer_1,5678,jpeg50,121,cph:429,zurich:46,15.679997,36.1773
zurich_query_0PrObi7NiUNPMe7_RDu2Ng,transfer_2,5678,jpeg50,130,cph:429,zurich:46,15.679997,36.1773
zurich_query_0PrObi7NiUNPMe7_RDu2Ng,transfer_3,5678,jpeg50,136,cph:464,zurich:46,15.679997,36.1773
zurich_query_0PrObi7NiUNPMe7_RDu2Ng,isotropic,9012,jpeg50,98,boston:249,zurich:46,15.680000,36.1773
zurich_query_0PrObi7NiUNPMe7_RDu2Ng,white_box,9012,jpeg50,1165,zurich:33,zurich:46,15.680005,36.1773
zurich_query_0PrObi7NiUNPMe7_RDu2Ng,transfer_1,9012,jpeg50,66,cph:429,zurich:46,15.680000,36.1773
zurich_query_0PrObi7NiUNPMe7_RDu2Ng,transfer_2,9012,jpeg50,79,cph:429,zurich:46,15.679996,36.1773
zurich_query_0PrObi7NiUNPMe7_RDu2Ng,transfer_3,9012,jpeg50,76,cph:429,zurich:46,15.680000,36.1773
amman_query_1uJbVMOMqlPVx4GYc2BgOA,isotropic,5678,jpeg50,45,amman:1,amman:15,15.679998,36.1773
amman_query_1uJbVMOMqlPVx4GYc2BgOA,white_box,5678,jpeg50,98,boston:171,amman:15,15.680000,36.1773
amman_query_1uJbVMOMqlPVx4GYc2BgOA,transfer_1,5678,jpeg50,118,amman:1,amman:15,15.680000,36.1773
amman_query_1uJbVMOMqlPVx4GYc2BgOA,transfer_2,5678,jpeg50,149,amman:1,amman:15,15.680005,36.1773
amman_query_1uJbVMOMqlPVx4GYc2BgOA,transfer_3,5678,jpeg50,48,amman:1,amman:15,15.680000,36.1773
amman_query_1uJbVMOMqlPVx4GYc2BgOA,isotropic,9012,jpeg50,102,amman:1,amman:15,15.680000,36.1773
amman_query_1uJbVMOMqlPVx4GYc2BgOA,white_box,9012,jpeg50,169,amman:1,amman:15,15.680005,36.1773
amman_query_1uJbVMOMqlPVx4GYc2BgOA,transfer_1,9012,jpeg50,133,amman:1,amman:15,15.679988,36.1773
amman_query_1uJbVMOMqlPVx4GYc2BgOA,transfer_2,9012,jpeg50,159,amman:1,amman:15,15.679998,36.1773
amman_query_1uJbVMOMqlPVx4GYc2BgOA,transfer_3,9012,jpeg50,57,amman:35,amman:15,15.679996,36.1773
boston_query_-Ptt76cqL8Ath-qW7aRUQw,isotropic,5678,jpeg50,1,boston:139,boston:139,15.680000,36.1773
boston_query_-Ptt76cqL8Ath-qW7aRUQw,white_box,5678,jpeg50,259,amman:35,boston:139,15.680002,36.1773
boston_query_-Ptt76cqL8Ath-qW7aRUQw,transfer_1,5678,jpeg50,1,boston:139,boston:139,15.679998,36.1773
boston_query_-Ptt76cqL8Ath-qW7aRUQw,transfer_2,5678,jpeg50,1,boston:139,boston:139,15.679997,36.1773
boston_query_-Ptt76cqL8Ath-qW7aRUQw,transfer_3,5678,jpeg50,2,boston:249,boston:139,15.680002,36.1773
boston_query_-Ptt76cqL8Ath-qW7aRUQw,isotropic,9012,jpeg50,1,boston:139,boston:139,15.679997,36.1773
boston_query_-Ptt76cqL8Ath-qW7aRUQw,white_box,9012,jpeg50,473,amman:35,boston:139,15.679997,36.1773
boston_query_-Ptt76cqL8Ath-qW7aRUQw,transfer_1,9012,jpeg50,1,boston:139,boston:139,15.679998,36.1773
boston_query_-Ptt76cqL8Ath-qW7aRUQw,transfer_2,9012,jpeg50,1,boston:139,boston:139,15.679997,36.1773
boston_query_-Ptt76cqL8Ath-qW7aRUQw,transfer_3,9012,jpeg50,3,boston:249,boston:139,15.679997,36.1773
cph_query_-Q4-mvnV6y-0yK62OXn-1w,isotropic,5678,jpeg50,1197,boston:90,cph:297,15.680000,36.1773
cph_query_-Q4-mvnV6y-0yK62OXn-1w,white_box,5678,jpeg50,1348,london:28,cph:297,15.680001,36.1773
cph_query_-Q4-mvnV6y-0yK62OXn-1w,transfer_1,5678,jpeg50,825,toronto:23,cph:297,15.679996,36.1773
cph_query_-Q4-mvnV6y-0yK62OXn-1w,transfer_2,5678,jpeg50,1071,toronto:23,cph:297,15.680001,36.1773
cph_query_-Q4-mvnV6y-0yK62OXn-1w,transfer_3,5678,jpeg50,836,toronto:23,cph:297,15.679998,36.1773
cph_query_-Q4-mvnV6y-0yK62OXn-1w,isotropic,9012,jpeg50,1068,boston:90,cph:297,15.680001,36.1773
cph_query_-Q4-mvnV6y-0yK62OXn-1w,white_box,9012,jpeg50,1394,manila:72,cph:297,15.680000,36.1773
cph_query_-Q4-mvnV6y-0yK62OXn-1w,transfer_1,9012,jpeg50,1356,toronto:23,cph:297,15.679998,36.1773
cph_query_-Q4-mvnV6y-0yK62OXn-1w,transfer_2,9012,jpeg50,992,toronto:23,cph:297,15.679997,36.1773
cph_query_-Q4-mvnV6y-0yK62OXn-1w,transfer_3,9012,jpeg50,817,toronto:23,cph:297,15.679995,36.1773
london_query_03BhnvDRczArNBQm0Qu0tQ,isotropic,5678,jpeg50,1,london:122,london:122,15.680000,36.1773
london_query_03BhnvDRczArNBQm0Qu0tQ,white_box,5678,jpeg50,129,cph:464,london:122,15.679997,36.1773
london_query_03BhnvDRczArNBQm0Qu0tQ,transfer_1,5678,jpeg50,33,toronto:23,london:122,15.680002,36.1773
london_query_03BhnvDRczArNBQm0Qu0tQ,transfer_2,5678,jpeg50,2,toronto:23,london:122,15.679998,36.1773
london_query_03BhnvDRczArNBQm0Qu0tQ,transfer_3,5678,jpeg50,25,boston:90,london:122,15.679997,36.1773
london_query_03BhnvDRczArNBQm0Qu0tQ,isotropic,9012,jpeg50,4,boston:90,london:122,15.679997,36.1773
london_query_03BhnvDRczArNBQm0Qu0tQ,white_box,9012,jpeg50,315,manila:190,london:122,15.679998,36.1773
london_query_03BhnvDRczArNBQm0Qu0tQ,transfer_1,9012,jpeg50,1,london:122,london:122,15.679995,36.1773
london_query_03BhnvDRczArNBQm0Qu0tQ,transfer_2,9012,jpeg50,5,toronto:23,london:122,15.680000,36.1773
london_query_03BhnvDRczArNBQm0Qu0tQ,transfer_3,9012,jpeg50,39,boston:90,london:122,15.679997,36.1773
manila_query_-Tvw2ZcjPmZrmxcJ3PNHwQ,isotropic,5678,jpeg50,1,manila:33,manila:33,15.680000,36.1773
manila_query_-Tvw2ZcjPmZrmxcJ3PNHwQ,white_box,5678,jpeg50,15,boston:262,manila:33,15.679998,36.1773
manila_query_-Tvw2ZcjPmZrmxcJ3PNHwQ,transfer_1,5678,jpeg50,1,manila:33,manila:33,15.680002,36.1773
manila_query_-Tvw2ZcjPmZrmxcJ3PNHwQ,transfer_2,5678,jpeg50,2,manila:190,manila:33,15.680000,36.1773
manila_query_-Tvw2ZcjPmZrmxcJ3PNHwQ,transfer_3,5678,jpeg50,3,cph:464,manila:33,15.680000,36.1773
manila_query_-Tvw2ZcjPmZrmxcJ3PNHwQ,isotropic,9012,jpeg50,1,manila:33,manila:33,15.680000,36.1773
manila_query_-Tvw2ZcjPmZrmxcJ3PNHwQ,white_box,9012,jpeg50,23,boston:262,manila:33,15.680000,36.1773
manila_query_-Tvw2ZcjPmZrmxcJ3PNHwQ,transfer_1,9012,jpeg50,1,manila:33,manila:33,15.680000,36.1773
manila_query_-Tvw2ZcjPmZrmxcJ3PNHwQ,transfer_2,9012,jpeg50,1,manila:33,manila:33,15.680005,36.1773
manila_query_-Tvw2ZcjPmZrmxcJ3PNHwQ,transfer_3,9012,jpeg50,3,cph:464,manila:33,15.679997,36.1773
nairobi_query_3BfqchD1dC_R_VKSm6NXMQ,isotropic,5678,jpeg50,29,amman:21,nairobi:20,15.679997,36.1773
nairobi_query_3BfqchD1dC_R_VKSm6NXMQ,white_box,5678,jpeg50,920,amman:6,nairobi:20,15.680005,36.1773
nairobi_query_3BfqchD1dC_R_VKSm6NXMQ,transfer_1,5678,jpeg50,18,amman:21,nairobi:20,15.680012,36.1773
nairobi_query_3BfqchD1dC_R_VKSm6NXMQ,transfer_2,5678,jpeg50,23,amman:23,nairobi:20,15.679997,36.1773
nairobi_query_3BfqchD1dC_R_VKSm6NXMQ,transfer_3,5678,jpeg50,93,amman:23,nairobi:20,15.679996,36.1773
nairobi_query_3BfqchD1dC_R_VKSm6NXMQ,isotropic,9012,jpeg50,36,amman:23,nairobi:20,15.680000,36.1773
nairobi_query_3BfqchD1dC_R_VKSm6NXMQ,white_box,9012,jpeg50,883,amman:6,nairobi:20,15.679997,36.1773
nairobi_query_3BfqchD1dC_R_VKSm6NXMQ,transfer_1,9012,jpeg50,19,amman:23,nairobi:20,15.679995,36.1773
nairobi_query_3BfqchD1dC_R_VKSm6NXMQ,transfer_2,9012,jpeg50,13,boston:144,nairobi:20,15.680000,36.1773
nairobi_query_3BfqchD1dC_R_VKSm6NXMQ,transfer_3,9012,jpeg50,90,amman:23,nairobi:20,15.680004,36.1773
toronto_query_-J6MOLqIZtzsA-CH6ie5Cg,isotropic,5678,jpeg50,39,cph:94,toronto:101,15.680002,36.1773
toronto_query_-J6MOLqIZtzsA-CH6ie5Cg,white_box,5678,jpeg50,128,london:34,toronto:101,15.680000,36.1773
toronto_query_-J6MOLqIZtzsA-CH6ie5Cg,transfer_1,5678,jpeg50,51,cph:370,toronto:101,15.679997,36.1773
toronto_query_-J6MOLqIZtzsA-CH6ie5Cg,transfer_2,5678,jpeg50,88,cph:370,toronto:101,15.680000,36.1773
toronto_query_-J6MOLqIZtzsA-CH6ie5Cg,transfer_3,5678,jpeg50,52,cph:370,toronto:101,15.679998,36.1773
toronto_query_-J6MOLqIZtzsA-CH6ie5Cg,isotropic,9012,jpeg50,40,cph:370,toronto:101,15.679996,36.1773
toronto_query_-J6MOLqIZtzsA-CH6ie5Cg,white_box,9012,jpeg50,156,london:34,toronto:101,15.680000,36.1773
toronto_query_-J6MOLqIZtzsA-CH6ie5Cg,transfer_1,9012,jpeg50,51,cph:370,toronto:101,15.679997,36.1773
toronto_query_-J6MOLqIZtzsA-CH6ie5Cg,transfer_2,9012,jpeg50,60,cph:370,toronto:101,15.680001,36.1773
toronto_query_-J6MOLqIZtzsA-CH6ie5Cg,transfer_3,9012,jpeg50,40,cph:370,toronto:101,15.679997,36.1773
zurich_query_0Spj-pWISRRStxENII8G4A,isotropic,5678,jpeg50,137,boston:47,zurich:61,15.679997,36.1773
zurich_query_0Spj-pWISRRStxENII8G4A,white_box,5678,jpeg50,724,zurich:38,zurich:61,15.679997,36.1773
zurich_query_0Spj-pWISRRStxENII8G4A,transfer_1,5678,jpeg50,174,boston:47,zurich:61,15.680001,36.1773
zurich_query_0Spj-pWISRRStxENII8G4A,transfer_2,5678,jpeg50,202,boston:47,zurich:61,15.680000,36.1773
zurich_query_0Spj-pWISRRStxENII8G4A,transfer_3,5678,jpeg50,191,zurich:23,zurich:61,15.680000,36.1773
zurich_query_0Spj-pWISRRStxENII8G4A,isotropic,9012,jpeg50,137,boston:47,zurich:61,15.679998,36.1773
zurich_query_0Spj-pWISRRStxENII8G4A,white_box,9012,jpeg50,783,boston:47,zurich:61,15.680004,36.1773
zurich_query_0Spj-pWISRRStxENII8G4A,transfer_1,9012,jpeg50,215,zurich:51,zurich:61,15.680001,36.1773
zurich_query_0Spj-pWISRRStxENII8G4A,transfer_2,9012,jpeg50,171,boston:47,zurich:61,15.679996,36.1773
zurich_query_0Spj-pWISRRStxENII8G4A,transfer_3,9012,jpeg50,230,zurich:23,zurich:61,15.679996,36.1773
amman_query_23YO5CD18Cg_wG_ZhqhbQQ,isotropic,5678,jpeg50,85,zurich:19,amman:23,15.680000,36.1773
amman_query_23YO5CD18Cg_wG_ZhqhbQQ,white_box,5678,jpeg50,214,amman:0,amman:23,15.679998,36.1773
amman_query_23YO5CD18Cg_wG_ZhqhbQQ,transfer_1,5678,jpeg50,107,zurich:19,amman:23,15.680000,36.1773
amman_query_23YO5CD18Cg_wG_ZhqhbQQ,transfer_2,5678,jpeg50,191,zurich:19,amman:23,15.679997,36.1773
amman_query_23YO5CD18Cg_wG_ZhqhbQQ,transfer_3,5678,jpeg50,108,zurich:19,amman:23,15.679998,36.1773
amman_query_23YO5CD18Cg_wG_ZhqhbQQ,isotropic,9012,jpeg50,98,zurich:19,amman:23,15.679998,36.1773
amman_query_23YO5CD18Cg_wG_ZhqhbQQ,white_box,9012,jpeg50,198,zurich:19,amman:23,15.679998,36.1773
amman_query_23YO5CD18Cg_wG_ZhqhbQQ,transfer_1,9012,jpeg50,183,zurich:19,amman:23,15.679992,36.1773
amman_query_23YO5CD18Cg_wG_ZhqhbQQ,transfer_2,9012,jpeg50,137,zurich:19,amman:23,15.680000,36.1773
amman_query_23YO5CD18Cg_wG_ZhqhbQQ,transfer_3,9012,jpeg50,135,zurich:19,amman:23,15.679998,36.1773
boston_query_-RyJCN_Rrfvr2l9jqadkcQ,isotropic,5678,jpeg50,1,boston:239,boston:239,15.680000,36.1773
boston_query_-RyJCN_Rrfvr2l9jqadkcQ,white_box,5678,jpeg50,276,manila:29,boston:239,15.679998,36.1773
boston_query_-RyJCN_Rrfvr2l9jqadkcQ,transfer_1,5678,jpeg50,1,boston:239,boston:239,15.679997,36.1773
boston_query_-RyJCN_Rrfvr2l9jqadkcQ,transfer_2,5678,jpeg50,1,boston:239,boston:239,15.679997,36.1773
boston_query_-RyJCN_Rrfvr2l9jqadkcQ,transfer_3,5678,jpeg50,1,boston:239,boston:239,15.680001,36.1773
boston_query_-RyJCN_Rrfvr2l9jqadkcQ,isotropic,9012,jpeg50,1,boston:239,boston:239,15.680000,36.1773
boston_query_-RyJCN_Rrfvr2l9jqadkcQ,white_box,9012,jpeg50,128,manila:29,boston:239,15.679997,36.1773
boston_query_-RyJCN_Rrfvr2l9jqadkcQ,transfer_1,9012,jpeg50,1,boston:239,boston:239,15.680000,36.1773
boston_query_-RyJCN_Rrfvr2l9jqadkcQ,transfer_2,9012,jpeg50,1,boston:239,boston:239,15.679997,36.1773
boston_query_-RyJCN_Rrfvr2l9jqadkcQ,transfer_3,9012,jpeg50,3,manila:29,boston:239,15.679997,36.1773
cph_query_-Q7samX2RjJwU9xiKFxpug,isotropic,5678,jpeg50,1,cph:175,cph:175,15.679998,36.1773
cph_query_-Q7samX2RjJwU9xiKFxpug,white_box,5678,jpeg50,41,manila:177,cph:175,15.680001,36.1773
cph_query_-Q7samX2RjJwU9xiKFxpug,transfer_1,5678,jpeg50,2,boston:216,cph:175,15.680000,36.1773
cph_query_-Q7samX2RjJwU9xiKFxpug,transfer_2,5678,jpeg50,1,cph:175,cph:175,15.679996,36.1773
cph_query_-Q7samX2RjJwU9xiKFxpug,transfer_3,5678,jpeg50,3,cph:96,cph:175,15.679996,36.1773
cph_query_-Q7samX2RjJwU9xiKFxpug,isotropic,9012,jpeg50,1,cph:175,cph:175,15.679998,36.1773
cph_query_-Q7samX2RjJwU9xiKFxpug,white_box,9012,jpeg50,69,manila:177,cph:175,15.679997,36.1773
cph_query_-Q7samX2RjJwU9xiKFxpug,transfer_1,9012,jpeg50,1,cph:175,cph:175,15.680000,36.1773
cph_query_-Q7samX2RjJwU9xiKFxpug,transfer_2,9012,jpeg50,1,cph:175,cph:175,15.679995,36.1773
cph_query_-Q7samX2RjJwU9xiKFxpug,transfer_3,9012,jpeg50,3,cph:96,cph:175,15.680005,36.1773
london_query_03VxrSUHoB-y1D50kXwi8g,isotropic,5678,jpeg50,1,london:131,london:131,15.679998,36.1773
london_query_03VxrSUHoB-y1D50kXwi8g,white_box,5678,jpeg50,12,london:125,london:131,15.680000,36.1773
london_query_03VxrSUHoB-y1D50kXwi8g,transfer_1,5678,jpeg50,1,london:131,london:131,15.680000,36.1773
london_query_03VxrSUHoB-y1D50kXwi8g,transfer_2,5678,jpeg50,1,london:131,london:131,15.679995,36.1773
london_query_03VxrSUHoB-y1D50kXwi8g,transfer_3,5678,jpeg50,1,london:131,london:131,15.680008,36.1773
london_query_03VxrSUHoB-y1D50kXwi8g,isotropic,9012,jpeg50,1,london:131,london:131,15.679998,36.1773
london_query_03VxrSUHoB-y1D50kXwi8g,white_box,9012,jpeg50,8,cph:342,london:131,15.679996,36.1773
london_query_03VxrSUHoB-y1D50kXwi8g,transfer_1,9012,jpeg50,1,london:131,london:131,15.679989,36.1773
london_query_03VxrSUHoB-y1D50kXwi8g,transfer_2,9012,jpeg50,1,london:131,london:131,15.680000,36.1773
london_query_03VxrSUHoB-y1D50kXwi8g,transfer_3,9012,jpeg50,1,london:131,london:131,15.680000,36.1773
manila_query_-WlvwRIHM8K9xtN_z0FAGg,isotropic,5678,jpeg50,6,manila:89,manila:153,15.679997,36.1773
manila_query_-WlvwRIHM8K9xtN_z0FAGg,white_box,5678,jpeg50,19,boston:123,manila:153,15.679995,36.1773
manila_query_-WlvwRIHM8K9xtN_z0FAGg,transfer_1,5678,jpeg50,6,manila:89,manila:153,15.680002,36.1773
manila_query_-WlvwRIHM8K9xtN_z0FAGg,transfer_2,5678,jpeg50,18,manila:89,manila:153,15.680000,36.1773
manila_query_-WlvwRIHM8K9xtN_z0FAGg,transfer_3,5678,jpeg50,4,manila:89,manila:153,15.680004,36.1773
manila_query_-WlvwRIHM8K9xtN_z0FAGg,isotropic,9012,jpeg50,9,manila:89,manila:153,15.679998,36.1773
manila_query_-WlvwRIHM8K9xtN_z0FAGg,white_box,9012,jpeg50,18,toronto:346,manila:153,15.680000,36.1773
manila_query_-WlvwRIHM8K9xtN_z0FAGg,transfer_1,9012,jpeg50,8,boston:191,manila:153,15.679995,36.1773
manila_query_-WlvwRIHM8K9xtN_z0FAGg,transfer_2,9012,jpeg50,15,manila:89,manila:153,15.680000,36.1773
manila_query_-WlvwRIHM8K9xtN_z0FAGg,transfer_3,9012,jpeg50,6,manila:89,manila:153,15.680000,36.1773
nairobi_query_3Rln3I-knaHBGe7xAH2I_Q,isotropic,5678,jpeg50,59,amman:1,nairobi:12,15.680000,36.1773
nairobi_query_3Rln3I-knaHBGe7xAH2I_Q,white_box,5678,jpeg50,1,nairobi:12,nairobi:12,15.680000,36.1773
nairobi_query_3Rln3I-knaHBGe7xAH2I_Q,transfer_1,5678,jpeg50,33,amman:1,nairobi:12,15.680002,36.1773
nairobi_query_3Rln3I-knaHBGe7xAH2I_Q,transfer_2,5678,jpeg50,61,amman:1,nairobi:12,15.679997,36.1773
nairobi_query_3Rln3I-knaHBGe7xAH2I_Q,transfer_3,5678,jpeg50,46,amman:1,nairobi:12,15.679998,36.1773
nairobi_query_3Rln3I-knaHBGe7xAH2I_Q,isotropic,9012,jpeg50,49,amman:1,nairobi:12,15.680000,36.1773
nairobi_query_3Rln3I-knaHBGe7xAH2I_Q,white_box,9012,jpeg50,1,nairobi:12,nairobi:12,15.680000,36.1773
nairobi_query_3Rln3I-knaHBGe7xAH2I_Q,transfer_1,9012,jpeg50,105,amman:1,nairobi:12,15.679997,36.1773
nairobi_query_3Rln3I-knaHBGe7xAH2I_Q,transfer_2,9012,jpeg50,127,amman:1,nairobi:12,15.679997,36.1773
nairobi_query_3Rln3I-knaHBGe7xAH2I_Q,transfer_3,9012,jpeg50,88,amman:1,nairobi:12,15.680000,36.1773
toronto_query_-JY9Ip12RNDaK_geCga4LA,isotropic,5678,jpeg50,120,toronto:23,toronto:192,15.680000,36.1773
toronto_query_-JY9Ip12RNDaK_geCga4LA,white_box,5678,jpeg50,817,toronto:23,toronto:192,15.679995,36.1773
toronto_query_-JY9Ip12RNDaK_geCga4LA,transfer_1,5678,jpeg50,91,manila:88,toronto:192,15.679998,36.1773
toronto_query_-JY9Ip12RNDaK_geCga4LA,transfer_2,5678,jpeg50,305,toronto:23,toronto:192,15.679997,36.1773
toronto_query_-JY9Ip12RNDaK_geCga4LA,transfer_3,5678,jpeg50,250,toronto:23,toronto:192,15.679993,36.1773
toronto_query_-JY9Ip12RNDaK_geCga4LA,isotropic,9012,jpeg50,112,toronto:23,toronto:192,15.680000,36.1773
toronto_query_-JY9Ip12RNDaK_geCga4LA,white_box,9012,jpeg50,724,toronto:23,toronto:192,15.679998,36.1773
toronto_query_-JY9Ip12RNDaK_geCga4LA,transfer_1,9012,jpeg50,129,toronto:23,toronto:192,15.679997,36.1773
toronto_query_-JY9Ip12RNDaK_geCga4LA,transfer_2,9012,jpeg50,321,toronto:23,toronto:192,15.680000,36.1773
toronto_query_-JY9Ip12RNDaK_geCga4LA,transfer_3,9012,jpeg50,421,toronto:23,toronto:192,15.680001,36.1773
zurich_query_0UfO0g5oR-GfH12twjOIuw,isotropic,5678,jpeg50,36,boston:206,zurich:94,15.680000,36.1773
zurich_query_0UfO0g5oR-GfH12twjOIuw,white_box,5678,jpeg50,1224,amman:29,zurich:94,15.680005,36.1773
zurich_query_0UfO0g5oR-GfH12twjOIuw,transfer_1,5678,jpeg50,44,boston:249,zurich:94,15.680000,36.1773
zurich_query_0UfO0g5oR-GfH12twjOIuw,transfer_2,5678,jpeg50,122,boston:249,zurich:94,15.679992,36.1773
zurich_query_0UfO0g5oR-GfH12twjOIuw,transfer_3,5678,jpeg50,99,boston:249,zurich:94,15.679998,36.1773
zurich_query_0UfO0g5oR-GfH12twjOIuw,isotropic,9012,jpeg50,78,boston:206,zurich:94,15.679998,36.1773
zurich_query_0UfO0g5oR-GfH12twjOIuw,white_box,9012,jpeg50,772,amman:29,zurich:94,15.679995,36.1773
zurich_query_0UfO0g5oR-GfH12twjOIuw,transfer_1,9012,jpeg50,27,cph:395,zurich:94,15.680000,36.1773
zurich_query_0UfO0g5oR-GfH12twjOIuw,transfer_2,9012,jpeg50,56,boston:249,zurich:94,15.679997,36.1773
zurich_query_0UfO0g5oR-GfH12twjOIuw,transfer_3,9012,jpeg50,86,boston:249,zurich:94,15.680005,36.1773
amman_query_27ZYHE_-tdmKbq7gUW9ECA,isotropic,5678,jpeg50,1,amman:21,amman:21,15.679998,36.1773
amman_query_27ZYHE_-tdmKbq7gUW9ECA,white_box,5678,jpeg50,8,zurich:19,amman:21,15.680008,36.1773
amman_query_27ZYHE_-tdmKbq7gUW9ECA,transfer_1,5678,jpeg50,1,amman:21,amman:21,15.679992,36.1773
amman_query_27ZYHE_-tdmKbq7gUW9ECA,transfer_2,5678,jpeg50,2,amman:25,amman:21,15.680004,36.1773
amman_query_27ZYHE_-tdmKbq7gUW9ECA,transfer_3,5678,jpeg50,1,amman:21,amman:21,15.680002,36.1773
amman_query_27ZYHE_-tdmKbq7gUW9ECA,isotropic,9012,jpeg50,1,amman:21,amman:21,15.679997,36.1773
amman_query_27ZYHE_-tdmKbq7gUW9ECA,white_box,9012,jpeg50,6,zurich:19,amman:21,15.679997,36.1773
amman_query_27ZYHE_-tdmKbq7gUW9ECA,transfer_1,9012,jpeg50,1,amman:21,amman:21,15.679998,36.1773
amman_query_27ZYHE_-tdmKbq7gUW9ECA,transfer_2,9012,jpeg50,1,amman:21,amman:21,15.679995,36.1773
amman_query_27ZYHE_-tdmKbq7gUW9ECA,transfer_3,9012,jpeg50,2,amman:25,amman:21,15.680000,36.1773
boston_query_-TMAMMmIqQ4AQA3YI-YOHg,isotropic,5678,jpeg50,68,boston:210,boston:206,15.679997,36.1773
boston_query_-TMAMMmIqQ4AQA3YI-YOHg,white_box,5678,jpeg50,25,boston:210,boston:206,15.679998,36.1773
boston_query_-TMAMMmIqQ4AQA3YI-YOHg,transfer_1,5678,jpeg50,83,boston:210,boston:206,15.679996,36.1773
boston_query_-TMAMMmIqQ4AQA3YI-YOHg,transfer_2,5678,jpeg50,44,boston:210,boston:206,15.679993,36.1773
boston_query_-TMAMMmIqQ4AQA3YI-YOHg,transfer_3,5678,jpeg50,52,boston:210,boston:206,15.680001,36.1773
boston_query_-TMAMMmIqQ4AQA3YI-YOHg,isotropic,9012,jpeg50,66,boston:210,boston:206,15.679997,36.1773
boston_query_-TMAMMmIqQ4AQA3YI-YOHg,white_box,9012,jpeg50,36,manila:140,boston:206,15.679998,36.1773
boston_query_-TMAMMmIqQ4AQA3YI-YOHg,transfer_1,9012,jpeg50,60,boston:210,boston:206,15.680005,36.1773
boston_query_-TMAMMmIqQ4AQA3YI-YOHg,transfer_2,9012,jpeg50,41,boston:210,boston:206,15.680000,36.1773
boston_query_-TMAMMmIqQ4AQA3YI-YOHg,transfer_3,9012,jpeg50,59,boston:210,boston:206,15.679998,36.1773
cph_query_-R9cTkYMNbXlglFeWCXtMg,isotropic,5678,jpeg50,273,boston:90,cph:429,15.679997,36.1773
cph_query_-R9cTkYMNbXlglFeWCXtMg,white_box,5678,jpeg50,679,boston:235,cph:429,15.679998,36.1773
cph_query_-R9cTkYMNbXlglFeWCXtMg,transfer_1,5678,jpeg50,611,boston:123,cph:429,15.680000,36.1773
cph_query_-R9cTkYMNbXlglFeWCXtMg,transfer_2,5678,jpeg50,714,boston:123,cph:429,15.679995,36.1773
cph_query_-R9cTkYMNbXlglFeWCXtMg,transfer_3,5678,jpeg50,334,boston:123,cph:429,15.680004,36.1773
cph_query_-R9cTkYMNbXlglFeWCXtMg,isotropic,9012,jpeg50,267,manila:89,cph:429,15.680000,36.1773
cph_query_-R9cTkYMNbXlglFeWCXtMg,white_box,9012,jpeg50,803,london:85,cph:429,15.679998,36.1773
cph_query_-R9cTkYMNbXlglFeWCXtMg,transfer_1,9012,jpeg50,604,boston:123,cph:429,15.679997,36.1773
cph_query_-R9cTkYMNbXlglFeWCXtMg,transfer_2,9012,jpeg50,880,boston:90,cph:429,15.679998,36.1773
cph_query_-R9cTkYMNbXlglFeWCXtMg,transfer_3,9012,jpeg50,655,boston:123,cph:429,15.680001,36.1773
london_query_06tRsqVA7nx5PgabbPdu4w,isotropic,5678,jpeg50,29,manila:33,london:119,15.679998,36.1773
london_query_06tRsqVA7nx5PgabbPdu4w,white_box,5678,jpeg50,188,zurich:60,london:119,15.679997,36.1773
london_query_06tRsqVA7nx5PgabbPdu4w,transfer_1,5678,jpeg50,64,manila:33,london:119,15.679996,36.1773
london_query_06tRsqVA7nx5PgabbPdu4w,transfer_2,5678,jpeg50,120,zurich:109,london:119,15.680000,36.1773
london_query_06tRsqVA7nx5PgabbPdu4w,transfer_3,5678,jpeg50,140,zurich:109,london:119,15.680002,36.1773
london_query_06tRsqVA7nx5PgabbPdu4w,isotropic,9012,jpeg50,60,manila:33,london:119,15.680001,36.1773
london_query_06tRsqVA7nx5PgabbPdu4w,white_box,9012,jpeg50,218,zurich:60,london:119,15.680000,36.1773
london_query_06tRsqVA7nx5PgabbPdu4w,transfer_1,9012,jpeg50,58,manila:33,london:119,15.679998,36.1773
london_query_06tRsqVA7nx5PgabbPdu4w,transfer_2,9012,jpeg50,143,manila:33,london:119,15.679998,36.1773
london_query_06tRsqVA7nx5PgabbPdu4w,transfer_3,9012,jpeg50,241,toronto:23,london:119,15.680000,36.1773
manila_query_-WuLHZxOTWuUgVSb36RTng,isotropic,5678,jpeg50,192,manila:33,manila:132,15.679998,36.1773
manila_query_-WuLHZxOTWuUgVSb36RTng,white_box,5678,jpeg50,43,toronto:55,manila:132,15.679997,36.1773
manila_query_-WuLHZxOTWuUgVSb36RTng,transfer_1,5678,jpeg50,125,manila:46,manila:132,15.679993,36.1773
manila_query_-WuLHZxOTWuUgVSb36RTng,transfer_2,5678,jpeg50,175,manila:33,manila:132,15.680000,36.1773
manila_query_-WuLHZxOTWuUgVSb36RTng,transfer_3,5678,jpeg50,140,zurich:42,manila:132,15.680000,36.1773
manila_query_-WuLHZxOTWuUgVSb36RTng,isotropic,9012,jpeg50,216,manila:33,manila:132,15.680000,36.1773
manila_query_-WuLHZxOTWuUgVSb36RTng,white_box,9012,jpeg50,61,toronto:55,manila:132,15.679997,36.1773
manila_query_-WuLHZxOTWuUgVSb36RTng,transfer_1,9012,jpeg50,130,manila:33,manila:132,15.679998,36.1773
manila_query_-WuLHZxOTWuUgVSb36RTng,transfer_2,9012,jpeg50,265,manila:33,manila:132,15.679997,36.1773
manila_query_-WuLHZxOTWuUgVSb36RTng,transfer_3,9012,jpeg50,156,manila:33,manila:132,15.680001,36.1773
nairobi_query_3Thql5xEy0LYu4bdux1icw,isotropic,5678,jpeg50,22,amman:32,nairobi:18,15.679998,36.1773
nairobi_query_3Thql5xEy0LYu4bdux1icw,white_box,5678,jpeg50,237,toronto:346,nairobi:18,15.679997,36.1773
nairobi_query_3Thql5xEy0LYu4bdux1icw,transfer_1,5678,jpeg50,9,amman:32,nairobi:18,15.679998,36.1773
nairobi_query_3Thql5xEy0LYu4bdux1icw,transfer_2,5678,jpeg50,7,nairobi:22,nairobi:18,15.680009,36.1773
nairobi_query_3Thql5xEy0LYu4bdux1icw,transfer_3,5678,jpeg50,109,toronto:301,nairobi:18,15.680000,36.1773
nairobi_query_3Thql5xEy0LYu4bdux1icw,isotropic,9012,jpeg50,14,nairobi:22,nairobi:18,15.679997,36.1773
nairobi_query_3Thql5xEy0LYu4bdux1icw,white_box,9012,jpeg50,301,amman:32,nairobi:18,15.679992,36.1773
nairobi_query_3Thql5xEy0LYu4bdux1icw,transfer_1,9012,jpeg50,4,amman:32,nairobi:18,15.680000,36.1773
nairobi_query_3Thql5xEy0LYu4bdux1icw,transfer_2,9012,jpeg50,8,amman:32,nairobi:18,15.680001,36.1773
nairobi_query_3Thql5xEy0LYu4bdux1icw,transfer_3,9012,jpeg50,75,amman:32,nairobi:18,15.680001,36.1773
toronto_query_-K6Ci0V3ZYp50_DrMghntA,isotropic,5678,jpeg50,1,toronto:103,toronto:103,15.680000,36.1773
toronto_query_-K6Ci0V3ZYp50_DrMghntA,white_box,5678,jpeg50,1,toronto:103,toronto:103,15.680000,36.1773
toronto_query_-K6Ci0V3ZYp50_DrMghntA,transfer_1,5678,jpeg50,2,manila:33,toronto:103,15.680000,36.1773
toronto_query_-K6Ci0V3ZYp50_DrMghntA,transfer_2,5678,jpeg50,1,toronto:103,toronto:103,15.680000,36.1773
toronto_query_-K6Ci0V3ZYp50_DrMghntA,transfer_3,5678,jpeg50,1,toronto:103,toronto:103,15.679993,36.1773
toronto_query_-K6Ci0V3ZYp50_DrMghntA,isotropic,9012,jpeg50,1,toronto:103,toronto:103,15.679998,36.1773
toronto_query_-K6Ci0V3ZYp50_DrMghntA,white_box,9012,jpeg50,1,toronto:103,toronto:103,15.680000,36.1773
toronto_query_-K6Ci0V3ZYp50_DrMghntA,transfer_1,9012,jpeg50,1,toronto:103,toronto:103,15.680000,36.1773
toronto_query_-K6Ci0V3ZYp50_DrMghntA,transfer_2,9012,jpeg50,1,toronto:103,toronto:103,15.680000,36.1773
toronto_query_-K6Ci0V3ZYp50_DrMghntA,transfer_3,9012,jpeg50,1,toronto:103,toronto:103,15.679998,36.1773
zurich_query_0W_6dskxdNPlCJnX9EhmZA,isotropic,5678,jpeg50,3,cph:464,zurich:33,15.680000,36.1773
zurich_query_0W_6dskxdNPlCJnX9EhmZA,white_box,5678,jpeg50,40,cph:464,zurich:33,15.680000,36.1773
zurich_query_0W_6dskxdNPlCJnX9EhmZA,transfer_1,5678,jpeg50,5,cph:464,zurich:33,15.679998,36.1773
zurich_query_0W_6dskxdNPlCJnX9EhmZA,transfer_2,5678,jpeg50,6,cph:464,zurich:33,15.680001,36.1773
zurich_query_0W_6dskxdNPlCJnX9EhmZA,transfer_3,5678,jpeg50,2,cph:464,zurich:33,15.679996,36.1773
zurich_query_0W_6dskxdNPlCJnX9EhmZA,isotropic,9012,jpeg50,3,cph:464,zurich:33,15.679997,36.1773
zurich_query_0W_6dskxdNPlCJnX9EhmZA,white_box,9012,jpeg50,27,zurich:22,zurich:33,15.680000,36.1773
zurich_query_0W_6dskxdNPlCJnX9EhmZA,transfer_1,9012,jpeg50,5,cph:464,zurich:33,15.680002,36.1773
zurich_query_0W_6dskxdNPlCJnX9EhmZA,transfer_2,9012,jpeg50,8,cph:464,zurich:33,15.679998,36.1773
zurich_query_0W_6dskxdNPlCJnX9EhmZA,transfer_3,9012,jpeg50,5,cph:464,zurich:33,15.680000,36.1773
amman_query_29zY5U3MUbO3wTjTTKF93w,isotropic,5678,jpeg50,1,amman:22,amman:22,15.679998,36.1773
amman_query_29zY5U3MUbO3wTjTTKF93w,white_box,5678,jpeg50,1,amman:22,amman:22,15.679996,36.1773
amman_query_29zY5U3MUbO3wTjTTKF93w,transfer_1,5678,jpeg50,1,amman:22,amman:22,15.680005,36.1773
amman_query_29zY5U3MUbO3wTjTTKF93w,transfer_2,5678,jpeg50,1,amman:22,amman:22,15.679998,36.1773
amman_query_29zY5U3MUbO3wTjTTKF93w,transfer_3,5678,jpeg50,1,amman:22,amman:22,15.680000,36.1773
amman_query_29zY5U3MUbO3wTjTTKF93w,isotropic,9012,jpeg50,1,amman:22,amman:22,15.680000,36.1773
amman_query_29zY5U3MUbO3wTjTTKF93w,white_box,9012,jpeg50,1,amman:22,amman:22,15.680000,36.1773
amman_query_29zY5U3MUbO3wTjTTKF93w,transfer_1,9012,jpeg50,1,amman:22,amman:22,15.680000,36.1773
amman_query_29zY5U3MUbO3wTjTTKF93w,transfer_2,9012,jpeg50,1,amman:22,amman:22,15.680008,36.1773
amman_query_29zY5U3MUbO3wTjTTKF93w,transfer_3,9012,jpeg50,1,amman:22,amman:22,15.679997,36.1773
boston_query_-U0JJudMztDrvqfppyEl9A,isotropic,5678,jpeg50,5,boston:47,boston:87,15.680000,36.1773
boston_query_-U0JJudMztDrvqfppyEl9A,white_box,5678,jpeg50,115,zurich:38,boston:87,15.680000,36.1773
boston_query_-U0JJudMztDrvqfppyEl9A,transfer_1,5678,jpeg50,4,boston:47,boston:87,15.679998,36.1773
boston_query_-U0JJudMztDrvqfppyEl9A,transfer_2,5678,jpeg50,3,boston:139,boston:87,15.679997,36.1773
boston_query_-U0JJudMztDrvqfppyEl9A,transfer_3,5678,jpeg50,9,boston:47,boston:87,15.679998,36.1773
boston_query_-U0JJudMztDrvqfppyEl9A,isotropic,9012,jpeg50,5,boston:47,boston:87,15.680000,36.1773
boston_query_-U0JJudMztDrvqfppyEl9A,white_box,9012,jpeg50,219,boston:98,boston:87,15.680000,36.1773
boston_query_-U0JJudMztDrvqfppyEl9A,transfer_1,9012,jpeg50,3,boston:139,boston:87,15.680000,36.1773
boston_query_-U0JJudMztDrvqfppyEl9A,transfer_2,9012,jpeg50,2,boston:47,boston:87,15.680000,36.1773
boston_query_-U0JJudMztDrvqfppyEl9A,transfer_3,9012,jpeg50,4,amman:0,boston:87,15.680001,36.1773
cph_query_-To5emQUYvNlwdgB1hEVfQ,isotropic,5678,jpeg50,1,cph:279,cph:279,15.679998,36.1773
cph_query_-To5emQUYvNlwdgB1hEVfQ,white_box,5678,jpeg50,5,manila:51,cph:279,15.679997,36.1773
cph_query_-To5emQUYvNlwdgB1hEVfQ,transfer_1,5678,jpeg50,1,cph:279,cph:279,15.679997,36.1773
cph_query_-To5emQUYvNlwdgB1hEVfQ,transfer_2,5678,jpeg50,1,cph:279,cph:279,15.679989,36.1773
cph_query_-To5emQUYvNlwdgB1hEVfQ,transfer_3,5678,jpeg50,1,cph:279,cph:279,15.679998,36.1773
cph_query_-To5emQUYvNlwdgB1hEVfQ,isotropic,9012,jpeg50,1,cph:279,cph:279,15.680000,36.1773
cph_query_-To5emQUYvNlwdgB1hEVfQ,white_box,9012,jpeg50,8,manila:51,cph:279,15.680000,36.1773
cph_query_-To5emQUYvNlwdgB1hEVfQ,transfer_1,9012,jpeg50,1,cph:279,cph:279,15.680008,36.1773
cph_query_-To5emQUYvNlwdgB1hEVfQ,transfer_2,9012,jpeg50,1,cph:279,cph:279,15.680008,36.1773
cph_query_-To5emQUYvNlwdgB1hEVfQ,transfer_3,9012,jpeg50,1,cph:279,cph:279,15.679997,36.1773
london_query_07Mt7j9hZm17z2pXB3QAXA,isotropic,5678,jpeg50,3,manila:89,london:122,15.679996,36.1773
london_query_07Mt7j9hZm17z2pXB3QAXA,white_box,5678,jpeg50,98,nairobi:15,london:122,15.680002,36.1773
london_query_07Mt7j9hZm17z2pXB3QAXA,transfer_1,5678,jpeg50,7,manila:13,london:122,15.679997,36.1773
london_query_07Mt7j9hZm17z2pXB3QAXA,transfer_2,5678,jpeg50,4,toronto:23,london:122,15.679997,36.1773
london_query_07Mt7j9hZm17z2pXB3QAXA,transfer_3,5678,jpeg50,8,toronto:23,london:122,15.679998,36.1773
london_query_07Mt7j9hZm17z2pXB3QAXA,isotropic,9012,jpeg50,4,manila:13,london:122,15.680002,36.1773
london_query_07Mt7j9hZm17z2pXB3QAXA,white_box,9012,jpeg50,104,nairobi:15,london:122,15.680000,36.1773
london_query_07Mt7j9hZm17z2pXB3QAXA,transfer_1,9012,jpeg50,7,manila:89,london:122,15.679998,36.1773
london_query_07Mt7j9hZm17z2pXB3QAXA,transfer_2,9012,jpeg50,4,amman:35,london:122,15.679997,36.1773
london_query_07Mt7j9hZm17z2pXB3QAXA,transfer_3,9012,jpeg50,12,manila:153,london:122,15.679996,36.1773
manila_query_-YADzGuflGFk0TrwgbgGQA,isotropic,5678,jpeg50,3,zurich:42,manila:82,15.680000,36.1773
manila_query_-YADzGuflGFk0TrwgbgGQA,white_box,5678,jpeg50,112,nairobi:20,manila:82,15.679997,36.1773
manila_query_-YADzGuflGFk0TrwgbgGQA,transfer_1,5678,jpeg50,5,boston:123,manila:82,15.679998,36.1773
manila_query_-YADzGuflGFk0TrwgbgGQA,transfer_2,5678,jpeg50,6,london:85,manila:82,15.680000,36.1773
manila_query_-YADzGuflGFk0TrwgbgGQA,transfer_3,5678,jpeg50,49,toronto:23,manila:82,15.679998,36.1773
manila_query_-YADzGuflGFk0TrwgbgGQA,isotropic,9012,jpeg50,5,boston:235,manila:82,15.680000,36.1773
manila_query_-YADzGuflGFk0TrwgbgGQA,white_box,9012,jpeg50,84,nairobi:20,manila:82,15.679995,36.1773
manila_query_-YADzGuflGFk0TrwgbgGQA,transfer_1,9012,jpeg50,17,boston:123,manila:82,15.680000,36.1773
manila_query_-YADzGuflGFk0TrwgbgGQA,transfer_2,9012,jpeg50,11,boston:235,manila:82,15.679997,36.1773
manila_query_-YADzGuflGFk0TrwgbgGQA,transfer_3,9012,jpeg50,44,boston:235,manila:82,15.680000,36.1773
nairobi_query_3VEngLiRuIRlzTCHOPvAqA,isotropic,5678,jpeg50,4,boston:90,nairobi:4,15.679996,36.1773
nairobi_query_3VEngLiRuIRlzTCHOPvAqA,white_box,5678,jpeg50,234,amman:23,nairobi:4,15.680000,36.1773
nairobi_query_3VEngLiRuIRlzTCHOPvAqA,transfer_1,5678,jpeg50,6,boston:171,nairobi:4,15.679998,36.1773
nairobi_query_3VEngLiRuIRlzTCHOPvAqA,transfer_2,5678,jpeg50,20,amman:22,nairobi:4,15.679998,36.1773
nairobi_query_3VEngLiRuIRlzTCHOPvAqA,transfer_3,5678,jpeg50,54,manila:46,nairobi:4,15.680002,36.1773
nairobi_query_3VEngLiRuIRlzTCHOPvAqA,isotropic,9012,jpeg50,27,amman:22,nairobi:4,15.679998,36.1773
nairobi_query_3VEngLiRuIRlzTCHOPvAqA,white_box,9012,jpeg50,207,boston:144,nairobi:4,15.680000,36.1773
nairobi_query_3VEngLiRuIRlzTCHOPvAqA,transfer_1,9012,jpeg50,8,boston:171,nairobi:4,15.680000,36.1773
nairobi_query_3VEngLiRuIRlzTCHOPvAqA,transfer_2,9012,jpeg50,17,boston:171,nairobi:4,15.680000,36.1773
nairobi_query_3VEngLiRuIRlzTCHOPvAqA,transfer_3,9012,jpeg50,35,manila:46,nairobi:4,15.679992,36.1773
toronto_query_-KU5g574x3Cah05LVtG_Pw,isotropic,5678,jpeg50,775,cph:464,toronto:418,15.679997,36.1773
toronto_query_-KU5g574x3Cah05LVtG_Pw,white_box,5678,jpeg50,1738,toronto:351,toronto:418,15.679997,36.1773
toronto_query_-KU5g574x3Cah05LVtG_Pw,transfer_1,5678,jpeg50,594,cph:464,toronto:418,15.679998,36.1773
toronto_query_-KU5g574x3Cah05LVtG_Pw,transfer_2,5678,jpeg50,503,cph:464,toronto:418,15.680005,36.1773
toronto_query_-KU5g574x3Cah05LVtG_Pw,transfer_3,5678,jpeg50,863,toronto:351,toronto:418,15.680004,36.1773
toronto_query_-KU5g574x3Cah05LVtG_Pw,isotropic,9012,jpeg50,978,cph:464,toronto:418,15.680000,36.1773
toronto_query_-KU5g574x3Cah05LVtG_Pw,white_box,9012,jpeg50,1633,toronto:351,toronto:418,15.680000,36.1773
toronto_query_-KU5g574x3Cah05LVtG_Pw,transfer_1,9012,jpeg50,687,cph:464,toronto:418,15.680000,36.1773
toronto_query_-KU5g574x3Cah05LVtG_Pw,transfer_2,9012,jpeg50,657,cph:464,toronto:418,15.679998,36.1773
toronto_query_-KU5g574x3Cah05LVtG_Pw,transfer_3,9012,jpeg50,817,toronto:351,toronto:418,15.680000,36.1773
zurich_query_0YqWIRNZbPyTmppf5ZjyMw,isotropic,5678,jpeg50,1,zurich:25,zurich:25,15.679998,36.1773
zurich_query_0YqWIRNZbPyTmppf5ZjyMw,white_box,5678,jpeg50,56,toronto:55,zurich:25,15.679996,36.1773
zurich_query_0YqWIRNZbPyTmppf5ZjyMw,transfer_1,5678,jpeg50,1,zurich:25,zurich:25,15.679998,36.1773
zurich_query_0YqWIRNZbPyTmppf5ZjyMw,transfer_2,5678,jpeg50,1,zurich:25,zurich:25,15.680001,36.1773
zurich_query_0YqWIRNZbPyTmppf5ZjyMw,transfer_3,5678,jpeg50,2,amman:15,zurich:25,15.680001,36.1773
zurich_query_0YqWIRNZbPyTmppf5ZjyMw,isotropic,9012,jpeg50,1,zurich:25,zurich:25,15.680000,36.1773
zurich_query_0YqWIRNZbPyTmppf5ZjyMw,white_box,9012,jpeg50,61,zurich:42,zurich:25,15.679995,36.1773
zurich_query_0YqWIRNZbPyTmppf5ZjyMw,transfer_1,9012,jpeg50,1,zurich:25,zurich:25,15.680000,36.1773
zurich_query_0YqWIRNZbPyTmppf5ZjyMw,transfer_2,9012,jpeg50,1,zurich:25,zurich:25,15.680005,36.1773
zurich_query_0YqWIRNZbPyTmppf5ZjyMw,transfer_3,9012,jpeg50,1,zurich:25,zurich:25,15.679997,36.1773
amman_query_2E9XDGy6VTetR1O15tILdw,isotropic,5678,jpeg50,110,amman:1,amman:11,15.680000,36.1773
amman_query_2E9XDGy6VTetR1O15tILdw,white_box,5678,jpeg50,232,toronto:301,amman:11,15.680000,36.1773
amman_query_2E9XDGy6VTetR1O15tILdw,transfer_1,5678,jpeg50,32,zurich:30,amman:11,15.680000,36.1773
amman_query_2E9XDGy6VTetR1O15tILdw,transfer_2,5678,jpeg50,55,zurich:19,amman:11,15.679993,36.1773
amman_query_2E9XDGy6VTetR1O15tILdw,transfer_3,5678,jpeg50,163,zurich:19,amman:11,15.680000,36.1773
amman_query_2E9XDGy6VTetR1O15tILdw,isotropic,9012,jpeg50,69,cph:243,amman:11,15.680000,36.1773
amman_query_2E9XDGy6VTetR1O15tILdw,white_box,9012,jpeg50,248,toronto:301,amman:11,15.680001,36.1773
amman_query_2E9XDGy6VTetR1O15tILdw,transfer_1,9012,jpeg50,54,amman:1,amman:11,15.680000,36.1773
amman_query_2E9XDGy6VTetR1O15tILdw,transfer_2,9012,jpeg50,68,zurich:19,amman:11,15.680002,36.1773
amman_query_2E9XDGy6VTetR1O15tILdw,transfer_3,9012,jpeg50,65,zurich:19,amman:11,15.679998,36.1773
boston_query_-U_cmO4sMoYmoNbCPpMXWw,isotropic,5678,jpeg50,90,boston:210,boston:101,15.680002,36.1773
boston_query_-U_cmO4sMoYmoNbCPpMXWw,white_box,5678,jpeg50,965,boston:210,boston:101,15.680002,36.1773
boston_query_-U_cmO4sMoYmoNbCPpMXWw,transfer_1,5678,jpeg50,98,boston:210,boston:101,15.680002,36.1773
boston_query_-U_cmO4sMoYmoNbCPpMXWw,transfer_2,5678,jpeg50,132,boston:210,boston:101,15.680000,36.1773
boston_query_-U_cmO4sMoYmoNbCPpMXWw,transfer_3,5678,jpeg50,210,boston:210,boston:101,15.679995,36.1773
boston_query_-U_cmO4sMoYmoNbCPpMXWw,isotropic,9012,jpeg50,114,boston:210,boston:101,15.679995,36.1773
boston_query_-U_cmO4sMoYmoNbCPpMXWw,white_box,9012,jpeg50,1108,boston:176,boston:101,15.680000,36.1773
boston_query_-U_cmO4sMoYmoNbCPpMXWw,transfer_1,9012,jpeg50,142,boston:210,boston:101,15.679997,36.1773
boston_query_-U_cmO4sMoYmoNbCPpMXWw,transfer_2,9012,jpeg50,151,boston:210,boston:101,15.679995,36.1773
boston_query_-U_cmO4sMoYmoNbCPpMXWw,transfer_3,9012,jpeg50,277,boston:210,boston:101,15.680000,36.1773
cph_query_-UByBh5hYhNn4_dsHy73aA,isotropic,5678,jpeg50,1,cph:342,cph:342,15.680000,36.1773
cph_query_-UByBh5hYhNn4_dsHy73aA,white_box,5678,jpeg50,989,london:76,cph:342,15.679996,36.1773
cph_query_-UByBh5hYhNn4_dsHy73aA,transfer_1,5678,jpeg50,1,cph:342,cph:342,15.679998,36.1773
cph_query_-UByBh5hYhNn4_dsHy73aA,transfer_2,5678,jpeg50,1,cph:342,cph:342,15.680000,36.1773
cph_query_-UByBh5hYhNn4_dsHy73aA,transfer_3,5678,jpeg50,2,zurich:105,cph:342,15.679997,36.1773
cph_query_-UByBh5hYhNn4_dsHy73aA,isotropic,9012,jpeg50,1,cph:342,cph:342,15.679997,36.1773
cph_query_-UByBh5hYhNn4_dsHy73aA,white_box,9012,jpeg50,792,london:76,cph:342,15.680000,36.1773
cph_query_-UByBh5hYhNn4_dsHy73aA,transfer_1,9012,jpeg50,1,cph:342,cph:342,15.679998,36.1773
cph_query_-UByBh5hYhNn4_dsHy73aA,transfer_2,9012,jpeg50,1,cph:342,cph:342,15.680000,36.1773
cph_query_-UByBh5hYhNn4_dsHy73aA,transfer_3,9012,jpeg50,5,boston:234,cph:342,15.680004,36.1773
london_query_07oSFXlZ9SfPsHwsEZQFtA,isotropic,5678,jpeg50,28,london:51,london:76,15.680000,36.1773
london_query_07oSFXlZ9SfPsHwsEZQFtA,white_box,5678,jpeg50,501,manila:171,london:76,15.680000,36.1773
london_query_07oSFXlZ9SfPsHwsEZQFtA,transfer_1,5678,jpeg50,52,london:51,london:76,15.680000,36.1773
london_query_07oSFXlZ9SfPsHwsEZQFtA,transfer_2,5678,jpeg50,112,london:51,london:76,15.679998,36.1773
london_query_07oSFXlZ9SfPsHwsEZQFtA,transfer_3,5678,jpeg50,56,london:51,london:76,15.679996,36.1773
london_query_07oSFXlZ9SfPsHwsEZQFtA,isotropic,9012,jpeg50,17,london:51,london:76,15.680000,36.1773
london_query_07oSFXlZ9SfPsHwsEZQFtA,white_box,9012,jpeg50,594,nairobi:12,london:76,15.680000,36.1773
london_query_07oSFXlZ9SfPsHwsEZQFtA,transfer_1,9012,jpeg50,35,london:51,london:76,15.679997,36.1773
london_query_07oSFXlZ9SfPsHwsEZQFtA,transfer_2,9012,jpeg50,116,london:51,london:76,15.679993,36.1773
london_query_07oSFXlZ9SfPsHwsEZQFtA,transfer_3,9012,jpeg50,59,london:51,london:76,15.679993,36.1773
manila_query_-YswrllPgEq1Q_LYD0mD0A,isotropic,5678,jpeg50,90,manila:134,manila:181,15.680000,36.1773
manila_query_-YswrllPgEq1Q_LYD0mD0A,white_box,5678,jpeg50,453,manila:29,manila:181,15.680002,36.1773
manila_query_-YswrllPgEq1Q_LYD0mD0A,transfer_1,5678,jpeg50,95,manila:134,manila:181,15.679997,36.1773
manila_query_-YswrllPgEq1Q_LYD0mD0A,transfer_2,5678,jpeg50,73,manila:134,manila:181,15.680000,36.1773
manila_query_-YswrllPgEq1Q_LYD0mD0A,transfer_3,5678,jpeg50,103,manila:134,manila:181,15.679996,36.1773
manila_query_-YswrllPgEq1Q_LYD0mD0A,isotropic,9012,jpeg50,76,manila:134,manila:181,15.679997,36.1773
manila_query_-YswrllPgEq1Q_LYD0mD0A,white_box,9012,jpeg50,422,manila:29,manila:181,15.680000,36.1773
manila_query_-YswrllPgEq1Q_LYD0mD0A,transfer_1,9012,jpeg50,64,manila:134,manila:181,15.680000,36.1773
manila_query_-YswrllPgEq1Q_LYD0mD0A,transfer_2,9012,jpeg50,91,manila:134,manila:181,15.680000,36.1773
manila_query_-YswrllPgEq1Q_LYD0mD0A,transfer_3,9012,jpeg50,76,manila:134,manila:181,15.680000,36.1773
nairobi_query_3sAf0a7Z9MFOX5NACNEfkA,isotropic,5678,jpeg50,3,cph:241,nairobi:3,15.679998,36.1773
nairobi_query_3sAf0a7Z9MFOX5NACNEfkA,white_box,5678,jpeg50,214,manila:143,nairobi:3,15.680000,36.1773
nairobi_query_3sAf0a7Z9MFOX5NACNEfkA,transfer_1,5678,jpeg50,1,nairobi:3,nairobi:3,15.679998,36.1773
nairobi_query_3sAf0a7Z9MFOX5NACNEfkA,transfer_2,5678,jpeg50,2,manila:181,nairobi:3,15.680000,36.1773
nairobi_query_3sAf0a7Z9MFOX5NACNEfkA,transfer_3,5678,jpeg50,2,cph:241,nairobi:3,15.680000,36.1773
nairobi_query_3sAf0a7Z9MFOX5NACNEfkA,isotropic,9012,jpeg50,2,cph:241,nairobi:3,15.680000,36.1773
nairobi_query_3sAf0a7Z9MFOX5NACNEfkA,white_box,9012,jpeg50,301,toronto:55,nairobi:3,15.680000,36.1773
nairobi_query_3sAf0a7Z9MFOX5NACNEfkA,transfer_1,9012,jpeg50,3,london:85,nairobi:3,15.680000,36.1773
nairobi_query_3sAf0a7Z9MFOX5NACNEfkA,transfer_2,9012,jpeg50,2,toronto:23,nairobi:3,15.680000,36.1773
nairobi_query_3sAf0a7Z9MFOX5NACNEfkA,transfer_3,9012,jpeg50,4,cph:241,nairobi:3,15.680000,36.1773
toronto_query_-L3Zos1U2E6AA3-ZO_eESA,isotropic,5678,jpeg50,51,amman:1,toronto:253,15.679996,36.1773
toronto_query_-L3Zos1U2E6AA3-ZO_eESA,white_box,5678,jpeg50,642,amman:1,toronto:253,15.680005,36.1773
toronto_query_-L3Zos1U2E6AA3-ZO_eESA,transfer_1,5678,jpeg50,73,zurich:42,toronto:253,15.680007,36.1773
toronto_query_-L3Zos1U2E6AA3-ZO_eESA,transfer_2,5678,jpeg50,75,zurich:42,toronto:253,15.679997,36.1773
toronto_query_-L3Zos1U2E6AA3-ZO_eESA,transfer_3,5678,jpeg50,294,amman:1,toronto:253,15.679993,36.1773
toronto_query_-L3Zos1U2E6AA3-ZO_eESA,isotropic,9012,jpeg50,44,toronto:389,toronto:253,15.680002,36.1773
toronto_query_-L3Zos1U2E6AA3-ZO_eESA,white_box,9012,jpeg50,819,amman:1,toronto:253,15.679998,36.1773
toronto_query_-L3Zos1U2E6AA3-ZO_eESA,transfer_1,9012,jpeg50,68,zurich:42,toronto:253,15.680004,36.1773
toronto_query_-L3Zos1U2E6AA3-ZO_eESA,transfer_2,9012,jpeg50,206,amman:1,toronto:253,15.679995,36.1773
toronto_query_-L3Zos1U2E6AA3-ZO_eESA,transfer_3,9012,jpeg50,245,amman:1,toronto:253,15.679995,36.1773
zurich_query_0eG9-83f-Xafie9_84fDbg,isotropic,5678,jpeg50,6,toronto:244,zurich:105,15.679998,36.1773
zurich_query_0eG9-83f-Xafie9_84fDbg,white_box,5678,jpeg50,73,toronto:244,zurich:105,15.679998,36.1773
zurich_query_0eG9-83f-Xafie9_84fDbg,transfer_1,5678,jpeg50,5,toronto:244,zurich:105,15.680005,36.1773
zurich_query_0eG9-83f-Xafie9_84fDbg,transfer_2,5678,jpeg50,6,toronto:196,zurich:105,15.679997,36.1773
zurich_query_0eG9-83f-Xafie9_84fDbg,transfer_3,5678,jpeg50,15,cph:162,zurich:105,15.679998,36.1773
zurich_query_0eG9-83f-Xafie9_84fDbg,isotropic,9012,jpeg50,5,toronto:244,zurich:105,15.680000,36.1773
zurich_query_0eG9-83f-Xafie9_84fDbg,white_box,9012,jpeg50,67,toronto:244,zurich:105,15.679997,36.1773
zurich_query_0eG9-83f-Xafie9_84fDbg,transfer_1,9012,jpeg50,5,toronto:196,zurich:105,15.680000,36.1773
zurich_query_0eG9-83f-Xafie9_84fDbg,transfer_2,9012,jpeg50,6,toronto:196,zurich:105,15.680002,36.1773
zurich_query_0eG9-83f-Xafie9_84fDbg,transfer_3,9012,jpeg50,10,toronto:196,zurich:105,15.680002,36.1773
amman_query_2WNEczYwDdZlHE_2nYlE-A,isotropic,5678,jpeg50,325,nairobi:12,amman:0,15.680000,36.1773
amman_query_2WNEczYwDdZlHE_2nYlE-A,white_box,5678,jpeg50,837,manila:181,amman:0,15.680000,36.1773
amman_query_2WNEczYwDdZlHE_2nYlE-A,transfer_1,5678,jpeg50,377,amman:21,amman:0,15.680005,36.1773
amman_query_2WNEczYwDdZlHE_2nYlE-A,transfer_2,5678,jpeg50,311,nairobi:12,amman:0,15.679997,36.1773
amman_query_2WNEczYwDdZlHE_2nYlE-A,transfer_3,5678,jpeg50,596,amman:21,amman:0,15.680000,36.1773
amman_query_2WNEczYwDdZlHE_2nYlE-A,isotropic,9012,jpeg50,542,amman:21,amman:0,15.679997,36.1773
amman_query_2WNEczYwDdZlHE_2nYlE-A,white_box,9012,jpeg50,664,manila:190,amman:0,15.680000,36.1773
amman_query_2WNEczYwDdZlHE_2nYlE-A,transfer_1,9012,jpeg50,338,nairobi:12,amman:0,15.679996,36.1773
amman_query_2WNEczYwDdZlHE_2nYlE-A,transfer_2,9012,jpeg50,407,nairobi:12,amman:0,15.680004,36.1773
amman_query_2WNEczYwDdZlHE_2nYlE-A,transfer_3,9012,jpeg50,607,boston:145,amman:0,15.679998,36.1773
boston_query_-VHXaQ_dj_14O-Bcn3u7zA,isotropic,5678,jpeg50,272,manila:143,boston:171,15.679998,36.1773
boston_query_-VHXaQ_dj_14O-Bcn3u7zA,white_box,5678,jpeg50,1283,nairobi:21,boston:171,15.679997,36.1773
boston_query_-VHXaQ_dj_14O-Bcn3u7zA,transfer_1,5678,jpeg50,394,toronto:228,boston:171,15.680000,36.1773
boston_query_-VHXaQ_dj_14O-Bcn3u7zA,transfer_2,5678,jpeg50,349,toronto:228,boston:171,15.680000,36.1773
boston_query_-VHXaQ_dj_14O-Bcn3u7zA,transfer_3,5678,jpeg50,634,manila:143,boston:171,15.679998,36.1773
boston_query_-VHXaQ_dj_14O-Bcn3u7zA,isotropic,9012,jpeg50,406,toronto:228,boston:171,15.679998,36.1773
boston_query_-VHXaQ_dj_14O-Bcn3u7zA,white_box,9012,jpeg50,1118,nairobi:21,boston:171,15.680005,36.1773
boston_query_-VHXaQ_dj_14O-Bcn3u7zA,transfer_1,9012,jpeg50,383,toronto:228,boston:171,15.680000,36.1773
boston_query_-VHXaQ_dj_14O-Bcn3u7zA,transfer_2,9012,jpeg50,477,toronto:228,boston:171,15.679997,36.1773
boston_query_-VHXaQ_dj_14O-Bcn3u7zA,transfer_3,9012,jpeg50,663,manila:59,boston:171,15.679997,36.1773
cph_query_-UO7OuMXuwPBrMEXSsFhNA,isotropic,5678,jpeg50,412,boston:191,cph:429,15.680000,36.1773
cph_query_-UO7OuMXuwPBrMEXSsFhNA,white_box,5678,jpeg50,1385,london:85,cph:429,15.679995,36.1773
cph_query_-UO7OuMXuwPBrMEXSsFhNA,transfer_1,5678,jpeg50,734,london:85,cph:429,15.679995,36.1773
cph_query_-UO7OuMXuwPBrMEXSsFhNA,transfer_2,5678,jpeg50,738,boston:123,cph:429,15.680002,36.1773
cph_query_-UO7OuMXuwPBrMEXSsFhNA,transfer_3,5678,jpeg50,989,boston:235,cph:429,15.680000,36.1773
cph_query_-UO7OuMXuwPBrMEXSsFhNA,isotropic,9012,jpeg50,351,boston:191,cph:429,15.680000,36.1773
cph_query_-UO7OuMXuwPBrMEXSsFhNA,white_box,9012,jpeg50,1304,boston:235,cph:429,15.680000,36.1773
cph_query_-UO7OuMXuwPBrMEXSsFhNA,transfer_1,9012,jpeg50,828,boston:123,cph:429,15.680000,36.1773
cph_query_-UO7OuMXuwPBrMEXSsFhNA,transfer_2,9012,jpeg50,883,boston:98,cph:429,15.679998,36.1773
cph_query_-UO7OuMXuwPBrMEXSsFhNA,transfer_3,9012,jpeg50,953,boston:123,cph:429,15.680000,36.1773
london_query_08wp6QepyximP9UuP-ijLg,isotropic,5678,jpeg50,1,london:78,london:78,15.680002,36.1773
london_query_08wp6QepyximP9UuP-ijLg,white_box,5678,jpeg50,85,boston:90,london:78,15.679998,36.1773
london_query_08wp6QepyximP9UuP-ijLg,transfer_1,5678,jpeg50,1,london:78,london:78,15.680001,36.1773
london_query_08wp6QepyximP9UuP-ijLg,transfer_2,5678,jpeg50,4,boston:234,london:78,15.679997,36.1773
london_query_08wp6QepyximP9UuP-ijLg,transfer_3,5678,jpeg50,9,boston:234,london:78,15.680000,36.1773
london_query_08wp6QepyximP9UuP-ijLg,isotropic,9012,jpeg50,1,london:78,london:78,15.679997,36.1773
london_query_08wp6QepyximP9UuP-ijLg,white_box,9012,jpeg50,54,boston:90,london:78,15.680000,36.1773
london_query_08wp6QepyximP9UuP-ijLg,transfer_1,9012,jpeg50,1,london:78,london:78,15.680000,36.1773
london_query_08wp6QepyximP9UuP-ijLg,transfer_2,9012,jpeg50,1,london:78,london:78,15.679998,36.1773
london_query_08wp6QepyximP9UuP-ijLg,transfer_3,9012,jpeg50,19,boston:234,london:78,15.680000,36.1773
manila_query_-Z3CXTi1QhF_Ste8t8vrJA,isotropic,5678,jpeg50,572,manila:13,manila:16,15.679997,36.1773
manila_query_-Z3CXTi1QhF_Ste8t8vrJA,white_box,5678,jpeg50,1741,manila:13,manila:16,15.680000,36.1773
manila_query_-Z3CXTi1QhF_Ste8t8vrJA,transfer_1,5678,jpeg50,788,manila:13,manila:16,15.679998,36.1773
manila_query_-Z3CXTi1QhF_Ste8t8vrJA,transfer_2,5678,jpeg50,1111,manila:13,manila:16,15.680000,36.1773
manila_query_-Z3CXTi1QhF_Ste8t8vrJA,transfer_3,5678,jpeg50,1021,manila:13,manila:16,15.680000,36.1773
manila_query_-Z3CXTi1QhF_Ste8t8vrJA,isotropic,9012,jpeg50,641,manila:13,manila:16,15.679998,36.1773
manila_query_-Z3CXTi1QhF_Ste8t8vrJA,white_box,9012,jpeg50,1698,cph:370,manila:16,15.679997,36.1773
manila_query_-Z3CXTi1QhF_Ste8t8vrJA,transfer_1,9012,jpeg50,767,manila:13,manila:16,15.679998,36.1773
manila_query_-Z3CXTi1QhF_Ste8t8vrJA,transfer_2,9012,jpeg50,1059,manila:13,manila:16,15.679997,36.1773
manila_query_-Z3CXTi1QhF_Ste8t8vrJA,transfer_3,9012,jpeg50,1025,manila:13,manila:16,15.679997,36.1773
nairobi_query_3vVoHZDD0-kVhbBxDTYEjw,isotropic,5678,jpeg50,30,cph:459,nairobi:10,15.679997,36.1773
nairobi_query_3vVoHZDD0-kVhbBxDTYEjw,white_box,5678,jpeg50,115,cph:33,nairobi:10,15.679995,36.1773
nairobi_query_3vVoHZDD0-kVhbBxDTYEjw,transfer_1,5678,jpeg50,38,cph:459,nairobi:10,15.679998,36.1773
nairobi_query_3vVoHZDD0-kVhbBxDTYEjw,transfer_2,5678,jpeg50,51,cph:459,nairobi:10,15.680002,36.1773
nairobi_query_3vVoHZDD0-kVhbBxDTYEjw,transfer_3,5678,jpeg50,49,cph:459,nairobi:10,15.679995,36.1773
nairobi_query_3vVoHZDD0-kVhbBxDTYEjw,isotropic,9012,jpeg50,45,cph:464,nairobi:10,15.679996,36.1773
nairobi_query_3vVoHZDD0-kVhbBxDTYEjw,white_box,9012,jpeg50,62,toronto:23,nairobi:10,15.680000,36.1773
nairobi_query_3vVoHZDD0-kVhbBxDTYEjw,transfer_1,9012,jpeg50,78,cph:459,nairobi:10,15.680000,36.1773
nairobi_query_3vVoHZDD0-kVhbBxDTYEjw,transfer_2,9012,jpeg50,62,cph:459,nairobi:10,15.680002,36.1773
nairobi_query_3vVoHZDD0-kVhbBxDTYEjw,transfer_3,9012,jpeg50,29,cph:459,nairobi:10,15.679996,36.1773
toronto_query_-LZN7DIyP80uvFh2O8KVXw,isotropic,5678,jpeg50,7,boston:191,toronto:366,15.680000,36.1773
toronto_query_-LZN7DIyP80uvFh2O8KVXw,white_box,5678,jpeg50,106,amman:23,toronto:366,15.679995,36.1773
toronto_query_-LZN7DIyP80uvFh2O8KVXw,transfer_1,5678,jpeg50,8,boston:191,toronto:366,15.679995,36.1773
toronto_query_-LZN7DIyP80uvFh2O8KVXw,transfer_2,5678,jpeg50,17,toronto:354,toronto:366,15.679993,36.1773
toronto_query_-LZN7DIyP80uvFh2O8KVXw,transfer_3,5678,jpeg50,64,toronto:354,toronto:366,15.680004,36.1773
toronto_query_-LZN7DIyP80uvFh2O8KVXw,isotropic,9012,jpeg50,4,zurich:111,toronto:366,15.680000,36.1773
toronto_query_-LZN7DIyP80uvFh2O8KVXw,white_box,9012,jpeg50,177,cph:464,toronto:366,15.679997,36.1773
toronto_query_-LZN7DIyP80uvFh2O8KVXw,transfer_1,9012,jpeg50,4,zurich:111,toronto:366,15.680000,36.1773
toronto_query_-LZN7DIyP80uvFh2O8KVXw,transfer_2,9012,jpeg50,72,toronto:354,toronto:366,15.679998,36.1773
toronto_query_-LZN7DIyP80uvFh2O8KVXw,transfer_3,9012,jpeg50,32,toronto:354,toronto:366,15.680002,36.1773
zurich_query_0g61-9tYhD3Y5qh7eiB92g,isotropic,5678,jpeg50,5,cph:459,zurich:22,15.680000,36.1773
zurich_query_0g61-9tYhD3Y5qh7eiB92g,white_box,5678,jpeg50,203,manila:106,zurich:22,15.680004,36.1773
zurich_query_0g61-9tYhD3Y5qh7eiB92g,transfer_1,5678,jpeg50,1,zurich:22,zurich:22,15.679997,36.1773
zurich_query_0g61-9tYhD3Y5qh7eiB92g,transfer_2,5678,jpeg50,1,zurich:22,zurich:22,15.679989,36.1773
zurich_query_0g61-9tYhD3Y5qh7eiB92g,transfer_3,5678,jpeg50,2,amman:1,zurich:22,15.680005,36.1773
zurich_query_0g61-9tYhD3Y5qh7eiB92g,isotropic,9012,jpeg50,2,amman:1,zurich:22,15.679997,36.1773
zurich_query_0g61-9tYhD3Y5qh7eiB92g,white_box,9012,jpeg50,84,manila:106,zurich:22,15.680000,36.1773
zurich_query_0g61-9tYhD3Y5qh7eiB92g,transfer_1,9012,jpeg50,7,amman:1,zurich:22,15.680000,36.1773
zurich_query_0g61-9tYhD3Y5qh7eiB92g,transfer_2,9012,jpeg50,1,zurich:22,zurich:22,15.680004,36.1773
zurich_query_0g61-9tYhD3Y5qh7eiB92g,transfer_3,9012,jpeg50,1,zurich:22,zurich:22,15.679997,36.1773
amman_query_2amxr5vdbo4jgViAEELT_Q,isotropic,5678,jpeg50,1886,amman:1,amman:37,15.680000,36.1773
amman_query_2amxr5vdbo4jgViAEELT_Q,white_box,5678,jpeg50,1997,manila:92,amman:37,15.680000,36.1773
amman_query_2amxr5vdbo4jgViAEELT_Q,transfer_1,5678,jpeg50,1884,amman:1,amman:37,15.680000,36.1773
amman_query_2amxr5vdbo4jgViAEELT_Q,transfer_2,5678,jpeg50,1925,zurich:19,amman:37,15.679998,36.1773
amman_query_2amxr5vdbo4jgViAEELT_Q,transfer_3,5678,jpeg50,1965,toronto:23,amman:37,15.679998,36.1773
amman_query_2amxr5vdbo4jgViAEELT_Q,isotropic,9012,jpeg50,1870,amman:1,amman:37,15.679998,36.1773
amman_query_2amxr5vdbo4jgViAEELT_Q,white_box,9012,jpeg50,1997,zurich:19,amman:37,15.680000,36.1773
amman_query_2amxr5vdbo4jgViAEELT_Q,transfer_1,9012,jpeg50,1887,amman:1,amman:37,15.680000,36.1773
amman_query_2amxr5vdbo4jgViAEELT_Q,transfer_2,9012,jpeg50,1913,amman:1,amman:37,15.680001,36.1773
amman_query_2amxr5vdbo4jgViAEELT_Q,transfer_3,9012,jpeg50,1961,toronto:23,amman:37,15.679996,36.1773
boston_query_-WNRbaGc8Yukh-LWnRNe5O,isotropic,5678,jpeg50,10,boston:98,boston:99,15.679996,36.1773
boston_query_-WNRbaGc8Yukh-LWnRNe5O,white_box,5678,jpeg50,667,manila:92,boston:99,15.680001,36.1773
boston_query_-WNRbaGc8Yukh-LWnRNe5O,transfer_1,5678,jpeg50,42,boston:123,boston:99,15.679997,36.1773
boston_query_-WNRbaGc8Yukh-LWnRNe5O,transfer_2,5678,jpeg50,48,amman:21,boston:99,15.679995,36.1773
boston_query_-WNRbaGc8Yukh-LWnRNe5O,transfer_3,5678,jpeg50,129,zurich:65,boston:99,15.679998,36.1773
boston_query_-WNRbaGc8Yukh-LWnRNe5O,isotropic,9012,jpeg50,6,zurich:65,boston:99,15.680000,36.1773
boston_query_-WNRbaGc8Yukh-LWnRNe5O,white_box,9012,jpeg50,685,manila:92,boston:99,15.680000,36.1773
boston_query_-WNRbaGc8Yukh-LWnRNe5O,transfer_1,9012,jpeg50,74,zurich:65,boston:99,15.680002,36.1773
boston_query_-WNRbaGc8Yukh-LWnRNe5O,transfer_2,9012,jpeg50,10,boston:98,boston:99,15.680000,36.1773
boston_query_-WNRbaGc8Yukh-LWnRNe5O,transfer_3,9012,jpeg50,101,boston:123,boston:99,15.680000,36.1773
cph_query_-V4aUy1yd0AbFfY-xX0BAg,isotropic,5678,jpeg50,1,cph:500,cph:500,15.679998,36.1773
cph_query_-V4aUy1yd0AbFfY-xX0BAg,white_box,5678,jpeg50,41,manila:67,cph:500,15.680004,36.1773
cph_query_-V4aUy1yd0AbFfY-xX0BAg,transfer_1,5678,jpeg50,2,cph:356,cph:500,15.680001,36.1773
cph_query_-V4aUy1yd0AbFfY-xX0BAg,transfer_2,5678,jpeg50,1,cph:500,cph:500,15.680000,36.1773
cph_query_-V4aUy1yd0AbFfY-xX0BAg,transfer_3,5678,jpeg50,5,cph:356,cph:500,15.680000,36.1773
cph_query_-V4aUy1yd0AbFfY-xX0BAg,isotropic,9012,jpeg50,1,cph:500,cph:500,15.680000,36.1773
cph_query_-V4aUy1yd0AbFfY-xX0BAg,white_box,9012,jpeg50,35,london:33,cph:500,15.680001,36.1773
cph_query_-V4aUy1yd0AbFfY-xX0BAg,transfer_1,9012,jpeg50,2,cph:356,cph:500,15.679998,36.1773
cph_query_-V4aUy1yd0AbFfY-xX0BAg,transfer_2,9012,jpeg50,1,cph:500,cph:500,15.679995,36.1773
cph_query_-V4aUy1yd0AbFfY-xX0BAg,transfer_3,9012,jpeg50,2,cph:356,cph:500,15.679998,36.1773
london_query_09P-tDZlSTWY4XNCcRZ_-g,isotropic,5678,jpeg50,7,toronto:273,london:129,15.680000,36.1773
london_query_09P-tDZlSTWY4XNCcRZ_-g,white_box,5678,jpeg50,1015,toronto:55,london:129,15.679996,36.1773
london_query_09P-tDZlSTWY4XNCcRZ_-g,transfer_1,5678,jpeg50,6,london:119,london:129,15.680004,36.1773
london_query_09P-tDZlSTWY4XNCcRZ_-g,transfer_2,5678,jpeg50,18,boston:79,london:129,15.680000,36.1773
london_query_09P-tDZlSTWY4XNCcRZ_-g,transfer_3,5678,jpeg50,30,boston:79,london:129,15.679998,36.1773
london_query_09P-tDZlSTWY4XNCcRZ_-g,isotropic,9012,jpeg50,3,london:119,london:129,15.680002,36.1773
london_query_09P-tDZlSTWY4XNCcRZ_-g,white_box,9012,jpeg50,541,toronto:55,london:129,15.680000,36.1773
london_query_09P-tDZlSTWY4XNCcRZ_-g,transfer_1,9012,jpeg50,18,boston:79,london:129,15.680002,36.1773
london_query_09P-tDZlSTWY4XNCcRZ_-g,transfer_2,9012,jpeg50,33,boston:79,london:129,15.679998,36.1773
london_query_09P-tDZlSTWY4XNCcRZ_-g,transfer_3,9012,jpeg50,17,boston:79,london:129,15.680000,36.1773
manila_query_-ZbYcdqL0C0ximLGFEriNA,isotropic,5678,jpeg50,217,cph:464,manila:51,15.680000,36.1773
manila_query_-ZbYcdqL0C0ximLGFEriNA,white_box,5678,jpeg50,1075,zurich:13,manila:51,15.680000,36.1773
manila_query_-ZbYcdqL0C0ximLGFEriNA,transfer_1,5678,jpeg50,242,cph:464,manila:51,15.680000,36.1773
manila_query_-ZbYcdqL0C0ximLGFEriNA,transfer_2,5678,jpeg50,498,cph:464,manila:51,15.679998,36.1773
manila_query_-ZbYcdqL0C0ximLGFEriNA,transfer_3,5678,jpeg50,488,amman:31,manila:51,15.680000,36.1773
manila_query_-ZbYcdqL0C0ximLGFEriNA,isotropic,9012,jpeg50,279,cph:464,manila:51,15.679998,36.1773
manila_query_-ZbYcdqL0C0ximLGFEriNA,white_box,9012,jpeg50,1084,zurich:13,manila:51,15.680000,36.1773
manila_query_-ZbYcdqL0C0ximLGFEriNA,transfer_1,9012,jpeg50,161,cph:464,manila:51,15.680002,36.1773
manila_query_-ZbYcdqL0C0ximLGFEriNA,transfer_2,9012,jpeg50,508,cph:464,manila:51,15.680000,36.1773
manila_query_-ZbYcdqL0C0ximLGFEriNA,transfer_3,9012,jpeg50,611,cph:464,manila:51,15.679998,36.1773
nairobi_query_3zSInmaUjlNkUR45dqrSLg,isotropic,5678,jpeg50,36,cph:459,nairobi:10,15.679997,36.1773
nairobi_query_3zSInmaUjlNkUR45dqrSLg,white_box,5678,jpeg50,85,toronto:346,nairobi:10,15.679995,36.1773
nairobi_query_3zSInmaUjlNkUR45dqrSLg,transfer_1,5678,jpeg50,38,cph:33,nairobi:10,15.679997,36.1773
nairobi_query_3zSInmaUjlNkUR45dqrSLg,transfer_2,5678,jpeg50,66,cph:459,nairobi:10,15.679997,36.1773
nairobi_query_3zSInmaUjlNkUR45dqrSLg,transfer_3,5678,jpeg50,23,cph:33,nairobi:10,15.680000,36.1773
nairobi_query_3zSInmaUjlNkUR45dqrSLg,isotropic,9012,jpeg50,29,cph:33,nairobi:10,15.679996,36.1773
nairobi_query_3zSInmaUjlNkUR45dqrSLg,white_box,9012,jpeg50,85,toronto:346,nairobi:10,15.680000,36.1773
nairobi_query_3zSInmaUjlNkUR45dqrSLg,transfer_1,9012,jpeg50,16,cph:33,nairobi:10,15.680000,36.1773
nairobi_query_3zSInmaUjlNkUR45dqrSLg,transfer_2,9012,jpeg50,55,cph:459,nairobi:10,15.679997,36.1773
nairobi_query_3zSInmaUjlNkUR45dqrSLg,transfer_3,9012,jpeg50,45,cph:33,nairobi:10,15.680000,36.1773
toronto_query_-M3eMqHp0OhecS-hoh58aQ,isotropic,5678,jpeg50,50,amman:21,toronto:354,15.679998,36.1773
toronto_query_-M3eMqHp0OhecS-hoh58aQ,white_box,5678,jpeg50,245,toronto:55,toronto:354,15.679996,36.1773
toronto_query_-M3eMqHp0OhecS-hoh58aQ,transfer_1,5678,jpeg50,21,amman:21,toronto:354,15.679997,36.1773
toronto_query_-M3eMqHp0OhecS-hoh58aQ,transfer_2,5678,jpeg50,52,amman:21,toronto:354,15.680000,36.1773
toronto_query_-M3eMqHp0OhecS-hoh58aQ,transfer_3,5678,jpeg50,72,amman:21,toronto:354,15.679989,36.1773
toronto_query_-M3eMqHp0OhecS-hoh58aQ,isotropic,9012,jpeg50,36,amman:21,toronto:354,15.680000,36.1773
toronto_query_-M3eMqHp0OhecS-hoh58aQ,white_box,9012,jpeg50,272,toronto:55,toronto:354,15.680000,36.1773
toronto_query_-M3eMqHp0OhecS-hoh58aQ,transfer_1,9012,jpeg50,8,manila:143,toronto:354,15.679995,36.1773
toronto_query_-M3eMqHp0OhecS-hoh58aQ,transfer_2,9012,jpeg50,64,amman:12,toronto:354,15.679998,36.1773
toronto_query_-M3eMqHp0OhecS-hoh58aQ,transfer_3,9012,jpeg50,93,amman:21,toronto:354,15.680001,36.1773
zurich_query_0gHh8OHgmM804LVr0Ocrag,isotropic,5678,jpeg50,31,cph:261,zurich:35,15.680000,36.1773
zurich_query_0gHh8OHgmM804LVr0Ocrag,white_box,5678,jpeg50,54,toronto:244,zurich:35,15.679998,36.1773
zurich_query_0gHh8OHgmM804LVr0Ocrag,transfer_1,5678,jpeg50,20,toronto:244,zurich:35,15.679998,36.1773
zurich_query_0gHh8OHgmM804LVr0Ocrag,transfer_2,5678,jpeg50,14,toronto:244,zurich:35,15.680000,36.1773
zurich_query_0gHh8OHgmM804LVr0Ocrag,transfer_3,5678,jpeg50,8,toronto:244,zurich:35,15.679997,36.1773
zurich_query_0gHh8OHgmM804LVr0Ocrag,isotropic,9012,jpeg50,17,cph:261,zurich:35,15.680000,36.1773
zurich_query_0gHh8OHgmM804LVr0Ocrag,white_box,9012,jpeg50,22,toronto:244,zurich:35,15.680000,36.1773
zurich_query_0gHh8OHgmM804LVr0Ocrag,transfer_1,9012,jpeg50,19,toronto:244,zurich:35,15.679997,36.1773
zurich_query_0gHh8OHgmM804LVr0Ocrag,transfer_2,9012,jpeg50,14,toronto:244,zurich:35,15.679997,36.1773
zurich_query_0gHh8OHgmM804LVr0Ocrag,transfer_3,9012,jpeg50,16,toronto:244,zurich:35,15.680002,36.1773
amman_query_2ar5B6f1xOYuU4wn7CLEJg,isotropic,5678,jpeg50,132,amman:23,amman:18,15.679997,36.1773
amman_query_2ar5B6f1xOYuU4wn7CLEJg,white_box,5678,jpeg50,219,amman:23,amman:18,15.679997,36.1773
amman_query_2ar5B6f1xOYuU4wn7CLEJg,transfer_1,5678,jpeg50,104,amman:23,amman:18,15.680001,36.1773
amman_query_2ar5B6f1xOYuU4wn7CLEJg,transfer_2,5678,jpeg50,190,amman:23,amman:18,15.680000,36.1773
amman_query_2ar5B6f1xOYuU4wn7CLEJg,transfer_3,5678,jpeg50,122,amman:23,amman:18,15.679998,36.1773
amman_query_2ar5B6f1xOYuU4wn7CLEJg,isotropic,9012,jpeg50,96,amman:23,amman:18,15.680000,36.1773
amman_query_2ar5B6f1xOYuU4wn7CLEJg,white_box,9012,jpeg50,185,amman:23,amman:18,15.679998,36.1773
amman_query_2ar5B6f1xOYuU4wn7CLEJg,transfer_1,9012,jpeg50,84,amman:23,amman:18,15.680002,36.1773
amman_query_2ar5B6f1xOYuU4wn7CLEJg,transfer_2,9012,jpeg50,186,amman:23,amman:18,15.679998,36.1773
amman_query_2ar5B6f1xOYuU4wn7CLEJg,transfer_3,9012,jpeg50,128,amman:23,amman:18,15.680001,36.1773
boston_query_-XLBZG628HbrD4FlfLBryQ,isotropic,5678,jpeg50,5,zurich:42,boston:237,15.679997,36.1773
boston_query_-XLBZG628HbrD4FlfLBryQ,white_box,5678,jpeg50,495,london:111,boston:237,15.680000,36.1773
boston_query_-XLBZG628HbrD4FlfLBryQ,transfer_1,5678,jpeg50,3,boston:90,boston:237,15.680000,36.1773
boston_query_-XLBZG628HbrD4FlfLBryQ,transfer_2,5678,jpeg50,4,boston:90,boston:237,15.679998,36.1773
boston_query_-XLBZG628HbrD4FlfLBryQ,transfer_3,5678,jpeg50,8,boston:90,boston:237,15.679995,36.1773
boston_query_-XLBZG628HbrD4FlfLBryQ,isotropic,9012,jpeg50,4,boston:90,boston:237,15.679998,36.1773
boston_query_-XLBZG628HbrD4FlfLBryQ,white_box,9012,jpeg50,484,amman:23,boston:237,15.680000,36.1773
boston_query_-XLBZG628HbrD4FlfLBryQ,transfer_1,9012,jpeg50,5,zurich:46,boston:237,15.680002,36.1773
boston_query_-XLBZG628HbrD4FlfLBryQ,transfer_2,9012,jpeg50,6,boston:90,boston:237,15.679998,36.1773
boston_query_-XLBZG628HbrD4FlfLBryQ,transfer_3,9012,jpeg50,32,zurich:19,boston:237,15.679997,36.1773
cph_query_-VfD_cIsQvsNIbCy3tCgQQ,isotropic,5678,jpeg50,23,toronto:196,cph:375,15.680000,36.1773
cph_query_-VfD_cIsQvsNIbCy3tCgQQ,white_box,5678,jpeg50,1765,boston:249,cph:375,15.679996,36.1773
cph_query_-VfD_cIsQvsNIbCy3tCgQQ,transfer_1,5678,jpeg50,83,toronto:273,cph:375,15.680001,36.1773
cph_query_-VfD_cIsQvsNIbCy3tCgQQ,transfer_2,5678,jpeg50,62,manila:13,cph:375,15.679995,36.1773
cph_query_-VfD_cIsQvsNIbCy3tCgQQ,transfer_3,5678,jpeg50,137,amman:1,cph:375,15.680001,36.1773
cph_query_-VfD_cIsQvsNIbCy3tCgQQ,isotropic,9012,jpeg50,34,cph:464,cph:375,15.679998,36.1773
cph_query_-VfD_cIsQvsNIbCy3tCgQQ,white_box,9012,jpeg50,1679,boston:249,cph:375,15.679998,36.1773
cph_query_-VfD_cIsQvsNIbCy3tCgQQ,transfer_1,9012,jpeg50,26,toronto:273,cph:375,15.679997,36.1773
cph_query_-VfD_cIsQvsNIbCy3tCgQQ,transfer_2,9012,jpeg50,27,toronto:196,cph:375,15.680002,36.1773
cph_query_-VfD_cIsQvsNIbCy3tCgQQ,transfer_3,9012,jpeg50,65,toronto:273,cph:375,15.679997,36.1773
london_query_0AbO1xvvOJRs1V3ReaDrNw,isotropic,5678,jpeg50,55,toronto:196,london:71,15.680002,36.1773
london_query_0AbO1xvvOJRs1V3ReaDrNw,white_box,5678,jpeg50,26,manila:13,london:71,15.679998,36.1773
london_query_0AbO1xvvOJRs1V3ReaDrNw,transfer_1,5678,jpeg50,8,toronto:196,london:71,15.679998,36.1773
london_query_0AbO1xvvOJRs1V3ReaDrNw,transfer_2,5678,jpeg50,10,toronto:196,london:71,15.679998,36.1773
london_query_0AbO1xvvOJRs1V3ReaDrNw,transfer_3,5678,jpeg50,53,toronto:244,london:71,15.680000,36.1773
london_query_0AbO1xvvOJRs1V3ReaDrNw,isotropic,9012,jpeg50,62,toronto:196,london:71,15.679997,36.1773
london_query_0AbO1xvvOJRs1V3ReaDrNw,white_box,9012,jpeg50,26,manila:13,london:71,15.680005,36.1773
london_query_0AbO1xvvOJRs1V3ReaDrNw,transfer_1,9012,jpeg50,14,toronto:196,london:71,15.680000,36.1773
london_query_0AbO1xvvOJRs1V3ReaDrNw,transfer_2,9012,jpeg50,9,toronto:196,london:71,15.680000,36.1773
london_query_0AbO1xvvOJRs1V3ReaDrNw,transfer_3,9012,jpeg50,63,toronto:196,london:71,15.679998,36.1773
manila_query_-ZyenisXeFL1kaebCpUNAQ,isotropic,5678,jpeg50,82,manila:72,manila:59,15.680000,36.1773
manila_query_-ZyenisXeFL1kaebCpUNAQ,white_box,5678,jpeg50,11,manila:143,manila:59,15.680001,36.1773
manila_query_-ZyenisXeFL1kaebCpUNAQ,transfer_1,5678,jpeg50,190,manila:72,manila:59,15.680000,36.1773
manila_query_-ZyenisXeFL1kaebCpUNAQ,transfer_2,5678,jpeg50,290,manila:72,manila:59,15.679992,36.1773
manila_query_-ZyenisXeFL1kaebCpUNAQ,transfer_3,5678,jpeg50,198,amman:22,manila:59,15.679996,36.1773
manila_query_-ZyenisXeFL1kaebCpUNAQ,isotropic,9012,jpeg50,117,manila:72,manila:59,15.680000,36.1773
manila_query_-ZyenisXeFL1kaebCpUNAQ,white_box,9012,jpeg50,18,manila:143,manila:59,15.680000,36.1773
manila_query_-ZyenisXeFL1kaebCpUNAQ,transfer_1,9012,jpeg50,186,manila:72,manila:59,15.679995,36.1773
manila_query_-ZyenisXeFL1kaebCpUNAQ,transfer_2,9012,jpeg50,265,manila:72,manila:59,15.679996,36.1773
manila_query_-ZyenisXeFL1kaebCpUNAQ,transfer_3,9012,jpeg50,122,manila:72,manila:59,15.679992,36.1773
nairobi_query_42kd1bm9ZK0fwGacm_8O5A,isotropic,5678,jpeg50,39,amman:23,nairobi:20,15.680000,36.1773
nairobi_query_42kd1bm9ZK0fwGacm_8O5A,white_box,5678,jpeg50,1080,amman:18,nairobi:20,15.680000,36.1773
nairobi_query_42kd1bm9ZK0fwGacm_8O5A,transfer_1,5678,jpeg50,96,amman:23,nairobi:20,15.679997,36.1773
nairobi_query_42kd1bm9ZK0fwGacm_8O5A,transfer_2,5678,jpeg50,42,cph:464,nairobi:20,15.679997,36.1773
nairobi_query_42kd1bm9ZK0fwGacm_8O5A,transfer_3,5678,jpeg50,128,cph:243,nairobi:20,15.679991,36.1773
nairobi_query_42kd1bm9ZK0fwGacm_8O5A,isotropic,9012,jpeg50,39,manila:13,nairobi:20,15.680000,36.1773
nairobi_query_42kd1bm9ZK0fwGacm_8O5A,white_box,9012,jpeg50,936,amman:18,nairobi:20,15.679998,36.1773
nairobi_query_42kd1bm9ZK0fwGacm_8O5A,transfer_1,9012,jpeg50,109,cph:464,nairobi:20,15.679992,36.1773
nairobi_query_42kd1bm9ZK0fwGacm_8O5A,transfer_2,9012,jpeg50,105,amman:23,nairobi:20,15.680000,36.1773
nairobi_query_42kd1bm9ZK0fwGacm_8O5A,transfer_3,9012,jpeg50,79,amman:23,nairobi:20,15.679997,36.1773
toronto_query_-MFll3mcOLNHfSZyGy5VIw,isotropic,5678,jpeg50,22,toronto:200,toronto:102,15.680000,36.1773
toronto_query_-MFll3mcOLNHfSZyGy5VIw,white_box,5678,jpeg50,198,manila:183,toronto:102,15.680000,36.1773
toronto_query_-MFll3mcOLNHfSZyGy5VIw,transfer_1,5678,jpeg50,53,cph:464,toronto:102,15.680002,36.1773
toronto_query_-MFll3mcOLNHfSZyGy5VIw,transfer_2,5678,jpeg50,21,toronto:200,toronto:102,15.680007,36.1773
toronto_query_-MFll3mcOLNHfSZyGy5VIw,transfer_3,5678,jpeg50,23,amman:1,toronto:102,15.680000,36.1773
toronto_query_-MFll3mcOLNHfSZyGy5VIw,isotropic,9012,jpeg50,23,toronto:200,toronto:102,15.679995,36.1773
toronto_query_-MFll3mcOLNHfSZyGy5VIw,white_box,9012,jpeg50,197,manila:51,toronto:102,15.679998,36.1773
toronto_query_-MFll3mcOLNHfSZyGy5VIw,transfer_1,9012,jpeg50,27,amman:1,toronto:102,15.679997,36.1773
toronto_query_-MFll3mcOLNHfSZyGy5VIw,transfer_2,9012,jpeg50,15,toronto:200,toronto:102,15.679997,36.1773
toronto_query_-MFll3mcOLNHfSZyGy5VIw,transfer_3,9012,jpeg50,51,amman:1,toronto:102,15.679998,36.1773
zurich_query_0lHgqSrbw8SSQej38K9wpQ,isotropic,5678,jpeg50,1,zurich:48,zurich:48,15.679997,36.1773
zurich_query_0lHgqSrbw8SSQej38K9wpQ,white_box,5678,jpeg50,6,london:63,zurich:48,15.679997,36.1773
zurich_query_0lHgqSrbw8SSQej38K9wpQ,transfer_1,5678,jpeg50,1,zurich:48,zurich:48,15.679998,36.1773
zurich_query_0lHgqSrbw8SSQej38K9wpQ,transfer_2,5678,jpeg50,1,zurich:48,zurich:48,15.679995,36.1773
zurich_query_0lHgqSrbw8SSQej38K9wpQ,transfer_3,5678,jpeg50,1,zurich:48,zurich:48,15.680002,36.1773
zurich_query_0lHgqSrbw8SSQej38K9wpQ,isotropic,9012,jpeg50,1,zurich:48,zurich:48,15.680001,36.1773
zurich_query_0lHgqSrbw8SSQej38K9wpQ,white_box,9012,jpeg50,3,toronto:258,zurich:48,15.679997,36.1773
zurich_query_0lHgqSrbw8SSQej38K9wpQ,transfer_1,9012,jpeg50,1,zurich:48,zurich:48,15.679996,36.1773
zurich_query_0lHgqSrbw8SSQej38K9wpQ,transfer_2,9012,jpeg50,1,zurich:48,zurich:48,15.679997,36.1773
zurich_query_0lHgqSrbw8SSQej38K9wpQ,transfer_3,9012,jpeg50,1,zurich:48,zurich:48,15.679997,36.1773
amman_query_2hq9evzmyg6GO86JGeo5kw,isotropic,5678,jpeg50,7,amman:26,amman:32,15.679997,36.1773
amman_query_2hq9evzmyg6GO86JGeo5kw,white_box,5678,jpeg50,714,amman:23,amman:32,15.679997,36.1773
amman_query_2hq9evzmyg6GO86JGeo5kw,transfer_1,5678,jpeg50,33,zurich:42,amman:32,15.679995,36.1773
amman_query_2hq9evzmyg6GO86JGeo5kw,transfer_2,5678,jpeg50,16,amman:26,amman:32,15.680000,36.1773
amman_query_2hq9evzmyg6GO86JGeo5kw,transfer_3,5678,jpeg50,7,amman:22,amman:32,15.679997,36.1773
amman_query_2hq9evzmyg6GO86JGeo5kw,isotropic,9012,jpeg50,15,zurich:42,amman:32,15.680002,36.1773
amman_query_2hq9evzmyg6GO86JGeo5kw,white_box,9012,jpeg50,689,amman:23,amman:32,15.679998,36.1773
amman_query_2hq9evzmyg6GO86JGeo5kw,transfer_1,9012,jpeg50,26,zurich:42,amman:32,15.679997,36.1773
amman_query_2hq9evzmyg6GO86JGeo5kw,transfer_2,9012,jpeg50,29,amman:26,amman:32,15.679996,36.1773
amman_query_2hq9evzmyg6GO86JGeo5kw,transfer_3,9012,jpeg50,13,amman:22,amman:32,15.679997,36.1773
boston_query_-XPoSJpI_X3ZlnZLz8JG4L,isotropic,5678,jpeg50,325,amman:31,boston:168,15.680002,36.1773
boston_query_-XPoSJpI_X3ZlnZLz8JG4L,white_box,5678,jpeg50,847,toronto:258,boston:168,15.679995,36.1773
boston_query_-XPoSJpI_X3ZlnZLz8JG4L,transfer_1,5678,jpeg50,236,amman:31,boston:168,15.680001,36.1773
boston_query_-XPoSJpI_X3ZlnZLz8JG4L,transfer_2,5678,jpeg50,286,amman:31,boston:168,15.680000,36.1773
boston_query_-XPoSJpI_X3ZlnZLz8JG4L,transfer_3,5678,jpeg50,490,boston:191,boston:168,15.679997,36.1773
boston_query_-XPoSJpI_X3ZlnZLz8JG4L,isotropic,9012,jpeg50,346,amman:31,boston:168,15.680002,36.1773
boston_query_-XPoSJpI_X3ZlnZLz8JG4L,white_box,9012,jpeg50,989,manila:140,boston:168,15.679995,36.1773
boston_query_-XPoSJpI_X3ZlnZLz8JG4L,transfer_1,9012,jpeg50,283,amman:31,boston:168,15.680011,36.1773
boston_query_-XPoSJpI_X3ZlnZLz8JG4L,transfer_2,9012,jpeg50,375,amman:31,boston:168,15.680004,36.1773
boston_query_-XPoSJpI_X3ZlnZLz8JG4L,transfer_3,9012,jpeg50,527,amman:31,boston:168,15.679995,36.1773
cph_query_-VwsLi9Gs8ntflZjLfPkGw,isotropic,5678,jpeg50,565,cph:280,cph:84,15.680000,36.1773
cph_query_-VwsLi9Gs8ntflZjLfPkGw,white_box,5678,jpeg50,1083,manila:116,cph:84,15.680002,36.1773
cph_query_-VwsLi9Gs8ntflZjLfPkGw,transfer_1,5678,jpeg50,242,cph:280,cph:84,15.679996,36.1773
cph_query_-VwsLi9Gs8ntflZjLfPkGw,transfer_2,5678,jpeg50,386,cph:280,cph:84,15.680000,36.1773
cph_query_-VwsLi9Gs8ntflZjLfPkGw,transfer_3,5678,jpeg50,467,manila:6,cph:84,15.679995,36.1773
cph_query_-VwsLi9Gs8ntflZjLfPkGw,isotropic,9012,jpeg50,301,manila:6,cph:84,15.679997,36.1773
cph_query_-VwsLi9Gs8ntflZjLfPkGw,white_box,9012,jpeg50,1093,cph:208,cph:84,15.679992,36.1773
cph_query_-VwsLi9Gs8ntflZjLfPkGw,transfer_1,9012,jpeg50,217,cph:280,cph:84,15.679998,36.1773
cph_query_-VwsLi9Gs8ntflZjLfPkGw,transfer_2,9012,jpeg50,431,cph:280,cph:84,15.680001,36.1773
cph_query_-VwsLi9Gs8ntflZjLfPkGw,transfer_3,9012,jpeg50,425,cph:280,cph:84,15.679997,36.1773
london_query_0BjBFV4G9jdMJlEMqshzoA,isotropic,5678,jpeg50,40,boston:210,london:85,15.679998,36.1773
london_query_0BjBFV4G9jdMJlEMqshzoA,white_box,5678,jpeg50,101,amman:23,london:85,15.680001,36.1773
london_query_0BjBFV4G9jdMJlEMqshzoA,transfer_1,5678,jpeg50,20,manila:13,london:85,15.680001,36.1773
london_query_0BjBFV4G9jdMJlEMqshzoA,transfer_2,5678,jpeg50,9,cph:176,london:85,15.680000,36.1773
london_query_0BjBFV4G9jdMJlEMqshzoA,transfer_3,5678,jpeg50,4,cph:176,london:85,15.679996,36.1773
london_query_0BjBFV4G9jdMJlEMqshzoA,isotropic,9012,jpeg50,37,nairobi:5,london:85,15.679997,36.1773
london_query_0BjBFV4G9jdMJlEMqshzoA,white_box,9012,jpeg50,47,amman:23,london:85,15.680000,36.1773
london_query_0BjBFV4G9jdMJlEMqshzoA,transfer_1,9012,jpeg50,3,nairobi:5,london:85,15.679998,36.1773
london_query_0BjBFV4G9jdMJlEMqshzoA,transfer_2,9012,jpeg50,23,manila:13,london:85,15.680001,36.1773
london_query_0BjBFV4G9jdMJlEMqshzoA,transfer_3,9012,jpeg50,2,london:122,london:85,15.679998,36.1773
manila_query_-aK1h18UZREBqmVQH9KSvw,isotropic,5678,jpeg50,37,zurich:35,manila:163,15.679998,36.1773
manila_query_-aK1h18UZREBqmVQH9KSvw,white_box,5678,jpeg50,887,london:33,manila:163,15.680000,36.1773
manila_query_-aK1h18UZREBqmVQH9KSvw,transfer_1,5678,jpeg50,49,manila:202,manila:163,15.680004,36.1773
manila_query_-aK1h18UZREBqmVQH9KSvw,transfer_2,5678,jpeg50,36,toronto:421,manila:163,15.680004,36.1773
manila_query_-aK1h18UZREBqmVQH9KSvw,transfer_3,5678,jpeg50,39,manila:202,manila:163,15.679997,36.1773
manila_query_-aK1h18UZREBqmVQH9KSvw,isotropic,9012,jpeg50,42,zurich:35,manila:163,15.680002,36.1773
manila_query_-aK1h18UZREBqmVQH9KSvw,white_box,9012,jpeg50,786,london:33,manila:163,15.679998,36.1773
manila_query_-aK1h18UZREBqmVQH9KSvw,transfer_1,9012,jpeg50,49,toronto:421,manila:163,15.679998,36.1773
manila_query_-aK1h18UZREBqmVQH9KSvw,transfer_2,9012,jpeg50,40,toronto:421,manila:163,15.680000,36.1773
manila_query_-aK1h18UZREBqmVQH9KSvw,transfer_3,9012,jpeg50,32,manila:202,manila:163,15.679998,36.1773
nairobi_query_479Or7jRwWHujnR6N21HGg,isotropic,5678,jpeg50,248,amman:1,nairobi:10,15.679996,36.1773
nairobi_query_479Or7jRwWHujnR6N21HGg,white_box,5678,jpeg50,571,manila:181,nairobi:10,15.680000,36.1773
nairobi_query_479Or7jRwWHujnR6N21HGg,transfer_1,5678,jpeg50,368,amman:1,nairobi:10,15.679995,36.1773
nairobi_query_479Or7jRwWHujnR6N21HGg,transfer_2,5678,jpeg50,81,london:85,nairobi:10,15.679998,36.1773
nairobi_query_479Or7jRwWHujnR6N21HGg,transfer_3,5678,jpeg50,297,manila:181,nairobi:10,15.680000,36.1773
nairobi_query_479Or7jRwWHujnR6N21HGg,isotropic,9012,jpeg50,285,amman:29,nairobi:10,15.679997,36.1773
nairobi_query_479Or7jRwWHujnR6N21HGg,white_box,9012,jpeg50,526,manila:181,nairobi:10,15.679998,36.1773
nairobi_query_479Or7jRwWHujnR6N21HGg,transfer_1,9012,jpeg50,81,london:85,nairobi:10,15.679998,36.1773
nairobi_query_479Or7jRwWHujnR6N21HGg,transfer_2,9012,jpeg50,365,zurich:42,nairobi:10,15.680000,36.1773
nairobi_query_479Or7jRwWHujnR6N21HGg,transfer_3,9012,jpeg50,307,amman:1,nairobi:10,15.679998,36.1773
toronto_query_-MnI6OlC-vX0Wm56nVPN1A,isotropic,5678,jpeg50,5,manila:202,toronto:200,15.679997,36.1773
toronto_query_-MnI6OlC-vX0Wm56nVPN1A,white_box,5678,jpeg50,1,toronto:200,toronto:200,15.680000,36.1773
toronto_query_-MnI6OlC-vX0Wm56nVPN1A,transfer_1,5678,jpeg50,5,manila:202,toronto:200,15.680002,36.1773
toronto_query_-MnI6OlC-vX0Wm56nVPN1A,transfer_2,5678,jpeg50,20,manila:202,toronto:200,15.680000,36.1773
toronto_query_-MnI6OlC-vX0Wm56nVPN1A,transfer_3,5678,jpeg50,10,manila:202,toronto:200,15.680000,36.1773
toronto_query_-MnI6OlC-vX0Wm56nVPN1A,isotropic,9012,jpeg50,9,manila:202,toronto:200,15.679997,36.1773
toronto_query_-MnI6OlC-vX0Wm56nVPN1A,white_box,9012,jpeg50,4,manila:92,toronto:200,15.679996,36.1773
toronto_query_-MnI6OlC-vX0Wm56nVPN1A,transfer_1,9012,jpeg50,9,manila:202,toronto:200,15.679995,36.1773
toronto_query_-MnI6OlC-vX0Wm56nVPN1A,transfer_2,9012,jpeg50,16,manila:202,toronto:200,15.679995,36.1773
toronto_query_-MnI6OlC-vX0Wm56nVPN1A,transfer_3,9012,jpeg50,17,toronto:218,toronto:200,15.680000,36.1773
zurich_query_0nVsH-6SH_FHslcVrikkwQ,isotropic,5678,jpeg50,312,cph:243,zurich:79,15.679998,36.1773
zurich_query_0nVsH-6SH_FHslcVrikkwQ,white_box,5678,jpeg50,1400,london:8,zurich:79,15.679993,36.1773
zurich_query_0nVsH-6SH_FHslcVrikkwQ,transfer_1,5678,jpeg50,444,cph:243,zurich:79,15.679997,36.1773
zurich_query_0nVsH-6SH_FHslcVrikkwQ,transfer_2,5678,jpeg50,531,zurich:42,zurich:79,15.679997,36.1773
zurich_query_0nVsH-6SH_FHslcVrikkwQ,transfer_3,5678,jpeg50,781,zurich:42,zurich:79,15.680002,36.1773
zurich_query_0nVsH-6SH_FHslcVrikkwQ,isotropic,9012,jpeg50,220,cph:243,zurich:79,15.680002,36.1773
zurich_query_0nVsH-6SH_FHslcVrikkwQ,white_box,9012,jpeg50,1166,manila:181,zurich:79,15.680000,36.1773
zurich_query_0nVsH-6SH_FHslcVrikkwQ,transfer_1,9012,jpeg50,277,zurich:42,zurich:79,15.679989,36.1773
zurich_query_0nVsH-6SH_FHslcVrikkwQ,transfer_2,9012,jpeg50,371,zurich:42,zurich:79,15.680000,36.1773
zurich_query_0nVsH-6SH_FHslcVrikkwQ,transfer_3,9012,jpeg50,517,zurich:42,zurich:79,15.679998,36.1773
amman_query_2lABfkOBYPSLZkKhyRxYdA,isotropic,5678,jpeg50,29,amman:23,amman:6,15.679998,36.1773
amman_query_2lABfkOBYPSLZkKhyRxYdA,white_box,5678,jpeg50,183,amman:21,amman:6,15.679998,36.1773
amman_query_2lABfkOBYPSLZkKhyRxYdA,transfer_1,5678,jpeg50,72,amman:23,amman:6,15.679998,36.1773
amman_query_2lABfkOBYPSLZkKhyRxYdA,transfer_2,5678,jpeg50,66,amman:23,amman:6,15.679996,36.1773
amman_query_2lABfkOBYPSLZkKhyRxYdA,transfer_3,5678,jpeg50,54,amman:23,amman:6,15.679998,36.1773
amman_query_2lABfkOBYPSLZkKhyRxYdA,isotropic,9012,jpeg50,66,amman:23,amman:6,15.679998,36.1773
amman_query_2lABfkOBYPSLZkKhyRxYdA,white_box,9012,jpeg50,259,amman:23,amman:6,15.680005,36.1773
amman_query_2lABfkOBYPSLZkKhyRxYdA,transfer_1,9012,jpeg50,89,amman:23,amman:6,15.680000,36.1773
amman_query_2lABfkOBYPSLZkKhyRxYdA,transfer_2,9012,jpeg50,76,amman:23,amman:6,15.679993,36.1773
amman_query_2lABfkOBYPSLZkKhyRxYdA,transfer_3,9012,jpeg50,79,amman:23,amman:6,15.680000,36.1773
boston_query_-XVMoSt8xs2FUh9JzquX6A,isotropic,5678,jpeg50,2,boston:34,boston:210,15.679997,36.1773
boston_query_-XVMoSt8xs2FUh9JzquX6A,white_box,5678,jpeg50,25,boston:27,boston:210,15.680000,36.1773
boston_query_-XVMoSt8xs2FUh9JzquX6A,transfer_1,5678,jpeg50,6,amman:23,boston:210,15.679997,36.1773
boston_query_-XVMoSt8xs2FUh9JzquX6A,transfer_2,5678,jpeg50,7,boston:234,boston:210,15.679997,36.1773
boston_query_-XVMoSt8xs2FUh9JzquX6A,transfer_3,5678,jpeg50,9,amman:23,boston:210,15.679993,36.1773
boston_query_-XVMoSt8xs2FUh9JzquX6A,isotropic,9012,jpeg50,3,boston:34,boston:210,15.679997,36.1773
boston_query_-XVMoSt8xs2FUh9JzquX6A,white_box,9012,jpeg50,7,amman:32,boston:210,15.680000,36.1773
boston_query_-XVMoSt8xs2FUh9JzquX6A,transfer_1,9012,jpeg50,7,boston:234,boston:210,15.680000,36.1773
boston_query_-XVMoSt8xs2FUh9JzquX6A,transfer_2,9012,jpeg50,15,boston:234,boston:210,15.679997,36.1773
boston_query_-XVMoSt8xs2FUh9JzquX6A,transfer_3,9012,jpeg50,22,amman:23,boston:210,15.679998,36.1773
cph_query_-WFB24C5ns0vkkGHGvN40A,isotropic,5678,jpeg50,5,cph:54,cph:137,15.679998,36.1773
cph_query_-WFB24C5ns0vkkGHGvN40A,white_box,5678,jpeg50,309,cph:342,cph:137,15.680000,36.1773
cph_query_-WFB24C5ns0vkkGHGvN40A,transfer_1,5678,jpeg50,6,cph:54,cph:137,15.679997,36.1773
cph_query_-WFB24C5ns0vkkGHGvN40A,transfer_2,5678,jpeg50,7,cph:54,cph:137,15.680002,36.1773
cph_query_-WFB24C5ns0vkkGHGvN40A,transfer_3,5678,jpeg50,30,cph:33,cph:137,15.679997,36.1773
cph_query_-WFB24C5ns0vkkGHGvN40A,isotropic,9012,jpeg50,5,cph:54,cph:137,15.679997,36.1773
cph_query_-WFB24C5ns0vkkGHGvN40A,white_box,9012,jpeg50,245,cph:342,cph:137,15.680005,36.1773
cph_query_-WFB24C5ns0vkkGHGvN40A,transfer_1,9012,jpeg50,9,cph:54,cph:137,15.679997,36.1773
cph_query_-WFB24C5ns0vkkGHGvN40A,transfer_2,9012,jpeg50,20,cph:54,cph:137,15.679997,36.1773
cph_query_-WFB24C5ns0vkkGHGvN40A,transfer_3,9012,jpeg50,17,cph:54,cph:137,15.679997,36.1773
london_query_0CaaImFsIdNZjpg8oBPgsQ,isotropic,5678,jpeg50,1427,cph:33,london:29,15.679998,36.1773
london_query_0CaaImFsIdNZjpg8oBPgsQ,white_box,5678,jpeg50,901,boston:234,london:29,15.679996,36.1773
london_query_0CaaImFsIdNZjpg8oBPgsQ,transfer_1,5678,jpeg50,1313,boston:145,london:29,15.680000,36.1773
london_query_0CaaImFsIdNZjpg8oBPgsQ,transfer_2,5678,jpeg50,1281,boston:145,london:29,15.679997,36.1773
london_query_0CaaImFsIdNZjpg8oBPgsQ,transfer_3,5678,jpeg50,1227,boston:145,london:29,15.680000,36.1773
london_query_0CaaImFsIdNZjpg8oBPgsQ,isotropic,9012,jpeg50,1498,boston:145,london:29,15.680000,36.1773
london_query_0CaaImFsIdNZjpg8oBPgsQ,white_box,9012,jpeg50,1031,boston:234,london:29,15.680000,36.1773
london_query_0CaaImFsIdNZjpg8oBPgsQ,transfer_1,9012,jpeg50,1276,boston:145,london:29,15.679997,36.1773
london_query_0CaaImFsIdNZjpg8oBPgsQ,transfer_2,9012,jpeg50,1251,boston:145,london:29,15.680002,36.1773
london_query_0CaaImFsIdNZjpg8oBPgsQ,transfer_3,9012,jpeg50,1148,boston:145,london:29,15.679998,36.1773
manila_query_-cNGgBgyFrf92tQ2SjMnVw,isotropic,5678,jpeg50,302,london:76,manila:46,15.679997,36.1773
manila_query_-cNGgBgyFrf92tQ2SjMnVw,white_box,5678,jpeg50,968,boston:250,manila:46,15.680000,36.1773
manila_query_-cNGgBgyFrf92tQ2SjMnVw,transfer_1,5678,jpeg50,77,manila:142,manila:46,15.679997,36.1773
manila_query_-cNGgBgyFrf92tQ2SjMnVw,transfer_2,5678,jpeg50,91,manila:142,manila:46,15.679998,36.1773
manila_query_-cNGgBgyFrf92tQ2SjMnVw,transfer_3,5678,jpeg50,106,manila:142,manila:46,15.680000,36.1773
manila_query_-cNGgBgyFrf92tQ2SjMnVw,isotropic,9012,jpeg50,260,london:76,manila:46,15.679998,36.1773
manila_query_-cNGgBgyFrf92tQ2SjMnVw,white_box,9012,jpeg50,552,london:71,manila:46,15.679998,36.1773
manila_query_-cNGgBgyFrf92tQ2SjMnVw,transfer_1,9012,jpeg50,105,manila:142,manila:46,15.679998,36.1773
manila_query_-cNGgBgyFrf92tQ2SjMnVw,transfer_2,9012,jpeg50,91,manila:142,manila:46,15.679997,36.1773
manila_query_-cNGgBgyFrf92tQ2SjMnVw,transfer_3,9012,jpeg50,239,london:34,manila:46,15.680011,36.1773
nairobi_query_4EL0OPwVmp4k2zCpl9_c_A,isotropic,5678,jpeg50,9,manila:153,nairobi:15,15.680000,36.1773
nairobi_query_4EL0OPwVmp4k2zCpl9_c_A,white_box,5678,jpeg50,3,toronto:112,nairobi:15,15.679998,36.1773
nairobi_query_4EL0OPwVmp4k2zCpl9_c_A,transfer_1,5678,jpeg50,2,boston:123,nairobi:15,15.679996,36.1773
nairobi_query_4EL0OPwVmp4k2zCpl9_c_A,transfer_2,5678,jpeg50,12,manila:153,nairobi:15,15.679995,36.1773
nairobi_query_4EL0OPwVmp4k2zCpl9_c_A,transfer_3,5678,jpeg50,9,manila:153,nairobi:15,15.679998,36.1773
nairobi_query_4EL0OPwVmp4k2zCpl9_c_A,isotropic,9012,jpeg50,10,manila:89,nairobi:15,15.679998,36.1773
nairobi_query_4EL0OPwVmp4k2zCpl9_c_A,white_box,9012,jpeg50,6,toronto:112,nairobi:15,15.680000,36.1773
nairobi_query_4EL0OPwVmp4k2zCpl9_c_A,transfer_1,9012,jpeg50,6,boston:123,nairobi:15,15.680000,36.1773
nairobi_query_4EL0OPwVmp4k2zCpl9_c_A,transfer_2,9012,jpeg50,2,boston:123,nairobi:15,15.679998,36.1773
nairobi_query_4EL0OPwVmp4k2zCpl9_c_A,transfer_3,9012,jpeg50,27,manila:153,nairobi:15,15.680001,36.1773
toronto_query_-MvRj243NBTPnognhgb4Cg,isotropic,5678,jpeg50,115,zurich:42,toronto:421,15.680000,36.1773
toronto_query_-MvRj243NBTPnognhgb4Cg,white_box,5678,jpeg50,1574,zurich:30,toronto:421,15.680000,36.1773
toronto_query_-MvRj243NBTPnognhgb4Cg,transfer_1,5678,jpeg50,237,amman:1,toronto:421,15.679997,36.1773
toronto_query_-MvRj243NBTPnognhgb4Cg,transfer_2,5678,jpeg50,428,manila:46,toronto:421,15.679998,36.1773
toronto_query_-MvRj243NBTPnognhgb4Cg,transfer_3,5678,jpeg50,1011,manila:143,toronto:421,15.679998,36.1773
toronto_query_-MvRj243NBTPnognhgb4Cg,isotropic,9012,jpeg50,74,amman:1,toronto:421,15.680000,36.1773
toronto_query_-MvRj243NBTPnognhgb4Cg,white_box,9012,jpeg50,1363,zurich:19,toronto:421,15.679998,36.1773
toronto_query_-MvRj243NBTPnognhgb4Cg,transfer_1,9012,jpeg50,374,zurich:42,toronto:421,15.680002,36.1773
toronto_query_-MvRj243NBTPnognhgb4Cg,transfer_2,9012,jpeg50,346,manila:46,toronto:421,15.679995,36.1773
toronto_query_-MvRj243NBTPnognhgb4Cg,transfer_3,9012,jpeg50,596,amman:1,toronto:421,15.680001,36.1773
zurich_query_0qoNSI3UUj6VR3TM7c0Peg,isotropic,5678,jpeg50,595,cph:342,zurich:38,15.680000,36.1773
zurich_query_0qoNSI3UUj6VR3TM7c0Peg,white_box,5678,jpeg50,1290,london:125,zurich:38,15.679996,36.1773
zurich_query_0qoNSI3UUj6VR3TM7c0Peg,transfer_1,5678,jpeg50,712,cph:342,zurich:38,15.680000,36.1773
zurich_query_0qoNSI3UUj6VR3TM7c0Peg,transfer_2,5678,jpeg50,762,cph:342,zurich:38,15.680001,36.1773
zurich_query_0qoNSI3UUj6VR3TM7c0Peg,transfer_3,5678,jpeg50,725,london:125,zurich:38,15.680000,36.1773
zurich_query_0qoNSI3UUj6VR3TM7c0Peg,isotropic,9012,jpeg50,556,cph:342,zurich:38,15.679997,36.1773
zurich_query_0qoNSI3UUj6VR3TM7c0Peg,white_box,9012,jpeg50,1369,london:125,zurich:38,15.680000,36.1773
zurich_query_0qoNSI3UUj6VR3TM7c0Peg,transfer_1,9012,jpeg50,802,cph:342,zurich:38,15.679998,36.1773
zurich_query_0qoNSI3UUj6VR3TM7c0Peg,transfer_2,9012,jpeg50,573,cph:342,zurich:38,15.680000,36.1773
zurich_query_0qoNSI3UUj6VR3TM7c0Peg,transfer_3,9012,jpeg50,408,cph:342,zurich:38,15.680000,36.1773
amman_query_2o7YcP9UAqSU1ygtK33BfQ,isotropic,5678,jpeg50,2,zurich:111,amman:31,15.679997,36.1773
amman_query_2o7YcP9UAqSU1ygtK33BfQ,white_box,5678,jpeg50,6,manila:33,amman:31,15.679998,36.1773
amman_query_2o7YcP9UAqSU1ygtK33BfQ,transfer_1,5678,jpeg50,1,amman:31,amman:31,15.680000,36.1773
amman_query_2o7YcP9UAqSU1ygtK33BfQ,transfer_2,5678,jpeg50,4,amman:30,amman:31,15.680002,36.1773
amman_query_2o7YcP9UAqSU1ygtK33BfQ,transfer_3,5678,jpeg50,1,amman:31,amman:31,15.680000,36.1773
amman_query_2o7YcP9UAqSU1ygtK33BfQ,isotropic,9012,jpeg50,2,zurich:111,amman:31,15.679998,36.1773
amman_query_2o7YcP9UAqSU1ygtK33BfQ,white_box,9012,jpeg50,14,manila:33,amman:31,15.680000,36.1773
amman_query_2o7YcP9UAqSU1ygtK33BfQ,transfer_1,9012,jpeg50,1,amman:31,amman:31,15.679995,36.1773
amman_query_2o7YcP9UAqSU1ygtK33BfQ,transfer_2,9012,jpeg50,3,cph:297,amman:31,15.680002,36.1773
amman_query_2o7YcP9UAqSU1ygtK33BfQ,transfer_3,9012,jpeg50,1,amman:31,amman:31,15.679997,36.1773
boston_query_-YC7UljP-400uMusDPAb5o,isotropic,5678,jpeg50,1,boston:244,boston:244,15.680000,36.1773
boston_query_-YC7UljP-400uMusDPAb5o,white_box,5678,jpeg50,12,manila:87,boston:244,15.679998,36.1773
boston_query_-YC7UljP-400uMusDPAb5o,transfer_1,5678,jpeg50,1,boston:244,boston:244,15.680002,36.1773
boston_query_-YC7UljP-400uMusDPAb5o,transfer_2,5678,jpeg50,1,boston:244,boston:244,15.680000,36.1773
boston_query_-YC7UljP-400uMusDPAb5o,transfer_3,5678,jpeg50,1,boston:244,boston:244,15.680000,36.1773
boston_query_-YC7UljP-400uMusDPAb5o,isotropic,9012,jpeg50,1,boston:244,boston:244,15.680000,36.1773
boston_query_-YC7UljP-400uMusDPAb5o,white_box,9012,jpeg50,71,manila:87,boston:244,15.679992,36.1773
boston_query_-YC7UljP-400uMusDPAb5o,transfer_1,9012,jpeg50,1,boston:244,boston:244,15.680005,36.1773
boston_query_-YC7UljP-400uMusDPAb5o,transfer_2,9012,jpeg50,1,boston:244,boston:244,15.680008,36.1773
boston_query_-YC7UljP-400uMusDPAb5o,transfer_3,9012,jpeg50,1,boston:244,boston:244,15.680000,36.1773
cph_query_-WSWmgHuo6qPHzHxqzEe1A,isotropic,5678,jpeg50,103,cph:429,cph:119,15.679998,36.1773
cph_query_-WSWmgHuo6qPHzHxqzEe1A,white_box,5678,jpeg50,494,london:75,cph:119,15.679998,36.1773
cph_query_-WSWmgHuo6qPHzHxqzEe1A,transfer_1,5678,jpeg50,83,cph:96,cph:119,15.680000,36.1773
cph_query_-WSWmgHuo6qPHzHxqzEe1A,transfer_2,5678,jpeg50,75,cph:96,cph:119,15.680000,36.1773
cph_query_-WSWmgHuo6qPHzHxqzEe1A,transfer_3,5678,jpeg50,99,cph:54,cph:119,15.679997,36.1773
cph_query_-WSWmgHuo6qPHzHxqzEe1A,isotropic,9012,jpeg50,75,cph:429,cph:119,15.679997,36.1773
cph_query_-WSWmgHuo6qPHzHxqzEe1A,white_box,9012,jpeg50,407,london:75,cph:119,15.680000,36.1773
cph_query_-WSWmgHuo6qPHzHxqzEe1A,transfer_1,9012,jpeg50,169,cph:429,cph:119,15.679997,36.1773
cph_query_-WSWmgHuo6qPHzHxqzEe1A,transfer_2,9012,jpeg50,70,cph:96,cph:119,15.679997,36.1773
cph_query_-WSWmgHuo6qPHzHxqzEe1A,transfer_3,9012,jpeg50,67,cph:96,cph:119,15.679998,36.1773
london_query_0EzKuKNIcxIWax_duM0EWw,isotropic,5678,jpeg50,1,london:23,london:23,15.680000,36.1773
london_query_0EzKuKNIcxIWax_duM0EWw,white_box,5678,jpeg50,2,manila:41,london:23,15.680000,36.1773
london_query_0EzKuKNIcxIWax_duM0EWw,transfer_1,5678,jpeg50,1,london:23,london:23,15.680008,36.1773
london_query_0EzKuKNIcxIWax_duM0EWw,transfer_2,5678,jpeg50,1,london:23,london:23,15.680000,36.1773
london_query_0EzKuKNIcxIWax_duM0EWw,transfer_3,5678,jpeg50,1,london:23,london:23,15.679996,36.1773
london_query_0EzKuKNIcxIWax_duM0EWw,isotropic,9012,jpeg50,1,london:23,london:23,15.680000,36.1773
london_query_0EzKuKNIcxIWax_duM0EWw,white_box,9012,jpeg50,2,manila:41,london:23,15.679998,36.1773
london_query_0EzKuKNIcxIWax_duM0EWw,transfer_1,9012,jpeg50,1,london:23,london:23,15.679995,36.1773
london_query_0EzKuKNIcxIWax_duM0EWw,transfer_2,9012,jpeg50,1,london:23,london:23,15.679998,36.1773
london_query_0EzKuKNIcxIWax_duM0EWw,transfer_3,9012,jpeg50,1,london:23,london:23,15.680008,36.1773
manila_query_-cmAo9dkimIih2B7T4UHfg,isotropic,5678,jpeg50,194,manila:116,manila:140,15.679995,36.1773
manila_query_-cmAo9dkimIih2B7T4UHfg,white_box,5678,jpeg50,476,toronto:207,manila:140,15.680002,36.1773
manila_query_-cmAo9dkimIih2B7T4UHfg,transfer_1,5678,jpeg50,646,boston:206,manila:140,15.680000,36.1773
manila_query_-cmAo9dkimIih2B7T4UHfg,transfer_2,5678,jpeg50,693,boston:206,manila:140,15.679998,36.1773
manila_query_-cmAo9dkimIih2B7T4UHfg,transfer_3,5678,jpeg50,671,boston:206,manila:140,15.679998,36.1773
manila_query_-cmAo9dkimIih2B7T4UHfg,isotropic,9012,jpeg50,275,manila:116,manila:140,15.679997,36.1773
manila_query_-cmAo9dkimIih2B7T4UHfg,white_box,9012,jpeg50,466,boston:206,manila:140,15.679998,36.1773
manila_query_-cmAo9dkimIih2B7T4UHfg,transfer_1,9012,jpeg50,414,boston:206,manila:140,15.679998,36.1773
manila_query_-cmAo9dkimIih2B7T4UHfg,transfer_2,9012,jpeg50,810,boston:206,manila:140,15.679998,36.1773
manila_query_-cmAo9dkimIih2B7T4UHfg,transfer_3,9012,jpeg50,713,boston:206,manila:140,15.680001,36.1773
nairobi_query_4Scm9UylRL9Edyu3ZemB9A,isotropic,5678,jpeg50,3,london:85,nairobi:8,15.680000,36.1773
nairobi_query_4Scm9UylRL9Edyu3ZemB9A,white_box,5678,jpeg50,475,toronto:207,nairobi:8,15.679997,36.1773
nairobi_query_4Scm9UylRL9Edyu3ZemB9A,transfer_1,5678,jpeg50,8,london:85,nairobi:8,15.679997,36.1773
nairobi_query_4Scm9UylRL9Edyu3ZemB9A,transfer_2,5678,jpeg50,25,zurich:19,nairobi:8,15.679992,36.1773
nairobi_query_4Scm9UylRL9Edyu3ZemB9A,transfer_3,5678,jpeg50,4,london:85,nairobi:8,15.680005,36.1773
nairobi_query_4Scm9UylRL9Edyu3ZemB9A,isotropic,9012,jpeg50,2,london:85,nairobi:8,15.680000,36.1773
nairobi_query_4Scm9UylRL9Edyu3ZemB9A,white_box,9012,jpeg50,291,boston:90,nairobi:8,15.679997,36.1773
nairobi_query_4Scm9UylRL9Edyu3ZemB9A,transfer_1,9012,jpeg50,3,london:85,nairobi:8,15.679997,36.1773
nairobi_query_4Scm9UylRL9Edyu3ZemB9A,transfer_2,9012,jpeg50,16,nairobi:7,nairobi:8,15.679998,36.1773
nairobi_query_4Scm9UylRL9Edyu3ZemB9A,transfer_3,9012,jpeg50,6,zurich:19,nairobi:8,15.680000,36.1773
toronto_query_-N8Ief4Q3CWSOSauaoVHkw,isotropic,5678,jpeg50,7,amman:23,toronto:244,15.680000,36.1773
toronto_query_-N8Ief4Q3CWSOSauaoVHkw,white_box,5678,jpeg50,19,zurich:60,toronto:244,15.679995,36.1773
toronto_query_-N8Ief4Q3CWSOSauaoVHkw,transfer_1,5678,jpeg50,6,amman:23,toronto:244,15.680000,36.1773
toronto_query_-N8Ief4Q3CWSOSauaoVHkw,transfer_2,5678,jpeg50,10,amman:23,toronto:244,15.680000,36.1773
toronto_query_-N8Ief4Q3CWSOSauaoVHkw,transfer_3,5678,jpeg50,11,cph:208,toronto:244,15.679998,36.1773
toronto_query_-N8Ief4Q3CWSOSauaoVHkw,isotropic,9012,jpeg50,23,amman:23,toronto:244,15.679998,36.1773
toronto_query_-N8Ief4Q3CWSOSauaoVHkw,white_box,9012,jpeg50,57,zurich:60,toronto:244,15.680002,36.1773
toronto_query_-N8Ief4Q3CWSOSauaoVHkw,transfer_1,9012,jpeg50,2,amman:23,toronto:244,15.679998,36.1773
toronto_query_-N8Ief4Q3CWSOSauaoVHkw,transfer_2,9012,jpeg50,11,amman:30,toronto:244,15.679997,36.1773
toronto_query_-N8Ief4Q3CWSOSauaoVHkw,transfer_3,9012,jpeg50,21,amman:30,toronto:244,15.679997,36.1773
zurich_query_0yT0tESrImO18FH9C5STzg,isotropic,5678,jpeg50,10,boston:79,zurich:42,15.680002,36.1773
zurich_query_0yT0tESrImO18FH9C5STzg,white_box,5678,jpeg50,306,boston:216,zurich:42,15.679997,36.1773
zurich_query_0yT0tESrImO18FH9C5STzg,transfer_1,5678,jpeg50,24,boston:216,zurich:42,15.680002,36.1773
zurich_query_0yT0tESrImO18FH9C5STzg,transfer_2,5678,jpeg50,67,boston:216,zurich:42,15.680000,36.1773
zurich_query_0yT0tESrImO18FH9C5STzg,transfer_3,5678,jpeg50,77,boston:216,zurich:42,15.679998,36.1773
zurich_query_0yT0tESrImO18FH9C5STzg,isotropic,9012,jpeg50,11,boston:79,zurich:42,15.679997,36.1773
zurich_query_0yT0tESrImO18FH9C5STzg,white_box,9012,jpeg50,276,boston:216,zurich:42,15.679998,36.1773
zurich_query_0yT0tESrImO18FH9C5STzg,transfer_1,9012,jpeg50,17,boston:79,zurich:42,15.680001,36.1773
zurich_query_0yT0tESrImO18FH9C5STzg,transfer_2,9012,jpeg50,62,boston:98,zurich:42,15.680000,36.1773
zurich_query_0yT0tESrImO18FH9C5STzg,transfer_3,9012,jpeg50,67,boston:98,zurich:42,15.679998,36.1773
amman_query_2pCCoWfi0AP_93cYLKD9sA,isotropic,5678,jpeg50,66,amman:11,amman:1,15.680000,36.1773
amman_query_2pCCoWfi0AP_93cYLKD9sA,white_box,5678,jpeg50,72,manila:13,amman:1,15.679995,36.1773
amman_query_2pCCoWfi0AP_93cYLKD9sA,transfer_1,5678,jpeg50,101,amman:11,amman:1,15.679991,36.1773
amman_query_2pCCoWfi0AP_93cYLKD9sA,transfer_2,5678,jpeg50,79,amman:11,amman:1,15.679995,36.1773
amman_query_2pCCoWfi0AP_93cYLKD9sA,transfer_3,5678,jpeg50,95,amman:23,amman:1,15.679993,36.1773
amman_query_2pCCoWfi0AP_93cYLKD9sA,isotropic,9012,jpeg50,99,amman:23,amman:1,15.680000,36.1773
amman_query_2pCCoWfi0AP_93cYLKD9sA,white_box,9012,jpeg50,80,manila:13,amman:1,15.679992,36.1773
amman_query_2pCCoWfi0AP_93cYLKD9sA,transfer_1,9012,jpeg50,83,amman:23,amman:1,15.680000,36.1773
amman_query_2pCCoWfi0AP_93cYLKD9sA,transfer_2,9012,jpeg50,79,amman:11,amman:1,15.680002,36.1773
amman_query_2pCCoWfi0AP_93cYLKD9sA,transfer_3,9012,jpeg50,72,amman:11,amman:1,15.679997,36.1773
boston_query_-YNCuOIwfe745OWl27FQZQ,isotropic,5678,jpeg50,1,boston:249,boston:249,15.680001,36.1773
boston_query_-YNCuOIwfe745OWl27FQZQ,white_box,5678,jpeg50,2,manila:181,boston:249,15.679998,36.1773
boston_query_-YNCuOIwfe745OWl27FQZQ,transfer_1,5678,jpeg50,1,boston:249,boston:249,15.680001,36.1773
boston_query_-YNCuOIwfe745OWl27FQZQ,transfer_2,5678,jpeg50,2,boston:191,boston:249,15.680002,36.1773
boston_query_-YNCuOIwfe745OWl27FQZQ,transfer_3,5678,jpeg50,2,boston:191,boston:249,15.679997,36.1773
boston_query_-YNCuOIwfe745OWl27FQZQ,isotropic,9012,jpeg50,2,boston:191,boston:249,15.680002,36.1773
boston_query_-YNCuOIwfe745OWl27FQZQ,white_box,9012,jpeg50,2,manila:181,boston:249,15.680002,36.1773
boston_query_-YNCuOIwfe745OWl27FQZQ,transfer_1,9012,jpeg50,1,boston:249,boston:249,15.680000,36.1773
boston_query_-YNCuOIwfe745OWl27FQZQ,transfer_2,9012,jpeg50,1,boston:249,boston:249,15.680002,36.1773
boston_query_-YNCuOIwfe745OWl27FQZQ,transfer_3,9012,jpeg50,12,boston:191,boston:249,15.680000,36.1773
cph_query_-XYLPst0OjYGoPVJKGP1aA,isotropic,5678,jpeg50,1,cph:33,cph:33,15.680000,36.1773
cph_query_-XYLPst0OjYGoPVJKGP1aA,white_box,5678,jpeg50,4,manila:72,cph:33,15.679998,36.1773
cph_query_-XYLPst0OjYGoPVJKGP1aA,transfer_1,5678,jpeg50,1,cph:33,cph:33,15.680000,36.1773
cph_query_-XYLPst0OjYGoPVJKGP1aA,transfer_2,5678,jpeg50,1,cph:33,cph:33,15.680000,36.1773
cph_query_-XYLPst0OjYGoPVJKGP1aA,transfer_3,5678,jpeg50,2,cph:175,cph:33,15.680001,36.1773
cph_query_-XYLPst0OjYGoPVJKGP1aA,isotropic,9012,jpeg50,1,cph:33,cph:33,15.680000,36.1773
cph_query_-XYLPst0OjYGoPVJKGP1aA,white_box,9012,jpeg50,2,manila:72,cph:33,15.680001,36.1773
cph_query_-XYLPst0OjYGoPVJKGP1aA,transfer_1,9012,jpeg50,1,cph:33,cph:33,15.680000,36.1773
cph_query_-XYLPst0OjYGoPVJKGP1aA,transfer_2,9012,jpeg50,1,cph:33,cph:33,15.680004,36.1773
cph_query_-XYLPst0OjYGoPVJKGP1aA,transfer_3,9012,jpeg50,1,cph:33,cph:33,15.679998,36.1773
london_query_0IFxmIDIkGlB0FShcszAfw,isotropic,5678,jpeg50,29,zurich:35,london:129,15.679998,36.1773
london_query_0IFxmIDIkGlB0FShcszAfw,white_box,5678,jpeg50,364,zurich:35,london:129,15.679995,36.1773
london_query_0IFxmIDIkGlB0FShcszAfw,transfer_1,5678,jpeg50,49,zurich:35,london:129,15.680000,36.1773
london_query_0IFxmIDIkGlB0FShcszAfw,transfer_2,5678,jpeg50,53,zurich:35,london:129,15.680000,36.1773
london_query_0IFxmIDIkGlB0FShcszAfw,transfer_3,5678,jpeg50,77,zurich:35,london:129,15.679997,36.1773
london_query_0IFxmIDIkGlB0FShcszAfw,isotropic,9012,jpeg50,50,zurich:35,london:129,15.679997,36.1773
london_query_0IFxmIDIkGlB0FShcszAfw,white_box,9012,jpeg50,434,zurich:35,london:129,15.679998,36.1773
london_query_0IFxmIDIkGlB0FShcszAfw,transfer_1,9012,jpeg50,46,zurich:35,london:129,15.679997,36.1773
london_query_0IFxmIDIkGlB0FShcszAfw,transfer_2,9012,jpeg50,56,zurich:35,london:129,15.679998,36.1773
london_query_0IFxmIDIkGlB0FShcszAfw,transfer_3,9012,jpeg50,37,zurich:35,london:129,15.679997,36.1773
manila_query_-dvVr_QHKim5_WyUsv_Z4A,isotropic,5678,jpeg50,157,manila:72,manila:142,15.679998,36.1773
manila_query_-dvVr_QHKim5_WyUsv_Z4A,white_box,5678,jpeg50,213,manila:54,manila:142,15.680000,36.1773
manila_query_-dvVr_QHKim5_WyUsv_Z4A,transfer_1,5678,jpeg50,105,manila:67,manila:142,15.680000,36.1773
manila_query_-dvVr_QHKim5_WyUsv_Z4A,transfer_2,5678,jpeg50,203,manila:67,manila:142,15.679997,36.1773
manila_query_-dvVr_QHKim5_WyUsv_Z4A,transfer_3,5678,jpeg50,126,manila:20,manila:142,15.679997,36.1773
manila_query_-dvVr_QHKim5_WyUsv_Z4A,isotropic,9012,jpeg50,120,manila:20,manila:142,15.679998,36.1773
manila_query_-dvVr_QHKim5_WyUsv_Z4A,white_box,9012,jpeg50,250,manila:67,manila:142,15.679997,36.1773
manila_query_-dvVr_QHKim5_WyUsv_Z4A,transfer_1,9012,jpeg50,56,manila:190,manila:142,15.680002,36.1773
manila_query_-dvVr_QHKim5_WyUsv_Z4A,transfer_2,9012,jpeg50,194,manila:29,manila:142,15.679995,36.1773
manila_query_-dvVr_QHKim5_WyUsv_Z4A,transfer_3,9012,jpeg50,142,manila:20,manila:142,15.680000,36.1773
nairobi_query_4_8wDQ5TQuzz_jEJKVIl0Q,isotropic,5678,jpeg50,209,manila:132,nairobi:20,15.679997,36.1773
nairobi_query_4_8wDQ5TQuzz_jEJKVIl0Q,white_box,5678,jpeg50,727,manila:132,nairobi:20,15.680000,36.1773
nairobi_query_4_8wDQ5TQuzz_jEJKVIl0Q,transfer_1,5678,jpeg50,286,manila:132,nairobi:20,15.680002,36.1773
nairobi_query_4_8wDQ5TQuzz_jEJKVIl0Q,transfer_2,5678,jpeg50,280,manila:132,nairobi:20,15.679997,36.1773
nairobi_query_4_8wDQ5TQuzz_jEJKVIl0Q,transfer_3,5678,jpeg50,289,manila:132,nairobi:20,15.680007,36.1773
nairobi_query_4_8wDQ5TQuzz_jEJKVIl0Q,isotropic,9012,jpeg50,189,manila:132,nairobi:20,15.680000,36.1773
nairobi_query_4_8wDQ5TQuzz_jEJKVIl0Q,white_box,9012,jpeg50,765,manila:132,nairobi:20,15.680000,36.1773
nairobi_query_4_8wDQ5TQuzz_jEJKVIl0Q,transfer_1,9012,jpeg50,249,manila:132,nairobi:20,15.680000,36.1773
nairobi_query_4_8wDQ5TQuzz_jEJKVIl0Q,transfer_2,9012,jpeg50,259,manila:132,nairobi:20,15.679997,36.1773
nairobi_query_4_8wDQ5TQuzz_jEJKVIl0Q,transfer_3,9012,jpeg50,352,manila:132,nairobi:20,15.679998,36.1773
toronto_query_-OZxhiQ5zPqGdSRrqUMKfQ,isotropic,5678,jpeg50,1,toronto:151,toronto:151,15.680000,36.1773
toronto_query_-OZxhiQ5zPqGdSRrqUMKfQ,white_box,5678,jpeg50,366,amman:1,toronto:151,15.680000,36.1773
toronto_query_-OZxhiQ5zPqGdSRrqUMKfQ,transfer_1,5678,jpeg50,2,boston:98,toronto:151,15.679997,36.1773
toronto_query_-OZxhiQ5zPqGdSRrqUMKfQ,transfer_2,5678,jpeg50,3,boston:98,toronto:151,15.679997,36.1773
toronto_query_-OZxhiQ5zPqGdSRrqUMKfQ,transfer_3,5678,jpeg50,43,boston:99,toronto:151,15.680000,36.1773
toronto_query_-OZxhiQ5zPqGdSRrqUMKfQ,isotropic,9012,jpeg50,1,toronto:151,toronto:151,15.680000,36.1773
toronto_query_-OZxhiQ5zPqGdSRrqUMKfQ,white_box,9012,jpeg50,242,boston:99,toronto:151,15.680000,36.1773
toronto_query_-OZxhiQ5zPqGdSRrqUMKfQ,transfer_1,9012,jpeg50,3,boston:98,toronto:151,15.680000,36.1773
toronto_query_-OZxhiQ5zPqGdSRrqUMKfQ,transfer_2,9012,jpeg50,6,boston:99,toronto:151,15.680001,36.1773
toronto_query_-OZxhiQ5zPqGdSRrqUMKfQ,transfer_3,9012,jpeg50,39,boston:99,toronto:151,15.679998,36.1773
zurich_query_0zEmJXMA03W0EBFP74wRVQ,isotropic,5678,jpeg50,1,zurich:60,zurich:60,15.680000,36.1773
zurich_query_0zEmJXMA03W0EBFP74wRVQ,white_box,5678,jpeg50,88,cph:464,zurich:60,15.680002,36.1773
zurich_query_0zEmJXMA03W0EBFP74wRVQ,transfer_1,5678,jpeg50,3,manila:13,zurich:60,15.680002,36.1773
zurich_query_0zEmJXMA03W0EBFP74wRVQ,transfer_2,5678,jpeg50,4,manila:13,zurich:60,15.680000,36.1773
zurich_query_0zEmJXMA03W0EBFP74wRVQ,transfer_3,5678,jpeg50,11,manila:13,zurich:60,15.679997,36.1773
zurich_query_0zEmJXMA03W0EBFP74wRVQ,isotropic,9012,jpeg50,1,zurich:60,zurich:60,15.680000,36.1773
zurich_query_0zEmJXMA03W0EBFP74wRVQ,white_box,9012,jpeg50,162,manila:143,zurich:60,15.679997,36.1773
zurich_query_0zEmJXMA03W0EBFP74wRVQ,transfer_1,9012,jpeg50,4,boston:191,zurich:60,15.680000,36.1773
zurich_query_0zEmJXMA03W0EBFP74wRVQ,transfer_2,9012,jpeg50,5,boston:191,zurich:60,15.680000,36.1773
zurich_query_0zEmJXMA03W0EBFP74wRVQ,transfer_3,9012,jpeg50,15,cph:464,zurich:60,15.679998,36.1773
amman_query_2pZlZDNh_3B-gECdtvklWQ,isotropic,5678,jpeg50,16,amman:23,amman:29,15.680000,36.1773
amman_query_2pZlZDNh_3B-gECdtvklWQ,white_box,5678,jpeg50,221,toronto:200,amman:29,15.680001,36.1773
amman_query_2pZlZDNh_3B-gECdtvklWQ,transfer_1,5678,jpeg50,27,amman:23,amman:29,15.680002,36.1773
amman_query_2pZlZDNh_3B-gECdtvklWQ,transfer_2,5678,jpeg50,18,zurich:61,amman:29,15.680007,36.1773
amman_query_2pZlZDNh_3B-gECdtvklWQ,transfer_3,5678,jpeg50,12,zurich:61,amman:29,15.679998,36.1773
amman_query_2pZlZDNh_3B-gECdtvklWQ,isotropic,9012,jpeg50,25,amman:31,amman:29,15.680000,36.1773
amman_query_2pZlZDNh_3B-gECdtvklWQ,white_box,9012,jpeg50,257,toronto:200,amman:29,15.680000,36.1773
amman_query_2pZlZDNh_3B-gECdtvklWQ,transfer_1,9012,jpeg50,29,amman:23,amman:29,15.679997,36.1773
amman_query_2pZlZDNh_3B-gECdtvklWQ,transfer_2,9012,jpeg50,33,amman:23,amman:29,15.679993,36.1773
amman_query_2pZlZDNh_3B-gECdtvklWQ,transfer_3,9012,jpeg50,51,amman:23,amman:29,15.680002,36.1773
boston_query_-Zk-uQZzECPhvd8WV6mxhQ,isotropic,5678,jpeg50,1,boston:216,boston:216,15.679997,36.1773
boston_query_-Zk-uQZzECPhvd8WV6mxhQ,white_box,5678,jpeg50,2,manila:189,boston:216,15.679997,36.1773
boston_query_-Zk-uQZzECPhvd8WV6mxhQ,transfer_1,5678,jpeg50,1,boston:216,boston:216,15.680000,36.1773
boston_query_-Zk-uQZzECPhvd8WV6mxhQ,transfer_2,5678,jpeg50,1,boston:216,boston:216,15.680000,36.1773
boston_query_-Zk-uQZzECPhvd8WV6mxhQ,transfer_3,5678,jpeg50,1,boston:216,boston:216,15.680000,36.1773
boston_query_-Zk-uQZzECPhvd8WV6mxhQ,isotropic,9012,jpeg50,1,boston:216,boston:216,15.680000,36.1773
boston_query_-Zk-uQZzECPhvd8WV6mxhQ,white_box,9012,jpeg50,1,boston:216,boston:216,15.679998,36.1773
boston_query_-Zk-uQZzECPhvd8WV6mxhQ,transfer_1,9012,jpeg50,1,boston:216,boston:216,15.680000,36.1773
boston_query_-Zk-uQZzECPhvd8WV6mxhQ,transfer_2,9012,jpeg50,1,boston:216,boston:216,15.679992,36.1773
boston_query_-Zk-uQZzECPhvd8WV6mxhQ,transfer_3,9012,jpeg50,1,boston:216,boston:216,15.679995,36.1773
cph_query_-YjbrleIz5WKWE1Rmmo4fg,isotropic,5678,jpeg50,1,cph:279,cph:279,15.679997,36.1773
cph_query_-YjbrleIz5WKWE1Rmmo4fg,white_box,5678,jpeg50,4,amman:30,cph:279,15.680000,36.1773
cph_query_-YjbrleIz5WKWE1Rmmo4fg,transfer_1,5678,jpeg50,1,cph:279,cph:279,15.680000,36.1773
cph_query_-YjbrleIz5WKWE1Rmmo4fg,transfer_2,5678,jpeg50,1,cph:279,cph:279,15.679995,36.1773
cph_query_-YjbrleIz5WKWE1Rmmo4fg,transfer_3,5678,jpeg50,1,cph:279,cph:279,15.680002,36.1773
cph_query_-YjbrleIz5WKWE1Rmmo4fg,isotropic,9012,jpeg50,1,cph:279,cph:279,15.679998,36.1773
cph_query_-YjbrleIz5WKWE1Rmmo4fg,white_box,9012,jpeg50,4,amman:30,cph:279,15.679991,36.1773
cph_query_-YjbrleIz5WKWE1Rmmo4fg,transfer_1,9012,jpeg50,1,cph:279,cph:279,15.680002,36.1773
cph_query_-YjbrleIz5WKWE1Rmmo4fg,transfer_2,9012,jpeg50,1,cph:279,cph:279,15.679997,36.1773
cph_query_-YjbrleIz5WKWE1Rmmo4fg,transfer_3,9012,jpeg50,1,cph:279,cph:279,15.679995,36.1773
london_query_0LQj6exgKdVQbIBlQAVcrw,isotropic,5678,jpeg50,45,manila:163,london:73,15.680000,36.1773
london_query_0LQj6exgKdVQbIBlQAVcrw,white_box,5678,jpeg50,373,cph:296,london:73,15.679997,36.1773
london_query_0LQj6exgKdVQbIBlQAVcrw,transfer_1,5678,jpeg50,84,manila:163,london:73,15.679997,36.1773
london_query_0LQj6exgKdVQbIBlQAVcrw,transfer_2,5678,jpeg50,90,manila:202,london:73,15.680002,36.1773
london_query_0LQj6exgKdVQbIBlQAVcrw,transfer_3,5678,jpeg50,85,cph:296,london:73,15.679992,36.1773
london_query_0LQj6exgKdVQbIBlQAVcrw,isotropic,9012,jpeg50,34,cph:296,london:73,15.679997,36.1773
london_query_0LQj6exgKdVQbIBlQAVcrw,white_box,9012,jpeg50,398,cph:296,london:73,15.680004,36.1773
london_query_0LQj6exgKdVQbIBlQAVcrw,transfer_1,9012,jpeg50,61,manila:163,london:73,15.680007,36.1773
london_query_0LQj6exgKdVQbIBlQAVcrw,transfer_2,9012,jpeg50,74,london:129,london:73,15.680001,36.1773
london_query_0LQj6exgKdVQbIBlQAVcrw,transfer_3,9012,jpeg50,73,cph:296,london:73,15.679997,36.1773
manila_query_-fizm8lmdD_ORe0_j5qnJQ,isotropic,5678,jpeg50,19,manila:116,manila:6,15.680002,36.1773
manila_query_-fizm8lmdD_ORe0_j5qnJQ,white_box,5678,jpeg50,43,manila:190,manila:6,15.679995,36.1773
manila_query_-fizm8lmdD_ORe0_j5qnJQ,transfer_1,5678,jpeg50,48,manila:190,manila:6,15.680005,36.1773
manila_query_-fizm8lmdD_ORe0_j5qnJQ,transfer_2,5678,jpeg50,138,manila:190,manila:6,15.680005,36.1773
manila_query_-fizm8lmdD_ORe0_j5qnJQ,transfer_3,5678,jpeg50,109,toronto:23,manila:6,15.679995,36.1773
manila_query_-fizm8lmdD_ORe0_j5qnJQ,isotropic,9012,jpeg50,31,manila:116,manila:6,15.679997,36.1773
manila_query_-fizm8lmdD_ORe0_j5qnJQ,white_box,9012,jpeg50,77,manila:190,manila:6,15.680002,36.1773
manila_query_-fizm8lmdD_ORe0_j5qnJQ,transfer_1,9012,jpeg50,94,manila:190,manila:6,15.679998,36.1773
manila_query_-fizm8lmdD_ORe0_j5qnJQ,transfer_2,9012,jpeg50,97,manila:190,manila:6,15.679997,36.1773
manila_query_-fizm8lmdD_ORe0_j5qnJQ,transfer_3,9012,jpeg50,114,toronto:23,manila:6,15.679998,36.1773
nairobi_query_4otBu8pxIHc7lXwh66bqHQ,isotropic,5678,jpeg50,2000,boston:249,nairobi:2,15.680000,36.1773
nairobi_query_4otBu8pxIHc7lXwh66bqHQ,white_box,5678,jpeg50,2000,zurich:94,nairobi:2,15.679998,36.1773
nairobi_query_4otBu8pxIHc7lXwh66bqHQ,transfer_1,5678,jpeg50,2000,boston:249,nairobi:2,15.679998,36.1773
nairobi_query_4otBu8pxIHc7lXwh66bqHQ,transfer_2,5678,jpeg50,2000,boston:249,nairobi:2,15.680008,36.1773
nairobi_query_4otBu8pxIHc7lXwh66bqHQ,transfer_3,5678,jpeg50,2000,boston:249,nairobi:2,15.680000,36.1773
nairobi_query_4otBu8pxIHc7lXwh66bqHQ,isotropic,9012,jpeg50,2000,boston:249,nairobi:2,15.679998,36.1773
nairobi_query_4otBu8pxIHc7lXwh66bqHQ,white_box,9012,jpeg50,2000,manila:163,nairobi:2,15.680000,36.1773
nairobi_query_4otBu8pxIHc7lXwh66bqHQ,transfer_1,9012,jpeg50,2000,boston:249,nairobi:2,15.679997,36.1773
nairobi_query_4otBu8pxIHc7lXwh66bqHQ,transfer_2,9012,jpeg50,2000,boston:249,nairobi:2,15.679997,36.1773
nairobi_query_4otBu8pxIHc7lXwh66bqHQ,transfer_3,9012,jpeg50,2000,zurich:19,nairobi:2,15.679997,36.1773
toronto_query_-Pkw8dqFfD76K-CZ7pnCVQ,isotropic,5678,jpeg50,89,zurich:42,toronto:258,15.679997,36.1773
toronto_query_-Pkw8dqFfD76K-CZ7pnCVQ,white_box,5678,jpeg50,1480,manila:92,toronto:258,15.679995,36.1773
toronto_query_-Pkw8dqFfD76K-CZ7pnCVQ,transfer_1,5678,jpeg50,126,zurich:42,toronto:258,15.679998,36.1773
toronto_query_-Pkw8dqFfD76K-CZ7pnCVQ,transfer_2,5678,jpeg50,292,zurich:42,toronto:258,15.680001,36.1773
toronto_query_-Pkw8dqFfD76K-CZ7pnCVQ,transfer_3,5678,jpeg50,325,zurich:42,toronto:258,15.680000,36.1773
toronto_query_-Pkw8dqFfD76K-CZ7pnCVQ,isotropic,9012,jpeg50,120,zurich:42,toronto:258,15.679996,36.1773
toronto_query_-Pkw8dqFfD76K-CZ7pnCVQ,white_box,9012,jpeg50,1403,manila:92,toronto:258,15.680000,36.1773
toronto_query_-Pkw8dqFfD76K-CZ7pnCVQ,transfer_1,9012,jpeg50,103,zurich:42,toronto:258,15.680000,36.1773
toronto_query_-Pkw8dqFfD76K-CZ7pnCVQ,transfer_2,9012,jpeg50,353,zurich:42,toronto:258,15.680000,36.1773
toronto_query_-Pkw8dqFfD76K-CZ7pnCVQ,transfer_3,9012,jpeg50,440,zurich:42,toronto:258,15.679998,36.1773
zurich_query_1-8NWRY7HPTPq2lkQitPfw,isotropic,5678,jpeg50,26,cph:460,zurich:103,15.679997,36.1773
zurich_query_1-8NWRY7HPTPq2lkQitPfw,white_box,5678,jpeg50,52,manila:72,zurich:103,15.680004,36.1773
zurich_query_1-8NWRY7HPTPq2lkQitPfw,transfer_1,5678,jpeg50,27,toronto:301,zurich:103,15.679998,36.1773
zurich_query_1-8NWRY7HPTPq2lkQitPfw,transfer_2,5678,jpeg50,4,cph:460,zurich:103,15.680005,36.1773
zurich_query_1-8NWRY7HPTPq2lkQitPfw,transfer_3,5678,jpeg50,17,amman:31,zurich:103,15.679997,36.1773
zurich_query_1-8NWRY7HPTPq2lkQitPfw,isotropic,9012,jpeg50,22,toronto:301,zurich:103,15.679996,36.1773
zurich_query_1-8NWRY7HPTPq2lkQitPfw,white_box,9012,jpeg50,108,boston:249,zurich:103,15.679995,36.1773
zurich_query_1-8NWRY7HPTPq2lkQitPfw,transfer_1,9012,jpeg50,30,cph:460,zurich:103,15.679997,36.1773
zurich_query_1-8NWRY7HPTPq2lkQitPfw,transfer_2,9012,jpeg50,16,toronto:301,zurich:103,15.680000,36.1773
zurich_query_1-8NWRY7HPTPq2lkQitPfw,transfer_3,9012,jpeg50,23,cph:356,zurich:103,15.680002,36.1773
amman_query_2rTDzpKAZdmx5K2aSyos9w,isotropic,5678,jpeg50,73,amman:6,amman:11,15.679997,36.1773
amman_query_2rTDzpKAZdmx5K2aSyos9w,white_box,5678,jpeg50,370,amman:1,amman:11,15.679998,36.1773
amman_query_2rTDzpKAZdmx5K2aSyos9w,transfer_1,5678,jpeg50,109,amman:25,amman:11,15.680005,36.1773
amman_query_2rTDzpKAZdmx5K2aSyos9w,transfer_2,5678,jpeg50,102,amman:6,amman:11,15.679995,36.1773
amman_query_2rTDzpKAZdmx5K2aSyos9w,transfer_3,5678,jpeg50,305,zurich:19,amman:11,15.680000,36.1773
amman_query_2rTDzpKAZdmx5K2aSyos9w,isotropic,9012,jpeg50,103,amman:6,amman:11,15.680000,36.1773
amman_query_2rTDzpKAZdmx5K2aSyos9w,white_box,9012,jpeg50,363,zurich:19,amman:11,15.679995,36.1773
amman_query_2rTDzpKAZdmx5K2aSyos9w,transfer_1,9012,jpeg50,95,amman:6,amman:11,15.679997,36.1773
amman_query_2rTDzpKAZdmx5K2aSyos9w,transfer_2,9012,jpeg50,117,zurich:19,amman:11,15.680008,36.1773
amman_query_2rTDzpKAZdmx5K2aSyos9w,transfer_3,9012,jpeg50,248,zurich:19,amman:11,15.679997,36.1773
boston_query_-_69BJwJSLQGnzQD20QsOg,isotropic,5678,jpeg50,666,manila:6,boston:27,15.679996,36.1773
boston_query_-_69BJwJSLQGnzQD20QsOg,white_box,5678,jpeg50,1429,zurich:22,boston:27,15.680000,36.1773
boston_query_-_69BJwJSLQGnzQD20QsOg,transfer_1,5678,jpeg50,911,manila:6,boston:27,15.679997,36.1773
boston_query_-_69BJwJSLQGnzQD20QsOg,transfer_2,5678,jpeg50,917,manila:6,boston:27,15.679997,36.1773
boston_query_-_69BJwJSLQGnzQD20QsOg,transfer_3,5678,jpeg50,851,manila:6,boston:27,15.679995,36.1773
boston_query_-_69BJwJSLQGnzQD20QsOg,isotropic,9012,jpeg50,675,manila:6,boston:27,15.680001,36.1773
boston_query_-_69BJwJSLQGnzQD20QsOg,white_box,9012,jpeg50,1442,zurich:22,boston:27,15.679998,36.1773
boston_query_-_69BJwJSLQGnzQD20QsOg,transfer_1,9012,jpeg50,754,manila:6,boston:27,15.680000,36.1773
boston_query_-_69BJwJSLQGnzQD20QsOg,transfer_2,9012,jpeg50,853,manila:6,boston:27,15.680001,36.1773
boston_query_-_69BJwJSLQGnzQD20QsOg,transfer_3,9012,jpeg50,799,manila:6,boston:27,15.679998,36.1773
cph_query_-YnFOjTmnQhpLwXt2EJ1QQ,isotropic,5678,jpeg50,470,amman:25,cph:264,15.680002,36.1773
cph_query_-YnFOjTmnQhpLwXt2EJ1QQ,white_box,5678,jpeg50,1797,boston:123,cph:264,15.679995,36.1773
cph_query_-YnFOjTmnQhpLwXt2EJ1QQ,transfer_1,5678,jpeg50,129,amman:25,cph:264,15.679998,36.1773
cph_query_-YnFOjTmnQhpLwXt2EJ1QQ,transfer_2,5678,jpeg50,256,manila:89,cph:264,15.679995,36.1773
cph_query_-YnFOjTmnQhpLwXt2EJ1QQ,transfer_3,5678,jpeg50,551,manila:89,cph:264,15.679997,36.1773
cph_query_-YnFOjTmnQhpLwXt2EJ1QQ,isotropic,9012,jpeg50,364,amman:25,cph:264,15.679997,36.1773
cph_query_-YnFOjTmnQhpLwXt2EJ1QQ,white_box,9012,jpeg50,1857,toronto:55,cph:264,15.679995,36.1773
cph_query_-YnFOjTmnQhpLwXt2EJ1QQ,transfer_1,9012,jpeg50,233,amman:25,cph:264,15.679998,36.1773
cph_query_-YnFOjTmnQhpLwXt2EJ1QQ,transfer_2,9012,jpeg50,554,manila:89,cph:264,15.679997,36.1773
cph_query_-YnFOjTmnQhpLwXt2EJ1QQ,transfer_3,9012,jpeg50,385,amman:25,cph:264,15.679998,36.1773
london_query_0M3fNwl2Fi82PVH3lDRsCg,isotropic,5678,jpeg50,1,london:34,london:34,15.679997,36.1773
london_query_0M3fNwl2Fi82PVH3lDRsCg,white_box,5678,jpeg50,5,london:121,london:34,15.679997,36.1773
london_query_0M3fNwl2Fi82PVH3lDRsCg,transfer_1,5678,jpeg50,1,london:34,london:34,15.679997,36.1773
london_query_0M3fNwl2Fi82PVH3lDRsCg,transfer_2,5678,jpeg50,1,london:34,london:34,15.679996,36.1773
london_query_0M3fNwl2Fi82PVH3lDRsCg,transfer_3,5678,jpeg50,1,london:34,london:34,15.679998,36.1773
london_query_0M3fNwl2Fi82PVH3lDRsCg,isotropic,9012,jpeg50,1,london:34,london:34,15.680002,36.1773
london_query_0M3fNwl2Fi82PVH3lDRsCg,white_box,9012,jpeg50,7,london:121,london:34,15.680002,36.1773
london_query_0M3fNwl2Fi82PVH3lDRsCg,transfer_1,9012,jpeg50,1,london:34,london:34,15.679996,36.1773
london_query_0M3fNwl2Fi82PVH3lDRsCg,transfer_2,9012,jpeg50,1,london:34,london:34,15.680002,36.1773
london_query_0M3fNwl2Fi82PVH3lDRsCg,transfer_3,9012,jpeg50,1,london:34,london:34,15.680000,36.1773
manila_query_-hNuMbgiWK_ZPELfuWj5FQ,isotropic,5678,jpeg50,6,manila:143,manila:89,15.679997,36.1773
manila_query_-hNuMbgiWK_ZPELfuWj5FQ,white_box,5678,jpeg50,120,manila:190,manila:89,15.680007,36.1773
manila_query_-hNuMbgiWK_ZPELfuWj5FQ,transfer_1,5678,jpeg50,12,manila:143,manila:89,15.679998,36.1773
manila_query_-hNuMbgiWK_ZPELfuWj5FQ,transfer_2,5678,jpeg50,10,manila:143,manila:89,15.680000,36.1773
manila_query_-hNuMbgiWK_ZPELfuWj5FQ,transfer_3,5678,jpeg50,12,nairobi:15,manila:89,15.679997,36.1773
manila_query_-hNuMbgiWK_ZPELfuWj5FQ,isotropic,9012,jpeg50,5,manila:143,manila:89,15.680000,36.1773
manila_query_-hNuMbgiWK_ZPELfuWj5FQ,white_box,9012,jpeg50,134,manila:190,manila:89,15.679997,36.1773
manila_query_-hNuMbgiWK_ZPELfuWj5FQ,transfer_1,9012,jpeg50,21,manila:143,manila:89,15.679998,36.1773
manila_query_-hNuMbgiWK_ZPELfuWj5FQ,transfer_2,9012,jpeg50,9,manila:143,manila:89,15.679995,36.1773
manila_query_-hNuMbgiWK_ZPELfuWj5FQ,transfer_3,9012,jpeg50,22,manila:143,manila:89,15.680000,36.1773
nairobi_query_5ISN1dRvjgJI9rd6GbusNQ,isotropic,5678,jpeg50,34,cph:459,nairobi:3,15.679996,36.1773
nairobi_query_5ISN1dRvjgJI9rd6GbusNQ,white_box,5678,jpeg50,728,london:2,nairobi:3,15.679998,36.1773
nairobi_query_5ISN1dRvjgJI9rd6GbusNQ,transfer_1,5678,jpeg50,35,nairobi:4,nairobi:3,15.680000,36.1773
nairobi_query_5ISN1dRvjgJI9rd6GbusNQ,transfer_2,5678,jpeg50,67,manila:181,nairobi:3,15.680000,36.1773
nairobi_query_5ISN1dRvjgJI9rd6GbusNQ,transfer_3,5678,jpeg50,45,boston:79,nairobi:3,15.679997,36.1773
nairobi_query_5ISN1dRvjgJI9rd6GbusNQ,isotropic,9012,jpeg50,90,cph:241,nairobi:3,15.679997,36.1773
nairobi_query_5ISN1dRvjgJI9rd6GbusNQ,white_box,9012,jpeg50,664,london:2,nairobi:3,15.680007,36.1773
nairobi_query_5ISN1dRvjgJI9rd6GbusNQ,transfer_1,9012,jpeg50,47,zurich:42,nairobi:3,15.679998,36.1773
nairobi_query_5ISN1dRvjgJI9rd6GbusNQ,transfer_2,9012,jpeg50,109,manila:181,nairobi:3,15.680000,36.1773
nairobi_query_5ISN1dRvjgJI9rd6GbusNQ,transfer_3,9012,jpeg50,84,cph:241,nairobi:3,15.679995,36.1773
toronto_query_-PuMS2UqNh7dbLLfWE37yg,isotropic,5678,jpeg50,5,toronto:236,toronto:273,15.679997,36.1773
toronto_query_-PuMS2UqNh7dbLLfWE37yg,white_box,5678,jpeg50,104,zurich:5,toronto:273,15.680000,36.1773
toronto_query_-PuMS2UqNh7dbLLfWE37yg,transfer_1,5678,jpeg50,4,toronto:236,toronto:273,15.679998,36.1773
toronto_query_-PuMS2UqNh7dbLLfWE37yg,transfer_2,5678,jpeg50,16,toronto:236,toronto:273,15.680000,36.1773
toronto_query_-PuMS2UqNh7dbLLfWE37yg,transfer_3,5678,jpeg50,14,toronto:236,toronto:273,15.679995,36.1773
toronto_query_-PuMS2UqNh7dbLLfWE37yg,isotropic,9012,jpeg50,3,toronto:236,toronto:273,15.679997,36.1773
toronto_query_-PuMS2UqNh7dbLLfWE37yg,white_box,9012,jpeg50,126,zurich:5,toronto:273,15.680000,36.1773
toronto_query_-PuMS2UqNh7dbLLfWE37yg,transfer_1,9012,jpeg50,1,toronto:273,toronto:273,15.680000,36.1773
toronto_query_-PuMS2UqNh7dbLLfWE37yg,transfer_2,9012,jpeg50,8,toronto:236,toronto:273,15.680001,36.1773
toronto_query_-PuMS2UqNh7dbLLfWE37yg,transfer_3,9012,jpeg50,16,toronto:236,toronto:273,15.679993,36.1773
zurich_query_1-TXtjFv1nAkC2AZXfhuDg,isotropic,5678,jpeg50,26,boston:191,zurich:23,15.679997,36.1773
zurich_query_1-TXtjFv1nAkC2AZXfhuDg,white_box,5678,jpeg50,717,manila:92,zurich:23,15.679998,36.1773
zurich_query_1-TXtjFv1nAkC2AZXfhuDg,transfer_1,5678,jpeg50,57,boston:191,zurich:23,15.679997,36.1773
zurich_query_1-TXtjFv1nAkC2AZXfhuDg,transfer_2,5678,jpeg50,134,boston:191,zurich:23,15.680000,36.1773
zurich_query_1-TXtjFv1nAkC2AZXfhuDg,transfer_3,5678,jpeg50,148,boston:191,zurich:23,15.680002,36.1773
zurich_query_1-TXtjFv1nAkC2AZXfhuDg,isotropic,9012,jpeg50,54,boston:191,zurich:23,15.680001,36.1773
zurich_query_1-TXtjFv1nAkC2AZXfhuDg,white_box,9012,jpeg50,778,manila:92,zurich:23,15.680000,36.1773
zurich_query_1-TXtjFv1nAkC2AZXfhuDg,transfer_1,9012,jpeg50,38,boston:191,zurich:23,15.679997,36.1773
zurich_query_1-TXtjFv1nAkC2AZXfhuDg,transfer_2,9012,jpeg50,90,zurich:19,zurich:23,15.679993,36.1773
zurich_query_1-TXtjFv1nAkC2AZXfhuDg,transfer_3,9012,jpeg50,153,boston:191,zurich:23,15.680001,36.1773
