query_id,place_id,city,condition,seed,pred_lat,pred_lon,true_lat,true_lon,error_km,effective_mse
amman_query_-39Q9edqZUArYHa41OPDoQ,amman:31,amman,clean,1234,31.949663,35.884094,31.999358,35.879608,5.5420,0.0000
amman_query_-39Q9edqZUArYHa41OPDoQ,amman:31,amman,isotropic,1234,31.934683,35.904694,31.999358,35.879608,7.5709,15.6800
amman_query_-39Q9edqZUArYHa41OPDoQ,amman:31,amman,edge,1234,31.949841,35.922371,31.999358,35.879608,6.8255,15.6800
amman_query_-39Q9edqZUArYHa41OPDoQ,amman:31,amman,saliency,1234,31.949663,35.884094,31.999358,35.879608,5.5420,15.6800
boston_query_--LUAhgqzqNM6FyWSJ-Dsw,boston:87,boston,clean,1234,-25.295357,-57.576202,42.398486,-71.107798,7654.3396,0.0000
boston_query_--LUAhgqzqNM6FyWSJ-Dsw,boston:87,boston,isotropic,1234,3.432602,-76.527245,42.398486,-71.107798,4366.0900,15.6800
boston_query_--LUAhgqzqNM6FyWSJ-Dsw,boston:87,boston,edge,1234,42.395805,-71.120628,42.398486,-71.107798,1.0949,15.6800
boston_query_--LUAhgqzqNM6FyWSJ-Dsw,boston:87,boston,saliency,1234,-25.295357,-57.576202,42.398486,-71.107798,7654.3396,15.6800
cph_query_--FyHVca3HP-QgUmcAvToA,cph:208,cph,clean,1234,55.725639,12.572269,55.696390,12.519278,4.6473,0.0000
cph_query_--FyHVca3HP-QgUmcAvToA,cph:208,cph,isotropic,1234,56.009632,12.736630,55.696390,12.519278,37.3796,15.6800
cph_query_--FyHVca3HP-QgUmcAvToA,cph:208,cph,edge,1234,55.731667,12.567560,55.696390,12.519278,4.9531,15.6800
cph_query_--FyHVca3HP-QgUmcAvToA,cph:208,cph,saliency,1234,55.725639,12.572269,55.696390,12.519278,4.6473,15.6800
london_query_-0u7VsCOCAmwH4RFsN5BoA,london:51,london,clean,1234,51.590679,-0.065091,51.468922,-0.126438,14.1883,0.0000
london_query_-0u7VsCOCAmwH4RFsN5BoA,london:51,london,isotropic,1234,51.594807,-0.066089,51.468922,-0.126438,14.6070,15.6800
london_query_-0u7VsCOCAmwH4RFsN5BoA,london:51,london,edge,1234,51.490978,-0.194873,51.468922,-0.126438,5.3362,15.6800
london_query_-0u7VsCOCAmwH4RFsN5BoA,london:51,london,saliency,1234,51.590679,-0.065091,51.468922,-0.126438,14.1883,15.6800
manila_query_-10kuZ2TqVxJ-YLQJl2uqA,manila:102,manila,clean,1234,14.607235,121.040154,14.567746,121.047486,4.4613,0.0000
manila_query_-10kuZ2TqVxJ-YLQJl2uqA,manila:102,manila,isotropic,1234,14.609620,121.005890,14.567746,121.047486,6.4588,15.6800
manila_query_-10kuZ2TqVxJ-YLQJl2uqA,manila:102,manila,edge,1234,14.609620,121.005890,14.567746,121.047486,6.4588,15.6800
manila_query_-10kuZ2TqVxJ-YLQJl2uqA,manila:102,manila,saliency,1234,14.609620,121.005890,14.567746,121.047486,6.4588,15.6800
nairobi_query_-K4R8iYrz9LwQ7wia8JZtQ,nairobi:2,nairobi,clean,1234,-1.115399,36.611698,-1.364671,36.766126,32.6038,0.0000
nairobi_query_-K4R8iYrz9LwQ7wia8JZtQ,nairobi:2,nairobi,isotropic,1234,-1.115399,36.611698,-1.364671,36.766126,32.6038,15.6800
nairobi_query_-K4R8iYrz9LwQ7wia8JZtQ,nairobi:2,nairobi,edge,1234,-1.040897,36.741028,-1.364671,36.766126,36.1101,15.6800
nairobi_query_-K4R8iYrz9LwQ7wia8JZtQ,nairobi:2,nairobi,saliency,1234,-1.040897,36.741028,-1.364671,36.766126,36.1101,15.6800
toronto_query_-1caqsIDW4YpUBZB98J9uV,toronto:33,toronto,clean,1234,43.775585,-79.346054,43.738266,-79.429596,7.8891,0.0000
toronto_query_-1caqsIDW4YpUBZB98J9uV,toronto:33,toronto,isotropic,1234,43.775585,-79.346054,43.738266,-79.429596,7.8891,15.6800
toronto_query_-1caqsIDW4YpUBZB98J9uV,toronto:33,toronto,edge,1234,43.775585,-79.346054,43.738266,-79.429596,7.8891,15.6800
toronto_query_-1caqsIDW4YpUBZB98J9uV,toronto:33,toronto,saliency,1234,43.775585,-79.346054,43.738266,-79.429596,7.8891,15.6800
zurich_query_--RjvuIbkJiPNJknyeZN_Q,zurich:64,zurich,clean,1234,49.292412,8.647077,47.420370,8.506906,208.4192,0.0000
zurich_query_--RjvuIbkJiPNJknyeZN_Q,zurich:64,zurich,isotropic,1234,48.140316,16.344179,47.420370,8.506906,590.7838,15.6800
zurich_query_--RjvuIbkJiPNJknyeZN_Q,zurich:64,zurich,edge,1234,37.485153,126.895027,47.420370,8.506906,8771.2434,15.6800
zurich_query_--RjvuIbkJiPNJknyeZN_Q,zurich:64,zurich,saliency,1234,49.295067,8.638236,47.420370,8.506906,208.6827,15.6800
amman_query_-6eEB_fS2eePRNUql6vOrQ,amman:21,amman,clean,1234,31.906124,35.205688,31.937649,35.849155,60.8308,0.0000
amman_query_-6eEB_fS2eePRNUql6vOrQ,amman:21,amman,isotropic,1234,32.231243,35.258045,31.937649,35.849155,64.5529,15.6800
amman_query_-6eEB_fS2eePRNUql6vOrQ,amman:21,amman,edge,1234,32.231243,35.258045,31.937649,35.849155,64.5529,15.6800
amman_query_-6eEB_fS2eePRNUql6vOrQ,amman:21,amman,saliency,1234,32.231243,35.258045,31.937649,35.849155,64.5529,15.6800
boston_query_--VtRctVkqAafFr5b_6GXg,boston:262,boston,clean,1234,42.286079,-71.128784,42.304708,-71.073356,5.0075,0.0000
boston_query_--VtRctVkqAafFr5b_6GXg,boston:262,boston,isotropic,1234,42.286079,-71.128784,42.304708,-71.073356,5.0075,15.6800
boston_query_--VtRctVkqAafFr5b_6GXg,boston:262,boston,edge,1234,42.338741,-71.093658,42.304708,-71.073356,4.1361,15.6800
boston_query_--VtRctVkqAafFr5b_6GXg,boston:262,boston,saliency,1234,42.315971,-71.223206,42.304708,-71.073356,12.3856,15.6800
cph_query_--kN3Y3n0x47vWa8WX-a8w,cph:162,cph,clean,1234,59.907475,10.754520,55.711783,12.592544,479.0287,0.0000
cph_query_--kN3Y3n0x47vWa8WX-a8w,cph:162,cph,isotropic,1234,55.661499,12.567000,55.711783,12.592544,5.8161,15.6800
cph_query_--kN3Y3n0x47vWa8WX-a8w,cph:162,cph,edge,1234,55.659557,12.591007,55.711783,12.592544,5.8080,15.6800
cph_query_--kN3Y3n0x47vWa8WX-a8w,cph:162,cph,saliency,1234,59.403599,17.943077,55.711783,12.592544,519.6489,15.6800
london_query_-4Vq2O1PhPmG6WK-yV402Q,london:2,london,clean,1234,51.558289,-0.178871,51.523822,-0.178555,3.8326,0.0000
london_query_-4Vq2O1PhPmG6WK-yV402Q,london:2,london,isotropic,1234,51.593498,0.228500,51.523822,-0.178555,29.1873,15.6800
london_query_-4Vq2O1PhPmG6WK-yV402Q,london:2,london,edge,1234,51.593498,0.228500,51.523822,-0.178555,29.1873,15.6800
london_query_-4Vq2O1PhPmG6WK-yV402Q,london:2,london,saliency,1234,51.558289,-0.178871,51.523822,-0.178555,3.8326,15.6800
manila_query_-10rV9IlRhgTnk5e_QJbgA,manila:142,manila,clean,1234,14.274808,121.102959,14.553068,121.063485,31.2319,0.0000
manila_query_-10rV9IlRhgTnk5e_QJbgA,manila:142,manila,isotropic,1234,13.429528,123.411484,14.553068,121.063485,282.4647,15.6800
manila_query_-10rV9IlRhgTnk5e_QJbgA,manila:142,manila,edge,1234,14.274808,121.102959,14.553068,121.063485,31.2319,15.6800
manila_query_-10rV9IlRhgTnk5e_QJbgA,manila:142,manila,saliency,1234,14.274808,121.102959,14.553068,121.063485,31.2319,15.6800
nairobi_query_-cS3FR1RBElNB48QQHiL0Q,nairobi:18,nairobi,clean,1234,-1.024163,37.065125,-1.254382,36.691417,48.7997,0.0000
nairobi_query_-cS3FR1RBElNB48QQHiL0Q,nairobi:18,nairobi,isotropic,1234,-1.040897,36.741028,-1.254382,36.691417,24.3708,15.6800
nairobi_query_-cS3FR1RBElNB48QQHiL0Q,nairobi:18,nairobi,edge,1234,-1.040897,36.741028,-1.254382,36.691417,24.3708,15.6800
nairobi_query_-cS3FR1RBElNB48QQHiL0Q,nairobi:18,nairobi,saliency,1234,-1.040897,36.741028,-1.254382,36.691417,24.3708,15.6800
toronto_query_-3UT7A8bNUkVBgSLW30-ow,toronto:185,toronto,clean,1234,-34.882782,138.658020,43.710996,-79.360762,16632.5029,0.0000
toronto_query_-3UT7A8bNUkVBgSLW30-ow,toronto:185,toronto,isotropic,1234,-33.754532,150.755249,43.710996,-79.360762,15599.9543,15.6800
toronto_query_-3UT7A8bNUkVBgSLW30-ow,toronto:185,toronto,edge,1234,-34.882782,138.658020,43.710996,-79.360762,16632.5029,15.6800
toronto_query_-3UT7A8bNUkVBgSLW30-ow,toronto:185,toronto,saliency,1234,-34.979378,-71.230545,43.710996,-79.360762,8788.6349,15.6800
zurich_query_-25E3MQ0PY1vs_FT7mKaUw,zurich:13,zurich,clean,1234,47.388325,8.519226,47.394793,8.470135,3.7648,0.0000
zurich_query_-25E3MQ0PY1vs_FT7mKaUw,zurich:13,zurich,isotropic,1234,47.395916,8.599730,47.394793,8.470135,9.7556,15.6800
zurich_query_-25E3MQ0PY1vs_FT7mKaUw,zurich:13,zurich,edge,1234,47.175495,8.513255,47.394793,8.470135,24.6008,15.6800
zurich_query_-25E3MQ0PY1vs_FT7mKaUw,zurich:13,zurich,saliency,1234,47.175495,8.513255,47.394793,8.470135,24.6008,15.6800
amman_query_-BJoV1t0rKwEzk0bsZplVQ,amman:37,amman,clean,1234,32.869747,13.183218,31.978364,35.915587,2131.8532,0.0000
amman_query_-BJoV1t0rKwEzk0bsZplVQ,amman:37,amman,isotropic,1234,32.869747,13.183218,31.978364,35.915587,2131.8532,15.6800
amman_query_-BJoV1t0rKwEzk0bsZplVQ,amman:37,amman,edge,1234,32.869747,13.183218,31.978364,35.915587,2131.8532,15.6800
amman_query_-BJoV1t0rKwEzk0bsZplVQ,amman:37,amman,saliency,1234,32.869747,13.183218,31.978364,35.915587,2131.8532,15.6800
boston_query_-0n5FDAuOditKvxIekIbBg,boston:239,boston,clean,1234,40.850239,-73.946968,42.380288,-71.076932,293.0098,0.0000
boston_query_-0n5FDAuOditKvxIekIbBg,boston:239,boston,isotropic,1234,37.537655,126.825737,42.380288,-71.076932,10945.5483,15.6800
boston_query_-0n5FDAuOditKvxIekIbBg,boston:239,boston,edge,1234,37.537655,126.825737,42.380288,-71.076932,10945.5483,15.6800
boston_query_-0n5FDAuOditKvxIekIbBg,boston:239,boston,saliency,1234,40.852779,-73.959038,42.380288,-71.076932,293.6598,15.6800
cph_query_--xKnCCc_4tDGo80iM-A_g,cph:345,cph,clean,1234,55.680984,12.574700,55.681840,12.535123,2.4830,0.0000
cph_query_--xKnCCc_4tDGo80iM-A_g,cph:345,cph,isotropic,1234,55.679169,12.572093,55.681840,12.535123,2.3367,15.6800
cph_query_--xKnCCc_4tDGo80iM-A_g,cph:345,cph,edge,1234,55.681454,12.573852,55.681840,12.535123,2.4283,15.6800
cph_query_--xKnCCc_4tDGo80iM-A_g,cph:345,cph,saliency,1234,55.679134,12.572307,55.681840,12.535123,2.3505,15.6800
london_query_-4pmBOZmF-ynXSkWw5BAew,london:5,london,clean,1234,51.558998,0.069700,51.535260,-0.170542,16.8209,0.0000
london_query_-4pmBOZmF-ynXSkWw5BAew,london:5,london,isotropic,1234,51.513023,-0.379049,51.535260,-0.170542,14.6357,15.6800
london_query_-4pmBOZmF-ynXSkWw5BAew,london:5,london,edge,1234,51.558998,0.069700,51.535260,-0.170542,16.8209,15.6800
london_query_-4pmBOZmF-ynXSkWw5BAew,london:5,london,saliency,1234,51.590679,-0.065091,51.535260,-0.170542,9.5451,15.6800
manila_query_-2h231ovohZWmrsaBllNyw,manila:177,manila,clean,1234,14.552815,121.022881,14.589862,121.079849,7.3863,0.0000
manila_query_-2h231ovohZWmrsaBllNyw,manila:177,manila,isotropic,1234,14.584208,121.056732,14.589862,121.079849,2.5659,15.6800
manila_query_-2h231ovohZWmrsaBllNyw,manila:177,manila,edge,1234,14.563871,121.037529,14.589862,121.079849,5.3939,15.6800
manila_query_-2h231ovohZWmrsaBllNyw,manila:177,manila,saliency,1234,14.552815,121.022881,14.589862,121.079849,7.3863,15.6800
nairobi_query_-dn1KaWvGY9H5JRLNtaYPg,nairobi:10,nairobi,clean,1234,9.937153,-84.108261,-1.273521,36.800827,13414.8645,0.0000
nairobi_query_-dn1KaWvGY9H5JRLNtaYPg,nairobi:10,nairobi,isotropic,1234,-23.105627,-45.708618,-1.273521,36.800827,9185.9854,15.6800
nairobi_query_-dn1KaWvGY9H5JRLNtaYPg,nairobi:10,nairobi,edge,1234,9.935816,-84.051559,-1.273521,36.800827,13408.6843,15.6800
nairobi_query_-dn1KaWvGY9H5JRLNtaYPg,nairobi:10,nairobi,saliency,1234,9.935816,-84.051559,-1.273521,36.800827,13408.6843,15.6800
toronto_query_-4IVXvKV2D8brXjQPZ1GRA,toronto:88,toronto,clean,1234,49.282501,-123.108498,43.643736,-79.402861,3357.0857,0.0000
toronto_query_-4IVXvKV2D8brXjQPZ1GRA,toronto:88,toronto,isotropic,1234,43.648125,-79.395790,43.643736,-79.402861,0.7496,15.6800
toronto_query_-4IVXvKV2D8brXjQPZ1GRA,toronto:88,toronto,edge,1234,43.647972,-79.395401,43.643736,-79.402861,0.7630,15.6800
toronto_query_-4IVXvKV2D8brXjQPZ1GRA,toronto:88,toronto,saliency,1234,43.647972,-79.395401,43.643736,-79.402861,0.7630,15.6800
zurich_query_-4StYjY5sT1S23ls5heCbg,zurich:104,zurich,clean,1234,46.511757,6.625592,47.384664,8.477789,170.8396,0.0000
zurich_query_-4StYjY5sT1S23ls5heCbg,zurich:104,zurich,isotropic,1234,47.345161,8.533467,47.384664,8.477789,6.0728,15.6800
zurich_query_-4StYjY5sT1S23ls5heCbg,zurich:104,zurich,edge,1234,46.263443,6.075439,47.384664,8.477789,221.2357,15.6800
zurich_query_-4StYjY5sT1S23ls5heCbg,zurich:104,zurich,saliency,1234,46.263443,6.075439,47.384664,8.477789,221.2357,15.6800
amman_query_-D0IlKF__f0c9DPAKbiYnw,amman:23,amman,clean,1234,30.118700,31.403902,31.946058,35.850294,469.8027,0.0000
amman_query_-D0IlKF__f0c9DPAKbiYnw,amman:23,amman,isotropic,1234,25.744555,-100.297791,31.946058,35.850294,12091.8441,15.6800
amman_query_-D0IlKF__f0c9DPAKbiYnw,amman:23,amman,edge,1234,31.969748,34.771812,31.946058,35.850294,101.7798,15.6800
amman_query_-D0IlKF__f0c9DPAKbiYnw,amman:23,amman,saliency,1234,25.744555,-100.297791,31.946058,35.850294,12091.8441,15.6800
boston_query_-3hM-MR6uuw3se14vw3G0w,boston:84,boston,clean,1234,34.168812,-118.376633,42.355516,-71.105953,4170.7997,0.0000
boston_query_-3hM-MR6uuw3se14vw3G0w,boston:84,boston,isotropic,1234,34.087879,-118.216690,42.355516,-71.105953,4161.7620,15.6800
boston_query_-3hM-MR6uuw3se14vw3G0w,boston:84,boston,edge,1234,-37.768246,144.964966,42.355516,-71.105953,16926.9794,15.6800
boston_query_-3hM-MR6uuw3se14vw3G0w,boston:84,boston,saliency,1234,34.039124,-118.232712,42.355516,-71.105953,4165.5417,15.6800
cph_query_-05vIhjxDNupFcgaM90L3w,cph:71,cph,clean,1234,56.047958,12.696998,55.679677,12.568518,41.7284,0.0000
cph_query_-05vIhjxDNupFcgaM90L3w,cph:71,cph,isotropic,1234,54.888138,10.409783,55.679677,12.568518,162.5776,15.6800
cph_query_-05vIhjxDNupFcgaM90L3w,cph:71,cph,edge,1234,53.865639,10.683485,55.679677,12.568518,235.1521,15.6800
cph_query_-05vIhjxDNupFcgaM90L3w,cph:71,cph,saliency,1234,59.858639,17.636028,55.679677,12.568518,553.0435,15.6800
london_query_-5QOE2AlZX8rEz8ONtGRrg,london:131,london,clean,1234,51.555065,-0.278413,51.518989,-0.186234,7.5325,0.0000
london_query_-5QOE2AlZX8rEz8ONtGRrg,london:131,london,isotropic,1234,51.555065,-0.278413,51.518989,-0.186234,7.5325,15.6800
london_query_-5QOE2AlZX8rEz8ONtGRrg,london:131,london,edge,1234,51.540836,-0.278756,51.518989,-0.186234,6.8458,15.6800
london_query_-5QOE2AlZX8rEz8ONtGRrg,london:131,london,saliency,1234,51.555065,-0.278413,51.518989,-0.186234,7.5325,15.6800
manila_query_-3H2xPWPOqn_dCF2Lz5EtQ,manila:160,manila,clean,1234,14.540577,121.010918,14.614392,121.074872,10.7116,0.0000
manila_query_-3H2xPWPOqn_dCF2Lz5EtQ,manila:160,manila,isotropic,1234,15.772430,120.735794,14.614392,121.074872,133.8100,15.6800
manila_query_-3H2xPWPOqn_dCF2Lz5EtQ,manila:160,manila,edge,1234,14.540577,121.010918,14.614392,121.074872,10.7116,15.6800
manila_query_-3H2xPWPOqn_dCF2Lz5EtQ,manila:160,manila,saliency,1234,15.772430,120.735794,14.614392,121.074872,133.8100,15.6800
nairobi_query_-f7xKWoDFjaXHyTtnRqVKw,nairobi:9,nairobi,clean,1234,-6.132020,106.663681,-1.275838,36.794777,7766.8771,0.0000
nairobi_query_-f7xKWoDFjaXHyTtnRqVKw,nairobi:9,nairobi,isotropic,1234,-6.196909,106.875366,-1.275838,36.794777,7790.3888,15.6800
nairobi_query_-f7xKWoDFjaXHyTtnRqVKw,nairobi:9,nairobi,edge,1234,18.552126,73.892181,-1.275838,36.794777,4615.2145,15.6800
nairobi_query_-f7xKWoDFjaXHyTtnRqVKw,nairobi:9,nairobi,saliency,1234,18.552126,73.892181,-1.275838,36.794777,4615.2145,15.6800
toronto_query_-4mlNvZUZnbmRaGbiIndoA,toronto:102,toronto,clean,1234,43.653744,-79.400887,43.653097,-79.398314,0.2191,0.0000
toronto_query_-4mlNvZUZnbmRaGbiIndoA,toronto:102,toronto,isotropic,1234,43.652859,-79.401344,43.653097,-79.398314,0.2452,15.6800
toronto_query_-4mlNvZUZnbmRaGbiIndoA,toronto:102,toronto,edge,1234,43.653744,-79.400887,43.653097,-79.398314,0.2191,15.6800
toronto_query_-4mlNvZUZnbmRaGbiIndoA,toronto:102,toronto,saliency,1234,43.653744,-79.400887,43.653097,-79.398314,0.2191,15.6800
zurich_query_-71-BK_yAOJ1soK0OQWIcg,zurich:44,zurich,clean,1234,47.575069,8.566911,47.408626,8.440654,20.7971,0.0000
zurich_query_-71-BK_yAOJ1soK0OQWIcg,zurich:44,zurich,isotropic,1234,47.575069,8.566911,47.408626,8.440654,20.7971,15.6800
zurich_query_-71-BK_yAOJ1soK0OQWIcg,zurich:44,zurich,edge,1234,47.575069,8.566911,47.408626,8.440654,20.7971,15.6800
zurich_query_-71-BK_yAOJ1soK0OQWIcg,zurich:44,zurich,saliency,1234,47.575069,8.566911,47.408626,8.440654,20.7971,15.6800
amman_query_-EAmCN9i5BGEadZIccXEyA,amman:30,amman,clean,1234,33.864716,35.500259,32.001434,35.876522,210.1418,0.0000
amman_query_-EAmCN9i5BGEadZIccXEyA,amman:30,amman,isotropic,1234,33.838562,35.558388,32.001434,35.876522,206.4261,15.6800
amman_query_-EAmCN9i5BGEadZIccXEyA,amman:30,amman,edge,1234,33.864716,35.500259,32.001434,35.876522,210.1418,15.6800
amman_query_-EAmCN9i5BGEadZIccXEyA,amman:30,amman,saliency,1234,38.044563,23.791166,32.001434,35.876522,1287.7739,15.6800
boston_query_-4vuSn0vvcBVOccgQqFlow,boston:149,boston,clean,1234,38.904499,-77.059502,42.343408,-71.091326,632.1312,0.0000
boston_query_-4vuSn0vvcBVOccgQqFlow,boston:149,boston,isotropic,1234,41.142788,-73.258377,42.343408,-71.091326,223.9263,15.6800
boston_query_-4vuSn0vvcBVOccgQqFlow,boston:149,boston,edge,1234,38.905285,-77.060379,42.343408,-71.091326,632.1350,15.6800
boston_query_-4vuSn0vvcBVOccgQqFlow,boston:149,boston,saliency,1234,41.142788,-73.258377,42.343408,-71.091326,223.9263,15.6800
cph_query_-07-gME-zaQLhCsFrSInSg,cph:241,cph,clean,1234,58.039253,14.985834,55.669586,12.610691,300.4269,0.0000
cph_query_-07-gME-zaQLhCsFrSInSg,cph:241,cph,isotropic,1234,59.376099,13.523483,55.669586,12.610691,415.7234,15.6800
cph_query_-07-gME-zaQLhCsFrSInSg,cph:241,cph,edge,1234,58.039253,14.985834,55.669586,12.610691,300.4269,15.6800
cph_query_-07-gME-zaQLhCsFrSInSg,cph:241,cph,saliency,1234,58.039253,14.985834,55.669586,12.610691,300.4269,15.6800
london_query_-7U9wY8ynnu3oZ1g_-0xww,london:104,london,clean,1234,51.590679,-0.065091,51.534225,-0.082836,6.3961,0.0000
london_query_-7U9wY8ynnu3oZ1g_-0xww,london:104,london,isotropic,1234,51.590679,-0.065091,51.534225,-0.082836,6.3961,15.6800
london_query_-7U9wY8ynnu3oZ1g_-0xww,london:104,london,edge,1234,51.590679,-0.065091,51.534225,-0.082836,6.3961,15.6800
london_query_-7U9wY8ynnu3oZ1g_-0xww,london:104,london,saliency,1234,51.594807,-0.066089,51.534225,-0.082836,6.8351,15.6800
manila_query_-5pMypBbFEXHPOTYNJl_EA,manila:116,manila,clean,1234,14.656497,121.030350,14.567987,121.050187,10.0707,0.0000
manila_query_-5pMypBbFEXHPOTYNJl_EA,manila:116,manila,isotropic,1234,14.624447,120.971832,14.567987,121.050187,10.5121,15.6800
manila_query_-5pMypBbFEXHPOTYNJl_EA,manila:116,manila,edge,1234,14.630095,120.964966,14.567987,121.050187,11.4798,15.6800
manila_query_-5pMypBbFEXHPOTYNJl_EA,manila:116,manila,saliency,1234,10.313793,123.901955,14.567987,121.050187,565.3386,15.6800
nairobi_query_-rWgRitoKSYrdczUKUiOrA,nairobi:22,nairobi,clean,1234,3.874410,11.521551,-1.257983,36.701486,2855.8067,0.0000
nairobi_query_-rWgRitoKSYrdczUKUiOrA,nairobi:22,nairobi,isotropic,1234,3.874410,11.521551,-1.257983,36.701486,2855.8067,15.6800
nairobi_query_-rWgRitoKSYrdczUKUiOrA,nairobi:22,nairobi,edge,1234,3.874410,11.521551,-1.257983,36.701486,2855.8067,15.6800
nairobi_query_-rWgRitoKSYrdczUKUiOrA,nairobi:22,nairobi,saliency,1234,3.874410,11.521551,-1.257983,36.701486,2855.8067,15.6800
toronto_query_-5HBlqC41yTbYA1NM7dz1A,toronto:156,toronto,clean,1234,43.649319,-79.371864,43.647975,-79.371764,0.1496,0.0000
toronto_query_-5HBlqC41yTbYA1NM7dz1A,toronto:156,toronto,isotropic,1234,43.649502,-79.368332,43.647975,-79.371764,0.3242,15.6800
toronto_query_-5HBlqC41yTbYA1NM7dz1A,toronto:156,toronto,edge,1234,43.649712,-79.361137,43.647975,-79.371764,0.8765,15.6800
toronto_query_-5HBlqC41yTbYA1NM7dz1A,toronto:156,toronto,saliency,1234,43.649502,-79.368332,43.647975,-79.371764,0.3242,15.6800
zurich_query_-7bB9HS2MqV7UT7vRyROfg,zurich:19,zurich,clean,1234,50.375015,7.002668,47.399085,8.513745,348.8457,0.0000
zurich_query_-7bB9HS2MqV7UT7vRyROfg,zurich:19,zurich,isotropic,1234,53.481995,9.847483,47.399085,8.513745,682.9193,15.6800
zurich_query_-7bB9HS2MqV7UT7vRyROfg,zurich:19,zurich,edge,1234,50.375015,7.002668,47.399085,8.513745,348.8457,15.6800
zurich_query_-7bB9HS2MqV7UT7vRyROfg,zurich:19,zurich,saliency,1234,50.375015,7.002668,47.399085,8.513745,348.8457,15.6800
amman_query_-L_vanPrT4RcWlLbzCqMKA,amman:29,amman,clean,1234,31.949841,35.922371,31.958243,35.852087,6.6965,0.0000
amman_query_-L_vanPrT4RcWlLbzCqMKA,amman:29,amman,isotropic,1234,31.949841,35.922371,31.958243,35.852087,6.6965,15.6800
amman_query_-L_vanPrT4RcWlLbzCqMKA,amman:29,amman,edge,1234,31.949841,35.922371,31.958243,35.852087,6.6965,15.6800
amman_query_-L_vanPrT4RcWlLbzCqMKA,amman:29,amman,saliency,1234,31.949841,35.922371,31.958243,35.852087,6.6965,15.6800
boston_query_-5-CNr3q7kmRGcDSMueI4w,boston:234,boston,clean,1234,40.719334,-73.842667,42.354578,-71.078903,293.1932,0.0000
boston_query_-5-CNr3q7kmRGcDSMueI4w,boston:234,boston,isotropic,1234,42.359901,-71.088463,42.354578,-71.078903,0.9836,15.6800
boston_query_-5-CNr3q7kmRGcDSMueI4w,boston:234,boston,edge,1234,40.849308,-73.938873,42.354578,-71.078903,290.7748,15.6800
boston_query_-5-CNr3q7kmRGcDSMueI4w,boston:234,boston,saliency,1234,40.882973,-73.914253,42.354578,-71.078903,286.9030,15.6800
cph_query_-0_HsZnndjHv76QpTyNFCA,cph:242,cph,clean,1234,58.770275,5.678888,55.669816,12.611177,540.8610,0.0000
cph_query_-0_HsZnndjHv76QpTyNFCA,cph:242,cph,isotropic,1234,59.154381,18.122366,55.669816,12.611177,508.6545,15.6800
cph_query_-0_HsZnndjHv76QpTyNFCA,cph:242,cph,edge,1234,64.002815,11.486892,55.669816,12.611177,928.6782,15.6800
cph_query_-0_HsZnndjHv76QpTyNFCA,cph:242,cph,saliency,1234,58.770275,5.678888,55.669816,12.611177,540.8610,15.6800
london_query_-7cNAk24ZhuoOowcvDoImw,london:126,london,clean,1234,51.315285,-0.231882,51.518691,-0.207176,22.6825,0.0000
london_query_-7cNAk24ZhuoOowcvDoImw,london:126,london,isotropic,1234,51.606449,-2.627363,51.518691,-0.207176,167.5733,15.6800
london_query_-7cNAk24ZhuoOowcvDoImw,london:126,london,edge,1234,51.315285,-0.231882,51.518691,-0.207176,22.6825,15.6800
london_query_-7cNAk24ZhuoOowcvDoImw,london:126,london,saliency,1234,51.606449,-2.627363,51.518691,-0.207176,167.5733,15.6800
manila_query_-6NSbTuzpeyDbSXKeGAasg,manila:190,manila,clean,1234,14.273283,121.104385,14.559348,121.089786,31.8478,0.0000
manila_query_-6NSbTuzpeyDbSXKeGAasg,manila:190,manila,isotropic,1234,14.273283,121.104385,14.559348,121.089786,31.8478,15.6800
manila_query_-6NSbTuzpeyDbSXKeGAasg,manila:190,manila,edge,1234,14.273283,121.104385,14.559348,121.089786,31.8478,15.6800
manila_query_-6NSbTuzpeyDbSXKeGAasg,manila:190,manila,saliency,1234,14.273283,121.104385,14.559348,121.089786,31.8478,15.6800
nairobi_query_-yxXz3in11JFniZQAa7m2A,nairobi:10,nairobi,clean,1234,-1.228967,36.804867,-1.273099,36.800974,4.9263,0.0000
nairobi_query_-yxXz3in11JFniZQAa7m2A,nairobi:10,nairobi,isotropic,1234,-1.040897,36.741028,-1.273099,36.800974,26.6659,15.6800
nairobi_query_-yxXz3in11JFniZQAa7m2A,nairobi:10,nairobi,edge,1234,19.505119,-99.244705,-1.273099,36.800974,14822.4129,15.6800
nairobi_query_-yxXz3in11JFniZQAa7m2A,nairobi:10,nairobi,saliency,1234,19.505119,-99.244705,-1.273099,36.800974,14822.4129,15.6800
toronto_query_-5RKNbex7In9Ys4mH40wXA,toronto:3,toronto,clean,1234,45.465683,-73.624702,43.651658,-79.437117,502.5985,0.0000
toronto_query_-5RKNbex7In9Ys4mH40wXA,toronto:3,toronto,isotropic,1234,45.456337,-73.633804,43.651658,-79.437117,501.5565,15.6800
toronto_query_-5RKNbex7In9Ys4mH40wXA,toronto:3,toronto,edge,1234,45.456337,-73.633804,43.651658,-79.437117,501.5565,15.6800
toronto_query_-5RKNbex7In9Ys4mH40wXA,toronto:3,toronto,saliency,1234,45.456337,-73.633804,43.651658,-79.437117,501.5565,15.6800
zurich_query_-ANYzSHAsjItBx6yJauT3A,zurich:14,zurich,clean,1234,47.230877,8.950595,47.392415,8.476167,40.0246,0.0000
zurich_query_-ANYzSHAsjItBx6yJauT3A,zurich:14,zurich,isotropic,1234,47.114826,8.412866,47.392415,8.476167,31.2341,15.6800
zurich_query_-ANYzSHAsjItBx6yJauT3A,zurich:14,zurich,edge,1234,47.108280,9.345073,47.392415,8.476167,72.7968,15.6800
zurich_query_-ANYzSHAsjItBx6yJauT3A,zurich:14,zurich,saliency,1234,47.221172,7.538959,47.392415,8.476167,73.1839,15.6800
amman_query_-MUBUlzvFxQS_zFg6xNhVg,amman:6,amman,clean,1234,29.313307,48.021240,31.968966,35.841534,1201.3011,0.0000
amman_query_-MUBUlzvFxQS_zFg6xNhVg,amman:6,amman,isotropic,1234,38.080002,46.291901,31.968966,35.841534,1168.0412,15.6800
amman_query_-MUBUlzvFxQS_zFg6xNhVg,amman:6,amman,edge,1234,30.047068,31.232929,31.968966,35.841534,488.3859,15.6800
amman_query_-MUBUlzvFxQS_zFg6xNhVg,amman:6,amman,saliency,1234,38.044563,23.791166,31.968966,35.841534,1287.1315,15.6800
boston_query_-6RLrPXAeunQaNK6m645ZA,boston:237,boston,clean,1234,42.357971,-71.056992,42.350361,-71.076221,1.7925,0.0000
boston_query_-6RLrPXAeunQaNK6m645ZA,boston:237,boston,isotropic,1234,37.793388,-122.396881,42.350361,-71.076221,4329.8485,15.6800
boston_query_-6RLrPXAeunQaNK6m645ZA,boston:237,boston,edge,1234,37.793327,-122.396950,42.350361,-71.076221,4329.8568,15.6800
boston_query_-6RLrPXAeunQaNK6m645ZA,boston:237,boston,saliency,1234,42.359810,-71.056824,42.350361,-71.076221,1.9091,15.6800
cph_query_-2N5Dmf5tOm5N83KXgvjDw,cph:459,cph,clean,1234,55.705502,12.536791,55.702854,12.553638,1.0958,0.0000
cph_query_-2N5Dmf5tOm5N83KXgvjDw,cph:459,cph,isotropic,1234,59.936211,10.766084,55.702854,12.553638,482.4390,15.6800
cph_query_-2N5Dmf5tOm5N83KXgvjDw,cph:459,cph,edge,1234,59.936211,10.766084,55.702854,12.553638,482.4390,15.6800
cph_query_-2N5Dmf5tOm5N83KXgvjDw,cph:459,cph,saliency,1234,59.936211,10.766084,55.702854,12.553638,482.4390,15.6800
london_query_-8xWvI5d3Z6gfsRDb_kEQQ,london:15,london,clean,1234,51.480968,-0.005273,51.503144,-0.152533,10.4892,0.0000
london_query_-8xWvI5d3Z6gfsRDb_kEQQ,london:15,london,isotropic,1234,40.420280,-3.713620,51.503144,-0.152533,1262.3267,15.6800
london_query_-8xWvI5d3Z6gfsRDb_kEQQ,london:15,london,edge,1234,51.480968,-0.005273,51.503144,-0.152533,10.4892,15.6800
london_query_-8xWvI5d3Z6gfsRDb_kEQQ,london:15,london,saliency,1234,40.422634,-3.716876,51.503144,-0.152533,1262.1242,15.6800
manila_query_-6_2C-ExaVhx4ONvHOvffw,manila:67,manila,clean,1234,14.551974,121.022591,14.631225,121.034560,8.9059,0.0000
manila_query_-6_2C-ExaVhx4ONvHOvffw,manila:67,manila,isotropic,1234,14.551974,121.022591,14.631225,121.034560,8.9059,15.6800
manila_query_-6_2C-ExaVhx4ONvHOvffw,manila:67,manila,edge,1234,14.552815,121.022881,14.631225,121.034560,8.8088,15.6800
manila_query_-6_2C-ExaVhx4ONvHOvffw,manila:67,manila,saliency,1234,14.551974,121.022591,14.631225,121.034560,8.9059,15.6800
nairobi_query_0-ZdPdUGwVdDwKbIOxQCBA,nairobi:15,nairobi,clean,1234,-1.272936,36.817932,-1.269268,36.817625,0.4092,0.0000
nairobi_query_0-ZdPdUGwVdDwKbIOxQCBA,nairobi:15,nairobi,isotropic,1234,10.078811,-69.283562,-1.269268,36.817625,11794.8114,15.6800
nairobi_query_0-ZdPdUGwVdDwKbIOxQCBA,nairobi:15,nairobi,edge,1234,6.930942,79.847260,-1.269268,36.817625,4860.6937,15.6800
nairobi_query_0-ZdPdUGwVdDwKbIOxQCBA,nairobi:15,nairobi,saliency,1234,15.772430,120.735794,-1.269268,36.817625,9395.5500,15.6800
toronto_query_-5ryd5v5eXUsmP9y4p6w_g,toronto:346,toronto,clean,1234,43.736938,-79.719872,43.653895,-79.775916,10.2747,0.0000
toronto_query_-5ryd5v5eXUsmP9y4p6w_g,toronto:346,toronto,isotropic,1234,43.736938,-79.719872,43.653895,-79.775916,10.2747,15.6800
toronto_query_-5ryd5v5eXUsmP9y4p6w_g,toronto:346,toronto,edge,1234,43.820236,-79.327766,43.653895,-79.775916,40.4776,15.6800
toronto_query_-5ryd5v5eXUsmP9y4p6w_g,toronto:346,toronto,saliency,1234,43.736938,-79.719872,43.653895,-79.775916,10.2747,15.6800
zurich_query_-Bz7by7mnVU_HZbXc8FmpQ,zurich:111,zurich,clean,1234,51.491333,7.516333,47.390342,8.491967,461.4220,0.0000
zurich_query_-Bz7by7mnVU_HZbXc8FmpQ,zurich:111,zurich,isotropic,1234,51.491333,7.516333,47.390342,8.491967,461.4220,15.6800
zurich_query_-Bz7by7mnVU_HZbXc8FmpQ,zurich:111,zurich,edge,1234,53.494167,9.950833,47.390342,8.491967,686.4930,15.6800
zurich_query_-Bz7by7mnVU_HZbXc8FmpQ,zurich:111,zurich,saliency,1234,51.491333,7.516333,47.390342,8.491967,461.4220,15.6800
amman_query_-N1g8CEJP4UIaWH8Qqja2g,amman:26,amman,clean,1234,31.958780,35.916389,31.956696,35.847420,6.5109,0.0000
amman_query_-N1g8CEJP4UIaWH8Qqja2g,amman:26,amman,isotropic,1234,35.743813,51.347469,31.956696,35.847420,1490.1497,15.6800
amman_query_-N1g8CEJP4UIaWH8Qqja2g,amman:26,amman,edge,1234,31.944588,35.925636,31.956696,35.847420,7.5015,15.6800
amman_query_-N1g8CEJP4UIaWH8Qqja2g,amman:26,amman,saliency,1234,35.743813,51.347469,31.956696,35.847420,1490.1497,15.6800
boston_query_-7KZUz5u8-7ja98pf8etVA,boston:176,boston,clean,1234,42.315971,-71.223206,42.305410,-71.085418,11.3909,0.0000
boston_query_-7KZUz5u8-7ja98pf8etVA,boston:176,boston,isotropic,1234,42.315971,-71.223206,42.305410,-71.085418,11.3909,15.6800
boston_query_-7KZUz5u8-7ja98pf8etVA,boston:176,boston,edge,1234,42.315971,-71.223206,42.305410,-71.085418,11.3909,15.6800
boston_query_-7KZUz5u8-7ja98pf8etVA,boston:176,boston,saliency,1234,42.315971,-71.223206,42.305410,-71.085418,11.3909,15.6800
cph_query_-3uNzD-M1uI2jZeGqOkpXg,cph:7,cph,clean,1234,53.280354,-6.371212,55.717097,12.561645,1247.9942,0.0000
cph_query_-3uNzD-M1uI2jZeGqOkpXg,cph:7,cph,isotropic,1234,57.668911,12.294559,55.717097,12.561645,217.6435,15.6800
cph_query_-3uNzD-M1uI2jZeGqOkpXg,cph:7,cph,edge,1234,53.280354,-6.371212,55.717097,12.561645,1247.9942,15.6800
cph_query_-3uNzD-M1uI2jZeGqOkpXg,cph:7,cph,saliency,1234,57.668911,12.294559,55.717097,12.561645,217.6435,15.6800
london_query_-9FGszdwftnBlzMuP0c_NQ,london:18,london,clean,1234,51.505219,-0.129722,51.503390,-0.155664,1.8070,0.0000
london_query_-9FGszdwftnBlzMuP0c_NQ,london:18,london,isotropic,1234,51.505219,-0.129722,51.503390,-0.155664,1.8070,15.6800
london_query_-9FGszdwftnBlzMuP0c_NQ,london:18,london,edge,1234,51.504601,-0.132554,51.503390,-0.155664,1.6052,15.6800
london_query_-9FGszdwftnBlzMuP0c_NQ,london:18,london,saliency,1234,51.502785,-0.135183,51.503390,-0.155664,1.4192,15.6800
manila_query_-6_XaKv0Rrp2Jl0G9m_8NQ,manila:88,manila,clean,1234,14.273283,121.104385,14.525723,121.043254,28.8319,0.0000
manila_query_-6_XaKv0Rrp2Jl0G9m_8NQ,manila:88,manila,isotropic,1234,12.913175,100.996140,14.525723,121.043254,2172.2403,15.6800
manila_query_-6_XaKv0Rrp2Jl0G9m_8NQ,manila:88,manila,edge,1234,12.913175,100.996140,14.525723,121.043254,2172.2403,15.6800
manila_query_-6_XaKv0Rrp2Jl0G9m_8NQ,manila:88,manila,saliency,1234,12.913175,100.996140,14.525723,121.043254,2172.2403,15.6800
nairobi_query_01juXwMfxX_a4pfhpqt66g,nairobi:10,nairobi,clean,1234,-1.298725,36.790714,-1.274450,36.799743,2.8798,0.0000
nairobi_query_01juXwMfxX_a4pfhpqt66g,nairobi:10,nairobi,isotropic,1234,-1.304513,36.783600,-1.274450,36.799743,3.7941,15.6800
nairobi_query_01juXwMfxX_a4pfhpqt66g,nairobi:10,nairobi,edge,1234,10.804305,106.647034,-1.274450,36.799743,7836.8449,15.6800
nairobi_query_01juXwMfxX_a4pfhpqt66g,nairobi:10,nairobi,saliency,1234,-1.304513,36.783600,-1.274450,36.799743,3.7941,15.6800
toronto_query_-5z50PgNYnxK8Ns2WmF_TQ,toronto:301,toronto,clean,1234,43.736938,-79.719872,43.754078,-79.824089,8.5859,0.0000
toronto_query_-5z50PgNYnxK8Ns2WmF_TQ,toronto:301,toronto,isotropic,1234,43.736938,-79.719872,43.754078,-79.824089,8.5859,15.6800
toronto_query_-5z50PgNYnxK8Ns2WmF_TQ,toronto:301,toronto,edge,1234,43.736938,-79.719872,43.754078,-79.824089,8.5859,15.6800
toronto_query_-5z50PgNYnxK8Ns2WmF_TQ,toronto:301,toronto,saliency,1234,43.736938,-79.719872,43.754078,-79.824089,8.5859,15.6800
zurich_query_-D3dDkhM5rjIJhj1SPdroA,zurich:96,zurich,clean,1234,48.690109,9.003360,47.378900,8.489336,150.7252,0.0000
zurich_query_-D3dDkhM5rjIJhj1SPdroA,zurich:96,zurich,isotropic,1234,48.690109,9.003360,47.378900,8.489336,150.7252,15.6800
zurich_query_-D3dDkhM5rjIJhj1SPdroA,zurich:96,zurich,edge,1234,48.690109,9.003360,47.378900,8.489336,150.7252,15.6800
zurich_query_-D3dDkhM5rjIJhj1SPdroA,zurich:96,zurich,saliency,1234,48.690109,9.003360,47.378900,8.489336,150.7252,15.6800
amman_query_-VdxqGX8d8L_OiSEN5CtDw,amman:0,amman,clean,1234,32.893082,13.167393,31.983953,35.832464,2125.3276,0.0000
amman_query_-VdxqGX8d8L_OiSEN5CtDw,amman:0,amman,isotropic,1234,32.893082,13.167393,31.983953,35.832464,2125.3276,15.6800
amman_query_-VdxqGX8d8L_OiSEN5CtDw,amman:0,amman,edge,1234,32.893082,13.167393,31.983953,35.832464,2125.3276,15.6800
amman_query_-VdxqGX8d8L_OiSEN5CtDw,amman:0,amman,saliency,1234,32.893082,13.167393,31.983953,35.832464,2125.3276,15.6800
boston_query_-8cIAPzC7_za-xCEWsIoK2,boston:248,boston,clean,1234,40.493332,-74.443832,42.341823,-71.158835,342.4195,0.0000
boston_query_-8cIAPzC7_za-xCEWsIoK2,boston:248,boston,isotropic,1234,40.478703,-79.956589,42.341823,-71.158835,761.9733,15.6800
boston_query_-8cIAPzC7_za-xCEWsIoK2,boston:248,boston,edge,1234,41.715298,-72.738121,42.341823,-71.158835,147.8785,15.6800
boston_query_-8cIAPzC7_za-xCEWsIoK2,boston:248,boston,saliency,1234,40.478703,-79.956589,42.341823,-71.158835,761.9733,15.6800
cph_query_-4KruxIYZ3a3GYE0tOKn2w,cph:333,cph,clean,1234,55.705639,13.193893,55.692373,12.533366,41.4167,0.0000
cph_query_-4KruxIYZ3a3GYE0tOKn2w,cph:333,cph,isotropic,1234,54.096260,13.379781,55.692373,12.533366,185.5460,15.6800
cph_query_-4KruxIYZ3a3GYE0tOKn2w,cph:333,cph,edge,1234,55.705639,13.193893,55.692373,12.533366,41.4167,15.6800
cph_query_-4KruxIYZ3a3GYE0tOKn2w,cph:333,cph,saliency,1234,55.398609,10.385856,55.692373,12.533366,138.9840,15.6800
london_query_-9KgeyegI3TaGMqglsDENg,london:111,london,clean,1234,51.533432,-0.022785,51.536444,-0.076229,3.7117,0.0000
london_query_-9KgeyegI3TaGMqglsDENg,london:111,london,isotropic,1234,51.541222,-0.141277,51.536444,-0.076229,4.5301,15.6800
london_query_-9KgeyegI3TaGMqglsDENg,london:111,london,edge,1234,51.533432,-0.022785,51.536444,-0.076229,3.7117,15.6800
london_query_-9KgeyegI3TaGMqglsDENg,london:111,london,saliency,1234,51.540546,-0.143873,51.536444,-0.076229,4.7006,15.6800
manila_query_-7YHsOWBiYFmYcRzIM0ijg,manila:92,manila,clean,1234,14.605166,-61.071499,14.590865,121.044033,16760.3327,0.0000
manila_query_-7YHsOWBiYFmYcRzIM0ijg,manila:92,manila,isotropic,1234,14.605166,-61.071499,14.590865,121.044033,16760.3327,15.6800
manila_query_-7YHsOWBiYFmYcRzIM0ijg,manila:92,manila,edge,1234,14.605166,-61.071499,14.590865,121.044033,16760.3327,15.6800
manila_query_-7YHsOWBiYFmYcRzIM0ijg,manila:92,manila,saliency,1234,14.605166,-61.071499,14.590865,121.044033,16760.3327,15.6800
nairobi_query_09aysNUjwNAPHsHo-R-IdA,nairobi:21,nairobi,clean,1234,-1.288210,36.894150,-1.255310,36.693854,22.5649,0.0000
nairobi_query_09aysNUjwNAPHsHo-R-IdA,nairobi:21,nairobi,isotropic,1234,-1.040897,36.741028,-1.255310,36.693854,24.4117,15.6800
nairobi_query_09aysNUjwNAPHsHo-R-IdA,nairobi:21,nairobi,edge,1234,-1.024163,37.065125,-1.255310,36.693854,48.6237,15.6800
nairobi_query_09aysNUjwNAPHsHo-R-IdA,nairobi:21,nairobi,saliency,1234,-1.040897,36.741028,-1.255310,36.693854,24.4117,15.6800
toronto_query_-68JeZKxV2XoP0N_6780Og,toronto:55,toronto,clean,1234,48.434032,-89.220284,43.631011,-79.415244,925.2139,0.0000
toronto_query_-68JeZKxV2XoP0N_6780Og,toronto:55,toronto,isotropic,1234,48.434032,-89.220284,43.631011,-79.415244,925.2139,15.6800
toronto_query_-68JeZKxV2XoP0N_6780Og,toronto:55,toronto,edge,1234,42.378342,-70.984406,43.631011,-79.415244,699.2449,15.6800
toronto_query_-68JeZKxV2XoP0N_6780Og,toronto:55,toronto,saliency,1234,42.378342,-70.984406,43.631011,-79.415244,699.2449,15.6800
zurich_query_-E0qyEWY7jSPMOpGqiEG-A,zurich:7,zurich,clean,1234,48.203651,16.443274,47.394980,8.503928,599.5121,0.0000
zurich_query_-E0qyEWY7jSPMOpGqiEG-A,zurich:7,zurich,isotropic,1234,51.491333,7.516333,47.394980,8.503928,461.0447,15.6800
zurich_query_-E0qyEWY7jSPMOpGqiEG-A,zurich:7,zurich,edge,1234,51.491333,7.516333,47.394980,8.503928,461.0447,15.6800
zurich_query_-E0qyEWY7jSPMOpGqiEG-A,zurich:7,zurich,saliency,1234,51.491333,7.516333,47.394980,8.503928,461.0447,15.6800
amman_query_-XWB_1fOm8NW5dQx9p5IKg,amman:35,amman,clean,1234,25.259678,51.442623,31.984011,35.900124,1688.8673,0.0000
amman_query_-XWB_1fOm8NW5dQx9p5IKg,amman:35,amman,isotropic,1234,26.175467,50.547752,31.984011,35.900124,1561.2017,15.6800
amman_query_-XWB_1fOm8NW5dQx9p5IKg,amman:35,amman,edge,1234,31.949663,35.884094,31.984011,35.900124,4.1077,15.6800
amman_query_-XWB_1fOm8NW5dQx9p5IKg,amman:35,amman,saliency,1234,26.175467,50.547752,31.984011,35.900124,1561.2017,15.6800
boston_query_-9Lur-PAHqcMspWszAgfqw,boston:249,boston,clean,1234,42.315971,-71.223206,42.347328,-71.161497,6.1553,0.0000
boston_query_-9Lur-PAHqcMspWszAgfqw,boston:249,boston,isotropic,1234,42.315971,-71.223206,42.347328,-71.161497,6.1553,15.6800
boston_query_-9Lur-PAHqcMspWszAgfqw,boston:249,boston,edge,1234,42.315971,-71.223206,42.347328,-71.161497,6.1553,15.6800
boston_query_-9Lur-PAHqcMspWszAgfqw,boston:249,boston,saliency,1234,42.315971,-71.223206,42.347328,-71.161497,6.1553,15.6800
cph_query_-4RqBOkDhigU8JsdQZINkQ,cph:94,cph,clean,1234,55.672501,12.558666,55.706035,12.580389,3.9697,0.0000
cph_query_-4RqBOkDhigU8JsdQZINkQ,cph:94,cph,isotropic,1234,55.677246,12.567302,55.706035,12.580389,3.3046,15.6800
cph_query_-4RqBOkDhigU8JsdQZINkQ,cph:94,cph,edge,1234,55.691666,12.553000,55.706035,12.580389,2.3449,15.6800
cph_query_-4RqBOkDhigU8JsdQZINkQ,cph:94,cph,saliency,1234,55.683167,12.573230,55.706035,12.580389,2.5822,15.6800
london_query_-FGaYVNFN5ALUsVDNixL_g,london:122,london,clean,1234,51.513023,-0.379049,51.532457,-0.058266,22.2986,0.0000
london_query_-FGaYVNFN5ALUsVDNixL_g,london:122,london,isotropic,1234,51.513023,-0.379049,51.532457,-0.058266,22.2986,15.6800
london_query_-FGaYVNFN5ALUsVDNixL_g,london:122,london,edge,1234,51.513023,-0.379049,51.532457,-0.058266,22.2986,15.6800
london_query_-FGaYVNFN5ALUsVDNixL_g,london:122,london,saliency,1234,51.513023,-0.379049,51.532457,-0.058266,22.2986,15.6800
manila_query_-81llwEm_ZxNy7Sa7Xrjlw,manila:53,manila,clean,1234,14.609620,121.005890,14.648824,121.034293,5.3237,0.0000
manila_query_-81llwEm_ZxNy7Sa7Xrjlw,manila:53,manila,isotropic,1234,14.609620,121.005890,14.648824,121.034293,5.3237,15.6800
manila_query_-81llwEm_ZxNy7Sa7Xrjlw,manila:53,manila,edge,1234,14.599033,120.990906,14.648824,121.034293,7.2418,15.6800
manila_query_-81llwEm_ZxNy7Sa7Xrjlw,manila:53,manila,saliency,1234,14.599033,120.990906,14.648824,121.034293,7.2418,15.6800
nairobi_query_0ByAmUG6wFySvLcHHQ0Sdg,nairobi:10,nairobi,clean,1234,-1.228967,36.804867,-1.272851,36.801038,4.8982,0.0000
nairobi_query_0ByAmUG6wFySvLcHHQ0Sdg,nairobi:10,nairobi,isotropic,1234,-1.040897,36.741028,-1.272851,36.801038,26.6410,15.6800
nairobi_query_0ByAmUG6wFySvLcHHQ0Sdg,nairobi:10,nairobi,edge,1234,-1.228967,36.804867,-1.272851,36.801038,4.8982,15.6800
nairobi_query_0ByAmUG6wFySvLcHHQ0Sdg,nairobi:10,nairobi,saliency,1234,-1.271134,36.724548,-1.272851,36.801038,8.5053,15.6800
toronto_query_-6ZIqrL48IaL1dCCO7bDVQ,toronto:351,toronto,clean,1234,45.473133,-73.738861,43.618533,-79.763686,519.9112,0.0000
toronto_query_-6ZIqrL48IaL1dCCO7bDVQ,toronto:351,toronto,isotropic,1234,40.720314,-112.048088,43.618533,-79.763686,2663.1461,15.6800
toronto_query_-6ZIqrL48IaL1dCCO7bDVQ,toronto:351,toronto,edge,1234,43.734653,-79.258255,43.618533,-79.763686,42.6491,15.6800
toronto_query_-6ZIqrL48IaL1dCCO7bDVQ,toronto:351,toronto,saliency,1234,36.155617,-115.186844,43.618533,-79.763686,3108.2812,15.6800
zurich_query_-F7hOUVha_xHAoDddsUYdw,zurich:99,zurich,clean,1234,47.499783,8.729211,47.385695,8.539805,19.0743,0.0000
zurich_query_-F7hOUVha_xHAoDddsUYdw,zurich:99,zurich,isotropic,1234,47.361698,7.913515,47.385695,8.539805,47.2367,15.6800
zurich_query_-F7hOUVha_xHAoDddsUYdw,zurich:99,zurich,edge,1234,47.499783,8.729211,47.385695,8.539805,19.0743,15.6800
zurich_query_-F7hOUVha_xHAoDddsUYdw,zurich:99,zurich,saliency,1234,47.368538,8.462047,47.385695,8.539805,6.1580,15.6800
amman_query_-iXxlTRmA5JphamcIjxBbA,amman:11,amman,clean,1234,32.231243,35.258045,32.029374,35.840189,59.2350,0.0000
amman_query_-iXxlTRmA5JphamcIjxBbA,amman:11,amman,isotropic,1234,22.593725,46.494141,32.029374,35.840189,1484.4546,15.6800
amman_query_-iXxlTRmA5JphamcIjxBbA,amman:11,amman,edge,1234,32.231243,35.258045,32.029374,35.840189,59.2350,15.6800
amman_query_-iXxlTRmA5JphamcIjxBbA,amman:11,amman,saliency,1234,32.221226,35.552444,32.029374,35.840189,34.4867,15.6800
boston_query_-9gbUk-DmX9AOqntuN1nEm,boston:168,boston,clean,1234,42.315971,-71.223206,42.396756,-71.090514,14.1270,0.0000
boston_query_-9gbUk-DmX9AOqntuN1nEm,boston:168,boston,isotropic,1234,42.315971,-71.223206,42.396756,-71.090514,14.1270,15.6800
boston_query_-9gbUk-DmX9AOqntuN1nEm,boston:168,boston,edge,1234,42.315971,-71.223206,42.396756,-71.090514,14.1270,15.6800
boston_query_-9gbUk-DmX9AOqntuN1nEm,boston:168,boston,saliency,1234,42.315971,-71.223206,42.396756,-71.090514,14.1270,15.6800
cph_query_-4XnD9qE623teR-nRYxB5A,cph:190,cph,clean,1234,55.706097,9.575217,55.652749,12.602146,189.8488,0.0000
cph_query_-4XnD9qE623teR-nRYxB5A,cph:190,cph,isotropic,1234,55.706097,9.575217,55.652749,12.602146,189.8488,15.6800
cph_query_-4XnD9qE623teR-nRYxB5A,cph:190,cph,edge,1234,57.723125,11.992950,55.652749,12.602146,233.1996,15.6800
cph_query_-4XnD9qE623teR-nRYxB5A,cph:190,cph,saliency,1234,55.866932,12.825851,55.652749,12.602146,27.6242,15.6800
london_query_-Flts9XBA2wVlru8_LHbkg,london:111,london,clean,1234,51.533363,-0.474600,51.536552,-0.077324,27.4809,0.0000
london_query_-Flts9XBA2wVlru8_LHbkg,london:111,london,isotropic,1234,51.541019,-0.144791,51.536552,-0.077324,4.6925,15.6800
london_query_-Flts9XBA2wVlru8_LHbkg,london:111,london,edge,1234,51.541019,-0.144791,51.536552,-0.077324,4.6925,15.6800
london_query_-Flts9XBA2wVlru8_LHbkg,london:111,london,saliency,1234,51.541019,-0.144791,51.536552,-0.077324,4.6925,15.6800
manila_query_-85J_HceaTP2S0IavwkQ-A,manila:119,manila,clean,1234,14.583874,120.983719,14.594386,121.056988,7.9706,0.0000
manila_query_-85J_HceaTP2S0IavwkQ-A,manila:119,manila,isotropic,1234,9.304495,123.302406,14.594386,121.056988,636.8751,15.6800
manila_query_-85J_HceaTP2S0IavwkQ-A,manila:119,manila,edge,1234,14.591557,120.978355,14.594386,121.056988,8.4673,15.6800
manila_query_-85J_HceaTP2S0IavwkQ-A,manila:119,manila,saliency,1234,14.591557,120.978355,14.594386,121.056988,8.4673,15.6800
nairobi_query_0LJUobuUEqOqrZc4s2fVgg,nairobi:5,nairobi,clean,1234,8.990075,38.793133,-1.289306,36.779175,1164.5923,0.0000
nairobi_query_0LJUobuUEqOqrZc4s2fVgg,nairobi:5,nairobi,isotropic,1234,-32.790062,-71.192390,-1.289306,36.779175,11598.5104,15.6800
nairobi_query_0LJUobuUEqOqrZc4s2fVgg,nairobi:5,nairobi,edge,1234,19.538296,-99.192123,-1.289306,36.779175,14814.6578,15.6800
nairobi_query_0LJUobuUEqOqrZc4s2fVgg,nairobi:5,nairobi,saliency,1234,-33.422863,-70.777946,-1.289306,36.779175,11547.1672,15.6800
toronto_query_-7C0G-8afrBbN3hImbBHsA,toronto:346,toronto,clean,1234,43.736938,-79.719872,43.653797,-79.772529,10.1681,0.0000
toronto_query_-7C0G-8afrBbN3hImbBHsA,toronto:346,toronto,isotropic,1234,43.736938,-79.719872,43.653797,-79.772529,10.1681,15.6800
toronto_query_-7C0G-8afrBbN3hImbBHsA,toronto:346,toronto,edge,1234,43.736938,-79.719872,43.653797,-79.772529,10.1681,15.6800
toronto_query_-7C0G-8afrBbN3hImbBHsA,toronto:346,toronto,saliency,1234,43.736938,-79.719872,43.653797,-79.772529,10.1681,15.6800
zurich_query_-Kb55YIF941j2DBFO5gVjA,zurich:111,zurich,clean,1234,47.238808,8.737808,47.390806,8.492133,25.0733,0.0000
zurich_query_-Kb55YIF941j2DBFO5gVjA,zurich:111,zurich,isotropic,1234,47.391769,8.512526,47.390806,8.492133,1.5388,15.6800
zurich_query_-Kb55YIF941j2DBFO5gVjA,zurich:111,zurich,edge,1234,45.735867,4.815734,47.390806,8.492133,335.8955,15.6800
zurich_query_-Kb55YIF941j2DBFO5gVjA,zurich:111,zurich,saliency,1234,47.391769,8.512526,47.390806,8.492133,1.5388,15.6800
amman_query_-qij8CFaEYNp4JW3rF9oqQ,amman:32,amman,clean,1234,-8.131064,-34.918499,31.996352,35.884292,8717.4184,0.0000
amman_query_-qij8CFaEYNp4JW3rF9oqQ,amman:32,amman,isotropic,1234,10.667334,-71.602684,31.996352,35.884292,10981.9996,15.6800
amman_query_-qij8CFaEYNp4JW3rF9oqQ,amman:32,amman,edge,1234,-30.062445,-51.176762,31.996352,35.884292,11471.7224,15.6800
amman_query_-qij8CFaEYNp4JW3rF9oqQ,amman:32,amman,saliency,1234,10.667334,-71.602684,31.996352,35.884292,10981.9996,15.6800
boston_query_-AJWNV55EAzvKArt5mMYqg,boston:144,boston,clean,1234,42.374306,-71.119492,42.333475,-71.091457,5.0912,0.0000
boston_query_-AJWNV55EAzvKArt5mMYqg,boston:144,boston,isotropic,1234,42.676373,-71.130264,42.333475,-71.091457,38.2610,15.6800
boston_query_-AJWNV55EAzvKArt5mMYqg,boston:144,boston,edge,1234,42.361416,-71.092117,42.333475,-71.091457,3.1074,15.6800
boston_query_-AJWNV55EAzvKArt5mMYqg,boston:144,boston,saliency,1234,42.362522,-71.098557,42.333475,-71.091457,3.2822,15.6800
cph_query_-5qSxgAnKk-6Bf5AVVoPjA,cph:243,cph,clean,1234,50.838467,-1.034088,55.673263,12.609763,1052.2167,0.0000
cph_query_-5qSxgAnKk-6Bf5AVVoPjA,cph:243,cph,isotropic,1234,54.768856,11.852016,55.673263,12.609763,111.4585,15.6800
cph_query_-5qSxgAnKk-6Bf5AVVoPjA,cph:243,cph,edge,1234,50.838467,-1.034088,55.673263,12.609763,1052.2167,15.6800
cph_query_-5qSxgAnKk-6Bf5AVVoPjA,cph:243,cph,saliency,1234,37.523392,-122.255981,55.673263,12.609763,8805.8875,15.6800
london_query_-HfvOD1d7XUGJoEMybpyqQ,london:77,london,clean,1234,51.542919,-0.186767,51.502168,-0.109986,6.9823,0.0000
london_query_-HfvOD1d7XUGJoEMybpyqQ,london:77,london,isotropic,1234,51.509747,-0.224597,51.502168,-0.109986,7.9771,15.6800
london_query_-HfvOD1d7XUGJoEMybpyqQ,london:77,london,edge,1234,51.487701,-0.197169,51.502168,-0.109986,6.2462,15.6800
london_query_-HfvOD1d7XUGJoEMybpyqQ,london:77,london,saliency,1234,51.520573,-0.076088,51.502168,-0.109986,3.1131,15.6800
manila_query_-9tG6ERjH4jVcWo9jkVvBg,manila:29,manila,clean,1234,14.671822,120.934219,14.623835,121.015344,10.2294,0.0000
manila_query_-9tG6ERjH4jVcWo9jkVvBg,manila:29,manila,isotropic,1234,14.671822,120.934219,14.623835,121.015344,10.2294,15.6800
manila_query_-9tG6ERjH4jVcWo9jkVvBg,manila:29,manila,edge,1234,14.671822,120.934219,14.623835,121.015344,10.2294,15.6800
manila_query_-9tG6ERjH4jVcWo9jkVvBg,manila:29,manila,saliency,1234,14.671822,120.934219,14.623835,121.015344,10.2294,15.6800
nairobi_query_0M1Vl3tUlt_2MiFp6vxhrg,nairobi:1,nairobi,clean,1234,-1.024163,37.065125,-1.246579,36.680326,49.4137,0.0000
nairobi_query_0M1Vl3tUlt_2MiFp6vxhrg,nairobi:1,nairobi,isotropic,1234,-1.040897,36.741028,-1.246579,36.680326,23.8456,15.6800
nairobi_query_0M1Vl3tUlt_2MiFp6vxhrg,nairobi:1,nairobi,edge,1234,-1.024163,37.065125,-1.246579,36.680326,49.4137,15.6800
nairobi_query_0M1Vl3tUlt_2MiFp6vxhrg,nairobi:1,nairobi,saliency,1234,-1.040897,36.741028,-1.246579,36.680326,23.8456,15.6800
toronto_query_-7bDZLvVOVk7ethfd1yomg,toronto:251,toronto,clean,1234,43.055611,-87.881180,43.661414,-79.319267,695.1592,0.0000
toronto_query_-7bDZLvVOVk7ethfd1yomg,toronto:251,toronto,isotropic,1234,43.055611,-87.881180,43.661414,-79.319267,695.1592,15.6800
toronto_query_-7bDZLvVOVk7ethfd1yomg,toronto:251,toronto,edge,1234,43.055611,-87.881180,43.661414,-79.319267,695.1592,15.6800
toronto_query_-7bDZLvVOVk7ethfd1yomg,toronto:251,toronto,saliency,1234,43.055611,-87.881180,43.661414,-79.319267,695.1592,15.6800
zurich_query_-Km53YFc8zewa3vS2OeGsQ,zurich:33,zurich,clean,1234,54.716885,9.432106,47.401855,8.580756,815.5520,0.0000
zurich_query_-Km53YFc8zewa3vS2OeGsQ,zurich:33,zurich,isotropic,1234,53.914703,9.508666,47.401855,8.580756,727.1272,15.6800
zurich_query_-Km53YFc8zewa3vS2OeGsQ,zurich:33,zurich,edge,1234,48.690109,9.003360,47.401855,8.580756,146.6512,15.6800
zurich_query_-Km53YFc8zewa3vS2OeGsQ,zurich:33,zurich,saliency,1234,51.507500,7.537666,47.401855,8.580756,462.6981,15.6800
amman_query_-t_-moqpBTWSiKU7mS-lgQ,amman:23,amman,clean,1234,-15.869946,-47.921215,31.948052,35.850809,10365.5083,0.0000
amman_query_-t_-moqpBTWSiKU7mS-lgQ,amman:23,amman,isotropic,1234,-15.869946,-47.921215,31.948052,35.850809,10365.5083,15.6800
amman_query_-t_-moqpBTWSiKU7mS-lgQ,amman:23,amman,edge,1234,32.840328,35.065098,31.948052,35.850809,123.6362,15.6800
amman_query_-t_-moqpBTWSiKU7mS-lgQ,amman:23,amman,saliency,1234,32.166531,34.829235,31.948052,35.850809,99.2904,15.6800
boston_query_-Ae9_7GnntvqV8myNb9fhv,boston:191,boston,clean,1234,42.238998,-71.164497,42.388455,-71.089429,17.7281,0.0000
boston_query_-Ae9_7GnntvqV8myNb9fhv,boston:191,boston,isotropic,1234,42.304901,-71.219200,42.388455,-71.089429,14.1442,15.6800
boston_query_-Ae9_7GnntvqV8myNb9fhv,boston:191,boston,edge,1234,42.304901,-71.219200,42.388455,-71.089429,14.1442,15.6800
boston_query_-Ae9_7GnntvqV8myNb9fhv,boston:191,boston,saliency,1234,42.304901,-71.219200,42.388455,-71.089429,14.1442,15.6800
cph_query_-8E-udXiyMJCRp_UkM4Kgw,cph:245,cph,clean,1234,59.390850,24.313091,55.678158,12.612364,809.6621,0.0000
cph_query_-8E-udXiyMJCRp_UkM4Kgw,cph:245,cph,isotropic,1234,59.390850,24.313091,55.678158,12.612364,809.6621,15.6800
cph_query_-8E-udXiyMJCRp_UkM4Kgw,cph:245,cph,edge,1234,56.976139,18.309402,55.678158,12.612364,379.5856,15.6800
cph_query_-8E-udXiyMJCRp_UkM4Kgw,cph:245,cph,saliency,1234,56.976139,18.309402,55.678158,12.612364,379.5856,15.6800
london_query_-Id3DdRqVbjIA39wjxbTgw,london:125,london,clean,1234,52.381760,-1.562805,51.488586,-0.057906,143.2014,0.0000
london_query_-Id3DdRqVbjIA39wjxbTgw,london:125,london,isotropic,1234,52.219807,0.154323,51.488586,-0.057906,82.6042,15.6800
london_query_-Id3DdRqVbjIA39wjxbTgw,london:125,london,edge,1234,52.226295,0.166232,51.488586,-0.057906,83.4613,15.6800
london_query_-Id3DdRqVbjIA39wjxbTgw,london:125,london,saliency,1234,52.219807,0.154323,51.488586,-0.057906,82.6042,15.6800
manila_query_-AXkFLZ0HchDGYvJ_KZ3dQ,manila:13,manila,clean,1234,14.671822,120.934219,14.537463,120.994845,16.3021,0.0000
manila_query_-AXkFLZ0HchDGYvJ_KZ3dQ,manila:13,manila,isotropic,1234,15.772430,120.735794,14.537463,120.994845,140.1085,15.6800
manila_query_-AXkFLZ0HchDGYvJ_KZ3dQ,manila:13,manila,edge,1234,14.671822,120.934219,14.537463,120.994845,16.3021,15.6800
manila_query_-AXkFLZ0HchDGYvJ_KZ3dQ,manila:13,manila,saliency,1234,15.772430,120.735794,14.537463,120.994845,140.1085,15.6800
nairobi_query_0Oa1jUYlj8LE47HApYWufA,nairobi:0,nairobi,clean,1234,-1.288210,36.894150,-1.248723,36.683211,23.8572,0.0000
nairobi_query_0Oa1jUYlj8LE47HApYWufA,nairobi:0,nairobi,isotropic,1234,-1.040897,36.741028,-1.248723,36.683211,23.9865,15.6800
nairobi_query_0Oa1jUYlj8LE47HApYWufA,nairobi:0,nairobi,edge,1234,-1.024163,37.065125,-1.248723,36.683211,49.2568,15.6800
nairobi_query_0Oa1jUYlj8LE47HApYWufA,nairobi:0,nairobi,saliency,1234,-1.040897,36.741028,-1.248723,36.683211,23.9865,15.6800
toronto_query_-85n6JJLXmi04edt5JxhzQ,toronto:21,toronto,clean,1234,46.801117,-71.359634,43.633435,-79.427235,722.9416,0.0000
toronto_query_-85n6JJLXmi04edt5JxhzQ,toronto:21,toronto,isotropic,1234,46.801117,-71.359634,43.633435,-79.427235,722.9416,15.6800
toronto_query_-85n6JJLXmi04edt5JxhzQ,toronto:21,toronto,edge,1234,42.238998,-71.164497,43.633435,-79.427235,689.9650,15.6800
toronto_query_-85n6JJLXmi04edt5JxhzQ,toronto:21,toronto,saliency,1234,42.299500,-71.221199,43.633435,-79.427235,683.6676,15.6800
zurich_query_-M0Q1_7lg_TKGT2-mllw4w,zurich:19,zurich,clean,1234,38.390800,141.516129,47.399076,8.513323,9399.6104,0.0000
zurich_query_-M0Q1_7lg_TKGT2-mllw4w,zurich:19,zurich,isotropic,1234,38.352425,142.366669,47.399076,8.513323,9439.9263,15.6800
zurich_query_-M0Q1_7lg_TKGT2-mllw4w,zurich:19,zurich,edge,1234,37.243900,141.004623,47.399076,8.513323,9487.7035,15.6800
zurich_query_-M0Q1_7lg_TKGT2-mllw4w,zurich:19,zurich,saliency,1234,45.612206,13.823119,47.399076,8.513323,452.2182,15.6800
amman_query_0-2jyV8XAzdAOYMkdyQVLw,amman:6,amman,clean,1234,31.950705,35.927010,31.970600,35.840690,8.4385,0.0000
amman_query_0-2jyV8XAzdAOYMkdyQVLw,amman:6,amman,isotropic,1234,32.893082,13.167393,31.970600,35.840690,2126.3225,15.6800
amman_query_0-2jyV8XAzdAOYMkdyQVLw,amman:6,amman,edge,1234,31.950705,35.927010,31.970600,35.840690,8.4385,15.6800
amman_query_0-2jyV8XAzdAOYMkdyQVLw,amman:6,amman,saliency,1234,32.893082,13.167393,31.970600,35.840690,2126.3225,15.6800
boston_query_-BE36-GG_yM6YS57M_uMTQ,boston:84,boston,clean,1234,42.475906,-83.249161,42.355772,-71.105689,996.1185,0.0000
boston_query_-BE36-GG_yM6YS57M_uMTQ,boston:84,boston,isotropic,1234,41.306953,-72.931709,42.355772,-71.105689,191.0153,15.6800
boston_query_-BE36-GG_yM6YS57M_uMTQ,boston:84,boston,edge,1234,41.650307,-83.536797,42.355772,-71.105689,1029.2508,15.6800
boston_query_-BE36-GG_yM6YS57M_uMTQ,boston:84,boston,saliency,1234,41.306953,-72.931709,42.355772,-71.105689,191.0153,15.6800
cph_query_-9WYlFp61M1J1zV1mJD4uA,cph:280,cph,clean,1234,54.080124,13.425378,55.665359,12.629060,183.4826,0.0000
cph_query_-9WYlFp61M1J1zV1mJD4uA,cph:280,cph,isotropic,1234,52.459511,12.639770,55.665359,12.629060,356.4753,15.6800
cph_query_-9WYlFp61M1J1zV1mJD4uA,cph:280,cph,edge,1234,54.080124,13.425378,55.665359,12.629060,183.4826,15.6800
cph_query_-9WYlFp61M1J1zV1mJD4uA,cph:280,cph,saliency,1234,54.768856,11.852016,55.665359,12.629060,111.2053,15.6800
london_query_-OOGG8lTvgHHqp3iuULlyQ,london:21,london,clean,1234,51.513561,-0.141000,51.514113,-0.151959,0.7608,0.0000
london_query_-OOGG8lTvgHHqp3iuULlyQ,london:21,london,isotropic,1234,51.513561,-0.141000,51.514113,-0.151959,0.7608,15.6800
london_query_-OOGG8lTvgHHqp3iuULlyQ,london:21,london,edge,1234,51.513561,-0.141000,51.514113,-0.151959,0.7608,15.6800
london_query_-OOGG8lTvgHHqp3iuULlyQ,london:21,london,saliency,1234,51.513561,-0.141000,51.514113,-0.151959,0.7608,15.6800
manila_query_-ColYSDtqqoE3TZ4eZHu8g,manila:189,manila,clean,1234,14.274808,121.102959,14.562662,121.089544,32.0406,0.0000
manila_query_-ColYSDtqqoE3TZ4eZHu8g,manila:189,manila,isotropic,1234,12.913175,100.996140,14.562662,121.089544,2177.3852,15.6800
manila_query_-ColYSDtqqoE3TZ4eZHu8g,manila:189,manila,edge,1234,14.274808,121.102959,14.562662,121.089544,32.0406,15.6800
manila_query_-ColYSDtqqoE3TZ4eZHu8g,manila:189,manila,saliency,1234,12.913175,100.996140,14.562662,121.089544,2177.3852,15.6800
nairobi_query_0R73ChZbcyJ8Z4vBaef_Jw,nairobi:10,nairobi,clean,1234,-1.298725,36.790714,-1.274479,36.799933,2.8842,0.0000
nairobi_query_0R73ChZbcyJ8Z4vBaef_Jw,nairobi:10,nairobi,isotropic,1234,40.202999,44.501495,-1.274479,36.799933,4677.9621,15.6800
nairobi_query_0R73ChZbcyJ8Z4vBaef_Jw,nairobi:10,nairobi,edge,1234,18.552126,73.892181,-1.274479,36.799933,4614.6436,15.6800
nairobi_query_0R73ChZbcyJ8Z4vBaef_Jw,nairobi:10,nairobi,saliency,1234,-20.158239,57.505184,-1.274479,36.799933,3077.8205,15.6800
toronto_query_-8BknWmZh2lEnEeect73Ww,toronto:273,toronto,clean,1234,43.620342,-79.373520,43.666225,-79.298422,7.9086,0.0000
toronto_query_-8BknWmZh2lEnEeect73Ww,toronto:273,toronto,isotropic,1234,43.618534,-79.373833,43.666225,-79.298422,8.0588,15.6800
toronto_query_-8BknWmZh2lEnEeect73Ww,toronto:273,toronto,edge,1234,43.618534,-79.373833,43.666225,-79.298422,8.0588,15.6800
toronto_query_-8BknWmZh2lEnEeect73Ww,toronto:273,toronto,saliency,1234,43.618534,-79.373833,43.666225,-79.298422,8.0588,15.6800
zurich_query_-TxHEY5xnZFgfnHO3ygjzw,zurich:25,zurich,clean,1234,42.889309,-8.493709,47.404517,8.598975,1427.7706,0.0000
zurich_query_-TxHEY5xnZFgfnHO3ygjzw,zurich:25,zurich,isotropic,1234,48.306946,18.101349,47.404517,8.598975,715.5792,15.6800
zurich_query_-TxHEY5xnZFgfnHO3ygjzw,zurich:25,zurich,edge,1234,42.889309,-8.493709,47.404517,8.598975,1427.7706,15.6800
zurich_query_-TxHEY5xnZFgfnHO3ygjzw,zurich:25,zurich,saliency,1234,47.448639,8.361905,47.404517,8.598975,18.4966,15.6800
amman_query_051WRvR5gI1vde606oseFw,amman:23,amman,clean,1234,30.118700,31.403902,31.948302,35.850846,469.9534,0.0000
amman_query_051WRvR5gI1vde606oseFw,amman:23,amman,isotropic,1234,32.865963,13.124756,31.948302,35.850846,2131.8057,15.6800
amman_query_051WRvR5gI1vde606oseFw,amman:23,amman,edge,1234,30.118700,31.403902,31.948302,35.850846,469.9534,15.6800
amman_query_051WRvR5gI1vde606oseFw,amman:23,amman,saliency,1234,38.044563,23.791166,31.948302,35.850846,1289.1693,15.6800
boston_query_-CNeDzWqfei0F-1CmA8N9A,boston:156,boston,clean,1234,42.550514,-70.878181,42.362981,-71.093857,27.3478,0.0000
boston_query_-CNeDzWqfei0F-1CmA8N9A,boston:156,boston,isotropic,1234,41.859665,-71.394333,42.362981,-71.093857,61.2091,15.6800
boston_query_-CNeDzWqfei0F-1CmA8N9A,boston:156,boston,edge,1234,42.283848,-71.345726,42.362981,-71.093857,22.4989,15.6800
boston_query_-CNeDzWqfei0F-1CmA8N9A,boston:156,boston,saliency,1234,42.283848,-71.345726,42.362981,-71.093857,22.4989,15.6800
cph_query_-9ZOGirqZl2EVYWN1WLERg,cph:162,cph,clean,1234,63.433445,10.410618,55.711674,12.592638,867.2424,0.0000
cph_query_-9ZOGirqZl2EVYWN1WLERg,cph:162,cph,isotropic,1234,55.661499,12.567000,55.711674,12.592638,5.8060,15.6800
cph_query_-9ZOGirqZl2EVYWN1WLERg,cph:162,cph,edge,1234,63.097233,21.601501,55.711674,12.592638,964.6468,15.6800
cph_query_-9ZOGirqZl2EVYWN1WLERg,cph:162,cph,saliency,1234,60.207664,24.976999,55.711674,12.592638,883.0588,15.6800
london_query_-TmVvxY52h9CjrIUzBbCgw,london:129,london,clean,1234,51.507313,-0.174794,51.507021,-0.186526,0.8126,0.0000
london_query_-TmVvxY52h9CjrIUzBbCgw,london:129,london,isotropic,1234,51.507313,-0.174794,51.507021,-0.186526,0.8126,15.6800
london_query_-TmVvxY52h9CjrIUzBbCgw,london:129,london,edge,1234,51.506279,-0.172449,51.507021,-0.186526,0.9777,15.6800
london_query_-TmVvxY52h9CjrIUzBbCgw,london:129,london,saliency,1234,51.507313,-0.174794,51.507021,-0.186526,0.8126,15.6800
manila_query_-ELxcda6ePiuO6nR3VP3-A,manila:20,manila,clean,1234,14.607235,121.040154,14.657366,121.004372,6.7744,0.0000
manila_query_-ELxcda6ePiuO6nR3VP3-A,manila:20,manila,isotropic,1234,14.467095,121.009598,14.657366,121.004372,21.1646,15.6800
manila_query_-ELxcda6ePiuO6nR3VP3-A,manila:20,manila,edge,1234,14.607235,121.040154,14.657366,121.004372,6.7744,15.6800
manila_query_-ELxcda6ePiuO6nR3VP3-A,manila:20,manila,saliency,1234,14.607235,121.040154,14.657366,121.004372,6.7744,15.6800
nairobi_query_0TzVtw0twyRTMFGP-VzE8A,nairobi:17,nairobi,clean,1234,-1.228967,36.804867,-1.249292,36.847142,5.2149,0.0000
nairobi_query_0TzVtw0twyRTMFGP-VzE8A,nairobi:17,nairobi,isotropic,1234,-1.040897,36.741028,-1.249292,36.847142,26.0026,15.6800
nairobi_query_0TzVtw0twyRTMFGP-VzE8A,nairobi:17,nairobi,edge,1234,-1.040897,36.741028,-1.249292,36.847142,26.0026,15.6800
nairobi_query_0TzVtw0twyRTMFGP-VzE8A,nairobi:17,nairobi,saliency,1234,-1.040897,36.741028,-1.249292,36.847142,26.0026,15.6800
toronto_query_-8NbZpIbjwqAXwoRMmYddg,toronto:196,toronto,clean,1234,43.734653,-79.258255,43.686514,-79.356058,9.5105,0.0000
toronto_query_-8NbZpIbjwqAXwoRMmYddg,toronto:196,toronto,isotropic,1234,43.734653,-79.258255,43.686514,-79.356058,9.5105,15.6800
toronto_query_-8NbZpIbjwqAXwoRMmYddg,toronto:196,toronto,edge,1234,43.734653,-79.258255,43.686514,-79.356058,9.5105,15.6800
toronto_query_-8NbZpIbjwqAXwoRMmYddg,toronto:196,toronto,saliency,1234,43.734653,-79.258255,43.686514,-79.356058,9.5105,15.6800
zurich_query_-Vs9xzO47S-0Cfs9o81wvQ,zurich:27,zurich,clean,1234,47.560631,8.915297,47.403352,8.599657,29.4699,0.0000
zurich_query_-Vs9xzO47S-0Cfs9o81wvQ,zurich:27,zurich,isotropic,1234,50.808563,9.730883,47.403352,8.599657,387.4808,15.6800
zurich_query_-Vs9xzO47S-0Cfs9o81wvQ,zurich:27,zurich,edge,1234,41.898701,2.767524,47.403352,8.599657,766.0030,15.6800
zurich_query_-Vs9xzO47S-0Cfs9o81wvQ,zurich:27,zurich,saliency,1234,49.016987,12.116374,47.403352,8.599657,316.3362,15.6800
amman_query_0CjrhmzpvqXBOIBsGB6LcQ,amman:21,amman,clean,1234,32.025043,35.878407,31.936361,35.848843,10.2477,0.0000
amman_query_0CjrhmzpvqXBOIBsGB6LcQ,amman:21,amman,isotropic,1234,32.865963,13.124756,31.936361,35.848843,2131.8236,15.6800
amman_query_0CjrhmzpvqXBOIBsGB6LcQ,amman:21,amman,edge,1234,32.865963,13.124756,31.936361,35.848843,2131.8236,15.6800
amman_query_0CjrhmzpvqXBOIBsGB6LcQ,amman:21,amman,saliency,1234,34.053623,-5.602941,31.936361,35.848843,3846.6556,15.6800
boston_query_-D-onyWSIw3M1SbsxL7X-g,boston:27,boston,clean,1234,42.315971,-71.223206,42.319381,-71.117116,8.7309,0.0000
boston_query_-D-onyWSIw3M1SbsxL7X-g,boston:27,boston,isotropic,1234,42.304901,-71.219200,42.319381,-71.117116,8.5471,15.6800
boston_query_-D-onyWSIw3M1SbsxL7X-g,boston:27,boston,edge,1234,42.304901,-71.219200,42.319381,-71.117116,8.5471,15.6800
boston_query_-D-onyWSIw3M1SbsxL7X-g,boston:27,boston,saliency,1234,42.304901,-71.219200,42.319381,-71.117116,8.5471,15.6800
cph_query_-AowxxrsOr_xM02-ZyrQ5A,cph:96,cph,clean,1234,55.594219,13.007544,55.712892,12.577496,30.0335,0.0000
cph_query_-AowxxrsOr_xM02-ZyrQ5A,cph:96,cph,isotropic,1234,58.411327,15.624597,55.712892,12.577496,352.0153,15.6800
cph_query_-AowxxrsOr_xM02-ZyrQ5A,cph:96,cph,edge,1234,55.707066,13.189086,55.712892,12.577496,38.3186,15.6800
cph_query_-AowxxrsOr_xM02-ZyrQ5A,cph:96,cph,saliency,1234,55.707066,13.189086,55.712892,12.577496,38.3186,15.6800
london_query_-UeH_UbGnPshWdeEEYfhyQ,london:121,london,clean,1234,51.526661,-0.007638,51.534875,-0.056317,3.4890,0.0000
london_query_-UeH_UbGnPshWdeEEYfhyQ,london:121,london,isotropic,1234,51.526661,-0.007638,51.534875,-0.056317,3.4890,15.6800
london_query_-UeH_UbGnPshWdeEEYfhyQ,london:121,london,edge,1234,51.526661,-0.007638,51.534875,-0.056317,3.4890,15.6800
london_query_-UeH_UbGnPshWdeEEYfhyQ,london:121,london,saliency,1234,51.526661,-0.007638,51.534875,-0.056317,3.4890,15.6800
manila_query_-EVOy4h35ZUyBK4r6uBM5g,manila:15,manila,clean,1234,14.671822,120.934219,14.516902,121.000779,18.6559,0.0000
manila_query_-EVOy4h35ZUyBK4r6uBM5g,manila:15,manila,isotropic,1234,13.728712,100.647636,14.516902,121.000779,2195.7989,15.6800
manila_query_-EVOy4h35ZUyBK4r6uBM5g,manila:15,manila,edge,1234,14.671822,120.934219,14.516902,121.000779,18.6559,15.6800
manila_query_-EVOy4h35ZUyBK4r6uBM5g,manila:15,manila,saliency,1234,14.671822,120.934219,14.516902,121.000779,18.6559,15.6800
nairobi_query_0YY7sOJF2Kr1PfPB1KidBg,nairobi:3,nairobi,clean,1234,-1.298725,36.790714,-1.290163,36.774214,2.0667,0.0000
nairobi_query_0YY7sOJF2Kr1PfPB1KidBg,nairobi:3,nairobi,isotropic,1234,51.593498,0.228500,-1.290163,36.774214,6808.2909,15.6800
nairobi_query_0YY7sOJF2Kr1PfPB1KidBg,nairobi:3,nairobi,edge,1234,51.593498,0.228500,-1.290163,36.774214,6808.2909,15.6800
nairobi_query_0YY7sOJF2Kr1PfPB1KidBg,nairobi:3,nairobi,saliency,1234,51.593498,0.228500,-1.290163,36.774214,6808.2909,15.6800
toronto_query_-8Q-Otkctyr1cXAnmn2BEw,toronto:23,toronto,clean,1234,40.461082,-79.923843,43.638578,-79.429367,355.6710,0.0000
toronto_query_-8Q-Otkctyr1cXAnmn2BEw,toronto:23,toronto,isotropic,1234,43.640919,-79.426003,43.638578,-79.429367,0.3756,15.6800
toronto_query_-8Q-Otkctyr1cXAnmn2BEw,toronto:23,toronto,edge,1234,38.996212,-77.028336,43.638578,-79.429367,553.7184,15.6800
toronto_query_-8Q-Otkctyr1cXAnmn2BEw,toronto:23,toronto,saliency,1234,43.709595,-79.399223,43.638578,-79.429367,8.2605,15.6800
zurich_query_-ZAb7eYhYeo1yW06_paa_g,zurich:27,zurich,clean,1234,47.819500,11.482966,47.405110,8.599770,220.9716,0.0000
zurich_query_-ZAb7eYhYeo1yW06_paa_g,zurich:27,zurich,isotropic,1234,47.575069,8.566911,47.405110,8.599770,19.0593,15.6800
zurich_query_-ZAb7eYhYeo1yW06_paa_g,zurich:27,zurich,edge,1234,47.819500,11.482966,47.405110,8.599770,220.9716,15.6800
zurich_query_-ZAb7eYhYeo1yW06_paa_g,zurich:27,zurich,saliency,1234,47.448639,8.361905,47.405110,8.599770,18.5369,15.6800
amman_query_0IvHKlYEfFEP39KRxr9UZg,amman:22,amman,clean,1234,32.025043,35.878407,31.941886,35.847469,9.6962,0.0000
amman_query_0IvHKlYEfFEP39KRxr9UZg,amman:22,amman,isotropic,1234,32.025043,35.878407,31.941886,35.847469,9.6962,15.6800
amman_query_0IvHKlYEfFEP39KRxr9UZg,amman:22,amman,edge,1234,46.489590,-80.989670,31.941886,35.847469,9241.5667,15.6800
amman_query_0IvHKlYEfFEP39KRxr9UZg,amman:22,amman,saliency,1234,46.489590,-80.989670,31.941886,35.847469,9241.5667,15.6800
boston_query_-DYvemYiNwx_BmPSrlUWIA,boston:144,boston,clean,1234,43.009701,-81.270760,42.333410,-71.091583,835.0841,0.0000
boston_query_-DYvemYiNwx_BmPSrlUWIA,boston:144,boston,isotropic,1234,43.772816,-79.328339,42.333410,-71.091583,687.8071,15.6800
boston_query_-DYvemYiNwx_BmPSrlUWIA,boston:144,boston,edge,1234,42.361332,-71.089165,42.333410,-71.091583,3.1111,15.6800
boston_query_-DYvemYiNwx_BmPSrlUWIA,boston:144,boston,saliency,1234,43.772816,-79.328339,42.333410,-71.091583,687.8071,15.6800
cph_query_-BH_JCTriNnLeoSt0e51lQ,cph:429,cph,clean,1234,55.704571,12.577661,55.664835,12.546808,4.8232,0.0000
cph_query_-BH_JCTriNnLeoSt0e51lQ,cph:429,cph,isotropic,1234,55.695702,12.546869,55.664835,12.546808,3.4322,15.6800
cph_query_-BH_JCTriNnLeoSt0e51lQ,cph:429,cph,edge,1234,55.686802,12.564089,55.664835,12.546808,2.6721,15.6800
cph_query_-BH_JCTriNnLeoSt0e51lQ,cph:429,cph,saliency,1234,55.691666,12.553000,55.664835,12.546808,3.0086,15.6800
london_query_-WUdEGuLIX2B2T8rBV0Rgw,london:75,london,clean,1234,51.530773,-0.123381,51.491861,-0.111056,4.4101,0.0000
london_query_-WUdEGuLIX2B2T8rBV0Rgw,london:75,london,isotropic,1234,51.533321,-0.106011,51.491861,-0.111056,4.6234,15.6800
london_query_-WUdEGuLIX2B2T8rBV0Rgw,london:75,london,edge,1234,51.522568,-0.157756,51.491861,-0.111056,4.7016,15.6800
london_query_-WUdEGuLIX2B2T8rBV0Rgw,london:75,london,saliency,1234,52.136181,-0.466402,51.491861,-0.111056,75.6947,15.6800
manila_query_-EthLwRJMwt-Shb-xpIYlA,manila:119,manila,clean,1234,14.588359,121.061592,14.594442,121.056911,0.8434,0.0000
manila_query_-EthLwRJMwt-Shb-xpIYlA,manila:119,manila,isotropic,1234,14.587402,121.063881,14.594442,121.056911,1.0841,15.6800
manila_query_-EthLwRJMwt-Shb-xpIYlA,manila:119,manila,edge,1234,14.272638,121.103752,14.594442,121.056911,36.1367,15.6800
manila_query_-EthLwRJMwt-Shb-xpIYlA,manila:119,manila,saliency,1234,14.587402,121.063881,14.594442,121.056911,1.0841,15.6800
nairobi_query_0jIUlQnC_o05NHi_OMD_vg,nairobi:10,nairobi,clean,1234,-1.228967,36.804867,-1.273749,36.800755,5.0004,0.0000
nairobi_query_0jIUlQnC_o05NHi_OMD_vg,nairobi:10,nairobi,isotropic,1234,-1.271134,36.724548,-1.273749,36.800755,8.4767,15.6800
nairobi_query_0jIUlQnC_o05NHi_OMD_vg,nairobi:10,nairobi,edge,1234,9.935816,-84.051559,-1.273749,36.800755,13408.6812,15.6800
nairobi_query_0jIUlQnC_o05NHi_OMD_vg,nairobi:10,nairobi,saliency,1234,9.935816,-84.051559,-1.273749,36.800755,13408.6812,15.6800
toronto_query_-8imnyri_5yPaHzqoBtiSg,toronto:274,toronto,clean,1234,43.734653,-79.258255,43.748641,-79.295987,3.4069,0.0000
toronto_query_-8imnyri_5yPaHzqoBtiSg,toronto:274,toronto,isotropic,1234,43.734653,-79.258255,43.748641,-79.295987,3.4069,15.6800
toronto_query_-8imnyri_5yPaHzqoBtiSg,toronto:274,toronto,edge,1234,43.734653,-79.258255,43.748641,-79.295987,3.4069,15.6800
toronto_query_-8imnyri_5yPaHzqoBtiSg,toronto:274,toronto,saliency,1234,43.734653,-79.258255,43.748641,-79.295987,3.4069,15.6800
zurich_query_-_SB4ERKdFDYkwavdkk6NA,zurich:27,zurich,clean,1234,47.448639,8.361905,47.405016,8.599805,18.5422,0.0000
zurich_query_-_SB4ERKdFDYkwavdkk6NA,zurich:27,zurich,isotropic,1234,47.575069,8.566911,47.405016,8.599805,19.0700,15.6800
zurich_query_-_SB4ERKdFDYkwavdkk6NA,zurich:27,zurich,edge,1234,47.468201,9.047573,47.405016,8.599805,34.4029,15.6800
zurich_query_-_SB4ERKdFDYkwavdkk6NA,zurich:27,zurich,saliency,1234,47.575069,8.566911,47.405016,8.599805,19.0700,15.6800
amman_query_0NfGsYmI9MkLl0JzfO-tJg,amman:37,amman,clean,1234,32.893082,13.167393,31.978879,35.916274,2133.2252,0.0000
amman_query_0NfGsYmI9MkLl0JzfO-tJg,amman:37,amman,isotropic,1234,32.869747,13.183218,31.978879,35.916274,2131.9086,15.6800
amman_query_0NfGsYmI9MkLl0JzfO-tJg,amman:37,amman,edge,1234,32.869747,13.183218,31.978879,35.916274,2131.9086,15.6800
amman_query_0NfGsYmI9MkLl0JzfO-tJg,amman:37,amman,saliency,1234,32.893082,13.167393,31.978879,35.916274,2133.2252,15.6800
boston_query_-DZ2jmUKLylFospVHUJx9w,boston:144,boston,clean,1234,42.361073,-71.088547,42.333348,-71.091695,3.0937,0.0000
boston_query_-DZ2jmUKLylFospVHUJx9w,boston:144,boston,isotropic,1234,41.050377,-73.539169,42.333348,-71.091695,248.2783,15.6800
boston_query_-DZ2jmUKLylFospVHUJx9w,boston:144,boston,edge,1234,42.361073,-71.088547,42.333348,-71.091695,3.0937,15.6800
boston_query_-DZ2jmUKLylFospVHUJx9w,boston:144,boston,saliency,1234,38.895180,-77.074089,42.333348,-71.091695,633.0950,15.6800
cph_query_-CmhgNHgZVau1Sw841AZJw,cph:271,cph,clean,1234,50.838467,-1.034088,55.677270,12.618525,1052.9030,0.0000
cph_query_-CmhgNHgZVau1Sw841AZJw,cph:271,cph,isotropic,1234,50.971111,2.416666,55.677270,12.618525,854.6916,15.6800
cph_query_-CmhgNHgZVau1Sw841AZJw,cph:271,cph,edge,1234,50.838467,-1.034088,55.677270,12.618525,1052.9030,15.6800
cph_query_-CmhgNHgZVau1Sw841AZJw,cph:271,cph,saliency,1234,50.838467,-1.034088,55.677270,12.618525,1052.9030,15.6800
london_query_-WZeEq0W1pr6VJS4t3dR0g,london:63,london,clean,1234,51.594807,-0.066089,51.471655,-0.123163,14.2516,0.0000
london_query_-WZeEq0W1pr6VJS4t3dR0g,london:63,london,isotropic,1234,51.594807,-0.066089,51.471655,-0.123163,14.2516,15.6800
london_query_-WZeEq0W1pr6VJS4t3dR0g,london:63,london,edge,1234,51.594807,-0.066089,51.471655,-0.123163,14.2516,15.6800
london_query_-WZeEq0W1pr6VJS4t3dR0g,london:63,london,saliency,1234,51.594807,-0.066089,51.471655,-0.123163,14.2516,15.6800
manila_query_-GD9SrklFbEy7mNAK9uIXg,manila:143,manila,clean,1234,14.721760,120.860596,14.555314,121.062423,28.5312,0.0000
manila_query_-GD9SrklFbEy7mNAK9uIXg,manila:143,manila,isotropic,1234,15.225640,120.576836,14.555314,121.062423,90.9871,15.6800
manila_query_-GD9SrklFbEy7mNAK9uIXg,manila:143,manila,edge,1234,15.772430,120.735794,14.555314,121.062423,139.8034,15.6800
manila_query_-GD9SrklFbEy7mNAK9uIXg,manila:143,manila,saliency,1234,15.772430,120.735794,14.555314,121.062423,139.8034,15.6800
nairobi_query_0o5iaNnZzqS9cqJ1tMT85g,nairobi:20,nairobi,clean,1234,-17.829596,31.052685,-1.275833,36.887606,1947.9287,0.0000
nairobi_query_0o5iaNnZzqS9cqJ1tMT85g,nairobi:20,nairobi,isotropic,1234,-1.040897,36.741028,-1.275833,36.887606,30.7895,15.6800
nairobi_query_0o5iaNnZzqS9cqJ1tMT85g,nairobi:20,nairobi,edge,1234,-17.829596,31.052685,-1.275833,36.887606,1947.9287,15.6800
nairobi_query_0o5iaNnZzqS9cqJ1tMT85g,nairobi:20,nairobi,saliency,1234,-1.040897,36.741028,-1.275833,36.887606,30.7895,15.6800
toronto_query_-8zrNMH6voa2ZtBaGNpoYQ,toronto:130,toronto,clean,1234,43.772816,-79.328339,43.735876,-79.381670,5.9346,0.0000
toronto_query_-8zrNMH6voa2ZtBaGNpoYQ,toronto:130,toronto,isotropic,1234,43.702957,-79.536545,43.735876,-79.381670,12.9735,15.6800
toronto_query_-8zrNMH6voa2ZtBaGNpoYQ,toronto:130,toronto,edge,1234,43.756111,-79.314796,43.735876,-79.381670,5.8240,15.6800
toronto_query_-8zrNMH6voa2ZtBaGNpoYQ,toronto:130,toronto,saliency,1234,43.702957,-79.536545,43.735876,-79.381670,12.9735,15.6800
zurich_query_-bwmsEYfSnHpjkqrw0Vn6g,zurich:27,zurich,clean,1234,60.388332,23.061161,47.403802,8.599861,1718.6461,0.0000
zurich_query_-bwmsEYfSnHpjkqrw0Vn6g,zurich:27,zurich,isotropic,1234,41.608696,-1.300184,47.403802,8.599861,1014.2950,15.6800
zurich_query_-bwmsEYfSnHpjkqrw0Vn6g,zurich:27,zurich,edge,1234,50.308907,10.224977,47.403802,8.599861,344.1961,15.6800
zurich_query_-bwmsEYfSnHpjkqrw0Vn6g,zurich:27,zurich,saliency,1234,59.154381,18.122366,47.403802,8.599861,1448.6041,15.6800
amman_query_0PLHged3iWJuuv8xOPB5rA,amman:29,amman,clean,1234,32.025043,35.878407,31.958905,35.854412,7.6945,0.0000
amman_query_0PLHged3iWJuuv8xOPB5rA,amman:29,amman,isotropic,1234,31.949841,35.922371,31.958905,35.854412,6.4903,15.6800
amman_query_0PLHged3iWJuuv8xOPB5rA,amman:29,amman,edge,1234,31.934683,35.904694,31.958905,35.854412,5.4555,15.6800
amman_query_0PLHged3iWJuuv8xOPB5rA,amman:29,amman,saliency,1234,31.949841,35.922371,31.958905,35.854412,6.4903,15.6800
boston_query_-EHBZ4-3d6vENYYFm7mWEw,boston:123,boston,clean,1234,42.367203,-71.069145,42.347679,-71.097785,3.2017,0.0000
boston_query_-EHBZ4-3d6vENYYFm7mWEw,boston:123,boston,isotropic,1234,42.369064,-71.073059,42.347679,-71.097785,3.1276,15.6800
boston_query_-EHBZ4-3d6vENYYFm7mWEw,boston:123,boston,edge,1234,42.369064,-71.073059,42.347679,-71.097785,3.1276,15.6800
boston_query_-EHBZ4-3d6vENYYFm7mWEw,boston:123,boston,saliency,1234,42.368587,-71.071671,42.347679,-71.097785,3.1638,15.6800
cph_query_-CrgHhqoywCPgzsSAabnsw,cph:464,cph,clean,1234,59.918076,16.602573,55.710387,12.552667,525.5546,0.0000
cph_query_-CrgHhqoywCPgzsSAabnsw,cph:464,cph,isotropic,1234,49.783665,18.257833,55.710387,12.552667,762.1601,15.6800
cph_query_-CrgHhqoywCPgzsSAabnsw,cph:464,cph,edge,1234,52.251244,21.061455,55.710387,12.552667,675.6534,15.6800
cph_query_-CrgHhqoywCPgzsSAabnsw,cph:464,cph,saliency,1234,55.716591,12.530665,55.710387,12.552667,1.5412,15.6800
london_query_-WyzcGh-_EYVhI50Y9F08Q,london:121,london,clean,1234,51.401546,-1.324517,51.535018,-0.055866,89.1211,0.0000
london_query_-WyzcGh-_EYVhI50Y9F08Q,london:121,london,isotropic,1234,51.401546,-1.324517,51.535018,-0.055866,89.1211,15.6800
london_query_-WyzcGh-_EYVhI50Y9F08Q,london:121,london,edge,1234,51.235126,-0.570259,51.535018,-0.055866,48.8487,15.6800
london_query_-WyzcGh-_EYVhI50Y9F08Q,london:121,london,saliency,1234,51.401546,-1.324517,51.535018,-0.055866,89.1211,15.6800
manila_query_-GRDcYlSjwLZPQ0LqKatqA,manila:171,manila,clean,1234,14.551974,121.022591,14.605291,121.079154,8.4970,0.0000
manila_query_-GRDcYlSjwLZPQ0LqKatqA,manila:171,manila,isotropic,1234,14.584208,121.056732,14.605291,121.079154,3.3641,15.6800
manila_query_-GRDcYlSjwLZPQ0LqKatqA,manila:171,manila,edge,1234,14.551974,121.022591,14.605291,121.079154,8.4970,15.6800
manila_query_-GRDcYlSjwLZPQ0LqKatqA,manila:171,manila,saliency,1234,14.551974,121.022591,14.605291,121.079154,8.4970,15.6800
nairobi_query_0u9pYEI4g20T0TGGb3Q_mw,nairobi:19,nairobi,clean,1234,-1.288210,36.894150,-1.253763,36.690423,22.9694,0.0000
nairobi_query_0u9pYEI4g20T0TGGb3Q_mw,nairobi:19,nairobi,isotropic,1234,-1.040897,36.741028,-1.253763,36.690423,24.3290,15.6800
nairobi_query_0u9pYEI4g20T0TGGb3Q_mw,nairobi:19,nairobi,edge,1234,-1.040897,36.741028,-1.253763,36.690423,24.3290,15.6800
nairobi_query_0u9pYEI4g20T0TGGb3Q_mw,nairobi:19,nairobi,saliency,1234,-1.040897,36.741028,-1.253763,36.690423,24.3290,15.6800
toronto_query_-90qYles5GKU3ikhCYP3xg,toronto:265,toronto,clean,1234,43.779140,-79.233620,43.686419,-79.832400,49.2021,0.0000
toronto_query_-90qYles5GKU3ikhCYP3xg,toronto:265,toronto,isotropic,1234,43.820236,-79.327766,43.686419,-79.832400,43.1765,15.6800
toronto_query_-90qYles5GKU3ikhCYP3xg,toronto:265,toronto,edge,1234,43.775585,-79.346054,43.686419,-79.832400,40.3155,15.6800
toronto_query_-90qYles5GKU3ikhCYP3xg,toronto:265,toronto,saliency,1234,43.830570,-79.098564,43.686419,-79.832400,61.0764,15.6800
zurich_query_-ckZ0rXdz4mibIinNjdoZQ,zurich:19,zurich,clean,1234,48.624454,2.247133,47.399638,8.516805,485.6955,0.0000
zurich_query_-ckZ0rXdz4mibIinNjdoZQ,zurich:19,zurich,isotropic,1234,45.924648,4.733905,47.399638,8.516805,331.9677,15.6800
zurich_query_-ckZ0rXdz4mibIinNjdoZQ,zurich:19,zurich,edge,1234,47.241512,8.621435,47.399638,8.516805,19.2706,15.6800
zurich_query_-ckZ0rXdz4mibIinNjdoZQ,zurich:19,zurich,saliency,1234,43.663338,7.198920,47.399638,8.516805,427.9346,15.6800
amman_query_0R0A_PhOAjP-uMDPM7p7mA,amman:29,amman,clean,1234,31.949841,35.922371,31.958702,35.853572,6.5652,0.0000
amman_query_0R0A_PhOAjP-uMDPM7p7mA,amman:29,amman,isotropic,1234,22.593725,46.494141,31.958702,35.853572,1478.2373,15.6800
amman_query_0R0A_PhOAjP-uMDPM7p7mA,amman:29,amman,edge,1234,31.949841,35.922371,31.958702,35.853572,6.5652,15.6800
amman_query_0R0A_PhOAjP-uMDPM7p7mA,amman:29,amman,saliency,1234,22.593725,46.494141,31.958702,35.853572,1478.2373,15.6800
boston_query_-F1y-kaybMQbp8p7UR03TA,boston:250,boston,clean,1234,41.000000,-73.814835,42.337935,-71.159550,266.0190,0.0000
boston_query_-F1y-kaybMQbp8p7UR03TA,boston:250,boston,isotropic,1234,40.960423,-73.856316,42.337935,-71.159550,271.3974,15.6800
boston_query_-F1y-kaybMQbp8p7UR03TA,boston:250,boston,edge,1234,42.304901,-71.219200,42.337935,-71.159550,6.1272,15.6800
boston_query_-F1y-kaybMQbp8p7UR03TA,boston:250,boston,saliency,1234,40.960423,-73.856316,42.337935,-71.159550,271.3974,15.6800
cph_query_-EJZ9qR_FRIGfCF6DhQCJg,cph:175,cph,clean,1234,55.680099,12.590417,55.679159,12.592312,0.1583,0.0000
cph_query_-EJZ9qR_FRIGfCF6DhQCJg,cph:175,cph,isotropic,1234,55.681919,12.593615,55.679159,12.592312,0.3176,15.6800
cph_query_-EJZ9qR_FRIGfCF6DhQCJg,cph:175,cph,edge,1234,55.682339,12.593851,55.679159,12.592312,0.3665,15.6800
cph_query_-EJZ9qR_FRIGfCF6DhQCJg,cph:175,cph,saliency,1234,55.679787,12.589731,55.679159,12.592312,0.1762,15.6800
london_query_-XIh6yuegk86oURAbggPpw,london:76,london,clean,1234,51.522415,-0.156555,51.494331,-0.110853,4.4448,0.0000
london_query_-XIh6yuegk86oURAbggPpw,london:76,london,isotropic,1234,51.504284,-0.186918,51.494331,-0.110853,5.3804,15.6800
london_query_-XIh6yuegk86oURAbggPpw,london:76,london,edge,1234,51.522415,-0.156555,51.494331,-0.110853,4.4448,15.6800
london_query_-XIh6yuegk86oURAbggPpw,london:76,london,saliency,1234,51.522415,-0.156555,51.494331,-0.110853,4.4448,15.6800
manila_query_-GYvqZ8BYSfzGUbFI13obA,manila:109,manila,clean,1234,9.312214,123.311920,14.654438,121.049307,642.9540,0.0000
manila_query_-GYvqZ8BYSfzGUbFI13obA,manila:109,manila,isotropic,1234,14.649459,121.049667,14.654438,121.049307,0.5550,15.6800
manila_query_-GYvqZ8BYSfzGUbFI13obA,manila:109,manila,edge,1234,14.654925,121.064346,14.654438,121.049307,1.6189,15.6800
manila_query_-GYvqZ8BYSfzGUbFI13obA,manila:109,manila,saliency,1234,14.649459,121.049667,14.654438,121.049307,0.5550,15.6800
nairobi_query_16KxNH7RD-4ITdBTZKvAXw,nairobi:3,nairobi,clean,1234,-1.272936,36.817932,-1.290173,36.773942,5.2525,0.0000
nairobi_query_16KxNH7RD-4ITdBTZKvAXw,nairobi:3,nairobi,isotropic,1234,-1.040897,36.741028,-1.290173,36.773942,27.9588,15.6800
nairobi_query_16KxNH7RD-4ITdBTZKvAXw,nairobi:3,nairobi,edge,1234,-1.272936,36.817932,-1.290173,36.773942,5.2525,15.6800
nairobi_query_16KxNH7RD-4ITdBTZKvAXw,nairobi:3,nairobi,saliency,1234,-1.272936,36.817932,-1.290173,36.773942,5.2525,15.6800
toronto_query_-95Ypw11XUgNqZdY5m4GCw,toronto:85,toronto,clean,1234,45.334602,-75.904587,43.744124,-79.407106,329.0989,0.0000
toronto_query_-95Ypw11XUgNqZdY5m4GCw,toronto:85,toronto,isotropic,1234,42.862534,-73.889038,43.744124,-79.407106,457.0626,15.6800
toronto_query_-95Ypw11XUgNqZdY5m4GCw,toronto:85,toronto,edge,1234,39.080029,-76.937424,43.744124,-79.407106,557.9495,15.6800
toronto_query_-95Ypw11XUgNqZdY5m4GCw,toronto:85,toronto,saliency,1234,39.080029,-76.937424,43.744124,-79.407106,557.9495,15.6800
zurich_query_-fOHAPAq-KX4XPlg0JJPvg,zurich:96,zurich,clean,1234,50.334721,6.944444,47.379042,8.489478,347.5310,0.0000
zurich_query_-fOHAPAq-KX4XPlg0JJPvg,zurich:96,zurich,isotropic,1234,52.337883,4.805231,47.379042,8.489478,611.1881,15.6800
zurich_query_-fOHAPAq-KX4XPlg0JJPvg,zurich:96,zurich,edge,1234,52.358120,4.814329,47.379042,8.489478,612.9141,15.6800
zurich_query_-fOHAPAq-KX4XPlg0JJPvg,zurich:96,zurich,saliency,1234,52.337883,4.805231,47.379042,8.489478,611.1881,15.6800
amman_query_0RRGZCCzxqj8dJzhN-RnQQ,amman:6,amman,clean,1234,24.707031,46.675243,31.967991,35.842017,1331.3228,0.0000
amman_query_0RRGZCCzxqj8dJzhN-RnQQ,amman:6,amman,isotropic,1234,32.893082,13.167393,31.967991,35.842017,2126.4909,15.6800
amman_query_0RRGZCCzxqj8dJzhN-RnQQ,amman:6,amman,edge,1234,32.893082,13.167393,31.967991,35.842017,2126.4909,15.6800
amman_query_0RRGZCCzxqj8dJzhN-RnQQ,amman:6,amman,saliency,1234,32.893082,13.167393,31.967991,35.842017,2126.4909,15.6800
boston_query_-GJo3fVMwIWZoCYgf09NLQ,boston:235,boston,clean,1234,40.808064,-73.963722,42.354394,-71.076373,295.3357,0.0000
boston_query_-GJo3fVMwIWZoCYgf09NLQ,boston:235,boston,isotropic,1234,41.791424,-87.598305,42.354394,-71.076373,1362.9979,15.6800
boston_query_-GJo3fVMwIWZoCYgf09NLQ,boston:235,boston,edge,1234,40.806305,-73.965622,42.354394,-71.076373,295.5806,15.6800
boston_query_-GJo3fVMwIWZoCYgf09NLQ,boston:235,boston,saliency,1234,41.790470,-87.598808,42.354394,-71.076373,1363.0542,15.6800
cph_query_-Eb1W6216G9S88OFy95k4Q,cph:366,cph,clean,1234,55.657463,12.511260,55.663202,12.539098,1.8591,0.0000
cph_query_-Eb1W6216G9S88OFy95k4Q,cph:366,cph,isotropic,1234,55.657463,12.511260,55.663202,12.539098,1.8591,15.6800
cph_query_-Eb1W6216G9S88OFy95k4Q,cph:366,cph,edge,1234,55.657463,12.511260,55.663202,12.539098,1.8591,15.6800
cph_query_-Eb1W6216G9S88OFy95k4Q,cph:366,cph,saliency,1234,55.657463,12.511260,55.663202,12.539098,1.8591,15.6800
london_query_-XZRTRoj7LEefbZ7UDBzXg,london:29,london,clean,1234,51.516281,-0.081163,51.524194,-0.137541,3.9988,0.0000
london_query_-XZRTRoj7LEefbZ7UDBzXg,london:29,london,isotropic,1234,51.505959,-0.017981,51.524194,-0.137541,8.5182,15.6800
london_query_-XZRTRoj7LEefbZ7UDBzXg,london:29,london,edge,1234,51.505959,-0.017981,51.524194,-0.137541,8.5182,15.6800
london_query_-XZRTRoj7LEefbZ7UDBzXg,london:29,london,saliency,1234,51.516281,-0.081163,51.524194,-0.137541,3.9988,15.6800
manila_query_-HF88JWAO1GDy0F6B4ZeZg,manila:202,manila,clean,1234,14.721760,120.860596,14.684486,121.104344,26.5417,0.0000
manila_query_-HF88JWAO1GDy0F6B4ZeZg,manila:202,manila,isotropic,1234,14.721760,120.860596,14.684486,121.104344,26.5417,15.6800
manila_query_-HF88JWAO1GDy0F6B4ZeZg,manila:202,manila,edge,1234,14.721760,120.860596,14.684486,121.104344,26.5417,15.6800
manila_query_-HF88JWAO1GDy0F6B4ZeZg,manila:202,manila,saliency,1234,14.721760,120.860596,14.684486,121.104344,26.5417,15.6800
nairobi_query_183WoPTmmjfRAAmVLL6TDw,nairobi:1,nairobi,clean,1234,-1.253628,36.876125,-1.247339,36.681249,21.6755,0.0000
nairobi_query_183WoPTmmjfRAAmVLL6TDw,nairobi:1,nairobi,isotropic,1234,-1.040897,36.741028,-1.247339,36.681249,23.8980,15.6800
nairobi_query_183WoPTmmjfRAAmVLL6TDw,nairobi:1,nairobi,edge,1234,-1.024163,37.065125,-1.247339,36.681249,49.3674,15.6800
nairobi_query_183WoPTmmjfRAAmVLL6TDw,nairobi:1,nairobi,saliency,1234,-1.288210,36.894150,-1.247339,36.681249,24.1002,15.6800
toronto_query_-9p2_cESNINnXfab4o-dKQ,toronto:121,toronto,clean,1234,43.698238,-79.396584,43.639211,-79.390001,6.5849,0.0000
toronto_query_-9p2_cESNINnXfab4o-dKQ,toronto:121,toronto,isotropic,1234,43.775585,-79.346054,43.639211,-79.390001,15.5702,15.6800
toronto_query_-9p2_cESNINnXfab4o-dKQ,toronto:121,toronto,edge,1234,43.648281,-79.361328,43.639211,-79.390001,2.5180,15.6800
toronto_query_-9p2_cESNINnXfab4o-dKQ,toronto:121,toronto,saliency,1234,43.698238,-79.396584,43.639211,-79.390001,6.5849,15.6800
zurich_query_-iln48QPRjkI40nJSzd6lg,zurich:109,zurich,clean,1234,47.238808,8.737808,47.389771,8.545821,22.1645,0.0000
zurich_query_-iln48QPRjkI40nJSzd6lg,zurich:109,zurich,isotropic,1234,47.207134,7.535183,47.389771,8.545821,78.8711,15.6800
zurich_query_-iln48QPRjkI40nJSzd6lg,zurich:109,zurich,edge,1234,46.197498,6.195167,47.389771,8.545821,222.6911,15.6800
zurich_query_-iln48QPRjkI40nJSzd6lg,zurich:109,zurich,saliency,1234,46.197498,6.195167,47.389771,8.545821,222.6911,15.6800
amman_query_0fPb7in-cHyh0MAM_N6Zwg,amman:13,amman,clean,1234,32.025043,35.878407,31.942440,35.847242,9.6440,0.0000
amman_query_0fPb7in-cHyh0MAM_N6Zwg,amman:13,amman,isotropic,1234,32.025043,35.878407,31.942440,35.847242,9.6440,15.6800
amman_query_0fPb7in-cHyh0MAM_N6Zwg,amman:13,amman,edge,1234,36.295914,36.720814,31.942440,35.847242,490.7114,15.6800
amman_query_0fPb7in-cHyh0MAM_N6Zwg,amman:13,amman,saliency,1234,36.295914,36.720814,31.942440,35.847242,490.7114,15.6800
boston_query_-HufF4iDO00S4hZK96hUyw,boston:145,boston,clean,1234,42.366661,-71.062317,42.335250,-71.090104,4.1730,0.0000
boston_query_-HufF4iDO00S4hZK96hUyw,boston:145,boston,isotropic,1234,42.346039,-71.045410,42.335250,-71.090104,3.8644,15.6800
boston_query_-HufF4iDO00S4hZK96hUyw,boston:145,boston,edge,1234,42.366661,-71.062317,42.335250,-71.090104,4.1730,15.6800
boston_query_-HufF4iDO00S4hZK96hUyw,boston:145,boston,saliency,1234,42.317001,-71.044754,42.335250,-71.090104,4.2446,15.6800
cph_query_-Efn_mUBXLqGWGzUw3Youw,cph:460,cph,clean,1234,59.936211,10.766084,55.703663,12.553377,482.3476,0.0000
cph_query_-Efn_mUBXLqGWGzUw3Youw,cph:460,cph,isotropic,1234,55.695702,12.546869,55.703663,12.553377,0.9747,15.6800
cph_query_-Efn_mUBXLqGWGzUw3Youw,cph:460,cph,edge,1234,55.707066,13.189086,55.703663,12.553377,39.8306,15.6800
cph_query_-Efn_mUBXLqGWGzUw3Youw,cph:460,cph,saliency,1234,55.695702,12.546869,55.703663,12.553377,0.9747,15.6800
london_query_-b5BCVv9Qd6OhZGxpoqS5A,london:84,london,clean,1234,51.515205,-0.142913,51.522775,-0.100861,3.0289,0.0000
london_query_-b5BCVv9Qd6OhZGxpoqS5A,london:84,london,isotropic,1234,51.485840,-0.197689,51.522775,-0.100861,7.8602,15.6800
london_query_-b5BCVv9Qd6OhZGxpoqS5A,london:84,london,edge,1234,51.498177,-0.182025,51.522775,-0.100861,6.2475,15.6800
london_query_-b5BCVv9Qd6OhZGxpoqS5A,london:84,london,saliency,1234,51.517056,-0.142596,51.522775,-0.100861,2.9569,15.6800
manila_query_-KU1q5fdqSI_GghxKumbeg,manila:67,manila,clean,1234,14.551074,121.051468,14.632668,121.034870,9.2470,0.0000
manila_query_-KU1q5fdqSI_GghxKumbeg,manila:67,manila,isotropic,1234,14.546341,121.054398,14.632668,121.034870,9.8265,15.6800
manila_query_-KU1q5fdqSI_GghxKumbeg,manila:67,manila,edge,1234,14.551074,121.051468,14.632668,121.034870,9.2470,15.6800
manila_query_-KU1q5fdqSI_GghxKumbeg,manila:67,manila,saliency,1234,14.551074,121.051468,14.632668,121.034870,9.2470,15.6800
nairobi_query_19K8RILgg4ErFKJ9l5D9zQ,nairobi:10,nairobi,clean,1234,-1.298725,36.790714,-1.274444,36.799699,2.8787,0.0000
nairobi_query_19K8RILgg4ErFKJ9l5D9zQ,nairobi:10,nairobi,isotropic,1234,-1.298725,36.790714,-1.274444,36.799699,2.8787,15.6800
nairobi_query_19K8RILgg4ErFKJ9l5D9zQ,nairobi:10,nairobi,edge,1234,-1.298725,36.790714,-1.274444,36.799699,2.8787,15.6800
nairobi_query_19K8RILgg4ErFKJ9l5D9zQ,nairobi:10,nairobi,saliency,1234,-1.298725,36.790714,-1.274444,36.799699,2.8787,15.6800
toronto_query_-Af6Q3npKjccLu7TwYvlsQ,toronto:197,toronto,clean,1234,33.855209,-84.495850,43.734681,-79.355683,1184.8011,0.0000
toronto_query_-Af6Q3npKjccLu7TwYvlsQ,toronto:197,toronto,isotropic,1234,42.532608,-83.199722,43.734681,-79.355683,339.3156,15.6800
toronto_query_-Af6Q3npKjccLu7TwYvlsQ,toronto:197,toronto,edge,1234,41.154942,-81.401436,43.734681,-79.355683,332.3327,15.6800
toronto_query_-Af6Q3npKjccLu7TwYvlsQ,toronto:197,toronto,saliency,1234,34.089500,-84.268997,43.734681,-79.355683,1153.1091,15.6800
zurich_query_-ldtR3_I7eHdDGYU5BNczg,zurich:105,zurich,clean,1234,47.391769,8.512526,47.386112,8.514885,0.6537,0.0000
zurich_query_-ldtR3_I7eHdDGYU5BNczg,zurich:105,zurich,isotropic,1234,47.391769,8.512526,47.386112,8.514885,0.6537,15.6800
zurich_query_-ldtR3_I7eHdDGYU5BNczg,zurich:105,zurich,edge,1234,47.388325,8.519226,47.386112,8.514885,0.4091,15.6800
zurich_query_-ldtR3_I7eHdDGYU5BNczg,zurich:105,zurich,saliency,1234,47.388325,8.519226,47.386112,8.514885,0.4091,15.6800
amman_query_0mtodUgJmOV4UK-0AiTGHg,amman:26,amman,clean,1234,31.949841,35.922371,31.957841,35.850878,6.8035,0.0000
amman_query_0mtodUgJmOV4UK-0AiTGHg,amman:26,amman,isotropic,1234,31.949841,35.922371,31.957841,35.850878,6.8035,15.6800
amman_query_0mtodUgJmOV4UK-0AiTGHg,amman:26,amman,edge,1234,31.944588,35.925636,31.957841,35.850878,7.2057,15.6800
amman_query_0mtodUgJmOV4UK-0AiTGHg,amman:26,amman,saliency,1234,31.949841,35.922371,31.957841,35.850878,6.8035,15.6800
boston_query_-IYAXZ4yoOS7SzEIu2m-me,boston:98,boston,clean,1234,42.229343,-71.175781,42.350961,-71.101908,14.8257,0.0000
boston_query_-IYAXZ4yoOS7SzEIu2m-me,boston:98,boston,isotropic,1234,35.250477,-97.771553,42.350961,-71.101908,2430.2886,15.6800
boston_query_-IYAXZ4yoOS7SzEIu2m-me,boston:98,boston,edge,1234,39.392693,-119.799553,42.350961,-71.101908,4051.7253,15.6800
boston_query_-IYAXZ4yoOS7SzEIu2m-me,boston:98,boston,saliency,1234,38.706947,-1.164550,42.350961,-71.101908,5754.2244,15.6800
cph_query_-F5w8wQO0CU26PCfOqANzA,cph:370,cph,clean,1234,59.362995,17.855728,55.666308,12.540118,519.0346,0.0000
cph_query_-F5w8wQO0CU26PCfOqANzA,cph:370,cph,isotropic,1234,59.362995,17.855728,55.666308,12.540118,519.0346,15.6800
cph_query_-F5w8wQO0CU26PCfOqANzA,cph:370,cph,edge,1234,59.362995,17.855728,55.666308,12.540118,519.0346,15.6800
cph_query_-F5w8wQO0CU26PCfOqANzA,cph:370,cph,saliency,1234,59.362995,17.855728,55.666308,12.540118,519.0346,15.6800
london_query_-c-T7aulp9a5g-J9zYbYiQ,london:51,london,clean,1234,51.579414,-0.080423,51.468010,-0.127645,12.8112,0.0000
london_query_-c-T7aulp9a5g-J9zYbYiQ,london:51,london,isotropic,1234,51.590679,-0.065091,51.468010,-0.127645,14.3101,15.6800
london_query_-c-T7aulp9a5g-J9zYbYiQ,london:51,london,edge,1234,51.579414,-0.080423,51.468010,-0.127645,12.8112,15.6800
london_query_-c-T7aulp9a5g-J9zYbYiQ,london:51,london,saliency,1234,51.579414,-0.080423,51.468010,-0.127645,12.8112,15.6800
manila_query_-KoSUCrB2w1FscwO9vyRlw,manila:31,manila,clean,1234,14.584208,121.056732,14.521897,121.016181,8.1886,0.0000
manila_query_-KoSUCrB2w1FscwO9vyRlw,manila:31,manila,isotropic,1234,14.584208,121.056732,14.521897,121.016181,8.1886,15.6800
manila_query_-KoSUCrB2w1FscwO9vyRlw,manila:31,manila,edge,1234,14.552815,121.022881,14.521897,121.016181,3.5128,15.6800
manila_query_-KoSUCrB2w1FscwO9vyRlw,manila:31,manila,saliency,1234,14.584208,121.056732,14.521897,121.016181,8.1886,15.6800
nairobi_query_1J7o8IGEriKnTs-ay8aPNQ,nairobi:3,nairobi,clean,1234,-1.271134,36.724548,-1.290055,36.771096,5.5860,0.0000
nairobi_query_1J7o8IGEriKnTs-ay8aPNQ,nairobi:3,nairobi,isotropic,1234,-1.271134,36.724548,-1.290055,36.771096,5.5860,15.6800
nairobi_query_1J7o8IGEriKnTs-ay8aPNQ,nairobi:3,nairobi,edge,1234,9.027119,38.762093,-1.290055,36.771096,1168.2327,15.6800
nairobi_query_1J7o8IGEriKnTs-ay8aPNQ,nairobi:3,nairobi,saliency,1234,-1.271134,36.724548,-1.290055,36.771096,5.5860,15.6800
toronto_query_-AlgHQUWzDPe9bpb8ZAzSA,toronto:171,toronto,clean,1234,43.648335,-79.398254,43.655206,-79.366112,2.6965,0.0000
toronto_query_-AlgHQUWzDPe9bpb8ZAzSA,toronto:171,toronto,isotropic,1234,43.652859,-79.401344,43.655206,-79.366112,2.8465,15.6800
toronto_query_-AlgHQUWzDPe9bpb8ZAzSA,toronto:171,toronto,edge,1234,43.653744,-79.400887,43.655206,-79.366112,2.8023,15.6800
toronto_query_-AlgHQUWzDPe9bpb8ZAzSA,toronto:171,toronto,saliency,1234,43.652859,-79.401344,43.655206,-79.366112,2.8465,15.6800
zurich_query_-m5K41q4X0r8qu_XnaYlIg,zurich:14,zurich,clean,1234,47.411621,8.551483,47.392525,8.475857,6.0750,0.0000
zurich_query_-m5K41q4X0r8qu_XnaYlIg,zurich:14,zurich,isotropic,1234,47.407581,8.546177,47.392525,8.475857,5.5511,15.6800
zurich_query_-m5K41q4X0r8qu_XnaYlIg,zurich:14,zurich,edge,1234,47.409676,8.550367,47.392525,8.475857,5.9233,15.6800
zurich_query_-m5K41q4X0r8qu_XnaYlIg,zurich:14,zurich,saliency,1234,47.407581,8.546177,47.392525,8.475857,5.5511,15.6800
amman_query_0rJM3ZzX3JzTTpl0GCia8w,amman:36,amman,clean,1234,32.866646,13.197047,31.966763,35.902553,2129.5672,0.0000
amman_query_0rJM3ZzX3JzTTpl0GCia8w,amman:36,amman,isotropic,1234,32.865963,13.124756,31.966763,35.902553,2136.3110,15.6800
amman_query_0rJM3ZzX3JzTTpl0GCia8w,amman:36,amman,edge,1234,32.866646,13.197047,31.966763,35.902553,2129.5672,15.6800
amman_query_0rJM3ZzX3JzTTpl0GCia8w,amman:36,amman,saliency,1234,32.389816,48.396835,31.966763,35.902553,1176.1712,15.6800
boston_query_-Jix8HM-vXTXdWrXQwVvQw,boston:123,boston,clean,1234,42.367203,-71.069145,42.347696,-71.096756,3.1388,0.0000
boston_query_-Jix8HM-vXTXdWrXQwVvQw,boston:123,boston,isotropic,1234,42.368587,-71.071671,42.347696,-71.096756,3.1056,15.6800
boston_query_-Jix8HM-vXTXdWrXQwVvQw,boston:123,boston,edge,1234,42.369064,-71.073059,42.347696,-71.096756,3.0719,15.6800
boston_query_-Jix8HM-vXTXdWrXQwVvQw,boston:123,boston,saliency,1234,42.369064,-71.073059,42.347696,-71.096756,3.0719,15.6800
cph_query_-FLAkBWjfrY2RcqaQ-LgmQ,cph:261,cph,clean,1234,56.906002,14.732666,55.678322,12.617675,188.8460,0.0000
cph_query_-FLAkBWjfrY2RcqaQ-LgmQ,cph:261,cph,isotropic,1234,55.436806,13.816680,55.678322,12.617675,80.0431,15.6800
cph_query_-FLAkBWjfrY2RcqaQ-LgmQ,cph:261,cph,edge,1234,55.436806,13.816680,55.678322,12.617675,80.0431,15.6800
cph_query_-FLAkBWjfrY2RcqaQ-LgmQ,cph:261,cph,saliency,1234,55.436806,13.816680,55.678322,12.617675,80.0431,15.6800
london_query_-cAVonhAOLeSK7tfil0ceg,london:100,london,clean,1234,51.517609,-0.083191,51.518997,-0.086096,0.2534,0.0000
london_query_-cAVonhAOLeSK7tfil0ceg,london:100,london,isotropic,1234,51.517902,-0.080230,51.518997,-0.086096,0.4238,15.6800
london_query_-cAVonhAOLeSK7tfil0ceg,london:100,london,edge,1234,51.517609,-0.083191,51.518997,-0.086096,0.2534,15.6800
london_query_-cAVonhAOLeSK7tfil0ceg,london:100,london,saliency,1234,51.516922,-0.081367,51.518997,-0.086096,0.4004,15.6800
manila_query_-LBCdeO8C8kj5IjX1m3XTA,manila:173,manila,clean,1234,14.584208,121.056732,14.611955,121.075401,3.6817,0.0000
manila_query_-LBCdeO8C8kj5IjX1m3XTA,manila:173,manila,isotropic,1234,14.609620,121.005890,14.611955,121.075401,7.4839,15.6800
manila_query_-LBCdeO8C8kj5IjX1m3XTA,manila:173,manila,edge,1234,14.624447,120.971832,14.611955,121.075401,11.2298,15.6800
manila_query_-LBCdeO8C8kj5IjX1m3XTA,manila:173,manila,saliency,1234,14.609620,121.005890,14.611955,121.075401,7.4839,15.6800
nairobi_query_1YjlKCdHNgoQBY8yOFqlmw,nairobi:8,nairobi,clean,1234,-1.283576,36.821365,-1.277792,36.792388,3.2849,0.0000
nairobi_query_1YjlKCdHNgoQBY8yOFqlmw,nairobi:8,nairobi,isotropic,1234,-1.040897,36.741028,-1.277792,36.792388,26.9533,15.6800
nairobi_query_1YjlKCdHNgoQBY8yOFqlmw,nairobi:8,nairobi,edge,1234,-1.040897,36.741028,-1.277792,36.792388,26.9533,15.6800
nairobi_query_1YjlKCdHNgoQBY8yOFqlmw,nairobi:8,nairobi,saliency,1234,-1.040897,36.741028,-1.277792,36.792388,26.9533,15.6800
toronto_query_-B-3B3MjxX0UdrDIo-8kmA,toronto:101,toronto,clean,1234,43.647972,-79.395401,43.645382,-79.396225,0.2955,0.0000
toronto_query_-B-3B3MjxX0UdrDIo-8kmA,toronto:101,toronto,isotropic,1234,43.257267,-79.868286,43.645382,-79.396225,57.5721,15.6800
toronto_query_-B-3B3MjxX0UdrDIo-8kmA,toronto:101,toronto,edge,1234,43.647972,-79.395401,43.645382,-79.396225,0.2955,15.6800
toronto_query_-B-3B3MjxX0UdrDIo-8kmA,toronto:101,toronto,saliency,1234,43.647972,-79.395401,43.645382,-79.396225,0.2955,15.6800
zurich_query_-nhCCSRwlsxqJsUbzqZvCQ,zurich:83,zurich,clean,1234,47.480553,8.314590,47.366428,8.541395,21.2645,0.0000
zurich_query_-nhCCSRwlsxqJsUbzqZvCQ,zurich:83,zurich,isotropic,1234,47.468201,9.047573,47.366428,8.541395,39.7308,15.6800
zurich_query_-nhCCSRwlsxqJsUbzqZvCQ,zurich:83,zurich,edge,1234,47.468201,9.047573,47.366428,8.541395,39.7308,15.6800
zurich_query_-nhCCSRwlsxqJsUbzqZvCQ,zurich:83,zurich,saliency,1234,47.480553,8.314590,47.366428,8.541395,21.2645,15.6800
amman_query_12LbsAl_T_jgw2JHgbR5ng,amman:35,amman,clean,1234,26.175467,50.547752,31.984105,35.900009,1561.2156,0.0000
amman_query_12LbsAl_T_jgw2JHgbR5ng,amman:35,amman,isotropic,1234,29.172510,48.118401,31.984105,35.900009,1209.9592,15.6800
amman_query_12LbsAl_T_jgw2JHgbR5ng,amman:35,amman,edge,1234,26.234499,50.575298,31.984105,35.900009,1560.5929,15.6800
amman_query_12LbsAl_T_jgw2JHgbR5ng,amman:35,amman,saliency,1234,32.893082,13.167393,31.984105,35.900009,2131.6201,15.6800
boston_query_-Jv7RF27BSJIV-gqOI7KxZ,boston:195,boston,clean,1234,44.797104,-68.769295,42.393239,-71.086096,325.9398,0.0000
boston_query_-Jv7RF27BSJIV-gqOI7KxZ,boston:195,boston,isotropic,1234,46.787205,-92.098106,42.393239,-71.086096,1728.1622,15.6800
boston_query_-Jv7RF27BSJIV-gqOI7KxZ,boston:195,boston,edge,1234,44.797104,-68.769295,42.393239,-71.086096,325.9398,15.6800
boston_query_-Jv7RF27BSJIV-gqOI7KxZ,boston:195,boston,saliency,1234,61.218182,-149.896027,42.393239,-71.086096,5415.8165,15.6800
cph_query_-GVbOpzggFXAot0UyKhx2g,cph:4,cph,clean,1234,55.701862,12.585359,55.703369,12.562531,1.4401,0.0000
cph_query_-GVbOpzggFXAot0UyKhx2g,cph:4,cph,isotropic,1234,55.701862,12.585359,55.703369,12.562531,1.4401,15.6800
cph_query_-GVbOpzggFXAot0UyKhx2g,cph:4,cph,edge,1234,48.145115,11.521158,55.703369,12.562531,843.4432,15.6800
cph_query_-GVbOpzggFXAot0UyKhx2g,cph:4,cph,saliency,1234,55.697887,12.576813,55.703369,12.562531,1.0828,15.6800
london_query_-dHWRapn57-l_kynPnun3Q,london:21,london,clean,1234,51.515205,-0.142913,51.513784,-0.155293,0.8711,0.0000
london_query_-dHWRapn57-l_kynPnun3Q,london:21,london,isotropic,1234,51.513561,-0.141000,51.513784,-0.155293,0.9894,15.6800
london_query_-dHWRapn57-l_kynPnun3Q,london:21,london,edge,1234,51.515205,-0.142913,51.513784,-0.155293,0.8711,15.6800
london_query_-dHWRapn57-l_kynPnun3Q,london:21,london,saliency,1234,51.513561,-0.141000,51.513784,-0.155293,0.9894,15.6800
manila_query_-MH02w7P6jmmqnoUdL-55Q,manila:72,manila,clean,1234,14.520774,121.018509,14.556378,121.036735,4.4184,0.0000
manila_query_-MH02w7P6jmmqnoUdL-55Q,manila:72,manila,isotropic,1234,19.505096,-99.146606,14.556378,121.036735,14212.3395,15.6800
manila_query_-MH02w7P6jmmqnoUdL-55Q,manila:72,manila,edge,1234,14.520774,121.018509,14.556378,121.036735,4.4184,15.6800
manila_query_-MH02w7P6jmmqnoUdL-55Q,manila:72,manila,saliency,1234,14.520774,121.018509,14.556378,121.036735,4.4184,15.6800
nairobi_query_1Z__CFelPzXEI1IEu_8QJw,nairobi:13,nairobi,clean,1234,-1.272936,36.817932,-1.271100,36.807389,1.1897,0.0000
nairobi_query_1Z__CFelPzXEI1IEu_8QJw,nairobi:13,nairobi,isotropic,1234,-1.040897,36.741028,-1.271100,36.807389,26.6394,15.6800
nairobi_query_1Z__CFelPzXEI1IEu_8QJw,nairobi:13,nairobi,edge,1234,-1.040897,36.741028,-1.271100,36.807389,26.6394,15.6800
nairobi_query_1Z__CFelPzXEI1IEu_8QJw,nairobi:13,nairobi,saliency,1234,-1.040897,36.741028,-1.271100,36.807389,26.6394,15.6800
toronto_query_-B136fRwqMBMXoc03yy-PQ,toronto:102,toronto,clean,1234,43.257267,-79.868286,43.651356,-79.397597,57.9978,0.0000
toronto_query_-B136fRwqMBMXoc03yy-PQ,toronto:102,toronto,isotropic,1234,43.646503,-79.395317,43.651356,-79.397597,0.5699,15.6800
toronto_query_-B136fRwqMBMXoc03yy-PQ,toronto:102,toronto,edge,1234,43.647972,-79.395401,43.651356,-79.397597,0.4157,15.6800
toronto_query_-B136fRwqMBMXoc03yy-PQ,toronto:102,toronto,saliency,1234,43.647972,-79.395401,43.651356,-79.397597,0.4157,15.6800
zurich_query_-tYWpAACOq7RfVvZJ-BAcQ,zurich:30,zurich,clean,1234,47.241512,8.621435,47.405269,8.505161,20.2083,0.0000
zurich_query_-tYWpAACOq7RfVvZJ-BAcQ,zurich:30,zurich,isotropic,1234,46.318680,6.071129,47.405269,8.505161,220.9944,15.6800
zurich_query_-tYWpAACOq7RfVvZJ-BAcQ,zurich:30,zurich,edge,1234,47.241512,8.621435,47.405269,8.505161,20.2083,15.6800
zurich_query_-tYWpAACOq7RfVvZJ-BAcQ,zurich:30,zurich,saliency,1234,47.077953,8.456726,47.405269,8.505161,36.5791,15.6800
amman_query_1HafWFxuyylXLnDzCoapDA,amman:35,amman,clean,1234,24.707031,46.675243,31.985877,35.897811,1328.1299,0.0000
amman_query_1HafWFxuyylXLnDzCoapDA,amman:35,amman,isotropic,1234,24.707031,46.675243,31.985877,35.897811,1328.1299,15.6800
amman_query_1HafWFxuyylXLnDzCoapDA,amman:35,amman,edge,1234,24.707031,46.675243,31.985877,35.897811,1328.1299,15.6800
amman_query_1HafWFxuyylXLnDzCoapDA,amman:35,amman,saliency,1234,24.707031,46.675243,31.985877,35.897811,1328.1299,15.6800
boston_query_-Kg6j3FKy26wYRLBkE_dFQ,boston:123,boston,clean,1234,42.367203,-71.069145,42.347671,-71.098275,3.2320,0.0000
boston_query_-Kg6j3FKy26wYRLBkE_dFQ,boston:123,boston,isotropic,1234,42.368587,-71.071671,42.347671,-71.098275,3.1918,15.6800
boston_query_-Kg6j3FKy26wYRLBkE_dFQ,boston:123,boston,edge,1234,42.368587,-71.071671,42.347671,-71.098275,3.1918,15.6800
boston_query_-Kg6j3FKy26wYRLBkE_dFQ,boston:123,boston,saliency,1234,42.368587,-71.071671,42.347671,-71.098275,3.1918,15.6800
cph_query_-G_OOR1_yAfdfgnlKYNKnQ,cph:254,cph,clean,1234,55.695702,12.546869,55.665647,12.613241,5.3369,0.0000
cph_query_-G_OOR1_yAfdfgnlKYNKnQ,cph:254,cph,isotropic,1234,55.695702,12.546869,55.665647,12.613241,5.3369,15.6800
cph_query_-G_OOR1_yAfdfgnlKYNKnQ,cph:254,cph,edge,1234,55.672501,12.558666,55.665647,12.613241,3.5063,15.6800
cph_query_-G_OOR1_yAfdfgnlKYNKnQ,cph:254,cph,saliency,1234,55.695702,12.546869,55.665647,12.613241,5.3369,15.6800
london_query_-dZ1k85FDVdFSbcG6_ECOA,london:62,london,clean,1234,51.463139,-0.169515,51.472889,-0.121665,3.4874,0.0000
london_query_-dZ1k85FDVdFSbcG6_ECOA,london:62,london,isotropic,1234,51.463139,-0.169515,51.472889,-0.121665,3.4874,15.6800
london_query_-dZ1k85FDVdFSbcG6_ECOA,london:62,london,edge,1234,51.463139,-0.169515,51.472889,-0.121665,3.4874,15.6800
london_query_-dZ1k85FDVdFSbcG6_ECOA,london:62,london,saliency,1234,51.463139,-0.169515,51.472889,-0.121665,3.4874,15.6800
manila_query_-MKMMHEd33H1_45AJ8B5AA,manila:20,manila,clean,1234,14.609620,121.005890,14.657327,121.004155,5.3081,0.0000
manila_query_-MKMMHEd33H1_45AJ8B5AA,manila:20,manila,isotropic,1234,14.609620,121.005890,14.657327,121.004155,5.3081,15.6800
manila_query_-MKMMHEd33H1_45AJ8B5AA,manila:20,manila,edge,1234,14.607235,121.040154,14.657327,121.004155,6.7842,15.6800
manila_query_-MKMMHEd33H1_45AJ8B5AA,manila:20,manila,saliency,1234,14.607235,121.040154,14.657327,121.004155,6.7842,15.6800
nairobi_query_20W8wyVhxSIpj4ekTP7ezw,nairobi:20,nairobi,clean,1234,-1.315840,36.798191,-1.275747,36.888255,10.9598,0.0000
nairobi_query_20W8wyVhxSIpj4ekTP7ezw,nairobi:20,nairobi,isotropic,1234,-1.040897,36.741028,-1.275747,36.888255,30.8196,15.6800
nairobi_query_20W8wyVhxSIpj4ekTP7ezw,nairobi:20,nairobi,edge,1234,-1.040897,36.741028,-1.275747,36.888255,30.8196,15.6800
nairobi_query_20W8wyVhxSIpj4ekTP7ezw,nairobi:20,nairobi,saliency,1234,-1.040897,36.741028,-1.275747,36.888255,30.8196,15.6800
toronto_query_-BTAllhGXYkM_JsKwxUFMg,toronto:34,toronto,clean,1234,43.775585,-79.346054,43.634766,-79.422425,16.8188,0.0000
toronto_query_-BTAllhGXYkM_JsKwxUFMg,toronto:34,toronto,isotropic,1234,43.775585,-79.346054,43.634766,-79.422425,16.8188,15.6800
toronto_query_-BTAllhGXYkM_JsKwxUFMg,toronto:34,toronto,edge,1234,43.753628,-79.299255,43.634766,-79.422425,16.5151,15.6800
toronto_query_-BTAllhGXYkM_JsKwxUFMg,toronto:34,toronto,saliency,1234,43.775585,-79.346054,43.634766,-79.422425,16.8188,15.6800
zurich_query_-uQ-4tnYcOJ9WPXRG-ou3w,zurich:98,zurich,clean,1234,47.207134,7.535183,47.385264,8.494911,75.0372,0.0000
zurich_query_-uQ-4tnYcOJ9WPXRG-ou3w,zurich:98,zurich,isotropic,1234,47.207134,7.535183,47.385264,8.494911,75.0372,15.6800
zurich_query_-uQ-4tnYcOJ9WPXRG-ou3w,zurich:98,zurich,edge,1234,47.207134,7.535183,47.385264,8.494911,75.0372,15.6800
zurich_query_-uQ-4tnYcOJ9WPXRG-ou3w,zurich:98,zurich,saliency,1234,47.207134,7.535183,47.385264,8.494911,75.0372,15.6800
amman_query_1IWpn2b6V75KvNFoTU8UOQ,amman:26,amman,clean,1234,31.949841,35.922371,31.957222,35.848997,6.9710,0.0000
amman_query_1IWpn2b6V75KvNFoTU8UOQ,amman:26,amman,isotropic,1234,31.949841,35.922371,31.957222,35.848997,6.9710,15.6800
amman_query_1IWpn2b6V75KvNFoTU8UOQ,amman:26,amman,edge,1234,31.944588,35.925636,31.957222,35.848997,7.3660,15.6800
amman_query_1IWpn2b6V75KvNFoTU8UOQ,amman:26,amman,saliency,1234,31.949841,35.922371,31.957222,35.848997,6.9710,15.6800
boston_query_-LPTAIN0lPGriKBtXoH5Mg,boston:139,boston,clean,1234,46.821976,-92.090141,42.394615,-71.097155,1727.2637,0.0000
boston_query_-LPTAIN0lPGriKBtXoH5Mg,boston:139,boston,isotropic,1234,49.265228,-123.250679,42.394615,-71.097155,4029.3924,15.6800
boston_query_-LPTAIN0lPGriKBtXoH5Mg,boston:139,boston,edge,1234,49.265228,-123.250679,42.394615,-71.097155,4029.3924,15.6800
boston_query_-LPTAIN0lPGriKBtXoH5Mg,boston:139,boston,saliency,1234,46.489590,-80.989670,42.394615,-71.097155,906.8315,15.6800
cph_query_-Gsj5kZ1V6uLXFxzeI7G2Q,cph:159,cph,clean,1234,57.707741,11.973218,55.703588,12.591003,226.0173,0.0000
cph_query_-Gsj5kZ1V6uLXFxzeI7G2Q,cph:159,cph,isotropic,1234,57.723125,11.992950,55.703588,12.591003,227.5068,15.6800
cph_query_-Gsj5kZ1V6uLXFxzeI7G2Q,cph:159,cph,edge,1234,57.707310,11.967716,55.703588,12.591003,226.0263,15.6800
cph_query_-Gsj5kZ1V6uLXFxzeI7G2Q,cph:159,cph,saliency,1234,57.723125,11.992950,55.703588,12.591003,227.5068,15.6800
london_query_-dp5VWHVq4LzwLgq7y7yhw,london:28,london,clean,1234,51.517056,-0.142596,51.518018,-0.141846,0.1189,0.0000
london_query_-dp5VWHVq4LzwLgq7y7yhw,london:28,london,isotropic,1234,51.515339,-0.141921,51.518018,-0.141846,0.2979,15.6800
london_query_-dp5VWHVq4LzwLgq7y7yhw,london:28,london,edge,1234,51.517056,-0.142596,51.518018,-0.141846,0.1189,15.6800
london_query_-dp5VWHVq4LzwLgq7y7yhw,london:28,london,saliency,1234,51.515381,-0.142307,51.518018,-0.141846,0.2949,15.6800
manila_query_-N4wDG2Fhm38ZVy0hGp8_A,manila:106,manila,clean,1234,14.551074,121.051468,14.599797,121.049566,5.4216,0.0000
manila_query_-N4wDG2Fhm38ZVy0hGp8_A,manila:106,manila,isotropic,1234,15.772430,120.735794,14.599797,121.049566,134.6683,15.6800
manila_query_-N4wDG2Fhm38ZVy0hGp8_A,manila:106,manila,edge,1234,15.772430,120.735794,14.599797,121.049566,134.6683,15.6800
manila_query_-N4wDG2Fhm38ZVy0hGp8_A,manila:106,manila,saliency,1234,15.772430,120.735794,14.599797,121.049566,134.6683,15.6800
nairobi_query_2CNtCHy0TUbebdEFLYNrIQ,nairobi:10,nairobi,clean,1234,-1.271134,36.724548,-1.273190,36.800949,8.4963,0.0000
nairobi_query_2CNtCHy0TUbebdEFLYNrIQ,nairobi:10,nairobi,isotropic,1234,-1.040897,36.741028,-1.273190,36.800949,26.6750,15.6800
nairobi_query_2CNtCHy0TUbebdEFLYNrIQ,nairobi:10,nairobi,edge,1234,-1.271134,36.724548,-1.273190,36.800949,8.4963,15.6800
nairobi_query_2CNtCHy0TUbebdEFLYNrIQ,nairobi:10,nairobi,saliency,1234,-1.271134,36.724548,-1.273190,36.800949,8.4963,15.6800
toronto_query_-Cdr8zjFdZw7nzz8_rwM4w,toronto:389,toronto,clean,1234,43.772816,-79.328339,43.708161,-79.735548,33.4942,0.0000
toronto_query_-Cdr8zjFdZw7nzz8_rwM4w,toronto:389,toronto,isotropic,1234,43.775585,-79.346054,43.708161,-79.735548,32.1753,15.6800
toronto_query_-Cdr8zjFdZw7nzz8_rwM4w,toronto:389,toronto,edge,1234,43.775585,-79.346054,43.708161,-79.735548,32.1753,15.6800
toronto_query_-Cdr8zjFdZw7nzz8_rwM4w,toronto:389,toronto,saliency,1234,43.775585,-79.346054,43.708161,-79.735548,32.1753,15.6800
zurich_query_0247N-PdpG4_iueC_9_G4g,zurich:42,zurich,clean,1234,50.843479,5.725604,47.408884,8.586796,434.8918,0.0000
zurich_query_0247N-PdpG4_iueC_9_G4g,zurich:42,zurich,isotropic,1234,51.701668,7.798611,47.408884,8.586796,480.7024,15.6800
zurich_query_0247N-PdpG4_iueC_9_G4g,zurich:42,zurich,edge,1234,47.450832,8.562000,47.408884,8.586796,5.0236,15.6800
zurich_query_0247N-PdpG4_iueC_9_G4g,zurich:42,zurich,saliency,1234,50.843479,5.725604,47.408884,8.586796,434.8918,15.6800
amman_query_1Nmy4JnYnb5zA_JmbkDWBQ,amman:4,amman,clean,1234,32.893082,13.167393,31.980710,35.835015,2125.6207,0.0000
amman_query_1Nmy4JnYnb5zA_JmbkDWBQ,amman:4,amman,isotropic,1234,32.865963,13.124756,31.980710,35.835015,2129.7784,15.6800
amman_query_1Nmy4JnYnb5zA_JmbkDWBQ,amman:4,amman,edge,1234,32.865963,13.124756,31.980710,35.835015,2129.7784,15.6800
amman_query_1Nmy4JnYnb5zA_JmbkDWBQ,amman:4,amman,saliency,1234,32.865963,13.124756,31.980710,35.835015,2129.7784,15.6800
boston_query_-Lu6tv4tCQMDsXtxLtxMzQ,boston:176,boston,clean,1234,42.315971,-71.223206,42.306142,-71.086617,11.2846,0.0000
boston_query_-Lu6tv4tCQMDsXtxLtxMzQ,boston:176,boston,isotropic,1234,42.395805,-71.120628,42.306142,-71.086617,10.3544,15.6800
boston_query_-Lu6tv4tCQMDsXtxLtxMzQ,boston:176,boston,edge,1234,42.374165,-71.120003,42.306142,-71.086617,8.0461,15.6800
boston_query_-Lu6tv4tCQMDsXtxLtxMzQ,boston:176,boston,saliency,1234,42.315971,-71.223206,42.306142,-71.086617,11.2846,15.6800
cph_query_-HqO0GfYTRx5TzfB_6mTqA,cph:296,cph,clean,1234,52.354778,4.855635,55.677867,12.526326,622.0724,0.0000
cph_query_-HqO0GfYTRx5TzfB_6mTqA,cph:296,cph,isotropic,1234,52.448254,13.450194,55.677867,12.526326,364.1341,15.6800
cph_query_-HqO0GfYTRx5TzfB_6mTqA,cph:296,cph,edge,1234,53.597054,10.009994,55.677867,12.526326,282.3745,15.6800
cph_query_-HqO0GfYTRx5TzfB_6mTqA,cph:296,cph,saliency,1234,48.154091,11.592807,55.677867,12.526326,839.0327,15.6800
london_query_-izmF6OCR-aIZLVQbzDbLQ,london:8,london,clean,1234,47.658291,-122.313751,51.466750,-0.170082,7695.8075,0.0000
london_query_-izmF6OCR-aIZLVQbzDbLQ,london:8,london,isotropic,1234,53.337433,-6.251564,51.466750,-0.170082,461.8423,15.6800
london_query_-izmF6OCR-aIZLVQbzDbLQ,london:8,london,edge,1234,53.340836,-6.255244,51.466750,-0.170082,462.2208,15.6800
london_query_-izmF6OCR-aIZLVQbzDbLQ,london:8,london,saliency,1234,53.337433,-6.251564,51.466750,-0.170082,461.8423,15.6800
manila_query_-P2actpgy_mRkcbLVKBjkQ,manila:94,manila,clean,1234,8.399441,-82.540627,14.591475,121.043952,16368.2899,0.0000
manila_query_-P2actpgy_mRkcbLVKBjkQ,manila:94,manila,isotropic,1234,10.264586,-61.462669,14.591475,121.043952,17237.4648,15.6800
manila_query_-P2actpgy_mRkcbLVKBjkQ,manila:94,manila,edge,1234,10.264586,-61.462669,14.591475,121.043952,17237.4648,15.6800
manila_query_-P2actpgy_mRkcbLVKBjkQ,manila:94,manila,saliency,1234,14.274808,121.102959,14.591475,121.043952,35.7806,15.6800
nairobi_query_2OfDNnR5st7y8-O2ibiklQ,nairobi:5,nairobi,clean,1234,-1.040897,36.741028,-1.289461,36.778849,27.9571,0.0000
nairobi_query_2OfDNnR5st7y8-O2ibiklQ,nairobi:5,nairobi,isotropic,1234,-1.040897,36.741028,-1.289461,36.778849,27.9571,15.6800
nairobi_query_2OfDNnR5st7y8-O2ibiklQ,nairobi:5,nairobi,edge,1234,-1.040897,36.741028,-1.289461,36.778849,27.9571,15.6800
nairobi_query_2OfDNnR5st7y8-O2ibiklQ,nairobi:5,nairobi,saliency,1234,-21.708792,122.229080,-1.289461,36.778849,9484.5212,15.6800
toronto_query_-DB8UBv2Rg4kTi6HTqrhOw,toronto:228,toronto,clean,1234,43.772816,-79.328339,43.736903,-79.344912,4.2093,0.0000
toronto_query_-DB8UBv2Rg4kTi6HTqrhOw,toronto:228,toronto,isotropic,1234,43.775059,-79.328766,43.736903,-79.344912,4.4364,15.6800
toronto_query_-DB8UBv2Rg4kTi6HTqrhOw,toronto:228,toronto,edge,1234,43.772816,-79.328339,43.736903,-79.344912,4.2093,15.6800
toronto_query_-DB8UBv2Rg4kTi6HTqrhOw,toronto:228,toronto,saliency,1234,43.634895,-79.540733,43.736903,-79.344912,19.4059,15.6800
zurich_query_046U_rtFmS-pAuZF-Zba0Q,zurich:42,zurich,clean,1234,47.447498,8.564608,47.409118,8.585746,4.5544,0.0000
zurich_query_046U_rtFmS-pAuZF-Zba0Q,zurich:42,zurich,isotropic,1234,50.074467,8.369318,47.409118,8.585746,296.7979,15.6800
zurich_query_046U_rtFmS-pAuZF-Zba0Q,zurich:42,zurich,edge,1234,47.401546,8.421128,47.409118,8.585746,12.4173,15.6800
zurich_query_046U_rtFmS-pAuZF-Zba0Q,zurich:42,zurich,saliency,1234,47.401546,8.421128,47.409118,8.585746,12.4173,15.6800
amman_query_1Tf2dWuS4el8fREHH1_k0w,amman:25,amman,clean,1234,32.893082,13.167393,31.955989,35.847630,2127.2202,0.0000
amman_query_1Tf2dWuS4el8fREHH1_k0w,amman:25,amman,isotropic,1234,32.662861,-115.495842,31.955989,35.847630,12225.5322,15.6800
amman_query_1Tf2dWuS4el8fREHH1_k0w,amman:25,amman,edge,1234,-26.099148,28.117163,31.955989,35.847630,6507.3053,15.6800
amman_query_1Tf2dWuS4el8fREHH1_k0w,amman:25,amman,saliency,1234,33.434235,-112.009003,31.955989,35.847630,12001.6237,15.6800
boston_query_-N2T2kBE4uG56LTsyCQPJg,boston:19,boston,clean,1234,40.625645,-73.960907,42.390720,-71.118060,307.4717,0.0000
boston_query_-N2T2kBE4uG56LTsyCQPJg,boston:19,boston,isotropic,1234,40.637543,-73.960754,42.390720,-71.118060,306.6026,15.6800
boston_query_-N2T2kBE4uG56LTsyCQPJg,boston:19,boston,edge,1234,40.637543,-73.960754,42.390720,-71.118060,306.6026,15.6800
boston_query_-N2T2kBE4uG56LTsyCQPJg,boston:19,boston,saliency,1234,40.637543,-73.960754,42.390720,-71.118060,306.6026,15.6800
cph_query_-I7HyKa_KIzMp2uMsvqUAg,cph:54,cph,clean,1234,55.704571,12.577661,55.707689,12.570277,0.5781,0.0000
cph_query_-I7HyKa_KIzMp2uMsvqUAg,cph:54,cph,isotropic,1234,55.701862,12.585359,55.707689,12.570277,1.1457,15.6800
cph_query_-I7HyKa_KIzMp2uMsvqUAg,cph:54,cph,edge,1234,55.701862,12.585359,55.707689,12.570277,1.1457,15.6800
cph_query_-I7HyKa_KIzMp2uMsvqUAg,cph:54,cph,saliency,1234,55.701862,12.585359,55.707689,12.570277,1.1457,15.6800
london_query_-kd8SHN5N5wLOpzEu10rfQ,london:36,london,clean,1234,51.558998,0.069700,51.554131,-0.134742,14.1444,0.0000
london_query_-kd8SHN5N5wLOpzEu10rfQ,london:36,london,isotropic,1234,51.495667,0.076333,51.554131,-0.134742,15.9844,15.6800
london_query_-kd8SHN5N5wLOpzEu10rfQ,london:36,london,edge,1234,51.558998,0.069700,51.554131,-0.134742,14.1444,15.6800
london_query_-kd8SHN5N5wLOpzEu10rfQ,london:36,london,saliency,1234,51.547348,-0.205929,51.554131,-0.134742,4.9796,15.6800
manila_query_-PR9Q6-AlT31oRE_Ep_fnQ,manila:135,manila,clean,1234,14.274808,121.102959,14.530453,121.057691,28.8416,0.0000
manila_query_-PR9Q6-AlT31oRE_Ep_fnQ,manila:135,manila,isotropic,1234,15.772430,120.735794,14.530453,121.057691,142.3576,15.6800
manila_query_-PR9Q6-AlT31oRE_Ep_fnQ,manila:135,manila,edge,1234,15.772430,120.735794,14.530453,121.057691,142.3576,15.6800
manila_query_-PR9Q6-AlT31oRE_Ep_fnQ,manila:135,manila,saliency,1234,15.772430,120.735794,14.530453,121.057691,142.3576,15.6800
nairobi_query_2QtumRO8ayl5p_Jb-rhTZQ,nairobi:22,nairobi,clean,1234,3.874410,11.521551,-1.256850,36.698234,2855.4272,0.0000
nairobi_query_2QtumRO8ayl5p_Jb-rhTZQ,nairobi:22,nairobi,isotropic,1234,-1.040897,36.741028,-1.256850,36.698234,24.4797,15.6800
nairobi_query_2QtumRO8ayl5p_Jb-rhTZQ,nairobi:22,nairobi,edge,1234,-1.024163,37.065125,-1.256850,36.698234,48.3025,15.6800
nairobi_query_2QtumRO8ayl5p_Jb-rhTZQ,nairobi:22,nairobi,saliency,1234,-1.040897,36.741028,-1.256850,36.698234,24.4797,15.6800
toronto_query_-Dr7KE__egl6kS-yslctCg,toronto:196,toronto,clean,1234,43.734653,-79.258255,43.688351,-79.355308,9.3465,0.0000
toronto_query_-Dr7KE__egl6kS-yslctCg,toronto:196,toronto,isotropic,1234,43.734653,-79.258255,43.688351,-79.355308,9.3465,15.6800
toronto_query_-Dr7KE__egl6kS-yslctCg,toronto:196,toronto,edge,1234,43.734653,-79.258255,43.688351,-79.355308,9.3465,15.6800
toronto_query_-Dr7KE__egl6kS-yslctCg,toronto:196,toronto,saliency,1234,43.734653,-79.258255,43.688351,-79.355308,9.3465,15.6800
zurich_query_08U3p7js9TCivpCfLs0ZIw,zurich:5,zurich,clean,1234,47.241512,8.621435,47.350401,8.439406,18.3043,0.0000
zurich_query_08U3p7js9TCivpCfLs0ZIw,zurich:5,zurich,isotropic,1234,47.241512,8.621435,47.350401,8.439406,18.3043,15.6800
zurich_query_08U3p7js9TCivpCfLs0ZIw,zurich:5,zurich,edge,1234,47.241512,8.621435,47.350401,8.439406,18.3043,15.6800
zurich_query_08U3p7js9TCivpCfLs0ZIw,zurich:5,zurich,saliency,1234,47.241512,8.621435,47.350401,8.439406,18.3043,15.6800
amman_query_1TysYQA0N2AnJ5lzQWP07w,amman:12,amman,clean,1234,35.014500,38.494331,31.934255,35.846195,421.4301,0.0000
amman_query_1TysYQA0N2AnJ5lzQWP07w,amman:12,amman,isotropic,1234,30.498951,35.787960,31.934255,35.846195,159.6947,15.6800
amman_query_1TysYQA0N2AnJ5lzQWP07w,amman:12,amman,edge,1234,35.014500,38.494331,31.934255,35.846195,421.4301,15.6800
amman_query_1TysYQA0N2AnJ5lzQWP07w,amman:12,amman,saliency,1234,35.014500,38.494331,31.934255,35.846195,421.4301,15.6800
boston_query_-NRCmKPnLW6ukq5fovMufw,boston:112,boston,clean,1234,42.382668,-71.098167,42.391569,-71.099197,0.9934,0.0000
boston_query_-NRCmKPnLW6ukq5fovMufw,boston:112,boston,isotropic,1234,40.629002,-74.017342,42.391569,-71.099197,312.1412,15.6800
boston_query_-NRCmKPnLW6ukq5fovMufw,boston:112,boston,edge,1234,40.807556,-73.962677,42.391569,-71.099197,296.1411,15.6800
boston_query_-NRCmKPnLW6ukq5fovMufw,boston:112,boston,saliency,1234,40.807556,-73.962677,42.391569,-71.099197,296.1411,15.6800
cph_query_-I8EyCiw4PS74_uGuMqUYQ,cph:332,cph,clean,1234,59.649357,17.929621,55.694543,12.535502,543.9359,0.0000
cph_query_-I8EyCiw4PS74_uGuMqUYQ,cph:332,cph,isotropic,1234,42.362831,-71.021835,55.694543,12.535502,5881.1918,15.6800
cph_query_-I8EyCiw4PS74_uGuMqUYQ,cph:332,cph,edge,1234,43.775585,-79.346054,55.694543,12.535502,6235.1249,15.6800
cph_query_-I8EyCiw4PS74_uGuMqUYQ,cph:332,cph,saliency,1234,59.649357,17.929621,55.694543,12.535502,543.9359,15.6800
london_query_-qvarKx0xtSTs0tnxDE0oQ,london:18,london,clean,1234,51.527718,-0.104337,51.503617,-0.155744,4.4537,0.0000
london_query_-qvarKx0xtSTs0tnxDE0oQ,london:18,london,isotropic,1234,51.503819,-0.135841,51.503617,-0.155744,1.3778,15.6800
london_query_-qvarKx0xtSTs0tnxDE0oQ,london:18,london,edge,1234,51.503613,-0.144023,51.503617,-0.155744,0.8113,15.6800
london_query_-qvarKx0xtSTs0tnxDE0oQ,london:18,london,saliency,1234,51.503819,-0.135841,51.503617,-0.155744,1.3778,15.6800
manila_query_-Qc1bZWefrpkNPZ60zZS5Q,manila:23,manila,clean,1234,14.624447,120.971832,14.630671,121.010803,4.2497,0.0000
manila_query_-Qc1bZWefrpkNPZ60zZS5Q,manila:23,manila,isotropic,1234,13.755906,100.628944,14.630671,121.010803,2198.6021,15.6800
manila_query_-Qc1bZWefrpkNPZ60zZS5Q,manila:23,manila,edge,1234,14.624447,120.971832,14.630671,121.010803,4.2497,15.6800
manila_query_-Qc1bZWefrpkNPZ60zZS5Q,manila:23,manila,saliency,1234,35.746334,139.850662,14.630671,121.010803,3005.4048,15.6800
nairobi_query_2RQpcoZ0MfOmswdfhpjw4g,nairobi:7,nairobi,clean,1234,-1.272936,36.817932,-1.278235,36.791982,2.9444,0.0000
nairobi_query_2RQpcoZ0MfOmswdfhpjw4g,nairobi:7,nairobi,isotropic,1234,-1.040897,36.741028,-1.278235,36.791982,26.9920,15.6800
nairobi_query_2RQpcoZ0MfOmswdfhpjw4g,nairobi:7,nairobi,edge,1234,-1.272936,36.817932,-1.278235,36.791982,2.9444,15.6800
nairobi_query_2RQpcoZ0MfOmswdfhpjw4g,nairobi:7,nairobi,saliency,1234,-1.228967,36.804867,-1.278235,36.791982,5.6626,15.6800
toronto_query_-EilBTWhr8vjdDW-B7MU8A,toronto:27,toronto,clean,1234,43.674107,-79.326012,43.652911,-79.429633,8.6620,0.0000
toronto_query_-EilBTWhr8vjdDW-B7MU8A,toronto:27,toronto,isotropic,1234,43.661182,-79.474152,43.652911,-79.429633,3.6976,15.6800
toronto_query_-EilBTWhr8vjdDW-B7MU8A,toronto:27,toronto,edge,1234,43.674107,-79.326012,43.652911,-79.429633,8.6620,15.6800
toronto_query_-EilBTWhr8vjdDW-B7MU8A,toronto:27,toronto,saliency,1234,43.685375,-79.506386,43.652911,-79.429633,7.1513,15.6800
zurich_query_0AlvsX9XlPHoz4joTTL7hQ,zurich:8,zurich,clean,1234,50.879021,7.121672,47.394534,8.487329,399.9734,0.0000
zurich_query_0AlvsX9XlPHoz4joTTL7hQ,zurich:8,zurich,isotropic,1234,42.690006,23.403282,47.394534,8.487329,1280.6578,15.6800
zurich_query_0AlvsX9XlPHoz4joTTL7hQ,zurich:8,zurich,edge,1234,35.889050,140.361328,47.394534,8.487329,9590.5910,15.6800
zurich_query_0AlvsX9XlPHoz4joTTL7hQ,zurich:8,zurich,saliency,1234,47.421322,8.563113,47.394534,8.487329,6.4341,15.6800
amman_query_1VTBGOTuAwvnyE1o4Pbm0Q,amman:23,amman,clean,1234,33.571667,-7.598500,31.947981,35.850798,4036.9933,0.0000
amman_query_1VTBGOTuAwvnyE1o4Pbm0Q,amman:23,amman,isotropic,1234,32.865963,13.124756,31.947981,35.850798,2131.8067,15.6800
amman_query_1VTBGOTuAwvnyE1o4Pbm0Q,amman:23,amman,edge,1234,32.840328,35.065098,31.947981,35.850798,123.6419,15.6800
amman_query_1VTBGOTuAwvnyE1o4Pbm0Q,amman:23,amman,saliency,1234,31.969748,34.771812,31.947981,35.850798,101.8209,15.6800
boston_query_-NSEL0mtEJlIM-oR5yFnFg,boston:139,boston,clean,1234,42.350143,-71.130661,42.395075,-71.098124,5.6662,0.0000
boston_query_-NSEL0mtEJlIM-oR5yFnFg,boston:139,boston,isotropic,1234,39.988865,-105.247009,42.395075,-71.098124,2850.6174,15.6800
boston_query_-NSEL0mtEJlIM-oR5yFnFg,boston:139,boston,edge,1234,39.050976,-94.597031,42.395075,-71.098124,2008.1509,15.6800
boston_query_-NSEL0mtEJlIM-oR5yFnFg,boston:139,boston,saliency,1234,38.918282,-77.025085,42.395075,-71.098124,631.7378,15.6800
cph_query_-IKk5Ns9ayTUN3tqBrl3Ow,cph:61,cph,clean,1234,55.705502,12.536791,55.715609,12.572097,2.4809,0.0000
cph_query_-IKk5Ns9ayTUN3tqBrl3Ow,cph:61,cph,isotropic,1234,55.705502,12.536791,55.715609,12.572097,2.4809,15.6800
cph_query_-IKk5Ns9ayTUN3tqBrl3Ow,cph:61,cph,edge,1234,55.705502,12.536791,55.715609,12.572097,2.4809,15.6800
cph_query_-IKk5Ns9ayTUN3tqBrl3Ow,cph:61,cph,saliency,1234,55.705502,12.536791,55.715609,12.572097,2.4809,15.6800
london_query_-rtMM_qyd5EBLnADEBIUTA,london:21,london,clean,1234,51.512936,-0.138616,51.513812,-0.154949,1.1344,0.0000
london_query_-rtMM_qyd5EBLnADEBIUTA,london:21,london,isotropic,1234,51.513348,-0.139367,51.513812,-0.154949,1.0795,15.6800
london_query_-rtMM_qyd5EBLnADEBIUTA,london:21,london,edge,1234,51.512936,-0.138616,51.513812,-0.154949,1.1344,15.6800
london_query_-rtMM_qyd5EBLnADEBIUTA,london:21,london,saliency,1234,51.512936,-0.138616,51.513812,-0.154949,1.1344,15.6800
manila_query_-QdSFqylfs0aHx31jOvTVg,manila:183,manila,clean,1234,9.935816,-84.051559,14.620970,121.088774,16124.5106,0.0000
manila_query_-QdSFqylfs0aHx31jOvTVg,manila:183,manila,isotropic,1234,9.935816,-84.051559,14.620970,121.088774,16124.5106,15.6800
manila_query_-QdSFqylfs0aHx31jOvTVg,manila:183,manila,edge,1234,9.930976,-84.049530,14.620970,121.088774,16125.0451,15.6800
manila_query_-QdSFqylfs0aHx31jOvTVg,manila:183,manila,saliency,1234,8.399441,-82.540627,14.620970,121.088774,16362.5265,15.6800
nairobi_query_2Xgp5FmRFbMXgBspWoEFNg,nairobi:10,nairobi,clean,1234,-1.298725,36.790714,-1.274449,36.799731,2.8795,0.0000
nairobi_query_2Xgp5FmRFbMXgBspWoEFNg,nairobi:10,nairobi,isotropic,1234,-1.298725,36.790714,-1.274449,36.799731,2.8795,15.6800
nairobi_query_2Xgp5FmRFbMXgBspWoEFNg,nairobi:10,nairobi,edge,1234,-1.298725,36.790714,-1.274449,36.799731,2.8795,15.6800
nairobi_query_2Xgp5FmRFbMXgBspWoEFNg,nairobi:10,nairobi,saliency,1234,5.954655,116.095093,-1.274449,36.799731,8839.0023,15.6800
toronto_query_-FOgEN8RNyKr0s933N-a0w,toronto:112,toronto,clean,1234,43.775585,-79.346054,43.638686,-79.392763,15.6787,0.0000
toronto_query_-FOgEN8RNyKr0s933N-a0w,toronto:112,toronto,isotropic,1234,43.775585,-79.346054,43.638686,-79.392763,15.6787,15.6800
toronto_query_-FOgEN8RNyKr0s933N-a0w,toronto:112,toronto,edge,1234,43.775585,-79.346054,43.638686,-79.392763,15.6787,15.6800
toronto_query_-FOgEN8RNyKr0s933N-a0w,toronto:112,toronto,saliency,1234,43.775585,-79.346054,43.638686,-79.392763,15.6787,15.6800
zurich_query_0F0ESDULqwk5km1KbyUEZw,zurich:25,zurich,clean,1234,47.548523,9.289133,47.404307,8.596640,54.4594,0.0000
zurich_query_0F0ESDULqwk5km1KbyUEZw,zurich:25,zurich,isotropic,1234,51.985989,8.808180,47.404307,8.596640,509.6870,15.6800
zurich_query_0F0ESDULqwk5km1KbyUEZw,zurich:25,zurich,edge,1234,47.401546,8.421128,47.404307,8.596640,13.2128,15.6800
zurich_query_0F0ESDULqwk5km1KbyUEZw,zurich:25,zurich,saliency,1234,47.401546,8.421128,47.404307,8.596640,13.2128,15.6800
amman_query_1_jzc52w72UKyKztvVoygQ,amman:23,amman,clean,1234,-26.125851,27.949219,31.947488,35.850682,6511.6211,0.0000
amman_query_1_jzc52w72UKyKztvVoygQ,amman:23,amman,isotropic,1234,33.480762,-112.029556,31.947488,35.850682,11998.9438,15.6800
amman_query_1_jzc52w72UKyKztvVoygQ,amman:23,amman,edge,1234,31.278215,34.856228,31.947488,35.850682,120.0247,15.6800
amman_query_1_jzc52w72UKyKztvVoygQ,amman:23,amman,saliency,1234,39.638016,-104.895271,31.947488,35.850682,11085.8135,15.6800
boston_query_-NUm2lI2JYWeHZ6lrL2eZA,boston:34,boston,clean,1234,41.310230,-72.927147,42.333535,-71.112937,188.5336,0.0000
boston_query_-NUm2lI2JYWeHZ6lrL2eZA,boston:34,boston,isotropic,1234,38.905708,-77.070450,42.333535,-71.112937,630.6974,15.6800
boston_query_-NUm2lI2JYWeHZ6lrL2eZA,boston:34,boston,edge,1234,40.671898,-73.966507,42.333535,-71.112937,300.9832,15.6800
boston_query_-NUm2lI2JYWeHZ6lrL2eZA,boston:34,boston,saliency,1234,38.905708,-77.070450,42.333535,-71.112937,630.6974,15.6800
cph_query_-JMzfm4NuuBt61JuZ2sggw,cph:395,cph,clean,1234,55.725639,12.572269,55.719022,12.543546,1.9435,0.0000
cph_query_-JMzfm4NuuBt61JuZ2sggw,cph:395,cph,isotropic,1234,52.986889,10.109385,55.719022,12.543546,342.2603,15.6800
cph_query_-JMzfm4NuuBt61JuZ2sggw,cph:395,cph,edge,1234,56.854992,14.829010,55.719022,12.543546,189.3253,15.6800
cph_query_-JMzfm4NuuBt61JuZ2sggw,cph:395,cph,saliency,1234,56.854992,14.829010,55.719022,12.543546,189.3253,15.6800
london_query_-u8BrzndSdD1lHKeeOwN1A,london:121,london,clean,1234,51.526661,-0.007638,51.535102,-0.055521,3.4427,0.0000
london_query_-u8BrzndSdD1lHKeeOwN1A,london:121,london,isotropic,1234,51.526661,-0.007638,51.535102,-0.055521,3.4427,15.6800
london_query_-u8BrzndSdD1lHKeeOwN1A,london:121,london,edge,1234,51.526661,-0.007638,51.535102,-0.055521,3.4427,15.6800
london_query_-u8BrzndSdD1lHKeeOwN1A,london:121,london,saliency,1234,51.526661,-0.007638,51.535102,-0.055521,3.4427,15.6800
manila_query_-QvNwUfMuYwx4zaJzG9hHA,manila:134,manila,clean,1234,14.598607,120.979355,14.638555,121.061339,9.8764,0.0000
manila_query_-QvNwUfMuYwx4zaJzG9hHA,manila:134,manila,isotropic,1234,2.195252,102.248367,14.638555,121.061339,2485.5474,15.6800
manila_query_-QvNwUfMuYwx4zaJzG9hHA,manila:134,manila,edge,1234,14.598607,120.979355,14.638555,121.061339,9.8764,15.6800
manila_query_-QvNwUfMuYwx4zaJzG9hHA,manila:134,manila,saliency,1234,5.981802,116.075363,14.638555,121.061339,1106.1097,15.6800
nairobi_query_2hMXkBjbWEdGXSh4zxGVeg,nairobi:22,nairobi,clean,1234,-1.024163,37.065125,-1.257682,36.700615,48.1290,0.0000
nairobi_query_2hMXkBjbWEdGXSh4zxGVeg,nairobi:22,nairobi,isotropic,1234,-1.040897,36.741028,-1.257682,36.700615,24.5205,15.6800
nairobi_query_2hMXkBjbWEdGXSh4zxGVeg,nairobi:22,nairobi,edge,1234,-1.024163,37.065125,-1.257682,36.700615,48.1290,15.6800
nairobi_query_2hMXkBjbWEdGXSh4zxGVeg,nairobi:22,nairobi,saliency,1234,-1.040897,36.741028,-1.257682,36.700615,24.5205,15.6800
toronto_query_-FRsj6TVpdbM-sdJNwZZbw,toronto:58,toronto,clean,1234,43.674072,-79.325920,43.664469,-79.414263,7.1853,0.0000
toronto_query_-FRsj6TVpdbM-sdJNwZZbw,toronto:58,toronto,isotropic,1234,43.662548,-79.316544,43.664469,-79.414263,7.8634,15.6800
toronto_query_-FRsj6TVpdbM-sdJNwZZbw,toronto:58,toronto,edge,1234,43.674072,-79.325920,43.664469,-79.414263,7.1853,15.6800
toronto_query_-FRsj6TVpdbM-sdJNwZZbw,toronto:58,toronto,saliency,1234,43.674034,-79.309723,43.664469,-79.414263,8.4753,15.6800
zurich_query_0FEApLaNMLno1PTABlbYyQ,zurich:37,zurich,clean,1234,47.361698,7.913515,47.406711,8.599769,51.9083,0.0000
zurich_query_0FEApLaNMLno1PTABlbYyQ,zurich:37,zurich,isotropic,1234,57.668911,12.294559,47.406711,8.599769,1167.7039,15.6800
zurich_query_0FEApLaNMLno1PTABlbYyQ,zurich:37,zurich,edge,1234,47.361698,7.913515,47.406711,8.599769,51.9083,15.6800
zurich_query_0FEApLaNMLno1PTABlbYyQ,zurich:37,zurich,saliency,1234,47.230877,8.950595,47.406711,8.599769,32.8884,15.6800
amman_query_1jA0_v7p_4KHVbia4DG7Bw,amman:13,amman,clean,1234,38.062206,23.807962,31.943147,35.846882,1288.8229,0.0000
amman_query_1jA0_v7p_4KHVbia4DG7Bw,amman:13,amman,isotropic,1234,31.949841,35.922371,31.943147,35.846882,7.1614,15.6800
amman_query_1jA0_v7p_4KHVbia4DG7Bw,amman:13,amman,edge,1234,31.949841,35.922371,31.943147,35.846882,7.1614,15.6800
amman_query_1jA0_v7p_4KHVbia4DG7Bw,amman:13,amman,saliency,1234,31.950705,35.927010,31.943147,35.846882,7.6068,15.6800
boston_query_-O6nZhSO0Cgq4iaZ522K2g,boston:90,boston,clean,1234,42.407234,-71.301270,42.347418,-71.102605,17.6221,0.0000
boston_query_-O6nZhSO0Cgq4iaZ522K2g,boston:90,boston,isotropic,1234,42.289165,-71.132500,42.347418,-71.102605,6.9281,15.6800
boston_query_-O6nZhSO0Cgq4iaZ522K2g,boston:90,boston,edge,1234,42.407234,-71.301270,42.347418,-71.102605,17.6221,15.6800
boston_query_-O6nZhSO0Cgq4iaZ522K2g,boston:90,boston,saliency,1234,42.320255,-71.056747,42.347418,-71.102605,4.8303,15.6800
cph_query_-MUw194v9r5C1394mci6-A,cph:384,cph,clean,1234,55.688484,12.578101,55.691439,12.539931,2.4149,0.0000
cph_query_-MUw194v9r5C1394mci6-A,cph:384,cph,isotropic,1234,55.689316,12.577369,55.691439,12.539931,2.3583,15.6800
cph_query_-MUw194v9r5C1394mci6-A,cph:384,cph,edge,1234,55.689316,12.577369,55.691439,12.539931,2.3583,15.6800
cph_query_-MUw194v9r5C1394mci6-A,cph:384,cph,saliency,1234,55.695702,12.546869,55.691439,12.539931,0.6432,15.6800
london_query_-vkja3p0MzaoZlQOooT-YQ,london:121,london,clean,1234,51.235126,-0.570259,51.535157,-0.055377,48.8840,0.0000
london_query_-vkja3p0MzaoZlQOooT-YQ,london:121,london,isotropic,1234,51.235126,-0.570259,51.535157,-0.055377,48.8840,15.6800
london_query_-vkja3p0MzaoZlQOooT-YQ,london:121,london,edge,1234,51.235126,-0.570259,51.535157,-0.055377,48.8840,15.6800
london_query_-vkja3p0MzaoZlQOooT-YQ,london:121,london,saliency,1234,51.235126,-0.570259,51.535157,-0.055377,48.8840,15.6800
manila_query_-RZzhLSoiUGq-PShtIhzxw,manila:54,manila,clean,1234,14.656497,121.030350,14.509201,121.034379,16.3843,0.0000
manila_query_-RZzhLSoiUGq-PShtIhzxw,manila:54,manila,isotropic,1234,15.772430,120.735794,14.509201,121.034379,144.0745,15.6800
manila_query_-RZzhLSoiUGq-PShtIhzxw,manila:54,manila,edge,1234,15.772430,120.735794,14.509201,121.034379,144.0745,15.6800
manila_query_-RZzhLSoiUGq-PShtIhzxw,manila:54,manila,saliency,1234,15.772430,120.735794,14.509201,121.034379,144.0745,15.6800
nairobi_query_2wqDKqSdeRPYg6X996gZ0w,nairobi:21,nairobi,clean,1234,-1.949868,30.059795,-1.255715,36.695013,741.5381,0.0000
nairobi_query_2wqDKqSdeRPYg6X996gZ0w,nairobi:21,nairobi,isotropic,1234,3.897138,11.546630,-1.255715,36.695013,2852.8060,15.6800
nairobi_query_2wqDKqSdeRPYg6X996gZ0w,nairobi:21,nairobi,edge,1234,0.312765,32.579956,-1.255715,36.695013,489.6577,15.6800
nairobi_query_2wqDKqSdeRPYg6X996gZ0w,nairobi:21,nairobi,saliency,1234,3.897138,11.546630,-1.255715,36.695013,2852.8060,15.6800
toronto_query_-FohtR51AFcyGSLgiTdXzw,toronto:207,toronto,clean,1234,45.360588,-122.649818,43.698050,-79.353208,3395.4905,0.0000
toronto_query_-FohtR51AFcyGSLgiTdXzw,toronto:207,toronto,isotropic,1234,40.532654,-74.342209,43.698050,-79.353208,542.7045,15.6800
toronto_query_-FohtR51AFcyGSLgiTdXzw,toronto:207,toronto,edge,1234,51.399319,7.431581,43.698050,-79.353208,6180.5459,15.6800
toronto_query_-FohtR51AFcyGSLgiTdXzw,toronto:207,toronto,saliency,1234,51.399319,7.431581,43.698050,-79.353208,6180.5459,15.6800
zurich_query_0I7IdNKcKWGXL-wmkUdx2A,zurich:65,zurich,clean,1234,47.499783,8.729211,47.356025,8.556108,20.6177,0.0000
zurich_query_0I7IdNKcKWGXL-wmkUdx2A,zurich:65,zurich,isotropic,1234,47.499783,8.729211,47.356025,8.556108,20.6177,15.6800
zurich_query_0I7IdNKcKWGXL-wmkUdx2A,zurich:65,zurich,edge,1234,47.499783,8.729211,47.356025,8.556108,20.6177,15.6800
zurich_query_0I7IdNKcKWGXL-wmkUdx2A,zurich:65,zurich,saliency,1234,47.499783,8.729211,47.356025,8.556108,20.6177,15.6800
amman_query_1n6vx0uExn56MfvA6toRJw,amman:31,amman,clean,1234,35.743813,51.347469,31.997765,35.882059,1485.4864,0.0000
amman_query_1n6vx0uExn56MfvA6toRJw,amman:31,amman,isotropic,1234,19.505096,-99.146606,31.997765,35.882059,12550.4365,15.6800
amman_query_1n6vx0uExn56MfvA6toRJw,amman:31,amman,edge,1234,31.969748,34.771812,31.997765,35.882059,104.7593,15.6800
amman_query_1n6vx0uExn56MfvA6toRJw,amman:31,amman,saliency,1234,35.743813,51.347469,31.997765,35.882059,1485.4864,15.6800
boston_query_-OEJzVyBJiypLsHkeOqxKn,boston:79,boston,clean,1234,51.427795,-0.751512,42.351378,-71.106286,5229.5663,0.0000
boston_query_-OEJzVyBJiypLsHkeOqxKn,boston:79,boston,isotropic,1234,45.048367,11.785236,42.351378,-71.106286,6362.8828,15.6800
boston_query_-OEJzVyBJiypLsHkeOqxKn,boston:79,boston,edge,1234,53.718498,9.777000,42.351378,-71.106286,5808.8352,15.6800
boston_query_-OEJzVyBJiypLsHkeOqxKn,boston:79,boston,saliency,1234,45.048367,11.785236,42.351378,-71.106286,6362.8828,15.6800
cph_query_-Mwdj8AXbTR5wrPmQKRbhQ,cph:33,cph,clean,1234,55.705502,12.536791,55.713403,12.564661,1.9546,0.0000
cph_query_-Mwdj8AXbTR5wrPmQKRbhQ,cph:33,cph,isotropic,1234,55.706833,12.533000,55.713403,12.564661,2.1137,15.6800
cph_query_-Mwdj8AXbTR5wrPmQKRbhQ,cph:33,cph,edge,1234,55.705502,12.536791,55.713403,12.564661,1.9546,15.6800
cph_query_-Mwdj8AXbTR5wrPmQKRbhQ,cph:33,cph,saliency,1234,55.705502,12.536791,55.713403,12.564661,1.9546,15.6800
london_query_-wX-mY4F2ewX9tlr1_JTbw,london:68,london,clean,1234,51.594807,-0.066089,51.546735,-0.118787,6.4682,0.0000
london_query_-wX-mY4F2ewX9tlr1_JTbw,london:68,london,isotropic,1234,51.594807,-0.066089,51.546735,-0.118787,6.4682,15.6800
london_query_-wX-mY4F2ewX9tlr1_JTbw,london:68,london,edge,1234,51.594807,-0.066089,51.546735,-0.118787,6.4682,15.6800
london_query_-wX-mY4F2ewX9tlr1_JTbw,london:68,london,saliency,1234,51.594807,-0.066089,51.546735,-0.118787,6.4682,15.6800
manila_query_-SSrBkppXcUPQnmvRyEZaA,manila:102,manila,clean,1234,14.671822,120.934219,14.568022,121.045369,16.6205,0.0000
manila_query_-SSrBkppXcUPQnmvRyEZaA,manila:102,manila,isotropic,1234,14.671822,120.934219,14.568022,121.045369,16.6205,15.6800
manila_query_-SSrBkppXcUPQnmvRyEZaA,manila:102,manila,edge,1234,14.671822,120.934219,14.568022,121.045369,16.6205,15.6800
manila_query_-SSrBkppXcUPQnmvRyEZaA,manila:102,manila,saliency,1234,14.671822,120.934219,14.568022,121.045369,16.6205,15.6800
nairobi_query_32eRlu6tx-Q_LzhBd8iTQA,nairobi:21,nairobi,clean,1234,-1.946903,30.059452,-1.255772,36.695181,741.5604,0.0000
nairobi_query_32eRlu6tx-Q_LzhBd8iTQA,nairobi:21,nairobi,isotropic,1234,-1.946903,30.059452,-1.255772,36.695181,741.5604,15.6800
nairobi_query_32eRlu6tx-Q_LzhBd8iTQA,nairobi:21,nairobi,edge,1234,-1.946903,30.059452,-1.255772,36.695181,741.5604,15.6800
nairobi_query_32eRlu6tx-Q_LzhBd8iTQA,nairobi:21,nairobi,saliency,1234,-1.949868,30.059795,-1.255772,36.695181,741.5561,15.6800
toronto_query_-HBbI6fcMz-R3CyduFEoDg,toronto:426,toronto,clean,1234,43.772816,-79.328339,43.612381,-79.684057,33.7075,0.0000
toronto_query_-HBbI6fcMz-R3CyduFEoDg,toronto:426,toronto,isotropic,1234,43.775059,-79.328766,43.612381,-79.684057,33.8107,15.6800
toronto_query_-HBbI6fcMz-R3CyduFEoDg,toronto:426,toronto,edge,1234,43.772816,-79.328339,43.612381,-79.684057,33.7075,15.6800
toronto_query_-HBbI6fcMz-R3CyduFEoDg,toronto:426,toronto,saliency,1234,43.772816,-79.328339,43.612381,-79.684057,33.7075,15.6800
zurich_query_0IZVsW_UPLzI_vUm51hEMQ,zurich:25,zurich,clean,1234,47.361698,7.913515,47.404274,8.598877,51.8172,0.0000
zurich_query_0IZVsW_UPLzI_vUm51hEMQ,zurich:25,zurich,isotropic,1234,47.448639,8.361905,47.404274,8.598877,18.4968,15.6800
zurich_query_0IZVsW_UPLzI_vUm51hEMQ,zurich:25,zurich,edge,1234,47.448639,8.361905,47.404274,8.598877,18.4968,15.6800
zurich_query_0IZVsW_UPLzI_vUm51hEMQ,zurich:25,zurich,saliency,1234,47.448639,8.361905,47.404274,8.598877,18.4968,15.6800
amman_query_1qMrYvXqBvZDS0XUd5cEtg,amman:21,amman,clean,1234,32.081699,34.964504,31.937378,35.849925,85.0135,0.0000
amman_query_1qMrYvXqBvZDS0XUd5cEtg,amman:21,amman,isotropic,1234,31.522654,35.089645,31.937378,35.849925,85.4207,15.6800
amman_query_1qMrYvXqBvZDS0XUd5cEtg,amman:21,amman,edge,1234,32.081699,34.964504,31.937378,35.849925,85.0135,15.6800
amman_query_1qMrYvXqBvZDS0XUd5cEtg,amman:21,amman,saliency,1234,32.081699,34.964504,31.937378,35.849925,85.0135,15.6800
boston_query_-OlQhKn0bS9eZTkeJL6ovw,boston:237,boston,clean,1234,42.359161,-71.057945,42.350202,-71.077051,1.8594,0.0000
boston_query_-OlQhKn0bS9eZTkeJL6ovw,boston:237,boston,isotropic,1234,42.359810,-71.056824,42.350202,-71.077051,1.9758,15.6800
boston_query_-OlQhKn0bS9eZTkeJL6ovw,boston:237,boston,edge,1234,42.359810,-71.056824,42.350202,-71.077051,1.9758,15.6800
boston_query_-OlQhKn0bS9eZTkeJL6ovw,boston:237,boston,saliency,1234,42.359161,-71.057945,42.350202,-71.077051,1.8594,15.6800
cph_query_-N9mbKdWcHyUUsU1379EgA,cph:176,cph,clean,1234,56.662937,16.359758,55.682321,12.593564,257.3265,0.0000
cph_query_-N9mbKdWcHyUUsU1379EgA,cph:176,cph,isotropic,1234,56.662937,16.359758,55.682321,12.593564,257.3265,15.6800
cph_query_-N9mbKdWcHyUUsU1379EgA,cph:176,cph,edge,1234,55.689972,12.587413,55.682321,12.593564,0.9340,15.6800
cph_query_-N9mbKdWcHyUUsU1379EgA,cph:176,cph,saliency,1234,56.662937,16.359758,55.682321,12.593564,257.3265,15.6800
london_query_02vfV_A3zc1S9Akd07xuEA,london:33,london,clean,1234,51.515301,-0.084543,51.522088,-0.135794,3.6256,0.0000
london_query_02vfV_A3zc1S9Akd07xuEA,london:33,london,isotropic,1234,51.515568,-0.093092,51.522088,-0.135794,3.0423,15.6800
london_query_02vfV_A3zc1S9Akd07xuEA,london:33,london,edge,1234,51.514935,-0.144657,51.522088,-0.135794,1.0044,15.6800
london_query_02vfV_A3zc1S9Akd07xuEA,london:33,london,saliency,1234,51.515579,-0.087890,51.522088,-0.135794,3.3927,15.6800
manila_query_-Tmeby1UCsrkKNvVnN7L5g,manila:87,manila,clean,1234,14.551050,121.026337,14.647364,121.042548,10.8508,0.0000
manila_query_-Tmeby1UCsrkKNvVnN7L5g,manila:87,manila,isotropic,1234,23.182341,113.260460,14.647364,121.042548,1252.6038,15.6800
manila_query_-Tmeby1UCsrkKNvVnN7L5g,manila:87,manila,edge,1234,3.157720,101.711830,14.647364,121.042548,2474.7826,15.6800
manila_query_-Tmeby1UCsrkKNvVnN7L5g,manila:87,manila,saliency,1234,23.182341,113.260460,14.647364,121.042548,1252.6038,15.6800
nairobi_query_37RDt83nGFaZl6CPpzqlTw,nairobi:13,nairobi,clean,1234,-1.272936,36.817932,-1.271471,36.807695,1.1496,0.0000
nairobi_query_37RDt83nGFaZl6CPpzqlTw,nairobi:13,nairobi,isotropic,1234,-1.271134,36.724548,-1.271471,36.807695,9.2433,15.6800
nairobi_query_37RDt83nGFaZl6CPpzqlTw,nairobi:13,nairobi,edge,1234,-1.271134,36.724548,-1.271471,36.807695,9.2433,15.6800
nairobi_query_37RDt83nGFaZl6CPpzqlTw,nairobi:13,nairobi,saliency,1234,-1.271134,36.724548,-1.271471,36.807695,9.2433,15.6800
toronto_query_-IlXU6r8OSJejg6wnFTYMQ,toronto:236,toronto,clean,1234,43.734653,-79.258255,43.657492,-79.332556,10.4546,0.0000
toronto_query_-IlXU6r8OSJejg6wnFTYMQ,toronto:236,toronto,isotropic,1234,43.734653,-79.258255,43.657492,-79.332556,10.4546,15.6800
toronto_query_-IlXU6r8OSJejg6wnFTYMQ,toronto:236,toronto,edge,1234,43.734653,-79.258255,43.657492,-79.332556,10.4546,15.6800
toronto_query_-IlXU6r8OSJejg6wnFTYMQ,toronto:236,toronto,saliency,1234,43.734653,-79.258255,43.657492,-79.332556,10.4546,15.6800
zurich_query_0Ky7pgdILHyYlzjahHNGZg,zurich:51,zurich,clean,1234,47.447498,8.564608,47.414511,8.551050,3.8072,0.0000
zurich_query_0Ky7pgdILHyYlzjahHNGZg,zurich:51,zurich,isotropic,1234,47.388325,8.519226,47.414511,8.551050,3.7703,15.6800
zurich_query_0Ky7pgdILHyYlzjahHNGZg,zurich:51,zurich,edge,1234,47.053238,8.335919,47.414511,8.551050,43.3313,15.6800
zurich_query_0Ky7pgdILHyYlzjahHNGZg,zurich:51,zurich,saliency,1234,47.386494,8.518781,47.414511,8.551050,3.9502,15.6800
amman_query_1rZerb0T7z_1E7yKfEBCtA,amman:6,amman,clean,1234,31.944588,35.925636,31.968570,35.841738,8.3524,0.0000
amman_query_1rZerb0T7z_1E7yKfEBCtA,amman:6,amman,isotropic,1234,32.025043,35.878407,31.968570,35.841738,7.1688,15.6800
amman_query_1rZerb0T7z_1E7yKfEBCtA,amman:6,amman,edge,1234,38.036652,23.803438,31.968570,35.841738,1285.8104,15.6800
amman_query_1rZerb0T7z_1E7yKfEBCtA,amman:6,amman,saliency,1234,38.044563,23.791166,31.968570,35.841738,1287.1725,15.6800
boston_query_-Phryua7d1FHhpGGfaEGcg,boston:47,boston,clean,1234,42.395805,-71.120628,42.392918,-71.114082,0.6262,0.0000
boston_query_-Phryua7d1FHhpGGfaEGcg,boston:47,boston,isotropic,1234,42.395805,-71.120628,42.392918,-71.114082,0.6262,15.6800
boston_query_-Phryua7d1FHhpGGfaEGcg,boston:47,boston,edge,1234,47.658291,-122.313751,42.392918,-71.114082,3991.9304,15.6800
boston_query_-Phryua7d1FHhpGGfaEGcg,boston:47,boston,saliency,1234,47.619835,-122.320831,42.392918,-71.114082,3993.2703,15.6800
cph_query_-PRZAb6qxjSdDqzgOekgbg,cph:356,cph,clean,1234,55.695702,12.546869,55.700354,12.536836,0.8142,0.0000
cph_query_-PRZAb6qxjSdDqzgOekgbg,cph:356,cph,isotropic,1234,55.695702,12.546869,55.700354,12.536836,0.8142,15.6800
cph_query_-PRZAb6qxjSdDqzgOekgbg,cph:356,cph,edge,1234,55.681454,12.574882,55.700354,12.536836,3.1785,15.6800
cph_query_-PRZAb6qxjSdDqzgOekgbg,cph:356,cph,saliency,1234,55.680984,12.574700,55.700354,12.536836,3.2048,15.6800
london_query_039iugtZTFguj-7UQyc-wg,london:71,london,clean,1234,51.594807,-0.066089,51.525703,-0.114381,8.3779,0.0000
london_query_039iugtZTFguj-7UQyc-wg,london:71,london,isotropic,1234,51.594807,-0.066089,51.525703,-0.114381,8.3779,15.6800
london_query_039iugtZTFguj-7UQyc-wg,london:71,london,edge,1234,52.633076,-1.134606,51.525703,-0.114381,141.4987,15.6800
london_query_039iugtZTFguj-7UQyc-wg,london:71,london,saliency,1234,51.495499,0.075333,51.525703,-0.114381,13.5518,15.6800
manila_query_-TrGJy3CeaXApOffGndlqg,manila:41,manila,clean,1234,14.721760,120.860596,14.645460,121.029601,20.0611,0.0000
manila_query_-TrGJy3CeaXApOffGndlqg,manila:41,manila,isotropic,1234,9.741373,118.728218,14.645460,121.029601,599.9034,15.6800
manila_query_-TrGJy3CeaXApOffGndlqg,manila:41,manila,edge,1234,13.618877,123.213043,14.645460,121.029601,261.6492,15.6800
manila_query_-TrGJy3CeaXApOffGndlqg,manila:41,manila,saliency,1234,13.618877,123.213043,14.645460,121.029601,261.6492,15.6800
nairobi_query_38y5DGnb1BCdL2r_1MWELg,nairobi:5,nairobi,clean,1234,18.900927,-98.442818,-1.288900,36.779791,14760.1886,0.0000
nairobi_query_38y5DGnb1BCdL2r_1MWELg,nairobi:5,nairobi,isotropic,1234,19.307659,-98.241974,-1.288900,36.779791,14727.0295,15.6800
nairobi_query_38y5DGnb1BCdL2r_1MWELg,nairobi:5,nairobi,edge,1234,46.652500,27.737560,-1.288900,36.779791,5403.6538,15.6800
nairobi_query_38y5DGnb1BCdL2r_1MWELg,nairobi:5,nairobi,saliency,1234,18.900927,-98.442818,-1.288900,36.779791,14760.1886,15.6800
toronto_query_-Iyv6ydukEfueu-CphPhwg,toronto:218,toronto,clean,1234,43.653072,-79.401428,43.659411,-79.347333,4.4086,0.0000
toronto_query_-Iyv6ydukEfueu-CphPhwg,toronto:218,toronto,isotropic,1234,43.652859,-79.401344,43.659411,-79.347333,4.4058,15.6800
toronto_query_-Iyv6ydukEfueu-CphPhwg,toronto:218,toronto,edge,1234,43.653072,-79.401428,43.659411,-79.347333,4.4086,15.6800
toronto_query_-Iyv6ydukEfueu-CphPhwg,toronto:218,toronto,saliency,1234,43.652859,-79.401344,43.659411,-79.347333,4.4058,15.6800
zurich_query_0PrObi7NiUNPMe7_RDu2Ng,zurich:46,zurich,clean,1234,47.230877,8.950595,47.406117,8.564021,35.0552,0.0000
zurich_query_0PrObi7NiUNPMe7_RDu2Ng,zurich:46,zurich,isotropic,1234,47.230877,8.950595,47.406117,8.564021,35.0552,15.6800
zurich_query_0PrObi7NiUNPMe7_RDu2Ng,zurich:46,zurich,edge,1234,47.230877,8.950595,47.406117,8.564021,35.0552,15.6800
zurich_query_0PrObi7NiUNPMe7_RDu2Ng,zurich:46,zurich,saliency,1234,47.230877,8.950595,47.406117,8.564021,35.0552,15.6800
amman_query_1uJbVMOMqlPVx4GYc2BgOA,amman:15,amman,clean,1234,32.869747,13.183218,31.958280,35.846258,2125.7320,0.0000
amman_query_1uJbVMOMqlPVx4GYc2BgOA,amman:15,amman,isotropic,1234,31.969748,34.771812,31.958280,35.846258,101.3662,15.6800
amman_query_1uJbVMOMqlPVx4GYc2BgOA,amman:15,amman,edge,1234,32.778355,35.002762,31.958280,35.846258,120.7922,15.6800
amman_query_1uJbVMOMqlPVx4GYc2BgOA,amman:15,amman,saliency,1234,38.044563,23.791166,31.958280,35.846258,1288.1780,15.6800
boston_query_-Ptt76cqL8Ath-qW7aRUQw,boston:139,boston,clean,1234,42.730259,-73.682175,42.394938,-71.097803,214.9086,0.0000
boston_query_-Ptt76cqL8Ath-qW7aRUQw,boston:139,boston,isotropic,1234,45.959969,-66.639633,42.394938,-71.097803,532.3124,15.6800
boston_query_-Ptt76cqL8Ath-qW7aRUQw,boston:139,boston,edge,1234,40.443077,-79.943214,42.394938,-71.097803,768.4159,15.6800
boston_query_-Ptt76cqL8Ath-qW7aRUQw,boston:139,boston,saliency,1234,52.124886,-106.659218,42.394938,-71.097803,2858.0846,15.6800
cph_query_-Q4-mvnV6y-0yK62OXn-1w,cph:297,cph,clean,1234,59.314411,18.073713,55.679443,12.525384,522.3990,0.0000
cph_query_-Q4-mvnV6y-0yK62OXn-1w,cph:297,cph,isotropic,1234,55.688721,12.559853,55.679443,12.525384,2.3944,15.6800
cph_query_-Q4-mvnV6y-0yK62OXn-1w,cph:297,cph,edge,1234,59.333714,18.067703,55.679443,12.525384,523.7767,15.6800
cph_query_-Q4-mvnV6y-0yK62OXn-1w,cph:297,cph,saliency,1234,55.679470,12.569046,55.679443,12.525384,2.7374,15.6800
london_query_03BhnvDRczArNBQm0Qu0tQ,london:122,london,clean,1234,51.513023,-0.379049,51.533038,-0.057214,22.3772,0.0000
london_query_03BhnvDRczArNBQm0Qu0tQ,london:122,london,isotropic,1234,51.513023,-0.379049,51.533038,-0.057214,22.3772,15.6800
london_query_03BhnvDRczArNBQm0Qu0tQ,london:122,london,edge,1234,51.513023,-0.379049,51.533038,-0.057214,22.3772,15.6800
london_query_03BhnvDRczArNBQm0Qu0tQ,london:122,london,saliency,1234,51.513023,-0.379049,51.533038,-0.057214,22.3772,15.6800
manila_query_-Tvw2ZcjPmZrmxcJ3PNHwQ,manila:33,manila,clean,1234,14.552815,121.022881,14.551609,121.013616,1.0061,0.0000
manila_query_-Tvw2ZcjPmZrmxcJ3PNHwQ,manila:33,manila,isotropic,1234,14.609620,121.005890,14.551609,121.013616,6.5039,15.6800
manila_query_-Tvw2ZcjPmZrmxcJ3PNHwQ,manila:33,manila,edge,1234,14.552815,121.022881,14.551609,121.013616,1.0061,15.6800
manila_query_-Tvw2ZcjPmZrmxcJ3PNHwQ,manila:33,manila,saliency,1234,14.552815,121.022881,14.551609,121.013616,1.0061,15.6800
nairobi_query_3BfqchD1dC_R_VKSm6NXMQ,nairobi:20,nairobi,clean,1234,8.152039,38.823490,-1.275522,36.890097,1069.9888,0.0000
nairobi_query_3BfqchD1dC_R_VKSm6NXMQ,nairobi:20,nairobi,isotropic,1234,-25.931803,28.015394,-1.275522,36.890097,2901.6800,15.6800
nairobi_query_3BfqchD1dC_R_VKSm6NXMQ,nairobi:20,nairobi,edge,1234,-1.040897,36.741028,-1.275522,36.890097,30.9077,15.6800
nairobi_query_3BfqchD1dC_R_VKSm6NXMQ,nairobi:20,nairobi,saliency,1234,-1.040897,36.741028,-1.275522,36.890097,30.9077,15.6800
toronto_query_-J6MOLqIZtzsA-CH6ie5Cg,toronto:101,toronto,clean,1234,43.648335,-79.398254,43.644772,-79.398840,0.3989,0.0000
toronto_query_-J6MOLqIZtzsA-CH6ie5Cg,toronto:101,toronto,isotropic,1234,43.257267,-79.868286,43.644772,-79.398840,57.3817,15.6800
toronto_query_-J6MOLqIZtzsA-CH6ie5Cg,toronto:101,toronto,edge,1234,43.653744,-79.400887,43.644772,-79.398840,1.0111,15.6800
toronto_query_-J6MOLqIZtzsA-CH6ie5Cg,toronto:101,toronto,saliency,1234,43.257267,-79.868286,43.644772,-79.398840,57.3817,15.6800
zurich_query_0Spj-pWISRRStxENII8G4A,zurich:61,zurich,clean,1234,48.690109,9.003360,47.421236,8.557486,144.9312,0.0000
zurich_query_0Spj-pWISRRStxENII8G4A,zurich:61,zurich,isotropic,1234,48.690109,9.003360,47.421236,8.557486,144.9312,15.6800
zurich_query_0Spj-pWISRRStxENII8G4A,zurich:61,zurich,edge,1234,48.690109,9.003360,47.421236,8.557486,144.9312,15.6800
zurich_query_0Spj-pWISRRStxENII8G4A,zurich:61,zurich,saliency,1234,59.283730,15.191001,47.421236,8.557486,1388.9348,15.6800
amman_query_23YO5CD18Cg_wG_ZhqhbQQ,amman:23,amman,clean,1234,32.663151,-115.467705,31.945762,35.850234,12225.4950,0.0000
amman_query_23YO5CD18Cg_wG_ZhqhbQQ,amman:23,amman,isotropic,1234,32.663151,-115.467705,31.945762,35.850234,12225.4950,15.6800
amman_query_23YO5CD18Cg_wG_ZhqhbQQ,amman:23,amman,edge,1234,-22.461802,-68.900757,31.945762,35.850234,12642.0148,15.6800
amman_query_23YO5CD18Cg_wG_ZhqhbQQ,amman:23,amman,saliency,1234,-22.461802,-68.900757,31.945762,35.850234,12642.0148,15.6800
boston_query_-RyJCN_Rrfvr2l9jqadkcQ,boston:239,boston,clean,1234,37.559189,126.803253,42.380225,-71.076918,10943.6794,0.0000
boston_query_-RyJCN_Rrfvr2l9jqadkcQ,boston:239,boston,isotropic,1234,25.088085,121.459351,42.380225,-71.076918,12403.3428,15.6800
boston_query_-RyJCN_Rrfvr2l9jqadkcQ,boston:239,boston,edge,1234,37.559189,126.803253,42.380225,-71.076918,10943.6794,15.6800
boston_query_-RyJCN_Rrfvr2l9jqadkcQ,boston:239,boston,saliency,1234,37.559189,126.803253,42.380225,-71.076918,10943.6794,15.6800
cph_query_-Q7samX2RjJwU9xiKFxpug,cph:175,cph,clean,1234,55.680099,12.590417,55.679215,12.592071,0.1429,0.0000
cph_query_-Q7samX2RjJwU9xiKFxpug,cph:175,cph,isotropic,1234,55.679508,12.592263,55.679215,12.592071,0.0348,15.6800
cph_query_-Q7samX2RjJwU9xiKFxpug,cph:175,cph,edge,1234,55.680099,12.590417,55.679215,12.592071,0.1429,15.6800
cph_query_-Q7samX2RjJwU9xiKFxpug,cph:175,cph,saliency,1234,55.679787,12.589731,55.679215,12.592071,0.1599,15.6800
london_query_03VxrSUHoB-y1D50kXwi8g,london:131,london,clean,1234,51.467022,-0.185506,51.518911,-0.185236,5.7698,0.0000
london_query_03VxrSUHoB-y1D50kXwi8g,london:131,london,isotropic,1234,50.966103,-1.348915,51.518911,-0.185236,101.6851,15.6800
london_query_03VxrSUHoB-y1D50kXwi8g,london:131,london,edge,1234,51.467022,-0.185506,51.518911,-0.185236,5.7698,15.6800
london_query_03VxrSUHoB-y1D50kXwi8g,london:131,london,saliency,1234,51.467022,-0.185506,51.518911,-0.185236,5.7698,15.6800
manila_query_-WlvwRIHM8K9xtN_z0FAGg,manila:153,manila,clean,1234,14.551974,121.022591,14.562098,121.068112,5.0269,0.0000
manila_query_-WlvwRIHM8K9xtN_z0FAGg,manila:153,manila,isotropic,1234,13.786320,100.414612,14.562098,121.068112,2227.5689,15.6800
manila_query_-WlvwRIHM8K9xtN_z0FAGg,manila:153,manila,edge,1234,14.626679,120.979012,14.562098,121.068112,11.9789,15.6800
manila_query_-WlvwRIHM8K9xtN_z0FAGg,manila:153,manila,saliency,1234,13.764000,100.537605,14.562098,121.068112,2214.5390,15.6800
nairobi_query_3Rln3I-knaHBGe7xAH2I_Q,nairobi:12,nairobi,clean,1234,-1.228967,36.804867,-1.271915,36.801434,4.7909,0.0000
nairobi_query_3Rln3I-knaHBGe7xAH2I_Q,nairobi:12,nairobi,isotropic,1234,-1.271134,36.724548,-1.271915,36.801434,8.5476,15.6800
nairobi_query_3Rln3I-knaHBGe7xAH2I_Q,nairobi:12,nairobi,edge,1234,8.990075,38.793133,-1.271915,36.801434,1162.2234,15.6800
nairobi_query_3Rln3I-knaHBGe7xAH2I_Q,nairobi:12,nairobi,saliency,1234,-1.228967,36.804867,-1.271915,36.801434,4.7909,15.6800
toronto_query_-JY9Ip12RNDaK_geCga4LA,toronto:192,toronto,clean,1234,43.687065,-79.419823,43.677358,-79.358733,5.0297,0.0000
toronto_query_-JY9Ip12RNDaK_geCga4LA,toronto:192,toronto,isotropic,1234,43.667755,-79.413300,43.677358,-79.358733,4.5167,15.6800
toronto_query_-JY9Ip12RNDaK_geCga4LA,toronto:192,toronto,edge,1234,43.687065,-79.419823,43.677358,-79.358733,5.0297,15.6800
toronto_query_-JY9Ip12RNDaK_geCga4LA,toronto:192,toronto,saliency,1234,43.667755,-79.413300,43.677358,-79.358733,4.5167,15.6800
zurich_query_0UfO0g5oR-GfH12twjOIuw,zurich:94,zurich,clean,1234,37.428005,-122.169632,47.377890,8.519020,9390.9461,0.0000
zurich_query_0UfO0g5oR-GfH12twjOIuw,zurich:94,zurich,isotropic,1234,46.203678,6.143245,47.377890,8.519020,223.0569,15.6800
zurich_query_0UfO0g5oR-GfH12twjOIuw,zurich:94,zurich,edge,1234,47.515491,19.089796,47.377890,8.519020,794.4409,15.6800
zurich_query_0UfO0g5oR-GfH12twjOIuw,zurich:94,zurich,saliency,1234,47.503242,19.138641,47.377890,8.519020,798.1730,15.6800
amman_query_27ZYHE_-tdmKbq7gUW9ECA,amman:21,amman,clean,1234,32.869747,13.183218,31.936738,35.849261,2126.3807,0.0000
amman_query_27ZYHE_-tdmKbq7gUW9ECA,amman:21,amman,isotropic,1234,32.865963,13.124756,31.936738,35.849261,2131.8561,15.6800
amman_query_27ZYHE_-tdmKbq7gUW9ECA,amman:21,amman,edge,1234,33.571667,-7.598500,31.936738,35.849261,4037.1681,15.6800
amman_query_27ZYHE_-tdmKbq7gUW9ECA,amman:21,amman,saliency,1234,33.571667,-7.598500,31.936738,35.849261,4037.1681,15.6800
boston_query_-TMAMMmIqQ4AQA3YI-YOHg,boston:206,boston,clean,1234,42.315971,-71.223206,42.334913,-71.084957,11.5589,0.0000
boston_query_-TMAMMmIqQ4AQA3YI-YOHg,boston:206,boston,isotropic,1234,42.304901,-71.219200,42.334913,-71.084957,11.5306,15.6800
boston_query_-TMAMMmIqQ4AQA3YI-YOHg,boston:206,boston,edge,1234,42.395805,-71.120628,42.334913,-71.084957,7.3780,15.6800
boston_query_-TMAMMmIqQ4AQA3YI-YOHg,boston:206,boston,saliency,1234,42.304901,-71.219200,42.334913,-71.084957,11.5306,15.6800
cph_query_-R9cTkYMNbXlglFeWCXtMg,cph:429,cph,clean,1234,59.362995,17.855728,55.664950,12.547397,518.8929,0.0000
cph_query_-R9cTkYMNbXlglFeWCXtMg,cph:429,cph,isotropic,1234,58.411327,15.624597,55.664950,12.547397,357.5721,15.6800
cph_query_-R9cTkYMNbXlglFeWCXtMg,cph:429,cph,edge,1234,52.190746,0.136502,55.664950,12.547397,898.0376,15.6800
cph_query_-R9cTkYMNbXlglFeWCXtMg,cph:429,cph,saliency,1234,58.411327,15.624597,55.664950,12.547397,357.5721,15.6800
london_query_06tRsqVA7nx5PgabbPdu4w,london:119,london,clean,1234,52.218296,0.140182,51.488561,-0.060075,82.3003,0.0000
london_query_06tRsqVA7nx5PgabbPdu4w,london:119,london,isotropic,1234,52.218296,0.140182,51.488561,-0.060075,82.3003,15.6800
london_query_06tRsqVA7nx5PgabbPdu4w,london:119,london,edge,1234,52.218296,0.140182,51.488561,-0.060075,82.3003,15.6800
london_query_06tRsqVA7nx5PgabbPdu4w,london:119,london,saliency,1234,52.202675,0.139131,51.488561,-0.060075,80.5764,15.6800
manila_query_-WuLHZxOTWuUgVSb36RTng,manila:132,manila,clean,1234,14.551074,121.051468,14.604503,121.058185,5.9849,0.0000
manila_query_-WuLHZxOTWuUgVSb36RTng,manila:132,manila,isotropic,1234,14.607235,121.040154,14.604503,121.058185,1.9639,15.6800
manila_query_-WuLHZxOTWuUgVSb36RTng,manila:132,manila,edge,1234,14.607235,121.040154,14.604503,121.058185,1.9639,15.6800
manila_query_-WuLHZxOTWuUgVSb36RTng,manila:132,manila,saliency,1234,14.654904,121.031395,14.604503,121.058185,6.3021,15.6800
nairobi_query_3Thql5xEy0LYu4bdux1icw,nairobi:18,nairobi,clean,1234,-1.253628,36.876125,-1.254622,36.691950,20.4748,0.0000
nairobi_query_3Thql5xEy0LYu4bdux1icw,nairobi:18,nairobi,isotropic,1234,3.897138,11.546630,-1.254622,36.691950,2852.4479,15.6800
nairobi_query_3Thql5xEy0LYu4bdux1icw,nairobi:18,nairobi,edge,1234,0.349757,32.610596,-1.254622,36.691950,487.6048,15.6800
nairobi_query_3Thql5xEy0LYu4bdux1icw,nairobi:18,nairobi,saliency,1234,3.874410,11.521551,-1.254622,36.691950,2854.6930,15.6800
toronto_query_-K6Ci0V3ZYp50_DrMghntA,toronto:103,toronto,clean,1234,43.656277,-79.380844,43.668025,-79.397094,1.8481,0.0000
toronto_query_-K6Ci0V3ZYp50_DrMghntA,toronto:103,toronto,isotropic,1234,43.655392,-79.380821,43.668025,-79.397094,1.9201,15.6800
toronto_query_-K6Ci0V3ZYp50_DrMghntA,toronto:103,toronto,edge,1234,43.655392,-79.380821,43.668025,-79.397094,1.9201,15.6800
toronto_query_-K6Ci0V3ZYp50_DrMghntA,toronto:103,toronto,saliency,1234,43.655392,-79.380821,43.668025,-79.397094,1.9201,15.6800
zurich_query_0W_6dskxdNPlCJnX9EhmZA,zurich:33,zurich,clean,1234,47.411621,8.551483,47.401532,8.581826,2.5442,0.0000
zurich_query_0W_6dskxdNPlCJnX9EhmZA,zurich:33,zurich,isotropic,1234,47.388325,8.519226,47.401532,8.581826,4.9356,15.6800
zurich_query_0W_6dskxdNPlCJnX9EhmZA,zurich:33,zurich,edge,1234,61.498749,23.777096,47.401532,8.581826,1839.8241,15.6800
zurich_query_0W_6dskxdNPlCJnX9EhmZA,zurich:33,zurich,saliency,1234,47.388325,8.519226,47.401532,8.581826,4.9356,15.6800
amman_query_29zY5U3MUbO3wTjTTKF93w,amman:22,amman,clean,1234,35.133385,33.934021,31.940472,35.848048,396.8651,0.0000
amman_query_29zY5U3MUbO3wTjTTKF93w,amman:22,amman,isotropic,1234,35.133385,33.934021,31.940472,35.848048,396.8651,15.6800
amman_query_29zY5U3MUbO3wTjTTKF93w,amman:22,amman,edge,1234,35.945637,14.383946,31.940472,35.848048,2024.9745,15.6800
amman_query_29zY5U3MUbO3wTjTTKF93w,amman:22,amman,saliency,1234,31.835630,35.549519,31.940472,35.848048,30.5010,15.6800
boston_query_-U0JJudMztDrvqfppyEl9A,boston:87,boston,clean,1234,48.986942,-122.709724,42.398411,-71.107571,3994.6794,0.0000
boston_query_-U0JJudMztDrvqfppyEl9A,boston:87,boston,isotropic,1234,47.199043,-122.461853,42.398411,-71.107571,4013.1354,15.6800
boston_query_-U0JJudMztDrvqfppyEl9A,boston:87,boston,edge,1234,48.986942,-122.709724,42.398411,-71.107571,3994.6794,15.6800
boston_query_-U0JJudMztDrvqfppyEl9A,boston:87,boston,saliency,1234,42.289165,-71.132500,42.398411,-71.107571,12.3191,15.6800
cph_query_-To5emQUYvNlwdgB1hEVfQ,cph:279,cph,clean,1234,30.644409,122.051926,55.718131,12.629115,8331.7624,0.0000
cph_query_-To5emQUYvNlwdgB1hEVfQ,cph:279,cph,isotropic,1234,-24.030474,-46.475258,55.718131,12.629115,10468.7296,15.6800
cph_query_-To5emQUYvNlwdgB1hEVfQ,cph:279,cph,edge,1234,22.549263,120.318489,55.718131,12.629115,8991.5943,15.6800
cph_query_-To5emQUYvNlwdgB1hEVfQ,cph:279,cph,saliency,1234,22.456757,120.478836,55.718131,12.629115,9009.1781,15.6800
london_query_07Mt7j9hZm17z2pXB3QAXA,london:122,london,clean,1234,51.513023,-0.379049,51.532439,-0.058334,22.2937,0.0000
london_query_07Mt7j9hZm17z2pXB3QAXA,london:122,london,isotropic,1234,51.513023,-0.379049,51.532439,-0.058334,22.2937,15.6800
london_query_07Mt7j9hZm17z2pXB3QAXA,london:122,london,edge,1234,51.513023,-0.379049,51.532439,-0.058334,22.2937,15.6800
london_query_07Mt7j9hZm17z2pXB3QAXA,london:122,london,saliency,1234,51.513023,-0.379049,51.532439,-0.058334,22.2937,15.6800
manila_query_-YADzGuflGFk0TrwgbgGQA,manila:82,manila,clean,1234,14.654800,121.067795,14.613800,121.039442,5.4854,0.0000
manila_query_-YADzGuflGFk0TrwgbgGQA,manila:82,manila,isotropic,1234,-6.363902,106.827538,14.613800,121.039442,2810.1888,15.6800
manila_query_-YADzGuflGFk0TrwgbgGQA,manila:82,manila,edge,1234,14.649459,121.049667,14.613800,121.039442,4.1149,15.6800
manila_query_-YADzGuflGFk0TrwgbgGQA,manila:82,manila,saliency,1234,-6.363902,106.827538,14.613800,121.039442,2810.1888,15.6800
nairobi_query_3VEngLiRuIRlzTCHOPvAqA,nairobi:4,nairobi,clean,1234,-8.046970,-34.945663,-1.290021,36.774941,7975.0825,0.0000
nairobi_query_3VEngLiRuIRlzTCHOPvAqA,nairobi:4,nairobi,isotropic,1234,18.507992,-69.879639,-1.290021,36.774941,11808.0184,15.6800
nairobi_query_3VEngLiRuIRlzTCHOPvAqA,nairobi:4,nairobi,edge,1234,18.507992,-69.879639,-1.290021,36.774941,11808.0184,15.6800
nairobi_query_3VEngLiRuIRlzTCHOPvAqA,nairobi:4,nairobi,saliency,1234,18.507992,-69.879639,-1.290021,36.774941,11808.0184,15.6800
toronto_query_-KU5g574x3Cah05LVtG_Pw,toronto:418,toronto,clean,1234,43.632099,-81.123047,43.653856,-79.692525,115.1335,0.0000
toronto_query_-KU5g574x3Cah05LVtG_Pw,toronto:418,toronto,isotropic,1234,44.231670,-79.448135,43.653856,-79.692525,67.1635,15.6800
toronto_query_-KU5g574x3Cah05LVtG_Pw,toronto:418,toronto,edge,1234,43.854706,-79.058411,43.653856,-79.692525,55.6119,15.6800
toronto_query_-KU5g574x3Cah05LVtG_Pw,toronto:418,toronto,saliency,1234,44.231670,-79.448135,43.653856,-79.692525,67.1635,15.6800
zurich_query_0YqWIRNZbPyTmppf5ZjyMw,zurich:25,zurich,clean,1234,47.447498,8.564608,47.404022,8.598435,5.4633,0.0000
zurich_query_0YqWIRNZbPyTmppf5ZjyMw,zurich:25,zurich,isotropic,1234,47.447498,8.564608,47.404022,8.598435,5.4633,15.6800
zurich_query_0YqWIRNZbPyTmppf5ZjyMw,zurich:25,zurich,edge,1234,51.424435,7.040241,47.404022,8.598435,461.0133,15.6800
zurich_query_0YqWIRNZbPyTmppf5ZjyMw,zurich:25,zurich,saliency,1234,57.668911,12.294559,47.404022,8.598435,1168.0166,15.6800
amman_query_2E9XDGy6VTetR1O15tILdw,amman:11,amman,clean,1234,32.221226,35.552444,32.028622,35.840299,34.5467,0.0000
amman_query_2E9XDGy6VTetR1O15tILdw,amman:11,amman,isotropic,1234,31.890966,35.499264,32.028622,35.840299,35.6288,15.6800
amman_query_2E9XDGy6VTetR1O15tILdw,amman:11,amman,edge,1234,32.221226,35.552444,32.028622,35.840299,34.5467,15.6800
amman_query_2E9XDGy6VTetR1O15tILdw,amman:11,amman,saliency,1234,32.221226,35.552444,32.028622,35.840299,34.5467,15.6800
boston_query_-U_cmO4sMoYmoNbCPpMXWw,boston:101,boston,clean,1234,42.320255,-71.056747,42.359038,-71.100304,5.6048,0.0000
boston_query_-U_cmO4sMoYmoNbCPpMXWw,boston:101,boston,isotropic,1234,37.779167,-122.394333,42.359038,-71.100304,4328.1438,15.6800
boston_query_-U_cmO4sMoYmoNbCPpMXWw,boston:101,boston,edge,1234,42.361355,-71.092232,42.359038,-71.100304,0.7115,15.6800
boston_query_-U_cmO4sMoYmoNbCPpMXWw,boston:101,boston,saliency,1234,42.342445,-71.051582,42.359038,-71.100304,4.4085,15.6800
cph_query_-UByBh5hYhNn4_dsHy73aA,cph:342,cph,clean,1234,56.906002,14.732666,55.663598,12.532676,193.6892,0.0000
cph_query_-UByBh5hYhNn4_dsHy73aA,cph:342,cph,isotropic,1234,59.359703,17.966394,55.663598,12.532676,523.3272,15.6800
cph_query_-UByBh5hYhNn4_dsHy73aA,cph:342,cph,edge,1234,59.945381,10.844879,55.663598,12.532676,486.4591,15.6800
cph_query_-UByBh5hYhNn4_dsHy73aA,cph:342,cph,saliency,1234,55.631714,12.581534,55.663598,12.532676,4.6869,15.6800
london_query_07oSFXlZ9SfPsHwsEZQFtA,london:76,london,clean,1234,51.501499,-0.179000,51.495353,-0.110898,4.7635,0.0000
london_query_07oSFXlZ9SfPsHwsEZQFtA,london:76,london,isotropic,1234,51.504284,-0.186918,51.495353,-0.110898,5.3551,15.6800
london_query_07oSFXlZ9SfPsHwsEZQFtA,london:76,london,edge,1234,51.502167,-0.177500,51.495353,-0.110898,4.6722,15.6800
london_query_07oSFXlZ9SfPsHwsEZQFtA,london:76,london,saliency,1234,51.502777,-0.191230,51.495353,-0.110898,5.6217,15.6800
manila_query_-YswrllPgEq1Q_LYD0mD0A,manila:181,manila,clean,1234,14.274808,121.102959,14.585227,121.088327,34.5530,0.0000
manila_query_-YswrllPgEq1Q_LYD0mD0A,manila:181,manila,isotropic,1234,14.721760,120.860596,14.585227,121.088327,28.8216,15.6800
manila_query_-YswrllPgEq1Q_LYD0mD0A,manila:181,manila,edge,1234,14.274808,121.102959,14.585227,121.088327,34.5530,15.6800
manila_query_-YswrllPgEq1Q_LYD0mD0A,manila:181,manila,saliency,1234,14.274808,121.102959,14.585227,121.088327,34.5530,15.6800
nairobi_query_3sAf0a7Z9MFOX5NACNEfkA,nairobi:3,nairobi,clean,1234,9.027119,38.762093,-1.290074,36.771272,1168.2310,0.0000
nairobi_query_3sAf0a7Z9MFOX5NACNEfkA,nairobi:3,nairobi,isotropic,1234,-1.695889,29.258823,-1.290074,36.771272,836.2799,15.6800
nairobi_query_3sAf0a7Z9MFOX5NACNEfkA,nairobi:3,nairobi,edge,1234,-6.492448,106.765564,-1.290074,36.771272,7781.2206,15.6800
nairobi_query_3sAf0a7Z9MFOX5NACNEfkA,nairobi:3,nairobi,saliency,1234,-1.040897,36.741028,-1.290074,36.771272,27.9105,15.6800
toronto_query_-L3Zos1U2E6AA3-ZO_eESA,toronto:253,toronto,clean,1234,43.772816,-79.328339,43.741070,-79.322043,3.5660,0.0000
toronto_query_-L3Zos1U2E6AA3-ZO_eESA,toronto:253,toronto,isotropic,1234,45.374760,-75.736183,43.741070,-79.322043,337.1718,15.6800
toronto_query_-L3Zos1U2E6AA3-ZO_eESA,toronto:253,toronto,edge,1234,43.775059,-79.328766,43.741070,-79.322043,3.8177,15.6800
toronto_query_-L3Zos1U2E6AA3-ZO_eESA,toronto:253,toronto,saliency,1234,45.347786,-75.919571,43.741070,-79.322043,323.4159,15.6800
zurich_query_0eG9-83f-Xafie9_84fDbg,zurich:105,zurich,clean,1234,52.310669,4.948375,47.386150,8.514666,604.1589,0.0000
zurich_query_0eG9-83f-Xafie9_84fDbg,zurich:105,zurich,isotropic,1234,47.542706,7.621872,47.386150,8.514666,69.3347,15.6800
zurich_query_0eG9-83f-Xafie9_84fDbg,zurich:105,zurich,edge,1234,50.849941,5.705208,47.386150,8.514666,435.9853,15.6800
zurich_query_0eG9-83f-Xafie9_84fDbg,zurich:105,zurich,saliency,1234,47.546799,7.592604,47.386150,8.514666,71.5761,15.6800
amman_query_2WNEczYwDdZlHE_2nYlE-A,amman:0,amman,clean,1234,31.944588,35.925636,31.984538,35.832035,9.8843,0.0000
amman_query_2WNEczYwDdZlHE_2nYlE-A,amman:0,amman,isotropic,1234,35.556042,45.435848,31.984538,35.832035,971.8959,15.6800
amman_query_2WNEczYwDdZlHE_2nYlE-A,amman:0,amman,edge,1234,31.944588,35.925636,31.984538,35.832035,9.8843,15.6800
amman_query_2WNEczYwDdZlHE_2nYlE-A,amman:0,amman,saliency,1234,31.944588,35.925636,31.984538,35.832035,9.8843,15.6800
boston_query_-VHXaQ_dj_14O-Bcn3u7zA,boston:171,boston,clean,1234,42.238998,-71.164497,42.282054,-71.087700,7.9287,0.0000
boston_query_-VHXaQ_dj_14O-Bcn3u7zA,boston:171,boston,isotropic,1234,42.304901,-71.219200,42.282054,-71.087700,11.1105,15.6800
boston_query_-VHXaQ_dj_14O-Bcn3u7zA,boston:171,boston,edge,1234,42.238998,-71.164497,42.282054,-71.087700,7.9287,15.6800
boston_query_-VHXaQ_dj_14O-Bcn3u7zA,boston:171,boston,saliency,1234,42.315971,-71.223206,42.282054,-71.087700,11.7655,15.6800
cph_query_-UO7OuMXuwPBrMEXSsFhNA,cph:429,cph,clean,1234,55.704571,12.577661,55.664782,12.546647,4.8327,0.0000
cph_query_-UO7OuMXuwPBrMEXSsFhNA,cph:429,cph,isotropic,1234,55.705502,12.536791,55.664782,12.546647,4.5698,15.6800
cph_query_-UO7OuMXuwPBrMEXSsFhNA,cph:429,cph,edge,1234,59.858395,17.637691,55.664782,12.546647,555.1995,15.6800
cph_query_-UO7OuMXuwPBrMEXSsFhNA,cph:429,cph,saliency,1234,58.411327,15.624597,55.664782,12.546647,357.6118,15.6800
london_query_08wp6QepyximP9UuP-ijLg,london:78,london,clean,1234,51.484962,-0.140891,51.510997,-0.106454,3.7501,0.0000
london_query_08wp6QepyximP9UuP-ijLg,london:78,london,isotropic,1234,51.482845,-0.144066,51.510997,-0.106454,4.0716,15.6800
london_query_08wp6QepyximP9UuP-ijLg,london:78,london,edge,1234,51.482845,-0.144066,51.510997,-0.106454,4.0716,15.6800
london_query_08wp6QepyximP9UuP-ijLg,london:78,london,saliency,1234,51.482845,-0.144066,51.510997,-0.106454,4.0716,15.6800
manila_query_-Z3CXTi1QhF_Ste8t8vrJA,manila:16,manila,clean,1234,14.621374,120.969429,14.537343,120.999667,9.8943,0.0000
manila_query_-Z3CXTi1QhF_Ste8t8vrJA,manila:16,manila,isotropic,1234,14.609620,121.005890,14.537343,120.999667,8.0647,15.6800
manila_query_-Z3CXTi1QhF_Ste8t8vrJA,manila:16,manila,edge,1234,14.624447,120.971832,14.537343,120.999667,10.1381,15.6800
manila_query_-Z3CXTi1QhF_Ste8t8vrJA,manila:16,manila,saliency,1234,14.624447,120.971832,14.537343,120.999667,10.1381,15.6800
nairobi_query_3vVoHZDD0-kVhbBxDTYEjw,nairobi:10,nairobi,clean,1234,-1.228967,36.804867,-1.274072,36.800615,5.0377,0.0000
nairobi_query_3vVoHZDD0-kVhbBxDTYEjw,nairobi:10,nairobi,isotropic,1234,-6.821017,39.277752,-1.274072,36.800615,675.1784,15.6800
nairobi_query_3vVoHZDD0-kVhbBxDTYEjw,nairobi:10,nairobi,edge,1234,-1.228967,36.804867,-1.274072,36.800615,5.0377,15.6800
nairobi_query_3vVoHZDD0-kVhbBxDTYEjw,nairobi:10,nairobi,saliency,1234,18.510733,-69.984253,-1.274072,36.800615,11821.1226,15.6800
toronto_query_-LZN7DIyP80uvFh2O8KVXw,toronto:366,toronto,clean,1234,38.130440,-85.703575,43.611484,-79.754271,788.0186,0.0000
toronto_query_-LZN7DIyP80uvFh2O8KVXw,toronto:366,toronto,isotropic,1234,38.130440,-85.703575,43.611484,-79.754271,788.0186,15.6800
toronto_query_-LZN7DIyP80uvFh2O8KVXw,toronto:366,toronto,edge,1234,43.775059,-79.328766,43.611484,-79.754271,38.7450,15.6800
toronto_query_-LZN7DIyP80uvFh2O8KVXw,toronto:366,toronto,saliency,1234,38.130440,-85.703575,43.611484,-79.754271,788.0186,15.6800
zurich_query_0g61-9tYhD3Y5qh7eiB92g,zurich:22,zurich,clean,1234,52.414810,4.639208,47.396472,8.472053,621.6558,0.0000
zurich_query_0g61-9tYhD3Y5qh7eiB92g,zurich:22,zurich,isotropic,1234,52.354500,4.986500,47.396472,8.472053,605.0728,15.6800
zurich_query_0g61-9tYhD3Y5qh7eiB92g,zurich:22,zurich,edge,1234,50.559143,3.131103,47.396472,8.472053,524.7505,15.6800
zurich_query_0g61-9tYhD3Y5qh7eiB92g,zurich:22,zurich,saliency,1234,52.414810,4.639208,47.396472,8.472053,621.6558,15.6800
amman_query_2amxr5vdbo4jgViAEELT_Q,amman:37,amman,clean,1234,32.025043,35.878407,31.979358,35.916602,6.2272,0.0000
amman_query_2amxr5vdbo4jgViAEELT_Q,amman:37,amman,isotropic,1234,31.801086,35.147175,31.979358,35.916602,75.2987,15.6800
amman_query_2amxr5vdbo4jgViAEELT_Q,amman:37,amman,edge,1234,31.801086,35.147175,31.979358,35.916602,75.2987,15.6800
amman_query_2amxr5vdbo4jgViAEELT_Q,amman:37,amman,saliency,1234,31.801086,35.147175,31.979358,35.916602,75.2987,15.6800
boston_query_-WNRbaGc8Yukh-LWnRNe5O,boston:99,boston,clean,1234,42.357666,-71.079666,42.351007,-71.100628,1.8749,0.0000
boston_query_-WNRbaGc8Yukh-LWnRNe5O,boston:99,boston,isotropic,1234,42.355312,-71.079491,42.351007,-71.100628,1.8017,15.6800
boston_query_-WNRbaGc8Yukh-LWnRNe5O,boston:99,boston,edge,1234,42.355312,-71.079491,42.351007,-71.100628,1.8017,15.6800
boston_query_-WNRbaGc8Yukh-LWnRNe5O,boston:99,boston,saliency,1234,42.355312,-71.079491,42.351007,-71.100628,1.8017,15.6800
cph_query_-V4aUy1yd0AbFfY-xX0BAg,cph:500,cph,clean,1234,57.706661,11.968059,55.690224,12.555058,227.0614,0.0000
cph_query_-V4aUy1yd0AbFfY-xX0BAg,cph:500,cph,isotropic,1234,55.674648,12.565618,55.690224,12.555058,1.8541,15.6800
cph_query_-V4aUy1yd0AbFfY-xX0BAg,cph:500,cph,edge,1234,55.681454,12.573852,55.690224,12.555058,1.5293,15.6800
cph_query_-V4aUy1yd0AbFfY-xX0BAg,cph:500,cph,saliency,1234,55.677246,12.567302,55.690224,12.555058,1.6345,15.6800
london_query_09P-tDZlSTWY4XNCcRZ_-g,london:129,london,clean,1234,51.452454,-0.606640,51.505877,-0.186031,29.7276,0.0000
london_query_09P-tDZlSTWY4XNCcRZ_-g,london:129,london,isotropic,1234,51.446865,-0.608797,51.505877,-0.186031,30.0055,15.6800
london_query_09P-tDZlSTWY4XNCcRZ_-g,london:129,london,edge,1234,51.506279,-0.172449,51.505877,-0.186031,0.9411,15.6800
london_query_09P-tDZlSTWY4XNCcRZ_-g,london:129,london,saliency,1234,51.446865,-0.608797,51.505877,-0.186031,30.0055,15.6800
manila_query_-ZbYcdqL0C0ximLGFEriNA,manila:51,manila,clean,1234,14.654904,121.031395,14.643414,121.031620,1.2779,0.0000
manila_query_-ZbYcdqL0C0ximLGFEriNA,manila:51,manila,isotropic,1234,14.854255,120.301544,14.643414,121.031620,81.9319,15.6800
manila_query_-ZbYcdqL0C0ximLGFEriNA,manila:51,manila,edge,1234,14.654904,121.031395,14.643414,121.031620,1.2779,15.6800
manila_query_-ZbYcdqL0C0ximLGFEriNA,manila:51,manila,saliency,1234,15.487409,120.974937,14.643414,121.031620,94.0452,15.6800
nairobi_query_3zSInmaUjlNkUR45dqrSLg,nairobi:10,nairobi,clean,1234,8.990075,38.793133,-1.272900,36.801017,1162.3396,0.0000
nairobi_query_3zSInmaUjlNkUR45dqrSLg,nairobi:10,nairobi,isotropic,1234,8.990075,38.793133,-1.272900,36.801017,1162.3396,15.6800
nairobi_query_3zSInmaUjlNkUR45dqrSLg,nairobi:10,nairobi,edge,1234,8.990075,38.793133,-1.272900,36.801017,1162.3396,15.6800
nairobi_query_3zSInmaUjlNkUR45dqrSLg,nairobi:10,nairobi,saliency,1234,8.990075,38.793133,-1.272900,36.801017,1162.3396,15.6800
toronto_query_-M3eMqHp0OhecS-hoh58aQ,toronto:354,toronto,clean,1234,43.736938,-79.719872,43.652511,-79.767484,10.1383,0.0000
toronto_query_-M3eMqHp0OhecS-hoh58aQ,toronto:354,toronto,isotropic,1234,43.736938,-79.719872,43.652511,-79.767484,10.1383,15.6800
toronto_query_-M3eMqHp0OhecS-hoh58aQ,toronto:354,toronto,edge,1234,39.562000,-104.878166,43.652511,-79.767484,2127.9963,15.6800
toronto_query_-M3eMqHp0OhecS-hoh58aQ,toronto:354,toronto,saliency,1234,43.736938,-79.719872,43.652511,-79.767484,10.1383,15.6800
zurich_query_0gHh8OHgmM804LVr0Ocrag,zurich:35,zurich,clean,1234,52.210445,10.912170,47.401725,8.459608,562.8410,0.0000
zurich_query_0gHh8OHgmM804LVr0Ocrag,zurich:35,zurich,isotropic,1234,52.319706,9.652347,47.401725,8.459608,553.4771,15.6800
zurich_query_0gHh8OHgmM804LVr0Ocrag,zurich:35,zurich,edge,1234,52.210445,10.912170,47.401725,8.459608,562.8410,15.6800
zurich_query_0gHh8OHgmM804LVr0Ocrag,zurich:35,zurich,saliency,1234,52.210445,10.912170,47.401725,8.459608,562.8410,15.6800
amman_query_2ar5B6f1xOYuU4wn7CLEJg,amman:18,amman,clean,1234,32.025043,35.878407,32.015843,35.843284,3.4657,0.0000
amman_query_2ar5B6f1xOYuU4wn7CLEJg,amman:18,amman,isotropic,1234,32.869747,13.183218,32.015843,35.843284,2124.4821,15.6800
amman_query_2ar5B6f1xOYuU4wn7CLEJg,amman:18,amman,edge,1234,33.513428,36.288689,32.015843,35.843284,171.6524,15.6800
amman_query_2ar5B6f1xOYuU4wn7CLEJg,amman:18,amman,saliency,1234,29.592192,52.534046,32.015843,35.843284,1615.0144,15.6800
boston_query_-XLBZG628HbrD4FlfLBryQ,boston:237,boston,clean,1234,42.349545,-71.077660,42.350380,-71.076154,0.1547,0.0000
boston_query_-XLBZG628HbrD4FlfLBryQ,boston:237,boston,isotropic,1234,38.900711,-77.026474,42.350380,-71.076154,631.6483,15.6800
boston_query_-XLBZG628HbrD4FlfLBryQ,boston:237,boston,edge,1234,38.899105,-77.027969,42.350380,-71.076154,631.8615,15.6800
boston_query_-XLBZG628HbrD4FlfLBryQ,boston:237,boston,saliency,1234,38.899105,-77.027969,42.350380,-71.076154,631.8615,15.6800
cph_query_-VfD_cIsQvsNIbCy3tCgQQ,cph:375,cph,clean,1234,53.577564,9.977742,55.674234,12.537675,285.4561,0.0000
cph_query_-VfD_cIsQvsNIbCy3tCgQQ,cph:375,cph,isotropic,1234,55.687332,12.574110,55.674234,12.537675,2.7090,15.6800
cph_query_-VfD_cIsQvsNIbCy3tCgQQ,cph:375,cph,edge,1234,55.683167,12.573230,55.674234,12.537675,2.4404,15.6800
cph_query_-VfD_cIsQvsNIbCy3tCgQQ,cph:375,cph,saliency,1234,55.668167,12.544166,55.674234,12.537675,0.7879,15.6800
london_query_0AbO1xvvOJRs1V3ReaDrNw,london:71,london,clean,1234,51.525612,-0.088620,51.525594,-0.114269,1.7745,0.0000
london_query_0AbO1xvvOJRs1V3ReaDrNw,london:71,london,isotropic,1234,51.525230,-0.079146,51.525594,-0.114269,2.4302,15.6800
london_query_0AbO1xvvOJRs1V3ReaDrNw,london:71,london,edge,1234,51.526020,-0.079801,51.525594,-0.114269,2.3850,15.6800
london_query_0AbO1xvvOJRs1V3ReaDrNw,london:71,london,saliency,1234,51.526020,-0.079801,51.525594,-0.114269,2.3850,15.6800
manila_query_-ZyenisXeFL1kaebCpUNAQ,manila:59,manila,clean,1234,15.225640,120.576836,14.506330,121.035425,93.9494,0.0000
manila_query_-ZyenisXeFL1kaebCpUNAQ,manila:59,manila,isotropic,1234,15.225640,120.576836,14.506330,121.035425,93.9494,15.6800
manila_query_-ZyenisXeFL1kaebCpUNAQ,manila:59,manila,edge,1234,15.225640,120.576836,14.506330,121.035425,93.9494,15.6800
manila_query_-ZyenisXeFL1kaebCpUNAQ,manila:59,manila,saliency,1234,15.772430,120.735794,14.506330,121.035425,144.4108,15.6800
nairobi_query_42kd1bm9ZK0fwGacm_8O5A,nairobi:20,nairobi,clean,1234,-1.315840,36.798191,-1.275602,36.889465,11.0893,0.0000
nairobi_query_42kd1bm9ZK0fwGacm_8O5A,nairobi:20,nairobi,isotropic,1234,-1.040897,36.741028,-1.275602,36.889465,30.8777,15.6800
nairobi_query_42kd1bm9ZK0fwGacm_8O5A,nairobi:20,nairobi,edge,1234,-1.040897,36.741028,-1.275602,36.889465,30.8777,15.6800
nairobi_query_42kd1bm9ZK0fwGacm_8O5A,nairobi:20,nairobi,saliency,1234,-1.040897,36.741028,-1.275602,36.889465,30.8777,15.6800
toronto_query_-MFll3mcOLNHfSZyGy5VIw,toronto:102,toronto,clean,1234,43.653412,-79.402313,43.655244,-79.399200,0.3229,0.0000
toronto_query_-MFll3mcOLNHfSZyGy5VIw,toronto:102,toronto,isotropic,1234,43.653412,-79.402313,43.655244,-79.399200,0.3229,15.6800
toronto_query_-MFll3mcOLNHfSZyGy5VIw,toronto:102,toronto,edge,1234,43.653412,-79.402313,43.655244,-79.399200,0.3229,15.6800
toronto_query_-MFll3mcOLNHfSZyGy5VIw,toronto:102,toronto,saliency,1234,43.653412,-79.402313,43.655244,-79.399200,0.3229,15.6800
zurich_query_0lHgqSrbw8SSQej38K9wpQ,zurich:48,zurich,clean,1234,47.448639,8.361905,47.414431,8.438561,6.9077,0.0000
zurich_query_0lHgqSrbw8SSQej38K9wpQ,zurich:48,zurich,isotropic,1234,51.420078,7.483062,47.414431,8.438561,450.7282,15.6800
zurich_query_0lHgqSrbw8SSQej38K9wpQ,zurich:48,zurich,edge,1234,47.448639,8.361905,47.414431,8.438561,6.9077,15.6800
zurich_query_0lHgqSrbw8SSQej38K9wpQ,zurich:48,zurich,saliency,1234,47.368538,8.462047,47.414431,8.438561,5.4006,15.6800
amman_query_2hq9evzmyg6GO86JGeo5kw,amman:32,amman,clean,1234,25.649748,-100.337059,31.996165,35.884605,12100.4951,0.0000
amman_query_2hq9evzmyg6GO86JGeo5kw,amman:32,amman,isotropic,1234,25.517967,-103.334656,31.996165,35.884605,12294.3198,15.6800
amman_query_2hq9evzmyg6GO86JGeo5kw,amman:32,amman,edge,1234,20.653500,-103.392334,31.996165,35.884605,12730.7600,15.6800
amman_query_2hq9evzmyg6GO86JGeo5kw,amman:32,amman,saliency,1234,20.653500,-103.392334,31.996165,35.884605,12730.7600,15.6800
boston_query_-XPoSJpI_X3ZlnZLz8JG4L,boston:168,boston,clean,1234,42.304901,-71.219200,42.397111,-71.090982,14.7020,0.0000
boston_query_-XPoSJpI_X3ZlnZLz8JG4L,boston:168,boston,isotropic,1234,42.304901,-71.219200,42.397111,-71.090982,14.7020,15.6800
boston_query_-XPoSJpI_X3ZlnZLz8JG4L,boston:168,boston,edge,1234,42.304901,-71.219200,42.397111,-71.090982,14.7020,15.6800
boston_query_-XPoSJpI_X3ZlnZLz8JG4L,boston:168,boston,saliency,1234,41.142788,-73.258377,42.397111,-71.090982,227.4993,15.6800
cph_query_-VwsLi9Gs8ntflZjLfPkGw,cph:84,cph,clean,1234,55.674549,12.570869,55.670993,12.575532,0.4917,0.0000
cph_query_-VwsLi9Gs8ntflZjLfPkGw,cph:84,cph,isotropic,1234,55.609833,12.999166,55.670993,12.575532,27.4419,15.6800
cph_query_-VwsLi9Gs8ntflZjLfPkGw,cph:84,cph,edge,1234,57.710266,11.969277,55.670993,12.575532,229.7567,15.6800
cph_query_-VwsLi9Gs8ntflZjLfPkGw,cph:84,cph,saliency,1234,56.045135,12.693944,55.670993,12.575532,42.2540,15.6800
london_query_0BjBFV4G9jdMJlEMqshzoA,london:85,london,clean,1234,51.460960,-0.188097,51.546659,-0.103991,11.1668,0.0000
london_query_0BjBFV4G9jdMJlEMqshzoA,london:85,london,isotropic,1234,51.464409,-0.185050,51.546659,-0.103991,10.7295,15.6800
london_query_0BjBFV4G9jdMJlEMqshzoA,london:85,london,edge,1234,51.465832,-0.189445,51.546659,-0.103991,10.7591,15.6800
london_query_0BjBFV4G9jdMJlEMqshzoA,london:85,london,saliency,1234,51.466576,-0.171082,51.546659,-0.103991,10.0429,15.6800
manila_query_-aK1h18UZREBqmVQH9KSvw,manila:163,manila,clean,1234,15.772430,120.735794,14.644005,121.074823,130.6422,0.0000
manila_query_-aK1h18UZREBqmVQH9KSvw,manila:163,manila,isotropic,1234,13.322918,100.952446,14.644005,121.074823,2175.4509,15.6800
manila_query_-aK1h18UZREBqmVQH9KSvw,manila:163,manila,edge,1234,13.322918,100.952446,14.644005,121.074823,2175.4509,15.6800
manila_query_-aK1h18UZREBqmVQH9KSvw,manila:163,manila,saliency,1234,15.772430,120.735794,14.644005,121.074823,130.6422,15.6800
nairobi_query_479Or7jRwWHujnR6N21HGg,nairobi:10,nairobi,clean,1234,-1.272936,36.817932,-1.274158,36.800546,1.9375,0.0000
nairobi_query_479Or7jRwWHujnR6N21HGg,nairobi:10,nairobi,isotropic,1234,-1.272936,36.817932,-1.274158,36.800546,1.9375,15.6800
nairobi_query_479Or7jRwWHujnR6N21HGg,nairobi:10,nairobi,edge,1234,12.970183,77.559357,-1.274158,36.800546,4766.3072,15.6800
nairobi_query_479Or7jRwWHujnR6N21HGg,nairobi:10,nairobi,saliency,1234,18.516125,73.930252,-1.274158,36.800546,4616.5618,15.6800
toronto_query_-MnI6OlC-vX0Wm56nVPN1A,toronto:200,toronto,clean,1234,43.652489,-79.357643,43.662189,-79.352775,1.1475,0.0000
toronto_query_-MnI6OlC-vX0Wm56nVPN1A,toronto:200,toronto,isotropic,1234,43.648434,-79.399269,43.662189,-79.352775,4.0411,15.6800
toronto_query_-MnI6OlC-vX0Wm56nVPN1A,toronto:200,toronto,edge,1234,43.648335,-79.398331,43.662189,-79.352775,3.9756,15.6800
toronto_query_-MnI6OlC-vX0Wm56nVPN1A,toronto:200,toronto,saliency,1234,43.648335,-79.398331,43.662189,-79.352775,3.9756,15.6800
zurich_query_0nVsH-6SH_FHslcVrikkwQ,zurich:79,zurich,clean,1234,47.626789,7.915692,47.359789,8.451722,50.0333,0.0000
zurich_query_0nVsH-6SH_FHslcVrikkwQ,zurich:79,zurich,isotropic,1234,47.951130,8.500519,47.359789,8.451722,65.8557,15.6800
zurich_query_0nVsH-6SH_FHslcVrikkwQ,zurich:79,zurich,edge,1234,48.049557,8.212258,47.359789,8.451722,78.7640,15.6800
zurich_query_0nVsH-6SH_FHslcVrikkwQ,zurich:79,zurich,saliency,1234,47.951130,8.500519,47.359789,8.451722,65.8557,15.6800
amman_query_2lABfkOBYPSLZkKhyRxYdA,amman:6,amman,clean,1234,32.894146,13.168492,31.970988,35.840493,2126.1880,0.0000
amman_query_2lABfkOBYPSLZkKhyRxYdA,amman:6,amman,isotropic,1234,32.893082,13.167393,31.970988,35.840493,2126.2975,15.6800
amman_query_2lABfkOBYPSLZkKhyRxYdA,amman:6,amman,edge,1234,32.869747,13.183218,31.970988,35.840493,2124.9783,15.6800
amman_query_2lABfkOBYPSLZkKhyRxYdA,amman:6,amman,saliency,1234,32.894146,13.168492,31.970988,35.840493,2126.1880,15.6800
boston_query_-XVMoSt8xs2FUh9JzquX6A,boston:210,boston,clean,1234,42.345669,-71.081650,42.338875,-71.080848,0.7584,0.0000
boston_query_-XVMoSt8xs2FUh9JzquX6A,boston:210,boston,isotropic,1234,42.345669,-71.081650,42.338875,-71.080848,0.7584,15.6800
boston_query_-XVMoSt8xs2FUh9JzquX6A,boston:210,boston,edge,1234,42.347321,-71.079659,42.338875,-71.080848,0.9442,15.6800
boston_query_-XVMoSt8xs2FUh9JzquX6A,boston:210,boston,saliency,1234,42.346619,-71.081245,42.338875,-71.080848,0.8617,15.6800
cph_query_-WFB24C5ns0vkkGHGvN40A,cph:137,cph,clean,1234,55.695702,12.546869,55.695777,12.588827,2.6294,0.0000
cph_query_-WFB24C5ns0vkkGHGvN40A,cph:137,cph,isotropic,1234,55.695702,12.546869,55.695777,12.588827,2.6294,15.6800
cph_query_-WFB24C5ns0vkkGHGvN40A,cph:137,cph,edge,1234,55.695702,12.546869,55.695777,12.588827,2.6294,15.6800
cph_query_-WFB24C5ns0vkkGHGvN40A,cph:137,cph,saliency,1234,58.411327,15.624597,55.695777,12.588827,353.3042,15.6800
london_query_0CaaImFsIdNZjpg8oBPgsQ,london:29,london,clean,1234,51.541199,-0.003100,51.525090,-0.138151,9.5117,0.0000
london_query_0CaaImFsIdNZjpg8oBPgsQ,london:29,london,isotropic,1234,51.518745,-0.083776,51.525090,-0.138151,3.8276,15.6800
london_query_0CaaImFsIdNZjpg8oBPgsQ,london:29,london,edge,1234,51.518745,-0.083776,51.525090,-0.138151,3.8276,15.6800
london_query_0CaaImFsIdNZjpg8oBPgsQ,london:29,london,saliency,1234,51.517609,-0.083191,51.525090,-0.138151,3.8925,15.6800
manila_query_-cNGgBgyFrf92tQ2SjMnVw,manila:46,manila,clean,1234,15.487409,120.974937,14.603878,121.031301,98.4305,0.0000
manila_query_-cNGgBgyFrf92tQ2SjMnVw,manila:46,manila,isotropic,1234,14.607941,121.079269,14.603878,121.031301,5.1812,15.6800
manila_query_-cNGgBgyFrf92tQ2SjMnVw,manila:46,manila,edge,1234,15.487409,120.974937,14.603878,121.031301,98.4305,15.6800
manila_query_-cNGgBgyFrf92tQ2SjMnVw,manila:46,manila,saliency,1234,14.607941,121.079269,14.603878,121.031301,5.1812,15.6800
nairobi_query_4EL0OPwVmp4k2zCpl9_c_A,nairobi:15,nairobi,clean,1234,18.554293,73.904785,-1.269514,36.816288,4614.1047,0.0000
nairobi_query_4EL0OPwVmp4k2zCpl9_c_A,nairobi:15,nairobi,isotropic,1234,24.857235,67.010933,-1.269514,36.816288,4360.8716,15.6800
nairobi_query_4EL0OPwVmp4k2zCpl9_c_A,nairobi:15,nairobi,edge,1234,24.857235,67.010933,-1.269514,36.816288,4360.8716,15.6800
nairobi_query_4EL0OPwVmp4k2zCpl9_c_A,nairobi:15,nairobi,saliency,1234,24.857235,67.010933,-1.269514,36.816288,4360.8716,15.6800
toronto_query_-MvRj243NBTPnognhgb4Cg,toronto:421,toronto,clean,1234,43.734653,-79.258255,43.617329,-79.690721,37.1462,0.0000
toronto_query_-MvRj243NBTPnognhgb4Cg,toronto:421,toronto,isotropic,1234,43.898907,-78.679832,43.617329,-79.690721,87.0144,15.6800
toronto_query_-MvRj243NBTPnognhgb4Cg,toronto:421,toronto,edge,1234,43.734653,-79.258255,43.617329,-79.690721,37.1462,15.6800
toronto_query_-MvRj243NBTPnognhgb4Cg,toronto:421,toronto,saliency,1234,43.734653,-79.258255,43.617329,-79.690721,37.1462,15.6800
zurich_query_0qoNSI3UUj6VR3TM7c0Peg,zurich:38,zurich,clean,1234,45.626522,8.712329,47.409862,8.550050,198.6869,0.0000
zurich_query_0qoNSI3UUj6VR3TM7c0Peg,zurich:38,zurich,isotropic,1234,47.411621,8.551483,47.409862,8.550050,0.2234,15.6800
zurich_query_0qoNSI3UUj6VR3TM7c0Peg,zurich:38,zurich,edge,1234,45.626522,8.712329,47.409862,8.550050,198.6869,15.6800
zurich_query_0qoNSI3UUj6VR3TM7c0Peg,zurich:38,zurich,saliency,1234,47.411621,8.551483,47.409862,8.550050,0.2234,15.6800
amman_query_2o7YcP9UAqSU1ygtK33BfQ,amman:31,amman,clean,1234,32.893082,13.167393,31.998442,35.881033,2129.6075,0.0000
amman_query_2o7YcP9UAqSU1ygtK33BfQ,amman:31,amman,isotropic,1234,22.593725,46.494141,31.998442,35.881033,1479.2916,15.6800
amman_query_2o7YcP9UAqSU1ygtK33BfQ,amman:31,amman,edge,1234,31.949841,35.922371,31.998442,35.881033,6.6641,15.6800
amman_query_2o7YcP9UAqSU1ygtK33BfQ,amman:31,amman,saliency,1234,29.270723,48.049694,31.998442,35.881033,1202.3401,15.6800
boston_query_-YC7UljP-400uMusDPAb5o,boston:244,boston,clean,1234,40.864807,-73.931671,42.332214,-71.158804,282.4423,0.0000
boston_query_-YC7UljP-400uMusDPAb5o,boston:244,boston,isotropic,1234,40.007053,-75.191727,42.332214,-71.158804,425.1213,15.6800
boston_query_-YC7UljP-400uMusDPAb5o,boston:244,boston,edge,1234,40.864582,-73.931068,42.332214,-71.158804,282.4162,15.6800
boston_query_-YC7UljP-400uMusDPAb5o,boston:244,boston,saliency,1234,40.864807,-73.931671,42.332214,-71.158804,282.4423,15.6800
cph_query_-WSWmgHuo6qPHzHxqzEe1A,cph:119,cph,clean,1234,56.662937,16.359758,55.662846,12.581247,258.9924,0.0000
cph_query_-WSWmgHuo6qPHzHxqzEe1A,cph:119,cph,isotropic,1234,56.875809,14.812102,55.662846,12.581247,192.7642,15.6800
cph_query_-WSWmgHuo6qPHzHxqzEe1A,cph:119,cph,edge,1234,55.596642,13.001560,55.662846,12.581247,27.3924,15.6800
cph_query_-WSWmgHuo6qPHzHxqzEe1A,cph:119,cph,saliency,1234,60.673660,17.145599,55.662846,12.581247,617.7983,15.6800
london_query_0EzKuKNIcxIWax_duM0EWw,london:23,london,clean,1234,51.513561,-0.141000,51.514288,-0.150085,0.6338,0.0000
london_query_0EzKuKNIcxIWax_duM0EWw,london:23,london,isotropic,1234,51.513561,-0.141000,51.514288,-0.150085,0.6338,15.6800
london_query_0EzKuKNIcxIWax_duM0EWw,london:23,london,edge,1234,51.513561,-0.141000,51.514288,-0.150085,0.6338,15.6800
london_query_0EzKuKNIcxIWax_duM0EWw,london:23,london,saliency,1234,51.513561,-0.141000,51.514288,-0.150085,0.6338,15.6800
manila_query_-cmAo9dkimIih2B7T4UHfg,manila:140,manila,clean,1234,14.654925,121.064346,14.588776,121.065878,7.3573,0.0000
manila_query_-cmAo9dkimIih2B7T4UHfg,manila:140,manila,isotropic,1234,14.649459,121.049667,14.588776,121.065878,6.9694,15.6800
manila_query_-cmAo9dkimIih2B7T4UHfg,manila:140,manila,edge,1234,14.654925,121.064346,14.588776,121.065878,7.3573,15.6800
manila_query_-cmAo9dkimIih2B7T4UHfg,manila:140,manila,saliency,1234,14.654925,121.064346,14.588776,121.065878,7.3573,15.6800
nairobi_query_4Scm9UylRL9Edyu3ZemB9A,nairobi:8,nairobi,clean,1234,-1.040897,36.741028,-1.277583,36.792592,26.9354,0.0000
nairobi_query_4Scm9UylRL9Edyu3ZemB9A,nairobi:8,nairobi,isotropic,1234,-1.040897,36.741028,-1.277583,36.792592,26.9354,15.6800
nairobi_query_4Scm9UylRL9Edyu3ZemB9A,nairobi:8,nairobi,edge,1234,-1.040897,36.741028,-1.277583,36.792592,26.9354,15.6800
nairobi_query_4Scm9UylRL9Edyu3ZemB9A,nairobi:8,nairobi,saliency,1234,-1.040897,36.741028,-1.277583,36.792592,26.9354,15.6800
toronto_query_-N8Ief4Q3CWSOSauaoVHkw,toronto:244,toronto,clean,1234,43.734653,-79.258255,43.732170,-79.330982,5.8499,0.0000
toronto_query_-N8Ief4Q3CWSOSauaoVHkw,toronto:244,toronto,isotropic,1234,43.765144,-79.382957,43.732170,-79.330982,5.5564,15.6800
toronto_query_-N8Ief4Q3CWSOSauaoVHkw,toronto:244,toronto,edge,1234,43.765144,-79.382957,43.732170,-79.330982,5.5564,15.6800
toronto_query_-N8Ief4Q3CWSOSauaoVHkw,toronto:244,toronto,saliency,1234,43.765144,-79.382957,43.732170,-79.330982,5.5564,15.6800
zurich_query_0yT0tESrImO18FH9C5STzg,zurich:42,zurich,clean,1234,50.074467,8.369318,47.409427,8.584394,296.7582,0.0000
zurich_query_0yT0tESrImO18FH9C5STzg,zurich:42,zurich,isotropic,1234,50.673504,9.764127,47.409427,8.584394,372.9831,15.6800
zurich_query_0yT0tESrImO18FH9C5STzg,zurich:42,zurich,edge,1234,50.074467,8.369318,47.409427,8.584394,296.7582,15.6800
zurich_query_0yT0tESrImO18FH9C5STzg,zurich:42,zurich,saliency,1234,48.103821,10.461130,47.409427,8.584394,160.1320,15.6800
amman_query_2pCCoWfi0AP_93cYLKD9sA,amman:1,amman,clean,1234,31.950705,35.927010,31.991647,35.830404,10.1866,0.0000
amman_query_2pCCoWfi0AP_93cYLKD9sA,amman:1,amman,isotropic,1234,31.944588,35.925636,31.991647,35.830404,10.3963,15.6800
amman_query_2pCCoWfi0AP_93cYLKD9sA,amman:1,amman,edge,1234,31.944588,35.925636,31.991647,35.830404,10.3963,15.6800
amman_query_2pCCoWfi0AP_93cYLKD9sA,amman:1,amman,saliency,1234,31.950705,35.927010,31.991647,35.830404,10.1866,15.6800
boston_query_-YNCuOIwfe745OWl27FQZQ,boston:249,boston,clean,1234,42.375690,-71.117867,42.347016,-71.161690,4.8095,0.0000
boston_query_-YNCuOIwfe745OWl27FQZQ,boston:249,boston,isotropic,1234,42.377083,-71.117943,42.347016,-71.161690,4.9089,15.6800
boston_query_-YNCuOIwfe745OWl27FQZQ,boston:249,boston,edge,1234,42.377457,-71.118362,42.347016,-71.161690,4.9122,15.6800
boston_query_-YNCuOIwfe745OWl27FQZQ,boston:249,boston,saliency,1234,42.375690,-71.117867,42.347016,-71.161690,4.8095,15.6800
cph_query_-XYLPst0OjYGoPVJKGP1aA,cph:33,cph,clean,1234,55.651272,12.549991,55.713122,12.563252,6.9275,0.0000
cph_query_-XYLPst0OjYGoPVJKGP1aA,cph:33,cph,isotropic,1234,55.651272,12.549991,55.713122,12.563252,6.9275,15.6800
cph_query_-XYLPst0OjYGoPVJKGP1aA,cph:33,cph,edge,1234,55.651272,12.549991,55.713122,12.563252,6.9275,15.6800
cph_query_-XYLPst0OjYGoPVJKGP1aA,cph:33,cph,saliency,1234,55.660458,12.543227,55.713122,12.563252,5.9890,15.6800
london_query_0IFxmIDIkGlB0FShcszAfw,london:129,london,clean,1234,51.507313,-0.174794,51.507311,-0.186611,0.8178,0.0000
london_query_0IFxmIDIkGlB0FShcszAfw,london:129,london,isotropic,1234,51.507313,-0.174794,51.507311,-0.186611,0.8178,15.6800
london_query_0IFxmIDIkGlB0FShcszAfw,london:129,london,edge,1234,51.507313,-0.174794,51.507311,-0.186611,0.8178,15.6800
london_query_0IFxmIDIkGlB0FShcszAfw,london:129,london,saliency,1234,51.507313,-0.174794,51.507311,-0.186611,0.8178,15.6800
manila_query_-dvVr_QHKim5_WyUsv_Z4A,manila:142,manila,clean,1234,14.274808,121.102959,14.549127,121.063777,30.7934,0.0000
manila_query_-dvVr_QHKim5_WyUsv_Z4A,manila:142,manila,isotropic,1234,14.274808,121.102959,14.549127,121.063777,30.7934,15.6800
manila_query_-dvVr_QHKim5_WyUsv_Z4A,manila:142,manila,edge,1234,14.274808,121.102959,14.549127,121.063777,30.7934,15.6800
manila_query_-dvVr_QHKim5_WyUsv_Z4A,manila:142,manila,saliency,1234,14.274808,121.102959,14.549127,121.063777,30.7934,15.6800
nairobi_query_4_8wDQ5TQuzz_jEJKVIl0Q,nairobi:20,nairobi,clean,1234,-1.309984,36.784973,-1.275739,36.888351,12.1066,0.0000
nairobi_query_4_8wDQ5TQuzz_jEJKVIl0Q,nairobi:20,nairobi,isotropic,1234,-1.315840,36.798191,-1.275739,36.888351,10.9699,15.6800
nairobi_query_4_8wDQ5TQuzz_jEJKVIl0Q,nairobi:20,nairobi,edge,1234,-1.040897,36.741028,-1.275739,36.888351,30.8245,15.6800
nairobi_query_4_8wDQ5TQuzz_jEJKVIl0Q,nairobi:20,nairobi,saliency,1234,-1.040897,36.741028,-1.275739,36.888351,30.8245,15.6800
toronto_query_-OZxhiQ5zPqGdSRrqUMKfQ,toronto:151,toronto,clean,1234,43.772816,-79.328339,43.750529,-79.375349,4.5160,0.0000
toronto_query_-OZxhiQ5zPqGdSRrqUMKfQ,toronto:151,toronto,isotropic,1234,43.632099,-81.123047,43.750529,-79.375349,141.1315,15.6800
toronto_query_-OZxhiQ5zPqGdSRrqUMKfQ,toronto:151,toronto,edge,1234,44.231670,-79.448135,43.750529,-79.375349,53.8164,15.6800
toronto_query_-OZxhiQ5zPqGdSRrqUMKfQ,toronto:151,toronto,saliency,1234,43.913815,-80.090752,43.750529,-79.375349,60.1882,15.6800
zurich_query_0zEmJXMA03W0EBFP74wRVQ,zurich:60,zurich,clean,1234,47.230877,8.950595,47.418900,8.436121,44.0541,0.0000
zurich_query_0zEmJXMA03W0EBFP74wRVQ,zurich:60,zurich,isotropic,1234,47.114826,8.412866,47.418900,8.436121,33.8570,15.6800
zurich_query_0zEmJXMA03W0EBFP74wRVQ,zurich:60,zurich,edge,1234,47.230877,8.950595,47.418900,8.436121,44.0541,15.6800
zurich_query_0zEmJXMA03W0EBFP74wRVQ,zurich:60,zurich,saliency,1234,46.983540,8.669541,47.418900,8.436121,51.5217,15.6800
amman_query_2pZlZDNh_3B-gECdtvklWQ,amman:29,amman,clean,1234,24.707031,46.675243,31.958628,35.853315,1329.8543,0.0000
amman_query_2pZlZDNh_3B-gECdtvklWQ,amman:29,amman,isotropic,1234,31.958780,35.916389,31.958628,35.853315,5.9506,15.6800
amman_query_2pZlZDNh_3B-gECdtvklWQ,amman:29,amman,edge,1234,31.958780,35.916389,31.958628,35.853315,5.9506,15.6800
amman_query_2pZlZDNh_3B-gECdtvklWQ,amman:29,amman,saliency,1234,22.593725,46.494141,31.958628,35.853315,1478.2498,15.6800
boston_query_-Zk-uQZzECPhvd8WV6mxhQ,boston:216,boston,clean,1234,39.774059,-86.167839,42.365703,-71.082873,1295.1194,0.0000
boston_query_-Zk-uQZzECPhvd8WV6mxhQ,boston:216,boston,isotropic,1234,42.361111,-71.090385,42.365703,-71.082873,0.8011,15.6800
boston_query_-Zk-uQZzECPhvd8WV6mxhQ,boston:216,boston,edge,1234,42.361332,-71.089165,42.365703,-71.082873,0.7095,15.6800
boston_query_-Zk-uQZzECPhvd8WV6mxhQ,boston:216,boston,saliency,1234,42.361073,-71.088547,42.365703,-71.082873,0.6945,15.6800
cph_query_-YjbrleIz5WKWE1Rmmo4fg,cph:279,cph,clean,1234,22.549263,120.318489,55.717856,12.628512,8991.6419,0.0000
cph_query_-YjbrleIz5WKWE1Rmmo4fg,cph:279,cph,isotropic,1234,41.237167,-8.671984,55.717856,12.628512,2231.2587,15.6800
cph_query_-YjbrleIz5WKWE1Rmmo4fg,cph:279,cph,edge,1234,37.952908,139.113327,55.717856,12.628512,8436.6796,15.6800
cph_query_-YjbrleIz5WKWE1Rmmo4fg,cph:279,cph,saliency,1234,32.693871,-16.774492,55.717856,12.628512,3420.8161,15.6800
london_query_0LQj6exgKdVQbIBlQAVcrw,london:73,london,clean,1234,51.532310,-0.105281,51.482004,-0.112250,5.6146,0.0000
london_query_0LQj6exgKdVQbIBlQAVcrw,london:73,london,isotropic,1234,51.532387,-0.099472,51.482004,-0.112250,5.6717,15.6800
london_query_0LQj6exgKdVQbIBlQAVcrw,london:73,london,edge,1234,51.532387,-0.099472,51.482004,-0.112250,5.6717,15.6800
london_query_0LQj6exgKdVQbIBlQAVcrw,london:73,london,saliency,1234,51.532387,-0.099472,51.482004,-0.112250,5.6717,15.6800
manila_query_-fizm8lmdD_ORe0_j5qnJQ,manila:6,manila,clean,1234,14.534320,120.979210,14.541267,120.988322,1.2484,0.0000
manila_query_-fizm8lmdD_ORe0_j5qnJQ,manila:6,manila,isotropic,1234,14.534320,120.979210,14.541267,120.988322,1.2484,15.6800
manila_query_-fizm8lmdD_ORe0_j5qnJQ,manila:6,manila,edge,1234,14.534320,120.979210,14.541267,120.988322,1.2484,15.6800
manila_query_-fizm8lmdD_ORe0_j5qnJQ,manila:6,manila,saliency,1234,14.534320,120.979210,14.541267,120.988322,1.2484,15.6800
nairobi_query_4otBu8pxIHc7lXwh66bqHQ,nairobi:2,nairobi,clean,1234,-24.690851,-53.755932,-1.365466,36.766553,9996.9096,0.0000
nairobi_query_4otBu8pxIHc7lXwh66bqHQ,nairobi:2,nairobi,isotropic,1234,-15.554298,-47.333340,-1.365466,36.766553,9334.8574,15.6800
nairobi_query_4otBu8pxIHc7lXwh66bqHQ,nairobi:2,nairobi,edge,1234,-27.383200,-55.899124,-1.365466,36.766553,10200.7872,15.6800
nairobi_query_4otBu8pxIHc7lXwh66bqHQ,nairobi:2,nairobi,saliency,1234,-15.554298,-47.333340,-1.365466,36.766553,9334.8574,15.6800
toronto_query_-Pkw8dqFfD76K-CZ7pnCVQ,toronto:258,toronto,clean,1234,43.772816,-79.328339,43.741560,-79.314642,3.6455,0.0000
toronto_query_-Pkw8dqFfD76K-CZ7pnCVQ,toronto:258,toronto,isotropic,1234,43.775585,-79.346054,43.741560,-79.314642,4.5474,15.6800
toronto_query_-Pkw8dqFfD76K-CZ7pnCVQ,toronto:258,toronto,edge,1234,43.772816,-79.328339,43.741560,-79.314642,3.6455,15.6800
toronto_query_-Pkw8dqFfD76K-CZ7pnCVQ,toronto:258,toronto,saliency,1234,43.775585,-79.346054,43.741560,-79.314642,4.5474,15.6800
zurich_query_1-8NWRY7HPTPq2lkQitPfw,zurich:103,zurich,clean,1234,45.561188,8.054190,47.385911,8.528439,206.1237,0.0000
zurich_query_1-8NWRY7HPTPq2lkQitPfw,zurich:103,zurich,isotropic,1234,47.207134,7.535183,47.385911,8.528439,77.4968,15.6800
zurich_query_1-8NWRY7HPTPq2lkQitPfw,zurich:103,zurich,edge,1234,45.561188,8.054190,47.385911,8.528439,206.1237,15.6800
zurich_query_1-8NWRY7HPTPq2lkQitPfw,zurich:103,zurich,saliency,1234,47.207134,7.535183,47.385911,8.528439,77.4968,15.6800
amman_query_2rTDzpKAZdmx5K2aSyos9w,amman:11,amman,clean,1234,32.025043,35.878407,32.029197,35.840228,3.6286,0.0000
amman_query_2rTDzpKAZdmx5K2aSyos9w,amman:11,amman,isotropic,1234,32.221226,35.552444,32.029197,35.840228,34.5018,15.6800
amman_query_2rTDzpKAZdmx5K2aSyos9w,amman:11,amman,edge,1234,37.902481,22.886782,32.029197,35.840228,1347.1486,15.6800
amman_query_2rTDzpKAZdmx5K2aSyos9w,amman:11,amman,saliency,1234,31.835630,35.549519,32.029197,35.840228,34.8694,15.6800
boston_query_-_69BJwJSLQGnzQD20QsOg,boston:27,boston,clean,1234,41.039661,-73.638550,42.319463,-71.117147,253.1608,0.0000
boston_query_-_69BJwJSLQGnzQD20QsOg,boston:27,boston,isotropic,1234,41.039661,-73.638550,42.319463,-71.117147,253.1608,15.6800
boston_query_-_69BJwJSLQGnzQD20QsOg,boston:27,boston,edge,1234,41.039661,-73.638550,42.319463,-71.117147,253.1608,15.6800
boston_query_-_69BJwJSLQGnzQD20QsOg,boston:27,boston,saliency,1234,41.039661,-73.638550,42.319463,-71.117147,253.1608,15.6800
cph_query_-YnFOjTmnQhpLwXt2EJ1QQ,cph:264,cph,clean,1234,58.100105,-68.417526,55.717748,12.619561,4625.1610,0.0000
cph_query_-YnFOjTmnQhpLwXt2EJ1QQ,cph:264,cph,isotropic,1234,58.100105,-68.417526,55.717748,12.619561,4625.1610,15.6800
cph_query_-YnFOjTmnQhpLwXt2EJ1QQ,cph:264,cph,edge,1234,58.100105,-68.417526,55.717748,12.619561,4625.1610,15.6800
cph_query_-YnFOjTmnQhpLwXt2EJ1QQ,cph:264,cph,saliency,1234,49.783665,18.257833,55.717748,12.619561,760.6088,15.6800
london_query_0M3fNwl2Fi82PVH3lDRsCg,london:34,london,clean,1234,51.556236,-0.178903,51.544903,-0.134523,3.3173,0.0000
london_query_0M3fNwl2Fi82PVH3lDRsCg,london:34,london,isotropic,1234,51.646698,-0.191960,51.544903,-0.134523,11.9943,15.6800
london_query_0M3fNwl2Fi82PVH3lDRsCg,london:34,london,edge,1234,51.490978,-0.194873,51.544903,-0.134523,7.3069,15.6800
london_query_0M3fNwl2Fi82PVH3lDRsCg,london:34,london,saliency,1234,51.466030,-0.219501,51.544903,-0.134523,10.5598,15.6800
manila_query_-hNuMbgiWK_ZPELfuWj5FQ,manila:89,manila,clean,1234,14.671822,120.934219,14.557313,121.039572,17.0476,0.0000
manila_query_-hNuMbgiWK_ZPELfuWj5FQ,manila:89,manila,isotropic,1234,14.609620,121.005890,14.557313,121.039572,6.8532,15.6800
manila_query_-hNuMbgiWK_ZPELfuWj5FQ,manila:89,manila,edge,1234,14.671822,120.934219,14.557313,121.039572,17.0476,15.6800
manila_query_-hNuMbgiWK_ZPELfuWj5FQ,manila:89,manila,saliency,1234,14.609620,121.005890,14.557313,121.039572,6.8532,15.6800
nairobi_query_5ISN1dRvjgJI9rd6GbusNQ,nairobi:3,nairobi,clean,1234,-1.272936,36.817932,-1.290143,36.773408,5.3065,0.0000
nairobi_query_5ISN1dRvjgJI9rd6GbusNQ,nairobi:3,nairobi,isotropic,1234,-1.040897,36.741028,-1.290143,36.773408,27.9477,15.6800
nairobi_query_5ISN1dRvjgJI9rd6GbusNQ,nairobi:3,nairobi,edge,1234,-1.272936,36.817932,-1.290143,36.773408,5.3065,15.6800
nairobi_query_5ISN1dRvjgJI9rd6GbusNQ,nairobi:3,nairobi,saliency,1234,-1.272936,36.817932,-1.290143,36.773408,5.3065,15.6800
toronto_query_-PuMS2UqNh7dbLLfWE37yg,toronto:273,toronto,clean,1234,43.045307,-87.891396,43.666244,-79.298147,697.8724,0.0000
toronto_query_-PuMS2UqNh7dbLLfWE37yg,toronto:273,toronto,isotropic,1234,43.633293,-79.385208,43.666244,-79.298147,7.9051,15.6800
toronto_query_-PuMS2UqNh7dbLLfWE37yg,toronto:273,toronto,edge,1234,43.620510,-79.378647,43.666244,-79.298147,8.2353,15.6800
toronto_query_-PuMS2UqNh7dbLLfWE37yg,toronto:273,toronto,saliency,1234,43.055611,-87.881180,43.666244,-79.298147,696.8808,15.6800
zurich_query_1-TXtjFv1nAkC2AZXfhuDg,zurich:23,zurich,clean,1234,47.230877,8.950595,47.398103,8.535191,36.4206,0.0000
zurich_query_1-TXtjFv1nAkC2AZXfhuDg,zurich:23,zurich,isotropic,1234,47.114826,8.412866,47.398103,8.535191,32.8240,15.6800
zurich_query_1-TXtjFv1nAkC2AZXfhuDg,zurich:23,zurich,edge,1234,47.391144,8.427801,47.398103,8.535191,8.1205,15.6800
zurich_query_1-TXtjFv1nAkC2AZXfhuDg,zurich:23,zurich,saliency,1234,47.230877,8.950595,47.398103,8.535191,36.4206,15.6800
