[ok] amman_query_-39Q9edqZUArYHa41OPDoQ direction seed=5678 gain=1.574 max|d|=25.18 (projection 16)
[ok] amman_query_-39Q9edqZUArYHa41OPDoQ direction_eot seed=5678 gain=1.262 max|d|=20.20 (projection 16)
[ok] amman_query_-39Q9edqZUArYHa41OPDoQ isotropic seed=5678 gain=7.784 max|d|=37.03 (no projection)
[ok] amman_query_-39Q9edqZUArYHa41OPDoQ direction seed=9012 gain=1.568 max|d|=25.09 (projection 16)
[ok] amman_query_-39Q9edqZUArYHa41OPDoQ direction_eot seed=9012 gain=1.198 max|d|=19.17 (projection 16)
[ok] amman_query_-39Q9edqZUArYHa41OPDoQ isotropic seed=9012 gain=7.788 max|d|=37.81 (no projection)
[ok] boston_query_--LUAhgqzqNM6FyWSJ-Dsw direction seed=5678 gain=1.571 max|d|=25.13 (projection 16)
[ok] boston_query_--LUAhgqzqNM6FyWSJ-Dsw direction_eot seed=5678 gain=1.247 max|d|=19.95 (projection 16)
[ok] boston_query_--LUAhgqzqNM6FyWSJ-Dsw isotropic seed=5678 gain=7.828 max|d|=36.14 (no projection)
[ok] boston_query_--LUAhgqzqNM6FyWSJ-Dsw direction seed=9012 gain=1.547 max|d|=24.76 (projection 16)
[ok] boston_query_--LUAhgqzqNM6FyWSJ-Dsw direction_eot seed=9012 gain=1.205 max|d|=19.28 (projection 16)
[ok] boston_query_--LUAhgqzqNM6FyWSJ-Dsw isotropic seed=9012 gain=7.806 max|d|=35.37 (no projection)
[ok] cph_query_--FyHVca3HP-QgUmcAvToA direction seed=5678 gain=1.582 max|d|=25.31 (projection 16)
[ok] cph_query_--FyHVca3HP-QgUmcAvToA direction_eot seed=5678 gain=1.261 max|d|=20.18 (projection 16)
[ok] cph_query_--FyHVca3HP-QgUmcAvToA isotropic seed=5678 gain=7.784 max|d|=38.59 (no projection)
[ok] cph_query_--FyHVca3HP-QgUmcAvToA direction seed=9012 gain=1.565 max|d|=25.03 (projection 16)
[ok] cph_query_--FyHVca3HP-QgUmcAvToA direction_eot seed=9012 gain=1.307 max|d|=20.91 (projection 16)
[ok] cph_query_--FyHVca3HP-QgUmcAvToA isotropic seed=9012 gain=7.782 max|d|=33.21 (no projection)
[ok] london_query_-0u7VsCOCAmwH4RFsN5BoA direction seed=5678 gain=1.500 max|d|=24.01 (projection 16)
[ok] london_query_-0u7VsCOCAmwH4RFsN5BoA direction_eot seed=5678 gain=1.173 max|d|=18.77 (projection 16)
[ok] london_query_-0u7VsCOCAmwH4RFsN5BoA isotropic seed=5678 gain=7.315 max|d|=35.56 (no projection)
[ok] london_query_-0u7VsCOCAmwH4RFsN5BoA direction seed=9012 gain=1.514 max|d|=24.22 (projection 16)
[ok] london_query_-0u7VsCOCAmwH4RFsN5BoA direction_eot seed=9012 gain=1.238 max|d|=19.80 (projection 16)
[ok] london_query_-0u7VsCOCAmwH4RFsN5BoA isotropic seed=9012 gain=8.063 max|d|=36.95 (no projection)
[ok] manila_query_-10kuZ2TqVxJ-YLQJl2uqA direction seed=5678 gain=1.418 max|d|=22.69 (projection 16)
[ok] manila_query_-10kuZ2TqVxJ-YLQJl2uqA direction_eot seed=5678 gain=1.140 max|d|=18.24 (projection 16)
[ok] manila_query_-10kuZ2TqVxJ-YLQJl2uqA isotropic seed=5678 gain=7.744 max|d|=40.51 (no projection)
[ok] manila_query_-10kuZ2TqVxJ-YLQJl2uqA direction seed=9012 gain=1.377 max|d|=22.04 (projection 16)
[ok] manila_query_-10kuZ2TqVxJ-YLQJl2uqA direction_eot seed=9012 gain=1.137 max|d|=18.19 (projection 16)
[ok] manila_query_-10kuZ2TqVxJ-YLQJl2uqA isotropic seed=9012 gain=7.753 max|d|=39.73 (no projection)
[ok] nairobi_query_-K4R8iYrz9LwQ7wia8JZtQ direction seed=5678 gain=1.521 max|d|=24.33 (projection 16)
[ok] nairobi_query_-K4R8iYrz9LwQ7wia8JZtQ direction_eot seed=5678 gain=1.233 max|d|=19.73 (projection 16)
[ok] nairobi_query_-K4R8iYrz9LwQ7wia8JZtQ isotropic seed=5678 gain=7.757 max|d|=38.02 (no projection)
[ok] nairobi_query_-K4R8iYrz9LwQ7wia8JZtQ direction seed=9012 gain=1.515 max|d|=24.24 (projection 16)
[ok] nairobi_query_-K4R8iYrz9LwQ7wia8JZtQ direction_eot seed=9012 gain=1.202 max|d|=19.23 (projection 16)
[ok] nairobi_query_-K4R8iYrz9LwQ7wia8JZtQ isotropic seed=9012 gain=7.743 max|d|=34.52 (no projection)
[ok] toronto_query_-1caqsIDW4YpUBZB98J9uV direction seed=5678 gain=1.560 max|d|=24.95 (projection 16)
[ok] toronto_query_-1caqsIDW4YpUBZB98J9uV direction_eot seed=5678 gain=1.195 max|d|=19.13 (projection 16)
[ok] toronto_query_-1caqsIDW4YpUBZB98J9uV isotropic seed=5678 gain=8.007 max|d|=41.72 (no projection)
[ok] toronto_query_-1caqsIDW4YpUBZB98J9uV direction seed=9012 gain=1.549 max|d|=24.78 (projection 16)
[ok] toronto_query_-1caqsIDW4YpUBZB98J9uV direction_eot seed=9012 gain=1.226 max|d|=19.62 (projection 16)
[ok] toronto_query_-1caqsIDW4YpUBZB98J9uV isotropic seed=9012 gain=7.713 max|d|=33.65 (no projection)
[ok] zurich_query_--RjvuIbkJiPNJknyeZN_Q direction seed=5678 gain=1.542 max|d|=24.67 (projection 16)
[ok] zurich_query_--RjvuIbkJiPNJknyeZN_Q direction_eot seed=5678 gain=1.197 max|d|=19.16 (projection 16)
[ok] zurich_query_--RjvuIbkJiPNJknyeZN_Q isotropic seed=5678 gain=7.769 max|d|=35.17 (no projection)
[ok] zurich_query_--RjvuIbkJiPNJknyeZN_Q direction seed=9012 gain=1.548 max|d|=24.77 (projection 16)
[ok] zurich_query_--RjvuIbkJiPNJknyeZN_Q direction_eot seed=9012 gain=1.225 max|d|=19.61 (projection 16)
[ok] zurich_query_--RjvuIbkJiPNJknyeZN_Q isotropic seed=9012 gain=7.767 max|d|=33.13 (no projection)
[ok] amman_query_-6eEB_fS2eePRNUql6vOrQ direction seed=5678 gain=1.445 max|d|=23.12 (projection 16)
[ok] amman_query_-6eEB_fS2eePRNUql6vOrQ direction_eot seed=5678 gain=1.173 max|d|=18.77 (projection 16)
[ok] amman_query_-6eEB_fS2eePRNUql6vOrQ isotropic seed=5678 gain=7.751 max|d|=35.61 (no projection)
[ok] amman_query_-6eEB_fS2eePRNUql6vOrQ direction seed=9012 gain=1.445 max|d|=23.11 (projection 16)
[ok] amman_query_-6eEB_fS2eePRNUql6vOrQ direction_eot seed=9012 gain=1.195 max|d|=19.13 (projection 16)
[ok] amman_query_-6eEB_fS2eePRNUql6vOrQ isotropic seed=9012 gain=7.738 max|d|=38.86 (no projection)
[ok] boston_query_--VtRctVkqAafFr5b_6GXg direction seed=5678 gain=1.498 max|d|=23.97 (projection 16)
[ok] boston_query_--VtRctVkqAafFr5b_6GXg direction_eot seed=5678 gain=1.178 max|d|=18.84 (projection 16)
[ok] boston_query_--VtRctVkqAafFr5b_6GXg isotropic seed=5678 gain=7.780 max|d|=35.80 (no projection)
[ok] boston_query_--VtRctVkqAafFr5b_6GXg direction seed=9012 gain=1.459 max|d|=23.34 (projection 16)
[ok] boston_query_--VtRctVkqAafFr5b_6GXg direction_eot seed=9012 gain=1.189 max|d|=19.03 (projection 16)
[ok] boston_query_--VtRctVkqAafFr5b_6GXg isotropic seed=9012 gain=7.786 max|d|=37.77 (no projection)
[ok] cph_query_--kN3Y3n0x47vWa8WX-a8w direction seed=5678 gain=1.525 max|d|=24.41 (projection 16)
[ok] cph_query_--kN3Y3n0x47vWa8WX-a8w direction_eot seed=5678 gain=1.207 max|d|=19.31 (projection 16)
[ok] cph_query_--kN3Y3n0x47vWa8WX-a8w isotropic seed=5678 gain=7.739 max|d|=40.29 (no projection)
[ok] cph_query_--kN3Y3n0x47vWa8WX-a8w direction seed=9012 gain=1.521 max|d|=24.34 (projection 16)
[ok] cph_query_--kN3Y3n0x47vWa8WX-a8w direction_eot seed=9012 gain=1.190 max|d|=19.04 (projection 16)
[ok] cph_query_--kN3Y3n0x47vWa8WX-a8w isotropic seed=9012 gain=7.760 max|d|=36.13 (no projection)
[ok] london_query_-4Vq2O1PhPmG6WK-yV402Q direction seed=5678 gain=1.533 max|d|=24.53 (projection 16)
[ok] london_query_-4Vq2O1PhPmG6WK-yV402Q direction_eot seed=5678 gain=1.241 max|d|=19.85 (projection 16)
[ok] london_query_-4Vq2O1PhPmG6WK-yV402Q isotropic seed=5678 gain=7.660 max|d|=34.50 (no projection)
[ok] london_query_-4Vq2O1PhPmG6WK-yV402Q direction seed=9012 gain=1.535 max|d|=24.56 (projection 16)
[ok] london_query_-4Vq2O1PhPmG6WK-yV402Q direction_eot seed=9012 gain=1.246 max|d|=19.93 (projection 16)
[ok] london_query_-4Vq2O1PhPmG6WK-yV402Q isotropic seed=9012 gain=7.986 max|d|=38.99 (no projection)
[ok] manila_query_-10rV9IlRhgTnk5e_QJbgA direction seed=5678 gain=1.582 max|d|=25.32 (projection 16)
[ok] manila_query_-10rV9IlRhgTnk5e_QJbgA direction_eot seed=5678 gain=1.264 max|d|=20.22 (projection 16)
[ok] manila_query_-10rV9IlRhgTnk5e_QJbgA isotropic seed=5678 gain=7.617 max|d|=38.43 (no projection)
[ok] manila_query_-10rV9IlRhgTnk5e_QJbgA direction seed=9012 gain=1.563 max|d|=25.01 (projection 16)
[ok] manila_query_-10rV9IlRhgTnk5e_QJbgA direction_eot seed=9012 gain=1.277 max|d|=20.43 (projection 16)
[ok] manila_query_-10rV9IlRhgTnk5e_QJbgA isotropic seed=9012 gain=8.186 max|d|=41.84 (no projection)
[ok] nairobi_query_-cS3FR1RBElNB48QQHiL0Q direction seed=5678 gain=1.559 max|d|=24.95 (projection 16)
[ok] nairobi_query_-cS3FR1RBElNB48QQHiL0Q direction_eot seed=5678 gain=1.255 max|d|=20.09 (projection 16)
[ok] nairobi_query_-cS3FR1RBElNB48QQHiL0Q isotropic seed=5678 gain=7.739 max|d|=34.69 (no projection)
[ok] nairobi_query_-cS3FR1RBElNB48QQHiL0Q direction seed=9012 gain=1.573 max|d|=25.17 (projection 16)
[ok] nairobi_query_-cS3FR1RBElNB48QQHiL0Q direction_eot seed=9012 gain=1.260 max|d|=20.16 (projection 16)
[ok] nairobi_query_-cS3FR1RBElNB48QQHiL0Q isotropic seed=9012 gain=7.742 max|d|=37.66 (no projection)
[ok] toronto_query_-3UT7A8bNUkVBgSLW30-ow direction seed=5678 gain=1.586 max|d|=25.37 (projection 16)
[ok] toronto_query_-3UT7A8bNUkVBgSLW30-ow direction_eot seed=5678 gain=1.267 max|d|=20.27 (projection 16)
[ok] toronto_query_-3UT7A8bNUkVBgSLW30-ow isotropic seed=5678 gain=7.740 max|d|=36.20 (no projection)
[ok] toronto_query_-3UT7A8bNUkVBgSLW30-ow direction seed=9012 gain=1.595 max|d|=25.52 (projection 16)
[ok] toronto_query_-3UT7A8bNUkVBgSLW30-ow direction_eot seed=9012 gain=1.250 max|d|=20.01 (projection 16)
[ok] toronto_query_-3UT7A8bNUkVBgSLW30-ow isotropic seed=9012 gain=8.019 max|d|=39.83 (no projection)
[ok] zurich_query_-25E3MQ0PY1vs_FT7mKaUw direction seed=5678 gain=1.539 max|d|=24.63 (projection 16)
[ok] zurich_query_-25E3MQ0PY1vs_FT7mKaUw direction_eot seed=5678 gain=1.238 max|d|=19.81 (projection 16)
[ok] zurich_query_-25E3MQ0PY1vs_FT7mKaUw isotropic seed=5678 gain=7.946 max|d|=35.67 (no projection)
[ok] zurich_query_-25E3MQ0PY1vs_FT7mKaUw direction seed=9012 gain=1.533 max|d|=24.53 (projection 16)
[ok] zurich_query_-25E3MQ0PY1vs_FT7mKaUw direction_eot seed=9012 gain=1.296 max|d|=20.73 (projection 16)
[ok] zurich_query_-25E3MQ0PY1vs_FT7mKaUw isotropic seed=9012 gain=7.945 max|d|=41.59 (no projection)
[ok] amman_query_-BJoV1t0rKwEzk0bsZplVQ direction seed=5678 gain=1.591 max|d|=25.46 (projection 16)
[ok] amman_query_-BJoV1t0rKwEzk0bsZplVQ direction_eot seed=5678 gain=1.297 max|d|=20.76 (projection 16)
[ok] amman_query_-BJoV1t0rKwEzk0bsZplVQ isotropic seed=5678 gain=7.772 max|d|=34.32 (no projection)
[ok] amman_query_-BJoV1t0rKwEzk0bsZplVQ direction seed=9012 gain=1.636 max|d|=26.18 (projection 16)
[ok] amman_query_-BJoV1t0rKwEzk0bsZplVQ direction_eot seed=9012 gain=1.263 max|d|=20.20 (projection 16)
[ok] amman_query_-BJoV1t0rKwEzk0bsZplVQ isotropic seed=9012 gain=7.739 max|d|=35.98 (no projection)
[ok] boston_query_-0n5FDAuOditKvxIekIbBg direction seed=5678 gain=1.640 max|d|=26.24 (projection 16)
[ok] boston_query_-0n5FDAuOditKvxIekIbBg direction_eot seed=5678 gain=1.320 max|d|=21.12 (projection 16)
[ok] boston_query_-0n5FDAuOditKvxIekIbBg isotropic seed=5678 gain=8.273 max|d|=39.98 (no projection)
[ok] boston_query_-0n5FDAuOditKvxIekIbBg direction seed=9012 gain=1.641 max|d|=26.25 (projection 16)
[ok] boston_query_-0n5FDAuOditKvxIekIbBg direction_eot seed=9012 gain=1.366 max|d|=21.86 (projection 16)
[ok] boston_query_-0n5FDAuOditKvxIekIbBg isotropic seed=9012 gain=8.242 max|d|=38.49 (no projection)
[ok] cph_query_--xKnCCc_4tDGo80iM-A_g direction seed=5678 gain=1.430 max|d|=22.87 (projection 16)
[ok] cph_query_--xKnCCc_4tDGo80iM-A_g direction_eot seed=5678 gain=1.176 max|d|=18.81 (projection 16)
[ok] cph_query_--xKnCCc_4tDGo80iM-A_g isotropic seed=5678 gain=7.819 max|d|=35.17 (no projection)
[ok] cph_query_--xKnCCc_4tDGo80iM-A_g direction seed=9012 gain=1.445 max|d|=23.12 (projection 16)
[ok] cph_query_--xKnCCc_4tDGo80iM-A_g direction_eot seed=9012 gain=1.222 max|d|=19.55 (projection 16)
[ok] cph_query_--xKnCCc_4tDGo80iM-A_g isotropic seed=9012 gain=7.834 max|d|=33.53 (no projection)
[ok] london_query_-4pmBOZmF-ynXSkWw5BAew direction seed=5678 gain=1.420 max|d|=22.72 (projection 16)
[ok] london_query_-4pmBOZmF-ynXSkWw5BAew direction_eot seed=5678 gain=1.154 max|d|=18.46 (projection 16)
[ok] london_query_-4pmBOZmF-ynXSkWw5BAew isotropic seed=5678 gain=8.107 max|d|=40.79 (no projection)
[ok] london_query_-4pmBOZmF-ynXSkWw5BAew direction seed=9012 gain=1.415 max|d|=22.64 (projection 16)
[ok] london_query_-4pmBOZmF-ynXSkWw5BAew direction_eot seed=9012 gain=1.130 max|d|=18.08 (projection 16)
[ok] london_query_-4pmBOZmF-ynXSkWw5BAew isotropic seed=9012 gain=8.105 max|d|=39.26 (no projection)
[ok] manila_query_-2h231ovohZWmrsaBllNyw direction seed=5678 gain=1.371 max|d|=21.93 (projection 16)
[ok] manila_query_-2h231ovohZWmrsaBllNyw direction_eot seed=5678 gain=1.127 max|d|=18.03 (projection 16)
[ok] manila_query_-2h231ovohZWmrsaBllNyw isotropic seed=5678 gain=7.839 max|d|=37.63 (no projection)
[ok] manila_query_-2h231ovohZWmrsaBllNyw direction seed=9012 gain=1.388 max|d|=22.21 (projection 16)
[ok] manila_query_-2h231ovohZWmrsaBllNyw direction_eot seed=9012 gain=1.124 max|d|=17.98 (projection 16)
[ok] manila_query_-2h231ovohZWmrsaBllNyw isotropic seed=9012 gain=7.868 max|d|=35.96 (no projection)
[ok] nairobi_query_-dn1KaWvGY9H5JRLNtaYPg direction seed=5678 gain=1.624 max|d|=25.99 (projection 16)
[ok] nairobi_query_-dn1KaWvGY9H5JRLNtaYPg direction_eot seed=5678 gain=1.245 max|d|=19.92 (projection 16)
[ok] nairobi_query_-dn1KaWvGY9H5JRLNtaYPg isotropic seed=5678 gain=8.103 max|d|=37.13 (no projection)
[ok] nairobi_query_-dn1KaWvGY9H5JRLNtaYPg direction seed=9012 gain=1.654 max|d|=26.46 (projection 16)
[ok] nairobi_query_-dn1KaWvGY9H5JRLNtaYPg direction_eot seed=9012 gain=1.238 max|d|=19.81 (projection 16)
[ok] nairobi_query_-dn1KaWvGY9H5JRLNtaYPg isotropic seed=9012 gain=8.099 max|d|=37.08 (no projection)
[ok] toronto_query_-4IVXvKV2D8brXjQPZ1GRA direction seed=5678 gain=1.426 max|d|=22.81 (projection 16)
[ok] toronto_query_-4IVXvKV2D8brXjQPZ1GRA direction_eot seed=5678 gain=1.176 max|d|=18.82 (projection 16)
[ok] toronto_query_-4IVXvKV2D8brXjQPZ1GRA isotropic seed=5678 gain=8.095 max|d|=37.72 (no projection)
[ok] toronto_query_-4IVXvKV2D8brXjQPZ1GRA direction seed=9012 gain=1.430 max|d|=22.89 (projection 16)
[ok] toronto_query_-4IVXvKV2D8brXjQPZ1GRA direction_eot seed=9012 gain=1.152 max|d|=18.43 (projection 16)
[ok] toronto_query_-4IVXvKV2D8brXjQPZ1GRA isotropic seed=9012 gain=8.139 max|d|=39.54 (no projection)
[ok] zurich_query_-4StYjY5sT1S23ls5heCbg direction seed=5678 gain=1.418 max|d|=22.68 (projection 16)
[ok] zurich_query_-4StYjY5sT1S23ls5heCbg direction_eot seed=5678 gain=1.131 max|d|=18.09 (projection 16)
[ok] zurich_query_-4StYjY5sT1S23ls5heCbg isotropic seed=5678 gain=7.803 max|d|=37.48 (no projection)
[ok] zurich_query_-4StYjY5sT1S23ls5heCbg direction seed=9012 gain=1.424 max|d|=22.79 (projection 16)
[ok] zurich_query_-4StYjY5sT1S23ls5heCbg direction_eot seed=9012 gain=1.145 max|d|=18.32 (projection 16)
[ok] zurich_query_-4StYjY5sT1S23ls5heCbg isotropic seed=9012 gain=8.027 max|d|=38.79 (no projection)
[ok] amman_query_-D0IlKF__f0c9DPAKbiYnw direction seed=5678 gain=1.631 max|d|=26.10 (projection 16)
[ok] amman_query_-D0IlKF__f0c9DPAKbiYnw direction_eot seed=5678 gain=1.400 max|d|=22.39 (projection 16)
[ok] amman_query_-D0IlKF__f0c9DPAKbiYnw isotropic seed=5678 gain=7.738 max|d|=38.31 (no projection)
[ok] amman_query_-D0IlKF__f0c9DPAKbiYnw direction seed=9012 gain=1.640 max|d|=26.24 (projection 16)
[ok] amman_query_-D0IlKF__f0c9DPAKbiYnw direction_eot seed=9012 gain=1.334 max|d|=21.35 (projection 16)
[ok] amman_query_-D0IlKF__f0c9DPAKbiYnw isotropic seed=9012 gain=7.787 max|d|=37.50 (no projection)
[ok] boston_query_-3hM-MR6uuw3se14vw3G0w direction seed=5678 gain=1.629 max|d|=26.07 (projection 16)
[ok] boston_query_-3hM-MR6uuw3se14vw3G0w direction_eot seed=5678 gain=1.288 max|d|=20.61 (projection 16)
[ok] boston_query_-3hM-MR6uuw3se14vw3G0w isotropic seed=5678 gain=7.827 max|d|=34.95 (no projection)
[ok] boston_query_-3hM-MR6uuw3se14vw3G0w direction seed=9012 gain=1.618 max|d|=25.89 (projection 16)
[ok] boston_query_-3hM-MR6uuw3se14vw3G0w direction_eot seed=9012 gain=1.325 max|d|=21.20 (projection 16)
[ok] boston_query_-3hM-MR6uuw3se14vw3G0w isotropic seed=9012 gain=6.884 max|d|=34.63 (no projection)
[ok] cph_query_-05vIhjxDNupFcgaM90L3w direction seed=5678 gain=1.447 max|d|=23.15 (projection 16)
[ok] cph_query_-05vIhjxDNupFcgaM90L3w direction_eot seed=5678 gain=1.184 max|d|=18.94 (projection 16)
[ok] cph_query_-05vIhjxDNupFcgaM90L3w isotropic seed=5678 gain=7.971 max|d|=38.04 (no projection)
[ok] cph_query_-05vIhjxDNupFcgaM90L3w direction seed=9012 gain=1.469 max|d|=23.51 (projection 16)
[ok] cph_query_-05vIhjxDNupFcgaM90L3w direction_eot seed=9012 gain=1.169 max|d|=18.70 (projection 16)
[ok] cph_query_-05vIhjxDNupFcgaM90L3w isotropic seed=9012 gain=7.945 max|d|=37.07 (no projection)
[ok] london_query_-5QOE2AlZX8rEz8ONtGRrg direction seed=5678 gain=1.588 max|d|=25.40 (projection 16)
[ok] london_query_-5QOE2AlZX8rEz8ONtGRrg direction_eot seed=5678 gain=1.267 max|d|=20.27 (projection 16)
[ok] london_query_-5QOE2AlZX8rEz8ONtGRrg isotropic seed=5678 gain=7.473 max|d|=36.55 (no projection)
[ok] london_query_-5QOE2AlZX8rEz8ONtGRrg direction seed=9012 gain=1.584 max|d|=25.34 (projection 16)
[ok] london_query_-5QOE2AlZX8rEz8ONtGRrg direction_eot seed=9012 gain=1.241 max|d|=19.85 (projection 16)
[ok] london_query_-5QOE2AlZX8rEz8ONtGRrg isotropic seed=9012 gain=7.835 max|d|=36.22 (no projection)
[ok] manila_query_-3H2xPWPOqn_dCF2Lz5EtQ direction seed=5678 gain=1.489 max|d|=23.82 (projection 16)
[ok] manila_query_-3H2xPWPOqn_dCF2Lz5EtQ direction_eot seed=5678 gain=1.170 max|d|=18.72 (projection 16)
[ok] manila_query_-3H2xPWPOqn_dCF2Lz5EtQ isotropic seed=5678 gain=7.934 max|d|=34.35 (no projection)
[ok] manila_query_-3H2xPWPOqn_dCF2Lz5EtQ direction seed=9012 gain=1.490 max|d|=23.83 (projection 16)
[ok] manila_query_-3H2xPWPOqn_dCF2Lz5EtQ direction_eot seed=9012 gain=1.187 max|d|=18.99 (projection 16)
[ok] manila_query_-3H2xPWPOqn_dCF2Lz5EtQ isotropic seed=9012 gain=7.991 max|d|=35.66 (no projection)
[ok] nairobi_query_-f7xKWoDFjaXHyTtnRqVKw direction seed=5678 gain=1.637 max|d|=26.20 (projection 16)
[ok] nairobi_query_-f7xKWoDFjaXHyTtnRqVKw direction_eot seed=5678 gain=1.350 max|d|=21.60 (projection 16)
[ok] nairobi_query_-f7xKWoDFjaXHyTtnRqVKw isotropic seed=5678 gain=7.854 max|d|=37.69 (no projection)
[ok] nairobi_query_-f7xKWoDFjaXHyTtnRqVKw direction seed=9012 gain=1.656 max|d|=26.50 (projection 16)
[ok] nairobi_query_-f7xKWoDFjaXHyTtnRqVKw direction_eot seed=9012 gain=1.296 max|d|=20.74 (projection 16)
[ok] nairobi_query_-f7xKWoDFjaXHyTtnRqVKw isotropic seed=9012 gain=7.858 max|d|=38.47 (no projection)
[ok] toronto_query_-4mlNvZUZnbmRaGbiIndoA direction seed=5678 gain=1.400 max|d|=22.40 (projection 16)
[ok] toronto_query_-4mlNvZUZnbmRaGbiIndoA direction_eot seed=5678 gain=1.162 max|d|=18.59 (projection 16)
[ok] toronto_query_-4mlNvZUZnbmRaGbiIndoA isotropic seed=5678 gain=7.953 max|d|=35.59 (no projection)
[ok] toronto_query_-4mlNvZUZnbmRaGbiIndoA direction seed=9012 gain=1.402 max|d|=22.43 (projection 16)
[ok] toronto_query_-4mlNvZUZnbmRaGbiIndoA direction_eot seed=9012 gain=1.179 max|d|=18.87 (projection 16)
[ok] toronto_query_-4mlNvZUZnbmRaGbiIndoA isotropic seed=9012 gain=7.950 max|d|=36.69 (no projection)
[ok] zurich_query_-71-BK_yAOJ1soK0OQWIcg direction seed=5678 gain=1.286 max|d|=20.57 (projection 16)
[ok] zurich_query_-71-BK_yAOJ1soK0OQWIcg direction_eot seed=5678 gain=1.082 max|d|=17.31 (projection 16)
[ok] zurich_query_-71-BK_yAOJ1soK0OQWIcg isotropic seed=5678 gain=7.796 max|d|=36.02 (no projection)
[ok] zurich_query_-71-BK_yAOJ1soK0OQWIcg direction seed=9012 gain=1.299 max|d|=20.78 (projection 16)
[ok] zurich_query_-71-BK_yAOJ1soK0OQWIcg direction_eot seed=9012 gain=1.097 max|d|=17.55 (projection 16)
[ok] zurich_query_-71-BK_yAOJ1soK0OQWIcg isotropic seed=9012 gain=7.826 max|d|=34.45 (no projection)
[ok] amman_query_-EAmCN9i5BGEadZIccXEyA direction seed=5678 gain=1.572 max|d|=25.15 (projection 16)
[ok] amman_query_-EAmCN9i5BGEadZIccXEyA direction_eot seed=5678 gain=1.204 max|d|=19.26 (projection 16)
[ok] amman_query_-EAmCN9i5BGEadZIccXEyA isotropic seed=5678 gain=7.788 max|d|=36.28 (no projection)
[ok] amman_query_-EAmCN9i5BGEadZIccXEyA direction seed=9012 gain=1.564 max|d|=25.02 (projection 16)
[ok] amman_query_-EAmCN9i5BGEadZIccXEyA direction_eot seed=9012 gain=1.241 max|d|=19.85 (projection 16)
[ok] amman_query_-EAmCN9i5BGEadZIccXEyA isotropic seed=9012 gain=7.795 max|d|=34.86 (no projection)
[ok] boston_query_-4vuSn0vvcBVOccgQqFlow direction seed=5678 gain=1.453 max|d|=23.25 (projection 16)
[ok] boston_query_-4vuSn0vvcBVOccgQqFlow direction_eot seed=5678 gain=1.137 max|d|=18.19 (projection 16)
[ok] boston_query_-4vuSn0vvcBVOccgQqFlow isotropic seed=5678 gain=7.605 max|d|=34.38 (no projection)
[ok] boston_query_-4vuSn0vvcBVOccgQqFlow direction seed=9012 gain=1.431 max|d|=22.90 (projection 16)
[ok] boston_query_-4vuSn0vvcBVOccgQqFlow direction_eot seed=9012 gain=1.135 max|d|=18.16 (projection 16)
[ok] boston_query_-4vuSn0vvcBVOccgQqFlow isotropic seed=9012 gain=7.787 max|d|=37.02 (no projection)
[ok] cph_query_-07-gME-zaQLhCsFrSInSg direction seed=5678 gain=1.587 max|d|=25.40 (projection 16)
[ok] cph_query_-07-gME-zaQLhCsFrSInSg direction_eot seed=5678 gain=1.294 max|d|=20.70 (projection 16)
[ok] cph_query_-07-gME-zaQLhCsFrSInSg isotropic seed=5678 gain=8.000 max|d|=35.27 (no projection)
[ok] cph_query_-07-gME-zaQLhCsFrSInSg direction seed=9012 gain=1.584 max|d|=25.35 (projection 16)
[ok] cph_query_-07-gME-zaQLhCsFrSInSg direction_eot seed=9012 gain=1.259 max|d|=20.15 (projection 16)
[ok] cph_query_-07-gME-zaQLhCsFrSInSg isotropic seed=9012 gain=7.994 max|d|=35.37 (no projection)
[ok] london_query_-7U9wY8ynnu3oZ1g_-0xww direction seed=5678 gain=1.469 max|d|=23.51 (projection 16)
[ok] london_query_-7U9wY8ynnu3oZ1g_-0xww direction_eot seed=5678 gain=1.157 max|d|=18.51 (projection 16)
[ok] london_query_-7U9wY8ynnu3oZ1g_-0xww isotropic seed=5678 gain=7.939 max|d|=36.37 (no projection)
[ok] london_query_-7U9wY8ynnu3oZ1g_-0xww direction seed=9012 gain=1.461 max|d|=23.38 (projection 16)
[ok] london_query_-7U9wY8ynnu3oZ1g_-0xww direction_eot seed=9012 gain=1.192 max|d|=19.08 (projection 16)
[ok] london_query_-7U9wY8ynnu3oZ1g_-0xww isotropic seed=9012 gain=7.960 max|d|=34.35 (no projection)
[ok] manila_query_-5pMypBbFEXHPOTYNJl_EA direction seed=5678 gain=1.548 max|d|=24.77 (projection 16)
[ok] manila_query_-5pMypBbFEXHPOTYNJl_EA direction_eot seed=5678 gain=1.211 max|d|=19.37 (projection 16)
[ok] manila_query_-5pMypBbFEXHPOTYNJl_EA isotropic seed=5678 gain=8.066 max|d|=37.30 (no projection)
[ok] manila_query_-5pMypBbFEXHPOTYNJl_EA direction seed=9012 gain=1.533 max|d|=24.53 (projection 16)
[ok] manila_query_-5pMypBbFEXHPOTYNJl_EA direction_eot seed=9012 gain=1.245 max|d|=19.93 (projection 16)
[ok] manila_query_-5pMypBbFEXHPOTYNJl_EA isotropic seed=9012 gain=8.053 max|d|=37.70 (no projection)
[ok] nairobi_query_-rWgRitoKSYrdczUKUiOrA direction seed=5678 gain=1.637 max|d|=26.19 (projection 16)
[ok] nairobi_query_-rWgRitoKSYrdczUKUiOrA direction_eot seed=5678 gain=1.165 max|d|=18.64 (projection 16)
[ok] nairobi_query_-rWgRitoKSYrdczUKUiOrA isotropic seed=5678 gain=7.804 max|d|=37.45 (no projection)
[ok] nairobi_query_-rWgRitoKSYrdczUKUiOrA direction seed=9012 gain=1.615 max|d|=25.83 (projection 16)
[ok] nairobi_query_-rWgRitoKSYrdczUKUiOrA direction_eot seed=9012 gain=1.209 max|d|=19.35 (projection 16)
[ok] nairobi_query_-rWgRitoKSYrdczUKUiOrA isotropic seed=9012 gain=7.808 max|d|=35.39 (no projection)
[ok] toronto_query_-5HBlqC41yTbYA1NM7dz1A direction seed=5678 gain=1.414 max|d|=22.63 (projection 16)
[ok] toronto_query_-5HBlqC41yTbYA1NM7dz1A direction_eot seed=5678 gain=1.150 max|d|=18.41 (projection 16)
[ok] toronto_query_-5HBlqC41yTbYA1NM7dz1A isotropic seed=5678 gain=7.968 max|d|=37.29 (no projection)
[ok] toronto_query_-5HBlqC41yTbYA1NM7dz1A direction seed=9012 gain=1.408 max|d|=22.53 (projection 16)
[ok] toronto_query_-5HBlqC41yTbYA1NM7dz1A direction_eot seed=9012 gain=1.160 max|d|=18.56 (projection 16)
[ok] toronto_query_-5HBlqC41yTbYA1NM7dz1A isotropic seed=9012 gain=7.950 max|d|=35.19 (no projection)
[ok] zurich_query_-7bB9HS2MqV7UT7vRyROfg direction seed=5678 gain=1.609 max|d|=25.74 (projection 16)
[ok] zurich_query_-7bB9HS2MqV7UT7vRyROfg direction_eot seed=5678 gain=1.290 max|d|=20.64 (projection 16)
[ok] zurich_query_-7bB9HS2MqV7UT7vRyROfg isotropic seed=5678 gain=7.843 max|d|=35.66 (no projection)
[ok] zurich_query_-7bB9HS2MqV7UT7vRyROfg direction seed=9012 gain=1.606 max|d|=25.70 (projection 16)
[ok] zurich_query_-7bB9HS2MqV7UT7vRyROfg direction_eot seed=9012 gain=1.310 max|d|=20.96 (projection 16)
[ok] zurich_query_-7bB9HS2MqV7UT7vRyROfg isotropic seed=9012 gain=7.847 max|d|=38.15 (no projection)
[ok] amman_query_-L_vanPrT4RcWlLbzCqMKA direction seed=5678 gain=1.455 max|d|=23.28 (projection 16)
[ok] amman_query_-L_vanPrT4RcWlLbzCqMKA direction_eot seed=5678 gain=1.201 max|d|=19.21 (projection 16)
[ok] amman_query_-L_vanPrT4RcWlLbzCqMKA isotropic seed=5678 gain=7.782 max|d|=37.01 (no projection)
[ok] amman_query_-L_vanPrT4RcWlLbzCqMKA direction seed=9012 gain=1.453 max|d|=23.25 (projection 16)
[ok] amman_query_-L_vanPrT4RcWlLbzCqMKA direction_eot seed=9012 gain=1.163 max|d|=18.61 (projection 16)
[ok] amman_query_-L_vanPrT4RcWlLbzCqMKA isotropic seed=9012 gain=7.801 max|d|=37.41 (no projection)
[ok] boston_query_-5-CNr3q7kmRGcDSMueI4w direction seed=5678 gain=1.426 max|d|=22.82 (projection 16)
[ok] boston_query_-5-CNr3q7kmRGcDSMueI4w direction_eot seed=5678 gain=1.202 max|d|=19.24 (projection 16)
[ok] boston_query_-5-CNr3q7kmRGcDSMueI4w isotropic seed=5678 gain=7.762 max|d|=39.90 (no projection)
[ok] boston_query_-5-CNr3q7kmRGcDSMueI4w direction seed=9012 gain=1.459 max|d|=23.35 (projection 16)
[ok] boston_query_-5-CNr3q7kmRGcDSMueI4w direction_eot seed=9012 gain=1.216 max|d|=19.45 (projection 16)
[ok] boston_query_-5-CNr3q7kmRGcDSMueI4w isotropic seed=9012 gain=7.795 max|d|=33.89 (no projection)
[ok] cph_query_-0_HsZnndjHv76QpTyNFCA direction seed=5678 gain=1.406 max|d|=22.49 (projection 16)
[ok] cph_query_-0_HsZnndjHv76QpTyNFCA direction_eot seed=5678 gain=1.137 max|d|=18.18 (projection 16)
[ok] cph_query_-0_HsZnndjHv76QpTyNFCA isotropic seed=5678 gain=7.759 max|d|=33.37 (no projection)
[ok] cph_query_-0_HsZnndjHv76QpTyNFCA direction seed=9012 gain=1.401 max|d|=22.41 (projection 16)
[ok] cph_query_-0_HsZnndjHv76QpTyNFCA direction_eot seed=9012 gain=1.181 max|d|=18.90 (projection 16)
[ok] cph_query_-0_HsZnndjHv76QpTyNFCA isotropic seed=9012 gain=7.796 max|d|=36.13 (no projection)
[ok] london_query_-7cNAk24ZhuoOowcvDoImw direction seed=5678 gain=1.623 max|d|=25.96 (projection 16)
[ok] london_query_-7cNAk24ZhuoOowcvDoImw direction_eot seed=5678 gain=1.263 max|d|=20.21 (projection 16)
[ok] london_query_-7cNAk24ZhuoOowcvDoImw isotropic seed=5678 gain=7.717 max|d|=35.57 (no projection)
[ok] london_query_-7cNAk24ZhuoOowcvDoImw direction seed=9012 gain=1.620 max|d|=25.91 (projection 16)
[ok] london_query_-7cNAk24ZhuoOowcvDoImw direction_eot seed=9012 gain=1.244 max|d|=19.90 (projection 16)
[ok] london_query_-7cNAk24ZhuoOowcvDoImw isotropic seed=9012 gain=7.967 max|d|=37.70 (no projection)
[ok] manila_query_-6NSbTuzpeyDbSXKeGAasg direction seed=5678 gain=1.504 max|d|=24.07 (projection 16)
[ok] manila_query_-6NSbTuzpeyDbSXKeGAasg direction_eot seed=5678 gain=1.222 max|d|=19.55 (projection 16)
[ok] manila_query_-6NSbTuzpeyDbSXKeGAasg isotropic seed=5678 gain=7.818 max|d|=38.83 (no projection)
[ok] manila_query_-6NSbTuzpeyDbSXKeGAasg direction seed=9012 gain=1.511 max|d|=24.18 (projection 16)
[ok] manila_query_-6NSbTuzpeyDbSXKeGAasg direction_eot seed=9012 gain=1.226 max|d|=19.61 (projection 16)
[ok] manila_query_-6NSbTuzpeyDbSXKeGAasg isotropic seed=9012 gain=7.780 max|d|=33.73 (no projection)
[ok] nairobi_query_-yxXz3in11JFniZQAa7m2A direction seed=5678 gain=1.569 max|d|=25.11 (projection 16)
[ok] nairobi_query_-yxXz3in11JFniZQAa7m2A direction_eot seed=5678 gain=1.219 max|d|=19.50 (projection 16)
[ok] nairobi_query_-yxXz3in11JFniZQAa7m2A isotropic seed=5678 gain=8.072 max|d|=36.22 (no projection)
[ok] nairobi_query_-yxXz3in11JFniZQAa7m2A direction seed=9012 gain=1.565 max|d|=25.04 (projection 16)
[ok] nairobi_query_-yxXz3in11JFniZQAa7m2A direction_eot seed=9012 gain=1.245 max|d|=19.92 (projection 16)
[ok] nairobi_query_-yxXz3in11JFniZQAa7m2A isotropic seed=9012 gain=8.092 max|d|=38.78 (no projection)
[ok] toronto_query_-5RKNbex7In9Ys4mH40wXA direction seed=5678 gain=1.459 max|d|=23.35 (projection 16)
[ok] toronto_query_-5RKNbex7In9Ys4mH40wXA direction_eot seed=5678 gain=1.182 max|d|=18.91 (projection 16)
[ok] toronto_query_-5RKNbex7In9Ys4mH40wXA isotropic seed=5678 gain=8.213 max|d|=42.16 (no projection)
[ok] toronto_query_-5RKNbex7In9Ys4mH40wXA direction seed=9012 gain=1.484 max|d|=23.74 (projection 16)
[ok] toronto_query_-5RKNbex7In9Ys4mH40wXA direction_eot seed=9012 gain=1.218 max|d|=19.49 (projection 16)
[ok] toronto_query_-5RKNbex7In9Ys4mH40wXA isotropic seed=9012 gain=8.193 max|d|=39.20 (no projection)
[ok] zurich_query_-ANYzSHAsjItBx6yJauT3A direction seed=5678 gain=1.496 max|d|=23.93 (projection 16)
[ok] zurich_query_-ANYzSHAsjItBx6yJauT3A direction_eot seed=5678 gain=1.180 max|d|=18.87 (projection 16)
[ok] zurich_query_-ANYzSHAsjItBx6yJauT3A isotropic seed=5678 gain=7.339 max|d|=34.84 (no projection)
[ok] zurich_query_-ANYzSHAsjItBx6yJauT3A direction seed=9012 gain=1.499 max|d|=23.98 (projection 16)
[ok] zurich_query_-ANYzSHAsjItBx6yJauT3A direction_eot seed=9012 gain=1.187 max|d|=18.99 (projection 16)
[ok] zurich_query_-ANYzSHAsjItBx6yJauT3A isotropic seed=9012 gain=7.986 max|d|=36.78 (no projection)
[ok] amman_query_-MUBUlzvFxQS_zFg6xNhVg direction seed=5678 gain=1.537 max|d|=24.59 (projection 16)
[ok] amman_query_-MUBUlzvFxQS_zFg6xNhVg direction_eot seed=5678 gain=1.276 max|d|=20.42 (projection 16)
[ok] amman_query_-MUBUlzvFxQS_zFg6xNhVg isotropic seed=5678 gain=7.809 max|d|=38.37 (no projection)
[ok] amman_query_-MUBUlzvFxQS_zFg6xNhVg direction seed=9012 gain=1.540 max|d|=24.64 (projection 16)
[ok] amman_query_-MUBUlzvFxQS_zFg6xNhVg direction_eot seed=9012 gain=1.276 max|d|=20.42 (projection 16)
[ok] amman_query_-MUBUlzvFxQS_zFg6xNhVg isotropic seed=9012 gain=7.807 max|d|=33.94 (no projection)
[ok] boston_query_-6RLrPXAeunQaNK6m645ZA direction seed=5678 gain=1.457 max|d|=23.32 (projection 16)
[ok] boston_query_-6RLrPXAeunQaNK6m645ZA direction_eot seed=5678 gain=1.166 max|d|=18.66 (projection 16)
[ok] boston_query_-6RLrPXAeunQaNK6m645ZA isotropic seed=5678 gain=7.871 max|d|=41.07 (no projection)
[ok] boston_query_-6RLrPXAeunQaNK6m645ZA direction seed=9012 gain=1.441 max|d|=23.06 (projection 16)
[ok] boston_query_-6RLrPXAeunQaNK6m645ZA direction_eot seed=9012 gain=1.157 max|d|=18.52 (projection 16)
[ok] boston_query_-6RLrPXAeunQaNK6m645ZA isotropic seed=9012 gain=7.865 max|d|=34.31 (no projection)
[ok] cph_query_-2N5Dmf5tOm5N83KXgvjDw direction seed=5678 gain=1.485 max|d|=23.77 (projection 16)
[ok] cph_query_-2N5Dmf5tOm5N83KXgvjDw direction_eot seed=5678 gain=1.173 max|d|=18.77 (projection 16)
[ok] cph_query_-2N5Dmf5tOm5N83KXgvjDw isotropic seed=5678 gain=8.190 max|d|=38.11 (no projection)
[ok] cph_query_-2N5Dmf5tOm5N83KXgvjDw direction seed=9012 gain=1.488 max|d|=23.80 (projection 16)
[ok] cph_query_-2N5Dmf5tOm5N83KXgvjDw direction_eot seed=9012 gain=1.165 max|d|=18.64 (projection 16)
[ok] cph_query_-2N5Dmf5tOm5N83KXgvjDw isotropic seed=9012 gain=8.156 max|d|=35.95 (no projection)
[ok] london_query_-8xWvI5d3Z6gfsRDb_kEQQ direction seed=5678 gain=1.425 max|d|=22.80 (projection 16)
[ok] london_query_-8xWvI5d3Z6gfsRDb_kEQQ direction_eot seed=5678 gain=1.159 max|d|=18.55 (projection 16)
[ok] london_query_-8xWvI5d3Z6gfsRDb_kEQQ isotropic seed=5678 gain=8.011 max|d|=39.14 (no projection)
[ok] london_query_-8xWvI5d3Z6gfsRDb_kEQQ direction seed=9012 gain=1.423 max|d|=22.76 (projection 16)
[ok] london_query_-8xWvI5d3Z6gfsRDb_kEQQ direction_eot seed=9012 gain=1.100 max|d|=17.61 (projection 16)
[ok] london_query_-8xWvI5d3Z6gfsRDb_kEQQ isotropic seed=9012 gain=8.012 max|d|=36.64 (no projection)
[ok] manila_query_-6_2C-ExaVhx4ONvHOvffw direction seed=5678 gain=1.416 max|d|=22.66 (projection 16)
[ok] manila_query_-6_2C-ExaVhx4ONvHOvffw direction_eot seed=5678 gain=1.122 max|d|=17.95 (projection 16)
[ok] manila_query_-6_2C-ExaVhx4ONvHOvffw isotropic seed=5678 gain=8.000 max|d|=37.09 (no projection)
[ok] manila_query_-6_2C-ExaVhx4ONvHOvffw direction seed=9012 gain=1.426 max|d|=22.81 (projection 16)
[ok] manila_query_-6_2C-ExaVhx4ONvHOvffw direction_eot seed=9012 gain=1.131 max|d|=18.09 (projection 16)
[ok] manila_query_-6_2C-ExaVhx4ONvHOvffw isotropic seed=9012 gain=7.974 max|d|=36.61 (no projection)
[ok] nairobi_query_0-ZdPdUGwVdDwKbIOxQCBA direction seed=5678 gain=1.620 max|d|=25.92 (projection 16)
[ok] nairobi_query_0-ZdPdUGwVdDwKbIOxQCBA direction_eot seed=5678 gain=1.274 max|d|=20.39 (projection 16)
[ok] nairobi_query_0-ZdPdUGwVdDwKbIOxQCBA isotropic seed=5678 gain=7.821 max|d|=36.53 (no projection)
[ok] nairobi_query_0-ZdPdUGwVdDwKbIOxQCBA direction seed=9012 gain=1.623 max|d|=25.96 (projection 16)
[ok] nairobi_query_0-ZdPdUGwVdDwKbIOxQCBA direction_eot seed=9012 gain=1.293 max|d|=20.69 (projection 16)
[ok] nairobi_query_0-ZdPdUGwVdDwKbIOxQCBA isotropic seed=9012 gain=7.830 max|d|=36.76 (no projection)
[ok] toronto_query_-5ryd5v5eXUsmP9y4p6w_g direction seed=5678 gain=1.568 max|d|=25.09 (projection 16)
[ok] toronto_query_-5ryd5v5eXUsmP9y4p6w_g direction_eot seed=5678 gain=1.248 max|d|=19.97 (projection 16)
[ok] toronto_query_-5ryd5v5eXUsmP9y4p6w_g isotropic seed=5678 gain=7.778 max|d|=36.59 (no projection)
[ok] toronto_query_-5ryd5v5eXUsmP9y4p6w_g direction seed=9012 gain=1.557 max|d|=24.90 (projection 16)
[ok] toronto_query_-5ryd5v5eXUsmP9y4p6w_g direction_eot seed=9012 gain=1.227 max|d|=19.64 (projection 16)
[ok] toronto_query_-5ryd5v5eXUsmP9y4p6w_g isotropic seed=9012 gain=7.756 max|d|=40.01 (no projection)
[ok] zurich_query_-Bz7by7mnVU_HZbXc8FmpQ direction seed=5678 gain=1.475 max|d|=23.60 (projection 16)
[ok] zurich_query_-Bz7by7mnVU_HZbXc8FmpQ direction_eot seed=5678 gain=1.213 max|d|=19.40 (projection 16)
[ok] zurich_query_-Bz7by7mnVU_HZbXc8FmpQ isotropic seed=5678 gain=7.759 max|d|=35.61 (no projection)
[ok] zurich_query_-Bz7by7mnVU_HZbXc8FmpQ direction seed=9012 gain=1.480 max|d|=23.69 (projection 16)
[ok] zurich_query_-Bz7by7mnVU_HZbXc8FmpQ direction_eot seed=9012 gain=1.192 max|d|=19.08 (projection 16)
[ok] zurich_query_-Bz7by7mnVU_HZbXc8FmpQ isotropic seed=9012 gain=7.751 max|d|=36.79 (no projection)
[ok] amman_query_-N1g8CEJP4UIaWH8Qqja2g direction seed=5678 gain=1.516 max|d|=24.26 (projection 16)
[ok] amman_query_-N1g8CEJP4UIaWH8Qqja2g direction_eot seed=5678 gain=1.231 max|d|=19.69 (projection 16)
[ok] amman_query_-N1g8CEJP4UIaWH8Qqja2g isotropic seed=5678 gain=7.786 max|d|=39.22 (no projection)
[ok] amman_query_-N1g8CEJP4UIaWH8Qqja2g direction seed=9012 gain=1.502 max|d|=24.04 (projection 16)
[ok] amman_query_-N1g8CEJP4UIaWH8Qqja2g direction_eot seed=9012 gain=1.237 max|d|=19.79 (projection 16)
[ok] amman_query_-N1g8CEJP4UIaWH8Qqja2g isotropic seed=9012 gain=7.795 max|d|=34.31 (no projection)
[ok] boston_query_-7KZUz5u8-7ja98pf8etVA direction seed=5678 gain=1.573 max|d|=25.17 (projection 16)
[ok] boston_query_-7KZUz5u8-7ja98pf8etVA direction_eot seed=5678 gain=1.225 max|d|=19.60 (projection 16)
[ok] boston_query_-7KZUz5u8-7ja98pf8etVA isotropic seed=5678 gain=7.885 max|d|=37.56 (no projection)
[ok] boston_query_-7KZUz5u8-7ja98pf8etVA direction seed=9012 gain=1.598 max|d|=25.56 (projection 16)
[ok] boston_query_-7KZUz5u8-7ja98pf8etVA direction_eot seed=9012 gain=1.215 max|d|=19.44 (projection 16)
[ok] boston_query_-7KZUz5u8-7ja98pf8etVA isotropic seed=9012 gain=7.869 max|d|=36.03 (no projection)
[ok] cph_query_-3uNzD-M1uI2jZeGqOkpXg direction seed=5678 gain=1.567 max|d|=25.07 (projection 16)
[ok] cph_query_-3uNzD-M1uI2jZeGqOkpXg direction_eot seed=5678 gain=1.247 max|d|=19.95 (projection 16)
[ok] cph_query_-3uNzD-M1uI2jZeGqOkpXg isotropic seed=5678 gain=7.761 max|d|=37.10 (no projection)
[ok] cph_query_-3uNzD-M1uI2jZeGqOkpXg direction seed=9012 gain=1.599 max|d|=25.58 (projection 16)
[ok] cph_query_-3uNzD-M1uI2jZeGqOkpXg direction_eot seed=9012 gain=1.246 max|d|=19.94 (projection 16)
[ok] cph_query_-3uNzD-M1uI2jZeGqOkpXg isotropic seed=9012 gain=7.765 max|d|=36.80 (no projection)
[ok] london_query_-9FGszdwftnBlzMuP0c_NQ direction seed=5678 gain=1.441 max|d|=23.06 (projection 16)
[ok] london_query_-9FGszdwftnBlzMuP0c_NQ direction_eot seed=5678 gain=1.162 max|d|=18.59 (projection 16)
[ok] london_query_-9FGszdwftnBlzMuP0c_NQ isotropic seed=5678 gain=7.775 max|d|=33.20 (no projection)
[ok] london_query_-9FGszdwftnBlzMuP0c_NQ direction seed=9012 gain=1.474 max|d|=23.58 (projection 16)
[ok] london_query_-9FGszdwftnBlzMuP0c_NQ direction_eot seed=9012 gain=1.149 max|d|=18.39 (projection 16)
[ok] london_query_-9FGszdwftnBlzMuP0c_NQ isotropic seed=9012 gain=7.789 max|d|=35.57 (no projection)
[ok] manila_query_-6_XaKv0Rrp2Jl0G9m_8NQ direction seed=5678 gain=1.476 max|d|=23.62 (projection 16)
[ok] manila_query_-6_XaKv0Rrp2Jl0G9m_8NQ direction_eot seed=5678 gain=1.224 max|d|=19.58 (projection 16)
[ok] manila_query_-6_XaKv0Rrp2Jl0G9m_8NQ isotropic seed=5678 gain=7.789 max|d|=35.79 (no projection)
[ok] manila_query_-6_XaKv0Rrp2Jl0G9m_8NQ direction seed=9012 gain=1.484 max|d|=23.74 (projection 16)
[ok] manila_query_-6_XaKv0Rrp2Jl0G9m_8NQ direction_eot seed=9012 gain=1.227 max|d|=19.63 (projection 16)
[ok] manila_query_-6_XaKv0Rrp2Jl0G9m_8NQ isotropic seed=9012 gain=7.776 max|d|=34.66 (no projection)
[ok] nairobi_query_01juXwMfxX_a4pfhpqt66g direction seed=5678 gain=1.639 max|d|=26.23 (projection 16)
[ok] nairobi_query_01juXwMfxX_a4pfhpqt66g direction_eot seed=5678 gain=1.321 max|d|=21.14 (projection 16)
[ok] nairobi_query_01juXwMfxX_a4pfhpqt66g isotropic seed=5678 gain=7.986 max|d|=38.92 (no projection)
[ok] nairobi_query_01juXwMfxX_a4pfhpqt66g direction seed=9012 gain=1.659 max|d|=26.54 (projection 16)
[ok] nairobi_query_01juXwMfxX_a4pfhpqt66g direction_eot seed=9012 gain=1.322 max|d|=21.15 (projection 16)
[ok] nairobi_query_01juXwMfxX_a4pfhpqt66g isotropic seed=9012 gain=7.961 max|d|=35.13 (no projection)
[ok] toronto_query_-5z50PgNYnxK8Ns2WmF_TQ direction seed=5678 gain=1.559 max|d|=24.95 (projection 16)
[ok] toronto_query_-5z50PgNYnxK8Ns2WmF_TQ direction_eot seed=5678 gain=1.249 max|d|=19.98 (projection 16)
[ok] toronto_query_-5z50PgNYnxK8Ns2WmF_TQ isotropic seed=5678 gain=7.753 max|d|=36.48 (no projection)
[ok] toronto_query_-5z50PgNYnxK8Ns2WmF_TQ direction seed=9012 gain=1.541 max|d|=24.65 (projection 16)
[ok] toronto_query_-5z50PgNYnxK8Ns2WmF_TQ direction_eot seed=9012 gain=1.272 max|d|=20.35 (projection 16)
[ok] toronto_query_-5z50PgNYnxK8Ns2WmF_TQ isotropic seed=9012 gain=7.723 max|d|=35.84 (no projection)
[ok] zurich_query_-D3dDkhM5rjIJhj1SPdroA direction seed=5678 gain=1.407 max|d|=22.52 (projection 16)
[ok] zurich_query_-D3dDkhM5rjIJhj1SPdroA direction_eot seed=5678 gain=1.220 max|d|=19.51 (projection 16)
[ok] zurich_query_-D3dDkhM5rjIJhj1SPdroA isotropic seed=5678 gain=7.494 max|d|=34.48 (no projection)
[ok] zurich_query_-D3dDkhM5rjIJhj1SPdroA direction seed=9012 gain=1.422 max|d|=22.76 (projection 16)
[ok] zurich_query_-D3dDkhM5rjIJhj1SPdroA direction_eot seed=9012 gain=1.160 max|d|=18.56 (projection 16)
[ok] zurich_query_-D3dDkhM5rjIJhj1SPdroA isotropic seed=9012 gain=8.071 max|d|=38.51 (no projection)
[ok] amman_query_-VdxqGX8d8L_OiSEN5CtDw direction seed=5678 gain=1.465 max|d|=23.43 (projection 16)
[ok] amman_query_-VdxqGX8d8L_OiSEN5CtDw direction_eot seed=5678 gain=1.141 max|d|=18.26 (projection 16)
[ok] amman_query_-VdxqGX8d8L_OiSEN5CtDw isotropic seed=5678 gain=7.763 max|d|=37.81 (no projection)
[ok] amman_query_-VdxqGX8d8L_OiSEN5CtDw direction seed=9012 gain=1.466 max|d|=23.46 (projection 16)
[ok] amman_query_-VdxqGX8d8L_OiSEN5CtDw direction_eot seed=9012 gain=1.158 max|d|=18.53 (projection 16)
[ok] amman_query_-VdxqGX8d8L_OiSEN5CtDw isotropic seed=9012 gain=7.766 max|d|=37.07 (no projection)
[ok] boston_query_-8cIAPzC7_za-xCEWsIoK2 direction seed=5678 gain=1.572 max|d|=25.15 (projection 16)
[ok] boston_query_-8cIAPzC7_za-xCEWsIoK2 direction_eot seed=5678 gain=1.216 max|d|=19.45 (projection 16)
[ok] boston_query_-8cIAPzC7_za-xCEWsIoK2 isotropic seed=5678 gain=7.921 max|d|=37.27 (no projection)
[ok] boston_query_-8cIAPzC7_za-xCEWsIoK2 direction seed=9012 gain=1.587 max|d|=25.39 (projection 16)
[ok] boston_query_-8cIAPzC7_za-xCEWsIoK2 direction_eot seed=9012 gain=1.209 max|d|=19.34 (projection 16)
[ok] boston_query_-8cIAPzC7_za-xCEWsIoK2 isotropic seed=9012 gain=7.883 max|d|=37.29 (no projection)
[ok] cph_query_-4KruxIYZ3a3GYE0tOKn2w direction seed=5678 gain=1.424 max|d|=22.79 (projection 16)
[ok] cph_query_-4KruxIYZ3a3GYE0tOKn2w direction_eot seed=5678 gain=1.149 max|d|=18.39 (projection 16)
[ok] cph_query_-4KruxIYZ3a3GYE0tOKn2w isotropic seed=5678 gain=8.029 max|d|=36.08 (no projection)
[ok] cph_query_-4KruxIYZ3a3GYE0tOKn2w direction seed=9012 gain=1.424 max|d|=22.79 (projection 16)
[ok] cph_query_-4KruxIYZ3a3GYE0tOKn2w direction_eot seed=9012 gain=1.173 max|d|=18.76 (projection 16)
[ok] cph_query_-4KruxIYZ3a3GYE0tOKn2w isotropic seed=9012 gain=8.006 max|d|=34.47 (no projection)
[ok] london_query_-9KgeyegI3TaGMqglsDENg direction seed=5678 gain=1.467 max|d|=23.47 (projection 16)
[ok] london_query_-9KgeyegI3TaGMqglsDENg direction_eot seed=5678 gain=1.172 max|d|=18.76 (projection 16)
[ok] london_query_-9KgeyegI3TaGMqglsDENg isotropic seed=5678 gain=7.808 max|d|=35.41 (no projection)
[ok] london_query_-9KgeyegI3TaGMqglsDENg direction seed=9012 gain=1.470 max|d|=23.52 (projection 16)
[ok] london_query_-9KgeyegI3TaGMqglsDENg direction_eot seed=9012 gain=1.232 max|d|=19.71 (projection 16)
[ok] london_query_-9KgeyegI3TaGMqglsDENg isotropic seed=9012 gain=7.832 max|d|=38.61 (no projection)
[ok] manila_query_-7YHsOWBiYFmYcRzIM0ijg direction seed=5678 gain=1.573 max|d|=25.17 (projection 16)
[ok] manila_query_-7YHsOWBiYFmYcRzIM0ijg direction_eot seed=5678 gain=1.292 max|d|=20.67 (projection 16)
[ok] manila_query_-7YHsOWBiYFmYcRzIM0ijg isotropic seed=5678 gain=7.812 max|d|=35.32 (no projection)
[ok] manila_query_-7YHsOWBiYFmYcRzIM0ijg direction seed=9012 gain=1.572 max|d|=25.15 (projection 16)
[ok] manila_query_-7YHsOWBiYFmYcRzIM0ijg direction_eot seed=9012 gain=1.308 max|d|=20.93 (projection 16)
[ok] manila_query_-7YHsOWBiYFmYcRzIM0ijg isotropic seed=9012 gain=7.831 max|d|=34.63 (no projection)
[ok] nairobi_query_09aysNUjwNAPHsHo-R-IdA direction seed=5678 gain=1.528 max|d|=24.45 (projection 16)
[ok] nairobi_query_09aysNUjwNAPHsHo-R-IdA direction_eot seed=5678 gain=1.202 max|d|=19.23 (projection 16)
[ok] nairobi_query_09aysNUjwNAPHsHo-R-IdA isotropic seed=5678 gain=7.748 max|d|=34.92 (no projection)
[ok] nairobi_query_09aysNUjwNAPHsHo-R-IdA direction seed=9012 gain=1.568 max|d|=25.09 (projection 16)
[ok] nairobi_query_09aysNUjwNAPHsHo-R-IdA direction_eot seed=9012 gain=1.213 max|d|=19.41 (projection 16)
[ok] nairobi_query_09aysNUjwNAPHsHo-R-IdA isotropic seed=9012 gain=7.762 max|d|=34.98 (no projection)
[ok] toronto_query_-68JeZKxV2XoP0N_6780Og direction seed=5678 gain=1.503 max|d|=24.05 (projection 16)
[ok] toronto_query_-68JeZKxV2XoP0N_6780Og direction_eot seed=5678 gain=1.156 max|d|=18.50 (projection 16)
[ok] toronto_query_-68JeZKxV2XoP0N_6780Og isotropic seed=5678 gain=7.760 max|d|=35.46 (no projection)
[ok] toronto_query_-68JeZKxV2XoP0N_6780Og direction seed=9012 gain=1.489 max|d|=23.82 (projection 16)
[ok] toronto_query_-68JeZKxV2XoP0N_6780Og direction_eot seed=9012 gain=1.128 max|d|=18.05 (projection 16)
[ok] toronto_query_-68JeZKxV2XoP0N_6780Og isotropic seed=9012 gain=7.782 max|d|=34.62 (no projection)
[ok] zurich_query_-E0qyEWY7jSPMOpGqiEG-A direction seed=5678 gain=1.414 max|d|=22.63 (projection 16)
[ok] zurich_query_-E0qyEWY7jSPMOpGqiEG-A direction_eot seed=5678 gain=1.137 max|d|=18.19 (projection 16)
[ok] zurich_query_-E0qyEWY7jSPMOpGqiEG-A isotropic seed=5678 gain=6.647 max|d|=36.80 (no projection)
[ok] zurich_query_-E0qyEWY7jSPMOpGqiEG-A direction seed=9012 gain=1.408 max|d|=22.53 (projection 16)
[ok] zurich_query_-E0qyEWY7jSPMOpGqiEG-A direction_eot seed=9012 gain=1.114 max|d|=17.83 (projection 16)
[ok] zurich_query_-E0qyEWY7jSPMOpGqiEG-A isotropic seed=9012 gain=6.495 max|d|=34.57 (no projection)
[ok] amman_query_-XWB_1fOm8NW5dQx9p5IKg direction seed=5678 gain=1.449 max|d|=23.19 (projection 16)
[ok] amman_query_-XWB_1fOm8NW5dQx9p5IKg direction_eot seed=5678 gain=1.207 max|d|=19.31 (projection 16)
[ok] amman_query_-XWB_1fOm8NW5dQx9p5IKg isotropic seed=5678 gain=7.769 max|d|=35.41 (no projection)
[ok] amman_query_-XWB_1fOm8NW5dQx9p5IKg direction seed=9012 gain=1.456 max|d|=23.29 (projection 16)
[ok] amman_query_-XWB_1fOm8NW5dQx9p5IKg direction_eot seed=9012 gain=1.197 max|d|=19.16 (projection 16)
[ok] amman_query_-XWB_1fOm8NW5dQx9p5IKg isotropic seed=9012 gain=7.750 max|d|=36.91 (no projection)
[ok] boston_query_-9Lur-PAHqcMspWszAgfqw direction seed=5678 gain=1.522 max|d|=24.35 (projection 16)
[ok] boston_query_-9Lur-PAHqcMspWszAgfqw direction_eot seed=5678 gain=1.230 max|d|=19.67 (projection 16)
[ok] boston_query_-9Lur-PAHqcMspWszAgfqw isotropic seed=5678 gain=7.393 max|d|=36.00 (no projection)
[ok] boston_query_-9Lur-PAHqcMspWszAgfqw direction seed=9012 gain=1.543 max|d|=24.69 (projection 16)
[ok] boston_query_-9Lur-PAHqcMspWszAgfqw direction_eot seed=9012 gain=1.238 max|d|=19.80 (projection 16)
[ok] boston_query_-9Lur-PAHqcMspWszAgfqw isotropic seed=9012 gain=7.675 max|d|=34.95 (no projection)
[ok] cph_query_-4RqBOkDhigU8JsdQZINkQ direction seed=5678 gain=1.477 max|d|=23.64 (projection 16)
[ok] cph_query_-4RqBOkDhigU8JsdQZINkQ direction_eot seed=5678 gain=1.177 max|d|=18.83 (projection 16)
[ok] cph_query_-4RqBOkDhigU8JsdQZINkQ isotropic seed=5678 gain=7.893 max|d|=34.99 (no projection)
[ok] cph_query_-4RqBOkDhigU8JsdQZINkQ direction seed=9012 gain=1.499 max|d|=23.98 (projection 16)
[ok] cph_query_-4RqBOkDhigU8JsdQZINkQ direction_eot seed=9012 gain=1.171 max|d|=18.73 (projection 16)
[ok] cph_query_-4RqBOkDhigU8JsdQZINkQ isotropic seed=9012 gain=7.903 max|d|=35.16 (no projection)
[ok] london_query_-FGaYVNFN5ALUsVDNixL_g direction seed=5678 gain=1.527 max|d|=24.43 (projection 16)
[ok] london_query_-FGaYVNFN5ALUsVDNixL_g direction_eot seed=5678 gain=1.256 max|d|=20.09 (projection 16)
[ok] london_query_-FGaYVNFN5ALUsVDNixL_g isotropic seed=5678 gain=7.887 max|d|=37.02 (no projection)
[ok] london_query_-FGaYVNFN5ALUsVDNixL_g direction seed=9012 gain=1.518 max|d|=24.29 (projection 16)
[ok] london_query_-FGaYVNFN5ALUsVDNixL_g direction_eot seed=9012 gain=1.230 max|d|=19.67 (projection 16)
[ok] london_query_-FGaYVNFN5ALUsVDNixL_g isotropic seed=9012 gain=7.880 max|d|=36.80 (no projection)
[ok] manila_query_-81llwEm_ZxNy7Sa7Xrjlw direction seed=5678 gain=1.517 max|d|=24.27 (projection 16)
[ok] manila_query_-81llwEm_ZxNy7Sa7Xrjlw direction_eot seed=5678 gain=1.197 max|d|=19.16 (projection 16)
[ok] manila_query_-81llwEm_ZxNy7Sa7Xrjlw isotropic seed=5678 gain=8.098 max|d|=37.50 (no projection)
[ok] manila_query_-81llwEm_ZxNy7Sa7Xrjlw direction seed=9012 gain=1.513 max|d|=24.21 (projection 16)
[ok] manila_query_-81llwEm_ZxNy7Sa7Xrjlw direction_eot seed=9012 gain=1.208 max|d|=19.33 (projection 16)
[ok] manila_query_-81llwEm_ZxNy7Sa7Xrjlw isotropic seed=9012 gain=8.079 max|d|=37.34 (no projection)
[ok] nairobi_query_0ByAmUG6wFySvLcHHQ0Sdg direction seed=5678 gain=1.533 max|d|=24.52 (projection 16)
[ok] nairobi_query_0ByAmUG6wFySvLcHHQ0Sdg direction_eot seed=5678 gain=1.215 max|d|=19.43 (projection 16)
[ok] nairobi_query_0ByAmUG6wFySvLcHHQ0Sdg isotropic seed=5678 gain=7.942 max|d|=34.75 (no projection)
[ok] nairobi_query_0ByAmUG6wFySvLcHHQ0Sdg direction seed=9012 gain=1.565 max|d|=25.04 (projection 16)
[ok] nairobi_query_0ByAmUG6wFySvLcHHQ0Sdg direction_eot seed=9012 gain=1.204 max|d|=19.27 (projection 16)
[ok] nairobi_query_0ByAmUG6wFySvLcHHQ0Sdg isotropic seed=9012 gain=7.931 max|d|=39.93 (no projection)
[ok] toronto_query_-6ZIqrL48IaL1dCCO7bDVQ direction seed=5678 gain=1.563 max|d|=25.00 (projection 16)
[ok] toronto_query_-6ZIqrL48IaL1dCCO7bDVQ direction_eot seed=5678 gain=1.264 max|d|=20.22 (projection 16)
[ok] toronto_query_-6ZIqrL48IaL1dCCO7bDVQ isotropic seed=5678 gain=7.523 max|d|=34.74 (no projection)
[ok] toronto_query_-6ZIqrL48IaL1dCCO7bDVQ direction seed=9012 gain=1.587 max|d|=25.39 (projection 16)
[ok] toronto_query_-6ZIqrL48IaL1dCCO7bDVQ direction_eot seed=9012 gain=1.217 max|d|=19.48 (projection 16)
[ok] toronto_query_-6ZIqrL48IaL1dCCO7bDVQ isotropic seed=9012 gain=7.774 max|d|=34.49 (no projection)
[ok] zurich_query_-F7hOUVha_xHAoDddsUYdw direction seed=5678 gain=1.563 max|d|=25.00 (projection 16)
[ok] zurich_query_-F7hOUVha_xHAoDddsUYdw direction_eot seed=5678 gain=1.218 max|d|=19.49 (projection 16)
[ok] zurich_query_-F7hOUVha_xHAoDddsUYdw isotropic seed=5678 gain=7.883 max|d|=38.19 (no projection)
[ok] zurich_query_-F7hOUVha_xHAoDddsUYdw direction seed=9012 gain=1.534 max|d|=24.54 (projection 16)
[ok] zurich_query_-F7hOUVha_xHAoDddsUYdw direction_eot seed=9012 gain=1.207 max|d|=19.31 (projection 16)
[ok] zurich_query_-F7hOUVha_xHAoDddsUYdw isotropic seed=9012 gain=7.903 max|d|=37.58 (no projection)
[ok] amman_query_-iXxlTRmA5JphamcIjxBbA direction seed=5678 gain=1.535 max|d|=24.56 (projection 16)
[ok] amman_query_-iXxlTRmA5JphamcIjxBbA direction_eot seed=5678 gain=1.286 max|d|=20.58 (projection 16)
[ok] amman_query_-iXxlTRmA5JphamcIjxBbA isotropic seed=5678 gain=7.735 max|d|=36.88 (no projection)
[ok] amman_query_-iXxlTRmA5JphamcIjxBbA direction seed=9012 gain=1.544 max|d|=24.71 (projection 16)
[ok] amman_query_-iXxlTRmA5JphamcIjxBbA direction_eot seed=9012 gain=1.252 max|d|=20.04 (projection 16)
[ok] amman_query_-iXxlTRmA5JphamcIjxBbA isotropic seed=9012 gain=7.753 max|d|=34.09 (no projection)
[ok] boston_query_-9gbUk-DmX9AOqntuN1nEm direction seed=5678 gain=1.369 max|d|=21.90 (projection 16)
[ok] boston_query_-9gbUk-DmX9AOqntuN1nEm direction_eot seed=5678 gain=1.132 max|d|=18.12 (projection 16)
[ok] boston_query_-9gbUk-DmX9AOqntuN1nEm isotropic seed=5678 gain=7.564 max|d|=34.78 (no projection)
[ok] boston_query_-9gbUk-DmX9AOqntuN1nEm direction seed=9012 gain=1.388 max|d|=22.22 (projection 16)
[ok] boston_query_-9gbUk-DmX9AOqntuN1nEm direction_eot seed=9012 gain=1.125 max|d|=18.00 (projection 16)
[ok] boston_query_-9gbUk-DmX9AOqntuN1nEm isotropic seed=9012 gain=7.913 max|d|=39.39 (no projection)
[ok] cph_query_-4XnD9qE623teR-nRYxB5A direction seed=5678 gain=1.482 max|d|=23.72 (projection 16)
[ok] cph_query_-4XnD9qE623teR-nRYxB5A direction_eot seed=5678 gain=1.233 max|d|=19.73 (projection 16)
[ok] cph_query_-4XnD9qE623teR-nRYxB5A isotropic seed=5678 gain=8.446 max|d|=37.91 (no projection)
[ok] cph_query_-4XnD9qE623teR-nRYxB5A direction seed=9012 gain=1.478 max|d|=23.64 (projection 16)
[ok] cph_query_-4XnD9qE623teR-nRYxB5A direction_eot seed=9012 gain=1.231 max|d|=19.70 (projection 16)
[ok] cph_query_-4XnD9qE623teR-nRYxB5A isotropic seed=9012 gain=8.681 max|d|=40.90 (no projection)
[ok] london_query_-Flts9XBA2wVlru8_LHbkg direction seed=5678 gain=1.590 max|d|=25.44 (projection 16)
[ok] london_query_-Flts9XBA2wVlru8_LHbkg direction_eot seed=5678 gain=1.280 max|d|=20.47 (projection 16)
[ok] london_query_-Flts9XBA2wVlru8_LHbkg isotropic seed=5678 gain=7.253 max|d|=34.76 (no projection)
[ok] london_query_-Flts9XBA2wVlru8_LHbkg direction seed=9012 gain=1.570 max|d|=25.12 (projection 16)
[ok] london_query_-Flts9XBA2wVlru8_LHbkg direction_eot seed=9012 gain=1.274 max|d|=20.39 (projection 16)
[ok] london_query_-Flts9XBA2wVlru8_LHbkg isotropic seed=9012 gain=8.069 max|d|=34.93 (no projection)
[ok] manila_query_-85J_HceaTP2S0IavwkQ-A direction seed=5678 gain=1.459 max|d|=23.34 (projection 16)
[ok] manila_query_-85J_HceaTP2S0IavwkQ-A direction_eot seed=5678 gain=1.174 max|d|=18.78 (projection 16)
[ok] manila_query_-85J_HceaTP2S0IavwkQ-A isotropic seed=5678 gain=7.746 max|d|=35.47 (no projection)
[ok] manila_query_-85J_HceaTP2S0IavwkQ-A direction seed=9012 gain=1.467 max|d|=23.47 (projection 16)
[ok] manila_query_-85J_HceaTP2S0IavwkQ-A direction_eot seed=9012 gain=1.154 max|d|=18.46 (projection 16)
[ok] manila_query_-85J_HceaTP2S0IavwkQ-A isotropic seed=9012 gain=7.669 max|d|=34.05 (no projection)
[ok] nairobi_query_0LJUobuUEqOqrZc4s2fVgg direction seed=5678 gain=1.642 max|d|=26.27 (projection 16)
[ok] nairobi_query_0LJUobuUEqOqrZc4s2fVgg direction_eot seed=5678 gain=1.301 max|d|=20.82 (projection 16)
[ok] nairobi_query_0LJUobuUEqOqrZc4s2fVgg isotropic seed=5678 gain=7.890 max|d|=36.22 (no projection)
[ok] nairobi_query_0LJUobuUEqOqrZc4s2fVgg direction seed=9012 gain=1.642 max|d|=26.27 (projection 16)
[ok] nairobi_query_0LJUobuUEqOqrZc4s2fVgg direction_eot seed=9012 gain=1.369 max|d|=21.90 (projection 16)
[ok] nairobi_query_0LJUobuUEqOqrZc4s2fVgg isotropic seed=9012 gain=7.883 max|d|=35.43 (no projection)
[ok] toronto_query_-7C0G-8afrBbN3hImbBHsA direction seed=5678 gain=1.571 max|d|=25.13 (projection 16)
[ok] toronto_query_-7C0G-8afrBbN3hImbBHsA direction_eot seed=5678 gain=1.261 max|d|=20.18 (projection 16)
[ok] toronto_query_-7C0G-8afrBbN3hImbBHsA isotropic seed=5678 gain=7.730 max|d|=43.37 (no projection)
[ok] toronto_query_-7C0G-8afrBbN3hImbBHsA direction seed=9012 gain=1.578 max|d|=25.24 (projection 16)
[ok] toronto_query_-7C0G-8afrBbN3hImbBHsA direction_eot seed=9012 gain=1.236 max|d|=19.78 (projection 16)
[ok] toronto_query_-7C0G-8afrBbN3hImbBHsA isotropic seed=9012 gain=7.738 max|d|=40.38 (no projection)
[ok] zurich_query_-Kb55YIF941j2DBFO5gVjA direction seed=5678 gain=1.526 max|d|=24.42 (projection 16)
[ok] zurich_query_-Kb55YIF941j2DBFO5gVjA direction_eot seed=5678 gain=1.138 max|d|=18.21 (projection 16)
[ok] zurich_query_-Kb55YIF941j2DBFO5gVjA isotropic seed=5678 gain=7.776 max|d|=37.04 (no projection)
[ok] zurich_query_-Kb55YIF941j2DBFO5gVjA direction seed=9012 gain=1.478 max|d|=23.64 (projection 16)
[ok] zurich_query_-Kb55YIF941j2DBFO5gVjA direction_eot seed=9012 gain=1.122 max|d|=17.95 (projection 16)
[ok] zurich_query_-Kb55YIF941j2DBFO5gVjA isotropic seed=9012 gain=7.746 max|d|=35.21 (no projection)
[ok] amman_query_-qij8CFaEYNp4JW3rF9oqQ direction seed=5678 gain=1.505 max|d|=24.09 (projection 16)
[ok] amman_query_-qij8CFaEYNp4JW3rF9oqQ direction_eot seed=5678 gain=1.192 max|d|=19.07 (projection 16)
[ok] amman_query_-qij8CFaEYNp4JW3rF9oqQ isotropic seed=5678 gain=7.789 max|d|=37.83 (no projection)
[ok] amman_query_-qij8CFaEYNp4JW3rF9oqQ direction seed=9012 gain=1.510 max|d|=24.16 (projection 16)
[ok] amman_query_-qij8CFaEYNp4JW3rF9oqQ direction_eot seed=9012 gain=1.235 max|d|=19.76 (projection 16)
[ok] amman_query_-qij8CFaEYNp4JW3rF9oqQ isotropic seed=9012 gain=7.814 max|d|=35.07 (no projection)
[ok] boston_query_-AJWNV55EAzvKArt5mMYqg direction seed=5678 gain=1.576 max|d|=25.22 (projection 16)
[ok] boston_query_-AJWNV55EAzvKArt5mMYqg direction_eot seed=5678 gain=1.237 max|d|=19.80 (projection 16)
[ok] boston_query_-AJWNV55EAzvKArt5mMYqg isotropic seed=5678 gain=7.815 max|d|=37.23 (no projection)
[ok] boston_query_-AJWNV55EAzvKArt5mMYqg direction seed=9012 gain=1.551 max|d|=24.82 (projection 16)
[ok] boston_query_-AJWNV55EAzvKArt5mMYqg direction_eot seed=9012 gain=1.254 max|d|=20.07 (projection 16)
[ok] boston_query_-AJWNV55EAzvKArt5mMYqg isotropic seed=9012 gain=7.831 max|d|=33.67 (no projection)
[ok] cph_query_-5qSxgAnKk-6Bf5AVVoPjA direction seed=5678 gain=1.534 max|d|=24.54 (projection 16)
[ok] cph_query_-5qSxgAnKk-6Bf5AVVoPjA direction_eot seed=5678 gain=1.242 max|d|=19.88 (projection 16)
[ok] cph_query_-5qSxgAnKk-6Bf5AVVoPjA isotropic seed=5678 gain=7.805 max|d|=36.83 (no projection)
[ok] cph_query_-5qSxgAnKk-6Bf5AVVoPjA direction seed=9012 gain=1.529 max|d|=24.47 (projection 16)
[ok] cph_query_-5qSxgAnKk-6Bf5AVVoPjA direction_eot seed=9012 gain=1.260 max|d|=20.15 (projection 16)
[ok] cph_query_-5qSxgAnKk-6Bf5AVVoPjA isotropic seed=9012 gain=7.801 max|d|=38.54 (no projection)
[ok] london_query_-HfvOD1d7XUGJoEMybpyqQ direction seed=5678 gain=1.421 max|d|=22.74 (projection 16)
[ok] london_query_-HfvOD1d7XUGJoEMybpyqQ direction_eot seed=5678 gain=1.169 max|d|=18.71 (projection 16)
[ok] london_query_-HfvOD1d7XUGJoEMybpyqQ isotropic seed=5678 gain=7.830 max|d|=34.90 (no projection)
[ok] london_query_-HfvOD1d7XUGJoEMybpyqQ direction seed=9012 gain=1.412 max|d|=22.59 (projection 16)
[ok] london_query_-HfvOD1d7XUGJoEMybpyqQ direction_eot seed=9012 gain=1.165 max|d|=18.64 (projection 16)
[ok] london_query_-HfvOD1d7XUGJoEMybpyqQ isotropic seed=9012 gain=7.825 max|d|=40.94 (no projection)
[ok] manila_query_-9tG6ERjH4jVcWo9jkVvBg direction seed=5678 gain=1.415 max|d|=22.64 (projection 16)
[ok] manila_query_-9tG6ERjH4jVcWo9jkVvBg direction_eot seed=5678 gain=1.108 max|d|=17.72 (projection 16)
[ok] manila_query_-9tG6ERjH4jVcWo9jkVvBg isotropic seed=5678 gain=7.815 max|d|=38.95 (no projection)
[ok] manila_query_-9tG6ERjH4jVcWo9jkVvBg direction seed=9012 gain=1.415 max|d|=22.64 (projection 16)
[ok] manila_query_-9tG6ERjH4jVcWo9jkVvBg direction_eot seed=9012 gain=1.122 max|d|=17.95 (projection 16)
[ok] manila_query_-9tG6ERjH4jVcWo9jkVvBg isotropic seed=9012 gain=7.782 max|d|=38.24 (no projection)
[ok] nairobi_query_0M1Vl3tUlt_2MiFp6vxhrg direction seed=5678 gain=1.614 max|d|=25.82 (projection 16)
[ok] nairobi_query_0M1Vl3tUlt_2MiFp6vxhrg direction_eot seed=5678 gain=1.269 max|d|=20.31 (projection 16)
[ok] nairobi_query_0M1Vl3tUlt_2MiFp6vxhrg isotropic seed=5678 gain=7.699 max|d|=35.29 (no projection)
[ok] nairobi_query_0M1Vl3tUlt_2MiFp6vxhrg direction seed=9012 gain=1.608 max|d|=25.73 (projection 16)
[ok] nairobi_query_0M1Vl3tUlt_2MiFp6vxhrg direction_eot seed=9012 gain=1.261 max|d|=20.17 (projection 16)
[ok] nairobi_query_0M1Vl3tUlt_2MiFp6vxhrg isotropic seed=9012 gain=7.764 max|d|=39.57 (no projection)
[ok] toronto_query_-7bDZLvVOVk7ethfd1yomg direction seed=5678 gain=1.346 max|d|=21.54 (projection 16)
[ok] toronto_query_-7bDZLvVOVk7ethfd1yomg direction_eot seed=5678 gain=1.103 max|d|=17.65 (projection 16)
[ok] toronto_query_-7bDZLvVOVk7ethfd1yomg isotropic seed=5678 gain=7.853 max|d|=33.86 (no projection)
[ok] toronto_query_-7bDZLvVOVk7ethfd1yomg direction seed=9012 gain=1.349 max|d|=21.58 (projection 16)
[ok] toronto_query_-7bDZLvVOVk7ethfd1yomg direction_eot seed=9012 gain=1.089 max|d|=17.42 (projection 16)
[ok] toronto_query_-7bDZLvVOVk7ethfd1yomg isotropic seed=9012 gain=7.850 max|d|=39.06 (no projection)
[ok] zurich_query_-Km53YFc8zewa3vS2OeGsQ direction seed=5678 gain=1.519 max|d|=24.31 (projection 16)
[ok] zurich_query_-Km53YFc8zewa3vS2OeGsQ direction_eot seed=5678 gain=1.270 max|d|=20.32 (projection 16)
[ok] zurich_query_-Km53YFc8zewa3vS2OeGsQ isotropic seed=5678 gain=7.824 max|d|=39.04 (no projection)
[ok] zurich_query_-Km53YFc8zewa3vS2OeGsQ direction seed=9012 gain=1.533 max|d|=24.52 (projection 16)
[ok] zurich_query_-Km53YFc8zewa3vS2OeGsQ direction_eot seed=9012 gain=1.240 max|d|=19.84 (projection 16)
[ok] zurich_query_-Km53YFc8zewa3vS2OeGsQ isotropic seed=9012 gain=7.774 max|d|=33.72 (no projection)
[ok] amman_query_-t_-moqpBTWSiKU7mS-lgQ direction seed=5678 gain=1.596 max|d|=25.54 (projection 16)
[ok] amman_query_-t_-moqpBTWSiKU7mS-lgQ direction_eot seed=5678 gain=1.283 max|d|=20.52 (projection 16)
[ok] amman_query_-t_-moqpBTWSiKU7mS-lgQ isotropic seed=5678 gain=7.733 max|d|=35.57 (no projection)
[ok] amman_query_-t_-moqpBTWSiKU7mS-lgQ direction seed=9012 gain=1.582 max|d|=25.31 (projection 16)
[ok] amman_query_-t_-moqpBTWSiKU7mS-lgQ direction_eot seed=9012 gain=1.252 max|d|=20.03 (projection 16)
[ok] amman_query_-t_-moqpBTWSiKU7mS-lgQ isotropic seed=9012 gain=7.758 max|d|=33.42 (no projection)
[ok] boston_query_-Ae9_7GnntvqV8myNb9fhv direction seed=5678 gain=1.541 max|d|=24.66 (projection 16)
[ok] boston_query_-Ae9_7GnntvqV8myNb9fhv direction_eot seed=5678 gain=1.183 max|d|=18.93 (projection 16)
[ok] boston_query_-Ae9_7GnntvqV8myNb9fhv isotropic seed=5678 gain=7.977 max|d|=41.65 (no projection)
[ok] boston_query_-Ae9_7GnntvqV8myNb9fhv direction seed=9012 gain=1.520 max|d|=24.33 (projection 16)
[ok] boston_query_-Ae9_7GnntvqV8myNb9fhv direction_eot seed=9012 gain=1.237 max|d|=19.79 (projection 16)
[ok] boston_query_-Ae9_7GnntvqV8myNb9fhv isotropic seed=9012 gain=7.947 max|d|=35.72 (no projection)
[ok] cph_query_-8E-udXiyMJCRp_UkM4Kgw direction seed=5678 gain=1.548 max|d|=24.76 (projection 16)
[ok] cph_query_-8E-udXiyMJCRp_UkM4Kgw direction_eot seed=5678 gain=1.233 max|d|=19.72 (projection 16)
[ok] cph_query_-8E-udXiyMJCRp_UkM4Kgw isotropic seed=5678 gain=7.846 max|d|=34.87 (no projection)
[ok] cph_query_-8E-udXiyMJCRp_UkM4Kgw direction seed=9012 gain=1.524 max|d|=24.39 (projection 16)
[ok] cph_query_-8E-udXiyMJCRp_UkM4Kgw direction_eot seed=9012 gain=1.236 max|d|=19.78 (projection 16)
[ok] cph_query_-8E-udXiyMJCRp_UkM4Kgw isotropic seed=9012 gain=7.850 max|d|=36.46 (no projection)
[ok] london_query_-Id3DdRqVbjIA39wjxbTgw direction seed=5678 gain=1.416 max|d|=22.65 (projection 16)
[ok] london_query_-Id3DdRqVbjIA39wjxbTgw direction_eot seed=5678 gain=1.117 max|d|=17.87 (projection 16)
[ok] london_query_-Id3DdRqVbjIA39wjxbTgw isotropic seed=5678 gain=7.846 max|d|=37.69 (no projection)
[ok] london_query_-Id3DdRqVbjIA39wjxbTgw direction seed=9012 gain=1.410 max|d|=22.56 (projection 16)
[ok] london_query_-Id3DdRqVbjIA39wjxbTgw direction_eot seed=9012 gain=1.145 max|d|=18.31 (projection 16)
[ok] london_query_-Id3DdRqVbjIA39wjxbTgw isotropic seed=9012 gain=7.846 max|d|=38.05 (no projection)
[ok] manila_query_-AXkFLZ0HchDGYvJ_KZ3dQ direction seed=5678 gain=1.503 max|d|=24.05 (projection 16)
[ok] manila_query_-AXkFLZ0HchDGYvJ_KZ3dQ direction_eot seed=5678 gain=1.237 max|d|=19.79 (projection 16)
[ok] manila_query_-AXkFLZ0HchDGYvJ_KZ3dQ isotropic seed=5678 gain=7.766 max|d|=39.10 (no projection)
[ok] manila_query_-AXkFLZ0HchDGYvJ_KZ3dQ direction seed=9012 gain=1.523 max|d|=24.38 (projection 16)
[ok] manila_query_-AXkFLZ0HchDGYvJ_KZ3dQ direction_eot seed=9012 gain=1.251 max|d|=20.01 (projection 16)
[ok] manila_query_-AXkFLZ0HchDGYvJ_KZ3dQ isotropic seed=9012 gain=7.755 max|d|=38.05 (no projection)
[ok] nairobi_query_0Oa1jUYlj8LE47HApYWufA direction seed=5678 gain=1.574 max|d|=25.19 (projection 16)
[ok] nairobi_query_0Oa1jUYlj8LE47HApYWufA direction_eot seed=5678 gain=1.213 max|d|=19.40 (projection 16)
[ok] nairobi_query_0Oa1jUYlj8LE47HApYWufA isotropic seed=5678 gain=7.762 max|d|=34.30 (no projection)
[ok] nairobi_query_0Oa1jUYlj8LE47HApYWufA direction seed=9012 gain=1.576 max|d|=25.22 (projection 16)
[ok] nairobi_query_0Oa1jUYlj8LE47HApYWufA direction_eot seed=9012 gain=1.221 max|d|=19.54 (projection 16)
[ok] nairobi_query_0Oa1jUYlj8LE47HApYWufA isotropic seed=9012 gain=7.791 max|d|=35.05 (no projection)
[ok] toronto_query_-85n6JJLXmi04edt5JxhzQ direction seed=5678 gain=1.615 max|d|=25.84 (projection 16)
[ok] toronto_query_-85n6JJLXmi04edt5JxhzQ direction_eot seed=5678 gain=1.303 max|d|=20.84 (projection 16)
[ok] toronto_query_-85n6JJLXmi04edt5JxhzQ isotropic seed=5678 gain=7.770 max|d|=36.12 (no projection)
[ok] toronto_query_-85n6JJLXmi04edt5JxhzQ direction seed=9012 gain=1.615 max|d|=25.84 (projection 16)
[ok] toronto_query_-85n6JJLXmi04edt5JxhzQ direction_eot seed=9012 gain=1.306 max|d|=20.90 (projection 16)
[ok] toronto_query_-85n6JJLXmi04edt5JxhzQ isotropic seed=9012 gain=7.787 max|d|=34.71 (no projection)
[ok] zurich_query_-M0Q1_7lg_TKGT2-mllw4w direction seed=5678 gain=1.625 max|d|=26.00 (projection 16)
[ok] zurich_query_-M0Q1_7lg_TKGT2-mllw4w direction_eot seed=5678 gain=1.254 max|d|=20.06 (projection 16)
[ok] zurich_query_-M0Q1_7lg_TKGT2-mllw4w isotropic seed=5678 gain=7.783 max|d|=38.12 (no projection)
[ok] zurich_query_-M0Q1_7lg_TKGT2-mllw4w direction seed=9012 gain=1.616 max|d|=25.86 (projection 16)
[ok] zurich_query_-M0Q1_7lg_TKGT2-mllw4w direction_eot seed=9012 gain=1.290 max|d|=20.63 (projection 16)
[ok] zurich_query_-M0Q1_7lg_TKGT2-mllw4w isotropic seed=9012 gain=7.778 max|d|=34.96 (no projection)
[ok] amman_query_0-2jyV8XAzdAOYMkdyQVLw direction seed=5678 gain=1.528 max|d|=24.46 (projection 16)
[ok] amman_query_0-2jyV8XAzdAOYMkdyQVLw direction_eot seed=5678 gain=1.225 max|d|=19.59 (projection 16)
[ok] amman_query_0-2jyV8XAzdAOYMkdyQVLw isotropic seed=5678 gain=7.773 max|d|=35.24 (no projection)
[ok] amman_query_0-2jyV8XAzdAOYMkdyQVLw direction seed=9012 gain=1.530 max|d|=24.48 (projection 16)
[ok] amman_query_0-2jyV8XAzdAOYMkdyQVLw direction_eot seed=9012 gain=1.239 max|d|=19.82 (projection 16)
[ok] amman_query_0-2jyV8XAzdAOYMkdyQVLw isotropic seed=9012 gain=7.765 max|d|=37.21 (no projection)
[ok] boston_query_-BE36-GG_yM6YS57M_uMTQ direction seed=5678 gain=1.583 max|d|=25.32 (projection 16)
[ok] boston_query_-BE36-GG_yM6YS57M_uMTQ direction_eot seed=5678 gain=1.268 max|d|=20.30 (projection 16)
[ok] boston_query_-BE36-GG_yM6YS57M_uMTQ isotropic seed=5678 gain=7.816 max|d|=35.18 (no projection)
[ok] boston_query_-BE36-GG_yM6YS57M_uMTQ direction seed=9012 gain=1.581 max|d|=25.29 (projection 16)
[ok] boston_query_-BE36-GG_yM6YS57M_uMTQ direction_eot seed=9012 gain=1.274 max|d|=20.38 (projection 16)
[ok] boston_query_-BE36-GG_yM6YS57M_uMTQ isotropic seed=9012 gain=7.840 max|d|=35.57 (no projection)
[ok] cph_query_-9WYlFp61M1J1zV1mJD4uA direction seed=5678 gain=1.652 max|d|=26.43 (projection 16)
[ok] cph_query_-9WYlFp61M1J1zV1mJD4uA direction_eot seed=5678 gain=1.283 max|d|=20.53 (projection 16)
[ok] cph_query_-9WYlFp61M1J1zV1mJD4uA isotropic seed=5678 gain=7.922 max|d|=36.30 (no projection)
[ok] cph_query_-9WYlFp61M1J1zV1mJD4uA direction seed=9012 gain=1.641 max|d|=26.26 (projection 16)
[ok] cph_query_-9WYlFp61M1J1zV1mJD4uA direction_eot seed=9012 gain=1.298 max|d|=20.76 (projection 16)
[ok] cph_query_-9WYlFp61M1J1zV1mJD4uA isotropic seed=9012 gain=7.941 max|d|=37.74 (no projection)
[ok] london_query_-OOGG8lTvgHHqp3iuULlyQ direction seed=5678 gain=1.429 max|d|=22.86 (projection 16)
[ok] london_query_-OOGG8lTvgHHqp3iuULlyQ direction_eot seed=5678 gain=1.094 max|d|=17.50 (projection 16)
[ok] london_query_-OOGG8lTvgHHqp3iuULlyQ isotropic seed=5678 gain=7.765 max|d|=41.11 (no projection)
[ok] london_query_-OOGG8lTvgHHqp3iuULlyQ direction seed=9012 gain=1.384 max|d|=22.14 (projection 16)
[ok] london_query_-OOGG8lTvgHHqp3iuULlyQ direction_eot seed=9012 gain=1.129 max|d|=18.06 (projection 16)
[ok] london_query_-OOGG8lTvgHHqp3iuULlyQ isotropic seed=9012 gain=7.761 max|d|=33.51 (no projection)
[ok] manila_query_-ColYSDtqqoE3TZ4eZHu8g direction seed=5678 gain=1.507 max|d|=24.11 (projection 16)
[ok] manila_query_-ColYSDtqqoE3TZ4eZHu8g direction_eot seed=5678 gain=1.188 max|d|=19.01 (projection 16)
[ok] manila_query_-ColYSDtqqoE3TZ4eZHu8g isotropic seed=5678 gain=7.766 max|d|=34.22 (no projection)
[ok] manila_query_-ColYSDtqqoE3TZ4eZHu8g direction seed=9012 gain=1.496 max|d|=23.93 (projection 16)
[ok] manila_query_-ColYSDtqqoE3TZ4eZHu8g direction_eot seed=9012 gain=1.214 max|d|=19.43 (projection 16)
[ok] manila_query_-ColYSDtqqoE3TZ4eZHu8g isotropic seed=9012 gain=7.759 max|d|=34.86 (no projection)
[ok] nairobi_query_0R73ChZbcyJ8Z4vBaef_Jw direction seed=5678 gain=1.619 max|d|=25.90 (projection 16)
[ok] nairobi_query_0R73ChZbcyJ8Z4vBaef_Jw direction_eot seed=5678 gain=1.374 max|d|=21.99 (projection 16)
[ok] nairobi_query_0R73ChZbcyJ8Z4vBaef_Jw isotropic seed=5678 gain=7.716 max|d|=33.28 (no projection)
[ok] nairobi_query_0R73ChZbcyJ8Z4vBaef_Jw direction seed=9012 gain=1.612 max|d|=25.79 (projection 16)
[ok] nairobi_query_0R73ChZbcyJ8Z4vBaef_Jw direction_eot seed=9012 gain=1.316 max|d|=21.06 (projection 16)
[ok] nairobi_query_0R73ChZbcyJ8Z4vBaef_Jw isotropic seed=9012 gain=7.852 max|d|=39.45 (no projection)
[ok] toronto_query_-8BknWmZh2lEnEeect73Ww direction seed=5678 gain=1.388 max|d|=22.21 (projection 16)
[ok] toronto_query_-8BknWmZh2lEnEeect73Ww direction_eot seed=5678 gain=1.097 max|d|=17.55 (projection 16)
[ok] toronto_query_-8BknWmZh2lEnEeect73Ww isotropic seed=5678 gain=7.802 max|d|=34.07 (no projection)
[ok] toronto_query_-8BknWmZh2lEnEeect73Ww direction seed=9012 gain=1.356 max|d|=21.69 (projection 16)
[ok] toronto_query_-8BknWmZh2lEnEeect73Ww direction_eot seed=9012 gain=1.104 max|d|=17.66 (projection 16)
[ok] toronto_query_-8BknWmZh2lEnEeect73Ww isotropic seed=9012 gain=7.791 max|d|=35.28 (no projection)
[ok] zurich_query_-TxHEY5xnZFgfnHO3ygjzw direction seed=5678 gain=1.557 max|d|=24.92 (projection 16)
[ok] zurich_query_-TxHEY5xnZFgfnHO3ygjzw direction_eot seed=5678 gain=1.215 max|d|=19.45 (projection 16)
[ok] zurich_query_-TxHEY5xnZFgfnHO3ygjzw isotropic seed=5678 gain=7.838 max|d|=34.23 (no projection)
[ok] zurich_query_-TxHEY5xnZFgfnHO3ygjzw direction seed=9012 gain=1.538 max|d|=24.61 (projection 16)
[ok] zurich_query_-TxHEY5xnZFgfnHO3ygjzw direction_eot seed=9012 gain=1.231 max|d|=19.70 (projection 16)
[ok] zurich_query_-TxHEY5xnZFgfnHO3ygjzw isotropic seed=9012 gain=7.822 max|d|=36.03 (no projection)
[ok] amman_query_051WRvR5gI1vde606oseFw direction seed=5678 gain=1.572 max|d|=25.16 (projection 16)
[ok] amman_query_051WRvR5gI1vde606oseFw direction_eot seed=5678 gain=1.248 max|d|=19.97 (projection 16)
[ok] amman_query_051WRvR5gI1vde606oseFw isotropic seed=5678 gain=7.764 max|d|=36.89 (no projection)
[ok] amman_query_051WRvR5gI1vde606oseFw direction seed=9012 gain=1.569 max|d|=25.10 (projection 16)
[ok] amman_query_051WRvR5gI1vde606oseFw direction_eot seed=9012 gain=1.335 max|d|=21.36 (projection 16)
[ok] amman_query_051WRvR5gI1vde606oseFw isotropic seed=9012 gain=7.776 max|d|=34.85 (no projection)
[ok] boston_query_-CNeDzWqfei0F-1CmA8N9A direction seed=5678 gain=1.459 max|d|=23.35 (projection 16)
[ok] boston_query_-CNeDzWqfei0F-1CmA8N9A direction_eot seed=5678 gain=1.172 max|d|=18.75 (projection 16)
[ok] boston_query_-CNeDzWqfei0F-1CmA8N9A isotropic seed=5678 gain=7.751 max|d|=36.66 (no projection)
[ok] boston_query_-CNeDzWqfei0F-1CmA8N9A direction seed=9012 gain=1.432 max|d|=22.92 (projection 16)
[ok] boston_query_-CNeDzWqfei0F-1CmA8N9A direction_eot seed=9012 gain=1.176 max|d|=18.82 (projection 16)
[ok] boston_query_-CNeDzWqfei0F-1CmA8N9A isotropic seed=9012 gain=7.734 max|d|=35.81 (no projection)
[ok] cph_query_-9ZOGirqZl2EVYWN1WLERg direction seed=5678 gain=1.559 max|d|=24.95 (projection 16)
[ok] cph_query_-9ZOGirqZl2EVYWN1WLERg direction_eot seed=5678 gain=1.256 max|d|=20.10 (projection 16)
[ok] cph_query_-9ZOGirqZl2EVYWN1WLERg isotropic seed=5678 gain=7.755 max|d|=35.09 (no projection)
[ok] cph_query_-9ZOGirqZl2EVYWN1WLERg direction seed=9012 gain=1.560 max|d|=24.96 (projection 16)
[ok] cph_query_-9ZOGirqZl2EVYWN1WLERg direction_eot seed=9012 gain=1.242 max|d|=19.88 (projection 16)
[ok] cph_query_-9ZOGirqZl2EVYWN1WLERg isotropic seed=9012 gain=7.764 max|d|=35.00 (no projection)
[ok] london_query_-TmVvxY52h9CjrIUzBbCgw direction seed=5678 gain=1.515 max|d|=24.25 (projection 16)
[ok] london_query_-TmVvxY52h9CjrIUzBbCgw direction_eot seed=5678 gain=1.203 max|d|=19.25 (projection 16)
[ok] london_query_-TmVvxY52h9CjrIUzBbCgw isotropic seed=5678 gain=7.923 max|d|=34.76 (no projection)
[ok] london_query_-TmVvxY52h9CjrIUzBbCgw direction seed=9012 gain=1.541 max|d|=24.66 (projection 16)
[ok] london_query_-TmVvxY52h9CjrIUzBbCgw direction_eot seed=9012 gain=1.247 max|d|=19.95 (projection 16)
[ok] london_query_-TmVvxY52h9CjrIUzBbCgw isotropic seed=9012 gain=7.932 max|d|=35.87 (no projection)
[ok] manila_query_-ELxcda6ePiuO6nR3VP3-A direction seed=5678 gain=1.381 max|d|=22.09 (projection 16)
[ok] manila_query_-ELxcda6ePiuO6nR3VP3-A direction_eot seed=5678 gain=1.149 max|d|=18.38 (projection 16)
[ok] manila_query_-ELxcda6ePiuO6nR3VP3-A isotropic seed=5678 gain=8.097 max|d|=39.03 (no projection)
[ok] manila_query_-ELxcda6ePiuO6nR3VP3-A direction seed=9012 gain=1.392 max|d|=22.27 (projection 16)
[ok] manila_query_-ELxcda6ePiuO6nR3VP3-A direction_eot seed=9012 gain=1.152 max|d|=18.44 (projection 16)
[ok] manila_query_-ELxcda6ePiuO6nR3VP3-A isotropic seed=9012 gain=8.091 max|d|=37.56 (no projection)
[ok] nairobi_query_0TzVtw0twyRTMFGP-VzE8A direction seed=5678 gain=1.608 max|d|=25.73 (projection 16)
[ok] nairobi_query_0TzVtw0twyRTMFGP-VzE8A direction_eot seed=5678 gain=1.312 max|d|=20.99 (projection 16)
[ok] nairobi_query_0TzVtw0twyRTMFGP-VzE8A isotropic seed=5678 gain=7.916 max|d|=38.43 (no projection)
[ok] nairobi_query_0TzVtw0twyRTMFGP-VzE8A direction seed=9012 gain=1.605 max|d|=25.68 (projection 16)
[ok] nairobi_query_0TzVtw0twyRTMFGP-VzE8A direction_eot seed=9012 gain=1.322 max|d|=21.15 (projection 16)
[ok] nairobi_query_0TzVtw0twyRTMFGP-VzE8A isotropic seed=9012 gain=7.900 max|d|=44.01 (no projection)
[ok] toronto_query_-8NbZpIbjwqAXwoRMmYddg direction seed=5678 gain=1.490 max|d|=23.83 (projection 16)
[ok] toronto_query_-8NbZpIbjwqAXwoRMmYddg direction_eot seed=5678 gain=1.228 max|d|=19.65 (projection 16)
[ok] toronto_query_-8NbZpIbjwqAXwoRMmYddg isotropic seed=5678 gain=7.729 max|d|=37.72 (no projection)
[ok] toronto_query_-8NbZpIbjwqAXwoRMmYddg direction seed=9012 gain=1.483 max|d|=23.72 (projection 16)
[ok] toronto_query_-8NbZpIbjwqAXwoRMmYddg direction_eot seed=9012 gain=1.164 max|d|=18.63 (projection 16)
[ok] toronto_query_-8NbZpIbjwqAXwoRMmYddg isotropic seed=9012 gain=7.744 max|d|=36.43 (no projection)
[ok] zurich_query_-Vs9xzO47S-0Cfs9o81wvQ direction seed=5678 gain=1.459 max|d|=23.35 (projection 16)
[ok] zurich_query_-Vs9xzO47S-0Cfs9o81wvQ direction_eot seed=5678 gain=1.211 max|d|=19.38 (projection 16)
[ok] zurich_query_-Vs9xzO47S-0Cfs9o81wvQ isotropic seed=5678 gain=7.890 max|d|=36.51 (no projection)
[ok] zurich_query_-Vs9xzO47S-0Cfs9o81wvQ direction seed=9012 gain=1.483 max|d|=23.73 (projection 16)
[ok] zurich_query_-Vs9xzO47S-0Cfs9o81wvQ direction_eot seed=9012 gain=1.142 max|d|=18.27 (projection 16)
[ok] zurich_query_-Vs9xzO47S-0Cfs9o81wvQ isotropic seed=9012 gain=7.676 max|d|=35.06 (no projection)
[ok] amman_query_0CjrhmzpvqXBOIBsGB6LcQ direction seed=5678 gain=1.562 max|d|=24.99 (projection 16)
[ok] amman_query_0CjrhmzpvqXBOIBsGB6LcQ direction_eot seed=5678 gain=1.275 max|d|=20.41 (projection 16)
[ok] amman_query_0CjrhmzpvqXBOIBsGB6LcQ isotropic seed=5678 gain=7.793 max|d|=35.78 (no projection)
[ok] amman_query_0CjrhmzpvqXBOIBsGB6LcQ direction seed=9012 gain=1.582 max|d|=25.32 (projection 16)
[ok] amman_query_0CjrhmzpvqXBOIBsGB6LcQ direction_eot seed=9012 gain=1.256 max|d|=20.10 (projection 16)
[ok] amman_query_0CjrhmzpvqXBOIBsGB6LcQ isotropic seed=9012 gain=7.796 max|d|=33.48 (no projection)
[ok] boston_query_-D-onyWSIw3M1SbsxL7X-g direction seed=5678 gain=1.421 max|d|=22.74 (projection 16)
[ok] boston_query_-D-onyWSIw3M1SbsxL7X-g direction_eot seed=5678 gain=1.165 max|d|=18.65 (projection 16)
[ok] boston_query_-D-onyWSIw3M1SbsxL7X-g isotropic seed=5678 gain=7.862 max|d|=37.10 (no projection)
[ok] boston_query_-D-onyWSIw3M1SbsxL7X-g direction seed=9012 gain=1.433 max|d|=22.94 (projection 16)
[ok] boston_query_-D-onyWSIw3M1SbsxL7X-g direction_eot seed=9012 gain=1.163 max|d|=18.60 (projection 16)
[ok] boston_query_-D-onyWSIw3M1SbsxL7X-g isotropic seed=9012 gain=7.369 max|d|=35.79 (no projection)
[ok] cph_query_-AowxxrsOr_xM02-ZyrQ5A direction seed=5678 gain=1.475 max|d|=23.59 (projection 16)
[ok] cph_query_-AowxxrsOr_xM02-ZyrQ5A direction_eot seed=5678 gain=1.196 max|d|=19.14 (projection 16)
[ok] cph_query_-AowxxrsOr_xM02-ZyrQ5A isotropic seed=5678 gain=7.818 max|d|=37.13 (no projection)
[ok] cph_query_-AowxxrsOr_xM02-ZyrQ5A direction seed=9012 gain=1.491 max|d|=23.86 (projection 16)
[ok] cph_query_-AowxxrsOr_xM02-ZyrQ5A direction_eot seed=9012 gain=1.226 max|d|=19.62 (projection 16)
[ok] cph_query_-AowxxrsOr_xM02-ZyrQ5A isotropic seed=9012 gain=7.826 max|d|=34.59 (no projection)
[ok] london_query_-UeH_UbGnPshWdeEEYfhyQ direction seed=5678 gain=1.606 max|d|=25.69 (projection 16)
[ok] london_query_-UeH_UbGnPshWdeEEYfhyQ direction_eot seed=5678 gain=1.238 max|d|=19.81 (projection 16)
[ok] london_query_-UeH_UbGnPshWdeEEYfhyQ isotropic seed=5678 gain=7.875 max|d|=35.71 (no projection)
[ok] london_query_-UeH_UbGnPshWdeEEYfhyQ direction seed=9012 gain=1.608 max|d|=25.72 (projection 16)
[ok] london_query_-UeH_UbGnPshWdeEEYfhyQ direction_eot seed=9012 gain=1.295 max|d|=20.72 (projection 16)
[ok] london_query_-UeH_UbGnPshWdeEEYfhyQ isotropic seed=9012 gain=7.867 max|d|=35.34 (no projection)
[ok] manila_query_-EVOy4h35ZUyBK4r6uBM5g direction seed=5678 gain=1.556 max|d|=24.90 (projection 16)
[ok] manila_query_-EVOy4h35ZUyBK4r6uBM5g direction_eot seed=5678 gain=1.284 max|d|=20.54 (projection 16)
[ok] manila_query_-EVOy4h35ZUyBK4r6uBM5g isotropic seed=5678 gain=7.903 max|d|=35.11 (no projection)
[ok] manila_query_-EVOy4h35ZUyBK4r6uBM5g direction seed=9012 gain=1.599 max|d|=25.58 (projection 16)
[ok] manila_query_-EVOy4h35ZUyBK4r6uBM5g direction_eot seed=9012 gain=1.274 max|d|=20.39 (projection 16)
[ok] manila_query_-EVOy4h35ZUyBK4r6uBM5g isotropic seed=9012 gain=7.925 max|d|=34.42 (no projection)
[ok] nairobi_query_0YY7sOJF2Kr1PfPB1KidBg direction seed=5678 gain=1.650 max|d|=26.39 (projection 16)
[ok] nairobi_query_0YY7sOJF2Kr1PfPB1KidBg direction_eot seed=5678 gain=1.242 max|d|=19.86 (projection 16)
[ok] nairobi_query_0YY7sOJF2Kr1PfPB1KidBg isotropic seed=5678 gain=7.875 max|d|=34.77 (no projection)
[ok] nairobi_query_0YY7sOJF2Kr1PfPB1KidBg direction seed=9012 gain=1.639 max|d|=26.23 (projection 16)
[ok] nairobi_query_0YY7sOJF2Kr1PfPB1KidBg direction_eot seed=9012 gain=1.224 max|d|=19.58 (projection 16)
[ok] nairobi_query_0YY7sOJF2Kr1PfPB1KidBg isotropic seed=9012 gain=7.871 max|d|=39.56 (no projection)
[ok] toronto_query_-8Q-Otkctyr1cXAnmn2BEw direction seed=5678 gain=1.486 max|d|=23.77 (projection 16)
[ok] toronto_query_-8Q-Otkctyr1cXAnmn2BEw direction_eot seed=5678 gain=1.261 max|d|=20.18 (projection 16)
[ok] toronto_query_-8Q-Otkctyr1cXAnmn2BEw isotropic seed=5678 gain=8.180 max|d|=37.18 (no projection)
[ok] toronto_query_-8Q-Otkctyr1cXAnmn2BEw direction seed=9012 gain=1.506 max|d|=24.10 (projection 16)
[ok] toronto_query_-8Q-Otkctyr1cXAnmn2BEw direction_eot seed=9012 gain=1.261 max|d|=20.18 (projection 16)
[ok] toronto_query_-8Q-Otkctyr1cXAnmn2BEw isotropic seed=9012 gain=8.016 max|d|=37.05 (no projection)
[ok] zurich_query_-ZAb7eYhYeo1yW06_paa_g direction seed=5678 gain=1.469 max|d|=23.50 (projection 16)
[ok] zurich_query_-ZAb7eYhYeo1yW06_paa_g direction_eot seed=5678 gain=1.179 max|d|=18.87 (projection 16)
[ok] zurich_query_-ZAb7eYhYeo1yW06_paa_g isotropic seed=5678 gain=7.875 max|d|=38.81 (no projection)
[ok] zurich_query_-ZAb7eYhYeo1yW06_paa_g direction seed=9012 gain=1.456 max|d|=23.29 (projection 16)
[ok] zurich_query_-ZAb7eYhYeo1yW06_paa_g direction_eot seed=9012 gain=1.183 max|d|=18.93 (projection 16)
[ok] zurich_query_-ZAb7eYhYeo1yW06_paa_g isotropic seed=9012 gain=7.883 max|d|=34.77 (no projection)
[ok] amman_query_0IvHKlYEfFEP39KRxr9UZg direction seed=5678 gain=1.453 max|d|=23.24 (projection 16)
[ok] amman_query_0IvHKlYEfFEP39KRxr9UZg direction_eot seed=5678 gain=1.149 max|d|=18.38 (projection 16)
[ok] amman_query_0IvHKlYEfFEP39KRxr9UZg isotropic seed=5678 gain=7.607 max|d|=34.87 (no projection)
[ok] amman_query_0IvHKlYEfFEP39KRxr9UZg direction seed=9012 gain=1.447 max|d|=23.16 (projection 16)
[ok] amman_query_0IvHKlYEfFEP39KRxr9UZg direction_eot seed=9012 gain=1.192 max|d|=19.07 (projection 16)
[ok] amman_query_0IvHKlYEfFEP39KRxr9UZg isotropic seed=9012 gain=7.757 max|d|=35.09 (no projection)
[ok] boston_query_-DYvemYiNwx_BmPSrlUWIA direction seed=5678 gain=1.549 max|d|=24.79 (projection 16)
[ok] boston_query_-DYvemYiNwx_BmPSrlUWIA direction_eot seed=5678 gain=1.277 max|d|=20.43 (projection 16)
[ok] boston_query_-DYvemYiNwx_BmPSrlUWIA isotropic seed=5678 gain=7.834 max|d|=36.55 (no projection)
[ok] boston_query_-DYvemYiNwx_BmPSrlUWIA direction seed=9012 gain=1.560 max|d|=24.96 (projection 16)
[ok] boston_query_-DYvemYiNwx_BmPSrlUWIA direction_eot seed=9012 gain=1.267 max|d|=20.27 (projection 16)
[ok] boston_query_-DYvemYiNwx_BmPSrlUWIA isotropic seed=9012 gain=7.824 max|d|=37.95 (no projection)
[ok] cph_query_-BH_JCTriNnLeoSt0e51lQ direction seed=5678 gain=1.648 max|d|=26.36 (projection 16)
[ok] cph_query_-BH_JCTriNnLeoSt0e51lQ direction_eot seed=5678 gain=1.241 max|d|=19.86 (projection 16)
[ok] cph_query_-BH_JCTriNnLeoSt0e51lQ isotropic seed=5678 gain=7.825 max|d|=34.99 (no projection)
[ok] cph_query_-BH_JCTriNnLeoSt0e51lQ direction seed=9012 gain=1.655 max|d|=26.48 (projection 16)
[ok] cph_query_-BH_JCTriNnLeoSt0e51lQ direction_eot seed=9012 gain=1.305 max|d|=20.89 (projection 16)
[ok] cph_query_-BH_JCTriNnLeoSt0e51lQ isotropic seed=9012 gain=7.819 max|d|=34.18 (no projection)
[ok] london_query_-WUdEGuLIX2B2T8rBV0Rgw direction seed=5678 gain=1.475 max|d|=23.60 (projection 16)
[ok] london_query_-WUdEGuLIX2B2T8rBV0Rgw direction_eot seed=5678 gain=1.192 max|d|=19.06 (projection 16)
[ok] london_query_-WUdEGuLIX2B2T8rBV0Rgw isotropic seed=5678 gain=7.917 max|d|=36.02 (no projection)
[ok] london_query_-WUdEGuLIX2B2T8rBV0Rgw direction seed=9012 gain=1.470 max|d|=23.53 (projection 16)
[ok] london_query_-WUdEGuLIX2B2T8rBV0Rgw direction_eot seed=9012 gain=1.171 max|d|=18.73 (projection 16)
[ok] london_query_-WUdEGuLIX2B2T8rBV0Rgw isotropic seed=9012 gain=7.915 max|d|=36.80 (no projection)
[ok] manila_query_-EthLwRJMwt-Shb-xpIYlA direction seed=5678 gain=1.464 max|d|=23.42 (projection 16)
[ok] manila_query_-EthLwRJMwt-Shb-xpIYlA direction_eot seed=5678 gain=1.178 max|d|=18.85 (projection 16)
[ok] manila_query_-EthLwRJMwt-Shb-xpIYlA isotropic seed=5678 gain=7.938 max|d|=36.72 (no projection)
[ok] manila_query_-EthLwRJMwt-Shb-xpIYlA direction seed=9012 gain=1.471 max|d|=23.54 (projection 16)
[ok] manila_query_-EthLwRJMwt-Shb-xpIYlA direction_eot seed=9012 gain=1.173 max|d|=18.77 (projection 16)
[ok] manila_query_-EthLwRJMwt-Shb-xpIYlA isotropic seed=9012 gain=7.924 max|d|=38.80 (no projection)
[ok] nairobi_query_0jIUlQnC_o05NHi_OMD_vg direction seed=5678 gain=1.574 max|d|=25.18 (projection 16)
[ok] nairobi_query_0jIUlQnC_o05NHi_OMD_vg direction_eot seed=5678 gain=1.267 max|d|=20.27 (projection 16)
[ok] nairobi_query_0jIUlQnC_o05NHi_OMD_vg isotropic seed=5678 gain=8.116 max|d|=38.44 (no projection)
[ok] nairobi_query_0jIUlQnC_o05NHi_OMD_vg direction seed=9012 gain=1.573 max|d|=25.17 (projection 16)
[ok] nairobi_query_0jIUlQnC_o05NHi_OMD_vg direction_eot seed=9012 gain=1.215 max|d|=19.45 (projection 16)
[ok] nairobi_query_0jIUlQnC_o05NHi_OMD_vg isotropic seed=9012 gain=7.174 max|d|=34.09 (no projection)
[ok] toronto_query_-8imnyri_5yPaHzqoBtiSg direction seed=5678 gain=1.510 max|d|=24.15 (projection 16)
[ok] toronto_query_-8imnyri_5yPaHzqoBtiSg direction_eot seed=5678 gain=1.210 max|d|=19.36 (projection 16)
[ok] toronto_query_-8imnyri_5yPaHzqoBtiSg isotropic seed=5678 gain=7.754 max|d|=34.79 (no projection)
[ok] toronto_query_-8imnyri_5yPaHzqoBtiSg direction seed=9012 gain=1.528 max|d|=24.45 (projection 16)
[ok] toronto_query_-8imnyri_5yPaHzqoBtiSg direction_eot seed=9012 gain=1.215 max|d|=19.43 (projection 16)
[ok] toronto_query_-8imnyri_5yPaHzqoBtiSg isotropic seed=9012 gain=7.764 max|d|=34.56 (no projection)
[ok] zurich_query_-_SB4ERKdFDYkwavdkk6NA direction seed=5678 gain=1.479 max|d|=23.67 (projection 16)
[ok] zurich_query_-_SB4ERKdFDYkwavdkk6NA direction_eot seed=5678 gain=1.173 max|d|=18.77 (projection 16)
[ok] zurich_query_-_SB4ERKdFDYkwavdkk6NA isotropic seed=5678 gain=7.863 max|d|=37.96 (no projection)
[ok] zurich_query_-_SB4ERKdFDYkwavdkk6NA direction seed=9012 gain=1.465 max|d|=23.44 (projection 16)
[ok] zurich_query_-_SB4ERKdFDYkwavdkk6NA direction_eot seed=9012 gain=1.144 max|d|=18.31 (projection 16)
[ok] zurich_query_-_SB4ERKdFDYkwavdkk6NA isotropic seed=9012 gain=7.852 max|d|=39.86 (no projection)
[ok] amman_query_0NfGsYmI9MkLl0JzfO-tJg direction seed=5678 gain=1.562 max|d|=25.00 (projection 16)
[ok] amman_query_0NfGsYmI9MkLl0JzfO-tJg direction_eot seed=5678 gain=1.254 max|d|=20.06 (projection 16)
[ok] amman_query_0NfGsYmI9MkLl0JzfO-tJg isotropic seed=5678 gain=7.757 max|d|=37.18 (no projection)
[ok] amman_query_0NfGsYmI9MkLl0JzfO-tJg direction seed=9012 gain=1.573 max|d|=25.17 (projection 16)
[ok] amman_query_0NfGsYmI9MkLl0JzfO-tJg direction_eot seed=9012 gain=1.229 max|d|=19.66 (projection 16)
[ok] amman_query_0NfGsYmI9MkLl0JzfO-tJg isotropic seed=9012 gain=7.756 max|d|=37.96 (no projection)
[ok] boston_query_-DZ2jmUKLylFospVHUJx9w direction seed=5678 gain=1.537 max|d|=24.59 (projection 16)
[ok] boston_query_-DZ2jmUKLylFospVHUJx9w direction_eot seed=5678 gain=1.213 max|d|=19.41 (projection 16)
[ok] boston_query_-DZ2jmUKLylFospVHUJx9w isotropic seed=5678 gain=7.804 max|d|=35.91 (no projection)
[ok] boston_query_-DZ2jmUKLylFospVHUJx9w direction seed=9012 gain=1.544 max|d|=24.71 (projection 16)
[ok] boston_query_-DZ2jmUKLylFospVHUJx9w direction_eot seed=9012 gain=1.245 max|d|=19.93 (projection 16)
[ok] boston_query_-DZ2jmUKLylFospVHUJx9w isotropic seed=9012 gain=7.389 max|d|=33.55 (no projection)
[ok] cph_query_-CmhgNHgZVau1Sw841AZJw direction seed=5678 gain=1.549 max|d|=24.79 (projection 16)
[ok] cph_query_-CmhgNHgZVau1Sw841AZJw direction_eot seed=5678 gain=1.221 max|d|=19.54 (projection 16)
[ok] cph_query_-CmhgNHgZVau1Sw841AZJw isotropic seed=5678 gain=7.838 max|d|=39.19 (no projection)
[ok] cph_query_-CmhgNHgZVau1Sw841AZJw direction seed=9012 gain=1.572 max|d|=25.15 (projection 16)
[ok] cph_query_-CmhgNHgZVau1Sw841AZJw direction_eot seed=9012 gain=1.233 max|d|=19.73 (projection 16)
[ok] cph_query_-CmhgNHgZVau1Sw841AZJw isotropic seed=9012 gain=6.312 max|d|=34.37 (no projection)
[ok] london_query_-WZeEq0W1pr6VJS4t3dR0g direction seed=5678 gain=1.546 max|d|=24.73 (projection 16)
[ok] london_query_-WZeEq0W1pr6VJS4t3dR0g direction_eot seed=5678 gain=1.246 max|d|=19.94 (projection 16)
[ok] london_query_-WZeEq0W1pr6VJS4t3dR0g isotropic seed=5678 gain=7.938 max|d|=35.52 (no projection)
[ok] london_query_-WZeEq0W1pr6VJS4t3dR0g direction seed=9012 gain=1.542 max|d|=24.67 (projection 16)
[ok] london_query_-WZeEq0W1pr6VJS4t3dR0g direction_eot seed=9012 gain=1.250 max|d|=20.00 (projection 16)
[ok] london_query_-WZeEq0W1pr6VJS4t3dR0g isotropic seed=9012 gain=7.928 max|d|=35.63 (no projection)
[ok] manila_query_-GD9SrklFbEy7mNAK9uIXg direction seed=5678 gain=1.553 max|d|=24.85 (projection 16)
[ok] manila_query_-GD9SrklFbEy7mNAK9uIXg direction_eot seed=5678 gain=1.241 max|d|=19.85 (projection 16)
[ok] manila_query_-GD9SrklFbEy7mNAK9uIXg isotropic seed=5678 gain=7.848 max|d|=35.00 (no projection)
[ok] manila_query_-GD9SrklFbEy7mNAK9uIXg direction seed=9012 gain=1.576 max|d|=25.21 (projection 16)
[ok] manila_query_-GD9SrklFbEy7mNAK9uIXg direction_eot seed=9012 gain=1.270 max|d|=20.32 (projection 16)
[ok] manila_query_-GD9SrklFbEy7mNAK9uIXg isotropic seed=9012 gain=7.467 max|d|=32.69 (no projection)
[ok] nairobi_query_0o5iaNnZzqS9cqJ1tMT85g direction seed=5678 gain=1.492 max|d|=23.88 (projection 16)
[ok] nairobi_query_0o5iaNnZzqS9cqJ1tMT85g direction_eot seed=5678 gain=1.138 max|d|=18.21 (projection 16)
[ok] nairobi_query_0o5iaNnZzqS9cqJ1tMT85g isotropic seed=5678 gain=7.735 max|d|=32.39 (no projection)
[ok] nairobi_query_0o5iaNnZzqS9cqJ1tMT85g direction seed=9012 gain=1.470 max|d|=23.51 (projection 16)
[ok] nairobi_query_0o5iaNnZzqS9cqJ1tMT85g direction_eot seed=9012 gain=1.071 max|d|=17.14 (projection 16)
[ok] nairobi_query_0o5iaNnZzqS9cqJ1tMT85g isotropic seed=9012 gain=7.784 max|d|=36.33 (no projection)
[ok] toronto_query_-8zrNMH6voa2ZtBaGNpoYQ direction seed=5678 gain=1.547 max|d|=24.75 (projection 16)
[ok] toronto_query_-8zrNMH6voa2ZtBaGNpoYQ direction_eot seed=5678 gain=1.187 max|d|=18.99 (projection 16)
[ok] toronto_query_-8zrNMH6voa2ZtBaGNpoYQ isotropic seed=5678 gain=7.719 max|d|=34.98 (no projection)
[ok] toronto_query_-8zrNMH6voa2ZtBaGNpoYQ direction seed=9012 gain=1.548 max|d|=24.76 (projection 16)
[ok] toronto_query_-8zrNMH6voa2ZtBaGNpoYQ direction_eot seed=9012 gain=1.232 max|d|=19.71 (projection 16)
[ok] toronto_query_-8zrNMH6voa2ZtBaGNpoYQ isotropic seed=9012 gain=7.489 max|d|=35.07 (no projection)
[ok] zurich_query_-bwmsEYfSnHpjkqrw0Vn6g direction seed=5678 gain=1.538 max|d|=24.60 (projection 16)
[ok] zurich_query_-bwmsEYfSnHpjkqrw0Vn6g direction_eot seed=5678 gain=1.199 max|d|=19.19 (projection 16)
[ok] zurich_query_-bwmsEYfSnHpjkqrw0Vn6g isotropic seed=5678 gain=7.872 max|d|=36.09 (no projection)
[ok] zurich_query_-bwmsEYfSnHpjkqrw0Vn6g direction seed=9012 gain=1.521 max|d|=24.33 (projection 16)
[ok] zurich_query_-bwmsEYfSnHpjkqrw0Vn6g direction_eot seed=9012 gain=1.213 max|d|=19.41 (projection 16)
[ok] zurich_query_-bwmsEYfSnHpjkqrw0Vn6g isotropic seed=9012 gain=7.880 max|d|=34.83 (no projection)
[ok] amman_query_0PLHged3iWJuuv8xOPB5rA direction seed=5678 gain=1.537 max|d|=24.59 (projection 16)
[ok] amman_query_0PLHged3iWJuuv8xOPB5rA direction_eot seed=5678 gain=1.250 max|d|=20.01 (projection 16)
[ok] amman_query_0PLHged3iWJuuv8xOPB5rA isotropic seed=5678 gain=7.789 max|d|=34.12 (no projection)
[ok] amman_query_0PLHged3iWJuuv8xOPB5rA direction seed=9012 gain=1.554 max|d|=24.87 (projection 16)
[ok] amman_query_0PLHged3iWJuuv8xOPB5rA direction_eot seed=9012 gain=1.237 max|d|=19.80 (projection 16)
[ok] amman_query_0PLHged3iWJuuv8xOPB5rA isotropic seed=9012 gain=7.781 max|d|=33.80 (no projection)
[ok] boston_query_-EHBZ4-3d6vENYYFm7mWEw direction seed=5678 gain=1.605 max|d|=25.68 (projection 16)
[ok] boston_query_-EHBZ4-3d6vENYYFm7mWEw direction_eot seed=5678 gain=1.289 max|d|=20.62 (projection 16)
[ok] boston_query_-EHBZ4-3d6vENYYFm7mWEw isotropic seed=5678 gain=7.521 max|d|=35.57 (no projection)
[ok] boston_query_-EHBZ4-3d6vENYYFm7mWEw direction seed=9012 gain=1.610 max|d|=25.76 (projection 16)
[ok] boston_query_-EHBZ4-3d6vENYYFm7mWEw direction_eot seed=9012 gain=1.295 max|d|=20.73 (projection 16)
[ok] boston_query_-EHBZ4-3d6vENYYFm7mWEw isotropic seed=9012 gain=7.897 max|d|=37.87 (no projection)
[ok] cph_query_-CrgHhqoywCPgzsSAabnsw direction seed=5678 gain=1.568 max|d|=25.09 (projection 16)
[ok] cph_query_-CrgHhqoywCPgzsSAabnsw direction_eot seed=5678 gain=1.268 max|d|=20.29 (projection 16)
[ok] cph_query_-CrgHhqoywCPgzsSAabnsw isotropic seed=5678 gain=7.774 max|d|=35.67 (no projection)
[ok] cph_query_-CrgHhqoywCPgzsSAabnsw direction seed=9012 gain=1.598 max|d|=25.57 (projection 16)
[ok] cph_query_-CrgHhqoywCPgzsSAabnsw direction_eot seed=9012 gain=1.238 max|d|=19.81 (projection 16)
[ok] cph_query_-CrgHhqoywCPgzsSAabnsw isotropic seed=9012 gain=7.760 max|d|=35.27 (no projection)
[ok] london_query_-WyzcGh-_EYVhI50Y9F08Q direction seed=5678 gain=1.520 max|d|=24.31 (projection 16)
[ok] london_query_-WyzcGh-_EYVhI50Y9F08Q direction_eot seed=5678 gain=1.249 max|d|=19.98 (projection 16)
[ok] london_query_-WyzcGh-_EYVhI50Y9F08Q isotropic seed=5678 gain=7.895 max|d|=36.81 (no projection)
[ok] london_query_-WyzcGh-_EYVhI50Y9F08Q direction seed=9012 gain=1.553 max|d|=24.84 (projection 16)
[ok] london_query_-WyzcGh-_EYVhI50Y9F08Q direction_eot seed=9012 gain=1.233 max|d|=19.72 (projection 16)
[ok] london_query_-WyzcGh-_EYVhI50Y9F08Q isotropic seed=9012 gain=7.915 max|d|=36.74 (no projection)
[ok] manila_query_-GRDcYlSjwLZPQ0LqKatqA direction seed=5678 gain=1.494 max|d|=23.90 (projection 16)
[ok] manila_query_-GRDcYlSjwLZPQ0LqKatqA direction_eot seed=5678 gain=1.151 max|d|=18.41 (projection 16)
[ok] manila_query_-GRDcYlSjwLZPQ0LqKatqA isotropic seed=5678 gain=7.759 max|d|=34.50 (no projection)
[ok] manila_query_-GRDcYlSjwLZPQ0LqKatqA direction seed=9012 gain=1.514 max|d|=24.22 (projection 16)
[ok] manila_query_-GRDcYlSjwLZPQ0LqKatqA direction_eot seed=9012 gain=1.195 max|d|=19.12 (projection 16)
[ok] manila_query_-GRDcYlSjwLZPQ0LqKatqA isotropic seed=9012 gain=7.773 max|d|=37.19 (no projection)
[ok] nairobi_query_0u9pYEI4g20T0TGGb3Q_mw direction seed=5678 gain=1.581 max|d|=25.30 (projection 16)
[ok] nairobi_query_0u9pYEI4g20T0TGGb3Q_mw direction_eot seed=5678 gain=1.217 max|d|=19.48 (projection 16)
[ok] nairobi_query_0u9pYEI4g20T0TGGb3Q_mw isotropic seed=5678 gain=7.760 max|d|=37.35 (no projection)
[ok] nairobi_query_0u9pYEI4g20T0TGGb3Q_mw direction seed=9012 gain=1.575 max|d|=25.21 (projection 16)
[ok] nairobi_query_0u9pYEI4g20T0TGGb3Q_mw direction_eot seed=9012 gain=1.214 max|d|=19.42 (projection 16)
[ok] nairobi_query_0u9pYEI4g20T0TGGb3Q_mw isotropic seed=9012 gain=7.766 max|d|=35.94 (no projection)
[ok] toronto_query_-90qYles5GKU3ikhCYP3xg direction seed=5678 gain=1.520 max|d|=24.32 (projection 16)
[ok] toronto_query_-90qYles5GKU3ikhCYP3xg direction_eot seed=5678 gain=1.225 max|d|=19.60 (projection 16)
[ok] toronto_query_-90qYles5GKU3ikhCYP3xg isotropic seed=5678 gain=7.783 max|d|=35.75 (no projection)
[ok] toronto_query_-90qYles5GKU3ikhCYP3xg direction seed=9012 gain=1.513 max|d|=24.20 (projection 16)
[ok] toronto_query_-90qYles5GKU3ikhCYP3xg direction_eot seed=9012 gain=1.193 max|d|=19.09 (projection 16)
[ok] toronto_query_-90qYles5GKU3ikhCYP3xg isotropic seed=9012 gain=7.768 max|d|=35.19 (no projection)
[ok] zurich_query_-ckZ0rXdz4mibIinNjdoZQ direction seed=5678 gain=1.594 max|d|=25.51 (projection 16)
[ok] zurich_query_-ckZ0rXdz4mibIinNjdoZQ direction_eot seed=5678 gain=1.263 max|d|=20.21 (projection 16)
[ok] zurich_query_-ckZ0rXdz4mibIinNjdoZQ isotropic seed=5678 gain=7.757 max|d|=35.79 (no projection)
[ok] zurich_query_-ckZ0rXdz4mibIinNjdoZQ direction seed=9012 gain=1.584 max|d|=25.34 (projection 16)
[ok] zurich_query_-ckZ0rXdz4mibIinNjdoZQ direction_eot seed=9012 gain=1.275 max|d|=20.40 (projection 16)
[ok] zurich_query_-ckZ0rXdz4mibIinNjdoZQ isotropic seed=9012 gain=7.794 max|d|=35.56 (no projection)
[ok] amman_query_0R0A_PhOAjP-uMDPM7p7mA direction seed=5678 gain=1.453 max|d|=23.25 (projection 16)
[ok] amman_query_0R0A_PhOAjP-uMDPM7p7mA direction_eot seed=5678 gain=1.220 max|d|=19.52 (projection 16)
[ok] amman_query_0R0A_PhOAjP-uMDPM7p7mA isotropic seed=5678 gain=7.785 max|d|=33.59 (no projection)
[ok] amman_query_0R0A_PhOAjP-uMDPM7p7mA direction seed=9012 gain=1.485 max|d|=23.75 (projection 16)
[ok] amman_query_0R0A_PhOAjP-uMDPM7p7mA direction_eot seed=9012 gain=1.195 max|d|=19.12 (projection 16)
[ok] amman_query_0R0A_PhOAjP-uMDPM7p7mA isotropic seed=9012 gain=7.788 max|d|=36.39 (no projection)
[ok] boston_query_-F1y-kaybMQbp8p7UR03TA direction seed=5678 gain=1.463 max|d|=23.40 (projection 16)
[ok] boston_query_-F1y-kaybMQbp8p7UR03TA direction_eot seed=5678 gain=1.126 max|d|=18.01 (projection 16)
[ok] boston_query_-F1y-kaybMQbp8p7UR03TA isotropic seed=5678 gain=7.839 max|d|=36.30 (no projection)
[ok] boston_query_-F1y-kaybMQbp8p7UR03TA direction seed=9012 gain=1.450 max|d|=23.19 (projection 16)
[ok] boston_query_-F1y-kaybMQbp8p7UR03TA direction_eot seed=9012 gain=1.154 max|d|=18.47 (projection 16)
[ok] boston_query_-F1y-kaybMQbp8p7UR03TA isotropic seed=9012 gain=7.853 max|d|=38.98 (no projection)
[ok] cph_query_-EJZ9qR_FRIGfCF6DhQCJg direction seed=5678 gain=1.429 max|d|=22.86 (projection 16)
[ok] cph_query_-EJZ9qR_FRIGfCF6DhQCJg direction_eot seed=5678 gain=1.176 max|d|=18.81 (projection 16)
[ok] cph_query_-EJZ9qR_FRIGfCF6DhQCJg isotropic seed=5678 gain=7.753 max|d|=34.92 (no projection)
[ok] cph_query_-EJZ9qR_FRIGfCF6DhQCJg direction seed=9012 gain=1.430 max|d|=22.88 (projection 16)
[ok] cph_query_-EJZ9qR_FRIGfCF6DhQCJg direction_eot seed=9012 gain=1.174 max|d|=18.78 (projection 16)
[ok] cph_query_-EJZ9qR_FRIGfCF6DhQCJg isotropic seed=9012 gain=7.791 max|d|=37.81 (no projection)
[ok] london_query_-XIh6yuegk86oURAbggPpw direction seed=5678 gain=1.407 max|d|=22.51 (projection 16)
[ok] london_query_-XIh6yuegk86oURAbggPpw direction_eot seed=5678 gain=1.133 max|d|=18.13 (projection 16)
[ok] london_query_-XIh6yuegk86oURAbggPpw isotropic seed=5678 gain=7.767 max|d|=35.79 (no projection)
[ok] london_query_-XIh6yuegk86oURAbggPpw direction seed=9012 gain=1.417 max|d|=22.68 (projection 16)
[ok] london_query_-XIh6yuegk86oURAbggPpw direction_eot seed=9012 gain=1.129 max|d|=18.06 (projection 16)
[ok] london_query_-XIh6yuegk86oURAbggPpw isotropic seed=9012 gain=7.783 max|d|=37.30 (no projection)
[ok] manila_query_-GYvqZ8BYSfzGUbFI13obA direction seed=5678 gain=1.591 max|d|=25.45 (projection 16)
[ok] manila_query_-GYvqZ8BYSfzGUbFI13obA direction_eot seed=5678 gain=1.292 max|d|=20.67 (projection 16)
[ok] manila_query_-GYvqZ8BYSfzGUbFI13obA isotropic seed=5678 gain=8.133 max|d|=39.91 (no projection)
[ok] manila_query_-GYvqZ8BYSfzGUbFI13obA direction seed=9012 gain=1.596 max|d|=25.53 (projection 16)
[ok] manila_query_-GYvqZ8BYSfzGUbFI13obA direction_eot seed=9012 gain=1.218 max|d|=19.49 (projection 16)
[ok] manila_query_-GYvqZ8BYSfzGUbFI13obA isotropic seed=9012 gain=8.119 max|d|=38.26 (no projection)
[ok] nairobi_query_16KxNH7RD-4ITdBTZKvAXw direction seed=5678 gain=1.630 max|d|=26.08 (projection 16)
[ok] nairobi_query_16KxNH7RD-4ITdBTZKvAXw direction_eot seed=5678 gain=1.334 max|d|=21.34 (projection 16)
[ok] nairobi_query_16KxNH7RD-4ITdBTZKvAXw isotropic seed=5678 gain=8.020 max|d|=36.85 (no projection)
[ok] nairobi_query_16KxNH7RD-4ITdBTZKvAXw direction seed=9012 gain=1.652 max|d|=26.44 (projection 16)
[ok] nairobi_query_16KxNH7RD-4ITdBTZKvAXw direction_eot seed=9012 gain=1.296 max|d|=20.73 (projection 16)
[ok] nairobi_query_16KxNH7RD-4ITdBTZKvAXw isotropic seed=9012 gain=8.017 max|d|=35.63 (no projection)
[ok] toronto_query_-95Ypw11XUgNqZdY5m4GCw direction seed=5678 gain=1.557 max|d|=24.92 (projection 16)
[ok] toronto_query_-95Ypw11XUgNqZdY5m4GCw direction_eot seed=5678 gain=1.257 max|d|=20.10 (projection 16)
[ok] toronto_query_-95Ypw11XUgNqZdY5m4GCw isotropic seed=5678 gain=8.024 max|d|=37.53 (no projection)
[ok] toronto_query_-95Ypw11XUgNqZdY5m4GCw direction seed=9012 gain=1.568 max|d|=25.09 (projection 16)
[ok] toronto_query_-95Ypw11XUgNqZdY5m4GCw direction_eot seed=9012 gain=1.267 max|d|=20.27 (projection 16)
[ok] toronto_query_-95Ypw11XUgNqZdY5m4GCw isotropic seed=9012 gain=7.935 max|d|=37.16 (no projection)
[ok] zurich_query_-fOHAPAq-KX4XPlg0JJPvg direction seed=5678 gain=1.483 max|d|=23.73 (projection 16)
[ok] zurich_query_-fOHAPAq-KX4XPlg0JJPvg direction_eot seed=5678 gain=1.186 max|d|=18.98 (projection 16)
[ok] zurich_query_-fOHAPAq-KX4XPlg0JJPvg isotropic seed=5678 gain=8.119 max|d|=40.18 (no projection)
[ok] zurich_query_-fOHAPAq-KX4XPlg0JJPvg direction seed=9012 gain=1.484 max|d|=23.75 (projection 16)
[ok] zurich_query_-fOHAPAq-KX4XPlg0JJPvg direction_eot seed=9012 gain=1.224 max|d|=19.58 (projection 16)
[ok] zurich_query_-fOHAPAq-KX4XPlg0JJPvg isotropic seed=9012 gain=8.173 max|d|=38.79 (no projection)
[ok] amman_query_0RRGZCCzxqj8dJzhN-RnQQ direction seed=5678 gain=1.523 max|d|=24.36 (projection 16)
[ok] amman_query_0RRGZCCzxqj8dJzhN-RnQQ direction_eot seed=5678 gain=1.149 max|d|=18.39 (projection 16)
[ok] amman_query_0RRGZCCzxqj8dJzhN-RnQQ isotropic seed=5678 gain=7.658 max|d|=35.06 (no projection)
[ok] amman_query_0RRGZCCzxqj8dJzhN-RnQQ direction seed=9012 gain=1.478 max|d|=23.64 (projection 16)
[ok] amman_query_0RRGZCCzxqj8dJzhN-RnQQ direction_eot seed=9012 gain=1.188 max|d|=19.01 (projection 16)
[ok] amman_query_0RRGZCCzxqj8dJzhN-RnQQ isotropic seed=9012 gain=7.811 max|d|=37.93 (no projection)
[ok] boston_query_-GJo3fVMwIWZoCYgf09NLQ direction seed=5678 gain=1.436 max|d|=22.98 (projection 16)
[ok] boston_query_-GJo3fVMwIWZoCYgf09NLQ direction_eot seed=5678 gain=1.143 max|d|=18.29 (projection 16)
[ok] boston_query_-GJo3fVMwIWZoCYgf09NLQ isotropic seed=5678 gain=8.105 max|d|=38.32 (no projection)
[ok] boston_query_-GJo3fVMwIWZoCYgf09NLQ direction seed=9012 gain=1.461 max|d|=23.37 (projection 16)
[ok] boston_query_-GJo3fVMwIWZoCYgf09NLQ direction_eot seed=9012 gain=1.160 max|d|=18.57 (projection 16)
[ok] boston_query_-GJo3fVMwIWZoCYgf09NLQ isotropic seed=9012 gain=8.076 max|d|=41.77 (no projection)
[ok] cph_query_-Eb1W6216G9S88OFy95k4Q direction seed=5678 gain=1.366 max|d|=21.86 (projection 16)
[ok] cph_query_-Eb1W6216G9S88OFy95k4Q direction_eot seed=5678 gain=1.116 max|d|=17.86 (projection 16)
[ok] cph_query_-Eb1W6216G9S88OFy95k4Q isotropic seed=5678 gain=7.767 max|d|=34.96 (no projection)
[ok] cph_query_-Eb1W6216G9S88OFy95k4Q direction seed=9012 gain=1.395 max|d|=22.32 (projection 16)
[ok] cph_query_-Eb1W6216G9S88OFy95k4Q direction_eot seed=9012 gain=1.119 max|d|=17.90 (projection 16)
[ok] cph_query_-Eb1W6216G9S88OFy95k4Q isotropic seed=9012 gain=7.764 max|d|=34.97 (no projection)
[ok] london_query_-XZRTRoj7LEefbZ7UDBzXg direction seed=5678 gain=1.442 max|d|=23.07 (projection 16)
[ok] london_query_-XZRTRoj7LEefbZ7UDBzXg direction_eot seed=5678 gain=1.179 max|d|=18.86 (projection 16)
[ok] london_query_-XZRTRoj7LEefbZ7UDBzXg isotropic seed=5678 gain=7.844 max|d|=34.53 (no projection)
[ok] london_query_-XZRTRoj7LEefbZ7UDBzXg direction seed=9012 gain=1.446 max|d|=23.14 (projection 16)
[ok] london_query_-XZRTRoj7LEefbZ7UDBzXg direction_eot seed=9012 gain=1.196 max|d|=19.14 (projection 16)
[ok] london_query_-XZRTRoj7LEefbZ7UDBzXg isotropic seed=9012 gain=7.848 max|d|=37.04 (no projection)
[ok] manila_query_-HF88JWAO1GDy0F6B4ZeZg direction seed=5678 gain=1.546 max|d|=24.74 (projection 16)
[ok] manila_query_-HF88JWAO1GDy0F6B4ZeZg direction_eot seed=5678 gain=1.265 max|d|=20.25 (projection 16)
[ok] manila_query_-HF88JWAO1GDy0F6B4ZeZg isotropic seed=5678 gain=7.771 max|d|=39.25 (no projection)
[ok] manila_query_-HF88JWAO1GDy0F6B4ZeZg direction seed=9012 gain=1.565 max|d|=25.04 (projection 16)
[ok] manila_query_-HF88JWAO1GDy0F6B4ZeZg direction_eot seed=9012 gain=1.224 max|d|=19.58 (projection 16)
[ok] manila_query_-HF88JWAO1GDy0F6B4ZeZg isotropic seed=9012 gain=7.789 max|d|=38.23 (no projection)
[ok] nairobi_query_183WoPTmmjfRAAmVLL6TDw direction seed=5678 gain=1.635 max|d|=26.16 (projection 16)
[ok] nairobi_query_183WoPTmmjfRAAmVLL6TDw direction_eot seed=5678 gain=1.298 max|d|=20.78 (projection 16)
[ok] nairobi_query_183WoPTmmjfRAAmVLL6TDw isotropic seed=5678 gain=7.761 max|d|=37.56 (no projection)
[ok] nairobi_query_183WoPTmmjfRAAmVLL6TDw direction seed=9012 gain=1.615 max|d|=25.83 (projection 16)
[ok] nairobi_query_183WoPTmmjfRAAmVLL6TDw direction_eot seed=9012 gain=1.272 max|d|=20.35 (projection 16)
[ok] nairobi_query_183WoPTmmjfRAAmVLL6TDw isotropic seed=9012 gain=7.766 max|d|=37.37 (no projection)
[ok] toronto_query_-9p2_cESNINnXfab4o-dKQ direction seed=5678 gain=1.503 max|d|=24.05 (projection 16)
[ok] toronto_query_-9p2_cESNINnXfab4o-dKQ direction_eot seed=5678 gain=1.186 max|d|=18.97 (projection 16)
[ok] toronto_query_-9p2_cESNINnXfab4o-dKQ isotropic seed=5678 gain=6.785 max|d|=34.10 (no projection)
[ok] toronto_query_-9p2_cESNINnXfab4o-dKQ direction seed=9012 gain=1.489 max|d|=23.82 (projection 16)
[ok] toronto_query_-9p2_cESNINnXfab4o-dKQ direction_eot seed=9012 gain=1.237 max|d|=19.79 (projection 16)
[ok] toronto_query_-9p2_cESNINnXfab4o-dKQ isotropic seed=9012 gain=7.819 max|d|=37.76 (no projection)
[ok] zurich_query_-iln48QPRjkI40nJSzd6lg direction seed=5678 gain=1.476 max|d|=23.61 (projection 16)
[ok] zurich_query_-iln48QPRjkI40nJSzd6lg direction_eot seed=5678 gain=1.187 max|d|=18.99 (projection 16)
[ok] zurich_query_-iln48QPRjkI40nJSzd6lg isotropic seed=5678 gain=7.793 max|d|=35.25 (no projection)
[ok] zurich_query_-iln48QPRjkI40nJSzd6lg direction seed=9012 gain=1.470 max|d|=23.52 (projection 16)
[ok] zurich_query_-iln48QPRjkI40nJSzd6lg direction_eot seed=9012 gain=1.182 max|d|=18.90 (projection 16)
[ok] zurich_query_-iln48QPRjkI40nJSzd6lg isotropic seed=9012 gain=6.974 max|d|=34.45 (no projection)
[ok] amman_query_0fPb7in-cHyh0MAM_N6Zwg direction seed=5678 gain=1.449 max|d|=23.19 (projection 16)
[ok] amman_query_0fPb7in-cHyh0MAM_N6Zwg direction_eot seed=5678 gain=1.167 max|d|=18.67 (projection 16)
[ok] amman_query_0fPb7in-cHyh0MAM_N6Zwg isotropic seed=5678 gain=7.764 max|d|=36.24 (no projection)
[ok] amman_query_0fPb7in-cHyh0MAM_N6Zwg direction seed=9012 gain=1.457 max|d|=23.31 (projection 16)
[ok] amman_query_0fPb7in-cHyh0MAM_N6Zwg direction_eot seed=9012 gain=1.161 max|d|=18.57 (projection 16)
[ok] amman_query_0fPb7in-cHyh0MAM_N6Zwg isotropic seed=9012 gain=7.764 max|d|=35.44 (no projection)
[ok] boston_query_-HufF4iDO00S4hZK96hUyw direction seed=5678 gain=1.483 max|d|=23.72 (projection 16)
[ok] boston_query_-HufF4iDO00S4hZK96hUyw direction_eot seed=5678 gain=1.189 max|d|=19.02 (projection 16)
[ok] boston_query_-HufF4iDO00S4hZK96hUyw isotropic seed=5678 gain=7.831 max|d|=38.65 (no projection)
[ok] boston_query_-HufF4iDO00S4hZK96hUyw direction seed=9012 gain=1.480 max|d|=23.67 (projection 16)
[ok] boston_query_-HufF4iDO00S4hZK96hUyw direction_eot seed=9012 gain=1.180 max|d|=18.89 (projection 16)
[ok] boston_query_-HufF4iDO00S4hZK96hUyw isotropic seed=9012 gain=7.822 max|d|=39.63 (no projection)
[ok] cph_query_-Efn_mUBXLqGWGzUw3Youw direction seed=5678 gain=1.472 max|d|=23.55 (projection 16)
[ok] cph_query_-Efn_mUBXLqGWGzUw3Youw direction_eot seed=5678 gain=1.203 max|d|=19.25 (projection 16)
[ok] cph_query_-Efn_mUBXLqGWGzUw3Youw isotropic seed=5678 gain=7.842 max|d|=40.31 (no projection)
[ok] cph_query_-Efn_mUBXLqGWGzUw3Youw direction seed=9012 gain=1.438 max|d|=23.00 (projection 16)
[ok] cph_query_-Efn_mUBXLqGWGzUw3Youw direction_eot seed=9012 gain=1.180 max|d|=18.88 (projection 16)
[ok] cph_query_-Efn_mUBXLqGWGzUw3Youw isotropic seed=9012 gain=7.856 max|d|=35.79 (no projection)
[ok] london_query_-b5BCVv9Qd6OhZGxpoqS5A direction seed=5678 gain=1.392 max|d|=22.27 (projection 16)
[ok] london_query_-b5BCVv9Qd6OhZGxpoqS5A direction_eot seed=5678 gain=1.126 max|d|=18.01 (projection 16)
[ok] london_query_-b5BCVv9Qd6OhZGxpoqS5A isotropic seed=5678 gain=8.053 max|d|=38.50 (no projection)
[ok] london_query_-b5BCVv9Qd6OhZGxpoqS5A direction seed=9012 gain=1.449 max|d|=23.19 (projection 16)
[ok] london_query_-b5BCVv9Qd6OhZGxpoqS5A direction_eot seed=9012 gain=1.165 max|d|=18.64 (projection 16)
[ok] london_query_-b5BCVv9Qd6OhZGxpoqS5A isotropic seed=9012 gain=8.051 max|d|=38.92 (no projection)
[ok] manila_query_-KU1q5fdqSI_GghxKumbeg direction seed=5678 gain=1.438 max|d|=23.00 (projection 16)
[ok] manila_query_-KU1q5fdqSI_GghxKumbeg direction_eot seed=5678 gain=1.166 max|d|=18.65 (projection 16)
[ok] manila_query_-KU1q5fdqSI_GghxKumbeg isotropic seed=5678 gain=7.198 max|d|=35.59 (no projection)
[ok] manila_query_-KU1q5fdqSI_GghxKumbeg direction seed=9012 gain=1.429 max|d|=22.87 (projection 16)
[ok] manila_query_-KU1q5fdqSI_GghxKumbeg direction_eot seed=9012 gain=1.168 max|d|=18.69 (projection 16)
[ok] manila_query_-KU1q5fdqSI_GghxKumbeg isotropic seed=9012 gain=7.966 max|d|=37.44 (no projection)
[ok] nairobi_query_19K8RILgg4ErFKJ9l5D9zQ direction seed=5678 gain=1.670 max|d|=26.73 (projection 16)
[ok] nairobi_query_19K8RILgg4ErFKJ9l5D9zQ direction_eot seed=5678 gain=1.342 max|d|=21.48 (projection 16)
[ok] nairobi_query_19K8RILgg4ErFKJ9l5D9zQ isotropic seed=5678 gain=7.381 max|d|=35.65 (no projection)
[ok] nairobi_query_19K8RILgg4ErFKJ9l5D9zQ direction seed=9012 gain=1.664 max|d|=26.62 (projection 16)
[ok] nairobi_query_19K8RILgg4ErFKJ9l5D9zQ direction_eot seed=9012 gain=1.311 max|d|=20.98 (projection 16)
[ok] nairobi_query_19K8RILgg4ErFKJ9l5D9zQ isotropic seed=9012 gain=7.889 max|d|=37.69 (no projection)
[ok] toronto_query_-Af6Q3npKjccLu7TwYvlsQ direction seed=5678 gain=1.518 max|d|=24.28 (projection 16)
[ok] toronto_query_-Af6Q3npKjccLu7TwYvlsQ direction_eot seed=5678 gain=1.188 max|d|=19.01 (projection 16)
[ok] toronto_query_-Af6Q3npKjccLu7TwYvlsQ isotropic seed=5678 gain=7.880 max|d|=35.80 (no projection)
[ok] toronto_query_-Af6Q3npKjccLu7TwYvlsQ direction seed=9012 gain=1.545 max|d|=24.71 (projection 16)
[ok] toronto_query_-Af6Q3npKjccLu7TwYvlsQ direction_eot seed=9012 gain=1.207 max|d|=19.31 (projection 16)
[ok] toronto_query_-Af6Q3npKjccLu7TwYvlsQ isotropic seed=9012 gain=7.876 max|d|=40.46 (no projection)
[ok] zurich_query_-ldtR3_I7eHdDGYU5BNczg direction seed=5678 gain=1.384 max|d|=22.14 (projection 16)
[ok] zurich_query_-ldtR3_I7eHdDGYU5BNczg direction_eot seed=5678 gain=1.076 max|d|=17.21 (projection 16)
[ok] zurich_query_-ldtR3_I7eHdDGYU5BNczg isotropic seed=5678 gain=7.756 max|d|=34.46 (no projection)
[ok] zurich_query_-ldtR3_I7eHdDGYU5BNczg direction seed=9012 gain=1.388 max|d|=22.20 (projection 16)
[ok] zurich_query_-ldtR3_I7eHdDGYU5BNczg direction_eot seed=9012 gain=1.115 max|d|=17.85 (projection 16)
[ok] zurich_query_-ldtR3_I7eHdDGYU5BNczg isotropic seed=9012 gain=7.734 max|d|=36.48 (no projection)
[ok] amman_query_0mtodUgJmOV4UK-0AiTGHg direction seed=5678 gain=1.496 max|d|=23.93 (projection 16)
[ok] amman_query_0mtodUgJmOV4UK-0AiTGHg direction_eot seed=5678 gain=1.189 max|d|=19.02 (projection 16)
[ok] amman_query_0mtodUgJmOV4UK-0AiTGHg isotropic seed=5678 gain=7.807 max|d|=34.87 (no projection)
[ok] amman_query_0mtodUgJmOV4UK-0AiTGHg direction seed=9012 gain=1.487 max|d|=23.79 (projection 16)
[ok] amman_query_0mtodUgJmOV4UK-0AiTGHg direction_eot seed=9012 gain=1.188 max|d|=19.01 (projection 16)
[ok] amman_query_0mtodUgJmOV4UK-0AiTGHg isotropic seed=9012 gain=7.744 max|d|=36.29 (no projection)
[ok] boston_query_-IYAXZ4yoOS7SzEIu2m-me direction seed=5678 gain=1.599 max|d|=25.59 (projection 16)
[ok] boston_query_-IYAXZ4yoOS7SzEIu2m-me direction_eot seed=5678 gain=1.193 max|d|=19.09 (projection 16)
[ok] boston_query_-IYAXZ4yoOS7SzEIu2m-me isotropic seed=5678 gain=7.794 max|d|=36.69 (no projection)
[ok] boston_query_-IYAXZ4yoOS7SzEIu2m-me direction seed=9012 gain=1.613 max|d|=25.80 (projection 16)
[ok] boston_query_-IYAXZ4yoOS7SzEIu2m-me direction_eot seed=9012 gain=1.135 max|d|=18.17 (projection 16)
[ok] boston_query_-IYAXZ4yoOS7SzEIu2m-me isotropic seed=9012 gain=7.784 max|d|=40.96 (no projection)
[ok] cph_query_-F5w8wQO0CU26PCfOqANzA direction seed=5678 gain=1.421 max|d|=22.73 (projection 16)
[ok] cph_query_-F5w8wQO0CU26PCfOqANzA direction_eot seed=5678 gain=1.186 max|d|=18.98 (projection 16)
[ok] cph_query_-F5w8wQO0CU26PCfOqANzA isotropic seed=5678 gain=7.601 max|d|=33.96 (no projection)
[ok] cph_query_-F5w8wQO0CU26PCfOqANzA direction seed=9012 gain=1.441 max|d|=23.06 (projection 16)
[ok] cph_query_-F5w8wQO0CU26PCfOqANzA direction_eot seed=9012 gain=1.182 max|d|=18.92 (projection 16)
[ok] cph_query_-F5w8wQO0CU26PCfOqANzA isotropic seed=9012 gain=7.801 max|d|=37.57 (no projection)
[ok] london_query_-c-T7aulp9a5g-J9zYbYiQ direction seed=5678 gain=1.557 max|d|=24.92 (projection 16)
[ok] london_query_-c-T7aulp9a5g-J9zYbYiQ direction_eot seed=5678 gain=1.259 max|d|=20.14 (projection 16)
[ok] london_query_-c-T7aulp9a5g-J9zYbYiQ isotropic seed=5678 gain=7.975 max|d|=36.33 (no projection)
[ok] london_query_-c-T7aulp9a5g-J9zYbYiQ direction seed=9012 gain=1.553 max|d|=24.84 (projection 16)
[ok] london_query_-c-T7aulp9a5g-J9zYbYiQ direction_eot seed=9012 gain=1.264 max|d|=20.23 (projection 16)
[ok] london_query_-c-T7aulp9a5g-J9zYbYiQ isotropic seed=9012 gain=7.955 max|d|=42.19 (no projection)
[ok] manila_query_-KoSUCrB2w1FscwO9vyRlw direction seed=5678 gain=1.394 max|d|=22.31 (projection 16)
[ok] manila_query_-KoSUCrB2w1FscwO9vyRlw direction_eot seed=5678 gain=1.056 max|d|=16.89 (projection 16)
[ok] manila_query_-KoSUCrB2w1FscwO9vyRlw isotropic seed=5678 gain=7.784 max|d|=35.76 (no projection)
[ok] manila_query_-KoSUCrB2w1FscwO9vyRlw direction seed=9012 gain=1.374 max|d|=21.98 (projection 16)
[ok] manila_query_-KoSUCrB2w1FscwO9vyRlw direction_eot seed=9012 gain=1.083 max|d|=17.33 (projection 16)
[ok] manila_query_-KoSUCrB2w1FscwO9vyRlw isotropic seed=9012 gain=7.792 max|d|=35.18 (no projection)
[ok] nairobi_query_1J7o8IGEriKnTs-ay8aPNQ direction seed=5678 gain=1.656 max|d|=26.50 (projection 16)
[ok] nairobi_query_1J7o8IGEriKnTs-ay8aPNQ direction_eot seed=5678 gain=1.328 max|d|=21.24 (projection 16)
[ok] nairobi_query_1J7o8IGEriKnTs-ay8aPNQ isotropic seed=5678 gain=7.884 max|d|=38.33 (no projection)
[ok] nairobi_query_1J7o8IGEriKnTs-ay8aPNQ direction seed=9012 gain=1.662 max|d|=26.59 (projection 16)
[ok] nairobi_query_1J7o8IGEriKnTs-ay8aPNQ direction_eot seed=9012 gain=1.303 max|d|=20.85 (projection 16)
[ok] nairobi_query_1J7o8IGEriKnTs-ay8aPNQ isotropic seed=9012 gain=7.639 max|d|=33.42 (no projection)
[ok] toronto_query_-AlgHQUWzDPe9bpb8ZAzSA direction seed=5678 gain=1.554 max|d|=24.86 (projection 16)
[ok] toronto_query_-AlgHQUWzDPe9bpb8ZAzSA direction_eot seed=5678 gain=1.290 max|d|=20.64 (projection 16)
[ok] toronto_query_-AlgHQUWzDPe9bpb8ZAzSA isotropic seed=5678 gain=7.887 max|d|=36.42 (no projection)
[ok] toronto_query_-AlgHQUWzDPe9bpb8ZAzSA direction seed=9012 gain=1.570 max|d|=25.11 (projection 16)
[ok] toronto_query_-AlgHQUWzDPe9bpb8ZAzSA direction_eot seed=9012 gain=1.290 max|d|=20.64 (projection 16)
[ok] toronto_query_-AlgHQUWzDPe9bpb8ZAzSA isotropic seed=9012 gain=6.760 max|d|=34.23 (no projection)
[ok] zurich_query_-m5K41q4X0r8qu_XnaYlIg direction seed=5678 gain=1.467 max|d|=23.47 (projection 16)
[ok] zurich_query_-m5K41q4X0r8qu_XnaYlIg direction_eot seed=5678 gain=1.210 max|d|=19.37 (projection 16)
[ok] zurich_query_-m5K41q4X0r8qu_XnaYlIg isotropic seed=5678 gain=8.013 max|d|=35.40 (no projection)
[ok] zurich_query_-m5K41q4X0r8qu_XnaYlIg direction seed=9012 gain=1.475 max|d|=23.61 (projection 16)
[ok] zurich_query_-m5K41q4X0r8qu_XnaYlIg direction_eot seed=9012 gain=1.202 max|d|=19.24 (projection 16)
[ok] zurich_query_-m5K41q4X0r8qu_XnaYlIg isotropic seed=9012 gain=8.011 max|d|=36.62 (no projection)
[ok] amman_query_0rJM3ZzX3JzTTpl0GCia8w direction seed=5678 gain=1.675 max|d|=26.81 (projection 16)
[ok] amman_query_0rJM3ZzX3JzTTpl0GCia8w direction_eot seed=5678 gain=1.345 max|d|=21.52 (projection 16)
[ok] amman_query_0rJM3ZzX3JzTTpl0GCia8w isotropic seed=5678 gain=7.980 max|d|=41.51 (no projection)
[ok] amman_query_0rJM3ZzX3JzTTpl0GCia8w direction seed=9012 gain=1.672 max|d|=26.75 (projection 16)
[ok] amman_query_0rJM3ZzX3JzTTpl0GCia8w direction_eot seed=9012 gain=1.341 max|d|=21.46 (projection 16)
[ok] amman_query_0rJM3ZzX3JzTTpl0GCia8w isotropic seed=9012 gain=7.787 max|d|=38.16 (no projection)
[ok] boston_query_-Jix8HM-vXTXdWrXQwVvQw direction seed=5678 gain=1.556 max|d|=24.90 (projection 16)
[ok] boston_query_-Jix8HM-vXTXdWrXQwVvQw direction_eot seed=5678 gain=1.276 max|d|=20.42 (projection 16)
[ok] boston_query_-Jix8HM-vXTXdWrXQwVvQw isotropic seed=5678 gain=7.919 max|d|=36.71 (no projection)
[ok] boston_query_-Jix8HM-vXTXdWrXQwVvQw direction seed=9012 gain=1.551 max|d|=24.82 (projection 16)
[ok] boston_query_-Jix8HM-vXTXdWrXQwVvQw direction_eot seed=9012 gain=1.258 max|d|=20.13 (projection 16)
[ok] boston_query_-Jix8HM-vXTXdWrXQwVvQw isotropic seed=9012 gain=7.941 max|d|=37.55 (no projection)
[ok] cph_query_-FLAkBWjfrY2RcqaQ-LgmQ direction seed=5678 gain=1.471 max|d|=23.53 (projection 16)
[ok] cph_query_-FLAkBWjfrY2RcqaQ-LgmQ direction_eot seed=5678 gain=1.143 max|d|=18.29 (projection 16)
[ok] cph_query_-FLAkBWjfrY2RcqaQ-LgmQ isotropic seed=5678 gain=7.755 max|d|=34.95 (no projection)
[ok] cph_query_-FLAkBWjfrY2RcqaQ-LgmQ direction seed=9012 gain=1.477 max|d|=23.63 (projection 16)
[ok] cph_query_-FLAkBWjfrY2RcqaQ-LgmQ direction_eot seed=9012 gain=1.161 max|d|=18.57 (projection 16)
[ok] cph_query_-FLAkBWjfrY2RcqaQ-LgmQ isotropic seed=9012 gain=7.763 max|d|=34.89 (no projection)
[ok] london_query_-cAVonhAOLeSK7tfil0ceg direction seed=5678 gain=1.513 max|d|=24.20 (projection 16)
[ok] london_query_-cAVonhAOLeSK7tfil0ceg direction_eot seed=5678 gain=1.214 max|d|=19.43 (projection 16)
[ok] london_query_-cAVonhAOLeSK7tfil0ceg isotropic seed=5678 gain=8.003 max|d|=35.81 (no projection)
[ok] london_query_-cAVonhAOLeSK7tfil0ceg direction seed=9012 gain=1.505 max|d|=24.07 (projection 16)
[ok] london_query_-cAVonhAOLeSK7tfil0ceg direction_eot seed=9012 gain=1.221 max|d|=19.54 (projection 16)
[ok] london_query_-cAVonhAOLeSK7tfil0ceg isotropic seed=9012 gain=7.973 max|d|=38.85 (no projection)
[ok] manila_query_-LBCdeO8C8kj5IjX1m3XTA direction seed=5678 gain=1.324 max|d|=21.18 (projection 16)
[ok] manila_query_-LBCdeO8C8kj5IjX1m3XTA direction_eot seed=5678 gain=1.080 max|d|=17.28 (projection 16)
[ok] manila_query_-LBCdeO8C8kj5IjX1m3XTA isotropic seed=5678 gain=7.879 max|d|=37.13 (no projection)
[ok] manila_query_-LBCdeO8C8kj5IjX1m3XTA direction seed=9012 gain=1.291 max|d|=20.66 (projection 16)
[ok] manila_query_-LBCdeO8C8kj5IjX1m3XTA direction_eot seed=9012 gain=1.107 max|d|=17.72 (projection 16)
[ok] manila_query_-LBCdeO8C8kj5IjX1m3XTA isotropic seed=9012 gain=7.890 max|d|=36.13 (no projection)
[ok] nairobi_query_1YjlKCdHNgoQBY8yOFqlmw direction seed=5678 gain=1.655 max|d|=26.48 (projection 16)
[ok] nairobi_query_1YjlKCdHNgoQBY8yOFqlmw direction_eot seed=5678 gain=1.320 max|d|=21.13 (projection 16)
[ok] nairobi_query_1YjlKCdHNgoQBY8yOFqlmw isotropic seed=5678 gain=8.057 max|d|=35.01 (no projection)
[ok] nairobi_query_1YjlKCdHNgoQBY8yOFqlmw direction seed=9012 gain=1.651 max|d|=26.41 (projection 16)
[ok] nairobi_query_1YjlKCdHNgoQBY8yOFqlmw direction_eot seed=9012 gain=1.308 max|d|=20.92 (projection 16)
[ok] nairobi_query_1YjlKCdHNgoQBY8yOFqlmw isotropic seed=9012 gain=7.944 max|d|=36.59 (no projection)
[ok] toronto_query_-B-3B3MjxX0UdrDIo-8kmA direction seed=5678 gain=1.422 max|d|=22.74 (projection 16)
[ok] toronto_query_-B-3B3MjxX0UdrDIo-8kmA direction_eot seed=5678 gain=1.165 max|d|=18.64 (projection 16)
[ok] toronto_query_-B-3B3MjxX0UdrDIo-8kmA isotropic seed=5678 gain=7.866 max|d|=35.81 (no projection)
[ok] toronto_query_-B-3B3MjxX0UdrDIo-8kmA direction seed=9012 gain=1.419 max|d|=22.70 (projection 16)
[ok] toronto_query_-B-3B3MjxX0UdrDIo-8kmA direction_eot seed=9012 gain=1.149 max|d|=18.38 (projection 16)
[ok] toronto_query_-B-3B3MjxX0UdrDIo-8kmA isotropic seed=9012 gain=7.889 max|d|=37.20 (no projection)
[ok] zurich_query_-nhCCSRwlsxqJsUbzqZvCQ direction seed=5678 gain=1.374 max|d|=21.98 (projection 16)
[ok] zurich_query_-nhCCSRwlsxqJsUbzqZvCQ direction_eot seed=5678 gain=1.113 max|d|=17.81 (projection 16)
[ok] zurich_query_-nhCCSRwlsxqJsUbzqZvCQ isotropic seed=5678 gain=7.761 max|d|=36.63 (no projection)
[ok] zurich_query_-nhCCSRwlsxqJsUbzqZvCQ direction seed=9012 gain=1.397 max|d|=22.36 (projection 16)
[ok] zurich_query_-nhCCSRwlsxqJsUbzqZvCQ direction_eot seed=9012 gain=1.149 max|d|=18.38 (projection 16)
[ok] zurich_query_-nhCCSRwlsxqJsUbzqZvCQ isotropic seed=9012 gain=7.751 max|d|=41.61 (no projection)
[ok] amman_query_12LbsAl_T_jgw2JHgbR5ng direction seed=5678 gain=1.504 max|d|=24.06 (projection 16)
[ok] amman_query_12LbsAl_T_jgw2JHgbR5ng direction_eot seed=5678 gain=1.157 max|d|=18.51 (projection 16)
[ok] amman_query_12LbsAl_T_jgw2JHgbR5ng isotropic seed=5678 gain=7.746 max|d|=36.51 (no projection)
[ok] amman_query_12LbsAl_T_jgw2JHgbR5ng direction seed=9012 gain=1.527 max|d|=24.43 (projection 16)
[ok] amman_query_12LbsAl_T_jgw2JHgbR5ng direction_eot seed=9012 gain=1.204 max|d|=19.27 (projection 16)
[ok] amman_query_12LbsAl_T_jgw2JHgbR5ng isotropic seed=9012 gain=7.751 max|d|=34.76 (no projection)
[ok] boston_query_-Jv7RF27BSJIV-gqOI7KxZ direction seed=5678 gain=1.564 max|d|=25.02 (projection 16)
[ok] boston_query_-Jv7RF27BSJIV-gqOI7KxZ direction_eot seed=5678 gain=1.276 max|d|=20.42 (projection 16)
[ok] boston_query_-Jv7RF27BSJIV-gqOI7KxZ isotropic seed=5678 gain=8.579 max|d|=36.66 (no projection)
[ok] boston_query_-Jv7RF27BSJIV-gqOI7KxZ direction seed=9012 gain=1.548 max|d|=24.77 (projection 16)
[ok] boston_query_-Jv7RF27BSJIV-gqOI7KxZ direction_eot seed=9012 gain=1.282 max|d|=20.52 (projection 16)
[ok] boston_query_-Jv7RF27BSJIV-gqOI7KxZ isotropic seed=9012 gain=8.601 max|d|=38.78 (no projection)
[ok] cph_query_-GVbOpzggFXAot0UyKhx2g direction seed=5678 gain=1.513 max|d|=24.21 (projection 16)
[ok] cph_query_-GVbOpzggFXAot0UyKhx2g direction_eot seed=5678 gain=1.195 max|d|=19.11 (projection 16)
[ok] cph_query_-GVbOpzggFXAot0UyKhx2g isotropic seed=5678 gain=7.769 max|d|=39.16 (no projection)
[ok] cph_query_-GVbOpzggFXAot0UyKhx2g direction seed=9012 gain=1.541 max|d|=24.65 (projection 16)
[ok] cph_query_-GVbOpzggFXAot0UyKhx2g direction_eot seed=9012 gain=1.200 max|d|=19.20 (projection 16)
[ok] cph_query_-GVbOpzggFXAot0UyKhx2g isotropic seed=9012 gain=7.781 max|d|=37.86 (no projection)
[ok] london_query_-dHWRapn57-l_kynPnun3Q direction seed=5678 gain=1.458 max|d|=23.33 (projection 16)
[ok] london_query_-dHWRapn57-l_kynPnun3Q direction_eot seed=5678 gain=1.172 max|d|=18.75 (projection 16)
[ok] london_query_-dHWRapn57-l_kynPnun3Q isotropic seed=5678 gain=7.753 max|d|=37.71 (no projection)
[ok] london_query_-dHWRapn57-l_kynPnun3Q direction seed=9012 gain=1.434 max|d|=22.94 (projection 16)
[ok] london_query_-dHWRapn57-l_kynPnun3Q direction_eot seed=9012 gain=1.175 max|d|=18.79 (projection 16)
[ok] london_query_-dHWRapn57-l_kynPnun3Q isotropic seed=9012 gain=7.790 max|d|=37.49 (no projection)
[ok] manila_query_-MH02w7P6jmmqnoUdL-55Q direction seed=5678 gain=1.509 max|d|=24.14 (projection 16)
[ok] manila_query_-MH02w7P6jmmqnoUdL-55Q direction_eot seed=5678 gain=1.232 max|d|=19.71 (projection 16)
[ok] manila_query_-MH02w7P6jmmqnoUdL-55Q isotropic seed=5678 gain=7.808 max|d|=37.87 (no projection)
[ok] manila_query_-MH02w7P6jmmqnoUdL-55Q direction seed=9012 gain=1.494 max|d|=23.90 (projection 16)
[ok] manila_query_-MH02w7P6jmmqnoUdL-55Q direction_eot seed=9012 gain=1.225 max|d|=19.59 (projection 16)
[ok] manila_query_-MH02w7P6jmmqnoUdL-55Q isotropic seed=9012 gain=7.901 max|d|=41.28 (no projection)
[ok] nairobi_query_1Z__CFelPzXEI1IEu_8QJw direction seed=5678 gain=1.536 max|d|=24.58 (projection 16)
[ok] nairobi_query_1Z__CFelPzXEI1IEu_8QJw direction_eot seed=5678 gain=1.227 max|d|=19.62 (projection 16)
[ok] nairobi_query_1Z__CFelPzXEI1IEu_8QJw isotropic seed=5678 gain=7.892 max|d|=37.49 (no projection)
[ok] nairobi_query_1Z__CFelPzXEI1IEu_8QJw direction seed=9012 gain=1.555 max|d|=24.88 (projection 16)
[ok] nairobi_query_1Z__CFelPzXEI1IEu_8QJw direction_eot seed=9012 gain=1.280 max|d|=20.48 (projection 16)
[ok] nairobi_query_1Z__CFelPzXEI1IEu_8QJw isotropic seed=9012 gain=7.887 max|d|=35.06 (no projection)
[ok] toronto_query_-B136fRwqMBMXoc03yy-PQ direction seed=5678 gain=1.408 max|d|=22.53 (projection 16)
[ok] toronto_query_-B136fRwqMBMXoc03yy-PQ direction_eot seed=5678 gain=1.122 max|d|=17.95 (projection 16)
[ok] toronto_query_-B136fRwqMBMXoc03yy-PQ isotropic seed=5678 gain=7.887 max|d|=36.49 (no projection)
[ok] toronto_query_-B136fRwqMBMXoc03yy-PQ direction seed=9012 gain=1.405 max|d|=22.48 (projection 16)
[ok] toronto_query_-B136fRwqMBMXoc03yy-PQ direction_eot seed=9012 gain=1.135 max|d|=18.16 (projection 16)
[ok] toronto_query_-B136fRwqMBMXoc03yy-PQ isotropic seed=9012 gain=7.892 max|d|=35.61 (no projection)
[ok] zurich_query_-tYWpAACOq7RfVvZJ-BAcQ direction seed=5678 gain=1.502 max|d|=24.03 (projection 16)
[ok] zurich_query_-tYWpAACOq7RfVvZJ-BAcQ direction_eot seed=5678 gain=1.162 max|d|=18.59 (projection 16)
[ok] zurich_query_-tYWpAACOq7RfVvZJ-BAcQ isotropic seed=5678 gain=7.761 max|d|=41.59 (no projection)
[ok] zurich_query_-tYWpAACOq7RfVvZJ-BAcQ direction seed=9012 gain=1.513 max|d|=24.20 (projection 16)
[ok] zurich_query_-tYWpAACOq7RfVvZJ-BAcQ direction_eot seed=9012 gain=1.166 max|d|=18.66 (projection 16)
[ok] zurich_query_-tYWpAACOq7RfVvZJ-BAcQ isotropic seed=9012 gain=7.742 max|d|=37.06 (no projection)
[ok] amman_query_1HafWFxuyylXLnDzCoapDA direction seed=5678 gain=1.458 max|d|=23.33 (projection 16)
[ok] amman_query_1HafWFxuyylXLnDzCoapDA direction_eot seed=5678 gain=1.165 max|d|=18.64 (projection 16)
[ok] amman_query_1HafWFxuyylXLnDzCoapDA isotropic seed=5678 gain=7.785 max|d|=33.10 (no projection)
[ok] amman_query_1HafWFxuyylXLnDzCoapDA direction seed=9012 gain=1.454 max|d|=23.26 (projection 16)
[ok] amman_query_1HafWFxuyylXLnDzCoapDA direction_eot seed=9012 gain=1.124 max|d|=17.99 (projection 16)
[ok] amman_query_1HafWFxuyylXLnDzCoapDA isotropic seed=9012 gain=7.758 max|d|=37.15 (no projection)
[ok] boston_query_-Kg6j3FKy26wYRLBkE_dFQ direction seed=5678 gain=1.570 max|d|=25.11 (projection 16)
[ok] boston_query_-Kg6j3FKy26wYRLBkE_dFQ direction_eot seed=5678 gain=1.246 max|d|=19.93 (projection 16)
[ok] boston_query_-Kg6j3FKy26wYRLBkE_dFQ isotropic seed=5678 gain=7.911 max|d|=34.90 (no projection)
[ok] boston_query_-Kg6j3FKy26wYRLBkE_dFQ direction seed=9012 gain=1.561 max|d|=24.97 (projection 16)
[ok] boston_query_-Kg6j3FKy26wYRLBkE_dFQ direction_eot seed=9012 gain=1.244 max|d|=19.91 (projection 16)
[ok] boston_query_-Kg6j3FKy26wYRLBkE_dFQ isotropic seed=9012 gain=7.944 max|d|=35.93 (no projection)
[ok] cph_query_-G_OOR1_yAfdfgnlKYNKnQ direction seed=5678 gain=1.498 max|d|=23.97 (projection 16)
[ok] cph_query_-G_OOR1_yAfdfgnlKYNKnQ direction_eot seed=5678 gain=1.171 max|d|=18.73 (projection 16)
[ok] cph_query_-G_OOR1_yAfdfgnlKYNKnQ isotropic seed=5678 gain=7.798 max|d|=35.25 (no projection)
[ok] cph_query_-G_OOR1_yAfdfgnlKYNKnQ direction seed=9012 gain=1.461 max|d|=23.38 (projection 16)
[ok] cph_query_-G_OOR1_yAfdfgnlKYNKnQ direction_eot seed=9012 gain=1.147 max|d|=18.35 (projection 16)
[ok] cph_query_-G_OOR1_yAfdfgnlKYNKnQ isotropic seed=9012 gain=7.812 max|d|=35.85 (no projection)
[ok] london_query_-dZ1k85FDVdFSbcG6_ECOA direction seed=5678 gain=1.518 max|d|=24.29 (projection 16)
[ok] london_query_-dZ1k85FDVdFSbcG6_ECOA direction_eot seed=5678 gain=1.219 max|d|=19.51 (projection 16)
[ok] london_query_-dZ1k85FDVdFSbcG6_ECOA isotropic seed=5678 gain=7.619 max|d|=34.27 (no projection)
[ok] london_query_-dZ1k85FDVdFSbcG6_ECOA direction seed=9012 gain=1.539 max|d|=24.63 (projection 16)
[ok] london_query_-dZ1k85FDVdFSbcG6_ECOA direction_eot seed=9012 gain=1.259 max|d|=20.15 (projection 16)
[ok] london_query_-dZ1k85FDVdFSbcG6_ECOA isotropic seed=9012 gain=8.073 max|d|=39.14 (no projection)
[ok] manila_query_-MKMMHEd33H1_45AJ8B5AA direction seed=5678 gain=1.423 max|d|=22.76 (projection 16)
[ok] manila_query_-MKMMHEd33H1_45AJ8B5AA direction_eot seed=5678 gain=1.160 max|d|=18.57 (projection 16)
[ok] manila_query_-MKMMHEd33H1_45AJ8B5AA isotropic seed=5678 gain=8.096 max|d|=41.94 (no projection)
[ok] manila_query_-MKMMHEd33H1_45AJ8B5AA direction seed=9012 gain=1.423 max|d|=22.77 (projection 16)
[ok] manila_query_-MKMMHEd33H1_45AJ8B5AA direction_eot seed=9012 gain=1.144 max|d|=18.31 (projection 16)
[ok] manila_query_-MKMMHEd33H1_45AJ8B5AA isotropic seed=9012 gain=8.127 max|d|=36.00 (no projection)
[ok] nairobi_query_20W8wyVhxSIpj4ekTP7ezw direction seed=5678 gain=1.486 max|d|=23.77 (projection 16)
[ok] nairobi_query_20W8wyVhxSIpj4ekTP7ezw direction_eot seed=5678 gain=1.183 max|d|=18.93 (projection 16)
[ok] nairobi_query_20W8wyVhxSIpj4ekTP7ezw isotropic seed=5678 gain=7.742 max|d|=35.76 (no projection)
[ok] nairobi_query_20W8wyVhxSIpj4ekTP7ezw direction seed=9012 gain=1.495 max|d|=23.92 (projection 16)
[ok] nairobi_query_20W8wyVhxSIpj4ekTP7ezw direction_eot seed=9012 gain=1.206 max|d|=19.30 (projection 16)
[ok] nairobi_query_20W8wyVhxSIpj4ekTP7ezw isotropic seed=9012 gain=7.770 max|d|=36.86 (no projection)
[ok] toronto_query_-BTAllhGXYkM_JsKwxUFMg direction seed=5678 gain=1.610 max|d|=25.76 (projection 16)
[ok] toronto_query_-BTAllhGXYkM_JsKwxUFMg direction_eot seed=5678 gain=1.275 max|d|=20.41 (projection 16)
[ok] toronto_query_-BTAllhGXYkM_JsKwxUFMg isotropic seed=5678 gain=7.802 max|d|=36.65 (no projection)
[ok] toronto_query_-BTAllhGXYkM_JsKwxUFMg direction seed=9012 gain=1.602 max|d|=25.63 (projection 16)
[ok] toronto_query_-BTAllhGXYkM_JsKwxUFMg direction_eot seed=9012 gain=1.263 max|d|=20.20 (projection 16)
[ok] toronto_query_-BTAllhGXYkM_JsKwxUFMg isotropic seed=9012 gain=7.783 max|d|=36.70 (no projection)
[ok] zurich_query_-uQ-4tnYcOJ9WPXRG-ou3w direction seed=5678 gain=1.320 max|d|=21.12 (projection 16)
[ok] zurich_query_-uQ-4tnYcOJ9WPXRG-ou3w direction_eot seed=5678 gain=1.161 max|d|=18.57 (projection 16)
[ok] zurich_query_-uQ-4tnYcOJ9WPXRG-ou3w isotropic seed=5678 gain=7.913 max|d|=35.53 (no projection)
[ok] zurich_query_-uQ-4tnYcOJ9WPXRG-ou3w direction seed=9012 gain=1.320 max|d|=21.12 (projection 16)
[ok] zurich_query_-uQ-4tnYcOJ9WPXRG-ou3w direction_eot seed=9012 gain=1.142 max|d|=18.26 (projection 16)
[ok] zurich_query_-uQ-4tnYcOJ9WPXRG-ou3w isotropic seed=9012 gain=8.002 max|d|=38.08 (no projection)
[ok] amman_query_1IWpn2b6V75KvNFoTU8UOQ direction seed=5678 gain=1.394 max|d|=22.30 (projection 16)
[ok] amman_query_1IWpn2b6V75KvNFoTU8UOQ direction_eot seed=5678 gain=1.144 max|d|=18.31 (projection 16)
[ok] amman_query_1IWpn2b6V75KvNFoTU8UOQ isotropic seed=5678 gain=7.809 max|d|=34.04 (no projection)
[ok] amman_query_1IWpn2b6V75KvNFoTU8UOQ direction seed=9012 gain=1.387 max|d|=22.19 (projection 16)
[ok] amman_query_1IWpn2b6V75KvNFoTU8UOQ direction_eot seed=9012 gain=1.128 max|d|=18.05 (projection 16)
[ok] amman_query_1IWpn2b6V75KvNFoTU8UOQ isotropic seed=9012 gain=7.699 max|d|=35.98 (no projection)
[ok] boston_query_-LPTAIN0lPGriKBtXoH5Mg direction seed=5678 gain=1.620 max|d|=25.91 (projection 16)
[ok] boston_query_-LPTAIN0lPGriKBtXoH5Mg direction_eot seed=5678 gain=1.270 max|d|=20.32 (projection 16)
[ok] boston_query_-LPTAIN0lPGriKBtXoH5Mg isotropic seed=5678 gain=7.397 max|d|=37.64 (no projection)
[ok] boston_query_-LPTAIN0lPGriKBtXoH5Mg direction seed=9012 gain=1.623 max|d|=25.97 (projection 16)
[ok] boston_query_-LPTAIN0lPGriKBtXoH5Mg direction_eot seed=9012 gain=1.301 max|d|=20.82 (projection 16)
[ok] boston_query_-LPTAIN0lPGriKBtXoH5Mg isotropic seed=9012 gain=7.898 max|d|=35.39 (no projection)
[ok] cph_query_-Gsj5kZ1V6uLXFxzeI7G2Q direction seed=5678 gain=1.379 max|d|=22.07 (projection 16)
[ok] cph_query_-Gsj5kZ1V6uLXFxzeI7G2Q direction_eot seed=5678 gain=1.121 max|d|=17.94 (projection 16)
[ok] cph_query_-Gsj5kZ1V6uLXFxzeI7G2Q isotropic seed=5678 gain=7.740 max|d|=44.64 (no projection)
[ok] cph_query_-Gsj5kZ1V6uLXFxzeI7G2Q direction seed=9012 gain=1.367 max|d|=21.87 (projection 16)
[ok] cph_query_-Gsj5kZ1V6uLXFxzeI7G2Q direction_eot seed=9012 gain=1.105 max|d|=17.68 (projection 16)
[ok] cph_query_-Gsj5kZ1V6uLXFxzeI7G2Q isotropic seed=9012 gain=7.746 max|d|=37.10 (no projection)
[ok] london_query_-dp5VWHVq4LzwLgq7y7yhw direction seed=5678 gain=1.457 max|d|=23.31 (projection 16)
[ok] london_query_-dp5VWHVq4LzwLgq7y7yhw direction_eot seed=5678 gain=1.214 max|d|=19.43 (projection 16)
[ok] london_query_-dp5VWHVq4LzwLgq7y7yhw isotropic seed=5678 gain=7.749 max|d|=36.11 (no projection)
[ok] london_query_-dp5VWHVq4LzwLgq7y7yhw direction seed=9012 gain=1.475 max|d|=23.60 (projection 16)
[ok] london_query_-dp5VWHVq4LzwLgq7y7yhw direction_eot seed=9012 gain=1.198 max|d|=19.16 (projection 16)
[ok] london_query_-dp5VWHVq4LzwLgq7y7yhw isotropic seed=9012 gain=7.760 max|d|=36.74 (no projection)
[ok] manila_query_-N4wDG2Fhm38ZVy0hGp8_A direction seed=5678 gain=1.570 max|d|=25.12 (projection 16)
[ok] manila_query_-N4wDG2Fhm38ZVy0hGp8_A direction_eot seed=5678 gain=1.190 max|d|=19.04 (projection 16)
[ok] manila_query_-N4wDG2Fhm38ZVy0hGp8_A isotropic seed=5678 gain=7.524 max|d|=35.09 (no projection)
[ok] manila_query_-N4wDG2Fhm38ZVy0hGp8_A direction seed=9012 gain=1.555 max|d|=24.88 (projection 16)
[ok] manila_query_-N4wDG2Fhm38ZVy0hGp8_A direction_eot seed=9012 gain=1.226 max|d|=19.62 (projection 16)
[ok] manila_query_-N4wDG2Fhm38ZVy0hGp8_A isotropic seed=9012 gain=7.787 max|d|=36.16 (no projection)
[ok] nairobi_query_2CNtCHy0TUbebdEFLYNrIQ direction seed=5678 gain=1.537 max|d|=24.59 (projection 16)
[ok] nairobi_query_2CNtCHy0TUbebdEFLYNrIQ direction_eot seed=5678 gain=1.223 max|d|=19.57 (projection 16)
[ok] nairobi_query_2CNtCHy0TUbebdEFLYNrIQ isotropic seed=5678 gain=8.066 max|d|=38.53 (no projection)
[ok] nairobi_query_2CNtCHy0TUbebdEFLYNrIQ direction seed=9012 gain=1.572 max|d|=25.15 (projection 16)
[ok] nairobi_query_2CNtCHy0TUbebdEFLYNrIQ direction_eot seed=9012 gain=1.245 max|d|=19.92 (projection 16)
[ok] nairobi_query_2CNtCHy0TUbebdEFLYNrIQ isotropic seed=9012 gain=8.072 max|d|=34.75 (no projection)
[ok] toronto_query_-Cdr8zjFdZw7nzz8_rwM4w direction seed=5678 gain=1.588 max|d|=25.40 (projection 16)
[ok] toronto_query_-Cdr8zjFdZw7nzz8_rwM4w direction_eot seed=5678 gain=1.266 max|d|=20.25 (projection 16)
[ok] toronto_query_-Cdr8zjFdZw7nzz8_rwM4w isotropic seed=5678 gain=7.751 max|d|=36.31 (no projection)
[ok] toronto_query_-Cdr8zjFdZw7nzz8_rwM4w direction seed=9012 gain=1.594 max|d|=25.50 (projection 16)
[ok] toronto_query_-Cdr8zjFdZw7nzz8_rwM4w direction_eot seed=9012 gain=1.279 max|d|=20.46 (projection 16)
[ok] toronto_query_-Cdr8zjFdZw7nzz8_rwM4w isotropic seed=9012 gain=7.753 max|d|=35.79 (no projection)
[ok] zurich_query_0247N-PdpG4_iueC_9_G4g direction seed=5678 gain=1.447 max|d|=23.14 (projection 16)
[ok] zurich_query_0247N-PdpG4_iueC_9_G4g direction_eot seed=5678 gain=1.173 max|d|=18.76 (projection 16)
[ok] zurich_query_0247N-PdpG4_iueC_9_G4g isotropic seed=5678 gain=8.010 max|d|=37.26 (no projection)
[ok] zurich_query_0247N-PdpG4_iueC_9_G4g direction seed=9012 gain=1.479 max|d|=23.66 (projection 16)
[ok] zurich_query_0247N-PdpG4_iueC_9_G4g direction_eot seed=9012 gain=1.191 max|d|=19.06 (projection 16)
[ok] zurich_query_0247N-PdpG4_iueC_9_G4g isotropic seed=9012 gain=7.997 max|d|=35.30 (no projection)
[ok] amman_query_1Nmy4JnYnb5zA_JmbkDWBQ direction seed=5678 gain=1.496 max|d|=23.94 (projection 16)
[ok] amman_query_1Nmy4JnYnb5zA_JmbkDWBQ direction_eot seed=5678 gain=1.159 max|d|=18.55 (projection 16)
[ok] amman_query_1Nmy4JnYnb5zA_JmbkDWBQ isotropic seed=5678 gain=7.769 max|d|=38.87 (no projection)
[ok] amman_query_1Nmy4JnYnb5zA_JmbkDWBQ direction seed=9012 gain=1.481 max|d|=23.69 (projection 16)
[ok] amman_query_1Nmy4JnYnb5zA_JmbkDWBQ direction_eot seed=9012 gain=1.148 max|d|=18.36 (projection 16)
[ok] amman_query_1Nmy4JnYnb5zA_JmbkDWBQ isotropic seed=9012 gain=7.774 max|d|=34.07 (no projection)
[ok] boston_query_-Lu6tv4tCQMDsXtxLtxMzQ direction seed=5678 gain=1.478 max|d|=23.65 (projection 16)
[ok] boston_query_-Lu6tv4tCQMDsXtxLtxMzQ direction_eot seed=5678 gain=1.203 max|d|=19.25 (projection 16)
[ok] boston_query_-Lu6tv4tCQMDsXtxLtxMzQ isotropic seed=5678 gain=7.905 max|d|=36.28 (no projection)
[ok] boston_query_-Lu6tv4tCQMDsXtxLtxMzQ direction seed=9012 gain=1.498 max|d|=23.96 (projection 16)
[ok] boston_query_-Lu6tv4tCQMDsXtxLtxMzQ direction_eot seed=9012 gain=1.171 max|d|=18.73 (projection 16)
[ok] boston_query_-Lu6tv4tCQMDsXtxLtxMzQ isotropic seed=9012 gain=7.892 max|d|=38.82 (no projection)
[ok] cph_query_-HqO0GfYTRx5TzfB_6mTqA direction seed=5678 gain=1.477 max|d|=23.63 (projection 16)
[ok] cph_query_-HqO0GfYTRx5TzfB_6mTqA direction_eot seed=5678 gain=1.185 max|d|=18.97 (projection 16)
[ok] cph_query_-HqO0GfYTRx5TzfB_6mTqA isotropic seed=5678 gain=7.745 max|d|=39.91 (no projection)
[ok] cph_query_-HqO0GfYTRx5TzfB_6mTqA direction seed=9012 gain=1.495 max|d|=23.91 (projection 16)
[ok] cph_query_-HqO0GfYTRx5TzfB_6mTqA direction_eot seed=9012 gain=1.178 max|d|=18.85 (projection 16)
[ok] cph_query_-HqO0GfYTRx5TzfB_6mTqA isotropic seed=9012 gain=7.789 max|d|=36.09 (no projection)
[ok] london_query_-izmF6OCR-aIZLVQbzDbLQ direction seed=5678 gain=1.497 max|d|=23.95 (projection 16)
[ok] london_query_-izmF6OCR-aIZLVQbzDbLQ direction_eot seed=5678 gain=1.153 max|d|=18.44 (projection 16)
[ok] london_query_-izmF6OCR-aIZLVQbzDbLQ isotropic seed=5678 gain=7.777 max|d|=38.74 (no projection)
[ok] london_query_-izmF6OCR-aIZLVQbzDbLQ direction seed=9012 gain=1.484 max|d|=23.75 (projection 16)
[ok] london_query_-izmF6OCR-aIZLVQbzDbLQ direction_eot seed=9012 gain=1.155 max|d|=18.48 (projection 16)
[ok] london_query_-izmF6OCR-aIZLVQbzDbLQ isotropic seed=9012 gain=7.776 max|d|=36.65 (no projection)
[ok] manila_query_-P2actpgy_mRkcbLVKBjkQ direction seed=5678 gain=1.554 max|d|=24.87 (projection 16)
[ok] manila_query_-P2actpgy_mRkcbLVKBjkQ direction_eot seed=5678 gain=1.256 max|d|=20.10 (projection 16)
[ok] manila_query_-P2actpgy_mRkcbLVKBjkQ isotropic seed=5678 gain=7.898 max|d|=36.02 (no projection)
[ok] manila_query_-P2actpgy_mRkcbLVKBjkQ direction seed=9012 gain=1.553 max|d|=24.84 (projection 16)
[ok] manila_query_-P2actpgy_mRkcbLVKBjkQ direction_eot seed=9012 gain=1.278 max|d|=20.45 (projection 16)
[ok] manila_query_-P2actpgy_mRkcbLVKBjkQ isotropic seed=9012 gain=7.866 max|d|=38.26 (no projection)
[ok] nairobi_query_2OfDNnR5st7y8-O2ibiklQ direction seed=5678 gain=1.647 max|d|=26.35 (projection 16)
[ok] nairobi_query_2OfDNnR5st7y8-O2ibiklQ direction_eot seed=5678 gain=1.364 max|d|=21.83 (projection 16)
[ok] nairobi_query_2OfDNnR5st7y8-O2ibiklQ isotropic seed=5678 gain=7.927 max|d|=37.39 (no projection)
[ok] nairobi_query_2OfDNnR5st7y8-O2ibiklQ direction seed=9012 gain=1.650 max|d|=26.40 (projection 16)
[ok] nairobi_query_2OfDNnR5st7y8-O2ibiklQ direction_eot seed=9012 gain=1.375 max|d|=21.99 (projection 16)
[ok] nairobi_query_2OfDNnR5st7y8-O2ibiklQ isotropic seed=9012 gain=7.933 max|d|=37.94 (no projection)
[ok] toronto_query_-DB8UBv2Rg4kTi6HTqrhOw direction seed=5678 gain=1.501 max|d|=24.02 (projection 16)
[ok] toronto_query_-DB8UBv2Rg4kTi6HTqrhOw direction_eot seed=5678 gain=1.222 max|d|=19.55 (projection 16)
[ok] toronto_query_-DB8UBv2Rg4kTi6HTqrhOw isotropic seed=5678 gain=7.881 max|d|=37.04 (no projection)
[ok] toronto_query_-DB8UBv2Rg4kTi6HTqrhOw direction seed=9012 gain=1.508 max|d|=24.13 (projection 16)
[ok] toronto_query_-DB8UBv2Rg4kTi6HTqrhOw direction_eot seed=9012 gain=1.228 max|d|=19.64 (projection 16)
[ok] toronto_query_-DB8UBv2Rg4kTi6HTqrhOw isotropic seed=9012 gain=7.845 max|d|=35.29 (no projection)
[ok] zurich_query_046U_rtFmS-pAuZF-Zba0Q direction seed=5678 gain=1.601 max|d|=25.62 (projection 16)
[ok] zurich_query_046U_rtFmS-pAuZF-Zba0Q direction_eot seed=5678 gain=1.320 max|d|=21.12 (projection 16)
[ok] zurich_query_046U_rtFmS-pAuZF-Zba0Q isotropic seed=5678 gain=8.100 max|d|=35.09 (no projection)
[ok] zurich_query_046U_rtFmS-pAuZF-Zba0Q direction seed=9012 gain=1.583 max|d|=25.34 (projection 16)
[ok] zurich_query_046U_rtFmS-pAuZF-Zba0Q direction_eot seed=9012 gain=1.257 max|d|=20.10 (projection 16)
[ok] zurich_query_046U_rtFmS-pAuZF-Zba0Q isotropic seed=9012 gain=8.126 max|d|=37.31 (no projection)
[ok] amman_query_1Tf2dWuS4el8fREHH1_k0w direction seed=5678 gain=1.643 max|d|=26.28 (projection 16)
[ok] amman_query_1Tf2dWuS4el8fREHH1_k0w direction_eot seed=5678 gain=1.347 max|d|=21.55 (projection 16)
[ok] amman_query_1Tf2dWuS4el8fREHH1_k0w isotropic seed=5678 gain=7.772 max|d|=36.20 (no projection)
[ok] amman_query_1Tf2dWuS4el8fREHH1_k0w direction seed=9012 gain=1.641 max|d|=26.25 (projection 16)
[ok] amman_query_1Tf2dWuS4el8fREHH1_k0w direction_eot seed=9012 gain=1.306 max|d|=20.89 (projection 16)
[ok] amman_query_1Tf2dWuS4el8fREHH1_k0w isotropic seed=9012 gain=7.748 max|d|=39.96 (no projection)
[ok] boston_query_-N2T2kBE4uG56LTsyCQPJg direction seed=5678 gain=1.484 max|d|=23.75 (projection 16)
[ok] boston_query_-N2T2kBE4uG56LTsyCQPJg direction_eot seed=5678 gain=1.215 max|d|=19.44 (projection 16)
[ok] boston_query_-N2T2kBE4uG56LTsyCQPJg isotropic seed=5678 gain=7.864 max|d|=39.16 (no projection)
[ok] boston_query_-N2T2kBE4uG56LTsyCQPJg direction seed=9012 gain=1.473 max|d|=23.56 (projection 16)
[ok] boston_query_-N2T2kBE4uG56LTsyCQPJg direction_eot seed=9012 gain=1.250 max|d|=20.00 (projection 16)
[ok] boston_query_-N2T2kBE4uG56LTsyCQPJg isotropic seed=9012 gain=7.871 max|d|=38.13 (no projection)
[ok] cph_query_-I7HyKa_KIzMp2uMsvqUAg direction seed=5678 gain=1.479 max|d|=23.66 (projection 16)
[ok] cph_query_-I7HyKa_KIzMp2uMsvqUAg direction_eot seed=5678 gain=1.228 max|d|=19.65 (projection 16)
[ok] cph_query_-I7HyKa_KIzMp2uMsvqUAg isotropic seed=5678 gain=7.771 max|d|=35.58 (no projection)
[ok] cph_query_-I7HyKa_KIzMp2uMsvqUAg direction seed=9012 gain=1.489 max|d|=23.82 (projection 16)
[ok] cph_query_-I7HyKa_KIzMp2uMsvqUAg direction_eot seed=9012 gain=1.208 max|d|=19.33 (projection 16)
[ok] cph_query_-I7HyKa_KIzMp2uMsvqUAg isotropic seed=9012 gain=7.755 max|d|=37.07 (no projection)
[ok] london_query_-kd8SHN5N5wLOpzEu10rfQ direction seed=5678 gain=1.442 max|d|=23.07 (projection 16)
[ok] london_query_-kd8SHN5N5wLOpzEu10rfQ direction_eot seed=5678 gain=1.179 max|d|=18.86 (projection 16)
[ok] london_query_-kd8SHN5N5wLOpzEu10rfQ isotropic seed=5678 gain=7.760 max|d|=36.01 (no projection)
[ok] london_query_-kd8SHN5N5wLOpzEu10rfQ direction seed=9012 gain=1.429 max|d|=22.87 (projection 16)
[ok] london_query_-kd8SHN5N5wLOpzEu10rfQ direction_eot seed=9012 gain=1.142 max|d|=18.26 (projection 16)
[ok] london_query_-kd8SHN5N5wLOpzEu10rfQ isotropic seed=9012 gain=7.754 max|d|=38.10 (no projection)
[ok] manila_query_-PR9Q6-AlT31oRE_Ep_fnQ direction seed=5678 gain=1.631 max|d|=26.10 (projection 16)
[ok] manila_query_-PR9Q6-AlT31oRE_Ep_fnQ direction_eot seed=5678 gain=1.276 max|d|=20.42 (projection 16)
[ok] manila_query_-PR9Q6-AlT31oRE_Ep_fnQ isotropic seed=5678 gain=7.839 max|d|=36.50 (no projection)
[ok] manila_query_-PR9Q6-AlT31oRE_Ep_fnQ direction seed=9012 gain=1.644 max|d|=26.30 (projection 16)
[ok] manila_query_-PR9Q6-AlT31oRE_Ep_fnQ direction_eot seed=9012 gain=1.307 max|d|=20.91 (projection 16)
[ok] manila_query_-PR9Q6-AlT31oRE_Ep_fnQ isotropic seed=9012 gain=7.845 max|d|=39.43 (no projection)
[ok] nairobi_query_2QtumRO8ayl5p_Jb-rhTZQ direction seed=5678 gain=1.588 max|d|=25.41 (projection 16)
[ok] nairobi_query_2QtumRO8ayl5p_Jb-rhTZQ direction_eot seed=5678 gain=1.205 max|d|=19.29 (projection 16)
[ok] nairobi_query_2QtumRO8ayl5p_Jb-rhTZQ isotropic seed=5678 gain=7.786 max|d|=36.09 (no projection)
[ok] nairobi_query_2QtumRO8ayl5p_Jb-rhTZQ direction seed=9012 gain=1.597 max|d|=25.55 (projection 16)
[ok] nairobi_query_2QtumRO8ayl5p_Jb-rhTZQ direction_eot seed=9012 gain=1.184 max|d|=18.94 (projection 16)
[ok] nairobi_query_2QtumRO8ayl5p_Jb-rhTZQ isotropic seed=9012 gain=7.799 max|d|=33.94 (no projection)
[ok] toronto_query_-Dr7KE__egl6kS-yslctCg direction seed=5678 gain=1.426 max|d|=22.82 (projection 16)
[ok] toronto_query_-Dr7KE__egl6kS-yslctCg direction_eot seed=5678 gain=1.146 max|d|=18.33 (projection 16)
[ok] toronto_query_-Dr7KE__egl6kS-yslctCg isotropic seed=5678 gain=7.732 max|d|=36.16 (no projection)
[ok] toronto_query_-Dr7KE__egl6kS-yslctCg direction seed=9012 gain=1.429 max|d|=22.86 (projection 16)
[ok] toronto_query_-Dr7KE__egl6kS-yslctCg direction_eot seed=9012 gain=1.134 max|d|=18.15 (projection 16)
[ok] toronto_query_-Dr7KE__egl6kS-yslctCg isotropic seed=9012 gain=7.751 max|d|=37.83 (no projection)
[ok] zurich_query_08U3p7js9TCivpCfLs0ZIw direction seed=5678 gain=1.452 max|d|=23.22 (projection 16)
[ok] zurich_query_08U3p7js9TCivpCfLs0ZIw direction_eot seed=5678 gain=1.161 max|d|=18.57 (projection 16)
[ok] zurich_query_08U3p7js9TCivpCfLs0ZIw isotropic seed=5678 gain=8.224 max|d|=38.03 (no projection)
[ok] zurich_query_08U3p7js9TCivpCfLs0ZIw direction seed=9012 gain=1.447 max|d|=23.16 (projection 16)
[ok] zurich_query_08U3p7js9TCivpCfLs0ZIw direction_eot seed=9012 gain=1.170 max|d|=18.73 (projection 16)
[ok] zurich_query_08U3p7js9TCivpCfLs0ZIw isotropic seed=9012 gain=8.237 max|d|=35.71 (no projection)
[ok] amman_query_1TysYQA0N2AnJ5lzQWP07w direction seed=5678 gain=1.601 max|d|=25.62 (projection 16)
[ok] amman_query_1TysYQA0N2AnJ5lzQWP07w direction_eot seed=5678 gain=1.287 max|d|=20.60 (projection 16)
[ok] amman_query_1TysYQA0N2AnJ5lzQWP07w isotropic seed=5678 gain=7.790 max|d|=35.63 (no projection)
[ok] amman_query_1TysYQA0N2AnJ5lzQWP07w direction seed=9012 gain=1.609 max|d|=25.75 (projection 16)
[ok] amman_query_1TysYQA0N2AnJ5lzQWP07w direction_eot seed=9012 gain=1.276 max|d|=20.42 (projection 16)
[ok] amman_query_1TysYQA0N2AnJ5lzQWP07w isotropic seed=9012 gain=7.752 max|d|=34.58 (no projection)
[ok] boston_query_-NRCmKPnLW6ukq5fovMufw direction seed=5678 gain=1.411 max|d|=22.57 (projection 16)
[ok] boston_query_-NRCmKPnLW6ukq5fovMufw direction_eot seed=5678 gain=1.169 max|d|=18.70 (projection 16)
[ok] boston_query_-NRCmKPnLW6ukq5fovMufw isotropic seed=5678 gain=7.833 max|d|=35.56 (no projection)
[ok] boston_query_-NRCmKPnLW6ukq5fovMufw direction seed=9012 gain=1.431 max|d|=22.90 (projection 16)
[ok] boston_query_-NRCmKPnLW6ukq5fovMufw direction_eot seed=9012 gain=1.163 max|d|=18.60 (projection 16)
[ok] boston_query_-NRCmKPnLW6ukq5fovMufw isotropic seed=9012 gain=7.850 max|d|=35.66 (no projection)
[ok] cph_query_-I8EyCiw4PS74_uGuMqUYQ direction seed=5678 gain=1.595 max|d|=25.52 (projection 16)
[ok] cph_query_-I8EyCiw4PS74_uGuMqUYQ direction_eot seed=5678 gain=1.274 max|d|=20.38 (projection 16)
[ok] cph_query_-I8EyCiw4PS74_uGuMqUYQ isotropic seed=5678 gain=7.852 max|d|=39.00 (no projection)
[ok] cph_query_-I8EyCiw4PS74_uGuMqUYQ direction seed=9012 gain=1.594 max|d|=25.51 (projection 16)
[ok] cph_query_-I8EyCiw4PS74_uGuMqUYQ direction_eot seed=9012 gain=1.292 max|d|=20.67 (projection 16)
[ok] cph_query_-I8EyCiw4PS74_uGuMqUYQ isotropic seed=9012 gain=7.885 max|d|=33.10 (no projection)
[ok] london_query_-qvarKx0xtSTs0tnxDE0oQ direction seed=5678 gain=1.427 max|d|=22.83 (projection 16)
[ok] london_query_-qvarKx0xtSTs0tnxDE0oQ direction_eot seed=5678 gain=1.121 max|d|=17.94 (projection 16)
[ok] london_query_-qvarKx0xtSTs0tnxDE0oQ isotropic seed=5678 gain=7.768 max|d|=39.61 (no projection)
[ok] london_query_-qvarKx0xtSTs0tnxDE0oQ direction seed=9012 gain=1.401 max|d|=22.41 (projection 16)
[ok] london_query_-qvarKx0xtSTs0tnxDE0oQ direction_eot seed=9012 gain=1.149 max|d|=18.38 (projection 16)
[ok] london_query_-qvarKx0xtSTs0tnxDE0oQ isotropic seed=9012 gain=7.772 max|d|=37.96 (no projection)
[ok] manila_query_-Qc1bZWefrpkNPZ60zZS5Q direction seed=5678 gain=1.404 max|d|=22.46 (projection 16)
[ok] manila_query_-Qc1bZWefrpkNPZ60zZS5Q direction_eot seed=5678 gain=1.168 max|d|=18.69 (projection 16)
[ok] manila_query_-Qc1bZWefrpkNPZ60zZS5Q isotropic seed=5678 gain=7.735 max|d|=33.72 (no projection)
[ok] manila_query_-Qc1bZWefrpkNPZ60zZS5Q direction seed=9012 gain=1.420 max|d|=22.71 (projection 16)
[ok] manila_query_-Qc1bZWefrpkNPZ60zZS5Q direction_eot seed=9012 gain=1.142 max|d|=18.27 (projection 16)
[ok] manila_query_-Qc1bZWefrpkNPZ60zZS5Q isotropic seed=9012 gain=7.601 max|d|=33.98 (no projection)
[ok] nairobi_query_2RQpcoZ0MfOmswdfhpjw4g direction seed=5678 gain=1.646 max|d|=26.34 (projection 16)
[ok] nairobi_query_2RQpcoZ0MfOmswdfhpjw4g direction_eot seed=5678 gain=1.282 max|d|=20.51 (projection 16)
[ok] nairobi_query_2RQpcoZ0MfOmswdfhpjw4g isotropic seed=5678 gain=7.755 max|d|=33.64 (no projection)
[ok] nairobi_query_2RQpcoZ0MfOmswdfhpjw4g direction seed=9012 gain=1.667 max|d|=26.67 (projection 16)
[ok] nairobi_query_2RQpcoZ0MfOmswdfhpjw4g direction_eot seed=9012 gain=1.336 max|d|=21.37 (projection 16)
[ok] nairobi_query_2RQpcoZ0MfOmswdfhpjw4g isotropic seed=9012 gain=7.785 max|d|=34.30 (no projection)
[ok] toronto_query_-EilBTWhr8vjdDW-B7MU8A direction seed=5678 gain=1.421 max|d|=22.74 (projection 16)
[ok] toronto_query_-EilBTWhr8vjdDW-B7MU8A direction_eot seed=5678 gain=1.209 max|d|=19.35 (projection 16)
[ok] toronto_query_-EilBTWhr8vjdDW-B7MU8A isotropic seed=5678 gain=8.231 max|d|=42.19 (no projection)
[ok] toronto_query_-EilBTWhr8vjdDW-B7MU8A direction seed=9012 gain=1.416 max|d|=22.66 (projection 16)
[ok] toronto_query_-EilBTWhr8vjdDW-B7MU8A direction_eot seed=9012 gain=1.184 max|d|=18.94 (projection 16)
[ok] toronto_query_-EilBTWhr8vjdDW-B7MU8A isotropic seed=9012 gain=8.237 max|d|=35.79 (no projection)
[ok] zurich_query_0AlvsX9XlPHoz4joTTL7hQ direction seed=5678 gain=1.614 max|d|=25.83 (projection 16)
[ok] zurich_query_0AlvsX9XlPHoz4joTTL7hQ direction_eot seed=5678 gain=1.290 max|d|=20.63 (projection 16)
[ok] zurich_query_0AlvsX9XlPHoz4joTTL7hQ isotropic seed=5678 gain=6.924 max|d|=34.96 (no projection)
[ok] zurich_query_0AlvsX9XlPHoz4joTTL7hQ direction seed=9012 gain=1.605 max|d|=25.69 (projection 16)
[ok] zurich_query_0AlvsX9XlPHoz4joTTL7hQ direction_eot seed=9012 gain=1.325 max|d|=21.20 (projection 16)
[ok] zurich_query_0AlvsX9XlPHoz4joTTL7hQ isotropic seed=9012 gain=7.908 max|d|=33.60 (no projection)
[ok] amman_query_1VTBGOTuAwvnyE1o4Pbm0Q direction seed=5678 gain=1.574 max|d|=25.18 (projection 16)
[ok] amman_query_1VTBGOTuAwvnyE1o4Pbm0Q direction_eot seed=5678 gain=1.298 max|d|=20.77 (projection 16)
[ok] amman_query_1VTBGOTuAwvnyE1o4Pbm0Q isotropic seed=5678 gain=7.751 max|d|=33.79 (no projection)
[ok] amman_query_1VTBGOTuAwvnyE1o4Pbm0Q direction seed=9012 gain=1.572 max|d|=25.15 (projection 16)
[ok] amman_query_1VTBGOTuAwvnyE1o4Pbm0Q direction_eot seed=9012 gain=1.299 max|d|=20.79 (projection 16)
[ok] amman_query_1VTBGOTuAwvnyE1o4Pbm0Q isotropic seed=9012 gain=7.685 max|d|=34.87 (no projection)
[ok] boston_query_-NSEL0mtEJlIM-oR5yFnFg direction seed=5678 gain=1.644 max|d|=26.30 (projection 16)
[ok] boston_query_-NSEL0mtEJlIM-oR5yFnFg direction_eot seed=5678 gain=1.330 max|d|=21.28 (projection 16)
[ok] boston_query_-NSEL0mtEJlIM-oR5yFnFg isotropic seed=5678 gain=7.818 max|d|=36.25 (no projection)
[ok] boston_query_-NSEL0mtEJlIM-oR5yFnFg direction seed=9012 gain=1.638 max|d|=26.21 (projection 16)
[ok] boston_query_-NSEL0mtEJlIM-oR5yFnFg direction_eot seed=9012 gain=1.334 max|d|=21.35 (projection 16)
[ok] boston_query_-NSEL0mtEJlIM-oR5yFnFg isotropic seed=9012 gain=7.791 max|d|=40.00 (no projection)
[ok] cph_query_-IKk5Ns9ayTUN3tqBrl3Ow direction seed=5678 gain=1.535 max|d|=24.56 (projection 16)
[ok] cph_query_-IKk5Ns9ayTUN3tqBrl3Ow direction_eot seed=5678 gain=1.241 max|d|=19.86 (projection 16)
[ok] cph_query_-IKk5Ns9ayTUN3tqBrl3Ow isotropic seed=5678 gain=8.050 max|d|=37.82 (no projection)
[ok] cph_query_-IKk5Ns9ayTUN3tqBrl3Ow direction seed=9012 gain=1.518 max|d|=24.28 (projection 16)
[ok] cph_query_-IKk5Ns9ayTUN3tqBrl3Ow direction_eot seed=9012 gain=1.239 max|d|=19.82 (projection 16)
[ok] cph_query_-IKk5Ns9ayTUN3tqBrl3Ow isotropic seed=9012 gain=8.044 max|d|=38.20 (no projection)
[ok] london_query_-rtMM_qyd5EBLnADEBIUTA direction seed=5678 gain=1.401 max|d|=22.41 (projection 16)
[ok] london_query_-rtMM_qyd5EBLnADEBIUTA direction_eot seed=5678 gain=1.089 max|d|=17.42 (projection 16)
[ok] london_query_-rtMM_qyd5EBLnADEBIUTA isotropic seed=5678 gain=7.788 max|d|=36.27 (no projection)
[ok] london_query_-rtMM_qyd5EBLnADEBIUTA direction seed=9012 gain=1.442 max|d|=23.07 (projection 16)
[ok] london_query_-rtMM_qyd5EBLnADEBIUTA direction_eot seed=9012 gain=1.108 max|d|=17.73 (projection 16)
[ok] london_query_-rtMM_qyd5EBLnADEBIUTA isotropic seed=9012 gain=7.796 max|d|=37.65 (no projection)
[ok] manila_query_-QdSFqylfs0aHx31jOvTVg direction seed=5678 gain=1.541 max|d|=24.65 (projection 16)
[ok] manila_query_-QdSFqylfs0aHx31jOvTVg direction_eot seed=5678 gain=1.211 max|d|=19.37 (projection 16)
[ok] manila_query_-QdSFqylfs0aHx31jOvTVg isotropic seed=5678 gain=7.768 max|d|=34.37 (no projection)
[ok] manila_query_-QdSFqylfs0aHx31jOvTVg direction seed=9012 gain=1.536 max|d|=24.58 (projection 16)
[ok] manila_query_-QdSFqylfs0aHx31jOvTVg direction_eot seed=9012 gain=1.170 max|d|=18.72 (projection 16)
[ok] manila_query_-QdSFqylfs0aHx31jOvTVg isotropic seed=9012 gain=7.783 max|d|=37.44 (no projection)
[ok] nairobi_query_2Xgp5FmRFbMXgBspWoEFNg direction seed=5678 gain=1.651 max|d|=26.41 (projection 16)
[ok] nairobi_query_2Xgp5FmRFbMXgBspWoEFNg direction_eot seed=5678 gain=1.306 max|d|=20.89 (projection 16)
[ok] nairobi_query_2Xgp5FmRFbMXgBspWoEFNg isotropic seed=5678 gain=7.889 max|d|=37.00 (no projection)
[ok] nairobi_query_2Xgp5FmRFbMXgBspWoEFNg direction seed=9012 gain=1.653 max|d|=26.44 (projection 16)
[ok] nairobi_query_2Xgp5FmRFbMXgBspWoEFNg direction_eot seed=9012 gain=1.350 max|d|=21.60 (projection 16)
[ok] nairobi_query_2Xgp5FmRFbMXgBspWoEFNg isotropic seed=9012 gain=7.920 max|d|=39.67 (no projection)
[ok] toronto_query_-FOgEN8RNyKr0s933N-a0w direction seed=5678 gain=1.519 max|d|=24.31 (projection 16)
[ok] toronto_query_-FOgEN8RNyKr0s933N-a0w direction_eot seed=5678 gain=1.221 max|d|=19.54 (projection 16)
[ok] toronto_query_-FOgEN8RNyKr0s933N-a0w isotropic seed=5678 gain=7.808 max|d|=36.93 (no projection)
[ok] toronto_query_-FOgEN8RNyKr0s933N-a0w direction seed=9012 gain=1.518 max|d|=24.29 (projection 16)
[ok] toronto_query_-FOgEN8RNyKr0s933N-a0w direction_eot seed=9012 gain=1.230 max|d|=19.68 (projection 16)
[ok] toronto_query_-FOgEN8RNyKr0s933N-a0w isotropic seed=9012 gain=7.801 max|d|=41.94 (no projection)
[ok] zurich_query_0F0ESDULqwk5km1KbyUEZw direction seed=5678 gain=1.557 max|d|=24.92 (projection 16)
[ok] zurich_query_0F0ESDULqwk5km1KbyUEZw direction_eot seed=5678 gain=1.279 max|d|=20.46 (projection 16)
[ok] zurich_query_0F0ESDULqwk5km1KbyUEZw isotropic seed=5678 gain=7.902 max|d|=34.96 (no projection)
[ok] zurich_query_0F0ESDULqwk5km1KbyUEZw direction seed=9012 gain=1.540 max|d|=24.63 (projection 16)
[ok] zurich_query_0F0ESDULqwk5km1KbyUEZw direction_eot seed=9012 gain=1.301 max|d|=20.82 (projection 16)
[ok] zurich_query_0F0ESDULqwk5km1KbyUEZw isotropic seed=9012 gain=7.895 max|d|=37.53 (no projection)
[ok] amman_query_1_jzc52w72UKyKztvVoygQ direction seed=5678 gain=1.596 max|d|=25.54 (projection 16)
[ok] amman_query_1_jzc52w72UKyKztvVoygQ direction_eot seed=5678 gain=1.368 max|d|=21.89 (projection 16)
[ok] amman_query_1_jzc52w72UKyKztvVoygQ isotropic seed=5678 gain=7.756 max|d|=36.48 (no projection)
[ok] amman_query_1_jzc52w72UKyKztvVoygQ direction seed=9012 gain=1.591 max|d|=25.45 (projection 16)
[ok] amman_query_1_jzc52w72UKyKztvVoygQ direction_eot seed=9012 gain=1.344 max|d|=21.50 (projection 16)
[ok] amman_query_1_jzc52w72UKyKztvVoygQ isotropic seed=9012 gain=7.739 max|d|=35.62 (no projection)
[ok] boston_query_-NUm2lI2JYWeHZ6lrL2eZA direction seed=5678 gain=1.482 max|d|=23.71 (projection 16)
[ok] boston_query_-NUm2lI2JYWeHZ6lrL2eZA direction_eot seed=5678 gain=1.151 max|d|=18.41 (projection 16)
[ok] boston_query_-NUm2lI2JYWeHZ6lrL2eZA isotropic seed=5678 gain=7.861 max|d|=35.95 (no projection)
[ok] boston_query_-NUm2lI2JYWeHZ6lrL2eZA direction seed=9012 gain=1.502 max|d|=24.04 (projection 16)
[ok] boston_query_-NUm2lI2JYWeHZ6lrL2eZA direction_eot seed=9012 gain=1.136 max|d|=18.18 (projection 16)
[ok] boston_query_-NUm2lI2JYWeHZ6lrL2eZA isotropic seed=9012 gain=7.846 max|d|=34.72 (no projection)
[ok] cph_query_-JMzfm4NuuBt61JuZ2sggw direction seed=5678 gain=1.592 max|d|=25.47 (projection 16)
[ok] cph_query_-JMzfm4NuuBt61JuZ2sggw direction_eot seed=5678 gain=1.247 max|d|=19.95 (projection 16)
[ok] cph_query_-JMzfm4NuuBt61JuZ2sggw isotropic seed=5678 gain=8.304 max|d|=38.54 (no projection)
[ok] cph_query_-JMzfm4NuuBt61JuZ2sggw direction seed=9012 gain=1.574 max|d|=25.19 (projection 16)
[ok] cph_query_-JMzfm4NuuBt61JuZ2sggw direction_eot seed=9012 gain=1.229 max|d|=19.66 (projection 16)
[ok] cph_query_-JMzfm4NuuBt61JuZ2sggw isotropic seed=9012 gain=8.290 max|d|=36.89 (no projection)
[ok] london_query_-u8BrzndSdD1lHKeeOwN1A direction seed=5678 gain=1.465 max|d|=23.43 (projection 16)
[ok] london_query_-u8BrzndSdD1lHKeeOwN1A direction_eot seed=5678 gain=1.160 max|d|=18.56 (projection 16)
[ok] london_query_-u8BrzndSdD1lHKeeOwN1A isotropic seed=5678 gain=7.787 max|d|=33.55 (no projection)
[ok] london_query_-u8BrzndSdD1lHKeeOwN1A direction seed=9012 gain=1.459 max|d|=23.35 (projection 16)
[ok] london_query_-u8BrzndSdD1lHKeeOwN1A direction_eot seed=9012 gain=1.193 max|d|=19.08 (projection 16)
[ok] london_query_-u8BrzndSdD1lHKeeOwN1A isotropic seed=9012 gain=7.795 max|d|=36.86 (no projection)
[ok] manila_query_-QvNwUfMuYwx4zaJzG9hHA direction seed=5678 gain=1.395 max|d|=22.33 (projection 16)
[ok] manila_query_-QvNwUfMuYwx4zaJzG9hHA direction_eot seed=5678 gain=1.129 max|d|=18.06 (projection 16)
[ok] manila_query_-QvNwUfMuYwx4zaJzG9hHA isotropic seed=5678 gain=7.842 max|d|=35.43 (no projection)
[ok] manila_query_-QvNwUfMuYwx4zaJzG9hHA direction seed=9012 gain=1.400 max|d|=22.39 (projection 16)
[ok] manila_query_-QvNwUfMuYwx4zaJzG9hHA direction_eot seed=9012 gain=1.123 max|d|=17.97 (projection 16)
[ok] manila_query_-QvNwUfMuYwx4zaJzG9hHA isotropic seed=9012 gain=7.861 max|d|=34.99 (no projection)
[ok] nairobi_query_2hMXkBjbWEdGXSh4zxGVeg direction seed=5678 gain=1.633 max|d|=26.13 (projection 16)
[ok] nairobi_query_2hMXkBjbWEdGXSh4zxGVeg direction_eot seed=5678 gain=1.252 max|d|=20.03 (projection 16)
[ok] nairobi_query_2hMXkBjbWEdGXSh4zxGVeg isotropic seed=5678 gain=7.791 max|d|=35.21 (no projection)
[ok] nairobi_query_2hMXkBjbWEdGXSh4zxGVeg direction seed=9012 gain=1.624 max|d|=25.98 (projection 16)
[ok] nairobi_query_2hMXkBjbWEdGXSh4zxGVeg direction_eot seed=9012 gain=1.302 max|d|=20.83 (projection 16)
[ok] nairobi_query_2hMXkBjbWEdGXSh4zxGVeg isotropic seed=9012 gain=7.776 max|d|=37.77 (no projection)
[ok] toronto_query_-FRsj6TVpdbM-sdJNwZZbw direction seed=5678 gain=1.519 max|d|=24.30 (projection 16)
[ok] toronto_query_-FRsj6TVpdbM-sdJNwZZbw direction_eot seed=5678 gain=1.234 max|d|=19.75 (projection 16)
[ok] toronto_query_-FRsj6TVpdbM-sdJNwZZbw isotropic seed=5678 gain=7.985 max|d|=39.97 (no projection)
[ok] toronto_query_-FRsj6TVpdbM-sdJNwZZbw direction seed=9012 gain=1.531 max|d|=24.49 (projection 16)
[ok] toronto_query_-FRsj6TVpdbM-sdJNwZZbw direction_eot seed=9012 gain=1.241 max|d|=19.85 (projection 16)
[ok] toronto_query_-FRsj6TVpdbM-sdJNwZZbw isotropic seed=9012 gain=7.966 max|d|=37.59 (no projection)
[ok] zurich_query_0FEApLaNMLno1PTABlbYyQ direction seed=5678 gain=1.494 max|d|=23.90 (projection 16)
[ok] zurich_query_0FEApLaNMLno1PTABlbYyQ direction_eot seed=5678 gain=1.191 max|d|=19.06 (projection 16)
[ok] zurich_query_0FEApLaNMLno1PTABlbYyQ isotropic seed=5678 gain=7.878 max|d|=40.21 (no projection)
[ok] zurich_query_0FEApLaNMLno1PTABlbYyQ direction seed=9012 gain=1.491 max|d|=23.85 (projection 16)
[ok] zurich_query_0FEApLaNMLno1PTABlbYyQ direction_eot seed=9012 gain=1.199 max|d|=19.18 (projection 16)
[ok] zurich_query_0FEApLaNMLno1PTABlbYyQ isotropic seed=9012 gain=7.852 max|d|=35.77 (no projection)
[ok] amman_query_1jA0_v7p_4KHVbia4DG7Bw direction seed=5678 gain=1.422 max|d|=22.75 (projection 16)
[ok] amman_query_1jA0_v7p_4KHVbia4DG7Bw direction_eot seed=5678 gain=1.161 max|d|=18.58 (projection 16)
[ok] amman_query_1jA0_v7p_4KHVbia4DG7Bw isotropic seed=5678 gain=7.771 max|d|=35.35 (no projection)
[ok] amman_query_1jA0_v7p_4KHVbia4DG7Bw direction seed=9012 gain=1.412 max|d|=22.59 (projection 16)
[ok] amman_query_1jA0_v7p_4KHVbia4DG7Bw direction_eot seed=9012 gain=1.151 max|d|=18.41 (projection 16)
[ok] amman_query_1jA0_v7p_4KHVbia4DG7Bw isotropic seed=9012 gain=7.766 max|d|=33.97 (no projection)
[ok] boston_query_-O6nZhSO0Cgq4iaZ522K2g direction seed=5678 gain=1.500 max|d|=24.00 (projection 16)
[ok] boston_query_-O6nZhSO0Cgq4iaZ522K2g direction_eot seed=5678 gain=1.200 max|d|=19.19 (projection 16)
[ok] boston_query_-O6nZhSO0Cgq4iaZ522K2g isotropic seed=5678 gain=7.773 max|d|=34.04 (no projection)
[ok] boston_query_-O6nZhSO0Cgq4iaZ522K2g direction seed=9012 gain=1.514 max|d|=24.22 (projection 16)
[ok] boston_query_-O6nZhSO0Cgq4iaZ522K2g direction_eot seed=9012 gain=1.223 max|d|=19.56 (projection 16)
[ok] boston_query_-O6nZhSO0Cgq4iaZ522K2g isotropic seed=9012 gain=7.779 max|d|=39.10 (no projection)
[ok] cph_query_-MUw194v9r5C1394mci6-A direction seed=5678 gain=1.393 max|d|=22.29 (projection 16)
[ok] cph_query_-MUw194v9r5C1394mci6-A direction_eot seed=5678 gain=1.142 max|d|=18.27 (projection 16)
[ok] cph_query_-MUw194v9r5C1394mci6-A isotropic seed=5678 gain=7.851 max|d|=35.51 (no projection)
[ok] cph_query_-MUw194v9r5C1394mci6-A direction seed=9012 gain=1.415 max|d|=22.64 (projection 16)
[ok] cph_query_-MUw194v9r5C1394mci6-A direction_eot seed=9012 gain=1.121 max|d|=17.93 (projection 16)
[ok] cph_query_-MUw194v9r5C1394mci6-A isotropic seed=9012 gain=7.166 max|d|=37.72 (no projection)
[ok] london_query_-vkja3p0MzaoZlQOooT-YQ direction seed=5678 gain=1.451 max|d|=23.22 (projection 16)
[ok] london_query_-vkja3p0MzaoZlQOooT-YQ direction_eot seed=5678 gain=1.166 max|d|=18.66 (projection 16)
[ok] london_query_-vkja3p0MzaoZlQOooT-YQ isotropic seed=5678 gain=7.821 max|d|=38.30 (no projection)
[ok] london_query_-vkja3p0MzaoZlQOooT-YQ direction seed=9012 gain=1.476 max|d|=23.62 (projection 16)
[ok] london_query_-vkja3p0MzaoZlQOooT-YQ direction_eot seed=9012 gain=1.155 max|d|=18.48 (projection 16)
[ok] london_query_-vkja3p0MzaoZlQOooT-YQ isotropic seed=9012 gain=7.816 max|d|=37.12 (no projection)
[ok] manila_query_-RZzhLSoiUGq-PShtIhzxw direction seed=5678 gain=1.529 max|d|=24.46 (projection 16)
[ok] manila_query_-RZzhLSoiUGq-PShtIhzxw direction_eot seed=5678 gain=1.197 max|d|=19.15 (projection 16)
[ok] manila_query_-RZzhLSoiUGq-PShtIhzxw isotropic seed=5678 gain=7.788 max|d|=36.21 (no projection)
[ok] manila_query_-RZzhLSoiUGq-PShtIhzxw direction seed=9012 gain=1.507 max|d|=24.11 (projection 16)
[ok] manila_query_-RZzhLSoiUGq-PShtIhzxw direction_eot seed=9012 gain=1.180 max|d|=18.89 (projection 16)
[ok] manila_query_-RZzhLSoiUGq-PShtIhzxw isotropic seed=9012 gain=7.796 max|d|=38.79 (no projection)
[ok] nairobi_query_2wqDKqSdeRPYg6X996gZ0w direction seed=5678 gain=1.605 max|d|=25.68 (projection 16)
[ok] nairobi_query_2wqDKqSdeRPYg6X996gZ0w direction_eot seed=5678 gain=1.252 max|d|=20.03 (projection 16)
[ok] nairobi_query_2wqDKqSdeRPYg6X996gZ0w isotropic seed=5678 gain=7.741 max|d|=36.36 (no projection)
[ok] nairobi_query_2wqDKqSdeRPYg6X996gZ0w direction seed=9012 gain=1.582 max|d|=25.31 (projection 16)
[ok] nairobi_query_2wqDKqSdeRPYg6X996gZ0w direction_eot seed=9012 gain=1.259 max|d|=20.14 (projection 16)
[ok] nairobi_query_2wqDKqSdeRPYg6X996gZ0w isotropic seed=9012 gain=7.731 max|d|=36.21 (no projection)
[ok] toronto_query_-FohtR51AFcyGSLgiTdXzw direction seed=5678 gain=1.526 max|d|=24.42 (projection 16)
[ok] toronto_query_-FohtR51AFcyGSLgiTdXzw direction_eot seed=5678 gain=1.199 max|d|=19.19 (projection 16)
[ok] toronto_query_-FohtR51AFcyGSLgiTdXzw isotropic seed=5678 gain=8.174 max|d|=38.11 (no projection)
[ok] toronto_query_-FohtR51AFcyGSLgiTdXzw direction seed=9012 gain=1.492 max|d|=23.88 (projection 16)
[ok] toronto_query_-FohtR51AFcyGSLgiTdXzw direction_eot seed=9012 gain=1.276 max|d|=20.42 (projection 16)
[ok] toronto_query_-FohtR51AFcyGSLgiTdXzw isotropic seed=9012 gain=7.950 max|d|=37.25 (no projection)
[ok] zurich_query_0I7IdNKcKWGXL-wmkUdx2A direction seed=5678 gain=1.377 max|d|=22.03 (projection 16)
[ok] zurich_query_0I7IdNKcKWGXL-wmkUdx2A direction_eot seed=5678 gain=1.131 max|d|=18.09 (projection 16)
[ok] zurich_query_0I7IdNKcKWGXL-wmkUdx2A isotropic seed=5678 gain=7.847 max|d|=37.73 (no projection)
[ok] zurich_query_0I7IdNKcKWGXL-wmkUdx2A direction seed=9012 gain=1.372 max|d|=21.96 (projection 16)
[ok] zurich_query_0I7IdNKcKWGXL-wmkUdx2A direction_eot seed=9012 gain=1.145 max|d|=18.33 (projection 16)
[ok] zurich_query_0I7IdNKcKWGXL-wmkUdx2A isotropic seed=9012 gain=7.859 max|d|=34.05 (no projection)
[ok] amman_query_1n6vx0uExn56MfvA6toRJw direction seed=5678 gain=1.613 max|d|=25.80 (projection 16)
[ok] amman_query_1n6vx0uExn56MfvA6toRJw direction_eot seed=5678 gain=1.246 max|d|=19.94 (projection 16)
[ok] amman_query_1n6vx0uExn56MfvA6toRJw isotropic seed=5678 gain=7.779 max|d|=34.29 (no projection)
[ok] amman_query_1n6vx0uExn56MfvA6toRJw direction seed=9012 gain=1.604 max|d|=25.67 (projection 16)
[ok] amman_query_1n6vx0uExn56MfvA6toRJw direction_eot seed=9012 gain=1.280 max|d|=20.48 (projection 16)
[ok] amman_query_1n6vx0uExn56MfvA6toRJw isotropic seed=9012 gain=7.771 max|d|=34.13 (no projection)
[ok] boston_query_-OEJzVyBJiypLsHkeOqxKn direction seed=5678 gain=1.622 max|d|=25.95 (projection 16)
[ok] boston_query_-OEJzVyBJiypLsHkeOqxKn direction_eot seed=5678 gain=1.209 max|d|=19.35 (projection 16)
[ok] boston_query_-OEJzVyBJiypLsHkeOqxKn isotropic seed=5678 gain=7.765 max|d|=36.74 (no projection)
[ok] boston_query_-OEJzVyBJiypLsHkeOqxKn direction seed=9012 gain=1.616 max|d|=25.85 (projection 16)
[ok] boston_query_-OEJzVyBJiypLsHkeOqxKn direction_eot seed=9012 gain=1.195 max|d|=19.12 (projection 16)
[ok] boston_query_-OEJzVyBJiypLsHkeOqxKn isotropic seed=9012 gain=7.778 max|d|=37.56 (no projection)
[ok] cph_query_-Mwdj8AXbTR5wrPmQKRbhQ direction seed=5678 gain=1.527 max|d|=24.43 (projection 16)
[ok] cph_query_-Mwdj8AXbTR5wrPmQKRbhQ direction_eot seed=5678 gain=1.197 max|d|=19.15 (projection 16)
[ok] cph_query_-Mwdj8AXbTR5wrPmQKRbhQ isotropic seed=5678 gain=7.747 max|d|=37.68 (no projection)
[ok] cph_query_-Mwdj8AXbTR5wrPmQKRbhQ direction seed=9012 gain=1.530 max|d|=24.48 (projection 16)
[ok] cph_query_-Mwdj8AXbTR5wrPmQKRbhQ direction_eot seed=9012 gain=1.227 max|d|=19.63 (projection 16)
[ok] cph_query_-Mwdj8AXbTR5wrPmQKRbhQ isotropic seed=9012 gain=7.780 max|d|=34.51 (no projection)
[ok] london_query_-wX-mY4F2ewX9tlr1_JTbw direction seed=5678 gain=1.398 max|d|=22.36 (projection 16)
[ok] london_query_-wX-mY4F2ewX9tlr1_JTbw direction_eot seed=5678 gain=1.102 max|d|=17.64 (projection 16)
[ok] london_query_-wX-mY4F2ewX9tlr1_JTbw isotropic seed=5678 gain=7.852 max|d|=35.42 (no projection)
[ok] london_query_-wX-mY4F2ewX9tlr1_JTbw direction seed=9012 gain=1.401 max|d|=22.42 (projection 16)
[ok] london_query_-wX-mY4F2ewX9tlr1_JTbw direction_eot seed=9012 gain=1.101 max|d|=17.61 (projection 16)
[ok] london_query_-wX-mY4F2ewX9tlr1_JTbw isotropic seed=9012 gain=7.839 max|d|=37.12 (no projection)
[ok] manila_query_-SSrBkppXcUPQnmvRyEZaA direction seed=5678 gain=1.403 max|d|=22.45 (projection 16)
[ok] manila_query_-SSrBkppXcUPQnmvRyEZaA direction_eot seed=5678 gain=1.101 max|d|=17.62 (projection 16)
[ok] manila_query_-SSrBkppXcUPQnmvRyEZaA isotropic seed=5678 gain=7.916 max|d|=39.96 (no projection)
[ok] manila_query_-SSrBkppXcUPQnmvRyEZaA direction seed=9012 gain=1.407 max|d|=22.52 (projection 16)
[ok] manila_query_-SSrBkppXcUPQnmvRyEZaA direction_eot seed=9012 gain=1.116 max|d|=17.86 (projection 16)
[ok] manila_query_-SSrBkppXcUPQnmvRyEZaA isotropic seed=9012 gain=7.905 max|d|=35.93 (no projection)
[ok] nairobi_query_32eRlu6tx-Q_LzhBd8iTQA direction seed=5678 gain=1.618 max|d|=25.88 (projection 16)
[ok] nairobi_query_32eRlu6tx-Q_LzhBd8iTQA direction_eot seed=5678 gain=1.293 max|d|=20.70 (projection 16)
[ok] nairobi_query_32eRlu6tx-Q_LzhBd8iTQA isotropic seed=5678 gain=7.759 max|d|=40.74 (no projection)
[ok] nairobi_query_32eRlu6tx-Q_LzhBd8iTQA direction seed=9012 gain=1.608 max|d|=25.72 (projection 16)
[ok] nairobi_query_32eRlu6tx-Q_LzhBd8iTQA direction_eot seed=9012 gain=1.211 max|d|=19.37 (projection 16)
[ok] nairobi_query_32eRlu6tx-Q_LzhBd8iTQA isotropic seed=9012 gain=7.755 max|d|=36.61 (no projection)
[ok] toronto_query_-HBbI6fcMz-R3CyduFEoDg direction seed=5678 gain=1.611 max|d|=25.78 (projection 16)
[ok] toronto_query_-HBbI6fcMz-R3CyduFEoDg direction_eot seed=5678 gain=1.267 max|d|=20.27 (projection 16)
[ok] toronto_query_-HBbI6fcMz-R3CyduFEoDg isotropic seed=5678 gain=7.809 max|d|=35.14 (no projection)
[ok] toronto_query_-HBbI6fcMz-R3CyduFEoDg direction seed=9012 gain=1.614 max|d|=25.83 (projection 16)
[ok] toronto_query_-HBbI6fcMz-R3CyduFEoDg direction_eot seed=9012 gain=1.301 max|d|=20.82 (projection 16)
[ok] toronto_query_-HBbI6fcMz-R3CyduFEoDg isotropic seed=9012 gain=7.772 max|d|=33.79 (no projection)
[ok] zurich_query_0IZVsW_UPLzI_vUm51hEMQ direction seed=5678 gain=1.536 max|d|=24.58 (projection 16)
[ok] zurich_query_0IZVsW_UPLzI_vUm51hEMQ direction_eot seed=5678 gain=1.193 max|d|=19.09 (projection 16)
[ok] zurich_query_0IZVsW_UPLzI_vUm51hEMQ isotropic seed=5678 gain=7.861 max|d|=39.88 (no projection)
[ok] zurich_query_0IZVsW_UPLzI_vUm51hEMQ direction seed=9012 gain=1.529 max|d|=24.46 (projection 16)
[ok] zurich_query_0IZVsW_UPLzI_vUm51hEMQ direction_eot seed=9012 gain=1.215 max|d|=19.44 (projection 16)
[ok] zurich_query_0IZVsW_UPLzI_vUm51hEMQ isotropic seed=9012 gain=7.830 max|d|=35.44 (no projection)
[ok] amman_query_1qMrYvXqBvZDS0XUd5cEtg direction seed=5678 gain=1.467 max|d|=23.46 (projection 16)
[ok] amman_query_1qMrYvXqBvZDS0XUd5cEtg direction_eot seed=5678 gain=1.215 max|d|=19.43 (projection 16)
[ok] amman_query_1qMrYvXqBvZDS0XUd5cEtg isotropic seed=5678 gain=7.728 max|d|=35.11 (no projection)
[ok] amman_query_1qMrYvXqBvZDS0XUd5cEtg direction seed=9012 gain=1.471 max|d|=23.54 (projection 16)
[ok] amman_query_1qMrYvXqBvZDS0XUd5cEtg direction_eot seed=9012 gain=1.193 max|d|=19.10 (projection 16)
[ok] amman_query_1qMrYvXqBvZDS0XUd5cEtg isotropic seed=9012 gain=7.749 max|d|=35.56 (no projection)
[ok] boston_query_-OlQhKn0bS9eZTkeJL6ovw direction seed=5678 gain=1.417 max|d|=22.67 (projection 16)
[ok] boston_query_-OlQhKn0bS9eZTkeJL6ovw direction_eot seed=5678 gain=1.154 max|d|=18.47 (projection 16)
[ok] boston_query_-OlQhKn0bS9eZTkeJL6ovw isotropic seed=5678 gain=7.874 max|d|=34.12 (no projection)
[ok] boston_query_-OlQhKn0bS9eZTkeJL6ovw direction seed=9012 gain=1.411 max|d|=22.58 (projection 16)
[ok] boston_query_-OlQhKn0bS9eZTkeJL6ovw direction_eot seed=9012 gain=1.145 max|d|=18.32 (projection 16)
[ok] boston_query_-OlQhKn0bS9eZTkeJL6ovw isotropic seed=9012 gain=7.354 max|d|=33.74 (no projection)
[ok] cph_query_-N9mbKdWcHyUUsU1379EgA direction seed=5678 gain=1.504 max|d|=24.06 (projection 16)
[ok] cph_query_-N9mbKdWcHyUUsU1379EgA direction_eot seed=5678 gain=1.258 max|d|=20.13 (projection 16)
[ok] cph_query_-N9mbKdWcHyUUsU1379EgA isotropic seed=5678 gain=8.341 max|d|=37.87 (no projection)
[ok] cph_query_-N9mbKdWcHyUUsU1379EgA direction seed=9012 gain=1.511 max|d|=24.18 (projection 16)
[ok] cph_query_-N9mbKdWcHyUUsU1379EgA direction_eot seed=9012 gain=1.283 max|d|=20.52 (projection 16)
[ok] cph_query_-N9mbKdWcHyUUsU1379EgA isotropic seed=9012 gain=8.144 max|d|=34.98 (no projection)
[ok] london_query_02vfV_A3zc1S9Akd07xuEA direction seed=5678 gain=1.355 max|d|=21.68 (projection 16)
[ok] london_query_02vfV_A3zc1S9Akd07xuEA direction_eot seed=5678 gain=1.087 max|d|=17.40 (projection 16)
[ok] london_query_02vfV_A3zc1S9Akd07xuEA isotropic seed=5678 gain=7.929 max|d|=38.77 (no projection)
[ok] london_query_02vfV_A3zc1S9Akd07xuEA direction seed=9012 gain=1.417 max|d|=22.67 (projection 16)
[ok] london_query_02vfV_A3zc1S9Akd07xuEA direction_eot seed=9012 gain=1.115 max|d|=17.83 (projection 16)
[ok] london_query_02vfV_A3zc1S9Akd07xuEA isotropic seed=9012 gain=7.906 max|d|=34.89 (no projection)
[ok] manila_query_-Tmeby1UCsrkKNvVnN7L5g direction seed=5678 gain=1.482 max|d|=23.71 (projection 16)
[ok] manila_query_-Tmeby1UCsrkKNvVnN7L5g direction_eot seed=5678 gain=1.139 max|d|=18.22 (projection 16)
[ok] manila_query_-Tmeby1UCsrkKNvVnN7L5g isotropic seed=5678 gain=7.997 max|d|=36.69 (no projection)
[ok] manila_query_-Tmeby1UCsrkKNvVnN7L5g direction seed=9012 gain=1.468 max|d|=23.48 (projection 16)
[ok] manila_query_-Tmeby1UCsrkKNvVnN7L5g direction_eot seed=9012 gain=1.149 max|d|=18.39 (projection 16)
[ok] manila_query_-Tmeby1UCsrkKNvVnN7L5g isotropic seed=9012 gain=7.600 max|d|=36.28 (no projection)
[ok] nairobi_query_37RDt83nGFaZl6CPpzqlTw direction seed=5678 gain=1.578 max|d|=25.25 (projection 16)
[ok] nairobi_query_37RDt83nGFaZl6CPpzqlTw direction_eot seed=5678 gain=1.281 max|d|=20.50 (projection 16)
[ok] nairobi_query_37RDt83nGFaZl6CPpzqlTw isotropic seed=5678 gain=7.848 max|d|=36.68 (no projection)
[ok] nairobi_query_37RDt83nGFaZl6CPpzqlTw direction seed=9012 gain=1.598 max|d|=25.57 (projection 16)
[ok] nairobi_query_37RDt83nGFaZl6CPpzqlTw direction_eot seed=9012 gain=1.277 max|d|=20.43 (projection 16)
[ok] nairobi_query_37RDt83nGFaZl6CPpzqlTw isotropic seed=9012 gain=7.981 max|d|=37.66 (no projection)
[ok] toronto_query_-IlXU6r8OSJejg6wnFTYMQ direction seed=5678 gain=1.609 max|d|=25.74 (projection 16)
[ok] toronto_query_-IlXU6r8OSJejg6wnFTYMQ direction_eot seed=5678 gain=1.315 max|d|=21.03 (projection 16)
[ok] toronto_query_-IlXU6r8OSJejg6wnFTYMQ isotropic seed=5678 gain=7.753 max|d|=34.69 (no projection)
[ok] toronto_query_-IlXU6r8OSJejg6wnFTYMQ direction seed=9012 gain=1.592 max|d|=25.48 (projection 16)
[ok] toronto_query_-IlXU6r8OSJejg6wnFTYMQ direction_eot seed=9012 gain=1.344 max|d|=21.50 (projection 16)
[ok] toronto_query_-IlXU6r8OSJejg6wnFTYMQ isotropic seed=9012 gain=7.750 max|d|=34.41 (no projection)
[ok] zurich_query_0Ky7pgdILHyYlzjahHNGZg direction seed=5678 gain=1.519 max|d|=24.30 (projection 16)
[ok] zurich_query_0Ky7pgdILHyYlzjahHNGZg direction_eot seed=5678 gain=1.189 max|d|=19.03 (projection 16)
[ok] zurich_query_0Ky7pgdILHyYlzjahHNGZg isotropic seed=5678 gain=7.963 max|d|=39.93 (no projection)
[ok] zurich_query_0Ky7pgdILHyYlzjahHNGZg direction seed=9012 gain=1.501 max|d|=24.02 (projection 16)
[ok] zurich_query_0Ky7pgdILHyYlzjahHNGZg direction_eot seed=9012 gain=1.212 max|d|=19.39 (projection 16)
[ok] zurich_query_0Ky7pgdILHyYlzjahHNGZg isotropic seed=9012 gain=7.966 max|d|=39.11 (no projection)
[ok] amman_query_1rZerb0T7z_1E7yKfEBCtA direction seed=5678 gain=1.529 max|d|=24.47 (projection 16)
[ok] amman_query_1rZerb0T7z_1E7yKfEBCtA direction_eot seed=5678 gain=1.213 max|d|=19.41 (projection 16)
[ok] amman_query_1rZerb0T7z_1E7yKfEBCtA isotropic seed=5678 gain=7.801 max|d|=35.50 (no projection)
[ok] amman_query_1rZerb0T7z_1E7yKfEBCtA direction seed=9012 gain=1.540 max|d|=24.64 (projection 16)
[ok] amman_query_1rZerb0T7z_1E7yKfEBCtA direction_eot seed=9012 gain=1.219 max|d|=19.50 (projection 16)
[ok] amman_query_1rZerb0T7z_1E7yKfEBCtA isotropic seed=9012 gain=7.529 max|d|=34.90 (no projection)
[ok] boston_query_-Phryua7d1FHhpGGfaEGcg direction seed=5678 gain=1.525 max|d|=24.40 (projection 16)
[ok] boston_query_-Phryua7d1FHhpGGfaEGcg direction_eot seed=5678 gain=1.265 max|d|=20.24 (projection 16)
[ok] boston_query_-Phryua7d1FHhpGGfaEGcg isotropic seed=5678 gain=7.912 max|d|=41.96 (no projection)
[ok] boston_query_-Phryua7d1FHhpGGfaEGcg direction seed=9012 gain=1.536 max|d|=24.58 (projection 16)
[ok] boston_query_-Phryua7d1FHhpGGfaEGcg direction_eot seed=9012 gain=1.224 max|d|=19.59 (projection 16)
[ok] boston_query_-Phryua7d1FHhpGGfaEGcg isotropic seed=9012 gain=7.934 max|d|=33.58 (no projection)
[ok] cph_query_-PRZAb6qxjSdDqzgOekgbg direction seed=5678 gain=1.413 max|d|=22.61 (projection 16)
[ok] cph_query_-PRZAb6qxjSdDqzgOekgbg direction_eot seed=5678 gain=1.143 max|d|=18.29 (projection 16)
[ok] cph_query_-PRZAb6qxjSdDqzgOekgbg isotropic seed=5678 gain=7.804 max|d|=34.22 (no projection)
[ok] cph_query_-PRZAb6qxjSdDqzgOekgbg direction seed=9012 gain=1.412 max|d|=22.58 (projection 16)
[ok] cph_query_-PRZAb6qxjSdDqzgOekgbg direction_eot seed=9012 gain=1.172 max|d|=18.76 (projection 16)
[ok] cph_query_-PRZAb6qxjSdDqzgOekgbg isotropic seed=9012 gain=7.765 max|d|=40.51 (no projection)
[ok] london_query_039iugtZTFguj-7UQyc-wg direction seed=5678 gain=1.543 max|d|=24.69 (projection 16)
[ok] london_query_039iugtZTFguj-7UQyc-wg direction_eot seed=5678 gain=1.256 max|d|=20.10 (projection 16)
[ok] london_query_039iugtZTFguj-7UQyc-wg isotropic seed=5678 gain=8.305 max|d|=38.79 (no projection)
[ok] london_query_039iugtZTFguj-7UQyc-wg direction seed=9012 gain=1.550 max|d|=24.81 (projection 16)
[ok] london_query_039iugtZTFguj-7UQyc-wg direction_eot seed=9012 gain=1.204 max|d|=19.26 (projection 16)
[ok] london_query_039iugtZTFguj-7UQyc-wg isotropic seed=9012 gain=8.418 max|d|=37.06 (no projection)
[ok] manila_query_-TrGJy3CeaXApOffGndlqg direction seed=5678 gain=1.480 max|d|=23.68 (projection 16)
[ok] manila_query_-TrGJy3CeaXApOffGndlqg direction_eot seed=5678 gain=1.175 max|d|=18.80 (projection 16)
[ok] manila_query_-TrGJy3CeaXApOffGndlqg isotropic seed=5678 gain=7.969 max|d|=35.88 (no projection)
[ok] manila_query_-TrGJy3CeaXApOffGndlqg direction seed=9012 gain=1.463 max|d|=23.41 (projection 16)
[ok] manila_query_-TrGJy3CeaXApOffGndlqg direction_eot seed=9012 gain=1.179 max|d|=18.86 (projection 16)
[ok] manila_query_-TrGJy3CeaXApOffGndlqg isotropic seed=9012 gain=7.918 max|d|=35.38 (no projection)
[ok] nairobi_query_38y5DGnb1BCdL2r_1MWELg direction seed=5678 gain=1.609 max|d|=25.74 (projection 16)
[ok] nairobi_query_38y5DGnb1BCdL2r_1MWELg direction_eot seed=5678 gain=1.227 max|d|=19.63 (projection 16)
[ok] nairobi_query_38y5DGnb1BCdL2r_1MWELg isotropic seed=5678 gain=7.907 max|d|=38.22 (no projection)
[ok] nairobi_query_38y5DGnb1BCdL2r_1MWELg direction seed=9012 gain=1.628 max|d|=26.05 (projection 16)
[ok] nairobi_query_38y5DGnb1BCdL2r_1MWELg direction_eot seed=9012 gain=1.268 max|d|=20.28 (projection 16)
[ok] nairobi_query_38y5DGnb1BCdL2r_1MWELg isotropic seed=9012 gain=7.940 max|d|=35.61 (no projection)
[ok] toronto_query_-Iyv6ydukEfueu-CphPhwg direction seed=5678 gain=1.489 max|d|=23.82 (projection 16)
[ok] toronto_query_-Iyv6ydukEfueu-CphPhwg direction_eot seed=5678 gain=1.201 max|d|=19.22 (projection 16)
[ok] toronto_query_-Iyv6ydukEfueu-CphPhwg isotropic seed=5678 gain=8.131 max|d|=35.52 (no projection)
[ok] toronto_query_-Iyv6ydukEfueu-CphPhwg direction seed=9012 gain=1.471 max|d|=23.53 (projection 16)
[ok] toronto_query_-Iyv6ydukEfueu-CphPhwg direction_eot seed=9012 gain=1.219 max|d|=19.50 (projection 16)
[ok] toronto_query_-Iyv6ydukEfueu-CphPhwg isotropic seed=9012 gain=8.132 max|d|=35.36 (no projection)
[ok] zurich_query_0PrObi7NiUNPMe7_RDu2Ng direction seed=5678 gain=1.523 max|d|=24.37 (projection 16)
[ok] zurich_query_0PrObi7NiUNPMe7_RDu2Ng direction_eot seed=5678 gain=1.196 max|d|=19.13 (projection 16)
[ok] zurich_query_0PrObi7NiUNPMe7_RDu2Ng isotropic seed=5678 gain=7.779 max|d|=39.59 (no projection)
[ok] zurich_query_0PrObi7NiUNPMe7_RDu2Ng direction seed=9012 gain=1.519 max|d|=24.30 (projection 16)
[ok] zurich_query_0PrObi7NiUNPMe7_RDu2Ng direction_eot seed=9012 gain=1.204 max|d|=19.27 (projection 16)
[ok] zurich_query_0PrObi7NiUNPMe7_RDu2Ng isotropic seed=9012 gain=7.779 max|d|=34.64 (no projection)
[ok] amman_query_1uJbVMOMqlPVx4GYc2BgOA direction seed=5678 gain=1.588 max|d|=25.41 (projection 16)
[ok] amman_query_1uJbVMOMqlPVx4GYc2BgOA direction_eot seed=5678 gain=1.245 max|d|=19.92 (projection 16)
[ok] amman_query_1uJbVMOMqlPVx4GYc2BgOA isotropic seed=5678 gain=7.762 max|d|=35.39 (no projection)
[ok] amman_query_1uJbVMOMqlPVx4GYc2BgOA direction seed=9012 gain=1.591 max|d|=25.45 (projection 16)
[ok] amman_query_1uJbVMOMqlPVx4GYc2BgOA direction_eot seed=9012 gain=1.306 max|d|=20.90 (projection 16)
[ok] amman_query_1uJbVMOMqlPVx4GYc2BgOA isotropic seed=9012 gain=6.925 max|d|=33.03 (no projection)
[ok] boston_query_-Ptt76cqL8Ath-qW7aRUQw direction seed=5678 gain=1.651 max|d|=26.41 (projection 16)
[ok] boston_query_-Ptt76cqL8Ath-qW7aRUQw direction_eot seed=5678 gain=1.339 max|d|=21.42 (projection 16)
[ok] boston_query_-Ptt76cqL8Ath-qW7aRUQw isotropic seed=5678 gain=7.802 max|d|=37.35 (no projection)
[ok] boston_query_-Ptt76cqL8Ath-qW7aRUQw direction seed=9012 gain=1.661 max|d|=26.58 (projection 16)
[ok] boston_query_-Ptt76cqL8Ath-qW7aRUQw direction_eot seed=9012 gain=1.358 max|d|=21.73 (projection 16)
[ok] boston_query_-Ptt76cqL8Ath-qW7aRUQw isotropic seed=9012 gain=7.795 max|d|=35.81 (no projection)
[ok] cph_query_-Q4-mvnV6y-0yK62OXn-1w direction seed=5678 gain=1.597 max|d|=25.55 (projection 16)
[ok] cph_query_-Q4-mvnV6y-0yK62OXn-1w direction_eot seed=5678 gain=1.255 max|d|=20.08 (projection 16)
[ok] cph_query_-Q4-mvnV6y-0yK62OXn-1w isotropic seed=5678 gain=7.781 max|d|=35.47 (no projection)
[ok] cph_query_-Q4-mvnV6y-0yK62OXn-1w direction seed=9012 gain=1.603 max|d|=25.65 (projection 16)
[ok] cph_query_-Q4-mvnV6y-0yK62OXn-1w direction_eot seed=9012 gain=1.247 max|d|=19.96 (projection 16)
[ok] cph_query_-Q4-mvnV6y-0yK62OXn-1w isotropic seed=9012 gain=7.813 max|d|=35.67 (no projection)
[ok] london_query_03BhnvDRczArNBQm0Qu0tQ direction seed=5678 gain=1.502 max|d|=24.03 (projection 16)
[ok] london_query_03BhnvDRczArNBQm0Qu0tQ direction_eot seed=5678 gain=1.271 max|d|=20.33 (projection 16)
[ok] london_query_03BhnvDRczArNBQm0Qu0tQ isotropic seed=5678 gain=7.864 max|d|=36.83 (no projection)
[ok] london_query_03BhnvDRczArNBQm0Qu0tQ direction seed=9012 gain=1.512 max|d|=24.19 (projection 16)
[ok] london_query_03BhnvDRczArNBQm0Qu0tQ direction_eot seed=9012 gain=1.234 max|d|=19.74 (projection 16)
[ok] london_query_03BhnvDRczArNBQm0Qu0tQ isotropic seed=9012 gain=7.846 max|d|=34.42 (no projection)
[ok] manila_query_-Tvw2ZcjPmZrmxcJ3PNHwQ direction seed=5678 gain=1.347 max|d|=21.56 (projection 16)
[ok] manila_query_-Tvw2ZcjPmZrmxcJ3PNHwQ direction_eot seed=5678 gain=1.090 max|d|=17.44 (projection 16)
[ok] manila_query_-Tvw2ZcjPmZrmxcJ3PNHwQ isotropic seed=5678 gain=7.792 max|d|=37.11 (no projection)
[ok] manila_query_-Tvw2ZcjPmZrmxcJ3PNHwQ direction seed=9012 gain=1.324 max|d|=21.19 (projection 16)
[ok] manila_query_-Tvw2ZcjPmZrmxcJ3PNHwQ direction_eot seed=9012 gain=1.103 max|d|=17.65 (projection 16)
[ok] manila_query_-Tvw2ZcjPmZrmxcJ3PNHwQ isotropic seed=9012 gain=7.783 max|d|=34.81 (no projection)
[ok] nairobi_query_3BfqchD1dC_R_VKSm6NXMQ direction seed=5678 gain=1.534 max|d|=24.54 (projection 16)
[ok] nairobi_query_3BfqchD1dC_R_VKSm6NXMQ direction_eot seed=5678 gain=1.257 max|d|=20.11 (projection 16)
[ok] nairobi_query_3BfqchD1dC_R_VKSm6NXMQ isotropic seed=5678 gain=7.758 max|d|=34.39 (no projection)
[ok] nairobi_query_3BfqchD1dC_R_VKSm6NXMQ direction seed=9012 gain=1.539 max|d|=24.63 (projection 16)
[ok] nairobi_query_3BfqchD1dC_R_VKSm6NXMQ direction_eot seed=9012 gain=1.183 max|d|=18.93 (projection 16)
[ok] nairobi_query_3BfqchD1dC_R_VKSm6NXMQ isotropic seed=9012 gain=7.739 max|d|=36.59 (no projection)
[ok] toronto_query_-J6MOLqIZtzsA-CH6ie5Cg direction seed=5678 gain=1.405 max|d|=22.49 (projection 16)
[ok] toronto_query_-J6MOLqIZtzsA-CH6ie5Cg direction_eot seed=5678 gain=1.128 max|d|=18.05 (projection 16)
[ok] toronto_query_-J6MOLqIZtzsA-CH6ie5Cg isotropic seed=5678 gain=7.487 max|d|=34.84 (no projection)
[ok] toronto_query_-J6MOLqIZtzsA-CH6ie5Cg direction seed=9012 gain=1.402 max|d|=22.44 (projection 16)
[ok] toronto_query_-J6MOLqIZtzsA-CH6ie5Cg direction_eot seed=9012 gain=1.101 max|d|=17.62 (projection 16)
[ok] toronto_query_-J6MOLqIZtzsA-CH6ie5Cg isotropic seed=9012 gain=7.870 max|d|=37.85 (no projection)
[ok] zurich_query_0Spj-pWISRRStxENII8G4A direction seed=5678 gain=1.489 max|d|=23.82 (projection 16)
[ok] zurich_query_0Spj-pWISRRStxENII8G4A direction_eot seed=5678 gain=1.160 max|d|=18.56 (projection 16)
[ok] zurich_query_0Spj-pWISRRStxENII8G4A isotropic seed=5678 gain=7.816 max|d|=36.39 (no projection)
[ok] zurich_query_0Spj-pWISRRStxENII8G4A direction seed=9012 gain=1.488 max|d|=23.81 (projection 16)
[ok] zurich_query_0Spj-pWISRRStxENII8G4A direction_eot seed=9012 gain=1.168 max|d|=18.70 (projection 16)
[ok] zurich_query_0Spj-pWISRRStxENII8G4A isotropic seed=9012 gain=7.840 max|d|=39.45 (no projection)
[ok] amman_query_23YO5CD18Cg_wG_ZhqhbQQ direction seed=5678 gain=1.649 max|d|=26.39 (projection 16)
[ok] amman_query_23YO5CD18Cg_wG_ZhqhbQQ direction_eot seed=5678 gain=1.376 max|d|=22.02 (projection 16)
[ok] amman_query_23YO5CD18Cg_wG_ZhqhbQQ isotropic seed=5678 gain=7.735 max|d|=38.08 (no projection)
[ok] amman_query_23YO5CD18Cg_wG_ZhqhbQQ direction seed=9012 gain=1.640 max|d|=26.24 (projection 16)
[ok] amman_query_23YO5CD18Cg_wG_ZhqhbQQ direction_eot seed=9012 gain=1.360 max|d|=21.77 (projection 16)
[ok] amman_query_23YO5CD18Cg_wG_ZhqhbQQ isotropic seed=9012 gain=7.750 max|d|=35.52 (no projection)
[ok] boston_query_-RyJCN_Rrfvr2l9jqadkcQ direction seed=5678 gain=1.670 max|d|=26.71 (projection 16)
[ok] boston_query_-RyJCN_Rrfvr2l9jqadkcQ direction_eot seed=5678 gain=1.359 max|d|=21.75 (projection 16)
[ok] boston_query_-RyJCN_Rrfvr2l9jqadkcQ isotropic seed=5678 gain=8.071 max|d|=34.40 (no projection)
[ok] boston_query_-RyJCN_Rrfvr2l9jqadkcQ direction seed=9012 gain=1.664 max|d|=26.63 (projection 16)
[ok] boston_query_-RyJCN_Rrfvr2l9jqadkcQ direction_eot seed=9012 gain=1.364 max|d|=21.82 (projection 16)
[ok] boston_query_-RyJCN_Rrfvr2l9jqadkcQ isotropic seed=9012 gain=8.340 max|d|=39.76 (no projection)
[ok] cph_query_-Q7samX2RjJwU9xiKFxpug direction seed=5678 gain=1.425 max|d|=22.81 (projection 16)
[ok] cph_query_-Q7samX2RjJwU9xiKFxpug direction_eot seed=5678 gain=1.162 max|d|=18.59 (projection 16)
[ok] cph_query_-Q7samX2RjJwU9xiKFxpug isotropic seed=5678 gain=7.755 max|d|=35.17 (no projection)
[ok] cph_query_-Q7samX2RjJwU9xiKFxpug direction seed=9012 gain=1.448 max|d|=23.17 (projection 16)
[ok] cph_query_-Q7samX2RjJwU9xiKFxpug direction_eot seed=9012 gain=1.141 max|d|=18.26 (projection 16)
[ok] cph_query_-Q7samX2RjJwU9xiKFxpug isotropic seed=9012 gain=7.799 max|d|=40.20 (no projection)
[ok] london_query_03VxrSUHoB-y1D50kXwi8g direction seed=5678 gain=1.519 max|d|=24.30 (projection 16)
[ok] london_query_03VxrSUHoB-y1D50kXwi8g direction_eot seed=5678 gain=1.166 max|d|=18.66 (projection 16)
[ok] london_query_03VxrSUHoB-y1D50kXwi8g isotropic seed=5678 gain=7.847 max|d|=36.50 (no projection)
[ok] london_query_03VxrSUHoB-y1D50kXwi8g direction seed=9012 gain=1.490 max|d|=23.83 (projection 16)
[ok] london_query_03VxrSUHoB-y1D50kXwi8g direction_eot seed=9012 gain=1.195 max|d|=19.11 (projection 16)
[ok] london_query_03VxrSUHoB-y1D50kXwi8g isotropic seed=9012 gain=7.854 max|d|=33.81 (no projection)
[ok] manila_query_-WlvwRIHM8K9xtN_z0FAGg direction seed=5678 gain=1.604 max|d|=25.66 (projection 16)
[ok] manila_query_-WlvwRIHM8K9xtN_z0FAGg direction_eot seed=5678 gain=1.248 max|d|=19.97 (projection 16)
[ok] manila_query_-WlvwRIHM8K9xtN_z0FAGg isotropic seed=5678 gain=7.782 max|d|=37.31 (no projection)
[ok] manila_query_-WlvwRIHM8K9xtN_z0FAGg direction seed=9012 gain=1.597 max|d|=25.54 (projection 16)
[ok] manila_query_-WlvwRIHM8K9xtN_z0FAGg direction_eot seed=9012 gain=1.234 max|d|=19.74 (projection 16)
[ok] manila_query_-WlvwRIHM8K9xtN_z0FAGg isotropic seed=9012 gain=7.629 max|d|=37.33 (no projection)
[ok] nairobi_query_3Rln3I-knaHBGe7xAH2I_Q direction seed=5678 gain=1.596 max|d|=25.54 (projection 16)
[ok] nairobi_query_3Rln3I-knaHBGe7xAH2I_Q direction_eot seed=5678 gain=1.302 max|d|=20.83 (projection 16)
[ok] nairobi_query_3Rln3I-knaHBGe7xAH2I_Q isotropic seed=5678 gain=7.767 max|d|=35.22 (no projection)
[ok] nairobi_query_3Rln3I-knaHBGe7xAH2I_Q direction seed=9012 gain=1.593 max|d|=25.49 (projection 16)
[ok] nairobi_query_3Rln3I-knaHBGe7xAH2I_Q direction_eot seed=9012 gain=1.315 max|d|=21.04 (projection 16)
[ok] nairobi_query_3Rln3I-knaHBGe7xAH2I_Q isotropic seed=9012 gain=7.779 max|d|=33.62 (no projection)
[ok] toronto_query_-JY9Ip12RNDaK_geCga4LA direction seed=5678 gain=1.485 max|d|=23.76 (projection 16)
[ok] toronto_query_-JY9Ip12RNDaK_geCga4LA direction_eot seed=5678 gain=1.163 max|d|=18.61 (projection 16)
[ok] toronto_query_-JY9Ip12RNDaK_geCga4LA isotropic seed=5678 gain=7.792 max|d|=33.55 (no projection)
[ok] toronto_query_-JY9Ip12RNDaK_geCga4LA direction seed=9012 gain=1.460 max|d|=23.36 (projection 16)
[ok] toronto_query_-JY9Ip12RNDaK_geCga4LA direction_eot seed=9012 gain=1.176 max|d|=18.82 (projection 16)
[ok] toronto_query_-JY9Ip12RNDaK_geCga4LA isotropic seed=9012 gain=7.821 max|d|=35.27 (no projection)
[ok] zurich_query_0UfO0g5oR-GfH12twjOIuw direction seed=5678 gain=1.442 max|d|=23.08 (projection 16)
[ok] zurich_query_0UfO0g5oR-GfH12twjOIuw direction_eot seed=5678 gain=1.177 max|d|=18.83 (projection 16)
[ok] zurich_query_0UfO0g5oR-GfH12twjOIuw isotropic seed=5678 gain=7.760 max|d|=37.13 (no projection)
[ok] zurich_query_0UfO0g5oR-GfH12twjOIuw direction seed=9012 gain=1.463 max|d|=23.41 (projection 16)
[ok] zurich_query_0UfO0g5oR-GfH12twjOIuw direction_eot seed=9012 gain=1.208 max|d|=19.33 (projection 16)
[ok] zurich_query_0UfO0g5oR-GfH12twjOIuw isotropic seed=9012 gain=7.731 max|d|=34.90 (no projection)
[ok] amman_query_27ZYHE_-tdmKbq7gUW9ECA direction seed=5678 gain=1.563 max|d|=25.00 (projection 16)
[ok] amman_query_27ZYHE_-tdmKbq7gUW9ECA direction_eot seed=5678 gain=1.259 max|d|=20.15 (projection 16)
[ok] amman_query_27ZYHE_-tdmKbq7gUW9ECA isotropic seed=5678 gain=7.440 max|d|=36.31 (no projection)
[ok] amman_query_27ZYHE_-tdmKbq7gUW9ECA direction seed=9012 gain=1.556 max|d|=24.89 (projection 16)
[ok] amman_query_27ZYHE_-tdmKbq7gUW9ECA direction_eot seed=9012 gain=1.260 max|d|=20.16 (projection 16)
[ok] amman_query_27ZYHE_-tdmKbq7gUW9ECA isotropic seed=9012 gain=7.738 max|d|=37.72 (no projection)
[ok] boston_query_-TMAMMmIqQ4AQA3YI-YOHg direction seed=5678 gain=1.572 max|d|=25.16 (projection 16)
[ok] boston_query_-TMAMMmIqQ4AQA3YI-YOHg direction_eot seed=5678 gain=1.196 max|d|=19.14 (projection 16)
[ok] boston_query_-TMAMMmIqQ4AQA3YI-YOHg isotropic seed=5678 gain=7.817 max|d|=34.92 (no projection)
[ok] boston_query_-TMAMMmIqQ4AQA3YI-YOHg direction seed=9012 gain=1.543 max|d|=24.69 (projection 16)
[ok] boston_query_-TMAMMmIqQ4AQA3YI-YOHg direction_eot seed=9012 gain=1.220 max|d|=19.52 (projection 16)
[ok] boston_query_-TMAMMmIqQ4AQA3YI-YOHg isotropic seed=9012 gain=7.762 max|d|=40.88 (no projection)
[ok] cph_query_-R9cTkYMNbXlglFeWCXtMg direction seed=5678 gain=1.631 max|d|=26.10 (projection 16)
[ok] cph_query_-R9cTkYMNbXlglFeWCXtMg direction_eot seed=5678 gain=1.248 max|d|=19.96 (projection 16)
[ok] cph_query_-R9cTkYMNbXlglFeWCXtMg isotropic seed=5678 gain=7.791 max|d|=34.25 (no projection)
[ok] cph_query_-R9cTkYMNbXlglFeWCXtMg direction seed=9012 gain=1.642 max|d|=26.27 (projection 16)
[ok] cph_query_-R9cTkYMNbXlglFeWCXtMg direction_eot seed=9012 gain=1.276 max|d|=20.41 (projection 16)
[ok] cph_query_-R9cTkYMNbXlglFeWCXtMg isotropic seed=9012 gain=7.803 max|d|=35.19 (no projection)
[ok] london_query_06tRsqVA7nx5PgabbPdu4w direction seed=5678 gain=1.421 max|d|=22.74 (projection 16)
[ok] london_query_06tRsqVA7nx5PgabbPdu4w direction_eot seed=5678 gain=1.180 max|d|=18.88 (projection 16)
[ok] london_query_06tRsqVA7nx5PgabbPdu4w isotropic seed=5678 gain=7.879 max|d|=35.72 (no projection)
[ok] london_query_06tRsqVA7nx5PgabbPdu4w direction seed=9012 gain=1.413 max|d|=22.60 (projection 16)
[ok] london_query_06tRsqVA7nx5PgabbPdu4w direction_eot seed=9012 gain=1.154 max|d|=18.46 (projection 16)
[ok] london_query_06tRsqVA7nx5PgabbPdu4w isotropic seed=9012 gain=7.904 max|d|=37.93 (no projection)
[ok] manila_query_-WuLHZxOTWuUgVSb36RTng direction seed=5678 gain=1.462 max|d|=23.40 (projection 16)
[ok] manila_query_-WuLHZxOTWuUgVSb36RTng direction_eot seed=5678 gain=1.179 max|d|=18.87 (projection 16)
[ok] manila_query_-WuLHZxOTWuUgVSb36RTng isotropic seed=5678 gain=7.855 max|d|=33.55 (no projection)
[ok] manila_query_-WuLHZxOTWuUgVSb36RTng direction seed=9012 gain=1.461 max|d|=23.37 (projection 16)
[ok] manila_query_-WuLHZxOTWuUgVSb36RTng direction_eot seed=9012 gain=1.152 max|d|=18.43 (projection 16)
[ok] manila_query_-WuLHZxOTWuUgVSb36RTng isotropic seed=9012 gain=7.812 max|d|=36.31 (no projection)
[ok] nairobi_query_3Thql5xEy0LYu4bdux1icw direction seed=5678 gain=1.568 max|d|=25.08 (projection 16)
[ok] nairobi_query_3Thql5xEy0LYu4bdux1icw direction_eot seed=5678 gain=1.234 max|d|=19.75 (projection 16)
[ok] nairobi_query_3Thql5xEy0LYu4bdux1icw isotropic seed=5678 gain=7.755 max|d|=34.99 (no projection)
[ok] nairobi_query_3Thql5xEy0LYu4bdux1icw direction seed=9012 gain=1.617 max|d|=25.88 (projection 16)
[ok] nairobi_query_3Thql5xEy0LYu4bdux1icw direction_eot seed=9012 gain=1.198 max|d|=19.16 (projection 16)
[ok] nairobi_query_3Thql5xEy0LYu4bdux1icw isotropic seed=9012 gain=7.767 max|d|=39.31 (no projection)
[ok] toronto_query_-K6Ci0V3ZYp50_DrMghntA direction seed=5678 gain=1.290 max|d|=20.64 (projection 16)
[ok] toronto_query_-K6Ci0V3ZYp50_DrMghntA direction_eot seed=5678 gain=1.051 max|d|=16.81 (projection 16)
[ok] toronto_query_-K6Ci0V3ZYp50_DrMghntA isotropic seed=5678 gain=7.851 max|d|=37.14 (no projection)
[ok] toronto_query_-K6Ci0V3ZYp50_DrMghntA direction seed=9012 gain=1.279 max|d|=20.47 (projection 16)
[ok] toronto_query_-K6Ci0V3ZYp50_DrMghntA direction_eot seed=9012 gain=1.081 max|d|=17.29 (projection 16)
[ok] toronto_query_-K6Ci0V3ZYp50_DrMghntA isotropic seed=9012 gain=7.858 max|d|=34.21 (no projection)
[ok] zurich_query_0W_6dskxdNPlCJnX9EhmZA direction seed=5678 gain=1.494 max|d|=23.90 (projection 16)
[ok] zurich_query_0W_6dskxdNPlCJnX9EhmZA direction_eot seed=5678 gain=1.221 max|d|=19.54 (projection 16)
[ok] zurich_query_0W_6dskxdNPlCJnX9EhmZA isotropic seed=5678 gain=7.795 max|d|=38.98 (no projection)
[ok] zurich_query_0W_6dskxdNPlCJnX9EhmZA direction seed=9012 gain=1.529 max|d|=24.47 (projection 16)
[ok] zurich_query_0W_6dskxdNPlCJnX9EhmZA direction_eot seed=9012 gain=1.224 max|d|=19.59 (projection 16)
[ok] zurich_query_0W_6dskxdNPlCJnX9EhmZA isotropic seed=9012 gain=7.799 max|d|=38.37 (no projection)
[ok] amman_query_29zY5U3MUbO3wTjTTKF93w direction seed=5678 gain=1.388 max|d|=22.20 (projection 16)
[ok] amman_query_29zY5U3MUbO3wTjTTKF93w direction_eot seed=5678 gain=1.176 max|d|=18.81 (projection 16)
[ok] amman_query_29zY5U3MUbO3wTjTTKF93w isotropic seed=5678 gain=7.753 max|d|=35.14 (no projection)
[ok] amman_query_29zY5U3MUbO3wTjTTKF93w direction seed=9012 gain=1.401 max|d|=22.41 (projection 16)
[ok] amman_query_29zY5U3MUbO3wTjTTKF93w direction_eot seed=9012 gain=1.146 max|d|=18.33 (projection 16)
[ok] amman_query_29zY5U3MUbO3wTjTTKF93w isotropic seed=9012 gain=7.773 max|d|=35.34 (no projection)
[ok] boston_query_-U0JJudMztDrvqfppyEl9A direction seed=5678 gain=1.659 max|d|=26.54 (projection 16)
[ok] boston_query_-U0JJudMztDrvqfppyEl9A direction_eot seed=5678 gain=1.333 max|d|=21.33 (projection 16)
[ok] boston_query_-U0JJudMztDrvqfppyEl9A isotropic seed=5678 gain=7.636 max|d|=35.12 (no projection)
[ok] boston_query_-U0JJudMztDrvqfppyEl9A direction seed=9012 gain=1.634 max|d|=26.15 (projection 16)
[ok] boston_query_-U0JJudMztDrvqfppyEl9A direction_eot seed=9012 gain=1.321 max|d|=21.13 (projection 16)
[ok] boston_query_-U0JJudMztDrvqfppyEl9A isotropic seed=9012 gain=8.065 max|d|=36.40 (no projection)
[ok] cph_query_-To5emQUYvNlwdgB1hEVfQ direction seed=5678 gain=1.585 max|d|=25.36 (projection 16)
[ok] cph_query_-To5emQUYvNlwdgB1hEVfQ direction_eot seed=5678 gain=1.241 max|d|=19.86 (projection 16)
[ok] cph_query_-To5emQUYvNlwdgB1hEVfQ isotropic seed=5678 gain=7.750 max|d|=33.84 (no projection)
[ok] cph_query_-To5emQUYvNlwdgB1hEVfQ direction seed=9012 gain=1.586 max|d|=25.38 (projection 16)
[ok] cph_query_-To5emQUYvNlwdgB1hEVfQ direction_eot seed=9012 gain=1.216 max|d|=19.45 (projection 16)
[ok] cph_query_-To5emQUYvNlwdgB1hEVfQ isotropic seed=9012 gain=7.760 max|d|=37.05 (no projection)
[ok] london_query_07Mt7j9hZm17z2pXB3QAXA direction seed=5678 gain=1.548 max|d|=24.78 (projection 16)
[ok] london_query_07Mt7j9hZm17z2pXB3QAXA direction_eot seed=5678 gain=1.244 max|d|=19.91 (projection 16)
[ok] london_query_07Mt7j9hZm17z2pXB3QAXA isotropic seed=5678 gain=7.761 max|d|=37.47 (no projection)
[ok] london_query_07Mt7j9hZm17z2pXB3QAXA direction seed=9012 gain=1.523 max|d|=24.37 (projection 16)
[ok] london_query_07Mt7j9hZm17z2pXB3QAXA direction_eot seed=9012 gain=1.233 max|d|=19.73 (projection 16)
[ok] london_query_07Mt7j9hZm17z2pXB3QAXA isotropic seed=9012 gain=7.888 max|d|=35.49 (no projection)
[ok] manila_query_-YADzGuflGFk0TrwgbgGQA direction seed=5678 gain=1.581 max|d|=25.30 (projection 16)
[ok] manila_query_-YADzGuflGFk0TrwgbgGQA direction_eot seed=5678 gain=1.224 max|d|=19.59 (projection 16)
[ok] manila_query_-YADzGuflGFk0TrwgbgGQA isotropic seed=5678 gain=7.820 max|d|=40.60 (no projection)
[ok] manila_query_-YADzGuflGFk0TrwgbgGQA direction seed=9012 gain=1.568 max|d|=25.09 (projection 16)
[ok] manila_query_-YADzGuflGFk0TrwgbgGQA direction_eot seed=9012 gain=1.262 max|d|=20.19 (projection 16)
[ok] manila_query_-YADzGuflGFk0TrwgbgGQA isotropic seed=9012 gain=7.800 max|d|=33.60 (no projection)
[ok] nairobi_query_3VEngLiRuIRlzTCHOPvAqA direction seed=5678 gain=1.638 max|d|=26.21 (projection 16)
[ok] nairobi_query_3VEngLiRuIRlzTCHOPvAqA direction_eot seed=5678 gain=1.297 max|d|=20.75 (projection 16)
[ok] nairobi_query_3VEngLiRuIRlzTCHOPvAqA isotropic seed=5678 gain=6.750 max|d|=33.89 (no projection)
[ok] nairobi_query_3VEngLiRuIRlzTCHOPvAqA direction seed=9012 gain=1.636 max|d|=26.17 (projection 16)
[ok] nairobi_query_3VEngLiRuIRlzTCHOPvAqA direction_eot seed=9012 gain=1.340 max|d|=21.43 (projection 16)
[ok] nairobi_query_3VEngLiRuIRlzTCHOPvAqA isotropic seed=9012 gain=7.683 max|d|=34.89 (no projection)
[ok] toronto_query_-KU5g574x3Cah05LVtG_Pw direction seed=5678 gain=1.528 max|d|=24.45 (projection 16)
[ok] toronto_query_-KU5g574x3Cah05LVtG_Pw direction_eot seed=5678 gain=1.152 max|d|=18.43 (projection 16)
[ok] toronto_query_-KU5g574x3Cah05LVtG_Pw isotropic seed=5678 gain=7.793 max|d|=33.29 (no projection)
[ok] toronto_query_-KU5g574x3Cah05LVtG_Pw direction seed=9012 gain=1.519 max|d|=24.30 (projection 16)
[ok] toronto_query_-KU5g574x3Cah05LVtG_Pw direction_eot seed=9012 gain=1.203 max|d|=19.25 (projection 16)
[ok] toronto_query_-KU5g574x3Cah05LVtG_Pw isotropic seed=9012 gain=7.771 max|d|=40.82 (no projection)
[ok] zurich_query_0YqWIRNZbPyTmppf5ZjyMw direction seed=5678 gain=1.531 max|d|=24.50 (projection 16)
[ok] zurich_query_0YqWIRNZbPyTmppf5ZjyMw direction_eot seed=5678 gain=1.232 max|d|=19.72 (projection 16)
[ok] zurich_query_0YqWIRNZbPyTmppf5ZjyMw isotropic seed=5678 gain=7.848 max|d|=38.71 (no projection)
[ok] zurich_query_0YqWIRNZbPyTmppf5ZjyMw direction seed=9012 gain=1.550 max|d|=24.81 (projection 16)
[ok] zurich_query_0YqWIRNZbPyTmppf5ZjyMw direction_eot seed=9012 gain=1.215 max|d|=19.45 (projection 16)
[ok] zurich_query_0YqWIRNZbPyTmppf5ZjyMw isotropic seed=9012 gain=7.834 max|d|=36.40 (no projection)
[ok] amman_query_2E9XDGy6VTetR1O15tILdw direction seed=5678 gain=1.554 max|d|=24.87 (projection 16)
[ok] amman_query_2E9XDGy6VTetR1O15tILdw direction_eot seed=5678 gain=1.264 max|d|=20.23 (projection 16)
[ok] amman_query_2E9XDGy6VTetR1O15tILdw isotropic seed=5678 gain=7.748 max|d|=41.70 (no projection)
[ok] amman_query_2E9XDGy6VTetR1O15tILdw direction seed=9012 gain=1.535 max|d|=24.57 (projection 16)
[ok] amman_query_2E9XDGy6VTetR1O15tILdw direction_eot seed=9012 gain=1.271 max|d|=20.34 (projection 16)
[ok] amman_query_2E9XDGy6VTetR1O15tILdw isotropic seed=9012 gain=7.734 max|d|=36.12 (no projection)
[ok] boston_query_-U_cmO4sMoYmoNbCPpMXWw direction seed=5678 gain=1.471 max|d|=23.53 (projection 16)
[ok] boston_query_-U_cmO4sMoYmoNbCPpMXWw direction_eot seed=5678 gain=1.160 max|d|=18.57 (projection 16)
[ok] boston_query_-U_cmO4sMoYmoNbCPpMXWw isotropic seed=5678 gain=7.922 max|d|=37.65 (no projection)
[ok] boston_query_-U_cmO4sMoYmoNbCPpMXWw direction seed=9012 gain=1.482 max|d|=23.72 (projection 16)
[ok] boston_query_-U_cmO4sMoYmoNbCPpMXWw direction_eot seed=9012 gain=1.209 max|d|=19.35 (projection 16)
[ok] boston_query_-U_cmO4sMoYmoNbCPpMXWw isotropic seed=9012 gain=7.961 max|d|=36.31 (no projection)
[ok] cph_query_-UByBh5hYhNn4_dsHy73aA direction seed=5678 gain=1.466 max|d|=23.46 (projection 16)
[ok] cph_query_-UByBh5hYhNn4_dsHy73aA direction_eot seed=5678 gain=1.191 max|d|=19.06 (projection 16)
[ok] cph_query_-UByBh5hYhNn4_dsHy73aA isotropic seed=5678 gain=7.798 max|d|=32.82 (no projection)
[ok] cph_query_-UByBh5hYhNn4_dsHy73aA direction seed=9012 gain=1.510 max|d|=24.16 (projection 16)
[ok] cph_query_-UByBh5hYhNn4_dsHy73aA direction_eot seed=9012 gain=1.139 max|d|=18.23 (projection 16)
[ok] cph_query_-UByBh5hYhNn4_dsHy73aA isotropic seed=9012 gain=7.821 max|d|=35.45 (no projection)
[ok] london_query_07oSFXlZ9SfPsHwsEZQFtA direction seed=5678 gain=1.439 max|d|=23.03 (projection 16)
[ok] london_query_07oSFXlZ9SfPsHwsEZQFtA direction_eot seed=5678 gain=1.142 max|d|=18.28 (projection 16)
[ok] london_query_07oSFXlZ9SfPsHwsEZQFtA isotropic seed=5678 gain=7.776 max|d|=35.81 (no projection)
[ok] london_query_07oSFXlZ9SfPsHwsEZQFtA direction seed=9012 gain=1.424 max|d|=22.79 (projection 16)
[ok] london_query_07oSFXlZ9SfPsHwsEZQFtA direction_eot seed=9012 gain=1.148 max|d|=18.37 (projection 16)
[ok] london_query_07oSFXlZ9SfPsHwsEZQFtA isotropic seed=9012 gain=7.761 max|d|=37.08 (no projection)
[ok] manila_query_-YswrllPgEq1Q_LYD0mD0A direction seed=5678 gain=1.413 max|d|=22.61 (projection 16)
[ok] manila_query_-YswrllPgEq1Q_LYD0mD0A direction_eot seed=5678 gain=1.204 max|d|=19.27 (projection 16)
[ok] manila_query_-YswrllPgEq1Q_LYD0mD0A isotropic seed=5678 gain=8.080 max|d|=36.04 (no projection)
[ok] manila_query_-YswrllPgEq1Q_LYD0mD0A direction seed=9012 gain=1.409 max|d|=22.55 (projection 16)
[ok] manila_query_-YswrllPgEq1Q_LYD0mD0A direction_eot seed=9012 gain=1.178 max|d|=18.85 (projection 16)
[ok] manila_query_-YswrllPgEq1Q_LYD0mD0A isotropic seed=9012 gain=7.148 max|d|=37.86 (no projection)
[ok] nairobi_query_3sAf0a7Z9MFOX5NACNEfkA direction seed=5678 gain=1.656 max|d|=26.49 (projection 16)
[ok] nairobi_query_3sAf0a7Z9MFOX5NACNEfkA direction_eot seed=5678 gain=1.284 max|d|=20.54 (projection 16)
[ok] nairobi_query_3sAf0a7Z9MFOX5NACNEfkA isotropic seed=5678 gain=7.925 max|d|=40.98 (no projection)
[ok] nairobi_query_3sAf0a7Z9MFOX5NACNEfkA direction seed=9012 gain=1.658 max|d|=26.53 (projection 16)
[ok] nairobi_query_3sAf0a7Z9MFOX5NACNEfkA direction_eot seed=9012 gain=1.368 max|d|=21.89 (projection 16)
[ok] nairobi_query_3sAf0a7Z9MFOX5NACNEfkA isotropic seed=9012 gain=7.951 max|d|=36.84 (no projection)
[ok] toronto_query_-L3Zos1U2E6AA3-ZO_eESA direction seed=5678 gain=1.571 max|d|=25.13 (projection 16)
[ok] toronto_query_-L3Zos1U2E6AA3-ZO_eESA direction_eot seed=5678 gain=1.244 max|d|=19.90 (projection 16)
[ok] toronto_query_-L3Zos1U2E6AA3-ZO_eESA isotropic seed=5678 gain=7.790 max|d|=34.06 (no projection)
[ok] toronto_query_-L3Zos1U2E6AA3-ZO_eESA direction seed=9012 gain=1.572 max|d|=25.15 (projection 16)
[ok] toronto_query_-L3Zos1U2E6AA3-ZO_eESA direction_eot seed=9012 gain=1.250 max|d|=20.00 (projection 16)
[ok] toronto_query_-L3Zos1U2E6AA3-ZO_eESA isotropic seed=9012 gain=7.964 max|d|=38.57 (no projection)
[ok] zurich_query_0eG9-83f-Xafie9_84fDbg direction seed=5678 gain=1.396 max|d|=22.33 (projection 16)
[ok] zurich_query_0eG9-83f-Xafie9_84fDbg direction_eot seed=5678 gain=1.118 max|d|=17.88 (projection 16)
[ok] zurich_query_0eG9-83f-Xafie9_84fDbg isotropic seed=5678 gain=7.777 max|d|=35.80 (no projection)
[ok] zurich_query_0eG9-83f-Xafie9_84fDbg direction seed=9012 gain=1.387 max|d|=22.19 (projection 16)
[ok] zurich_query_0eG9-83f-Xafie9_84fDbg direction_eot seed=9012 gain=1.150 max|d|=18.41 (projection 16)
[ok] zurich_query_0eG9-83f-Xafie9_84fDbg isotropic seed=9012 gain=7.757 max|d|=34.47 (no projection)
[ok] amman_query_2WNEczYwDdZlHE_2nYlE-A direction seed=5678 gain=1.412 max|d|=22.60 (projection 16)
[ok] amman_query_2WNEczYwDdZlHE_2nYlE-A direction_eot seed=5678 gain=1.154 max|d|=18.46 (projection 16)
[ok] amman_query_2WNEczYwDdZlHE_2nYlE-A isotropic seed=5678 gain=7.734 max|d|=38.61 (no projection)
[ok] amman_query_2WNEczYwDdZlHE_2nYlE-A direction seed=9012 gain=1.404 max|d|=22.46 (projection 16)
[ok] amman_query_2WNEczYwDdZlHE_2nYlE-A direction_eot seed=9012 gain=1.150 max|d|=18.40 (projection 16)
[ok] amman_query_2WNEczYwDdZlHE_2nYlE-A isotropic seed=9012 gain=7.769 max|d|=37.08 (no projection)
[ok] boston_query_-VHXaQ_dj_14O-Bcn3u7zA direction seed=5678 gain=1.577 max|d|=25.23 (projection 16)
[ok] boston_query_-VHXaQ_dj_14O-Bcn3u7zA direction_eot seed=5678 gain=1.278 max|d|=20.45 (projection 16)
[ok] boston_query_-VHXaQ_dj_14O-Bcn3u7zA isotropic seed=5678 gain=7.849 max|d|=35.17 (no projection)
[ok] boston_query_-VHXaQ_dj_14O-Bcn3u7zA direction seed=9012 gain=1.573 max|d|=25.17 (projection 16)
[ok] boston_query_-VHXaQ_dj_14O-Bcn3u7zA direction_eot seed=9012 gain=1.276 max|d|=20.42 (projection 16)
[ok] boston_query_-VHXaQ_dj_14O-Bcn3u7zA isotropic seed=9012 gain=7.851 max|d|=35.76 (no projection)
[ok] cph_query_-UO7OuMXuwPBrMEXSsFhNA direction seed=5678 gain=1.648 max|d|=26.38 (projection 16)
[ok] cph_query_-UO7OuMXuwPBrMEXSsFhNA direction_eot seed=5678 gain=1.259 max|d|=20.15 (projection 16)
[ok] cph_query_-UO7OuMXuwPBrMEXSsFhNA isotropic seed=5678 gain=7.828 max|d|=39.25 (no projection)
[ok] cph_query_-UO7OuMXuwPBrMEXSsFhNA direction seed=9012 gain=1.640 max|d|=26.25 (projection 16)
[ok] cph_query_-UO7OuMXuwPBrMEXSsFhNA direction_eot seed=9012 gain=1.336 max|d|=21.38 (projection 16)
[ok] cph_query_-UO7OuMXuwPBrMEXSsFhNA isotropic seed=9012 gain=7.847 max|d|=36.44 (no projection)
[ok] london_query_08wp6QepyximP9UuP-ijLg direction seed=5678 gain=1.506 max|d|=24.09 (projection 16)
[ok] london_query_08wp6QepyximP9UuP-ijLg direction_eot seed=5678 gain=1.216 max|d|=19.45 (projection 16)
[ok] london_query_08wp6QepyximP9UuP-ijLg isotropic seed=5678 gain=7.873 max|d|=35.16 (no projection)
[ok] london_query_08wp6QepyximP9UuP-ijLg direction seed=9012 gain=1.509 max|d|=24.14 (projection 16)
[ok] london_query_08wp6QepyximP9UuP-ijLg direction_eot seed=9012 gain=1.238 max|d|=19.81 (projection 16)
[ok] london_query_08wp6QepyximP9UuP-ijLg isotropic seed=9012 gain=7.833 max|d|=38.93 (no projection)
[ok] manila_query_-Z3CXTi1QhF_Ste8t8vrJA direction seed=5678 gain=1.537 max|d|=24.60 (projection 16)
[ok] manila_query_-Z3CXTi1QhF_Ste8t8vrJA direction_eot seed=5678 gain=1.233 max|d|=19.73 (projection 16)
[ok] manila_query_-Z3CXTi1QhF_Ste8t8vrJA isotropic seed=5678 gain=8.035 max|d|=34.56 (no projection)
[ok] manila_query_-Z3CXTi1QhF_Ste8t8vrJA direction seed=9012 gain=1.504 max|d|=24.07 (projection 16)
[ok] manila_query_-Z3CXTi1QhF_Ste8t8vrJA direction_eot seed=9012 gain=1.216 max|d|=19.46 (projection 16)
[ok] manila_query_-Z3CXTi1QhF_Ste8t8vrJA isotropic seed=9012 gain=7.916 max|d|=35.84 (no projection)
[ok] nairobi_query_3vVoHZDD0-kVhbBxDTYEjw direction seed=5678 gain=1.594 max|d|=25.50 (projection 16)
[ok] nairobi_query_3vVoHZDD0-kVhbBxDTYEjw direction_eot seed=5678 gain=1.254 max|d|=20.07 (projection 16)
[ok] nairobi_query_3vVoHZDD0-kVhbBxDTYEjw isotropic seed=5678 gain=8.019 max|d|=37.70 (no projection)
[ok] nairobi_query_3vVoHZDD0-kVhbBxDTYEjw direction seed=9012 gain=1.586 max|d|=25.38 (projection 16)
[ok] nairobi_query_3vVoHZDD0-kVhbBxDTYEjw direction_eot seed=9012 gain=1.255 max|d|=20.09 (projection 16)
[ok] nairobi_query_3vVoHZDD0-kVhbBxDTYEjw isotropic seed=9012 gain=8.061 max|d|=35.31 (no projection)
[ok] toronto_query_-LZN7DIyP80uvFh2O8KVXw direction seed=5678 gain=1.570 max|d|=25.12 (projection 16)
[ok] toronto_query_-LZN7DIyP80uvFh2O8KVXw direction_eot seed=5678 gain=1.238 max|d|=19.81 (projection 16)
[ok] toronto_query_-LZN7DIyP80uvFh2O8KVXw isotropic seed=5678 gain=7.770 max|d|=33.19 (no projection)
[ok] toronto_query_-LZN7DIyP80uvFh2O8KVXw direction seed=9012 gain=1.551 max|d|=24.82 (projection 16)
[ok] toronto_query_-LZN7DIyP80uvFh2O8KVXw direction_eot seed=9012 gain=1.163 max|d|=18.61 (projection 16)
[ok] toronto_query_-LZN7DIyP80uvFh2O8KVXw isotropic seed=9012 gain=7.785 max|d|=35.56 (no projection)
[ok] zurich_query_0g61-9tYhD3Y5qh7eiB92g direction seed=5678 gain=1.561 max|d|=24.98 (projection 16)
[ok] zurich_query_0g61-9tYhD3Y5qh7eiB92g direction_eot seed=5678 gain=1.254 max|d|=20.07 (projection 16)
[ok] zurich_query_0g61-9tYhD3Y5qh7eiB92g isotropic seed=5678 gain=7.841 max|d|=37.05 (no projection)
[ok] zurich_query_0g61-9tYhD3Y5qh7eiB92g direction seed=9012 gain=1.559 max|d|=24.95 (projection 16)
[ok] zurich_query_0g61-9tYhD3Y5qh7eiB92g direction_eot seed=9012 gain=1.250 max|d|=20.00 (projection 16)
[ok] zurich_query_0g61-9tYhD3Y5qh7eiB92g isotropic seed=9012 gain=7.124 max|d|=35.98 (no projection)
[ok] amman_query_2amxr5vdbo4jgViAEELT_Q direction seed=5678 gain=1.571 max|d|=25.14 (projection 16)
[ok] amman_query_2amxr5vdbo4jgViAEELT_Q direction_eot seed=5678 gain=1.277 max|d|=20.44 (projection 16)
[ok] amman_query_2amxr5vdbo4jgViAEELT_Q isotropic seed=5678 gain=7.661 max|d|=36.02 (no projection)
[ok] amman_query_2amxr5vdbo4jgViAEELT_Q direction seed=9012 gain=1.583 max|d|=25.34 (projection 16)
[ok] amman_query_2amxr5vdbo4jgViAEELT_Q direction_eot seed=9012 gain=1.228 max|d|=19.64 (projection 16)
[ok] amman_query_2amxr5vdbo4jgViAEELT_Q isotropic seed=9012 gain=7.769 max|d|=35.28 (no projection)
[ok] boston_query_-WNRbaGc8Yukh-LWnRNe5O direction seed=5678 gain=1.575 max|d|=25.20 (projection 16)
[ok] boston_query_-WNRbaGc8Yukh-LWnRNe5O direction_eot seed=5678 gain=1.227 max|d|=19.63 (projection 16)
[ok] boston_query_-WNRbaGc8Yukh-LWnRNe5O isotropic seed=5678 gain=7.879 max|d|=34.50 (no projection)
[ok] boston_query_-WNRbaGc8Yukh-LWnRNe5O direction seed=9012 gain=1.574 max|d|=25.19 (projection 16)
[ok] boston_query_-WNRbaGc8Yukh-LWnRNe5O direction_eot seed=9012 gain=1.230 max|d|=19.68 (projection 16)
[ok] boston_query_-WNRbaGc8Yukh-LWnRNe5O isotropic seed=9012 gain=7.893 max|d|=40.44 (no projection)
[ok] cph_query_-V4aUy1yd0AbFfY-xX0BAg direction seed=5678 gain=1.475 max|d|=23.60 (projection 16)
[ok] cph_query_-V4aUy1yd0AbFfY-xX0BAg direction_eot seed=5678 gain=1.207 max|d|=19.31 (projection 16)
[ok] cph_query_-V4aUy1yd0AbFfY-xX0BAg isotropic seed=5678 gain=7.829 max|d|=34.67 (no projection)
[ok] cph_query_-V4aUy1yd0AbFfY-xX0BAg direction seed=9012 gain=1.482 max|d|=23.72 (projection 16)
[ok] cph_query_-V4aUy1yd0AbFfY-xX0BAg direction_eot seed=9012 gain=1.196 max|d|=19.14 (projection 16)
[ok] cph_query_-V4aUy1yd0AbFfY-xX0BAg isotropic seed=9012 gain=7.863 max|d|=33.88 (no projection)
[ok] london_query_09P-tDZlSTWY4XNCcRZ_-g direction seed=5678 gain=1.590 max|d|=25.44 (projection 16)
[ok] london_query_09P-tDZlSTWY4XNCcRZ_-g direction_eot seed=5678 gain=1.249 max|d|=19.98 (projection 16)
[ok] london_query_09P-tDZlSTWY4XNCcRZ_-g isotropic seed=5678 gain=7.875 max|d|=34.74 (no projection)
[ok] london_query_09P-tDZlSTWY4XNCcRZ_-g direction seed=9012 gain=1.570 max|d|=25.11 (projection 16)
[ok] london_query_09P-tDZlSTWY4XNCcRZ_-g direction_eot seed=9012 gain=1.262 max|d|=20.19 (projection 16)
[ok] london_query_09P-tDZlSTWY4XNCcRZ_-g isotropic seed=9012 gain=7.867 max|d|=40.51 (no projection)
[ok] manila_query_-ZbYcdqL0C0ximLGFEriNA direction seed=5678 gain=1.403 max|d|=22.45 (projection 16)
[ok] manila_query_-ZbYcdqL0C0ximLGFEriNA direction_eot seed=5678 gain=1.163 max|d|=18.60 (projection 16)
[ok] manila_query_-ZbYcdqL0C0ximLGFEriNA isotropic seed=5678 gain=7.897 max|d|=35.13 (no projection)
[ok] manila_query_-ZbYcdqL0C0ximLGFEriNA direction seed=9012 gain=1.406 max|d|=22.49 (projection 16)
[ok] manila_query_-ZbYcdqL0C0ximLGFEriNA direction_eot seed=9012 gain=1.159 max|d|=18.54 (projection 16)
[ok] manila_query_-ZbYcdqL0C0ximLGFEriNA isotropic seed=9012 gain=7.882 max|d|=39.39 (no projection)
[ok] nairobi_query_3zSInmaUjlNkUR45dqrSLg direction seed=5678 gain=1.571 max|d|=25.13 (projection 16)
[ok] nairobi_query_3zSInmaUjlNkUR45dqrSLg direction_eot seed=5678 gain=1.218 max|d|=19.49 (projection 16)
[ok] nairobi_query_3zSInmaUjlNkUR45dqrSLg isotropic seed=5678 gain=7.968 max|d|=34.62 (no projection)
[ok] nairobi_query_3zSInmaUjlNkUR45dqrSLg direction seed=9012 gain=1.582 max|d|=25.32 (projection 16)
[ok] nairobi_query_3zSInmaUjlNkUR45dqrSLg direction_eot seed=9012 gain=1.203 max|d|=19.24 (projection 16)
[ok] nairobi_query_3zSInmaUjlNkUR45dqrSLg isotropic seed=9012 gain=7.996 max|d|=42.59 (no projection)
[ok] toronto_query_-M3eMqHp0OhecS-hoh58aQ direction seed=5678 gain=1.516 max|d|=24.26 (projection 16)
[ok] toronto_query_-M3eMqHp0OhecS-hoh58aQ direction_eot seed=5678 gain=1.189 max|d|=19.02 (projection 16)
[ok] toronto_query_-M3eMqHp0OhecS-hoh58aQ isotropic seed=5678 gain=7.765 max|d|=33.52 (no projection)
[ok] toronto_query_-M3eMqHp0OhecS-hoh58aQ direction seed=9012 gain=1.539 max|d|=24.62 (projection 16)
[ok] toronto_query_-M3eMqHp0OhecS-hoh58aQ direction_eot seed=9012 gain=1.261 max|d|=20.18 (projection 16)
[ok] toronto_query_-M3eMqHp0OhecS-hoh58aQ isotropic seed=9012 gain=7.777 max|d|=34.56 (no projection)
[ok] zurich_query_0gHh8OHgmM804LVr0Ocrag direction seed=5678 gain=1.550 max|d|=24.80 (projection 16)
[ok] zurich_query_0gHh8OHgmM804LVr0Ocrag direction_eot seed=5678 gain=1.234 max|d|=19.75 (projection 16)
[ok] zurich_query_0gHh8OHgmM804LVr0Ocrag isotropic seed=5678 gain=7.746 max|d|=35.82 (no projection)
[ok] zurich_query_0gHh8OHgmM804LVr0Ocrag direction seed=9012 gain=1.552 max|d|=24.83 (projection 16)
[ok] zurich_query_0gHh8OHgmM804LVr0Ocrag direction_eot seed=9012 gain=1.242 max|d|=19.88 (projection 16)
[ok] zurich_query_0gHh8OHgmM804LVr0Ocrag isotropic seed=9012 gain=7.756 max|d|=37.96 (no projection)
[ok] amman_query_2ar5B6f1xOYuU4wn7CLEJg direction seed=5678 gain=1.396 max|d|=22.33 (projection 16)
[ok] amman_query_2ar5B6f1xOYuU4wn7CLEJg direction_eot seed=5678 gain=1.124 max|d|=17.99 (projection 16)
[ok] amman_query_2ar5B6f1xOYuU4wn7CLEJg isotropic seed=5678 gain=7.756 max|d|=36.43 (no projection)
[ok] amman_query_2ar5B6f1xOYuU4wn7CLEJg direction seed=9012 gain=1.413 max|d|=22.60 (projection 16)
[ok] amman_query_2ar5B6f1xOYuU4wn7CLEJg direction_eot seed=9012 gain=1.150 max|d|=18.40 (projection 16)
[ok] amman_query_2ar5B6f1xOYuU4wn7CLEJg isotropic seed=9012 gain=7.746 max|d|=33.58 (no projection)
[ok] boston_query_-XLBZG628HbrD4FlfLBryQ direction seed=5678 gain=1.529 max|d|=24.46 (projection 16)
[ok] boston_query_-XLBZG628HbrD4FlfLBryQ direction_eot seed=5678 gain=1.207 max|d|=19.31 (projection 16)
[ok] boston_query_-XLBZG628HbrD4FlfLBryQ isotropic seed=5678 gain=8.024 max|d|=36.23 (no projection)
[ok] boston_query_-XLBZG628HbrD4FlfLBryQ direction seed=9012 gain=1.539 max|d|=24.62 (projection 16)
[ok] boston_query_-XLBZG628HbrD4FlfLBryQ direction_eot seed=9012 gain=1.234 max|d|=19.74 (projection 16)
[ok] boston_query_-XLBZG628HbrD4FlfLBryQ isotropic seed=9012 gain=8.032 max|d|=38.11 (no projection)
[ok] cph_query_-VfD_cIsQvsNIbCy3tCgQQ direction seed=5678 gain=1.474 max|d|=23.58 (projection 16)
[ok] cph_query_-VfD_cIsQvsNIbCy3tCgQQ direction_eot seed=5678 gain=1.179 max|d|=18.87 (projection 16)
[ok] cph_query_-VfD_cIsQvsNIbCy3tCgQQ isotropic seed=5678 gain=7.754 max|d|=35.71 (no projection)
[ok] cph_query_-VfD_cIsQvsNIbCy3tCgQQ direction seed=9012 gain=1.472 max|d|=23.55 (projection 16)
[ok] cph_query_-VfD_cIsQvsNIbCy3tCgQQ direction_eot seed=9012 gain=1.214 max|d|=19.43 (projection 16)
[ok] cph_query_-VfD_cIsQvsNIbCy3tCgQQ isotropic seed=9012 gain=7.736 max|d|=38.38 (no projection)
[ok] london_query_0AbO1xvvOJRs1V3ReaDrNw direction seed=5678 gain=1.560 max|d|=24.97 (projection 16)
[ok] london_query_0AbO1xvvOJRs1V3ReaDrNw direction_eot seed=5678 gain=1.280 max|d|=20.47 (projection 16)
[ok] london_query_0AbO1xvvOJRs1V3ReaDrNw isotropic seed=5678 gain=8.180 max|d|=36.04 (no projection)
[ok] london_query_0AbO1xvvOJRs1V3ReaDrNw direction seed=9012 gain=1.564 max|d|=25.03 (projection 16)
[ok] london_query_0AbO1xvvOJRs1V3ReaDrNw direction_eot seed=9012 gain=1.285 max|d|=20.56 (projection 16)
[ok] london_query_0AbO1xvvOJRs1V3ReaDrNw isotropic seed=9012 gain=8.169 max|d|=38.09 (no projection)
[ok] manila_query_-ZyenisXeFL1kaebCpUNAQ direction seed=5678 gain=1.523 max|d|=24.37 (projection 16)
[ok] manila_query_-ZyenisXeFL1kaebCpUNAQ direction_eot seed=5678 gain=1.217 max|d|=19.48 (projection 16)
[ok] manila_query_-ZyenisXeFL1kaebCpUNAQ isotropic seed=5678 gain=7.799 max|d|=34.98 (no projection)
[ok] manila_query_-ZyenisXeFL1kaebCpUNAQ direction seed=9012 gain=1.526 max|d|=24.41 (projection 16)
[ok] manila_query_-ZyenisXeFL1kaebCpUNAQ direction_eot seed=9012 gain=1.237 max|d|=19.79 (projection 16)
[ok] manila_query_-ZyenisXeFL1kaebCpUNAQ isotropic seed=9012 gain=7.798 max|d|=36.29 (no projection)
[ok] nairobi_query_42kd1bm9ZK0fwGacm_8O5A direction seed=5678 gain=1.485 max|d|=23.76 (projection 16)
[ok] nairobi_query_42kd1bm9ZK0fwGacm_8O5A direction_eot seed=5678 gain=1.196 max|d|=19.14 (projection 16)
[ok] nairobi_query_42kd1bm9ZK0fwGacm_8O5A isotropic seed=5678 gain=7.741 max|d|=37.29 (no projection)
[ok] nairobi_query_42kd1bm9ZK0fwGacm_8O5A direction seed=9012 gain=1.470 max|d|=23.53 (projection 16)
[ok] nairobi_query_42kd1bm9ZK0fwGacm_8O5A direction_eot seed=9012 gain=1.218 max|d|=19.49 (projection 16)
[ok] nairobi_query_42kd1bm9ZK0fwGacm_8O5A isotropic seed=9012 gain=7.752 max|d|=33.28 (no projection)
[ok] toronto_query_-MFll3mcOLNHfSZyGy5VIw direction seed=5678 gain=1.538 max|d|=24.61 (projection 16)
[ok] toronto_query_-MFll3mcOLNHfSZyGy5VIw direction_eot seed=5678 gain=1.187 max|d|=18.99 (projection 16)
[ok] toronto_query_-MFll3mcOLNHfSZyGy5VIw isotropic seed=5678 gain=7.919 max|d|=36.13 (no projection)
[ok] toronto_query_-MFll3mcOLNHfSZyGy5VIw direction seed=9012 gain=1.515 max|d|=24.24 (projection 16)
[ok] toronto_query_-MFll3mcOLNHfSZyGy5VIw direction_eot seed=9012 gain=1.208 max|d|=19.33 (projection 16)
[ok] toronto_query_-MFll3mcOLNHfSZyGy5VIw isotropic seed=9012 gain=7.951 max|d|=40.08 (no projection)
[ok] zurich_query_0lHgqSrbw8SSQej38K9wpQ direction seed=5678 gain=1.452 max|d|=23.23 (projection 16)
[ok] zurich_query_0lHgqSrbw8SSQej38K9wpQ direction_eot seed=5678 gain=1.229 max|d|=19.66 (projection 16)
[ok] zurich_query_0lHgqSrbw8SSQej38K9wpQ isotropic seed=5678 gain=8.014 max|d|=41.38 (no projection)
[ok] zurich_query_0lHgqSrbw8SSQej38K9wpQ direction seed=9012 gain=1.455 max|d|=23.28 (projection 16)
[ok] zurich_query_0lHgqSrbw8SSQej38K9wpQ direction_eot seed=9012 gain=1.198 max|d|=19.16 (projection 16)
[ok] zurich_query_0lHgqSrbw8SSQej38K9wpQ isotropic seed=9012 gain=8.051 max|d|=37.27 (no projection)
[ok] amman_query_2hq9evzmyg6GO86JGeo5kw direction seed=5678 gain=1.551 max|d|=24.81 (projection 16)
[ok] amman_query_2hq9evzmyg6GO86JGeo5kw direction_eot seed=5678 gain=1.225 max|d|=19.61 (projection 16)
[ok] amman_query_2hq9evzmyg6GO86JGeo5kw isotropic seed=5678 gain=7.868 max|d|=36.85 (no projection)
[ok] amman_query_2hq9evzmyg6GO86JGeo5kw direction seed=9012 gain=1.546 max|d|=24.74 (projection 16)
[ok] amman_query_2hq9evzmyg6GO86JGeo5kw direction_eot seed=9012 gain=1.175 max|d|=18.79 (projection 16)
[ok] amman_query_2hq9evzmyg6GO86JGeo5kw isotropic seed=9012 gain=7.832 max|d|=36.20 (no projection)
[ok] boston_query_-XPoSJpI_X3ZlnZLz8JG4L direction seed=5678 gain=1.415 max|d|=22.64 (projection 16)
[ok] boston_query_-XPoSJpI_X3ZlnZLz8JG4L direction_eot seed=5678 gain=1.134 max|d|=18.15 (projection 16)
[ok] boston_query_-XPoSJpI_X3ZlnZLz8JG4L isotropic seed=5678 gain=7.972 max|d|=35.65 (no projection)
[ok] boston_query_-XPoSJpI_X3ZlnZLz8JG4L direction seed=9012 gain=1.401 max|d|=22.42 (projection 16)
[ok] boston_query_-XPoSJpI_X3ZlnZLz8JG4L direction_eot seed=9012 gain=1.116 max|d|=17.86 (projection 16)
[ok] boston_query_-XPoSJpI_X3ZlnZLz8JG4L isotropic seed=9012 gain=7.969 max|d|=35.73 (no projection)
[ok] cph_query_-VwsLi9Gs8ntflZjLfPkGw direction seed=5678 gain=1.453 max|d|=23.25 (projection 16)
[ok] cph_query_-VwsLi9Gs8ntflZjLfPkGw direction_eot seed=5678 gain=1.204 max|d|=19.26 (projection 16)
[ok] cph_query_-VwsLi9Gs8ntflZjLfPkGw isotropic seed=5678 gain=7.793 max|d|=35.78 (no projection)
[ok] cph_query_-VwsLi9Gs8ntflZjLfPkGw direction seed=9012 gain=1.449 max|d|=23.18 (projection 16)
[ok] cph_query_-VwsLi9Gs8ntflZjLfPkGw direction_eot seed=9012 gain=1.188 max|d|=19.00 (projection 16)
[ok] cph_query_-VwsLi9Gs8ntflZjLfPkGw isotropic seed=9012 gain=7.820 max|d|=37.94 (no projection)
[ok] london_query_0BjBFV4G9jdMJlEMqshzoA direction seed=5678 gain=1.479 max|d|=23.66 (projection 16)
[ok] london_query_0BjBFV4G9jdMJlEMqshzoA direction_eot seed=5678 gain=1.159 max|d|=18.55 (projection 16)
[ok] london_query_0BjBFV4G9jdMJlEMqshzoA isotropic seed=5678 gain=7.818 max|d|=40.98 (no projection)
[ok] london_query_0BjBFV4G9jdMJlEMqshzoA direction seed=9012 gain=1.438 max|d|=23.00 (projection 16)
[ok] london_query_0BjBFV4G9jdMJlEMqshzoA direction_eot seed=9012 gain=1.198 max|d|=19.17 (projection 16)
[ok] london_query_0BjBFV4G9jdMJlEMqshzoA isotropic seed=9012 gain=7.812 max|d|=36.37 (no projection)
[ok] manila_query_-aK1h18UZREBqmVQH9KSvw direction seed=5678 gain=1.446 max|d|=23.14 (projection 16)
[ok] manila_query_-aK1h18UZREBqmVQH9KSvw direction_eot seed=5678 gain=1.137 max|d|=18.19 (projection 16)
[ok] manila_query_-aK1h18UZREBqmVQH9KSvw isotropic seed=5678 gain=8.152 max|d|=34.54 (no projection)
[ok] manila_query_-aK1h18UZREBqmVQH9KSvw direction seed=9012 gain=1.466 max|d|=23.45 (projection 16)
[ok] manila_query_-aK1h18UZREBqmVQH9KSvw direction_eot seed=9012 gain=1.161 max|d|=18.57 (projection 16)
[ok] manila_query_-aK1h18UZREBqmVQH9KSvw isotropic seed=9012 gain=8.172 max|d|=37.73 (no projection)
[ok] nairobi_query_479Or7jRwWHujnR6N21HGg direction seed=5678 gain=1.635 max|d|=26.16 (projection 16)
[ok] nairobi_query_479Or7jRwWHujnR6N21HGg direction_eot seed=5678 gain=1.334 max|d|=21.34 (projection 16)
[ok] nairobi_query_479Or7jRwWHujnR6N21HGg isotropic seed=5678 gain=8.067 max|d|=35.60 (no projection)
[ok] nairobi_query_479Or7jRwWHujnR6N21HGg direction seed=9012 gain=1.626 max|d|=26.01 (projection 16)
[ok] nairobi_query_479Or7jRwWHujnR6N21HGg direction_eot seed=9012 gain=1.312 max|d|=20.99 (projection 16)
[ok] nairobi_query_479Or7jRwWHujnR6N21HGg isotropic seed=9012 gain=8.038 max|d|=40.93 (no projection)
[ok] toronto_query_-MnI6OlC-vX0Wm56nVPN1A direction seed=5678 gain=1.489 max|d|=23.82 (projection 16)
[ok] toronto_query_-MnI6OlC-vX0Wm56nVPN1A direction_eot seed=5678 gain=1.259 max|d|=20.14 (projection 16)
[ok] toronto_query_-MnI6OlC-vX0Wm56nVPN1A isotropic seed=5678 gain=8.206 max|d|=41.78 (no projection)
[ok] toronto_query_-MnI6OlC-vX0Wm56nVPN1A direction seed=9012 gain=1.488 max|d|=23.81 (projection 16)
[ok] toronto_query_-MnI6OlC-vX0Wm56nVPN1A direction_eot seed=9012 gain=1.253 max|d|=20.05 (projection 16)
[ok] toronto_query_-MnI6OlC-vX0Wm56nVPN1A isotropic seed=9012 gain=8.225 max|d|=37.69 (no projection)
[ok] zurich_query_0nVsH-6SH_FHslcVrikkwQ direction seed=5678 gain=1.590 max|d|=25.44 (projection 16)
[ok] zurich_query_0nVsH-6SH_FHslcVrikkwQ direction_eot seed=5678 gain=1.250 max|d|=20.00 (projection 16)
[ok] zurich_query_0nVsH-6SH_FHslcVrikkwQ isotropic seed=5678 gain=7.978 max|d|=41.89 (no projection)
[ok] zurich_query_0nVsH-6SH_FHslcVrikkwQ direction seed=9012 gain=1.584 max|d|=25.34 (projection 16)
[ok] zurich_query_0nVsH-6SH_FHslcVrikkwQ direction_eot seed=9012 gain=1.287 max|d|=20.59 (projection 16)
[ok] zurich_query_0nVsH-6SH_FHslcVrikkwQ isotropic seed=9012 gain=7.961 max|d|=36.87 (no projection)
[ok] amman_query_2lABfkOBYPSLZkKhyRxYdA direction seed=5678 gain=1.513 max|d|=24.21 (projection 16)
[ok] amman_query_2lABfkOBYPSLZkKhyRxYdA direction_eot seed=5678 gain=1.246 max|d|=19.94 (projection 16)
[ok] amman_query_2lABfkOBYPSLZkKhyRxYdA isotropic seed=5678 gain=7.782 max|d|=34.42 (no projection)
[ok] amman_query_2lABfkOBYPSLZkKhyRxYdA direction seed=9012 gain=1.531 max|d|=24.50 (projection 16)
[ok] amman_query_2lABfkOBYPSLZkKhyRxYdA direction_eot seed=9012 gain=1.233 max|d|=19.73 (projection 16)
[ok] amman_query_2lABfkOBYPSLZkKhyRxYdA isotropic seed=9012 gain=7.757 max|d|=36.48 (no projection)
[ok] boston_query_-XVMoSt8xs2FUh9JzquX6A direction seed=5678 gain=1.434 max|d|=22.95 (projection 16)
[ok] boston_query_-XVMoSt8xs2FUh9JzquX6A direction_eot seed=5678 gain=1.160 max|d|=18.56 (projection 16)
[ok] boston_query_-XVMoSt8xs2FUh9JzquX6A isotropic seed=5678 gain=7.748 max|d|=38.61 (no projection)
[ok] boston_query_-XVMoSt8xs2FUh9JzquX6A direction seed=9012 gain=1.435 max|d|=22.96 (projection 16)
[ok] boston_query_-XVMoSt8xs2FUh9JzquX6A direction_eot seed=9012 gain=1.193 max|d|=19.09 (projection 16)
[ok] boston_query_-XVMoSt8xs2FUh9JzquX6A isotropic seed=9012 gain=7.765 max|d|=34.57 (no projection)
[ok] cph_query_-WFB24C5ns0vkkGHGvN40A direction seed=5678 gain=1.480 max|d|=23.68 (projection 16)
[ok] cph_query_-WFB24C5ns0vkkGHGvN40A direction_eot seed=5678 gain=1.237 max|d|=19.79 (projection 16)
[ok] cph_query_-WFB24C5ns0vkkGHGvN40A isotropic seed=5678 gain=7.774 max|d|=36.05 (no projection)
[ok] cph_query_-WFB24C5ns0vkkGHGvN40A direction seed=9012 gain=1.462 max|d|=23.40 (projection 16)
[ok] cph_query_-WFB24C5ns0vkkGHGvN40A direction_eot seed=9012 gain=1.197 max|d|=19.15 (projection 16)
[ok] cph_query_-WFB24C5ns0vkkGHGvN40A isotropic seed=9012 gain=7.714 max|d|=35.05 (no projection)
[ok] london_query_0CaaImFsIdNZjpg8oBPgsQ direction seed=5678 gain=1.512 max|d|=24.19 (projection 16)
[ok] london_query_0CaaImFsIdNZjpg8oBPgsQ direction_eot seed=5678 gain=1.192 max|d|=19.07 (projection 16)
[ok] london_query_0CaaImFsIdNZjpg8oBPgsQ isotropic seed=5678 gain=7.819 max|d|=35.58 (no projection)
[ok] london_query_0CaaImFsIdNZjpg8oBPgsQ direction seed=9012 gain=1.503 max|d|=24.05 (projection 16)
[ok] london_query_0CaaImFsIdNZjpg8oBPgsQ direction_eot seed=9012 gain=1.198 max|d|=19.17 (projection 16)
[ok] london_query_0CaaImFsIdNZjpg8oBPgsQ isotropic seed=9012 gain=7.814 max|d|=35.69 (no projection)
[ok] manila_query_-cNGgBgyFrf92tQ2SjMnVw direction seed=5678 gain=1.559 max|d|=24.94 (projection 16)
[ok] manila_query_-cNGgBgyFrf92tQ2SjMnVw direction_eot seed=5678 gain=1.235 max|d|=19.76 (projection 16)
[ok] manila_query_-cNGgBgyFrf92tQ2SjMnVw isotropic seed=5678 gain=7.818 max|d|=37.11 (no projection)
[ok] manila_query_-cNGgBgyFrf92tQ2SjMnVw direction seed=9012 gain=1.556 max|d|=24.89 (projection 16)
[ok] manila_query_-cNGgBgyFrf92tQ2SjMnVw direction_eot seed=9012 gain=1.204 max|d|=19.27 (projection 16)
[ok] manila_query_-cNGgBgyFrf92tQ2SjMnVw isotropic seed=9012 gain=7.810 max|d|=36.87 (no projection)
[ok] nairobi_query_4EL0OPwVmp4k2zCpl9_c_A direction seed=5678 gain=1.641 max|d|=26.26 (projection 16)
[ok] nairobi_query_4EL0OPwVmp4k2zCpl9_c_A direction_eot seed=5678 gain=1.316 max|d|=21.06 (projection 16)
[ok] nairobi_query_4EL0OPwVmp4k2zCpl9_c_A isotropic seed=5678 gain=7.837 max|d|=35.09 (no projection)
[ok] nairobi_query_4EL0OPwVmp4k2zCpl9_c_A direction seed=9012 gain=1.631 max|d|=26.09 (projection 16)
[ok] nairobi_query_4EL0OPwVmp4k2zCpl9_c_A direction_eot seed=9012 gain=1.326 max|d|=21.22 (projection 16)
[ok] nairobi_query_4EL0OPwVmp4k2zCpl9_c_A isotropic seed=9012 gain=7.835 max|d|=37.35 (no projection)
[ok] toronto_query_-MvRj243NBTPnognhgb4Cg direction seed=5678 gain=1.600 max|d|=25.60 (projection 16)
[ok] toronto_query_-MvRj243NBTPnognhgb4Cg direction_eot seed=5678 gain=1.238 max|d|=19.81 (projection 16)
[ok] toronto_query_-MvRj243NBTPnognhgb4Cg isotropic seed=5678 gain=7.781 max|d|=35.14 (no projection)
[ok] toronto_query_-MvRj243NBTPnognhgb4Cg direction seed=9012 gain=1.591 max|d|=25.46 (projection 16)
[ok] toronto_query_-MvRj243NBTPnognhgb4Cg direction_eot seed=9012 gain=1.218 max|d|=19.48 (projection 16)
[ok] toronto_query_-MvRj243NBTPnognhgb4Cg isotropic seed=9012 gain=7.793 max|d|=35.33 (no projection)
[ok] zurich_query_0qoNSI3UUj6VR3TM7c0Peg direction seed=5678 gain=1.484 max|d|=23.74 (projection 16)
[ok] zurich_query_0qoNSI3UUj6VR3TM7c0Peg direction_eot seed=5678 gain=1.141 max|d|=18.26 (projection 16)
[ok] zurich_query_0qoNSI3UUj6VR3TM7c0Peg isotropic seed=5678 gain=7.753 max|d|=37.49 (no projection)
[ok] zurich_query_0qoNSI3UUj6VR3TM7c0Peg direction seed=9012 gain=1.485 max|d|=23.76 (projection 16)
[ok] zurich_query_0qoNSI3UUj6VR3TM7c0Peg direction_eot seed=9012 gain=1.171 max|d|=18.74 (projection 16)
[ok] zurich_query_0qoNSI3UUj6VR3TM7c0Peg isotropic seed=9012 gain=7.763 max|d|=34.81 (no projection)
[ok] amman_query_2o7YcP9UAqSU1ygtK33BfQ direction seed=5678 gain=1.467 max|d|=23.48 (projection 16)
[ok] amman_query_2o7YcP9UAqSU1ygtK33BfQ direction_eot seed=5678 gain=1.174 max|d|=18.78 (projection 16)
[ok] amman_query_2o7YcP9UAqSU1ygtK33BfQ isotropic seed=5678 gain=7.017 max|d|=32.34 (no projection)
[ok] amman_query_2o7YcP9UAqSU1ygtK33BfQ direction seed=9012 gain=1.455 max|d|=23.29 (projection 16)
[ok] amman_query_2o7YcP9UAqSU1ygtK33BfQ direction_eot seed=9012 gain=1.191 max|d|=19.06 (projection 16)
[ok] amman_query_2o7YcP9UAqSU1ygtK33BfQ isotropic seed=9012 gain=7.752 max|d|=34.61 (no projection)
[ok] boston_query_-YC7UljP-400uMusDPAb5o direction seed=5678 gain=1.512 max|d|=24.19 (projection 16)
[ok] boston_query_-YC7UljP-400uMusDPAb5o direction_eot seed=5678 gain=1.168 max|d|=18.68 (projection 16)
[ok] boston_query_-YC7UljP-400uMusDPAb5o isotropic seed=5678 gain=7.785 max|d|=35.92 (no projection)
[ok] boston_query_-YC7UljP-400uMusDPAb5o direction seed=9012 gain=1.535 max|d|=24.55 (projection 16)
[ok] boston_query_-YC7UljP-400uMusDPAb5o direction_eot seed=9012 gain=1.182 max|d|=18.91 (projection 16)
[ok] boston_query_-YC7UljP-400uMusDPAb5o isotropic seed=9012 gain=7.775 max|d|=35.68 (no projection)
[ok] cph_query_-WSWmgHuo6qPHzHxqzEe1A direction seed=5678 gain=1.508 max|d|=24.12 (projection 16)
[ok] cph_query_-WSWmgHuo6qPHzHxqzEe1A direction_eot seed=5678 gain=1.180 max|d|=18.88 (projection 16)
[ok] cph_query_-WSWmgHuo6qPHzHxqzEe1A isotropic seed=5678 gain=7.775 max|d|=34.02 (no projection)
[ok] cph_query_-WSWmgHuo6qPHzHxqzEe1A direction seed=9012 gain=1.509 max|d|=24.14 (projection 16)
[ok] cph_query_-WSWmgHuo6qPHzHxqzEe1A direction_eot seed=9012 gain=1.169 max|d|=18.70 (projection 16)
[ok] cph_query_-WSWmgHuo6qPHzHxqzEe1A isotropic seed=9012 gain=7.574 max|d|=33.58 (no projection)
[ok] london_query_0EzKuKNIcxIWax_duM0EWw direction seed=5678 gain=1.396 max|d|=22.33 (projection 16)
[ok] london_query_0EzKuKNIcxIWax_duM0EWw direction_eot seed=5678 gain=1.123 max|d|=17.97 (projection 16)
[ok] london_query_0EzKuKNIcxIWax_duM0EWw isotropic seed=5678 gain=7.777 max|d|=36.13 (no projection)
[ok] london_query_0EzKuKNIcxIWax_duM0EWw direction seed=9012 gain=1.397 max|d|=22.35 (projection 16)
[ok] london_query_0EzKuKNIcxIWax_duM0EWw direction_eot seed=9012 gain=1.135 max|d|=18.16 (projection 16)
[ok] london_query_0EzKuKNIcxIWax_duM0EWw isotropic seed=9012 gain=7.774 max|d|=37.82 (no projection)
[ok] manila_query_-cmAo9dkimIih2B7T4UHfg direction seed=5678 gain=1.551 max|d|=24.81 (projection 16)
[ok] manila_query_-cmAo9dkimIih2B7T4UHfg direction_eot seed=5678 gain=1.250 max|d|=20.00 (projection 16)
[ok] manila_query_-cmAo9dkimIih2B7T4UHfg isotropic seed=5678 gain=7.595 max|d|=35.80 (no projection)
[ok] manila_query_-cmAo9dkimIih2B7T4UHfg direction seed=9012 gain=1.558 max|d|=24.93 (projection 16)
[ok] manila_query_-cmAo9dkimIih2B7T4UHfg direction_eot seed=9012 gain=1.264 max|d|=20.23 (projection 16)
[ok] manila_query_-cmAo9dkimIih2B7T4UHfg isotropic seed=9012 gain=8.353 max|d|=38.35 (no projection)
[ok] nairobi_query_4Scm9UylRL9Edyu3ZemB9A direction seed=5678 gain=1.664 max|d|=26.63 (projection 16)
[ok] nairobi_query_4Scm9UylRL9Edyu3ZemB9A direction_eot seed=5678 gain=1.373 max|d|=21.98 (projection 16)
[ok] nairobi_query_4Scm9UylRL9Edyu3ZemB9A isotropic seed=5678 gain=7.267 max|d|=34.15 (no projection)
[ok] nairobi_query_4Scm9UylRL9Edyu3ZemB9A direction seed=9012 gain=1.680 max|d|=26.88 (projection 16)
[ok] nairobi_query_4Scm9UylRL9Edyu3ZemB9A direction_eot seed=9012 gain=1.320 max|d|=21.12 (projection 16)
[ok] nairobi_query_4Scm9UylRL9Edyu3ZemB9A isotropic seed=9012 gain=8.101 max|d|=36.14 (no projection)
[ok] toronto_query_-N8Ief4Q3CWSOSauaoVHkw direction seed=5678 gain=1.564 max|d|=25.03 (projection 16)
[ok] toronto_query_-N8Ief4Q3CWSOSauaoVHkw direction_eot seed=5678 gain=1.277 max|d|=20.43 (projection 16)
[ok] toronto_query_-N8Ief4Q3CWSOSauaoVHkw isotropic seed=5678 gain=7.766 max|d|=36.15 (no projection)
[ok] toronto_query_-N8Ief4Q3CWSOSauaoVHkw direction seed=9012 gain=1.569 max|d|=25.11 (projection 16)
[ok] toronto_query_-N8Ief4Q3CWSOSauaoVHkw direction_eot seed=9012 gain=1.248 max|d|=19.97 (projection 16)
[ok] toronto_query_-N8Ief4Q3CWSOSauaoVHkw isotropic seed=9012 gain=7.764 max|d|=34.25 (no projection)
[ok] zurich_query_0yT0tESrImO18FH9C5STzg direction seed=5678 gain=1.606 max|d|=25.69 (projection 16)
[ok] zurich_query_0yT0tESrImO18FH9C5STzg direction_eot seed=5678 gain=1.286 max|d|=20.58 (projection 16)
[ok] zurich_query_0yT0tESrImO18FH9C5STzg isotropic seed=5678 gain=8.037 max|d|=36.78 (no projection)
[ok] zurich_query_0yT0tESrImO18FH9C5STzg direction seed=9012 gain=1.572 max|d|=25.15 (projection 16)
[ok] zurich_query_0yT0tESrImO18FH9C5STzg direction_eot seed=9012 gain=1.261 max|d|=20.18 (projection 16)
[ok] zurich_query_0yT0tESrImO18FH9C5STzg isotropic seed=9012 gain=8.051 max|d|=38.47 (no projection)
[ok] amman_query_2pCCoWfi0AP_93cYLKD9sA direction seed=5678 gain=1.457 max|d|=23.31 (projection 16)
[ok] amman_query_2pCCoWfi0AP_93cYLKD9sA direction_eot seed=5678 gain=1.149 max|d|=18.39 (projection 16)
[ok] amman_query_2pCCoWfi0AP_93cYLKD9sA isotropic seed=5678 gain=7.742 max|d|=34.64 (no projection)
[ok] amman_query_2pCCoWfi0AP_93cYLKD9sA direction seed=9012 gain=1.479 max|d|=23.66 (projection 16)
[ok] amman_query_2pCCoWfi0AP_93cYLKD9sA direction_eot seed=9012 gain=1.138 max|d|=18.20 (projection 16)
[ok] amman_query_2pCCoWfi0AP_93cYLKD9sA isotropic seed=9012 gain=7.781 max|d|=34.51 (no projection)
[ok] boston_query_-YNCuOIwfe745OWl27FQZQ direction seed=5678 gain=1.531 max|d|=24.50 (projection 16)
[ok] boston_query_-YNCuOIwfe745OWl27FQZQ direction_eot seed=5678 gain=1.240 max|d|=19.83 (projection 16)
[ok] boston_query_-YNCuOIwfe745OWl27FQZQ isotropic seed=5678 gain=7.987 max|d|=34.46 (no projection)
[ok] boston_query_-YNCuOIwfe745OWl27FQZQ direction seed=9012 gain=1.513 max|d|=24.21 (projection 16)
[ok] boston_query_-YNCuOIwfe745OWl27FQZQ direction_eot seed=9012 gain=1.239 max|d|=19.83 (projection 16)
[ok] boston_query_-YNCuOIwfe745OWl27FQZQ isotropic seed=9012 gain=7.993 max|d|=35.73 (no projection)
[ok] cph_query_-XYLPst0OjYGoPVJKGP1aA direction seed=5678 gain=1.483 max|d|=23.73 (projection 16)
[ok] cph_query_-XYLPst0OjYGoPVJKGP1aA direction_eot seed=5678 gain=1.216 max|d|=19.46 (projection 16)
[ok] cph_query_-XYLPst0OjYGoPVJKGP1aA isotropic seed=5678 gain=7.762 max|d|=32.75 (no projection)
[ok] cph_query_-XYLPst0OjYGoPVJKGP1aA direction seed=9012 gain=1.480 max|d|=23.67 (projection 16)
[ok] cph_query_-XYLPst0OjYGoPVJKGP1aA direction_eot seed=9012 gain=1.178 max|d|=18.86 (projection 16)
[ok] cph_query_-XYLPst0OjYGoPVJKGP1aA isotropic seed=9012 gain=7.761 max|d|=35.22 (no projection)
[ok] london_query_0IFxmIDIkGlB0FShcszAfw direction seed=5678 gain=1.475 max|d|=23.60 (projection 16)
[ok] london_query_0IFxmIDIkGlB0FShcszAfw direction_eot seed=5678 gain=1.222 max|d|=19.56 (projection 16)
[ok] london_query_0IFxmIDIkGlB0FShcszAfw isotropic seed=5678 gain=8.038 max|d|=36.51 (no projection)
[ok] london_query_0IFxmIDIkGlB0FShcszAfw direction seed=9012 gain=1.476 max|d|=23.62 (projection 16)
[ok] london_query_0IFxmIDIkGlB0FShcszAfw direction_eot seed=9012 gain=1.220 max|d|=19.52 (projection 16)
[ok] london_query_0IFxmIDIkGlB0FShcszAfw isotropic seed=9012 gain=8.039 max|d|=36.71 (no projection)
[ok] manila_query_-dvVr_QHKim5_WyUsv_Z4A direction seed=5678 gain=1.441 max|d|=23.06 (projection 16)
[ok] manila_query_-dvVr_QHKim5_WyUsv_Z4A direction_eot seed=5678 gain=1.137 max|d|=18.20 (projection 16)
[ok] manila_query_-dvVr_QHKim5_WyUsv_Z4A isotropic seed=5678 gain=7.867 max|d|=34.20 (no projection)
[ok] manila_query_-dvVr_QHKim5_WyUsv_Z4A direction seed=9012 gain=1.418 max|d|=22.68 (projection 16)
[ok] manila_query_-dvVr_QHKim5_WyUsv_Z4A direction_eot seed=9012 gain=1.135 max|d|=18.15 (projection 16)
[ok] manila_query_-dvVr_QHKim5_WyUsv_Z4A isotropic seed=9012 gain=6.463 max|d|=32.76 (no projection)
[ok] nairobi_query_4_8wDQ5TQuzz_jEJKVIl0Q direction seed=5678 gain=1.504 max|d|=24.06 (projection 16)
[ok] nairobi_query_4_8wDQ5TQuzz_jEJKVIl0Q direction_eot seed=5678 gain=1.215 max|d|=19.43 (projection 16)
[ok] nairobi_query_4_8wDQ5TQuzz_jEJKVIl0Q isotropic seed=5678 gain=7.761 max|d|=36.26 (no projection)
[ok] nairobi_query_4_8wDQ5TQuzz_jEJKVIl0Q direction seed=9012 gain=1.488 max|d|=23.81 (projection 16)
[ok] nairobi_query_4_8wDQ5TQuzz_jEJKVIl0Q direction_eot seed=9012 gain=1.204 max|d|=19.27 (projection 16)
[ok] nairobi_query_4_8wDQ5TQuzz_jEJKVIl0Q isotropic seed=9012 gain=7.774 max|d|=37.27 (no projection)
[ok] toronto_query_-OZxhiQ5zPqGdSRrqUMKfQ direction seed=5678 gain=1.571 max|d|=25.13 (projection 16)
[ok] toronto_query_-OZxhiQ5zPqGdSRrqUMKfQ direction_eot seed=5678 gain=1.267 max|d|=20.27 (projection 16)
[ok] toronto_query_-OZxhiQ5zPqGdSRrqUMKfQ isotropic seed=5678 gain=7.988 max|d|=37.96 (no projection)
[ok] toronto_query_-OZxhiQ5zPqGdSRrqUMKfQ direction seed=9012 gain=1.565 max|d|=25.04 (projection 16)
[ok] toronto_query_-OZxhiQ5zPqGdSRrqUMKfQ direction_eot seed=9012 gain=1.276 max|d|=20.42 (projection 16)
[ok] toronto_query_-OZxhiQ5zPqGdSRrqUMKfQ isotropic seed=9012 gain=7.987 max|d|=39.50 (no projection)
[ok] zurich_query_0zEmJXMA03W0EBFP74wRVQ direction seed=5678 gain=1.515 max|d|=24.24 (projection 16)
[ok] zurich_query_0zEmJXMA03W0EBFP74wRVQ direction_eot seed=5678 gain=1.252 max|d|=20.04 (projection 16)
[ok] zurich_query_0zEmJXMA03W0EBFP74wRVQ isotropic seed=5678 gain=7.824 max|d|=38.14 (no projection)
[ok] zurich_query_0zEmJXMA03W0EBFP74wRVQ direction seed=9012 gain=1.518 max|d|=24.29 (projection 16)
[ok] zurich_query_0zEmJXMA03W0EBFP74wRVQ direction_eot seed=9012 gain=1.237 max|d|=19.78 (projection 16)
[ok] zurich_query_0zEmJXMA03W0EBFP74wRVQ isotropic seed=9012 gain=7.643 max|d|=35.91 (no projection)
[ok] amman_query_2pZlZDNh_3B-gECdtvklWQ direction seed=5678 gain=1.416 max|d|=22.66 (projection 16)
[ok] amman_query_2pZlZDNh_3B-gECdtvklWQ direction_eot seed=5678 gain=1.100 max|d|=17.60 (projection 16)
[ok] amman_query_2pZlZDNh_3B-gECdtvklWQ isotropic seed=5678 gain=7.795 max|d|=35.38 (no projection)
[ok] amman_query_2pZlZDNh_3B-gECdtvklWQ direction seed=9012 gain=1.417 max|d|=22.67 (projection 16)
[ok] amman_query_2pZlZDNh_3B-gECdtvklWQ direction_eot seed=9012 gain=1.116 max|d|=17.86 (projection 16)
[ok] amman_query_2pZlZDNh_3B-gECdtvklWQ isotropic seed=9012 gain=7.843 max|d|=44.21 (no projection)
[ok] boston_query_-Zk-uQZzECPhvd8WV6mxhQ direction seed=5678 gain=1.550 max|d|=24.80 (projection 16)
[ok] boston_query_-Zk-uQZzECPhvd8WV6mxhQ direction_eot seed=5678 gain=1.190 max|d|=19.04 (projection 16)
[ok] boston_query_-Zk-uQZzECPhvd8WV6mxhQ isotropic seed=5678 gain=7.886 max|d|=35.92 (no projection)
[ok] boston_query_-Zk-uQZzECPhvd8WV6mxhQ direction seed=9012 gain=1.520 max|d|=24.32 (projection 16)
[ok] boston_query_-Zk-uQZzECPhvd8WV6mxhQ direction_eot seed=9012 gain=1.230 max|d|=19.68 (projection 16)
[ok] boston_query_-Zk-uQZzECPhvd8WV6mxhQ isotropic seed=9012 gain=7.864 max|d|=36.09 (no projection)
[ok] cph_query_-YjbrleIz5WKWE1Rmmo4fg direction seed=5678 gain=1.604 max|d|=25.67 (projection 16)
[ok] cph_query_-YjbrleIz5WKWE1Rmmo4fg direction_eot seed=5678 gain=1.236 max|d|=19.77 (projection 16)
[ok] cph_query_-YjbrleIz5WKWE1Rmmo4fg isotropic seed=5678 gain=7.749 max|d|=34.96 (no projection)
[ok] cph_query_-YjbrleIz5WKWE1Rmmo4fg direction seed=9012 gain=1.614 max|d|=25.82 (projection 16)
[ok] cph_query_-YjbrleIz5WKWE1Rmmo4fg direction_eot seed=9012 gain=1.217 max|d|=19.48 (projection 16)
[ok] cph_query_-YjbrleIz5WKWE1Rmmo4fg isotropic seed=9012 gain=7.751 max|d|=35.69 (no projection)
[ok] london_query_0LQj6exgKdVQbIBlQAVcrw direction seed=5678 gain=1.533 max|d|=24.53 (projection 16)
[ok] london_query_0LQj6exgKdVQbIBlQAVcrw direction_eot seed=5678 gain=1.180 max|d|=18.88 (projection 16)
[ok] london_query_0LQj6exgKdVQbIBlQAVcrw isotropic seed=5678 gain=7.760 max|d|=35.35 (no projection)
[ok] london_query_0LQj6exgKdVQbIBlQAVcrw direction seed=9012 gain=1.463 max|d|=23.40 (projection 16)
[ok] london_query_0LQj6exgKdVQbIBlQAVcrw direction_eot seed=9012 gain=1.145 max|d|=18.32 (projection 16)
[ok] london_query_0LQj6exgKdVQbIBlQAVcrw isotropic seed=9012 gain=7.790 max|d|=34.71 (no projection)
[ok] manila_query_-fizm8lmdD_ORe0_j5qnJQ direction seed=5678 gain=1.554 max|d|=24.87 (projection 16)
[ok] manila_query_-fizm8lmdD_ORe0_j5qnJQ direction_eot seed=5678 gain=1.231 max|d|=19.70 (projection 16)
[ok] manila_query_-fizm8lmdD_ORe0_j5qnJQ isotropic seed=5678 gain=7.909 max|d|=38.06 (no projection)
[ok] manila_query_-fizm8lmdD_ORe0_j5qnJQ direction seed=9012 gain=1.563 max|d|=25.00 (projection 16)
[ok] manila_query_-fizm8lmdD_ORe0_j5qnJQ direction_eot seed=9012 gain=1.227 max|d|=19.64 (projection 16)
[ok] manila_query_-fizm8lmdD_ORe0_j5qnJQ isotropic seed=9012 gain=7.882 max|d|=35.85 (no projection)
[ok] nairobi_query_4otBu8pxIHc7lXwh66bqHQ direction seed=5678 gain=1.512 max|d|=24.20 (projection 16)
[ok] nairobi_query_4otBu8pxIHc7lXwh66bqHQ direction_eot seed=5678 gain=1.181 max|d|=18.90 (projection 16)
[ok] nairobi_query_4otBu8pxIHc7lXwh66bqHQ isotropic seed=5678 gain=7.778 max|d|=36.18 (no projection)
[ok] nairobi_query_4otBu8pxIHc7lXwh66bqHQ direction seed=9012 gain=1.485 max|d|=23.75 (projection 16)
[ok] nairobi_query_4otBu8pxIHc7lXwh66bqHQ direction_eot seed=9012 gain=1.203 max|d|=19.24 (projection 16)
[ok] nairobi_query_4otBu8pxIHc7lXwh66bqHQ isotropic seed=9012 gain=7.757 max|d|=32.76 (no projection)
[ok] toronto_query_-Pkw8dqFfD76K-CZ7pnCVQ direction seed=5678 gain=1.574 max|d|=25.18 (projection 16)
[ok] toronto_query_-Pkw8dqFfD76K-CZ7pnCVQ direction_eot seed=5678 gain=1.240 max|d|=19.83 (projection 16)
[ok] toronto_query_-Pkw8dqFfD76K-CZ7pnCVQ isotropic seed=5678 gain=7.988 max|d|=35.58 (no projection)
[ok] toronto_query_-Pkw8dqFfD76K-CZ7pnCVQ direction seed=9012 gain=1.568 max|d|=25.09 (projection 16)
[ok] toronto_query_-Pkw8dqFfD76K-CZ7pnCVQ direction_eot seed=9012 gain=1.247 max|d|=19.95 (projection 16)
[ok] toronto_query_-Pkw8dqFfD76K-CZ7pnCVQ isotropic seed=9012 gain=7.972 max|d|=34.49 (no projection)
[ok] zurich_query_1-8NWRY7HPTPq2lkQitPfw direction seed=5678 gain=1.344 max|d|=21.51 (projection 16)
[ok] zurich_query_1-8NWRY7HPTPq2lkQitPfw direction_eot seed=5678 gain=1.168 max|d|=18.69 (projection 16)
[ok] zurich_query_1-8NWRY7HPTPq2lkQitPfw isotropic seed=5678 gain=7.934 max|d|=36.00 (no projection)
[ok] zurich_query_1-8NWRY7HPTPq2lkQitPfw direction seed=9012 gain=1.329 max|d|=21.27 (projection 16)
[ok] zurich_query_1-8NWRY7HPTPq2lkQitPfw direction_eot seed=9012 gain=1.136 max|d|=18.17 (projection 16)
[ok] zurich_query_1-8NWRY7HPTPq2lkQitPfw isotropic seed=9012 gain=7.936 max|d|=34.05 (no projection)
[ok] amman_query_2rTDzpKAZdmx5K2aSyos9w direction seed=5678 gain=1.532 max|d|=24.51 (projection 16)
[ok] amman_query_2rTDzpKAZdmx5K2aSyos9w direction_eot seed=5678 gain=1.260 max|d|=20.16 (projection 16)
[ok] amman_query_2rTDzpKAZdmx5K2aSyos9w isotropic seed=5678 gain=7.736 max|d|=38.26 (no projection)
[ok] amman_query_2rTDzpKAZdmx5K2aSyos9w direction seed=9012 gain=1.529 max|d|=24.46 (projection 16)
[ok] amman_query_2rTDzpKAZdmx5K2aSyos9w direction_eot seed=9012 gain=1.233 max|d|=19.73 (projection 16)
[ok] amman_query_2rTDzpKAZdmx5K2aSyos9w isotropic seed=9012 gain=7.753 max|d|=38.26 (no projection)
[ok] boston_query_-_69BJwJSLQGnzQD20QsOg direction seed=5678 gain=1.395 max|d|=22.32 (projection 16)
[ok] boston_query_-_69BJwJSLQGnzQD20QsOg direction_eot seed=5678 gain=1.122 max|d|=17.95 (projection 16)
[ok] boston_query_-_69BJwJSLQGnzQD20QsOg isotropic seed=5678 gain=7.930 max|d|=35.61 (no projection)
[ok] boston_query_-_69BJwJSLQGnzQD20QsOg direction seed=9012 gain=1.399 max|d|=22.38 (projection 16)
[ok] boston_query_-_69BJwJSLQGnzQD20QsOg direction_eot seed=9012 gain=1.140 max|d|=18.24 (projection 16)
[ok] boston_query_-_69BJwJSLQGnzQD20QsOg isotropic seed=9012 gain=7.880 max|d|=35.70 (no projection)
[ok] cph_query_-YnFOjTmnQhpLwXt2EJ1QQ direction seed=5678 gain=1.675 max|d|=26.80 (projection 16)
[ok] cph_query_-YnFOjTmnQhpLwXt2EJ1QQ direction_eot seed=5678 gain=1.278 max|d|=20.44 (projection 16)
[ok] cph_query_-YnFOjTmnQhpLwXt2EJ1QQ isotropic seed=5678 gain=7.914 max|d|=35.68 (no projection)
[ok] cph_query_-YnFOjTmnQhpLwXt2EJ1QQ direction seed=9012 gain=1.663 max|d|=26.61 (projection 16)
[ok] cph_query_-YnFOjTmnQhpLwXt2EJ1QQ direction_eot seed=9012 gain=1.299 max|d|=20.78 (projection 16)
[ok] cph_query_-YnFOjTmnQhpLwXt2EJ1QQ isotropic seed=9012 gain=7.678 max|d|=34.44 (no projection)
[ok] london_query_0M3fNwl2Fi82PVH3lDRsCg direction seed=5678 gain=1.437 max|d|=22.99 (projection 16)
[ok] london_query_0M3fNwl2Fi82PVH3lDRsCg direction_eot seed=5678 gain=1.138 max|d|=18.21 (projection 16)
[ok] london_query_0M3fNwl2Fi82PVH3lDRsCg isotropic seed=5678 gain=7.881 max|d|=35.59 (no projection)
[ok] london_query_0M3fNwl2Fi82PVH3lDRsCg direction seed=9012 gain=1.442 max|d|=23.07 (projection 16)
[ok] london_query_0M3fNwl2Fi82PVH3lDRsCg direction_eot seed=9012 gain=1.089 max|d|=17.43 (projection 16)
[ok] london_query_0M3fNwl2Fi82PVH3lDRsCg isotropic seed=9012 gain=7.883 max|d|=36.51 (no projection)
[ok] manila_query_-hNuMbgiWK_ZPELfuWj5FQ direction seed=5678 gain=1.492 max|d|=23.87 (projection 16)
[ok] manila_query_-hNuMbgiWK_ZPELfuWj5FQ direction_eot seed=5678 gain=1.229 max|d|=19.66 (projection 16)
[ok] manila_query_-hNuMbgiWK_ZPELfuWj5FQ isotropic seed=5678 gain=8.016 max|d|=36.56 (no projection)
[ok] manila_query_-hNuMbgiWK_ZPELfuWj5FQ direction seed=9012 gain=1.495 max|d|=23.92 (projection 16)
[ok] manila_query_-hNuMbgiWK_ZPELfuWj5FQ direction_eot seed=9012 gain=1.234 max|d|=19.75 (projection 16)
[ok] manila_query_-hNuMbgiWK_ZPELfuWj5FQ isotropic seed=9012 gain=8.003 max|d|=36.81 (no projection)
[ok] nairobi_query_5ISN1dRvjgJI9rd6GbusNQ direction seed=5678 gain=1.568 max|d|=25.09 (projection 16)
[ok] nairobi_query_5ISN1dRvjgJI9rd6GbusNQ direction_eot seed=5678 gain=1.262 max|d|=20.19 (projection 16)
[ok] nairobi_query_5ISN1dRvjgJI9rd6GbusNQ isotropic seed=5678 gain=7.966 max|d|=36.04 (no projection)
[ok] nairobi_query_5ISN1dRvjgJI9rd6GbusNQ direction seed=9012 gain=1.593 max|d|=25.49 (projection 16)
[ok] nairobi_query_5ISN1dRvjgJI9rd6GbusNQ direction_eot seed=9012 gain=1.232 max|d|=19.70 (projection 16)
[ok] nairobi_query_5ISN1dRvjgJI9rd6GbusNQ isotropic seed=9012 gain=7.951 max|d|=36.93 (no projection)
[ok] toronto_query_-PuMS2UqNh7dbLLfWE37yg direction seed=5678 gain=1.516 max|d|=24.26 (projection 16)
[ok] toronto_query_-PuMS2UqNh7dbLLfWE37yg direction_eot seed=5678 gain=1.208 max|d|=19.33 (projection 16)
[ok] toronto_query_-PuMS2UqNh7dbLLfWE37yg isotropic seed=5678 gain=8.048 max|d|=37.24 (no projection)
[ok] toronto_query_-PuMS2UqNh7dbLLfWE37yg direction seed=9012 gain=1.496 max|d|=23.93 (projection 16)
[ok] toronto_query_-PuMS2UqNh7dbLLfWE37yg direction_eot seed=9012 gain=1.187 max|d|=18.99 (projection 16)
[ok] toronto_query_-PuMS2UqNh7dbLLfWE37yg isotropic seed=9012 gain=8.007 max|d|=35.16 (no projection)
[ok] zurich_query_1-TXtjFv1nAkC2AZXfhuDg direction seed=5678 gain=1.572 max|d|=25.15 (projection 16)
[ok] zurich_query_1-TXtjFv1nAkC2AZXfhuDg direction_eot seed=5678 gain=1.271 max|d|=20.33 (projection 16)
[ok] zurich_query_1-TXtjFv1nAkC2AZXfhuDg isotropic seed=5678 gain=7.887 max|d|=36.96 (no projection)
[ok] zurich_query_1-TXtjFv1nAkC2AZXfhuDg direction seed=9012 gain=1.590 max|d|=25.44 (projection 16)
[ok] zurich_query_1-TXtjFv1nAkC2AZXfhuDg direction_eot seed=9012 gain=1.244 max|d|=19.91 (projection 16)
[ok] zurich_query_1-TXtjFv1nAkC2AZXfhuDg isotropic seed=9012 gain=7.897 max|d|=41.09 (no projection)
[done] wrote /root/autodl-tmp/PPEDCRF/src/outputs/tifs6_a8_mse60.0_s2/serialized_release.csv/serialized_release.csv
EXIT=0
