query_id,condition,purifier,draw,correct_rank,correct_place,psnr_to_clean
amman_query_-39Q9edqZUArYHa41OPDoQ,clean,none,0,1,amman:31,
amman_query_-39Q9edqZUArYHa41OPDoQ,isotropic,none,0,1,amman:31,36.1773
amman_query_-39Q9edqZUArYHa41OPDoQ,isotropic,isotropic,0,1,amman:31,43.4508
amman_query_-39Q9edqZUArYHa41OPDoQ,isotropic,none,1,1,amman:31,36.1773
amman_query_-39Q9edqZUArYHa41OPDoQ,isotropic,isotropic,1,1,amman:31,43.4536
amman_query_-39Q9edqZUArYHa41OPDoQ,isotropic,none,2,1,amman:31,36.1773
amman_query_-39Q9edqZUArYHa41OPDoQ,isotropic,isotropic,2,1,amman:31,43.4195
amman_query_-39Q9edqZUArYHa41OPDoQ,direction,none,0,1,amman:31,36.1773
amman_query_-39Q9edqZUArYHa41OPDoQ,direction,direction,0,1,amman:31,40.7957
amman_query_-39Q9edqZUArYHa41OPDoQ,direction,none,1,1,amman:31,36.1773
amman_query_-39Q9edqZUArYHa41OPDoQ,direction,direction,1,1,amman:31,40.7708
amman_query_-39Q9edqZUArYHa41OPDoQ,direction,none,2,1,amman:31,36.1773
amman_query_-39Q9edqZUArYHa41OPDoQ,direction,direction,2,1,amman:31,40.7328
amman_query_-39Q9edqZUArYHa41OPDoQ,hardened,none,0,5,amman:31,36.1773
amman_query_-39Q9edqZUArYHa41OPDoQ,hardened,hardened,0,1,amman:31,40.1521
amman_query_-39Q9edqZUArYHa41OPDoQ,hardened,direction,0,1,amman:31,40.0726
amman_query_-39Q9edqZUArYHa41OPDoQ,hardened,none,1,25,amman:31,36.1773
amman_query_-39Q9edqZUArYHa41OPDoQ,hardened,hardened,1,1,amman:31,40.2087
amman_query_-39Q9edqZUArYHa41OPDoQ,hardened,direction,1,1,amman:31,40.1427
amman_query_-39Q9edqZUArYHa41OPDoQ,hardened,none,2,13,amman:31,36.1773
amman_query_-39Q9edqZUArYHa41OPDoQ,hardened,hardened,2,1,amman:31,40.2146
amman_query_-39Q9edqZUArYHa41OPDoQ,hardened,direction,2,1,amman:31,40.1730
amman_query_-6eEB_fS2eePRNUql6vOrQ,clean,none,0,1,amman:21,
amman_query_-6eEB_fS2eePRNUql6vOrQ,isotropic,none,0,1,amman:21,36.1773
amman_query_-6eEB_fS2eePRNUql6vOrQ,isotropic,isotropic,0,1,amman:21,42.6970
amman_query_-6eEB_fS2eePRNUql6vOrQ,isotropic,none,1,1,amman:21,36.1773
amman_query_-6eEB_fS2eePRNUql6vOrQ,isotropic,isotropic,1,1,amman:21,42.7636
amman_query_-6eEB_fS2eePRNUql6vOrQ,isotropic,none,2,1,amman:21,36.1773
amman_query_-6eEB_fS2eePRNUql6vOrQ,isotropic,isotropic,2,1,amman:21,42.7428
amman_query_-6eEB_fS2eePRNUql6vOrQ,direction,none,0,1,amman:21,36.1773
amman_query_-6eEB_fS2eePRNUql6vOrQ,direction,direction,0,1,amman:21,39.9303
amman_query_-6eEB_fS2eePRNUql6vOrQ,direction,none,1,1,amman:21,36.1773
amman_query_-6eEB_fS2eePRNUql6vOrQ,direction,direction,1,1,amman:21,39.9660
amman_query_-6eEB_fS2eePRNUql6vOrQ,direction,none,2,1,amman:21,36.1773
amman_query_-6eEB_fS2eePRNUql6vOrQ,direction,direction,2,1,amman:21,39.9014
amman_query_-6eEB_fS2eePRNUql6vOrQ,hardened,none,0,1,amman:21,36.1773
amman_query_-6eEB_fS2eePRNUql6vOrQ,hardened,hardened,0,1,amman:21,39.5221
amman_query_-6eEB_fS2eePRNUql6vOrQ,hardened,direction,0,1,amman:21,39.4271
amman_query_-6eEB_fS2eePRNUql6vOrQ,hardened,none,1,1,amman:21,36.1773
amman_query_-6eEB_fS2eePRNUql6vOrQ,hardened,hardened,1,1,amman:21,39.5992
amman_query_-6eEB_fS2eePRNUql6vOrQ,hardened,direction,1,1,amman:21,39.4873
amman_query_-6eEB_fS2eePRNUql6vOrQ,hardened,none,2,1,amman:21,36.1773
amman_query_-6eEB_fS2eePRNUql6vOrQ,hardened,hardened,2,1,amman:21,39.6504
amman_query_-6eEB_fS2eePRNUql6vOrQ,hardened,direction,2,1,amman:21,39.5289
amman_query_-BJoV1t0rKwEzk0bsZplVQ,clean,none,0,166,amman:37,
amman_query_-BJoV1t0rKwEzk0bsZplVQ,isotropic,none,0,162,amman:37,36.1773
amman_query_-BJoV1t0rKwEzk0bsZplVQ,isotropic,isotropic,0,63,amman:37,44.3312
amman_query_-BJoV1t0rKwEzk0bsZplVQ,isotropic,none,1,146,amman:37,36.1773
amman_query_-BJoV1t0rKwEzk0bsZplVQ,isotropic,isotropic,1,94,amman:37,44.3428
amman_query_-BJoV1t0rKwEzk0bsZplVQ,isotropic,none,2,61,amman:37,36.1773
amman_query_-BJoV1t0rKwEzk0bsZplVQ,isotropic,isotropic,2,30,amman:37,44.3012
amman_query_-BJoV1t0rKwEzk0bsZplVQ,direction,none,0,97,amman:37,36.1773
amman_query_-BJoV1t0rKwEzk0bsZplVQ,direction,direction,0,47,amman:37,41.4956
amman_query_-BJoV1t0rKwEzk0bsZplVQ,direction,none,1,64,amman:37,36.1773
amman_query_-BJoV1t0rKwEzk0bsZplVQ,direction,direction,1,145,amman:37,41.5766
amman_query_-BJoV1t0rKwEzk0bsZplVQ,direction,none,2,45,amman:37,36.1773
amman_query_-BJoV1t0rKwEzk0bsZplVQ,direction,direction,2,46,amman:37,41.5490
amman_query_-BJoV1t0rKwEzk0bsZplVQ,hardened,none,0,196,amman:37,36.1773
amman_query_-BJoV1t0rKwEzk0bsZplVQ,hardened,hardened,0,46,amman:37,40.7071
amman_query_-BJoV1t0rKwEzk0bsZplVQ,hardened,direction,0,64,amman:37,40.8386
amman_query_-BJoV1t0rKwEzk0bsZplVQ,hardened,none,1,52,amman:37,36.1773
amman_query_-BJoV1t0rKwEzk0bsZplVQ,hardened,hardened,1,34,amman:37,40.7425
amman_query_-BJoV1t0rKwEzk0bsZplVQ,hardened,direction,1,80,amman:37,40.8504
amman_query_-BJoV1t0rKwEzk0bsZplVQ,hardened,none,2,96,amman:37,36.1773
amman_query_-BJoV1t0rKwEzk0bsZplVQ,hardened,hardened,2,18,amman:37,40.7408
amman_query_-BJoV1t0rKwEzk0bsZplVQ,hardened,direction,2,11,amman:37,40.8608
amman_query_-D0IlKF__f0c9DPAKbiYnw,clean,none,0,69,amman:23,
amman_query_-D0IlKF__f0c9DPAKbiYnw,isotropic,none,0,80,amman:23,36.1773
amman_query_-D0IlKF__f0c9DPAKbiYnw,isotropic,isotropic,0,93,amman:23,45.5171
amman_query_-D0IlKF__f0c9DPAKbiYnw,isotropic,none,1,70,amman:23,36.1773
amman_query_-D0IlKF__f0c9DPAKbiYnw,isotropic,isotropic,1,115,amman:23,45.4692
amman_query_-D0IlKF__f0c9DPAKbiYnw,isotropic,none,2,103,amman:23,36.1773
amman_query_-D0IlKF__f0c9DPAKbiYnw,isotropic,isotropic,2,71,amman:23,45.4921
amman_query_-D0IlKF__f0c9DPAKbiYnw,direction,none,0,317,amman:23,36.1773
amman_query_-D0IlKF__f0c9DPAKbiYnw,direction,direction,0,36,amman:23,42.4719
amman_query_-D0IlKF__f0c9DPAKbiYnw,direction,none,1,129,amman:23,36.1773
amman_query_-D0IlKF__f0c9DPAKbiYnw,direction,direction,1,71,amman:23,42.4067
amman_query_-D0IlKF__f0c9DPAKbiYnw,direction,none,2,872,amman:23,36.1773
amman_query_-D0IlKF__f0c9DPAKbiYnw,direction,direction,2,143,amman:23,42.4721
amman_query_-D0IlKF__f0c9DPAKbiYnw,hardened,none,0,224,amman:23,36.1773
amman_query_-D0IlKF__f0c9DPAKbiYnw,hardened,hardened,0,366,amman:23,41.3221
amman_query_-D0IlKF__f0c9DPAKbiYnw,hardened,direction,0,267,amman:23,41.6800
amman_query_-D0IlKF__f0c9DPAKbiYnw,hardened,none,1,542,amman:23,36.1773
amman_query_-D0IlKF__f0c9DPAKbiYnw,hardened,hardened,1,31,amman:23,41.3418
amman_query_-D0IlKF__f0c9DPAKbiYnw,hardened,direction,1,129,amman:23,41.6343
amman_query_-D0IlKF__f0c9DPAKbiYnw,hardened,none,2,249,amman:23,36.1773
amman_query_-D0IlKF__f0c9DPAKbiYnw,hardened,hardened,2,12,amman:23,41.3988
amman_query_-D0IlKF__f0c9DPAKbiYnw,hardened,direction,2,57,amman:23,41.6721
amman_query_-EAmCN9i5BGEadZIccXEyA,clean,none,0,1,amman:30,
amman_query_-EAmCN9i5BGEadZIccXEyA,isotropic,none,0,1,amman:30,36.1773
amman_query_-EAmCN9i5BGEadZIccXEyA,isotropic,isotropic,0,1,amman:30,43.2166
amman_query_-EAmCN9i5BGEadZIccXEyA,isotropic,none,1,6,amman:30,36.1773
amman_query_-EAmCN9i5BGEadZIccXEyA,isotropic,isotropic,1,1,amman:30,43.2631
amman_query_-EAmCN9i5BGEadZIccXEyA,isotropic,none,2,2,amman:30,36.1773
amman_query_-EAmCN9i5BGEadZIccXEyA,isotropic,isotropic,2,1,amman:30,43.2141
amman_query_-EAmCN9i5BGEadZIccXEyA,direction,none,0,124,amman:30,36.1773
amman_query_-EAmCN9i5BGEadZIccXEyA,direction,direction,0,5,amman:30,40.7034
amman_query_-EAmCN9i5BGEadZIccXEyA,direction,none,1,342,amman:30,36.1773
amman_query_-EAmCN9i5BGEadZIccXEyA,direction,direction,1,3,amman:30,40.7504
amman_query_-EAmCN9i5BGEadZIccXEyA,direction,none,2,380,amman:30,36.1773
amman_query_-EAmCN9i5BGEadZIccXEyA,direction,direction,2,3,amman:30,40.7326
amman_query_-EAmCN9i5BGEadZIccXEyA,hardened,none,0,9,amman:30,36.1773
amman_query_-EAmCN9i5BGEadZIccXEyA,hardened,hardened,0,1,amman:30,40.1398
amman_query_-EAmCN9i5BGEadZIccXEyA,hardened,direction,0,1,amman:30,40.0917
amman_query_-EAmCN9i5BGEadZIccXEyA,hardened,none,1,52,amman:30,36.1773
amman_query_-EAmCN9i5BGEadZIccXEyA,hardened,hardened,1,3,amman:30,40.1914
amman_query_-EAmCN9i5BGEadZIccXEyA,hardened,direction,1,9,amman:30,40.1774
amman_query_-EAmCN9i5BGEadZIccXEyA,hardened,none,2,338,amman:30,36.1773
amman_query_-EAmCN9i5BGEadZIccXEyA,hardened,hardened,2,1,amman:30,40.1411
amman_query_-EAmCN9i5BGEadZIccXEyA,hardened,direction,2,1,amman:30,40.1194
amman_query_-L_vanPrT4RcWlLbzCqMKA,clean,none,0,1,amman:29,
amman_query_-L_vanPrT4RcWlLbzCqMKA,isotropic,none,0,1,amman:29,36.1773
amman_query_-L_vanPrT4RcWlLbzCqMKA,isotropic,isotropic,0,1,amman:29,42.2543
amman_query_-L_vanPrT4RcWlLbzCqMKA,isotropic,none,1,1,amman:29,36.1773
amman_query_-L_vanPrT4RcWlLbzCqMKA,isotropic,isotropic,1,1,amman:29,42.2351
amman_query_-L_vanPrT4RcWlLbzCqMKA,isotropic,none,2,1,amman:29,36.1773
amman_query_-L_vanPrT4RcWlLbzCqMKA,isotropic,isotropic,2,1,amman:29,42.2306
amman_query_-L_vanPrT4RcWlLbzCqMKA,direction,none,0,10,amman:29,36.1773
amman_query_-L_vanPrT4RcWlLbzCqMKA,direction,direction,0,2,amman:29,39.6185
amman_query_-L_vanPrT4RcWlLbzCqMKA,direction,none,1,23,amman:29,36.1773
amman_query_-L_vanPrT4RcWlLbzCqMKA,direction,direction,1,4,amman:29,39.5436
amman_query_-L_vanPrT4RcWlLbzCqMKA,direction,none,2,5,amman:29,36.1773
amman_query_-L_vanPrT4RcWlLbzCqMKA,direction,direction,2,8,amman:29,39.5693
amman_query_-L_vanPrT4RcWlLbzCqMKA,hardened,none,0,19,amman:29,36.1773
amman_query_-L_vanPrT4RcWlLbzCqMKA,hardened,hardened,0,5,amman:29,39.1753
amman_query_-L_vanPrT4RcWlLbzCqMKA,hardened,direction,0,6,amman:29,39.0980
amman_query_-L_vanPrT4RcWlLbzCqMKA,hardened,none,1,21,amman:29,36.1773
amman_query_-L_vanPrT4RcWlLbzCqMKA,hardened,hardened,1,5,amman:29,39.2105
amman_query_-L_vanPrT4RcWlLbzCqMKA,hardened,direction,1,6,amman:29,39.1078
amman_query_-L_vanPrT4RcWlLbzCqMKA,hardened,none,2,15,amman:29,36.1773
amman_query_-L_vanPrT4RcWlLbzCqMKA,hardened,hardened,2,3,amman:29,39.1738
amman_query_-L_vanPrT4RcWlLbzCqMKA,hardened,direction,2,3,amman:29,39.0830
amman_query_-MUBUlzvFxQS_zFg6xNhVg,clean,none,0,1,amman:6,
amman_query_-MUBUlzvFxQS_zFg6xNhVg,isotropic,none,0,15,amman:6,36.1773
amman_query_-MUBUlzvFxQS_zFg6xNhVg,isotropic,isotropic,0,1,amman:6,42.9227
amman_query_-MUBUlzvFxQS_zFg6xNhVg,isotropic,none,1,5,amman:6,36.1773
amman_query_-MUBUlzvFxQS_zFg6xNhVg,isotropic,isotropic,1,1,amman:6,42.9047
amman_query_-MUBUlzvFxQS_zFg6xNhVg,isotropic,none,2,32,amman:6,36.1773
amman_query_-MUBUlzvFxQS_zFg6xNhVg,isotropic,isotropic,2,1,amman:6,42.9111
amman_query_-MUBUlzvFxQS_zFg6xNhVg,direction,none,0,25,amman:6,36.1773
amman_query_-MUBUlzvFxQS_zFg6xNhVg,direction,direction,0,1,amman:6,40.2663
amman_query_-MUBUlzvFxQS_zFg6xNhVg,direction,none,1,9,amman:6,36.1773
amman_query_-MUBUlzvFxQS_zFg6xNhVg,direction,direction,1,3,amman:6,40.2172
amman_query_-MUBUlzvFxQS_zFg6xNhVg,direction,none,2,77,amman:6,36.1773
amman_query_-MUBUlzvFxQS_zFg6xNhVg,direction,direction,2,3,amman:6,40.2195
amman_query_-MUBUlzvFxQS_zFg6xNhVg,hardened,none,0,23,amman:6,36.1773
amman_query_-MUBUlzvFxQS_zFg6xNhVg,hardened,hardened,0,2,amman:6,39.7609
amman_query_-MUBUlzvFxQS_zFg6xNhVg,hardened,direction,0,3,amman:6,39.7159
amman_query_-MUBUlzvFxQS_zFg6xNhVg,hardened,none,1,11,amman:6,36.1773
amman_query_-MUBUlzvFxQS_zFg6xNhVg,hardened,hardened,1,3,amman:6,39.7059
amman_query_-MUBUlzvFxQS_zFg6xNhVg,hardened,direction,1,4,amman:6,39.6863
amman_query_-MUBUlzvFxQS_zFg6xNhVg,hardened,none,2,44,amman:6,36.1773
amman_query_-MUBUlzvFxQS_zFg6xNhVg,hardened,hardened,2,7,amman:6,39.7494
amman_query_-MUBUlzvFxQS_zFg6xNhVg,hardened,direction,2,6,amman:6,39.7195
amman_query_-N1g8CEJP4UIaWH8Qqja2g,clean,none,0,48,amman:26,
amman_query_-N1g8CEJP4UIaWH8Qqja2g,isotropic,none,0,14,amman:26,36.1773
amman_query_-N1g8CEJP4UIaWH8Qqja2g,isotropic,isotropic,0,28,amman:26,42.9172
amman_query_-N1g8CEJP4UIaWH8Qqja2g,isotropic,none,1,13,amman:26,36.1773
amman_query_-N1g8CEJP4UIaWH8Qqja2g,isotropic,isotropic,1,31,amman:26,42.9297
amman_query_-N1g8CEJP4UIaWH8Qqja2g,isotropic,none,2,13,amman:26,36.1773
amman_query_-N1g8CEJP4UIaWH8Qqja2g,isotropic,isotropic,2,29,amman:26,42.9316
amman_query_-N1g8CEJP4UIaWH8Qqja2g,direction,none,0,11,amman:26,36.1773
amman_query_-N1g8CEJP4UIaWH8Qqja2g,direction,direction,0,70,amman:26,40.1662
amman_query_-N1g8CEJP4UIaWH8Qqja2g,direction,none,1,1,amman:26,36.1773
amman_query_-N1g8CEJP4UIaWH8Qqja2g,direction,direction,1,32,amman:26,40.2306
amman_query_-N1g8CEJP4UIaWH8Qqja2g,direction,none,2,3,amman:26,36.1773
amman_query_-N1g8CEJP4UIaWH8Qqja2g,direction,direction,2,35,amman:26,40.2151
amman_query_-N1g8CEJP4UIaWH8Qqja2g,hardened,none,0,2,amman:26,36.1773
amman_query_-N1g8CEJP4UIaWH8Qqja2g,hardened,hardened,0,7,amman:26,39.5719
amman_query_-N1g8CEJP4UIaWH8Qqja2g,hardened,direction,0,6,amman:26,39.4945
amman_query_-N1g8CEJP4UIaWH8Qqja2g,hardened,none,1,14,amman:26,36.1773
amman_query_-N1g8CEJP4UIaWH8Qqja2g,hardened,hardened,1,13,amman:26,39.7230
amman_query_-N1g8CEJP4UIaWH8Qqja2g,hardened,direction,1,15,amman:26,39.6549
amman_query_-N1g8CEJP4UIaWH8Qqja2g,hardened,none,2,6,amman:26,36.1773
amman_query_-N1g8CEJP4UIaWH8Qqja2g,hardened,hardened,2,15,amman:26,39.7373
amman_query_-N1g8CEJP4UIaWH8Qqja2g,hardened,direction,2,14,amman:26,39.6829
amman_query_-VdxqGX8d8L_OiSEN5CtDw,clean,none,0,4,amman:0,
amman_query_-VdxqGX8d8L_OiSEN5CtDw,isotropic,none,0,15,amman:0,36.1773
amman_query_-VdxqGX8d8L_OiSEN5CtDw,isotropic,isotropic,0,7,amman:0,42.2270
amman_query_-VdxqGX8d8L_OiSEN5CtDw,isotropic,none,1,2,amman:0,36.1773
amman_query_-VdxqGX8d8L_OiSEN5CtDw,isotropic,isotropic,1,2,amman:0,42.1554
amman_query_-VdxqGX8d8L_OiSEN5CtDw,isotropic,none,2,14,amman:0,36.1773
amman_query_-VdxqGX8d8L_OiSEN5CtDw,isotropic,isotropic,2,4,amman:0,42.1463
amman_query_-VdxqGX8d8L_OiSEN5CtDw,direction,none,0,45,amman:0,36.1773
amman_query_-VdxqGX8d8L_OiSEN5CtDw,direction,direction,0,14,amman:0,39.4453
amman_query_-VdxqGX8d8L_OiSEN5CtDw,direction,none,1,26,amman:0,36.1773
amman_query_-VdxqGX8d8L_OiSEN5CtDw,direction,direction,1,17,amman:0,39.4002
amman_query_-VdxqGX8d8L_OiSEN5CtDw,direction,none,2,5,amman:0,36.1773
amman_query_-VdxqGX8d8L_OiSEN5CtDw,direction,direction,2,4,amman:0,39.4046
amman_query_-VdxqGX8d8L_OiSEN5CtDw,hardened,none,0,46,amman:0,36.1773
amman_query_-VdxqGX8d8L_OiSEN5CtDw,hardened,hardened,0,56,amman:0,39.0801
amman_query_-VdxqGX8d8L_OiSEN5CtDw,hardened,direction,0,16,amman:0,39.0062
amman_query_-VdxqGX8d8L_OiSEN5CtDw,hardened,none,1,41,amman:0,36.1773
amman_query_-VdxqGX8d8L_OiSEN5CtDw,hardened,hardened,1,54,amman:0,39.0878
amman_query_-VdxqGX8d8L_OiSEN5CtDw,hardened,direction,1,25,amman:0,39.0291
amman_query_-VdxqGX8d8L_OiSEN5CtDw,hardened,none,2,41,amman:0,36.1773
amman_query_-VdxqGX8d8L_OiSEN5CtDw,hardened,hardened,2,12,amman:0,39.1092
amman_query_-VdxqGX8d8L_OiSEN5CtDw,hardened,direction,2,12,amman:0,39.0487
amman_query_-XWB_1fOm8NW5dQx9p5IKg,clean,none,0,57,amman:35,
amman_query_-XWB_1fOm8NW5dQx9p5IKg,isotropic,none,0,49,amman:35,36.1773
amman_query_-XWB_1fOm8NW5dQx9p5IKg,isotropic,isotropic,0,38,amman:35,42.1626
amman_query_-XWB_1fOm8NW5dQx9p5IKg,isotropic,none,1,36,amman:35,36.1773
amman_query_-XWB_1fOm8NW5dQx9p5IKg,isotropic,isotropic,1,30,amman:35,42.1998
amman_query_-XWB_1fOm8NW5dQx9p5IKg,isotropic,none,2,31,amman:35,36.1773
amman_query_-XWB_1fOm8NW5dQx9p5IKg,isotropic,isotropic,2,44,amman:35,42.2172
amman_query_-XWB_1fOm8NW5dQx9p5IKg,direction,none,0,25,amman:35,36.1773
amman_query_-XWB_1fOm8NW5dQx9p5IKg,direction,direction,0,9,amman:35,39.4220
amman_query_-XWB_1fOm8NW5dQx9p5IKg,direction,none,1,22,amman:35,36.1773
amman_query_-XWB_1fOm8NW5dQx9p5IKg,direction,direction,1,20,amman:35,39.3570
amman_query_-XWB_1fOm8NW5dQx9p5IKg,direction,none,2,108,amman:35,36.1773
amman_query_-XWB_1fOm8NW5dQx9p5IKg,direction,direction,2,46,amman:35,39.3365
amman_query_-XWB_1fOm8NW5dQx9p5IKg,hardened,none,0,86,amman:35,36.1773
amman_query_-XWB_1fOm8NW5dQx9p5IKg,hardened,hardened,0,30,amman:35,39.0884
amman_query_-XWB_1fOm8NW5dQx9p5IKg,hardened,direction,0,16,amman:35,39.0300
amman_query_-XWB_1fOm8NW5dQx9p5IKg,hardened,none,1,33,amman:35,36.1773
amman_query_-XWB_1fOm8NW5dQx9p5IKg,hardened,hardened,1,24,amman:35,39.0369
amman_query_-XWB_1fOm8NW5dQx9p5IKg,hardened,direction,1,19,amman:35,38.9714
amman_query_-XWB_1fOm8NW5dQx9p5IKg,hardened,none,2,86,amman:35,36.1773
amman_query_-XWB_1fOm8NW5dQx9p5IKg,hardened,hardened,2,48,amman:35,39.0983
amman_query_-XWB_1fOm8NW5dQx9p5IKg,hardened,direction,2,30,amman:35,39.0492
amman_query_-iXxlTRmA5JphamcIjxBbA,clean,none,0,1,amman:11,
amman_query_-iXxlTRmA5JphamcIjxBbA,isotropic,none,0,1,amman:11,36.1773
amman_query_-iXxlTRmA5JphamcIjxBbA,isotropic,isotropic,0,1,amman:11,43.3043
amman_query_-iXxlTRmA5JphamcIjxBbA,isotropic,none,1,1,amman:11,36.1773
amman_query_-iXxlTRmA5JphamcIjxBbA,isotropic,isotropic,1,1,amman:11,43.2769
amman_query_-iXxlTRmA5JphamcIjxBbA,isotropic,none,2,1,amman:11,36.1773
amman_query_-iXxlTRmA5JphamcIjxBbA,isotropic,isotropic,2,1,amman:11,43.2995
amman_query_-iXxlTRmA5JphamcIjxBbA,direction,none,0,1,amman:11,36.1773
amman_query_-iXxlTRmA5JphamcIjxBbA,direction,direction,0,1,amman:11,40.5967
amman_query_-iXxlTRmA5JphamcIjxBbA,direction,none,1,1,amman:11,36.1773
amman_query_-iXxlTRmA5JphamcIjxBbA,direction,direction,1,1,amman:11,40.5637
amman_query_-iXxlTRmA5JphamcIjxBbA,direction,none,2,1,amman:11,36.1773
amman_query_-iXxlTRmA5JphamcIjxBbA,direction,direction,2,1,amman:11,40.6031
amman_query_-iXxlTRmA5JphamcIjxBbA,hardened,none,0,1,amman:11,36.1773
amman_query_-iXxlTRmA5JphamcIjxBbA,hardened,hardened,0,1,amman:11,40.1218
amman_query_-iXxlTRmA5JphamcIjxBbA,hardened,direction,0,1,amman:11,40.0580
amman_query_-iXxlTRmA5JphamcIjxBbA,hardened,none,1,1,amman:11,36.1773
amman_query_-iXxlTRmA5JphamcIjxBbA,hardened,hardened,1,1,amman:11,40.1254
amman_query_-iXxlTRmA5JphamcIjxBbA,hardened,direction,1,1,amman:11,40.0590
amman_query_-iXxlTRmA5JphamcIjxBbA,hardened,none,2,1,amman:11,36.1773
amman_query_-iXxlTRmA5JphamcIjxBbA,hardened,hardened,2,1,amman:11,40.1747
amman_query_-iXxlTRmA5JphamcIjxBbA,hardened,direction,2,1,amman:11,40.1089
amman_query_-qij8CFaEYNp4JW3rF9oqQ,clean,none,0,2,amman:32,
amman_query_-qij8CFaEYNp4JW3rF9oqQ,isotropic,none,0,2,amman:32,36.1773
amman_query_-qij8CFaEYNp4JW3rF9oqQ,isotropic,isotropic,0,1,amman:32,43.2633
amman_query_-qij8CFaEYNp4JW3rF9oqQ,isotropic,none,1,1,amman:32,36.1773
amman_query_-qij8CFaEYNp4JW3rF9oqQ,isotropic,isotropic,1,1,amman:32,43.2306
amman_query_-qij8CFaEYNp4JW3rF9oqQ,isotropic,none,2,1,amman:32,36.1773
amman_query_-qij8CFaEYNp4JW3rF9oqQ,isotropic,isotropic,2,1,amman:32,43.2240
amman_query_-qij8CFaEYNp4JW3rF9oqQ,direction,none,0,1,amman:32,36.1773
amman_query_-qij8CFaEYNp4JW3rF9oqQ,direction,direction,0,1,amman:32,40.2942
amman_query_-qij8CFaEYNp4JW3rF9oqQ,direction,none,1,1,amman:32,36.1773
amman_query_-qij8CFaEYNp4JW3rF9oqQ,direction,direction,1,1,amman:32,40.3535
amman_query_-qij8CFaEYNp4JW3rF9oqQ,direction,none,2,1,amman:32,36.1773
amman_query_-qij8CFaEYNp4JW3rF9oqQ,direction,direction,2,1,amman:32,40.3356
amman_query_-qij8CFaEYNp4JW3rF9oqQ,hardened,none,0,1,amman:32,36.1773
amman_query_-qij8CFaEYNp4JW3rF9oqQ,hardened,hardened,0,1,amman:32,39.7826
amman_query_-qij8CFaEYNp4JW3rF9oqQ,hardened,direction,0,1,amman:32,39.8374
amman_query_-qij8CFaEYNp4JW3rF9oqQ,hardened,none,1,1,amman:32,36.1773
amman_query_-qij8CFaEYNp4JW3rF9oqQ,hardened,hardened,1,1,amman:32,39.8132
amman_query_-qij8CFaEYNp4JW3rF9oqQ,hardened,direction,1,1,amman:32,39.8967
amman_query_-qij8CFaEYNp4JW3rF9oqQ,hardened,none,2,1,amman:32,36.1773
amman_query_-qij8CFaEYNp4JW3rF9oqQ,hardened,hardened,2,1,amman:32,39.8657
amman_query_-qij8CFaEYNp4JW3rF9oqQ,hardened,direction,2,1,amman:32,39.9173
amman_query_-t_-moqpBTWSiKU7mS-lgQ,clean,none,0,7,amman:23,
amman_query_-t_-moqpBTWSiKU7mS-lgQ,isotropic,none,0,6,amman:23,36.1773
amman_query_-t_-moqpBTWSiKU7mS-lgQ,isotropic,isotropic,0,6,amman:23,44.6563
amman_query_-t_-moqpBTWSiKU7mS-lgQ,isotropic,none,1,16,amman:23,36.1773
amman_query_-t_-moqpBTWSiKU7mS-lgQ,isotropic,isotropic,1,7,amman:23,44.5915
amman_query_-t_-moqpBTWSiKU7mS-lgQ,isotropic,none,2,24,amman:23,36.1773
amman_query_-t_-moqpBTWSiKU7mS-lgQ,isotropic,isotropic,2,6,amman:23,44.6168
amman_query_-t_-moqpBTWSiKU7mS-lgQ,direction,none,0,63,amman:23,36.1773
amman_query_-t_-moqpBTWSiKU7mS-lgQ,direction,direction,0,19,amman:23,41.6699
amman_query_-t_-moqpBTWSiKU7mS-lgQ,direction,none,1,67,amman:23,36.1773
amman_query_-t_-moqpBTWSiKU7mS-lgQ,direction,direction,1,5,amman:23,41.7620
amman_query_-t_-moqpBTWSiKU7mS-lgQ,direction,none,2,28,amman:23,36.1773
amman_query_-t_-moqpBTWSiKU7mS-lgQ,direction,direction,2,19,amman:23,41.6343
amman_query_-t_-moqpBTWSiKU7mS-lgQ,hardened,none,0,338,amman:23,36.1773
amman_query_-t_-moqpBTWSiKU7mS-lgQ,hardened,hardened,0,27,amman:23,40.7062
amman_query_-t_-moqpBTWSiKU7mS-lgQ,hardened,direction,0,24,amman:23,40.8903
amman_query_-t_-moqpBTWSiKU7mS-lgQ,hardened,none,1,23,amman:23,36.1773
amman_query_-t_-moqpBTWSiKU7mS-lgQ,hardened,hardened,1,10,amman:23,40.8731
amman_query_-t_-moqpBTWSiKU7mS-lgQ,hardened,direction,1,13,amman:23,41.0155
amman_query_-t_-moqpBTWSiKU7mS-lgQ,hardened,none,2,207,amman:23,36.1773
amman_query_-t_-moqpBTWSiKU7mS-lgQ,hardened,hardened,2,13,amman:23,40.7975
amman_query_-t_-moqpBTWSiKU7mS-lgQ,hardened,direction,2,16,amman:23,40.9842
amman_query_0-2jyV8XAzdAOYMkdyQVLw,clean,none,0,23,amman:6,
amman_query_0-2jyV8XAzdAOYMkdyQVLw,isotropic,none,0,430,amman:6,36.1773
amman_query_0-2jyV8XAzdAOYMkdyQVLw,isotropic,isotropic,0,45,amman:6,43.6947
amman_query_0-2jyV8XAzdAOYMkdyQVLw,isotropic,none,1,190,amman:6,36.1773
amman_query_0-2jyV8XAzdAOYMkdyQVLw,isotropic,isotropic,1,44,amman:6,43.7038
amman_query_0-2jyV8XAzdAOYMkdyQVLw,isotropic,none,2,147,amman:6,36.1773
amman_query_0-2jyV8XAzdAOYMkdyQVLw,isotropic,isotropic,2,30,amman:6,43.6893
amman_query_0-2jyV8XAzdAOYMkdyQVLw,direction,none,0,168,amman:6,36.1773
amman_query_0-2jyV8XAzdAOYMkdyQVLw,direction,direction,0,10,amman:6,41.0179
amman_query_0-2jyV8XAzdAOYMkdyQVLw,direction,none,1,20,amman:6,36.1773
amman_query_0-2jyV8XAzdAOYMkdyQVLw,direction,direction,1,2,amman:6,41.0004
amman_query_0-2jyV8XAzdAOYMkdyQVLw,direction,none,2,166,amman:6,36.1773
amman_query_0-2jyV8XAzdAOYMkdyQVLw,direction,direction,2,17,amman:6,41.0163
amman_query_0-2jyV8XAzdAOYMkdyQVLw,hardened,none,0,61,amman:6,36.1773
amman_query_0-2jyV8XAzdAOYMkdyQVLw,hardened,hardened,0,18,amman:6,40.4385
amman_query_0-2jyV8XAzdAOYMkdyQVLw,hardened,direction,0,31,amman:6,40.3273
amman_query_0-2jyV8XAzdAOYMkdyQVLw,hardened,none,1,178,amman:6,36.1773
amman_query_0-2jyV8XAzdAOYMkdyQVLw,hardened,hardened,1,17,amman:6,40.4369
amman_query_0-2jyV8XAzdAOYMkdyQVLw,hardened,direction,1,19,amman:6,40.3119
amman_query_0-2jyV8XAzdAOYMkdyQVLw,hardened,none,2,180,amman:6,36.1773
amman_query_0-2jyV8XAzdAOYMkdyQVLw,hardened,hardened,2,7,amman:6,40.4692
amman_query_0-2jyV8XAzdAOYMkdyQVLw,hardened,direction,2,23,amman:6,40.4041
amman_query_051WRvR5gI1vde606oseFw,clean,none,0,4,amman:23,
amman_query_051WRvR5gI1vde606oseFw,isotropic,none,0,1,amman:23,36.1773
amman_query_051WRvR5gI1vde606oseFw,isotropic,isotropic,0,2,amman:23,44.3595
amman_query_051WRvR5gI1vde606oseFw,isotropic,none,1,1,amman:23,36.1773
amman_query_051WRvR5gI1vde606oseFw,isotropic,isotropic,1,2,amman:23,44.3857
amman_query_051WRvR5gI1vde606oseFw,isotropic,none,2,2,amman:23,36.1773
amman_query_051WRvR5gI1vde606oseFw,isotropic,isotropic,2,2,amman:23,44.3620
amman_query_051WRvR5gI1vde606oseFw,direction,none,0,9,amman:23,36.1773
amman_query_051WRvR5gI1vde606oseFw,direction,direction,0,1,amman:23,41.3769
amman_query_051WRvR5gI1vde606oseFw,direction,none,1,3,amman:23,36.1773
amman_query_051WRvR5gI1vde606oseFw,direction,direction,1,1,amman:23,41.4455
amman_query_051WRvR5gI1vde606oseFw,direction,none,2,57,amman:23,36.1773
amman_query_051WRvR5gI1vde606oseFw,direction,direction,2,2,amman:23,41.3073
amman_query_051WRvR5gI1vde606oseFw,hardened,none,0,4,amman:23,36.1773
amman_query_051WRvR5gI1vde606oseFw,hardened,hardened,0,3,amman:23,40.7040
amman_query_051WRvR5gI1vde606oseFw,hardened,direction,0,2,amman:23,40.8236
amman_query_051WRvR5gI1vde606oseFw,hardened,none,1,3,amman:23,36.1773
amman_query_051WRvR5gI1vde606oseFw,hardened,hardened,1,4,amman:23,40.6455
amman_query_051WRvR5gI1vde606oseFw,hardened,direction,1,5,amman:23,40.7542
amman_query_051WRvR5gI1vde606oseFw,hardened,none,2,1,amman:23,36.1773
amman_query_051WRvR5gI1vde606oseFw,hardened,hardened,2,6,amman:23,40.6993
amman_query_051WRvR5gI1vde606oseFw,hardened,direction,2,2,amman:23,40.7753
amman_query_0CjrhmzpvqXBOIBsGB6LcQ,clean,none,0,1,amman:21,
amman_query_0CjrhmzpvqXBOIBsGB6LcQ,isotropic,none,0,1,amman:21,36.1773
amman_query_0CjrhmzpvqXBOIBsGB6LcQ,isotropic,isotropic,0,1,amman:21,43.3525
amman_query_0CjrhmzpvqXBOIBsGB6LcQ,isotropic,none,1,1,amman:21,36.1773
amman_query_0CjrhmzpvqXBOIBsGB6LcQ,isotropic,isotropic,1,1,amman:21,43.2761
amman_query_0CjrhmzpvqXBOIBsGB6LcQ,isotropic,none,2,1,amman:21,36.1773
amman_query_0CjrhmzpvqXBOIBsGB6LcQ,isotropic,isotropic,2,1,amman:21,43.2600
amman_query_0CjrhmzpvqXBOIBsGB6LcQ,direction,none,0,1,amman:21,36.1773
amman_query_0CjrhmzpvqXBOIBsGB6LcQ,direction,direction,0,1,amman:21,41.4474
amman_query_0CjrhmzpvqXBOIBsGB6LcQ,direction,none,1,2,amman:21,36.1773
amman_query_0CjrhmzpvqXBOIBsGB6LcQ,direction,direction,1,1,amman:21,41.4862
amman_query_0CjrhmzpvqXBOIBsGB6LcQ,direction,none,2,2,amman:21,36.1773
amman_query_0CjrhmzpvqXBOIBsGB6LcQ,direction,direction,2,1,amman:21,41.4525
amman_query_0CjrhmzpvqXBOIBsGB6LcQ,hardened,none,0,2,amman:21,36.1773
amman_query_0CjrhmzpvqXBOIBsGB6LcQ,hardened,hardened,0,1,amman:21,40.8065
amman_query_0CjrhmzpvqXBOIBsGB6LcQ,hardened,direction,0,1,amman:21,40.5276
amman_query_0CjrhmzpvqXBOIBsGB6LcQ,hardened,none,1,1,amman:21,36.1773
amman_query_0CjrhmzpvqXBOIBsGB6LcQ,hardened,hardened,1,1,amman:21,40.8059
amman_query_0CjrhmzpvqXBOIBsGB6LcQ,hardened,direction,1,1,amman:21,40.5418
amman_query_0CjrhmzpvqXBOIBsGB6LcQ,hardened,none,2,1,amman:21,36.1773
amman_query_0CjrhmzpvqXBOIBsGB6LcQ,hardened,hardened,2,1,amman:21,40.8659
amman_query_0CjrhmzpvqXBOIBsGB6LcQ,hardened,direction,2,1,amman:21,40.5903
amman_query_0IvHKlYEfFEP39KRxr9UZg,clean,none,0,1,amman:22,
amman_query_0IvHKlYEfFEP39KRxr9UZg,isotropic,none,0,1,amman:22,36.1773
amman_query_0IvHKlYEfFEP39KRxr9UZg,isotropic,isotropic,0,1,amman:22,42.8338
amman_query_0IvHKlYEfFEP39KRxr9UZg,isotropic,none,1,1,amman:22,36.1773
amman_query_0IvHKlYEfFEP39KRxr9UZg,isotropic,isotropic,1,1,amman:22,42.8926
amman_query_0IvHKlYEfFEP39KRxr9UZg,isotropic,none,2,1,amman:22,36.1773
amman_query_0IvHKlYEfFEP39KRxr9UZg,isotropic,isotropic,2,1,amman:22,42.8641
amman_query_0IvHKlYEfFEP39KRxr9UZg,direction,none,0,1,amman:22,36.1773
amman_query_0IvHKlYEfFEP39KRxr9UZg,direction,direction,0,1,amman:22,40.1972
amman_query_0IvHKlYEfFEP39KRxr9UZg,direction,none,1,1,amman:22,36.1773
amman_query_0IvHKlYEfFEP39KRxr9UZg,direction,direction,1,1,amman:22,40.1467
amman_query_0IvHKlYEfFEP39KRxr9UZg,direction,none,2,1,amman:22,36.1773
amman_query_0IvHKlYEfFEP39KRxr9UZg,direction,direction,2,1,amman:22,40.1813
amman_query_0IvHKlYEfFEP39KRxr9UZg,hardened,none,0,1,amman:22,36.1773
amman_query_0IvHKlYEfFEP39KRxr9UZg,hardened,hardened,0,1,amman:22,39.9165
amman_query_0IvHKlYEfFEP39KRxr9UZg,hardened,direction,0,1,amman:22,39.7855
amman_query_0IvHKlYEfFEP39KRxr9UZg,hardened,none,1,1,amman:22,36.1773
amman_query_0IvHKlYEfFEP39KRxr9UZg,hardened,hardened,1,1,amman:22,39.9097
amman_query_0IvHKlYEfFEP39KRxr9UZg,hardened,direction,1,1,amman:22,39.7578
amman_query_0IvHKlYEfFEP39KRxr9UZg,hardened,none,2,1,amman:22,36.1773
amman_query_0IvHKlYEfFEP39KRxr9UZg,hardened,hardened,2,1,amman:22,39.8614
amman_query_0IvHKlYEfFEP39KRxr9UZg,hardened,direction,2,1,amman:22,39.7309
amman_query_0NfGsYmI9MkLl0JzfO-tJg,clean,none,0,694,amman:37,
amman_query_0NfGsYmI9MkLl0JzfO-tJg,isotropic,none,0,672,amman:37,36.1773
amman_query_0NfGsYmI9MkLl0JzfO-tJg,isotropic,isotropic,0,250,amman:37,43.3266
amman_query_0NfGsYmI9MkLl0JzfO-tJg,isotropic,none,1,594,amman:37,36.1773
amman_query_0NfGsYmI9MkLl0JzfO-tJg,isotropic,isotropic,1,487,amman:37,43.3158
amman_query_0NfGsYmI9MkLl0JzfO-tJg,isotropic,none,2,646,amman:37,36.1773
amman_query_0NfGsYmI9MkLl0JzfO-tJg,isotropic,isotropic,2,374,amman:37,43.3125
amman_query_0NfGsYmI9MkLl0JzfO-tJg,direction,none,0,1282,amman:37,36.1773
amman_query_0NfGsYmI9MkLl0JzfO-tJg,direction,direction,0,146,amman:37,40.5772
amman_query_0NfGsYmI9MkLl0JzfO-tJg,direction,none,1,935,amman:37,36.1773
amman_query_0NfGsYmI9MkLl0JzfO-tJg,direction,direction,1,182,amman:37,40.6388
amman_query_0NfGsYmI9MkLl0JzfO-tJg,direction,none,2,503,amman:37,36.1773
amman_query_0NfGsYmI9MkLl0JzfO-tJg,direction,direction,2,104,amman:37,40.6383
amman_query_0NfGsYmI9MkLl0JzfO-tJg,hardened,none,0,95,amman:37,36.1773
amman_query_0NfGsYmI9MkLl0JzfO-tJg,hardened,hardened,0,126,amman:37,40.1239
amman_query_0NfGsYmI9MkLl0JzfO-tJg,hardened,direction,0,97,amman:37,40.0918
amman_query_0NfGsYmI9MkLl0JzfO-tJg,hardened,none,1,718,amman:37,36.1773
amman_query_0NfGsYmI9MkLl0JzfO-tJg,hardened,hardened,1,564,amman:37,40.1697
amman_query_0NfGsYmI9MkLl0JzfO-tJg,hardened,direction,1,649,amman:37,40.1311
amman_query_0NfGsYmI9MkLl0JzfO-tJg,hardened,none,2,211,amman:37,36.1773
amman_query_0NfGsYmI9MkLl0JzfO-tJg,hardened,hardened,2,75,amman:37,40.1733
amman_query_0NfGsYmI9MkLl0JzfO-tJg,hardened,direction,2,106,amman:37,40.1311
amman_query_0PLHged3iWJuuv8xOPB5rA,clean,none,0,91,amman:29,
amman_query_0PLHged3iWJuuv8xOPB5rA,isotropic,none,0,97,amman:29,36.1773
amman_query_0PLHged3iWJuuv8xOPB5rA,isotropic,isotropic,0,86,amman:29,43.4833
amman_query_0PLHged3iWJuuv8xOPB5rA,isotropic,none,1,59,amman:29,36.1773
amman_query_0PLHged3iWJuuv8xOPB5rA,isotropic,isotropic,1,144,amman:29,43.5078
amman_query_0PLHged3iWJuuv8xOPB5rA,isotropic,none,2,38,amman:29,36.1773
amman_query_0PLHged3iWJuuv8xOPB5rA,isotropic,isotropic,2,84,amman:29,43.4488
amman_query_0PLHged3iWJuuv8xOPB5rA,direction,none,0,17,amman:29,36.1773
amman_query_0PLHged3iWJuuv8xOPB5rA,direction,direction,0,39,amman:29,40.6612
amman_query_0PLHged3iWJuuv8xOPB5rA,direction,none,1,121,amman:29,36.1773
amman_query_0PLHged3iWJuuv8xOPB5rA,direction,direction,1,23,amman:29,40.6316
amman_query_0PLHged3iWJuuv8xOPB5rA,direction,none,2,15,amman:29,36.1773
amman_query_0PLHged3iWJuuv8xOPB5rA,direction,direction,2,40,amman:29,40.7673
amman_query_0PLHged3iWJuuv8xOPB5rA,hardened,none,0,72,amman:29,36.1773
amman_query_0PLHged3iWJuuv8xOPB5rA,hardened,hardened,0,104,amman:29,39.9599
amman_query_0PLHged3iWJuuv8xOPB5rA,hardened,direction,0,103,amman:29,39.8577
amman_query_0PLHged3iWJuuv8xOPB5rA,hardened,none,1,104,amman:29,36.1773
amman_query_0PLHged3iWJuuv8xOPB5rA,hardened,hardened,1,136,amman:29,39.9467
amman_query_0PLHged3iWJuuv8xOPB5rA,hardened,direction,1,120,amman:29,39.8533
amman_query_0PLHged3iWJuuv8xOPB5rA,hardened,none,2,58,amman:29,36.1773
amman_query_0PLHged3iWJuuv8xOPB5rA,hardened,hardened,2,158,amman:29,40.0304
amman_query_0PLHged3iWJuuv8xOPB5rA,hardened,direction,2,131,amman:29,39.9357
amman_query_0R0A_PhOAjP-uMDPM7p7mA,clean,none,0,1,amman:29,
amman_query_0R0A_PhOAjP-uMDPM7p7mA,isotropic,none,0,1,amman:29,36.1773
amman_query_0R0A_PhOAjP-uMDPM7p7mA,isotropic,isotropic,0,1,amman:29,42.6979
amman_query_0R0A_PhOAjP-uMDPM7p7mA,isotropic,none,1,1,amman:29,36.1773
amman_query_0R0A_PhOAjP-uMDPM7p7mA,isotropic,isotropic,1,1,amman:29,42.6913
amman_query_0R0A_PhOAjP-uMDPM7p7mA,isotropic,none,2,1,amman:29,36.1773
amman_query_0R0A_PhOAjP-uMDPM7p7mA,isotropic,isotropic,2,1,amman:29,42.6727
amman_query_0R0A_PhOAjP-uMDPM7p7mA,direction,none,0,1,amman:29,36.1773
amman_query_0R0A_PhOAjP-uMDPM7p7mA,direction,direction,0,1,amman:29,39.9951
amman_query_0R0A_PhOAjP-uMDPM7p7mA,direction,none,1,1,amman:29,36.1773
amman_query_0R0A_PhOAjP-uMDPM7p7mA,direction,direction,1,1,amman:29,40.0541
amman_query_0R0A_PhOAjP-uMDPM7p7mA,direction,none,2,1,amman:29,36.1773
amman_query_0R0A_PhOAjP-uMDPM7p7mA,direction,direction,2,1,amman:29,40.0074
amman_query_0R0A_PhOAjP-uMDPM7p7mA,hardened,none,0,4,amman:29,36.1773
amman_query_0R0A_PhOAjP-uMDPM7p7mA,hardened,hardened,0,2,amman:29,39.5724
amman_query_0R0A_PhOAjP-uMDPM7p7mA,hardened,direction,0,2,amman:29,39.5269
amman_query_0R0A_PhOAjP-uMDPM7p7mA,hardened,none,1,2,amman:29,36.1773
amman_query_0R0A_PhOAjP-uMDPM7p7mA,hardened,hardened,1,1,amman:29,39.5512
amman_query_0R0A_PhOAjP-uMDPM7p7mA,hardened,direction,1,1,amman:29,39.4959
amman_query_0R0A_PhOAjP-uMDPM7p7mA,hardened,none,2,1,amman:29,36.1773
amman_query_0R0A_PhOAjP-uMDPM7p7mA,hardened,hardened,2,1,amman:29,39.5103
amman_query_0R0A_PhOAjP-uMDPM7p7mA,hardened,direction,2,1,amman:29,39.4544
amman_query_0RRGZCCzxqj8dJzhN-RnQQ,clean,none,0,17,amman:6,
amman_query_0RRGZCCzxqj8dJzhN-RnQQ,isotropic,none,0,21,amman:6,36.1773
amman_query_0RRGZCCzxqj8dJzhN-RnQQ,isotropic,isotropic,0,7,amman:6,42.1793
amman_query_0RRGZCCzxqj8dJzhN-RnQQ,isotropic,none,1,22,amman:6,36.1773
amman_query_0RRGZCCzxqj8dJzhN-RnQQ,isotropic,isotropic,1,9,amman:6,42.2027
amman_query_0RRGZCCzxqj8dJzhN-RnQQ,isotropic,none,2,23,amman:6,36.1773
amman_query_0RRGZCCzxqj8dJzhN-RnQQ,isotropic,isotropic,2,10,amman:6,42.1919
amman_query_0RRGZCCzxqj8dJzhN-RnQQ,direction,none,0,31,amman:6,36.1773
amman_query_0RRGZCCzxqj8dJzhN-RnQQ,direction,direction,0,9,amman:6,39.6474
amman_query_0RRGZCCzxqj8dJzhN-RnQQ,direction,none,1,66,amman:6,36.1773
amman_query_0RRGZCCzxqj8dJzhN-RnQQ,direction,direction,1,18,amman:6,39.6162
amman_query_0RRGZCCzxqj8dJzhN-RnQQ,direction,none,2,94,amman:6,36.1773
amman_query_0RRGZCCzxqj8dJzhN-RnQQ,direction,direction,2,2,amman:6,39.6002
amman_query_0RRGZCCzxqj8dJzhN-RnQQ,hardened,none,0,253,amman:6,36.1773
amman_query_0RRGZCCzxqj8dJzhN-RnQQ,hardened,hardened,0,9,amman:6,39.1170
amman_query_0RRGZCCzxqj8dJzhN-RnQQ,hardened,direction,0,12,amman:6,39.0480
amman_query_0RRGZCCzxqj8dJzhN-RnQQ,hardened,none,1,534,amman:6,36.1773
amman_query_0RRGZCCzxqj8dJzhN-RnQQ,hardened,hardened,1,29,amman:6,39.1178
amman_query_0RRGZCCzxqj8dJzhN-RnQQ,hardened,direction,1,27,amman:6,39.0539
amman_query_0RRGZCCzxqj8dJzhN-RnQQ,hardened,none,2,221,amman:6,36.1773
amman_query_0RRGZCCzxqj8dJzhN-RnQQ,hardened,hardened,2,42,amman:6,39.1838
amman_query_0RRGZCCzxqj8dJzhN-RnQQ,hardened,direction,2,12,amman:6,39.1059
amman_query_0fPb7in-cHyh0MAM_N6Zwg,clean,none,0,1,amman:13,
amman_query_0fPb7in-cHyh0MAM_N6Zwg,isotropic,none,0,1,amman:13,36.1773
amman_query_0fPb7in-cHyh0MAM_N6Zwg,isotropic,isotropic,0,1,amman:13,42.6763
amman_query_0fPb7in-cHyh0MAM_N6Zwg,isotropic,none,1,1,amman:13,36.1773
amman_query_0fPb7in-cHyh0MAM_N6Zwg,isotropic,isotropic,1,1,amman:13,42.6576
amman_query_0fPb7in-cHyh0MAM_N6Zwg,isotropic,none,2,1,amman:13,36.1773
amman_query_0fPb7in-cHyh0MAM_N6Zwg,isotropic,isotropic,2,1,amman:13,42.6345
amman_query_0fPb7in-cHyh0MAM_N6Zwg,direction,none,0,1,amman:13,36.1773
amman_query_0fPb7in-cHyh0MAM_N6Zwg,direction,direction,0,1,amman:13,39.8711
amman_query_0fPb7in-cHyh0MAM_N6Zwg,direction,none,1,1,amman:13,36.1773
amman_query_0fPb7in-cHyh0MAM_N6Zwg,direction,direction,1,1,amman:13,39.8295
amman_query_0fPb7in-cHyh0MAM_N6Zwg,direction,none,2,1,amman:13,36.1773
amman_query_0fPb7in-cHyh0MAM_N6Zwg,direction,direction,2,1,amman:13,39.8038
amman_query_0fPb7in-cHyh0MAM_N6Zwg,hardened,none,0,1,amman:13,36.1773
amman_query_0fPb7in-cHyh0MAM_N6Zwg,hardened,hardened,0,1,amman:13,39.6232
amman_query_0fPb7in-cHyh0MAM_N6Zwg,hardened,direction,0,1,amman:13,39.4352
amman_query_0fPb7in-cHyh0MAM_N6Zwg,hardened,none,1,1,amman:13,36.1773
amman_query_0fPb7in-cHyh0MAM_N6Zwg,hardened,hardened,1,1,amman:13,39.5374
amman_query_0fPb7in-cHyh0MAM_N6Zwg,hardened,direction,1,1,amman:13,39.3603
amman_query_0fPb7in-cHyh0MAM_N6Zwg,hardened,none,2,1,amman:13,36.1773
amman_query_0fPb7in-cHyh0MAM_N6Zwg,hardened,hardened,2,1,amman:13,39.5525
amman_query_0fPb7in-cHyh0MAM_N6Zwg,hardened,direction,2,1,amman:13,39.3755
amman_query_0mtodUgJmOV4UK-0AiTGHg,clean,none,0,1,amman:26,
amman_query_0mtodUgJmOV4UK-0AiTGHg,isotropic,none,0,1,amman:26,36.1773
amman_query_0mtodUgJmOV4UK-0AiTGHg,isotropic,isotropic,0,1,amman:26,41.9321
amman_query_0mtodUgJmOV4UK-0AiTGHg,isotropic,none,1,1,amman:26,36.1773
amman_query_0mtodUgJmOV4UK-0AiTGHg,isotropic,isotropic,1,1,amman:26,41.9469
amman_query_0mtodUgJmOV4UK-0AiTGHg,isotropic,none,2,1,amman:26,36.1773
amman_query_0mtodUgJmOV4UK-0AiTGHg,isotropic,isotropic,2,1,amman:26,41.9333
amman_query_0mtodUgJmOV4UK-0AiTGHg,direction,none,0,2,amman:26,36.1773
amman_query_0mtodUgJmOV4UK-0AiTGHg,direction,direction,0,2,amman:26,39.0892
amman_query_0mtodUgJmOV4UK-0AiTGHg,direction,none,1,5,amman:26,36.1773
amman_query_0mtodUgJmOV4UK-0AiTGHg,direction,direction,1,2,amman:26,39.0699
amman_query_0mtodUgJmOV4UK-0AiTGHg,direction,none,2,2,amman:26,36.1773
amman_query_0mtodUgJmOV4UK-0AiTGHg,direction,direction,2,2,amman:26,39.0824
amman_query_0mtodUgJmOV4UK-0AiTGHg,hardened,none,0,6,amman:26,36.1773
amman_query_0mtodUgJmOV4UK-0AiTGHg,hardened,hardened,0,1,amman:26,38.5568
amman_query_0mtodUgJmOV4UK-0AiTGHg,hardened,direction,0,2,amman:26,38.5411
amman_query_0mtodUgJmOV4UK-0AiTGHg,hardened,none,1,3,amman:26,36.1773
amman_query_0mtodUgJmOV4UK-0AiTGHg,hardened,hardened,1,1,amman:26,38.6124
amman_query_0mtodUgJmOV4UK-0AiTGHg,hardened,direction,1,1,amman:26,38.6321
amman_query_0mtodUgJmOV4UK-0AiTGHg,hardened,none,2,11,amman:26,36.1773
amman_query_0mtodUgJmOV4UK-0AiTGHg,hardened,hardened,2,3,amman:26,38.5547
amman_query_0mtodUgJmOV4UK-0AiTGHg,hardened,direction,2,6,amman:26,38.5649
amman_query_0rJM3ZzX3JzTTpl0GCia8w,clean,none,0,26,amman:36,
amman_query_0rJM3ZzX3JzTTpl0GCia8w,isotropic,none,0,70,amman:36,36.1773
amman_query_0rJM3ZzX3JzTTpl0GCia8w,isotropic,isotropic,0,214,amman:36,44.9917
amman_query_0rJM3ZzX3JzTTpl0GCia8w,isotropic,none,1,57,amman:36,36.1773
amman_query_0rJM3ZzX3JzTTpl0GCia8w,isotropic,isotropic,1,37,amman:36,44.9736
amman_query_0rJM3ZzX3JzTTpl0GCia8w,isotropic,none,2,165,amman:36,36.1773
amman_query_0rJM3ZzX3JzTTpl0GCia8w,isotropic,isotropic,2,116,amman:36,44.9643
amman_query_0rJM3ZzX3JzTTpl0GCia8w,direction,none,0,306,amman:36,36.1773
amman_query_0rJM3ZzX3JzTTpl0GCia8w,direction,direction,0,128,amman:36,41.4150
amman_query_0rJM3ZzX3JzTTpl0GCia8w,direction,none,1,174,amman:36,36.1773
amman_query_0rJM3ZzX3JzTTpl0GCia8w,direction,direction,1,126,amman:36,41.3717
amman_query_0rJM3ZzX3JzTTpl0GCia8w,direction,none,2,321,amman:36,36.1773
amman_query_0rJM3ZzX3JzTTpl0GCia8w,direction,direction,2,485,amman:36,41.4054
amman_query_0rJM3ZzX3JzTTpl0GCia8w,hardened,none,0,123,amman:36,36.1773
amman_query_0rJM3ZzX3JzTTpl0GCia8w,hardened,hardened,0,34,amman:36,40.5871
amman_query_0rJM3ZzX3JzTTpl0GCia8w,hardened,direction,0,26,amman:36,40.6563
amman_query_0rJM3ZzX3JzTTpl0GCia8w,hardened,none,1,109,amman:36,36.1773
amman_query_0rJM3ZzX3JzTTpl0GCia8w,hardened,hardened,1,27,amman:36,40.5574
amman_query_0rJM3ZzX3JzTTpl0GCia8w,hardened,direction,1,37,amman:36,40.6160
amman_query_0rJM3ZzX3JzTTpl0GCia8w,hardened,none,2,88,amman:36,36.1773
amman_query_0rJM3ZzX3JzTTpl0GCia8w,hardened,hardened,2,143,amman:36,40.6064
amman_query_0rJM3ZzX3JzTTpl0GCia8w,hardened,direction,2,106,amman:36,40.6463
amman_query_12LbsAl_T_jgw2JHgbR5ng,clean,none,0,55,amman:35,
amman_query_12LbsAl_T_jgw2JHgbR5ng,isotropic,none,0,87,amman:35,36.1773
amman_query_12LbsAl_T_jgw2JHgbR5ng,isotropic,isotropic,0,75,amman:35,43.1196
amman_query_12LbsAl_T_jgw2JHgbR5ng,isotropic,none,1,80,amman:35,36.1773
amman_query_12LbsAl_T_jgw2JHgbR5ng,isotropic,isotropic,1,119,amman:35,43.0877
amman_query_12LbsAl_T_jgw2JHgbR5ng,isotropic,none,2,75,amman:35,36.1773
amman_query_12LbsAl_T_jgw2JHgbR5ng,isotropic,isotropic,2,76,amman:35,43.0879
amman_query_12LbsAl_T_jgw2JHgbR5ng,direction,none,0,194,amman:35,36.1773
amman_query_12LbsAl_T_jgw2JHgbR5ng,direction,direction,0,79,amman:35,40.3039
amman_query_12LbsAl_T_jgw2JHgbR5ng,direction,none,1,103,amman:35,36.1773
amman_query_12LbsAl_T_jgw2JHgbR5ng,direction,direction,1,38,amman:35,40.2362
amman_query_12LbsAl_T_jgw2JHgbR5ng,direction,none,2,206,amman:35,36.1773
amman_query_12LbsAl_T_jgw2JHgbR5ng,direction,direction,2,55,amman:35,40.2092
amman_query_12LbsAl_T_jgw2JHgbR5ng,hardened,none,0,25,amman:35,36.1773
amman_query_12LbsAl_T_jgw2JHgbR5ng,hardened,hardened,0,55,amman:35,39.7972
amman_query_12LbsAl_T_jgw2JHgbR5ng,hardened,direction,0,47,amman:35,39.7264
amman_query_12LbsAl_T_jgw2JHgbR5ng,hardened,none,1,10,amman:35,36.1773
amman_query_12LbsAl_T_jgw2JHgbR5ng,hardened,hardened,1,27,amman:35,39.8673
amman_query_12LbsAl_T_jgw2JHgbR5ng,hardened,direction,1,33,amman:35,39.7821
amman_query_12LbsAl_T_jgw2JHgbR5ng,hardened,none,2,60,amman:35,36.1773
amman_query_12LbsAl_T_jgw2JHgbR5ng,hardened,hardened,2,50,amman:35,39.7971
amman_query_12LbsAl_T_jgw2JHgbR5ng,hardened,direction,2,41,amman:35,39.7298
amman_query_1HafWFxuyylXLnDzCoapDA,clean,none,0,10,amman:35,
amman_query_1HafWFxuyylXLnDzCoapDA,isotropic,none,0,53,amman:35,36.1773
amman_query_1HafWFxuyylXLnDzCoapDA,isotropic,isotropic,0,10,amman:35,42.5603
amman_query_1HafWFxuyylXLnDzCoapDA,isotropic,none,1,22,amman:35,36.1773
amman_query_1HafWFxuyylXLnDzCoapDA,isotropic,isotropic,1,7,amman:35,42.4965
amman_query_1HafWFxuyylXLnDzCoapDA,isotropic,none,2,50,amman:35,36.1773
amman_query_1HafWFxuyylXLnDzCoapDA,isotropic,isotropic,2,15,amman:35,42.5870
amman_query_1HafWFxuyylXLnDzCoapDA,direction,none,0,8,amman:35,36.1773
amman_query_1HafWFxuyylXLnDzCoapDA,direction,direction,0,5,amman:35,39.5536
amman_query_1HafWFxuyylXLnDzCoapDA,direction,none,1,3,amman:35,36.1773
amman_query_1HafWFxuyylXLnDzCoapDA,direction,direction,1,2,amman:35,39.6632
amman_query_1HafWFxuyylXLnDzCoapDA,direction,none,2,49,amman:35,36.1773
amman_query_1HafWFxuyylXLnDzCoapDA,direction,direction,2,2,amman:35,39.6320
amman_query_1HafWFxuyylXLnDzCoapDA,hardened,none,0,187,amman:35,36.1773
amman_query_1HafWFxuyylXLnDzCoapDA,hardened,hardened,0,23,amman:35,39.2076
amman_query_1HafWFxuyylXLnDzCoapDA,hardened,direction,0,22,amman:35,39.1752
amman_query_1HafWFxuyylXLnDzCoapDA,hardened,none,1,139,amman:35,36.1773
amman_query_1HafWFxuyylXLnDzCoapDA,hardened,hardened,1,17,amman:35,39.1446
amman_query_1HafWFxuyylXLnDzCoapDA,hardened,direction,1,21,amman:35,39.1105
amman_query_1HafWFxuyylXLnDzCoapDA,hardened,none,2,179,amman:35,36.1773
amman_query_1HafWFxuyylXLnDzCoapDA,hardened,hardened,2,21,amman:35,39.1559
amman_query_1HafWFxuyylXLnDzCoapDA,hardened,direction,2,23,amman:35,39.1095
amman_query_1IWpn2b6V75KvNFoTU8UOQ,clean,none,0,1,amman:26,
amman_query_1IWpn2b6V75KvNFoTU8UOQ,isotropic,none,0,1,amman:26,36.1773
amman_query_1IWpn2b6V75KvNFoTU8UOQ,isotropic,isotropic,0,1,amman:26,41.0111
amman_query_1IWpn2b6V75KvNFoTU8UOQ,isotropic,none,1,1,amman:26,36.1773
amman_query_1IWpn2b6V75KvNFoTU8UOQ,isotropic,isotropic,1,1,amman:26,40.9934
amman_query_1IWpn2b6V75KvNFoTU8UOQ,isotropic,none,2,1,amman:26,36.1773
amman_query_1IWpn2b6V75KvNFoTU8UOQ,isotropic,isotropic,2,1,amman:26,41.0133
amman_query_1IWpn2b6V75KvNFoTU8UOQ,direction,none,0,1,amman:26,36.1773
amman_query_1IWpn2b6V75KvNFoTU8UOQ,direction,direction,0,1,amman:26,38.3674
amman_query_1IWpn2b6V75KvNFoTU8UOQ,direction,none,1,1,amman:26,36.1773
amman_query_1IWpn2b6V75KvNFoTU8UOQ,direction,direction,1,1,amman:26,38.4096
amman_query_1IWpn2b6V75KvNFoTU8UOQ,direction,none,2,1,amman:26,36.1773
amman_query_1IWpn2b6V75KvNFoTU8UOQ,direction,direction,2,1,amman:26,38.4680
amman_query_1IWpn2b6V75KvNFoTU8UOQ,hardened,none,0,1,amman:26,36.1773
amman_query_1IWpn2b6V75KvNFoTU8UOQ,hardened,hardened,0,1,amman:26,38.2234
amman_query_1IWpn2b6V75KvNFoTU8UOQ,hardened,direction,0,1,amman:26,38.1775
amman_query_1IWpn2b6V75KvNFoTU8UOQ,hardened,none,1,1,amman:26,36.1773
amman_query_1IWpn2b6V75KvNFoTU8UOQ,hardened,hardened,1,1,amman:26,38.0567
amman_query_1IWpn2b6V75KvNFoTU8UOQ,hardened,direction,1,1,amman:26,38.0596
amman_query_1IWpn2b6V75KvNFoTU8UOQ,hardened,none,2,1,amman:26,36.1773
amman_query_1IWpn2b6V75KvNFoTU8UOQ,hardened,hardened,2,1,amman:26,38.1606
amman_query_1IWpn2b6V75KvNFoTU8UOQ,hardened,direction,2,1,amman:26,38.1364
amman_query_1Nmy4JnYnb5zA_JmbkDWBQ,clean,none,0,109,amman:4,
amman_query_1Nmy4JnYnb5zA_JmbkDWBQ,isotropic,none,0,410,amman:4,36.1773
amman_query_1Nmy4JnYnb5zA_JmbkDWBQ,isotropic,isotropic,0,176,amman:4,42.7671
amman_query_1Nmy4JnYnb5zA_JmbkDWBQ,isotropic,none,1,665,amman:4,36.1773
amman_query_1Nmy4JnYnb5zA_JmbkDWBQ,isotropic,isotropic,1,244,amman:4,42.7573
amman_query_1Nmy4JnYnb5zA_JmbkDWBQ,isotropic,none,2,609,amman:4,36.1773
amman_query_1Nmy4JnYnb5zA_JmbkDWBQ,isotropic,isotropic,2,389,amman:4,42.7538
amman_query_1Nmy4JnYnb5zA_JmbkDWBQ,direction,none,0,834,amman:4,36.1773
amman_query_1Nmy4JnYnb5zA_JmbkDWBQ,direction,direction,0,69,amman:4,39.8520
amman_query_1Nmy4JnYnb5zA_JmbkDWBQ,direction,none,1,1050,amman:4,36.1773
amman_query_1Nmy4JnYnb5zA_JmbkDWBQ,direction,direction,1,117,amman:4,39.8545
amman_query_1Nmy4JnYnb5zA_JmbkDWBQ,direction,none,2,1153,amman:4,36.1773
amman_query_1Nmy4JnYnb5zA_JmbkDWBQ,direction,direction,2,81,amman:4,39.8917
amman_query_1Nmy4JnYnb5zA_JmbkDWBQ,hardened,none,0,897,amman:4,36.1773
amman_query_1Nmy4JnYnb5zA_JmbkDWBQ,hardened,hardened,0,156,amman:4,39.4740
amman_query_1Nmy4JnYnb5zA_JmbkDWBQ,hardened,direction,0,129,amman:4,39.4093
amman_query_1Nmy4JnYnb5zA_JmbkDWBQ,hardened,none,1,520,amman:4,36.1773
amman_query_1Nmy4JnYnb5zA_JmbkDWBQ,hardened,hardened,1,53,amman:4,39.3701
amman_query_1Nmy4JnYnb5zA_JmbkDWBQ,hardened,direction,1,73,amman:4,39.3206
amman_query_1Nmy4JnYnb5zA_JmbkDWBQ,hardened,none,2,651,amman:4,36.1773
amman_query_1Nmy4JnYnb5zA_JmbkDWBQ,hardened,hardened,2,109,amman:4,39.4807
amman_query_1Nmy4JnYnb5zA_JmbkDWBQ,hardened,direction,2,72,amman:4,39.4576
amman_query_1Tf2dWuS4el8fREHH1_k0w,clean,none,0,7,amman:25,
amman_query_1Tf2dWuS4el8fREHH1_k0w,isotropic,none,0,129,amman:25,36.1773
amman_query_1Tf2dWuS4el8fREHH1_k0w,isotropic,isotropic,0,13,amman:25,45.5697
amman_query_1Tf2dWuS4el8fREHH1_k0w,isotropic,none,1,30,amman:25,36.1773
amman_query_1Tf2dWuS4el8fREHH1_k0w,isotropic,isotropic,1,15,amman:25,45.5601
amman_query_1Tf2dWuS4el8fREHH1_k0w,isotropic,none,2,60,amman:25,36.1773
amman_query_1Tf2dWuS4el8fREHH1_k0w,isotropic,isotropic,2,6,amman:25,45.5099
amman_query_1Tf2dWuS4el8fREHH1_k0w,direction,none,0,486,amman:25,36.1773
amman_query_1Tf2dWuS4el8fREHH1_k0w,direction,direction,0,90,amman:25,42.6349
amman_query_1Tf2dWuS4el8fREHH1_k0w,direction,none,1,193,amman:25,36.1773
amman_query_1Tf2dWuS4el8fREHH1_k0w,direction,direction,1,17,amman:25,42.5456
amman_query_1Tf2dWuS4el8fREHH1_k0w,direction,none,2,577,amman:25,36.1773
amman_query_1Tf2dWuS4el8fREHH1_k0w,direction,direction,2,26,amman:25,42.5957
amman_query_1Tf2dWuS4el8fREHH1_k0w,hardened,none,0,341,amman:25,36.1773
amman_query_1Tf2dWuS4el8fREHH1_k0w,hardened,hardened,0,189,amman:25,41.6709
amman_query_1Tf2dWuS4el8fREHH1_k0w,hardened,direction,0,199,amman:25,41.8889
amman_query_1Tf2dWuS4el8fREHH1_k0w,hardened,none,1,153,amman:25,36.1773
amman_query_1Tf2dWuS4el8fREHH1_k0w,hardened,hardened,1,149,amman:25,41.5817
amman_query_1Tf2dWuS4el8fREHH1_k0w,hardened,direction,1,171,amman:25,41.8113
amman_query_1Tf2dWuS4el8fREHH1_k0w,hardened,none,2,46,amman:25,36.1773
amman_query_1Tf2dWuS4el8fREHH1_k0w,hardened,hardened,2,40,amman:25,41.5865
amman_query_1Tf2dWuS4el8fREHH1_k0w,hardened,direction,2,123,amman:25,41.7658
amman_query_1TysYQA0N2AnJ5lzQWP07w,clean,none,0,1,amman:12,
amman_query_1TysYQA0N2AnJ5lzQWP07w,isotropic,none,0,1,amman:12,36.1773
amman_query_1TysYQA0N2AnJ5lzQWP07w,isotropic,isotropic,0,1,amman:12,44.6199
amman_query_1TysYQA0N2AnJ5lzQWP07w,isotropic,none,1,1,amman:12,36.1773
amman_query_1TysYQA0N2AnJ5lzQWP07w,isotropic,isotropic,1,1,amman:12,44.5270
amman_query_1TysYQA0N2AnJ5lzQWP07w,isotropic,none,2,1,amman:12,36.1773
amman_query_1TysYQA0N2AnJ5lzQWP07w,isotropic,isotropic,2,1,amman:12,44.5496
amman_query_1TysYQA0N2AnJ5lzQWP07w,direction,none,0,1,amman:12,36.1773
amman_query_1TysYQA0N2AnJ5lzQWP07w,direction,direction,0,1,amman:12,42.2026
amman_query_1TysYQA0N2AnJ5lzQWP07w,direction,none,1,2,amman:12,36.1773
amman_query_1TysYQA0N2AnJ5lzQWP07w,direction,direction,1,1,amman:12,42.1275
amman_query_1TysYQA0N2AnJ5lzQWP07w,direction,none,2,2,amman:12,36.1773
amman_query_1TysYQA0N2AnJ5lzQWP07w,direction,direction,2,1,amman:12,42.1458
amman_query_1TysYQA0N2AnJ5lzQWP07w,hardened,none,0,14,amman:12,36.1773
amman_query_1TysYQA0N2AnJ5lzQWP07w,hardened,hardened,0,1,amman:12,41.3694
amman_query_1TysYQA0N2AnJ5lzQWP07w,hardened,direction,0,1,amman:12,41.3084
amman_query_1TysYQA0N2AnJ5lzQWP07w,hardened,none,1,5,amman:12,36.1773
amman_query_1TysYQA0N2AnJ5lzQWP07w,hardened,hardened,1,1,amman:12,41.3907
amman_query_1TysYQA0N2AnJ5lzQWP07w,hardened,direction,1,1,amman:12,41.3100
amman_query_1TysYQA0N2AnJ5lzQWP07w,hardened,none,2,13,amman:12,36.1773
amman_query_1TysYQA0N2AnJ5lzQWP07w,hardened,hardened,2,1,amman:12,41.3230
amman_query_1TysYQA0N2AnJ5lzQWP07w,hardened,direction,2,1,amman:12,41.2478
amman_query_1VTBGOTuAwvnyE1o4Pbm0Q,clean,none,0,24,amman:23,
amman_query_1VTBGOTuAwvnyE1o4Pbm0Q,isotropic,none,0,5,amman:23,36.1773
amman_query_1VTBGOTuAwvnyE1o4Pbm0Q,isotropic,isotropic,0,31,amman:23,44.7748
amman_query_1VTBGOTuAwvnyE1o4Pbm0Q,isotropic,none,1,2,amman:23,36.1773
amman_query_1VTBGOTuAwvnyE1o4Pbm0Q,isotropic,isotropic,1,15,amman:23,44.7905
amman_query_1VTBGOTuAwvnyE1o4Pbm0Q,isotropic,none,2,3,amman:23,36.1773
amman_query_1VTBGOTuAwvnyE1o4Pbm0Q,isotropic,isotropic,2,27,amman:23,44.7065
amman_query_1VTBGOTuAwvnyE1o4Pbm0Q,direction,none,0,256,amman:23,36.1773
amman_query_1VTBGOTuAwvnyE1o4Pbm0Q,direction,direction,0,22,amman:23,41.7072
amman_query_1VTBGOTuAwvnyE1o4Pbm0Q,direction,none,1,36,amman:23,36.1773
amman_query_1VTBGOTuAwvnyE1o4Pbm0Q,direction,direction,1,27,amman:23,41.7389
amman_query_1VTBGOTuAwvnyE1o4Pbm0Q,direction,none,2,86,amman:23,36.1773
amman_query_1VTBGOTuAwvnyE1o4Pbm0Q,direction,direction,2,11,amman:23,41.7297
amman_query_1VTBGOTuAwvnyE1o4Pbm0Q,hardened,none,0,54,amman:23,36.1773
amman_query_1VTBGOTuAwvnyE1o4Pbm0Q,hardened,hardened,0,4,amman:23,40.9650
amman_query_1VTBGOTuAwvnyE1o4Pbm0Q,hardened,direction,0,3,amman:23,41.1543
amman_query_1VTBGOTuAwvnyE1o4Pbm0Q,hardened,none,1,73,amman:23,36.1773
amman_query_1VTBGOTuAwvnyE1o4Pbm0Q,hardened,hardened,1,2,amman:23,40.9018
amman_query_1VTBGOTuAwvnyE1o4Pbm0Q,hardened,direction,1,1,amman:23,41.1057
amman_query_1VTBGOTuAwvnyE1o4Pbm0Q,hardened,none,2,17,amman:23,36.1773
amman_query_1VTBGOTuAwvnyE1o4Pbm0Q,hardened,hardened,2,5,amman:23,40.8931
amman_query_1VTBGOTuAwvnyE1o4Pbm0Q,hardened,direction,2,13,amman:23,41.1216
amman_query_1_jzc52w72UKyKztvVoygQ,clean,none,0,7,amman:23,
amman_query_1_jzc52w72UKyKztvVoygQ,isotropic,none,0,5,amman:23,36.1773
amman_query_1_jzc52w72UKyKztvVoygQ,isotropic,isotropic,0,17,amman:23,45.0438
amman_query_1_jzc52w72UKyKztvVoygQ,isotropic,none,1,6,amman:23,36.1773
amman_query_1_jzc52w72UKyKztvVoygQ,isotropic,isotropic,1,24,amman:23,44.9883
amman_query_1_jzc52w72UKyKztvVoygQ,isotropic,none,2,5,amman:23,36.1773
amman_query_1_jzc52w72UKyKztvVoygQ,isotropic,isotropic,2,18,amman:23,44.9928
amman_query_1_jzc52w72UKyKztvVoygQ,direction,none,0,472,amman:23,36.1773
amman_query_1_jzc52w72UKyKztvVoygQ,direction,direction,0,17,amman:23,42.0112
amman_query_1_jzc52w72UKyKztvVoygQ,direction,none,1,327,amman:23,36.1773
amman_query_1_jzc52w72UKyKztvVoygQ,direction,direction,1,11,amman:23,41.9206
amman_query_1_jzc52w72UKyKztvVoygQ,direction,none,2,659,amman:23,36.1773
amman_query_1_jzc52w72UKyKztvVoygQ,direction,direction,2,32,amman:23,41.9102
amman_query_1_jzc52w72UKyKztvVoygQ,hardened,none,0,377,amman:23,36.1773
amman_query_1_jzc52w72UKyKztvVoygQ,hardened,hardened,0,13,amman:23,41.0178
amman_query_1_jzc52w72UKyKztvVoygQ,hardened,direction,0,16,amman:23,41.2840
amman_query_1_jzc52w72UKyKztvVoygQ,hardened,none,1,64,amman:23,36.1773
amman_query_1_jzc52w72UKyKztvVoygQ,hardened,hardened,1,18,amman:23,40.9931
amman_query_1_jzc52w72UKyKztvVoygQ,hardened,direction,1,21,amman:23,41.2563
amman_query_1_jzc52w72UKyKztvVoygQ,hardened,none,2,130,amman:23,36.1773
amman_query_1_jzc52w72UKyKztvVoygQ,hardened,hardened,2,15,amman:23,41.0582
amman_query_1_jzc52w72UKyKztvVoygQ,hardened,direction,2,13,amman:23,41.2981
amman_query_1jA0_v7p_4KHVbia4DG7Bw,clean,none,0,1,amman:13,
amman_query_1jA0_v7p_4KHVbia4DG7Bw,isotropic,none,0,1,amman:13,36.1773
amman_query_1jA0_v7p_4KHVbia4DG7Bw,isotropic,isotropic,0,1,amman:13,41.9114
amman_query_1jA0_v7p_4KHVbia4DG7Bw,isotropic,none,1,1,amman:13,36.1773
amman_query_1jA0_v7p_4KHVbia4DG7Bw,isotropic,isotropic,1,1,amman:13,41.8878
amman_query_1jA0_v7p_4KHVbia4DG7Bw,isotropic,none,2,1,amman:13,36.1773
amman_query_1jA0_v7p_4KHVbia4DG7Bw,isotropic,isotropic,2,1,amman:13,41.9001
amman_query_1jA0_v7p_4KHVbia4DG7Bw,direction,none,0,1,amman:13,36.1773
amman_query_1jA0_v7p_4KHVbia4DG7Bw,direction,direction,0,1,amman:13,39.2182
amman_query_1jA0_v7p_4KHVbia4DG7Bw,direction,none,1,1,amman:13,36.1773
amman_query_1jA0_v7p_4KHVbia4DG7Bw,direction,direction,1,1,amman:13,39.1305
amman_query_1jA0_v7p_4KHVbia4DG7Bw,direction,none,2,1,amman:13,36.1773
amman_query_1jA0_v7p_4KHVbia4DG7Bw,direction,direction,2,1,amman:13,39.1409
amman_query_1jA0_v7p_4KHVbia4DG7Bw,hardened,none,0,1,amman:13,36.1773
amman_query_1jA0_v7p_4KHVbia4DG7Bw,hardened,hardened,0,1,amman:13,38.9946
amman_query_1jA0_v7p_4KHVbia4DG7Bw,hardened,direction,0,1,amman:13,38.9960
amman_query_1jA0_v7p_4KHVbia4DG7Bw,hardened,none,1,1,amman:13,36.1773
amman_query_1jA0_v7p_4KHVbia4DG7Bw,hardened,hardened,1,1,amman:13,38.9971
amman_query_1jA0_v7p_4KHVbia4DG7Bw,hardened,direction,1,1,amman:13,38.9830
amman_query_1jA0_v7p_4KHVbia4DG7Bw,hardened,none,2,1,amman:13,36.1773
amman_query_1jA0_v7p_4KHVbia4DG7Bw,hardened,hardened,2,1,amman:13,38.9277
amman_query_1jA0_v7p_4KHVbia4DG7Bw,hardened,direction,2,1,amman:13,38.9349
amman_query_1n6vx0uExn56MfvA6toRJw,clean,none,0,2,amman:31,
amman_query_1n6vx0uExn56MfvA6toRJw,isotropic,none,0,4,amman:31,36.1773
amman_query_1n6vx0uExn56MfvA6toRJw,isotropic,isotropic,0,3,amman:31,43.6653
amman_query_1n6vx0uExn56MfvA6toRJw,isotropic,none,1,42,amman:31,36.1773
amman_query_1n6vx0uExn56MfvA6toRJw,isotropic,isotropic,1,4,amman:31,43.6393
amman_query_1n6vx0uExn56MfvA6toRJw,isotropic,none,2,19,amman:31,36.1773
amman_query_1n6vx0uExn56MfvA6toRJw,isotropic,isotropic,2,2,amman:31,43.6965
amman_query_1n6vx0uExn56MfvA6toRJw,direction,none,0,155,amman:31,36.1773
amman_query_1n6vx0uExn56MfvA6toRJw,direction,direction,0,53,amman:31,40.8798
amman_query_1n6vx0uExn56MfvA6toRJw,direction,none,1,599,amman:31,36.1773
amman_query_1n6vx0uExn56MfvA6toRJw,direction,direction,1,139,amman:31,41.0633
amman_query_1n6vx0uExn56MfvA6toRJw,direction,none,2,401,amman:31,36.1773
amman_query_1n6vx0uExn56MfvA6toRJw,direction,direction,2,69,amman:31,41.1004
amman_query_1n6vx0uExn56MfvA6toRJw,hardened,none,0,343,amman:31,36.1773
amman_query_1n6vx0uExn56MfvA6toRJw,hardened,hardened,0,513,amman:31,40.3005
amman_query_1n6vx0uExn56MfvA6toRJw,hardened,direction,0,540,amman:31,40.1969
amman_query_1n6vx0uExn56MfvA6toRJw,hardened,none,1,206,amman:31,36.1773
amman_query_1n6vx0uExn56MfvA6toRJw,hardened,hardened,1,279,amman:31,40.3266
amman_query_1n6vx0uExn56MfvA6toRJw,hardened,direction,1,203,amman:31,40.2413
amman_query_1n6vx0uExn56MfvA6toRJw,hardened,none,2,230,amman:31,36.1773
amman_query_1n6vx0uExn56MfvA6toRJw,hardened,hardened,2,162,amman:31,40.3450
amman_query_1n6vx0uExn56MfvA6toRJw,hardened,direction,2,178,amman:31,40.2764
amman_query_1qMrYvXqBvZDS0XUd5cEtg,clean,none,0,1,amman:21,
amman_query_1qMrYvXqBvZDS0XUd5cEtg,isotropic,none,0,1,amman:21,36.1773
amman_query_1qMrYvXqBvZDS0XUd5cEtg,isotropic,isotropic,0,1,amman:21,42.8726
amman_query_1qMrYvXqBvZDS0XUd5cEtg,isotropic,none,1,1,amman:21,36.1773
amman_query_1qMrYvXqBvZDS0XUd5cEtg,isotropic,isotropic,1,1,amman:21,42.9230
amman_query_1qMrYvXqBvZDS0XUd5cEtg,isotropic,none,2,1,amman:21,36.1773
amman_query_1qMrYvXqBvZDS0XUd5cEtg,isotropic,isotropic,2,1,amman:21,42.9107
amman_query_1qMrYvXqBvZDS0XUd5cEtg,direction,none,0,1,amman:21,36.1773
amman_query_1qMrYvXqBvZDS0XUd5cEtg,direction,direction,0,1,amman:21,40.1654
amman_query_1qMrYvXqBvZDS0XUd5cEtg,direction,none,1,1,amman:21,36.1773
amman_query_1qMrYvXqBvZDS0XUd5cEtg,direction,direction,1,1,amman:21,40.0878
amman_query_1qMrYvXqBvZDS0XUd5cEtg,direction,none,2,4,amman:21,36.1773
amman_query_1qMrYvXqBvZDS0XUd5cEtg,direction,direction,2,1,amman:21,40.1771
amman_query_1qMrYvXqBvZDS0XUd5cEtg,hardened,none,0,1,amman:21,36.1773
amman_query_1qMrYvXqBvZDS0XUd5cEtg,hardened,hardened,0,1,amman:21,39.6021
amman_query_1qMrYvXqBvZDS0XUd5cEtg,hardened,direction,0,1,amman:21,39.4977
amman_query_1qMrYvXqBvZDS0XUd5cEtg,hardened,none,1,1,amman:21,36.1773
amman_query_1qMrYvXqBvZDS0XUd5cEtg,hardened,hardened,1,1,amman:21,39.5997
amman_query_1qMrYvXqBvZDS0XUd5cEtg,hardened,direction,1,1,amman:21,39.4977
amman_query_1qMrYvXqBvZDS0XUd5cEtg,hardened,none,2,1,amman:21,36.1773
amman_query_1qMrYvXqBvZDS0XUd5cEtg,hardened,hardened,2,1,amman:21,39.5569
amman_query_1qMrYvXqBvZDS0XUd5cEtg,hardened,direction,2,1,amman:21,39.4674
amman_query_1rZerb0T7z_1E7yKfEBCtA,clean,none,0,1,amman:6,
amman_query_1rZerb0T7z_1E7yKfEBCtA,isotropic,none,0,1,amman:6,36.1773
amman_query_1rZerb0T7z_1E7yKfEBCtA,isotropic,isotropic,0,1,amman:6,43.6757
amman_query_1rZerb0T7z_1E7yKfEBCtA,isotropic,none,1,1,amman:6,36.1773
amman_query_1rZerb0T7z_1E7yKfEBCtA,isotropic,isotropic,1,1,amman:6,43.6752
amman_query_1rZerb0T7z_1E7yKfEBCtA,isotropic,none,2,1,amman:6,36.1773
amman_query_1rZerb0T7z_1E7yKfEBCtA,isotropic,isotropic,2,1,amman:6,43.6633
amman_query_1rZerb0T7z_1E7yKfEBCtA,direction,none,0,26,amman:6,36.1773
amman_query_1rZerb0T7z_1E7yKfEBCtA,direction,direction,0,6,amman:6,41.1075
amman_query_1rZerb0T7z_1E7yKfEBCtA,direction,none,1,22,amman:6,36.1773
amman_query_1rZerb0T7z_1E7yKfEBCtA,direction,direction,1,1,amman:6,40.9920
amman_query_1rZerb0T7z_1E7yKfEBCtA,direction,none,2,18,amman:6,36.1773
amman_query_1rZerb0T7z_1E7yKfEBCtA,direction,direction,2,1,amman:6,41.0021
amman_query_1rZerb0T7z_1E7yKfEBCtA,hardened,none,0,2,amman:6,36.1773
amman_query_1rZerb0T7z_1E7yKfEBCtA,hardened,hardened,0,1,amman:6,40.6197
amman_query_1rZerb0T7z_1E7yKfEBCtA,hardened,direction,0,2,amman:6,40.5304
amman_query_1rZerb0T7z_1E7yKfEBCtA,hardened,none,1,6,amman:6,36.1773
amman_query_1rZerb0T7z_1E7yKfEBCtA,hardened,hardened,1,1,amman:6,40.5643
amman_query_1rZerb0T7z_1E7yKfEBCtA,hardened,direction,1,1,amman:6,40.4644
amman_query_1rZerb0T7z_1E7yKfEBCtA,hardened,none,2,14,amman:6,36.1773
amman_query_1rZerb0T7z_1E7yKfEBCtA,hardened,hardened,2,13,amman:6,40.5914
amman_query_1rZerb0T7z_1E7yKfEBCtA,hardened,direction,2,2,amman:6,40.5224
amman_query_1uJbVMOMqlPVx4GYc2BgOA,clean,none,0,44,amman:15,
amman_query_1uJbVMOMqlPVx4GYc2BgOA,isotropic,none,0,388,amman:15,36.1773
amman_query_1uJbVMOMqlPVx4GYc2BgOA,isotropic,isotropic,0,28,amman:15,44.6824
amman_query_1uJbVMOMqlPVx4GYc2BgOA,isotropic,none,1,137,amman:15,36.1773
amman_query_1uJbVMOMqlPVx4GYc2BgOA,isotropic,isotropic,1,21,amman:15,44.7732
amman_query_1uJbVMOMqlPVx4GYc2BgOA,isotropic,none,2,172,amman:15,36.1773
amman_query_1uJbVMOMqlPVx4GYc2BgOA,isotropic,isotropic,2,18,amman:15,44.7720
amman_query_1uJbVMOMqlPVx4GYc2BgOA,direction,none,0,1521,amman:15,36.1773
amman_query_1uJbVMOMqlPVx4GYc2BgOA,direction,direction,0,93,amman:15,41.8911
amman_query_1uJbVMOMqlPVx4GYc2BgOA,direction,none,1,1561,amman:15,36.1773
amman_query_1uJbVMOMqlPVx4GYc2BgOA,direction,direction,1,37,amman:15,41.8637
amman_query_1uJbVMOMqlPVx4GYc2BgOA,direction,none,2,1162,amman:15,36.1773
amman_query_1uJbVMOMqlPVx4GYc2BgOA,direction,direction,2,109,amman:15,41.8966
amman_query_1uJbVMOMqlPVx4GYc2BgOA,hardened,none,0,1454,amman:15,36.1773
amman_query_1uJbVMOMqlPVx4GYc2BgOA,hardened,hardened,0,212,amman:15,41.2137
amman_query_1uJbVMOMqlPVx4GYc2BgOA,hardened,direction,0,662,amman:15,41.2520
amman_query_1uJbVMOMqlPVx4GYc2BgOA,hardened,none,1,1453,amman:15,36.1773
amman_query_1uJbVMOMqlPVx4GYc2BgOA,hardened,hardened,1,427,amman:15,41.2873
amman_query_1uJbVMOMqlPVx4GYc2BgOA,hardened,direction,1,144,amman:15,41.3495
amman_query_1uJbVMOMqlPVx4GYc2BgOA,hardened,none,2,944,amman:15,36.1773
amman_query_1uJbVMOMqlPVx4GYc2BgOA,hardened,hardened,2,162,amman:15,41.1773
amman_query_1uJbVMOMqlPVx4GYc2BgOA,hardened,direction,2,93,amman:15,41.2380
amman_query_23YO5CD18Cg_wG_ZhqhbQQ,clean,none,0,81,amman:23,
amman_query_23YO5CD18Cg_wG_ZhqhbQQ,isotropic,none,0,266,amman:23,36.1773
amman_query_23YO5CD18Cg_wG_ZhqhbQQ,isotropic,isotropic,0,141,amman:23,45.5409
amman_query_23YO5CD18Cg_wG_ZhqhbQQ,isotropic,none,1,311,amman:23,36.1773
amman_query_23YO5CD18Cg_wG_ZhqhbQQ,isotropic,isotropic,1,64,amman:23,45.5717
amman_query_23YO5CD18Cg_wG_ZhqhbQQ,isotropic,none,2,519,amman:23,36.1773
amman_query_23YO5CD18Cg_wG_ZhqhbQQ,isotropic,isotropic,2,102,amman:23,45.4857
amman_query_23YO5CD18Cg_wG_ZhqhbQQ,direction,none,0,973,amman:23,36.1773
amman_query_23YO5CD18Cg_wG_ZhqhbQQ,direction,direction,0,62,amman:23,42.2879
amman_query_23YO5CD18Cg_wG_ZhqhbQQ,direction,none,1,686,amman:23,36.1773
amman_query_23YO5CD18Cg_wG_ZhqhbQQ,direction,direction,1,244,amman:23,42.3547
amman_query_23YO5CD18Cg_wG_ZhqhbQQ,direction,none,2,886,amman:23,36.1773
amman_query_23YO5CD18Cg_wG_ZhqhbQQ,direction,direction,2,129,amman:23,42.4973
amman_query_23YO5CD18Cg_wG_ZhqhbQQ,hardened,none,0,591,amman:23,36.1773
amman_query_23YO5CD18Cg_wG_ZhqhbQQ,hardened,hardened,0,144,amman:23,41.2894
amman_query_23YO5CD18Cg_wG_ZhqhbQQ,hardened,direction,0,178,amman:23,41.6476
amman_query_23YO5CD18Cg_wG_ZhqhbQQ,hardened,none,1,982,amman:23,36.1773
amman_query_23YO5CD18Cg_wG_ZhqhbQQ,hardened,hardened,1,218,amman:23,41.3732
amman_query_23YO5CD18Cg_wG_ZhqhbQQ,hardened,direction,1,134,amman:23,41.7179
amman_query_23YO5CD18Cg_wG_ZhqhbQQ,hardened,none,2,584,amman:23,36.1773
amman_query_23YO5CD18Cg_wG_ZhqhbQQ,hardened,hardened,2,48,amman:23,41.4076
amman_query_23YO5CD18Cg_wG_ZhqhbQQ,hardened,direction,2,60,amman:23,41.8027
amman_query_27ZYHE_-tdmKbq7gUW9ECA,clean,none,0,1,amman:21,
amman_query_27ZYHE_-tdmKbq7gUW9ECA,isotropic,none,0,1,amman:21,36.1773
amman_query_27ZYHE_-tdmKbq7gUW9ECA,isotropic,isotropic,0,1,amman:21,43.5388
amman_query_27ZYHE_-tdmKbq7gUW9ECA,isotropic,none,1,1,amman:21,36.1773
amman_query_27ZYHE_-tdmKbq7gUW9ECA,isotropic,isotropic,1,1,amman:21,43.5248
amman_query_27ZYHE_-tdmKbq7gUW9ECA,isotropic,none,2,1,amman:21,36.1773
amman_query_27ZYHE_-tdmKbq7gUW9ECA,isotropic,isotropic,2,1,amman:21,43.5683
amman_query_27ZYHE_-tdmKbq7gUW9ECA,direction,none,0,65,amman:21,36.1773
amman_query_27ZYHE_-tdmKbq7gUW9ECA,direction,direction,0,1,amman:21,41.6989
amman_query_27ZYHE_-tdmKbq7gUW9ECA,direction,none,1,1,amman:21,36.1773
amman_query_27ZYHE_-tdmKbq7gUW9ECA,direction,direction,1,1,amman:21,41.6738
amman_query_27ZYHE_-tdmKbq7gUW9ECA,direction,none,2,4,amman:21,36.1773
amman_query_27ZYHE_-tdmKbq7gUW9ECA,direction,direction,2,1,amman:21,41.7469
amman_query_27ZYHE_-tdmKbq7gUW9ECA,hardened,none,0,19,amman:21,36.1773
amman_query_27ZYHE_-tdmKbq7gUW9ECA,hardened,hardened,0,1,amman:21,40.9957
amman_query_27ZYHE_-tdmKbq7gUW9ECA,hardened,direction,0,1,amman:21,40.8794
amman_query_27ZYHE_-tdmKbq7gUW9ECA,hardened,none,1,2,amman:21,36.1773
amman_query_27ZYHE_-tdmKbq7gUW9ECA,hardened,hardened,1,1,amman:21,41.0338
amman_query_27ZYHE_-tdmKbq7gUW9ECA,hardened,direction,1,1,amman:21,40.8962
amman_query_27ZYHE_-tdmKbq7gUW9ECA,hardened,none,2,12,amman:21,36.1773
amman_query_27ZYHE_-tdmKbq7gUW9ECA,hardened,hardened,2,1,amman:21,40.9970
amman_query_27ZYHE_-tdmKbq7gUW9ECA,hardened,direction,2,1,amman:21,40.8817
amman_query_29zY5U3MUbO3wTjTTKF93w,clean,none,0,1,amman:22,
amman_query_29zY5U3MUbO3wTjTTKF93w,isotropic,none,0,1,amman:22,36.1773
amman_query_29zY5U3MUbO3wTjTTKF93w,isotropic,isotropic,0,1,amman:22,42.5692
amman_query_29zY5U3MUbO3wTjTTKF93w,isotropic,none,1,1,amman:22,36.1773
amman_query_29zY5U3MUbO3wTjTTKF93w,isotropic,isotropic,1,1,amman:22,42.5260
amman_query_29zY5U3MUbO3wTjTTKF93w,isotropic,none,2,1,amman:22,36.1773
amman_query_29zY5U3MUbO3wTjTTKF93w,isotropic,isotropic,2,1,amman:22,42.5521
amman_query_29zY5U3MUbO3wTjTTKF93w,direction,none,0,1,amman:22,36.1773
amman_query_29zY5U3MUbO3wTjTTKF93w,direction,direction,0,1,amman:22,39.5859
amman_query_29zY5U3MUbO3wTjTTKF93w,direction,none,1,1,amman:22,36.1773
amman_query_29zY5U3MUbO3wTjTTKF93w,direction,direction,1,1,amman:22,39.6444
amman_query_29zY5U3MUbO3wTjTTKF93w,direction,none,2,1,amman:22,36.1773
amman_query_29zY5U3MUbO3wTjTTKF93w,direction,direction,2,1,amman:22,39.6195
amman_query_29zY5U3MUbO3wTjTTKF93w,hardened,none,0,1,amman:22,36.1773
amman_query_29zY5U3MUbO3wTjTTKF93w,hardened,hardened,0,1,amman:22,39.2854
amman_query_29zY5U3MUbO3wTjTTKF93w,hardened,direction,0,1,amman:22,39.1793
amman_query_29zY5U3MUbO3wTjTTKF93w,hardened,none,1,1,amman:22,36.1773
amman_query_29zY5U3MUbO3wTjTTKF93w,hardened,hardened,1,1,amman:22,39.3213
amman_query_29zY5U3MUbO3wTjTTKF93w,hardened,direction,1,1,amman:22,39.1969
amman_query_29zY5U3MUbO3wTjTTKF93w,hardened,none,2,1,amman:22,36.1773
amman_query_29zY5U3MUbO3wTjTTKF93w,hardened,hardened,2,1,amman:22,39.3174
amman_query_29zY5U3MUbO3wTjTTKF93w,hardened,direction,2,1,amman:22,39.1683
amman_query_2E9XDGy6VTetR1O15tILdw,clean,none,0,2,amman:11,
amman_query_2E9XDGy6VTetR1O15tILdw,isotropic,none,0,25,amman:11,36.1773
amman_query_2E9XDGy6VTetR1O15tILdw,isotropic,isotropic,0,7,amman:11,43.3703
amman_query_2E9XDGy6VTetR1O15tILdw,isotropic,none,1,51,amman:11,36.1773
amman_query_2E9XDGy6VTetR1O15tILdw,isotropic,isotropic,1,2,amman:11,43.2905
amman_query_2E9XDGy6VTetR1O15tILdw,isotropic,none,2,28,amman:11,36.1773
amman_query_2E9XDGy6VTetR1O15tILdw,isotropic,isotropic,2,3,amman:11,43.2655
amman_query_2E9XDGy6VTetR1O15tILdw,direction,none,0,186,amman:11,36.1773
amman_query_2E9XDGy6VTetR1O15tILdw,direction,direction,0,53,amman:11,40.5414
amman_query_2E9XDGy6VTetR1O15tILdw,direction,none,1,432,amman:11,36.1773
amman_query_2E9XDGy6VTetR1O15tILdw,direction,direction,1,204,amman:11,40.5989
amman_query_2E9XDGy6VTetR1O15tILdw,direction,none,2,967,amman:11,36.1773
amman_query_2E9XDGy6VTetR1O15tILdw,direction,direction,2,61,amman:11,40.4824
amman_query_2E9XDGy6VTetR1O15tILdw,hardened,none,0,22,amman:11,36.1773
amman_query_2E9XDGy6VTetR1O15tILdw,hardened,hardened,0,6,amman:11,40.0879
amman_query_2E9XDGy6VTetR1O15tILdw,hardened,direction,0,15,amman:11,39.9888
amman_query_2E9XDGy6VTetR1O15tILdw,hardened,none,1,113,amman:11,36.1773
amman_query_2E9XDGy6VTetR1O15tILdw,hardened,hardened,1,25,amman:11,40.0858
amman_query_2E9XDGy6VTetR1O15tILdw,hardened,direction,1,47,amman:11,39.9831
amman_query_2E9XDGy6VTetR1O15tILdw,hardened,none,2,147,amman:11,36.1773
amman_query_2E9XDGy6VTetR1O15tILdw,hardened,hardened,2,25,amman:11,40.1168
amman_query_2E9XDGy6VTetR1O15tILdw,hardened,direction,2,24,amman:11,40.0414
amman_query_2WNEczYwDdZlHE_2nYlE-A,clean,none,0,10,amman:0,
amman_query_2WNEczYwDdZlHE_2nYlE-A,isotropic,none,0,14,amman:0,36.1773
amman_query_2WNEczYwDdZlHE_2nYlE-A,isotropic,isotropic,0,17,amman:0,41.3152
amman_query_2WNEczYwDdZlHE_2nYlE-A,isotropic,none,1,33,amman:0,36.1773
amman_query_2WNEczYwDdZlHE_2nYlE-A,isotropic,isotropic,1,20,amman:0,41.3399
amman_query_2WNEczYwDdZlHE_2nYlE-A,isotropic,none,2,29,amman:0,36.1773
amman_query_2WNEczYwDdZlHE_2nYlE-A,isotropic,isotropic,2,12,amman:0,41.3787
amman_query_2WNEczYwDdZlHE_2nYlE-A,direction,none,0,7,amman:0,36.1773
amman_query_2WNEczYwDdZlHE_2nYlE-A,direction,direction,0,17,amman:0,38.6411
amman_query_2WNEczYwDdZlHE_2nYlE-A,direction,none,1,22,amman:0,36.1773
amman_query_2WNEczYwDdZlHE_2nYlE-A,direction,direction,1,59,amman:0,38.5318
amman_query_2WNEczYwDdZlHE_2nYlE-A,direction,none,2,83,amman:0,36.1773
amman_query_2WNEczYwDdZlHE_2nYlE-A,direction,direction,2,70,amman:0,38.5120
amman_query_2WNEczYwDdZlHE_2nYlE-A,hardened,none,0,306,amman:0,36.1773
amman_query_2WNEczYwDdZlHE_2nYlE-A,hardened,hardened,0,50,amman:0,38.4493
amman_query_2WNEczYwDdZlHE_2nYlE-A,hardened,direction,0,75,amman:0,38.3969
amman_query_2WNEczYwDdZlHE_2nYlE-A,hardened,none,1,205,amman:0,36.1773
amman_query_2WNEczYwDdZlHE_2nYlE-A,hardened,hardened,1,26,amman:0,38.4544
amman_query_2WNEczYwDdZlHE_2nYlE-A,hardened,direction,1,48,amman:0,38.3978
amman_query_2WNEczYwDdZlHE_2nYlE-A,hardened,none,2,350,amman:0,36.1773
amman_query_2WNEczYwDdZlHE_2nYlE-A,hardened,hardened,2,152,amman:0,38.4338
amman_query_2WNEczYwDdZlHE_2nYlE-A,hardened,direction,2,118,amman:0,38.3873
amman_query_2amxr5vdbo4jgViAEELT_Q,clean,none,0,478,amman:37,
amman_query_2amxr5vdbo4jgViAEELT_Q,isotropic,none,0,262,amman:37,36.1773
amman_query_2amxr5vdbo4jgViAEELT_Q,isotropic,isotropic,0,298,amman:37,43.4545
amman_query_2amxr5vdbo4jgViAEELT_Q,isotropic,none,1,303,amman:37,36.1773
amman_query_2amxr5vdbo4jgViAEELT_Q,isotropic,isotropic,1,295,amman:37,43.4382
amman_query_2amxr5vdbo4jgViAEELT_Q,isotropic,none,2,205,amman:37,36.1773
amman_query_2amxr5vdbo4jgViAEELT_Q,isotropic,isotropic,2,432,amman:37,43.4334
amman_query_2amxr5vdbo4jgViAEELT_Q,direction,none,0,992,amman:37,36.1773
amman_query_2amxr5vdbo4jgViAEELT_Q,direction,direction,0,57,amman:37,40.7020
amman_query_2amxr5vdbo4jgViAEELT_Q,direction,none,1,186,amman:37,36.1773
amman_query_2amxr5vdbo4jgViAEELT_Q,direction,direction,1,40,amman:37,40.6922
amman_query_2amxr5vdbo4jgViAEELT_Q,direction,none,2,930,amman:37,36.1773
amman_query_2amxr5vdbo4jgViAEELT_Q,direction,direction,2,318,amman:37,40.6678
amman_query_2amxr5vdbo4jgViAEELT_Q,hardened,none,0,328,amman:37,36.1773
amman_query_2amxr5vdbo4jgViAEELT_Q,hardened,hardened,0,135,amman:37,40.2324
amman_query_2amxr5vdbo4jgViAEELT_Q,hardened,direction,0,145,amman:37,40.2249
amman_query_2amxr5vdbo4jgViAEELT_Q,hardened,none,1,429,amman:37,36.1773
amman_query_2amxr5vdbo4jgViAEELT_Q,hardened,hardened,1,14,amman:37,40.2559
amman_query_2amxr5vdbo4jgViAEELT_Q,hardened,direction,1,28,amman:37,40.1986
amman_query_2amxr5vdbo4jgViAEELT_Q,hardened,none,2,310,amman:37,36.1773
amman_query_2amxr5vdbo4jgViAEELT_Q,hardened,hardened,2,148,amman:37,40.1564
amman_query_2amxr5vdbo4jgViAEELT_Q,hardened,direction,2,99,amman:37,40.1232
amman_query_2ar5B6f1xOYuU4wn7CLEJg,clean,none,0,2,amman:18,
amman_query_2ar5B6f1xOYuU4wn7CLEJg,isotropic,none,0,1,amman:18,36.1773
amman_query_2ar5B6f1xOYuU4wn7CLEJg,isotropic,isotropic,0,2,amman:18,41.5453
amman_query_2ar5B6f1xOYuU4wn7CLEJg,isotropic,none,1,1,amman:18,36.1773
amman_query_2ar5B6f1xOYuU4wn7CLEJg,isotropic,isotropic,1,1,amman:18,41.5861
amman_query_2ar5B6f1xOYuU4wn7CLEJg,isotropic,none,2,2,amman:18,36.1773
amman_query_2ar5B6f1xOYuU4wn7CLEJg,isotropic,isotropic,2,3,amman:18,41.5941
amman_query_2ar5B6f1xOYuU4wn7CLEJg,direction,none,0,10,amman:18,36.1773
amman_query_2ar5B6f1xOYuU4wn7CLEJg,direction,direction,0,4,amman:18,38.9033
amman_query_2ar5B6f1xOYuU4wn7CLEJg,direction,none,1,72,amman:18,36.1773
amman_query_2ar5B6f1xOYuU4wn7CLEJg,direction,direction,1,13,amman:18,38.9018
amman_query_2ar5B6f1xOYuU4wn7CLEJg,direction,none,2,53,amman:18,36.1773
amman_query_2ar5B6f1xOYuU4wn7CLEJg,direction,direction,2,20,amman:18,38.8448
amman_query_2ar5B6f1xOYuU4wn7CLEJg,hardened,none,0,5,amman:18,36.1773
amman_query_2ar5B6f1xOYuU4wn7CLEJg,hardened,hardened,0,1,amman:18,38.6764
amman_query_2ar5B6f1xOYuU4wn7CLEJg,hardened,direction,0,2,amman:18,38.5480
amman_query_2ar5B6f1xOYuU4wn7CLEJg,hardened,none,1,3,amman:18,36.1773
amman_query_2ar5B6f1xOYuU4wn7CLEJg,hardened,hardened,1,1,amman:18,38.6933
amman_query_2ar5B6f1xOYuU4wn7CLEJg,hardened,direction,1,2,amman:18,38.5918
amman_query_2ar5B6f1xOYuU4wn7CLEJg,hardened,none,2,2,amman:18,36.1773
amman_query_2ar5B6f1xOYuU4wn7CLEJg,hardened,hardened,2,1,amman:18,38.7196
amman_query_2ar5B6f1xOYuU4wn7CLEJg,hardened,direction,2,2,amman:18,38.5658
amman_query_2hq9evzmyg6GO86JGeo5kw,clean,none,0,1,amman:32,
amman_query_2hq9evzmyg6GO86JGeo5kw,isotropic,none,0,1,amman:32,36.1773
amman_query_2hq9evzmyg6GO86JGeo5kw,isotropic,isotropic,0,1,amman:32,42.8626
amman_query_2hq9evzmyg6GO86JGeo5kw,isotropic,none,1,1,amman:32,36.1773
amman_query_2hq9evzmyg6GO86JGeo5kw,isotropic,isotropic,1,1,amman:32,42.8630
amman_query_2hq9evzmyg6GO86JGeo5kw,isotropic,none,2,1,amman:32,36.1773
amman_query_2hq9evzmyg6GO86JGeo5kw,isotropic,isotropic,2,1,amman:32,42.8557
amman_query_2hq9evzmyg6GO86JGeo5kw,direction,none,0,177,amman:32,36.1773
amman_query_2hq9evzmyg6GO86JGeo5kw,direction,direction,0,1,amman:32,40.3651
amman_query_2hq9evzmyg6GO86JGeo5kw,direction,none,1,183,amman:32,36.1773
amman_query_2hq9evzmyg6GO86JGeo5kw,direction,direction,1,1,amman:32,40.3340
amman_query_2hq9evzmyg6GO86JGeo5kw,direction,none,2,80,amman:32,36.1773
amman_query_2hq9evzmyg6GO86JGeo5kw,direction,direction,2,1,amman:32,40.3207
amman_query_2hq9evzmyg6GO86JGeo5kw,hardened,none,0,82,amman:32,36.1773
amman_query_2hq9evzmyg6GO86JGeo5kw,hardened,hardened,0,1,amman:32,39.8097
amman_query_2hq9evzmyg6GO86JGeo5kw,hardened,direction,0,1,amman:32,39.7992
amman_query_2hq9evzmyg6GO86JGeo5kw,hardened,none,1,6,amman:32,36.1773
amman_query_2hq9evzmyg6GO86JGeo5kw,hardened,hardened,1,1,amman:32,39.8093
amman_query_2hq9evzmyg6GO86JGeo5kw,hardened,direction,1,1,amman:32,39.7947
amman_query_2hq9evzmyg6GO86JGeo5kw,hardened,none,2,5,amman:32,36.1773
amman_query_2hq9evzmyg6GO86JGeo5kw,hardened,hardened,2,1,amman:32,39.7940
amman_query_2hq9evzmyg6GO86JGeo5kw,hardened,direction,2,1,amman:32,39.7497
amman_query_2lABfkOBYPSLZkKhyRxYdA,clean,none,0,4,amman:6,
amman_query_2lABfkOBYPSLZkKhyRxYdA,isotropic,none,0,9,amman:6,36.1773
amman_query_2lABfkOBYPSLZkKhyRxYdA,isotropic,isotropic,0,3,amman:6,43.8119
amman_query_2lABfkOBYPSLZkKhyRxYdA,isotropic,none,1,8,amman:6,36.1773
amman_query_2lABfkOBYPSLZkKhyRxYdA,isotropic,isotropic,1,3,amman:6,43.8100
amman_query_2lABfkOBYPSLZkKhyRxYdA,isotropic,none,2,14,amman:6,36.1773
amman_query_2lABfkOBYPSLZkKhyRxYdA,isotropic,isotropic,2,5,amman:6,43.8623
amman_query_2lABfkOBYPSLZkKhyRxYdA,direction,none,0,5,amman:6,36.1773
amman_query_2lABfkOBYPSLZkKhyRxYdA,direction,direction,0,1,amman:6,41.2687
amman_query_2lABfkOBYPSLZkKhyRxYdA,direction,none,1,74,amman:6,36.1773
amman_query_2lABfkOBYPSLZkKhyRxYdA,direction,direction,1,1,amman:6,41.1806
amman_query_2lABfkOBYPSLZkKhyRxYdA,direction,none,2,59,amman:6,36.1773
amman_query_2lABfkOBYPSLZkKhyRxYdA,direction,direction,2,2,amman:6,41.2633
amman_query_2lABfkOBYPSLZkKhyRxYdA,hardened,none,0,178,amman:6,36.1773
amman_query_2lABfkOBYPSLZkKhyRxYdA,hardened,hardened,0,17,amman:6,40.6775
amman_query_2lABfkOBYPSLZkKhyRxYdA,hardened,direction,0,48,amman:6,40.6138
amman_query_2lABfkOBYPSLZkKhyRxYdA,hardened,none,1,59,amman:6,36.1773
amman_query_2lABfkOBYPSLZkKhyRxYdA,hardened,hardened,1,7,amman:6,40.6569
amman_query_2lABfkOBYPSLZkKhyRxYdA,hardened,direction,1,19,amman:6,40.5946
amman_query_2lABfkOBYPSLZkKhyRxYdA,hardened,none,2,69,amman:6,36.1773
amman_query_2lABfkOBYPSLZkKhyRxYdA,hardened,hardened,2,5,amman:6,40.6799
amman_query_2lABfkOBYPSLZkKhyRxYdA,hardened,direction,2,13,amman:6,40.6471
amman_query_2o7YcP9UAqSU1ygtK33BfQ,clean,none,0,3,amman:31,
amman_query_2o7YcP9UAqSU1ygtK33BfQ,isotropic,none,0,1,amman:31,36.1773
amman_query_2o7YcP9UAqSU1ygtK33BfQ,isotropic,isotropic,0,4,amman:31,43.0016
amman_query_2o7YcP9UAqSU1ygtK33BfQ,isotropic,none,1,1,amman:31,36.1773
amman_query_2o7YcP9UAqSU1ygtK33BfQ,isotropic,isotropic,1,4,amman:31,43.0213
amman_query_2o7YcP9UAqSU1ygtK33BfQ,isotropic,none,2,2,amman:31,36.1773
amman_query_2o7YcP9UAqSU1ygtK33BfQ,isotropic,isotropic,2,4,amman:31,43.0108
amman_query_2o7YcP9UAqSU1ygtK33BfQ,direction,none,0,2,amman:31,36.1773
amman_query_2o7YcP9UAqSU1ygtK33BfQ,direction,direction,0,2,amman:31,40.3354
amman_query_2o7YcP9UAqSU1ygtK33BfQ,direction,none,1,6,amman:31,36.1773
amman_query_2o7YcP9UAqSU1ygtK33BfQ,direction,direction,1,1,amman:31,40.3556
amman_query_2o7YcP9UAqSU1ygtK33BfQ,direction,none,2,3,amman:31,36.1773
amman_query_2o7YcP9UAqSU1ygtK33BfQ,direction,direction,2,2,amman:31,40.3558
amman_query_2o7YcP9UAqSU1ygtK33BfQ,hardened,none,0,1,amman:31,36.1773
amman_query_2o7YcP9UAqSU1ygtK33BfQ,hardened,hardened,0,2,amman:31,39.7042
amman_query_2o7YcP9UAqSU1ygtK33BfQ,hardened,direction,0,2,amman:31,39.6509
amman_query_2o7YcP9UAqSU1ygtK33BfQ,hardened,none,1,1,amman:31,36.1773
amman_query_2o7YcP9UAqSU1ygtK33BfQ,hardened,hardened,1,1,amman:31,39.7055
amman_query_2o7YcP9UAqSU1ygtK33BfQ,hardened,direction,1,1,amman:31,39.6811
amman_query_2o7YcP9UAqSU1ygtK33BfQ,hardened,none,2,1,amman:31,36.1773
amman_query_2o7YcP9UAqSU1ygtK33BfQ,hardened,hardened,2,2,amman:31,39.8477
amman_query_2o7YcP9UAqSU1ygtK33BfQ,hardened,direction,2,3,amman:31,39.8317
amman_query_2pCCoWfi0AP_93cYLKD9sA,clean,none,0,11,amman:1,
amman_query_2pCCoWfi0AP_93cYLKD9sA,isotropic,none,0,56,amman:1,36.1773
amman_query_2pCCoWfi0AP_93cYLKD9sA,isotropic,isotropic,0,53,amman:1,42.1302
amman_query_2pCCoWfi0AP_93cYLKD9sA,isotropic,none,1,151,amman:1,36.1773
amman_query_2pCCoWfi0AP_93cYLKD9sA,isotropic,isotropic,1,31,amman:1,42.1713
amman_query_2pCCoWfi0AP_93cYLKD9sA,isotropic,none,2,80,amman:1,36.1773
amman_query_2pCCoWfi0AP_93cYLKD9sA,isotropic,isotropic,2,26,amman:1,42.1086
amman_query_2pCCoWfi0AP_93cYLKD9sA,direction,none,0,76,amman:1,36.1773
amman_query_2pCCoWfi0AP_93cYLKD9sA,direction,direction,0,17,amman:1,39.3495
amman_query_2pCCoWfi0AP_93cYLKD9sA,direction,none,1,16,amman:1,36.1773
amman_query_2pCCoWfi0AP_93cYLKD9sA,direction,direction,1,2,amman:1,39.2987
amman_query_2pCCoWfi0AP_93cYLKD9sA,direction,none,2,34,amman:1,36.1773
amman_query_2pCCoWfi0AP_93cYLKD9sA,direction,direction,2,10,amman:1,39.3507
amman_query_2pCCoWfi0AP_93cYLKD9sA,hardened,none,0,8,amman:1,36.1773
amman_query_2pCCoWfi0AP_93cYLKD9sA,hardened,hardened,0,4,amman:1,39.0894
amman_query_2pCCoWfi0AP_93cYLKD9sA,hardened,direction,0,2,amman:1,39.0065
amman_query_2pCCoWfi0AP_93cYLKD9sA,hardened,none,1,11,amman:1,36.1773
amman_query_2pCCoWfi0AP_93cYLKD9sA,hardened,hardened,1,11,amman:1,39.1144
amman_query_2pCCoWfi0AP_93cYLKD9sA,hardened,direction,1,8,amman:1,39.0384
amman_query_2pCCoWfi0AP_93cYLKD9sA,hardened,none,2,11,amman:1,36.1773
amman_query_2pCCoWfi0AP_93cYLKD9sA,hardened,hardened,2,7,amman:1,39.1083
amman_query_2pCCoWfi0AP_93cYLKD9sA,hardened,direction,2,8,amman:1,39.0229
amman_query_2pZlZDNh_3B-gECdtvklWQ,clean,none,0,1,amman:29,
amman_query_2pZlZDNh_3B-gECdtvklWQ,isotropic,none,0,1,amman:29,36.1773
amman_query_2pZlZDNh_3B-gECdtvklWQ,isotropic,isotropic,0,1,amman:29,41.2940
amman_query_2pZlZDNh_3B-gECdtvklWQ,isotropic,none,1,1,amman:29,36.1773
amman_query_2pZlZDNh_3B-gECdtvklWQ,isotropic,isotropic,1,1,amman:29,41.3165
amman_query_2pZlZDNh_3B-gECdtvklWQ,isotropic,none,2,1,amman:29,36.1773
amman_query_2pZlZDNh_3B-gECdtvklWQ,isotropic,isotropic,2,1,amman:29,41.3354
amman_query_2pZlZDNh_3B-gECdtvklWQ,direction,none,0,1,amman:29,36.1773
amman_query_2pZlZDNh_3B-gECdtvklWQ,direction,direction,0,2,amman:29,38.7728
amman_query_2pZlZDNh_3B-gECdtvklWQ,direction,none,1,1,amman:29,36.1773
amman_query_2pZlZDNh_3B-gECdtvklWQ,direction,direction,1,1,amman:29,38.7605
amman_query_2pZlZDNh_3B-gECdtvklWQ,direction,none,2,3,amman:29,36.1773
amman_query_2pZlZDNh_3B-gECdtvklWQ,direction,direction,2,2,amman:29,38.7689
amman_query_2pZlZDNh_3B-gECdtvklWQ,hardened,none,0,3,amman:29,36.1773
amman_query_2pZlZDNh_3B-gECdtvklWQ,hardened,hardened,0,1,amman:29,38.4874
amman_query_2pZlZDNh_3B-gECdtvklWQ,hardened,direction,0,1,amman:29,38.4357
amman_query_2pZlZDNh_3B-gECdtvklWQ,hardened,none,1,2,amman:29,36.1773
amman_query_2pZlZDNh_3B-gECdtvklWQ,hardened,hardened,1,1,amman:29,38.5135
amman_query_2pZlZDNh_3B-gECdtvklWQ,hardened,direction,1,1,amman:29,38.4342
amman_query_2pZlZDNh_3B-gECdtvklWQ,hardened,none,2,2,amman:29,36.1773
amman_query_2pZlZDNh_3B-gECdtvklWQ,hardened,hardened,2,1,amman:29,38.4704
amman_query_2pZlZDNh_3B-gECdtvklWQ,hardened,direction,2,1,amman:29,38.3926
amman_query_2rTDzpKAZdmx5K2aSyos9w,clean,none,0,48,amman:11,
amman_query_2rTDzpKAZdmx5K2aSyos9w,isotropic,none,0,47,amman:11,36.1773
amman_query_2rTDzpKAZdmx5K2aSyos9w,isotropic,isotropic,0,20,amman:11,43.4730
amman_query_2rTDzpKAZdmx5K2aSyos9w,isotropic,none,1,49,amman:11,36.1773
amman_query_2rTDzpKAZdmx5K2aSyos9w,isotropic,isotropic,1,4,amman:11,43.5281
amman_query_2rTDzpKAZdmx5K2aSyos9w,isotropic,none,2,34,amman:11,36.1773
amman_query_2rTDzpKAZdmx5K2aSyos9w,isotropic,isotropic,2,12,amman:11,43.5041
amman_query_2rTDzpKAZdmx5K2aSyos9w,direction,none,0,310,amman:11,36.1773
amman_query_2rTDzpKAZdmx5K2aSyos9w,direction,direction,0,29,amman:11,40.6359
amman_query_2rTDzpKAZdmx5K2aSyos9w,direction,none,1,874,amman:11,36.1773
amman_query_2rTDzpKAZdmx5K2aSyos9w,direction,direction,1,223,amman:11,40.6554
amman_query_2rTDzpKAZdmx5K2aSyos9w,direction,none,2,808,amman:11,36.1773
amman_query_2rTDzpKAZdmx5K2aSyos9w,direction,direction,2,269,amman:11,40.7312
amman_query_2rTDzpKAZdmx5K2aSyos9w,hardened,none,0,237,amman:11,36.1773
amman_query_2rTDzpKAZdmx5K2aSyos9w,hardened,hardened,0,89,amman:11,40.1944
amman_query_2rTDzpKAZdmx5K2aSyos9w,hardened,direction,0,114,amman:11,40.1448
amman_query_2rTDzpKAZdmx5K2aSyos9w,hardened,none,1,144,amman:11,36.1773
amman_query_2rTDzpKAZdmx5K2aSyos9w,hardened,hardened,1,75,amman:11,40.1516
amman_query_2rTDzpKAZdmx5K2aSyos9w,hardened,direction,1,49,amman:11,40.1091
amman_query_2rTDzpKAZdmx5K2aSyos9w,hardened,none,2,128,amman:11,36.1773
amman_query_2rTDzpKAZdmx5K2aSyos9w,hardened,hardened,2,105,amman:11,40.1393
amman_query_2rTDzpKAZdmx5K2aSyos9w,hardened,direction,2,58,amman:11,40.0424
boston_query_--LUAhgqzqNM6FyWSJ-Dsw,clean,none,0,1,boston:87,
boston_query_--LUAhgqzqNM6FyWSJ-Dsw,isotropic,none,0,1,boston:87,36.1773
boston_query_--LUAhgqzqNM6FyWSJ-Dsw,isotropic,isotropic,0,1,boston:87,43.3744
boston_query_--LUAhgqzqNM6FyWSJ-Dsw,isotropic,none,1,1,boston:87,36.1773
boston_query_--LUAhgqzqNM6FyWSJ-Dsw,isotropic,isotropic,1,1,boston:87,43.4038
boston_query_--LUAhgqzqNM6FyWSJ-Dsw,isotropic,none,2,1,boston:87,36.1773
boston_query_--LUAhgqzqNM6FyWSJ-Dsw,isotropic,isotropic,2,1,boston:87,43.4183
boston_query_--LUAhgqzqNM6FyWSJ-Dsw,direction,none,0,1,boston:87,36.1773
boston_query_--LUAhgqzqNM6FyWSJ-Dsw,direction,direction,0,1,boston:87,40.2822
boston_query_--LUAhgqzqNM6FyWSJ-Dsw,direction,none,1,1,boston:87,36.1773
boston_query_--LUAhgqzqNM6FyWSJ-Dsw,direction,direction,1,1,boston:87,40.3533
boston_query_--LUAhgqzqNM6FyWSJ-Dsw,direction,none,2,1,boston:87,36.1773
boston_query_--LUAhgqzqNM6FyWSJ-Dsw,direction,direction,2,1,boston:87,40.2586
boston_query_--LUAhgqzqNM6FyWSJ-Dsw,hardened,none,0,1,boston:87,36.1773
boston_query_--LUAhgqzqNM6FyWSJ-Dsw,hardened,hardened,0,1,boston:87,39.6286
boston_query_--LUAhgqzqNM6FyWSJ-Dsw,hardened,direction,0,1,boston:87,39.6841
boston_query_--LUAhgqzqNM6FyWSJ-Dsw,hardened,none,1,1,boston:87,36.1773
boston_query_--LUAhgqzqNM6FyWSJ-Dsw,hardened,hardened,1,1,boston:87,39.6244
boston_query_--LUAhgqzqNM6FyWSJ-Dsw,hardened,direction,1,1,boston:87,39.6903
boston_query_--LUAhgqzqNM6FyWSJ-Dsw,hardened,none,2,1,boston:87,36.1773
boston_query_--LUAhgqzqNM6FyWSJ-Dsw,hardened,hardened,2,1,boston:87,39.6640
boston_query_--LUAhgqzqNM6FyWSJ-Dsw,hardened,direction,2,1,boston:87,39.7317
boston_query_--VtRctVkqAafFr5b_6GXg,clean,none,0,40,boston:262,
boston_query_--VtRctVkqAafFr5b_6GXg,isotropic,none,0,17,boston:262,36.1773
boston_query_--VtRctVkqAafFr5b_6GXg,isotropic,isotropic,0,22,boston:262,42.5188
boston_query_--VtRctVkqAafFr5b_6GXg,isotropic,none,1,1,boston:262,36.1773
boston_query_--VtRctVkqAafFr5b_6GXg,isotropic,isotropic,1,11,boston:262,42.4740
boston_query_--VtRctVkqAafFr5b_6GXg,isotropic,none,2,5,boston:262,36.1773
boston_query_--VtRctVkqAafFr5b_6GXg,isotropic,isotropic,2,3,boston:262,42.4391
boston_query_--VtRctVkqAafFr5b_6GXg,direction,none,0,138,boston:262,36.1773
boston_query_--VtRctVkqAafFr5b_6GXg,direction,direction,0,11,boston:262,39.5814
boston_query_--VtRctVkqAafFr5b_6GXg,direction,none,1,1,boston:262,36.1773
boston_query_--VtRctVkqAafFr5b_6GXg,direction,direction,1,5,boston:262,39.7008
boston_query_--VtRctVkqAafFr5b_6GXg,direction,none,2,466,boston:262,36.1773
boston_query_--VtRctVkqAafFr5b_6GXg,direction,direction,2,50,boston:262,39.6653
boston_query_--VtRctVkqAafFr5b_6GXg,hardened,none,0,18,boston:262,36.1773
boston_query_--VtRctVkqAafFr5b_6GXg,hardened,hardened,0,5,boston:262,39.3058
boston_query_--VtRctVkqAafFr5b_6GXg,hardened,direction,0,4,boston:262,39.2710
boston_query_--VtRctVkqAafFr5b_6GXg,hardened,none,1,3,boston:262,36.1773
boston_query_--VtRctVkqAafFr5b_6GXg,hardened,hardened,1,4,boston:262,39.2717
boston_query_--VtRctVkqAafFr5b_6GXg,hardened,direction,1,1,boston:262,39.2309
boston_query_--VtRctVkqAafFr5b_6GXg,hardened,none,2,5,boston:262,36.1773
boston_query_--VtRctVkqAafFr5b_6GXg,hardened,hardened,2,2,boston:262,39.2621
boston_query_--VtRctVkqAafFr5b_6GXg,hardened,direction,2,1,boston:262,39.2185
boston_query_-0n5FDAuOditKvxIekIbBg,clean,none,0,2,boston:239,
boston_query_-0n5FDAuOditKvxIekIbBg,isotropic,none,0,1,boston:239,36.1773
boston_query_-0n5FDAuOditKvxIekIbBg,isotropic,isotropic,0,2,boston:239,44.0944
boston_query_-0n5FDAuOditKvxIekIbBg,isotropic,none,1,1,boston:239,36.1773
boston_query_-0n5FDAuOditKvxIekIbBg,isotropic,isotropic,1,2,boston:239,44.0861
boston_query_-0n5FDAuOditKvxIekIbBg,isotropic,none,2,1,boston:239,36.1773
boston_query_-0n5FDAuOditKvxIekIbBg,isotropic,isotropic,2,3,boston:239,44.1055
boston_query_-0n5FDAuOditKvxIekIbBg,direction,none,0,1,boston:239,36.1773
boston_query_-0n5FDAuOditKvxIekIbBg,direction,direction,0,2,boston:239,40.7934
boston_query_-0n5FDAuOditKvxIekIbBg,direction,none,1,1,boston:239,36.1773
boston_query_-0n5FDAuOditKvxIekIbBg,direction,direction,1,1,boston:239,40.8247
boston_query_-0n5FDAuOditKvxIekIbBg,direction,none,2,1,boston:239,36.1773
boston_query_-0n5FDAuOditKvxIekIbBg,direction,direction,2,2,boston:239,40.8112
boston_query_-0n5FDAuOditKvxIekIbBg,hardened,none,0,1,boston:239,36.1773
boston_query_-0n5FDAuOditKvxIekIbBg,hardened,hardened,0,2,boston:239,40.2353
boston_query_-0n5FDAuOditKvxIekIbBg,hardened,direction,0,2,boston:239,40.2387
boston_query_-0n5FDAuOditKvxIekIbBg,hardened,none,1,1,boston:239,36.1773
boston_query_-0n5FDAuOditKvxIekIbBg,hardened,hardened,1,2,boston:239,40.1854
boston_query_-0n5FDAuOditKvxIekIbBg,hardened,direction,1,4,boston:239,40.2110
boston_query_-0n5FDAuOditKvxIekIbBg,hardened,none,2,1,boston:239,36.1773
boston_query_-0n5FDAuOditKvxIekIbBg,hardened,hardened,2,7,boston:239,40.2115
boston_query_-0n5FDAuOditKvxIekIbBg,hardened,direction,2,6,boston:239,40.2303
boston_query_-3hM-MR6uuw3se14vw3G0w,clean,none,0,524,boston:84,
boston_query_-3hM-MR6uuw3se14vw3G0w,isotropic,none,0,74,boston:84,36.1773
boston_query_-3hM-MR6uuw3se14vw3G0w,isotropic,isotropic,0,939,boston:84,44.5157
boston_query_-3hM-MR6uuw3se14vw3G0w,isotropic,none,1,13,boston:84,36.1773
boston_query_-3hM-MR6uuw3se14vw3G0w,isotropic,isotropic,1,482,boston:84,44.4865
boston_query_-3hM-MR6uuw3se14vw3G0w,isotropic,none,2,98,boston:84,36.1773
boston_query_-3hM-MR6uuw3se14vw3G0w,isotropic,isotropic,2,542,boston:84,44.5417
boston_query_-3hM-MR6uuw3se14vw3G0w,direction,none,0,246,boston:84,36.1773
boston_query_-3hM-MR6uuw3se14vw3G0w,direction,direction,0,669,boston:84,41.3969
boston_query_-3hM-MR6uuw3se14vw3G0w,direction,none,1,35,boston:84,36.1773
boston_query_-3hM-MR6uuw3se14vw3G0w,direction,direction,1,586,boston:84,41.5288
boston_query_-3hM-MR6uuw3se14vw3G0w,direction,none,2,77,boston:84,36.1773
boston_query_-3hM-MR6uuw3se14vw3G0w,direction,direction,2,604,boston:84,41.5852
boston_query_-3hM-MR6uuw3se14vw3G0w,hardened,none,0,143,boston:84,36.1773
boston_query_-3hM-MR6uuw3se14vw3G0w,hardened,hardened,0,1046,boston:84,40.7290
boston_query_-3hM-MR6uuw3se14vw3G0w,hardened,direction,0,874,boston:84,40.8007
boston_query_-3hM-MR6uuw3se14vw3G0w,hardened,none,1,217,boston:84,36.1773
boston_query_-3hM-MR6uuw3se14vw3G0w,hardened,hardened,1,605,boston:84,40.7801
boston_query_-3hM-MR6uuw3se14vw3G0w,hardened,direction,1,1043,boston:84,40.8472
boston_query_-3hM-MR6uuw3se14vw3G0w,hardened,none,2,44,boston:84,36.1773
boston_query_-3hM-MR6uuw3se14vw3G0w,hardened,hardened,2,451,boston:84,40.8436
boston_query_-3hM-MR6uuw3se14vw3G0w,hardened,direction,2,413,boston:84,40.8818
boston_query_-4vuSn0vvcBVOccgQqFlow,clean,none,0,1,boston:149,
boston_query_-4vuSn0vvcBVOccgQqFlow,isotropic,none,0,1,boston:149,36.1773
boston_query_-4vuSn0vvcBVOccgQqFlow,isotropic,isotropic,0,1,boston:149,41.5760
boston_query_-4vuSn0vvcBVOccgQqFlow,isotropic,none,1,1,boston:149,36.1773
boston_query_-4vuSn0vvcBVOccgQqFlow,isotropic,isotropic,1,1,boston:149,41.5776
boston_query_-4vuSn0vvcBVOccgQqFlow,isotropic,none,2,1,boston:149,36.1773
boston_query_-4vuSn0vvcBVOccgQqFlow,isotropic,isotropic,2,1,boston:149,41.5835
boston_query_-4vuSn0vvcBVOccgQqFlow,direction,none,0,1,boston:149,36.1773
boston_query_-4vuSn0vvcBVOccgQqFlow,direction,direction,0,3,boston:149,38.8901
boston_query_-4vuSn0vvcBVOccgQqFlow,direction,none,1,1,boston:149,36.1773
boston_query_-4vuSn0vvcBVOccgQqFlow,direction,direction,1,2,boston:149,38.9066
boston_query_-4vuSn0vvcBVOccgQqFlow,direction,none,2,2,boston:149,36.1773
boston_query_-4vuSn0vvcBVOccgQqFlow,direction,direction,2,1,boston:149,38.8521
boston_query_-4vuSn0vvcBVOccgQqFlow,hardened,none,0,1,boston:149,36.1773
boston_query_-4vuSn0vvcBVOccgQqFlow,hardened,hardened,0,1,boston:149,38.6634
boston_query_-4vuSn0vvcBVOccgQqFlow,hardened,direction,0,1,boston:149,38.5811
boston_query_-4vuSn0vvcBVOccgQqFlow,hardened,none,1,2,boston:149,36.1773
boston_query_-4vuSn0vvcBVOccgQqFlow,hardened,hardened,1,1,boston:149,38.5984
boston_query_-4vuSn0vvcBVOccgQqFlow,hardened,direction,1,1,boston:149,38.5175
boston_query_-4vuSn0vvcBVOccgQqFlow,hardened,none,2,1,boston:149,36.1773
boston_query_-4vuSn0vvcBVOccgQqFlow,hardened,hardened,2,2,boston:149,38.6087
boston_query_-4vuSn0vvcBVOccgQqFlow,hardened,direction,2,5,boston:149,38.5291
boston_query_-5-CNr3q7kmRGcDSMueI4w,clean,none,0,1,boston:234,
boston_query_-5-CNr3q7kmRGcDSMueI4w,isotropic,none,0,1,boston:234,36.1773
boston_query_-5-CNr3q7kmRGcDSMueI4w,isotropic,isotropic,0,1,boston:234,41.7990
boston_query_-5-CNr3q7kmRGcDSMueI4w,isotropic,none,1,1,boston:234,36.1773
boston_query_-5-CNr3q7kmRGcDSMueI4w,isotropic,isotropic,1,1,boston:234,41.7628
boston_query_-5-CNr3q7kmRGcDSMueI4w,isotropic,none,2,1,boston:234,36.1773
boston_query_-5-CNr3q7kmRGcDSMueI4w,isotropic,isotropic,2,1,boston:234,41.7509
boston_query_-5-CNr3q7kmRGcDSMueI4w,direction,none,0,1,boston:234,36.1773
boston_query_-5-CNr3q7kmRGcDSMueI4w,direction,direction,0,1,boston:234,38.8567
boston_query_-5-CNr3q7kmRGcDSMueI4w,direction,none,1,1,boston:234,36.1773
boston_query_-5-CNr3q7kmRGcDSMueI4w,direction,direction,1,1,boston:234,38.9140
boston_query_-5-CNr3q7kmRGcDSMueI4w,direction,none,2,1,boston:234,36.1773
boston_query_-5-CNr3q7kmRGcDSMueI4w,direction,direction,2,1,boston:234,38.8967
boston_query_-5-CNr3q7kmRGcDSMueI4w,hardened,none,0,1,boston:234,36.1773
boston_query_-5-CNr3q7kmRGcDSMueI4w,hardened,hardened,0,1,boston:234,38.6402
boston_query_-5-CNr3q7kmRGcDSMueI4w,hardened,direction,0,1,boston:234,38.5843
boston_query_-5-CNr3q7kmRGcDSMueI4w,hardened,none,1,1,boston:234,36.1773
boston_query_-5-CNr3q7kmRGcDSMueI4w,hardened,hardened,1,1,boston:234,38.6373
boston_query_-5-CNr3q7kmRGcDSMueI4w,hardened,direction,1,1,boston:234,38.5952
boston_query_-5-CNr3q7kmRGcDSMueI4w,hardened,none,2,2,boston:234,36.1773
boston_query_-5-CNr3q7kmRGcDSMueI4w,hardened,hardened,2,1,boston:234,38.6060
boston_query_-5-CNr3q7kmRGcDSMueI4w,hardened,direction,2,1,boston:234,38.5448
boston_query_-6RLrPXAeunQaNK6m645ZA,clean,none,0,1,boston:237,
boston_query_-6RLrPXAeunQaNK6m645ZA,isotropic,none,0,1,boston:237,36.1773
boston_query_-6RLrPXAeunQaNK6m645ZA,isotropic,isotropic,0,1,boston:237,41.7652
boston_query_-6RLrPXAeunQaNK6m645ZA,isotropic,none,1,1,boston:237,36.1773
boston_query_-6RLrPXAeunQaNK6m645ZA,isotropic,isotropic,1,1,boston:237,41.7850
boston_query_-6RLrPXAeunQaNK6m645ZA,isotropic,none,2,1,boston:237,36.1773
boston_query_-6RLrPXAeunQaNK6m645ZA,isotropic,isotropic,2,1,boston:237,41.7631
boston_query_-6RLrPXAeunQaNK6m645ZA,direction,none,0,1,boston:237,36.1773
boston_query_-6RLrPXAeunQaNK6m645ZA,direction,direction,0,1,boston:237,38.9704
boston_query_-6RLrPXAeunQaNK6m645ZA,direction,none,1,1,boston:237,36.1773
boston_query_-6RLrPXAeunQaNK6m645ZA,direction,direction,1,1,boston:237,39.0120
boston_query_-6RLrPXAeunQaNK6m645ZA,direction,none,2,1,boston:237,36.1773
boston_query_-6RLrPXAeunQaNK6m645ZA,direction,direction,2,1,boston:237,38.9522
boston_query_-6RLrPXAeunQaNK6m645ZA,hardened,none,0,1,boston:237,36.1773
boston_query_-6RLrPXAeunQaNK6m645ZA,hardened,hardened,0,1,boston:237,38.8236
boston_query_-6RLrPXAeunQaNK6m645ZA,hardened,direction,0,1,boston:237,38.6961
boston_query_-6RLrPXAeunQaNK6m645ZA,hardened,none,1,1,boston:237,36.1773
boston_query_-6RLrPXAeunQaNK6m645ZA,hardened,hardened,1,1,boston:237,38.7756
boston_query_-6RLrPXAeunQaNK6m645ZA,hardened,direction,1,1,boston:237,38.6487
boston_query_-6RLrPXAeunQaNK6m645ZA,hardened,none,2,1,boston:237,36.1773
boston_query_-6RLrPXAeunQaNK6m645ZA,hardened,hardened,2,1,boston:237,38.7733
boston_query_-6RLrPXAeunQaNK6m645ZA,hardened,direction,2,1,boston:237,38.6523
boston_query_-7KZUz5u8-7ja98pf8etVA,clean,none,0,12,boston:176,
boston_query_-7KZUz5u8-7ja98pf8etVA,isotropic,none,0,52,boston:176,36.1773
boston_query_-7KZUz5u8-7ja98pf8etVA,isotropic,isotropic,0,23,boston:176,42.1367
boston_query_-7KZUz5u8-7ja98pf8etVA,isotropic,none,1,62,boston:176,36.1773
boston_query_-7KZUz5u8-7ja98pf8etVA,isotropic,isotropic,1,65,boston:176,42.1555
boston_query_-7KZUz5u8-7ja98pf8etVA,isotropic,none,2,52,boston:176,36.1773
boston_query_-7KZUz5u8-7ja98pf8etVA,isotropic,isotropic,2,38,boston:176,42.1059
boston_query_-7KZUz5u8-7ja98pf8etVA,direction,none,0,143,boston:176,36.1773
boston_query_-7KZUz5u8-7ja98pf8etVA,direction,direction,0,219,boston:176,39.4090
boston_query_-7KZUz5u8-7ja98pf8etVA,direction,none,1,39,boston:176,36.1773
boston_query_-7KZUz5u8-7ja98pf8etVA,direction,direction,1,334,boston:176,39.4118
boston_query_-7KZUz5u8-7ja98pf8etVA,direction,none,2,55,boston:176,36.1773
boston_query_-7KZUz5u8-7ja98pf8etVA,direction,direction,2,203,boston:176,39.3863
boston_query_-7KZUz5u8-7ja98pf8etVA,hardened,none,0,148,boston:176,36.1773
boston_query_-7KZUz5u8-7ja98pf8etVA,hardened,hardened,0,331,boston:176,38.9477
boston_query_-7KZUz5u8-7ja98pf8etVA,hardened,direction,0,210,boston:176,38.8917
boston_query_-7KZUz5u8-7ja98pf8etVA,hardened,none,1,116,boston:176,36.1773
boston_query_-7KZUz5u8-7ja98pf8etVA,hardened,hardened,1,96,boston:176,38.9457
boston_query_-7KZUz5u8-7ja98pf8etVA,hardened,direction,1,34,boston:176,38.8802
boston_query_-7KZUz5u8-7ja98pf8etVA,hardened,none,2,223,boston:176,36.1773
boston_query_-7KZUz5u8-7ja98pf8etVA,hardened,hardened,2,54,boston:176,38.9924
boston_query_-7KZUz5u8-7ja98pf8etVA,hardened,direction,2,33,boston:176,38.8929
boston_query_-8cIAPzC7_za-xCEWsIoK2,clean,none,0,245,boston:248,
boston_query_-8cIAPzC7_za-xCEWsIoK2,isotropic,none,0,410,boston:248,36.1773
boston_query_-8cIAPzC7_za-xCEWsIoK2,isotropic,isotropic,0,193,boston:248,42.8620
boston_query_-8cIAPzC7_za-xCEWsIoK2,isotropic,none,1,147,boston:248,36.1773
boston_query_-8cIAPzC7_za-xCEWsIoK2,isotropic,isotropic,1,240,boston:248,42.8723
boston_query_-8cIAPzC7_za-xCEWsIoK2,isotropic,none,2,307,boston:248,36.1773
boston_query_-8cIAPzC7_za-xCEWsIoK2,isotropic,isotropic,2,106,boston:248,42.8472
boston_query_-8cIAPzC7_za-xCEWsIoK2,direction,none,0,65,boston:248,36.1773
boston_query_-8cIAPzC7_za-xCEWsIoK2,direction,direction,0,214,boston:248,40.1321
boston_query_-8cIAPzC7_za-xCEWsIoK2,direction,none,1,38,boston:248,36.1773
boston_query_-8cIAPzC7_za-xCEWsIoK2,direction,direction,1,205,boston:248,40.1290
boston_query_-8cIAPzC7_za-xCEWsIoK2,direction,none,2,126,boston:248,36.1773
boston_query_-8cIAPzC7_za-xCEWsIoK2,direction,direction,2,792,boston:248,40.1026
boston_query_-8cIAPzC7_za-xCEWsIoK2,hardened,none,0,483,boston:248,36.1773
boston_query_-8cIAPzC7_za-xCEWsIoK2,hardened,hardened,0,754,boston:248,39.3771
boston_query_-8cIAPzC7_za-xCEWsIoK2,hardened,direction,0,382,boston:248,39.4299
boston_query_-8cIAPzC7_za-xCEWsIoK2,hardened,none,1,1139,boston:248,36.1773
boston_query_-8cIAPzC7_za-xCEWsIoK2,hardened,hardened,1,715,boston:248,39.4503
boston_query_-8cIAPzC7_za-xCEWsIoK2,hardened,direction,1,629,boston:248,39.5201
boston_query_-8cIAPzC7_za-xCEWsIoK2,hardened,none,2,370,boston:248,36.1773
boston_query_-8cIAPzC7_za-xCEWsIoK2,hardened,hardened,2,807,boston:248,39.4528
boston_query_-8cIAPzC7_za-xCEWsIoK2,hardened,direction,2,679,boston:248,39.4816
boston_query_-9Lur-PAHqcMspWszAgfqw,clean,none,0,1,boston:249,
boston_query_-9Lur-PAHqcMspWszAgfqw,isotropic,none,0,1,boston:249,36.1773
boston_query_-9Lur-PAHqcMspWszAgfqw,isotropic,isotropic,0,1,boston:249,42.2362
boston_query_-9Lur-PAHqcMspWszAgfqw,isotropic,none,1,1,boston:249,36.1773
boston_query_-9Lur-PAHqcMspWszAgfqw,isotropic,isotropic,1,1,boston:249,42.2002
boston_query_-9Lur-PAHqcMspWszAgfqw,isotropic,none,2,1,boston:249,36.1773
boston_query_-9Lur-PAHqcMspWszAgfqw,isotropic,isotropic,2,1,boston:249,42.2144
boston_query_-9Lur-PAHqcMspWszAgfqw,direction,none,0,1,boston:249,36.1773
boston_query_-9Lur-PAHqcMspWszAgfqw,direction,direction,0,1,boston:249,39.5395
boston_query_-9Lur-PAHqcMspWszAgfqw,direction,none,1,3,boston:249,36.1773
boston_query_-9Lur-PAHqcMspWszAgfqw,direction,direction,1,1,boston:249,39.6241
boston_query_-9Lur-PAHqcMspWszAgfqw,direction,none,2,1,boston:249,36.1773
boston_query_-9Lur-PAHqcMspWszAgfqw,direction,direction,2,1,boston:249,39.5503
boston_query_-9Lur-PAHqcMspWszAgfqw,hardened,none,0,2,boston:249,36.1773
boston_query_-9Lur-PAHqcMspWszAgfqw,hardened,hardened,0,1,boston:249,39.1431
boston_query_-9Lur-PAHqcMspWszAgfqw,hardened,direction,0,1,boston:249,39.0924
boston_query_-9Lur-PAHqcMspWszAgfqw,hardened,none,1,12,boston:249,36.1773
boston_query_-9Lur-PAHqcMspWszAgfqw,hardened,hardened,1,1,boston:249,39.1766
boston_query_-9Lur-PAHqcMspWszAgfqw,hardened,direction,1,1,boston:249,39.1146
boston_query_-9Lur-PAHqcMspWszAgfqw,hardened,none,2,1,boston:249,36.1773
boston_query_-9Lur-PAHqcMspWszAgfqw,hardened,hardened,2,1,boston:249,39.1132
boston_query_-9Lur-PAHqcMspWszAgfqw,hardened,direction,2,1,boston:249,39.0416
boston_query_-9gbUk-DmX9AOqntuN1nEm,clean,none,0,14,boston:168,
boston_query_-9gbUk-DmX9AOqntuN1nEm,isotropic,none,0,22,boston:168,36.1773
boston_query_-9gbUk-DmX9AOqntuN1nEm,isotropic,isotropic,0,70,boston:168,41.5464
boston_query_-9gbUk-DmX9AOqntuN1nEm,isotropic,none,1,14,boston:168,36.1773
boston_query_-9gbUk-DmX9AOqntuN1nEm,isotropic,isotropic,1,16,boston:168,41.5950
boston_query_-9gbUk-DmX9AOqntuN1nEm,isotropic,none,2,48,boston:168,36.1773
boston_query_-9gbUk-DmX9AOqntuN1nEm,isotropic,isotropic,2,39,boston:168,41.5949
boston_query_-9gbUk-DmX9AOqntuN1nEm,direction,none,0,68,boston:168,36.1773
boston_query_-9gbUk-DmX9AOqntuN1nEm,direction,direction,0,246,boston:168,38.6915
boston_query_-9gbUk-DmX9AOqntuN1nEm,direction,none,1,134,boston:168,36.1773
boston_query_-9gbUk-DmX9AOqntuN1nEm,direction,direction,1,253,boston:168,38.6427
boston_query_-9gbUk-DmX9AOqntuN1nEm,direction,none,2,473,boston:168,36.1773
boston_query_-9gbUk-DmX9AOqntuN1nEm,direction,direction,2,424,boston:168,38.7820
boston_query_-9gbUk-DmX9AOqntuN1nEm,hardened,none,0,172,boston:168,36.1773
boston_query_-9gbUk-DmX9AOqntuN1nEm,hardened,hardened,0,176,boston:168,38.3499
boston_query_-9gbUk-DmX9AOqntuN1nEm,hardened,direction,0,208,boston:168,38.4321
boston_query_-9gbUk-DmX9AOqntuN1nEm,hardened,none,1,8,boston:168,36.1773
boston_query_-9gbUk-DmX9AOqntuN1nEm,hardened,hardened,1,49,boston:168,38.3820
boston_query_-9gbUk-DmX9AOqntuN1nEm,hardened,direction,1,122,boston:168,38.4349
boston_query_-9gbUk-DmX9AOqntuN1nEm,hardened,none,2,169,boston:168,36.1773
boston_query_-9gbUk-DmX9AOqntuN1nEm,hardened,hardened,2,65,boston:168,38.3793
boston_query_-9gbUk-DmX9AOqntuN1nEm,hardened,direction,2,81,boston:168,38.4519
boston_query_-AJWNV55EAzvKArt5mMYqg,clean,none,0,53,boston:144,
boston_query_-AJWNV55EAzvKArt5mMYqg,isotropic,none,0,17,boston:144,36.1773
boston_query_-AJWNV55EAzvKArt5mMYqg,isotropic,isotropic,0,25,boston:144,43.2924
boston_query_-AJWNV55EAzvKArt5mMYqg,isotropic,none,1,6,boston:144,36.1773
boston_query_-AJWNV55EAzvKArt5mMYqg,isotropic,isotropic,1,91,boston:144,43.3281
boston_query_-AJWNV55EAzvKArt5mMYqg,isotropic,none,2,20,boston:144,36.1773
boston_query_-AJWNV55EAzvKArt5mMYqg,isotropic,isotropic,2,58,boston:144,43.2718
boston_query_-AJWNV55EAzvKArt5mMYqg,direction,none,0,71,boston:144,36.1773
boston_query_-AJWNV55EAzvKArt5mMYqg,direction,direction,0,47,boston:144,40.5404
boston_query_-AJWNV55EAzvKArt5mMYqg,direction,none,1,47,boston:144,36.1773
boston_query_-AJWNV55EAzvKArt5mMYqg,direction,direction,1,24,boston:144,40.5815
boston_query_-AJWNV55EAzvKArt5mMYqg,direction,none,2,113,boston:144,36.1773
boston_query_-AJWNV55EAzvKArt5mMYqg,direction,direction,2,44,boston:144,40.5609
boston_query_-AJWNV55EAzvKArt5mMYqg,hardened,none,0,230,boston:144,36.1773
boston_query_-AJWNV55EAzvKArt5mMYqg,hardened,hardened,0,23,boston:144,40.1459
boston_query_-AJWNV55EAzvKArt5mMYqg,hardened,direction,0,20,boston:144,40.0901
boston_query_-AJWNV55EAzvKArt5mMYqg,hardened,none,1,4,boston:144,36.1773
boston_query_-AJWNV55EAzvKArt5mMYqg,hardened,hardened,1,1,boston:144,40.1424
boston_query_-AJWNV55EAzvKArt5mMYqg,hardened,direction,1,1,boston:144,40.0403
boston_query_-AJWNV55EAzvKArt5mMYqg,hardened,none,2,54,boston:144,36.1773
boston_query_-AJWNV55EAzvKArt5mMYqg,hardened,hardened,2,16,boston:144,40.1599
boston_query_-AJWNV55EAzvKArt5mMYqg,hardened,direction,2,19,boston:144,40.0852
boston_query_-Ae9_7GnntvqV8myNb9fhv,clean,none,0,2,boston:191,
boston_query_-Ae9_7GnntvqV8myNb9fhv,isotropic,none,0,6,boston:191,36.1773
boston_query_-Ae9_7GnntvqV8myNb9fhv,isotropic,isotropic,0,6,boston:191,42.7008
boston_query_-Ae9_7GnntvqV8myNb9fhv,isotropic,none,1,1,boston:191,36.1773
boston_query_-Ae9_7GnntvqV8myNb9fhv,isotropic,isotropic,1,9,boston:191,42.6849
boston_query_-Ae9_7GnntvqV8myNb9fhv,isotropic,none,2,2,boston:191,36.1773
boston_query_-Ae9_7GnntvqV8myNb9fhv,isotropic,isotropic,2,3,boston:191,42.7131
boston_query_-Ae9_7GnntvqV8myNb9fhv,direction,none,0,108,boston:191,36.1773
boston_query_-Ae9_7GnntvqV8myNb9fhv,direction,direction,0,15,boston:191,40.2423
boston_query_-Ae9_7GnntvqV8myNb9fhv,direction,none,1,40,boston:191,36.1773
boston_query_-Ae9_7GnntvqV8myNb9fhv,direction,direction,1,6,boston:191,40.2769
boston_query_-Ae9_7GnntvqV8myNb9fhv,direction,none,2,127,boston:191,36.1773
boston_query_-Ae9_7GnntvqV8myNb9fhv,direction,direction,2,4,boston:191,40.2419
boston_query_-Ae9_7GnntvqV8myNb9fhv,hardened,none,0,124,boston:191,36.1773
boston_query_-Ae9_7GnntvqV8myNb9fhv,hardened,hardened,0,2,boston:191,39.7312
boston_query_-Ae9_7GnntvqV8myNb9fhv,hardened,direction,0,3,boston:191,39.6978
boston_query_-Ae9_7GnntvqV8myNb9fhv,hardened,none,1,10,boston:191,36.1773
boston_query_-Ae9_7GnntvqV8myNb9fhv,hardened,hardened,1,3,boston:191,39.7824
boston_query_-Ae9_7GnntvqV8myNb9fhv,hardened,direction,1,9,boston:191,39.7564
boston_query_-Ae9_7GnntvqV8myNb9fhv,hardened,none,2,17,boston:191,36.1773
boston_query_-Ae9_7GnntvqV8myNb9fhv,hardened,hardened,2,1,boston:191,39.7707
boston_query_-Ae9_7GnntvqV8myNb9fhv,hardened,direction,2,6,boston:191,39.7429
boston_query_-BE36-GG_yM6YS57M_uMTQ,clean,none,0,22,boston:84,
boston_query_-BE36-GG_yM6YS57M_uMTQ,isotropic,none,0,22,boston:84,36.1773
boston_query_-BE36-GG_yM6YS57M_uMTQ,isotropic,isotropic,0,80,boston:84,44.4425
boston_query_-BE36-GG_yM6YS57M_uMTQ,isotropic,none,1,31,boston:84,36.1773
boston_query_-BE36-GG_yM6YS57M_uMTQ,isotropic,isotropic,1,130,boston:84,44.5030
boston_query_-BE36-GG_yM6YS57M_uMTQ,isotropic,none,2,15,boston:84,36.1773
boston_query_-BE36-GG_yM6YS57M_uMTQ,isotropic,isotropic,2,71,boston:84,44.4588
boston_query_-BE36-GG_yM6YS57M_uMTQ,direction,none,0,308,boston:84,36.1773
boston_query_-BE36-GG_yM6YS57M_uMTQ,direction,direction,0,63,boston:84,41.2897
boston_query_-BE36-GG_yM6YS57M_uMTQ,direction,none,1,184,boston:84,36.1773
boston_query_-BE36-GG_yM6YS57M_uMTQ,direction,direction,1,153,boston:84,41.4169
boston_query_-BE36-GG_yM6YS57M_uMTQ,direction,none,2,61,boston:84,36.1773
boston_query_-BE36-GG_yM6YS57M_uMTQ,direction,direction,2,82,boston:84,41.2988
boston_query_-BE36-GG_yM6YS57M_uMTQ,hardened,none,0,6,boston:84,36.1773
boston_query_-BE36-GG_yM6YS57M_uMTQ,hardened,hardened,0,163,boston:84,40.6201
boston_query_-BE36-GG_yM6YS57M_uMTQ,hardened,direction,0,235,boston:84,40.6558
boston_query_-BE36-GG_yM6YS57M_uMTQ,hardened,none,1,9,boston:84,36.1773
boston_query_-BE36-GG_yM6YS57M_uMTQ,hardened,hardened,1,534,boston:84,40.6451
boston_query_-BE36-GG_yM6YS57M_uMTQ,hardened,direction,1,639,boston:84,40.6257
boston_query_-BE36-GG_yM6YS57M_uMTQ,hardened,none,2,18,boston:84,36.1773
boston_query_-BE36-GG_yM6YS57M_uMTQ,hardened,hardened,2,303,boston:84,40.6556
boston_query_-BE36-GG_yM6YS57M_uMTQ,hardened,direction,2,469,boston:84,40.6654
boston_query_-CNeDzWqfei0F-1CmA8N9A,clean,none,0,1,boston:156,
boston_query_-CNeDzWqfei0F-1CmA8N9A,isotropic,none,0,1,boston:156,36.1773
boston_query_-CNeDzWqfei0F-1CmA8N9A,isotropic,isotropic,0,1,boston:156,42.2136
boston_query_-CNeDzWqfei0F-1CmA8N9A,isotropic,none,1,1,boston:156,36.1773
boston_query_-CNeDzWqfei0F-1CmA8N9A,isotropic,isotropic,1,1,boston:156,42.2339
boston_query_-CNeDzWqfei0F-1CmA8N9A,isotropic,none,2,1,boston:156,36.1773
boston_query_-CNeDzWqfei0F-1CmA8N9A,isotropic,isotropic,2,1,boston:156,42.2255
boston_query_-CNeDzWqfei0F-1CmA8N9A,direction,none,0,1,boston:156,36.1773
boston_query_-CNeDzWqfei0F-1CmA8N9A,direction,direction,0,1,boston:156,39.2813
boston_query_-CNeDzWqfei0F-1CmA8N9A,direction,none,1,1,boston:156,36.1773
boston_query_-CNeDzWqfei0F-1CmA8N9A,direction,direction,1,1,boston:156,39.3348
boston_query_-CNeDzWqfei0F-1CmA8N9A,direction,none,2,1,boston:156,36.1773
boston_query_-CNeDzWqfei0F-1CmA8N9A,direction,direction,2,1,boston:156,39.3543
boston_query_-CNeDzWqfei0F-1CmA8N9A,hardened,none,0,1,boston:156,36.1773
boston_query_-CNeDzWqfei0F-1CmA8N9A,hardened,hardened,0,1,boston:156,39.0075
boston_query_-CNeDzWqfei0F-1CmA8N9A,hardened,direction,0,1,boston:156,38.9432
boston_query_-CNeDzWqfei0F-1CmA8N9A,hardened,none,1,1,boston:156,36.1773
boston_query_-CNeDzWqfei0F-1CmA8N9A,hardened,hardened,1,1,boston:156,39.0231
boston_query_-CNeDzWqfei0F-1CmA8N9A,hardened,direction,1,1,boston:156,38.9621
boston_query_-CNeDzWqfei0F-1CmA8N9A,hardened,none,2,1,boston:156,36.1773
boston_query_-CNeDzWqfei0F-1CmA8N9A,hardened,hardened,2,1,boston:156,39.0202
boston_query_-CNeDzWqfei0F-1CmA8N9A,hardened,direction,2,1,boston:156,38.9639
boston_query_-D-onyWSIw3M1SbsxL7X-g,clean,none,0,1,boston:27,
boston_query_-D-onyWSIw3M1SbsxL7X-g,isotropic,none,0,1,boston:27,36.1773
boston_query_-D-onyWSIw3M1SbsxL7X-g,isotropic,isotropic,0,1,boston:27,41.0048
boston_query_-D-onyWSIw3M1SbsxL7X-g,isotropic,none,1,1,boston:27,36.1773
boston_query_-D-onyWSIw3M1SbsxL7X-g,isotropic,isotropic,1,1,boston:27,41.0072
boston_query_-D-onyWSIw3M1SbsxL7X-g,isotropic,none,2,1,boston:27,36.1773
boston_query_-D-onyWSIw3M1SbsxL7X-g,isotropic,isotropic,2,1,boston:27,40.9895
boston_query_-D-onyWSIw3M1SbsxL7X-g,direction,none,0,1,boston:27,36.1773
boston_query_-D-onyWSIw3M1SbsxL7X-g,direction,direction,0,1,boston:27,38.4292
boston_query_-D-onyWSIw3M1SbsxL7X-g,direction,none,1,1,boston:27,36.1773
boston_query_-D-onyWSIw3M1SbsxL7X-g,direction,direction,1,1,boston:27,38.3339
boston_query_-D-onyWSIw3M1SbsxL7X-g,direction,none,2,1,boston:27,36.1773
boston_query_-D-onyWSIw3M1SbsxL7X-g,direction,direction,2,1,boston:27,38.3917
boston_query_-D-onyWSIw3M1SbsxL7X-g,hardened,none,0,3,boston:27,36.1773
boston_query_-D-onyWSIw3M1SbsxL7X-g,hardened,hardened,0,1,boston:27,38.1035
boston_query_-D-onyWSIw3M1SbsxL7X-g,hardened,direction,0,1,boston:27,38.0932
boston_query_-D-onyWSIw3M1SbsxL7X-g,hardened,none,1,3,boston:27,36.1773
boston_query_-D-onyWSIw3M1SbsxL7X-g,hardened,hardened,1,1,boston:27,38.1795
boston_query_-D-onyWSIw3M1SbsxL7X-g,hardened,direction,1,1,boston:27,38.1728
boston_query_-D-onyWSIw3M1SbsxL7X-g,hardened,none,2,3,boston:27,36.1773
boston_query_-D-onyWSIw3M1SbsxL7X-g,hardened,hardened,2,1,boston:27,38.0459
boston_query_-D-onyWSIw3M1SbsxL7X-g,hardened,direction,2,1,boston:27,38.0618
boston_query_-DYvemYiNwx_BmPSrlUWIA,clean,none,0,1,boston:144,
boston_query_-DYvemYiNwx_BmPSrlUWIA,isotropic,none,0,1,boston:144,36.1773
boston_query_-DYvemYiNwx_BmPSrlUWIA,isotropic,isotropic,0,1,boston:144,43.0637
boston_query_-DYvemYiNwx_BmPSrlUWIA,isotropic,none,1,1,boston:144,36.1773
boston_query_-DYvemYiNwx_BmPSrlUWIA,isotropic,isotropic,1,1,boston:144,43.0698
boston_query_-DYvemYiNwx_BmPSrlUWIA,isotropic,none,2,1,boston:144,36.1773
boston_query_-DYvemYiNwx_BmPSrlUWIA,isotropic,isotropic,2,1,boston:144,43.0970
boston_query_-DYvemYiNwx_BmPSrlUWIA,direction,none,0,1,boston:144,36.1773
boston_query_-DYvemYiNwx_BmPSrlUWIA,direction,direction,0,1,boston:144,40.3564
boston_query_-DYvemYiNwx_BmPSrlUWIA,direction,none,1,4,boston:144,36.1773
boston_query_-DYvemYiNwx_BmPSrlUWIA,direction,direction,1,1,boston:144,40.3014
boston_query_-DYvemYiNwx_BmPSrlUWIA,direction,none,2,1,boston:144,36.1773
boston_query_-DYvemYiNwx_BmPSrlUWIA,direction,direction,2,1,boston:144,40.2980
boston_query_-DYvemYiNwx_BmPSrlUWIA,hardened,none,0,14,boston:144,36.1773
boston_query_-DYvemYiNwx_BmPSrlUWIA,hardened,hardened,0,1,boston:144,39.8053
boston_query_-DYvemYiNwx_BmPSrlUWIA,hardened,direction,0,1,boston:144,39.7504
boston_query_-DYvemYiNwx_BmPSrlUWIA,hardened,none,1,3,boston:144,36.1773
boston_query_-DYvemYiNwx_BmPSrlUWIA,hardened,hardened,1,1,boston:144,39.8497
boston_query_-DYvemYiNwx_BmPSrlUWIA,hardened,direction,1,1,boston:144,39.7974
boston_query_-DYvemYiNwx_BmPSrlUWIA,hardened,none,2,2,boston:144,36.1773
boston_query_-DYvemYiNwx_BmPSrlUWIA,hardened,hardened,2,1,boston:144,39.8766
boston_query_-DYvemYiNwx_BmPSrlUWIA,hardened,direction,2,1,boston:144,39.8127
boston_query_-DZ2jmUKLylFospVHUJx9w,clean,none,0,1,boston:144,
boston_query_-DZ2jmUKLylFospVHUJx9w,isotropic,none,0,1,boston:144,36.1773
boston_query_-DZ2jmUKLylFospVHUJx9w,isotropic,isotropic,0,1,boston:144,43.4106
boston_query_-DZ2jmUKLylFospVHUJx9w,isotropic,none,1,1,boston:144,36.1773
boston_query_-DZ2jmUKLylFospVHUJx9w,isotropic,isotropic,1,1,boston:144,43.3793
boston_query_-DZ2jmUKLylFospVHUJx9w,isotropic,none,2,1,boston:144,36.1773
boston_query_-DZ2jmUKLylFospVHUJx9w,isotropic,isotropic,2,1,boston:144,43.4217
boston_query_-DZ2jmUKLylFospVHUJx9w,direction,none,0,1,boston:144,36.1773
boston_query_-DZ2jmUKLylFospVHUJx9w,direction,direction,0,1,boston:144,40.5732
boston_query_-DZ2jmUKLylFospVHUJx9w,direction,none,1,6,boston:144,36.1773
boston_query_-DZ2jmUKLylFospVHUJx9w,direction,direction,1,1,boston:144,40.7415
boston_query_-DZ2jmUKLylFospVHUJx9w,direction,none,2,2,boston:144,36.1773
boston_query_-DZ2jmUKLylFospVHUJx9w,direction,direction,2,1,boston:144,40.6330
boston_query_-DZ2jmUKLylFospVHUJx9w,hardened,none,0,3,boston:144,36.1773
boston_query_-DZ2jmUKLylFospVHUJx9w,hardened,hardened,0,1,boston:144,40.3372
boston_query_-DZ2jmUKLylFospVHUJx9w,hardened,direction,0,2,boston:144,40.2298
boston_query_-DZ2jmUKLylFospVHUJx9w,hardened,none,1,1,boston:144,36.1773
boston_query_-DZ2jmUKLylFospVHUJx9w,hardened,hardened,1,1,boston:144,40.2870
boston_query_-DZ2jmUKLylFospVHUJx9w,hardened,direction,1,1,boston:144,40.1934
boston_query_-DZ2jmUKLylFospVHUJx9w,hardened,none,2,20,boston:144,36.1773
boston_query_-DZ2jmUKLylFospVHUJx9w,hardened,hardened,2,1,boston:144,40.3113
boston_query_-DZ2jmUKLylFospVHUJx9w,hardened,direction,2,1,boston:144,40.2166
boston_query_-EHBZ4-3d6vENYYFm7mWEw,clean,none,0,1,boston:123,
boston_query_-EHBZ4-3d6vENYYFm7mWEw,isotropic,none,0,1,boston:123,36.1773
boston_query_-EHBZ4-3d6vENYYFm7mWEw,isotropic,isotropic,0,1,boston:123,43.9833
boston_query_-EHBZ4-3d6vENYYFm7mWEw,isotropic,none,1,1,boston:123,36.1773
boston_query_-EHBZ4-3d6vENYYFm7mWEw,isotropic,isotropic,1,1,boston:123,43.9646
boston_query_-EHBZ4-3d6vENYYFm7mWEw,isotropic,none,2,1,boston:123,36.1773
boston_query_-EHBZ4-3d6vENYYFm7mWEw,isotropic,isotropic,2,1,boston:123,43.9738
boston_query_-EHBZ4-3d6vENYYFm7mWEw,direction,none,0,1,boston:123,36.1773
boston_query_-EHBZ4-3d6vENYYFm7mWEw,direction,direction,0,1,boston:123,41.1745
boston_query_-EHBZ4-3d6vENYYFm7mWEw,direction,none,1,1,boston:123,36.1773
boston_query_-EHBZ4-3d6vENYYFm7mWEw,direction,direction,1,1,boston:123,41.2050
boston_query_-EHBZ4-3d6vENYYFm7mWEw,direction,none,2,1,boston:123,36.1773
boston_query_-EHBZ4-3d6vENYYFm7mWEw,direction,direction,2,1,boston:123,41.1126
boston_query_-EHBZ4-3d6vENYYFm7mWEw,hardened,none,0,1,boston:123,36.1773
boston_query_-EHBZ4-3d6vENYYFm7mWEw,hardened,hardened,0,1,boston:123,40.6545
boston_query_-EHBZ4-3d6vENYYFm7mWEw,hardened,direction,0,1,boston:123,40.5934
boston_query_-EHBZ4-3d6vENYYFm7mWEw,hardened,none,1,1,boston:123,36.1773
boston_query_-EHBZ4-3d6vENYYFm7mWEw,hardened,hardened,1,1,boston:123,40.6574
boston_query_-EHBZ4-3d6vENYYFm7mWEw,hardened,direction,1,1,boston:123,40.6248
boston_query_-EHBZ4-3d6vENYYFm7mWEw,hardened,none,2,1,boston:123,36.1773
boston_query_-EHBZ4-3d6vENYYFm7mWEw,hardened,hardened,2,1,boston:123,40.6709
boston_query_-EHBZ4-3d6vENYYFm7mWEw,hardened,direction,2,1,boston:123,40.6512
boston_query_-F1y-kaybMQbp8p7UR03TA,clean,none,0,3,boston:250,
boston_query_-F1y-kaybMQbp8p7UR03TA,isotropic,none,0,6,boston:250,36.1773
boston_query_-F1y-kaybMQbp8p7UR03TA,isotropic,isotropic,0,3,boston:250,41.5567
boston_query_-F1y-kaybMQbp8p7UR03TA,isotropic,none,1,9,boston:250,36.1773
boston_query_-F1y-kaybMQbp8p7UR03TA,isotropic,isotropic,1,3,boston:250,41.5541
boston_query_-F1y-kaybMQbp8p7UR03TA,isotropic,none,2,7,boston:250,36.1773
boston_query_-F1y-kaybMQbp8p7UR03TA,isotropic,isotropic,2,3,boston:250,41.5332
boston_query_-F1y-kaybMQbp8p7UR03TA,direction,none,0,34,boston:250,36.1773
boston_query_-F1y-kaybMQbp8p7UR03TA,direction,direction,0,3,boston:250,38.8325
boston_query_-F1y-kaybMQbp8p7UR03TA,direction,none,1,9,boston:250,36.1773
boston_query_-F1y-kaybMQbp8p7UR03TA,direction,direction,1,1,boston:250,38.8490
boston_query_-F1y-kaybMQbp8p7UR03TA,direction,none,2,29,boston:250,36.1773
boston_query_-F1y-kaybMQbp8p7UR03TA,direction,direction,2,1,boston:250,38.7594
boston_query_-F1y-kaybMQbp8p7UR03TA,hardened,none,0,1,boston:250,36.1773
boston_query_-F1y-kaybMQbp8p7UR03TA,hardened,hardened,0,1,boston:250,38.4321
boston_query_-F1y-kaybMQbp8p7UR03TA,hardened,direction,0,1,boston:250,38.4240
boston_query_-F1y-kaybMQbp8p7UR03TA,hardened,none,1,2,boston:250,36.1773
boston_query_-F1y-kaybMQbp8p7UR03TA,hardened,hardened,1,1,boston:250,38.5089
boston_query_-F1y-kaybMQbp8p7UR03TA,hardened,direction,1,1,boston:250,38.4888
boston_query_-F1y-kaybMQbp8p7UR03TA,hardened,none,2,2,boston:250,36.1773
boston_query_-F1y-kaybMQbp8p7UR03TA,hardened,hardened,2,1,boston:250,38.4593
boston_query_-F1y-kaybMQbp8p7UR03TA,hardened,direction,2,1,boston:250,38.4360
boston_query_-GJo3fVMwIWZoCYgf09NLQ,clean,none,0,115,boston:235,
boston_query_-GJo3fVMwIWZoCYgf09NLQ,isotropic,none,0,97,boston:235,36.1773
boston_query_-GJo3fVMwIWZoCYgf09NLQ,isotropic,isotropic,0,256,boston:235,41.4918
boston_query_-GJo3fVMwIWZoCYgf09NLQ,isotropic,none,1,256,boston:235,36.1773
boston_query_-GJo3fVMwIWZoCYgf09NLQ,isotropic,isotropic,1,135,boston:235,41.4989
boston_query_-GJo3fVMwIWZoCYgf09NLQ,isotropic,none,2,68,boston:235,36.1773
boston_query_-GJo3fVMwIWZoCYgf09NLQ,isotropic,isotropic,2,121,boston:235,41.4955
boston_query_-GJo3fVMwIWZoCYgf09NLQ,direction,none,0,25,boston:235,36.1773
boston_query_-GJo3fVMwIWZoCYgf09NLQ,direction,direction,0,163,boston:235,38.9665
boston_query_-GJo3fVMwIWZoCYgf09NLQ,direction,none,1,163,boston:235,36.1773
boston_query_-GJo3fVMwIWZoCYgf09NLQ,direction,direction,1,257,boston:235,38.9488
boston_query_-GJo3fVMwIWZoCYgf09NLQ,direction,none,2,8,boston:235,36.1773
boston_query_-GJo3fVMwIWZoCYgf09NLQ,direction,direction,2,154,boston:235,38.9048
boston_query_-GJo3fVMwIWZoCYgf09NLQ,hardened,none,0,8,boston:235,36.1773
boston_query_-GJo3fVMwIWZoCYgf09NLQ,hardened,hardened,0,62,boston:235,38.7247
boston_query_-GJo3fVMwIWZoCYgf09NLQ,hardened,direction,0,96,boston:235,38.6456
boston_query_-GJo3fVMwIWZoCYgf09NLQ,hardened,none,1,64,boston:235,36.1773
boston_query_-GJo3fVMwIWZoCYgf09NLQ,hardened,hardened,1,141,boston:235,38.7184
boston_query_-GJo3fVMwIWZoCYgf09NLQ,hardened,direction,1,192,boston:235,38.6499
boston_query_-GJo3fVMwIWZoCYgf09NLQ,hardened,none,2,21,boston:235,36.1773
boston_query_-GJo3fVMwIWZoCYgf09NLQ,hardened,hardened,2,156,boston:235,38.7158
boston_query_-GJo3fVMwIWZoCYgf09NLQ,hardened,direction,2,135,boston:235,38.6493
boston_query_-HufF4iDO00S4hZK96hUyw,clean,none,0,1,boston:145,
boston_query_-HufF4iDO00S4hZK96hUyw,isotropic,none,0,1,boston:145,36.1773
boston_query_-HufF4iDO00S4hZK96hUyw,isotropic,isotropic,0,1,boston:145,42.0004
boston_query_-HufF4iDO00S4hZK96hUyw,isotropic,none,1,1,boston:145,36.1773
boston_query_-HufF4iDO00S4hZK96hUyw,isotropic,isotropic,1,1,boston:145,42.0305
boston_query_-HufF4iDO00S4hZK96hUyw,isotropic,none,2,1,boston:145,36.1773
boston_query_-HufF4iDO00S4hZK96hUyw,isotropic,isotropic,2,1,boston:145,41.9962
boston_query_-HufF4iDO00S4hZK96hUyw,direction,none,0,1,boston:145,36.1773
boston_query_-HufF4iDO00S4hZK96hUyw,direction,direction,0,1,boston:145,39.1804
boston_query_-HufF4iDO00S4hZK96hUyw,direction,none,1,1,boston:145,36.1773
boston_query_-HufF4iDO00S4hZK96hUyw,direction,direction,1,1,boston:145,39.2603
boston_query_-HufF4iDO00S4hZK96hUyw,direction,none,2,1,boston:145,36.1773
boston_query_-HufF4iDO00S4hZK96hUyw,direction,direction,2,1,boston:145,39.2542
boston_query_-HufF4iDO00S4hZK96hUyw,hardened,none,0,1,boston:145,36.1773
boston_query_-HufF4iDO00S4hZK96hUyw,hardened,hardened,0,1,boston:145,38.8662
boston_query_-HufF4iDO00S4hZK96hUyw,hardened,direction,0,1,boston:145,38.7785
boston_query_-HufF4iDO00S4hZK96hUyw,hardened,none,1,1,boston:145,36.1773
boston_query_-HufF4iDO00S4hZK96hUyw,hardened,hardened,1,1,boston:145,38.8513
boston_query_-HufF4iDO00S4hZK96hUyw,hardened,direction,1,1,boston:145,38.7490
boston_query_-HufF4iDO00S4hZK96hUyw,hardened,none,2,1,boston:145,36.1773
boston_query_-HufF4iDO00S4hZK96hUyw,hardened,hardened,2,1,boston:145,38.8770
boston_query_-HufF4iDO00S4hZK96hUyw,hardened,direction,2,1,boston:145,38.7788
boston_query_-IYAXZ4yoOS7SzEIu2m-me,clean,none,0,240,boston:98,
boston_query_-IYAXZ4yoOS7SzEIu2m-me,isotropic,none,0,408,boston:98,36.1773
boston_query_-IYAXZ4yoOS7SzEIu2m-me,isotropic,isotropic,0,191,boston:98,42.0492
boston_query_-IYAXZ4yoOS7SzEIu2m-me,isotropic,none,1,136,boston:98,36.1773
boston_query_-IYAXZ4yoOS7SzEIu2m-me,isotropic,isotropic,1,115,boston:98,42.0827
boston_query_-IYAXZ4yoOS7SzEIu2m-me,isotropic,none,2,472,boston:98,36.1773
boston_query_-IYAXZ4yoOS7SzEIu2m-me,isotropic,isotropic,2,194,boston:98,42.0415
boston_query_-IYAXZ4yoOS7SzEIu2m-me,direction,none,0,166,boston:98,36.1773
boston_query_-IYAXZ4yoOS7SzEIu2m-me,direction,direction,0,454,boston:98,39.2016
boston_query_-IYAXZ4yoOS7SzEIu2m-me,direction,none,1,135,boston:98,36.1773
boston_query_-IYAXZ4yoOS7SzEIu2m-me,direction,direction,1,89,boston:98,39.1691
boston_query_-IYAXZ4yoOS7SzEIu2m-me,direction,none,2,55,boston:98,36.1773
boston_query_-IYAXZ4yoOS7SzEIu2m-me,direction,direction,2,201,boston:98,39.2240
boston_query_-IYAXZ4yoOS7SzEIu2m-me,hardened,none,0,336,boston:98,36.1773
boston_query_-IYAXZ4yoOS7SzEIu2m-me,hardened,hardened,0,117,boston:98,38.4981
boston_query_-IYAXZ4yoOS7SzEIu2m-me,hardened,direction,0,80,boston:98,38.5720
boston_query_-IYAXZ4yoOS7SzEIu2m-me,hardened,none,1,340,boston:98,36.1773
boston_query_-IYAXZ4yoOS7SzEIu2m-me,hardened,hardened,1,249,boston:98,38.5836
boston_query_-IYAXZ4yoOS7SzEIu2m-me,hardened,direction,1,85,boston:98,38.6648
boston_query_-IYAXZ4yoOS7SzEIu2m-me,hardened,none,2,81,boston:98,36.1773
boston_query_-IYAXZ4yoOS7SzEIu2m-me,hardened,hardened,2,339,boston:98,38.5827
boston_query_-IYAXZ4yoOS7SzEIu2m-me,hardened,direction,2,298,boston:98,38.6298
boston_query_-Jix8HM-vXTXdWrXQwVvQw,clean,none,0,1,boston:123,
boston_query_-Jix8HM-vXTXdWrXQwVvQw,isotropic,none,0,1,boston:123,36.1773
boston_query_-Jix8HM-vXTXdWrXQwVvQw,isotropic,isotropic,0,1,boston:123,43.3835
boston_query_-Jix8HM-vXTXdWrXQwVvQw,isotropic,none,1,1,boston:123,36.1773
boston_query_-Jix8HM-vXTXdWrXQwVvQw,isotropic,isotropic,1,1,boston:123,43.3843
boston_query_-Jix8HM-vXTXdWrXQwVvQw,isotropic,none,2,1,boston:123,36.1773
boston_query_-Jix8HM-vXTXdWrXQwVvQw,isotropic,isotropic,2,1,boston:123,43.3110
boston_query_-Jix8HM-vXTXdWrXQwVvQw,direction,none,0,1,boston:123,36.1773
boston_query_-Jix8HM-vXTXdWrXQwVvQw,direction,direction,0,1,boston:123,40.7191
boston_query_-Jix8HM-vXTXdWrXQwVvQw,direction,none,1,5,boston:123,36.1773
boston_query_-Jix8HM-vXTXdWrXQwVvQw,direction,direction,1,1,boston:123,40.7844
boston_query_-Jix8HM-vXTXdWrXQwVvQw,direction,none,2,1,boston:123,36.1773
boston_query_-Jix8HM-vXTXdWrXQwVvQw,direction,direction,2,1,boston:123,40.7302
boston_query_-Jix8HM-vXTXdWrXQwVvQw,hardened,none,0,1,boston:123,36.1773
boston_query_-Jix8HM-vXTXdWrXQwVvQw,hardened,hardened,0,1,boston:123,40.1022
boston_query_-Jix8HM-vXTXdWrXQwVvQw,hardened,direction,0,1,boston:123,40.0496
boston_query_-Jix8HM-vXTXdWrXQwVvQw,hardened,none,1,8,boston:123,36.1773
boston_query_-Jix8HM-vXTXdWrXQwVvQw,hardened,hardened,1,1,boston:123,40.0933
boston_query_-Jix8HM-vXTXdWrXQwVvQw,hardened,direction,1,1,boston:123,40.0551
boston_query_-Jix8HM-vXTXdWrXQwVvQw,hardened,none,2,1,boston:123,36.1773
boston_query_-Jix8HM-vXTXdWrXQwVvQw,hardened,hardened,2,1,boston:123,40.1047
boston_query_-Jix8HM-vXTXdWrXQwVvQw,hardened,direction,2,1,boston:123,40.0684
boston_query_-Jv7RF27BSJIV-gqOI7KxZ,clean,none,0,1,boston:195,
boston_query_-Jv7RF27BSJIV-gqOI7KxZ,isotropic,none,0,1,boston:195,36.1773
boston_query_-Jv7RF27BSJIV-gqOI7KxZ,isotropic,isotropic,0,1,boston:195,42.5699
boston_query_-Jv7RF27BSJIV-gqOI7KxZ,isotropic,none,1,1,boston:195,36.1773
boston_query_-Jv7RF27BSJIV-gqOI7KxZ,isotropic,isotropic,1,1,boston:195,42.6039
boston_query_-Jv7RF27BSJIV-gqOI7KxZ,isotropic,none,2,1,boston:195,36.1773
boston_query_-Jv7RF27BSJIV-gqOI7KxZ,isotropic,isotropic,2,1,boston:195,42.5654
boston_query_-Jv7RF27BSJIV-gqOI7KxZ,direction,none,0,3,boston:195,36.1773
boston_query_-Jv7RF27BSJIV-gqOI7KxZ,direction,direction,0,4,boston:195,40.5953
boston_query_-Jv7RF27BSJIV-gqOI7KxZ,direction,none,1,1,boston:195,36.1773
boston_query_-Jv7RF27BSJIV-gqOI7KxZ,direction,direction,1,1,boston:195,40.6241
boston_query_-Jv7RF27BSJIV-gqOI7KxZ,direction,none,2,1,boston:195,36.1773
boston_query_-Jv7RF27BSJIV-gqOI7KxZ,direction,direction,2,2,boston:195,40.6972
boston_query_-Jv7RF27BSJIV-gqOI7KxZ,hardened,none,0,4,boston:195,36.1773
boston_query_-Jv7RF27BSJIV-gqOI7KxZ,hardened,hardened,0,1,boston:195,39.9731
boston_query_-Jv7RF27BSJIV-gqOI7KxZ,hardened,direction,0,1,boston:195,40.0538
boston_query_-Jv7RF27BSJIV-gqOI7KxZ,hardened,none,1,1,boston:195,36.1773
boston_query_-Jv7RF27BSJIV-gqOI7KxZ,hardened,hardened,1,1,boston:195,39.9730
boston_query_-Jv7RF27BSJIV-gqOI7KxZ,hardened,direction,1,1,boston:195,40.0310
boston_query_-Jv7RF27BSJIV-gqOI7KxZ,hardened,none,2,30,boston:195,36.1773
boston_query_-Jv7RF27BSJIV-gqOI7KxZ,hardened,hardened,2,1,boston:195,39.9945
boston_query_-Jv7RF27BSJIV-gqOI7KxZ,hardened,direction,2,1,boston:195,40.0695
boston_query_-Kg6j3FKy26wYRLBkE_dFQ,clean,none,0,1,boston:123,
boston_query_-Kg6j3FKy26wYRLBkE_dFQ,isotropic,none,0,1,boston:123,36.1773
boston_query_-Kg6j3FKy26wYRLBkE_dFQ,isotropic,isotropic,0,1,boston:123,43.5092
boston_query_-Kg6j3FKy26wYRLBkE_dFQ,isotropic,none,1,1,boston:123,36.1773
boston_query_-Kg6j3FKy26wYRLBkE_dFQ,isotropic,isotropic,1,1,boston:123,43.5426
boston_query_-Kg6j3FKy26wYRLBkE_dFQ,isotropic,none,2,1,boston:123,36.1773
boston_query_-Kg6j3FKy26wYRLBkE_dFQ,isotropic,isotropic,2,1,boston:123,43.5218
boston_query_-Kg6j3FKy26wYRLBkE_dFQ,direction,none,0,5,boston:123,36.1773
boston_query_-Kg6j3FKy26wYRLBkE_dFQ,direction,direction,0,1,boston:123,40.7598
boston_query_-Kg6j3FKy26wYRLBkE_dFQ,direction,none,1,8,boston:123,36.1773
boston_query_-Kg6j3FKy26wYRLBkE_dFQ,direction,direction,1,1,boston:123,40.6657
boston_query_-Kg6j3FKy26wYRLBkE_dFQ,direction,none,2,2,boston:123,36.1773
boston_query_-Kg6j3FKy26wYRLBkE_dFQ,direction,direction,2,1,boston:123,40.7607
boston_query_-Kg6j3FKy26wYRLBkE_dFQ,hardened,none,0,1,boston:123,36.1773
boston_query_-Kg6j3FKy26wYRLBkE_dFQ,hardened,hardened,0,1,boston:123,40.2513
boston_query_-Kg6j3FKy26wYRLBkE_dFQ,hardened,direction,0,1,boston:123,40.2448
boston_query_-Kg6j3FKy26wYRLBkE_dFQ,hardened,none,1,1,boston:123,36.1773
boston_query_-Kg6j3FKy26wYRLBkE_dFQ,hardened,hardened,1,1,boston:123,40.2754
boston_query_-Kg6j3FKy26wYRLBkE_dFQ,hardened,direction,1,1,boston:123,40.2690
boston_query_-Kg6j3FKy26wYRLBkE_dFQ,hardened,none,2,5,boston:123,36.1773
boston_query_-Kg6j3FKy26wYRLBkE_dFQ,hardened,hardened,2,1,boston:123,40.2025
boston_query_-Kg6j3FKy26wYRLBkE_dFQ,hardened,direction,2,1,boston:123,40.1846
boston_query_-LPTAIN0lPGriKBtXoH5Mg,clean,none,0,1,boston:139,
boston_query_-LPTAIN0lPGriKBtXoH5Mg,isotropic,none,0,1,boston:139,36.1773
boston_query_-LPTAIN0lPGriKBtXoH5Mg,isotropic,isotropic,0,1,boston:139,43.5856
boston_query_-LPTAIN0lPGriKBtXoH5Mg,isotropic,none,1,1,boston:139,36.1773
boston_query_-LPTAIN0lPGriKBtXoH5Mg,isotropic,isotropic,1,1,boston:139,43.5627
boston_query_-LPTAIN0lPGriKBtXoH5Mg,isotropic,none,2,1,boston:139,36.1773
boston_query_-LPTAIN0lPGriKBtXoH5Mg,isotropic,isotropic,2,1,boston:139,43.6135
boston_query_-LPTAIN0lPGriKBtXoH5Mg,direction,none,0,2,boston:139,36.1773
boston_query_-LPTAIN0lPGriKBtXoH5Mg,direction,direction,0,1,boston:139,40.4262
boston_query_-LPTAIN0lPGriKBtXoH5Mg,direction,none,1,1,boston:139,36.1773
boston_query_-LPTAIN0lPGriKBtXoH5Mg,direction,direction,1,1,boston:139,40.4234
boston_query_-LPTAIN0lPGriKBtXoH5Mg,direction,none,2,4,boston:139,36.1773
boston_query_-LPTAIN0lPGriKBtXoH5Mg,direction,direction,2,1,boston:139,40.4855
boston_query_-LPTAIN0lPGriKBtXoH5Mg,hardened,none,0,1,boston:139,36.1773
boston_query_-LPTAIN0lPGriKBtXoH5Mg,hardened,hardened,0,1,boston:139,39.8280
boston_query_-LPTAIN0lPGriKBtXoH5Mg,hardened,direction,0,1,boston:139,39.8511
boston_query_-LPTAIN0lPGriKBtXoH5Mg,hardened,none,1,2,boston:139,36.1773
boston_query_-LPTAIN0lPGriKBtXoH5Mg,hardened,hardened,1,2,boston:139,39.7844
boston_query_-LPTAIN0lPGriKBtXoH5Mg,hardened,direction,1,3,boston:139,39.8101
boston_query_-LPTAIN0lPGriKBtXoH5Mg,hardened,none,2,2,boston:139,36.1773
boston_query_-LPTAIN0lPGriKBtXoH5Mg,hardened,hardened,2,1,boston:139,39.8418
boston_query_-LPTAIN0lPGriKBtXoH5Mg,hardened,direction,2,1,boston:139,39.8527
boston_query_-Lu6tv4tCQMDsXtxLtxMzQ,clean,none,0,14,boston:176,
boston_query_-Lu6tv4tCQMDsXtxLtxMzQ,isotropic,none,0,16,boston:176,36.1773
boston_query_-Lu6tv4tCQMDsXtxLtxMzQ,isotropic,isotropic,0,13,boston:176,41.7630
boston_query_-Lu6tv4tCQMDsXtxLtxMzQ,isotropic,none,1,5,boston:176,36.1773
boston_query_-Lu6tv4tCQMDsXtxLtxMzQ,isotropic,isotropic,1,12,boston:176,41.8227
boston_query_-Lu6tv4tCQMDsXtxLtxMzQ,isotropic,none,2,16,boston:176,36.1773
boston_query_-Lu6tv4tCQMDsXtxLtxMzQ,isotropic,isotropic,2,17,boston:176,41.8040
boston_query_-Lu6tv4tCQMDsXtxLtxMzQ,direction,none,0,42,boston:176,36.1773
boston_query_-Lu6tv4tCQMDsXtxLtxMzQ,direction,direction,0,12,boston:176,38.9152
boston_query_-Lu6tv4tCQMDsXtxLtxMzQ,direction,none,1,19,boston:176,36.1773
boston_query_-Lu6tv4tCQMDsXtxLtxMzQ,direction,direction,1,57,boston:176,38.8963
boston_query_-Lu6tv4tCQMDsXtxLtxMzQ,direction,none,2,43,boston:176,36.1773
boston_query_-Lu6tv4tCQMDsXtxLtxMzQ,direction,direction,2,52,boston:176,38.8859
boston_query_-Lu6tv4tCQMDsXtxLtxMzQ,hardened,none,0,64,boston:176,36.1773
boston_query_-Lu6tv4tCQMDsXtxLtxMzQ,hardened,hardened,0,126,boston:176,38.6743
boston_query_-Lu6tv4tCQMDsXtxLtxMzQ,hardened,direction,0,85,boston:176,38.5998
boston_query_-Lu6tv4tCQMDsXtxLtxMzQ,hardened,none,1,230,boston:176,36.1773
boston_query_-Lu6tv4tCQMDsXtxLtxMzQ,hardened,hardened,1,236,boston:176,38.7469
boston_query_-Lu6tv4tCQMDsXtxLtxMzQ,hardened,direction,1,204,boston:176,38.6758
boston_query_-Lu6tv4tCQMDsXtxLtxMzQ,hardened,none,2,174,boston:176,36.1773
boston_query_-Lu6tv4tCQMDsXtxLtxMzQ,hardened,hardened,2,118,boston:176,38.7182
boston_query_-Lu6tv4tCQMDsXtxLtxMzQ,hardened,direction,2,106,boston:176,38.6579
boston_query_-N2T2kBE4uG56LTsyCQPJg,clean,none,0,35,boston:19,
boston_query_-N2T2kBE4uG56LTsyCQPJg,isotropic,none,0,15,boston:19,36.1773
boston_query_-N2T2kBE4uG56LTsyCQPJg,isotropic,isotropic,0,32,boston:19,42.7057
boston_query_-N2T2kBE4uG56LTsyCQPJg,isotropic,none,1,111,boston:19,36.1773
boston_query_-N2T2kBE4uG56LTsyCQPJg,isotropic,isotropic,1,45,boston:19,42.6979
boston_query_-N2T2kBE4uG56LTsyCQPJg,isotropic,none,2,20,boston:19,36.1773
boston_query_-N2T2kBE4uG56LTsyCQPJg,isotropic,isotropic,2,41,boston:19,42.6900
boston_query_-N2T2kBE4uG56LTsyCQPJg,direction,none,0,17,boston:19,36.1773
boston_query_-N2T2kBE4uG56LTsyCQPJg,direction,direction,0,38,boston:19,39.8846
boston_query_-N2T2kBE4uG56LTsyCQPJg,direction,none,1,20,boston:19,36.1773
boston_query_-N2T2kBE4uG56LTsyCQPJg,direction,direction,1,94,boston:19,39.8170
boston_query_-N2T2kBE4uG56LTsyCQPJg,direction,none,2,137,boston:19,36.1773
boston_query_-N2T2kBE4uG56LTsyCQPJg,direction,direction,2,126,boston:19,39.8404
boston_query_-N2T2kBE4uG56LTsyCQPJg,hardened,none,0,61,boston:19,36.1773
boston_query_-N2T2kBE4uG56LTsyCQPJg,hardened,hardened,0,115,boston:19,39.6574
boston_query_-N2T2kBE4uG56LTsyCQPJg,hardened,direction,0,58,boston:19,39.5677
boston_query_-N2T2kBE4uG56LTsyCQPJg,hardened,none,1,26,boston:19,36.1773
boston_query_-N2T2kBE4uG56LTsyCQPJg,hardened,hardened,1,40,boston:19,39.6890
boston_query_-N2T2kBE4uG56LTsyCQPJg,hardened,direction,1,38,boston:19,39.5926
boston_query_-N2T2kBE4uG56LTsyCQPJg,hardened,none,2,44,boston:19,36.1773
boston_query_-N2T2kBE4uG56LTsyCQPJg,hardened,hardened,2,31,boston:19,39.6038
boston_query_-N2T2kBE4uG56LTsyCQPJg,hardened,direction,2,14,boston:19,39.5208
boston_query_-NRCmKPnLW6ukq5fovMufw,clean,none,0,1,boston:112,
boston_query_-NRCmKPnLW6ukq5fovMufw,isotropic,none,0,1,boston:112,36.1773
boston_query_-NRCmKPnLW6ukq5fovMufw,isotropic,isotropic,0,1,boston:112,41.0245
boston_query_-NRCmKPnLW6ukq5fovMufw,isotropic,none,1,1,boston:112,36.1773
boston_query_-NRCmKPnLW6ukq5fovMufw,isotropic,isotropic,1,1,boston:112,41.0303
boston_query_-NRCmKPnLW6ukq5fovMufw,isotropic,none,2,1,boston:112,36.1773
boston_query_-NRCmKPnLW6ukq5fovMufw,isotropic,isotropic,2,1,boston:112,41.0047
boston_query_-NRCmKPnLW6ukq5fovMufw,direction,none,0,3,boston:112,36.1773
boston_query_-NRCmKPnLW6ukq5fovMufw,direction,direction,0,1,boston:112,38.3177
boston_query_-NRCmKPnLW6ukq5fovMufw,direction,none,1,4,boston:112,36.1773
boston_query_-NRCmKPnLW6ukq5fovMufw,direction,direction,1,1,boston:112,38.4148
boston_query_-NRCmKPnLW6ukq5fovMufw,direction,none,2,19,boston:112,36.1773
boston_query_-NRCmKPnLW6ukq5fovMufw,direction,direction,2,1,boston:112,38.4083
boston_query_-NRCmKPnLW6ukq5fovMufw,hardened,none,0,50,boston:112,36.1773
boston_query_-NRCmKPnLW6ukq5fovMufw,hardened,hardened,0,1,boston:112,38.3392
boston_query_-NRCmKPnLW6ukq5fovMufw,hardened,direction,0,1,boston:112,38.3065
boston_query_-NRCmKPnLW6ukq5fovMufw,hardened,none,1,24,boston:112,36.1773
boston_query_-NRCmKPnLW6ukq5fovMufw,hardened,hardened,1,1,boston:112,38.2281
boston_query_-NRCmKPnLW6ukq5fovMufw,hardened,direction,1,2,boston:112,38.1947
boston_query_-NRCmKPnLW6ukq5fovMufw,hardened,none,2,93,boston:112,36.1773
boston_query_-NRCmKPnLW6ukq5fovMufw,hardened,hardened,2,1,boston:112,38.2264
boston_query_-NRCmKPnLW6ukq5fovMufw,hardened,direction,2,2,boston:112,38.2054
boston_query_-NSEL0mtEJlIM-oR5yFnFg,clean,none,0,1,boston:139,
boston_query_-NSEL0mtEJlIM-oR5yFnFg,isotropic,none,0,1,boston:139,36.1773
boston_query_-NSEL0mtEJlIM-oR5yFnFg,isotropic,isotropic,0,1,boston:139,44.3943
boston_query_-NSEL0mtEJlIM-oR5yFnFg,isotropic,none,1,1,boston:139,36.1773
boston_query_-NSEL0mtEJlIM-oR5yFnFg,isotropic,isotropic,1,1,boston:139,44.4319
boston_query_-NSEL0mtEJlIM-oR5yFnFg,isotropic,none,2,1,boston:139,36.1773
boston_query_-NSEL0mtEJlIM-oR5yFnFg,isotropic,isotropic,2,1,boston:139,44.4106
boston_query_-NSEL0mtEJlIM-oR5yFnFg,direction,none,0,99,boston:139,36.1773
boston_query_-NSEL0mtEJlIM-oR5yFnFg,direction,direction,0,1,boston:139,41.3774
boston_query_-NSEL0mtEJlIM-oR5yFnFg,direction,none,1,55,boston:139,36.1773
boston_query_-NSEL0mtEJlIM-oR5yFnFg,direction,direction,1,1,boston:139,41.4523
boston_query_-NSEL0mtEJlIM-oR5yFnFg,direction,none,2,14,boston:139,36.1773
boston_query_-NSEL0mtEJlIM-oR5yFnFg,direction,direction,2,2,boston:139,41.3686
boston_query_-NSEL0mtEJlIM-oR5yFnFg,hardened,none,0,13,boston:139,36.1773
boston_query_-NSEL0mtEJlIM-oR5yFnFg,hardened,hardened,0,2,boston:139,40.5052
boston_query_-NSEL0mtEJlIM-oR5yFnFg,hardened,direction,0,1,boston:139,40.5642
boston_query_-NSEL0mtEJlIM-oR5yFnFg,hardened,none,1,40,boston:139,36.1773
boston_query_-NSEL0mtEJlIM-oR5yFnFg,hardened,hardened,1,1,boston:139,40.5336
boston_query_-NSEL0mtEJlIM-oR5yFnFg,hardened,direction,1,1,boston:139,40.6444
boston_query_-NSEL0mtEJlIM-oR5yFnFg,hardened,none,2,13,boston:139,36.1773
boston_query_-NSEL0mtEJlIM-oR5yFnFg,hardened,hardened,2,2,boston:139,40.5565
boston_query_-NSEL0mtEJlIM-oR5yFnFg,hardened,direction,2,1,boston:139,40.6451
boston_query_-NUm2lI2JYWeHZ6lrL2eZA,clean,none,0,12,boston:34,
boston_query_-NUm2lI2JYWeHZ6lrL2eZA,isotropic,none,0,5,boston:34,36.1773
boston_query_-NUm2lI2JYWeHZ6lrL2eZA,isotropic,isotropic,0,10,boston:34,41.1584
boston_query_-NUm2lI2JYWeHZ6lrL2eZA,isotropic,none,1,2,boston:34,36.1773
boston_query_-NUm2lI2JYWeHZ6lrL2eZA,isotropic,isotropic,1,4,boston:34,41.1670
boston_query_-NUm2lI2JYWeHZ6lrL2eZA,isotropic,none,2,6,boston:34,36.1773
boston_query_-NUm2lI2JYWeHZ6lrL2eZA,isotropic,isotropic,2,6,boston:34,41.1970
boston_query_-NUm2lI2JYWeHZ6lrL2eZA,direction,none,0,365,boston:34,36.1773
boston_query_-NUm2lI2JYWeHZ6lrL2eZA,direction,direction,0,23,boston:34,38.4778
boston_query_-NUm2lI2JYWeHZ6lrL2eZA,direction,none,1,48,boston:34,36.1773
boston_query_-NUm2lI2JYWeHZ6lrL2eZA,direction,direction,1,5,boston:34,38.5242
boston_query_-NUm2lI2JYWeHZ6lrL2eZA,direction,none,2,49,boston:34,36.1773
boston_query_-NUm2lI2JYWeHZ6lrL2eZA,direction,direction,2,12,boston:34,38.5295
boston_query_-NUm2lI2JYWeHZ6lrL2eZA,hardened,none,0,535,boston:34,36.1773
boston_query_-NUm2lI2JYWeHZ6lrL2eZA,hardened,hardened,0,24,boston:34,38.2073
boston_query_-NUm2lI2JYWeHZ6lrL2eZA,hardened,direction,0,30,boston:34,38.1547
boston_query_-NUm2lI2JYWeHZ6lrL2eZA,hardened,none,1,200,boston:34,36.1773
boston_query_-NUm2lI2JYWeHZ6lrL2eZA,hardened,hardened,1,40,boston:34,38.2570
boston_query_-NUm2lI2JYWeHZ6lrL2eZA,hardened,direction,1,70,boston:34,38.1688
boston_query_-NUm2lI2JYWeHZ6lrL2eZA,hardened,none,2,1001,boston:34,36.1773
boston_query_-NUm2lI2JYWeHZ6lrL2eZA,hardened,hardened,2,70,boston:34,38.2024
boston_query_-NUm2lI2JYWeHZ6lrL2eZA,hardened,direction,2,75,boston:34,38.1324
boston_query_-O6nZhSO0Cgq4iaZ522K2g,clean,none,0,1,boston:90,
boston_query_-O6nZhSO0Cgq4iaZ522K2g,isotropic,none,0,2,boston:90,36.1773
boston_query_-O6nZhSO0Cgq4iaZ522K2g,isotropic,isotropic,0,1,boston:90,43.0424
boston_query_-O6nZhSO0Cgq4iaZ522K2g,isotropic,none,1,3,boston:90,36.1773
boston_query_-O6nZhSO0Cgq4iaZ522K2g,isotropic,isotropic,1,1,boston:90,43.1040
boston_query_-O6nZhSO0Cgq4iaZ522K2g,isotropic,none,2,3,boston:90,36.1773
boston_query_-O6nZhSO0Cgq4iaZ522K2g,isotropic,isotropic,2,1,boston:90,43.0923
boston_query_-O6nZhSO0Cgq4iaZ522K2g,direction,none,0,120,boston:90,36.1773
boston_query_-O6nZhSO0Cgq4iaZ522K2g,direction,direction,0,5,boston:90,40.2828
boston_query_-O6nZhSO0Cgq4iaZ522K2g,direction,none,1,81,boston:90,36.1773
boston_query_-O6nZhSO0Cgq4iaZ522K2g,direction,direction,1,2,boston:90,40.3341
boston_query_-O6nZhSO0Cgq4iaZ522K2g,direction,none,2,204,boston:90,36.1773
boston_query_-O6nZhSO0Cgq4iaZ522K2g,direction,direction,2,4,boston:90,40.3710
boston_query_-O6nZhSO0Cgq4iaZ522K2g,hardened,none,0,34,boston:90,36.1773
boston_query_-O6nZhSO0Cgq4iaZ522K2g,hardened,hardened,0,3,boston:90,39.9159
boston_query_-O6nZhSO0Cgq4iaZ522K2g,hardened,direction,0,3,boston:90,39.8715
boston_query_-O6nZhSO0Cgq4iaZ522K2g,hardened,none,1,35,boston:90,36.1773
boston_query_-O6nZhSO0Cgq4iaZ522K2g,hardened,hardened,1,2,boston:90,39.9386
boston_query_-O6nZhSO0Cgq4iaZ522K2g,hardened,direction,1,2,boston:90,39.8758
boston_query_-O6nZhSO0Cgq4iaZ522K2g,hardened,none,2,22,boston:90,36.1773
boston_query_-O6nZhSO0Cgq4iaZ522K2g,hardened,hardened,2,5,boston:90,40.0505
boston_query_-O6nZhSO0Cgq4iaZ522K2g,hardened,direction,2,4,boston:90,39.9868
boston_query_-OEJzVyBJiypLsHkeOqxKn,clean,none,0,2,boston:79,
boston_query_-OEJzVyBJiypLsHkeOqxKn,isotropic,none,0,15,boston:79,36.1773
boston_query_-OEJzVyBJiypLsHkeOqxKn,isotropic,isotropic,0,1,boston:79,42.4597
boston_query_-OEJzVyBJiypLsHkeOqxKn,isotropic,none,1,10,boston:79,36.1773
boston_query_-OEJzVyBJiypLsHkeOqxKn,isotropic,isotropic,1,16,boston:79,42.4085
boston_query_-OEJzVyBJiypLsHkeOqxKn,isotropic,none,2,26,boston:79,36.1773
boston_query_-OEJzVyBJiypLsHkeOqxKn,isotropic,isotropic,2,11,boston:79,42.4428
boston_query_-OEJzVyBJiypLsHkeOqxKn,direction,none,0,14,boston:79,36.1773
boston_query_-OEJzVyBJiypLsHkeOqxKn,direction,direction,0,40,boston:79,39.4654
boston_query_-OEJzVyBJiypLsHkeOqxKn,direction,none,1,5,boston:79,36.1773
boston_query_-OEJzVyBJiypLsHkeOqxKn,direction,direction,1,10,boston:79,39.4179
boston_query_-OEJzVyBJiypLsHkeOqxKn,direction,none,2,17,boston:79,36.1773
boston_query_-OEJzVyBJiypLsHkeOqxKn,direction,direction,2,35,boston:79,39.4487
boston_query_-OEJzVyBJiypLsHkeOqxKn,hardened,none,0,56,boston:79,36.1773
boston_query_-OEJzVyBJiypLsHkeOqxKn,hardened,hardened,0,68,boston:79,38.8619
boston_query_-OEJzVyBJiypLsHkeOqxKn,hardened,direction,0,43,boston:79,38.9259
boston_query_-OEJzVyBJiypLsHkeOqxKn,hardened,none,1,184,boston:79,36.1773
boston_query_-OEJzVyBJiypLsHkeOqxKn,hardened,hardened,1,86,boston:79,38.8684
boston_query_-OEJzVyBJiypLsHkeOqxKn,hardened,direction,1,108,boston:79,38.9704
boston_query_-OEJzVyBJiypLsHkeOqxKn,hardened,none,2,112,boston:79,36.1773
boston_query_-OEJzVyBJiypLsHkeOqxKn,hardened,hardened,2,12,boston:79,38.8361
boston_query_-OEJzVyBJiypLsHkeOqxKn,hardened,direction,2,13,boston:79,38.9210
boston_query_-OlQhKn0bS9eZTkeJL6ovw,clean,none,0,1,boston:237,
boston_query_-OlQhKn0bS9eZTkeJL6ovw,isotropic,none,0,1,boston:237,36.1773
boston_query_-OlQhKn0bS9eZTkeJL6ovw,isotropic,isotropic,0,1,boston:237,41.5059
boston_query_-OlQhKn0bS9eZTkeJL6ovw,isotropic,none,1,1,boston:237,36.1773
boston_query_-OlQhKn0bS9eZTkeJL6ovw,isotropic,isotropic,1,1,boston:237,41.4920
boston_query_-OlQhKn0bS9eZTkeJL6ovw,isotropic,none,2,1,boston:237,36.1773
boston_query_-OlQhKn0bS9eZTkeJL6ovw,isotropic,isotropic,2,1,boston:237,41.5222
boston_query_-OlQhKn0bS9eZTkeJL6ovw,direction,none,0,1,boston:237,36.1773
boston_query_-OlQhKn0bS9eZTkeJL6ovw,direction,direction,0,1,boston:237,38.7067
boston_query_-OlQhKn0bS9eZTkeJL6ovw,direction,none,1,1,boston:237,36.1773
boston_query_-OlQhKn0bS9eZTkeJL6ovw,direction,direction,1,1,boston:237,38.6923
boston_query_-OlQhKn0bS9eZTkeJL6ovw,direction,none,2,1,boston:237,36.1773
boston_query_-OlQhKn0bS9eZTkeJL6ovw,direction,direction,2,1,boston:237,38.6924
boston_query_-OlQhKn0bS9eZTkeJL6ovw,hardened,none,0,1,boston:237,36.1773
boston_query_-OlQhKn0bS9eZTkeJL6ovw,hardened,hardened,0,1,boston:237,38.5449
boston_query_-OlQhKn0bS9eZTkeJL6ovw,hardened,direction,0,1,boston:237,38.5048
boston_query_-OlQhKn0bS9eZTkeJL6ovw,hardened,none,1,1,boston:237,36.1773
boston_query_-OlQhKn0bS9eZTkeJL6ovw,hardened,hardened,1,1,boston:237,38.5528
boston_query_-OlQhKn0bS9eZTkeJL6ovw,hardened,direction,1,1,boston:237,38.4996
boston_query_-OlQhKn0bS9eZTkeJL6ovw,hardened,none,2,1,boston:237,36.1773
boston_query_-OlQhKn0bS9eZTkeJL6ovw,hardened,hardened,2,1,boston:237,38.5686
boston_query_-OlQhKn0bS9eZTkeJL6ovw,hardened,direction,2,1,boston:237,38.5043
boston_query_-Phryua7d1FHhpGGfaEGcg,clean,none,0,25,boston:47,
boston_query_-Phryua7d1FHhpGGfaEGcg,isotropic,none,0,20,boston:47,36.1773
boston_query_-Phryua7d1FHhpGGfaEGcg,isotropic,isotropic,0,20,boston:47,42.6189
boston_query_-Phryua7d1FHhpGGfaEGcg,isotropic,none,1,27,boston:47,36.1773
boston_query_-Phryua7d1FHhpGGfaEGcg,isotropic,isotropic,1,30,boston:47,42.6014
boston_query_-Phryua7d1FHhpGGfaEGcg,isotropic,none,2,12,boston:47,36.1773
boston_query_-Phryua7d1FHhpGGfaEGcg,isotropic,isotropic,2,30,boston:47,42.6303
boston_query_-Phryua7d1FHhpGGfaEGcg,direction,none,0,4,boston:47,36.1773
boston_query_-Phryua7d1FHhpGGfaEGcg,direction,direction,0,39,boston:47,39.7285
boston_query_-Phryua7d1FHhpGGfaEGcg,direction,none,1,23,boston:47,36.1773
boston_query_-Phryua7d1FHhpGGfaEGcg,direction,direction,1,34,boston:47,39.7028
boston_query_-Phryua7d1FHhpGGfaEGcg,direction,none,2,25,boston:47,36.1773
boston_query_-Phryua7d1FHhpGGfaEGcg,direction,direction,2,34,boston:47,39.6779
boston_query_-Phryua7d1FHhpGGfaEGcg,hardened,none,0,39,boston:47,36.1773
boston_query_-Phryua7d1FHhpGGfaEGcg,hardened,hardened,0,63,boston:47,39.4208
boston_query_-Phryua7d1FHhpGGfaEGcg,hardened,direction,0,40,boston:47,39.3460
boston_query_-Phryua7d1FHhpGGfaEGcg,hardened,none,1,85,boston:47,36.1773
boston_query_-Phryua7d1FHhpGGfaEGcg,hardened,hardened,1,91,boston:47,39.3917
boston_query_-Phryua7d1FHhpGGfaEGcg,hardened,direction,1,39,boston:47,39.2859
boston_query_-Phryua7d1FHhpGGfaEGcg,hardened,none,2,63,boston:47,36.1773
boston_query_-Phryua7d1FHhpGGfaEGcg,hardened,hardened,2,10,boston:47,39.3986
boston_query_-Phryua7d1FHhpGGfaEGcg,hardened,direction,2,11,boston:47,39.2749
boston_query_-Ptt76cqL8Ath-qW7aRUQw,clean,none,0,1,boston:139,
boston_query_-Ptt76cqL8Ath-qW7aRUQw,isotropic,none,0,1,boston:139,36.1773
boston_query_-Ptt76cqL8Ath-qW7aRUQw,isotropic,isotropic,0,1,boston:139,44.2333
boston_query_-Ptt76cqL8Ath-qW7aRUQw,isotropic,none,1,1,boston:139,36.1773
boston_query_-Ptt76cqL8Ath-qW7aRUQw,isotropic,isotropic,1,1,boston:139,44.2308
boston_query_-Ptt76cqL8Ath-qW7aRUQw,isotropic,none,2,1,boston:139,36.1773
boston_query_-Ptt76cqL8Ath-qW7aRUQw,isotropic,isotropic,2,1,boston:139,44.2390
boston_query_-Ptt76cqL8Ath-qW7aRUQw,direction,none,0,1,boston:139,36.1773
boston_query_-Ptt76cqL8Ath-qW7aRUQw,direction,direction,0,1,boston:139,41.2387
boston_query_-Ptt76cqL8Ath-qW7aRUQw,direction,none,1,1,boston:139,36.1773
boston_query_-Ptt76cqL8Ath-qW7aRUQw,direction,direction,1,1,boston:139,41.3165
boston_query_-Ptt76cqL8Ath-qW7aRUQw,direction,none,2,1,boston:139,36.1773
boston_query_-Ptt76cqL8Ath-qW7aRUQw,direction,direction,2,1,boston:139,41.3665
boston_query_-Ptt76cqL8Ath-qW7aRUQw,hardened,none,0,1,boston:139,36.1773
boston_query_-Ptt76cqL8Ath-qW7aRUQw,hardened,hardened,0,1,boston:139,40.4247
boston_query_-Ptt76cqL8Ath-qW7aRUQw,hardened,direction,0,1,boston:139,40.4722
boston_query_-Ptt76cqL8Ath-qW7aRUQw,hardened,none,1,1,boston:139,36.1773
boston_query_-Ptt76cqL8Ath-qW7aRUQw,hardened,hardened,1,2,boston:139,40.5709
boston_query_-Ptt76cqL8Ath-qW7aRUQw,hardened,direction,1,1,boston:139,40.6248
boston_query_-Ptt76cqL8Ath-qW7aRUQw,hardened,none,2,1,boston:139,36.1773
boston_query_-Ptt76cqL8Ath-qW7aRUQw,hardened,hardened,2,1,boston:139,40.4984
boston_query_-Ptt76cqL8Ath-qW7aRUQw,hardened,direction,2,1,boston:139,40.5670
boston_query_-RyJCN_Rrfvr2l9jqadkcQ,clean,none,0,4,boston:239,
boston_query_-RyJCN_Rrfvr2l9jqadkcQ,isotropic,none,0,1,boston:239,36.1773
boston_query_-RyJCN_Rrfvr2l9jqadkcQ,isotropic,isotropic,0,2,boston:239,44.2489
boston_query_-RyJCN_Rrfvr2l9jqadkcQ,isotropic,none,1,1,boston:239,36.1773
boston_query_-RyJCN_Rrfvr2l9jqadkcQ,isotropic,isotropic,1,6,boston:239,44.2112
boston_query_-RyJCN_Rrfvr2l9jqadkcQ,isotropic,none,2,1,boston:239,36.1773
boston_query_-RyJCN_Rrfvr2l9jqadkcQ,isotropic,isotropic,2,1,boston:239,44.1895
boston_query_-RyJCN_Rrfvr2l9jqadkcQ,direction,none,0,1,boston:239,36.1773
boston_query_-RyJCN_Rrfvr2l9jqadkcQ,direction,direction,0,1,boston:239,40.7750
boston_query_-RyJCN_Rrfvr2l9jqadkcQ,direction,none,1,6,boston:239,36.1773
boston_query_-RyJCN_Rrfvr2l9jqadkcQ,direction,direction,1,10,boston:239,40.7818
boston_query_-RyJCN_Rrfvr2l9jqadkcQ,direction,none,2,1,boston:239,36.1773
boston_query_-RyJCN_Rrfvr2l9jqadkcQ,direction,direction,2,1,boston:239,40.8382
boston_query_-RyJCN_Rrfvr2l9jqadkcQ,hardened,none,0,18,boston:239,36.1773
boston_query_-RyJCN_Rrfvr2l9jqadkcQ,hardened,hardened,0,16,boston:239,40.3050
boston_query_-RyJCN_Rrfvr2l9jqadkcQ,hardened,direction,0,18,boston:239,40.3258
boston_query_-RyJCN_Rrfvr2l9jqadkcQ,hardened,none,1,2,boston:239,36.1773
boston_query_-RyJCN_Rrfvr2l9jqadkcQ,hardened,hardened,1,8,boston:239,40.1588
boston_query_-RyJCN_Rrfvr2l9jqadkcQ,hardened,direction,1,11,boston:239,40.1875
boston_query_-RyJCN_Rrfvr2l9jqadkcQ,hardened,none,2,4,boston:239,36.1773
boston_query_-RyJCN_Rrfvr2l9jqadkcQ,hardened,hardened,2,8,boston:239,40.2513
boston_query_-RyJCN_Rrfvr2l9jqadkcQ,hardened,direction,2,19,boston:239,40.2945
boston_query_-TMAMMmIqQ4AQA3YI-YOHg,clean,none,0,1,boston:206,
boston_query_-TMAMMmIqQ4AQA3YI-YOHg,isotropic,none,0,2,boston:206,36.1773
boston_query_-TMAMMmIqQ4AQA3YI-YOHg,isotropic,isotropic,0,1,boston:206,43.3555
boston_query_-TMAMMmIqQ4AQA3YI-YOHg,isotropic,none,1,2,boston:206,36.1773
boston_query_-TMAMMmIqQ4AQA3YI-YOHg,isotropic,isotropic,1,1,boston:206,43.3849
boston_query_-TMAMMmIqQ4AQA3YI-YOHg,isotropic,none,2,2,boston:206,36.1773
boston_query_-TMAMMmIqQ4AQA3YI-YOHg,isotropic,isotropic,2,1,boston:206,43.3529
boston_query_-TMAMMmIqQ4AQA3YI-YOHg,direction,none,0,1,boston:206,36.1773
boston_query_-TMAMMmIqQ4AQA3YI-YOHg,direction,direction,0,1,boston:206,40.6681
boston_query_-TMAMMmIqQ4AQA3YI-YOHg,direction,none,1,6,boston:206,36.1773
boston_query_-TMAMMmIqQ4AQA3YI-YOHg,direction,direction,1,1,boston:206,40.6034
boston_query_-TMAMMmIqQ4AQA3YI-YOHg,direction,none,2,3,boston:206,36.1773
boston_query_-TMAMMmIqQ4AQA3YI-YOHg,direction,direction,2,1,boston:206,40.7220
boston_query_-TMAMMmIqQ4AQA3YI-YOHg,hardened,none,0,16,boston:206,36.1773
boston_query_-TMAMMmIqQ4AQA3YI-YOHg,hardened,hardened,0,2,boston:206,40.1703
boston_query_-TMAMMmIqQ4AQA3YI-YOHg,hardened,direction,0,4,boston:206,39.9937
boston_query_-TMAMMmIqQ4AQA3YI-YOHg,hardened,none,1,58,boston:206,36.1773
boston_query_-TMAMMmIqQ4AQA3YI-YOHg,hardened,hardened,1,1,boston:206,40.1571
boston_query_-TMAMMmIqQ4AQA3YI-YOHg,hardened,direction,1,3,boston:206,39.9865
boston_query_-TMAMMmIqQ4AQA3YI-YOHg,hardened,none,2,31,boston:206,36.1773
boston_query_-TMAMMmIqQ4AQA3YI-YOHg,hardened,hardened,2,1,boston:206,40.2104
boston_query_-TMAMMmIqQ4AQA3YI-YOHg,hardened,direction,2,1,boston:206,40.0406
boston_query_-U0JJudMztDrvqfppyEl9A,clean,none,0,1,boston:87,
boston_query_-U0JJudMztDrvqfppyEl9A,isotropic,none,0,1,boston:87,36.1773
boston_query_-U0JJudMztDrvqfppyEl9A,isotropic,isotropic,0,1,boston:87,44.0791
boston_query_-U0JJudMztDrvqfppyEl9A,isotropic,none,1,1,boston:87,36.1773
boston_query_-U0JJudMztDrvqfppyEl9A,isotropic,isotropic,1,1,boston:87,44.0172
boston_query_-U0JJudMztDrvqfppyEl9A,isotropic,none,2,1,boston:87,36.1773
boston_query_-U0JJudMztDrvqfppyEl9A,isotropic,isotropic,2,1,boston:87,44.0450
boston_query_-U0JJudMztDrvqfppyEl9A,direction,none,0,1,boston:87,36.1773
boston_query_-U0JJudMztDrvqfppyEl9A,direction,direction,0,1,boston:87,40.9406
boston_query_-U0JJudMztDrvqfppyEl9A,direction,none,1,1,boston:87,36.1773
boston_query_-U0JJudMztDrvqfppyEl9A,direction,direction,1,1,boston:87,40.9245
boston_query_-U0JJudMztDrvqfppyEl9A,direction,none,2,3,boston:87,36.1773
boston_query_-U0JJudMztDrvqfppyEl9A,direction,direction,2,1,boston:87,40.7708
boston_query_-U0JJudMztDrvqfppyEl9A,hardened,none,0,1,boston:87,36.1773
boston_query_-U0JJudMztDrvqfppyEl9A,hardened,hardened,0,1,boston:87,40.1393
boston_query_-U0JJudMztDrvqfppyEl9A,hardened,direction,0,1,boston:87,40.1761
boston_query_-U0JJudMztDrvqfppyEl9A,hardened,none,1,2,boston:87,36.1773
boston_query_-U0JJudMztDrvqfppyEl9A,hardened,hardened,1,1,boston:87,40.1438
boston_query_-U0JJudMztDrvqfppyEl9A,hardened,direction,1,1,boston:87,40.2283
boston_query_-U0JJudMztDrvqfppyEl9A,hardened,none,2,1,boston:87,36.1773
boston_query_-U0JJudMztDrvqfppyEl9A,hardened,hardened,2,1,boston:87,40.1003
boston_query_-U0JJudMztDrvqfppyEl9A,hardened,direction,2,1,boston:87,40.1691
boston_query_-U_cmO4sMoYmoNbCPpMXWw,clean,none,0,1140,boston:101,
boston_query_-U_cmO4sMoYmoNbCPpMXWw,isotropic,none,0,1300,boston:101,36.1773
boston_query_-U_cmO4sMoYmoNbCPpMXWw,isotropic,isotropic,0,1229,boston:101,42.7207
boston_query_-U_cmO4sMoYmoNbCPpMXWw,isotropic,none,1,1037,boston:101,36.1773
boston_query_-U_cmO4sMoYmoNbCPpMXWw,isotropic,isotropic,1,1127,boston:101,42.7131
boston_query_-U_cmO4sMoYmoNbCPpMXWw,isotropic,none,2,1174,boston:101,36.1773
boston_query_-U_cmO4sMoYmoNbCPpMXWw,isotropic,isotropic,2,1309,boston:101,42.7352
boston_query_-U_cmO4sMoYmoNbCPpMXWw,direction,none,0,1130,boston:101,36.1773
boston_query_-U_cmO4sMoYmoNbCPpMXWw,direction,direction,0,1223,boston:101,39.8196
boston_query_-U_cmO4sMoYmoNbCPpMXWw,direction,none,1,712,boston:101,36.1773
boston_query_-U_cmO4sMoYmoNbCPpMXWw,direction,direction,1,1398,boston:101,39.7254
boston_query_-U_cmO4sMoYmoNbCPpMXWw,direction,none,2,531,boston:101,36.1773
boston_query_-U_cmO4sMoYmoNbCPpMXWw,direction,direction,2,691,boston:101,39.8319
boston_query_-U_cmO4sMoYmoNbCPpMXWw,hardened,none,0,1258,boston:101,36.1773
boston_query_-U_cmO4sMoYmoNbCPpMXWw,hardened,hardened,0,467,boston:101,39.4312
boston_query_-U_cmO4sMoYmoNbCPpMXWw,hardened,direction,0,406,boston:101,39.3906
boston_query_-U_cmO4sMoYmoNbCPpMXWw,hardened,none,1,985,boston:101,36.1773
boston_query_-U_cmO4sMoYmoNbCPpMXWw,hardened,hardened,1,638,boston:101,39.3963
boston_query_-U_cmO4sMoYmoNbCPpMXWw,hardened,direction,1,416,boston:101,39.3495
boston_query_-U_cmO4sMoYmoNbCPpMXWw,hardened,none,2,535,boston:101,36.1773
boston_query_-U_cmO4sMoYmoNbCPpMXWw,hardened,hardened,2,752,boston:101,39.3506
boston_query_-U_cmO4sMoYmoNbCPpMXWw,hardened,direction,2,540,boston:101,39.2799
boston_query_-VHXaQ_dj_14O-Bcn3u7zA,clean,none,0,70,boston:171,
boston_query_-VHXaQ_dj_14O-Bcn3u7zA,isotropic,none,0,532,boston:171,36.1773
boston_query_-VHXaQ_dj_14O-Bcn3u7zA,isotropic,isotropic,0,29,boston:171,43.6791
boston_query_-VHXaQ_dj_14O-Bcn3u7zA,isotropic,none,1,271,boston:171,36.1773
boston_query_-VHXaQ_dj_14O-Bcn3u7zA,isotropic,isotropic,1,37,boston:171,43.7329
boston_query_-VHXaQ_dj_14O-Bcn3u7zA,isotropic,none,2,321,boston:171,36.1773
boston_query_-VHXaQ_dj_14O-Bcn3u7zA,isotropic,isotropic,2,21,boston:171,43.6948
boston_query_-VHXaQ_dj_14O-Bcn3u7zA,direction,none,0,1451,boston:171,36.1773
boston_query_-VHXaQ_dj_14O-Bcn3u7zA,direction,direction,0,98,boston:171,40.9036
boston_query_-VHXaQ_dj_14O-Bcn3u7zA,direction,none,1,837,boston:171,36.1773
boston_query_-VHXaQ_dj_14O-Bcn3u7zA,direction,direction,1,16,boston:171,40.8276
boston_query_-VHXaQ_dj_14O-Bcn3u7zA,direction,none,2,1047,boston:171,36.1773
boston_query_-VHXaQ_dj_14O-Bcn3u7zA,direction,direction,2,35,boston:171,40.9308
boston_query_-VHXaQ_dj_14O-Bcn3u7zA,hardened,none,0,1834,boston:171,36.1773
boston_query_-VHXaQ_dj_14O-Bcn3u7zA,hardened,hardened,0,16,boston:171,40.1099
boston_query_-VHXaQ_dj_14O-Bcn3u7zA,hardened,direction,0,14,boston:171,40.1322
boston_query_-VHXaQ_dj_14O-Bcn3u7zA,hardened,none,1,999,boston:171,36.1773
boston_query_-VHXaQ_dj_14O-Bcn3u7zA,hardened,hardened,1,12,boston:171,40.2560
boston_query_-VHXaQ_dj_14O-Bcn3u7zA,hardened,direction,1,2,boston:171,40.2746
boston_query_-VHXaQ_dj_14O-Bcn3u7zA,hardened,none,2,479,boston:171,36.1773
boston_query_-VHXaQ_dj_14O-Bcn3u7zA,hardened,hardened,2,38,boston:171,40.2570
boston_query_-VHXaQ_dj_14O-Bcn3u7zA,hardened,direction,2,5,boston:171,40.2615
boston_query_-WNRbaGc8Yukh-LWnRNe5O,clean,none,0,4,boston:99,
boston_query_-WNRbaGc8Yukh-LWnRNe5O,isotropic,none,0,6,boston:99,36.1773
boston_query_-WNRbaGc8Yukh-LWnRNe5O,isotropic,isotropic,0,5,boston:99,43.0178
boston_query_-WNRbaGc8Yukh-LWnRNe5O,isotropic,none,1,3,boston:99,36.1773
boston_query_-WNRbaGc8Yukh-LWnRNe5O,isotropic,isotropic,1,3,boston:99,43.0431
boston_query_-WNRbaGc8Yukh-LWnRNe5O,isotropic,none,2,9,boston:99,36.1773
boston_query_-WNRbaGc8Yukh-LWnRNe5O,isotropic,isotropic,2,4,boston:99,43.0172
boston_query_-WNRbaGc8Yukh-LWnRNe5O,direction,none,0,34,boston:99,36.1773
boston_query_-WNRbaGc8Yukh-LWnRNe5O,direction,direction,0,2,boston:99,40.2370
boston_query_-WNRbaGc8Yukh-LWnRNe5O,direction,none,1,13,boston:99,36.1773
boston_query_-WNRbaGc8Yukh-LWnRNe5O,direction,direction,1,12,boston:99,40.1666
boston_query_-WNRbaGc8Yukh-LWnRNe5O,direction,none,2,6,boston:99,36.1773
boston_query_-WNRbaGc8Yukh-LWnRNe5O,direction,direction,2,6,boston:99,40.1638
boston_query_-WNRbaGc8Yukh-LWnRNe5O,hardened,none,0,8,boston:99,36.1773
boston_query_-WNRbaGc8Yukh-LWnRNe5O,hardened,hardened,0,1,boston:99,39.6187
boston_query_-WNRbaGc8Yukh-LWnRNe5O,hardened,direction,0,1,boston:99,39.5158
boston_query_-WNRbaGc8Yukh-LWnRNe5O,hardened,none,1,3,boston:99,36.1773
boston_query_-WNRbaGc8Yukh-LWnRNe5O,hardened,hardened,1,2,boston:99,39.6690
boston_query_-WNRbaGc8Yukh-LWnRNe5O,hardened,direction,1,2,boston:99,39.5948
boston_query_-WNRbaGc8Yukh-LWnRNe5O,hardened,none,2,2,boston:99,36.1773
boston_query_-WNRbaGc8Yukh-LWnRNe5O,hardened,hardened,2,4,boston:99,39.7597
boston_query_-WNRbaGc8Yukh-LWnRNe5O,hardened,direction,2,2,boston:99,39.6439
boston_query_-XLBZG628HbrD4FlfLBryQ,clean,none,0,1,boston:237,
boston_query_-XLBZG628HbrD4FlfLBryQ,isotropic,none,0,1,boston:237,36.1773
boston_query_-XLBZG628HbrD4FlfLBryQ,isotropic,isotropic,0,1,boston:237,41.7565
boston_query_-XLBZG628HbrD4FlfLBryQ,isotropic,none,1,1,boston:237,36.1773
boston_query_-XLBZG628HbrD4FlfLBryQ,isotropic,isotropic,1,1,boston:237,41.7754
boston_query_-XLBZG628HbrD4FlfLBryQ,isotropic,none,2,1,boston:237,36.1773
boston_query_-XLBZG628HbrD4FlfLBryQ,isotropic,isotropic,2,1,boston:237,41.8023
boston_query_-XLBZG628HbrD4FlfLBryQ,direction,none,0,1,boston:237,36.1773
boston_query_-XLBZG628HbrD4FlfLBryQ,direction,direction,0,1,boston:237,39.2946
boston_query_-XLBZG628HbrD4FlfLBryQ,direction,none,1,2,boston:237,36.1773
boston_query_-XLBZG628HbrD4FlfLBryQ,direction,direction,1,1,boston:237,39.2305
boston_query_-XLBZG628HbrD4FlfLBryQ,direction,none,2,1,boston:237,36.1773
boston_query_-XLBZG628HbrD4FlfLBryQ,direction,direction,2,1,boston:237,39.1241
boston_query_-XLBZG628HbrD4FlfLBryQ,hardened,none,0,1,boston:237,36.1773
boston_query_-XLBZG628HbrD4FlfLBryQ,hardened,hardened,0,1,boston:237,38.8927
boston_query_-XLBZG628HbrD4FlfLBryQ,hardened,direction,0,1,boston:237,38.9011
boston_query_-XLBZG628HbrD4FlfLBryQ,hardened,none,1,1,boston:237,36.1773
boston_query_-XLBZG628HbrD4FlfLBryQ,hardened,hardened,1,1,boston:237,38.8405
boston_query_-XLBZG628HbrD4FlfLBryQ,hardened,direction,1,1,boston:237,38.8492
boston_query_-XLBZG628HbrD4FlfLBryQ,hardened,none,2,1,boston:237,36.1773
boston_query_-XLBZG628HbrD4FlfLBryQ,hardened,hardened,2,1,boston:237,38.8271
boston_query_-XLBZG628HbrD4FlfLBryQ,hardened,direction,2,1,boston:237,38.8194
boston_query_-XPoSJpI_X3ZlnZLz8JG4L,clean,none,0,3,boston:168,
boston_query_-XPoSJpI_X3ZlnZLz8JG4L,isotropic,none,0,55,boston:168,36.1773
boston_query_-XPoSJpI_X3ZlnZLz8JG4L,isotropic,isotropic,0,30,boston:168,41.3407
boston_query_-XPoSJpI_X3ZlnZLz8JG4L,isotropic,none,1,63,boston:168,36.1773
boston_query_-XPoSJpI_X3ZlnZLz8JG4L,isotropic,isotropic,1,32,boston:168,41.3719
boston_query_-XPoSJpI_X3ZlnZLz8JG4L,isotropic,none,2,3,boston:168,36.1773
boston_query_-XPoSJpI_X3ZlnZLz8JG4L,isotropic,isotropic,2,16,boston:168,41.3802
boston_query_-XPoSJpI_X3ZlnZLz8JG4L,direction,none,0,4,boston:168,36.1773
boston_query_-XPoSJpI_X3ZlnZLz8JG4L,direction,direction,0,12,boston:168,38.6389
boston_query_-XPoSJpI_X3ZlnZLz8JG4L,direction,none,1,84,boston:168,36.1773
boston_query_-XPoSJpI_X3ZlnZLz8JG4L,direction,direction,1,147,boston:168,38.5702
boston_query_-XPoSJpI_X3ZlnZLz8JG4L,direction,none,2,28,boston:168,36.1773
boston_query_-XPoSJpI_X3ZlnZLz8JG4L,direction,direction,2,157,boston:168,38.4721
boston_query_-XPoSJpI_X3ZlnZLz8JG4L,hardened,none,0,9,boston:168,36.1773
boston_query_-XPoSJpI_X3ZlnZLz8JG4L,hardened,hardened,0,11,boston:168,38.2234
boston_query_-XPoSJpI_X3ZlnZLz8JG4L,hardened,direction,0,12,boston:168,38.2587
boston_query_-XPoSJpI_X3ZlnZLz8JG4L,hardened,none,1,23,boston:168,36.1773
boston_query_-XPoSJpI_X3ZlnZLz8JG4L,hardened,hardened,1,12,boston:168,38.1962
boston_query_-XPoSJpI_X3ZlnZLz8JG4L,hardened,direction,1,18,boston:168,38.2604
boston_query_-XPoSJpI_X3ZlnZLz8JG4L,hardened,none,2,19,boston:168,36.1773
boston_query_-XPoSJpI_X3ZlnZLz8JG4L,hardened,hardened,2,47,boston:168,38.2029
boston_query_-XPoSJpI_X3ZlnZLz8JG4L,hardened,direction,2,44,boston:168,38.2584
boston_query_-XVMoSt8xs2FUh9JzquX6A,clean,none,0,1,boston:210,
boston_query_-XVMoSt8xs2FUh9JzquX6A,isotropic,none,0,1,boston:210,36.1773
boston_query_-XVMoSt8xs2FUh9JzquX6A,isotropic,isotropic,0,1,boston:210,42.0244
boston_query_-XVMoSt8xs2FUh9JzquX6A,isotropic,none,1,1,boston:210,36.1773
boston_query_-XVMoSt8xs2FUh9JzquX6A,isotropic,isotropic,1,1,boston:210,42.0196
boston_query_-XVMoSt8xs2FUh9JzquX6A,isotropic,none,2,1,boston:210,36.1773
boston_query_-XVMoSt8xs2FUh9JzquX6A,isotropic,isotropic,2,1,boston:210,42.0286
boston_query_-XVMoSt8xs2FUh9JzquX6A,direction,none,0,1,boston:210,36.1773
boston_query_-XVMoSt8xs2FUh9JzquX6A,direction,direction,0,1,boston:210,39.1822
boston_query_-XVMoSt8xs2FUh9JzquX6A,direction,none,1,1,boston:210,36.1773
boston_query_-XVMoSt8xs2FUh9JzquX6A,direction,direction,1,1,boston:210,39.2152
boston_query_-XVMoSt8xs2FUh9JzquX6A,direction,none,2,1,boston:210,36.1773
boston_query_-XVMoSt8xs2FUh9JzquX6A,direction,direction,2,1,boston:210,39.1176
boston_query_-XVMoSt8xs2FUh9JzquX6A,hardened,none,0,1,boston:210,36.1773
boston_query_-XVMoSt8xs2FUh9JzquX6A,hardened,hardened,0,1,boston:210,38.9054
boston_query_-XVMoSt8xs2FUh9JzquX6A,hardened,direction,0,1,boston:210,38.8526
boston_query_-XVMoSt8xs2FUh9JzquX6A,hardened,none,1,1,boston:210,36.1773
boston_query_-XVMoSt8xs2FUh9JzquX6A,hardened,hardened,1,1,boston:210,38.8580
boston_query_-XVMoSt8xs2FUh9JzquX6A,hardened,direction,1,1,boston:210,38.8330
boston_query_-XVMoSt8xs2FUh9JzquX6A,hardened,none,2,1,boston:210,36.1773
boston_query_-XVMoSt8xs2FUh9JzquX6A,hardened,hardened,2,1,boston:210,38.8890
boston_query_-XVMoSt8xs2FUh9JzquX6A,hardened,direction,2,1,boston:210,38.8552
boston_query_-YC7UljP-400uMusDPAb5o,clean,none,0,1,boston:244,
boston_query_-YC7UljP-400uMusDPAb5o,isotropic,none,0,1,boston:244,36.1773
boston_query_-YC7UljP-400uMusDPAb5o,isotropic,isotropic,0,3,boston:244,41.6567
boston_query_-YC7UljP-400uMusDPAb5o,isotropic,none,1,1,boston:244,36.1773
boston_query_-YC7UljP-400uMusDPAb5o,isotropic,isotropic,1,3,boston:244,41.6652
boston_query_-YC7UljP-400uMusDPAb5o,isotropic,none,2,1,boston:244,36.1773
boston_query_-YC7UljP-400uMusDPAb5o,isotropic,isotropic,2,3,boston:244,41.6969
boston_query_-YC7UljP-400uMusDPAb5o,direction,none,0,7,boston:244,36.1773
boston_query_-YC7UljP-400uMusDPAb5o,direction,direction,0,3,boston:244,38.8302
boston_query_-YC7UljP-400uMusDPAb5o,direction,none,1,3,boston:244,36.1773
boston_query_-YC7UljP-400uMusDPAb5o,direction,direction,1,3,boston:244,38.8119
boston_query_-YC7UljP-400uMusDPAb5o,direction,none,2,2,boston:244,36.1773
boston_query_-YC7UljP-400uMusDPAb5o,direction,direction,2,2,boston:244,38.8802
boston_query_-YC7UljP-400uMusDPAb5o,hardened,none,0,15,boston:244,36.1773
boston_query_-YC7UljP-400uMusDPAb5o,hardened,hardened,0,3,boston:244,38.4661
boston_query_-YC7UljP-400uMusDPAb5o,hardened,direction,0,4,boston:244,38.3386
boston_query_-YC7UljP-400uMusDPAb5o,hardened,none,1,14,boston:244,36.1773
boston_query_-YC7UljP-400uMusDPAb5o,hardened,hardened,1,4,boston:244,38.4060
boston_query_-YC7UljP-400uMusDPAb5o,hardened,direction,1,6,boston:244,38.2717
boston_query_-YC7UljP-400uMusDPAb5o,hardened,none,2,10,boston:244,36.1773
boston_query_-YC7UljP-400uMusDPAb5o,hardened,hardened,2,3,boston:244,38.4523
boston_query_-YC7UljP-400uMusDPAb5o,hardened,direction,2,5,boston:244,38.3271
boston_query_-YNCuOIwfe745OWl27FQZQ,clean,none,0,1,boston:249,
boston_query_-YNCuOIwfe745OWl27FQZQ,isotropic,none,0,1,boston:249,36.1773
boston_query_-YNCuOIwfe745OWl27FQZQ,isotropic,isotropic,0,1,boston:249,42.9401
boston_query_-YNCuOIwfe745OWl27FQZQ,isotropic,none,1,1,boston:249,36.1773
boston_query_-YNCuOIwfe745OWl27FQZQ,isotropic,isotropic,1,1,boston:249,42.9389
boston_query_-YNCuOIwfe745OWl27FQZQ,isotropic,none,2,1,boston:249,36.1773
boston_query_-YNCuOIwfe745OWl27FQZQ,isotropic,isotropic,2,1,boston:249,42.9187
boston_query_-YNCuOIwfe745OWl27FQZQ,direction,none,0,1,boston:249,36.1773
boston_query_-YNCuOIwfe745OWl27FQZQ,direction,direction,0,1,boston:249,40.3648
boston_query_-YNCuOIwfe745OWl27FQZQ,direction,none,1,1,boston:249,36.1773
boston_query_-YNCuOIwfe745OWl27FQZQ,direction,direction,1,1,boston:249,40.3745
boston_query_-YNCuOIwfe745OWl27FQZQ,direction,none,2,1,boston:249,36.1773
boston_query_-YNCuOIwfe745OWl27FQZQ,direction,direction,2,1,boston:249,40.3697
boston_query_-YNCuOIwfe745OWl27FQZQ,hardened,none,0,1,boston:249,36.1773
boston_query_-YNCuOIwfe745OWl27FQZQ,hardened,hardened,0,1,boston:249,40.0842
boston_query_-YNCuOIwfe745OWl27FQZQ,hardened,direction,0,1,boston:249,39.8643
boston_query_-YNCuOIwfe745OWl27FQZQ,hardened,none,1,1,boston:249,36.1773
boston_query_-YNCuOIwfe745OWl27FQZQ,hardened,hardened,1,1,boston:249,40.1066
boston_query_-YNCuOIwfe745OWl27FQZQ,hardened,direction,1,1,boston:249,39.8733
boston_query_-YNCuOIwfe745OWl27FQZQ,hardened,none,2,1,boston:249,36.1773
boston_query_-YNCuOIwfe745OWl27FQZQ,hardened,hardened,2,1,boston:249,40.1171
boston_query_-YNCuOIwfe745OWl27FQZQ,hardened,direction,2,1,boston:249,39.9185
boston_query_-Zk-uQZzECPhvd8WV6mxhQ,clean,none,0,1,boston:216,
boston_query_-Zk-uQZzECPhvd8WV6mxhQ,isotropic,none,0,1,boston:216,36.1773
boston_query_-Zk-uQZzECPhvd8WV6mxhQ,isotropic,isotropic,0,1,boston:216,42.0666
boston_query_-Zk-uQZzECPhvd8WV6mxhQ,isotropic,none,1,1,boston:216,36.1773
boston_query_-Zk-uQZzECPhvd8WV6mxhQ,isotropic,isotropic,1,1,boston:216,42.1050
boston_query_-Zk-uQZzECPhvd8WV6mxhQ,isotropic,none,2,1,boston:216,36.1773
boston_query_-Zk-uQZzECPhvd8WV6mxhQ,isotropic,isotropic,2,1,boston:216,42.0906
boston_query_-Zk-uQZzECPhvd8WV6mxhQ,direction,none,0,1,boston:216,36.1773
boston_query_-Zk-uQZzECPhvd8WV6mxhQ,direction,direction,0,1,boston:216,39.1220
boston_query_-Zk-uQZzECPhvd8WV6mxhQ,direction,none,1,1,boston:216,36.1773
boston_query_-Zk-uQZzECPhvd8WV6mxhQ,direction,direction,1,1,boston:216,39.1466
boston_query_-Zk-uQZzECPhvd8WV6mxhQ,direction,none,2,1,boston:216,36.1773
boston_query_-Zk-uQZzECPhvd8WV6mxhQ,direction,direction,2,1,boston:216,39.1364
boston_query_-Zk-uQZzECPhvd8WV6mxhQ,hardened,none,0,2,boston:216,36.1773
boston_query_-Zk-uQZzECPhvd8WV6mxhQ,hardened,hardened,0,1,boston:216,38.7000
boston_query_-Zk-uQZzECPhvd8WV6mxhQ,hardened,direction,0,1,boston:216,38.7142
boston_query_-Zk-uQZzECPhvd8WV6mxhQ,hardened,none,1,6,boston:216,36.1773
boston_query_-Zk-uQZzECPhvd8WV6mxhQ,hardened,hardened,1,1,boston:216,38.7257
boston_query_-Zk-uQZzECPhvd8WV6mxhQ,hardened,direction,1,1,boston:216,38.7369
boston_query_-Zk-uQZzECPhvd8WV6mxhQ,hardened,none,2,1,boston:216,36.1773
boston_query_-Zk-uQZzECPhvd8WV6mxhQ,hardened,hardened,2,1,boston:216,38.6758
boston_query_-Zk-uQZzECPhvd8WV6mxhQ,hardened,direction,2,2,boston:216,38.6578
boston_query_-_69BJwJSLQGnzQD20QsOg,clean,none,0,1,boston:27,
boston_query_-_69BJwJSLQGnzQD20QsOg,isotropic,none,0,1,boston:27,36.1773
boston_query_-_69BJwJSLQGnzQD20QsOg,isotropic,isotropic,0,1,boston:27,41.1985
boston_query_-_69BJwJSLQGnzQD20QsOg,isotropic,none,1,1,boston:27,36.1773
boston_query_-_69BJwJSLQGnzQD20QsOg,isotropic,isotropic,1,1,boston:27,41.1946
boston_query_-_69BJwJSLQGnzQD20QsOg,isotropic,none,2,1,boston:27,36.1773
boston_query_-_69BJwJSLQGnzQD20QsOg,isotropic,isotropic,2,1,boston:27,41.1970
boston_query_-_69BJwJSLQGnzQD20QsOg,direction,none,0,1,boston:27,36.1773
boston_query_-_69BJwJSLQGnzQD20QsOg,direction,direction,0,1,boston:27,38.5069
boston_query_-_69BJwJSLQGnzQD20QsOg,direction,none,1,2,boston:27,36.1773
boston_query_-_69BJwJSLQGnzQD20QsOg,direction,direction,1,5,boston:27,38.5272
boston_query_-_69BJwJSLQGnzQD20QsOg,direction,none,2,1,boston:27,36.1773
boston_query_-_69BJwJSLQGnzQD20QsOg,direction,direction,2,3,boston:27,38.4804
boston_query_-_69BJwJSLQGnzQD20QsOg,hardened,none,0,3,boston:27,36.1773
boston_query_-_69BJwJSLQGnzQD20QsOg,hardened,hardened,0,2,boston:27,38.3233
boston_query_-_69BJwJSLQGnzQD20QsOg,hardened,direction,0,7,boston:27,38.3011
boston_query_-_69BJwJSLQGnzQD20QsOg,hardened,none,1,66,boston:27,36.1773
boston_query_-_69BJwJSLQGnzQD20QsOg,hardened,hardened,1,30,boston:27,38.2932
boston_query_-_69BJwJSLQGnzQD20QsOg,hardened,direction,1,41,boston:27,38.2719
boston_query_-_69BJwJSLQGnzQD20QsOg,hardened,none,2,5,boston:27,36.1773
boston_query_-_69BJwJSLQGnzQD20QsOg,hardened,hardened,2,1,boston:27,38.3075
boston_query_-_69BJwJSLQGnzQD20QsOg,hardened,direction,2,1,boston:27,38.2866
cph_query_--FyHVca3HP-QgUmcAvToA,clean,none,0,23,cph:208,
cph_query_--FyHVca3HP-QgUmcAvToA,isotropic,none,0,9,cph:208,36.1773
cph_query_--FyHVca3HP-QgUmcAvToA,isotropic,isotropic,0,9,cph:208,43.4131
cph_query_--FyHVca3HP-QgUmcAvToA,isotropic,none,1,17,cph:208,36.1773
cph_query_--FyHVca3HP-QgUmcAvToA,isotropic,isotropic,1,2,cph:208,43.4255
cph_query_--FyHVca3HP-QgUmcAvToA,isotropic,none,2,74,cph:208,36.1773
cph_query_--FyHVca3HP-QgUmcAvToA,isotropic,isotropic,2,34,cph:208,43.4153
cph_query_--FyHVca3HP-QgUmcAvToA,direction,none,0,90,cph:208,36.1773
cph_query_--FyHVca3HP-QgUmcAvToA,direction,direction,0,58,cph:208,40.7680
cph_query_--FyHVca3HP-QgUmcAvToA,direction,none,1,2,cph:208,36.1773
cph_query_--FyHVca3HP-QgUmcAvToA,direction,direction,1,22,cph:208,40.7303
cph_query_--FyHVca3HP-QgUmcAvToA,direction,none,2,254,cph:208,36.1773
cph_query_--FyHVca3HP-QgUmcAvToA,direction,direction,2,44,cph:208,40.7481
cph_query_--FyHVca3HP-QgUmcAvToA,hardened,none,0,53,cph:208,36.1773
cph_query_--FyHVca3HP-QgUmcAvToA,hardened,hardened,0,58,cph:208,40.1647
cph_query_--FyHVca3HP-QgUmcAvToA,hardened,direction,0,49,cph:208,40.1054
cph_query_--FyHVca3HP-QgUmcAvToA,hardened,none,1,8,cph:208,36.1773
cph_query_--FyHVca3HP-QgUmcAvToA,hardened,hardened,1,6,cph:208,40.2221
cph_query_--FyHVca3HP-QgUmcAvToA,hardened,direction,1,3,cph:208,40.1496
cph_query_--FyHVca3HP-QgUmcAvToA,hardened,none,2,7,cph:208,36.1773
cph_query_--FyHVca3HP-QgUmcAvToA,hardened,hardened,2,8,cph:208,40.2856
cph_query_--FyHVca3HP-QgUmcAvToA,hardened,direction,2,5,cph:208,40.2181
cph_query_--kN3Y3n0x47vWa8WX-a8w,clean,none,0,1,cph:162,
cph_query_--kN3Y3n0x47vWa8WX-a8w,isotropic,none,0,1,cph:162,36.1773
cph_query_--kN3Y3n0x47vWa8WX-a8w,isotropic,isotropic,0,1,cph:162,43.8606
cph_query_--kN3Y3n0x47vWa8WX-a8w,isotropic,none,1,1,cph:162,36.1773
cph_query_--kN3Y3n0x47vWa8WX-a8w,isotropic,isotropic,1,1,cph:162,43.8515
cph_query_--kN3Y3n0x47vWa8WX-a8w,isotropic,none,2,1,cph:162,36.1773
cph_query_--kN3Y3n0x47vWa8WX-a8w,isotropic,isotropic,2,1,cph:162,43.8751
cph_query_--kN3Y3n0x47vWa8WX-a8w,direction,none,0,1,cph:162,36.1773
cph_query_--kN3Y3n0x47vWa8WX-a8w,direction,direction,0,1,cph:162,41.3147
cph_query_--kN3Y3n0x47vWa8WX-a8w,direction,none,1,1,cph:162,36.1773
cph_query_--kN3Y3n0x47vWa8WX-a8w,direction,direction,1,1,cph:162,41.3213
cph_query_--kN3Y3n0x47vWa8WX-a8w,direction,none,2,1,cph:162,36.1773
cph_query_--kN3Y3n0x47vWa8WX-a8w,direction,direction,2,1,cph:162,41.3999
cph_query_--kN3Y3n0x47vWa8WX-a8w,hardened,none,0,1,cph:162,36.1773
cph_query_--kN3Y3n0x47vWa8WX-a8w,hardened,hardened,0,1,cph:162,40.6736
cph_query_--kN3Y3n0x47vWa8WX-a8w,hardened,direction,0,1,cph:162,40.5995
cph_query_--kN3Y3n0x47vWa8WX-a8w,hardened,none,1,1,cph:162,36.1773
cph_query_--kN3Y3n0x47vWa8WX-a8w,hardened,hardened,1,1,cph:162,40.7838
cph_query_--kN3Y3n0x47vWa8WX-a8w,hardened,direction,1,1,cph:162,40.7130
cph_query_--kN3Y3n0x47vWa8WX-a8w,hardened,none,2,2,cph:162,36.1773
cph_query_--kN3Y3n0x47vWa8WX-a8w,hardened,hardened,2,1,cph:162,40.7215
cph_query_--kN3Y3n0x47vWa8WX-a8w,hardened,direction,2,1,cph:162,40.6180
cph_query_--xKnCCc_4tDGo80iM-A_g,clean,none,0,1,cph:345,
cph_query_--xKnCCc_4tDGo80iM-A_g,isotropic,none,0,1,cph:345,36.1773
cph_query_--xKnCCc_4tDGo80iM-A_g,isotropic,isotropic,0,1,cph:345,42.4129
cph_query_--xKnCCc_4tDGo80iM-A_g,isotropic,none,1,1,cph:345,36.1773
cph_query_--xKnCCc_4tDGo80iM-A_g,isotropic,isotropic,1,1,cph:345,42.4023
cph_query_--xKnCCc_4tDGo80iM-A_g,isotropic,none,2,1,cph:345,36.1773
cph_query_--xKnCCc_4tDGo80iM-A_g,isotropic,isotropic,2,1,cph:345,42.4080
cph_query_--xKnCCc_4tDGo80iM-A_g,direction,none,0,1,cph:345,36.1773
cph_query_--xKnCCc_4tDGo80iM-A_g,direction,direction,0,1,cph:345,39.4286
cph_query_--xKnCCc_4tDGo80iM-A_g,direction,none,1,1,cph:345,36.1773
cph_query_--xKnCCc_4tDGo80iM-A_g,direction,direction,1,1,cph:345,39.4640
cph_query_--xKnCCc_4tDGo80iM-A_g,direction,none,2,1,cph:345,36.1773
cph_query_--xKnCCc_4tDGo80iM-A_g,direction,direction,2,1,cph:345,39.4633
cph_query_--xKnCCc_4tDGo80iM-A_g,hardened,none,0,1,cph:345,36.1773
cph_query_--xKnCCc_4tDGo80iM-A_g,hardened,hardened,0,1,cph:345,39.1158
cph_query_--xKnCCc_4tDGo80iM-A_g,hardened,direction,0,1,cph:345,39.2493
cph_query_--xKnCCc_4tDGo80iM-A_g,hardened,none,1,1,cph:345,36.1773
cph_query_--xKnCCc_4tDGo80iM-A_g,hardened,hardened,1,1,cph:345,39.0655
cph_query_--xKnCCc_4tDGo80iM-A_g,hardened,direction,1,1,cph:345,39.1760
cph_query_--xKnCCc_4tDGo80iM-A_g,hardened,none,2,1,cph:345,36.1773
cph_query_--xKnCCc_4tDGo80iM-A_g,hardened,hardened,2,1,cph:345,39.0857
cph_query_--xKnCCc_4tDGo80iM-A_g,hardened,direction,2,1,cph:345,39.1514
cph_query_-05vIhjxDNupFcgaM90L3w,clean,none,0,2,cph:71,
cph_query_-05vIhjxDNupFcgaM90L3w,isotropic,none,0,2,cph:71,36.1773
cph_query_-05vIhjxDNupFcgaM90L3w,isotropic,isotropic,0,1,cph:71,41.5351
cph_query_-05vIhjxDNupFcgaM90L3w,isotropic,none,1,3,cph:71,36.1773
cph_query_-05vIhjxDNupFcgaM90L3w,isotropic,isotropic,1,1,cph:71,41.5078
cph_query_-05vIhjxDNupFcgaM90L3w,isotropic,none,2,3,cph:71,36.1773
cph_query_-05vIhjxDNupFcgaM90L3w,isotropic,isotropic,2,1,cph:71,41.4865
cph_query_-05vIhjxDNupFcgaM90L3w,direction,none,0,273,cph:71,36.1773
cph_query_-05vIhjxDNupFcgaM90L3w,direction,direction,0,9,cph:71,38.8760
cph_query_-05vIhjxDNupFcgaM90L3w,direction,none,1,18,cph:71,36.1773
cph_query_-05vIhjxDNupFcgaM90L3w,direction,direction,1,6,cph:71,38.8963
cph_query_-05vIhjxDNupFcgaM90L3w,direction,none,2,59,cph:71,36.1773
cph_query_-05vIhjxDNupFcgaM90L3w,direction,direction,2,4,cph:71,38.8142
cph_query_-05vIhjxDNupFcgaM90L3w,hardened,none,0,10,cph:71,36.1773
cph_query_-05vIhjxDNupFcgaM90L3w,hardened,hardened,0,2,cph:71,38.5693
cph_query_-05vIhjxDNupFcgaM90L3w,hardened,direction,0,1,cph:71,38.5944
cph_query_-05vIhjxDNupFcgaM90L3w,hardened,none,1,12,cph:71,36.1773
cph_query_-05vIhjxDNupFcgaM90L3w,hardened,hardened,1,1,cph:71,38.4913
cph_query_-05vIhjxDNupFcgaM90L3w,hardened,direction,1,1,cph:71,38.5163
cph_query_-05vIhjxDNupFcgaM90L3w,hardened,none,2,42,cph:71,36.1773
cph_query_-05vIhjxDNupFcgaM90L3w,hardened,hardened,2,3,cph:71,38.5749
cph_query_-05vIhjxDNupFcgaM90L3w,hardened,direction,2,3,cph:71,38.6292
cph_query_-07-gME-zaQLhCsFrSInSg,clean,none,0,1,cph:241,
cph_query_-07-gME-zaQLhCsFrSInSg,isotropic,none,0,1,cph:241,36.1773
cph_query_-07-gME-zaQLhCsFrSInSg,isotropic,isotropic,0,1,cph:241,43.5449
cph_query_-07-gME-zaQLhCsFrSInSg,isotropic,none,1,1,cph:241,36.1773
cph_query_-07-gME-zaQLhCsFrSInSg,isotropic,isotropic,1,17,cph:241,43.5053
cph_query_-07-gME-zaQLhCsFrSInSg,isotropic,none,2,1,cph:241,36.1773
cph_query_-07-gME-zaQLhCsFrSInSg,isotropic,isotropic,2,2,cph:241,43.5655
cph_query_-07-gME-zaQLhCsFrSInSg,direction,none,0,57,cph:241,36.1773
cph_query_-07-gME-zaQLhCsFrSInSg,direction,direction,0,3,cph:241,40.8593
cph_query_-07-gME-zaQLhCsFrSInSg,direction,none,1,20,cph:241,36.1773
cph_query_-07-gME-zaQLhCsFrSInSg,direction,direction,1,17,cph:241,40.8832
cph_query_-07-gME-zaQLhCsFrSInSg,direction,none,2,1,cph:241,36.1773
cph_query_-07-gME-zaQLhCsFrSInSg,direction,direction,2,1,cph:241,40.7840
cph_query_-07-gME-zaQLhCsFrSInSg,hardened,none,0,760,cph:241,36.1773
cph_query_-07-gME-zaQLhCsFrSInSg,hardened,hardened,0,93,cph:241,40.4729
cph_query_-07-gME-zaQLhCsFrSInSg,hardened,direction,0,447,cph:241,40.3592
cph_query_-07-gME-zaQLhCsFrSInSg,hardened,none,1,972,cph:241,36.1773
cph_query_-07-gME-zaQLhCsFrSInSg,hardened,hardened,1,113,cph:241,40.5046
cph_query_-07-gME-zaQLhCsFrSInSg,hardened,direction,1,419,cph:241,40.3893
cph_query_-07-gME-zaQLhCsFrSInSg,hardened,none,2,186,cph:241,36.1773
cph_query_-07-gME-zaQLhCsFrSInSg,hardened,hardened,2,470,cph:241,40.4522
cph_query_-07-gME-zaQLhCsFrSInSg,hardened,direction,2,745,cph:241,40.3277
cph_query_-0_HsZnndjHv76QpTyNFCA,clean,none,0,1,cph:242,
cph_query_-0_HsZnndjHv76QpTyNFCA,isotropic,none,0,1,cph:242,36.1773
cph_query_-0_HsZnndjHv76QpTyNFCA,isotropic,isotropic,0,1,cph:242,41.7902
cph_query_-0_HsZnndjHv76QpTyNFCA,isotropic,none,1,1,cph:242,36.1773
cph_query_-0_HsZnndjHv76QpTyNFCA,isotropic,isotropic,1,1,cph:242,41.7963
cph_query_-0_HsZnndjHv76QpTyNFCA,isotropic,none,2,1,cph:242,36.1773
cph_query_-0_HsZnndjHv76QpTyNFCA,isotropic,isotropic,2,1,cph:242,41.8496
cph_query_-0_HsZnndjHv76QpTyNFCA,direction,none,0,1,cph:242,36.1773
cph_query_-0_HsZnndjHv76QpTyNFCA,direction,direction,0,1,cph:242,39.3537
cph_query_-0_HsZnndjHv76QpTyNFCA,direction,none,1,2,cph:242,36.1773
cph_query_-0_HsZnndjHv76QpTyNFCA,direction,direction,1,1,cph:242,39.2868
cph_query_-0_HsZnndjHv76QpTyNFCA,direction,none,2,1,cph:242,36.1773
cph_query_-0_HsZnndjHv76QpTyNFCA,direction,direction,2,1,cph:242,39.4468
cph_query_-0_HsZnndjHv76QpTyNFCA,hardened,none,0,1,cph:242,36.1773
cph_query_-0_HsZnndjHv76QpTyNFCA,hardened,hardened,0,1,cph:242,39.0966
cph_query_-0_HsZnndjHv76QpTyNFCA,hardened,direction,0,1,cph:242,38.9934
cph_query_-0_HsZnndjHv76QpTyNFCA,hardened,none,1,1,cph:242,36.1773
cph_query_-0_HsZnndjHv76QpTyNFCA,hardened,hardened,1,1,cph:242,39.0913
cph_query_-0_HsZnndjHv76QpTyNFCA,hardened,direction,1,1,cph:242,38.9551
cph_query_-0_HsZnndjHv76QpTyNFCA,hardened,none,2,1,cph:242,36.1773
cph_query_-0_HsZnndjHv76QpTyNFCA,hardened,hardened,2,1,cph:242,39.0713
cph_query_-0_HsZnndjHv76QpTyNFCA,hardened,direction,2,1,cph:242,38.9476
cph_query_-2N5Dmf5tOm5N83KXgvjDw,clean,none,0,1,cph:459,
cph_query_-2N5Dmf5tOm5N83KXgvjDw,isotropic,none,0,1,cph:459,36.1773
cph_query_-2N5Dmf5tOm5N83KXgvjDw,isotropic,isotropic,0,1,cph:459,42.3730
cph_query_-2N5Dmf5tOm5N83KXgvjDw,isotropic,none,1,1,cph:459,36.1773
cph_query_-2N5Dmf5tOm5N83KXgvjDw,isotropic,isotropic,1,1,cph:459,42.3271
cph_query_-2N5Dmf5tOm5N83KXgvjDw,isotropic,none,2,1,cph:459,36.1773
cph_query_-2N5Dmf5tOm5N83KXgvjDw,isotropic,isotropic,2,1,cph:459,42.3360
cph_query_-2N5Dmf5tOm5N83KXgvjDw,direction,none,0,1,cph:459,36.1773
cph_query_-2N5Dmf5tOm5N83KXgvjDw,direction,direction,0,1,cph:459,39.7897
cph_query_-2N5Dmf5tOm5N83KXgvjDw,direction,none,1,1,cph:459,36.1773
cph_query_-2N5Dmf5tOm5N83KXgvjDw,direction,direction,1,1,cph:459,39.7729
cph_query_-2N5Dmf5tOm5N83KXgvjDw,direction,none,2,1,cph:459,36.1773
cph_query_-2N5Dmf5tOm5N83KXgvjDw,direction,direction,2,1,cph:459,39.8230
cph_query_-2N5Dmf5tOm5N83KXgvjDw,hardened,none,0,1,cph:459,36.1773
cph_query_-2N5Dmf5tOm5N83KXgvjDw,hardened,hardened,0,1,cph:459,39.4990
cph_query_-2N5Dmf5tOm5N83KXgvjDw,hardened,direction,0,1,cph:459,39.4890
cph_query_-2N5Dmf5tOm5N83KXgvjDw,hardened,none,1,1,cph:459,36.1773
cph_query_-2N5Dmf5tOm5N83KXgvjDw,hardened,hardened,1,1,cph:459,39.5219
cph_query_-2N5Dmf5tOm5N83KXgvjDw,hardened,direction,1,1,cph:459,39.4946
cph_query_-2N5Dmf5tOm5N83KXgvjDw,hardened,none,2,1,cph:459,36.1773
cph_query_-2N5Dmf5tOm5N83KXgvjDw,hardened,hardened,2,1,cph:459,39.4038
cph_query_-2N5Dmf5tOm5N83KXgvjDw,hardened,direction,2,1,cph:459,39.3750
cph_query_-3uNzD-M1uI2jZeGqOkpXg,clean,none,0,1,cph:7,
cph_query_-3uNzD-M1uI2jZeGqOkpXg,isotropic,none,0,1,cph:7,36.1773
cph_query_-3uNzD-M1uI2jZeGqOkpXg,isotropic,isotropic,0,1,cph:7,44.4385
cph_query_-3uNzD-M1uI2jZeGqOkpXg,isotropic,none,1,1,cph:7,36.1773
cph_query_-3uNzD-M1uI2jZeGqOkpXg,isotropic,isotropic,1,1,cph:7,44.4696
cph_query_-3uNzD-M1uI2jZeGqOkpXg,isotropic,none,2,1,cph:7,36.1773
cph_query_-3uNzD-M1uI2jZeGqOkpXg,isotropic,isotropic,2,1,cph:7,44.4487
cph_query_-3uNzD-M1uI2jZeGqOkpXg,direction,none,0,200,cph:7,36.1773
cph_query_-3uNzD-M1uI2jZeGqOkpXg,direction,direction,0,6,cph:7,41.4885
cph_query_-3uNzD-M1uI2jZeGqOkpXg,direction,none,1,40,cph:7,36.1773
cph_query_-3uNzD-M1uI2jZeGqOkpXg,direction,direction,1,4,cph:7,41.4133
cph_query_-3uNzD-M1uI2jZeGqOkpXg,direction,none,2,37,cph:7,36.1773
cph_query_-3uNzD-M1uI2jZeGqOkpXg,direction,direction,2,3,cph:7,41.5050
cph_query_-3uNzD-M1uI2jZeGqOkpXg,hardened,none,0,26,cph:7,36.1773
cph_query_-3uNzD-M1uI2jZeGqOkpXg,hardened,hardened,0,1,cph:7,40.9127
cph_query_-3uNzD-M1uI2jZeGqOkpXg,hardened,direction,0,6,cph:7,40.8765
cph_query_-3uNzD-M1uI2jZeGqOkpXg,hardened,none,1,781,cph:7,36.1773
cph_query_-3uNzD-M1uI2jZeGqOkpXg,hardened,hardened,1,8,cph:7,40.9257
cph_query_-3uNzD-M1uI2jZeGqOkpXg,hardened,direction,1,92,cph:7,40.8760
cph_query_-3uNzD-M1uI2jZeGqOkpXg,hardened,none,2,199,cph:7,36.1773
cph_query_-3uNzD-M1uI2jZeGqOkpXg,hardened,hardened,2,7,cph:7,40.9677
cph_query_-3uNzD-M1uI2jZeGqOkpXg,hardened,direction,2,15,cph:7,40.9224
cph_query_-4KruxIYZ3a3GYE0tOKn2w,clean,none,0,1,cph:333,
cph_query_-4KruxIYZ3a3GYE0tOKn2w,isotropic,none,0,1,cph:333,36.1773
cph_query_-4KruxIYZ3a3GYE0tOKn2w,isotropic,isotropic,0,1,cph:333,41.6577
cph_query_-4KruxIYZ3a3GYE0tOKn2w,isotropic,none,1,1,cph:333,36.1773
cph_query_-4KruxIYZ3a3GYE0tOKn2w,isotropic,isotropic,1,1,cph:333,41.6915
cph_query_-4KruxIYZ3a3GYE0tOKn2w,isotropic,none,2,1,cph:333,36.1773
cph_query_-4KruxIYZ3a3GYE0tOKn2w,isotropic,isotropic,2,1,cph:333,41.6989
cph_query_-4KruxIYZ3a3GYE0tOKn2w,direction,none,0,1,cph:333,36.1773
cph_query_-4KruxIYZ3a3GYE0tOKn2w,direction,direction,0,1,cph:333,38.8212
cph_query_-4KruxIYZ3a3GYE0tOKn2w,direction,none,1,1,cph:333,36.1773
cph_query_-4KruxIYZ3a3GYE0tOKn2w,direction,direction,1,1,cph:333,38.7790
cph_query_-4KruxIYZ3a3GYE0tOKn2w,direction,none,2,1,cph:333,36.1773
cph_query_-4KruxIYZ3a3GYE0tOKn2w,direction,direction,2,1,cph:333,38.9427
cph_query_-4KruxIYZ3a3GYE0tOKn2w,hardened,none,0,1,cph:333,36.1773
cph_query_-4KruxIYZ3a3GYE0tOKn2w,hardened,hardened,0,1,cph:333,38.5473
cph_query_-4KruxIYZ3a3GYE0tOKn2w,hardened,direction,0,1,cph:333,38.5516
cph_query_-4KruxIYZ3a3GYE0tOKn2w,hardened,none,1,1,cph:333,36.1773
cph_query_-4KruxIYZ3a3GYE0tOKn2w,hardened,hardened,1,1,cph:333,38.5865
cph_query_-4KruxIYZ3a3GYE0tOKn2w,hardened,direction,1,1,cph:333,38.5422
cph_query_-4KruxIYZ3a3GYE0tOKn2w,hardened,none,2,1,cph:333,36.1773
cph_query_-4KruxIYZ3a3GYE0tOKn2w,hardened,hardened,2,1,cph:333,38.5600
cph_query_-4KruxIYZ3a3GYE0tOKn2w,hardened,direction,2,1,cph:333,38.5254
cph_query_-4RqBOkDhigU8JsdQZINkQ,clean,none,0,1,cph:94,
cph_query_-4RqBOkDhigU8JsdQZINkQ,isotropic,none,0,3,cph:94,36.1773
cph_query_-4RqBOkDhigU8JsdQZINkQ,isotropic,isotropic,0,1,cph:94,42.7701
cph_query_-4RqBOkDhigU8JsdQZINkQ,isotropic,none,1,5,cph:94,36.1773
cph_query_-4RqBOkDhigU8JsdQZINkQ,isotropic,isotropic,1,1,cph:94,42.7648
cph_query_-4RqBOkDhigU8JsdQZINkQ,isotropic,none,2,3,cph:94,36.1773
cph_query_-4RqBOkDhigU8JsdQZINkQ,isotropic,isotropic,2,1,cph:94,42.8068
cph_query_-4RqBOkDhigU8JsdQZINkQ,direction,none,0,65,cph:94,36.1773
cph_query_-4RqBOkDhigU8JsdQZINkQ,direction,direction,0,7,cph:94,39.9032
cph_query_-4RqBOkDhigU8JsdQZINkQ,direction,none,1,369,cph:94,36.1773
cph_query_-4RqBOkDhigU8JsdQZINkQ,direction,direction,1,6,cph:94,39.9733
cph_query_-4RqBOkDhigU8JsdQZINkQ,direction,none,2,534,cph:94,36.1773
cph_query_-4RqBOkDhigU8JsdQZINkQ,direction,direction,2,6,cph:94,39.9975
cph_query_-4RqBOkDhigU8JsdQZINkQ,hardened,none,0,11,cph:94,36.1773
cph_query_-4RqBOkDhigU8JsdQZINkQ,hardened,hardened,0,4,cph:94,39.5016
cph_query_-4RqBOkDhigU8JsdQZINkQ,hardened,direction,0,9,cph:94,39.5085
cph_query_-4RqBOkDhigU8JsdQZINkQ,hardened,none,1,93,cph:94,36.1773
cph_query_-4RqBOkDhigU8JsdQZINkQ,hardened,hardened,1,15,cph:94,39.5191
cph_query_-4RqBOkDhigU8JsdQZINkQ,hardened,direction,1,15,cph:94,39.5344
cph_query_-4RqBOkDhigU8JsdQZINkQ,hardened,none,2,74,cph:94,36.1773
cph_query_-4RqBOkDhigU8JsdQZINkQ,hardened,hardened,2,22,cph:94,39.4756
cph_query_-4RqBOkDhigU8JsdQZINkQ,hardened,direction,2,19,cph:94,39.4813
cph_query_-4XnD9qE623teR-nRYxB5A,clean,none,0,1,cph:190,
cph_query_-4XnD9qE623teR-nRYxB5A,isotropic,none,0,1,cph:190,36.1773
cph_query_-4XnD9qE623teR-nRYxB5A,isotropic,isotropic,0,1,cph:190,41.9449
cph_query_-4XnD9qE623teR-nRYxB5A,isotropic,none,1,1,cph:190,36.1773
cph_query_-4XnD9qE623teR-nRYxB5A,isotropic,isotropic,1,1,cph:190,41.9062
cph_query_-4XnD9qE623teR-nRYxB5A,isotropic,none,2,1,cph:190,36.1773
cph_query_-4XnD9qE623teR-nRYxB5A,isotropic,isotropic,2,1,cph:190,41.9058
cph_query_-4XnD9qE623teR-nRYxB5A,direction,none,0,1,cph:190,36.1773
cph_query_-4XnD9qE623teR-nRYxB5A,direction,direction,0,1,cph:190,39.9494
cph_query_-4XnD9qE623teR-nRYxB5A,direction,none,1,1,cph:190,36.1773
cph_query_-4XnD9qE623teR-nRYxB5A,direction,direction,1,1,cph:190,39.9795
cph_query_-4XnD9qE623teR-nRYxB5A,direction,none,2,1,cph:190,36.1773
cph_query_-4XnD9qE623teR-nRYxB5A,direction,direction,2,1,cph:190,40.0810
cph_query_-4XnD9qE623teR-nRYxB5A,hardened,none,0,1,cph:190,36.1773
cph_query_-4XnD9qE623teR-nRYxB5A,hardened,hardened,0,1,cph:190,39.3224
cph_query_-4XnD9qE623teR-nRYxB5A,hardened,direction,0,1,cph:190,39.8101
cph_query_-4XnD9qE623teR-nRYxB5A,hardened,none,1,1,cph:190,36.1773
cph_query_-4XnD9qE623teR-nRYxB5A,hardened,hardened,1,1,cph:190,39.2745
cph_query_-4XnD9qE623teR-nRYxB5A,hardened,direction,1,1,cph:190,39.7181
cph_query_-4XnD9qE623teR-nRYxB5A,hardened,none,2,1,cph:190,36.1773
cph_query_-4XnD9qE623teR-nRYxB5A,hardened,hardened,2,1,cph:190,39.2454
cph_query_-4XnD9qE623teR-nRYxB5A,hardened,direction,2,1,cph:190,39.6890
cph_query_-5qSxgAnKk-6Bf5AVVoPjA,clean,none,0,47,cph:243,
cph_query_-5qSxgAnKk-6Bf5AVVoPjA,isotropic,none,0,42,cph:243,36.1773
cph_query_-5qSxgAnKk-6Bf5AVVoPjA,isotropic,isotropic,0,26,cph:243,43.2463
cph_query_-5qSxgAnKk-6Bf5AVVoPjA,isotropic,none,1,50,cph:243,36.1773
cph_query_-5qSxgAnKk-6Bf5AVVoPjA,isotropic,isotropic,1,27,cph:243,43.3080
cph_query_-5qSxgAnKk-6Bf5AVVoPjA,isotropic,none,2,33,cph:243,36.1773
cph_query_-5qSxgAnKk-6Bf5AVVoPjA,isotropic,isotropic,2,30,cph:243,43.3317
cph_query_-5qSxgAnKk-6Bf5AVVoPjA,direction,none,0,182,cph:243,36.1773
cph_query_-5qSxgAnKk-6Bf5AVVoPjA,direction,direction,0,29,cph:243,40.4148
cph_query_-5qSxgAnKk-6Bf5AVVoPjA,direction,none,1,70,cph:243,36.1773
cph_query_-5qSxgAnKk-6Bf5AVVoPjA,direction,direction,1,3,cph:243,40.4108
cph_query_-5qSxgAnKk-6Bf5AVVoPjA,direction,none,2,60,cph:243,36.1773
cph_query_-5qSxgAnKk-6Bf5AVVoPjA,direction,direction,2,4,cph:243,40.3509
cph_query_-5qSxgAnKk-6Bf5AVVoPjA,hardened,none,0,9,cph:243,36.1773
cph_query_-5qSxgAnKk-6Bf5AVVoPjA,hardened,hardened,0,16,cph:243,40.1170
cph_query_-5qSxgAnKk-6Bf5AVVoPjA,hardened,direction,0,19,cph:243,39.9432
cph_query_-5qSxgAnKk-6Bf5AVVoPjA,hardened,none,1,56,cph:243,36.1773
cph_query_-5qSxgAnKk-6Bf5AVVoPjA,hardened,hardened,1,3,cph:243,40.1053
cph_query_-5qSxgAnKk-6Bf5AVVoPjA,hardened,direction,1,7,cph:243,39.9285
cph_query_-5qSxgAnKk-6Bf5AVVoPjA,hardened,none,2,99,cph:243,36.1773
cph_query_-5qSxgAnKk-6Bf5AVVoPjA,hardened,hardened,2,16,cph:243,40.1716
cph_query_-5qSxgAnKk-6Bf5AVVoPjA,hardened,direction,2,19,cph:243,39.9964
cph_query_-8E-udXiyMJCRp_UkM4Kgw,clean,none,0,1,cph:245,
cph_query_-8E-udXiyMJCRp_UkM4Kgw,isotropic,none,0,1,cph:245,36.1773
cph_query_-8E-udXiyMJCRp_UkM4Kgw,isotropic,isotropic,0,1,cph:245,41.0817
cph_query_-8E-udXiyMJCRp_UkM4Kgw,isotropic,none,1,1,cph:245,36.1773
cph_query_-8E-udXiyMJCRp_UkM4Kgw,isotropic,isotropic,1,1,cph:245,41.1295
cph_query_-8E-udXiyMJCRp_UkM4Kgw,isotropic,none,2,1,cph:245,36.1773
cph_query_-8E-udXiyMJCRp_UkM4Kgw,isotropic,isotropic,2,1,cph:245,41.1255
cph_query_-8E-udXiyMJCRp_UkM4Kgw,direction,none,0,1,cph:245,36.1773
cph_query_-8E-udXiyMJCRp_UkM4Kgw,direction,direction,0,2,cph:245,38.5073
cph_query_-8E-udXiyMJCRp_UkM4Kgw,direction,none,1,1,cph:245,36.1773
cph_query_-8E-udXiyMJCRp_UkM4Kgw,direction,direction,1,3,cph:245,38.5165
cph_query_-8E-udXiyMJCRp_UkM4Kgw,direction,none,2,1,cph:245,36.1773
cph_query_-8E-udXiyMJCRp_UkM4Kgw,direction,direction,2,2,cph:245,38.4649
cph_query_-8E-udXiyMJCRp_UkM4Kgw,hardened,none,0,1,cph:245,36.1773
cph_query_-8E-udXiyMJCRp_UkM4Kgw,hardened,hardened,0,2,cph:245,38.1792
cph_query_-8E-udXiyMJCRp_UkM4Kgw,hardened,direction,0,1,cph:245,38.0618
cph_query_-8E-udXiyMJCRp_UkM4Kgw,hardened,none,1,1,cph:245,36.1773
cph_query_-8E-udXiyMJCRp_UkM4Kgw,hardened,hardened,1,1,cph:245,38.3028
cph_query_-8E-udXiyMJCRp_UkM4Kgw,hardened,direction,1,1,cph:245,38.1992
cph_query_-8E-udXiyMJCRp_UkM4Kgw,hardened,none,2,1,cph:245,36.1773
cph_query_-8E-udXiyMJCRp_UkM4Kgw,hardened,hardened,2,1,cph:245,38.3084
cph_query_-8E-udXiyMJCRp_UkM4Kgw,hardened,direction,2,1,cph:245,38.2129
cph_query_-9WYlFp61M1J1zV1mJD4uA,clean,none,0,435,cph:280,
cph_query_-9WYlFp61M1J1zV1mJD4uA,isotropic,none,0,1597,cph:280,36.1773
cph_query_-9WYlFp61M1J1zV1mJD4uA,isotropic,isotropic,0,301,cph:280,44.1005
cph_query_-9WYlFp61M1J1zV1mJD4uA,isotropic,none,1,1311,cph:280,36.1773
cph_query_-9WYlFp61M1J1zV1mJD4uA,isotropic,isotropic,1,327,cph:280,44.1090
cph_query_-9WYlFp61M1J1zV1mJD4uA,isotropic,none,2,484,cph:280,36.1773
cph_query_-9WYlFp61M1J1zV1mJD4uA,isotropic,isotropic,2,476,cph:280,44.0956
cph_query_-9WYlFp61M1J1zV1mJD4uA,direction,none,0,1179,cph:280,36.1773
cph_query_-9WYlFp61M1J1zV1mJD4uA,direction,direction,0,91,cph:280,41.5986
cph_query_-9WYlFp61M1J1zV1mJD4uA,direction,none,1,1737,cph:280,36.1773
cph_query_-9WYlFp61M1J1zV1mJD4uA,direction,direction,1,230,cph:280,41.5491
cph_query_-9WYlFp61M1J1zV1mJD4uA,direction,none,2,305,cph:280,36.1773
cph_query_-9WYlFp61M1J1zV1mJD4uA,direction,direction,2,166,cph:280,41.6358
cph_query_-9WYlFp61M1J1zV1mJD4uA,hardened,none,0,515,cph:280,36.1773
cph_query_-9WYlFp61M1J1zV1mJD4uA,hardened,hardened,0,226,cph:280,40.8638
cph_query_-9WYlFp61M1J1zV1mJD4uA,hardened,direction,0,260,cph:280,40.8859
cph_query_-9WYlFp61M1J1zV1mJD4uA,hardened,none,1,948,cph:280,36.1773
cph_query_-9WYlFp61M1J1zV1mJD4uA,hardened,hardened,1,387,cph:280,40.8868
cph_query_-9WYlFp61M1J1zV1mJD4uA,hardened,direction,1,422,cph:280,40.8483
cph_query_-9WYlFp61M1J1zV1mJD4uA,hardened,none,2,920,cph:280,36.1773
cph_query_-9WYlFp61M1J1zV1mJD4uA,hardened,hardened,2,35,cph:280,40.8629
cph_query_-9WYlFp61M1J1zV1mJD4uA,hardened,direction,2,47,cph:280,40.8465
cph_query_-9ZOGirqZl2EVYWN1WLERg,clean,none,0,1,cph:162,
cph_query_-9ZOGirqZl2EVYWN1WLERg,isotropic,none,0,1,cph:162,36.1773
cph_query_-9ZOGirqZl2EVYWN1WLERg,isotropic,isotropic,0,1,cph:162,43.9632
cph_query_-9ZOGirqZl2EVYWN1WLERg,isotropic,none,1,1,cph:162,36.1773
cph_query_-9ZOGirqZl2EVYWN1WLERg,isotropic,isotropic,1,1,cph:162,43.9877
cph_query_-9ZOGirqZl2EVYWN1WLERg,isotropic,none,2,1,cph:162,36.1773
cph_query_-9ZOGirqZl2EVYWN1WLERg,isotropic,isotropic,2,1,cph:162,43.9924
cph_query_-9ZOGirqZl2EVYWN1WLERg,direction,none,0,1,cph:162,36.1773
cph_query_-9ZOGirqZl2EVYWN1WLERg,direction,direction,0,1,cph:162,41.3866
cph_query_-9ZOGirqZl2EVYWN1WLERg,direction,none,1,1,cph:162,36.1773
cph_query_-9ZOGirqZl2EVYWN1WLERg,direction,direction,1,1,cph:162,41.4874
cph_query_-9ZOGirqZl2EVYWN1WLERg,direction,none,2,1,cph:162,36.1773
cph_query_-9ZOGirqZl2EVYWN1WLERg,direction,direction,2,1,cph:162,41.4194
cph_query_-9ZOGirqZl2EVYWN1WLERg,hardened,none,0,1,cph:162,36.1773
cph_query_-9ZOGirqZl2EVYWN1WLERg,hardened,hardened,0,1,cph:162,40.7723
cph_query_-9ZOGirqZl2EVYWN1WLERg,hardened,direction,0,1,cph:162,40.6489
cph_query_-9ZOGirqZl2EVYWN1WLERg,hardened,none,1,1,cph:162,36.1773
cph_query_-9ZOGirqZl2EVYWN1WLERg,hardened,hardened,1,1,cph:162,40.7587
cph_query_-9ZOGirqZl2EVYWN1WLERg,hardened,direction,1,1,cph:162,40.6683
cph_query_-9ZOGirqZl2EVYWN1WLERg,hardened,none,2,1,cph:162,36.1773
cph_query_-9ZOGirqZl2EVYWN1WLERg,hardened,hardened,2,1,cph:162,40.7728
cph_query_-9ZOGirqZl2EVYWN1WLERg,hardened,direction,2,1,cph:162,40.6813
cph_query_-AowxxrsOr_xM02-ZyrQ5A,clean,none,0,1,cph:96,
cph_query_-AowxxrsOr_xM02-ZyrQ5A,isotropic,none,0,1,cph:96,36.1773
cph_query_-AowxxrsOr_xM02-ZyrQ5A,isotropic,isotropic,0,1,cph:96,42.7683
cph_query_-AowxxrsOr_xM02-ZyrQ5A,isotropic,none,1,1,cph:96,36.1773
cph_query_-AowxxrsOr_xM02-ZyrQ5A,isotropic,isotropic,1,1,cph:96,42.7740
cph_query_-AowxxrsOr_xM02-ZyrQ5A,isotropic,none,2,1,cph:96,36.1773
cph_query_-AowxxrsOr_xM02-ZyrQ5A,isotropic,isotropic,2,1,cph:96,42.7750
cph_query_-AowxxrsOr_xM02-ZyrQ5A,direction,none,0,1,cph:96,36.1773
cph_query_-AowxxrsOr_xM02-ZyrQ5A,direction,direction,0,1,cph:96,39.6504
cph_query_-AowxxrsOr_xM02-ZyrQ5A,direction,none,1,1,cph:96,36.1773
cph_query_-AowxxrsOr_xM02-ZyrQ5A,direction,direction,1,2,cph:96,39.7753
cph_query_-AowxxrsOr_xM02-ZyrQ5A,direction,none,2,1,cph:96,36.1773
cph_query_-AowxxrsOr_xM02-ZyrQ5A,direction,direction,2,1,cph:96,39.7834
cph_query_-AowxxrsOr_xM02-ZyrQ5A,hardened,none,0,2,cph:96,36.1773
cph_query_-AowxxrsOr_xM02-ZyrQ5A,hardened,hardened,0,1,cph:96,39.3867
cph_query_-AowxxrsOr_xM02-ZyrQ5A,hardened,direction,0,1,cph:96,39.3075
cph_query_-AowxxrsOr_xM02-ZyrQ5A,hardened,none,1,1,cph:96,36.1773
cph_query_-AowxxrsOr_xM02-ZyrQ5A,hardened,hardened,1,1,cph:96,39.3669
cph_query_-AowxxrsOr_xM02-ZyrQ5A,hardened,direction,1,1,cph:96,39.2651
cph_query_-AowxxrsOr_xM02-ZyrQ5A,hardened,none,2,4,cph:96,36.1773
cph_query_-AowxxrsOr_xM02-ZyrQ5A,hardened,hardened,2,1,cph:96,39.3981
cph_query_-AowxxrsOr_xM02-ZyrQ5A,hardened,direction,2,1,cph:96,39.3202
cph_query_-BH_JCTriNnLeoSt0e51lQ,clean,none,0,190,cph:429,
cph_query_-BH_JCTriNnLeoSt0e51lQ,isotropic,none,0,148,cph:429,36.1773
cph_query_-BH_JCTriNnLeoSt0e51lQ,isotropic,isotropic,0,138,cph:429,44.5501
cph_query_-BH_JCTriNnLeoSt0e51lQ,isotropic,none,1,125,cph:429,36.1773
cph_query_-BH_JCTriNnLeoSt0e51lQ,isotropic,isotropic,1,169,cph:429,44.5541
cph_query_-BH_JCTriNnLeoSt0e51lQ,isotropic,none,2,210,cph:429,36.1773
cph_query_-BH_JCTriNnLeoSt0e51lQ,isotropic,isotropic,2,175,cph:429,44.5807
cph_query_-BH_JCTriNnLeoSt0e51lQ,direction,none,0,144,cph:429,36.1773
cph_query_-BH_JCTriNnLeoSt0e51lQ,direction,direction,0,190,cph:429,41.8760
cph_query_-BH_JCTriNnLeoSt0e51lQ,direction,none,1,239,cph:429,36.1773
cph_query_-BH_JCTriNnLeoSt0e51lQ,direction,direction,1,67,cph:429,41.8197
cph_query_-BH_JCTriNnLeoSt0e51lQ,direction,none,2,162,cph:429,36.1773
cph_query_-BH_JCTriNnLeoSt0e51lQ,direction,direction,2,108,cph:429,41.8550
cph_query_-BH_JCTriNnLeoSt0e51lQ,hardened,none,0,340,cph:429,36.1773
cph_query_-BH_JCTriNnLeoSt0e51lQ,hardened,hardened,0,69,cph:429,40.9350
cph_query_-BH_JCTriNnLeoSt0e51lQ,hardened,direction,0,28,cph:429,41.1957
cph_query_-BH_JCTriNnLeoSt0e51lQ,hardened,none,1,33,cph:429,36.1773
cph_query_-BH_JCTriNnLeoSt0e51lQ,hardened,hardened,1,30,cph:429,40.9338
cph_query_-BH_JCTriNnLeoSt0e51lQ,hardened,direction,1,34,cph:429,41.1013
cph_query_-BH_JCTriNnLeoSt0e51lQ,hardened,none,2,144,cph:429,36.1773
cph_query_-BH_JCTriNnLeoSt0e51lQ,hardened,hardened,2,35,cph:429,40.9476
cph_query_-BH_JCTriNnLeoSt0e51lQ,hardened,direction,2,24,cph:429,41.1124
cph_query_-CmhgNHgZVau1Sw841AZJw,clean,none,0,1,cph:271,
cph_query_-CmhgNHgZVau1Sw841AZJw,isotropic,none,0,1,cph:271,36.1773
cph_query_-CmhgNHgZVau1Sw841AZJw,isotropic,isotropic,0,1,cph:271,41.7484
cph_query_-CmhgNHgZVau1Sw841AZJw,isotropic,none,1,2,cph:271,36.1773
cph_query_-CmhgNHgZVau1Sw841AZJw,isotropic,isotropic,1,1,cph:271,41.7495
cph_query_-CmhgNHgZVau1Sw841AZJw,isotropic,none,2,2,cph:271,36.1773
cph_query_-CmhgNHgZVau1Sw841AZJw,isotropic,isotropic,2,1,cph:271,41.7239
cph_query_-CmhgNHgZVau1Sw841AZJw,direction,none,0,5,cph:271,36.1773
cph_query_-CmhgNHgZVau1Sw841AZJw,direction,direction,0,1,cph:271,39.3307
cph_query_-CmhgNHgZVau1Sw841AZJw,direction,none,1,4,cph:271,36.1773
cph_query_-CmhgNHgZVau1Sw841AZJw,direction,direction,1,1,cph:271,39.3099
cph_query_-CmhgNHgZVau1Sw841AZJw,direction,none,2,3,cph:271,36.1773
cph_query_-CmhgNHgZVau1Sw841AZJw,direction,direction,2,1,cph:271,39.3098
cph_query_-CmhgNHgZVau1Sw841AZJw,hardened,none,0,2,cph:271,36.1773
cph_query_-CmhgNHgZVau1Sw841AZJw,hardened,hardened,0,1,cph:271,39.0217
cph_query_-CmhgNHgZVau1Sw841AZJw,hardened,direction,0,1,cph:271,38.8186
cph_query_-CmhgNHgZVau1Sw841AZJw,hardened,none,1,1,cph:271,36.1773
cph_query_-CmhgNHgZVau1Sw841AZJw,hardened,hardened,1,1,cph:271,38.9679
cph_query_-CmhgNHgZVau1Sw841AZJw,hardened,direction,1,1,cph:271,38.7346
cph_query_-CmhgNHgZVau1Sw841AZJw,hardened,none,2,3,cph:271,36.1773
cph_query_-CmhgNHgZVau1Sw841AZJw,hardened,hardened,2,1,cph:271,39.0155
cph_query_-CmhgNHgZVau1Sw841AZJw,hardened,direction,2,1,cph:271,38.8023
cph_query_-CrgHhqoywCPgzsSAabnsw,clean,none,0,1,cph:464,
cph_query_-CrgHhqoywCPgzsSAabnsw,isotropic,none,0,1,cph:464,36.1773
cph_query_-CrgHhqoywCPgzsSAabnsw,isotropic,isotropic,0,1,cph:464,43.0170
cph_query_-CrgHhqoywCPgzsSAabnsw,isotropic,none,1,1,cph:464,36.1773
cph_query_-CrgHhqoywCPgzsSAabnsw,isotropic,isotropic,1,1,cph:464,42.9875
cph_query_-CrgHhqoywCPgzsSAabnsw,isotropic,none,2,1,cph:464,36.1773
cph_query_-CrgHhqoywCPgzsSAabnsw,isotropic,isotropic,2,1,cph:464,42.9911
cph_query_-CrgHhqoywCPgzsSAabnsw,direction,none,0,30,cph:464,36.1773
cph_query_-CrgHhqoywCPgzsSAabnsw,direction,direction,0,12,cph:464,40.5544
cph_query_-CrgHhqoywCPgzsSAabnsw,direction,none,1,11,cph:464,36.1773
cph_query_-CrgHhqoywCPgzsSAabnsw,direction,direction,1,7,cph:464,40.6039
cph_query_-CrgHhqoywCPgzsSAabnsw,direction,none,2,19,cph:464,36.1773
cph_query_-CrgHhqoywCPgzsSAabnsw,direction,direction,2,1,cph:464,40.6596
cph_query_-CrgHhqoywCPgzsSAabnsw,hardened,none,0,45,cph:464,36.1773
cph_query_-CrgHhqoywCPgzsSAabnsw,hardened,hardened,0,3,cph:464,40.0983
cph_query_-CrgHhqoywCPgzsSAabnsw,hardened,direction,0,23,cph:464,39.9712
cph_query_-CrgHhqoywCPgzsSAabnsw,hardened,none,1,275,cph:464,36.1773
cph_query_-CrgHhqoywCPgzsSAabnsw,hardened,hardened,1,3,cph:464,40.0568
cph_query_-CrgHhqoywCPgzsSAabnsw,hardened,direction,1,42,cph:464,39.9592
cph_query_-CrgHhqoywCPgzsSAabnsw,hardened,none,2,19,cph:464,36.1773
cph_query_-CrgHhqoywCPgzsSAabnsw,hardened,hardened,2,9,cph:464,40.0607
cph_query_-CrgHhqoywCPgzsSAabnsw,hardened,direction,2,49,cph:464,39.9888
cph_query_-EJZ9qR_FRIGfCF6DhQCJg,clean,none,0,1,cph:175,
cph_query_-EJZ9qR_FRIGfCF6DhQCJg,isotropic,none,0,1,cph:175,36.1773
cph_query_-EJZ9qR_FRIGfCF6DhQCJg,isotropic,isotropic,0,1,cph:175,42.6703
cph_query_-EJZ9qR_FRIGfCF6DhQCJg,isotropic,none,1,1,cph:175,36.1773
cph_query_-EJZ9qR_FRIGfCF6DhQCJg,isotropic,isotropic,1,1,cph:175,42.6857
cph_query_-EJZ9qR_FRIGfCF6DhQCJg,isotropic,none,2,1,cph:175,36.1773
cph_query_-EJZ9qR_FRIGfCF6DhQCJg,isotropic,isotropic,2,1,cph:175,42.6981
cph_query_-EJZ9qR_FRIGfCF6DhQCJg,direction,none,0,1,cph:175,36.1773
cph_query_-EJZ9qR_FRIGfCF6DhQCJg,direction,direction,0,1,cph:175,39.8773
cph_query_-EJZ9qR_FRIGfCF6DhQCJg,direction,none,1,1,cph:175,36.1773
cph_query_-EJZ9qR_FRIGfCF6DhQCJg,direction,direction,1,1,cph:175,39.9252
cph_query_-EJZ9qR_FRIGfCF6DhQCJg,direction,none,2,1,cph:175,36.1773
cph_query_-EJZ9qR_FRIGfCF6DhQCJg,direction,direction,2,1,cph:175,39.9492
cph_query_-EJZ9qR_FRIGfCF6DhQCJg,hardened,none,0,1,cph:175,36.1773
cph_query_-EJZ9qR_FRIGfCF6DhQCJg,hardened,hardened,0,1,cph:175,39.7392
cph_query_-EJZ9qR_FRIGfCF6DhQCJg,hardened,direction,0,1,cph:175,39.6924
cph_query_-EJZ9qR_FRIGfCF6DhQCJg,hardened,none,1,1,cph:175,36.1773
cph_query_-EJZ9qR_FRIGfCF6DhQCJg,hardened,hardened,1,1,cph:175,39.7118
cph_query_-EJZ9qR_FRIGfCF6DhQCJg,hardened,direction,1,1,cph:175,39.6421
cph_query_-EJZ9qR_FRIGfCF6DhQCJg,hardened,none,2,1,cph:175,36.1773
cph_query_-EJZ9qR_FRIGfCF6DhQCJg,hardened,hardened,2,1,cph:175,39.6658
cph_query_-EJZ9qR_FRIGfCF6DhQCJg,hardened,direction,2,1,cph:175,39.6372
cph_query_-Eb1W6216G9S88OFy95k4Q,clean,none,0,1,cph:366,
cph_query_-Eb1W6216G9S88OFy95k4Q,isotropic,none,0,1,cph:366,36.1773
cph_query_-Eb1W6216G9S88OFy95k4Q,isotropic,isotropic,0,1,cph:366,40.6978
cph_query_-Eb1W6216G9S88OFy95k4Q,isotropic,none,1,1,cph:366,36.1773
cph_query_-Eb1W6216G9S88OFy95k4Q,isotropic,isotropic,1,1,cph:366,40.6810
cph_query_-Eb1W6216G9S88OFy95k4Q,isotropic,none,2,1,cph:366,36.1773
cph_query_-Eb1W6216G9S88OFy95k4Q,isotropic,isotropic,2,1,cph:366,40.7121
cph_query_-Eb1W6216G9S88OFy95k4Q,direction,none,0,1,cph:366,36.1773
cph_query_-Eb1W6216G9S88OFy95k4Q,direction,direction,0,1,cph:366,38.0680
cph_query_-Eb1W6216G9S88OFy95k4Q,direction,none,1,1,cph:366,36.1773
cph_query_-Eb1W6216G9S88OFy95k4Q,direction,direction,1,1,cph:366,38.0450
cph_query_-Eb1W6216G9S88OFy95k4Q,direction,none,2,1,cph:366,36.1773
cph_query_-Eb1W6216G9S88OFy95k4Q,direction,direction,2,1,cph:366,38.0419
cph_query_-Eb1W6216G9S88OFy95k4Q,hardened,none,0,1,cph:366,36.1773
cph_query_-Eb1W6216G9S88OFy95k4Q,hardened,hardened,0,1,cph:366,37.9279
cph_query_-Eb1W6216G9S88OFy95k4Q,hardened,direction,0,1,cph:366,37.8302
cph_query_-Eb1W6216G9S88OFy95k4Q,hardened,none,1,1,cph:366,36.1773
cph_query_-Eb1W6216G9S88OFy95k4Q,hardened,hardened,1,1,cph:366,37.9603
cph_query_-Eb1W6216G9S88OFy95k4Q,hardened,direction,1,1,cph:366,37.8811
cph_query_-Eb1W6216G9S88OFy95k4Q,hardened,none,2,1,cph:366,36.1773
cph_query_-Eb1W6216G9S88OFy95k4Q,hardened,hardened,2,1,cph:366,37.9144
cph_query_-Eb1W6216G9S88OFy95k4Q,hardened,direction,2,1,cph:366,37.8292
cph_query_-Efn_mUBXLqGWGzUw3Youw,clean,none,0,1,cph:460,
cph_query_-Efn_mUBXLqGWGzUw3Youw,isotropic,none,0,1,cph:460,36.1773
cph_query_-Efn_mUBXLqGWGzUw3Youw,isotropic,isotropic,0,1,cph:460,41.4038
cph_query_-Efn_mUBXLqGWGzUw3Youw,isotropic,none,1,1,cph:460,36.1773
cph_query_-Efn_mUBXLqGWGzUw3Youw,isotropic,isotropic,1,1,cph:460,41.3722
cph_query_-Efn_mUBXLqGWGzUw3Youw,isotropic,none,2,1,cph:460,36.1773
cph_query_-Efn_mUBXLqGWGzUw3Youw,isotropic,isotropic,2,1,cph:460,41.3494
cph_query_-Efn_mUBXLqGWGzUw3Youw,direction,none,0,1,cph:460,36.1773
cph_query_-Efn_mUBXLqGWGzUw3Youw,direction,direction,0,1,cph:460,38.4050
cph_query_-Efn_mUBXLqGWGzUw3Youw,direction,none,1,1,cph:460,36.1773
cph_query_-Efn_mUBXLqGWGzUw3Youw,direction,direction,1,1,cph:460,38.3983
cph_query_-Efn_mUBXLqGWGzUw3Youw,direction,none,2,2,cph:460,36.1773
cph_query_-Efn_mUBXLqGWGzUw3Youw,direction,direction,2,2,cph:460,38.4104
cph_query_-Efn_mUBXLqGWGzUw3Youw,hardened,none,0,20,cph:460,36.1773
cph_query_-Efn_mUBXLqGWGzUw3Youw,hardened,hardened,0,3,cph:460,38.1437
cph_query_-Efn_mUBXLqGWGzUw3Youw,hardened,direction,0,16,cph:460,38.0730
cph_query_-Efn_mUBXLqGWGzUw3Youw,hardened,none,1,9,cph:460,36.1773
cph_query_-Efn_mUBXLqGWGzUw3Youw,hardened,hardened,1,1,cph:460,38.1855
cph_query_-Efn_mUBXLqGWGzUw3Youw,hardened,direction,1,2,cph:460,38.0897
cph_query_-Efn_mUBXLqGWGzUw3Youw,hardened,none,2,12,cph:460,36.1773
cph_query_-Efn_mUBXLqGWGzUw3Youw,hardened,hardened,2,2,cph:460,38.1163
cph_query_-Efn_mUBXLqGWGzUw3Youw,hardened,direction,2,5,cph:460,38.0123
cph_query_-F5w8wQO0CU26PCfOqANzA,clean,none,0,3,cph:370,
cph_query_-F5w8wQO0CU26PCfOqANzA,isotropic,none,0,3,cph:370,36.1773
cph_query_-F5w8wQO0CU26PCfOqANzA,isotropic,isotropic,0,3,cph:370,42.0973
cph_query_-F5w8wQO0CU26PCfOqANzA,isotropic,none,1,4,cph:370,36.1773
cph_query_-F5w8wQO0CU26PCfOqANzA,isotropic,isotropic,1,3,cph:370,42.0784
cph_query_-F5w8wQO0CU26PCfOqANzA,isotropic,none,2,3,cph:370,36.1773
cph_query_-F5w8wQO0CU26PCfOqANzA,isotropic,isotropic,2,3,cph:370,42.0556
cph_query_-F5w8wQO0CU26PCfOqANzA,direction,none,0,2,cph:370,36.1773
cph_query_-F5w8wQO0CU26PCfOqANzA,direction,direction,0,5,cph:370,39.2366
cph_query_-F5w8wQO0CU26PCfOqANzA,direction,none,1,2,cph:370,36.1773
cph_query_-F5w8wQO0CU26PCfOqANzA,direction,direction,1,4,cph:370,39.0736
cph_query_-F5w8wQO0CU26PCfOqANzA,direction,none,2,3,cph:370,36.1773
cph_query_-F5w8wQO0CU26PCfOqANzA,direction,direction,2,5,cph:370,39.0705
cph_query_-F5w8wQO0CU26PCfOqANzA,hardened,none,0,2,cph:370,36.1773
cph_query_-F5w8wQO0CU26PCfOqANzA,hardened,hardened,0,18,cph:370,38.9258
cph_query_-F5w8wQO0CU26PCfOqANzA,hardened,direction,0,19,cph:370,38.8573
cph_query_-F5w8wQO0CU26PCfOqANzA,hardened,none,1,1,cph:370,36.1773
cph_query_-F5w8wQO0CU26PCfOqANzA,hardened,hardened,1,10,cph:370,39.0497
cph_query_-F5w8wQO0CU26PCfOqANzA,hardened,direction,1,36,cph:370,38.9628
cph_query_-F5w8wQO0CU26PCfOqANzA,hardened,none,2,2,cph:370,36.1773
cph_query_-F5w8wQO0CU26PCfOqANzA,hardened,hardened,2,10,cph:370,39.0020
cph_query_-F5w8wQO0CU26PCfOqANzA,hardened,direction,2,14,cph:370,38.9328
cph_query_-FLAkBWjfrY2RcqaQ-LgmQ,clean,none,0,1,cph:261,
cph_query_-FLAkBWjfrY2RcqaQ-LgmQ,isotropic,none,0,1,cph:261,36.1773
cph_query_-FLAkBWjfrY2RcqaQ-LgmQ,isotropic,isotropic,0,1,cph:261,42.6148
cph_query_-FLAkBWjfrY2RcqaQ-LgmQ,isotropic,none,1,1,cph:261,36.1773
cph_query_-FLAkBWjfrY2RcqaQ-LgmQ,isotropic,isotropic,1,1,cph:261,42.6185
cph_query_-FLAkBWjfrY2RcqaQ-LgmQ,isotropic,none,2,1,cph:261,36.1773
cph_query_-FLAkBWjfrY2RcqaQ-LgmQ,isotropic,isotropic,2,1,cph:261,42.6636
cph_query_-FLAkBWjfrY2RcqaQ-LgmQ,direction,none,0,12,cph:261,36.1773
cph_query_-FLAkBWjfrY2RcqaQ-LgmQ,direction,direction,0,1,cph:261,40.0664
cph_query_-FLAkBWjfrY2RcqaQ-LgmQ,direction,none,1,2,cph:261,36.1773
cph_query_-FLAkBWjfrY2RcqaQ-LgmQ,direction,direction,1,1,cph:261,40.0667
cph_query_-FLAkBWjfrY2RcqaQ-LgmQ,direction,none,2,1,cph:261,36.1773
cph_query_-FLAkBWjfrY2RcqaQ-LgmQ,direction,direction,2,1,cph:261,40.0759
cph_query_-FLAkBWjfrY2RcqaQ-LgmQ,hardened,none,0,1,cph:261,36.1773
cph_query_-FLAkBWjfrY2RcqaQ-LgmQ,hardened,hardened,0,1,cph:261,39.4921
cph_query_-FLAkBWjfrY2RcqaQ-LgmQ,hardened,direction,0,1,cph:261,39.4767
cph_query_-FLAkBWjfrY2RcqaQ-LgmQ,hardened,none,1,3,cph:261,36.1773
cph_query_-FLAkBWjfrY2RcqaQ-LgmQ,hardened,hardened,1,1,cph:261,39.5579
cph_query_-FLAkBWjfrY2RcqaQ-LgmQ,hardened,direction,1,1,cph:261,39.5294
cph_query_-FLAkBWjfrY2RcqaQ-LgmQ,hardened,none,2,2,cph:261,36.1773
cph_query_-FLAkBWjfrY2RcqaQ-LgmQ,hardened,hardened,2,1,cph:261,39.5709
cph_query_-FLAkBWjfrY2RcqaQ-LgmQ,hardened,direction,2,1,cph:261,39.5330
cph_query_-GVbOpzggFXAot0UyKhx2g,clean,none,0,1,cph:4,
cph_query_-GVbOpzggFXAot0UyKhx2g,isotropic,none,0,1,cph:4,36.1773
cph_query_-GVbOpzggFXAot0UyKhx2g,isotropic,isotropic,0,1,cph:4,42.3087
cph_query_-GVbOpzggFXAot0UyKhx2g,isotropic,none,1,1,cph:4,36.1773
cph_query_-GVbOpzggFXAot0UyKhx2g,isotropic,isotropic,1,1,cph:4,42.3324
cph_query_-GVbOpzggFXAot0UyKhx2g,isotropic,none,2,1,cph:4,36.1773
cph_query_-GVbOpzggFXAot0UyKhx2g,isotropic,isotropic,2,1,cph:4,42.3111
cph_query_-GVbOpzggFXAot0UyKhx2g,direction,none,0,11,cph:4,36.1773
cph_query_-GVbOpzggFXAot0UyKhx2g,direction,direction,0,1,cph:4,39.6828
cph_query_-GVbOpzggFXAot0UyKhx2g,direction,none,1,2,cph:4,36.1773
cph_query_-GVbOpzggFXAot0UyKhx2g,direction,direction,1,1,cph:4,39.5636
cph_query_-GVbOpzggFXAot0UyKhx2g,direction,none,2,4,cph:4,36.1773
cph_query_-GVbOpzggFXAot0UyKhx2g,direction,direction,2,1,cph:4,39.6908
cph_query_-GVbOpzggFXAot0UyKhx2g,hardened,none,0,38,cph:4,36.1773
cph_query_-GVbOpzggFXAot0UyKhx2g,hardened,hardened,0,2,cph:4,39.3056
cph_query_-GVbOpzggFXAot0UyKhx2g,hardened,direction,0,9,cph:4,39.1508
cph_query_-GVbOpzggFXAot0UyKhx2g,hardened,none,1,3,cph:4,36.1773
cph_query_-GVbOpzggFXAot0UyKhx2g,hardened,hardened,1,1,cph:4,39.2553
cph_query_-GVbOpzggFXAot0UyKhx2g,hardened,direction,1,1,cph:4,39.0743
cph_query_-GVbOpzggFXAot0UyKhx2g,hardened,none,2,159,cph:4,36.1773
cph_query_-GVbOpzggFXAot0UyKhx2g,hardened,hardened,2,10,cph:4,39.2431
cph_query_-GVbOpzggFXAot0UyKhx2g,hardened,direction,2,22,cph:4,39.0816
cph_query_-G_OOR1_yAfdfgnlKYNKnQ,clean,none,0,1,cph:254,
cph_query_-G_OOR1_yAfdfgnlKYNKnQ,isotropic,none,0,1,cph:254,36.1773
cph_query_-G_OOR1_yAfdfgnlKYNKnQ,isotropic,isotropic,0,1,cph:254,42.1320
cph_query_-G_OOR1_yAfdfgnlKYNKnQ,isotropic,none,1,1,cph:254,36.1773
cph_query_-G_OOR1_yAfdfgnlKYNKnQ,isotropic,isotropic,1,1,cph:254,42.1103
cph_query_-G_OOR1_yAfdfgnlKYNKnQ,isotropic,none,2,1,cph:254,36.1773
cph_query_-G_OOR1_yAfdfgnlKYNKnQ,isotropic,isotropic,2,1,cph:254,42.0910
cph_query_-G_OOR1_yAfdfgnlKYNKnQ,direction,none,0,1,cph:254,36.1773
cph_query_-G_OOR1_yAfdfgnlKYNKnQ,direction,direction,0,1,cph:254,39.3090
cph_query_-G_OOR1_yAfdfgnlKYNKnQ,direction,none,1,1,cph:254,36.1773
cph_query_-G_OOR1_yAfdfgnlKYNKnQ,direction,direction,1,1,cph:254,39.2694
cph_query_-G_OOR1_yAfdfgnlKYNKnQ,direction,none,2,1,cph:254,36.1773
cph_query_-G_OOR1_yAfdfgnlKYNKnQ,direction,direction,2,1,cph:254,39.2986
cph_query_-G_OOR1_yAfdfgnlKYNKnQ,hardened,none,0,1,cph:254,36.1773
cph_query_-G_OOR1_yAfdfgnlKYNKnQ,hardened,hardened,0,1,cph:254,38.9399
cph_query_-G_OOR1_yAfdfgnlKYNKnQ,hardened,direction,0,1,cph:254,38.9448
cph_query_-G_OOR1_yAfdfgnlKYNKnQ,hardened,none,1,1,cph:254,36.1773
cph_query_-G_OOR1_yAfdfgnlKYNKnQ,hardened,hardened,1,1,cph:254,38.9144
cph_query_-G_OOR1_yAfdfgnlKYNKnQ,hardened,direction,1,1,cph:254,38.8907
cph_query_-G_OOR1_yAfdfgnlKYNKnQ,hardened,none,2,1,cph:254,36.1773
cph_query_-G_OOR1_yAfdfgnlKYNKnQ,hardened,hardened,2,1,cph:254,38.9361
cph_query_-G_OOR1_yAfdfgnlKYNKnQ,hardened,direction,2,1,cph:254,38.8713
cph_query_-Gsj5kZ1V6uLXFxzeI7G2Q,clean,none,0,39,cph:159,
cph_query_-Gsj5kZ1V6uLXFxzeI7G2Q,isotropic,none,0,48,cph:159,36.1773
cph_query_-Gsj5kZ1V6uLXFxzeI7G2Q,isotropic,isotropic,0,40,cph:159,41.6295
cph_query_-Gsj5kZ1V6uLXFxzeI7G2Q,isotropic,none,1,107,cph:159,36.1773
cph_query_-Gsj5kZ1V6uLXFxzeI7G2Q,isotropic,isotropic,1,109,cph:159,41.5905
cph_query_-Gsj5kZ1V6uLXFxzeI7G2Q,isotropic,none,2,51,cph:159,36.1773
cph_query_-Gsj5kZ1V6uLXFxzeI7G2Q,isotropic,isotropic,2,56,cph:159,41.6231
cph_query_-Gsj5kZ1V6uLXFxzeI7G2Q,direction,none,0,92,cph:159,36.1773
cph_query_-Gsj5kZ1V6uLXFxzeI7G2Q,direction,direction,0,168,cph:159,39.0280
cph_query_-Gsj5kZ1V6uLXFxzeI7G2Q,direction,none,1,65,cph:159,36.1773
cph_query_-Gsj5kZ1V6uLXFxzeI7G2Q,direction,direction,1,223,cph:159,39.0628
cph_query_-Gsj5kZ1V6uLXFxzeI7G2Q,direction,none,2,16,cph:159,36.1773
cph_query_-Gsj5kZ1V6uLXFxzeI7G2Q,direction,direction,2,71,cph:159,39.0605
cph_query_-Gsj5kZ1V6uLXFxzeI7G2Q,hardened,none,0,66,cph:159,36.1773
cph_query_-Gsj5kZ1V6uLXFxzeI7G2Q,hardened,hardened,0,114,cph:159,38.7678
cph_query_-Gsj5kZ1V6uLXFxzeI7G2Q,hardened,direction,0,207,cph:159,38.7392
cph_query_-Gsj5kZ1V6uLXFxzeI7G2Q,hardened,none,1,154,cph:159,36.1773
cph_query_-Gsj5kZ1V6uLXFxzeI7G2Q,hardened,hardened,1,122,cph:159,38.6916
cph_query_-Gsj5kZ1V6uLXFxzeI7G2Q,hardened,direction,1,302,cph:159,38.7042
cph_query_-Gsj5kZ1V6uLXFxzeI7G2Q,hardened,none,2,116,cph:159,36.1773
cph_query_-Gsj5kZ1V6uLXFxzeI7G2Q,hardened,hardened,2,92,cph:159,38.7431
cph_query_-Gsj5kZ1V6uLXFxzeI7G2Q,hardened,direction,2,275,cph:159,38.7255
cph_query_-HqO0GfYTRx5TzfB_6mTqA,clean,none,0,3,cph:296,
cph_query_-HqO0GfYTRx5TzfB_6mTqA,isotropic,none,0,5,cph:296,36.1773
cph_query_-HqO0GfYTRx5TzfB_6mTqA,isotropic,isotropic,0,2,cph:296,41.7099
cph_query_-HqO0GfYTRx5TzfB_6mTqA,isotropic,none,1,6,cph:296,36.1773
cph_query_-HqO0GfYTRx5TzfB_6mTqA,isotropic,isotropic,1,2,cph:296,41.7041
cph_query_-HqO0GfYTRx5TzfB_6mTqA,isotropic,none,2,2,cph:296,36.1773
cph_query_-HqO0GfYTRx5TzfB_6mTqA,isotropic,isotropic,2,1,cph:296,41.7215
cph_query_-HqO0GfYTRx5TzfB_6mTqA,direction,none,0,1,cph:296,36.1773
cph_query_-HqO0GfYTRx5TzfB_6mTqA,direction,direction,0,4,cph:296,38.5377
cph_query_-HqO0GfYTRx5TzfB_6mTqA,direction,none,1,5,cph:296,36.1773
cph_query_-HqO0GfYTRx5TzfB_6mTqA,direction,direction,1,4,cph:296,38.5628
cph_query_-HqO0GfYTRx5TzfB_6mTqA,direction,none,2,41,cph:296,36.1773
cph_query_-HqO0GfYTRx5TzfB_6mTqA,direction,direction,2,3,cph:296,38.6255
cph_query_-HqO0GfYTRx5TzfB_6mTqA,hardened,none,0,2,cph:296,36.1773
cph_query_-HqO0GfYTRx5TzfB_6mTqA,hardened,hardened,0,4,cph:296,38.0956
cph_query_-HqO0GfYTRx5TzfB_6mTqA,hardened,direction,0,2,cph:296,38.1642
cph_query_-HqO0GfYTRx5TzfB_6mTqA,hardened,none,1,6,cph:296,36.1773
cph_query_-HqO0GfYTRx5TzfB_6mTqA,hardened,hardened,1,89,cph:296,38.0917
cph_query_-HqO0GfYTRx5TzfB_6mTqA,hardened,direction,1,84,cph:296,38.1551
cph_query_-HqO0GfYTRx5TzfB_6mTqA,hardened,none,2,3,cph:296,36.1773
cph_query_-HqO0GfYTRx5TzfB_6mTqA,hardened,hardened,2,5,cph:296,38.1338
cph_query_-HqO0GfYTRx5TzfB_6mTqA,hardened,direction,2,18,cph:296,38.1833
cph_query_-I7HyKa_KIzMp2uMsvqUAg,clean,none,0,11,cph:54,
cph_query_-I7HyKa_KIzMp2uMsvqUAg,isotropic,none,0,9,cph:54,36.1773
cph_query_-I7HyKa_KIzMp2uMsvqUAg,isotropic,isotropic,0,7,cph:54,43.0087
cph_query_-I7HyKa_KIzMp2uMsvqUAg,isotropic,none,1,40,cph:54,36.1773
cph_query_-I7HyKa_KIzMp2uMsvqUAg,isotropic,isotropic,1,26,cph:54,43.0338
cph_query_-I7HyKa_KIzMp2uMsvqUAg,isotropic,none,2,14,cph:54,36.1773
cph_query_-I7HyKa_KIzMp2uMsvqUAg,isotropic,isotropic,2,12,cph:54,43.0145
cph_query_-I7HyKa_KIzMp2uMsvqUAg,direction,none,0,75,cph:54,36.1773
cph_query_-I7HyKa_KIzMp2uMsvqUAg,direction,direction,0,8,cph:54,39.9269
cph_query_-I7HyKa_KIzMp2uMsvqUAg,direction,none,1,29,cph:54,36.1773
cph_query_-I7HyKa_KIzMp2uMsvqUAg,direction,direction,1,9,cph:54,39.9575
cph_query_-I7HyKa_KIzMp2uMsvqUAg,direction,none,2,46,cph:54,36.1773
cph_query_-I7HyKa_KIzMp2uMsvqUAg,direction,direction,2,4,cph:54,39.9797
cph_query_-I7HyKa_KIzMp2uMsvqUAg,hardened,none,0,22,cph:54,36.1773
cph_query_-I7HyKa_KIzMp2uMsvqUAg,hardened,hardened,0,15,cph:54,39.5637
cph_query_-I7HyKa_KIzMp2uMsvqUAg,hardened,direction,0,10,cph:54,39.5276
cph_query_-I7HyKa_KIzMp2uMsvqUAg,hardened,none,1,46,cph:54,36.1773
cph_query_-I7HyKa_KIzMp2uMsvqUAg,hardened,hardened,1,23,cph:54,39.5938
cph_query_-I7HyKa_KIzMp2uMsvqUAg,hardened,direction,1,27,cph:54,39.5801
cph_query_-I7HyKa_KIzMp2uMsvqUAg,hardened,none,2,85,cph:54,36.1773
cph_query_-I7HyKa_KIzMp2uMsvqUAg,hardened,hardened,2,4,cph:54,39.5679
cph_query_-I7HyKa_KIzMp2uMsvqUAg,hardened,direction,2,6,cph:54,39.5435
cph_query_-I8EyCiw4PS74_uGuMqUYQ,clean,none,0,1,cph:332,
cph_query_-I8EyCiw4PS74_uGuMqUYQ,isotropic,none,0,1,cph:332,36.1773
cph_query_-I8EyCiw4PS74_uGuMqUYQ,isotropic,isotropic,0,1,cph:332,44.5158
cph_query_-I8EyCiw4PS74_uGuMqUYQ,isotropic,none,1,1,cph:332,36.1773
cph_query_-I8EyCiw4PS74_uGuMqUYQ,isotropic,isotropic,1,1,cph:332,44.4432
cph_query_-I8EyCiw4PS74_uGuMqUYQ,isotropic,none,2,1,cph:332,36.1773
cph_query_-I8EyCiw4PS74_uGuMqUYQ,isotropic,isotropic,2,1,cph:332,44.4927
cph_query_-I8EyCiw4PS74_uGuMqUYQ,direction,none,0,1,cph:332,36.1773
cph_query_-I8EyCiw4PS74_uGuMqUYQ,direction,direction,0,1,cph:332,41.8006
cph_query_-I8EyCiw4PS74_uGuMqUYQ,direction,none,1,1,cph:332,36.1773
cph_query_-I8EyCiw4PS74_uGuMqUYQ,direction,direction,1,1,cph:332,41.7852
cph_query_-I8EyCiw4PS74_uGuMqUYQ,direction,none,2,1,cph:332,36.1773
cph_query_-I8EyCiw4PS74_uGuMqUYQ,direction,direction,2,1,cph:332,41.8119
cph_query_-I8EyCiw4PS74_uGuMqUYQ,hardened,none,0,6,cph:332,36.1773
cph_query_-I8EyCiw4PS74_uGuMqUYQ,hardened,hardened,0,1,cph:332,41.0519
cph_query_-I8EyCiw4PS74_uGuMqUYQ,hardened,direction,0,1,cph:332,40.9531
cph_query_-I8EyCiw4PS74_uGuMqUYQ,hardened,none,1,1,cph:332,36.1773
cph_query_-I8EyCiw4PS74_uGuMqUYQ,hardened,hardened,1,1,cph:332,41.0716
cph_query_-I8EyCiw4PS74_uGuMqUYQ,hardened,direction,1,1,cph:332,40.9507
cph_query_-I8EyCiw4PS74_uGuMqUYQ,hardened,none,2,1,cph:332,36.1773
cph_query_-I8EyCiw4PS74_uGuMqUYQ,hardened,hardened,2,1,cph:332,41.0422
cph_query_-I8EyCiw4PS74_uGuMqUYQ,hardened,direction,2,1,cph:332,40.9162
cph_query_-IKk5Ns9ayTUN3tqBrl3Ow,clean,none,0,1,cph:61,
cph_query_-IKk5Ns9ayTUN3tqBrl3Ow,isotropic,none,0,1,cph:61,36.1773
cph_query_-IKk5Ns9ayTUN3tqBrl3Ow,isotropic,isotropic,0,1,cph:61,42.3640
cph_query_-IKk5Ns9ayTUN3tqBrl3Ow,isotropic,none,1,1,cph:61,36.1773
cph_query_-IKk5Ns9ayTUN3tqBrl3Ow,isotropic,isotropic,1,1,cph:61,42.3242
cph_query_-IKk5Ns9ayTUN3tqBrl3Ow,isotropic,none,2,2,cph:61,36.1773
cph_query_-IKk5Ns9ayTUN3tqBrl3Ow,isotropic,isotropic,2,1,cph:61,42.3693
cph_query_-IKk5Ns9ayTUN3tqBrl3Ow,direction,none,0,1,cph:61,36.1773
cph_query_-IKk5Ns9ayTUN3tqBrl3Ow,direction,direction,0,1,cph:61,39.8052
cph_query_-IKk5Ns9ayTUN3tqBrl3Ow,direction,none,1,1,cph:61,36.1773
cph_query_-IKk5Ns9ayTUN3tqBrl3Ow,direction,direction,1,1,cph:61,39.9586
cph_query_-IKk5Ns9ayTUN3tqBrl3Ow,direction,none,2,1,cph:61,36.1773
cph_query_-IKk5Ns9ayTUN3tqBrl3Ow,direction,direction,2,1,cph:61,39.8464
cph_query_-IKk5Ns9ayTUN3tqBrl3Ow,hardened,none,0,1,cph:61,36.1773
cph_query_-IKk5Ns9ayTUN3tqBrl3Ow,hardened,hardened,0,1,cph:61,39.4805
cph_query_-IKk5Ns9ayTUN3tqBrl3Ow,hardened,direction,0,1,cph:61,39.4661
cph_query_-IKk5Ns9ayTUN3tqBrl3Ow,hardened,none,1,1,cph:61,36.1773
cph_query_-IKk5Ns9ayTUN3tqBrl3Ow,hardened,hardened,1,1,cph:61,39.5037
cph_query_-IKk5Ns9ayTUN3tqBrl3Ow,hardened,direction,1,1,cph:61,39.4771
cph_query_-IKk5Ns9ayTUN3tqBrl3Ow,hardened,none,2,1,cph:61,36.1773
cph_query_-IKk5Ns9ayTUN3tqBrl3Ow,hardened,hardened,2,1,cph:61,39.4929
cph_query_-IKk5Ns9ayTUN3tqBrl3Ow,hardened,direction,2,1,cph:61,39.4743
cph_query_-JMzfm4NuuBt61JuZ2sggw,clean,none,0,1,cph:395,
cph_query_-JMzfm4NuuBt61JuZ2sggw,isotropic,none,0,1,cph:395,36.1773
cph_query_-JMzfm4NuuBt61JuZ2sggw,isotropic,isotropic,0,1,cph:395,43.1221
cph_query_-JMzfm4NuuBt61JuZ2sggw,isotropic,none,1,1,cph:395,36.1773
cph_query_-JMzfm4NuuBt61JuZ2sggw,isotropic,isotropic,1,1,cph:395,43.1272
cph_query_-JMzfm4NuuBt61JuZ2sggw,isotropic,none,2,1,cph:395,36.1773
cph_query_-JMzfm4NuuBt61JuZ2sggw,isotropic,isotropic,2,1,cph:395,43.0411
cph_query_-JMzfm4NuuBt61JuZ2sggw,direction,none,0,1,cph:395,36.1773
cph_query_-JMzfm4NuuBt61JuZ2sggw,direction,direction,0,1,cph:395,41.3785
cph_query_-JMzfm4NuuBt61JuZ2sggw,direction,none,1,1,cph:395,36.1773
cph_query_-JMzfm4NuuBt61JuZ2sggw,direction,direction,1,1,cph:395,41.3416
cph_query_-JMzfm4NuuBt61JuZ2sggw,direction,none,2,2,cph:395,36.1773
cph_query_-JMzfm4NuuBt61JuZ2sggw,direction,direction,2,1,cph:395,41.3513
cph_query_-JMzfm4NuuBt61JuZ2sggw,hardened,none,0,4,cph:395,36.1773
cph_query_-JMzfm4NuuBt61JuZ2sggw,hardened,hardened,0,1,cph:395,40.7752
cph_query_-JMzfm4NuuBt61JuZ2sggw,hardened,direction,0,1,cph:395,40.7279
cph_query_-JMzfm4NuuBt61JuZ2sggw,hardened,none,1,8,cph:395,36.1773
cph_query_-JMzfm4NuuBt61JuZ2sggw,hardened,hardened,1,1,cph:395,40.6892
cph_query_-JMzfm4NuuBt61JuZ2sggw,hardened,direction,1,1,cph:395,40.5868
cph_query_-JMzfm4NuuBt61JuZ2sggw,hardened,none,2,1,cph:395,36.1773
cph_query_-JMzfm4NuuBt61JuZ2sggw,hardened,hardened,2,1,cph:395,40.8355
cph_query_-JMzfm4NuuBt61JuZ2sggw,hardened,direction,2,1,cph:395,40.8548
cph_query_-MUw194v9r5C1394mci6-A,clean,none,0,13,cph:384,
cph_query_-MUw194v9r5C1394mci6-A,isotropic,none,0,106,cph:384,36.1773
cph_query_-MUw194v9r5C1394mci6-A,isotropic,isotropic,0,10,cph:384,41.0960
cph_query_-MUw194v9r5C1394mci6-A,isotropic,none,1,82,cph:384,36.1773
cph_query_-MUw194v9r5C1394mci6-A,isotropic,isotropic,1,8,cph:384,41.0653
cph_query_-MUw194v9r5C1394mci6-A,isotropic,none,2,20,cph:384,36.1773
cph_query_-MUw194v9r5C1394mci6-A,isotropic,isotropic,2,6,cph:384,41.1123
cph_query_-MUw194v9r5C1394mci6-A,direction,none,0,274,cph:384,36.1773
cph_query_-MUw194v9r5C1394mci6-A,direction,direction,0,27,cph:384,38.6903
cph_query_-MUw194v9r5C1394mci6-A,direction,none,1,383,cph:384,36.1773
cph_query_-MUw194v9r5C1394mci6-A,direction,direction,1,25,cph:384,38.5913
cph_query_-MUw194v9r5C1394mci6-A,direction,none,2,100,cph:384,36.1773
cph_query_-MUw194v9r5C1394mci6-A,direction,direction,2,43,cph:384,38.6502
cph_query_-MUw194v9r5C1394mci6-A,hardened,none,0,101,cph:384,36.1773
cph_query_-MUw194v9r5C1394mci6-A,hardened,hardened,0,28,cph:384,38.4745
cph_query_-MUw194v9r5C1394mci6-A,hardened,direction,0,12,cph:384,38.4166
cph_query_-MUw194v9r5C1394mci6-A,hardened,none,1,73,cph:384,36.1773
cph_query_-MUw194v9r5C1394mci6-A,hardened,hardened,1,67,cph:384,38.4570
cph_query_-MUw194v9r5C1394mci6-A,hardened,direction,1,22,cph:384,38.3988
cph_query_-MUw194v9r5C1394mci6-A,hardened,none,2,178,cph:384,36.1773
cph_query_-MUw194v9r5C1394mci6-A,hardened,hardened,2,111,cph:384,38.5058
cph_query_-MUw194v9r5C1394mci6-A,hardened,direction,2,42,cph:384,38.4498
cph_query_-Mwdj8AXbTR5wrPmQKRbhQ,clean,none,0,1,cph:33,
cph_query_-Mwdj8AXbTR5wrPmQKRbhQ,isotropic,none,0,1,cph:33,36.1773
cph_query_-Mwdj8AXbTR5wrPmQKRbhQ,isotropic,isotropic,0,1,cph:33,43.3121
cph_query_-Mwdj8AXbTR5wrPmQKRbhQ,isotropic,none,1,1,cph:33,36.1773
cph_query_-Mwdj8AXbTR5wrPmQKRbhQ,isotropic,isotropic,1,1,cph:33,43.3156
cph_query_-Mwdj8AXbTR5wrPmQKRbhQ,isotropic,none,2,1,cph:33,36.1773
cph_query_-Mwdj8AXbTR5wrPmQKRbhQ,isotropic,isotropic,2,1,cph:33,43.3497
cph_query_-Mwdj8AXbTR5wrPmQKRbhQ,direction,none,0,1,cph:33,36.1773
cph_query_-Mwdj8AXbTR5wrPmQKRbhQ,direction,direction,0,1,cph:33,40.5226
cph_query_-Mwdj8AXbTR5wrPmQKRbhQ,direction,none,1,1,cph:33,36.1773
cph_query_-Mwdj8AXbTR5wrPmQKRbhQ,direction,direction,1,1,cph:33,40.5260
cph_query_-Mwdj8AXbTR5wrPmQKRbhQ,direction,none,2,1,cph:33,36.1773
cph_query_-Mwdj8AXbTR5wrPmQKRbhQ,direction,direction,2,1,cph:33,40.4917
cph_query_-Mwdj8AXbTR5wrPmQKRbhQ,hardened,none,0,1,cph:33,36.1773
cph_query_-Mwdj8AXbTR5wrPmQKRbhQ,hardened,hardened,0,1,cph:33,40.1384
cph_query_-Mwdj8AXbTR5wrPmQKRbhQ,hardened,direction,0,1,cph:33,40.0890
cph_query_-Mwdj8AXbTR5wrPmQKRbhQ,hardened,none,1,1,cph:33,36.1773
cph_query_-Mwdj8AXbTR5wrPmQKRbhQ,hardened,hardened,1,1,cph:33,40.2122
cph_query_-Mwdj8AXbTR5wrPmQKRbhQ,hardened,direction,1,1,cph:33,40.1664
cph_query_-Mwdj8AXbTR5wrPmQKRbhQ,hardened,none,2,1,cph:33,36.1773
cph_query_-Mwdj8AXbTR5wrPmQKRbhQ,hardened,hardened,2,1,cph:33,40.0973
cph_query_-Mwdj8AXbTR5wrPmQKRbhQ,hardened,direction,2,1,cph:33,40.0075
cph_query_-N9mbKdWcHyUUsU1379EgA,clean,none,0,1,cph:176,
cph_query_-N9mbKdWcHyUUsU1379EgA,isotropic,none,0,1,cph:176,36.1773
cph_query_-N9mbKdWcHyUUsU1379EgA,isotropic,isotropic,0,1,cph:176,42.4332
cph_query_-N9mbKdWcHyUUsU1379EgA,isotropic,none,1,1,cph:176,36.1773
cph_query_-N9mbKdWcHyUUsU1379EgA,isotropic,isotropic,1,1,cph:176,42.4297
cph_query_-N9mbKdWcHyUUsU1379EgA,isotropic,none,2,1,cph:176,36.1773
cph_query_-N9mbKdWcHyUUsU1379EgA,isotropic,isotropic,2,1,cph:176,42.3967
cph_query_-N9mbKdWcHyUUsU1379EgA,direction,none,0,1,cph:176,36.1773
cph_query_-N9mbKdWcHyUUsU1379EgA,direction,direction,0,1,cph:176,40.0874
cph_query_-N9mbKdWcHyUUsU1379EgA,direction,none,1,1,cph:176,36.1773
cph_query_-N9mbKdWcHyUUsU1379EgA,direction,direction,1,1,cph:176,40.2314
cph_query_-N9mbKdWcHyUUsU1379EgA,direction,none,2,1,cph:176,36.1773
cph_query_-N9mbKdWcHyUUsU1379EgA,direction,direction,2,1,cph:176,40.1140
cph_query_-N9mbKdWcHyUUsU1379EgA,hardened,none,0,1,cph:176,36.1773
cph_query_-N9mbKdWcHyUUsU1379EgA,hardened,hardened,0,1,cph:176,39.7130
cph_query_-N9mbKdWcHyUUsU1379EgA,hardened,direction,0,1,cph:176,39.6066
cph_query_-N9mbKdWcHyUUsU1379EgA,hardened,none,1,2,cph:176,36.1773
cph_query_-N9mbKdWcHyUUsU1379EgA,hardened,hardened,1,1,cph:176,39.7996
cph_query_-N9mbKdWcHyUUsU1379EgA,hardened,direction,1,1,cph:176,39.7323
cph_query_-N9mbKdWcHyUUsU1379EgA,hardened,none,2,1,cph:176,36.1773
cph_query_-N9mbKdWcHyUUsU1379EgA,hardened,hardened,2,1,cph:176,39.7909
cph_query_-N9mbKdWcHyUUsU1379EgA,hardened,direction,2,1,cph:176,39.6617
cph_query_-PRZAb6qxjSdDqzgOekgbg,clean,none,0,1,cph:356,
cph_query_-PRZAb6qxjSdDqzgOekgbg,isotropic,none,0,1,cph:356,36.1773
cph_query_-PRZAb6qxjSdDqzgOekgbg,isotropic,isotropic,0,1,cph:356,42.3260
cph_query_-PRZAb6qxjSdDqzgOekgbg,isotropic,none,1,1,cph:356,36.1773
cph_query_-PRZAb6qxjSdDqzgOekgbg,isotropic,isotropic,1,1,cph:356,42.3062
cph_query_-PRZAb6qxjSdDqzgOekgbg,isotropic,none,2,1,cph:356,36.1773
cph_query_-PRZAb6qxjSdDqzgOekgbg,isotropic,isotropic,2,1,cph:356,42.3043
cph_query_-PRZAb6qxjSdDqzgOekgbg,direction,none,0,1,cph:356,36.1773
cph_query_-PRZAb6qxjSdDqzgOekgbg,direction,direction,0,1,cph:356,39.6026
cph_query_-PRZAb6qxjSdDqzgOekgbg,direction,none,1,1,cph:356,36.1773
cph_query_-PRZAb6qxjSdDqzgOekgbg,direction,direction,1,1,cph:356,39.6333
cph_query_-PRZAb6qxjSdDqzgOekgbg,direction,none,2,1,cph:356,36.1773
cph_query_-PRZAb6qxjSdDqzgOekgbg,direction,direction,2,1,cph:356,39.6688
cph_query_-PRZAb6qxjSdDqzgOekgbg,hardened,none,0,1,cph:356,36.1773
cph_query_-PRZAb6qxjSdDqzgOekgbg,hardened,hardened,0,1,cph:356,39.2428
cph_query_-PRZAb6qxjSdDqzgOekgbg,hardened,direction,0,1,cph:356,39.1290
cph_query_-PRZAb6qxjSdDqzgOekgbg,hardened,none,1,1,cph:356,36.1773
cph_query_-PRZAb6qxjSdDqzgOekgbg,hardened,hardened,1,1,cph:356,39.2807
cph_query_-PRZAb6qxjSdDqzgOekgbg,hardened,direction,1,1,cph:356,39.1724
cph_query_-PRZAb6qxjSdDqzgOekgbg,hardened,none,2,1,cph:356,36.1773
cph_query_-PRZAb6qxjSdDqzgOekgbg,hardened,hardened,2,1,cph:356,39.3066
cph_query_-PRZAb6qxjSdDqzgOekgbg,hardened,direction,2,1,cph:356,39.2517
cph_query_-Q4-mvnV6y-0yK62OXn-1w,clean,none,0,179,cph:297,
cph_query_-Q4-mvnV6y-0yK62OXn-1w,isotropic,none,0,64,cph:297,36.1773
cph_query_-Q4-mvnV6y-0yK62OXn-1w,isotropic,isotropic,0,218,cph:297,43.2494
cph_query_-Q4-mvnV6y-0yK62OXn-1w,isotropic,none,1,75,cph:297,36.1773
cph_query_-Q4-mvnV6y-0yK62OXn-1w,isotropic,isotropic,1,321,cph:297,43.2901
cph_query_-Q4-mvnV6y-0yK62OXn-1w,isotropic,none,2,21,cph:297,36.1773
cph_query_-Q4-mvnV6y-0yK62OXn-1w,isotropic,isotropic,2,164,cph:297,43.2949
cph_query_-Q4-mvnV6y-0yK62OXn-1w,direction,none,0,196,cph:297,36.1773
cph_query_-Q4-mvnV6y-0yK62OXn-1w,direction,direction,0,179,cph:297,40.5070
cph_query_-Q4-mvnV6y-0yK62OXn-1w,direction,none,1,281,cph:297,36.1773
cph_query_-Q4-mvnV6y-0yK62OXn-1w,direction,direction,1,53,cph:297,40.5328
cph_query_-Q4-mvnV6y-0yK62OXn-1w,direction,none,2,390,cph:297,36.1773
cph_query_-Q4-mvnV6y-0yK62OXn-1w,direction,direction,2,41,cph:297,40.5379
cph_query_-Q4-mvnV6y-0yK62OXn-1w,hardened,none,0,418,cph:297,36.1773
cph_query_-Q4-mvnV6y-0yK62OXn-1w,hardened,hardened,0,629,cph:297,40.0625
cph_query_-Q4-mvnV6y-0yK62OXn-1w,hardened,direction,0,611,cph:297,39.9556
cph_query_-Q4-mvnV6y-0yK62OXn-1w,hardened,none,1,703,cph:297,36.1773
cph_query_-Q4-mvnV6y-0yK62OXn-1w,hardened,hardened,1,267,cph:297,40.0190
cph_query_-Q4-mvnV6y-0yK62OXn-1w,hardened,direction,1,468,cph:297,39.9312
cph_query_-Q4-mvnV6y-0yK62OXn-1w,hardened,none,2,50,cph:297,36.1773
cph_query_-Q4-mvnV6y-0yK62OXn-1w,hardened,hardened,2,182,cph:297,40.0641
cph_query_-Q4-mvnV6y-0yK62OXn-1w,hardened,direction,2,380,cph:297,39.9588
cph_query_-Q7samX2RjJwU9xiKFxpug,clean,none,0,1,cph:175,
cph_query_-Q7samX2RjJwU9xiKFxpug,isotropic,none,0,1,cph:175,36.1773
cph_query_-Q7samX2RjJwU9xiKFxpug,isotropic,isotropic,0,1,cph:175,42.6302
cph_query_-Q7samX2RjJwU9xiKFxpug,isotropic,none,1,1,cph:175,36.1773
cph_query_-Q7samX2RjJwU9xiKFxpug,isotropic,isotropic,1,1,cph:175,42.5887
cph_query_-Q7samX2RjJwU9xiKFxpug,isotropic,none,2,1,cph:175,36.1773
cph_query_-Q7samX2RjJwU9xiKFxpug,isotropic,isotropic,2,1,cph:175,42.6033
cph_query_-Q7samX2RjJwU9xiKFxpug,direction,none,0,1,cph:175,36.1773
cph_query_-Q7samX2RjJwU9xiKFxpug,direction,direction,0,1,cph:175,39.9467
cph_query_-Q7samX2RjJwU9xiKFxpug,direction,none,1,1,cph:175,36.1773
cph_query_-Q7samX2RjJwU9xiKFxpug,direction,direction,1,1,cph:175,39.9287
cph_query_-Q7samX2RjJwU9xiKFxpug,direction,none,2,1,cph:175,36.1773
cph_query_-Q7samX2RjJwU9xiKFxpug,direction,direction,2,1,cph:175,39.9661
cph_query_-Q7samX2RjJwU9xiKFxpug,hardened,none,0,1,cph:175,36.1773
cph_query_-Q7samX2RjJwU9xiKFxpug,hardened,hardened,0,1,cph:175,39.5131
cph_query_-Q7samX2RjJwU9xiKFxpug,hardened,direction,0,1,cph:175,39.5092
cph_query_-Q7samX2RjJwU9xiKFxpug,hardened,none,1,1,cph:175,36.1773
cph_query_-Q7samX2RjJwU9xiKFxpug,hardened,hardened,1,1,cph:175,39.5365
cph_query_-Q7samX2RjJwU9xiKFxpug,hardened,direction,1,1,cph:175,39.5152
cph_query_-Q7samX2RjJwU9xiKFxpug,hardened,none,2,1,cph:175,36.1773
cph_query_-Q7samX2RjJwU9xiKFxpug,hardened,hardened,2,1,cph:175,39.5495
cph_query_-Q7samX2RjJwU9xiKFxpug,hardened,direction,2,1,cph:175,39.5266
cph_query_-R9cTkYMNbXlglFeWCXtMg,clean,none,0,39,cph:429,
cph_query_-R9cTkYMNbXlglFeWCXtMg,isotropic,none,0,239,cph:429,36.1773
cph_query_-R9cTkYMNbXlglFeWCXtMg,isotropic,isotropic,0,29,cph:429,44.3108
cph_query_-R9cTkYMNbXlglFeWCXtMg,isotropic,none,1,223,cph:429,36.1773
cph_query_-R9cTkYMNbXlglFeWCXtMg,isotropic,isotropic,1,47,cph:429,44.2715
cph_query_-R9cTkYMNbXlglFeWCXtMg,isotropic,none,2,181,cph:429,36.1773
cph_query_-R9cTkYMNbXlglFeWCXtMg,isotropic,isotropic,2,53,cph:429,44.3407
cph_query_-R9cTkYMNbXlglFeWCXtMg,direction,none,0,127,cph:429,36.1773
cph_query_-R9cTkYMNbXlglFeWCXtMg,direction,direction,0,14,cph:429,41.6897
cph_query_-R9cTkYMNbXlglFeWCXtMg,direction,none,1,33,cph:429,36.1773
cph_query_-R9cTkYMNbXlglFeWCXtMg,direction,direction,1,106,cph:429,41.6044
cph_query_-R9cTkYMNbXlglFeWCXtMg,direction,none,2,219,cph:429,36.1773
cph_query_-R9cTkYMNbXlglFeWCXtMg,direction,direction,2,151,cph:429,41.5626
cph_query_-R9cTkYMNbXlglFeWCXtMg,hardened,none,0,440,cph:429,36.1773
cph_query_-R9cTkYMNbXlglFeWCXtMg,hardened,hardened,0,34,cph:429,40.7149
cph_query_-R9cTkYMNbXlglFeWCXtMg,hardened,direction,0,40,cph:429,40.8921
cph_query_-R9cTkYMNbXlglFeWCXtMg,hardened,none,1,181,cph:429,36.1773
cph_query_-R9cTkYMNbXlglFeWCXtMg,hardened,hardened,1,56,cph:429,40.6180
cph_query_-R9cTkYMNbXlglFeWCXtMg,hardened,direction,1,75,cph:429,40.8020
cph_query_-R9cTkYMNbXlglFeWCXtMg,hardened,none,2,158,cph:429,36.1773
cph_query_-R9cTkYMNbXlglFeWCXtMg,hardened,hardened,2,70,cph:429,40.6918
cph_query_-R9cTkYMNbXlglFeWCXtMg,hardened,direction,2,67,cph:429,40.8346
cph_query_-To5emQUYvNlwdgB1hEVfQ,clean,none,0,1,cph:279,
cph_query_-To5emQUYvNlwdgB1hEVfQ,isotropic,none,0,1,cph:279,36.1773
cph_query_-To5emQUYvNlwdgB1hEVfQ,isotropic,isotropic,0,1,cph:279,43.9194
cph_query_-To5emQUYvNlwdgB1hEVfQ,isotropic,none,1,1,cph:279,36.1773
cph_query_-To5emQUYvNlwdgB1hEVfQ,isotropic,isotropic,1,1,cph:279,43.9492
cph_query_-To5emQUYvNlwdgB1hEVfQ,isotropic,none,2,1,cph:279,36.1773
cph_query_-To5emQUYvNlwdgB1hEVfQ,isotropic,isotropic,2,1,cph:279,43.8973
cph_query_-To5emQUYvNlwdgB1hEVfQ,direction,none,0,1,cph:279,36.1773
cph_query_-To5emQUYvNlwdgB1hEVfQ,direction,direction,0,1,cph:279,41.3240
cph_query_-To5emQUYvNlwdgB1hEVfQ,direction,none,1,1,cph:279,36.1773
cph_query_-To5emQUYvNlwdgB1hEVfQ,direction,direction,1,1,cph:279,41.3876
cph_query_-To5emQUYvNlwdgB1hEVfQ,direction,none,2,1,cph:279,36.1773
cph_query_-To5emQUYvNlwdgB1hEVfQ,direction,direction,2,1,cph:279,41.4408
cph_query_-To5emQUYvNlwdgB1hEVfQ,hardened,none,0,1,cph:279,36.1773
cph_query_-To5emQUYvNlwdgB1hEVfQ,hardened,hardened,0,1,cph:279,40.9644
cph_query_-To5emQUYvNlwdgB1hEVfQ,hardened,direction,0,1,cph:279,40.9228
cph_query_-To5emQUYvNlwdgB1hEVfQ,hardened,none,1,1,cph:279,36.1773
cph_query_-To5emQUYvNlwdgB1hEVfQ,hardened,hardened,1,1,cph:279,40.8461
cph_query_-To5emQUYvNlwdgB1hEVfQ,hardened,direction,1,1,cph:279,40.8440
cph_query_-To5emQUYvNlwdgB1hEVfQ,hardened,none,2,1,cph:279,36.1773
cph_query_-To5emQUYvNlwdgB1hEVfQ,hardened,hardened,2,1,cph:279,40.9426
cph_query_-To5emQUYvNlwdgB1hEVfQ,hardened,direction,2,1,cph:279,40.9672
cph_query_-UByBh5hYhNn4_dsHy73aA,clean,none,0,1,cph:342,
cph_query_-UByBh5hYhNn4_dsHy73aA,isotropic,none,0,1,cph:342,36.1773
cph_query_-UByBh5hYhNn4_dsHy73aA,isotropic,isotropic,0,1,cph:342,42.1213
cph_query_-UByBh5hYhNn4_dsHy73aA,isotropic,none,1,1,cph:342,36.1773
cph_query_-UByBh5hYhNn4_dsHy73aA,isotropic,isotropic,1,1,cph:342,42.1888
cph_query_-UByBh5hYhNn4_dsHy73aA,isotropic,none,2,1,cph:342,36.1773
cph_query_-UByBh5hYhNn4_dsHy73aA,isotropic,isotropic,2,1,cph:342,42.1300
cph_query_-UByBh5hYhNn4_dsHy73aA,direction,none,0,20,cph:342,36.1773
cph_query_-UByBh5hYhNn4_dsHy73aA,direction,direction,0,1,cph:342,39.4778
cph_query_-UByBh5hYhNn4_dsHy73aA,direction,none,1,2,cph:342,36.1773
cph_query_-UByBh5hYhNn4_dsHy73aA,direction,direction,1,1,cph:342,39.5079
cph_query_-UByBh5hYhNn4_dsHy73aA,direction,none,2,2,cph:342,36.1773
cph_query_-UByBh5hYhNn4_dsHy73aA,direction,direction,2,1,cph:342,39.6077
cph_query_-UByBh5hYhNn4_dsHy73aA,hardened,none,0,8,cph:342,36.1773
cph_query_-UByBh5hYhNn4_dsHy73aA,hardened,hardened,0,2,cph:342,39.2259
cph_query_-UByBh5hYhNn4_dsHy73aA,hardened,direction,0,8,cph:342,39.0305
cph_query_-UByBh5hYhNn4_dsHy73aA,hardened,none,1,5,cph:342,36.1773
cph_query_-UByBh5hYhNn4_dsHy73aA,hardened,hardened,1,1,cph:342,39.2549
cph_query_-UByBh5hYhNn4_dsHy73aA,hardened,direction,1,1,cph:342,39.0900
cph_query_-UByBh5hYhNn4_dsHy73aA,hardened,none,2,1,cph:342,36.1773
cph_query_-UByBh5hYhNn4_dsHy73aA,hardened,hardened,2,1,cph:342,39.2246
cph_query_-UByBh5hYhNn4_dsHy73aA,hardened,direction,2,1,cph:342,39.0222
cph_query_-UO7OuMXuwPBrMEXSsFhNA,clean,none,0,98,cph:429,
cph_query_-UO7OuMXuwPBrMEXSsFhNA,isotropic,none,0,145,cph:429,36.1773
cph_query_-UO7OuMXuwPBrMEXSsFhNA,isotropic,isotropic,0,52,cph:429,44.2461
cph_query_-UO7OuMXuwPBrMEXSsFhNA,isotropic,none,1,74,cph:429,36.1773
cph_query_-UO7OuMXuwPBrMEXSsFhNA,isotropic,isotropic,1,64,cph:429,44.3028
cph_query_-UO7OuMXuwPBrMEXSsFhNA,isotropic,none,2,90,cph:429,36.1773
cph_query_-UO7OuMXuwPBrMEXSsFhNA,isotropic,isotropic,2,163,cph:429,44.3010
cph_query_-UO7OuMXuwPBrMEXSsFhNA,direction,none,0,118,cph:429,36.1773
cph_query_-UO7OuMXuwPBrMEXSsFhNA,direction,direction,0,26,cph:429,41.6207
cph_query_-UO7OuMXuwPBrMEXSsFhNA,direction,none,1,178,cph:429,36.1773
cph_query_-UO7OuMXuwPBrMEXSsFhNA,direction,direction,1,40,cph:429,41.5337
cph_query_-UO7OuMXuwPBrMEXSsFhNA,direction,none,2,274,cph:429,36.1773
cph_query_-UO7OuMXuwPBrMEXSsFhNA,direction,direction,2,39,cph:429,41.5830
cph_query_-UO7OuMXuwPBrMEXSsFhNA,hardened,none,0,207,cph:429,36.1773
cph_query_-UO7OuMXuwPBrMEXSsFhNA,hardened,hardened,0,44,cph:429,40.7232
cph_query_-UO7OuMXuwPBrMEXSsFhNA,hardened,direction,0,53,cph:429,40.9244
cph_query_-UO7OuMXuwPBrMEXSsFhNA,hardened,none,1,110,cph:429,36.1773
cph_query_-UO7OuMXuwPBrMEXSsFhNA,hardened,hardened,1,1,cph:429,40.6847
cph_query_-UO7OuMXuwPBrMEXSsFhNA,hardened,direction,1,3,cph:429,40.8658
cph_query_-UO7OuMXuwPBrMEXSsFhNA,hardened,none,2,95,cph:429,36.1773
cph_query_-UO7OuMXuwPBrMEXSsFhNA,hardened,hardened,2,28,cph:429,40.6728
cph_query_-UO7OuMXuwPBrMEXSsFhNA,hardened,direction,2,28,cph:429,40.8819
cph_query_-V4aUy1yd0AbFfY-xX0BAg,clean,none,0,1,cph:500,
cph_query_-V4aUy1yd0AbFfY-xX0BAg,isotropic,none,0,1,cph:500,36.1773
cph_query_-V4aUy1yd0AbFfY-xX0BAg,isotropic,isotropic,0,1,cph:500,42.6018
cph_query_-V4aUy1yd0AbFfY-xX0BAg,isotropic,none,1,1,cph:500,36.1773
cph_query_-V4aUy1yd0AbFfY-xX0BAg,isotropic,isotropic,1,1,cph:500,42.6028
cph_query_-V4aUy1yd0AbFfY-xX0BAg,isotropic,none,2,1,cph:500,36.1773
cph_query_-V4aUy1yd0AbFfY-xX0BAg,isotropic,isotropic,2,1,cph:500,42.5939
cph_query_-V4aUy1yd0AbFfY-xX0BAg,direction,none,0,2,cph:500,36.1773
cph_query_-V4aUy1yd0AbFfY-xX0BAg,direction,direction,0,1,cph:500,39.5429
cph_query_-V4aUy1yd0AbFfY-xX0BAg,direction,none,1,1,cph:500,36.1773
cph_query_-V4aUy1yd0AbFfY-xX0BAg,direction,direction,1,1,cph:500,39.5580
cph_query_-V4aUy1yd0AbFfY-xX0BAg,direction,none,2,3,cph:500,36.1773
cph_query_-V4aUy1yd0AbFfY-xX0BAg,direction,direction,2,1,cph:500,39.5088
cph_query_-V4aUy1yd0AbFfY-xX0BAg,hardened,none,0,5,cph:500,36.1773
cph_query_-V4aUy1yd0AbFfY-xX0BAg,hardened,hardened,0,1,cph:500,39.2263
cph_query_-V4aUy1yd0AbFfY-xX0BAg,hardened,direction,0,2,cph:500,39.2038
cph_query_-V4aUy1yd0AbFfY-xX0BAg,hardened,none,1,2,cph:500,36.1773
cph_query_-V4aUy1yd0AbFfY-xX0BAg,hardened,hardened,1,1,cph:500,39.2098
cph_query_-V4aUy1yd0AbFfY-xX0BAg,hardened,direction,1,1,cph:500,39.1759
cph_query_-V4aUy1yd0AbFfY-xX0BAg,hardened,none,2,1,cph:500,36.1773
cph_query_-V4aUy1yd0AbFfY-xX0BAg,hardened,hardened,2,1,cph:500,39.2240
cph_query_-V4aUy1yd0AbFfY-xX0BAg,hardened,direction,2,1,cph:500,39.2250
cph_query_-VfD_cIsQvsNIbCy3tCgQQ,clean,none,0,34,cph:375,
cph_query_-VfD_cIsQvsNIbCy3tCgQQ,isotropic,none,0,37,cph:375,36.1773
cph_query_-VfD_cIsQvsNIbCy3tCgQQ,isotropic,isotropic,0,12,cph:375,41.8484
cph_query_-VfD_cIsQvsNIbCy3tCgQQ,isotropic,none,1,47,cph:375,36.1773
cph_query_-VfD_cIsQvsNIbCy3tCgQQ,isotropic,isotropic,1,30,cph:375,41.8597
cph_query_-VfD_cIsQvsNIbCy3tCgQQ,isotropic,none,2,52,cph:375,36.1773
cph_query_-VfD_cIsQvsNIbCy3tCgQQ,isotropic,isotropic,2,24,cph:375,41.8517
cph_query_-VfD_cIsQvsNIbCy3tCgQQ,direction,none,0,187,cph:375,36.1773
cph_query_-VfD_cIsQvsNIbCy3tCgQQ,direction,direction,0,39,cph:375,39.0124
cph_query_-VfD_cIsQvsNIbCy3tCgQQ,direction,none,1,418,cph:375,36.1773
cph_query_-VfD_cIsQvsNIbCy3tCgQQ,direction,direction,1,30,cph:375,39.0006
cph_query_-VfD_cIsQvsNIbCy3tCgQQ,direction,none,2,247,cph:375,36.1773
cph_query_-VfD_cIsQvsNIbCy3tCgQQ,direction,direction,2,56,cph:375,38.8834
cph_query_-VfD_cIsQvsNIbCy3tCgQQ,hardened,none,0,551,cph:375,36.1773
cph_query_-VfD_cIsQvsNIbCy3tCgQQ,hardened,hardened,0,89,cph:375,38.7500
cph_query_-VfD_cIsQvsNIbCy3tCgQQ,hardened,direction,0,86,cph:375,38.6876
cph_query_-VfD_cIsQvsNIbCy3tCgQQ,hardened,none,1,47,cph:375,36.1773
cph_query_-VfD_cIsQvsNIbCy3tCgQQ,hardened,hardened,1,21,cph:375,38.7727
cph_query_-VfD_cIsQvsNIbCy3tCgQQ,hardened,direction,1,17,cph:375,38.7373
cph_query_-VfD_cIsQvsNIbCy3tCgQQ,hardened,none,2,335,cph:375,36.1773
cph_query_-VfD_cIsQvsNIbCy3tCgQQ,hardened,hardened,2,14,cph:375,38.7591
cph_query_-VfD_cIsQvsNIbCy3tCgQQ,hardened,direction,2,14,cph:375,38.6845
cph_query_-VwsLi9Gs8ntflZjLfPkGw,clean,none,0,1,cph:84,
cph_query_-VwsLi9Gs8ntflZjLfPkGw,isotropic,none,0,8,cph:84,36.1773
cph_query_-VwsLi9Gs8ntflZjLfPkGw,isotropic,isotropic,0,1,cph:84,42.8471
cph_query_-VwsLi9Gs8ntflZjLfPkGw,isotropic,none,1,6,cph:84,36.1773
cph_query_-VwsLi9Gs8ntflZjLfPkGw,isotropic,isotropic,1,4,cph:84,42.7919
cph_query_-VwsLi9Gs8ntflZjLfPkGw,isotropic,none,2,37,cph:84,36.1773
cph_query_-VwsLi9Gs8ntflZjLfPkGw,isotropic,isotropic,2,3,cph:84,42.7968
cph_query_-VwsLi9Gs8ntflZjLfPkGw,direction,none,0,3,cph:84,36.1773
cph_query_-VwsLi9Gs8ntflZjLfPkGw,direction,direction,0,4,cph:84,39.8303
cph_query_-VwsLi9Gs8ntflZjLfPkGw,direction,none,1,3,cph:84,36.1773
cph_query_-VwsLi9Gs8ntflZjLfPkGw,direction,direction,1,23,cph:84,39.8122
cph_query_-VwsLi9Gs8ntflZjLfPkGw,direction,none,2,3,cph:84,36.1773
cph_query_-VwsLi9Gs8ntflZjLfPkGw,direction,direction,2,2,cph:84,39.8776
cph_query_-VwsLi9Gs8ntflZjLfPkGw,hardened,none,0,126,cph:84,36.1773
cph_query_-VwsLi9Gs8ntflZjLfPkGw,hardened,hardened,0,2,cph:84,39.3995
cph_query_-VwsLi9Gs8ntflZjLfPkGw,hardened,direction,0,2,cph:84,39.4032
cph_query_-VwsLi9Gs8ntflZjLfPkGw,hardened,none,1,46,cph:84,36.1773
cph_query_-VwsLi9Gs8ntflZjLfPkGw,hardened,hardened,1,9,cph:84,39.3873
cph_query_-VwsLi9Gs8ntflZjLfPkGw,hardened,direction,1,5,cph:84,39.3780
cph_query_-VwsLi9Gs8ntflZjLfPkGw,hardened,none,2,49,cph:84,36.1773
cph_query_-VwsLi9Gs8ntflZjLfPkGw,hardened,hardened,2,9,cph:84,39.3872
cph_query_-VwsLi9Gs8ntflZjLfPkGw,hardened,direction,2,8,cph:84,39.3617
cph_query_-WFB24C5ns0vkkGHGvN40A,clean,none,0,1,cph:137,
cph_query_-WFB24C5ns0vkkGHGvN40A,isotropic,none,0,1,cph:137,36.1773
cph_query_-WFB24C5ns0vkkGHGvN40A,isotropic,isotropic,0,1,cph:137,42.5826
cph_query_-WFB24C5ns0vkkGHGvN40A,isotropic,none,1,1,cph:137,36.1773
cph_query_-WFB24C5ns0vkkGHGvN40A,isotropic,isotropic,1,1,cph:137,42.5401
cph_query_-WFB24C5ns0vkkGHGvN40A,isotropic,none,2,1,cph:137,36.1773
cph_query_-WFB24C5ns0vkkGHGvN40A,isotropic,isotropic,2,2,cph:137,42.5468
cph_query_-WFB24C5ns0vkkGHGvN40A,direction,none,0,2,cph:137,36.1773
cph_query_-WFB24C5ns0vkkGHGvN40A,direction,direction,0,5,cph:137,39.8522
cph_query_-WFB24C5ns0vkkGHGvN40A,direction,none,1,6,cph:137,36.1773
cph_query_-WFB24C5ns0vkkGHGvN40A,direction,direction,1,5,cph:137,39.7669
cph_query_-WFB24C5ns0vkkGHGvN40A,direction,none,2,6,cph:137,36.1773
cph_query_-WFB24C5ns0vkkGHGvN40A,direction,direction,2,4,cph:137,39.7756
cph_query_-WFB24C5ns0vkkGHGvN40A,hardened,none,0,8,cph:137,36.1773
cph_query_-WFB24C5ns0vkkGHGvN40A,hardened,hardened,0,4,cph:137,39.4259
cph_query_-WFB24C5ns0vkkGHGvN40A,hardened,direction,0,4,cph:137,39.3571
cph_query_-WFB24C5ns0vkkGHGvN40A,hardened,none,1,5,cph:137,36.1773
cph_query_-WFB24C5ns0vkkGHGvN40A,hardened,hardened,1,4,cph:137,39.4921
cph_query_-WFB24C5ns0vkkGHGvN40A,hardened,direction,1,4,cph:137,39.3915
cph_query_-WFB24C5ns0vkkGHGvN40A,hardened,none,2,1,cph:137,36.1773
cph_query_-WFB24C5ns0vkkGHGvN40A,hardened,hardened,2,4,cph:137,39.4960
cph_query_-WFB24C5ns0vkkGHGvN40A,hardened,direction,2,3,cph:137,39.4062
cph_query_-WSWmgHuo6qPHzHxqzEe1A,clean,none,0,1,cph:119,
cph_query_-WSWmgHuo6qPHzHxqzEe1A,isotropic,none,0,1,cph:119,36.1773
cph_query_-WSWmgHuo6qPHzHxqzEe1A,isotropic,isotropic,0,1,cph:119,43.1698
cph_query_-WSWmgHuo6qPHzHxqzEe1A,isotropic,none,1,1,cph:119,36.1773
cph_query_-WSWmgHuo6qPHzHxqzEe1A,isotropic,isotropic,1,1,cph:119,43.1852
cph_query_-WSWmgHuo6qPHzHxqzEe1A,isotropic,none,2,1,cph:119,36.1773
cph_query_-WSWmgHuo6qPHzHxqzEe1A,isotropic,isotropic,2,1,cph:119,43.2093
cph_query_-WSWmgHuo6qPHzHxqzEe1A,direction,none,0,1,cph:119,36.1773
cph_query_-WSWmgHuo6qPHzHxqzEe1A,direction,direction,0,1,cph:119,40.4394
cph_query_-WSWmgHuo6qPHzHxqzEe1A,direction,none,1,1,cph:119,36.1773
cph_query_-WSWmgHuo6qPHzHxqzEe1A,direction,direction,1,1,cph:119,40.5265
cph_query_-WSWmgHuo6qPHzHxqzEe1A,direction,none,2,1,cph:119,36.1773
cph_query_-WSWmgHuo6qPHzHxqzEe1A,direction,direction,2,1,cph:119,40.4693
cph_query_-WSWmgHuo6qPHzHxqzEe1A,hardened,none,0,1,cph:119,36.1773
cph_query_-WSWmgHuo6qPHzHxqzEe1A,hardened,hardened,0,1,cph:119,40.1070
cph_query_-WSWmgHuo6qPHzHxqzEe1A,hardened,direction,0,1,cph:119,39.9866
cph_query_-WSWmgHuo6qPHzHxqzEe1A,hardened,none,1,1,cph:119,36.1773
cph_query_-WSWmgHuo6qPHzHxqzEe1A,hardened,hardened,1,1,cph:119,40.1270
cph_query_-WSWmgHuo6qPHzHxqzEe1A,hardened,direction,1,1,cph:119,40.0016
cph_query_-WSWmgHuo6qPHzHxqzEe1A,hardened,none,2,1,cph:119,36.1773
cph_query_-WSWmgHuo6qPHzHxqzEe1A,hardened,hardened,2,1,cph:119,40.1179
cph_query_-WSWmgHuo6qPHzHxqzEe1A,hardened,direction,2,1,cph:119,39.9804
cph_query_-XYLPst0OjYGoPVJKGP1aA,clean,none,0,1,cph:33,
cph_query_-XYLPst0OjYGoPVJKGP1aA,isotropic,none,0,1,cph:33,36.1773
cph_query_-XYLPst0OjYGoPVJKGP1aA,isotropic,isotropic,0,1,cph:33,43.0969
cph_query_-XYLPst0OjYGoPVJKGP1aA,isotropic,none,1,1,cph:33,36.1773
cph_query_-XYLPst0OjYGoPVJKGP1aA,isotropic,isotropic,1,1,cph:33,43.1116
cph_query_-XYLPst0OjYGoPVJKGP1aA,isotropic,none,2,1,cph:33,36.1773
cph_query_-XYLPst0OjYGoPVJKGP1aA,isotropic,isotropic,2,1,cph:33,43.1320
cph_query_-XYLPst0OjYGoPVJKGP1aA,direction,none,0,1,cph:33,36.1773
cph_query_-XYLPst0OjYGoPVJKGP1aA,direction,direction,0,1,cph:33,40.3001
cph_query_-XYLPst0OjYGoPVJKGP1aA,direction,none,1,1,cph:33,36.1773
cph_query_-XYLPst0OjYGoPVJKGP1aA,direction,direction,1,1,cph:33,40.2999
cph_query_-XYLPst0OjYGoPVJKGP1aA,direction,none,2,1,cph:33,36.1773
cph_query_-XYLPst0OjYGoPVJKGP1aA,direction,direction,2,1,cph:33,40.2105
cph_query_-XYLPst0OjYGoPVJKGP1aA,hardened,none,0,1,cph:33,36.1773
cph_query_-XYLPst0OjYGoPVJKGP1aA,hardened,hardened,0,1,cph:33,39.7686
cph_query_-XYLPst0OjYGoPVJKGP1aA,hardened,direction,0,1,cph:33,39.7841
cph_query_-XYLPst0OjYGoPVJKGP1aA,hardened,none,1,1,cph:33,36.1773
cph_query_-XYLPst0OjYGoPVJKGP1aA,hardened,hardened,1,1,cph:33,39.7965
cph_query_-XYLPst0OjYGoPVJKGP1aA,hardened,direction,1,1,cph:33,39.7964
cph_query_-XYLPst0OjYGoPVJKGP1aA,hardened,none,2,1,cph:33,36.1773
cph_query_-XYLPst0OjYGoPVJKGP1aA,hardened,hardened,2,1,cph:33,39.7815
cph_query_-XYLPst0OjYGoPVJKGP1aA,hardened,direction,2,1,cph:33,39.7491
cph_query_-YjbrleIz5WKWE1Rmmo4fg,clean,none,0,1,cph:279,
cph_query_-YjbrleIz5WKWE1Rmmo4fg,isotropic,none,0,1,cph:279,36.1773
cph_query_-YjbrleIz5WKWE1Rmmo4fg,isotropic,isotropic,0,1,cph:279,44.0355
cph_query_-YjbrleIz5WKWE1Rmmo4fg,isotropic,none,1,1,cph:279,36.1773
cph_query_-YjbrleIz5WKWE1Rmmo4fg,isotropic,isotropic,1,1,cph:279,44.0600
cph_query_-YjbrleIz5WKWE1Rmmo4fg,isotropic,none,2,1,cph:279,36.1773
cph_query_-YjbrleIz5WKWE1Rmmo4fg,isotropic,isotropic,2,1,cph:279,44.0575
cph_query_-YjbrleIz5WKWE1Rmmo4fg,direction,none,0,1,cph:279,36.1773
cph_query_-YjbrleIz5WKWE1Rmmo4fg,direction,direction,0,1,cph:279,41.5994
cph_query_-YjbrleIz5WKWE1Rmmo4fg,direction,none,1,1,cph:279,36.1773
cph_query_-YjbrleIz5WKWE1Rmmo4fg,direction,direction,1,1,cph:279,41.5199
cph_query_-YjbrleIz5WKWE1Rmmo4fg,direction,none,2,1,cph:279,36.1773
cph_query_-YjbrleIz5WKWE1Rmmo4fg,direction,direction,2,1,cph:279,41.6111
cph_query_-YjbrleIz5WKWE1Rmmo4fg,hardened,none,0,1,cph:279,36.1773
cph_query_-YjbrleIz5WKWE1Rmmo4fg,hardened,hardened,0,1,cph:279,40.9643
cph_query_-YjbrleIz5WKWE1Rmmo4fg,hardened,direction,0,1,cph:279,40.9368
cph_query_-YjbrleIz5WKWE1Rmmo4fg,hardened,none,1,1,cph:279,36.1773
cph_query_-YjbrleIz5WKWE1Rmmo4fg,hardened,hardened,1,1,cph:279,40.9612
cph_query_-YjbrleIz5WKWE1Rmmo4fg,hardened,direction,1,1,cph:279,40.8965
cph_query_-YjbrleIz5WKWE1Rmmo4fg,hardened,none,2,1,cph:279,36.1773
cph_query_-YjbrleIz5WKWE1Rmmo4fg,hardened,hardened,2,1,cph:279,40.9635
cph_query_-YjbrleIz5WKWE1Rmmo4fg,hardened,direction,2,1,cph:279,40.8920
cph_query_-YnFOjTmnQhpLwXt2EJ1QQ,clean,none,0,1,cph:264,
cph_query_-YnFOjTmnQhpLwXt2EJ1QQ,isotropic,none,0,2,cph:264,36.1773
cph_query_-YnFOjTmnQhpLwXt2EJ1QQ,isotropic,isotropic,0,1,cph:264,43.9520
cph_query_-YnFOjTmnQhpLwXt2EJ1QQ,isotropic,none,1,2,cph:264,36.1773
cph_query_-YnFOjTmnQhpLwXt2EJ1QQ,isotropic,isotropic,1,1,cph:264,43.9474
cph_query_-YnFOjTmnQhpLwXt2EJ1QQ,isotropic,none,2,1,cph:264,36.1773
cph_query_-YnFOjTmnQhpLwXt2EJ1QQ,isotropic,isotropic,2,1,cph:264,43.9568
cph_query_-YnFOjTmnQhpLwXt2EJ1QQ,direction,none,0,11,cph:264,36.1773
cph_query_-YnFOjTmnQhpLwXt2EJ1QQ,direction,direction,0,1,cph:264,41.3382
cph_query_-YnFOjTmnQhpLwXt2EJ1QQ,direction,none,1,74,cph:264,36.1773
cph_query_-YnFOjTmnQhpLwXt2EJ1QQ,direction,direction,1,1,cph:264,41.3181
cph_query_-YnFOjTmnQhpLwXt2EJ1QQ,direction,none,2,116,cph:264,36.1773
cph_query_-YnFOjTmnQhpLwXt2EJ1QQ,direction,direction,2,1,cph:264,41.4167
cph_query_-YnFOjTmnQhpLwXt2EJ1QQ,hardened,none,0,122,cph:264,36.1773
cph_query_-YnFOjTmnQhpLwXt2EJ1QQ,hardened,hardened,0,1,cph:264,40.4370
cph_query_-YnFOjTmnQhpLwXt2EJ1QQ,hardened,direction,0,1,cph:264,40.5099
cph_query_-YnFOjTmnQhpLwXt2EJ1QQ,hardened,none,1,22,cph:264,36.1773
cph_query_-YnFOjTmnQhpLwXt2EJ1QQ,hardened,hardened,1,1,cph:264,40.2698
cph_query_-YnFOjTmnQhpLwXt2EJ1QQ,hardened,direction,1,1,cph:264,40.2987
cph_query_-YnFOjTmnQhpLwXt2EJ1QQ,hardened,none,2,118,cph:264,36.1773
cph_query_-YnFOjTmnQhpLwXt2EJ1QQ,hardened,hardened,2,2,cph:264,40.3673
cph_query_-YnFOjTmnQhpLwXt2EJ1QQ,hardened,direction,2,2,cph:264,40.4036
london_query_-0u7VsCOCAmwH4RFsN5BoA,clean,none,0,3,london:51,
london_query_-0u7VsCOCAmwH4RFsN5BoA,isotropic,none,0,2,london:51,36.1773
london_query_-0u7VsCOCAmwH4RFsN5BoA,isotropic,isotropic,0,1,london:51,42.1563
london_query_-0u7VsCOCAmwH4RFsN5BoA,isotropic,none,1,1,london:51,36.1773
london_query_-0u7VsCOCAmwH4RFsN5BoA,isotropic,isotropic,1,2,london:51,42.1614
london_query_-0u7VsCOCAmwH4RFsN5BoA,isotropic,none,2,1,london:51,36.1773
london_query_-0u7VsCOCAmwH4RFsN5BoA,isotropic,isotropic,2,1,london:51,42.1318
london_query_-0u7VsCOCAmwH4RFsN5BoA,direction,none,0,1,london:51,36.1773
london_query_-0u7VsCOCAmwH4RFsN5BoA,direction,direction,0,1,london:51,39.5978
london_query_-0u7VsCOCAmwH4RFsN5BoA,direction,none,1,255,london:51,36.1773
london_query_-0u7VsCOCAmwH4RFsN5BoA,direction,direction,1,8,london:51,39.5804
london_query_-0u7VsCOCAmwH4RFsN5BoA,direction,none,2,59,london:51,36.1773
london_query_-0u7VsCOCAmwH4RFsN5BoA,direction,direction,2,7,london:51,39.5353
london_query_-0u7VsCOCAmwH4RFsN5BoA,hardened,none,0,150,london:51,36.1773
london_query_-0u7VsCOCAmwH4RFsN5BoA,hardened,hardened,0,22,london:51,39.1477
london_query_-0u7VsCOCAmwH4RFsN5BoA,hardened,direction,0,4,london:51,39.1567
london_query_-0u7VsCOCAmwH4RFsN5BoA,hardened,none,1,7,london:51,36.1773
london_query_-0u7VsCOCAmwH4RFsN5BoA,hardened,hardened,1,6,london:51,39.1101
london_query_-0u7VsCOCAmwH4RFsN5BoA,hardened,direction,1,2,london:51,39.1219
london_query_-0u7VsCOCAmwH4RFsN5BoA,hardened,none,2,28,london:51,36.1773
london_query_-0u7VsCOCAmwH4RFsN5BoA,hardened,hardened,2,2,london:51,39.1526
london_query_-0u7VsCOCAmwH4RFsN5BoA,hardened,direction,2,3,london:51,39.1551
london_query_-4Vq2O1PhPmG6WK-yV402Q,clean,none,0,15,london:2,
london_query_-4Vq2O1PhPmG6WK-yV402Q,isotropic,none,0,5,london:2,36.1773
london_query_-4Vq2O1PhPmG6WK-yV402Q,isotropic,isotropic,0,14,london:2,41.6982
london_query_-4Vq2O1PhPmG6WK-yV402Q,isotropic,none,1,61,london:2,36.1773
london_query_-4Vq2O1PhPmG6WK-yV402Q,isotropic,isotropic,1,18,london:2,41.6684
london_query_-4Vq2O1PhPmG6WK-yV402Q,isotropic,none,2,14,london:2,36.1773
london_query_-4Vq2O1PhPmG6WK-yV402Q,isotropic,isotropic,2,19,london:2,41.6978
london_query_-4Vq2O1PhPmG6WK-yV402Q,direction,none,0,17,london:2,36.1773
london_query_-4Vq2O1PhPmG6WK-yV402Q,direction,direction,0,10,london:2,39.3196
london_query_-4Vq2O1PhPmG6WK-yV402Q,direction,none,1,31,london:2,36.1773
london_query_-4Vq2O1PhPmG6WK-yV402Q,direction,direction,1,208,london:2,39.3076
london_query_-4Vq2O1PhPmG6WK-yV402Q,direction,none,2,43,london:2,36.1773
london_query_-4Vq2O1PhPmG6WK-yV402Q,direction,direction,2,17,london:2,39.3495
london_query_-4Vq2O1PhPmG6WK-yV402Q,hardened,none,0,56,london:2,36.1773
london_query_-4Vq2O1PhPmG6WK-yV402Q,hardened,hardened,0,41,london:2,39.1122
london_query_-4Vq2O1PhPmG6WK-yV402Q,hardened,direction,0,142,london:2,38.8987
london_query_-4Vq2O1PhPmG6WK-yV402Q,hardened,none,1,16,london:2,36.1773
london_query_-4Vq2O1PhPmG6WK-yV402Q,hardened,hardened,1,79,london:2,39.0592
london_query_-4Vq2O1PhPmG6WK-yV402Q,hardened,direction,1,76,london:2,38.8422
london_query_-4Vq2O1PhPmG6WK-yV402Q,hardened,none,2,22,london:2,36.1773
london_query_-4Vq2O1PhPmG6WK-yV402Q,hardened,hardened,2,181,london:2,39.0525
london_query_-4Vq2O1PhPmG6WK-yV402Q,hardened,direction,2,180,london:2,38.8517
london_query_-4pmBOZmF-ynXSkWw5BAew,clean,none,0,2,london:5,
london_query_-4pmBOZmF-ynXSkWw5BAew,isotropic,none,0,1,london:5,36.1773
london_query_-4pmBOZmF-ynXSkWw5BAew,isotropic,isotropic,0,1,london:5,41.3918
london_query_-4pmBOZmF-ynXSkWw5BAew,isotropic,none,1,1,london:5,36.1773
london_query_-4pmBOZmF-ynXSkWw5BAew,isotropic,isotropic,1,1,london:5,41.3927
london_query_-4pmBOZmF-ynXSkWw5BAew,isotropic,none,2,1,london:5,36.1773
london_query_-4pmBOZmF-ynXSkWw5BAew,isotropic,isotropic,2,1,london:5,41.4171
london_query_-4pmBOZmF-ynXSkWw5BAew,direction,none,0,2,london:5,36.1773
london_query_-4pmBOZmF-ynXSkWw5BAew,direction,direction,0,2,london:5,39.0812
london_query_-4pmBOZmF-ynXSkWw5BAew,direction,none,1,1,london:5,36.1773
london_query_-4pmBOZmF-ynXSkWw5BAew,direction,direction,1,1,london:5,39.1082
london_query_-4pmBOZmF-ynXSkWw5BAew,direction,none,2,1,london:5,36.1773
london_query_-4pmBOZmF-ynXSkWw5BAew,direction,direction,2,1,london:5,39.0061
london_query_-4pmBOZmF-ynXSkWw5BAew,hardened,none,0,6,london:5,36.1773
london_query_-4pmBOZmF-ynXSkWw5BAew,hardened,hardened,0,1,london:5,38.8396
london_query_-4pmBOZmF-ynXSkWw5BAew,hardened,direction,0,1,london:5,38.7779
london_query_-4pmBOZmF-ynXSkWw5BAew,hardened,none,1,8,london:5,36.1773
london_query_-4pmBOZmF-ynXSkWw5BAew,hardened,hardened,1,1,london:5,38.8783
london_query_-4pmBOZmF-ynXSkWw5BAew,hardened,direction,1,1,london:5,38.8259
london_query_-4pmBOZmF-ynXSkWw5BAew,hardened,none,2,13,london:5,36.1773
london_query_-4pmBOZmF-ynXSkWw5BAew,hardened,hardened,2,2,london:5,38.8544
london_query_-4pmBOZmF-ynXSkWw5BAew,hardened,direction,2,1,london:5,38.7754
london_query_-5QOE2AlZX8rEz8ONtGRrg,clean,none,0,1,london:131,
london_query_-5QOE2AlZX8rEz8ONtGRrg,isotropic,none,0,1,london:131,36.1773
london_query_-5QOE2AlZX8rEz8ONtGRrg,isotropic,isotropic,0,1,london:131,42.7021
london_query_-5QOE2AlZX8rEz8ONtGRrg,isotropic,none,1,1,london:131,36.1773
london_query_-5QOE2AlZX8rEz8ONtGRrg,isotropic,isotropic,1,1,london:131,42.6799
london_query_-5QOE2AlZX8rEz8ONtGRrg,isotropic,none,2,1,london:131,36.1773
london_query_-5QOE2AlZX8rEz8ONtGRrg,isotropic,isotropic,2,1,london:131,42.6702
london_query_-5QOE2AlZX8rEz8ONtGRrg,direction,none,0,1,london:131,36.1773
london_query_-5QOE2AlZX8rEz8ONtGRrg,direction,direction,0,1,london:131,39.9453
london_query_-5QOE2AlZX8rEz8ONtGRrg,direction,none,1,2,london:131,36.1773
london_query_-5QOE2AlZX8rEz8ONtGRrg,direction,direction,1,1,london:131,39.9874
london_query_-5QOE2AlZX8rEz8ONtGRrg,direction,none,2,4,london:131,36.1773
london_query_-5QOE2AlZX8rEz8ONtGRrg,direction,direction,2,1,london:131,39.9442
london_query_-5QOE2AlZX8rEz8ONtGRrg,hardened,none,0,3,london:131,36.1773
london_query_-5QOE2AlZX8rEz8ONtGRrg,hardened,hardened,0,1,london:131,39.2073
london_query_-5QOE2AlZX8rEz8ONtGRrg,hardened,direction,0,1,london:131,39.4848
london_query_-5QOE2AlZX8rEz8ONtGRrg,hardened,none,1,2,london:131,36.1773
london_query_-5QOE2AlZX8rEz8ONtGRrg,hardened,hardened,1,1,london:131,39.1483
london_query_-5QOE2AlZX8rEz8ONtGRrg,hardened,direction,1,1,london:131,39.3041
london_query_-5QOE2AlZX8rEz8ONtGRrg,hardened,none,2,1,london:131,36.1773
london_query_-5QOE2AlZX8rEz8ONtGRrg,hardened,hardened,2,1,london:131,39.0797
london_query_-5QOE2AlZX8rEz8ONtGRrg,hardened,direction,2,1,london:131,39.2833
london_query_-7U9wY8ynnu3oZ1g_-0xww,clean,none,0,1,london:104,
london_query_-7U9wY8ynnu3oZ1g_-0xww,isotropic,none,0,1,london:104,36.1773
london_query_-7U9wY8ynnu3oZ1g_-0xww,isotropic,isotropic,0,2,london:104,41.4024
london_query_-7U9wY8ynnu3oZ1g_-0xww,isotropic,none,1,1,london:104,36.1773
london_query_-7U9wY8ynnu3oZ1g_-0xww,isotropic,isotropic,1,1,london:104,41.3687
london_query_-7U9wY8ynnu3oZ1g_-0xww,isotropic,none,2,1,london:104,36.1773
london_query_-7U9wY8ynnu3oZ1g_-0xww,isotropic,isotropic,2,2,london:104,41.3583
london_query_-7U9wY8ynnu3oZ1g_-0xww,direction,none,0,8,london:104,36.1773
london_query_-7U9wY8ynnu3oZ1g_-0xww,direction,direction,0,10,london:104,38.7804
london_query_-7U9wY8ynnu3oZ1g_-0xww,direction,none,1,25,london:104,36.1773
london_query_-7U9wY8ynnu3oZ1g_-0xww,direction,direction,1,1,london:104,38.7711
london_query_-7U9wY8ynnu3oZ1g_-0xww,direction,none,2,14,london:104,36.1773
london_query_-7U9wY8ynnu3oZ1g_-0xww,direction,direction,2,5,london:104,38.7197
london_query_-7U9wY8ynnu3oZ1g_-0xww,hardened,none,0,12,london:104,36.1773
london_query_-7U9wY8ynnu3oZ1g_-0xww,hardened,hardened,0,10,london:104,38.3915
london_query_-7U9wY8ynnu3oZ1g_-0xww,hardened,direction,0,12,london:104,38.3682
london_query_-7U9wY8ynnu3oZ1g_-0xww,hardened,none,1,41,london:104,36.1773
london_query_-7U9wY8ynnu3oZ1g_-0xww,hardened,hardened,1,16,london:104,38.4843
london_query_-7U9wY8ynnu3oZ1g_-0xww,hardened,direction,1,58,london:104,38.4530
london_query_-7U9wY8ynnu3oZ1g_-0xww,hardened,none,2,29,london:104,36.1773
london_query_-7U9wY8ynnu3oZ1g_-0xww,hardened,hardened,2,11,london:104,38.4122
london_query_-7U9wY8ynnu3oZ1g_-0xww,hardened,direction,2,29,london:104,38.3523
london_query_-7cNAk24ZhuoOowcvDoImw,clean,none,0,67,london:126,
london_query_-7cNAk24ZhuoOowcvDoImw,isotropic,none,0,238,london:126,36.1773
london_query_-7cNAk24ZhuoOowcvDoImw,isotropic,isotropic,0,73,london:126,43.6662
london_query_-7cNAk24ZhuoOowcvDoImw,isotropic,none,1,151,london:126,36.1773
london_query_-7cNAk24ZhuoOowcvDoImw,isotropic,isotropic,1,510,london:126,43.6928
london_query_-7cNAk24ZhuoOowcvDoImw,isotropic,none,2,426,london:126,36.1773
london_query_-7cNAk24ZhuoOowcvDoImw,isotropic,isotropic,2,418,london:126,43.6859
london_query_-7cNAk24ZhuoOowcvDoImw,direction,none,0,1392,london:126,36.1773
london_query_-7cNAk24ZhuoOowcvDoImw,direction,direction,0,118,london:126,41.5648
london_query_-7cNAk24ZhuoOowcvDoImw,direction,none,1,602,london:126,36.1773
london_query_-7cNAk24ZhuoOowcvDoImw,direction,direction,1,124,london:126,41.5283
london_query_-7cNAk24ZhuoOowcvDoImw,direction,none,2,874,london:126,36.1773
london_query_-7cNAk24ZhuoOowcvDoImw,direction,direction,2,84,london:126,41.5065
london_query_-7cNAk24ZhuoOowcvDoImw,hardened,none,0,526,london:126,36.1773
london_query_-7cNAk24ZhuoOowcvDoImw,hardened,hardened,0,180,london:126,40.5715
london_query_-7cNAk24ZhuoOowcvDoImw,hardened,direction,0,238,london:126,40.7430
london_query_-7cNAk24ZhuoOowcvDoImw,hardened,none,1,109,london:126,36.1773
london_query_-7cNAk24ZhuoOowcvDoImw,hardened,hardened,1,110,london:126,40.5775
london_query_-7cNAk24ZhuoOowcvDoImw,hardened,direction,1,58,london:126,40.8172
london_query_-7cNAk24ZhuoOowcvDoImw,hardened,none,2,594,london:126,36.1773
london_query_-7cNAk24ZhuoOowcvDoImw,hardened,hardened,2,149,london:126,40.5792
london_query_-7cNAk24ZhuoOowcvDoImw,hardened,direction,2,209,london:126,40.7388
london_query_-8xWvI5d3Z6gfsRDb_kEQQ,clean,none,0,1,london:15,
london_query_-8xWvI5d3Z6gfsRDb_kEQQ,isotropic,none,0,1,london:15,36.1773
london_query_-8xWvI5d3Z6gfsRDb_kEQQ,isotropic,isotropic,0,2,london:15,41.8805
london_query_-8xWvI5d3Z6gfsRDb_kEQQ,isotropic,none,1,3,london:15,36.1773
london_query_-8xWvI5d3Z6gfsRDb_kEQQ,isotropic,isotropic,1,2,london:15,41.8281
london_query_-8xWvI5d3Z6gfsRDb_kEQQ,isotropic,none,2,3,london:15,36.1773
london_query_-8xWvI5d3Z6gfsRDb_kEQQ,isotropic,isotropic,2,2,london:15,41.8446
london_query_-8xWvI5d3Z6gfsRDb_kEQQ,direction,none,0,9,london:15,36.1773
london_query_-8xWvI5d3Z6gfsRDb_kEQQ,direction,direction,0,4,london:15,39.1961
london_query_-8xWvI5d3Z6gfsRDb_kEQQ,direction,none,1,12,london:15,36.1773
london_query_-8xWvI5d3Z6gfsRDb_kEQQ,direction,direction,1,4,london:15,39.3499
london_query_-8xWvI5d3Z6gfsRDb_kEQQ,direction,none,2,9,london:15,36.1773
london_query_-8xWvI5d3Z6gfsRDb_kEQQ,direction,direction,2,5,london:15,39.2745
london_query_-8xWvI5d3Z6gfsRDb_kEQQ,hardened,none,0,6,london:15,36.1773
london_query_-8xWvI5d3Z6gfsRDb_kEQQ,hardened,hardened,0,2,london:15,38.9007
london_query_-8xWvI5d3Z6gfsRDb_kEQQ,hardened,direction,0,2,london:15,38.8384
london_query_-8xWvI5d3Z6gfsRDb_kEQQ,hardened,none,1,10,london:15,36.1773
london_query_-8xWvI5d3Z6gfsRDb_kEQQ,hardened,hardened,1,1,london:15,38.8356
london_query_-8xWvI5d3Z6gfsRDb_kEQQ,hardened,direction,1,1,london:15,38.7790
london_query_-8xWvI5d3Z6gfsRDb_kEQQ,hardened,none,2,28,london:15,36.1773
london_query_-8xWvI5d3Z6gfsRDb_kEQQ,hardened,hardened,2,3,london:15,38.7928
london_query_-8xWvI5d3Z6gfsRDb_kEQQ,hardened,direction,2,4,london:15,38.7453
london_query_-9FGszdwftnBlzMuP0c_NQ,clean,none,0,1,london:18,
london_query_-9FGszdwftnBlzMuP0c_NQ,isotropic,none,0,1,london:18,36.1773
london_query_-9FGszdwftnBlzMuP0c_NQ,isotropic,isotropic,0,1,london:18,41.1027
london_query_-9FGszdwftnBlzMuP0c_NQ,isotropic,none,1,1,london:18,36.1773
london_query_-9FGszdwftnBlzMuP0c_NQ,isotropic,isotropic,1,1,london:18,41.0843
london_query_-9FGszdwftnBlzMuP0c_NQ,isotropic,none,2,1,london:18,36.1773
london_query_-9FGszdwftnBlzMuP0c_NQ,isotropic,isotropic,2,1,london:18,41.0919
london_query_-9FGszdwftnBlzMuP0c_NQ,direction,none,0,1,london:18,36.1773
london_query_-9FGszdwftnBlzMuP0c_NQ,direction,direction,0,1,london:18,38.2185
london_query_-9FGszdwftnBlzMuP0c_NQ,direction,none,1,1,london:18,36.1773
london_query_-9FGszdwftnBlzMuP0c_NQ,direction,direction,1,1,london:18,38.3317
london_query_-9FGszdwftnBlzMuP0c_NQ,direction,none,2,1,london:18,36.1773
london_query_-9FGszdwftnBlzMuP0c_NQ,direction,direction,2,1,london:18,38.2002
london_query_-9FGszdwftnBlzMuP0c_NQ,hardened,none,0,2,london:18,36.1773
london_query_-9FGszdwftnBlzMuP0c_NQ,hardened,hardened,0,1,london:18,38.0382
london_query_-9FGszdwftnBlzMuP0c_NQ,hardened,direction,0,2,london:18,38.0019
london_query_-9FGszdwftnBlzMuP0c_NQ,hardened,none,1,5,london:18,36.1773
london_query_-9FGszdwftnBlzMuP0c_NQ,hardened,hardened,1,3,london:18,38.0705
london_query_-9FGszdwftnBlzMuP0c_NQ,hardened,direction,1,11,london:18,38.0038
london_query_-9FGszdwftnBlzMuP0c_NQ,hardened,none,2,2,london:18,36.1773
london_query_-9FGszdwftnBlzMuP0c_NQ,hardened,hardened,2,1,london:18,38.1161
london_query_-9FGszdwftnBlzMuP0c_NQ,hardened,direction,2,3,london:18,38.0489
london_query_-9KgeyegI3TaGMqglsDENg,clean,none,0,1,london:111,
london_query_-9KgeyegI3TaGMqglsDENg,isotropic,none,0,1,london:111,36.1773
london_query_-9KgeyegI3TaGMqglsDENg,isotropic,isotropic,0,1,london:111,42.1330
london_query_-9KgeyegI3TaGMqglsDENg,isotropic,none,1,1,london:111,36.1773
london_query_-9KgeyegI3TaGMqglsDENg,isotropic,isotropic,1,1,london:111,42.1020
london_query_-9KgeyegI3TaGMqglsDENg,isotropic,none,2,1,london:111,36.1773
london_query_-9KgeyegI3TaGMqglsDENg,isotropic,isotropic,2,1,london:111,42.0785
london_query_-9KgeyegI3TaGMqglsDENg,direction,none,0,1,london:111,36.1773
london_query_-9KgeyegI3TaGMqglsDENg,direction,direction,0,1,london:111,39.3201
london_query_-9KgeyegI3TaGMqglsDENg,direction,none,1,1,london:111,36.1773
london_query_-9KgeyegI3TaGMqglsDENg,direction,direction,1,1,london:111,39.3021
london_query_-9KgeyegI3TaGMqglsDENg,direction,none,2,1,london:111,36.1773
london_query_-9KgeyegI3TaGMqglsDENg,direction,direction,2,1,london:111,39.3348
london_query_-9KgeyegI3TaGMqglsDENg,hardened,none,0,1,london:111,36.1773
london_query_-9KgeyegI3TaGMqglsDENg,hardened,hardened,0,1,london:111,39.1196
london_query_-9KgeyegI3TaGMqglsDENg,hardened,direction,0,1,london:111,39.0196
london_query_-9KgeyegI3TaGMqglsDENg,hardened,none,1,1,london:111,36.1773
london_query_-9KgeyegI3TaGMqglsDENg,hardened,hardened,1,1,london:111,39.0511
london_query_-9KgeyegI3TaGMqglsDENg,hardened,direction,1,1,london:111,38.9361
london_query_-9KgeyegI3TaGMqglsDENg,hardened,none,2,1,london:111,36.1773
london_query_-9KgeyegI3TaGMqglsDENg,hardened,hardened,2,1,london:111,39.1209
london_query_-9KgeyegI3TaGMqglsDENg,hardened,direction,2,1,london:111,39.0176
london_query_-FGaYVNFN5ALUsVDNixL_g,clean,none,0,1,london:122,
london_query_-FGaYVNFN5ALUsVDNixL_g,isotropic,none,0,1,london:122,36.1773
london_query_-FGaYVNFN5ALUsVDNixL_g,isotropic,isotropic,0,1,london:122,42.8932
london_query_-FGaYVNFN5ALUsVDNixL_g,isotropic,none,1,1,london:122,36.1773
london_query_-FGaYVNFN5ALUsVDNixL_g,isotropic,isotropic,1,1,london:122,42.8681
london_query_-FGaYVNFN5ALUsVDNixL_g,isotropic,none,2,1,london:122,36.1773
london_query_-FGaYVNFN5ALUsVDNixL_g,isotropic,isotropic,2,1,london:122,42.8656
london_query_-FGaYVNFN5ALUsVDNixL_g,direction,none,0,1,london:122,36.1773
london_query_-FGaYVNFN5ALUsVDNixL_g,direction,direction,0,1,london:122,40.0056
london_query_-FGaYVNFN5ALUsVDNixL_g,direction,none,1,3,london:122,36.1773
london_query_-FGaYVNFN5ALUsVDNixL_g,direction,direction,1,1,london:122,40.0141
london_query_-FGaYVNFN5ALUsVDNixL_g,direction,none,2,2,london:122,36.1773
london_query_-FGaYVNFN5ALUsVDNixL_g,direction,direction,2,1,london:122,40.0430
london_query_-FGaYVNFN5ALUsVDNixL_g,hardened,none,0,4,london:122,36.1773
london_query_-FGaYVNFN5ALUsVDNixL_g,hardened,hardened,0,2,london:122,39.6199
london_query_-FGaYVNFN5ALUsVDNixL_g,hardened,direction,0,4,london:122,39.5772
london_query_-FGaYVNFN5ALUsVDNixL_g,hardened,none,1,8,london:122,36.1773
london_query_-FGaYVNFN5ALUsVDNixL_g,hardened,hardened,1,10,london:122,39.5400
london_query_-FGaYVNFN5ALUsVDNixL_g,hardened,direction,1,27,london:122,39.5231
london_query_-FGaYVNFN5ALUsVDNixL_g,hardened,none,2,1,london:122,36.1773
london_query_-FGaYVNFN5ALUsVDNixL_g,hardened,hardened,2,2,london:122,39.6611
london_query_-FGaYVNFN5ALUsVDNixL_g,hardened,direction,2,7,london:122,39.6204
london_query_-Flts9XBA2wVlru8_LHbkg,clean,none,0,22,london:111,
london_query_-Flts9XBA2wVlru8_LHbkg,isotropic,none,0,60,london:111,36.1773
london_query_-Flts9XBA2wVlru8_LHbkg,isotropic,isotropic,0,74,london:111,42.4612
london_query_-Flts9XBA2wVlru8_LHbkg,isotropic,none,1,28,london:111,36.1773
london_query_-Flts9XBA2wVlru8_LHbkg,isotropic,isotropic,1,26,london:111,42.4128
london_query_-Flts9XBA2wVlru8_LHbkg,isotropic,none,2,72,london:111,36.1773
london_query_-Flts9XBA2wVlru8_LHbkg,isotropic,isotropic,2,53,london:111,42.4644
london_query_-Flts9XBA2wVlru8_LHbkg,direction,none,0,34,london:111,36.1773
london_query_-Flts9XBA2wVlru8_LHbkg,direction,direction,0,137,london:111,39.6376
london_query_-Flts9XBA2wVlru8_LHbkg,direction,none,1,33,london:111,36.1773
london_query_-Flts9XBA2wVlru8_LHbkg,direction,direction,1,175,london:111,39.6284
london_query_-Flts9XBA2wVlru8_LHbkg,direction,none,2,15,london:111,36.1773
london_query_-Flts9XBA2wVlru8_LHbkg,direction,direction,2,151,london:111,39.6909
london_query_-Flts9XBA2wVlru8_LHbkg,hardened,none,0,31,london:111,36.1773
london_query_-Flts9XBA2wVlru8_LHbkg,hardened,hardened,0,287,london:111,39.3199
london_query_-Flts9XBA2wVlru8_LHbkg,hardened,direction,0,193,london:111,39.2832
london_query_-Flts9XBA2wVlru8_LHbkg,hardened,none,1,30,london:111,36.1773
london_query_-Flts9XBA2wVlru8_LHbkg,hardened,hardened,1,240,london:111,39.3216
london_query_-Flts9XBA2wVlru8_LHbkg,hardened,direction,1,370,london:111,39.2612
london_query_-Flts9XBA2wVlru8_LHbkg,hardened,none,2,13,london:111,36.1773
london_query_-Flts9XBA2wVlru8_LHbkg,hardened,hardened,2,55,london:111,39.3596
london_query_-Flts9XBA2wVlru8_LHbkg,hardened,direction,2,23,london:111,39.3352
london_query_-HfvOD1d7XUGJoEMybpyqQ,clean,none,0,1,london:77,
london_query_-HfvOD1d7XUGJoEMybpyqQ,isotropic,none,0,1,london:77,36.1773
london_query_-HfvOD1d7XUGJoEMybpyqQ,isotropic,isotropic,0,1,london:77,41.6754
london_query_-HfvOD1d7XUGJoEMybpyqQ,isotropic,none,1,2,london:77,36.1773
london_query_-HfvOD1d7XUGJoEMybpyqQ,isotropic,isotropic,1,1,london:77,41.6856
london_query_-HfvOD1d7XUGJoEMybpyqQ,isotropic,none,2,2,london:77,36.1773
london_query_-HfvOD1d7XUGJoEMybpyqQ,isotropic,isotropic,2,1,london:77,41.6526
london_query_-HfvOD1d7XUGJoEMybpyqQ,direction,none,0,4,london:77,36.1773
london_query_-HfvOD1d7XUGJoEMybpyqQ,direction,direction,0,1,london:77,38.8775
london_query_-HfvOD1d7XUGJoEMybpyqQ,direction,none,1,2,london:77,36.1773
london_query_-HfvOD1d7XUGJoEMybpyqQ,direction,direction,1,1,london:77,38.8411
london_query_-HfvOD1d7XUGJoEMybpyqQ,direction,none,2,2,london:77,36.1773
london_query_-HfvOD1d7XUGJoEMybpyqQ,direction,direction,2,1,london:77,38.8629
london_query_-HfvOD1d7XUGJoEMybpyqQ,hardened,none,0,1,london:77,36.1773
london_query_-HfvOD1d7XUGJoEMybpyqQ,hardened,hardened,0,1,london:77,38.6407
london_query_-HfvOD1d7XUGJoEMybpyqQ,hardened,direction,0,1,london:77,38.5432
london_query_-HfvOD1d7XUGJoEMybpyqQ,hardened,none,1,1,london:77,36.1773
london_query_-HfvOD1d7XUGJoEMybpyqQ,hardened,hardened,1,1,london:77,38.6033
london_query_-HfvOD1d7XUGJoEMybpyqQ,hardened,direction,1,1,london:77,38.5019
london_query_-HfvOD1d7XUGJoEMybpyqQ,hardened,none,2,1,london:77,36.1773
london_query_-HfvOD1d7XUGJoEMybpyqQ,hardened,hardened,2,1,london:77,38.5879
london_query_-HfvOD1d7XUGJoEMybpyqQ,hardened,direction,2,1,london:77,38.4825
london_query_-Id3DdRqVbjIA39wjxbTgw,clean,none,0,1,london:125,
london_query_-Id3DdRqVbjIA39wjxbTgw,isotropic,none,0,8,london:125,36.1773
london_query_-Id3DdRqVbjIA39wjxbTgw,isotropic,isotropic,0,1,london:125,41.0455
london_query_-Id3DdRqVbjIA39wjxbTgw,isotropic,none,1,2,london:125,36.1773
london_query_-Id3DdRqVbjIA39wjxbTgw,isotropic,isotropic,1,1,london:125,41.0428
london_query_-Id3DdRqVbjIA39wjxbTgw,isotropic,none,2,4,london:125,36.1773
london_query_-Id3DdRqVbjIA39wjxbTgw,isotropic,isotropic,2,3,london:125,41.0087
london_query_-Id3DdRqVbjIA39wjxbTgw,direction,none,0,328,london:125,36.1773
london_query_-Id3DdRqVbjIA39wjxbTgw,direction,direction,0,4,london:125,38.2916
london_query_-Id3DdRqVbjIA39wjxbTgw,direction,none,1,59,london:125,36.1773
london_query_-Id3DdRqVbjIA39wjxbTgw,direction,direction,1,3,london:125,38.2731
london_query_-Id3DdRqVbjIA39wjxbTgw,direction,none,2,8,london:125,36.1773
london_query_-Id3DdRqVbjIA39wjxbTgw,direction,direction,2,3,london:125,38.3225
london_query_-Id3DdRqVbjIA39wjxbTgw,hardened,none,0,32,london:125,36.1773
london_query_-Id3DdRqVbjIA39wjxbTgw,hardened,hardened,0,4,london:125,38.1599
london_query_-Id3DdRqVbjIA39wjxbTgw,hardened,direction,0,3,london:125,38.1991
london_query_-Id3DdRqVbjIA39wjxbTgw,hardened,none,1,12,london:125,36.1773
london_query_-Id3DdRqVbjIA39wjxbTgw,hardened,hardened,1,9,london:125,38.1662
london_query_-Id3DdRqVbjIA39wjxbTgw,hardened,direction,1,7,london:125,38.1798
london_query_-Id3DdRqVbjIA39wjxbTgw,hardened,none,2,5,london:125,36.1773
london_query_-Id3DdRqVbjIA39wjxbTgw,hardened,hardened,2,7,london:125,38.1365
london_query_-Id3DdRqVbjIA39wjxbTgw,hardened,direction,2,4,london:125,38.1343
london_query_-OOGG8lTvgHHqp3iuULlyQ,clean,none,0,1,london:21,
london_query_-OOGG8lTvgHHqp3iuULlyQ,isotropic,none,0,1,london:21,36.1773
london_query_-OOGG8lTvgHHqp3iuULlyQ,isotropic,isotropic,0,1,london:21,41.5026
london_query_-OOGG8lTvgHHqp3iuULlyQ,isotropic,none,1,1,london:21,36.1773
london_query_-OOGG8lTvgHHqp3iuULlyQ,isotropic,isotropic,1,1,london:21,41.4723
london_query_-OOGG8lTvgHHqp3iuULlyQ,isotropic,none,2,1,london:21,36.1773
london_query_-OOGG8lTvgHHqp3iuULlyQ,isotropic,isotropic,2,1,london:21,41.4999
london_query_-OOGG8lTvgHHqp3iuULlyQ,direction,none,0,1,london:21,36.1773
london_query_-OOGG8lTvgHHqp3iuULlyQ,direction,direction,0,1,london:21,38.6679
london_query_-OOGG8lTvgHHqp3iuULlyQ,direction,none,1,1,london:21,36.1773
london_query_-OOGG8lTvgHHqp3iuULlyQ,direction,direction,1,1,london:21,38.6714
london_query_-OOGG8lTvgHHqp3iuULlyQ,direction,none,2,1,london:21,36.1773
london_query_-OOGG8lTvgHHqp3iuULlyQ,direction,direction,2,1,london:21,38.5643
london_query_-OOGG8lTvgHHqp3iuULlyQ,hardened,none,0,2,london:21,36.1773
london_query_-OOGG8lTvgHHqp3iuULlyQ,hardened,hardened,0,1,london:21,38.4912
london_query_-OOGG8lTvgHHqp3iuULlyQ,hardened,direction,0,1,london:21,38.4489
london_query_-OOGG8lTvgHHqp3iuULlyQ,hardened,none,1,2,london:21,36.1773
london_query_-OOGG8lTvgHHqp3iuULlyQ,hardened,hardened,1,1,london:21,38.5098
london_query_-OOGG8lTvgHHqp3iuULlyQ,hardened,direction,1,1,london:21,38.4704
london_query_-OOGG8lTvgHHqp3iuULlyQ,hardened,none,2,3,london:21,36.1773
london_query_-OOGG8lTvgHHqp3iuULlyQ,hardened,hardened,2,1,london:21,38.5284
london_query_-OOGG8lTvgHHqp3iuULlyQ,hardened,direction,2,1,london:21,38.4536
london_query_-TmVvxY52h9CjrIUzBbCgw,clean,none,0,1,london:129,
london_query_-TmVvxY52h9CjrIUzBbCgw,isotropic,none,0,1,london:129,36.1773
london_query_-TmVvxY52h9CjrIUzBbCgw,isotropic,isotropic,0,1,london:129,41.5493
london_query_-TmVvxY52h9CjrIUzBbCgw,isotropic,none,1,1,london:129,36.1773
london_query_-TmVvxY52h9CjrIUzBbCgw,isotropic,isotropic,1,1,london:129,41.4951
london_query_-TmVvxY52h9CjrIUzBbCgw,isotropic,none,2,1,london:129,36.1773
london_query_-TmVvxY52h9CjrIUzBbCgw,isotropic,isotropic,2,1,london:129,41.5587
london_query_-TmVvxY52h9CjrIUzBbCgw,direction,none,0,14,london:129,36.1773
london_query_-TmVvxY52h9CjrIUzBbCgw,direction,direction,0,1,london:129,38.8764
london_query_-TmVvxY52h9CjrIUzBbCgw,direction,none,1,9,london:129,36.1773
london_query_-TmVvxY52h9CjrIUzBbCgw,direction,direction,1,1,london:129,38.8735
london_query_-TmVvxY52h9CjrIUzBbCgw,direction,none,2,4,london:129,36.1773
london_query_-TmVvxY52h9CjrIUzBbCgw,direction,direction,2,1,london:129,38.9138
london_query_-TmVvxY52h9CjrIUzBbCgw,hardened,none,0,2,london:129,36.1773
london_query_-TmVvxY52h9CjrIUzBbCgw,hardened,hardened,0,1,london:129,38.6078
london_query_-TmVvxY52h9CjrIUzBbCgw,hardened,direction,0,1,london:129,38.4421
london_query_-TmVvxY52h9CjrIUzBbCgw,hardened,none,1,1,london:129,36.1773
london_query_-TmVvxY52h9CjrIUzBbCgw,hardened,hardened,1,1,london:129,38.6163
london_query_-TmVvxY52h9CjrIUzBbCgw,hardened,direction,1,1,london:129,38.4816
london_query_-TmVvxY52h9CjrIUzBbCgw,hardened,none,2,5,london:129,36.1773
london_query_-TmVvxY52h9CjrIUzBbCgw,hardened,hardened,2,1,london:129,38.6155
london_query_-TmVvxY52h9CjrIUzBbCgw,hardened,direction,2,1,london:129,38.4708
london_query_-UeH_UbGnPshWdeEEYfhyQ,clean,none,0,134,london:121,
london_query_-UeH_UbGnPshWdeEEYfhyQ,isotropic,none,0,86,london:121,36.1773
london_query_-UeH_UbGnPshWdeEEYfhyQ,isotropic,isotropic,0,383,london:121,42.4682
london_query_-UeH_UbGnPshWdeEEYfhyQ,isotropic,none,1,31,london:121,36.1773
london_query_-UeH_UbGnPshWdeEEYfhyQ,isotropic,isotropic,1,49,london:121,42.4914
london_query_-UeH_UbGnPshWdeEEYfhyQ,isotropic,none,2,55,london:121,36.1773
london_query_-UeH_UbGnPshWdeEEYfhyQ,isotropic,isotropic,2,152,london:121,42.4937
london_query_-UeH_UbGnPshWdeEEYfhyQ,direction,none,0,3,london:121,36.1773
london_query_-UeH_UbGnPshWdeEEYfhyQ,direction,direction,0,80,london:121,39.6429
london_query_-UeH_UbGnPshWdeEEYfhyQ,direction,none,1,194,london:121,36.1773
london_query_-UeH_UbGnPshWdeEEYfhyQ,direction,direction,1,34,london:121,39.6734
london_query_-UeH_UbGnPshWdeEEYfhyQ,direction,none,2,204,london:121,36.1773
london_query_-UeH_UbGnPshWdeEEYfhyQ,direction,direction,2,223,london:121,39.6300
london_query_-UeH_UbGnPshWdeEEYfhyQ,hardened,none,0,141,london:121,36.1773
london_query_-UeH_UbGnPshWdeEEYfhyQ,hardened,hardened,0,192,london:121,39.2364
london_query_-UeH_UbGnPshWdeEEYfhyQ,hardened,direction,0,144,london:121,39.1584
london_query_-UeH_UbGnPshWdeEEYfhyQ,hardened,none,1,318,london:121,36.1773
london_query_-UeH_UbGnPshWdeEEYfhyQ,hardened,hardened,1,198,london:121,39.1157
london_query_-UeH_UbGnPshWdeEEYfhyQ,hardened,direction,1,98,london:121,39.0288
london_query_-UeH_UbGnPshWdeEEYfhyQ,hardened,none,2,180,london:121,36.1773
london_query_-UeH_UbGnPshWdeEEYfhyQ,hardened,hardened,2,141,london:121,39.2291
london_query_-UeH_UbGnPshWdeEEYfhyQ,hardened,direction,2,218,london:121,39.1654
london_query_-WUdEGuLIX2B2T8rBV0Rgw,clean,none,0,3,london:75,
london_query_-WUdEGuLIX2B2T8rBV0Rgw,isotropic,none,0,1,london:75,36.1773
london_query_-WUdEGuLIX2B2T8rBV0Rgw,isotropic,isotropic,0,13,london:75,41.5833
london_query_-WUdEGuLIX2B2T8rBV0Rgw,isotropic,none,1,1,london:75,36.1773
london_query_-WUdEGuLIX2B2T8rBV0Rgw,isotropic,isotropic,1,2,london:75,41.5299
london_query_-WUdEGuLIX2B2T8rBV0Rgw,isotropic,none,2,3,london:75,36.1773
london_query_-WUdEGuLIX2B2T8rBV0Rgw,isotropic,isotropic,2,9,london:75,41.5653
london_query_-WUdEGuLIX2B2T8rBV0Rgw,direction,none,0,1,london:75,36.1773
london_query_-WUdEGuLIX2B2T8rBV0Rgw,direction,direction,0,3,london:75,39.0208
london_query_-WUdEGuLIX2B2T8rBV0Rgw,direction,none,1,1,london:75,36.1773
london_query_-WUdEGuLIX2B2T8rBV0Rgw,direction,direction,1,3,london:75,38.9252
london_query_-WUdEGuLIX2B2T8rBV0Rgw,direction,none,2,1,london:75,36.1773
london_query_-WUdEGuLIX2B2T8rBV0Rgw,direction,direction,2,1,london:75,38.9993
london_query_-WUdEGuLIX2B2T8rBV0Rgw,hardened,none,0,6,london:75,36.1773
london_query_-WUdEGuLIX2B2T8rBV0Rgw,hardened,hardened,0,1,london:75,38.6248
london_query_-WUdEGuLIX2B2T8rBV0Rgw,hardened,direction,0,3,london:75,38.6384
london_query_-WUdEGuLIX2B2T8rBV0Rgw,hardened,none,1,9,london:75,36.1773
london_query_-WUdEGuLIX2B2T8rBV0Rgw,hardened,hardened,1,4,london:75,38.5892
london_query_-WUdEGuLIX2B2T8rBV0Rgw,hardened,direction,1,7,london:75,38.6016
london_query_-WUdEGuLIX2B2T8rBV0Rgw,hardened,none,2,4,london:75,36.1773
london_query_-WUdEGuLIX2B2T8rBV0Rgw,hardened,hardened,2,3,london:75,38.6445
london_query_-WUdEGuLIX2B2T8rBV0Rgw,hardened,direction,2,6,london:75,38.7022
london_query_-WZeEq0W1pr6VJS4t3dR0g,clean,none,0,1,london:63,
london_query_-WZeEq0W1pr6VJS4t3dR0g,isotropic,none,0,1,london:63,36.1773
london_query_-WZeEq0W1pr6VJS4t3dR0g,isotropic,isotropic,0,2,london:63,42.3475
london_query_-WZeEq0W1pr6VJS4t3dR0g,isotropic,none,1,2,london:63,36.1773
london_query_-WZeEq0W1pr6VJS4t3dR0g,isotropic,isotropic,1,2,london:63,42.3887
london_query_-WZeEq0W1pr6VJS4t3dR0g,isotropic,none,2,2,london:63,36.1773
london_query_-WZeEq0W1pr6VJS4t3dR0g,isotropic,isotropic,2,2,london:63,42.3583
london_query_-WZeEq0W1pr6VJS4t3dR0g,direction,none,0,1,london:63,36.1773
london_query_-WZeEq0W1pr6VJS4t3dR0g,direction,direction,0,1,london:63,39.6699
london_query_-WZeEq0W1pr6VJS4t3dR0g,direction,none,1,1,london:63,36.1773
london_query_-WZeEq0W1pr6VJS4t3dR0g,direction,direction,1,1,london:63,39.7201
london_query_-WZeEq0W1pr6VJS4t3dR0g,direction,none,2,2,london:63,36.1773
london_query_-WZeEq0W1pr6VJS4t3dR0g,direction,direction,2,2,london:63,39.6148
london_query_-WZeEq0W1pr6VJS4t3dR0g,hardened,none,0,4,london:63,36.1773
london_query_-WZeEq0W1pr6VJS4t3dR0g,hardened,hardened,0,3,london:63,39.2089
london_query_-WZeEq0W1pr6VJS4t3dR0g,hardened,direction,0,7,london:63,39.1877
london_query_-WZeEq0W1pr6VJS4t3dR0g,hardened,none,1,6,london:63,36.1773
london_query_-WZeEq0W1pr6VJS4t3dR0g,hardened,hardened,1,2,london:63,39.2439
london_query_-WZeEq0W1pr6VJS4t3dR0g,hardened,direction,1,3,london:63,39.2202
london_query_-WZeEq0W1pr6VJS4t3dR0g,hardened,none,2,1,london:63,36.1773
london_query_-WZeEq0W1pr6VJS4t3dR0g,hardened,hardened,2,1,london:63,39.2101
london_query_-WZeEq0W1pr6VJS4t3dR0g,hardened,direction,2,1,london:63,39.1926
london_query_-WyzcGh-_EYVhI50Y9F08Q,clean,none,0,3,london:121,
london_query_-WyzcGh-_EYVhI50Y9F08Q,isotropic,none,0,22,london:121,36.1773
london_query_-WyzcGh-_EYVhI50Y9F08Q,isotropic,isotropic,0,9,london:121,42.9111
london_query_-WyzcGh-_EYVhI50Y9F08Q,isotropic,none,1,33,london:121,36.1773
london_query_-WyzcGh-_EYVhI50Y9F08Q,isotropic,isotropic,1,10,london:121,42.8717
london_query_-WyzcGh-_EYVhI50Y9F08Q,isotropic,none,2,14,london:121,36.1773
london_query_-WyzcGh-_EYVhI50Y9F08Q,isotropic,isotropic,2,4,london:121,42.8873
london_query_-WyzcGh-_EYVhI50Y9F08Q,direction,none,0,21,london:121,36.1773
london_query_-WyzcGh-_EYVhI50Y9F08Q,direction,direction,0,1,london:121,39.9023
london_query_-WyzcGh-_EYVhI50Y9F08Q,direction,none,1,18,london:121,36.1773
london_query_-WyzcGh-_EYVhI50Y9F08Q,direction,direction,1,11,london:121,39.8611
london_query_-WyzcGh-_EYVhI50Y9F08Q,direction,none,2,14,london:121,36.1773
london_query_-WyzcGh-_EYVhI50Y9F08Q,direction,direction,2,75,london:121,39.9122
london_query_-WyzcGh-_EYVhI50Y9F08Q,hardened,none,0,76,london:121,36.1773
london_query_-WyzcGh-_EYVhI50Y9F08Q,hardened,hardened,0,332,london:121,39.5241
london_query_-WyzcGh-_EYVhI50Y9F08Q,hardened,direction,0,160,london:121,39.5112
london_query_-WyzcGh-_EYVhI50Y9F08Q,hardened,none,1,16,london:121,36.1773
london_query_-WyzcGh-_EYVhI50Y9F08Q,hardened,hardened,1,69,london:121,39.4983
london_query_-WyzcGh-_EYVhI50Y9F08Q,hardened,direction,1,86,london:121,39.4817
london_query_-WyzcGh-_EYVhI50Y9F08Q,hardened,none,2,4,london:121,36.1773
london_query_-WyzcGh-_EYVhI50Y9F08Q,hardened,hardened,2,224,london:121,39.4851
london_query_-WyzcGh-_EYVhI50Y9F08Q,hardened,direction,2,188,london:121,39.4499
london_query_-XIh6yuegk86oURAbggPpw,clean,none,0,35,london:76,
london_query_-XIh6yuegk86oURAbggPpw,isotropic,none,0,24,london:76,36.1773
london_query_-XIh6yuegk86oURAbggPpw,isotropic,isotropic,0,36,london:76,40.8708
london_query_-XIh6yuegk86oURAbggPpw,isotropic,none,1,39,london:76,36.1773
london_query_-XIh6yuegk86oURAbggPpw,isotropic,isotropic,1,43,london:76,40.8709
london_query_-XIh6yuegk86oURAbggPpw,isotropic,none,2,70,london:76,36.1773
london_query_-XIh6yuegk86oURAbggPpw,isotropic,isotropic,2,67,london:76,40.8778
london_query_-XIh6yuegk86oURAbggPpw,direction,none,0,254,london:76,36.1773
london_query_-XIh6yuegk86oURAbggPpw,direction,direction,0,96,london:76,38.3321
london_query_-XIh6yuegk86oURAbggPpw,direction,none,1,35,london:76,36.1773
london_query_-XIh6yuegk86oURAbggPpw,direction,direction,1,33,london:76,38.3865
london_query_-XIh6yuegk86oURAbggPpw,direction,none,2,46,london:76,36.1773
london_query_-XIh6yuegk86oURAbggPpw,direction,direction,2,19,london:76,38.3675
london_query_-XIh6yuegk86oURAbggPpw,hardened,none,0,88,london:76,36.1773
london_query_-XIh6yuegk86oURAbggPpw,hardened,hardened,0,24,london:76,38.0192
london_query_-XIh6yuegk86oURAbggPpw,hardened,direction,0,34,london:76,38.0337
london_query_-XIh6yuegk86oURAbggPpw,hardened,none,1,134,london:76,36.1773
london_query_-XIh6yuegk86oURAbggPpw,hardened,hardened,1,42,london:76,38.0016
london_query_-XIh6yuegk86oURAbggPpw,hardened,direction,1,47,london:76,38.0337
london_query_-XIh6yuegk86oURAbggPpw,hardened,none,2,186,london:76,36.1773
london_query_-XIh6yuegk86oURAbggPpw,hardened,hardened,2,62,london:76,37.9659
london_query_-XIh6yuegk86oURAbggPpw,hardened,direction,2,85,london:76,37.9954
london_query_-XZRTRoj7LEefbZ7UDBzXg,clean,none,0,288,london:29,
london_query_-XZRTRoj7LEefbZ7UDBzXg,isotropic,none,0,158,london:29,36.1773
london_query_-XZRTRoj7LEefbZ7UDBzXg,isotropic,isotropic,0,648,london:29,42.3477
london_query_-XZRTRoj7LEefbZ7UDBzXg,isotropic,none,1,172,london:29,36.1773
london_query_-XZRTRoj7LEefbZ7UDBzXg,isotropic,isotropic,1,554,london:29,42.3237
london_query_-XZRTRoj7LEefbZ7UDBzXg,isotropic,none,2,239,london:29,36.1773
london_query_-XZRTRoj7LEefbZ7UDBzXg,isotropic,isotropic,2,638,london:29,42.3665
london_query_-XZRTRoj7LEefbZ7UDBzXg,direction,none,0,14,london:29,36.1773
london_query_-XZRTRoj7LEefbZ7UDBzXg,direction,direction,0,70,london:29,39.4649
london_query_-XZRTRoj7LEefbZ7UDBzXg,direction,none,1,119,london:29,36.1773
london_query_-XZRTRoj7LEefbZ7UDBzXg,direction,direction,1,302,london:29,39.4423
london_query_-XZRTRoj7LEefbZ7UDBzXg,direction,none,2,51,london:29,36.1773
london_query_-XZRTRoj7LEefbZ7UDBzXg,direction,direction,2,357,london:29,39.4191
london_query_-XZRTRoj7LEefbZ7UDBzXg,hardened,none,0,77,london:29,36.1773
london_query_-XZRTRoj7LEefbZ7UDBzXg,hardened,hardened,0,623,london:29,39.0277
london_query_-XZRTRoj7LEefbZ7UDBzXg,hardened,direction,0,744,london:29,38.9808
london_query_-XZRTRoj7LEefbZ7UDBzXg,hardened,none,1,40,london:29,36.1773
london_query_-XZRTRoj7LEefbZ7UDBzXg,hardened,hardened,1,327,london:29,39.0415
london_query_-XZRTRoj7LEefbZ7UDBzXg,hardened,direction,1,244,london:29,38.9920
london_query_-XZRTRoj7LEefbZ7UDBzXg,hardened,none,2,228,london:29,36.1773
london_query_-XZRTRoj7LEefbZ7UDBzXg,hardened,hardened,2,776,london:29,39.1185
london_query_-XZRTRoj7LEefbZ7UDBzXg,hardened,direction,2,676,london:29,39.0568
london_query_-b5BCVv9Qd6OhZGxpoqS5A,clean,none,0,1,london:84,
london_query_-b5BCVv9Qd6OhZGxpoqS5A,isotropic,none,0,1,london:84,36.1773
london_query_-b5BCVv9Qd6OhZGxpoqS5A,isotropic,isotropic,0,1,london:84,41.5861
london_query_-b5BCVv9Qd6OhZGxpoqS5A,isotropic,none,1,1,london:84,36.1773
london_query_-b5BCVv9Qd6OhZGxpoqS5A,isotropic,isotropic,1,1,london:84,41.5872
london_query_-b5BCVv9Qd6OhZGxpoqS5A,isotropic,none,2,1,london:84,36.1773
london_query_-b5BCVv9Qd6OhZGxpoqS5A,isotropic,isotropic,2,1,london:84,41.6293
london_query_-b5BCVv9Qd6OhZGxpoqS5A,direction,none,0,1,london:84,36.1773
london_query_-b5BCVv9Qd6OhZGxpoqS5A,direction,direction,0,1,london:84,38.9364
london_query_-b5BCVv9Qd6OhZGxpoqS5A,direction,none,1,1,london:84,36.1773
london_query_-b5BCVv9Qd6OhZGxpoqS5A,direction,direction,1,1,london:84,39.0034
london_query_-b5BCVv9Qd6OhZGxpoqS5A,direction,none,2,1,london:84,36.1773
london_query_-b5BCVv9Qd6OhZGxpoqS5A,direction,direction,2,1,london:84,38.8968
london_query_-b5BCVv9Qd6OhZGxpoqS5A,hardened,none,0,1,london:84,36.1773
london_query_-b5BCVv9Qd6OhZGxpoqS5A,hardened,hardened,0,1,london:84,38.6402
london_query_-b5BCVv9Qd6OhZGxpoqS5A,hardened,direction,0,1,london:84,38.6118
london_query_-b5BCVv9Qd6OhZGxpoqS5A,hardened,none,1,1,london:84,36.1773
london_query_-b5BCVv9Qd6OhZGxpoqS5A,hardened,hardened,1,1,london:84,38.6873
london_query_-b5BCVv9Qd6OhZGxpoqS5A,hardened,direction,1,1,london:84,38.6275
london_query_-b5BCVv9Qd6OhZGxpoqS5A,hardened,none,2,1,london:84,36.1773
london_query_-b5BCVv9Qd6OhZGxpoqS5A,hardened,hardened,2,1,london:84,38.6218
london_query_-b5BCVv9Qd6OhZGxpoqS5A,hardened,direction,2,1,london:84,38.5909
london_query_-c-T7aulp9a5g-J9zYbYiQ,clean,none,0,60,london:51,
london_query_-c-T7aulp9a5g-J9zYbYiQ,isotropic,none,0,397,london:51,36.1773
london_query_-c-T7aulp9a5g-J9zYbYiQ,isotropic,isotropic,0,126,london:51,42.7819
london_query_-c-T7aulp9a5g-J9zYbYiQ,isotropic,none,1,339,london:51,36.1773
london_query_-c-T7aulp9a5g-J9zYbYiQ,isotropic,isotropic,1,116,london:51,42.8488
london_query_-c-T7aulp9a5g-J9zYbYiQ,isotropic,none,2,142,london:51,36.1773
london_query_-c-T7aulp9a5g-J9zYbYiQ,isotropic,isotropic,2,158,london:51,42.8325
london_query_-c-T7aulp9a5g-J9zYbYiQ,direction,none,0,660,london:51,36.1773
london_query_-c-T7aulp9a5g-J9zYbYiQ,direction,direction,0,297,london:51,40.1594
london_query_-c-T7aulp9a5g-J9zYbYiQ,direction,none,1,400,london:51,36.1773
london_query_-c-T7aulp9a5g-J9zYbYiQ,direction,direction,1,482,london:51,40.1925
london_query_-c-T7aulp9a5g-J9zYbYiQ,direction,none,2,16,london:51,36.1773
london_query_-c-T7aulp9a5g-J9zYbYiQ,direction,direction,2,230,london:51,40.2027
london_query_-c-T7aulp9a5g-J9zYbYiQ,hardened,none,0,59,london:51,36.1773
london_query_-c-T7aulp9a5g-J9zYbYiQ,hardened,hardened,0,149,london:51,39.6665
london_query_-c-T7aulp9a5g-J9zYbYiQ,hardened,direction,0,90,london:51,39.7353
london_query_-c-T7aulp9a5g-J9zYbYiQ,hardened,none,1,208,london:51,36.1773
london_query_-c-T7aulp9a5g-J9zYbYiQ,hardened,hardened,1,130,london:51,39.6436
london_query_-c-T7aulp9a5g-J9zYbYiQ,hardened,direction,1,78,london:51,39.7138
london_query_-c-T7aulp9a5g-J9zYbYiQ,hardened,none,2,190,london:51,36.1773
london_query_-c-T7aulp9a5g-J9zYbYiQ,hardened,hardened,2,58,london:51,39.6907
london_query_-c-T7aulp9a5g-J9zYbYiQ,hardened,direction,2,188,london:51,39.7643
london_query_-cAVonhAOLeSK7tfil0ceg,clean,none,0,1,london:100,
london_query_-cAVonhAOLeSK7tfil0ceg,isotropic,none,0,1,london:100,36.1773
london_query_-cAVonhAOLeSK7tfil0ceg,isotropic,isotropic,0,1,london:100,42.7717
london_query_-cAVonhAOLeSK7tfil0ceg,isotropic,none,1,1,london:100,36.1773
london_query_-cAVonhAOLeSK7tfil0ceg,isotropic,isotropic,1,1,london:100,42.7662
london_query_-cAVonhAOLeSK7tfil0ceg,isotropic,none,2,1,london:100,36.1773
london_query_-cAVonhAOLeSK7tfil0ceg,isotropic,isotropic,2,1,london:100,42.7304
london_query_-cAVonhAOLeSK7tfil0ceg,direction,none,0,1,london:100,36.1773
london_query_-cAVonhAOLeSK7tfil0ceg,direction,direction,0,1,london:100,40.0833
london_query_-cAVonhAOLeSK7tfil0ceg,direction,none,1,1,london:100,36.1773
london_query_-cAVonhAOLeSK7tfil0ceg,direction,direction,1,1,london:100,39.9589
london_query_-cAVonhAOLeSK7tfil0ceg,direction,none,2,1,london:100,36.1773
london_query_-cAVonhAOLeSK7tfil0ceg,direction,direction,2,1,london:100,39.9738
london_query_-cAVonhAOLeSK7tfil0ceg,hardened,none,0,1,london:100,36.1773
london_query_-cAVonhAOLeSK7tfil0ceg,hardened,hardened,0,1,london:100,39.6099
london_query_-cAVonhAOLeSK7tfil0ceg,hardened,direction,0,1,london:100,39.4778
london_query_-cAVonhAOLeSK7tfil0ceg,hardened,none,1,1,london:100,36.1773
london_query_-cAVonhAOLeSK7tfil0ceg,hardened,hardened,1,1,london:100,39.6506
london_query_-cAVonhAOLeSK7tfil0ceg,hardened,direction,1,1,london:100,39.5266
london_query_-cAVonhAOLeSK7tfil0ceg,hardened,none,2,1,london:100,36.1773
london_query_-cAVonhAOLeSK7tfil0ceg,hardened,hardened,2,1,london:100,39.6870
london_query_-cAVonhAOLeSK7tfil0ceg,hardened,direction,2,1,london:100,39.5886
london_query_-dHWRapn57-l_kynPnun3Q,clean,none,0,1,london:21,
london_query_-dHWRapn57-l_kynPnun3Q,isotropic,none,0,1,london:21,36.1773
london_query_-dHWRapn57-l_kynPnun3Q,isotropic,isotropic,0,1,london:21,41.8746
london_query_-dHWRapn57-l_kynPnun3Q,isotropic,none,1,1,london:21,36.1773
london_query_-dHWRapn57-l_kynPnun3Q,isotropic,isotropic,1,1,london:21,41.8663
london_query_-dHWRapn57-l_kynPnun3Q,isotropic,none,2,1,london:21,36.1773
london_query_-dHWRapn57-l_kynPnun3Q,isotropic,isotropic,2,1,london:21,41.8730
london_query_-dHWRapn57-l_kynPnun3Q,direction,none,0,1,london:21,36.1773
london_query_-dHWRapn57-l_kynPnun3Q,direction,direction,0,1,london:21,39.1376
london_query_-dHWRapn57-l_kynPnun3Q,direction,none,1,1,london:21,36.1773
london_query_-dHWRapn57-l_kynPnun3Q,direction,direction,1,1,london:21,39.1895
london_query_-dHWRapn57-l_kynPnun3Q,direction,none,2,1,london:21,36.1773
london_query_-dHWRapn57-l_kynPnun3Q,direction,direction,2,1,london:21,39.0663
london_query_-dHWRapn57-l_kynPnun3Q,hardened,none,0,1,london:21,36.1773
london_query_-dHWRapn57-l_kynPnun3Q,hardened,hardened,0,1,london:21,38.9555
london_query_-dHWRapn57-l_kynPnun3Q,hardened,direction,0,1,london:21,38.9073
london_query_-dHWRapn57-l_kynPnun3Q,hardened,none,1,1,london:21,36.1773
london_query_-dHWRapn57-l_kynPnun3Q,hardened,hardened,1,1,london:21,39.0282
london_query_-dHWRapn57-l_kynPnun3Q,hardened,direction,1,1,london:21,38.9640
london_query_-dHWRapn57-l_kynPnun3Q,hardened,none,2,1,london:21,36.1773
london_query_-dHWRapn57-l_kynPnun3Q,hardened,hardened,2,1,london:21,38.9074
london_query_-dHWRapn57-l_kynPnun3Q,hardened,direction,2,1,london:21,38.8492
london_query_-dZ1k85FDVdFSbcG6_ECOA,clean,none,0,3,london:62,
london_query_-dZ1k85FDVdFSbcG6_ECOA,isotropic,none,0,170,london:62,36.1773
london_query_-dZ1k85FDVdFSbcG6_ECOA,isotropic,isotropic,0,4,london:62,42.5794
london_query_-dZ1k85FDVdFSbcG6_ECOA,isotropic,none,1,67,london:62,36.1773
london_query_-dZ1k85FDVdFSbcG6_ECOA,isotropic,isotropic,1,5,london:62,42.5766
london_query_-dZ1k85FDVdFSbcG6_ECOA,isotropic,none,2,35,london:62,36.1773
london_query_-dZ1k85FDVdFSbcG6_ECOA,isotropic,isotropic,2,2,london:62,42.5610
london_query_-dZ1k85FDVdFSbcG6_ECOA,direction,none,0,83,london:62,36.1773
london_query_-dZ1k85FDVdFSbcG6_ECOA,direction,direction,0,37,london:62,39.9088
london_query_-dZ1k85FDVdFSbcG6_ECOA,direction,none,1,15,london:62,36.1773
london_query_-dZ1k85FDVdFSbcG6_ECOA,direction,direction,1,3,london:62,39.8748
london_query_-dZ1k85FDVdFSbcG6_ECOA,direction,none,2,220,london:62,36.1773
london_query_-dZ1k85FDVdFSbcG6_ECOA,direction,direction,2,83,london:62,39.8855
london_query_-dZ1k85FDVdFSbcG6_ECOA,hardened,none,0,10,london:62,36.1773
london_query_-dZ1k85FDVdFSbcG6_ECOA,hardened,hardened,0,22,london:62,39.5508
london_query_-dZ1k85FDVdFSbcG6_ECOA,hardened,direction,0,46,london:62,39.5058
london_query_-dZ1k85FDVdFSbcG6_ECOA,hardened,none,1,13,london:62,36.1773
london_query_-dZ1k85FDVdFSbcG6_ECOA,hardened,hardened,1,30,london:62,39.4606
london_query_-dZ1k85FDVdFSbcG6_ECOA,hardened,direction,1,36,london:62,39.4361
london_query_-dZ1k85FDVdFSbcG6_ECOA,hardened,none,2,10,london:62,36.1773
london_query_-dZ1k85FDVdFSbcG6_ECOA,hardened,hardened,2,29,london:62,39.5351
london_query_-dZ1k85FDVdFSbcG6_ECOA,hardened,direction,2,75,london:62,39.4945
london_query_-dp5VWHVq4LzwLgq7y7yhw,clean,none,0,24,london:28,
london_query_-dp5VWHVq4LzwLgq7y7yhw,isotropic,none,0,20,london:28,36.1773
london_query_-dp5VWHVq4LzwLgq7y7yhw,isotropic,isotropic,0,19,london:28,41.7401
london_query_-dp5VWHVq4LzwLgq7y7yhw,isotropic,none,1,24,london:28,36.1773
london_query_-dp5VWHVq4LzwLgq7y7yhw,isotropic,isotropic,1,21,london:28,41.7745
london_query_-dp5VWHVq4LzwLgq7y7yhw,isotropic,none,2,24,london:28,36.1773
london_query_-dp5VWHVq4LzwLgq7y7yhw,isotropic,isotropic,2,25,london:28,41.7155
london_query_-dp5VWHVq4LzwLgq7y7yhw,direction,none,0,17,london:28,36.1773
london_query_-dp5VWHVq4LzwLgq7y7yhw,direction,direction,0,14,london:28,39.0732
london_query_-dp5VWHVq4LzwLgq7y7yhw,direction,none,1,14,london:28,36.1773
london_query_-dp5VWHVq4LzwLgq7y7yhw,direction,direction,1,13,london:28,39.1355
london_query_-dp5VWHVq4LzwLgq7y7yhw,direction,none,2,14,london:28,36.1773
london_query_-dp5VWHVq4LzwLgq7y7yhw,direction,direction,2,19,london:28,39.0826
london_query_-dp5VWHVq4LzwLgq7y7yhw,hardened,none,0,5,london:28,36.1773
london_query_-dp5VWHVq4LzwLgq7y7yhw,hardened,hardened,0,13,london:28,38.8799
london_query_-dp5VWHVq4LzwLgq7y7yhw,hardened,direction,0,18,london:28,38.7899
london_query_-dp5VWHVq4LzwLgq7y7yhw,hardened,none,1,4,london:28,36.1773
london_query_-dp5VWHVq4LzwLgq7y7yhw,hardened,hardened,1,8,london:28,38.8625
london_query_-dp5VWHVq4LzwLgq7y7yhw,hardened,direction,1,14,london:28,38.7420
london_query_-dp5VWHVq4LzwLgq7y7yhw,hardened,none,2,9,london:28,36.1773
london_query_-dp5VWHVq4LzwLgq7y7yhw,hardened,hardened,2,16,london:28,38.9008
london_query_-dp5VWHVq4LzwLgq7y7yhw,hardened,direction,2,19,london:28,38.8115
london_query_-izmF6OCR-aIZLVQbzDbLQ,clean,none,0,1,london:8,
london_query_-izmF6OCR-aIZLVQbzDbLQ,isotropic,none,0,1,london:8,36.1773
london_query_-izmF6OCR-aIZLVQbzDbLQ,isotropic,isotropic,0,1,london:8,41.3603
london_query_-izmF6OCR-aIZLVQbzDbLQ,isotropic,none,1,1,london:8,36.1773
london_query_-izmF6OCR-aIZLVQbzDbLQ,isotropic,isotropic,1,2,london:8,41.3430
london_query_-izmF6OCR-aIZLVQbzDbLQ,isotropic,none,2,1,london:8,36.1773
london_query_-izmF6OCR-aIZLVQbzDbLQ,isotropic,isotropic,2,1,london:8,41.3685
london_query_-izmF6OCR-aIZLVQbzDbLQ,direction,none,0,1,london:8,36.1773
london_query_-izmF6OCR-aIZLVQbzDbLQ,direction,direction,0,1,london:8,38.4457
london_query_-izmF6OCR-aIZLVQbzDbLQ,direction,none,1,1,london:8,36.1773
london_query_-izmF6OCR-aIZLVQbzDbLQ,direction,direction,1,1,london:8,38.4004
london_query_-izmF6OCR-aIZLVQbzDbLQ,direction,none,2,1,london:8,36.1773
london_query_-izmF6OCR-aIZLVQbzDbLQ,direction,direction,2,1,london:8,38.4605
london_query_-izmF6OCR-aIZLVQbzDbLQ,hardened,none,0,1,london:8,36.1773
london_query_-izmF6OCR-aIZLVQbzDbLQ,hardened,hardened,0,2,london:8,38.1307
london_query_-izmF6OCR-aIZLVQbzDbLQ,hardened,direction,0,1,london:8,38.1940
london_query_-izmF6OCR-aIZLVQbzDbLQ,hardened,none,1,1,london:8,36.1773
london_query_-izmF6OCR-aIZLVQbzDbLQ,hardened,hardened,1,4,london:8,38.1301
london_query_-izmF6OCR-aIZLVQbzDbLQ,hardened,direction,1,2,london:8,38.1828
london_query_-izmF6OCR-aIZLVQbzDbLQ,hardened,none,2,1,london:8,36.1773
london_query_-izmF6OCR-aIZLVQbzDbLQ,hardened,hardened,2,1,london:8,38.1458
london_query_-izmF6OCR-aIZLVQbzDbLQ,hardened,direction,2,1,london:8,38.1869
london_query_-kd8SHN5N5wLOpzEu10rfQ,clean,none,0,64,london:36,
london_query_-kd8SHN5N5wLOpzEu10rfQ,isotropic,none,0,562,london:36,36.1773
london_query_-kd8SHN5N5wLOpzEu10rfQ,isotropic,isotropic,0,28,london:36,41.7669
london_query_-kd8SHN5N5wLOpzEu10rfQ,isotropic,none,1,170,london:36,36.1773
london_query_-kd8SHN5N5wLOpzEu10rfQ,isotropic,isotropic,1,18,london:36,41.7249
london_query_-kd8SHN5N5wLOpzEu10rfQ,isotropic,none,2,517,london:36,36.1773
london_query_-kd8SHN5N5wLOpzEu10rfQ,isotropic,isotropic,2,48,london:36,41.7663
london_query_-kd8SHN5N5wLOpzEu10rfQ,direction,none,0,94,london:36,36.1773
london_query_-kd8SHN5N5wLOpzEu10rfQ,direction,direction,0,70,london:36,39.1814
london_query_-kd8SHN5N5wLOpzEu10rfQ,direction,none,1,426,london:36,36.1773
london_query_-kd8SHN5N5wLOpzEu10rfQ,direction,direction,1,76,london:36,39.0806
london_query_-kd8SHN5N5wLOpzEu10rfQ,direction,none,2,106,london:36,36.1773
london_query_-kd8SHN5N5wLOpzEu10rfQ,direction,direction,2,30,london:36,39.1403
london_query_-kd8SHN5N5wLOpzEu10rfQ,hardened,none,0,35,london:36,36.1773
london_query_-kd8SHN5N5wLOpzEu10rfQ,hardened,hardened,0,76,london:36,38.8432
london_query_-kd8SHN5N5wLOpzEu10rfQ,hardened,direction,0,115,london:36,38.9113
london_query_-kd8SHN5N5wLOpzEu10rfQ,hardened,none,1,157,london:36,36.1773
london_query_-kd8SHN5N5wLOpzEu10rfQ,hardened,hardened,1,86,london:36,38.7732
london_query_-kd8SHN5N5wLOpzEu10rfQ,hardened,direction,1,204,london:36,38.8318
london_query_-kd8SHN5N5wLOpzEu10rfQ,hardened,none,2,13,london:36,36.1773
london_query_-kd8SHN5N5wLOpzEu10rfQ,hardened,hardened,2,5,london:36,38.8884
london_query_-kd8SHN5N5wLOpzEu10rfQ,hardened,direction,2,44,london:36,38.9744
london_query_-qvarKx0xtSTs0tnxDE0oQ,clean,none,0,3,london:18,
london_query_-qvarKx0xtSTs0tnxDE0oQ,isotropic,none,0,3,london:18,36.1773
london_query_-qvarKx0xtSTs0tnxDE0oQ,isotropic,isotropic,0,3,london:18,40.9712
london_query_-qvarKx0xtSTs0tnxDE0oQ,isotropic,none,1,3,london:18,36.1773
london_query_-qvarKx0xtSTs0tnxDE0oQ,isotropic,isotropic,1,3,london:18,40.9617
london_query_-qvarKx0xtSTs0tnxDE0oQ,isotropic,none,2,3,london:18,36.1773
london_query_-qvarKx0xtSTs0tnxDE0oQ,isotropic,isotropic,2,3,london:18,40.9595
london_query_-qvarKx0xtSTs0tnxDE0oQ,direction,none,0,3,london:18,36.1773
london_query_-qvarKx0xtSTs0tnxDE0oQ,direction,direction,0,2,london:18,38.2913
london_query_-qvarKx0xtSTs0tnxDE0oQ,direction,none,1,3,london:18,36.1773
london_query_-qvarKx0xtSTs0tnxDE0oQ,direction,direction,1,2,london:18,38.2809
london_query_-qvarKx0xtSTs0tnxDE0oQ,direction,none,2,3,london:18,36.1773
london_query_-qvarKx0xtSTs0tnxDE0oQ,direction,direction,2,3,london:18,38.2183
london_query_-qvarKx0xtSTs0tnxDE0oQ,hardened,none,0,3,london:18,36.1773
london_query_-qvarKx0xtSTs0tnxDE0oQ,hardened,hardened,0,1,london:18,37.9303
london_query_-qvarKx0xtSTs0tnxDE0oQ,hardened,direction,0,2,london:18,37.8971
london_query_-qvarKx0xtSTs0tnxDE0oQ,hardened,none,1,3,london:18,36.1773
london_query_-qvarKx0xtSTs0tnxDE0oQ,hardened,hardened,1,2,london:18,37.9776
london_query_-qvarKx0xtSTs0tnxDE0oQ,hardened,direction,1,1,london:18,37.9282
london_query_-qvarKx0xtSTs0tnxDE0oQ,hardened,none,2,4,london:18,36.1773
london_query_-qvarKx0xtSTs0tnxDE0oQ,hardened,hardened,2,1,london:18,37.8920
london_query_-qvarKx0xtSTs0tnxDE0oQ,hardened,direction,2,1,london:18,37.8335
london_query_-rtMM_qyd5EBLnADEBIUTA,clean,none,0,1,london:21,
london_query_-rtMM_qyd5EBLnADEBIUTA,isotropic,none,0,1,london:21,36.1773
london_query_-rtMM_qyd5EBLnADEBIUTA,isotropic,isotropic,0,1,london:21,41.0115
london_query_-rtMM_qyd5EBLnADEBIUTA,isotropic,none,1,1,london:21,36.1773
london_query_-rtMM_qyd5EBLnADEBIUTA,isotropic,isotropic,1,1,london:21,41.0084
london_query_-rtMM_qyd5EBLnADEBIUTA,isotropic,none,2,1,london:21,36.1773
london_query_-rtMM_qyd5EBLnADEBIUTA,isotropic,isotropic,2,1,london:21,41.0326
london_query_-rtMM_qyd5EBLnADEBIUTA,direction,none,0,1,london:21,36.1773
london_query_-rtMM_qyd5EBLnADEBIUTA,direction,direction,0,1,london:21,38.3316
london_query_-rtMM_qyd5EBLnADEBIUTA,direction,none,1,1,london:21,36.1773
london_query_-rtMM_qyd5EBLnADEBIUTA,direction,direction,1,1,london:21,38.4384
london_query_-rtMM_qyd5EBLnADEBIUTA,direction,none,2,1,london:21,36.1773
london_query_-rtMM_qyd5EBLnADEBIUTA,direction,direction,2,1,london:21,38.3772
london_query_-rtMM_qyd5EBLnADEBIUTA,hardened,none,0,1,london:21,36.1773
london_query_-rtMM_qyd5EBLnADEBIUTA,hardened,hardened,0,1,london:21,38.0832
london_query_-rtMM_qyd5EBLnADEBIUTA,hardened,direction,0,1,london:21,38.0917
london_query_-rtMM_qyd5EBLnADEBIUTA,hardened,none,1,1,london:21,36.1773
london_query_-rtMM_qyd5EBLnADEBIUTA,hardened,hardened,1,1,london:21,38.0748
london_query_-rtMM_qyd5EBLnADEBIUTA,hardened,direction,1,1,london:21,38.0933
london_query_-rtMM_qyd5EBLnADEBIUTA,hardened,none,2,1,london:21,36.1773
london_query_-rtMM_qyd5EBLnADEBIUTA,hardened,hardened,2,1,london:21,38.0424
london_query_-rtMM_qyd5EBLnADEBIUTA,hardened,direction,2,1,london:21,38.0491
london_query_-u8BrzndSdD1lHKeeOwN1A,clean,none,0,277,london:121,
london_query_-u8BrzndSdD1lHKeeOwN1A,isotropic,none,0,84,london:121,36.1773
london_query_-u8BrzndSdD1lHKeeOwN1A,isotropic,isotropic,0,118,london:121,41.8116
london_query_-u8BrzndSdD1lHKeeOwN1A,isotropic,none,1,73,london:121,36.1773
london_query_-u8BrzndSdD1lHKeeOwN1A,isotropic,isotropic,1,242,london:121,41.7990
london_query_-u8BrzndSdD1lHKeeOwN1A,isotropic,none,2,151,london:121,36.1773
london_query_-u8BrzndSdD1lHKeeOwN1A,isotropic,isotropic,2,315,london:121,41.7740
london_query_-u8BrzndSdD1lHKeeOwN1A,direction,none,0,46,london:121,36.1773
london_query_-u8BrzndSdD1lHKeeOwN1A,direction,direction,0,223,london:121,38.7514
london_query_-u8BrzndSdD1lHKeeOwN1A,direction,none,1,255,london:121,36.1773
london_query_-u8BrzndSdD1lHKeeOwN1A,direction,direction,1,659,london:121,38.7613
london_query_-u8BrzndSdD1lHKeeOwN1A,direction,none,2,379,london:121,36.1773
london_query_-u8BrzndSdD1lHKeeOwN1A,direction,direction,2,522,london:121,38.7748
london_query_-u8BrzndSdD1lHKeeOwN1A,hardened,none,0,21,london:121,36.1773
london_query_-u8BrzndSdD1lHKeeOwN1A,hardened,hardened,0,88,london:121,38.5239
london_query_-u8BrzndSdD1lHKeeOwN1A,hardened,direction,0,301,london:121,38.4900
london_query_-u8BrzndSdD1lHKeeOwN1A,hardened,none,1,47,london:121,36.1773
london_query_-u8BrzndSdD1lHKeeOwN1A,hardened,hardened,1,105,london:121,38.5395
london_query_-u8BrzndSdD1lHKeeOwN1A,hardened,direction,1,129,london:121,38.4807
london_query_-u8BrzndSdD1lHKeeOwN1A,hardened,none,2,24,london:121,36.1773
london_query_-u8BrzndSdD1lHKeeOwN1A,hardened,hardened,2,47,london:121,38.4894
london_query_-u8BrzndSdD1lHKeeOwN1A,hardened,direction,2,127,london:121,38.4397
london_query_-vkja3p0MzaoZlQOooT-YQ,clean,none,0,113,london:121,
london_query_-vkja3p0MzaoZlQOooT-YQ,isotropic,none,0,127,london:121,36.1773
london_query_-vkja3p0MzaoZlQOooT-YQ,isotropic,isotropic,0,99,london:121,42.0687
london_query_-vkja3p0MzaoZlQOooT-YQ,isotropic,none,1,180,london:121,36.1773
london_query_-vkja3p0MzaoZlQOooT-YQ,isotropic,isotropic,1,147,london:121,42.0889
london_query_-vkja3p0MzaoZlQOooT-YQ,isotropic,none,2,121,london:121,36.1773
london_query_-vkja3p0MzaoZlQOooT-YQ,isotropic,isotropic,2,115,london:121,42.0600
london_query_-vkja3p0MzaoZlQOooT-YQ,direction,none,0,95,london:121,36.1773
london_query_-vkja3p0MzaoZlQOooT-YQ,direction,direction,0,204,london:121,39.1100
london_query_-vkja3p0MzaoZlQOooT-YQ,direction,none,1,5,london:121,36.1773
london_query_-vkja3p0MzaoZlQOooT-YQ,direction,direction,1,41,london:121,39.0940
london_query_-vkja3p0MzaoZlQOooT-YQ,direction,none,2,300,london:121,36.1773
london_query_-vkja3p0MzaoZlQOooT-YQ,direction,direction,2,50,london:121,39.1080
london_query_-vkja3p0MzaoZlQOooT-YQ,hardened,none,0,8,london:121,36.1773
london_query_-vkja3p0MzaoZlQOooT-YQ,hardened,hardened,0,76,london:121,38.6762
london_query_-vkja3p0MzaoZlQOooT-YQ,hardened,direction,0,37,london:121,38.7050
london_query_-vkja3p0MzaoZlQOooT-YQ,hardened,none,1,21,london:121,36.1773
london_query_-vkja3p0MzaoZlQOooT-YQ,hardened,hardened,1,113,london:121,38.6252
london_query_-vkja3p0MzaoZlQOooT-YQ,hardened,direction,1,73,london:121,38.6679
london_query_-vkja3p0MzaoZlQOooT-YQ,hardened,none,2,8,london:121,36.1773
london_query_-vkja3p0MzaoZlQOooT-YQ,hardened,hardened,2,21,london:121,38.6849
london_query_-vkja3p0MzaoZlQOooT-YQ,hardened,direction,2,16,london:121,38.7283
london_query_-wX-mY4F2ewX9tlr1_JTbw,clean,none,0,202,london:68,
london_query_-wX-mY4F2ewX9tlr1_JTbw,isotropic,none,0,21,london:68,36.1773
london_query_-wX-mY4F2ewX9tlr1_JTbw,isotropic,isotropic,0,83,london:68,41.7451
london_query_-wX-mY4F2ewX9tlr1_JTbw,isotropic,none,1,44,london:68,36.1773
london_query_-wX-mY4F2ewX9tlr1_JTbw,isotropic,isotropic,1,109,london:68,41.7536
london_query_-wX-mY4F2ewX9tlr1_JTbw,isotropic,none,2,16,london:68,36.1773
london_query_-wX-mY4F2ewX9tlr1_JTbw,isotropic,isotropic,2,91,london:68,41.7568
london_query_-wX-mY4F2ewX9tlr1_JTbw,direction,none,0,14,london:68,36.1773
london_query_-wX-mY4F2ewX9tlr1_JTbw,direction,direction,0,62,london:68,39.0851
london_query_-wX-mY4F2ewX9tlr1_JTbw,direction,none,1,48,london:68,36.1773
london_query_-wX-mY4F2ewX9tlr1_JTbw,direction,direction,1,85,london:68,39.0576
london_query_-wX-mY4F2ewX9tlr1_JTbw,direction,none,2,12,london:68,36.1773
london_query_-wX-mY4F2ewX9tlr1_JTbw,direction,direction,2,83,london:68,39.1040
london_query_-wX-mY4F2ewX9tlr1_JTbw,hardened,none,0,22,london:68,36.1773
london_query_-wX-mY4F2ewX9tlr1_JTbw,hardened,hardened,0,21,london:68,38.7601
london_query_-wX-mY4F2ewX9tlr1_JTbw,hardened,direction,0,33,london:68,38.7204
london_query_-wX-mY4F2ewX9tlr1_JTbw,hardened,none,1,9,london:68,36.1773
london_query_-wX-mY4F2ewX9tlr1_JTbw,hardened,hardened,1,35,london:68,38.7723
london_query_-wX-mY4F2ewX9tlr1_JTbw,hardened,direction,1,46,london:68,38.7464
london_query_-wX-mY4F2ewX9tlr1_JTbw,hardened,none,2,23,london:68,36.1773
london_query_-wX-mY4F2ewX9tlr1_JTbw,hardened,hardened,2,28,london:68,38.7223
london_query_-wX-mY4F2ewX9tlr1_JTbw,hardened,direction,2,40,london:68,38.6742
london_query_02vfV_A3zc1S9Akd07xuEA,clean,none,0,1,london:33,
london_query_02vfV_A3zc1S9Akd07xuEA,isotropic,none,0,7,london:33,36.1773
london_query_02vfV_A3zc1S9Akd07xuEA,isotropic,isotropic,0,1,london:33,40.5909
london_query_02vfV_A3zc1S9Akd07xuEA,isotropic,none,1,6,london:33,36.1773
london_query_02vfV_A3zc1S9Akd07xuEA,isotropic,isotropic,1,3,london:33,40.6005
london_query_02vfV_A3zc1S9Akd07xuEA,isotropic,none,2,8,london:33,36.1773
london_query_02vfV_A3zc1S9Akd07xuEA,isotropic,isotropic,2,1,london:33,40.5985
london_query_02vfV_A3zc1S9Akd07xuEA,direction,none,0,8,london:33,36.1773
london_query_02vfV_A3zc1S9Akd07xuEA,direction,direction,0,4,london:33,38.2699
london_query_02vfV_A3zc1S9Akd07xuEA,direction,none,1,6,london:33,36.1773
london_query_02vfV_A3zc1S9Akd07xuEA,direction,direction,1,3,london:33,38.2537
london_query_02vfV_A3zc1S9Akd07xuEA,direction,none,2,14,london:33,36.1773
london_query_02vfV_A3zc1S9Akd07xuEA,direction,direction,2,1,london:33,38.2973
london_query_02vfV_A3zc1S9Akd07xuEA,hardened,none,0,1,london:33,36.1773
london_query_02vfV_A3zc1S9Akd07xuEA,hardened,hardened,0,1,london:33,37.9733
london_query_02vfV_A3zc1S9Akd07xuEA,hardened,direction,0,1,london:33,37.9832
london_query_02vfV_A3zc1S9Akd07xuEA,hardened,none,1,1,london:33,36.1773
london_query_02vfV_A3zc1S9Akd07xuEA,hardened,hardened,1,1,london:33,38.0029
london_query_02vfV_A3zc1S9Akd07xuEA,hardened,direction,1,1,london:33,37.9998
london_query_02vfV_A3zc1S9Akd07xuEA,hardened,none,2,1,london:33,36.1773
london_query_02vfV_A3zc1S9Akd07xuEA,hardened,hardened,2,1,london:33,38.0083
london_query_02vfV_A3zc1S9Akd07xuEA,hardened,direction,2,1,london:33,38.0001
london_query_039iugtZTFguj-7UQyc-wg,clean,none,0,1,london:71,
london_query_039iugtZTFguj-7UQyc-wg,isotropic,none,0,1,london:71,36.1773
london_query_039iugtZTFguj-7UQyc-wg,isotropic,isotropic,0,1,london:71,42.7653
london_query_039iugtZTFguj-7UQyc-wg,isotropic,none,1,1,london:71,36.1773
london_query_039iugtZTFguj-7UQyc-wg,isotropic,isotropic,1,3,london:71,42.7748
london_query_039iugtZTFguj-7UQyc-wg,isotropic,none,2,1,london:71,36.1773
london_query_039iugtZTFguj-7UQyc-wg,isotropic,isotropic,2,1,london:71,42.8003
london_query_039iugtZTFguj-7UQyc-wg,direction,none,0,161,london:71,36.1773
london_query_039iugtZTFguj-7UQyc-wg,direction,direction,0,83,london:71,40.5005
london_query_039iugtZTFguj-7UQyc-wg,direction,none,1,120,london:71,36.1773
london_query_039iugtZTFguj-7UQyc-wg,direction,direction,1,6,london:71,40.4671
london_query_039iugtZTFguj-7UQyc-wg,direction,none,2,21,london:71,36.1773
london_query_039iugtZTFguj-7UQyc-wg,direction,direction,2,4,london:71,40.4372
london_query_039iugtZTFguj-7UQyc-wg,hardened,none,0,47,london:71,36.1773
london_query_039iugtZTFguj-7UQyc-wg,hardened,hardened,0,14,london:71,40.0819
london_query_039iugtZTFguj-7UQyc-wg,hardened,direction,0,50,london:71,40.0330
london_query_039iugtZTFguj-7UQyc-wg,hardened,none,1,14,london:71,36.1773
london_query_039iugtZTFguj-7UQyc-wg,hardened,hardened,1,7,london:71,40.0849
london_query_039iugtZTFguj-7UQyc-wg,hardened,direction,1,3,london:71,40.0249
london_query_039iugtZTFguj-7UQyc-wg,hardened,none,2,23,london:71,36.1773
london_query_039iugtZTFguj-7UQyc-wg,hardened,hardened,2,27,london:71,39.9440
london_query_039iugtZTFguj-7UQyc-wg,hardened,direction,2,19,london:71,39.8767
london_query_03BhnvDRczArNBQm0Qu0tQ,clean,none,0,1,london:122,
london_query_03BhnvDRczArNBQm0Qu0tQ,isotropic,none,0,1,london:122,36.1773
london_query_03BhnvDRczArNBQm0Qu0tQ,isotropic,isotropic,0,1,london:122,43.0098
london_query_03BhnvDRczArNBQm0Qu0tQ,isotropic,none,1,1,london:122,36.1773
london_query_03BhnvDRczArNBQm0Qu0tQ,isotropic,isotropic,1,1,london:122,43.0039
london_query_03BhnvDRczArNBQm0Qu0tQ,isotropic,none,2,1,london:122,36.1773
london_query_03BhnvDRczArNBQm0Qu0tQ,isotropic,isotropic,2,1,london:122,42.9806
london_query_03BhnvDRczArNBQm0Qu0tQ,direction,none,0,3,london:122,36.1773
london_query_03BhnvDRczArNBQm0Qu0tQ,direction,direction,0,1,london:122,40.0952
london_query_03BhnvDRczArNBQm0Qu0tQ,direction,none,1,1,london:122,36.1773
london_query_03BhnvDRczArNBQm0Qu0tQ,direction,direction,1,1,london:122,40.1652
london_query_03BhnvDRczArNBQm0Qu0tQ,direction,none,2,1,london:122,36.1773
london_query_03BhnvDRczArNBQm0Qu0tQ,direction,direction,2,1,london:122,40.1278
london_query_03BhnvDRczArNBQm0Qu0tQ,hardened,none,0,4,london:122,36.1773
london_query_03BhnvDRczArNBQm0Qu0tQ,hardened,hardened,0,1,london:122,39.7098
london_query_03BhnvDRczArNBQm0Qu0tQ,hardened,direction,0,1,london:122,39.6681
london_query_03BhnvDRczArNBQm0Qu0tQ,hardened,none,1,7,london:122,36.1773
london_query_03BhnvDRczArNBQm0Qu0tQ,hardened,hardened,1,1,london:122,39.6426
london_query_03BhnvDRczArNBQm0Qu0tQ,hardened,direction,1,1,london:122,39.6123
london_query_03BhnvDRczArNBQm0Qu0tQ,hardened,none,2,2,london:122,36.1773
london_query_03BhnvDRczArNBQm0Qu0tQ,hardened,hardened,2,1,london:122,39.6938
london_query_03BhnvDRczArNBQm0Qu0tQ,hardened,direction,2,1,london:122,39.6290
london_query_03VxrSUHoB-y1D50kXwi8g,clean,none,0,1,london:131,
london_query_03VxrSUHoB-y1D50kXwi8g,isotropic,none,0,1,london:131,36.1773
london_query_03VxrSUHoB-y1D50kXwi8g,isotropic,isotropic,0,1,london:131,42.3784
london_query_03VxrSUHoB-y1D50kXwi8g,isotropic,none,1,1,london:131,36.1773
london_query_03VxrSUHoB-y1D50kXwi8g,isotropic,isotropic,1,1,london:131,42.4140
london_query_03VxrSUHoB-y1D50kXwi8g,isotropic,none,2,1,london:131,36.1773
london_query_03VxrSUHoB-y1D50kXwi8g,isotropic,isotropic,2,1,london:131,42.3606
london_query_03VxrSUHoB-y1D50kXwi8g,direction,none,0,1,london:131,36.1773
london_query_03VxrSUHoB-y1D50kXwi8g,direction,direction,0,1,london:131,39.5760
london_query_03VxrSUHoB-y1D50kXwi8g,direction,none,1,1,london:131,36.1773
london_query_03VxrSUHoB-y1D50kXwi8g,direction,direction,1,1,london:131,39.6076
london_query_03VxrSUHoB-y1D50kXwi8g,direction,none,2,2,london:131,36.1773
london_query_03VxrSUHoB-y1D50kXwi8g,direction,direction,2,1,london:131,39.5610
london_query_03VxrSUHoB-y1D50kXwi8g,hardened,none,0,1,london:131,36.1773
london_query_03VxrSUHoB-y1D50kXwi8g,hardened,hardened,0,1,london:131,39.0302
london_query_03VxrSUHoB-y1D50kXwi8g,hardened,direction,0,1,london:131,39.1686
london_query_03VxrSUHoB-y1D50kXwi8g,hardened,none,1,1,london:131,36.1773
london_query_03VxrSUHoB-y1D50kXwi8g,hardened,hardened,1,1,london:131,39.1357
london_query_03VxrSUHoB-y1D50kXwi8g,hardened,direction,1,1,london:131,39.2140
london_query_03VxrSUHoB-y1D50kXwi8g,hardened,none,2,1,london:131,36.1773
london_query_03VxrSUHoB-y1D50kXwi8g,hardened,hardened,2,1,london:131,39.2377
london_query_03VxrSUHoB-y1D50kXwi8g,hardened,direction,2,1,london:131,39.3437
london_query_06tRsqVA7nx5PgabbPdu4w,clean,none,0,18,london:119,
london_query_06tRsqVA7nx5PgabbPdu4w,isotropic,none,0,18,london:119,36.1773
london_query_06tRsqVA7nx5PgabbPdu4w,isotropic,isotropic,0,19,london:119,41.0994
london_query_06tRsqVA7nx5PgabbPdu4w,isotropic,none,1,12,london:119,36.1773
london_query_06tRsqVA7nx5PgabbPdu4w,isotropic,isotropic,1,30,london:119,41.0911
london_query_06tRsqVA7nx5PgabbPdu4w,isotropic,none,2,7,london:119,36.1773
london_query_06tRsqVA7nx5PgabbPdu4w,isotropic,isotropic,2,33,london:119,41.0801
london_query_06tRsqVA7nx5PgabbPdu4w,direction,none,0,10,london:119,36.1773
london_query_06tRsqVA7nx5PgabbPdu4w,direction,direction,0,11,london:119,38.4085
london_query_06tRsqVA7nx5PgabbPdu4w,direction,none,1,28,london:119,36.1773
london_query_06tRsqVA7nx5PgabbPdu4w,direction,direction,1,20,london:119,38.2737
london_query_06tRsqVA7nx5PgabbPdu4w,direction,none,2,9,london:119,36.1773
london_query_06tRsqVA7nx5PgabbPdu4w,direction,direction,2,18,london:119,38.3502
london_query_06tRsqVA7nx5PgabbPdu4w,hardened,none,0,10,london:119,36.1773
london_query_06tRsqVA7nx5PgabbPdu4w,hardened,hardened,0,5,london:119,38.2150
london_query_06tRsqVA7nx5PgabbPdu4w,hardened,direction,0,8,london:119,38.1366
london_query_06tRsqVA7nx5PgabbPdu4w,hardened,none,1,14,london:119,36.1773
london_query_06tRsqVA7nx5PgabbPdu4w,hardened,hardened,1,10,london:119,38.2484
london_query_06tRsqVA7nx5PgabbPdu4w,hardened,direction,1,16,london:119,38.1683
london_query_06tRsqVA7nx5PgabbPdu4w,hardened,none,2,6,london:119,36.1773
london_query_06tRsqVA7nx5PgabbPdu4w,hardened,hardened,2,8,london:119,38.1944
london_query_06tRsqVA7nx5PgabbPdu4w,hardened,direction,2,12,london:119,38.1254
london_query_07Mt7j9hZm17z2pXB3QAXA,clean,none,0,1,london:122,
london_query_07Mt7j9hZm17z2pXB3QAXA,isotropic,none,0,1,london:122,36.1773
london_query_07Mt7j9hZm17z2pXB3QAXA,isotropic,isotropic,0,1,london:122,42.7825
london_query_07Mt7j9hZm17z2pXB3QAXA,isotropic,none,1,1,london:122,36.1773
london_query_07Mt7j9hZm17z2pXB3QAXA,isotropic,isotropic,1,1,london:122,42.8003
london_query_07Mt7j9hZm17z2pXB3QAXA,isotropic,none,2,1,london:122,36.1773
london_query_07Mt7j9hZm17z2pXB3QAXA,isotropic,isotropic,2,1,london:122,42.7972
london_query_07Mt7j9hZm17z2pXB3QAXA,direction,none,0,6,london:122,36.1773
london_query_07Mt7j9hZm17z2pXB3QAXA,direction,direction,0,1,london:122,40.0082
london_query_07Mt7j9hZm17z2pXB3QAXA,direction,none,1,10,london:122,36.1773
london_query_07Mt7j9hZm17z2pXB3QAXA,direction,direction,1,2,london:122,39.9809
london_query_07Mt7j9hZm17z2pXB3QAXA,direction,none,2,23,london:122,36.1773
london_query_07Mt7j9hZm17z2pXB3QAXA,direction,direction,2,2,london:122,39.9835
london_query_07Mt7j9hZm17z2pXB3QAXA,hardened,none,0,3,london:122,36.1773
london_query_07Mt7j9hZm17z2pXB3QAXA,hardened,hardened,0,1,london:122,39.4917
london_query_07Mt7j9hZm17z2pXB3QAXA,hardened,direction,0,1,london:122,39.4625
london_query_07Mt7j9hZm17z2pXB3QAXA,hardened,none,1,6,london:122,36.1773
london_query_07Mt7j9hZm17z2pXB3QAXA,hardened,hardened,1,1,london:122,39.5085
london_query_07Mt7j9hZm17z2pXB3QAXA,hardened,direction,1,2,london:122,39.4388
london_query_07Mt7j9hZm17z2pXB3QAXA,hardened,none,2,9,london:122,36.1773
london_query_07Mt7j9hZm17z2pXB3QAXA,hardened,hardened,2,1,london:122,39.5394
london_query_07Mt7j9hZm17z2pXB3QAXA,hardened,direction,2,1,london:122,39.5108
london_query_07oSFXlZ9SfPsHwsEZQFtA,clean,none,0,38,london:76,
london_query_07oSFXlZ9SfPsHwsEZQFtA,isotropic,none,0,38,london:76,36.1773
london_query_07oSFXlZ9SfPsHwsEZQFtA,isotropic,isotropic,0,86,london:76,41.3884
london_query_07oSFXlZ9SfPsHwsEZQFtA,isotropic,none,1,26,london:76,36.1773
london_query_07oSFXlZ9SfPsHwsEZQFtA,isotropic,isotropic,1,17,london:76,41.3696
london_query_07oSFXlZ9SfPsHwsEZQFtA,isotropic,none,2,72,london:76,36.1773
london_query_07oSFXlZ9SfPsHwsEZQFtA,isotropic,isotropic,2,54,london:76,41.3931
london_query_07oSFXlZ9SfPsHwsEZQFtA,direction,none,0,52,london:76,36.1773
london_query_07oSFXlZ9SfPsHwsEZQFtA,direction,direction,0,35,london:76,38.6374
london_query_07oSFXlZ9SfPsHwsEZQFtA,direction,none,1,38,london:76,36.1773
london_query_07oSFXlZ9SfPsHwsEZQFtA,direction,direction,1,41,london:76,38.5724
london_query_07oSFXlZ9SfPsHwsEZQFtA,direction,none,2,57,london:76,36.1773
london_query_07oSFXlZ9SfPsHwsEZQFtA,direction,direction,2,5,london:76,38.6252
london_query_07oSFXlZ9SfPsHwsEZQFtA,hardened,none,0,5,london:76,36.1773
london_query_07oSFXlZ9SfPsHwsEZQFtA,hardened,hardened,0,19,london:76,38.2840
london_query_07oSFXlZ9SfPsHwsEZQFtA,hardened,direction,0,12,london:76,38.3482
london_query_07oSFXlZ9SfPsHwsEZQFtA,hardened,none,1,19,london:76,36.1773
london_query_07oSFXlZ9SfPsHwsEZQFtA,hardened,hardened,1,18,london:76,38.2839
london_query_07oSFXlZ9SfPsHwsEZQFtA,hardened,direction,1,13,london:76,38.3369
london_query_07oSFXlZ9SfPsHwsEZQFtA,hardened,none,2,37,london:76,36.1773
london_query_07oSFXlZ9SfPsHwsEZQFtA,hardened,hardened,2,37,london:76,38.3334
london_query_07oSFXlZ9SfPsHwsEZQFtA,hardened,direction,2,38,london:76,38.3919
london_query_08wp6QepyximP9UuP-ijLg,clean,none,0,1,london:78,
london_query_08wp6QepyximP9UuP-ijLg,isotropic,none,0,1,london:78,36.1773
london_query_08wp6QepyximP9UuP-ijLg,isotropic,isotropic,0,1,london:78,42.5657
london_query_08wp6QepyximP9UuP-ijLg,isotropic,none,1,1,london:78,36.1773
london_query_08wp6QepyximP9UuP-ijLg,isotropic,isotropic,1,1,london:78,42.5954
london_query_08wp6QepyximP9UuP-ijLg,isotropic,none,2,1,london:78,36.1773
london_query_08wp6QepyximP9UuP-ijLg,isotropic,isotropic,2,1,london:78,42.5850
london_query_08wp6QepyximP9UuP-ijLg,direction,none,0,1,london:78,36.1773
london_query_08wp6QepyximP9UuP-ijLg,direction,direction,0,1,london:78,39.6234
london_query_08wp6QepyximP9UuP-ijLg,direction,none,1,2,london:78,36.1773
london_query_08wp6QepyximP9UuP-ijLg,direction,direction,1,1,london:78,39.6070
london_query_08wp6QepyximP9UuP-ijLg,direction,none,2,1,london:78,36.1773
london_query_08wp6QepyximP9UuP-ijLg,direction,direction,2,1,london:78,39.6147
london_query_08wp6QepyximP9UuP-ijLg,hardened,none,0,1,london:78,36.1773
london_query_08wp6QepyximP9UuP-ijLg,hardened,hardened,0,1,london:78,39.0402
london_query_08wp6QepyximP9UuP-ijLg,hardened,direction,0,1,london:78,39.1924
london_query_08wp6QepyximP9UuP-ijLg,hardened,none,1,4,london:78,36.1773
london_query_08wp6QepyximP9UuP-ijLg,hardened,hardened,1,1,london:78,39.0510
london_query_08wp6QepyximP9UuP-ijLg,hardened,direction,1,1,london:78,39.2065
london_query_08wp6QepyximP9UuP-ijLg,hardened,none,2,3,london:78,36.1773
london_query_08wp6QepyximP9UuP-ijLg,hardened,hardened,2,1,london:78,38.9053
london_query_08wp6QepyximP9UuP-ijLg,hardened,direction,2,1,london:78,39.0689
london_query_09P-tDZlSTWY4XNCcRZ_-g,clean,none,0,1,london:129,
london_query_09P-tDZlSTWY4XNCcRZ_-g,isotropic,none,0,1,london:129,36.1773
london_query_09P-tDZlSTWY4XNCcRZ_-g,isotropic,isotropic,0,1,london:129,41.7257
london_query_09P-tDZlSTWY4XNCcRZ_-g,isotropic,none,1,1,london:129,36.1773
london_query_09P-tDZlSTWY4XNCcRZ_-g,isotropic,isotropic,1,1,london:129,41.7219
london_query_09P-tDZlSTWY4XNCcRZ_-g,isotropic,none,2,1,london:129,36.1773
london_query_09P-tDZlSTWY4XNCcRZ_-g,isotropic,isotropic,2,1,london:129,41.7295
london_query_09P-tDZlSTWY4XNCcRZ_-g,direction,none,0,13,london:129,36.1773
london_query_09P-tDZlSTWY4XNCcRZ_-g,direction,direction,0,1,london:129,39.1220
london_query_09P-tDZlSTWY4XNCcRZ_-g,direction,none,1,4,london:129,36.1773
london_query_09P-tDZlSTWY4XNCcRZ_-g,direction,direction,1,3,london:129,39.0838
london_query_09P-tDZlSTWY4XNCcRZ_-g,direction,none,2,3,london:129,36.1773
london_query_09P-tDZlSTWY4XNCcRZ_-g,direction,direction,2,2,london:129,39.1129
london_query_09P-tDZlSTWY4XNCcRZ_-g,hardened,none,0,7,london:129,36.1773
london_query_09P-tDZlSTWY4XNCcRZ_-g,hardened,hardened,0,1,london:129,38.7621
london_query_09P-tDZlSTWY4XNCcRZ_-g,hardened,direction,0,3,london:129,38.5781
london_query_09P-tDZlSTWY4XNCcRZ_-g,hardened,none,1,39,london:129,36.1773
london_query_09P-tDZlSTWY4XNCcRZ_-g,hardened,hardened,1,3,london:129,38.7431
london_query_09P-tDZlSTWY4XNCcRZ_-g,hardened,direction,1,20,london:129,38.5490
london_query_09P-tDZlSTWY4XNCcRZ_-g,hardened,none,2,13,london:129,36.1773
london_query_09P-tDZlSTWY4XNCcRZ_-g,hardened,hardened,2,3,london:129,38.8228
london_query_09P-tDZlSTWY4XNCcRZ_-g,hardened,direction,2,39,london:129,38.6096
london_query_0AbO1xvvOJRs1V3ReaDrNw,clean,none,0,2,london:71,
london_query_0AbO1xvvOJRs1V3ReaDrNw,isotropic,none,0,2,london:71,36.1773
london_query_0AbO1xvvOJRs1V3ReaDrNw,isotropic,isotropic,0,3,london:71,42.7135
london_query_0AbO1xvvOJRs1V3ReaDrNw,isotropic,none,1,9,london:71,36.1773
london_query_0AbO1xvvOJRs1V3ReaDrNw,isotropic,isotropic,1,6,london:71,42.6760
london_query_0AbO1xvvOJRs1V3ReaDrNw,isotropic,none,2,5,london:71,36.1773
london_query_0AbO1xvvOJRs1V3ReaDrNw,isotropic,isotropic,2,7,london:71,42.7188
london_query_0AbO1xvvOJRs1V3ReaDrNw,direction,none,0,108,london:71,36.1773
london_query_0AbO1xvvOJRs1V3ReaDrNw,direction,direction,0,56,london:71,40.1218
london_query_0AbO1xvvOJRs1V3ReaDrNw,direction,none,1,64,london:71,36.1773
london_query_0AbO1xvvOJRs1V3ReaDrNw,direction,direction,1,37,london:71,40.1148
london_query_0AbO1xvvOJRs1V3ReaDrNw,direction,none,2,87,london:71,36.1773
london_query_0AbO1xvvOJRs1V3ReaDrNw,direction,direction,2,28,london:71,40.1375
london_query_0AbO1xvvOJRs1V3ReaDrNw,hardened,none,0,389,london:71,36.1773
london_query_0AbO1xvvOJRs1V3ReaDrNw,hardened,hardened,0,49,london:71,39.4570
london_query_0AbO1xvvOJRs1V3ReaDrNw,hardened,direction,0,151,london:71,39.5827
london_query_0AbO1xvvOJRs1V3ReaDrNw,hardened,none,1,129,london:71,36.1773
london_query_0AbO1xvvOJRs1V3ReaDrNw,hardened,hardened,1,99,london:71,39.4847
london_query_0AbO1xvvOJRs1V3ReaDrNw,hardened,direction,1,159,london:71,39.6030
london_query_0AbO1xvvOJRs1V3ReaDrNw,hardened,none,2,113,london:71,36.1773
london_query_0AbO1xvvOJRs1V3ReaDrNw,hardened,hardened,2,56,london:71,39.4833
london_query_0AbO1xvvOJRs1V3ReaDrNw,hardened,direction,2,131,london:71,39.6395
london_query_0BjBFV4G9jdMJlEMqshzoA,clean,none,0,9,london:85,
london_query_0BjBFV4G9jdMJlEMqshzoA,isotropic,none,0,170,london:85,36.1773
london_query_0BjBFV4G9jdMJlEMqshzoA,isotropic,isotropic,0,45,london:85,41.9704
london_query_0BjBFV4G9jdMJlEMqshzoA,isotropic,none,1,48,london:85,36.1773
london_query_0BjBFV4G9jdMJlEMqshzoA,isotropic,isotropic,1,17,london:85,41.9791
london_query_0BjBFV4G9jdMJlEMqshzoA,isotropic,none,2,35,london:85,36.1773
london_query_0BjBFV4G9jdMJlEMqshzoA,isotropic,isotropic,2,65,london:85,41.9521
london_query_0BjBFV4G9jdMJlEMqshzoA,direction,none,0,37,london:85,36.1773
london_query_0BjBFV4G9jdMJlEMqshzoA,direction,direction,0,48,london:85,39.1314
london_query_0BjBFV4G9jdMJlEMqshzoA,direction,none,1,156,london:85,36.1773
london_query_0BjBFV4G9jdMJlEMqshzoA,direction,direction,1,109,london:85,39.1257
london_query_0BjBFV4G9jdMJlEMqshzoA,direction,none,2,743,london:85,36.1773
london_query_0BjBFV4G9jdMJlEMqshzoA,direction,direction,2,98,london:85,39.1422
london_query_0BjBFV4G9jdMJlEMqshzoA,hardened,none,0,271,london:85,36.1773
london_query_0BjBFV4G9jdMJlEMqshzoA,hardened,hardened,0,161,london:85,38.8376
london_query_0BjBFV4G9jdMJlEMqshzoA,hardened,direction,0,130,london:85,38.7986
london_query_0BjBFV4G9jdMJlEMqshzoA,hardened,none,1,281,london:85,36.1773
london_query_0BjBFV4G9jdMJlEMqshzoA,hardened,hardened,1,80,london:85,38.8475
london_query_0BjBFV4G9jdMJlEMqshzoA,hardened,direction,1,103,london:85,38.7854
london_query_0BjBFV4G9jdMJlEMqshzoA,hardened,none,2,216,london:85,36.1773
london_query_0BjBFV4G9jdMJlEMqshzoA,hardened,hardened,2,88,london:85,38.8589
london_query_0BjBFV4G9jdMJlEMqshzoA,hardened,direction,2,117,london:85,38.8068
london_query_0CaaImFsIdNZjpg8oBPgsQ,clean,none,0,5,london:29,
london_query_0CaaImFsIdNZjpg8oBPgsQ,isotropic,none,0,13,london:29,36.1773
london_query_0CaaImFsIdNZjpg8oBPgsQ,isotropic,isotropic,0,20,london:29,41.9166
london_query_0CaaImFsIdNZjpg8oBPgsQ,isotropic,none,1,3,london:29,36.1773
london_query_0CaaImFsIdNZjpg8oBPgsQ,isotropic,isotropic,1,19,london:29,41.9188
london_query_0CaaImFsIdNZjpg8oBPgsQ,isotropic,none,2,1,london:29,36.1773
london_query_0CaaImFsIdNZjpg8oBPgsQ,isotropic,isotropic,2,17,london:29,41.9488
london_query_0CaaImFsIdNZjpg8oBPgsQ,direction,none,0,28,london:29,36.1773
london_query_0CaaImFsIdNZjpg8oBPgsQ,direction,direction,0,32,london:29,39.2559
london_query_0CaaImFsIdNZjpg8oBPgsQ,direction,none,1,63,london:29,36.1773
london_query_0CaaImFsIdNZjpg8oBPgsQ,direction,direction,1,101,london:29,39.2286
london_query_0CaaImFsIdNZjpg8oBPgsQ,direction,none,2,100,london:29,36.1773
london_query_0CaaImFsIdNZjpg8oBPgsQ,direction,direction,2,116,london:29,39.1755
london_query_0CaaImFsIdNZjpg8oBPgsQ,hardened,none,0,21,london:29,36.1773
london_query_0CaaImFsIdNZjpg8oBPgsQ,hardened,hardened,0,29,london:29,38.8071
london_query_0CaaImFsIdNZjpg8oBPgsQ,hardened,direction,0,25,london:29,38.7766
london_query_0CaaImFsIdNZjpg8oBPgsQ,hardened,none,1,85,london:29,36.1773
london_query_0CaaImFsIdNZjpg8oBPgsQ,hardened,hardened,1,17,london:29,38.7825
london_query_0CaaImFsIdNZjpg8oBPgsQ,hardened,direction,1,22,london:29,38.7134
london_query_0CaaImFsIdNZjpg8oBPgsQ,hardened,none,2,119,london:29,36.1773
london_query_0CaaImFsIdNZjpg8oBPgsQ,hardened,hardened,2,30,london:29,38.8376
london_query_0CaaImFsIdNZjpg8oBPgsQ,hardened,direction,2,38,london:29,38.7964
london_query_0EzKuKNIcxIWax_duM0EWw,clean,none,0,1,london:23,
london_query_0EzKuKNIcxIWax_duM0EWw,isotropic,none,0,1,london:23,36.1773
london_query_0EzKuKNIcxIWax_duM0EWw,isotropic,isotropic,0,1,london:23,41.1000
london_query_0EzKuKNIcxIWax_duM0EWw,isotropic,none,1,1,london:23,36.1773
london_query_0EzKuKNIcxIWax_duM0EWw,isotropic,isotropic,1,1,london:23,41.0882
london_query_0EzKuKNIcxIWax_duM0EWw,isotropic,none,2,1,london:23,36.1773
london_query_0EzKuKNIcxIWax_duM0EWw,isotropic,isotropic,2,1,london:23,41.1572
london_query_0EzKuKNIcxIWax_duM0EWw,direction,none,0,1,london:23,36.1773
london_query_0EzKuKNIcxIWax_duM0EWw,direction,direction,0,1,london:23,38.5257
london_query_0EzKuKNIcxIWax_duM0EWw,direction,none,1,1,london:23,36.1773
london_query_0EzKuKNIcxIWax_duM0EWw,direction,direction,1,1,london:23,38.5119
london_query_0EzKuKNIcxIWax_duM0EWw,direction,none,2,1,london:23,36.1773
london_query_0EzKuKNIcxIWax_duM0EWw,direction,direction,2,1,london:23,38.4857
london_query_0EzKuKNIcxIWax_duM0EWw,hardened,none,0,1,london:23,36.1773
london_query_0EzKuKNIcxIWax_duM0EWw,hardened,hardened,0,1,london:23,38.2355
london_query_0EzKuKNIcxIWax_duM0EWw,hardened,direction,0,1,london:23,38.2632
london_query_0EzKuKNIcxIWax_duM0EWw,hardened,none,1,1,london:23,36.1773
london_query_0EzKuKNIcxIWax_duM0EWw,hardened,hardened,1,1,london:23,38.2210
london_query_0EzKuKNIcxIWax_duM0EWw,hardened,direction,1,1,london:23,38.2707
london_query_0EzKuKNIcxIWax_duM0EWw,hardened,none,2,1,london:23,36.1773
london_query_0EzKuKNIcxIWax_duM0EWw,hardened,hardened,2,2,london:23,38.2026
london_query_0EzKuKNIcxIWax_duM0EWw,hardened,direction,2,2,london:23,38.2610
london_query_0IFxmIDIkGlB0FShcszAfw,clean,none,0,1,london:129,
london_query_0IFxmIDIkGlB0FShcszAfw,isotropic,none,0,1,london:129,36.1773
london_query_0IFxmIDIkGlB0FShcszAfw,isotropic,isotropic,0,1,london:129,40.6226
london_query_0IFxmIDIkGlB0FShcszAfw,isotropic,none,1,1,london:129,36.1773
london_query_0IFxmIDIkGlB0FShcszAfw,isotropic,isotropic,1,1,london:129,40.6240
london_query_0IFxmIDIkGlB0FShcszAfw,isotropic,none,2,1,london:129,36.1773
london_query_0IFxmIDIkGlB0FShcszAfw,isotropic,isotropic,2,1,london:129,40.6337
london_query_0IFxmIDIkGlB0FShcszAfw,direction,none,0,1,london:129,36.1773
london_query_0IFxmIDIkGlB0FShcszAfw,direction,direction,0,1,london:129,37.9705
london_query_0IFxmIDIkGlB0FShcszAfw,direction,none,1,1,london:129,36.1773
london_query_0IFxmIDIkGlB0FShcszAfw,direction,direction,1,1,london:129,38.0034
london_query_0IFxmIDIkGlB0FShcszAfw,direction,none,2,1,london:129,36.1773
london_query_0IFxmIDIkGlB0FShcszAfw,direction,direction,2,1,london:129,37.9932
london_query_0IFxmIDIkGlB0FShcszAfw,hardened,none,0,1,london:129,36.1773
london_query_0IFxmIDIkGlB0FShcszAfw,hardened,hardened,0,1,london:129,37.9702
london_query_0IFxmIDIkGlB0FShcszAfw,hardened,direction,0,1,london:129,37.7623
london_query_0IFxmIDIkGlB0FShcszAfw,hardened,none,1,1,london:129,36.1773
london_query_0IFxmIDIkGlB0FShcszAfw,hardened,hardened,1,1,london:129,37.9409
london_query_0IFxmIDIkGlB0FShcszAfw,hardened,direction,1,1,london:129,37.7273
london_query_0IFxmIDIkGlB0FShcszAfw,hardened,none,2,1,london:129,36.1773
london_query_0IFxmIDIkGlB0FShcszAfw,hardened,hardened,2,1,london:129,37.8456
london_query_0IFxmIDIkGlB0FShcszAfw,hardened,direction,2,1,london:129,37.6460
london_query_0LQj6exgKdVQbIBlQAVcrw,clean,none,0,14,london:73,
london_query_0LQj6exgKdVQbIBlQAVcrw,isotropic,none,0,16,london:73,36.1773
london_query_0LQj6exgKdVQbIBlQAVcrw,isotropic,isotropic,0,13,london:73,41.6022
london_query_0LQj6exgKdVQbIBlQAVcrw,isotropic,none,1,23,london:73,36.1773
london_query_0LQj6exgKdVQbIBlQAVcrw,isotropic,isotropic,1,23,london:73,41.6179
london_query_0LQj6exgKdVQbIBlQAVcrw,isotropic,none,2,50,london:73,36.1773
london_query_0LQj6exgKdVQbIBlQAVcrw,isotropic,isotropic,2,15,london:73,41.5856
london_query_0LQj6exgKdVQbIBlQAVcrw,direction,none,0,95,london:73,36.1773
london_query_0LQj6exgKdVQbIBlQAVcrw,direction,direction,0,140,london:73,38.9208
london_query_0LQj6exgKdVQbIBlQAVcrw,direction,none,1,51,london:73,36.1773
london_query_0LQj6exgKdVQbIBlQAVcrw,direction,direction,1,30,london:73,38.8705
london_query_0LQj6exgKdVQbIBlQAVcrw,direction,none,2,169,london:73,36.1773
london_query_0LQj6exgKdVQbIBlQAVcrw,direction,direction,2,76,london:73,38.9486
london_query_0LQj6exgKdVQbIBlQAVcrw,hardened,none,0,36,london:73,36.1773
london_query_0LQj6exgKdVQbIBlQAVcrw,hardened,hardened,0,171,london:73,38.6236
london_query_0LQj6exgKdVQbIBlQAVcrw,hardened,direction,0,70,london:73,38.5776
london_query_0LQj6exgKdVQbIBlQAVcrw,hardened,none,1,20,london:73,36.1773
london_query_0LQj6exgKdVQbIBlQAVcrw,hardened,hardened,1,82,london:73,38.6623
london_query_0LQj6exgKdVQbIBlQAVcrw,hardened,direction,1,90,london:73,38.6343
london_query_0LQj6exgKdVQbIBlQAVcrw,hardened,none,2,135,london:73,36.1773
london_query_0LQj6exgKdVQbIBlQAVcrw,hardened,hardened,2,57,london:73,38.5927
london_query_0LQj6exgKdVQbIBlQAVcrw,hardened,direction,2,58,london:73,38.5524
london_query_0M3fNwl2Fi82PVH3lDRsCg,clean,none,0,8,london:34,
london_query_0M3fNwl2Fi82PVH3lDRsCg,isotropic,none,0,5,london:34,36.1773
london_query_0M3fNwl2Fi82PVH3lDRsCg,isotropic,isotropic,0,14,london:34,41.7299
london_query_0M3fNwl2Fi82PVH3lDRsCg,isotropic,none,1,8,london:34,36.1773
london_query_0M3fNwl2Fi82PVH3lDRsCg,isotropic,isotropic,1,10,london:34,41.7047
london_query_0M3fNwl2Fi82PVH3lDRsCg,isotropic,none,2,13,london:34,36.1773
london_query_0M3fNwl2Fi82PVH3lDRsCg,isotropic,isotropic,2,9,london:34,41.6397
london_query_0M3fNwl2Fi82PVH3lDRsCg,direction,none,0,20,london:34,36.1773
london_query_0M3fNwl2Fi82PVH3lDRsCg,direction,direction,0,19,london:34,38.8442
london_query_0M3fNwl2Fi82PVH3lDRsCg,direction,none,1,11,london:34,36.1773
london_query_0M3fNwl2Fi82PVH3lDRsCg,direction,direction,1,14,london:34,38.8384
london_query_0M3fNwl2Fi82PVH3lDRsCg,direction,none,2,9,london:34,36.1773
london_query_0M3fNwl2Fi82PVH3lDRsCg,direction,direction,2,17,london:34,38.8386
london_query_0M3fNwl2Fi82PVH3lDRsCg,hardened,none,0,6,london:34,36.1773
london_query_0M3fNwl2Fi82PVH3lDRsCg,hardened,hardened,0,16,london:34,38.5575
london_query_0M3fNwl2Fi82PVH3lDRsCg,hardened,direction,0,18,london:34,38.4477
london_query_0M3fNwl2Fi82PVH3lDRsCg,hardened,none,1,3,london:34,36.1773
london_query_0M3fNwl2Fi82PVH3lDRsCg,hardened,hardened,1,7,london:34,38.5478
london_query_0M3fNwl2Fi82PVH3lDRsCg,hardened,direction,1,10,london:34,38.4680
london_query_0M3fNwl2Fi82PVH3lDRsCg,hardened,none,2,5,london:34,36.1773
london_query_0M3fNwl2Fi82PVH3lDRsCg,hardened,hardened,2,14,london:34,38.5022
london_query_0M3fNwl2Fi82PVH3lDRsCg,hardened,direction,2,10,london:34,38.4323
