query_id,condition,seed,sanitizer,objective,correct_rank,top1_place,correct_place,effective_mse,psnr
amman_query_-39Q9edqZUArYHa41OPDoQ,isotropic,1234,jpeg50,self,1,amman:31,amman:31,15.680000,36.1773
amman_query_-39Q9edqZUArYHa41OPDoQ,white_box,1234,jpeg50,self,1,amman:31,amman:31,15.679997,36.1773
amman_query_-39Q9edqZUArYHa41OPDoQ,transfer_1,1234,jpeg50,self,1,amman:31,amman:31,15.680000,36.1773
amman_query_-39Q9edqZUArYHa41OPDoQ,transfer_2,1234,jpeg50,self,1,amman:31,amman:31,15.680000,36.1773
amman_query_-39Q9edqZUArYHa41OPDoQ,transfer_3,1234,jpeg50,self,1,amman:31,amman:31,15.680001,36.1773
amman_query_-39Q9edqZUArYHa41OPDoQ,transfer_4,1234,jpeg50,self,1,amman:31,amman:31,15.679996,36.1773
amman_query_-39Q9edqZUArYHa41OPDoQ,isotropic,5678,jpeg50,self,1,amman:31,amman:31,15.679997,36.1773
amman_query_-39Q9edqZUArYHa41OPDoQ,white_box,5678,jpeg50,self,1,amman:31,amman:31,15.680000,36.1773
amman_query_-39Q9edqZUArYHa41OPDoQ,transfer_1,5678,jpeg50,self,1,amman:31,amman:31,15.680000,36.1773
amman_query_-39Q9edqZUArYHa41OPDoQ,transfer_2,5678,jpeg50,self,1,amman:31,amman:31,15.679998,36.1773
amman_query_-39Q9edqZUArYHa41OPDoQ,transfer_3,5678,jpeg50,self,1,amman:31,amman:31,15.679998,36.1773
amman_query_-39Q9edqZUArYHa41OPDoQ,transfer_4,5678,jpeg50,self,1,amman:31,amman:31,15.680000,36.1773
amman_query_-39Q9edqZUArYHa41OPDoQ,isotropic,9012,jpeg50,self,1,amman:31,amman:31,15.680000,36.1773
amman_query_-39Q9edqZUArYHa41OPDoQ,white_box,9012,jpeg50,self,1,amman:31,amman:31,15.680001,36.1773
amman_query_-39Q9edqZUArYHa41OPDoQ,transfer_1,9012,jpeg50,self,1,amman:31,amman:31,15.680001,36.1773
amman_query_-39Q9edqZUArYHa41OPDoQ,transfer_2,9012,jpeg50,self,1,amman:31,amman:31,15.680001,36.1773
amman_query_-39Q9edqZUArYHa41OPDoQ,transfer_3,9012,jpeg50,self,1,amman:31,amman:31,15.680001,36.1773
amman_query_-39Q9edqZUArYHa41OPDoQ,transfer_4,9012,jpeg50,self,1,amman:31,amman:31,15.679998,36.1773
boston_query_--LUAhgqzqNM6FyWSJ-Dsw,isotropic,1234,jpeg50,self,1,boston:87,boston:87,15.679998,36.1773
boston_query_--LUAhgqzqNM6FyWSJ-Dsw,white_box,1234,jpeg50,self,1,boston:87,boston:87,15.680001,36.1773
boston_query_--LUAhgqzqNM6FyWSJ-Dsw,transfer_1,1234,jpeg50,self,1,boston:87,boston:87,15.680000,36.1773
boston_query_--LUAhgqzqNM6FyWSJ-Dsw,transfer_2,1234,jpeg50,self,1,boston:87,boston:87,15.679998,36.1773
boston_query_--LUAhgqzqNM6FyWSJ-Dsw,transfer_3,1234,jpeg50,self,1,boston:87,boston:87,15.679998,36.1773
boston_query_--LUAhgqzqNM6FyWSJ-Dsw,transfer_4,1234,jpeg50,self,1,boston:87,boston:87,15.679998,36.1773
boston_query_--LUAhgqzqNM6FyWSJ-Dsw,isotropic,5678,jpeg50,self,1,boston:87,boston:87,15.679997,36.1773
boston_query_--LUAhgqzqNM6FyWSJ-Dsw,white_box,5678,jpeg50,self,1,boston:87,boston:87,15.680000,36.1773
boston_query_--LUAhgqzqNM6FyWSJ-Dsw,transfer_1,5678,jpeg50,self,1,boston:87,boston:87,15.679997,36.1773
boston_query_--LUAhgqzqNM6FyWSJ-Dsw,transfer_2,5678,jpeg50,self,1,boston:87,boston:87,15.680001,36.1773
boston_query_--LUAhgqzqNM6FyWSJ-Dsw,transfer_3,5678,jpeg50,self,1,boston:87,boston:87,15.680000,36.1773
boston_query_--LUAhgqzqNM6FyWSJ-Dsw,transfer_4,5678,jpeg50,self,1,boston:87,boston:87,15.679998,36.1773
boston_query_--LUAhgqzqNM6FyWSJ-Dsw,isotropic,9012,jpeg50,self,1,boston:87,boston:87,15.680000,36.1773
boston_query_--LUAhgqzqNM6FyWSJ-Dsw,white_box,9012,jpeg50,self,1,boston:87,boston:87,15.680000,36.1773
boston_query_--LUAhgqzqNM6FyWSJ-Dsw,transfer_1,9012,jpeg50,self,1,boston:87,boston:87,15.679997,36.1773
boston_query_--LUAhgqzqNM6FyWSJ-Dsw,transfer_2,9012,jpeg50,self,1,boston:87,boston:87,15.679998,36.1773
boston_query_--LUAhgqzqNM6FyWSJ-Dsw,transfer_3,9012,jpeg50,self,1,boston:87,boston:87,15.679998,36.1773
boston_query_--LUAhgqzqNM6FyWSJ-Dsw,transfer_4,9012,jpeg50,self,1,boston:87,boston:87,15.680000,36.1773
cph_query_--FyHVca3HP-QgUmcAvToA,isotropic,1234,jpeg50,self,1,cph:208,cph:208,15.680000,36.1773
cph_query_--FyHVca3HP-QgUmcAvToA,white_box,1234,jpeg50,self,1,cph:208,cph:208,15.679997,36.1773
cph_query_--FyHVca3HP-QgUmcAvToA,transfer_1,1234,jpeg50,self,1,cph:208,cph:208,15.680000,36.1773
cph_query_--FyHVca3HP-QgUmcAvToA,transfer_2,1234,jpeg50,self,1,cph:208,cph:208,15.679997,36.1773
cph_query_--FyHVca3HP-QgUmcAvToA,transfer_3,1234,jpeg50,self,1,cph:208,cph:208,15.679997,36.1773
cph_query_--FyHVca3HP-QgUmcAvToA,transfer_4,1234,jpeg50,self,1,cph:208,cph:208,15.679997,36.1773
cph_query_--FyHVca3HP-QgUmcAvToA,isotropic,5678,jpeg50,self,1,cph:208,cph:208,15.680000,36.1773
cph_query_--FyHVca3HP-QgUmcAvToA,white_box,5678,jpeg50,self,1,cph:208,cph:208,15.680000,36.1773
cph_query_--FyHVca3HP-QgUmcAvToA,transfer_1,5678,jpeg50,self,1,cph:208,cph:208,15.680000,36.1773
cph_query_--FyHVca3HP-QgUmcAvToA,transfer_2,5678,jpeg50,self,1,cph:208,cph:208,15.679998,36.1773
cph_query_--FyHVca3HP-QgUmcAvToA,transfer_3,5678,jpeg50,self,1,cph:208,cph:208,15.680001,36.1773
cph_query_--FyHVca3HP-QgUmcAvToA,transfer_4,5678,jpeg50,self,1,cph:208,cph:208,15.680000,36.1773
cph_query_--FyHVca3HP-QgUmcAvToA,isotropic,9012,jpeg50,self,1,cph:208,cph:208,15.679997,36.1773
cph_query_--FyHVca3HP-QgUmcAvToA,white_box,9012,jpeg50,self,1,cph:208,cph:208,15.680000,36.1773
cph_query_--FyHVca3HP-QgUmcAvToA,transfer_1,9012,jpeg50,self,1,cph:208,cph:208,15.680000,36.1773
cph_query_--FyHVca3HP-QgUmcAvToA,transfer_2,9012,jpeg50,self,1,cph:208,cph:208,15.679997,36.1773
cph_query_--FyHVca3HP-QgUmcAvToA,transfer_3,9012,jpeg50,self,1,cph:208,cph:208,15.679997,36.1773
cph_query_--FyHVca3HP-QgUmcAvToA,transfer_4,9012,jpeg50,self,1,cph:208,cph:208,15.680000,36.1773
london_query_-0u7VsCOCAmwH4RFsN5BoA,isotropic,1234,jpeg50,self,7,nairobi:9,london:51,15.679998,36.1773
london_query_-0u7VsCOCAmwH4RFsN5BoA,white_box,1234,jpeg50,self,19,nairobi:9,london:51,15.679997,36.1773
london_query_-0u7VsCOCAmwH4RFsN5BoA,transfer_1,1234,jpeg50,self,5,nairobi:3,london:51,15.679997,36.1773
london_query_-0u7VsCOCAmwH4RFsN5BoA,transfer_2,1234,jpeg50,self,14,manila:134,london:51,15.679998,36.1773
london_query_-0u7VsCOCAmwH4RFsN5BoA,transfer_3,1234,jpeg50,self,2,nairobi:3,london:51,15.680001,36.1773
london_query_-0u7VsCOCAmwH4RFsN5BoA,transfer_4,1234,jpeg50,self,10,manila:190,london:51,15.679997,36.1773
london_query_-0u7VsCOCAmwH4RFsN5BoA,isotropic,5678,jpeg50,self,5,nairobi:9,london:51,15.679997,36.1773
london_query_-0u7VsCOCAmwH4RFsN5BoA,white_box,5678,jpeg50,self,212,nairobi:3,london:51,15.680001,36.1773
london_query_-0u7VsCOCAmwH4RFsN5BoA,transfer_1,5678,jpeg50,self,3,nairobi:3,london:51,15.680000,36.1773
london_query_-0u7VsCOCAmwH4RFsN5BoA,transfer_2,5678,jpeg50,self,1,london:51,london:51,15.679997,36.1773
london_query_-0u7VsCOCAmwH4RFsN5BoA,transfer_3,5678,jpeg50,self,2,nairobi:3,london:51,15.680000,36.1773
london_query_-0u7VsCOCAmwH4RFsN5BoA,transfer_4,5678,jpeg50,self,9,nairobi:12,london:51,15.680000,36.1773
london_query_-0u7VsCOCAmwH4RFsN5BoA,isotropic,9012,jpeg50,self,1,london:51,london:51,15.680000,36.1773
london_query_-0u7VsCOCAmwH4RFsN5BoA,white_box,9012,jpeg50,self,91,nairobi:3,london:51,15.679997,36.1773
london_query_-0u7VsCOCAmwH4RFsN5BoA,transfer_1,9012,jpeg50,self,73,nairobi:3,london:51,15.680000,36.1773
london_query_-0u7VsCOCAmwH4RFsN5BoA,transfer_2,9012,jpeg50,self,12,nairobi:15,london:51,15.680000,36.1773
london_query_-0u7VsCOCAmwH4RFsN5BoA,transfer_3,9012,jpeg50,self,32,nairobi:9,london:51,15.680001,36.1773
london_query_-0u7VsCOCAmwH4RFsN5BoA,transfer_4,9012,jpeg50,self,25,nairobi:9,london:51,15.680000,36.1773
manila_query_-10kuZ2TqVxJ-YLQJl2uqA,isotropic,1234,jpeg50,self,1,manila:102,manila:102,15.680000,36.1773
manila_query_-10kuZ2TqVxJ-YLQJl2uqA,white_box,1234,jpeg50,self,1,manila:102,manila:102,15.679997,36.1773
manila_query_-10kuZ2TqVxJ-YLQJl2uqA,transfer_1,1234,jpeg50,self,1,manila:102,manila:102,15.679998,36.1773
manila_query_-10kuZ2TqVxJ-YLQJl2uqA,transfer_2,1234,jpeg50,self,1,manila:102,manila:102,15.679998,36.1773
manila_query_-10kuZ2TqVxJ-YLQJl2uqA,transfer_3,1234,jpeg50,self,1,manila:102,manila:102,15.679998,36.1773
manila_query_-10kuZ2TqVxJ-YLQJl2uqA,transfer_4,1234,jpeg50,self,1,manila:102,manila:102,15.680000,36.1773
manila_query_-10kuZ2TqVxJ-YLQJl2uqA,isotropic,5678,jpeg50,self,1,manila:102,manila:102,15.680000,36.1773
manila_query_-10kuZ2TqVxJ-YLQJl2uqA,white_box,5678,jpeg50,self,1,manila:102,manila:102,15.679998,36.1773
manila_query_-10kuZ2TqVxJ-YLQJl2uqA,transfer_1,5678,jpeg50,self,1,manila:102,manila:102,15.680000,36.1773
manila_query_-10kuZ2TqVxJ-YLQJl2uqA,transfer_2,5678,jpeg50,self,1,manila:102,manila:102,15.679998,36.1773
manila_query_-10kuZ2TqVxJ-YLQJl2uqA,transfer_3,5678,jpeg50,self,1,manila:102,manila:102,15.680001,36.1773
manila_query_-10kuZ2TqVxJ-YLQJl2uqA,transfer_4,5678,jpeg50,self,1,manila:102,manila:102,15.679998,36.1773
manila_query_-10kuZ2TqVxJ-YLQJl2uqA,isotropic,9012,jpeg50,self,1,manila:102,manila:102,15.680000,36.1773
manila_query_-10kuZ2TqVxJ-YLQJl2uqA,white_box,9012,jpeg50,self,1,manila:102,manila:102,15.679996,36.1773
manila_query_-10kuZ2TqVxJ-YLQJl2uqA,transfer_1,9012,jpeg50,self,1,manila:102,manila:102,15.680001,36.1773
manila_query_-10kuZ2TqVxJ-YLQJl2uqA,transfer_2,9012,jpeg50,self,1,manila:102,manila:102,15.679997,36.1773
manila_query_-10kuZ2TqVxJ-YLQJl2uqA,transfer_3,9012,jpeg50,self,1,manila:102,manila:102,15.679997,36.1773
manila_query_-10kuZ2TqVxJ-YLQJl2uqA,transfer_4,9012,jpeg50,self,1,manila:102,manila:102,15.680000,36.1773
nairobi_query_-K4R8iYrz9LwQ7wia8JZtQ,isotropic,1234,jpeg50,self,1384,zurich:30,nairobi:2,15.680000,36.1773
nairobi_query_-K4R8iYrz9LwQ7wia8JZtQ,white_box,1234,jpeg50,self,1333,zurich:30,nairobi:2,15.680000,36.1773
nairobi_query_-K4R8iYrz9LwQ7wia8JZtQ,transfer_1,1234,jpeg50,self,1322,nairobi:19,nairobi:2,15.680000,36.1773
nairobi_query_-K4R8iYrz9LwQ7wia8JZtQ,transfer_2,1234,jpeg50,self,1463,nairobi:19,nairobi:2,15.680000,36.1773
nairobi_query_-K4R8iYrz9LwQ7wia8JZtQ,transfer_3,1234,jpeg50,self,1518,nairobi:19,nairobi:2,15.680000,36.1773
nairobi_query_-K4R8iYrz9LwQ7wia8JZtQ,transfer_4,1234,jpeg50,self,1662,nairobi:19,nairobi:2,15.680000,36.1773
nairobi_query_-K4R8iYrz9LwQ7wia8JZtQ,isotropic,5678,jpeg50,self,1498,nairobi:19,nairobi:2,15.680000,36.1773
nairobi_query_-K4R8iYrz9LwQ7wia8JZtQ,white_box,5678,jpeg50,self,689,nairobi:19,nairobi:2,15.679997,36.1773
nairobi_query_-K4R8iYrz9LwQ7wia8JZtQ,transfer_1,5678,jpeg50,self,1223,nairobi:19,nairobi:2,15.680000,36.1773
nairobi_query_-K4R8iYrz9LwQ7wia8JZtQ,transfer_2,5678,jpeg50,self,1443,nairobi:19,nairobi:2,15.680001,36.1773
nairobi_query_-K4R8iYrz9LwQ7wia8JZtQ,transfer_3,5678,jpeg50,self,1578,nairobi:19,nairobi:2,15.679997,36.1773
nairobi_query_-K4R8iYrz9LwQ7wia8JZtQ,transfer_4,5678,jpeg50,self,1569,nairobi:19,nairobi:2,15.679997,36.1773
nairobi_query_-K4R8iYrz9LwQ7wia8JZtQ,isotropic,9012,jpeg50,self,1450,zurich:30,nairobi:2,15.680000,36.1773
nairobi_query_-K4R8iYrz9LwQ7wia8JZtQ,white_box,9012,jpeg50,self,1059,nairobi:19,nairobi:2,15.680001,36.1773
nairobi_query_-K4R8iYrz9LwQ7wia8JZtQ,transfer_1,9012,jpeg50,self,1761,zurich:30,nairobi:2,15.679997,36.1773
nairobi_query_-K4R8iYrz9LwQ7wia8JZtQ,transfer_2,9012,jpeg50,self,1546,nairobi:19,nairobi:2,15.679998,36.1773
nairobi_query_-K4R8iYrz9LwQ7wia8JZtQ,transfer_3,9012,jpeg50,self,1523,nairobi:19,nairobi:2,15.680001,36.1773
nairobi_query_-K4R8iYrz9LwQ7wia8JZtQ,transfer_4,9012,jpeg50,self,1710,nairobi:19,nairobi:2,15.680000,36.1773
toronto_query_-1caqsIDW4YpUBZB98J9uV,isotropic,1234,jpeg50,self,10,manila:143,toronto:33,15.679997,36.1773
toronto_query_-1caqsIDW4YpUBZB98J9uV,white_box,1234,jpeg50,self,12,manila:72,toronto:33,15.679997,36.1773
toronto_query_-1caqsIDW4YpUBZB98J9uV,transfer_1,1234,jpeg50,self,3,manila:72,toronto:33,15.680000,36.1773
toronto_query_-1caqsIDW4YpUBZB98J9uV,transfer_2,1234,jpeg50,self,5,manila:143,toronto:33,15.679997,36.1773
toronto_query_-1caqsIDW4YpUBZB98J9uV,transfer_3,1234,jpeg50,self,6,manila:87,toronto:33,15.680001,36.1773
toronto_query_-1caqsIDW4YpUBZB98J9uV,transfer_4,1234,jpeg50,self,8,manila:72,toronto:33,15.680000,36.1773
toronto_query_-1caqsIDW4YpUBZB98J9uV,isotropic,5678,jpeg50,self,8,manila:143,toronto:33,15.679997,36.1773
toronto_query_-1caqsIDW4YpUBZB98J9uV,white_box,5678,jpeg50,self,32,manila:72,toronto:33,15.679997,36.1773
toronto_query_-1caqsIDW4YpUBZB98J9uV,transfer_1,5678,jpeg50,self,4,manila:72,toronto:33,15.679997,36.1773
toronto_query_-1caqsIDW4YpUBZB98J9uV,transfer_2,5678,jpeg50,self,12,manila:143,toronto:33,15.680000,36.1773
toronto_query_-1caqsIDW4YpUBZB98J9uV,transfer_3,5678,jpeg50,self,15,manila:143,toronto:33,15.680000,36.1773
toronto_query_-1caqsIDW4YpUBZB98J9uV,transfer_4,5678,jpeg50,self,7,manila:72,toronto:33,15.680001,36.1773
toronto_query_-1caqsIDW4YpUBZB98J9uV,isotropic,9012,jpeg50,self,9,manila:143,toronto:33,15.680000,36.1773
toronto_query_-1caqsIDW4YpUBZB98J9uV,white_box,9012,jpeg50,self,11,manila:87,toronto:33,15.680000,36.1773
toronto_query_-1caqsIDW4YpUBZB98J9uV,transfer_1,9012,jpeg50,self,2,manila:72,toronto:33,15.679998,36.1773
toronto_query_-1caqsIDW4YpUBZB98J9uV,transfer_2,9012,jpeg50,self,1,toronto:33,toronto:33,15.679998,36.1773
toronto_query_-1caqsIDW4YpUBZB98J9uV,transfer_3,9012,jpeg50,self,8,manila:72,toronto:33,15.680000,36.1773
toronto_query_-1caqsIDW4YpUBZB98J9uV,transfer_4,9012,jpeg50,self,15,manila:87,toronto:33,15.680000,36.1773
zurich_query_--RjvuIbkJiPNJknyeZN_Q,isotropic,1234,jpeg50,self,1,zurich:64,zurich:64,15.679998,36.1773
zurich_query_--RjvuIbkJiPNJknyeZN_Q,white_box,1234,jpeg50,self,1,zurich:64,zurich:64,15.679997,36.1773
zurich_query_--RjvuIbkJiPNJknyeZN_Q,transfer_1,1234,jpeg50,self,1,zurich:64,zurich:64,15.680000,36.1773
zurich_query_--RjvuIbkJiPNJknyeZN_Q,transfer_2,1234,jpeg50,self,1,zurich:64,zurich:64,15.679997,36.1773
zurich_query_--RjvuIbkJiPNJknyeZN_Q,transfer_3,1234,jpeg50,self,1,zurich:64,zurich:64,15.680000,36.1773
zurich_query_--RjvuIbkJiPNJknyeZN_Q,transfer_4,1234,jpeg50,self,1,zurich:64,zurich:64,15.680001,36.1773
zurich_query_--RjvuIbkJiPNJknyeZN_Q,isotropic,5678,jpeg50,self,1,zurich:64,zurich:64,15.680000,36.1773
zurich_query_--RjvuIbkJiPNJknyeZN_Q,white_box,5678,jpeg50,self,1,zurich:64,zurich:64,15.680000,36.1773
zurich_query_--RjvuIbkJiPNJknyeZN_Q,transfer_1,5678,jpeg50,self,1,zurich:64,zurich:64,15.680001,36.1773
zurich_query_--RjvuIbkJiPNJknyeZN_Q,transfer_2,5678,jpeg50,self,1,zurich:64,zurich:64,15.680002,36.1773
zurich_query_--RjvuIbkJiPNJknyeZN_Q,transfer_3,5678,jpeg50,self,1,zurich:64,zurich:64,15.680000,36.1773
zurich_query_--RjvuIbkJiPNJknyeZN_Q,transfer_4,5678,jpeg50,self,1,zurich:64,zurich:64,15.679998,36.1773
zurich_query_--RjvuIbkJiPNJknyeZN_Q,isotropic,9012,jpeg50,self,1,zurich:64,zurich:64,15.679997,36.1773
zurich_query_--RjvuIbkJiPNJknyeZN_Q,white_box,9012,jpeg50,self,1,zurich:64,zurich:64,15.679998,36.1773
zurich_query_--RjvuIbkJiPNJknyeZN_Q,transfer_1,9012,jpeg50,self,1,zurich:64,zurich:64,15.680001,36.1773
zurich_query_--RjvuIbkJiPNJknyeZN_Q,transfer_2,9012,jpeg50,self,1,zurich:64,zurich:64,15.679997,36.1773
zurich_query_--RjvuIbkJiPNJknyeZN_Q,transfer_3,9012,jpeg50,self,1,zurich:64,zurich:64,15.680001,36.1773
zurich_query_--RjvuIbkJiPNJknyeZN_Q,transfer_4,9012,jpeg50,self,1,zurich:64,zurich:64,15.679998,36.1773
amman_query_-6eEB_fS2eePRNUql6vOrQ,isotropic,1234,jpeg50,self,1,amman:21,amman:21,15.680000,36.1773
amman_query_-6eEB_fS2eePRNUql6vOrQ,white_box,1234,jpeg50,self,1,amman:21,amman:21,15.680002,36.1773
amman_query_-6eEB_fS2eePRNUql6vOrQ,transfer_1,1234,jpeg50,self,1,amman:21,amman:21,15.680000,36.1773
amman_query_-6eEB_fS2eePRNUql6vOrQ,transfer_2,1234,jpeg50,self,1,amman:21,amman:21,15.679997,36.1773
amman_query_-6eEB_fS2eePRNUql6vOrQ,transfer_3,1234,jpeg50,self,1,amman:21,amman:21,15.679998,36.1773
amman_query_-6eEB_fS2eePRNUql6vOrQ,transfer_4,1234,jpeg50,self,1,amman:21,amman:21,15.679997,36.1773
amman_query_-6eEB_fS2eePRNUql6vOrQ,isotropic,5678,jpeg50,self,1,amman:21,amman:21,15.680000,36.1773
amman_query_-6eEB_fS2eePRNUql6vOrQ,white_box,5678,jpeg50,self,1,amman:21,amman:21,15.679997,36.1773
amman_query_-6eEB_fS2eePRNUql6vOrQ,transfer_1,5678,jpeg50,self,1,amman:21,amman:21,15.679998,36.1773
amman_query_-6eEB_fS2eePRNUql6vOrQ,transfer_2,5678,jpeg50,self,1,amman:21,amman:21,15.679997,36.1773
amman_query_-6eEB_fS2eePRNUql6vOrQ,transfer_3,5678,jpeg50,self,1,amman:21,amman:21,15.679998,36.1773
amman_query_-6eEB_fS2eePRNUql6vOrQ,transfer_4,5678,jpeg50,self,1,amman:21,amman:21,15.680000,36.1773
amman_query_-6eEB_fS2eePRNUql6vOrQ,isotropic,9012,jpeg50,self,1,amman:21,amman:21,15.679997,36.1773
amman_query_-6eEB_fS2eePRNUql6vOrQ,white_box,9012,jpeg50,self,1,amman:21,amman:21,15.680000,36.1773
amman_query_-6eEB_fS2eePRNUql6vOrQ,transfer_1,9012,jpeg50,self,1,amman:21,amman:21,15.680000,36.1773
amman_query_-6eEB_fS2eePRNUql6vOrQ,transfer_2,9012,jpeg50,self,1,amman:21,amman:21,15.679997,36.1773
amman_query_-6eEB_fS2eePRNUql6vOrQ,transfer_3,9012,jpeg50,self,1,amman:21,amman:21,15.680000,36.1773
amman_query_-6eEB_fS2eePRNUql6vOrQ,transfer_4,9012,jpeg50,self,1,amman:21,amman:21,15.680001,36.1773
boston_query_--VtRctVkqAafFr5b_6GXg,isotropic,1234,jpeg50,self,4,cph:243,boston:262,15.680000,36.1773
boston_query_--VtRctVkqAafFr5b_6GXg,white_box,1234,jpeg50,self,10,nairobi:22,boston:262,15.680001,36.1773
boston_query_--VtRctVkqAafFr5b_6GXg,transfer_1,1234,jpeg50,self,6,cph:243,boston:262,15.679998,36.1773
boston_query_--VtRctVkqAafFr5b_6GXg,transfer_2,1234,jpeg50,self,13,cph:243,boston:262,15.680001,36.1773
boston_query_--VtRctVkqAafFr5b_6GXg,transfer_3,1234,jpeg50,self,17,cph:243,boston:262,15.680002,36.1773
boston_query_--VtRctVkqAafFr5b_6GXg,transfer_4,1234,jpeg50,self,7,nairobi:22,boston:262,15.679997,36.1773
boston_query_--VtRctVkqAafFr5b_6GXg,isotropic,5678,jpeg50,self,4,cph:243,boston:262,15.680000,36.1773
boston_query_--VtRctVkqAafFr5b_6GXg,white_box,5678,jpeg50,self,6,manila:106,boston:262,15.680000,36.1773
boston_query_--VtRctVkqAafFr5b_6GXg,transfer_1,5678,jpeg50,self,3,cph:243,boston:262,15.680000,36.1773
boston_query_--VtRctVkqAafFr5b_6GXg,transfer_2,5678,jpeg50,self,7,cph:243,boston:262,15.680000,36.1773
boston_query_--VtRctVkqAafFr5b_6GXg,transfer_3,5678,jpeg50,self,5,cph:243,boston:262,15.680000,36.1773
boston_query_--VtRctVkqAafFr5b_6GXg,transfer_4,5678,jpeg50,self,2,cph:243,boston:262,15.679998,36.1773
boston_query_--VtRctVkqAafFr5b_6GXg,isotropic,9012,jpeg50,self,5,cph:243,boston:262,15.680000,36.1773
boston_query_--VtRctVkqAafFr5b_6GXg,white_box,9012,jpeg50,self,10,manila:106,boston:262,15.680000,36.1773
boston_query_--VtRctVkqAafFr5b_6GXg,transfer_1,9012,jpeg50,self,6,cph:243,boston:262,15.680000,36.1773
boston_query_--VtRctVkqAafFr5b_6GXg,transfer_2,9012,jpeg50,self,8,cph:243,boston:262,15.679997,36.1773
boston_query_--VtRctVkqAafFr5b_6GXg,transfer_3,9012,jpeg50,self,10,cph:243,boston:262,15.679997,36.1773
boston_query_--VtRctVkqAafFr5b_6GXg,transfer_4,9012,jpeg50,self,3,cph:243,boston:262,15.680000,36.1773
cph_query_--kN3Y3n0x47vWa8WX-a8w,isotropic,1234,jpeg50,self,1,cph:162,cph:162,15.679997,36.1773
cph_query_--kN3Y3n0x47vWa8WX-a8w,white_box,1234,jpeg50,self,1,cph:162,cph:162,15.680000,36.1773
cph_query_--kN3Y3n0x47vWa8WX-a8w,transfer_1,1234,jpeg50,self,1,cph:162,cph:162,15.679998,36.1773
cph_query_--kN3Y3n0x47vWa8WX-a8w,transfer_2,1234,jpeg50,self,1,cph:162,cph:162,15.680000,36.1773
cph_query_--kN3Y3n0x47vWa8WX-a8w,transfer_3,1234,jpeg50,self,1,cph:162,cph:162,15.679997,36.1773
cph_query_--kN3Y3n0x47vWa8WX-a8w,transfer_4,1234,jpeg50,self,1,cph:162,cph:162,15.680001,36.1773
cph_query_--kN3Y3n0x47vWa8WX-a8w,isotropic,5678,jpeg50,self,1,cph:162,cph:162,15.680000,36.1773
cph_query_--kN3Y3n0x47vWa8WX-a8w,white_box,5678,jpeg50,self,1,cph:162,cph:162,15.679997,36.1773
cph_query_--kN3Y3n0x47vWa8WX-a8w,transfer_1,5678,jpeg50,self,1,cph:162,cph:162,15.679997,36.1773
cph_query_--kN3Y3n0x47vWa8WX-a8w,transfer_2,5678,jpeg50,self,1,cph:162,cph:162,15.679998,36.1773
cph_query_--kN3Y3n0x47vWa8WX-a8w,transfer_3,5678,jpeg50,self,1,cph:162,cph:162,15.680000,36.1773
cph_query_--kN3Y3n0x47vWa8WX-a8w,transfer_4,5678,jpeg50,self,1,cph:162,cph:162,15.680000,36.1773
cph_query_--kN3Y3n0x47vWa8WX-a8w,isotropic,9012,jpeg50,self,1,cph:162,cph:162,15.679998,36.1773
cph_query_--kN3Y3n0x47vWa8WX-a8w,white_box,9012,jpeg50,self,1,cph:162,cph:162,15.679998,36.1773
cph_query_--kN3Y3n0x47vWa8WX-a8w,transfer_1,9012,jpeg50,self,1,cph:162,cph:162,15.680001,36.1773
cph_query_--kN3Y3n0x47vWa8WX-a8w,transfer_2,9012,jpeg50,self,1,cph:162,cph:162,15.680000,36.1773
cph_query_--kN3Y3n0x47vWa8WX-a8w,transfer_3,9012,jpeg50,self,1,cph:162,cph:162,15.679997,36.1773
cph_query_--kN3Y3n0x47vWa8WX-a8w,transfer_4,9012,jpeg50,self,1,cph:162,cph:162,15.679997,36.1773
london_query_-4Vq2O1PhPmG6WK-yV402Q,isotropic,1234,jpeg50,self,3,london:75,london:2,15.679997,36.1773
london_query_-4Vq2O1PhPmG6WK-yV402Q,white_box,1234,jpeg50,self,44,boston:250,london:2,15.679997,36.1773
london_query_-4Vq2O1PhPmG6WK-yV402Q,transfer_1,1234,jpeg50,self,2,london:76,london:2,15.679997,36.1773
london_query_-4Vq2O1PhPmG6WK-yV402Q,transfer_2,1234,jpeg50,self,2,london:75,london:2,15.679997,36.1773
london_query_-4Vq2O1PhPmG6WK-yV402Q,transfer_3,1234,jpeg50,self,28,zurich:35,london:2,15.680000,36.1773
london_query_-4Vq2O1PhPmG6WK-yV402Q,transfer_4,1234,jpeg50,self,5,london:75,london:2,15.679997,36.1773
london_query_-4Vq2O1PhPmG6WK-yV402Q,isotropic,5678,jpeg50,self,3,london:76,london:2,15.680000,36.1773
london_query_-4Vq2O1PhPmG6WK-yV402Q,white_box,5678,jpeg50,self,49,boston:139,london:2,15.680000,36.1773
london_query_-4Vq2O1PhPmG6WK-yV402Q,transfer_1,5678,jpeg50,self,8,london:76,london:2,15.680001,36.1773
london_query_-4Vq2O1PhPmG6WK-yV402Q,transfer_2,5678,jpeg50,self,32,london:76,london:2,15.680000,36.1773
london_query_-4Vq2O1PhPmG6WK-yV402Q,transfer_3,5678,jpeg50,self,10,zurich:35,london:2,15.679998,36.1773
london_query_-4Vq2O1PhPmG6WK-yV402Q,transfer_4,5678,jpeg50,self,3,london:75,london:2,15.679997,36.1773
london_query_-4Vq2O1PhPmG6WK-yV402Q,isotropic,9012,jpeg50,self,3,london:75,london:2,15.679996,36.1773
london_query_-4Vq2O1PhPmG6WK-yV402Q,white_box,9012,jpeg50,self,60,london:76,london:2,15.680000,36.1773
london_query_-4Vq2O1PhPmG6WK-yV402Q,transfer_1,9012,jpeg50,self,16,london:76,london:2,15.680000,36.1773
london_query_-4Vq2O1PhPmG6WK-yV402Q,transfer_2,9012,jpeg50,self,25,cph:296,london:2,15.680000,36.1773
london_query_-4Vq2O1PhPmG6WK-yV402Q,transfer_3,9012,jpeg50,self,38,london:75,london:2,15.679998,36.1773
london_query_-4Vq2O1PhPmG6WK-yV402Q,transfer_4,9012,jpeg50,self,27,boston:250,london:2,15.680000,36.1773
manila_query_-10rV9IlRhgTnk5e_QJbgA,isotropic,1234,jpeg50,self,4,manila:173,manila:142,15.680001,36.1773
manila_query_-10rV9IlRhgTnk5e_QJbgA,white_box,1234,jpeg50,self,3,manila:134,manila:142,15.680002,36.1773
manila_query_-10rV9IlRhgTnk5e_QJbgA,transfer_1,1234,jpeg50,self,2,manila:173,manila:142,15.680000,36.1773
manila_query_-10rV9IlRhgTnk5e_QJbgA,transfer_2,1234,jpeg50,self,2,manila:173,manila:142,15.680000,36.1773
manila_query_-10rV9IlRhgTnk5e_QJbgA,transfer_3,1234,jpeg50,self,4,manila:29,manila:142,15.679997,36.1773
manila_query_-10rV9IlRhgTnk5e_QJbgA,transfer_4,1234,jpeg50,self,2,manila:29,manila:142,15.679997,36.1773
manila_query_-10rV9IlRhgTnk5e_QJbgA,isotropic,5678,jpeg50,self,4,manila:173,manila:142,15.679996,36.1773
manila_query_-10rV9IlRhgTnk5e_QJbgA,white_box,5678,jpeg50,self,11,manila:134,manila:142,15.680000,36.1773
manila_query_-10rV9IlRhgTnk5e_QJbgA,transfer_1,5678,jpeg50,self,4,manila:173,manila:142,15.679997,36.1773
manila_query_-10rV9IlRhgTnk5e_QJbgA,transfer_2,5678,jpeg50,self,3,manila:29,manila:142,15.680000,36.1773
manila_query_-10rV9IlRhgTnk5e_QJbgA,transfer_3,5678,jpeg50,self,3,manila:29,manila:142,15.679996,36.1773
manila_query_-10rV9IlRhgTnk5e_QJbgA,transfer_4,5678,jpeg50,self,1,manila:142,manila:142,15.680001,36.1773
manila_query_-10rV9IlRhgTnk5e_QJbgA,isotropic,9012,jpeg50,self,3,manila:29,manila:142,15.680002,36.1773
manila_query_-10rV9IlRhgTnk5e_QJbgA,white_box,9012,jpeg50,self,2,manila:29,manila:142,15.680000,36.1773
manila_query_-10rV9IlRhgTnk5e_QJbgA,transfer_1,9012,jpeg50,self,2,manila:29,manila:142,15.679998,36.1773
manila_query_-10rV9IlRhgTnk5e_QJbgA,transfer_2,9012,jpeg50,self,4,manila:29,manila:142,15.680000,36.1773
manila_query_-10rV9IlRhgTnk5e_QJbgA,transfer_3,9012,jpeg50,self,4,manila:29,manila:142,15.680001,36.1773
manila_query_-10rV9IlRhgTnk5e_QJbgA,transfer_4,9012,jpeg50,self,6,manila:29,manila:142,15.679997,36.1773
nairobi_query_-cS3FR1RBElNB48QQHiL0Q,isotropic,1234,jpeg50,self,1,nairobi:18,nairobi:18,15.679998,36.1773
nairobi_query_-cS3FR1RBElNB48QQHiL0Q,white_box,1234,jpeg50,self,1,nairobi:18,nairobi:18,15.680001,36.1773
nairobi_query_-cS3FR1RBElNB48QQHiL0Q,transfer_1,1234,jpeg50,self,1,nairobi:18,nairobi:18,15.679998,36.1773
nairobi_query_-cS3FR1RBElNB48QQHiL0Q,transfer_2,1234,jpeg50,self,1,nairobi:18,nairobi:18,15.680000,36.1773
nairobi_query_-cS3FR1RBElNB48QQHiL0Q,transfer_3,1234,jpeg50,self,1,nairobi:18,nairobi:18,15.680000,36.1773
nairobi_query_-cS3FR1RBElNB48QQHiL0Q,transfer_4,1234,jpeg50,self,1,nairobi:18,nairobi:18,15.680001,36.1773
nairobi_query_-cS3FR1RBElNB48QQHiL0Q,isotropic,5678,jpeg50,self,1,nairobi:18,nairobi:18,15.679997,36.1773
nairobi_query_-cS3FR1RBElNB48QQHiL0Q,white_box,5678,jpeg50,self,1,nairobi:18,nairobi:18,15.679997,36.1773
nairobi_query_-cS3FR1RBElNB48QQHiL0Q,transfer_1,5678,jpeg50,self,1,nairobi:18,nairobi:18,15.679997,36.1773
nairobi_query_-cS3FR1RBElNB48QQHiL0Q,transfer_2,5678,jpeg50,self,1,nairobi:18,nairobi:18,15.679998,36.1773
nairobi_query_-cS3FR1RBElNB48QQHiL0Q,transfer_3,5678,jpeg50,self,1,nairobi:18,nairobi:18,15.680000,36.1773
nairobi_query_-cS3FR1RBElNB48QQHiL0Q,transfer_4,5678,jpeg50,self,1,nairobi:18,nairobi:18,15.680000,36.1773
nairobi_query_-cS3FR1RBElNB48QQHiL0Q,isotropic,9012,jpeg50,self,1,nairobi:18,nairobi:18,15.680000,36.1773
nairobi_query_-cS3FR1RBElNB48QQHiL0Q,white_box,9012,jpeg50,self,1,nairobi:18,nairobi:18,15.680000,36.1773
nairobi_query_-cS3FR1RBElNB48QQHiL0Q,transfer_1,9012,jpeg50,self,1,nairobi:18,nairobi:18,15.680000,36.1773
nairobi_query_-cS3FR1RBElNB48QQHiL0Q,transfer_2,9012,jpeg50,self,1,nairobi:18,nairobi:18,15.680000,36.1773
nairobi_query_-cS3FR1RBElNB48QQHiL0Q,transfer_3,9012,jpeg50,self,1,nairobi:18,nairobi:18,15.680001,36.1773
nairobi_query_-cS3FR1RBElNB48QQHiL0Q,transfer_4,9012,jpeg50,self,1,nairobi:18,nairobi:18,15.680000,36.1773
toronto_query_-3UT7A8bNUkVBgSLW30-ow,isotropic,1234,jpeg50,self,1,toronto:185,toronto:185,15.679997,36.1773
toronto_query_-3UT7A8bNUkVBgSLW30-ow,white_box,1234,jpeg50,self,1,toronto:185,toronto:185,15.679997,36.1773
toronto_query_-3UT7A8bNUkVBgSLW30-ow,transfer_1,1234,jpeg50,self,1,toronto:185,toronto:185,15.679997,36.1773
toronto_query_-3UT7A8bNUkVBgSLW30-ow,transfer_2,1234,jpeg50,self,1,toronto:185,toronto:185,15.680000,36.1773
toronto_query_-3UT7A8bNUkVBgSLW30-ow,transfer_3,1234,jpeg50,self,1,toronto:185,toronto:185,15.679998,36.1773
toronto_query_-3UT7A8bNUkVBgSLW30-ow,transfer_4,1234,jpeg50,self,1,toronto:185,toronto:185,15.679997,36.1773
toronto_query_-3UT7A8bNUkVBgSLW30-ow,isotropic,5678,jpeg50,self,1,toronto:185,toronto:185,15.679997,36.1773
toronto_query_-3UT7A8bNUkVBgSLW30-ow,white_box,5678,jpeg50,self,1,toronto:185,toronto:185,15.679998,36.1773
toronto_query_-3UT7A8bNUkVBgSLW30-ow,transfer_1,5678,jpeg50,self,1,toronto:185,toronto:185,15.679998,36.1773
toronto_query_-3UT7A8bNUkVBgSLW30-ow,transfer_2,5678,jpeg50,self,1,toronto:185,toronto:185,15.679998,36.1773
toronto_query_-3UT7A8bNUkVBgSLW30-ow,transfer_3,5678,jpeg50,self,1,toronto:185,toronto:185,15.680000,36.1773
toronto_query_-3UT7A8bNUkVBgSLW30-ow,transfer_4,5678,jpeg50,self,1,toronto:185,toronto:185,15.680000,36.1773
toronto_query_-3UT7A8bNUkVBgSLW30-ow,isotropic,9012,jpeg50,self,1,toronto:185,toronto:185,15.680000,36.1773
toronto_query_-3UT7A8bNUkVBgSLW30-ow,white_box,9012,jpeg50,self,1,toronto:185,toronto:185,15.679997,36.1773
toronto_query_-3UT7A8bNUkVBgSLW30-ow,transfer_1,9012,jpeg50,self,1,toronto:185,toronto:185,15.680000,36.1773
toronto_query_-3UT7A8bNUkVBgSLW30-ow,transfer_2,9012,jpeg50,self,1,toronto:185,toronto:185,15.679997,36.1773
toronto_query_-3UT7A8bNUkVBgSLW30-ow,transfer_3,9012,jpeg50,self,1,toronto:185,toronto:185,15.679997,36.1773
toronto_query_-3UT7A8bNUkVBgSLW30-ow,transfer_4,9012,jpeg50,self,1,toronto:185,toronto:185,15.680000,36.1773
zurich_query_-25E3MQ0PY1vs_FT7mKaUw,isotropic,1234,jpeg50,self,1,zurich:13,zurich:13,15.679997,36.1773
zurich_query_-25E3MQ0PY1vs_FT7mKaUw,white_box,1234,jpeg50,self,1,zurich:13,zurich:13,15.680000,36.1773
zurich_query_-25E3MQ0PY1vs_FT7mKaUw,transfer_1,1234,jpeg50,self,1,zurich:13,zurich:13,15.679997,36.1773
zurich_query_-25E3MQ0PY1vs_FT7mKaUw,transfer_2,1234,jpeg50,self,1,zurich:13,zurich:13,15.679998,36.1773
zurich_query_-25E3MQ0PY1vs_FT7mKaUw,transfer_3,1234,jpeg50,self,1,zurich:13,zurich:13,15.680001,36.1773
zurich_query_-25E3MQ0PY1vs_FT7mKaUw,transfer_4,1234,jpeg50,self,1,zurich:13,zurich:13,15.679997,36.1773
zurich_query_-25E3MQ0PY1vs_FT7mKaUw,isotropic,5678,jpeg50,self,1,zurich:13,zurich:13,15.679998,36.1773
zurich_query_-25E3MQ0PY1vs_FT7mKaUw,white_box,5678,jpeg50,self,1,zurich:13,zurich:13,15.680001,36.1773
zurich_query_-25E3MQ0PY1vs_FT7mKaUw,transfer_1,5678,jpeg50,self,1,zurich:13,zurich:13,15.680001,36.1773
zurich_query_-25E3MQ0PY1vs_FT7mKaUw,transfer_2,5678,jpeg50,self,1,zurich:13,zurich:13,15.680000,36.1773
zurich_query_-25E3MQ0PY1vs_FT7mKaUw,transfer_3,5678,jpeg50,self,1,zurich:13,zurich:13,15.680000,36.1773
zurich_query_-25E3MQ0PY1vs_FT7mKaUw,transfer_4,5678,jpeg50,self,1,zurich:13,zurich:13,15.679997,36.1773
zurich_query_-25E3MQ0PY1vs_FT7mKaUw,isotropic,9012,jpeg50,self,1,zurich:13,zurich:13,15.679998,36.1773
zurich_query_-25E3MQ0PY1vs_FT7mKaUw,white_box,9012,jpeg50,self,1,zurich:13,zurich:13,15.679997,36.1773
zurich_query_-25E3MQ0PY1vs_FT7mKaUw,transfer_1,9012,jpeg50,self,1,zurich:13,zurich:13,15.679997,36.1773
zurich_query_-25E3MQ0PY1vs_FT7mKaUw,transfer_2,9012,jpeg50,self,1,zurich:13,zurich:13,15.679997,36.1773
zurich_query_-25E3MQ0PY1vs_FT7mKaUw,transfer_3,9012,jpeg50,self,1,zurich:13,zurich:13,15.680000,36.1773
zurich_query_-25E3MQ0PY1vs_FT7mKaUw,transfer_4,9012,jpeg50,self,1,zurich:13,zurich:13,15.679997,36.1773
amman_query_-BJoV1t0rKwEzk0bsZplVQ,isotropic,1234,jpeg50,self,174,toronto:244,amman:37,15.680000,36.1773
amman_query_-BJoV1t0rKwEzk0bsZplVQ,white_box,1234,jpeg50,self,226,nairobi:10,amman:37,15.680000,36.1773
amman_query_-BJoV1t0rKwEzk0bsZplVQ,transfer_1,1234,jpeg50,self,187,amman:6,amman:37,15.679997,36.1773
amman_query_-BJoV1t0rKwEzk0bsZplVQ,transfer_2,1234,jpeg50,self,173,amman:4,amman:37,15.680001,36.1773
amman_query_-BJoV1t0rKwEzk0bsZplVQ,transfer_3,1234,jpeg50,self,447,amman:6,amman:37,15.680000,36.1773
amman_query_-BJoV1t0rKwEzk0bsZplVQ,transfer_4,1234,jpeg50,self,172,zurich:25,amman:37,15.680001,36.1773
amman_query_-BJoV1t0rKwEzk0bsZplVQ,isotropic,5678,jpeg50,self,148,amman:4,amman:37,15.679997,36.1773
amman_query_-BJoV1t0rKwEzk0bsZplVQ,white_box,5678,jpeg50,self,139,amman:1,amman:37,15.680000,36.1773
amman_query_-BJoV1t0rKwEzk0bsZplVQ,transfer_1,5678,jpeg50,self,79,toronto:354,amman:37,15.680000,36.1773
amman_query_-BJoV1t0rKwEzk0bsZplVQ,transfer_2,5678,jpeg50,self,178,amman:4,amman:37,15.680002,36.1773
amman_query_-BJoV1t0rKwEzk0bsZplVQ,transfer_3,5678,jpeg50,self,376,amman:4,amman:37,15.679997,36.1773
amman_query_-BJoV1t0rKwEzk0bsZplVQ,transfer_4,5678,jpeg50,self,201,toronto:258,amman:37,15.680000,36.1773
amman_query_-BJoV1t0rKwEzk0bsZplVQ,isotropic,9012,jpeg50,self,142,amman:1,amman:37,15.680000,36.1773
amman_query_-BJoV1t0rKwEzk0bsZplVQ,white_box,9012,jpeg50,self,155,amman:4,amman:37,15.679997,36.1773
amman_query_-BJoV1t0rKwEzk0bsZplVQ,transfer_1,9012,jpeg50,self,127,zurich:25,amman:37,15.680000,36.1773
amman_query_-BJoV1t0rKwEzk0bsZplVQ,transfer_2,9012,jpeg50,self,145,amman:6,amman:37,15.680001,36.1773
amman_query_-BJoV1t0rKwEzk0bsZplVQ,transfer_3,9012,jpeg50,self,80,amman:6,amman:37,15.680000,36.1773
amman_query_-BJoV1t0rKwEzk0bsZplVQ,transfer_4,9012,jpeg50,self,178,manila:153,amman:37,15.679998,36.1773
boston_query_-0n5FDAuOditKvxIekIbBg,isotropic,1234,jpeg50,self,1,boston:239,boston:239,15.679997,36.1773
boston_query_-0n5FDAuOditKvxIekIbBg,white_box,1234,jpeg50,self,1,boston:239,boston:239,15.680000,36.1773
boston_query_-0n5FDAuOditKvxIekIbBg,transfer_1,1234,jpeg50,self,1,boston:239,boston:239,15.680000,36.1773
boston_query_-0n5FDAuOditKvxIekIbBg,transfer_2,1234,jpeg50,self,1,boston:239,boston:239,15.679998,36.1773
boston_query_-0n5FDAuOditKvxIekIbBg,transfer_3,1234,jpeg50,self,1,boston:239,boston:239,15.679998,36.1773
boston_query_-0n5FDAuOditKvxIekIbBg,transfer_4,1234,jpeg50,self,1,boston:239,boston:239,15.680000,36.1773
boston_query_-0n5FDAuOditKvxIekIbBg,isotropic,5678,jpeg50,self,1,boston:239,boston:239,15.680000,36.1773
boston_query_-0n5FDAuOditKvxIekIbBg,white_box,5678,jpeg50,self,1,boston:239,boston:239,15.680000,36.1773
boston_query_-0n5FDAuOditKvxIekIbBg,transfer_1,5678,jpeg50,self,1,boston:239,boston:239,15.679997,36.1773
boston_query_-0n5FDAuOditKvxIekIbBg,transfer_2,5678,jpeg50,self,1,boston:239,boston:239,15.679998,36.1773
boston_query_-0n5FDAuOditKvxIekIbBg,transfer_3,5678,jpeg50,self,1,boston:239,boston:239,15.679998,36.1773
boston_query_-0n5FDAuOditKvxIekIbBg,transfer_4,5678,jpeg50,self,1,boston:239,boston:239,15.679996,36.1773
boston_query_-0n5FDAuOditKvxIekIbBg,isotropic,9012,jpeg50,self,1,boston:239,boston:239,15.680000,36.1773
boston_query_-0n5FDAuOditKvxIekIbBg,white_box,9012,jpeg50,self,1,boston:239,boston:239,15.680000,36.1773
boston_query_-0n5FDAuOditKvxIekIbBg,transfer_1,9012,jpeg50,self,1,boston:239,boston:239,15.680000,36.1773
boston_query_-0n5FDAuOditKvxIekIbBg,transfer_2,9012,jpeg50,self,1,boston:239,boston:239,15.680000,36.1773
boston_query_-0n5FDAuOditKvxIekIbBg,transfer_3,9012,jpeg50,self,1,boston:239,boston:239,15.679998,36.1773
boston_query_-0n5FDAuOditKvxIekIbBg,transfer_4,9012,jpeg50,self,1,boston:239,boston:239,15.680000,36.1773
cph_query_--xKnCCc_4tDGo80iM-A_g,isotropic,1234,jpeg50,self,1,cph:345,cph:345,15.679997,36.1773
cph_query_--xKnCCc_4tDGo80iM-A_g,white_box,1234,jpeg50,self,1,cph:345,cph:345,15.680002,36.1773
cph_query_--xKnCCc_4tDGo80iM-A_g,transfer_1,1234,jpeg50,self,1,cph:345,cph:345,15.680000,36.1773
cph_query_--xKnCCc_4tDGo80iM-A_g,transfer_2,1234,jpeg50,self,1,cph:345,cph:345,15.680000,36.1773
cph_query_--xKnCCc_4tDGo80iM-A_g,transfer_3,1234,jpeg50,self,1,cph:345,cph:345,15.680000,36.1773
cph_query_--xKnCCc_4tDGo80iM-A_g,transfer_4,1234,jpeg50,self,1,cph:345,cph:345,15.680002,36.1773
cph_query_--xKnCCc_4tDGo80iM-A_g,isotropic,5678,jpeg50,self,1,cph:345,cph:345,15.679997,36.1773
cph_query_--xKnCCc_4tDGo80iM-A_g,white_box,5678,jpeg50,self,1,cph:345,cph:345,15.679997,36.1773
cph_query_--xKnCCc_4tDGo80iM-A_g,transfer_1,5678,jpeg50,self,1,cph:345,cph:345,15.680000,36.1773
cph_query_--xKnCCc_4tDGo80iM-A_g,transfer_2,5678,jpeg50,self,1,cph:345,cph:345,15.679998,36.1773
cph_query_--xKnCCc_4tDGo80iM-A_g,transfer_3,5678,jpeg50,self,1,cph:345,cph:345,15.680000,36.1773
cph_query_--xKnCCc_4tDGo80iM-A_g,transfer_4,5678,jpeg50,self,1,cph:345,cph:345,15.680001,36.1773
cph_query_--xKnCCc_4tDGo80iM-A_g,isotropic,9012,jpeg50,self,1,cph:345,cph:345,15.680000,36.1773
cph_query_--xKnCCc_4tDGo80iM-A_g,white_box,9012,jpeg50,self,1,cph:345,cph:345,15.679997,36.1773
cph_query_--xKnCCc_4tDGo80iM-A_g,transfer_1,9012,jpeg50,self,1,cph:345,cph:345,15.679998,36.1773
cph_query_--xKnCCc_4tDGo80iM-A_g,transfer_2,9012,jpeg50,self,1,cph:345,cph:345,15.679998,36.1773
cph_query_--xKnCCc_4tDGo80iM-A_g,transfer_3,9012,jpeg50,self,1,cph:345,cph:345,15.680000,36.1773
cph_query_--xKnCCc_4tDGo80iM-A_g,transfer_4,9012,jpeg50,self,1,cph:345,cph:345,15.680000,36.1773
london_query_-4pmBOZmF-ynXSkWw5BAew,isotropic,1234,jpeg50,self,1,london:5,london:5,15.680002,36.1773
london_query_-4pmBOZmF-ynXSkWw5BAew,white_box,1234,jpeg50,self,1,london:5,london:5,15.679997,36.1773
london_query_-4pmBOZmF-ynXSkWw5BAew,transfer_1,1234,jpeg50,self,1,london:5,london:5,15.679998,36.1773
london_query_-4pmBOZmF-ynXSkWw5BAew,transfer_2,1234,jpeg50,self,1,london:5,london:5,15.679997,36.1773
london_query_-4pmBOZmF-ynXSkWw5BAew,transfer_3,1234,jpeg50,self,1,london:5,london:5,15.679998,36.1773
london_query_-4pmBOZmF-ynXSkWw5BAew,transfer_4,1234,jpeg50,self,1,london:5,london:5,15.679998,36.1773
london_query_-4pmBOZmF-ynXSkWw5BAew,isotropic,5678,jpeg50,self,1,london:5,london:5,15.680001,36.1773
london_query_-4pmBOZmF-ynXSkWw5BAew,white_box,5678,jpeg50,self,1,london:5,london:5,15.679997,36.1773
london_query_-4pmBOZmF-ynXSkWw5BAew,transfer_1,5678,jpeg50,self,1,london:5,london:5,15.680000,36.1773
london_query_-4pmBOZmF-ynXSkWw5BAew,transfer_2,5678,jpeg50,self,1,london:5,london:5,15.680000,36.1773
london_query_-4pmBOZmF-ynXSkWw5BAew,transfer_3,5678,jpeg50,self,1,london:5,london:5,15.680000,36.1773
london_query_-4pmBOZmF-ynXSkWw5BAew,transfer_4,5678,jpeg50,self,1,london:5,london:5,15.680000,36.1773
london_query_-4pmBOZmF-ynXSkWw5BAew,isotropic,9012,jpeg50,self,1,london:5,london:5,15.680000,36.1773
london_query_-4pmBOZmF-ynXSkWw5BAew,white_box,9012,jpeg50,self,1,london:5,london:5,15.680000,36.1773
london_query_-4pmBOZmF-ynXSkWw5BAew,transfer_1,9012,jpeg50,self,1,london:5,london:5,15.679998,36.1773
london_query_-4pmBOZmF-ynXSkWw5BAew,transfer_2,9012,jpeg50,self,1,london:5,london:5,15.680000,36.1773
london_query_-4pmBOZmF-ynXSkWw5BAew,transfer_3,9012,jpeg50,self,1,london:5,london:5,15.680000,36.1773
london_query_-4pmBOZmF-ynXSkWw5BAew,transfer_4,9012,jpeg50,self,1,london:5,london:5,15.679997,36.1773
manila_query_-2h231ovohZWmrsaBllNyw,isotropic,1234,jpeg50,self,1,manila:177,manila:177,15.680000,36.1773
manila_query_-2h231ovohZWmrsaBllNyw,white_box,1234,jpeg50,self,1,manila:177,manila:177,15.679998,36.1773
manila_query_-2h231ovohZWmrsaBllNyw,transfer_1,1234,jpeg50,self,1,manila:177,manila:177,15.680001,36.1773
manila_query_-2h231ovohZWmrsaBllNyw,transfer_2,1234,jpeg50,self,1,manila:177,manila:177,15.679997,36.1773
manila_query_-2h231ovohZWmrsaBllNyw,transfer_3,1234,jpeg50,self,1,manila:177,manila:177,15.680000,36.1773
manila_query_-2h231ovohZWmrsaBllNyw,transfer_4,1234,jpeg50,self,1,manila:177,manila:177,15.680000,36.1773
manila_query_-2h231ovohZWmrsaBllNyw,isotropic,5678,jpeg50,self,1,manila:177,manila:177,15.680000,36.1773
manila_query_-2h231ovohZWmrsaBllNyw,white_box,5678,jpeg50,self,1,manila:177,manila:177,15.680001,36.1773
manila_query_-2h231ovohZWmrsaBllNyw,transfer_1,5678,jpeg50,self,1,manila:177,manila:177,15.679997,36.1773
manila_query_-2h231ovohZWmrsaBllNyw,transfer_2,5678,jpeg50,self,1,manila:177,manila:177,15.679998,36.1773
manila_query_-2h231ovohZWmrsaBllNyw,transfer_3,5678,jpeg50,self,1,manila:177,manila:177,15.679997,36.1773
manila_query_-2h231ovohZWmrsaBllNyw,transfer_4,5678,jpeg50,self,1,manila:177,manila:177,15.680002,36.1773
manila_query_-2h231ovohZWmrsaBllNyw,isotropic,9012,jpeg50,self,1,manila:177,manila:177,15.680000,36.1773
manila_query_-2h231ovohZWmrsaBllNyw,white_box,9012,jpeg50,self,1,manila:177,manila:177,15.680000,36.1773
manila_query_-2h231ovohZWmrsaBllNyw,transfer_1,9012,jpeg50,self,1,manila:177,manila:177,15.680000,36.1773
manila_query_-2h231ovohZWmrsaBllNyw,transfer_2,9012,jpeg50,self,1,manila:177,manila:177,15.679997,36.1773
manila_query_-2h231ovohZWmrsaBllNyw,transfer_3,9012,jpeg50,self,1,manila:177,manila:177,15.679997,36.1773
manila_query_-2h231ovohZWmrsaBllNyw,transfer_4,9012,jpeg50,self,1,manila:177,manila:177,15.679997,36.1773
nairobi_query_-dn1KaWvGY9H5JRLNtaYPg,isotropic,1234,jpeg50,self,1,nairobi:10,nairobi:10,15.680000,36.1773
nairobi_query_-dn1KaWvGY9H5JRLNtaYPg,white_box,1234,jpeg50,self,1,nairobi:10,nairobi:10,15.680000,36.1773
nairobi_query_-dn1KaWvGY9H5JRLNtaYPg,transfer_1,1234,jpeg50,self,1,nairobi:10,nairobi:10,15.680000,36.1773
nairobi_query_-dn1KaWvGY9H5JRLNtaYPg,transfer_2,1234,jpeg50,self,1,nairobi:10,nairobi:10,15.679998,36.1773
nairobi_query_-dn1KaWvGY9H5JRLNtaYPg,transfer_3,1234,jpeg50,self,1,nairobi:10,nairobi:10,15.680002,36.1773
nairobi_query_-dn1KaWvGY9H5JRLNtaYPg,transfer_4,1234,jpeg50,self,1,nairobi:10,nairobi:10,15.680000,36.1773
nairobi_query_-dn1KaWvGY9H5JRLNtaYPg,isotropic,5678,jpeg50,self,1,nairobi:10,nairobi:10,15.680002,36.1773
nairobi_query_-dn1KaWvGY9H5JRLNtaYPg,white_box,5678,jpeg50,self,1,nairobi:10,nairobi:10,15.679997,36.1773
nairobi_query_-dn1KaWvGY9H5JRLNtaYPg,transfer_1,5678,jpeg50,self,1,nairobi:10,nairobi:10,15.679997,36.1773
nairobi_query_-dn1KaWvGY9H5JRLNtaYPg,transfer_2,5678,jpeg50,self,1,nairobi:10,nairobi:10,15.679997,36.1773
nairobi_query_-dn1KaWvGY9H5JRLNtaYPg,transfer_3,5678,jpeg50,self,1,nairobi:10,nairobi:10,15.680000,36.1773
nairobi_query_-dn1KaWvGY9H5JRLNtaYPg,transfer_4,5678,jpeg50,self,1,nairobi:10,nairobi:10,15.680000,36.1773
nairobi_query_-dn1KaWvGY9H5JRLNtaYPg,isotropic,9012,jpeg50,self,1,nairobi:10,nairobi:10,15.680002,36.1773
nairobi_query_-dn1KaWvGY9H5JRLNtaYPg,white_box,9012,jpeg50,self,1,nairobi:10,nairobi:10,15.680000,36.1773
nairobi_query_-dn1KaWvGY9H5JRLNtaYPg,transfer_1,9012,jpeg50,self,1,nairobi:10,nairobi:10,15.680000,36.1773
nairobi_query_-dn1KaWvGY9H5JRLNtaYPg,transfer_2,9012,jpeg50,self,1,nairobi:10,nairobi:10,15.680000,36.1773
nairobi_query_-dn1KaWvGY9H5JRLNtaYPg,transfer_3,9012,jpeg50,self,1,nairobi:10,nairobi:10,15.680001,36.1773
nairobi_query_-dn1KaWvGY9H5JRLNtaYPg,transfer_4,9012,jpeg50,self,1,nairobi:10,nairobi:10,15.679997,36.1773
toronto_query_-4IVXvKV2D8brXjQPZ1GRA,isotropic,1234,jpeg50,self,1,toronto:88,toronto:88,15.679998,36.1773
toronto_query_-4IVXvKV2D8brXjQPZ1GRA,white_box,1234,jpeg50,self,1,toronto:88,toronto:88,15.679997,36.1773
toronto_query_-4IVXvKV2D8brXjQPZ1GRA,transfer_1,1234,jpeg50,self,1,toronto:88,toronto:88,15.680000,36.1773
toronto_query_-4IVXvKV2D8brXjQPZ1GRA,transfer_2,1234,jpeg50,self,1,toronto:88,toronto:88,15.679998,36.1773
toronto_query_-4IVXvKV2D8brXjQPZ1GRA,transfer_3,1234,jpeg50,self,1,toronto:88,toronto:88,15.680000,36.1773
toronto_query_-4IVXvKV2D8brXjQPZ1GRA,transfer_4,1234,jpeg50,self,1,toronto:88,toronto:88,15.680000,36.1773
toronto_query_-4IVXvKV2D8brXjQPZ1GRA,isotropic,5678,jpeg50,self,1,toronto:88,toronto:88,15.679997,36.1773
toronto_query_-4IVXvKV2D8brXjQPZ1GRA,white_box,5678,jpeg50,self,1,toronto:88,toronto:88,15.680001,36.1773
toronto_query_-4IVXvKV2D8brXjQPZ1GRA,transfer_1,5678,jpeg50,self,1,toronto:88,toronto:88,15.679996,36.1773
toronto_query_-4IVXvKV2D8brXjQPZ1GRA,transfer_2,5678,jpeg50,self,1,toronto:88,toronto:88,15.680000,36.1773
toronto_query_-4IVXvKV2D8brXjQPZ1GRA,transfer_3,5678,jpeg50,self,1,toronto:88,toronto:88,15.680000,36.1773
toronto_query_-4IVXvKV2D8brXjQPZ1GRA,transfer_4,5678,jpeg50,self,1,toronto:88,toronto:88,15.679997,36.1773
toronto_query_-4IVXvKV2D8brXjQPZ1GRA,isotropic,9012,jpeg50,self,1,toronto:88,toronto:88,15.679996,36.1773
toronto_query_-4IVXvKV2D8brXjQPZ1GRA,white_box,9012,jpeg50,self,1,toronto:88,toronto:88,15.679997,36.1773
toronto_query_-4IVXvKV2D8brXjQPZ1GRA,transfer_1,9012,jpeg50,self,1,toronto:88,toronto:88,15.679997,36.1773
toronto_query_-4IVXvKV2D8brXjQPZ1GRA,transfer_2,9012,jpeg50,self,1,toronto:88,toronto:88,15.680000,36.1773
toronto_query_-4IVXvKV2D8brXjQPZ1GRA,transfer_3,9012,jpeg50,self,1,toronto:88,toronto:88,15.680000,36.1773
toronto_query_-4IVXvKV2D8brXjQPZ1GRA,transfer_4,9012,jpeg50,self,1,toronto:88,toronto:88,15.679998,36.1773
zurich_query_-4StYjY5sT1S23ls5heCbg,isotropic,1234,jpeg50,self,1,zurich:104,zurich:104,15.679998,36.1773
zurich_query_-4StYjY5sT1S23ls5heCbg,white_box,1234,jpeg50,self,1,zurich:104,zurich:104,15.679997,36.1773
zurich_query_-4StYjY5sT1S23ls5heCbg,transfer_1,1234,jpeg50,self,1,zurich:104,zurich:104,15.679997,36.1773
zurich_query_-4StYjY5sT1S23ls5heCbg,transfer_2,1234,jpeg50,self,1,zurich:104,zurich:104,15.679998,36.1773
zurich_query_-4StYjY5sT1S23ls5heCbg,transfer_3,1234,jpeg50,self,1,zurich:104,zurich:104,15.680000,36.1773
zurich_query_-4StYjY5sT1S23ls5heCbg,transfer_4,1234,jpeg50,self,1,zurich:104,zurich:104,15.679998,36.1773
zurich_query_-4StYjY5sT1S23ls5heCbg,isotropic,5678,jpeg50,self,1,zurich:104,zurich:104,15.680000,36.1773
zurich_query_-4StYjY5sT1S23ls5heCbg,white_box,5678,jpeg50,self,1,zurich:104,zurich:104,15.680002,36.1773
zurich_query_-4StYjY5sT1S23ls5heCbg,transfer_1,5678,jpeg50,self,1,zurich:104,zurich:104,15.680000,36.1773
zurich_query_-4StYjY5sT1S23ls5heCbg,transfer_2,5678,jpeg50,self,1,zurich:104,zurich:104,15.679997,36.1773
zurich_query_-4StYjY5sT1S23ls5heCbg,transfer_3,5678,jpeg50,self,1,zurich:104,zurich:104,15.680000,36.1773
zurich_query_-4StYjY5sT1S23ls5heCbg,transfer_4,5678,jpeg50,self,1,zurich:104,zurich:104,15.680001,36.1773
zurich_query_-4StYjY5sT1S23ls5heCbg,isotropic,9012,jpeg50,self,1,zurich:104,zurich:104,15.679997,36.1773
zurich_query_-4StYjY5sT1S23ls5heCbg,white_box,9012,jpeg50,self,1,zurich:104,zurich:104,15.679998,36.1773
zurich_query_-4StYjY5sT1S23ls5heCbg,transfer_1,9012,jpeg50,self,1,zurich:104,zurich:104,15.680000,36.1773
zurich_query_-4StYjY5sT1S23ls5heCbg,transfer_2,9012,jpeg50,self,1,zurich:104,zurich:104,15.680000,36.1773
zurich_query_-4StYjY5sT1S23ls5heCbg,transfer_3,9012,jpeg50,self,1,zurich:104,zurich:104,15.680000,36.1773
zurich_query_-4StYjY5sT1S23ls5heCbg,transfer_4,9012,jpeg50,self,1,zurich:104,zurich:104,15.679998,36.1773
amman_query_-D0IlKF__f0c9DPAKbiYnw,isotropic,1234,jpeg50,self,60,amman:6,amman:23,15.680000,36.1773
amman_query_-D0IlKF__f0c9DPAKbiYnw,white_box,1234,jpeg50,self,99,nairobi:19,amman:23,15.679997,36.1773
amman_query_-D0IlKF__f0c9DPAKbiYnw,transfer_1,1234,jpeg50,self,74,amman:6,amman:23,15.680000,36.1773
amman_query_-D0IlKF__f0c9DPAKbiYnw,transfer_2,1234,jpeg50,self,83,amman:4,amman:23,15.680000,36.1773
amman_query_-D0IlKF__f0c9DPAKbiYnw,transfer_3,1234,jpeg50,self,130,amman:6,amman:23,15.679997,36.1773
amman_query_-D0IlKF__f0c9DPAKbiYnw,transfer_4,1234,jpeg50,self,114,amman:6,amman:23,15.679998,36.1773
amman_query_-D0IlKF__f0c9DPAKbiYnw,isotropic,5678,jpeg50,self,154,amman:4,amman:23,15.679998,36.1773
amman_query_-D0IlKF__f0c9DPAKbiYnw,white_box,5678,jpeg50,self,106,nairobi:19,amman:23,15.679998,36.1773
amman_query_-D0IlKF__f0c9DPAKbiYnw,transfer_1,5678,jpeg50,self,64,amman:4,amman:23,15.680000,36.1773
amman_query_-D0IlKF__f0c9DPAKbiYnw,transfer_2,5678,jpeg50,self,88,london:126,amman:23,15.680000,36.1773
amman_query_-D0IlKF__f0c9DPAKbiYnw,transfer_3,5678,jpeg50,self,180,nairobi:19,amman:23,15.679997,36.1773
amman_query_-D0IlKF__f0c9DPAKbiYnw,transfer_4,5678,jpeg50,self,44,nairobi:19,amman:23,15.680000,36.1773
amman_query_-D0IlKF__f0c9DPAKbiYnw,isotropic,9012,jpeg50,self,73,amman:4,amman:23,15.679997,36.1773
amman_query_-D0IlKF__f0c9DPAKbiYnw,white_box,9012,jpeg50,self,140,amman:6,amman:23,15.680000,36.1773
amman_query_-D0IlKF__f0c9DPAKbiYnw,transfer_1,9012,jpeg50,self,58,london:126,amman:23,15.679997,36.1773
amman_query_-D0IlKF__f0c9DPAKbiYnw,transfer_2,9012,jpeg50,self,110,nairobi:19,amman:23,15.679997,36.1773
amman_query_-D0IlKF__f0c9DPAKbiYnw,transfer_3,9012,jpeg50,self,85,amman:6,amman:23,15.679997,36.1773
amman_query_-D0IlKF__f0c9DPAKbiYnw,transfer_4,9012,jpeg50,self,289,nairobi:19,amman:23,15.680000,36.1773
boston_query_-3hM-MR6uuw3se14vw3G0w,isotropic,1234,jpeg50,self,18,boston:47,boston:84,15.680000,36.1773
boston_query_-3hM-MR6uuw3se14vw3G0w,white_box,1234,jpeg50,self,30,boston:250,boston:84,15.680000,36.1773
boston_query_-3hM-MR6uuw3se14vw3G0w,transfer_1,1234,jpeg50,self,25,boston:47,boston:84,15.679998,36.1773
boston_query_-3hM-MR6uuw3se14vw3G0w,transfer_2,1234,jpeg50,self,30,boston:47,boston:84,15.680000,36.1773
boston_query_-3hM-MR6uuw3se14vw3G0w,transfer_3,1234,jpeg50,self,44,boston:47,boston:84,15.679998,36.1773
boston_query_-3hM-MR6uuw3se14vw3G0w,transfer_4,1234,jpeg50,self,54,boston:47,boston:84,15.680000,36.1773
boston_query_-3hM-MR6uuw3se14vw3G0w,isotropic,5678,jpeg50,self,13,boston:47,boston:84,15.680000,36.1773
boston_query_-3hM-MR6uuw3se14vw3G0w,white_box,5678,jpeg50,self,84,boston:47,boston:84,15.679998,36.1773
boston_query_-3hM-MR6uuw3se14vw3G0w,transfer_1,5678,jpeg50,self,19,boston:47,boston:84,15.679998,36.1773
boston_query_-3hM-MR6uuw3se14vw3G0w,transfer_2,5678,jpeg50,self,28,boston:47,boston:84,15.680000,36.1773
boston_query_-3hM-MR6uuw3se14vw3G0w,transfer_3,5678,jpeg50,self,34,boston:250,boston:84,15.679997,36.1773
boston_query_-3hM-MR6uuw3se14vw3G0w,transfer_4,5678,jpeg50,self,63,boston:47,boston:84,15.680001,36.1773
boston_query_-3hM-MR6uuw3se14vw3G0w,isotropic,9012,jpeg50,self,22,boston:47,boston:84,15.679998,36.1773
boston_query_-3hM-MR6uuw3se14vw3G0w,white_box,9012,jpeg50,self,45,boston:47,boston:84,15.679998,36.1773
boston_query_-3hM-MR6uuw3se14vw3G0w,transfer_1,9012,jpeg50,self,94,boston:47,boston:84,15.680000,36.1773
boston_query_-3hM-MR6uuw3se14vw3G0w,transfer_2,9012,jpeg50,self,26,boston:47,boston:84,15.680000,36.1773
boston_query_-3hM-MR6uuw3se14vw3G0w,transfer_3,9012,jpeg50,self,50,boston:47,boston:84,15.679997,36.1773
boston_query_-3hM-MR6uuw3se14vw3G0w,transfer_4,9012,jpeg50,self,40,boston:47,boston:84,15.680001,36.1773
cph_query_-05vIhjxDNupFcgaM90L3w,isotropic,1234,jpeg50,self,3,london:121,cph:71,15.680001,36.1773
cph_query_-05vIhjxDNupFcgaM90L3w,white_box,1234,jpeg50,self,3,london:121,cph:71,15.680000,36.1773
cph_query_-05vIhjxDNupFcgaM90L3w,transfer_1,1234,jpeg50,self,12,london:68,cph:71,15.680000,36.1773
cph_query_-05vIhjxDNupFcgaM90L3w,transfer_2,1234,jpeg50,self,1,cph:71,cph:71,15.679997,36.1773
cph_query_-05vIhjxDNupFcgaM90L3w,transfer_3,1234,jpeg50,self,2,london:121,cph:71,15.679997,36.1773
cph_query_-05vIhjxDNupFcgaM90L3w,transfer_4,1234,jpeg50,self,2,london:121,cph:71,15.679998,36.1773
cph_query_-05vIhjxDNupFcgaM90L3w,isotropic,5678,jpeg50,self,2,cph:429,cph:71,15.679998,36.1773
cph_query_-05vIhjxDNupFcgaM90L3w,white_box,5678,jpeg50,self,15,london:121,cph:71,15.680001,36.1773
cph_query_-05vIhjxDNupFcgaM90L3w,transfer_1,5678,jpeg50,self,2,london:121,cph:71,15.679997,36.1773
cph_query_-05vIhjxDNupFcgaM90L3w,transfer_2,5678,jpeg50,self,1,cph:71,cph:71,15.680001,36.1773
cph_query_-05vIhjxDNupFcgaM90L3w,transfer_3,5678,jpeg50,self,1,cph:71,cph:71,15.680000,36.1773
cph_query_-05vIhjxDNupFcgaM90L3w,transfer_4,5678,jpeg50,self,1,cph:71,cph:71,15.679998,36.1773
cph_query_-05vIhjxDNupFcgaM90L3w,isotropic,9012,jpeg50,self,2,cph:429,cph:71,15.680001,36.1773
cph_query_-05vIhjxDNupFcgaM90L3w,white_box,9012,jpeg50,self,2,london:85,cph:71,15.680000,36.1773
cph_query_-05vIhjxDNupFcgaM90L3w,transfer_1,9012,jpeg50,self,2,london:85,cph:71,15.679997,36.1773
cph_query_-05vIhjxDNupFcgaM90L3w,transfer_2,9012,jpeg50,self,1,cph:71,cph:71,15.679997,36.1773
cph_query_-05vIhjxDNupFcgaM90L3w,transfer_3,9012,jpeg50,self,1,cph:71,cph:71,15.679997,36.1773
cph_query_-05vIhjxDNupFcgaM90L3w,transfer_4,9012,jpeg50,self,1,cph:71,cph:71,15.680002,36.1773
london_query_-5QOE2AlZX8rEz8ONtGRrg,isotropic,1234,jpeg50,self,1,london:131,london:131,15.680000,36.1773
london_query_-5QOE2AlZX8rEz8ONtGRrg,white_box,1234,jpeg50,self,1,london:131,london:131,15.680000,36.1773
london_query_-5QOE2AlZX8rEz8ONtGRrg,transfer_1,1234,jpeg50,self,1,london:131,london:131,15.680000,36.1773
london_query_-5QOE2AlZX8rEz8ONtGRrg,transfer_2,1234,jpeg50,self,1,london:131,london:131,15.679997,36.1773
london_query_-5QOE2AlZX8rEz8ONtGRrg,transfer_3,1234,jpeg50,self,1,london:131,london:131,15.680001,36.1773
london_query_-5QOE2AlZX8rEz8ONtGRrg,transfer_4,1234,jpeg50,self,1,london:131,london:131,15.680000,36.1773
london_query_-5QOE2AlZX8rEz8ONtGRrg,isotropic,5678,jpeg50,self,1,london:131,london:131,15.680000,36.1773
london_query_-5QOE2AlZX8rEz8ONtGRrg,white_box,5678,jpeg50,self,1,london:131,london:131,15.679997,36.1773
london_query_-5QOE2AlZX8rEz8ONtGRrg,transfer_1,5678,jpeg50,self,1,london:131,london:131,15.679998,36.1773
london_query_-5QOE2AlZX8rEz8ONtGRrg,transfer_2,5678,jpeg50,self,1,london:131,london:131,15.680000,36.1773
london_query_-5QOE2AlZX8rEz8ONtGRrg,transfer_3,5678,jpeg50,self,1,london:131,london:131,15.680001,36.1773
london_query_-5QOE2AlZX8rEz8ONtGRrg,transfer_4,5678,jpeg50,self,1,london:131,london:131,15.680000,36.1773
london_query_-5QOE2AlZX8rEz8ONtGRrg,isotropic,9012,jpeg50,self,1,london:131,london:131,15.680000,36.1773
london_query_-5QOE2AlZX8rEz8ONtGRrg,white_box,9012,jpeg50,self,1,london:131,london:131,15.679998,36.1773
london_query_-5QOE2AlZX8rEz8ONtGRrg,transfer_1,9012,jpeg50,self,1,london:131,london:131,15.679998,36.1773
london_query_-5QOE2AlZX8rEz8ONtGRrg,transfer_2,9012,jpeg50,self,1,london:131,london:131,15.680002,36.1773
london_query_-5QOE2AlZX8rEz8ONtGRrg,transfer_3,9012,jpeg50,self,1,london:131,london:131,15.679997,36.1773
london_query_-5QOE2AlZX8rEz8ONtGRrg,transfer_4,9012,jpeg50,self,1,london:131,london:131,15.680000,36.1773
manila_query_-3H2xPWPOqn_dCF2Lz5EtQ,isotropic,1234,jpeg50,self,26,manila:54,manila:160,15.679997,36.1773
manila_query_-3H2xPWPOqn_dCF2Lz5EtQ,white_box,1234,jpeg50,self,73,manila:54,manila:160,15.679997,36.1773
manila_query_-3H2xPWPOqn_dCF2Lz5EtQ,transfer_1,1234,jpeg50,self,5,manila:54,manila:160,15.679998,36.1773
manila_query_-3H2xPWPOqn_dCF2Lz5EtQ,transfer_2,1234,jpeg50,self,17,manila:54,manila:160,15.679998,36.1773
manila_query_-3H2xPWPOqn_dCF2Lz5EtQ,transfer_3,1234,jpeg50,self,14,manila:54,manila:160,15.680000,36.1773
manila_query_-3H2xPWPOqn_dCF2Lz5EtQ,transfer_4,1234,jpeg50,self,26,manila:54,manila:160,15.680002,36.1773
manila_query_-3H2xPWPOqn_dCF2Lz5EtQ,isotropic,5678,jpeg50,self,10,manila:54,manila:160,15.679997,36.1773
manila_query_-3H2xPWPOqn_dCF2Lz5EtQ,white_box,5678,jpeg50,self,38,manila:54,manila:160,15.679997,36.1773
manila_query_-3H2xPWPOqn_dCF2Lz5EtQ,transfer_1,5678,jpeg50,self,34,manila:54,manila:160,15.679998,36.1773
manila_query_-3H2xPWPOqn_dCF2Lz5EtQ,transfer_2,5678,jpeg50,self,6,manila:54,manila:160,15.680000,36.1773
manila_query_-3H2xPWPOqn_dCF2Lz5EtQ,transfer_3,5678,jpeg50,self,19,manila:54,manila:160,15.680000,36.1773
manila_query_-3H2xPWPOqn_dCF2Lz5EtQ,transfer_4,5678,jpeg50,self,11,manila:54,manila:160,15.679998,36.1773
manila_query_-3H2xPWPOqn_dCF2Lz5EtQ,isotropic,9012,jpeg50,self,26,manila:54,manila:160,15.679995,36.1773
manila_query_-3H2xPWPOqn_dCF2Lz5EtQ,white_box,9012,jpeg50,self,9,manila:190,manila:160,15.679997,36.1773
manila_query_-3H2xPWPOqn_dCF2Lz5EtQ,transfer_1,9012,jpeg50,self,9,manila:54,manila:160,15.680002,36.1773
manila_query_-3H2xPWPOqn_dCF2Lz5EtQ,transfer_2,9012,jpeg50,self,24,manila:54,manila:160,15.680000,36.1773
manila_query_-3H2xPWPOqn_dCF2Lz5EtQ,transfer_3,9012,jpeg50,self,6,manila:54,manila:160,15.680000,36.1773
manila_query_-3H2xPWPOqn_dCF2Lz5EtQ,transfer_4,9012,jpeg50,self,26,manila:54,manila:160,15.679997,36.1773
nairobi_query_-f7xKWoDFjaXHyTtnRqVKw,isotropic,1234,jpeg50,self,1,nairobi:9,nairobi:9,15.679997,36.1773
nairobi_query_-f7xKWoDFjaXHyTtnRqVKw,white_box,1234,jpeg50,self,1,nairobi:9,nairobi:9,15.680000,36.1773
nairobi_query_-f7xKWoDFjaXHyTtnRqVKw,transfer_1,1234,jpeg50,self,1,nairobi:9,nairobi:9,15.680000,36.1773
nairobi_query_-f7xKWoDFjaXHyTtnRqVKw,transfer_2,1234,jpeg50,self,1,nairobi:9,nairobi:9,15.680000,36.1773
nairobi_query_-f7xKWoDFjaXHyTtnRqVKw,transfer_3,1234,jpeg50,self,1,nairobi:9,nairobi:9,15.680001,36.1773
nairobi_query_-f7xKWoDFjaXHyTtnRqVKw,transfer_4,1234,jpeg50,self,1,nairobi:9,nairobi:9,15.680001,36.1773
nairobi_query_-f7xKWoDFjaXHyTtnRqVKw,isotropic,5678,jpeg50,self,1,nairobi:9,nairobi:9,15.679997,36.1773
nairobi_query_-f7xKWoDFjaXHyTtnRqVKw,white_box,5678,jpeg50,self,1,nairobi:9,nairobi:9,15.679997,36.1773
nairobi_query_-f7xKWoDFjaXHyTtnRqVKw,transfer_1,5678,jpeg50,self,1,nairobi:9,nairobi:9,15.680000,36.1773
nairobi_query_-f7xKWoDFjaXHyTtnRqVKw,transfer_2,5678,jpeg50,self,1,nairobi:9,nairobi:9,15.679997,36.1773
nairobi_query_-f7xKWoDFjaXHyTtnRqVKw,transfer_3,5678,jpeg50,self,1,nairobi:9,nairobi:9,15.679997,36.1773
nairobi_query_-f7xKWoDFjaXHyTtnRqVKw,transfer_4,5678,jpeg50,self,1,nairobi:9,nairobi:9,15.680000,36.1773
nairobi_query_-f7xKWoDFjaXHyTtnRqVKw,isotropic,9012,jpeg50,self,1,nairobi:9,nairobi:9,15.680000,36.1773
nairobi_query_-f7xKWoDFjaXHyTtnRqVKw,white_box,9012,jpeg50,self,1,nairobi:9,nairobi:9,15.680000,36.1773
nairobi_query_-f7xKWoDFjaXHyTtnRqVKw,transfer_1,9012,jpeg50,self,1,nairobi:9,nairobi:9,15.680001,36.1773
nairobi_query_-f7xKWoDFjaXHyTtnRqVKw,transfer_2,9012,jpeg50,self,1,nairobi:9,nairobi:9,15.680001,36.1773
nairobi_query_-f7xKWoDFjaXHyTtnRqVKw,transfer_3,9012,jpeg50,self,1,nairobi:9,nairobi:9,15.679997,36.1773
nairobi_query_-f7xKWoDFjaXHyTtnRqVKw,transfer_4,9012,jpeg50,self,1,nairobi:9,nairobi:9,15.679997,36.1773
toronto_query_-4mlNvZUZnbmRaGbiIndoA,isotropic,1234,jpeg50,self,1,toronto:102,toronto:102,15.680000,36.1773
toronto_query_-4mlNvZUZnbmRaGbiIndoA,white_box,1234,jpeg50,self,3,toronto:192,toronto:102,15.680000,36.1773
toronto_query_-4mlNvZUZnbmRaGbiIndoA,transfer_1,1234,jpeg50,self,1,toronto:102,toronto:102,15.679997,36.1773
toronto_query_-4mlNvZUZnbmRaGbiIndoA,transfer_2,1234,jpeg50,self,2,toronto:192,toronto:102,15.679997,36.1773
toronto_query_-4mlNvZUZnbmRaGbiIndoA,transfer_3,1234,jpeg50,self,2,toronto:192,toronto:102,15.679997,36.1773
toronto_query_-4mlNvZUZnbmRaGbiIndoA,transfer_4,1234,jpeg50,self,2,toronto:192,toronto:102,15.679997,36.1773
toronto_query_-4mlNvZUZnbmRaGbiIndoA,isotropic,5678,jpeg50,self,1,toronto:102,toronto:102,15.679997,36.1773
toronto_query_-4mlNvZUZnbmRaGbiIndoA,white_box,5678,jpeg50,self,8,nairobi:3,toronto:102,15.679997,36.1773
toronto_query_-4mlNvZUZnbmRaGbiIndoA,transfer_1,5678,jpeg50,self,1,toronto:102,toronto:102,15.680000,36.1773
toronto_query_-4mlNvZUZnbmRaGbiIndoA,transfer_2,5678,jpeg50,self,1,toronto:102,toronto:102,15.679998,36.1773
toronto_query_-4mlNvZUZnbmRaGbiIndoA,transfer_3,5678,jpeg50,self,1,toronto:102,toronto:102,15.680000,36.1773
toronto_query_-4mlNvZUZnbmRaGbiIndoA,transfer_4,5678,jpeg50,self,8,toronto:192,toronto:102,15.680000,36.1773
toronto_query_-4mlNvZUZnbmRaGbiIndoA,isotropic,9012,jpeg50,self,1,toronto:102,toronto:102,15.680002,36.1773
toronto_query_-4mlNvZUZnbmRaGbiIndoA,white_box,9012,jpeg50,self,2,toronto:192,toronto:102,15.679997,36.1773
toronto_query_-4mlNvZUZnbmRaGbiIndoA,transfer_1,9012,jpeg50,self,1,toronto:102,toronto:102,15.680000,36.1773
toronto_query_-4mlNvZUZnbmRaGbiIndoA,transfer_2,9012,jpeg50,self,2,toronto:192,toronto:102,15.679996,36.1773
toronto_query_-4mlNvZUZnbmRaGbiIndoA,transfer_3,9012,jpeg50,self,2,toronto:192,toronto:102,15.680000,36.1773
toronto_query_-4mlNvZUZnbmRaGbiIndoA,transfer_4,9012,jpeg50,self,3,toronto:192,toronto:102,15.680000,36.1773
zurich_query_-71-BK_yAOJ1soK0OQWIcg,isotropic,1234,jpeg50,self,1,zurich:44,zurich:44,15.680000,36.1773
zurich_query_-71-BK_yAOJ1soK0OQWIcg,white_box,1234,jpeg50,self,1,zurich:44,zurich:44,15.680000,36.1773
zurich_query_-71-BK_yAOJ1soK0OQWIcg,transfer_1,1234,jpeg50,self,1,zurich:44,zurich:44,15.679997,36.1773
zurich_query_-71-BK_yAOJ1soK0OQWIcg,transfer_2,1234,jpeg50,self,1,zurich:44,zurich:44,15.680000,36.1773
zurich_query_-71-BK_yAOJ1soK0OQWIcg,transfer_3,1234,jpeg50,self,1,zurich:44,zurich:44,15.680000,36.1773
zurich_query_-71-BK_yAOJ1soK0OQWIcg,transfer_4,1234,jpeg50,self,1,zurich:44,zurich:44,15.679998,36.1773
zurich_query_-71-BK_yAOJ1soK0OQWIcg,isotropic,5678,jpeg50,self,1,zurich:44,zurich:44,15.680000,36.1773
zurich_query_-71-BK_yAOJ1soK0OQWIcg,white_box,5678,jpeg50,self,1,zurich:44,zurich:44,15.680000,36.1773
zurich_query_-71-BK_yAOJ1soK0OQWIcg,transfer_1,5678,jpeg50,self,1,zurich:44,zurich:44,15.679997,36.1773
zurich_query_-71-BK_yAOJ1soK0OQWIcg,transfer_2,5678,jpeg50,self,1,zurich:44,zurich:44,15.679997,36.1773
zurich_query_-71-BK_yAOJ1soK0OQWIcg,transfer_3,5678,jpeg50,self,1,zurich:44,zurich:44,15.679998,36.1773
zurich_query_-71-BK_yAOJ1soK0OQWIcg,transfer_4,5678,jpeg50,self,1,zurich:44,zurich:44,15.680000,36.1773
zurich_query_-71-BK_yAOJ1soK0OQWIcg,isotropic,9012,jpeg50,self,1,zurich:44,zurich:44,15.680001,36.1773
zurich_query_-71-BK_yAOJ1soK0OQWIcg,white_box,9012,jpeg50,self,1,zurich:44,zurich:44,15.680000,36.1773
zurich_query_-71-BK_yAOJ1soK0OQWIcg,transfer_1,9012,jpeg50,self,1,zurich:44,zurich:44,15.679997,36.1773
zurich_query_-71-BK_yAOJ1soK0OQWIcg,transfer_2,9012,jpeg50,self,1,zurich:44,zurich:44,15.680000,36.1773
zurich_query_-71-BK_yAOJ1soK0OQWIcg,transfer_3,9012,jpeg50,self,1,zurich:44,zurich:44,15.679998,36.1773
zurich_query_-71-BK_yAOJ1soK0OQWIcg,transfer_4,9012,jpeg50,self,1,zurich:44,zurich:44,15.679997,36.1773
amman_query_-EAmCN9i5BGEadZIccXEyA,isotropic,1234,jpeg50,self,2,cph:7,amman:30,15.679998,36.1773
amman_query_-EAmCN9i5BGEadZIccXEyA,white_box,1234,jpeg50,self,2,cph:7,amman:30,15.680000,36.1773
amman_query_-EAmCN9i5BGEadZIccXEyA,transfer_1,1234,jpeg50,self,3,cph:7,amman:30,15.680002,36.1773
amman_query_-EAmCN9i5BGEadZIccXEyA,transfer_2,1234,jpeg50,self,2,cph:7,amman:30,15.679998,36.1773
amman_query_-EAmCN9i5BGEadZIccXEyA,transfer_3,1234,jpeg50,self,2,toronto:253,amman:30,15.679997,36.1773
amman_query_-EAmCN9i5BGEadZIccXEyA,transfer_4,1234,jpeg50,self,1,amman:30,amman:30,15.679998,36.1773
amman_query_-EAmCN9i5BGEadZIccXEyA,isotropic,5678,jpeg50,self,1,amman:30,amman:30,15.680000,36.1773
amman_query_-EAmCN9i5BGEadZIccXEyA,white_box,5678,jpeg50,self,2,toronto:253,amman:30,15.679998,36.1773
amman_query_-EAmCN9i5BGEadZIccXEyA,transfer_1,5678,jpeg50,self,2,cph:7,amman:30,15.679996,36.1773
amman_query_-EAmCN9i5BGEadZIccXEyA,transfer_2,5678,jpeg50,self,1,amman:30,amman:30,15.680000,36.1773
amman_query_-EAmCN9i5BGEadZIccXEyA,transfer_3,5678,jpeg50,self,2,toronto:253,amman:30,15.679997,36.1773
amman_query_-EAmCN9i5BGEadZIccXEyA,transfer_4,5678,jpeg50,self,3,cph:7,amman:30,15.680000,36.1773
amman_query_-EAmCN9i5BGEadZIccXEyA,isotropic,9012,jpeg50,self,2,cph:7,amman:30,15.680001,36.1773
amman_query_-EAmCN9i5BGEadZIccXEyA,white_box,9012,jpeg50,self,9,toronto:253,amman:30,15.680000,36.1773
amman_query_-EAmCN9i5BGEadZIccXEyA,transfer_1,9012,jpeg50,self,3,cph:7,amman:30,15.680001,36.1773
amman_query_-EAmCN9i5BGEadZIccXEyA,transfer_2,9012,jpeg50,self,3,cph:7,amman:30,15.679996,36.1773
amman_query_-EAmCN9i5BGEadZIccXEyA,transfer_3,9012,jpeg50,self,2,toronto:253,amman:30,15.679998,36.1773
amman_query_-EAmCN9i5BGEadZIccXEyA,transfer_4,9012,jpeg50,self,2,cph:7,amman:30,15.680000,36.1773
boston_query_-4vuSn0vvcBVOccgQqFlow,isotropic,1234,jpeg50,self,1,boston:149,boston:149,15.680000,36.1773
boston_query_-4vuSn0vvcBVOccgQqFlow,white_box,1234,jpeg50,self,1,boston:149,boston:149,15.679998,36.1773
boston_query_-4vuSn0vvcBVOccgQqFlow,transfer_1,1234,jpeg50,self,1,boston:149,boston:149,15.680000,36.1773
boston_query_-4vuSn0vvcBVOccgQqFlow,transfer_2,1234,jpeg50,self,1,boston:149,boston:149,15.679998,36.1773
boston_query_-4vuSn0vvcBVOccgQqFlow,transfer_3,1234,jpeg50,self,1,boston:149,boston:149,15.679997,36.1773
boston_query_-4vuSn0vvcBVOccgQqFlow,transfer_4,1234,jpeg50,self,1,boston:149,boston:149,15.679997,36.1773
boston_query_-4vuSn0vvcBVOccgQqFlow,isotropic,5678,jpeg50,self,1,boston:149,boston:149,15.679997,36.1773
boston_query_-4vuSn0vvcBVOccgQqFlow,white_box,5678,jpeg50,self,1,boston:149,boston:149,15.680000,36.1773
boston_query_-4vuSn0vvcBVOccgQqFlow,transfer_1,5678,jpeg50,self,1,boston:149,boston:149,15.680001,36.1773
boston_query_-4vuSn0vvcBVOccgQqFlow,transfer_2,5678,jpeg50,self,1,boston:149,boston:149,15.679998,36.1773
boston_query_-4vuSn0vvcBVOccgQqFlow,transfer_3,5678,jpeg50,self,1,boston:149,boston:149,15.680000,36.1773
boston_query_-4vuSn0vvcBVOccgQqFlow,transfer_4,5678,jpeg50,self,1,boston:149,boston:149,15.680001,36.1773
boston_query_-4vuSn0vvcBVOccgQqFlow,isotropic,9012,jpeg50,self,1,boston:149,boston:149,15.680000,36.1773
boston_query_-4vuSn0vvcBVOccgQqFlow,white_box,9012,jpeg50,self,1,boston:149,boston:149,15.679997,36.1773
boston_query_-4vuSn0vvcBVOccgQqFlow,transfer_1,9012,jpeg50,self,1,boston:149,boston:149,15.679998,36.1773
boston_query_-4vuSn0vvcBVOccgQqFlow,transfer_2,9012,jpeg50,self,1,boston:149,boston:149,15.680000,36.1773
boston_query_-4vuSn0vvcBVOccgQqFlow,transfer_3,9012,jpeg50,self,1,boston:149,boston:149,15.680000,36.1773
boston_query_-4vuSn0vvcBVOccgQqFlow,transfer_4,9012,jpeg50,self,1,boston:149,boston:149,15.680000,36.1773
cph_query_-07-gME-zaQLhCsFrSInSg,isotropic,1234,jpeg50,self,1,cph:241,cph:241,15.679997,36.1773
cph_query_-07-gME-zaQLhCsFrSInSg,white_box,1234,jpeg50,self,1,cph:241,cph:241,15.680001,36.1773
cph_query_-07-gME-zaQLhCsFrSInSg,transfer_1,1234,jpeg50,self,1,cph:241,cph:241,15.679997,36.1773
cph_query_-07-gME-zaQLhCsFrSInSg,transfer_2,1234,jpeg50,self,1,cph:241,cph:241,15.680000,36.1773
cph_query_-07-gME-zaQLhCsFrSInSg,transfer_3,1234,jpeg50,self,1,cph:241,cph:241,15.680000,36.1773
cph_query_-07-gME-zaQLhCsFrSInSg,transfer_4,1234,jpeg50,self,1,cph:241,cph:241,15.680000,36.1773
cph_query_-07-gME-zaQLhCsFrSInSg,isotropic,5678,jpeg50,self,1,cph:241,cph:241,15.679997,36.1773
cph_query_-07-gME-zaQLhCsFrSInSg,white_box,5678,jpeg50,self,1,cph:241,cph:241,15.680000,36.1773
cph_query_-07-gME-zaQLhCsFrSInSg,transfer_1,5678,jpeg50,self,1,cph:241,cph:241,15.680000,36.1773
cph_query_-07-gME-zaQLhCsFrSInSg,transfer_2,5678,jpeg50,self,1,cph:241,cph:241,15.679997,36.1773
cph_query_-07-gME-zaQLhCsFrSInSg,transfer_3,5678,jpeg50,self,1,cph:241,cph:241,15.680000,36.1773
cph_query_-07-gME-zaQLhCsFrSInSg,transfer_4,5678,jpeg50,self,1,cph:241,cph:241,15.679998,36.1773
cph_query_-07-gME-zaQLhCsFrSInSg,isotropic,9012,jpeg50,self,1,cph:241,cph:241,15.679996,36.1773
cph_query_-07-gME-zaQLhCsFrSInSg,white_box,9012,jpeg50,self,1,cph:241,cph:241,15.680000,36.1773
cph_query_-07-gME-zaQLhCsFrSInSg,transfer_1,9012,jpeg50,self,1,cph:241,cph:241,15.680000,36.1773
cph_query_-07-gME-zaQLhCsFrSInSg,transfer_2,9012,jpeg50,self,1,cph:241,cph:241,15.679997,36.1773
cph_query_-07-gME-zaQLhCsFrSInSg,transfer_3,9012,jpeg50,self,1,cph:241,cph:241,15.679997,36.1773
cph_query_-07-gME-zaQLhCsFrSInSg,transfer_4,9012,jpeg50,self,1,cph:241,cph:241,15.679997,36.1773
london_query_-7U9wY8ynnu3oZ1g_-0xww,isotropic,1234,jpeg50,self,1,london:104,london:104,15.680000,36.1773
london_query_-7U9wY8ynnu3oZ1g_-0xww,white_box,1234,jpeg50,self,83,boston:249,london:104,15.680000,36.1773
london_query_-7U9wY8ynnu3oZ1g_-0xww,transfer_1,1234,jpeg50,self,3,boston:249,london:104,15.679997,36.1773
london_query_-7U9wY8ynnu3oZ1g_-0xww,transfer_2,1234,jpeg50,self,1,london:104,london:104,15.680000,36.1773
london_query_-7U9wY8ynnu3oZ1g_-0xww,transfer_3,1234,jpeg50,self,4,boston:249,london:104,15.680001,36.1773
london_query_-7U9wY8ynnu3oZ1g_-0xww,transfer_4,1234,jpeg50,self,3,boston:249,london:104,15.679996,36.1773
london_query_-7U9wY8ynnu3oZ1g_-0xww,isotropic,5678,jpeg50,self,1,london:104,london:104,15.679997,36.1773
london_query_-7U9wY8ynnu3oZ1g_-0xww,white_box,5678,jpeg50,self,19,boston:249,london:104,15.680001,36.1773
london_query_-7U9wY8ynnu3oZ1g_-0xww,transfer_1,5678,jpeg50,self,15,toronto:196,london:104,15.679998,36.1773
london_query_-7U9wY8ynnu3oZ1g_-0xww,transfer_2,5678,jpeg50,self,2,boston:249,london:104,15.679998,36.1773
london_query_-7U9wY8ynnu3oZ1g_-0xww,transfer_3,5678,jpeg50,self,4,boston:249,london:104,15.679997,36.1773
london_query_-7U9wY8ynnu3oZ1g_-0xww,transfer_4,5678,jpeg50,self,3,boston:249,london:104,15.680000,36.1773
london_query_-7U9wY8ynnu3oZ1g_-0xww,isotropic,9012,jpeg50,self,1,london:104,london:104,15.679998,36.1773
london_query_-7U9wY8ynnu3oZ1g_-0xww,white_box,9012,jpeg50,self,14,manila:54,london:104,15.679997,36.1773
london_query_-7U9wY8ynnu3oZ1g_-0xww,transfer_1,9012,jpeg50,self,3,boston:249,london:104,15.679997,36.1773
london_query_-7U9wY8ynnu3oZ1g_-0xww,transfer_2,9012,jpeg50,self,4,boston:249,london:104,15.680000,36.1773
london_query_-7U9wY8ynnu3oZ1g_-0xww,transfer_3,9012,jpeg50,self,2,boston:249,london:104,15.679998,36.1773
london_query_-7U9wY8ynnu3oZ1g_-0xww,transfer_4,9012,jpeg50,self,5,boston:249,london:104,15.679998,36.1773
manila_query_-5pMypBbFEXHPOTYNJl_EA,isotropic,1234,jpeg50,self,1,manila:116,manila:116,15.679997,36.1773
manila_query_-5pMypBbFEXHPOTYNJl_EA,white_box,1234,jpeg50,self,2,manila:132,manila:116,15.680000,36.1773
manila_query_-5pMypBbFEXHPOTYNJl_EA,transfer_1,1234,jpeg50,self,1,manila:116,manila:116,15.680001,36.1773
manila_query_-5pMypBbFEXHPOTYNJl_EA,transfer_2,1234,jpeg50,self,1,manila:116,manila:116,15.680000,36.1773
manila_query_-5pMypBbFEXHPOTYNJl_EA,transfer_3,1234,jpeg50,self,1,manila:116,manila:116,15.680000,36.1773
manila_query_-5pMypBbFEXHPOTYNJl_EA,transfer_4,1234,jpeg50,self,1,manila:116,manila:116,15.680000,36.1773
manila_query_-5pMypBbFEXHPOTYNJl_EA,isotropic,5678,jpeg50,self,1,manila:116,manila:116,15.679996,36.1773
manila_query_-5pMypBbFEXHPOTYNJl_EA,white_box,5678,jpeg50,self,1,manila:116,manila:116,15.679998,36.1773
manila_query_-5pMypBbFEXHPOTYNJl_EA,transfer_1,5678,jpeg50,self,1,manila:116,manila:116,15.680000,36.1773
manila_query_-5pMypBbFEXHPOTYNJl_EA,transfer_2,5678,jpeg50,self,1,manila:116,manila:116,15.680000,36.1773
manila_query_-5pMypBbFEXHPOTYNJl_EA,transfer_3,5678,jpeg50,self,1,manila:116,manila:116,15.679998,36.1773
manila_query_-5pMypBbFEXHPOTYNJl_EA,transfer_4,5678,jpeg50,self,1,manila:116,manila:116,15.680000,36.1773
manila_query_-5pMypBbFEXHPOTYNJl_EA,isotropic,9012,jpeg50,self,1,manila:116,manila:116,15.680001,36.1773
manila_query_-5pMypBbFEXHPOTYNJl_EA,white_box,9012,jpeg50,self,1,manila:116,manila:116,15.679998,36.1773
manila_query_-5pMypBbFEXHPOTYNJl_EA,transfer_1,9012,jpeg50,self,1,manila:116,manila:116,15.679996,36.1773
manila_query_-5pMypBbFEXHPOTYNJl_EA,transfer_2,9012,jpeg50,self,1,manila:116,manila:116,15.680000,36.1773
manila_query_-5pMypBbFEXHPOTYNJl_EA,transfer_3,9012,jpeg50,self,1,manila:116,manila:116,15.680000,36.1773
manila_query_-5pMypBbFEXHPOTYNJl_EA,transfer_4,9012,jpeg50,self,1,manila:116,manila:116,15.680000,36.1773
nairobi_query_-rWgRitoKSYrdczUKUiOrA,isotropic,1234,jpeg50,self,1,nairobi:22,nairobi:22,15.679997,36.1773
nairobi_query_-rWgRitoKSYrdczUKUiOrA,white_box,1234,jpeg50,self,1,nairobi:22,nairobi:22,15.680000,36.1773
nairobi_query_-rWgRitoKSYrdczUKUiOrA,transfer_1,1234,jpeg50,self,1,nairobi:22,nairobi:22,15.679998,36.1773
nairobi_query_-rWgRitoKSYrdczUKUiOrA,transfer_2,1234,jpeg50,self,1,nairobi:22,nairobi:22,15.680000,36.1773
nairobi_query_-rWgRitoKSYrdczUKUiOrA,transfer_3,1234,jpeg50,self,1,nairobi:22,nairobi:22,15.679998,36.1773
nairobi_query_-rWgRitoKSYrdczUKUiOrA,transfer_4,1234,jpeg50,self,1,nairobi:22,nairobi:22,15.679998,36.1773
nairobi_query_-rWgRitoKSYrdczUKUiOrA,isotropic,5678,jpeg50,self,1,nairobi:22,nairobi:22,15.680000,36.1773
nairobi_query_-rWgRitoKSYrdczUKUiOrA,white_box,5678,jpeg50,self,1,nairobi:22,nairobi:22,15.679998,36.1773
nairobi_query_-rWgRitoKSYrdczUKUiOrA,transfer_1,5678,jpeg50,self,1,nairobi:22,nairobi:22,15.680000,36.1773
nairobi_query_-rWgRitoKSYrdczUKUiOrA,transfer_2,5678,jpeg50,self,1,nairobi:22,nairobi:22,15.679998,36.1773
nairobi_query_-rWgRitoKSYrdczUKUiOrA,transfer_3,5678,jpeg50,self,1,nairobi:22,nairobi:22,15.680000,36.1773
nairobi_query_-rWgRitoKSYrdczUKUiOrA,transfer_4,5678,jpeg50,self,1,nairobi:22,nairobi:22,15.680000,36.1773
nairobi_query_-rWgRitoKSYrdczUKUiOrA,isotropic,9012,jpeg50,self,1,nairobi:22,nairobi:22,15.680000,36.1773
nairobi_query_-rWgRitoKSYrdczUKUiOrA,white_box,9012,jpeg50,self,1,nairobi:22,nairobi:22,15.680000,36.1773
nairobi_query_-rWgRitoKSYrdczUKUiOrA,transfer_1,9012,jpeg50,self,1,nairobi:22,nairobi:22,15.680000,36.1773
nairobi_query_-rWgRitoKSYrdczUKUiOrA,transfer_2,9012,jpeg50,self,1,nairobi:22,nairobi:22,15.680000,36.1773
nairobi_query_-rWgRitoKSYrdczUKUiOrA,transfer_3,9012,jpeg50,self,1,nairobi:22,nairobi:22,15.680000,36.1773
nairobi_query_-rWgRitoKSYrdczUKUiOrA,transfer_4,9012,jpeg50,self,1,nairobi:22,nairobi:22,15.680001,36.1773
toronto_query_-5HBlqC41yTbYA1NM7dz1A,isotropic,1234,jpeg50,self,1,toronto:156,toronto:156,15.680000,36.1773
toronto_query_-5HBlqC41yTbYA1NM7dz1A,white_box,1234,jpeg50,self,1,toronto:156,toronto:156,15.680000,36.1773
toronto_query_-5HBlqC41yTbYA1NM7dz1A,transfer_1,1234,jpeg50,self,1,toronto:156,toronto:156,15.679997,36.1773
toronto_query_-5HBlqC41yTbYA1NM7dz1A,transfer_2,1234,jpeg50,self,1,toronto:156,toronto:156,15.680000,36.1773
toronto_query_-5HBlqC41yTbYA1NM7dz1A,transfer_3,1234,jpeg50,self,1,toronto:156,toronto:156,15.679997,36.1773
toronto_query_-5HBlqC41yTbYA1NM7dz1A,transfer_4,1234,jpeg50,self,1,toronto:156,toronto:156,15.680000,36.1773
toronto_query_-5HBlqC41yTbYA1NM7dz1A,isotropic,5678,jpeg50,self,1,toronto:156,toronto:156,15.680000,36.1773
toronto_query_-5HBlqC41yTbYA1NM7dz1A,white_box,5678,jpeg50,self,1,toronto:156,toronto:156,15.679998,36.1773
toronto_query_-5HBlqC41yTbYA1NM7dz1A,transfer_1,5678,jpeg50,self,1,toronto:156,toronto:156,15.679998,36.1773
toronto_query_-5HBlqC41yTbYA1NM7dz1A,transfer_2,5678,jpeg50,self,1,toronto:156,toronto:156,15.680000,36.1773
toronto_query_-5HBlqC41yTbYA1NM7dz1A,transfer_3,5678,jpeg50,self,1,toronto:156,toronto:156,15.680000,36.1773
toronto_query_-5HBlqC41yTbYA1NM7dz1A,transfer_4,5678,jpeg50,self,1,toronto:156,toronto:156,15.680001,36.1773
toronto_query_-5HBlqC41yTbYA1NM7dz1A,isotropic,9012,jpeg50,self,1,toronto:156,toronto:156,15.680001,36.1773
toronto_query_-5HBlqC41yTbYA1NM7dz1A,white_box,9012,jpeg50,self,1,toronto:156,toronto:156,15.680000,36.1773
toronto_query_-5HBlqC41yTbYA1NM7dz1A,transfer_1,9012,jpeg50,self,1,toronto:156,toronto:156,15.680000,36.1773
toronto_query_-5HBlqC41yTbYA1NM7dz1A,transfer_2,9012,jpeg50,self,1,toronto:156,toronto:156,15.680001,36.1773
toronto_query_-5HBlqC41yTbYA1NM7dz1A,transfer_3,9012,jpeg50,self,1,toronto:156,toronto:156,15.679997,36.1773
toronto_query_-5HBlqC41yTbYA1NM7dz1A,transfer_4,9012,jpeg50,self,1,toronto:156,toronto:156,15.680000,36.1773
zurich_query_-7bB9HS2MqV7UT7vRyROfg,isotropic,1234,jpeg50,self,4,cph:332,zurich:19,15.680000,36.1773
zurich_query_-7bB9HS2MqV7UT7vRyROfg,white_box,1234,jpeg50,self,5,cph:242,zurich:19,15.679997,36.1773
zurich_query_-7bB9HS2MqV7UT7vRyROfg,transfer_1,1234,jpeg50,self,5,cph:332,zurich:19,15.680000,36.1773
zurich_query_-7bB9HS2MqV7UT7vRyROfg,transfer_2,1234,jpeg50,self,1,zurich:19,zurich:19,15.680000,36.1773
zurich_query_-7bB9HS2MqV7UT7vRyROfg,transfer_3,1234,jpeg50,self,1,zurich:19,zurich:19,15.679997,36.1773
zurich_query_-7bB9HS2MqV7UT7vRyROfg,transfer_4,1234,jpeg50,self,1,zurich:19,zurich:19,15.680000,36.1773
zurich_query_-7bB9HS2MqV7UT7vRyROfg,isotropic,5678,jpeg50,self,2,cph:332,zurich:19,15.679997,36.1773
zurich_query_-7bB9HS2MqV7UT7vRyROfg,white_box,5678,jpeg50,self,8,cph:332,zurich:19,15.679997,36.1773
zurich_query_-7bB9HS2MqV7UT7vRyROfg,transfer_1,5678,jpeg50,self,7,cph:332,zurich:19,15.679997,36.1773
zurich_query_-7bB9HS2MqV7UT7vRyROfg,transfer_2,5678,jpeg50,self,1,zurich:19,zurich:19,15.680000,36.1773
zurich_query_-7bB9HS2MqV7UT7vRyROfg,transfer_3,5678,jpeg50,self,6,cph:332,zurich:19,15.680000,36.1773
zurich_query_-7bB9HS2MqV7UT7vRyROfg,transfer_4,5678,jpeg50,self,3,cph:332,zurich:19,15.679998,36.1773
zurich_query_-7bB9HS2MqV7UT7vRyROfg,isotropic,9012,jpeg50,self,2,cph:332,zurich:19,15.679998,36.1773
zurich_query_-7bB9HS2MqV7UT7vRyROfg,white_box,9012,jpeg50,self,5,cph:332,zurich:19,15.680002,36.1773
zurich_query_-7bB9HS2MqV7UT7vRyROfg,transfer_1,9012,jpeg50,self,3,cph:332,zurich:19,15.679998,36.1773
zurich_query_-7bB9HS2MqV7UT7vRyROfg,transfer_2,9012,jpeg50,self,1,zurich:19,zurich:19,15.679997,36.1773
zurich_query_-7bB9HS2MqV7UT7vRyROfg,transfer_3,9012,jpeg50,self,2,cph:332,zurich:19,15.680002,36.1773
zurich_query_-7bB9HS2MqV7UT7vRyROfg,transfer_4,9012,jpeg50,self,1,zurich:19,zurich:19,15.679998,36.1773
amman_query_-L_vanPrT4RcWlLbzCqMKA,isotropic,1234,jpeg50,self,1,amman:29,amman:29,15.679998,36.1773
amman_query_-L_vanPrT4RcWlLbzCqMKA,white_box,1234,jpeg50,self,1,amman:29,amman:29,15.679998,36.1773
amman_query_-L_vanPrT4RcWlLbzCqMKA,transfer_1,1234,jpeg50,self,1,amman:29,amman:29,15.679997,36.1773
amman_query_-L_vanPrT4RcWlLbzCqMKA,transfer_2,1234,jpeg50,self,1,amman:29,amman:29,15.680000,36.1773
amman_query_-L_vanPrT4RcWlLbzCqMKA,transfer_3,1234,jpeg50,self,1,amman:29,amman:29,15.679997,36.1773
amman_query_-L_vanPrT4RcWlLbzCqMKA,transfer_4,1234,jpeg50,self,1,amman:29,amman:29,15.679997,36.1773
amman_query_-L_vanPrT4RcWlLbzCqMKA,isotropic,5678,jpeg50,self,1,amman:29,amman:29,15.679998,36.1773
amman_query_-L_vanPrT4RcWlLbzCqMKA,white_box,5678,jpeg50,self,1,amman:29,amman:29,15.680001,36.1773
amman_query_-L_vanPrT4RcWlLbzCqMKA,transfer_1,5678,jpeg50,self,1,amman:29,amman:29,15.680001,36.1773
amman_query_-L_vanPrT4RcWlLbzCqMKA,transfer_2,5678,jpeg50,self,1,amman:29,amman:29,15.680000,36.1773
amman_query_-L_vanPrT4RcWlLbzCqMKA,transfer_3,5678,jpeg50,self,1,amman:29,amman:29,15.679997,36.1773
amman_query_-L_vanPrT4RcWlLbzCqMKA,transfer_4,5678,jpeg50,self,1,amman:29,amman:29,15.680000,36.1773
amman_query_-L_vanPrT4RcWlLbzCqMKA,isotropic,9012,jpeg50,self,1,amman:29,amman:29,15.679997,36.1773
amman_query_-L_vanPrT4RcWlLbzCqMKA,white_box,9012,jpeg50,self,1,amman:29,amman:29,15.679997,36.1773
amman_query_-L_vanPrT4RcWlLbzCqMKA,transfer_1,9012,jpeg50,self,1,amman:29,amman:29,15.680000,36.1773
amman_query_-L_vanPrT4RcWlLbzCqMKA,transfer_2,9012,jpeg50,self,1,amman:29,amman:29,15.680000,36.1773
amman_query_-L_vanPrT4RcWlLbzCqMKA,transfer_3,9012,jpeg50,self,1,amman:29,amman:29,15.679998,36.1773
amman_query_-L_vanPrT4RcWlLbzCqMKA,transfer_4,9012,jpeg50,self,1,amman:29,amman:29,15.680000,36.1773
boston_query_-5-CNr3q7kmRGcDSMueI4w,isotropic,1234,jpeg50,self,1,boston:234,boston:234,15.679998,36.1773
boston_query_-5-CNr3q7kmRGcDSMueI4w,white_box,1234,jpeg50,self,1,boston:234,boston:234,15.679998,36.1773
boston_query_-5-CNr3q7kmRGcDSMueI4w,transfer_1,1234,jpeg50,self,1,boston:234,boston:234,15.680000,36.1773
boston_query_-5-CNr3q7kmRGcDSMueI4w,transfer_2,1234,jpeg50,self,1,boston:234,boston:234,15.679998,36.1773
boston_query_-5-CNr3q7kmRGcDSMueI4w,transfer_3,1234,jpeg50,self,1,boston:234,boston:234,15.680001,36.1773
boston_query_-5-CNr3q7kmRGcDSMueI4w,transfer_4,1234,jpeg50,self,1,boston:234,boston:234,15.679998,36.1773
boston_query_-5-CNr3q7kmRGcDSMueI4w,isotropic,5678,jpeg50,self,1,boston:234,boston:234,15.680000,36.1773
boston_query_-5-CNr3q7kmRGcDSMueI4w,white_box,5678,jpeg50,self,1,boston:234,boston:234,15.679997,36.1773
boston_query_-5-CNr3q7kmRGcDSMueI4w,transfer_1,5678,jpeg50,self,1,boston:234,boston:234,15.680000,36.1773
boston_query_-5-CNr3q7kmRGcDSMueI4w,transfer_2,5678,jpeg50,self,1,boston:234,boston:234,15.680000,36.1773
boston_query_-5-CNr3q7kmRGcDSMueI4w,transfer_3,5678,jpeg50,self,1,boston:234,boston:234,15.680000,36.1773
boston_query_-5-CNr3q7kmRGcDSMueI4w,transfer_4,5678,jpeg50,self,1,boston:234,boston:234,15.680000,36.1773
boston_query_-5-CNr3q7kmRGcDSMueI4w,isotropic,9012,jpeg50,self,1,boston:234,boston:234,15.679997,36.1773
boston_query_-5-CNr3q7kmRGcDSMueI4w,white_box,9012,jpeg50,self,1,boston:234,boston:234,15.680000,36.1773
boston_query_-5-CNr3q7kmRGcDSMueI4w,transfer_1,9012,jpeg50,self,1,boston:234,boston:234,15.679997,36.1773
boston_query_-5-CNr3q7kmRGcDSMueI4w,transfer_2,9012,jpeg50,self,1,boston:234,boston:234,15.680000,36.1773
boston_query_-5-CNr3q7kmRGcDSMueI4w,transfer_3,9012,jpeg50,self,1,boston:234,boston:234,15.679998,36.1773
boston_query_-5-CNr3q7kmRGcDSMueI4w,transfer_4,9012,jpeg50,self,1,boston:234,boston:234,15.679998,36.1773
cph_query_-0_HsZnndjHv76QpTyNFCA,isotropic,1234,jpeg50,self,1,cph:242,cph:242,15.680000,36.1773
cph_query_-0_HsZnndjHv76QpTyNFCA,white_box,1234,jpeg50,self,1,cph:242,cph:242,15.680000,36.1773
cph_query_-0_HsZnndjHv76QpTyNFCA,transfer_1,1234,jpeg50,self,1,cph:242,cph:242,15.679997,36.1773
cph_query_-0_HsZnndjHv76QpTyNFCA,transfer_2,1234,jpeg50,self,1,cph:242,cph:242,15.680000,36.1773
cph_query_-0_HsZnndjHv76QpTyNFCA,transfer_3,1234,jpeg50,self,1,cph:242,cph:242,15.680000,36.1773
cph_query_-0_HsZnndjHv76QpTyNFCA,transfer_4,1234,jpeg50,self,1,cph:242,cph:242,15.680000,36.1773
cph_query_-0_HsZnndjHv76QpTyNFCA,isotropic,5678,jpeg50,self,1,cph:242,cph:242,15.680000,36.1773
cph_query_-0_HsZnndjHv76QpTyNFCA,white_box,5678,jpeg50,self,1,cph:242,cph:242,15.679997,36.1773
cph_query_-0_HsZnndjHv76QpTyNFCA,transfer_1,5678,jpeg50,self,1,cph:242,cph:242,15.680000,36.1773
cph_query_-0_HsZnndjHv76QpTyNFCA,transfer_2,5678,jpeg50,self,1,cph:242,cph:242,15.679997,36.1773
cph_query_-0_HsZnndjHv76QpTyNFCA,transfer_3,5678,jpeg50,self,1,cph:242,cph:242,15.680002,36.1773
cph_query_-0_HsZnndjHv76QpTyNFCA,transfer_4,5678,jpeg50,self,1,cph:242,cph:242,15.680000,36.1773
cph_query_-0_HsZnndjHv76QpTyNFCA,isotropic,9012,jpeg50,self,1,cph:242,cph:242,15.679997,36.1773
cph_query_-0_HsZnndjHv76QpTyNFCA,white_box,9012,jpeg50,self,1,cph:242,cph:242,15.680002,36.1773
cph_query_-0_HsZnndjHv76QpTyNFCA,transfer_1,9012,jpeg50,self,1,cph:242,cph:242,15.679997,36.1773
cph_query_-0_HsZnndjHv76QpTyNFCA,transfer_2,9012,jpeg50,self,1,cph:242,cph:242,15.680001,36.1773
cph_query_-0_HsZnndjHv76QpTyNFCA,transfer_3,9012,jpeg50,self,1,cph:242,cph:242,15.680000,36.1773
cph_query_-0_HsZnndjHv76QpTyNFCA,transfer_4,9012,jpeg50,self,1,cph:242,cph:242,15.680000,36.1773
london_query_-7cNAk24ZhuoOowcvDoImw,isotropic,1234,jpeg50,self,1,london:126,london:126,15.680000,36.1773
london_query_-7cNAk24ZhuoOowcvDoImw,white_box,1234,jpeg50,self,2,toronto:34,london:126,15.680000,36.1773
london_query_-7cNAk24ZhuoOowcvDoImw,transfer_1,1234,jpeg50,self,1,london:126,london:126,15.680000,36.1773
london_query_-7cNAk24ZhuoOowcvDoImw,transfer_2,1234,jpeg50,self,2,toronto:34,london:126,15.680000,36.1773
london_query_-7cNAk24ZhuoOowcvDoImw,transfer_3,1234,jpeg50,self,2,toronto:34,london:126,15.679997,36.1773
london_query_-7cNAk24ZhuoOowcvDoImw,transfer_4,1234,jpeg50,self,2,toronto:34,london:126,15.679997,36.1773
london_query_-7cNAk24ZhuoOowcvDoImw,isotropic,5678,jpeg50,self,2,toronto:34,london:126,15.680002,36.1773
london_query_-7cNAk24ZhuoOowcvDoImw,white_box,5678,jpeg50,self,1,london:126,london:126,15.679997,36.1773
london_query_-7cNAk24ZhuoOowcvDoImw,transfer_1,5678,jpeg50,self,2,toronto:34,london:126,15.680000,36.1773
london_query_-7cNAk24ZhuoOowcvDoImw,transfer_2,5678,jpeg50,self,1,london:126,london:126,15.679997,36.1773
london_query_-7cNAk24ZhuoOowcvDoImw,transfer_3,5678,jpeg50,self,2,toronto:34,london:126,15.679998,36.1773
london_query_-7cNAk24ZhuoOowcvDoImw,transfer_4,5678,jpeg50,self,1,london:126,london:126,15.680000,36.1773
london_query_-7cNAk24ZhuoOowcvDoImw,isotropic,9012,jpeg50,self,1,london:126,london:126,15.679998,36.1773
london_query_-7cNAk24ZhuoOowcvDoImw,white_box,9012,jpeg50,self,1,london:126,london:126,15.680001,36.1773
london_query_-7cNAk24ZhuoOowcvDoImw,transfer_1,9012,jpeg50,self,1,london:126,london:126,15.680000,36.1773
london_query_-7cNAk24ZhuoOowcvDoImw,transfer_2,9012,jpeg50,self,2,toronto:34,london:126,15.679997,36.1773
london_query_-7cNAk24ZhuoOowcvDoImw,transfer_3,9012,jpeg50,self,1,london:126,london:126,15.680001,36.1773
london_query_-7cNAk24ZhuoOowcvDoImw,transfer_4,9012,jpeg50,self,1,london:126,london:126,15.679998,36.1773
manila_query_-6NSbTuzpeyDbSXKeGAasg,isotropic,1234,jpeg50,self,1,manila:190,manila:190,15.680000,36.1773
manila_query_-6NSbTuzpeyDbSXKeGAasg,white_box,1234,jpeg50,self,1,manila:190,manila:190,15.679997,36.1773
manila_query_-6NSbTuzpeyDbSXKeGAasg,transfer_1,1234,jpeg50,self,1,manila:190,manila:190,15.680000,36.1773
manila_query_-6NSbTuzpeyDbSXKeGAasg,transfer_2,1234,jpeg50,self,1,manila:190,manila:190,15.679997,36.1773
manila_query_-6NSbTuzpeyDbSXKeGAasg,transfer_3,1234,jpeg50,self,1,manila:190,manila:190,15.680000,36.1773
manila_query_-6NSbTuzpeyDbSXKeGAasg,transfer_4,1234,jpeg50,self,1,manila:190,manila:190,15.679997,36.1773
manila_query_-6NSbTuzpeyDbSXKeGAasg,isotropic,5678,jpeg50,self,1,manila:190,manila:190,15.679997,36.1773
manila_query_-6NSbTuzpeyDbSXKeGAasg,white_box,5678,jpeg50,self,1,manila:190,manila:190,15.679998,36.1773
manila_query_-6NSbTuzpeyDbSXKeGAasg,transfer_1,5678,jpeg50,self,1,manila:190,manila:190,15.680000,36.1773
manila_query_-6NSbTuzpeyDbSXKeGAasg,transfer_2,5678,jpeg50,self,1,manila:190,manila:190,15.679998,36.1773
manila_query_-6NSbTuzpeyDbSXKeGAasg,transfer_3,5678,jpeg50,self,1,manila:190,manila:190,15.680000,36.1773
manila_query_-6NSbTuzpeyDbSXKeGAasg,transfer_4,5678,jpeg50,self,1,manila:190,manila:190,15.680001,36.1773
manila_query_-6NSbTuzpeyDbSXKeGAasg,isotropic,9012,jpeg50,self,1,manila:190,manila:190,15.679997,36.1773
manila_query_-6NSbTuzpeyDbSXKeGAasg,white_box,9012,jpeg50,self,1,manila:190,manila:190,15.680000,36.1773
manila_query_-6NSbTuzpeyDbSXKeGAasg,transfer_1,9012,jpeg50,self,1,manila:190,manila:190,15.679998,36.1773
manila_query_-6NSbTuzpeyDbSXKeGAasg,transfer_2,9012,jpeg50,self,1,manila:190,manila:190,15.680000,36.1773
manila_query_-6NSbTuzpeyDbSXKeGAasg,transfer_3,9012,jpeg50,self,1,manila:190,manila:190,15.680000,36.1773
manila_query_-6NSbTuzpeyDbSXKeGAasg,transfer_4,9012,jpeg50,self,1,manila:190,manila:190,15.679996,36.1773
nairobi_query_-yxXz3in11JFniZQAa7m2A,isotropic,1234,jpeg50,self,1,nairobi:10,nairobi:10,15.680000,36.1773
nairobi_query_-yxXz3in11JFniZQAa7m2A,white_box,1234,jpeg50,self,1,nairobi:10,nairobi:10,15.680000,36.1773
nairobi_query_-yxXz3in11JFniZQAa7m2A,transfer_1,1234,jpeg50,self,1,nairobi:10,nairobi:10,15.679997,36.1773
nairobi_query_-yxXz3in11JFniZQAa7m2A,transfer_2,1234,jpeg50,self,1,nairobi:10,nairobi:10,15.679998,36.1773
nairobi_query_-yxXz3in11JFniZQAa7m2A,transfer_3,1234,jpeg50,self,1,nairobi:10,nairobi:10,15.680001,36.1773
nairobi_query_-yxXz3in11JFniZQAa7m2A,transfer_4,1234,jpeg50,self,1,nairobi:10,nairobi:10,15.679997,36.1773
nairobi_query_-yxXz3in11JFniZQAa7m2A,isotropic,5678,jpeg50,self,1,nairobi:10,nairobi:10,15.680001,36.1773
nairobi_query_-yxXz3in11JFniZQAa7m2A,white_box,5678,jpeg50,self,1,nairobi:10,nairobi:10,15.680000,36.1773
nairobi_query_-yxXz3in11JFniZQAa7m2A,transfer_1,5678,jpeg50,self,1,nairobi:10,nairobi:10,15.679997,36.1773
nairobi_query_-yxXz3in11JFniZQAa7m2A,transfer_2,5678,jpeg50,self,1,nairobi:10,nairobi:10,15.680001,36.1773
nairobi_query_-yxXz3in11JFniZQAa7m2A,transfer_3,5678,jpeg50,self,1,nairobi:10,nairobi:10,15.679998,36.1773
nairobi_query_-yxXz3in11JFniZQAa7m2A,transfer_4,5678,jpeg50,self,1,nairobi:10,nairobi:10,15.680001,36.1773
nairobi_query_-yxXz3in11JFniZQAa7m2A,isotropic,9012,jpeg50,self,1,nairobi:10,nairobi:10,15.680001,36.1773
nairobi_query_-yxXz3in11JFniZQAa7m2A,white_box,9012,jpeg50,self,1,nairobi:10,nairobi:10,15.679997,36.1773
nairobi_query_-yxXz3in11JFniZQAa7m2A,transfer_1,9012,jpeg50,self,1,nairobi:10,nairobi:10,15.680001,36.1773
nairobi_query_-yxXz3in11JFniZQAa7m2A,transfer_2,9012,jpeg50,self,1,nairobi:10,nairobi:10,15.679996,36.1773
nairobi_query_-yxXz3in11JFniZQAa7m2A,transfer_3,9012,jpeg50,self,1,nairobi:10,nairobi:10,15.679997,36.1773
nairobi_query_-yxXz3in11JFniZQAa7m2A,transfer_4,9012,jpeg50,self,1,nairobi:10,nairobi:10,15.679997,36.1773
toronto_query_-5RKNbex7In9Ys4mH40wXA,isotropic,1234,jpeg50,self,25,toronto:192,toronto:3,15.679996,36.1773
toronto_query_-5RKNbex7In9Ys4mH40wXA,white_box,1234,jpeg50,self,54,manila:46,toronto:3,15.680000,36.1773
toronto_query_-5RKNbex7In9Ys4mH40wXA,transfer_1,1234,jpeg50,self,15,toronto:218,toronto:3,15.679997,36.1773
toronto_query_-5RKNbex7In9Ys4mH40wXA,transfer_2,1234,jpeg50,self,53,toronto:171,toronto:3,15.679997,36.1773
toronto_query_-5RKNbex7In9Ys4mH40wXA,transfer_3,1234,jpeg50,self,26,toronto:200,toronto:3,15.680000,36.1773
toronto_query_-5RKNbex7In9Ys4mH40wXA,transfer_4,1234,jpeg50,self,18,toronto:200,toronto:3,15.679998,36.1773
toronto_query_-5RKNbex7In9Ys4mH40wXA,isotropic,5678,jpeg50,self,22,toronto:192,toronto:3,15.680001,36.1773
toronto_query_-5RKNbex7In9Ys4mH40wXA,white_box,5678,jpeg50,self,22,toronto:88,toronto:3,15.680000,36.1773
toronto_query_-5RKNbex7In9Ys4mH40wXA,transfer_1,5678,jpeg50,self,21,toronto:218,toronto:3,15.679997,36.1773
toronto_query_-5RKNbex7In9Ys4mH40wXA,transfer_2,5678,jpeg50,self,11,toronto:218,toronto:3,15.679997,36.1773
toronto_query_-5RKNbex7In9Ys4mH40wXA,transfer_3,5678,jpeg50,self,29,toronto:218,toronto:3,15.680000,36.1773
toronto_query_-5RKNbex7In9Ys4mH40wXA,transfer_4,5678,jpeg50,self,34,toronto:88,toronto:3,15.679998,36.1773
toronto_query_-5RKNbex7In9Ys4mH40wXA,isotropic,9012,jpeg50,self,14,toronto:218,toronto:3,15.679998,36.1773
toronto_query_-5RKNbex7In9Ys4mH40wXA,white_box,9012,jpeg50,self,31,london:119,toronto:3,15.680000,36.1773
toronto_query_-5RKNbex7In9Ys4mH40wXA,transfer_1,9012,jpeg50,self,17,toronto:88,toronto:3,15.679997,36.1773
toronto_query_-5RKNbex7In9Ys4mH40wXA,transfer_2,9012,jpeg50,self,36,toronto:192,toronto:3,15.679998,36.1773
toronto_query_-5RKNbex7In9Ys4mH40wXA,transfer_3,9012,jpeg50,self,41,toronto:171,toronto:3,15.680000,36.1773
toronto_query_-5RKNbex7In9Ys4mH40wXA,transfer_4,9012,jpeg50,self,17,manila:46,toronto:3,15.680000,36.1773
zurich_query_-ANYzSHAsjItBx6yJauT3A,isotropic,1234,jpeg50,self,1,zurich:14,zurich:14,15.679997,36.1773
zurich_query_-ANYzSHAsjItBx6yJauT3A,white_box,1234,jpeg50,self,2,manila:67,zurich:14,15.679998,36.1773
zurich_query_-ANYzSHAsjItBx6yJauT3A,transfer_1,1234,jpeg50,self,1,zurich:14,zurich:14,15.680001,36.1773
zurich_query_-ANYzSHAsjItBx6yJauT3A,transfer_2,1234,jpeg50,self,1,zurich:14,zurich:14,15.680001,36.1773
zurich_query_-ANYzSHAsjItBx6yJauT3A,transfer_3,1234,jpeg50,self,1,zurich:14,zurich:14,15.679997,36.1773
zurich_query_-ANYzSHAsjItBx6yJauT3A,transfer_4,1234,jpeg50,self,1,zurich:14,zurich:14,15.679998,36.1773
zurich_query_-ANYzSHAsjItBx6yJauT3A,isotropic,5678,jpeg50,self,1,zurich:14,zurich:14,15.679997,36.1773
zurich_query_-ANYzSHAsjItBx6yJauT3A,white_box,5678,jpeg50,self,1,zurich:14,zurich:14,15.679997,36.1773
zurich_query_-ANYzSHAsjItBx6yJauT3A,transfer_1,5678,jpeg50,self,1,zurich:14,zurich:14,15.680001,36.1773
zurich_query_-ANYzSHAsjItBx6yJauT3A,transfer_2,5678,jpeg50,self,1,zurich:14,zurich:14,15.680000,36.1773
zurich_query_-ANYzSHAsjItBx6yJauT3A,transfer_3,5678,jpeg50,self,1,zurich:14,zurich:14,15.679998,36.1773
zurich_query_-ANYzSHAsjItBx6yJauT3A,transfer_4,5678,jpeg50,self,1,zurich:14,zurich:14,15.679998,36.1773
zurich_query_-ANYzSHAsjItBx6yJauT3A,isotropic,9012,jpeg50,self,1,zurich:14,zurich:14,15.680000,36.1773
zurich_query_-ANYzSHAsjItBx6yJauT3A,white_box,9012,jpeg50,self,1,zurich:14,zurich:14,15.679997,36.1773
zurich_query_-ANYzSHAsjItBx6yJauT3A,transfer_1,9012,jpeg50,self,1,zurich:14,zurich:14,15.679997,36.1773
zurich_query_-ANYzSHAsjItBx6yJauT3A,transfer_2,9012,jpeg50,self,1,zurich:14,zurich:14,15.679997,36.1773
zurich_query_-ANYzSHAsjItBx6yJauT3A,transfer_3,9012,jpeg50,self,1,zurich:14,zurich:14,15.680001,36.1773
zurich_query_-ANYzSHAsjItBx6yJauT3A,transfer_4,9012,jpeg50,self,1,zurich:14,zurich:14,15.679997,36.1773
amman_query_-MUBUlzvFxQS_zFg6xNhVg,isotropic,1234,jpeg50,self,4,toronto:389,amman:6,15.679997,36.1773
amman_query_-MUBUlzvFxQS_zFg6xNhVg,white_box,1234,jpeg50,self,11,amman:1,amman:6,15.679998,36.1773
amman_query_-MUBUlzvFxQS_zFg6xNhVg,transfer_1,1234,jpeg50,self,1,amman:6,amman:6,15.680000,36.1773
amman_query_-MUBUlzvFxQS_zFg6xNhVg,transfer_2,1234,jpeg50,self,1,amman:6,amman:6,15.679997,36.1773
amman_query_-MUBUlzvFxQS_zFg6xNhVg,transfer_3,1234,jpeg50,self,3,amman:0,amman:6,15.679998,36.1773
amman_query_-MUBUlzvFxQS_zFg6xNhVg,transfer_4,1234,jpeg50,self,10,amman:1,amman:6,15.679997,36.1773
amman_query_-MUBUlzvFxQS_zFg6xNhVg,isotropic,5678,jpeg50,self,8,toronto:274,amman:6,15.680000,36.1773
amman_query_-MUBUlzvFxQS_zFg6xNhVg,white_box,5678,jpeg50,self,14,amman:1,amman:6,15.680000,36.1773
amman_query_-MUBUlzvFxQS_zFg6xNhVg,transfer_1,5678,jpeg50,self,2,toronto:274,amman:6,15.680001,36.1773
amman_query_-MUBUlzvFxQS_zFg6xNhVg,transfer_2,5678,jpeg50,self,10,toronto:274,amman:6,15.680000,36.1773
amman_query_-MUBUlzvFxQS_zFg6xNhVg,transfer_3,5678,jpeg50,self,4,toronto:389,amman:6,15.679998,36.1773
amman_query_-MUBUlzvFxQS_zFg6xNhVg,transfer_4,5678,jpeg50,self,1,amman:6,amman:6,15.680000,36.1773
amman_query_-MUBUlzvFxQS_zFg6xNhVg,isotropic,9012,jpeg50,self,3,toronto:389,amman:6,15.680000,36.1773
amman_query_-MUBUlzvFxQS_zFg6xNhVg,white_box,9012,jpeg50,self,5,amman:1,amman:6,15.679997,36.1773
amman_query_-MUBUlzvFxQS_zFg6xNhVg,transfer_1,9012,jpeg50,self,1,amman:6,amman:6,15.680000,36.1773
amman_query_-MUBUlzvFxQS_zFg6xNhVg,transfer_2,9012,jpeg50,self,1,amman:6,amman:6,15.679997,36.1773
amman_query_-MUBUlzvFxQS_zFg6xNhVg,transfer_3,9012,jpeg50,self,1,amman:6,amman:6,15.680000,36.1773
amman_query_-MUBUlzvFxQS_zFg6xNhVg,transfer_4,9012,jpeg50,self,1,amman:6,amman:6,15.679997,36.1773
boston_query_-6RLrPXAeunQaNK6m645ZA,isotropic,1234,jpeg50,self,1,boston:237,boston:237,15.680002,36.1773
boston_query_-6RLrPXAeunQaNK6m645ZA,white_box,1234,jpeg50,self,1,boston:237,boston:237,15.680000,36.1773
boston_query_-6RLrPXAeunQaNK6m645ZA,transfer_1,1234,jpeg50,self,1,boston:237,boston:237,15.680001,36.1773
boston_query_-6RLrPXAeunQaNK6m645ZA,transfer_2,1234,jpeg50,self,1,boston:237,boston:237,15.679998,36.1773
boston_query_-6RLrPXAeunQaNK6m645ZA,transfer_3,1234,jpeg50,self,1,boston:237,boston:237,15.680001,36.1773
boston_query_-6RLrPXAeunQaNK6m645ZA,transfer_4,1234,jpeg50,self,1,boston:237,boston:237,15.679997,36.1773
boston_query_-6RLrPXAeunQaNK6m645ZA,isotropic,5678,jpeg50,self,1,boston:237,boston:237,15.680000,36.1773
boston_query_-6RLrPXAeunQaNK6m645ZA,white_box,5678,jpeg50,self,1,boston:237,boston:237,15.679998,36.1773
boston_query_-6RLrPXAeunQaNK6m645ZA,transfer_1,5678,jpeg50,self,1,boston:237,boston:237,15.679997,36.1773
boston_query_-6RLrPXAeunQaNK6m645ZA,transfer_2,5678,jpeg50,self,1,boston:237,boston:237,15.679997,36.1773
boston_query_-6RLrPXAeunQaNK6m645ZA,transfer_3,5678,jpeg50,self,1,boston:237,boston:237,15.679997,36.1773
boston_query_-6RLrPXAeunQaNK6m645ZA,transfer_4,5678,jpeg50,self,1,boston:237,boston:237,15.680000,36.1773
boston_query_-6RLrPXAeunQaNK6m645ZA,isotropic,9012,jpeg50,self,1,boston:237,boston:237,15.679998,36.1773
boston_query_-6RLrPXAeunQaNK6m645ZA,white_box,9012,jpeg50,self,1,boston:237,boston:237,15.679998,36.1773
boston_query_-6RLrPXAeunQaNK6m645ZA,transfer_1,9012,jpeg50,self,1,boston:237,boston:237,15.679997,36.1773
boston_query_-6RLrPXAeunQaNK6m645ZA,transfer_2,9012,jpeg50,self,1,boston:237,boston:237,15.680000,36.1773
boston_query_-6RLrPXAeunQaNK6m645ZA,transfer_3,9012,jpeg50,self,1,boston:237,boston:237,15.679998,36.1773
boston_query_-6RLrPXAeunQaNK6m645ZA,transfer_4,9012,jpeg50,self,1,boston:237,boston:237,15.680000,36.1773
cph_query_-2N5Dmf5tOm5N83KXgvjDw,isotropic,1234,jpeg50,self,1,cph:459,cph:459,15.680000,36.1773
cph_query_-2N5Dmf5tOm5N83KXgvjDw,white_box,1234,jpeg50,self,1,cph:459,cph:459,15.679997,36.1773
cph_query_-2N5Dmf5tOm5N83KXgvjDw,transfer_1,1234,jpeg50,self,1,cph:459,cph:459,15.680000,36.1773
cph_query_-2N5Dmf5tOm5N83KXgvjDw,transfer_2,1234,jpeg50,self,1,cph:459,cph:459,15.680000,36.1773
cph_query_-2N5Dmf5tOm5N83KXgvjDw,transfer_3,1234,jpeg50,self,1,cph:459,cph:459,15.680001,36.1773
cph_query_-2N5Dmf5tOm5N83KXgvjDw,transfer_4,1234,jpeg50,self,1,cph:459,cph:459,15.680001,36.1773
cph_query_-2N5Dmf5tOm5N83KXgvjDw,isotropic,5678,jpeg50,self,1,cph:459,cph:459,15.679997,36.1773
cph_query_-2N5Dmf5tOm5N83KXgvjDw,white_box,5678,jpeg50,self,1,cph:459,cph:459,15.680000,36.1773
cph_query_-2N5Dmf5tOm5N83KXgvjDw,transfer_1,5678,jpeg50,self,1,cph:459,cph:459,15.680001,36.1773
cph_query_-2N5Dmf5tOm5N83KXgvjDw,transfer_2,5678,jpeg50,self,1,cph:459,cph:459,15.679997,36.1773
cph_query_-2N5Dmf5tOm5N83KXgvjDw,transfer_3,5678,jpeg50,self,1,cph:459,cph:459,15.679997,36.1773
cph_query_-2N5Dmf5tOm5N83KXgvjDw,transfer_4,5678,jpeg50,self,1,cph:459,cph:459,15.680000,36.1773
cph_query_-2N5Dmf5tOm5N83KXgvjDw,isotropic,9012,jpeg50,self,1,cph:459,cph:459,15.679997,36.1773
cph_query_-2N5Dmf5tOm5N83KXgvjDw,white_box,9012,jpeg50,self,1,cph:459,cph:459,15.679997,36.1773
cph_query_-2N5Dmf5tOm5N83KXgvjDw,transfer_1,9012,jpeg50,self,1,cph:459,cph:459,15.680000,36.1773
cph_query_-2N5Dmf5tOm5N83KXgvjDw,transfer_2,9012,jpeg50,self,1,cph:459,cph:459,15.680000,36.1773
cph_query_-2N5Dmf5tOm5N83KXgvjDw,transfer_3,9012,jpeg50,self,1,cph:459,cph:459,15.680000,36.1773
cph_query_-2N5Dmf5tOm5N83KXgvjDw,transfer_4,9012,jpeg50,self,1,cph:459,cph:459,15.680001,36.1773
london_query_-8xWvI5d3Z6gfsRDb_kEQQ,isotropic,1234,jpeg50,self,1,london:15,london:15,15.679996,36.1773
london_query_-8xWvI5d3Z6gfsRDb_kEQQ,white_box,1234,jpeg50,self,1,london:15,london:15,15.679997,36.1773
london_query_-8xWvI5d3Z6gfsRDb_kEQQ,transfer_1,1234,jpeg50,self,1,london:15,london:15,15.679998,36.1773
london_query_-8xWvI5d3Z6gfsRDb_kEQQ,transfer_2,1234,jpeg50,self,1,london:15,london:15,15.679997,36.1773
london_query_-8xWvI5d3Z6gfsRDb_kEQQ,transfer_3,1234,jpeg50,self,1,london:15,london:15,15.679997,36.1773
london_query_-8xWvI5d3Z6gfsRDb_kEQQ,transfer_4,1234,jpeg50,self,1,london:15,london:15,15.679997,36.1773
london_query_-8xWvI5d3Z6gfsRDb_kEQQ,isotropic,5678,jpeg50,self,1,london:15,london:15,15.680000,36.1773
london_query_-8xWvI5d3Z6gfsRDb_kEQQ,white_box,5678,jpeg50,self,1,london:15,london:15,15.679998,36.1773
london_query_-8xWvI5d3Z6gfsRDb_kEQQ,transfer_1,5678,jpeg50,self,1,london:15,london:15,15.680000,36.1773
london_query_-8xWvI5d3Z6gfsRDb_kEQQ,transfer_2,5678,jpeg50,self,1,london:15,london:15,15.680000,36.1773
london_query_-8xWvI5d3Z6gfsRDb_kEQQ,transfer_3,5678,jpeg50,self,1,london:15,london:15,15.680000,36.1773
london_query_-8xWvI5d3Z6gfsRDb_kEQQ,transfer_4,5678,jpeg50,self,1,london:15,london:15,15.680000,36.1773
london_query_-8xWvI5d3Z6gfsRDb_kEQQ,isotropic,9012,jpeg50,self,1,london:15,london:15,15.680001,36.1773
london_query_-8xWvI5d3Z6gfsRDb_kEQQ,white_box,9012,jpeg50,self,1,london:15,london:15,15.680000,36.1773
london_query_-8xWvI5d3Z6gfsRDb_kEQQ,transfer_1,9012,jpeg50,self,1,london:15,london:15,15.680000,36.1773
london_query_-8xWvI5d3Z6gfsRDb_kEQQ,transfer_2,9012,jpeg50,self,1,london:15,london:15,15.680000,36.1773
london_query_-8xWvI5d3Z6gfsRDb_kEQQ,transfer_3,9012,jpeg50,self,1,london:15,london:15,15.679997,36.1773
london_query_-8xWvI5d3Z6gfsRDb_kEQQ,transfer_4,9012,jpeg50,self,1,london:15,london:15,15.679997,36.1773
manila_query_-6_2C-ExaVhx4ONvHOvffw,isotropic,1234,jpeg50,self,1,manila:67,manila:67,15.680002,36.1773
manila_query_-6_2C-ExaVhx4ONvHOvffw,white_box,1234,jpeg50,self,1,manila:67,manila:67,15.679997,36.1773
manila_query_-6_2C-ExaVhx4ONvHOvffw,transfer_1,1234,jpeg50,self,1,manila:67,manila:67,15.680001,36.1773
manila_query_-6_2C-ExaVhx4ONvHOvffw,transfer_2,1234,jpeg50,self,1,manila:67,manila:67,15.680000,36.1773
manila_query_-6_2C-ExaVhx4ONvHOvffw,transfer_3,1234,jpeg50,self,1,manila:67,manila:67,15.679997,36.1773
manila_query_-6_2C-ExaVhx4ONvHOvffw,transfer_4,1234,jpeg50,self,1,manila:67,manila:67,15.679997,36.1773
manila_query_-6_2C-ExaVhx4ONvHOvffw,isotropic,5678,jpeg50,self,1,manila:67,manila:67,15.680001,36.1773
manila_query_-6_2C-ExaVhx4ONvHOvffw,white_box,5678,jpeg50,self,1,manila:67,manila:67,15.679997,36.1773
manila_query_-6_2C-ExaVhx4ONvHOvffw,transfer_1,5678,jpeg50,self,1,manila:67,manila:67,15.680000,36.1773
manila_query_-6_2C-ExaVhx4ONvHOvffw,transfer_2,5678,jpeg50,self,1,manila:67,manila:67,15.680000,36.1773
manila_query_-6_2C-ExaVhx4ONvHOvffw,transfer_3,5678,jpeg50,self,1,manila:67,manila:67,15.680000,36.1773
manila_query_-6_2C-ExaVhx4ONvHOvffw,transfer_4,5678,jpeg50,self,1,manila:67,manila:67,15.680000,36.1773
manila_query_-6_2C-ExaVhx4ONvHOvffw,isotropic,9012,jpeg50,self,1,manila:67,manila:67,15.680001,36.1773
manila_query_-6_2C-ExaVhx4ONvHOvffw,white_box,9012,jpeg50,self,1,manila:67,manila:67,15.680000,36.1773
manila_query_-6_2C-ExaVhx4ONvHOvffw,transfer_1,9012,jpeg50,self,1,manila:67,manila:67,15.680000,36.1773
manila_query_-6_2C-ExaVhx4ONvHOvffw,transfer_2,9012,jpeg50,self,1,manila:67,manila:67,15.680000,36.1773
manila_query_-6_2C-ExaVhx4ONvHOvffw,transfer_3,9012,jpeg50,self,1,manila:67,manila:67,15.679997,36.1773
manila_query_-6_2C-ExaVhx4ONvHOvffw,transfer_4,9012,jpeg50,self,1,manila:67,manila:67,15.679997,36.1773
nairobi_query_0-ZdPdUGwVdDwKbIOxQCBA,isotropic,1234,jpeg50,self,1,nairobi:15,nairobi:15,15.680000,36.1773
nairobi_query_0-ZdPdUGwVdDwKbIOxQCBA,white_box,1234,jpeg50,self,1,nairobi:15,nairobi:15,15.679997,36.1773
nairobi_query_0-ZdPdUGwVdDwKbIOxQCBA,transfer_1,1234,jpeg50,self,1,nairobi:15,nairobi:15,15.679998,36.1773
nairobi_query_0-ZdPdUGwVdDwKbIOxQCBA,transfer_2,1234,jpeg50,self,1,nairobi:15,nairobi:15,15.680000,36.1773
nairobi_query_0-ZdPdUGwVdDwKbIOxQCBA,transfer_3,1234,jpeg50,self,1,nairobi:15,nairobi:15,15.679997,36.1773
nairobi_query_0-ZdPdUGwVdDwKbIOxQCBA,transfer_4,1234,jpeg50,self,1,nairobi:15,nairobi:15,15.679998,36.1773
nairobi_query_0-ZdPdUGwVdDwKbIOxQCBA,isotropic,5678,jpeg50,self,1,nairobi:15,nairobi:15,15.679997,36.1773
nairobi_query_0-ZdPdUGwVdDwKbIOxQCBA,white_box,5678,jpeg50,self,3,nairobi:3,nairobi:15,15.680001,36.1773
nairobi_query_0-ZdPdUGwVdDwKbIOxQCBA,transfer_1,5678,jpeg50,self,1,nairobi:15,nairobi:15,15.679998,36.1773
nairobi_query_0-ZdPdUGwVdDwKbIOxQCBA,transfer_2,5678,jpeg50,self,1,nairobi:15,nairobi:15,15.680000,36.1773
nairobi_query_0-ZdPdUGwVdDwKbIOxQCBA,transfer_3,5678,jpeg50,self,1,nairobi:15,nairobi:15,15.679997,36.1773
nairobi_query_0-ZdPdUGwVdDwKbIOxQCBA,transfer_4,5678,jpeg50,self,1,nairobi:15,nairobi:15,15.679997,36.1773
nairobi_query_0-ZdPdUGwVdDwKbIOxQCBA,isotropic,9012,jpeg50,self,1,nairobi:15,nairobi:15,15.680000,36.1773
nairobi_query_0-ZdPdUGwVdDwKbIOxQCBA,white_box,9012,jpeg50,self,1,nairobi:15,nairobi:15,15.679997,36.1773
nairobi_query_0-ZdPdUGwVdDwKbIOxQCBA,transfer_1,9012,jpeg50,self,1,nairobi:15,nairobi:15,15.680000,36.1773
nairobi_query_0-ZdPdUGwVdDwKbIOxQCBA,transfer_2,9012,jpeg50,self,1,nairobi:15,nairobi:15,15.680000,36.1773
nairobi_query_0-ZdPdUGwVdDwKbIOxQCBA,transfer_3,9012,jpeg50,self,1,nairobi:15,nairobi:15,15.679997,36.1773
nairobi_query_0-ZdPdUGwVdDwKbIOxQCBA,transfer_4,9012,jpeg50,self,1,nairobi:15,nairobi:15,15.680000,36.1773
toronto_query_-5ryd5v5eXUsmP9y4p6w_g,isotropic,1234,jpeg50,self,1,toronto:346,toronto:346,15.680000,36.1773
toronto_query_-5ryd5v5eXUsmP9y4p6w_g,white_box,1234,jpeg50,self,2,toronto:354,toronto:346,15.680000,36.1773
toronto_query_-5ryd5v5eXUsmP9y4p6w_g,transfer_1,1234,jpeg50,self,2,toronto:354,toronto:346,15.680001,36.1773
toronto_query_-5ryd5v5eXUsmP9y4p6w_g,transfer_2,1234,jpeg50,self,1,toronto:346,toronto:346,15.679998,36.1773
toronto_query_-5ryd5v5eXUsmP9y4p6w_g,transfer_3,1234,jpeg50,self,1,toronto:346,toronto:346,15.679997,36.1773
toronto_query_-5ryd5v5eXUsmP9y4p6w_g,transfer_4,1234,jpeg50,self,1,toronto:346,toronto:346,15.680000,36.1773
toronto_query_-5ryd5v5eXUsmP9y4p6w_g,isotropic,5678,jpeg50,self,2,toronto:354,toronto:346,15.680000,36.1773
toronto_query_-5ryd5v5eXUsmP9y4p6w_g,white_box,5678,jpeg50,self,1,toronto:346,toronto:346,15.680000,36.1773
toronto_query_-5ryd5v5eXUsmP9y4p6w_g,transfer_1,5678,jpeg50,self,1,toronto:346,toronto:346,15.680000,36.1773
toronto_query_-5ryd5v5eXUsmP9y4p6w_g,transfer_2,5678,jpeg50,self,1,toronto:346,toronto:346,15.680000,36.1773
toronto_query_-5ryd5v5eXUsmP9y4p6w_g,transfer_3,5678,jpeg50,self,1,toronto:346,toronto:346,15.679998,36.1773
toronto_query_-5ryd5v5eXUsmP9y4p6w_g,transfer_4,5678,jpeg50,self,1,toronto:346,toronto:346,15.680000,36.1773
toronto_query_-5ryd5v5eXUsmP9y4p6w_g,isotropic,9012,jpeg50,self,1,toronto:346,toronto:346,15.679998,36.1773
toronto_query_-5ryd5v5eXUsmP9y4p6w_g,white_box,9012,jpeg50,self,1,toronto:346,toronto:346,15.680000,36.1773
toronto_query_-5ryd5v5eXUsmP9y4p6w_g,transfer_1,9012,jpeg50,self,1,toronto:346,toronto:346,15.680000,36.1773
toronto_query_-5ryd5v5eXUsmP9y4p6w_g,transfer_2,9012,jpeg50,self,2,toronto:354,toronto:346,15.679998,36.1773
toronto_query_-5ryd5v5eXUsmP9y4p6w_g,transfer_3,9012,jpeg50,self,1,toronto:346,toronto:346,15.680000,36.1773
toronto_query_-5ryd5v5eXUsmP9y4p6w_g,transfer_4,9012,jpeg50,self,1,toronto:346,toronto:346,15.680000,36.1773
zurich_query_-Bz7by7mnVU_HZbXc8FmpQ,isotropic,1234,jpeg50,self,2,toronto:351,zurich:111,15.679997,36.1773
zurich_query_-Bz7by7mnVU_HZbXc8FmpQ,white_box,1234,jpeg50,self,1,zurich:111,zurich:111,15.679998,36.1773
zurich_query_-Bz7by7mnVU_HZbXc8FmpQ,transfer_1,1234,jpeg50,self,1,zurich:111,zurich:111,15.679997,36.1773
zurich_query_-Bz7by7mnVU_HZbXc8FmpQ,transfer_2,1234,jpeg50,self,2,toronto:351,zurich:111,15.679997,36.1773
zurich_query_-Bz7by7mnVU_HZbXc8FmpQ,transfer_3,1234,jpeg50,self,2,toronto:351,zurich:111,15.679997,36.1773
zurich_query_-Bz7by7mnVU_HZbXc8FmpQ,transfer_4,1234,jpeg50,self,2,toronto:351,zurich:111,15.680000,36.1773
zurich_query_-Bz7by7mnVU_HZbXc8FmpQ,isotropic,5678,jpeg50,self,2,toronto:351,zurich:111,15.679998,36.1773
zurich_query_-Bz7by7mnVU_HZbXc8FmpQ,white_box,5678,jpeg50,self,1,zurich:111,zurich:111,15.680000,36.1773
zurich_query_-Bz7by7mnVU_HZbXc8FmpQ,transfer_1,5678,jpeg50,self,2,toronto:351,zurich:111,15.679997,36.1773
zurich_query_-Bz7by7mnVU_HZbXc8FmpQ,transfer_2,5678,jpeg50,self,1,zurich:111,zurich:111,15.679997,36.1773
zurich_query_-Bz7by7mnVU_HZbXc8FmpQ,transfer_3,5678,jpeg50,self,1,zurich:111,zurich:111,15.680000,36.1773
zurich_query_-Bz7by7mnVU_HZbXc8FmpQ,transfer_4,5678,jpeg50,self,2,toronto:351,zurich:111,15.679997,36.1773
zurich_query_-Bz7by7mnVU_HZbXc8FmpQ,isotropic,9012,jpeg50,self,2,toronto:351,zurich:111,15.680000,36.1773
zurich_query_-Bz7by7mnVU_HZbXc8FmpQ,white_box,9012,jpeg50,self,2,toronto:351,zurich:111,15.680001,36.1773
zurich_query_-Bz7by7mnVU_HZbXc8FmpQ,transfer_1,9012,jpeg50,self,2,toronto:351,zurich:111,15.679997,36.1773
zurich_query_-Bz7by7mnVU_HZbXc8FmpQ,transfer_2,9012,jpeg50,self,2,toronto:351,zurich:111,15.679997,36.1773
zurich_query_-Bz7by7mnVU_HZbXc8FmpQ,transfer_3,9012,jpeg50,self,2,toronto:351,zurich:111,15.680000,36.1773
zurich_query_-Bz7by7mnVU_HZbXc8FmpQ,transfer_4,9012,jpeg50,self,2,toronto:351,zurich:111,15.680001,36.1773
amman_query_-N1g8CEJP4UIaWH8Qqja2g,isotropic,1234,jpeg50,self,8,amman:23,amman:26,15.679998,36.1773
amman_query_-N1g8CEJP4UIaWH8Qqja2g,white_box,1234,jpeg50,self,9,amman:6,amman:26,15.680000,36.1773
amman_query_-N1g8CEJP4UIaWH8Qqja2g,transfer_1,1234,jpeg50,self,12,amman:13,amman:26,15.680000,36.1773
amman_query_-N1g8CEJP4UIaWH8Qqja2g,transfer_2,1234,jpeg50,self,15,amman:21,amman:26,15.679998,36.1773
amman_query_-N1g8CEJP4UIaWH8Qqja2g,transfer_3,1234,jpeg50,self,10,amman:23,amman:26,15.679997,36.1773
amman_query_-N1g8CEJP4UIaWH8Qqja2g,transfer_4,1234,jpeg50,self,10,amman:21,amman:26,15.679997,36.1773
amman_query_-N1g8CEJP4UIaWH8Qqja2g,isotropic,5678,jpeg50,self,11,amman:23,amman:26,15.679997,36.1773
amman_query_-N1g8CEJP4UIaWH8Qqja2g,white_box,5678,jpeg50,self,15,zurich:27,amman:26,15.680000,36.1773
amman_query_-N1g8CEJP4UIaWH8Qqja2g,transfer_1,5678,jpeg50,self,13,amman:23,amman:26,15.679997,36.1773
amman_query_-N1g8CEJP4UIaWH8Qqja2g,transfer_2,5678,jpeg50,self,14,amman:23,amman:26,15.679997,36.1773
amman_query_-N1g8CEJP4UIaWH8Qqja2g,transfer_3,5678,jpeg50,self,10,amman:23,amman:26,15.680000,36.1773
amman_query_-N1g8CEJP4UIaWH8Qqja2g,transfer_4,5678,jpeg50,self,10,amman:23,amman:26,15.679997,36.1773
amman_query_-N1g8CEJP4UIaWH8Qqja2g,isotropic,9012,jpeg50,self,17,amman:23,amman:26,15.679998,36.1773
amman_query_-N1g8CEJP4UIaWH8Qqja2g,white_box,9012,jpeg50,self,18,amman:18,amman:26,15.679997,36.1773
amman_query_-N1g8CEJP4UIaWH8Qqja2g,transfer_1,9012,jpeg50,self,16,amman:23,amman:26,15.679998,36.1773
amman_query_-N1g8CEJP4UIaWH8Qqja2g,transfer_2,9012,jpeg50,self,19,zurich:27,amman:26,15.680000,36.1773
amman_query_-N1g8CEJP4UIaWH8Qqja2g,transfer_3,9012,jpeg50,self,13,amman:21,amman:26,15.679997,36.1773
amman_query_-N1g8CEJP4UIaWH8Qqja2g,transfer_4,9012,jpeg50,self,14,zurich:27,amman:26,15.680000,36.1773
boston_query_-7KZUz5u8-7ja98pf8etVA,isotropic,1234,jpeg50,self,45,toronto:354,boston:176,15.680000,36.1773
boston_query_-7KZUz5u8-7ja98pf8etVA,white_box,1234,jpeg50,self,25,toronto:23,boston:176,15.679997,36.1773
boston_query_-7KZUz5u8-7ja98pf8etVA,transfer_1,1234,jpeg50,self,91,zurich:46,boston:176,15.680000,36.1773
boston_query_-7KZUz5u8-7ja98pf8etVA,transfer_2,1234,jpeg50,self,38,zurich:46,boston:176,15.680000,36.1773
boston_query_-7KZUz5u8-7ja98pf8etVA,transfer_3,1234,jpeg50,self,17,toronto:354,boston:176,15.680000,36.1773
boston_query_-7KZUz5u8-7ja98pf8etVA,transfer_4,1234,jpeg50,self,69,toronto:354,boston:176,15.679998,36.1773
boston_query_-7KZUz5u8-7ja98pf8etVA,isotropic,5678,jpeg50,self,51,toronto:354,boston:176,15.680001,36.1773
boston_query_-7KZUz5u8-7ja98pf8etVA,white_box,5678,jpeg50,self,20,zurich:46,boston:176,15.679997,36.1773
boston_query_-7KZUz5u8-7ja98pf8etVA,transfer_1,5678,jpeg50,self,82,toronto:354,boston:176,15.679997,36.1773
boston_query_-7KZUz5u8-7ja98pf8etVA,transfer_2,5678,jpeg50,self,44,zurich:46,boston:176,15.679997,36.1773
boston_query_-7KZUz5u8-7ja98pf8etVA,transfer_3,5678,jpeg50,self,103,toronto:354,boston:176,15.679997,36.1773
boston_query_-7KZUz5u8-7ja98pf8etVA,transfer_4,5678,jpeg50,self,272,toronto:354,boston:176,15.679997,36.1773
boston_query_-7KZUz5u8-7ja98pf8etVA,isotropic,9012,jpeg50,self,51,toronto:354,boston:176,15.679997,36.1773
boston_query_-7KZUz5u8-7ja98pf8etVA,white_box,9012,jpeg50,self,161,zurich:46,boston:176,15.680000,36.1773
boston_query_-7KZUz5u8-7ja98pf8etVA,transfer_1,9012,jpeg50,self,54,toronto:354,boston:176,15.679997,36.1773
boston_query_-7KZUz5u8-7ja98pf8etVA,transfer_2,9012,jpeg50,self,24,toronto:354,boston:176,15.679997,36.1773
boston_query_-7KZUz5u8-7ja98pf8etVA,transfer_3,9012,jpeg50,self,12,zurich:46,boston:176,15.679998,36.1773
boston_query_-7KZUz5u8-7ja98pf8etVA,transfer_4,9012,jpeg50,self,70,toronto:354,boston:176,15.680000,36.1773
cph_query_-3uNzD-M1uI2jZeGqOkpXg,isotropic,1234,jpeg50,self,1,cph:7,cph:7,15.679997,36.1773
cph_query_-3uNzD-M1uI2jZeGqOkpXg,white_box,1234,jpeg50,self,1,cph:7,cph:7,15.679997,36.1773
cph_query_-3uNzD-M1uI2jZeGqOkpXg,transfer_1,1234,jpeg50,self,1,cph:7,cph:7,15.679997,36.1773
cph_query_-3uNzD-M1uI2jZeGqOkpXg,transfer_2,1234,jpeg50,self,1,cph:7,cph:7,15.679998,36.1773
cph_query_-3uNzD-M1uI2jZeGqOkpXg,transfer_3,1234,jpeg50,self,1,cph:7,cph:7,15.680000,36.1773
cph_query_-3uNzD-M1uI2jZeGqOkpXg,transfer_4,1234,jpeg50,self,3,boston:239,cph:7,15.679998,36.1773
cph_query_-3uNzD-M1uI2jZeGqOkpXg,isotropic,5678,jpeg50,self,1,cph:7,cph:7,15.680000,36.1773
cph_query_-3uNzD-M1uI2jZeGqOkpXg,white_box,5678,jpeg50,self,1,cph:7,cph:7,15.679998,36.1773
cph_query_-3uNzD-M1uI2jZeGqOkpXg,transfer_1,5678,jpeg50,self,1,cph:7,cph:7,15.679998,36.1773
cph_query_-3uNzD-M1uI2jZeGqOkpXg,transfer_2,5678,jpeg50,self,2,boston:239,cph:7,15.680000,36.1773
cph_query_-3uNzD-M1uI2jZeGqOkpXg,transfer_3,5678,jpeg50,self,1,cph:7,cph:7,15.679998,36.1773
cph_query_-3uNzD-M1uI2jZeGqOkpXg,transfer_4,5678,jpeg50,self,1,cph:7,cph:7,15.679998,36.1773
cph_query_-3uNzD-M1uI2jZeGqOkpXg,isotropic,9012,jpeg50,self,1,cph:7,cph:7,15.680000,36.1773
cph_query_-3uNzD-M1uI2jZeGqOkpXg,white_box,9012,jpeg50,self,1,cph:7,cph:7,15.679997,36.1773
cph_query_-3uNzD-M1uI2jZeGqOkpXg,transfer_1,9012,jpeg50,self,1,cph:7,cph:7,15.680000,36.1773
cph_query_-3uNzD-M1uI2jZeGqOkpXg,transfer_2,9012,jpeg50,self,1,cph:7,cph:7,15.679998,36.1773
cph_query_-3uNzD-M1uI2jZeGqOkpXg,transfer_3,9012,jpeg50,self,2,boston:239,cph:7,15.679998,36.1773
cph_query_-3uNzD-M1uI2jZeGqOkpXg,transfer_4,9012,jpeg50,self,1,cph:7,cph:7,15.679997,36.1773
london_query_-9FGszdwftnBlzMuP0c_NQ,isotropic,1234,jpeg50,self,1,london:18,london:18,15.679998,36.1773
london_query_-9FGszdwftnBlzMuP0c_NQ,white_box,1234,jpeg50,self,1,london:18,london:18,15.679998,36.1773
london_query_-9FGszdwftnBlzMuP0c_NQ,transfer_1,1234,jpeg50,self,1,london:18,london:18,15.679997,36.1773
london_query_-9FGszdwftnBlzMuP0c_NQ,transfer_2,1234,jpeg50,self,1,london:18,london:18,15.680000,36.1773
london_query_-9FGszdwftnBlzMuP0c_NQ,transfer_3,1234,jpeg50,self,1,london:18,london:18,15.680000,36.1773
london_query_-9FGszdwftnBlzMuP0c_NQ,transfer_4,1234,jpeg50,self,1,london:18,london:18,15.680001,36.1773
london_query_-9FGszdwftnBlzMuP0c_NQ,isotropic,5678,jpeg50,self,1,london:18,london:18,15.680000,36.1773
london_query_-9FGszdwftnBlzMuP0c_NQ,white_box,5678,jpeg50,self,1,london:18,london:18,15.679998,36.1773
london_query_-9FGszdwftnBlzMuP0c_NQ,transfer_1,5678,jpeg50,self,1,london:18,london:18,15.679998,36.1773
london_query_-9FGszdwftnBlzMuP0c_NQ,transfer_2,5678,jpeg50,self,1,london:18,london:18,15.679998,36.1773
london_query_-9FGszdwftnBlzMuP0c_NQ,transfer_3,5678,jpeg50,self,1,london:18,london:18,15.679997,36.1773
london_query_-9FGszdwftnBlzMuP0c_NQ,transfer_4,5678,jpeg50,self,1,london:18,london:18,15.679998,36.1773
london_query_-9FGszdwftnBlzMuP0c_NQ,isotropic,9012,jpeg50,self,1,london:18,london:18,15.680000,36.1773
london_query_-9FGszdwftnBlzMuP0c_NQ,white_box,9012,jpeg50,self,1,london:18,london:18,15.679997,36.1773
london_query_-9FGszdwftnBlzMuP0c_NQ,transfer_1,9012,jpeg50,self,1,london:18,london:18,15.680001,36.1773
london_query_-9FGszdwftnBlzMuP0c_NQ,transfer_2,9012,jpeg50,self,1,london:18,london:18,15.679998,36.1773
london_query_-9FGszdwftnBlzMuP0c_NQ,transfer_3,9012,jpeg50,self,1,london:18,london:18,15.680000,36.1773
london_query_-9FGszdwftnBlzMuP0c_NQ,transfer_4,9012,jpeg50,self,1,london:18,london:18,15.680001,36.1773
manila_query_-6_XaKv0Rrp2Jl0G9m_8NQ,isotropic,1234,jpeg50,self,7,manila:102,manila:88,15.679998,36.1773
manila_query_-6_XaKv0Rrp2Jl0G9m_8NQ,white_box,1234,jpeg50,self,18,manila:102,manila:88,15.679997,36.1773
manila_query_-6_XaKv0Rrp2Jl0G9m_8NQ,transfer_1,1234,jpeg50,self,8,amman:26,manila:88,15.680001,36.1773
manila_query_-6_XaKv0Rrp2Jl0G9m_8NQ,transfer_2,1234,jpeg50,self,4,manila:102,manila:88,15.680000,36.1773
manila_query_-6_XaKv0Rrp2Jl0G9m_8NQ,transfer_3,1234,jpeg50,self,8,manila:102,manila:88,15.679996,36.1773
manila_query_-6_XaKv0Rrp2Jl0G9m_8NQ,transfer_4,1234,jpeg50,self,6,manila:102,manila:88,15.679998,36.1773
manila_query_-6_XaKv0Rrp2Jl0G9m_8NQ,isotropic,5678,jpeg50,self,6,manila:102,manila:88,15.679997,36.1773
manila_query_-6_XaKv0Rrp2Jl0G9m_8NQ,white_box,5678,jpeg50,self,39,manila:102,manila:88,15.680000,36.1773
manila_query_-6_XaKv0Rrp2Jl0G9m_8NQ,transfer_1,5678,jpeg50,self,9,amman:26,manila:88,15.679998,36.1773
manila_query_-6_XaKv0Rrp2Jl0G9m_8NQ,transfer_2,5678,jpeg50,self,13,manila:102,manila:88,15.679997,36.1773
manila_query_-6_XaKv0Rrp2Jl0G9m_8NQ,transfer_3,5678,jpeg50,self,8,manila:102,manila:88,15.679997,36.1773
manila_query_-6_XaKv0Rrp2Jl0G9m_8NQ,transfer_4,5678,jpeg50,self,7,amman:26,manila:88,15.680000,36.1773
manila_query_-6_XaKv0Rrp2Jl0G9m_8NQ,isotropic,9012,jpeg50,self,7,manila:102,manila:88,15.679998,36.1773
manila_query_-6_XaKv0Rrp2Jl0G9m_8NQ,white_box,9012,jpeg50,self,22,manila:102,manila:88,15.680001,36.1773
manila_query_-6_XaKv0Rrp2Jl0G9m_8NQ,transfer_1,9012,jpeg50,self,5,manila:102,manila:88,15.679997,36.1773
manila_query_-6_XaKv0Rrp2Jl0G9m_8NQ,transfer_2,9012,jpeg50,self,6,amman:26,manila:88,15.680000,36.1773
manila_query_-6_XaKv0Rrp2Jl0G9m_8NQ,transfer_3,9012,jpeg50,self,5,amman:6,manila:88,15.680000,36.1773
manila_query_-6_XaKv0Rrp2Jl0G9m_8NQ,transfer_4,9012,jpeg50,self,12,amman:26,manila:88,15.680000,36.1773
nairobi_query_01juXwMfxX_a4pfhpqt66g,isotropic,1234,jpeg50,self,1,nairobi:10,nairobi:10,15.680002,36.1773
nairobi_query_01juXwMfxX_a4pfhpqt66g,white_box,1234,jpeg50,self,1,nairobi:10,nairobi:10,15.680000,36.1773
nairobi_query_01juXwMfxX_a4pfhpqt66g,transfer_1,1234,jpeg50,self,1,nairobi:10,nairobi:10,15.680000,36.1773
nairobi_query_01juXwMfxX_a4pfhpqt66g,transfer_2,1234,jpeg50,self,1,nairobi:10,nairobi:10,15.679998,36.1773
nairobi_query_01juXwMfxX_a4pfhpqt66g,transfer_3,1234,jpeg50,self,1,nairobi:10,nairobi:10,15.679998,36.1773
nairobi_query_01juXwMfxX_a4pfhpqt66g,transfer_4,1234,jpeg50,self,1,nairobi:10,nairobi:10,15.680000,36.1773
nairobi_query_01juXwMfxX_a4pfhpqt66g,isotropic,5678,jpeg50,self,1,nairobi:10,nairobi:10,15.679997,36.1773
nairobi_query_01juXwMfxX_a4pfhpqt66g,white_box,5678,jpeg50,self,1,nairobi:10,nairobi:10,15.680000,36.1773
nairobi_query_01juXwMfxX_a4pfhpqt66g,transfer_1,5678,jpeg50,self,1,nairobi:10,nairobi:10,15.680000,36.1773
nairobi_query_01juXwMfxX_a4pfhpqt66g,transfer_2,5678,jpeg50,self,1,nairobi:10,nairobi:10,15.680000,36.1773
nairobi_query_01juXwMfxX_a4pfhpqt66g,transfer_3,5678,jpeg50,self,1,nairobi:10,nairobi:10,15.680001,36.1773
nairobi_query_01juXwMfxX_a4pfhpqt66g,transfer_4,5678,jpeg50,self,1,nairobi:10,nairobi:10,15.679998,36.1773
nairobi_query_01juXwMfxX_a4pfhpqt66g,isotropic,9012,jpeg50,self,1,nairobi:10,nairobi:10,15.680001,36.1773
nairobi_query_01juXwMfxX_a4pfhpqt66g,white_box,9012,jpeg50,self,1,nairobi:10,nairobi:10,15.679998,36.1773
nairobi_query_01juXwMfxX_a4pfhpqt66g,transfer_1,9012,jpeg50,self,1,nairobi:10,nairobi:10,15.679998,36.1773
nairobi_query_01juXwMfxX_a4pfhpqt66g,transfer_2,9012,jpeg50,self,1,nairobi:10,nairobi:10,15.680000,36.1773
nairobi_query_01juXwMfxX_a4pfhpqt66g,transfer_3,9012,jpeg50,self,1,nairobi:10,nairobi:10,15.679998,36.1773
nairobi_query_01juXwMfxX_a4pfhpqt66g,transfer_4,9012,jpeg50,self,1,nairobi:10,nairobi:10,15.680001,36.1773
toronto_query_-5z50PgNYnxK8Ns2WmF_TQ,isotropic,1234,jpeg50,self,1,toronto:301,toronto:301,15.680000,36.1773
toronto_query_-5z50PgNYnxK8Ns2WmF_TQ,white_box,1234,jpeg50,self,1,toronto:301,toronto:301,15.679997,36.1773
toronto_query_-5z50PgNYnxK8Ns2WmF_TQ,transfer_1,1234,jpeg50,self,1,toronto:301,toronto:301,15.680000,36.1773
toronto_query_-5z50PgNYnxK8Ns2WmF_TQ,transfer_2,1234,jpeg50,self,1,toronto:301,toronto:301,15.679997,36.1773
toronto_query_-5z50PgNYnxK8Ns2WmF_TQ,transfer_3,1234,jpeg50,self,1,toronto:301,toronto:301,15.680000,36.1773
toronto_query_-5z50PgNYnxK8Ns2WmF_TQ,transfer_4,1234,jpeg50,self,1,toronto:301,toronto:301,15.680000,36.1773
toronto_query_-5z50PgNYnxK8Ns2WmF_TQ,isotropic,5678,jpeg50,self,1,toronto:301,toronto:301,15.679997,36.1773
toronto_query_-5z50PgNYnxK8Ns2WmF_TQ,white_box,5678,jpeg50,self,1,toronto:301,toronto:301,15.680000,36.1773
toronto_query_-5z50PgNYnxK8Ns2WmF_TQ,transfer_1,5678,jpeg50,self,1,toronto:301,toronto:301,15.680001,36.1773
toronto_query_-5z50PgNYnxK8Ns2WmF_TQ,transfer_2,5678,jpeg50,self,1,toronto:301,toronto:301,15.680000,36.1773
toronto_query_-5z50PgNYnxK8Ns2WmF_TQ,transfer_3,5678,jpeg50,self,1,toronto:301,toronto:301,15.679997,36.1773
toronto_query_-5z50PgNYnxK8Ns2WmF_TQ,transfer_4,5678,jpeg50,self,1,toronto:301,toronto:301,15.680001,36.1773
toronto_query_-5z50PgNYnxK8Ns2WmF_TQ,isotropic,9012,jpeg50,self,1,toronto:301,toronto:301,15.680000,36.1773
toronto_query_-5z50PgNYnxK8Ns2WmF_TQ,white_box,9012,jpeg50,self,1,toronto:301,toronto:301,15.680000,36.1773
toronto_query_-5z50PgNYnxK8Ns2WmF_TQ,transfer_1,9012,jpeg50,self,1,toronto:301,toronto:301,15.679997,36.1773
toronto_query_-5z50PgNYnxK8Ns2WmF_TQ,transfer_2,9012,jpeg50,self,1,toronto:301,toronto:301,15.680000,36.1773
toronto_query_-5z50PgNYnxK8Ns2WmF_TQ,transfer_3,9012,jpeg50,self,1,toronto:301,toronto:301,15.679998,36.1773
toronto_query_-5z50PgNYnxK8Ns2WmF_TQ,transfer_4,9012,jpeg50,self,1,toronto:301,toronto:301,15.679997,36.1773
zurich_query_-D3dDkhM5rjIJhj1SPdroA,isotropic,1234,jpeg50,self,1,zurich:96,zurich:96,15.680000,36.1773
zurich_query_-D3dDkhM5rjIJhj1SPdroA,white_box,1234,jpeg50,self,1,zurich:96,zurich:96,15.679997,36.1773
zurich_query_-D3dDkhM5rjIJhj1SPdroA,transfer_1,1234,jpeg50,self,1,zurich:96,zurich:96,15.679998,36.1773
zurich_query_-D3dDkhM5rjIJhj1SPdroA,transfer_2,1234,jpeg50,self,1,zurich:96,zurich:96,15.680000,36.1773
zurich_query_-D3dDkhM5rjIJhj1SPdroA,transfer_3,1234,jpeg50,self,1,zurich:96,zurich:96,15.679998,36.1773
zurich_query_-D3dDkhM5rjIJhj1SPdroA,transfer_4,1234,jpeg50,self,1,zurich:96,zurich:96,15.680001,36.1773
zurich_query_-D3dDkhM5rjIJhj1SPdroA,isotropic,5678,jpeg50,self,1,zurich:96,zurich:96,15.680001,36.1773
zurich_query_-D3dDkhM5rjIJhj1SPdroA,white_box,5678,jpeg50,self,1,zurich:96,zurich:96,15.680002,36.1773
zurich_query_-D3dDkhM5rjIJhj1SPdroA,transfer_1,5678,jpeg50,self,1,zurich:96,zurich:96,15.680000,36.1773
zurich_query_-D3dDkhM5rjIJhj1SPdroA,transfer_2,5678,jpeg50,self,1,zurich:96,zurich:96,15.679997,36.1773
zurich_query_-D3dDkhM5rjIJhj1SPdroA,transfer_3,5678,jpeg50,self,1,zurich:96,zurich:96,15.679997,36.1773
zurich_query_-D3dDkhM5rjIJhj1SPdroA,transfer_4,5678,jpeg50,self,1,zurich:96,zurich:96,15.679997,36.1773
zurich_query_-D3dDkhM5rjIJhj1SPdroA,isotropic,9012,jpeg50,self,1,zurich:96,zurich:96,15.680000,36.1773
zurich_query_-D3dDkhM5rjIJhj1SPdroA,white_box,9012,jpeg50,self,1,zurich:96,zurich:96,15.679998,36.1773
zurich_query_-D3dDkhM5rjIJhj1SPdroA,transfer_1,9012,jpeg50,self,1,zurich:96,zurich:96,15.680001,36.1773
zurich_query_-D3dDkhM5rjIJhj1SPdroA,transfer_2,9012,jpeg50,self,1,zurich:96,zurich:96,15.680000,36.1773
zurich_query_-D3dDkhM5rjIJhj1SPdroA,transfer_3,9012,jpeg50,self,1,zurich:96,zurich:96,15.679997,36.1773
zurich_query_-D3dDkhM5rjIJhj1SPdroA,transfer_4,9012,jpeg50,self,1,zurich:96,zurich:96,15.679997,36.1773
amman_query_-VdxqGX8d8L_OiSEN5CtDw,isotropic,1234,jpeg50,self,1,amman:0,amman:0,15.680000,36.1773
amman_query_-VdxqGX8d8L_OiSEN5CtDw,white_box,1234,jpeg50,self,3,amman:21,amman:0,15.680000,36.1773
amman_query_-VdxqGX8d8L_OiSEN5CtDw,transfer_1,1234,jpeg50,self,1,amman:0,amman:0,15.679997,36.1773
amman_query_-VdxqGX8d8L_OiSEN5CtDw,transfer_2,1234,jpeg50,self,1,amman:0,amman:0,15.680002,36.1773
amman_query_-VdxqGX8d8L_OiSEN5CtDw,transfer_3,1234,jpeg50,self,1,amman:0,amman:0,15.680000,36.1773
amman_query_-VdxqGX8d8L_OiSEN5CtDw,transfer_4,1234,jpeg50,self,1,amman:0,amman:0,15.680000,36.1773
amman_query_-VdxqGX8d8L_OiSEN5CtDw,isotropic,5678,jpeg50,self,1,amman:0,amman:0,15.680000,36.1773
amman_query_-VdxqGX8d8L_OiSEN5CtDw,white_box,5678,jpeg50,self,1,amman:0,amman:0,15.680001,36.1773
amman_query_-VdxqGX8d8L_OiSEN5CtDw,transfer_1,5678,jpeg50,self,2,amman:23,amman:0,15.680000,36.1773
amman_query_-VdxqGX8d8L_OiSEN5CtDw,transfer_2,5678,jpeg50,self,1,amman:0,amman:0,15.679996,36.1773
amman_query_-VdxqGX8d8L_OiSEN5CtDw,transfer_3,5678,jpeg50,self,1,amman:0,amman:0,15.680000,36.1773
amman_query_-VdxqGX8d8L_OiSEN5CtDw,transfer_4,5678,jpeg50,self,3,amman:21,amman:0,15.680000,36.1773
amman_query_-VdxqGX8d8L_OiSEN5CtDw,isotropic,9012,jpeg50,self,1,amman:0,amman:0,15.679998,36.1773
amman_query_-VdxqGX8d8L_OiSEN5CtDw,white_box,9012,jpeg50,self,1,amman:0,amman:0,15.679998,36.1773
amman_query_-VdxqGX8d8L_OiSEN5CtDw,transfer_1,9012,jpeg50,self,1,amman:0,amman:0,15.679998,36.1773
amman_query_-VdxqGX8d8L_OiSEN5CtDw,transfer_2,9012,jpeg50,self,1,amman:0,amman:0,15.680000,36.1773
amman_query_-VdxqGX8d8L_OiSEN5CtDw,transfer_3,9012,jpeg50,self,1,amman:0,amman:0,15.679997,36.1773
amman_query_-VdxqGX8d8L_OiSEN5CtDw,transfer_4,9012,jpeg50,self,1,amman:0,amman:0,15.679997,36.1773
boston_query_-8cIAPzC7_za-xCEWsIoK2,isotropic,1234,jpeg50,self,2,toronto:23,boston:248,15.680002,36.1773
boston_query_-8cIAPzC7_za-xCEWsIoK2,white_box,1234,jpeg50,self,1,boston:248,boston:248,15.679997,36.1773
boston_query_-8cIAPzC7_za-xCEWsIoK2,transfer_1,1234,jpeg50,self,2,toronto:23,boston:248,15.679997,36.1773
boston_query_-8cIAPzC7_za-xCEWsIoK2,transfer_2,1234,jpeg50,self,2,toronto:23,boston:248,15.680000,36.1773
boston_query_-8cIAPzC7_za-xCEWsIoK2,transfer_3,1234,jpeg50,self,1,boston:248,boston:248,15.680000,36.1773
boston_query_-8cIAPzC7_za-xCEWsIoK2,transfer_4,1234,jpeg50,self,1,boston:248,boston:248,15.680000,36.1773
boston_query_-8cIAPzC7_za-xCEWsIoK2,isotropic,5678,jpeg50,self,2,toronto:23,boston:248,15.680000,36.1773
boston_query_-8cIAPzC7_za-xCEWsIoK2,white_box,5678,jpeg50,self,1,boston:248,boston:248,15.680001,36.1773
boston_query_-8cIAPzC7_za-xCEWsIoK2,transfer_1,5678,jpeg50,self,1,boston:248,boston:248,15.680001,36.1773
boston_query_-8cIAPzC7_za-xCEWsIoK2,transfer_2,5678,jpeg50,self,1,boston:248,boston:248,15.679996,36.1773
boston_query_-8cIAPzC7_za-xCEWsIoK2,transfer_3,5678,jpeg50,self,2,toronto:23,boston:248,15.679997,36.1773
boston_query_-8cIAPzC7_za-xCEWsIoK2,transfer_4,5678,jpeg50,self,1,boston:248,boston:248,15.679997,36.1773
boston_query_-8cIAPzC7_za-xCEWsIoK2,isotropic,9012,jpeg50,self,1,boston:248,boston:248,15.679996,36.1773
boston_query_-8cIAPzC7_za-xCEWsIoK2,white_box,9012,jpeg50,self,1,boston:248,boston:248,15.680001,36.1773
boston_query_-8cIAPzC7_za-xCEWsIoK2,transfer_1,9012,jpeg50,self,2,toronto:23,boston:248,15.679997,36.1773
boston_query_-8cIAPzC7_za-xCEWsIoK2,transfer_2,9012,jpeg50,self,2,toronto:23,boston:248,15.679997,36.1773
boston_query_-8cIAPzC7_za-xCEWsIoK2,transfer_3,9012,jpeg50,self,2,toronto:23,boston:248,15.680000,36.1773
boston_query_-8cIAPzC7_za-xCEWsIoK2,transfer_4,9012,jpeg50,self,1,boston:248,boston:248,15.680000,36.1773
cph_query_-4KruxIYZ3a3GYE0tOKn2w,isotropic,1234,jpeg50,self,1,cph:333,cph:333,15.679998,36.1773
cph_query_-4KruxIYZ3a3GYE0tOKn2w,white_box,1234,jpeg50,self,1,cph:333,cph:333,15.680000,36.1773
cph_query_-4KruxIYZ3a3GYE0tOKn2w,transfer_1,1234,jpeg50,self,1,cph:333,cph:333,15.679997,36.1773
cph_query_-4KruxIYZ3a3GYE0tOKn2w,transfer_2,1234,jpeg50,self,1,cph:333,cph:333,15.679998,36.1773
cph_query_-4KruxIYZ3a3GYE0tOKn2w,transfer_3,1234,jpeg50,self,1,cph:333,cph:333,15.680000,36.1773
cph_query_-4KruxIYZ3a3GYE0tOKn2w,transfer_4,1234,jpeg50,self,1,cph:333,cph:333,15.680000,36.1773
cph_query_-4KruxIYZ3a3GYE0tOKn2w,isotropic,5678,jpeg50,self,1,cph:333,cph:333,15.680001,36.1773
cph_query_-4KruxIYZ3a3GYE0tOKn2w,white_box,5678,jpeg50,self,1,cph:333,cph:333,15.680000,36.1773
cph_query_-4KruxIYZ3a3GYE0tOKn2w,transfer_1,5678,jpeg50,self,1,cph:333,cph:333,15.680000,36.1773
cph_query_-4KruxIYZ3a3GYE0tOKn2w,transfer_2,5678,jpeg50,self,1,cph:333,cph:333,15.680002,36.1773
cph_query_-4KruxIYZ3a3GYE0tOKn2w,transfer_3,5678,jpeg50,self,1,cph:333,cph:333,15.680000,36.1773
cph_query_-4KruxIYZ3a3GYE0tOKn2w,transfer_4,5678,jpeg50,self,1,cph:333,cph:333,15.679997,36.1773
cph_query_-4KruxIYZ3a3GYE0tOKn2w,isotropic,9012,jpeg50,self,1,cph:333,cph:333,15.679997,36.1773
cph_query_-4KruxIYZ3a3GYE0tOKn2w,white_box,9012,jpeg50,self,1,cph:333,cph:333,15.679997,36.1773
cph_query_-4KruxIYZ3a3GYE0tOKn2w,transfer_1,9012,jpeg50,self,1,cph:333,cph:333,15.679997,36.1773
cph_query_-4KruxIYZ3a3GYE0tOKn2w,transfer_2,9012,jpeg50,self,1,cph:333,cph:333,15.679998,36.1773
cph_query_-4KruxIYZ3a3GYE0tOKn2w,transfer_3,9012,jpeg50,self,1,cph:333,cph:333,15.680000,36.1773
cph_query_-4KruxIYZ3a3GYE0tOKn2w,transfer_4,9012,jpeg50,self,1,cph:333,cph:333,15.679997,36.1773
london_query_-9KgeyegI3TaGMqglsDENg,isotropic,1234,jpeg50,self,1,london:111,london:111,15.680000,36.1773
london_query_-9KgeyegI3TaGMqglsDENg,white_box,1234,jpeg50,self,1,london:111,london:111,15.679998,36.1773
london_query_-9KgeyegI3TaGMqglsDENg,transfer_1,1234,jpeg50,self,1,london:111,london:111,15.679997,36.1773
london_query_-9KgeyegI3TaGMqglsDENg,transfer_2,1234,jpeg50,self,1,london:111,london:111,15.680000,36.1773
london_query_-9KgeyegI3TaGMqglsDENg,transfer_3,1234,jpeg50,self,1,london:111,london:111,15.679998,36.1773
london_query_-9KgeyegI3TaGMqglsDENg,transfer_4,1234,jpeg50,self,1,london:111,london:111,15.680000,36.1773
london_query_-9KgeyegI3TaGMqglsDENg,isotropic,5678,jpeg50,self,1,london:111,london:111,15.679998,36.1773
london_query_-9KgeyegI3TaGMqglsDENg,white_box,5678,jpeg50,self,1,london:111,london:111,15.680000,36.1773
london_query_-9KgeyegI3TaGMqglsDENg,transfer_1,5678,jpeg50,self,1,london:111,london:111,15.680000,36.1773
london_query_-9KgeyegI3TaGMqglsDENg,transfer_2,5678,jpeg50,self,1,london:111,london:111,15.679998,36.1773
london_query_-9KgeyegI3TaGMqglsDENg,transfer_3,5678,jpeg50,self,1,london:111,london:111,15.680001,36.1773
london_query_-9KgeyegI3TaGMqglsDENg,transfer_4,5678,jpeg50,self,1,london:111,london:111,15.680001,36.1773
london_query_-9KgeyegI3TaGMqglsDENg,isotropic,9012,jpeg50,self,1,london:111,london:111,15.680000,36.1773
london_query_-9KgeyegI3TaGMqglsDENg,white_box,9012,jpeg50,self,1,london:111,london:111,15.680000,36.1773
london_query_-9KgeyegI3TaGMqglsDENg,transfer_1,9012,jpeg50,self,1,london:111,london:111,15.680000,36.1773
london_query_-9KgeyegI3TaGMqglsDENg,transfer_2,9012,jpeg50,self,1,london:111,london:111,15.680000,36.1773
london_query_-9KgeyegI3TaGMqglsDENg,transfer_3,9012,jpeg50,self,1,london:111,london:111,15.680000,36.1773
london_query_-9KgeyegI3TaGMqglsDENg,transfer_4,9012,jpeg50,self,1,london:111,london:111,15.680000,36.1773
manila_query_-7YHsOWBiYFmYcRzIM0ijg,isotropic,1234,jpeg50,self,1,manila:92,manila:92,15.679997,36.1773
manila_query_-7YHsOWBiYFmYcRzIM0ijg,white_box,1234,jpeg50,self,102,zurich:5,manila:92,15.679997,36.1773
manila_query_-7YHsOWBiYFmYcRzIM0ijg,transfer_1,1234,jpeg50,self,1,manila:92,manila:92,15.680000,36.1773
manila_query_-7YHsOWBiYFmYcRzIM0ijg,transfer_2,1234,jpeg50,self,1,manila:92,manila:92,15.679998,36.1773
manila_query_-7YHsOWBiYFmYcRzIM0ijg,transfer_3,1234,jpeg50,self,1,manila:92,manila:92,15.679997,36.1773
manila_query_-7YHsOWBiYFmYcRzIM0ijg,transfer_4,1234,jpeg50,self,1,manila:92,manila:92,15.680000,36.1773
manila_query_-7YHsOWBiYFmYcRzIM0ijg,isotropic,5678,jpeg50,self,2,cph:176,manila:92,15.679998,36.1773
manila_query_-7YHsOWBiYFmYcRzIM0ijg,white_box,5678,jpeg50,self,3,manila:153,manila:92,15.680000,36.1773
manila_query_-7YHsOWBiYFmYcRzIM0ijg,transfer_1,5678,jpeg50,self,1,manila:92,manila:92,15.679997,36.1773
manila_query_-7YHsOWBiYFmYcRzIM0ijg,transfer_2,5678,jpeg50,self,1,manila:92,manila:92,15.680000,36.1773
manila_query_-7YHsOWBiYFmYcRzIM0ijg,transfer_3,5678,jpeg50,self,1,manila:92,manila:92,15.679998,36.1773
manila_query_-7YHsOWBiYFmYcRzIM0ijg,transfer_4,5678,jpeg50,self,1,manila:92,manila:92,15.679997,36.1773
manila_query_-7YHsOWBiYFmYcRzIM0ijg,isotropic,9012,jpeg50,self,1,manila:92,manila:92,15.679998,36.1773
manila_query_-7YHsOWBiYFmYcRzIM0ijg,white_box,9012,jpeg50,self,200,zurich:98,manila:92,15.680000,36.1773
manila_query_-7YHsOWBiYFmYcRzIM0ijg,transfer_1,9012,jpeg50,self,1,manila:92,manila:92,15.679997,36.1773
manila_query_-7YHsOWBiYFmYcRzIM0ijg,transfer_2,9012,jpeg50,self,1,manila:92,manila:92,15.679998,36.1773
manila_query_-7YHsOWBiYFmYcRzIM0ijg,transfer_3,9012,jpeg50,self,1,manila:92,manila:92,15.679998,36.1773
manila_query_-7YHsOWBiYFmYcRzIM0ijg,transfer_4,9012,jpeg50,self,2,amman:1,manila:92,15.680001,36.1773
nairobi_query_09aysNUjwNAPHsHo-R-IdA,isotropic,1234,jpeg50,self,1,nairobi:21,nairobi:21,15.680000,36.1773
nairobi_query_09aysNUjwNAPHsHo-R-IdA,white_box,1234,jpeg50,self,2,nairobi:19,nairobi:21,15.680000,36.1773
nairobi_query_09aysNUjwNAPHsHo-R-IdA,transfer_1,1234,jpeg50,self,1,nairobi:21,nairobi:21,15.679997,36.1773
nairobi_query_09aysNUjwNAPHsHo-R-IdA,transfer_2,1234,jpeg50,self,1,nairobi:21,nairobi:21,15.679997,36.1773
nairobi_query_09aysNUjwNAPHsHo-R-IdA,transfer_3,1234,jpeg50,self,1,nairobi:21,nairobi:21,15.679997,36.1773
nairobi_query_09aysNUjwNAPHsHo-R-IdA,transfer_4,1234,jpeg50,self,1,nairobi:21,nairobi:21,15.680000,36.1773
nairobi_query_09aysNUjwNAPHsHo-R-IdA,isotropic,5678,jpeg50,self,1,nairobi:21,nairobi:21,15.680000,36.1773
nairobi_query_09aysNUjwNAPHsHo-R-IdA,white_box,5678,jpeg50,self,3,nairobi:19,nairobi:21,15.679997,36.1773
nairobi_query_09aysNUjwNAPHsHo-R-IdA,transfer_1,5678,jpeg50,self,1,nairobi:21,nairobi:21,15.680001,36.1773
nairobi_query_09aysNUjwNAPHsHo-R-IdA,transfer_2,5678,jpeg50,self,1,nairobi:21,nairobi:21,15.679998,36.1773
nairobi_query_09aysNUjwNAPHsHo-R-IdA,transfer_3,5678,jpeg50,self,1,nairobi:21,nairobi:21,15.679997,36.1773
nairobi_query_09aysNUjwNAPHsHo-R-IdA,transfer_4,5678,jpeg50,self,1,nairobi:21,nairobi:21,15.679998,36.1773
nairobi_query_09aysNUjwNAPHsHo-R-IdA,isotropic,9012,jpeg50,self,1,nairobi:21,nairobi:21,15.680000,36.1773
nairobi_query_09aysNUjwNAPHsHo-R-IdA,white_box,9012,jpeg50,self,1,nairobi:21,nairobi:21,15.679998,36.1773
nairobi_query_09aysNUjwNAPHsHo-R-IdA,transfer_1,9012,jpeg50,self,1,nairobi:21,nairobi:21,15.679997,36.1773
nairobi_query_09aysNUjwNAPHsHo-R-IdA,transfer_2,9012,jpeg50,self,1,nairobi:21,nairobi:21,15.680000,36.1773
nairobi_query_09aysNUjwNAPHsHo-R-IdA,transfer_3,9012,jpeg50,self,1,nairobi:21,nairobi:21,15.680002,36.1773
nairobi_query_09aysNUjwNAPHsHo-R-IdA,transfer_4,9012,jpeg50,self,1,nairobi:21,nairobi:21,15.679998,36.1773
toronto_query_-68JeZKxV2XoP0N_6780Og,isotropic,1234,jpeg50,self,1,toronto:55,toronto:55,15.680000,36.1773
toronto_query_-68JeZKxV2XoP0N_6780Og,white_box,1234,jpeg50,self,1,toronto:55,toronto:55,15.679998,36.1773
toronto_query_-68JeZKxV2XoP0N_6780Og,transfer_1,1234,jpeg50,self,1,toronto:55,toronto:55,15.680001,36.1773
toronto_query_-68JeZKxV2XoP0N_6780Og,transfer_2,1234,jpeg50,self,1,toronto:55,toronto:55,15.679998,36.1773
toronto_query_-68JeZKxV2XoP0N_6780Og,transfer_3,1234,jpeg50,self,1,toronto:55,toronto:55,15.680000,36.1773
toronto_query_-68JeZKxV2XoP0N_6780Og,transfer_4,1234,jpeg50,self,1,toronto:55,toronto:55,15.680000,36.1773
toronto_query_-68JeZKxV2XoP0N_6780Og,isotropic,5678,jpeg50,self,1,toronto:55,toronto:55,15.679997,36.1773
toronto_query_-68JeZKxV2XoP0N_6780Og,white_box,5678,jpeg50,self,1,toronto:55,toronto:55,15.679997,36.1773
toronto_query_-68JeZKxV2XoP0N_6780Og,transfer_1,5678,jpeg50,self,1,toronto:55,toronto:55,15.680000,36.1773
toronto_query_-68JeZKxV2XoP0N_6780Og,transfer_2,5678,jpeg50,self,1,toronto:55,toronto:55,15.680000,36.1773
toronto_query_-68JeZKxV2XoP0N_6780Og,transfer_3,5678,jpeg50,self,1,toronto:55,toronto:55,15.679997,36.1773
toronto_query_-68JeZKxV2XoP0N_6780Og,transfer_4,5678,jpeg50,self,1,toronto:55,toronto:55,15.679998,36.1773
toronto_query_-68JeZKxV2XoP0N_6780Og,isotropic,9012,jpeg50,self,1,toronto:55,toronto:55,15.680000,36.1773
toronto_query_-68JeZKxV2XoP0N_6780Og,white_box,9012,jpeg50,self,1,toronto:55,toronto:55,15.680000,36.1773
toronto_query_-68JeZKxV2XoP0N_6780Og,transfer_1,9012,jpeg50,self,1,toronto:55,toronto:55,15.679998,36.1773
toronto_query_-68JeZKxV2XoP0N_6780Og,transfer_2,9012,jpeg50,self,1,toronto:55,toronto:55,15.679997,36.1773
toronto_query_-68JeZKxV2XoP0N_6780Og,transfer_3,9012,jpeg50,self,1,toronto:55,toronto:55,15.679998,36.1773
toronto_query_-68JeZKxV2XoP0N_6780Og,transfer_4,9012,jpeg50,self,1,toronto:55,toronto:55,15.679997,36.1773
zurich_query_-E0qyEWY7jSPMOpGqiEG-A,isotropic,1234,jpeg50,self,3,cph:296,zurich:7,15.680001,36.1773
zurich_query_-E0qyEWY7jSPMOpGqiEG-A,white_box,1234,jpeg50,self,19,cph:296,zurich:7,15.680001,36.1773
zurich_query_-E0qyEWY7jSPMOpGqiEG-A,transfer_1,1234,jpeg50,self,1,zurich:7,zurich:7,15.679997,36.1773
zurich_query_-E0qyEWY7jSPMOpGqiEG-A,transfer_2,1234,jpeg50,self,2,cph:296,zurich:7,15.679998,36.1773
zurich_query_-E0qyEWY7jSPMOpGqiEG-A,transfer_3,1234,jpeg50,self,2,zurich:44,zurich:7,15.680000,36.1773
zurich_query_-E0qyEWY7jSPMOpGqiEG-A,transfer_4,1234,jpeg50,self,2,cph:296,zurich:7,15.680000,36.1773
zurich_query_-E0qyEWY7jSPMOpGqiEG-A,isotropic,5678,jpeg50,self,2,cph:296,zurich:7,15.679997,36.1773
zurich_query_-E0qyEWY7jSPMOpGqiEG-A,white_box,5678,jpeg50,self,28,cph:296,zurich:7,15.679998,36.1773
zurich_query_-E0qyEWY7jSPMOpGqiEG-A,transfer_1,5678,jpeg50,self,4,cph:296,zurich:7,15.680000,36.1773
zurich_query_-E0qyEWY7jSPMOpGqiEG-A,transfer_2,5678,jpeg50,self,2,zurich:44,zurich:7,15.679998,36.1773
zurich_query_-E0qyEWY7jSPMOpGqiEG-A,transfer_3,5678,jpeg50,self,2,cph:296,zurich:7,15.679997,36.1773
zurich_query_-E0qyEWY7jSPMOpGqiEG-A,transfer_4,5678,jpeg50,self,2,cph:296,zurich:7,15.679997,36.1773
zurich_query_-E0qyEWY7jSPMOpGqiEG-A,isotropic,9012,jpeg50,self,2,cph:296,zurich:7,15.680000,36.1773
zurich_query_-E0qyEWY7jSPMOpGqiEG-A,white_box,9012,jpeg50,self,10,cph:296,zurich:7,15.680000,36.1773
zurich_query_-E0qyEWY7jSPMOpGqiEG-A,transfer_1,9012,jpeg50,self,2,zurich:44,zurich:7,15.679998,36.1773
zurich_query_-E0qyEWY7jSPMOpGqiEG-A,transfer_2,9012,jpeg50,self,3,zurich:44,zurich:7,15.679997,36.1773
zurich_query_-E0qyEWY7jSPMOpGqiEG-A,transfer_3,9012,jpeg50,self,2,manila:190,zurich:7,15.679997,36.1773
zurich_query_-E0qyEWY7jSPMOpGqiEG-A,transfer_4,9012,jpeg50,self,2,cph:296,zurich:7,15.679997,36.1773
amman_query_-XWB_1fOm8NW5dQx9p5IKg,isotropic,1234,jpeg50,self,7,amman:11,amman:35,15.679998,36.1773
amman_query_-XWB_1fOm8NW5dQx9p5IKg,white_box,1234,jpeg50,self,24,amman:11,amman:35,15.679997,36.1773
amman_query_-XWB_1fOm8NW5dQx9p5IKg,transfer_1,1234,jpeg50,self,12,amman:11,amman:35,15.679998,36.1773
amman_query_-XWB_1fOm8NW5dQx9p5IKg,transfer_2,1234,jpeg50,self,29,amman:11,amman:35,15.679997,36.1773
amman_query_-XWB_1fOm8NW5dQx9p5IKg,transfer_3,1234,jpeg50,self,11,amman:11,amman:35,15.680000,36.1773
amman_query_-XWB_1fOm8NW5dQx9p5IKg,transfer_4,1234,jpeg50,self,7,amman:11,amman:35,15.679998,36.1773
amman_query_-XWB_1fOm8NW5dQx9p5IKg,isotropic,5678,jpeg50,self,8,amman:11,amman:35,15.680000,36.1773
amman_query_-XWB_1fOm8NW5dQx9p5IKg,white_box,5678,jpeg50,self,44,amman:11,amman:35,15.679997,36.1773
amman_query_-XWB_1fOm8NW5dQx9p5IKg,transfer_1,5678,jpeg50,self,25,amman:11,amman:35,15.679997,36.1773
amman_query_-XWB_1fOm8NW5dQx9p5IKg,transfer_2,5678,jpeg50,self,16,amman:11,amman:35,15.680000,36.1773
amman_query_-XWB_1fOm8NW5dQx9p5IKg,transfer_3,5678,jpeg50,self,23,amman:11,amman:35,15.679998,36.1773
amman_query_-XWB_1fOm8NW5dQx9p5IKg,transfer_4,5678,jpeg50,self,20,amman:11,amman:35,15.680001,36.1773
amman_query_-XWB_1fOm8NW5dQx9p5IKg,isotropic,9012,jpeg50,self,15,amman:11,amman:35,15.679997,36.1773
amman_query_-XWB_1fOm8NW5dQx9p5IKg,white_box,9012,jpeg50,self,17,amman:11,amman:35,15.680000,36.1773
amman_query_-XWB_1fOm8NW5dQx9p5IKg,transfer_1,9012,jpeg50,self,10,amman:11,amman:35,15.679997,36.1773
amman_query_-XWB_1fOm8NW5dQx9p5IKg,transfer_2,9012,jpeg50,self,14,amman:11,amman:35,15.680001,36.1773
amman_query_-XWB_1fOm8NW5dQx9p5IKg,transfer_3,9012,jpeg50,self,12,amman:11,amman:35,15.680000,36.1773
amman_query_-XWB_1fOm8NW5dQx9p5IKg,transfer_4,9012,jpeg50,self,10,amman:11,amman:35,15.679998,36.1773
boston_query_-9Lur-PAHqcMspWszAgfqw,isotropic,1234,jpeg50,self,1,boston:249,boston:249,15.679998,36.1773
boston_query_-9Lur-PAHqcMspWszAgfqw,white_box,1234,jpeg50,self,1,boston:249,boston:249,15.679998,36.1773
boston_query_-9Lur-PAHqcMspWszAgfqw,transfer_1,1234,jpeg50,self,1,boston:249,boston:249,15.680001,36.1773
boston_query_-9Lur-PAHqcMspWszAgfqw,transfer_2,1234,jpeg50,self,1,boston:249,boston:249,15.679997,36.1773
boston_query_-9Lur-PAHqcMspWszAgfqw,transfer_3,1234,jpeg50,self,1,boston:249,boston:249,15.680000,36.1773
boston_query_-9Lur-PAHqcMspWszAgfqw,transfer_4,1234,jpeg50,self,1,boston:249,boston:249,15.679998,36.1773
boston_query_-9Lur-PAHqcMspWszAgfqw,isotropic,5678,jpeg50,self,1,boston:249,boston:249,15.680000,36.1773
boston_query_-9Lur-PAHqcMspWszAgfqw,white_box,5678,jpeg50,self,1,boston:249,boston:249,15.679998,36.1773
boston_query_-9Lur-PAHqcMspWszAgfqw,transfer_1,5678,jpeg50,self,1,boston:249,boston:249,15.680000,36.1773
boston_query_-9Lur-PAHqcMspWszAgfqw,transfer_2,5678,jpeg50,self,1,boston:249,boston:249,15.680000,36.1773
boston_query_-9Lur-PAHqcMspWszAgfqw,transfer_3,5678,jpeg50,self,1,boston:249,boston:249,15.679997,36.1773
boston_query_-9Lur-PAHqcMspWszAgfqw,transfer_4,5678,jpeg50,self,1,boston:249,boston:249,15.679997,36.1773
boston_query_-9Lur-PAHqcMspWszAgfqw,isotropic,9012,jpeg50,self,1,boston:249,boston:249,15.679996,36.1773
boston_query_-9Lur-PAHqcMspWszAgfqw,white_box,9012,jpeg50,self,1,boston:249,boston:249,15.680000,36.1773
boston_query_-9Lur-PAHqcMspWszAgfqw,transfer_1,9012,jpeg50,self,1,boston:249,boston:249,15.679997,36.1773
boston_query_-9Lur-PAHqcMspWszAgfqw,transfer_2,9012,jpeg50,self,1,boston:249,boston:249,15.679998,36.1773
boston_query_-9Lur-PAHqcMspWszAgfqw,transfer_3,9012,jpeg50,self,1,boston:249,boston:249,15.679997,36.1773
boston_query_-9Lur-PAHqcMspWszAgfqw,transfer_4,9012,jpeg50,self,1,boston:249,boston:249,15.680000,36.1773
cph_query_-4RqBOkDhigU8JsdQZINkQ,isotropic,1234,jpeg50,self,1,cph:94,cph:94,15.680002,36.1773
cph_query_-4RqBOkDhigU8JsdQZINkQ,white_box,1234,jpeg50,self,2,cph:137,cph:94,15.679997,36.1773
cph_query_-4RqBOkDhigU8JsdQZINkQ,transfer_1,1234,jpeg50,self,1,cph:94,cph:94,15.680000,36.1773
cph_query_-4RqBOkDhigU8JsdQZINkQ,transfer_2,1234,jpeg50,self,1,cph:94,cph:94,15.679997,36.1773
cph_query_-4RqBOkDhigU8JsdQZINkQ,transfer_3,1234,jpeg50,self,1,cph:94,cph:94,15.679997,36.1773
cph_query_-4RqBOkDhigU8JsdQZINkQ,transfer_4,1234,jpeg50,self,1,cph:94,cph:94,15.679997,36.1773
cph_query_-4RqBOkDhigU8JsdQZINkQ,isotropic,5678,jpeg50,self,1,cph:94,cph:94,15.680002,36.1773
cph_query_-4RqBOkDhigU8JsdQZINkQ,white_box,5678,jpeg50,self,1,cph:94,cph:94,15.679997,36.1773
cph_query_-4RqBOkDhigU8JsdQZINkQ,transfer_1,5678,jpeg50,self,1,cph:94,cph:94,15.680000,36.1773
cph_query_-4RqBOkDhigU8JsdQZINkQ,transfer_2,5678,jpeg50,self,1,cph:94,cph:94,15.680000,36.1773
cph_query_-4RqBOkDhigU8JsdQZINkQ,transfer_3,5678,jpeg50,self,1,cph:94,cph:94,15.679998,36.1773
cph_query_-4RqBOkDhigU8JsdQZINkQ,transfer_4,5678,jpeg50,self,1,cph:94,cph:94,15.680000,36.1773
cph_query_-4RqBOkDhigU8JsdQZINkQ,isotropic,9012,jpeg50,self,1,cph:94,cph:94,15.679995,36.1773
cph_query_-4RqBOkDhigU8JsdQZINkQ,white_box,9012,jpeg50,self,1,cph:94,cph:94,15.680000,36.1773
cph_query_-4RqBOkDhigU8JsdQZINkQ,transfer_1,9012,jpeg50,self,1,cph:94,cph:94,15.679996,36.1773
cph_query_-4RqBOkDhigU8JsdQZINkQ,transfer_2,9012,jpeg50,self,1,cph:94,cph:94,15.680000,36.1773
cph_query_-4RqBOkDhigU8JsdQZINkQ,transfer_3,9012,jpeg50,self,1,cph:94,cph:94,15.679998,36.1773
cph_query_-4RqBOkDhigU8JsdQZINkQ,transfer_4,9012,jpeg50,self,1,cph:94,cph:94,15.679998,36.1773
london_query_-FGaYVNFN5ALUsVDNixL_g,isotropic,1234,jpeg50,self,1,london:122,london:122,15.680000,36.1773
london_query_-FGaYVNFN5ALUsVDNixL_g,white_box,1234,jpeg50,self,1,london:122,london:122,15.680000,36.1773
london_query_-FGaYVNFN5ALUsVDNixL_g,transfer_1,1234,jpeg50,self,1,london:122,london:122,15.680000,36.1773
london_query_-FGaYVNFN5ALUsVDNixL_g,transfer_2,1234,jpeg50,self,1,london:122,london:122,15.679998,36.1773
london_query_-FGaYVNFN5ALUsVDNixL_g,transfer_3,1234,jpeg50,self,1,london:122,london:122,15.680000,36.1773
london_query_-FGaYVNFN5ALUsVDNixL_g,transfer_4,1234,jpeg50,self,1,london:122,london:122,15.680000,36.1773
london_query_-FGaYVNFN5ALUsVDNixL_g,isotropic,5678,jpeg50,self,1,london:122,london:122,15.680000,36.1773
london_query_-FGaYVNFN5ALUsVDNixL_g,white_box,5678,jpeg50,self,1,london:122,london:122,15.680000,36.1773
london_query_-FGaYVNFN5ALUsVDNixL_g,transfer_1,5678,jpeg50,self,1,london:122,london:122,15.680000,36.1773
london_query_-FGaYVNFN5ALUsVDNixL_g,transfer_2,5678,jpeg50,self,1,london:122,london:122,15.680000,36.1773
london_query_-FGaYVNFN5ALUsVDNixL_g,transfer_3,5678,jpeg50,self,1,london:122,london:122,15.679997,36.1773
london_query_-FGaYVNFN5ALUsVDNixL_g,transfer_4,5678,jpeg50,self,1,london:122,london:122,15.679997,36.1773
london_query_-FGaYVNFN5ALUsVDNixL_g,isotropic,9012,jpeg50,self,1,london:122,london:122,15.680000,36.1773
london_query_-FGaYVNFN5ALUsVDNixL_g,white_box,9012,jpeg50,self,1,london:122,london:122,15.679997,36.1773
london_query_-FGaYVNFN5ALUsVDNixL_g,transfer_1,9012,jpeg50,self,1,london:122,london:122,15.680000,36.1773
london_query_-FGaYVNFN5ALUsVDNixL_g,transfer_2,9012,jpeg50,self,1,london:122,london:122,15.679997,36.1773
london_query_-FGaYVNFN5ALUsVDNixL_g,transfer_3,9012,jpeg50,self,1,london:122,london:122,15.679997,36.1773
london_query_-FGaYVNFN5ALUsVDNixL_g,transfer_4,9012,jpeg50,self,1,london:122,london:122,15.679998,36.1773
manila_query_-81llwEm_ZxNy7Sa7Xrjlw,isotropic,1234,jpeg50,self,1,manila:53,manila:53,15.679997,36.1773
manila_query_-81llwEm_ZxNy7Sa7Xrjlw,white_box,1234,jpeg50,self,1,manila:53,manila:53,15.680000,36.1773
manila_query_-81llwEm_ZxNy7Sa7Xrjlw,transfer_1,1234,jpeg50,self,1,manila:53,manila:53,15.679998,36.1773
manila_query_-81llwEm_ZxNy7Sa7Xrjlw,transfer_2,1234,jpeg50,self,1,manila:53,manila:53,15.679998,36.1773
manila_query_-81llwEm_ZxNy7Sa7Xrjlw,transfer_3,1234,jpeg50,self,1,manila:53,manila:53,15.680000,36.1773
manila_query_-81llwEm_ZxNy7Sa7Xrjlw,transfer_4,1234,jpeg50,self,1,manila:53,manila:53,15.679998,36.1773
manila_query_-81llwEm_ZxNy7Sa7Xrjlw,isotropic,5678,jpeg50,self,1,manila:53,manila:53,15.679996,36.1773
manila_query_-81llwEm_ZxNy7Sa7Xrjlw,white_box,5678,jpeg50,self,1,manila:53,manila:53,15.679997,36.1773
manila_query_-81llwEm_ZxNy7Sa7Xrjlw,transfer_1,5678,jpeg50,self,1,manila:53,manila:53,15.679998,36.1773
manila_query_-81llwEm_ZxNy7Sa7Xrjlw,transfer_2,5678,jpeg50,self,1,manila:53,manila:53,15.679998,36.1773
manila_query_-81llwEm_ZxNy7Sa7Xrjlw,transfer_3,5678,jpeg50,self,1,manila:53,manila:53,15.679998,36.1773
manila_query_-81llwEm_ZxNy7Sa7Xrjlw,transfer_4,5678,jpeg50,self,1,manila:53,manila:53,15.680000,36.1773
manila_query_-81llwEm_ZxNy7Sa7Xrjlw,isotropic,9012,jpeg50,self,1,manila:53,manila:53,15.680000,36.1773
manila_query_-81llwEm_ZxNy7Sa7Xrjlw,white_box,9012,jpeg50,self,1,manila:53,manila:53,15.680001,36.1773
manila_query_-81llwEm_ZxNy7Sa7Xrjlw,transfer_1,9012,jpeg50,self,1,manila:53,manila:53,15.680001,36.1773
manila_query_-81llwEm_ZxNy7Sa7Xrjlw,transfer_2,9012,jpeg50,self,1,manila:53,manila:53,15.680000,36.1773
manila_query_-81llwEm_ZxNy7Sa7Xrjlw,transfer_3,9012,jpeg50,self,1,manila:53,manila:53,15.679997,36.1773
manila_query_-81llwEm_ZxNy7Sa7Xrjlw,transfer_4,9012,jpeg50,self,1,manila:53,manila:53,15.679997,36.1773
nairobi_query_0ByAmUG6wFySvLcHHQ0Sdg,isotropic,1234,jpeg50,self,1,nairobi:10,nairobi:10,15.680001,36.1773
nairobi_query_0ByAmUG6wFySvLcHHQ0Sdg,white_box,1234,jpeg50,self,1,nairobi:10,nairobi:10,15.680000,36.1773
nairobi_query_0ByAmUG6wFySvLcHHQ0Sdg,transfer_1,1234,jpeg50,self,1,nairobi:10,nairobi:10,15.679997,36.1773
nairobi_query_0ByAmUG6wFySvLcHHQ0Sdg,transfer_2,1234,jpeg50,self,1,nairobi:10,nairobi:10,15.679998,36.1773
nairobi_query_0ByAmUG6wFySvLcHHQ0Sdg,transfer_3,1234,jpeg50,self,1,nairobi:10,nairobi:10,15.679997,36.1773
nairobi_query_0ByAmUG6wFySvLcHHQ0Sdg,transfer_4,1234,jpeg50,self,1,nairobi:10,nairobi:10,15.679997,36.1773
nairobi_query_0ByAmUG6wFySvLcHHQ0Sdg,isotropic,5678,jpeg50,self,1,nairobi:10,nairobi:10,15.680000,36.1773
nairobi_query_0ByAmUG6wFySvLcHHQ0Sdg,white_box,5678,jpeg50,self,1,nairobi:10,nairobi:10,15.679997,36.1773
nairobi_query_0ByAmUG6wFySvLcHHQ0Sdg,transfer_1,5678,jpeg50,self,1,nairobi:10,nairobi:10,15.680000,36.1773
nairobi_query_0ByAmUG6wFySvLcHHQ0Sdg,transfer_2,5678,jpeg50,self,1,nairobi:10,nairobi:10,15.679998,36.1773
nairobi_query_0ByAmUG6wFySvLcHHQ0Sdg,transfer_3,5678,jpeg50,self,1,nairobi:10,nairobi:10,15.680000,36.1773
nairobi_query_0ByAmUG6wFySvLcHHQ0Sdg,transfer_4,5678,jpeg50,self,1,nairobi:10,nairobi:10,15.679997,36.1773
nairobi_query_0ByAmUG6wFySvLcHHQ0Sdg,isotropic,9012,jpeg50,self,1,nairobi:10,nairobi:10,15.680000,36.1773
nairobi_query_0ByAmUG6wFySvLcHHQ0Sdg,white_box,9012,jpeg50,self,1,nairobi:10,nairobi:10,15.680000,36.1773
nairobi_query_0ByAmUG6wFySvLcHHQ0Sdg,transfer_1,9012,jpeg50,self,1,nairobi:10,nairobi:10,15.679998,36.1773
nairobi_query_0ByAmUG6wFySvLcHHQ0Sdg,transfer_2,9012,jpeg50,self,1,nairobi:10,nairobi:10,15.680000,36.1773
nairobi_query_0ByAmUG6wFySvLcHHQ0Sdg,transfer_3,9012,jpeg50,self,1,nairobi:10,nairobi:10,15.680000,36.1773
nairobi_query_0ByAmUG6wFySvLcHHQ0Sdg,transfer_4,9012,jpeg50,self,1,nairobi:10,nairobi:10,15.679997,36.1773
toronto_query_-6ZIqrL48IaL1dCCO7bDVQ,isotropic,1234,jpeg50,self,1,toronto:351,toronto:351,15.679998,36.1773
toronto_query_-6ZIqrL48IaL1dCCO7bDVQ,white_box,1234,jpeg50,self,1,toronto:351,toronto:351,15.679997,36.1773
toronto_query_-6ZIqrL48IaL1dCCO7bDVQ,transfer_1,1234,jpeg50,self,1,toronto:351,toronto:351,15.680000,36.1773
toronto_query_-6ZIqrL48IaL1dCCO7bDVQ,transfer_2,1234,jpeg50,self,1,toronto:351,toronto:351,15.680000,36.1773
toronto_query_-6ZIqrL48IaL1dCCO7bDVQ,transfer_3,1234,jpeg50,self,1,toronto:351,toronto:351,15.679997,36.1773
toronto_query_-6ZIqrL48IaL1dCCO7bDVQ,transfer_4,1234,jpeg50,self,1,toronto:351,toronto:351,15.679997,36.1773
toronto_query_-6ZIqrL48IaL1dCCO7bDVQ,isotropic,5678,jpeg50,self,1,toronto:351,toronto:351,15.680000,36.1773
toronto_query_-6ZIqrL48IaL1dCCO7bDVQ,white_box,5678,jpeg50,self,1,toronto:351,toronto:351,15.680000,36.1773
toronto_query_-6ZIqrL48IaL1dCCO7bDVQ,transfer_1,5678,jpeg50,self,1,toronto:351,toronto:351,15.680000,36.1773
toronto_query_-6ZIqrL48IaL1dCCO7bDVQ,transfer_2,5678,jpeg50,self,1,toronto:351,toronto:351,15.679998,36.1773
toronto_query_-6ZIqrL48IaL1dCCO7bDVQ,transfer_3,5678,jpeg50,self,1,toronto:351,toronto:351,15.680001,36.1773
toronto_query_-6ZIqrL48IaL1dCCO7bDVQ,transfer_4,5678,jpeg50,self,1,toronto:351,toronto:351,15.679997,36.1773
toronto_query_-6ZIqrL48IaL1dCCO7bDVQ,isotropic,9012,jpeg50,self,1,toronto:351,toronto:351,15.680000,36.1773
toronto_query_-6ZIqrL48IaL1dCCO7bDVQ,white_box,9012,jpeg50,self,1,toronto:351,toronto:351,15.679998,36.1773
toronto_query_-6ZIqrL48IaL1dCCO7bDVQ,transfer_1,9012,jpeg50,self,1,toronto:351,toronto:351,15.680001,36.1773
toronto_query_-6ZIqrL48IaL1dCCO7bDVQ,transfer_2,9012,jpeg50,self,1,toronto:351,toronto:351,15.679997,36.1773
toronto_query_-6ZIqrL48IaL1dCCO7bDVQ,transfer_3,9012,jpeg50,self,1,toronto:351,toronto:351,15.679997,36.1773
toronto_query_-6ZIqrL48IaL1dCCO7bDVQ,transfer_4,9012,jpeg50,self,1,toronto:351,toronto:351,15.679998,36.1773
zurich_query_-F7hOUVha_xHAoDddsUYdw,isotropic,1234,jpeg50,self,1,zurich:99,zurich:99,15.679997,36.1773
zurich_query_-F7hOUVha_xHAoDddsUYdw,white_box,1234,jpeg50,self,20,boston:139,zurich:99,15.679998,36.1773
zurich_query_-F7hOUVha_xHAoDddsUYdw,transfer_1,1234,jpeg50,self,1,zurich:99,zurich:99,15.680001,36.1773
zurich_query_-F7hOUVha_xHAoDddsUYdw,transfer_2,1234,jpeg50,self,1,zurich:99,zurich:99,15.679997,36.1773
zurich_query_-F7hOUVha_xHAoDddsUYdw,transfer_3,1234,jpeg50,self,1,zurich:99,zurich:99,15.679997,36.1773
zurich_query_-F7hOUVha_xHAoDddsUYdw,transfer_4,1234,jpeg50,self,1,zurich:99,zurich:99,15.679998,36.1773
zurich_query_-F7hOUVha_xHAoDddsUYdw,isotropic,5678,jpeg50,self,1,zurich:99,zurich:99,15.680000,36.1773
zurich_query_-F7hOUVha_xHAoDddsUYdw,white_box,5678,jpeg50,self,2,boston:47,zurich:99,15.680000,36.1773
zurich_query_-F7hOUVha_xHAoDddsUYdw,transfer_1,5678,jpeg50,self,1,zurich:99,zurich:99,15.679997,36.1773
zurich_query_-F7hOUVha_xHAoDddsUYdw,transfer_2,5678,jpeg50,self,1,zurich:99,zurich:99,15.679997,36.1773
zurich_query_-F7hOUVha_xHAoDddsUYdw,transfer_3,5678,jpeg50,self,1,zurich:99,zurich:99,15.680000,36.1773
zurich_query_-F7hOUVha_xHAoDddsUYdw,transfer_4,5678,jpeg50,self,1,zurich:99,zurich:99,15.680000,36.1773
zurich_query_-F7hOUVha_xHAoDddsUYdw,isotropic,9012,jpeg50,self,1,zurich:99,zurich:99,15.679996,36.1773
zurich_query_-F7hOUVha_xHAoDddsUYdw,white_box,9012,jpeg50,self,1,zurich:99,zurich:99,15.680000,36.1773
zurich_query_-F7hOUVha_xHAoDddsUYdw,transfer_1,9012,jpeg50,self,1,zurich:99,zurich:99,15.680000,36.1773
zurich_query_-F7hOUVha_xHAoDddsUYdw,transfer_2,9012,jpeg50,self,1,zurich:99,zurich:99,15.680000,36.1773
zurich_query_-F7hOUVha_xHAoDddsUYdw,transfer_3,9012,jpeg50,self,1,zurich:99,zurich:99,15.679998,36.1773
zurich_query_-F7hOUVha_xHAoDddsUYdw,transfer_4,9012,jpeg50,self,1,zurich:99,zurich:99,15.679998,36.1773
amman_query_-iXxlTRmA5JphamcIjxBbA,isotropic,1234,jpeg50,self,1,amman:11,amman:11,15.680000,36.1773
amman_query_-iXxlTRmA5JphamcIjxBbA,white_box,1234,jpeg50,self,1,amman:11,amman:11,15.679998,36.1773
amman_query_-iXxlTRmA5JphamcIjxBbA,transfer_1,1234,jpeg50,self,1,amman:11,amman:11,15.680000,36.1773
amman_query_-iXxlTRmA5JphamcIjxBbA,transfer_2,1234,jpeg50,self,1,amman:11,amman:11,15.679997,36.1773
amman_query_-iXxlTRmA5JphamcIjxBbA,transfer_3,1234,jpeg50,self,1,amman:11,amman:11,15.680000,36.1773
amman_query_-iXxlTRmA5JphamcIjxBbA,transfer_4,1234,jpeg50,self,1,amman:11,amman:11,15.680000,36.1773
amman_query_-iXxlTRmA5JphamcIjxBbA,isotropic,5678,jpeg50,self,1,amman:11,amman:11,15.679998,36.1773
amman_query_-iXxlTRmA5JphamcIjxBbA,white_box,5678,jpeg50,self,1,amman:11,amman:11,15.679997,36.1773
amman_query_-iXxlTRmA5JphamcIjxBbA,transfer_1,5678,jpeg50,self,1,amman:11,amman:11,15.680001,36.1773
amman_query_-iXxlTRmA5JphamcIjxBbA,transfer_2,5678,jpeg50,self,1,amman:11,amman:11,15.680000,36.1773
amman_query_-iXxlTRmA5JphamcIjxBbA,transfer_3,5678,jpeg50,self,1,amman:11,amman:11,15.679997,36.1773
amman_query_-iXxlTRmA5JphamcIjxBbA,transfer_4,5678,jpeg50,self,1,amman:11,amman:11,15.679998,36.1773
amman_query_-iXxlTRmA5JphamcIjxBbA,isotropic,9012,jpeg50,self,1,amman:11,amman:11,15.680000,36.1773
amman_query_-iXxlTRmA5JphamcIjxBbA,white_box,9012,jpeg50,self,1,amman:11,amman:11,15.680000,36.1773
amman_query_-iXxlTRmA5JphamcIjxBbA,transfer_1,9012,jpeg50,self,1,amman:11,amman:11,15.680000,36.1773
amman_query_-iXxlTRmA5JphamcIjxBbA,transfer_2,9012,jpeg50,self,1,amman:11,amman:11,15.679997,36.1773
amman_query_-iXxlTRmA5JphamcIjxBbA,transfer_3,9012,jpeg50,self,1,amman:11,amman:11,15.679997,36.1773
amman_query_-iXxlTRmA5JphamcIjxBbA,transfer_4,9012,jpeg50,self,1,amman:11,amman:11,15.679998,36.1773
boston_query_-9gbUk-DmX9AOqntuN1nEm,isotropic,1234,jpeg50,self,1,boston:168,boston:168,15.679995,36.1773
boston_query_-9gbUk-DmX9AOqntuN1nEm,white_box,1234,jpeg50,self,1,boston:168,boston:168,15.679998,36.1773
boston_query_-9gbUk-DmX9AOqntuN1nEm,transfer_1,1234,jpeg50,self,1,boston:168,boston:168,15.679997,36.1773
boston_query_-9gbUk-DmX9AOqntuN1nEm,transfer_2,1234,jpeg50,self,1,boston:168,boston:168,15.680000,36.1773
boston_query_-9gbUk-DmX9AOqntuN1nEm,transfer_3,1234,jpeg50,self,1,boston:168,boston:168,15.679997,36.1773
boston_query_-9gbUk-DmX9AOqntuN1nEm,transfer_4,1234,jpeg50,self,1,boston:168,boston:168,15.679997,36.1773
boston_query_-9gbUk-DmX9AOqntuN1nEm,isotropic,5678,jpeg50,self,1,boston:168,boston:168,15.680000,36.1773
boston_query_-9gbUk-DmX9AOqntuN1nEm,white_box,5678,jpeg50,self,1,boston:168,boston:168,15.680000,36.1773
boston_query_-9gbUk-DmX9AOqntuN1nEm,transfer_1,5678,jpeg50,self,1,boston:168,boston:168,15.680000,36.1773
boston_query_-9gbUk-DmX9AOqntuN1nEm,transfer_2,5678,jpeg50,self,1,boston:168,boston:168,15.679997,36.1773
boston_query_-9gbUk-DmX9AOqntuN1nEm,transfer_3,5678,jpeg50,self,1,boston:168,boston:168,15.679998,36.1773
boston_query_-9gbUk-DmX9AOqntuN1nEm,transfer_4,5678,jpeg50,self,1,boston:168,boston:168,15.679998,36.1773
boston_query_-9gbUk-DmX9AOqntuN1nEm,isotropic,9012,jpeg50,self,1,boston:168,boston:168,15.679997,36.1773
boston_query_-9gbUk-DmX9AOqntuN1nEm,white_box,9012,jpeg50,self,1,boston:168,boston:168,15.679998,36.1773
boston_query_-9gbUk-DmX9AOqntuN1nEm,transfer_1,9012,jpeg50,self,1,boston:168,boston:168,15.679998,36.1773
boston_query_-9gbUk-DmX9AOqntuN1nEm,transfer_2,9012,jpeg50,self,1,boston:168,boston:168,15.680001,36.1773
boston_query_-9gbUk-DmX9AOqntuN1nEm,transfer_3,9012,jpeg50,self,1,boston:168,boston:168,15.679997,36.1773
boston_query_-9gbUk-DmX9AOqntuN1nEm,transfer_4,9012,jpeg50,self,1,boston:168,boston:168,15.679997,36.1773
cph_query_-4XnD9qE623teR-nRYxB5A,isotropic,1234,jpeg50,self,1,cph:190,cph:190,15.680000,36.1773
cph_query_-4XnD9qE623teR-nRYxB5A,white_box,1234,jpeg50,self,1,cph:190,cph:190,15.680000,36.1773
cph_query_-4XnD9qE623teR-nRYxB5A,transfer_1,1234,jpeg50,self,1,cph:190,cph:190,15.679997,36.1773
cph_query_-4XnD9qE623teR-nRYxB5A,transfer_2,1234,jpeg50,self,1,cph:190,cph:190,15.680000,36.1773
cph_query_-4XnD9qE623teR-nRYxB5A,transfer_3,1234,jpeg50,self,1,cph:190,cph:190,15.680000,36.1773
cph_query_-4XnD9qE623teR-nRYxB5A,transfer_4,1234,jpeg50,self,1,cph:190,cph:190,15.679998,36.1773
cph_query_-4XnD9qE623teR-nRYxB5A,isotropic,5678,jpeg50,self,1,cph:190,cph:190,15.679998,36.1773
cph_query_-4XnD9qE623teR-nRYxB5A,white_box,5678,jpeg50,self,1,cph:190,cph:190,15.679998,36.1773
cph_query_-4XnD9qE623teR-nRYxB5A,transfer_1,5678,jpeg50,self,1,cph:190,cph:190,15.680000,36.1773
cph_query_-4XnD9qE623teR-nRYxB5A,transfer_2,5678,jpeg50,self,1,cph:190,cph:190,15.679997,36.1773
cph_query_-4XnD9qE623teR-nRYxB5A,transfer_3,5678,jpeg50,self,1,cph:190,cph:190,15.679998,36.1773
cph_query_-4XnD9qE623teR-nRYxB5A,transfer_4,5678,jpeg50,self,1,cph:190,cph:190,15.679997,36.1773
cph_query_-4XnD9qE623teR-nRYxB5A,isotropic,9012,jpeg50,self,1,cph:190,cph:190,15.679996,36.1773
cph_query_-4XnD9qE623teR-nRYxB5A,white_box,9012,jpeg50,self,1,cph:190,cph:190,15.680000,36.1773
cph_query_-4XnD9qE623teR-nRYxB5A,transfer_1,9012,jpeg50,self,1,cph:190,cph:190,15.680000,36.1773
cph_query_-4XnD9qE623teR-nRYxB5A,transfer_2,9012,jpeg50,self,1,cph:190,cph:190,15.679997,36.1773
cph_query_-4XnD9qE623teR-nRYxB5A,transfer_3,9012,jpeg50,self,1,cph:190,cph:190,15.680000,36.1773
cph_query_-4XnD9qE623teR-nRYxB5A,transfer_4,9012,jpeg50,self,1,cph:190,cph:190,15.679997,36.1773
london_query_-Flts9XBA2wVlru8_LHbkg,isotropic,1234,jpeg50,self,36,amman:36,london:111,15.679998,36.1773
london_query_-Flts9XBA2wVlru8_LHbkg,white_box,1234,jpeg50,self,84,toronto:301,london:111,15.679998,36.1773
london_query_-Flts9XBA2wVlru8_LHbkg,transfer_1,1234,jpeg50,self,113,boston:90,london:111,15.680000,36.1773
london_query_-Flts9XBA2wVlru8_LHbkg,transfer_2,1234,jpeg50,self,198,amman:36,london:111,15.680001,36.1773
london_query_-Flts9XBA2wVlru8_LHbkg,transfer_3,1234,jpeg50,self,111,amman:36,london:111,15.679997,36.1773
london_query_-Flts9XBA2wVlru8_LHbkg,transfer_4,1234,jpeg50,self,303,nairobi:8,london:111,15.680000,36.1773
london_query_-Flts9XBA2wVlru8_LHbkg,isotropic,5678,jpeg50,self,61,boston:90,london:111,15.679997,36.1773
london_query_-Flts9XBA2wVlru8_LHbkg,white_box,5678,jpeg50,self,589,boston:90,london:111,15.679998,36.1773
london_query_-Flts9XBA2wVlru8_LHbkg,transfer_1,5678,jpeg50,self,283,toronto:301,london:111,15.679998,36.1773
london_query_-Flts9XBA2wVlru8_LHbkg,transfer_2,5678,jpeg50,self,44,amman:36,london:111,15.680000,36.1773
london_query_-Flts9XBA2wVlru8_LHbkg,transfer_3,5678,jpeg50,self,207,amman:36,london:111,15.680000,36.1773
london_query_-Flts9XBA2wVlru8_LHbkg,transfer_4,5678,jpeg50,self,179,amman:36,london:111,15.679998,36.1773
london_query_-Flts9XBA2wVlru8_LHbkg,isotropic,9012,jpeg50,self,89,boston:90,london:111,15.680001,36.1773
london_query_-Flts9XBA2wVlru8_LHbkg,white_box,9012,jpeg50,self,232,amman:36,london:111,15.680001,36.1773
london_query_-Flts9XBA2wVlru8_LHbkg,transfer_1,9012,jpeg50,self,79,boston:90,london:111,15.680000,36.1773
london_query_-Flts9XBA2wVlru8_LHbkg,transfer_2,9012,jpeg50,self,80,boston:90,london:111,15.680000,36.1773
london_query_-Flts9XBA2wVlru8_LHbkg,transfer_3,9012,jpeg50,self,104,boston:90,london:111,15.680000,36.1773
london_query_-Flts9XBA2wVlru8_LHbkg,transfer_4,9012,jpeg50,self,74,toronto:301,london:111,15.680000,36.1773
manila_query_-85J_HceaTP2S0IavwkQ-A,isotropic,1234,jpeg50,self,277,manila:72,manila:119,15.680000,36.1773
manila_query_-85J_HceaTP2S0IavwkQ-A,white_box,1234,jpeg50,self,475,manila:20,manila:119,15.679997,36.1773
manila_query_-85J_HceaTP2S0IavwkQ-A,transfer_1,1234,jpeg50,self,243,manila:72,manila:119,15.679997,36.1773
manila_query_-85J_HceaTP2S0IavwkQ-A,transfer_2,1234,jpeg50,self,109,manila:72,manila:119,15.680000,36.1773
manila_query_-85J_HceaTP2S0IavwkQ-A,transfer_3,1234,jpeg50,self,456,manila:72,manila:119,15.680001,36.1773
manila_query_-85J_HceaTP2S0IavwkQ-A,transfer_4,1234,jpeg50,self,305,manila:72,manila:119,15.680001,36.1773
manila_query_-85J_HceaTP2S0IavwkQ-A,isotropic,5678,jpeg50,self,194,manila:72,manila:119,15.679997,36.1773
manila_query_-85J_HceaTP2S0IavwkQ-A,white_box,5678,jpeg50,self,686,manila:72,manila:119,15.679997,36.1773
manila_query_-85J_HceaTP2S0IavwkQ-A,transfer_1,5678,jpeg50,self,256,manila:72,manila:119,15.680000,36.1773
manila_query_-85J_HceaTP2S0IavwkQ-A,transfer_2,5678,jpeg50,self,265,manila:72,manila:119,15.679997,36.1773
manila_query_-85J_HceaTP2S0IavwkQ-A,transfer_3,5678,jpeg50,self,136,manila:72,manila:119,15.680001,36.1773
manila_query_-85J_HceaTP2S0IavwkQ-A,transfer_4,5678,jpeg50,self,216,manila:72,manila:119,15.680000,36.1773
manila_query_-85J_HceaTP2S0IavwkQ-A,isotropic,9012,jpeg50,self,371,manila:72,manila:119,15.679996,36.1773
manila_query_-85J_HceaTP2S0IavwkQ-A,white_box,9012,jpeg50,self,543,manila:72,manila:119,15.679997,36.1773
manila_query_-85J_HceaTP2S0IavwkQ-A,transfer_1,9012,jpeg50,self,221,manila:72,manila:119,15.679998,36.1773
manila_query_-85J_HceaTP2S0IavwkQ-A,transfer_2,9012,jpeg50,self,157,manila:72,manila:119,15.679997,36.1773
manila_query_-85J_HceaTP2S0IavwkQ-A,transfer_3,9012,jpeg50,self,208,manila:72,manila:119,15.680000,36.1773
manila_query_-85J_HceaTP2S0IavwkQ-A,transfer_4,9012,jpeg50,self,272,manila:72,manila:119,15.679998,36.1773
nairobi_query_0LJUobuUEqOqrZc4s2fVgg,isotropic,1234,jpeg50,self,14,toronto:130,nairobi:5,15.679998,36.1773
nairobi_query_0LJUobuUEqOqrZc4s2fVgg,white_box,1234,jpeg50,self,25,amman:1,nairobi:5,15.680000,36.1773
nairobi_query_0LJUobuUEqOqrZc4s2fVgg,transfer_1,1234,jpeg50,self,79,amman:35,nairobi:5,15.679998,36.1773
nairobi_query_0LJUobuUEqOqrZc4s2fVgg,transfer_2,1234,jpeg50,self,10,manila:54,nairobi:5,15.680000,36.1773
nairobi_query_0LJUobuUEqOqrZc4s2fVgg,transfer_3,1234,jpeg50,self,21,toronto:207,nairobi:5,15.679996,36.1773
nairobi_query_0LJUobuUEqOqrZc4s2fVgg,transfer_4,1234,jpeg50,self,36,manila:54,nairobi:5,15.679997,36.1773
nairobi_query_0LJUobuUEqOqrZc4s2fVgg,isotropic,5678,jpeg50,self,39,toronto:207,nairobi:5,15.680000,36.1773
nairobi_query_0LJUobuUEqOqrZc4s2fVgg,white_box,5678,jpeg50,self,13,amman:31,nairobi:5,15.679997,36.1773
nairobi_query_0LJUobuUEqOqrZc4s2fVgg,transfer_1,5678,jpeg50,self,290,cph:208,nairobi:5,15.680000,36.1773
nairobi_query_0LJUobuUEqOqrZc4s2fVgg,transfer_2,5678,jpeg50,self,7,manila:54,nairobi:5,15.680000,36.1773
nairobi_query_0LJUobuUEqOqrZc4s2fVgg,transfer_3,5678,jpeg50,self,17,toronto:207,nairobi:5,15.680000,36.1773
nairobi_query_0LJUobuUEqOqrZc4s2fVgg,transfer_4,5678,jpeg50,self,10,manila:54,nairobi:5,15.680000,36.1773
nairobi_query_0LJUobuUEqOqrZc4s2fVgg,isotropic,9012,jpeg50,self,23,toronto:207,nairobi:5,15.679998,36.1773
nairobi_query_0LJUobuUEqOqrZc4s2fVgg,white_box,9012,jpeg50,self,9,manila:54,nairobi:5,15.680000,36.1773
nairobi_query_0LJUobuUEqOqrZc4s2fVgg,transfer_1,9012,jpeg50,self,28,manila:54,nairobi:5,15.679997,36.1773
nairobi_query_0LJUobuUEqOqrZc4s2fVgg,transfer_2,9012,jpeg50,self,77,manila:54,nairobi:5,15.679998,36.1773
nairobi_query_0LJUobuUEqOqrZc4s2fVgg,transfer_3,9012,jpeg50,self,16,manila:54,nairobi:5,15.679997,36.1773
nairobi_query_0LJUobuUEqOqrZc4s2fVgg,transfer_4,9012,jpeg50,self,70,toronto:207,nairobi:5,15.680000,36.1773
toronto_query_-7C0G-8afrBbN3hImbBHsA,isotropic,1234,jpeg50,self,4,toronto:265,toronto:346,15.680000,36.1773
toronto_query_-7C0G-8afrBbN3hImbBHsA,white_box,1234,jpeg50,self,3,toronto:389,toronto:346,15.679996,36.1773
toronto_query_-7C0G-8afrBbN3hImbBHsA,transfer_1,1234,jpeg50,self,5,toronto:389,toronto:346,15.679998,36.1773
toronto_query_-7C0G-8afrBbN3hImbBHsA,transfer_2,1234,jpeg50,self,4,toronto:389,toronto:346,15.680000,36.1773
toronto_query_-7C0G-8afrBbN3hImbBHsA,transfer_3,1234,jpeg50,self,10,toronto:389,toronto:346,15.680000,36.1773
toronto_query_-7C0G-8afrBbN3hImbBHsA,transfer_4,1234,jpeg50,self,4,toronto:389,toronto:346,15.680000,36.1773
toronto_query_-7C0G-8afrBbN3hImbBHsA,isotropic,5678,jpeg50,self,2,toronto:389,toronto:346,15.679998,36.1773
toronto_query_-7C0G-8afrBbN3hImbBHsA,white_box,5678,jpeg50,self,7,toronto:389,toronto:346,15.680000,36.1773
toronto_query_-7C0G-8afrBbN3hImbBHsA,transfer_1,5678,jpeg50,self,6,toronto:34,toronto:346,15.679998,36.1773
toronto_query_-7C0G-8afrBbN3hImbBHsA,transfer_2,5678,jpeg50,self,1,toronto:346,toronto:346,15.679998,36.1773
toronto_query_-7C0G-8afrBbN3hImbBHsA,transfer_3,5678,jpeg50,self,1,toronto:346,toronto:346,15.680001,36.1773
toronto_query_-7C0G-8afrBbN3hImbBHsA,transfer_4,5678,jpeg50,self,2,toronto:389,toronto:346,15.679997,36.1773
toronto_query_-7C0G-8afrBbN3hImbBHsA,isotropic,9012,jpeg50,self,6,toronto:265,toronto:346,15.679998,36.1773
toronto_query_-7C0G-8afrBbN3hImbBHsA,white_box,9012,jpeg50,self,3,toronto:34,toronto:346,15.680000,36.1773
toronto_query_-7C0G-8afrBbN3hImbBHsA,transfer_1,9012,jpeg50,self,2,toronto:389,toronto:346,15.679997,36.1773
toronto_query_-7C0G-8afrBbN3hImbBHsA,transfer_2,9012,jpeg50,self,3,toronto:389,toronto:346,15.680001,36.1773
toronto_query_-7C0G-8afrBbN3hImbBHsA,transfer_3,9012,jpeg50,self,3,toronto:389,toronto:346,15.679997,36.1773
toronto_query_-7C0G-8afrBbN3hImbBHsA,transfer_4,9012,jpeg50,self,2,toronto:389,toronto:346,15.680000,36.1773
zurich_query_-Kb55YIF941j2DBFO5gVjA,isotropic,1234,jpeg50,self,1,zurich:111,zurich:111,15.680000,36.1773
zurich_query_-Kb55YIF941j2DBFO5gVjA,white_box,1234,jpeg50,self,1,zurich:111,zurich:111,15.680000,36.1773
zurich_query_-Kb55YIF941j2DBFO5gVjA,transfer_1,1234,jpeg50,self,1,zurich:111,zurich:111,15.679997,36.1773
zurich_query_-Kb55YIF941j2DBFO5gVjA,transfer_2,1234,jpeg50,self,1,zurich:111,zurich:111,15.679998,36.1773
zurich_query_-Kb55YIF941j2DBFO5gVjA,transfer_3,1234,jpeg50,self,1,zurich:111,zurich:111,15.680000,36.1773
zurich_query_-Kb55YIF941j2DBFO5gVjA,transfer_4,1234,jpeg50,self,1,zurich:111,zurich:111,15.679997,36.1773
zurich_query_-Kb55YIF941j2DBFO5gVjA,isotropic,5678,jpeg50,self,1,zurich:111,zurich:111,15.679997,36.1773
zurich_query_-Kb55YIF941j2DBFO5gVjA,white_box,5678,jpeg50,self,1,zurich:111,zurich:111,15.680000,36.1773
zurich_query_-Kb55YIF941j2DBFO5gVjA,transfer_1,5678,jpeg50,self,1,zurich:111,zurich:111,15.680002,36.1773
zurich_query_-Kb55YIF941j2DBFO5gVjA,transfer_2,5678,jpeg50,self,1,zurich:111,zurich:111,15.679997,36.1773
zurich_query_-Kb55YIF941j2DBFO5gVjA,transfer_3,5678,jpeg50,self,1,zurich:111,zurich:111,15.679998,36.1773
zurich_query_-Kb55YIF941j2DBFO5gVjA,transfer_4,5678,jpeg50,self,1,zurich:111,zurich:111,15.680001,36.1773
zurich_query_-Kb55YIF941j2DBFO5gVjA,isotropic,9012,jpeg50,self,1,zurich:111,zurich:111,15.680000,36.1773
zurich_query_-Kb55YIF941j2DBFO5gVjA,white_box,9012,jpeg50,self,1,zurich:111,zurich:111,15.679998,36.1773
zurich_query_-Kb55YIF941j2DBFO5gVjA,transfer_1,9012,jpeg50,self,1,zurich:111,zurich:111,15.680000,36.1773
zurich_query_-Kb55YIF941j2DBFO5gVjA,transfer_2,9012,jpeg50,self,1,zurich:111,zurich:111,15.679998,36.1773
zurich_query_-Kb55YIF941j2DBFO5gVjA,transfer_3,9012,jpeg50,self,1,zurich:111,zurich:111,15.680000,36.1773
zurich_query_-Kb55YIF941j2DBFO5gVjA,transfer_4,9012,jpeg50,self,1,zurich:111,zurich:111,15.679998,36.1773
amman_query_-qij8CFaEYNp4JW3rF9oqQ,isotropic,1234,jpeg50,self,1,amman:32,amman:32,15.679997,36.1773
amman_query_-qij8CFaEYNp4JW3rF9oqQ,white_box,1234,jpeg50,self,1,amman:32,amman:32,15.680000,36.1773
amman_query_-qij8CFaEYNp4JW3rF9oqQ,transfer_1,1234,jpeg50,self,1,amman:32,amman:32,15.679997,36.1773
amman_query_-qij8CFaEYNp4JW3rF9oqQ,transfer_2,1234,jpeg50,self,1,amman:32,amman:32,15.679998,36.1773
amman_query_-qij8CFaEYNp4JW3rF9oqQ,transfer_3,1234,jpeg50,self,1,amman:32,amman:32,15.680000,36.1773
amman_query_-qij8CFaEYNp4JW3rF9oqQ,transfer_4,1234,jpeg50,self,1,amman:32,amman:32,15.680000,36.1773
amman_query_-qij8CFaEYNp4JW3rF9oqQ,isotropic,5678,jpeg50,self,1,amman:32,amman:32,15.680000,36.1773
amman_query_-qij8CFaEYNp4JW3rF9oqQ,white_box,5678,jpeg50,self,1,amman:32,amman:32,15.679997,36.1773
amman_query_-qij8CFaEYNp4JW3rF9oqQ,transfer_1,5678,jpeg50,self,1,amman:32,amman:32,15.680000,36.1773
amman_query_-qij8CFaEYNp4JW3rF9oqQ,transfer_2,5678,jpeg50,self,1,amman:32,amman:32,15.679998,36.1773
amman_query_-qij8CFaEYNp4JW3rF9oqQ,transfer_3,5678,jpeg50,self,1,amman:32,amman:32,15.680001,36.1773
amman_query_-qij8CFaEYNp4JW3rF9oqQ,transfer_4,5678,jpeg50,self,1,amman:32,amman:32,15.679997,36.1773
amman_query_-qij8CFaEYNp4JW3rF9oqQ,isotropic,9012,jpeg50,self,1,amman:32,amman:32,15.679997,36.1773
amman_query_-qij8CFaEYNp4JW3rF9oqQ,white_box,9012,jpeg50,self,1,amman:32,amman:32,15.679998,36.1773
amman_query_-qij8CFaEYNp4JW3rF9oqQ,transfer_1,9012,jpeg50,self,1,amman:32,amman:32,15.679998,36.1773
amman_query_-qij8CFaEYNp4JW3rF9oqQ,transfer_2,9012,jpeg50,self,1,amman:32,amman:32,15.679997,36.1773
amman_query_-qij8CFaEYNp4JW3rF9oqQ,transfer_3,9012,jpeg50,self,1,amman:32,amman:32,15.679998,36.1773
amman_query_-qij8CFaEYNp4JW3rF9oqQ,transfer_4,9012,jpeg50,self,1,amman:32,amman:32,15.680000,36.1773
boston_query_-AJWNV55EAzvKArt5mMYqg,isotropic,1234,jpeg50,self,2,boston:234,boston:144,15.679997,36.1773
boston_query_-AJWNV55EAzvKArt5mMYqg,white_box,1234,jpeg50,self,1,boston:144,boston:144,15.680000,36.1773
boston_query_-AJWNV55EAzvKArt5mMYqg,transfer_1,1234,jpeg50,self,1,boston:144,boston:144,15.680000,36.1773
boston_query_-AJWNV55EAzvKArt5mMYqg,transfer_2,1234,jpeg50,self,1,boston:144,boston:144,15.680000,36.1773
boston_query_-AJWNV55EAzvKArt5mMYqg,transfer_3,1234,jpeg50,self,7,manila:13,boston:144,15.679998,36.1773
boston_query_-AJWNV55EAzvKArt5mMYqg,transfer_4,1234,jpeg50,self,2,manila:13,boston:144,15.679996,36.1773
boston_query_-AJWNV55EAzvKArt5mMYqg,isotropic,5678,jpeg50,self,1,boston:144,boston:144,15.680000,36.1773
boston_query_-AJWNV55EAzvKArt5mMYqg,white_box,5678,jpeg50,self,2,manila:163,boston:144,15.680000,36.1773
boston_query_-AJWNV55EAzvKArt5mMYqg,transfer_1,5678,jpeg50,self,1,boston:144,boston:144,15.680001,36.1773
boston_query_-AJWNV55EAzvKArt5mMYqg,transfer_2,5678,jpeg50,self,1,boston:144,boston:144,15.679998,36.1773
boston_query_-AJWNV55EAzvKArt5mMYqg,transfer_3,5678,jpeg50,self,1,boston:144,boston:144,15.680000,36.1773
boston_query_-AJWNV55EAzvKArt5mMYqg,transfer_4,5678,jpeg50,self,2,manila:13,boston:144,15.679997,36.1773
boston_query_-AJWNV55EAzvKArt5mMYqg,isotropic,9012,jpeg50,self,1,boston:144,boston:144,15.680000,36.1773
boston_query_-AJWNV55EAzvKArt5mMYqg,white_box,9012,jpeg50,self,4,nairobi:18,boston:144,15.679997,36.1773
boston_query_-AJWNV55EAzvKArt5mMYqg,transfer_1,9012,jpeg50,self,4,manila:13,boston:144,15.680000,36.1773
boston_query_-AJWNV55EAzvKArt5mMYqg,transfer_2,9012,jpeg50,self,1,boston:144,boston:144,15.680000,36.1773
boston_query_-AJWNV55EAzvKArt5mMYqg,transfer_3,9012,jpeg50,self,1,boston:144,boston:144,15.679997,36.1773
boston_query_-AJWNV55EAzvKArt5mMYqg,transfer_4,9012,jpeg50,self,3,manila:13,boston:144,15.680000,36.1773
cph_query_-5qSxgAnKk-6Bf5AVVoPjA,isotropic,1234,jpeg50,self,1,cph:243,cph:243,15.679998,36.1773
cph_query_-5qSxgAnKk-6Bf5AVVoPjA,white_box,1234,jpeg50,self,1,cph:243,cph:243,15.680000,36.1773
cph_query_-5qSxgAnKk-6Bf5AVVoPjA,transfer_1,1234,jpeg50,self,1,cph:243,cph:243,15.680000,36.1773
cph_query_-5qSxgAnKk-6Bf5AVVoPjA,transfer_2,1234,jpeg50,self,2,zurich:42,cph:243,15.679997,36.1773
cph_query_-5qSxgAnKk-6Bf5AVVoPjA,transfer_3,1234,jpeg50,self,1,cph:243,cph:243,15.680000,36.1773
cph_query_-5qSxgAnKk-6Bf5AVVoPjA,transfer_4,1234,jpeg50,self,1,cph:243,cph:243,15.680000,36.1773
cph_query_-5qSxgAnKk-6Bf5AVVoPjA,isotropic,5678,jpeg50,self,1,cph:243,cph:243,15.680000,36.1773
cph_query_-5qSxgAnKk-6Bf5AVVoPjA,white_box,5678,jpeg50,self,1,cph:243,cph:243,15.680000,36.1773
cph_query_-5qSxgAnKk-6Bf5AVVoPjA,transfer_1,5678,jpeg50,self,1,cph:243,cph:243,15.680000,36.1773
cph_query_-5qSxgAnKk-6Bf5AVVoPjA,transfer_2,5678,jpeg50,self,2,amman:1,cph:243,15.679998,36.1773
cph_query_-5qSxgAnKk-6Bf5AVVoPjA,transfer_3,5678,jpeg50,self,1,cph:243,cph:243,15.680000,36.1773
cph_query_-5qSxgAnKk-6Bf5AVVoPjA,transfer_4,5678,jpeg50,self,2,zurich:42,cph:243,15.679997,36.1773
cph_query_-5qSxgAnKk-6Bf5AVVoPjA,isotropic,9012,jpeg50,self,1,cph:243,cph:243,15.680001,36.1773
cph_query_-5qSxgAnKk-6Bf5AVVoPjA,white_box,9012,jpeg50,self,1,cph:243,cph:243,15.679997,36.1773
cph_query_-5qSxgAnKk-6Bf5AVVoPjA,transfer_1,9012,jpeg50,self,1,cph:243,cph:243,15.679997,36.1773
cph_query_-5qSxgAnKk-6Bf5AVVoPjA,transfer_2,9012,jpeg50,self,1,cph:243,cph:243,15.680000,36.1773
cph_query_-5qSxgAnKk-6Bf5AVVoPjA,transfer_3,9012,jpeg50,self,1,cph:243,cph:243,15.680000,36.1773
cph_query_-5qSxgAnKk-6Bf5AVVoPjA,transfer_4,9012,jpeg50,self,1,cph:243,cph:243,15.679997,36.1773
london_query_-HfvOD1d7XUGJoEMybpyqQ,isotropic,1234,jpeg50,self,1,london:77,london:77,15.679997,36.1773
london_query_-HfvOD1d7XUGJoEMybpyqQ,white_box,1234,jpeg50,self,1,london:77,london:77,15.680000,36.1773
london_query_-HfvOD1d7XUGJoEMybpyqQ,transfer_1,1234,jpeg50,self,1,london:77,london:77,15.679998,36.1773
london_query_-HfvOD1d7XUGJoEMybpyqQ,transfer_2,1234,jpeg50,self,1,london:77,london:77,15.680001,36.1773
london_query_-HfvOD1d7XUGJoEMybpyqQ,transfer_3,1234,jpeg50,self,1,london:77,london:77,15.679998,36.1773
london_query_-HfvOD1d7XUGJoEMybpyqQ,transfer_4,1234,jpeg50,self,1,london:77,london:77,15.679997,36.1773
london_query_-HfvOD1d7XUGJoEMybpyqQ,isotropic,5678,jpeg50,self,1,london:77,london:77,15.679997,36.1773
london_query_-HfvOD1d7XUGJoEMybpyqQ,white_box,5678,jpeg50,self,1,london:77,london:77,15.680000,36.1773
london_query_-HfvOD1d7XUGJoEMybpyqQ,transfer_1,5678,jpeg50,self,1,london:77,london:77,15.680002,36.1773
london_query_-HfvOD1d7XUGJoEMybpyqQ,transfer_2,5678,jpeg50,self,1,london:77,london:77,15.679998,36.1773
london_query_-HfvOD1d7XUGJoEMybpyqQ,transfer_3,5678,jpeg50,self,1,london:77,london:77,15.679998,36.1773
london_query_-HfvOD1d7XUGJoEMybpyqQ,transfer_4,5678,jpeg50,self,1,london:77,london:77,15.679998,36.1773
london_query_-HfvOD1d7XUGJoEMybpyqQ,isotropic,9012,jpeg50,self,1,london:77,london:77,15.679997,36.1773
london_query_-HfvOD1d7XUGJoEMybpyqQ,white_box,9012,jpeg50,self,1,london:77,london:77,15.679997,36.1773
london_query_-HfvOD1d7XUGJoEMybpyqQ,transfer_1,9012,jpeg50,self,1,london:77,london:77,15.679998,36.1773
london_query_-HfvOD1d7XUGJoEMybpyqQ,transfer_2,9012,jpeg50,self,1,london:77,london:77,15.680001,36.1773
london_query_-HfvOD1d7XUGJoEMybpyqQ,transfer_3,9012,jpeg50,self,1,london:77,london:77,15.679997,36.1773
london_query_-HfvOD1d7XUGJoEMybpyqQ,transfer_4,9012,jpeg50,self,1,london:77,london:77,15.679998,36.1773
manila_query_-9tG6ERjH4jVcWo9jkVvBg,isotropic,1234,jpeg50,self,1,manila:29,manila:29,15.680000,36.1773
manila_query_-9tG6ERjH4jVcWo9jkVvBg,white_box,1234,jpeg50,self,1,manila:29,manila:29,15.679997,36.1773
manila_query_-9tG6ERjH4jVcWo9jkVvBg,transfer_1,1234,jpeg50,self,1,manila:29,manila:29,15.679997,36.1773
manila_query_-9tG6ERjH4jVcWo9jkVvBg,transfer_2,1234,jpeg50,self,1,manila:29,manila:29,15.680000,36.1773
manila_query_-9tG6ERjH4jVcWo9jkVvBg,transfer_3,1234,jpeg50,self,1,manila:29,manila:29,15.680000,36.1773
manila_query_-9tG6ERjH4jVcWo9jkVvBg,transfer_4,1234,jpeg50,self,1,manila:29,manila:29,15.679998,36.1773
manila_query_-9tG6ERjH4jVcWo9jkVvBg,isotropic,5678,jpeg50,self,1,manila:29,manila:29,15.679997,36.1773
manila_query_-9tG6ERjH4jVcWo9jkVvBg,white_box,5678,jpeg50,self,1,manila:29,manila:29,15.679997,36.1773
manila_query_-9tG6ERjH4jVcWo9jkVvBg,transfer_1,5678,jpeg50,self,1,manila:29,manila:29,15.679997,36.1773
manila_query_-9tG6ERjH4jVcWo9jkVvBg,transfer_2,5678,jpeg50,self,1,manila:29,manila:29,15.680001,36.1773
manila_query_-9tG6ERjH4jVcWo9jkVvBg,transfer_3,5678,jpeg50,self,1,manila:29,manila:29,15.679998,36.1773
manila_query_-9tG6ERjH4jVcWo9jkVvBg,transfer_4,5678,jpeg50,self,1,manila:29,manila:29,15.679998,36.1773
manila_query_-9tG6ERjH4jVcWo9jkVvBg,isotropic,9012,jpeg50,self,1,manila:29,manila:29,15.679998,36.1773
manila_query_-9tG6ERjH4jVcWo9jkVvBg,white_box,9012,jpeg50,self,1,manila:29,manila:29,15.680000,36.1773
manila_query_-9tG6ERjH4jVcWo9jkVvBg,transfer_1,9012,jpeg50,self,1,manila:29,manila:29,15.680001,36.1773
manila_query_-9tG6ERjH4jVcWo9jkVvBg,transfer_2,9012,jpeg50,self,1,manila:29,manila:29,15.679997,36.1773
manila_query_-9tG6ERjH4jVcWo9jkVvBg,transfer_3,9012,jpeg50,self,1,manila:29,manila:29,15.679997,36.1773
manila_query_-9tG6ERjH4jVcWo9jkVvBg,transfer_4,9012,jpeg50,self,1,manila:29,manila:29,15.680001,36.1773
nairobi_query_0M1Vl3tUlt_2MiFp6vxhrg,isotropic,1234,jpeg50,self,1,nairobi:1,nairobi:1,15.679997,36.1773
nairobi_query_0M1Vl3tUlt_2MiFp6vxhrg,white_box,1234,jpeg50,self,1,nairobi:1,nairobi:1,15.680000,36.1773
nairobi_query_0M1Vl3tUlt_2MiFp6vxhrg,transfer_1,1234,jpeg50,self,1,nairobi:1,nairobi:1,15.679998,36.1773
nairobi_query_0M1Vl3tUlt_2MiFp6vxhrg,transfer_2,1234,jpeg50,self,1,nairobi:1,nairobi:1,15.680001,36.1773
nairobi_query_0M1Vl3tUlt_2MiFp6vxhrg,transfer_3,1234,jpeg50,self,1,nairobi:1,nairobi:1,15.679998,36.1773
nairobi_query_0M1Vl3tUlt_2MiFp6vxhrg,transfer_4,1234,jpeg50,self,1,nairobi:1,nairobi:1,15.679998,36.1773
nairobi_query_0M1Vl3tUlt_2MiFp6vxhrg,isotropic,5678,jpeg50,self,1,nairobi:1,nairobi:1,15.680000,36.1773
nairobi_query_0M1Vl3tUlt_2MiFp6vxhrg,white_box,5678,jpeg50,self,1,nairobi:1,nairobi:1,15.680000,36.1773
nairobi_query_0M1Vl3tUlt_2MiFp6vxhrg,transfer_1,5678,jpeg50,self,1,nairobi:1,nairobi:1,15.680000,36.1773
nairobi_query_0M1Vl3tUlt_2MiFp6vxhrg,transfer_2,5678,jpeg50,self,1,nairobi:1,nairobi:1,15.679997,36.1773
nairobi_query_0M1Vl3tUlt_2MiFp6vxhrg,transfer_3,5678,jpeg50,self,1,nairobi:1,nairobi:1,15.679997,36.1773
nairobi_query_0M1Vl3tUlt_2MiFp6vxhrg,transfer_4,5678,jpeg50,self,1,nairobi:1,nairobi:1,15.679998,36.1773
nairobi_query_0M1Vl3tUlt_2MiFp6vxhrg,isotropic,9012,jpeg50,self,1,nairobi:1,nairobi:1,15.680000,36.1773
nairobi_query_0M1Vl3tUlt_2MiFp6vxhrg,white_box,9012,jpeg50,self,1,nairobi:1,nairobi:1,15.679997,36.1773
nairobi_query_0M1Vl3tUlt_2MiFp6vxhrg,transfer_1,9012,jpeg50,self,1,nairobi:1,nairobi:1,15.680000,36.1773
nairobi_query_0M1Vl3tUlt_2MiFp6vxhrg,transfer_2,9012,jpeg50,self,1,nairobi:1,nairobi:1,15.679998,36.1773
nairobi_query_0M1Vl3tUlt_2MiFp6vxhrg,transfer_3,9012,jpeg50,self,1,nairobi:1,nairobi:1,15.679997,36.1773
nairobi_query_0M1Vl3tUlt_2MiFp6vxhrg,transfer_4,9012,jpeg50,self,2,nairobi:19,nairobi:1,15.680000,36.1773
toronto_query_-7bDZLvVOVk7ethfd1yomg,isotropic,1234,jpeg50,self,1,toronto:251,toronto:251,15.679997,36.1773
toronto_query_-7bDZLvVOVk7ethfd1yomg,white_box,1234,jpeg50,self,1,toronto:251,toronto:251,15.680000,36.1773
toronto_query_-7bDZLvVOVk7ethfd1yomg,transfer_1,1234,jpeg50,self,1,toronto:251,toronto:251,15.680000,36.1773
toronto_query_-7bDZLvVOVk7ethfd1yomg,transfer_2,1234,jpeg50,self,1,toronto:251,toronto:251,15.679996,36.1773
toronto_query_-7bDZLvVOVk7ethfd1yomg,transfer_3,1234,jpeg50,self,1,toronto:251,toronto:251,15.679996,36.1773
toronto_query_-7bDZLvVOVk7ethfd1yomg,transfer_4,1234,jpeg50,self,1,toronto:251,toronto:251,15.680002,36.1773
toronto_query_-7bDZLvVOVk7ethfd1yomg,isotropic,5678,jpeg50,self,1,toronto:251,toronto:251,15.679997,36.1773
toronto_query_-7bDZLvVOVk7ethfd1yomg,white_box,5678,jpeg50,self,1,toronto:251,toronto:251,15.680000,36.1773
toronto_query_-7bDZLvVOVk7ethfd1yomg,transfer_1,5678,jpeg50,self,1,toronto:251,toronto:251,15.679997,36.1773
toronto_query_-7bDZLvVOVk7ethfd1yomg,transfer_2,5678,jpeg50,self,1,toronto:251,toronto:251,15.680000,36.1773
toronto_query_-7bDZLvVOVk7ethfd1yomg,transfer_3,5678,jpeg50,self,1,toronto:251,toronto:251,15.679998,36.1773
toronto_query_-7bDZLvVOVk7ethfd1yomg,transfer_4,5678,jpeg50,self,1,toronto:251,toronto:251,15.680000,36.1773
toronto_query_-7bDZLvVOVk7ethfd1yomg,isotropic,9012,jpeg50,self,1,toronto:251,toronto:251,15.679998,36.1773
toronto_query_-7bDZLvVOVk7ethfd1yomg,white_box,9012,jpeg50,self,1,toronto:251,toronto:251,15.679998,36.1773
toronto_query_-7bDZLvVOVk7ethfd1yomg,transfer_1,9012,jpeg50,self,1,toronto:251,toronto:251,15.680000,36.1773
toronto_query_-7bDZLvVOVk7ethfd1yomg,transfer_2,9012,jpeg50,self,1,toronto:251,toronto:251,15.680000,36.1773
toronto_query_-7bDZLvVOVk7ethfd1yomg,transfer_3,9012,jpeg50,self,1,toronto:251,toronto:251,15.679998,36.1773
toronto_query_-7bDZLvVOVk7ethfd1yomg,transfer_4,9012,jpeg50,self,1,toronto:251,toronto:251,15.680002,36.1773
zurich_query_-Km53YFc8zewa3vS2OeGsQ,isotropic,1234,jpeg50,self,1,zurich:33,zurich:33,15.679997,36.1773
zurich_query_-Km53YFc8zewa3vS2OeGsQ,white_box,1234,jpeg50,self,1,zurich:33,zurich:33,15.680000,36.1773
zurich_query_-Km53YFc8zewa3vS2OeGsQ,transfer_1,1234,jpeg50,self,1,zurich:33,zurich:33,15.679997,36.1773
zurich_query_-Km53YFc8zewa3vS2OeGsQ,transfer_2,1234,jpeg50,self,1,zurich:33,zurich:33,15.680001,36.1773
zurich_query_-Km53YFc8zewa3vS2OeGsQ,transfer_3,1234,jpeg50,self,1,zurich:33,zurich:33,15.680000,36.1773
zurich_query_-Km53YFc8zewa3vS2OeGsQ,transfer_4,1234,jpeg50,self,1,zurich:33,zurich:33,15.679998,36.1773
zurich_query_-Km53YFc8zewa3vS2OeGsQ,isotropic,5678,jpeg50,self,1,zurich:33,zurich:33,15.679998,36.1773
zurich_query_-Km53YFc8zewa3vS2OeGsQ,white_box,5678,jpeg50,self,1,zurich:33,zurich:33,15.679998,36.1773
zurich_query_-Km53YFc8zewa3vS2OeGsQ,transfer_1,5678,jpeg50,self,1,zurich:33,zurich:33,15.679997,36.1773
zurich_query_-Km53YFc8zewa3vS2OeGsQ,transfer_2,5678,jpeg50,self,1,zurich:33,zurich:33,15.679997,36.1773
zurich_query_-Km53YFc8zewa3vS2OeGsQ,transfer_3,5678,jpeg50,self,1,zurich:33,zurich:33,15.680001,36.1773
zurich_query_-Km53YFc8zewa3vS2OeGsQ,transfer_4,5678,jpeg50,self,1,zurich:33,zurich:33,15.680000,36.1773
zurich_query_-Km53YFc8zewa3vS2OeGsQ,isotropic,9012,jpeg50,self,1,zurich:33,zurich:33,15.679998,36.1773
zurich_query_-Km53YFc8zewa3vS2OeGsQ,white_box,9012,jpeg50,self,1,zurich:33,zurich:33,15.679997,36.1773
zurich_query_-Km53YFc8zewa3vS2OeGsQ,transfer_1,9012,jpeg50,self,1,zurich:33,zurich:33,15.679997,36.1773
zurich_query_-Km53YFc8zewa3vS2OeGsQ,transfer_2,9012,jpeg50,self,1,zurich:33,zurich:33,15.680001,36.1773
zurich_query_-Km53YFc8zewa3vS2OeGsQ,transfer_3,9012,jpeg50,self,1,zurich:33,zurich:33,15.679997,36.1773
zurich_query_-Km53YFc8zewa3vS2OeGsQ,transfer_4,9012,jpeg50,self,1,zurich:33,zurich:33,15.679997,36.1773
amman_query_-t_-moqpBTWSiKU7mS-lgQ,isotropic,1234,jpeg50,self,48,amman:6,amman:23,15.680000,36.1773
amman_query_-t_-moqpBTWSiKU7mS-lgQ,white_box,1234,jpeg50,self,46,amman:6,amman:23,15.679998,36.1773
amman_query_-t_-moqpBTWSiKU7mS-lgQ,transfer_1,1234,jpeg50,self,106,manila:54,amman:23,15.680000,36.1773
amman_query_-t_-moqpBTWSiKU7mS-lgQ,transfer_2,1234,jpeg50,self,82,toronto:274,amman:23,15.679997,36.1773
amman_query_-t_-moqpBTWSiKU7mS-lgQ,transfer_3,1234,jpeg50,self,68,toronto:274,amman:23,15.680002,36.1773
amman_query_-t_-moqpBTWSiKU7mS-lgQ,transfer_4,1234,jpeg50,self,67,toronto:274,amman:23,15.680000,36.1773
amman_query_-t_-moqpBTWSiKU7mS-lgQ,isotropic,5678,jpeg50,self,46,amman:6,amman:23,15.680000,36.1773
amman_query_-t_-moqpBTWSiKU7mS-lgQ,white_box,5678,jpeg50,self,9,amman:6,amman:23,15.680002,36.1773
amman_query_-t_-moqpBTWSiKU7mS-lgQ,transfer_1,5678,jpeg50,self,112,toronto:274,amman:23,15.679998,36.1773
amman_query_-t_-moqpBTWSiKU7mS-lgQ,transfer_2,5678,jpeg50,self,76,amman:6,amman:23,15.680000,36.1773
amman_query_-t_-moqpBTWSiKU7mS-lgQ,transfer_3,5678,jpeg50,self,40,manila:54,amman:23,15.679998,36.1773
amman_query_-t_-moqpBTWSiKU7mS-lgQ,transfer_4,5678,jpeg50,self,96,manila:54,amman:23,15.679997,36.1773
amman_query_-t_-moqpBTWSiKU7mS-lgQ,isotropic,9012,jpeg50,self,45,amman:6,amman:23,15.679997,36.1773
amman_query_-t_-moqpBTWSiKU7mS-lgQ,white_box,9012,jpeg50,self,38,amman:6,amman:23,15.679998,36.1773
amman_query_-t_-moqpBTWSiKU7mS-lgQ,transfer_1,9012,jpeg50,self,135,toronto:274,amman:23,15.679997,36.1773
amman_query_-t_-moqpBTWSiKU7mS-lgQ,transfer_2,9012,jpeg50,self,67,amman:6,amman:23,15.680000,36.1773
amman_query_-t_-moqpBTWSiKU7mS-lgQ,transfer_3,9012,jpeg50,self,43,toronto:274,amman:23,15.680000,36.1773
amman_query_-t_-moqpBTWSiKU7mS-lgQ,transfer_4,9012,jpeg50,self,69,toronto:274,amman:23,15.679998,36.1773
boston_query_-Ae9_7GnntvqV8myNb9fhv,isotropic,1234,jpeg50,self,1,boston:191,boston:191,15.680000,36.1773
boston_query_-Ae9_7GnntvqV8myNb9fhv,white_box,1234,jpeg50,self,1,boston:191,boston:191,15.680000,36.1773
boston_query_-Ae9_7GnntvqV8myNb9fhv,transfer_1,1234,jpeg50,self,1,boston:191,boston:191,15.679998,36.1773
boston_query_-Ae9_7GnntvqV8myNb9fhv,transfer_2,1234,jpeg50,self,1,boston:191,boston:191,15.680001,36.1773
boston_query_-Ae9_7GnntvqV8myNb9fhv,transfer_3,1234,jpeg50,self,1,boston:191,boston:191,15.680000,36.1773
boston_query_-Ae9_7GnntvqV8myNb9fhv,transfer_4,1234,jpeg50,self,1,boston:191,boston:191,15.679997,36.1773
boston_query_-Ae9_7GnntvqV8myNb9fhv,isotropic,5678,jpeg50,self,1,boston:191,boston:191,15.680000,36.1773
boston_query_-Ae9_7GnntvqV8myNb9fhv,white_box,5678,jpeg50,self,1,boston:191,boston:191,15.679997,36.1773
boston_query_-Ae9_7GnntvqV8myNb9fhv,transfer_1,5678,jpeg50,self,1,boston:191,boston:191,15.679997,36.1773
boston_query_-Ae9_7GnntvqV8myNb9fhv,transfer_2,5678,jpeg50,self,1,boston:191,boston:191,15.679998,36.1773
boston_query_-Ae9_7GnntvqV8myNb9fhv,transfer_3,5678,jpeg50,self,1,boston:191,boston:191,15.680000,36.1773
boston_query_-Ae9_7GnntvqV8myNb9fhv,transfer_4,5678,jpeg50,self,1,boston:191,boston:191,15.679998,36.1773
boston_query_-Ae9_7GnntvqV8myNb9fhv,isotropic,9012,jpeg50,self,1,boston:191,boston:191,15.679995,36.1773
boston_query_-Ae9_7GnntvqV8myNb9fhv,white_box,9012,jpeg50,self,1,boston:191,boston:191,15.680000,36.1773
boston_query_-Ae9_7GnntvqV8myNb9fhv,transfer_1,9012,jpeg50,self,1,boston:191,boston:191,15.680000,36.1773
boston_query_-Ae9_7GnntvqV8myNb9fhv,transfer_2,9012,jpeg50,self,1,boston:191,boston:191,15.679998,36.1773
boston_query_-Ae9_7GnntvqV8myNb9fhv,transfer_3,9012,jpeg50,self,1,boston:191,boston:191,15.680000,36.1773
boston_query_-Ae9_7GnntvqV8myNb9fhv,transfer_4,9012,jpeg50,self,1,boston:191,boston:191,15.679997,36.1773
cph_query_-8E-udXiyMJCRp_UkM4Kgw,isotropic,1234,jpeg50,self,1,cph:245,cph:245,15.679997,36.1773
cph_query_-8E-udXiyMJCRp_UkM4Kgw,white_box,1234,jpeg50,self,1,cph:245,cph:245,15.680000,36.1773
cph_query_-8E-udXiyMJCRp_UkM4Kgw,transfer_1,1234,jpeg50,self,1,cph:245,cph:245,15.679997,36.1773
cph_query_-8E-udXiyMJCRp_UkM4Kgw,transfer_2,1234,jpeg50,self,1,cph:245,cph:245,15.680001,36.1773
cph_query_-8E-udXiyMJCRp_UkM4Kgw,transfer_3,1234,jpeg50,self,1,cph:245,cph:245,15.680000,36.1773
cph_query_-8E-udXiyMJCRp_UkM4Kgw,transfer_4,1234,jpeg50,self,1,cph:245,cph:245,15.680000,36.1773
cph_query_-8E-udXiyMJCRp_UkM4Kgw,isotropic,5678,jpeg50,self,1,cph:245,cph:245,15.679998,36.1773
cph_query_-8E-udXiyMJCRp_UkM4Kgw,white_box,5678,jpeg50,self,1,cph:245,cph:245,15.679997,36.1773
cph_query_-8E-udXiyMJCRp_UkM4Kgw,transfer_1,5678,jpeg50,self,1,cph:245,cph:245,15.680000,36.1773
cph_query_-8E-udXiyMJCRp_UkM4Kgw,transfer_2,5678,jpeg50,self,1,cph:245,cph:245,15.680000,36.1773
cph_query_-8E-udXiyMJCRp_UkM4Kgw,transfer_3,5678,jpeg50,self,1,cph:245,cph:245,15.679998,36.1773
cph_query_-8E-udXiyMJCRp_UkM4Kgw,transfer_4,5678,jpeg50,self,1,cph:245,cph:245,15.679997,36.1773
cph_query_-8E-udXiyMJCRp_UkM4Kgw,isotropic,9012,jpeg50,self,1,cph:245,cph:245,15.680001,36.1773
cph_query_-8E-udXiyMJCRp_UkM4Kgw,white_box,9012,jpeg50,self,1,cph:245,cph:245,15.680000,36.1773
cph_query_-8E-udXiyMJCRp_UkM4Kgw,transfer_1,9012,jpeg50,self,1,cph:245,cph:245,15.680000,36.1773
cph_query_-8E-udXiyMJCRp_UkM4Kgw,transfer_2,9012,jpeg50,self,1,cph:245,cph:245,15.680000,36.1773
cph_query_-8E-udXiyMJCRp_UkM4Kgw,transfer_3,9012,jpeg50,self,1,cph:245,cph:245,15.679997,36.1773
cph_query_-8E-udXiyMJCRp_UkM4Kgw,transfer_4,9012,jpeg50,self,1,cph:245,cph:245,15.680000,36.1773
london_query_-Id3DdRqVbjIA39wjxbTgw,isotropic,1234,jpeg50,self,1,london:125,london:125,15.680000,36.1773
london_query_-Id3DdRqVbjIA39wjxbTgw,white_box,1234,jpeg50,self,1,london:125,london:125,15.679997,36.1773
london_query_-Id3DdRqVbjIA39wjxbTgw,transfer_1,1234,jpeg50,self,1,london:125,london:125,15.680001,36.1773
london_query_-Id3DdRqVbjIA39wjxbTgw,transfer_2,1234,jpeg50,self,1,london:125,london:125,15.680000,36.1773
london_query_-Id3DdRqVbjIA39wjxbTgw,transfer_3,1234,jpeg50,self,4,cph:271,london:125,15.680000,36.1773
london_query_-Id3DdRqVbjIA39wjxbTgw,transfer_4,1234,jpeg50,self,1,london:125,london:125,15.680001,36.1773
london_query_-Id3DdRqVbjIA39wjxbTgw,isotropic,5678,jpeg50,self,2,boston:99,london:125,15.679996,36.1773
london_query_-Id3DdRqVbjIA39wjxbTgw,white_box,5678,jpeg50,self,1,london:125,london:125,15.679997,36.1773
london_query_-Id3DdRqVbjIA39wjxbTgw,transfer_1,5678,jpeg50,self,1,london:125,london:125,15.680001,36.1773
london_query_-Id3DdRqVbjIA39wjxbTgw,transfer_2,5678,jpeg50,self,1,london:125,london:125,15.680000,36.1773
london_query_-Id3DdRqVbjIA39wjxbTgw,transfer_3,5678,jpeg50,self,1,london:125,london:125,15.680001,36.1773
london_query_-Id3DdRqVbjIA39wjxbTgw,transfer_4,5678,jpeg50,self,1,london:125,london:125,15.680000,36.1773
london_query_-Id3DdRqVbjIA39wjxbTgw,isotropic,9012,jpeg50,self,1,london:125,london:125,15.680000,36.1773
london_query_-Id3DdRqVbjIA39wjxbTgw,white_box,9012,jpeg50,self,3,zurich:19,london:125,15.679997,36.1773
london_query_-Id3DdRqVbjIA39wjxbTgw,transfer_1,9012,jpeg50,self,1,london:125,london:125,15.679996,36.1773
london_query_-Id3DdRqVbjIA39wjxbTgw,transfer_2,9012,jpeg50,self,1,london:125,london:125,15.679998,36.1773
london_query_-Id3DdRqVbjIA39wjxbTgw,transfer_3,9012,jpeg50,self,2,toronto:273,london:125,15.679997,36.1773
london_query_-Id3DdRqVbjIA39wjxbTgw,transfer_4,9012,jpeg50,self,1,london:125,london:125,15.680002,36.1773
manila_query_-AXkFLZ0HchDGYvJ_KZ3dQ,isotropic,1234,jpeg50,self,1,manila:13,manila:13,15.680000,36.1773
manila_query_-AXkFLZ0HchDGYvJ_KZ3dQ,white_box,1234,jpeg50,self,2,manila:16,manila:13,15.679998,36.1773
manila_query_-AXkFLZ0HchDGYvJ_KZ3dQ,transfer_1,1234,jpeg50,self,1,manila:13,manila:13,15.679997,36.1773
manila_query_-AXkFLZ0HchDGYvJ_KZ3dQ,transfer_2,1234,jpeg50,self,1,manila:13,manila:13,15.680000,36.1773
manila_query_-AXkFLZ0HchDGYvJ_KZ3dQ,transfer_3,1234,jpeg50,self,1,manila:13,manila:13,15.680000,36.1773
manila_query_-AXkFLZ0HchDGYvJ_KZ3dQ,transfer_4,1234,jpeg50,self,1,manila:13,manila:13,15.679997,36.1773
manila_query_-AXkFLZ0HchDGYvJ_KZ3dQ,isotropic,5678,jpeg50,self,1,manila:13,manila:13,15.679998,36.1773
manila_query_-AXkFLZ0HchDGYvJ_KZ3dQ,white_box,5678,jpeg50,self,1,manila:13,manila:13,15.679997,36.1773
manila_query_-AXkFLZ0HchDGYvJ_KZ3dQ,transfer_1,5678,jpeg50,self,1,manila:13,manila:13,15.679998,36.1773
manila_query_-AXkFLZ0HchDGYvJ_KZ3dQ,transfer_2,5678,jpeg50,self,1,manila:13,manila:13,15.679998,36.1773
manila_query_-AXkFLZ0HchDGYvJ_KZ3dQ,transfer_3,5678,jpeg50,self,1,manila:13,manila:13,15.679998,36.1773
manila_query_-AXkFLZ0HchDGYvJ_KZ3dQ,transfer_4,5678,jpeg50,self,2,manila:16,manila:13,15.679998,36.1773
manila_query_-AXkFLZ0HchDGYvJ_KZ3dQ,isotropic,9012,jpeg50,self,2,manila:16,manila:13,15.680000,36.1773
manila_query_-AXkFLZ0HchDGYvJ_KZ3dQ,white_box,9012,jpeg50,self,1,manila:13,manila:13,15.680000,36.1773
manila_query_-AXkFLZ0HchDGYvJ_KZ3dQ,transfer_1,9012,jpeg50,self,1,manila:13,manila:13,15.679997,36.1773
manila_query_-AXkFLZ0HchDGYvJ_KZ3dQ,transfer_2,9012,jpeg50,self,1,manila:13,manila:13,15.679997,36.1773
manila_query_-AXkFLZ0HchDGYvJ_KZ3dQ,transfer_3,9012,jpeg50,self,1,manila:13,manila:13,15.679997,36.1773
manila_query_-AXkFLZ0HchDGYvJ_KZ3dQ,transfer_4,9012,jpeg50,self,1,manila:13,manila:13,15.680000,36.1773
nairobi_query_0Oa1jUYlj8LE47HApYWufA,isotropic,1234,jpeg50,self,2,nairobi:19,nairobi:0,15.679998,36.1773
nairobi_query_0Oa1jUYlj8LE47HApYWufA,white_box,1234,jpeg50,self,1,nairobi:0,nairobi:0,15.680000,36.1773
nairobi_query_0Oa1jUYlj8LE47HApYWufA,transfer_1,1234,jpeg50,self,1,nairobi:0,nairobi:0,15.680000,36.1773
nairobi_query_0Oa1jUYlj8LE47HApYWufA,transfer_2,1234,jpeg50,self,1,nairobi:0,nairobi:0,15.680001,36.1773
nairobi_query_0Oa1jUYlj8LE47HApYWufA,transfer_3,1234,jpeg50,self,1,nairobi:0,nairobi:0,15.680000,36.1773
nairobi_query_0Oa1jUYlj8LE47HApYWufA,transfer_4,1234,jpeg50,self,2,nairobi:19,nairobi:0,15.679997,36.1773
nairobi_query_0Oa1jUYlj8LE47HApYWufA,isotropic,5678,jpeg50,self,1,nairobi:0,nairobi:0,15.680000,36.1773
nairobi_query_0Oa1jUYlj8LE47HApYWufA,white_box,5678,jpeg50,self,1,nairobi:0,nairobi:0,15.679998,36.1773
nairobi_query_0Oa1jUYlj8LE47HApYWufA,transfer_1,5678,jpeg50,self,2,nairobi:19,nairobi:0,15.679997,36.1773
nairobi_query_0Oa1jUYlj8LE47HApYWufA,transfer_2,5678,jpeg50,self,1,nairobi:0,nairobi:0,15.680000,36.1773
nairobi_query_0Oa1jUYlj8LE47HApYWufA,transfer_3,5678,jpeg50,self,2,nairobi:19,nairobi:0,15.679998,36.1773
nairobi_query_0Oa1jUYlj8LE47HApYWufA,transfer_4,5678,jpeg50,self,1,nairobi:0,nairobi:0,15.680000,36.1773
nairobi_query_0Oa1jUYlj8LE47HApYWufA,isotropic,9012,jpeg50,self,2,nairobi:19,nairobi:0,15.679997,36.1773
nairobi_query_0Oa1jUYlj8LE47HApYWufA,white_box,9012,jpeg50,self,3,nairobi:19,nairobi:0,15.680000,36.1773
nairobi_query_0Oa1jUYlj8LE47HApYWufA,transfer_1,9012,jpeg50,self,1,nairobi:0,nairobi:0,15.679998,36.1773
nairobi_query_0Oa1jUYlj8LE47HApYWufA,transfer_2,9012,jpeg50,self,1,nairobi:0,nairobi:0,15.680000,36.1773
nairobi_query_0Oa1jUYlj8LE47HApYWufA,transfer_3,9012,jpeg50,self,1,nairobi:0,nairobi:0,15.680000,36.1773
nairobi_query_0Oa1jUYlj8LE47HApYWufA,transfer_4,9012,jpeg50,self,2,nairobi:19,nairobi:0,15.679998,36.1773
toronto_query_-85n6JJLXmi04edt5JxhzQ,isotropic,1234,jpeg50,self,1,toronto:21,toronto:21,15.679997,36.1773
toronto_query_-85n6JJLXmi04edt5JxhzQ,white_box,1234,jpeg50,self,1,toronto:21,toronto:21,15.679998,36.1773
toronto_query_-85n6JJLXmi04edt5JxhzQ,transfer_1,1234,jpeg50,self,1,toronto:21,toronto:21,15.679998,36.1773
toronto_query_-85n6JJLXmi04edt5JxhzQ,transfer_2,1234,jpeg50,self,1,toronto:21,toronto:21,15.680000,36.1773
toronto_query_-85n6JJLXmi04edt5JxhzQ,transfer_3,1234,jpeg50,self,1,toronto:21,toronto:21,15.680000,36.1773
toronto_query_-85n6JJLXmi04edt5JxhzQ,transfer_4,1234,jpeg50,self,1,toronto:21,toronto:21,15.680000,36.1773
toronto_query_-85n6JJLXmi04edt5JxhzQ,isotropic,5678,jpeg50,self,1,toronto:21,toronto:21,15.679997,36.1773
toronto_query_-85n6JJLXmi04edt5JxhzQ,white_box,5678,jpeg50,self,1,toronto:21,toronto:21,15.679997,36.1773
toronto_query_-85n6JJLXmi04edt5JxhzQ,transfer_1,5678,jpeg50,self,1,toronto:21,toronto:21,15.680000,36.1773
toronto_query_-85n6JJLXmi04edt5JxhzQ,transfer_2,5678,jpeg50,self,1,toronto:21,toronto:21,15.680000,36.1773
toronto_query_-85n6JJLXmi04edt5JxhzQ,transfer_3,5678,jpeg50,self,1,toronto:21,toronto:21,15.680001,36.1773
toronto_query_-85n6JJLXmi04edt5JxhzQ,transfer_4,5678,jpeg50,self,1,toronto:21,toronto:21,15.680000,36.1773
toronto_query_-85n6JJLXmi04edt5JxhzQ,isotropic,9012,jpeg50,self,1,toronto:21,toronto:21,15.679998,36.1773
toronto_query_-85n6JJLXmi04edt5JxhzQ,white_box,9012,jpeg50,self,1,toronto:21,toronto:21,15.679997,36.1773
toronto_query_-85n6JJLXmi04edt5JxhzQ,transfer_1,9012,jpeg50,self,1,toronto:21,toronto:21,15.679998,36.1773
toronto_query_-85n6JJLXmi04edt5JxhzQ,transfer_2,9012,jpeg50,self,1,toronto:21,toronto:21,15.680001,36.1773
toronto_query_-85n6JJLXmi04edt5JxhzQ,transfer_3,9012,jpeg50,self,1,toronto:21,toronto:21,15.679998,36.1773
toronto_query_-85n6JJLXmi04edt5JxhzQ,transfer_4,9012,jpeg50,self,1,toronto:21,toronto:21,15.680000,36.1773
zurich_query_-M0Q1_7lg_TKGT2-mllw4w,isotropic,1234,jpeg50,self,362,cph:264,zurich:19,15.679998,36.1773
zurich_query_-M0Q1_7lg_TKGT2-mllw4w,white_box,1234,jpeg50,self,93,cph:264,zurich:19,15.680000,36.1773
zurich_query_-M0Q1_7lg_TKGT2-mllw4w,transfer_1,1234,jpeg50,self,166,cph:264,zurich:19,15.680000,36.1773
zurich_query_-M0Q1_7lg_TKGT2-mllw4w,transfer_2,1234,jpeg50,self,151,cph:264,zurich:19,15.679997,36.1773
zurich_query_-M0Q1_7lg_TKGT2-mllw4w,transfer_3,1234,jpeg50,self,223,cph:264,zurich:19,15.680000,36.1773
zurich_query_-M0Q1_7lg_TKGT2-mllw4w,transfer_4,1234,jpeg50,self,48,cph:264,zurich:19,15.679998,36.1773
zurich_query_-M0Q1_7lg_TKGT2-mllw4w,isotropic,5678,jpeg50,self,260,cph:264,zurich:19,15.679997,36.1773
zurich_query_-M0Q1_7lg_TKGT2-mllw4w,white_box,5678,jpeg50,self,18,cph:264,zurich:19,15.680000,36.1773
zurich_query_-M0Q1_7lg_TKGT2-mllw4w,transfer_1,5678,jpeg50,self,159,cph:264,zurich:19,15.680000,36.1773
zurich_query_-M0Q1_7lg_TKGT2-mllw4w,transfer_2,5678,jpeg50,self,206,cph:264,zurich:19,15.680000,36.1773
zurich_query_-M0Q1_7lg_TKGT2-mllw4w,transfer_3,5678,jpeg50,self,223,cph:264,zurich:19,15.680000,36.1773
zurich_query_-M0Q1_7lg_TKGT2-mllw4w,transfer_4,5678,jpeg50,self,225,cph:264,zurich:19,15.680000,36.1773
zurich_query_-M0Q1_7lg_TKGT2-mllw4w,isotropic,9012,jpeg50,self,92,cph:264,zurich:19,15.679998,36.1773
zurich_query_-M0Q1_7lg_TKGT2-mllw4w,white_box,9012,jpeg50,self,72,cph:264,zurich:19,15.680000,36.1773
zurich_query_-M0Q1_7lg_TKGT2-mllw4w,transfer_1,9012,jpeg50,self,77,cph:264,zurich:19,15.680000,36.1773
zurich_query_-M0Q1_7lg_TKGT2-mllw4w,transfer_2,9012,jpeg50,self,117,cph:264,zurich:19,15.680000,36.1773
zurich_query_-M0Q1_7lg_TKGT2-mllw4w,transfer_3,9012,jpeg50,self,256,cph:264,zurich:19,15.680000,36.1773
zurich_query_-M0Q1_7lg_TKGT2-mllw4w,transfer_4,9012,jpeg50,self,107,cph:264,zurich:19,15.679997,36.1773
amman_query_0-2jyV8XAzdAOYMkdyQVLw,isotropic,1234,jpeg50,self,1,amman:6,amman:6,15.679998,36.1773
amman_query_0-2jyV8XAzdAOYMkdyQVLw,white_box,1234,jpeg50,self,1,amman:6,amman:6,15.679997,36.1773
amman_query_0-2jyV8XAzdAOYMkdyQVLw,transfer_1,1234,jpeg50,self,1,amman:6,amman:6,15.680000,36.1773
amman_query_0-2jyV8XAzdAOYMkdyQVLw,transfer_2,1234,jpeg50,self,1,amman:6,amman:6,15.679997,36.1773
amman_query_0-2jyV8XAzdAOYMkdyQVLw,transfer_3,1234,jpeg50,self,1,amman:6,amman:6,15.679997,36.1773
amman_query_0-2jyV8XAzdAOYMkdyQVLw,transfer_4,1234,jpeg50,self,1,amman:6,amman:6,15.680000,36.1773
amman_query_0-2jyV8XAzdAOYMkdyQVLw,isotropic,5678,jpeg50,self,1,amman:6,amman:6,15.679997,36.1773
amman_query_0-2jyV8XAzdAOYMkdyQVLw,white_box,5678,jpeg50,self,1,amman:6,amman:6,15.680000,36.1773
amman_query_0-2jyV8XAzdAOYMkdyQVLw,transfer_1,5678,jpeg50,self,1,amman:6,amman:6,15.680001,36.1773
amman_query_0-2jyV8XAzdAOYMkdyQVLw,transfer_2,5678,jpeg50,self,1,amman:6,amman:6,15.680000,36.1773
amman_query_0-2jyV8XAzdAOYMkdyQVLw,transfer_3,5678,jpeg50,self,1,amman:6,amman:6,15.679996,36.1773
amman_query_0-2jyV8XAzdAOYMkdyQVLw,transfer_4,5678,jpeg50,self,1,amman:6,amman:6,15.680001,36.1773
amman_query_0-2jyV8XAzdAOYMkdyQVLw,isotropic,9012,jpeg50,self,1,amman:6,amman:6,15.680000,36.1773
amman_query_0-2jyV8XAzdAOYMkdyQVLw,white_box,9012,jpeg50,self,1,amman:6,amman:6,15.679998,36.1773
amman_query_0-2jyV8XAzdAOYMkdyQVLw,transfer_1,9012,jpeg50,self,1,amman:6,amman:6,15.680000,36.1773
amman_query_0-2jyV8XAzdAOYMkdyQVLw,transfer_2,9012,jpeg50,self,1,amman:6,amman:6,15.680000,36.1773
amman_query_0-2jyV8XAzdAOYMkdyQVLw,transfer_3,9012,jpeg50,self,1,amman:6,amman:6,15.680000,36.1773
amman_query_0-2jyV8XAzdAOYMkdyQVLw,transfer_4,9012,jpeg50,self,1,amman:6,amman:6,15.679997,36.1773
boston_query_-BE36-GG_yM6YS57M_uMTQ,isotropic,1234,jpeg50,self,1,boston:84,boston:84,15.679997,36.1773
boston_query_-BE36-GG_yM6YS57M_uMTQ,white_box,1234,jpeg50,self,3,boston:47,boston:84,15.679998,36.1773
boston_query_-BE36-GG_yM6YS57M_uMTQ,transfer_1,1234,jpeg50,self,4,boston:139,boston:84,15.680000,36.1773
boston_query_-BE36-GG_yM6YS57M_uMTQ,transfer_2,1234,jpeg50,self,3,boston:139,boston:84,15.679997,36.1773
boston_query_-BE36-GG_yM6YS57M_uMTQ,transfer_3,1234,jpeg50,self,10,boston:47,boston:84,15.680000,36.1773
boston_query_-BE36-GG_yM6YS57M_uMTQ,transfer_4,1234,jpeg50,self,4,boston:47,boston:84,15.679998,36.1773
boston_query_-BE36-GG_yM6YS57M_uMTQ,isotropic,5678,jpeg50,self,1,boston:84,boston:84,15.680000,36.1773
boston_query_-BE36-GG_yM6YS57M_uMTQ,white_box,5678,jpeg50,self,2,boston:47,boston:84,15.680000,36.1773
boston_query_-BE36-GG_yM6YS57M_uMTQ,transfer_1,5678,jpeg50,self,8,boston:139,boston:84,15.679997,36.1773
boston_query_-BE36-GG_yM6YS57M_uMTQ,transfer_2,5678,jpeg50,self,7,boston:139,boston:84,15.679998,36.1773
boston_query_-BE36-GG_yM6YS57M_uMTQ,transfer_3,5678,jpeg50,self,4,boston:139,boston:84,15.679998,36.1773
boston_query_-BE36-GG_yM6YS57M_uMTQ,transfer_4,5678,jpeg50,self,3,boston:249,boston:84,15.680000,36.1773
boston_query_-BE36-GG_yM6YS57M_uMTQ,isotropic,9012,jpeg50,self,1,boston:84,boston:84,15.680000,36.1773
boston_query_-BE36-GG_yM6YS57M_uMTQ,white_box,9012,jpeg50,self,6,boston:139,boston:84,15.680001,36.1773
boston_query_-BE36-GG_yM6YS57M_uMTQ,transfer_1,9012,jpeg50,self,2,boston:139,boston:84,15.680000,36.1773
boston_query_-BE36-GG_yM6YS57M_uMTQ,transfer_2,9012,jpeg50,self,1,boston:84,boston:84,15.680000,36.1773
boston_query_-BE36-GG_yM6YS57M_uMTQ,transfer_3,9012,jpeg50,self,1,boston:84,boston:84,15.680001,36.1773
boston_query_-BE36-GG_yM6YS57M_uMTQ,transfer_4,9012,jpeg50,self,3,boston:47,boston:84,15.679997,36.1773
cph_query_-9WYlFp61M1J1zV1mJD4uA,isotropic,1234,jpeg50,self,1,cph:280,cph:280,15.680000,36.1773
cph_query_-9WYlFp61M1J1zV1mJD4uA,white_box,1234,jpeg50,self,1,cph:280,cph:280,15.680000,36.1773
cph_query_-9WYlFp61M1J1zV1mJD4uA,transfer_1,1234,jpeg50,self,1,cph:280,cph:280,15.680000,36.1773
cph_query_-9WYlFp61M1J1zV1mJD4uA,transfer_2,1234,jpeg50,self,1,cph:280,cph:280,15.679998,36.1773
cph_query_-9WYlFp61M1J1zV1mJD4uA,transfer_3,1234,jpeg50,self,1,cph:280,cph:280,15.679998,36.1773
cph_query_-9WYlFp61M1J1zV1mJD4uA,transfer_4,1234,jpeg50,self,1,cph:280,cph:280,15.680000,36.1773
cph_query_-9WYlFp61M1J1zV1mJD4uA,isotropic,5678,jpeg50,self,1,cph:280,cph:280,15.679995,36.1773
cph_query_-9WYlFp61M1J1zV1mJD4uA,white_box,5678,jpeg50,self,1,cph:280,cph:280,15.679998,36.1773
cph_query_-9WYlFp61M1J1zV1mJD4uA,transfer_1,5678,jpeg50,self,1,cph:280,cph:280,15.679997,36.1773
cph_query_-9WYlFp61M1J1zV1mJD4uA,transfer_2,5678,jpeg50,self,1,cph:280,cph:280,15.679998,36.1773
cph_query_-9WYlFp61M1J1zV1mJD4uA,transfer_3,5678,jpeg50,self,1,cph:280,cph:280,15.680000,36.1773
cph_query_-9WYlFp61M1J1zV1mJD4uA,transfer_4,5678,jpeg50,self,1,cph:280,cph:280,15.680000,36.1773
cph_query_-9WYlFp61M1J1zV1mJD4uA,isotropic,9012,jpeg50,self,1,cph:280,cph:280,15.679996,36.1773
cph_query_-9WYlFp61M1J1zV1mJD4uA,white_box,9012,jpeg50,self,1,cph:280,cph:280,15.680000,36.1773
cph_query_-9WYlFp61M1J1zV1mJD4uA,transfer_1,9012,jpeg50,self,1,cph:280,cph:280,15.679998,36.1773
cph_query_-9WYlFp61M1J1zV1mJD4uA,transfer_2,9012,jpeg50,self,1,cph:280,cph:280,15.679997,36.1773
cph_query_-9WYlFp61M1J1zV1mJD4uA,transfer_3,9012,jpeg50,self,1,cph:280,cph:280,15.679998,36.1773
cph_query_-9WYlFp61M1J1zV1mJD4uA,transfer_4,9012,jpeg50,self,1,cph:280,cph:280,15.680000,36.1773
london_query_-OOGG8lTvgHHqp3iuULlyQ,isotropic,1234,jpeg50,self,1,london:21,london:21,15.679997,36.1773
london_query_-OOGG8lTvgHHqp3iuULlyQ,white_box,1234,jpeg50,self,1,london:21,london:21,15.679997,36.1773
london_query_-OOGG8lTvgHHqp3iuULlyQ,transfer_1,1234,jpeg50,self,2,london:23,london:21,15.680000,36.1773
london_query_-OOGG8lTvgHHqp3iuULlyQ,transfer_2,1234,jpeg50,self,1,london:21,london:21,15.680000,36.1773
london_query_-OOGG8lTvgHHqp3iuULlyQ,transfer_3,1234,jpeg50,self,1,london:21,london:21,15.679997,36.1773
london_query_-OOGG8lTvgHHqp3iuULlyQ,transfer_4,1234,jpeg50,self,2,london:23,london:21,15.680001,36.1773
london_query_-OOGG8lTvgHHqp3iuULlyQ,isotropic,5678,jpeg50,self,2,london:23,london:21,15.680000,36.1773
london_query_-OOGG8lTvgHHqp3iuULlyQ,white_box,5678,jpeg50,self,2,london:23,london:21,15.680000,36.1773
london_query_-OOGG8lTvgHHqp3iuULlyQ,transfer_1,5678,jpeg50,self,1,london:21,london:21,15.680000,36.1773
london_query_-OOGG8lTvgHHqp3iuULlyQ,transfer_2,5678,jpeg50,self,1,london:21,london:21,15.680000,36.1773
london_query_-OOGG8lTvgHHqp3iuULlyQ,transfer_3,5678,jpeg50,self,1,london:21,london:21,15.680000,36.1773
london_query_-OOGG8lTvgHHqp3iuULlyQ,transfer_4,5678,jpeg50,self,2,london:23,london:21,15.680001,36.1773
london_query_-OOGG8lTvgHHqp3iuULlyQ,isotropic,9012,jpeg50,self,1,london:21,london:21,15.680000,36.1773
london_query_-OOGG8lTvgHHqp3iuULlyQ,white_box,9012,jpeg50,self,1,london:21,london:21,15.680000,36.1773
london_query_-OOGG8lTvgHHqp3iuULlyQ,transfer_1,9012,jpeg50,self,1,london:21,london:21,15.680000,36.1773
london_query_-OOGG8lTvgHHqp3iuULlyQ,transfer_2,9012,jpeg50,self,2,london:23,london:21,15.680000,36.1773
london_query_-OOGG8lTvgHHqp3iuULlyQ,transfer_3,9012,jpeg50,self,2,london:23,london:21,15.679997,36.1773
london_query_-OOGG8lTvgHHqp3iuULlyQ,transfer_4,9012,jpeg50,self,1,london:21,london:21,15.679997,36.1773
manila_query_-ColYSDtqqoE3TZ4eZHu8g,isotropic,1234,jpeg50,self,1,manila:189,manila:189,15.680000,36.1773
manila_query_-ColYSDtqqoE3TZ4eZHu8g,white_box,1234,jpeg50,self,5,manila:190,manila:189,15.679997,36.1773
manila_query_-ColYSDtqqoE3TZ4eZHu8g,transfer_1,1234,jpeg50,self,1,manila:189,manila:189,15.679997,36.1773
manila_query_-ColYSDtqqoE3TZ4eZHu8g,transfer_2,1234,jpeg50,self,1,manila:189,manila:189,15.680000,36.1773
manila_query_-ColYSDtqqoE3TZ4eZHu8g,transfer_3,1234,jpeg50,self,1,manila:189,manila:189,15.679997,36.1773
manila_query_-ColYSDtqqoE3TZ4eZHu8g,transfer_4,1234,jpeg50,self,2,manila:190,manila:189,15.679998,36.1773
manila_query_-ColYSDtqqoE3TZ4eZHu8g,isotropic,5678,jpeg50,self,1,manila:189,manila:189,15.680000,36.1773
manila_query_-ColYSDtqqoE3TZ4eZHu8g,white_box,5678,jpeg50,self,1,manila:189,manila:189,15.680000,36.1773
manila_query_-ColYSDtqqoE3TZ4eZHu8g,transfer_1,5678,jpeg50,self,1,manila:189,manila:189,15.679996,36.1773
manila_query_-ColYSDtqqoE3TZ4eZHu8g,transfer_2,5678,jpeg50,self,1,manila:189,manila:189,15.680000,36.1773
manila_query_-ColYSDtqqoE3TZ4eZHu8g,transfer_3,5678,jpeg50,self,1,manila:189,manila:189,15.680002,36.1773
manila_query_-ColYSDtqqoE3TZ4eZHu8g,transfer_4,5678,jpeg50,self,1,manila:189,manila:189,15.679998,36.1773
manila_query_-ColYSDtqqoE3TZ4eZHu8g,isotropic,9012,jpeg50,self,1,manila:189,manila:189,15.679998,36.1773
manila_query_-ColYSDtqqoE3TZ4eZHu8g,white_box,9012,jpeg50,self,1,manila:189,manila:189,15.680001,36.1773
manila_query_-ColYSDtqqoE3TZ4eZHu8g,transfer_1,9012,jpeg50,self,1,manila:189,manila:189,15.679998,36.1773
manila_query_-ColYSDtqqoE3TZ4eZHu8g,transfer_2,9012,jpeg50,self,1,manila:189,manila:189,15.679998,36.1773
manila_query_-ColYSDtqqoE3TZ4eZHu8g,transfer_3,9012,jpeg50,self,2,manila:190,manila:189,15.680000,36.1773
manila_query_-ColYSDtqqoE3TZ4eZHu8g,transfer_4,9012,jpeg50,self,3,manila:190,manila:189,15.680000,36.1773
nairobi_query_0R73ChZbcyJ8Z4vBaef_Jw,isotropic,1234,jpeg50,self,1,nairobi:10,nairobi:10,15.680000,36.1773
nairobi_query_0R73ChZbcyJ8Z4vBaef_Jw,white_box,1234,jpeg50,self,1,nairobi:10,nairobi:10,15.680000,36.1773
nairobi_query_0R73ChZbcyJ8Z4vBaef_Jw,transfer_1,1234,jpeg50,self,1,nairobi:10,nairobi:10,15.680000,36.1773
nairobi_query_0R73ChZbcyJ8Z4vBaef_Jw,transfer_2,1234,jpeg50,self,1,nairobi:10,nairobi:10,15.680000,36.1773
nairobi_query_0R73ChZbcyJ8Z4vBaef_Jw,transfer_3,1234,jpeg50,self,1,nairobi:10,nairobi:10,15.680000,36.1773
nairobi_query_0R73ChZbcyJ8Z4vBaef_Jw,transfer_4,1234,jpeg50,self,1,nairobi:10,nairobi:10,15.680000,36.1773
nairobi_query_0R73ChZbcyJ8Z4vBaef_Jw,isotropic,5678,jpeg50,self,1,nairobi:10,nairobi:10,15.680001,36.1773
nairobi_query_0R73ChZbcyJ8Z4vBaef_Jw,white_box,5678,jpeg50,self,1,nairobi:10,nairobi:10,15.679997,36.1773
nairobi_query_0R73ChZbcyJ8Z4vBaef_Jw,transfer_1,5678,jpeg50,self,1,nairobi:10,nairobi:10,15.680001,36.1773
nairobi_query_0R73ChZbcyJ8Z4vBaef_Jw,transfer_2,5678,jpeg50,self,1,nairobi:10,nairobi:10,15.680000,36.1773
nairobi_query_0R73ChZbcyJ8Z4vBaef_Jw,transfer_3,5678,jpeg50,self,1,nairobi:10,nairobi:10,15.679998,36.1773
nairobi_query_0R73ChZbcyJ8Z4vBaef_Jw,transfer_4,5678,jpeg50,self,1,nairobi:10,nairobi:10,15.679997,36.1773
nairobi_query_0R73ChZbcyJ8Z4vBaef_Jw,isotropic,9012,jpeg50,self,1,nairobi:10,nairobi:10,15.680001,36.1773
nairobi_query_0R73ChZbcyJ8Z4vBaef_Jw,white_box,9012,jpeg50,self,1,nairobi:10,nairobi:10,15.680000,36.1773
nairobi_query_0R73ChZbcyJ8Z4vBaef_Jw,transfer_1,9012,jpeg50,self,1,nairobi:10,nairobi:10,15.680000,36.1773
nairobi_query_0R73ChZbcyJ8Z4vBaef_Jw,transfer_2,9012,jpeg50,self,1,nairobi:10,nairobi:10,15.680000,36.1773
nairobi_query_0R73ChZbcyJ8Z4vBaef_Jw,transfer_3,9012,jpeg50,self,1,nairobi:10,nairobi:10,15.679997,36.1773
nairobi_query_0R73ChZbcyJ8Z4vBaef_Jw,transfer_4,9012,jpeg50,self,1,nairobi:10,nairobi:10,15.679997,36.1773
toronto_query_-8BknWmZh2lEnEeect73Ww,isotropic,1234,jpeg50,self,1,toronto:273,toronto:273,15.679997,36.1773
toronto_query_-8BknWmZh2lEnEeect73Ww,white_box,1234,jpeg50,self,1,toronto:273,toronto:273,15.680000,36.1773
toronto_query_-8BknWmZh2lEnEeect73Ww,transfer_1,1234,jpeg50,self,1,toronto:273,toronto:273,15.679997,36.1773
toronto_query_-8BknWmZh2lEnEeect73Ww,transfer_2,1234,jpeg50,self,1,toronto:273,toronto:273,15.679997,36.1773
toronto_query_-8BknWmZh2lEnEeect73Ww,transfer_3,1234,jpeg50,self,1,toronto:273,toronto:273,15.680000,36.1773
toronto_query_-8BknWmZh2lEnEeect73Ww,transfer_4,1234,jpeg50,self,1,toronto:273,toronto:273,15.680001,36.1773
toronto_query_-8BknWmZh2lEnEeect73Ww,isotropic,5678,jpeg50,self,1,toronto:273,toronto:273,15.680000,36.1773
toronto_query_-8BknWmZh2lEnEeect73Ww,white_box,5678,jpeg50,self,1,toronto:273,toronto:273,15.680000,36.1773
toronto_query_-8BknWmZh2lEnEeect73Ww,transfer_1,5678,jpeg50,self,1,toronto:273,toronto:273,15.679997,36.1773
toronto_query_-8BknWmZh2lEnEeect73Ww,transfer_2,5678,jpeg50,self,1,toronto:273,toronto:273,15.680000,36.1773
toronto_query_-8BknWmZh2lEnEeect73Ww,transfer_3,5678,jpeg50,self,1,toronto:273,toronto:273,15.680000,36.1773
toronto_query_-8BknWmZh2lEnEeect73Ww,transfer_4,5678,jpeg50,self,1,toronto:273,toronto:273,15.679996,36.1773
toronto_query_-8BknWmZh2lEnEeect73Ww,isotropic,9012,jpeg50,self,1,toronto:273,toronto:273,15.679998,36.1773
toronto_query_-8BknWmZh2lEnEeect73Ww,white_box,9012,jpeg50,self,1,toronto:273,toronto:273,15.679997,36.1773
toronto_query_-8BknWmZh2lEnEeect73Ww,transfer_1,9012,jpeg50,self,1,toronto:273,toronto:273,15.680000,36.1773
toronto_query_-8BknWmZh2lEnEeect73Ww,transfer_2,9012,jpeg50,self,1,toronto:273,toronto:273,15.680001,36.1773
toronto_query_-8BknWmZh2lEnEeect73Ww,transfer_3,9012,jpeg50,self,1,toronto:273,toronto:273,15.680000,36.1773
toronto_query_-8BknWmZh2lEnEeect73Ww,transfer_4,9012,jpeg50,self,1,toronto:273,toronto:273,15.680000,36.1773
zurich_query_-TxHEY5xnZFgfnHO3ygjzw,isotropic,1234,jpeg50,self,1,zurich:25,zurich:25,15.680000,36.1773
zurich_query_-TxHEY5xnZFgfnHO3ygjzw,white_box,1234,jpeg50,self,1,zurich:25,zurich:25,15.680000,36.1773
zurich_query_-TxHEY5xnZFgfnHO3ygjzw,transfer_1,1234,jpeg50,self,1,zurich:25,zurich:25,15.679997,36.1773
zurich_query_-TxHEY5xnZFgfnHO3ygjzw,transfer_2,1234,jpeg50,self,1,zurich:25,zurich:25,15.680000,36.1773
zurich_query_-TxHEY5xnZFgfnHO3ygjzw,transfer_3,1234,jpeg50,self,1,zurich:25,zurich:25,15.679997,36.1773
zurich_query_-TxHEY5xnZFgfnHO3ygjzw,transfer_4,1234,jpeg50,self,1,zurich:25,zurich:25,15.679997,36.1773
zurich_query_-TxHEY5xnZFgfnHO3ygjzw,isotropic,5678,jpeg50,self,1,zurich:25,zurich:25,15.679997,36.1773
zurich_query_-TxHEY5xnZFgfnHO3ygjzw,white_box,5678,jpeg50,self,1,zurich:25,zurich:25,15.679997,36.1773
zurich_query_-TxHEY5xnZFgfnHO3ygjzw,transfer_1,5678,jpeg50,self,1,zurich:25,zurich:25,15.680000,36.1773
zurich_query_-TxHEY5xnZFgfnHO3ygjzw,transfer_2,5678,jpeg50,self,1,zurich:25,zurich:25,15.679997,36.1773
zurich_query_-TxHEY5xnZFgfnHO3ygjzw,transfer_3,5678,jpeg50,self,1,zurich:25,zurich:25,15.680000,36.1773
zurich_query_-TxHEY5xnZFgfnHO3ygjzw,transfer_4,5678,jpeg50,self,1,zurich:25,zurich:25,15.680000,36.1773
zurich_query_-TxHEY5xnZFgfnHO3ygjzw,isotropic,9012,jpeg50,self,1,zurich:25,zurich:25,15.679997,36.1773
zurich_query_-TxHEY5xnZFgfnHO3ygjzw,white_box,9012,jpeg50,self,1,zurich:25,zurich:25,15.680000,36.1773
zurich_query_-TxHEY5xnZFgfnHO3ygjzw,transfer_1,9012,jpeg50,self,1,zurich:25,zurich:25,15.680000,36.1773
zurich_query_-TxHEY5xnZFgfnHO3ygjzw,transfer_2,9012,jpeg50,self,1,zurich:25,zurich:25,15.679997,36.1773
zurich_query_-TxHEY5xnZFgfnHO3ygjzw,transfer_3,9012,jpeg50,self,1,zurich:25,zurich:25,15.679997,36.1773
zurich_query_-TxHEY5xnZFgfnHO3ygjzw,transfer_4,9012,jpeg50,self,1,zurich:25,zurich:25,15.680000,36.1773
amman_query_051WRvR5gI1vde606oseFw,isotropic,1234,jpeg50,self,1,amman:23,amman:23,15.679997,36.1773
amman_query_051WRvR5gI1vde606oseFw,white_box,1234,jpeg50,self,2,toronto:274,amman:23,15.679998,36.1773
amman_query_051WRvR5gI1vde606oseFw,transfer_1,1234,jpeg50,self,1,amman:23,amman:23,15.679997,36.1773
amman_query_051WRvR5gI1vde606oseFw,transfer_2,1234,jpeg50,self,1,amman:23,amman:23,15.679997,36.1773
amman_query_051WRvR5gI1vde606oseFw,transfer_3,1234,jpeg50,self,1,amman:23,amman:23,15.680000,36.1773
amman_query_051WRvR5gI1vde606oseFw,transfer_4,1234,jpeg50,self,2,manila:72,amman:23,15.680000,36.1773
amman_query_051WRvR5gI1vde606oseFw,isotropic,5678,jpeg50,self,1,amman:23,amman:23,15.680000,36.1773
amman_query_051WRvR5gI1vde606oseFw,white_box,5678,jpeg50,self,1,amman:23,amman:23,15.680000,36.1773
amman_query_051WRvR5gI1vde606oseFw,transfer_1,5678,jpeg50,self,1,amman:23,amman:23,15.679997,36.1773
amman_query_051WRvR5gI1vde606oseFw,transfer_2,5678,jpeg50,self,1,amman:23,amman:23,15.679997,36.1773
amman_query_051WRvR5gI1vde606oseFw,transfer_3,5678,jpeg50,self,1,amman:23,amman:23,15.680000,36.1773
amman_query_051WRvR5gI1vde606oseFw,transfer_4,5678,jpeg50,self,1,amman:23,amman:23,15.680000,36.1773
amman_query_051WRvR5gI1vde606oseFw,isotropic,9012,jpeg50,self,1,amman:23,amman:23,15.680000,36.1773
amman_query_051WRvR5gI1vde606oseFw,white_box,9012,jpeg50,self,2,toronto:274,amman:23,15.680000,36.1773
amman_query_051WRvR5gI1vde606oseFw,transfer_1,9012,jpeg50,self,2,toronto:274,amman:23,15.680000,36.1773
amman_query_051WRvR5gI1vde606oseFw,transfer_2,9012,jpeg50,self,1,amman:23,amman:23,15.680001,36.1773
amman_query_051WRvR5gI1vde606oseFw,transfer_3,9012,jpeg50,self,2,toronto:274,amman:23,15.679997,36.1773
amman_query_051WRvR5gI1vde606oseFw,transfer_4,9012,jpeg50,self,1,amman:23,amman:23,15.680000,36.1773
boston_query_-CNeDzWqfei0F-1CmA8N9A,isotropic,1234,jpeg50,self,1,boston:156,boston:156,15.680000,36.1773
boston_query_-CNeDzWqfei0F-1CmA8N9A,white_box,1234,jpeg50,self,1,boston:156,boston:156,15.679997,36.1773
boston_query_-CNeDzWqfei0F-1CmA8N9A,transfer_1,1234,jpeg50,self,1,boston:156,boston:156,15.680000,36.1773
boston_query_-CNeDzWqfei0F-1CmA8N9A,transfer_2,1234,jpeg50,self,1,boston:156,boston:156,15.679997,36.1773
boston_query_-CNeDzWqfei0F-1CmA8N9A,transfer_3,1234,jpeg50,self,1,boston:156,boston:156,15.679998,36.1773
boston_query_-CNeDzWqfei0F-1CmA8N9A,transfer_4,1234,jpeg50,self,1,boston:156,boston:156,15.680000,36.1773
boston_query_-CNeDzWqfei0F-1CmA8N9A,isotropic,5678,jpeg50,self,1,boston:156,boston:156,15.679998,36.1773
boston_query_-CNeDzWqfei0F-1CmA8N9A,white_box,5678,jpeg50,self,1,boston:156,boston:156,15.679998,36.1773
boston_query_-CNeDzWqfei0F-1CmA8N9A,transfer_1,5678,jpeg50,self,1,boston:156,boston:156,15.679997,36.1773
boston_query_-CNeDzWqfei0F-1CmA8N9A,transfer_2,5678,jpeg50,self,1,boston:156,boston:156,15.679997,36.1773
boston_query_-CNeDzWqfei0F-1CmA8N9A,transfer_3,5678,jpeg50,self,1,boston:156,boston:156,15.680001,36.1773
boston_query_-CNeDzWqfei0F-1CmA8N9A,transfer_4,5678,jpeg50,self,1,boston:156,boston:156,15.680000,36.1773
boston_query_-CNeDzWqfei0F-1CmA8N9A,isotropic,9012,jpeg50,self,1,boston:156,boston:156,15.679998,36.1773
boston_query_-CNeDzWqfei0F-1CmA8N9A,white_box,9012,jpeg50,self,1,boston:156,boston:156,15.680000,36.1773
boston_query_-CNeDzWqfei0F-1CmA8N9A,transfer_1,9012,jpeg50,self,1,boston:156,boston:156,15.679997,36.1773
boston_query_-CNeDzWqfei0F-1CmA8N9A,transfer_2,9012,jpeg50,self,1,boston:156,boston:156,15.679997,36.1773
boston_query_-CNeDzWqfei0F-1CmA8N9A,transfer_3,9012,jpeg50,self,1,boston:156,boston:156,15.679997,36.1773
boston_query_-CNeDzWqfei0F-1CmA8N9A,transfer_4,9012,jpeg50,self,1,boston:156,boston:156,15.680000,36.1773
cph_query_-9ZOGirqZl2EVYWN1WLERg,isotropic,1234,jpeg50,self,1,cph:162,cph:162,15.680001,36.1773
cph_query_-9ZOGirqZl2EVYWN1WLERg,white_box,1234,jpeg50,self,1,cph:162,cph:162,15.679997,36.1773
cph_query_-9ZOGirqZl2EVYWN1WLERg,transfer_1,1234,jpeg50,self,1,cph:162,cph:162,15.680000,36.1773
cph_query_-9ZOGirqZl2EVYWN1WLERg,transfer_2,1234,jpeg50,self,1,cph:162,cph:162,15.679997,36.1773
cph_query_-9ZOGirqZl2EVYWN1WLERg,transfer_3,1234,jpeg50,self,1,cph:162,cph:162,15.680000,36.1773
cph_query_-9ZOGirqZl2EVYWN1WLERg,transfer_4,1234,jpeg50,self,1,cph:162,cph:162,15.680000,36.1773
cph_query_-9ZOGirqZl2EVYWN1WLERg,isotropic,5678,jpeg50,self,1,cph:162,cph:162,15.679998,36.1773
cph_query_-9ZOGirqZl2EVYWN1WLERg,white_box,5678,jpeg50,self,1,cph:162,cph:162,15.679998,36.1773
cph_query_-9ZOGirqZl2EVYWN1WLERg,transfer_1,5678,jpeg50,self,1,cph:162,cph:162,15.679997,36.1773
cph_query_-9ZOGirqZl2EVYWN1WLERg,transfer_2,5678,jpeg50,self,1,cph:162,cph:162,15.679997,36.1773
cph_query_-9ZOGirqZl2EVYWN1WLERg,transfer_3,5678,jpeg50,self,1,cph:162,cph:162,15.680000,36.1773
cph_query_-9ZOGirqZl2EVYWN1WLERg,transfer_4,5678,jpeg50,self,1,cph:162,cph:162,15.680000,36.1773
cph_query_-9ZOGirqZl2EVYWN1WLERg,isotropic,9012,jpeg50,self,1,cph:162,cph:162,15.679997,36.1773
cph_query_-9ZOGirqZl2EVYWN1WLERg,white_box,9012,jpeg50,self,1,cph:162,cph:162,15.680000,36.1773
cph_query_-9ZOGirqZl2EVYWN1WLERg,transfer_1,9012,jpeg50,self,1,cph:162,cph:162,15.679997,36.1773
cph_query_-9ZOGirqZl2EVYWN1WLERg,transfer_2,9012,jpeg50,self,1,cph:162,cph:162,15.680000,36.1773
cph_query_-9ZOGirqZl2EVYWN1WLERg,transfer_3,9012,jpeg50,self,1,cph:162,cph:162,15.680000,36.1773
cph_query_-9ZOGirqZl2EVYWN1WLERg,transfer_4,9012,jpeg50,self,1,cph:162,cph:162,15.680000,36.1773
london_query_-TmVvxY52h9CjrIUzBbCgw,isotropic,1234,jpeg50,self,1,london:129,london:129,15.679997,36.1773
london_query_-TmVvxY52h9CjrIUzBbCgw,white_box,1234,jpeg50,self,1,london:129,london:129,15.679998,36.1773
london_query_-TmVvxY52h9CjrIUzBbCgw,transfer_1,1234,jpeg50,self,1,london:129,london:129,15.680002,36.1773
london_query_-TmVvxY52h9CjrIUzBbCgw,transfer_2,1234,jpeg50,self,1,london:129,london:129,15.679997,36.1773
london_query_-TmVvxY52h9CjrIUzBbCgw,transfer_3,1234,jpeg50,self,1,london:129,london:129,15.679997,36.1773
london_query_-TmVvxY52h9CjrIUzBbCgw,transfer_4,1234,jpeg50,self,1,london:129,london:129,15.679997,36.1773
london_query_-TmVvxY52h9CjrIUzBbCgw,isotropic,5678,jpeg50,self,1,london:129,london:129,15.679996,36.1773
london_query_-TmVvxY52h9CjrIUzBbCgw,white_box,5678,jpeg50,self,1,london:129,london:129,15.679998,36.1773
london_query_-TmVvxY52h9CjrIUzBbCgw,transfer_1,5678,jpeg50,self,1,london:129,london:129,15.679997,36.1773
london_query_-TmVvxY52h9CjrIUzBbCgw,transfer_2,5678,jpeg50,self,1,london:129,london:129,15.680001,36.1773
london_query_-TmVvxY52h9CjrIUzBbCgw,transfer_3,5678,jpeg50,self,1,london:129,london:129,15.679997,36.1773
london_query_-TmVvxY52h9CjrIUzBbCgw,transfer_4,5678,jpeg50,self,1,london:129,london:129,15.680001,36.1773
london_query_-TmVvxY52h9CjrIUzBbCgw,isotropic,9012,jpeg50,self,1,london:129,london:129,15.679997,36.1773
london_query_-TmVvxY52h9CjrIUzBbCgw,white_box,9012,jpeg50,self,1,london:129,london:129,15.680001,36.1773
london_query_-TmVvxY52h9CjrIUzBbCgw,transfer_1,9012,jpeg50,self,1,london:129,london:129,15.679997,36.1773
london_query_-TmVvxY52h9CjrIUzBbCgw,transfer_2,9012,jpeg50,self,1,london:129,london:129,15.680000,36.1773
london_query_-TmVvxY52h9CjrIUzBbCgw,transfer_3,9012,jpeg50,self,1,london:129,london:129,15.680000,36.1773
london_query_-TmVvxY52h9CjrIUzBbCgw,transfer_4,9012,jpeg50,self,1,london:129,london:129,15.679997,36.1773
manila_query_-ELxcda6ePiuO6nR3VP3-A,isotropic,1234,jpeg50,self,1,manila:20,manila:20,15.680000,36.1773
manila_query_-ELxcda6ePiuO6nR3VP3-A,white_box,1234,jpeg50,self,1,manila:20,manila:20,15.680000,36.1773
manila_query_-ELxcda6ePiuO6nR3VP3-A,transfer_1,1234,jpeg50,self,1,manila:20,manila:20,15.679997,36.1773
manila_query_-ELxcda6ePiuO6nR3VP3-A,transfer_2,1234,jpeg50,self,1,manila:20,manila:20,15.679997,36.1773
manila_query_-ELxcda6ePiuO6nR3VP3-A,transfer_3,1234,jpeg50,self,1,manila:20,manila:20,15.680001,36.1773
manila_query_-ELxcda6ePiuO6nR3VP3-A,transfer_4,1234,jpeg50,self,1,manila:20,manila:20,15.679998,36.1773
manila_query_-ELxcda6ePiuO6nR3VP3-A,isotropic,5678,jpeg50,self,1,manila:20,manila:20,15.680001,36.1773
manila_query_-ELxcda6ePiuO6nR3VP3-A,white_box,5678,jpeg50,self,1,manila:20,manila:20,15.679997,36.1773
manila_query_-ELxcda6ePiuO6nR3VP3-A,transfer_1,5678,jpeg50,self,1,manila:20,manila:20,15.679998,36.1773
manila_query_-ELxcda6ePiuO6nR3VP3-A,transfer_2,5678,jpeg50,self,1,manila:20,manila:20,15.680000,36.1773
manila_query_-ELxcda6ePiuO6nR3VP3-A,transfer_3,5678,jpeg50,self,1,manila:20,manila:20,15.680000,36.1773
manila_query_-ELxcda6ePiuO6nR3VP3-A,transfer_4,5678,jpeg50,self,1,manila:20,manila:20,15.680000,36.1773
manila_query_-ELxcda6ePiuO6nR3VP3-A,isotropic,9012,jpeg50,self,1,manila:20,manila:20,15.679998,36.1773
manila_query_-ELxcda6ePiuO6nR3VP3-A,white_box,9012,jpeg50,self,1,manila:20,manila:20,15.680000,36.1773
manila_query_-ELxcda6ePiuO6nR3VP3-A,transfer_1,9012,jpeg50,self,1,manila:20,manila:20,15.679998,36.1773
manila_query_-ELxcda6ePiuO6nR3VP3-A,transfer_2,9012,jpeg50,self,1,manila:20,manila:20,15.679998,36.1773
manila_query_-ELxcda6ePiuO6nR3VP3-A,transfer_3,9012,jpeg50,self,1,manila:20,manila:20,15.679997,36.1773
manila_query_-ELxcda6ePiuO6nR3VP3-A,transfer_4,9012,jpeg50,self,1,manila:20,manila:20,15.680000,36.1773
nairobi_query_0TzVtw0twyRTMFGP-VzE8A,isotropic,1234,jpeg50,self,1,nairobi:17,nairobi:17,15.679998,36.1773
nairobi_query_0TzVtw0twyRTMFGP-VzE8A,white_box,1234,jpeg50,self,1,nairobi:17,nairobi:17,15.679997,36.1773
nairobi_query_0TzVtw0twyRTMFGP-VzE8A,transfer_1,1234,jpeg50,self,1,nairobi:17,nairobi:17,15.680000,36.1773
nairobi_query_0TzVtw0twyRTMFGP-VzE8A,transfer_2,1234,jpeg50,self,1,nairobi:17,nairobi:17,15.680000,36.1773
nairobi_query_0TzVtw0twyRTMFGP-VzE8A,transfer_3,1234,jpeg50,self,2,zurich:61,nairobi:17,15.679997,36.1773
nairobi_query_0TzVtw0twyRTMFGP-VzE8A,transfer_4,1234,jpeg50,self,1,nairobi:17,nairobi:17,15.679997,36.1773
nairobi_query_0TzVtw0twyRTMFGP-VzE8A,isotropic,5678,jpeg50,self,1,nairobi:17,nairobi:17,15.680000,36.1773
nairobi_query_0TzVtw0twyRTMFGP-VzE8A,white_box,5678,jpeg50,self,73,zurich:35,nairobi:17,15.679997,36.1773
nairobi_query_0TzVtw0twyRTMFGP-VzE8A,transfer_1,5678,jpeg50,self,1,nairobi:17,nairobi:17,15.679997,36.1773
nairobi_query_0TzVtw0twyRTMFGP-VzE8A,transfer_2,5678,jpeg50,self,5,london:36,nairobi:17,15.680000,36.1773
nairobi_query_0TzVtw0twyRTMFGP-VzE8A,transfer_3,5678,jpeg50,self,1,nairobi:17,nairobi:17,15.679998,36.1773
nairobi_query_0TzVtw0twyRTMFGP-VzE8A,transfer_4,5678,jpeg50,self,1,nairobi:17,nairobi:17,15.680000,36.1773
nairobi_query_0TzVtw0twyRTMFGP-VzE8A,isotropic,9012,jpeg50,self,1,nairobi:17,nairobi:17,15.679996,36.1773
nairobi_query_0TzVtw0twyRTMFGP-VzE8A,white_box,9012,jpeg50,self,8,amman:0,nairobi:17,15.680001,36.1773
nairobi_query_0TzVtw0twyRTMFGP-VzE8A,transfer_1,9012,jpeg50,self,1,nairobi:17,nairobi:17,15.680000,36.1773
nairobi_query_0TzVtw0twyRTMFGP-VzE8A,transfer_2,9012,jpeg50,self,1,nairobi:17,nairobi:17,15.680000,36.1773
nairobi_query_0TzVtw0twyRTMFGP-VzE8A,transfer_3,9012,jpeg50,self,1,nairobi:17,nairobi:17,15.679997,36.1773
nairobi_query_0TzVtw0twyRTMFGP-VzE8A,transfer_4,9012,jpeg50,self,2,boston:206,nairobi:17,15.679997,36.1773
toronto_query_-8NbZpIbjwqAXwoRMmYddg,isotropic,1234,jpeg50,self,1,toronto:196,toronto:196,15.680000,36.1773
toronto_query_-8NbZpIbjwqAXwoRMmYddg,white_box,1234,jpeg50,self,1,toronto:196,toronto:196,15.680000,36.1773
toronto_query_-8NbZpIbjwqAXwoRMmYddg,transfer_1,1234,jpeg50,self,1,toronto:196,toronto:196,15.679997,36.1773
toronto_query_-8NbZpIbjwqAXwoRMmYddg,transfer_2,1234,jpeg50,self,1,toronto:196,toronto:196,15.679997,36.1773
toronto_query_-8NbZpIbjwqAXwoRMmYddg,transfer_3,1234,jpeg50,self,1,toronto:196,toronto:196,15.680000,36.1773
toronto_query_-8NbZpIbjwqAXwoRMmYddg,transfer_4,1234,jpeg50,self,1,toronto:196,toronto:196,15.680000,36.1773
toronto_query_-8NbZpIbjwqAXwoRMmYddg,isotropic,5678,jpeg50,self,1,toronto:196,toronto:196,15.679998,36.1773
toronto_query_-8NbZpIbjwqAXwoRMmYddg,white_box,5678,jpeg50,self,1,toronto:196,toronto:196,15.679997,36.1773
toronto_query_-8NbZpIbjwqAXwoRMmYddg,transfer_1,5678,jpeg50,self,1,toronto:196,toronto:196,15.679997,36.1773
toronto_query_-8NbZpIbjwqAXwoRMmYddg,transfer_2,5678,jpeg50,self,1,toronto:196,toronto:196,15.680000,36.1773
toronto_query_-8NbZpIbjwqAXwoRMmYddg,transfer_3,5678,jpeg50,self,1,toronto:196,toronto:196,15.680000,36.1773
toronto_query_-8NbZpIbjwqAXwoRMmYddg,transfer_4,5678,jpeg50,self,1,toronto:196,toronto:196,15.680000,36.1773
toronto_query_-8NbZpIbjwqAXwoRMmYddg,isotropic,9012,jpeg50,self,1,toronto:196,toronto:196,15.679998,36.1773
toronto_query_-8NbZpIbjwqAXwoRMmYddg,white_box,9012,jpeg50,self,1,toronto:196,toronto:196,15.680000,36.1773
toronto_query_-8NbZpIbjwqAXwoRMmYddg,transfer_1,9012,jpeg50,self,1,toronto:196,toronto:196,15.679997,36.1773
toronto_query_-8NbZpIbjwqAXwoRMmYddg,transfer_2,9012,jpeg50,self,1,toronto:196,toronto:196,15.680000,36.1773
toronto_query_-8NbZpIbjwqAXwoRMmYddg,transfer_3,9012,jpeg50,self,1,toronto:196,toronto:196,15.680001,36.1773
toronto_query_-8NbZpIbjwqAXwoRMmYddg,transfer_4,9012,jpeg50,self,1,toronto:196,toronto:196,15.680001,36.1773
zurich_query_-Vs9xzO47S-0Cfs9o81wvQ,isotropic,1234,jpeg50,self,1,zurich:27,zurich:27,15.680000,36.1773
zurich_query_-Vs9xzO47S-0Cfs9o81wvQ,white_box,1234,jpeg50,self,1,zurich:27,zurich:27,15.679997,36.1773
zurich_query_-Vs9xzO47S-0Cfs9o81wvQ,transfer_1,1234,jpeg50,self,1,zurich:27,zurich:27,15.679997,36.1773
zurich_query_-Vs9xzO47S-0Cfs9o81wvQ,transfer_2,1234,jpeg50,self,1,zurich:27,zurich:27,15.680001,36.1773
zurich_query_-Vs9xzO47S-0Cfs9o81wvQ,transfer_3,1234,jpeg50,self,1,zurich:27,zurich:27,15.680000,36.1773
zurich_query_-Vs9xzO47S-0Cfs9o81wvQ,transfer_4,1234,jpeg50,self,1,zurich:27,zurich:27,15.680000,36.1773
zurich_query_-Vs9xzO47S-0Cfs9o81wvQ,isotropic,5678,jpeg50,self,1,zurich:27,zurich:27,15.680000,36.1773
zurich_query_-Vs9xzO47S-0Cfs9o81wvQ,white_box,5678,jpeg50,self,1,zurich:27,zurich:27,15.680000,36.1773
zurich_query_-Vs9xzO47S-0Cfs9o81wvQ,transfer_1,5678,jpeg50,self,1,zurich:27,zurich:27,15.679997,36.1773
zurich_query_-Vs9xzO47S-0Cfs9o81wvQ,transfer_2,5678,jpeg50,self,1,zurich:27,zurich:27,15.679998,36.1773
zurich_query_-Vs9xzO47S-0Cfs9o81wvQ,transfer_3,5678,jpeg50,self,1,zurich:27,zurich:27,15.680000,36.1773
zurich_query_-Vs9xzO47S-0Cfs9o81wvQ,transfer_4,5678,jpeg50,self,1,zurich:27,zurich:27,15.680001,36.1773
zurich_query_-Vs9xzO47S-0Cfs9o81wvQ,isotropic,9012,jpeg50,self,1,zurich:27,zurich:27,15.680000,36.1773
zurich_query_-Vs9xzO47S-0Cfs9o81wvQ,white_box,9012,jpeg50,self,1,zurich:27,zurich:27,15.680000,36.1773
zurich_query_-Vs9xzO47S-0Cfs9o81wvQ,transfer_1,9012,jpeg50,self,1,zurich:27,zurich:27,15.680002,36.1773
zurich_query_-Vs9xzO47S-0Cfs9o81wvQ,transfer_2,9012,jpeg50,self,1,zurich:27,zurich:27,15.680001,36.1773
zurich_query_-Vs9xzO47S-0Cfs9o81wvQ,transfer_3,9012,jpeg50,self,1,zurich:27,zurich:27,15.680000,36.1773
zurich_query_-Vs9xzO47S-0Cfs9o81wvQ,transfer_4,9012,jpeg50,self,1,zurich:27,zurich:27,15.680000,36.1773
amman_query_0CjrhmzpvqXBOIBsGB6LcQ,isotropic,1234,jpeg50,self,1,amman:21,amman:21,15.679997,36.1773
amman_query_0CjrhmzpvqXBOIBsGB6LcQ,white_box,1234,jpeg50,self,1,amman:21,amman:21,15.679998,36.1773
amman_query_0CjrhmzpvqXBOIBsGB6LcQ,transfer_1,1234,jpeg50,self,1,amman:21,amman:21,15.680000,36.1773
amman_query_0CjrhmzpvqXBOIBsGB6LcQ,transfer_2,1234,jpeg50,self,1,amman:21,amman:21,15.680000,36.1773
amman_query_0CjrhmzpvqXBOIBsGB6LcQ,transfer_3,1234,jpeg50,self,1,amman:21,amman:21,15.679997,36.1773
amman_query_0CjrhmzpvqXBOIBsGB6LcQ,transfer_4,1234,jpeg50,self,1,amman:21,amman:21,15.680001,36.1773
amman_query_0CjrhmzpvqXBOIBsGB6LcQ,isotropic,5678,jpeg50,self,1,amman:21,amman:21,15.679998,36.1773
amman_query_0CjrhmzpvqXBOIBsGB6LcQ,white_box,5678,jpeg50,self,1,amman:21,amman:21,15.680000,36.1773
amman_query_0CjrhmzpvqXBOIBsGB6LcQ,transfer_1,5678,jpeg50,self,1,amman:21,amman:21,15.679998,36.1773
amman_query_0CjrhmzpvqXBOIBsGB6LcQ,transfer_2,5678,jpeg50,self,1,amman:21,amman:21,15.679997,36.1773
amman_query_0CjrhmzpvqXBOIBsGB6LcQ,transfer_3,5678,jpeg50,self,1,amman:21,amman:21,15.679997,36.1773
amman_query_0CjrhmzpvqXBOIBsGB6LcQ,transfer_4,5678,jpeg50,self,1,amman:21,amman:21,15.680000,36.1773
amman_query_0CjrhmzpvqXBOIBsGB6LcQ,isotropic,9012,jpeg50,self,1,amman:21,amman:21,15.679997,36.1773
amman_query_0CjrhmzpvqXBOIBsGB6LcQ,white_box,9012,jpeg50,self,1,amman:21,amman:21,15.679998,36.1773
amman_query_0CjrhmzpvqXBOIBsGB6LcQ,transfer_1,9012,jpeg50,self,1,amman:21,amman:21,15.680000,36.1773
amman_query_0CjrhmzpvqXBOIBsGB6LcQ,transfer_2,9012,jpeg50,self,1,amman:21,amman:21,15.679998,36.1773
amman_query_0CjrhmzpvqXBOIBsGB6LcQ,transfer_3,9012,jpeg50,self,1,amman:21,amman:21,15.680000,36.1773
amman_query_0CjrhmzpvqXBOIBsGB6LcQ,transfer_4,9012,jpeg50,self,1,amman:21,amman:21,15.680001,36.1773
boston_query_-D-onyWSIw3M1SbsxL7X-g,isotropic,1234,jpeg50,self,1,boston:27,boston:27,15.679997,36.1773
boston_query_-D-onyWSIw3M1SbsxL7X-g,white_box,1234,jpeg50,self,1,boston:27,boston:27,15.679997,36.1773
boston_query_-D-onyWSIw3M1SbsxL7X-g,transfer_1,1234,jpeg50,self,1,boston:27,boston:27,15.680001,36.1773
boston_query_-D-onyWSIw3M1SbsxL7X-g,transfer_2,1234,jpeg50,self,1,boston:27,boston:27,15.679997,36.1773
boston_query_-D-onyWSIw3M1SbsxL7X-g,transfer_3,1234,jpeg50,self,1,boston:27,boston:27,15.679997,36.1773
boston_query_-D-onyWSIw3M1SbsxL7X-g,transfer_4,1234,jpeg50,self,1,boston:27,boston:27,15.679997,36.1773
boston_query_-D-onyWSIw3M1SbsxL7X-g,isotropic,5678,jpeg50,self,1,boston:27,boston:27,15.679998,36.1773
boston_query_-D-onyWSIw3M1SbsxL7X-g,white_box,5678,jpeg50,self,2,boston:206,boston:27,15.679998,36.1773
boston_query_-D-onyWSIw3M1SbsxL7X-g,transfer_1,5678,jpeg50,self,1,boston:27,boston:27,15.679997,36.1773
boston_query_-D-onyWSIw3M1SbsxL7X-g,transfer_2,5678,jpeg50,self,1,boston:27,boston:27,15.680001,36.1773
boston_query_-D-onyWSIw3M1SbsxL7X-g,transfer_3,5678,jpeg50,self,1,boston:27,boston:27,15.680000,36.1773
boston_query_-D-onyWSIw3M1SbsxL7X-g,transfer_4,5678,jpeg50,self,1,boston:27,boston:27,15.679997,36.1773
boston_query_-D-onyWSIw3M1SbsxL7X-g,isotropic,9012,jpeg50,self,1,boston:27,boston:27,15.680002,36.1773
boston_query_-D-onyWSIw3M1SbsxL7X-g,white_box,9012,jpeg50,self,1,boston:27,boston:27,15.679997,36.1773
boston_query_-D-onyWSIw3M1SbsxL7X-g,transfer_1,9012,jpeg50,self,1,boston:27,boston:27,15.680000,36.1773
boston_query_-D-onyWSIw3M1SbsxL7X-g,transfer_2,9012,jpeg50,self,1,boston:27,boston:27,15.680001,36.1773
boston_query_-D-onyWSIw3M1SbsxL7X-g,transfer_3,9012,jpeg50,self,1,boston:27,boston:27,15.680000,36.1773
boston_query_-D-onyWSIw3M1SbsxL7X-g,transfer_4,9012,jpeg50,self,1,boston:27,boston:27,15.679996,36.1773
cph_query_-AowxxrsOr_xM02-ZyrQ5A,isotropic,1234,jpeg50,self,1,cph:96,cph:96,15.680000,36.1773
cph_query_-AowxxrsOr_xM02-ZyrQ5A,white_box,1234,jpeg50,self,2,toronto:171,cph:96,15.680000,36.1773
cph_query_-AowxxrsOr_xM02-ZyrQ5A,transfer_1,1234,jpeg50,self,1,cph:96,cph:96,15.679998,36.1773
cph_query_-AowxxrsOr_xM02-ZyrQ5A,transfer_2,1234,jpeg50,self,1,cph:96,cph:96,15.680001,36.1773
cph_query_-AowxxrsOr_xM02-ZyrQ5A,transfer_3,1234,jpeg50,self,1,cph:96,cph:96,15.680000,36.1773
cph_query_-AowxxrsOr_xM02-ZyrQ5A,transfer_4,1234,jpeg50,self,1,cph:96,cph:96,15.680001,36.1773
cph_query_-AowxxrsOr_xM02-ZyrQ5A,isotropic,5678,jpeg50,self,1,cph:96,cph:96,15.679998,36.1773
cph_query_-AowxxrsOr_xM02-ZyrQ5A,white_box,5678,jpeg50,self,1,cph:96,cph:96,15.680000,36.1773
cph_query_-AowxxrsOr_xM02-ZyrQ5A,transfer_1,5678,jpeg50,self,1,cph:96,cph:96,15.679998,36.1773
cph_query_-AowxxrsOr_xM02-ZyrQ5A,transfer_2,5678,jpeg50,self,1,cph:96,cph:96,15.680001,36.1773
cph_query_-AowxxrsOr_xM02-ZyrQ5A,transfer_3,5678,jpeg50,self,1,cph:96,cph:96,15.679997,36.1773
cph_query_-AowxxrsOr_xM02-ZyrQ5A,transfer_4,5678,jpeg50,self,1,cph:96,cph:96,15.679997,36.1773
cph_query_-AowxxrsOr_xM02-ZyrQ5A,isotropic,9012,jpeg50,self,1,cph:96,cph:96,15.680000,36.1773
cph_query_-AowxxrsOr_xM02-ZyrQ5A,white_box,9012,jpeg50,self,2,manila:189,cph:96,15.679997,36.1773
cph_query_-AowxxrsOr_xM02-ZyrQ5A,transfer_1,9012,jpeg50,self,1,cph:96,cph:96,15.680000,36.1773
cph_query_-AowxxrsOr_xM02-ZyrQ5A,transfer_2,9012,jpeg50,self,1,cph:96,cph:96,15.679997,36.1773
cph_query_-AowxxrsOr_xM02-ZyrQ5A,transfer_3,9012,jpeg50,self,1,cph:96,cph:96,15.679996,36.1773
cph_query_-AowxxrsOr_xM02-ZyrQ5A,transfer_4,9012,jpeg50,self,1,cph:96,cph:96,15.679997,36.1773
london_query_-UeH_UbGnPshWdeEEYfhyQ,isotropic,1234,jpeg50,self,1,london:121,london:121,15.680000,36.1773
london_query_-UeH_UbGnPshWdeEEYfhyQ,white_box,1234,jpeg50,self,4,london:104,london:121,15.680000,36.1773
london_query_-UeH_UbGnPshWdeEEYfhyQ,transfer_1,1234,jpeg50,self,15,london:104,london:121,15.679998,36.1773
london_query_-UeH_UbGnPshWdeEEYfhyQ,transfer_2,1234,jpeg50,self,4,cph:176,london:121,15.680001,36.1773
london_query_-UeH_UbGnPshWdeEEYfhyQ,transfer_3,1234,jpeg50,self,4,nairobi:9,london:121,15.679997,36.1773
london_query_-UeH_UbGnPshWdeEEYfhyQ,transfer_4,1234,jpeg50,self,12,london:104,london:121,15.679997,36.1773
london_query_-UeH_UbGnPshWdeEEYfhyQ,isotropic,5678,jpeg50,self,2,london:104,london:121,15.679998,36.1773
london_query_-UeH_UbGnPshWdeEEYfhyQ,white_box,5678,jpeg50,self,8,zurich:8,london:121,15.679997,36.1773
london_query_-UeH_UbGnPshWdeEEYfhyQ,transfer_1,5678,jpeg50,self,4,zurich:8,london:121,15.679996,36.1773
london_query_-UeH_UbGnPshWdeEEYfhyQ,transfer_2,5678,jpeg50,self,1,london:121,london:121,15.679998,36.1773
london_query_-UeH_UbGnPshWdeEEYfhyQ,transfer_3,5678,jpeg50,self,2,london:104,london:121,15.680000,36.1773
london_query_-UeH_UbGnPshWdeEEYfhyQ,transfer_4,5678,jpeg50,self,25,amman:1,london:121,15.680000,36.1773
london_query_-UeH_UbGnPshWdeEEYfhyQ,isotropic,9012,jpeg50,self,1,london:121,london:121,15.680000,36.1773
london_query_-UeH_UbGnPshWdeEEYfhyQ,white_box,9012,jpeg50,self,7,boston:123,london:121,15.680000,36.1773
london_query_-UeH_UbGnPshWdeEEYfhyQ,transfer_1,9012,jpeg50,self,11,london:104,london:121,15.679997,36.1773
london_query_-UeH_UbGnPshWdeEEYfhyQ,transfer_2,9012,jpeg50,self,6,cph:176,london:121,15.679997,36.1773
london_query_-UeH_UbGnPshWdeEEYfhyQ,transfer_3,9012,jpeg50,self,4,london:104,london:121,15.680000,36.1773
london_query_-UeH_UbGnPshWdeEEYfhyQ,transfer_4,9012,jpeg50,self,7,boston:123,london:121,15.680000,36.1773
manila_query_-EVOy4h35ZUyBK4r6uBM5g,isotropic,1234,jpeg50,self,155,boston:239,manila:15,15.680000,36.1773
manila_query_-EVOy4h35ZUyBK4r6uBM5g,white_box,1234,jpeg50,self,731,amman:35,manila:15,15.679997,36.1773
manila_query_-EVOy4h35ZUyBK4r6uBM5g,transfer_1,1234,jpeg50,self,583,boston:239,manila:15,15.679997,36.1773
manila_query_-EVOy4h35ZUyBK4r6uBM5g,transfer_2,1234,jpeg50,self,923,boston:239,manila:15,15.679997,36.1773
manila_query_-EVOy4h35ZUyBK4r6uBM5g,transfer_3,1234,jpeg50,self,380,boston:239,manila:15,15.679997,36.1773
manila_query_-EVOy4h35ZUyBK4r6uBM5g,transfer_4,1234,jpeg50,self,728,boston:239,manila:15,15.680000,36.1773
manila_query_-EVOy4h35ZUyBK4r6uBM5g,isotropic,5678,jpeg50,self,236,boston:239,manila:15,15.679997,36.1773
manila_query_-EVOy4h35ZUyBK4r6uBM5g,white_box,5678,jpeg50,self,720,boston:239,manila:15,15.679997,36.1773
manila_query_-EVOy4h35ZUyBK4r6uBM5g,transfer_1,5678,jpeg50,self,329,amman:35,manila:15,15.679998,36.1773
manila_query_-EVOy4h35ZUyBK4r6uBM5g,transfer_2,5678,jpeg50,self,447,amman:35,manila:15,15.680000,36.1773
manila_query_-EVOy4h35ZUyBK4r6uBM5g,transfer_3,5678,jpeg50,self,198,boston:239,manila:15,15.680000,36.1773
manila_query_-EVOy4h35ZUyBK4r6uBM5g,transfer_4,5678,jpeg50,self,248,boston:239,manila:15,15.679997,36.1773
manila_query_-EVOy4h35ZUyBK4r6uBM5g,isotropic,9012,jpeg50,self,309,boston:239,manila:15,15.680001,36.1773
manila_query_-EVOy4h35ZUyBK4r6uBM5g,white_box,9012,jpeg50,self,915,boston:239,manila:15,15.679997,36.1773
manila_query_-EVOy4h35ZUyBK4r6uBM5g,transfer_1,9012,jpeg50,self,247,amman:35,manila:15,15.679997,36.1773
manila_query_-EVOy4h35ZUyBK4r6uBM5g,transfer_2,9012,jpeg50,self,367,boston:239,manila:15,15.680000,36.1773
manila_query_-EVOy4h35ZUyBK4r6uBM5g,transfer_3,9012,jpeg50,self,519,amman:35,manila:15,15.679998,36.1773
manila_query_-EVOy4h35ZUyBK4r6uBM5g,transfer_4,9012,jpeg50,self,966,amman:35,manila:15,15.680000,36.1773
nairobi_query_0YY7sOJF2Kr1PfPB1KidBg,isotropic,1234,jpeg50,self,1,nairobi:3,nairobi:3,15.679995,36.1773
nairobi_query_0YY7sOJF2Kr1PfPB1KidBg,white_box,1234,jpeg50,self,3,london:85,nairobi:3,15.679997,36.1773
nairobi_query_0YY7sOJF2Kr1PfPB1KidBg,transfer_1,1234,jpeg50,self,1,nairobi:3,nairobi:3,15.680000,36.1773
nairobi_query_0YY7sOJF2Kr1PfPB1KidBg,transfer_2,1234,jpeg50,self,1,nairobi:3,nairobi:3,15.679998,36.1773
nairobi_query_0YY7sOJF2Kr1PfPB1KidBg,transfer_3,1234,jpeg50,self,1,nairobi:3,nairobi:3,15.680000,36.1773
nairobi_query_0YY7sOJF2Kr1PfPB1KidBg,transfer_4,1234,jpeg50,self,1,nairobi:3,nairobi:3,15.679998,36.1773
nairobi_query_0YY7sOJF2Kr1PfPB1KidBg,isotropic,5678,jpeg50,self,1,nairobi:3,nairobi:3,15.680001,36.1773
nairobi_query_0YY7sOJF2Kr1PfPB1KidBg,white_box,5678,jpeg50,self,1,nairobi:3,nairobi:3,15.679997,36.1773
nairobi_query_0YY7sOJF2Kr1PfPB1KidBg,transfer_1,5678,jpeg50,self,1,nairobi:3,nairobi:3,15.679997,36.1773
nairobi_query_0YY7sOJF2Kr1PfPB1KidBg,transfer_2,5678,jpeg50,self,1,nairobi:3,nairobi:3,15.679998,36.1773
nairobi_query_0YY7sOJF2Kr1PfPB1KidBg,transfer_3,5678,jpeg50,self,1,nairobi:3,nairobi:3,15.680000,36.1773
nairobi_query_0YY7sOJF2Kr1PfPB1KidBg,transfer_4,5678,jpeg50,self,1,nairobi:3,nairobi:3,15.680000,36.1773
nairobi_query_0YY7sOJF2Kr1PfPB1KidBg,isotropic,9012,jpeg50,self,1,nairobi:3,nairobi:3,15.680000,36.1773
nairobi_query_0YY7sOJF2Kr1PfPB1KidBg,white_box,9012,jpeg50,self,1,nairobi:3,nairobi:3,15.680000,36.1773
nairobi_query_0YY7sOJF2Kr1PfPB1KidBg,transfer_1,9012,jpeg50,self,1,nairobi:3,nairobi:3,15.680000,36.1773
nairobi_query_0YY7sOJF2Kr1PfPB1KidBg,transfer_2,9012,jpeg50,self,1,nairobi:3,nairobi:3,15.680000,36.1773
nairobi_query_0YY7sOJF2Kr1PfPB1KidBg,transfer_3,9012,jpeg50,self,1,nairobi:3,nairobi:3,15.679997,36.1773
nairobi_query_0YY7sOJF2Kr1PfPB1KidBg,transfer_4,9012,jpeg50,self,1,nairobi:3,nairobi:3,15.680000,36.1773
toronto_query_-8Q-Otkctyr1cXAnmn2BEw,isotropic,1234,jpeg50,self,1,toronto:23,toronto:23,15.680000,36.1773
toronto_query_-8Q-Otkctyr1cXAnmn2BEw,white_box,1234,jpeg50,self,1,toronto:23,toronto:23,15.680000,36.1773
toronto_query_-8Q-Otkctyr1cXAnmn2BEw,transfer_1,1234,jpeg50,self,1,toronto:23,toronto:23,15.679997,36.1773
toronto_query_-8Q-Otkctyr1cXAnmn2BEw,transfer_2,1234,jpeg50,self,1,toronto:23,toronto:23,15.679997,36.1773
toronto_query_-8Q-Otkctyr1cXAnmn2BEw,transfer_3,1234,jpeg50,self,1,toronto:23,toronto:23,15.679998,36.1773
toronto_query_-8Q-Otkctyr1cXAnmn2BEw,transfer_4,1234,jpeg50,self,1,toronto:23,toronto:23,15.679997,36.1773
toronto_query_-8Q-Otkctyr1cXAnmn2BEw,isotropic,5678,jpeg50,self,1,toronto:23,toronto:23,15.679997,36.1773
toronto_query_-8Q-Otkctyr1cXAnmn2BEw,white_box,5678,jpeg50,self,1,toronto:23,toronto:23,15.679996,36.1773
toronto_query_-8Q-Otkctyr1cXAnmn2BEw,transfer_1,5678,jpeg50,self,1,toronto:23,toronto:23,15.679997,36.1773
toronto_query_-8Q-Otkctyr1cXAnmn2BEw,transfer_2,5678,jpeg50,self,1,toronto:23,toronto:23,15.680001,36.1773
toronto_query_-8Q-Otkctyr1cXAnmn2BEw,transfer_3,5678,jpeg50,self,1,toronto:23,toronto:23,15.679997,36.1773
toronto_query_-8Q-Otkctyr1cXAnmn2BEw,transfer_4,5678,jpeg50,self,1,toronto:23,toronto:23,15.679997,36.1773
toronto_query_-8Q-Otkctyr1cXAnmn2BEw,isotropic,9012,jpeg50,self,1,toronto:23,toronto:23,15.679995,36.1773
toronto_query_-8Q-Otkctyr1cXAnmn2BEw,white_box,9012,jpeg50,self,1,toronto:23,toronto:23,15.679997,36.1773
toronto_query_-8Q-Otkctyr1cXAnmn2BEw,transfer_1,9012,jpeg50,self,1,toronto:23,toronto:23,15.680002,36.1773
toronto_query_-8Q-Otkctyr1cXAnmn2BEw,transfer_2,9012,jpeg50,self,1,toronto:23,toronto:23,15.680002,36.1773
toronto_query_-8Q-Otkctyr1cXAnmn2BEw,transfer_3,9012,jpeg50,self,1,toronto:23,toronto:23,15.680000,36.1773
toronto_query_-8Q-Otkctyr1cXAnmn2BEw,transfer_4,9012,jpeg50,self,1,toronto:23,toronto:23,15.680001,36.1773
zurich_query_-ZAb7eYhYeo1yW06_paa_g,isotropic,1234,jpeg50,self,1,zurich:27,zurich:27,15.679997,36.1773
zurich_query_-ZAb7eYhYeo1yW06_paa_g,white_box,1234,jpeg50,self,1,zurich:27,zurich:27,15.679997,36.1773
zurich_query_-ZAb7eYhYeo1yW06_paa_g,transfer_1,1234,jpeg50,self,1,zurich:27,zurich:27,15.679997,36.1773
zurich_query_-ZAb7eYhYeo1yW06_paa_g,transfer_2,1234,jpeg50,self,1,zurich:27,zurich:27,15.680002,36.1773
zurich_query_-ZAb7eYhYeo1yW06_paa_g,transfer_3,1234,jpeg50,self,1,zurich:27,zurich:27,15.679998,36.1773
zurich_query_-ZAb7eYhYeo1yW06_paa_g,transfer_4,1234,jpeg50,self,1,zurich:27,zurich:27,15.679997,36.1773
zurich_query_-ZAb7eYhYeo1yW06_paa_g,isotropic,5678,jpeg50,self,1,zurich:27,zurich:27,15.679998,36.1773
zurich_query_-ZAb7eYhYeo1yW06_paa_g,white_box,5678,jpeg50,self,1,zurich:27,zurich:27,15.679998,36.1773
zurich_query_-ZAb7eYhYeo1yW06_paa_g,transfer_1,5678,jpeg50,self,1,zurich:27,zurich:27,15.679997,36.1773
zurich_query_-ZAb7eYhYeo1yW06_paa_g,transfer_2,5678,jpeg50,self,1,zurich:27,zurich:27,15.679997,36.1773
zurich_query_-ZAb7eYhYeo1yW06_paa_g,transfer_3,5678,jpeg50,self,1,zurich:27,zurich:27,15.680000,36.1773
zurich_query_-ZAb7eYhYeo1yW06_paa_g,transfer_4,5678,jpeg50,self,1,zurich:27,zurich:27,15.679997,36.1773
zurich_query_-ZAb7eYhYeo1yW06_paa_g,isotropic,9012,jpeg50,self,1,zurich:27,zurich:27,15.680001,36.1773
zurich_query_-ZAb7eYhYeo1yW06_paa_g,white_box,9012,jpeg50,self,1,zurich:27,zurich:27,15.680001,36.1773
zurich_query_-ZAb7eYhYeo1yW06_paa_g,transfer_1,9012,jpeg50,self,1,zurich:27,zurich:27,15.680001,36.1773
zurich_query_-ZAb7eYhYeo1yW06_paa_g,transfer_2,9012,jpeg50,self,1,zurich:27,zurich:27,15.680000,36.1773
zurich_query_-ZAb7eYhYeo1yW06_paa_g,transfer_3,9012,jpeg50,self,1,zurich:27,zurich:27,15.680000,36.1773
zurich_query_-ZAb7eYhYeo1yW06_paa_g,transfer_4,9012,jpeg50,self,1,zurich:27,zurich:27,15.680000,36.1773
amman_query_0IvHKlYEfFEP39KRxr9UZg,isotropic,1234,jpeg50,self,1,amman:22,amman:22,15.680000,36.1773
amman_query_0IvHKlYEfFEP39KRxr9UZg,white_box,1234,jpeg50,self,1,amman:22,amman:22,15.679997,36.1773
amman_query_0IvHKlYEfFEP39KRxr9UZg,transfer_1,1234,jpeg50,self,1,amman:22,amman:22,15.679998,36.1773
amman_query_0IvHKlYEfFEP39KRxr9UZg,transfer_2,1234,jpeg50,self,1,amman:22,amman:22,15.679997,36.1773
amman_query_0IvHKlYEfFEP39KRxr9UZg,transfer_3,1234,jpeg50,self,1,amman:22,amman:22,15.680001,36.1773
amman_query_0IvHKlYEfFEP39KRxr9UZg,transfer_4,1234,jpeg50,self,1,amman:22,amman:22,15.680000,36.1773
amman_query_0IvHKlYEfFEP39KRxr9UZg,isotropic,5678,jpeg50,self,1,amman:22,amman:22,15.680000,36.1773
amman_query_0IvHKlYEfFEP39KRxr9UZg,white_box,5678,jpeg50,self,1,amman:22,amman:22,15.680000,36.1773
amman_query_0IvHKlYEfFEP39KRxr9UZg,transfer_1,5678,jpeg50,self,1,amman:22,amman:22,15.679997,36.1773
amman_query_0IvHKlYEfFEP39KRxr9UZg,transfer_2,5678,jpeg50,self,1,amman:22,amman:22,15.680000,36.1773
amman_query_0IvHKlYEfFEP39KRxr9UZg,transfer_3,5678,jpeg50,self,1,amman:22,amman:22,15.680002,36.1773
amman_query_0IvHKlYEfFEP39KRxr9UZg,transfer_4,5678,jpeg50,self,1,amman:22,amman:22,15.679997,36.1773
amman_query_0IvHKlYEfFEP39KRxr9UZg,isotropic,9012,jpeg50,self,1,amman:22,amman:22,15.680000,36.1773
amman_query_0IvHKlYEfFEP39KRxr9UZg,white_box,9012,jpeg50,self,1,amman:22,amman:22,15.679997,36.1773
amman_query_0IvHKlYEfFEP39KRxr9UZg,transfer_1,9012,jpeg50,self,1,amman:22,amman:22,15.680001,36.1773
amman_query_0IvHKlYEfFEP39KRxr9UZg,transfer_2,9012,jpeg50,self,1,amman:22,amman:22,15.680000,36.1773
amman_query_0IvHKlYEfFEP39KRxr9UZg,transfer_3,9012,jpeg50,self,1,amman:22,amman:22,15.679998,36.1773
amman_query_0IvHKlYEfFEP39KRxr9UZg,transfer_4,9012,jpeg50,self,1,amman:22,amman:22,15.679997,36.1773
boston_query_-DYvemYiNwx_BmPSrlUWIA,isotropic,1234,jpeg50,self,1,boston:144,boston:144,15.680000,36.1773
boston_query_-DYvemYiNwx_BmPSrlUWIA,white_box,1234,jpeg50,self,1,boston:144,boston:144,15.679997,36.1773
boston_query_-DYvemYiNwx_BmPSrlUWIA,transfer_1,1234,jpeg50,self,1,boston:144,boston:144,15.679998,36.1773
boston_query_-DYvemYiNwx_BmPSrlUWIA,transfer_2,1234,jpeg50,self,1,boston:144,boston:144,15.679998,36.1773
boston_query_-DYvemYiNwx_BmPSrlUWIA,transfer_3,1234,jpeg50,self,1,boston:144,boston:144,15.679997,36.1773
boston_query_-DYvemYiNwx_BmPSrlUWIA,transfer_4,1234,jpeg50,self,1,boston:144,boston:144,15.680000,36.1773
boston_query_-DYvemYiNwx_BmPSrlUWIA,isotropic,5678,jpeg50,self,1,boston:144,boston:144,15.679997,36.1773
boston_query_-DYvemYiNwx_BmPSrlUWIA,white_box,5678,jpeg50,self,1,boston:144,boston:144,15.680000,36.1773
boston_query_-DYvemYiNwx_BmPSrlUWIA,transfer_1,5678,jpeg50,self,1,boston:144,boston:144,15.679997,36.1773
boston_query_-DYvemYiNwx_BmPSrlUWIA,transfer_2,5678,jpeg50,self,1,boston:144,boston:144,15.679998,36.1773
boston_query_-DYvemYiNwx_BmPSrlUWIA,transfer_3,5678,jpeg50,self,1,boston:144,boston:144,15.679998,36.1773
boston_query_-DYvemYiNwx_BmPSrlUWIA,transfer_4,5678,jpeg50,self,1,boston:144,boston:144,15.679997,36.1773
boston_query_-DYvemYiNwx_BmPSrlUWIA,isotropic,9012,jpeg50,self,1,boston:144,boston:144,15.680000,36.1773
boston_query_-DYvemYiNwx_BmPSrlUWIA,white_box,9012,jpeg50,self,1,boston:144,boston:144,15.679998,36.1773
boston_query_-DYvemYiNwx_BmPSrlUWIA,transfer_1,9012,jpeg50,self,1,boston:144,boston:144,15.679998,36.1773
boston_query_-DYvemYiNwx_BmPSrlUWIA,transfer_2,9012,jpeg50,self,1,boston:144,boston:144,15.680000,36.1773
boston_query_-DYvemYiNwx_BmPSrlUWIA,transfer_3,9012,jpeg50,self,1,boston:144,boston:144,15.679998,36.1773
boston_query_-DYvemYiNwx_BmPSrlUWIA,transfer_4,9012,jpeg50,self,1,boston:144,boston:144,15.679998,36.1773
cph_query_-BH_JCTriNnLeoSt0e51lQ,isotropic,1234,jpeg50,self,1,cph:429,cph:429,15.680000,36.1773
cph_query_-BH_JCTriNnLeoSt0e51lQ,white_box,1234,jpeg50,self,1,cph:429,cph:429,15.679997,36.1773
cph_query_-BH_JCTriNnLeoSt0e51lQ,transfer_1,1234,jpeg50,self,1,cph:429,cph:429,15.679998,36.1773
cph_query_-BH_JCTriNnLeoSt0e51lQ,transfer_2,1234,jpeg50,self,1,cph:429,cph:429,15.679997,36.1773
cph_query_-BH_JCTriNnLeoSt0e51lQ,transfer_3,1234,jpeg50,self,1,cph:429,cph:429,15.680000,36.1773
cph_query_-BH_JCTriNnLeoSt0e51lQ,transfer_4,1234,jpeg50,self,1,cph:429,cph:429,15.680002,36.1773
cph_query_-BH_JCTriNnLeoSt0e51lQ,isotropic,5678,jpeg50,self,1,cph:429,cph:429,15.679998,36.1773
cph_query_-BH_JCTriNnLeoSt0e51lQ,white_box,5678,jpeg50,self,5,nairobi:19,cph:429,15.680000,36.1773
cph_query_-BH_JCTriNnLeoSt0e51lQ,transfer_1,5678,jpeg50,self,1,cph:429,cph:429,15.679998,36.1773
cph_query_-BH_JCTriNnLeoSt0e51lQ,transfer_2,5678,jpeg50,self,1,cph:429,cph:429,15.679998,36.1773
cph_query_-BH_JCTriNnLeoSt0e51lQ,transfer_3,5678,jpeg50,self,1,cph:429,cph:429,15.679997,36.1773
cph_query_-BH_JCTriNnLeoSt0e51lQ,transfer_4,5678,jpeg50,self,1,cph:429,cph:429,15.680000,36.1773
cph_query_-BH_JCTriNnLeoSt0e51lQ,isotropic,9012,jpeg50,self,1,cph:429,cph:429,15.679997,36.1773
cph_query_-BH_JCTriNnLeoSt0e51lQ,white_box,9012,jpeg50,self,1,cph:429,cph:429,15.680000,36.1773
cph_query_-BH_JCTriNnLeoSt0e51lQ,transfer_1,9012,jpeg50,self,1,cph:429,cph:429,15.680000,36.1773
cph_query_-BH_JCTriNnLeoSt0e51lQ,transfer_2,9012,jpeg50,self,1,cph:429,cph:429,15.679998,36.1773
cph_query_-BH_JCTriNnLeoSt0e51lQ,transfer_3,9012,jpeg50,self,1,cph:429,cph:429,15.679998,36.1773
cph_query_-BH_JCTriNnLeoSt0e51lQ,transfer_4,9012,jpeg50,self,1,cph:429,cph:429,15.679998,36.1773
london_query_-WUdEGuLIX2B2T8rBV0Rgw,isotropic,1234,jpeg50,self,1,london:75,london:75,15.680002,36.1773
london_query_-WUdEGuLIX2B2T8rBV0Rgw,white_box,1234,jpeg50,self,31,london:63,london:75,15.680000,36.1773
london_query_-WUdEGuLIX2B2T8rBV0Rgw,transfer_1,1234,jpeg50,self,1,london:75,london:75,15.679997,36.1773
london_query_-WUdEGuLIX2B2T8rBV0Rgw,transfer_2,1234,jpeg50,self,1,london:75,london:75,15.679997,36.1773
london_query_-WUdEGuLIX2B2T8rBV0Rgw,transfer_3,1234,jpeg50,self,1,london:75,london:75,15.680001,36.1773
london_query_-WUdEGuLIX2B2T8rBV0Rgw,transfer_4,1234,jpeg50,self,1,london:75,london:75,15.680000,36.1773
london_query_-WUdEGuLIX2B2T8rBV0Rgw,isotropic,5678,jpeg50,self,1,london:75,london:75,15.680000,36.1773
london_query_-WUdEGuLIX2B2T8rBV0Rgw,white_box,5678,jpeg50,self,2,london:23,london:75,15.679997,36.1773
london_query_-WUdEGuLIX2B2T8rBV0Rgw,transfer_1,5678,jpeg50,self,2,london:84,london:75,15.680000,36.1773
london_query_-WUdEGuLIX2B2T8rBV0Rgw,transfer_2,5678,jpeg50,self,1,london:75,london:75,15.680000,36.1773
london_query_-WUdEGuLIX2B2T8rBV0Rgw,transfer_3,5678,jpeg50,self,1,london:75,london:75,15.679997,36.1773
london_query_-WUdEGuLIX2B2T8rBV0Rgw,transfer_4,5678,jpeg50,self,1,london:75,london:75,15.680000,36.1773
london_query_-WUdEGuLIX2B2T8rBV0Rgw,isotropic,9012,jpeg50,self,1,london:75,london:75,15.680001,36.1773
london_query_-WUdEGuLIX2B2T8rBV0Rgw,white_box,9012,jpeg50,self,2,boston:90,london:75,15.680001,36.1773
london_query_-WUdEGuLIX2B2T8rBV0Rgw,transfer_1,9012,jpeg50,self,1,london:75,london:75,15.679998,36.1773
london_query_-WUdEGuLIX2B2T8rBV0Rgw,transfer_2,9012,jpeg50,self,1,london:75,london:75,15.680000,36.1773
london_query_-WUdEGuLIX2B2T8rBV0Rgw,transfer_3,9012,jpeg50,self,1,london:75,london:75,15.679997,36.1773
london_query_-WUdEGuLIX2B2T8rBV0Rgw,transfer_4,9012,jpeg50,self,1,london:75,london:75,15.680001,36.1773
manila_query_-EthLwRJMwt-Shb-xpIYlA,isotropic,1234,jpeg50,self,733,manila:190,manila:119,15.680000,36.1773
manila_query_-EthLwRJMwt-Shb-xpIYlA,white_box,1234,jpeg50,self,1216,manila:190,manila:119,15.680000,36.1773
manila_query_-EthLwRJMwt-Shb-xpIYlA,transfer_1,1234,jpeg50,self,1120,manila:190,manila:119,15.679998,36.1773
manila_query_-EthLwRJMwt-Shb-xpIYlA,transfer_2,1234,jpeg50,self,534,manila:190,manila:119,15.680001,36.1773
manila_query_-EthLwRJMwt-Shb-xpIYlA,transfer_3,1234,jpeg50,self,642,manila:190,manila:119,15.680000,36.1773
manila_query_-EthLwRJMwt-Shb-xpIYlA,transfer_4,1234,jpeg50,self,510,manila:190,manila:119,15.680000,36.1773
manila_query_-EthLwRJMwt-Shb-xpIYlA,isotropic,5678,jpeg50,self,678,manila:190,manila:119,15.679997,36.1773
manila_query_-EthLwRJMwt-Shb-xpIYlA,white_box,5678,jpeg50,self,904,manila:190,manila:119,15.680000,36.1773
manila_query_-EthLwRJMwt-Shb-xpIYlA,transfer_1,5678,jpeg50,self,898,manila:190,manila:119,15.679997,36.1773
manila_query_-EthLwRJMwt-Shb-xpIYlA,transfer_2,5678,jpeg50,self,774,manila:190,manila:119,15.680001,36.1773
manila_query_-EthLwRJMwt-Shb-xpIYlA,transfer_3,5678,jpeg50,self,732,manila:190,manila:119,15.679998,36.1773
manila_query_-EthLwRJMwt-Shb-xpIYlA,transfer_4,5678,jpeg50,self,613,manila:190,manila:119,15.680000,36.1773
manila_query_-EthLwRJMwt-Shb-xpIYlA,isotropic,9012,jpeg50,self,596,manila:190,manila:119,15.679996,36.1773
manila_query_-EthLwRJMwt-Shb-xpIYlA,white_box,9012,jpeg50,self,1044,manila:190,manila:119,15.680000,36.1773
manila_query_-EthLwRJMwt-Shb-xpIYlA,transfer_1,9012,jpeg50,self,662,manila:190,manila:119,15.680000,36.1773
manila_query_-EthLwRJMwt-Shb-xpIYlA,transfer_2,9012,jpeg50,self,684,manila:190,manila:119,15.680000,36.1773
manila_query_-EthLwRJMwt-Shb-xpIYlA,transfer_3,9012,jpeg50,self,822,manila:190,manila:119,15.679997,36.1773
manila_query_-EthLwRJMwt-Shb-xpIYlA,transfer_4,9012,jpeg50,self,531,manila:190,manila:119,15.680000,36.1773
nairobi_query_0jIUlQnC_o05NHi_OMD_vg,isotropic,1234,jpeg50,self,1,nairobi:10,nairobi:10,15.680001,36.1773
nairobi_query_0jIUlQnC_o05NHi_OMD_vg,white_box,1234,jpeg50,self,1,nairobi:10,nairobi:10,15.680000,36.1773
nairobi_query_0jIUlQnC_o05NHi_OMD_vg,transfer_1,1234,jpeg50,self,1,nairobi:10,nairobi:10,15.679998,36.1773
nairobi_query_0jIUlQnC_o05NHi_OMD_vg,transfer_2,1234,jpeg50,self,1,nairobi:10,nairobi:10,15.680000,36.1773
nairobi_query_0jIUlQnC_o05NHi_OMD_vg,transfer_3,1234,jpeg50,self,1,nairobi:10,nairobi:10,15.680000,36.1773
nairobi_query_0jIUlQnC_o05NHi_OMD_vg,transfer_4,1234,jpeg50,self,1,nairobi:10,nairobi:10,15.679998,36.1773
nairobi_query_0jIUlQnC_o05NHi_OMD_vg,isotropic,5678,jpeg50,self,1,nairobi:10,nairobi:10,15.679997,36.1773
nairobi_query_0jIUlQnC_o05NHi_OMD_vg,white_box,5678,jpeg50,self,1,nairobi:10,nairobi:10,15.680000,36.1773
nairobi_query_0jIUlQnC_o05NHi_OMD_vg,transfer_1,5678,jpeg50,self,1,nairobi:10,nairobi:10,15.679998,36.1773
nairobi_query_0jIUlQnC_o05NHi_OMD_vg,transfer_2,5678,jpeg50,self,1,nairobi:10,nairobi:10,15.680000,36.1773
nairobi_query_0jIUlQnC_o05NHi_OMD_vg,transfer_3,5678,jpeg50,self,1,nairobi:10,nairobi:10,15.680000,36.1773
nairobi_query_0jIUlQnC_o05NHi_OMD_vg,transfer_4,5678,jpeg50,self,1,nairobi:10,nairobi:10,15.679997,36.1773
nairobi_query_0jIUlQnC_o05NHi_OMD_vg,isotropic,9012,jpeg50,self,1,nairobi:10,nairobi:10,15.680002,36.1773
nairobi_query_0jIUlQnC_o05NHi_OMD_vg,white_box,9012,jpeg50,self,1,nairobi:10,nairobi:10,15.679998,36.1773
nairobi_query_0jIUlQnC_o05NHi_OMD_vg,transfer_1,9012,jpeg50,self,1,nairobi:10,nairobi:10,15.680000,36.1773
nairobi_query_0jIUlQnC_o05NHi_OMD_vg,transfer_2,9012,jpeg50,self,1,nairobi:10,nairobi:10,15.680000,36.1773
nairobi_query_0jIUlQnC_o05NHi_OMD_vg,transfer_3,9012,jpeg50,self,1,nairobi:10,nairobi:10,15.679997,36.1773
nairobi_query_0jIUlQnC_o05NHi_OMD_vg,transfer_4,9012,jpeg50,self,1,nairobi:10,nairobi:10,15.680000,36.1773
toronto_query_-8imnyri_5yPaHzqoBtiSg,isotropic,1234,jpeg50,self,1,toronto:274,toronto:274,15.680000,36.1773
toronto_query_-8imnyri_5yPaHzqoBtiSg,white_box,1234,jpeg50,self,1,toronto:274,toronto:274,15.680001,36.1773
toronto_query_-8imnyri_5yPaHzqoBtiSg,transfer_1,1234,jpeg50,self,1,toronto:274,toronto:274,15.679997,36.1773
toronto_query_-8imnyri_5yPaHzqoBtiSg,transfer_2,1234,jpeg50,self,1,toronto:274,toronto:274,15.680000,36.1773
toronto_query_-8imnyri_5yPaHzqoBtiSg,transfer_3,1234,jpeg50,self,1,toronto:274,toronto:274,15.679997,36.1773
toronto_query_-8imnyri_5yPaHzqoBtiSg,transfer_4,1234,jpeg50,self,1,toronto:274,toronto:274,15.680000,36.1773
toronto_query_-8imnyri_5yPaHzqoBtiSg,isotropic,5678,jpeg50,self,1,toronto:274,toronto:274,15.679998,36.1773
toronto_query_-8imnyri_5yPaHzqoBtiSg,white_box,5678,jpeg50,self,1,toronto:274,toronto:274,15.679997,36.1773
toronto_query_-8imnyri_5yPaHzqoBtiSg,transfer_1,5678,jpeg50,self,1,toronto:274,toronto:274,15.679997,36.1773
toronto_query_-8imnyri_5yPaHzqoBtiSg,transfer_2,5678,jpeg50,self,1,toronto:274,toronto:274,15.679997,36.1773
toronto_query_-8imnyri_5yPaHzqoBtiSg,transfer_3,5678,jpeg50,self,1,toronto:274,toronto:274,15.679997,36.1773
toronto_query_-8imnyri_5yPaHzqoBtiSg,transfer_4,5678,jpeg50,self,1,toronto:274,toronto:274,15.679998,36.1773
toronto_query_-8imnyri_5yPaHzqoBtiSg,isotropic,9012,jpeg50,self,1,toronto:274,toronto:274,15.680000,36.1773
toronto_query_-8imnyri_5yPaHzqoBtiSg,white_box,9012,jpeg50,self,1,toronto:274,toronto:274,15.680000,36.1773
toronto_query_-8imnyri_5yPaHzqoBtiSg,transfer_1,9012,jpeg50,self,1,toronto:274,toronto:274,15.679997,36.1773
toronto_query_-8imnyri_5yPaHzqoBtiSg,transfer_2,9012,jpeg50,self,1,toronto:274,toronto:274,15.680000,36.1773
toronto_query_-8imnyri_5yPaHzqoBtiSg,transfer_3,9012,jpeg50,self,1,toronto:274,toronto:274,15.680000,36.1773
toronto_query_-8imnyri_5yPaHzqoBtiSg,transfer_4,9012,jpeg50,self,1,toronto:274,toronto:274,15.680000,36.1773
zurich_query_-_SB4ERKdFDYkwavdkk6NA,isotropic,1234,jpeg50,self,1,zurich:27,zurich:27,15.680000,36.1773
zurich_query_-_SB4ERKdFDYkwavdkk6NA,white_box,1234,jpeg50,self,1,zurich:27,zurich:27,15.680000,36.1773
zurich_query_-_SB4ERKdFDYkwavdkk6NA,transfer_1,1234,jpeg50,self,1,zurich:27,zurich:27,15.679998,36.1773
zurich_query_-_SB4ERKdFDYkwavdkk6NA,transfer_2,1234,jpeg50,self,1,zurich:27,zurich:27,15.680000,36.1773
zurich_query_-_SB4ERKdFDYkwavdkk6NA,transfer_3,1234,jpeg50,self,1,zurich:27,zurich:27,15.679997,36.1773
zurich_query_-_SB4ERKdFDYkwavdkk6NA,transfer_4,1234,jpeg50,self,1,zurich:27,zurich:27,15.679998,36.1773
zurich_query_-_SB4ERKdFDYkwavdkk6NA,isotropic,5678,jpeg50,self,1,zurich:27,zurich:27,15.680000,36.1773
zurich_query_-_SB4ERKdFDYkwavdkk6NA,white_box,5678,jpeg50,self,1,zurich:27,zurich:27,15.680000,36.1773
zurich_query_-_SB4ERKdFDYkwavdkk6NA,transfer_1,5678,jpeg50,self,1,zurich:27,zurich:27,15.680000,36.1773
zurich_query_-_SB4ERKdFDYkwavdkk6NA,transfer_2,5678,jpeg50,self,1,zurich:27,zurich:27,15.680001,36.1773
zurich_query_-_SB4ERKdFDYkwavdkk6NA,transfer_3,5678,jpeg50,self,1,zurich:27,zurich:27,15.679998,36.1773
zurich_query_-_SB4ERKdFDYkwavdkk6NA,transfer_4,5678,jpeg50,self,1,zurich:27,zurich:27,15.679997,36.1773
zurich_query_-_SB4ERKdFDYkwavdkk6NA,isotropic,9012,jpeg50,self,1,zurich:27,zurich:27,15.679997,36.1773
zurich_query_-_SB4ERKdFDYkwavdkk6NA,white_box,9012,jpeg50,self,1,zurich:27,zurich:27,15.680001,36.1773
zurich_query_-_SB4ERKdFDYkwavdkk6NA,transfer_1,9012,jpeg50,self,1,zurich:27,zurich:27,15.680000,36.1773
zurich_query_-_SB4ERKdFDYkwavdkk6NA,transfer_2,9012,jpeg50,self,1,zurich:27,zurich:27,15.680001,36.1773
zurich_query_-_SB4ERKdFDYkwavdkk6NA,transfer_3,9012,jpeg50,self,1,zurich:27,zurich:27,15.680000,36.1773
zurich_query_-_SB4ERKdFDYkwavdkk6NA,transfer_4,9012,jpeg50,self,1,zurich:27,zurich:27,15.680001,36.1773
amman_query_0NfGsYmI9MkLl0JzfO-tJg,isotropic,1234,jpeg50,self,859,amman:1,amman:37,15.680000,36.1773
amman_query_0NfGsYmI9MkLl0JzfO-tJg,white_box,1234,jpeg50,self,511,amman:35,amman:37,15.680000,36.1773
amman_query_0NfGsYmI9MkLl0JzfO-tJg,transfer_1,1234,jpeg50,self,292,amman:35,amman:37,15.680000,36.1773
amman_query_0NfGsYmI9MkLl0JzfO-tJg,transfer_2,1234,jpeg50,self,540,amman:1,amman:37,15.679998,36.1773
amman_query_0NfGsYmI9MkLl0JzfO-tJg,transfer_3,1234,jpeg50,self,682,amman:1,amman:37,15.680002,36.1773
amman_query_0NfGsYmI9MkLl0JzfO-tJg,transfer_4,1234,jpeg50,self,601,amman:1,amman:37,15.680000,36.1773
amman_query_0NfGsYmI9MkLl0JzfO-tJg,isotropic,5678,jpeg50,self,587,amman:1,amman:37,15.679998,36.1773
amman_query_0NfGsYmI9MkLl0JzfO-tJg,white_box,5678,jpeg50,self,464,amman:1,amman:37,15.679997,36.1773
amman_query_0NfGsYmI9MkLl0JzfO-tJg,transfer_1,5678,jpeg50,self,520,amman:1,amman:37,15.680000,36.1773
amman_query_0NfGsYmI9MkLl0JzfO-tJg,transfer_2,5678,jpeg50,self,757,amman:1,amman:37,15.679997,36.1773
amman_query_0NfGsYmI9MkLl0JzfO-tJg,transfer_3,5678,jpeg50,self,424,amman:1,amman:37,15.679997,36.1773
amman_query_0NfGsYmI9MkLl0JzfO-tJg,transfer_4,5678,jpeg50,self,390,amman:1,amman:37,15.680001,36.1773
amman_query_0NfGsYmI9MkLl0JzfO-tJg,isotropic,9012,jpeg50,self,555,amman:1,amman:37,15.680000,36.1773
amman_query_0NfGsYmI9MkLl0JzfO-tJg,white_box,9012,jpeg50,self,352,amman:1,amman:37,15.679998,36.1773
amman_query_0NfGsYmI9MkLl0JzfO-tJg,transfer_1,9012,jpeg50,self,264,amman:1,amman:37,15.680000,36.1773
amman_query_0NfGsYmI9MkLl0JzfO-tJg,transfer_2,9012,jpeg50,self,621,amman:1,amman:37,15.679997,36.1773
amman_query_0NfGsYmI9MkLl0JzfO-tJg,transfer_3,9012,jpeg50,self,869,amman:1,amman:37,15.680000,36.1773
amman_query_0NfGsYmI9MkLl0JzfO-tJg,transfer_4,9012,jpeg50,self,458,amman:1,amman:37,15.680000,36.1773
boston_query_-DZ2jmUKLylFospVHUJx9w,isotropic,1234,jpeg50,self,1,boston:144,boston:144,15.679998,36.1773
boston_query_-DZ2jmUKLylFospVHUJx9w,white_box,1234,jpeg50,self,1,boston:144,boston:144,15.680000,36.1773
boston_query_-DZ2jmUKLylFospVHUJx9w,transfer_1,1234,jpeg50,self,1,boston:144,boston:144,15.680000,36.1773
boston_query_-DZ2jmUKLylFospVHUJx9w,transfer_2,1234,jpeg50,self,1,boston:144,boston:144,15.679997,36.1773
boston_query_-DZ2jmUKLylFospVHUJx9w,transfer_3,1234,jpeg50,self,1,boston:144,boston:144,15.680001,36.1773
boston_query_-DZ2jmUKLylFospVHUJx9w,transfer_4,1234,jpeg50,self,1,boston:144,boston:144,15.680001,36.1773
boston_query_-DZ2jmUKLylFospVHUJx9w,isotropic,5678,jpeg50,self,1,boston:144,boston:144,15.679998,36.1773
boston_query_-DZ2jmUKLylFospVHUJx9w,white_box,5678,jpeg50,self,1,boston:144,boston:144,15.680000,36.1773
boston_query_-DZ2jmUKLylFospVHUJx9w,transfer_1,5678,jpeg50,self,1,boston:144,boston:144,15.679997,36.1773
boston_query_-DZ2jmUKLylFospVHUJx9w,transfer_2,5678,jpeg50,self,1,boston:144,boston:144,15.679997,36.1773
boston_query_-DZ2jmUKLylFospVHUJx9w,transfer_3,5678,jpeg50,self,1,boston:144,boston:144,15.679997,36.1773
boston_query_-DZ2jmUKLylFospVHUJx9w,transfer_4,5678,jpeg50,self,1,boston:144,boston:144,15.679997,36.1773
boston_query_-DZ2jmUKLylFospVHUJx9w,isotropic,9012,jpeg50,self,1,boston:144,boston:144,15.680000,36.1773
boston_query_-DZ2jmUKLylFospVHUJx9w,white_box,9012,jpeg50,self,1,boston:144,boston:144,15.680000,36.1773
boston_query_-DZ2jmUKLylFospVHUJx9w,transfer_1,9012,jpeg50,self,1,boston:144,boston:144,15.679997,36.1773
boston_query_-DZ2jmUKLylFospVHUJx9w,transfer_2,9012,jpeg50,self,1,boston:144,boston:144,15.679997,36.1773
boston_query_-DZ2jmUKLylFospVHUJx9w,transfer_3,9012,jpeg50,self,1,boston:144,boston:144,15.680000,36.1773
boston_query_-DZ2jmUKLylFospVHUJx9w,transfer_4,9012,jpeg50,self,1,boston:144,boston:144,15.679998,36.1773
cph_query_-CmhgNHgZVau1Sw841AZJw,isotropic,1234,jpeg50,self,1,cph:271,cph:271,15.679997,36.1773
cph_query_-CmhgNHgZVau1Sw841AZJw,white_box,1234,jpeg50,self,1,cph:271,cph:271,15.679998,36.1773
cph_query_-CmhgNHgZVau1Sw841AZJw,transfer_1,1234,jpeg50,self,1,cph:271,cph:271,15.680000,36.1773
cph_query_-CmhgNHgZVau1Sw841AZJw,transfer_2,1234,jpeg50,self,1,cph:271,cph:271,15.679998,36.1773
cph_query_-CmhgNHgZVau1Sw841AZJw,transfer_3,1234,jpeg50,self,1,cph:271,cph:271,15.680000,36.1773
cph_query_-CmhgNHgZVau1Sw841AZJw,transfer_4,1234,jpeg50,self,1,cph:271,cph:271,15.679998,36.1773
cph_query_-CmhgNHgZVau1Sw841AZJw,isotropic,5678,jpeg50,self,1,cph:271,cph:271,15.679997,36.1773
cph_query_-CmhgNHgZVau1Sw841AZJw,white_box,5678,jpeg50,self,1,cph:271,cph:271,15.680000,36.1773
cph_query_-CmhgNHgZVau1Sw841AZJw,transfer_1,5678,jpeg50,self,1,cph:271,cph:271,15.680000,36.1773
cph_query_-CmhgNHgZVau1Sw841AZJw,transfer_2,5678,jpeg50,self,1,cph:271,cph:271,15.679998,36.1773
cph_query_-CmhgNHgZVau1Sw841AZJw,transfer_3,5678,jpeg50,self,1,cph:271,cph:271,15.680000,36.1773
cph_query_-CmhgNHgZVau1Sw841AZJw,transfer_4,5678,jpeg50,self,1,cph:271,cph:271,15.679997,36.1773
cph_query_-CmhgNHgZVau1Sw841AZJw,isotropic,9012,jpeg50,self,1,cph:271,cph:271,15.680000,36.1773
cph_query_-CmhgNHgZVau1Sw841AZJw,white_box,9012,jpeg50,self,1,cph:271,cph:271,15.679998,36.1773
cph_query_-CmhgNHgZVau1Sw841AZJw,transfer_1,9012,jpeg50,self,1,cph:271,cph:271,15.680001,36.1773
cph_query_-CmhgNHgZVau1Sw841AZJw,transfer_2,9012,jpeg50,self,1,cph:271,cph:271,15.680000,36.1773
cph_query_-CmhgNHgZVau1Sw841AZJw,transfer_3,9012,jpeg50,self,1,cph:271,cph:271,15.680000,36.1773
cph_query_-CmhgNHgZVau1Sw841AZJw,transfer_4,9012,jpeg50,self,1,cph:271,cph:271,15.679998,36.1773
london_query_-WZeEq0W1pr6VJS4t3dR0g,isotropic,1234,jpeg50,self,1,london:63,london:63,15.679997,36.1773
london_query_-WZeEq0W1pr6VJS4t3dR0g,white_box,1234,jpeg50,self,1,london:63,london:63,15.680000,36.1773
london_query_-WZeEq0W1pr6VJS4t3dR0g,transfer_1,1234,jpeg50,self,1,london:63,london:63,15.680000,36.1773
london_query_-WZeEq0W1pr6VJS4t3dR0g,transfer_2,1234,jpeg50,self,1,london:63,london:63,15.679997,36.1773
london_query_-WZeEq0W1pr6VJS4t3dR0g,transfer_3,1234,jpeg50,self,1,london:63,london:63,15.680000,36.1773
london_query_-WZeEq0W1pr6VJS4t3dR0g,transfer_4,1234,jpeg50,self,1,london:63,london:63,15.679998,36.1773
london_query_-WZeEq0W1pr6VJS4t3dR0g,isotropic,5678,jpeg50,self,1,london:63,london:63,15.680000,36.1773
london_query_-WZeEq0W1pr6VJS4t3dR0g,white_box,5678,jpeg50,self,1,london:63,london:63,15.679997,36.1773
london_query_-WZeEq0W1pr6VJS4t3dR0g,transfer_1,5678,jpeg50,self,1,london:63,london:63,15.680000,36.1773
london_query_-WZeEq0W1pr6VJS4t3dR0g,transfer_2,5678,jpeg50,self,1,london:63,london:63,15.679997,36.1773
london_query_-WZeEq0W1pr6VJS4t3dR0g,transfer_3,5678,jpeg50,self,1,london:63,london:63,15.679997,36.1773
london_query_-WZeEq0W1pr6VJS4t3dR0g,transfer_4,5678,jpeg50,self,1,london:63,london:63,15.679997,36.1773
london_query_-WZeEq0W1pr6VJS4t3dR0g,isotropic,9012,jpeg50,self,1,london:63,london:63,15.679995,36.1773
london_query_-WZeEq0W1pr6VJS4t3dR0g,white_box,9012,jpeg50,self,1,london:63,london:63,15.680000,36.1773
london_query_-WZeEq0W1pr6VJS4t3dR0g,transfer_1,9012,jpeg50,self,1,london:63,london:63,15.680000,36.1773
london_query_-WZeEq0W1pr6VJS4t3dR0g,transfer_2,9012,jpeg50,self,1,london:63,london:63,15.680000,36.1773
london_query_-WZeEq0W1pr6VJS4t3dR0g,transfer_3,9012,jpeg50,self,1,london:63,london:63,15.679996,36.1773
london_query_-WZeEq0W1pr6VJS4t3dR0g,transfer_4,9012,jpeg50,self,1,london:63,london:63,15.679997,36.1773
manila_query_-GD9SrklFbEy7mNAK9uIXg,isotropic,1234,jpeg50,self,1,manila:143,manila:143,15.679998,36.1773
manila_query_-GD9SrklFbEy7mNAK9uIXg,white_box,1234,jpeg50,self,2,manila:89,manila:143,15.679997,36.1773
manila_query_-GD9SrklFbEy7mNAK9uIXg,transfer_1,1234,jpeg50,self,1,manila:143,manila:143,15.680001,36.1773
manila_query_-GD9SrklFbEy7mNAK9uIXg,transfer_2,1234,jpeg50,self,1,manila:143,manila:143,15.680000,36.1773
manila_query_-GD9SrklFbEy7mNAK9uIXg,transfer_3,1234,jpeg50,self,1,manila:143,manila:143,15.680000,36.1773
manila_query_-GD9SrklFbEy7mNAK9uIXg,transfer_4,1234,jpeg50,self,1,manila:143,manila:143,15.679997,36.1773
manila_query_-GD9SrklFbEy7mNAK9uIXg,isotropic,5678,jpeg50,self,1,manila:143,manila:143,15.679997,36.1773
manila_query_-GD9SrklFbEy7mNAK9uIXg,white_box,5678,jpeg50,self,1,manila:143,manila:143,15.680000,36.1773
manila_query_-GD9SrklFbEy7mNAK9uIXg,transfer_1,5678,jpeg50,self,1,manila:143,manila:143,15.680001,36.1773
manila_query_-GD9SrklFbEy7mNAK9uIXg,transfer_2,5678,jpeg50,self,2,manila:89,manila:143,15.679997,36.1773
manila_query_-GD9SrklFbEy7mNAK9uIXg,transfer_3,5678,jpeg50,self,1,manila:143,manila:143,15.679998,36.1773
manila_query_-GD9SrklFbEy7mNAK9uIXg,transfer_4,5678,jpeg50,self,1,manila:143,manila:143,15.679997,36.1773
manila_query_-GD9SrklFbEy7mNAK9uIXg,isotropic,9012,jpeg50,self,1,manila:143,manila:143,15.679998,36.1773
manila_query_-GD9SrklFbEy7mNAK9uIXg,white_box,9012,jpeg50,self,2,manila:89,manila:143,15.680001,36.1773
manila_query_-GD9SrklFbEy7mNAK9uIXg,transfer_1,9012,jpeg50,self,1,manila:143,manila:143,15.680001,36.1773
manila_query_-GD9SrklFbEy7mNAK9uIXg,transfer_2,9012,jpeg50,self,2,manila:89,manila:143,15.680000,36.1773
manila_query_-GD9SrklFbEy7mNAK9uIXg,transfer_3,9012,jpeg50,self,1,manila:143,manila:143,15.680000,36.1773
manila_query_-GD9SrklFbEy7mNAK9uIXg,transfer_4,9012,jpeg50,self,1,manila:143,manila:143,15.680000,36.1773
nairobi_query_0o5iaNnZzqS9cqJ1tMT85g,isotropic,1234,jpeg50,self,1,nairobi:20,nairobi:20,15.679997,36.1773
nairobi_query_0o5iaNnZzqS9cqJ1tMT85g,white_box,1234,jpeg50,self,1,nairobi:20,nairobi:20,15.680000,36.1773
nairobi_query_0o5iaNnZzqS9cqJ1tMT85g,transfer_1,1234,jpeg50,self,1,nairobi:20,nairobi:20,15.680001,36.1773
nairobi_query_0o5iaNnZzqS9cqJ1tMT85g,transfer_2,1234,jpeg50,self,1,nairobi:20,nairobi:20,15.680000,36.1773
nairobi_query_0o5iaNnZzqS9cqJ1tMT85g,transfer_3,1234,jpeg50,self,1,nairobi:20,nairobi:20,15.680000,36.1773
nairobi_query_0o5iaNnZzqS9cqJ1tMT85g,transfer_4,1234,jpeg50,self,1,nairobi:20,nairobi:20,15.680001,36.1773
nairobi_query_0o5iaNnZzqS9cqJ1tMT85g,isotropic,5678,jpeg50,self,1,nairobi:20,nairobi:20,15.679997,36.1773
nairobi_query_0o5iaNnZzqS9cqJ1tMT85g,white_box,5678,jpeg50,self,1,nairobi:20,nairobi:20,15.679998,36.1773
nairobi_query_0o5iaNnZzqS9cqJ1tMT85g,transfer_1,5678,jpeg50,self,1,nairobi:20,nairobi:20,15.680000,36.1773
nairobi_query_0o5iaNnZzqS9cqJ1tMT85g,transfer_2,5678,jpeg50,self,1,nairobi:20,nairobi:20,15.679998,36.1773
nairobi_query_0o5iaNnZzqS9cqJ1tMT85g,transfer_3,5678,jpeg50,self,1,nairobi:20,nairobi:20,15.680000,36.1773
nairobi_query_0o5iaNnZzqS9cqJ1tMT85g,transfer_4,5678,jpeg50,self,1,nairobi:20,nairobi:20,15.679998,36.1773
nairobi_query_0o5iaNnZzqS9cqJ1tMT85g,isotropic,9012,jpeg50,self,1,nairobi:20,nairobi:20,15.680001,36.1773
nairobi_query_0o5iaNnZzqS9cqJ1tMT85g,white_box,9012,jpeg50,self,1,nairobi:20,nairobi:20,15.679997,36.1773
nairobi_query_0o5iaNnZzqS9cqJ1tMT85g,transfer_1,9012,jpeg50,self,1,nairobi:20,nairobi:20,15.680000,36.1773
nairobi_query_0o5iaNnZzqS9cqJ1tMT85g,transfer_2,9012,jpeg50,self,1,nairobi:20,nairobi:20,15.680001,36.1773
nairobi_query_0o5iaNnZzqS9cqJ1tMT85g,transfer_3,9012,jpeg50,self,1,nairobi:20,nairobi:20,15.680000,36.1773
nairobi_query_0o5iaNnZzqS9cqJ1tMT85g,transfer_4,9012,jpeg50,self,1,nairobi:20,nairobi:20,15.680000,36.1773
toronto_query_-8zrNMH6voa2ZtBaGNpoYQ,isotropic,1234,jpeg50,self,1,toronto:130,toronto:130,15.680000,36.1773
toronto_query_-8zrNMH6voa2ZtBaGNpoYQ,white_box,1234,jpeg50,self,1,toronto:130,toronto:130,15.680000,36.1773
toronto_query_-8zrNMH6voa2ZtBaGNpoYQ,transfer_1,1234,jpeg50,self,1,toronto:130,toronto:130,15.680000,36.1773
toronto_query_-8zrNMH6voa2ZtBaGNpoYQ,transfer_2,1234,jpeg50,self,1,toronto:130,toronto:130,15.679998,36.1773
toronto_query_-8zrNMH6voa2ZtBaGNpoYQ,transfer_3,1234,jpeg50,self,1,toronto:130,toronto:130,15.679997,36.1773
toronto_query_-8zrNMH6voa2ZtBaGNpoYQ,transfer_4,1234,jpeg50,self,1,toronto:130,toronto:130,15.680000,36.1773
toronto_query_-8zrNMH6voa2ZtBaGNpoYQ,isotropic,5678,jpeg50,self,1,toronto:130,toronto:130,15.680000,36.1773
toronto_query_-8zrNMH6voa2ZtBaGNpoYQ,white_box,5678,jpeg50,self,1,toronto:130,toronto:130,15.679997,36.1773
toronto_query_-8zrNMH6voa2ZtBaGNpoYQ,transfer_1,5678,jpeg50,self,1,toronto:130,toronto:130,15.679998,36.1773
toronto_query_-8zrNMH6voa2ZtBaGNpoYQ,transfer_2,5678,jpeg50,self,1,toronto:130,toronto:130,15.679997,36.1773
toronto_query_-8zrNMH6voa2ZtBaGNpoYQ,transfer_3,5678,jpeg50,self,1,toronto:130,toronto:130,15.679997,36.1773
toronto_query_-8zrNMH6voa2ZtBaGNpoYQ,transfer_4,5678,jpeg50,self,1,toronto:130,toronto:130,15.680000,36.1773
toronto_query_-8zrNMH6voa2ZtBaGNpoYQ,isotropic,9012,jpeg50,self,1,toronto:130,toronto:130,15.680000,36.1773
toronto_query_-8zrNMH6voa2ZtBaGNpoYQ,white_box,9012,jpeg50,self,1,toronto:130,toronto:130,15.680000,36.1773
toronto_query_-8zrNMH6voa2ZtBaGNpoYQ,transfer_1,9012,jpeg50,self,1,toronto:130,toronto:130,15.679998,36.1773
toronto_query_-8zrNMH6voa2ZtBaGNpoYQ,transfer_2,9012,jpeg50,self,1,toronto:130,toronto:130,15.679996,36.1773
toronto_query_-8zrNMH6voa2ZtBaGNpoYQ,transfer_3,9012,jpeg50,self,1,toronto:130,toronto:130,15.679997,36.1773
toronto_query_-8zrNMH6voa2ZtBaGNpoYQ,transfer_4,9012,jpeg50,self,1,toronto:130,toronto:130,15.679997,36.1773
zurich_query_-bwmsEYfSnHpjkqrw0Vn6g,isotropic,1234,jpeg50,self,1,zurich:27,zurich:27,15.680000,36.1773
zurich_query_-bwmsEYfSnHpjkqrw0Vn6g,white_box,1234,jpeg50,self,1,zurich:27,zurich:27,15.679997,36.1773
zurich_query_-bwmsEYfSnHpjkqrw0Vn6g,transfer_1,1234,jpeg50,self,1,zurich:27,zurich:27,15.679997,36.1773
zurich_query_-bwmsEYfSnHpjkqrw0Vn6g,transfer_2,1234,jpeg50,self,1,zurich:27,zurich:27,15.680000,36.1773
zurich_query_-bwmsEYfSnHpjkqrw0Vn6g,transfer_3,1234,jpeg50,self,1,zurich:27,zurich:27,15.680000,36.1773
zurich_query_-bwmsEYfSnHpjkqrw0Vn6g,transfer_4,1234,jpeg50,self,1,zurich:27,zurich:27,15.679997,36.1773
zurich_query_-bwmsEYfSnHpjkqrw0Vn6g,isotropic,5678,jpeg50,self,1,zurich:27,zurich:27,15.679998,36.1773
zurich_query_-bwmsEYfSnHpjkqrw0Vn6g,white_box,5678,jpeg50,self,1,zurich:27,zurich:27,15.680001,36.1773
zurich_query_-bwmsEYfSnHpjkqrw0Vn6g,transfer_1,5678,jpeg50,self,1,zurich:27,zurich:27,15.679998,36.1773
zurich_query_-bwmsEYfSnHpjkqrw0Vn6g,transfer_2,5678,jpeg50,self,1,zurich:27,zurich:27,15.679997,36.1773
zurich_query_-bwmsEYfSnHpjkqrw0Vn6g,transfer_3,5678,jpeg50,self,1,zurich:27,zurich:27,15.679997,36.1773
zurich_query_-bwmsEYfSnHpjkqrw0Vn6g,transfer_4,5678,jpeg50,self,1,zurich:27,zurich:27,15.679997,36.1773
zurich_query_-bwmsEYfSnHpjkqrw0Vn6g,isotropic,9012,jpeg50,self,1,zurich:27,zurich:27,15.679997,36.1773
zurich_query_-bwmsEYfSnHpjkqrw0Vn6g,white_box,9012,jpeg50,self,1,zurich:27,zurich:27,15.679998,36.1773
zurich_query_-bwmsEYfSnHpjkqrw0Vn6g,transfer_1,9012,jpeg50,self,1,zurich:27,zurich:27,15.680000,36.1773
zurich_query_-bwmsEYfSnHpjkqrw0Vn6g,transfer_2,9012,jpeg50,self,1,zurich:27,zurich:27,15.679997,36.1773
zurich_query_-bwmsEYfSnHpjkqrw0Vn6g,transfer_3,9012,jpeg50,self,1,zurich:27,zurich:27,15.679997,36.1773
zurich_query_-bwmsEYfSnHpjkqrw0Vn6g,transfer_4,9012,jpeg50,self,1,zurich:27,zurich:27,15.679998,36.1773
amman_query_0PLHged3iWJuuv8xOPB5rA,isotropic,1234,jpeg50,self,58,amman:18,amman:29,15.679998,36.1773
amman_query_0PLHged3iWJuuv8xOPB5rA,white_box,1234,jpeg50,self,16,amman:21,amman:29,15.679998,36.1773
amman_query_0PLHged3iWJuuv8xOPB5rA,transfer_1,1234,jpeg50,self,67,manila:87,amman:29,15.679998,36.1773
amman_query_0PLHged3iWJuuv8xOPB5rA,transfer_2,1234,jpeg50,self,54,boston:84,amman:29,15.680000,36.1773
amman_query_0PLHged3iWJuuv8xOPB5rA,transfer_3,1234,jpeg50,self,31,manila:87,amman:29,15.680000,36.1773
amman_query_0PLHged3iWJuuv8xOPB5rA,transfer_4,1234,jpeg50,self,24,boston:84,amman:29,15.679997,36.1773
amman_query_0PLHged3iWJuuv8xOPB5rA,isotropic,5678,jpeg50,self,41,amman:18,amman:29,15.680000,36.1773
amman_query_0PLHged3iWJuuv8xOPB5rA,white_box,5678,jpeg50,self,22,amman:21,amman:29,15.679997,36.1773
amman_query_0PLHged3iWJuuv8xOPB5rA,transfer_1,5678,jpeg50,self,55,manila:87,amman:29,15.679997,36.1773
amman_query_0PLHged3iWJuuv8xOPB5rA,transfer_2,5678,jpeg50,self,47,manila:87,amman:29,15.680000,36.1773
amman_query_0PLHged3iWJuuv8xOPB5rA,transfer_3,5678,jpeg50,self,45,manila:87,amman:29,15.680000,36.1773
amman_query_0PLHged3iWJuuv8xOPB5rA,transfer_4,5678,jpeg50,self,42,nairobi:7,amman:29,15.679997,36.1773
amman_query_0PLHged3iWJuuv8xOPB5rA,isotropic,9012,jpeg50,self,51,amman:18,amman:29,15.679997,36.1773
amman_query_0PLHged3iWJuuv8xOPB5rA,white_box,9012,jpeg50,self,10,amman:0,amman:29,15.680000,36.1773
amman_query_0PLHged3iWJuuv8xOPB5rA,transfer_1,9012,jpeg50,self,33,manila:87,amman:29,15.680000,36.1773
amman_query_0PLHged3iWJuuv8xOPB5rA,transfer_2,9012,jpeg50,self,38,manila:87,amman:29,15.680000,36.1773
amman_query_0PLHged3iWJuuv8xOPB5rA,transfer_3,9012,jpeg50,self,56,manila:87,amman:29,15.680000,36.1773
amman_query_0PLHged3iWJuuv8xOPB5rA,transfer_4,9012,jpeg50,self,47,manila:87,amman:29,15.679996,36.1773
boston_query_-EHBZ4-3d6vENYYFm7mWEw,isotropic,1234,jpeg50,self,1,boston:123,boston:123,15.679997,36.1773
boston_query_-EHBZ4-3d6vENYYFm7mWEw,white_box,1234,jpeg50,self,1,boston:123,boston:123,15.680000,36.1773
boston_query_-EHBZ4-3d6vENYYFm7mWEw,transfer_1,1234,jpeg50,self,1,boston:123,boston:123,15.679997,36.1773
boston_query_-EHBZ4-3d6vENYYFm7mWEw,transfer_2,1234,jpeg50,self,1,boston:123,boston:123,15.679997,36.1773
boston_query_-EHBZ4-3d6vENYYFm7mWEw,transfer_3,1234,jpeg50,self,1,boston:123,boston:123,15.679997,36.1773
boston_query_-EHBZ4-3d6vENYYFm7mWEw,transfer_4,1234,jpeg50,self,1,boston:123,boston:123,15.680001,36.1773
boston_query_-EHBZ4-3d6vENYYFm7mWEw,isotropic,5678,jpeg50,self,1,boston:123,boston:123,15.680001,36.1773
boston_query_-EHBZ4-3d6vENYYFm7mWEw,white_box,5678,jpeg50,self,1,boston:123,boston:123,15.680000,36.1773
boston_query_-EHBZ4-3d6vENYYFm7mWEw,transfer_1,5678,jpeg50,self,1,boston:123,boston:123,15.679997,36.1773
boston_query_-EHBZ4-3d6vENYYFm7mWEw,transfer_2,5678,jpeg50,self,1,boston:123,boston:123,15.679997,36.1773
boston_query_-EHBZ4-3d6vENYYFm7mWEw,transfer_3,5678,jpeg50,self,1,boston:123,boston:123,15.680000,36.1773
boston_query_-EHBZ4-3d6vENYYFm7mWEw,transfer_4,5678,jpeg50,self,1,boston:123,boston:123,15.680000,36.1773
boston_query_-EHBZ4-3d6vENYYFm7mWEw,isotropic,9012,jpeg50,self,1,boston:123,boston:123,15.679997,36.1773
boston_query_-EHBZ4-3d6vENYYFm7mWEw,white_box,9012,jpeg50,self,1,boston:123,boston:123,15.679998,36.1773
boston_query_-EHBZ4-3d6vENYYFm7mWEw,transfer_1,9012,jpeg50,self,1,boston:123,boston:123,15.680001,36.1773
boston_query_-EHBZ4-3d6vENYYFm7mWEw,transfer_2,9012,jpeg50,self,1,boston:123,boston:123,15.680000,36.1773
boston_query_-EHBZ4-3d6vENYYFm7mWEw,transfer_3,9012,jpeg50,self,1,boston:123,boston:123,15.679996,36.1773
boston_query_-EHBZ4-3d6vENYYFm7mWEw,transfer_4,9012,jpeg50,self,1,boston:123,boston:123,15.680001,36.1773
cph_query_-CrgHhqoywCPgzsSAabnsw,isotropic,1234,jpeg50,self,1,cph:464,cph:464,15.680000,36.1773
cph_query_-CrgHhqoywCPgzsSAabnsw,white_box,1234,jpeg50,self,1,cph:464,cph:464,15.680000,36.1773
cph_query_-CrgHhqoywCPgzsSAabnsw,transfer_1,1234,jpeg50,self,1,cph:464,cph:464,15.680000,36.1773
cph_query_-CrgHhqoywCPgzsSAabnsw,transfer_2,1234,jpeg50,self,1,cph:464,cph:464,15.679998,36.1773
cph_query_-CrgHhqoywCPgzsSAabnsw,transfer_3,1234,jpeg50,self,1,cph:464,cph:464,15.680001,36.1773
cph_query_-CrgHhqoywCPgzsSAabnsw,transfer_4,1234,jpeg50,self,1,cph:464,cph:464,15.679997,36.1773
cph_query_-CrgHhqoywCPgzsSAabnsw,isotropic,5678,jpeg50,self,1,cph:464,cph:464,15.680000,36.1773
cph_query_-CrgHhqoywCPgzsSAabnsw,white_box,5678,jpeg50,self,1,cph:464,cph:464,15.679997,36.1773
cph_query_-CrgHhqoywCPgzsSAabnsw,transfer_1,5678,jpeg50,self,1,cph:464,cph:464,15.680000,36.1773
cph_query_-CrgHhqoywCPgzsSAabnsw,transfer_2,5678,jpeg50,self,1,cph:464,cph:464,15.679997,36.1773
cph_query_-CrgHhqoywCPgzsSAabnsw,transfer_3,5678,jpeg50,self,1,cph:464,cph:464,15.680001,36.1773
cph_query_-CrgHhqoywCPgzsSAabnsw,transfer_4,5678,jpeg50,self,1,cph:464,cph:464,15.680000,36.1773
cph_query_-CrgHhqoywCPgzsSAabnsw,isotropic,9012,jpeg50,self,1,cph:464,cph:464,15.680000,36.1773
cph_query_-CrgHhqoywCPgzsSAabnsw,white_box,9012,jpeg50,self,1,cph:464,cph:464,15.680000,36.1773
cph_query_-CrgHhqoywCPgzsSAabnsw,transfer_1,9012,jpeg50,self,1,cph:464,cph:464,15.680000,36.1773
cph_query_-CrgHhqoywCPgzsSAabnsw,transfer_2,9012,jpeg50,self,1,cph:464,cph:464,15.680000,36.1773
cph_query_-CrgHhqoywCPgzsSAabnsw,transfer_3,9012,jpeg50,self,1,cph:464,cph:464,15.679996,36.1773
cph_query_-CrgHhqoywCPgzsSAabnsw,transfer_4,9012,jpeg50,self,1,cph:464,cph:464,15.680001,36.1773
london_query_-WyzcGh-_EYVhI50Y9F08Q,isotropic,1234,jpeg50,self,6,zurich:23,london:121,15.680000,36.1773
london_query_-WyzcGh-_EYVhI50Y9F08Q,white_box,1234,jpeg50,self,5,zurich:23,london:121,15.680000,36.1773
london_query_-WyzcGh-_EYVhI50Y9F08Q,transfer_1,1234,jpeg50,self,18,zurich:23,london:121,15.679997,36.1773
london_query_-WyzcGh-_EYVhI50Y9F08Q,transfer_2,1234,jpeg50,self,25,boston:90,london:121,15.679998,36.1773
london_query_-WyzcGh-_EYVhI50Y9F08Q,transfer_3,1234,jpeg50,self,5,toronto:346,london:121,15.679998,36.1773
london_query_-WyzcGh-_EYVhI50Y9F08Q,transfer_4,1234,jpeg50,self,3,toronto:354,london:121,15.680000,36.1773
london_query_-WyzcGh-_EYVhI50Y9F08Q,isotropic,5678,jpeg50,self,14,zurich:23,london:121,15.680000,36.1773
london_query_-WyzcGh-_EYVhI50Y9F08Q,white_box,5678,jpeg50,self,3,boston:90,london:121,15.680000,36.1773
london_query_-WyzcGh-_EYVhI50Y9F08Q,transfer_1,5678,jpeg50,self,3,zurich:23,london:121,15.679997,36.1773
london_query_-WyzcGh-_EYVhI50Y9F08Q,transfer_2,5678,jpeg50,self,4,zurich:23,london:121,15.680000,36.1773
london_query_-WyzcGh-_EYVhI50Y9F08Q,transfer_3,5678,jpeg50,self,1,london:121,london:121,15.679997,36.1773
london_query_-WyzcGh-_EYVhI50Y9F08Q,transfer_4,5678,jpeg50,self,9,zurich:23,london:121,15.680000,36.1773
london_query_-WyzcGh-_EYVhI50Y9F08Q,isotropic,9012,jpeg50,self,18,boston:99,london:121,15.680000,36.1773
london_query_-WyzcGh-_EYVhI50Y9F08Q,white_box,9012,jpeg50,self,8,cph:242,london:121,15.680001,36.1773
london_query_-WyzcGh-_EYVhI50Y9F08Q,transfer_1,9012,jpeg50,self,18,zurich:23,london:121,15.680000,36.1773
london_query_-WyzcGh-_EYVhI50Y9F08Q,transfer_2,9012,jpeg50,self,26,zurich:23,london:121,15.680000,36.1773
london_query_-WyzcGh-_EYVhI50Y9F08Q,transfer_3,9012,jpeg50,self,13,zurich:23,london:121,15.679998,36.1773
london_query_-WyzcGh-_EYVhI50Y9F08Q,transfer_4,9012,jpeg50,self,4,zurich:23,london:121,15.680001,36.1773
manila_query_-GRDcYlSjwLZPQ0LqKatqA,isotropic,1234,jpeg50,self,121,toronto:112,manila:171,15.680000,36.1773
manila_query_-GRDcYlSjwLZPQ0LqKatqA,white_box,1234,jpeg50,self,260,boston:123,manila:171,15.680000,36.1773
manila_query_-GRDcYlSjwLZPQ0LqKatqA,transfer_1,1234,jpeg50,self,73,nairobi:20,manila:171,15.680000,36.1773
manila_query_-GRDcYlSjwLZPQ0LqKatqA,transfer_2,1234,jpeg50,self,113,toronto:112,manila:171,15.680000,36.1773
manila_query_-GRDcYlSjwLZPQ0LqKatqA,transfer_3,1234,jpeg50,self,234,manila:89,manila:171,15.679997,36.1773
manila_query_-GRDcYlSjwLZPQ0LqKatqA,transfer_4,1234,jpeg50,self,53,toronto:112,manila:171,15.680000,36.1773
manila_query_-GRDcYlSjwLZPQ0LqKatqA,isotropic,5678,jpeg50,self,170,toronto:112,manila:171,15.680000,36.1773
manila_query_-GRDcYlSjwLZPQ0LqKatqA,white_box,5678,jpeg50,self,78,nairobi:20,manila:171,15.679998,36.1773
manila_query_-GRDcYlSjwLZPQ0LqKatqA,transfer_1,5678,jpeg50,self,152,toronto:112,manila:171,15.680000,36.1773
manila_query_-GRDcYlSjwLZPQ0LqKatqA,transfer_2,5678,jpeg50,self,134,toronto:112,manila:171,15.679997,36.1773
manila_query_-GRDcYlSjwLZPQ0LqKatqA,transfer_3,5678,jpeg50,self,70,toronto:112,manila:171,15.680000,36.1773
manila_query_-GRDcYlSjwLZPQ0LqKatqA,transfer_4,5678,jpeg50,self,130,toronto:112,manila:171,15.680000,36.1773
manila_query_-GRDcYlSjwLZPQ0LqKatqA,isotropic,9012,jpeg50,self,140,toronto:112,manila:171,15.679997,36.1773
manila_query_-GRDcYlSjwLZPQ0LqKatqA,white_box,9012,jpeg50,self,106,nairobi:20,manila:171,15.679998,36.1773
manila_query_-GRDcYlSjwLZPQ0LqKatqA,transfer_1,9012,jpeg50,self,202,toronto:112,manila:171,15.679998,36.1773
manila_query_-GRDcYlSjwLZPQ0LqKatqA,transfer_2,9012,jpeg50,self,184,toronto:112,manila:171,15.680000,36.1773
manila_query_-GRDcYlSjwLZPQ0LqKatqA,transfer_3,9012,jpeg50,self,153,boston:123,manila:171,15.680000,36.1773
manila_query_-GRDcYlSjwLZPQ0LqKatqA,transfer_4,9012,jpeg50,self,117,boston:123,manila:171,15.679997,36.1773
nairobi_query_0u9pYEI4g20T0TGGb3Q_mw,isotropic,1234,jpeg50,self,1,nairobi:19,nairobi:19,15.679998,36.1773
nairobi_query_0u9pYEI4g20T0TGGb3Q_mw,white_box,1234,jpeg50,self,1,nairobi:19,nairobi:19,15.679997,36.1773
nairobi_query_0u9pYEI4g20T0TGGb3Q_mw,transfer_1,1234,jpeg50,self,1,nairobi:19,nairobi:19,15.679997,36.1773
nairobi_query_0u9pYEI4g20T0TGGb3Q_mw,transfer_2,1234,jpeg50,self,1,nairobi:19,nairobi:19,15.680000,36.1773
nairobi_query_0u9pYEI4g20T0TGGb3Q_mw,transfer_3,1234,jpeg50,self,1,nairobi:19,nairobi:19,15.679997,36.1773
nairobi_query_0u9pYEI4g20T0TGGb3Q_mw,transfer_4,1234,jpeg50,self,1,nairobi:19,nairobi:19,15.680000,36.1773
nairobi_query_0u9pYEI4g20T0TGGb3Q_mw,isotropic,5678,jpeg50,self,1,nairobi:19,nairobi:19,15.679998,36.1773
nairobi_query_0u9pYEI4g20T0TGGb3Q_mw,white_box,5678,jpeg50,self,1,nairobi:19,nairobi:19,15.680000,36.1773
nairobi_query_0u9pYEI4g20T0TGGb3Q_mw,transfer_1,5678,jpeg50,self,1,nairobi:19,nairobi:19,15.679997,36.1773
nairobi_query_0u9pYEI4g20T0TGGb3Q_mw,transfer_2,5678,jpeg50,self,1,nairobi:19,nairobi:19,15.679997,36.1773
nairobi_query_0u9pYEI4g20T0TGGb3Q_mw,transfer_3,5678,jpeg50,self,1,nairobi:19,nairobi:19,15.680002,36.1773
nairobi_query_0u9pYEI4g20T0TGGb3Q_mw,transfer_4,5678,jpeg50,self,1,nairobi:19,nairobi:19,15.679998,36.1773
nairobi_query_0u9pYEI4g20T0TGGb3Q_mw,isotropic,9012,jpeg50,self,1,nairobi:19,nairobi:19,15.679997,36.1773
nairobi_query_0u9pYEI4g20T0TGGb3Q_mw,white_box,9012,jpeg50,self,1,nairobi:19,nairobi:19,15.680000,36.1773
nairobi_query_0u9pYEI4g20T0TGGb3Q_mw,transfer_1,9012,jpeg50,self,1,nairobi:19,nairobi:19,15.679997,36.1773
nairobi_query_0u9pYEI4g20T0TGGb3Q_mw,transfer_2,9012,jpeg50,self,1,nairobi:19,nairobi:19,15.680000,36.1773
nairobi_query_0u9pYEI4g20T0TGGb3Q_mw,transfer_3,9012,jpeg50,self,1,nairobi:19,nairobi:19,15.680001,36.1773
nairobi_query_0u9pYEI4g20T0TGGb3Q_mw,transfer_4,9012,jpeg50,self,1,nairobi:19,nairobi:19,15.679998,36.1773
toronto_query_-90qYles5GKU3ikhCYP3xg,isotropic,1234,jpeg50,self,1,toronto:265,toronto:265,15.679998,36.1773
toronto_query_-90qYles5GKU3ikhCYP3xg,white_box,1234,jpeg50,self,1,toronto:265,toronto:265,15.680000,36.1773
toronto_query_-90qYles5GKU3ikhCYP3xg,transfer_1,1234,jpeg50,self,1,toronto:265,toronto:265,15.679998,36.1773
toronto_query_-90qYles5GKU3ikhCYP3xg,transfer_2,1234,jpeg50,self,1,toronto:265,toronto:265,15.680000,36.1773
toronto_query_-90qYles5GKU3ikhCYP3xg,transfer_3,1234,jpeg50,self,1,toronto:265,toronto:265,15.679997,36.1773
toronto_query_-90qYles5GKU3ikhCYP3xg,transfer_4,1234,jpeg50,self,1,toronto:265,toronto:265,15.679997,36.1773
toronto_query_-90qYles5GKU3ikhCYP3xg,isotropic,5678,jpeg50,self,1,toronto:265,toronto:265,15.679998,36.1773
toronto_query_-90qYles5GKU3ikhCYP3xg,white_box,5678,jpeg50,self,1,toronto:265,toronto:265,15.679996,36.1773
toronto_query_-90qYles5GKU3ikhCYP3xg,transfer_1,5678,jpeg50,self,1,toronto:265,toronto:265,15.680000,36.1773
toronto_query_-90qYles5GKU3ikhCYP3xg,transfer_2,5678,jpeg50,self,1,toronto:265,toronto:265,15.679997,36.1773
toronto_query_-90qYles5GKU3ikhCYP3xg,transfer_3,5678,jpeg50,self,1,toronto:265,toronto:265,15.680001,36.1773
toronto_query_-90qYles5GKU3ikhCYP3xg,transfer_4,5678,jpeg50,self,1,toronto:265,toronto:265,15.679998,36.1773
toronto_query_-90qYles5GKU3ikhCYP3xg,isotropic,9012,jpeg50,self,1,toronto:265,toronto:265,15.680000,36.1773
toronto_query_-90qYles5GKU3ikhCYP3xg,white_box,9012,jpeg50,self,1,toronto:265,toronto:265,15.679996,36.1773
toronto_query_-90qYles5GKU3ikhCYP3xg,transfer_1,9012,jpeg50,self,1,toronto:265,toronto:265,15.680000,36.1773
toronto_query_-90qYles5GKU3ikhCYP3xg,transfer_2,9012,jpeg50,self,1,toronto:265,toronto:265,15.679997,36.1773
toronto_query_-90qYles5GKU3ikhCYP3xg,transfer_3,9012,jpeg50,self,1,toronto:265,toronto:265,15.680000,36.1773
toronto_query_-90qYles5GKU3ikhCYP3xg,transfer_4,9012,jpeg50,self,1,toronto:265,toronto:265,15.679997,36.1773
zurich_query_-ckZ0rXdz4mibIinNjdoZQ,isotropic,1234,jpeg50,self,2,zurich:42,zurich:19,15.679997,36.1773
zurich_query_-ckZ0rXdz4mibIinNjdoZQ,white_box,1234,jpeg50,self,1,zurich:19,zurich:19,15.680000,36.1773
zurich_query_-ckZ0rXdz4mibIinNjdoZQ,transfer_1,1234,jpeg50,self,1,zurich:19,zurich:19,15.679998,36.1773
zurich_query_-ckZ0rXdz4mibIinNjdoZQ,transfer_2,1234,jpeg50,self,1,zurich:19,zurich:19,15.679998,36.1773
zurich_query_-ckZ0rXdz4mibIinNjdoZQ,transfer_3,1234,jpeg50,self,1,zurich:19,zurich:19,15.679997,36.1773
zurich_query_-ckZ0rXdz4mibIinNjdoZQ,transfer_4,1234,jpeg50,self,1,zurich:19,zurich:19,15.679998,36.1773
zurich_query_-ckZ0rXdz4mibIinNjdoZQ,isotropic,5678,jpeg50,self,1,zurich:19,zurich:19,15.680000,36.1773
zurich_query_-ckZ0rXdz4mibIinNjdoZQ,white_box,5678,jpeg50,self,1,zurich:19,zurich:19,15.680001,36.1773
zurich_query_-ckZ0rXdz4mibIinNjdoZQ,transfer_1,5678,jpeg50,self,1,zurich:19,zurich:19,15.680001,36.1773
zurich_query_-ckZ0rXdz4mibIinNjdoZQ,transfer_2,5678,jpeg50,self,1,zurich:19,zurich:19,15.679998,36.1773
zurich_query_-ckZ0rXdz4mibIinNjdoZQ,transfer_3,5678,jpeg50,self,1,zurich:19,zurich:19,15.680000,36.1773
zurich_query_-ckZ0rXdz4mibIinNjdoZQ,transfer_4,5678,jpeg50,self,1,zurich:19,zurich:19,15.680000,36.1773
zurich_query_-ckZ0rXdz4mibIinNjdoZQ,isotropic,9012,jpeg50,self,2,zurich:42,zurich:19,15.679998,36.1773
zurich_query_-ckZ0rXdz4mibIinNjdoZQ,white_box,9012,jpeg50,self,1,zurich:19,zurich:19,15.679998,36.1773
zurich_query_-ckZ0rXdz4mibIinNjdoZQ,transfer_1,9012,jpeg50,self,2,zurich:42,zurich:19,15.679997,36.1773
zurich_query_-ckZ0rXdz4mibIinNjdoZQ,transfer_2,9012,jpeg50,self,1,zurich:19,zurich:19,15.679997,36.1773
zurich_query_-ckZ0rXdz4mibIinNjdoZQ,transfer_3,9012,jpeg50,self,1,zurich:19,zurich:19,15.680000,36.1773
zurich_query_-ckZ0rXdz4mibIinNjdoZQ,transfer_4,9012,jpeg50,self,1,zurich:19,zurich:19,15.679998,36.1773
amman_query_0R0A_PhOAjP-uMDPM7p7mA,isotropic,1234,jpeg50,self,1,amman:29,amman:29,15.679997,36.1773
amman_query_0R0A_PhOAjP-uMDPM7p7mA,white_box,1234,jpeg50,self,1,amman:29,amman:29,15.680000,36.1773
amman_query_0R0A_PhOAjP-uMDPM7p7mA,transfer_1,1234,jpeg50,self,1,amman:29,amman:29,15.679998,36.1773
amman_query_0R0A_PhOAjP-uMDPM7p7mA,transfer_2,1234,jpeg50,self,1,amman:29,amman:29,15.680000,36.1773
amman_query_0R0A_PhOAjP-uMDPM7p7mA,transfer_3,1234,jpeg50,self,1,amman:29,amman:29,15.680000,36.1773
amman_query_0R0A_PhOAjP-uMDPM7p7mA,transfer_4,1234,jpeg50,self,1,amman:29,amman:29,15.680002,36.1773
amman_query_0R0A_PhOAjP-uMDPM7p7mA,isotropic,5678,jpeg50,self,1,amman:29,amman:29,15.680000,36.1773
amman_query_0R0A_PhOAjP-uMDPM7p7mA,white_box,5678,jpeg50,self,1,amman:29,amman:29,15.679998,36.1773
amman_query_0R0A_PhOAjP-uMDPM7p7mA,transfer_1,5678,jpeg50,self,1,amman:29,amman:29,15.680000,36.1773
amman_query_0R0A_PhOAjP-uMDPM7p7mA,transfer_2,5678,jpeg50,self,1,amman:29,amman:29,15.679997,36.1773
amman_query_0R0A_PhOAjP-uMDPM7p7mA,transfer_3,5678,jpeg50,self,1,amman:29,amman:29,15.680001,36.1773
amman_query_0R0A_PhOAjP-uMDPM7p7mA,transfer_4,5678,jpeg50,self,1,amman:29,amman:29,15.680001,36.1773
amman_query_0R0A_PhOAjP-uMDPM7p7mA,isotropic,9012,jpeg50,self,1,amman:29,amman:29,15.680000,36.1773
amman_query_0R0A_PhOAjP-uMDPM7p7mA,white_box,9012,jpeg50,self,1,amman:29,amman:29,15.680000,36.1773
amman_query_0R0A_PhOAjP-uMDPM7p7mA,transfer_1,9012,jpeg50,self,1,amman:29,amman:29,15.679997,36.1773
amman_query_0R0A_PhOAjP-uMDPM7p7mA,transfer_2,9012,jpeg50,self,1,amman:29,amman:29,15.679997,36.1773
amman_query_0R0A_PhOAjP-uMDPM7p7mA,transfer_3,9012,jpeg50,self,1,amman:29,amman:29,15.680000,36.1773
amman_query_0R0A_PhOAjP-uMDPM7p7mA,transfer_4,9012,jpeg50,self,1,amman:29,amman:29,15.680001,36.1773
boston_query_-F1y-kaybMQbp8p7UR03TA,isotropic,1234,jpeg50,self,1,boston:250,boston:250,15.679998,36.1773
boston_query_-F1y-kaybMQbp8p7UR03TA,white_box,1234,jpeg50,self,1,boston:250,boston:250,15.679997,36.1773
boston_query_-F1y-kaybMQbp8p7UR03TA,transfer_1,1234,jpeg50,self,1,boston:250,boston:250,15.679998,36.1773
boston_query_-F1y-kaybMQbp8p7UR03TA,transfer_2,1234,jpeg50,self,1,boston:250,boston:250,15.680000,36.1773
boston_query_-F1y-kaybMQbp8p7UR03TA,transfer_3,1234,jpeg50,self,1,boston:250,boston:250,15.679998,36.1773
boston_query_-F1y-kaybMQbp8p7UR03TA,transfer_4,1234,jpeg50,self,1,boston:250,boston:250,15.679998,36.1773
boston_query_-F1y-kaybMQbp8p7UR03TA,isotropic,5678,jpeg50,self,1,boston:250,boston:250,15.680000,36.1773
boston_query_-F1y-kaybMQbp8p7UR03TA,white_box,5678,jpeg50,self,1,boston:250,boston:250,15.679997,36.1773
boston_query_-F1y-kaybMQbp8p7UR03TA,transfer_1,5678,jpeg50,self,1,boston:250,boston:250,15.679998,36.1773
boston_query_-F1y-kaybMQbp8p7UR03TA,transfer_2,5678,jpeg50,self,1,boston:250,boston:250,15.680002,36.1773
boston_query_-F1y-kaybMQbp8p7UR03TA,transfer_3,5678,jpeg50,self,1,boston:250,boston:250,15.680000,36.1773
boston_query_-F1y-kaybMQbp8p7UR03TA,transfer_4,5678,jpeg50,self,1,boston:250,boston:250,15.679997,36.1773
boston_query_-F1y-kaybMQbp8p7UR03TA,isotropic,9012,jpeg50,self,1,boston:250,boston:250,15.679998,36.1773
boston_query_-F1y-kaybMQbp8p7UR03TA,white_box,9012,jpeg50,self,1,boston:250,boston:250,15.680000,36.1773
boston_query_-F1y-kaybMQbp8p7UR03TA,transfer_1,9012,jpeg50,self,1,boston:250,boston:250,15.680001,36.1773
boston_query_-F1y-kaybMQbp8p7UR03TA,transfer_2,9012,jpeg50,self,1,boston:250,boston:250,15.679997,36.1773
boston_query_-F1y-kaybMQbp8p7UR03TA,transfer_3,9012,jpeg50,self,1,boston:250,boston:250,15.679998,36.1773
boston_query_-F1y-kaybMQbp8p7UR03TA,transfer_4,9012,jpeg50,self,1,boston:250,boston:250,15.680002,36.1773
cph_query_-EJZ9qR_FRIGfCF6DhQCJg,isotropic,1234,jpeg50,self,1,cph:175,cph:175,15.679998,36.1773
cph_query_-EJZ9qR_FRIGfCF6DhQCJg,white_box,1234,jpeg50,self,1,cph:175,cph:175,15.680000,36.1773
cph_query_-EJZ9qR_FRIGfCF6DhQCJg,transfer_1,1234,jpeg50,self,1,cph:175,cph:175,15.680001,36.1773
cph_query_-EJZ9qR_FRIGfCF6DhQCJg,transfer_2,1234,jpeg50,self,1,cph:175,cph:175,15.680000,36.1773
cph_query_-EJZ9qR_FRIGfCF6DhQCJg,transfer_3,1234,jpeg50,self,1,cph:175,cph:175,15.679998,36.1773
cph_query_-EJZ9qR_FRIGfCF6DhQCJg,transfer_4,1234,jpeg50,self,1,cph:175,cph:175,15.679997,36.1773
cph_query_-EJZ9qR_FRIGfCF6DhQCJg,isotropic,5678,jpeg50,self,1,cph:175,cph:175,15.679997,36.1773
cph_query_-EJZ9qR_FRIGfCF6DhQCJg,white_box,5678,jpeg50,self,1,cph:175,cph:175,15.680001,36.1773
cph_query_-EJZ9qR_FRIGfCF6DhQCJg,transfer_1,5678,jpeg50,self,1,cph:175,cph:175,15.679997,36.1773
cph_query_-EJZ9qR_FRIGfCF6DhQCJg,transfer_2,5678,jpeg50,self,1,cph:175,cph:175,15.679997,36.1773
cph_query_-EJZ9qR_FRIGfCF6DhQCJg,transfer_3,5678,jpeg50,self,1,cph:175,cph:175,15.679997,36.1773
cph_query_-EJZ9qR_FRIGfCF6DhQCJg,transfer_4,5678,jpeg50,self,1,cph:175,cph:175,15.679997,36.1773
cph_query_-EJZ9qR_FRIGfCF6DhQCJg,isotropic,9012,jpeg50,self,1,cph:175,cph:175,15.680000,36.1773
cph_query_-EJZ9qR_FRIGfCF6DhQCJg,white_box,9012,jpeg50,self,1,cph:175,cph:175,15.680000,36.1773
cph_query_-EJZ9qR_FRIGfCF6DhQCJg,transfer_1,9012,jpeg50,self,1,cph:175,cph:175,15.679998,36.1773
cph_query_-EJZ9qR_FRIGfCF6DhQCJg,transfer_2,9012,jpeg50,self,1,cph:175,cph:175,15.679997,36.1773
cph_query_-EJZ9qR_FRIGfCF6DhQCJg,transfer_3,9012,jpeg50,self,1,cph:175,cph:175,15.680001,36.1773
cph_query_-EJZ9qR_FRIGfCF6DhQCJg,transfer_4,9012,jpeg50,self,1,cph:175,cph:175,15.679997,36.1773
london_query_-XIh6yuegk86oURAbggPpw,isotropic,1234,jpeg50,self,1,london:76,london:76,15.680000,36.1773
london_query_-XIh6yuegk86oURAbggPpw,white_box,1234,jpeg50,self,1,london:76,london:76,15.680000,36.1773
london_query_-XIh6yuegk86oURAbggPpw,transfer_1,1234,jpeg50,self,1,london:76,london:76,15.679998,36.1773
london_query_-XIh6yuegk86oURAbggPpw,transfer_2,1234,jpeg50,self,1,london:76,london:76,15.679998,36.1773
london_query_-XIh6yuegk86oURAbggPpw,transfer_3,1234,jpeg50,self,1,london:76,london:76,15.680000,36.1773
london_query_-XIh6yuegk86oURAbggPpw,transfer_4,1234,jpeg50,self,1,london:76,london:76,15.679997,36.1773
london_query_-XIh6yuegk86oURAbggPpw,isotropic,5678,jpeg50,self,1,london:76,london:76,15.679998,36.1773
london_query_-XIh6yuegk86oURAbggPpw,white_box,5678,jpeg50,self,1,london:76,london:76,15.680000,36.1773
london_query_-XIh6yuegk86oURAbggPpw,transfer_1,5678,jpeg50,self,1,london:76,london:76,15.680001,36.1773
london_query_-XIh6yuegk86oURAbggPpw,transfer_2,5678,jpeg50,self,1,london:76,london:76,15.680000,36.1773
london_query_-XIh6yuegk86oURAbggPpw,transfer_3,5678,jpeg50,self,1,london:76,london:76,15.679997,36.1773
london_query_-XIh6yuegk86oURAbggPpw,transfer_4,5678,jpeg50,self,1,london:76,london:76,15.680000,36.1773
london_query_-XIh6yuegk86oURAbggPpw,isotropic,9012,jpeg50,self,1,london:76,london:76,15.680001,36.1773
london_query_-XIh6yuegk86oURAbggPpw,white_box,9012,jpeg50,self,2,london:104,london:76,15.680000,36.1773
london_query_-XIh6yuegk86oURAbggPpw,transfer_1,9012,jpeg50,self,1,london:76,london:76,15.680000,36.1773
london_query_-XIh6yuegk86oURAbggPpw,transfer_2,9012,jpeg50,self,1,london:76,london:76,15.680000,36.1773
london_query_-XIh6yuegk86oURAbggPpw,transfer_3,9012,jpeg50,self,1,london:76,london:76,15.679997,36.1773
london_query_-XIh6yuegk86oURAbggPpw,transfer_4,9012,jpeg50,self,1,london:76,london:76,15.680000,36.1773
manila_query_-GYvqZ8BYSfzGUbFI13obA,isotropic,1234,jpeg50,self,1,manila:109,manila:109,15.680000,36.1773
manila_query_-GYvqZ8BYSfzGUbFI13obA,white_box,1234,jpeg50,self,4,manila:140,manila:109,15.679997,36.1773
manila_query_-GYvqZ8BYSfzGUbFI13obA,transfer_1,1234,jpeg50,self,1,manila:109,manila:109,15.679997,36.1773
manila_query_-GYvqZ8BYSfzGUbFI13obA,transfer_2,1234,jpeg50,self,2,manila:140,manila:109,15.679997,36.1773
manila_query_-GYvqZ8BYSfzGUbFI13obA,transfer_3,1234,jpeg50,self,1,manila:109,manila:109,15.680001,36.1773
manila_query_-GYvqZ8BYSfzGUbFI13obA,transfer_4,1234,jpeg50,self,1,manila:109,manila:109,15.679997,36.1773
manila_query_-GYvqZ8BYSfzGUbFI13obA,isotropic,5678,jpeg50,self,1,manila:109,manila:109,15.680000,36.1773
manila_query_-GYvqZ8BYSfzGUbFI13obA,white_box,5678,jpeg50,self,7,manila:41,manila:109,15.680000,36.1773
manila_query_-GYvqZ8BYSfzGUbFI13obA,transfer_1,5678,jpeg50,self,1,manila:109,manila:109,15.680000,36.1773
manila_query_-GYvqZ8BYSfzGUbFI13obA,transfer_2,5678,jpeg50,self,1,manila:109,manila:109,15.679998,36.1773
manila_query_-GYvqZ8BYSfzGUbFI13obA,transfer_3,5678,jpeg50,self,1,manila:109,manila:109,15.680000,36.1773
manila_query_-GYvqZ8BYSfzGUbFI13obA,transfer_4,5678,jpeg50,self,1,manila:109,manila:109,15.679997,36.1773
manila_query_-GYvqZ8BYSfzGUbFI13obA,isotropic,9012,jpeg50,self,1,manila:109,manila:109,15.680000,36.1773
manila_query_-GYvqZ8BYSfzGUbFI13obA,white_box,9012,jpeg50,self,1,manila:109,manila:109,15.680000,36.1773
manila_query_-GYvqZ8BYSfzGUbFI13obA,transfer_1,9012,jpeg50,self,1,manila:109,manila:109,15.680000,36.1773
manila_query_-GYvqZ8BYSfzGUbFI13obA,transfer_2,9012,jpeg50,self,1,manila:109,manila:109,15.679997,36.1773
manila_query_-GYvqZ8BYSfzGUbFI13obA,transfer_3,9012,jpeg50,self,1,manila:109,manila:109,15.680000,36.1773
manila_query_-GYvqZ8BYSfzGUbFI13obA,transfer_4,9012,jpeg50,self,1,manila:109,manila:109,15.680000,36.1773
nairobi_query_16KxNH7RD-4ITdBTZKvAXw,isotropic,1234,jpeg50,self,1,nairobi:3,nairobi:3,15.679998,36.1773
nairobi_query_16KxNH7RD-4ITdBTZKvAXw,white_box,1234,jpeg50,self,1,nairobi:3,nairobi:3,15.680000,36.1773
nairobi_query_16KxNH7RD-4ITdBTZKvAXw,transfer_1,1234,jpeg50,self,1,nairobi:3,nairobi:3,15.680000,36.1773
nairobi_query_16KxNH7RD-4ITdBTZKvAXw,transfer_2,1234,jpeg50,self,1,nairobi:3,nairobi:3,15.680000,36.1773
nairobi_query_16KxNH7RD-4ITdBTZKvAXw,transfer_3,1234,jpeg50,self,1,nairobi:3,nairobi:3,15.679997,36.1773
nairobi_query_16KxNH7RD-4ITdBTZKvAXw,transfer_4,1234,jpeg50,self,1,nairobi:3,nairobi:3,15.680000,36.1773
nairobi_query_16KxNH7RD-4ITdBTZKvAXw,isotropic,5678,jpeg50,self,1,nairobi:3,nairobi:3,15.679998,36.1773
nairobi_query_16KxNH7RD-4ITdBTZKvAXw,white_box,5678,jpeg50,self,1,nairobi:3,nairobi:3,15.680000,36.1773
nairobi_query_16KxNH7RD-4ITdBTZKvAXw,transfer_1,5678,jpeg50,self,1,nairobi:3,nairobi:3,15.679998,36.1773
nairobi_query_16KxNH7RD-4ITdBTZKvAXw,transfer_2,5678,jpeg50,self,1,nairobi:3,nairobi:3,15.679997,36.1773
nairobi_query_16KxNH7RD-4ITdBTZKvAXw,transfer_3,5678,jpeg50,self,1,nairobi:3,nairobi:3,15.679997,36.1773
nairobi_query_16KxNH7RD-4ITdBTZKvAXw,transfer_4,5678,jpeg50,self,1,nairobi:3,nairobi:3,15.680000,36.1773
nairobi_query_16KxNH7RD-4ITdBTZKvAXw,isotropic,9012,jpeg50,self,1,nairobi:3,nairobi:3,15.680002,36.1773
nairobi_query_16KxNH7RD-4ITdBTZKvAXw,white_box,9012,jpeg50,self,1,nairobi:3,nairobi:3,15.679997,36.1773
nairobi_query_16KxNH7RD-4ITdBTZKvAXw,transfer_1,9012,jpeg50,self,1,nairobi:3,nairobi:3,15.679997,36.1773
nairobi_query_16KxNH7RD-4ITdBTZKvAXw,transfer_2,9012,jpeg50,self,1,nairobi:3,nairobi:3,15.679996,36.1773
nairobi_query_16KxNH7RD-4ITdBTZKvAXw,transfer_3,9012,jpeg50,self,1,nairobi:3,nairobi:3,15.680000,36.1773
nairobi_query_16KxNH7RD-4ITdBTZKvAXw,transfer_4,9012,jpeg50,self,1,nairobi:3,nairobi:3,15.680000,36.1773
toronto_query_-95Ypw11XUgNqZdY5m4GCw,isotropic,1234,jpeg50,self,1,toronto:85,toronto:85,15.679997,36.1773
toronto_query_-95Ypw11XUgNqZdY5m4GCw,white_box,1234,jpeg50,self,1,toronto:85,toronto:85,15.680001,36.1773
toronto_query_-95Ypw11XUgNqZdY5m4GCw,transfer_1,1234,jpeg50,self,1,toronto:85,toronto:85,15.680000,36.1773
toronto_query_-95Ypw11XUgNqZdY5m4GCw,transfer_2,1234,jpeg50,self,1,toronto:85,toronto:85,15.680000,36.1773
toronto_query_-95Ypw11XUgNqZdY5m4GCw,transfer_3,1234,jpeg50,self,1,toronto:85,toronto:85,15.680000,36.1773
toronto_query_-95Ypw11XUgNqZdY5m4GCw,transfer_4,1234,jpeg50,self,1,toronto:85,toronto:85,15.680001,36.1773
toronto_query_-95Ypw11XUgNqZdY5m4GCw,isotropic,5678,jpeg50,self,1,toronto:85,toronto:85,15.680002,36.1773
toronto_query_-95Ypw11XUgNqZdY5m4GCw,white_box,5678,jpeg50,self,1,toronto:85,toronto:85,15.680000,36.1773
toronto_query_-95Ypw11XUgNqZdY5m4GCw,transfer_1,5678,jpeg50,self,1,toronto:85,toronto:85,15.680000,36.1773
toronto_query_-95Ypw11XUgNqZdY5m4GCw,transfer_2,5678,jpeg50,self,1,toronto:85,toronto:85,15.680000,36.1773
toronto_query_-95Ypw11XUgNqZdY5m4GCw,transfer_3,5678,jpeg50,self,1,toronto:85,toronto:85,15.680000,36.1773
toronto_query_-95Ypw11XUgNqZdY5m4GCw,transfer_4,5678,jpeg50,self,1,toronto:85,toronto:85,15.679997,36.1773
toronto_query_-95Ypw11XUgNqZdY5m4GCw,isotropic,9012,jpeg50,self,1,toronto:85,toronto:85,15.679997,36.1773
toronto_query_-95Ypw11XUgNqZdY5m4GCw,white_box,9012,jpeg50,self,1,toronto:85,toronto:85,15.679997,36.1773
toronto_query_-95Ypw11XUgNqZdY5m4GCw,transfer_1,9012,jpeg50,self,1,toronto:85,toronto:85,15.679997,36.1773
toronto_query_-95Ypw11XUgNqZdY5m4GCw,transfer_2,9012,jpeg50,self,1,toronto:85,toronto:85,15.679997,36.1773
toronto_query_-95Ypw11XUgNqZdY5m4GCw,transfer_3,9012,jpeg50,self,1,toronto:85,toronto:85,15.679997,36.1773
toronto_query_-95Ypw11XUgNqZdY5m4GCw,transfer_4,9012,jpeg50,self,1,toronto:85,toronto:85,15.680000,36.1773
zurich_query_-fOHAPAq-KX4XPlg0JJPvg,isotropic,1234,jpeg50,self,1,zurich:96,zurich:96,15.680000,36.1773
zurich_query_-fOHAPAq-KX4XPlg0JJPvg,white_box,1234,jpeg50,self,1,zurich:96,zurich:96,15.679998,36.1773
zurich_query_-fOHAPAq-KX4XPlg0JJPvg,transfer_1,1234,jpeg50,self,2,cph:459,zurich:96,15.679997,36.1773
zurich_query_-fOHAPAq-KX4XPlg0JJPvg,transfer_2,1234,jpeg50,self,1,zurich:96,zurich:96,15.679998,36.1773
zurich_query_-fOHAPAq-KX4XPlg0JJPvg,transfer_3,1234,jpeg50,self,1,zurich:96,zurich:96,15.680000,36.1773
zurich_query_-fOHAPAq-KX4XPlg0JJPvg,transfer_4,1234,jpeg50,self,2,cph:459,zurich:96,15.680000,36.1773
zurich_query_-fOHAPAq-KX4XPlg0JJPvg,isotropic,5678,jpeg50,self,1,zurich:96,zurich:96,15.679997,36.1773
zurich_query_-fOHAPAq-KX4XPlg0JJPvg,white_box,5678,jpeg50,self,1,zurich:96,zurich:96,15.679996,36.1773
zurich_query_-fOHAPAq-KX4XPlg0JJPvg,transfer_1,5678,jpeg50,self,1,zurich:96,zurich:96,15.680000,36.1773
zurich_query_-fOHAPAq-KX4XPlg0JJPvg,transfer_2,5678,jpeg50,self,1,zurich:96,zurich:96,15.679997,36.1773
zurich_query_-fOHAPAq-KX4XPlg0JJPvg,transfer_3,5678,jpeg50,self,1,zurich:96,zurich:96,15.680000,36.1773
zurich_query_-fOHAPAq-KX4XPlg0JJPvg,transfer_4,5678,jpeg50,self,2,cph:459,zurich:96,15.680000,36.1773
zurich_query_-fOHAPAq-KX4XPlg0JJPvg,isotropic,9012,jpeg50,self,1,zurich:96,zurich:96,15.679997,36.1773
zurich_query_-fOHAPAq-KX4XPlg0JJPvg,white_box,9012,jpeg50,self,1,zurich:96,zurich:96,15.680000,36.1773
zurich_query_-fOHAPAq-KX4XPlg0JJPvg,transfer_1,9012,jpeg50,self,1,zurich:96,zurich:96,15.679998,36.1773
zurich_query_-fOHAPAq-KX4XPlg0JJPvg,transfer_2,9012,jpeg50,self,1,zurich:96,zurich:96,15.679997,36.1773
zurich_query_-fOHAPAq-KX4XPlg0JJPvg,transfer_3,9012,jpeg50,self,3,cph:459,zurich:96,15.680001,36.1773
zurich_query_-fOHAPAq-KX4XPlg0JJPvg,transfer_4,9012,jpeg50,self,2,cph:459,zurich:96,15.680000,36.1773
amman_query_0RRGZCCzxqj8dJzhN-RnQQ,isotropic,1234,jpeg50,self,123,amman:32,amman:6,15.680000,36.1773
amman_query_0RRGZCCzxqj8dJzhN-RnQQ,white_box,1234,jpeg50,self,52,manila:54,amman:6,15.680002,36.1773
amman_query_0RRGZCCzxqj8dJzhN-RnQQ,transfer_1,1234,jpeg50,self,57,manila:54,amman:6,15.679998,36.1773
amman_query_0RRGZCCzxqj8dJzhN-RnQQ,transfer_2,1234,jpeg50,self,75,amman:32,amman:6,15.680000,36.1773
amman_query_0RRGZCCzxqj8dJzhN-RnQQ,transfer_3,1234,jpeg50,self,46,manila:54,amman:6,15.680000,36.1773
amman_query_0RRGZCCzxqj8dJzhN-RnQQ,transfer_4,1234,jpeg50,self,66,toronto:274,amman:6,15.680000,36.1773
amman_query_0RRGZCCzxqj8dJzhN-RnQQ,isotropic,5678,jpeg50,self,164,amman:32,amman:6,15.679998,36.1773
amman_query_0RRGZCCzxqj8dJzhN-RnQQ,white_box,5678,jpeg50,self,36,amman:0,amman:6,15.680000,36.1773
amman_query_0RRGZCCzxqj8dJzhN-RnQQ,transfer_1,5678,jpeg50,self,69,amman:32,amman:6,15.680000,36.1773
amman_query_0RRGZCCzxqj8dJzhN-RnQQ,transfer_2,5678,jpeg50,self,56,amman:32,amman:6,15.679996,36.1773
amman_query_0RRGZCCzxqj8dJzhN-RnQQ,transfer_3,5678,jpeg50,self,64,amman:1,amman:6,15.680000,36.1773
amman_query_0RRGZCCzxqj8dJzhN-RnQQ,transfer_4,5678,jpeg50,self,49,amman:32,amman:6,15.679997,36.1773
amman_query_0RRGZCCzxqj8dJzhN-RnQQ,isotropic,9012,jpeg50,self,124,amman:32,amman:6,15.680000,36.1773
amman_query_0RRGZCCzxqj8dJzhN-RnQQ,white_box,9012,jpeg50,self,29,amman:1,amman:6,15.680000,36.1773
amman_query_0RRGZCCzxqj8dJzhN-RnQQ,transfer_1,9012,jpeg50,self,52,amman:32,amman:6,15.680000,36.1773
amman_query_0RRGZCCzxqj8dJzhN-RnQQ,transfer_2,9012,jpeg50,self,59,amman:32,amman:6,15.680001,36.1773
amman_query_0RRGZCCzxqj8dJzhN-RnQQ,transfer_3,9012,jpeg50,self,85,manila:54,amman:6,15.679998,36.1773
amman_query_0RRGZCCzxqj8dJzhN-RnQQ,transfer_4,9012,jpeg50,self,115,amman:1,amman:6,15.679997,36.1773
boston_query_-GJo3fVMwIWZoCYgf09NLQ,isotropic,1234,jpeg50,self,4,manila:173,boston:235,15.680002,36.1773
boston_query_-GJo3fVMwIWZoCYgf09NLQ,white_box,1234,jpeg50,self,8,manila:109,boston:235,15.679998,36.1773
boston_query_-GJo3fVMwIWZoCYgf09NLQ,transfer_1,1234,jpeg50,self,4,manila:173,boston:235,15.680000,36.1773
boston_query_-GJo3fVMwIWZoCYgf09NLQ,transfer_2,1234,jpeg50,self,5,manila:173,boston:235,15.679998,36.1773
boston_query_-GJo3fVMwIWZoCYgf09NLQ,transfer_3,1234,jpeg50,self,3,manila:173,boston:235,15.680001,36.1773
boston_query_-GJo3fVMwIWZoCYgf09NLQ,transfer_4,1234,jpeg50,self,2,manila:173,boston:235,15.679996,36.1773
boston_query_-GJo3fVMwIWZoCYgf09NLQ,isotropic,5678,jpeg50,self,3,manila:173,boston:235,15.679997,36.1773
boston_query_-GJo3fVMwIWZoCYgf09NLQ,white_box,5678,jpeg50,self,4,manila:173,boston:235,15.679997,36.1773
boston_query_-GJo3fVMwIWZoCYgf09NLQ,transfer_1,5678,jpeg50,self,3,manila:109,boston:235,15.679998,36.1773
boston_query_-GJo3fVMwIWZoCYgf09NLQ,transfer_2,5678,jpeg50,self,3,manila:109,boston:235,15.679998,36.1773
boston_query_-GJo3fVMwIWZoCYgf09NLQ,transfer_3,5678,jpeg50,self,4,manila:173,boston:235,15.679997,36.1773
boston_query_-GJo3fVMwIWZoCYgf09NLQ,transfer_4,5678,jpeg50,self,1,boston:235,boston:235,15.680000,36.1773
boston_query_-GJo3fVMwIWZoCYgf09NLQ,isotropic,9012,jpeg50,self,6,manila:173,boston:235,15.680000,36.1773
boston_query_-GJo3fVMwIWZoCYgf09NLQ,white_box,9012,jpeg50,self,3,manila:109,boston:235,15.679997,36.1773
boston_query_-GJo3fVMwIWZoCYgf09NLQ,transfer_1,9012,jpeg50,self,5,manila:173,boston:235,15.679998,36.1773
boston_query_-GJo3fVMwIWZoCYgf09NLQ,transfer_2,9012,jpeg50,self,4,manila:173,boston:235,15.680000,36.1773
boston_query_-GJo3fVMwIWZoCYgf09NLQ,transfer_3,9012,jpeg50,self,2,manila:109,boston:235,15.680000,36.1773
boston_query_-GJo3fVMwIWZoCYgf09NLQ,transfer_4,9012,jpeg50,self,4,manila:173,boston:235,15.679997,36.1773
cph_query_-Eb1W6216G9S88OFy95k4Q,isotropic,1234,jpeg50,self,1,cph:366,cph:366,15.679997,36.1773
cph_query_-Eb1W6216G9S88OFy95k4Q,white_box,1234,jpeg50,self,1,cph:366,cph:366,15.680000,36.1773
cph_query_-Eb1W6216G9S88OFy95k4Q,transfer_1,1234,jpeg50,self,1,cph:366,cph:366,15.680001,36.1773
cph_query_-Eb1W6216G9S88OFy95k4Q,transfer_2,1234,jpeg50,self,1,cph:366,cph:366,15.679997,36.1773
cph_query_-Eb1W6216G9S88OFy95k4Q,transfer_3,1234,jpeg50,self,1,cph:366,cph:366,15.680000,36.1773
cph_query_-Eb1W6216G9S88OFy95k4Q,transfer_4,1234,jpeg50,self,1,cph:366,cph:366,15.679997,36.1773
cph_query_-Eb1W6216G9S88OFy95k4Q,isotropic,5678,jpeg50,self,1,cph:366,cph:366,15.680000,36.1773
cph_query_-Eb1W6216G9S88OFy95k4Q,white_box,5678,jpeg50,self,1,cph:366,cph:366,15.679997,36.1773
cph_query_-Eb1W6216G9S88OFy95k4Q,transfer_1,5678,jpeg50,self,1,cph:366,cph:366,15.679997,36.1773
cph_query_-Eb1W6216G9S88OFy95k4Q,transfer_2,5678,jpeg50,self,1,cph:366,cph:366,15.680001,36.1773
cph_query_-Eb1W6216G9S88OFy95k4Q,transfer_3,5678,jpeg50,self,1,cph:366,cph:366,15.679997,36.1773
cph_query_-Eb1W6216G9S88OFy95k4Q,transfer_4,5678,jpeg50,self,1,cph:366,cph:366,15.679997,36.1773
cph_query_-Eb1W6216G9S88OFy95k4Q,isotropic,9012,jpeg50,self,1,cph:366,cph:366,15.680000,36.1773
cph_query_-Eb1W6216G9S88OFy95k4Q,white_box,9012,jpeg50,self,1,cph:366,cph:366,15.679997,36.1773
cph_query_-Eb1W6216G9S88OFy95k4Q,transfer_1,9012,jpeg50,self,1,cph:366,cph:366,15.679998,36.1773
cph_query_-Eb1W6216G9S88OFy95k4Q,transfer_2,9012,jpeg50,self,1,cph:366,cph:366,15.680000,36.1773
cph_query_-Eb1W6216G9S88OFy95k4Q,transfer_3,9012,jpeg50,self,1,cph:366,cph:366,15.679998,36.1773
cph_query_-Eb1W6216G9S88OFy95k4Q,transfer_4,9012,jpeg50,self,1,cph:366,cph:366,15.679996,36.1773
london_query_-XZRTRoj7LEefbZ7UDBzXg,isotropic,1234,jpeg50,self,8,cph:162,london:29,15.679997,36.1773
london_query_-XZRTRoj7LEefbZ7UDBzXg,white_box,1234,jpeg50,self,3,london:33,london:29,15.680000,36.1773
london_query_-XZRTRoj7LEefbZ7UDBzXg,transfer_1,1234,jpeg50,self,12,cph:162,london:29,15.679998,36.1773
london_query_-XZRTRoj7LEefbZ7UDBzXg,transfer_2,1234,jpeg50,self,15,boston:216,london:29,15.679998,36.1773
london_query_-XZRTRoj7LEefbZ7UDBzXg,transfer_3,1234,jpeg50,self,34,cph:162,london:29,15.680000,36.1773
london_query_-XZRTRoj7LEefbZ7UDBzXg,transfer_4,1234,jpeg50,self,15,toronto:121,london:29,15.679998,36.1773
london_query_-XZRTRoj7LEefbZ7UDBzXg,isotropic,5678,jpeg50,self,11,cph:162,london:29,15.680000,36.1773
london_query_-XZRTRoj7LEefbZ7UDBzXg,white_box,5678,jpeg50,self,10,cph:84,london:29,15.680002,36.1773
london_query_-XZRTRoj7LEefbZ7UDBzXg,transfer_1,5678,jpeg50,self,16,boston:216,london:29,15.680000,36.1773
london_query_-XZRTRoj7LEefbZ7UDBzXg,transfer_2,5678,jpeg50,self,15,boston:216,london:29,15.680001,36.1773
london_query_-XZRTRoj7LEefbZ7UDBzXg,transfer_3,5678,jpeg50,self,20,boston:216,london:29,15.680000,36.1773
london_query_-XZRTRoj7LEefbZ7UDBzXg,transfer_4,5678,jpeg50,self,21,boston:216,london:29,15.679996,36.1773
london_query_-XZRTRoj7LEefbZ7UDBzXg,isotropic,9012,jpeg50,self,9,boston:216,london:29,15.679997,36.1773
london_query_-XZRTRoj7LEefbZ7UDBzXg,white_box,9012,jpeg50,self,7,cph:162,london:29,15.679998,36.1773
london_query_-XZRTRoj7LEefbZ7UDBzXg,transfer_1,9012,jpeg50,self,2,boston:216,london:29,15.680000,36.1773
london_query_-XZRTRoj7LEefbZ7UDBzXg,transfer_2,9012,jpeg50,self,15,boston:216,london:29,15.680000,36.1773
london_query_-XZRTRoj7LEefbZ7UDBzXg,transfer_3,9012,jpeg50,self,5,boston:216,london:29,15.679997,36.1773
london_query_-XZRTRoj7LEefbZ7UDBzXg,transfer_4,9012,jpeg50,self,8,cph:84,london:29,15.680000,36.1773
manila_query_-HF88JWAO1GDy0F6B4ZeZg,isotropic,1234,jpeg50,self,1,manila:202,manila:202,15.679998,36.1773
manila_query_-HF88JWAO1GDy0F6B4ZeZg,white_box,1234,jpeg50,self,1,manila:202,manila:202,15.680001,36.1773
manila_query_-HF88JWAO1GDy0F6B4ZeZg,transfer_1,1234,jpeg50,self,1,manila:202,manila:202,15.679998,36.1773
manila_query_-HF88JWAO1GDy0F6B4ZeZg,transfer_2,1234,jpeg50,self,1,manila:202,manila:202,15.680000,36.1773
manila_query_-HF88JWAO1GDy0F6B4ZeZg,transfer_3,1234,jpeg50,self,1,manila:202,manila:202,15.679998,36.1773
manila_query_-HF88JWAO1GDy0F6B4ZeZg,transfer_4,1234,jpeg50,self,1,manila:202,manila:202,15.680001,36.1773
manila_query_-HF88JWAO1GDy0F6B4ZeZg,isotropic,5678,jpeg50,self,1,manila:202,manila:202,15.680000,36.1773
manila_query_-HF88JWAO1GDy0F6B4ZeZg,white_box,5678,jpeg50,self,1,manila:202,manila:202,15.679998,36.1773
manila_query_-HF88JWAO1GDy0F6B4ZeZg,transfer_1,5678,jpeg50,self,1,manila:202,manila:202,15.679998,36.1773
manila_query_-HF88JWAO1GDy0F6B4ZeZg,transfer_2,5678,jpeg50,self,1,manila:202,manila:202,15.680000,36.1773
manila_query_-HF88JWAO1GDy0F6B4ZeZg,transfer_3,5678,jpeg50,self,1,manila:202,manila:202,15.679998,36.1773
manila_query_-HF88JWAO1GDy0F6B4ZeZg,transfer_4,5678,jpeg50,self,1,manila:202,manila:202,15.680002,36.1773
manila_query_-HF88JWAO1GDy0F6B4ZeZg,isotropic,9012,jpeg50,self,1,manila:202,manila:202,15.679997,36.1773
manila_query_-HF88JWAO1GDy0F6B4ZeZg,white_box,9012,jpeg50,self,1,manila:202,manila:202,15.679997,36.1773
manila_query_-HF88JWAO1GDy0F6B4ZeZg,transfer_1,9012,jpeg50,self,1,manila:202,manila:202,15.680000,36.1773
manila_query_-HF88JWAO1GDy0F6B4ZeZg,transfer_2,9012,jpeg50,self,1,manila:202,manila:202,15.680000,36.1773
manila_query_-HF88JWAO1GDy0F6B4ZeZg,transfer_3,9012,jpeg50,self,1,manila:202,manila:202,15.679997,36.1773
manila_query_-HF88JWAO1GDy0F6B4ZeZg,transfer_4,9012,jpeg50,self,1,manila:202,manila:202,15.679998,36.1773
nairobi_query_183WoPTmmjfRAAmVLL6TDw,isotropic,1234,jpeg50,self,1,nairobi:1,nairobi:1,15.680000,36.1773
nairobi_query_183WoPTmmjfRAAmVLL6TDw,white_box,1234,jpeg50,self,1,nairobi:1,nairobi:1,15.680000,36.1773
nairobi_query_183WoPTmmjfRAAmVLL6TDw,transfer_1,1234,jpeg50,self,1,nairobi:1,nairobi:1,15.679998,36.1773
nairobi_query_183WoPTmmjfRAAmVLL6TDw,transfer_2,1234,jpeg50,self,1,nairobi:1,nairobi:1,15.680000,36.1773
nairobi_query_183WoPTmmjfRAAmVLL6TDw,transfer_3,1234,jpeg50,self,1,nairobi:1,nairobi:1,15.680000,36.1773
nairobi_query_183WoPTmmjfRAAmVLL6TDw,transfer_4,1234,jpeg50,self,1,nairobi:1,nairobi:1,15.680000,36.1773
nairobi_query_183WoPTmmjfRAAmVLL6TDw,isotropic,5678,jpeg50,self,1,nairobi:1,nairobi:1,15.679998,36.1773
nairobi_query_183WoPTmmjfRAAmVLL6TDw,white_box,5678,jpeg50,self,1,nairobi:1,nairobi:1,15.679997,36.1773
nairobi_query_183WoPTmmjfRAAmVLL6TDw,transfer_1,5678,jpeg50,self,1,nairobi:1,nairobi:1,15.679997,36.1773
nairobi_query_183WoPTmmjfRAAmVLL6TDw,transfer_2,5678,jpeg50,self,1,nairobi:1,nairobi:1,15.680000,36.1773
nairobi_query_183WoPTmmjfRAAmVLL6TDw,transfer_3,5678,jpeg50,self,1,nairobi:1,nairobi:1,15.680000,36.1773
nairobi_query_183WoPTmmjfRAAmVLL6TDw,transfer_4,5678,jpeg50,self,1,nairobi:1,nairobi:1,15.680001,36.1773
nairobi_query_183WoPTmmjfRAAmVLL6TDw,isotropic,9012,jpeg50,self,1,nairobi:1,nairobi:1,15.679998,36.1773
nairobi_query_183WoPTmmjfRAAmVLL6TDw,white_box,9012,jpeg50,self,1,nairobi:1,nairobi:1,15.679997,36.1773
nairobi_query_183WoPTmmjfRAAmVLL6TDw,transfer_1,9012,jpeg50,self,1,nairobi:1,nairobi:1,15.680000,36.1773
nairobi_query_183WoPTmmjfRAAmVLL6TDw,transfer_2,9012,jpeg50,self,1,nairobi:1,nairobi:1,15.679997,36.1773
nairobi_query_183WoPTmmjfRAAmVLL6TDw,transfer_3,9012,jpeg50,self,1,nairobi:1,nairobi:1,15.679998,36.1773
nairobi_query_183WoPTmmjfRAAmVLL6TDw,transfer_4,9012,jpeg50,self,1,nairobi:1,nairobi:1,15.680000,36.1773
toronto_query_-9p2_cESNINnXfab4o-dKQ,isotropic,1234,jpeg50,self,1,toronto:121,toronto:121,15.679998,36.1773
toronto_query_-9p2_cESNINnXfab4o-dKQ,white_box,1234,jpeg50,self,1,toronto:121,toronto:121,15.680000,36.1773
toronto_query_-9p2_cESNINnXfab4o-dKQ,transfer_1,1234,jpeg50,self,1,toronto:121,toronto:121,15.680000,36.1773
toronto_query_-9p2_cESNINnXfab4o-dKQ,transfer_2,1234,jpeg50,self,1,toronto:121,toronto:121,15.680001,36.1773
toronto_query_-9p2_cESNINnXfab4o-dKQ,transfer_3,1234,jpeg50,self,1,toronto:121,toronto:121,15.680001,36.1773
toronto_query_-9p2_cESNINnXfab4o-dKQ,transfer_4,1234,jpeg50,self,1,toronto:121,toronto:121,15.680000,36.1773
toronto_query_-9p2_cESNINnXfab4o-dKQ,isotropic,5678,jpeg50,self,1,toronto:121,toronto:121,15.680000,36.1773
toronto_query_-9p2_cESNINnXfab4o-dKQ,white_box,5678,jpeg50,self,2,toronto:112,toronto:121,15.680000,36.1773
toronto_query_-9p2_cESNINnXfab4o-dKQ,transfer_1,5678,jpeg50,self,1,toronto:121,toronto:121,15.679998,36.1773
toronto_query_-9p2_cESNINnXfab4o-dKQ,transfer_2,5678,jpeg50,self,1,toronto:121,toronto:121,15.680000,36.1773
toronto_query_-9p2_cESNINnXfab4o-dKQ,transfer_3,5678,jpeg50,self,1,toronto:121,toronto:121,15.679997,36.1773
toronto_query_-9p2_cESNINnXfab4o-dKQ,transfer_4,5678,jpeg50,self,1,toronto:121,toronto:121,15.679998,36.1773
toronto_query_-9p2_cESNINnXfab4o-dKQ,isotropic,9012,jpeg50,self,1,toronto:121,toronto:121,15.679997,36.1773
toronto_query_-9p2_cESNINnXfab4o-dKQ,white_box,9012,jpeg50,self,1,toronto:121,toronto:121,15.680000,36.1773
toronto_query_-9p2_cESNINnXfab4o-dKQ,transfer_1,9012,jpeg50,self,1,toronto:121,toronto:121,15.680000,36.1773
toronto_query_-9p2_cESNINnXfab4o-dKQ,transfer_2,9012,jpeg50,self,1,toronto:121,toronto:121,15.680000,36.1773
toronto_query_-9p2_cESNINnXfab4o-dKQ,transfer_3,9012,jpeg50,self,1,toronto:121,toronto:121,15.679998,36.1773
toronto_query_-9p2_cESNINnXfab4o-dKQ,transfer_4,9012,jpeg50,self,1,toronto:121,toronto:121,15.680001,36.1773
zurich_query_-iln48QPRjkI40nJSzd6lg,isotropic,1234,jpeg50,self,1,zurich:109,zurich:109,15.680000,36.1773
zurich_query_-iln48QPRjkI40nJSzd6lg,white_box,1234,jpeg50,self,1,zurich:109,zurich:109,15.680000,36.1773
zurich_query_-iln48QPRjkI40nJSzd6lg,transfer_1,1234,jpeg50,self,1,zurich:109,zurich:109,15.680001,36.1773
zurich_query_-iln48QPRjkI40nJSzd6lg,transfer_2,1234,jpeg50,self,1,zurich:109,zurich:109,15.680001,36.1773
zurich_query_-iln48QPRjkI40nJSzd6lg,transfer_3,1234,jpeg50,self,1,zurich:109,zurich:109,15.679997,36.1773
zurich_query_-iln48QPRjkI40nJSzd6lg,transfer_4,1234,jpeg50,self,1,zurich:109,zurich:109,15.680000,36.1773
zurich_query_-iln48QPRjkI40nJSzd6lg,isotropic,5678,jpeg50,self,1,zurich:109,zurich:109,15.679997,36.1773
zurich_query_-iln48QPRjkI40nJSzd6lg,white_box,5678,jpeg50,self,1,zurich:109,zurich:109,15.679996,36.1773
zurich_query_-iln48QPRjkI40nJSzd6lg,transfer_1,5678,jpeg50,self,1,zurich:109,zurich:109,15.680002,36.1773
zurich_query_-iln48QPRjkI40nJSzd6lg,transfer_2,5678,jpeg50,self,1,zurich:109,zurich:109,15.679996,36.1773
zurich_query_-iln48QPRjkI40nJSzd6lg,transfer_3,5678,jpeg50,self,1,zurich:109,zurich:109,15.679997,36.1773
zurich_query_-iln48QPRjkI40nJSzd6lg,transfer_4,5678,jpeg50,self,1,zurich:109,zurich:109,15.680001,36.1773
zurich_query_-iln48QPRjkI40nJSzd6lg,isotropic,9012,jpeg50,self,1,zurich:109,zurich:109,15.680000,36.1773
zurich_query_-iln48QPRjkI40nJSzd6lg,white_box,9012,jpeg50,self,1,zurich:109,zurich:109,15.680000,36.1773
zurich_query_-iln48QPRjkI40nJSzd6lg,transfer_1,9012,jpeg50,self,1,zurich:109,zurich:109,15.679997,36.1773
zurich_query_-iln48QPRjkI40nJSzd6lg,transfer_2,9012,jpeg50,self,1,zurich:109,zurich:109,15.679997,36.1773
zurich_query_-iln48QPRjkI40nJSzd6lg,transfer_3,9012,jpeg50,self,1,zurich:109,zurich:109,15.680001,36.1773
zurich_query_-iln48QPRjkI40nJSzd6lg,transfer_4,9012,jpeg50,self,1,zurich:109,zurich:109,15.679997,36.1773
amman_query_0fPb7in-cHyh0MAM_N6Zwg,isotropic,1234,jpeg50,self,1,amman:13,amman:13,15.679998,36.1773
amman_query_0fPb7in-cHyh0MAM_N6Zwg,white_box,1234,jpeg50,self,1,amman:13,amman:13,15.680001,36.1773
amman_query_0fPb7in-cHyh0MAM_N6Zwg,transfer_1,1234,jpeg50,self,1,amman:13,amman:13,15.679997,36.1773
amman_query_0fPb7in-cHyh0MAM_N6Zwg,transfer_2,1234,jpeg50,self,1,amman:13,amman:13,15.680000,36.1773
amman_query_0fPb7in-cHyh0MAM_N6Zwg,transfer_3,1234,jpeg50,self,1,amman:13,amman:13,15.680001,36.1773
amman_query_0fPb7in-cHyh0MAM_N6Zwg,transfer_4,1234,jpeg50,self,1,amman:13,amman:13,15.680001,36.1773
amman_query_0fPb7in-cHyh0MAM_N6Zwg,isotropic,5678,jpeg50,self,1,amman:13,amman:13,15.679998,36.1773
amman_query_0fPb7in-cHyh0MAM_N6Zwg,white_box,5678,jpeg50,self,1,amman:13,amman:13,15.679997,36.1773
amman_query_0fPb7in-cHyh0MAM_N6Zwg,transfer_1,5678,jpeg50,self,1,amman:13,amman:13,15.679998,36.1773
amman_query_0fPb7in-cHyh0MAM_N6Zwg,transfer_2,5678,jpeg50,self,1,amman:13,amman:13,15.679997,36.1773
amman_query_0fPb7in-cHyh0MAM_N6Zwg,transfer_3,5678,jpeg50,self,1,amman:13,amman:13,15.680001,36.1773
amman_query_0fPb7in-cHyh0MAM_N6Zwg,transfer_4,5678,jpeg50,self,1,amman:13,amman:13,15.680000,36.1773
amman_query_0fPb7in-cHyh0MAM_N6Zwg,isotropic,9012,jpeg50,self,1,amman:13,amman:13,15.679998,36.1773
amman_query_0fPb7in-cHyh0MAM_N6Zwg,white_box,9012,jpeg50,self,1,amman:13,amman:13,15.679998,36.1773
amman_query_0fPb7in-cHyh0MAM_N6Zwg,transfer_1,9012,jpeg50,self,1,amman:13,amman:13,15.680000,36.1773
amman_query_0fPb7in-cHyh0MAM_N6Zwg,transfer_2,9012,jpeg50,self,1,amman:13,amman:13,15.680000,36.1773
amman_query_0fPb7in-cHyh0MAM_N6Zwg,transfer_3,9012,jpeg50,self,1,amman:13,amman:13,15.679997,36.1773
amman_query_0fPb7in-cHyh0MAM_N6Zwg,transfer_4,9012,jpeg50,self,1,amman:13,amman:13,15.679998,36.1773
boston_query_-HufF4iDO00S4hZK96hUyw,isotropic,1234,jpeg50,self,1,boston:145,boston:145,15.680000,36.1773
boston_query_-HufF4iDO00S4hZK96hUyw,white_box,1234,jpeg50,self,1,boston:145,boston:145,15.680001,36.1773
boston_query_-HufF4iDO00S4hZK96hUyw,transfer_1,1234,jpeg50,self,1,boston:145,boston:145,15.679996,36.1773
boston_query_-HufF4iDO00S4hZK96hUyw,transfer_2,1234,jpeg50,self,1,boston:145,boston:145,15.680000,36.1773
boston_query_-HufF4iDO00S4hZK96hUyw,transfer_3,1234,jpeg50,self,1,boston:145,boston:145,15.679997,36.1773
boston_query_-HufF4iDO00S4hZK96hUyw,transfer_4,1234,jpeg50,self,1,boston:145,boston:145,15.680001,36.1773
boston_query_-HufF4iDO00S4hZK96hUyw,isotropic,5678,jpeg50,self,1,boston:145,boston:145,15.680000,36.1773
boston_query_-HufF4iDO00S4hZK96hUyw,white_box,5678,jpeg50,self,1,boston:145,boston:145,15.680000,36.1773
boston_query_-HufF4iDO00S4hZK96hUyw,transfer_1,5678,jpeg50,self,1,boston:145,boston:145,15.679998,36.1773
boston_query_-HufF4iDO00S4hZK96hUyw,transfer_2,5678,jpeg50,self,1,boston:145,boston:145,15.679997,36.1773
boston_query_-HufF4iDO00S4hZK96hUyw,transfer_3,5678,jpeg50,self,1,boston:145,boston:145,15.680000,36.1773
boston_query_-HufF4iDO00S4hZK96hUyw,transfer_4,5678,jpeg50,self,1,boston:145,boston:145,15.679998,36.1773
boston_query_-HufF4iDO00S4hZK96hUyw,isotropic,9012,jpeg50,self,1,boston:145,boston:145,15.680000,36.1773
boston_query_-HufF4iDO00S4hZK96hUyw,white_box,9012,jpeg50,self,1,boston:145,boston:145,15.680000,36.1773
boston_query_-HufF4iDO00S4hZK96hUyw,transfer_1,9012,jpeg50,self,1,boston:145,boston:145,15.680000,36.1773
boston_query_-HufF4iDO00S4hZK96hUyw,transfer_2,9012,jpeg50,self,1,boston:145,boston:145,15.679997,36.1773
boston_query_-HufF4iDO00S4hZK96hUyw,transfer_3,9012,jpeg50,self,1,boston:145,boston:145,15.680000,36.1773
boston_query_-HufF4iDO00S4hZK96hUyw,transfer_4,9012,jpeg50,self,1,boston:145,boston:145,15.680001,36.1773
cph_query_-Efn_mUBXLqGWGzUw3Youw,isotropic,1234,jpeg50,self,1,cph:460,cph:460,15.679997,36.1773
cph_query_-Efn_mUBXLqGWGzUw3Youw,white_box,1234,jpeg50,self,2,cph:96,cph:460,15.679997,36.1773
cph_query_-Efn_mUBXLqGWGzUw3Youw,transfer_1,1234,jpeg50,self,1,cph:460,cph:460,15.680000,36.1773
cph_query_-Efn_mUBXLqGWGzUw3Youw,transfer_2,1234,jpeg50,self,2,cph:96,cph:460,15.680001,36.1773
cph_query_-Efn_mUBXLqGWGzUw3Youw,transfer_3,1234,jpeg50,self,1,cph:460,cph:460,15.679998,36.1773
cph_query_-Efn_mUBXLqGWGzUw3Youw,transfer_4,1234,jpeg50,self,1,cph:460,cph:460,15.680001,36.1773
cph_query_-Efn_mUBXLqGWGzUw3Youw,isotropic,5678,jpeg50,self,1,cph:460,cph:460,15.680000,36.1773
cph_query_-Efn_mUBXLqGWGzUw3Youw,white_box,5678,jpeg50,self,1,cph:460,cph:460,15.680000,36.1773
cph_query_-Efn_mUBXLqGWGzUw3Youw,transfer_1,5678,jpeg50,self,1,cph:460,cph:460,15.679997,36.1773
cph_query_-Efn_mUBXLqGWGzUw3Youw,transfer_2,5678,jpeg50,self,1,cph:460,cph:460,15.679997,36.1773
cph_query_-Efn_mUBXLqGWGzUw3Youw,transfer_3,5678,jpeg50,self,1,cph:460,cph:460,15.679997,36.1773
cph_query_-Efn_mUBXLqGWGzUw3Youw,transfer_4,5678,jpeg50,self,1,cph:460,cph:460,15.679997,36.1773
cph_query_-Efn_mUBXLqGWGzUw3Youw,isotropic,9012,jpeg50,self,1,cph:460,cph:460,15.679998,36.1773
cph_query_-Efn_mUBXLqGWGzUw3Youw,white_box,9012,jpeg50,self,1,cph:460,cph:460,15.680000,36.1773
cph_query_-Efn_mUBXLqGWGzUw3Youw,transfer_1,9012,jpeg50,self,1,cph:460,cph:460,15.680000,36.1773
cph_query_-Efn_mUBXLqGWGzUw3Youw,transfer_2,9012,jpeg50,self,1,cph:460,cph:460,15.679997,36.1773
cph_query_-Efn_mUBXLqGWGzUw3Youw,transfer_3,9012,jpeg50,self,1,cph:460,cph:460,15.680000,36.1773
cph_query_-Efn_mUBXLqGWGzUw3Youw,transfer_4,9012,jpeg50,self,1,cph:460,cph:460,15.679998,36.1773
london_query_-b5BCVv9Qd6OhZGxpoqS5A,isotropic,1234,jpeg50,self,1,london:84,london:84,15.679997,36.1773
london_query_-b5BCVv9Qd6OhZGxpoqS5A,white_box,1234,jpeg50,self,1,london:84,london:84,15.680000,36.1773
london_query_-b5BCVv9Qd6OhZGxpoqS5A,transfer_1,1234,jpeg50,self,1,london:84,london:84,15.680000,36.1773
london_query_-b5BCVv9Qd6OhZGxpoqS5A,transfer_2,1234,jpeg50,self,1,london:84,london:84,15.679998,36.1773
london_query_-b5BCVv9Qd6OhZGxpoqS5A,transfer_3,1234,jpeg50,self,1,london:84,london:84,15.679998,36.1773
london_query_-b5BCVv9Qd6OhZGxpoqS5A,transfer_4,1234,jpeg50,self,1,london:84,london:84,15.679998,36.1773
london_query_-b5BCVv9Qd6OhZGxpoqS5A,isotropic,5678,jpeg50,self,1,london:84,london:84,15.680000,36.1773
london_query_-b5BCVv9Qd6OhZGxpoqS5A,white_box,5678,jpeg50,self,1,london:84,london:84,15.679997,36.1773
london_query_-b5BCVv9Qd6OhZGxpoqS5A,transfer_1,5678,jpeg50,self,1,london:84,london:84,15.679997,36.1773
london_query_-b5BCVv9Qd6OhZGxpoqS5A,transfer_2,5678,jpeg50,self,1,london:84,london:84,15.680000,36.1773
london_query_-b5BCVv9Qd6OhZGxpoqS5A,transfer_3,5678,jpeg50,self,1,london:84,london:84,15.679998,36.1773
london_query_-b5BCVv9Qd6OhZGxpoqS5A,transfer_4,5678,jpeg50,self,1,london:84,london:84,15.679998,36.1773
london_query_-b5BCVv9Qd6OhZGxpoqS5A,isotropic,9012,jpeg50,self,1,london:84,london:84,15.680002,36.1773
london_query_-b5BCVv9Qd6OhZGxpoqS5A,white_box,9012,jpeg50,self,1,london:84,london:84,15.679997,36.1773
london_query_-b5BCVv9Qd6OhZGxpoqS5A,transfer_1,9012,jpeg50,self,1,london:84,london:84,15.680000,36.1773
london_query_-b5BCVv9Qd6OhZGxpoqS5A,transfer_2,9012,jpeg50,self,1,london:84,london:84,15.679997,36.1773
london_query_-b5BCVv9Qd6OhZGxpoqS5A,transfer_3,9012,jpeg50,self,1,london:84,london:84,15.679998,36.1773
london_query_-b5BCVv9Qd6OhZGxpoqS5A,transfer_4,9012,jpeg50,self,1,london:84,london:84,15.680000,36.1773
manila_query_-KU1q5fdqSI_GghxKumbeg,isotropic,1234,jpeg50,self,1,manila:67,manila:67,15.679997,36.1773
manila_query_-KU1q5fdqSI_GghxKumbeg,white_box,1234,jpeg50,self,1,manila:67,manila:67,15.679998,36.1773
manila_query_-KU1q5fdqSI_GghxKumbeg,transfer_1,1234,jpeg50,self,1,manila:67,manila:67,15.680000,36.1773
manila_query_-KU1q5fdqSI_GghxKumbeg,transfer_2,1234,jpeg50,self,1,manila:67,manila:67,15.680002,36.1773
manila_query_-KU1q5fdqSI_GghxKumbeg,transfer_3,1234,jpeg50,self,1,manila:67,manila:67,15.680000,36.1773
manila_query_-KU1q5fdqSI_GghxKumbeg,transfer_4,1234,jpeg50,self,1,manila:67,manila:67,15.680000,36.1773
manila_query_-KU1q5fdqSI_GghxKumbeg,isotropic,5678,jpeg50,self,1,manila:67,manila:67,15.680000,36.1773
manila_query_-KU1q5fdqSI_GghxKumbeg,white_box,5678,jpeg50,self,1,manila:67,manila:67,15.680000,36.1773
manila_query_-KU1q5fdqSI_GghxKumbeg,transfer_1,5678,jpeg50,self,1,manila:67,manila:67,15.679997,36.1773
manila_query_-KU1q5fdqSI_GghxKumbeg,transfer_2,5678,jpeg50,self,1,manila:67,manila:67,15.680000,36.1773
manila_query_-KU1q5fdqSI_GghxKumbeg,transfer_3,5678,jpeg50,self,1,manila:67,manila:67,15.679997,36.1773
manila_query_-KU1q5fdqSI_GghxKumbeg,transfer_4,5678,jpeg50,self,1,manila:67,manila:67,15.680000,36.1773
manila_query_-KU1q5fdqSI_GghxKumbeg,isotropic,9012,jpeg50,self,1,manila:67,manila:67,15.680002,36.1773
manila_query_-KU1q5fdqSI_GghxKumbeg,white_box,9012,jpeg50,self,1,manila:67,manila:67,15.679997,36.1773
manila_query_-KU1q5fdqSI_GghxKumbeg,transfer_1,9012,jpeg50,self,1,manila:67,manila:67,15.680000,36.1773
manila_query_-KU1q5fdqSI_GghxKumbeg,transfer_2,9012,jpeg50,self,1,manila:67,manila:67,15.679998,36.1773
manila_query_-KU1q5fdqSI_GghxKumbeg,transfer_3,9012,jpeg50,self,1,manila:67,manila:67,15.680000,36.1773
manila_query_-KU1q5fdqSI_GghxKumbeg,transfer_4,9012,jpeg50,self,1,manila:67,manila:67,15.679997,36.1773
nairobi_query_19K8RILgg4ErFKJ9l5D9zQ,isotropic,1234,jpeg50,self,4,nairobi:9,nairobi:10,15.680000,36.1773
nairobi_query_19K8RILgg4ErFKJ9l5D9zQ,white_box,1234,jpeg50,self,46,nairobi:8,nairobi:10,15.679997,36.1773
nairobi_query_19K8RILgg4ErFKJ9l5D9zQ,transfer_1,1234,jpeg50,self,9,nairobi:9,nairobi:10,15.680000,36.1773
nairobi_query_19K8RILgg4ErFKJ9l5D9zQ,transfer_2,1234,jpeg50,self,3,nairobi:9,nairobi:10,15.679998,36.1773
nairobi_query_19K8RILgg4ErFKJ9l5D9zQ,transfer_3,1234,jpeg50,self,18,nairobi:9,nairobi:10,15.679997,36.1773
nairobi_query_19K8RILgg4ErFKJ9l5D9zQ,transfer_4,1234,jpeg50,self,10,nairobi:5,nairobi:10,15.679998,36.1773
nairobi_query_19K8RILgg4ErFKJ9l5D9zQ,isotropic,5678,jpeg50,self,4,nairobi:9,nairobi:10,15.680000,36.1773
nairobi_query_19K8RILgg4ErFKJ9l5D9zQ,white_box,5678,jpeg50,self,18,nairobi:12,nairobi:10,15.679997,36.1773
nairobi_query_19K8RILgg4ErFKJ9l5D9zQ,transfer_1,5678,jpeg50,self,3,nairobi:5,nairobi:10,15.679998,36.1773
nairobi_query_19K8RILgg4ErFKJ9l5D9zQ,transfer_2,5678,jpeg50,self,7,nairobi:9,nairobi:10,15.679998,36.1773
nairobi_query_19K8RILgg4ErFKJ9l5D9zQ,transfer_3,5678,jpeg50,self,5,nairobi:5,nairobi:10,15.679997,36.1773
nairobi_query_19K8RILgg4ErFKJ9l5D9zQ,transfer_4,5678,jpeg50,self,3,nairobi:5,nairobi:10,15.680001,36.1773
nairobi_query_19K8RILgg4ErFKJ9l5D9zQ,isotropic,9012,jpeg50,self,4,nairobi:9,nairobi:10,15.679997,36.1773
nairobi_query_19K8RILgg4ErFKJ9l5D9zQ,white_box,9012,jpeg50,self,21,nairobi:9,nairobi:10,15.680000,36.1773
nairobi_query_19K8RILgg4ErFKJ9l5D9zQ,transfer_1,9012,jpeg50,self,5,nairobi:5,nairobi:10,15.680000,36.1773
nairobi_query_19K8RILgg4ErFKJ9l5D9zQ,transfer_2,9012,jpeg50,self,4,nairobi:8,nairobi:10,15.680000,36.1773
nairobi_query_19K8RILgg4ErFKJ9l5D9zQ,transfer_3,9012,jpeg50,self,1,nairobi:10,nairobi:10,15.679997,36.1773
nairobi_query_19K8RILgg4ErFKJ9l5D9zQ,transfer_4,9012,jpeg50,self,11,nairobi:5,nairobi:10,15.680001,36.1773
toronto_query_-Af6Q3npKjccLu7TwYvlsQ,isotropic,1234,jpeg50,self,1,toronto:197,toronto:197,15.680000,36.1773
toronto_query_-Af6Q3npKjccLu7TwYvlsQ,white_box,1234,jpeg50,self,1,toronto:197,toronto:197,15.680000,36.1773
toronto_query_-Af6Q3npKjccLu7TwYvlsQ,transfer_1,1234,jpeg50,self,1,toronto:197,toronto:197,15.680000,36.1773
toronto_query_-Af6Q3npKjccLu7TwYvlsQ,transfer_2,1234,jpeg50,self,1,toronto:197,toronto:197,15.680001,36.1773
toronto_query_-Af6Q3npKjccLu7TwYvlsQ,transfer_3,1234,jpeg50,self,1,toronto:197,toronto:197,15.680000,36.1773
toronto_query_-Af6Q3npKjccLu7TwYvlsQ,transfer_4,1234,jpeg50,self,1,toronto:197,toronto:197,15.679998,36.1773
toronto_query_-Af6Q3npKjccLu7TwYvlsQ,isotropic,5678,jpeg50,self,1,toronto:197,toronto:197,15.680000,36.1773
toronto_query_-Af6Q3npKjccLu7TwYvlsQ,white_box,5678,jpeg50,self,1,toronto:197,toronto:197,15.680000,36.1773
toronto_query_-Af6Q3npKjccLu7TwYvlsQ,transfer_1,5678,jpeg50,self,1,toronto:197,toronto:197,15.679997,36.1773
toronto_query_-Af6Q3npKjccLu7TwYvlsQ,transfer_2,5678,jpeg50,self,1,toronto:197,toronto:197,15.679998,36.1773
toronto_query_-Af6Q3npKjccLu7TwYvlsQ,transfer_3,5678,jpeg50,self,1,toronto:197,toronto:197,15.680000,36.1773
toronto_query_-Af6Q3npKjccLu7TwYvlsQ,transfer_4,5678,jpeg50,self,1,toronto:197,toronto:197,15.679997,36.1773
toronto_query_-Af6Q3npKjccLu7TwYvlsQ,isotropic,9012,jpeg50,self,1,toronto:197,toronto:197,15.679998,36.1773
toronto_query_-Af6Q3npKjccLu7TwYvlsQ,white_box,9012,jpeg50,self,1,toronto:197,toronto:197,15.679997,36.1773
toronto_query_-Af6Q3npKjccLu7TwYvlsQ,transfer_1,9012,jpeg50,self,1,toronto:197,toronto:197,15.680000,36.1773
toronto_query_-Af6Q3npKjccLu7TwYvlsQ,transfer_2,9012,jpeg50,self,1,toronto:197,toronto:197,15.680000,36.1773
toronto_query_-Af6Q3npKjccLu7TwYvlsQ,transfer_3,9012,jpeg50,self,1,toronto:197,toronto:197,15.679997,36.1773
toronto_query_-Af6Q3npKjccLu7TwYvlsQ,transfer_4,9012,jpeg50,self,1,toronto:197,toronto:197,15.680001,36.1773
zurich_query_-ldtR3_I7eHdDGYU5BNczg,isotropic,1234,jpeg50,self,1,zurich:105,zurich:105,15.680001,36.1773
zurich_query_-ldtR3_I7eHdDGYU5BNczg,white_box,1234,jpeg50,self,1,zurich:105,zurich:105,15.679997,36.1773
zurich_query_-ldtR3_I7eHdDGYU5BNczg,transfer_1,1234,jpeg50,self,1,zurich:105,zurich:105,15.679997,36.1773
zurich_query_-ldtR3_I7eHdDGYU5BNczg,transfer_2,1234,jpeg50,self,1,zurich:105,zurich:105,15.679997,36.1773
zurich_query_-ldtR3_I7eHdDGYU5BNczg,transfer_3,1234,jpeg50,self,1,zurich:105,zurich:105,15.680001,36.1773
zurich_query_-ldtR3_I7eHdDGYU5BNczg,transfer_4,1234,jpeg50,self,1,zurich:105,zurich:105,15.679996,36.1773
zurich_query_-ldtR3_I7eHdDGYU5BNczg,isotropic,5678,jpeg50,self,1,zurich:105,zurich:105,15.680000,36.1773
zurich_query_-ldtR3_I7eHdDGYU5BNczg,white_box,5678,jpeg50,self,1,zurich:105,zurich:105,15.680000,36.1773
zurich_query_-ldtR3_I7eHdDGYU5BNczg,transfer_1,5678,jpeg50,self,1,zurich:105,zurich:105,15.679997,36.1773
zurich_query_-ldtR3_I7eHdDGYU5BNczg,transfer_2,5678,jpeg50,self,1,zurich:105,zurich:105,15.679997,36.1773
zurich_query_-ldtR3_I7eHdDGYU5BNczg,transfer_3,5678,jpeg50,self,1,zurich:105,zurich:105,15.680000,36.1773
zurich_query_-ldtR3_I7eHdDGYU5BNczg,transfer_4,5678,jpeg50,self,1,zurich:105,zurich:105,15.680002,36.1773
zurich_query_-ldtR3_I7eHdDGYU5BNczg,isotropic,9012,jpeg50,self,1,zurich:105,zurich:105,15.680000,36.1773
zurich_query_-ldtR3_I7eHdDGYU5BNczg,white_box,9012,jpeg50,self,1,zurich:105,zurich:105,15.680000,36.1773
zurich_query_-ldtR3_I7eHdDGYU5BNczg,transfer_1,9012,jpeg50,self,1,zurich:105,zurich:105,15.679997,36.1773
zurich_query_-ldtR3_I7eHdDGYU5BNczg,transfer_2,9012,jpeg50,self,1,zurich:105,zurich:105,15.679997,36.1773
zurich_query_-ldtR3_I7eHdDGYU5BNczg,transfer_3,9012,jpeg50,self,1,zurich:105,zurich:105,15.680000,36.1773
zurich_query_-ldtR3_I7eHdDGYU5BNczg,transfer_4,9012,jpeg50,self,1,zurich:105,zurich:105,15.679997,36.1773
amman_query_0mtodUgJmOV4UK-0AiTGHg,isotropic,1234,jpeg50,self,1,amman:26,amman:26,15.680000,36.1773
amman_query_0mtodUgJmOV4UK-0AiTGHg,white_box,1234,jpeg50,self,1,amman:26,amman:26,15.680000,36.1773
amman_query_0mtodUgJmOV4UK-0AiTGHg,transfer_1,1234,jpeg50,self,1,amman:26,amman:26,15.680000,36.1773
amman_query_0mtodUgJmOV4UK-0AiTGHg,transfer_2,1234,jpeg50,self,1,amman:26,amman:26,15.680000,36.1773
amman_query_0mtodUgJmOV4UK-0AiTGHg,transfer_3,1234,jpeg50,self,1,amman:26,amman:26,15.679997,36.1773
amman_query_0mtodUgJmOV4UK-0AiTGHg,transfer_4,1234,jpeg50,self,1,amman:26,amman:26,15.680000,36.1773
amman_query_0mtodUgJmOV4UK-0AiTGHg,isotropic,5678,jpeg50,self,1,amman:26,amman:26,15.680000,36.1773
amman_query_0mtodUgJmOV4UK-0AiTGHg,white_box,5678,jpeg50,self,1,amman:26,amman:26,15.679998,36.1773
amman_query_0mtodUgJmOV4UK-0AiTGHg,transfer_1,5678,jpeg50,self,1,amman:26,amman:26,15.679998,36.1773
amman_query_0mtodUgJmOV4UK-0AiTGHg,transfer_2,5678,jpeg50,self,1,amman:26,amman:26,15.679997,36.1773
amman_query_0mtodUgJmOV4UK-0AiTGHg,transfer_3,5678,jpeg50,self,1,amman:26,amman:26,15.680000,36.1773
amman_query_0mtodUgJmOV4UK-0AiTGHg,transfer_4,5678,jpeg50,self,1,amman:26,amman:26,15.680000,36.1773
amman_query_0mtodUgJmOV4UK-0AiTGHg,isotropic,9012,jpeg50,self,1,amman:26,amman:26,15.679997,36.1773
amman_query_0mtodUgJmOV4UK-0AiTGHg,white_box,9012,jpeg50,self,1,amman:26,amman:26,15.679997,36.1773
amman_query_0mtodUgJmOV4UK-0AiTGHg,transfer_1,9012,jpeg50,self,1,amman:26,amman:26,15.680000,36.1773
amman_query_0mtodUgJmOV4UK-0AiTGHg,transfer_2,9012,jpeg50,self,1,amman:26,amman:26,15.679997,36.1773
amman_query_0mtodUgJmOV4UK-0AiTGHg,transfer_3,9012,jpeg50,self,1,amman:26,amman:26,15.680001,36.1773
amman_query_0mtodUgJmOV4UK-0AiTGHg,transfer_4,9012,jpeg50,self,1,amman:26,amman:26,15.680000,36.1773
boston_query_-IYAXZ4yoOS7SzEIu2m-me,isotropic,1234,jpeg50,self,315,manila:54,boston:98,15.679998,36.1773
boston_query_-IYAXZ4yoOS7SzEIu2m-me,white_box,1234,jpeg50,self,294,amman:37,boston:98,15.680001,36.1773
boston_query_-IYAXZ4yoOS7SzEIu2m-me,transfer_1,1234,jpeg50,self,227,amman:37,boston:98,15.679997,36.1773
boston_query_-IYAXZ4yoOS7SzEIu2m-me,transfer_2,1234,jpeg50,self,261,manila:54,boston:98,15.680000,36.1773
boston_query_-IYAXZ4yoOS7SzEIu2m-me,transfer_3,1234,jpeg50,self,690,amman:37,boston:98,15.680000,36.1773
boston_query_-IYAXZ4yoOS7SzEIu2m-me,transfer_4,1234,jpeg50,self,436,manila:171,boston:98,15.680000,36.1773
boston_query_-IYAXZ4yoOS7SzEIu2m-me,isotropic,5678,jpeg50,self,691,manila:54,boston:98,15.679998,36.1773
boston_query_-IYAXZ4yoOS7SzEIu2m-me,white_box,5678,jpeg50,self,236,amman:37,boston:98,15.680000,36.1773
boston_query_-IYAXZ4yoOS7SzEIu2m-me,transfer_1,5678,jpeg50,self,623,manila:54,boston:98,15.679997,36.1773
boston_query_-IYAXZ4yoOS7SzEIu2m-me,transfer_2,5678,jpeg50,self,623,amman:37,boston:98,15.680000,36.1773
boston_query_-IYAXZ4yoOS7SzEIu2m-me,transfer_3,5678,jpeg50,self,397,manila:54,boston:98,15.680000,36.1773
boston_query_-IYAXZ4yoOS7SzEIu2m-me,transfer_4,5678,jpeg50,self,430,manila:171,boston:98,15.680000,36.1773
boston_query_-IYAXZ4yoOS7SzEIu2m-me,isotropic,9012,jpeg50,self,165,manila:54,boston:98,15.680000,36.1773
boston_query_-IYAXZ4yoOS7SzEIu2m-me,white_box,9012,jpeg50,self,459,amman:37,boston:98,15.679998,36.1773
boston_query_-IYAXZ4yoOS7SzEIu2m-me,transfer_1,9012,jpeg50,self,225,manila:54,boston:98,15.680000,36.1773
boston_query_-IYAXZ4yoOS7SzEIu2m-me,transfer_2,9012,jpeg50,self,438,manila:54,boston:98,15.680001,36.1773
boston_query_-IYAXZ4yoOS7SzEIu2m-me,transfer_3,9012,jpeg50,self,358,amman:37,boston:98,15.680000,36.1773
boston_query_-IYAXZ4yoOS7SzEIu2m-me,transfer_4,9012,jpeg50,self,559,amman:37,boston:98,15.679998,36.1773
cph_query_-F5w8wQO0CU26PCfOqANzA,isotropic,1234,jpeg50,self,1,cph:370,cph:370,15.680000,36.1773
cph_query_-F5w8wQO0CU26PCfOqANzA,white_box,1234,jpeg50,self,2,cph:54,cph:370,15.679996,36.1773
cph_query_-F5w8wQO0CU26PCfOqANzA,transfer_1,1234,jpeg50,self,1,cph:370,cph:370,15.680000,36.1773
cph_query_-F5w8wQO0CU26PCfOqANzA,transfer_2,1234,jpeg50,self,1,cph:370,cph:370,15.679997,36.1773
cph_query_-F5w8wQO0CU26PCfOqANzA,transfer_3,1234,jpeg50,self,1,cph:370,cph:370,15.679997,36.1773
cph_query_-F5w8wQO0CU26PCfOqANzA,transfer_4,1234,jpeg50,self,1,cph:370,cph:370,15.679998,36.1773
cph_query_-F5w8wQO0CU26PCfOqANzA,isotropic,5678,jpeg50,self,1,cph:370,cph:370,15.680001,36.1773
cph_query_-F5w8wQO0CU26PCfOqANzA,white_box,5678,jpeg50,self,1,cph:370,cph:370,15.679997,36.1773
cph_query_-F5w8wQO0CU26PCfOqANzA,transfer_1,5678,jpeg50,self,1,cph:370,cph:370,15.679998,36.1773
cph_query_-F5w8wQO0CU26PCfOqANzA,transfer_2,5678,jpeg50,self,1,cph:370,cph:370,15.680000,36.1773
cph_query_-F5w8wQO0CU26PCfOqANzA,transfer_3,5678,jpeg50,self,1,cph:370,cph:370,15.680000,36.1773
cph_query_-F5w8wQO0CU26PCfOqANzA,transfer_4,5678,jpeg50,self,1,cph:370,cph:370,15.680000,36.1773
cph_query_-F5w8wQO0CU26PCfOqANzA,isotropic,9012,jpeg50,self,1,cph:370,cph:370,15.679998,36.1773
cph_query_-F5w8wQO0CU26PCfOqANzA,white_box,9012,jpeg50,self,1,cph:370,cph:370,15.680000,36.1773
cph_query_-F5w8wQO0CU26PCfOqANzA,transfer_1,9012,jpeg50,self,1,cph:370,cph:370,15.680000,36.1773
cph_query_-F5w8wQO0CU26PCfOqANzA,transfer_2,9012,jpeg50,self,1,cph:370,cph:370,15.679998,36.1773
cph_query_-F5w8wQO0CU26PCfOqANzA,transfer_3,9012,jpeg50,self,1,cph:370,cph:370,15.680000,36.1773
cph_query_-F5w8wQO0CU26PCfOqANzA,transfer_4,9012,jpeg50,self,1,cph:370,cph:370,15.680001,36.1773
london_query_-c-T7aulp9a5g-J9zYbYiQ,isotropic,1234,jpeg50,self,1,london:51,london:51,15.680001,36.1773
london_query_-c-T7aulp9a5g-J9zYbYiQ,white_box,1234,jpeg50,self,1,london:51,london:51,15.680000,36.1773
london_query_-c-T7aulp9a5g-J9zYbYiQ,transfer_1,1234,jpeg50,self,1,london:51,london:51,15.680001,36.1773
london_query_-c-T7aulp9a5g-J9zYbYiQ,transfer_2,1234,jpeg50,self,1,london:51,london:51,15.679997,36.1773
london_query_-c-T7aulp9a5g-J9zYbYiQ,transfer_3,1234,jpeg50,self,1,london:51,london:51,15.680001,36.1773
london_query_-c-T7aulp9a5g-J9zYbYiQ,transfer_4,1234,jpeg50,self,1,london:51,london:51,15.680001,36.1773
london_query_-c-T7aulp9a5g-J9zYbYiQ,isotropic,5678,jpeg50,self,1,london:51,london:51,15.679996,36.1773
london_query_-c-T7aulp9a5g-J9zYbYiQ,white_box,5678,jpeg50,self,2,london:85,london:51,15.680002,36.1773
london_query_-c-T7aulp9a5g-J9zYbYiQ,transfer_1,5678,jpeg50,self,1,london:51,london:51,15.680000,36.1773
london_query_-c-T7aulp9a5g-J9zYbYiQ,transfer_2,5678,jpeg50,self,1,london:51,london:51,15.680000,36.1773
london_query_-c-T7aulp9a5g-J9zYbYiQ,transfer_3,5678,jpeg50,self,1,london:51,london:51,15.679998,36.1773
london_query_-c-T7aulp9a5g-J9zYbYiQ,transfer_4,5678,jpeg50,self,1,london:51,london:51,15.679997,36.1773
london_query_-c-T7aulp9a5g-J9zYbYiQ,isotropic,9012,jpeg50,self,1,london:51,london:51,15.679998,36.1773
london_query_-c-T7aulp9a5g-J9zYbYiQ,white_box,9012,jpeg50,self,1,london:51,london:51,15.679997,36.1773
london_query_-c-T7aulp9a5g-J9zYbYiQ,transfer_1,9012,jpeg50,self,1,london:51,london:51,15.680000,36.1773
london_query_-c-T7aulp9a5g-J9zYbYiQ,transfer_2,9012,jpeg50,self,1,london:51,london:51,15.679997,36.1773
london_query_-c-T7aulp9a5g-J9zYbYiQ,transfer_3,9012,jpeg50,self,1,london:51,london:51,15.680001,36.1773
london_query_-c-T7aulp9a5g-J9zYbYiQ,transfer_4,9012,jpeg50,self,1,london:51,london:51,15.680000,36.1773
manila_query_-KoSUCrB2w1FscwO9vyRlw,isotropic,1234,jpeg50,self,1,manila:31,manila:31,15.680000,36.1773
manila_query_-KoSUCrB2w1FscwO9vyRlw,white_box,1234,jpeg50,self,1,manila:31,manila:31,15.679998,36.1773
manila_query_-KoSUCrB2w1FscwO9vyRlw,transfer_1,1234,jpeg50,self,1,manila:31,manila:31,15.679997,36.1773
manila_query_-KoSUCrB2w1FscwO9vyRlw,transfer_2,1234,jpeg50,self,1,manila:31,manila:31,15.679997,36.1773
manila_query_-KoSUCrB2w1FscwO9vyRlw,transfer_3,1234,jpeg50,self,1,manila:31,manila:31,15.679997,36.1773
manila_query_-KoSUCrB2w1FscwO9vyRlw,transfer_4,1234,jpeg50,self,1,manila:31,manila:31,15.680000,36.1773
manila_query_-KoSUCrB2w1FscwO9vyRlw,isotropic,5678,jpeg50,self,1,manila:31,manila:31,15.680000,36.1773
manila_query_-KoSUCrB2w1FscwO9vyRlw,white_box,5678,jpeg50,self,1,manila:31,manila:31,15.680001,36.1773
manila_query_-KoSUCrB2w1FscwO9vyRlw,transfer_1,5678,jpeg50,self,1,manila:31,manila:31,15.680001,36.1773
manila_query_-KoSUCrB2w1FscwO9vyRlw,transfer_2,5678,jpeg50,self,1,manila:31,manila:31,15.680000,36.1773
manila_query_-KoSUCrB2w1FscwO9vyRlw,transfer_3,5678,jpeg50,self,1,manila:31,manila:31,15.680000,36.1773
manila_query_-KoSUCrB2w1FscwO9vyRlw,transfer_4,5678,jpeg50,self,1,manila:31,manila:31,15.680000,36.1773
manila_query_-KoSUCrB2w1FscwO9vyRlw,isotropic,9012,jpeg50,self,1,manila:31,manila:31,15.680000,36.1773
manila_query_-KoSUCrB2w1FscwO9vyRlw,white_box,9012,jpeg50,self,1,manila:31,manila:31,15.680000,36.1773
manila_query_-KoSUCrB2w1FscwO9vyRlw,transfer_1,9012,jpeg50,self,1,manila:31,manila:31,15.679997,36.1773
manila_query_-KoSUCrB2w1FscwO9vyRlw,transfer_2,9012,jpeg50,self,1,manila:31,manila:31,15.680000,36.1773
manila_query_-KoSUCrB2w1FscwO9vyRlw,transfer_3,9012,jpeg50,self,1,manila:31,manila:31,15.680000,36.1773
manila_query_-KoSUCrB2w1FscwO9vyRlw,transfer_4,9012,jpeg50,self,1,manila:31,manila:31,15.679998,36.1773
nairobi_query_1J7o8IGEriKnTs-ay8aPNQ,isotropic,1234,jpeg50,self,1,nairobi:3,nairobi:3,15.679997,36.1773
nairobi_query_1J7o8IGEriKnTs-ay8aPNQ,white_box,1234,jpeg50,self,1,nairobi:3,nairobi:3,15.679997,36.1773
nairobi_query_1J7o8IGEriKnTs-ay8aPNQ,transfer_1,1234,jpeg50,self,1,nairobi:3,nairobi:3,15.680000,36.1773
nairobi_query_1J7o8IGEriKnTs-ay8aPNQ,transfer_2,1234,jpeg50,self,1,nairobi:3,nairobi:3,15.679998,36.1773
nairobi_query_1J7o8IGEriKnTs-ay8aPNQ,transfer_3,1234,jpeg50,self,1,nairobi:3,nairobi:3,15.679997,36.1773
nairobi_query_1J7o8IGEriKnTs-ay8aPNQ,transfer_4,1234,jpeg50,self,1,nairobi:3,nairobi:3,15.679997,36.1773
nairobi_query_1J7o8IGEriKnTs-ay8aPNQ,isotropic,5678,jpeg50,self,1,nairobi:3,nairobi:3,15.679996,36.1773
nairobi_query_1J7o8IGEriKnTs-ay8aPNQ,white_box,5678,jpeg50,self,1,nairobi:3,nairobi:3,15.679998,36.1773
nairobi_query_1J7o8IGEriKnTs-ay8aPNQ,transfer_1,5678,jpeg50,self,1,nairobi:3,nairobi:3,15.680000,36.1773
nairobi_query_1J7o8IGEriKnTs-ay8aPNQ,transfer_2,5678,jpeg50,self,1,nairobi:3,nairobi:3,15.679997,36.1773
nairobi_query_1J7o8IGEriKnTs-ay8aPNQ,transfer_3,5678,jpeg50,self,1,nairobi:3,nairobi:3,15.680000,36.1773
nairobi_query_1J7o8IGEriKnTs-ay8aPNQ,transfer_4,5678,jpeg50,self,1,nairobi:3,nairobi:3,15.680000,36.1773
nairobi_query_1J7o8IGEriKnTs-ay8aPNQ,isotropic,9012,jpeg50,self,1,nairobi:3,nairobi:3,15.680001,36.1773
nairobi_query_1J7o8IGEriKnTs-ay8aPNQ,white_box,9012,jpeg50,self,1,nairobi:3,nairobi:3,15.680000,36.1773
nairobi_query_1J7o8IGEriKnTs-ay8aPNQ,transfer_1,9012,jpeg50,self,1,nairobi:3,nairobi:3,15.679997,36.1773
nairobi_query_1J7o8IGEriKnTs-ay8aPNQ,transfer_2,9012,jpeg50,self,1,nairobi:3,nairobi:3,15.680000,36.1773
nairobi_query_1J7o8IGEriKnTs-ay8aPNQ,transfer_3,9012,jpeg50,self,1,nairobi:3,nairobi:3,15.680000,36.1773
nairobi_query_1J7o8IGEriKnTs-ay8aPNQ,transfer_4,9012,jpeg50,self,1,nairobi:3,nairobi:3,15.679997,36.1773
toronto_query_-AlgHQUWzDPe9bpb8ZAzSA,isotropic,1234,jpeg50,self,1,toronto:171,toronto:171,15.680000,36.1773
toronto_query_-AlgHQUWzDPe9bpb8ZAzSA,white_box,1234,jpeg50,self,2,toronto:200,toronto:171,15.679998,36.1773
toronto_query_-AlgHQUWzDPe9bpb8ZAzSA,transfer_1,1234,jpeg50,self,1,toronto:171,toronto:171,15.679997,36.1773
toronto_query_-AlgHQUWzDPe9bpb8ZAzSA,transfer_2,1234,jpeg50,self,1,toronto:171,toronto:171,15.679998,36.1773
toronto_query_-AlgHQUWzDPe9bpb8ZAzSA,transfer_3,1234,jpeg50,self,1,toronto:171,toronto:171,15.679998,36.1773
toronto_query_-AlgHQUWzDPe9bpb8ZAzSA,transfer_4,1234,jpeg50,self,1,toronto:171,toronto:171,15.680000,36.1773
toronto_query_-AlgHQUWzDPe9bpb8ZAzSA,isotropic,5678,jpeg50,self,1,toronto:171,toronto:171,15.680000,36.1773
toronto_query_-AlgHQUWzDPe9bpb8ZAzSA,white_box,5678,jpeg50,self,2,toronto:200,toronto:171,15.680000,36.1773
toronto_query_-AlgHQUWzDPe9bpb8ZAzSA,transfer_1,5678,jpeg50,self,1,toronto:171,toronto:171,15.679997,36.1773
toronto_query_-AlgHQUWzDPe9bpb8ZAzSA,transfer_2,5678,jpeg50,self,1,toronto:171,toronto:171,15.679997,36.1773
toronto_query_-AlgHQUWzDPe9bpb8ZAzSA,transfer_3,5678,jpeg50,self,1,toronto:171,toronto:171,15.680000,36.1773
toronto_query_-AlgHQUWzDPe9bpb8ZAzSA,transfer_4,5678,jpeg50,self,1,toronto:171,toronto:171,15.679998,36.1773
toronto_query_-AlgHQUWzDPe9bpb8ZAzSA,isotropic,9012,jpeg50,self,1,toronto:171,toronto:171,15.679997,36.1773
toronto_query_-AlgHQUWzDPe9bpb8ZAzSA,white_box,9012,jpeg50,self,1,toronto:171,toronto:171,15.680000,36.1773
toronto_query_-AlgHQUWzDPe9bpb8ZAzSA,transfer_1,9012,jpeg50,self,1,toronto:171,toronto:171,15.680000,36.1773
toronto_query_-AlgHQUWzDPe9bpb8ZAzSA,transfer_2,9012,jpeg50,self,1,toronto:171,toronto:171,15.679997,36.1773
toronto_query_-AlgHQUWzDPe9bpb8ZAzSA,transfer_3,9012,jpeg50,self,3,cph:96,toronto:171,15.680000,36.1773
toronto_query_-AlgHQUWzDPe9bpb8ZAzSA,transfer_4,9012,jpeg50,self,1,toronto:171,toronto:171,15.679997,36.1773
zurich_query_-m5K41q4X0r8qu_XnaYlIg,isotropic,1234,jpeg50,self,1,zurich:14,zurich:14,15.680002,36.1773
zurich_query_-m5K41q4X0r8qu_XnaYlIg,white_box,1234,jpeg50,self,1,zurich:14,zurich:14,15.679998,36.1773
zurich_query_-m5K41q4X0r8qu_XnaYlIg,transfer_1,1234,jpeg50,self,1,zurich:14,zurich:14,15.680000,36.1773
zurich_query_-m5K41q4X0r8qu_XnaYlIg,transfer_2,1234,jpeg50,self,1,zurich:14,zurich:14,15.679997,36.1773
zurich_query_-m5K41q4X0r8qu_XnaYlIg,transfer_3,1234,jpeg50,self,1,zurich:14,zurich:14,15.680000,36.1773
zurich_query_-m5K41q4X0r8qu_XnaYlIg,transfer_4,1234,jpeg50,self,1,zurich:14,zurich:14,15.679997,36.1773
zurich_query_-m5K41q4X0r8qu_XnaYlIg,isotropic,5678,jpeg50,self,1,zurich:14,zurich:14,15.680001,36.1773
zurich_query_-m5K41q4X0r8qu_XnaYlIg,white_box,5678,jpeg50,self,1,zurich:14,zurich:14,15.680001,36.1773
zurich_query_-m5K41q4X0r8qu_XnaYlIg,transfer_1,5678,jpeg50,self,1,zurich:14,zurich:14,15.679997,36.1773
zurich_query_-m5K41q4X0r8qu_XnaYlIg,transfer_2,5678,jpeg50,self,1,zurich:14,zurich:14,15.680000,36.1773
zurich_query_-m5K41q4X0r8qu_XnaYlIg,transfer_3,5678,jpeg50,self,1,zurich:14,zurich:14,15.679998,36.1773
zurich_query_-m5K41q4X0r8qu_XnaYlIg,transfer_4,5678,jpeg50,self,1,zurich:14,zurich:14,15.680000,36.1773
zurich_query_-m5K41q4X0r8qu_XnaYlIg,isotropic,9012,jpeg50,self,1,zurich:14,zurich:14,15.680000,36.1773
zurich_query_-m5K41q4X0r8qu_XnaYlIg,white_box,9012,jpeg50,self,1,zurich:14,zurich:14,15.680000,36.1773
zurich_query_-m5K41q4X0r8qu_XnaYlIg,transfer_1,9012,jpeg50,self,1,zurich:14,zurich:14,15.680000,36.1773
zurich_query_-m5K41q4X0r8qu_XnaYlIg,transfer_2,9012,jpeg50,self,1,zurich:14,zurich:14,15.679997,36.1773
zurich_query_-m5K41q4X0r8qu_XnaYlIg,transfer_3,9012,jpeg50,self,1,zurich:14,zurich:14,15.680000,36.1773
zurich_query_-m5K41q4X0r8qu_XnaYlIg,transfer_4,9012,jpeg50,self,1,zurich:14,zurich:14,15.680002,36.1773
amman_query_0rJM3ZzX3JzTTpl0GCia8w,isotropic,1234,jpeg50,self,60,amman:37,amman:36,15.680000,36.1773
amman_query_0rJM3ZzX3JzTTpl0GCia8w,white_box,1234,jpeg50,self,147,amman:37,amman:36,15.679998,36.1773
amman_query_0rJM3ZzX3JzTTpl0GCia8w,transfer_1,1234,jpeg50,self,161,amman:37,amman:36,15.680000,36.1773
amman_query_0rJM3ZzX3JzTTpl0GCia8w,transfer_2,1234,jpeg50,self,257,amman:37,amman:36,15.680000,36.1773
amman_query_0rJM3ZzX3JzTTpl0GCia8w,transfer_3,1234,jpeg50,self,77,amman:37,amman:36,15.680000,36.1773
amman_query_0rJM3ZzX3JzTTpl0GCia8w,transfer_4,1234,jpeg50,self,45,amman:37,amman:36,15.679997,36.1773
amman_query_0rJM3ZzX3JzTTpl0GCia8w,isotropic,5678,jpeg50,self,56,amman:37,amman:36,15.680000,36.1773
amman_query_0rJM3ZzX3JzTTpl0GCia8w,white_box,5678,jpeg50,self,160,amman:37,amman:36,15.679998,36.1773
amman_query_0rJM3ZzX3JzTTpl0GCia8w,transfer_1,5678,jpeg50,self,239,amman:37,amman:36,15.679998,36.1773
amman_query_0rJM3ZzX3JzTTpl0GCia8w,transfer_2,5678,jpeg50,self,24,amman:37,amman:36,15.680000,36.1773
amman_query_0rJM3ZzX3JzTTpl0GCia8w,transfer_3,5678,jpeg50,self,79,amman:37,amman:36,15.680000,36.1773
amman_query_0rJM3ZzX3JzTTpl0GCia8w,transfer_4,5678,jpeg50,self,79,amman:37,amman:36,15.679998,36.1773
amman_query_0rJM3ZzX3JzTTpl0GCia8w,isotropic,9012,jpeg50,self,67,amman:37,amman:36,15.679998,36.1773
amman_query_0rJM3ZzX3JzTTpl0GCia8w,white_box,9012,jpeg50,self,83,amman:37,amman:36,15.679998,36.1773
amman_query_0rJM3ZzX3JzTTpl0GCia8w,transfer_1,9012,jpeg50,self,158,amman:37,amman:36,15.680000,36.1773
amman_query_0rJM3ZzX3JzTTpl0GCia8w,transfer_2,9012,jpeg50,self,139,amman:37,amman:36,15.679997,36.1773
amman_query_0rJM3ZzX3JzTTpl0GCia8w,transfer_3,9012,jpeg50,self,93,amman:37,amman:36,15.680000,36.1773
amman_query_0rJM3ZzX3JzTTpl0GCia8w,transfer_4,9012,jpeg50,self,156,amman:37,amman:36,15.680001,36.1773
boston_query_-Jix8HM-vXTXdWrXQwVvQw,isotropic,1234,jpeg50,self,1,boston:123,boston:123,15.680000,36.1773
boston_query_-Jix8HM-vXTXdWrXQwVvQw,white_box,1234,jpeg50,self,1,boston:123,boston:123,15.680002,36.1773
boston_query_-Jix8HM-vXTXdWrXQwVvQw,transfer_1,1234,jpeg50,self,1,boston:123,boston:123,15.679997,36.1773
boston_query_-Jix8HM-vXTXdWrXQwVvQw,transfer_2,1234,jpeg50,self,1,boston:123,boston:123,15.680001,36.1773
boston_query_-Jix8HM-vXTXdWrXQwVvQw,transfer_3,1234,jpeg50,self,1,boston:123,boston:123,15.680000,36.1773
boston_query_-Jix8HM-vXTXdWrXQwVvQw,transfer_4,1234,jpeg50,self,1,boston:123,boston:123,15.679997,36.1773
boston_query_-Jix8HM-vXTXdWrXQwVvQw,isotropic,5678,jpeg50,self,1,boston:123,boston:123,15.680000,36.1773
boston_query_-Jix8HM-vXTXdWrXQwVvQw,white_box,5678,jpeg50,self,1,boston:123,boston:123,15.680001,36.1773
boston_query_-Jix8HM-vXTXdWrXQwVvQw,transfer_1,5678,jpeg50,self,1,boston:123,boston:123,15.679997,36.1773
boston_query_-Jix8HM-vXTXdWrXQwVvQw,transfer_2,5678,jpeg50,self,1,boston:123,boston:123,15.680000,36.1773
boston_query_-Jix8HM-vXTXdWrXQwVvQw,transfer_3,5678,jpeg50,self,1,boston:123,boston:123,15.679997,36.1773
boston_query_-Jix8HM-vXTXdWrXQwVvQw,transfer_4,5678,jpeg50,self,1,boston:123,boston:123,15.679997,36.1773
boston_query_-Jix8HM-vXTXdWrXQwVvQw,isotropic,9012,jpeg50,self,1,boston:123,boston:123,15.679997,36.1773
boston_query_-Jix8HM-vXTXdWrXQwVvQw,white_box,9012,jpeg50,self,1,boston:123,boston:123,15.680000,36.1773
boston_query_-Jix8HM-vXTXdWrXQwVvQw,transfer_1,9012,jpeg50,self,1,boston:123,boston:123,15.680000,36.1773
boston_query_-Jix8HM-vXTXdWrXQwVvQw,transfer_2,9012,jpeg50,self,1,boston:123,boston:123,15.679997,36.1773
boston_query_-Jix8HM-vXTXdWrXQwVvQw,transfer_3,9012,jpeg50,self,1,boston:123,boston:123,15.679997,36.1773
boston_query_-Jix8HM-vXTXdWrXQwVvQw,transfer_4,9012,jpeg50,self,1,boston:123,boston:123,15.680001,36.1773
cph_query_-FLAkBWjfrY2RcqaQ-LgmQ,isotropic,1234,jpeg50,self,1,cph:261,cph:261,15.679998,36.1773
cph_query_-FLAkBWjfrY2RcqaQ-LgmQ,white_box,1234,jpeg50,self,1,cph:261,cph:261,15.679998,36.1773
cph_query_-FLAkBWjfrY2RcqaQ-LgmQ,transfer_1,1234,jpeg50,self,1,cph:261,cph:261,15.680000,36.1773
cph_query_-FLAkBWjfrY2RcqaQ-LgmQ,transfer_2,1234,jpeg50,self,1,cph:261,cph:261,15.680000,36.1773
cph_query_-FLAkBWjfrY2RcqaQ-LgmQ,transfer_3,1234,jpeg50,self,1,cph:261,cph:261,15.680000,36.1773
cph_query_-FLAkBWjfrY2RcqaQ-LgmQ,transfer_4,1234,jpeg50,self,1,cph:261,cph:261,15.679998,36.1773
cph_query_-FLAkBWjfrY2RcqaQ-LgmQ,isotropic,5678,jpeg50,self,1,cph:261,cph:261,15.680000,36.1773
cph_query_-FLAkBWjfrY2RcqaQ-LgmQ,white_box,5678,jpeg50,self,1,cph:261,cph:261,15.680000,36.1773
cph_query_-FLAkBWjfrY2RcqaQ-LgmQ,transfer_1,5678,jpeg50,self,1,cph:261,cph:261,15.680001,36.1773
cph_query_-FLAkBWjfrY2RcqaQ-LgmQ,transfer_2,5678,jpeg50,self,1,cph:261,cph:261,15.679997,36.1773
cph_query_-FLAkBWjfrY2RcqaQ-LgmQ,transfer_3,5678,jpeg50,self,1,cph:261,cph:261,15.679997,36.1773
cph_query_-FLAkBWjfrY2RcqaQ-LgmQ,transfer_4,5678,jpeg50,self,1,cph:261,cph:261,15.679997,36.1773
cph_query_-FLAkBWjfrY2RcqaQ-LgmQ,isotropic,9012,jpeg50,self,1,cph:261,cph:261,15.679998,36.1773
cph_query_-FLAkBWjfrY2RcqaQ-LgmQ,white_box,9012,jpeg50,self,1,cph:261,cph:261,15.680000,36.1773
cph_query_-FLAkBWjfrY2RcqaQ-LgmQ,transfer_1,9012,jpeg50,self,1,cph:261,cph:261,15.679997,36.1773
cph_query_-FLAkBWjfrY2RcqaQ-LgmQ,transfer_2,9012,jpeg50,self,1,cph:261,cph:261,15.679997,36.1773
cph_query_-FLAkBWjfrY2RcqaQ-LgmQ,transfer_3,9012,jpeg50,self,1,cph:261,cph:261,15.680000,36.1773
cph_query_-FLAkBWjfrY2RcqaQ-LgmQ,transfer_4,9012,jpeg50,self,1,cph:261,cph:261,15.679998,36.1773
london_query_-cAVonhAOLeSK7tfil0ceg,isotropic,1234,jpeg50,self,1,london:100,london:100,15.679996,36.1773
london_query_-cAVonhAOLeSK7tfil0ceg,white_box,1234,jpeg50,self,2,manila:20,london:100,15.679997,36.1773
london_query_-cAVonhAOLeSK7tfil0ceg,transfer_1,1234,jpeg50,self,1,london:100,london:100,15.680000,36.1773
london_query_-cAVonhAOLeSK7tfil0ceg,transfer_2,1234,jpeg50,self,1,london:100,london:100,15.680000,36.1773
london_query_-cAVonhAOLeSK7tfil0ceg,transfer_3,1234,jpeg50,self,1,london:100,london:100,15.680000,36.1773
london_query_-cAVonhAOLeSK7tfil0ceg,transfer_4,1234,jpeg50,self,1,london:100,london:100,15.679997,36.1773
london_query_-cAVonhAOLeSK7tfil0ceg,isotropic,5678,jpeg50,self,1,london:100,london:100,15.679995,36.1773
london_query_-cAVonhAOLeSK7tfil0ceg,white_box,5678,jpeg50,self,2,manila:20,london:100,15.680000,36.1773
london_query_-cAVonhAOLeSK7tfil0ceg,transfer_1,5678,jpeg50,self,1,london:100,london:100,15.679996,36.1773
london_query_-cAVonhAOLeSK7tfil0ceg,transfer_2,5678,jpeg50,self,1,london:100,london:100,15.680001,36.1773
london_query_-cAVonhAOLeSK7tfil0ceg,transfer_3,5678,jpeg50,self,1,london:100,london:100,15.679997,36.1773
london_query_-cAVonhAOLeSK7tfil0ceg,transfer_4,5678,jpeg50,self,2,manila:20,london:100,15.680000,36.1773
london_query_-cAVonhAOLeSK7tfil0ceg,isotropic,9012,jpeg50,self,1,london:100,london:100,15.680000,36.1773
london_query_-cAVonhAOLeSK7tfil0ceg,white_box,9012,jpeg50,self,1,london:100,london:100,15.680001,36.1773
london_query_-cAVonhAOLeSK7tfil0ceg,transfer_1,9012,jpeg50,self,1,london:100,london:100,15.679997,36.1773
london_query_-cAVonhAOLeSK7tfil0ceg,transfer_2,9012,jpeg50,self,1,london:100,london:100,15.680002,36.1773
london_query_-cAVonhAOLeSK7tfil0ceg,transfer_3,9012,jpeg50,self,1,london:100,london:100,15.679997,36.1773
london_query_-cAVonhAOLeSK7tfil0ceg,transfer_4,9012,jpeg50,self,2,manila:20,london:100,15.679997,36.1773
manila_query_-LBCdeO8C8kj5IjX1m3XTA,isotropic,1234,jpeg50,self,1,manila:173,manila:173,15.680000,36.1773
manila_query_-LBCdeO8C8kj5IjX1m3XTA,white_box,1234,jpeg50,self,1,manila:173,manila:173,15.679997,36.1773
manila_query_-LBCdeO8C8kj5IjX1m3XTA,transfer_1,1234,jpeg50,self,1,manila:173,manila:173,15.679998,36.1773
manila_query_-LBCdeO8C8kj5IjX1m3XTA,transfer_2,1234,jpeg50,self,1,manila:173,manila:173,15.679998,36.1773
manila_query_-LBCdeO8C8kj5IjX1m3XTA,transfer_3,1234,jpeg50,self,1,manila:173,manila:173,15.679998,36.1773
manila_query_-LBCdeO8C8kj5IjX1m3XTA,transfer_4,1234,jpeg50,self,1,manila:173,manila:173,15.680002,36.1773
manila_query_-LBCdeO8C8kj5IjX1m3XTA,isotropic,5678,jpeg50,self,1,manila:173,manila:173,15.679996,36.1773
manila_query_-LBCdeO8C8kj5IjX1m3XTA,white_box,5678,jpeg50,self,1,manila:173,manila:173,15.680000,36.1773
manila_query_-LBCdeO8C8kj5IjX1m3XTA,transfer_1,5678,jpeg50,self,1,manila:173,manila:173,15.679997,36.1773
manila_query_-LBCdeO8C8kj5IjX1m3XTA,transfer_2,5678,jpeg50,self,1,manila:173,manila:173,15.679998,36.1773
manila_query_-LBCdeO8C8kj5IjX1m3XTA,transfer_3,5678,jpeg50,self,1,manila:173,manila:173,15.680001,36.1773
manila_query_-LBCdeO8C8kj5IjX1m3XTA,transfer_4,5678,jpeg50,self,1,manila:173,manila:173,15.679997,36.1773
manila_query_-LBCdeO8C8kj5IjX1m3XTA,isotropic,9012,jpeg50,self,1,manila:173,manila:173,15.679997,36.1773
manila_query_-LBCdeO8C8kj5IjX1m3XTA,white_box,9012,jpeg50,self,1,manila:173,manila:173,15.680000,36.1773
manila_query_-LBCdeO8C8kj5IjX1m3XTA,transfer_1,9012,jpeg50,self,1,manila:173,manila:173,15.679998,36.1773
manila_query_-LBCdeO8C8kj5IjX1m3XTA,transfer_2,9012,jpeg50,self,1,manila:173,manila:173,15.680002,36.1773
manila_query_-LBCdeO8C8kj5IjX1m3XTA,transfer_3,9012,jpeg50,self,1,manila:173,manila:173,15.680000,36.1773
manila_query_-LBCdeO8C8kj5IjX1m3XTA,transfer_4,9012,jpeg50,self,1,manila:173,manila:173,15.679997,36.1773
nairobi_query_1YjlKCdHNgoQBY8yOFqlmw,isotropic,1234,jpeg50,self,1,nairobi:8,nairobi:8,15.679997,36.1773
nairobi_query_1YjlKCdHNgoQBY8yOFqlmw,white_box,1234,jpeg50,self,1,nairobi:8,nairobi:8,15.679998,36.1773
nairobi_query_1YjlKCdHNgoQBY8yOFqlmw,transfer_1,1234,jpeg50,self,1,nairobi:8,nairobi:8,15.679997,36.1773
nairobi_query_1YjlKCdHNgoQBY8yOFqlmw,transfer_2,1234,jpeg50,self,1,nairobi:8,nairobi:8,15.679998,36.1773
nairobi_query_1YjlKCdHNgoQBY8yOFqlmw,transfer_3,1234,jpeg50,self,1,nairobi:8,nairobi:8,15.679997,36.1773
nairobi_query_1YjlKCdHNgoQBY8yOFqlmw,transfer_4,1234,jpeg50,self,1,nairobi:8,nairobi:8,15.680000,36.1773
nairobi_query_1YjlKCdHNgoQBY8yOFqlmw,isotropic,5678,jpeg50,self,1,nairobi:8,nairobi:8,15.680002,36.1773
nairobi_query_1YjlKCdHNgoQBY8yOFqlmw,white_box,5678,jpeg50,self,1,nairobi:8,nairobi:8,15.680000,36.1773
nairobi_query_1YjlKCdHNgoQBY8yOFqlmw,transfer_1,5678,jpeg50,self,1,nairobi:8,nairobi:8,15.680000,36.1773
nairobi_query_1YjlKCdHNgoQBY8yOFqlmw,transfer_2,5678,jpeg50,self,1,nairobi:8,nairobi:8,15.680000,36.1773
nairobi_query_1YjlKCdHNgoQBY8yOFqlmw,transfer_3,5678,jpeg50,self,1,nairobi:8,nairobi:8,15.680000,36.1773
nairobi_query_1YjlKCdHNgoQBY8yOFqlmw,transfer_4,5678,jpeg50,self,1,nairobi:8,nairobi:8,15.679997,36.1773
nairobi_query_1YjlKCdHNgoQBY8yOFqlmw,isotropic,9012,jpeg50,self,1,nairobi:8,nairobi:8,15.680000,36.1773
nairobi_query_1YjlKCdHNgoQBY8yOFqlmw,white_box,9012,jpeg50,self,1,nairobi:8,nairobi:8,15.680001,36.1773
nairobi_query_1YjlKCdHNgoQBY8yOFqlmw,transfer_1,9012,jpeg50,self,1,nairobi:8,nairobi:8,15.680000,36.1773
nairobi_query_1YjlKCdHNgoQBY8yOFqlmw,transfer_2,9012,jpeg50,self,1,nairobi:8,nairobi:8,15.680001,36.1773
nairobi_query_1YjlKCdHNgoQBY8yOFqlmw,transfer_3,9012,jpeg50,self,1,nairobi:8,nairobi:8,15.679997,36.1773
nairobi_query_1YjlKCdHNgoQBY8yOFqlmw,transfer_4,9012,jpeg50,self,1,nairobi:8,nairobi:8,15.680000,36.1773
toronto_query_-B-3B3MjxX0UdrDIo-8kmA,isotropic,1234,jpeg50,self,69,cph:370,toronto:101,15.679998,36.1773
toronto_query_-B-3B3MjxX0UdrDIo-8kmA,white_box,1234,jpeg50,self,99,london:76,toronto:101,15.680000,36.1773
toronto_query_-B-3B3MjxX0UdrDIo-8kmA,transfer_1,1234,jpeg50,self,136,cph:370,toronto:101,15.679998,36.1773
toronto_query_-B-3B3MjxX0UdrDIo-8kmA,transfer_2,1234,jpeg50,self,150,london:68,toronto:101,15.680001,36.1773
toronto_query_-B-3B3MjxX0UdrDIo-8kmA,transfer_3,1234,jpeg50,self,272,cph:370,toronto:101,15.679998,36.1773
toronto_query_-B-3B3MjxX0UdrDIo-8kmA,transfer_4,1234,jpeg50,self,192,cph:370,toronto:101,15.679998,36.1773
toronto_query_-B-3B3MjxX0UdrDIo-8kmA,isotropic,5678,jpeg50,self,66,cph:370,toronto:101,15.679997,36.1773
toronto_query_-B-3B3MjxX0UdrDIo-8kmA,white_box,5678,jpeg50,self,293,cph:370,toronto:101,15.679997,36.1773
toronto_query_-B-3B3MjxX0UdrDIo-8kmA,transfer_1,5678,jpeg50,self,171,london:68,toronto:101,15.680001,36.1773
toronto_query_-B-3B3MjxX0UdrDIo-8kmA,transfer_2,5678,jpeg50,self,99,cph:370,toronto:101,15.680001,36.1773
toronto_query_-B-3B3MjxX0UdrDIo-8kmA,transfer_3,5678,jpeg50,self,252,cph:370,toronto:101,15.680001,36.1773
toronto_query_-B-3B3MjxX0UdrDIo-8kmA,transfer_4,5678,jpeg50,self,186,cph:370,toronto:101,15.680000,36.1773
toronto_query_-B-3B3MjxX0UdrDIo-8kmA,isotropic,9012,jpeg50,self,76,cph:370,toronto:101,15.679998,36.1773
toronto_query_-B-3B3MjxX0UdrDIo-8kmA,white_box,9012,jpeg50,self,350,london:76,toronto:101,15.680001,36.1773
toronto_query_-B-3B3MjxX0UdrDIo-8kmA,transfer_1,9012,jpeg50,self,114,cph:370,toronto:101,15.679998,36.1773
toronto_query_-B-3B3MjxX0UdrDIo-8kmA,transfer_2,9012,jpeg50,self,195,cph:370,toronto:101,15.680000,36.1773
toronto_query_-B-3B3MjxX0UdrDIo-8kmA,transfer_3,9012,jpeg50,self,219,cph:370,toronto:101,15.679997,36.1773
toronto_query_-B-3B3MjxX0UdrDIo-8kmA,transfer_4,9012,jpeg50,self,127,cph:370,toronto:101,15.680000,36.1773
zurich_query_-nhCCSRwlsxqJsUbzqZvCQ,isotropic,1234,jpeg50,self,283,manila:190,zurich:83,15.679997,36.1773
zurich_query_-nhCCSRwlsxqJsUbzqZvCQ,white_box,1234,jpeg50,self,279,manila:190,zurich:83,15.680001,36.1773
zurich_query_-nhCCSRwlsxqJsUbzqZvCQ,transfer_1,1234,jpeg50,self,275,manila:190,zurich:83,15.679997,36.1773
zurich_query_-nhCCSRwlsxqJsUbzqZvCQ,transfer_2,1234,jpeg50,self,336,manila:87,zurich:83,15.679997,36.1773
zurich_query_-nhCCSRwlsxqJsUbzqZvCQ,transfer_3,1234,jpeg50,self,51,london:68,zurich:83,15.680000,36.1773
zurich_query_-nhCCSRwlsxqJsUbzqZvCQ,transfer_4,1234,jpeg50,self,362,manila:190,zurich:83,15.680001,36.1773
zurich_query_-nhCCSRwlsxqJsUbzqZvCQ,isotropic,5678,jpeg50,self,216,manila:190,zurich:83,15.679997,36.1773
zurich_query_-nhCCSRwlsxqJsUbzqZvCQ,white_box,5678,jpeg50,self,306,amman:36,zurich:83,15.679997,36.1773
zurich_query_-nhCCSRwlsxqJsUbzqZvCQ,transfer_1,5678,jpeg50,self,275,london:68,zurich:83,15.680000,36.1773
zurich_query_-nhCCSRwlsxqJsUbzqZvCQ,transfer_2,5678,jpeg50,self,242,manila:190,zurich:83,15.679998,36.1773
zurich_query_-nhCCSRwlsxqJsUbzqZvCQ,transfer_3,5678,jpeg50,self,220,manila:190,zurich:83,15.680001,36.1773
zurich_query_-nhCCSRwlsxqJsUbzqZvCQ,transfer_4,5678,jpeg50,self,182,london:68,zurich:83,15.679998,36.1773
zurich_query_-nhCCSRwlsxqJsUbzqZvCQ,isotropic,9012,jpeg50,self,222,manila:46,zurich:83,15.679998,36.1773
zurich_query_-nhCCSRwlsxqJsUbzqZvCQ,white_box,9012,jpeg50,self,175,manila:190,zurich:83,15.680000,36.1773
zurich_query_-nhCCSRwlsxqJsUbzqZvCQ,transfer_1,9012,jpeg50,self,268,manila:190,zurich:83,15.680000,36.1773
zurich_query_-nhCCSRwlsxqJsUbzqZvCQ,transfer_2,9012,jpeg50,self,230,manila:190,zurich:83,15.679997,36.1773
zurich_query_-nhCCSRwlsxqJsUbzqZvCQ,transfer_3,9012,jpeg50,self,354,manila:190,zurich:83,15.680001,36.1773
zurich_query_-nhCCSRwlsxqJsUbzqZvCQ,transfer_4,9012,jpeg50,self,239,manila:190,zurich:83,15.679998,36.1773
amman_query_12LbsAl_T_jgw2JHgbR5ng,isotropic,1234,jpeg50,self,2,amman:11,amman:35,15.679997,36.1773
amman_query_12LbsAl_T_jgw2JHgbR5ng,white_box,1234,jpeg50,self,1,amman:35,amman:35,15.679997,36.1773
amman_query_12LbsAl_T_jgw2JHgbR5ng,transfer_1,1234,jpeg50,self,1,amman:35,amman:35,15.680000,36.1773
amman_query_12LbsAl_T_jgw2JHgbR5ng,transfer_2,1234,jpeg50,self,2,amman:11,amman:35,15.679998,36.1773
amman_query_12LbsAl_T_jgw2JHgbR5ng,transfer_3,1234,jpeg50,self,3,amman:11,amman:35,15.679997,36.1773
amman_query_12LbsAl_T_jgw2JHgbR5ng,transfer_4,1234,jpeg50,self,3,amman:11,amman:35,15.679998,36.1773
amman_query_12LbsAl_T_jgw2JHgbR5ng,isotropic,5678,jpeg50,self,3,amman:11,amman:35,15.679997,36.1773
amman_query_12LbsAl_T_jgw2JHgbR5ng,white_box,5678,jpeg50,self,1,amman:35,amman:35,15.679997,36.1773
amman_query_12LbsAl_T_jgw2JHgbR5ng,transfer_1,5678,jpeg50,self,1,amman:35,amman:35,15.679997,36.1773
amman_query_12LbsAl_T_jgw2JHgbR5ng,transfer_2,5678,jpeg50,self,1,amman:35,amman:35,15.679998,36.1773
amman_query_12LbsAl_T_jgw2JHgbR5ng,transfer_3,5678,jpeg50,self,3,amman:11,amman:35,15.680001,36.1773
amman_query_12LbsAl_T_jgw2JHgbR5ng,transfer_4,5678,jpeg50,self,5,amman:11,amman:35,15.679997,36.1773
amman_query_12LbsAl_T_jgw2JHgbR5ng,isotropic,9012,jpeg50,self,4,amman:11,amman:35,15.680000,36.1773
amman_query_12LbsAl_T_jgw2JHgbR5ng,white_box,9012,jpeg50,self,8,amman:25,amman:35,15.680001,36.1773
amman_query_12LbsAl_T_jgw2JHgbR5ng,transfer_1,9012,jpeg50,self,1,amman:35,amman:35,15.680000,36.1773
amman_query_12LbsAl_T_jgw2JHgbR5ng,transfer_2,9012,jpeg50,self,1,amman:35,amman:35,15.679997,36.1773
amman_query_12LbsAl_T_jgw2JHgbR5ng,transfer_3,9012,jpeg50,self,4,amman:11,amman:35,15.680000,36.1773
amman_query_12LbsAl_T_jgw2JHgbR5ng,transfer_4,9012,jpeg50,self,5,amman:11,amman:35,15.680000,36.1773
boston_query_-Jv7RF27BSJIV-gqOI7KxZ,isotropic,1234,jpeg50,self,1,boston:195,boston:195,15.680000,36.1773
boston_query_-Jv7RF27BSJIV-gqOI7KxZ,white_box,1234,jpeg50,self,1,boston:195,boston:195,15.680000,36.1773
boston_query_-Jv7RF27BSJIV-gqOI7KxZ,transfer_1,1234,jpeg50,self,1,boston:195,boston:195,15.679996,36.1773
boston_query_-Jv7RF27BSJIV-gqOI7KxZ,transfer_2,1234,jpeg50,self,1,boston:195,boston:195,15.680000,36.1773
boston_query_-Jv7RF27BSJIV-gqOI7KxZ,transfer_3,1234,jpeg50,self,1,boston:195,boston:195,15.679997,36.1773
boston_query_-Jv7RF27BSJIV-gqOI7KxZ,transfer_4,1234,jpeg50,self,1,boston:195,boston:195,15.680000,36.1773
boston_query_-Jv7RF27BSJIV-gqOI7KxZ,isotropic,5678,jpeg50,self,1,boston:195,boston:195,15.680000,36.1773
boston_query_-Jv7RF27BSJIV-gqOI7KxZ,white_box,5678,jpeg50,self,1,boston:195,boston:195,15.679998,36.1773
boston_query_-Jv7RF27BSJIV-gqOI7KxZ,transfer_1,5678,jpeg50,self,1,boston:195,boston:195,15.679998,36.1773
boston_query_-Jv7RF27BSJIV-gqOI7KxZ,transfer_2,5678,jpeg50,self,1,boston:195,boston:195,15.680000,36.1773
boston_query_-Jv7RF27BSJIV-gqOI7KxZ,transfer_3,5678,jpeg50,self,1,boston:195,boston:195,15.680001,36.1773
boston_query_-Jv7RF27BSJIV-gqOI7KxZ,transfer_4,5678,jpeg50,self,1,boston:195,boston:195,15.680000,36.1773
boston_query_-Jv7RF27BSJIV-gqOI7KxZ,isotropic,9012,jpeg50,self,1,boston:195,boston:195,15.680002,36.1773
boston_query_-Jv7RF27BSJIV-gqOI7KxZ,white_box,9012,jpeg50,self,1,boston:195,boston:195,15.680000,36.1773
boston_query_-Jv7RF27BSJIV-gqOI7KxZ,transfer_1,9012,jpeg50,self,1,boston:195,boston:195,15.679998,36.1773
boston_query_-Jv7RF27BSJIV-gqOI7KxZ,transfer_2,9012,jpeg50,self,1,boston:195,boston:195,15.680000,36.1773
boston_query_-Jv7RF27BSJIV-gqOI7KxZ,transfer_3,9012,jpeg50,self,1,boston:195,boston:195,15.680000,36.1773
boston_query_-Jv7RF27BSJIV-gqOI7KxZ,transfer_4,9012,jpeg50,self,1,boston:195,boston:195,15.680000,36.1773
cph_query_-GVbOpzggFXAot0UyKhx2g,isotropic,1234,jpeg50,self,1,cph:4,cph:4,15.680000,36.1773
cph_query_-GVbOpzggFXAot0UyKhx2g,white_box,1234,jpeg50,self,1,cph:4,cph:4,15.679997,36.1773
cph_query_-GVbOpzggFXAot0UyKhx2g,transfer_1,1234,jpeg50,self,1,cph:4,cph:4,15.680000,36.1773
cph_query_-GVbOpzggFXAot0UyKhx2g,transfer_2,1234,jpeg50,self,1,cph:4,cph:4,15.680000,36.1773
cph_query_-GVbOpzggFXAot0UyKhx2g,transfer_3,1234,jpeg50,self,1,cph:4,cph:4,15.679997,36.1773
cph_query_-GVbOpzggFXAot0UyKhx2g,transfer_4,1234,jpeg50,self,1,cph:4,cph:4,15.680000,36.1773
cph_query_-GVbOpzggFXAot0UyKhx2g,isotropic,5678,jpeg50,self,1,cph:4,cph:4,15.679998,36.1773
cph_query_-GVbOpzggFXAot0UyKhx2g,white_box,5678,jpeg50,self,1,cph:4,cph:4,15.680001,36.1773
cph_query_-GVbOpzggFXAot0UyKhx2g,transfer_1,5678,jpeg50,self,1,cph:4,cph:4,15.680000,36.1773
cph_query_-GVbOpzggFXAot0UyKhx2g,transfer_2,5678,jpeg50,self,1,cph:4,cph:4,15.680000,36.1773
cph_query_-GVbOpzggFXAot0UyKhx2g,transfer_3,5678,jpeg50,self,1,cph:4,cph:4,15.680000,36.1773
cph_query_-GVbOpzggFXAot0UyKhx2g,transfer_4,5678,jpeg50,self,1,cph:4,cph:4,15.680000,36.1773
cph_query_-GVbOpzggFXAot0UyKhx2g,isotropic,9012,jpeg50,self,1,cph:4,cph:4,15.680000,36.1773
cph_query_-GVbOpzggFXAot0UyKhx2g,white_box,9012,jpeg50,self,1,cph:4,cph:4,15.680002,36.1773
cph_query_-GVbOpzggFXAot0UyKhx2g,transfer_1,9012,jpeg50,self,1,cph:4,cph:4,15.679997,36.1773
cph_query_-GVbOpzggFXAot0UyKhx2g,transfer_2,9012,jpeg50,self,1,cph:4,cph:4,15.680000,36.1773
cph_query_-GVbOpzggFXAot0UyKhx2g,transfer_3,9012,jpeg50,self,1,cph:4,cph:4,15.679997,36.1773
cph_query_-GVbOpzggFXAot0UyKhx2g,transfer_4,9012,jpeg50,self,1,cph:4,cph:4,15.679997,36.1773
london_query_-dHWRapn57-l_kynPnun3Q,isotropic,1234,jpeg50,self,1,london:21,london:21,15.679997,36.1773
london_query_-dHWRapn57-l_kynPnun3Q,white_box,1234,jpeg50,self,1,london:21,london:21,15.680000,36.1773
london_query_-dHWRapn57-l_kynPnun3Q,transfer_1,1234,jpeg50,self,1,london:21,london:21,15.680000,36.1773
london_query_-dHWRapn57-l_kynPnun3Q,transfer_2,1234,jpeg50,self,1,london:21,london:21,15.679997,36.1773
london_query_-dHWRapn57-l_kynPnun3Q,transfer_3,1234,jpeg50,self,1,london:21,london:21,15.679997,36.1773
london_query_-dHWRapn57-l_kynPnun3Q,transfer_4,1234,jpeg50,self,1,london:21,london:21,15.679997,36.1773
london_query_-dHWRapn57-l_kynPnun3Q,isotropic,5678,jpeg50,self,1,london:21,london:21,15.680001,36.1773
london_query_-dHWRapn57-l_kynPnun3Q,white_box,5678,jpeg50,self,1,london:21,london:21,15.680001,36.1773
london_query_-dHWRapn57-l_kynPnun3Q,transfer_1,5678,jpeg50,self,1,london:21,london:21,15.680001,36.1773
london_query_-dHWRapn57-l_kynPnun3Q,transfer_2,5678,jpeg50,self,1,london:21,london:21,15.680000,36.1773
london_query_-dHWRapn57-l_kynPnun3Q,transfer_3,5678,jpeg50,self,1,london:21,london:21,15.679998,36.1773
london_query_-dHWRapn57-l_kynPnun3Q,transfer_4,5678,jpeg50,self,1,london:21,london:21,15.679997,36.1773
london_query_-dHWRapn57-l_kynPnun3Q,isotropic,9012,jpeg50,self,1,london:21,london:21,15.680000,36.1773
london_query_-dHWRapn57-l_kynPnun3Q,white_box,9012,jpeg50,self,1,london:21,london:21,15.679997,36.1773
london_query_-dHWRapn57-l_kynPnun3Q,transfer_1,9012,jpeg50,self,1,london:21,london:21,15.679997,36.1773
london_query_-dHWRapn57-l_kynPnun3Q,transfer_2,9012,jpeg50,self,1,london:21,london:21,15.679998,36.1773
london_query_-dHWRapn57-l_kynPnun3Q,transfer_3,9012,jpeg50,self,1,london:21,london:21,15.680000,36.1773
london_query_-dHWRapn57-l_kynPnun3Q,transfer_4,9012,jpeg50,self,1,london:21,london:21,15.679996,36.1773
manila_query_-MH02w7P6jmmqnoUdL-55Q,isotropic,1234,jpeg50,self,8,boston:123,manila:72,15.680001,36.1773
manila_query_-MH02w7P6jmmqnoUdL-55Q,white_box,1234,jpeg50,self,3,manila:89,manila:72,15.680000,36.1773
manila_query_-MH02w7P6jmmqnoUdL-55Q,transfer_1,1234,jpeg50,self,14,manila:23,manila:72,15.680000,36.1773
manila_query_-MH02w7P6jmmqnoUdL-55Q,transfer_2,1234,jpeg50,self,4,manila:23,manila:72,15.679997,36.1773
manila_query_-MH02w7P6jmmqnoUdL-55Q,transfer_3,1234,jpeg50,self,5,amman:23,manila:72,15.680001,36.1773
manila_query_-MH02w7P6jmmqnoUdL-55Q,transfer_4,1234,jpeg50,self,10,boston:123,manila:72,15.679997,36.1773
manila_query_-MH02w7P6jmmqnoUdL-55Q,isotropic,5678,jpeg50,self,7,boston:123,manila:72,15.680002,36.1773
manila_query_-MH02w7P6jmmqnoUdL-55Q,white_box,5678,jpeg50,self,2,manila:89,manila:72,15.680000,36.1773
manila_query_-MH02w7P6jmmqnoUdL-55Q,transfer_1,5678,jpeg50,self,5,boston:123,manila:72,15.680000,36.1773
manila_query_-MH02w7P6jmmqnoUdL-55Q,transfer_2,5678,jpeg50,self,10,manila:23,manila:72,15.680001,36.1773
manila_query_-MH02w7P6jmmqnoUdL-55Q,transfer_3,5678,jpeg50,self,6,manila:23,manila:72,15.680000,36.1773
manila_query_-MH02w7P6jmmqnoUdL-55Q,transfer_4,5678,jpeg50,self,4,manila:20,manila:72,15.680000,36.1773
manila_query_-MH02w7P6jmmqnoUdL-55Q,isotropic,9012,jpeg50,self,11,boston:123,manila:72,15.680000,36.1773
manila_query_-MH02w7P6jmmqnoUdL-55Q,white_box,9012,jpeg50,self,4,manila:23,manila:72,15.680000,36.1773
manila_query_-MH02w7P6jmmqnoUdL-55Q,transfer_1,9012,jpeg50,self,6,manila:20,manila:72,15.679998,36.1773
manila_query_-MH02w7P6jmmqnoUdL-55Q,transfer_2,9012,jpeg50,self,4,boston:123,manila:72,15.679997,36.1773
manila_query_-MH02w7P6jmmqnoUdL-55Q,transfer_3,9012,jpeg50,self,11,manila:20,manila:72,15.680000,36.1773
manila_query_-MH02w7P6jmmqnoUdL-55Q,transfer_4,9012,jpeg50,self,8,manila:23,manila:72,15.679997,36.1773
nairobi_query_1Z__CFelPzXEI1IEu_8QJw,isotropic,1234,jpeg50,self,2,manila:134,nairobi:13,15.680001,36.1773
nairobi_query_1Z__CFelPzXEI1IEu_8QJw,white_box,1234,jpeg50,self,4,manila:134,nairobi:13,15.679997,36.1773
nairobi_query_1Z__CFelPzXEI1IEu_8QJw,transfer_1,1234,jpeg50,self,2,manila:134,nairobi:13,15.680001,36.1773
nairobi_query_1Z__CFelPzXEI1IEu_8QJw,transfer_2,1234,jpeg50,self,2,manila:134,nairobi:13,15.680000,36.1773
nairobi_query_1Z__CFelPzXEI1IEu_8QJw,transfer_3,1234,jpeg50,self,6,manila:134,nairobi:13,15.680000,36.1773
nairobi_query_1Z__CFelPzXEI1IEu_8QJw,transfer_4,1234,jpeg50,self,2,manila:134,nairobi:13,15.679998,36.1773
nairobi_query_1Z__CFelPzXEI1IEu_8QJw,isotropic,5678,jpeg50,self,3,manila:134,nairobi:13,15.679996,36.1773
nairobi_query_1Z__CFelPzXEI1IEu_8QJw,white_box,5678,jpeg50,self,13,manila:134,nairobi:13,15.679997,36.1773
nairobi_query_1Z__CFelPzXEI1IEu_8QJw,transfer_1,5678,jpeg50,self,5,manila:134,nairobi:13,15.680000,36.1773
nairobi_query_1Z__CFelPzXEI1IEu_8QJw,transfer_2,5678,jpeg50,self,6,manila:134,nairobi:13,15.680000,36.1773
nairobi_query_1Z__CFelPzXEI1IEu_8QJw,transfer_3,5678,jpeg50,self,3,manila:134,nairobi:13,15.679997,36.1773
nairobi_query_1Z__CFelPzXEI1IEu_8QJw,transfer_4,5678,jpeg50,self,3,manila:134,nairobi:13,15.680000,36.1773
nairobi_query_1Z__CFelPzXEI1IEu_8QJw,isotropic,9012,jpeg50,self,2,manila:134,nairobi:13,15.680001,36.1773
nairobi_query_1Z__CFelPzXEI1IEu_8QJw,white_box,9012,jpeg50,self,28,manila:134,nairobi:13,15.679997,36.1773
nairobi_query_1Z__CFelPzXEI1IEu_8QJw,transfer_1,9012,jpeg50,self,4,manila:134,nairobi:13,15.680000,36.1773
nairobi_query_1Z__CFelPzXEI1IEu_8QJw,transfer_2,9012,jpeg50,self,3,nairobi:7,nairobi:13,15.679998,36.1773
nairobi_query_1Z__CFelPzXEI1IEu_8QJw,transfer_3,9012,jpeg50,self,3,manila:134,nairobi:13,15.679998,36.1773
nairobi_query_1Z__CFelPzXEI1IEu_8QJw,transfer_4,9012,jpeg50,self,3,manila:134,nairobi:13,15.679997,36.1773
toronto_query_-B136fRwqMBMXoc03yy-PQ,isotropic,1234,jpeg50,self,1,toronto:102,toronto:102,15.679997,36.1773
toronto_query_-B136fRwqMBMXoc03yy-PQ,white_box,1234,jpeg50,self,1,toronto:102,toronto:102,15.680001,36.1773
toronto_query_-B136fRwqMBMXoc03yy-PQ,transfer_1,1234,jpeg50,self,1,toronto:102,toronto:102,15.679997,36.1773
toronto_query_-B136fRwqMBMXoc03yy-PQ,transfer_2,1234,jpeg50,self,1,toronto:102,toronto:102,15.680002,36.1773
toronto_query_-B136fRwqMBMXoc03yy-PQ,transfer_3,1234,jpeg50,self,1,toronto:102,toronto:102,15.679997,36.1773
toronto_query_-B136fRwqMBMXoc03yy-PQ,transfer_4,1234,jpeg50,self,1,toronto:102,toronto:102,15.679998,36.1773
toronto_query_-B136fRwqMBMXoc03yy-PQ,isotropic,5678,jpeg50,self,1,toronto:102,toronto:102,15.680002,36.1773
toronto_query_-B136fRwqMBMXoc03yy-PQ,white_box,5678,jpeg50,self,1,toronto:102,toronto:102,15.679998,36.1773
toronto_query_-B136fRwqMBMXoc03yy-PQ,transfer_1,5678,jpeg50,self,1,toronto:102,toronto:102,15.680000,36.1773
toronto_query_-B136fRwqMBMXoc03yy-PQ,transfer_2,5678,jpeg50,self,1,toronto:102,toronto:102,15.679997,36.1773
toronto_query_-B136fRwqMBMXoc03yy-PQ,transfer_3,5678,jpeg50,self,1,toronto:102,toronto:102,15.679997,36.1773
toronto_query_-B136fRwqMBMXoc03yy-PQ,transfer_4,5678,jpeg50,self,1,toronto:102,toronto:102,15.679997,36.1773
toronto_query_-B136fRwqMBMXoc03yy-PQ,isotropic,9012,jpeg50,self,1,toronto:102,toronto:102,15.679997,36.1773
toronto_query_-B136fRwqMBMXoc03yy-PQ,white_box,9012,jpeg50,self,1,toronto:102,toronto:102,15.679997,36.1773
toronto_query_-B136fRwqMBMXoc03yy-PQ,transfer_1,9012,jpeg50,self,1,toronto:102,toronto:102,15.679997,36.1773
toronto_query_-B136fRwqMBMXoc03yy-PQ,transfer_2,9012,jpeg50,self,1,toronto:102,toronto:102,15.679998,36.1773
toronto_query_-B136fRwqMBMXoc03yy-PQ,transfer_3,9012,jpeg50,self,1,toronto:102,toronto:102,15.680000,36.1773
toronto_query_-B136fRwqMBMXoc03yy-PQ,transfer_4,9012,jpeg50,self,1,toronto:102,toronto:102,15.679997,36.1773
zurich_query_-tYWpAACOq7RfVvZJ-BAcQ,isotropic,1234,jpeg50,self,43,cph:261,zurich:30,15.679997,36.1773
zurich_query_-tYWpAACOq7RfVvZJ-BAcQ,white_box,1234,jpeg50,self,48,amman:21,zurich:30,15.680000,36.1773
zurich_query_-tYWpAACOq7RfVvZJ-BAcQ,transfer_1,1234,jpeg50,self,47,nairobi:15,zurich:30,15.679998,36.1773
zurich_query_-tYWpAACOq7RfVvZJ-BAcQ,transfer_2,1234,jpeg50,self,21,cph:245,zurich:30,15.679997,36.1773
zurich_query_-tYWpAACOq7RfVvZJ-BAcQ,transfer_3,1234,jpeg50,self,41,cph:245,zurich:30,15.679998,36.1773
zurich_query_-tYWpAACOq7RfVvZJ-BAcQ,transfer_4,1234,jpeg50,self,21,amman:1,zurich:30,15.680000,36.1773
zurich_query_-tYWpAACOq7RfVvZJ-BAcQ,isotropic,5678,jpeg50,self,27,cph:261,zurich:30,15.679997,36.1773
zurich_query_-tYWpAACOq7RfVvZJ-BAcQ,white_box,5678,jpeg50,self,79,amman:21,zurich:30,15.680000,36.1773
zurich_query_-tYWpAACOq7RfVvZJ-BAcQ,transfer_1,5678,jpeg50,self,13,zurich:83,zurich:30,15.679997,36.1773
zurich_query_-tYWpAACOq7RfVvZJ-BAcQ,transfer_2,5678,jpeg50,self,39,nairobi:15,zurich:30,15.679997,36.1773
zurich_query_-tYWpAACOq7RfVvZJ-BAcQ,transfer_3,5678,jpeg50,self,50,cph:261,zurich:30,15.680000,36.1773
zurich_query_-tYWpAACOq7RfVvZJ-BAcQ,transfer_4,5678,jpeg50,self,103,cph:245,zurich:30,15.679997,36.1773
zurich_query_-tYWpAACOq7RfVvZJ-BAcQ,isotropic,9012,jpeg50,self,26,cph:261,zurich:30,15.680000,36.1773
zurich_query_-tYWpAACOq7RfVvZJ-BAcQ,white_box,9012,jpeg50,self,22,amman:21,zurich:30,15.679997,36.1773
zurich_query_-tYWpAACOq7RfVvZJ-BAcQ,transfer_1,9012,jpeg50,self,47,nairobi:3,zurich:30,15.679998,36.1773
zurich_query_-tYWpAACOq7RfVvZJ-BAcQ,transfer_2,9012,jpeg50,self,33,cph:245,zurich:30,15.679997,36.1773
zurich_query_-tYWpAACOq7RfVvZJ-BAcQ,transfer_3,9012,jpeg50,self,61,amman:11,zurich:30,15.679997,36.1773
zurich_query_-tYWpAACOq7RfVvZJ-BAcQ,transfer_4,9012,jpeg50,self,29,cph:245,zurich:30,15.680000,36.1773
amman_query_1HafWFxuyylXLnDzCoapDA,isotropic,1234,jpeg50,self,452,boston:123,amman:35,15.680000,36.1773
amman_query_1HafWFxuyylXLnDzCoapDA,white_box,1234,jpeg50,self,212,boston:123,amman:35,15.680000,36.1773
amman_query_1HafWFxuyylXLnDzCoapDA,transfer_1,1234,jpeg50,self,665,manila:153,amman:35,15.680001,36.1773
amman_query_1HafWFxuyylXLnDzCoapDA,transfer_2,1234,jpeg50,self,711,manila:153,amman:35,15.679997,36.1773
amman_query_1HafWFxuyylXLnDzCoapDA,transfer_3,1234,jpeg50,self,423,boston:123,amman:35,15.679997,36.1773
amman_query_1HafWFxuyylXLnDzCoapDA,transfer_4,1234,jpeg50,self,875,manila:153,amman:35,15.680000,36.1773
amman_query_1HafWFxuyylXLnDzCoapDA,isotropic,5678,jpeg50,self,281,boston:123,amman:35,15.679998,36.1773
amman_query_1HafWFxuyylXLnDzCoapDA,white_box,5678,jpeg50,self,602,boston:123,amman:35,15.679997,36.1773
amman_query_1HafWFxuyylXLnDzCoapDA,transfer_1,5678,jpeg50,self,603,amman:31,amman:35,15.679997,36.1773
amman_query_1HafWFxuyylXLnDzCoapDA,transfer_2,5678,jpeg50,self,351,manila:153,amman:35,15.680000,36.1773
amman_query_1HafWFxuyylXLnDzCoapDA,transfer_3,5678,jpeg50,self,573,amman:23,amman:35,15.679997,36.1773
amman_query_1HafWFxuyylXLnDzCoapDA,transfer_4,5678,jpeg50,self,905,manila:153,amman:35,15.680000,36.1773
amman_query_1HafWFxuyylXLnDzCoapDA,isotropic,9012,jpeg50,self,281,boston:123,amman:35,15.679997,36.1773
amman_query_1HafWFxuyylXLnDzCoapDA,white_box,9012,jpeg50,self,544,amman:31,amman:35,15.680000,36.1773
amman_query_1HafWFxuyylXLnDzCoapDA,transfer_1,9012,jpeg50,self,670,amman:23,amman:35,15.680000,36.1773
amman_query_1HafWFxuyylXLnDzCoapDA,transfer_2,9012,jpeg50,self,356,amman:23,amman:35,15.679997,36.1773
amman_query_1HafWFxuyylXLnDzCoapDA,transfer_3,9012,jpeg50,self,727,boston:123,amman:35,15.679998,36.1773
amman_query_1HafWFxuyylXLnDzCoapDA,transfer_4,9012,jpeg50,self,381,manila:153,amman:35,15.679997,36.1773
boston_query_-Kg6j3FKy26wYRLBkE_dFQ,isotropic,1234,jpeg50,self,1,boston:123,boston:123,15.679998,36.1773
boston_query_-Kg6j3FKy26wYRLBkE_dFQ,white_box,1234,jpeg50,self,1,boston:123,boston:123,15.679997,36.1773
boston_query_-Kg6j3FKy26wYRLBkE_dFQ,transfer_1,1234,jpeg50,self,1,boston:123,boston:123,15.680000,36.1773
boston_query_-Kg6j3FKy26wYRLBkE_dFQ,transfer_2,1234,jpeg50,self,1,boston:123,boston:123,15.679998,36.1773
boston_query_-Kg6j3FKy26wYRLBkE_dFQ,transfer_3,1234,jpeg50,self,1,boston:123,boston:123,15.679997,36.1773
boston_query_-Kg6j3FKy26wYRLBkE_dFQ,transfer_4,1234,jpeg50,self,1,boston:123,boston:123,15.680001,36.1773
boston_query_-Kg6j3FKy26wYRLBkE_dFQ,isotropic,5678,jpeg50,self,1,boston:123,boston:123,15.679997,36.1773
boston_query_-Kg6j3FKy26wYRLBkE_dFQ,white_box,5678,jpeg50,self,1,boston:123,boston:123,15.679998,36.1773
boston_query_-Kg6j3FKy26wYRLBkE_dFQ,transfer_1,5678,jpeg50,self,1,boston:123,boston:123,15.679998,36.1773
boston_query_-Kg6j3FKy26wYRLBkE_dFQ,transfer_2,5678,jpeg50,self,1,boston:123,boston:123,15.679998,36.1773
boston_query_-Kg6j3FKy26wYRLBkE_dFQ,transfer_3,5678,jpeg50,self,1,boston:123,boston:123,15.680000,36.1773
boston_query_-Kg6j3FKy26wYRLBkE_dFQ,transfer_4,5678,jpeg50,self,1,boston:123,boston:123,15.679998,36.1773
boston_query_-Kg6j3FKy26wYRLBkE_dFQ,isotropic,9012,jpeg50,self,1,boston:123,boston:123,15.680000,36.1773
boston_query_-Kg6j3FKy26wYRLBkE_dFQ,white_box,9012,jpeg50,self,1,boston:123,boston:123,15.680000,36.1773
boston_query_-Kg6j3FKy26wYRLBkE_dFQ,transfer_1,9012,jpeg50,self,1,boston:123,boston:123,15.679998,36.1773
boston_query_-Kg6j3FKy26wYRLBkE_dFQ,transfer_2,9012,jpeg50,self,1,boston:123,boston:123,15.680001,36.1773
boston_query_-Kg6j3FKy26wYRLBkE_dFQ,transfer_3,9012,jpeg50,self,1,boston:123,boston:123,15.679998,36.1773
boston_query_-Kg6j3FKy26wYRLBkE_dFQ,transfer_4,9012,jpeg50,self,1,boston:123,boston:123,15.680000,36.1773
cph_query_-G_OOR1_yAfdfgnlKYNKnQ,isotropic,1234,jpeg50,self,1,cph:254,cph:254,15.680000,36.1773
cph_query_-G_OOR1_yAfdfgnlKYNKnQ,white_box,1234,jpeg50,self,1,cph:254,cph:254,15.680000,36.1773
cph_query_-G_OOR1_yAfdfgnlKYNKnQ,transfer_1,1234,jpeg50,self,1,cph:254,cph:254,15.679998,36.1773
cph_query_-G_OOR1_yAfdfgnlKYNKnQ,transfer_2,1234,jpeg50,self,1,cph:254,cph:254,15.680001,36.1773
cph_query_-G_OOR1_yAfdfgnlKYNKnQ,transfer_3,1234,jpeg50,self,1,cph:254,cph:254,15.679998,36.1773
cph_query_-G_OOR1_yAfdfgnlKYNKnQ,transfer_4,1234,jpeg50,self,1,cph:254,cph:254,15.679997,36.1773
cph_query_-G_OOR1_yAfdfgnlKYNKnQ,isotropic,5678,jpeg50,self,1,cph:254,cph:254,15.680000,36.1773
cph_query_-G_OOR1_yAfdfgnlKYNKnQ,white_box,5678,jpeg50,self,1,cph:254,cph:254,15.680000,36.1773
cph_query_-G_OOR1_yAfdfgnlKYNKnQ,transfer_1,5678,jpeg50,self,1,cph:254,cph:254,15.679998,36.1773
cph_query_-G_OOR1_yAfdfgnlKYNKnQ,transfer_2,5678,jpeg50,self,1,cph:254,cph:254,15.679998,36.1773
cph_query_-G_OOR1_yAfdfgnlKYNKnQ,transfer_3,5678,jpeg50,self,1,cph:254,cph:254,15.679998,36.1773
cph_query_-G_OOR1_yAfdfgnlKYNKnQ,transfer_4,5678,jpeg50,self,1,cph:254,cph:254,15.680002,36.1773
cph_query_-G_OOR1_yAfdfgnlKYNKnQ,isotropic,9012,jpeg50,self,1,cph:254,cph:254,15.679998,36.1773
cph_query_-G_OOR1_yAfdfgnlKYNKnQ,white_box,9012,jpeg50,self,1,cph:254,cph:254,15.679997,36.1773
cph_query_-G_OOR1_yAfdfgnlKYNKnQ,transfer_1,9012,jpeg50,self,1,cph:254,cph:254,15.679997,36.1773
cph_query_-G_OOR1_yAfdfgnlKYNKnQ,transfer_2,9012,jpeg50,self,1,cph:254,cph:254,15.680000,36.1773
cph_query_-G_OOR1_yAfdfgnlKYNKnQ,transfer_3,9012,jpeg50,self,1,cph:254,cph:254,15.679997,36.1773
cph_query_-G_OOR1_yAfdfgnlKYNKnQ,transfer_4,9012,jpeg50,self,1,cph:254,cph:254,15.679998,36.1773
london_query_-dZ1k85FDVdFSbcG6_ECOA,isotropic,1234,jpeg50,self,1,london:62,london:62,15.680002,36.1773
london_query_-dZ1k85FDVdFSbcG6_ECOA,white_box,1234,jpeg50,self,1,london:62,london:62,15.679998,36.1773
london_query_-dZ1k85FDVdFSbcG6_ECOA,transfer_1,1234,jpeg50,self,1,london:62,london:62,15.680000,36.1773
london_query_-dZ1k85FDVdFSbcG6_ECOA,transfer_2,1234,jpeg50,self,1,london:62,london:62,15.680000,36.1773
london_query_-dZ1k85FDVdFSbcG6_ECOA,transfer_3,1234,jpeg50,self,1,london:62,london:62,15.679997,36.1773
london_query_-dZ1k85FDVdFSbcG6_ECOA,transfer_4,1234,jpeg50,self,1,london:62,london:62,15.680000,36.1773
london_query_-dZ1k85FDVdFSbcG6_ECOA,isotropic,5678,jpeg50,self,1,london:62,london:62,15.680000,36.1773
london_query_-dZ1k85FDVdFSbcG6_ECOA,white_box,5678,jpeg50,self,1,london:62,london:62,15.679998,36.1773
london_query_-dZ1k85FDVdFSbcG6_ECOA,transfer_1,5678,jpeg50,self,1,london:62,london:62,15.680000,36.1773
london_query_-dZ1k85FDVdFSbcG6_ECOA,transfer_2,5678,jpeg50,self,1,london:62,london:62,15.680000,36.1773
london_query_-dZ1k85FDVdFSbcG6_ECOA,transfer_3,5678,jpeg50,self,2,amman:18,london:62,15.679998,36.1773
london_query_-dZ1k85FDVdFSbcG6_ECOA,transfer_4,5678,jpeg50,self,1,london:62,london:62,15.679998,36.1773
london_query_-dZ1k85FDVdFSbcG6_ECOA,isotropic,9012,jpeg50,self,1,london:62,london:62,15.679997,36.1773
london_query_-dZ1k85FDVdFSbcG6_ECOA,white_box,9012,jpeg50,self,1,london:62,london:62,15.679998,36.1773
london_query_-dZ1k85FDVdFSbcG6_ECOA,transfer_1,9012,jpeg50,self,1,london:62,london:62,15.680001,36.1773
london_query_-dZ1k85FDVdFSbcG6_ECOA,transfer_2,9012,jpeg50,self,1,london:62,london:62,15.679998,36.1773
london_query_-dZ1k85FDVdFSbcG6_ECOA,transfer_3,9012,jpeg50,self,1,london:62,london:62,15.680000,36.1773
london_query_-dZ1k85FDVdFSbcG6_ECOA,transfer_4,9012,jpeg50,self,1,london:62,london:62,15.679998,36.1773
manila_query_-MKMMHEd33H1_45AJ8B5AA,isotropic,1234,jpeg50,self,1,manila:20,manila:20,15.680002,36.1773
manila_query_-MKMMHEd33H1_45AJ8B5AA,white_box,1234,jpeg50,self,1,manila:20,manila:20,15.680001,36.1773
manila_query_-MKMMHEd33H1_45AJ8B5AA,transfer_1,1234,jpeg50,self,1,manila:20,manila:20,15.680001,36.1773
manila_query_-MKMMHEd33H1_45AJ8B5AA,transfer_2,1234,jpeg50,self,1,manila:20,manila:20,15.679998,36.1773
manila_query_-MKMMHEd33H1_45AJ8B5AA,transfer_3,1234,jpeg50,self,1,manila:20,manila:20,15.679997,36.1773
manila_query_-MKMMHEd33H1_45AJ8B5AA,transfer_4,1234,jpeg50,self,1,manila:20,manila:20,15.680001,36.1773
manila_query_-MKMMHEd33H1_45AJ8B5AA,isotropic,5678,jpeg50,self,1,manila:20,manila:20,15.679997,36.1773
manila_query_-MKMMHEd33H1_45AJ8B5AA,white_box,5678,jpeg50,self,1,manila:20,manila:20,15.680000,36.1773
manila_query_-MKMMHEd33H1_45AJ8B5AA,transfer_1,5678,jpeg50,self,1,manila:20,manila:20,15.680000,36.1773
manila_query_-MKMMHEd33H1_45AJ8B5AA,transfer_2,5678,jpeg50,self,1,manila:20,manila:20,15.679997,36.1773
manila_query_-MKMMHEd33H1_45AJ8B5AA,transfer_3,5678,jpeg50,self,1,manila:20,manila:20,15.679997,36.1773
manila_query_-MKMMHEd33H1_45AJ8B5AA,transfer_4,5678,jpeg50,self,1,manila:20,manila:20,15.679997,36.1773
manila_query_-MKMMHEd33H1_45AJ8B5AA,isotropic,9012,jpeg50,self,1,manila:20,manila:20,15.679997,36.1773
manila_query_-MKMMHEd33H1_45AJ8B5AA,white_box,9012,jpeg50,self,1,manila:20,manila:20,15.679998,36.1773
manila_query_-MKMMHEd33H1_45AJ8B5AA,transfer_1,9012,jpeg50,self,1,manila:20,manila:20,15.680000,36.1773
manila_query_-MKMMHEd33H1_45AJ8B5AA,transfer_2,9012,jpeg50,self,1,manila:20,manila:20,15.679997,36.1773
manila_query_-MKMMHEd33H1_45AJ8B5AA,transfer_3,9012,jpeg50,self,1,manila:20,manila:20,15.679997,36.1773
manila_query_-MKMMHEd33H1_45AJ8B5AA,transfer_4,9012,jpeg50,self,1,manila:20,manila:20,15.679997,36.1773
nairobi_query_20W8wyVhxSIpj4ekTP7ezw,isotropic,1234,jpeg50,self,1,nairobi:20,nairobi:20,15.679998,36.1773
nairobi_query_20W8wyVhxSIpj4ekTP7ezw,white_box,1234,jpeg50,self,1,nairobi:20,nairobi:20,15.679997,36.1773
nairobi_query_20W8wyVhxSIpj4ekTP7ezw,transfer_1,1234,jpeg50,self,1,nairobi:20,nairobi:20,15.679997,36.1773
nairobi_query_20W8wyVhxSIpj4ekTP7ezw,transfer_2,1234,jpeg50,self,1,nairobi:20,nairobi:20,15.679997,36.1773
nairobi_query_20W8wyVhxSIpj4ekTP7ezw,transfer_3,1234,jpeg50,self,1,nairobi:20,nairobi:20,15.679997,36.1773
nairobi_query_20W8wyVhxSIpj4ekTP7ezw,transfer_4,1234,jpeg50,self,1,nairobi:20,nairobi:20,15.679997,36.1773
nairobi_query_20W8wyVhxSIpj4ekTP7ezw,isotropic,5678,jpeg50,self,1,nairobi:20,nairobi:20,15.680000,36.1773
nairobi_query_20W8wyVhxSIpj4ekTP7ezw,white_box,5678,jpeg50,self,1,nairobi:20,nairobi:20,15.679998,36.1773
nairobi_query_20W8wyVhxSIpj4ekTP7ezw,transfer_1,5678,jpeg50,self,1,nairobi:20,nairobi:20,15.680001,36.1773
nairobi_query_20W8wyVhxSIpj4ekTP7ezw,transfer_2,5678,jpeg50,self,1,nairobi:20,nairobi:20,15.680000,36.1773
nairobi_query_20W8wyVhxSIpj4ekTP7ezw,transfer_3,5678,jpeg50,self,1,nairobi:20,nairobi:20,15.679998,36.1773
nairobi_query_20W8wyVhxSIpj4ekTP7ezw,transfer_4,5678,jpeg50,self,1,nairobi:20,nairobi:20,15.679997,36.1773
nairobi_query_20W8wyVhxSIpj4ekTP7ezw,isotropic,9012,jpeg50,self,1,nairobi:20,nairobi:20,15.679997,36.1773
nairobi_query_20W8wyVhxSIpj4ekTP7ezw,white_box,9012,jpeg50,self,1,nairobi:20,nairobi:20,15.679998,36.1773
nairobi_query_20W8wyVhxSIpj4ekTP7ezw,transfer_1,9012,jpeg50,self,1,nairobi:20,nairobi:20,15.680001,36.1773
nairobi_query_20W8wyVhxSIpj4ekTP7ezw,transfer_2,9012,jpeg50,self,1,nairobi:20,nairobi:20,15.680000,36.1773
nairobi_query_20W8wyVhxSIpj4ekTP7ezw,transfer_3,9012,jpeg50,self,1,nairobi:20,nairobi:20,15.679997,36.1773
nairobi_query_20W8wyVhxSIpj4ekTP7ezw,transfer_4,9012,jpeg50,self,1,nairobi:20,nairobi:20,15.679997,36.1773
toronto_query_-BTAllhGXYkM_JsKwxUFMg,isotropic,1234,jpeg50,self,1,toronto:34,toronto:34,15.679997,36.1773
toronto_query_-BTAllhGXYkM_JsKwxUFMg,white_box,1234,jpeg50,self,1,toronto:34,toronto:34,15.680000,36.1773
toronto_query_-BTAllhGXYkM_JsKwxUFMg,transfer_1,1234,jpeg50,self,1,toronto:34,toronto:34,15.680001,36.1773
toronto_query_-BTAllhGXYkM_JsKwxUFMg,transfer_2,1234,jpeg50,self,1,toronto:34,toronto:34,15.679997,36.1773
toronto_query_-BTAllhGXYkM_JsKwxUFMg,transfer_3,1234,jpeg50,self,1,toronto:34,toronto:34,15.680000,36.1773
toronto_query_-BTAllhGXYkM_JsKwxUFMg,transfer_4,1234,jpeg50,self,1,toronto:34,toronto:34,15.680001,36.1773
toronto_query_-BTAllhGXYkM_JsKwxUFMg,isotropic,5678,jpeg50,self,1,toronto:34,toronto:34,15.679997,36.1773
toronto_query_-BTAllhGXYkM_JsKwxUFMg,white_box,5678,jpeg50,self,1,toronto:34,toronto:34,15.679997,36.1773
toronto_query_-BTAllhGXYkM_JsKwxUFMg,transfer_1,5678,jpeg50,self,1,toronto:34,toronto:34,15.679998,36.1773
toronto_query_-BTAllhGXYkM_JsKwxUFMg,transfer_2,5678,jpeg50,self,1,toronto:34,toronto:34,15.680001,36.1773
toronto_query_-BTAllhGXYkM_JsKwxUFMg,transfer_3,5678,jpeg50,self,1,toronto:34,toronto:34,15.679998,36.1773
toronto_query_-BTAllhGXYkM_JsKwxUFMg,transfer_4,5678,jpeg50,self,1,toronto:34,toronto:34,15.680001,36.1773
toronto_query_-BTAllhGXYkM_JsKwxUFMg,isotropic,9012,jpeg50,self,1,toronto:34,toronto:34,15.679997,36.1773
toronto_query_-BTAllhGXYkM_JsKwxUFMg,white_box,9012,jpeg50,self,1,toronto:34,toronto:34,15.680000,36.1773
toronto_query_-BTAllhGXYkM_JsKwxUFMg,transfer_1,9012,jpeg50,self,1,toronto:34,toronto:34,15.679997,36.1773
toronto_query_-BTAllhGXYkM_JsKwxUFMg,transfer_2,9012,jpeg50,self,1,toronto:34,toronto:34,15.679998,36.1773
toronto_query_-BTAllhGXYkM_JsKwxUFMg,transfer_3,9012,jpeg50,self,1,toronto:34,toronto:34,15.680001,36.1773
toronto_query_-BTAllhGXYkM_JsKwxUFMg,transfer_4,9012,jpeg50,self,1,toronto:34,toronto:34,15.680000,36.1773
zurich_query_-uQ-4tnYcOJ9WPXRG-ou3w,isotropic,1234,jpeg50,self,1,zurich:98,zurich:98,15.680001,36.1773
zurich_query_-uQ-4tnYcOJ9WPXRG-ou3w,white_box,1234,jpeg50,self,1,zurich:98,zurich:98,15.680000,36.1773
zurich_query_-uQ-4tnYcOJ9WPXRG-ou3w,transfer_1,1234,jpeg50,self,1,zurich:98,zurich:98,15.679998,36.1773
zurich_query_-uQ-4tnYcOJ9WPXRG-ou3w,transfer_2,1234,jpeg50,self,1,zurich:98,zurich:98,15.680000,36.1773
zurich_query_-uQ-4tnYcOJ9WPXRG-ou3w,transfer_3,1234,jpeg50,self,1,zurich:98,zurich:98,15.679997,36.1773
zurich_query_-uQ-4tnYcOJ9WPXRG-ou3w,transfer_4,1234,jpeg50,self,1,zurich:98,zurich:98,15.679996,36.1773
zurich_query_-uQ-4tnYcOJ9WPXRG-ou3w,isotropic,5678,jpeg50,self,1,zurich:98,zurich:98,15.680001,36.1773
zurich_query_-uQ-4tnYcOJ9WPXRG-ou3w,white_box,5678,jpeg50,self,1,zurich:98,zurich:98,15.680000,36.1773
zurich_query_-uQ-4tnYcOJ9WPXRG-ou3w,transfer_1,5678,jpeg50,self,1,zurich:98,zurich:98,15.679998,36.1773
zurich_query_-uQ-4tnYcOJ9WPXRG-ou3w,transfer_2,5678,jpeg50,self,1,zurich:98,zurich:98,15.680000,36.1773
zurich_query_-uQ-4tnYcOJ9WPXRG-ou3w,transfer_3,5678,jpeg50,self,1,zurich:98,zurich:98,15.679996,36.1773
zurich_query_-uQ-4tnYcOJ9WPXRG-ou3w,transfer_4,5678,jpeg50,self,1,zurich:98,zurich:98,15.679997,36.1773
zurich_query_-uQ-4tnYcOJ9WPXRG-ou3w,isotropic,9012,jpeg50,self,1,zurich:98,zurich:98,15.679996,36.1773
zurich_query_-uQ-4tnYcOJ9WPXRG-ou3w,white_box,9012,jpeg50,self,1,zurich:98,zurich:98,15.680002,36.1773
zurich_query_-uQ-4tnYcOJ9WPXRG-ou3w,transfer_1,9012,jpeg50,self,1,zurich:98,zurich:98,15.680000,36.1773
zurich_query_-uQ-4tnYcOJ9WPXRG-ou3w,transfer_2,9012,jpeg50,self,1,zurich:98,zurich:98,15.680000,36.1773
zurich_query_-uQ-4tnYcOJ9WPXRG-ou3w,transfer_3,9012,jpeg50,self,1,zurich:98,zurich:98,15.679997,36.1773
zurich_query_-uQ-4tnYcOJ9WPXRG-ou3w,transfer_4,9012,jpeg50,self,1,zurich:98,zurich:98,15.679997,36.1773
amman_query_1IWpn2b6V75KvNFoTU8UOQ,isotropic,1234,jpeg50,self,1,amman:26,amman:26,15.679998,36.1773
amman_query_1IWpn2b6V75KvNFoTU8UOQ,white_box,1234,jpeg50,self,1,amman:26,amman:26,15.679997,36.1773
amman_query_1IWpn2b6V75KvNFoTU8UOQ,transfer_1,1234,jpeg50,self,1,amman:26,amman:26,15.679998,36.1773
amman_query_1IWpn2b6V75KvNFoTU8UOQ,transfer_2,1234,jpeg50,self,1,amman:26,amman:26,15.679997,36.1773
amman_query_1IWpn2b6V75KvNFoTU8UOQ,transfer_3,1234,jpeg50,self,1,amman:26,amman:26,15.679997,36.1773
amman_query_1IWpn2b6V75KvNFoTU8UOQ,transfer_4,1234,jpeg50,self,1,amman:26,amman:26,15.679997,36.1773
amman_query_1IWpn2b6V75KvNFoTU8UOQ,isotropic,5678,jpeg50,self,1,amman:26,amman:26,15.680000,36.1773
amman_query_1IWpn2b6V75KvNFoTU8UOQ,white_box,5678,jpeg50,self,1,amman:26,amman:26,15.680000,36.1773
amman_query_1IWpn2b6V75KvNFoTU8UOQ,transfer_1,5678,jpeg50,self,1,amman:26,amman:26,15.679997,36.1773
amman_query_1IWpn2b6V75KvNFoTU8UOQ,transfer_2,5678,jpeg50,self,1,amman:26,amman:26,15.679997,36.1773
amman_query_1IWpn2b6V75KvNFoTU8UOQ,transfer_3,5678,jpeg50,self,1,amman:26,amman:26,15.679997,36.1773
amman_query_1IWpn2b6V75KvNFoTU8UOQ,transfer_4,5678,jpeg50,self,1,amman:26,amman:26,15.680000,36.1773
amman_query_1IWpn2b6V75KvNFoTU8UOQ,isotropic,9012,jpeg50,self,1,amman:26,amman:26,15.679997,36.1773
amman_query_1IWpn2b6V75KvNFoTU8UOQ,white_box,9012,jpeg50,self,1,amman:26,amman:26,15.680001,36.1773
amman_query_1IWpn2b6V75KvNFoTU8UOQ,transfer_1,9012,jpeg50,self,1,amman:26,amman:26,15.679996,36.1773
amman_query_1IWpn2b6V75KvNFoTU8UOQ,transfer_2,9012,jpeg50,self,1,amman:26,amman:26,15.679997,36.1773
amman_query_1IWpn2b6V75KvNFoTU8UOQ,transfer_3,9012,jpeg50,self,1,amman:26,amman:26,15.680000,36.1773
amman_query_1IWpn2b6V75KvNFoTU8UOQ,transfer_4,9012,jpeg50,self,1,amman:26,amman:26,15.680000,36.1773
boston_query_-LPTAIN0lPGriKBtXoH5Mg,isotropic,1234,jpeg50,self,1,boston:139,boston:139,15.680000,36.1773
boston_query_-LPTAIN0lPGriKBtXoH5Mg,white_box,1234,jpeg50,self,1,boston:139,boston:139,15.680000,36.1773
boston_query_-LPTAIN0lPGriKBtXoH5Mg,transfer_1,1234,jpeg50,self,1,boston:139,boston:139,15.680001,36.1773
boston_query_-LPTAIN0lPGriKBtXoH5Mg,transfer_2,1234,jpeg50,self,1,boston:139,boston:139,15.680000,36.1773
boston_query_-LPTAIN0lPGriKBtXoH5Mg,transfer_3,1234,jpeg50,self,1,boston:139,boston:139,15.680000,36.1773
boston_query_-LPTAIN0lPGriKBtXoH5Mg,transfer_4,1234,jpeg50,self,1,boston:139,boston:139,15.679998,36.1773
boston_query_-LPTAIN0lPGriKBtXoH5Mg,isotropic,5678,jpeg50,self,1,boston:139,boston:139,15.679998,36.1773
boston_query_-LPTAIN0lPGriKBtXoH5Mg,white_box,5678,jpeg50,self,1,boston:139,boston:139,15.680000,36.1773
boston_query_-LPTAIN0lPGriKBtXoH5Mg,transfer_1,5678,jpeg50,self,1,boston:139,boston:139,15.680001,36.1773
boston_query_-LPTAIN0lPGriKBtXoH5Mg,transfer_2,5678,jpeg50,self,1,boston:139,boston:139,15.679996,36.1773
boston_query_-LPTAIN0lPGriKBtXoH5Mg,transfer_3,5678,jpeg50,self,1,boston:139,boston:139,15.679997,36.1773
boston_query_-LPTAIN0lPGriKBtXoH5Mg,transfer_4,5678,jpeg50,self,1,boston:139,boston:139,15.679997,36.1773
boston_query_-LPTAIN0lPGriKBtXoH5Mg,isotropic,9012,jpeg50,self,1,boston:139,boston:139,15.680000,36.1773
boston_query_-LPTAIN0lPGriKBtXoH5Mg,white_box,9012,jpeg50,self,1,boston:139,boston:139,15.680000,36.1773
boston_query_-LPTAIN0lPGriKBtXoH5Mg,transfer_1,9012,jpeg50,self,1,boston:139,boston:139,15.679997,36.1773
boston_query_-LPTAIN0lPGriKBtXoH5Mg,transfer_2,9012,jpeg50,self,1,boston:139,boston:139,15.679997,36.1773
boston_query_-LPTAIN0lPGriKBtXoH5Mg,transfer_3,9012,jpeg50,self,1,boston:139,boston:139,15.679997,36.1773
boston_query_-LPTAIN0lPGriKBtXoH5Mg,transfer_4,9012,jpeg50,self,1,boston:139,boston:139,15.679998,36.1773
cph_query_-Gsj5kZ1V6uLXFxzeI7G2Q,isotropic,1234,jpeg50,self,14,london:28,cph:159,15.680000,36.1773
cph_query_-Gsj5kZ1V6uLXFxzeI7G2Q,white_box,1234,jpeg50,self,20,london:28,cph:159,15.680000,36.1773
cph_query_-Gsj5kZ1V6uLXFxzeI7G2Q,transfer_1,1234,jpeg50,self,18,london:28,cph:159,15.679998,36.1773
cph_query_-Gsj5kZ1V6uLXFxzeI7G2Q,transfer_2,1234,jpeg50,self,18,london:28,cph:159,15.679997,36.1773
cph_query_-Gsj5kZ1V6uLXFxzeI7G2Q,transfer_3,1234,jpeg50,self,11,amman:23,cph:159,15.680000,36.1773
cph_query_-Gsj5kZ1V6uLXFxzeI7G2Q,transfer_4,1234,jpeg50,self,15,london:28,cph:159,15.680001,36.1773
cph_query_-Gsj5kZ1V6uLXFxzeI7G2Q,isotropic,5678,jpeg50,self,4,london:28,cph:159,15.679998,36.1773
cph_query_-Gsj5kZ1V6uLXFxzeI7G2Q,white_box,5678,jpeg50,self,28,london:28,cph:159,15.680001,36.1773
cph_query_-Gsj5kZ1V6uLXFxzeI7G2Q,transfer_1,5678,jpeg50,self,11,london:28,cph:159,15.680000,36.1773
cph_query_-Gsj5kZ1V6uLXFxzeI7G2Q,transfer_2,5678,jpeg50,self,19,london:28,cph:159,15.680000,36.1773
cph_query_-Gsj5kZ1V6uLXFxzeI7G2Q,transfer_3,5678,jpeg50,self,14,london:28,cph:159,15.679998,36.1773
cph_query_-Gsj5kZ1V6uLXFxzeI7G2Q,transfer_4,5678,jpeg50,self,8,london:28,cph:159,15.680000,36.1773
cph_query_-Gsj5kZ1V6uLXFxzeI7G2Q,isotropic,9012,jpeg50,self,11,london:28,cph:159,15.679998,36.1773
cph_query_-Gsj5kZ1V6uLXFxzeI7G2Q,white_box,9012,jpeg50,self,16,london:28,cph:159,15.680001,36.1773
cph_query_-Gsj5kZ1V6uLXFxzeI7G2Q,transfer_1,9012,jpeg50,self,8,london:28,cph:159,15.679997,36.1773
cph_query_-Gsj5kZ1V6uLXFxzeI7G2Q,transfer_2,9012,jpeg50,self,7,london:28,cph:159,15.680001,36.1773
cph_query_-Gsj5kZ1V6uLXFxzeI7G2Q,transfer_3,9012,jpeg50,self,16,london:28,cph:159,15.680002,36.1773
cph_query_-Gsj5kZ1V6uLXFxzeI7G2Q,transfer_4,9012,jpeg50,self,7,london:28,cph:159,15.680001,36.1773
london_query_-dp5VWHVq4LzwLgq7y7yhw,isotropic,1234,jpeg50,self,9,london:23,london:28,15.680000,36.1773
london_query_-dp5VWHVq4LzwLgq7y7yhw,white_box,1234,jpeg50,self,21,london:23,london:28,15.679996,36.1773
london_query_-dp5VWHVq4LzwLgq7y7yhw,transfer_1,1234,jpeg50,self,9,london:23,london:28,15.679997,36.1773
london_query_-dp5VWHVq4LzwLgq7y7yhw,transfer_2,1234,jpeg50,self,10,london:23,london:28,15.680000,36.1773
london_query_-dp5VWHVq4LzwLgq7y7yhw,transfer_3,1234,jpeg50,self,14,london:23,london:28,15.679997,36.1773
london_query_-dp5VWHVq4LzwLgq7y7yhw,transfer_4,1234,jpeg50,self,38,london:23,london:28,15.679996,36.1773
london_query_-dp5VWHVq4LzwLgq7y7yhw,isotropic,5678,jpeg50,self,15,london:23,london:28,15.679998,36.1773
london_query_-dp5VWHVq4LzwLgq7y7yhw,white_box,5678,jpeg50,self,28,london:23,london:28,15.680000,36.1773
london_query_-dp5VWHVq4LzwLgq7y7yhw,transfer_1,5678,jpeg50,self,8,london:23,london:28,15.680000,36.1773
london_query_-dp5VWHVq4LzwLgq7y7yhw,transfer_2,5678,jpeg50,self,9,london:23,london:28,15.680000,36.1773
london_query_-dp5VWHVq4LzwLgq7y7yhw,transfer_3,5678,jpeg50,self,7,london:23,london:28,15.679996,36.1773
london_query_-dp5VWHVq4LzwLgq7y7yhw,transfer_4,5678,jpeg50,self,29,london:23,london:28,15.679997,36.1773
london_query_-dp5VWHVq4LzwLgq7y7yhw,isotropic,9012,jpeg50,self,7,london:23,london:28,15.679998,36.1773
london_query_-dp5VWHVq4LzwLgq7y7yhw,white_box,9012,jpeg50,self,29,london:23,london:28,15.680002,36.1773
london_query_-dp5VWHVq4LzwLgq7y7yhw,transfer_1,9012,jpeg50,self,7,london:23,london:28,15.680000,36.1773
london_query_-dp5VWHVq4LzwLgq7y7yhw,transfer_2,9012,jpeg50,self,14,london:23,london:28,15.679998,36.1773
london_query_-dp5VWHVq4LzwLgq7y7yhw,transfer_3,9012,jpeg50,self,10,london:23,london:28,15.679997,36.1773
london_query_-dp5VWHVq4LzwLgq7y7yhw,transfer_4,9012,jpeg50,self,19,london:23,london:28,15.680000,36.1773
manila_query_-N4wDG2Fhm38ZVy0hGp8_A,isotropic,1234,jpeg50,self,1,manila:106,manila:106,15.679998,36.1773
manila_query_-N4wDG2Fhm38ZVy0hGp8_A,white_box,1234,jpeg50,self,1,manila:106,manila:106,15.680001,36.1773
manila_query_-N4wDG2Fhm38ZVy0hGp8_A,transfer_1,1234,jpeg50,self,1,manila:106,manila:106,15.679997,36.1773
manila_query_-N4wDG2Fhm38ZVy0hGp8_A,transfer_2,1234,jpeg50,self,1,manila:106,manila:106,15.679997,36.1773
manila_query_-N4wDG2Fhm38ZVy0hGp8_A,transfer_3,1234,jpeg50,self,1,manila:106,manila:106,15.680002,36.1773
manila_query_-N4wDG2Fhm38ZVy0hGp8_A,transfer_4,1234,jpeg50,self,1,manila:106,manila:106,15.679997,36.1773
manila_query_-N4wDG2Fhm38ZVy0hGp8_A,isotropic,5678,jpeg50,self,1,manila:106,manila:106,15.680000,36.1773
manila_query_-N4wDG2Fhm38ZVy0hGp8_A,white_box,5678,jpeg50,self,1,manila:106,manila:106,15.679997,36.1773
manila_query_-N4wDG2Fhm38ZVy0hGp8_A,transfer_1,5678,jpeg50,self,1,manila:106,manila:106,15.680001,36.1773
manila_query_-N4wDG2Fhm38ZVy0hGp8_A,transfer_2,5678,jpeg50,self,1,manila:106,manila:106,15.680000,36.1773
manila_query_-N4wDG2Fhm38ZVy0hGp8_A,transfer_3,5678,jpeg50,self,1,manila:106,manila:106,15.679998,36.1773
manila_query_-N4wDG2Fhm38ZVy0hGp8_A,transfer_4,5678,jpeg50,self,1,manila:106,manila:106,15.680000,36.1773
manila_query_-N4wDG2Fhm38ZVy0hGp8_A,isotropic,9012,jpeg50,self,1,manila:106,manila:106,15.679997,36.1773
manila_query_-N4wDG2Fhm38ZVy0hGp8_A,white_box,9012,jpeg50,self,1,manila:106,manila:106,15.679997,36.1773
manila_query_-N4wDG2Fhm38ZVy0hGp8_A,transfer_1,9012,jpeg50,self,1,manila:106,manila:106,15.680000,36.1773
manila_query_-N4wDG2Fhm38ZVy0hGp8_A,transfer_2,9012,jpeg50,self,1,manila:106,manila:106,15.680001,36.1773
manila_query_-N4wDG2Fhm38ZVy0hGp8_A,transfer_3,9012,jpeg50,self,1,manila:106,manila:106,15.680001,36.1773
manila_query_-N4wDG2Fhm38ZVy0hGp8_A,transfer_4,9012,jpeg50,self,1,manila:106,manila:106,15.679997,36.1773
nairobi_query_2CNtCHy0TUbebdEFLYNrIQ,isotropic,1234,jpeg50,self,1,nairobi:10,nairobi:10,15.680001,36.1773
nairobi_query_2CNtCHy0TUbebdEFLYNrIQ,white_box,1234,jpeg50,self,1,nairobi:10,nairobi:10,15.680000,36.1773
nairobi_query_2CNtCHy0TUbebdEFLYNrIQ,transfer_1,1234,jpeg50,self,1,nairobi:10,nairobi:10,15.679997,36.1773
nairobi_query_2CNtCHy0TUbebdEFLYNrIQ,transfer_2,1234,jpeg50,self,1,nairobi:10,nairobi:10,15.679998,36.1773
nairobi_query_2CNtCHy0TUbebdEFLYNrIQ,transfer_3,1234,jpeg50,self,1,nairobi:10,nairobi:10,15.680000,36.1773
nairobi_query_2CNtCHy0TUbebdEFLYNrIQ,transfer_4,1234,jpeg50,self,1,nairobi:10,nairobi:10,15.680000,36.1773
nairobi_query_2CNtCHy0TUbebdEFLYNrIQ,isotropic,5678,jpeg50,self,1,nairobi:10,nairobi:10,15.680000,36.1773
nairobi_query_2CNtCHy0TUbebdEFLYNrIQ,white_box,5678,jpeg50,self,1,nairobi:10,nairobi:10,15.679998,36.1773
nairobi_query_2CNtCHy0TUbebdEFLYNrIQ,transfer_1,5678,jpeg50,self,1,nairobi:10,nairobi:10,15.679998,36.1773
nairobi_query_2CNtCHy0TUbebdEFLYNrIQ,transfer_2,5678,jpeg50,self,1,nairobi:10,nairobi:10,15.679997,36.1773
nairobi_query_2CNtCHy0TUbebdEFLYNrIQ,transfer_3,5678,jpeg50,self,1,nairobi:10,nairobi:10,15.679997,36.1773
nairobi_query_2CNtCHy0TUbebdEFLYNrIQ,transfer_4,5678,jpeg50,self,1,nairobi:10,nairobi:10,15.679998,36.1773
nairobi_query_2CNtCHy0TUbebdEFLYNrIQ,isotropic,9012,jpeg50,self,1,nairobi:10,nairobi:10,15.680000,36.1773
nairobi_query_2CNtCHy0TUbebdEFLYNrIQ,white_box,9012,jpeg50,self,1,nairobi:10,nairobi:10,15.679997,36.1773
nairobi_query_2CNtCHy0TUbebdEFLYNrIQ,transfer_1,9012,jpeg50,self,1,nairobi:10,nairobi:10,15.680001,36.1773
nairobi_query_2CNtCHy0TUbebdEFLYNrIQ,transfer_2,9012,jpeg50,self,1,nairobi:10,nairobi:10,15.679997,36.1773
nairobi_query_2CNtCHy0TUbebdEFLYNrIQ,transfer_3,9012,jpeg50,self,1,nairobi:10,nairobi:10,15.679997,36.1773
nairobi_query_2CNtCHy0TUbebdEFLYNrIQ,transfer_4,9012,jpeg50,self,1,nairobi:10,nairobi:10,15.679997,36.1773
toronto_query_-Cdr8zjFdZw7nzz8_rwM4w,isotropic,1234,jpeg50,self,1,toronto:389,toronto:389,15.680000,36.1773
toronto_query_-Cdr8zjFdZw7nzz8_rwM4w,white_box,1234,jpeg50,self,1,toronto:389,toronto:389,15.679998,36.1773
toronto_query_-Cdr8zjFdZw7nzz8_rwM4w,transfer_1,1234,jpeg50,self,1,toronto:389,toronto:389,15.680000,36.1773
toronto_query_-Cdr8zjFdZw7nzz8_rwM4w,transfer_2,1234,jpeg50,self,1,toronto:389,toronto:389,15.680000,36.1773
toronto_query_-Cdr8zjFdZw7nzz8_rwM4w,transfer_3,1234,jpeg50,self,1,toronto:389,toronto:389,15.680001,36.1773
toronto_query_-Cdr8zjFdZw7nzz8_rwM4w,transfer_4,1234,jpeg50,self,1,toronto:389,toronto:389,15.680000,36.1773
toronto_query_-Cdr8zjFdZw7nzz8_rwM4w,isotropic,5678,jpeg50,self,1,toronto:389,toronto:389,15.680000,36.1773
toronto_query_-Cdr8zjFdZw7nzz8_rwM4w,white_box,5678,jpeg50,self,1,toronto:389,toronto:389,15.679998,36.1773
toronto_query_-Cdr8zjFdZw7nzz8_rwM4w,transfer_1,5678,jpeg50,self,1,toronto:389,toronto:389,15.680000,36.1773
toronto_query_-Cdr8zjFdZw7nzz8_rwM4w,transfer_2,5678,jpeg50,self,1,toronto:389,toronto:389,15.679998,36.1773
toronto_query_-Cdr8zjFdZw7nzz8_rwM4w,transfer_3,5678,jpeg50,self,1,toronto:389,toronto:389,15.679997,36.1773
toronto_query_-Cdr8zjFdZw7nzz8_rwM4w,transfer_4,5678,jpeg50,self,1,toronto:389,toronto:389,15.680000,36.1773
toronto_query_-Cdr8zjFdZw7nzz8_rwM4w,isotropic,9012,jpeg50,self,1,toronto:389,toronto:389,15.679997,36.1773
toronto_query_-Cdr8zjFdZw7nzz8_rwM4w,white_box,9012,jpeg50,self,1,toronto:389,toronto:389,15.679997,36.1773
toronto_query_-Cdr8zjFdZw7nzz8_rwM4w,transfer_1,9012,jpeg50,self,1,toronto:389,toronto:389,15.680000,36.1773
toronto_query_-Cdr8zjFdZw7nzz8_rwM4w,transfer_2,9012,jpeg50,self,1,toronto:389,toronto:389,15.680000,36.1773
toronto_query_-Cdr8zjFdZw7nzz8_rwM4w,transfer_3,9012,jpeg50,self,1,toronto:389,toronto:389,15.680000,36.1773
toronto_query_-Cdr8zjFdZw7nzz8_rwM4w,transfer_4,9012,jpeg50,self,1,toronto:389,toronto:389,15.679997,36.1773
zurich_query_0247N-PdpG4_iueC_9_G4g,isotropic,1234,jpeg50,self,1,zurich:42,zurich:42,15.679998,36.1773
zurich_query_0247N-PdpG4_iueC_9_G4g,white_box,1234,jpeg50,self,1,zurich:42,zurich:42,15.679998,36.1773
zurich_query_0247N-PdpG4_iueC_9_G4g,transfer_1,1234,jpeg50,self,1,zurich:42,zurich:42,15.680000,36.1773
zurich_query_0247N-PdpG4_iueC_9_G4g,transfer_2,1234,jpeg50,self,1,zurich:42,zurich:42,15.679997,36.1773
zurich_query_0247N-PdpG4_iueC_9_G4g,transfer_3,1234,jpeg50,self,1,zurich:42,zurich:42,15.680001,36.1773
zurich_query_0247N-PdpG4_iueC_9_G4g,transfer_4,1234,jpeg50,self,1,zurich:42,zurich:42,15.680000,36.1773
zurich_query_0247N-PdpG4_iueC_9_G4g,isotropic,5678,jpeg50,self,1,zurich:42,zurich:42,15.680000,36.1773
zurich_query_0247N-PdpG4_iueC_9_G4g,white_box,5678,jpeg50,self,1,zurich:42,zurich:42,15.680001,36.1773
zurich_query_0247N-PdpG4_iueC_9_G4g,transfer_1,5678,jpeg50,self,1,zurich:42,zurich:42,15.679997,36.1773
zurich_query_0247N-PdpG4_iueC_9_G4g,transfer_2,5678,jpeg50,self,1,zurich:42,zurich:42,15.680002,36.1773
zurich_query_0247N-PdpG4_iueC_9_G4g,transfer_3,5678,jpeg50,self,1,zurich:42,zurich:42,15.679998,36.1773
zurich_query_0247N-PdpG4_iueC_9_G4g,transfer_4,5678,jpeg50,self,1,zurich:42,zurich:42,15.680000,36.1773
zurich_query_0247N-PdpG4_iueC_9_G4g,isotropic,9012,jpeg50,self,1,zurich:42,zurich:42,15.679995,36.1773
zurich_query_0247N-PdpG4_iueC_9_G4g,white_box,9012,jpeg50,self,1,zurich:42,zurich:42,15.680000,36.1773
zurich_query_0247N-PdpG4_iueC_9_G4g,transfer_1,9012,jpeg50,self,1,zurich:42,zurich:42,15.680000,36.1773
zurich_query_0247N-PdpG4_iueC_9_G4g,transfer_2,9012,jpeg50,self,1,zurich:42,zurich:42,15.679998,36.1773
zurich_query_0247N-PdpG4_iueC_9_G4g,transfer_3,9012,jpeg50,self,1,zurich:42,zurich:42,15.679997,36.1773
zurich_query_0247N-PdpG4_iueC_9_G4g,transfer_4,9012,jpeg50,self,1,zurich:42,zurich:42,15.680000,36.1773
amman_query_1Nmy4JnYnb5zA_JmbkDWBQ,isotropic,1234,jpeg50,self,5,cph:279,amman:4,15.680001,36.1773
amman_query_1Nmy4JnYnb5zA_JmbkDWBQ,white_box,1234,jpeg50,self,4,cph:279,amman:4,15.680000,36.1773
amman_query_1Nmy4JnYnb5zA_JmbkDWBQ,transfer_1,1234,jpeg50,self,4,toronto:351,amman:4,15.679997,36.1773
amman_query_1Nmy4JnYnb5zA_JmbkDWBQ,transfer_2,1234,jpeg50,self,5,cph:279,amman:4,15.680001,36.1773
amman_query_1Nmy4JnYnb5zA_JmbkDWBQ,transfer_3,1234,jpeg50,self,3,cph:279,amman:4,15.680000,36.1773
amman_query_1Nmy4JnYnb5zA_JmbkDWBQ,transfer_4,1234,jpeg50,self,3,cph:279,amman:4,15.679998,36.1773
amman_query_1Nmy4JnYnb5zA_JmbkDWBQ,isotropic,5678,jpeg50,self,3,cph:279,amman:4,15.679997,36.1773
amman_query_1Nmy4JnYnb5zA_JmbkDWBQ,white_box,5678,jpeg50,self,4,cph:279,amman:4,15.679997,36.1773
amman_query_1Nmy4JnYnb5zA_JmbkDWBQ,transfer_1,5678,jpeg50,self,3,cph:279,amman:4,15.680000,36.1773
amman_query_1Nmy4JnYnb5zA_JmbkDWBQ,transfer_2,5678,jpeg50,self,6,cph:279,amman:4,15.679997,36.1773
amman_query_1Nmy4JnYnb5zA_JmbkDWBQ,transfer_3,5678,jpeg50,self,5,cph:279,amman:4,15.679997,36.1773
amman_query_1Nmy4JnYnb5zA_JmbkDWBQ,transfer_4,5678,jpeg50,self,4,cph:279,amman:4,15.679997,36.1773
amman_query_1Nmy4JnYnb5zA_JmbkDWBQ,isotropic,9012,jpeg50,self,6,cph:279,amman:4,15.679998,36.1773
amman_query_1Nmy4JnYnb5zA_JmbkDWBQ,white_box,9012,jpeg50,self,3,toronto:351,amman:4,15.680000,36.1773
amman_query_1Nmy4JnYnb5zA_JmbkDWBQ,transfer_1,9012,jpeg50,self,4,cph:279,amman:4,15.679997,36.1773
amman_query_1Nmy4JnYnb5zA_JmbkDWBQ,transfer_2,9012,jpeg50,self,3,cph:279,amman:4,15.680000,36.1773
amman_query_1Nmy4JnYnb5zA_JmbkDWBQ,transfer_3,9012,jpeg50,self,3,cph:279,amman:4,15.680000,36.1773
amman_query_1Nmy4JnYnb5zA_JmbkDWBQ,transfer_4,9012,jpeg50,self,3,toronto:351,amman:4,15.679998,36.1773
boston_query_-Lu6tv4tCQMDsXtxLtxMzQ,isotropic,1234,jpeg50,self,1,boston:176,boston:176,15.680000,36.1773
boston_query_-Lu6tv4tCQMDsXtxLtxMzQ,white_box,1234,jpeg50,self,1,boston:176,boston:176,15.679998,36.1773
boston_query_-Lu6tv4tCQMDsXtxLtxMzQ,transfer_1,1234,jpeg50,self,5,zurich:42,boston:176,15.680000,36.1773
boston_query_-Lu6tv4tCQMDsXtxLtxMzQ,transfer_2,1234,jpeg50,self,2,zurich:42,boston:176,15.680000,36.1773
boston_query_-Lu6tv4tCQMDsXtxLtxMzQ,transfer_3,1234,jpeg50,self,1,boston:176,boston:176,15.679997,36.1773
boston_query_-Lu6tv4tCQMDsXtxLtxMzQ,transfer_4,1234,jpeg50,self,1,boston:176,boston:176,15.680001,36.1773
boston_query_-Lu6tv4tCQMDsXtxLtxMzQ,isotropic,5678,jpeg50,self,1,boston:176,boston:176,15.680000,36.1773
boston_query_-Lu6tv4tCQMDsXtxLtxMzQ,white_box,5678,jpeg50,self,1,boston:176,boston:176,15.680000,36.1773
boston_query_-Lu6tv4tCQMDsXtxLtxMzQ,transfer_1,5678,jpeg50,self,1,boston:176,boston:176,15.680001,36.1773
boston_query_-Lu6tv4tCQMDsXtxLtxMzQ,transfer_2,5678,jpeg50,self,1,boston:176,boston:176,15.680000,36.1773
boston_query_-Lu6tv4tCQMDsXtxLtxMzQ,transfer_3,5678,jpeg50,self,1,boston:176,boston:176,15.679998,36.1773
boston_query_-Lu6tv4tCQMDsXtxLtxMzQ,transfer_4,5678,jpeg50,self,1,boston:176,boston:176,15.680000,36.1773
boston_query_-Lu6tv4tCQMDsXtxLtxMzQ,isotropic,9012,jpeg50,self,1,boston:176,boston:176,15.679998,36.1773
boston_query_-Lu6tv4tCQMDsXtxLtxMzQ,white_box,9012,jpeg50,self,1,boston:176,boston:176,15.679997,36.1773
boston_query_-Lu6tv4tCQMDsXtxLtxMzQ,transfer_1,9012,jpeg50,self,1,boston:176,boston:176,15.680000,36.1773
boston_query_-Lu6tv4tCQMDsXtxLtxMzQ,transfer_2,9012,jpeg50,self,1,boston:176,boston:176,15.680000,36.1773
boston_query_-Lu6tv4tCQMDsXtxLtxMzQ,transfer_3,9012,jpeg50,self,1,boston:176,boston:176,15.680001,36.1773
boston_query_-Lu6tv4tCQMDsXtxLtxMzQ,transfer_4,9012,jpeg50,self,1,boston:176,boston:176,15.679998,36.1773
cph_query_-HqO0GfYTRx5TzfB_6mTqA,isotropic,1234,jpeg50,self,1,cph:296,cph:296,15.679997,36.1773
cph_query_-HqO0GfYTRx5TzfB_6mTqA,white_box,1234,jpeg50,self,1,cph:296,cph:296,15.679998,36.1773
cph_query_-HqO0GfYTRx5TzfB_6mTqA,transfer_1,1234,jpeg50,self,1,cph:296,cph:296,15.679998,36.1773
cph_query_-HqO0GfYTRx5TzfB_6mTqA,transfer_2,1234,jpeg50,self,1,cph:296,cph:296,15.679997,36.1773
cph_query_-HqO0GfYTRx5TzfB_6mTqA,transfer_3,1234,jpeg50,self,1,cph:296,cph:296,15.679998,36.1773
cph_query_-HqO0GfYTRx5TzfB_6mTqA,transfer_4,1234,jpeg50,self,1,cph:296,cph:296,15.680000,36.1773
cph_query_-HqO0GfYTRx5TzfB_6mTqA,isotropic,5678,jpeg50,self,1,cph:296,cph:296,15.680000,36.1773
cph_query_-HqO0GfYTRx5TzfB_6mTqA,white_box,5678,jpeg50,self,1,cph:296,cph:296,15.679997,36.1773
cph_query_-HqO0GfYTRx5TzfB_6mTqA,transfer_1,5678,jpeg50,self,1,cph:296,cph:296,15.679998,36.1773
cph_query_-HqO0GfYTRx5TzfB_6mTqA,transfer_2,5678,jpeg50,self,1,cph:296,cph:296,15.680000,36.1773
cph_query_-HqO0GfYTRx5TzfB_6mTqA,transfer_3,5678,jpeg50,self,1,cph:296,cph:296,15.679997,36.1773
cph_query_-HqO0GfYTRx5TzfB_6mTqA,transfer_4,5678,jpeg50,self,1,cph:296,cph:296,15.680001,36.1773
cph_query_-HqO0GfYTRx5TzfB_6mTqA,isotropic,9012,jpeg50,self,1,cph:296,cph:296,15.679998,36.1773
cph_query_-HqO0GfYTRx5TzfB_6mTqA,white_box,9012,jpeg50,self,1,cph:296,cph:296,15.679998,36.1773
cph_query_-HqO0GfYTRx5TzfB_6mTqA,transfer_1,9012,jpeg50,self,1,cph:296,cph:296,15.679997,36.1773
cph_query_-HqO0GfYTRx5TzfB_6mTqA,transfer_2,9012,jpeg50,self,1,cph:296,cph:296,15.680001,36.1773
cph_query_-HqO0GfYTRx5TzfB_6mTqA,transfer_3,9012,jpeg50,self,1,cph:296,cph:296,15.680000,36.1773
cph_query_-HqO0GfYTRx5TzfB_6mTqA,transfer_4,9012,jpeg50,self,1,cph:296,cph:296,15.680000,36.1773
london_query_-izmF6OCR-aIZLVQbzDbLQ,isotropic,1234,jpeg50,self,1,london:8,london:8,15.679997,36.1773
london_query_-izmF6OCR-aIZLVQbzDbLQ,white_box,1234,jpeg50,self,1,london:8,london:8,15.679998,36.1773
london_query_-izmF6OCR-aIZLVQbzDbLQ,transfer_1,1234,jpeg50,self,1,london:8,london:8,15.679997,36.1773
london_query_-izmF6OCR-aIZLVQbzDbLQ,transfer_2,1234,jpeg50,self,1,london:8,london:8,15.680000,36.1773
london_query_-izmF6OCR-aIZLVQbzDbLQ,transfer_3,1234,jpeg50,self,1,london:8,london:8,15.680001,36.1773
london_query_-izmF6OCR-aIZLVQbzDbLQ,transfer_4,1234,jpeg50,self,1,london:8,london:8,15.680002,36.1773
london_query_-izmF6OCR-aIZLVQbzDbLQ,isotropic,5678,jpeg50,self,1,london:8,london:8,15.679998,36.1773
london_query_-izmF6OCR-aIZLVQbzDbLQ,white_box,5678,jpeg50,self,1,london:8,london:8,15.680000,36.1773
london_query_-izmF6OCR-aIZLVQbzDbLQ,transfer_1,5678,jpeg50,self,1,london:8,london:8,15.680000,36.1773
london_query_-izmF6OCR-aIZLVQbzDbLQ,transfer_2,5678,jpeg50,self,1,london:8,london:8,15.680000,36.1773
london_query_-izmF6OCR-aIZLVQbzDbLQ,transfer_3,5678,jpeg50,self,1,london:8,london:8,15.680000,36.1773
london_query_-izmF6OCR-aIZLVQbzDbLQ,transfer_4,5678,jpeg50,self,1,london:8,london:8,15.680000,36.1773
london_query_-izmF6OCR-aIZLVQbzDbLQ,isotropic,9012,jpeg50,self,1,london:8,london:8,15.679998,36.1773
london_query_-izmF6OCR-aIZLVQbzDbLQ,white_box,9012,jpeg50,self,1,london:8,london:8,15.680002,36.1773
london_query_-izmF6OCR-aIZLVQbzDbLQ,transfer_1,9012,jpeg50,self,1,london:8,london:8,15.680000,36.1773
london_query_-izmF6OCR-aIZLVQbzDbLQ,transfer_2,9012,jpeg50,self,1,london:8,london:8,15.680000,36.1773
london_query_-izmF6OCR-aIZLVQbzDbLQ,transfer_3,9012,jpeg50,self,1,london:8,london:8,15.680000,36.1773
london_query_-izmF6OCR-aIZLVQbzDbLQ,transfer_4,9012,jpeg50,self,1,london:8,london:8,15.680000,36.1773
manila_query_-P2actpgy_mRkcbLVKBjkQ,isotropic,1234,jpeg50,self,1,manila:94,manila:94,15.679997,36.1773
manila_query_-P2actpgy_mRkcbLVKBjkQ,white_box,1234,jpeg50,self,1,manila:94,manila:94,15.679998,36.1773
manila_query_-P2actpgy_mRkcbLVKBjkQ,transfer_1,1234,jpeg50,self,1,manila:94,manila:94,15.680000,36.1773
manila_query_-P2actpgy_mRkcbLVKBjkQ,transfer_2,1234,jpeg50,self,1,manila:94,manila:94,15.679998,36.1773
manila_query_-P2actpgy_mRkcbLVKBjkQ,transfer_3,1234,jpeg50,self,1,manila:94,manila:94,15.680000,36.1773
manila_query_-P2actpgy_mRkcbLVKBjkQ,transfer_4,1234,jpeg50,self,1,manila:94,manila:94,15.680001,36.1773
manila_query_-P2actpgy_mRkcbLVKBjkQ,isotropic,5678,jpeg50,self,1,manila:94,manila:94,15.680000,36.1773
manila_query_-P2actpgy_mRkcbLVKBjkQ,white_box,5678,jpeg50,self,1,manila:94,manila:94,15.680000,36.1773
manila_query_-P2actpgy_mRkcbLVKBjkQ,transfer_1,5678,jpeg50,self,1,manila:94,manila:94,15.680000,36.1773
manila_query_-P2actpgy_mRkcbLVKBjkQ,transfer_2,5678,jpeg50,self,1,manila:94,manila:94,15.679998,36.1773
manila_query_-P2actpgy_mRkcbLVKBjkQ,transfer_3,5678,jpeg50,self,1,manila:94,manila:94,15.679997,36.1773
manila_query_-P2actpgy_mRkcbLVKBjkQ,transfer_4,5678,jpeg50,self,1,manila:94,manila:94,15.680002,36.1773
manila_query_-P2actpgy_mRkcbLVKBjkQ,isotropic,9012,jpeg50,self,1,manila:94,manila:94,15.680001,36.1773
manila_query_-P2actpgy_mRkcbLVKBjkQ,white_box,9012,jpeg50,self,1,manila:94,manila:94,15.680000,36.1773
manila_query_-P2actpgy_mRkcbLVKBjkQ,transfer_1,9012,jpeg50,self,1,manila:94,manila:94,15.679997,36.1773
manila_query_-P2actpgy_mRkcbLVKBjkQ,transfer_2,9012,jpeg50,self,1,manila:94,manila:94,15.680000,36.1773
manila_query_-P2actpgy_mRkcbLVKBjkQ,transfer_3,9012,jpeg50,self,1,manila:94,manila:94,15.680001,36.1773
manila_query_-P2actpgy_mRkcbLVKBjkQ,transfer_4,9012,jpeg50,self,1,manila:94,manila:94,15.680000,36.1773
nairobi_query_2OfDNnR5st7y8-O2ibiklQ,isotropic,1234,jpeg50,self,1,nairobi:5,nairobi:5,15.680000,36.1773
nairobi_query_2OfDNnR5st7y8-O2ibiklQ,white_box,1234,jpeg50,self,4,zurich:19,nairobi:5,15.679997,36.1773
nairobi_query_2OfDNnR5st7y8-O2ibiklQ,transfer_1,1234,jpeg50,self,4,toronto:236,nairobi:5,15.679997,36.1773
nairobi_query_2OfDNnR5st7y8-O2ibiklQ,transfer_2,1234,jpeg50,self,4,zurich:64,nairobi:5,15.679998,36.1773
nairobi_query_2OfDNnR5st7y8-O2ibiklQ,transfer_3,1234,jpeg50,self,4,zurich:64,nairobi:5,15.680000,36.1773
nairobi_query_2OfDNnR5st7y8-O2ibiklQ,transfer_4,1234,jpeg50,self,3,zurich:64,nairobi:5,15.680000,36.1773
nairobi_query_2OfDNnR5st7y8-O2ibiklQ,isotropic,5678,jpeg50,self,1,nairobi:5,nairobi:5,15.679997,36.1773
nairobi_query_2OfDNnR5st7y8-O2ibiklQ,white_box,5678,jpeg50,self,1,nairobi:5,nairobi:5,15.679998,36.1773
nairobi_query_2OfDNnR5st7y8-O2ibiklQ,transfer_1,5678,jpeg50,self,3,toronto:207,nairobi:5,15.679998,36.1773
nairobi_query_2OfDNnR5st7y8-O2ibiklQ,transfer_2,5678,jpeg50,self,5,zurich:64,nairobi:5,15.679998,36.1773
nairobi_query_2OfDNnR5st7y8-O2ibiklQ,transfer_3,5678,jpeg50,self,9,zurich:64,nairobi:5,15.680000,36.1773
nairobi_query_2OfDNnR5st7y8-O2ibiklQ,transfer_4,5678,jpeg50,self,1,nairobi:5,nairobi:5,15.680001,36.1773
nairobi_query_2OfDNnR5st7y8-O2ibiklQ,isotropic,9012,jpeg50,self,1,nairobi:5,nairobi:5,15.679996,36.1773
nairobi_query_2OfDNnR5st7y8-O2ibiklQ,white_box,9012,jpeg50,self,3,london:71,nairobi:5,15.680000,36.1773
nairobi_query_2OfDNnR5st7y8-O2ibiklQ,transfer_1,9012,jpeg50,self,3,toronto:236,nairobi:5,15.680000,36.1773
nairobi_query_2OfDNnR5st7y8-O2ibiklQ,transfer_2,9012,jpeg50,self,3,zurich:64,nairobi:5,15.679997,36.1773
nairobi_query_2OfDNnR5st7y8-O2ibiklQ,transfer_3,9012,jpeg50,self,3,zurich:64,nairobi:5,15.680000,36.1773
nairobi_query_2OfDNnR5st7y8-O2ibiklQ,transfer_4,9012,jpeg50,self,2,zurich:64,nairobi:5,15.680000,36.1773
toronto_query_-DB8UBv2Rg4kTi6HTqrhOw,isotropic,1234,jpeg50,self,1,toronto:228,toronto:228,15.679998,36.1773
toronto_query_-DB8UBv2Rg4kTi6HTqrhOw,white_box,1234,jpeg50,self,1,toronto:228,toronto:228,15.679997,36.1773
toronto_query_-DB8UBv2Rg4kTi6HTqrhOw,transfer_1,1234,jpeg50,self,1,toronto:228,toronto:228,15.680000,36.1773
toronto_query_-DB8UBv2Rg4kTi6HTqrhOw,transfer_2,1234,jpeg50,self,1,toronto:228,toronto:228,15.679998,36.1773
toronto_query_-DB8UBv2Rg4kTi6HTqrhOw,transfer_3,1234,jpeg50,self,1,toronto:228,toronto:228,15.680000,36.1773
toronto_query_-DB8UBv2Rg4kTi6HTqrhOw,transfer_4,1234,jpeg50,self,1,toronto:228,toronto:228,15.679997,36.1773
toronto_query_-DB8UBv2Rg4kTi6HTqrhOw,isotropic,5678,jpeg50,self,1,toronto:228,toronto:228,15.680000,36.1773
toronto_query_-DB8UBv2Rg4kTi6HTqrhOw,white_box,5678,jpeg50,self,1,toronto:228,toronto:228,15.679998,36.1773
toronto_query_-DB8UBv2Rg4kTi6HTqrhOw,transfer_1,5678,jpeg50,self,1,toronto:228,toronto:228,15.679997,36.1773
toronto_query_-DB8UBv2Rg4kTi6HTqrhOw,transfer_2,5678,jpeg50,self,1,toronto:228,toronto:228,15.679996,36.1773
toronto_query_-DB8UBv2Rg4kTi6HTqrhOw,transfer_3,5678,jpeg50,self,1,toronto:228,toronto:228,15.680001,36.1773
toronto_query_-DB8UBv2Rg4kTi6HTqrhOw,transfer_4,5678,jpeg50,self,1,toronto:228,toronto:228,15.679997,36.1773
toronto_query_-DB8UBv2Rg4kTi6HTqrhOw,isotropic,9012,jpeg50,self,1,toronto:228,toronto:228,15.679997,36.1773
toronto_query_-DB8UBv2Rg4kTi6HTqrhOw,white_box,9012,jpeg50,self,1,toronto:228,toronto:228,15.680000,36.1773
toronto_query_-DB8UBv2Rg4kTi6HTqrhOw,transfer_1,9012,jpeg50,self,1,toronto:228,toronto:228,15.679997,36.1773
toronto_query_-DB8UBv2Rg4kTi6HTqrhOw,transfer_2,9012,jpeg50,self,1,toronto:228,toronto:228,15.679998,36.1773
toronto_query_-DB8UBv2Rg4kTi6HTqrhOw,transfer_3,9012,jpeg50,self,1,toronto:228,toronto:228,15.679997,36.1773
toronto_query_-DB8UBv2Rg4kTi6HTqrhOw,transfer_4,9012,jpeg50,self,1,toronto:228,toronto:228,15.680000,36.1773
zurich_query_046U_rtFmS-pAuZF-Zba0Q,isotropic,1234,jpeg50,self,1,zurich:42,zurich:42,15.679997,36.1773
zurich_query_046U_rtFmS-pAuZF-Zba0Q,white_box,1234,jpeg50,self,1,zurich:42,zurich:42,15.680000,36.1773
zurich_query_046U_rtFmS-pAuZF-Zba0Q,transfer_1,1234,jpeg50,self,1,zurich:42,zurich:42,15.680000,36.1773
zurich_query_046U_rtFmS-pAuZF-Zba0Q,transfer_2,1234,jpeg50,self,1,zurich:42,zurich:42,15.680000,36.1773
zurich_query_046U_rtFmS-pAuZF-Zba0Q,transfer_3,1234,jpeg50,self,1,zurich:42,zurich:42,15.679998,36.1773
zurich_query_046U_rtFmS-pAuZF-Zba0Q,transfer_4,1234,jpeg50,self,1,zurich:42,zurich:42,15.679997,36.1773
zurich_query_046U_rtFmS-pAuZF-Zba0Q,isotropic,5678,jpeg50,self,1,zurich:42,zurich:42,15.679998,36.1773
zurich_query_046U_rtFmS-pAuZF-Zba0Q,white_box,5678,jpeg50,self,1,zurich:42,zurich:42,15.679998,36.1773
zurich_query_046U_rtFmS-pAuZF-Zba0Q,transfer_1,5678,jpeg50,self,1,zurich:42,zurich:42,15.679998,36.1773
zurich_query_046U_rtFmS-pAuZF-Zba0Q,transfer_2,5678,jpeg50,self,1,zurich:42,zurich:42,15.679997,36.1773
zurich_query_046U_rtFmS-pAuZF-Zba0Q,transfer_3,5678,jpeg50,self,1,zurich:42,zurich:42,15.679998,36.1773
zurich_query_046U_rtFmS-pAuZF-Zba0Q,transfer_4,5678,jpeg50,self,1,zurich:42,zurich:42,15.680002,36.1773
zurich_query_046U_rtFmS-pAuZF-Zba0Q,isotropic,9012,jpeg50,self,1,zurich:42,zurich:42,15.679996,36.1773
zurich_query_046U_rtFmS-pAuZF-Zba0Q,white_box,9012,jpeg50,self,1,zurich:42,zurich:42,15.679997,36.1773
zurich_query_046U_rtFmS-pAuZF-Zba0Q,transfer_1,9012,jpeg50,self,1,zurich:42,zurich:42,15.680000,36.1773
zurich_query_046U_rtFmS-pAuZF-Zba0Q,transfer_2,9012,jpeg50,self,1,zurich:42,zurich:42,15.680000,36.1773
zurich_query_046U_rtFmS-pAuZF-Zba0Q,transfer_3,9012,jpeg50,self,1,zurich:42,zurich:42,15.680001,36.1773
zurich_query_046U_rtFmS-pAuZF-Zba0Q,transfer_4,9012,jpeg50,self,1,zurich:42,zurich:42,15.679998,36.1773
amman_query_1Tf2dWuS4el8fREHH1_k0w,isotropic,1234,jpeg50,self,4,amman:4,amman:25,15.679997,36.1773
amman_query_1Tf2dWuS4el8fREHH1_k0w,white_box,1234,jpeg50,self,26,amman:4,amman:25,15.680000,36.1773
amman_query_1Tf2dWuS4el8fREHH1_k0w,transfer_1,1234,jpeg50,self,2,amman:4,amman:25,15.679997,36.1773
amman_query_1Tf2dWuS4el8fREHH1_k0w,transfer_2,1234,jpeg50,self,15,amman:4,amman:25,15.680000,36.1773
amman_query_1Tf2dWuS4el8fREHH1_k0w,transfer_3,1234,jpeg50,self,2,amman:4,amman:25,15.680000,36.1773
amman_query_1Tf2dWuS4el8fREHH1_k0w,transfer_4,1234,jpeg50,self,4,amman:4,amman:25,15.680000,36.1773
amman_query_1Tf2dWuS4el8fREHH1_k0w,isotropic,5678,jpeg50,self,4,amman:4,amman:25,15.680000,36.1773
amman_query_1Tf2dWuS4el8fREHH1_k0w,white_box,5678,jpeg50,self,6,amman:4,amman:25,15.679998,36.1773
amman_query_1Tf2dWuS4el8fREHH1_k0w,transfer_1,5678,jpeg50,self,5,amman:4,amman:25,15.679997,36.1773
amman_query_1Tf2dWuS4el8fREHH1_k0w,transfer_2,5678,jpeg50,self,3,toronto:21,amman:25,15.680000,36.1773
amman_query_1Tf2dWuS4el8fREHH1_k0w,transfer_3,5678,jpeg50,self,69,amman:6,amman:25,15.680002,36.1773
amman_query_1Tf2dWuS4el8fREHH1_k0w,transfer_4,5678,jpeg50,self,2,amman:4,amman:25,15.680000,36.1773
amman_query_1Tf2dWuS4el8fREHH1_k0w,isotropic,9012,jpeg50,self,3,amman:4,amman:25,15.680000,36.1773
amman_query_1Tf2dWuS4el8fREHH1_k0w,white_box,9012,jpeg50,self,4,amman:4,amman:25,15.680000,36.1773
amman_query_1Tf2dWuS4el8fREHH1_k0w,transfer_1,9012,jpeg50,self,129,amman:6,amman:25,15.680000,36.1773
amman_query_1Tf2dWuS4el8fREHH1_k0w,transfer_2,9012,jpeg50,self,2,amman:4,amman:25,15.679998,36.1773
amman_query_1Tf2dWuS4el8fREHH1_k0w,transfer_3,9012,jpeg50,self,25,amman:4,amman:25,15.679997,36.1773
amman_query_1Tf2dWuS4el8fREHH1_k0w,transfer_4,9012,jpeg50,self,3,amman:4,amman:25,15.680000,36.1773
boston_query_-N2T2kBE4uG56LTsyCQPJg,isotropic,1234,jpeg50,self,1,boston:19,boston:19,15.679998,36.1773
boston_query_-N2T2kBE4uG56LTsyCQPJg,white_box,1234,jpeg50,self,2,zurich:13,boston:19,15.679996,36.1773
boston_query_-N2T2kBE4uG56LTsyCQPJg,transfer_1,1234,jpeg50,self,1,boston:19,boston:19,15.679998,36.1773
boston_query_-N2T2kBE4uG56LTsyCQPJg,transfer_2,1234,jpeg50,self,1,boston:19,boston:19,15.679997,36.1773
boston_query_-N2T2kBE4uG56LTsyCQPJg,transfer_3,1234,jpeg50,self,1,boston:19,boston:19,15.680001,36.1773
boston_query_-N2T2kBE4uG56LTsyCQPJg,transfer_4,1234,jpeg50,self,1,boston:19,boston:19,15.679998,36.1773
boston_query_-N2T2kBE4uG56LTsyCQPJg,isotropic,5678,jpeg50,self,1,boston:19,boston:19,15.680002,36.1773
boston_query_-N2T2kBE4uG56LTsyCQPJg,white_box,5678,jpeg50,self,1,boston:19,boston:19,15.680000,36.1773
boston_query_-N2T2kBE4uG56LTsyCQPJg,transfer_1,5678,jpeg50,self,1,boston:19,boston:19,15.679997,36.1773
boston_query_-N2T2kBE4uG56LTsyCQPJg,transfer_2,5678,jpeg50,self,1,boston:19,boston:19,15.679997,36.1773
boston_query_-N2T2kBE4uG56LTsyCQPJg,transfer_3,5678,jpeg50,self,1,boston:19,boston:19,15.679998,36.1773
boston_query_-N2T2kBE4uG56LTsyCQPJg,transfer_4,5678,jpeg50,self,1,boston:19,boston:19,15.679997,36.1773
boston_query_-N2T2kBE4uG56LTsyCQPJg,isotropic,9012,jpeg50,self,1,boston:19,boston:19,15.679998,36.1773
boston_query_-N2T2kBE4uG56LTsyCQPJg,white_box,9012,jpeg50,self,1,boston:19,boston:19,15.679998,36.1773
boston_query_-N2T2kBE4uG56LTsyCQPJg,transfer_1,9012,jpeg50,self,1,boston:19,boston:19,15.679998,36.1773
boston_query_-N2T2kBE4uG56LTsyCQPJg,transfer_2,9012,jpeg50,self,1,boston:19,boston:19,15.679997,36.1773
boston_query_-N2T2kBE4uG56LTsyCQPJg,transfer_3,9012,jpeg50,self,1,boston:19,boston:19,15.679997,36.1773
boston_query_-N2T2kBE4uG56LTsyCQPJg,transfer_4,9012,jpeg50,self,1,boston:19,boston:19,15.680001,36.1773
cph_query_-I7HyKa_KIzMp2uMsvqUAg,isotropic,1234,jpeg50,self,1,cph:54,cph:54,15.679997,36.1773
cph_query_-I7HyKa_KIzMp2uMsvqUAg,white_box,1234,jpeg50,self,1,cph:54,cph:54,15.680000,36.1773
cph_query_-I7HyKa_KIzMp2uMsvqUAg,transfer_1,1234,jpeg50,self,1,cph:54,cph:54,15.679997,36.1773
cph_query_-I7HyKa_KIzMp2uMsvqUAg,transfer_2,1234,jpeg50,self,1,cph:54,cph:54,15.680000,36.1773
cph_query_-I7HyKa_KIzMp2uMsvqUAg,transfer_3,1234,jpeg50,self,1,cph:54,cph:54,15.679997,36.1773
cph_query_-I7HyKa_KIzMp2uMsvqUAg,transfer_4,1234,jpeg50,self,1,cph:54,cph:54,15.680000,36.1773
cph_query_-I7HyKa_KIzMp2uMsvqUAg,isotropic,5678,jpeg50,self,1,cph:54,cph:54,15.680000,36.1773
cph_query_-I7HyKa_KIzMp2uMsvqUAg,white_box,5678,jpeg50,self,1,cph:54,cph:54,15.679997,36.1773
cph_query_-I7HyKa_KIzMp2uMsvqUAg,transfer_1,5678,jpeg50,self,1,cph:54,cph:54,15.680000,36.1773
cph_query_-I7HyKa_KIzMp2uMsvqUAg,transfer_2,5678,jpeg50,self,1,cph:54,cph:54,15.680000,36.1773
cph_query_-I7HyKa_KIzMp2uMsvqUAg,transfer_3,5678,jpeg50,self,1,cph:54,cph:54,15.679997,36.1773
cph_query_-I7HyKa_KIzMp2uMsvqUAg,transfer_4,5678,jpeg50,self,1,cph:54,cph:54,15.679997,36.1773
cph_query_-I7HyKa_KIzMp2uMsvqUAg,isotropic,9012,jpeg50,self,1,cph:54,cph:54,15.679998,36.1773
cph_query_-I7HyKa_KIzMp2uMsvqUAg,white_box,9012,jpeg50,self,3,cph:459,cph:54,15.679997,36.1773
cph_query_-I7HyKa_KIzMp2uMsvqUAg,transfer_1,9012,jpeg50,self,2,toronto:171,cph:54,15.680000,36.1773
cph_query_-I7HyKa_KIzMp2uMsvqUAg,transfer_2,9012,jpeg50,self,1,cph:54,cph:54,15.679998,36.1773
cph_query_-I7HyKa_KIzMp2uMsvqUAg,transfer_3,9012,jpeg50,self,1,cph:54,cph:54,15.680000,36.1773
cph_query_-I7HyKa_KIzMp2uMsvqUAg,transfer_4,9012,jpeg50,self,1,cph:54,cph:54,15.679998,36.1773
london_query_-kd8SHN5N5wLOpzEu10rfQ,isotropic,1234,jpeg50,self,16,cph:175,london:36,15.679997,36.1773
london_query_-kd8SHN5N5wLOpzEu10rfQ,white_box,1234,jpeg50,self,63,london:76,london:36,15.680000,36.1773
london_query_-kd8SHN5N5wLOpzEu10rfQ,transfer_1,1234,jpeg50,self,12,london:76,london:36,15.679997,36.1773
london_query_-kd8SHN5N5wLOpzEu10rfQ,transfer_2,1234,jpeg50,self,19,cph:175,london:36,15.680002,36.1773
london_query_-kd8SHN5N5wLOpzEu10rfQ,transfer_3,1234,jpeg50,self,44,cph:175,london:36,15.679998,36.1773
london_query_-kd8SHN5N5wLOpzEu10rfQ,transfer_4,1234,jpeg50,self,40,cph:175,london:36,15.680001,36.1773
london_query_-kd8SHN5N5wLOpzEu10rfQ,isotropic,5678,jpeg50,self,23,cph:175,london:36,15.680000,36.1773
london_query_-kd8SHN5N5wLOpzEu10rfQ,white_box,5678,jpeg50,self,57,boston:262,london:36,15.679997,36.1773
london_query_-kd8SHN5N5wLOpzEu10rfQ,transfer_1,5678,jpeg50,self,42,london:76,london:36,15.680000,36.1773
london_query_-kd8SHN5N5wLOpzEu10rfQ,transfer_2,5678,jpeg50,self,37,cph:175,london:36,15.679998,36.1773
london_query_-kd8SHN5N5wLOpzEu10rfQ,transfer_3,5678,jpeg50,self,37,nairobi:20,london:36,15.679997,36.1773
london_query_-kd8SHN5N5wLOpzEu10rfQ,transfer_4,5678,jpeg50,self,31,boston:139,london:36,15.680000,36.1773
london_query_-kd8SHN5N5wLOpzEu10rfQ,isotropic,9012,jpeg50,self,23,cph:175,london:36,15.680000,36.1773
london_query_-kd8SHN5N5wLOpzEu10rfQ,white_box,9012,jpeg50,self,109,amman:35,london:36,15.680000,36.1773
london_query_-kd8SHN5N5wLOpzEu10rfQ,transfer_1,9012,jpeg50,self,43,cph:175,london:36,15.679998,36.1773
london_query_-kd8SHN5N5wLOpzEu10rfQ,transfer_2,9012,jpeg50,self,43,london:76,london:36,15.679997,36.1773
london_query_-kd8SHN5N5wLOpzEu10rfQ,transfer_3,9012,jpeg50,self,56,cph:175,london:36,15.680000,36.1773
london_query_-kd8SHN5N5wLOpzEu10rfQ,transfer_4,9012,jpeg50,self,104,cph:175,london:36,15.680001,36.1773
manila_query_-PR9Q6-AlT31oRE_Ep_fnQ,isotropic,1234,jpeg50,self,45,boston:176,manila:135,15.679997,36.1773
manila_query_-PR9Q6-AlT31oRE_Ep_fnQ,white_box,1234,jpeg50,self,9,amman:0,manila:135,15.679998,36.1773
manila_query_-PR9Q6-AlT31oRE_Ep_fnQ,transfer_1,1234,jpeg50,self,29,manila:189,manila:135,15.680000,36.1773
manila_query_-PR9Q6-AlT31oRE_Ep_fnQ,transfer_2,1234,jpeg50,self,12,manila:189,manila:135,15.679997,36.1773
manila_query_-PR9Q6-AlT31oRE_Ep_fnQ,transfer_3,1234,jpeg50,self,40,boston:176,manila:135,15.680000,36.1773
manila_query_-PR9Q6-AlT31oRE_Ep_fnQ,transfer_4,1234,jpeg50,self,11,amman:21,manila:135,15.680000,36.1773
manila_query_-PR9Q6-AlT31oRE_Ep_fnQ,isotropic,5678,jpeg50,self,32,boston:176,manila:135,15.680000,36.1773
manila_query_-PR9Q6-AlT31oRE_Ep_fnQ,white_box,5678,jpeg50,self,21,manila:13,manila:135,15.679998,36.1773
manila_query_-PR9Q6-AlT31oRE_Ep_fnQ,transfer_1,5678,jpeg50,self,48,manila:189,manila:135,15.679997,36.1773
manila_query_-PR9Q6-AlT31oRE_Ep_fnQ,transfer_2,5678,jpeg50,self,14,amman:21,manila:135,15.679997,36.1773
manila_query_-PR9Q6-AlT31oRE_Ep_fnQ,transfer_3,5678,jpeg50,self,20,manila:189,manila:135,15.680000,36.1773
manila_query_-PR9Q6-AlT31oRE_Ep_fnQ,transfer_4,5678,jpeg50,self,70,manila:189,manila:135,15.679997,36.1773
manila_query_-PR9Q6-AlT31oRE_Ep_fnQ,isotropic,9012,jpeg50,self,25,boston:176,manila:135,15.679998,36.1773
manila_query_-PR9Q6-AlT31oRE_Ep_fnQ,white_box,9012,jpeg50,self,20,boston:176,manila:135,15.679998,36.1773
manila_query_-PR9Q6-AlT31oRE_Ep_fnQ,transfer_1,9012,jpeg50,self,28,toronto:112,manila:135,15.679997,36.1773
manila_query_-PR9Q6-AlT31oRE_Ep_fnQ,transfer_2,9012,jpeg50,self,14,manila:189,manila:135,15.680001,36.1773
manila_query_-PR9Q6-AlT31oRE_Ep_fnQ,transfer_3,9012,jpeg50,self,20,amman:6,manila:135,15.679997,36.1773
manila_query_-PR9Q6-AlT31oRE_Ep_fnQ,transfer_4,9012,jpeg50,self,15,amman:21,manila:135,15.679997,36.1773
nairobi_query_2QtumRO8ayl5p_Jb-rhTZQ,isotropic,1234,jpeg50,self,1,nairobi:22,nairobi:22,15.679998,36.1773
nairobi_query_2QtumRO8ayl5p_Jb-rhTZQ,white_box,1234,jpeg50,self,1,nairobi:22,nairobi:22,15.679997,36.1773
nairobi_query_2QtumRO8ayl5p_Jb-rhTZQ,transfer_1,1234,jpeg50,self,1,nairobi:22,nairobi:22,15.679997,36.1773
nairobi_query_2QtumRO8ayl5p_Jb-rhTZQ,transfer_2,1234,jpeg50,self,1,nairobi:22,nairobi:22,15.679997,36.1773
nairobi_query_2QtumRO8ayl5p_Jb-rhTZQ,transfer_3,1234,jpeg50,self,1,nairobi:22,nairobi:22,15.680001,36.1773
nairobi_query_2QtumRO8ayl5p_Jb-rhTZQ,transfer_4,1234,jpeg50,self,1,nairobi:22,nairobi:22,15.679998,36.1773
nairobi_query_2QtumRO8ayl5p_Jb-rhTZQ,isotropic,5678,jpeg50,self,1,nairobi:22,nairobi:22,15.680000,36.1773
nairobi_query_2QtumRO8ayl5p_Jb-rhTZQ,white_box,5678,jpeg50,self,1,nairobi:22,nairobi:22,15.680000,36.1773
nairobi_query_2QtumRO8ayl5p_Jb-rhTZQ,transfer_1,5678,jpeg50,self,1,nairobi:22,nairobi:22,15.679997,36.1773
nairobi_query_2QtumRO8ayl5p_Jb-rhTZQ,transfer_2,5678,jpeg50,self,1,nairobi:22,nairobi:22,15.680000,36.1773
nairobi_query_2QtumRO8ayl5p_Jb-rhTZQ,transfer_3,5678,jpeg50,self,1,nairobi:22,nairobi:22,15.679997,36.1773
nairobi_query_2QtumRO8ayl5p_Jb-rhTZQ,transfer_4,5678,jpeg50,self,1,nairobi:22,nairobi:22,15.680000,36.1773
nairobi_query_2QtumRO8ayl5p_Jb-rhTZQ,isotropic,9012,jpeg50,self,1,nairobi:22,nairobi:22,15.680000,36.1773
nairobi_query_2QtumRO8ayl5p_Jb-rhTZQ,white_box,9012,jpeg50,self,1,nairobi:22,nairobi:22,15.680001,36.1773
nairobi_query_2QtumRO8ayl5p_Jb-rhTZQ,transfer_1,9012,jpeg50,self,1,nairobi:22,nairobi:22,15.679997,36.1773
nairobi_query_2QtumRO8ayl5p_Jb-rhTZQ,transfer_2,9012,jpeg50,self,1,nairobi:22,nairobi:22,15.679997,36.1773
nairobi_query_2QtumRO8ayl5p_Jb-rhTZQ,transfer_3,9012,jpeg50,self,1,nairobi:22,nairobi:22,15.680000,36.1773
nairobi_query_2QtumRO8ayl5p_Jb-rhTZQ,transfer_4,9012,jpeg50,self,1,nairobi:22,nairobi:22,15.680000,36.1773
toronto_query_-Dr7KE__egl6kS-yslctCg,isotropic,1234,jpeg50,self,78,toronto:253,toronto:196,15.679997,36.1773
toronto_query_-Dr7KE__egl6kS-yslctCg,white_box,1234,jpeg50,self,43,toronto:253,toronto:196,15.679997,36.1773
toronto_query_-Dr7KE__egl6kS-yslctCg,transfer_1,1234,jpeg50,self,50,toronto:253,toronto:196,15.679997,36.1773
toronto_query_-Dr7KE__egl6kS-yslctCg,transfer_2,1234,jpeg50,self,76,toronto:253,toronto:196,15.679997,36.1773
toronto_query_-Dr7KE__egl6kS-yslctCg,transfer_3,1234,jpeg50,self,33,toronto:253,toronto:196,15.680000,36.1773
toronto_query_-Dr7KE__egl6kS-yslctCg,transfer_4,1234,jpeg50,self,45,toronto:253,toronto:196,15.680000,36.1773
toronto_query_-Dr7KE__egl6kS-yslctCg,isotropic,5678,jpeg50,self,24,toronto:253,toronto:196,15.679997,36.1773
toronto_query_-Dr7KE__egl6kS-yslctCg,white_box,5678,jpeg50,self,8,toronto:253,toronto:196,15.680000,36.1773
toronto_query_-Dr7KE__egl6kS-yslctCg,transfer_1,5678,jpeg50,self,23,toronto:253,toronto:196,15.680000,36.1773
toronto_query_-Dr7KE__egl6kS-yslctCg,transfer_2,5678,jpeg50,self,27,toronto:253,toronto:196,15.680000,36.1773
toronto_query_-Dr7KE__egl6kS-yslctCg,transfer_3,5678,jpeg50,self,51,toronto:253,toronto:196,15.679997,36.1773
toronto_query_-Dr7KE__egl6kS-yslctCg,transfer_4,5678,jpeg50,self,45,toronto:253,toronto:196,15.680001,36.1773
toronto_query_-Dr7KE__egl6kS-yslctCg,isotropic,9012,jpeg50,self,50,toronto:253,toronto:196,15.679997,36.1773
toronto_query_-Dr7KE__egl6kS-yslctCg,white_box,9012,jpeg50,self,50,toronto:253,toronto:196,15.679997,36.1773
toronto_query_-Dr7KE__egl6kS-yslctCg,transfer_1,9012,jpeg50,self,60,toronto:253,toronto:196,15.680000,36.1773
toronto_query_-Dr7KE__egl6kS-yslctCg,transfer_2,9012,jpeg50,self,60,toronto:253,toronto:196,15.680000,36.1773
toronto_query_-Dr7KE__egl6kS-yslctCg,transfer_3,9012,jpeg50,self,43,toronto:253,toronto:196,15.679997,36.1773
toronto_query_-Dr7KE__egl6kS-yslctCg,transfer_4,9012,jpeg50,self,52,toronto:253,toronto:196,15.679997,36.1773
zurich_query_08U3p7js9TCivpCfLs0ZIw,isotropic,1234,jpeg50,self,1,zurich:5,zurich:5,15.680001,36.1773
zurich_query_08U3p7js9TCivpCfLs0ZIw,white_box,1234,jpeg50,self,1,zurich:5,zurich:5,15.680000,36.1773
zurich_query_08U3p7js9TCivpCfLs0ZIw,transfer_1,1234,jpeg50,self,1,zurich:5,zurich:5,15.679997,36.1773
zurich_query_08U3p7js9TCivpCfLs0ZIw,transfer_2,1234,jpeg50,self,1,zurich:5,zurich:5,15.680000,36.1773
zurich_query_08U3p7js9TCivpCfLs0ZIw,transfer_3,1234,jpeg50,self,1,zurich:5,zurich:5,15.680000,36.1773
zurich_query_08U3p7js9TCivpCfLs0ZIw,transfer_4,1234,jpeg50,self,1,zurich:5,zurich:5,15.679998,36.1773
zurich_query_08U3p7js9TCivpCfLs0ZIw,isotropic,5678,jpeg50,self,1,zurich:5,zurich:5,15.680002,36.1773
zurich_query_08U3p7js9TCivpCfLs0ZIw,white_box,5678,jpeg50,self,1,zurich:5,zurich:5,15.680000,36.1773
zurich_query_08U3p7js9TCivpCfLs0ZIw,transfer_1,5678,jpeg50,self,1,zurich:5,zurich:5,15.679997,36.1773
zurich_query_08U3p7js9TCivpCfLs0ZIw,transfer_2,5678,jpeg50,self,1,zurich:5,zurich:5,15.680000,36.1773
zurich_query_08U3p7js9TCivpCfLs0ZIw,transfer_3,5678,jpeg50,self,1,zurich:5,zurich:5,15.679997,36.1773
zurich_query_08U3p7js9TCivpCfLs0ZIw,transfer_4,5678,jpeg50,self,1,zurich:5,zurich:5,15.680001,36.1773
zurich_query_08U3p7js9TCivpCfLs0ZIw,isotropic,9012,jpeg50,self,1,zurich:5,zurich:5,15.680000,36.1773
zurich_query_08U3p7js9TCivpCfLs0ZIw,white_box,9012,jpeg50,self,1,zurich:5,zurich:5,15.680000,36.1773
zurich_query_08U3p7js9TCivpCfLs0ZIw,transfer_1,9012,jpeg50,self,1,zurich:5,zurich:5,15.680000,36.1773
zurich_query_08U3p7js9TCivpCfLs0ZIw,transfer_2,9012,jpeg50,self,1,zurich:5,zurich:5,15.679998,36.1773
zurich_query_08U3p7js9TCivpCfLs0ZIw,transfer_3,9012,jpeg50,self,1,zurich:5,zurich:5,15.679997,36.1773
zurich_query_08U3p7js9TCivpCfLs0ZIw,transfer_4,9012,jpeg50,self,1,zurich:5,zurich:5,15.680000,36.1773
amman_query_1TysYQA0N2AnJ5lzQWP07w,isotropic,1234,jpeg50,self,1,amman:12,amman:12,15.679997,36.1773
amman_query_1TysYQA0N2AnJ5lzQWP07w,white_box,1234,jpeg50,self,1,amman:12,amman:12,15.680000,36.1773
amman_query_1TysYQA0N2AnJ5lzQWP07w,transfer_1,1234,jpeg50,self,1,amman:12,amman:12,15.679997,36.1773
amman_query_1TysYQA0N2AnJ5lzQWP07w,transfer_2,1234,jpeg50,self,1,amman:12,amman:12,15.680000,36.1773
amman_query_1TysYQA0N2AnJ5lzQWP07w,transfer_3,1234,jpeg50,self,1,amman:12,amman:12,15.680000,36.1773
amman_query_1TysYQA0N2AnJ5lzQWP07w,transfer_4,1234,jpeg50,self,1,amman:12,amman:12,15.680001,36.1773
amman_query_1TysYQA0N2AnJ5lzQWP07w,isotropic,5678,jpeg50,self,1,amman:12,amman:12,15.679997,36.1773
amman_query_1TysYQA0N2AnJ5lzQWP07w,white_box,5678,jpeg50,self,1,amman:12,amman:12,15.680000,36.1773
amman_query_1TysYQA0N2AnJ5lzQWP07w,transfer_1,5678,jpeg50,self,1,amman:12,amman:12,15.680000,36.1773
amman_query_1TysYQA0N2AnJ5lzQWP07w,transfer_2,5678,jpeg50,self,1,amman:12,amman:12,15.680000,36.1773
amman_query_1TysYQA0N2AnJ5lzQWP07w,transfer_3,5678,jpeg50,self,1,amman:12,amman:12,15.680000,36.1773
amman_query_1TysYQA0N2AnJ5lzQWP07w,transfer_4,5678,jpeg50,self,1,amman:12,amman:12,15.680000,36.1773
amman_query_1TysYQA0N2AnJ5lzQWP07w,isotropic,9012,jpeg50,self,1,amman:12,amman:12,15.679998,36.1773
amman_query_1TysYQA0N2AnJ5lzQWP07w,white_box,9012,jpeg50,self,1,amman:12,amman:12,15.680000,36.1773
amman_query_1TysYQA0N2AnJ5lzQWP07w,transfer_1,9012,jpeg50,self,1,amman:12,amman:12,15.679997,36.1773
amman_query_1TysYQA0N2AnJ5lzQWP07w,transfer_2,9012,jpeg50,self,1,amman:12,amman:12,15.680002,36.1773
amman_query_1TysYQA0N2AnJ5lzQWP07w,transfer_3,9012,jpeg50,self,1,amman:12,amman:12,15.680001,36.1773
amman_query_1TysYQA0N2AnJ5lzQWP07w,transfer_4,9012,jpeg50,self,1,amman:12,amman:12,15.680000,36.1773
boston_query_-NRCmKPnLW6ukq5fovMufw,isotropic,1234,jpeg50,self,2,boston:139,boston:112,15.679997,36.1773
boston_query_-NRCmKPnLW6ukq5fovMufw,white_box,1234,jpeg50,self,4,london:75,boston:112,15.679998,36.1773
boston_query_-NRCmKPnLW6ukq5fovMufw,transfer_1,1234,jpeg50,self,3,boston:139,boston:112,15.679997,36.1773
boston_query_-NRCmKPnLW6ukq5fovMufw,transfer_2,1234,jpeg50,self,3,boston:79,boston:112,15.680000,36.1773
boston_query_-NRCmKPnLW6ukq5fovMufw,transfer_3,1234,jpeg50,self,3,boston:139,boston:112,15.680000,36.1773
boston_query_-NRCmKPnLW6ukq5fovMufw,transfer_4,1234,jpeg50,self,2,boston:139,boston:112,15.680000,36.1773
boston_query_-NRCmKPnLW6ukq5fovMufw,isotropic,5678,jpeg50,self,4,boston:79,boston:112,15.680000,36.1773
boston_query_-NRCmKPnLW6ukq5fovMufw,white_box,5678,jpeg50,self,22,amman:1,boston:112,15.680000,36.1773
boston_query_-NRCmKPnLW6ukq5fovMufw,transfer_1,5678,jpeg50,self,2,boston:139,boston:112,15.679998,36.1773
boston_query_-NRCmKPnLW6ukq5fovMufw,transfer_2,5678,jpeg50,self,11,boston:139,boston:112,15.680000,36.1773
boston_query_-NRCmKPnLW6ukq5fovMufw,transfer_3,5678,jpeg50,self,9,boston:139,boston:112,15.680000,36.1773
boston_query_-NRCmKPnLW6ukq5fovMufw,transfer_4,5678,jpeg50,self,2,boston:79,boston:112,15.679997,36.1773
boston_query_-NRCmKPnLW6ukq5fovMufw,isotropic,9012,jpeg50,self,2,boston:139,boston:112,15.679997,36.1773
boston_query_-NRCmKPnLW6ukq5fovMufw,white_box,9012,jpeg50,self,3,cph:375,boston:112,15.680000,36.1773
boston_query_-NRCmKPnLW6ukq5fovMufw,transfer_1,9012,jpeg50,self,11,boston:79,boston:112,15.680001,36.1773
boston_query_-NRCmKPnLW6ukq5fovMufw,transfer_2,9012,jpeg50,self,9,boston:139,boston:112,15.680001,36.1773
boston_query_-NRCmKPnLW6ukq5fovMufw,transfer_3,9012,jpeg50,self,11,boston:139,boston:112,15.679997,36.1773
boston_query_-NRCmKPnLW6ukq5fovMufw,transfer_4,9012,jpeg50,self,1,boston:112,boston:112,15.680001,36.1773
cph_query_-I8EyCiw4PS74_uGuMqUYQ,isotropic,1234,jpeg50,self,1,cph:332,cph:332,15.680000,36.1773
cph_query_-I8EyCiw4PS74_uGuMqUYQ,white_box,1234,jpeg50,self,1,cph:332,cph:332,15.680000,36.1773
cph_query_-I8EyCiw4PS74_uGuMqUYQ,transfer_1,1234,jpeg50,self,1,cph:332,cph:332,15.679998,36.1773
cph_query_-I8EyCiw4PS74_uGuMqUYQ,transfer_2,1234,jpeg50,self,1,cph:332,cph:332,15.679997,36.1773
cph_query_-I8EyCiw4PS74_uGuMqUYQ,transfer_3,1234,jpeg50,self,1,cph:332,cph:332,15.680000,36.1773
cph_query_-I8EyCiw4PS74_uGuMqUYQ,transfer_4,1234,jpeg50,self,1,cph:332,cph:332,15.679997,36.1773
cph_query_-I8EyCiw4PS74_uGuMqUYQ,isotropic,5678,jpeg50,self,1,cph:332,cph:332,15.680000,36.1773
cph_query_-I8EyCiw4PS74_uGuMqUYQ,white_box,5678,jpeg50,self,1,cph:332,cph:332,15.680000,36.1773
cph_query_-I8EyCiw4PS74_uGuMqUYQ,transfer_1,5678,jpeg50,self,1,cph:332,cph:332,15.680000,36.1773
cph_query_-I8EyCiw4PS74_uGuMqUYQ,transfer_2,5678,jpeg50,self,1,cph:332,cph:332,15.680000,36.1773
cph_query_-I8EyCiw4PS74_uGuMqUYQ,transfer_3,5678,jpeg50,self,1,cph:332,cph:332,15.679996,36.1773
cph_query_-I8EyCiw4PS74_uGuMqUYQ,transfer_4,5678,jpeg50,self,1,cph:332,cph:332,15.679997,36.1773
cph_query_-I8EyCiw4PS74_uGuMqUYQ,isotropic,9012,jpeg50,self,1,cph:332,cph:332,15.679997,36.1773
cph_query_-I8EyCiw4PS74_uGuMqUYQ,white_box,9012,jpeg50,self,1,cph:332,cph:332,15.679997,36.1773
cph_query_-I8EyCiw4PS74_uGuMqUYQ,transfer_1,9012,jpeg50,self,1,cph:332,cph:332,15.679997,36.1773
cph_query_-I8EyCiw4PS74_uGuMqUYQ,transfer_2,9012,jpeg50,self,1,cph:332,cph:332,15.680000,36.1773
cph_query_-I8EyCiw4PS74_uGuMqUYQ,transfer_3,9012,jpeg50,self,1,cph:332,cph:332,15.679997,36.1773
cph_query_-I8EyCiw4PS74_uGuMqUYQ,transfer_4,9012,jpeg50,self,1,cph:332,cph:332,15.679997,36.1773
london_query_-qvarKx0xtSTs0tnxDE0oQ,isotropic,1234,jpeg50,self,1,london:18,london:18,15.680000,36.1773
london_query_-qvarKx0xtSTs0tnxDE0oQ,white_box,1234,jpeg50,self,1,london:18,london:18,15.680000,36.1773
london_query_-qvarKx0xtSTs0tnxDE0oQ,transfer_1,1234,jpeg50,self,1,london:18,london:18,15.679997,36.1773
london_query_-qvarKx0xtSTs0tnxDE0oQ,transfer_2,1234,jpeg50,self,1,london:18,london:18,15.679997,36.1773
london_query_-qvarKx0xtSTs0tnxDE0oQ,transfer_3,1234,jpeg50,self,1,london:18,london:18,15.679997,36.1773
london_query_-qvarKx0xtSTs0tnxDE0oQ,transfer_4,1234,jpeg50,self,1,london:18,london:18,15.679998,36.1773
london_query_-qvarKx0xtSTs0tnxDE0oQ,isotropic,5678,jpeg50,self,1,london:18,london:18,15.680000,36.1773
london_query_-qvarKx0xtSTs0tnxDE0oQ,white_box,5678,jpeg50,self,1,london:18,london:18,15.679998,36.1773
london_query_-qvarKx0xtSTs0tnxDE0oQ,transfer_1,5678,jpeg50,self,1,london:18,london:18,15.679995,36.1773
london_query_-qvarKx0xtSTs0tnxDE0oQ,transfer_2,5678,jpeg50,self,1,london:18,london:18,15.680000,36.1773
london_query_-qvarKx0xtSTs0tnxDE0oQ,transfer_3,5678,jpeg50,self,1,london:18,london:18,15.679997,36.1773
london_query_-qvarKx0xtSTs0tnxDE0oQ,transfer_4,5678,jpeg50,self,1,london:18,london:18,15.679997,36.1773
london_query_-qvarKx0xtSTs0tnxDE0oQ,isotropic,9012,jpeg50,self,1,london:18,london:18,15.679997,36.1773
london_query_-qvarKx0xtSTs0tnxDE0oQ,white_box,9012,jpeg50,self,5,toronto:273,london:18,15.680001,36.1773
london_query_-qvarKx0xtSTs0tnxDE0oQ,transfer_1,9012,jpeg50,self,1,london:18,london:18,15.679997,36.1773
london_query_-qvarKx0xtSTs0tnxDE0oQ,transfer_2,9012,jpeg50,self,1,london:18,london:18,15.680000,36.1773
london_query_-qvarKx0xtSTs0tnxDE0oQ,transfer_3,9012,jpeg50,self,1,london:18,london:18,15.680002,36.1773
london_query_-qvarKx0xtSTs0tnxDE0oQ,transfer_4,9012,jpeg50,self,1,london:18,london:18,15.680000,36.1773
manila_query_-Qc1bZWefrpkNPZ60zZS5Q,isotropic,1234,jpeg50,self,1,manila:23,manila:23,15.680000,36.1773
manila_query_-Qc1bZWefrpkNPZ60zZS5Q,white_box,1234,jpeg50,self,1,manila:23,manila:23,15.679997,36.1773
manila_query_-Qc1bZWefrpkNPZ60zZS5Q,transfer_1,1234,jpeg50,self,1,manila:23,manila:23,15.680000,36.1773
manila_query_-Qc1bZWefrpkNPZ60zZS5Q,transfer_2,1234,jpeg50,self,1,manila:23,manila:23,15.679997,36.1773
manila_query_-Qc1bZWefrpkNPZ60zZS5Q,transfer_3,1234,jpeg50,self,1,manila:23,manila:23,15.679998,36.1773
manila_query_-Qc1bZWefrpkNPZ60zZS5Q,transfer_4,1234,jpeg50,self,1,manila:23,manila:23,15.680001,36.1773
manila_query_-Qc1bZWefrpkNPZ60zZS5Q,isotropic,5678,jpeg50,self,1,manila:23,manila:23,15.679996,36.1773
manila_query_-Qc1bZWefrpkNPZ60zZS5Q,white_box,5678,jpeg50,self,1,manila:23,manila:23,15.680000,36.1773
manila_query_-Qc1bZWefrpkNPZ60zZS5Q,transfer_1,5678,jpeg50,self,1,manila:23,manila:23,15.680000,36.1773
manila_query_-Qc1bZWefrpkNPZ60zZS5Q,transfer_2,5678,jpeg50,self,1,manila:23,manila:23,15.680000,36.1773
manila_query_-Qc1bZWefrpkNPZ60zZS5Q,transfer_3,5678,jpeg50,self,1,manila:23,manila:23,15.680000,36.1773
manila_query_-Qc1bZWefrpkNPZ60zZS5Q,transfer_4,5678,jpeg50,self,1,manila:23,manila:23,15.679997,36.1773
manila_query_-Qc1bZWefrpkNPZ60zZS5Q,isotropic,9012,jpeg50,self,1,manila:23,manila:23,15.680002,36.1773
manila_query_-Qc1bZWefrpkNPZ60zZS5Q,white_box,9012,jpeg50,self,1,manila:23,manila:23,15.679998,36.1773
manila_query_-Qc1bZWefrpkNPZ60zZS5Q,transfer_1,9012,jpeg50,self,1,manila:23,manila:23,15.680000,36.1773
manila_query_-Qc1bZWefrpkNPZ60zZS5Q,transfer_2,9012,jpeg50,self,1,manila:23,manila:23,15.680000,36.1773
manila_query_-Qc1bZWefrpkNPZ60zZS5Q,transfer_3,9012,jpeg50,self,1,manila:23,manila:23,15.680000,36.1773
manila_query_-Qc1bZWefrpkNPZ60zZS5Q,transfer_4,9012,jpeg50,self,1,manila:23,manila:23,15.680000,36.1773
nairobi_query_2RQpcoZ0MfOmswdfhpjw4g,isotropic,1234,jpeg50,self,1,nairobi:7,nairobi:7,15.680000,36.1773
nairobi_query_2RQpcoZ0MfOmswdfhpjw4g,white_box,1234,jpeg50,self,1,nairobi:7,nairobi:7,15.680000,36.1773
nairobi_query_2RQpcoZ0MfOmswdfhpjw4g,transfer_1,1234,jpeg50,self,1,nairobi:7,nairobi:7,15.679998,36.1773
nairobi_query_2RQpcoZ0MfOmswdfhpjw4g,transfer_2,1234,jpeg50,self,1,nairobi:7,nairobi:7,15.680001,36.1773
nairobi_query_2RQpcoZ0MfOmswdfhpjw4g,transfer_3,1234,jpeg50,self,1,nairobi:7,nairobi:7,15.680000,36.1773
nairobi_query_2RQpcoZ0MfOmswdfhpjw4g,transfer_4,1234,jpeg50,self,1,nairobi:7,nairobi:7,15.680000,36.1773
nairobi_query_2RQpcoZ0MfOmswdfhpjw4g,isotropic,5678,jpeg50,self,1,nairobi:7,nairobi:7,15.679995,36.1773
nairobi_query_2RQpcoZ0MfOmswdfhpjw4g,white_box,5678,jpeg50,self,1,nairobi:7,nairobi:7,15.680001,36.1773
nairobi_query_2RQpcoZ0MfOmswdfhpjw4g,transfer_1,5678,jpeg50,self,1,nairobi:7,nairobi:7,15.679998,36.1773
nairobi_query_2RQpcoZ0MfOmswdfhpjw4g,transfer_2,5678,jpeg50,self,1,nairobi:7,nairobi:7,15.679997,36.1773
nairobi_query_2RQpcoZ0MfOmswdfhpjw4g,transfer_3,5678,jpeg50,self,1,nairobi:7,nairobi:7,15.679998,36.1773
nairobi_query_2RQpcoZ0MfOmswdfhpjw4g,transfer_4,5678,jpeg50,self,1,nairobi:7,nairobi:7,15.680000,36.1773
nairobi_query_2RQpcoZ0MfOmswdfhpjw4g,isotropic,9012,jpeg50,self,1,nairobi:7,nairobi:7,15.680000,36.1773
nairobi_query_2RQpcoZ0MfOmswdfhpjw4g,white_box,9012,jpeg50,self,1,nairobi:7,nairobi:7,15.680001,36.1773
nairobi_query_2RQpcoZ0MfOmswdfhpjw4g,transfer_1,9012,jpeg50,self,1,nairobi:7,nairobi:7,15.679996,36.1773
nairobi_query_2RQpcoZ0MfOmswdfhpjw4g,transfer_2,9012,jpeg50,self,1,nairobi:7,nairobi:7,15.680000,36.1773
nairobi_query_2RQpcoZ0MfOmswdfhpjw4g,transfer_3,9012,jpeg50,self,1,nairobi:7,nairobi:7,15.679997,36.1773
nairobi_query_2RQpcoZ0MfOmswdfhpjw4g,transfer_4,9012,jpeg50,self,1,nairobi:7,nairobi:7,15.679997,36.1773
toronto_query_-EilBTWhr8vjdDW-B7MU8A,isotropic,1234,jpeg50,self,1,toronto:27,toronto:27,15.679997,36.1773
toronto_query_-EilBTWhr8vjdDW-B7MU8A,white_box,1234,jpeg50,self,1,toronto:27,toronto:27,15.679998,36.1773
toronto_query_-EilBTWhr8vjdDW-B7MU8A,transfer_1,1234,jpeg50,self,1,toronto:27,toronto:27,15.679997,36.1773
toronto_query_-EilBTWhr8vjdDW-B7MU8A,transfer_2,1234,jpeg50,self,1,toronto:27,toronto:27,15.679998,36.1773
toronto_query_-EilBTWhr8vjdDW-B7MU8A,transfer_3,1234,jpeg50,self,1,toronto:27,toronto:27,15.679997,36.1773
toronto_query_-EilBTWhr8vjdDW-B7MU8A,transfer_4,1234,jpeg50,self,1,toronto:27,toronto:27,15.680000,36.1773
toronto_query_-EilBTWhr8vjdDW-B7MU8A,isotropic,5678,jpeg50,self,1,toronto:27,toronto:27,15.679996,36.1773
toronto_query_-EilBTWhr8vjdDW-B7MU8A,white_box,5678,jpeg50,self,1,toronto:27,toronto:27,15.680000,36.1773
toronto_query_-EilBTWhr8vjdDW-B7MU8A,transfer_1,5678,jpeg50,self,1,toronto:27,toronto:27,15.679997,36.1773
toronto_query_-EilBTWhr8vjdDW-B7MU8A,transfer_2,5678,jpeg50,self,1,toronto:27,toronto:27,15.680000,36.1773
toronto_query_-EilBTWhr8vjdDW-B7MU8A,transfer_3,5678,jpeg50,self,1,toronto:27,toronto:27,15.679997,36.1773
toronto_query_-EilBTWhr8vjdDW-B7MU8A,transfer_4,5678,jpeg50,self,1,toronto:27,toronto:27,15.679998,36.1773
toronto_query_-EilBTWhr8vjdDW-B7MU8A,isotropic,9012,jpeg50,self,1,toronto:27,toronto:27,15.679996,36.1773
toronto_query_-EilBTWhr8vjdDW-B7MU8A,white_box,9012,jpeg50,self,1,toronto:27,toronto:27,15.679997,36.1773
toronto_query_-EilBTWhr8vjdDW-B7MU8A,transfer_1,9012,jpeg50,self,1,toronto:27,toronto:27,15.680001,36.1773
toronto_query_-EilBTWhr8vjdDW-B7MU8A,transfer_2,9012,jpeg50,self,1,toronto:27,toronto:27,15.679997,36.1773
toronto_query_-EilBTWhr8vjdDW-B7MU8A,transfer_3,9012,jpeg50,self,1,toronto:27,toronto:27,15.679998,36.1773
toronto_query_-EilBTWhr8vjdDW-B7MU8A,transfer_4,9012,jpeg50,self,1,toronto:27,toronto:27,15.679998,36.1773
zurich_query_0AlvsX9XlPHoz4joTTL7hQ,isotropic,1234,jpeg50,self,1,zurich:8,zurich:8,15.679998,36.1773
zurich_query_0AlvsX9XlPHoz4joTTL7hQ,white_box,1234,jpeg50,self,1,zurich:8,zurich:8,15.679997,36.1773
zurich_query_0AlvsX9XlPHoz4joTTL7hQ,transfer_1,1234,jpeg50,self,1,zurich:8,zurich:8,15.680000,36.1773
zurich_query_0AlvsX9XlPHoz4joTTL7hQ,transfer_2,1234,jpeg50,self,1,zurich:8,zurich:8,15.680000,36.1773
zurich_query_0AlvsX9XlPHoz4joTTL7hQ,transfer_3,1234,jpeg50,self,1,zurich:8,zurich:8,15.680001,36.1773
zurich_query_0AlvsX9XlPHoz4joTTL7hQ,transfer_4,1234,jpeg50,self,1,zurich:8,zurich:8,15.680001,36.1773
zurich_query_0AlvsX9XlPHoz4joTTL7hQ,isotropic,5678,jpeg50,self,1,zurich:8,zurich:8,15.680000,36.1773
zurich_query_0AlvsX9XlPHoz4joTTL7hQ,white_box,5678,jpeg50,self,1,zurich:8,zurich:8,15.680000,36.1773
zurich_query_0AlvsX9XlPHoz4joTTL7hQ,transfer_1,5678,jpeg50,self,1,zurich:8,zurich:8,15.680001,36.1773
zurich_query_0AlvsX9XlPHoz4joTTL7hQ,transfer_2,5678,jpeg50,self,1,zurich:8,zurich:8,15.680000,36.1773
zurich_query_0AlvsX9XlPHoz4joTTL7hQ,transfer_3,5678,jpeg50,self,1,zurich:8,zurich:8,15.680000,36.1773
zurich_query_0AlvsX9XlPHoz4joTTL7hQ,transfer_4,5678,jpeg50,self,1,zurich:8,zurich:8,15.679997,36.1773
zurich_query_0AlvsX9XlPHoz4joTTL7hQ,isotropic,9012,jpeg50,self,1,zurich:8,zurich:8,15.679998,36.1773
zurich_query_0AlvsX9XlPHoz4joTTL7hQ,white_box,9012,jpeg50,self,1,zurich:8,zurich:8,15.680001,36.1773
zurich_query_0AlvsX9XlPHoz4joTTL7hQ,transfer_1,9012,jpeg50,self,1,zurich:8,zurich:8,15.680001,36.1773
zurich_query_0AlvsX9XlPHoz4joTTL7hQ,transfer_2,9012,jpeg50,self,1,zurich:8,zurich:8,15.679997,36.1773
zurich_query_0AlvsX9XlPHoz4joTTL7hQ,transfer_3,9012,jpeg50,self,1,zurich:8,zurich:8,15.680000,36.1773
zurich_query_0AlvsX9XlPHoz4joTTL7hQ,transfer_4,9012,jpeg50,self,1,zurich:8,zurich:8,15.679997,36.1773
amman_query_1VTBGOTuAwvnyE1o4Pbm0Q,isotropic,1234,jpeg50,self,13,amman:6,amman:23,15.679997,36.1773
amman_query_1VTBGOTuAwvnyE1o4Pbm0Q,white_box,1234,jpeg50,self,15,amman:6,amman:23,15.680000,36.1773
amman_query_1VTBGOTuAwvnyE1o4Pbm0Q,transfer_1,1234,jpeg50,self,28,amman:6,amman:23,15.679997,36.1773
amman_query_1VTBGOTuAwvnyE1o4Pbm0Q,transfer_2,1234,jpeg50,self,43,amman:6,amman:23,15.680000,36.1773
amman_query_1VTBGOTuAwvnyE1o4Pbm0Q,transfer_3,1234,jpeg50,self,24,amman:6,amman:23,15.679998,36.1773
amman_query_1VTBGOTuAwvnyE1o4Pbm0Q,transfer_4,1234,jpeg50,self,36,amman:6,amman:23,15.680000,36.1773
amman_query_1VTBGOTuAwvnyE1o4Pbm0Q,isotropic,5678,jpeg50,self,16,amman:6,amman:23,15.679997,36.1773
amman_query_1VTBGOTuAwvnyE1o4Pbm0Q,white_box,5678,jpeg50,self,13,amman:6,amman:23,15.680000,36.1773
amman_query_1VTBGOTuAwvnyE1o4Pbm0Q,transfer_1,5678,jpeg50,self,13,amman:6,amman:23,15.679998,36.1773
amman_query_1VTBGOTuAwvnyE1o4Pbm0Q,transfer_2,5678,jpeg50,self,22,amman:6,amman:23,15.679997,36.1773
amman_query_1VTBGOTuAwvnyE1o4Pbm0Q,transfer_3,5678,jpeg50,self,18,amman:6,amman:23,15.680000,36.1773
amman_query_1VTBGOTuAwvnyE1o4Pbm0Q,transfer_4,5678,jpeg50,self,7,amman:6,amman:23,15.680000,36.1773
amman_query_1VTBGOTuAwvnyE1o4Pbm0Q,isotropic,9012,jpeg50,self,13,amman:6,amman:23,15.680001,36.1773
amman_query_1VTBGOTuAwvnyE1o4Pbm0Q,white_box,9012,jpeg50,self,24,toronto:274,amman:23,15.680001,36.1773
amman_query_1VTBGOTuAwvnyE1o4Pbm0Q,transfer_1,9012,jpeg50,self,7,amman:6,amman:23,15.679997,36.1773
amman_query_1VTBGOTuAwvnyE1o4Pbm0Q,transfer_2,9012,jpeg50,self,11,amman:6,amman:23,15.679998,36.1773
amman_query_1VTBGOTuAwvnyE1o4Pbm0Q,transfer_3,9012,jpeg50,self,25,amman:6,amman:23,15.679998,36.1773
amman_query_1VTBGOTuAwvnyE1o4Pbm0Q,transfer_4,9012,jpeg50,self,28,amman:35,amman:23,15.679998,36.1773
boston_query_-NSEL0mtEJlIM-oR5yFnFg,isotropic,1234,jpeg50,self,1,boston:139,boston:139,15.680000,36.1773
boston_query_-NSEL0mtEJlIM-oR5yFnFg,white_box,1234,jpeg50,self,1,boston:139,boston:139,15.680000,36.1773
boston_query_-NSEL0mtEJlIM-oR5yFnFg,transfer_1,1234,jpeg50,self,1,boston:139,boston:139,15.679997,36.1773
boston_query_-NSEL0mtEJlIM-oR5yFnFg,transfer_2,1234,jpeg50,self,1,boston:139,boston:139,15.680001,36.1773
boston_query_-NSEL0mtEJlIM-oR5yFnFg,transfer_3,1234,jpeg50,self,1,boston:139,boston:139,15.679997,36.1773
boston_query_-NSEL0mtEJlIM-oR5yFnFg,transfer_4,1234,jpeg50,self,1,boston:139,boston:139,15.680001,36.1773
boston_query_-NSEL0mtEJlIM-oR5yFnFg,isotropic,5678,jpeg50,self,1,boston:139,boston:139,15.680000,36.1773
boston_query_-NSEL0mtEJlIM-oR5yFnFg,white_box,5678,jpeg50,self,2,boston:47,boston:139,15.680000,36.1773
boston_query_-NSEL0mtEJlIM-oR5yFnFg,transfer_1,5678,jpeg50,self,1,boston:139,boston:139,15.680000,36.1773
boston_query_-NSEL0mtEJlIM-oR5yFnFg,transfer_2,5678,jpeg50,self,1,boston:139,boston:139,15.680001,36.1773
boston_query_-NSEL0mtEJlIM-oR5yFnFg,transfer_3,5678,jpeg50,self,2,boston:47,boston:139,15.679997,36.1773
boston_query_-NSEL0mtEJlIM-oR5yFnFg,transfer_4,5678,jpeg50,self,1,boston:139,boston:139,15.679998,36.1773
boston_query_-NSEL0mtEJlIM-oR5yFnFg,isotropic,9012,jpeg50,self,1,boston:139,boston:139,15.679997,36.1773
boston_query_-NSEL0mtEJlIM-oR5yFnFg,white_box,9012,jpeg50,self,3,boston:47,boston:139,15.679997,36.1773
boston_query_-NSEL0mtEJlIM-oR5yFnFg,transfer_1,9012,jpeg50,self,2,boston:47,boston:139,15.679997,36.1773
boston_query_-NSEL0mtEJlIM-oR5yFnFg,transfer_2,9012,jpeg50,self,3,boston:47,boston:139,15.680000,36.1773
boston_query_-NSEL0mtEJlIM-oR5yFnFg,transfer_3,9012,jpeg50,self,1,boston:139,boston:139,15.680000,36.1773
boston_query_-NSEL0mtEJlIM-oR5yFnFg,transfer_4,9012,jpeg50,self,2,boston:47,boston:139,15.680000,36.1773
cph_query_-IKk5Ns9ayTUN3tqBrl3Ow,isotropic,1234,jpeg50,self,1,cph:61,cph:61,15.680000,36.1773
cph_query_-IKk5Ns9ayTUN3tqBrl3Ow,white_box,1234,jpeg50,self,1,cph:61,cph:61,15.680000,36.1773
cph_query_-IKk5Ns9ayTUN3tqBrl3Ow,transfer_1,1234,jpeg50,self,1,cph:61,cph:61,15.679998,36.1773
cph_query_-IKk5Ns9ayTUN3tqBrl3Ow,transfer_2,1234,jpeg50,self,1,cph:61,cph:61,15.679997,36.1773
cph_query_-IKk5Ns9ayTUN3tqBrl3Ow,transfer_3,1234,jpeg50,self,1,cph:61,cph:61,15.679998,36.1773
cph_query_-IKk5Ns9ayTUN3tqBrl3Ow,transfer_4,1234,jpeg50,self,1,cph:61,cph:61,15.680000,36.1773
cph_query_-IKk5Ns9ayTUN3tqBrl3Ow,isotropic,5678,jpeg50,self,1,cph:61,cph:61,15.679997,36.1773
cph_query_-IKk5Ns9ayTUN3tqBrl3Ow,white_box,5678,jpeg50,self,1,cph:61,cph:61,15.679998,36.1773
cph_query_-IKk5Ns9ayTUN3tqBrl3Ow,transfer_1,5678,jpeg50,self,1,cph:61,cph:61,15.679997,36.1773
cph_query_-IKk5Ns9ayTUN3tqBrl3Ow,transfer_2,5678,jpeg50,self,1,cph:61,cph:61,15.680000,36.1773
cph_query_-IKk5Ns9ayTUN3tqBrl3Ow,transfer_3,5678,jpeg50,self,1,cph:61,cph:61,15.680000,36.1773
cph_query_-IKk5Ns9ayTUN3tqBrl3Ow,transfer_4,5678,jpeg50,self,1,cph:61,cph:61,15.679998,36.1773
cph_query_-IKk5Ns9ayTUN3tqBrl3Ow,isotropic,9012,jpeg50,self,1,cph:61,cph:61,15.679997,36.1773
cph_query_-IKk5Ns9ayTUN3tqBrl3Ow,white_box,9012,jpeg50,self,1,cph:61,cph:61,15.680000,36.1773
cph_query_-IKk5Ns9ayTUN3tqBrl3Ow,transfer_1,9012,jpeg50,self,1,cph:61,cph:61,15.680000,36.1773
cph_query_-IKk5Ns9ayTUN3tqBrl3Ow,transfer_2,9012,jpeg50,self,1,cph:61,cph:61,15.679998,36.1773
cph_query_-IKk5Ns9ayTUN3tqBrl3Ow,transfer_3,9012,jpeg50,self,1,cph:61,cph:61,15.679998,36.1773
cph_query_-IKk5Ns9ayTUN3tqBrl3Ow,transfer_4,9012,jpeg50,self,1,cph:61,cph:61,15.680000,36.1773
london_query_-rtMM_qyd5EBLnADEBIUTA,isotropic,1234,jpeg50,self,1,london:21,london:21,15.680000,36.1773
london_query_-rtMM_qyd5EBLnADEBIUTA,white_box,1234,jpeg50,self,1,london:21,london:21,15.679997,36.1773
london_query_-rtMM_qyd5EBLnADEBIUTA,transfer_1,1234,jpeg50,self,1,london:21,london:21,15.679997,36.1773
london_query_-rtMM_qyd5EBLnADEBIUTA,transfer_2,1234,jpeg50,self,1,london:21,london:21,15.680000,36.1773
london_query_-rtMM_qyd5EBLnADEBIUTA,transfer_3,1234,jpeg50,self,1,london:21,london:21,15.680000,36.1773
london_query_-rtMM_qyd5EBLnADEBIUTA,transfer_4,1234,jpeg50,self,1,london:21,london:21,15.680001,36.1773
london_query_-rtMM_qyd5EBLnADEBIUTA,isotropic,5678,jpeg50,self,1,london:21,london:21,15.680000,36.1773
london_query_-rtMM_qyd5EBLnADEBIUTA,white_box,5678,jpeg50,self,1,london:21,london:21,15.680000,36.1773
london_query_-rtMM_qyd5EBLnADEBIUTA,transfer_1,5678,jpeg50,self,1,london:21,london:21,15.679997,36.1773
london_query_-rtMM_qyd5EBLnADEBIUTA,transfer_2,5678,jpeg50,self,1,london:21,london:21,15.679997,36.1773
london_query_-rtMM_qyd5EBLnADEBIUTA,transfer_3,5678,jpeg50,self,1,london:21,london:21,15.680001,36.1773
london_query_-rtMM_qyd5EBLnADEBIUTA,transfer_4,5678,jpeg50,self,1,london:21,london:21,15.679997,36.1773
london_query_-rtMM_qyd5EBLnADEBIUTA,isotropic,9012,jpeg50,self,1,london:21,london:21,15.680000,36.1773
london_query_-rtMM_qyd5EBLnADEBIUTA,white_box,9012,jpeg50,self,1,london:21,london:21,15.679998,36.1773
london_query_-rtMM_qyd5EBLnADEBIUTA,transfer_1,9012,jpeg50,self,1,london:21,london:21,15.680001,36.1773
london_query_-rtMM_qyd5EBLnADEBIUTA,transfer_2,9012,jpeg50,self,1,london:21,london:21,15.679997,36.1773
london_query_-rtMM_qyd5EBLnADEBIUTA,transfer_3,9012,jpeg50,self,1,london:21,london:21,15.680000,36.1773
london_query_-rtMM_qyd5EBLnADEBIUTA,transfer_4,9012,jpeg50,self,1,london:21,london:21,15.679998,36.1773
manila_query_-QdSFqylfs0aHx31jOvTVg,isotropic,1234,jpeg50,self,1,manila:183,manila:183,15.680000,36.1773
manila_query_-QdSFqylfs0aHx31jOvTVg,white_box,1234,jpeg50,self,2,nairobi:3,manila:183,15.679998,36.1773
manila_query_-QdSFqylfs0aHx31jOvTVg,transfer_1,1234,jpeg50,self,1,manila:183,manila:183,15.680000,36.1773
manila_query_-QdSFqylfs0aHx31jOvTVg,transfer_2,1234,jpeg50,self,1,manila:183,manila:183,15.679997,36.1773
manila_query_-QdSFqylfs0aHx31jOvTVg,transfer_3,1234,jpeg50,self,1,manila:183,manila:183,15.680000,36.1773
manila_query_-QdSFqylfs0aHx31jOvTVg,transfer_4,1234,jpeg50,self,1,manila:183,manila:183,15.680000,36.1773
manila_query_-QdSFqylfs0aHx31jOvTVg,isotropic,5678,jpeg50,self,1,manila:183,manila:183,15.679998,36.1773
manila_query_-QdSFqylfs0aHx31jOvTVg,white_box,5678,jpeg50,self,1,manila:183,manila:183,15.679996,36.1773
manila_query_-QdSFqylfs0aHx31jOvTVg,transfer_1,5678,jpeg50,self,1,manila:183,manila:183,15.679997,36.1773
manila_query_-QdSFqylfs0aHx31jOvTVg,transfer_2,5678,jpeg50,self,1,manila:183,manila:183,15.680000,36.1773
manila_query_-QdSFqylfs0aHx31jOvTVg,transfer_3,5678,jpeg50,self,1,manila:183,manila:183,15.679997,36.1773
manila_query_-QdSFqylfs0aHx31jOvTVg,transfer_4,5678,jpeg50,self,1,manila:183,manila:183,15.680000,36.1773
manila_query_-QdSFqylfs0aHx31jOvTVg,isotropic,9012,jpeg50,self,1,manila:183,manila:183,15.679998,36.1773
manila_query_-QdSFqylfs0aHx31jOvTVg,white_box,9012,jpeg50,self,1,manila:183,manila:183,15.679998,36.1773
manila_query_-QdSFqylfs0aHx31jOvTVg,transfer_1,9012,jpeg50,self,1,manila:183,manila:183,15.679997,36.1773
manila_query_-QdSFqylfs0aHx31jOvTVg,transfer_2,9012,jpeg50,self,1,manila:183,manila:183,15.679998,36.1773
manila_query_-QdSFqylfs0aHx31jOvTVg,transfer_3,9012,jpeg50,self,1,manila:183,manila:183,15.679997,36.1773
manila_query_-QdSFqylfs0aHx31jOvTVg,transfer_4,9012,jpeg50,self,1,manila:183,manila:183,15.680000,36.1773
nairobi_query_2Xgp5FmRFbMXgBspWoEFNg,isotropic,1234,jpeg50,self,1,nairobi:10,nairobi:10,15.680002,36.1773
nairobi_query_2Xgp5FmRFbMXgBspWoEFNg,white_box,1234,jpeg50,self,7,london:119,nairobi:10,15.679997,36.1773
nairobi_query_2Xgp5FmRFbMXgBspWoEFNg,transfer_1,1234,jpeg50,self,1,nairobi:10,nairobi:10,15.679997,36.1773
nairobi_query_2Xgp5FmRFbMXgBspWoEFNg,transfer_2,1234,jpeg50,self,1,nairobi:10,nairobi:10,15.679997,36.1773
nairobi_query_2Xgp5FmRFbMXgBspWoEFNg,transfer_3,1234,jpeg50,self,1,nairobi:10,nairobi:10,15.679998,36.1773
nairobi_query_2Xgp5FmRFbMXgBspWoEFNg,transfer_4,1234,jpeg50,self,1,nairobi:10,nairobi:10,15.679998,36.1773
nairobi_query_2Xgp5FmRFbMXgBspWoEFNg,isotropic,5678,jpeg50,self,1,nairobi:10,nairobi:10,15.679997,36.1773
nairobi_query_2Xgp5FmRFbMXgBspWoEFNg,white_box,5678,jpeg50,self,1,nairobi:10,nairobi:10,15.680000,36.1773
nairobi_query_2Xgp5FmRFbMXgBspWoEFNg,transfer_1,5678,jpeg50,self,1,nairobi:10,nairobi:10,15.680000,36.1773
nairobi_query_2Xgp5FmRFbMXgBspWoEFNg,transfer_2,5678,jpeg50,self,1,nairobi:10,nairobi:10,15.679997,36.1773
nairobi_query_2Xgp5FmRFbMXgBspWoEFNg,transfer_3,5678,jpeg50,self,1,nairobi:10,nairobi:10,15.680001,36.1773
nairobi_query_2Xgp5FmRFbMXgBspWoEFNg,transfer_4,5678,jpeg50,self,1,nairobi:10,nairobi:10,15.680000,36.1773
nairobi_query_2Xgp5FmRFbMXgBspWoEFNg,isotropic,9012,jpeg50,self,1,nairobi:10,nairobi:10,15.679997,36.1773
nairobi_query_2Xgp5FmRFbMXgBspWoEFNg,white_box,9012,jpeg50,self,1,nairobi:10,nairobi:10,15.679998,36.1773
nairobi_query_2Xgp5FmRFbMXgBspWoEFNg,transfer_1,9012,jpeg50,self,1,nairobi:10,nairobi:10,15.679998,36.1773
nairobi_query_2Xgp5FmRFbMXgBspWoEFNg,transfer_2,9012,jpeg50,self,1,nairobi:10,nairobi:10,15.679997,36.1773
nairobi_query_2Xgp5FmRFbMXgBspWoEFNg,transfer_3,9012,jpeg50,self,1,nairobi:10,nairobi:10,15.679997,36.1773
nairobi_query_2Xgp5FmRFbMXgBspWoEFNg,transfer_4,9012,jpeg50,self,1,nairobi:10,nairobi:10,15.679998,36.1773
toronto_query_-FOgEN8RNyKr0s933N-a0w,isotropic,1234,jpeg50,self,1,toronto:112,toronto:112,15.680000,36.1773
toronto_query_-FOgEN8RNyKr0s933N-a0w,white_box,1234,jpeg50,self,1,toronto:112,toronto:112,15.680000,36.1773
toronto_query_-FOgEN8RNyKr0s933N-a0w,transfer_1,1234,jpeg50,self,1,toronto:112,toronto:112,15.679997,36.1773
toronto_query_-FOgEN8RNyKr0s933N-a0w,transfer_2,1234,jpeg50,self,1,toronto:112,toronto:112,15.679998,36.1773
toronto_query_-FOgEN8RNyKr0s933N-a0w,transfer_3,1234,jpeg50,self,1,toronto:112,toronto:112,15.680000,36.1773
toronto_query_-FOgEN8RNyKr0s933N-a0w,transfer_4,1234,jpeg50,self,1,toronto:112,toronto:112,15.679997,36.1773
toronto_query_-FOgEN8RNyKr0s933N-a0w,isotropic,5678,jpeg50,self,1,toronto:112,toronto:112,15.679998,36.1773
toronto_query_-FOgEN8RNyKr0s933N-a0w,white_box,5678,jpeg50,self,1,toronto:112,toronto:112,15.680000,36.1773
toronto_query_-FOgEN8RNyKr0s933N-a0w,transfer_1,5678,jpeg50,self,1,toronto:112,toronto:112,15.679998,36.1773
toronto_query_-FOgEN8RNyKr0s933N-a0w,transfer_2,5678,jpeg50,self,1,toronto:112,toronto:112,15.679998,36.1773
toronto_query_-FOgEN8RNyKr0s933N-a0w,transfer_3,5678,jpeg50,self,1,toronto:112,toronto:112,15.679998,36.1773
toronto_query_-FOgEN8RNyKr0s933N-a0w,transfer_4,5678,jpeg50,self,1,toronto:112,toronto:112,15.680000,36.1773
toronto_query_-FOgEN8RNyKr0s933N-a0w,isotropic,9012,jpeg50,self,1,toronto:112,toronto:112,15.679997,36.1773
toronto_query_-FOgEN8RNyKr0s933N-a0w,white_box,9012,jpeg50,self,1,toronto:112,toronto:112,15.679998,36.1773
toronto_query_-FOgEN8RNyKr0s933N-a0w,transfer_1,9012,jpeg50,self,1,toronto:112,toronto:112,15.680000,36.1773
toronto_query_-FOgEN8RNyKr0s933N-a0w,transfer_2,9012,jpeg50,self,1,toronto:112,toronto:112,15.680000,36.1773
toronto_query_-FOgEN8RNyKr0s933N-a0w,transfer_3,9012,jpeg50,self,1,toronto:112,toronto:112,15.680000,36.1773
toronto_query_-FOgEN8RNyKr0s933N-a0w,transfer_4,9012,jpeg50,self,1,toronto:112,toronto:112,15.679997,36.1773
zurich_query_0F0ESDULqwk5km1KbyUEZw,isotropic,1234,jpeg50,self,1,zurich:25,zurich:25,15.680001,36.1773
zurich_query_0F0ESDULqwk5km1KbyUEZw,white_box,1234,jpeg50,self,1,zurich:25,zurich:25,15.679997,36.1773
zurich_query_0F0ESDULqwk5km1KbyUEZw,transfer_1,1234,jpeg50,self,1,zurich:25,zurich:25,15.679997,36.1773
zurich_query_0F0ESDULqwk5km1KbyUEZw,transfer_2,1234,jpeg50,self,1,zurich:25,zurich:25,15.679998,36.1773
zurich_query_0F0ESDULqwk5km1KbyUEZw,transfer_3,1234,jpeg50,self,1,zurich:25,zurich:25,15.679998,36.1773
zurich_query_0F0ESDULqwk5km1KbyUEZw,transfer_4,1234,jpeg50,self,1,zurich:25,zurich:25,15.679997,36.1773
zurich_query_0F0ESDULqwk5km1KbyUEZw,isotropic,5678,jpeg50,self,1,zurich:25,zurich:25,15.679997,36.1773
zurich_query_0F0ESDULqwk5km1KbyUEZw,white_box,5678,jpeg50,self,1,zurich:25,zurich:25,15.680001,36.1773
zurich_query_0F0ESDULqwk5km1KbyUEZw,transfer_1,5678,jpeg50,self,1,zurich:25,zurich:25,15.680000,36.1773
zurich_query_0F0ESDULqwk5km1KbyUEZw,transfer_2,5678,jpeg50,self,1,zurich:25,zurich:25,15.679998,36.1773
zurich_query_0F0ESDULqwk5km1KbyUEZw,transfer_3,5678,jpeg50,self,1,zurich:25,zurich:25,15.680000,36.1773
zurich_query_0F0ESDULqwk5km1KbyUEZw,transfer_4,5678,jpeg50,self,1,zurich:25,zurich:25,15.679997,36.1773
zurich_query_0F0ESDULqwk5km1KbyUEZw,isotropic,9012,jpeg50,self,1,zurich:25,zurich:25,15.679998,36.1773
zurich_query_0F0ESDULqwk5km1KbyUEZw,white_box,9012,jpeg50,self,1,zurich:25,zurich:25,15.680000,36.1773
zurich_query_0F0ESDULqwk5km1KbyUEZw,transfer_1,9012,jpeg50,self,1,zurich:25,zurich:25,15.680000,36.1773
zurich_query_0F0ESDULqwk5km1KbyUEZw,transfer_2,9012,jpeg50,self,1,zurich:25,zurich:25,15.679998,36.1773
zurich_query_0F0ESDULqwk5km1KbyUEZw,transfer_3,9012,jpeg50,self,1,zurich:25,zurich:25,15.679997,36.1773
zurich_query_0F0ESDULqwk5km1KbyUEZw,transfer_4,9012,jpeg50,self,1,zurich:25,zurich:25,15.679998,36.1773
amman_query_1_jzc52w72UKyKztvVoygQ,isotropic,1234,jpeg50,self,5,amman:6,amman:23,15.679997,36.1773
amman_query_1_jzc52w72UKyKztvVoygQ,white_box,1234,jpeg50,self,18,amman:6,amman:23,15.679998,36.1773
amman_query_1_jzc52w72UKyKztvVoygQ,transfer_1,1234,jpeg50,self,9,amman:6,amman:23,15.680000,36.1773
amman_query_1_jzc52w72UKyKztvVoygQ,transfer_2,1234,jpeg50,self,9,amman:6,amman:23,15.680000,36.1773
amman_query_1_jzc52w72UKyKztvVoygQ,transfer_3,1234,jpeg50,self,6,amman:6,amman:23,15.679997,36.1773
amman_query_1_jzc52w72UKyKztvVoygQ,transfer_4,1234,jpeg50,self,6,amman:6,amman:23,15.679997,36.1773
amman_query_1_jzc52w72UKyKztvVoygQ,isotropic,5678,jpeg50,self,5,amman:6,amman:23,15.680000,36.1773
amman_query_1_jzc52w72UKyKztvVoygQ,white_box,5678,jpeg50,self,13,amman:0,amman:23,15.680000,36.1773
amman_query_1_jzc52w72UKyKztvVoygQ,transfer_1,5678,jpeg50,self,9,amman:6,amman:23,15.680000,36.1773
amman_query_1_jzc52w72UKyKztvVoygQ,transfer_2,5678,jpeg50,self,21,amman:6,amman:23,15.679997,36.1773
amman_query_1_jzc52w72UKyKztvVoygQ,transfer_3,5678,jpeg50,self,33,amman:6,amman:23,15.679997,36.1773
amman_query_1_jzc52w72UKyKztvVoygQ,transfer_4,5678,jpeg50,self,8,amman:6,amman:23,15.680000,36.1773
amman_query_1_jzc52w72UKyKztvVoygQ,isotropic,9012,jpeg50,self,5,amman:6,amman:23,15.680000,36.1773
amman_query_1_jzc52w72UKyKztvVoygQ,white_box,9012,jpeg50,self,18,amman:0,amman:23,15.680000,36.1773
amman_query_1_jzc52w72UKyKztvVoygQ,transfer_1,9012,jpeg50,self,17,amman:6,amman:23,15.679997,36.1773
amman_query_1_jzc52w72UKyKztvVoygQ,transfer_2,9012,jpeg50,self,16,amman:6,amman:23,15.680000,36.1773
amman_query_1_jzc52w72UKyKztvVoygQ,transfer_3,9012,jpeg50,self,36,amman:6,amman:23,15.680001,36.1773
amman_query_1_jzc52w72UKyKztvVoygQ,transfer_4,9012,jpeg50,self,15,amman:6,amman:23,15.679997,36.1773
boston_query_-NUm2lI2JYWeHZ6lrL2eZA,isotropic,1234,jpeg50,self,9,boston:262,boston:34,15.679997,36.1773
boston_query_-NUm2lI2JYWeHZ6lrL2eZA,white_box,1234,jpeg50,self,23,boston:262,boston:34,15.680000,36.1773
boston_query_-NUm2lI2JYWeHZ6lrL2eZA,transfer_1,1234,jpeg50,self,4,boston:262,boston:34,15.680000,36.1773
boston_query_-NUm2lI2JYWeHZ6lrL2eZA,transfer_2,1234,jpeg50,self,16,boston:262,boston:34,15.680000,36.1773
boston_query_-NUm2lI2JYWeHZ6lrL2eZA,transfer_3,1234,jpeg50,self,9,boston:206,boston:34,15.680000,36.1773
boston_query_-NUm2lI2JYWeHZ6lrL2eZA,transfer_4,1234,jpeg50,self,14,boston:262,boston:34,15.679996,36.1773
boston_query_-NUm2lI2JYWeHZ6lrL2eZA,isotropic,5678,jpeg50,self,13,boston:262,boston:34,15.680000,36.1773
boston_query_-NUm2lI2JYWeHZ6lrL2eZA,white_box,5678,jpeg50,self,10,boston:262,boston:34,15.679997,36.1773
boston_query_-NUm2lI2JYWeHZ6lrL2eZA,transfer_1,5678,jpeg50,self,6,boston:262,boston:34,15.680000,36.1773
boston_query_-NUm2lI2JYWeHZ6lrL2eZA,transfer_2,5678,jpeg50,self,24,boston:262,boston:34,15.679998,36.1773
boston_query_-NUm2lI2JYWeHZ6lrL2eZA,transfer_3,5678,jpeg50,self,6,boston:262,boston:34,15.680002,36.1773
boston_query_-NUm2lI2JYWeHZ6lrL2eZA,transfer_4,5678,jpeg50,self,7,boston:262,boston:34,15.679998,36.1773
boston_query_-NUm2lI2JYWeHZ6lrL2eZA,isotropic,9012,jpeg50,self,16,boston:262,boston:34,15.679997,36.1773
boston_query_-NUm2lI2JYWeHZ6lrL2eZA,white_box,9012,jpeg50,self,56,boston:262,boston:34,15.679997,36.1773
boston_query_-NUm2lI2JYWeHZ6lrL2eZA,transfer_1,9012,jpeg50,self,9,boston:262,boston:34,15.680000,36.1773
boston_query_-NUm2lI2JYWeHZ6lrL2eZA,transfer_2,9012,jpeg50,self,16,boston:262,boston:34,15.680000,36.1773
boston_query_-NUm2lI2JYWeHZ6lrL2eZA,transfer_3,9012,jpeg50,self,45,boston:262,boston:34,15.680000,36.1773
boston_query_-NUm2lI2JYWeHZ6lrL2eZA,transfer_4,9012,jpeg50,self,9,boston:262,boston:34,15.679997,36.1773
cph_query_-JMzfm4NuuBt61JuZ2sggw,isotropic,1234,jpeg50,self,1,cph:395,cph:395,15.679997,36.1773
cph_query_-JMzfm4NuuBt61JuZ2sggw,white_box,1234,jpeg50,self,1,cph:395,cph:395,15.679997,36.1773
cph_query_-JMzfm4NuuBt61JuZ2sggw,transfer_1,1234,jpeg50,self,1,cph:395,cph:395,15.679998,36.1773
cph_query_-JMzfm4NuuBt61JuZ2sggw,transfer_2,1234,jpeg50,self,1,cph:395,cph:395,15.679997,36.1773
cph_query_-JMzfm4NuuBt61JuZ2sggw,transfer_3,1234,jpeg50,self,1,cph:395,cph:395,15.679998,36.1773
cph_query_-JMzfm4NuuBt61JuZ2sggw,transfer_4,1234,jpeg50,self,1,cph:395,cph:395,15.679997,36.1773
cph_query_-JMzfm4NuuBt61JuZ2sggw,isotropic,5678,jpeg50,self,1,cph:395,cph:395,15.680000,36.1773
cph_query_-JMzfm4NuuBt61JuZ2sggw,white_box,5678,jpeg50,self,1,cph:395,cph:395,15.680000,36.1773
cph_query_-JMzfm4NuuBt61JuZ2sggw,transfer_1,5678,jpeg50,self,1,cph:395,cph:395,15.679997,36.1773
cph_query_-JMzfm4NuuBt61JuZ2sggw,transfer_2,5678,jpeg50,self,1,cph:395,cph:395,15.680000,36.1773
cph_query_-JMzfm4NuuBt61JuZ2sggw,transfer_3,5678,jpeg50,self,1,cph:395,cph:395,15.680001,36.1773
cph_query_-JMzfm4NuuBt61JuZ2sggw,transfer_4,5678,jpeg50,self,1,cph:395,cph:395,15.680000,36.1773
cph_query_-JMzfm4NuuBt61JuZ2sggw,isotropic,9012,jpeg50,self,1,cph:395,cph:395,15.679997,36.1773
cph_query_-JMzfm4NuuBt61JuZ2sggw,white_box,9012,jpeg50,self,2,toronto:33,cph:395,15.679997,36.1773
cph_query_-JMzfm4NuuBt61JuZ2sggw,transfer_1,9012,jpeg50,self,1,cph:395,cph:395,15.680001,36.1773
cph_query_-JMzfm4NuuBt61JuZ2sggw,transfer_2,9012,jpeg50,self,1,cph:395,cph:395,15.679997,36.1773
cph_query_-JMzfm4NuuBt61JuZ2sggw,transfer_3,9012,jpeg50,self,1,cph:395,cph:395,15.679998,36.1773
cph_query_-JMzfm4NuuBt61JuZ2sggw,transfer_4,9012,jpeg50,self,1,cph:395,cph:395,15.680000,36.1773
london_query_-u8BrzndSdD1lHKeeOwN1A,isotropic,1234,jpeg50,self,3,zurich:8,london:121,15.680000,36.1773
london_query_-u8BrzndSdD1lHKeeOwN1A,white_box,1234,jpeg50,self,16,nairobi:19,london:121,15.679997,36.1773
london_query_-u8BrzndSdD1lHKeeOwN1A,transfer_1,1234,jpeg50,self,5,zurich:8,london:121,15.680000,36.1773
london_query_-u8BrzndSdD1lHKeeOwN1A,transfer_2,1234,jpeg50,self,1,london:121,london:121,15.680000,36.1773
london_query_-u8BrzndSdD1lHKeeOwN1A,transfer_3,1234,jpeg50,self,2,zurich:8,london:121,15.680000,36.1773
london_query_-u8BrzndSdD1lHKeeOwN1A,transfer_4,1234,jpeg50,self,1,london:121,london:121,15.680000,36.1773
london_query_-u8BrzndSdD1lHKeeOwN1A,isotropic,5678,jpeg50,self,6,zurich:8,london:121,15.679997,36.1773
london_query_-u8BrzndSdD1lHKeeOwN1A,white_box,5678,jpeg50,self,4,zurich:8,london:121,15.680002,36.1773
london_query_-u8BrzndSdD1lHKeeOwN1A,transfer_1,5678,jpeg50,self,3,boston:234,london:121,15.679998,36.1773
london_query_-u8BrzndSdD1lHKeeOwN1A,transfer_2,5678,jpeg50,self,3,zurich:8,london:121,15.679997,36.1773
london_query_-u8BrzndSdD1lHKeeOwN1A,transfer_3,5678,jpeg50,self,1,london:121,london:121,15.680000,36.1773
london_query_-u8BrzndSdD1lHKeeOwN1A,transfer_4,5678,jpeg50,self,1,london:121,london:121,15.679997,36.1773
london_query_-u8BrzndSdD1lHKeeOwN1A,isotropic,9012,jpeg50,self,5,zurich:8,london:121,15.680000,36.1773
london_query_-u8BrzndSdD1lHKeeOwN1A,white_box,9012,jpeg50,self,1,london:121,london:121,15.679998,36.1773
london_query_-u8BrzndSdD1lHKeeOwN1A,transfer_1,9012,jpeg50,self,2,zurich:8,london:121,15.680000,36.1773
london_query_-u8BrzndSdD1lHKeeOwN1A,transfer_2,9012,jpeg50,self,1,london:121,london:121,15.680000,36.1773
london_query_-u8BrzndSdD1lHKeeOwN1A,transfer_3,9012,jpeg50,self,5,zurich:8,london:121,15.680001,36.1773
london_query_-u8BrzndSdD1lHKeeOwN1A,transfer_4,9012,jpeg50,self,1,london:121,london:121,15.679997,36.1773
manila_query_-QvNwUfMuYwx4zaJzG9hHA,isotropic,1234,jpeg50,self,1,manila:134,manila:134,15.680000,36.1773
manila_query_-QvNwUfMuYwx4zaJzG9hHA,white_box,1234,jpeg50,self,1,manila:134,manila:134,15.680000,36.1773
manila_query_-QvNwUfMuYwx4zaJzG9hHA,transfer_1,1234,jpeg50,self,1,manila:134,manila:134,15.680000,36.1773
manila_query_-QvNwUfMuYwx4zaJzG9hHA,transfer_2,1234,jpeg50,self,1,manila:134,manila:134,15.679997,36.1773
manila_query_-QvNwUfMuYwx4zaJzG9hHA,transfer_3,1234,jpeg50,self,1,manila:134,manila:134,15.680000,36.1773
manila_query_-QvNwUfMuYwx4zaJzG9hHA,transfer_4,1234,jpeg50,self,1,manila:134,manila:134,15.680000,36.1773
manila_query_-QvNwUfMuYwx4zaJzG9hHA,isotropic,5678,jpeg50,self,1,manila:134,manila:134,15.680000,36.1773
manila_query_-QvNwUfMuYwx4zaJzG9hHA,white_box,5678,jpeg50,self,4,manila:51,manila:134,15.680001,36.1773
manila_query_-QvNwUfMuYwx4zaJzG9hHA,transfer_1,5678,jpeg50,self,1,manila:134,manila:134,15.679997,36.1773
manila_query_-QvNwUfMuYwx4zaJzG9hHA,transfer_2,5678,jpeg50,self,1,manila:134,manila:134,15.679997,36.1773
manila_query_-QvNwUfMuYwx4zaJzG9hHA,transfer_3,5678,jpeg50,self,1,manila:134,manila:134,15.679997,36.1773
manila_query_-QvNwUfMuYwx4zaJzG9hHA,transfer_4,5678,jpeg50,self,1,manila:134,manila:134,15.679997,36.1773
manila_query_-QvNwUfMuYwx4zaJzG9hHA,isotropic,9012,jpeg50,self,1,manila:134,manila:134,15.679998,36.1773
manila_query_-QvNwUfMuYwx4zaJzG9hHA,white_box,9012,jpeg50,self,1,manila:134,manila:134,15.680002,36.1773
manila_query_-QvNwUfMuYwx4zaJzG9hHA,transfer_1,9012,jpeg50,self,1,manila:134,manila:134,15.679997,36.1773
manila_query_-QvNwUfMuYwx4zaJzG9hHA,transfer_2,9012,jpeg50,self,1,manila:134,manila:134,15.680002,36.1773
manila_query_-QvNwUfMuYwx4zaJzG9hHA,transfer_3,9012,jpeg50,self,1,manila:134,manila:134,15.680000,36.1773
manila_query_-QvNwUfMuYwx4zaJzG9hHA,transfer_4,9012,jpeg50,self,1,manila:134,manila:134,15.679997,36.1773
nairobi_query_2hMXkBjbWEdGXSh4zxGVeg,isotropic,1234,jpeg50,self,1,nairobi:22,nairobi:22,15.680000,36.1773
nairobi_query_2hMXkBjbWEdGXSh4zxGVeg,white_box,1234,jpeg50,self,1,nairobi:22,nairobi:22,15.679997,36.1773
nairobi_query_2hMXkBjbWEdGXSh4zxGVeg,transfer_1,1234,jpeg50,self,1,nairobi:22,nairobi:22,15.680001,36.1773
nairobi_query_2hMXkBjbWEdGXSh4zxGVeg,transfer_2,1234,jpeg50,self,1,nairobi:22,nairobi:22,15.680001,36.1773
nairobi_query_2hMXkBjbWEdGXSh4zxGVeg,transfer_3,1234,jpeg50,self,1,nairobi:22,nairobi:22,15.679998,36.1773
nairobi_query_2hMXkBjbWEdGXSh4zxGVeg,transfer_4,1234,jpeg50,self,1,nairobi:22,nairobi:22,15.680001,36.1773
nairobi_query_2hMXkBjbWEdGXSh4zxGVeg,isotropic,5678,jpeg50,self,1,nairobi:22,nairobi:22,15.679998,36.1773
nairobi_query_2hMXkBjbWEdGXSh4zxGVeg,white_box,5678,jpeg50,self,1,nairobi:22,nairobi:22,15.680000,36.1773
nairobi_query_2hMXkBjbWEdGXSh4zxGVeg,transfer_1,5678,jpeg50,self,1,nairobi:22,nairobi:22,15.679997,36.1773
nairobi_query_2hMXkBjbWEdGXSh4zxGVeg,transfer_2,5678,jpeg50,self,1,nairobi:22,nairobi:22,15.680000,36.1773
nairobi_query_2hMXkBjbWEdGXSh4zxGVeg,transfer_3,5678,jpeg50,self,1,nairobi:22,nairobi:22,15.679997,36.1773
nairobi_query_2hMXkBjbWEdGXSh4zxGVeg,transfer_4,5678,jpeg50,self,1,nairobi:22,nairobi:22,15.679997,36.1773
nairobi_query_2hMXkBjbWEdGXSh4zxGVeg,isotropic,9012,jpeg50,self,1,nairobi:22,nairobi:22,15.679997,36.1773
nairobi_query_2hMXkBjbWEdGXSh4zxGVeg,white_box,9012,jpeg50,self,3,nairobi:10,nairobi:22,15.679997,36.1773
nairobi_query_2hMXkBjbWEdGXSh4zxGVeg,transfer_1,9012,jpeg50,self,1,nairobi:22,nairobi:22,15.679997,36.1773
nairobi_query_2hMXkBjbWEdGXSh4zxGVeg,transfer_2,9012,jpeg50,self,1,nairobi:22,nairobi:22,15.680000,36.1773
nairobi_query_2hMXkBjbWEdGXSh4zxGVeg,transfer_3,9012,jpeg50,self,1,nairobi:22,nairobi:22,15.680000,36.1773
nairobi_query_2hMXkBjbWEdGXSh4zxGVeg,transfer_4,9012,jpeg50,self,1,nairobi:22,nairobi:22,15.679997,36.1773
toronto_query_-FRsj6TVpdbM-sdJNwZZbw,isotropic,1234,jpeg50,self,1,toronto:58,toronto:58,15.679997,36.1773
toronto_query_-FRsj6TVpdbM-sdJNwZZbw,white_box,1234,jpeg50,self,3,nairobi:3,toronto:58,15.680000,36.1773
toronto_query_-FRsj6TVpdbM-sdJNwZZbw,transfer_1,1234,jpeg50,self,1,toronto:58,toronto:58,15.679997,36.1773
toronto_query_-FRsj6TVpdbM-sdJNwZZbw,transfer_2,1234,jpeg50,self,1,toronto:58,toronto:58,15.680000,36.1773
toronto_query_-FRsj6TVpdbM-sdJNwZZbw,transfer_3,1234,jpeg50,self,1,toronto:58,toronto:58,15.679997,36.1773
toronto_query_-FRsj6TVpdbM-sdJNwZZbw,transfer_4,1234,jpeg50,self,2,manila:181,toronto:58,15.680002,36.1773
toronto_query_-FRsj6TVpdbM-sdJNwZZbw,isotropic,5678,jpeg50,self,1,toronto:58,toronto:58,15.679997,36.1773
toronto_query_-FRsj6TVpdbM-sdJNwZZbw,white_box,5678,jpeg50,self,28,boston:123,toronto:58,15.680002,36.1773
toronto_query_-FRsj6TVpdbM-sdJNwZZbw,transfer_1,5678,jpeg50,self,1,toronto:58,toronto:58,15.680001,36.1773
toronto_query_-FRsj6TVpdbM-sdJNwZZbw,transfer_2,5678,jpeg50,self,1,toronto:58,toronto:58,15.680000,36.1773
toronto_query_-FRsj6TVpdbM-sdJNwZZbw,transfer_3,5678,jpeg50,self,1,toronto:58,toronto:58,15.679997,36.1773
toronto_query_-FRsj6TVpdbM-sdJNwZZbw,transfer_4,5678,jpeg50,self,1,toronto:58,toronto:58,15.680000,36.1773
toronto_query_-FRsj6TVpdbM-sdJNwZZbw,isotropic,9012,jpeg50,self,1,toronto:58,toronto:58,15.680001,36.1773
toronto_query_-FRsj6TVpdbM-sdJNwZZbw,white_box,9012,jpeg50,self,1,toronto:58,toronto:58,15.680000,36.1773
toronto_query_-FRsj6TVpdbM-sdJNwZZbw,transfer_1,9012,jpeg50,self,1,toronto:58,toronto:58,15.679997,36.1773
toronto_query_-FRsj6TVpdbM-sdJNwZZbw,transfer_2,9012,jpeg50,self,1,toronto:58,toronto:58,15.679997,36.1773
toronto_query_-FRsj6TVpdbM-sdJNwZZbw,transfer_3,9012,jpeg50,self,1,toronto:58,toronto:58,15.680000,36.1773
toronto_query_-FRsj6TVpdbM-sdJNwZZbw,transfer_4,9012,jpeg50,self,1,toronto:58,toronto:58,15.679997,36.1773
zurich_query_0FEApLaNMLno1PTABlbYyQ,isotropic,1234,jpeg50,self,1,zurich:37,zurich:37,15.680000,36.1773
zurich_query_0FEApLaNMLno1PTABlbYyQ,white_box,1234,jpeg50,self,1,zurich:37,zurich:37,15.680000,36.1773
zurich_query_0FEApLaNMLno1PTABlbYyQ,transfer_1,1234,jpeg50,self,1,zurich:37,zurich:37,15.679997,36.1773
zurich_query_0FEApLaNMLno1PTABlbYyQ,transfer_2,1234,jpeg50,self,1,zurich:37,zurich:37,15.679997,36.1773
zurich_query_0FEApLaNMLno1PTABlbYyQ,transfer_3,1234,jpeg50,self,1,zurich:37,zurich:37,15.679997,36.1773
zurich_query_0FEApLaNMLno1PTABlbYyQ,transfer_4,1234,jpeg50,self,1,zurich:37,zurich:37,15.680000,36.1773
zurich_query_0FEApLaNMLno1PTABlbYyQ,isotropic,5678,jpeg50,self,1,zurich:37,zurich:37,15.679998,36.1773
zurich_query_0FEApLaNMLno1PTABlbYyQ,white_box,5678,jpeg50,self,1,zurich:37,zurich:37,15.679998,36.1773
zurich_query_0FEApLaNMLno1PTABlbYyQ,transfer_1,5678,jpeg50,self,1,zurich:37,zurich:37,15.679997,36.1773
zurich_query_0FEApLaNMLno1PTABlbYyQ,transfer_2,5678,jpeg50,self,1,zurich:37,zurich:37,15.680000,36.1773
zurich_query_0FEApLaNMLno1PTABlbYyQ,transfer_3,5678,jpeg50,self,1,zurich:37,zurich:37,15.679997,36.1773
zurich_query_0FEApLaNMLno1PTABlbYyQ,transfer_4,5678,jpeg50,self,1,zurich:37,zurich:37,15.679997,36.1773
zurich_query_0FEApLaNMLno1PTABlbYyQ,isotropic,9012,jpeg50,self,1,zurich:37,zurich:37,15.679998,36.1773
zurich_query_0FEApLaNMLno1PTABlbYyQ,white_box,9012,jpeg50,self,1,zurich:37,zurich:37,15.679997,36.1773
zurich_query_0FEApLaNMLno1PTABlbYyQ,transfer_1,9012,jpeg50,self,1,zurich:37,zurich:37,15.679997,36.1773
zurich_query_0FEApLaNMLno1PTABlbYyQ,transfer_2,9012,jpeg50,self,1,zurich:37,zurich:37,15.679998,36.1773
zurich_query_0FEApLaNMLno1PTABlbYyQ,transfer_3,9012,jpeg50,self,1,zurich:37,zurich:37,15.680001,36.1773
zurich_query_0FEApLaNMLno1PTABlbYyQ,transfer_4,9012,jpeg50,self,1,zurich:37,zurich:37,15.679996,36.1773
amman_query_1jA0_v7p_4KHVbia4DG7Bw,isotropic,1234,jpeg50,self,1,amman:13,amman:13,15.679997,36.1773
amman_query_1jA0_v7p_4KHVbia4DG7Bw,white_box,1234,jpeg50,self,1,amman:13,amman:13,15.680000,36.1773
amman_query_1jA0_v7p_4KHVbia4DG7Bw,transfer_1,1234,jpeg50,self,1,amman:13,amman:13,15.679998,36.1773
amman_query_1jA0_v7p_4KHVbia4DG7Bw,transfer_2,1234,jpeg50,self,1,amman:13,amman:13,15.680000,36.1773
amman_query_1jA0_v7p_4KHVbia4DG7Bw,transfer_3,1234,jpeg50,self,1,amman:13,amman:13,15.680000,36.1773
amman_query_1jA0_v7p_4KHVbia4DG7Bw,transfer_4,1234,jpeg50,self,1,amman:13,amman:13,15.680000,36.1773
amman_query_1jA0_v7p_4KHVbia4DG7Bw,isotropic,5678,jpeg50,self,1,amman:13,amman:13,15.680000,36.1773
amman_query_1jA0_v7p_4KHVbia4DG7Bw,white_box,5678,jpeg50,self,1,amman:13,amman:13,15.680000,36.1773
amman_query_1jA0_v7p_4KHVbia4DG7Bw,transfer_1,5678,jpeg50,self,1,amman:13,amman:13,15.680000,36.1773
amman_query_1jA0_v7p_4KHVbia4DG7Bw,transfer_2,5678,jpeg50,self,1,amman:13,amman:13,15.679997,36.1773
amman_query_1jA0_v7p_4KHVbia4DG7Bw,transfer_3,5678,jpeg50,self,1,amman:13,amman:13,15.679997,36.1773
amman_query_1jA0_v7p_4KHVbia4DG7Bw,transfer_4,5678,jpeg50,self,1,amman:13,amman:13,15.679997,36.1773
amman_query_1jA0_v7p_4KHVbia4DG7Bw,isotropic,9012,jpeg50,self,1,amman:13,amman:13,15.680000,36.1773
amman_query_1jA0_v7p_4KHVbia4DG7Bw,white_box,9012,jpeg50,self,1,amman:13,amman:13,15.680000,36.1773
amman_query_1jA0_v7p_4KHVbia4DG7Bw,transfer_1,9012,jpeg50,self,1,amman:13,amman:13,15.679997,36.1773
amman_query_1jA0_v7p_4KHVbia4DG7Bw,transfer_2,9012,jpeg50,self,1,amman:13,amman:13,15.680000,36.1773
amman_query_1jA0_v7p_4KHVbia4DG7Bw,transfer_3,9012,jpeg50,self,1,amman:13,amman:13,15.680000,36.1773
amman_query_1jA0_v7p_4KHVbia4DG7Bw,transfer_4,9012,jpeg50,self,1,amman:13,amman:13,15.680000,36.1773
boston_query_-O6nZhSO0Cgq4iaZ522K2g,isotropic,1234,jpeg50,self,1,boston:90,boston:90,15.679997,36.1773
boston_query_-O6nZhSO0Cgq4iaZ522K2g,white_box,1234,jpeg50,self,1,boston:90,boston:90,15.680000,36.1773
boston_query_-O6nZhSO0Cgq4iaZ522K2g,transfer_1,1234,jpeg50,self,1,boston:90,boston:90,15.680000,36.1773
boston_query_-O6nZhSO0Cgq4iaZ522K2g,transfer_2,1234,jpeg50,self,1,boston:90,boston:90,15.679998,36.1773
boston_query_-O6nZhSO0Cgq4iaZ522K2g,transfer_3,1234,jpeg50,self,1,boston:90,boston:90,15.679997,36.1773
boston_query_-O6nZhSO0Cgq4iaZ522K2g,transfer_4,1234,jpeg50,self,1,boston:90,boston:90,15.679997,36.1773
boston_query_-O6nZhSO0Cgq4iaZ522K2g,isotropic,5678,jpeg50,self,1,boston:90,boston:90,15.680000,36.1773
boston_query_-O6nZhSO0Cgq4iaZ522K2g,white_box,5678,jpeg50,self,1,boston:90,boston:90,15.679998,36.1773
boston_query_-O6nZhSO0Cgq4iaZ522K2g,transfer_1,5678,jpeg50,self,1,boston:90,boston:90,15.680000,36.1773
boston_query_-O6nZhSO0Cgq4iaZ522K2g,transfer_2,5678,jpeg50,self,1,boston:90,boston:90,15.680000,36.1773
boston_query_-O6nZhSO0Cgq4iaZ522K2g,transfer_3,5678,jpeg50,self,1,boston:90,boston:90,15.679997,36.1773
boston_query_-O6nZhSO0Cgq4iaZ522K2g,transfer_4,5678,jpeg50,self,1,boston:90,boston:90,15.679997,36.1773
boston_query_-O6nZhSO0Cgq4iaZ522K2g,isotropic,9012,jpeg50,self,1,boston:90,boston:90,15.679998,36.1773
boston_query_-O6nZhSO0Cgq4iaZ522K2g,white_box,9012,jpeg50,self,1,boston:90,boston:90,15.679998,36.1773
boston_query_-O6nZhSO0Cgq4iaZ522K2g,transfer_1,9012,jpeg50,self,1,boston:90,boston:90,15.679997,36.1773
boston_query_-O6nZhSO0Cgq4iaZ522K2g,transfer_2,9012,jpeg50,self,1,boston:90,boston:90,15.679997,36.1773
boston_query_-O6nZhSO0Cgq4iaZ522K2g,transfer_3,9012,jpeg50,self,1,boston:90,boston:90,15.680002,36.1773
boston_query_-O6nZhSO0Cgq4iaZ522K2g,transfer_4,9012,jpeg50,self,1,boston:90,boston:90,15.679998,36.1773
cph_query_-MUw194v9r5C1394mci6-A,isotropic,1234,jpeg50,self,25,zurich:44,cph:384,15.680002,36.1773
cph_query_-MUw194v9r5C1394mci6-A,white_box,1234,jpeg50,self,58,zurich:44,cph:384,15.680002,36.1773
cph_query_-MUw194v9r5C1394mci6-A,transfer_1,1234,jpeg50,self,90,zurich:44,cph:384,15.680000,36.1773
cph_query_-MUw194v9r5C1394mci6-A,transfer_2,1234,jpeg50,self,24,zurich:44,cph:384,15.679997,36.1773
cph_query_-MUw194v9r5C1394mci6-A,transfer_3,1234,jpeg50,self,50,zurich:44,cph:384,15.680000,36.1773
cph_query_-MUw194v9r5C1394mci6-A,transfer_4,1234,jpeg50,self,91,zurich:44,cph:384,15.679997,36.1773
cph_query_-MUw194v9r5C1394mci6-A,isotropic,5678,jpeg50,self,23,zurich:44,cph:384,15.679997,36.1773
cph_query_-MUw194v9r5C1394mci6-A,white_box,5678,jpeg50,self,129,zurich:44,cph:384,15.679998,36.1773
cph_query_-MUw194v9r5C1394mci6-A,transfer_1,5678,jpeg50,self,64,boston:145,cph:384,15.680000,36.1773
cph_query_-MUw194v9r5C1394mci6-A,transfer_2,5678,jpeg50,self,76,zurich:44,cph:384,15.679997,36.1773
cph_query_-MUw194v9r5C1394mci6-A,transfer_3,5678,jpeg50,self,18,zurich:44,cph:384,15.680001,36.1773
cph_query_-MUw194v9r5C1394mci6-A,transfer_4,5678,jpeg50,self,26,zurich:44,cph:384,15.679997,36.1773
cph_query_-MUw194v9r5C1394mci6-A,isotropic,9012,jpeg50,self,67,zurich:44,cph:384,15.680000,36.1773
cph_query_-MUw194v9r5C1394mci6-A,white_box,9012,jpeg50,self,29,boston:145,cph:384,15.679997,36.1773
cph_query_-MUw194v9r5C1394mci6-A,transfer_1,9012,jpeg50,self,25,zurich:44,cph:384,15.680000,36.1773
cph_query_-MUw194v9r5C1394mci6-A,transfer_2,9012,jpeg50,self,21,zurich:44,cph:384,15.680000,36.1773
cph_query_-MUw194v9r5C1394mci6-A,transfer_3,9012,jpeg50,self,54,zurich:44,cph:384,15.680000,36.1773
cph_query_-MUw194v9r5C1394mci6-A,transfer_4,9012,jpeg50,self,25,zurich:44,cph:384,15.680000,36.1773
london_query_-vkja3p0MzaoZlQOooT-YQ,isotropic,1234,jpeg50,self,3,london:125,london:121,15.680000,36.1773
london_query_-vkja3p0MzaoZlQOooT-YQ,white_box,1234,jpeg50,self,8,amman:35,london:121,15.679997,36.1773
london_query_-vkja3p0MzaoZlQOooT-YQ,transfer_1,1234,jpeg50,self,1,london:121,london:121,15.680000,36.1773
london_query_-vkja3p0MzaoZlQOooT-YQ,transfer_2,1234,jpeg50,self,7,amman:21,london:121,15.679998,36.1773
london_query_-vkja3p0MzaoZlQOooT-YQ,transfer_3,1234,jpeg50,self,1,london:121,london:121,15.680000,36.1773
london_query_-vkja3p0MzaoZlQOooT-YQ,transfer_4,1234,jpeg50,self,1,london:121,london:121,15.679998,36.1773
london_query_-vkja3p0MzaoZlQOooT-YQ,isotropic,5678,jpeg50,self,5,boston:234,london:121,15.680000,36.1773
london_query_-vkja3p0MzaoZlQOooT-YQ,white_box,5678,jpeg50,self,1,london:121,london:121,15.680000,36.1773
london_query_-vkja3p0MzaoZlQOooT-YQ,transfer_1,5678,jpeg50,self,5,london:125,london:121,15.679998,36.1773
london_query_-vkja3p0MzaoZlQOooT-YQ,transfer_2,5678,jpeg50,self,7,amman:21,london:121,15.679997,36.1773
london_query_-vkja3p0MzaoZlQOooT-YQ,transfer_3,5678,jpeg50,self,1,london:121,london:121,15.679998,36.1773
london_query_-vkja3p0MzaoZlQOooT-YQ,transfer_4,5678,jpeg50,self,17,cph:33,london:121,15.680000,36.1773
london_query_-vkja3p0MzaoZlQOooT-YQ,isotropic,9012,jpeg50,self,7,boston:234,london:121,15.679997,36.1773
london_query_-vkja3p0MzaoZlQOooT-YQ,white_box,9012,jpeg50,self,1,london:121,london:121,15.680001,36.1773
london_query_-vkja3p0MzaoZlQOooT-YQ,transfer_1,9012,jpeg50,self,6,amman:35,london:121,15.679998,36.1773
london_query_-vkja3p0MzaoZlQOooT-YQ,transfer_2,9012,jpeg50,self,3,amman:35,london:121,15.679998,36.1773
london_query_-vkja3p0MzaoZlQOooT-YQ,transfer_3,9012,jpeg50,self,5,london:125,london:121,15.680002,36.1773
london_query_-vkja3p0MzaoZlQOooT-YQ,transfer_4,9012,jpeg50,self,1,london:121,london:121,15.679997,36.1773
manila_query_-RZzhLSoiUGq-PShtIhzxw,isotropic,1234,jpeg50,self,1,manila:54,manila:54,15.679997,36.1773
manila_query_-RZzhLSoiUGq-PShtIhzxw,white_box,1234,jpeg50,self,1,manila:54,manila:54,15.679997,36.1773
manila_query_-RZzhLSoiUGq-PShtIhzxw,transfer_1,1234,jpeg50,self,1,manila:54,manila:54,15.680001,36.1773
manila_query_-RZzhLSoiUGq-PShtIhzxw,transfer_2,1234,jpeg50,self,1,manila:54,manila:54,15.679997,36.1773
manila_query_-RZzhLSoiUGq-PShtIhzxw,transfer_3,1234,jpeg50,self,1,manila:54,manila:54,15.680000,36.1773
manila_query_-RZzhLSoiUGq-PShtIhzxw,transfer_4,1234,jpeg50,self,1,manila:54,manila:54,15.680000,36.1773
manila_query_-RZzhLSoiUGq-PShtIhzxw,isotropic,5678,jpeg50,self,1,manila:54,manila:54,15.680000,36.1773
manila_query_-RZzhLSoiUGq-PShtIhzxw,white_box,5678,jpeg50,self,1,manila:54,manila:54,15.680000,36.1773
manila_query_-RZzhLSoiUGq-PShtIhzxw,transfer_1,5678,jpeg50,self,1,manila:54,manila:54,15.680001,36.1773
manila_query_-RZzhLSoiUGq-PShtIhzxw,transfer_2,5678,jpeg50,self,1,manila:54,manila:54,15.680000,36.1773
manila_query_-RZzhLSoiUGq-PShtIhzxw,transfer_3,5678,jpeg50,self,1,manila:54,manila:54,15.679998,36.1773
manila_query_-RZzhLSoiUGq-PShtIhzxw,transfer_4,5678,jpeg50,self,1,manila:54,manila:54,15.679997,36.1773
manila_query_-RZzhLSoiUGq-PShtIhzxw,isotropic,9012,jpeg50,self,1,manila:54,manila:54,15.679997,36.1773
manila_query_-RZzhLSoiUGq-PShtIhzxw,white_box,9012,jpeg50,self,1,manila:54,manila:54,15.680000,36.1773
manila_query_-RZzhLSoiUGq-PShtIhzxw,transfer_1,9012,jpeg50,self,1,manila:54,manila:54,15.680000,36.1773
manila_query_-RZzhLSoiUGq-PShtIhzxw,transfer_2,9012,jpeg50,self,1,manila:54,manila:54,15.680000,36.1773
manila_query_-RZzhLSoiUGq-PShtIhzxw,transfer_3,9012,jpeg50,self,1,manila:54,manila:54,15.679997,36.1773
manila_query_-RZzhLSoiUGq-PShtIhzxw,transfer_4,9012,jpeg50,self,1,manila:54,manila:54,15.680000,36.1773
nairobi_query_2wqDKqSdeRPYg6X996gZ0w,isotropic,1234,jpeg50,self,1,nairobi:21,nairobi:21,15.679997,36.1773
nairobi_query_2wqDKqSdeRPYg6X996gZ0w,white_box,1234,jpeg50,self,1,nairobi:21,nairobi:21,15.680000,36.1773
nairobi_query_2wqDKqSdeRPYg6X996gZ0w,transfer_1,1234,jpeg50,self,1,nairobi:21,nairobi:21,15.679997,36.1773
nairobi_query_2wqDKqSdeRPYg6X996gZ0w,transfer_2,1234,jpeg50,self,1,nairobi:21,nairobi:21,15.679997,36.1773
nairobi_query_2wqDKqSdeRPYg6X996gZ0w,transfer_3,1234,jpeg50,self,1,nairobi:21,nairobi:21,15.680000,36.1773
nairobi_query_2wqDKqSdeRPYg6X996gZ0w,transfer_4,1234,jpeg50,self,1,nairobi:21,nairobi:21,15.680000,36.1773
nairobi_query_2wqDKqSdeRPYg6X996gZ0w,isotropic,5678,jpeg50,self,1,nairobi:21,nairobi:21,15.679997,36.1773
nairobi_query_2wqDKqSdeRPYg6X996gZ0w,white_box,5678,jpeg50,self,1,nairobi:21,nairobi:21,15.680001,36.1773
nairobi_query_2wqDKqSdeRPYg6X996gZ0w,transfer_1,5678,jpeg50,self,1,nairobi:21,nairobi:21,15.679997,36.1773
nairobi_query_2wqDKqSdeRPYg6X996gZ0w,transfer_2,5678,jpeg50,self,1,nairobi:21,nairobi:21,15.679997,36.1773
nairobi_query_2wqDKqSdeRPYg6X996gZ0w,transfer_3,5678,jpeg50,self,1,nairobi:21,nairobi:21,15.679997,36.1773
nairobi_query_2wqDKqSdeRPYg6X996gZ0w,transfer_4,5678,jpeg50,self,1,nairobi:21,nairobi:21,15.679997,36.1773
nairobi_query_2wqDKqSdeRPYg6X996gZ0w,isotropic,9012,jpeg50,self,1,nairobi:21,nairobi:21,15.679998,36.1773
nairobi_query_2wqDKqSdeRPYg6X996gZ0w,white_box,9012,jpeg50,self,1,nairobi:21,nairobi:21,15.679997,36.1773
nairobi_query_2wqDKqSdeRPYg6X996gZ0w,transfer_1,9012,jpeg50,self,1,nairobi:21,nairobi:21,15.679998,36.1773
nairobi_query_2wqDKqSdeRPYg6X996gZ0w,transfer_2,9012,jpeg50,self,1,nairobi:21,nairobi:21,15.680001,36.1773
nairobi_query_2wqDKqSdeRPYg6X996gZ0w,transfer_3,9012,jpeg50,self,1,nairobi:21,nairobi:21,15.679997,36.1773
nairobi_query_2wqDKqSdeRPYg6X996gZ0w,transfer_4,9012,jpeg50,self,1,nairobi:21,nairobi:21,15.680000,36.1773
toronto_query_-FohtR51AFcyGSLgiTdXzw,isotropic,1234,jpeg50,self,1,toronto:207,toronto:207,15.680001,36.1773
toronto_query_-FohtR51AFcyGSLgiTdXzw,white_box,1234,jpeg50,self,1,toronto:207,toronto:207,15.680000,36.1773
toronto_query_-FohtR51AFcyGSLgiTdXzw,transfer_1,1234,jpeg50,self,1,toronto:207,toronto:207,15.680000,36.1773
toronto_query_-FohtR51AFcyGSLgiTdXzw,transfer_2,1234,jpeg50,self,1,toronto:207,toronto:207,15.680000,36.1773
toronto_query_-FohtR51AFcyGSLgiTdXzw,transfer_3,1234,jpeg50,self,1,toronto:207,toronto:207,15.680000,36.1773
toronto_query_-FohtR51AFcyGSLgiTdXzw,transfer_4,1234,jpeg50,self,1,toronto:207,toronto:207,15.680000,36.1773
toronto_query_-FohtR51AFcyGSLgiTdXzw,isotropic,5678,jpeg50,self,1,toronto:207,toronto:207,15.680002,36.1773
toronto_query_-FohtR51AFcyGSLgiTdXzw,white_box,5678,jpeg50,self,1,toronto:207,toronto:207,15.680000,36.1773
toronto_query_-FohtR51AFcyGSLgiTdXzw,transfer_1,5678,jpeg50,self,1,toronto:207,toronto:207,15.680000,36.1773
toronto_query_-FohtR51AFcyGSLgiTdXzw,transfer_2,5678,jpeg50,self,1,toronto:207,toronto:207,15.679997,36.1773
toronto_query_-FohtR51AFcyGSLgiTdXzw,transfer_3,5678,jpeg50,self,1,toronto:207,toronto:207,15.680001,36.1773
toronto_query_-FohtR51AFcyGSLgiTdXzw,transfer_4,5678,jpeg50,self,1,toronto:207,toronto:207,15.679997,36.1773
toronto_query_-FohtR51AFcyGSLgiTdXzw,isotropic,9012,jpeg50,self,1,toronto:207,toronto:207,15.680000,36.1773
toronto_query_-FohtR51AFcyGSLgiTdXzw,white_box,9012,jpeg50,self,1,toronto:207,toronto:207,15.680001,36.1773
toronto_query_-FohtR51AFcyGSLgiTdXzw,transfer_1,9012,jpeg50,self,1,toronto:207,toronto:207,15.680000,36.1773
toronto_query_-FohtR51AFcyGSLgiTdXzw,transfer_2,9012,jpeg50,self,1,toronto:207,toronto:207,15.680000,36.1773
toronto_query_-FohtR51AFcyGSLgiTdXzw,transfer_3,9012,jpeg50,self,1,toronto:207,toronto:207,15.680000,36.1773
toronto_query_-FohtR51AFcyGSLgiTdXzw,transfer_4,9012,jpeg50,self,1,toronto:207,toronto:207,15.680001,36.1773
zurich_query_0I7IdNKcKWGXL-wmkUdx2A,isotropic,1234,jpeg50,self,1,zurich:65,zurich:65,15.680000,36.1773
zurich_query_0I7IdNKcKWGXL-wmkUdx2A,white_box,1234,jpeg50,self,1,zurich:65,zurich:65,15.680001,36.1773
zurich_query_0I7IdNKcKWGXL-wmkUdx2A,transfer_1,1234,jpeg50,self,1,zurich:65,zurich:65,15.679997,36.1773
zurich_query_0I7IdNKcKWGXL-wmkUdx2A,transfer_2,1234,jpeg50,self,1,zurich:65,zurich:65,15.680000,36.1773
zurich_query_0I7IdNKcKWGXL-wmkUdx2A,transfer_3,1234,jpeg50,self,1,zurich:65,zurich:65,15.679997,36.1773
zurich_query_0I7IdNKcKWGXL-wmkUdx2A,transfer_4,1234,jpeg50,self,1,zurich:65,zurich:65,15.680000,36.1773
zurich_query_0I7IdNKcKWGXL-wmkUdx2A,isotropic,5678,jpeg50,self,1,zurich:65,zurich:65,15.679995,36.1773
zurich_query_0I7IdNKcKWGXL-wmkUdx2A,white_box,5678,jpeg50,self,1,zurich:65,zurich:65,15.679997,36.1773
zurich_query_0I7IdNKcKWGXL-wmkUdx2A,transfer_1,5678,jpeg50,self,1,zurich:65,zurich:65,15.680001,36.1773
zurich_query_0I7IdNKcKWGXL-wmkUdx2A,transfer_2,5678,jpeg50,self,1,zurich:65,zurich:65,15.680002,36.1773
zurich_query_0I7IdNKcKWGXL-wmkUdx2A,transfer_3,5678,jpeg50,self,1,zurich:65,zurich:65,15.680002,36.1773
zurich_query_0I7IdNKcKWGXL-wmkUdx2A,transfer_4,5678,jpeg50,self,1,zurich:65,zurich:65,15.680000,36.1773
zurich_query_0I7IdNKcKWGXL-wmkUdx2A,isotropic,9012,jpeg50,self,1,zurich:65,zurich:65,15.679998,36.1773
zurich_query_0I7IdNKcKWGXL-wmkUdx2A,white_box,9012,jpeg50,self,1,zurich:65,zurich:65,15.680001,36.1773
zurich_query_0I7IdNKcKWGXL-wmkUdx2A,transfer_1,9012,jpeg50,self,1,zurich:65,zurich:65,15.679997,36.1773
zurich_query_0I7IdNKcKWGXL-wmkUdx2A,transfer_2,9012,jpeg50,self,1,zurich:65,zurich:65,15.680000,36.1773
zurich_query_0I7IdNKcKWGXL-wmkUdx2A,transfer_3,9012,jpeg50,self,1,zurich:65,zurich:65,15.680001,36.1773
zurich_query_0I7IdNKcKWGXL-wmkUdx2A,transfer_4,9012,jpeg50,self,1,zurich:65,zurich:65,15.680000,36.1773
amman_query_1n6vx0uExn56MfvA6toRJw,isotropic,1234,jpeg50,self,6,manila:177,amman:31,15.679997,36.1773
amman_query_1n6vx0uExn56MfvA6toRJw,white_box,1234,jpeg50,self,12,manila:143,amman:31,15.679998,36.1773
amman_query_1n6vx0uExn56MfvA6toRJw,transfer_1,1234,jpeg50,self,1,amman:31,amman:31,15.679998,36.1773
amman_query_1n6vx0uExn56MfvA6toRJw,transfer_2,1234,jpeg50,self,1,amman:31,amman:31,15.680000,36.1773
amman_query_1n6vx0uExn56MfvA6toRJw,transfer_3,1234,jpeg50,self,1,amman:31,amman:31,15.679998,36.1773
amman_query_1n6vx0uExn56MfvA6toRJw,transfer_4,1234,jpeg50,self,1,amman:31,amman:31,15.680000,36.1773
amman_query_1n6vx0uExn56MfvA6toRJw,isotropic,5678,jpeg50,self,2,manila:72,amman:31,15.680000,36.1773
amman_query_1n6vx0uExn56MfvA6toRJw,white_box,5678,jpeg50,self,5,manila:163,amman:31,15.679997,36.1773
amman_query_1n6vx0uExn56MfvA6toRJw,transfer_1,5678,jpeg50,self,2,amman:1,amman:31,15.679997,36.1773
amman_query_1n6vx0uExn56MfvA6toRJw,transfer_2,5678,jpeg50,self,1,amman:31,amman:31,15.679998,36.1773
amman_query_1n6vx0uExn56MfvA6toRJw,transfer_3,5678,jpeg50,self,2,manila:177,amman:31,15.679997,36.1773
amman_query_1n6vx0uExn56MfvA6toRJw,transfer_4,5678,jpeg50,self,1,amman:31,amman:31,15.679997,36.1773
amman_query_1n6vx0uExn56MfvA6toRJw,isotropic,9012,jpeg50,self,1,amman:31,amman:31,15.680000,36.1773
amman_query_1n6vx0uExn56MfvA6toRJw,white_box,9012,jpeg50,self,3,amman:30,amman:31,15.679997,36.1773
amman_query_1n6vx0uExn56MfvA6toRJw,transfer_1,9012,jpeg50,self,1,amman:31,amman:31,15.680000,36.1773
amman_query_1n6vx0uExn56MfvA6toRJw,transfer_2,9012,jpeg50,self,1,amman:31,amman:31,15.679997,36.1773
amman_query_1n6vx0uExn56MfvA6toRJw,transfer_3,9012,jpeg50,self,1,amman:31,amman:31,15.680000,36.1773
amman_query_1n6vx0uExn56MfvA6toRJw,transfer_4,9012,jpeg50,self,2,manila:177,amman:31,15.679997,36.1773
boston_query_-OEJzVyBJiypLsHkeOqxKn,isotropic,1234,jpeg50,self,110,amman:37,boston:79,15.679997,36.1773
boston_query_-OEJzVyBJiypLsHkeOqxKn,white_box,1234,jpeg50,self,178,amman:18,boston:79,15.680000,36.1773
boston_query_-OEJzVyBJiypLsHkeOqxKn,transfer_1,1234,jpeg50,self,218,amman:37,boston:79,15.679997,36.1773
boston_query_-OEJzVyBJiypLsHkeOqxKn,transfer_2,1234,jpeg50,self,144,amman:37,boston:79,15.679997,36.1773
boston_query_-OEJzVyBJiypLsHkeOqxKn,transfer_3,1234,jpeg50,self,146,amman:37,boston:79,15.680000,36.1773
boston_query_-OEJzVyBJiypLsHkeOqxKn,transfer_4,1234,jpeg50,self,127,amman:37,boston:79,15.680001,36.1773
boston_query_-OEJzVyBJiypLsHkeOqxKn,isotropic,5678,jpeg50,self,77,amman:37,boston:79,15.679998,36.1773
boston_query_-OEJzVyBJiypLsHkeOqxKn,white_box,5678,jpeg50,self,39,amman:37,boston:79,15.679997,36.1773
boston_query_-OEJzVyBJiypLsHkeOqxKn,transfer_1,5678,jpeg50,self,263,amman:37,boston:79,15.680000,36.1773
boston_query_-OEJzVyBJiypLsHkeOqxKn,transfer_2,5678,jpeg50,self,55,amman:37,boston:79,15.680000,36.1773
boston_query_-OEJzVyBJiypLsHkeOqxKn,transfer_3,5678,jpeg50,self,29,amman:37,boston:79,15.679998,36.1773
boston_query_-OEJzVyBJiypLsHkeOqxKn,transfer_4,5678,jpeg50,self,116,amman:37,boston:79,15.680000,36.1773
boston_query_-OEJzVyBJiypLsHkeOqxKn,isotropic,9012,jpeg50,self,67,amman:37,boston:79,15.679997,36.1773
boston_query_-OEJzVyBJiypLsHkeOqxKn,white_box,9012,jpeg50,self,67,manila:171,boston:79,15.680000,36.1773
boston_query_-OEJzVyBJiypLsHkeOqxKn,transfer_1,9012,jpeg50,self,69,manila:171,boston:79,15.680002,36.1773
boston_query_-OEJzVyBJiypLsHkeOqxKn,transfer_2,9012,jpeg50,self,148,amman:37,boston:79,15.680000,36.1773
boston_query_-OEJzVyBJiypLsHkeOqxKn,transfer_3,9012,jpeg50,self,77,amman:37,boston:79,15.680000,36.1773
boston_query_-OEJzVyBJiypLsHkeOqxKn,transfer_4,9012,jpeg50,self,142,amman:37,boston:79,15.680000,36.1773
cph_query_-Mwdj8AXbTR5wrPmQKRbhQ,isotropic,1234,jpeg50,self,1,cph:33,cph:33,15.680000,36.1773
cph_query_-Mwdj8AXbTR5wrPmQKRbhQ,white_box,1234,jpeg50,self,1,cph:33,cph:33,15.680001,36.1773
cph_query_-Mwdj8AXbTR5wrPmQKRbhQ,transfer_1,1234,jpeg50,self,1,cph:33,cph:33,15.680000,36.1773
cph_query_-Mwdj8AXbTR5wrPmQKRbhQ,transfer_2,1234,jpeg50,self,1,cph:33,cph:33,15.679998,36.1773
cph_query_-Mwdj8AXbTR5wrPmQKRbhQ,transfer_3,1234,jpeg50,self,1,cph:33,cph:33,15.680002,36.1773
cph_query_-Mwdj8AXbTR5wrPmQKRbhQ,transfer_4,1234,jpeg50,self,1,cph:33,cph:33,15.680001,36.1773
cph_query_-Mwdj8AXbTR5wrPmQKRbhQ,isotropic,5678,jpeg50,self,1,cph:33,cph:33,15.680000,36.1773
cph_query_-Mwdj8AXbTR5wrPmQKRbhQ,white_box,5678,jpeg50,self,1,cph:33,cph:33,15.680000,36.1773
cph_query_-Mwdj8AXbTR5wrPmQKRbhQ,transfer_1,5678,jpeg50,self,1,cph:33,cph:33,15.680002,36.1773
cph_query_-Mwdj8AXbTR5wrPmQKRbhQ,transfer_2,5678,jpeg50,self,1,cph:33,cph:33,15.680000,36.1773
cph_query_-Mwdj8AXbTR5wrPmQKRbhQ,transfer_3,5678,jpeg50,self,1,cph:33,cph:33,15.680001,36.1773
cph_query_-Mwdj8AXbTR5wrPmQKRbhQ,transfer_4,5678,jpeg50,self,1,cph:33,cph:33,15.679997,36.1773
cph_query_-Mwdj8AXbTR5wrPmQKRbhQ,isotropic,9012,jpeg50,self,1,cph:33,cph:33,15.679998,36.1773
cph_query_-Mwdj8AXbTR5wrPmQKRbhQ,white_box,9012,jpeg50,self,1,cph:33,cph:33,15.680000,36.1773
cph_query_-Mwdj8AXbTR5wrPmQKRbhQ,transfer_1,9012,jpeg50,self,1,cph:33,cph:33,15.680000,36.1773
cph_query_-Mwdj8AXbTR5wrPmQKRbhQ,transfer_2,9012,jpeg50,self,1,cph:33,cph:33,15.680000,36.1773
cph_query_-Mwdj8AXbTR5wrPmQKRbhQ,transfer_3,9012,jpeg50,self,1,cph:33,cph:33,15.680000,36.1773
cph_query_-Mwdj8AXbTR5wrPmQKRbhQ,transfer_4,9012,jpeg50,self,1,cph:33,cph:33,15.680000,36.1773
london_query_-wX-mY4F2ewX9tlr1_JTbw,isotropic,1234,jpeg50,self,1,london:68,london:68,15.680000,36.1773
london_query_-wX-mY4F2ewX9tlr1_JTbw,white_box,1234,jpeg50,self,1,london:68,london:68,15.679997,36.1773
london_query_-wX-mY4F2ewX9tlr1_JTbw,transfer_1,1234,jpeg50,self,1,london:68,london:68,15.679997,36.1773
london_query_-wX-mY4F2ewX9tlr1_JTbw,transfer_2,1234,jpeg50,self,1,london:68,london:68,15.679997,36.1773
london_query_-wX-mY4F2ewX9tlr1_JTbw,transfer_3,1234,jpeg50,self,1,london:68,london:68,15.680000,36.1773
london_query_-wX-mY4F2ewX9tlr1_JTbw,transfer_4,1234,jpeg50,self,2,london:85,london:68,15.679997,36.1773
london_query_-wX-mY4F2ewX9tlr1_JTbw,isotropic,5678,jpeg50,self,1,london:68,london:68,15.679998,36.1773
london_query_-wX-mY4F2ewX9tlr1_JTbw,white_box,5678,jpeg50,self,1,london:68,london:68,15.680000,36.1773
london_query_-wX-mY4F2ewX9tlr1_JTbw,transfer_1,5678,jpeg50,self,1,london:68,london:68,15.679997,36.1773
london_query_-wX-mY4F2ewX9tlr1_JTbw,transfer_2,5678,jpeg50,self,2,london:85,london:68,15.679997,36.1773
london_query_-wX-mY4F2ewX9tlr1_JTbw,transfer_3,5678,jpeg50,self,1,london:68,london:68,15.680001,36.1773
london_query_-wX-mY4F2ewX9tlr1_JTbw,transfer_4,5678,jpeg50,self,1,london:68,london:68,15.680000,36.1773
london_query_-wX-mY4F2ewX9tlr1_JTbw,isotropic,9012,jpeg50,self,2,cph:61,london:68,15.679998,36.1773
london_query_-wX-mY4F2ewX9tlr1_JTbw,white_box,9012,jpeg50,self,1,london:68,london:68,15.680000,36.1773
london_query_-wX-mY4F2ewX9tlr1_JTbw,transfer_1,9012,jpeg50,self,1,london:68,london:68,15.680000,36.1773
london_query_-wX-mY4F2ewX9tlr1_JTbw,transfer_2,9012,jpeg50,self,1,london:68,london:68,15.680000,36.1773
london_query_-wX-mY4F2ewX9tlr1_JTbw,transfer_3,9012,jpeg50,self,1,london:68,london:68,15.680000,36.1773
london_query_-wX-mY4F2ewX9tlr1_JTbw,transfer_4,9012,jpeg50,self,1,london:68,london:68,15.679997,36.1773
manila_query_-SSrBkppXcUPQnmvRyEZaA,isotropic,1234,jpeg50,self,1,manila:102,manila:102,15.679997,36.1773
manila_query_-SSrBkppXcUPQnmvRyEZaA,white_box,1234,jpeg50,self,1,manila:102,manila:102,15.679997,36.1773
manila_query_-SSrBkppXcUPQnmvRyEZaA,transfer_1,1234,jpeg50,self,1,manila:102,manila:102,15.680000,36.1773
manila_query_-SSrBkppXcUPQnmvRyEZaA,transfer_2,1234,jpeg50,self,1,manila:102,manila:102,15.679997,36.1773
manila_query_-SSrBkppXcUPQnmvRyEZaA,transfer_3,1234,jpeg50,self,1,manila:102,manila:102,15.679997,36.1773
manila_query_-SSrBkppXcUPQnmvRyEZaA,transfer_4,1234,jpeg50,self,1,manila:102,manila:102,15.680001,36.1773
manila_query_-SSrBkppXcUPQnmvRyEZaA,isotropic,5678,jpeg50,self,1,manila:102,manila:102,15.680000,36.1773
manila_query_-SSrBkppXcUPQnmvRyEZaA,white_box,5678,jpeg50,self,1,manila:102,manila:102,15.679997,36.1773
manila_query_-SSrBkppXcUPQnmvRyEZaA,transfer_1,5678,jpeg50,self,1,manila:102,manila:102,15.680000,36.1773
manila_query_-SSrBkppXcUPQnmvRyEZaA,transfer_2,5678,jpeg50,self,1,manila:102,manila:102,15.679997,36.1773
manila_query_-SSrBkppXcUPQnmvRyEZaA,transfer_3,5678,jpeg50,self,1,manila:102,manila:102,15.680000,36.1773
manila_query_-SSrBkppXcUPQnmvRyEZaA,transfer_4,5678,jpeg50,self,1,manila:102,manila:102,15.679997,36.1773
manila_query_-SSrBkppXcUPQnmvRyEZaA,isotropic,9012,jpeg50,self,1,manila:102,manila:102,15.680000,36.1773
manila_query_-SSrBkppXcUPQnmvRyEZaA,white_box,9012,jpeg50,self,1,manila:102,manila:102,15.680000,36.1773
manila_query_-SSrBkppXcUPQnmvRyEZaA,transfer_1,9012,jpeg50,self,1,manila:102,manila:102,15.679998,36.1773
manila_query_-SSrBkppXcUPQnmvRyEZaA,transfer_2,9012,jpeg50,self,1,manila:102,manila:102,15.679997,36.1773
manila_query_-SSrBkppXcUPQnmvRyEZaA,transfer_3,9012,jpeg50,self,1,manila:102,manila:102,15.679997,36.1773
manila_query_-SSrBkppXcUPQnmvRyEZaA,transfer_4,9012,jpeg50,self,1,manila:102,manila:102,15.680000,36.1773
nairobi_query_32eRlu6tx-Q_LzhBd8iTQA,isotropic,1234,jpeg50,self,1,nairobi:21,nairobi:21,15.680000,36.1773
nairobi_query_32eRlu6tx-Q_LzhBd8iTQA,white_box,1234,jpeg50,self,1,nairobi:21,nairobi:21,15.680001,36.1773
nairobi_query_32eRlu6tx-Q_LzhBd8iTQA,transfer_1,1234,jpeg50,self,1,nairobi:21,nairobi:21,15.680002,36.1773
nairobi_query_32eRlu6tx-Q_LzhBd8iTQA,transfer_2,1234,jpeg50,self,1,nairobi:21,nairobi:21,15.680001,36.1773
nairobi_query_32eRlu6tx-Q_LzhBd8iTQA,transfer_3,1234,jpeg50,self,1,nairobi:21,nairobi:21,15.679996,36.1773
nairobi_query_32eRlu6tx-Q_LzhBd8iTQA,transfer_4,1234,jpeg50,self,1,nairobi:21,nairobi:21,15.680001,36.1773
nairobi_query_32eRlu6tx-Q_LzhBd8iTQA,isotropic,5678,jpeg50,self,1,nairobi:21,nairobi:21,15.680000,36.1773
nairobi_query_32eRlu6tx-Q_LzhBd8iTQA,white_box,5678,jpeg50,self,1,nairobi:21,nairobi:21,15.679998,36.1773
nairobi_query_32eRlu6tx-Q_LzhBd8iTQA,transfer_1,5678,jpeg50,self,1,nairobi:21,nairobi:21,15.679998,36.1773
nairobi_query_32eRlu6tx-Q_LzhBd8iTQA,transfer_2,5678,jpeg50,self,1,nairobi:21,nairobi:21,15.679998,36.1773
nairobi_query_32eRlu6tx-Q_LzhBd8iTQA,transfer_3,5678,jpeg50,self,1,nairobi:21,nairobi:21,15.680000,36.1773
nairobi_query_32eRlu6tx-Q_LzhBd8iTQA,transfer_4,5678,jpeg50,self,1,nairobi:21,nairobi:21,15.679997,36.1773
nairobi_query_32eRlu6tx-Q_LzhBd8iTQA,isotropic,9012,jpeg50,self,1,nairobi:21,nairobi:21,15.679997,36.1773
nairobi_query_32eRlu6tx-Q_LzhBd8iTQA,white_box,9012,jpeg50,self,1,nairobi:21,nairobi:21,15.680000,36.1773
nairobi_query_32eRlu6tx-Q_LzhBd8iTQA,transfer_1,9012,jpeg50,self,1,nairobi:21,nairobi:21,15.680000,36.1773
nairobi_query_32eRlu6tx-Q_LzhBd8iTQA,transfer_2,9012,jpeg50,self,1,nairobi:21,nairobi:21,15.679997,36.1773
nairobi_query_32eRlu6tx-Q_LzhBd8iTQA,transfer_3,9012,jpeg50,self,1,nairobi:21,nairobi:21,15.680000,36.1773
nairobi_query_32eRlu6tx-Q_LzhBd8iTQA,transfer_4,9012,jpeg50,self,1,nairobi:21,nairobi:21,15.680000,36.1773
toronto_query_-HBbI6fcMz-R3CyduFEoDg,isotropic,1234,jpeg50,self,1,toronto:426,toronto:426,15.679998,36.1773
toronto_query_-HBbI6fcMz-R3CyduFEoDg,white_box,1234,jpeg50,self,1,toronto:426,toronto:426,15.679997,36.1773
toronto_query_-HBbI6fcMz-R3CyduFEoDg,transfer_1,1234,jpeg50,self,1,toronto:426,toronto:426,15.680000,36.1773
toronto_query_-HBbI6fcMz-R3CyduFEoDg,transfer_2,1234,jpeg50,self,1,toronto:426,toronto:426,15.680000,36.1773
toronto_query_-HBbI6fcMz-R3CyduFEoDg,transfer_3,1234,jpeg50,self,1,toronto:426,toronto:426,15.679997,36.1773
toronto_query_-HBbI6fcMz-R3CyduFEoDg,transfer_4,1234,jpeg50,self,1,toronto:426,toronto:426,15.680000,36.1773
toronto_query_-HBbI6fcMz-R3CyduFEoDg,isotropic,5678,jpeg50,self,1,toronto:426,toronto:426,15.680000,36.1773
toronto_query_-HBbI6fcMz-R3CyduFEoDg,white_box,5678,jpeg50,self,1,toronto:426,toronto:426,15.679997,36.1773
toronto_query_-HBbI6fcMz-R3CyduFEoDg,transfer_1,5678,jpeg50,self,1,toronto:426,toronto:426,15.679997,36.1773
toronto_query_-HBbI6fcMz-R3CyduFEoDg,transfer_2,5678,jpeg50,self,1,toronto:426,toronto:426,15.679998,36.1773
toronto_query_-HBbI6fcMz-R3CyduFEoDg,transfer_3,5678,jpeg50,self,1,toronto:426,toronto:426,15.680000,36.1773
toronto_query_-HBbI6fcMz-R3CyduFEoDg,transfer_4,5678,jpeg50,self,1,toronto:426,toronto:426,15.680001,36.1773
toronto_query_-HBbI6fcMz-R3CyduFEoDg,isotropic,9012,jpeg50,self,1,toronto:426,toronto:426,15.679997,36.1773
toronto_query_-HBbI6fcMz-R3CyduFEoDg,white_box,9012,jpeg50,self,1,toronto:426,toronto:426,15.679997,36.1773
toronto_query_-HBbI6fcMz-R3CyduFEoDg,transfer_1,9012,jpeg50,self,1,toronto:426,toronto:426,15.680000,36.1773
toronto_query_-HBbI6fcMz-R3CyduFEoDg,transfer_2,9012,jpeg50,self,1,toronto:426,toronto:426,15.679997,36.1773
toronto_query_-HBbI6fcMz-R3CyduFEoDg,transfer_3,9012,jpeg50,self,1,toronto:426,toronto:426,15.679998,36.1773
toronto_query_-HBbI6fcMz-R3CyduFEoDg,transfer_4,9012,jpeg50,self,1,toronto:426,toronto:426,15.680000,36.1773
zurich_query_0IZVsW_UPLzI_vUm51hEMQ,isotropic,1234,jpeg50,self,1,zurich:25,zurich:25,15.680000,36.1773
zurich_query_0IZVsW_UPLzI_vUm51hEMQ,white_box,1234,jpeg50,self,1,zurich:25,zurich:25,15.680000,36.1773
zurich_query_0IZVsW_UPLzI_vUm51hEMQ,transfer_1,1234,jpeg50,self,1,zurich:25,zurich:25,15.680000,36.1773
zurich_query_0IZVsW_UPLzI_vUm51hEMQ,transfer_2,1234,jpeg50,self,1,zurich:25,zurich:25,15.680000,36.1773
zurich_query_0IZVsW_UPLzI_vUm51hEMQ,transfer_3,1234,jpeg50,self,1,zurich:25,zurich:25,15.679998,36.1773
zurich_query_0IZVsW_UPLzI_vUm51hEMQ,transfer_4,1234,jpeg50,self,1,zurich:25,zurich:25,15.679998,36.1773
zurich_query_0IZVsW_UPLzI_vUm51hEMQ,isotropic,5678,jpeg50,self,1,zurich:25,zurich:25,15.680000,36.1773
zurich_query_0IZVsW_UPLzI_vUm51hEMQ,white_box,5678,jpeg50,self,1,zurich:25,zurich:25,15.680000,36.1773
zurich_query_0IZVsW_UPLzI_vUm51hEMQ,transfer_1,5678,jpeg50,self,1,zurich:25,zurich:25,15.679997,36.1773
zurich_query_0IZVsW_UPLzI_vUm51hEMQ,transfer_2,5678,jpeg50,self,1,zurich:25,zurich:25,15.679997,36.1773
zurich_query_0IZVsW_UPLzI_vUm51hEMQ,transfer_3,5678,jpeg50,self,1,zurich:25,zurich:25,15.680000,36.1773
zurich_query_0IZVsW_UPLzI_vUm51hEMQ,transfer_4,5678,jpeg50,self,1,zurich:25,zurich:25,15.679997,36.1773
zurich_query_0IZVsW_UPLzI_vUm51hEMQ,isotropic,9012,jpeg50,self,1,zurich:25,zurich:25,15.680000,36.1773
zurich_query_0IZVsW_UPLzI_vUm51hEMQ,white_box,9012,jpeg50,self,1,zurich:25,zurich:25,15.679998,36.1773
zurich_query_0IZVsW_UPLzI_vUm51hEMQ,transfer_1,9012,jpeg50,self,1,zurich:25,zurich:25,15.680000,36.1773
zurich_query_0IZVsW_UPLzI_vUm51hEMQ,transfer_2,9012,jpeg50,self,1,zurich:25,zurich:25,15.679997,36.1773
zurich_query_0IZVsW_UPLzI_vUm51hEMQ,transfer_3,9012,jpeg50,self,1,zurich:25,zurich:25,15.679998,36.1773
zurich_query_0IZVsW_UPLzI_vUm51hEMQ,transfer_4,9012,jpeg50,self,1,zurich:25,zurich:25,15.679997,36.1773
amman_query_1qMrYvXqBvZDS0XUd5cEtg,isotropic,1234,jpeg50,self,1,amman:21,amman:21,15.679998,36.1773
amman_query_1qMrYvXqBvZDS0XUd5cEtg,white_box,1234,jpeg50,self,1,amman:21,amman:21,15.679998,36.1773
amman_query_1qMrYvXqBvZDS0XUd5cEtg,transfer_1,1234,jpeg50,self,1,amman:21,amman:21,15.680000,36.1773
amman_query_1qMrYvXqBvZDS0XUd5cEtg,transfer_2,1234,jpeg50,self,1,amman:21,amman:21,15.680000,36.1773
amman_query_1qMrYvXqBvZDS0XUd5cEtg,transfer_3,1234,jpeg50,self,1,amman:21,amman:21,15.680001,36.1773
amman_query_1qMrYvXqBvZDS0XUd5cEtg,transfer_4,1234,jpeg50,self,1,amman:21,amman:21,15.679997,36.1773
amman_query_1qMrYvXqBvZDS0XUd5cEtg,isotropic,5678,jpeg50,self,1,amman:21,amman:21,15.680000,36.1773
amman_query_1qMrYvXqBvZDS0XUd5cEtg,white_box,5678,jpeg50,self,1,amman:21,amman:21,15.679997,36.1773
amman_query_1qMrYvXqBvZDS0XUd5cEtg,transfer_1,5678,jpeg50,self,1,amman:21,amman:21,15.680000,36.1773
amman_query_1qMrYvXqBvZDS0XUd5cEtg,transfer_2,5678,jpeg50,self,1,amman:21,amman:21,15.680000,36.1773
amman_query_1qMrYvXqBvZDS0XUd5cEtg,transfer_3,5678,jpeg50,self,1,amman:21,amman:21,15.680001,36.1773
amman_query_1qMrYvXqBvZDS0XUd5cEtg,transfer_4,5678,jpeg50,self,1,amman:21,amman:21,15.680001,36.1773
amman_query_1qMrYvXqBvZDS0XUd5cEtg,isotropic,9012,jpeg50,self,1,amman:21,amman:21,15.679997,36.1773
amman_query_1qMrYvXqBvZDS0XUd5cEtg,white_box,9012,jpeg50,self,1,amman:21,amman:21,15.680000,36.1773
amman_query_1qMrYvXqBvZDS0XUd5cEtg,transfer_1,9012,jpeg50,self,1,amman:21,amman:21,15.680000,36.1773
amman_query_1qMrYvXqBvZDS0XUd5cEtg,transfer_2,9012,jpeg50,self,1,amman:21,amman:21,15.680000,36.1773
amman_query_1qMrYvXqBvZDS0XUd5cEtg,transfer_3,9012,jpeg50,self,1,amman:21,amman:21,15.679998,36.1773
amman_query_1qMrYvXqBvZDS0XUd5cEtg,transfer_4,9012,jpeg50,self,1,amman:21,amman:21,15.679998,36.1773
boston_query_-OlQhKn0bS9eZTkeJL6ovw,isotropic,1234,jpeg50,self,1,boston:237,boston:237,15.680001,36.1773
boston_query_-OlQhKn0bS9eZTkeJL6ovw,white_box,1234,jpeg50,self,1,boston:237,boston:237,15.679997,36.1773
boston_query_-OlQhKn0bS9eZTkeJL6ovw,transfer_1,1234,jpeg50,self,1,boston:237,boston:237,15.680001,36.1773
boston_query_-OlQhKn0bS9eZTkeJL6ovw,transfer_2,1234,jpeg50,self,1,boston:237,boston:237,15.680000,36.1773
boston_query_-OlQhKn0bS9eZTkeJL6ovw,transfer_3,1234,jpeg50,self,1,boston:237,boston:237,15.679997,36.1773
boston_query_-OlQhKn0bS9eZTkeJL6ovw,transfer_4,1234,jpeg50,self,1,boston:237,boston:237,15.679997,36.1773
boston_query_-OlQhKn0bS9eZTkeJL6ovw,isotropic,5678,jpeg50,self,1,boston:237,boston:237,15.679997,36.1773
boston_query_-OlQhKn0bS9eZTkeJL6ovw,white_box,5678,jpeg50,self,1,boston:237,boston:237,15.679997,36.1773
boston_query_-OlQhKn0bS9eZTkeJL6ovw,transfer_1,5678,jpeg50,self,1,boston:237,boston:237,15.680000,36.1773
boston_query_-OlQhKn0bS9eZTkeJL6ovw,transfer_2,5678,jpeg50,self,1,boston:237,boston:237,15.680000,36.1773
boston_query_-OlQhKn0bS9eZTkeJL6ovw,transfer_3,5678,jpeg50,self,1,boston:237,boston:237,15.680000,36.1773
boston_query_-OlQhKn0bS9eZTkeJL6ovw,transfer_4,5678,jpeg50,self,1,boston:237,boston:237,15.680001,36.1773
boston_query_-OlQhKn0bS9eZTkeJL6ovw,isotropic,9012,jpeg50,self,1,boston:237,boston:237,15.679998,36.1773
boston_query_-OlQhKn0bS9eZTkeJL6ovw,white_box,9012,jpeg50,self,1,boston:237,boston:237,15.679998,36.1773
boston_query_-OlQhKn0bS9eZTkeJL6ovw,transfer_1,9012,jpeg50,self,1,boston:237,boston:237,15.679997,36.1773
boston_query_-OlQhKn0bS9eZTkeJL6ovw,transfer_2,9012,jpeg50,self,1,boston:237,boston:237,15.679997,36.1773
boston_query_-OlQhKn0bS9eZTkeJL6ovw,transfer_3,9012,jpeg50,self,1,boston:237,boston:237,15.680000,36.1773
boston_query_-OlQhKn0bS9eZTkeJL6ovw,transfer_4,9012,jpeg50,self,1,boston:237,boston:237,15.679997,36.1773
cph_query_-N9mbKdWcHyUUsU1379EgA,isotropic,1234,jpeg50,self,1,cph:176,cph:176,15.679997,36.1773
cph_query_-N9mbKdWcHyUUsU1379EgA,white_box,1234,jpeg50,self,1,cph:176,cph:176,15.680000,36.1773
cph_query_-N9mbKdWcHyUUsU1379EgA,transfer_1,1234,jpeg50,self,1,cph:176,cph:176,15.679998,36.1773
cph_query_-N9mbKdWcHyUUsU1379EgA,transfer_2,1234,jpeg50,self,1,cph:176,cph:176,15.679997,36.1773
cph_query_-N9mbKdWcHyUUsU1379EgA,transfer_3,1234,jpeg50,self,1,cph:176,cph:176,15.680000,36.1773
cph_query_-N9mbKdWcHyUUsU1379EgA,transfer_4,1234,jpeg50,self,1,cph:176,cph:176,15.679997,36.1773
cph_query_-N9mbKdWcHyUUsU1379EgA,isotropic,5678,jpeg50,self,1,cph:176,cph:176,15.679997,36.1773
cph_query_-N9mbKdWcHyUUsU1379EgA,white_box,5678,jpeg50,self,1,cph:176,cph:176,15.679996,36.1773
cph_query_-N9mbKdWcHyUUsU1379EgA,transfer_1,5678,jpeg50,self,1,cph:176,cph:176,15.680001,36.1773
cph_query_-N9mbKdWcHyUUsU1379EgA,transfer_2,5678,jpeg50,self,1,cph:176,cph:176,15.679997,36.1773
cph_query_-N9mbKdWcHyUUsU1379EgA,transfer_3,5678,jpeg50,self,1,cph:176,cph:176,15.679997,36.1773
cph_query_-N9mbKdWcHyUUsU1379EgA,transfer_4,5678,jpeg50,self,1,cph:176,cph:176,15.679998,36.1773
cph_query_-N9mbKdWcHyUUsU1379EgA,isotropic,9012,jpeg50,self,1,cph:176,cph:176,15.679998,36.1773
cph_query_-N9mbKdWcHyUUsU1379EgA,white_box,9012,jpeg50,self,1,cph:176,cph:176,15.680000,36.1773
cph_query_-N9mbKdWcHyUUsU1379EgA,transfer_1,9012,jpeg50,self,1,cph:176,cph:176,15.680000,36.1773
cph_query_-N9mbKdWcHyUUsU1379EgA,transfer_2,9012,jpeg50,self,1,cph:176,cph:176,15.680000,36.1773
cph_query_-N9mbKdWcHyUUsU1379EgA,transfer_3,9012,jpeg50,self,1,cph:176,cph:176,15.679998,36.1773
cph_query_-N9mbKdWcHyUUsU1379EgA,transfer_4,9012,jpeg50,self,1,cph:176,cph:176,15.680000,36.1773
london_query_02vfV_A3zc1S9Akd07xuEA,isotropic,1234,jpeg50,self,1,london:33,london:33,15.679998,36.1773
london_query_02vfV_A3zc1S9Akd07xuEA,white_box,1234,jpeg50,self,1,london:33,london:33,15.680000,36.1773
london_query_02vfV_A3zc1S9Akd07xuEA,transfer_1,1234,jpeg50,self,1,london:33,london:33,15.680000,36.1773
london_query_02vfV_A3zc1S9Akd07xuEA,transfer_2,1234,jpeg50,self,1,london:33,london:33,15.679997,36.1773
london_query_02vfV_A3zc1S9Akd07xuEA,transfer_3,1234,jpeg50,self,1,london:33,london:33,15.679997,36.1773
london_query_02vfV_A3zc1S9Akd07xuEA,transfer_4,1234,jpeg50,self,1,london:33,london:33,15.680000,36.1773
london_query_02vfV_A3zc1S9Akd07xuEA,isotropic,5678,jpeg50,self,1,london:33,london:33,15.680000,36.1773
london_query_02vfV_A3zc1S9Akd07xuEA,white_box,5678,jpeg50,self,1,london:33,london:33,15.680000,36.1773
london_query_02vfV_A3zc1S9Akd07xuEA,transfer_1,5678,jpeg50,self,1,london:33,london:33,15.680000,36.1773
london_query_02vfV_A3zc1S9Akd07xuEA,transfer_2,5678,jpeg50,self,1,london:33,london:33,15.680000,36.1773
london_query_02vfV_A3zc1S9Akd07xuEA,transfer_3,5678,jpeg50,self,1,london:33,london:33,15.680000,36.1773
london_query_02vfV_A3zc1S9Akd07xuEA,transfer_4,5678,jpeg50,self,1,london:33,london:33,15.679997,36.1773
london_query_02vfV_A3zc1S9Akd07xuEA,isotropic,9012,jpeg50,self,1,london:33,london:33,15.679997,36.1773
london_query_02vfV_A3zc1S9Akd07xuEA,white_box,9012,jpeg50,self,1,london:33,london:33,15.679997,36.1773
london_query_02vfV_A3zc1S9Akd07xuEA,transfer_1,9012,jpeg50,self,1,london:33,london:33,15.680002,36.1773
london_query_02vfV_A3zc1S9Akd07xuEA,transfer_2,9012,jpeg50,self,1,london:33,london:33,15.680000,36.1773
london_query_02vfV_A3zc1S9Akd07xuEA,transfer_3,9012,jpeg50,self,1,london:33,london:33,15.680000,36.1773
london_query_02vfV_A3zc1S9Akd07xuEA,transfer_4,9012,jpeg50,self,1,london:33,london:33,15.679997,36.1773
manila_query_-Tmeby1UCsrkKNvVnN7L5g,isotropic,1234,jpeg50,self,4,manila:116,manila:87,15.680000,36.1773
manila_query_-Tmeby1UCsrkKNvVnN7L5g,white_box,1234,jpeg50,self,4,manila:116,manila:87,15.680000,36.1773
manila_query_-Tmeby1UCsrkKNvVnN7L5g,transfer_1,1234,jpeg50,self,3,manila:116,manila:87,15.679998,36.1773
manila_query_-Tmeby1UCsrkKNvVnN7L5g,transfer_2,1234,jpeg50,self,2,manila:109,manila:87,15.679997,36.1773
manila_query_-Tmeby1UCsrkKNvVnN7L5g,transfer_3,1234,jpeg50,self,1,manila:87,manila:87,15.679997,36.1773
manila_query_-Tmeby1UCsrkKNvVnN7L5g,transfer_4,1234,jpeg50,self,1,manila:87,manila:87,15.679997,36.1773
manila_query_-Tmeby1UCsrkKNvVnN7L5g,isotropic,5678,jpeg50,self,4,manila:132,manila:87,15.680001,36.1773
manila_query_-Tmeby1UCsrkKNvVnN7L5g,white_box,5678,jpeg50,self,5,manila:116,manila:87,15.680000,36.1773
manila_query_-Tmeby1UCsrkKNvVnN7L5g,transfer_1,5678,jpeg50,self,3,zurich:64,manila:87,15.679998,36.1773
manila_query_-Tmeby1UCsrkKNvVnN7L5g,transfer_2,5678,jpeg50,self,4,zurich:64,manila:87,15.680000,36.1773
manila_query_-Tmeby1UCsrkKNvVnN7L5g,transfer_3,5678,jpeg50,self,4,zurich:64,manila:87,15.680001,36.1773
manila_query_-Tmeby1UCsrkKNvVnN7L5g,transfer_4,5678,jpeg50,self,1,manila:87,manila:87,15.680001,36.1773
manila_query_-Tmeby1UCsrkKNvVnN7L5g,isotropic,9012,jpeg50,self,5,zurich:64,manila:87,15.680002,36.1773
manila_query_-Tmeby1UCsrkKNvVnN7L5g,white_box,9012,jpeg50,self,2,manila:116,manila:87,15.680000,36.1773
manila_query_-Tmeby1UCsrkKNvVnN7L5g,transfer_1,9012,jpeg50,self,5,manila:116,manila:87,15.680000,36.1773
manila_query_-Tmeby1UCsrkKNvVnN7L5g,transfer_2,9012,jpeg50,self,4,zurich:64,manila:87,15.679997,36.1773
manila_query_-Tmeby1UCsrkKNvVnN7L5g,transfer_3,9012,jpeg50,self,3,manila:116,manila:87,15.680000,36.1773
manila_query_-Tmeby1UCsrkKNvVnN7L5g,transfer_4,9012,jpeg50,self,1,manila:87,manila:87,15.679997,36.1773
nairobi_query_37RDt83nGFaZl6CPpzqlTw,isotropic,1234,jpeg50,self,1,nairobi:13,nairobi:13,15.679996,36.1773
nairobi_query_37RDt83nGFaZl6CPpzqlTw,white_box,1234,jpeg50,self,1,nairobi:13,nairobi:13,15.680000,36.1773
nairobi_query_37RDt83nGFaZl6CPpzqlTw,transfer_1,1234,jpeg50,self,1,nairobi:13,nairobi:13,15.679997,36.1773
nairobi_query_37RDt83nGFaZl6CPpzqlTw,transfer_2,1234,jpeg50,self,1,nairobi:13,nairobi:13,15.679997,36.1773
nairobi_query_37RDt83nGFaZl6CPpzqlTw,transfer_3,1234,jpeg50,self,1,nairobi:13,nairobi:13,15.680000,36.1773
nairobi_query_37RDt83nGFaZl6CPpzqlTw,transfer_4,1234,jpeg50,self,1,nairobi:13,nairobi:13,15.680000,36.1773
nairobi_query_37RDt83nGFaZl6CPpzqlTw,isotropic,5678,jpeg50,self,1,nairobi:13,nairobi:13,15.680000,36.1773
nairobi_query_37RDt83nGFaZl6CPpzqlTw,white_box,5678,jpeg50,self,8,nairobi:20,nairobi:13,15.679998,36.1773
nairobi_query_37RDt83nGFaZl6CPpzqlTw,transfer_1,5678,jpeg50,self,1,nairobi:13,nairobi:13,15.680000,36.1773
nairobi_query_37RDt83nGFaZl6CPpzqlTw,transfer_2,5678,jpeg50,self,1,nairobi:13,nairobi:13,15.679997,36.1773
nairobi_query_37RDt83nGFaZl6CPpzqlTw,transfer_3,5678,jpeg50,self,1,nairobi:13,nairobi:13,15.679998,36.1773
nairobi_query_37RDt83nGFaZl6CPpzqlTw,transfer_4,5678,jpeg50,self,1,nairobi:13,nairobi:13,15.680000,36.1773
nairobi_query_37RDt83nGFaZl6CPpzqlTw,isotropic,9012,jpeg50,self,1,nairobi:13,nairobi:13,15.679996,36.1773
nairobi_query_37RDt83nGFaZl6CPpzqlTw,white_box,9012,jpeg50,self,3,nairobi:20,nairobi:13,15.680000,36.1773
nairobi_query_37RDt83nGFaZl6CPpzqlTw,transfer_1,9012,jpeg50,self,1,nairobi:13,nairobi:13,15.680001,36.1773
nairobi_query_37RDt83nGFaZl6CPpzqlTw,transfer_2,9012,jpeg50,self,1,nairobi:13,nairobi:13,15.680000,36.1773
nairobi_query_37RDt83nGFaZl6CPpzqlTw,transfer_3,9012,jpeg50,self,1,nairobi:13,nairobi:13,15.679998,36.1773
nairobi_query_37RDt83nGFaZl6CPpzqlTw,transfer_4,9012,jpeg50,self,1,nairobi:13,nairobi:13,15.679998,36.1773
toronto_query_-IlXU6r8OSJejg6wnFTYMQ,isotropic,1234,jpeg50,self,17,zurich:42,toronto:236,15.680000,36.1773
toronto_query_-IlXU6r8OSJejg6wnFTYMQ,white_box,1234,jpeg50,self,12,cph:176,toronto:236,15.680000,36.1773
toronto_query_-IlXU6r8OSJejg6wnFTYMQ,transfer_1,1234,jpeg50,self,3,zurich:42,toronto:236,15.679997,36.1773
toronto_query_-IlXU6r8OSJejg6wnFTYMQ,transfer_2,1234,jpeg50,self,3,zurich:42,toronto:236,15.680000,36.1773
toronto_query_-IlXU6r8OSJejg6wnFTYMQ,transfer_3,1234,jpeg50,self,2,zurich:42,toronto:236,15.679998,36.1773
toronto_query_-IlXU6r8OSJejg6wnFTYMQ,transfer_4,1234,jpeg50,self,7,zurich:42,toronto:236,15.679997,36.1773
toronto_query_-IlXU6r8OSJejg6wnFTYMQ,isotropic,5678,jpeg50,self,16,zurich:42,toronto:236,15.679998,36.1773
toronto_query_-IlXU6r8OSJejg6wnFTYMQ,white_box,5678,jpeg50,self,1,toronto:236,toronto:236,15.679997,36.1773
toronto_query_-IlXU6r8OSJejg6wnFTYMQ,transfer_1,5678,jpeg50,self,3,zurich:42,toronto:236,15.679998,36.1773
toronto_query_-IlXU6r8OSJejg6wnFTYMQ,transfer_2,5678,jpeg50,self,2,zurich:42,toronto:236,15.679997,36.1773
toronto_query_-IlXU6r8OSJejg6wnFTYMQ,transfer_3,5678,jpeg50,self,4,zurich:42,toronto:236,15.680000,36.1773
toronto_query_-IlXU6r8OSJejg6wnFTYMQ,transfer_4,5678,jpeg50,self,3,zurich:42,toronto:236,15.679997,36.1773
toronto_query_-IlXU6r8OSJejg6wnFTYMQ,isotropic,9012,jpeg50,self,11,zurich:42,toronto:236,15.679998,36.1773
toronto_query_-IlXU6r8OSJejg6wnFTYMQ,white_box,9012,jpeg50,self,11,amman:25,toronto:236,15.680000,36.1773
toronto_query_-IlXU6r8OSJejg6wnFTYMQ,transfer_1,9012,jpeg50,self,8,toronto:33,toronto:236,15.680000,36.1773
toronto_query_-IlXU6r8OSJejg6wnFTYMQ,transfer_2,9012,jpeg50,self,11,zurich:42,toronto:236,15.679997,36.1773
toronto_query_-IlXU6r8OSJejg6wnFTYMQ,transfer_3,9012,jpeg50,self,6,zurich:42,toronto:236,15.679997,36.1773
toronto_query_-IlXU6r8OSJejg6wnFTYMQ,transfer_4,9012,jpeg50,self,4,zurich:42,toronto:236,15.680000,36.1773
zurich_query_0Ky7pgdILHyYlzjahHNGZg,isotropic,1234,jpeg50,self,403,amman:23,zurich:51,15.679998,36.1773
zurich_query_0Ky7pgdILHyYlzjahHNGZg,white_box,1234,jpeg50,self,524,amman:23,zurich:51,15.680000,36.1773
zurich_query_0Ky7pgdILHyYlzjahHNGZg,transfer_1,1234,jpeg50,self,435,amman:23,zurich:51,15.679997,36.1773
zurich_query_0Ky7pgdILHyYlzjahHNGZg,transfer_2,1234,jpeg50,self,453,amman:23,zurich:51,15.679997,36.1773
zurich_query_0Ky7pgdILHyYlzjahHNGZg,transfer_3,1234,jpeg50,self,214,amman:23,zurich:51,15.680001,36.1773
zurich_query_0Ky7pgdILHyYlzjahHNGZg,transfer_4,1234,jpeg50,self,512,amman:23,zurich:51,15.680000,36.1773
zurich_query_0Ky7pgdILHyYlzjahHNGZg,isotropic,5678,jpeg50,self,188,amman:23,zurich:51,15.680001,36.1773
zurich_query_0Ky7pgdILHyYlzjahHNGZg,white_box,5678,jpeg50,self,264,amman:23,zurich:51,15.679997,36.1773
zurich_query_0Ky7pgdILHyYlzjahHNGZg,transfer_1,5678,jpeg50,self,263,amman:23,zurich:51,15.680000,36.1773
zurich_query_0Ky7pgdILHyYlzjahHNGZg,transfer_2,5678,jpeg50,self,221,amman:23,zurich:51,15.679998,36.1773
zurich_query_0Ky7pgdILHyYlzjahHNGZg,transfer_3,5678,jpeg50,self,131,amman:23,zurich:51,15.679997,36.1773
zurich_query_0Ky7pgdILHyYlzjahHNGZg,transfer_4,5678,jpeg50,self,192,amman:23,zurich:51,15.679997,36.1773
zurich_query_0Ky7pgdILHyYlzjahHNGZg,isotropic,9012,jpeg50,self,250,amman:23,zurich:51,15.680000,36.1773
zurich_query_0Ky7pgdILHyYlzjahHNGZg,white_box,9012,jpeg50,self,277,nairobi:20,zurich:51,15.680001,36.1773
zurich_query_0Ky7pgdILHyYlzjahHNGZg,transfer_1,9012,jpeg50,self,646,amman:23,zurich:51,15.679997,36.1773
zurich_query_0Ky7pgdILHyYlzjahHNGZg,transfer_2,9012,jpeg50,self,341,amman:23,zurich:51,15.680000,36.1773
zurich_query_0Ky7pgdILHyYlzjahHNGZg,transfer_3,9012,jpeg50,self,295,amman:23,zurich:51,15.680000,36.1773
zurich_query_0Ky7pgdILHyYlzjahHNGZg,transfer_4,9012,jpeg50,self,301,amman:23,zurich:51,15.680000,36.1773
amman_query_1rZerb0T7z_1E7yKfEBCtA,isotropic,1234,jpeg50,self,1,amman:6,amman:6,15.680000,36.1773
amman_query_1rZerb0T7z_1E7yKfEBCtA,white_box,1234,jpeg50,self,2,amman:23,amman:6,15.680000,36.1773
amman_query_1rZerb0T7z_1E7yKfEBCtA,transfer_1,1234,jpeg50,self,1,amman:6,amman:6,15.679997,36.1773
amman_query_1rZerb0T7z_1E7yKfEBCtA,transfer_2,1234,jpeg50,self,1,amman:6,amman:6,15.680000,36.1773
amman_query_1rZerb0T7z_1E7yKfEBCtA,transfer_3,1234,jpeg50,self,2,amman:1,amman:6,15.680000,36.1773
amman_query_1rZerb0T7z_1E7yKfEBCtA,transfer_4,1234,jpeg50,self,1,amman:6,amman:6,15.679997,36.1773
amman_query_1rZerb0T7z_1E7yKfEBCtA,isotropic,5678,jpeg50,self,2,amman:23,amman:6,15.680000,36.1773
amman_query_1rZerb0T7z_1E7yKfEBCtA,white_box,5678,jpeg50,self,1,amman:6,amman:6,15.679997,36.1773
amman_query_1rZerb0T7z_1E7yKfEBCtA,transfer_1,5678,jpeg50,self,1,amman:6,amman:6,15.679997,36.1773
amman_query_1rZerb0T7z_1E7yKfEBCtA,transfer_2,5678,jpeg50,self,1,amman:6,amman:6,15.680000,36.1773
amman_query_1rZerb0T7z_1E7yKfEBCtA,transfer_3,5678,jpeg50,self,3,amman:1,amman:6,15.680001,36.1773
amman_query_1rZerb0T7z_1E7yKfEBCtA,transfer_4,5678,jpeg50,self,1,amman:6,amman:6,15.679997,36.1773
amman_query_1rZerb0T7z_1E7yKfEBCtA,isotropic,9012,jpeg50,self,1,amman:6,amman:6,15.680000,36.1773
amman_query_1rZerb0T7z_1E7yKfEBCtA,white_box,9012,jpeg50,self,3,amman:23,amman:6,15.680000,36.1773
amman_query_1rZerb0T7z_1E7yKfEBCtA,transfer_1,9012,jpeg50,self,1,amman:6,amman:6,15.679997,36.1773
amman_query_1rZerb0T7z_1E7yKfEBCtA,transfer_2,9012,jpeg50,self,1,amman:6,amman:6,15.680000,36.1773
amman_query_1rZerb0T7z_1E7yKfEBCtA,transfer_3,9012,jpeg50,self,2,amman:1,amman:6,15.680000,36.1773
amman_query_1rZerb0T7z_1E7yKfEBCtA,transfer_4,9012,jpeg50,self,2,amman:23,amman:6,15.679997,36.1773
boston_query_-Phryua7d1FHhpGGfaEGcg,isotropic,1234,jpeg50,self,1,boston:47,boston:47,15.680000,36.1773
boston_query_-Phryua7d1FHhpGGfaEGcg,white_box,1234,jpeg50,self,1,boston:47,boston:47,15.679997,36.1773
boston_query_-Phryua7d1FHhpGGfaEGcg,transfer_1,1234,jpeg50,self,20,zurich:98,boston:47,15.679998,36.1773
boston_query_-Phryua7d1FHhpGGfaEGcg,transfer_2,1234,jpeg50,self,6,toronto:23,boston:47,15.680001,36.1773
boston_query_-Phryua7d1FHhpGGfaEGcg,transfer_3,1234,jpeg50,self,8,amman:6,boston:47,15.679997,36.1773
boston_query_-Phryua7d1FHhpGGfaEGcg,transfer_4,1234,jpeg50,self,3,zurich:19,boston:47,15.679998,36.1773
boston_query_-Phryua7d1FHhpGGfaEGcg,isotropic,5678,jpeg50,self,15,toronto:23,boston:47,15.680000,36.1773
boston_query_-Phryua7d1FHhpGGfaEGcg,white_box,5678,jpeg50,self,6,zurich:98,boston:47,15.680000,36.1773
boston_query_-Phryua7d1FHhpGGfaEGcg,transfer_1,5678,jpeg50,self,4,zurich:19,boston:47,15.680000,36.1773
boston_query_-Phryua7d1FHhpGGfaEGcg,transfer_2,5678,jpeg50,self,3,amman:6,boston:47,15.679997,36.1773
boston_query_-Phryua7d1FHhpGGfaEGcg,transfer_3,5678,jpeg50,self,4,toronto:23,boston:47,15.679997,36.1773
boston_query_-Phryua7d1FHhpGGfaEGcg,transfer_4,5678,jpeg50,self,10,boston:216,boston:47,15.680000,36.1773
boston_query_-Phryua7d1FHhpGGfaEGcg,isotropic,9012,jpeg50,self,5,boston:99,boston:47,15.680000,36.1773
boston_query_-Phryua7d1FHhpGGfaEGcg,white_box,9012,jpeg50,self,31,toronto:200,boston:47,15.679997,36.1773
boston_query_-Phryua7d1FHhpGGfaEGcg,transfer_1,9012,jpeg50,self,6,manila:190,boston:47,15.680000,36.1773
boston_query_-Phryua7d1FHhpGGfaEGcg,transfer_2,9012,jpeg50,self,1,boston:47,boston:47,15.680000,36.1773
boston_query_-Phryua7d1FHhpGGfaEGcg,transfer_3,9012,jpeg50,self,1,boston:47,boston:47,15.680000,36.1773
boston_query_-Phryua7d1FHhpGGfaEGcg,transfer_4,9012,jpeg50,self,4,zurich:19,boston:47,15.680000,36.1773
cph_query_-PRZAb6qxjSdDqzgOekgbg,isotropic,1234,jpeg50,self,1,cph:356,cph:356,15.680000,36.1773
cph_query_-PRZAb6qxjSdDqzgOekgbg,white_box,1234,jpeg50,self,1,cph:356,cph:356,15.680000,36.1773
cph_query_-PRZAb6qxjSdDqzgOekgbg,transfer_1,1234,jpeg50,self,1,cph:356,cph:356,15.680002,36.1773
cph_query_-PRZAb6qxjSdDqzgOekgbg,transfer_2,1234,jpeg50,self,1,cph:356,cph:356,15.680000,36.1773
cph_query_-PRZAb6qxjSdDqzgOekgbg,transfer_3,1234,jpeg50,self,1,cph:356,cph:356,15.680000,36.1773
cph_query_-PRZAb6qxjSdDqzgOekgbg,transfer_4,1234,jpeg50,self,1,cph:356,cph:356,15.680001,36.1773
cph_query_-PRZAb6qxjSdDqzgOekgbg,isotropic,5678,jpeg50,self,1,cph:356,cph:356,15.680000,36.1773
cph_query_-PRZAb6qxjSdDqzgOekgbg,white_box,5678,jpeg50,self,1,cph:356,cph:356,15.679998,36.1773
cph_query_-PRZAb6qxjSdDqzgOekgbg,transfer_1,5678,jpeg50,self,1,cph:356,cph:356,15.680001,36.1773
cph_query_-PRZAb6qxjSdDqzgOekgbg,transfer_2,5678,jpeg50,self,1,cph:356,cph:356,15.679998,36.1773
cph_query_-PRZAb6qxjSdDqzgOekgbg,transfer_3,5678,jpeg50,self,1,cph:356,cph:356,15.680000,36.1773
cph_query_-PRZAb6qxjSdDqzgOekgbg,transfer_4,5678,jpeg50,self,1,cph:356,cph:356,15.679998,36.1773
cph_query_-PRZAb6qxjSdDqzgOekgbg,isotropic,9012,jpeg50,self,1,cph:356,cph:356,15.679998,36.1773
cph_query_-PRZAb6qxjSdDqzgOekgbg,white_box,9012,jpeg50,self,1,cph:356,cph:356,15.679997,36.1773
cph_query_-PRZAb6qxjSdDqzgOekgbg,transfer_1,9012,jpeg50,self,1,cph:356,cph:356,15.679997,36.1773
cph_query_-PRZAb6qxjSdDqzgOekgbg,transfer_2,9012,jpeg50,self,1,cph:356,cph:356,15.679998,36.1773
cph_query_-PRZAb6qxjSdDqzgOekgbg,transfer_3,9012,jpeg50,self,1,cph:356,cph:356,15.680001,36.1773
cph_query_-PRZAb6qxjSdDqzgOekgbg,transfer_4,9012,jpeg50,self,1,cph:356,cph:356,15.679997,36.1773
london_query_039iugtZTFguj-7UQyc-wg,isotropic,1234,jpeg50,self,1,london:71,london:71,15.679997,36.1773
london_query_039iugtZTFguj-7UQyc-wg,white_box,1234,jpeg50,self,1,london:71,london:71,15.680001,36.1773
london_query_039iugtZTFguj-7UQyc-wg,transfer_1,1234,jpeg50,self,1,london:71,london:71,15.680000,36.1773
london_query_039iugtZTFguj-7UQyc-wg,transfer_2,1234,jpeg50,self,1,london:71,london:71,15.680000,36.1773
london_query_039iugtZTFguj-7UQyc-wg,transfer_3,1234,jpeg50,self,1,london:71,london:71,15.680000,36.1773
london_query_039iugtZTFguj-7UQyc-wg,transfer_4,1234,jpeg50,self,1,london:71,london:71,15.679997,36.1773
london_query_039iugtZTFguj-7UQyc-wg,isotropic,5678,jpeg50,self,1,london:71,london:71,15.680002,36.1773
london_query_039iugtZTFguj-7UQyc-wg,white_box,5678,jpeg50,self,1,london:71,london:71,15.680000,36.1773
london_query_039iugtZTFguj-7UQyc-wg,transfer_1,5678,jpeg50,self,1,london:71,london:71,15.679996,36.1773
london_query_039iugtZTFguj-7UQyc-wg,transfer_2,5678,jpeg50,self,1,london:71,london:71,15.680002,36.1773
london_query_039iugtZTFguj-7UQyc-wg,transfer_3,5678,jpeg50,self,1,london:71,london:71,15.679998,36.1773
london_query_039iugtZTFguj-7UQyc-wg,transfer_4,5678,jpeg50,self,1,london:71,london:71,15.679997,36.1773
london_query_039iugtZTFguj-7UQyc-wg,isotropic,9012,jpeg50,self,1,london:71,london:71,15.679996,36.1773
london_query_039iugtZTFguj-7UQyc-wg,white_box,9012,jpeg50,self,1,london:71,london:71,15.679997,36.1773
london_query_039iugtZTFguj-7UQyc-wg,transfer_1,9012,jpeg50,self,1,london:71,london:71,15.679997,36.1773
london_query_039iugtZTFguj-7UQyc-wg,transfer_2,9012,jpeg50,self,1,london:71,london:71,15.680000,36.1773
london_query_039iugtZTFguj-7UQyc-wg,transfer_3,9012,jpeg50,self,1,london:71,london:71,15.680000,36.1773
london_query_039iugtZTFguj-7UQyc-wg,transfer_4,9012,jpeg50,self,1,london:71,london:71,15.679998,36.1773
manila_query_-TrGJy3CeaXApOffGndlqg,isotropic,1234,jpeg50,self,1,manila:41,manila:41,15.680001,36.1773
manila_query_-TrGJy3CeaXApOffGndlqg,white_box,1234,jpeg50,self,1,manila:41,manila:41,15.679998,36.1773
manila_query_-TrGJy3CeaXApOffGndlqg,transfer_1,1234,jpeg50,self,1,manila:41,manila:41,15.679997,36.1773
manila_query_-TrGJy3CeaXApOffGndlqg,transfer_2,1234,jpeg50,self,1,manila:41,manila:41,15.679998,36.1773
manila_query_-TrGJy3CeaXApOffGndlqg,transfer_3,1234,jpeg50,self,1,manila:41,manila:41,15.679997,36.1773
manila_query_-TrGJy3CeaXApOffGndlqg,transfer_4,1234,jpeg50,self,1,manila:41,manila:41,15.679997,36.1773
manila_query_-TrGJy3CeaXApOffGndlqg,isotropic,5678,jpeg50,self,1,manila:41,manila:41,15.680002,36.1773
manila_query_-TrGJy3CeaXApOffGndlqg,white_box,5678,jpeg50,self,1,manila:41,manila:41,15.680000,36.1773
manila_query_-TrGJy3CeaXApOffGndlqg,transfer_1,5678,jpeg50,self,1,manila:41,manila:41,15.679997,36.1773
manila_query_-TrGJy3CeaXApOffGndlqg,transfer_2,5678,jpeg50,self,1,manila:41,manila:41,15.679997,36.1773
manila_query_-TrGJy3CeaXApOffGndlqg,transfer_3,5678,jpeg50,self,1,manila:41,manila:41,15.679997,36.1773
manila_query_-TrGJy3CeaXApOffGndlqg,transfer_4,5678,jpeg50,self,1,manila:41,manila:41,15.679997,36.1773
manila_query_-TrGJy3CeaXApOffGndlqg,isotropic,9012,jpeg50,self,1,manila:41,manila:41,15.680001,36.1773
manila_query_-TrGJy3CeaXApOffGndlqg,white_box,9012,jpeg50,self,1,manila:41,manila:41,15.680000,36.1773
manila_query_-TrGJy3CeaXApOffGndlqg,transfer_1,9012,jpeg50,self,1,manila:41,manila:41,15.680000,36.1773
manila_query_-TrGJy3CeaXApOffGndlqg,transfer_2,9012,jpeg50,self,1,manila:41,manila:41,15.680000,36.1773
manila_query_-TrGJy3CeaXApOffGndlqg,transfer_3,9012,jpeg50,self,1,manila:41,manila:41,15.680000,36.1773
manila_query_-TrGJy3CeaXApOffGndlqg,transfer_4,9012,jpeg50,self,1,manila:41,manila:41,15.680000,36.1773
nairobi_query_38y5DGnb1BCdL2r_1MWELg,isotropic,1234,jpeg50,self,4,zurich:79,nairobi:5,15.680002,36.1773
nairobi_query_38y5DGnb1BCdL2r_1MWELg,white_box,1234,jpeg50,self,3,zurich:79,nairobi:5,15.679997,36.1773
nairobi_query_38y5DGnb1BCdL2r_1MWELg,transfer_1,1234,jpeg50,self,1,nairobi:5,nairobi:5,15.679998,36.1773
nairobi_query_38y5DGnb1BCdL2r_1MWELg,transfer_2,1234,jpeg50,self,4,zurich:79,nairobi:5,15.680000,36.1773
nairobi_query_38y5DGnb1BCdL2r_1MWELg,transfer_3,1234,jpeg50,self,4,zurich:79,nairobi:5,15.679998,36.1773
nairobi_query_38y5DGnb1BCdL2r_1MWELg,transfer_4,1234,jpeg50,self,6,zurich:79,nairobi:5,15.679998,36.1773
nairobi_query_38y5DGnb1BCdL2r_1MWELg,isotropic,5678,jpeg50,self,2,zurich:79,nairobi:5,15.679997,36.1773
nairobi_query_38y5DGnb1BCdL2r_1MWELg,white_box,5678,jpeg50,self,7,cph:175,nairobi:5,15.679998,36.1773
nairobi_query_38y5DGnb1BCdL2r_1MWELg,transfer_1,5678,jpeg50,self,2,zurich:79,nairobi:5,15.680000,36.1773
nairobi_query_38y5DGnb1BCdL2r_1MWELg,transfer_2,5678,jpeg50,self,4,zurich:79,nairobi:5,15.680000,36.1773
nairobi_query_38y5DGnb1BCdL2r_1MWELg,transfer_3,5678,jpeg50,self,2,zurich:79,nairobi:5,15.679998,36.1773
nairobi_query_38y5DGnb1BCdL2r_1MWELg,transfer_4,5678,jpeg50,self,2,zurich:79,nairobi:5,15.680000,36.1773
nairobi_query_38y5DGnb1BCdL2r_1MWELg,isotropic,9012,jpeg50,self,2,zurich:79,nairobi:5,15.680002,36.1773
nairobi_query_38y5DGnb1BCdL2r_1MWELg,white_box,9012,jpeg50,self,3,zurich:79,nairobi:5,15.680000,36.1773
nairobi_query_38y5DGnb1BCdL2r_1MWELg,transfer_1,9012,jpeg50,self,3,zurich:79,nairobi:5,15.679997,36.1773
nairobi_query_38y5DGnb1BCdL2r_1MWELg,transfer_2,9012,jpeg50,self,2,zurich:79,nairobi:5,15.680000,36.1773
nairobi_query_38y5DGnb1BCdL2r_1MWELg,transfer_3,9012,jpeg50,self,12,zurich:79,nairobi:5,15.679997,36.1773
nairobi_query_38y5DGnb1BCdL2r_1MWELg,transfer_4,9012,jpeg50,self,2,zurich:79,nairobi:5,15.679997,36.1773
toronto_query_-Iyv6ydukEfueu-CphPhwg,isotropic,1234,jpeg50,self,1,toronto:218,toronto:218,15.679996,36.1773
toronto_query_-Iyv6ydukEfueu-CphPhwg,white_box,1234,jpeg50,self,1,toronto:218,toronto:218,15.679997,36.1773
toronto_query_-Iyv6ydukEfueu-CphPhwg,transfer_1,1234,jpeg50,self,1,toronto:218,toronto:218,15.679997,36.1773
toronto_query_-Iyv6ydukEfueu-CphPhwg,transfer_2,1234,jpeg50,self,1,toronto:218,toronto:218,15.680000,36.1773
toronto_query_-Iyv6ydukEfueu-CphPhwg,transfer_3,1234,jpeg50,self,1,toronto:218,toronto:218,15.679998,36.1773
toronto_query_-Iyv6ydukEfueu-CphPhwg,transfer_4,1234,jpeg50,self,1,toronto:218,toronto:218,15.679997,36.1773
toronto_query_-Iyv6ydukEfueu-CphPhwg,isotropic,5678,jpeg50,self,1,toronto:218,toronto:218,15.679997,36.1773
toronto_query_-Iyv6ydukEfueu-CphPhwg,white_box,5678,jpeg50,self,1,toronto:218,toronto:218,15.679998,36.1773
toronto_query_-Iyv6ydukEfueu-CphPhwg,transfer_1,5678,jpeg50,self,1,toronto:218,toronto:218,15.679998,36.1773
toronto_query_-Iyv6ydukEfueu-CphPhwg,transfer_2,5678,jpeg50,self,1,toronto:218,toronto:218,15.679997,36.1773
toronto_query_-Iyv6ydukEfueu-CphPhwg,transfer_3,5678,jpeg50,self,1,toronto:218,toronto:218,15.679997,36.1773
toronto_query_-Iyv6ydukEfueu-CphPhwg,transfer_4,5678,jpeg50,self,1,toronto:218,toronto:218,15.680000,36.1773
toronto_query_-Iyv6ydukEfueu-CphPhwg,isotropic,9012,jpeg50,self,1,toronto:218,toronto:218,15.680002,36.1773
toronto_query_-Iyv6ydukEfueu-CphPhwg,white_box,9012,jpeg50,self,1,toronto:218,toronto:218,15.679997,36.1773
toronto_query_-Iyv6ydukEfueu-CphPhwg,transfer_1,9012,jpeg50,self,1,toronto:218,toronto:218,15.680000,36.1773
toronto_query_-Iyv6ydukEfueu-CphPhwg,transfer_2,9012,jpeg50,self,1,toronto:218,toronto:218,15.679998,36.1773
toronto_query_-Iyv6ydukEfueu-CphPhwg,transfer_3,9012,jpeg50,self,1,toronto:218,toronto:218,15.679998,36.1773
toronto_query_-Iyv6ydukEfueu-CphPhwg,transfer_4,9012,jpeg50,self,1,toronto:218,toronto:218,15.679998,36.1773
zurich_query_0PrObi7NiUNPMe7_RDu2Ng,isotropic,1234,jpeg50,self,5,zurich:27,zurich:46,15.679998,36.1773
zurich_query_0PrObi7NiUNPMe7_RDu2Ng,white_box,1234,jpeg50,self,69,nairobi:10,zurich:46,15.679997,36.1773
zurich_query_0PrObi7NiUNPMe7_RDu2Ng,transfer_1,1234,jpeg50,self,5,manila:153,zurich:46,15.680000,36.1773
zurich_query_0PrObi7NiUNPMe7_RDu2Ng,transfer_2,1234,jpeg50,self,4,zurich:27,zurich:46,15.679998,36.1773
zurich_query_0PrObi7NiUNPMe7_RDu2Ng,transfer_3,1234,jpeg50,self,4,zurich:27,zurich:46,15.679997,36.1773
zurich_query_0PrObi7NiUNPMe7_RDu2Ng,transfer_4,1234,jpeg50,self,3,zurich:27,zurich:46,15.679997,36.1773
zurich_query_0PrObi7NiUNPMe7_RDu2Ng,isotropic,5678,jpeg50,self,5,zurich:27,zurich:46,15.680000,36.1773
zurich_query_0PrObi7NiUNPMe7_RDu2Ng,white_box,5678,jpeg50,self,8,zurich:27,zurich:46,15.680000,36.1773
zurich_query_0PrObi7NiUNPMe7_RDu2Ng,transfer_1,5678,jpeg50,self,3,zurich:27,zurich:46,15.680000,36.1773
zurich_query_0PrObi7NiUNPMe7_RDu2Ng,transfer_2,5678,jpeg50,self,9,zurich:27,zurich:46,15.680000,36.1773
zurich_query_0PrObi7NiUNPMe7_RDu2Ng,transfer_3,5678,jpeg50,self,5,zurich:27,zurich:46,15.679997,36.1773
zurich_query_0PrObi7NiUNPMe7_RDu2Ng,transfer_4,5678,jpeg50,self,5,zurich:27,zurich:46,15.679997,36.1773
zurich_query_0PrObi7NiUNPMe7_RDu2Ng,isotropic,9012,jpeg50,self,5,zurich:27,zurich:46,15.680000,36.1773
zurich_query_0PrObi7NiUNPMe7_RDu2Ng,white_box,9012,jpeg50,self,22,manila:153,zurich:46,15.679998,36.1773
zurich_query_0PrObi7NiUNPMe7_RDu2Ng,transfer_1,9012,jpeg50,self,5,manila:153,zurich:46,15.680001,36.1773
zurich_query_0PrObi7NiUNPMe7_RDu2Ng,transfer_2,9012,jpeg50,self,4,zurich:27,zurich:46,15.680000,36.1773
zurich_query_0PrObi7NiUNPMe7_RDu2Ng,transfer_3,9012,jpeg50,self,4,zurich:27,zurich:46,15.680000,36.1773
zurich_query_0PrObi7NiUNPMe7_RDu2Ng,transfer_4,9012,jpeg50,self,4,manila:153,zurich:46,15.680000,36.1773
amman_query_1uJbVMOMqlPVx4GYc2BgOA,isotropic,1234,jpeg50,self,6,amman:6,amman:15,15.679998,36.1773
amman_query_1uJbVMOMqlPVx4GYc2BgOA,white_box,1234,jpeg50,self,26,cph:176,amman:15,15.679997,36.1773
amman_query_1uJbVMOMqlPVx4GYc2BgOA,transfer_1,1234,jpeg50,self,4,amman:6,amman:15,15.679997,36.1773
amman_query_1uJbVMOMqlPVx4GYc2BgOA,transfer_2,1234,jpeg50,self,16,amman:6,amman:15,15.680000,36.1773
amman_query_1uJbVMOMqlPVx4GYc2BgOA,transfer_3,1234,jpeg50,self,6,amman:6,amman:15,15.679997,36.1773
amman_query_1uJbVMOMqlPVx4GYc2BgOA,transfer_4,1234,jpeg50,self,8,amman:6,amman:15,15.680000,36.1773
amman_query_1uJbVMOMqlPVx4GYc2BgOA,isotropic,5678,jpeg50,self,5,zurich:42,amman:15,15.679998,36.1773
amman_query_1uJbVMOMqlPVx4GYc2BgOA,white_box,5678,jpeg50,self,9,cph:176,amman:15,15.679997,36.1773
amman_query_1uJbVMOMqlPVx4GYc2BgOA,transfer_1,5678,jpeg50,self,6,amman:6,amman:15,15.679997,36.1773
amman_query_1uJbVMOMqlPVx4GYc2BgOA,transfer_2,5678,jpeg50,self,3,amman:6,amman:15,15.680000,36.1773
amman_query_1uJbVMOMqlPVx4GYc2BgOA,transfer_3,5678,jpeg50,self,4,amman:6,amman:15,15.680000,36.1773
amman_query_1uJbVMOMqlPVx4GYc2BgOA,transfer_4,5678,jpeg50,self,2,amman:6,amman:15,15.679997,36.1773
amman_query_1uJbVMOMqlPVx4GYc2BgOA,isotropic,9012,jpeg50,self,1,amman:15,amman:15,15.680000,36.1773
amman_query_1uJbVMOMqlPVx4GYc2BgOA,white_box,9012,jpeg50,self,4,cph:176,amman:15,15.680000,36.1773
amman_query_1uJbVMOMqlPVx4GYc2BgOA,transfer_1,9012,jpeg50,self,8,amman:6,amman:15,15.680000,36.1773
amman_query_1uJbVMOMqlPVx4GYc2BgOA,transfer_2,9012,jpeg50,self,15,amman:6,amman:15,15.680000,36.1773
amman_query_1uJbVMOMqlPVx4GYc2BgOA,transfer_3,9012,jpeg50,self,4,amman:6,amman:15,15.679997,36.1773
amman_query_1uJbVMOMqlPVx4GYc2BgOA,transfer_4,9012,jpeg50,self,7,amman:6,amman:15,15.680000,36.1773
boston_query_-Ptt76cqL8Ath-qW7aRUQw,isotropic,1234,jpeg50,self,1,boston:139,boston:139,15.679998,36.1773
boston_query_-Ptt76cqL8Ath-qW7aRUQw,white_box,1234,jpeg50,self,1,boston:139,boston:139,15.679998,36.1773
boston_query_-Ptt76cqL8Ath-qW7aRUQw,transfer_1,1234,jpeg50,self,1,boston:139,boston:139,15.679998,36.1773
boston_query_-Ptt76cqL8Ath-qW7aRUQw,transfer_2,1234,jpeg50,self,1,boston:139,boston:139,15.680000,36.1773
boston_query_-Ptt76cqL8Ath-qW7aRUQw,transfer_3,1234,jpeg50,self,1,boston:139,boston:139,15.679998,36.1773
boston_query_-Ptt76cqL8Ath-qW7aRUQw,transfer_4,1234,jpeg50,self,1,boston:139,boston:139,15.680000,36.1773
boston_query_-Ptt76cqL8Ath-qW7aRUQw,isotropic,5678,jpeg50,self,1,boston:139,boston:139,15.680000,36.1773
boston_query_-Ptt76cqL8Ath-qW7aRUQw,white_box,5678,jpeg50,self,1,boston:139,boston:139,15.679998,36.1773
boston_query_-Ptt76cqL8Ath-qW7aRUQw,transfer_1,5678,jpeg50,self,1,boston:139,boston:139,15.679997,36.1773
boston_query_-Ptt76cqL8Ath-qW7aRUQw,transfer_2,5678,jpeg50,self,1,boston:139,boston:139,15.679997,36.1773
boston_query_-Ptt76cqL8Ath-qW7aRUQw,transfer_3,5678,jpeg50,self,1,boston:139,boston:139,15.679997,36.1773
boston_query_-Ptt76cqL8Ath-qW7aRUQw,transfer_4,5678,jpeg50,self,1,boston:139,boston:139,15.680001,36.1773
boston_query_-Ptt76cqL8Ath-qW7aRUQw,isotropic,9012,jpeg50,self,1,boston:139,boston:139,15.679997,36.1773
boston_query_-Ptt76cqL8Ath-qW7aRUQw,white_box,9012,jpeg50,self,1,boston:139,boston:139,15.679998,36.1773
boston_query_-Ptt76cqL8Ath-qW7aRUQw,transfer_1,9012,jpeg50,self,1,boston:139,boston:139,15.679998,36.1773
boston_query_-Ptt76cqL8Ath-qW7aRUQw,transfer_2,9012,jpeg50,self,1,boston:139,boston:139,15.680000,36.1773
boston_query_-Ptt76cqL8Ath-qW7aRUQw,transfer_3,9012,jpeg50,self,1,boston:139,boston:139,15.679997,36.1773
boston_query_-Ptt76cqL8Ath-qW7aRUQw,transfer_4,9012,jpeg50,self,1,boston:139,boston:139,15.680000,36.1773
cph_query_-Q4-mvnV6y-0yK62OXn-1w,isotropic,1234,jpeg50,self,1191,toronto:112,cph:297,15.680000,36.1773
cph_query_-Q4-mvnV6y-0yK62OXn-1w,white_box,1234,jpeg50,self,1114,boston:249,cph:297,15.680000,36.1773
cph_query_-Q4-mvnV6y-0yK62OXn-1w,transfer_1,1234,jpeg50,self,890,london:85,cph:297,15.680001,36.1773
cph_query_-Q4-mvnV6y-0yK62OXn-1w,transfer_2,1234,jpeg50,self,607,boston:90,cph:297,15.680000,36.1773
cph_query_-Q4-mvnV6y-0yK62OXn-1w,transfer_3,1234,jpeg50,self,1001,zurich:5,cph:297,15.680000,36.1773
cph_query_-Q4-mvnV6y-0yK62OXn-1w,transfer_4,1234,jpeg50,self,688,cph:96,cph:297,15.679998,36.1773
cph_query_-Q4-mvnV6y-0yK62OXn-1w,isotropic,5678,jpeg50,self,609,zurich:5,cph:297,15.680000,36.1773
cph_query_-Q4-mvnV6y-0yK62OXn-1w,white_box,5678,jpeg50,self,1125,cph:271,cph:297,15.679997,36.1773
cph_query_-Q4-mvnV6y-0yK62OXn-1w,transfer_1,5678,jpeg50,self,914,boston:90,cph:297,15.680001,36.1773
cph_query_-Q4-mvnV6y-0yK62OXn-1w,transfer_2,5678,jpeg50,self,897,boston:90,cph:297,15.679997,36.1773
cph_query_-Q4-mvnV6y-0yK62OXn-1w,transfer_3,5678,jpeg50,self,399,boston:90,cph:297,15.679998,36.1773
cph_query_-Q4-mvnV6y-0yK62OXn-1w,transfer_4,5678,jpeg50,self,411,toronto:112,cph:297,15.680000,36.1773
cph_query_-Q4-mvnV6y-0yK62OXn-1w,isotropic,9012,jpeg50,self,616,boston:90,cph:297,15.680001,36.1773
cph_query_-Q4-mvnV6y-0yK62OXn-1w,white_box,9012,jpeg50,self,760,zurich:5,cph:297,15.680000,36.1773
cph_query_-Q4-mvnV6y-0yK62OXn-1w,transfer_1,9012,jpeg50,self,376,london:85,cph:297,15.679997,36.1773
cph_query_-Q4-mvnV6y-0yK62OXn-1w,transfer_2,9012,jpeg50,self,644,zurich:5,cph:297,15.680001,36.1773
cph_query_-Q4-mvnV6y-0yK62OXn-1w,transfer_3,9012,jpeg50,self,893,boston:123,cph:297,15.679997,36.1773
cph_query_-Q4-mvnV6y-0yK62OXn-1w,transfer_4,9012,jpeg50,self,756,toronto:112,cph:297,15.680000,36.1773
london_query_03BhnvDRczArNBQm0Qu0tQ,isotropic,1234,jpeg50,self,1,london:122,london:122,15.679997,36.1773
london_query_03BhnvDRczArNBQm0Qu0tQ,white_box,1234,jpeg50,self,1,london:122,london:122,15.679996,36.1773
london_query_03BhnvDRczArNBQm0Qu0tQ,transfer_1,1234,jpeg50,self,1,london:122,london:122,15.680000,36.1773
london_query_03BhnvDRczArNBQm0Qu0tQ,transfer_2,1234,jpeg50,self,1,london:122,london:122,15.680000,36.1773
london_query_03BhnvDRczArNBQm0Qu0tQ,transfer_3,1234,jpeg50,self,1,london:122,london:122,15.680000,36.1773
london_query_03BhnvDRczArNBQm0Qu0tQ,transfer_4,1234,jpeg50,self,1,london:122,london:122,15.679997,36.1773
london_query_03BhnvDRczArNBQm0Qu0tQ,isotropic,5678,jpeg50,self,1,london:122,london:122,15.680000,36.1773
london_query_03BhnvDRczArNBQm0Qu0tQ,white_box,5678,jpeg50,self,1,london:122,london:122,15.679997,36.1773
london_query_03BhnvDRczArNBQm0Qu0tQ,transfer_1,5678,jpeg50,self,1,london:122,london:122,15.679997,36.1773
london_query_03BhnvDRczArNBQm0Qu0tQ,transfer_2,5678,jpeg50,self,1,london:122,london:122,15.679998,36.1773
london_query_03BhnvDRczArNBQm0Qu0tQ,transfer_3,5678,jpeg50,self,1,london:122,london:122,15.680001,36.1773
london_query_03BhnvDRczArNBQm0Qu0tQ,transfer_4,5678,jpeg50,self,1,london:122,london:122,15.680001,36.1773
london_query_03BhnvDRczArNBQm0Qu0tQ,isotropic,9012,jpeg50,self,1,london:122,london:122,15.679997,36.1773
london_query_03BhnvDRczArNBQm0Qu0tQ,white_box,9012,jpeg50,self,1,london:122,london:122,15.679998,36.1773
london_query_03BhnvDRczArNBQm0Qu0tQ,transfer_1,9012,jpeg50,self,1,london:122,london:122,15.680001,36.1773
london_query_03BhnvDRczArNBQm0Qu0tQ,transfer_2,9012,jpeg50,self,1,london:122,london:122,15.680000,36.1773
london_query_03BhnvDRczArNBQm0Qu0tQ,transfer_3,9012,jpeg50,self,1,london:122,london:122,15.679997,36.1773
london_query_03BhnvDRczArNBQm0Qu0tQ,transfer_4,9012,jpeg50,self,1,london:122,london:122,15.680001,36.1773
manila_query_-Tvw2ZcjPmZrmxcJ3PNHwQ,isotropic,1234,jpeg50,self,1,manila:33,manila:33,15.680000,36.1773
manila_query_-Tvw2ZcjPmZrmxcJ3PNHwQ,white_box,1234,jpeg50,self,1,manila:33,manila:33,15.680000,36.1773
manila_query_-Tvw2ZcjPmZrmxcJ3PNHwQ,transfer_1,1234,jpeg50,self,1,manila:33,manila:33,15.680000,36.1773
manila_query_-Tvw2ZcjPmZrmxcJ3PNHwQ,transfer_2,1234,jpeg50,self,1,manila:33,manila:33,15.679996,36.1773
manila_query_-Tvw2ZcjPmZrmxcJ3PNHwQ,transfer_3,1234,jpeg50,self,1,manila:33,manila:33,15.679998,36.1773
manila_query_-Tvw2ZcjPmZrmxcJ3PNHwQ,transfer_4,1234,jpeg50,self,1,manila:33,manila:33,15.679997,36.1773
manila_query_-Tvw2ZcjPmZrmxcJ3PNHwQ,isotropic,5678,jpeg50,self,1,manila:33,manila:33,15.680000,36.1773
manila_query_-Tvw2ZcjPmZrmxcJ3PNHwQ,white_box,5678,jpeg50,self,2,manila:53,manila:33,15.679997,36.1773
manila_query_-Tvw2ZcjPmZrmxcJ3PNHwQ,transfer_1,5678,jpeg50,self,1,manila:33,manila:33,15.680001,36.1773
manila_query_-Tvw2ZcjPmZrmxcJ3PNHwQ,transfer_2,5678,jpeg50,self,1,manila:33,manila:33,15.680000,36.1773
manila_query_-Tvw2ZcjPmZrmxcJ3PNHwQ,transfer_3,5678,jpeg50,self,1,manila:33,manila:33,15.679997,36.1773
manila_query_-Tvw2ZcjPmZrmxcJ3PNHwQ,transfer_4,5678,jpeg50,self,1,manila:33,manila:33,15.679997,36.1773
manila_query_-Tvw2ZcjPmZrmxcJ3PNHwQ,isotropic,9012,jpeg50,self,1,manila:33,manila:33,15.680000,36.1773
manila_query_-Tvw2ZcjPmZrmxcJ3PNHwQ,white_box,9012,jpeg50,self,2,manila:53,manila:33,15.679997,36.1773
manila_query_-Tvw2ZcjPmZrmxcJ3PNHwQ,transfer_1,9012,jpeg50,self,1,manila:33,manila:33,15.680000,36.1773
manila_query_-Tvw2ZcjPmZrmxcJ3PNHwQ,transfer_2,9012,jpeg50,self,1,manila:33,manila:33,15.680001,36.1773
manila_query_-Tvw2ZcjPmZrmxcJ3PNHwQ,transfer_3,9012,jpeg50,self,1,manila:33,manila:33,15.679997,36.1773
manila_query_-Tvw2ZcjPmZrmxcJ3PNHwQ,transfer_4,9012,jpeg50,self,1,manila:33,manila:33,15.679998,36.1773
nairobi_query_3BfqchD1dC_R_VKSm6NXMQ,isotropic,1234,jpeg50,self,1,nairobi:20,nairobi:20,15.680000,36.1773
nairobi_query_3BfqchD1dC_R_VKSm6NXMQ,white_box,1234,jpeg50,self,1,nairobi:20,nairobi:20,15.680000,36.1773
nairobi_query_3BfqchD1dC_R_VKSm6NXMQ,transfer_1,1234,jpeg50,self,1,nairobi:20,nairobi:20,15.679998,36.1773
nairobi_query_3BfqchD1dC_R_VKSm6NXMQ,transfer_2,1234,jpeg50,self,1,nairobi:20,nairobi:20,15.680000,36.1773
nairobi_query_3BfqchD1dC_R_VKSm6NXMQ,transfer_3,1234,jpeg50,self,1,nairobi:20,nairobi:20,15.679997,36.1773
nairobi_query_3BfqchD1dC_R_VKSm6NXMQ,transfer_4,1234,jpeg50,self,1,nairobi:20,nairobi:20,15.680001,36.1773
nairobi_query_3BfqchD1dC_R_VKSm6NXMQ,isotropic,5678,jpeg50,self,1,nairobi:20,nairobi:20,15.679997,36.1773
nairobi_query_3BfqchD1dC_R_VKSm6NXMQ,white_box,5678,jpeg50,self,1,nairobi:20,nairobi:20,15.680000,36.1773
nairobi_query_3BfqchD1dC_R_VKSm6NXMQ,transfer_1,5678,jpeg50,self,1,nairobi:20,nairobi:20,15.679998,36.1773
nairobi_query_3BfqchD1dC_R_VKSm6NXMQ,transfer_2,5678,jpeg50,self,1,nairobi:20,nairobi:20,15.679997,36.1773
nairobi_query_3BfqchD1dC_R_VKSm6NXMQ,transfer_3,5678,jpeg50,self,1,nairobi:20,nairobi:20,15.679997,36.1773
nairobi_query_3BfqchD1dC_R_VKSm6NXMQ,transfer_4,5678,jpeg50,self,1,nairobi:20,nairobi:20,15.680000,36.1773
nairobi_query_3BfqchD1dC_R_VKSm6NXMQ,isotropic,9012,jpeg50,self,1,nairobi:20,nairobi:20,15.680000,36.1773
nairobi_query_3BfqchD1dC_R_VKSm6NXMQ,white_box,9012,jpeg50,self,1,nairobi:20,nairobi:20,15.679998,36.1773
nairobi_query_3BfqchD1dC_R_VKSm6NXMQ,transfer_1,9012,jpeg50,self,1,nairobi:20,nairobi:20,15.679998,36.1773
nairobi_query_3BfqchD1dC_R_VKSm6NXMQ,transfer_2,9012,jpeg50,self,1,nairobi:20,nairobi:20,15.680000,36.1773
nairobi_query_3BfqchD1dC_R_VKSm6NXMQ,transfer_3,9012,jpeg50,self,1,nairobi:20,nairobi:20,15.680000,36.1773
nairobi_query_3BfqchD1dC_R_VKSm6NXMQ,transfer_4,9012,jpeg50,self,1,nairobi:20,nairobi:20,15.679998,36.1773
toronto_query_-J6MOLqIZtzsA-CH6ie5Cg,isotropic,1234,jpeg50,self,23,manila:82,toronto:101,15.680000,36.1773
toronto_query_-J6MOLqIZtzsA-CH6ie5Cg,white_box,1234,jpeg50,self,53,manila:82,toronto:101,15.680000,36.1773
toronto_query_-J6MOLqIZtzsA-CH6ie5Cg,transfer_1,1234,jpeg50,self,27,manila:82,toronto:101,15.679998,36.1773
toronto_query_-J6MOLqIZtzsA-CH6ie5Cg,transfer_2,1234,jpeg50,self,29,manila:82,toronto:101,15.680000,36.1773
toronto_query_-J6MOLqIZtzsA-CH6ie5Cg,transfer_3,1234,jpeg50,self,17,manila:82,toronto:101,15.680000,36.1773
toronto_query_-J6MOLqIZtzsA-CH6ie5Cg,transfer_4,1234,jpeg50,self,44,manila:82,toronto:101,15.679998,36.1773
toronto_query_-J6MOLqIZtzsA-CH6ie5Cg,isotropic,5678,jpeg50,self,25,manila:82,toronto:101,15.680002,36.1773
toronto_query_-J6MOLqIZtzsA-CH6ie5Cg,white_box,5678,jpeg50,self,47,london:23,toronto:101,15.680000,36.1773
toronto_query_-J6MOLqIZtzsA-CH6ie5Cg,transfer_1,5678,jpeg50,self,24,cph:175,toronto:101,15.680000,36.1773
toronto_query_-J6MOLqIZtzsA-CH6ie5Cg,transfer_2,5678,jpeg50,self,17,manila:82,toronto:101,15.679997,36.1773
toronto_query_-J6MOLqIZtzsA-CH6ie5Cg,transfer_3,5678,jpeg50,self,76,manila:82,toronto:101,15.679997,36.1773
toronto_query_-J6MOLqIZtzsA-CH6ie5Cg,transfer_4,5678,jpeg50,self,67,cph:175,toronto:101,15.679997,36.1773
toronto_query_-J6MOLqIZtzsA-CH6ie5Cg,isotropic,9012,jpeg50,self,46,manila:82,toronto:101,15.679996,36.1773
toronto_query_-J6MOLqIZtzsA-CH6ie5Cg,white_box,9012,jpeg50,self,40,manila:82,toronto:101,15.679998,36.1773
toronto_query_-J6MOLqIZtzsA-CH6ie5Cg,transfer_1,9012,jpeg50,self,20,manila:82,toronto:101,15.680001,36.1773
toronto_query_-J6MOLqIZtzsA-CH6ie5Cg,transfer_2,9012,jpeg50,self,19,manila:82,toronto:101,15.679998,36.1773
toronto_query_-J6MOLqIZtzsA-CH6ie5Cg,transfer_3,9012,jpeg50,self,38,cph:175,toronto:101,15.679997,36.1773
toronto_query_-J6MOLqIZtzsA-CH6ie5Cg,transfer_4,9012,jpeg50,self,29,manila:82,toronto:101,15.680000,36.1773
zurich_query_0Spj-pWISRRStxENII8G4A,isotropic,1234,jpeg50,self,1,zurich:61,zurich:61,15.680000,36.1773
zurich_query_0Spj-pWISRRStxENII8G4A,white_box,1234,jpeg50,self,1,zurich:61,zurich:61,15.679998,36.1773
zurich_query_0Spj-pWISRRStxENII8G4A,transfer_1,1234,jpeg50,self,1,zurich:61,zurich:61,15.679997,36.1773
zurich_query_0Spj-pWISRRStxENII8G4A,transfer_2,1234,jpeg50,self,1,zurich:61,zurich:61,15.679998,36.1773
zurich_query_0Spj-pWISRRStxENII8G4A,transfer_3,1234,jpeg50,self,1,zurich:61,zurich:61,15.680000,36.1773
zurich_query_0Spj-pWISRRStxENII8G4A,transfer_4,1234,jpeg50,self,1,zurich:61,zurich:61,15.679998,36.1773
zurich_query_0Spj-pWISRRStxENII8G4A,isotropic,5678,jpeg50,self,1,zurich:61,zurich:61,15.679997,36.1773
zurich_query_0Spj-pWISRRStxENII8G4A,white_box,5678,jpeg50,self,1,zurich:61,zurich:61,15.680000,36.1773
zurich_query_0Spj-pWISRRStxENII8G4A,transfer_1,5678,jpeg50,self,1,zurich:61,zurich:61,15.679996,36.1773
zurich_query_0Spj-pWISRRStxENII8G4A,transfer_2,5678,jpeg50,self,1,zurich:61,zurich:61,15.680000,36.1773
zurich_query_0Spj-pWISRRStxENII8G4A,transfer_3,5678,jpeg50,self,1,zurich:61,zurich:61,15.679998,36.1773
zurich_query_0Spj-pWISRRStxENII8G4A,transfer_4,5678,jpeg50,self,1,zurich:61,zurich:61,15.680000,36.1773
zurich_query_0Spj-pWISRRStxENII8G4A,isotropic,9012,jpeg50,self,1,zurich:61,zurich:61,15.679998,36.1773
zurich_query_0Spj-pWISRRStxENII8G4A,white_box,9012,jpeg50,self,3,zurich:51,zurich:61,15.680000,36.1773
zurich_query_0Spj-pWISRRStxENII8G4A,transfer_1,9012,jpeg50,self,1,zurich:61,zurich:61,15.679996,36.1773
zurich_query_0Spj-pWISRRStxENII8G4A,transfer_2,9012,jpeg50,self,2,zurich:51,zurich:61,15.679998,36.1773
zurich_query_0Spj-pWISRRStxENII8G4A,transfer_3,9012,jpeg50,self,1,zurich:61,zurich:61,15.680001,36.1773
zurich_query_0Spj-pWISRRStxENII8G4A,transfer_4,9012,jpeg50,self,1,zurich:61,zurich:61,15.680000,36.1773
amman_query_23YO5CD18Cg_wG_ZhqhbQQ,isotropic,1234,jpeg50,self,72,amman:4,amman:23,15.679998,36.1773
amman_query_23YO5CD18Cg_wG_ZhqhbQQ,white_box,1234,jpeg50,self,81,amman:4,amman:23,15.680000,36.1773
amman_query_23YO5CD18Cg_wG_ZhqhbQQ,transfer_1,1234,jpeg50,self,74,amman:4,amman:23,15.679997,36.1773
amman_query_23YO5CD18Cg_wG_ZhqhbQQ,transfer_2,1234,jpeg50,self,117,amman:6,amman:23,15.680001,36.1773
amman_query_23YO5CD18Cg_wG_ZhqhbQQ,transfer_3,1234,jpeg50,self,73,amman:4,amman:23,15.679998,36.1773
amman_query_23YO5CD18Cg_wG_ZhqhbQQ,transfer_4,1234,jpeg50,self,364,amman:4,amman:23,15.679998,36.1773
amman_query_23YO5CD18Cg_wG_ZhqhbQQ,isotropic,5678,jpeg50,self,69,amman:4,amman:23,15.680000,36.1773
amman_query_23YO5CD18Cg_wG_ZhqhbQQ,white_box,5678,jpeg50,self,319,amman:4,amman:23,15.679997,36.1773
amman_query_23YO5CD18Cg_wG_ZhqhbQQ,transfer_1,5678,jpeg50,self,278,amman:4,amman:23,15.680000,36.1773
amman_query_23YO5CD18Cg_wG_ZhqhbQQ,transfer_2,5678,jpeg50,self,134,amman:4,amman:23,15.680000,36.1773
amman_query_23YO5CD18Cg_wG_ZhqhbQQ,transfer_3,5678,jpeg50,self,105,amman:4,amman:23,15.679998,36.1773
amman_query_23YO5CD18Cg_wG_ZhqhbQQ,transfer_4,5678,jpeg50,self,139,amman:4,amman:23,15.679997,36.1773
amman_query_23YO5CD18Cg_wG_ZhqhbQQ,isotropic,9012,jpeg50,self,53,amman:4,amman:23,15.679998,36.1773
amman_query_23YO5CD18Cg_wG_ZhqhbQQ,white_box,9012,jpeg50,self,68,london:126,amman:23,15.679998,36.1773
amman_query_23YO5CD18Cg_wG_ZhqhbQQ,transfer_1,9012,jpeg50,self,264,amman:4,amman:23,15.679998,36.1773
amman_query_23YO5CD18Cg_wG_ZhqhbQQ,transfer_2,9012,jpeg50,self,170,amman:4,amman:23,15.679997,36.1773
amman_query_23YO5CD18Cg_wG_ZhqhbQQ,transfer_3,9012,jpeg50,self,177,amman:4,amman:23,15.679997,36.1773
amman_query_23YO5CD18Cg_wG_ZhqhbQQ,transfer_4,9012,jpeg50,self,226,amman:4,amman:23,15.680000,36.1773
boston_query_-RyJCN_Rrfvr2l9jqadkcQ,isotropic,1234,jpeg50,self,1,boston:239,boston:239,15.679997,36.1773
boston_query_-RyJCN_Rrfvr2l9jqadkcQ,white_box,1234,jpeg50,self,1,boston:239,boston:239,15.679998,36.1773
boston_query_-RyJCN_Rrfvr2l9jqadkcQ,transfer_1,1234,jpeg50,self,1,boston:239,boston:239,15.679997,36.1773
boston_query_-RyJCN_Rrfvr2l9jqadkcQ,transfer_2,1234,jpeg50,self,4,boston:47,boston:239,15.680000,36.1773
boston_query_-RyJCN_Rrfvr2l9jqadkcQ,transfer_3,1234,jpeg50,self,1,boston:239,boston:239,15.680001,36.1773
boston_query_-RyJCN_Rrfvr2l9jqadkcQ,transfer_4,1234,jpeg50,self,1,boston:239,boston:239,15.680000,36.1773
boston_query_-RyJCN_Rrfvr2l9jqadkcQ,isotropic,5678,jpeg50,self,1,boston:239,boston:239,15.680000,36.1773
boston_query_-RyJCN_Rrfvr2l9jqadkcQ,white_box,5678,jpeg50,self,1,boston:239,boston:239,15.680000,36.1773
boston_query_-RyJCN_Rrfvr2l9jqadkcQ,transfer_1,5678,jpeg50,self,1,boston:239,boston:239,15.679997,36.1773
boston_query_-RyJCN_Rrfvr2l9jqadkcQ,transfer_2,5678,jpeg50,self,1,boston:239,boston:239,15.680000,36.1773
boston_query_-RyJCN_Rrfvr2l9jqadkcQ,transfer_3,5678,jpeg50,self,2,boston:47,boston:239,15.679997,36.1773
boston_query_-RyJCN_Rrfvr2l9jqadkcQ,transfer_4,5678,jpeg50,self,1,boston:239,boston:239,15.679998,36.1773
boston_query_-RyJCN_Rrfvr2l9jqadkcQ,isotropic,9012,jpeg50,self,1,boston:239,boston:239,15.680000,36.1773
boston_query_-RyJCN_Rrfvr2l9jqadkcQ,white_box,9012,jpeg50,self,1,boston:239,boston:239,15.680001,36.1773
boston_query_-RyJCN_Rrfvr2l9jqadkcQ,transfer_1,9012,jpeg50,self,1,boston:239,boston:239,15.680000,36.1773
boston_query_-RyJCN_Rrfvr2l9jqadkcQ,transfer_2,9012,jpeg50,self,1,boston:239,boston:239,15.679998,36.1773
boston_query_-RyJCN_Rrfvr2l9jqadkcQ,transfer_3,9012,jpeg50,self,1,boston:239,boston:239,15.679998,36.1773
boston_query_-RyJCN_Rrfvr2l9jqadkcQ,transfer_4,9012,jpeg50,self,1,boston:239,boston:239,15.680001,36.1773
cph_query_-Q7samX2RjJwU9xiKFxpug,isotropic,1234,jpeg50,self,1,cph:175,cph:175,15.679998,36.1773
cph_query_-Q7samX2RjJwU9xiKFxpug,white_box,1234,jpeg50,self,1,cph:175,cph:175,15.679997,36.1773
cph_query_-Q7samX2RjJwU9xiKFxpug,transfer_1,1234,jpeg50,self,1,cph:175,cph:175,15.680001,36.1773
cph_query_-Q7samX2RjJwU9xiKFxpug,transfer_2,1234,jpeg50,self,1,cph:175,cph:175,15.680001,36.1773
cph_query_-Q7samX2RjJwU9xiKFxpug,transfer_3,1234,jpeg50,self,1,cph:175,cph:175,15.679998,36.1773
cph_query_-Q7samX2RjJwU9xiKFxpug,transfer_4,1234,jpeg50,self,1,cph:175,cph:175,15.680000,36.1773
cph_query_-Q7samX2RjJwU9xiKFxpug,isotropic,5678,jpeg50,self,1,cph:175,cph:175,15.679998,36.1773
cph_query_-Q7samX2RjJwU9xiKFxpug,white_box,5678,jpeg50,self,1,cph:175,cph:175,15.679998,36.1773
cph_query_-Q7samX2RjJwU9xiKFxpug,transfer_1,5678,jpeg50,self,1,cph:175,cph:175,15.679997,36.1773
cph_query_-Q7samX2RjJwU9xiKFxpug,transfer_2,5678,jpeg50,self,1,cph:175,cph:175,15.679997,36.1773
cph_query_-Q7samX2RjJwU9xiKFxpug,transfer_3,5678,jpeg50,self,1,cph:175,cph:175,15.680000,36.1773
cph_query_-Q7samX2RjJwU9xiKFxpug,transfer_4,5678,jpeg50,self,1,cph:175,cph:175,15.680001,36.1773
cph_query_-Q7samX2RjJwU9xiKFxpug,isotropic,9012,jpeg50,self,1,cph:175,cph:175,15.679998,36.1773
cph_query_-Q7samX2RjJwU9xiKFxpug,white_box,9012,jpeg50,self,1,cph:175,cph:175,15.679997,36.1773
cph_query_-Q7samX2RjJwU9xiKFxpug,transfer_1,9012,jpeg50,self,1,cph:175,cph:175,15.679997,36.1773
cph_query_-Q7samX2RjJwU9xiKFxpug,transfer_2,9012,jpeg50,self,1,cph:175,cph:175,15.680000,36.1773
cph_query_-Q7samX2RjJwU9xiKFxpug,transfer_3,9012,jpeg50,self,1,cph:175,cph:175,15.680000,36.1773
cph_query_-Q7samX2RjJwU9xiKFxpug,transfer_4,9012,jpeg50,self,1,cph:175,cph:175,15.679998,36.1773
london_query_03VxrSUHoB-y1D50kXwi8g,isotropic,1234,jpeg50,self,1,london:131,london:131,15.680000,36.1773
london_query_03VxrSUHoB-y1D50kXwi8g,white_box,1234,jpeg50,self,1,london:131,london:131,15.679998,36.1773
london_query_03VxrSUHoB-y1D50kXwi8g,transfer_1,1234,jpeg50,self,1,london:131,london:131,15.679998,36.1773
london_query_03VxrSUHoB-y1D50kXwi8g,transfer_2,1234,jpeg50,self,1,london:131,london:131,15.679997,36.1773
london_query_03VxrSUHoB-y1D50kXwi8g,transfer_3,1234,jpeg50,self,1,london:131,london:131,15.680000,36.1773
london_query_03VxrSUHoB-y1D50kXwi8g,transfer_4,1234,jpeg50,self,1,london:131,london:131,15.680000,36.1773
london_query_03VxrSUHoB-y1D50kXwi8g,isotropic,5678,jpeg50,self,1,london:131,london:131,15.679998,36.1773
london_query_03VxrSUHoB-y1D50kXwi8g,white_box,5678,jpeg50,self,1,london:131,london:131,15.679997,36.1773
london_query_03VxrSUHoB-y1D50kXwi8g,transfer_1,5678,jpeg50,self,1,london:131,london:131,15.679998,36.1773
london_query_03VxrSUHoB-y1D50kXwi8g,transfer_2,5678,jpeg50,self,1,london:131,london:131,15.679998,36.1773
london_query_03VxrSUHoB-y1D50kXwi8g,transfer_3,5678,jpeg50,self,1,london:131,london:131,15.679997,36.1773
london_query_03VxrSUHoB-y1D50kXwi8g,transfer_4,5678,jpeg50,self,1,london:131,london:131,15.679997,36.1773
london_query_03VxrSUHoB-y1D50kXwi8g,isotropic,9012,jpeg50,self,1,london:131,london:131,15.679998,36.1773
london_query_03VxrSUHoB-y1D50kXwi8g,white_box,9012,jpeg50,self,1,london:131,london:131,15.680000,36.1773
london_query_03VxrSUHoB-y1D50kXwi8g,transfer_1,9012,jpeg50,self,1,london:131,london:131,15.679998,36.1773
london_query_03VxrSUHoB-y1D50kXwi8g,transfer_2,9012,jpeg50,self,1,london:131,london:131,15.679998,36.1773
london_query_03VxrSUHoB-y1D50kXwi8g,transfer_3,9012,jpeg50,self,1,london:131,london:131,15.680000,36.1773
london_query_03VxrSUHoB-y1D50kXwi8g,transfer_4,9012,jpeg50,self,1,london:131,london:131,15.680000,36.1773
manila_query_-WlvwRIHM8K9xtN_z0FAGg,isotropic,1234,jpeg50,self,1,manila:153,manila:153,15.679997,36.1773
manila_query_-WlvwRIHM8K9xtN_z0FAGg,white_box,1234,jpeg50,self,1,manila:153,manila:153,15.679997,36.1773
manila_query_-WlvwRIHM8K9xtN_z0FAGg,transfer_1,1234,jpeg50,self,1,manila:153,manila:153,15.680000,36.1773
manila_query_-WlvwRIHM8K9xtN_z0FAGg,transfer_2,1234,jpeg50,self,1,manila:153,manila:153,15.679998,36.1773
manila_query_-WlvwRIHM8K9xtN_z0FAGg,transfer_3,1234,jpeg50,self,1,manila:153,manila:153,15.679998,36.1773
manila_query_-WlvwRIHM8K9xtN_z0FAGg,transfer_4,1234,jpeg50,self,1,manila:153,manila:153,15.680000,36.1773
manila_query_-WlvwRIHM8K9xtN_z0FAGg,isotropic,5678,jpeg50,self,1,manila:153,manila:153,15.679997,36.1773
manila_query_-WlvwRIHM8K9xtN_z0FAGg,white_box,5678,jpeg50,self,1,manila:153,manila:153,15.680000,36.1773
manila_query_-WlvwRIHM8K9xtN_z0FAGg,transfer_1,5678,jpeg50,self,1,manila:153,manila:153,15.679997,36.1773
manila_query_-WlvwRIHM8K9xtN_z0FAGg,transfer_2,5678,jpeg50,self,1,manila:153,manila:153,15.680000,36.1773
manila_query_-WlvwRIHM8K9xtN_z0FAGg,transfer_3,5678,jpeg50,self,1,manila:153,manila:153,15.679997,36.1773
manila_query_-WlvwRIHM8K9xtN_z0FAGg,transfer_4,5678,jpeg50,self,1,manila:153,manila:153,15.679998,36.1773
manila_query_-WlvwRIHM8K9xtN_z0FAGg,isotropic,9012,jpeg50,self,1,manila:153,manila:153,15.679998,36.1773
manila_query_-WlvwRIHM8K9xtN_z0FAGg,white_box,9012,jpeg50,self,1,manila:153,manila:153,15.680000,36.1773
manila_query_-WlvwRIHM8K9xtN_z0FAGg,transfer_1,9012,jpeg50,self,1,manila:153,manila:153,15.680000,36.1773
manila_query_-WlvwRIHM8K9xtN_z0FAGg,transfer_2,9012,jpeg50,self,1,manila:153,manila:153,15.680000,36.1773
manila_query_-WlvwRIHM8K9xtN_z0FAGg,transfer_3,9012,jpeg50,self,1,manila:153,manila:153,15.679998,36.1773
manila_query_-WlvwRIHM8K9xtN_z0FAGg,transfer_4,9012,jpeg50,self,1,manila:153,manila:153,15.679997,36.1773
nairobi_query_3Rln3I-knaHBGe7xAH2I_Q,isotropic,1234,jpeg50,self,1,nairobi:12,nairobi:12,15.679997,36.1773
nairobi_query_3Rln3I-knaHBGe7xAH2I_Q,white_box,1234,jpeg50,self,1,nairobi:12,nairobi:12,15.679997,36.1773
nairobi_query_3Rln3I-knaHBGe7xAH2I_Q,transfer_1,1234,jpeg50,self,1,nairobi:12,nairobi:12,15.679997,36.1773
nairobi_query_3Rln3I-knaHBGe7xAH2I_Q,transfer_2,1234,jpeg50,self,1,nairobi:12,nairobi:12,15.680000,36.1773
nairobi_query_3Rln3I-knaHBGe7xAH2I_Q,transfer_3,1234,jpeg50,self,1,nairobi:12,nairobi:12,15.680000,36.1773
nairobi_query_3Rln3I-knaHBGe7xAH2I_Q,transfer_4,1234,jpeg50,self,1,nairobi:12,nairobi:12,15.680000,36.1773
nairobi_query_3Rln3I-knaHBGe7xAH2I_Q,isotropic,5678,jpeg50,self,1,nairobi:12,nairobi:12,15.680000,36.1773
nairobi_query_3Rln3I-knaHBGe7xAH2I_Q,white_box,5678,jpeg50,self,1,nairobi:12,nairobi:12,15.680000,36.1773
nairobi_query_3Rln3I-knaHBGe7xAH2I_Q,transfer_1,5678,jpeg50,self,1,nairobi:12,nairobi:12,15.680000,36.1773
nairobi_query_3Rln3I-knaHBGe7xAH2I_Q,transfer_2,5678,jpeg50,self,1,nairobi:12,nairobi:12,15.679997,36.1773
nairobi_query_3Rln3I-knaHBGe7xAH2I_Q,transfer_3,5678,jpeg50,self,1,nairobi:12,nairobi:12,15.680001,36.1773
nairobi_query_3Rln3I-knaHBGe7xAH2I_Q,transfer_4,5678,jpeg50,self,1,nairobi:12,nairobi:12,15.680001,36.1773
nairobi_query_3Rln3I-knaHBGe7xAH2I_Q,isotropic,9012,jpeg50,self,1,nairobi:12,nairobi:12,15.680000,36.1773
nairobi_query_3Rln3I-knaHBGe7xAH2I_Q,white_box,9012,jpeg50,self,1,nairobi:12,nairobi:12,15.680000,36.1773
nairobi_query_3Rln3I-knaHBGe7xAH2I_Q,transfer_1,9012,jpeg50,self,1,nairobi:12,nairobi:12,15.680000,36.1773
nairobi_query_3Rln3I-knaHBGe7xAH2I_Q,transfer_2,9012,jpeg50,self,1,nairobi:12,nairobi:12,15.680001,36.1773
nairobi_query_3Rln3I-knaHBGe7xAH2I_Q,transfer_3,9012,jpeg50,self,1,nairobi:12,nairobi:12,15.680001,36.1773
nairobi_query_3Rln3I-knaHBGe7xAH2I_Q,transfer_4,9012,jpeg50,self,1,nairobi:12,nairobi:12,15.679997,36.1773
toronto_query_-JY9Ip12RNDaK_geCga4LA,isotropic,1234,jpeg50,self,29,manila:29,toronto:192,15.679997,36.1773
toronto_query_-JY9Ip12RNDaK_geCga4LA,white_box,1234,jpeg50,self,80,manila:13,toronto:192,15.680000,36.1773
toronto_query_-JY9Ip12RNDaK_geCga4LA,transfer_1,1234,jpeg50,self,34,manila:190,toronto:192,15.680000,36.1773
toronto_query_-JY9Ip12RNDaK_geCga4LA,transfer_2,1234,jpeg50,self,14,manila:135,toronto:192,15.679997,36.1773
toronto_query_-JY9Ip12RNDaK_geCga4LA,transfer_3,1234,jpeg50,self,14,manila:13,toronto:192,15.680000,36.1773
toronto_query_-JY9Ip12RNDaK_geCga4LA,transfer_4,1234,jpeg50,self,15,manila:29,toronto:192,15.680000,36.1773
toronto_query_-JY9Ip12RNDaK_geCga4LA,isotropic,5678,jpeg50,self,43,manila:29,toronto:192,15.680000,36.1773
toronto_query_-JY9Ip12RNDaK_geCga4LA,white_box,5678,jpeg50,self,100,manila:13,toronto:192,15.680000,36.1773
toronto_query_-JY9Ip12RNDaK_geCga4LA,transfer_1,5678,jpeg50,self,11,manila:53,toronto:192,15.680000,36.1773
toronto_query_-JY9Ip12RNDaK_geCga4LA,transfer_2,5678,jpeg50,self,21,manila:134,toronto:192,15.680000,36.1773
toronto_query_-JY9Ip12RNDaK_geCga4LA,transfer_3,5678,jpeg50,self,28,manila:53,toronto:192,15.680001,36.1773
toronto_query_-JY9Ip12RNDaK_geCga4LA,transfer_4,5678,jpeg50,self,25,manila:53,toronto:192,15.679997,36.1773
toronto_query_-JY9Ip12RNDaK_geCga4LA,isotropic,9012,jpeg50,self,20,manila:134,toronto:192,15.680000,36.1773
toronto_query_-JY9Ip12RNDaK_geCga4LA,white_box,9012,jpeg50,self,272,manila:13,toronto:192,15.680000,36.1773
toronto_query_-JY9Ip12RNDaK_geCga4LA,transfer_1,9012,jpeg50,self,16,manila:29,toronto:192,15.679997,36.1773
toronto_query_-JY9Ip12RNDaK_geCga4LA,transfer_2,9012,jpeg50,self,8,manila:190,toronto:192,15.679998,36.1773
toronto_query_-JY9Ip12RNDaK_geCga4LA,transfer_3,9012,jpeg50,self,18,manila:53,toronto:192,15.679997,36.1773
toronto_query_-JY9Ip12RNDaK_geCga4LA,transfer_4,9012,jpeg50,self,15,manila:53,toronto:192,15.680000,36.1773
zurich_query_0UfO0g5oR-GfH12twjOIuw,isotropic,1234,jpeg50,self,1,zurich:94,zurich:94,15.680000,36.1773
zurich_query_0UfO0g5oR-GfH12twjOIuw,white_box,1234,jpeg50,self,2,boston:79,zurich:94,15.680000,36.1773
zurich_query_0UfO0g5oR-GfH12twjOIuw,transfer_1,1234,jpeg50,self,1,zurich:94,zurich:94,15.680000,36.1773
zurich_query_0UfO0g5oR-GfH12twjOIuw,transfer_2,1234,jpeg50,self,1,zurich:94,zurich:94,15.680001,36.1773
zurich_query_0UfO0g5oR-GfH12twjOIuw,transfer_3,1234,jpeg50,self,1,zurich:94,zurich:94,15.679997,36.1773
zurich_query_0UfO0g5oR-GfH12twjOIuw,transfer_4,1234,jpeg50,self,1,zurich:94,zurich:94,15.679997,36.1773
zurich_query_0UfO0g5oR-GfH12twjOIuw,isotropic,5678,jpeg50,self,1,zurich:94,zurich:94,15.680000,36.1773
zurich_query_0UfO0g5oR-GfH12twjOIuw,white_box,5678,jpeg50,self,3,boston:79,zurich:94,15.680000,36.1773
zurich_query_0UfO0g5oR-GfH12twjOIuw,transfer_1,5678,jpeg50,self,1,zurich:94,zurich:94,15.679997,36.1773
zurich_query_0UfO0g5oR-GfH12twjOIuw,transfer_2,5678,jpeg50,self,1,zurich:94,zurich:94,15.679998,36.1773
zurich_query_0UfO0g5oR-GfH12twjOIuw,transfer_3,5678,jpeg50,self,1,zurich:94,zurich:94,15.680001,36.1773
zurich_query_0UfO0g5oR-GfH12twjOIuw,transfer_4,5678,jpeg50,self,1,zurich:94,zurich:94,15.680000,36.1773
zurich_query_0UfO0g5oR-GfH12twjOIuw,isotropic,9012,jpeg50,self,1,zurich:94,zurich:94,15.679998,36.1773
zurich_query_0UfO0g5oR-GfH12twjOIuw,white_box,9012,jpeg50,self,1,zurich:94,zurich:94,15.680000,36.1773
zurich_query_0UfO0g5oR-GfH12twjOIuw,transfer_1,9012,jpeg50,self,1,zurich:94,zurich:94,15.679998,36.1773
zurich_query_0UfO0g5oR-GfH12twjOIuw,transfer_2,9012,jpeg50,self,1,zurich:94,zurich:94,15.680000,36.1773
zurich_query_0UfO0g5oR-GfH12twjOIuw,transfer_3,9012,jpeg50,self,1,zurich:94,zurich:94,15.679997,36.1773
zurich_query_0UfO0g5oR-GfH12twjOIuw,transfer_4,9012,jpeg50,self,1,zurich:94,zurich:94,15.680000,36.1773
amman_query_27ZYHE_-tdmKbq7gUW9ECA,isotropic,1234,jpeg50,self,1,amman:21,amman:21,15.680000,36.1773
amman_query_27ZYHE_-tdmKbq7gUW9ECA,white_box,1234,jpeg50,self,1,amman:21,amman:21,15.679998,36.1773
amman_query_27ZYHE_-tdmKbq7gUW9ECA,transfer_1,1234,jpeg50,self,1,amman:21,amman:21,15.679997,36.1773
amman_query_27ZYHE_-tdmKbq7gUW9ECA,transfer_2,1234,jpeg50,self,1,amman:21,amman:21,15.679997,36.1773
amman_query_27ZYHE_-tdmKbq7gUW9ECA,transfer_3,1234,jpeg50,self,1,amman:21,amman:21,15.680000,36.1773
amman_query_27ZYHE_-tdmKbq7gUW9ECA,transfer_4,1234,jpeg50,self,1,amman:21,amman:21,15.679998,36.1773
amman_query_27ZYHE_-tdmKbq7gUW9ECA,isotropic,5678,jpeg50,self,1,amman:21,amman:21,15.679998,36.1773
amman_query_27ZYHE_-tdmKbq7gUW9ECA,white_box,5678,jpeg50,self,1,amman:21,amman:21,15.679997,36.1773
amman_query_27ZYHE_-tdmKbq7gUW9ECA,transfer_1,5678,jpeg50,self,1,amman:21,amman:21,15.680000,36.1773
amman_query_27ZYHE_-tdmKbq7gUW9ECA,transfer_2,5678,jpeg50,self,1,amman:21,amman:21,15.679998,36.1773
amman_query_27ZYHE_-tdmKbq7gUW9ECA,transfer_3,5678,jpeg50,self,1,amman:21,amman:21,15.680000,36.1773
amman_query_27ZYHE_-tdmKbq7gUW9ECA,transfer_4,5678,jpeg50,self,1,amman:21,amman:21,15.680000,36.1773
amman_query_27ZYHE_-tdmKbq7gUW9ECA,isotropic,9012,jpeg50,self,1,amman:21,amman:21,15.679997,36.1773
amman_query_27ZYHE_-tdmKbq7gUW9ECA,white_box,9012,jpeg50,self,1,amman:21,amman:21,15.679998,36.1773
amman_query_27ZYHE_-tdmKbq7gUW9ECA,transfer_1,9012,jpeg50,self,1,amman:21,amman:21,15.680000,36.1773
amman_query_27ZYHE_-tdmKbq7gUW9ECA,transfer_2,9012,jpeg50,self,1,amman:21,amman:21,15.680001,36.1773
amman_query_27ZYHE_-tdmKbq7gUW9ECA,transfer_3,9012,jpeg50,self,1,amman:21,amman:21,15.679998,36.1773
amman_query_27ZYHE_-tdmKbq7gUW9ECA,transfer_4,9012,jpeg50,self,1,amman:21,amman:21,15.680000,36.1773
boston_query_-TMAMMmIqQ4AQA3YI-YOHg,isotropic,1234,jpeg50,self,1,boston:206,boston:206,15.680000,36.1773
boston_query_-TMAMMmIqQ4AQA3YI-YOHg,white_box,1234,jpeg50,self,1,boston:206,boston:206,15.679998,36.1773
boston_query_-TMAMMmIqQ4AQA3YI-YOHg,transfer_1,1234,jpeg50,self,1,boston:206,boston:206,15.679997,36.1773
boston_query_-TMAMMmIqQ4AQA3YI-YOHg,transfer_2,1234,jpeg50,self,1,boston:206,boston:206,15.679998,36.1773
boston_query_-TMAMMmIqQ4AQA3YI-YOHg,transfer_3,1234,jpeg50,self,1,boston:206,boston:206,15.680000,36.1773
boston_query_-TMAMMmIqQ4AQA3YI-YOHg,transfer_4,1234,jpeg50,self,1,boston:206,boston:206,15.679998,36.1773
boston_query_-TMAMMmIqQ4AQA3YI-YOHg,isotropic,5678,jpeg50,self,1,boston:206,boston:206,15.679997,36.1773
boston_query_-TMAMMmIqQ4AQA3YI-YOHg,white_box,5678,jpeg50,self,1,boston:206,boston:206,15.679998,36.1773
boston_query_-TMAMMmIqQ4AQA3YI-YOHg,transfer_1,5678,jpeg50,self,1,boston:206,boston:206,15.680000,36.1773
boston_query_-TMAMMmIqQ4AQA3YI-YOHg,transfer_2,5678,jpeg50,self,1,boston:206,boston:206,15.679997,36.1773
boston_query_-TMAMMmIqQ4AQA3YI-YOHg,transfer_3,5678,jpeg50,self,1,boston:206,boston:206,15.679997,36.1773
boston_query_-TMAMMmIqQ4AQA3YI-YOHg,transfer_4,5678,jpeg50,self,1,boston:206,boston:206,15.679997,36.1773
boston_query_-TMAMMmIqQ4AQA3YI-YOHg,isotropic,9012,jpeg50,self,1,boston:206,boston:206,15.679997,36.1773
boston_query_-TMAMMmIqQ4AQA3YI-YOHg,white_box,9012,jpeg50,self,1,boston:206,boston:206,15.680000,36.1773
boston_query_-TMAMMmIqQ4AQA3YI-YOHg,transfer_1,9012,jpeg50,self,1,boston:206,boston:206,15.680001,36.1773
boston_query_-TMAMMmIqQ4AQA3YI-YOHg,transfer_2,9012,jpeg50,self,1,boston:206,boston:206,15.679997,36.1773
boston_query_-TMAMMmIqQ4AQA3YI-YOHg,transfer_3,9012,jpeg50,self,1,boston:206,boston:206,15.679998,36.1773
boston_query_-TMAMMmIqQ4AQA3YI-YOHg,transfer_4,9012,jpeg50,self,1,boston:206,boston:206,15.679997,36.1773
cph_query_-R9cTkYMNbXlglFeWCXtMg,isotropic,1234,jpeg50,self,1,cph:429,cph:429,15.679997,36.1773
cph_query_-R9cTkYMNbXlglFeWCXtMg,white_box,1234,jpeg50,self,2,toronto:207,cph:429,15.680001,36.1773
cph_query_-R9cTkYMNbXlglFeWCXtMg,transfer_1,1234,jpeg50,self,1,cph:429,cph:429,15.679997,36.1773
cph_query_-R9cTkYMNbXlglFeWCXtMg,transfer_2,1234,jpeg50,self,5,toronto:207,cph:429,15.680000,36.1773
cph_query_-R9cTkYMNbXlglFeWCXtMg,transfer_3,1234,jpeg50,self,1,cph:429,cph:429,15.679998,36.1773
cph_query_-R9cTkYMNbXlglFeWCXtMg,transfer_4,1234,jpeg50,self,2,toronto:207,cph:429,15.680000,36.1773
cph_query_-R9cTkYMNbXlglFeWCXtMg,isotropic,5678,jpeg50,self,1,cph:429,cph:429,15.679997,36.1773
cph_query_-R9cTkYMNbXlglFeWCXtMg,white_box,5678,jpeg50,self,6,london:125,cph:429,15.679997,36.1773
cph_query_-R9cTkYMNbXlglFeWCXtMg,transfer_1,5678,jpeg50,self,2,toronto:207,cph:429,15.680000,36.1773
cph_query_-R9cTkYMNbXlglFeWCXtMg,transfer_2,5678,jpeg50,self,1,cph:429,cph:429,15.679998,36.1773
cph_query_-R9cTkYMNbXlglFeWCXtMg,transfer_3,5678,jpeg50,self,1,cph:429,cph:429,15.679998,36.1773
cph_query_-R9cTkYMNbXlglFeWCXtMg,transfer_4,5678,jpeg50,self,2,toronto:207,cph:429,15.680000,36.1773
cph_query_-R9cTkYMNbXlglFeWCXtMg,isotropic,9012,jpeg50,self,1,cph:429,cph:429,15.680000,36.1773
cph_query_-R9cTkYMNbXlglFeWCXtMg,white_box,9012,jpeg50,self,3,toronto:207,cph:429,15.679997,36.1773
cph_query_-R9cTkYMNbXlglFeWCXtMg,transfer_1,9012,jpeg50,self,2,toronto:207,cph:429,15.679997,36.1773
cph_query_-R9cTkYMNbXlglFeWCXtMg,transfer_2,9012,jpeg50,self,1,cph:429,cph:429,15.679997,36.1773
cph_query_-R9cTkYMNbXlglFeWCXtMg,transfer_3,9012,jpeg50,self,1,cph:429,cph:429,15.679997,36.1773
cph_query_-R9cTkYMNbXlglFeWCXtMg,transfer_4,9012,jpeg50,self,3,toronto:207,cph:429,15.680000,36.1773
london_query_06tRsqVA7nx5PgabbPdu4w,isotropic,1234,jpeg50,self,1,london:119,london:119,15.680000,36.1773
london_query_06tRsqVA7nx5PgabbPdu4w,white_box,1234,jpeg50,self,1,london:119,london:119,15.679998,36.1773
london_query_06tRsqVA7nx5PgabbPdu4w,transfer_1,1234,jpeg50,self,1,london:119,london:119,15.679998,36.1773
london_query_06tRsqVA7nx5PgabbPdu4w,transfer_2,1234,jpeg50,self,1,london:119,london:119,15.680001,36.1773
london_query_06tRsqVA7nx5PgabbPdu4w,transfer_3,1234,jpeg50,self,1,london:119,london:119,15.680001,36.1773
london_query_06tRsqVA7nx5PgabbPdu4w,transfer_4,1234,jpeg50,self,1,london:119,london:119,15.679997,36.1773
london_query_06tRsqVA7nx5PgabbPdu4w,isotropic,5678,jpeg50,self,1,london:119,london:119,15.679998,36.1773
london_query_06tRsqVA7nx5PgabbPdu4w,white_box,5678,jpeg50,self,1,london:119,london:119,15.679998,36.1773
london_query_06tRsqVA7nx5PgabbPdu4w,transfer_1,5678,jpeg50,self,1,london:119,london:119,15.679997,36.1773
london_query_06tRsqVA7nx5PgabbPdu4w,transfer_2,5678,jpeg50,self,1,london:119,london:119,15.680000,36.1773
london_query_06tRsqVA7nx5PgabbPdu4w,transfer_3,5678,jpeg50,self,1,london:119,london:119,15.679997,36.1773
london_query_06tRsqVA7nx5PgabbPdu4w,transfer_4,5678,jpeg50,self,1,london:119,london:119,15.679998,36.1773
london_query_06tRsqVA7nx5PgabbPdu4w,isotropic,9012,jpeg50,self,1,london:119,london:119,15.680001,36.1773
london_query_06tRsqVA7nx5PgabbPdu4w,white_box,9012,jpeg50,self,1,london:119,london:119,15.679998,36.1773
london_query_06tRsqVA7nx5PgabbPdu4w,transfer_1,9012,jpeg50,self,1,london:119,london:119,15.679998,36.1773
london_query_06tRsqVA7nx5PgabbPdu4w,transfer_2,9012,jpeg50,self,1,london:119,london:119,15.679997,36.1773
london_query_06tRsqVA7nx5PgabbPdu4w,transfer_3,9012,jpeg50,self,1,london:119,london:119,15.679998,36.1773
london_query_06tRsqVA7nx5PgabbPdu4w,transfer_4,9012,jpeg50,self,1,london:119,london:119,15.680000,36.1773
manila_query_-WuLHZxOTWuUgVSb36RTng,isotropic,1234,jpeg50,self,1,manila:132,manila:132,15.679998,36.1773
manila_query_-WuLHZxOTWuUgVSb36RTng,white_box,1234,jpeg50,self,1,manila:132,manila:132,15.679998,36.1773
manila_query_-WuLHZxOTWuUgVSb36RTng,transfer_1,1234,jpeg50,self,1,manila:132,manila:132,15.680000,36.1773
manila_query_-WuLHZxOTWuUgVSb36RTng,transfer_2,1234,jpeg50,self,1,manila:132,manila:132,15.680000,36.1773
manila_query_-WuLHZxOTWuUgVSb36RTng,transfer_3,1234,jpeg50,self,1,manila:132,manila:132,15.680000,36.1773
manila_query_-WuLHZxOTWuUgVSb36RTng,transfer_4,1234,jpeg50,self,1,manila:132,manila:132,15.679997,36.1773
manila_query_-WuLHZxOTWuUgVSb36RTng,isotropic,5678,jpeg50,self,1,manila:132,manila:132,15.679998,36.1773
manila_query_-WuLHZxOTWuUgVSb36RTng,white_box,5678,jpeg50,self,1,manila:132,manila:132,15.679997,36.1773
manila_query_-WuLHZxOTWuUgVSb36RTng,transfer_1,5678,jpeg50,self,1,manila:132,manila:132,15.680000,36.1773
manila_query_-WuLHZxOTWuUgVSb36RTng,transfer_2,5678,jpeg50,self,1,manila:132,manila:132,15.680000,36.1773
manila_query_-WuLHZxOTWuUgVSb36RTng,transfer_3,5678,jpeg50,self,1,manila:132,manila:132,15.679997,36.1773
manila_query_-WuLHZxOTWuUgVSb36RTng,transfer_4,5678,jpeg50,self,1,manila:132,manila:132,15.680000,36.1773
manila_query_-WuLHZxOTWuUgVSb36RTng,isotropic,9012,jpeg50,self,1,manila:132,manila:132,15.680000,36.1773
manila_query_-WuLHZxOTWuUgVSb36RTng,white_box,9012,jpeg50,self,1,manila:132,manila:132,15.679998,36.1773
manila_query_-WuLHZxOTWuUgVSb36RTng,transfer_1,9012,jpeg50,self,1,manila:132,manila:132,15.679997,36.1773
manila_query_-WuLHZxOTWuUgVSb36RTng,transfer_2,9012,jpeg50,self,1,manila:132,manila:132,15.680000,36.1773
manila_query_-WuLHZxOTWuUgVSb36RTng,transfer_3,9012,jpeg50,self,1,manila:132,manila:132,15.679997,36.1773
manila_query_-WuLHZxOTWuUgVSb36RTng,transfer_4,9012,jpeg50,self,1,manila:132,manila:132,15.679997,36.1773
nairobi_query_3Thql5xEy0LYu4bdux1icw,isotropic,1234,jpeg50,self,1,nairobi:18,nairobi:18,15.680000,36.1773
nairobi_query_3Thql5xEy0LYu4bdux1icw,white_box,1234,jpeg50,self,1,nairobi:18,nairobi:18,15.680000,36.1773
nairobi_query_3Thql5xEy0LYu4bdux1icw,transfer_1,1234,jpeg50,self,1,nairobi:18,nairobi:18,15.680000,36.1773
nairobi_query_3Thql5xEy0LYu4bdux1icw,transfer_2,1234,jpeg50,self,1,nairobi:18,nairobi:18,15.680000,36.1773
nairobi_query_3Thql5xEy0LYu4bdux1icw,transfer_3,1234,jpeg50,self,1,nairobi:18,nairobi:18,15.679998,36.1773
nairobi_query_3Thql5xEy0LYu4bdux1icw,transfer_4,1234,jpeg50,self,1,nairobi:18,nairobi:18,15.679997,36.1773
nairobi_query_3Thql5xEy0LYu4bdux1icw,isotropic,5678,jpeg50,self,1,nairobi:18,nairobi:18,15.679998,36.1773
nairobi_query_3Thql5xEy0LYu4bdux1icw,white_box,5678,jpeg50,self,1,nairobi:18,nairobi:18,15.680000,36.1773
nairobi_query_3Thql5xEy0LYu4bdux1icw,transfer_1,5678,jpeg50,self,1,nairobi:18,nairobi:18,15.679998,36.1773
nairobi_query_3Thql5xEy0LYu4bdux1icw,transfer_2,5678,jpeg50,self,1,nairobi:18,nairobi:18,15.680000,36.1773
nairobi_query_3Thql5xEy0LYu4bdux1icw,transfer_3,5678,jpeg50,self,1,nairobi:18,nairobi:18,15.680001,36.1773
nairobi_query_3Thql5xEy0LYu4bdux1icw,transfer_4,5678,jpeg50,self,1,nairobi:18,nairobi:18,15.679997,36.1773
nairobi_query_3Thql5xEy0LYu4bdux1icw,isotropic,9012,jpeg50,self,1,nairobi:18,nairobi:18,15.679997,36.1773
nairobi_query_3Thql5xEy0LYu4bdux1icw,white_box,9012,jpeg50,self,1,nairobi:18,nairobi:18,15.679998,36.1773
nairobi_query_3Thql5xEy0LYu4bdux1icw,transfer_1,9012,jpeg50,self,1,nairobi:18,nairobi:18,15.679997,36.1773
nairobi_query_3Thql5xEy0LYu4bdux1icw,transfer_2,9012,jpeg50,self,1,nairobi:18,nairobi:18,15.680000,36.1773
nairobi_query_3Thql5xEy0LYu4bdux1icw,transfer_3,9012,jpeg50,self,1,nairobi:18,nairobi:18,15.679998,36.1773
nairobi_query_3Thql5xEy0LYu4bdux1icw,transfer_4,9012,jpeg50,self,1,nairobi:18,nairobi:18,15.680000,36.1773
toronto_query_-K6Ci0V3ZYp50_DrMghntA,isotropic,1234,jpeg50,self,1,toronto:103,toronto:103,15.679998,36.1773
toronto_query_-K6Ci0V3ZYp50_DrMghntA,white_box,1234,jpeg50,self,1,toronto:103,toronto:103,15.680000,36.1773
toronto_query_-K6Ci0V3ZYp50_DrMghntA,transfer_1,1234,jpeg50,self,1,toronto:103,toronto:103,15.679997,36.1773
toronto_query_-K6Ci0V3ZYp50_DrMghntA,transfer_2,1234,jpeg50,self,1,toronto:103,toronto:103,15.680001,36.1773
toronto_query_-K6Ci0V3ZYp50_DrMghntA,transfer_3,1234,jpeg50,self,1,toronto:103,toronto:103,15.679996,36.1773
toronto_query_-K6Ci0V3ZYp50_DrMghntA,transfer_4,1234,jpeg50,self,1,toronto:103,toronto:103,15.680001,36.1773
toronto_query_-K6Ci0V3ZYp50_DrMghntA,isotropic,5678,jpeg50,self,1,toronto:103,toronto:103,15.680000,36.1773
toronto_query_-K6Ci0V3ZYp50_DrMghntA,white_box,5678,jpeg50,self,1,toronto:103,toronto:103,15.680000,36.1773
toronto_query_-K6Ci0V3ZYp50_DrMghntA,transfer_1,5678,jpeg50,self,1,toronto:103,toronto:103,15.680000,36.1773
toronto_query_-K6Ci0V3ZYp50_DrMghntA,transfer_2,5678,jpeg50,self,1,toronto:103,toronto:103,15.680000,36.1773
toronto_query_-K6Ci0V3ZYp50_DrMghntA,transfer_3,5678,jpeg50,self,1,toronto:103,toronto:103,15.679997,36.1773
toronto_query_-K6Ci0V3ZYp50_DrMghntA,transfer_4,5678,jpeg50,self,1,toronto:103,toronto:103,15.679997,36.1773
toronto_query_-K6Ci0V3ZYp50_DrMghntA,isotropic,9012,jpeg50,self,1,toronto:103,toronto:103,15.679998,36.1773
toronto_query_-K6Ci0V3ZYp50_DrMghntA,white_box,9012,jpeg50,self,1,toronto:103,toronto:103,15.680000,36.1773
toronto_query_-K6Ci0V3ZYp50_DrMghntA,transfer_1,9012,jpeg50,self,1,toronto:103,toronto:103,15.679997,36.1773
toronto_query_-K6Ci0V3ZYp50_DrMghntA,transfer_2,9012,jpeg50,self,1,toronto:103,toronto:103,15.679997,36.1773
toronto_query_-K6Ci0V3ZYp50_DrMghntA,transfer_3,9012,jpeg50,self,1,toronto:103,toronto:103,15.680000,36.1773
toronto_query_-K6Ci0V3ZYp50_DrMghntA,transfer_4,9012,jpeg50,self,1,toronto:103,toronto:103,15.680000,36.1773
zurich_query_0W_6dskxdNPlCJnX9EhmZA,isotropic,1234,jpeg50,self,1,zurich:33,zurich:33,15.679997,36.1773
zurich_query_0W_6dskxdNPlCJnX9EhmZA,white_box,1234,jpeg50,self,1,zurich:33,zurich:33,15.679997,36.1773
zurich_query_0W_6dskxdNPlCJnX9EhmZA,transfer_1,1234,jpeg50,self,1,zurich:33,zurich:33,15.680000,36.1773
zurich_query_0W_6dskxdNPlCJnX9EhmZA,transfer_2,1234,jpeg50,self,1,zurich:33,zurich:33,15.679997,36.1773
zurich_query_0W_6dskxdNPlCJnX9EhmZA,transfer_3,1234,jpeg50,self,1,zurich:33,zurich:33,15.679998,36.1773
zurich_query_0W_6dskxdNPlCJnX9EhmZA,transfer_4,1234,jpeg50,self,1,zurich:33,zurich:33,15.680000,36.1773
zurich_query_0W_6dskxdNPlCJnX9EhmZA,isotropic,5678,jpeg50,self,1,zurich:33,zurich:33,15.680000,36.1773
zurich_query_0W_6dskxdNPlCJnX9EhmZA,white_box,5678,jpeg50,self,1,zurich:33,zurich:33,15.679997,36.1773
zurich_query_0W_6dskxdNPlCJnX9EhmZA,transfer_1,5678,jpeg50,self,1,zurich:33,zurich:33,15.680000,36.1773
zurich_query_0W_6dskxdNPlCJnX9EhmZA,transfer_2,5678,jpeg50,self,1,zurich:33,zurich:33,15.679997,36.1773
zurich_query_0W_6dskxdNPlCJnX9EhmZA,transfer_3,5678,jpeg50,self,1,zurich:33,zurich:33,15.680001,36.1773
zurich_query_0W_6dskxdNPlCJnX9EhmZA,transfer_4,5678,jpeg50,self,1,zurich:33,zurich:33,15.680002,36.1773
zurich_query_0W_6dskxdNPlCJnX9EhmZA,isotropic,9012,jpeg50,self,1,zurich:33,zurich:33,15.679997,36.1773
zurich_query_0W_6dskxdNPlCJnX9EhmZA,white_box,9012,jpeg50,self,1,zurich:33,zurich:33,15.679998,36.1773
zurich_query_0W_6dskxdNPlCJnX9EhmZA,transfer_1,9012,jpeg50,self,1,zurich:33,zurich:33,15.680001,36.1773
zurich_query_0W_6dskxdNPlCJnX9EhmZA,transfer_2,9012,jpeg50,self,1,zurich:33,zurich:33,15.679997,36.1773
zurich_query_0W_6dskxdNPlCJnX9EhmZA,transfer_3,9012,jpeg50,self,1,zurich:33,zurich:33,15.680000,36.1773
zurich_query_0W_6dskxdNPlCJnX9EhmZA,transfer_4,9012,jpeg50,self,1,zurich:33,zurich:33,15.679997,36.1773
amman_query_29zY5U3MUbO3wTjTTKF93w,isotropic,1234,jpeg50,self,1,amman:22,amman:22,15.679997,36.1773
amman_query_29zY5U3MUbO3wTjTTKF93w,white_box,1234,jpeg50,self,1,amman:22,amman:22,15.679997,36.1773
amman_query_29zY5U3MUbO3wTjTTKF93w,transfer_1,1234,jpeg50,self,1,amman:22,amman:22,15.679997,36.1773
amman_query_29zY5U3MUbO3wTjTTKF93w,transfer_2,1234,jpeg50,self,1,amman:22,amman:22,15.680000,36.1773
amman_query_29zY5U3MUbO3wTjTTKF93w,transfer_3,1234,jpeg50,self,1,amman:22,amman:22,15.680002,36.1773
amman_query_29zY5U3MUbO3wTjTTKF93w,transfer_4,1234,jpeg50,self,1,amman:22,amman:22,15.680002,36.1773
amman_query_29zY5U3MUbO3wTjTTKF93w,isotropic,5678,jpeg50,self,1,amman:22,amman:22,15.679998,36.1773
amman_query_29zY5U3MUbO3wTjTTKF93w,white_box,5678,jpeg50,self,1,amman:22,amman:22,15.680000,36.1773
amman_query_29zY5U3MUbO3wTjTTKF93w,transfer_1,5678,jpeg50,self,1,amman:22,amman:22,15.679998,36.1773
amman_query_29zY5U3MUbO3wTjTTKF93w,transfer_2,5678,jpeg50,self,1,amman:22,amman:22,15.679997,36.1773
amman_query_29zY5U3MUbO3wTjTTKF93w,transfer_3,5678,jpeg50,self,1,amman:22,amman:22,15.680000,36.1773
amman_query_29zY5U3MUbO3wTjTTKF93w,transfer_4,5678,jpeg50,self,1,amman:22,amman:22,15.679997,36.1773
amman_query_29zY5U3MUbO3wTjTTKF93w,isotropic,9012,jpeg50,self,1,amman:22,amman:22,15.680000,36.1773
amman_query_29zY5U3MUbO3wTjTTKF93w,white_box,9012,jpeg50,self,1,amman:22,amman:22,15.680000,36.1773
amman_query_29zY5U3MUbO3wTjTTKF93w,transfer_1,9012,jpeg50,self,1,amman:22,amman:22,15.680000,36.1773
amman_query_29zY5U3MUbO3wTjTTKF93w,transfer_2,9012,jpeg50,self,1,amman:22,amman:22,15.680000,36.1773
amman_query_29zY5U3MUbO3wTjTTKF93w,transfer_3,9012,jpeg50,self,1,amman:22,amman:22,15.679997,36.1773
amman_query_29zY5U3MUbO3wTjTTKF93w,transfer_4,9012,jpeg50,self,1,amman:22,amman:22,15.680002,36.1773
boston_query_-U0JJudMztDrvqfppyEl9A,isotropic,1234,jpeg50,self,1,boston:87,boston:87,15.679998,36.1773
boston_query_-U0JJudMztDrvqfppyEl9A,white_box,1234,jpeg50,self,1,boston:87,boston:87,15.679997,36.1773
boston_query_-U0JJudMztDrvqfppyEl9A,transfer_1,1234,jpeg50,self,1,boston:87,boston:87,15.679997,36.1773
boston_query_-U0JJudMztDrvqfppyEl9A,transfer_2,1234,jpeg50,self,1,boston:87,boston:87,15.679997,36.1773
boston_query_-U0JJudMztDrvqfppyEl9A,transfer_3,1234,jpeg50,self,1,boston:87,boston:87,15.679997,36.1773
boston_query_-U0JJudMztDrvqfppyEl9A,transfer_4,1234,jpeg50,self,1,boston:87,boston:87,15.680000,36.1773
boston_query_-U0JJudMztDrvqfppyEl9A,isotropic,5678,jpeg50,self,1,boston:87,boston:87,15.680000,36.1773
boston_query_-U0JJudMztDrvqfppyEl9A,white_box,5678,jpeg50,self,1,boston:87,boston:87,15.680000,36.1773
boston_query_-U0JJudMztDrvqfppyEl9A,transfer_1,5678,jpeg50,self,1,boston:87,boston:87,15.679998,36.1773
boston_query_-U0JJudMztDrvqfppyEl9A,transfer_2,5678,jpeg50,self,1,boston:87,boston:87,15.680001,36.1773
boston_query_-U0JJudMztDrvqfppyEl9A,transfer_3,5678,jpeg50,self,1,boston:87,boston:87,15.680000,36.1773
boston_query_-U0JJudMztDrvqfppyEl9A,transfer_4,5678,jpeg50,self,1,boston:87,boston:87,15.680001,36.1773
boston_query_-U0JJudMztDrvqfppyEl9A,isotropic,9012,jpeg50,self,1,boston:87,boston:87,15.680000,36.1773
boston_query_-U0JJudMztDrvqfppyEl9A,white_box,9012,jpeg50,self,1,boston:87,boston:87,15.679997,36.1773
boston_query_-U0JJudMztDrvqfppyEl9A,transfer_1,9012,jpeg50,self,1,boston:87,boston:87,15.679997,36.1773
boston_query_-U0JJudMztDrvqfppyEl9A,transfer_2,9012,jpeg50,self,1,boston:87,boston:87,15.680000,36.1773
boston_query_-U0JJudMztDrvqfppyEl9A,transfer_3,9012,jpeg50,self,1,boston:87,boston:87,15.679997,36.1773
boston_query_-U0JJudMztDrvqfppyEl9A,transfer_4,9012,jpeg50,self,1,boston:87,boston:87,15.680000,36.1773
cph_query_-To5emQUYvNlwdgB1hEVfQ,isotropic,1234,jpeg50,self,1,cph:279,cph:279,15.680000,36.1773
cph_query_-To5emQUYvNlwdgB1hEVfQ,white_box,1234,jpeg50,self,1,cph:279,cph:279,15.680000,36.1773
cph_query_-To5emQUYvNlwdgB1hEVfQ,transfer_1,1234,jpeg50,self,1,cph:279,cph:279,15.679997,36.1773
cph_query_-To5emQUYvNlwdgB1hEVfQ,transfer_2,1234,jpeg50,self,1,cph:279,cph:279,15.680000,36.1773
cph_query_-To5emQUYvNlwdgB1hEVfQ,transfer_3,1234,jpeg50,self,1,cph:279,cph:279,15.679997,36.1773
cph_query_-To5emQUYvNlwdgB1hEVfQ,transfer_4,1234,jpeg50,self,1,cph:279,cph:279,15.680000,36.1773
cph_query_-To5emQUYvNlwdgB1hEVfQ,isotropic,5678,jpeg50,self,1,cph:279,cph:279,15.679998,36.1773
cph_query_-To5emQUYvNlwdgB1hEVfQ,white_box,5678,jpeg50,self,1,cph:279,cph:279,15.679998,36.1773
cph_query_-To5emQUYvNlwdgB1hEVfQ,transfer_1,5678,jpeg50,self,1,cph:279,cph:279,15.679997,36.1773
cph_query_-To5emQUYvNlwdgB1hEVfQ,transfer_2,5678,jpeg50,self,1,cph:279,cph:279,15.679997,36.1773
cph_query_-To5emQUYvNlwdgB1hEVfQ,transfer_3,5678,jpeg50,self,1,cph:279,cph:279,15.680002,36.1773
cph_query_-To5emQUYvNlwdgB1hEVfQ,transfer_4,5678,jpeg50,self,1,cph:279,cph:279,15.680000,36.1773
cph_query_-To5emQUYvNlwdgB1hEVfQ,isotropic,9012,jpeg50,self,1,cph:279,cph:279,15.680000,36.1773
cph_query_-To5emQUYvNlwdgB1hEVfQ,white_box,9012,jpeg50,self,1,cph:279,cph:279,15.679997,36.1773
cph_query_-To5emQUYvNlwdgB1hEVfQ,transfer_1,9012,jpeg50,self,1,cph:279,cph:279,15.680000,36.1773
cph_query_-To5emQUYvNlwdgB1hEVfQ,transfer_2,9012,jpeg50,self,1,cph:279,cph:279,15.679998,36.1773
cph_query_-To5emQUYvNlwdgB1hEVfQ,transfer_3,9012,jpeg50,self,1,cph:279,cph:279,15.679997,36.1773
cph_query_-To5emQUYvNlwdgB1hEVfQ,transfer_4,9012,jpeg50,self,1,cph:279,cph:279,15.680000,36.1773
london_query_07Mt7j9hZm17z2pXB3QAXA,isotropic,1234,jpeg50,self,1,london:122,london:122,15.679996,36.1773
london_query_07Mt7j9hZm17z2pXB3QAXA,white_box,1234,jpeg50,self,1,london:122,london:122,15.680001,36.1773
london_query_07Mt7j9hZm17z2pXB3QAXA,transfer_1,1234,jpeg50,self,1,london:122,london:122,15.680000,36.1773
london_query_07Mt7j9hZm17z2pXB3QAXA,transfer_2,1234,jpeg50,self,1,london:122,london:122,15.680000,36.1773
london_query_07Mt7j9hZm17z2pXB3QAXA,transfer_3,1234,jpeg50,self,1,london:122,london:122,15.679997,36.1773
london_query_07Mt7j9hZm17z2pXB3QAXA,transfer_4,1234,jpeg50,self,1,london:122,london:122,15.680000,36.1773
london_query_07Mt7j9hZm17z2pXB3QAXA,isotropic,5678,jpeg50,self,1,london:122,london:122,15.679996,36.1773
london_query_07Mt7j9hZm17z2pXB3QAXA,white_box,5678,jpeg50,self,1,london:122,london:122,15.680000,36.1773
london_query_07Mt7j9hZm17z2pXB3QAXA,transfer_1,5678,jpeg50,self,1,london:122,london:122,15.679998,36.1773
london_query_07Mt7j9hZm17z2pXB3QAXA,transfer_2,5678,jpeg50,self,1,london:122,london:122,15.679997,36.1773
london_query_07Mt7j9hZm17z2pXB3QAXA,transfer_3,5678,jpeg50,self,1,london:122,london:122,15.680000,36.1773
london_query_07Mt7j9hZm17z2pXB3QAXA,transfer_4,5678,jpeg50,self,1,london:122,london:122,15.679997,36.1773
london_query_07Mt7j9hZm17z2pXB3QAXA,isotropic,9012,jpeg50,self,1,london:122,london:122,15.680002,36.1773
london_query_07Mt7j9hZm17z2pXB3QAXA,white_box,9012,jpeg50,self,1,london:122,london:122,15.679997,36.1773
london_query_07Mt7j9hZm17z2pXB3QAXA,transfer_1,9012,jpeg50,self,1,london:122,london:122,15.679997,36.1773
london_query_07Mt7j9hZm17z2pXB3QAXA,transfer_2,9012,jpeg50,self,1,london:122,london:122,15.680000,36.1773
london_query_07Mt7j9hZm17z2pXB3QAXA,transfer_3,9012,jpeg50,self,1,london:122,london:122,15.679997,36.1773
london_query_07Mt7j9hZm17z2pXB3QAXA,transfer_4,9012,jpeg50,self,1,london:122,london:122,15.680000,36.1773
manila_query_-YADzGuflGFk0TrwgbgGQA,isotropic,1234,jpeg50,self,1,manila:82,manila:82,15.680000,36.1773
manila_query_-YADzGuflGFk0TrwgbgGQA,white_box,1234,jpeg50,self,1,manila:82,manila:82,15.679997,36.1773
manila_query_-YADzGuflGFk0TrwgbgGQA,transfer_1,1234,jpeg50,self,1,manila:82,manila:82,15.680000,36.1773
manila_query_-YADzGuflGFk0TrwgbgGQA,transfer_2,1234,jpeg50,self,1,manila:82,manila:82,15.680000,36.1773
manila_query_-YADzGuflGFk0TrwgbgGQA,transfer_3,1234,jpeg50,self,1,manila:82,manila:82,15.679997,36.1773
manila_query_-YADzGuflGFk0TrwgbgGQA,transfer_4,1234,jpeg50,self,1,manila:82,manila:82,15.679997,36.1773
manila_query_-YADzGuflGFk0TrwgbgGQA,isotropic,5678,jpeg50,self,1,manila:82,manila:82,15.680000,36.1773
manila_query_-YADzGuflGFk0TrwgbgGQA,white_box,5678,jpeg50,self,1,manila:82,manila:82,15.679997,36.1773
manila_query_-YADzGuflGFk0TrwgbgGQA,transfer_1,5678,jpeg50,self,1,manila:82,manila:82,15.679997,36.1773
manila_query_-YADzGuflGFk0TrwgbgGQA,transfer_2,5678,jpeg50,self,1,manila:82,manila:82,15.679996,36.1773
manila_query_-YADzGuflGFk0TrwgbgGQA,transfer_3,5678,jpeg50,self,1,manila:82,manila:82,15.679996,36.1773
manila_query_-YADzGuflGFk0TrwgbgGQA,transfer_4,5678,jpeg50,self,1,manila:82,manila:82,15.679998,36.1773
manila_query_-YADzGuflGFk0TrwgbgGQA,isotropic,9012,jpeg50,self,1,manila:82,manila:82,15.680000,36.1773
manila_query_-YADzGuflGFk0TrwgbgGQA,white_box,9012,jpeg50,self,1,manila:82,manila:82,15.679997,36.1773
manila_query_-YADzGuflGFk0TrwgbgGQA,transfer_1,9012,jpeg50,self,1,manila:82,manila:82,15.680001,36.1773
manila_query_-YADzGuflGFk0TrwgbgGQA,transfer_2,9012,jpeg50,self,1,manila:82,manila:82,15.679998,36.1773
manila_query_-YADzGuflGFk0TrwgbgGQA,transfer_3,9012,jpeg50,self,1,manila:82,manila:82,15.679998,36.1773
manila_query_-YADzGuflGFk0TrwgbgGQA,transfer_4,9012,jpeg50,self,1,manila:82,manila:82,15.679997,36.1773
nairobi_query_3VEngLiRuIRlzTCHOPvAqA,isotropic,1234,jpeg50,self,1,nairobi:4,nairobi:4,15.680000,36.1773
nairobi_query_3VEngLiRuIRlzTCHOPvAqA,white_box,1234,jpeg50,self,2,toronto:130,nairobi:4,15.680000,36.1773
nairobi_query_3VEngLiRuIRlzTCHOPvAqA,transfer_1,1234,jpeg50,self,1,nairobi:4,nairobi:4,15.680000,36.1773
nairobi_query_3VEngLiRuIRlzTCHOPvAqA,transfer_2,1234,jpeg50,self,2,toronto:130,nairobi:4,15.679997,36.1773
nairobi_query_3VEngLiRuIRlzTCHOPvAqA,transfer_3,1234,jpeg50,self,3,toronto:130,nairobi:4,15.679998,36.1773
nairobi_query_3VEngLiRuIRlzTCHOPvAqA,transfer_4,1234,jpeg50,self,1,nairobi:4,nairobi:4,15.679998,36.1773
nairobi_query_3VEngLiRuIRlzTCHOPvAqA,isotropic,5678,jpeg50,self,2,toronto:130,nairobi:4,15.679996,36.1773
nairobi_query_3VEngLiRuIRlzTCHOPvAqA,white_box,5678,jpeg50,self,9,nairobi:9,nairobi:4,15.679997,36.1773
nairobi_query_3VEngLiRuIRlzTCHOPvAqA,transfer_1,5678,jpeg50,self,6,toronto:130,nairobi:4,15.680000,36.1773
nairobi_query_3VEngLiRuIRlzTCHOPvAqA,transfer_2,5678,jpeg50,self,1,nairobi:4,nairobi:4,15.680000,36.1773
nairobi_query_3VEngLiRuIRlzTCHOPvAqA,transfer_3,5678,jpeg50,self,1,nairobi:4,nairobi:4,15.680000,36.1773
nairobi_query_3VEngLiRuIRlzTCHOPvAqA,transfer_4,5678,jpeg50,self,1,nairobi:4,nairobi:4,15.680000,36.1773
nairobi_query_3VEngLiRuIRlzTCHOPvAqA,isotropic,9012,jpeg50,self,1,nairobi:4,nairobi:4,15.679998,36.1773
nairobi_query_3VEngLiRuIRlzTCHOPvAqA,white_box,9012,jpeg50,self,2,amman:18,nairobi:4,15.680000,36.1773
nairobi_query_3VEngLiRuIRlzTCHOPvAqA,transfer_1,9012,jpeg50,self,1,nairobi:4,nairobi:4,15.680000,36.1773
nairobi_query_3VEngLiRuIRlzTCHOPvAqA,transfer_2,9012,jpeg50,self,3,nairobi:7,nairobi:4,15.679997,36.1773
nairobi_query_3VEngLiRuIRlzTCHOPvAqA,transfer_3,9012,jpeg50,self,1,nairobi:4,nairobi:4,15.679997,36.1773
nairobi_query_3VEngLiRuIRlzTCHOPvAqA,transfer_4,9012,jpeg50,self,1,nairobi:4,nairobi:4,15.680000,36.1773
toronto_query_-KU5g574x3Cah05LVtG_Pw,isotropic,1234,jpeg50,self,2,toronto:265,toronto:418,15.680000,36.1773
toronto_query_-KU5g574x3Cah05LVtG_Pw,white_box,1234,jpeg50,self,3,amman:0,toronto:418,15.680001,36.1773
toronto_query_-KU5g574x3Cah05LVtG_Pw,transfer_1,1234,jpeg50,self,3,toronto:265,toronto:418,15.679996,36.1773
toronto_query_-KU5g574x3Cah05LVtG_Pw,transfer_2,1234,jpeg50,self,2,toronto:265,toronto:418,15.679997,36.1773
toronto_query_-KU5g574x3Cah05LVtG_Pw,transfer_3,1234,jpeg50,self,1,toronto:418,toronto:418,15.679998,36.1773
toronto_query_-KU5g574x3Cah05LVtG_Pw,transfer_4,1234,jpeg50,self,3,toronto:265,toronto:418,15.680002,36.1773
toronto_query_-KU5g574x3Cah05LVtG_Pw,isotropic,5678,jpeg50,self,2,toronto:265,toronto:418,15.679997,36.1773
toronto_query_-KU5g574x3Cah05LVtG_Pw,white_box,5678,jpeg50,self,11,amman:0,toronto:418,15.679997,36.1773
toronto_query_-KU5g574x3Cah05LVtG_Pw,transfer_1,5678,jpeg50,self,2,toronto:265,toronto:418,15.679998,36.1773
toronto_query_-KU5g574x3Cah05LVtG_Pw,transfer_2,5678,jpeg50,self,4,toronto:265,toronto:418,15.679998,36.1773
toronto_query_-KU5g574x3Cah05LVtG_Pw,transfer_3,5678,jpeg50,self,2,toronto:265,toronto:418,15.679997,36.1773
toronto_query_-KU5g574x3Cah05LVtG_Pw,transfer_4,5678,jpeg50,self,3,toronto:265,toronto:418,15.680000,36.1773
toronto_query_-KU5g574x3Cah05LVtG_Pw,isotropic,9012,jpeg50,self,2,toronto:265,toronto:418,15.680000,36.1773
toronto_query_-KU5g574x3Cah05LVtG_Pw,white_box,9012,jpeg50,self,5,amman:0,toronto:418,15.679997,36.1773
toronto_query_-KU5g574x3Cah05LVtG_Pw,transfer_1,9012,jpeg50,self,3,toronto:265,toronto:418,15.679997,36.1773
toronto_query_-KU5g574x3Cah05LVtG_Pw,transfer_2,9012,jpeg50,self,3,toronto:265,toronto:418,15.679998,36.1773
toronto_query_-KU5g574x3Cah05LVtG_Pw,transfer_3,9012,jpeg50,self,2,toronto:265,toronto:418,15.679998,36.1773
toronto_query_-KU5g574x3Cah05LVtG_Pw,transfer_4,9012,jpeg50,self,2,toronto:265,toronto:418,15.680000,36.1773
zurich_query_0YqWIRNZbPyTmppf5ZjyMw,isotropic,1234,jpeg50,self,1,zurich:25,zurich:25,15.680000,36.1773
zurich_query_0YqWIRNZbPyTmppf5ZjyMw,white_box,1234,jpeg50,self,1,zurich:25,zurich:25,15.679998,36.1773
zurich_query_0YqWIRNZbPyTmppf5ZjyMw,transfer_1,1234,jpeg50,self,1,zurich:25,zurich:25,15.680000,36.1773
zurich_query_0YqWIRNZbPyTmppf5ZjyMw,transfer_2,1234,jpeg50,self,1,zurich:25,zurich:25,15.680001,36.1773
zurich_query_0YqWIRNZbPyTmppf5ZjyMw,transfer_3,1234,jpeg50,self,1,zurich:25,zurich:25,15.680002,36.1773
zurich_query_0YqWIRNZbPyTmppf5ZjyMw,transfer_4,1234,jpeg50,self,1,zurich:25,zurich:25,15.679997,36.1773
zurich_query_0YqWIRNZbPyTmppf5ZjyMw,isotropic,5678,jpeg50,self,1,zurich:25,zurich:25,15.679998,36.1773
zurich_query_0YqWIRNZbPyTmppf5ZjyMw,white_box,5678,jpeg50,self,1,zurich:25,zurich:25,15.680000,36.1773
zurich_query_0YqWIRNZbPyTmppf5ZjyMw,transfer_1,5678,jpeg50,self,1,zurich:25,zurich:25,15.679997,36.1773
zurich_query_0YqWIRNZbPyTmppf5ZjyMw,transfer_2,5678,jpeg50,self,1,zurich:25,zurich:25,15.679997,36.1773
zurich_query_0YqWIRNZbPyTmppf5ZjyMw,transfer_3,5678,jpeg50,self,1,zurich:25,zurich:25,15.680002,36.1773
zurich_query_0YqWIRNZbPyTmppf5ZjyMw,transfer_4,5678,jpeg50,self,1,zurich:25,zurich:25,15.680000,36.1773
zurich_query_0YqWIRNZbPyTmppf5ZjyMw,isotropic,9012,jpeg50,self,1,zurich:25,zurich:25,15.680000,36.1773
zurich_query_0YqWIRNZbPyTmppf5ZjyMw,white_box,9012,jpeg50,self,1,zurich:25,zurich:25,15.680000,36.1773
zurich_query_0YqWIRNZbPyTmppf5ZjyMw,transfer_1,9012,jpeg50,self,1,zurich:25,zurich:25,15.680000,36.1773
zurich_query_0YqWIRNZbPyTmppf5ZjyMw,transfer_2,9012,jpeg50,self,1,zurich:25,zurich:25,15.680000,36.1773
zurich_query_0YqWIRNZbPyTmppf5ZjyMw,transfer_3,9012,jpeg50,self,1,zurich:25,zurich:25,15.680000,36.1773
zurich_query_0YqWIRNZbPyTmppf5ZjyMw,transfer_4,9012,jpeg50,self,1,zurich:25,zurich:25,15.679997,36.1773
amman_query_2E9XDGy6VTetR1O15tILdw,isotropic,1234,jpeg50,self,2,amman:0,amman:11,15.679998,36.1773
amman_query_2E9XDGy6VTetR1O15tILdw,white_box,1234,jpeg50,self,1,amman:11,amman:11,15.680000,36.1773
amman_query_2E9XDGy6VTetR1O15tILdw,transfer_1,1234,jpeg50,self,2,amman:0,amman:11,15.679997,36.1773
amman_query_2E9XDGy6VTetR1O15tILdw,transfer_2,1234,jpeg50,self,1,amman:11,amman:11,15.679997,36.1773
amman_query_2E9XDGy6VTetR1O15tILdw,transfer_3,1234,jpeg50,self,1,amman:11,amman:11,15.679997,36.1773
amman_query_2E9XDGy6VTetR1O15tILdw,transfer_4,1234,jpeg50,self,1,amman:11,amman:11,15.680000,36.1773
amman_query_2E9XDGy6VTetR1O15tILdw,isotropic,5678,jpeg50,self,1,amman:11,amman:11,15.680000,36.1773
amman_query_2E9XDGy6VTetR1O15tILdw,white_box,5678,jpeg50,self,2,amman:35,amman:11,15.679998,36.1773
amman_query_2E9XDGy6VTetR1O15tILdw,transfer_1,5678,jpeg50,self,1,amman:11,amman:11,15.679997,36.1773
amman_query_2E9XDGy6VTetR1O15tILdw,transfer_2,5678,jpeg50,self,1,amman:11,amman:11,15.680000,36.1773
amman_query_2E9XDGy6VTetR1O15tILdw,transfer_3,5678,jpeg50,self,2,amman:0,amman:11,15.679998,36.1773
amman_query_2E9XDGy6VTetR1O15tILdw,transfer_4,5678,jpeg50,self,2,amman:0,amman:11,15.679997,36.1773
amman_query_2E9XDGy6VTetR1O15tILdw,isotropic,9012,jpeg50,self,2,amman:0,amman:11,15.680000,36.1773
amman_query_2E9XDGy6VTetR1O15tILdw,white_box,9012,jpeg50,self,1,amman:11,amman:11,15.679997,36.1773
amman_query_2E9XDGy6VTetR1O15tILdw,transfer_1,9012,jpeg50,self,1,amman:11,amman:11,15.680000,36.1773
amman_query_2E9XDGy6VTetR1O15tILdw,transfer_2,9012,jpeg50,self,1,amman:11,amman:11,15.680001,36.1773
amman_query_2E9XDGy6VTetR1O15tILdw,transfer_3,9012,jpeg50,self,2,amman:1,amman:11,15.680000,36.1773
amman_query_2E9XDGy6VTetR1O15tILdw,transfer_4,9012,jpeg50,self,1,amman:11,amman:11,15.679997,36.1773
boston_query_-U_cmO4sMoYmoNbCPpMXWw,isotropic,1234,jpeg50,self,1893,boston:210,boston:101,15.679996,36.1773
boston_query_-U_cmO4sMoYmoNbCPpMXWw,white_box,1234,jpeg50,self,1994,boston:210,boston:101,15.679997,36.1773
boston_query_-U_cmO4sMoYmoNbCPpMXWw,transfer_1,1234,jpeg50,self,1871,boston:210,boston:101,15.679997,36.1773
boston_query_-U_cmO4sMoYmoNbCPpMXWw,transfer_2,1234,jpeg50,self,1883,boston:210,boston:101,15.680001,36.1773
boston_query_-U_cmO4sMoYmoNbCPpMXWw,transfer_3,1234,jpeg50,self,1947,boston:210,boston:101,15.679996,36.1773
boston_query_-U_cmO4sMoYmoNbCPpMXWw,transfer_4,1234,jpeg50,self,1837,boston:210,boston:101,15.679997,36.1773
boston_query_-U_cmO4sMoYmoNbCPpMXWw,isotropic,5678,jpeg50,self,1933,boston:210,boston:101,15.680002,36.1773
boston_query_-U_cmO4sMoYmoNbCPpMXWw,white_box,5678,jpeg50,self,1920,boston:210,boston:101,15.679997,36.1773
boston_query_-U_cmO4sMoYmoNbCPpMXWw,transfer_1,5678,jpeg50,self,1883,boston:210,boston:101,15.680000,36.1773
boston_query_-U_cmO4sMoYmoNbCPpMXWw,transfer_2,5678,jpeg50,self,1896,boston:210,boston:101,15.680000,36.1773
boston_query_-U_cmO4sMoYmoNbCPpMXWw,transfer_3,5678,jpeg50,self,1941,boston:210,boston:101,15.680000,36.1773
boston_query_-U_cmO4sMoYmoNbCPpMXWw,transfer_4,5678,jpeg50,self,1761,boston:210,boston:101,15.680000,36.1773
boston_query_-U_cmO4sMoYmoNbCPpMXWw,isotropic,9012,jpeg50,self,1963,boston:210,boston:101,15.679995,36.1773
boston_query_-U_cmO4sMoYmoNbCPpMXWw,white_box,9012,jpeg50,self,1995,boston:210,boston:101,15.679998,36.1773
boston_query_-U_cmO4sMoYmoNbCPpMXWw,transfer_1,9012,jpeg50,self,1947,boston:210,boston:101,15.680000,36.1773
boston_query_-U_cmO4sMoYmoNbCPpMXWw,transfer_2,9012,jpeg50,self,1932,boston:210,boston:101,15.680000,36.1773
boston_query_-U_cmO4sMoYmoNbCPpMXWw,transfer_3,9012,jpeg50,self,1965,boston:210,boston:101,15.679997,36.1773
boston_query_-U_cmO4sMoYmoNbCPpMXWw,transfer_4,9012,jpeg50,self,1931,boston:210,boston:101,15.680002,36.1773
cph_query_-UByBh5hYhNn4_dsHy73aA,isotropic,1234,jpeg50,self,1,cph:342,cph:342,15.679997,36.1773
cph_query_-UByBh5hYhNn4_dsHy73aA,white_box,1234,jpeg50,self,1,cph:342,cph:342,15.679997,36.1773
cph_query_-UByBh5hYhNn4_dsHy73aA,transfer_1,1234,jpeg50,self,1,cph:342,cph:342,15.680000,36.1773
cph_query_-UByBh5hYhNn4_dsHy73aA,transfer_2,1234,jpeg50,self,1,cph:342,cph:342,15.680001,36.1773
cph_query_-UByBh5hYhNn4_dsHy73aA,transfer_3,1234,jpeg50,self,1,cph:342,cph:342,15.680000,36.1773
cph_query_-UByBh5hYhNn4_dsHy73aA,transfer_4,1234,jpeg50,self,1,cph:342,cph:342,15.680001,36.1773
cph_query_-UByBh5hYhNn4_dsHy73aA,isotropic,5678,jpeg50,self,1,cph:342,cph:342,15.680000,36.1773
cph_query_-UByBh5hYhNn4_dsHy73aA,white_box,5678,jpeg50,self,1,cph:342,cph:342,15.680000,36.1773
cph_query_-UByBh5hYhNn4_dsHy73aA,transfer_1,5678,jpeg50,self,1,cph:342,cph:342,15.680000,36.1773
cph_query_-UByBh5hYhNn4_dsHy73aA,transfer_2,5678,jpeg50,self,1,cph:342,cph:342,15.680000,36.1773
cph_query_-UByBh5hYhNn4_dsHy73aA,transfer_3,5678,jpeg50,self,1,cph:342,cph:342,15.679997,36.1773
cph_query_-UByBh5hYhNn4_dsHy73aA,transfer_4,5678,jpeg50,self,1,cph:342,cph:342,15.680002,36.1773
cph_query_-UByBh5hYhNn4_dsHy73aA,isotropic,9012,jpeg50,self,1,cph:342,cph:342,15.679997,36.1773
cph_query_-UByBh5hYhNn4_dsHy73aA,white_box,9012,jpeg50,self,1,cph:342,cph:342,15.680000,36.1773
cph_query_-UByBh5hYhNn4_dsHy73aA,transfer_1,9012,jpeg50,self,1,cph:342,cph:342,15.680000,36.1773
cph_query_-UByBh5hYhNn4_dsHy73aA,transfer_2,9012,jpeg50,self,1,cph:342,cph:342,15.680000,36.1773
cph_query_-UByBh5hYhNn4_dsHy73aA,transfer_3,9012,jpeg50,self,1,cph:342,cph:342,15.680002,36.1773
cph_query_-UByBh5hYhNn4_dsHy73aA,transfer_4,9012,jpeg50,self,1,cph:342,cph:342,15.680000,36.1773
london_query_07oSFXlZ9SfPsHwsEZQFtA,isotropic,1234,jpeg50,self,1,london:76,london:76,15.679997,36.1773
london_query_07oSFXlZ9SfPsHwsEZQFtA,white_box,1234,jpeg50,self,23,manila:33,london:76,15.680001,36.1773
london_query_07oSFXlZ9SfPsHwsEZQFtA,transfer_1,1234,jpeg50,self,1,london:76,london:76,15.679998,36.1773
london_query_07oSFXlZ9SfPsHwsEZQFtA,transfer_2,1234,jpeg50,self,1,london:76,london:76,15.679997,36.1773
london_query_07oSFXlZ9SfPsHwsEZQFtA,transfer_3,1234,jpeg50,self,2,london:2,london:76,15.680000,36.1773
london_query_07oSFXlZ9SfPsHwsEZQFtA,transfer_4,1234,jpeg50,self,1,london:76,london:76,15.679998,36.1773
london_query_07oSFXlZ9SfPsHwsEZQFtA,isotropic,5678,jpeg50,self,2,london:21,london:76,15.680000,36.1773
london_query_07oSFXlZ9SfPsHwsEZQFtA,white_box,5678,jpeg50,self,2,london:21,london:76,15.680000,36.1773
london_query_07oSFXlZ9SfPsHwsEZQFtA,transfer_1,5678,jpeg50,self,3,london:21,london:76,15.679997,36.1773
london_query_07oSFXlZ9SfPsHwsEZQFtA,transfer_2,5678,jpeg50,self,1,london:76,london:76,15.680001,36.1773
london_query_07oSFXlZ9SfPsHwsEZQFtA,transfer_3,5678,jpeg50,self,1,london:76,london:76,15.680000,36.1773
london_query_07oSFXlZ9SfPsHwsEZQFtA,transfer_4,5678,jpeg50,self,2,london:2,london:76,15.679997,36.1773
london_query_07oSFXlZ9SfPsHwsEZQFtA,isotropic,9012,jpeg50,self,1,london:76,london:76,15.680000,36.1773
london_query_07oSFXlZ9SfPsHwsEZQFtA,white_box,9012,jpeg50,self,11,london:21,london:76,15.679997,36.1773
london_query_07oSFXlZ9SfPsHwsEZQFtA,transfer_1,9012,jpeg50,self,2,london:21,london:76,15.679997,36.1773
london_query_07oSFXlZ9SfPsHwsEZQFtA,transfer_2,9012,jpeg50,self,3,london:21,london:76,15.680001,36.1773
london_query_07oSFXlZ9SfPsHwsEZQFtA,transfer_3,9012,jpeg50,self,1,london:76,london:76,15.679997,36.1773
london_query_07oSFXlZ9SfPsHwsEZQFtA,transfer_4,9012,jpeg50,self,3,manila:116,london:76,15.679997,36.1773
manila_query_-YswrllPgEq1Q_LYD0mD0A,isotropic,1234,jpeg50,self,11,manila:160,manila:181,15.679997,36.1773
manila_query_-YswrllPgEq1Q_LYD0mD0A,white_box,1234,jpeg50,self,24,manila:173,manila:181,15.679998,36.1773
manila_query_-YswrllPgEq1Q_LYD0mD0A,transfer_1,1234,jpeg50,self,11,manila:190,manila:181,15.679997,36.1773
manila_query_-YswrllPgEq1Q_LYD0mD0A,transfer_2,1234,jpeg50,self,15,manila:173,manila:181,15.679997,36.1773
manila_query_-YswrllPgEq1Q_LYD0mD0A,transfer_3,1234,jpeg50,self,37,manila:190,manila:181,15.679998,36.1773
manila_query_-YswrllPgEq1Q_LYD0mD0A,transfer_4,1234,jpeg50,self,20,manila:190,manila:181,15.680000,36.1773
manila_query_-YswrllPgEq1Q_LYD0mD0A,isotropic,5678,jpeg50,self,26,manila:173,manila:181,15.680000,36.1773
manila_query_-YswrllPgEq1Q_LYD0mD0A,white_box,5678,jpeg50,self,13,manila:173,manila:181,15.680001,36.1773
manila_query_-YswrllPgEq1Q_LYD0mD0A,transfer_1,5678,jpeg50,self,12,manila:142,manila:181,15.680000,36.1773
manila_query_-YswrllPgEq1Q_LYD0mD0A,transfer_2,5678,jpeg50,self,15,manila:173,manila:181,15.679997,36.1773
manila_query_-YswrllPgEq1Q_LYD0mD0A,transfer_3,5678,jpeg50,self,50,manila:190,manila:181,15.680000,36.1773
manila_query_-YswrllPgEq1Q_LYD0mD0A,transfer_4,5678,jpeg50,self,33,manila:173,manila:181,15.679998,36.1773
manila_query_-YswrllPgEq1Q_LYD0mD0A,isotropic,9012,jpeg50,self,20,manila:173,manila:181,15.679997,36.1773
manila_query_-YswrllPgEq1Q_LYD0mD0A,white_box,9012,jpeg50,self,43,manila:173,manila:181,15.680000,36.1773
manila_query_-YswrllPgEq1Q_LYD0mD0A,transfer_1,9012,jpeg50,self,19,manila:190,manila:181,15.680000,36.1773
manila_query_-YswrllPgEq1Q_LYD0mD0A,transfer_2,9012,jpeg50,self,38,manila:173,manila:181,15.679998,36.1773
manila_query_-YswrllPgEq1Q_LYD0mD0A,transfer_3,9012,jpeg50,self,17,manila:173,manila:181,15.680000,36.1773
manila_query_-YswrllPgEq1Q_LYD0mD0A,transfer_4,9012,jpeg50,self,25,manila:173,manila:181,15.679997,36.1773
nairobi_query_3sAf0a7Z9MFOX5NACNEfkA,isotropic,1234,jpeg50,self,1,nairobi:3,nairobi:3,15.679997,36.1773
nairobi_query_3sAf0a7Z9MFOX5NACNEfkA,white_box,1234,jpeg50,self,1,nairobi:3,nairobi:3,15.680000,36.1773
nairobi_query_3sAf0a7Z9MFOX5NACNEfkA,transfer_1,1234,jpeg50,self,1,nairobi:3,nairobi:3,15.679998,36.1773
nairobi_query_3sAf0a7Z9MFOX5NACNEfkA,transfer_2,1234,jpeg50,self,1,nairobi:3,nairobi:3,15.680000,36.1773
nairobi_query_3sAf0a7Z9MFOX5NACNEfkA,transfer_3,1234,jpeg50,self,1,nairobi:3,nairobi:3,15.679998,36.1773
nairobi_query_3sAf0a7Z9MFOX5NACNEfkA,transfer_4,1234,jpeg50,self,1,nairobi:3,nairobi:3,15.680000,36.1773
nairobi_query_3sAf0a7Z9MFOX5NACNEfkA,isotropic,5678,jpeg50,self,1,nairobi:3,nairobi:3,15.679998,36.1773
nairobi_query_3sAf0a7Z9MFOX5NACNEfkA,white_box,5678,jpeg50,self,1,nairobi:3,nairobi:3,15.680000,36.1773
nairobi_query_3sAf0a7Z9MFOX5NACNEfkA,transfer_1,5678,jpeg50,self,1,nairobi:3,nairobi:3,15.679998,36.1773
nairobi_query_3sAf0a7Z9MFOX5NACNEfkA,transfer_2,5678,jpeg50,self,1,nairobi:3,nairobi:3,15.680000,36.1773
nairobi_query_3sAf0a7Z9MFOX5NACNEfkA,transfer_3,5678,jpeg50,self,1,nairobi:3,nairobi:3,15.679997,36.1773
nairobi_query_3sAf0a7Z9MFOX5NACNEfkA,transfer_4,5678,jpeg50,self,1,nairobi:3,nairobi:3,15.680000,36.1773
nairobi_query_3sAf0a7Z9MFOX5NACNEfkA,isotropic,9012,jpeg50,self,1,nairobi:3,nairobi:3,15.680000,36.1773
nairobi_query_3sAf0a7Z9MFOX5NACNEfkA,white_box,9012,jpeg50,self,1,nairobi:3,nairobi:3,15.680000,36.1773
nairobi_query_3sAf0a7Z9MFOX5NACNEfkA,transfer_1,9012,jpeg50,self,1,nairobi:3,nairobi:3,15.680000,36.1773
nairobi_query_3sAf0a7Z9MFOX5NACNEfkA,transfer_2,9012,jpeg50,self,1,nairobi:3,nairobi:3,15.679996,36.1773
nairobi_query_3sAf0a7Z9MFOX5NACNEfkA,transfer_3,9012,jpeg50,self,1,nairobi:3,nairobi:3,15.679997,36.1773
nairobi_query_3sAf0a7Z9MFOX5NACNEfkA,transfer_4,9012,jpeg50,self,1,nairobi:3,nairobi:3,15.680000,36.1773
toronto_query_-L3Zos1U2E6AA3-ZO_eESA,isotropic,1234,jpeg50,self,1,toronto:253,toronto:253,15.680000,36.1773
toronto_query_-L3Zos1U2E6AA3-ZO_eESA,white_box,1234,jpeg50,self,1,toronto:253,toronto:253,15.680000,36.1773
toronto_query_-L3Zos1U2E6AA3-ZO_eESA,transfer_1,1234,jpeg50,self,1,toronto:253,toronto:253,15.679997,36.1773
toronto_query_-L3Zos1U2E6AA3-ZO_eESA,transfer_2,1234,jpeg50,self,1,toronto:253,toronto:253,15.680000,36.1773
toronto_query_-L3Zos1U2E6AA3-ZO_eESA,transfer_3,1234,jpeg50,self,1,toronto:253,toronto:253,15.680000,36.1773
toronto_query_-L3Zos1U2E6AA3-ZO_eESA,transfer_4,1234,jpeg50,self,1,toronto:253,toronto:253,15.679997,36.1773
toronto_query_-L3Zos1U2E6AA3-ZO_eESA,isotropic,5678,jpeg50,self,1,toronto:253,toronto:253,15.679996,36.1773
toronto_query_-L3Zos1U2E6AA3-ZO_eESA,white_box,5678,jpeg50,self,1,toronto:253,toronto:253,15.679997,36.1773
toronto_query_-L3Zos1U2E6AA3-ZO_eESA,transfer_1,5678,jpeg50,self,1,toronto:253,toronto:253,15.680000,36.1773
toronto_query_-L3Zos1U2E6AA3-ZO_eESA,transfer_2,5678,jpeg50,self,1,toronto:253,toronto:253,15.679998,36.1773
toronto_query_-L3Zos1U2E6AA3-ZO_eESA,transfer_3,5678,jpeg50,self,1,toronto:253,toronto:253,15.679998,36.1773
toronto_query_-L3Zos1U2E6AA3-ZO_eESA,transfer_4,5678,jpeg50,self,1,toronto:253,toronto:253,15.680000,36.1773
toronto_query_-L3Zos1U2E6AA3-ZO_eESA,isotropic,9012,jpeg50,self,1,toronto:253,toronto:253,15.680002,36.1773
toronto_query_-L3Zos1U2E6AA3-ZO_eESA,white_box,9012,jpeg50,self,1,toronto:253,toronto:253,15.679997,36.1773
toronto_query_-L3Zos1U2E6AA3-ZO_eESA,transfer_1,9012,jpeg50,self,1,toronto:253,toronto:253,15.679997,36.1773
toronto_query_-L3Zos1U2E6AA3-ZO_eESA,transfer_2,9012,jpeg50,self,1,toronto:253,toronto:253,15.679997,36.1773
toronto_query_-L3Zos1U2E6AA3-ZO_eESA,transfer_3,9012,jpeg50,self,1,toronto:253,toronto:253,15.679998,36.1773
toronto_query_-L3Zos1U2E6AA3-ZO_eESA,transfer_4,9012,jpeg50,self,1,toronto:253,toronto:253,15.679997,36.1773
zurich_query_0eG9-83f-Xafie9_84fDbg,isotropic,1234,jpeg50,self,1,zurich:105,zurich:105,15.680000,36.1773
zurich_query_0eG9-83f-Xafie9_84fDbg,white_box,1234,jpeg50,self,1,zurich:105,zurich:105,15.679997,36.1773
zurich_query_0eG9-83f-Xafie9_84fDbg,transfer_1,1234,jpeg50,self,1,zurich:105,zurich:105,15.680000,36.1773
zurich_query_0eG9-83f-Xafie9_84fDbg,transfer_2,1234,jpeg50,self,1,zurich:105,zurich:105,15.680000,36.1773
zurich_query_0eG9-83f-Xafie9_84fDbg,transfer_3,1234,jpeg50,self,1,zurich:105,zurich:105,15.679996,36.1773
zurich_query_0eG9-83f-Xafie9_84fDbg,transfer_4,1234,jpeg50,self,1,zurich:105,zurich:105,15.679997,36.1773
zurich_query_0eG9-83f-Xafie9_84fDbg,isotropic,5678,jpeg50,self,1,zurich:105,zurich:105,15.679998,36.1773
zurich_query_0eG9-83f-Xafie9_84fDbg,white_box,5678,jpeg50,self,1,zurich:105,zurich:105,15.679997,36.1773
zurich_query_0eG9-83f-Xafie9_84fDbg,transfer_1,5678,jpeg50,self,1,zurich:105,zurich:105,15.679997,36.1773
zurich_query_0eG9-83f-Xafie9_84fDbg,transfer_2,5678,jpeg50,self,1,zurich:105,zurich:105,15.680000,36.1773
zurich_query_0eG9-83f-Xafie9_84fDbg,transfer_3,5678,jpeg50,self,1,zurich:105,zurich:105,15.680000,36.1773
zurich_query_0eG9-83f-Xafie9_84fDbg,transfer_4,5678,jpeg50,self,1,zurich:105,zurich:105,15.679998,36.1773
zurich_query_0eG9-83f-Xafie9_84fDbg,isotropic,9012,jpeg50,self,1,zurich:105,zurich:105,15.680000,36.1773
zurich_query_0eG9-83f-Xafie9_84fDbg,white_box,9012,jpeg50,self,1,zurich:105,zurich:105,15.679998,36.1773
zurich_query_0eG9-83f-Xafie9_84fDbg,transfer_1,9012,jpeg50,self,1,zurich:105,zurich:105,15.680000,36.1773
zurich_query_0eG9-83f-Xafie9_84fDbg,transfer_2,9012,jpeg50,self,1,zurich:105,zurich:105,15.680001,36.1773
zurich_query_0eG9-83f-Xafie9_84fDbg,transfer_3,9012,jpeg50,self,1,zurich:105,zurich:105,15.679997,36.1773
zurich_query_0eG9-83f-Xafie9_84fDbg,transfer_4,9012,jpeg50,self,1,zurich:105,zurich:105,15.680000,36.1773
amman_query_2WNEczYwDdZlHE_2nYlE-A,isotropic,1234,jpeg50,self,5,toronto:253,amman:0,15.680000,36.1773
amman_query_2WNEczYwDdZlHE_2nYlE-A,white_box,1234,jpeg50,self,1,amman:0,amman:0,15.680000,36.1773
amman_query_2WNEczYwDdZlHE_2nYlE-A,transfer_1,1234,jpeg50,self,3,toronto:253,amman:0,15.680001,36.1773
amman_query_2WNEczYwDdZlHE_2nYlE-A,transfer_2,1234,jpeg50,self,2,toronto:253,amman:0,15.680000,36.1773
amman_query_2WNEczYwDdZlHE_2nYlE-A,transfer_3,1234,jpeg50,self,2,toronto:253,amman:0,15.680000,36.1773
amman_query_2WNEczYwDdZlHE_2nYlE-A,transfer_4,1234,jpeg50,self,2,boston:176,amman:0,15.679997,36.1773
amman_query_2WNEczYwDdZlHE_2nYlE-A,isotropic,5678,jpeg50,self,4,cph:243,amman:0,15.680000,36.1773
amman_query_2WNEczYwDdZlHE_2nYlE-A,white_box,5678,jpeg50,self,2,toronto:253,amman:0,15.679997,36.1773
amman_query_2WNEczYwDdZlHE_2nYlE-A,transfer_1,5678,jpeg50,self,5,toronto:253,amman:0,15.679997,36.1773
amman_query_2WNEczYwDdZlHE_2nYlE-A,transfer_2,5678,jpeg50,self,2,boston:176,amman:0,15.679997,36.1773
amman_query_2WNEczYwDdZlHE_2nYlE-A,transfer_3,5678,jpeg50,self,1,amman:0,amman:0,15.680000,36.1773
amman_query_2WNEczYwDdZlHE_2nYlE-A,transfer_4,5678,jpeg50,self,2,boston:176,amman:0,15.680002,36.1773
amman_query_2WNEczYwDdZlHE_2nYlE-A,isotropic,9012,jpeg50,self,4,toronto:253,amman:0,15.679997,36.1773
amman_query_2WNEczYwDdZlHE_2nYlE-A,white_box,9012,jpeg50,self,1,amman:0,amman:0,15.680002,36.1773
amman_query_2WNEczYwDdZlHE_2nYlE-A,transfer_1,9012,jpeg50,self,3,boston:176,amman:0,15.680001,36.1773
amman_query_2WNEczYwDdZlHE_2nYlE-A,transfer_2,9012,jpeg50,self,3,boston:176,amman:0,15.680001,36.1773
amman_query_2WNEczYwDdZlHE_2nYlE-A,transfer_3,9012,jpeg50,self,2,boston:176,amman:0,15.679997,36.1773
amman_query_2WNEczYwDdZlHE_2nYlE-A,transfer_4,9012,jpeg50,self,1,amman:0,amman:0,15.679998,36.1773
boston_query_-VHXaQ_dj_14O-Bcn3u7zA,isotropic,1234,jpeg50,self,2,boston:123,boston:171,15.680000,36.1773
boston_query_-VHXaQ_dj_14O-Bcn3u7zA,white_box,1234,jpeg50,self,1,boston:171,boston:171,15.680000,36.1773
boston_query_-VHXaQ_dj_14O-Bcn3u7zA,transfer_1,1234,jpeg50,self,2,boston:123,boston:171,15.679997,36.1773
boston_query_-VHXaQ_dj_14O-Bcn3u7zA,transfer_2,1234,jpeg50,self,1,boston:171,boston:171,15.680000,36.1773
boston_query_-VHXaQ_dj_14O-Bcn3u7zA,transfer_3,1234,jpeg50,self,2,boston:123,boston:171,15.680000,36.1773
boston_query_-VHXaQ_dj_14O-Bcn3u7zA,transfer_4,1234,jpeg50,self,1,boston:171,boston:171,15.680000,36.1773
boston_query_-VHXaQ_dj_14O-Bcn3u7zA,isotropic,5678,jpeg50,self,2,boston:123,boston:171,15.679998,36.1773
boston_query_-VHXaQ_dj_14O-Bcn3u7zA,white_box,5678,jpeg50,self,1,boston:171,boston:171,15.680000,36.1773
boston_query_-VHXaQ_dj_14O-Bcn3u7zA,transfer_1,5678,jpeg50,self,1,boston:171,boston:171,15.679997,36.1773
boston_query_-VHXaQ_dj_14O-Bcn3u7zA,transfer_2,5678,jpeg50,self,1,boston:171,boston:171,15.680000,36.1773
boston_query_-VHXaQ_dj_14O-Bcn3u7zA,transfer_3,5678,jpeg50,self,2,boston:123,boston:171,15.679997,36.1773
boston_query_-VHXaQ_dj_14O-Bcn3u7zA,transfer_4,5678,jpeg50,self,1,boston:171,boston:171,15.680000,36.1773
boston_query_-VHXaQ_dj_14O-Bcn3u7zA,isotropic,9012,jpeg50,self,2,boston:123,boston:171,15.679998,36.1773
boston_query_-VHXaQ_dj_14O-Bcn3u7zA,white_box,9012,jpeg50,self,2,boston:123,boston:171,15.679998,36.1773
boston_query_-VHXaQ_dj_14O-Bcn3u7zA,transfer_1,9012,jpeg50,self,1,boston:171,boston:171,15.679997,36.1773
boston_query_-VHXaQ_dj_14O-Bcn3u7zA,transfer_2,9012,jpeg50,self,1,boston:171,boston:171,15.679997,36.1773
boston_query_-VHXaQ_dj_14O-Bcn3u7zA,transfer_3,9012,jpeg50,self,1,boston:171,boston:171,15.680000,36.1773
boston_query_-VHXaQ_dj_14O-Bcn3u7zA,transfer_4,9012,jpeg50,self,1,boston:171,boston:171,15.679998,36.1773
cph_query_-UO7OuMXuwPBrMEXSsFhNA,isotropic,1234,jpeg50,self,1,cph:429,cph:429,15.679997,36.1773
cph_query_-UO7OuMXuwPBrMEXSsFhNA,white_box,1234,jpeg50,self,2,amman:1,cph:429,15.679997,36.1773
cph_query_-UO7OuMXuwPBrMEXSsFhNA,transfer_1,1234,jpeg50,self,2,toronto:207,cph:429,15.680001,36.1773
cph_query_-UO7OuMXuwPBrMEXSsFhNA,transfer_2,1234,jpeg50,self,1,cph:429,cph:429,15.679998,36.1773
cph_query_-UO7OuMXuwPBrMEXSsFhNA,transfer_3,1234,jpeg50,self,1,cph:429,cph:429,15.679997,36.1773
cph_query_-UO7OuMXuwPBrMEXSsFhNA,transfer_4,1234,jpeg50,self,1,cph:429,cph:429,15.679997,36.1773
cph_query_-UO7OuMXuwPBrMEXSsFhNA,isotropic,5678,jpeg50,self,1,cph:429,cph:429,15.680000,36.1773
cph_query_-UO7OuMXuwPBrMEXSsFhNA,white_box,5678,jpeg50,self,4,toronto:207,cph:429,15.679997,36.1773
cph_query_-UO7OuMXuwPBrMEXSsFhNA,transfer_1,5678,jpeg50,self,2,toronto:207,cph:429,15.679997,36.1773
cph_query_-UO7OuMXuwPBrMEXSsFhNA,transfer_2,5678,jpeg50,self,1,cph:429,cph:429,15.680001,36.1773
cph_query_-UO7OuMXuwPBrMEXSsFhNA,transfer_3,5678,jpeg50,self,3,toronto:207,cph:429,15.680000,36.1773
cph_query_-UO7OuMXuwPBrMEXSsFhNA,transfer_4,5678,jpeg50,self,2,toronto:207,cph:429,15.679997,36.1773
cph_query_-UO7OuMXuwPBrMEXSsFhNA,isotropic,9012,jpeg50,self,1,cph:429,cph:429,15.680000,36.1773
cph_query_-UO7OuMXuwPBrMEXSsFhNA,white_box,9012,jpeg50,self,6,toronto:207,cph:429,15.679997,36.1773
cph_query_-UO7OuMXuwPBrMEXSsFhNA,transfer_1,9012,jpeg50,self,3,toronto:207,cph:429,15.679997,36.1773
cph_query_-UO7OuMXuwPBrMEXSsFhNA,transfer_2,9012,jpeg50,self,2,toronto:207,cph:429,15.680000,36.1773
cph_query_-UO7OuMXuwPBrMEXSsFhNA,transfer_3,9012,jpeg50,self,6,toronto:207,cph:429,15.680000,36.1773
cph_query_-UO7OuMXuwPBrMEXSsFhNA,transfer_4,9012,jpeg50,self,1,cph:429,cph:429,15.680000,36.1773
london_query_08wp6QepyximP9UuP-ijLg,isotropic,1234,jpeg50,self,1,london:78,london:78,15.679998,36.1773
london_query_08wp6QepyximP9UuP-ijLg,white_box,1234,jpeg50,self,1,london:78,london:78,15.680000,36.1773
london_query_08wp6QepyximP9UuP-ijLg,transfer_1,1234,jpeg50,self,1,london:78,london:78,15.679998,36.1773
london_query_08wp6QepyximP9UuP-ijLg,transfer_2,1234,jpeg50,self,1,london:78,london:78,15.679998,36.1773
london_query_08wp6QepyximP9UuP-ijLg,transfer_3,1234,jpeg50,self,1,london:78,london:78,15.679997,36.1773
london_query_08wp6QepyximP9UuP-ijLg,transfer_4,1234,jpeg50,self,1,london:78,london:78,15.680000,36.1773
london_query_08wp6QepyximP9UuP-ijLg,isotropic,5678,jpeg50,self,1,london:78,london:78,15.680002,36.1773
london_query_08wp6QepyximP9UuP-ijLg,white_box,5678,jpeg50,self,1,london:78,london:78,15.680000,36.1773
london_query_08wp6QepyximP9UuP-ijLg,transfer_1,5678,jpeg50,self,1,london:78,london:78,15.679997,36.1773
london_query_08wp6QepyximP9UuP-ijLg,transfer_2,5678,jpeg50,self,1,london:78,london:78,15.680000,36.1773
london_query_08wp6QepyximP9UuP-ijLg,transfer_3,5678,jpeg50,self,1,london:78,london:78,15.679997,36.1773
london_query_08wp6QepyximP9UuP-ijLg,transfer_4,5678,jpeg50,self,1,london:78,london:78,15.679997,36.1773
london_query_08wp6QepyximP9UuP-ijLg,isotropic,9012,jpeg50,self,1,london:78,london:78,15.679997,36.1773
london_query_08wp6QepyximP9UuP-ijLg,white_box,9012,jpeg50,self,1,london:78,london:78,15.680000,36.1773
london_query_08wp6QepyximP9UuP-ijLg,transfer_1,9012,jpeg50,self,1,london:78,london:78,15.680000,36.1773
london_query_08wp6QepyximP9UuP-ijLg,transfer_2,9012,jpeg50,self,1,london:78,london:78,15.680000,36.1773
london_query_08wp6QepyximP9UuP-ijLg,transfer_3,9012,jpeg50,self,1,london:78,london:78,15.680000,36.1773
london_query_08wp6QepyximP9UuP-ijLg,transfer_4,9012,jpeg50,self,1,london:78,london:78,15.679997,36.1773
manila_query_-Z3CXTi1QhF_Ste8t8vrJA,isotropic,1234,jpeg50,self,1,manila:16,manila:16,15.680002,36.1773
manila_query_-Z3CXTi1QhF_Ste8t8vrJA,white_box,1234,jpeg50,self,3,manila:53,manila:16,15.679997,36.1773
manila_query_-Z3CXTi1QhF_Ste8t8vrJA,transfer_1,1234,jpeg50,self,1,manila:16,manila:16,15.680000,36.1773
manila_query_-Z3CXTi1QhF_Ste8t8vrJA,transfer_2,1234,jpeg50,self,1,manila:16,manila:16,15.679997,36.1773
manila_query_-Z3CXTi1QhF_Ste8t8vrJA,transfer_3,1234,jpeg50,self,1,manila:16,manila:16,15.680000,36.1773
manila_query_-Z3CXTi1QhF_Ste8t8vrJA,transfer_4,1234,jpeg50,self,1,manila:16,manila:16,15.680001,36.1773
manila_query_-Z3CXTi1QhF_Ste8t8vrJA,isotropic,5678,jpeg50,self,1,manila:16,manila:16,15.679997,36.1773
manila_query_-Z3CXTi1QhF_Ste8t8vrJA,white_box,5678,jpeg50,self,1,manila:16,manila:16,15.680000,36.1773
manila_query_-Z3CXTi1QhF_Ste8t8vrJA,transfer_1,5678,jpeg50,self,1,manila:16,manila:16,15.679997,36.1773
manila_query_-Z3CXTi1QhF_Ste8t8vrJA,transfer_2,5678,jpeg50,self,1,manila:16,manila:16,15.680000,36.1773
manila_query_-Z3CXTi1QhF_Ste8t8vrJA,transfer_3,5678,jpeg50,self,1,manila:16,manila:16,15.680001,36.1773
manila_query_-Z3CXTi1QhF_Ste8t8vrJA,transfer_4,5678,jpeg50,self,1,manila:16,manila:16,15.679997,36.1773
manila_query_-Z3CXTi1QhF_Ste8t8vrJA,isotropic,9012,jpeg50,self,1,manila:16,manila:16,15.679998,36.1773
manila_query_-Z3CXTi1QhF_Ste8t8vrJA,white_box,9012,jpeg50,self,1,manila:16,manila:16,15.679997,36.1773
manila_query_-Z3CXTi1QhF_Ste8t8vrJA,transfer_1,9012,jpeg50,self,2,manila:53,manila:16,15.680000,36.1773
manila_query_-Z3CXTi1QhF_Ste8t8vrJA,transfer_2,9012,jpeg50,self,1,manila:16,manila:16,15.680000,36.1773
manila_query_-Z3CXTi1QhF_Ste8t8vrJA,transfer_3,9012,jpeg50,self,1,manila:16,manila:16,15.680000,36.1773
manila_query_-Z3CXTi1QhF_Ste8t8vrJA,transfer_4,9012,jpeg50,self,1,manila:16,manila:16,15.679998,36.1773
nairobi_query_3vVoHZDD0-kVhbBxDTYEjw,isotropic,1234,jpeg50,self,1,nairobi:10,nairobi:10,15.679998,36.1773
nairobi_query_3vVoHZDD0-kVhbBxDTYEjw,white_box,1234,jpeg50,self,1,nairobi:10,nairobi:10,15.680000,36.1773
nairobi_query_3vVoHZDD0-kVhbBxDTYEjw,transfer_1,1234,jpeg50,self,1,nairobi:10,nairobi:10,15.680001,36.1773
nairobi_query_3vVoHZDD0-kVhbBxDTYEjw,transfer_2,1234,jpeg50,self,1,nairobi:10,nairobi:10,15.679997,36.1773
nairobi_query_3vVoHZDD0-kVhbBxDTYEjw,transfer_3,1234,jpeg50,self,1,nairobi:10,nairobi:10,15.680000,36.1773
nairobi_query_3vVoHZDD0-kVhbBxDTYEjw,transfer_4,1234,jpeg50,self,1,nairobi:10,nairobi:10,15.679997,36.1773
nairobi_query_3vVoHZDD0-kVhbBxDTYEjw,isotropic,5678,jpeg50,self,1,nairobi:10,nairobi:10,15.679997,36.1773
nairobi_query_3vVoHZDD0-kVhbBxDTYEjw,white_box,5678,jpeg50,self,1,nairobi:10,nairobi:10,15.679997,36.1773
nairobi_query_3vVoHZDD0-kVhbBxDTYEjw,transfer_1,5678,jpeg50,self,1,nairobi:10,nairobi:10,15.679997,36.1773
nairobi_query_3vVoHZDD0-kVhbBxDTYEjw,transfer_2,5678,jpeg50,self,1,nairobi:10,nairobi:10,15.680000,36.1773
nairobi_query_3vVoHZDD0-kVhbBxDTYEjw,transfer_3,5678,jpeg50,self,1,nairobi:10,nairobi:10,15.679997,36.1773
nairobi_query_3vVoHZDD0-kVhbBxDTYEjw,transfer_4,5678,jpeg50,self,1,nairobi:10,nairobi:10,15.680000,36.1773
nairobi_query_3vVoHZDD0-kVhbBxDTYEjw,isotropic,9012,jpeg50,self,1,nairobi:10,nairobi:10,15.679996,36.1773
nairobi_query_3vVoHZDD0-kVhbBxDTYEjw,white_box,9012,jpeg50,self,2,zurich:25,nairobi:10,15.680000,36.1773
nairobi_query_3vVoHZDD0-kVhbBxDTYEjw,transfer_1,9012,jpeg50,self,1,nairobi:10,nairobi:10,15.680001,36.1773
nairobi_query_3vVoHZDD0-kVhbBxDTYEjw,transfer_2,9012,jpeg50,self,1,nairobi:10,nairobi:10,15.680000,36.1773
nairobi_query_3vVoHZDD0-kVhbBxDTYEjw,transfer_3,9012,jpeg50,self,1,nairobi:10,nairobi:10,15.680000,36.1773
nairobi_query_3vVoHZDD0-kVhbBxDTYEjw,transfer_4,9012,jpeg50,self,1,nairobi:10,nairobi:10,15.680000,36.1773
toronto_query_-LZN7DIyP80uvFh2O8KVXw,isotropic,1234,jpeg50,self,1,toronto:366,toronto:366,15.680000,36.1773
toronto_query_-LZN7DIyP80uvFh2O8KVXw,white_box,1234,jpeg50,self,1,toronto:366,toronto:366,15.679997,36.1773
toronto_query_-LZN7DIyP80uvFh2O8KVXw,transfer_1,1234,jpeg50,self,1,toronto:366,toronto:366,15.680001,36.1773
toronto_query_-LZN7DIyP80uvFh2O8KVXw,transfer_2,1234,jpeg50,self,1,toronto:366,toronto:366,15.679997,36.1773
toronto_query_-LZN7DIyP80uvFh2O8KVXw,transfer_3,1234,jpeg50,self,1,toronto:366,toronto:366,15.679997,36.1773
toronto_query_-LZN7DIyP80uvFh2O8KVXw,transfer_4,1234,jpeg50,self,1,toronto:366,toronto:366,15.679997,36.1773
toronto_query_-LZN7DIyP80uvFh2O8KVXw,isotropic,5678,jpeg50,self,1,toronto:366,toronto:366,15.680000,36.1773
toronto_query_-LZN7DIyP80uvFh2O8KVXw,white_box,5678,jpeg50,self,1,toronto:366,toronto:366,15.680000,36.1773
toronto_query_-LZN7DIyP80uvFh2O8KVXw,transfer_1,5678,jpeg50,self,1,toronto:366,toronto:366,15.679998,36.1773
toronto_query_-LZN7DIyP80uvFh2O8KVXw,transfer_2,5678,jpeg50,self,1,toronto:366,toronto:366,15.679997,36.1773
toronto_query_-LZN7DIyP80uvFh2O8KVXw,transfer_3,5678,jpeg50,self,1,toronto:366,toronto:366,15.680001,36.1773
toronto_query_-LZN7DIyP80uvFh2O8KVXw,transfer_4,5678,jpeg50,self,1,toronto:366,toronto:366,15.679997,36.1773
toronto_query_-LZN7DIyP80uvFh2O8KVXw,isotropic,9012,jpeg50,self,1,toronto:366,toronto:366,15.680000,36.1773
toronto_query_-LZN7DIyP80uvFh2O8KVXw,white_box,9012,jpeg50,self,1,toronto:366,toronto:366,15.679997,36.1773
toronto_query_-LZN7DIyP80uvFh2O8KVXw,transfer_1,9012,jpeg50,self,1,toronto:366,toronto:366,15.680001,36.1773
toronto_query_-LZN7DIyP80uvFh2O8KVXw,transfer_2,9012,jpeg50,self,1,toronto:366,toronto:366,15.680000,36.1773
toronto_query_-LZN7DIyP80uvFh2O8KVXw,transfer_3,9012,jpeg50,self,1,toronto:366,toronto:366,15.679997,36.1773
toronto_query_-LZN7DIyP80uvFh2O8KVXw,transfer_4,9012,jpeg50,self,1,toronto:366,toronto:366,15.679997,36.1773
zurich_query_0g61-9tYhD3Y5qh7eiB92g,isotropic,1234,jpeg50,self,1,zurich:22,zurich:22,15.680000,36.1773
zurich_query_0g61-9tYhD3Y5qh7eiB92g,white_box,1234,jpeg50,self,1,zurich:22,zurich:22,15.680000,36.1773
zurich_query_0g61-9tYhD3Y5qh7eiB92g,transfer_1,1234,jpeg50,self,1,zurich:22,zurich:22,15.679998,36.1773
zurich_query_0g61-9tYhD3Y5qh7eiB92g,transfer_2,1234,jpeg50,self,1,zurich:22,zurich:22,15.680000,36.1773
zurich_query_0g61-9tYhD3Y5qh7eiB92g,transfer_3,1234,jpeg50,self,1,zurich:22,zurich:22,15.679997,36.1773
zurich_query_0g61-9tYhD3Y5qh7eiB92g,transfer_4,1234,jpeg50,self,1,zurich:22,zurich:22,15.680000,36.1773
zurich_query_0g61-9tYhD3Y5qh7eiB92g,isotropic,5678,jpeg50,self,1,zurich:22,zurich:22,15.680000,36.1773
zurich_query_0g61-9tYhD3Y5qh7eiB92g,white_box,5678,jpeg50,self,1,zurich:22,zurich:22,15.680002,36.1773
zurich_query_0g61-9tYhD3Y5qh7eiB92g,transfer_1,5678,jpeg50,self,1,zurich:22,zurich:22,15.679997,36.1773
zurich_query_0g61-9tYhD3Y5qh7eiB92g,transfer_2,5678,jpeg50,self,1,zurich:22,zurich:22,15.679997,36.1773
zurich_query_0g61-9tYhD3Y5qh7eiB92g,transfer_3,5678,jpeg50,self,1,zurich:22,zurich:22,15.680000,36.1773
zurich_query_0g61-9tYhD3Y5qh7eiB92g,transfer_4,5678,jpeg50,self,1,zurich:22,zurich:22,15.679997,36.1773
zurich_query_0g61-9tYhD3Y5qh7eiB92g,isotropic,9012,jpeg50,self,1,zurich:22,zurich:22,15.679997,36.1773
zurich_query_0g61-9tYhD3Y5qh7eiB92g,white_box,9012,jpeg50,self,1,zurich:22,zurich:22,15.680000,36.1773
zurich_query_0g61-9tYhD3Y5qh7eiB92g,transfer_1,9012,jpeg50,self,1,zurich:22,zurich:22,15.680000,36.1773
zurich_query_0g61-9tYhD3Y5qh7eiB92g,transfer_2,9012,jpeg50,self,1,zurich:22,zurich:22,15.680000,36.1773
zurich_query_0g61-9tYhD3Y5qh7eiB92g,transfer_3,9012,jpeg50,self,1,zurich:22,zurich:22,15.679997,36.1773
zurich_query_0g61-9tYhD3Y5qh7eiB92g,transfer_4,9012,jpeg50,self,1,zurich:22,zurich:22,15.679997,36.1773
amman_query_2amxr5vdbo4jgViAEELT_Q,isotropic,1234,jpeg50,self,255,zurich:25,amman:37,15.679998,36.1773
amman_query_2amxr5vdbo4jgViAEELT_Q,white_box,1234,jpeg50,self,969,zurich:25,amman:37,15.680000,36.1773
amman_query_2amxr5vdbo4jgViAEELT_Q,transfer_1,1234,jpeg50,self,568,amman:1,amman:37,15.680000,36.1773
amman_query_2amxr5vdbo4jgViAEELT_Q,transfer_2,1234,jpeg50,self,439,zurich:25,amman:37,15.679997,36.1773
amman_query_2amxr5vdbo4jgViAEELT_Q,transfer_3,1234,jpeg50,self,234,zurich:25,amman:37,15.680000,36.1773
amman_query_2amxr5vdbo4jgViAEELT_Q,transfer_4,1234,jpeg50,self,481,amman:1,amman:37,15.679997,36.1773
amman_query_2amxr5vdbo4jgViAEELT_Q,isotropic,5678,jpeg50,self,398,amman:1,amman:37,15.680000,36.1773
amman_query_2amxr5vdbo4jgViAEELT_Q,white_box,5678,jpeg50,self,1006,amman:1,amman:37,15.679998,36.1773
amman_query_2amxr5vdbo4jgViAEELT_Q,transfer_1,5678,jpeg50,self,833,zurich:25,amman:37,15.679997,36.1773
amman_query_2amxr5vdbo4jgViAEELT_Q,transfer_2,5678,jpeg50,self,412,amman:1,amman:37,15.679996,36.1773
amman_query_2amxr5vdbo4jgViAEELT_Q,transfer_3,5678,jpeg50,self,497,zurich:25,amman:37,15.680000,36.1773
amman_query_2amxr5vdbo4jgViAEELT_Q,transfer_4,5678,jpeg50,self,565,zurich:25,amman:37,15.679998,36.1773
amman_query_2amxr5vdbo4jgViAEELT_Q,isotropic,9012,jpeg50,self,397,amman:1,amman:37,15.679998,36.1773
amman_query_2amxr5vdbo4jgViAEELT_Q,white_box,9012,jpeg50,self,325,zurich:25,amman:37,15.680000,36.1773
amman_query_2amxr5vdbo4jgViAEELT_Q,transfer_1,9012,jpeg50,self,478,amman:1,amman:37,15.679997,36.1773
amman_query_2amxr5vdbo4jgViAEELT_Q,transfer_2,9012,jpeg50,self,428,amman:1,amman:37,15.680000,36.1773
amman_query_2amxr5vdbo4jgViAEELT_Q,transfer_3,9012,jpeg50,self,200,zurich:25,amman:37,15.680000,36.1773
amman_query_2amxr5vdbo4jgViAEELT_Q,transfer_4,9012,jpeg50,self,636,zurich:25,amman:37,15.680000,36.1773
boston_query_-WNRbaGc8Yukh-LWnRNe5O,isotropic,1234,jpeg50,self,1,boston:99,boston:99,15.679998,36.1773
boston_query_-WNRbaGc8Yukh-LWnRNe5O,white_box,1234,jpeg50,self,1,boston:99,boston:99,15.680000,36.1773
boston_query_-WNRbaGc8Yukh-LWnRNe5O,transfer_1,1234,jpeg50,self,1,boston:99,boston:99,15.679997,36.1773
boston_query_-WNRbaGc8Yukh-LWnRNe5O,transfer_2,1234,jpeg50,self,1,boston:99,boston:99,15.680000,36.1773
boston_query_-WNRbaGc8Yukh-LWnRNe5O,transfer_3,1234,jpeg50,self,1,boston:99,boston:99,15.680000,36.1773
boston_query_-WNRbaGc8Yukh-LWnRNe5O,transfer_4,1234,jpeg50,self,1,boston:99,boston:99,15.679997,36.1773
boston_query_-WNRbaGc8Yukh-LWnRNe5O,isotropic,5678,jpeg50,self,1,boston:99,boston:99,15.679996,36.1773
boston_query_-WNRbaGc8Yukh-LWnRNe5O,white_box,5678,jpeg50,self,1,boston:99,boston:99,15.680000,36.1773
boston_query_-WNRbaGc8Yukh-LWnRNe5O,transfer_1,5678,jpeg50,self,1,boston:99,boston:99,15.680000,36.1773
boston_query_-WNRbaGc8Yukh-LWnRNe5O,transfer_2,5678,jpeg50,self,1,boston:99,boston:99,15.680000,36.1773
boston_query_-WNRbaGc8Yukh-LWnRNe5O,transfer_3,5678,jpeg50,self,1,boston:99,boston:99,15.679996,36.1773
boston_query_-WNRbaGc8Yukh-LWnRNe5O,transfer_4,5678,jpeg50,self,1,boston:99,boston:99,15.680001,36.1773
boston_query_-WNRbaGc8Yukh-LWnRNe5O,isotropic,9012,jpeg50,self,1,boston:99,boston:99,15.680000,36.1773
boston_query_-WNRbaGc8Yukh-LWnRNe5O,white_box,9012,jpeg50,self,1,boston:99,boston:99,15.680000,36.1773
boston_query_-WNRbaGc8Yukh-LWnRNe5O,transfer_1,9012,jpeg50,self,1,boston:99,boston:99,15.680001,36.1773
boston_query_-WNRbaGc8Yukh-LWnRNe5O,transfer_2,9012,jpeg50,self,1,boston:99,boston:99,15.680001,36.1773
boston_query_-WNRbaGc8Yukh-LWnRNe5O,transfer_3,9012,jpeg50,self,1,boston:99,boston:99,15.679997,36.1773
boston_query_-WNRbaGc8Yukh-LWnRNe5O,transfer_4,9012,jpeg50,self,1,boston:99,boston:99,15.679997,36.1773
cph_query_-V4aUy1yd0AbFfY-xX0BAg,isotropic,1234,jpeg50,self,1,cph:500,cph:500,15.680000,36.1773
cph_query_-V4aUy1yd0AbFfY-xX0BAg,white_box,1234,jpeg50,self,1,cph:500,cph:500,15.679998,36.1773
cph_query_-V4aUy1yd0AbFfY-xX0BAg,transfer_1,1234,jpeg50,self,1,cph:500,cph:500,15.680002,36.1773
cph_query_-V4aUy1yd0AbFfY-xX0BAg,transfer_2,1234,jpeg50,self,1,cph:500,cph:500,15.680001,36.1773
cph_query_-V4aUy1yd0AbFfY-xX0BAg,transfer_3,1234,jpeg50,self,1,cph:500,cph:500,15.680000,36.1773
cph_query_-V4aUy1yd0AbFfY-xX0BAg,transfer_4,1234,jpeg50,self,1,cph:500,cph:500,15.680000,36.1773
cph_query_-V4aUy1yd0AbFfY-xX0BAg,isotropic,5678,jpeg50,self,1,cph:500,cph:500,15.679998,36.1773
cph_query_-V4aUy1yd0AbFfY-xX0BAg,white_box,5678,jpeg50,self,1,cph:500,cph:500,15.680000,36.1773
cph_query_-V4aUy1yd0AbFfY-xX0BAg,transfer_1,5678,jpeg50,self,1,cph:500,cph:500,15.679997,36.1773
cph_query_-V4aUy1yd0AbFfY-xX0BAg,transfer_2,5678,jpeg50,self,1,cph:500,cph:500,15.679998,36.1773
cph_query_-V4aUy1yd0AbFfY-xX0BAg,transfer_3,5678,jpeg50,self,1,cph:500,cph:500,15.679998,36.1773
cph_query_-V4aUy1yd0AbFfY-xX0BAg,transfer_4,5678,jpeg50,self,1,cph:500,cph:500,15.679998,36.1773
cph_query_-V4aUy1yd0AbFfY-xX0BAg,isotropic,9012,jpeg50,self,1,cph:500,cph:500,15.680000,36.1773
cph_query_-V4aUy1yd0AbFfY-xX0BAg,white_box,9012,jpeg50,self,1,cph:500,cph:500,15.680001,36.1773
cph_query_-V4aUy1yd0AbFfY-xX0BAg,transfer_1,9012,jpeg50,self,1,cph:500,cph:500,15.680000,36.1773
cph_query_-V4aUy1yd0AbFfY-xX0BAg,transfer_2,9012,jpeg50,self,1,cph:500,cph:500,15.679997,36.1773
cph_query_-V4aUy1yd0AbFfY-xX0BAg,transfer_3,9012,jpeg50,self,1,cph:500,cph:500,15.679996,36.1773
cph_query_-V4aUy1yd0AbFfY-xX0BAg,transfer_4,9012,jpeg50,self,1,cph:500,cph:500,15.679998,36.1773
london_query_09P-tDZlSTWY4XNCcRZ_-g,isotropic,1234,jpeg50,self,1,london:129,london:129,15.680001,36.1773
london_query_09P-tDZlSTWY4XNCcRZ_-g,white_box,1234,jpeg50,self,1,london:129,london:129,15.680001,36.1773
london_query_09P-tDZlSTWY4XNCcRZ_-g,transfer_1,1234,jpeg50,self,1,london:129,london:129,15.680000,36.1773
london_query_09P-tDZlSTWY4XNCcRZ_-g,transfer_2,1234,jpeg50,self,1,london:129,london:129,15.679997,36.1773
london_query_09P-tDZlSTWY4XNCcRZ_-g,transfer_3,1234,jpeg50,self,1,london:129,london:129,15.679997,36.1773
london_query_09P-tDZlSTWY4XNCcRZ_-g,transfer_4,1234,jpeg50,self,1,london:129,london:129,15.680000,36.1773
london_query_09P-tDZlSTWY4XNCcRZ_-g,isotropic,5678,jpeg50,self,1,london:129,london:129,15.680000,36.1773
london_query_09P-tDZlSTWY4XNCcRZ_-g,white_box,5678,jpeg50,self,1,london:129,london:129,15.679998,36.1773
london_query_09P-tDZlSTWY4XNCcRZ_-g,transfer_1,5678,jpeg50,self,1,london:129,london:129,15.679997,36.1773
london_query_09P-tDZlSTWY4XNCcRZ_-g,transfer_2,5678,jpeg50,self,1,london:129,london:129,15.680000,36.1773
london_query_09P-tDZlSTWY4XNCcRZ_-g,transfer_3,5678,jpeg50,self,1,london:129,london:129,15.680000,36.1773
london_query_09P-tDZlSTWY4XNCcRZ_-g,transfer_4,5678,jpeg50,self,1,london:129,london:129,15.680000,36.1773
london_query_09P-tDZlSTWY4XNCcRZ_-g,isotropic,9012,jpeg50,self,1,london:129,london:129,15.680002,36.1773
london_query_09P-tDZlSTWY4XNCcRZ_-g,white_box,9012,jpeg50,self,1,london:129,london:129,15.679997,36.1773
london_query_09P-tDZlSTWY4XNCcRZ_-g,transfer_1,9012,jpeg50,self,1,london:129,london:129,15.680000,36.1773
london_query_09P-tDZlSTWY4XNCcRZ_-g,transfer_2,9012,jpeg50,self,1,london:129,london:129,15.680000,36.1773
london_query_09P-tDZlSTWY4XNCcRZ_-g,transfer_3,9012,jpeg50,self,1,london:129,london:129,15.680000,36.1773
london_query_09P-tDZlSTWY4XNCcRZ_-g,transfer_4,9012,jpeg50,self,1,london:129,london:129,15.679998,36.1773
manila_query_-ZbYcdqL0C0ximLGFEriNA,isotropic,1234,jpeg50,self,1,manila:51,manila:51,15.679998,36.1773
manila_query_-ZbYcdqL0C0ximLGFEriNA,white_box,1234,jpeg50,self,1,manila:51,manila:51,15.679998,36.1773
manila_query_-ZbYcdqL0C0ximLGFEriNA,transfer_1,1234,jpeg50,self,1,manila:51,manila:51,15.680000,36.1773
manila_query_-ZbYcdqL0C0ximLGFEriNA,transfer_2,1234,jpeg50,self,1,manila:51,manila:51,15.680000,36.1773
manila_query_-ZbYcdqL0C0ximLGFEriNA,transfer_3,1234,jpeg50,self,1,manila:51,manila:51,15.679998,36.1773
manila_query_-ZbYcdqL0C0ximLGFEriNA,transfer_4,1234,jpeg50,self,1,manila:51,manila:51,15.680000,36.1773
manila_query_-ZbYcdqL0C0ximLGFEriNA,isotropic,5678,jpeg50,self,1,manila:51,manila:51,15.680000,36.1773
manila_query_-ZbYcdqL0C0ximLGFEriNA,white_box,5678,jpeg50,self,1,manila:51,manila:51,15.679997,36.1773
manila_query_-ZbYcdqL0C0ximLGFEriNA,transfer_1,5678,jpeg50,self,1,manila:51,manila:51,15.680000,36.1773
manila_query_-ZbYcdqL0C0ximLGFEriNA,transfer_2,5678,jpeg50,self,1,manila:51,manila:51,15.679996,36.1773
manila_query_-ZbYcdqL0C0ximLGFEriNA,transfer_3,5678,jpeg50,self,1,manila:51,manila:51,15.680000,36.1773
manila_query_-ZbYcdqL0C0ximLGFEriNA,transfer_4,5678,jpeg50,self,1,manila:51,manila:51,15.679998,36.1773
manila_query_-ZbYcdqL0C0ximLGFEriNA,isotropic,9012,jpeg50,self,1,manila:51,manila:51,15.679998,36.1773
manila_query_-ZbYcdqL0C0ximLGFEriNA,white_box,9012,jpeg50,self,1,manila:51,manila:51,15.679998,36.1773
manila_query_-ZbYcdqL0C0ximLGFEriNA,transfer_1,9012,jpeg50,self,1,manila:51,manila:51,15.680001,36.1773
manila_query_-ZbYcdqL0C0ximLGFEriNA,transfer_2,9012,jpeg50,self,1,manila:51,manila:51,15.679997,36.1773
manila_query_-ZbYcdqL0C0ximLGFEriNA,transfer_3,9012,jpeg50,self,1,manila:51,manila:51,15.679996,36.1773
manila_query_-ZbYcdqL0C0ximLGFEriNA,transfer_4,9012,jpeg50,self,1,manila:51,manila:51,15.679997,36.1773
nairobi_query_3zSInmaUjlNkUR45dqrSLg,isotropic,1234,jpeg50,self,1,nairobi:10,nairobi:10,15.680001,36.1773
nairobi_query_3zSInmaUjlNkUR45dqrSLg,white_box,1234,jpeg50,self,1,nairobi:10,nairobi:10,15.679997,36.1773
nairobi_query_3zSInmaUjlNkUR45dqrSLg,transfer_1,1234,jpeg50,self,1,nairobi:10,nairobi:10,15.680000,36.1773
nairobi_query_3zSInmaUjlNkUR45dqrSLg,transfer_2,1234,jpeg50,self,1,nairobi:10,nairobi:10,15.679998,36.1773
nairobi_query_3zSInmaUjlNkUR45dqrSLg,transfer_3,1234,jpeg50,self,1,nairobi:10,nairobi:10,15.680001,36.1773
nairobi_query_3zSInmaUjlNkUR45dqrSLg,transfer_4,1234,jpeg50,self,1,nairobi:10,nairobi:10,15.679997,36.1773
nairobi_query_3zSInmaUjlNkUR45dqrSLg,isotropic,5678,jpeg50,self,1,nairobi:10,nairobi:10,15.679997,36.1773
nairobi_query_3zSInmaUjlNkUR45dqrSLg,white_box,5678,jpeg50,self,1,nairobi:10,nairobi:10,15.680000,36.1773
nairobi_query_3zSInmaUjlNkUR45dqrSLg,transfer_1,5678,jpeg50,self,1,nairobi:10,nairobi:10,15.680000,36.1773
nairobi_query_3zSInmaUjlNkUR45dqrSLg,transfer_2,5678,jpeg50,self,1,nairobi:10,nairobi:10,15.679997,36.1773
nairobi_query_3zSInmaUjlNkUR45dqrSLg,transfer_3,5678,jpeg50,self,1,nairobi:10,nairobi:10,15.680000,36.1773
nairobi_query_3zSInmaUjlNkUR45dqrSLg,transfer_4,5678,jpeg50,self,1,nairobi:10,nairobi:10,15.680000,36.1773
nairobi_query_3zSInmaUjlNkUR45dqrSLg,isotropic,9012,jpeg50,self,1,nairobi:10,nairobi:10,15.679996,36.1773
nairobi_query_3zSInmaUjlNkUR45dqrSLg,white_box,9012,jpeg50,self,1,nairobi:10,nairobi:10,15.679998,36.1773
nairobi_query_3zSInmaUjlNkUR45dqrSLg,transfer_1,9012,jpeg50,self,1,nairobi:10,nairobi:10,15.679998,36.1773
nairobi_query_3zSInmaUjlNkUR45dqrSLg,transfer_2,9012,jpeg50,self,1,nairobi:10,nairobi:10,15.680000,36.1773
nairobi_query_3zSInmaUjlNkUR45dqrSLg,transfer_3,9012,jpeg50,self,1,nairobi:10,nairobi:10,15.680000,36.1773
nairobi_query_3zSInmaUjlNkUR45dqrSLg,transfer_4,9012,jpeg50,self,1,nairobi:10,nairobi:10,15.679998,36.1773
toronto_query_-M3eMqHp0OhecS-hoh58aQ,isotropic,1234,jpeg50,self,8,toronto:351,toronto:354,15.679998,36.1773
toronto_query_-M3eMqHp0OhecS-hoh58aQ,white_box,1234,jpeg50,self,11,toronto:351,toronto:354,15.680000,36.1773
toronto_query_-M3eMqHp0OhecS-hoh58aQ,transfer_1,1234,jpeg50,self,18,toronto:351,toronto:354,15.679997,36.1773
toronto_query_-M3eMqHp0OhecS-hoh58aQ,transfer_2,1234,jpeg50,self,48,amman:11,toronto:354,15.680000,36.1773
toronto_query_-M3eMqHp0OhecS-hoh58aQ,transfer_3,1234,jpeg50,self,17,amman:11,toronto:354,15.679997,36.1773
toronto_query_-M3eMqHp0OhecS-hoh58aQ,transfer_4,1234,jpeg50,self,23,toronto:351,toronto:354,15.680001,36.1773
toronto_query_-M3eMqHp0OhecS-hoh58aQ,isotropic,5678,jpeg50,self,7,toronto:351,toronto:354,15.679998,36.1773
toronto_query_-M3eMqHp0OhecS-hoh58aQ,white_box,5678,jpeg50,self,14,cph:332,toronto:354,15.679998,36.1773
toronto_query_-M3eMqHp0OhecS-hoh58aQ,transfer_1,5678,jpeg50,self,7,manila:116,toronto:354,15.680000,36.1773
toronto_query_-M3eMqHp0OhecS-hoh58aQ,transfer_2,5678,jpeg50,self,9,toronto:34,toronto:354,15.680001,36.1773
toronto_query_-M3eMqHp0OhecS-hoh58aQ,transfer_3,5678,jpeg50,self,14,toronto:34,toronto:354,15.680000,36.1773
toronto_query_-M3eMqHp0OhecS-hoh58aQ,transfer_4,5678,jpeg50,self,22,manila:116,toronto:354,15.680001,36.1773
toronto_query_-M3eMqHp0OhecS-hoh58aQ,isotropic,9012,jpeg50,self,5,toronto:351,toronto:354,15.680000,36.1773
toronto_query_-M3eMqHp0OhecS-hoh58aQ,white_box,9012,jpeg50,self,6,cph:332,toronto:354,15.680001,36.1773
toronto_query_-M3eMqHp0OhecS-hoh58aQ,transfer_1,9012,jpeg50,self,23,toronto:34,toronto:354,15.680001,36.1773
toronto_query_-M3eMqHp0OhecS-hoh58aQ,transfer_2,9012,jpeg50,self,21,amman:11,toronto:354,15.679998,36.1773
toronto_query_-M3eMqHp0OhecS-hoh58aQ,transfer_3,9012,jpeg50,self,54,amman:11,toronto:354,15.680000,36.1773
toronto_query_-M3eMqHp0OhecS-hoh58aQ,transfer_4,9012,jpeg50,self,12,amman:11,toronto:354,15.679998,36.1773
zurich_query_0gHh8OHgmM804LVr0Ocrag,isotropic,1234,jpeg50,self,1,zurich:35,zurich:35,15.679997,36.1773
zurich_query_0gHh8OHgmM804LVr0Ocrag,white_box,1234,jpeg50,self,1,zurich:35,zurich:35,15.679997,36.1773
zurich_query_0gHh8OHgmM804LVr0Ocrag,transfer_1,1234,jpeg50,self,1,zurich:35,zurich:35,15.679997,36.1773
zurich_query_0gHh8OHgmM804LVr0Ocrag,transfer_2,1234,jpeg50,self,1,zurich:35,zurich:35,15.679997,36.1773
zurich_query_0gHh8OHgmM804LVr0Ocrag,transfer_3,1234,jpeg50,self,1,zurich:35,zurich:35,15.680001,36.1773
zurich_query_0gHh8OHgmM804LVr0Ocrag,transfer_4,1234,jpeg50,self,1,zurich:35,zurich:35,15.680000,36.1773
zurich_query_0gHh8OHgmM804LVr0Ocrag,isotropic,5678,jpeg50,self,1,zurich:35,zurich:35,15.680000,36.1773
zurich_query_0gHh8OHgmM804LVr0Ocrag,white_box,5678,jpeg50,self,1,zurich:35,zurich:35,15.680000,36.1773
zurich_query_0gHh8OHgmM804LVr0Ocrag,transfer_1,5678,jpeg50,self,1,zurich:35,zurich:35,15.679997,36.1773
zurich_query_0gHh8OHgmM804LVr0Ocrag,transfer_2,5678,jpeg50,self,1,zurich:35,zurich:35,15.679997,36.1773
zurich_query_0gHh8OHgmM804LVr0Ocrag,transfer_3,5678,jpeg50,self,1,zurich:35,zurich:35,15.680001,36.1773
zurich_query_0gHh8OHgmM804LVr0Ocrag,transfer_4,5678,jpeg50,self,1,zurich:35,zurich:35,15.679998,36.1773
zurich_query_0gHh8OHgmM804LVr0Ocrag,isotropic,9012,jpeg50,self,1,zurich:35,zurich:35,15.680000,36.1773
zurich_query_0gHh8OHgmM804LVr0Ocrag,white_box,9012,jpeg50,self,1,zurich:35,zurich:35,15.680000,36.1773
zurich_query_0gHh8OHgmM804LVr0Ocrag,transfer_1,9012,jpeg50,self,1,zurich:35,zurich:35,15.679996,36.1773
zurich_query_0gHh8OHgmM804LVr0Ocrag,transfer_2,9012,jpeg50,self,1,zurich:35,zurich:35,15.680000,36.1773
zurich_query_0gHh8OHgmM804LVr0Ocrag,transfer_3,9012,jpeg50,self,1,zurich:35,zurich:35,15.680000,36.1773
zurich_query_0gHh8OHgmM804LVr0Ocrag,transfer_4,9012,jpeg50,self,1,zurich:35,zurich:35,15.679997,36.1773
amman_query_2ar5B6f1xOYuU4wn7CLEJg,isotropic,1234,jpeg50,self,12,manila:6,amman:18,15.680000,36.1773
amman_query_2ar5B6f1xOYuU4wn7CLEJg,white_box,1234,jpeg50,self,37,manila:6,amman:18,15.680000,36.1773
amman_query_2ar5B6f1xOYuU4wn7CLEJg,transfer_1,1234,jpeg50,self,10,manila:6,amman:18,15.679998,36.1773
amman_query_2ar5B6f1xOYuU4wn7CLEJg,transfer_2,1234,jpeg50,self,4,manila:6,amman:18,15.679998,36.1773
amman_query_2ar5B6f1xOYuU4wn7CLEJg,transfer_3,1234,jpeg50,self,10,manila:6,amman:18,15.679997,36.1773
amman_query_2ar5B6f1xOYuU4wn7CLEJg,transfer_4,1234,jpeg50,self,8,manila:6,amman:18,15.680000,36.1773
amman_query_2ar5B6f1xOYuU4wn7CLEJg,isotropic,5678,jpeg50,self,9,manila:6,amman:18,15.679997,36.1773
amman_query_2ar5B6f1xOYuU4wn7CLEJg,white_box,5678,jpeg50,self,6,amman:23,amman:18,15.679998,36.1773
amman_query_2ar5B6f1xOYuU4wn7CLEJg,transfer_1,5678,jpeg50,self,4,manila:6,amman:18,15.680001,36.1773
amman_query_2ar5B6f1xOYuU4wn7CLEJg,transfer_2,5678,jpeg50,self,11,manila:6,amman:18,15.680001,36.1773
amman_query_2ar5B6f1xOYuU4wn7CLEJg,transfer_3,5678,jpeg50,self,4,manila:6,amman:18,15.680000,36.1773
amman_query_2ar5B6f1xOYuU4wn7CLEJg,transfer_4,5678,jpeg50,self,20,manila:6,amman:18,15.680000,36.1773
amman_query_2ar5B6f1xOYuU4wn7CLEJg,isotropic,9012,jpeg50,self,9,manila:6,amman:18,15.680000,36.1773
amman_query_2ar5B6f1xOYuU4wn7CLEJg,white_box,9012,jpeg50,self,27,amman:23,amman:18,15.680000,36.1773
amman_query_2ar5B6f1xOYuU4wn7CLEJg,transfer_1,9012,jpeg50,self,8,manila:6,amman:18,15.679996,36.1773
amman_query_2ar5B6f1xOYuU4wn7CLEJg,transfer_2,9012,jpeg50,self,6,manila:6,amman:18,15.680001,36.1773
amman_query_2ar5B6f1xOYuU4wn7CLEJg,transfer_3,9012,jpeg50,self,6,manila:6,amman:18,15.680000,36.1773
amman_query_2ar5B6f1xOYuU4wn7CLEJg,transfer_4,9012,jpeg50,self,5,manila:6,amman:18,15.680000,36.1773
boston_query_-XLBZG628HbrD4FlfLBryQ,isotropic,1234,jpeg50,self,1,boston:237,boston:237,15.680001,36.1773
boston_query_-XLBZG628HbrD4FlfLBryQ,white_box,1234,jpeg50,self,1,boston:237,boston:237,15.680000,36.1773
boston_query_-XLBZG628HbrD4FlfLBryQ,transfer_1,1234,jpeg50,self,1,boston:237,boston:237,15.680001,36.1773
boston_query_-XLBZG628HbrD4FlfLBryQ,transfer_2,1234,jpeg50,self,1,boston:237,boston:237,15.680000,36.1773
boston_query_-XLBZG628HbrD4FlfLBryQ,transfer_3,1234,jpeg50,self,1,boston:237,boston:237,15.679998,36.1773
boston_query_-XLBZG628HbrD4FlfLBryQ,transfer_4,1234,jpeg50,self,1,boston:237,boston:237,15.679997,36.1773
boston_query_-XLBZG628HbrD4FlfLBryQ,isotropic,5678,jpeg50,self,1,boston:237,boston:237,15.679997,36.1773
boston_query_-XLBZG628HbrD4FlfLBryQ,white_box,5678,jpeg50,self,1,boston:237,boston:237,15.679997,36.1773
boston_query_-XLBZG628HbrD4FlfLBryQ,transfer_1,5678,jpeg50,self,1,boston:237,boston:237,15.680001,36.1773
boston_query_-XLBZG628HbrD4FlfLBryQ,transfer_2,5678,jpeg50,self,1,boston:237,boston:237,15.679997,36.1773
boston_query_-XLBZG628HbrD4FlfLBryQ,transfer_3,5678,jpeg50,self,1,boston:237,boston:237,15.679997,36.1773
boston_query_-XLBZG628HbrD4FlfLBryQ,transfer_4,5678,jpeg50,self,1,boston:237,boston:237,15.680000,36.1773
boston_query_-XLBZG628HbrD4FlfLBryQ,isotropic,9012,jpeg50,self,1,boston:237,boston:237,15.679998,36.1773
boston_query_-XLBZG628HbrD4FlfLBryQ,white_box,9012,jpeg50,self,1,boston:237,boston:237,15.679997,36.1773
boston_query_-XLBZG628HbrD4FlfLBryQ,transfer_1,9012,jpeg50,self,1,boston:237,boston:237,15.680000,36.1773
boston_query_-XLBZG628HbrD4FlfLBryQ,transfer_2,9012,jpeg50,self,1,boston:237,boston:237,15.680002,36.1773
boston_query_-XLBZG628HbrD4FlfLBryQ,transfer_3,9012,jpeg50,self,1,boston:237,boston:237,15.680000,36.1773
boston_query_-XLBZG628HbrD4FlfLBryQ,transfer_4,9012,jpeg50,self,1,boston:237,boston:237,15.679998,36.1773
cph_query_-VfD_cIsQvsNIbCy3tCgQQ,isotropic,1234,jpeg50,self,1,cph:375,cph:375,15.679998,36.1773
cph_query_-VfD_cIsQvsNIbCy3tCgQQ,white_box,1234,jpeg50,self,1,cph:375,cph:375,15.679998,36.1773
cph_query_-VfD_cIsQvsNIbCy3tCgQQ,transfer_1,1234,jpeg50,self,1,cph:375,cph:375,15.679997,36.1773
cph_query_-VfD_cIsQvsNIbCy3tCgQQ,transfer_2,1234,jpeg50,self,1,cph:375,cph:375,15.680000,36.1773
cph_query_-VfD_cIsQvsNIbCy3tCgQQ,transfer_3,1234,jpeg50,self,1,cph:375,cph:375,15.680001,36.1773
cph_query_-VfD_cIsQvsNIbCy3tCgQQ,transfer_4,1234,jpeg50,self,1,cph:375,cph:375,15.680000,36.1773
cph_query_-VfD_cIsQvsNIbCy3tCgQQ,isotropic,5678,jpeg50,self,1,cph:375,cph:375,15.680000,36.1773
cph_query_-VfD_cIsQvsNIbCy3tCgQQ,white_box,5678,jpeg50,self,1,cph:375,cph:375,15.679997,36.1773
cph_query_-VfD_cIsQvsNIbCy3tCgQQ,transfer_1,5678,jpeg50,self,1,cph:375,cph:375,15.680000,36.1773
cph_query_-VfD_cIsQvsNIbCy3tCgQQ,transfer_2,5678,jpeg50,self,1,cph:375,cph:375,15.680000,36.1773
cph_query_-VfD_cIsQvsNIbCy3tCgQQ,transfer_3,5678,jpeg50,self,1,cph:375,cph:375,15.679998,36.1773
cph_query_-VfD_cIsQvsNIbCy3tCgQQ,transfer_4,5678,jpeg50,self,1,cph:375,cph:375,15.679997,36.1773
cph_query_-VfD_cIsQvsNIbCy3tCgQQ,isotropic,9012,jpeg50,self,1,cph:375,cph:375,15.679998,36.1773
cph_query_-VfD_cIsQvsNIbCy3tCgQQ,white_box,9012,jpeg50,self,1,cph:375,cph:375,15.680000,36.1773
cph_query_-VfD_cIsQvsNIbCy3tCgQQ,transfer_1,9012,jpeg50,self,1,cph:375,cph:375,15.680000,36.1773
cph_query_-VfD_cIsQvsNIbCy3tCgQQ,transfer_2,9012,jpeg50,self,1,cph:375,cph:375,15.679998,36.1773
cph_query_-VfD_cIsQvsNIbCy3tCgQQ,transfer_3,9012,jpeg50,self,1,cph:375,cph:375,15.680000,36.1773
cph_query_-VfD_cIsQvsNIbCy3tCgQQ,transfer_4,9012,jpeg50,self,1,cph:375,cph:375,15.679997,36.1773
london_query_0AbO1xvvOJRs1V3ReaDrNw,isotropic,1234,jpeg50,self,1,london:71,london:71,15.680000,36.1773
london_query_0AbO1xvvOJRs1V3ReaDrNw,white_box,1234,jpeg50,self,1,london:71,london:71,15.680000,36.1773
london_query_0AbO1xvvOJRs1V3ReaDrNw,transfer_1,1234,jpeg50,self,1,london:71,london:71,15.680000,36.1773
london_query_0AbO1xvvOJRs1V3ReaDrNw,transfer_2,1234,jpeg50,self,1,london:71,london:71,15.680000,36.1773
london_query_0AbO1xvvOJRs1V3ReaDrNw,transfer_3,1234,jpeg50,self,1,london:71,london:71,15.679998,36.1773
london_query_0AbO1xvvOJRs1V3ReaDrNw,transfer_4,1234,jpeg50,self,1,london:71,london:71,15.679997,36.1773
london_query_0AbO1xvvOJRs1V3ReaDrNw,isotropic,5678,jpeg50,self,1,london:71,london:71,15.680002,36.1773
london_query_0AbO1xvvOJRs1V3ReaDrNw,white_box,5678,jpeg50,self,1,london:71,london:71,15.679997,36.1773
london_query_0AbO1xvvOJRs1V3ReaDrNw,transfer_1,5678,jpeg50,self,1,london:71,london:71,15.679998,36.1773
london_query_0AbO1xvvOJRs1V3ReaDrNw,transfer_2,5678,jpeg50,self,1,london:71,london:71,15.680001,36.1773
london_query_0AbO1xvvOJRs1V3ReaDrNw,transfer_3,5678,jpeg50,self,1,london:71,london:71,15.680001,36.1773
london_query_0AbO1xvvOJRs1V3ReaDrNw,transfer_4,5678,jpeg50,self,1,london:71,london:71,15.680000,36.1773
london_query_0AbO1xvvOJRs1V3ReaDrNw,isotropic,9012,jpeg50,self,1,london:71,london:71,15.679997,36.1773
london_query_0AbO1xvvOJRs1V3ReaDrNw,white_box,9012,jpeg50,self,1,london:71,london:71,15.679997,36.1773
london_query_0AbO1xvvOJRs1V3ReaDrNw,transfer_1,9012,jpeg50,self,1,london:71,london:71,15.680000,36.1773
london_query_0AbO1xvvOJRs1V3ReaDrNw,transfer_2,9012,jpeg50,self,1,london:71,london:71,15.679998,36.1773
london_query_0AbO1xvvOJRs1V3ReaDrNw,transfer_3,9012,jpeg50,self,1,london:71,london:71,15.680000,36.1773
london_query_0AbO1xvvOJRs1V3ReaDrNw,transfer_4,9012,jpeg50,self,1,london:71,london:71,15.679998,36.1773
manila_query_-ZyenisXeFL1kaebCpUNAQ,isotropic,1234,jpeg50,self,1,manila:59,manila:59,15.680000,36.1773
manila_query_-ZyenisXeFL1kaebCpUNAQ,white_box,1234,jpeg50,self,1,manila:59,manila:59,15.679997,36.1773
manila_query_-ZyenisXeFL1kaebCpUNAQ,transfer_1,1234,jpeg50,self,1,manila:59,manila:59,15.679997,36.1773
manila_query_-ZyenisXeFL1kaebCpUNAQ,transfer_2,1234,jpeg50,self,1,manila:59,manila:59,15.680000,36.1773
manila_query_-ZyenisXeFL1kaebCpUNAQ,transfer_3,1234,jpeg50,self,1,manila:59,manila:59,15.680000,36.1773
manila_query_-ZyenisXeFL1kaebCpUNAQ,transfer_4,1234,jpeg50,self,1,manila:59,manila:59,15.679997,36.1773
manila_query_-ZyenisXeFL1kaebCpUNAQ,isotropic,5678,jpeg50,self,1,manila:59,manila:59,15.680000,36.1773
manila_query_-ZyenisXeFL1kaebCpUNAQ,white_box,5678,jpeg50,self,1,manila:59,manila:59,15.680000,36.1773
manila_query_-ZyenisXeFL1kaebCpUNAQ,transfer_1,5678,jpeg50,self,1,manila:59,manila:59,15.680000,36.1773
manila_query_-ZyenisXeFL1kaebCpUNAQ,transfer_2,5678,jpeg50,self,1,manila:59,manila:59,15.679997,36.1773
manila_query_-ZyenisXeFL1kaebCpUNAQ,transfer_3,5678,jpeg50,self,1,manila:59,manila:59,15.679997,36.1773
manila_query_-ZyenisXeFL1kaebCpUNAQ,transfer_4,5678,jpeg50,self,1,manila:59,manila:59,15.680001,36.1773
manila_query_-ZyenisXeFL1kaebCpUNAQ,isotropic,9012,jpeg50,self,1,manila:59,manila:59,15.680000,36.1773
manila_query_-ZyenisXeFL1kaebCpUNAQ,white_box,9012,jpeg50,self,1,manila:59,manila:59,15.680000,36.1773
manila_query_-ZyenisXeFL1kaebCpUNAQ,transfer_1,9012,jpeg50,self,1,manila:59,manila:59,15.680000,36.1773
manila_query_-ZyenisXeFL1kaebCpUNAQ,transfer_2,9012,jpeg50,self,1,manila:59,manila:59,15.679998,36.1773
manila_query_-ZyenisXeFL1kaebCpUNAQ,transfer_3,9012,jpeg50,self,1,manila:59,manila:59,15.679998,36.1773
manila_query_-ZyenisXeFL1kaebCpUNAQ,transfer_4,9012,jpeg50,self,1,manila:59,manila:59,15.679997,36.1773
nairobi_query_42kd1bm9ZK0fwGacm_8O5A,isotropic,1234,jpeg50,self,1,nairobi:20,nairobi:20,15.679998,36.1773
nairobi_query_42kd1bm9ZK0fwGacm_8O5A,white_box,1234,jpeg50,self,1,nairobi:20,nairobi:20,15.679997,36.1773
nairobi_query_42kd1bm9ZK0fwGacm_8O5A,transfer_1,1234,jpeg50,self,1,nairobi:20,nairobi:20,15.680000,36.1773
nairobi_query_42kd1bm9ZK0fwGacm_8O5A,transfer_2,1234,jpeg50,self,1,nairobi:20,nairobi:20,15.680001,36.1773
nairobi_query_42kd1bm9ZK0fwGacm_8O5A,transfer_3,1234,jpeg50,self,1,nairobi:20,nairobi:20,15.680000,36.1773
nairobi_query_42kd1bm9ZK0fwGacm_8O5A,transfer_4,1234,jpeg50,self,1,nairobi:20,nairobi:20,15.680000,36.1773
nairobi_query_42kd1bm9ZK0fwGacm_8O5A,isotropic,5678,jpeg50,self,1,nairobi:20,nairobi:20,15.680000,36.1773
nairobi_query_42kd1bm9ZK0fwGacm_8O5A,white_box,5678,jpeg50,self,1,nairobi:20,nairobi:20,15.680000,36.1773
nairobi_query_42kd1bm9ZK0fwGacm_8O5A,transfer_1,5678,jpeg50,self,1,nairobi:20,nairobi:20,15.679998,36.1773
nairobi_query_42kd1bm9ZK0fwGacm_8O5A,transfer_2,5678,jpeg50,self,1,nairobi:20,nairobi:20,15.680000,36.1773
nairobi_query_42kd1bm9ZK0fwGacm_8O5A,transfer_3,5678,jpeg50,self,1,nairobi:20,nairobi:20,15.679997,36.1773
nairobi_query_42kd1bm9ZK0fwGacm_8O5A,transfer_4,5678,jpeg50,self,1,nairobi:20,nairobi:20,15.680001,36.1773
nairobi_query_42kd1bm9ZK0fwGacm_8O5A,isotropic,9012,jpeg50,self,1,nairobi:20,nairobi:20,15.680000,36.1773
nairobi_query_42kd1bm9ZK0fwGacm_8O5A,white_box,9012,jpeg50,self,1,nairobi:20,nairobi:20,15.679998,36.1773
nairobi_query_42kd1bm9ZK0fwGacm_8O5A,transfer_1,9012,jpeg50,self,1,nairobi:20,nairobi:20,15.679998,36.1773
nairobi_query_42kd1bm9ZK0fwGacm_8O5A,transfer_2,9012,jpeg50,self,1,nairobi:20,nairobi:20,15.679997,36.1773
nairobi_query_42kd1bm9ZK0fwGacm_8O5A,transfer_3,9012,jpeg50,self,1,nairobi:20,nairobi:20,15.680001,36.1773
nairobi_query_42kd1bm9ZK0fwGacm_8O5A,transfer_4,9012,jpeg50,self,1,nairobi:20,nairobi:20,15.679997,36.1773
toronto_query_-MFll3mcOLNHfSZyGy5VIw,isotropic,1234,jpeg50,self,1,toronto:102,toronto:102,15.680000,36.1773
toronto_query_-MFll3mcOLNHfSZyGy5VIw,white_box,1234,jpeg50,self,1,toronto:102,toronto:102,15.679997,36.1773
toronto_query_-MFll3mcOLNHfSZyGy5VIw,transfer_1,1234,jpeg50,self,1,toronto:102,toronto:102,15.679997,36.1773
toronto_query_-MFll3mcOLNHfSZyGy5VIw,transfer_2,1234,jpeg50,self,1,toronto:102,toronto:102,15.679998,36.1773
toronto_query_-MFll3mcOLNHfSZyGy5VIw,transfer_3,1234,jpeg50,self,1,toronto:102,toronto:102,15.680001,36.1773
toronto_query_-MFll3mcOLNHfSZyGy5VIw,transfer_4,1234,jpeg50,self,1,toronto:102,toronto:102,15.680001,36.1773
toronto_query_-MFll3mcOLNHfSZyGy5VIw,isotropic,5678,jpeg50,self,1,toronto:102,toronto:102,15.680000,36.1773
toronto_query_-MFll3mcOLNHfSZyGy5VIw,white_box,5678,jpeg50,self,1,toronto:102,toronto:102,15.679998,36.1773
toronto_query_-MFll3mcOLNHfSZyGy5VIw,transfer_1,5678,jpeg50,self,1,toronto:102,toronto:102,15.680000,36.1773
toronto_query_-MFll3mcOLNHfSZyGy5VIw,transfer_2,5678,jpeg50,self,1,toronto:102,toronto:102,15.679998,36.1773
toronto_query_-MFll3mcOLNHfSZyGy5VIw,transfer_3,5678,jpeg50,self,1,toronto:102,toronto:102,15.679997,36.1773
toronto_query_-MFll3mcOLNHfSZyGy5VIw,transfer_4,5678,jpeg50,self,1,toronto:102,toronto:102,15.679997,36.1773
toronto_query_-MFll3mcOLNHfSZyGy5VIw,isotropic,9012,jpeg50,self,1,toronto:102,toronto:102,15.679995,36.1773
toronto_query_-MFll3mcOLNHfSZyGy5VIw,white_box,9012,jpeg50,self,1,toronto:102,toronto:102,15.680000,36.1773
toronto_query_-MFll3mcOLNHfSZyGy5VIw,transfer_1,9012,jpeg50,self,1,toronto:102,toronto:102,15.680001,36.1773
toronto_query_-MFll3mcOLNHfSZyGy5VIw,transfer_2,9012,jpeg50,self,1,toronto:102,toronto:102,15.679998,36.1773
toronto_query_-MFll3mcOLNHfSZyGy5VIw,transfer_3,9012,jpeg50,self,1,toronto:102,toronto:102,15.679998,36.1773
toronto_query_-MFll3mcOLNHfSZyGy5VIw,transfer_4,9012,jpeg50,self,1,toronto:102,toronto:102,15.679997,36.1773
zurich_query_0lHgqSrbw8SSQej38K9wpQ,isotropic,1234,jpeg50,self,1,zurich:48,zurich:48,15.679997,36.1773
zurich_query_0lHgqSrbw8SSQej38K9wpQ,white_box,1234,jpeg50,self,1,zurich:48,zurich:48,15.680000,36.1773
zurich_query_0lHgqSrbw8SSQej38K9wpQ,transfer_1,1234,jpeg50,self,1,zurich:48,zurich:48,15.680001,36.1773
zurich_query_0lHgqSrbw8SSQej38K9wpQ,transfer_2,1234,jpeg50,self,1,zurich:48,zurich:48,15.679998,36.1773
zurich_query_0lHgqSrbw8SSQej38K9wpQ,transfer_3,1234,jpeg50,self,1,zurich:48,zurich:48,15.679997,36.1773
zurich_query_0lHgqSrbw8SSQej38K9wpQ,transfer_4,1234,jpeg50,self,1,zurich:48,zurich:48,15.679997,36.1773
zurich_query_0lHgqSrbw8SSQej38K9wpQ,isotropic,5678,jpeg50,self,1,zurich:48,zurich:48,15.679997,36.1773
zurich_query_0lHgqSrbw8SSQej38K9wpQ,white_box,5678,jpeg50,self,1,zurich:48,zurich:48,15.680000,36.1773
zurich_query_0lHgqSrbw8SSQej38K9wpQ,transfer_1,5678,jpeg50,self,1,zurich:48,zurich:48,15.679998,36.1773
zurich_query_0lHgqSrbw8SSQej38K9wpQ,transfer_2,5678,jpeg50,self,1,zurich:48,zurich:48,15.679998,36.1773
zurich_query_0lHgqSrbw8SSQej38K9wpQ,transfer_3,5678,jpeg50,self,1,zurich:48,zurich:48,15.680000,36.1773
zurich_query_0lHgqSrbw8SSQej38K9wpQ,transfer_4,5678,jpeg50,self,1,zurich:48,zurich:48,15.680000,36.1773
zurich_query_0lHgqSrbw8SSQej38K9wpQ,isotropic,9012,jpeg50,self,1,zurich:48,zurich:48,15.680001,36.1773
zurich_query_0lHgqSrbw8SSQej38K9wpQ,white_box,9012,jpeg50,self,1,zurich:48,zurich:48,15.679998,36.1773
zurich_query_0lHgqSrbw8SSQej38K9wpQ,transfer_1,9012,jpeg50,self,1,zurich:48,zurich:48,15.680000,36.1773
zurich_query_0lHgqSrbw8SSQej38K9wpQ,transfer_2,9012,jpeg50,self,1,zurich:48,zurich:48,15.679997,36.1773
zurich_query_0lHgqSrbw8SSQej38K9wpQ,transfer_3,9012,jpeg50,self,1,zurich:48,zurich:48,15.680000,36.1773
zurich_query_0lHgqSrbw8SSQej38K9wpQ,transfer_4,9012,jpeg50,self,1,zurich:48,zurich:48,15.680000,36.1773
amman_query_2hq9evzmyg6GO86JGeo5kw,isotropic,1234,jpeg50,self,1,amman:32,amman:32,15.679997,36.1773
amman_query_2hq9evzmyg6GO86JGeo5kw,white_box,1234,jpeg50,self,1,amman:32,amman:32,15.679997,36.1773
amman_query_2hq9evzmyg6GO86JGeo5kw,transfer_1,1234,jpeg50,self,1,amman:32,amman:32,15.679997,36.1773
amman_query_2hq9evzmyg6GO86JGeo5kw,transfer_2,1234,jpeg50,self,1,amman:32,amman:32,15.679998,36.1773
amman_query_2hq9evzmyg6GO86JGeo5kw,transfer_3,1234,jpeg50,self,1,amman:32,amman:32,15.680000,36.1773
amman_query_2hq9evzmyg6GO86JGeo5kw,transfer_4,1234,jpeg50,self,1,amman:32,amman:32,15.680000,36.1773
amman_query_2hq9evzmyg6GO86JGeo5kw,isotropic,5678,jpeg50,self,1,amman:32,amman:32,15.679997,36.1773
amman_query_2hq9evzmyg6GO86JGeo5kw,white_box,5678,jpeg50,self,1,amman:32,amman:32,15.679997,36.1773
amman_query_2hq9evzmyg6GO86JGeo5kw,transfer_1,5678,jpeg50,self,1,amman:32,amman:32,15.680000,36.1773
amman_query_2hq9evzmyg6GO86JGeo5kw,transfer_2,5678,jpeg50,self,1,amman:32,amman:32,15.679998,36.1773
amman_query_2hq9evzmyg6GO86JGeo5kw,transfer_3,5678,jpeg50,self,1,amman:32,amman:32,15.679998,36.1773
amman_query_2hq9evzmyg6GO86JGeo5kw,transfer_4,5678,jpeg50,self,1,amman:32,amman:32,15.679997,36.1773
amman_query_2hq9evzmyg6GO86JGeo5kw,isotropic,9012,jpeg50,self,1,amman:32,amman:32,15.680002,36.1773
amman_query_2hq9evzmyg6GO86JGeo5kw,white_box,9012,jpeg50,self,1,amman:32,amman:32,15.680000,36.1773
amman_query_2hq9evzmyg6GO86JGeo5kw,transfer_1,9012,jpeg50,self,1,amman:32,amman:32,15.679997,36.1773
amman_query_2hq9evzmyg6GO86JGeo5kw,transfer_2,9012,jpeg50,self,1,amman:32,amman:32,15.680000,36.1773
amman_query_2hq9evzmyg6GO86JGeo5kw,transfer_3,9012,jpeg50,self,1,amman:32,amman:32,15.680000,36.1773
amman_query_2hq9evzmyg6GO86JGeo5kw,transfer_4,9012,jpeg50,self,1,amman:32,amman:32,15.680000,36.1773
boston_query_-XPoSJpI_X3ZlnZLz8JG4L,isotropic,1234,jpeg50,self,1,boston:168,boston:168,15.679997,36.1773
boston_query_-XPoSJpI_X3ZlnZLz8JG4L,white_box,1234,jpeg50,self,1,boston:168,boston:168,15.680000,36.1773
boston_query_-XPoSJpI_X3ZlnZLz8JG4L,transfer_1,1234,jpeg50,self,1,boston:168,boston:168,15.680000,36.1773
boston_query_-XPoSJpI_X3ZlnZLz8JG4L,transfer_2,1234,jpeg50,self,1,boston:168,boston:168,15.679997,36.1773
boston_query_-XPoSJpI_X3ZlnZLz8JG4L,transfer_3,1234,jpeg50,self,1,boston:168,boston:168,15.679997,36.1773
boston_query_-XPoSJpI_X3ZlnZLz8JG4L,transfer_4,1234,jpeg50,self,1,boston:168,boston:168,15.679997,36.1773
boston_query_-XPoSJpI_X3ZlnZLz8JG4L,isotropic,5678,jpeg50,self,1,boston:168,boston:168,15.680002,36.1773
boston_query_-XPoSJpI_X3ZlnZLz8JG4L,white_box,5678,jpeg50,self,1,boston:168,boston:168,15.680000,36.1773
boston_query_-XPoSJpI_X3ZlnZLz8JG4L,transfer_1,5678,jpeg50,self,1,boston:168,boston:168,15.680001,36.1773
boston_query_-XPoSJpI_X3ZlnZLz8JG4L,transfer_2,5678,jpeg50,self,1,boston:168,boston:168,15.679998,36.1773
boston_query_-XPoSJpI_X3ZlnZLz8JG4L,transfer_3,5678,jpeg50,self,1,boston:168,boston:168,15.680002,36.1773
boston_query_-XPoSJpI_X3ZlnZLz8JG4L,transfer_4,5678,jpeg50,self,1,boston:168,boston:168,15.679997,36.1773
boston_query_-XPoSJpI_X3ZlnZLz8JG4L,isotropic,9012,jpeg50,self,1,boston:168,boston:168,15.680002,36.1773
boston_query_-XPoSJpI_X3ZlnZLz8JG4L,white_box,9012,jpeg50,self,1,boston:168,boston:168,15.680001,36.1773
boston_query_-XPoSJpI_X3ZlnZLz8JG4L,transfer_1,9012,jpeg50,self,1,boston:168,boston:168,15.680001,36.1773
boston_query_-XPoSJpI_X3ZlnZLz8JG4L,transfer_2,9012,jpeg50,self,1,boston:168,boston:168,15.680001,36.1773
boston_query_-XPoSJpI_X3ZlnZLz8JG4L,transfer_3,9012,jpeg50,self,1,boston:168,boston:168,15.680000,36.1773
boston_query_-XPoSJpI_X3ZlnZLz8JG4L,transfer_4,9012,jpeg50,self,1,boston:168,boston:168,15.680000,36.1773
cph_query_-VwsLi9Gs8ntflZjLfPkGw,isotropic,1234,jpeg50,self,1,cph:84,cph:84,15.680001,36.1773
cph_query_-VwsLi9Gs8ntflZjLfPkGw,white_box,1234,jpeg50,self,1,cph:84,cph:84,15.679997,36.1773
cph_query_-VwsLi9Gs8ntflZjLfPkGw,transfer_1,1234,jpeg50,self,1,cph:84,cph:84,15.680001,36.1773
cph_query_-VwsLi9Gs8ntflZjLfPkGw,transfer_2,1234,jpeg50,self,1,cph:84,cph:84,15.680002,36.1773
cph_query_-VwsLi9Gs8ntflZjLfPkGw,transfer_3,1234,jpeg50,self,1,cph:84,cph:84,15.680000,36.1773
cph_query_-VwsLi9Gs8ntflZjLfPkGw,transfer_4,1234,jpeg50,self,1,cph:84,cph:84,15.679997,36.1773
cph_query_-VwsLi9Gs8ntflZjLfPkGw,isotropic,5678,jpeg50,self,1,cph:84,cph:84,15.680000,36.1773
cph_query_-VwsLi9Gs8ntflZjLfPkGw,white_box,5678,jpeg50,self,1,cph:84,cph:84,15.680000,36.1773
cph_query_-VwsLi9Gs8ntflZjLfPkGw,transfer_1,5678,jpeg50,self,1,cph:84,cph:84,15.679997,36.1773
cph_query_-VwsLi9Gs8ntflZjLfPkGw,transfer_2,5678,jpeg50,self,1,cph:84,cph:84,15.680001,36.1773
cph_query_-VwsLi9Gs8ntflZjLfPkGw,transfer_3,5678,jpeg50,self,1,cph:84,cph:84,15.679998,36.1773
cph_query_-VwsLi9Gs8ntflZjLfPkGw,transfer_4,5678,jpeg50,self,1,cph:84,cph:84,15.679998,36.1773
cph_query_-VwsLi9Gs8ntflZjLfPkGw,isotropic,9012,jpeg50,self,1,cph:84,cph:84,15.679997,36.1773
cph_query_-VwsLi9Gs8ntflZjLfPkGw,white_box,9012,jpeg50,self,1,cph:84,cph:84,15.679998,36.1773
cph_query_-VwsLi9Gs8ntflZjLfPkGw,transfer_1,9012,jpeg50,self,1,cph:84,cph:84,15.680000,36.1773
cph_query_-VwsLi9Gs8ntflZjLfPkGw,transfer_2,9012,jpeg50,self,1,cph:84,cph:84,15.679997,36.1773
cph_query_-VwsLi9Gs8ntflZjLfPkGw,transfer_3,9012,jpeg50,self,1,cph:84,cph:84,15.679997,36.1773
cph_query_-VwsLi9Gs8ntflZjLfPkGw,transfer_4,9012,jpeg50,self,1,cph:84,cph:84,15.679998,36.1773
london_query_0BjBFV4G9jdMJlEMqshzoA,isotropic,1234,jpeg50,self,1,london:85,london:85,15.680000,36.1773
london_query_0BjBFV4G9jdMJlEMqshzoA,white_box,1234,jpeg50,self,1,london:85,london:85,15.680000,36.1773
london_query_0BjBFV4G9jdMJlEMqshzoA,transfer_1,1234,jpeg50,self,1,london:85,london:85,15.680000,36.1773
london_query_0BjBFV4G9jdMJlEMqshzoA,transfer_2,1234,jpeg50,self,1,london:85,london:85,15.679997,36.1773
london_query_0BjBFV4G9jdMJlEMqshzoA,transfer_3,1234,jpeg50,self,1,london:85,london:85,15.679998,36.1773
london_query_0BjBFV4G9jdMJlEMqshzoA,transfer_4,1234,jpeg50,self,1,london:85,london:85,15.679997,36.1773
london_query_0BjBFV4G9jdMJlEMqshzoA,isotropic,5678,jpeg50,self,1,london:85,london:85,15.679998,36.1773
london_query_0BjBFV4G9jdMJlEMqshzoA,white_box,5678,jpeg50,self,1,london:85,london:85,15.680000,36.1773
london_query_0BjBFV4G9jdMJlEMqshzoA,transfer_1,5678,jpeg50,self,1,london:85,london:85,15.679998,36.1773
london_query_0BjBFV4G9jdMJlEMqshzoA,transfer_2,5678,jpeg50,self,1,london:85,london:85,15.680000,36.1773
london_query_0BjBFV4G9jdMJlEMqshzoA,transfer_3,5678,jpeg50,self,1,london:85,london:85,15.679996,36.1773
london_query_0BjBFV4G9jdMJlEMqshzoA,transfer_4,5678,jpeg50,self,2,boston:191,london:85,15.679997,36.1773
london_query_0BjBFV4G9jdMJlEMqshzoA,isotropic,9012,jpeg50,self,1,london:85,london:85,15.679997,36.1773
london_query_0BjBFV4G9jdMJlEMqshzoA,white_box,9012,jpeg50,self,3,london:122,london:85,15.680000,36.1773
london_query_0BjBFV4G9jdMJlEMqshzoA,transfer_1,9012,jpeg50,self,1,london:85,london:85,15.680000,36.1773
london_query_0BjBFV4G9jdMJlEMqshzoA,transfer_2,9012,jpeg50,self,2,manila:153,london:85,15.680000,36.1773
london_query_0BjBFV4G9jdMJlEMqshzoA,transfer_3,9012,jpeg50,self,2,manila:54,london:85,15.680000,36.1773
london_query_0BjBFV4G9jdMJlEMqshzoA,transfer_4,9012,jpeg50,self,1,london:85,london:85,15.680000,36.1773
manila_query_-aK1h18UZREBqmVQH9KSvw,isotropic,1234,jpeg50,self,1,manila:163,manila:163,15.679996,36.1773
manila_query_-aK1h18UZREBqmVQH9KSvw,white_box,1234,jpeg50,self,1,manila:163,manila:163,15.679997,36.1773
manila_query_-aK1h18UZREBqmVQH9KSvw,transfer_1,1234,jpeg50,self,1,manila:163,manila:163,15.679997,36.1773
manila_query_-aK1h18UZREBqmVQH9KSvw,transfer_2,1234,jpeg50,self,1,manila:163,manila:163,15.679997,36.1773
manila_query_-aK1h18UZREBqmVQH9KSvw,transfer_3,1234,jpeg50,self,1,manila:163,manila:163,15.679997,36.1773
manila_query_-aK1h18UZREBqmVQH9KSvw,transfer_4,1234,jpeg50,self,1,manila:163,manila:163,15.679998,36.1773
manila_query_-aK1h18UZREBqmVQH9KSvw,isotropic,5678,jpeg50,self,1,manila:163,manila:163,15.679998,36.1773
manila_query_-aK1h18UZREBqmVQH9KSvw,white_box,5678,jpeg50,self,1,manila:163,manila:163,15.679998,36.1773
manila_query_-aK1h18UZREBqmVQH9KSvw,transfer_1,5678,jpeg50,self,1,manila:163,manila:163,15.680000,36.1773
manila_query_-aK1h18UZREBqmVQH9KSvw,transfer_2,5678,jpeg50,self,1,manila:163,manila:163,15.679997,36.1773
manila_query_-aK1h18UZREBqmVQH9KSvw,transfer_3,5678,jpeg50,self,1,manila:163,manila:163,15.679997,36.1773
manila_query_-aK1h18UZREBqmVQH9KSvw,transfer_4,5678,jpeg50,self,1,manila:163,manila:163,15.679997,36.1773
manila_query_-aK1h18UZREBqmVQH9KSvw,isotropic,9012,jpeg50,self,1,manila:163,manila:163,15.680002,36.1773
manila_query_-aK1h18UZREBqmVQH9KSvw,white_box,9012,jpeg50,self,1,manila:163,manila:163,15.680000,36.1773
manila_query_-aK1h18UZREBqmVQH9KSvw,transfer_1,9012,jpeg50,self,1,manila:163,manila:163,15.680000,36.1773
manila_query_-aK1h18UZREBqmVQH9KSvw,transfer_2,9012,jpeg50,self,3,zurich:25,manila:163,15.679998,36.1773
manila_query_-aK1h18UZREBqmVQH9KSvw,transfer_3,9012,jpeg50,self,1,manila:163,manila:163,15.679997,36.1773
manila_query_-aK1h18UZREBqmVQH9KSvw,transfer_4,9012,jpeg50,self,1,manila:163,manila:163,15.680001,36.1773
nairobi_query_479Or7jRwWHujnR6N21HGg,isotropic,1234,jpeg50,self,1,nairobi:10,nairobi:10,15.680001,36.1773
nairobi_query_479Or7jRwWHujnR6N21HGg,white_box,1234,jpeg50,self,7,london:121,nairobi:10,15.680000,36.1773
nairobi_query_479Or7jRwWHujnR6N21HGg,transfer_1,1234,jpeg50,self,1,nairobi:10,nairobi:10,15.680000,36.1773
nairobi_query_479Or7jRwWHujnR6N21HGg,transfer_2,1234,jpeg50,self,1,nairobi:10,nairobi:10,15.680000,36.1773
nairobi_query_479Or7jRwWHujnR6N21HGg,transfer_3,1234,jpeg50,self,1,nairobi:10,nairobi:10,15.679997,36.1773
nairobi_query_479Or7jRwWHujnR6N21HGg,transfer_4,1234,jpeg50,self,1,nairobi:10,nairobi:10,15.679997,36.1773
nairobi_query_479Or7jRwWHujnR6N21HGg,isotropic,5678,jpeg50,self,1,nairobi:10,nairobi:10,15.679996,36.1773
nairobi_query_479Or7jRwWHujnR6N21HGg,white_box,5678,jpeg50,self,3,london:85,nairobi:10,15.679998,36.1773
nairobi_query_479Or7jRwWHujnR6N21HGg,transfer_1,5678,jpeg50,self,1,nairobi:10,nairobi:10,15.680000,36.1773
nairobi_query_479Or7jRwWHujnR6N21HGg,transfer_2,5678,jpeg50,self,1,nairobi:10,nairobi:10,15.679997,36.1773
nairobi_query_479Or7jRwWHujnR6N21HGg,transfer_3,5678,jpeg50,self,1,nairobi:10,nairobi:10,15.679998,36.1773
nairobi_query_479Or7jRwWHujnR6N21HGg,transfer_4,5678,jpeg50,self,1,nairobi:10,nairobi:10,15.679998,36.1773
nairobi_query_479Or7jRwWHujnR6N21HGg,isotropic,9012,jpeg50,self,1,nairobi:10,nairobi:10,15.679997,36.1773
nairobi_query_479Or7jRwWHujnR6N21HGg,white_box,9012,jpeg50,self,9,nairobi:7,nairobi:10,15.679998,36.1773
nairobi_query_479Or7jRwWHujnR6N21HGg,transfer_1,9012,jpeg50,self,1,nairobi:10,nairobi:10,15.679997,36.1773
nairobi_query_479Or7jRwWHujnR6N21HGg,transfer_2,9012,jpeg50,self,1,nairobi:10,nairobi:10,15.680000,36.1773
nairobi_query_479Or7jRwWHujnR6N21HGg,transfer_3,9012,jpeg50,self,1,nairobi:10,nairobi:10,15.680001,36.1773
nairobi_query_479Or7jRwWHujnR6N21HGg,transfer_4,9012,jpeg50,self,1,nairobi:10,nairobi:10,15.679997,36.1773
toronto_query_-MnI6OlC-vX0Wm56nVPN1A,isotropic,1234,jpeg50,self,1,toronto:200,toronto:200,15.679998,36.1773
toronto_query_-MnI6OlC-vX0Wm56nVPN1A,white_box,1234,jpeg50,self,1,toronto:200,toronto:200,15.679998,36.1773
toronto_query_-MnI6OlC-vX0Wm56nVPN1A,transfer_1,1234,jpeg50,self,1,toronto:200,toronto:200,15.679997,36.1773
toronto_query_-MnI6OlC-vX0Wm56nVPN1A,transfer_2,1234,jpeg50,self,1,toronto:200,toronto:200,15.679998,36.1773
toronto_query_-MnI6OlC-vX0Wm56nVPN1A,transfer_3,1234,jpeg50,self,1,toronto:200,toronto:200,15.679998,36.1773
toronto_query_-MnI6OlC-vX0Wm56nVPN1A,transfer_4,1234,jpeg50,self,1,toronto:200,toronto:200,15.679997,36.1773
toronto_query_-MnI6OlC-vX0Wm56nVPN1A,isotropic,5678,jpeg50,self,1,toronto:200,toronto:200,15.679997,36.1773
toronto_query_-MnI6OlC-vX0Wm56nVPN1A,white_box,5678,jpeg50,self,1,toronto:200,toronto:200,15.680000,36.1773
toronto_query_-MnI6OlC-vX0Wm56nVPN1A,transfer_1,5678,jpeg50,self,1,toronto:200,toronto:200,15.680000,36.1773
toronto_query_-MnI6OlC-vX0Wm56nVPN1A,transfer_2,5678,jpeg50,self,1,toronto:200,toronto:200,15.679997,36.1773
toronto_query_-MnI6OlC-vX0Wm56nVPN1A,transfer_3,5678,jpeg50,self,1,toronto:200,toronto:200,15.680001,36.1773
toronto_query_-MnI6OlC-vX0Wm56nVPN1A,transfer_4,5678,jpeg50,self,1,toronto:200,toronto:200,15.680000,36.1773
toronto_query_-MnI6OlC-vX0Wm56nVPN1A,isotropic,9012,jpeg50,self,1,toronto:200,toronto:200,15.679997,36.1773
toronto_query_-MnI6OlC-vX0Wm56nVPN1A,white_box,9012,jpeg50,self,1,toronto:200,toronto:200,15.679997,36.1773
toronto_query_-MnI6OlC-vX0Wm56nVPN1A,transfer_1,9012,jpeg50,self,1,toronto:200,toronto:200,15.679997,36.1773
toronto_query_-MnI6OlC-vX0Wm56nVPN1A,transfer_2,9012,jpeg50,self,1,toronto:200,toronto:200,15.680001,36.1773
toronto_query_-MnI6OlC-vX0Wm56nVPN1A,transfer_3,9012,jpeg50,self,1,toronto:200,toronto:200,15.680000,36.1773
toronto_query_-MnI6OlC-vX0Wm56nVPN1A,transfer_4,9012,jpeg50,self,1,toronto:200,toronto:200,15.680000,36.1773
zurich_query_0nVsH-6SH_FHslcVrikkwQ,isotropic,1234,jpeg50,self,1,zurich:79,zurich:79,15.680001,36.1773
zurich_query_0nVsH-6SH_FHslcVrikkwQ,white_box,1234,jpeg50,self,1,zurich:79,zurich:79,15.679998,36.1773
zurich_query_0nVsH-6SH_FHslcVrikkwQ,transfer_1,1234,jpeg50,self,1,zurich:79,zurich:79,15.679998,36.1773
zurich_query_0nVsH-6SH_FHslcVrikkwQ,transfer_2,1234,jpeg50,self,1,zurich:79,zurich:79,15.679998,36.1773
zurich_query_0nVsH-6SH_FHslcVrikkwQ,transfer_3,1234,jpeg50,self,1,zurich:79,zurich:79,15.680000,36.1773
zurich_query_0nVsH-6SH_FHslcVrikkwQ,transfer_4,1234,jpeg50,self,1,zurich:79,zurich:79,15.679996,36.1773
zurich_query_0nVsH-6SH_FHslcVrikkwQ,isotropic,5678,jpeg50,self,1,zurich:79,zurich:79,15.679998,36.1773
zurich_query_0nVsH-6SH_FHslcVrikkwQ,white_box,5678,jpeg50,self,1,zurich:79,zurich:79,15.679997,36.1773
zurich_query_0nVsH-6SH_FHslcVrikkwQ,transfer_1,5678,jpeg50,self,1,zurich:79,zurich:79,15.679997,36.1773
zurich_query_0nVsH-6SH_FHslcVrikkwQ,transfer_2,5678,jpeg50,self,1,zurich:79,zurich:79,15.679997,36.1773
zurich_query_0nVsH-6SH_FHslcVrikkwQ,transfer_3,5678,jpeg50,self,1,zurich:79,zurich:79,15.680001,36.1773
zurich_query_0nVsH-6SH_FHslcVrikkwQ,transfer_4,5678,jpeg50,self,1,zurich:79,zurich:79,15.680000,36.1773
zurich_query_0nVsH-6SH_FHslcVrikkwQ,isotropic,9012,jpeg50,self,1,zurich:79,zurich:79,15.680002,36.1773
zurich_query_0nVsH-6SH_FHslcVrikkwQ,white_box,9012,jpeg50,self,1,zurich:79,zurich:79,15.679998,36.1773
zurich_query_0nVsH-6SH_FHslcVrikkwQ,transfer_1,9012,jpeg50,self,1,zurich:79,zurich:79,15.679997,36.1773
zurich_query_0nVsH-6SH_FHslcVrikkwQ,transfer_2,9012,jpeg50,self,1,zurich:79,zurich:79,15.679997,36.1773
zurich_query_0nVsH-6SH_FHslcVrikkwQ,transfer_3,9012,jpeg50,self,1,zurich:79,zurich:79,15.680001,36.1773
zurich_query_0nVsH-6SH_FHslcVrikkwQ,transfer_4,9012,jpeg50,self,1,zurich:79,zurich:79,15.679998,36.1773
amman_query_2lABfkOBYPSLZkKhyRxYdA,isotropic,1234,jpeg50,self,5,toronto:389,amman:6,15.679998,36.1773
amman_query_2lABfkOBYPSLZkKhyRxYdA,white_box,1234,jpeg50,self,4,toronto:389,amman:6,15.679997,36.1773
amman_query_2lABfkOBYPSLZkKhyRxYdA,transfer_1,1234,jpeg50,self,4,toronto:389,amman:6,15.679997,36.1773
amman_query_2lABfkOBYPSLZkKhyRxYdA,transfer_2,1234,jpeg50,self,1,amman:6,amman:6,15.679996,36.1773
amman_query_2lABfkOBYPSLZkKhyRxYdA,transfer_3,1234,jpeg50,self,1,amman:6,amman:6,15.680000,36.1773
amman_query_2lABfkOBYPSLZkKhyRxYdA,transfer_4,1234,jpeg50,self,7,amman:4,amman:6,15.680001,36.1773
amman_query_2lABfkOBYPSLZkKhyRxYdA,isotropic,5678,jpeg50,self,4,amman:23,amman:6,15.679998,36.1773
amman_query_2lABfkOBYPSLZkKhyRxYdA,white_box,5678,jpeg50,self,14,cph:279,amman:6,15.680000,36.1773
amman_query_2lABfkOBYPSLZkKhyRxYdA,transfer_1,5678,jpeg50,self,1,amman:6,amman:6,15.679998,36.1773
amman_query_2lABfkOBYPSLZkKhyRxYdA,transfer_2,5678,jpeg50,self,3,toronto:389,amman:6,15.680000,36.1773
amman_query_2lABfkOBYPSLZkKhyRxYdA,transfer_3,5678,jpeg50,self,2,toronto:389,amman:6,15.680000,36.1773
amman_query_2lABfkOBYPSLZkKhyRxYdA,transfer_4,5678,jpeg50,self,3,amman:4,amman:6,15.679998,36.1773
amman_query_2lABfkOBYPSLZkKhyRxYdA,isotropic,9012,jpeg50,self,5,toronto:389,amman:6,15.679998,36.1773
amman_query_2lABfkOBYPSLZkKhyRxYdA,white_box,9012,jpeg50,self,2,cph:279,amman:6,15.680000,36.1773
amman_query_2lABfkOBYPSLZkKhyRxYdA,transfer_1,9012,jpeg50,self,3,toronto:389,amman:6,15.679997,36.1773
amman_query_2lABfkOBYPSLZkKhyRxYdA,transfer_2,9012,jpeg50,self,3,toronto:389,amman:6,15.679998,36.1773
amman_query_2lABfkOBYPSLZkKhyRxYdA,transfer_3,9012,jpeg50,self,2,toronto:389,amman:6,15.680000,36.1773
amman_query_2lABfkOBYPSLZkKhyRxYdA,transfer_4,9012,jpeg50,self,5,amman:18,amman:6,15.680000,36.1773
boston_query_-XVMoSt8xs2FUh9JzquX6A,isotropic,1234,jpeg50,self,1,boston:210,boston:210,15.680001,36.1773
boston_query_-XVMoSt8xs2FUh9JzquX6A,white_box,1234,jpeg50,self,1,boston:210,boston:210,15.680000,36.1773
boston_query_-XVMoSt8xs2FUh9JzquX6A,transfer_1,1234,jpeg50,self,1,boston:210,boston:210,15.679998,36.1773
boston_query_-XVMoSt8xs2FUh9JzquX6A,transfer_2,1234,jpeg50,self,1,boston:210,boston:210,15.680000,36.1773
boston_query_-XVMoSt8xs2FUh9JzquX6A,transfer_3,1234,jpeg50,self,1,boston:210,boston:210,15.679995,36.1773
boston_query_-XVMoSt8xs2FUh9JzquX6A,transfer_4,1234,jpeg50,self,1,boston:210,boston:210,15.680000,36.1773
boston_query_-XVMoSt8xs2FUh9JzquX6A,isotropic,5678,jpeg50,self,1,boston:210,boston:210,15.679997,36.1773
boston_query_-XVMoSt8xs2FUh9JzquX6A,white_box,5678,jpeg50,self,1,boston:210,boston:210,15.679997,36.1773
boston_query_-XVMoSt8xs2FUh9JzquX6A,transfer_1,5678,jpeg50,self,1,boston:210,boston:210,15.679998,36.1773
boston_query_-XVMoSt8xs2FUh9JzquX6A,transfer_2,5678,jpeg50,self,1,boston:210,boston:210,15.679997,36.1773
boston_query_-XVMoSt8xs2FUh9JzquX6A,transfer_3,5678,jpeg50,self,1,boston:210,boston:210,15.680000,36.1773
boston_query_-XVMoSt8xs2FUh9JzquX6A,transfer_4,5678,jpeg50,self,1,boston:210,boston:210,15.679998,36.1773
boston_query_-XVMoSt8xs2FUh9JzquX6A,isotropic,9012,jpeg50,self,1,boston:210,boston:210,15.679997,36.1773
boston_query_-XVMoSt8xs2FUh9JzquX6A,white_box,9012,jpeg50,self,1,boston:210,boston:210,15.679998,36.1773
boston_query_-XVMoSt8xs2FUh9JzquX6A,transfer_1,9012,jpeg50,self,1,boston:210,boston:210,15.679997,36.1773
boston_query_-XVMoSt8xs2FUh9JzquX6A,transfer_2,9012,jpeg50,self,1,boston:210,boston:210,15.679997,36.1773
boston_query_-XVMoSt8xs2FUh9JzquX6A,transfer_3,9012,jpeg50,self,1,boston:210,boston:210,15.680000,36.1773
boston_query_-XVMoSt8xs2FUh9JzquX6A,transfer_4,9012,jpeg50,self,1,boston:210,boston:210,15.680000,36.1773
cph_query_-WFB24C5ns0vkkGHGvN40A,isotropic,1234,jpeg50,self,1,cph:137,cph:137,15.680000,36.1773
cph_query_-WFB24C5ns0vkkGHGvN40A,white_box,1234,jpeg50,self,8,cph:33,cph:137,15.680000,36.1773
cph_query_-WFB24C5ns0vkkGHGvN40A,transfer_1,1234,jpeg50,self,1,cph:137,cph:137,15.680000,36.1773
cph_query_-WFB24C5ns0vkkGHGvN40A,transfer_2,1234,jpeg50,self,1,cph:137,cph:137,15.679998,36.1773
cph_query_-WFB24C5ns0vkkGHGvN40A,transfer_3,1234,jpeg50,self,1,cph:137,cph:137,15.680001,36.1773
cph_query_-WFB24C5ns0vkkGHGvN40A,transfer_4,1234,jpeg50,self,2,cph:33,cph:137,15.679997,36.1773
cph_query_-WFB24C5ns0vkkGHGvN40A,isotropic,5678,jpeg50,self,1,cph:137,cph:137,15.679998,36.1773
cph_query_-WFB24C5ns0vkkGHGvN40A,white_box,5678,jpeg50,self,1,cph:137,cph:137,15.679997,36.1773
cph_query_-WFB24C5ns0vkkGHGvN40A,transfer_1,5678,jpeg50,self,2,cph:33,cph:137,15.679998,36.1773
cph_query_-WFB24C5ns0vkkGHGvN40A,transfer_2,5678,jpeg50,self,1,cph:137,cph:137,15.680000,36.1773
cph_query_-WFB24C5ns0vkkGHGvN40A,transfer_3,5678,jpeg50,self,1,cph:137,cph:137,15.679997,36.1773
cph_query_-WFB24C5ns0vkkGHGvN40A,transfer_4,5678,jpeg50,self,1,cph:137,cph:137,15.680001,36.1773
cph_query_-WFB24C5ns0vkkGHGvN40A,isotropic,9012,jpeg50,self,1,cph:137,cph:137,15.679997,36.1773
cph_query_-WFB24C5ns0vkkGHGvN40A,white_box,9012,jpeg50,self,1,cph:137,cph:137,15.679998,36.1773
cph_query_-WFB24C5ns0vkkGHGvN40A,transfer_1,9012,jpeg50,self,2,cph:33,cph:137,15.679998,36.1773
cph_query_-WFB24C5ns0vkkGHGvN40A,transfer_2,9012,jpeg50,self,1,cph:137,cph:137,15.679998,36.1773
cph_query_-WFB24C5ns0vkkGHGvN40A,transfer_3,9012,jpeg50,self,1,cph:137,cph:137,15.680000,36.1773
cph_query_-WFB24C5ns0vkkGHGvN40A,transfer_4,9012,jpeg50,self,1,cph:137,cph:137,15.679997,36.1773
london_query_0CaaImFsIdNZjpg8oBPgsQ,isotropic,1234,jpeg50,self,1,london:29,london:29,15.679998,36.1773
london_query_0CaaImFsIdNZjpg8oBPgsQ,white_box,1234,jpeg50,self,10,cph:175,london:29,15.679998,36.1773
london_query_0CaaImFsIdNZjpg8oBPgsQ,transfer_1,1234,jpeg50,self,1,london:29,london:29,15.679998,36.1773
london_query_0CaaImFsIdNZjpg8oBPgsQ,transfer_2,1234,jpeg50,self,1,london:29,london:29,15.679997,36.1773
london_query_0CaaImFsIdNZjpg8oBPgsQ,transfer_3,1234,jpeg50,self,1,london:29,london:29,15.679998,36.1773
london_query_0CaaImFsIdNZjpg8oBPgsQ,transfer_4,1234,jpeg50,self,1,london:29,london:29,15.680000,36.1773
london_query_0CaaImFsIdNZjpg8oBPgsQ,isotropic,5678,jpeg50,self,1,london:29,london:29,15.679998,36.1773
london_query_0CaaImFsIdNZjpg8oBPgsQ,white_box,5678,jpeg50,self,1,london:29,london:29,15.680001,36.1773
london_query_0CaaImFsIdNZjpg8oBPgsQ,transfer_1,5678,jpeg50,self,2,boston:237,london:29,15.680000,36.1773
london_query_0CaaImFsIdNZjpg8oBPgsQ,transfer_2,5678,jpeg50,self,2,boston:237,london:29,15.679997,36.1773
london_query_0CaaImFsIdNZjpg8oBPgsQ,transfer_3,5678,jpeg50,self,1,london:29,london:29,15.679997,36.1773
london_query_0CaaImFsIdNZjpg8oBPgsQ,transfer_4,5678,jpeg50,self,2,boston:237,london:29,15.680001,36.1773
london_query_0CaaImFsIdNZjpg8oBPgsQ,isotropic,9012,jpeg50,self,1,london:29,london:29,15.680000,36.1773
london_query_0CaaImFsIdNZjpg8oBPgsQ,white_box,9012,jpeg50,self,9,nairobi:10,london:29,15.680000,36.1773
london_query_0CaaImFsIdNZjpg8oBPgsQ,transfer_1,9012,jpeg50,self,2,boston:237,london:29,15.679997,36.1773
london_query_0CaaImFsIdNZjpg8oBPgsQ,transfer_2,9012,jpeg50,self,1,london:29,london:29,15.679997,36.1773
london_query_0CaaImFsIdNZjpg8oBPgsQ,transfer_3,9012,jpeg50,self,1,london:29,london:29,15.679997,36.1773
london_query_0CaaImFsIdNZjpg8oBPgsQ,transfer_4,9012,jpeg50,self,1,london:29,london:29,15.680000,36.1773
manila_query_-cNGgBgyFrf92tQ2SjMnVw,isotropic,1234,jpeg50,self,1,manila:46,manila:46,15.680000,36.1773
manila_query_-cNGgBgyFrf92tQ2SjMnVw,white_box,1234,jpeg50,self,1,manila:46,manila:46,15.679997,36.1773
manila_query_-cNGgBgyFrf92tQ2SjMnVw,transfer_1,1234,jpeg50,self,1,manila:46,manila:46,15.680001,36.1773
manila_query_-cNGgBgyFrf92tQ2SjMnVw,transfer_2,1234,jpeg50,self,1,manila:46,manila:46,15.680000,36.1773
manila_query_-cNGgBgyFrf92tQ2SjMnVw,transfer_3,1234,jpeg50,self,1,manila:46,manila:46,15.680000,36.1773
manila_query_-cNGgBgyFrf92tQ2SjMnVw,transfer_4,1234,jpeg50,self,1,manila:46,manila:46,15.680000,36.1773
manila_query_-cNGgBgyFrf92tQ2SjMnVw,isotropic,5678,jpeg50,self,1,manila:46,manila:46,15.679997,36.1773
manila_query_-cNGgBgyFrf92tQ2SjMnVw,white_box,5678,jpeg50,self,1,manila:46,manila:46,15.680000,36.1773
manila_query_-cNGgBgyFrf92tQ2SjMnVw,transfer_1,5678,jpeg50,self,1,manila:46,manila:46,15.680001,36.1773
manila_query_-cNGgBgyFrf92tQ2SjMnVw,transfer_2,5678,jpeg50,self,1,manila:46,manila:46,15.680000,36.1773
manila_query_-cNGgBgyFrf92tQ2SjMnVw,transfer_3,5678,jpeg50,self,1,manila:46,manila:46,15.679997,36.1773
manila_query_-cNGgBgyFrf92tQ2SjMnVw,transfer_4,5678,jpeg50,self,1,manila:46,manila:46,15.679998,36.1773
manila_query_-cNGgBgyFrf92tQ2SjMnVw,isotropic,9012,jpeg50,self,1,manila:46,manila:46,15.679998,36.1773
manila_query_-cNGgBgyFrf92tQ2SjMnVw,white_box,9012,jpeg50,self,1,manila:46,manila:46,15.680000,36.1773
manila_query_-cNGgBgyFrf92tQ2SjMnVw,transfer_1,9012,jpeg50,self,1,manila:46,manila:46,15.680000,36.1773
manila_query_-cNGgBgyFrf92tQ2SjMnVw,transfer_2,9012,jpeg50,self,1,manila:46,manila:46,15.680000,36.1773
manila_query_-cNGgBgyFrf92tQ2SjMnVw,transfer_3,9012,jpeg50,self,1,manila:46,manila:46,15.679997,36.1773
manila_query_-cNGgBgyFrf92tQ2SjMnVw,transfer_4,9012,jpeg50,self,1,manila:46,manila:46,15.680001,36.1773
nairobi_query_4EL0OPwVmp4k2zCpl9_c_A,isotropic,1234,jpeg50,self,1,nairobi:15,nairobi:15,15.680000,36.1773
nairobi_query_4EL0OPwVmp4k2zCpl9_c_A,white_box,1234,jpeg50,self,1,nairobi:15,nairobi:15,15.679998,36.1773
nairobi_query_4EL0OPwVmp4k2zCpl9_c_A,transfer_1,1234,jpeg50,self,1,nairobi:15,nairobi:15,15.679997,36.1773
nairobi_query_4EL0OPwVmp4k2zCpl9_c_A,transfer_2,1234,jpeg50,self,1,nairobi:15,nairobi:15,15.679997,36.1773
nairobi_query_4EL0OPwVmp4k2zCpl9_c_A,transfer_3,1234,jpeg50,self,1,nairobi:15,nairobi:15,15.680000,36.1773
nairobi_query_4EL0OPwVmp4k2zCpl9_c_A,transfer_4,1234,jpeg50,self,1,nairobi:15,nairobi:15,15.680000,36.1773
nairobi_query_4EL0OPwVmp4k2zCpl9_c_A,isotropic,5678,jpeg50,self,1,nairobi:15,nairobi:15,15.680000,36.1773
nairobi_query_4EL0OPwVmp4k2zCpl9_c_A,white_box,5678,jpeg50,self,1,nairobi:15,nairobi:15,15.680001,36.1773
nairobi_query_4EL0OPwVmp4k2zCpl9_c_A,transfer_1,5678,jpeg50,self,1,nairobi:15,nairobi:15,15.679998,36.1773
nairobi_query_4EL0OPwVmp4k2zCpl9_c_A,transfer_2,5678,jpeg50,self,1,nairobi:15,nairobi:15,15.680000,36.1773
nairobi_query_4EL0OPwVmp4k2zCpl9_c_A,transfer_3,5678,jpeg50,self,1,nairobi:15,nairobi:15,15.680000,36.1773
nairobi_query_4EL0OPwVmp4k2zCpl9_c_A,transfer_4,5678,jpeg50,self,1,nairobi:15,nairobi:15,15.679997,36.1773
nairobi_query_4EL0OPwVmp4k2zCpl9_c_A,isotropic,9012,jpeg50,self,1,nairobi:15,nairobi:15,15.679998,36.1773
nairobi_query_4EL0OPwVmp4k2zCpl9_c_A,white_box,9012,jpeg50,self,1,nairobi:15,nairobi:15,15.680000,36.1773
nairobi_query_4EL0OPwVmp4k2zCpl9_c_A,transfer_1,9012,jpeg50,self,1,nairobi:15,nairobi:15,15.679998,36.1773
nairobi_query_4EL0OPwVmp4k2zCpl9_c_A,transfer_2,9012,jpeg50,self,1,nairobi:15,nairobi:15,15.679997,36.1773
nairobi_query_4EL0OPwVmp4k2zCpl9_c_A,transfer_3,9012,jpeg50,self,1,nairobi:15,nairobi:15,15.679998,36.1773
nairobi_query_4EL0OPwVmp4k2zCpl9_c_A,transfer_4,9012,jpeg50,self,1,nairobi:15,nairobi:15,15.679996,36.1773
toronto_query_-MvRj243NBTPnognhgb4Cg,isotropic,1234,jpeg50,self,1,toronto:421,toronto:421,15.679998,36.1773
toronto_query_-MvRj243NBTPnognhgb4Cg,white_box,1234,jpeg50,self,1,toronto:421,toronto:421,15.680001,36.1773
toronto_query_-MvRj243NBTPnognhgb4Cg,transfer_1,1234,jpeg50,self,1,toronto:421,toronto:421,15.679998,36.1773
toronto_query_-MvRj243NBTPnognhgb4Cg,transfer_2,1234,jpeg50,self,1,toronto:421,toronto:421,15.679998,36.1773
toronto_query_-MvRj243NBTPnognhgb4Cg,transfer_3,1234,jpeg50,self,1,toronto:421,toronto:421,15.680000,36.1773
toronto_query_-MvRj243NBTPnognhgb4Cg,transfer_4,1234,jpeg50,self,1,toronto:421,toronto:421,15.680000,36.1773
toronto_query_-MvRj243NBTPnognhgb4Cg,isotropic,5678,jpeg50,self,1,toronto:421,toronto:421,15.680000,36.1773
toronto_query_-MvRj243NBTPnognhgb4Cg,white_box,5678,jpeg50,self,1,toronto:421,toronto:421,15.680000,36.1773
toronto_query_-MvRj243NBTPnognhgb4Cg,transfer_1,5678,jpeg50,self,1,toronto:421,toronto:421,15.679997,36.1773
toronto_query_-MvRj243NBTPnognhgb4Cg,transfer_2,5678,jpeg50,self,1,toronto:421,toronto:421,15.679998,36.1773
toronto_query_-MvRj243NBTPnognhgb4Cg,transfer_3,5678,jpeg50,self,1,toronto:421,toronto:421,15.680000,36.1773
toronto_query_-MvRj243NBTPnognhgb4Cg,transfer_4,5678,jpeg50,self,1,toronto:421,toronto:421,15.679997,36.1773
toronto_query_-MvRj243NBTPnognhgb4Cg,isotropic,9012,jpeg50,self,1,toronto:421,toronto:421,15.680000,36.1773
toronto_query_-MvRj243NBTPnognhgb4Cg,white_box,9012,jpeg50,self,4,amman:22,toronto:421,15.679997,36.1773
toronto_query_-MvRj243NBTPnognhgb4Cg,transfer_1,9012,jpeg50,self,1,toronto:421,toronto:421,15.679997,36.1773
toronto_query_-MvRj243NBTPnognhgb4Cg,transfer_2,9012,jpeg50,self,1,toronto:421,toronto:421,15.680001,36.1773
toronto_query_-MvRj243NBTPnognhgb4Cg,transfer_3,9012,jpeg50,self,1,toronto:421,toronto:421,15.679998,36.1773
toronto_query_-MvRj243NBTPnognhgb4Cg,transfer_4,9012,jpeg50,self,1,toronto:421,toronto:421,15.679996,36.1773
zurich_query_0qoNSI3UUj6VR3TM7c0Peg,isotropic,1234,jpeg50,self,1,zurich:38,zurich:38,15.679998,36.1773
zurich_query_0qoNSI3UUj6VR3TM7c0Peg,white_box,1234,jpeg50,self,4,nairobi:3,zurich:38,15.680000,36.1773
zurich_query_0qoNSI3UUj6VR3TM7c0Peg,transfer_1,1234,jpeg50,self,2,cph:175,zurich:38,15.679997,36.1773
zurich_query_0qoNSI3UUj6VR3TM7c0Peg,transfer_2,1234,jpeg50,self,2,cph:175,zurich:38,15.680000,36.1773
zurich_query_0qoNSI3UUj6VR3TM7c0Peg,transfer_3,1234,jpeg50,self,1,zurich:38,zurich:38,15.680000,36.1773
zurich_query_0qoNSI3UUj6VR3TM7c0Peg,transfer_4,1234,jpeg50,self,1,zurich:38,zurich:38,15.680001,36.1773
zurich_query_0qoNSI3UUj6VR3TM7c0Peg,isotropic,5678,jpeg50,self,1,zurich:38,zurich:38,15.680000,36.1773
zurich_query_0qoNSI3UUj6VR3TM7c0Peg,white_box,5678,jpeg50,self,1,zurich:38,zurich:38,15.680002,36.1773
zurich_query_0qoNSI3UUj6VR3TM7c0Peg,transfer_1,5678,jpeg50,self,1,zurich:38,zurich:38,15.679998,36.1773
zurich_query_0qoNSI3UUj6VR3TM7c0Peg,transfer_2,5678,jpeg50,self,1,zurich:38,zurich:38,15.680000,36.1773
zurich_query_0qoNSI3UUj6VR3TM7c0Peg,transfer_3,5678,jpeg50,self,2,cph:175,zurich:38,15.680000,36.1773
zurich_query_0qoNSI3UUj6VR3TM7c0Peg,transfer_4,5678,jpeg50,self,2,cph:175,zurich:38,15.679998,36.1773
zurich_query_0qoNSI3UUj6VR3TM7c0Peg,isotropic,9012,jpeg50,self,1,zurich:38,zurich:38,15.679997,36.1773
zurich_query_0qoNSI3UUj6VR3TM7c0Peg,white_box,9012,jpeg50,self,1,zurich:38,zurich:38,15.680000,36.1773
zurich_query_0qoNSI3UUj6VR3TM7c0Peg,transfer_1,9012,jpeg50,self,2,cph:175,zurich:38,15.679997,36.1773
zurich_query_0qoNSI3UUj6VR3TM7c0Peg,transfer_2,9012,jpeg50,self,2,cph:175,zurich:38,15.679997,36.1773
zurich_query_0qoNSI3UUj6VR3TM7c0Peg,transfer_3,9012,jpeg50,self,2,cph:175,zurich:38,15.679998,36.1773
zurich_query_0qoNSI3UUj6VR3TM7c0Peg,transfer_4,9012,jpeg50,self,1,zurich:38,zurich:38,15.680000,36.1773
amman_query_2o7YcP9UAqSU1ygtK33BfQ,isotropic,1234,jpeg50,self,1,amman:31,amman:31,15.679998,36.1773
amman_query_2o7YcP9UAqSU1ygtK33BfQ,white_box,1234,jpeg50,self,1,amman:31,amman:31,15.680000,36.1773
amman_query_2o7YcP9UAqSU1ygtK33BfQ,transfer_1,1234,jpeg50,self,1,amman:31,amman:31,15.679998,36.1773
amman_query_2o7YcP9UAqSU1ygtK33BfQ,transfer_2,1234,jpeg50,self,1,amman:31,amman:31,15.679997,36.1773
amman_query_2o7YcP9UAqSU1ygtK33BfQ,transfer_3,1234,jpeg50,self,1,amman:31,amman:31,15.680000,36.1773
amman_query_2o7YcP9UAqSU1ygtK33BfQ,transfer_4,1234,jpeg50,self,1,amman:31,amman:31,15.680000,36.1773
amman_query_2o7YcP9UAqSU1ygtK33BfQ,isotropic,5678,jpeg50,self,1,amman:31,amman:31,15.679997,36.1773
amman_query_2o7YcP9UAqSU1ygtK33BfQ,white_box,5678,jpeg50,self,2,amman:36,amman:31,15.679998,36.1773
amman_query_2o7YcP9UAqSU1ygtK33BfQ,transfer_1,5678,jpeg50,self,1,amman:31,amman:31,15.680000,36.1773
amman_query_2o7YcP9UAqSU1ygtK33BfQ,transfer_2,5678,jpeg50,self,1,amman:31,amman:31,15.679996,36.1773
amman_query_2o7YcP9UAqSU1ygtK33BfQ,transfer_3,5678,jpeg50,self,1,amman:31,amman:31,15.680001,36.1773
amman_query_2o7YcP9UAqSU1ygtK33BfQ,transfer_4,5678,jpeg50,self,1,amman:31,amman:31,15.680000,36.1773
amman_query_2o7YcP9UAqSU1ygtK33BfQ,isotropic,9012,jpeg50,self,1,amman:31,amman:31,15.679998,36.1773
amman_query_2o7YcP9UAqSU1ygtK33BfQ,white_box,9012,jpeg50,self,1,amman:31,amman:31,15.679997,36.1773
amman_query_2o7YcP9UAqSU1ygtK33BfQ,transfer_1,9012,jpeg50,self,1,amman:31,amman:31,15.679998,36.1773
amman_query_2o7YcP9UAqSU1ygtK33BfQ,transfer_2,9012,jpeg50,self,1,amman:31,amman:31,15.680000,36.1773
amman_query_2o7YcP9UAqSU1ygtK33BfQ,transfer_3,9012,jpeg50,self,1,amman:31,amman:31,15.679997,36.1773
amman_query_2o7YcP9UAqSU1ygtK33BfQ,transfer_4,9012,jpeg50,self,1,amman:31,amman:31,15.680000,36.1773
boston_query_-YC7UljP-400uMusDPAb5o,isotropic,1234,jpeg50,self,1,boston:244,boston:244,15.679997,36.1773
boston_query_-YC7UljP-400uMusDPAb5o,white_box,1234,jpeg50,self,1,boston:244,boston:244,15.680000,36.1773
boston_query_-YC7UljP-400uMusDPAb5o,transfer_1,1234,jpeg50,self,1,boston:244,boston:244,15.679997,36.1773
boston_query_-YC7UljP-400uMusDPAb5o,transfer_2,1234,jpeg50,self,1,boston:244,boston:244,15.680000,36.1773
boston_query_-YC7UljP-400uMusDPAb5o,transfer_3,1234,jpeg50,self,1,boston:244,boston:244,15.679997,36.1773
boston_query_-YC7UljP-400uMusDPAb5o,transfer_4,1234,jpeg50,self,1,boston:244,boston:244,15.679996,36.1773
boston_query_-YC7UljP-400uMusDPAb5o,isotropic,5678,jpeg50,self,1,boston:244,boston:244,15.680000,36.1773
boston_query_-YC7UljP-400uMusDPAb5o,white_box,5678,jpeg50,self,1,boston:244,boston:244,15.680002,36.1773
boston_query_-YC7UljP-400uMusDPAb5o,transfer_1,5678,jpeg50,self,1,boston:244,boston:244,15.679998,36.1773
boston_query_-YC7UljP-400uMusDPAb5o,transfer_2,5678,jpeg50,self,1,boston:244,boston:244,15.680000,36.1773
boston_query_-YC7UljP-400uMusDPAb5o,transfer_3,5678,jpeg50,self,1,boston:244,boston:244,15.680000,36.1773
boston_query_-YC7UljP-400uMusDPAb5o,transfer_4,5678,jpeg50,self,1,boston:244,boston:244,15.680000,36.1773
boston_query_-YC7UljP-400uMusDPAb5o,isotropic,9012,jpeg50,self,1,boston:244,boston:244,15.680000,36.1773
boston_query_-YC7UljP-400uMusDPAb5o,white_box,9012,jpeg50,self,1,boston:244,boston:244,15.680000,36.1773
boston_query_-YC7UljP-400uMusDPAb5o,transfer_1,9012,jpeg50,self,1,boston:244,boston:244,15.679997,36.1773
boston_query_-YC7UljP-400uMusDPAb5o,transfer_2,9012,jpeg50,self,1,boston:244,boston:244,15.680001,36.1773
boston_query_-YC7UljP-400uMusDPAb5o,transfer_3,9012,jpeg50,self,1,boston:244,boston:244,15.680000,36.1773
boston_query_-YC7UljP-400uMusDPAb5o,transfer_4,9012,jpeg50,self,1,boston:244,boston:244,15.679997,36.1773
cph_query_-WSWmgHuo6qPHzHxqzEe1A,isotropic,1234,jpeg50,self,1,cph:119,cph:119,15.680000,36.1773
cph_query_-WSWmgHuo6qPHzHxqzEe1A,white_box,1234,jpeg50,self,1,cph:119,cph:119,15.680000,36.1773
cph_query_-WSWmgHuo6qPHzHxqzEe1A,transfer_1,1234,jpeg50,self,1,cph:119,cph:119,15.679997,36.1773
cph_query_-WSWmgHuo6qPHzHxqzEe1A,transfer_2,1234,jpeg50,self,1,cph:119,cph:119,15.680001,36.1773
cph_query_-WSWmgHuo6qPHzHxqzEe1A,transfer_3,1234,jpeg50,self,1,cph:119,cph:119,15.679998,36.1773
cph_query_-WSWmgHuo6qPHzHxqzEe1A,transfer_4,1234,jpeg50,self,1,cph:119,cph:119,15.680000,36.1773
cph_query_-WSWmgHuo6qPHzHxqzEe1A,isotropic,5678,jpeg50,self,1,cph:119,cph:119,15.679998,36.1773
cph_query_-WSWmgHuo6qPHzHxqzEe1A,white_box,5678,jpeg50,self,1,cph:119,cph:119,15.680000,36.1773
cph_query_-WSWmgHuo6qPHzHxqzEe1A,transfer_1,5678,jpeg50,self,1,cph:119,cph:119,15.679998,36.1773
cph_query_-WSWmgHuo6qPHzHxqzEe1A,transfer_2,5678,jpeg50,self,1,cph:119,cph:119,15.680000,36.1773
cph_query_-WSWmgHuo6qPHzHxqzEe1A,transfer_3,5678,jpeg50,self,1,cph:119,cph:119,15.680000,36.1773
cph_query_-WSWmgHuo6qPHzHxqzEe1A,transfer_4,5678,jpeg50,self,1,cph:119,cph:119,15.679997,36.1773
cph_query_-WSWmgHuo6qPHzHxqzEe1A,isotropic,9012,jpeg50,self,1,cph:119,cph:119,15.679997,36.1773
cph_query_-WSWmgHuo6qPHzHxqzEe1A,white_box,9012,jpeg50,self,1,cph:119,cph:119,15.680000,36.1773
cph_query_-WSWmgHuo6qPHzHxqzEe1A,transfer_1,9012,jpeg50,self,1,cph:119,cph:119,15.679998,36.1773
cph_query_-WSWmgHuo6qPHzHxqzEe1A,transfer_2,9012,jpeg50,self,1,cph:119,cph:119,15.680000,36.1773
cph_query_-WSWmgHuo6qPHzHxqzEe1A,transfer_3,9012,jpeg50,self,1,cph:119,cph:119,15.680000,36.1773
cph_query_-WSWmgHuo6qPHzHxqzEe1A,transfer_4,9012,jpeg50,self,1,cph:119,cph:119,15.680000,36.1773
london_query_0EzKuKNIcxIWax_duM0EWw,isotropic,1234,jpeg50,self,2,london:21,london:23,15.679998,36.1773
london_query_0EzKuKNIcxIWax_duM0EWw,white_box,1234,jpeg50,self,1,london:23,london:23,15.679997,36.1773
london_query_0EzKuKNIcxIWax_duM0EWw,transfer_1,1234,jpeg50,self,2,london:21,london:23,15.680002,36.1773
london_query_0EzKuKNIcxIWax_duM0EWw,transfer_2,1234,jpeg50,self,2,london:21,london:23,15.679998,36.1773
london_query_0EzKuKNIcxIWax_duM0EWw,transfer_3,1234,jpeg50,self,2,london:21,london:23,15.679997,36.1773
london_query_0EzKuKNIcxIWax_duM0EWw,transfer_4,1234,jpeg50,self,2,london:21,london:23,15.680001,36.1773
london_query_0EzKuKNIcxIWax_duM0EWw,isotropic,5678,jpeg50,self,2,london:21,london:23,15.680000,36.1773
london_query_0EzKuKNIcxIWax_duM0EWw,white_box,5678,jpeg50,self,2,london:21,london:23,15.680000,36.1773
london_query_0EzKuKNIcxIWax_duM0EWw,transfer_1,5678,jpeg50,self,2,london:21,london:23,15.680000,36.1773
london_query_0EzKuKNIcxIWax_duM0EWw,transfer_2,5678,jpeg50,self,2,london:21,london:23,15.679997,36.1773
london_query_0EzKuKNIcxIWax_duM0EWw,transfer_3,5678,jpeg50,self,2,london:21,london:23,15.679998,36.1773
london_query_0EzKuKNIcxIWax_duM0EWw,transfer_4,5678,jpeg50,self,1,london:23,london:23,15.679998,36.1773
london_query_0EzKuKNIcxIWax_duM0EWw,isotropic,9012,jpeg50,self,2,london:21,london:23,15.680000,36.1773
london_query_0EzKuKNIcxIWax_duM0EWw,white_box,9012,jpeg50,self,2,london:21,london:23,15.680000,36.1773
london_query_0EzKuKNIcxIWax_duM0EWw,transfer_1,9012,jpeg50,self,1,london:23,london:23,15.680000,36.1773
london_query_0EzKuKNIcxIWax_duM0EWw,transfer_2,9012,jpeg50,self,2,london:21,london:23,15.680000,36.1773
london_query_0EzKuKNIcxIWax_duM0EWw,transfer_3,9012,jpeg50,self,2,london:21,london:23,15.679997,36.1773
london_query_0EzKuKNIcxIWax_duM0EWw,transfer_4,9012,jpeg50,self,2,london:21,london:23,15.679997,36.1773
manila_query_-cmAo9dkimIih2B7T4UHfg,isotropic,1234,jpeg50,self,58,boston:79,manila:140,15.679998,36.1773
manila_query_-cmAo9dkimIih2B7T4UHfg,white_box,1234,jpeg50,self,23,boston:79,manila:140,15.680000,36.1773
manila_query_-cmAo9dkimIih2B7T4UHfg,transfer_1,1234,jpeg50,self,41,boston:79,manila:140,15.679997,36.1773
manila_query_-cmAo9dkimIih2B7T4UHfg,transfer_2,1234,jpeg50,self,38,boston:79,manila:140,15.679997,36.1773
manila_query_-cmAo9dkimIih2B7T4UHfg,transfer_3,1234,jpeg50,self,32,boston:79,manila:140,15.679998,36.1773
manila_query_-cmAo9dkimIih2B7T4UHfg,transfer_4,1234,jpeg50,self,150,boston:79,manila:140,15.679997,36.1773
manila_query_-cmAo9dkimIih2B7T4UHfg,isotropic,5678,jpeg50,self,101,boston:79,manila:140,15.679995,36.1773
manila_query_-cmAo9dkimIih2B7T4UHfg,white_box,5678,jpeg50,self,59,manila:109,manila:140,15.680000,36.1773
manila_query_-cmAo9dkimIih2B7T4UHfg,transfer_1,5678,jpeg50,self,184,boston:79,manila:140,15.680001,36.1773
manila_query_-cmAo9dkimIih2B7T4UHfg,transfer_2,5678,jpeg50,self,125,boston:79,manila:140,15.680000,36.1773
manila_query_-cmAo9dkimIih2B7T4UHfg,transfer_3,5678,jpeg50,self,47,manila:109,manila:140,15.679997,36.1773
manila_query_-cmAo9dkimIih2B7T4UHfg,transfer_4,5678,jpeg50,self,73,boston:79,manila:140,15.680000,36.1773
manila_query_-cmAo9dkimIih2B7T4UHfg,isotropic,9012,jpeg50,self,26,boston:79,manila:140,15.679997,36.1773
manila_query_-cmAo9dkimIih2B7T4UHfg,white_box,9012,jpeg50,self,53,manila:109,manila:140,15.679997,36.1773
manila_query_-cmAo9dkimIih2B7T4UHfg,transfer_1,9012,jpeg50,self,91,manila:116,manila:140,15.680001,36.1773
manila_query_-cmAo9dkimIih2B7T4UHfg,transfer_2,9012,jpeg50,self,23,boston:79,manila:140,15.680000,36.1773
manila_query_-cmAo9dkimIih2B7T4UHfg,transfer_3,9012,jpeg50,self,179,boston:79,manila:140,15.679998,36.1773
manila_query_-cmAo9dkimIih2B7T4UHfg,transfer_4,9012,jpeg50,self,130,manila:109,manila:140,15.679998,36.1773
nairobi_query_4Scm9UylRL9Edyu3ZemB9A,isotropic,1234,jpeg50,self,1,nairobi:8,nairobi:8,15.680001,36.1773
nairobi_query_4Scm9UylRL9Edyu3ZemB9A,white_box,1234,jpeg50,self,1,nairobi:8,nairobi:8,15.679996,36.1773
nairobi_query_4Scm9UylRL9Edyu3ZemB9A,transfer_1,1234,jpeg50,self,1,nairobi:8,nairobi:8,15.679997,36.1773
nairobi_query_4Scm9UylRL9Edyu3ZemB9A,transfer_2,1234,jpeg50,self,1,nairobi:8,nairobi:8,15.679997,36.1773
nairobi_query_4Scm9UylRL9Edyu3ZemB9A,transfer_3,1234,jpeg50,self,1,nairobi:8,nairobi:8,15.679997,36.1773
nairobi_query_4Scm9UylRL9Edyu3ZemB9A,transfer_4,1234,jpeg50,self,1,nairobi:8,nairobi:8,15.679997,36.1773
nairobi_query_4Scm9UylRL9Edyu3ZemB9A,isotropic,5678,jpeg50,self,1,nairobi:8,nairobi:8,15.680000,36.1773
nairobi_query_4Scm9UylRL9Edyu3ZemB9A,white_box,5678,jpeg50,self,2,amman:37,nairobi:8,15.679998,36.1773
nairobi_query_4Scm9UylRL9Edyu3ZemB9A,transfer_1,5678,jpeg50,self,2,nairobi:3,nairobi:8,15.680001,36.1773
nairobi_query_4Scm9UylRL9Edyu3ZemB9A,transfer_2,5678,jpeg50,self,1,nairobi:8,nairobi:8,15.680000,36.1773
nairobi_query_4Scm9UylRL9Edyu3ZemB9A,transfer_3,5678,jpeg50,self,1,nairobi:8,nairobi:8,15.679997,36.1773
nairobi_query_4Scm9UylRL9Edyu3ZemB9A,transfer_4,5678,jpeg50,self,1,nairobi:8,nairobi:8,15.680000,36.1773
nairobi_query_4Scm9UylRL9Edyu3ZemB9A,isotropic,9012,jpeg50,self,1,nairobi:8,nairobi:8,15.680000,36.1773
nairobi_query_4Scm9UylRL9Edyu3ZemB9A,white_box,9012,jpeg50,self,1,nairobi:8,nairobi:8,15.680001,36.1773
nairobi_query_4Scm9UylRL9Edyu3ZemB9A,transfer_1,9012,jpeg50,self,1,nairobi:8,nairobi:8,15.680001,36.1773
nairobi_query_4Scm9UylRL9Edyu3ZemB9A,transfer_2,9012,jpeg50,self,1,nairobi:8,nairobi:8,15.679997,36.1773
nairobi_query_4Scm9UylRL9Edyu3ZemB9A,transfer_3,9012,jpeg50,self,1,nairobi:8,nairobi:8,15.679997,36.1773
nairobi_query_4Scm9UylRL9Edyu3ZemB9A,transfer_4,9012,jpeg50,self,2,nairobi:3,nairobi:8,15.679997,36.1773
toronto_query_-N8Ief4Q3CWSOSauaoVHkw,isotropic,1234,jpeg50,self,1,toronto:244,toronto:244,15.679998,36.1773
toronto_query_-N8Ief4Q3CWSOSauaoVHkw,white_box,1234,jpeg50,self,1,toronto:244,toronto:244,15.680001,36.1773
toronto_query_-N8Ief4Q3CWSOSauaoVHkw,transfer_1,1234,jpeg50,self,1,toronto:244,toronto:244,15.679997,36.1773
toronto_query_-N8Ief4Q3CWSOSauaoVHkw,transfer_2,1234,jpeg50,self,1,toronto:244,toronto:244,15.680000,36.1773
toronto_query_-N8Ief4Q3CWSOSauaoVHkw,transfer_3,1234,jpeg50,self,1,toronto:244,toronto:244,15.679997,36.1773
toronto_query_-N8Ief4Q3CWSOSauaoVHkw,transfer_4,1234,jpeg50,self,1,toronto:244,toronto:244,15.680000,36.1773
toronto_query_-N8Ief4Q3CWSOSauaoVHkw,isotropic,5678,jpeg50,self,1,toronto:244,toronto:244,15.680000,36.1773
toronto_query_-N8Ief4Q3CWSOSauaoVHkw,white_box,5678,jpeg50,self,1,toronto:244,toronto:244,15.680000,36.1773
toronto_query_-N8Ief4Q3CWSOSauaoVHkw,transfer_1,5678,jpeg50,self,1,toronto:244,toronto:244,15.679997,36.1773
toronto_query_-N8Ief4Q3CWSOSauaoVHkw,transfer_2,5678,jpeg50,self,1,toronto:244,toronto:244,15.679997,36.1773
toronto_query_-N8Ief4Q3CWSOSauaoVHkw,transfer_3,5678,jpeg50,self,1,toronto:244,toronto:244,15.680000,36.1773
toronto_query_-N8Ief4Q3CWSOSauaoVHkw,transfer_4,5678,jpeg50,self,1,toronto:244,toronto:244,15.680000,36.1773
toronto_query_-N8Ief4Q3CWSOSauaoVHkw,isotropic,9012,jpeg50,self,1,toronto:244,toronto:244,15.679998,36.1773
toronto_query_-N8Ief4Q3CWSOSauaoVHkw,white_box,9012,jpeg50,self,1,toronto:244,toronto:244,15.679998,36.1773
toronto_query_-N8Ief4Q3CWSOSauaoVHkw,transfer_1,9012,jpeg50,self,1,toronto:244,toronto:244,15.680001,36.1773
toronto_query_-N8Ief4Q3CWSOSauaoVHkw,transfer_2,9012,jpeg50,self,1,toronto:244,toronto:244,15.680000,36.1773
toronto_query_-N8Ief4Q3CWSOSauaoVHkw,transfer_3,9012,jpeg50,self,1,toronto:244,toronto:244,15.680000,36.1773
toronto_query_-N8Ief4Q3CWSOSauaoVHkw,transfer_4,9012,jpeg50,self,1,toronto:244,toronto:244,15.679997,36.1773
zurich_query_0yT0tESrImO18FH9C5STzg,isotropic,1234,jpeg50,self,1,zurich:42,zurich:42,15.679996,36.1773
zurich_query_0yT0tESrImO18FH9C5STzg,white_box,1234,jpeg50,self,1,zurich:42,zurich:42,15.680000,36.1773
zurich_query_0yT0tESrImO18FH9C5STzg,transfer_1,1234,jpeg50,self,1,zurich:42,zurich:42,15.680000,36.1773
zurich_query_0yT0tESrImO18FH9C5STzg,transfer_2,1234,jpeg50,self,1,zurich:42,zurich:42,15.680000,36.1773
zurich_query_0yT0tESrImO18FH9C5STzg,transfer_3,1234,jpeg50,self,1,zurich:42,zurich:42,15.680000,36.1773
zurich_query_0yT0tESrImO18FH9C5STzg,transfer_4,1234,jpeg50,self,1,zurich:42,zurich:42,15.679998,36.1773
zurich_query_0yT0tESrImO18FH9C5STzg,isotropic,5678,jpeg50,self,1,zurich:42,zurich:42,15.680002,36.1773
zurich_query_0yT0tESrImO18FH9C5STzg,white_box,5678,jpeg50,self,1,zurich:42,zurich:42,15.680000,36.1773
zurich_query_0yT0tESrImO18FH9C5STzg,transfer_1,5678,jpeg50,self,1,zurich:42,zurich:42,15.680000,36.1773
zurich_query_0yT0tESrImO18FH9C5STzg,transfer_2,5678,jpeg50,self,1,zurich:42,zurich:42,15.679997,36.1773
zurich_query_0yT0tESrImO18FH9C5STzg,transfer_3,5678,jpeg50,self,1,zurich:42,zurich:42,15.679997,36.1773
zurich_query_0yT0tESrImO18FH9C5STzg,transfer_4,5678,jpeg50,self,1,zurich:42,zurich:42,15.679998,36.1773
zurich_query_0yT0tESrImO18FH9C5STzg,isotropic,9012,jpeg50,self,1,zurich:42,zurich:42,15.679997,36.1773
zurich_query_0yT0tESrImO18FH9C5STzg,white_box,9012,jpeg50,self,1,zurich:42,zurich:42,15.679997,36.1773
zurich_query_0yT0tESrImO18FH9C5STzg,transfer_1,9012,jpeg50,self,1,zurich:42,zurich:42,15.679997,36.1773
zurich_query_0yT0tESrImO18FH9C5STzg,transfer_2,9012,jpeg50,self,1,zurich:42,zurich:42,15.679998,36.1773
zurich_query_0yT0tESrImO18FH9C5STzg,transfer_3,9012,jpeg50,self,1,zurich:42,zurich:42,15.679997,36.1773
zurich_query_0yT0tESrImO18FH9C5STzg,transfer_4,9012,jpeg50,self,1,zurich:42,zurich:42,15.680001,36.1773
amman_query_2pCCoWfi0AP_93cYLKD9sA,isotropic,1234,jpeg50,self,3,manila:132,amman:1,15.679998,36.1773
amman_query_2pCCoWfi0AP_93cYLKD9sA,white_box,1234,jpeg50,self,3,amman:18,amman:1,15.679997,36.1773
amman_query_2pCCoWfi0AP_93cYLKD9sA,transfer_1,1234,jpeg50,self,1,amman:1,amman:1,15.680001,36.1773
amman_query_2pCCoWfi0AP_93cYLKD9sA,transfer_2,1234,jpeg50,self,2,amman:18,amman:1,15.680000,36.1773
amman_query_2pCCoWfi0AP_93cYLKD9sA,transfer_3,1234,jpeg50,self,3,amman:18,amman:1,15.679998,36.1773
amman_query_2pCCoWfi0AP_93cYLKD9sA,transfer_4,1234,jpeg50,self,5,amman:18,amman:1,15.679998,36.1773
amman_query_2pCCoWfi0AP_93cYLKD9sA,isotropic,5678,jpeg50,self,3,manila:132,amman:1,15.680000,36.1773
amman_query_2pCCoWfi0AP_93cYLKD9sA,white_box,5678,jpeg50,self,7,manila:132,amman:1,15.679998,36.1773
amman_query_2pCCoWfi0AP_93cYLKD9sA,transfer_1,5678,jpeg50,self,3,manila:132,amman:1,15.680000,36.1773
amman_query_2pCCoWfi0AP_93cYLKD9sA,transfer_2,5678,jpeg50,self,2,amman:18,amman:1,15.679997,36.1773
amman_query_2pCCoWfi0AP_93cYLKD9sA,transfer_3,5678,jpeg50,self,1,amman:1,amman:1,15.679998,36.1773
amman_query_2pCCoWfi0AP_93cYLKD9sA,transfer_4,5678,jpeg50,self,2,manila:132,amman:1,15.679997,36.1773
amman_query_2pCCoWfi0AP_93cYLKD9sA,isotropic,9012,jpeg50,self,3,manila:132,amman:1,15.680000,36.1773
amman_query_2pCCoWfi0AP_93cYLKD9sA,white_box,9012,jpeg50,self,3,amman:36,amman:1,15.680000,36.1773
amman_query_2pCCoWfi0AP_93cYLKD9sA,transfer_1,9012,jpeg50,self,1,amman:1,amman:1,15.680001,36.1773
amman_query_2pCCoWfi0AP_93cYLKD9sA,transfer_2,9012,jpeg50,self,2,amman:18,amman:1,15.679998,36.1773
amman_query_2pCCoWfi0AP_93cYLKD9sA,transfer_3,9012,jpeg50,self,1,amman:1,amman:1,15.679997,36.1773
amman_query_2pCCoWfi0AP_93cYLKD9sA,transfer_4,9012,jpeg50,self,2,manila:132,amman:1,15.679997,36.1773
boston_query_-YNCuOIwfe745OWl27FQZQ,isotropic,1234,jpeg50,self,1,boston:249,boston:249,15.680000,36.1773
boston_query_-YNCuOIwfe745OWl27FQZQ,white_box,1234,jpeg50,self,1,boston:249,boston:249,15.680000,36.1773
boston_query_-YNCuOIwfe745OWl27FQZQ,transfer_1,1234,jpeg50,self,1,boston:249,boston:249,15.680000,36.1773
boston_query_-YNCuOIwfe745OWl27FQZQ,transfer_2,1234,jpeg50,self,1,boston:249,boston:249,15.679997,36.1773
boston_query_-YNCuOIwfe745OWl27FQZQ,transfer_3,1234,jpeg50,self,1,boston:249,boston:249,15.680000,36.1773
boston_query_-YNCuOIwfe745OWl27FQZQ,transfer_4,1234,jpeg50,self,1,boston:249,boston:249,15.680000,36.1773
boston_query_-YNCuOIwfe745OWl27FQZQ,isotropic,5678,jpeg50,self,1,boston:249,boston:249,15.680001,36.1773
boston_query_-YNCuOIwfe745OWl27FQZQ,white_box,5678,jpeg50,self,1,boston:249,boston:249,15.679997,36.1773
boston_query_-YNCuOIwfe745OWl27FQZQ,transfer_1,5678,jpeg50,self,1,boston:249,boston:249,15.679998,36.1773
boston_query_-YNCuOIwfe745OWl27FQZQ,transfer_2,5678,jpeg50,self,1,boston:249,boston:249,15.679998,36.1773
boston_query_-YNCuOIwfe745OWl27FQZQ,transfer_3,5678,jpeg50,self,1,boston:249,boston:249,15.680000,36.1773
boston_query_-YNCuOIwfe745OWl27FQZQ,transfer_4,5678,jpeg50,self,1,boston:249,boston:249,15.679997,36.1773
boston_query_-YNCuOIwfe745OWl27FQZQ,isotropic,9012,jpeg50,self,1,boston:249,boston:249,15.680002,36.1773
boston_query_-YNCuOIwfe745OWl27FQZQ,white_box,9012,jpeg50,self,1,boston:249,boston:249,15.680000,36.1773
boston_query_-YNCuOIwfe745OWl27FQZQ,transfer_1,9012,jpeg50,self,1,boston:249,boston:249,15.680001,36.1773
boston_query_-YNCuOIwfe745OWl27FQZQ,transfer_2,9012,jpeg50,self,1,boston:249,boston:249,15.679998,36.1773
boston_query_-YNCuOIwfe745OWl27FQZQ,transfer_3,9012,jpeg50,self,1,boston:249,boston:249,15.680000,36.1773
boston_query_-YNCuOIwfe745OWl27FQZQ,transfer_4,9012,jpeg50,self,1,boston:249,boston:249,15.679997,36.1773
cph_query_-XYLPst0OjYGoPVJKGP1aA,isotropic,1234,jpeg50,self,1,cph:33,cph:33,15.679997,36.1773
cph_query_-XYLPst0OjYGoPVJKGP1aA,white_box,1234,jpeg50,self,1,cph:33,cph:33,15.679998,36.1773
cph_query_-XYLPst0OjYGoPVJKGP1aA,transfer_1,1234,jpeg50,self,1,cph:33,cph:33,15.680000,36.1773
cph_query_-XYLPst0OjYGoPVJKGP1aA,transfer_2,1234,jpeg50,self,1,cph:33,cph:33,15.680001,36.1773
cph_query_-XYLPst0OjYGoPVJKGP1aA,transfer_3,1234,jpeg50,self,1,cph:33,cph:33,15.679997,36.1773
cph_query_-XYLPst0OjYGoPVJKGP1aA,transfer_4,1234,jpeg50,self,1,cph:33,cph:33,15.679998,36.1773
cph_query_-XYLPst0OjYGoPVJKGP1aA,isotropic,5678,jpeg50,self,1,cph:33,cph:33,15.680000,36.1773
cph_query_-XYLPst0OjYGoPVJKGP1aA,white_box,5678,jpeg50,self,1,cph:33,cph:33,15.680000,36.1773
cph_query_-XYLPst0OjYGoPVJKGP1aA,transfer_1,5678,jpeg50,self,1,cph:33,cph:33,15.679997,36.1773
cph_query_-XYLPst0OjYGoPVJKGP1aA,transfer_2,5678,jpeg50,self,1,cph:33,cph:33,15.680000,36.1773
cph_query_-XYLPst0OjYGoPVJKGP1aA,transfer_3,5678,jpeg50,self,1,cph:33,cph:33,15.679998,36.1773
cph_query_-XYLPst0OjYGoPVJKGP1aA,transfer_4,5678,jpeg50,self,1,cph:33,cph:33,15.679997,36.1773
cph_query_-XYLPst0OjYGoPVJKGP1aA,isotropic,9012,jpeg50,self,1,cph:33,cph:33,15.680000,36.1773
cph_query_-XYLPst0OjYGoPVJKGP1aA,white_box,9012,jpeg50,self,1,cph:33,cph:33,15.680000,36.1773
cph_query_-XYLPst0OjYGoPVJKGP1aA,transfer_1,9012,jpeg50,self,1,cph:33,cph:33,15.680001,36.1773
cph_query_-XYLPst0OjYGoPVJKGP1aA,transfer_2,9012,jpeg50,self,1,cph:33,cph:33,15.679997,36.1773
cph_query_-XYLPst0OjYGoPVJKGP1aA,transfer_3,9012,jpeg50,self,1,cph:33,cph:33,15.679997,36.1773
cph_query_-XYLPst0OjYGoPVJKGP1aA,transfer_4,9012,jpeg50,self,1,cph:33,cph:33,15.679998,36.1773
london_query_0IFxmIDIkGlB0FShcszAfw,isotropic,1234,jpeg50,self,1,london:129,london:129,15.680000,36.1773
london_query_0IFxmIDIkGlB0FShcszAfw,white_box,1234,jpeg50,self,1,london:129,london:129,15.679997,36.1773
london_query_0IFxmIDIkGlB0FShcszAfw,transfer_1,1234,jpeg50,self,1,london:129,london:129,15.680000,36.1773
london_query_0IFxmIDIkGlB0FShcszAfw,transfer_2,1234,jpeg50,self,1,london:129,london:129,15.679997,36.1773
london_query_0IFxmIDIkGlB0FShcszAfw,transfer_3,1234,jpeg50,self,1,london:129,london:129,15.679997,36.1773
london_query_0IFxmIDIkGlB0FShcszAfw,transfer_4,1234,jpeg50,self,1,london:129,london:129,15.679997,36.1773
london_query_0IFxmIDIkGlB0FShcszAfw,isotropic,5678,jpeg50,self,1,london:129,london:129,15.679998,36.1773
london_query_0IFxmIDIkGlB0FShcszAfw,white_box,5678,jpeg50,self,1,london:129,london:129,15.680000,36.1773
london_query_0IFxmIDIkGlB0FShcszAfw,transfer_1,5678,jpeg50,self,1,london:129,london:129,15.679997,36.1773
london_query_0IFxmIDIkGlB0FShcszAfw,transfer_2,5678,jpeg50,self,1,london:129,london:129,15.679997,36.1773
london_query_0IFxmIDIkGlB0FShcszAfw,transfer_3,5678,jpeg50,self,1,london:129,london:129,15.680000,36.1773
london_query_0IFxmIDIkGlB0FShcszAfw,transfer_4,5678,jpeg50,self,1,london:129,london:129,15.680000,36.1773
london_query_0IFxmIDIkGlB0FShcszAfw,isotropic,9012,jpeg50,self,1,london:129,london:129,15.679997,36.1773
london_query_0IFxmIDIkGlB0FShcszAfw,white_box,9012,jpeg50,self,1,london:129,london:129,15.680000,36.1773
london_query_0IFxmIDIkGlB0FShcszAfw,transfer_1,9012,jpeg50,self,1,london:129,london:129,15.680000,36.1773
london_query_0IFxmIDIkGlB0FShcszAfw,transfer_2,9012,jpeg50,self,1,london:129,london:129,15.679998,36.1773
london_query_0IFxmIDIkGlB0FShcszAfw,transfer_3,9012,jpeg50,self,1,london:129,london:129,15.679997,36.1773
london_query_0IFxmIDIkGlB0FShcszAfw,transfer_4,9012,jpeg50,self,1,london:129,london:129,15.679997,36.1773
manila_query_-dvVr_QHKim5_WyUsv_Z4A,isotropic,1234,jpeg50,self,1,manila:142,manila:142,15.679998,36.1773
manila_query_-dvVr_QHKim5_WyUsv_Z4A,white_box,1234,jpeg50,self,1,manila:142,manila:142,15.679997,36.1773
manila_query_-dvVr_QHKim5_WyUsv_Z4A,transfer_1,1234,jpeg50,self,1,manila:142,manila:142,15.680000,36.1773
manila_query_-dvVr_QHKim5_WyUsv_Z4A,transfer_2,1234,jpeg50,self,1,manila:142,manila:142,15.679997,36.1773
manila_query_-dvVr_QHKim5_WyUsv_Z4A,transfer_3,1234,jpeg50,self,1,manila:142,manila:142,15.680000,36.1773
manila_query_-dvVr_QHKim5_WyUsv_Z4A,transfer_4,1234,jpeg50,self,1,manila:142,manila:142,15.679997,36.1773
manila_query_-dvVr_QHKim5_WyUsv_Z4A,isotropic,5678,jpeg50,self,1,manila:142,manila:142,15.679998,36.1773
manila_query_-dvVr_QHKim5_WyUsv_Z4A,white_box,5678,jpeg50,self,1,manila:142,manila:142,15.680000,36.1773
manila_query_-dvVr_QHKim5_WyUsv_Z4A,transfer_1,5678,jpeg50,self,1,manila:142,manila:142,15.679997,36.1773
manila_query_-dvVr_QHKim5_WyUsv_Z4A,transfer_2,5678,jpeg50,self,1,manila:142,manila:142,15.680001,36.1773
manila_query_-dvVr_QHKim5_WyUsv_Z4A,transfer_3,5678,jpeg50,self,1,manila:142,manila:142,15.680000,36.1773
manila_query_-dvVr_QHKim5_WyUsv_Z4A,transfer_4,5678,jpeg50,self,1,manila:142,manila:142,15.680001,36.1773
manila_query_-dvVr_QHKim5_WyUsv_Z4A,isotropic,9012,jpeg50,self,1,manila:142,manila:142,15.679998,36.1773
manila_query_-dvVr_QHKim5_WyUsv_Z4A,white_box,9012,jpeg50,self,1,manila:142,manila:142,15.679997,36.1773
manila_query_-dvVr_QHKim5_WyUsv_Z4A,transfer_1,9012,jpeg50,self,1,manila:142,manila:142,15.679997,36.1773
manila_query_-dvVr_QHKim5_WyUsv_Z4A,transfer_2,9012,jpeg50,self,1,manila:142,manila:142,15.679998,36.1773
manila_query_-dvVr_QHKim5_WyUsv_Z4A,transfer_3,9012,jpeg50,self,1,manila:142,manila:142,15.680000,36.1773
manila_query_-dvVr_QHKim5_WyUsv_Z4A,transfer_4,9012,jpeg50,self,1,manila:142,manila:142,15.679998,36.1773
nairobi_query_4_8wDQ5TQuzz_jEJKVIl0Q,isotropic,1234,jpeg50,self,1,nairobi:20,nairobi:20,15.680000,36.1773
nairobi_query_4_8wDQ5TQuzz_jEJKVIl0Q,white_box,1234,jpeg50,self,1,nairobi:20,nairobi:20,15.679997,36.1773
nairobi_query_4_8wDQ5TQuzz_jEJKVIl0Q,transfer_1,1234,jpeg50,self,1,nairobi:20,nairobi:20,15.679997,36.1773
nairobi_query_4_8wDQ5TQuzz_jEJKVIl0Q,transfer_2,1234,jpeg50,self,1,nairobi:20,nairobi:20,15.680000,36.1773
nairobi_query_4_8wDQ5TQuzz_jEJKVIl0Q,transfer_3,1234,jpeg50,self,1,nairobi:20,nairobi:20,15.679998,36.1773
nairobi_query_4_8wDQ5TQuzz_jEJKVIl0Q,transfer_4,1234,jpeg50,self,1,nairobi:20,nairobi:20,15.680001,36.1773
nairobi_query_4_8wDQ5TQuzz_jEJKVIl0Q,isotropic,5678,jpeg50,self,1,nairobi:20,nairobi:20,15.679997,36.1773
nairobi_query_4_8wDQ5TQuzz_jEJKVIl0Q,white_box,5678,jpeg50,self,1,nairobi:20,nairobi:20,15.679997,36.1773
nairobi_query_4_8wDQ5TQuzz_jEJKVIl0Q,transfer_1,5678,jpeg50,self,1,nairobi:20,nairobi:20,15.680001,36.1773
nairobi_query_4_8wDQ5TQuzz_jEJKVIl0Q,transfer_2,5678,jpeg50,self,1,nairobi:20,nairobi:20,15.679997,36.1773
nairobi_query_4_8wDQ5TQuzz_jEJKVIl0Q,transfer_3,5678,jpeg50,self,1,nairobi:20,nairobi:20,15.679997,36.1773
nairobi_query_4_8wDQ5TQuzz_jEJKVIl0Q,transfer_4,5678,jpeg50,self,1,nairobi:20,nairobi:20,15.680000,36.1773
nairobi_query_4_8wDQ5TQuzz_jEJKVIl0Q,isotropic,9012,jpeg50,self,1,nairobi:20,nairobi:20,15.680000,36.1773
nairobi_query_4_8wDQ5TQuzz_jEJKVIl0Q,white_box,9012,jpeg50,self,1,nairobi:20,nairobi:20,15.679997,36.1773
nairobi_query_4_8wDQ5TQuzz_jEJKVIl0Q,transfer_1,9012,jpeg50,self,1,nairobi:20,nairobi:20,15.679997,36.1773
nairobi_query_4_8wDQ5TQuzz_jEJKVIl0Q,transfer_2,9012,jpeg50,self,1,nairobi:20,nairobi:20,15.680000,36.1773
nairobi_query_4_8wDQ5TQuzz_jEJKVIl0Q,transfer_3,9012,jpeg50,self,1,nairobi:20,nairobi:20,15.679998,36.1773
nairobi_query_4_8wDQ5TQuzz_jEJKVIl0Q,transfer_4,9012,jpeg50,self,1,nairobi:20,nairobi:20,15.679998,36.1773
toronto_query_-OZxhiQ5zPqGdSRrqUMKfQ,isotropic,1234,jpeg50,self,1,toronto:151,toronto:151,15.679997,36.1773
toronto_query_-OZxhiQ5zPqGdSRrqUMKfQ,white_box,1234,jpeg50,self,1,toronto:151,toronto:151,15.680001,36.1773
toronto_query_-OZxhiQ5zPqGdSRrqUMKfQ,transfer_1,1234,jpeg50,self,1,toronto:151,toronto:151,15.680000,36.1773
toronto_query_-OZxhiQ5zPqGdSRrqUMKfQ,transfer_2,1234,jpeg50,self,1,toronto:151,toronto:151,15.680001,36.1773
toronto_query_-OZxhiQ5zPqGdSRrqUMKfQ,transfer_3,1234,jpeg50,self,1,toronto:151,toronto:151,15.679997,36.1773
toronto_query_-OZxhiQ5zPqGdSRrqUMKfQ,transfer_4,1234,jpeg50,self,1,toronto:151,toronto:151,15.679998,36.1773
toronto_query_-OZxhiQ5zPqGdSRrqUMKfQ,isotropic,5678,jpeg50,self,1,toronto:151,toronto:151,15.680000,36.1773
toronto_query_-OZxhiQ5zPqGdSRrqUMKfQ,white_box,5678,jpeg50,self,1,toronto:151,toronto:151,15.680001,36.1773
toronto_query_-OZxhiQ5zPqGdSRrqUMKfQ,transfer_1,5678,jpeg50,self,1,toronto:151,toronto:151,15.679998,36.1773
toronto_query_-OZxhiQ5zPqGdSRrqUMKfQ,transfer_2,5678,jpeg50,self,1,toronto:151,toronto:151,15.679997,36.1773
toronto_query_-OZxhiQ5zPqGdSRrqUMKfQ,transfer_3,5678,jpeg50,self,1,toronto:151,toronto:151,15.680001,36.1773
toronto_query_-OZxhiQ5zPqGdSRrqUMKfQ,transfer_4,5678,jpeg50,self,1,toronto:151,toronto:151,15.680000,36.1773
toronto_query_-OZxhiQ5zPqGdSRrqUMKfQ,isotropic,9012,jpeg50,self,1,toronto:151,toronto:151,15.680000,36.1773
toronto_query_-OZxhiQ5zPqGdSRrqUMKfQ,white_box,9012,jpeg50,self,1,toronto:151,toronto:151,15.680000,36.1773
toronto_query_-OZxhiQ5zPqGdSRrqUMKfQ,transfer_1,9012,jpeg50,self,1,toronto:151,toronto:151,15.679997,36.1773
toronto_query_-OZxhiQ5zPqGdSRrqUMKfQ,transfer_2,9012,jpeg50,self,1,toronto:151,toronto:151,15.680000,36.1773
toronto_query_-OZxhiQ5zPqGdSRrqUMKfQ,transfer_3,9012,jpeg50,self,1,toronto:151,toronto:151,15.680000,36.1773
toronto_query_-OZxhiQ5zPqGdSRrqUMKfQ,transfer_4,9012,jpeg50,self,1,toronto:151,toronto:151,15.680000,36.1773
zurich_query_0zEmJXMA03W0EBFP74wRVQ,isotropic,1234,jpeg50,self,1,zurich:60,zurich:60,15.679998,36.1773
zurich_query_0zEmJXMA03W0EBFP74wRVQ,white_box,1234,jpeg50,self,1,zurich:60,zurich:60,15.680000,36.1773
zurich_query_0zEmJXMA03W0EBFP74wRVQ,transfer_1,1234,jpeg50,self,1,zurich:60,zurich:60,15.679998,36.1773
zurich_query_0zEmJXMA03W0EBFP74wRVQ,transfer_2,1234,jpeg50,self,1,zurich:60,zurich:60,15.680001,36.1773
zurich_query_0zEmJXMA03W0EBFP74wRVQ,transfer_3,1234,jpeg50,self,1,zurich:60,zurich:60,15.679998,36.1773
zurich_query_0zEmJXMA03W0EBFP74wRVQ,transfer_4,1234,jpeg50,self,1,zurich:60,zurich:60,15.679998,36.1773
zurich_query_0zEmJXMA03W0EBFP74wRVQ,isotropic,5678,jpeg50,self,1,zurich:60,zurich:60,15.680000,36.1773
zurich_query_0zEmJXMA03W0EBFP74wRVQ,white_box,5678,jpeg50,self,1,zurich:60,zurich:60,15.679998,36.1773
zurich_query_0zEmJXMA03W0EBFP74wRVQ,transfer_1,5678,jpeg50,self,1,zurich:60,zurich:60,15.679998,36.1773
zurich_query_0zEmJXMA03W0EBFP74wRVQ,transfer_2,5678,jpeg50,self,1,zurich:60,zurich:60,15.680000,36.1773
zurich_query_0zEmJXMA03W0EBFP74wRVQ,transfer_3,5678,jpeg50,self,1,zurich:60,zurich:60,15.679997,36.1773
zurich_query_0zEmJXMA03W0EBFP74wRVQ,transfer_4,5678,jpeg50,self,1,zurich:60,zurich:60,15.680000,36.1773
zurich_query_0zEmJXMA03W0EBFP74wRVQ,isotropic,9012,jpeg50,self,1,zurich:60,zurich:60,15.680000,36.1773
zurich_query_0zEmJXMA03W0EBFP74wRVQ,white_box,9012,jpeg50,self,1,zurich:60,zurich:60,15.679997,36.1773
zurich_query_0zEmJXMA03W0EBFP74wRVQ,transfer_1,9012,jpeg50,self,1,zurich:60,zurich:60,15.679997,36.1773
zurich_query_0zEmJXMA03W0EBFP74wRVQ,transfer_2,9012,jpeg50,self,1,zurich:60,zurich:60,15.680000,36.1773
zurich_query_0zEmJXMA03W0EBFP74wRVQ,transfer_3,9012,jpeg50,self,1,zurich:60,zurich:60,15.679998,36.1773
zurich_query_0zEmJXMA03W0EBFP74wRVQ,transfer_4,9012,jpeg50,self,1,zurich:60,zurich:60,15.680001,36.1773
amman_query_2pZlZDNh_3B-gECdtvklWQ,isotropic,1234,jpeg50,self,1,amman:29,amman:29,15.680000,36.1773
amman_query_2pZlZDNh_3B-gECdtvklWQ,white_box,1234,jpeg50,self,1,amman:29,amman:29,15.679997,36.1773
amman_query_2pZlZDNh_3B-gECdtvklWQ,transfer_1,1234,jpeg50,self,1,amman:29,amman:29,15.679997,36.1773
amman_query_2pZlZDNh_3B-gECdtvklWQ,transfer_2,1234,jpeg50,self,1,amman:29,amman:29,15.679998,36.1773
amman_query_2pZlZDNh_3B-gECdtvklWQ,transfer_3,1234,jpeg50,self,1,amman:29,amman:29,15.679997,36.1773
amman_query_2pZlZDNh_3B-gECdtvklWQ,transfer_4,1234,jpeg50,self,1,amman:29,amman:29,15.680000,36.1773
amman_query_2pZlZDNh_3B-gECdtvklWQ,isotropic,5678,jpeg50,self,1,amman:29,amman:29,15.680000,36.1773
amman_query_2pZlZDNh_3B-gECdtvklWQ,white_box,5678,jpeg50,self,1,amman:29,amman:29,15.680000,36.1773
amman_query_2pZlZDNh_3B-gECdtvklWQ,transfer_1,5678,jpeg50,self,1,amman:29,amman:29,15.680001,36.1773
amman_query_2pZlZDNh_3B-gECdtvklWQ,transfer_2,5678,jpeg50,self,1,amman:29,amman:29,15.680001,36.1773
amman_query_2pZlZDNh_3B-gECdtvklWQ,transfer_3,5678,jpeg50,self,1,amman:29,amman:29,15.680000,36.1773
amman_query_2pZlZDNh_3B-gECdtvklWQ,transfer_4,5678,jpeg50,self,1,amman:29,amman:29,15.680002,36.1773
amman_query_2pZlZDNh_3B-gECdtvklWQ,isotropic,9012,jpeg50,self,1,amman:29,amman:29,15.680000,36.1773
amman_query_2pZlZDNh_3B-gECdtvklWQ,white_box,9012,jpeg50,self,1,amman:29,amman:29,15.679997,36.1773
amman_query_2pZlZDNh_3B-gECdtvklWQ,transfer_1,9012,jpeg50,self,1,amman:29,amman:29,15.680000,36.1773
amman_query_2pZlZDNh_3B-gECdtvklWQ,transfer_2,9012,jpeg50,self,1,amman:29,amman:29,15.680000,36.1773
amman_query_2pZlZDNh_3B-gECdtvklWQ,transfer_3,9012,jpeg50,self,1,amman:29,amman:29,15.680000,36.1773
amman_query_2pZlZDNh_3B-gECdtvklWQ,transfer_4,9012,jpeg50,self,1,amman:29,amman:29,15.680000,36.1773
boston_query_-Zk-uQZzECPhvd8WV6mxhQ,isotropic,1234,jpeg50,self,1,boston:216,boston:216,15.679998,36.1773
boston_query_-Zk-uQZzECPhvd8WV6mxhQ,white_box,1234,jpeg50,self,1,boston:216,boston:216,15.679998,36.1773
boston_query_-Zk-uQZzECPhvd8WV6mxhQ,transfer_1,1234,jpeg50,self,1,boston:216,boston:216,15.680000,36.1773
boston_query_-Zk-uQZzECPhvd8WV6mxhQ,transfer_2,1234,jpeg50,self,1,boston:216,boston:216,15.679997,36.1773
boston_query_-Zk-uQZzECPhvd8WV6mxhQ,transfer_3,1234,jpeg50,self,1,boston:216,boston:216,15.679997,36.1773
boston_query_-Zk-uQZzECPhvd8WV6mxhQ,transfer_4,1234,jpeg50,self,1,boston:216,boston:216,15.679997,36.1773
boston_query_-Zk-uQZzECPhvd8WV6mxhQ,isotropic,5678,jpeg50,self,1,boston:216,boston:216,15.679997,36.1773
boston_query_-Zk-uQZzECPhvd8WV6mxhQ,white_box,5678,jpeg50,self,1,boston:216,boston:216,15.679997,36.1773
boston_query_-Zk-uQZzECPhvd8WV6mxhQ,transfer_1,5678,jpeg50,self,1,boston:216,boston:216,15.680000,36.1773
boston_query_-Zk-uQZzECPhvd8WV6mxhQ,transfer_2,5678,jpeg50,self,1,boston:216,boston:216,15.679998,36.1773
boston_query_-Zk-uQZzECPhvd8WV6mxhQ,transfer_3,5678,jpeg50,self,1,boston:216,boston:216,15.680001,36.1773
boston_query_-Zk-uQZzECPhvd8WV6mxhQ,transfer_4,5678,jpeg50,self,1,boston:216,boston:216,15.680000,36.1773
boston_query_-Zk-uQZzECPhvd8WV6mxhQ,isotropic,9012,jpeg50,self,1,boston:216,boston:216,15.680000,36.1773
boston_query_-Zk-uQZzECPhvd8WV6mxhQ,white_box,9012,jpeg50,self,1,boston:216,boston:216,15.679998,36.1773
boston_query_-Zk-uQZzECPhvd8WV6mxhQ,transfer_1,9012,jpeg50,self,1,boston:216,boston:216,15.680000,36.1773
boston_query_-Zk-uQZzECPhvd8WV6mxhQ,transfer_2,9012,jpeg50,self,1,boston:216,boston:216,15.680000,36.1773
boston_query_-Zk-uQZzECPhvd8WV6mxhQ,transfer_3,9012,jpeg50,self,1,boston:216,boston:216,15.679996,36.1773
boston_query_-Zk-uQZzECPhvd8WV6mxhQ,transfer_4,9012,jpeg50,self,1,boston:216,boston:216,15.679997,36.1773
cph_query_-YjbrleIz5WKWE1Rmmo4fg,isotropic,1234,jpeg50,self,1,cph:279,cph:279,15.679997,36.1773
cph_query_-YjbrleIz5WKWE1Rmmo4fg,white_box,1234,jpeg50,self,1,cph:279,cph:279,15.679997,36.1773
cph_query_-YjbrleIz5WKWE1Rmmo4fg,transfer_1,1234,jpeg50,self,1,cph:279,cph:279,15.680000,36.1773
cph_query_-YjbrleIz5WKWE1Rmmo4fg,transfer_2,1234,jpeg50,self,1,cph:279,cph:279,15.679998,36.1773
cph_query_-YjbrleIz5WKWE1Rmmo4fg,transfer_3,1234,jpeg50,self,1,cph:279,cph:279,15.679998,36.1773
cph_query_-YjbrleIz5WKWE1Rmmo4fg,transfer_4,1234,jpeg50,self,1,cph:279,cph:279,15.679997,36.1773
cph_query_-YjbrleIz5WKWE1Rmmo4fg,isotropic,5678,jpeg50,self,1,cph:279,cph:279,15.679997,36.1773
cph_query_-YjbrleIz5WKWE1Rmmo4fg,white_box,5678,jpeg50,self,1,cph:279,cph:279,15.679997,36.1773
cph_query_-YjbrleIz5WKWE1Rmmo4fg,transfer_1,5678,jpeg50,self,1,cph:279,cph:279,15.679998,36.1773
cph_query_-YjbrleIz5WKWE1Rmmo4fg,transfer_2,5678,jpeg50,self,1,cph:279,cph:279,15.680000,36.1773
cph_query_-YjbrleIz5WKWE1Rmmo4fg,transfer_3,5678,jpeg50,self,1,cph:279,cph:279,15.679997,36.1773
cph_query_-YjbrleIz5WKWE1Rmmo4fg,transfer_4,5678,jpeg50,self,1,cph:279,cph:279,15.680001,36.1773
cph_query_-YjbrleIz5WKWE1Rmmo4fg,isotropic,9012,jpeg50,self,1,cph:279,cph:279,15.679998,36.1773
cph_query_-YjbrleIz5WKWE1Rmmo4fg,white_box,9012,jpeg50,self,1,cph:279,cph:279,15.680002,36.1773
cph_query_-YjbrleIz5WKWE1Rmmo4fg,transfer_1,9012,jpeg50,self,1,cph:279,cph:279,15.679998,36.1773
cph_query_-YjbrleIz5WKWE1Rmmo4fg,transfer_2,9012,jpeg50,self,1,cph:279,cph:279,15.679997,36.1773
cph_query_-YjbrleIz5WKWE1Rmmo4fg,transfer_3,9012,jpeg50,self,1,cph:279,cph:279,15.679997,36.1773
cph_query_-YjbrleIz5WKWE1Rmmo4fg,transfer_4,9012,jpeg50,self,1,cph:279,cph:279,15.679997,36.1773
london_query_0LQj6exgKdVQbIBlQAVcrw,isotropic,1234,jpeg50,self,526,boston:237,london:73,15.679998,36.1773
london_query_0LQj6exgKdVQbIBlQAVcrw,white_box,1234,jpeg50,self,242,boston:237,london:73,15.679998,36.1773
london_query_0LQj6exgKdVQbIBlQAVcrw,transfer_1,1234,jpeg50,self,424,boston:237,london:73,15.680000,36.1773
london_query_0LQj6exgKdVQbIBlQAVcrw,transfer_2,1234,jpeg50,self,643,boston:237,london:73,15.680000,36.1773
london_query_0LQj6exgKdVQbIBlQAVcrw,transfer_3,1234,jpeg50,self,340,boston:237,london:73,15.679998,36.1773
london_query_0LQj6exgKdVQbIBlQAVcrw,transfer_4,1234,jpeg50,self,415,manila:88,london:73,15.680000,36.1773
london_query_0LQj6exgKdVQbIBlQAVcrw,isotropic,5678,jpeg50,self,270,boston:237,london:73,15.680000,36.1773
london_query_0LQj6exgKdVQbIBlQAVcrw,white_box,5678,jpeg50,self,536,boston:237,london:73,15.679997,36.1773
london_query_0LQj6exgKdVQbIBlQAVcrw,transfer_1,5678,jpeg50,self,394,boston:237,london:73,15.680000,36.1773
london_query_0LQj6exgKdVQbIBlQAVcrw,transfer_2,5678,jpeg50,self,587,boston:237,london:73,15.679997,36.1773
london_query_0LQj6exgKdVQbIBlQAVcrw,transfer_3,5678,jpeg50,self,394,boston:235,london:73,15.679997,36.1773
london_query_0LQj6exgKdVQbIBlQAVcrw,transfer_4,5678,jpeg50,self,473,boston:237,london:73,15.679997,36.1773
london_query_0LQj6exgKdVQbIBlQAVcrw,isotropic,9012,jpeg50,self,310,boston:237,london:73,15.679997,36.1773
london_query_0LQj6exgKdVQbIBlQAVcrw,white_box,9012,jpeg50,self,142,boston:206,london:73,15.679998,36.1773
london_query_0LQj6exgKdVQbIBlQAVcrw,transfer_1,9012,jpeg50,self,298,boston:237,london:73,15.679997,36.1773
london_query_0LQj6exgKdVQbIBlQAVcrw,transfer_2,9012,jpeg50,self,548,boston:237,london:73,15.680000,36.1773
london_query_0LQj6exgKdVQbIBlQAVcrw,transfer_3,9012,jpeg50,self,447,manila:82,london:73,15.680002,36.1773
london_query_0LQj6exgKdVQbIBlQAVcrw,transfer_4,9012,jpeg50,self,134,boston:235,london:73,15.680002,36.1773
manila_query_-fizm8lmdD_ORe0_j5qnJQ,isotropic,1234,jpeg50,self,1,manila:6,manila:6,15.679997,36.1773
manila_query_-fizm8lmdD_ORe0_j5qnJQ,white_box,1234,jpeg50,self,1,manila:6,manila:6,15.680000,36.1773
manila_query_-fizm8lmdD_ORe0_j5qnJQ,transfer_1,1234,jpeg50,self,1,manila:6,manila:6,15.680000,36.1773
manila_query_-fizm8lmdD_ORe0_j5qnJQ,transfer_2,1234,jpeg50,self,1,manila:6,manila:6,15.679997,36.1773
manila_query_-fizm8lmdD_ORe0_j5qnJQ,transfer_3,1234,jpeg50,self,1,manila:6,manila:6,15.680000,36.1773
manila_query_-fizm8lmdD_ORe0_j5qnJQ,transfer_4,1234,jpeg50,self,1,manila:6,manila:6,15.680000,36.1773
manila_query_-fizm8lmdD_ORe0_j5qnJQ,isotropic,5678,jpeg50,self,1,manila:6,manila:6,15.680002,36.1773
manila_query_-fizm8lmdD_ORe0_j5qnJQ,white_box,5678,jpeg50,self,1,manila:6,manila:6,15.679997,36.1773
manila_query_-fizm8lmdD_ORe0_j5qnJQ,transfer_1,5678,jpeg50,self,1,manila:6,manila:6,15.680001,36.1773
manila_query_-fizm8lmdD_ORe0_j5qnJQ,transfer_2,5678,jpeg50,self,1,manila:6,manila:6,15.680001,36.1773
manila_query_-fizm8lmdD_ORe0_j5qnJQ,transfer_3,5678,jpeg50,self,1,manila:6,manila:6,15.679997,36.1773
manila_query_-fizm8lmdD_ORe0_j5qnJQ,transfer_4,5678,jpeg50,self,1,manila:6,manila:6,15.679997,36.1773
manila_query_-fizm8lmdD_ORe0_j5qnJQ,isotropic,9012,jpeg50,self,1,manila:6,manila:6,15.679997,36.1773
manila_query_-fizm8lmdD_ORe0_j5qnJQ,white_box,9012,jpeg50,self,1,manila:6,manila:6,15.679997,36.1773
manila_query_-fizm8lmdD_ORe0_j5qnJQ,transfer_1,9012,jpeg50,self,1,manila:6,manila:6,15.679997,36.1773
manila_query_-fizm8lmdD_ORe0_j5qnJQ,transfer_2,9012,jpeg50,self,1,manila:6,manila:6,15.679997,36.1773
manila_query_-fizm8lmdD_ORe0_j5qnJQ,transfer_3,9012,jpeg50,self,1,manila:6,manila:6,15.679998,36.1773
manila_query_-fizm8lmdD_ORe0_j5qnJQ,transfer_4,9012,jpeg50,self,1,manila:6,manila:6,15.680001,36.1773
nairobi_query_4otBu8pxIHc7lXwh66bqHQ,isotropic,1234,jpeg50,self,283,amman:1,nairobi:2,15.680000,36.1773
nairobi_query_4otBu8pxIHc7lXwh66bqHQ,white_box,1234,jpeg50,self,428,amman:1,nairobi:2,15.680000,36.1773
nairobi_query_4otBu8pxIHc7lXwh66bqHQ,transfer_1,1234,jpeg50,self,668,amman:1,nairobi:2,15.679997,36.1773
nairobi_query_4otBu8pxIHc7lXwh66bqHQ,transfer_2,1234,jpeg50,self,714,amman:1,nairobi:2,15.679997,36.1773
nairobi_query_4otBu8pxIHc7lXwh66bqHQ,transfer_3,1234,jpeg50,self,507,amman:1,nairobi:2,15.680000,36.1773
nairobi_query_4otBu8pxIHc7lXwh66bqHQ,transfer_4,1234,jpeg50,self,502,amman:1,nairobi:2,15.680000,36.1773
nairobi_query_4otBu8pxIHc7lXwh66bqHQ,isotropic,5678,jpeg50,self,415,amman:1,nairobi:2,15.680000,36.1773
nairobi_query_4otBu8pxIHc7lXwh66bqHQ,white_box,5678,jpeg50,self,341,amman:1,nairobi:2,15.679998,36.1773
nairobi_query_4otBu8pxIHc7lXwh66bqHQ,transfer_1,5678,jpeg50,self,597,amman:1,nairobi:2,15.680001,36.1773
nairobi_query_4otBu8pxIHc7lXwh66bqHQ,transfer_2,5678,jpeg50,self,604,amman:1,nairobi:2,15.679997,36.1773
nairobi_query_4otBu8pxIHc7lXwh66bqHQ,transfer_3,5678,jpeg50,self,708,amman:1,nairobi:2,15.680001,36.1773
nairobi_query_4otBu8pxIHc7lXwh66bqHQ,transfer_4,5678,jpeg50,self,902,amman:1,nairobi:2,15.680001,36.1773
nairobi_query_4otBu8pxIHc7lXwh66bqHQ,isotropic,9012,jpeg50,self,509,amman:1,nairobi:2,15.679998,36.1773
nairobi_query_4otBu8pxIHc7lXwh66bqHQ,white_box,9012,jpeg50,self,468,zurich:22,nairobi:2,15.680000,36.1773
nairobi_query_4otBu8pxIHc7lXwh66bqHQ,transfer_1,9012,jpeg50,self,742,amman:1,nairobi:2,15.679997,36.1773
nairobi_query_4otBu8pxIHc7lXwh66bqHQ,transfer_2,9012,jpeg50,self,249,amman:1,nairobi:2,15.680000,36.1773
nairobi_query_4otBu8pxIHc7lXwh66bqHQ,transfer_3,9012,jpeg50,self,658,amman:1,nairobi:2,15.680001,36.1773
nairobi_query_4otBu8pxIHc7lXwh66bqHQ,transfer_4,9012,jpeg50,self,560,amman:1,nairobi:2,15.680001,36.1773
toronto_query_-Pkw8dqFfD76K-CZ7pnCVQ,isotropic,1234,jpeg50,self,1,toronto:258,toronto:258,15.679996,36.1773
toronto_query_-Pkw8dqFfD76K-CZ7pnCVQ,white_box,1234,jpeg50,self,1,toronto:258,toronto:258,15.679998,36.1773
toronto_query_-Pkw8dqFfD76K-CZ7pnCVQ,transfer_1,1234,jpeg50,self,1,toronto:258,toronto:258,15.680001,36.1773
toronto_query_-Pkw8dqFfD76K-CZ7pnCVQ,transfer_2,1234,jpeg50,self,1,toronto:258,toronto:258,15.679998,36.1773
toronto_query_-Pkw8dqFfD76K-CZ7pnCVQ,transfer_3,1234,jpeg50,self,1,toronto:258,toronto:258,15.679998,36.1773
toronto_query_-Pkw8dqFfD76K-CZ7pnCVQ,transfer_4,1234,jpeg50,self,1,toronto:258,toronto:258,15.680000,36.1773
toronto_query_-Pkw8dqFfD76K-CZ7pnCVQ,isotropic,5678,jpeg50,self,1,toronto:258,toronto:258,15.679997,36.1773
toronto_query_-Pkw8dqFfD76K-CZ7pnCVQ,white_box,5678,jpeg50,self,1,toronto:258,toronto:258,15.680000,36.1773
toronto_query_-Pkw8dqFfD76K-CZ7pnCVQ,transfer_1,5678,jpeg50,self,1,toronto:258,toronto:258,15.679998,36.1773
toronto_query_-Pkw8dqFfD76K-CZ7pnCVQ,transfer_2,5678,jpeg50,self,1,toronto:258,toronto:258,15.680000,36.1773
toronto_query_-Pkw8dqFfD76K-CZ7pnCVQ,transfer_3,5678,jpeg50,self,1,toronto:258,toronto:258,15.680001,36.1773
toronto_query_-Pkw8dqFfD76K-CZ7pnCVQ,transfer_4,5678,jpeg50,self,1,toronto:258,toronto:258,15.679997,36.1773
toronto_query_-Pkw8dqFfD76K-CZ7pnCVQ,isotropic,9012,jpeg50,self,1,toronto:258,toronto:258,15.679996,36.1773
toronto_query_-Pkw8dqFfD76K-CZ7pnCVQ,white_box,9012,jpeg50,self,1,toronto:258,toronto:258,15.680001,36.1773
toronto_query_-Pkw8dqFfD76K-CZ7pnCVQ,transfer_1,9012,jpeg50,self,1,toronto:258,toronto:258,15.679997,36.1773
toronto_query_-Pkw8dqFfD76K-CZ7pnCVQ,transfer_2,9012,jpeg50,self,1,toronto:258,toronto:258,15.679998,36.1773
toronto_query_-Pkw8dqFfD76K-CZ7pnCVQ,transfer_3,9012,jpeg50,self,1,toronto:258,toronto:258,15.679997,36.1773
toronto_query_-Pkw8dqFfD76K-CZ7pnCVQ,transfer_4,9012,jpeg50,self,1,toronto:258,toronto:258,15.680001,36.1773
zurich_query_1-8NWRY7HPTPq2lkQitPfw,isotropic,1234,jpeg50,self,1,zurich:103,zurich:103,15.680001,36.1773
zurich_query_1-8NWRY7HPTPq2lkQitPfw,white_box,1234,jpeg50,self,1,zurich:103,zurich:103,15.680002,36.1773
zurich_query_1-8NWRY7HPTPq2lkQitPfw,transfer_1,1234,jpeg50,self,1,zurich:103,zurich:103,15.679996,36.1773
zurich_query_1-8NWRY7HPTPq2lkQitPfw,transfer_2,1234,jpeg50,self,1,zurich:103,zurich:103,15.680000,36.1773
zurich_query_1-8NWRY7HPTPq2lkQitPfw,transfer_3,1234,jpeg50,self,1,zurich:103,zurich:103,15.679996,36.1773
zurich_query_1-8NWRY7HPTPq2lkQitPfw,transfer_4,1234,jpeg50,self,1,zurich:103,zurich:103,15.679996,36.1773
zurich_query_1-8NWRY7HPTPq2lkQitPfw,isotropic,5678,jpeg50,self,1,zurich:103,zurich:103,15.679997,36.1773
zurich_query_1-8NWRY7HPTPq2lkQitPfw,white_box,5678,jpeg50,self,1,zurich:103,zurich:103,15.680001,36.1773
zurich_query_1-8NWRY7HPTPq2lkQitPfw,transfer_1,5678,jpeg50,self,1,zurich:103,zurich:103,15.679997,36.1773
zurich_query_1-8NWRY7HPTPq2lkQitPfw,transfer_2,5678,jpeg50,self,1,zurich:103,zurich:103,15.679997,36.1773
zurich_query_1-8NWRY7HPTPq2lkQitPfw,transfer_3,5678,jpeg50,self,1,zurich:103,zurich:103,15.679997,36.1773
zurich_query_1-8NWRY7HPTPq2lkQitPfw,transfer_4,5678,jpeg50,self,1,zurich:103,zurich:103,15.679998,36.1773
zurich_query_1-8NWRY7HPTPq2lkQitPfw,isotropic,9012,jpeg50,self,1,zurich:103,zurich:103,15.679996,36.1773
zurich_query_1-8NWRY7HPTPq2lkQitPfw,white_box,9012,jpeg50,self,1,zurich:103,zurich:103,15.680001,36.1773
zurich_query_1-8NWRY7HPTPq2lkQitPfw,transfer_1,9012,jpeg50,self,1,zurich:103,zurich:103,15.680000,36.1773
zurich_query_1-8NWRY7HPTPq2lkQitPfw,transfer_2,9012,jpeg50,self,1,zurich:103,zurich:103,15.679997,36.1773
zurich_query_1-8NWRY7HPTPq2lkQitPfw,transfer_3,9012,jpeg50,self,1,zurich:103,zurich:103,15.680002,36.1773
zurich_query_1-8NWRY7HPTPq2lkQitPfw,transfer_4,9012,jpeg50,self,1,zurich:103,zurich:103,15.680000,36.1773
amman_query_2rTDzpKAZdmx5K2aSyos9w,isotropic,1234,jpeg50,self,43,amman:0,amman:11,15.680000,36.1773
amman_query_2rTDzpKAZdmx5K2aSyos9w,white_box,1234,jpeg50,self,1,amman:11,amman:11,15.680000,36.1773
amman_query_2rTDzpKAZdmx5K2aSyos9w,transfer_1,1234,jpeg50,self,3,amman:0,amman:11,15.679997,36.1773
amman_query_2rTDzpKAZdmx5K2aSyos9w,transfer_2,1234,jpeg50,self,10,amman:0,amman:11,15.680001,36.1773
amman_query_2rTDzpKAZdmx5K2aSyos9w,transfer_3,1234,jpeg50,self,14,toronto:34,amman:11,15.680000,36.1773
amman_query_2rTDzpKAZdmx5K2aSyos9w,transfer_4,1234,jpeg50,self,9,toronto:34,amman:11,15.679998,36.1773
amman_query_2rTDzpKAZdmx5K2aSyos9w,isotropic,5678,jpeg50,self,21,amman:0,amman:11,15.679997,36.1773
amman_query_2rTDzpKAZdmx5K2aSyos9w,white_box,5678,jpeg50,self,1,amman:11,amman:11,15.680000,36.1773
amman_query_2rTDzpKAZdmx5K2aSyos9w,transfer_1,5678,jpeg50,self,7,amman:0,amman:11,15.679998,36.1773
amman_query_2rTDzpKAZdmx5K2aSyos9w,transfer_2,5678,jpeg50,self,10,amman:0,amman:11,15.680000,36.1773
amman_query_2rTDzpKAZdmx5K2aSyos9w,transfer_3,5678,jpeg50,self,14,amman:0,amman:11,15.679997,36.1773
amman_query_2rTDzpKAZdmx5K2aSyos9w,transfer_4,5678,jpeg50,self,18,nairobi:22,amman:11,15.680000,36.1773
amman_query_2rTDzpKAZdmx5K2aSyos9w,isotropic,9012,jpeg50,self,23,amman:0,amman:11,15.680000,36.1773
amman_query_2rTDzpKAZdmx5K2aSyos9w,white_box,9012,jpeg50,self,11,nairobi:19,amman:11,15.680001,36.1773
amman_query_2rTDzpKAZdmx5K2aSyos9w,transfer_1,9012,jpeg50,self,24,toronto:34,amman:11,15.679998,36.1773
amman_query_2rTDzpKAZdmx5K2aSyos9w,transfer_2,9012,jpeg50,self,3,toronto:34,amman:11,15.680000,36.1773
amman_query_2rTDzpKAZdmx5K2aSyos9w,transfer_3,9012,jpeg50,self,13,amman:0,amman:11,15.680000,36.1773
amman_query_2rTDzpKAZdmx5K2aSyos9w,transfer_4,9012,jpeg50,self,12,amman:0,amman:11,15.679997,36.1773
boston_query_-_69BJwJSLQGnzQD20QsOg,isotropic,1234,jpeg50,self,1,boston:27,boston:27,15.679996,36.1773
boston_query_-_69BJwJSLQGnzQD20QsOg,white_box,1234,jpeg50,self,1,boston:27,boston:27,15.680000,36.1773
boston_query_-_69BJwJSLQGnzQD20QsOg,transfer_1,1234,jpeg50,self,1,boston:27,boston:27,15.679997,36.1773
boston_query_-_69BJwJSLQGnzQD20QsOg,transfer_2,1234,jpeg50,self,1,boston:27,boston:27,15.679997,36.1773
boston_query_-_69BJwJSLQGnzQD20QsOg,transfer_3,1234,jpeg50,self,1,boston:27,boston:27,15.680001,36.1773
boston_query_-_69BJwJSLQGnzQD20QsOg,transfer_4,1234,jpeg50,self,1,boston:27,boston:27,15.680000,36.1773
boston_query_-_69BJwJSLQGnzQD20QsOg,isotropic,5678,jpeg50,self,1,boston:27,boston:27,15.679996,36.1773
boston_query_-_69BJwJSLQGnzQD20QsOg,white_box,5678,jpeg50,self,1,boston:27,boston:27,15.680001,36.1773
boston_query_-_69BJwJSLQGnzQD20QsOg,transfer_1,5678,jpeg50,self,1,boston:27,boston:27,15.680000,36.1773
boston_query_-_69BJwJSLQGnzQD20QsOg,transfer_2,5678,jpeg50,self,1,boston:27,boston:27,15.679997,36.1773
boston_query_-_69BJwJSLQGnzQD20QsOg,transfer_3,5678,jpeg50,self,1,boston:27,boston:27,15.680000,36.1773
boston_query_-_69BJwJSLQGnzQD20QsOg,transfer_4,5678,jpeg50,self,1,boston:27,boston:27,15.679997,36.1773
boston_query_-_69BJwJSLQGnzQD20QsOg,isotropic,9012,jpeg50,self,1,boston:27,boston:27,15.680001,36.1773
boston_query_-_69BJwJSLQGnzQD20QsOg,white_box,9012,jpeg50,self,1,boston:27,boston:27,15.680001,36.1773
boston_query_-_69BJwJSLQGnzQD20QsOg,transfer_1,9012,jpeg50,self,1,boston:27,boston:27,15.680000,36.1773
boston_query_-_69BJwJSLQGnzQD20QsOg,transfer_2,9012,jpeg50,self,1,boston:27,boston:27,15.680000,36.1773
boston_query_-_69BJwJSLQGnzQD20QsOg,transfer_3,9012,jpeg50,self,1,boston:27,boston:27,15.679997,36.1773
boston_query_-_69BJwJSLQGnzQD20QsOg,transfer_4,9012,jpeg50,self,1,boston:27,boston:27,15.680000,36.1773
cph_query_-YnFOjTmnQhpLwXt2EJ1QQ,isotropic,1234,jpeg50,self,1,cph:264,cph:264,15.679996,36.1773
cph_query_-YnFOjTmnQhpLwXt2EJ1QQ,white_box,1234,jpeg50,self,1,cph:264,cph:264,15.679997,36.1773
cph_query_-YnFOjTmnQhpLwXt2EJ1QQ,transfer_1,1234,jpeg50,self,1,cph:264,cph:264,15.679997,36.1773
cph_query_-YnFOjTmnQhpLwXt2EJ1QQ,transfer_2,1234,jpeg50,self,1,cph:264,cph:264,15.680000,36.1773
cph_query_-YnFOjTmnQhpLwXt2EJ1QQ,transfer_3,1234,jpeg50,self,1,cph:264,cph:264,15.679998,36.1773
cph_query_-YnFOjTmnQhpLwXt2EJ1QQ,transfer_4,1234,jpeg50,self,1,cph:264,cph:264,15.679997,36.1773
cph_query_-YnFOjTmnQhpLwXt2EJ1QQ,isotropic,5678,jpeg50,self,1,cph:264,cph:264,15.680002,36.1773
cph_query_-YnFOjTmnQhpLwXt2EJ1QQ,white_box,5678,jpeg50,self,1,cph:264,cph:264,15.680000,36.1773
cph_query_-YnFOjTmnQhpLwXt2EJ1QQ,transfer_1,5678,jpeg50,self,1,cph:264,cph:264,15.679997,36.1773
cph_query_-YnFOjTmnQhpLwXt2EJ1QQ,transfer_2,5678,jpeg50,self,1,cph:264,cph:264,15.680000,36.1773
cph_query_-YnFOjTmnQhpLwXt2EJ1QQ,transfer_3,5678,jpeg50,self,1,cph:264,cph:264,15.679998,36.1773
cph_query_-YnFOjTmnQhpLwXt2EJ1QQ,transfer_4,5678,jpeg50,self,1,cph:264,cph:264,15.679997,36.1773
cph_query_-YnFOjTmnQhpLwXt2EJ1QQ,isotropic,9012,jpeg50,self,1,cph:264,cph:264,15.679997,36.1773
cph_query_-YnFOjTmnQhpLwXt2EJ1QQ,white_box,9012,jpeg50,self,1,cph:264,cph:264,15.680000,36.1773
cph_query_-YnFOjTmnQhpLwXt2EJ1QQ,transfer_1,9012,jpeg50,self,1,cph:264,cph:264,15.679997,36.1773
cph_query_-YnFOjTmnQhpLwXt2EJ1QQ,transfer_2,9012,jpeg50,self,1,cph:264,cph:264,15.679997,36.1773
cph_query_-YnFOjTmnQhpLwXt2EJ1QQ,transfer_3,9012,jpeg50,self,1,cph:264,cph:264,15.680000,36.1773
cph_query_-YnFOjTmnQhpLwXt2EJ1QQ,transfer_4,9012,jpeg50,self,1,cph:264,cph:264,15.680000,36.1773
london_query_0M3fNwl2Fi82PVH3lDRsCg,isotropic,1234,jpeg50,self,1,london:34,london:34,15.680002,36.1773
london_query_0M3fNwl2Fi82PVH3lDRsCg,white_box,1234,jpeg50,self,1,london:34,london:34,15.680000,36.1773
london_query_0M3fNwl2Fi82PVH3lDRsCg,transfer_1,1234,jpeg50,self,1,london:34,london:34,15.679997,36.1773
london_query_0M3fNwl2Fi82PVH3lDRsCg,transfer_2,1234,jpeg50,self,1,london:34,london:34,15.679997,36.1773
london_query_0M3fNwl2Fi82PVH3lDRsCg,transfer_3,1234,jpeg50,self,1,london:34,london:34,15.679997,36.1773
london_query_0M3fNwl2Fi82PVH3lDRsCg,transfer_4,1234,jpeg50,self,1,london:34,london:34,15.680000,36.1773
london_query_0M3fNwl2Fi82PVH3lDRsCg,isotropic,5678,jpeg50,self,1,london:34,london:34,15.679997,36.1773
london_query_0M3fNwl2Fi82PVH3lDRsCg,white_box,5678,jpeg50,self,1,london:34,london:34,15.679997,36.1773
london_query_0M3fNwl2Fi82PVH3lDRsCg,transfer_1,5678,jpeg50,self,1,london:34,london:34,15.679997,36.1773
london_query_0M3fNwl2Fi82PVH3lDRsCg,transfer_2,5678,jpeg50,self,1,london:34,london:34,15.679997,36.1773
london_query_0M3fNwl2Fi82PVH3lDRsCg,transfer_3,5678,jpeg50,self,1,london:34,london:34,15.680002,36.1773
london_query_0M3fNwl2Fi82PVH3lDRsCg,transfer_4,5678,jpeg50,self,1,london:34,london:34,15.680000,36.1773
london_query_0M3fNwl2Fi82PVH3lDRsCg,isotropic,9012,jpeg50,self,1,london:34,london:34,15.680002,36.1773
london_query_0M3fNwl2Fi82PVH3lDRsCg,white_box,9012,jpeg50,self,1,london:34,london:34,15.680001,36.1773
london_query_0M3fNwl2Fi82PVH3lDRsCg,transfer_1,9012,jpeg50,self,1,london:34,london:34,15.679997,36.1773
london_query_0M3fNwl2Fi82PVH3lDRsCg,transfer_2,9012,jpeg50,self,1,london:34,london:34,15.679997,36.1773
london_query_0M3fNwl2Fi82PVH3lDRsCg,transfer_3,9012,jpeg50,self,1,london:34,london:34,15.679998,36.1773
london_query_0M3fNwl2Fi82PVH3lDRsCg,transfer_4,9012,jpeg50,self,1,london:34,london:34,15.679997,36.1773
manila_query_-hNuMbgiWK_ZPELfuWj5FQ,isotropic,1234,jpeg50,self,1,manila:89,manila:89,15.680001,36.1773
manila_query_-hNuMbgiWK_ZPELfuWj5FQ,white_box,1234,jpeg50,self,1,manila:89,manila:89,15.679998,36.1773
manila_query_-hNuMbgiWK_ZPELfuWj5FQ,transfer_1,1234,jpeg50,self,1,manila:89,manila:89,15.680001,36.1773
manila_query_-hNuMbgiWK_ZPELfuWj5FQ,transfer_2,1234,jpeg50,self,1,manila:89,manila:89,15.679997,36.1773
manila_query_-hNuMbgiWK_ZPELfuWj5FQ,transfer_3,1234,jpeg50,self,1,manila:89,manila:89,15.680000,36.1773
manila_query_-hNuMbgiWK_ZPELfuWj5FQ,transfer_4,1234,jpeg50,self,1,manila:89,manila:89,15.680002,36.1773
manila_query_-hNuMbgiWK_ZPELfuWj5FQ,isotropic,5678,jpeg50,self,1,manila:89,manila:89,15.679997,36.1773
manila_query_-hNuMbgiWK_ZPELfuWj5FQ,white_box,5678,jpeg50,self,1,manila:89,manila:89,15.680000,36.1773
manila_query_-hNuMbgiWK_ZPELfuWj5FQ,transfer_1,5678,jpeg50,self,1,manila:89,manila:89,15.679998,36.1773
manila_query_-hNuMbgiWK_ZPELfuWj5FQ,transfer_2,5678,jpeg50,self,2,zurich:27,manila:89,15.679997,36.1773
manila_query_-hNuMbgiWK_ZPELfuWj5FQ,transfer_3,5678,jpeg50,self,1,manila:89,manila:89,15.680000,36.1773
manila_query_-hNuMbgiWK_ZPELfuWj5FQ,transfer_4,5678,jpeg50,self,1,manila:89,manila:89,15.680000,36.1773
manila_query_-hNuMbgiWK_ZPELfuWj5FQ,isotropic,9012,jpeg50,self,1,manila:89,manila:89,15.680000,36.1773
manila_query_-hNuMbgiWK_ZPELfuWj5FQ,white_box,9012,jpeg50,self,1,manila:89,manila:89,15.680000,36.1773
manila_query_-hNuMbgiWK_ZPELfuWj5FQ,transfer_1,9012,jpeg50,self,1,manila:89,manila:89,15.680000,36.1773
manila_query_-hNuMbgiWK_ZPELfuWj5FQ,transfer_2,9012,jpeg50,self,2,zurich:27,manila:89,15.680000,36.1773
manila_query_-hNuMbgiWK_ZPELfuWj5FQ,transfer_3,9012,jpeg50,self,1,manila:89,manila:89,15.679997,36.1773
manila_query_-hNuMbgiWK_ZPELfuWj5FQ,transfer_4,9012,jpeg50,self,1,manila:89,manila:89,15.679997,36.1773
nairobi_query_5ISN1dRvjgJI9rd6GbusNQ,isotropic,1234,jpeg50,self,2,manila:67,nairobi:3,15.680002,36.1773
nairobi_query_5ISN1dRvjgJI9rd6GbusNQ,white_box,1234,jpeg50,self,1,nairobi:3,nairobi:3,15.679997,36.1773
nairobi_query_5ISN1dRvjgJI9rd6GbusNQ,transfer_1,1234,jpeg50,self,2,manila:67,nairobi:3,15.679997,36.1773
nairobi_query_5ISN1dRvjgJI9rd6GbusNQ,transfer_2,1234,jpeg50,self,2,manila:67,nairobi:3,15.680000,36.1773
nairobi_query_5ISN1dRvjgJI9rd6GbusNQ,transfer_3,1234,jpeg50,self,2,manila:67,nairobi:3,15.679997,36.1773
nairobi_query_5ISN1dRvjgJI9rd6GbusNQ,transfer_4,1234,jpeg50,self,1,nairobi:3,nairobi:3,15.680000,36.1773
nairobi_query_5ISN1dRvjgJI9rd6GbusNQ,isotropic,5678,jpeg50,self,1,nairobi:3,nairobi:3,15.679996,36.1773
nairobi_query_5ISN1dRvjgJI9rd6GbusNQ,white_box,5678,jpeg50,self,1,nairobi:3,nairobi:3,15.679998,36.1773
nairobi_query_5ISN1dRvjgJI9rd6GbusNQ,transfer_1,5678,jpeg50,self,1,nairobi:3,nairobi:3,15.680001,36.1773
nairobi_query_5ISN1dRvjgJI9rd6GbusNQ,transfer_2,5678,jpeg50,self,1,nairobi:3,nairobi:3,15.680000,36.1773
nairobi_query_5ISN1dRvjgJI9rd6GbusNQ,transfer_3,5678,jpeg50,self,1,nairobi:3,nairobi:3,15.680000,36.1773
nairobi_query_5ISN1dRvjgJI9rd6GbusNQ,transfer_4,5678,jpeg50,self,1,nairobi:3,nairobi:3,15.679998,36.1773
nairobi_query_5ISN1dRvjgJI9rd6GbusNQ,isotropic,9012,jpeg50,self,1,nairobi:3,nairobi:3,15.679997,36.1773
nairobi_query_5ISN1dRvjgJI9rd6GbusNQ,white_box,9012,jpeg50,self,1,nairobi:3,nairobi:3,15.680000,36.1773
nairobi_query_5ISN1dRvjgJI9rd6GbusNQ,transfer_1,9012,jpeg50,self,7,manila:67,nairobi:3,15.680001,36.1773
nairobi_query_5ISN1dRvjgJI9rd6GbusNQ,transfer_2,9012,jpeg50,self,1,nairobi:3,nairobi:3,15.680000,36.1773
nairobi_query_5ISN1dRvjgJI9rd6GbusNQ,transfer_3,9012,jpeg50,self,2,manila:67,nairobi:3,15.679997,36.1773
nairobi_query_5ISN1dRvjgJI9rd6GbusNQ,transfer_4,9012,jpeg50,self,2,manila:67,nairobi:3,15.680000,36.1773
toronto_query_-PuMS2UqNh7dbLLfWE37yg,isotropic,1234,jpeg50,self,1,toronto:273,toronto:273,15.679998,36.1773
toronto_query_-PuMS2UqNh7dbLLfWE37yg,white_box,1234,jpeg50,self,1,toronto:273,toronto:273,15.680001,36.1773
toronto_query_-PuMS2UqNh7dbLLfWE37yg,transfer_1,1234,jpeg50,self,1,toronto:273,toronto:273,15.680000,36.1773
toronto_query_-PuMS2UqNh7dbLLfWE37yg,transfer_2,1234,jpeg50,self,1,toronto:273,toronto:273,15.679997,36.1773
toronto_query_-PuMS2UqNh7dbLLfWE37yg,transfer_3,1234,jpeg50,self,1,toronto:273,toronto:273,15.679997,36.1773
toronto_query_-PuMS2UqNh7dbLLfWE37yg,transfer_4,1234,jpeg50,self,1,toronto:273,toronto:273,15.679997,36.1773
toronto_query_-PuMS2UqNh7dbLLfWE37yg,isotropic,5678,jpeg50,self,1,toronto:273,toronto:273,15.679997,36.1773
toronto_query_-PuMS2UqNh7dbLLfWE37yg,white_box,5678,jpeg50,self,1,toronto:273,toronto:273,15.679997,36.1773
toronto_query_-PuMS2UqNh7dbLLfWE37yg,transfer_1,5678,jpeg50,self,1,toronto:273,toronto:273,15.680000,36.1773
toronto_query_-PuMS2UqNh7dbLLfWE37yg,transfer_2,5678,jpeg50,self,1,toronto:273,toronto:273,15.680001,36.1773
toronto_query_-PuMS2UqNh7dbLLfWE37yg,transfer_3,5678,jpeg50,self,1,toronto:273,toronto:273,15.679998,36.1773
toronto_query_-PuMS2UqNh7dbLLfWE37yg,transfer_4,5678,jpeg50,self,1,toronto:273,toronto:273,15.679997,36.1773
toronto_query_-PuMS2UqNh7dbLLfWE37yg,isotropic,9012,jpeg50,self,1,toronto:273,toronto:273,15.679997,36.1773
toronto_query_-PuMS2UqNh7dbLLfWE37yg,white_box,9012,jpeg50,self,1,toronto:273,toronto:273,15.679997,36.1773
toronto_query_-PuMS2UqNh7dbLLfWE37yg,transfer_1,9012,jpeg50,self,1,toronto:273,toronto:273,15.679997,36.1773
toronto_query_-PuMS2UqNh7dbLLfWE37yg,transfer_2,9012,jpeg50,self,1,toronto:273,toronto:273,15.680001,36.1773
toronto_query_-PuMS2UqNh7dbLLfWE37yg,transfer_3,9012,jpeg50,self,1,toronto:273,toronto:273,15.680001,36.1773
toronto_query_-PuMS2UqNh7dbLLfWE37yg,transfer_4,9012,jpeg50,self,1,toronto:273,toronto:273,15.680000,36.1773
zurich_query_1-TXtjFv1nAkC2AZXfhuDg,isotropic,1234,jpeg50,self,1,zurich:23,zurich:23,15.680000,36.1773
zurich_query_1-TXtjFv1nAkC2AZXfhuDg,white_box,1234,jpeg50,self,1,zurich:23,zurich:23,15.679997,36.1773
zurich_query_1-TXtjFv1nAkC2AZXfhuDg,transfer_1,1234,jpeg50,self,1,zurich:23,zurich:23,15.680001,36.1773
zurich_query_1-TXtjFv1nAkC2AZXfhuDg,transfer_2,1234,jpeg50,self,1,zurich:23,zurich:23,15.679998,36.1773
zurich_query_1-TXtjFv1nAkC2AZXfhuDg,transfer_3,1234,jpeg50,self,1,zurich:23,zurich:23,15.680000,36.1773
zurich_query_1-TXtjFv1nAkC2AZXfhuDg,transfer_4,1234,jpeg50,self,1,zurich:23,zurich:23,15.680000,36.1773
zurich_query_1-TXtjFv1nAkC2AZXfhuDg,isotropic,5678,jpeg50,self,1,zurich:23,zurich:23,15.679997,36.1773
zurich_query_1-TXtjFv1nAkC2AZXfhuDg,white_box,5678,jpeg50,self,1,zurich:23,zurich:23,15.679997,36.1773
zurich_query_1-TXtjFv1nAkC2AZXfhuDg,transfer_1,5678,jpeg50,self,1,zurich:23,zurich:23,15.679998,36.1773
zurich_query_1-TXtjFv1nAkC2AZXfhuDg,transfer_2,5678,jpeg50,self,1,zurich:23,zurich:23,15.680000,36.1773
zurich_query_1-TXtjFv1nAkC2AZXfhuDg,transfer_3,5678,jpeg50,self,1,zurich:23,zurich:23,15.679998,36.1773
zurich_query_1-TXtjFv1nAkC2AZXfhuDg,transfer_4,5678,jpeg50,self,1,zurich:23,zurich:23,15.680000,36.1773
zurich_query_1-TXtjFv1nAkC2AZXfhuDg,isotropic,9012,jpeg50,self,1,zurich:23,zurich:23,15.680001,36.1773
zurich_query_1-TXtjFv1nAkC2AZXfhuDg,white_box,9012,jpeg50,self,1,zurich:23,zurich:23,15.679997,36.1773
zurich_query_1-TXtjFv1nAkC2AZXfhuDg,transfer_1,9012,jpeg50,self,1,zurich:23,zurich:23,15.680000,36.1773
zurich_query_1-TXtjFv1nAkC2AZXfhuDg,transfer_2,9012,jpeg50,self,1,zurich:23,zurich:23,15.680000,36.1773
zurich_query_1-TXtjFv1nAkC2AZXfhuDg,transfer_3,9012,jpeg50,self,1,zurich:23,zurich:23,15.680000,36.1773
zurich_query_1-TXtjFv1nAkC2AZXfhuDg,transfer_4,9012,jpeg50,self,1,zurich:23,zurich:23,15.679997,36.1773
