[ok] amman_query_-39Q9edqZUArYHa41OPDoQ direction seed=5678 gain=0.450 max|d|=7.20 (projection 16)
[ok] amman_query_-39Q9edqZUArYHa41OPDoQ direction_eot seed=5678 gain=0.351 max|d|=5.62 (projection 16)
[ok] amman_query_-39Q9edqZUArYHa41OPDoQ isotropic seed=5678 gain=2.241 max|d|=10.30 (no projection)
[ok] amman_query_-39Q9edqZUArYHa41OPDoQ direction seed=9012 gain=0.454 max|d|=7.26 (projection 16)
[ok] amman_query_-39Q9edqZUArYHa41OPDoQ direction_eot seed=9012 gain=0.369 max|d|=5.91 (projection 16)
[ok] amman_query_-39Q9edqZUArYHa41OPDoQ isotropic seed=9012 gain=2.236 max|d|=10.45 (no projection)
[ok] boston_query_--LUAhgqzqNM6FyWSJ-Dsw direction seed=5678 gain=0.453 max|d|=7.24 (projection 16)
[ok] boston_query_--LUAhgqzqNM6FyWSJ-Dsw direction_eot seed=5678 gain=0.356 max|d|=5.70 (projection 16)
[ok] boston_query_--LUAhgqzqNM6FyWSJ-Dsw isotropic seed=5678 gain=2.239 max|d|=11.56 (no projection)
[ok] boston_query_--LUAhgqzqNM6FyWSJ-Dsw direction seed=9012 gain=0.445 max|d|=7.12 (projection 16)
[ok] boston_query_--LUAhgqzqNM6FyWSJ-Dsw direction_eot seed=9012 gain=0.357 max|d|=5.71 (projection 16)
[ok] boston_query_--LUAhgqzqNM6FyWSJ-Dsw isotropic seed=9012 gain=2.231 max|d|=10.29 (no projection)
[ok] cph_query_--FyHVca3HP-QgUmcAvToA direction seed=5678 gain=0.460 max|d|=7.36 (projection 16)
[ok] cph_query_--FyHVca3HP-QgUmcAvToA direction_eot seed=5678 gain=0.352 max|d|=5.63 (projection 16)
[ok] cph_query_--FyHVca3HP-QgUmcAvToA isotropic seed=5678 gain=2.248 max|d|=10.41 (no projection)
[ok] cph_query_--FyHVca3HP-QgUmcAvToA direction seed=9012 gain=0.452 max|d|=7.24 (projection 16)
[ok] cph_query_--FyHVca3HP-QgUmcAvToA direction_eot seed=9012 gain=0.367 max|d|=5.88 (projection 16)
[ok] cph_query_--FyHVca3HP-QgUmcAvToA isotropic seed=9012 gain=2.245 max|d|=10.03 (no projection)
[ok] london_query_-0u7VsCOCAmwH4RFsN5BoA direction seed=5678 gain=0.431 max|d|=6.90 (projection 16)
[ok] london_query_-0u7VsCOCAmwH4RFsN5BoA direction_eot seed=5678 gain=0.348 max|d|=5.57 (projection 16)
[ok] london_query_-0u7VsCOCAmwH4RFsN5BoA isotropic seed=5678 gain=2.297 max|d|=10.32 (no projection)
[ok] london_query_-0u7VsCOCAmwH4RFsN5BoA direction seed=9012 gain=0.434 max|d|=6.94 (projection 16)
[ok] london_query_-0u7VsCOCAmwH4RFsN5BoA direction_eot seed=9012 gain=0.337 max|d|=5.39 (projection 16)
[ok] london_query_-0u7VsCOCAmwH4RFsN5BoA isotropic seed=9012 gain=2.293 max|d|=10.17 (no projection)
[ok] manila_query_-10kuZ2TqVxJ-YLQJl2uqA direction seed=5678 gain=0.405 max|d|=6.48 (projection 16)
[ok] manila_query_-10kuZ2TqVxJ-YLQJl2uqA direction_eot seed=5678 gain=0.326 max|d|=5.21 (projection 16)
[ok] manila_query_-10kuZ2TqVxJ-YLQJl2uqA isotropic seed=5678 gain=2.236 max|d|=10.81 (no projection)
[ok] manila_query_-10kuZ2TqVxJ-YLQJl2uqA direction seed=9012 gain=0.409 max|d|=6.55 (projection 16)
[ok] manila_query_-10kuZ2TqVxJ-YLQJl2uqA direction_eot seed=9012 gain=0.334 max|d|=5.34 (projection 16)
[ok] manila_query_-10kuZ2TqVxJ-YLQJl2uqA isotropic seed=9012 gain=2.231 max|d|=9.43 (no projection)
[ok] nairobi_query_-K4R8iYrz9LwQ7wia8JZtQ direction seed=5678 gain=0.435 max|d|=6.97 (projection 16)
[ok] nairobi_query_-K4R8iYrz9LwQ7wia8JZtQ direction_eot seed=5678 gain=0.343 max|d|=5.49 (projection 16)
[ok] nairobi_query_-K4R8iYrz9LwQ7wia8JZtQ isotropic seed=5678 gain=2.244 max|d|=11.07 (no projection)
[ok] nairobi_query_-K4R8iYrz9LwQ7wia8JZtQ direction seed=9012 gain=0.433 max|d|=6.93 (projection 16)
[ok] nairobi_query_-K4R8iYrz9LwQ7wia8JZtQ direction_eot seed=9012 gain=0.350 max|d|=5.60 (projection 16)
[ok] nairobi_query_-K4R8iYrz9LwQ7wia8JZtQ isotropic seed=9012 gain=2.241 max|d|=10.43 (no projection)
[ok] toronto_query_-1caqsIDW4YpUBZB98J9uV direction seed=5678 gain=0.446 max|d|=7.14 (projection 16)
[ok] toronto_query_-1caqsIDW4YpUBZB98J9uV direction_eot seed=5678 gain=0.346 max|d|=5.53 (projection 16)
[ok] toronto_query_-1caqsIDW4YpUBZB98J9uV isotropic seed=5678 gain=2.278 max|d|=9.74 (no projection)
[ok] toronto_query_-1caqsIDW4YpUBZB98J9uV direction seed=9012 gain=0.449 max|d|=7.19 (projection 16)
[ok] toronto_query_-1caqsIDW4YpUBZB98J9uV direction_eot seed=9012 gain=0.350 max|d|=5.60 (projection 16)
[ok] toronto_query_-1caqsIDW4YpUBZB98J9uV isotropic seed=9012 gain=2.278 max|d|=10.63 (no projection)
[ok] zurich_query_--RjvuIbkJiPNJknyeZN_Q direction seed=5678 gain=0.448 max|d|=7.16 (projection 16)
[ok] zurich_query_--RjvuIbkJiPNJknyeZN_Q direction_eot seed=5678 gain=0.357 max|d|=5.71 (projection 16)
[ok] zurich_query_--RjvuIbkJiPNJknyeZN_Q isotropic seed=5678 gain=2.238 max|d|=10.48 (no projection)
[ok] zurich_query_--RjvuIbkJiPNJknyeZN_Q direction seed=9012 gain=0.440 max|d|=7.04 (projection 16)
[ok] zurich_query_--RjvuIbkJiPNJknyeZN_Q direction_eot seed=9012 gain=0.351 max|d|=5.61 (projection 16)
[ok] zurich_query_--RjvuIbkJiPNJknyeZN_Q isotropic seed=9012 gain=2.238 max|d|=9.70 (no projection)
[ok] amman_query_-6eEB_fS2eePRNUql6vOrQ direction seed=5678 gain=0.418 max|d|=6.69 (projection 16)
[ok] amman_query_-6eEB_fS2eePRNUql6vOrQ direction_eot seed=5678 gain=0.347 max|d|=5.55 (projection 16)
[ok] amman_query_-6eEB_fS2eePRNUql6vOrQ isotropic seed=5678 gain=2.230 max|d|=10.52 (no projection)
[ok] amman_query_-6eEB_fS2eePRNUql6vOrQ direction seed=9012 gain=0.419 max|d|=6.70 (projection 16)
[ok] amman_query_-6eEB_fS2eePRNUql6vOrQ direction_eot seed=9012 gain=0.336 max|d|=5.37 (projection 16)
[ok] amman_query_-6eEB_fS2eePRNUql6vOrQ isotropic seed=9012 gain=2.247 max|d|=10.02 (no projection)
[ok] boston_query_--VtRctVkqAafFr5b_6GXg direction seed=5678 gain=0.431 max|d|=6.89 (projection 16)
[ok] boston_query_--VtRctVkqAafFr5b_6GXg direction_eot seed=5678 gain=0.342 max|d|=5.47 (projection 16)
[ok] boston_query_--VtRctVkqAafFr5b_6GXg isotropic seed=5678 gain=2.235 max|d|=10.50 (no projection)
[ok] boston_query_--VtRctVkqAafFr5b_6GXg direction seed=9012 gain=0.431 max|d|=6.90 (projection 16)
[ok] boston_query_--VtRctVkqAafFr5b_6GXg direction_eot seed=9012 gain=0.345 max|d|=5.53 (projection 16)
[ok] boston_query_--VtRctVkqAafFr5b_6GXg isotropic seed=9012 gain=2.231 max|d|=9.88 (no projection)
[ok] cph_query_--kN3Y3n0x47vWa8WX-a8w direction seed=5678 gain=0.438 max|d|=7.01 (projection 16)
[ok] cph_query_--kN3Y3n0x47vWa8WX-a8w direction_eot seed=5678 gain=0.342 max|d|=5.47 (projection 16)
[ok] cph_query_--kN3Y3n0x47vWa8WX-a8w isotropic seed=5678 gain=2.227 max|d|=9.99 (no projection)
[ok] cph_query_--kN3Y3n0x47vWa8WX-a8w direction seed=9012 gain=0.438 max|d|=7.00 (projection 16)
[ok] cph_query_--kN3Y3n0x47vWa8WX-a8w direction_eot seed=9012 gain=0.343 max|d|=5.48 (projection 16)
[ok] cph_query_--kN3Y3n0x47vWa8WX-a8w isotropic seed=9012 gain=2.237 max|d|=9.66 (no projection)
[ok] london_query_-4Vq2O1PhPmG6WK-yV402Q direction seed=5678 gain=0.447 max|d|=7.15 (projection 16)
[ok] london_query_-4Vq2O1PhPmG6WK-yV402Q direction_eot seed=5678 gain=0.354 max|d|=5.67 (projection 16)
[ok] london_query_-4Vq2O1PhPmG6WK-yV402Q isotropic seed=5678 gain=2.292 max|d|=11.14 (no projection)
[ok] london_query_-4Vq2O1PhPmG6WK-yV402Q direction seed=9012 gain=0.433 max|d|=6.94 (projection 16)
[ok] london_query_-4Vq2O1PhPmG6WK-yV402Q direction_eot seed=9012 gain=0.361 max|d|=5.77 (projection 16)
[ok] london_query_-4Vq2O1PhPmG6WK-yV402Q isotropic seed=9012 gain=2.297 max|d|=11.07 (no projection)
[ok] manila_query_-10rV9IlRhgTnk5e_QJbgA direction seed=5678 gain=0.456 max|d|=7.30 (projection 16)
[ok] manila_query_-10rV9IlRhgTnk5e_QJbgA direction_eot seed=5678 gain=0.369 max|d|=5.90 (projection 16)
[ok] manila_query_-10rV9IlRhgTnk5e_QJbgA isotropic seed=5678 gain=2.270 max|d|=10.45 (no projection)
[ok] manila_query_-10rV9IlRhgTnk5e_QJbgA direction seed=9012 gain=0.450 max|d|=7.19 (projection 16)
[ok] manila_query_-10rV9IlRhgTnk5e_QJbgA direction_eot seed=9012 gain=0.361 max|d|=5.78 (projection 16)
[ok] manila_query_-10rV9IlRhgTnk5e_QJbgA isotropic seed=9012 gain=2.275 max|d|=10.31 (no projection)
[ok] nairobi_query_-cS3FR1RBElNB48QQHiL0Q direction seed=5678 gain=0.445 max|d|=7.12 (projection 16)
[ok] nairobi_query_-cS3FR1RBElNB48QQHiL0Q direction_eot seed=5678 gain=0.354 max|d|=5.66 (projection 16)
[ok] nairobi_query_-cS3FR1RBElNB48QQHiL0Q isotropic seed=5678 gain=2.240 max|d|=10.17 (no projection)
[ok] nairobi_query_-cS3FR1RBElNB48QQHiL0Q direction seed=9012 gain=0.446 max|d|=7.14 (projection 16)
[ok] nairobi_query_-cS3FR1RBElNB48QQHiL0Q direction_eot seed=9012 gain=0.353 max|d|=5.65 (projection 16)
[ok] nairobi_query_-cS3FR1RBElNB48QQHiL0Q isotropic seed=9012 gain=2.238 max|d|=9.73 (no projection)
[ok] toronto_query_-3UT7A8bNUkVBgSLW30-ow direction seed=5678 gain=0.455 max|d|=7.28 (projection 16)
[ok] toronto_query_-3UT7A8bNUkVBgSLW30-ow direction_eot seed=5678 gain=0.361 max|d|=5.78 (projection 16)
[ok] toronto_query_-3UT7A8bNUkVBgSLW30-ow isotropic seed=5678 gain=2.261 max|d|=10.83 (no projection)
[ok] toronto_query_-3UT7A8bNUkVBgSLW30-ow direction seed=9012 gain=0.458 max|d|=7.34 (projection 16)
[ok] toronto_query_-3UT7A8bNUkVBgSLW30-ow direction_eot seed=9012 gain=0.362 max|d|=5.79 (projection 16)
[ok] toronto_query_-3UT7A8bNUkVBgSLW30-ow isotropic seed=9012 gain=2.274 max|d|=11.43 (no projection)
[ok] zurich_query_-25E3MQ0PY1vs_FT7mKaUw direction seed=5678 gain=0.438 max|d|=7.01 (projection 16)
[ok] zurich_query_-25E3MQ0PY1vs_FT7mKaUw direction_eot seed=5678 gain=0.358 max|d|=5.73 (projection 16)
[ok] zurich_query_-25E3MQ0PY1vs_FT7mKaUw isotropic seed=5678 gain=2.250 max|d|=10.40 (no projection)
[ok] zurich_query_-25E3MQ0PY1vs_FT7mKaUw direction seed=9012 gain=0.439 max|d|=7.02 (projection 16)
[ok] zurich_query_-25E3MQ0PY1vs_FT7mKaUw direction_eot seed=9012 gain=0.358 max|d|=5.73 (projection 16)
[ok] zurich_query_-25E3MQ0PY1vs_FT7mKaUw isotropic seed=9012 gain=2.249 max|d|=10.62 (no projection)
[ok] amman_query_-BJoV1t0rKwEzk0bsZplVQ direction seed=5678 gain=0.463 max|d|=7.41 (projection 16)
[ok] amman_query_-BJoV1t0rKwEzk0bsZplVQ direction_eot seed=5678 gain=0.374 max|d|=5.99 (projection 16)
[ok] amman_query_-BJoV1t0rKwEzk0bsZplVQ isotropic seed=5678 gain=2.240 max|d|=10.93 (no projection)
[ok] amman_query_-BJoV1t0rKwEzk0bsZplVQ direction seed=9012 gain=0.466 max|d|=7.45 (projection 16)
[ok] amman_query_-BJoV1t0rKwEzk0bsZplVQ direction_eot seed=9012 gain=0.368 max|d|=5.88 (projection 16)
[ok] amman_query_-BJoV1t0rKwEzk0bsZplVQ isotropic seed=9012 gain=2.232 max|d|=10.92 (no projection)
[ok] boston_query_-0n5FDAuOditKvxIekIbBg direction seed=5678 gain=0.457 max|d|=7.32 (projection 16)
[ok] boston_query_-0n5FDAuOditKvxIekIbBg direction_eot seed=5678 gain=0.388 max|d|=6.21 (projection 16)
[ok] boston_query_-0n5FDAuOditKvxIekIbBg isotropic seed=5678 gain=2.254 max|d|=11.13 (no projection)
[ok] boston_query_-0n5FDAuOditKvxIekIbBg direction seed=9012 gain=0.459 max|d|=7.34 (projection 16)
[ok] boston_query_-0n5FDAuOditKvxIekIbBg direction_eot seed=9012 gain=0.386 max|d|=6.17 (projection 16)
[ok] boston_query_-0n5FDAuOditKvxIekIbBg isotropic seed=9012 gain=2.252 max|d|=10.32 (no projection)
[ok] cph_query_--xKnCCc_4tDGo80iM-A_g direction seed=5678 gain=0.406 max|d|=6.49 (projection 16)
[ok] cph_query_--xKnCCc_4tDGo80iM-A_g direction_eot seed=5678 gain=0.344 max|d|=5.50 (projection 16)
[ok] cph_query_--xKnCCc_4tDGo80iM-A_g isotropic seed=5678 gain=2.243 max|d|=10.31 (no projection)
[ok] cph_query_--xKnCCc_4tDGo80iM-A_g direction seed=9012 gain=0.414 max|d|=6.63 (projection 16)
[ok] cph_query_--xKnCCc_4tDGo80iM-A_g direction_eot seed=9012 gain=0.338 max|d|=5.41 (projection 16)
[ok] cph_query_--xKnCCc_4tDGo80iM-A_g isotropic seed=9012 gain=2.246 max|d|=10.00 (no projection)
[ok] london_query_-4pmBOZmF-ynXSkWw5BAew direction seed=5678 gain=0.404 max|d|=6.46 (projection 16)
[ok] london_query_-4pmBOZmF-ynXSkWw5BAew direction_eot seed=5678 gain=0.326 max|d|=5.21 (projection 16)
[ok] london_query_-4pmBOZmF-ynXSkWw5BAew isotropic seed=5678 gain=2.319 max|d|=10.25 (no projection)
[ok] london_query_-4pmBOZmF-ynXSkWw5BAew direction seed=9012 gain=0.413 max|d|=6.61 (projection 16)
[ok] london_query_-4pmBOZmF-ynXSkWw5BAew direction_eot seed=9012 gain=0.331 max|d|=5.30 (projection 16)
[ok] london_query_-4pmBOZmF-ynXSkWw5BAew isotropic seed=9012 gain=2.336 max|d|=10.79 (no projection)
[ok] manila_query_-2h231ovohZWmrsaBllNyw direction seed=5678 gain=0.401 max|d|=6.42 (projection 16)
[ok] manila_query_-2h231ovohZWmrsaBllNyw direction_eot seed=5678 gain=0.319 max|d|=5.10 (projection 16)
[ok] manila_query_-2h231ovohZWmrsaBllNyw isotropic seed=5678 gain=2.244 max|d|=10.07 (no projection)
[ok] manila_query_-2h231ovohZWmrsaBllNyw direction seed=9012 gain=0.401 max|d|=6.42 (projection 16)
[ok] manila_query_-2h231ovohZWmrsaBllNyw direction_eot seed=9012 gain=0.318 max|d|=5.08 (projection 16)
[ok] manila_query_-2h231ovohZWmrsaBllNyw isotropic seed=9012 gain=2.249 max|d|=9.94 (no projection)
[ok] nairobi_query_-dn1KaWvGY9H5JRLNtaYPg direction seed=5678 gain=0.471 max|d|=7.54 (projection 16)
[ok] nairobi_query_-dn1KaWvGY9H5JRLNtaYPg direction_eot seed=5678 gain=0.370 max|d|=5.92 (projection 16)
[ok] nairobi_query_-dn1KaWvGY9H5JRLNtaYPg isotropic seed=5678 gain=2.317 max|d|=10.31 (no projection)
[ok] nairobi_query_-dn1KaWvGY9H5JRLNtaYPg direction seed=9012 gain=0.474 max|d|=7.58 (projection 16)
[ok] nairobi_query_-dn1KaWvGY9H5JRLNtaYPg direction_eot seed=9012 gain=0.372 max|d|=5.95 (projection 16)
[ok] nairobi_query_-dn1KaWvGY9H5JRLNtaYPg isotropic seed=9012 gain=2.203 max|d|=9.82 (no projection)
[ok] toronto_query_-4IVXvKV2D8brXjQPZ1GRA direction seed=5678 gain=0.411 max|d|=6.57 (projection 16)
[ok] toronto_query_-4IVXvKV2D8brXjQPZ1GRA direction_eot seed=5678 gain=0.332 max|d|=5.32 (projection 16)
[ok] toronto_query_-4IVXvKV2D8brXjQPZ1GRA isotropic seed=5678 gain=2.323 max|d|=10.65 (no projection)
[ok] toronto_query_-4IVXvKV2D8brXjQPZ1GRA direction seed=9012 gain=0.409 max|d|=6.54 (projection 16)
[ok] toronto_query_-4IVXvKV2D8brXjQPZ1GRA direction_eot seed=9012 gain=0.336 max|d|=5.38 (projection 16)
[ok] toronto_query_-4IVXvKV2D8brXjQPZ1GRA isotropic seed=9012 gain=2.325 max|d|=10.52 (no projection)
[ok] zurich_query_-4StYjY5sT1S23ls5heCbg direction seed=5678 gain=0.403 max|d|=6.46 (projection 16)
[ok] zurich_query_-4StYjY5sT1S23ls5heCbg direction_eot seed=5678 gain=0.332 max|d|=5.31 (projection 16)
[ok] zurich_query_-4StYjY5sT1S23ls5heCbg isotropic seed=5678 gain=2.296 max|d|=10.10 (no projection)
[ok] zurich_query_-4StYjY5sT1S23ls5heCbg direction seed=9012 gain=0.402 max|d|=6.44 (projection 16)
[ok] zurich_query_-4StYjY5sT1S23ls5heCbg direction_eot seed=9012 gain=0.322 max|d|=5.14 (projection 16)
[ok] zurich_query_-4StYjY5sT1S23ls5heCbg isotropic seed=9012 gain=2.292 max|d|=10.10 (no projection)
[ok] amman_query_-D0IlKF__f0c9DPAKbiYnw direction seed=5678 gain=0.476 max|d|=7.61 (projection 16)
[ok] amman_query_-D0IlKF__f0c9DPAKbiYnw direction_eot seed=5678 gain=0.392 max|d|=6.27 (projection 16)
[ok] amman_query_-D0IlKF__f0c9DPAKbiYnw isotropic seed=5678 gain=2.233 max|d|=9.95 (no projection)
[ok] amman_query_-D0IlKF__f0c9DPAKbiYnw direction seed=9012 gain=0.479 max|d|=7.66 (projection 16)
[ok] amman_query_-D0IlKF__f0c9DPAKbiYnw direction_eot seed=9012 gain=0.380 max|d|=6.08 (projection 16)
[ok] amman_query_-D0IlKF__f0c9DPAKbiYnw isotropic seed=9012 gain=2.231 max|d|=11.42 (no projection)
[ok] boston_query_-3hM-MR6uuw3se14vw3G0w direction seed=5678 gain=0.471 max|d|=7.53 (projection 16)
[ok] boston_query_-3hM-MR6uuw3se14vw3G0w direction_eot seed=5678 gain=0.374 max|d|=5.98 (projection 16)
[ok] boston_query_-3hM-MR6uuw3se14vw3G0w isotropic seed=5678 gain=2.234 max|d|=10.52 (no projection)
[ok] boston_query_-3hM-MR6uuw3se14vw3G0w direction seed=9012 gain=0.465 max|d|=7.45 (projection 16)
[ok] boston_query_-3hM-MR6uuw3se14vw3G0w direction_eot seed=9012 gain=0.375 max|d|=6.00 (projection 16)
[ok] boston_query_-3hM-MR6uuw3se14vw3G0w isotropic seed=9012 gain=2.242 max|d|=10.41 (no projection)
[ok] cph_query_-05vIhjxDNupFcgaM90L3w direction seed=5678 gain=0.420 max|d|=6.72 (projection 16)
[ok] cph_query_-05vIhjxDNupFcgaM90L3w direction_eot seed=5678 gain=0.344 max|d|=5.51 (projection 16)
[ok] cph_query_-05vIhjxDNupFcgaM90L3w isotropic seed=5678 gain=2.276 max|d|=9.82 (no projection)
[ok] cph_query_-05vIhjxDNupFcgaM90L3w direction seed=9012 gain=0.414 max|d|=6.63 (projection 16)
[ok] cph_query_-05vIhjxDNupFcgaM90L3w direction_eot seed=9012 gain=0.333 max|d|=5.33 (projection 16)
[ok] cph_query_-05vIhjxDNupFcgaM90L3w isotropic seed=9012 gain=2.272 max|d|=10.45 (no projection)
[ok] london_query_-5QOE2AlZX8rEz8ONtGRrg direction seed=5678 gain=0.458 max|d|=7.32 (projection 16)
[ok] london_query_-5QOE2AlZX8rEz8ONtGRrg direction_eot seed=5678 gain=0.348 max|d|=5.57 (projection 16)
[ok] london_query_-5QOE2AlZX8rEz8ONtGRrg isotropic seed=5678 gain=2.233 max|d|=9.84 (no projection)
[ok] london_query_-5QOE2AlZX8rEz8ONtGRrg direction seed=9012 gain=0.458 max|d|=7.33 (projection 16)
[ok] london_query_-5QOE2AlZX8rEz8ONtGRrg direction_eot seed=9012 gain=0.377 max|d|=6.02 (projection 16)
[ok] london_query_-5QOE2AlZX8rEz8ONtGRrg isotropic seed=9012 gain=2.238 max|d|=10.39 (no projection)
[ok] manila_query_-3H2xPWPOqn_dCF2Lz5EtQ direction seed=5678 gain=0.431 max|d|=6.90 (projection 16)
[ok] manila_query_-3H2xPWPOqn_dCF2Lz5EtQ direction_eot seed=5678 gain=0.331 max|d|=5.29 (projection 16)
[ok] manila_query_-3H2xPWPOqn_dCF2Lz5EtQ isotropic seed=5678 gain=2.259 max|d|=10.09 (no projection)
[ok] manila_query_-3H2xPWPOqn_dCF2Lz5EtQ direction seed=9012 gain=0.424 max|d|=6.79 (projection 16)
[ok] manila_query_-3H2xPWPOqn_dCF2Lz5EtQ direction_eot seed=9012 gain=0.329 max|d|=5.27 (projection 16)
[ok] manila_query_-3H2xPWPOqn_dCF2Lz5EtQ isotropic seed=9012 gain=2.268 max|d|=10.80 (no projection)
[ok] nairobi_query_-f7xKWoDFjaXHyTtnRqVKw direction seed=5678 gain=0.479 max|d|=7.66 (projection 16)
[ok] nairobi_query_-f7xKWoDFjaXHyTtnRqVKw direction_eot seed=5678 gain=0.392 max|d|=6.27 (projection 16)
[ok] nairobi_query_-f7xKWoDFjaXHyTtnRqVKw isotropic seed=5678 gain=2.260 max|d|=9.90 (no projection)
[ok] nairobi_query_-f7xKWoDFjaXHyTtnRqVKw direction seed=9012 gain=0.473 max|d|=7.57 (projection 16)
[ok] nairobi_query_-f7xKWoDFjaXHyTtnRqVKw direction_eot seed=9012 gain=0.380 max|d|=6.08 (projection 16)
[ok] nairobi_query_-f7xKWoDFjaXHyTtnRqVKw isotropic seed=9012 gain=2.262 max|d|=10.75 (no projection)
[ok] toronto_query_-4mlNvZUZnbmRaGbiIndoA direction seed=5678 gain=0.400 max|d|=6.39 (projection 16)
[ok] toronto_query_-4mlNvZUZnbmRaGbiIndoA direction_eot seed=5678 gain=0.333 max|d|=5.33 (projection 16)
[ok] toronto_query_-4mlNvZUZnbmRaGbiIndoA isotropic seed=5678 gain=2.258 max|d|=10.44 (no projection)
[ok] toronto_query_-4mlNvZUZnbmRaGbiIndoA direction seed=9012 gain=0.399 max|d|=6.39 (projection 16)
[ok] toronto_query_-4mlNvZUZnbmRaGbiIndoA direction_eot seed=9012 gain=0.331 max|d|=5.29 (projection 16)
[ok] toronto_query_-4mlNvZUZnbmRaGbiIndoA isotropic seed=9012 gain=2.262 max|d|=10.28 (no projection)
[ok] zurich_query_-71-BK_yAOJ1soK0OQWIcg direction seed=5678 gain=0.373 max|d|=5.97 (projection 16)
[ok] zurich_query_-71-BK_yAOJ1soK0OQWIcg direction_eot seed=5678 gain=0.314 max|d|=5.03 (projection 16)
[ok] zurich_query_-71-BK_yAOJ1soK0OQWIcg isotropic seed=5678 gain=2.240 max|d|=10.88 (no projection)
[ok] zurich_query_-71-BK_yAOJ1soK0OQWIcg direction seed=9012 gain=0.375 max|d|=6.00 (projection 16)
[ok] zurich_query_-71-BK_yAOJ1soK0OQWIcg direction_eot seed=9012 gain=0.309 max|d|=4.94 (projection 16)
[ok] zurich_query_-71-BK_yAOJ1soK0OQWIcg isotropic seed=9012 gain=2.247 max|d|=11.28 (no projection)
[ok] amman_query_-EAmCN9i5BGEadZIccXEyA direction seed=5678 gain=0.451 max|d|=7.21 (projection 16)
[ok] amman_query_-EAmCN9i5BGEadZIccXEyA direction_eot seed=5678 gain=0.349 max|d|=5.58 (projection 16)
[ok] amman_query_-EAmCN9i5BGEadZIccXEyA isotropic seed=5678 gain=2.242 max|d|=10.80 (no projection)
[ok] amman_query_-EAmCN9i5BGEadZIccXEyA direction seed=9012 gain=0.461 max|d|=7.38 (projection 16)
[ok] amman_query_-EAmCN9i5BGEadZIccXEyA direction_eot seed=9012 gain=0.356 max|d|=5.70 (projection 16)
[ok] amman_query_-EAmCN9i5BGEadZIccXEyA isotropic seed=9012 gain=2.230 max|d|=9.93 (no projection)
[ok] boston_query_-4vuSn0vvcBVOccgQqFlow direction seed=5678 gain=0.413 max|d|=6.61 (projection 16)
[ok] boston_query_-4vuSn0vvcBVOccgQqFlow direction_eot seed=5678 gain=0.320 max|d|=5.12 (projection 16)
[ok] boston_query_-4vuSn0vvcBVOccgQqFlow isotropic seed=5678 gain=2.238 max|d|=10.13 (no projection)
[ok] boston_query_-4vuSn0vvcBVOccgQqFlow direction seed=9012 gain=0.411 max|d|=6.57 (projection 16)
[ok] boston_query_-4vuSn0vvcBVOccgQqFlow direction_eot seed=9012 gain=0.324 max|d|=5.19 (projection 16)
[ok] boston_query_-4vuSn0vvcBVOccgQqFlow isotropic seed=9012 gain=2.237 max|d|=10.83 (no projection)
[ok] cph_query_-07-gME-zaQLhCsFrSInSg direction seed=5678 gain=0.459 max|d|=7.35 (projection 16)
[ok] cph_query_-07-gME-zaQLhCsFrSInSg direction_eot seed=5678 gain=0.365 max|d|=5.84 (projection 16)
[ok] cph_query_-07-gME-zaQLhCsFrSInSg isotropic seed=5678 gain=2.270 max|d|=11.15 (no projection)
[ok] cph_query_-07-gME-zaQLhCsFrSInSg direction seed=9012 gain=0.453 max|d|=7.26 (projection 16)
[ok] cph_query_-07-gME-zaQLhCsFrSInSg direction_eot seed=9012 gain=0.370 max|d|=5.92 (projection 16)
[ok] cph_query_-07-gME-zaQLhCsFrSInSg isotropic seed=9012 gain=2.267 max|d|=11.24 (no projection)
[ok] london_query_-7U9wY8ynnu3oZ1g_-0xww direction seed=5678 gain=0.422 max|d|=6.76 (projection 16)
[ok] london_query_-7U9wY8ynnu3oZ1g_-0xww direction_eot seed=5678 gain=0.354 max|d|=5.66 (projection 16)
[ok] london_query_-7U9wY8ynnu3oZ1g_-0xww isotropic seed=5678 gain=2.286 max|d|=10.10 (no projection)
[ok] london_query_-7U9wY8ynnu3oZ1g_-0xww direction seed=9012 gain=0.425 max|d|=6.80 (projection 16)
[ok] london_query_-7U9wY8ynnu3oZ1g_-0xww direction_eot seed=9012 gain=0.339 max|d|=5.43 (projection 16)
[ok] london_query_-7U9wY8ynnu3oZ1g_-0xww isotropic seed=9012 gain=2.283 max|d|=10.99 (no projection)
[ok] manila_query_-5pMypBbFEXHPOTYNJl_EA direction seed=5678 gain=0.442 max|d|=7.08 (projection 16)
[ok] manila_query_-5pMypBbFEXHPOTYNJl_EA direction_eot seed=5678 gain=0.361 max|d|=5.78 (projection 16)
[ok] manila_query_-5pMypBbFEXHPOTYNJl_EA isotropic seed=5678 gain=2.264 max|d|=10.16 (no projection)
[ok] manila_query_-5pMypBbFEXHPOTYNJl_EA direction seed=9012 gain=0.441 max|d|=7.06 (projection 16)
[ok] manila_query_-5pMypBbFEXHPOTYNJl_EA direction_eot seed=9012 gain=0.358 max|d|=5.73 (projection 16)
[ok] manila_query_-5pMypBbFEXHPOTYNJl_EA isotropic seed=9012 gain=2.256 max|d|=10.22 (no projection)
[ok] nairobi_query_-rWgRitoKSYrdczUKUiOrA direction seed=5678 gain=0.463 max|d|=7.41 (projection 16)
[ok] nairobi_query_-rWgRitoKSYrdczUKUiOrA direction_eot seed=5678 gain=0.361 max|d|=5.77 (projection 16)
[ok] nairobi_query_-rWgRitoKSYrdczUKUiOrA isotropic seed=5678 gain=2.245 max|d|=10.37 (no projection)
[ok] nairobi_query_-rWgRitoKSYrdczUKUiOrA direction seed=9012 gain=0.465 max|d|=7.44 (projection 16)
[ok] nairobi_query_-rWgRitoKSYrdczUKUiOrA direction_eot seed=9012 gain=0.345 max|d|=5.52 (projection 16)
[ok] nairobi_query_-rWgRitoKSYrdczUKUiOrA isotropic seed=9012 gain=2.235 max|d|=10.56 (no projection)
[ok] toronto_query_-5HBlqC41yTbYA1NM7dz1A direction seed=5678 gain=0.405 max|d|=6.49 (projection 16)
[ok] toronto_query_-5HBlqC41yTbYA1NM7dz1A direction_eot seed=5678 gain=0.336 max|d|=5.38 (projection 16)
[ok] toronto_query_-5HBlqC41yTbYA1NM7dz1A isotropic seed=5678 gain=2.291 max|d|=10.35 (no projection)
[ok] toronto_query_-5HBlqC41yTbYA1NM7dz1A direction seed=9012 gain=0.405 max|d|=6.48 (projection 16)
[ok] toronto_query_-5HBlqC41yTbYA1NM7dz1A direction_eot seed=9012 gain=0.328 max|d|=5.25 (projection 16)
[ok] toronto_query_-5HBlqC41yTbYA1NM7dz1A isotropic seed=9012 gain=2.286 max|d|=10.86 (no projection)
[ok] zurich_query_-7bB9HS2MqV7UT7vRyROfg direction seed=5678 gain=0.457 max|d|=7.31 (projection 16)
[ok] zurich_query_-7bB9HS2MqV7UT7vRyROfg direction_eot seed=5678 gain=0.369 max|d|=5.91 (projection 16)
[ok] zurich_query_-7bB9HS2MqV7UT7vRyROfg isotropic seed=5678 gain=2.243 max|d|=10.21 (no projection)
[ok] zurich_query_-7bB9HS2MqV7UT7vRyROfg direction seed=9012 gain=0.460 max|d|=7.35 (projection 16)
[ok] zurich_query_-7bB9HS2MqV7UT7vRyROfg direction_eot seed=9012 gain=0.358 max|d|=5.73 (projection 16)
[ok] zurich_query_-7bB9HS2MqV7UT7vRyROfg isotropic seed=9012 gain=2.246 max|d|=10.73 (no projection)
[ok] amman_query_-L_vanPrT4RcWlLbzCqMKA direction seed=5678 gain=0.421 max|d|=6.73 (projection 16)
[ok] amman_query_-L_vanPrT4RcWlLbzCqMKA direction_eot seed=5678 gain=0.333 max|d|=5.32 (projection 16)
[ok] amman_query_-L_vanPrT4RcWlLbzCqMKA isotropic seed=5678 gain=2.236 max|d|=10.29 (no projection)
[ok] amman_query_-L_vanPrT4RcWlLbzCqMKA direction seed=9012 gain=0.417 max|d|=6.67 (projection 16)
[ok] amman_query_-L_vanPrT4RcWlLbzCqMKA direction_eot seed=9012 gain=0.338 max|d|=5.41 (projection 16)
[ok] amman_query_-L_vanPrT4RcWlLbzCqMKA isotropic seed=9012 gain=2.239 max|d|=9.61 (no projection)
[ok] boston_query_-5-CNr3q7kmRGcDSMueI4w direction seed=5678 gain=0.412 max|d|=6.59 (projection 16)
[ok] boston_query_-5-CNr3q7kmRGcDSMueI4w direction_eot seed=5678 gain=0.343 max|d|=5.49 (projection 16)
[ok] boston_query_-5-CNr3q7kmRGcDSMueI4w isotropic seed=5678 gain=2.232 max|d|=11.28 (no projection)
[ok] boston_query_-5-CNr3q7kmRGcDSMueI4w direction seed=9012 gain=0.411 max|d|=6.58 (projection 16)
[ok] boston_query_-5-CNr3q7kmRGcDSMueI4w direction_eot seed=9012 gain=0.354 max|d|=5.66 (projection 16)
[ok] boston_query_-5-CNr3q7kmRGcDSMueI4w isotropic seed=9012 gain=2.233 max|d|=11.28 (no projection)
[ok] cph_query_-0_HsZnndjHv76QpTyNFCA direction seed=5678 gain=0.414 max|d|=6.62 (projection 16)
[ok] cph_query_-0_HsZnndjHv76QpTyNFCA direction_eot seed=5678 gain=0.336 max|d|=5.37 (projection 16)
[ok] cph_query_-0_HsZnndjHv76QpTyNFCA isotropic seed=5678 gain=2.236 max|d|=11.73 (no projection)
[ok] cph_query_-0_HsZnndjHv76QpTyNFCA direction seed=9012 gain=0.412 max|d|=6.59 (projection 16)
[ok] cph_query_-0_HsZnndjHv76QpTyNFCA direction_eot seed=9012 gain=0.331 max|d|=5.29 (projection 16)
[ok] cph_query_-0_HsZnndjHv76QpTyNFCA isotropic seed=9012 gain=2.240 max|d|=10.72 (no projection)
[ok] london_query_-7cNAk24ZhuoOowcvDoImw direction seed=5678 gain=0.466 max|d|=7.46 (projection 16)
[ok] london_query_-7cNAk24ZhuoOowcvDoImw direction_eot seed=5678 gain=0.376 max|d|=6.02 (projection 16)
[ok] london_query_-7cNAk24ZhuoOowcvDoImw isotropic seed=5678 gain=2.263 max|d|=10.51 (no projection)
[ok] london_query_-7cNAk24ZhuoOowcvDoImw direction seed=9012 gain=0.463 max|d|=7.41 (projection 16)
[ok] london_query_-7cNAk24ZhuoOowcvDoImw direction_eot seed=9012 gain=0.362 max|d|=5.79 (projection 16)
[ok] london_query_-7cNAk24ZhuoOowcvDoImw isotropic seed=9012 gain=2.266 max|d|=10.46 (no projection)
[ok] manila_query_-6NSbTuzpeyDbSXKeGAasg direction seed=5678 gain=0.433 max|d|=6.93 (projection 16)
[ok] manila_query_-6NSbTuzpeyDbSXKeGAasg direction_eot seed=5678 gain=0.355 max|d|=5.67 (projection 16)
[ok] manila_query_-6NSbTuzpeyDbSXKeGAasg isotropic seed=5678 gain=2.237 max|d|=10.10 (no projection)
[ok] manila_query_-6NSbTuzpeyDbSXKeGAasg direction seed=9012 gain=0.435 max|d|=6.95 (projection 16)
[ok] manila_query_-6NSbTuzpeyDbSXKeGAasg direction_eot seed=9012 gain=0.347 max|d|=5.56 (projection 16)
[ok] manila_query_-6NSbTuzpeyDbSXKeGAasg isotropic seed=9012 gain=2.235 max|d|=11.35 (no projection)
[ok] nairobi_query_-yxXz3in11JFniZQAa7m2A direction seed=5678 gain=0.453 max|d|=7.25 (projection 16)
[ok] nairobi_query_-yxXz3in11JFniZQAa7m2A direction_eot seed=5678 gain=0.350 max|d|=5.61 (projection 16)
[ok] nairobi_query_-yxXz3in11JFniZQAa7m2A isotropic seed=5678 gain=2.310 max|d|=10.66 (no projection)
[ok] nairobi_query_-yxXz3in11JFniZQAa7m2A direction seed=9012 gain=0.446 max|d|=7.14 (projection 16)
[ok] nairobi_query_-yxXz3in11JFniZQAa7m2A direction_eot seed=9012 gain=0.351 max|d|=5.61 (projection 16)
[ok] nairobi_query_-yxXz3in11JFniZQAa7m2A isotropic seed=9012 gain=2.306 max|d|=10.19 (no projection)
[ok] toronto_query_-5RKNbex7In9Ys4mH40wXA direction seed=5678 gain=0.428 max|d|=6.85 (projection 16)
[ok] toronto_query_-5RKNbex7In9Ys4mH40wXA direction_eot seed=5678 gain=0.337 max|d|=5.39 (projection 16)
[ok] toronto_query_-5RKNbex7In9Ys4mH40wXA isotropic seed=5678 gain=2.351 max|d|=11.72 (no projection)
[ok] toronto_query_-5RKNbex7In9Ys4mH40wXA direction seed=9012 gain=0.427 max|d|=6.83 (projection 16)
[ok] toronto_query_-5RKNbex7In9Ys4mH40wXA direction_eot seed=9012 gain=0.346 max|d|=5.53 (projection 16)
[ok] toronto_query_-5RKNbex7In9Ys4mH40wXA isotropic seed=9012 gain=2.356 max|d|=11.03 (no projection)
[ok] zurich_query_-ANYzSHAsjItBx6yJauT3A direction seed=5678 gain=0.427 max|d|=6.83 (projection 16)
[ok] zurich_query_-ANYzSHAsjItBx6yJauT3A direction_eot seed=5678 gain=0.348 max|d|=5.57 (projection 16)
[ok] zurich_query_-ANYzSHAsjItBx6yJauT3A isotropic seed=5678 gain=2.271 max|d|=10.64 (no projection)
[ok] zurich_query_-ANYzSHAsjItBx6yJauT3A direction seed=9012 gain=0.430 max|d|=6.88 (projection 16)
[ok] zurich_query_-ANYzSHAsjItBx6yJauT3A direction_eot seed=9012 gain=0.341 max|d|=5.46 (projection 16)
[ok] zurich_query_-ANYzSHAsjItBx6yJauT3A isotropic seed=9012 gain=2.274 max|d|=9.91 (no projection)
[ok] amman_query_-MUBUlzvFxQS_zFg6xNhVg direction seed=5678 gain=0.437 max|d|=7.00 (projection 16)
[ok] amman_query_-MUBUlzvFxQS_zFg6xNhVg direction_eot seed=5678 gain=0.365 max|d|=5.85 (projection 16)
[ok] amman_query_-MUBUlzvFxQS_zFg6xNhVg isotropic seed=5678 gain=2.245 max|d|=10.90 (no projection)
[ok] amman_query_-MUBUlzvFxQS_zFg6xNhVg direction seed=9012 gain=0.441 max|d|=7.05 (projection 16)
[ok] amman_query_-MUBUlzvFxQS_zFg6xNhVg direction_eot seed=9012 gain=0.359 max|d|=5.75 (projection 16)
[ok] amman_query_-MUBUlzvFxQS_zFg6xNhVg isotropic seed=9012 gain=2.239 max|d|=11.40 (no projection)
[ok] boston_query_-6RLrPXAeunQaNK6m645ZA direction seed=5678 gain=0.414 max|d|=6.62 (projection 16)
[ok] boston_query_-6RLrPXAeunQaNK6m645ZA direction_eot seed=5678 gain=0.343 max|d|=5.49 (projection 16)
[ok] boston_query_-6RLrPXAeunQaNK6m645ZA isotropic seed=5678 gain=2.268 max|d|=10.91 (no projection)
[ok] boston_query_-6RLrPXAeunQaNK6m645ZA direction seed=9012 gain=0.418 max|d|=6.69 (projection 16)
[ok] boston_query_-6RLrPXAeunQaNK6m645ZA direction_eot seed=9012 gain=0.346 max|d|=5.53 (projection 16)
[ok] boston_query_-6RLrPXAeunQaNK6m645ZA isotropic seed=9012 gain=2.261 max|d|=10.40 (no projection)
[ok] cph_query_-2N5Dmf5tOm5N83KXgvjDw direction seed=5678 gain=0.420 max|d|=6.72 (projection 16)
[ok] cph_query_-2N5Dmf5tOm5N83KXgvjDw direction_eot seed=5678 gain=0.328 max|d|=5.24 (projection 16)
[ok] cph_query_-2N5Dmf5tOm5N83KXgvjDw isotropic seed=5678 gain=2.352 max|d|=10.47 (no projection)
[ok] cph_query_-2N5Dmf5tOm5N83KXgvjDw direction seed=9012 gain=0.426 max|d|=6.81 (projection 16)
[ok] cph_query_-2N5Dmf5tOm5N83KXgvjDw direction_eot seed=9012 gain=0.343 max|d|=5.48 (projection 16)
[ok] cph_query_-2N5Dmf5tOm5N83KXgvjDw isotropic seed=9012 gain=2.350 max|d|=10.79 (no projection)
[ok] london_query_-8xWvI5d3Z6gfsRDb_kEQQ direction seed=5678 gain=0.404 max|d|=6.46 (projection 16)
[ok] london_query_-8xWvI5d3Z6gfsRDb_kEQQ direction_eot seed=5678 gain=0.332 max|d|=5.31 (projection 16)
[ok] london_query_-8xWvI5d3Z6gfsRDb_kEQQ isotropic seed=5678 gain=2.274 max|d|=10.87 (no projection)
[ok] london_query_-8xWvI5d3Z6gfsRDb_kEQQ direction seed=9012 gain=0.412 max|d|=6.59 (projection 16)
[ok] london_query_-8xWvI5d3Z6gfsRDb_kEQQ direction_eot seed=9012 gain=0.335 max|d|=5.35 (projection 16)
[ok] london_query_-8xWvI5d3Z6gfsRDb_kEQQ isotropic seed=9012 gain=2.293 max|d|=11.01 (no projection)
[ok] manila_query_-6_2C-ExaVhx4ONvHOvffw direction seed=5678 gain=0.408 max|d|=6.53 (projection 16)
[ok] manila_query_-6_2C-ExaVhx4ONvHOvffw direction_eot seed=5678 gain=0.325 max|d|=5.20 (projection 16)
[ok] manila_query_-6_2C-ExaVhx4ONvHOvffw isotropic seed=5678 gain=2.273 max|d|=9.66 (no projection)
[ok] manila_query_-6_2C-ExaVhx4ONvHOvffw direction seed=9012 gain=0.412 max|d|=6.59 (projection 16)
[ok] manila_query_-6_2C-ExaVhx4ONvHOvffw direction_eot seed=9012 gain=0.322 max|d|=5.15 (projection 16)
[ok] manila_query_-6_2C-ExaVhx4ONvHOvffw isotropic seed=9012 gain=2.271 max|d|=10.50 (no projection)
[ok] nairobi_query_0-ZdPdUGwVdDwKbIOxQCBA direction seed=5678 gain=0.467 max|d|=7.48 (projection 16)
[ok] nairobi_query_0-ZdPdUGwVdDwKbIOxQCBA direction_eot seed=5678 gain=0.364 max|d|=5.82 (projection 16)
[ok] nairobi_query_0-ZdPdUGwVdDwKbIOxQCBA isotropic seed=5678 gain=2.237 max|d|=10.05 (no projection)
[ok] nairobi_query_0-ZdPdUGwVdDwKbIOxQCBA direction seed=9012 gain=0.464 max|d|=7.42 (projection 16)
[ok] nairobi_query_0-ZdPdUGwVdDwKbIOxQCBA direction_eot seed=9012 gain=0.368 max|d|=5.89 (projection 16)
[ok] nairobi_query_0-ZdPdUGwVdDwKbIOxQCBA isotropic seed=9012 gain=2.243 max|d|=10.07 (no projection)
[ok] toronto_query_-5ryd5v5eXUsmP9y4p6w_g direction seed=5678 gain=0.451 max|d|=7.22 (projection 16)
[ok] toronto_query_-5ryd5v5eXUsmP9y4p6w_g direction_eot seed=5678 gain=0.359 max|d|=5.75 (projection 16)
[ok] toronto_query_-5ryd5v5eXUsmP9y4p6w_g isotropic seed=5678 gain=2.235 max|d|=10.01 (no projection)
[ok] toronto_query_-5ryd5v5eXUsmP9y4p6w_g direction seed=9012 gain=0.447 max|d|=7.15 (projection 16)
[ok] toronto_query_-5ryd5v5eXUsmP9y4p6w_g direction_eot seed=9012 gain=0.367 max|d|=5.87 (projection 16)
[ok] toronto_query_-5ryd5v5eXUsmP9y4p6w_g isotropic seed=9012 gain=2.236 max|d|=11.12 (no projection)
[ok] zurich_query_-Bz7by7mnVU_HZbXc8FmpQ direction seed=5678 gain=0.416 max|d|=6.65 (projection 16)
[ok] zurich_query_-Bz7by7mnVU_HZbXc8FmpQ direction_eot seed=5678 gain=0.338 max|d|=5.41 (projection 16)
[ok] zurich_query_-Bz7by7mnVU_HZbXc8FmpQ isotropic seed=5678 gain=2.245 max|d|=10.10 (no projection)
[ok] zurich_query_-Bz7by7mnVU_HZbXc8FmpQ direction seed=9012 gain=0.421 max|d|=6.74 (projection 16)
[ok] zurich_query_-Bz7by7mnVU_HZbXc8FmpQ direction_eot seed=9012 gain=0.345 max|d|=5.51 (projection 16)
[ok] zurich_query_-Bz7by7mnVU_HZbXc8FmpQ isotropic seed=9012 gain=2.235 max|d|=9.72 (no projection)
[ok] amman_query_-N1g8CEJP4UIaWH8Qqja2g direction seed=5678 gain=0.431 max|d|=6.89 (projection 16)
[ok] amman_query_-N1g8CEJP4UIaWH8Qqja2g direction_eot seed=5678 gain=0.343 max|d|=5.49 (projection 16)
[ok] amman_query_-N1g8CEJP4UIaWH8Qqja2g isotropic seed=5678 gain=2.243 max|d|=10.21 (no projection)
[ok] amman_query_-N1g8CEJP4UIaWH8Qqja2g direction seed=9012 gain=0.432 max|d|=6.91 (projection 16)
[ok] amman_query_-N1g8CEJP4UIaWH8Qqja2g direction_eot seed=9012 gain=0.345 max|d|=5.52 (projection 16)
[ok] amman_query_-N1g8CEJP4UIaWH8Qqja2g isotropic seed=9012 gain=2.244 max|d|=10.85 (no projection)
[ok] boston_query_-7KZUz5u8-7ja98pf8etVA direction seed=5678 gain=0.446 max|d|=7.14 (projection 16)
[ok] boston_query_-7KZUz5u8-7ja98pf8etVA direction_eot seed=5678 gain=0.347 max|d|=5.56 (projection 16)
[ok] boston_query_-7KZUz5u8-7ja98pf8etVA isotropic seed=5678 gain=2.264 max|d|=10.68 (no projection)
[ok] boston_query_-7KZUz5u8-7ja98pf8etVA direction seed=9012 gain=0.451 max|d|=7.22 (projection 16)
[ok] boston_query_-7KZUz5u8-7ja98pf8etVA direction_eot seed=9012 gain=0.352 max|d|=5.64 (projection 16)
[ok] boston_query_-7KZUz5u8-7ja98pf8etVA isotropic seed=9012 gain=2.260 max|d|=10.15 (no projection)
[ok] cph_query_-3uNzD-M1uI2jZeGqOkpXg direction seed=5678 gain=0.456 max|d|=7.30 (projection 16)
[ok] cph_query_-3uNzD-M1uI2jZeGqOkpXg direction_eot seed=5678 gain=0.351 max|d|=5.61 (projection 16)
[ok] cph_query_-3uNzD-M1uI2jZeGqOkpXg isotropic seed=5678 gain=2.238 max|d|=10.49 (no projection)
[ok] cph_query_-3uNzD-M1uI2jZeGqOkpXg direction seed=9012 gain=0.452 max|d|=7.24 (projection 16)
[ok] cph_query_-3uNzD-M1uI2jZeGqOkpXg direction_eot seed=9012 gain=0.351 max|d|=5.62 (projection 16)
[ok] cph_query_-3uNzD-M1uI2jZeGqOkpXg isotropic seed=9012 gain=2.232 max|d|=10.12 (no projection)
[ok] london_query_-9FGszdwftnBlzMuP0c_NQ direction seed=5678 gain=0.416 max|d|=6.65 (projection 16)
[ok] london_query_-9FGszdwftnBlzMuP0c_NQ direction_eot seed=5678 gain=0.337 max|d|=5.39 (projection 16)
[ok] london_query_-9FGszdwftnBlzMuP0c_NQ isotropic seed=5678 gain=2.245 max|d|=10.22 (no projection)
[ok] london_query_-9FGszdwftnBlzMuP0c_NQ direction seed=9012 gain=0.415 max|d|=6.64 (projection 16)
[ok] london_query_-9FGszdwftnBlzMuP0c_NQ direction_eot seed=9012 gain=0.326 max|d|=5.22 (projection 16)
[ok] london_query_-9FGszdwftnBlzMuP0c_NQ isotropic seed=9012 gain=2.235 max|d|=9.54 (no projection)
[ok] manila_query_-6_XaKv0Rrp2Jl0G9m_8NQ direction seed=5678 gain=0.427 max|d|=6.83 (projection 16)
[ok] manila_query_-6_XaKv0Rrp2Jl0G9m_8NQ direction_eot seed=5678 gain=0.357 max|d|=5.71 (projection 16)
[ok] manila_query_-6_XaKv0Rrp2Jl0G9m_8NQ isotropic seed=5678 gain=2.237 max|d|=12.59 (no projection)
[ok] manila_query_-6_XaKv0Rrp2Jl0G9m_8NQ direction seed=9012 gain=0.426 max|d|=6.81 (projection 16)
[ok] manila_query_-6_XaKv0Rrp2Jl0G9m_8NQ direction_eot seed=9012 gain=0.352 max|d|=5.63 (projection 16)
[ok] manila_query_-6_XaKv0Rrp2Jl0G9m_8NQ isotropic seed=9012 gain=2.248 max|d|=10.94 (no projection)
[ok] nairobi_query_01juXwMfxX_a4pfhpqt66g direction seed=5678 gain=0.476 max|d|=7.61 (projection 16)
[ok] nairobi_query_01juXwMfxX_a4pfhpqt66g direction_eot seed=5678 gain=0.377 max|d|=6.04 (projection 16)
[ok] nairobi_query_01juXwMfxX_a4pfhpqt66g isotropic seed=5678 gain=2.273 max|d|=10.75 (no projection)
[ok] nairobi_query_01juXwMfxX_a4pfhpqt66g direction seed=9012 gain=0.477 max|d|=7.63 (projection 16)
[ok] nairobi_query_01juXwMfxX_a4pfhpqt66g direction_eot seed=9012 gain=0.373 max|d|=5.97 (projection 16)
[ok] nairobi_query_01juXwMfxX_a4pfhpqt66g isotropic seed=9012 gain=2.275 max|d|=10.98 (no projection)
[ok] toronto_query_-5z50PgNYnxK8Ns2WmF_TQ direction seed=5678 gain=0.451 max|d|=7.22 (projection 16)
[ok] toronto_query_-5z50PgNYnxK8Ns2WmF_TQ direction_eot seed=5678 gain=0.358 max|d|=5.73 (projection 16)
[ok] toronto_query_-5z50PgNYnxK8Ns2WmF_TQ isotropic seed=5678 gain=2.239 max|d|=10.32 (no projection)
[ok] toronto_query_-5z50PgNYnxK8Ns2WmF_TQ direction seed=9012 gain=0.449 max|d|=7.18 (projection 16)
[ok] toronto_query_-5z50PgNYnxK8Ns2WmF_TQ direction_eot seed=9012 gain=0.348 max|d|=5.57 (projection 16)
[ok] toronto_query_-5z50PgNYnxK8Ns2WmF_TQ isotropic seed=9012 gain=2.238 max|d|=9.98 (no projection)
[ok] zurich_query_-D3dDkhM5rjIJhj1SPdroA direction seed=5678 gain=0.410 max|d|=6.56 (projection 16)
[ok] zurich_query_-D3dDkhM5rjIJhj1SPdroA direction_eot seed=5678 gain=0.347 max|d|=5.55 (projection 16)
[ok] zurich_query_-D3dDkhM5rjIJhj1SPdroA isotropic seed=5678 gain=2.307 max|d|=12.60 (no projection)
[ok] zurich_query_-D3dDkhM5rjIJhj1SPdroA direction seed=9012 gain=0.408 max|d|=6.52 (projection 16)
[ok] zurich_query_-D3dDkhM5rjIJhj1SPdroA direction_eot seed=9012 gain=0.341 max|d|=5.46 (projection 16)
[ok] zurich_query_-D3dDkhM5rjIJhj1SPdroA isotropic seed=9012 gain=2.311 max|d|=10.56 (no projection)
[ok] amman_query_-VdxqGX8d8L_OiSEN5CtDw direction seed=5678 gain=0.429 max|d|=6.87 (projection 16)
[ok] amman_query_-VdxqGX8d8L_OiSEN5CtDw direction_eot seed=5678 gain=0.327 max|d|=5.24 (projection 16)
[ok] amman_query_-VdxqGX8d8L_OiSEN5CtDw isotropic seed=5678 gain=2.243 max|d|=9.68 (no projection)
[ok] amman_query_-VdxqGX8d8L_OiSEN5CtDw direction seed=9012 gain=0.424 max|d|=6.78 (projection 16)
[ok] amman_query_-VdxqGX8d8L_OiSEN5CtDw direction_eot seed=9012 gain=0.339 max|d|=5.43 (projection 16)
[ok] amman_query_-VdxqGX8d8L_OiSEN5CtDw isotropic seed=9012 gain=2.236 max|d|=11.55 (no projection)
[ok] boston_query_-8cIAPzC7_za-xCEWsIoK2 direction seed=5678 gain=0.458 max|d|=7.32 (projection 16)
[ok] boston_query_-8cIAPzC7_za-xCEWsIoK2 direction_eot seed=5678 gain=0.361 max|d|=5.77 (projection 16)
[ok] boston_query_-8cIAPzC7_za-xCEWsIoK2 isotropic seed=5678 gain=2.264 max|d|=10.19 (no projection)
[ok] boston_query_-8cIAPzC7_za-xCEWsIoK2 direction seed=9012 gain=0.456 max|d|=7.30 (projection 16)
[ok] boston_query_-8cIAPzC7_za-xCEWsIoK2 direction_eot seed=9012 gain=0.350 max|d|=5.60 (projection 16)
[ok] boston_query_-8cIAPzC7_za-xCEWsIoK2 isotropic seed=9012 gain=2.260 max|d|=11.56 (no projection)
[ok] cph_query_-4KruxIYZ3a3GYE0tOKn2w direction seed=5678 gain=0.415 max|d|=6.64 (projection 16)
[ok] cph_query_-4KruxIYZ3a3GYE0tOKn2w direction_eot seed=5678 gain=0.341 max|d|=5.45 (projection 16)
[ok] cph_query_-4KruxIYZ3a3GYE0tOKn2w isotropic seed=5678 gain=2.276 max|d|=10.86 (no projection)
[ok] cph_query_-4KruxIYZ3a3GYE0tOKn2w direction seed=9012 gain=0.411 max|d|=6.57 (projection 16)
[ok] cph_query_-4KruxIYZ3a3GYE0tOKn2w direction_eot seed=9012 gain=0.340 max|d|=5.44 (projection 16)
[ok] cph_query_-4KruxIYZ3a3GYE0tOKn2w isotropic seed=9012 gain=2.274 max|d|=9.72 (no projection)
[ok] london_query_-9KgeyegI3TaGMqglsDENg direction seed=5678 gain=0.418 max|d|=6.70 (projection 16)
[ok] london_query_-9KgeyegI3TaGMqglsDENg direction_eot seed=5678 gain=0.344 max|d|=5.50 (projection 16)
[ok] london_query_-9KgeyegI3TaGMqglsDENg isotropic seed=5678 gain=2.241 max|d|=10.07 (no projection)
[ok] london_query_-9KgeyegI3TaGMqglsDENg direction seed=9012 gain=0.426 max|d|=6.82 (projection 16)
[ok] london_query_-9KgeyegI3TaGMqglsDENg direction_eot seed=9012 gain=0.338 max|d|=5.41 (projection 16)
[ok] london_query_-9KgeyegI3TaGMqglsDENg isotropic seed=9012 gain=2.233 max|d|=9.67 (no projection)
[ok] manila_query_-7YHsOWBiYFmYcRzIM0ijg direction seed=5678 gain=0.456 max|d|=7.29 (projection 16)
[ok] manila_query_-7YHsOWBiYFmYcRzIM0ijg direction_eot seed=5678 gain=0.375 max|d|=5.99 (projection 16)
[ok] manila_query_-7YHsOWBiYFmYcRzIM0ijg isotropic seed=5678 gain=2.241 max|d|=10.49 (no projection)
[ok] manila_query_-7YHsOWBiYFmYcRzIM0ijg direction seed=9012 gain=0.453 max|d|=7.25 (projection 16)
[ok] manila_query_-7YHsOWBiYFmYcRzIM0ijg direction_eot seed=9012 gain=0.377 max|d|=6.03 (projection 16)
[ok] manila_query_-7YHsOWBiYFmYcRzIM0ijg isotropic seed=9012 gain=2.241 max|d|=10.75 (no projection)
[ok] nairobi_query_09aysNUjwNAPHsHo-R-IdA direction seed=5678 gain=0.446 max|d|=7.14 (projection 16)
[ok] nairobi_query_09aysNUjwNAPHsHo-R-IdA direction_eot seed=5678 gain=0.343 max|d|=5.49 (projection 16)
[ok] nairobi_query_09aysNUjwNAPHsHo-R-IdA isotropic seed=5678 gain=2.236 max|d|=10.39 (no projection)
[ok] nairobi_query_09aysNUjwNAPHsHo-R-IdA direction seed=9012 gain=0.450 max|d|=7.20 (projection 16)
[ok] nairobi_query_09aysNUjwNAPHsHo-R-IdA direction_eot seed=9012 gain=0.341 max|d|=5.45 (projection 16)
[ok] nairobi_query_09aysNUjwNAPHsHo-R-IdA isotropic seed=9012 gain=2.231 max|d|=10.31 (no projection)
[ok] toronto_query_-68JeZKxV2XoP0N_6780Og direction seed=5678 gain=0.433 max|d|=6.93 (projection 16)
[ok] toronto_query_-68JeZKxV2XoP0N_6780Og direction_eot seed=5678 gain=0.332 max|d|=5.31 (projection 16)
[ok] toronto_query_-68JeZKxV2XoP0N_6780Og isotropic seed=5678 gain=2.238 max|d|=10.61 (no projection)
[ok] toronto_query_-68JeZKxV2XoP0N_6780Og direction seed=9012 gain=0.431 max|d|=6.89 (projection 16)
[ok] toronto_query_-68JeZKxV2XoP0N_6780Og direction_eot seed=9012 gain=0.329 max|d|=5.26 (projection 16)
[ok] toronto_query_-68JeZKxV2XoP0N_6780Og isotropic seed=9012 gain=2.243 max|d|=10.52 (no projection)
[ok] zurich_query_-E0qyEWY7jSPMOpGqiEG-A direction seed=5678 gain=0.409 max|d|=6.55 (projection 16)
[ok] zurich_query_-E0qyEWY7jSPMOpGqiEG-A direction_eot seed=5678 gain=0.325 max|d|=5.21 (projection 16)
[ok] zurich_query_-E0qyEWY7jSPMOpGqiEG-A isotropic seed=5678 gain=2.248 max|d|=10.16 (no projection)
[ok] zurich_query_-E0qyEWY7jSPMOpGqiEG-A direction seed=9012 gain=0.411 max|d|=6.58 (projection 16)
[ok] zurich_query_-E0qyEWY7jSPMOpGqiEG-A direction_eot seed=9012 gain=0.326 max|d|=5.22 (projection 16)
[ok] zurich_query_-E0qyEWY7jSPMOpGqiEG-A isotropic seed=9012 gain=2.254 max|d|=10.03 (no projection)
[ok] amman_query_-XWB_1fOm8NW5dQx9p5IKg direction seed=5678 gain=0.425 max|d|=6.81 (projection 16)
[ok] amman_query_-XWB_1fOm8NW5dQx9p5IKg direction_eot seed=5678 gain=0.338 max|d|=5.41 (projection 16)
[ok] amman_query_-XWB_1fOm8NW5dQx9p5IKg isotropic seed=5678 gain=2.245 max|d|=10.95 (no projection)
[ok] amman_query_-XWB_1fOm8NW5dQx9p5IKg direction seed=9012 gain=0.419 max|d|=6.70 (projection 16)
[ok] amman_query_-XWB_1fOm8NW5dQx9p5IKg direction_eot seed=9012 gain=0.345 max|d|=5.52 (projection 16)
[ok] amman_query_-XWB_1fOm8NW5dQx9p5IKg isotropic seed=9012 gain=2.238 max|d|=9.95 (no projection)
[ok] boston_query_-9Lur-PAHqcMspWszAgfqw direction seed=5678 gain=0.439 max|d|=7.03 (projection 16)
[ok] boston_query_-9Lur-PAHqcMspWszAgfqw direction_eot seed=5678 gain=0.350 max|d|=5.59 (projection 16)
[ok] boston_query_-9Lur-PAHqcMspWszAgfqw isotropic seed=5678 gain=2.282 max|d|=10.05 (no projection)
[ok] boston_query_-9Lur-PAHqcMspWszAgfqw direction seed=9012 gain=0.443 max|d|=7.09 (projection 16)
[ok] boston_query_-9Lur-PAHqcMspWszAgfqw direction_eot seed=9012 gain=0.350 max|d|=5.59 (projection 16)
[ok] boston_query_-9Lur-PAHqcMspWszAgfqw isotropic seed=9012 gain=2.278 max|d|=10.79 (no projection)
[ok] cph_query_-4RqBOkDhigU8JsdQZINkQ direction seed=5678 gain=0.434 max|d|=6.94 (projection 16)
[ok] cph_query_-4RqBOkDhigU8JsdQZINkQ direction_eot seed=5678 gain=0.347 max|d|=5.55 (projection 16)
[ok] cph_query_-4RqBOkDhigU8JsdQZINkQ isotropic seed=5678 gain=2.272 max|d|=10.38 (no projection)
[ok] cph_query_-4RqBOkDhigU8JsdQZINkQ direction seed=9012 gain=0.432 max|d|=6.92 (projection 16)
[ok] cph_query_-4RqBOkDhigU8JsdQZINkQ direction_eot seed=9012 gain=0.344 max|d|=5.50 (projection 16)
[ok] cph_query_-4RqBOkDhigU8JsdQZINkQ isotropic seed=9012 gain=2.278 max|d|=10.75 (no projection)
[ok] london_query_-FGaYVNFN5ALUsVDNixL_g direction seed=5678 gain=0.439 max|d|=7.03 (projection 16)
[ok] london_query_-FGaYVNFN5ALUsVDNixL_g direction_eot seed=5678 gain=0.363 max|d|=5.81 (projection 16)
[ok] london_query_-FGaYVNFN5ALUsVDNixL_g isotropic seed=5678 gain=2.257 max|d|=13.01 (no projection)
[ok] london_query_-FGaYVNFN5ALUsVDNixL_g direction seed=9012 gain=0.440 max|d|=7.04 (projection 16)
[ok] london_query_-FGaYVNFN5ALUsVDNixL_g direction_eot seed=9012 gain=0.356 max|d|=5.70 (projection 16)
[ok] london_query_-FGaYVNFN5ALUsVDNixL_g isotropic seed=9012 gain=2.253 max|d|=10.72 (no projection)
[ok] manila_query_-81llwEm_ZxNy7Sa7Xrjlw direction seed=5678 gain=0.435 max|d|=6.96 (projection 16)
[ok] manila_query_-81llwEm_ZxNy7Sa7Xrjlw direction_eot seed=5678 gain=0.350 max|d|=5.59 (projection 16)
[ok] manila_query_-81llwEm_ZxNy7Sa7Xrjlw isotropic seed=5678 gain=2.296 max|d|=10.67 (no projection)
[ok] manila_query_-81llwEm_ZxNy7Sa7Xrjlw direction seed=9012 gain=0.438 max|d|=7.02 (projection 16)
[ok] manila_query_-81llwEm_ZxNy7Sa7Xrjlw direction_eot seed=9012 gain=0.344 max|d|=5.51 (projection 16)
[ok] manila_query_-81llwEm_ZxNy7Sa7Xrjlw isotropic seed=9012 gain=2.298 max|d|=10.18 (no projection)
[ok] nairobi_query_0ByAmUG6wFySvLcHHQ0Sdg direction seed=5678 gain=0.443 max|d|=7.10 (projection 16)
[ok] nairobi_query_0ByAmUG6wFySvLcHHQ0Sdg direction_eot seed=5678 gain=0.345 max|d|=5.51 (projection 16)
[ok] nairobi_query_0ByAmUG6wFySvLcHHQ0Sdg isotropic seed=5678 gain=2.261 max|d|=10.63 (no projection)
[ok] nairobi_query_0ByAmUG6wFySvLcHHQ0Sdg direction seed=9012 gain=0.454 max|d|=7.26 (projection 16)
[ok] nairobi_query_0ByAmUG6wFySvLcHHQ0Sdg direction_eot seed=9012 gain=0.332 max|d|=5.32 (projection 16)
[ok] nairobi_query_0ByAmUG6wFySvLcHHQ0Sdg isotropic seed=9012 gain=2.267 max|d|=11.17 (no projection)
[ok] toronto_query_-6ZIqrL48IaL1dCCO7bDVQ direction seed=5678 gain=0.460 max|d|=7.36 (projection 16)
[ok] toronto_query_-6ZIqrL48IaL1dCCO7bDVQ direction_eot seed=5678 gain=0.370 max|d|=5.93 (projection 16)
[ok] toronto_query_-6ZIqrL48IaL1dCCO7bDVQ isotropic seed=5678 gain=2.233 max|d|=10.76 (no projection)
[ok] toronto_query_-6ZIqrL48IaL1dCCO7bDVQ direction seed=9012 gain=0.457 max|d|=7.31 (projection 16)
[ok] toronto_query_-6ZIqrL48IaL1dCCO7bDVQ direction_eot seed=9012 gain=0.357 max|d|=5.72 (projection 16)
[ok] toronto_query_-6ZIqrL48IaL1dCCO7bDVQ isotropic seed=9012 gain=2.236 max|d|=12.05 (no projection)
[ok] zurich_query_-F7hOUVha_xHAoDddsUYdw direction seed=5678 gain=0.449 max|d|=7.19 (projection 16)
[ok] zurich_query_-F7hOUVha_xHAoDddsUYdw direction_eot seed=5678 gain=0.349 max|d|=5.58 (projection 16)
[ok] zurich_query_-F7hOUVha_xHAoDddsUYdw isotropic seed=5678 gain=2.253 max|d|=10.78 (no projection)
[ok] zurich_query_-F7hOUVha_xHAoDddsUYdw direction seed=9012 gain=0.447 max|d|=7.16 (projection 16)
[ok] zurich_query_-F7hOUVha_xHAoDddsUYdw direction_eot seed=9012 gain=0.351 max|d|=5.62 (projection 16)
[ok] zurich_query_-F7hOUVha_xHAoDddsUYdw isotropic seed=9012 gain=2.252 max|d|=11.08 (no projection)
[ok] amman_query_-iXxlTRmA5JphamcIjxBbA direction seed=5678 gain=0.444 max|d|=7.11 (projection 16)
[ok] amman_query_-iXxlTRmA5JphamcIjxBbA direction_eot seed=5678 gain=0.355 max|d|=5.68 (projection 16)
[ok] amman_query_-iXxlTRmA5JphamcIjxBbA isotropic seed=5678 gain=2.238 max|d|=12.34 (no projection)
[ok] amman_query_-iXxlTRmA5JphamcIjxBbA direction seed=9012 gain=0.448 max|d|=7.17 (projection 16)
[ok] amman_query_-iXxlTRmA5JphamcIjxBbA direction_eot seed=9012 gain=0.373 max|d|=5.97 (projection 16)
[ok] amman_query_-iXxlTRmA5JphamcIjxBbA isotropic seed=9012 gain=2.232 max|d|=10.32 (no projection)
[ok] boston_query_-9gbUk-DmX9AOqntuN1nEm direction seed=5678 gain=0.402 max|d|=6.43 (projection 16)
[ok] boston_query_-9gbUk-DmX9AOqntuN1nEm direction_eot seed=5678 gain=0.323 max|d|=5.16 (projection 16)
[ok] boston_query_-9gbUk-DmX9AOqntuN1nEm isotropic seed=5678 gain=2.275 max|d|=10.76 (no projection)
[ok] boston_query_-9gbUk-DmX9AOqntuN1nEm direction seed=9012 gain=0.392 max|d|=6.27 (projection 16)
[ok] boston_query_-9gbUk-DmX9AOqntuN1nEm direction_eot seed=9012 gain=0.325 max|d|=5.20 (projection 16)
[ok] boston_query_-9gbUk-DmX9AOqntuN1nEm isotropic seed=9012 gain=2.269 max|d|=10.50 (no projection)
[ok] cph_query_-4XnD9qE623teR-nRYxB5A direction seed=5678 gain=0.432 max|d|=6.91 (projection 16)
[ok] cph_query_-4XnD9qE623teR-nRYxB5A direction_eot seed=5678 gain=0.359 max|d|=5.74 (projection 16)
[ok] cph_query_-4XnD9qE623teR-nRYxB5A isotropic seed=5678 gain=2.497 max|d|=11.98 (no projection)
[ok] cph_query_-4XnD9qE623teR-nRYxB5A direction seed=9012 gain=0.422 max|d|=6.76 (projection 16)
[ok] cph_query_-4XnD9qE623teR-nRYxB5A direction_eot seed=9012 gain=0.358 max|d|=5.72 (projection 16)
[ok] cph_query_-4XnD9qE623teR-nRYxB5A isotropic seed=9012 gain=2.307 max|d|=11.58 (no projection)
[ok] london_query_-Flts9XBA2wVlru8_LHbkg direction seed=5678 gain=0.446 max|d|=7.14 (projection 16)
[ok] london_query_-Flts9XBA2wVlru8_LHbkg direction_eot seed=5678 gain=0.374 max|d|=5.99 (projection 16)
[ok] london_query_-Flts9XBA2wVlru8_LHbkg isotropic seed=5678 gain=2.254 max|d|=9.93 (no projection)
[ok] london_query_-Flts9XBA2wVlru8_LHbkg direction seed=9012 gain=0.445 max|d|=7.11 (projection 16)
[ok] london_query_-Flts9XBA2wVlru8_LHbkg direction_eot seed=9012 gain=0.366 max|d|=5.86 (projection 16)
[ok] london_query_-Flts9XBA2wVlru8_LHbkg isotropic seed=9012 gain=2.250 max|d|=10.52 (no projection)
[ok] manila_query_-85J_HceaTP2S0IavwkQ-A direction seed=5678 gain=0.420 max|d|=6.72 (projection 16)
[ok] manila_query_-85J_HceaTP2S0IavwkQ-A direction_eot seed=5678 gain=0.340 max|d|=5.43 (projection 16)
[ok] manila_query_-85J_HceaTP2S0IavwkQ-A isotropic seed=5678 gain=2.244 max|d|=10.78 (no projection)
[ok] manila_query_-85J_HceaTP2S0IavwkQ-A direction seed=9012 gain=0.421 max|d|=6.73 (projection 16)
[ok] manila_query_-85J_HceaTP2S0IavwkQ-A direction_eot seed=9012 gain=0.332 max|d|=5.31 (projection 16)
[ok] manila_query_-85J_HceaTP2S0IavwkQ-A isotropic seed=9012 gain=2.252 max|d|=10.34 (no projection)
[ok] nairobi_query_0LJUobuUEqOqrZc4s2fVgg direction seed=5678 gain=0.474 max|d|=7.58 (projection 16)
[ok] nairobi_query_0LJUobuUEqOqrZc4s2fVgg direction_eot seed=5678 gain=0.388 max|d|=6.21 (projection 16)
[ok] nairobi_query_0LJUobuUEqOqrZc4s2fVgg isotropic seed=5678 gain=2.256 max|d|=10.10 (no projection)
[ok] nairobi_query_0LJUobuUEqOqrZc4s2fVgg direction seed=9012 gain=0.476 max|d|=7.61 (projection 16)
[ok] nairobi_query_0LJUobuUEqOqrZc4s2fVgg direction_eot seed=9012 gain=0.372 max|d|=5.95 (projection 16)
[ok] nairobi_query_0LJUobuUEqOqrZc4s2fVgg isotropic seed=9012 gain=2.258 max|d|=9.81 (no projection)
[ok] toronto_query_-7C0G-8afrBbN3hImbBHsA direction seed=5678 gain=0.458 max|d|=7.33 (projection 16)
[ok] toronto_query_-7C0G-8afrBbN3hImbBHsA direction_eot seed=5678 gain=0.367 max|d|=5.87 (projection 16)
[ok] toronto_query_-7C0G-8afrBbN3hImbBHsA isotropic seed=5678 gain=2.241 max|d|=9.86 (no projection)
[ok] toronto_query_-7C0G-8afrBbN3hImbBHsA direction seed=9012 gain=0.455 max|d|=7.29 (projection 16)
[ok] toronto_query_-7C0G-8afrBbN3hImbBHsA direction_eot seed=9012 gain=0.365 max|d|=5.84 (projection 16)
[ok] toronto_query_-7C0G-8afrBbN3hImbBHsA isotropic seed=9012 gain=2.239 max|d|=10.19 (no projection)
[ok] zurich_query_-Kb55YIF941j2DBFO5gVjA direction seed=5678 gain=0.424 max|d|=6.79 (projection 16)
[ok] zurich_query_-Kb55YIF941j2DBFO5gVjA direction_eot seed=5678 gain=0.333 max|d|=5.33 (projection 16)
[ok] zurich_query_-Kb55YIF941j2DBFO5gVjA isotropic seed=5678 gain=2.236 max|d|=11.30 (no projection)
[ok] zurich_query_-Kb55YIF941j2DBFO5gVjA direction seed=9012 gain=0.429 max|d|=6.87 (projection 16)
[ok] zurich_query_-Kb55YIF941j2DBFO5gVjA direction_eot seed=9012 gain=0.331 max|d|=5.29 (projection 16)
[ok] zurich_query_-Kb55YIF941j2DBFO5gVjA isotropic seed=9012 gain=2.237 max|d|=10.67 (no projection)
[ok] amman_query_-qij8CFaEYNp4JW3rF9oqQ direction seed=5678 gain=0.435 max|d|=6.97 (projection 16)
[ok] amman_query_-qij8CFaEYNp4JW3rF9oqQ direction_eot seed=5678 gain=0.355 max|d|=5.68 (projection 16)
[ok] amman_query_-qij8CFaEYNp4JW3rF9oqQ isotropic seed=5678 gain=2.244 max|d|=9.95 (no projection)
[ok] amman_query_-qij8CFaEYNp4JW3rF9oqQ direction seed=9012 gain=0.435 max|d|=6.96 (projection 16)
[ok] amman_query_-qij8CFaEYNp4JW3rF9oqQ direction_eot seed=9012 gain=0.348 max|d|=5.57 (projection 16)
[ok] amman_query_-qij8CFaEYNp4JW3rF9oqQ isotropic seed=9012 gain=2.246 max|d|=10.40 (no projection)
[ok] boston_query_-AJWNV55EAzvKArt5mMYqg direction seed=5678 gain=0.451 max|d|=7.21 (projection 16)
[ok] boston_query_-AJWNV55EAzvKArt5mMYqg direction_eot seed=5678 gain=0.364 max|d|=5.83 (projection 16)
[ok] boston_query_-AJWNV55EAzvKArt5mMYqg isotropic seed=5678 gain=2.250 max|d|=10.12 (no projection)
[ok] boston_query_-AJWNV55EAzvKArt5mMYqg direction seed=9012 gain=0.450 max|d|=7.20 (projection 16)
[ok] boston_query_-AJWNV55EAzvKArt5mMYqg direction_eot seed=9012 gain=0.364 max|d|=5.82 (projection 16)
[ok] boston_query_-AJWNV55EAzvKArt5mMYqg isotropic seed=9012 gain=2.250 max|d|=12.12 (no projection)
[ok] cph_query_-5qSxgAnKk-6Bf5AVVoPjA direction seed=5678 gain=0.446 max|d|=7.14 (projection 16)
[ok] cph_query_-5qSxgAnKk-6Bf5AVVoPjA direction_eot seed=5678 gain=0.352 max|d|=5.63 (projection 16)
[ok] cph_query_-5qSxgAnKk-6Bf5AVVoPjA isotropic seed=5678 gain=2.242 max|d|=10.02 (no projection)
[ok] cph_query_-5qSxgAnKk-6Bf5AVVoPjA direction seed=9012 gain=0.447 max|d|=7.15 (projection 16)
[ok] cph_query_-5qSxgAnKk-6Bf5AVVoPjA direction_eot seed=9012 gain=0.363 max|d|=5.81 (projection 16)
[ok] cph_query_-5qSxgAnKk-6Bf5AVVoPjA isotropic seed=9012 gain=2.237 max|d|=10.13 (no projection)
[ok] london_query_-HfvOD1d7XUGJoEMybpyqQ direction seed=5678 gain=0.404 max|d|=6.47 (projection 16)
[ok] london_query_-HfvOD1d7XUGJoEMybpyqQ direction_eot seed=5678 gain=0.333 max|d|=5.33 (projection 16)
[ok] london_query_-HfvOD1d7XUGJoEMybpyqQ isotropic seed=5678 gain=2.260 max|d|=10.57 (no projection)
[ok] london_query_-HfvOD1d7XUGJoEMybpyqQ direction seed=9012 gain=0.411 max|d|=6.58 (projection 16)
[ok] london_query_-HfvOD1d7XUGJoEMybpyqQ direction_eot seed=9012 gain=0.334 max|d|=5.34 (projection 16)
[ok] london_query_-HfvOD1d7XUGJoEMybpyqQ isotropic seed=9012 gain=2.256 max|d|=10.11 (no projection)
[ok] manila_query_-9tG6ERjH4jVcWo9jkVvBg direction seed=5678 gain=0.408 max|d|=6.53 (projection 16)
[ok] manila_query_-9tG6ERjH4jVcWo9jkVvBg direction_eot seed=5678 gain=0.316 max|d|=5.06 (projection 16)
[ok] manila_query_-9tG6ERjH4jVcWo9jkVvBg isotropic seed=5678 gain=2.240 max|d|=12.33 (no projection)
[ok] manila_query_-9tG6ERjH4jVcWo9jkVvBg direction seed=9012 gain=0.404 max|d|=6.46 (projection 16)
[ok] manila_query_-9tG6ERjH4jVcWo9jkVvBg direction_eot seed=9012 gain=0.317 max|d|=5.08 (projection 16)
[ok] manila_query_-9tG6ERjH4jVcWo9jkVvBg isotropic seed=9012 gain=2.235 max|d|=9.63 (no projection)
[ok] nairobi_query_0M1Vl3tUlt_2MiFp6vxhrg direction seed=5678 gain=0.462 max|d|=7.40 (projection 16)
[ok] nairobi_query_0M1Vl3tUlt_2MiFp6vxhrg direction_eot seed=5678 gain=0.365 max|d|=5.85 (projection 16)
[ok] nairobi_query_0M1Vl3tUlt_2MiFp6vxhrg isotropic seed=5678 gain=2.238 max|d|=10.30 (no projection)
[ok] nairobi_query_0M1Vl3tUlt_2MiFp6vxhrg direction seed=9012 gain=0.460 max|d|=7.36 (projection 16)
[ok] nairobi_query_0M1Vl3tUlt_2MiFp6vxhrg direction_eot seed=9012 gain=0.368 max|d|=5.89 (projection 16)
[ok] nairobi_query_0M1Vl3tUlt_2MiFp6vxhrg isotropic seed=9012 gain=2.239 max|d|=11.14 (no projection)
[ok] toronto_query_-7bDZLvVOVk7ethfd1yomg direction seed=5678 gain=0.387 max|d|=6.19 (projection 16)
[ok] toronto_query_-7bDZLvVOVk7ethfd1yomg direction_eot seed=5678 gain=0.315 max|d|=5.04 (projection 16)
[ok] toronto_query_-7bDZLvVOVk7ethfd1yomg isotropic seed=5678 gain=2.248 max|d|=10.79 (no projection)
[ok] toronto_query_-7bDZLvVOVk7ethfd1yomg direction seed=9012 gain=0.392 max|d|=6.27 (projection 16)
[ok] toronto_query_-7bDZLvVOVk7ethfd1yomg direction_eot seed=9012 gain=0.307 max|d|=4.91 (projection 16)
[ok] toronto_query_-7bDZLvVOVk7ethfd1yomg isotropic seed=9012 gain=2.249 max|d|=11.82 (no projection)
[ok] zurich_query_-Km53YFc8zewa3vS2OeGsQ direction seed=5678 gain=0.445 max|d|=7.13 (projection 16)
[ok] zurich_query_-Km53YFc8zewa3vS2OeGsQ direction_eot seed=5678 gain=0.355 max|d|=5.68 (projection 16)
[ok] zurich_query_-Km53YFc8zewa3vS2OeGsQ isotropic seed=5678 gain=2.242 max|d|=10.19 (no projection)
[ok] zurich_query_-Km53YFc8zewa3vS2OeGsQ direction seed=9012 gain=0.441 max|d|=7.05 (projection 16)
[ok] zurich_query_-Km53YFc8zewa3vS2OeGsQ direction_eot seed=9012 gain=0.355 max|d|=5.68 (projection 16)
[ok] zurich_query_-Km53YFc8zewa3vS2OeGsQ isotropic seed=9012 gain=2.234 max|d|=9.85 (no projection)
[ok] amman_query_-t_-moqpBTWSiKU7mS-lgQ direction seed=5678 gain=0.459 max|d|=7.35 (projection 16)
[ok] amman_query_-t_-moqpBTWSiKU7mS-lgQ direction_eot seed=5678 gain=0.368 max|d|=5.90 (projection 16)
[ok] amman_query_-t_-moqpBTWSiKU7mS-lgQ isotropic seed=5678 gain=2.239 max|d|=9.95 (no projection)
[ok] amman_query_-t_-moqpBTWSiKU7mS-lgQ direction seed=9012 gain=0.462 max|d|=7.39 (projection 16)
[ok] amman_query_-t_-moqpBTWSiKU7mS-lgQ direction_eot seed=9012 gain=0.360 max|d|=5.77 (projection 16)
[ok] amman_query_-t_-moqpBTWSiKU7mS-lgQ isotropic seed=9012 gain=2.233 max|d|=11.40 (no projection)
[ok] boston_query_-Ae9_7GnntvqV8myNb9fhv direction seed=5678 gain=0.437 max|d|=6.99 (projection 16)
[ok] boston_query_-Ae9_7GnntvqV8myNb9fhv direction_eot seed=5678 gain=0.348 max|d|=5.56 (projection 16)
[ok] boston_query_-Ae9_7GnntvqV8myNb9fhv isotropic seed=5678 gain=2.276 max|d|=11.86 (no projection)
[ok] boston_query_-Ae9_7GnntvqV8myNb9fhv direction seed=9012 gain=0.437 max|d|=6.99 (projection 16)
[ok] boston_query_-Ae9_7GnntvqV8myNb9fhv direction_eot seed=9012 gain=0.354 max|d|=5.67 (projection 16)
[ok] boston_query_-Ae9_7GnntvqV8myNb9fhv isotropic seed=9012 gain=2.265 max|d|=10.50 (no projection)
[ok] cph_query_-8E-udXiyMJCRp_UkM4Kgw direction seed=5678 gain=0.440 max|d|=7.04 (projection 16)
[ok] cph_query_-8E-udXiyMJCRp_UkM4Kgw direction_eot seed=5678 gain=0.350 max|d|=5.60 (projection 16)
[ok] cph_query_-8E-udXiyMJCRp_UkM4Kgw isotropic seed=5678 gain=2.262 max|d|=10.71 (no projection)
[ok] cph_query_-8E-udXiyMJCRp_UkM4Kgw direction seed=9012 gain=0.442 max|d|=7.06 (projection 16)
[ok] cph_query_-8E-udXiyMJCRp_UkM4Kgw direction_eot seed=9012 gain=0.352 max|d|=5.63 (projection 16)
[ok] cph_query_-8E-udXiyMJCRp_UkM4Kgw isotropic seed=9012 gain=2.232 max|d|=10.16 (no projection)
[ok] london_query_-Id3DdRqVbjIA39wjxbTgw direction seed=5678 gain=0.400 max|d|=6.40 (projection 16)
[ok] london_query_-Id3DdRqVbjIA39wjxbTgw direction_eot seed=5678 gain=0.327 max|d|=5.23 (projection 16)
[ok] london_query_-Id3DdRqVbjIA39wjxbTgw isotropic seed=5678 gain=2.249 max|d|=10.71 (no projection)
[ok] london_query_-Id3DdRqVbjIA39wjxbTgw direction seed=9012 gain=0.393 max|d|=6.29 (projection 16)
[ok] london_query_-Id3DdRqVbjIA39wjxbTgw direction_eot seed=9012 gain=0.320 max|d|=5.12 (projection 16)
[ok] london_query_-Id3DdRqVbjIA39wjxbTgw isotropic seed=9012 gain=2.249 max|d|=10.42 (no projection)
[ok] manila_query_-AXkFLZ0HchDGYvJ_KZ3dQ direction seed=5678 gain=0.442 max|d|=7.08 (projection 16)
[ok] manila_query_-AXkFLZ0HchDGYvJ_KZ3dQ direction_eot seed=5678 gain=0.367 max|d|=5.88 (projection 16)
[ok] manila_query_-AXkFLZ0HchDGYvJ_KZ3dQ isotropic seed=5678 gain=2.237 max|d|=11.01 (no projection)
[ok] manila_query_-AXkFLZ0HchDGYvJ_KZ3dQ direction seed=9012 gain=0.447 max|d|=7.15 (projection 16)
[ok] manila_query_-AXkFLZ0HchDGYvJ_KZ3dQ direction_eot seed=9012 gain=0.355 max|d|=5.67 (projection 16)
[ok] manila_query_-AXkFLZ0HchDGYvJ_KZ3dQ isotropic seed=9012 gain=2.235 max|d|=10.80 (no projection)
[ok] nairobi_query_0Oa1jUYlj8LE47HApYWufA direction seed=5678 gain=0.460 max|d|=7.36 (projection 16)
[ok] nairobi_query_0Oa1jUYlj8LE47HApYWufA direction_eot seed=5678 gain=0.352 max|d|=5.63 (projection 16)
[ok] nairobi_query_0Oa1jUYlj8LE47HApYWufA isotropic seed=5678 gain=2.240 max|d|=10.25 (no projection)
[ok] nairobi_query_0Oa1jUYlj8LE47HApYWufA direction seed=9012 gain=0.457 max|d|=7.30 (projection 16)
[ok] nairobi_query_0Oa1jUYlj8LE47HApYWufA direction_eot seed=9012 gain=0.341 max|d|=5.45 (projection 16)
[ok] nairobi_query_0Oa1jUYlj8LE47HApYWufA isotropic seed=9012 gain=2.245 max|d|=11.07 (no projection)
[ok] toronto_query_-85n6JJLXmi04edt5JxhzQ direction seed=5678 gain=0.465 max|d|=7.44 (projection 16)
[ok] toronto_query_-85n6JJLXmi04edt5JxhzQ direction_eot seed=5678 gain=0.373 max|d|=5.97 (projection 16)
[ok] toronto_query_-85n6JJLXmi04edt5JxhzQ isotropic seed=5678 gain=2.245 max|d|=10.08 (no projection)
[ok] toronto_query_-85n6JJLXmi04edt5JxhzQ direction seed=9012 gain=0.466 max|d|=7.45 (projection 16)
[ok] toronto_query_-85n6JJLXmi04edt5JxhzQ direction_eot seed=9012 gain=0.374 max|d|=5.98 (projection 16)
[ok] toronto_query_-85n6JJLXmi04edt5JxhzQ isotropic seed=9012 gain=2.242 max|d|=10.67 (no projection)
[ok] zurich_query_-M0Q1_7lg_TKGT2-mllw4w direction seed=5678 gain=0.468 max|d|=7.48 (projection 16)
[ok] zurich_query_-M0Q1_7lg_TKGT2-mllw4w direction_eot seed=5678 gain=0.377 max|d|=6.03 (projection 16)
[ok] zurich_query_-M0Q1_7lg_TKGT2-mllw4w isotropic seed=5678 gain=2.239 max|d|=11.11 (no projection)
[ok] zurich_query_-M0Q1_7lg_TKGT2-mllw4w direction seed=9012 gain=0.464 max|d|=7.43 (projection 16)
[ok] zurich_query_-M0Q1_7lg_TKGT2-mllw4w direction_eot seed=9012 gain=0.352 max|d|=5.64 (projection 16)
[ok] zurich_query_-M0Q1_7lg_TKGT2-mllw4w isotropic seed=9012 gain=2.249 max|d|=10.14 (no projection)
[ok] amman_query_0-2jyV8XAzdAOYMkdyQVLw direction seed=5678 gain=0.445 max|d|=7.12 (projection 16)
[ok] amman_query_0-2jyV8XAzdAOYMkdyQVLw direction_eot seed=5678 gain=0.350 max|d|=5.60 (projection 16)
[ok] amman_query_0-2jyV8XAzdAOYMkdyQVLw isotropic seed=5678 gain=2.234 max|d|=10.20 (no projection)
[ok] amman_query_0-2jyV8XAzdAOYMkdyQVLw direction seed=9012 gain=0.432 max|d|=6.91 (projection 16)
[ok] amman_query_0-2jyV8XAzdAOYMkdyQVLw direction_eot seed=9012 gain=0.363 max|d|=5.81 (projection 16)
[ok] amman_query_0-2jyV8XAzdAOYMkdyQVLw isotropic seed=9012 gain=2.244 max|d|=10.00 (no projection)
[ok] boston_query_-BE36-GG_yM6YS57M_uMTQ direction seed=5678 gain=0.452 max|d|=7.24 (projection 16)
[ok] boston_query_-BE36-GG_yM6YS57M_uMTQ direction_eot seed=5678 gain=0.364 max|d|=5.82 (projection 16)
[ok] boston_query_-BE36-GG_yM6YS57M_uMTQ isotropic seed=5678 gain=2.234 max|d|=10.44 (no projection)
[ok] boston_query_-BE36-GG_yM6YS57M_uMTQ direction seed=9012 gain=0.457 max|d|=7.31 (projection 16)
[ok] boston_query_-BE36-GG_yM6YS57M_uMTQ direction_eot seed=9012 gain=0.368 max|d|=5.89 (projection 16)
[ok] boston_query_-BE36-GG_yM6YS57M_uMTQ isotropic seed=9012 gain=2.239 max|d|=10.23 (no projection)
[ok] cph_query_-9WYlFp61M1J1zV1mJD4uA direction seed=5678 gain=0.469 max|d|=7.50 (projection 16)
[ok] cph_query_-9WYlFp61M1J1zV1mJD4uA direction_eot seed=5678 gain=0.376 max|d|=6.01 (projection 16)
[ok] cph_query_-9WYlFp61M1J1zV1mJD4uA isotropic seed=5678 gain=2.255 max|d|=10.43 (no projection)
[ok] cph_query_-9WYlFp61M1J1zV1mJD4uA direction seed=9012 gain=0.468 max|d|=7.49 (projection 16)
[ok] cph_query_-9WYlFp61M1J1zV1mJD4uA direction_eot seed=9012 gain=0.377 max|d|=6.04 (projection 16)
[ok] cph_query_-9WYlFp61M1J1zV1mJD4uA isotropic seed=9012 gain=2.261 max|d|=10.19 (no projection)
[ok] london_query_-OOGG8lTvgHHqp3iuULlyQ direction seed=5678 gain=0.401 max|d|=6.42 (projection 16)
[ok] london_query_-OOGG8lTvgHHqp3iuULlyQ direction_eot seed=5678 gain=0.323 max|d|=5.17 (projection 16)
[ok] london_query_-OOGG8lTvgHHqp3iuULlyQ isotropic seed=5678 gain=2.242 max|d|=10.35 (no projection)
[ok] london_query_-OOGG8lTvgHHqp3iuULlyQ direction seed=9012 gain=0.399 max|d|=6.38 (projection 16)
[ok] london_query_-OOGG8lTvgHHqp3iuULlyQ direction_eot seed=9012 gain=0.322 max|d|=5.15 (projection 16)
[ok] london_query_-OOGG8lTvgHHqp3iuULlyQ isotropic seed=9012 gain=2.237 max|d|=10.19 (no projection)
[ok] manila_query_-ColYSDtqqoE3TZ4eZHu8g direction seed=5678 gain=0.434 max|d|=6.95 (projection 16)
[ok] manila_query_-ColYSDtqqoE3TZ4eZHu8g direction_eot seed=5678 gain=0.348 max|d|=5.57 (projection 16)
[ok] manila_query_-ColYSDtqqoE3TZ4eZHu8g isotropic seed=5678 gain=2.232 max|d|=10.71 (no projection)
[ok] manila_query_-ColYSDtqqoE3TZ4eZHu8g direction seed=9012 gain=0.429 max|d|=6.86 (projection 16)
[ok] manila_query_-ColYSDtqqoE3TZ4eZHu8g direction_eot seed=9012 gain=0.344 max|d|=5.51 (projection 16)
[ok] manila_query_-ColYSDtqqoE3TZ4eZHu8g isotropic seed=9012 gain=2.234 max|d|=10.32 (no projection)
[ok] nairobi_query_0R73ChZbcyJ8Z4vBaef_Jw direction seed=5678 gain=0.464 max|d|=7.43 (projection 16)
[ok] nairobi_query_0R73ChZbcyJ8Z4vBaef_Jw direction_eot seed=5678 gain=0.380 max|d|=6.07 (projection 16)
[ok] nairobi_query_0R73ChZbcyJ8Z4vBaef_Jw isotropic seed=5678 gain=2.249 max|d|=10.36 (no projection)
[ok] nairobi_query_0R73ChZbcyJ8Z4vBaef_Jw direction seed=9012 gain=0.464 max|d|=7.43 (projection 16)
[ok] nairobi_query_0R73ChZbcyJ8Z4vBaef_Jw direction_eot seed=9012 gain=0.379 max|d|=6.07 (projection 16)
[ok] nairobi_query_0R73ChZbcyJ8Z4vBaef_Jw isotropic seed=9012 gain=2.247 max|d|=10.32 (no projection)
[ok] toronto_query_-8BknWmZh2lEnEeect73Ww direction seed=5678 gain=0.399 max|d|=6.38 (projection 16)
[ok] toronto_query_-8BknWmZh2lEnEeect73Ww direction_eot seed=5678 gain=0.323 max|d|=5.17 (projection 16)
[ok] toronto_query_-8BknWmZh2lEnEeect73Ww isotropic seed=5678 gain=2.246 max|d|=10.42 (no projection)
[ok] toronto_query_-8BknWmZh2lEnEeect73Ww direction seed=9012 gain=0.393 max|d|=6.30 (projection 16)
[ok] toronto_query_-8BknWmZh2lEnEeect73Ww direction_eot seed=9012 gain=0.315 max|d|=5.04 (projection 16)
[ok] toronto_query_-8BknWmZh2lEnEeect73Ww isotropic seed=9012 gain=2.244 max|d|=11.02 (no projection)
[ok] zurich_query_-TxHEY5xnZFgfnHO3ygjzw direction seed=5678 gain=0.442 max|d|=7.07 (projection 16)
[ok] zurich_query_-TxHEY5xnZFgfnHO3ygjzw direction_eot seed=5678 gain=0.347 max|d|=5.55 (projection 16)
[ok] zurich_query_-TxHEY5xnZFgfnHO3ygjzw isotropic seed=5678 gain=2.242 max|d|=10.90 (no projection)
[ok] zurich_query_-TxHEY5xnZFgfnHO3ygjzw direction seed=9012 gain=0.443 max|d|=7.08 (projection 16)
[ok] zurich_query_-TxHEY5xnZFgfnHO3ygjzw direction_eot seed=9012 gain=0.349 max|d|=5.59 (projection 16)
[ok] zurich_query_-TxHEY5xnZFgfnHO3ygjzw isotropic seed=9012 gain=2.248 max|d|=9.94 (no projection)
[ok] amman_query_051WRvR5gI1vde606oseFw direction seed=5678 gain=0.452 max|d|=7.24 (projection 16)
[ok] amman_query_051WRvR5gI1vde606oseFw direction_eot seed=5678 gain=0.358 max|d|=5.72 (projection 16)
[ok] amman_query_051WRvR5gI1vde606oseFw isotropic seed=5678 gain=2.232 max|d|=9.76 (no projection)
[ok] amman_query_051WRvR5gI1vde606oseFw direction seed=9012 gain=0.454 max|d|=7.27 (projection 16)
[ok] amman_query_051WRvR5gI1vde606oseFw direction_eot seed=9012 gain=0.368 max|d|=5.89 (projection 16)
[ok] amman_query_051WRvR5gI1vde606oseFw isotropic seed=9012 gain=2.240 max|d|=12.58 (no projection)
[ok] boston_query_-CNeDzWqfei0F-1CmA8N9A direction seed=5678 gain=0.421 max|d|=6.73 (projection 16)
[ok] boston_query_-CNeDzWqfei0F-1CmA8N9A direction_eot seed=5678 gain=0.345 max|d|=5.52 (projection 16)
[ok] boston_query_-CNeDzWqfei0F-1CmA8N9A isotropic seed=5678 gain=2.232 max|d|=10.22 (no projection)
[ok] boston_query_-CNeDzWqfei0F-1CmA8N9A direction seed=9012 gain=0.418 max|d|=6.69 (projection 16)
[ok] boston_query_-CNeDzWqfei0F-1CmA8N9A direction_eot seed=9012 gain=0.342 max|d|=5.48 (projection 16)
[ok] boston_query_-CNeDzWqfei0F-1CmA8N9A isotropic seed=9012 gain=2.241 max|d|=9.82 (no projection)
[ok] cph_query_-9ZOGirqZl2EVYWN1WLERg direction seed=5678 gain=0.451 max|d|=7.21 (projection 16)
[ok] cph_query_-9ZOGirqZl2EVYWN1WLERg direction_eot seed=5678 gain=0.358 max|d|=5.73 (projection 16)
[ok] cph_query_-9ZOGirqZl2EVYWN1WLERg isotropic seed=5678 gain=2.241 max|d|=10.23 (no projection)
[ok] cph_query_-9ZOGirqZl2EVYWN1WLERg direction seed=9012 gain=0.456 max|d|=7.29 (projection 16)
[ok] cph_query_-9ZOGirqZl2EVYWN1WLERg direction_eot seed=9012 gain=0.345 max|d|=5.52 (projection 16)
[ok] cph_query_-9ZOGirqZl2EVYWN1WLERg isotropic seed=9012 gain=2.241 max|d|=9.60 (no projection)
[ok] london_query_-TmVvxY52h9CjrIUzBbCgw direction seed=5678 gain=0.445 max|d|=7.12 (projection 16)
[ok] london_query_-TmVvxY52h9CjrIUzBbCgw direction_eot seed=5678 gain=0.357 max|d|=5.70 (projection 16)
[ok] london_query_-TmVvxY52h9CjrIUzBbCgw isotropic seed=5678 gain=2.257 max|d|=11.77 (no projection)
[ok] london_query_-TmVvxY52h9CjrIUzBbCgw direction seed=9012 gain=0.442 max|d|=7.07 (projection 16)
[ok] london_query_-TmVvxY52h9CjrIUzBbCgw direction_eot seed=9012 gain=0.349 max|d|=5.58 (projection 16)
[ok] london_query_-TmVvxY52h9CjrIUzBbCgw isotropic seed=9012 gain=2.262 max|d|=11.25 (no projection)
[ok] manila_query_-ELxcda6ePiuO6nR3VP3-A direction seed=5678 gain=0.400 max|d|=6.40 (projection 16)
[ok] manila_query_-ELxcda6ePiuO6nR3VP3-A direction_eot seed=5678 gain=0.334 max|d|=5.35 (projection 16)
[ok] manila_query_-ELxcda6ePiuO6nR3VP3-A isotropic seed=5678 gain=2.308 max|d|=10.35 (no projection)
[ok] manila_query_-ELxcda6ePiuO6nR3VP3-A direction seed=9012 gain=0.394 max|d|=6.31 (projection 16)
[ok] manila_query_-ELxcda6ePiuO6nR3VP3-A direction_eot seed=9012 gain=0.323 max|d|=5.16 (projection 16)
[ok] manila_query_-ELxcda6ePiuO6nR3VP3-A isotropic seed=9012 gain=2.302 max|d|=10.31 (no projection)
[ok] nairobi_query_0TzVtw0twyRTMFGP-VzE8A direction seed=5678 gain=0.466 max|d|=7.45 (projection 16)
[ok] nairobi_query_0TzVtw0twyRTMFGP-VzE8A direction_eot seed=5678 gain=0.372 max|d|=5.95 (projection 16)
[ok] nairobi_query_0TzVtw0twyRTMFGP-VzE8A isotropic seed=5678 gain=2.257 max|d|=10.33 (no projection)
[ok] nairobi_query_0TzVtw0twyRTMFGP-VzE8A direction seed=9012 gain=0.465 max|d|=7.44 (projection 16)
[ok] nairobi_query_0TzVtw0twyRTMFGP-VzE8A direction_eot seed=9012 gain=0.357 max|d|=5.72 (projection 16)
[ok] nairobi_query_0TzVtw0twyRTMFGP-VzE8A isotropic seed=9012 gain=2.245 max|d|=10.02 (no projection)
[ok] toronto_query_-8NbZpIbjwqAXwoRMmYddg direction seed=5678 gain=0.437 max|d|=6.99 (projection 16)
[ok] toronto_query_-8NbZpIbjwqAXwoRMmYddg direction_eot seed=5678 gain=0.353 max|d|=5.65 (projection 16)
[ok] toronto_query_-8NbZpIbjwqAXwoRMmYddg isotropic seed=5678 gain=2.242 max|d|=9.60 (no projection)
[ok] toronto_query_-8NbZpIbjwqAXwoRMmYddg direction seed=9012 gain=0.430 max|d|=6.88 (projection 16)
[ok] toronto_query_-8NbZpIbjwqAXwoRMmYddg direction_eot seed=9012 gain=0.346 max|d|=5.54 (projection 16)
[ok] toronto_query_-8NbZpIbjwqAXwoRMmYddg isotropic seed=9012 gain=2.239 max|d|=11.15 (no projection)
[ok] zurich_query_-Vs9xzO47S-0Cfs9o81wvQ direction seed=5678 gain=0.417 max|d|=6.68 (projection 16)
[ok] zurich_query_-Vs9xzO47S-0Cfs9o81wvQ direction_eot seed=5678 gain=0.335 max|d|=5.37 (projection 16)
[ok] zurich_query_-Vs9xzO47S-0Cfs9o81wvQ isotropic seed=5678 gain=2.245 max|d|=9.97 (no projection)
[ok] zurich_query_-Vs9xzO47S-0Cfs9o81wvQ direction seed=9012 gain=0.424 max|d|=6.78 (projection 16)
[ok] zurich_query_-Vs9xzO47S-0Cfs9o81wvQ direction_eot seed=9012 gain=0.333 max|d|=5.32 (projection 16)
[ok] zurich_query_-Vs9xzO47S-0Cfs9o81wvQ isotropic seed=9012 gain=2.041 max|d|=10.29 (no projection)
[ok] amman_query_0CjrhmzpvqXBOIBsGB6LcQ direction seed=5678 gain=0.451 max|d|=7.21 (projection 16)
[ok] amman_query_0CjrhmzpvqXBOIBsGB6LcQ direction_eot seed=5678 gain=0.362 max|d|=5.80 (projection 16)
[ok] amman_query_0CjrhmzpvqXBOIBsGB6LcQ isotropic seed=5678 gain=2.244 max|d|=12.10 (no projection)
[ok] amman_query_0CjrhmzpvqXBOIBsGB6LcQ direction seed=9012 gain=0.452 max|d|=7.23 (projection 16)
[ok] amman_query_0CjrhmzpvqXBOIBsGB6LcQ direction_eot seed=9012 gain=0.354 max|d|=5.66 (projection 16)
[ok] amman_query_0CjrhmzpvqXBOIBsGB6LcQ isotropic seed=9012 gain=2.243 max|d|=10.20 (no projection)
[ok] boston_query_-D-onyWSIw3M1SbsxL7X-g direction seed=5678 gain=0.410 max|d|=6.55 (projection 16)
[ok] boston_query_-D-onyWSIw3M1SbsxL7X-g direction_eot seed=5678 gain=0.330 max|d|=5.28 (projection 16)
[ok] boston_query_-D-onyWSIw3M1SbsxL7X-g isotropic seed=5678 gain=2.265 max|d|=10.72 (no projection)
[ok] boston_query_-D-onyWSIw3M1SbsxL7X-g direction seed=9012 gain=0.404 max|d|=6.47 (projection 16)
[ok] boston_query_-D-onyWSIw3M1SbsxL7X-g direction_eot seed=9012 gain=0.330 max|d|=5.28 (projection 16)
[ok] boston_query_-D-onyWSIw3M1SbsxL7X-g isotropic seed=9012 gain=2.259 max|d|=9.84 (no projection)
[ok] cph_query_-AowxxrsOr_xM02-ZyrQ5A direction seed=5678 gain=0.421 max|d|=6.73 (projection 16)
[ok] cph_query_-AowxxrsOr_xM02-ZyrQ5A direction_eot seed=5678 gain=0.352 max|d|=5.63 (projection 16)
[ok] cph_query_-AowxxrsOr_xM02-ZyrQ5A isotropic seed=5678 gain=2.246 max|d|=9.93 (no projection)
[ok] cph_query_-AowxxrsOr_xM02-ZyrQ5A direction seed=9012 gain=0.427 max|d|=6.83 (projection 16)
[ok] cph_query_-AowxxrsOr_xM02-ZyrQ5A direction_eot seed=9012 gain=0.341 max|d|=5.46 (projection 16)
[ok] cph_query_-AowxxrsOr_xM02-ZyrQ5A isotropic seed=9012 gain=2.244 max|d|=9.52 (no projection)
[ok] london_query_-UeH_UbGnPshWdeEEYfhyQ direction seed=5678 gain=0.460 max|d|=7.36 (projection 16)
[ok] london_query_-UeH_UbGnPshWdeEEYfhyQ direction_eot seed=5678 gain=0.368 max|d|=5.89 (projection 16)
[ok] london_query_-UeH_UbGnPshWdeEEYfhyQ isotropic seed=5678 gain=2.237 max|d|=10.44 (no projection)
[ok] london_query_-UeH_UbGnPshWdeEEYfhyQ direction seed=9012 gain=0.460 max|d|=7.36 (projection 16)
[ok] london_query_-UeH_UbGnPshWdeEEYfhyQ direction_eot seed=9012 gain=0.361 max|d|=5.77 (projection 16)
[ok] london_query_-UeH_UbGnPshWdeEEYfhyQ isotropic seed=9012 gain=2.245 max|d|=10.44 (no projection)
[ok] manila_query_-EVOy4h35ZUyBK4r6uBM5g direction seed=5678 gain=0.450 max|d|=7.20 (projection 16)
[ok] manila_query_-EVOy4h35ZUyBK4r6uBM5g direction_eot seed=5678 gain=0.367 max|d|=5.87 (projection 16)
[ok] manila_query_-EVOy4h35ZUyBK4r6uBM5g isotropic seed=5678 gain=2.246 max|d|=10.17 (no projection)
[ok] manila_query_-EVOy4h35ZUyBK4r6uBM5g direction seed=9012 gain=0.454 max|d|=7.27 (projection 16)
[ok] manila_query_-EVOy4h35ZUyBK4r6uBM5g direction_eot seed=9012 gain=0.377 max|d|=6.03 (projection 16)
[ok] manila_query_-EVOy4h35ZUyBK4r6uBM5g isotropic seed=9012 gain=2.241 max|d|=10.24 (no projection)
[ok] nairobi_query_0YY7sOJF2Kr1PfPB1KidBg direction seed=5678 gain=0.470 max|d|=7.52 (projection 16)
[ok] nairobi_query_0YY7sOJF2Kr1PfPB1KidBg direction_eot seed=5678 gain=0.376 max|d|=6.01 (projection 16)
[ok] nairobi_query_0YY7sOJF2Kr1PfPB1KidBg isotropic seed=5678 gain=2.268 max|d|=10.18 (no projection)
[ok] nairobi_query_0YY7sOJF2Kr1PfPB1KidBg direction seed=9012 gain=0.473 max|d|=7.57 (projection 16)
[ok] nairobi_query_0YY7sOJF2Kr1PfPB1KidBg direction_eot seed=9012 gain=0.346 max|d|=5.54 (projection 16)
[ok] nairobi_query_0YY7sOJF2Kr1PfPB1KidBg isotropic seed=9012 gain=2.266 max|d|=9.65 (no projection)
[ok] toronto_query_-8Q-Otkctyr1cXAnmn2BEw direction seed=5678 gain=0.427 max|d|=6.83 (projection 16)
[ok] toronto_query_-8Q-Otkctyr1cXAnmn2BEw direction_eot seed=5678 gain=0.370 max|d|=5.92 (projection 16)
[ok] toronto_query_-8Q-Otkctyr1cXAnmn2BEw isotropic seed=5678 gain=2.339 max|d|=10.80 (no projection)
[ok] toronto_query_-8Q-Otkctyr1cXAnmn2BEw direction seed=9012 gain=0.431 max|d|=6.90 (projection 16)
[ok] toronto_query_-8Q-Otkctyr1cXAnmn2BEw direction_eot seed=9012 gain=0.366 max|d|=5.86 (projection 16)
[ok] toronto_query_-8Q-Otkctyr1cXAnmn2BEw isotropic seed=9012 gain=2.341 max|d|=10.48 (no projection)
[ok] zurich_query_-ZAb7eYhYeo1yW06_paa_g direction seed=5678 gain=0.431 max|d|=6.90 (projection 16)
[ok] zurich_query_-ZAb7eYhYeo1yW06_paa_g direction_eot seed=5678 gain=0.331 max|d|=5.30 (projection 16)
[ok] zurich_query_-ZAb7eYhYeo1yW06_paa_g isotropic seed=5678 gain=2.247 max|d|=11.44 (no projection)
[ok] zurich_query_-ZAb7eYhYeo1yW06_paa_g direction seed=9012 gain=0.422 max|d|=6.75 (projection 16)
[ok] zurich_query_-ZAb7eYhYeo1yW06_paa_g direction_eot seed=9012 gain=0.341 max|d|=5.45 (projection 16)
[ok] zurich_query_-ZAb7eYhYeo1yW06_paa_g isotropic seed=9012 gain=2.252 max|d|=10.48 (no projection)
[ok] amman_query_0IvHKlYEfFEP39KRxr9UZg direction seed=5678 gain=0.417 max|d|=6.67 (projection 16)
[ok] amman_query_0IvHKlYEfFEP39KRxr9UZg direction_eot seed=5678 gain=0.342 max|d|=5.47 (projection 16)
[ok] amman_query_0IvHKlYEfFEP39KRxr9UZg isotropic seed=5678 gain=2.237 max|d|=10.52 (no projection)
[ok] amman_query_0IvHKlYEfFEP39KRxr9UZg direction seed=9012 gain=0.420 max|d|=6.72 (projection 16)
[ok] amman_query_0IvHKlYEfFEP39KRxr9UZg direction_eot seed=9012 gain=0.339 max|d|=5.43 (projection 16)
[ok] amman_query_0IvHKlYEfFEP39KRxr9UZg isotropic seed=9012 gain=2.240 max|d|=11.06 (no projection)
[ok] boston_query_-DYvemYiNwx_BmPSrlUWIA direction seed=5678 gain=0.449 max|d|=7.19 (projection 16)
[ok] boston_query_-DYvemYiNwx_BmPSrlUWIA direction_eot seed=5678 gain=0.359 max|d|=5.74 (projection 16)
[ok] boston_query_-DYvemYiNwx_BmPSrlUWIA isotropic seed=5678 gain=2.241 max|d|=10.08 (no projection)
[ok] boston_query_-DYvemYiNwx_BmPSrlUWIA direction seed=9012 gain=0.448 max|d|=7.17 (projection 16)
[ok] boston_query_-DYvemYiNwx_BmPSrlUWIA direction_eot seed=9012 gain=0.360 max|d|=5.76 (projection 16)
[ok] boston_query_-DYvemYiNwx_BmPSrlUWIA isotropic seed=9012 gain=2.247 max|d|=10.99 (no projection)
[ok] cph_query_-BH_JCTriNnLeoSt0e51lQ direction seed=5678 gain=0.479 max|d|=7.66 (projection 16)
[ok] cph_query_-BH_JCTriNnLeoSt0e51lQ direction_eot seed=5678 gain=0.380 max|d|=6.07 (projection 16)
[ok] cph_query_-BH_JCTriNnLeoSt0e51lQ isotropic seed=5678 gain=2.256 max|d|=10.41 (no projection)
[ok] cph_query_-BH_JCTriNnLeoSt0e51lQ direction seed=9012 gain=0.479 max|d|=7.67 (projection 16)
[ok] cph_query_-BH_JCTriNnLeoSt0e51lQ direction_eot seed=9012 gain=0.366 max|d|=5.86 (projection 16)
[ok] cph_query_-BH_JCTriNnLeoSt0e51lQ isotropic seed=9012 gain=2.252 max|d|=10.49 (no projection)
[ok] london_query_-WUdEGuLIX2B2T8rBV0Rgw direction seed=5678 gain=0.425 max|d|=6.80 (projection 16)
[ok] london_query_-WUdEGuLIX2B2T8rBV0Rgw direction_eot seed=5678 gain=0.344 max|d|=5.51 (projection 16)
[ok] london_query_-WUdEGuLIX2B2T8rBV0Rgw isotropic seed=5678 gain=2.279 max|d|=10.29 (no projection)
[ok] london_query_-WUdEGuLIX2B2T8rBV0Rgw direction seed=9012 gain=0.424 max|d|=6.78 (projection 16)
[ok] london_query_-WUdEGuLIX2B2T8rBV0Rgw direction_eot seed=9012 gain=0.338 max|d|=5.42 (projection 16)
[ok] london_query_-WUdEGuLIX2B2T8rBV0Rgw isotropic seed=9012 gain=2.279 max|d|=11.98 (no projection)
[ok] manila_query_-EthLwRJMwt-Shb-xpIYlA direction seed=5678 gain=0.420 max|d|=6.71 (projection 16)
[ok] manila_query_-EthLwRJMwt-Shb-xpIYlA direction_eot seed=5678 gain=0.330 max|d|=5.27 (projection 16)
[ok] manila_query_-EthLwRJMwt-Shb-xpIYlA isotropic seed=5678 gain=2.242 max|d|=10.24 (no projection)
[ok] manila_query_-EthLwRJMwt-Shb-xpIYlA direction seed=9012 gain=0.423 max|d|=6.76 (projection 16)
[ok] manila_query_-EthLwRJMwt-Shb-xpIYlA direction_eot seed=9012 gain=0.336 max|d|=5.38 (projection 16)
[ok] manila_query_-EthLwRJMwt-Shb-xpIYlA isotropic seed=9012 gain=2.245 max|d|=9.47 (no projection)
[ok] nairobi_query_0jIUlQnC_o05NHi_OMD_vg direction seed=5678 gain=0.460 max|d|=7.37 (projection 16)
[ok] nairobi_query_0jIUlQnC_o05NHi_OMD_vg direction_eot seed=5678 gain=0.360 max|d|=5.76 (projection 16)
[ok] nairobi_query_0jIUlQnC_o05NHi_OMD_vg isotropic seed=5678 gain=2.325 max|d|=10.99 (no projection)
[ok] nairobi_query_0jIUlQnC_o05NHi_OMD_vg direction seed=9012 gain=0.455 max|d|=7.28 (projection 16)
[ok] nairobi_query_0jIUlQnC_o05NHi_OMD_vg direction_eot seed=9012 gain=0.358 max|d|=5.73 (projection 16)
[ok] nairobi_query_0jIUlQnC_o05NHi_OMD_vg isotropic seed=9012 gain=2.286 max|d|=9.84 (no projection)
[ok] toronto_query_-8imnyri_5yPaHzqoBtiSg direction seed=5678 gain=0.445 max|d|=7.11 (projection 16)
[ok] toronto_query_-8imnyri_5yPaHzqoBtiSg direction_eot seed=5678 gain=0.352 max|d|=5.63 (projection 16)
[ok] toronto_query_-8imnyri_5yPaHzqoBtiSg isotropic seed=5678 gain=2.232 max|d|=9.74 (no projection)
[ok] toronto_query_-8imnyri_5yPaHzqoBtiSg direction seed=9012 gain=0.440 max|d|=7.05 (projection 16)
[ok] toronto_query_-8imnyri_5yPaHzqoBtiSg direction_eot seed=9012 gain=0.343 max|d|=5.49 (projection 16)
[ok] toronto_query_-8imnyri_5yPaHzqoBtiSg isotropic seed=9012 gain=2.239 max|d|=10.66 (no projection)
[ok] zurich_query_-_SB4ERKdFDYkwavdkk6NA direction seed=5678 gain=0.423 max|d|=6.76 (projection 16)
[ok] zurich_query_-_SB4ERKdFDYkwavdkk6NA direction_eot seed=5678 gain=0.340 max|d|=5.44 (projection 16)
[ok] zurich_query_-_SB4ERKdFDYkwavdkk6NA isotropic seed=5678 gain=2.251 max|d|=10.15 (no projection)
[ok] zurich_query_-_SB4ERKdFDYkwavdkk6NA direction seed=9012 gain=0.422 max|d|=6.76 (projection 16)
[ok] zurich_query_-_SB4ERKdFDYkwavdkk6NA direction_eot seed=9012 gain=0.341 max|d|=5.45 (projection 16)
[ok] zurich_query_-_SB4ERKdFDYkwavdkk6NA isotropic seed=9012 gain=2.249 max|d|=9.91 (no projection)
[ok] amman_query_0NfGsYmI9MkLl0JzfO-tJg direction seed=5678 gain=0.454 max|d|=7.27 (projection 16)
[ok] amman_query_0NfGsYmI9MkLl0JzfO-tJg direction_eot seed=5678 gain=0.353 max|d|=5.66 (projection 16)
[ok] amman_query_0NfGsYmI9MkLl0JzfO-tJg isotropic seed=5678 gain=2.234 max|d|=10.23 (no projection)
[ok] amman_query_0NfGsYmI9MkLl0JzfO-tJg direction seed=9012 gain=0.452 max|d|=7.23 (projection 16)
[ok] amman_query_0NfGsYmI9MkLl0JzfO-tJg direction_eot seed=9012 gain=0.359 max|d|=5.75 (projection 16)
[ok] amman_query_0NfGsYmI9MkLl0JzfO-tJg isotropic seed=9012 gain=2.237 max|d|=10.65 (no projection)
[ok] boston_query_-DZ2jmUKLylFospVHUJx9w direction seed=5678 gain=0.439 max|d|=7.02 (projection 16)
[ok] boston_query_-DZ2jmUKLylFospVHUJx9w direction_eot seed=5678 gain=0.354 max|d|=5.66 (projection 16)
[ok] boston_query_-DZ2jmUKLylFospVHUJx9w isotropic seed=5678 gain=2.247 max|d|=10.12 (no projection)
[ok] boston_query_-DZ2jmUKLylFospVHUJx9w direction seed=9012 gain=0.441 max|d|=7.05 (projection 16)
[ok] boston_query_-DZ2jmUKLylFospVHUJx9w direction_eot seed=9012 gain=0.354 max|d|=5.67 (projection 16)
[ok] boston_query_-DZ2jmUKLylFospVHUJx9w isotropic seed=9012 gain=2.247 max|d|=10.15 (no projection)
[ok] cph_query_-CmhgNHgZVau1Sw841AZJw direction seed=5678 gain=0.451 max|d|=7.21 (projection 16)
[ok] cph_query_-CmhgNHgZVau1Sw841AZJw direction_eot seed=5678 gain=0.358 max|d|=5.73 (projection 16)
[ok] cph_query_-CmhgNHgZVau1Sw841AZJw isotropic seed=5678 gain=2.252 max|d|=10.01 (no projection)
[ok] cph_query_-CmhgNHgZVau1Sw841AZJw direction seed=9012 gain=0.459 max|d|=7.34 (projection 16)
[ok] cph_query_-CmhgNHgZVau1Sw841AZJw direction_eot seed=9012 gain=0.346 max|d|=5.53 (projection 16)
[ok] cph_query_-CmhgNHgZVau1Sw841AZJw isotropic seed=9012 gain=2.256 max|d|=11.57 (no projection)
[ok] london_query_-WZeEq0W1pr6VJS4t3dR0g direction seed=5678 gain=0.443 max|d|=7.09 (projection 16)
[ok] london_query_-WZeEq0W1pr6VJS4t3dR0g direction_eot seed=5678 gain=0.362 max|d|=5.79 (projection 16)
[ok] london_query_-WZeEq0W1pr6VJS4t3dR0g isotropic seed=5678 gain=2.248 max|d|=9.82 (no projection)
[ok] london_query_-WZeEq0W1pr6VJS4t3dR0g direction seed=9012 gain=0.446 max|d|=7.13 (projection 16)
[ok] london_query_-WZeEq0W1pr6VJS4t3dR0g direction_eot seed=9012 gain=0.351 max|d|=5.61 (projection 16)
[ok] london_query_-WZeEq0W1pr6VJS4t3dR0g isotropic seed=9012 gain=2.273 max|d|=10.29 (no projection)
[ok] manila_query_-GD9SrklFbEy7mNAK9uIXg direction seed=5678 gain=0.443 max|d|=7.09 (projection 16)
[ok] manila_query_-GD9SrklFbEy7mNAK9uIXg direction_eot seed=5678 gain=0.357 max|d|=5.71 (projection 16)
[ok] manila_query_-GD9SrklFbEy7mNAK9uIXg isotropic seed=5678 gain=2.242 max|d|=10.75 (no projection)
[ok] manila_query_-GD9SrklFbEy7mNAK9uIXg direction seed=9012 gain=0.447 max|d|=7.15 (projection 16)
[ok] manila_query_-GD9SrklFbEy7mNAK9uIXg direction_eot seed=9012 gain=0.372 max|d|=5.95 (projection 16)
[ok] manila_query_-GD9SrklFbEy7mNAK9uIXg isotropic seed=9012 gain=2.246 max|d|=10.21 (no projection)
[ok] nairobi_query_0o5iaNnZzqS9cqJ1tMT85g direction seed=5678 gain=0.417 max|d|=6.67 (projection 16)
[ok] nairobi_query_0o5iaNnZzqS9cqJ1tMT85g direction_eot seed=5678 gain=0.333 max|d|=5.33 (projection 16)
[ok] nairobi_query_0o5iaNnZzqS9cqJ1tMT85g isotropic seed=5678 gain=2.235 max|d|=9.80 (no projection)
[ok] nairobi_query_0o5iaNnZzqS9cqJ1tMT85g direction seed=9012 gain=0.418 max|d|=6.68 (projection 16)
[ok] nairobi_query_0o5iaNnZzqS9cqJ1tMT85g direction_eot seed=9012 gain=0.325 max|d|=5.20 (projection 16)
[ok] nairobi_query_0o5iaNnZzqS9cqJ1tMT85g isotropic seed=9012 gain=2.239 max|d|=10.48 (no projection)
[ok] toronto_query_-8zrNMH6voa2ZtBaGNpoYQ direction seed=5678 gain=0.445 max|d|=7.13 (projection 16)
[ok] toronto_query_-8zrNMH6voa2ZtBaGNpoYQ direction_eot seed=5678 gain=0.348 max|d|=5.56 (projection 16)
[ok] toronto_query_-8zrNMH6voa2ZtBaGNpoYQ isotropic seed=5678 gain=2.233 max|d|=10.76 (no projection)
[ok] toronto_query_-8zrNMH6voa2ZtBaGNpoYQ direction seed=9012 gain=0.442 max|d|=7.07 (projection 16)
[ok] toronto_query_-8zrNMH6voa2ZtBaGNpoYQ direction_eot seed=9012 gain=0.345 max|d|=5.52 (projection 16)
[ok] toronto_query_-8zrNMH6voa2ZtBaGNpoYQ isotropic seed=9012 gain=2.242 max|d|=10.00 (no projection)
[ok] zurich_query_-bwmsEYfSnHpjkqrw0Vn6g direction seed=5678 gain=0.442 max|d|=7.07 (projection 16)
[ok] zurich_query_-bwmsEYfSnHpjkqrw0Vn6g direction_eot seed=5678 gain=0.342 max|d|=5.47 (projection 16)
[ok] zurich_query_-bwmsEYfSnHpjkqrw0Vn6g isotropic seed=5678 gain=2.235 max|d|=10.80 (no projection)
[ok] zurich_query_-bwmsEYfSnHpjkqrw0Vn6g direction seed=9012 gain=0.439 max|d|=7.02 (projection 16)
[ok] zurich_query_-bwmsEYfSnHpjkqrw0Vn6g direction_eot seed=9012 gain=0.345 max|d|=5.52 (projection 16)
[ok] zurich_query_-bwmsEYfSnHpjkqrw0Vn6g isotropic seed=9012 gain=2.238 max|d|=12.24 (no projection)
[ok] amman_query_0PLHged3iWJuuv8xOPB5rA direction seed=5678 gain=0.448 max|d|=7.17 (projection 16)
[ok] amman_query_0PLHged3iWJuuv8xOPB5rA direction_eot seed=5678 gain=0.371 max|d|=5.94 (projection 16)
[ok] amman_query_0PLHged3iWJuuv8xOPB5rA isotropic seed=5678 gain=2.236 max|d|=10.41 (no projection)
[ok] amman_query_0PLHged3iWJuuv8xOPB5rA direction seed=9012 gain=0.446 max|d|=7.13 (projection 16)
[ok] amman_query_0PLHged3iWJuuv8xOPB5rA direction_eot seed=9012 gain=0.360 max|d|=5.75 (projection 16)
[ok] amman_query_0PLHged3iWJuuv8xOPB5rA isotropic seed=9012 gain=2.240 max|d|=10.18 (no projection)
[ok] boston_query_-EHBZ4-3d6vENYYFm7mWEw direction seed=5678 gain=0.458 max|d|=7.33 (projection 16)
[ok] boston_query_-EHBZ4-3d6vENYYFm7mWEw direction_eot seed=5678 gain=0.360 max|d|=5.77 (projection 16)
[ok] boston_query_-EHBZ4-3d6vENYYFm7mWEw isotropic seed=5678 gain=2.269 max|d|=10.17 (no projection)
[ok] boston_query_-EHBZ4-3d6vENYYFm7mWEw direction seed=9012 gain=0.453 max|d|=7.25 (projection 16)
[ok] boston_query_-EHBZ4-3d6vENYYFm7mWEw direction_eot seed=9012 gain=0.369 max|d|=5.90 (projection 16)
[ok] boston_query_-EHBZ4-3d6vENYYFm7mWEw isotropic seed=9012 gain=2.264 max|d|=10.71 (no projection)
[ok] cph_query_-CrgHhqoywCPgzsSAabnsw direction seed=5678 gain=0.463 max|d|=7.41 (projection 16)
[ok] cph_query_-CrgHhqoywCPgzsSAabnsw direction_eot seed=5678 gain=0.362 max|d|=5.80 (projection 16)
[ok] cph_query_-CrgHhqoywCPgzsSAabnsw isotropic seed=5678 gain=2.242 max|d|=10.20 (no projection)
[ok] cph_query_-CrgHhqoywCPgzsSAabnsw direction seed=9012 gain=0.453 max|d|=7.25 (projection 16)
[ok] cph_query_-CrgHhqoywCPgzsSAabnsw direction_eot seed=9012 gain=0.363 max|d|=5.81 (projection 16)
[ok] cph_query_-CrgHhqoywCPgzsSAabnsw isotropic seed=9012 gain=2.239 max|d|=10.11 (no projection)
[ok] london_query_-WyzcGh-_EYVhI50Y9F08Q direction seed=5678 gain=0.429 max|d|=6.87 (projection 16)
[ok] london_query_-WyzcGh-_EYVhI50Y9F08Q direction_eot seed=5678 gain=0.358 max|d|=5.73 (projection 16)
[ok] london_query_-WyzcGh-_EYVhI50Y9F08Q isotropic seed=5678 gain=2.238 max|d|=10.31 (no projection)
[ok] london_query_-WyzcGh-_EYVhI50Y9F08Q direction seed=9012 gain=0.437 max|d|=6.99 (projection 16)
[ok] london_query_-WyzcGh-_EYVhI50Y9F08Q direction_eot seed=9012 gain=0.347 max|d|=5.55 (projection 16)
[ok] london_query_-WyzcGh-_EYVhI50Y9F08Q isotropic seed=9012 gain=2.234 max|d|=10.15 (no projection)
[ok] manila_query_-GRDcYlSjwLZPQ0LqKatqA direction seed=5678 gain=0.436 max|d|=6.98 (projection 16)
[ok] manila_query_-GRDcYlSjwLZPQ0LqKatqA direction_eot seed=5678 gain=0.334 max|d|=5.34 (projection 16)
[ok] manila_query_-GRDcYlSjwLZPQ0LqKatqA isotropic seed=5678 gain=2.232 max|d|=10.46 (no projection)
[ok] manila_query_-GRDcYlSjwLZPQ0LqKatqA direction seed=9012 gain=0.436 max|d|=6.97 (projection 16)
[ok] manila_query_-GRDcYlSjwLZPQ0LqKatqA direction_eot seed=9012 gain=0.340 max|d|=5.44 (projection 16)
[ok] manila_query_-GRDcYlSjwLZPQ0LqKatqA isotropic seed=9012 gain=2.236 max|d|=9.99 (no projection)
[ok] nairobi_query_0u9pYEI4g20T0TGGb3Q_mw direction seed=5678 gain=0.464 max|d|=7.43 (projection 16)
[ok] nairobi_query_0u9pYEI4g20T0TGGb3Q_mw direction_eot seed=5678 gain=0.357 max|d|=5.71 (projection 16)
[ok] nairobi_query_0u9pYEI4g20T0TGGb3Q_mw isotropic seed=5678 gain=2.239 max|d|=10.39 (no projection)
[ok] nairobi_query_0u9pYEI4g20T0TGGb3Q_mw direction seed=9012 gain=0.457 max|d|=7.30 (projection 16)
[ok] nairobi_query_0u9pYEI4g20T0TGGb3Q_mw direction_eot seed=9012 gain=0.347 max|d|=5.55 (projection 16)
[ok] nairobi_query_0u9pYEI4g20T0TGGb3Q_mw isotropic seed=9012 gain=2.239 max|d|=10.40 (no projection)
[ok] toronto_query_-90qYles5GKU3ikhCYP3xg direction seed=5678 gain=0.437 max|d|=6.99 (projection 16)
[ok] toronto_query_-90qYles5GKU3ikhCYP3xg direction_eot seed=5678 gain=0.347 max|d|=5.55 (projection 16)
[ok] toronto_query_-90qYles5GKU3ikhCYP3xg isotropic seed=5678 gain=2.231 max|d|=9.83 (no projection)
[ok] toronto_query_-90qYles5GKU3ikhCYP3xg direction seed=9012 gain=0.441 max|d|=7.05 (projection 16)
[ok] toronto_query_-90qYles5GKU3ikhCYP3xg direction_eot seed=9012 gain=0.345 max|d|=5.52 (projection 16)
[ok] toronto_query_-90qYles5GKU3ikhCYP3xg isotropic seed=9012 gain=2.234 max|d|=11.27 (no projection)
[ok] zurich_query_-ckZ0rXdz4mibIinNjdoZQ direction seed=5678 gain=0.459 max|d|=7.35 (projection 16)
[ok] zurich_query_-ckZ0rXdz4mibIinNjdoZQ direction_eot seed=5678 gain=0.370 max|d|=5.92 (projection 16)
[ok] zurich_query_-ckZ0rXdz4mibIinNjdoZQ isotropic seed=5678 gain=2.112 max|d|=9.70 (no projection)
[ok] zurich_query_-ckZ0rXdz4mibIinNjdoZQ direction seed=9012 gain=0.460 max|d|=7.36 (projection 16)
[ok] zurich_query_-ckZ0rXdz4mibIinNjdoZQ direction_eot seed=9012 gain=0.379 max|d|=6.06 (projection 16)
[ok] zurich_query_-ckZ0rXdz4mibIinNjdoZQ isotropic seed=9012 gain=2.242 max|d|=10.31 (no projection)
[ok] amman_query_0R0A_PhOAjP-uMDPM7p7mA direction seed=5678 gain=0.424 max|d|=6.79 (projection 16)
[ok] amman_query_0R0A_PhOAjP-uMDPM7p7mA direction_eot seed=5678 gain=0.345 max|d|=5.51 (projection 16)
[ok] amman_query_0R0A_PhOAjP-uMDPM7p7mA isotropic seed=5678 gain=2.238 max|d|=9.70 (no projection)
[ok] amman_query_0R0A_PhOAjP-uMDPM7p7mA direction seed=9012 gain=0.420 max|d|=6.72 (projection 16)
[ok] amman_query_0R0A_PhOAjP-uMDPM7p7mA direction_eot seed=9012 gain=0.347 max|d|=5.55 (projection 16)
[ok] amman_query_0R0A_PhOAjP-uMDPM7p7mA isotropic seed=9012 gain=2.241 max|d|=10.40 (no projection)
[ok] boston_query_-F1y-kaybMQbp8p7UR03TA direction seed=5678 gain=0.420 max|d|=6.71 (projection 16)
[ok] boston_query_-F1y-kaybMQbp8p7UR03TA direction_eot seed=5678 gain=0.327 max|d|=5.24 (projection 16)
[ok] boston_query_-F1y-kaybMQbp8p7UR03TA isotropic seed=5678 gain=2.259 max|d|=9.70 (no projection)
[ok] boston_query_-F1y-kaybMQbp8p7UR03TA direction seed=9012 gain=0.421 max|d|=6.74 (projection 16)
[ok] boston_query_-F1y-kaybMQbp8p7UR03TA direction_eot seed=9012 gain=0.335 max|d|=5.35 (projection 16)
[ok] boston_query_-F1y-kaybMQbp8p7UR03TA isotropic seed=9012 gain=2.260 max|d|=9.92 (no projection)
[ok] cph_query_-EJZ9qR_FRIGfCF6DhQCJg direction seed=5678 gain=0.413 max|d|=6.61 (projection 16)
[ok] cph_query_-EJZ9qR_FRIGfCF6DhQCJg direction_eot seed=5678 gain=0.333 max|d|=5.33 (projection 16)
[ok] cph_query_-EJZ9qR_FRIGfCF6DhQCJg isotropic seed=5678 gain=2.236 max|d|=10.40 (no projection)
[ok] cph_query_-EJZ9qR_FRIGfCF6DhQCJg direction seed=9012 gain=0.410 max|d|=6.57 (projection 16)
[ok] cph_query_-EJZ9qR_FRIGfCF6DhQCJg direction_eot seed=9012 gain=0.333 max|d|=5.33 (projection 16)
[ok] cph_query_-EJZ9qR_FRIGfCF6DhQCJg isotropic seed=9012 gain=2.236 max|d|=9.64 (no projection)
[ok] london_query_-XIh6yuegk86oURAbggPpw direction seed=5678 gain=0.410 max|d|=6.57 (projection 16)
[ok] london_query_-XIh6yuegk86oURAbggPpw direction_eot seed=5678 gain=0.312 max|d|=5.00 (projection 16)
[ok] london_query_-XIh6yuegk86oURAbggPpw isotropic seed=5678 gain=2.237 max|d|=10.17 (no projection)
[ok] london_query_-XIh6yuegk86oURAbggPpw direction seed=9012 gain=0.416 max|d|=6.65 (projection 16)
[ok] london_query_-XIh6yuegk86oURAbggPpw direction_eot seed=9012 gain=0.305 max|d|=4.88 (projection 16)
[ok] london_query_-XIh6yuegk86oURAbggPpw isotropic seed=9012 gain=2.239 max|d|=11.07 (no projection)
[ok] manila_query_-GYvqZ8BYSfzGUbFI13obA direction seed=5678 gain=0.455 max|d|=7.29 (projection 16)
[ok] manila_query_-GYvqZ8BYSfzGUbFI13obA direction_eot seed=5678 gain=0.368 max|d|=5.89 (projection 16)
[ok] manila_query_-GYvqZ8BYSfzGUbFI13obA isotropic seed=5678 gain=2.335 max|d|=10.94 (no projection)
[ok] manila_query_-GYvqZ8BYSfzGUbFI13obA direction seed=9012 gain=0.465 max|d|=7.44 (projection 16)
[ok] manila_query_-GYvqZ8BYSfzGUbFI13obA direction_eot seed=9012 gain=0.360 max|d|=5.76 (projection 16)
[ok] manila_query_-GYvqZ8BYSfzGUbFI13obA isotropic seed=9012 gain=2.331 max|d|=10.37 (no projection)
[ok] nairobi_query_16KxNH7RD-4ITdBTZKvAXw direction seed=5678 gain=0.474 max|d|=7.58 (projection 16)
[ok] nairobi_query_16KxNH7RD-4ITdBTZKvAXw direction_eot seed=5678 gain=0.374 max|d|=5.98 (projection 16)
[ok] nairobi_query_16KxNH7RD-4ITdBTZKvAXw isotropic seed=5678 gain=2.122 max|d|=9.87 (no projection)
[ok] nairobi_query_16KxNH7RD-4ITdBTZKvAXw direction seed=9012 gain=0.473 max|d|=7.57 (projection 16)
[ok] nairobi_query_16KxNH7RD-4ITdBTZKvAXw direction_eot seed=9012 gain=0.384 max|d|=6.14 (projection 16)
[ok] nairobi_query_16KxNH7RD-4ITdBTZKvAXw isotropic seed=9012 gain=2.293 max|d|=10.63 (no projection)
[ok] toronto_query_-95Ypw11XUgNqZdY5m4GCw direction seed=5678 gain=0.452 max|d|=7.23 (projection 16)
[ok] toronto_query_-95Ypw11XUgNqZdY5m4GCw direction_eot seed=5678 gain=0.368 max|d|=5.89 (projection 16)
[ok] toronto_query_-95Ypw11XUgNqZdY5m4GCw isotropic seed=5678 gain=2.278 max|d|=10.74 (no projection)
[ok] toronto_query_-95Ypw11XUgNqZdY5m4GCw direction seed=9012 gain=0.447 max|d|=7.16 (projection 16)
[ok] toronto_query_-95Ypw11XUgNqZdY5m4GCw direction_eot seed=9012 gain=0.356 max|d|=5.69 (projection 16)
[ok] toronto_query_-95Ypw11XUgNqZdY5m4GCw isotropic seed=9012 gain=2.283 max|d|=10.33 (no projection)
[ok] zurich_query_-fOHAPAq-KX4XPlg0JJPvg direction seed=5678 gain=0.432 max|d|=6.92 (projection 16)
[ok] zurich_query_-fOHAPAq-KX4XPlg0JJPvg direction_eot seed=5678 gain=0.356 max|d|=5.70 (projection 16)
[ok] zurich_query_-fOHAPAq-KX4XPlg0JJPvg isotropic seed=5678 gain=2.316 max|d|=10.42 (no projection)
[ok] zurich_query_-fOHAPAq-KX4XPlg0JJPvg direction seed=9012 gain=0.429 max|d|=6.86 (projection 16)
[ok] zurich_query_-fOHAPAq-KX4XPlg0JJPvg direction_eot seed=9012 gain=0.337 max|d|=5.39 (projection 16)
[ok] zurich_query_-fOHAPAq-KX4XPlg0JJPvg isotropic seed=9012 gain=2.326 max|d|=10.36 (no projection)
[ok] amman_query_0RRGZCCzxqj8dJzhN-RnQQ direction seed=5678 gain=0.425 max|d|=6.80 (projection 16)
[ok] amman_query_0RRGZCCzxqj8dJzhN-RnQQ direction_eot seed=5678 gain=0.344 max|d|=5.51 (projection 16)
[ok] amman_query_0RRGZCCzxqj8dJzhN-RnQQ isotropic seed=5678 gain=2.248 max|d|=11.11 (no projection)
[ok] amman_query_0RRGZCCzxqj8dJzhN-RnQQ direction seed=9012 gain=0.427 max|d|=6.84 (projection 16)
[ok] amman_query_0RRGZCCzxqj8dJzhN-RnQQ direction_eot seed=9012 gain=0.339 max|d|=5.43 (projection 16)
[ok] amman_query_0RRGZCCzxqj8dJzhN-RnQQ isotropic seed=9012 gain=2.239 max|d|=9.91 (no projection)
[ok] boston_query_-GJo3fVMwIWZoCYgf09NLQ direction seed=5678 gain=0.424 max|d|=6.79 (projection 16)
[ok] boston_query_-GJo3fVMwIWZoCYgf09NLQ direction_eot seed=5678 gain=0.338 max|d|=5.40 (projection 16)
[ok] boston_query_-GJo3fVMwIWZoCYgf09NLQ isotropic seed=5678 gain=2.303 max|d|=11.07 (no projection)
[ok] boston_query_-GJo3fVMwIWZoCYgf09NLQ direction seed=9012 gain=0.422 max|d|=6.75 (projection 16)
[ok] boston_query_-GJo3fVMwIWZoCYgf09NLQ direction_eot seed=9012 gain=0.337 max|d|=5.39 (projection 16)
[ok] boston_query_-GJo3fVMwIWZoCYgf09NLQ isotropic seed=9012 gain=2.311 max|d|=10.58 (no projection)
[ok] cph_query_-Eb1W6216G9S88OFy95k4Q direction seed=5678 gain=0.387 max|d|=6.20 (projection 16)
[ok] cph_query_-Eb1W6216G9S88OFy95k4Q direction_eot seed=5678 gain=0.315 max|d|=5.04 (projection 16)
[ok] cph_query_-Eb1W6216G9S88OFy95k4Q isotropic seed=5678 gain=2.235 max|d|=9.89 (no projection)
[ok] cph_query_-Eb1W6216G9S88OFy95k4Q direction seed=9012 gain=0.397 max|d|=6.36 (projection 16)
[ok] cph_query_-Eb1W6216G9S88OFy95k4Q direction_eot seed=9012 gain=0.310 max|d|=4.96 (projection 16)
[ok] cph_query_-Eb1W6216G9S88OFy95k4Q isotropic seed=9012 gain=2.230 max|d|=11.01 (no projection)
[ok] london_query_-XZRTRoj7LEefbZ7UDBzXg direction seed=5678 gain=0.417 max|d|=6.66 (projection 16)
[ok] london_query_-XZRTRoj7LEefbZ7UDBzXg direction_eot seed=5678 gain=0.352 max|d|=5.63 (projection 16)
[ok] london_query_-XZRTRoj7LEefbZ7UDBzXg isotropic seed=5678 gain=2.252 max|d|=10.26 (no projection)
[ok] london_query_-XZRTRoj7LEefbZ7UDBzXg direction seed=9012 gain=0.418 max|d|=6.69 (projection 16)
[ok] london_query_-XZRTRoj7LEefbZ7UDBzXg direction_eot seed=9012 gain=0.342 max|d|=5.47 (projection 16)
[ok] london_query_-XZRTRoj7LEefbZ7UDBzXg isotropic seed=9012 gain=2.255 max|d|=10.63 (no projection)
[ok] manila_query_-HF88JWAO1GDy0F6B4ZeZg direction seed=5678 gain=0.451 max|d|=7.22 (projection 16)
[ok] manila_query_-HF88JWAO1GDy0F6B4ZeZg direction_eot seed=5678 gain=0.350 max|d|=5.60 (projection 16)
[ok] manila_query_-HF88JWAO1GDy0F6B4ZeZg isotropic seed=5678 gain=2.234 max|d|=10.06 (no projection)
[ok] manila_query_-HF88JWAO1GDy0F6B4ZeZg direction seed=9012 gain=0.444 max|d|=7.10 (projection 16)
[ok] manila_query_-HF88JWAO1GDy0F6B4ZeZg direction_eot seed=9012 gain=0.360 max|d|=5.75 (projection 16)
[ok] manila_query_-HF88JWAO1GDy0F6B4ZeZg isotropic seed=9012 gain=2.234 max|d|=9.68 (no projection)
[ok] nairobi_query_183WoPTmmjfRAAmVLL6TDw direction seed=5678 gain=0.470 max|d|=7.52 (projection 16)
[ok] nairobi_query_183WoPTmmjfRAAmVLL6TDw direction_eot seed=5678 gain=0.364 max|d|=5.82 (projection 16)
[ok] nairobi_query_183WoPTmmjfRAAmVLL6TDw isotropic seed=5678 gain=2.234 max|d|=11.42 (no projection)
[ok] nairobi_query_183WoPTmmjfRAAmVLL6TDw direction seed=9012 gain=0.473 max|d|=7.56 (projection 16)
[ok] nairobi_query_183WoPTmmjfRAAmVLL6TDw direction_eot seed=9012 gain=0.374 max|d|=5.98 (projection 16)
[ok] nairobi_query_183WoPTmmjfRAAmVLL6TDw isotropic seed=9012 gain=2.236 max|d|=10.71 (no projection)
[ok] toronto_query_-9p2_cESNINnXfab4o-dKQ direction seed=5678 gain=0.428 max|d|=6.84 (projection 16)
[ok] toronto_query_-9p2_cESNINnXfab4o-dKQ direction_eot seed=5678 gain=0.348 max|d|=5.57 (projection 16)
[ok] toronto_query_-9p2_cESNINnXfab4o-dKQ isotropic seed=5678 gain=2.242 max|d|=10.29 (no projection)
[ok] toronto_query_-9p2_cESNINnXfab4o-dKQ direction seed=9012 gain=0.427 max|d|=6.83 (projection 16)
[ok] toronto_query_-9p2_cESNINnXfab4o-dKQ direction_eot seed=9012 gain=0.351 max|d|=5.62 (projection 16)
[ok] toronto_query_-9p2_cESNINnXfab4o-dKQ isotropic seed=9012 gain=2.247 max|d|=11.23 (no projection)
[ok] zurich_query_-iln48QPRjkI40nJSzd6lg direction seed=5678 gain=0.419 max|d|=6.70 (projection 16)
[ok] zurich_query_-iln48QPRjkI40nJSzd6lg direction_eot seed=5678 gain=0.337 max|d|=5.39 (projection 16)
[ok] zurich_query_-iln48QPRjkI40nJSzd6lg isotropic seed=5678 gain=2.244 max|d|=10.80 (no projection)
[ok] zurich_query_-iln48QPRjkI40nJSzd6lg direction seed=9012 gain=0.426 max|d|=6.81 (projection 16)
[ok] zurich_query_-iln48QPRjkI40nJSzd6lg direction_eot seed=9012 gain=0.336 max|d|=5.38 (projection 16)
[ok] zurich_query_-iln48QPRjkI40nJSzd6lg isotropic seed=9012 gain=2.239 max|d|=10.51 (no projection)
[ok] amman_query_0fPb7in-cHyh0MAM_N6Zwg direction seed=5678 gain=0.419 max|d|=6.70 (projection 16)
[ok] amman_query_0fPb7in-cHyh0MAM_N6Zwg direction_eot seed=5678 gain=0.337 max|d|=5.38 (projection 16)
[ok] amman_query_0fPb7in-cHyh0MAM_N6Zwg isotropic seed=5678 gain=2.240 max|d|=10.20 (no projection)
[ok] amman_query_0fPb7in-cHyh0MAM_N6Zwg direction seed=9012 gain=0.420 max|d|=6.73 (projection 16)
[ok] amman_query_0fPb7in-cHyh0MAM_N6Zwg direction_eot seed=9012 gain=0.335 max|d|=5.36 (projection 16)
[ok] amman_query_0fPb7in-cHyh0MAM_N6Zwg isotropic seed=9012 gain=2.240 max|d|=9.96 (no projection)
[ok] boston_query_-HufF4iDO00S4hZK96hUyw direction seed=5678 gain=0.425 max|d|=6.81 (projection 16)
[ok] boston_query_-HufF4iDO00S4hZK96hUyw direction_eot seed=5678 gain=0.337 max|d|=5.40 (projection 16)
[ok] boston_query_-HufF4iDO00S4hZK96hUyw isotropic seed=5678 gain=2.243 max|d|=10.09 (no projection)
[ok] boston_query_-HufF4iDO00S4hZK96hUyw direction seed=9012 gain=0.425 max|d|=6.80 (projection 16)
[ok] boston_query_-HufF4iDO00S4hZK96hUyw direction_eot seed=9012 gain=0.349 max|d|=5.58 (projection 16)
[ok] boston_query_-HufF4iDO00S4hZK96hUyw isotropic seed=9012 gain=2.243 max|d|=9.68 (no projection)
[ok] cph_query_-Efn_mUBXLqGWGzUw3Youw direction seed=5678 gain=0.419 max|d|=6.70 (projection 16)
[ok] cph_query_-Efn_mUBXLqGWGzUw3Youw direction_eot seed=5678 gain=0.347 max|d|=5.56 (projection 16)
[ok] cph_query_-Efn_mUBXLqGWGzUw3Youw isotropic seed=5678 gain=2.254 max|d|=10.46 (no projection)
[ok] cph_query_-Efn_mUBXLqGWGzUw3Youw direction seed=9012 gain=0.425 max|d|=6.79 (projection 16)
[ok] cph_query_-Efn_mUBXLqGWGzUw3Youw direction_eot seed=9012 gain=0.355 max|d|=5.69 (projection 16)
[ok] cph_query_-Efn_mUBXLqGWGzUw3Youw isotropic seed=9012 gain=2.255 max|d|=10.44 (no projection)
[ok] london_query_-b5BCVv9Qd6OhZGxpoqS5A direction seed=5678 gain=0.403 max|d|=6.45 (projection 16)
[ok] london_query_-b5BCVv9Qd6OhZGxpoqS5A direction_eot seed=5678 gain=0.336 max|d|=5.37 (projection 16)
[ok] london_query_-b5BCVv9Qd6OhZGxpoqS5A isotropic seed=5678 gain=2.301 max|d|=10.74 (no projection)
[ok] london_query_-b5BCVv9Qd6OhZGxpoqS5A direction seed=9012 gain=0.409 max|d|=6.54 (projection 16)
[ok] london_query_-b5BCVv9Qd6OhZGxpoqS5A direction_eot seed=9012 gain=0.332 max|d|=5.31 (projection 16)
[ok] london_query_-b5BCVv9Qd6OhZGxpoqS5A isotropic seed=9012 gain=2.308 max|d|=10.63 (no projection)
[ok] manila_query_-KU1q5fdqSI_GghxKumbeg direction seed=5678 gain=0.416 max|d|=6.66 (projection 16)
[ok] manila_query_-KU1q5fdqSI_GghxKumbeg direction_eot seed=5678 gain=0.326 max|d|=5.22 (projection 16)
[ok] manila_query_-KU1q5fdqSI_GghxKumbeg isotropic seed=5678 gain=2.280 max|d|=10.69 (no projection)
[ok] manila_query_-KU1q5fdqSI_GghxKumbeg direction seed=9012 gain=0.414 max|d|=6.63 (projection 16)
[ok] manila_query_-KU1q5fdqSI_GghxKumbeg direction_eot seed=9012 gain=0.339 max|d|=5.42 (projection 16)
[ok] manila_query_-KU1q5fdqSI_GghxKumbeg isotropic seed=9012 gain=2.275 max|d|=10.44 (no projection)
[ok] nairobi_query_19K8RILgg4ErFKJ9l5D9zQ direction seed=5678 gain=0.475 max|d|=7.60 (projection 16)
[ok] nairobi_query_19K8RILgg4ErFKJ9l5D9zQ direction_eot seed=5678 gain=0.380 max|d|=6.08 (projection 16)
[ok] nairobi_query_19K8RILgg4ErFKJ9l5D9zQ isotropic seed=5678 gain=2.262 max|d|=9.89 (no projection)
[ok] nairobi_query_19K8RILgg4ErFKJ9l5D9zQ direction seed=9012 gain=0.483 max|d|=7.73 (projection 16)
[ok] nairobi_query_19K8RILgg4ErFKJ9l5D9zQ direction_eot seed=9012 gain=0.378 max|d|=6.05 (projection 16)
[ok] nairobi_query_19K8RILgg4ErFKJ9l5D9zQ isotropic seed=9012 gain=2.261 max|d|=9.50 (no projection)
[ok] toronto_query_-Af6Q3npKjccLu7TwYvlsQ direction seed=5678 gain=0.439 max|d|=7.03 (projection 16)
[ok] toronto_query_-Af6Q3npKjccLu7TwYvlsQ direction_eot seed=5678 gain=0.357 max|d|=5.72 (projection 16)
[ok] toronto_query_-Af6Q3npKjccLu7TwYvlsQ isotropic seed=5678 gain=2.250 max|d|=11.48 (no projection)
[ok] toronto_query_-Af6Q3npKjccLu7TwYvlsQ direction seed=9012 gain=0.437 max|d|=6.99 (projection 16)
[ok] toronto_query_-Af6Q3npKjccLu7TwYvlsQ direction_eot seed=9012 gain=0.350 max|d|=5.60 (projection 16)
[ok] toronto_query_-Af6Q3npKjccLu7TwYvlsQ isotropic seed=9012 gain=2.249 max|d|=10.79 (no projection)
[ok] zurich_query_-ldtR3_I7eHdDGYU5BNczg direction seed=5678 gain=0.401 max|d|=6.41 (projection 16)
[ok] zurich_query_-ldtR3_I7eHdDGYU5BNczg direction_eot seed=5678 gain=0.323 max|d|=5.17 (projection 16)
[ok] zurich_query_-ldtR3_I7eHdDGYU5BNczg isotropic seed=5678 gain=2.241 max|d|=10.86 (no projection)
[ok] zurich_query_-ldtR3_I7eHdDGYU5BNczg direction seed=9012 gain=0.403 max|d|=6.45 (projection 16)
[ok] zurich_query_-ldtR3_I7eHdDGYU5BNczg direction_eot seed=9012 gain=0.314 max|d|=5.02 (projection 16)
[ok] zurich_query_-ldtR3_I7eHdDGYU5BNczg isotropic seed=9012 gain=2.239 max|d|=10.42 (no projection)
[ok] amman_query_0mtodUgJmOV4UK-0AiTGHg direction seed=5678 gain=0.429 max|d|=6.87 (projection 16)
[ok] amman_query_0mtodUgJmOV4UK-0AiTGHg direction_eot seed=5678 gain=0.341 max|d|=5.46 (projection 16)
[ok] amman_query_0mtodUgJmOV4UK-0AiTGHg isotropic seed=5678 gain=2.233 max|d|=9.48 (no projection)
[ok] amman_query_0mtodUgJmOV4UK-0AiTGHg direction seed=9012 gain=0.428 max|d|=6.85 (projection 16)
[ok] amman_query_0mtodUgJmOV4UK-0AiTGHg direction_eot seed=9012 gain=0.339 max|d|=5.43 (projection 16)
[ok] amman_query_0mtodUgJmOV4UK-0AiTGHg isotropic seed=9012 gain=2.240 max|d|=10.16 (no projection)
[ok] boston_query_-IYAXZ4yoOS7SzEIu2m-me direction seed=5678 gain=0.463 max|d|=7.41 (projection 16)
[ok] boston_query_-IYAXZ4yoOS7SzEIu2m-me direction_eot seed=5678 gain=0.356 max|d|=5.69 (projection 16)
[ok] boston_query_-IYAXZ4yoOS7SzEIu2m-me isotropic seed=5678 gain=2.239 max|d|=10.32 (no projection)
[ok] boston_query_-IYAXZ4yoOS7SzEIu2m-me direction seed=9012 gain=0.468 max|d|=7.49 (projection 16)
[ok] boston_query_-IYAXZ4yoOS7SzEIu2m-me direction_eot seed=9012 gain=0.340 max|d|=5.45 (projection 16)
[ok] boston_query_-IYAXZ4yoOS7SzEIu2m-me isotropic seed=9012 gain=2.243 max|d|=10.17 (no projection)
[ok] cph_query_-F5w8wQO0CU26PCfOqANzA direction seed=5678 gain=0.411 max|d|=6.57 (projection 16)
[ok] cph_query_-F5w8wQO0CU26PCfOqANzA direction_eot seed=5678 gain=0.338 max|d|=5.40 (projection 16)
[ok] cph_query_-F5w8wQO0CU26PCfOqANzA isotropic seed=5678 gain=2.238 max|d|=10.12 (no projection)
[ok] cph_query_-F5w8wQO0CU26PCfOqANzA direction seed=9012 gain=0.413 max|d|=6.60 (projection 16)
[ok] cph_query_-F5w8wQO0CU26PCfOqANzA direction_eot seed=9012 gain=0.334 max|d|=5.34 (projection 16)
[ok] cph_query_-F5w8wQO0CU26PCfOqANzA isotropic seed=9012 gain=2.245 max|d|=10.73 (no projection)
[ok] london_query_-c-T7aulp9a5g-J9zYbYiQ direction seed=5678 gain=0.440 max|d|=7.04 (projection 16)
[ok] london_query_-c-T7aulp9a5g-J9zYbYiQ direction_eot seed=5678 gain=0.371 max|d|=5.94 (projection 16)
[ok] london_query_-c-T7aulp9a5g-J9zYbYiQ isotropic seed=5678 gain=2.256 max|d|=10.25 (no projection)
[ok] london_query_-c-T7aulp9a5g-J9zYbYiQ direction seed=9012 gain=0.442 max|d|=7.06 (projection 16)
[ok] london_query_-c-T7aulp9a5g-J9zYbYiQ direction_eot seed=9012 gain=0.358 max|d|=5.73 (projection 16)
[ok] london_query_-c-T7aulp9a5g-J9zYbYiQ isotropic seed=9012 gain=2.259 max|d|=10.12 (no projection)
[ok] manila_query_-KoSUCrB2w1FscwO9vyRlw direction seed=5678 gain=0.396 max|d|=6.34 (projection 16)
[ok] manila_query_-KoSUCrB2w1FscwO9vyRlw direction_eot seed=5678 gain=0.306 max|d|=4.90 (projection 16)
[ok] manila_query_-KoSUCrB2w1FscwO9vyRlw isotropic seed=5678 gain=2.244 max|d|=10.15 (no projection)
[ok] manila_query_-KoSUCrB2w1FscwO9vyRlw direction seed=9012 gain=0.403 max|d|=6.44 (projection 16)
[ok] manila_query_-KoSUCrB2w1FscwO9vyRlw direction_eot seed=9012 gain=0.312 max|d|=4.99 (projection 16)
[ok] manila_query_-KoSUCrB2w1FscwO9vyRlw isotropic seed=9012 gain=2.235 max|d|=10.77 (no projection)
[ok] nairobi_query_1J7o8IGEriKnTs-ay8aPNQ direction seed=5678 gain=0.475 max|d|=7.60 (projection 16)
[ok] nairobi_query_1J7o8IGEriKnTs-ay8aPNQ direction_eot seed=5678 gain=0.379 max|d|=6.06 (projection 16)
[ok] nairobi_query_1J7o8IGEriKnTs-ay8aPNQ isotropic seed=5678 gain=2.262 max|d|=10.80 (no projection)
[ok] nairobi_query_1J7o8IGEriKnTs-ay8aPNQ direction seed=9012 gain=0.474 max|d|=7.59 (projection 16)
[ok] nairobi_query_1J7o8IGEriKnTs-ay8aPNQ direction_eot seed=9012 gain=0.362 max|d|=5.80 (projection 16)
[ok] nairobi_query_1J7o8IGEriKnTs-ay8aPNQ isotropic seed=9012 gain=2.259 max|d|=10.02 (no projection)
[ok] toronto_query_-AlgHQUWzDPe9bpb8ZAzSA direction seed=5678 gain=0.448 max|d|=7.17 (projection 16)
[ok] toronto_query_-AlgHQUWzDPe9bpb8ZAzSA direction_eot seed=5678 gain=0.363 max|d|=5.80 (projection 16)
[ok] toronto_query_-AlgHQUWzDPe9bpb8ZAzSA isotropic seed=5678 gain=2.248 max|d|=10.18 (no projection)
[ok] toronto_query_-AlgHQUWzDPe9bpb8ZAzSA direction seed=9012 gain=0.442 max|d|=7.07 (projection 16)
[ok] toronto_query_-AlgHQUWzDPe9bpb8ZAzSA direction_eot seed=9012 gain=0.365 max|d|=5.84 (projection 16)
[ok] toronto_query_-AlgHQUWzDPe9bpb8ZAzSA isotropic seed=9012 gain=2.240 max|d|=10.76 (no projection)
[ok] zurich_query_-m5K41q4X0r8qu_XnaYlIg direction seed=5678 gain=0.423 max|d|=6.78 (projection 16)
[ok] zurich_query_-m5K41q4X0r8qu_XnaYlIg direction_eot seed=5678 gain=0.344 max|d|=5.50 (projection 16)
[ok] zurich_query_-m5K41q4X0r8qu_XnaYlIg isotropic seed=5678 gain=2.269 max|d|=10.06 (no projection)
[ok] zurich_query_-m5K41q4X0r8qu_XnaYlIg direction seed=9012 gain=0.428 max|d|=6.85 (projection 16)
[ok] zurich_query_-m5K41q4X0r8qu_XnaYlIg direction_eot seed=9012 gain=0.342 max|d|=5.47 (projection 16)
[ok] zurich_query_-m5K41q4X0r8qu_XnaYlIg isotropic seed=9012 gain=2.272 max|d|=10.95 (no projection)
[ok] amman_query_0rJM3ZzX3JzTTpl0GCia8w direction seed=5678 gain=0.475 max|d|=7.60 (projection 16)
[ok] amman_query_0rJM3ZzX3JzTTpl0GCia8w direction_eot seed=5678 gain=0.380 max|d|=6.08 (projection 16)
[ok] amman_query_0rJM3ZzX3JzTTpl0GCia8w isotropic seed=5678 gain=2.242 max|d|=10.80 (no projection)
[ok] amman_query_0rJM3ZzX3JzTTpl0GCia8w direction seed=9012 gain=0.473 max|d|=7.56 (projection 16)
[ok] amman_query_0rJM3ZzX3JzTTpl0GCia8w direction_eot seed=9012 gain=0.379 max|d|=6.06 (projection 16)
[ok] amman_query_0rJM3ZzX3JzTTpl0GCia8w isotropic seed=9012 gain=2.241 max|d|=11.06 (no projection)
[ok] boston_query_-Jix8HM-vXTXdWrXQwVvQw direction seed=5678 gain=0.455 max|d|=7.28 (projection 16)
[ok] boston_query_-Jix8HM-vXTXdWrXQwVvQw direction_eot seed=5678 gain=0.369 max|d|=5.90 (projection 16)
[ok] boston_query_-Jix8HM-vXTXdWrXQwVvQw isotropic seed=5678 gain=2.270 max|d|=10.51 (no projection)
[ok] boston_query_-Jix8HM-vXTXdWrXQwVvQw direction seed=9012 gain=0.455 max|d|=7.28 (projection 16)
[ok] boston_query_-Jix8HM-vXTXdWrXQwVvQw direction_eot seed=9012 gain=0.369 max|d|=5.91 (projection 16)
[ok] boston_query_-Jix8HM-vXTXdWrXQwVvQw isotropic seed=9012 gain=2.276 max|d|=10.99 (no projection)
[ok] cph_query_-FLAkBWjfrY2RcqaQ-LgmQ direction seed=5678 gain=0.424 max|d|=6.79 (projection 16)
[ok] cph_query_-FLAkBWjfrY2RcqaQ-LgmQ direction_eot seed=5678 gain=0.331 max|d|=5.30 (projection 16)
[ok] cph_query_-FLAkBWjfrY2RcqaQ-LgmQ isotropic seed=5678 gain=2.235 max|d|=10.17 (no projection)
[ok] cph_query_-FLAkBWjfrY2RcqaQ-LgmQ direction seed=9012 gain=0.430 max|d|=6.87 (projection 16)
[ok] cph_query_-FLAkBWjfrY2RcqaQ-LgmQ direction_eot seed=9012 gain=0.343 max|d|=5.48 (projection 16)
[ok] cph_query_-FLAkBWjfrY2RcqaQ-LgmQ isotropic seed=9012 gain=2.236 max|d|=10.67 (no projection)
[ok] london_query_-cAVonhAOLeSK7tfil0ceg direction seed=5678 gain=0.431 max|d|=6.89 (projection 16)
[ok] london_query_-cAVonhAOLeSK7tfil0ceg direction_eot seed=5678 gain=0.344 max|d|=5.50 (projection 16)
[ok] london_query_-cAVonhAOLeSK7tfil0ceg isotropic seed=5678 gain=2.288 max|d|=10.74 (no projection)
[ok] london_query_-cAVonhAOLeSK7tfil0ceg direction seed=9012 gain=0.433 max|d|=6.93 (projection 16)
[ok] london_query_-cAVonhAOLeSK7tfil0ceg direction_eot seed=9012 gain=0.348 max|d|=5.57 (projection 16)
[ok] london_query_-cAVonhAOLeSK7tfil0ceg isotropic seed=9012 gain=2.274 max|d|=11.61 (no projection)
[ok] manila_query_-LBCdeO8C8kj5IjX1m3XTA direction seed=5678 gain=0.378 max|d|=6.05 (projection 16)
[ok] manila_query_-LBCdeO8C8kj5IjX1m3XTA direction_eot seed=5678 gain=0.304 max|d|=4.86 (projection 16)
[ok] manila_query_-LBCdeO8C8kj5IjX1m3XTA isotropic seed=5678 gain=2.257 max|d|=11.01 (no projection)
[ok] manila_query_-LBCdeO8C8kj5IjX1m3XTA direction seed=9012 gain=0.384 max|d|=6.15 (projection 16)
[ok] manila_query_-LBCdeO8C8kj5IjX1m3XTA direction_eot seed=9012 gain=0.311 max|d|=4.97 (projection 16)
[ok] manila_query_-LBCdeO8C8kj5IjX1m3XTA isotropic seed=9012 gain=2.250 max|d|=10.74 (no projection)
[ok] nairobi_query_1YjlKCdHNgoQBY8yOFqlmw direction seed=5678 gain=0.478 max|d|=7.64 (projection 16)
[ok] nairobi_query_1YjlKCdHNgoQBY8yOFqlmw direction_eot seed=5678 gain=0.382 max|d|=6.11 (projection 16)
[ok] nairobi_query_1YjlKCdHNgoQBY8yOFqlmw isotropic seed=5678 gain=2.283 max|d|=11.23 (no projection)
[ok] nairobi_query_1YjlKCdHNgoQBY8yOFqlmw direction seed=9012 gain=0.477 max|d|=7.63 (projection 16)
[ok] nairobi_query_1YjlKCdHNgoQBY8yOFqlmw direction_eot seed=9012 gain=0.377 max|d|=6.04 (projection 16)
[ok] nairobi_query_1YjlKCdHNgoQBY8yOFqlmw isotropic seed=9012 gain=2.280 max|d|=10.30 (no projection)
[ok] toronto_query_-B-3B3MjxX0UdrDIo-8kmA direction seed=5678 gain=0.408 max|d|=6.52 (projection 16)
[ok] toronto_query_-B-3B3MjxX0UdrDIo-8kmA direction_eot seed=5678 gain=0.331 max|d|=5.30 (projection 16)
[ok] toronto_query_-B-3B3MjxX0UdrDIo-8kmA isotropic seed=5678 gain=2.258 max|d|=9.88 (no projection)
[ok] toronto_query_-B-3B3MjxX0UdrDIo-8kmA direction seed=9012 gain=0.411 max|d|=6.57 (projection 16)
[ok] toronto_query_-B-3B3MjxX0UdrDIo-8kmA direction_eot seed=9012 gain=0.330 max|d|=5.29 (projection 16)
[ok] toronto_query_-B-3B3MjxX0UdrDIo-8kmA isotropic seed=9012 gain=2.252 max|d|=10.35 (no projection)
[ok] zurich_query_-nhCCSRwlsxqJsUbzqZvCQ direction seed=5678 gain=0.402 max|d|=6.43 (projection 16)
[ok] zurich_query_-nhCCSRwlsxqJsUbzqZvCQ direction_eot seed=5678 gain=0.321 max|d|=5.13 (projection 16)
[ok] zurich_query_-nhCCSRwlsxqJsUbzqZvCQ isotropic seed=5678 gain=2.240 max|d|=9.57 (no projection)
[ok] zurich_query_-nhCCSRwlsxqJsUbzqZvCQ direction seed=9012 gain=0.400 max|d|=6.39 (projection 16)
[ok] zurich_query_-nhCCSRwlsxqJsUbzqZvCQ direction_eot seed=9012 gain=0.321 max|d|=5.13 (projection 16)
[ok] zurich_query_-nhCCSRwlsxqJsUbzqZvCQ isotropic seed=9012 gain=2.233 max|d|=10.42 (no projection)
[ok] amman_query_12LbsAl_T_jgw2JHgbR5ng direction seed=5678 gain=0.435 max|d|=6.96 (projection 16)
[ok] amman_query_12LbsAl_T_jgw2JHgbR5ng direction_eot seed=5678 gain=0.347 max|d|=5.54 (projection 16)
[ok] amman_query_12LbsAl_T_jgw2JHgbR5ng isotropic seed=5678 gain=2.236 max|d|=11.18 (no projection)
[ok] amman_query_12LbsAl_T_jgw2JHgbR5ng direction seed=9012 gain=0.440 max|d|=7.04 (projection 16)
[ok] amman_query_12LbsAl_T_jgw2JHgbR5ng direction_eot seed=9012 gain=0.356 max|d|=5.69 (projection 16)
[ok] amman_query_12LbsAl_T_jgw2JHgbR5ng isotropic seed=9012 gain=2.234 max|d|=10.20 (no projection)
[ok] boston_query_-Jv7RF27BSJIV-gqOI7KxZ direction seed=5678 gain=0.444 max|d|=7.10 (projection 16)
[ok] boston_query_-Jv7RF27BSJIV-gqOI7KxZ direction_eot seed=5678 gain=0.356 max|d|=5.70 (projection 16)
[ok] boston_query_-Jv7RF27BSJIV-gqOI7KxZ isotropic seed=5678 gain=2.292 max|d|=10.44 (no projection)
[ok] boston_query_-Jv7RF27BSJIV-gqOI7KxZ direction seed=9012 gain=0.450 max|d|=7.21 (projection 16)
[ok] boston_query_-Jv7RF27BSJIV-gqOI7KxZ direction_eot seed=9012 gain=0.357 max|d|=5.70 (projection 16)
[ok] boston_query_-Jv7RF27BSJIV-gqOI7KxZ isotropic seed=9012 gain=2.451 max|d|=11.19 (no projection)
[ok] cph_query_-GVbOpzggFXAot0UyKhx2g direction seed=5678 gain=0.444 max|d|=7.10 (projection 16)
[ok] cph_query_-GVbOpzggFXAot0UyKhx2g direction_eot seed=5678 gain=0.351 max|d|=5.62 (projection 16)
[ok] cph_query_-GVbOpzggFXAot0UyKhx2g isotropic seed=5678 gain=2.240 max|d|=10.03 (no projection)
[ok] cph_query_-GVbOpzggFXAot0UyKhx2g direction seed=9012 gain=0.436 max|d|=6.98 (projection 16)
[ok] cph_query_-GVbOpzggFXAot0UyKhx2g direction_eot seed=9012 gain=0.353 max|d|=5.65 (projection 16)
[ok] cph_query_-GVbOpzggFXAot0UyKhx2g isotropic seed=9012 gain=2.236 max|d|=10.34 (no projection)
[ok] london_query_-dHWRapn57-l_kynPnun3Q direction seed=5678 gain=0.416 max|d|=6.65 (projection 16)
[ok] london_query_-dHWRapn57-l_kynPnun3Q direction_eot seed=5678 gain=0.340 max|d|=5.44 (projection 16)
[ok] london_query_-dHWRapn57-l_kynPnun3Q isotropic seed=5678 gain=2.250 max|d|=11.55 (no projection)
[ok] london_query_-dHWRapn57-l_kynPnun3Q direction seed=9012 gain=0.416 max|d|=6.66 (projection 16)
[ok] london_query_-dHWRapn57-l_kynPnun3Q direction_eot seed=9012 gain=0.336 max|d|=5.37 (projection 16)
[ok] london_query_-dHWRapn57-l_kynPnun3Q isotropic seed=9012 gain=2.241 max|d|=10.22 (no projection)
[ok] manila_query_-MH02w7P6jmmqnoUdL-55Q direction seed=5678 gain=0.434 max|d|=6.94 (projection 16)
[ok] manila_query_-MH02w7P6jmmqnoUdL-55Q direction_eot seed=5678 gain=0.354 max|d|=5.66 (projection 16)
[ok] manila_query_-MH02w7P6jmmqnoUdL-55Q isotropic seed=5678 gain=2.257 max|d|=11.15 (no projection)
[ok] manila_query_-MH02w7P6jmmqnoUdL-55Q direction seed=9012 gain=0.427 max|d|=6.84 (projection 16)
[ok] manila_query_-MH02w7P6jmmqnoUdL-55Q direction_eot seed=9012 gain=0.352 max|d|=5.63 (projection 16)
[ok] manila_query_-MH02w7P6jmmqnoUdL-55Q isotropic seed=9012 gain=2.259 max|d|=11.05 (no projection)
[ok] nairobi_query_1Z__CFelPzXEI1IEu_8QJw direction seed=5678 gain=0.440 max|d|=7.04 (projection 16)
[ok] nairobi_query_1Z__CFelPzXEI1IEu_8QJw direction_eot seed=5678 gain=0.363 max|d|=5.80 (projection 16)
[ok] nairobi_query_1Z__CFelPzXEI1IEu_8QJw isotropic seed=5678 gain=2.255 max|d|=11.98 (no projection)
[ok] nairobi_query_1Z__CFelPzXEI1IEu_8QJw direction seed=9012 gain=0.436 max|d|=6.98 (projection 16)
[ok] nairobi_query_1Z__CFelPzXEI1IEu_8QJw direction_eot seed=9012 gain=0.348 max|d|=5.57 (projection 16)
[ok] nairobi_query_1Z__CFelPzXEI1IEu_8QJw isotropic seed=9012 gain=2.251 max|d|=10.40 (no projection)
[ok] toronto_query_-B136fRwqMBMXoc03yy-PQ direction seed=5678 gain=0.411 max|d|=6.57 (projection 16)
[ok] toronto_query_-B136fRwqMBMXoc03yy-PQ direction_eot seed=5678 gain=0.326 max|d|=5.22 (projection 16)
[ok] toronto_query_-B136fRwqMBMXoc03yy-PQ isotropic seed=5678 gain=2.262 max|d|=9.98 (no projection)
[ok] toronto_query_-B136fRwqMBMXoc03yy-PQ direction seed=9012 gain=0.402 max|d|=6.44 (projection 16)
[ok] toronto_query_-B136fRwqMBMXoc03yy-PQ direction_eot seed=9012 gain=0.332 max|d|=5.32 (projection 16)
[ok] toronto_query_-B136fRwqMBMXoc03yy-PQ isotropic seed=9012 gain=2.261 max|d|=10.11 (no projection)
[ok] zurich_query_-tYWpAACOq7RfVvZJ-BAcQ direction seed=5678 gain=0.432 max|d|=6.91 (projection 16)
[ok] zurich_query_-tYWpAACOq7RfVvZJ-BAcQ direction_eot seed=5678 gain=0.335 max|d|=5.36 (projection 16)
[ok] zurich_query_-tYWpAACOq7RfVvZJ-BAcQ isotropic seed=5678 gain=2.229 max|d|=11.73 (no projection)
[ok] zurich_query_-tYWpAACOq7RfVvZJ-BAcQ direction seed=9012 gain=0.430 max|d|=6.88 (projection 16)
[ok] zurich_query_-tYWpAACOq7RfVvZJ-BAcQ direction_eot seed=9012 gain=0.330 max|d|=5.28 (projection 16)
[ok] zurich_query_-tYWpAACOq7RfVvZJ-BAcQ isotropic seed=9012 gain=2.235 max|d|=12.86 (no projection)
[ok] amman_query_1HafWFxuyylXLnDzCoapDA direction seed=5678 gain=0.411 max|d|=6.58 (projection 16)
[ok] amman_query_1HafWFxuyylXLnDzCoapDA direction_eot seed=5678 gain=0.334 max|d|=5.35 (projection 16)
[ok] amman_query_1HafWFxuyylXLnDzCoapDA isotropic seed=5678 gain=2.239 max|d|=10.17 (no projection)
[ok] amman_query_1HafWFxuyylXLnDzCoapDA direction seed=9012 gain=0.412 max|d|=6.59 (projection 16)
[ok] amman_query_1HafWFxuyylXLnDzCoapDA direction_eot seed=9012 gain=0.338 max|d|=5.42 (projection 16)
[ok] amman_query_1HafWFxuyylXLnDzCoapDA isotropic seed=9012 gain=2.239 max|d|=10.54 (no projection)
[ok] boston_query_-Kg6j3FKy26wYRLBkE_dFQ direction seed=5678 gain=0.453 max|d|=7.25 (projection 16)
[ok] boston_query_-Kg6j3FKy26wYRLBkE_dFQ direction_eot seed=5678 gain=0.357 max|d|=5.71 (projection 16)
[ok] boston_query_-Kg6j3FKy26wYRLBkE_dFQ isotropic seed=5678 gain=2.270 max|d|=10.72 (no projection)
[ok] boston_query_-Kg6j3FKy26wYRLBkE_dFQ direction seed=9012 gain=0.447 max|d|=7.16 (projection 16)
[ok] boston_query_-Kg6j3FKy26wYRLBkE_dFQ direction_eot seed=9012 gain=0.365 max|d|=5.85 (projection 16)
[ok] boston_query_-Kg6j3FKy26wYRLBkE_dFQ isotropic seed=9012 gain=2.263 max|d|=10.79 (no projection)
[ok] cph_query_-G_OOR1_yAfdfgnlKYNKnQ direction seed=5678 gain=0.417 max|d|=6.68 (projection 16)
[ok] cph_query_-G_OOR1_yAfdfgnlKYNKnQ direction_eot seed=5678 gain=0.343 max|d|=5.48 (projection 16)
[ok] cph_query_-G_OOR1_yAfdfgnlKYNKnQ isotropic seed=5678 gain=2.242 max|d|=11.27 (no projection)
[ok] cph_query_-G_OOR1_yAfdfgnlKYNKnQ direction seed=9012 gain=0.423 max|d|=6.77 (projection 16)
[ok] cph_query_-G_OOR1_yAfdfgnlKYNKnQ direction_eot seed=9012 gain=0.350 max|d|=5.60 (projection 16)
[ok] cph_query_-G_OOR1_yAfdfgnlKYNKnQ isotropic seed=9012 gain=2.245 max|d|=10.60 (no projection)
[ok] london_query_-dZ1k85FDVdFSbcG6_ECOA direction seed=5678 gain=0.430 max|d|=6.89 (projection 16)
[ok] london_query_-dZ1k85FDVdFSbcG6_ECOA direction_eot seed=5678 gain=0.358 max|d|=5.73 (projection 16)
[ok] london_query_-dZ1k85FDVdFSbcG6_ECOA isotropic seed=5678 gain=2.300 max|d|=10.07 (no projection)
[ok] london_query_-dZ1k85FDVdFSbcG6_ECOA direction seed=9012 gain=0.439 max|d|=7.03 (projection 16)
[ok] london_query_-dZ1k85FDVdFSbcG6_ECOA direction_eot seed=9012 gain=0.352 max|d|=5.63 (projection 16)
[ok] london_query_-dZ1k85FDVdFSbcG6_ECOA isotropic seed=9012 gain=2.289 max|d|=10.56 (no projection)
[ok] manila_query_-MKMMHEd33H1_45AJ8B5AA direction seed=5678 gain=0.412 max|d|=6.59 (projection 16)
[ok] manila_query_-MKMMHEd33H1_45AJ8B5AA direction_eot seed=5678 gain=0.332 max|d|=5.31 (projection 16)
[ok] manila_query_-MKMMHEd33H1_45AJ8B5AA isotropic seed=5678 gain=2.299 max|d|=11.77 (no projection)
[ok] manila_query_-MKMMHEd33H1_45AJ8B5AA direction seed=9012 gain=0.408 max|d|=6.52 (projection 16)
[ok] manila_query_-MKMMHEd33H1_45AJ8B5AA direction_eot seed=9012 gain=0.337 max|d|=5.39 (projection 16)
[ok] manila_query_-MKMMHEd33H1_45AJ8B5AA isotropic seed=9012 gain=2.283 max|d|=11.09 (no projection)
[ok] nairobi_query_20W8wyVhxSIpj4ekTP7ezw direction seed=5678 gain=0.426 max|d|=6.82 (projection 16)
[ok] nairobi_query_20W8wyVhxSIpj4ekTP7ezw direction_eot seed=5678 gain=0.346 max|d|=5.54 (projection 16)
[ok] nairobi_query_20W8wyVhxSIpj4ekTP7ezw isotropic seed=5678 gain=2.239 max|d|=10.03 (no projection)
[ok] nairobi_query_20W8wyVhxSIpj4ekTP7ezw direction seed=9012 gain=0.422 max|d|=6.75 (projection 16)
[ok] nairobi_query_20W8wyVhxSIpj4ekTP7ezw direction_eot seed=9012 gain=0.343 max|d|=5.48 (projection 16)
[ok] nairobi_query_20W8wyVhxSIpj4ekTP7ezw isotropic seed=9012 gain=2.234 max|d|=10.34 (no projection)
[ok] toronto_query_-BTAllhGXYkM_JsKwxUFMg direction seed=5678 gain=0.461 max|d|=7.37 (projection 16)
[ok] toronto_query_-BTAllhGXYkM_JsKwxUFMg direction_eot seed=5678 gain=0.378 max|d|=6.04 (projection 16)
[ok] toronto_query_-BTAllhGXYkM_JsKwxUFMg isotropic seed=5678 gain=2.230 max|d|=9.73 (no projection)
[ok] toronto_query_-BTAllhGXYkM_JsKwxUFMg direction seed=9012 gain=0.458 max|d|=7.32 (projection 16)
[ok] toronto_query_-BTAllhGXYkM_JsKwxUFMg direction_eot seed=9012 gain=0.371 max|d|=5.94 (projection 16)
[ok] toronto_query_-BTAllhGXYkM_JsKwxUFMg isotropic seed=9012 gain=2.241 max|d|=10.39 (no projection)
[ok] zurich_query_-uQ-4tnYcOJ9WPXRG-ou3w direction seed=5678 gain=0.385 max|d|=6.17 (projection 16)
[ok] zurich_query_-uQ-4tnYcOJ9WPXRG-ou3w direction_eot seed=5678 gain=0.324 max|d|=5.19 (projection 16)
[ok] zurich_query_-uQ-4tnYcOJ9WPXRG-ou3w isotropic seed=5678 gain=2.283 max|d|=11.18 (no projection)
[ok] zurich_query_-uQ-4tnYcOJ9WPXRG-ou3w direction seed=9012 gain=0.383 max|d|=6.13 (projection 16)
[ok] zurich_query_-uQ-4tnYcOJ9WPXRG-ou3w direction_eot seed=9012 gain=0.315 max|d|=5.03 (projection 16)
[ok] zurich_query_-uQ-4tnYcOJ9WPXRG-ou3w isotropic seed=9012 gain=2.282 max|d|=11.33 (no projection)
[ok] amman_query_1IWpn2b6V75KvNFoTU8UOQ direction seed=5678 gain=0.400 max|d|=6.40 (projection 16)
[ok] amman_query_1IWpn2b6V75KvNFoTU8UOQ direction_eot seed=5678 gain=0.331 max|d|=5.29 (projection 16)
[ok] amman_query_1IWpn2b6V75KvNFoTU8UOQ isotropic seed=5678 gain=2.239 max|d|=9.98 (no projection)
[ok] amman_query_1IWpn2b6V75KvNFoTU8UOQ direction seed=9012 gain=0.396 max|d|=6.33 (projection 16)
[ok] amman_query_1IWpn2b6V75KvNFoTU8UOQ direction_eot seed=9012 gain=0.330 max|d|=5.28 (projection 16)
[ok] amman_query_1IWpn2b6V75KvNFoTU8UOQ isotropic seed=9012 gain=2.239 max|d|=10.38 (no projection)
[ok] boston_query_-LPTAIN0lPGriKBtXoH5Mg direction seed=5678 gain=0.469 max|d|=7.51 (projection 16)
[ok] boston_query_-LPTAIN0lPGriKBtXoH5Mg direction_eot seed=5678 gain=0.370 max|d|=5.91 (projection 16)
[ok] boston_query_-LPTAIN0lPGriKBtXoH5Mg isotropic seed=5678 gain=2.241 max|d|=9.62 (no projection)
[ok] boston_query_-LPTAIN0lPGriKBtXoH5Mg direction seed=9012 gain=0.461 max|d|=7.37 (projection 16)
[ok] boston_query_-LPTAIN0lPGriKBtXoH5Mg direction_eot seed=9012 gain=0.383 max|d|=6.12 (projection 16)
[ok] boston_query_-LPTAIN0lPGriKBtXoH5Mg isotropic seed=9012 gain=2.237 max|d|=12.12 (no projection)
[ok] cph_query_-Gsj5kZ1V6uLXFxzeI7G2Q direction seed=5678 gain=0.402 max|d|=6.44 (projection 16)
[ok] cph_query_-Gsj5kZ1V6uLXFxzeI7G2Q direction_eot seed=5678 gain=0.312 max|d|=5.00 (projection 16)
[ok] cph_query_-Gsj5kZ1V6uLXFxzeI7G2Q isotropic seed=5678 gain=2.232 max|d|=10.00 (no projection)
[ok] cph_query_-Gsj5kZ1V6uLXFxzeI7G2Q direction seed=9012 gain=0.394 max|d|=6.30 (projection 16)
[ok] cph_query_-Gsj5kZ1V6uLXFxzeI7G2Q direction_eot seed=9012 gain=0.318 max|d|=5.09 (projection 16)
[ok] cph_query_-Gsj5kZ1V6uLXFxzeI7G2Q isotropic seed=9012 gain=2.243 max|d|=9.92 (no projection)
[ok] london_query_-dp5VWHVq4LzwLgq7y7yhw direction seed=5678 gain=0.420 max|d|=6.72 (projection 16)
[ok] london_query_-dp5VWHVq4LzwLgq7y7yhw direction_eot seed=5678 gain=0.346 max|d|=5.54 (projection 16)
[ok] london_query_-dp5VWHVq4LzwLgq7y7yhw isotropic seed=5678 gain=2.237 max|d|=9.96 (no projection)
[ok] london_query_-dp5VWHVq4LzwLgq7y7yhw direction seed=9012 gain=0.417 max|d|=6.68 (projection 16)
[ok] london_query_-dp5VWHVq4LzwLgq7y7yhw direction_eot seed=9012 gain=0.333 max|d|=5.32 (projection 16)
[ok] london_query_-dp5VWHVq4LzwLgq7y7yhw isotropic seed=9012 gain=2.238 max|d|=10.49 (no projection)
[ok] manila_query_-N4wDG2Fhm38ZVy0hGp8_A direction seed=5678 gain=0.447 max|d|=7.15 (projection 16)
[ok] manila_query_-N4wDG2Fhm38ZVy0hGp8_A direction_eot seed=5678 gain=0.345 max|d|=5.52 (projection 16)
[ok] manila_query_-N4wDG2Fhm38ZVy0hGp8_A isotropic seed=5678 gain=2.234 max|d|=9.88 (no projection)
[ok] manila_query_-N4wDG2Fhm38ZVy0hGp8_A direction seed=9012 gain=0.445 max|d|=7.11 (projection 16)
[ok] manila_query_-N4wDG2Fhm38ZVy0hGp8_A direction_eot seed=9012 gain=0.354 max|d|=5.66 (projection 16)
[ok] manila_query_-N4wDG2Fhm38ZVy0hGp8_A isotropic seed=9012 gain=2.237 max|d|=10.03 (no projection)
[ok] nairobi_query_2CNtCHy0TUbebdEFLYNrIQ direction seed=5678 gain=0.445 max|d|=7.13 (projection 16)
[ok] nairobi_query_2CNtCHy0TUbebdEFLYNrIQ direction_eot seed=5678 gain=0.345 max|d|=5.52 (projection 16)
[ok] nairobi_query_2CNtCHy0TUbebdEFLYNrIQ isotropic seed=5678 gain=2.318 max|d|=10.42 (no projection)
[ok] nairobi_query_2CNtCHy0TUbebdEFLYNrIQ direction seed=9012 gain=0.442 max|d|=7.07 (projection 16)
[ok] nairobi_query_2CNtCHy0TUbebdEFLYNrIQ direction_eot seed=9012 gain=0.353 max|d|=5.65 (projection 16)
[ok] nairobi_query_2CNtCHy0TUbebdEFLYNrIQ isotropic seed=9012 gain=2.316 max|d|=10.98 (no projection)
[ok] toronto_query_-Cdr8zjFdZw7nzz8_rwM4w direction seed=5678 gain=0.452 max|d|=7.23 (projection 16)
[ok] toronto_query_-Cdr8zjFdZw7nzz8_rwM4w direction_eot seed=5678 gain=0.371 max|d|=5.94 (projection 16)
[ok] toronto_query_-Cdr8zjFdZw7nzz8_rwM4w isotropic seed=5678 gain=2.233 max|d|=9.92 (no projection)
[ok] toronto_query_-Cdr8zjFdZw7nzz8_rwM4w direction seed=9012 gain=0.456 max|d|=7.29 (projection 16)
[ok] toronto_query_-Cdr8zjFdZw7nzz8_rwM4w direction_eot seed=9012 gain=0.369 max|d|=5.90 (projection 16)
[ok] toronto_query_-Cdr8zjFdZw7nzz8_rwM4w isotropic seed=9012 gain=2.239 max|d|=10.23 (no projection)
[ok] zurich_query_0247N-PdpG4_iueC_9_G4g direction seed=5678 gain=0.428 max|d|=6.85 (projection 16)
[ok] zurich_query_0247N-PdpG4_iueC_9_G4g direction_eot seed=5678 gain=0.348 max|d|=5.57 (projection 16)
[ok] zurich_query_0247N-PdpG4_iueC_9_G4g isotropic seed=5678 gain=2.202 max|d|=10.56 (no projection)
[ok] zurich_query_0247N-PdpG4_iueC_9_G4g direction seed=9012 gain=0.420 max|d|=6.73 (projection 16)
[ok] zurich_query_0247N-PdpG4_iueC_9_G4g direction_eot seed=9012 gain=0.343 max|d|=5.49 (projection 16)
[ok] zurich_query_0247N-PdpG4_iueC_9_G4g isotropic seed=9012 gain=2.281 max|d|=10.83 (no projection)
[ok] amman_query_1Nmy4JnYnb5zA_JmbkDWBQ direction seed=5678 gain=0.424 max|d|=6.79 (projection 16)
[ok] amman_query_1Nmy4JnYnb5zA_JmbkDWBQ direction_eot seed=5678 gain=0.332 max|d|=5.32 (projection 16)
[ok] amman_query_1Nmy4JnYnb5zA_JmbkDWBQ isotropic seed=5678 gain=2.236 max|d|=10.28 (no projection)
[ok] amman_query_1Nmy4JnYnb5zA_JmbkDWBQ direction seed=9012 gain=0.429 max|d|=6.87 (projection 16)
[ok] amman_query_1Nmy4JnYnb5zA_JmbkDWBQ direction_eot seed=9012 gain=0.331 max|d|=5.29 (projection 16)
[ok] amman_query_1Nmy4JnYnb5zA_JmbkDWBQ isotropic seed=9012 gain=2.232 max|d|=10.45 (no projection)
[ok] boston_query_-Lu6tv4tCQMDsXtxLtxMzQ direction seed=5678 gain=0.426 max|d|=6.82 (projection 16)
[ok] boston_query_-Lu6tv4tCQMDsXtxLtxMzQ direction_eot seed=5678 gain=0.339 max|d|=5.43 (projection 16)
[ok] boston_query_-Lu6tv4tCQMDsXtxLtxMzQ isotropic seed=5678 gain=2.257 max|d|=10.90 (no projection)
[ok] boston_query_-Lu6tv4tCQMDsXtxLtxMzQ direction seed=9012 gain=0.429 max|d|=6.86 (projection 16)
[ok] boston_query_-Lu6tv4tCQMDsXtxLtxMzQ direction_eot seed=9012 gain=0.339 max|d|=5.42 (projection 16)
[ok] boston_query_-Lu6tv4tCQMDsXtxLtxMzQ isotropic seed=9012 gain=2.245 max|d|=11.53 (no projection)
[ok] cph_query_-HqO0GfYTRx5TzfB_6mTqA direction seed=5678 gain=0.430 max|d|=6.88 (projection 16)
[ok] cph_query_-HqO0GfYTRx5TzfB_6mTqA direction_eot seed=5678 gain=0.340 max|d|=5.44 (projection 16)
[ok] cph_query_-HqO0GfYTRx5TzfB_6mTqA isotropic seed=5678 gain=2.240 max|d|=9.78 (no projection)
[ok] cph_query_-HqO0GfYTRx5TzfB_6mTqA direction seed=9012 gain=0.430 max|d|=6.88 (projection 16)
[ok] cph_query_-HqO0GfYTRx5TzfB_6mTqA direction_eot seed=9012 gain=0.346 max|d|=5.54 (projection 16)
[ok] cph_query_-HqO0GfYTRx5TzfB_6mTqA isotropic seed=9012 gain=2.237 max|d|=10.85 (no projection)
[ok] london_query_-izmF6OCR-aIZLVQbzDbLQ direction seed=5678 gain=0.429 max|d|=6.86 (projection 16)
[ok] london_query_-izmF6OCR-aIZLVQbzDbLQ direction_eot seed=5678 gain=0.348 max|d|=5.56 (projection 16)
[ok] london_query_-izmF6OCR-aIZLVQbzDbLQ isotropic seed=5678 gain=2.239 max|d|=11.25 (no projection)
[ok] london_query_-izmF6OCR-aIZLVQbzDbLQ direction seed=9012 gain=0.426 max|d|=6.81 (projection 16)
[ok] london_query_-izmF6OCR-aIZLVQbzDbLQ direction_eot seed=9012 gain=0.327 max|d|=5.23 (projection 16)
[ok] london_query_-izmF6OCR-aIZLVQbzDbLQ isotropic seed=9012 gain=2.239 max|d|=10.24 (no projection)
[ok] manila_query_-P2actpgy_mRkcbLVKBjkQ direction seed=5678 gain=0.444 max|d|=7.10 (projection 16)
[ok] manila_query_-P2actpgy_mRkcbLVKBjkQ direction_eot seed=5678 gain=0.357 max|d|=5.71 (projection 16)
[ok] manila_query_-P2actpgy_mRkcbLVKBjkQ isotropic seed=5678 gain=2.235 max|d|=10.52 (no projection)
[ok] manila_query_-P2actpgy_mRkcbLVKBjkQ direction seed=9012 gain=0.452 max|d|=7.23 (projection 16)
[ok] manila_query_-P2actpgy_mRkcbLVKBjkQ direction_eot seed=9012 gain=0.368 max|d|=5.89 (projection 16)
[ok] manila_query_-P2actpgy_mRkcbLVKBjkQ isotropic seed=9012 gain=2.240 max|d|=10.37 (no projection)
[ok] nairobi_query_2OfDNnR5st7y8-O2ibiklQ direction seed=5678 gain=0.476 max|d|=7.62 (projection 16)
[ok] nairobi_query_2OfDNnR5st7y8-O2ibiklQ direction_eot seed=5678 gain=0.393 max|d|=6.28 (projection 16)
[ok] nairobi_query_2OfDNnR5st7y8-O2ibiklQ isotropic seed=5678 gain=2.250 max|d|=11.51 (no projection)
[ok] nairobi_query_2OfDNnR5st7y8-O2ibiklQ direction seed=9012 gain=0.473 max|d|=7.57 (projection 16)
[ok] nairobi_query_2OfDNnR5st7y8-O2ibiklQ direction_eot seed=9012 gain=0.386 max|d|=6.17 (projection 16)
[ok] nairobi_query_2OfDNnR5st7y8-O2ibiklQ isotropic seed=9012 gain=2.253 max|d|=10.77 (no projection)
[ok] toronto_query_-DB8UBv2Rg4kTi6HTqrhOw direction seed=5678 gain=0.437 max|d|=6.99 (projection 16)
[ok] toronto_query_-DB8UBv2Rg4kTi6HTqrhOw direction_eot seed=5678 gain=0.359 max|d|=5.74 (projection 16)
[ok] toronto_query_-DB8UBv2Rg4kTi6HTqrhOw isotropic seed=5678 gain=2.244 max|d|=9.88 (no projection)
[ok] toronto_query_-DB8UBv2Rg4kTi6HTqrhOw direction seed=9012 gain=0.434 max|d|=6.95 (projection 16)
[ok] toronto_query_-DB8UBv2Rg4kTi6HTqrhOw direction_eot seed=9012 gain=0.355 max|d|=5.68 (projection 16)
[ok] toronto_query_-DB8UBv2Rg4kTi6HTqrhOw isotropic seed=9012 gain=2.255 max|d|=10.14 (no projection)
[ok] zurich_query_046U_rtFmS-pAuZF-Zba0Q direction seed=5678 gain=0.462 max|d|=7.39 (projection 16)
[ok] zurich_query_046U_rtFmS-pAuZF-Zba0Q direction_eot seed=5678 gain=0.381 max|d|=6.10 (projection 16)
[ok] zurich_query_046U_rtFmS-pAuZF-Zba0Q isotropic seed=5678 gain=2.301 max|d|=10.66 (no projection)
[ok] zurich_query_046U_rtFmS-pAuZF-Zba0Q direction seed=9012 gain=0.461 max|d|=7.38 (projection 16)
[ok] zurich_query_046U_rtFmS-pAuZF-Zba0Q direction_eot seed=9012 gain=0.371 max|d|=5.93 (projection 16)
[ok] zurich_query_046U_rtFmS-pAuZF-Zba0Q isotropic seed=9012 gain=2.294 max|d|=10.50 (no projection)
[ok] amman_query_1Tf2dWuS4el8fREHH1_k0w direction seed=5678 gain=0.474 max|d|=7.59 (projection 16)
[ok] amman_query_1Tf2dWuS4el8fREHH1_k0w direction_eot seed=5678 gain=0.395 max|d|=6.32 (projection 16)
[ok] amman_query_1Tf2dWuS4el8fREHH1_k0w isotropic seed=5678 gain=2.236 max|d|=10.99 (no projection)
[ok] amman_query_1Tf2dWuS4el8fREHH1_k0w direction seed=9012 gain=0.476 max|d|=7.62 (projection 16)
[ok] amman_query_1Tf2dWuS4el8fREHH1_k0w direction_eot seed=9012 gain=0.388 max|d|=6.21 (projection 16)
[ok] amman_query_1Tf2dWuS4el8fREHH1_k0w isotropic seed=9012 gain=2.237 max|d|=10.16 (no projection)
[ok] boston_query_-N2T2kBE4uG56LTsyCQPJg direction seed=5678 gain=0.426 max|d|=6.82 (projection 16)
[ok] boston_query_-N2T2kBE4uG56LTsyCQPJg direction_eot seed=5678 gain=0.352 max|d|=5.63 (projection 16)
[ok] boston_query_-N2T2kBE4uG56LTsyCQPJg isotropic seed=5678 gain=2.250 max|d|=10.27 (no projection)
[ok] boston_query_-N2T2kBE4uG56LTsyCQPJg direction seed=9012 gain=0.427 max|d|=6.83 (projection 16)
[ok] boston_query_-N2T2kBE4uG56LTsyCQPJg direction_eot seed=9012 gain=0.357 max|d|=5.71 (projection 16)
[ok] boston_query_-N2T2kBE4uG56LTsyCQPJg isotropic seed=9012 gain=2.258 max|d|=9.93 (no projection)
[ok] cph_query_-I7HyKa_KIzMp2uMsvqUAg direction seed=5678 gain=0.424 max|d|=6.79 (projection 16)
[ok] cph_query_-I7HyKa_KIzMp2uMsvqUAg direction_eot seed=5678 gain=0.346 max|d|=5.54 (projection 16)
[ok] cph_query_-I7HyKa_KIzMp2uMsvqUAg isotropic seed=5678 gain=2.234 max|d|=10.50 (no projection)
[ok] cph_query_-I7HyKa_KIzMp2uMsvqUAg direction seed=9012 gain=0.424 max|d|=6.79 (projection 16)
[ok] cph_query_-I7HyKa_KIzMp2uMsvqUAg direction_eot seed=9012 gain=0.343 max|d|=5.49 (projection 16)
[ok] cph_query_-I7HyKa_KIzMp2uMsvqUAg isotropic seed=9012 gain=2.235 max|d|=10.22 (no projection)
[ok] london_query_-kd8SHN5N5wLOpzEu10rfQ direction seed=5678 gain=0.410 max|d|=6.57 (projection 16)
[ok] london_query_-kd8SHN5N5wLOpzEu10rfQ direction_eot seed=5678 gain=0.324 max|d|=5.19 (projection 16)
[ok] london_query_-kd8SHN5N5wLOpzEu10rfQ isotropic seed=5678 gain=2.238 max|d|=9.84 (no projection)
[ok] london_query_-kd8SHN5N5wLOpzEu10rfQ direction seed=9012 gain=0.414 max|d|=6.62 (projection 16)
[ok] london_query_-kd8SHN5N5wLOpzEu10rfQ direction_eot seed=9012 gain=0.333 max|d|=5.32 (projection 16)
[ok] london_query_-kd8SHN5N5wLOpzEu10rfQ isotropic seed=9012 gain=2.235 max|d|=10.24 (no projection)
[ok] manila_query_-PR9Q6-AlT31oRE_Ep_fnQ direction seed=5678 gain=0.465 max|d|=7.43 (projection 16)
[ok] manila_query_-PR9Q6-AlT31oRE_Ep_fnQ direction_eot seed=5678 gain=0.364 max|d|=5.83 (projection 16)
[ok] manila_query_-PR9Q6-AlT31oRE_Ep_fnQ isotropic seed=5678 gain=2.245 max|d|=9.91 (no projection)
[ok] manila_query_-PR9Q6-AlT31oRE_Ep_fnQ direction seed=9012 gain=0.471 max|d|=7.54 (projection 16)
[ok] manila_query_-PR9Q6-AlT31oRE_Ep_fnQ direction_eot seed=9012 gain=0.371 max|d|=5.93 (projection 16)
[ok] manila_query_-PR9Q6-AlT31oRE_Ep_fnQ isotropic seed=9012 gain=2.238 max|d|=10.17 (no projection)
[ok] nairobi_query_2QtumRO8ayl5p_Jb-rhTZQ direction seed=5678 gain=0.460 max|d|=7.36 (projection 16)
[ok] nairobi_query_2QtumRO8ayl5p_Jb-rhTZQ direction_eot seed=5678 gain=0.348 max|d|=5.57 (projection 16)
[ok] nairobi_query_2QtumRO8ayl5p_Jb-rhTZQ isotropic seed=5678 gain=2.240 max|d|=10.96 (no projection)
[ok] nairobi_query_2QtumRO8ayl5p_Jb-rhTZQ direction seed=9012 gain=0.458 max|d|=7.32 (projection 16)
[ok] nairobi_query_2QtumRO8ayl5p_Jb-rhTZQ direction_eot seed=9012 gain=0.345 max|d|=5.53 (projection 16)
[ok] nairobi_query_2QtumRO8ayl5p_Jb-rhTZQ isotropic seed=9012 gain=2.238 max|d|=10.20 (no projection)
[ok] toronto_query_-Dr7KE__egl6kS-yslctCg direction seed=5678 gain=0.410 max|d|=6.56 (projection 16)
[ok] toronto_query_-Dr7KE__egl6kS-yslctCg direction_eot seed=5678 gain=0.329 max|d|=5.26 (projection 16)
[ok] toronto_query_-Dr7KE__egl6kS-yslctCg isotropic seed=5678 gain=2.241 max|d|=10.66 (no projection)
[ok] toronto_query_-Dr7KE__egl6kS-yslctCg direction seed=9012 gain=0.412 max|d|=6.59 (projection 16)
[ok] toronto_query_-Dr7KE__egl6kS-yslctCg direction_eot seed=9012 gain=0.336 max|d|=5.38 (projection 16)
[ok] toronto_query_-Dr7KE__egl6kS-yslctCg isotropic seed=9012 gain=2.234 max|d|=10.93 (no projection)
[ok] zurich_query_08U3p7js9TCivpCfLs0ZIw direction seed=5678 gain=0.411 max|d|=6.58 (projection 16)
[ok] zurich_query_08U3p7js9TCivpCfLs0ZIw direction_eot seed=5678 gain=0.333 max|d|=5.33 (projection 16)
[ok] zurich_query_08U3p7js9TCivpCfLs0ZIw isotropic seed=5678 gain=2.352 max|d|=11.06 (no projection)
[ok] zurich_query_08U3p7js9TCivpCfLs0ZIw direction seed=9012 gain=0.422 max|d|=6.75 (projection 16)
[ok] zurich_query_08U3p7js9TCivpCfLs0ZIw direction_eot seed=9012 gain=0.332 max|d|=5.31 (projection 16)
[ok] zurich_query_08U3p7js9TCivpCfLs0ZIw isotropic seed=9012 gain=1.910 max|d|=10.92 (no projection)
[ok] amman_query_1TysYQA0N2AnJ5lzQWP07w direction seed=5678 gain=0.463 max|d|=7.41 (projection 16)
[ok] amman_query_1TysYQA0N2AnJ5lzQWP07w direction_eot seed=5678 gain=0.362 max|d|=5.79 (projection 16)
[ok] amman_query_1TysYQA0N2AnJ5lzQWP07w isotropic seed=5678 gain=2.235 max|d|=11.55 (no projection)
[ok] amman_query_1TysYQA0N2AnJ5lzQWP07w direction seed=9012 gain=0.463 max|d|=7.41 (projection 16)
[ok] amman_query_1TysYQA0N2AnJ5lzQWP07w direction_eot seed=9012 gain=0.374 max|d|=5.98 (projection 16)
[ok] amman_query_1TysYQA0N2AnJ5lzQWP07w isotropic seed=9012 gain=2.235 max|d|=9.71 (no projection)
[ok] boston_query_-NRCmKPnLW6ukq5fovMufw direction seed=5678 gain=0.407 max|d|=6.51 (projection 16)
[ok] boston_query_-NRCmKPnLW6ukq5fovMufw direction_eot seed=5678 gain=0.338 max|d|=5.41 (projection 16)
[ok] boston_query_-NRCmKPnLW6ukq5fovMufw isotropic seed=5678 gain=2.255 max|d|=10.28 (no projection)
[ok] boston_query_-NRCmKPnLW6ukq5fovMufw direction seed=9012 gain=0.403 max|d|=6.44 (projection 16)
[ok] boston_query_-NRCmKPnLW6ukq5fovMufw direction_eot seed=9012 gain=0.330 max|d|=5.28 (projection 16)
[ok] boston_query_-NRCmKPnLW6ukq5fovMufw isotropic seed=9012 gain=2.248 max|d|=9.93 (no projection)
[ok] cph_query_-I8EyCiw4PS74_uGuMqUYQ direction seed=5678 gain=0.458 max|d|=7.32 (projection 16)
[ok] cph_query_-I8EyCiw4PS74_uGuMqUYQ direction_eot seed=5678 gain=0.378 max|d|=6.04 (projection 16)
[ok] cph_query_-I8EyCiw4PS74_uGuMqUYQ isotropic seed=5678 gain=2.240 max|d|=10.23 (no projection)
[ok] cph_query_-I8EyCiw4PS74_uGuMqUYQ direction seed=9012 gain=0.459 max|d|=7.35 (projection 16)
[ok] cph_query_-I8EyCiw4PS74_uGuMqUYQ direction_eot seed=9012 gain=0.382 max|d|=6.11 (projection 16)
[ok] cph_query_-I8EyCiw4PS74_uGuMqUYQ isotropic seed=9012 gain=2.241 max|d|=10.29 (no projection)
[ok] london_query_-qvarKx0xtSTs0tnxDE0oQ direction seed=5678 gain=0.399 max|d|=6.39 (projection 16)
[ok] london_query_-qvarKx0xtSTs0tnxDE0oQ direction_eot seed=5678 gain=0.322 max|d|=5.14 (projection 16)
[ok] london_query_-qvarKx0xtSTs0tnxDE0oQ isotropic seed=5678 gain=2.232 max|d|=10.21 (no projection)
[ok] london_query_-qvarKx0xtSTs0tnxDE0oQ direction seed=9012 gain=0.419 max|d|=6.71 (projection 16)
[ok] london_query_-qvarKx0xtSTs0tnxDE0oQ direction_eot seed=9012 gain=0.328 max|d|=5.25 (projection 16)
[ok] london_query_-qvarKx0xtSTs0tnxDE0oQ isotropic seed=9012 gain=2.235 max|d|=10.42 (no projection)
[ok] manila_query_-Qc1bZWefrpkNPZ60zZS5Q direction seed=5678 gain=0.405 max|d|=6.48 (projection 16)
[ok] manila_query_-Qc1bZWefrpkNPZ60zZS5Q direction_eot seed=5678 gain=0.336 max|d|=5.37 (projection 16)
[ok] manila_query_-Qc1bZWefrpkNPZ60zZS5Q isotropic seed=5678 gain=2.260 max|d|=10.16 (no projection)
[ok] manila_query_-Qc1bZWefrpkNPZ60zZS5Q direction seed=9012 gain=0.408 max|d|=6.52 (projection 16)
[ok] manila_query_-Qc1bZWefrpkNPZ60zZS5Q direction_eot seed=9012 gain=0.329 max|d|=5.27 (projection 16)
[ok] manila_query_-Qc1bZWefrpkNPZ60zZS5Q isotropic seed=9012 gain=2.252 max|d|=10.61 (no projection)
[ok] nairobi_query_2RQpcoZ0MfOmswdfhpjw4g direction seed=5678 gain=0.474 max|d|=7.58 (projection 16)
[ok] nairobi_query_2RQpcoZ0MfOmswdfhpjw4g direction_eot seed=5678 gain=0.369 max|d|=5.91 (projection 16)
[ok] nairobi_query_2RQpcoZ0MfOmswdfhpjw4g isotropic seed=5678 gain=2.284 max|d|=10.14 (no projection)
[ok] nairobi_query_2RQpcoZ0MfOmswdfhpjw4g direction seed=9012 gain=0.478 max|d|=7.64 (projection 16)
[ok] nairobi_query_2RQpcoZ0MfOmswdfhpjw4g direction_eot seed=9012 gain=0.375 max|d|=6.00 (projection 16)
[ok] nairobi_query_2RQpcoZ0MfOmswdfhpjw4g isotropic seed=9012 gain=2.170 max|d|=9.54 (no projection)
[ok] toronto_query_-EilBTWhr8vjdDW-B7MU8A direction seed=5678 gain=0.406 max|d|=6.50 (projection 16)
[ok] toronto_query_-EilBTWhr8vjdDW-B7MU8A direction_eot seed=5678 gain=0.341 max|d|=5.45 (projection 16)
[ok] toronto_query_-EilBTWhr8vjdDW-B7MU8A isotropic seed=5678 gain=2.343 max|d|=10.88 (no projection)
[ok] toronto_query_-EilBTWhr8vjdDW-B7MU8A direction seed=9012 gain=0.411 max|d|=6.57 (projection 16)
[ok] toronto_query_-EilBTWhr8vjdDW-B7MU8A direction_eot seed=9012 gain=0.344 max|d|=5.51 (projection 16)
[ok] toronto_query_-EilBTWhr8vjdDW-B7MU8A isotropic seed=9012 gain=2.357 max|d|=12.10 (no projection)
[ok] zurich_query_0AlvsX9XlPHoz4joTTL7hQ direction seed=5678 gain=0.458 max|d|=7.34 (projection 16)
[ok] zurich_query_0AlvsX9XlPHoz4joTTL7hQ direction_eot seed=5678 gain=0.379 max|d|=6.07 (projection 16)
[ok] zurich_query_0AlvsX9XlPHoz4joTTL7hQ isotropic seed=5678 gain=2.242 max|d|=11.03 (no projection)
[ok] zurich_query_0AlvsX9XlPHoz4joTTL7hQ direction seed=9012 gain=0.457 max|d|=7.31 (projection 16)
[ok] zurich_query_0AlvsX9XlPHoz4joTTL7hQ direction_eot seed=9012 gain=0.378 max|d|=6.06 (projection 16)
[ok] zurich_query_0AlvsX9XlPHoz4joTTL7hQ isotropic seed=9012 gain=2.235 max|d|=11.28 (no projection)
[ok] amman_query_1VTBGOTuAwvnyE1o4Pbm0Q direction seed=5678 gain=0.450 max|d|=7.19 (projection 16)
[ok] amman_query_1VTBGOTuAwvnyE1o4Pbm0Q direction_eot seed=5678 gain=0.369 max|d|=5.90 (projection 16)
[ok] amman_query_1VTBGOTuAwvnyE1o4Pbm0Q isotropic seed=5678 gain=2.237 max|d|=10.49 (no projection)
[ok] amman_query_1VTBGOTuAwvnyE1o4Pbm0Q direction seed=9012 gain=0.456 max|d|=7.30 (projection 16)
[ok] amman_query_1VTBGOTuAwvnyE1o4Pbm0Q direction_eot seed=9012 gain=0.375 max|d|=6.00 (projection 16)
[ok] amman_query_1VTBGOTuAwvnyE1o4Pbm0Q isotropic seed=9012 gain=2.238 max|d|=10.67 (no projection)
[ok] boston_query_-NSEL0mtEJlIM-oR5yFnFg direction seed=5678 gain=0.474 max|d|=7.58 (projection 16)
[ok] boston_query_-NSEL0mtEJlIM-oR5yFnFg direction_eot seed=5678 gain=0.374 max|d|=5.99 (projection 16)
[ok] boston_query_-NSEL0mtEJlIM-oR5yFnFg isotropic seed=5678 gain=2.236 max|d|=9.65 (no projection)
[ok] boston_query_-NSEL0mtEJlIM-oR5yFnFg direction seed=9012 gain=0.474 max|d|=7.58 (projection 16)
[ok] boston_query_-NSEL0mtEJlIM-oR5yFnFg direction_eot seed=9012 gain=0.385 max|d|=6.15 (projection 16)
[ok] boston_query_-NSEL0mtEJlIM-oR5yFnFg isotropic seed=9012 gain=2.237 max|d|=10.22 (no projection)
[ok] cph_query_-IKk5Ns9ayTUN3tqBrl3Ow direction seed=5678 gain=0.446 max|d|=7.13 (projection 16)
[ok] cph_query_-IKk5Ns9ayTUN3tqBrl3Ow direction_eot seed=5678 gain=0.353 max|d|=5.65 (projection 16)
[ok] cph_query_-IKk5Ns9ayTUN3tqBrl3Ow isotropic seed=5678 gain=2.239 max|d|=10.18 (no projection)
[ok] cph_query_-IKk5Ns9ayTUN3tqBrl3Ow direction seed=9012 gain=0.441 max|d|=7.06 (projection 16)
[ok] cph_query_-IKk5Ns9ayTUN3tqBrl3Ow direction_eot seed=9012 gain=0.360 max|d|=5.76 (projection 16)
[ok] cph_query_-IKk5Ns9ayTUN3tqBrl3Ow isotropic seed=9012 gain=2.307 max|d|=10.18 (no projection)
[ok] london_query_-rtMM_qyd5EBLnADEBIUTA direction seed=5678 gain=0.401 max|d|=6.41 (projection 16)
[ok] london_query_-rtMM_qyd5EBLnADEBIUTA direction_eot seed=5678 gain=0.318 max|d|=5.09 (projection 16)
[ok] london_query_-rtMM_qyd5EBLnADEBIUTA isotropic seed=5678 gain=2.245 max|d|=9.70 (no projection)
[ok] london_query_-rtMM_qyd5EBLnADEBIUTA direction seed=9012 gain=0.404 max|d|=6.47 (projection 16)
[ok] london_query_-rtMM_qyd5EBLnADEBIUTA direction_eot seed=9012 gain=0.317 max|d|=5.08 (projection 16)
[ok] london_query_-rtMM_qyd5EBLnADEBIUTA isotropic seed=9012 gain=2.237 max|d|=9.73 (no projection)
[ok] manila_query_-QdSFqylfs0aHx31jOvTVg direction seed=5678 gain=0.442 max|d|=7.07 (projection 16)
[ok] manila_query_-QdSFqylfs0aHx31jOvTVg direction_eot seed=5678 gain=0.344 max|d|=5.50 (projection 16)
[ok] manila_query_-QdSFqylfs0aHx31jOvTVg isotropic seed=5678 gain=2.238 max|d|=10.55 (no projection)
[ok] manila_query_-QdSFqylfs0aHx31jOvTVg direction seed=9012 gain=0.438 max|d|=7.01 (projection 16)
[ok] manila_query_-QdSFqylfs0aHx31jOvTVg direction_eot seed=9012 gain=0.350 max|d|=5.60 (projection 16)
[ok] manila_query_-QdSFqylfs0aHx31jOvTVg isotropic seed=9012 gain=2.233 max|d|=12.14 (no projection)
[ok] nairobi_query_2Xgp5FmRFbMXgBspWoEFNg direction seed=5678 gain=0.475 max|d|=7.60 (projection 16)
[ok] nairobi_query_2Xgp5FmRFbMXgBspWoEFNg direction_eot seed=5678 gain=0.370 max|d|=5.93 (projection 16)
[ok] nairobi_query_2Xgp5FmRFbMXgBspWoEFNg isotropic seed=5678 gain=2.261 max|d|=10.05 (no projection)
[ok] nairobi_query_2Xgp5FmRFbMXgBspWoEFNg direction seed=9012 gain=0.476 max|d|=7.62 (projection 16)
[ok] nairobi_query_2Xgp5FmRFbMXgBspWoEFNg direction_eot seed=9012 gain=0.374 max|d|=5.98 (projection 16)
[ok] nairobi_query_2Xgp5FmRFbMXgBspWoEFNg isotropic seed=9012 gain=2.251 max|d|=10.38 (no projection)
[ok] toronto_query_-FOgEN8RNyKr0s933N-a0w direction seed=5678 gain=0.440 max|d|=7.04 (projection 16)
[ok] toronto_query_-FOgEN8RNyKr0s933N-a0w direction_eot seed=5678 gain=0.351 max|d|=5.61 (projection 16)
[ok] toronto_query_-FOgEN8RNyKr0s933N-a0w isotropic seed=5678 gain=2.234 max|d|=10.81 (no projection)
[ok] toronto_query_-FOgEN8RNyKr0s933N-a0w direction seed=9012 gain=0.443 max|d|=7.08 (projection 16)
[ok] toronto_query_-FOgEN8RNyKr0s933N-a0w direction_eot seed=9012 gain=0.353 max|d|=5.64 (projection 16)
[ok] toronto_query_-FOgEN8RNyKr0s933N-a0w isotropic seed=9012 gain=2.246 max|d|=10.58 (no projection)
[ok] zurich_query_0F0ESDULqwk5km1KbyUEZw direction seed=5678 gain=0.448 max|d|=7.17 (projection 16)
[ok] zurich_query_0F0ESDULqwk5km1KbyUEZw direction_eot seed=5678 gain=0.364 max|d|=5.83 (projection 16)
[ok] zurich_query_0F0ESDULqwk5km1KbyUEZw isotropic seed=5678 gain=2.273 max|d|=9.63 (no projection)
[ok] zurich_query_0F0ESDULqwk5km1KbyUEZw direction seed=9012 gain=0.444 max|d|=7.10 (projection 16)
[ok] zurich_query_0F0ESDULqwk5km1KbyUEZw direction_eot seed=9012 gain=0.370 max|d|=5.92 (projection 16)
[ok] zurich_query_0F0ESDULqwk5km1KbyUEZw isotropic seed=9012 gain=2.058 max|d|=9.79 (no projection)
[ok] amman_query_1_jzc52w72UKyKztvVoygQ direction seed=5678 gain=0.460 max|d|=7.36 (projection 16)
[ok] amman_query_1_jzc52w72UKyKztvVoygQ direction_eot seed=5678 gain=0.383 max|d|=6.12 (projection 16)
[ok] amman_query_1_jzc52w72UKyKztvVoygQ isotropic seed=5678 gain=2.241 max|d|=9.78 (no projection)
[ok] amman_query_1_jzc52w72UKyKztvVoygQ direction seed=9012 gain=0.461 max|d|=7.38 (projection 16)
[ok] amman_query_1_jzc52w72UKyKztvVoygQ direction_eot seed=9012 gain=0.371 max|d|=5.93 (projection 16)
[ok] amman_query_1_jzc52w72UKyKztvVoygQ isotropic seed=9012 gain=2.237 max|d|=9.98 (no projection)
[ok] boston_query_-NUm2lI2JYWeHZ6lrL2eZA direction seed=5678 gain=0.423 max|d|=6.77 (projection 16)
[ok] boston_query_-NUm2lI2JYWeHZ6lrL2eZA direction_eot seed=5678 gain=0.330 max|d|=5.28 (projection 16)
[ok] boston_query_-NUm2lI2JYWeHZ6lrL2eZA isotropic seed=5678 gain=2.241 max|d|=10.74 (no projection)
[ok] boston_query_-NUm2lI2JYWeHZ6lrL2eZA direction seed=9012 gain=0.426 max|d|=6.81 (projection 16)
[ok] boston_query_-NUm2lI2JYWeHZ6lrL2eZA direction_eot seed=9012 gain=0.330 max|d|=5.28 (projection 16)
[ok] boston_query_-NUm2lI2JYWeHZ6lrL2eZA isotropic seed=9012 gain=2.255 max|d|=9.96 (no projection)
[ok] cph_query_-JMzfm4NuuBt61JuZ2sggw direction seed=5678 gain=0.459 max|d|=7.34 (projection 16)
[ok] cph_query_-JMzfm4NuuBt61JuZ2sggw direction_eot seed=5678 gain=0.358 max|d|=5.72 (projection 16)
[ok] cph_query_-JMzfm4NuuBt61JuZ2sggw isotropic seed=5678 gain=2.372 max|d|=11.51 (no projection)
[ok] cph_query_-JMzfm4NuuBt61JuZ2sggw direction seed=9012 gain=0.458 max|d|=7.33 (projection 16)
[ok] cph_query_-JMzfm4NuuBt61JuZ2sggw direction_eot seed=9012 gain=0.355 max|d|=5.68 (projection 16)
[ok] cph_query_-JMzfm4NuuBt61JuZ2sggw isotropic seed=9012 gain=2.363 max|d|=11.85 (no projection)
[ok] london_query_-u8BrzndSdD1lHKeeOwN1A direction seed=5678 gain=0.412 max|d|=6.59 (projection 16)
[ok] london_query_-u8BrzndSdD1lHKeeOwN1A direction_eot seed=5678 gain=0.332 max|d|=5.31 (projection 16)
[ok] london_query_-u8BrzndSdD1lHKeeOwN1A isotropic seed=5678 gain=2.233 max|d|=10.21 (no projection)
[ok] london_query_-u8BrzndSdD1lHKeeOwN1A direction seed=9012 gain=0.416 max|d|=6.66 (projection 16)
[ok] london_query_-u8BrzndSdD1lHKeeOwN1A direction_eot seed=9012 gain=0.337 max|d|=5.39 (projection 16)
[ok] london_query_-u8BrzndSdD1lHKeeOwN1A isotropic seed=9012 gain=2.242 max|d|=10.25 (no projection)
[ok] manila_query_-QvNwUfMuYwx4zaJzG9hHA direction seed=5678 gain=0.408 max|d|=6.53 (projection 16)
[ok] manila_query_-QvNwUfMuYwx4zaJzG9hHA direction_eot seed=5678 gain=0.330 max|d|=5.29 (projection 16)
[ok] manila_query_-QvNwUfMuYwx4zaJzG9hHA isotropic seed=5678 gain=2.248 max|d|=10.12 (no projection)
[ok] manila_query_-QvNwUfMuYwx4zaJzG9hHA direction seed=9012 gain=0.404 max|d|=6.46 (projection 16)
[ok] manila_query_-QvNwUfMuYwx4zaJzG9hHA direction_eot seed=9012 gain=0.328 max|d|=5.25 (projection 16)
[ok] manila_query_-QvNwUfMuYwx4zaJzG9hHA isotropic seed=9012 gain=2.251 max|d|=11.12 (no projection)
[ok] nairobi_query_2hMXkBjbWEdGXSh4zxGVeg direction seed=5678 gain=0.470 max|d|=7.52 (projection 16)
[ok] nairobi_query_2hMXkBjbWEdGXSh4zxGVeg direction_eot seed=5678 gain=0.364 max|d|=5.82 (projection 16)
[ok] nairobi_query_2hMXkBjbWEdGXSh4zxGVeg isotropic seed=5678 gain=2.241 max|d|=10.83 (no projection)
[ok] nairobi_query_2hMXkBjbWEdGXSh4zxGVeg direction seed=9012 gain=0.468 max|d|=7.49 (projection 16)
[ok] nairobi_query_2hMXkBjbWEdGXSh4zxGVeg direction_eot seed=9012 gain=0.356 max|d|=5.69 (projection 16)
[ok] nairobi_query_2hMXkBjbWEdGXSh4zxGVeg isotropic seed=9012 gain=2.242 max|d|=10.20 (no projection)
[ok] toronto_query_-FRsj6TVpdbM-sdJNwZZbw direction seed=5678 gain=0.439 max|d|=7.02 (projection 16)
[ok] toronto_query_-FRsj6TVpdbM-sdJNwZZbw direction_eot seed=5678 gain=0.366 max|d|=5.85 (projection 16)
[ok] toronto_query_-FRsj6TVpdbM-sdJNwZZbw isotropic seed=5678 gain=2.294 max|d|=10.51 (no projection)
[ok] toronto_query_-FRsj6TVpdbM-sdJNwZZbw direction seed=9012 gain=0.437 max|d|=7.00 (projection 16)
[ok] toronto_query_-FRsj6TVpdbM-sdJNwZZbw direction_eot seed=9012 gain=0.357 max|d|=5.72 (projection 16)
[ok] toronto_query_-FRsj6TVpdbM-sdJNwZZbw isotropic seed=9012 gain=2.298 max|d|=11.56 (no projection)
[ok] zurich_query_0FEApLaNMLno1PTABlbYyQ direction seed=5678 gain=0.423 max|d|=6.77 (projection 16)
[ok] zurich_query_0FEApLaNMLno1PTABlbYyQ direction_eot seed=5678 gain=0.335 max|d|=5.36 (projection 16)
[ok] zurich_query_0FEApLaNMLno1PTABlbYyQ isotropic seed=5678 gain=2.249 max|d|=9.79 (no projection)
[ok] zurich_query_0FEApLaNMLno1PTABlbYyQ direction seed=9012 gain=0.420 max|d|=6.72 (projection 16)
[ok] zurich_query_0FEApLaNMLno1PTABlbYyQ direction_eot seed=9012 gain=0.342 max|d|=5.47 (projection 16)
[ok] zurich_query_0FEApLaNMLno1PTABlbYyQ isotropic seed=9012 gain=2.248 max|d|=10.16 (no projection)
[ok] amman_query_1jA0_v7p_4KHVbia4DG7Bw direction seed=5678 gain=0.413 max|d|=6.61 (projection 16)
[ok] amman_query_1jA0_v7p_4KHVbia4DG7Bw direction_eot seed=5678 gain=0.333 max|d|=5.32 (projection 16)
[ok] amman_query_1jA0_v7p_4KHVbia4DG7Bw isotropic seed=5678 gain=2.238 max|d|=10.30 (no projection)
[ok] amman_query_1jA0_v7p_4KHVbia4DG7Bw direction seed=9012 gain=0.410 max|d|=6.57 (projection 16)
[ok] amman_query_1jA0_v7p_4KHVbia4DG7Bw direction_eot seed=9012 gain=0.330 max|d|=5.28 (projection 16)
[ok] amman_query_1jA0_v7p_4KHVbia4DG7Bw isotropic seed=9012 gain=2.240 max|d|=10.20 (no projection)
[ok] boston_query_-O6nZhSO0Cgq4iaZ522K2g direction seed=5678 gain=0.432 max|d|=6.92 (projection 16)
[ok] boston_query_-O6nZhSO0Cgq4iaZ522K2g direction_eot seed=5678 gain=0.335 max|d|=5.35 (projection 16)
[ok] boston_query_-O6nZhSO0Cgq4iaZ522K2g isotropic seed=5678 gain=2.237 max|d|=10.77 (no projection)
[ok] boston_query_-O6nZhSO0Cgq4iaZ522K2g direction seed=9012 gain=0.439 max|d|=7.03 (projection 16)
[ok] boston_query_-O6nZhSO0Cgq4iaZ522K2g direction_eot seed=9012 gain=0.346 max|d|=5.53 (projection 16)
[ok] boston_query_-O6nZhSO0Cgq4iaZ522K2g isotropic seed=9012 gain=2.237 max|d|=10.88 (no projection)
[ok] cph_query_-MUw194v9r5C1394mci6-A direction seed=5678 gain=0.405 max|d|=6.48 (projection 16)
[ok] cph_query_-MUw194v9r5C1394mci6-A direction_eot seed=5678 gain=0.333 max|d|=5.34 (projection 16)
[ok] cph_query_-MUw194v9r5C1394mci6-A isotropic seed=5678 gain=2.268 max|d|=10.21 (no projection)
[ok] cph_query_-MUw194v9r5C1394mci6-A direction seed=9012 gain=0.405 max|d|=6.48 (projection 16)
[ok] cph_query_-MUw194v9r5C1394mci6-A direction_eot seed=9012 gain=0.334 max|d|=5.35 (projection 16)
[ok] cph_query_-MUw194v9r5C1394mci6-A isotropic seed=9012 gain=2.260 max|d|=10.25 (no projection)
[ok] london_query_-vkja3p0MzaoZlQOooT-YQ direction seed=5678 gain=0.423 max|d|=6.77 (projection 16)
[ok] london_query_-vkja3p0MzaoZlQOooT-YQ direction_eot seed=5678 gain=0.336 max|d|=5.37 (projection 16)
[ok] london_query_-vkja3p0MzaoZlQOooT-YQ isotropic seed=5678 gain=2.242 max|d|=10.21 (no projection)
[ok] london_query_-vkja3p0MzaoZlQOooT-YQ direction seed=9012 gain=0.415 max|d|=6.64 (projection 16)
[ok] london_query_-vkja3p0MzaoZlQOooT-YQ direction_eot seed=9012 gain=0.342 max|d|=5.48 (projection 16)
[ok] london_query_-vkja3p0MzaoZlQOooT-YQ isotropic seed=9012 gain=2.237 max|d|=10.77 (no projection)
[ok] manila_query_-RZzhLSoiUGq-PShtIhzxw direction seed=5678 gain=0.440 max|d|=7.03 (projection 16)
[ok] manila_query_-RZzhLSoiUGq-PShtIhzxw direction_eot seed=5678 gain=0.349 max|d|=5.59 (projection 16)
[ok] manila_query_-RZzhLSoiUGq-PShtIhzxw isotropic seed=5678 gain=2.206 max|d|=10.12 (no projection)
[ok] manila_query_-RZzhLSoiUGq-PShtIhzxw direction seed=9012 gain=0.436 max|d|=6.98 (projection 16)
[ok] manila_query_-RZzhLSoiUGq-PShtIhzxw direction_eot seed=9012 gain=0.358 max|d|=5.73 (projection 16)
[ok] manila_query_-RZzhLSoiUGq-PShtIhzxw isotropic seed=9012 gain=2.237 max|d|=11.38 (no projection)
[ok] nairobi_query_2wqDKqSdeRPYg6X996gZ0w direction seed=5678 gain=0.457 max|d|=7.31 (projection 16)
[ok] nairobi_query_2wqDKqSdeRPYg6X996gZ0w direction_eot seed=5678 gain=0.365 max|d|=5.84 (projection 16)
[ok] nairobi_query_2wqDKqSdeRPYg6X996gZ0w isotropic seed=5678 gain=2.240 max|d|=10.45 (no projection)
[ok] nairobi_query_2wqDKqSdeRPYg6X996gZ0w direction seed=9012 gain=0.458 max|d|=7.32 (projection 16)
[ok] nairobi_query_2wqDKqSdeRPYg6X996gZ0w direction_eot seed=9012 gain=0.350 max|d|=5.59 (projection 16)
[ok] nairobi_query_2wqDKqSdeRPYg6X996gZ0w isotropic seed=9012 gain=2.236 max|d|=9.75 (no projection)
[ok] toronto_query_-FohtR51AFcyGSLgiTdXzw direction seed=5678 gain=0.439 max|d|=7.03 (projection 16)
[ok] toronto_query_-FohtR51AFcyGSLgiTdXzw direction_eot seed=5678 gain=0.358 max|d|=5.73 (projection 16)
[ok] toronto_query_-FohtR51AFcyGSLgiTdXzw isotropic seed=5678 gain=1.945 max|d|=10.34 (no projection)
[ok] toronto_query_-FohtR51AFcyGSLgiTdXzw direction seed=9012 gain=0.438 max|d|=7.01 (projection 16)
[ok] toronto_query_-FohtR51AFcyGSLgiTdXzw direction_eot seed=9012 gain=0.351 max|d|=5.62 (projection 16)
[ok] toronto_query_-FohtR51AFcyGSLgiTdXzw isotropic seed=9012 gain=2.338 max|d|=10.64 (no projection)
[ok] zurich_query_0I7IdNKcKWGXL-wmkUdx2A direction seed=5678 gain=0.403 max|d|=6.44 (projection 16)
[ok] zurich_query_0I7IdNKcKWGXL-wmkUdx2A direction_eot seed=5678 gain=0.331 max|d|=5.29 (projection 16)
[ok] zurich_query_0I7IdNKcKWGXL-wmkUdx2A isotropic seed=5678 gain=2.256 max|d|=10.84 (no projection)
[ok] zurich_query_0I7IdNKcKWGXL-wmkUdx2A direction seed=9012 gain=0.395 max|d|=6.32 (projection 16)
[ok] zurich_query_0I7IdNKcKWGXL-wmkUdx2A direction_eot seed=9012 gain=0.342 max|d|=5.48 (projection 16)
[ok] zurich_query_0I7IdNKcKWGXL-wmkUdx2A isotropic seed=9012 gain=2.254 max|d|=11.46 (no projection)
[ok] amman_query_1n6vx0uExn56MfvA6toRJw direction seed=5678 gain=0.464 max|d|=7.42 (projection 16)
[ok] amman_query_1n6vx0uExn56MfvA6toRJw direction_eot seed=5678 gain=0.379 max|d|=6.06 (projection 16)
[ok] amman_query_1n6vx0uExn56MfvA6toRJw isotropic seed=5678 gain=2.239 max|d|=10.08 (no projection)
[ok] amman_query_1n6vx0uExn56MfvA6toRJw direction seed=9012 gain=0.459 max|d|=7.35 (projection 16)
[ok] amman_query_1n6vx0uExn56MfvA6toRJw direction_eot seed=9012 gain=0.353 max|d|=5.65 (projection 16)
[ok] amman_query_1n6vx0uExn56MfvA6toRJw isotropic seed=9012 gain=2.242 max|d|=10.86 (no projection)
[ok] boston_query_-OEJzVyBJiypLsHkeOqxKn direction seed=5678 gain=0.468 max|d|=7.48 (projection 16)
[ok] boston_query_-OEJzVyBJiypLsHkeOqxKn direction_eot seed=5678 gain=0.355 max|d|=5.68 (projection 16)
[ok] boston_query_-OEJzVyBJiypLsHkeOqxKn isotropic seed=5678 gain=2.242 max|d|=9.50 (no projection)
[ok] boston_query_-OEJzVyBJiypLsHkeOqxKn direction seed=9012 gain=0.469 max|d|=7.50 (projection 16)
[ok] boston_query_-OEJzVyBJiypLsHkeOqxKn direction_eot seed=9012 gain=0.352 max|d|=5.63 (projection 16)
[ok] boston_query_-OEJzVyBJiypLsHkeOqxKn isotropic seed=9012 gain=2.243 max|d|=9.93 (no projection)
[ok] cph_query_-Mwdj8AXbTR5wrPmQKRbhQ direction seed=5678 gain=0.433 max|d|=6.92 (projection 16)
[ok] cph_query_-Mwdj8AXbTR5wrPmQKRbhQ direction_eot seed=5678 gain=0.351 max|d|=5.62 (projection 16)
[ok] cph_query_-Mwdj8AXbTR5wrPmQKRbhQ isotropic seed=5678 gain=2.239 max|d|=10.05 (no projection)
[ok] cph_query_-Mwdj8AXbTR5wrPmQKRbhQ direction seed=9012 gain=0.434 max|d|=6.94 (projection 16)
[ok] cph_query_-Mwdj8AXbTR5wrPmQKRbhQ direction_eot seed=9012 gain=0.348 max|d|=5.57 (projection 16)
[ok] cph_query_-Mwdj8AXbTR5wrPmQKRbhQ isotropic seed=9012 gain=2.239 max|d|=11.73 (no projection)
[ok] london_query_-wX-mY4F2ewX9tlr1_JTbw direction seed=5678 gain=0.401 max|d|=6.41 (projection 16)
[ok] london_query_-wX-mY4F2ewX9tlr1_JTbw direction_eot seed=5678 gain=0.323 max|d|=5.17 (projection 16)
[ok] london_query_-wX-mY4F2ewX9tlr1_JTbw isotropic seed=5678 gain=2.247 max|d|=10.30 (no projection)
[ok] london_query_-wX-mY4F2ewX9tlr1_JTbw direction seed=9012 gain=0.398 max|d|=6.36 (projection 16)
[ok] london_query_-wX-mY4F2ewX9tlr1_JTbw direction_eot seed=9012 gain=0.323 max|d|=5.18 (projection 16)
[ok] london_query_-wX-mY4F2ewX9tlr1_JTbw isotropic seed=9012 gain=2.234 max|d|=11.10 (no projection)
[ok] manila_query_-SSrBkppXcUPQnmvRyEZaA direction seed=5678 gain=0.401 max|d|=6.41 (projection 16)
[ok] manila_query_-SSrBkppXcUPQnmvRyEZaA direction_eot seed=5678 gain=0.325 max|d|=5.20 (projection 16)
[ok] manila_query_-SSrBkppXcUPQnmvRyEZaA isotropic seed=5678 gain=2.241 max|d|=10.65 (no projection)
[ok] manila_query_-SSrBkppXcUPQnmvRyEZaA direction seed=9012 gain=0.403 max|d|=6.46 (projection 16)
[ok] manila_query_-SSrBkppXcUPQnmvRyEZaA direction_eot seed=9012 gain=0.329 max|d|=5.26 (projection 16)
[ok] manila_query_-SSrBkppXcUPQnmvRyEZaA isotropic seed=9012 gain=2.241 max|d|=9.94 (no projection)
[ok] nairobi_query_32eRlu6tx-Q_LzhBd8iTQA direction seed=5678 gain=0.467 max|d|=7.47 (projection 16)
[ok] nairobi_query_32eRlu6tx-Q_LzhBd8iTQA direction_eot seed=5678 gain=0.361 max|d|=5.77 (projection 16)
[ok] nairobi_query_32eRlu6tx-Q_LzhBd8iTQA isotropic seed=5678 gain=2.239 max|d|=10.61 (no projection)
[ok] nairobi_query_32eRlu6tx-Q_LzhBd8iTQA direction seed=9012 gain=0.470 max|d|=7.52 (projection 16)
[ok] nairobi_query_32eRlu6tx-Q_LzhBd8iTQA direction_eot seed=9012 gain=0.350 max|d|=5.60 (projection 16)
[ok] nairobi_query_32eRlu6tx-Q_LzhBd8iTQA isotropic seed=9012 gain=2.240 max|d|=11.38 (no projection)
[ok] toronto_query_-HBbI6fcMz-R3CyduFEoDg direction seed=5678 gain=0.462 max|d|=7.39 (projection 16)
[ok] toronto_query_-HBbI6fcMz-R3CyduFEoDg direction_eot seed=5678 gain=0.367 max|d|=5.87 (projection 16)
[ok] toronto_query_-HBbI6fcMz-R3CyduFEoDg isotropic seed=5678 gain=2.239 max|d|=10.38 (no projection)
[ok] toronto_query_-HBbI6fcMz-R3CyduFEoDg direction seed=9012 gain=0.466 max|d|=7.45 (projection 16)
[ok] toronto_query_-HBbI6fcMz-R3CyduFEoDg direction_eot seed=9012 gain=0.365 max|d|=5.84 (projection 16)
[ok] toronto_query_-HBbI6fcMz-R3CyduFEoDg isotropic seed=9012 gain=2.232 max|d|=9.84 (no projection)
[ok] zurich_query_0IZVsW_UPLzI_vUm51hEMQ direction seed=5678 gain=0.440 max|d|=7.03 (projection 16)
[ok] zurich_query_0IZVsW_UPLzI_vUm51hEMQ direction_eot seed=5678 gain=0.352 max|d|=5.64 (projection 16)
[ok] zurich_query_0IZVsW_UPLzI_vUm51hEMQ isotropic seed=5678 gain=2.245 max|d|=9.98 (no projection)
[ok] zurich_query_0IZVsW_UPLzI_vUm51hEMQ direction seed=9012 gain=0.437 max|d|=6.99 (projection 16)
[ok] zurich_query_0IZVsW_UPLzI_vUm51hEMQ direction_eot seed=9012 gain=0.345 max|d|=5.53 (projection 16)
[ok] zurich_query_0IZVsW_UPLzI_vUm51hEMQ isotropic seed=9012 gain=2.246 max|d|=10.27 (no projection)
[ok] amman_query_1qMrYvXqBvZDS0XUd5cEtg direction seed=5678 gain=0.423 max|d|=6.76 (projection 16)
[ok] amman_query_1qMrYvXqBvZDS0XUd5cEtg direction_eot seed=5678 gain=0.352 max|d|=5.63 (projection 16)
[ok] amman_query_1qMrYvXqBvZDS0XUd5cEtg isotropic seed=5678 gain=2.236 max|d|=10.18 (no projection)
[ok] amman_query_1qMrYvXqBvZDS0XUd5cEtg direction seed=9012 gain=0.422 max|d|=6.75 (projection 16)
[ok] amman_query_1qMrYvXqBvZDS0XUd5cEtg direction_eot seed=9012 gain=0.340 max|d|=5.44 (projection 16)
[ok] amman_query_1qMrYvXqBvZDS0XUd5cEtg isotropic seed=9012 gain=2.235 max|d|=9.75 (no projection)
[ok] boston_query_-OlQhKn0bS9eZTkeJL6ovw direction seed=5678 gain=0.404 max|d|=6.47 (projection 16)
[ok] boston_query_-OlQhKn0bS9eZTkeJL6ovw direction_eot seed=5678 gain=0.337 max|d|=5.38 (projection 16)
[ok] boston_query_-OlQhKn0bS9eZTkeJL6ovw isotropic seed=5678 gain=2.263 max|d|=10.25 (no projection)
[ok] boston_query_-OlQhKn0bS9eZTkeJL6ovw direction seed=9012 gain=0.407 max|d|=6.52 (projection 16)
[ok] boston_query_-OlQhKn0bS9eZTkeJL6ovw direction_eot seed=9012 gain=0.327 max|d|=5.23 (projection 16)
[ok] boston_query_-OlQhKn0bS9eZTkeJL6ovw isotropic seed=9012 gain=2.261 max|d|=10.67 (no projection)
[ok] cph_query_-N9mbKdWcHyUUsU1379EgA direction seed=5678 gain=0.438 max|d|=7.00 (projection 16)
[ok] cph_query_-N9mbKdWcHyUUsU1379EgA direction_eot seed=5678 gain=0.368 max|d|=5.88 (projection 16)
[ok] cph_query_-N9mbKdWcHyUUsU1379EgA isotropic seed=5678 gain=2.346 max|d|=10.37 (no projection)
[ok] cph_query_-N9mbKdWcHyUUsU1379EgA direction seed=9012 gain=0.436 max|d|=6.97 (projection 16)
[ok] cph_query_-N9mbKdWcHyUUsU1379EgA direction_eot seed=9012 gain=0.368 max|d|=5.88 (projection 16)
[ok] cph_query_-N9mbKdWcHyUUsU1379EgA isotropic seed=9012 gain=2.376 max|d|=10.55 (no projection)
[ok] london_query_02vfV_A3zc1S9Akd07xuEA direction seed=5678 gain=0.399 max|d|=6.38 (projection 16)
[ok] london_query_02vfV_A3zc1S9Akd07xuEA direction_eot seed=5678 gain=0.317 max|d|=5.07 (projection 16)
[ok] london_query_02vfV_A3zc1S9Akd07xuEA isotropic seed=5678 gain=2.273 max|d|=10.57 (no projection)
[ok] london_query_02vfV_A3zc1S9Akd07xuEA direction seed=9012 gain=0.398 max|d|=6.37 (projection 16)
[ok] london_query_02vfV_A3zc1S9Akd07xuEA direction_eot seed=9012 gain=0.312 max|d|=4.99 (projection 16)
[ok] london_query_02vfV_A3zc1S9Akd07xuEA isotropic seed=9012 gain=2.271 max|d|=9.71 (no projection)
[ok] manila_query_-Tmeby1UCsrkKNvVnN7L5g direction seed=5678 gain=0.427 max|d|=6.83 (projection 16)
[ok] manila_query_-Tmeby1UCsrkKNvVnN7L5g direction_eot seed=5678 gain=0.335 max|d|=5.36 (projection 16)
[ok] manila_query_-Tmeby1UCsrkKNvVnN7L5g isotropic seed=5678 gain=2.279 max|d|=10.65 (no projection)
[ok] manila_query_-Tmeby1UCsrkKNvVnN7L5g direction seed=9012 gain=0.428 max|d|=6.85 (projection 16)
[ok] manila_query_-Tmeby1UCsrkKNvVnN7L5g direction_eot seed=9012 gain=0.344 max|d|=5.50 (projection 16)
[ok] manila_query_-Tmeby1UCsrkKNvVnN7L5g isotropic seed=9012 gain=2.280 max|d|=11.60 (no projection)
[ok] nairobi_query_37RDt83nGFaZl6CPpzqlTw direction seed=5678 gain=0.456 max|d|=7.30 (projection 16)
[ok] nairobi_query_37RDt83nGFaZl6CPpzqlTw direction_eot seed=5678 gain=0.363 max|d|=5.81 (projection 16)
[ok] nairobi_query_37RDt83nGFaZl6CPpzqlTw isotropic seed=5678 gain=2.278 max|d|=10.77 (no projection)
[ok] nairobi_query_37RDt83nGFaZl6CPpzqlTw direction seed=9012 gain=0.455 max|d|=7.28 (projection 16)
[ok] nairobi_query_37RDt83nGFaZl6CPpzqlTw direction_eot seed=9012 gain=0.366 max|d|=5.85 (projection 16)
[ok] nairobi_query_37RDt83nGFaZl6CPpzqlTw isotropic seed=9012 gain=2.280 max|d|=10.60 (no projection)
[ok] toronto_query_-IlXU6r8OSJejg6wnFTYMQ direction seed=5678 gain=0.461 max|d|=7.37 (projection 16)
[ok] toronto_query_-IlXU6r8OSJejg6wnFTYMQ direction_eot seed=5678 gain=0.374 max|d|=5.98 (projection 16)
[ok] toronto_query_-IlXU6r8OSJejg6wnFTYMQ isotropic seed=5678 gain=2.239 max|d|=10.10 (no projection)
[ok] toronto_query_-IlXU6r8OSJejg6wnFTYMQ direction seed=9012 gain=0.462 max|d|=7.40 (projection 16)
[ok] toronto_query_-IlXU6r8OSJejg6wnFTYMQ direction_eot seed=9012 gain=0.363 max|d|=5.80 (projection 16)
[ok] toronto_query_-IlXU6r8OSJejg6wnFTYMQ isotropic seed=9012 gain=2.235 max|d|=10.33 (no projection)
[ok] zurich_query_0Ky7pgdILHyYlzjahHNGZg direction seed=5678 gain=0.435 max|d|=6.96 (projection 16)
[ok] zurich_query_0Ky7pgdILHyYlzjahHNGZg direction_eot seed=5678 gain=0.345 max|d|=5.51 (projection 16)
[ok] zurich_query_0Ky7pgdILHyYlzjahHNGZg isotropic seed=5678 gain=2.261 max|d|=9.65 (no projection)
[ok] zurich_query_0Ky7pgdILHyYlzjahHNGZg direction seed=9012 gain=0.436 max|d|=6.98 (projection 16)
[ok] zurich_query_0Ky7pgdILHyYlzjahHNGZg direction_eot seed=9012 gain=0.347 max|d|=5.56 (projection 16)
[ok] zurich_query_0Ky7pgdILHyYlzjahHNGZg isotropic seed=9012 gain=2.258 max|d|=9.93 (no projection)
[ok] amman_query_1rZerb0T7z_1E7yKfEBCtA direction seed=5678 gain=0.442 max|d|=7.07 (projection 16)
[ok] amman_query_1rZerb0T7z_1E7yKfEBCtA direction_eot seed=5678 gain=0.363 max|d|=5.80 (projection 16)
[ok] amman_query_1rZerb0T7z_1E7yKfEBCtA isotropic seed=5678 gain=2.243 max|d|=9.81 (no projection)
[ok] amman_query_1rZerb0T7z_1E7yKfEBCtA direction seed=9012 gain=0.440 max|d|=7.05 (projection 16)
[ok] amman_query_1rZerb0T7z_1E7yKfEBCtA direction_eot seed=9012 gain=0.362 max|d|=5.79 (projection 16)
[ok] amman_query_1rZerb0T7z_1E7yKfEBCtA isotropic seed=9012 gain=2.241 max|d|=11.01 (no projection)
[ok] boston_query_-Phryua7d1FHhpGGfaEGcg direction seed=5678 gain=0.438 max|d|=7.01 (projection 16)
[ok] boston_query_-Phryua7d1FHhpGGfaEGcg direction_eot seed=5678 gain=0.361 max|d|=5.78 (projection 16)
[ok] boston_query_-Phryua7d1FHhpGGfaEGcg isotropic seed=5678 gain=2.242 max|d|=10.71 (no projection)
[ok] boston_query_-Phryua7d1FHhpGGfaEGcg direction seed=9012 gain=0.443 max|d|=7.09 (projection 16)
[ok] boston_query_-Phryua7d1FHhpGGfaEGcg direction_eot seed=9012 gain=0.361 max|d|=5.78 (projection 16)
[ok] boston_query_-Phryua7d1FHhpGGfaEGcg isotropic seed=9012 gain=2.242 max|d|=9.38 (no projection)
[ok] cph_query_-PRZAb6qxjSdDqzgOekgbg direction seed=5678 gain=0.405 max|d|=6.49 (projection 16)
[ok] cph_query_-PRZAb6qxjSdDqzgOekgbg direction_eot seed=5678 gain=0.344 max|d|=5.50 (projection 16)
[ok] cph_query_-PRZAb6qxjSdDqzgOekgbg isotropic seed=5678 gain=2.241 max|d|=9.96 (no projection)
[ok] cph_query_-PRZAb6qxjSdDqzgOekgbg direction seed=9012 gain=0.409 max|d|=6.54 (projection 16)
[ok] cph_query_-PRZAb6qxjSdDqzgOekgbg direction_eot seed=9012 gain=0.339 max|d|=5.42 (projection 16)
[ok] cph_query_-PRZAb6qxjSdDqzgOekgbg isotropic seed=9012 gain=2.239 max|d|=10.12 (no projection)
[ok] london_query_039iugtZTFguj-7UQyc-wg direction seed=5678 gain=0.445 max|d|=7.12 (projection 16)
[ok] london_query_039iugtZTFguj-7UQyc-wg direction_eot seed=5678 gain=0.355 max|d|=5.68 (projection 16)
[ok] london_query_039iugtZTFguj-7UQyc-wg isotropic seed=5678 gain=2.408 max|d|=11.03 (no projection)
[ok] london_query_039iugtZTFguj-7UQyc-wg direction seed=9012 gain=0.442 max|d|=7.07 (projection 16)
[ok] london_query_039iugtZTFguj-7UQyc-wg direction_eot seed=9012 gain=0.353 max|d|=5.64 (projection 16)
[ok] london_query_039iugtZTFguj-7UQyc-wg isotropic seed=9012 gain=2.409 max|d|=11.25 (no projection)
[ok] manila_query_-TrGJy3CeaXApOffGndlqg direction seed=5678 gain=0.424 max|d|=6.78 (projection 16)
[ok] manila_query_-TrGJy3CeaXApOffGndlqg direction_eot seed=5678 gain=0.343 max|d|=5.48 (projection 16)
[ok] manila_query_-TrGJy3CeaXApOffGndlqg isotropic seed=5678 gain=2.266 max|d|=10.34 (no projection)
[ok] manila_query_-TrGJy3CeaXApOffGndlqg direction seed=9012 gain=0.414 max|d|=6.63 (projection 16)
[ok] manila_query_-TrGJy3CeaXApOffGndlqg direction_eot seed=9012 gain=0.350 max|d|=5.61 (projection 16)
[ok] manila_query_-TrGJy3CeaXApOffGndlqg isotropic seed=9012 gain=2.260 max|d|=11.53 (no projection)
[ok] nairobi_query_38y5DGnb1BCdL2r_1MWELg direction seed=5678 gain=0.468 max|d|=7.48 (projection 16)
[ok] nairobi_query_38y5DGnb1BCdL2r_1MWELg direction_eot seed=5678 gain=0.368 max|d|=5.88 (projection 16)
[ok] nairobi_query_38y5DGnb1BCdL2r_1MWELg isotropic seed=5678 gain=2.264 max|d|=10.93 (no projection)
[ok] nairobi_query_38y5DGnb1BCdL2r_1MWELg direction seed=9012 gain=0.468 max|d|=7.49 (projection 16)
[ok] nairobi_query_38y5DGnb1BCdL2r_1MWELg direction_eot seed=9012 gain=0.372 max|d|=5.95 (projection 16)
[ok] nairobi_query_38y5DGnb1BCdL2r_1MWELg isotropic seed=9012 gain=2.267 max|d|=10.61 (no projection)
[ok] toronto_query_-Iyv6ydukEfueu-CphPhwg direction seed=5678 gain=0.426 max|d|=6.82 (projection 16)
[ok] toronto_query_-Iyv6ydukEfueu-CphPhwg direction_eot seed=5678 gain=0.344 max|d|=5.51 (projection 16)
[ok] toronto_query_-Iyv6ydukEfueu-CphPhwg isotropic seed=5678 gain=2.328 max|d|=11.06 (no projection)
[ok] toronto_query_-Iyv6ydukEfueu-CphPhwg direction seed=9012 gain=0.424 max|d|=6.79 (projection 16)
[ok] toronto_query_-Iyv6ydukEfueu-CphPhwg direction_eot seed=9012 gain=0.335 max|d|=5.37 (projection 16)
[ok] toronto_query_-Iyv6ydukEfueu-CphPhwg isotropic seed=9012 gain=2.316 max|d|=9.98 (no projection)
[ok] zurich_query_0PrObi7NiUNPMe7_RDu2Ng direction seed=5678 gain=0.439 max|d|=7.03 (projection 16)
[ok] zurich_query_0PrObi7NiUNPMe7_RDu2Ng direction_eot seed=5678 gain=0.340 max|d|=5.45 (projection 16)
[ok] zurich_query_0PrObi7NiUNPMe7_RDu2Ng isotropic seed=5678 gain=2.242 max|d|=10.61 (no projection)
[ok] zurich_query_0PrObi7NiUNPMe7_RDu2Ng direction seed=9012 gain=0.438 max|d|=7.01 (projection 16)
[ok] zurich_query_0PrObi7NiUNPMe7_RDu2Ng direction_eot seed=9012 gain=0.348 max|d|=5.58 (projection 16)
[ok] zurich_query_0PrObi7NiUNPMe7_RDu2Ng isotropic seed=9012 gain=2.244 max|d|=10.59 (no projection)
[ok] amman_query_1uJbVMOMqlPVx4GYc2BgOA direction seed=5678 gain=0.455 max|d|=7.28 (projection 16)
[ok] amman_query_1uJbVMOMqlPVx4GYc2BgOA direction_eot seed=5678 gain=0.372 max|d|=5.95 (projection 16)
[ok] amman_query_1uJbVMOMqlPVx4GYc2BgOA isotropic seed=5678 gain=2.237 max|d|=11.38 (no projection)
[ok] amman_query_1uJbVMOMqlPVx4GYc2BgOA direction seed=9012 gain=0.461 max|d|=7.37 (projection 16)
[ok] amman_query_1uJbVMOMqlPVx4GYc2BgOA direction_eot seed=9012 gain=0.359 max|d|=5.75 (projection 16)
[ok] amman_query_1uJbVMOMqlPVx4GYc2BgOA isotropic seed=9012 gain=2.233 max|d|=11.28 (no projection)
[ok] boston_query_-Ptt76cqL8Ath-qW7aRUQw direction seed=5678 gain=0.481 max|d|=7.70 (projection 16)
[ok] boston_query_-Ptt76cqL8Ath-qW7aRUQw direction_eot seed=5678 gain=0.376 max|d|=6.02 (projection 16)
[ok] boston_query_-Ptt76cqL8Ath-qW7aRUQw isotropic seed=5678 gain=2.232 max|d|=10.74 (no projection)
[ok] boston_query_-Ptt76cqL8Ath-qW7aRUQw direction seed=9012 gain=0.475 max|d|=7.60 (projection 16)
[ok] boston_query_-Ptt76cqL8Ath-qW7aRUQw direction_eot seed=9012 gain=0.385 max|d|=6.16 (projection 16)
[ok] boston_query_-Ptt76cqL8Ath-qW7aRUQw isotropic seed=9012 gain=2.225 max|d|=10.06 (no projection)
[ok] cph_query_-Q4-mvnV6y-0yK62OXn-1w direction seed=5678 gain=0.457 max|d|=7.32 (projection 16)
[ok] cph_query_-Q4-mvnV6y-0yK62OXn-1w direction_eot seed=5678 gain=0.369 max|d|=5.90 (projection 16)
[ok] cph_query_-Q4-mvnV6y-0yK62OXn-1w isotropic seed=5678 gain=2.241 max|d|=9.87 (no projection)
[ok] cph_query_-Q4-mvnV6y-0yK62OXn-1w direction seed=9012 gain=0.458 max|d|=7.32 (projection 16)
[ok] cph_query_-Q4-mvnV6y-0yK62OXn-1w direction_eot seed=9012 gain=0.362 max|d|=5.79 (projection 16)
[ok] cph_query_-Q4-mvnV6y-0yK62OXn-1w isotropic seed=9012 gain=2.243 max|d|=10.38 (no projection)
[ok] london_query_03BhnvDRczArNBQm0Qu0tQ direction seed=5678 gain=0.438 max|d|=7.01 (projection 16)
[ok] london_query_03BhnvDRczArNBQm0Qu0tQ direction_eot seed=5678 gain=0.352 max|d|=5.63 (projection 16)
[ok] london_query_03BhnvDRczArNBQm0Qu0tQ isotropic seed=5678 gain=2.255 max|d|=10.15 (no projection)
[ok] london_query_03BhnvDRczArNBQm0Qu0tQ direction seed=9012 gain=0.437 max|d|=6.99 (projection 16)
[ok] london_query_03BhnvDRczArNBQm0Qu0tQ direction_eot seed=9012 gain=0.357 max|d|=5.72 (projection 16)
[ok] london_query_03BhnvDRczArNBQm0Qu0tQ isotropic seed=9012 gain=2.243 max|d|=9.29 (no projection)
[ok] manila_query_-Tvw2ZcjPmZrmxcJ3PNHwQ direction seed=5678 gain=0.393 max|d|=6.29 (projection 16)
[ok] manila_query_-Tvw2ZcjPmZrmxcJ3PNHwQ direction_eot seed=5678 gain=0.314 max|d|=5.02 (projection 16)
[ok] manila_query_-Tvw2ZcjPmZrmxcJ3PNHwQ isotropic seed=5678 gain=2.239 max|d|=11.13 (no projection)
[ok] manila_query_-Tvw2ZcjPmZrmxcJ3PNHwQ direction seed=9012 gain=0.385 max|d|=6.16 (projection 16)
[ok] manila_query_-Tvw2ZcjPmZrmxcJ3PNHwQ direction_eot seed=9012 gain=0.322 max|d|=5.16 (projection 16)
[ok] manila_query_-Tvw2ZcjPmZrmxcJ3PNHwQ isotropic seed=9012 gain=2.238 max|d|=10.70 (no projection)
[ok] nairobi_query_3BfqchD1dC_R_VKSm6NXMQ direction seed=5678 gain=0.438 max|d|=7.01 (projection 16)
[ok] nairobi_query_3BfqchD1dC_R_VKSm6NXMQ direction_eot seed=5678 gain=0.351 max|d|=5.61 (projection 16)
[ok] nairobi_query_3BfqchD1dC_R_VKSm6NXMQ isotropic seed=5678 gain=2.234 max|d|=10.58 (no projection)
[ok] nairobi_query_3BfqchD1dC_R_VKSm6NXMQ direction seed=9012 gain=0.441 max|d|=7.06 (projection 16)
[ok] nairobi_query_3BfqchD1dC_R_VKSm6NXMQ direction_eot seed=9012 gain=0.357 max|d|=5.72 (projection 16)
[ok] nairobi_query_3BfqchD1dC_R_VKSm6NXMQ isotropic seed=9012 gain=2.232 max|d|=10.69 (no projection)
[ok] toronto_query_-J6MOLqIZtzsA-CH6ie5Cg direction seed=5678 gain=0.401 max|d|=6.41 (projection 16)
[ok] toronto_query_-J6MOLqIZtzsA-CH6ie5Cg direction_eot seed=5678 gain=0.334 max|d|=5.35 (projection 16)
[ok] toronto_query_-J6MOLqIZtzsA-CH6ie5Cg isotropic seed=5678 gain=2.260 max|d|=11.28 (no projection)
[ok] toronto_query_-J6MOLqIZtzsA-CH6ie5Cg direction seed=9012 gain=0.409 max|d|=6.54 (projection 16)
[ok] toronto_query_-J6MOLqIZtzsA-CH6ie5Cg direction_eot seed=9012 gain=0.325 max|d|=5.20 (projection 16)
[ok] toronto_query_-J6MOLqIZtzsA-CH6ie5Cg isotropic seed=9012 gain=2.258 max|d|=10.29 (no projection)
[ok] zurich_query_0Spj-pWISRRStxENII8G4A direction seed=5678 gain=0.421 max|d|=6.74 (projection 16)
[ok] zurich_query_0Spj-pWISRRStxENII8G4A direction_eot seed=5678 gain=0.336 max|d|=5.38 (projection 16)
[ok] zurich_query_0Spj-pWISRRStxENII8G4A isotropic seed=5678 gain=2.242 max|d|=10.33 (no projection)
[ok] zurich_query_0Spj-pWISRRStxENII8G4A direction seed=9012 gain=0.422 max|d|=6.75 (projection 16)
[ok] zurich_query_0Spj-pWISRRStxENII8G4A direction_eot seed=9012 gain=0.335 max|d|=5.36 (projection 16)
[ok] zurich_query_0Spj-pWISRRStxENII8G4A isotropic seed=9012 gain=2.238 max|d|=9.65 (no projection)
[ok] amman_query_23YO5CD18Cg_wG_ZhqhbQQ direction seed=5678 gain=0.479 max|d|=7.66 (projection 16)
[ok] amman_query_23YO5CD18Cg_wG_ZhqhbQQ direction_eot seed=5678 gain=0.381 max|d|=6.10 (projection 16)
[ok] amman_query_23YO5CD18Cg_wG_ZhqhbQQ isotropic seed=5678 gain=2.234 max|d|=11.09 (no projection)
[ok] amman_query_23YO5CD18Cg_wG_ZhqhbQQ direction seed=9012 gain=0.478 max|d|=7.65 (projection 16)
[ok] amman_query_23YO5CD18Cg_wG_ZhqhbQQ direction_eot seed=9012 gain=0.383 max|d|=6.13 (projection 16)
[ok] amman_query_23YO5CD18Cg_wG_ZhqhbQQ isotropic seed=9012 gain=2.240 max|d|=10.81 (no projection)
[ok] boston_query_-RyJCN_Rrfvr2l9jqadkcQ direction seed=5678 gain=0.468 max|d|=7.49 (projection 16)
[ok] boston_query_-RyJCN_Rrfvr2l9jqadkcQ direction_eot seed=5678 gain=0.387 max|d|=6.19 (projection 16)
[ok] boston_query_-RyJCN_Rrfvr2l9jqadkcQ isotropic seed=5678 gain=2.239 max|d|=10.02 (no projection)
[ok] boston_query_-RyJCN_Rrfvr2l9jqadkcQ direction seed=9012 gain=0.465 max|d|=7.43 (projection 16)
[ok] boston_query_-RyJCN_Rrfvr2l9jqadkcQ direction_eot seed=9012 gain=0.387 max|d|=6.18 (projection 16)
[ok] boston_query_-RyJCN_Rrfvr2l9jqadkcQ isotropic seed=9012 gain=2.226 max|d|=9.68 (no projection)
[ok] cph_query_-Q7samX2RjJwU9xiKFxpug direction seed=5678 gain=0.415 max|d|=6.63 (projection 16)
[ok] cph_query_-Q7samX2RjJwU9xiKFxpug direction_eot seed=5678 gain=0.338 max|d|=5.40 (projection 16)
[ok] cph_query_-Q7samX2RjJwU9xiKFxpug isotropic seed=5678 gain=2.239 max|d|=11.07 (no projection)
[ok] cph_query_-Q7samX2RjJwU9xiKFxpug direction seed=9012 gain=0.414 max|d|=6.62 (projection 16)
[ok] cph_query_-Q7samX2RjJwU9xiKFxpug direction_eot seed=9012 gain=0.330 max|d|=5.27 (projection 16)
[ok] cph_query_-Q7samX2RjJwU9xiKFxpug isotropic seed=9012 gain=2.241 max|d|=10.00 (no projection)
[ok] london_query_03VxrSUHoB-y1D50kXwi8g direction seed=5678 gain=0.442 max|d|=7.08 (projection 16)
[ok] london_query_03VxrSUHoB-y1D50kXwi8g direction_eot seed=5678 gain=0.336 max|d|=5.38 (projection 16)
[ok] london_query_03VxrSUHoB-y1D50kXwi8g isotropic seed=5678 gain=2.235 max|d|=10.73 (no projection)
[ok] london_query_03VxrSUHoB-y1D50kXwi8g direction seed=9012 gain=0.427 max|d|=6.84 (projection 16)
[ok] london_query_03VxrSUHoB-y1D50kXwi8g direction_eot seed=9012 gain=0.351 max|d|=5.61 (projection 16)
[ok] london_query_03VxrSUHoB-y1D50kXwi8g isotropic seed=9012 gain=2.238 max|d|=10.09 (no projection)
[ok] manila_query_-WlvwRIHM8K9xtN_z0FAGg direction seed=5678 gain=0.460 max|d|=7.36 (projection 16)
[ok] manila_query_-WlvwRIHM8K9xtN_z0FAGg direction_eot seed=5678 gain=0.359 max|d|=5.75 (projection 16)
[ok] manila_query_-WlvwRIHM8K9xtN_z0FAGg isotropic seed=5678 gain=2.241 max|d|=11.88 (no projection)
[ok] manila_query_-WlvwRIHM8K9xtN_z0FAGg direction seed=9012 gain=0.464 max|d|=7.43 (projection 16)
[ok] manila_query_-WlvwRIHM8K9xtN_z0FAGg direction_eot seed=9012 gain=0.369 max|d|=5.90 (projection 16)
[ok] manila_query_-WlvwRIHM8K9xtN_z0FAGg isotropic seed=9012 gain=2.244 max|d|=9.57 (no projection)
[ok] nairobi_query_3Rln3I-knaHBGe7xAH2I_Q direction seed=5678 gain=0.456 max|d|=7.30 (projection 16)
[ok] nairobi_query_3Rln3I-knaHBGe7xAH2I_Q direction_eot seed=5678 gain=0.364 max|d|=5.83 (projection 16)
[ok] nairobi_query_3Rln3I-knaHBGe7xAH2I_Q isotropic seed=5678 gain=2.241 max|d|=10.71 (no projection)
[ok] nairobi_query_3Rln3I-knaHBGe7xAH2I_Q direction seed=9012 gain=0.459 max|d|=7.35 (projection 16)
[ok] nairobi_query_3Rln3I-knaHBGe7xAH2I_Q direction_eot seed=9012 gain=0.359 max|d|=5.74 (projection 16)
[ok] nairobi_query_3Rln3I-knaHBGe7xAH2I_Q isotropic seed=9012 gain=2.238 max|d|=10.33 (no projection)
[ok] toronto_query_-JY9Ip12RNDaK_geCga4LA direction seed=5678 gain=0.426 max|d|=6.81 (projection 16)
[ok] toronto_query_-JY9Ip12RNDaK_geCga4LA direction_eot seed=5678 gain=0.345 max|d|=5.53 (projection 16)
[ok] toronto_query_-JY9Ip12RNDaK_geCga4LA isotropic seed=5678 gain=2.234 max|d|=9.97 (no projection)
[ok] toronto_query_-JY9Ip12RNDaK_geCga4LA direction seed=9012 gain=0.436 max|d|=6.98 (projection 16)
[ok] toronto_query_-JY9Ip12RNDaK_geCga4LA direction_eot seed=9012 gain=0.336 max|d|=5.38 (projection 16)
[ok] toronto_query_-JY9Ip12RNDaK_geCga4LA isotropic seed=9012 gain=2.231 max|d|=10.62 (no projection)
[ok] zurich_query_0UfO0g5oR-GfH12twjOIuw direction seed=5678 gain=0.415 max|d|=6.64 (projection 16)
[ok] zurich_query_0UfO0g5oR-GfH12twjOIuw direction_eot seed=5678 gain=0.344 max|d|=5.51 (projection 16)
[ok] zurich_query_0UfO0g5oR-GfH12twjOIuw isotropic seed=5678 gain=2.242 max|d|=10.47 (no projection)
[ok] zurich_query_0UfO0g5oR-GfH12twjOIuw direction seed=9012 gain=0.416 max|d|=6.65 (projection 16)
[ok] zurich_query_0UfO0g5oR-GfH12twjOIuw direction_eot seed=9012 gain=0.339 max|d|=5.42 (projection 16)
[ok] zurich_query_0UfO0g5oR-GfH12twjOIuw isotropic seed=9012 gain=2.233 max|d|=9.77 (no projection)
[ok] amman_query_27ZYHE_-tdmKbq7gUW9ECA direction seed=5678 gain=0.450 max|d|=7.20 (projection 16)
[ok] amman_query_27ZYHE_-tdmKbq7gUW9ECA direction_eot seed=5678 gain=0.364 max|d|=5.82 (projection 16)
[ok] amman_query_27ZYHE_-tdmKbq7gUW9ECA isotropic seed=5678 gain=2.237 max|d|=10.71 (no projection)
[ok] amman_query_27ZYHE_-tdmKbq7gUW9ECA direction seed=9012 gain=0.446 max|d|=7.13 (projection 16)
[ok] amman_query_27ZYHE_-tdmKbq7gUW9ECA direction_eot seed=9012 gain=0.361 max|d|=5.78 (projection 16)
[ok] amman_query_27ZYHE_-tdmKbq7gUW9ECA isotropic seed=9012 gain=2.237 max|d|=10.71 (no projection)
[ok] boston_query_-TMAMMmIqQ4AQA3YI-YOHg direction seed=5678 gain=0.455 max|d|=7.27 (projection 16)
[ok] boston_query_-TMAMMmIqQ4AQA3YI-YOHg direction_eot seed=5678 gain=0.353 max|d|=5.64 (projection 16)
[ok] boston_query_-TMAMMmIqQ4AQA3YI-YOHg isotropic seed=5678 gain=2.235 max|d|=9.63 (no projection)
[ok] boston_query_-TMAMMmIqQ4AQA3YI-YOHg direction seed=9012 gain=0.456 max|d|=7.30 (projection 16)
[ok] boston_query_-TMAMMmIqQ4AQA3YI-YOHg direction_eot seed=9012 gain=0.352 max|d|=5.63 (projection 16)
[ok] boston_query_-TMAMMmIqQ4AQA3YI-YOHg isotropic seed=9012 gain=2.237 max|d|=10.65 (no projection)
[ok] cph_query_-R9cTkYMNbXlglFeWCXtMg direction seed=5678 gain=0.480 max|d|=7.67 (projection 16)
[ok] cph_query_-R9cTkYMNbXlglFeWCXtMg direction_eot seed=5678 gain=0.388 max|d|=6.21 (projection 16)
[ok] cph_query_-R9cTkYMNbXlglFeWCXtMg isotropic seed=5678 gain=2.248 max|d|=11.00 (no projection)
[ok] cph_query_-R9cTkYMNbXlglFeWCXtMg direction seed=9012 gain=0.476 max|d|=7.62 (projection 16)
[ok] cph_query_-R9cTkYMNbXlglFeWCXtMg direction_eot seed=9012 gain=0.382 max|d|=6.11 (projection 16)
[ok] cph_query_-R9cTkYMNbXlglFeWCXtMg isotropic seed=9012 gain=2.242 max|d|=9.71 (no projection)
[ok] london_query_06tRsqVA7nx5PgabbPdu4w direction seed=5678 gain=0.409 max|d|=6.55 (projection 16)
[ok] london_query_06tRsqVA7nx5PgabbPdu4w direction_eot seed=5678 gain=0.330 max|d|=5.28 (projection 16)
[ok] london_query_06tRsqVA7nx5PgabbPdu4w isotropic seed=5678 gain=2.255 max|d|=9.92 (no projection)
[ok] london_query_06tRsqVA7nx5PgabbPdu4w direction seed=9012 gain=0.410 max|d|=6.56 (projection 16)
[ok] london_query_06tRsqVA7nx5PgabbPdu4w direction_eot seed=9012 gain=0.333 max|d|=5.33 (projection 16)
[ok] london_query_06tRsqVA7nx5PgabbPdu4w isotropic seed=9012 gain=2.255 max|d|=11.29 (no projection)
[ok] manila_query_-WuLHZxOTWuUgVSb36RTng direction seed=5678 gain=0.422 max|d|=6.75 (projection 16)
[ok] manila_query_-WuLHZxOTWuUgVSb36RTng direction_eot seed=5678 gain=0.338 max|d|=5.41 (projection 16)
[ok] manila_query_-WuLHZxOTWuUgVSb36RTng isotropic seed=5678 gain=2.237 max|d|=9.66 (no projection)
[ok] manila_query_-WuLHZxOTWuUgVSb36RTng direction seed=9012 gain=0.426 max|d|=6.82 (projection 16)
[ok] manila_query_-WuLHZxOTWuUgVSb36RTng direction_eot seed=9012 gain=0.328 max|d|=5.25 (projection 16)
[ok] manila_query_-WuLHZxOTWuUgVSb36RTng isotropic seed=9012 gain=2.236 max|d|=11.21 (no projection)
[ok] nairobi_query_3Thql5xEy0LYu4bdux1icw direction seed=5678 gain=0.460 max|d|=7.37 (projection 16)
[ok] nairobi_query_3Thql5xEy0LYu4bdux1icw direction_eot seed=5678 gain=0.357 max|d|=5.72 (projection 16)
[ok] nairobi_query_3Thql5xEy0LYu4bdux1icw isotropic seed=5678 gain=2.235 max|d|=11.13 (no projection)
[ok] nairobi_query_3Thql5xEy0LYu4bdux1icw direction seed=9012 gain=0.459 max|d|=7.34 (projection 16)
[ok] nairobi_query_3Thql5xEy0LYu4bdux1icw direction_eot seed=9012 gain=0.362 max|d|=5.80 (projection 16)
[ok] nairobi_query_3Thql5xEy0LYu4bdux1icw isotropic seed=9012 gain=2.236 max|d|=10.21 (no projection)
[ok] toronto_query_-K6Ci0V3ZYp50_DrMghntA direction seed=5678 gain=0.373 max|d|=5.97 (projection 16)
[ok] toronto_query_-K6Ci0V3ZYp50_DrMghntA direction_eot seed=5678 gain=0.297 max|d|=4.76 (projection 16)
[ok] toronto_query_-K6Ci0V3ZYp50_DrMghntA isotropic seed=5678 gain=2.251 max|d|=11.84 (no projection)
[ok] toronto_query_-K6Ci0V3ZYp50_DrMghntA direction seed=9012 gain=0.375 max|d|=6.00 (projection 16)
[ok] toronto_query_-K6Ci0V3ZYp50_DrMghntA direction_eot seed=9012 gain=0.294 max|d|=4.71 (projection 16)
[ok] toronto_query_-K6Ci0V3ZYp50_DrMghntA isotropic seed=9012 gain=2.252 max|d|=10.21 (no projection)
[ok] zurich_query_0W_6dskxdNPlCJnX9EhmZA direction seed=5678 gain=0.441 max|d|=7.06 (projection 16)
[ok] zurich_query_0W_6dskxdNPlCJnX9EhmZA direction_eot seed=5678 gain=0.353 max|d|=5.65 (projection 16)
[ok] zurich_query_0W_6dskxdNPlCJnX9EhmZA isotropic seed=5678 gain=2.239 max|d|=10.02 (no projection)
[ok] zurich_query_0W_6dskxdNPlCJnX9EhmZA direction seed=9012 gain=0.440 max|d|=7.04 (projection 16)
[ok] zurich_query_0W_6dskxdNPlCJnX9EhmZA direction_eot seed=9012 gain=0.346 max|d|=5.53 (projection 16)
[ok] zurich_query_0W_6dskxdNPlCJnX9EhmZA isotropic seed=9012 gain=2.243 max|d|=9.87 (no projection)
[ok] amman_query_29zY5U3MUbO3wTjTTKF93w direction seed=5678 gain=0.406 max|d|=6.50 (projection 16)
[ok] amman_query_29zY5U3MUbO3wTjTTKF93w direction_eot seed=5678 gain=0.336 max|d|=5.37 (projection 16)
[ok] amman_query_29zY5U3MUbO3wTjTTKF93w isotropic seed=5678 gain=2.240 max|d|=9.97 (no projection)
[ok] amman_query_29zY5U3MUbO3wTjTTKF93w direction seed=9012 gain=0.412 max|d|=6.59 (projection 16)
[ok] amman_query_29zY5U3MUbO3wTjTTKF93w direction_eot seed=9012 gain=0.338 max|d|=5.41 (projection 16)
[ok] amman_query_29zY5U3MUbO3wTjTTKF93w isotropic seed=9012 gain=2.230 max|d|=10.58 (no projection)
[ok] boston_query_-U0JJudMztDrvqfppyEl9A direction seed=5678 gain=0.464 max|d|=7.42 (projection 16)
[ok] boston_query_-U0JJudMztDrvqfppyEl9A direction_eot seed=5678 gain=0.383 max|d|=6.13 (projection 16)
[ok] boston_query_-U0JJudMztDrvqfppyEl9A isotropic seed=5678 gain=2.240 max|d|=10.74 (no projection)
[ok] boston_query_-U0JJudMztDrvqfppyEl9A direction seed=9012 gain=0.467 max|d|=7.48 (projection 16)
[ok] boston_query_-U0JJudMztDrvqfppyEl9A direction_eot seed=9012 gain=0.380 max|d|=6.09 (projection 16)
[ok] boston_query_-U0JJudMztDrvqfppyEl9A isotropic seed=9012 gain=2.204 max|d|=9.67 (no projection)
[ok] cph_query_-To5emQUYvNlwdgB1hEVfQ direction seed=5678 gain=0.457 max|d|=7.31 (projection 16)
[ok] cph_query_-To5emQUYvNlwdgB1hEVfQ direction_eot seed=5678 gain=0.351 max|d|=5.62 (projection 16)
[ok] cph_query_-To5emQUYvNlwdgB1hEVfQ isotropic seed=5678 gain=2.228 max|d|=10.48 (no projection)
[ok] cph_query_-To5emQUYvNlwdgB1hEVfQ direction seed=9012 gain=0.456 max|d|=7.30 (projection 16)
[ok] cph_query_-To5emQUYvNlwdgB1hEVfQ direction_eot seed=9012 gain=0.350 max|d|=5.60 (projection 16)
[ok] cph_query_-To5emQUYvNlwdgB1hEVfQ isotropic seed=9012 gain=2.229 max|d|=10.14 (no projection)
[ok] london_query_07Mt7j9hZm17z2pXB3QAXA direction seed=5678 gain=0.444 max|d|=7.10 (projection 16)
[ok] london_query_07Mt7j9hZm17z2pXB3QAXA direction_eot seed=5678 gain=0.357 max|d|=5.71 (projection 16)
[ok] london_query_07Mt7j9hZm17z2pXB3QAXA isotropic seed=5678 gain=2.258 max|d|=10.53 (no projection)
[ok] london_query_07Mt7j9hZm17z2pXB3QAXA direction seed=9012 gain=0.445 max|d|=7.11 (projection 16)
[ok] london_query_07Mt7j9hZm17z2pXB3QAXA direction_eot seed=9012 gain=0.360 max|d|=5.77 (projection 16)
[ok] london_query_07Mt7j9hZm17z2pXB3QAXA isotropic seed=9012 gain=2.260 max|d|=10.15 (no projection)
[ok] manila_query_-YADzGuflGFk0TrwgbgGQA direction seed=5678 gain=0.459 max|d|=7.35 (projection 16)
[ok] manila_query_-YADzGuflGFk0TrwgbgGQA direction_eot seed=5678 gain=0.360 max|d|=5.77 (projection 16)
[ok] manila_query_-YADzGuflGFk0TrwgbgGQA isotropic seed=5678 gain=2.252 max|d|=10.57 (no projection)
[ok] manila_query_-YADzGuflGFk0TrwgbgGQA direction seed=9012 gain=0.450 max|d|=7.20 (projection 16)
[ok] manila_query_-YADzGuflGFk0TrwgbgGQA direction_eot seed=9012 gain=0.358 max|d|=5.73 (projection 16)
[ok] manila_query_-YADzGuflGFk0TrwgbgGQA isotropic seed=9012 gain=2.251 max|d|=11.71 (no projection)
[ok] nairobi_query_3VEngLiRuIRlzTCHOPvAqA direction seed=5678 gain=0.469 max|d|=7.51 (projection 16)
[ok] nairobi_query_3VEngLiRuIRlzTCHOPvAqA direction_eot seed=5678 gain=0.379 max|d|=6.06 (projection 16)
[ok] nairobi_query_3VEngLiRuIRlzTCHOPvAqA isotropic seed=5678 gain=2.263 max|d|=9.51 (no projection)
[ok] nairobi_query_3VEngLiRuIRlzTCHOPvAqA direction seed=9012 gain=0.478 max|d|=7.65 (projection 16)
[ok] nairobi_query_3VEngLiRuIRlzTCHOPvAqA direction_eot seed=9012 gain=0.385 max|d|=6.16 (projection 16)
[ok] nairobi_query_3VEngLiRuIRlzTCHOPvAqA isotropic seed=9012 gain=2.267 max|d|=10.68 (no projection)
[ok] toronto_query_-KU5g574x3Cah05LVtG_Pw direction seed=5678 gain=0.435 max|d|=6.96 (projection 16)
[ok] toronto_query_-KU5g574x3Cah05LVtG_Pw direction_eot seed=5678 gain=0.349 max|d|=5.58 (projection 16)
[ok] toronto_query_-KU5g574x3Cah05LVtG_Pw isotropic seed=5678 gain=2.241 max|d|=9.91 (no projection)
[ok] toronto_query_-KU5g574x3Cah05LVtG_Pw direction seed=9012 gain=0.438 max|d|=7.01 (projection 16)
[ok] toronto_query_-KU5g574x3Cah05LVtG_Pw direction_eot seed=9012 gain=0.351 max|d|=5.62 (projection 16)
[ok] toronto_query_-KU5g574x3Cah05LVtG_Pw isotropic seed=9012 gain=2.234 max|d|=11.12 (no projection)
[ok] zurich_query_0YqWIRNZbPyTmppf5ZjyMw direction seed=5678 gain=0.447 max|d|=7.15 (projection 16)
[ok] zurich_query_0YqWIRNZbPyTmppf5ZjyMw direction_eot seed=5678 gain=0.345 max|d|=5.51 (projection 16)
[ok] zurich_query_0YqWIRNZbPyTmppf5ZjyMw isotropic seed=5678 gain=2.248 max|d|=10.41 (no projection)
[ok] zurich_query_0YqWIRNZbPyTmppf5ZjyMw direction seed=9012 gain=0.446 max|d|=7.13 (projection 16)
[ok] zurich_query_0YqWIRNZbPyTmppf5ZjyMw direction_eot seed=9012 gain=0.342 max|d|=5.47 (projection 16)
[ok] zurich_query_0YqWIRNZbPyTmppf5ZjyMw isotropic seed=9012 gain=2.249 max|d|=9.71 (no projection)
[ok] amman_query_2E9XDGy6VTetR1O15tILdw direction seed=5678 gain=0.445 max|d|=7.12 (projection 16)
[ok] amman_query_2E9XDGy6VTetR1O15tILdw direction_eot seed=5678 gain=0.375 max|d|=6.00 (projection 16)
[ok] amman_query_2E9XDGy6VTetR1O15tILdw isotropic seed=5678 gain=2.234 max|d|=9.89 (no projection)
[ok] amman_query_2E9XDGy6VTetR1O15tILdw direction seed=9012 gain=0.447 max|d|=7.15 (projection 16)
[ok] amman_query_2E9XDGy6VTetR1O15tILdw direction_eot seed=9012 gain=0.368 max|d|=5.88 (projection 16)
[ok] amman_query_2E9XDGy6VTetR1O15tILdw isotropic seed=9012 gain=2.233 max|d|=10.31 (no projection)
[ok] boston_query_-U_cmO4sMoYmoNbCPpMXWw direction seed=5678 gain=0.420 max|d|=6.72 (projection 16)
[ok] boston_query_-U_cmO4sMoYmoNbCPpMXWw direction_eot seed=5678 gain=0.344 max|d|=5.50 (projection 16)
[ok] boston_query_-U_cmO4sMoYmoNbCPpMXWw isotropic seed=5678 gain=2.283 max|d|=9.96 (no projection)
[ok] boston_query_-U_cmO4sMoYmoNbCPpMXWw direction seed=9012 gain=0.423 max|d|=6.77 (projection 16)
[ok] boston_query_-U_cmO4sMoYmoNbCPpMXWw direction_eot seed=9012 gain=0.343 max|d|=5.49 (projection 16)
[ok] boston_query_-U_cmO4sMoYmoNbCPpMXWw isotropic seed=9012 gain=2.279 max|d|=10.41 (no projection)
[ok] cph_query_-UByBh5hYhNn4_dsHy73aA direction seed=5678 gain=0.434 max|d|=6.94 (projection 16)
[ok] cph_query_-UByBh5hYhNn4_dsHy73aA direction_eot seed=5678 gain=0.333 max|d|=5.34 (projection 16)
[ok] cph_query_-UByBh5hYhNn4_dsHy73aA isotropic seed=5678 gain=2.240 max|d|=9.50 (no projection)
[ok] cph_query_-UByBh5hYhNn4_dsHy73aA direction seed=9012 gain=0.427 max|d|=6.84 (projection 16)
[ok] cph_query_-UByBh5hYhNn4_dsHy73aA direction_eot seed=9012 gain=0.328 max|d|=5.24 (projection 16)
[ok] cph_query_-UByBh5hYhNn4_dsHy73aA isotropic seed=9012 gain=2.239 max|d|=10.77 (no projection)
[ok] london_query_07oSFXlZ9SfPsHwsEZQFtA direction seed=5678 gain=0.426 max|d|=6.81 (projection 16)
[ok] london_query_07oSFXlZ9SfPsHwsEZQFtA direction_eot seed=5678 gain=0.333 max|d|=5.32 (projection 16)
[ok] london_query_07oSFXlZ9SfPsHwsEZQFtA isotropic seed=5678 gain=2.249 max|d|=10.94 (no projection)
[ok] london_query_07oSFXlZ9SfPsHwsEZQFtA direction seed=9012 gain=0.417 max|d|=6.68 (projection 16)
[ok] london_query_07oSFXlZ9SfPsHwsEZQFtA direction_eot seed=9012 gain=0.331 max|d|=5.29 (projection 16)
[ok] london_query_07oSFXlZ9SfPsHwsEZQFtA isotropic seed=9012 gain=2.243 max|d|=10.46 (no projection)
[ok] manila_query_-YswrllPgEq1Q_LYD0mD0A direction seed=5678 gain=0.410 max|d|=6.56 (projection 16)
[ok] manila_query_-YswrllPgEq1Q_LYD0mD0A direction_eot seed=5678 gain=0.345 max|d|=5.51 (projection 16)
[ok] manila_query_-YswrllPgEq1Q_LYD0mD0A isotropic seed=5678 gain=2.273 max|d|=10.12 (no projection)
[ok] manila_query_-YswrllPgEq1Q_LYD0mD0A direction seed=9012 gain=0.400 max|d|=6.41 (projection 16)
[ok] manila_query_-YswrllPgEq1Q_LYD0mD0A direction_eot seed=9012 gain=0.344 max|d|=5.50 (projection 16)
[ok] manila_query_-YswrllPgEq1Q_LYD0mD0A isotropic seed=9012 gain=2.266 max|d|=9.88 (no projection)
[ok] nairobi_query_3sAf0a7Z9MFOX5NACNEfkA direction seed=5678 gain=0.476 max|d|=7.62 (projection 16)
[ok] nairobi_query_3sAf0a7Z9MFOX5NACNEfkA direction_eot seed=5678 gain=0.385 max|d|=6.16 (projection 16)
[ok] nairobi_query_3sAf0a7Z9MFOX5NACNEfkA isotropic seed=5678 gain=2.284 max|d|=10.28 (no projection)
[ok] nairobi_query_3sAf0a7Z9MFOX5NACNEfkA direction seed=9012 gain=0.476 max|d|=7.61 (projection 16)
[ok] nairobi_query_3sAf0a7Z9MFOX5NACNEfkA direction_eot seed=9012 gain=0.363 max|d|=5.81 (projection 16)
[ok] nairobi_query_3sAf0a7Z9MFOX5NACNEfkA isotropic seed=9012 gain=2.275 max|d|=10.34 (no projection)
[ok] toronto_query_-L3Zos1U2E6AA3-ZO_eESA direction seed=5678 gain=0.444 max|d|=7.11 (projection 16)
[ok] toronto_query_-L3Zos1U2E6AA3-ZO_eESA direction_eot seed=5678 gain=0.369 max|d|=5.90 (projection 16)
[ok] toronto_query_-L3Zos1U2E6AA3-ZO_eESA isotropic seed=5678 gain=2.279 max|d|=10.71 (no projection)
[ok] toronto_query_-L3Zos1U2E6AA3-ZO_eESA direction seed=9012 gain=0.454 max|d|=7.26 (projection 16)
[ok] toronto_query_-L3Zos1U2E6AA3-ZO_eESA direction_eot seed=9012 gain=0.366 max|d|=5.85 (projection 16)
[ok] toronto_query_-L3Zos1U2E6AA3-ZO_eESA isotropic seed=9012 gain=2.283 max|d|=11.42 (no projection)
[ok] zurich_query_0eG9-83f-Xafie9_84fDbg direction seed=5678 gain=0.404 max|d|=6.46 (projection 16)
[ok] zurich_query_0eG9-83f-Xafie9_84fDbg direction_eot seed=5678 gain=0.322 max|d|=5.15 (projection 16)
[ok] zurich_query_0eG9-83f-Xafie9_84fDbg isotropic seed=5678 gain=2.234 max|d|=10.08 (no projection)
[ok] zurich_query_0eG9-83f-Xafie9_84fDbg direction seed=9012 gain=0.407 max|d|=6.51 (projection 16)
[ok] zurich_query_0eG9-83f-Xafie9_84fDbg direction_eot seed=9012 gain=0.317 max|d|=5.08 (projection 16)
[ok] zurich_query_0eG9-83f-Xafie9_84fDbg isotropic seed=9012 gain=2.247 max|d|=9.82 (no projection)
[ok] amman_query_2WNEczYwDdZlHE_2nYlE-A direction seed=5678 gain=0.409 max|d|=6.55 (projection 16)
[ok] amman_query_2WNEczYwDdZlHE_2nYlE-A direction_eot seed=5678 gain=0.330 max|d|=5.28 (projection 16)
[ok] amman_query_2WNEczYwDdZlHE_2nYlE-A isotropic seed=5678 gain=2.242 max|d|=10.32 (no projection)
[ok] amman_query_2WNEczYwDdZlHE_2nYlE-A direction seed=9012 gain=0.406 max|d|=6.50 (projection 16)
[ok] amman_query_2WNEczYwDdZlHE_2nYlE-A direction_eot seed=9012 gain=0.325 max|d|=5.21 (projection 16)
[ok] amman_query_2WNEczYwDdZlHE_2nYlE-A isotropic seed=9012 gain=2.236 max|d|=9.75 (no projection)
[ok] boston_query_-VHXaQ_dj_14O-Bcn3u7zA direction seed=5678 gain=0.451 max|d|=7.22 (projection 16)
[ok] boston_query_-VHXaQ_dj_14O-Bcn3u7zA direction_eot seed=5678 gain=0.363 max|d|=5.80 (projection 16)
[ok] boston_query_-VHXaQ_dj_14O-Bcn3u7zA isotropic seed=5678 gain=2.240 max|d|=10.05 (no projection)
[ok] boston_query_-VHXaQ_dj_14O-Bcn3u7zA direction seed=9012 gain=0.459 max|d|=7.35 (projection 16)
[ok] boston_query_-VHXaQ_dj_14O-Bcn3u7zA direction_eot seed=9012 gain=0.361 max|d|=5.77 (projection 16)
[ok] boston_query_-VHXaQ_dj_14O-Bcn3u7zA isotropic seed=9012 gain=2.231 max|d|=9.71 (no projection)
[ok] cph_query_-UO7OuMXuwPBrMEXSsFhNA direction seed=5678 gain=0.475 max|d|=7.61 (projection 16)
[ok] cph_query_-UO7OuMXuwPBrMEXSsFhNA direction_eot seed=5678 gain=0.365 max|d|=5.83 (projection 16)
[ok] cph_query_-UO7OuMXuwPBrMEXSsFhNA isotropic seed=5678 gain=2.258 max|d|=11.41 (no projection)
[ok] cph_query_-UO7OuMXuwPBrMEXSsFhNA direction seed=9012 gain=0.474 max|d|=7.59 (projection 16)
[ok] cph_query_-UO7OuMXuwPBrMEXSsFhNA direction_eot seed=9012 gain=0.367 max|d|=5.87 (projection 16)
[ok] cph_query_-UO7OuMXuwPBrMEXSsFhNA isotropic seed=9012 gain=2.257 max|d|=11.38 (no projection)
[ok] london_query_08wp6QepyximP9UuP-ijLg direction seed=5678 gain=0.438 max|d|=7.02 (projection 16)
[ok] london_query_08wp6QepyximP9UuP-ijLg direction_eot seed=5678 gain=0.354 max|d|=5.67 (projection 16)
[ok] london_query_08wp6QepyximP9UuP-ijLg isotropic seed=5678 gain=2.262 max|d|=11.53 (no projection)
[ok] london_query_08wp6QepyximP9UuP-ijLg direction seed=9012 gain=0.440 max|d|=7.04 (projection 16)
[ok] london_query_08wp6QepyximP9UuP-ijLg direction_eot seed=9012 gain=0.351 max|d|=5.62 (projection 16)
[ok] london_query_08wp6QepyximP9UuP-ijLg isotropic seed=9012 gain=2.265 max|d|=10.09 (no projection)
[ok] manila_query_-Z3CXTi1QhF_Ste8t8vrJA direction seed=5678 gain=0.430 max|d|=6.88 (projection 16)
[ok] manila_query_-Z3CXTi1QhF_Ste8t8vrJA direction_eot seed=5678 gain=0.355 max|d|=5.68 (projection 16)
[ok] manila_query_-Z3CXTi1QhF_Ste8t8vrJA isotropic seed=5678 gain=2.282 max|d|=10.89 (no projection)
[ok] manila_query_-Z3CXTi1QhF_Ste8t8vrJA direction seed=9012 gain=0.447 max|d|=7.16 (projection 16)
[ok] manila_query_-Z3CXTi1QhF_Ste8t8vrJA direction_eot seed=9012 gain=0.351 max|d|=5.62 (projection 16)
[ok] manila_query_-Z3CXTi1QhF_Ste8t8vrJA isotropic seed=9012 gain=2.277 max|d|=10.52 (no projection)
[ok] nairobi_query_3vVoHZDD0-kVhbBxDTYEjw direction seed=5678 gain=0.455 max|d|=7.28 (projection 16)
[ok] nairobi_query_3vVoHZDD0-kVhbBxDTYEjw direction_eot seed=5678 gain=0.369 max|d|=5.91 (projection 16)
[ok] nairobi_query_3vVoHZDD0-kVhbBxDTYEjw isotropic seed=5678 gain=2.309 max|d|=11.36 (no projection)
[ok] nairobi_query_3vVoHZDD0-kVhbBxDTYEjw direction seed=9012 gain=0.453 max|d|=7.25 (projection 16)
[ok] nairobi_query_3vVoHZDD0-kVhbBxDTYEjw direction_eot seed=9012 gain=0.363 max|d|=5.80 (projection 16)
[ok] nairobi_query_3vVoHZDD0-kVhbBxDTYEjw isotropic seed=9012 gain=2.306 max|d|=10.85 (no projection)
[ok] toronto_query_-LZN7DIyP80uvFh2O8KVXw direction seed=5678 gain=0.444 max|d|=7.11 (projection 16)
[ok] toronto_query_-LZN7DIyP80uvFh2O8KVXw direction_eot seed=5678 gain=0.350 max|d|=5.61 (projection 16)
[ok] toronto_query_-LZN7DIyP80uvFh2O8KVXw isotropic seed=5678 gain=2.241 max|d|=9.78 (no projection)
[ok] toronto_query_-LZN7DIyP80uvFh2O8KVXw direction seed=9012 gain=0.442 max|d|=7.08 (projection 16)
[ok] toronto_query_-LZN7DIyP80uvFh2O8KVXw direction_eot seed=9012 gain=0.347 max|d|=5.56 (projection 16)
[ok] toronto_query_-LZN7DIyP80uvFh2O8KVXw isotropic seed=9012 gain=2.232 max|d|=10.94 (no projection)
[ok] zurich_query_0g61-9tYhD3Y5qh7eiB92g direction seed=5678 gain=0.443 max|d|=7.09 (projection 16)
[ok] zurich_query_0g61-9tYhD3Y5qh7eiB92g direction_eot seed=5678 gain=0.359 max|d|=5.74 (projection 16)
[ok] zurich_query_0g61-9tYhD3Y5qh7eiB92g isotropic seed=5678 gain=2.254 max|d|=10.96 (no projection)
[ok] zurich_query_0g61-9tYhD3Y5qh7eiB92g direction seed=9012 gain=0.448 max|d|=7.17 (projection 16)
[ok] zurich_query_0g61-9tYhD3Y5qh7eiB92g direction_eot seed=9012 gain=0.357 max|d|=5.72 (projection 16)
[ok] zurich_query_0g61-9tYhD3Y5qh7eiB92g isotropic seed=9012 gain=2.259 max|d|=9.98 (no projection)
[ok] amman_query_2amxr5vdbo4jgViAEELT_Q direction seed=5678 gain=0.458 max|d|=7.33 (projection 16)
[ok] amman_query_2amxr5vdbo4jgViAEELT_Q direction_eot seed=5678 gain=0.366 max|d|=5.85 (projection 16)
[ok] amman_query_2amxr5vdbo4jgViAEELT_Q isotropic seed=5678 gain=2.239 max|d|=9.88 (no projection)
[ok] amman_query_2amxr5vdbo4jgViAEELT_Q direction seed=9012 gain=0.458 max|d|=7.33 (projection 16)
[ok] amman_query_2amxr5vdbo4jgViAEELT_Q direction_eot seed=9012 gain=0.357 max|d|=5.72 (projection 16)
[ok] amman_query_2amxr5vdbo4jgViAEELT_Q isotropic seed=9012 gain=2.235 max|d|=10.38 (no projection)
[ok] boston_query_-WNRbaGc8Yukh-LWnRNe5O direction seed=5678 gain=0.456 max|d|=7.29 (projection 16)
[ok] boston_query_-WNRbaGc8Yukh-LWnRNe5O direction_eot seed=5678 gain=0.347 max|d|=5.54 (projection 16)
[ok] boston_query_-WNRbaGc8Yukh-LWnRNe5O isotropic seed=5678 gain=2.272 max|d|=11.07 (no projection)
[ok] boston_query_-WNRbaGc8Yukh-LWnRNe5O direction seed=9012 gain=0.450 max|d|=7.19 (projection 16)
[ok] boston_query_-WNRbaGc8Yukh-LWnRNe5O direction_eot seed=9012 gain=0.352 max|d|=5.64 (projection 16)
[ok] boston_query_-WNRbaGc8Yukh-LWnRNe5O isotropic seed=9012 gain=2.273 max|d|=9.94 (no projection)
[ok] cph_query_-V4aUy1yd0AbFfY-xX0BAg direction seed=5678 gain=0.436 max|d|=6.97 (projection 16)
[ok] cph_query_-V4aUy1yd0AbFfY-xX0BAg direction_eot seed=5678 gain=0.354 max|d|=5.66 (projection 16)
[ok] cph_query_-V4aUy1yd0AbFfY-xX0BAg isotropic seed=5678 gain=2.247 max|d|=10.63 (no projection)
[ok] cph_query_-V4aUy1yd0AbFfY-xX0BAg direction seed=9012 gain=0.427 max|d|=6.83 (projection 16)
[ok] cph_query_-V4aUy1yd0AbFfY-xX0BAg direction_eot seed=9012 gain=0.342 max|d|=5.48 (projection 16)
[ok] cph_query_-V4aUy1yd0AbFfY-xX0BAg isotropic seed=9012 gain=2.252 max|d|=10.55 (no projection)
[ok] london_query_09P-tDZlSTWY4XNCcRZ_-g direction seed=5678 gain=0.461 max|d|=7.38 (projection 16)
[ok] london_query_09P-tDZlSTWY4XNCcRZ_-g direction_eot seed=5678 gain=0.367 max|d|=5.88 (projection 16)
[ok] london_query_09P-tDZlSTWY4XNCcRZ_-g isotropic seed=5678 gain=2.247 max|d|=10.31 (no projection)
[ok] london_query_09P-tDZlSTWY4XNCcRZ_-g direction seed=9012 gain=0.455 max|d|=7.28 (projection 16)
[ok] london_query_09P-tDZlSTWY4XNCcRZ_-g direction_eot seed=9012 gain=0.363 max|d|=5.80 (projection 16)
[ok] london_query_09P-tDZlSTWY4XNCcRZ_-g isotropic seed=9012 gain=2.257 max|d|=10.75 (no projection)
[ok] manila_query_-ZbYcdqL0C0ximLGFEriNA direction seed=5678 gain=0.406 max|d|=6.49 (projection 16)
[ok] manila_query_-ZbYcdqL0C0ximLGFEriNA direction_eot seed=5678 gain=0.323 max|d|=5.18 (projection 16)
[ok] manila_query_-ZbYcdqL0C0ximLGFEriNA isotropic seed=5678 gain=2.247 max|d|=10.79 (no projection)
[ok] manila_query_-ZbYcdqL0C0ximLGFEriNA direction seed=9012 gain=0.407 max|d|=6.51 (projection 16)
[ok] manila_query_-ZbYcdqL0C0ximLGFEriNA direction_eot seed=9012 gain=0.323 max|d|=5.17 (projection 16)
[ok] manila_query_-ZbYcdqL0C0ximLGFEriNA isotropic seed=9012 gain=2.248 max|d|=9.79 (no projection)
[ok] nairobi_query_3zSInmaUjlNkUR45dqrSLg direction seed=5678 gain=0.452 max|d|=7.24 (projection 16)
[ok] nairobi_query_3zSInmaUjlNkUR45dqrSLg direction_eot seed=5678 gain=0.349 max|d|=5.58 (projection 16)
[ok] nairobi_query_3zSInmaUjlNkUR45dqrSLg isotropic seed=5678 gain=2.288 max|d|=11.00 (no projection)
[ok] nairobi_query_3zSInmaUjlNkUR45dqrSLg direction seed=9012 gain=0.452 max|d|=7.23 (projection 16)
[ok] nairobi_query_3zSInmaUjlNkUR45dqrSLg direction_eot seed=9012 gain=0.352 max|d|=5.64 (projection 16)
[ok] nairobi_query_3zSInmaUjlNkUR45dqrSLg isotropic seed=9012 gain=2.281 max|d|=10.23 (no projection)
[ok] toronto_query_-M3eMqHp0OhecS-hoh58aQ direction seed=5678 gain=0.444 max|d|=7.10 (projection 16)
[ok] toronto_query_-M3eMqHp0OhecS-hoh58aQ direction_eot seed=5678 gain=0.351 max|d|=5.61 (projection 16)
[ok] toronto_query_-M3eMqHp0OhecS-hoh58aQ isotropic seed=5678 gain=2.234 max|d|=10.23 (no projection)
[ok] toronto_query_-M3eMqHp0OhecS-hoh58aQ direction seed=9012 gain=0.440 max|d|=7.03 (projection 16)
[ok] toronto_query_-M3eMqHp0OhecS-hoh58aQ direction_eot seed=9012 gain=0.361 max|d|=5.78 (projection 16)
[ok] toronto_query_-M3eMqHp0OhecS-hoh58aQ isotropic seed=9012 gain=2.236 max|d|=10.29 (no projection)
[ok] zurich_query_0gHh8OHgmM804LVr0Ocrag direction seed=5678 gain=0.448 max|d|=7.17 (projection 16)
[ok] zurich_query_0gHh8OHgmM804LVr0Ocrag direction_eot seed=5678 gain=0.355 max|d|=5.68 (projection 16)
[ok] zurich_query_0gHh8OHgmM804LVr0Ocrag isotropic seed=5678 gain=2.239 max|d|=9.84 (no projection)
[ok] zurich_query_0gHh8OHgmM804LVr0Ocrag direction seed=9012 gain=0.448 max|d|=7.17 (projection 16)
[ok] zurich_query_0gHh8OHgmM804LVr0Ocrag direction_eot seed=9012 gain=0.351 max|d|=5.61 (projection 16)
[ok] zurich_query_0gHh8OHgmM804LVr0Ocrag isotropic seed=9012 gain=2.236 max|d|=10.14 (no projection)
[ok] amman_query_2ar5B6f1xOYuU4wn7CLEJg direction seed=5678 gain=0.398 max|d|=6.36 (projection 16)
[ok] amman_query_2ar5B6f1xOYuU4wn7CLEJg direction_eot seed=5678 gain=0.329 max|d|=5.26 (projection 16)
[ok] amman_query_2ar5B6f1xOYuU4wn7CLEJg isotropic seed=5678 gain=2.231 max|d|=12.06 (no projection)
[ok] amman_query_2ar5B6f1xOYuU4wn7CLEJg direction seed=9012 gain=0.399 max|d|=6.38 (projection 16)
[ok] amman_query_2ar5B6f1xOYuU4wn7CLEJg direction_eot seed=9012 gain=0.332 max|d|=5.31 (projection 16)
[ok] amman_query_2ar5B6f1xOYuU4wn7CLEJg isotropic seed=9012 gain=2.245 max|d|=10.58 (no projection)
[ok] boston_query_-XLBZG628HbrD4FlfLBryQ direction seed=5678 gain=0.447 max|d|=7.15 (projection 16)
[ok] boston_query_-XLBZG628HbrD4FlfLBryQ direction_eot seed=5678 gain=0.350 max|d|=5.60 (projection 16)
[ok] boston_query_-XLBZG628HbrD4FlfLBryQ isotropic seed=5678 gain=2.304 max|d|=10.44 (no projection)
[ok] boston_query_-XLBZG628HbrD4FlfLBryQ direction seed=9012 gain=0.441 max|d|=7.06 (projection 16)
[ok] boston_query_-XLBZG628HbrD4FlfLBryQ direction_eot seed=9012 gain=0.361 max|d|=5.78 (projection 16)
[ok] boston_query_-XLBZG628HbrD4FlfLBryQ isotropic seed=9012 gain=2.302 max|d|=10.52 (no projection)
[ok] cph_query_-VfD_cIsQvsNIbCy3tCgQQ direction seed=5678 gain=0.426 max|d|=6.81 (projection 16)
[ok] cph_query_-VfD_cIsQvsNIbCy3tCgQQ direction_eot seed=5678 gain=0.341 max|d|=5.45 (projection 16)
[ok] cph_query_-VfD_cIsQvsNIbCy3tCgQQ isotropic seed=5678 gain=2.239 max|d|=10.21 (no projection)
[ok] cph_query_-VfD_cIsQvsNIbCy3tCgQQ direction seed=9012 gain=0.414 max|d|=6.62 (projection 16)
[ok] cph_query_-VfD_cIsQvsNIbCy3tCgQQ direction_eot seed=9012 gain=0.341 max|d|=5.45 (projection 16)
[ok] cph_query_-VfD_cIsQvsNIbCy3tCgQQ isotropic seed=9012 gain=2.234 max|d|=11.40 (no projection)
[ok] london_query_0AbO1xvvOJRs1V3ReaDrNw direction seed=5678 gain=0.448 max|d|=7.17 (projection 16)
[ok] london_query_0AbO1xvvOJRs1V3ReaDrNw direction_eot seed=5678 gain=0.374 max|d|=5.98 (projection 16)
[ok] london_query_0AbO1xvvOJRs1V3ReaDrNw isotropic seed=5678 gain=2.312 max|d|=10.72 (no projection)
[ok] london_query_0AbO1xvvOJRs1V3ReaDrNw direction seed=9012 gain=0.441 max|d|=7.06 (projection 16)
[ok] london_query_0AbO1xvvOJRs1V3ReaDrNw direction_eot seed=9012 gain=0.363 max|d|=5.80 (projection 16)
[ok] london_query_0AbO1xvvOJRs1V3ReaDrNw isotropic seed=9012 gain=2.308 max|d|=10.55 (no projection)
[ok] manila_query_-ZyenisXeFL1kaebCpUNAQ direction seed=5678 gain=0.443 max|d|=7.09 (projection 16)
[ok] manila_query_-ZyenisXeFL1kaebCpUNAQ direction_eot seed=5678 gain=0.348 max|d|=5.57 (projection 16)
[ok] manila_query_-ZyenisXeFL1kaebCpUNAQ isotropic seed=5678 gain=2.238 max|d|=10.10 (no projection)
[ok] manila_query_-ZyenisXeFL1kaebCpUNAQ direction seed=9012 gain=0.440 max|d|=7.04 (projection 16)
[ok] manila_query_-ZyenisXeFL1kaebCpUNAQ direction_eot seed=9012 gain=0.341 max|d|=5.46 (projection 16)
[ok] manila_query_-ZyenisXeFL1kaebCpUNAQ isotropic seed=9012 gain=2.232 max|d|=10.38 (no projection)
[ok] nairobi_query_42kd1bm9ZK0fwGacm_8O5A direction seed=5678 gain=0.425 max|d|=6.81 (projection 16)
[ok] nairobi_query_42kd1bm9ZK0fwGacm_8O5A direction_eot seed=5678 gain=0.338 max|d|=5.41 (projection 16)
[ok] nairobi_query_42kd1bm9ZK0fwGacm_8O5A isotropic seed=5678 gain=2.238 max|d|=10.84 (no projection)
[ok] nairobi_query_42kd1bm9ZK0fwGacm_8O5A direction seed=9012 gain=0.424 max|d|=6.78 (projection 16)
[ok] nairobi_query_42kd1bm9ZK0fwGacm_8O5A direction_eot seed=9012 gain=0.347 max|d|=5.56 (projection 16)
[ok] nairobi_query_42kd1bm9ZK0fwGacm_8O5A isotropic seed=9012 gain=2.236 max|d|=11.27 (no projection)
[ok] toronto_query_-MFll3mcOLNHfSZyGy5VIw direction seed=5678 gain=0.437 max|d|=6.99 (projection 16)
[ok] toronto_query_-MFll3mcOLNHfSZyGy5VIw direction_eot seed=5678 gain=0.348 max|d|=5.57 (projection 16)
[ok] toronto_query_-MFll3mcOLNHfSZyGy5VIw isotropic seed=5678 gain=2.259 max|d|=10.44 (no projection)
[ok] toronto_query_-MFll3mcOLNHfSZyGy5VIw direction seed=9012 gain=0.440 max|d|=7.04 (projection 16)
[ok] toronto_query_-MFll3mcOLNHfSZyGy5VIw direction_eot seed=9012 gain=0.358 max|d|=5.73 (projection 16)
[ok] toronto_query_-MFll3mcOLNHfSZyGy5VIw isotropic seed=9012 gain=2.254 max|d|=10.18 (no projection)
[ok] zurich_query_0lHgqSrbw8SSQej38K9wpQ direction seed=5678 gain=0.437 max|d|=7.00 (projection 16)
[ok] zurich_query_0lHgqSrbw8SSQej38K9wpQ direction_eot seed=5678 gain=0.348 max|d|=5.57 (projection 16)
[ok] zurich_query_0lHgqSrbw8SSQej38K9wpQ isotropic seed=5678 gain=2.298 max|d|=12.21 (no projection)
[ok] zurich_query_0lHgqSrbw8SSQej38K9wpQ direction seed=9012 gain=0.421 max|d|=6.74 (projection 16)
[ok] zurich_query_0lHgqSrbw8SSQej38K9wpQ direction_eot seed=9012 gain=0.345 max|d|=5.52 (projection 16)
[ok] zurich_query_0lHgqSrbw8SSQej38K9wpQ isotropic seed=9012 gain=2.295 max|d|=10.91 (no projection)
[ok] amman_query_2hq9evzmyg6GO86JGeo5kw direction seed=5678 gain=0.450 max|d|=7.20 (projection 16)
[ok] amman_query_2hq9evzmyg6GO86JGeo5kw direction_eot seed=5678 gain=0.358 max|d|=5.73 (projection 16)
[ok] amman_query_2hq9evzmyg6GO86JGeo5kw isotropic seed=5678 gain=2.255 max|d|=10.05 (no projection)
[ok] amman_query_2hq9evzmyg6GO86JGeo5kw direction seed=9012 gain=0.453 max|d|=7.24 (projection 16)
[ok] amman_query_2hq9evzmyg6GO86JGeo5kw direction_eot seed=9012 gain=0.352 max|d|=5.63 (projection 16)
[ok] amman_query_2hq9evzmyg6GO86JGeo5kw isotropic seed=9012 gain=2.261 max|d|=10.41 (no projection)
[ok] boston_query_-XPoSJpI_X3ZlnZLz8JG4L direction seed=5678 gain=0.406 max|d|=6.50 (projection 16)
[ok] boston_query_-XPoSJpI_X3ZlnZLz8JG4L direction_eot seed=5678 gain=0.321 max|d|=5.13 (projection 16)
[ok] boston_query_-XPoSJpI_X3ZlnZLz8JG4L isotropic seed=5678 gain=2.281 max|d|=10.48 (no projection)
[ok] boston_query_-XPoSJpI_X3ZlnZLz8JG4L direction seed=9012 gain=0.405 max|d|=6.48 (projection 16)
[ok] boston_query_-XPoSJpI_X3ZlnZLz8JG4L direction_eot seed=9012 gain=0.328 max|d|=5.25 (projection 16)
[ok] boston_query_-XPoSJpI_X3ZlnZLz8JG4L isotropic seed=9012 gain=2.274 max|d|=11.33 (no projection)
[ok] cph_query_-VwsLi9Gs8ntflZjLfPkGw direction seed=5678 gain=0.418 max|d|=6.69 (projection 16)
[ok] cph_query_-VwsLi9Gs8ntflZjLfPkGw direction_eot seed=5678 gain=0.342 max|d|=5.48 (projection 16)
[ok] cph_query_-VwsLi9Gs8ntflZjLfPkGw isotropic seed=5678 gain=2.241 max|d|=11.12 (no projection)
[ok] cph_query_-VwsLi9Gs8ntflZjLfPkGw direction seed=9012 gain=0.421 max|d|=6.73 (projection 16)
[ok] cph_query_-VwsLi9Gs8ntflZjLfPkGw direction_eot seed=9012 gain=0.348 max|d|=5.56 (projection 16)
[ok] cph_query_-VwsLi9Gs8ntflZjLfPkGw isotropic seed=9012 gain=2.240 max|d|=10.57 (no projection)
[ok] london_query_0BjBFV4G9jdMJlEMqshzoA direction seed=5678 gain=0.427 max|d|=6.84 (projection 16)
[ok] london_query_0BjBFV4G9jdMJlEMqshzoA direction_eot seed=5678 gain=0.332 max|d|=5.31 (projection 16)
[ok] london_query_0BjBFV4G9jdMJlEMqshzoA isotropic seed=5678 gain=2.236 max|d|=10.50 (no projection)
[ok] london_query_0BjBFV4G9jdMJlEMqshzoA direction seed=9012 gain=0.427 max|d|=6.83 (projection 16)
[ok] london_query_0BjBFV4G9jdMJlEMqshzoA direction_eot seed=9012 gain=0.344 max|d|=5.51 (projection 16)
[ok] london_query_0BjBFV4G9jdMJlEMqshzoA isotropic seed=9012 gain=2.241 max|d|=9.87 (no projection)
[ok] manila_query_-aK1h18UZREBqmVQH9KSvw direction seed=5678 gain=0.417 max|d|=6.68 (projection 16)
[ok] manila_query_-aK1h18UZREBqmVQH9KSvw direction_eot seed=5678 gain=0.330 max|d|=5.27 (projection 16)
[ok] manila_query_-aK1h18UZREBqmVQH9KSvw isotropic seed=5678 gain=2.335 max|d|=12.06 (no projection)
[ok] manila_query_-aK1h18UZREBqmVQH9KSvw direction seed=9012 gain=0.414 max|d|=6.62 (projection 16)
[ok] manila_query_-aK1h18UZREBqmVQH9KSvw direction_eot seed=9012 gain=0.343 max|d|=5.49 (projection 16)
[ok] manila_query_-aK1h18UZREBqmVQH9KSvw isotropic seed=9012 gain=2.338 max|d|=11.48 (no projection)
[ok] nairobi_query_479Or7jRwWHujnR6N21HGg direction seed=5678 gain=0.468 max|d|=7.48 (projection 16)
[ok] nairobi_query_479Or7jRwWHujnR6N21HGg direction_eot seed=5678 gain=0.374 max|d|=5.98 (projection 16)
[ok] nairobi_query_479Or7jRwWHujnR6N21HGg isotropic seed=5678 gain=2.301 max|d|=11.14 (no projection)
[ok] nairobi_query_479Or7jRwWHujnR6N21HGg direction seed=9012 gain=0.465 max|d|=7.44 (projection 16)
[ok] nairobi_query_479Or7jRwWHujnR6N21HGg direction_eot seed=9012 gain=0.381 max|d|=6.10 (projection 16)
[ok] nairobi_query_479Or7jRwWHujnR6N21HGg isotropic seed=9012 gain=2.288 max|d|=10.11 (no projection)
[ok] toronto_query_-MnI6OlC-vX0Wm56nVPN1A direction seed=5678 gain=0.424 max|d|=6.78 (projection 16)
[ok] toronto_query_-MnI6OlC-vX0Wm56nVPN1A direction_eot seed=5678 gain=0.363 max|d|=5.80 (projection 16)
[ok] toronto_query_-MnI6OlC-vX0Wm56nVPN1A isotropic seed=5678 gain=2.349 max|d|=10.11 (no projection)
[ok] toronto_query_-MnI6OlC-vX0Wm56nVPN1A direction seed=9012 gain=0.424 max|d|=6.79 (projection 16)
[ok] toronto_query_-MnI6OlC-vX0Wm56nVPN1A direction_eot seed=9012 gain=0.363 max|d|=5.81 (projection 16)
[ok] toronto_query_-MnI6OlC-vX0Wm56nVPN1A isotropic seed=9012 gain=2.344 max|d|=10.51 (no projection)
[ok] zurich_query_0nVsH-6SH_FHslcVrikkwQ direction seed=5678 gain=0.452 max|d|=7.24 (projection 16)
[ok] zurich_query_0nVsH-6SH_FHslcVrikkwQ direction_eot seed=5678 gain=0.367 max|d|=5.87 (projection 16)
[ok] zurich_query_0nVsH-6SH_FHslcVrikkwQ isotropic seed=5678 gain=2.271 max|d|=10.65 (no projection)
[ok] zurich_query_0nVsH-6SH_FHslcVrikkwQ direction seed=9012 gain=0.458 max|d|=7.32 (projection 16)
[ok] zurich_query_0nVsH-6SH_FHslcVrikkwQ direction_eot seed=9012 gain=0.369 max|d|=5.90 (projection 16)
[ok] zurich_query_0nVsH-6SH_FHslcVrikkwQ isotropic seed=9012 gain=2.282 max|d|=10.78 (no projection)
[ok] amman_query_2lABfkOBYPSLZkKhyRxYdA direction seed=5678 gain=0.441 max|d|=7.06 (projection 16)
[ok] amman_query_2lABfkOBYPSLZkKhyRxYdA direction_eot seed=5678 gain=0.363 max|d|=5.81 (projection 16)
[ok] amman_query_2lABfkOBYPSLZkKhyRxYdA isotropic seed=5678 gain=2.235 max|d|=9.61 (no projection)
[ok] amman_query_2lABfkOBYPSLZkKhyRxYdA direction seed=9012 gain=0.442 max|d|=7.07 (projection 16)
[ok] amman_query_2lABfkOBYPSLZkKhyRxYdA direction_eot seed=9012 gain=0.358 max|d|=5.73 (projection 16)
[ok] amman_query_2lABfkOBYPSLZkKhyRxYdA isotropic seed=9012 gain=2.240 max|d|=10.91 (no projection)
[ok] boston_query_-XVMoSt8xs2FUh9JzquX6A direction seed=5678 gain=0.414 max|d|=6.62 (projection 16)
[ok] boston_query_-XVMoSt8xs2FUh9JzquX6A direction_eot seed=5678 gain=0.336 max|d|=5.38 (projection 16)
[ok] boston_query_-XVMoSt8xs2FUh9JzquX6A isotropic seed=5678 gain=2.234 max|d|=9.92 (no projection)
[ok] boston_query_-XVMoSt8xs2FUh9JzquX6A direction seed=9012 gain=0.408 max|d|=6.53 (projection 16)
[ok] boston_query_-XVMoSt8xs2FUh9JzquX6A direction_eot seed=9012 gain=0.340 max|d|=5.43 (projection 16)
[ok] boston_query_-XVMoSt8xs2FUh9JzquX6A isotropic seed=9012 gain=2.238 max|d|=10.22 (no projection)
[ok] cph_query_-WFB24C5ns0vkkGHGvN40A direction seed=5678 gain=0.427 max|d|=6.82 (projection 16)
[ok] cph_query_-WFB24C5ns0vkkGHGvN40A direction_eot seed=5678 gain=0.346 max|d|=5.53 (projection 16)
[ok] cph_query_-WFB24C5ns0vkkGHGvN40A isotropic seed=5678 gain=2.232 max|d|=10.93 (no projection)
[ok] cph_query_-WFB24C5ns0vkkGHGvN40A direction seed=9012 gain=0.424 max|d|=6.78 (projection 16)
[ok] cph_query_-WFB24C5ns0vkkGHGvN40A direction_eot seed=9012 gain=0.352 max|d|=5.63 (projection 16)
[ok] cph_query_-WFB24C5ns0vkkGHGvN40A isotropic seed=9012 gain=2.233 max|d|=10.81 (no projection)
[ok] london_query_0CaaImFsIdNZjpg8oBPgsQ direction seed=5678 gain=0.430 max|d|=6.88 (projection 16)
[ok] london_query_0CaaImFsIdNZjpg8oBPgsQ direction_eot seed=5678 gain=0.343 max|d|=5.49 (projection 16)
[ok] london_query_0CaaImFsIdNZjpg8oBPgsQ isotropic seed=5678 gain=2.243 max|d|=10.05 (no projection)
[ok] london_query_0CaaImFsIdNZjpg8oBPgsQ direction seed=9012 gain=0.433 max|d|=6.92 (projection 16)
[ok] london_query_0CaaImFsIdNZjpg8oBPgsQ direction_eot seed=9012 gain=0.354 max|d|=5.67 (projection 16)
[ok] london_query_0CaaImFsIdNZjpg8oBPgsQ isotropic seed=9012 gain=2.241 max|d|=10.40 (no projection)
[ok] manila_query_-cNGgBgyFrf92tQ2SjMnVw direction seed=5678 gain=0.448 max|d|=7.16 (projection 16)
[ok] manila_query_-cNGgBgyFrf92tQ2SjMnVw direction_eot seed=5678 gain=0.353 max|d|=5.64 (projection 16)
[ok] manila_query_-cNGgBgyFrf92tQ2SjMnVw isotropic seed=5678 gain=2.255 max|d|=9.79 (no projection)
[ok] manila_query_-cNGgBgyFrf92tQ2SjMnVw direction seed=9012 gain=0.449 max|d|=7.18 (projection 16)
[ok] manila_query_-cNGgBgyFrf92tQ2SjMnVw direction_eot seed=9012 gain=0.358 max|d|=5.73 (projection 16)
[ok] manila_query_-cNGgBgyFrf92tQ2SjMnVw isotropic seed=9012 gain=2.253 max|d|=11.52 (no projection)
[ok] nairobi_query_4EL0OPwVmp4k2zCpl9_c_A direction seed=5678 gain=0.470 max|d|=7.51 (projection 16)
[ok] nairobi_query_4EL0OPwVmp4k2zCpl9_c_A direction_eot seed=5678 gain=0.371 max|d|=5.94 (projection 16)
[ok] nairobi_query_4EL0OPwVmp4k2zCpl9_c_A isotropic seed=5678 gain=2.248 max|d|=10.46 (no projection)
[ok] nairobi_query_4EL0OPwVmp4k2zCpl9_c_A direction seed=9012 gain=0.469 max|d|=7.51 (projection 16)
[ok] nairobi_query_4EL0OPwVmp4k2zCpl9_c_A direction_eot seed=9012 gain=0.383 max|d|=6.13 (projection 16)
[ok] nairobi_query_4EL0OPwVmp4k2zCpl9_c_A isotropic seed=9012 gain=2.253 max|d|=11.27 (no projection)
[ok] toronto_query_-MvRj243NBTPnognhgb4Cg direction seed=5678 gain=0.455 max|d|=7.29 (projection 16)
[ok] toronto_query_-MvRj243NBTPnognhgb4Cg direction_eot seed=5678 gain=0.356 max|d|=5.69 (projection 16)
[ok] toronto_query_-MvRj243NBTPnognhgb4Cg isotropic seed=5678 gain=2.241 max|d|=9.66 (no projection)
[ok] toronto_query_-MvRj243NBTPnognhgb4Cg direction seed=9012 gain=0.460 max|d|=7.36 (projection 16)
[ok] toronto_query_-MvRj243NBTPnognhgb4Cg direction_eot seed=9012 gain=0.357 max|d|=5.71 (projection 16)
[ok] toronto_query_-MvRj243NBTPnognhgb4Cg isotropic seed=9012 gain=2.240 max|d|=10.49 (no projection)
[ok] zurich_query_0qoNSI3UUj6VR3TM7c0Peg direction seed=5678 gain=0.430 max|d|=6.89 (projection 16)
[ok] zurich_query_0qoNSI3UUj6VR3TM7c0Peg direction_eot seed=5678 gain=0.353 max|d|=5.65 (projection 16)
[ok] zurich_query_0qoNSI3UUj6VR3TM7c0Peg isotropic seed=5678 gain=2.235 max|d|=10.30 (no projection)
[ok] zurich_query_0qoNSI3UUj6VR3TM7c0Peg direction seed=9012 gain=0.432 max|d|=6.91 (projection 16)
[ok] zurich_query_0qoNSI3UUj6VR3TM7c0Peg direction_eot seed=9012 gain=0.351 max|d|=5.61 (projection 16)
[ok] zurich_query_0qoNSI3UUj6VR3TM7c0Peg isotropic seed=9012 gain=2.245 max|d|=12.16 (no projection)
[ok] amman_query_2o7YcP9UAqSU1ygtK33BfQ direction seed=5678 gain=0.422 max|d|=6.76 (projection 16)
[ok] amman_query_2o7YcP9UAqSU1ygtK33BfQ direction_eot seed=5678 gain=0.330 max|d|=5.28 (projection 16)
[ok] amman_query_2o7YcP9UAqSU1ygtK33BfQ isotropic seed=5678 gain=2.235 max|d|=11.13 (no projection)
[ok] amman_query_2o7YcP9UAqSU1ygtK33BfQ direction seed=9012 gain=0.421 max|d|=6.73 (projection 16)
[ok] amman_query_2o7YcP9UAqSU1ygtK33BfQ direction_eot seed=9012 gain=0.330 max|d|=5.28 (projection 16)
[ok] amman_query_2o7YcP9UAqSU1ygtK33BfQ isotropic seed=9012 gain=2.239 max|d|=10.08 (no projection)
[ok] boston_query_-YC7UljP-400uMusDPAb5o direction seed=5678 gain=0.435 max|d|=6.95 (projection 16)
[ok] boston_query_-YC7UljP-400uMusDPAb5o direction_eot seed=5678 gain=0.337 max|d|=5.40 (projection 16)
[ok] boston_query_-YC7UljP-400uMusDPAb5o isotropic seed=5678 gain=2.242 max|d|=10.76 (no projection)
[ok] boston_query_-YC7UljP-400uMusDPAb5o direction seed=9012 gain=0.441 max|d|=7.05 (projection 16)
[ok] boston_query_-YC7UljP-400uMusDPAb5o direction_eot seed=9012 gain=0.347 max|d|=5.55 (projection 16)
[ok] boston_query_-YC7UljP-400uMusDPAb5o isotropic seed=9012 gain=2.240 max|d|=10.53 (no projection)
[ok] cph_query_-WSWmgHuo6qPHzHxqzEe1A direction seed=5678 gain=0.432 max|d|=6.91 (projection 16)
[ok] cph_query_-WSWmgHuo6qPHzHxqzEe1A direction_eot seed=5678 gain=0.344 max|d|=5.50 (projection 16)
[ok] cph_query_-WSWmgHuo6qPHzHxqzEe1A isotropic seed=5678 gain=2.234 max|d|=11.36 (no projection)
[ok] cph_query_-WSWmgHuo6qPHzHxqzEe1A direction seed=9012 gain=0.442 max|d|=7.07 (projection 16)
[ok] cph_query_-WSWmgHuo6qPHzHxqzEe1A direction_eot seed=9012 gain=0.340 max|d|=5.44 (projection 16)
[ok] cph_query_-WSWmgHuo6qPHzHxqzEe1A isotropic seed=9012 gain=2.233 max|d|=10.29 (no projection)
[ok] london_query_0EzKuKNIcxIWax_duM0EWw direction seed=5678 gain=0.402 max|d|=6.43 (projection 16)
[ok] london_query_0EzKuKNIcxIWax_duM0EWw direction_eot seed=5678 gain=0.315 max|d|=5.05 (projection 16)
[ok] london_query_0EzKuKNIcxIWax_duM0EWw isotropic seed=5678 gain=2.236 max|d|=11.41 (no projection)
[ok] london_query_0EzKuKNIcxIWax_duM0EWw direction seed=9012 gain=0.409 max|d|=6.55 (projection 16)
[ok] london_query_0EzKuKNIcxIWax_duM0EWw direction_eot seed=9012 gain=0.327 max|d|=5.24 (projection 16)
[ok] london_query_0EzKuKNIcxIWax_duM0EWw isotropic seed=9012 gain=2.240 max|d|=10.18 (no projection)
[ok] manila_query_-cmAo9dkimIih2B7T4UHfg direction seed=5678 gain=0.448 max|d|=7.18 (projection 16)
[ok] manila_query_-cmAo9dkimIih2B7T4UHfg direction_eot seed=5678 gain=0.360 max|d|=5.75 (projection 16)
[ok] manila_query_-cmAo9dkimIih2B7T4UHfg isotropic seed=5678 gain=2.317 max|d|=12.13 (no projection)
[ok] manila_query_-cmAo9dkimIih2B7T4UHfg direction seed=9012 gain=0.446 max|d|=7.14 (projection 16)
[ok] manila_query_-cmAo9dkimIih2B7T4UHfg direction_eot seed=9012 gain=0.364 max|d|=5.83 (projection 16)
[ok] manila_query_-cmAo9dkimIih2B7T4UHfg isotropic seed=9012 gain=2.313 max|d|=10.68 (no projection)
[ok] nairobi_query_4Scm9UylRL9Edyu3ZemB9A direction seed=5678 gain=0.479 max|d|=7.66 (projection 16)
[ok] nairobi_query_4Scm9UylRL9Edyu3ZemB9A direction_eot seed=5678 gain=0.374 max|d|=5.99 (projection 16)
[ok] nairobi_query_4Scm9UylRL9Edyu3ZemB9A isotropic seed=5678 gain=2.279 max|d|=11.18 (no projection)
[ok] nairobi_query_4Scm9UylRL9Edyu3ZemB9A direction seed=9012 gain=0.479 max|d|=7.66 (projection 16)
[ok] nairobi_query_4Scm9UylRL9Edyu3ZemB9A direction_eot seed=9012 gain=0.391 max|d|=6.26 (projection 16)
[ok] nairobi_query_4Scm9UylRL9Edyu3ZemB9A isotropic seed=9012 gain=2.271 max|d|=10.26 (no projection)
[ok] toronto_query_-N8Ief4Q3CWSOSauaoVHkw direction seed=5678 gain=0.445 max|d|=7.12 (projection 16)
[ok] toronto_query_-N8Ief4Q3CWSOSauaoVHkw direction_eot seed=5678 gain=0.375 max|d|=5.99 (projection 16)
[ok] toronto_query_-N8Ief4Q3CWSOSauaoVHkw isotropic seed=5678 gain=2.235 max|d|=10.74 (no projection)
[ok] toronto_query_-N8Ief4Q3CWSOSauaoVHkw direction seed=9012 gain=0.447 max|d|=7.15 (projection 16)
[ok] toronto_query_-N8Ief4Q3CWSOSauaoVHkw direction_eot seed=9012 gain=0.364 max|d|=5.83 (projection 16)
[ok] toronto_query_-N8Ief4Q3CWSOSauaoVHkw isotropic seed=9012 gain=2.235 max|d|=10.02 (no projection)
[ok] zurich_query_0yT0tESrImO18FH9C5STzg direction seed=5678 gain=0.454 max|d|=7.27 (projection 16)
[ok] zurich_query_0yT0tESrImO18FH9C5STzg direction_eot seed=5678 gain=0.367 max|d|=5.87 (projection 16)
[ok] zurich_query_0yT0tESrImO18FH9C5STzg isotropic seed=5678 gain=2.128 max|d|=10.25 (no projection)
[ok] zurich_query_0yT0tESrImO18FH9C5STzg direction seed=9012 gain=0.449 max|d|=7.18 (projection 16)
[ok] zurich_query_0yT0tESrImO18FH9C5STzg direction_eot seed=9012 gain=0.368 max|d|=5.89 (projection 16)
[ok] zurich_query_0yT0tESrImO18FH9C5STzg isotropic seed=9012 gain=2.290 max|d|=10.08 (no projection)
[ok] amman_query_2pCCoWfi0AP_93cYLKD9sA direction seed=5678 gain=0.420 max|d|=6.71 (projection 16)
[ok] amman_query_2pCCoWfi0AP_93cYLKD9sA direction_eot seed=5678 gain=0.338 max|d|=5.41 (projection 16)
[ok] amman_query_2pCCoWfi0AP_93cYLKD9sA isotropic seed=5678 gain=2.239 max|d|=9.73 (no projection)
[ok] amman_query_2pCCoWfi0AP_93cYLKD9sA direction seed=9012 gain=0.422 max|d|=6.74 (projection 16)
[ok] amman_query_2pCCoWfi0AP_93cYLKD9sA direction_eot seed=9012 gain=0.344 max|d|=5.51 (projection 16)
[ok] amman_query_2pCCoWfi0AP_93cYLKD9sA isotropic seed=9012 gain=2.240 max|d|=10.91 (no projection)
[ok] boston_query_-YNCuOIwfe745OWl27FQZQ direction seed=5678 gain=0.442 max|d|=7.08 (projection 16)
[ok] boston_query_-YNCuOIwfe745OWl27FQZQ direction_eot seed=5678 gain=0.357 max|d|=5.71 (projection 16)
[ok] boston_query_-YNCuOIwfe745OWl27FQZQ isotropic seed=5678 gain=2.298 max|d|=10.92 (no projection)
[ok] boston_query_-YNCuOIwfe745OWl27FQZQ direction seed=9012 gain=0.437 max|d|=6.99 (projection 16)
[ok] boston_query_-YNCuOIwfe745OWl27FQZQ direction_eot seed=9012 gain=0.359 max|d|=5.75 (projection 16)
[ok] boston_query_-YNCuOIwfe745OWl27FQZQ isotropic seed=9012 gain=2.292 max|d|=11.53 (no projection)
[ok] cph_query_-XYLPst0OjYGoPVJKGP1aA direction seed=5678 gain=0.428 max|d|=6.85 (projection 16)
[ok] cph_query_-XYLPst0OjYGoPVJKGP1aA direction_eot seed=5678 gain=0.343 max|d|=5.48 (projection 16)
[ok] cph_query_-XYLPst0OjYGoPVJKGP1aA isotropic seed=5678 gain=2.236 max|d|=10.86 (no projection)
[ok] cph_query_-XYLPst0OjYGoPVJKGP1aA direction seed=9012 gain=0.427 max|d|=6.83 (projection 16)
[ok] cph_query_-XYLPst0OjYGoPVJKGP1aA direction_eot seed=9012 gain=0.348 max|d|=5.57 (projection 16)
[ok] cph_query_-XYLPst0OjYGoPVJKGP1aA isotropic seed=9012 gain=2.237 max|d|=9.89 (no projection)
[ok] london_query_0IFxmIDIkGlB0FShcszAfw direction seed=5678 gain=0.423 max|d|=6.77 (projection 16)
[ok] london_query_0IFxmIDIkGlB0FShcszAfw direction_eot seed=5678 gain=0.351 max|d|=5.62 (projection 16)
[ok] london_query_0IFxmIDIkGlB0FShcszAfw isotropic seed=5678 gain=2.273 max|d|=10.52 (no projection)
[ok] london_query_0IFxmIDIkGlB0FShcszAfw direction seed=9012 gain=0.426 max|d|=6.82 (projection 16)
[ok] london_query_0IFxmIDIkGlB0FShcszAfw direction_eot seed=9012 gain=0.348 max|d|=5.58 (projection 16)
[ok] london_query_0IFxmIDIkGlB0FShcszAfw isotropic seed=9012 gain=2.278 max|d|=11.81 (no projection)
[ok] manila_query_-dvVr_QHKim5_WyUsv_Z4A direction seed=5678 gain=0.402 max|d|=6.44 (projection 16)
[ok] manila_query_-dvVr_QHKim5_WyUsv_Z4A direction_eot seed=5678 gain=0.333 max|d|=5.33 (projection 16)
[ok] manila_query_-dvVr_QHKim5_WyUsv_Z4A isotropic seed=5678 gain=2.237 max|d|=10.44 (no projection)
[ok] manila_query_-dvVr_QHKim5_WyUsv_Z4A direction seed=9012 gain=0.409 max|d|=6.55 (projection 16)
[ok] manila_query_-dvVr_QHKim5_WyUsv_Z4A direction_eot seed=9012 gain=0.338 max|d|=5.41 (projection 16)
[ok] manila_query_-dvVr_QHKim5_WyUsv_Z4A isotropic seed=9012 gain=2.244 max|d|=10.90 (no projection)
[ok] nairobi_query_4_8wDQ5TQuzz_jEJKVIl0Q direction seed=5678 gain=0.431 max|d|=6.90 (projection 16)
[ok] nairobi_query_4_8wDQ5TQuzz_jEJKVIl0Q direction_eot seed=5678 gain=0.347 max|d|=5.55 (projection 16)
[ok] nairobi_query_4_8wDQ5TQuzz_jEJKVIl0Q isotropic seed=5678 gain=2.234 max|d|=9.77 (no projection)
[ok] nairobi_query_4_8wDQ5TQuzz_jEJKVIl0Q direction seed=9012 gain=0.433 max|d|=6.93 (projection 16)
[ok] nairobi_query_4_8wDQ5TQuzz_jEJKVIl0Q direction_eot seed=9012 gain=0.340 max|d|=5.44 (projection 16)
[ok] nairobi_query_4_8wDQ5TQuzz_jEJKVIl0Q isotropic seed=9012 gain=2.239 max|d|=10.97 (no projection)
[ok] toronto_query_-OZxhiQ5zPqGdSRrqUMKfQ direction seed=5678 gain=0.454 max|d|=7.27 (projection 16)
[ok] toronto_query_-OZxhiQ5zPqGdSRrqUMKfQ direction_eot seed=5678 gain=0.361 max|d|=5.78 (projection 16)
[ok] toronto_query_-OZxhiQ5zPqGdSRrqUMKfQ isotropic seed=5678 gain=2.267 max|d|=10.46 (no projection)
[ok] toronto_query_-OZxhiQ5zPqGdSRrqUMKfQ direction seed=9012 gain=0.451 max|d|=7.22 (projection 16)
[ok] toronto_query_-OZxhiQ5zPqGdSRrqUMKfQ direction_eot seed=9012 gain=0.365 max|d|=5.84 (projection 16)
[ok] toronto_query_-OZxhiQ5zPqGdSRrqUMKfQ isotropic seed=9012 gain=2.272 max|d|=10.29 (no projection)
[ok] zurich_query_0zEmJXMA03W0EBFP74wRVQ direction seed=5678 gain=0.435 max|d|=6.96 (projection 16)
[ok] zurich_query_0zEmJXMA03W0EBFP74wRVQ direction_eot seed=5678 gain=0.349 max|d|=5.58 (projection 16)
[ok] zurich_query_0zEmJXMA03W0EBFP74wRVQ isotropic seed=5678 gain=2.239 max|d|=11.08 (no projection)
[ok] zurich_query_0zEmJXMA03W0EBFP74wRVQ direction seed=9012 gain=0.431 max|d|=6.90 (projection 16)
[ok] zurich_query_0zEmJXMA03W0EBFP74wRVQ direction_eot seed=9012 gain=0.353 max|d|=5.65 (projection 16)
[ok] zurich_query_0zEmJXMA03W0EBFP74wRVQ isotropic seed=9012 gain=2.237 max|d|=9.88 (no projection)
[ok] amman_query_2pZlZDNh_3B-gECdtvklWQ direction seed=5678 gain=0.410 max|d|=6.57 (projection 16)
[ok] amman_query_2pZlZDNh_3B-gECdtvklWQ direction_eot seed=5678 gain=0.332 max|d|=5.31 (projection 16)
[ok] amman_query_2pZlZDNh_3B-gECdtvklWQ isotropic seed=5678 gain=2.240 max|d|=10.49 (no projection)
[ok] amman_query_2pZlZDNh_3B-gECdtvklWQ direction seed=9012 gain=0.410 max|d|=6.56 (projection 16)
[ok] amman_query_2pZlZDNh_3B-gECdtvklWQ direction_eot seed=9012 gain=0.323 max|d|=5.16 (projection 16)
[ok] amman_query_2pZlZDNh_3B-gECdtvklWQ isotropic seed=9012 gain=2.243 max|d|=9.96 (no projection)
[ok] boston_query_-Zk-uQZzECPhvd8WV6mxhQ direction seed=5678 gain=0.438 max|d|=7.01 (projection 16)
[ok] boston_query_-Zk-uQZzECPhvd8WV6mxhQ direction_eot seed=5678 gain=0.350 max|d|=5.60 (projection 16)
[ok] boston_query_-Zk-uQZzECPhvd8WV6mxhQ isotropic seed=5678 gain=2.231 max|d|=10.35 (no projection)
[ok] boston_query_-Zk-uQZzECPhvd8WV6mxhQ direction seed=9012 gain=0.434 max|d|=6.94 (projection 16)
[ok] boston_query_-Zk-uQZzECPhvd8WV6mxhQ direction_eot seed=9012 gain=0.358 max|d|=5.73 (projection 16)
[ok] boston_query_-Zk-uQZzECPhvd8WV6mxhQ isotropic seed=9012 gain=2.245 max|d|=11.31 (no projection)
[ok] cph_query_-YjbrleIz5WKWE1Rmmo4fg direction seed=5678 gain=0.461 max|d|=7.38 (projection 16)
[ok] cph_query_-YjbrleIz5WKWE1Rmmo4fg direction_eot seed=5678 gain=0.362 max|d|=5.79 (projection 16)
[ok] cph_query_-YjbrleIz5WKWE1Rmmo4fg isotropic seed=5678 gain=2.240 max|d|=9.77 (no projection)
[ok] cph_query_-YjbrleIz5WKWE1Rmmo4fg direction seed=9012 gain=0.460 max|d|=7.35 (projection 16)
[ok] cph_query_-YjbrleIz5WKWE1Rmmo4fg direction_eot seed=9012 gain=0.369 max|d|=5.91 (projection 16)
[ok] cph_query_-YjbrleIz5WKWE1Rmmo4fg isotropic seed=9012 gain=2.232 max|d|=9.69 (no projection)
[ok] london_query_0LQj6exgKdVQbIBlQAVcrw direction seed=5678 gain=0.444 max|d|=7.10 (projection 16)
[ok] london_query_0LQj6exgKdVQbIBlQAVcrw direction_eot seed=5678 gain=0.333 max|d|=5.33 (projection 16)
[ok] london_query_0LQj6exgKdVQbIBlQAVcrw isotropic seed=5678 gain=2.246 max|d|=11.11 (no projection)
[ok] london_query_0LQj6exgKdVQbIBlQAVcrw direction seed=9012 gain=0.439 max|d|=7.03 (projection 16)
[ok] london_query_0LQj6exgKdVQbIBlQAVcrw direction_eot seed=9012 gain=0.331 max|d|=5.30 (projection 16)
[ok] london_query_0LQj6exgKdVQbIBlQAVcrw isotropic seed=9012 gain=2.239 max|d|=9.97 (no projection)
[ok] manila_query_-fizm8lmdD_ORe0_j5qnJQ direction seed=5678 gain=0.450 max|d|=7.20 (projection 16)
[ok] manila_query_-fizm8lmdD_ORe0_j5qnJQ direction_eot seed=5678 gain=0.358 max|d|=5.73 (projection 16)
[ok] manila_query_-fizm8lmdD_ORe0_j5qnJQ isotropic seed=5678 gain=2.255 max|d|=10.66 (no projection)
[ok] manila_query_-fizm8lmdD_ORe0_j5qnJQ direction seed=9012 gain=0.450 max|d|=7.20 (projection 16)
[ok] manila_query_-fizm8lmdD_ORe0_j5qnJQ direction_eot seed=9012 gain=0.359 max|d|=5.74 (projection 16)
[ok] manila_query_-fizm8lmdD_ORe0_j5qnJQ isotropic seed=9012 gain=2.249 max|d|=10.58 (no projection)
[ok] nairobi_query_4otBu8pxIHc7lXwh66bqHQ direction seed=5678 gain=0.426 max|d|=6.82 (projection 16)
[ok] nairobi_query_4otBu8pxIHc7lXwh66bqHQ direction_eot seed=5678 gain=0.348 max|d|=5.57 (projection 16)
[ok] nairobi_query_4otBu8pxIHc7lXwh66bqHQ isotropic seed=5678 gain=2.236 max|d|=10.93 (no projection)
[ok] nairobi_query_4otBu8pxIHc7lXwh66bqHQ direction seed=9012 gain=0.437 max|d|=7.00 (projection 16)
[ok] nairobi_query_4otBu8pxIHc7lXwh66bqHQ direction_eot seed=9012 gain=0.339 max|d|=5.42 (projection 16)
[ok] nairobi_query_4otBu8pxIHc7lXwh66bqHQ isotropic seed=9012 gain=2.237 max|d|=10.63 (no projection)
[ok] toronto_query_-Pkw8dqFfD76K-CZ7pnCVQ direction seed=5678 gain=0.457 max|d|=7.30 (projection 16)
[ok] toronto_query_-Pkw8dqFfD76K-CZ7pnCVQ direction_eot seed=5678 gain=0.363 max|d|=5.81 (projection 16)
[ok] toronto_query_-Pkw8dqFfD76K-CZ7pnCVQ isotropic seed=5678 gain=2.283 max|d|=11.19 (no projection)
[ok] toronto_query_-Pkw8dqFfD76K-CZ7pnCVQ direction seed=9012 gain=0.452 max|d|=7.23 (projection 16)
[ok] toronto_query_-Pkw8dqFfD76K-CZ7pnCVQ direction_eot seed=9012 gain=0.367 max|d|=5.87 (projection 16)
[ok] toronto_query_-Pkw8dqFfD76K-CZ7pnCVQ isotropic seed=9012 gain=2.233 max|d|=9.97 (no projection)
[ok] zurich_query_1-8NWRY7HPTPq2lkQitPfw direction seed=5678 gain=0.384 max|d|=6.14 (projection 16)
[ok] zurich_query_1-8NWRY7HPTPq2lkQitPfw direction_eot seed=5678 gain=0.325 max|d|=5.20 (projection 16)
[ok] zurich_query_1-8NWRY7HPTPq2lkQitPfw isotropic seed=5678 gain=2.265 max|d|=10.41 (no projection)
[ok] zurich_query_1-8NWRY7HPTPq2lkQitPfw direction seed=9012 gain=0.379 max|d|=6.07 (projection 16)
[ok] zurich_query_1-8NWRY7HPTPq2lkQitPfw direction_eot seed=9012 gain=0.326 max|d|=5.21 (projection 16)
[ok] zurich_query_1-8NWRY7HPTPq2lkQitPfw isotropic seed=9012 gain=2.258 max|d|=10.74 (no projection)
[ok] amman_query_2rTDzpKAZdmx5K2aSyos9w direction seed=5678 gain=0.442 max|d|=7.07 (projection 16)
[ok] amman_query_2rTDzpKAZdmx5K2aSyos9w direction_eot seed=5678 gain=0.354 max|d|=5.66 (projection 16)
[ok] amman_query_2rTDzpKAZdmx5K2aSyos9w isotropic seed=5678 gain=2.238 max|d|=9.74 (no projection)
[ok] amman_query_2rTDzpKAZdmx5K2aSyos9w direction seed=9012 gain=0.443 max|d|=7.09 (projection 16)
[ok] amman_query_2rTDzpKAZdmx5K2aSyos9w direction_eot seed=9012 gain=0.355 max|d|=5.68 (projection 16)
[ok] amman_query_2rTDzpKAZdmx5K2aSyos9w isotropic seed=9012 gain=2.235 max|d|=10.93 (no projection)
[ok] boston_query_-_69BJwJSLQGnzQD20QsOg direction seed=5678 gain=0.408 max|d|=6.53 (projection 16)
[ok] boston_query_-_69BJwJSLQGnzQD20QsOg direction_eot seed=5678 gain=0.333 max|d|=5.32 (projection 16)
[ok] boston_query_-_69BJwJSLQGnzQD20QsOg isotropic seed=5678 gain=2.078 max|d|=10.18 (no projection)
[ok] boston_query_-_69BJwJSLQGnzQD20QsOg direction seed=9012 gain=0.398 max|d|=6.37 (projection 16)
[ok] boston_query_-_69BJwJSLQGnzQD20QsOg direction_eot seed=9012 gain=0.323 max|d|=5.16 (projection 16)
[ok] boston_query_-_69BJwJSLQGnzQD20QsOg isotropic seed=9012 gain=2.265 max|d|=9.80 (no projection)
[ok] cph_query_-YnFOjTmnQhpLwXt2EJ1QQ direction seed=5678 gain=0.482 max|d|=7.71 (projection 16)
[ok] cph_query_-YnFOjTmnQhpLwXt2EJ1QQ direction_eot seed=5678 gain=0.357 max|d|=5.71 (projection 16)
[ok] cph_query_-YnFOjTmnQhpLwXt2EJ1QQ isotropic seed=5678 gain=2.267 max|d|=10.85 (no projection)
[ok] cph_query_-YnFOjTmnQhpLwXt2EJ1QQ direction seed=9012 gain=0.478 max|d|=7.64 (projection 16)
[ok] cph_query_-YnFOjTmnQhpLwXt2EJ1QQ direction_eot seed=9012 gain=0.359 max|d|=5.74 (projection 16)
[ok] cph_query_-YnFOjTmnQhpLwXt2EJ1QQ isotropic seed=9012 gain=2.270 max|d|=9.70 (no projection)
[ok] london_query_0M3fNwl2Fi82PVH3lDRsCg direction seed=5678 gain=0.408 max|d|=6.53 (projection 16)
[ok] london_query_0M3fNwl2Fi82PVH3lDRsCg direction_eot seed=5678 gain=0.325 max|d|=5.20 (projection 16)
[ok] london_query_0M3fNwl2Fi82PVH3lDRsCg isotropic seed=5678 gain=2.260 max|d|=10.31 (no projection)
[ok] london_query_0M3fNwl2Fi82PVH3lDRsCg direction seed=9012 gain=0.410 max|d|=6.57 (projection 16)
[ok] london_query_0M3fNwl2Fi82PVH3lDRsCg direction_eot seed=9012 gain=0.333 max|d|=5.33 (projection 16)
[ok] london_query_0M3fNwl2Fi82PVH3lDRsCg isotropic seed=9012 gain=2.263 max|d|=10.13 (no projection)
[ok] manila_query_-hNuMbgiWK_ZPELfuWj5FQ direction seed=5678 gain=0.431 max|d|=6.89 (projection 16)
[ok] manila_query_-hNuMbgiWK_ZPELfuWj5FQ direction_eot seed=5678 gain=0.354 max|d|=5.66 (projection 16)
[ok] manila_query_-hNuMbgiWK_ZPELfuWj5FQ isotropic seed=5678 gain=2.033 max|d|=10.28 (no projection)
[ok] manila_query_-hNuMbgiWK_ZPELfuWj5FQ direction seed=9012 gain=0.425 max|d|=6.79 (projection 16)
[ok] manila_query_-hNuMbgiWK_ZPELfuWj5FQ direction_eot seed=9012 gain=0.347 max|d|=5.55 (projection 16)
[ok] manila_query_-hNuMbgiWK_ZPELfuWj5FQ isotropic seed=9012 gain=2.262 max|d|=10.17 (no projection)
[ok] nairobi_query_5ISN1dRvjgJI9rd6GbusNQ direction seed=5678 gain=0.451 max|d|=7.21 (projection 16)
[ok] nairobi_query_5ISN1dRvjgJI9rd6GbusNQ direction_eot seed=5678 gain=0.347 max|d|=5.55 (projection 16)
[ok] nairobi_query_5ISN1dRvjgJI9rd6GbusNQ isotropic seed=5678 gain=2.273 max|d|=10.66 (no projection)
[ok] nairobi_query_5ISN1dRvjgJI9rd6GbusNQ direction seed=9012 gain=0.458 max|d|=7.32 (projection 16)
[ok] nairobi_query_5ISN1dRvjgJI9rd6GbusNQ direction_eot seed=9012 gain=0.364 max|d|=5.82 (projection 16)
[ok] nairobi_query_5ISN1dRvjgJI9rd6GbusNQ isotropic seed=9012 gain=2.276 max|d|=10.59 (no projection)
[ok] toronto_query_-PuMS2UqNh7dbLLfWE37yg direction seed=5678 gain=0.435 max|d|=6.96 (projection 16)
[ok] toronto_query_-PuMS2UqNh7dbLLfWE37yg direction_eot seed=5678 gain=0.353 max|d|=5.65 (projection 16)
[ok] toronto_query_-PuMS2UqNh7dbLLfWE37yg isotropic seed=5678 gain=2.276 max|d|=10.54 (no projection)
[ok] toronto_query_-PuMS2UqNh7dbLLfWE37yg direction seed=9012 gain=0.433 max|d|=6.93 (projection 16)
[ok] toronto_query_-PuMS2UqNh7dbLLfWE37yg direction_eot seed=9012 gain=0.344 max|d|=5.50 (projection 16)
[ok] toronto_query_-PuMS2UqNh7dbLLfWE37yg isotropic seed=9012 gain=2.282 max|d|=11.01 (no projection)
[ok] zurich_query_1-TXtjFv1nAkC2AZXfhuDg direction seed=5678 gain=0.447 max|d|=7.16 (projection 16)
[ok] zurich_query_1-TXtjFv1nAkC2AZXfhuDg direction_eot seed=5678 gain=0.358 max|d|=5.73 (projection 16)
[ok] zurich_query_1-TXtjFv1nAkC2AZXfhuDg isotropic seed=5678 gain=2.252 max|d|=9.49 (no projection)
[ok] zurich_query_1-TXtjFv1nAkC2AZXfhuDg direction seed=9012 gain=0.447 max|d|=7.15 (projection 16)
[ok] zurich_query_1-TXtjFv1nAkC2AZXfhuDg direction_eot seed=9012 gain=0.341 max|d|=5.45 (projection 16)
[ok] zurich_query_1-TXtjFv1nAkC2AZXfhuDg isotropic seed=9012 gain=2.259 max|d|=10.22 (no projection)
[done] wrote /root/autodl-tmp/PPEDCRF/src/outputs/tifs6_a8_mse5.0_s2/serialized_release.csv/serialized_release.csv
EXIT=0
