[ok] amman_query_-39Q9edqZUArYHa41OPDoQ direction seed=5678 gain=3.128 max|d|=50.05 (projection 16)
[ok] amman_query_-39Q9edqZUArYHa41OPDoQ direction_eot seed=5678 gain=2.461 max|d|=39.38 (projection 16)
[ok] amman_query_-39Q9edqZUArYHa41OPDoQ isotropic seed=5678 gain=15.735 max|d|=74.10 (no projection)
[ok] amman_query_-39Q9edqZUArYHa41OPDoQ direction seed=9012 gain=3.148 max|d|=50.36 (projection 16)
[ok] amman_query_-39Q9edqZUArYHa41OPDoQ direction_eot seed=9012 gain=2.502 max|d|=40.03 (projection 16)
[ok] amman_query_-39Q9edqZUArYHa41OPDoQ isotropic seed=9012 gain=15.774 max|d|=73.89 (no projection)
[ok] boston_query_--LUAhgqzqNM6FyWSJ-Dsw direction seed=5678 gain=3.174 max|d|=50.78 (projection 16)
[ok] boston_query_--LUAhgqzqNM6FyWSJ-Dsw direction_eot seed=5678 gain=2.507 max|d|=40.12 (projection 16)
[ok] boston_query_--LUAhgqzqNM6FyWSJ-Dsw isotropic seed=5678 gain=16.126 max|d|=77.09 (no projection)
[ok] boston_query_--LUAhgqzqNM6FyWSJ-Dsw direction seed=9012 gain=3.154 max|d|=50.47 (projection 16)
[ok] boston_query_--LUAhgqzqNM6FyWSJ-Dsw direction_eot seed=9012 gain=2.504 max|d|=40.06 (projection 16)
[ok] boston_query_--LUAhgqzqNM6FyWSJ-Dsw isotropic seed=9012 gain=15.936 max|d|=68.23 (no projection)
[ok] cph_query_--FyHVca3HP-QgUmcAvToA direction seed=5678 gain=3.171 max|d|=50.73 (projection 16)
[ok] cph_query_--FyHVca3HP-QgUmcAvToA direction_eot seed=5678 gain=2.534 max|d|=40.54 (projection 16)
[ok] cph_query_--FyHVca3HP-QgUmcAvToA isotropic seed=5678 gain=15.714 max|d|=74.38 (no projection)
[ok] cph_query_--FyHVca3HP-QgUmcAvToA direction seed=9012 gain=3.205 max|d|=51.27 (projection 16)
[ok] cph_query_--FyHVca3HP-QgUmcAvToA direction_eot seed=9012 gain=2.458 max|d|=39.33 (projection 16)
[ok] cph_query_--FyHVca3HP-QgUmcAvToA isotropic seed=9012 gain=15.730 max|d|=76.90 (no projection)
[ok] london_query_-0u7VsCOCAmwH4RFsN5BoA direction seed=5678 gain=3.037 max|d|=48.59 (projection 16)
[ok] london_query_-0u7VsCOCAmwH4RFsN5BoA direction_eot seed=5678 gain=2.389 max|d|=38.22 (projection 16)
[ok] london_query_-0u7VsCOCAmwH4RFsN5BoA isotropic seed=5678 gain=16.333 max|d|=83.65 (no projection)
[ok] london_query_-0u7VsCOCAmwH4RFsN5BoA direction seed=9012 gain=3.051 max|d|=48.82 (projection 16)
[ok] london_query_-0u7VsCOCAmwH4RFsN5BoA direction_eot seed=9012 gain=2.430 max|d|=38.88 (projection 16)
[ok] london_query_-0u7VsCOCAmwH4RFsN5BoA isotropic seed=9012 gain=16.397 max|d|=85.57 (no projection)
[ok] manila_query_-10kuZ2TqVxJ-YLQJl2uqA direction seed=5678 gain=2.843 max|d|=45.49 (projection 16)
[ok] manila_query_-10kuZ2TqVxJ-YLQJl2uqA direction_eot seed=5678 gain=2.313 max|d|=37.01 (projection 16)
[ok] manila_query_-10kuZ2TqVxJ-YLQJl2uqA isotropic seed=5678 gain=15.791 max|d|=72.65 (no projection)
[ok] manila_query_-10kuZ2TqVxJ-YLQJl2uqA direction seed=9012 gain=2.881 max|d|=46.10 (projection 16)
[ok] manila_query_-10kuZ2TqVxJ-YLQJl2uqA direction_eot seed=9012 gain=2.251 max|d|=36.02 (projection 16)
[ok] manila_query_-10kuZ2TqVxJ-YLQJl2uqA isotropic seed=9012 gain=14.914 max|d|=68.38 (no projection)
[ok] nairobi_query_-K4R8iYrz9LwQ7wia8JZtQ direction seed=5678 gain=3.040 max|d|=48.64 (projection 16)
[ok] nairobi_query_-K4R8iYrz9LwQ7wia8JZtQ direction_eot seed=5678 gain=2.499 max|d|=39.98 (projection 16)
[ok] nairobi_query_-K4R8iYrz9LwQ7wia8JZtQ isotropic seed=5678 gain=15.667 max|d|=72.57 (no projection)
[ok] nairobi_query_-K4R8iYrz9LwQ7wia8JZtQ direction seed=9012 gain=3.040 max|d|=48.64 (projection 16)
[ok] nairobi_query_-K4R8iYrz9LwQ7wia8JZtQ direction_eot seed=9012 gain=2.453 max|d|=39.25 (projection 16)
[ok] nairobi_query_-K4R8iYrz9LwQ7wia8JZtQ isotropic seed=9012 gain=15.684 max|d|=72.05 (no projection)
[ok] toronto_query_-1caqsIDW4YpUBZB98J9uV direction seed=5678 gain=3.153 max|d|=50.44 (projection 16)
[ok] toronto_query_-1caqsIDW4YpUBZB98J9uV direction_eot seed=5678 gain=2.493 max|d|=39.89 (projection 16)
[ok] toronto_query_-1caqsIDW4YpUBZB98J9uV isotropic seed=5678 gain=16.308 max|d|=76.67 (no projection)
[ok] toronto_query_-1caqsIDW4YpUBZB98J9uV direction seed=9012 gain=3.183 max|d|=50.92 (projection 16)
[ok] toronto_query_-1caqsIDW4YpUBZB98J9uV direction_eot seed=9012 gain=2.451 max|d|=39.22 (projection 16)
[ok] toronto_query_-1caqsIDW4YpUBZB98J9uV isotropic seed=9012 gain=16.294 max|d|=74.18 (no projection)
[ok] zurich_query_--RjvuIbkJiPNJknyeZN_Q direction seed=5678 gain=3.095 max|d|=49.52 (projection 16)
[ok] zurich_query_--RjvuIbkJiPNJknyeZN_Q direction_eot seed=5678 gain=2.480 max|d|=39.68 (projection 16)
[ok] zurich_query_--RjvuIbkJiPNJknyeZN_Q isotropic seed=5678 gain=15.637 max|d|=67.50 (no projection)
[ok] zurich_query_--RjvuIbkJiPNJknyeZN_Q direction seed=9012 gain=3.094 max|d|=49.50 (projection 16)
[ok] zurich_query_--RjvuIbkJiPNJknyeZN_Q direction_eot seed=9012 gain=2.453 max|d|=39.24 (projection 16)
[ok] zurich_query_--RjvuIbkJiPNJknyeZN_Q isotropic seed=9012 gain=15.448 max|d|=71.24 (no projection)
[ok] amman_query_-6eEB_fS2eePRNUql6vOrQ direction seed=5678 gain=2.908 max|d|=46.52 (projection 16)
[ok] amman_query_-6eEB_fS2eePRNUql6vOrQ direction_eot seed=5678 gain=2.392 max|d|=38.27 (projection 16)
[ok] amman_query_-6eEB_fS2eePRNUql6vOrQ isotropic seed=5678 gain=15.596 max|d|=66.82 (no projection)
[ok] amman_query_-6eEB_fS2eePRNUql6vOrQ direction seed=9012 gain=2.908 max|d|=46.53 (projection 16)
[ok] amman_query_-6eEB_fS2eePRNUql6vOrQ direction_eot seed=9012 gain=2.301 max|d|=36.82 (projection 16)
[ok] amman_query_-6eEB_fS2eePRNUql6vOrQ isotropic seed=9012 gain=15.064 max|d|=70.14 (no projection)
[ok] boston_query_--VtRctVkqAafFr5b_6GXg direction seed=5678 gain=3.102 max|d|=49.63 (projection 16)
[ok] boston_query_--VtRctVkqAafFr5b_6GXg direction_eot seed=5678 gain=2.350 max|d|=37.60 (projection 16)
[ok] boston_query_--VtRctVkqAafFr5b_6GXg isotropic seed=5678 gain=15.998 max|d|=72.50 (no projection)
[ok] boston_query_--VtRctVkqAafFr5b_6GXg direction seed=9012 gain=3.055 max|d|=48.87 (projection 16)
[ok] boston_query_--VtRctVkqAafFr5b_6GXg direction_eot seed=9012 gain=2.424 max|d|=38.79 (projection 16)
[ok] boston_query_--VtRctVkqAafFr5b_6GXg isotropic seed=9012 gain=15.891 max|d|=74.66 (no projection)
[ok] cph_query_--kN3Y3n0x47vWa8WX-a8w direction seed=5678 gain=3.081 max|d|=49.30 (projection 16)
[ok] cph_query_--kN3Y3n0x47vWa8WX-a8w direction_eot seed=5678 gain=2.429 max|d|=38.87 (projection 16)
[ok] cph_query_--kN3Y3n0x47vWa8WX-a8w isotropic seed=5678 gain=15.649 max|d|=68.55 (no projection)
[ok] cph_query_--kN3Y3n0x47vWa8WX-a8w direction seed=9012 gain=3.070 max|d|=49.12 (projection 16)
[ok] cph_query_--kN3Y3n0x47vWa8WX-a8w direction_eot seed=9012 gain=2.428 max|d|=38.85 (projection 16)
[ok] cph_query_--kN3Y3n0x47vWa8WX-a8w isotropic seed=9012 gain=15.583 max|d|=73.08 (no projection)
[ok] london_query_-4Vq2O1PhPmG6WK-yV402Q direction seed=5678 gain=3.082 max|d|=49.31 (projection 16)
[ok] london_query_-4Vq2O1PhPmG6WK-yV402Q direction_eot seed=5678 gain=2.506 max|d|=40.10 (projection 16)
[ok] london_query_-4Vq2O1PhPmG6WK-yV402Q isotropic seed=5678 gain=16.162 max|d|=74.02 (no projection)
[ok] london_query_-4Vq2O1PhPmG6WK-yV402Q direction seed=9012 gain=3.062 max|d|=48.99 (projection 16)
[ok] london_query_-4Vq2O1PhPmG6WK-yV402Q direction_eot seed=9012 gain=2.443 max|d|=39.08 (projection 16)
[ok] london_query_-4Vq2O1PhPmG6WK-yV402Q isotropic seed=9012 gain=16.151 max|d|=71.10 (no projection)
[ok] manila_query_-10rV9IlRhgTnk5e_QJbgA direction seed=5678 gain=3.298 max|d|=52.77 (projection 16)
[ok] manila_query_-10rV9IlRhgTnk5e_QJbgA direction_eot seed=5678 gain=2.665 max|d|=42.63 (projection 16)
[ok] manila_query_-10rV9IlRhgTnk5e_QJbgA isotropic seed=5678 gain=17.188 max|d|=84.76 (no projection)
[ok] manila_query_-10rV9IlRhgTnk5e_QJbgA direction seed=9012 gain=3.296 max|d|=52.74 (projection 16)
[ok] manila_query_-10rV9IlRhgTnk5e_QJbgA direction_eot seed=9012 gain=2.656 max|d|=42.50 (projection 16)
[ok] manila_query_-10rV9IlRhgTnk5e_QJbgA isotropic seed=9012 gain=17.129 max|d|=77.18 (no projection)
[ok] nairobi_query_-cS3FR1RBElNB48QQHiL0Q direction seed=5678 gain=3.121 max|d|=49.94 (projection 16)
[ok] nairobi_query_-cS3FR1RBElNB48QQHiL0Q direction_eot seed=5678 gain=2.481 max|d|=39.69 (projection 16)
[ok] nairobi_query_-cS3FR1RBElNB48QQHiL0Q isotropic seed=5678 gain=15.151 max|d|=74.25 (no projection)
[ok] nairobi_query_-cS3FR1RBElNB48QQHiL0Q direction seed=9012 gain=3.155 max|d|=50.47 (projection 16)
[ok] nairobi_query_-cS3FR1RBElNB48QQHiL0Q direction_eot seed=9012 gain=2.451 max|d|=39.21 (projection 16)
[ok] nairobi_query_-cS3FR1RBElNB48QQHiL0Q isotropic seed=9012 gain=15.596 max|d|=70.39 (no projection)
[ok] toronto_query_-3UT7A8bNUkVBgSLW30-ow direction seed=5678 gain=3.275 max|d|=52.40 (projection 16)
[ok] toronto_query_-3UT7A8bNUkVBgSLW30-ow direction_eot seed=5678 gain=2.603 max|d|=41.64 (projection 16)
[ok] toronto_query_-3UT7A8bNUkVBgSLW30-ow isotropic seed=5678 gain=15.878 max|d|=73.39 (no projection)
[ok] toronto_query_-3UT7A8bNUkVBgSLW30-ow direction seed=9012 gain=3.311 max|d|=52.98 (projection 16)
[ok] toronto_query_-3UT7A8bNUkVBgSLW30-ow direction_eot seed=9012 gain=2.557 max|d|=40.92 (projection 16)
[ok] toronto_query_-3UT7A8bNUkVBgSLW30-ow isotropic seed=9012 gain=16.692 max|d|=77.29 (no projection)
[ok] zurich_query_-25E3MQ0PY1vs_FT7mKaUw direction seed=5678 gain=3.230 max|d|=51.68 (projection 16)
[ok] zurich_query_-25E3MQ0PY1vs_FT7mKaUw direction_eot seed=5678 gain=2.567 max|d|=41.08 (projection 16)
[ok] zurich_query_-25E3MQ0PY1vs_FT7mKaUw isotropic seed=5678 gain=16.516 max|d|=76.22 (no projection)
[ok] zurich_query_-25E3MQ0PY1vs_FT7mKaUw direction seed=9012 gain=3.169 max|d|=50.71 (projection 16)
[ok] zurich_query_-25E3MQ0PY1vs_FT7mKaUw direction_eot seed=9012 gain=2.592 max|d|=41.48 (projection 16)
[ok] zurich_query_-25E3MQ0PY1vs_FT7mKaUw isotropic seed=9012 gain=16.528 max|d|=75.09 (no projection)
[ok] amman_query_-BJoV1t0rKwEzk0bsZplVQ direction seed=5678 gain=3.226 max|d|=51.62 (projection 16)
[ok] amman_query_-BJoV1t0rKwEzk0bsZplVQ direction_eot seed=5678 gain=2.612 max|d|=41.80 (projection 16)
[ok] amman_query_-BJoV1t0rKwEzk0bsZplVQ isotropic seed=5678 gain=15.625 max|d|=70.76 (no projection)
[ok] amman_query_-BJoV1t0rKwEzk0bsZplVQ direction seed=9012 gain=3.240 max|d|=51.84 (projection 16)
[ok] amman_query_-BJoV1t0rKwEzk0bsZplVQ direction_eot seed=9012 gain=2.618 max|d|=41.89 (projection 16)
[ok] amman_query_-BJoV1t0rKwEzk0bsZplVQ isotropic seed=9012 gain=15.607 max|d|=76.92 (no projection)
[ok] boston_query_-0n5FDAuOditKvxIekIbBg direction seed=5678 gain=3.500 max|d|=56.00 (projection 16)
[ok] boston_query_-0n5FDAuOditKvxIekIbBg direction_eot seed=5678 gain=2.845 max|d|=45.53 (projection 16)
[ok] boston_query_-0n5FDAuOditKvxIekIbBg isotropic seed=5678 gain=17.763 max|d|=77.67 (no projection)
[ok] boston_query_-0n5FDAuOditKvxIekIbBg direction seed=9012 gain=3.462 max|d|=55.39 (projection 16)
[ok] boston_query_-0n5FDAuOditKvxIekIbBg direction_eot seed=9012 gain=2.856 max|d|=45.69 (projection 16)
[ok] boston_query_-0n5FDAuOditKvxIekIbBg isotropic seed=9012 gain=16.990 max|d|=78.67 (no projection)
[ok] cph_query_--xKnCCc_4tDGo80iM-A_g direction seed=5678 gain=2.912 max|d|=46.59 (projection 16)
[ok] cph_query_--xKnCCc_4tDGo80iM-A_g direction_eot seed=5678 gain=2.425 max|d|=38.81 (projection 16)
[ok] cph_query_--xKnCCc_4tDGo80iM-A_g isotropic seed=5678 gain=15.802 max|d|=77.24 (no projection)
[ok] cph_query_--xKnCCc_4tDGo80iM-A_g direction seed=9012 gain=2.909 max|d|=46.54 (projection 16)
[ok] cph_query_--xKnCCc_4tDGo80iM-A_g direction_eot seed=9012 gain=2.409 max|d|=38.55 (projection 16)
[ok] cph_query_--xKnCCc_4tDGo80iM-A_g isotropic seed=9012 gain=15.774 max|d|=81.22 (no projection)
[ok] london_query_-4pmBOZmF-ynXSkWw5BAew direction seed=5678 gain=2.867 max|d|=45.86 (projection 16)
[ok] london_query_-4pmBOZmF-ynXSkWw5BAew direction_eot seed=5678 gain=2.279 max|d|=36.46 (projection 16)
[ok] london_query_-4pmBOZmF-ynXSkWw5BAew isotropic seed=5678 gain=16.353 max|d|=71.32 (no projection)
[ok] london_query_-4pmBOZmF-ynXSkWw5BAew direction seed=9012 gain=2.895 max|d|=46.32 (projection 16)
[ok] london_query_-4pmBOZmF-ynXSkWw5BAew direction_eot seed=9012 gain=2.322 max|d|=37.14 (projection 16)
[ok] london_query_-4pmBOZmF-ynXSkWw5BAew isotropic seed=9012 gain=16.369 max|d|=70.80 (no projection)
[ok] manila_query_-2h231ovohZWmrsaBllNyw direction seed=5678 gain=2.863 max|d|=45.81 (projection 16)
[ok] manila_query_-2h231ovohZWmrsaBllNyw direction_eot seed=5678 gain=2.273 max|d|=36.37 (projection 16)
[ok] manila_query_-2h231ovohZWmrsaBllNyw isotropic seed=5678 gain=15.995 max|d|=77.49 (no projection)
[ok] manila_query_-2h231ovohZWmrsaBllNyw direction seed=9012 gain=2.834 max|d|=45.35 (projection 16)
[ok] manila_query_-2h231ovohZWmrsaBllNyw direction_eot seed=9012 gain=2.288 max|d|=36.61 (projection 16)
[ok] manila_query_-2h231ovohZWmrsaBllNyw isotropic seed=9012 gain=15.997 max|d|=87.96 (no projection)
[ok] nairobi_query_-dn1KaWvGY9H5JRLNtaYPg direction seed=5678 gain=3.279 max|d|=52.46 (projection 16)
[ok] nairobi_query_-dn1KaWvGY9H5JRLNtaYPg direction_eot seed=5678 gain=2.599 max|d|=41.59 (projection 16)
[ok] nairobi_query_-dn1KaWvGY9H5JRLNtaYPg isotropic seed=5678 gain=16.306 max|d|=72.78 (no projection)
[ok] nairobi_query_-dn1KaWvGY9H5JRLNtaYPg direction seed=9012 gain=3.298 max|d|=52.77 (projection 16)
[ok] nairobi_query_-dn1KaWvGY9H5JRLNtaYPg direction_eot seed=9012 gain=2.606 max|d|=41.70 (projection 16)
[ok] nairobi_query_-dn1KaWvGY9H5JRLNtaYPg isotropic seed=9012 gain=16.409 max|d|=80.07 (no projection)
[ok] toronto_query_-4IVXvKV2D8brXjQPZ1GRA direction seed=5678 gain=2.913 max|d|=46.61 (projection 16)
[ok] toronto_query_-4IVXvKV2D8brXjQPZ1GRA direction_eot seed=5678 gain=2.423 max|d|=38.77 (projection 16)
[ok] toronto_query_-4IVXvKV2D8brXjQPZ1GRA isotropic seed=5678 gain=16.461 max|d|=79.16 (no projection)
[ok] toronto_query_-4IVXvKV2D8brXjQPZ1GRA direction seed=9012 gain=2.919 max|d|=46.70 (projection 16)
[ok] toronto_query_-4IVXvKV2D8brXjQPZ1GRA direction_eot seed=9012 gain=2.315 max|d|=37.04 (projection 16)
[ok] toronto_query_-4IVXvKV2D8brXjQPZ1GRA isotropic seed=9012 gain=16.477 max|d|=77.30 (no projection)
[ok] zurich_query_-4StYjY5sT1S23ls5heCbg direction seed=5678 gain=2.836 max|d|=45.38 (projection 16)
[ok] zurich_query_-4StYjY5sT1S23ls5heCbg direction_eot seed=5678 gain=2.304 max|d|=36.86 (projection 16)
[ok] zurich_query_-4StYjY5sT1S23ls5heCbg isotropic seed=5678 gain=16.317 max|d|=80.03 (no projection)
[ok] zurich_query_-4StYjY5sT1S23ls5heCbg direction seed=9012 gain=2.783 max|d|=44.52 (projection 16)
[ok] zurich_query_-4StYjY5sT1S23ls5heCbg direction_eot seed=9012 gain=2.319 max|d|=37.11 (projection 16)
[ok] zurich_query_-4StYjY5sT1S23ls5heCbg isotropic seed=9012 gain=16.261 max|d|=77.15 (no projection)
[ok] amman_query_-D0IlKF__f0c9DPAKbiYnw direction seed=5678 gain=3.316 max|d|=53.06 (projection 16)
[ok] amman_query_-D0IlKF__f0c9DPAKbiYnw direction_eot seed=5678 gain=2.721 max|d|=43.53 (projection 16)
[ok] amman_query_-D0IlKF__f0c9DPAKbiYnw isotropic seed=5678 gain=14.839 max|d|=69.69 (no projection)
[ok] amman_query_-D0IlKF__f0c9DPAKbiYnw direction seed=9012 gain=3.301 max|d|=52.81 (projection 16)
[ok] amman_query_-D0IlKF__f0c9DPAKbiYnw direction_eot seed=9012 gain=2.722 max|d|=43.55 (projection 16)
[ok] amman_query_-D0IlKF__f0c9DPAKbiYnw isotropic seed=9012 gain=15.000 max|d|=67.84 (no projection)
[ok] boston_query_-3hM-MR6uuw3se14vw3G0w direction seed=5678 gain=3.341 max|d|=53.46 (projection 16)
[ok] boston_query_-3hM-MR6uuw3se14vw3G0w direction_eot seed=5678 gain=2.754 max|d|=44.06 (projection 16)
[ok] boston_query_-3hM-MR6uuw3se14vw3G0w isotropic seed=5678 gain=16.331 max|d|=71.14 (no projection)
[ok] boston_query_-3hM-MR6uuw3se14vw3G0w direction seed=9012 gain=3.329 max|d|=53.26 (projection 16)
[ok] boston_query_-3hM-MR6uuw3se14vw3G0w direction_eot seed=9012 gain=2.666 max|d|=42.65 (projection 16)
[ok] boston_query_-3hM-MR6uuw3se14vw3G0w isotropic seed=9012 gain=14.666 max|d|=72.42 (no projection)
[ok] cph_query_-05vIhjxDNupFcgaM90L3w direction seed=5678 gain=2.936 max|d|=46.97 (projection 16)
[ok] cph_query_-05vIhjxDNupFcgaM90L3w direction_eot seed=5678 gain=2.413 max|d|=38.61 (projection 16)
[ok] cph_query_-05vIhjxDNupFcgaM90L3w isotropic seed=5678 gain=16.306 max|d|=76.52 (no projection)
[ok] cph_query_-05vIhjxDNupFcgaM90L3w direction seed=9012 gain=2.958 max|d|=47.33 (projection 16)
[ok] cph_query_-05vIhjxDNupFcgaM90L3w direction_eot seed=9012 gain=2.376 max|d|=38.01 (projection 16)
[ok] cph_query_-05vIhjxDNupFcgaM90L3w isotropic seed=9012 gain=15.956 max|d|=74.47 (no projection)
[ok] london_query_-5QOE2AlZX8rEz8ONtGRrg direction seed=5678 gain=3.210 max|d|=51.36 (projection 16)
[ok] london_query_-5QOE2AlZX8rEz8ONtGRrg direction_eot seed=5678 gain=2.587 max|d|=41.40 (projection 16)
[ok] london_query_-5QOE2AlZX8rEz8ONtGRrg isotropic seed=5678 gain=12.523 max|d|=71.18 (no projection)
[ok] london_query_-5QOE2AlZX8rEz8ONtGRrg direction seed=9012 gain=3.263 max|d|=52.21 (projection 16)
[ok] london_query_-5QOE2AlZX8rEz8ONtGRrg direction_eot seed=9012 gain=2.556 max|d|=40.90 (projection 16)
[ok] london_query_-5QOE2AlZX8rEz8ONtGRrg isotropic seed=9012 gain=14.368 max|d|=74.49 (no projection)
[ok] manila_query_-3H2xPWPOqn_dCF2Lz5EtQ direction seed=5678 gain=3.034 max|d|=48.54 (projection 16)
[ok] manila_query_-3H2xPWPOqn_dCF2Lz5EtQ direction_eot seed=5678 gain=2.373 max|d|=37.97 (projection 16)
[ok] manila_query_-3H2xPWPOqn_dCF2Lz5EtQ isotropic seed=5678 gain=16.316 max|d|=73.23 (no projection)
[ok] manila_query_-3H2xPWPOqn_dCF2Lz5EtQ direction seed=9012 gain=3.021 max|d|=48.33 (projection 16)
[ok] manila_query_-3H2xPWPOqn_dCF2Lz5EtQ direction_eot seed=9012 gain=2.452 max|d|=39.23 (projection 16)
[ok] manila_query_-3H2xPWPOqn_dCF2Lz5EtQ isotropic seed=9012 gain=14.006 max|d|=75.98 (no projection)
[ok] nairobi_query_-f7xKWoDFjaXHyTtnRqVKw direction seed=5678 gain=3.380 max|d|=54.08 (projection 16)
[ok] nairobi_query_-f7xKWoDFjaXHyTtnRqVKw direction_eot seed=5678 gain=2.615 max|d|=41.84 (projection 16)
[ok] nairobi_query_-f7xKWoDFjaXHyTtnRqVKw isotropic seed=5678 gain=16.116 max|d|=78.57 (no projection)
[ok] nairobi_query_-f7xKWoDFjaXHyTtnRqVKw direction seed=9012 gain=3.379 max|d|=54.07 (projection 16)
[ok] nairobi_query_-f7xKWoDFjaXHyTtnRqVKw direction_eot seed=9012 gain=2.696 max|d|=43.14 (projection 16)
[ok] nairobi_query_-f7xKWoDFjaXHyTtnRqVKw isotropic seed=9012 gain=16.092 max|d|=72.52 (no projection)
[ok] toronto_query_-4mlNvZUZnbmRaGbiIndoA direction seed=5678 gain=2.858 max|d|=45.73 (projection 16)
[ok] toronto_query_-4mlNvZUZnbmRaGbiIndoA direction_eot seed=5678 gain=2.402 max|d|=38.43 (projection 16)
[ok] toronto_query_-4mlNvZUZnbmRaGbiIndoA isotropic seed=5678 gain=16.412 max|d|=80.53 (no projection)
[ok] toronto_query_-4mlNvZUZnbmRaGbiIndoA direction seed=9012 gain=2.852 max|d|=45.63 (projection 16)
[ok] toronto_query_-4mlNvZUZnbmRaGbiIndoA direction_eot seed=9012 gain=2.328 max|d|=37.25 (projection 16)
[ok] toronto_query_-4mlNvZUZnbmRaGbiIndoA isotropic seed=9012 gain=15.214 max|d|=74.03 (no projection)
[ok] zurich_query_-71-BK_yAOJ1soK0OQWIcg direction seed=5678 gain=2.589 max|d|=41.43 (projection 16)
[ok] zurich_query_-71-BK_yAOJ1soK0OQWIcg direction_eot seed=5678 gain=2.202 max|d|=35.23 (projection 16)
[ok] zurich_query_-71-BK_yAOJ1soK0OQWIcg isotropic seed=5678 gain=15.896 max|d|=78.98 (no projection)
[ok] zurich_query_-71-BK_yAOJ1soK0OQWIcg direction seed=9012 gain=2.595 max|d|=41.52 (projection 16)
[ok] zurich_query_-71-BK_yAOJ1soK0OQWIcg direction_eot seed=9012 gain=2.198 max|d|=35.17 (projection 16)
[ok] zurich_query_-71-BK_yAOJ1soK0OQWIcg isotropic seed=9012 gain=15.834 max|d|=69.70 (no projection)
[ok] amman_query_-EAmCN9i5BGEadZIccXEyA direction seed=5678 gain=3.197 max|d|=51.15 (projection 16)
[ok] amman_query_-EAmCN9i5BGEadZIccXEyA direction_eot seed=5678 gain=2.450 max|d|=39.20 (projection 16)
[ok] amman_query_-EAmCN9i5BGEadZIccXEyA isotropic seed=5678 gain=15.833 max|d|=78.35 (no projection)
[ok] amman_query_-EAmCN9i5BGEadZIccXEyA direction seed=9012 gain=3.188 max|d|=51.01 (projection 16)
[ok] amman_query_-EAmCN9i5BGEadZIccXEyA direction_eot seed=9012 gain=2.433 max|d|=38.92 (projection 16)
[ok] amman_query_-EAmCN9i5BGEadZIccXEyA isotropic seed=9012 gain=15.831 max|d|=67.88 (no projection)
[ok] boston_query_-4vuSn0vvcBVOccgQqFlow direction seed=5678 gain=2.904 max|d|=46.46 (projection 16)
[ok] boston_query_-4vuSn0vvcBVOccgQqFlow direction_eot seed=5678 gain=2.302 max|d|=36.84 (projection 16)
[ok] boston_query_-4vuSn0vvcBVOccgQqFlow isotropic seed=5678 gain=15.775 max|d|=68.42 (no projection)
[ok] boston_query_-4vuSn0vvcBVOccgQqFlow direction seed=9012 gain=2.951 max|d|=47.21 (projection 16)
[ok] boston_query_-4vuSn0vvcBVOccgQqFlow direction_eot seed=9012 gain=2.270 max|d|=36.32 (projection 16)
[ok] boston_query_-4vuSn0vvcBVOccgQqFlow isotropic seed=9012 gain=15.737 max|d|=69.35 (no projection)
[ok] cph_query_-07-gME-zaQLhCsFrSInSg direction seed=5678 gain=3.251 max|d|=52.02 (projection 16)
[ok] cph_query_-07-gME-zaQLhCsFrSInSg direction_eot seed=5678 gain=2.648 max|d|=42.37 (projection 16)
[ok] cph_query_-07-gME-zaQLhCsFrSInSg isotropic seed=5678 gain=15.753 max|d|=69.15 (no projection)
[ok] cph_query_-07-gME-zaQLhCsFrSInSg direction seed=9012 gain=3.264 max|d|=52.23 (projection 16)
[ok] cph_query_-07-gME-zaQLhCsFrSInSg direction_eot seed=9012 gain=2.633 max|d|=42.13 (projection 16)
[ok] cph_query_-07-gME-zaQLhCsFrSInSg isotropic seed=9012 gain=16.259 max|d|=74.86 (no projection)
[ok] london_query_-7U9wY8ynnu3oZ1g_-0xww direction seed=5678 gain=2.939 max|d|=47.02 (projection 16)
[ok] london_query_-7U9wY8ynnu3oZ1g_-0xww direction_eot seed=5678 gain=2.396 max|d|=38.33 (projection 16)
[ok] london_query_-7U9wY8ynnu3oZ1g_-0xww isotropic seed=5678 gain=16.040 max|d|=71.71 (no projection)
[ok] london_query_-7U9wY8ynnu3oZ1g_-0xww direction seed=9012 gain=2.916 max|d|=46.65 (projection 16)
[ok] london_query_-7U9wY8ynnu3oZ1g_-0xww direction_eot seed=9012 gain=2.397 max|d|=38.35 (projection 16)
[ok] london_query_-7U9wY8ynnu3oZ1g_-0xww isotropic seed=9012 gain=15.437 max|d|=68.14 (no projection)
[ok] manila_query_-5pMypBbFEXHPOTYNJl_EA direction seed=5678 gain=3.131 max|d|=50.10 (projection 16)
[ok] manila_query_-5pMypBbFEXHPOTYNJl_EA direction_eot seed=5678 gain=2.519 max|d|=40.30 (projection 16)
[ok] manila_query_-5pMypBbFEXHPOTYNJl_EA isotropic seed=5678 gain=16.556 max|d|=74.82 (no projection)
[ok] manila_query_-5pMypBbFEXHPOTYNJl_EA direction seed=9012 gain=3.131 max|d|=50.10 (projection 16)
[ok] manila_query_-5pMypBbFEXHPOTYNJl_EA direction_eot seed=9012 gain=2.555 max|d|=40.88 (projection 16)
[ok] manila_query_-5pMypBbFEXHPOTYNJl_EA isotropic seed=9012 gain=16.625 max|d|=84.05 (no projection)
[ok] nairobi_query_-rWgRitoKSYrdczUKUiOrA direction seed=5678 gain=3.294 max|d|=52.71 (projection 16)
[ok] nairobi_query_-rWgRitoKSYrdczUKUiOrA direction_eot seed=5678 gain=2.579 max|d|=41.26 (projection 16)
[ok] nairobi_query_-rWgRitoKSYrdczUKUiOrA isotropic seed=5678 gain=15.560 max|d|=69.88 (no projection)
[ok] nairobi_query_-rWgRitoKSYrdczUKUiOrA direction seed=9012 gain=3.288 max|d|=52.61 (projection 16)
[ok] nairobi_query_-rWgRitoKSYrdczUKUiOrA direction_eot seed=9012 gain=2.411 max|d|=38.57 (projection 16)
[ok] nairobi_query_-rWgRitoKSYrdczUKUiOrA isotropic seed=9012 gain=15.755 max|d|=77.18 (no projection)
[ok] toronto_query_-5HBlqC41yTbYA1NM7dz1A direction seed=5678 gain=2.875 max|d|=46.00 (projection 16)
[ok] toronto_query_-5HBlqC41yTbYA1NM7dz1A direction_eot seed=5678 gain=2.354 max|d|=37.67 (projection 16)
[ok] toronto_query_-5HBlqC41yTbYA1NM7dz1A isotropic seed=5678 gain=15.493 max|d|=70.09 (no projection)
[ok] toronto_query_-5HBlqC41yTbYA1NM7dz1A direction seed=9012 gain=2.881 max|d|=46.10 (projection 16)
[ok] toronto_query_-5HBlqC41yTbYA1NM7dz1A direction_eot seed=9012 gain=2.255 max|d|=36.08 (projection 16)
[ok] toronto_query_-5HBlqC41yTbYA1NM7dz1A isotropic seed=9012 gain=14.358 max|d|=70.46 (no projection)
[ok] zurich_query_-7bB9HS2MqV7UT7vRyROfg direction seed=5678 gain=3.287 max|d|=52.59 (projection 16)
[ok] zurich_query_-7bB9HS2MqV7UT7vRyROfg direction_eot seed=5678 gain=2.560 max|d|=40.97 (projection 16)
[ok] zurich_query_-7bB9HS2MqV7UT7vRyROfg isotropic seed=5678 gain=16.139 max|d|=76.62 (no projection)
[ok] zurich_query_-7bB9HS2MqV7UT7vRyROfg direction seed=9012 gain=3.246 max|d|=51.93 (projection 16)
[ok] zurich_query_-7bB9HS2MqV7UT7vRyROfg direction_eot seed=9012 gain=2.589 max|d|=41.42 (projection 16)
[ok] zurich_query_-7bB9HS2MqV7UT7vRyROfg isotropic seed=9012 gain=15.624 max|d|=66.31 (no projection)
[ok] amman_query_-L_vanPrT4RcWlLbzCqMKA direction seed=5678 gain=2.941 max|d|=47.06 (projection 16)
[ok] amman_query_-L_vanPrT4RcWlLbzCqMKA direction_eot seed=5678 gain=2.398 max|d|=38.37 (projection 16)
[ok] amman_query_-L_vanPrT4RcWlLbzCqMKA isotropic seed=5678 gain=15.952 max|d|=72.96 (no projection)
[ok] amman_query_-L_vanPrT4RcWlLbzCqMKA direction seed=9012 gain=2.950 max|d|=47.20 (projection 16)
[ok] amman_query_-L_vanPrT4RcWlLbzCqMKA direction_eot seed=9012 gain=2.415 max|d|=38.63 (projection 16)
[ok] amman_query_-L_vanPrT4RcWlLbzCqMKA isotropic seed=9012 gain=15.840 max|d|=67.75 (no projection)
[ok] boston_query_-5-CNr3q7kmRGcDSMueI4w direction seed=5678 gain=2.981 max|d|=47.69 (projection 16)
[ok] boston_query_-5-CNr3q7kmRGcDSMueI4w direction_eot seed=5678 gain=2.451 max|d|=39.21 (projection 16)
[ok] boston_query_-5-CNr3q7kmRGcDSMueI4w isotropic seed=5678 gain=15.585 max|d|=69.49 (no projection)
[ok] boston_query_-5-CNr3q7kmRGcDSMueI4w direction seed=9012 gain=2.987 max|d|=47.79 (projection 16)
[ok] boston_query_-5-CNr3q7kmRGcDSMueI4w direction_eot seed=9012 gain=2.439 max|d|=39.03 (projection 16)
[ok] boston_query_-5-CNr3q7kmRGcDSMueI4w isotropic seed=9012 gain=15.935 max|d|=73.03 (no projection)
[ok] cph_query_-0_HsZnndjHv76QpTyNFCA direction seed=5678 gain=2.881 max|d|=46.10 (projection 16)
[ok] cph_query_-0_HsZnndjHv76QpTyNFCA direction_eot seed=5678 gain=2.348 max|d|=37.57 (projection 16)
[ok] cph_query_-0_HsZnndjHv76QpTyNFCA isotropic seed=5678 gain=15.729 max|d|=74.81 (no projection)
[ok] cph_query_-0_HsZnndjHv76QpTyNFCA direction seed=9012 gain=2.867 max|d|=45.87 (projection 16)
[ok] cph_query_-0_HsZnndjHv76QpTyNFCA direction_eot seed=9012 gain=2.336 max|d|=37.37 (projection 16)
[ok] cph_query_-0_HsZnndjHv76QpTyNFCA isotropic seed=9012 gain=13.982 max|d|=73.43 (no projection)
[ok] london_query_-7cNAk24ZhuoOowcvDoImw direction seed=5678 gain=3.272 max|d|=52.36 (projection 16)
[ok] london_query_-7cNAk24ZhuoOowcvDoImw direction_eot seed=5678 gain=2.581 max|d|=41.30 (projection 16)
[ok] london_query_-7cNAk24ZhuoOowcvDoImw isotropic seed=5678 gain=15.361 max|d|=71.87 (no projection)
[ok] london_query_-7cNAk24ZhuoOowcvDoImw direction seed=9012 gain=3.295 max|d|=52.71 (projection 16)
[ok] london_query_-7cNAk24ZhuoOowcvDoImw direction_eot seed=9012 gain=2.639 max|d|=42.23 (projection 16)
[ok] london_query_-7cNAk24ZhuoOowcvDoImw isotropic seed=9012 gain=16.348 max|d|=70.37 (no projection)
[ok] manila_query_-6NSbTuzpeyDbSXKeGAasg direction seed=5678 gain=3.098 max|d|=49.56 (projection 16)
[ok] manila_query_-6NSbTuzpeyDbSXKeGAasg direction_eot seed=5678 gain=2.472 max|d|=39.55 (projection 16)
[ok] manila_query_-6NSbTuzpeyDbSXKeGAasg isotropic seed=5678 gain=15.564 max|d|=69.25 (no projection)
[ok] manila_query_-6NSbTuzpeyDbSXKeGAasg direction seed=9012 gain=3.122 max|d|=49.96 (projection 16)
[ok] manila_query_-6NSbTuzpeyDbSXKeGAasg direction_eot seed=9012 gain=2.475 max|d|=39.60 (projection 16)
[ok] manila_query_-6NSbTuzpeyDbSXKeGAasg isotropic seed=9012 gain=16.000 max|d|=69.76 (no projection)
[ok] nairobi_query_-yxXz3in11JFniZQAa7m2A direction seed=5678 gain=3.160 max|d|=50.57 (projection 16)
[ok] nairobi_query_-yxXz3in11JFniZQAa7m2A direction_eot seed=5678 gain=2.412 max|d|=38.58 (projection 16)
[ok] nairobi_query_-yxXz3in11JFniZQAa7m2A isotropic seed=5678 gain=15.822 max|d|=74.17 (no projection)
[ok] nairobi_query_-yxXz3in11JFniZQAa7m2A direction seed=9012 gain=3.210 max|d|=51.36 (projection 16)
[ok] nairobi_query_-yxXz3in11JFniZQAa7m2A direction_eot seed=9012 gain=2.488 max|d|=39.81 (projection 16)
[ok] nairobi_query_-yxXz3in11JFniZQAa7m2A isotropic seed=9012 gain=15.902 max|d|=76.53 (no projection)
[ok] toronto_query_-5RKNbex7In9Ys4mH40wXA direction seed=5678 gain=3.026 max|d|=48.42 (projection 16)
[ok] toronto_query_-5RKNbex7In9Ys4mH40wXA direction_eot seed=5678 gain=2.456 max|d|=39.29 (projection 16)
[ok] toronto_query_-5RKNbex7In9Ys4mH40wXA isotropic seed=5678 gain=16.270 max|d|=71.28 (no projection)
[ok] toronto_query_-5RKNbex7In9Ys4mH40wXA direction seed=9012 gain=2.989 max|d|=47.82 (projection 16)
[ok] toronto_query_-5RKNbex7In9Ys4mH40wXA direction_eot seed=9012 gain=2.404 max|d|=38.47 (projection 16)
[ok] toronto_query_-5RKNbex7In9Ys4mH40wXA isotropic seed=9012 gain=16.655 max|d|=73.99 (no projection)
[ok] zurich_query_-ANYzSHAsjItBx6yJauT3A direction seed=5678 gain=3.021 max|d|=48.34 (projection 16)
[ok] zurich_query_-ANYzSHAsjItBx6yJauT3A direction_eot seed=5678 gain=2.409 max|d|=38.54 (projection 16)
[ok] zurich_query_-ANYzSHAsjItBx6yJauT3A isotropic seed=5678 gain=16.299 max|d|=79.10 (no projection)
[ok] zurich_query_-ANYzSHAsjItBx6yJauT3A direction seed=9012 gain=3.038 max|d|=48.61 (projection 16)
[ok] zurich_query_-ANYzSHAsjItBx6yJauT3A direction_eot seed=9012 gain=2.443 max|d|=39.09 (projection 16)
[ok] zurich_query_-ANYzSHAsjItBx6yJauT3A isotropic seed=9012 gain=16.321 max|d|=75.15 (no projection)
[ok] amman_query_-MUBUlzvFxQS_zFg6xNhVg direction seed=5678 gain=3.132 max|d|=50.11 (projection 16)
[ok] amman_query_-MUBUlzvFxQS_zFg6xNhVg direction_eot seed=5678 gain=2.591 max|d|=41.45 (projection 16)
[ok] amman_query_-MUBUlzvFxQS_zFg6xNhVg isotropic seed=5678 gain=15.268 max|d|=65.61 (no projection)
[ok] amman_query_-MUBUlzvFxQS_zFg6xNhVg direction seed=9012 gain=3.138 max|d|=50.20 (projection 16)
[ok] amman_query_-MUBUlzvFxQS_zFg6xNhVg direction_eot seed=9012 gain=2.656 max|d|=42.50 (projection 16)
[ok] amman_query_-MUBUlzvFxQS_zFg6xNhVg isotropic seed=9012 gain=16.022 max|d|=76.00 (no projection)
[ok] boston_query_-6RLrPXAeunQaNK6m645ZA direction seed=5678 gain=2.947 max|d|=47.15 (projection 16)
[ok] boston_query_-6RLrPXAeunQaNK6m645ZA direction_eot seed=5678 gain=2.349 max|d|=37.58 (projection 16)
[ok] boston_query_-6RLrPXAeunQaNK6m645ZA isotropic seed=5678 gain=15.452 max|d|=72.87 (no projection)
[ok] boston_query_-6RLrPXAeunQaNK6m645ZA direction seed=9012 gain=2.919 max|d|=46.71 (projection 16)
[ok] boston_query_-6RLrPXAeunQaNK6m645ZA direction_eot seed=9012 gain=2.366 max|d|=37.86 (projection 16)
[ok] boston_query_-6RLrPXAeunQaNK6m645ZA isotropic seed=9012 gain=16.055 max|d|=72.92 (no projection)
[ok] cph_query_-2N5Dmf5tOm5N83KXgvjDw direction seed=5678 gain=2.945 max|d|=47.12 (projection 16)
[ok] cph_query_-2N5Dmf5tOm5N83KXgvjDw direction_eot seed=5678 gain=2.318 max|d|=37.09 (projection 16)
[ok] cph_query_-2N5Dmf5tOm5N83KXgvjDw isotropic seed=5678 gain=16.461 max|d|=73.80 (no projection)
[ok] cph_query_-2N5Dmf5tOm5N83KXgvjDw direction seed=9012 gain=2.962 max|d|=47.39 (projection 16)
[ok] cph_query_-2N5Dmf5tOm5N83KXgvjDw direction_eot seed=9012 gain=2.363 max|d|=37.81 (projection 16)
[ok] cph_query_-2N5Dmf5tOm5N83KXgvjDw isotropic seed=9012 gain=15.736 max|d|=73.09 (no projection)
[ok] london_query_-8xWvI5d3Z6gfsRDb_kEQQ direction seed=5678 gain=2.931 max|d|=46.89 (projection 16)
[ok] london_query_-8xWvI5d3Z6gfsRDb_kEQQ direction_eot seed=5678 gain=2.299 max|d|=36.79 (projection 16)
[ok] london_query_-8xWvI5d3Z6gfsRDb_kEQQ isotropic seed=5678 gain=16.219 max|d|=73.97 (no projection)
[ok] london_query_-8xWvI5d3Z6gfsRDb_kEQQ direction seed=9012 gain=2.863 max|d|=45.80 (projection 16)
[ok] london_query_-8xWvI5d3Z6gfsRDb_kEQQ direction_eot seed=9012 gain=2.369 max|d|=37.90 (projection 16)
[ok] london_query_-8xWvI5d3Z6gfsRDb_kEQQ isotropic seed=9012 gain=16.223 max|d|=72.65 (no projection)
[ok] manila_query_-6_2C-ExaVhx4ONvHOvffw direction seed=5678 gain=2.893 max|d|=46.29 (projection 16)
[ok] manila_query_-6_2C-ExaVhx4ONvHOvffw direction_eot seed=5678 gain=2.304 max|d|=36.86 (projection 16)
[ok] manila_query_-6_2C-ExaVhx4ONvHOvffw isotropic seed=5678 gain=16.273 max|d|=71.66 (no projection)
[ok] manila_query_-6_2C-ExaVhx4ONvHOvffw direction seed=9012 gain=2.802 max|d|=44.83 (projection 16)
[ok] manila_query_-6_2C-ExaVhx4ONvHOvffw direction_eot seed=9012 gain=2.274 max|d|=36.38 (projection 16)
[ok] manila_query_-6_2C-ExaVhx4ONvHOvffw isotropic seed=9012 gain=16.284 max|d|=75.40 (no projection)
[ok] nairobi_query_0-ZdPdUGwVdDwKbIOxQCBA direction seed=5678 gain=3.300 max|d|=52.80 (projection 16)
[ok] nairobi_query_0-ZdPdUGwVdDwKbIOxQCBA direction_eot seed=5678 gain=2.624 max|d|=41.99 (projection 16)
[ok] nairobi_query_0-ZdPdUGwVdDwKbIOxQCBA isotropic seed=5678 gain=15.791 max|d|=69.85 (no projection)
[ok] nairobi_query_0-ZdPdUGwVdDwKbIOxQCBA direction seed=9012 gain=3.279 max|d|=52.47 (projection 16)
[ok] nairobi_query_0-ZdPdUGwVdDwKbIOxQCBA direction_eot seed=9012 gain=2.669 max|d|=42.70 (projection 16)
[ok] nairobi_query_0-ZdPdUGwVdDwKbIOxQCBA isotropic seed=9012 gain=15.980 max|d|=74.05 (no projection)
[ok] toronto_query_-5ryd5v5eXUsmP9y4p6w_g direction seed=5678 gain=3.121 max|d|=49.94 (projection 16)
[ok] toronto_query_-5ryd5v5eXUsmP9y4p6w_g direction_eot seed=5678 gain=2.478 max|d|=39.64 (projection 16)
[ok] toronto_query_-5ryd5v5eXUsmP9y4p6w_g isotropic seed=5678 gain=15.449 max|d|=69.77 (no projection)
[ok] toronto_query_-5ryd5v5eXUsmP9y4p6w_g direction seed=9012 gain=3.171 max|d|=50.73 (projection 16)
[ok] toronto_query_-5ryd5v5eXUsmP9y4p6w_g direction_eot seed=9012 gain=2.494 max|d|=39.90 (projection 16)
[ok] toronto_query_-5ryd5v5eXUsmP9y4p6w_g isotropic seed=9012 gain=15.611 max|d|=74.16 (no projection)
[ok] zurich_query_-Bz7by7mnVU_HZbXc8FmpQ direction seed=5678 gain=2.954 max|d|=47.26 (projection 16)
[ok] zurich_query_-Bz7by7mnVU_HZbXc8FmpQ direction_eot seed=5678 gain=2.336 max|d|=37.37 (projection 16)
[ok] zurich_query_-Bz7by7mnVU_HZbXc8FmpQ isotropic seed=5678 gain=15.547 max|d|=83.12 (no projection)
[ok] zurich_query_-Bz7by7mnVU_HZbXc8FmpQ direction seed=9012 gain=2.963 max|d|=47.41 (projection 16)
[ok] zurich_query_-Bz7by7mnVU_HZbXc8FmpQ direction_eot seed=9012 gain=2.422 max|d|=38.75 (projection 16)
[ok] zurich_query_-Bz7by7mnVU_HZbXc8FmpQ isotropic seed=9012 gain=15.560 max|d|=75.14 (no projection)
[ok] amman_query_-N1g8CEJP4UIaWH8Qqja2g direction seed=5678 gain=3.033 max|d|=48.53 (projection 16)
[ok] amman_query_-N1g8CEJP4UIaWH8Qqja2g direction_eot seed=5678 gain=2.421 max|d|=38.74 (projection 16)
[ok] amman_query_-N1g8CEJP4UIaWH8Qqja2g isotropic seed=5678 gain=15.600 max|d|=71.71 (no projection)
[ok] amman_query_-N1g8CEJP4UIaWH8Qqja2g direction seed=9012 gain=3.083 max|d|=49.32 (projection 16)
[ok] amman_query_-N1g8CEJP4UIaWH8Qqja2g direction_eot seed=9012 gain=2.454 max|d|=39.26 (projection 16)
[ok] amman_query_-N1g8CEJP4UIaWH8Qqja2g isotropic seed=9012 gain=15.822 max|d|=75.80 (no projection)
[ok] boston_query_-7KZUz5u8-7ja98pf8etVA direction seed=5678 gain=3.156 max|d|=50.49 (projection 16)
[ok] boston_query_-7KZUz5u8-7ja98pf8etVA direction_eot seed=5678 gain=2.506 max|d|=40.10 (projection 16)
[ok] boston_query_-7KZUz5u8-7ja98pf8etVA isotropic seed=5678 gain=15.888 max|d|=72.23 (no projection)
[ok] boston_query_-7KZUz5u8-7ja98pf8etVA direction seed=9012 gain=3.115 max|d|=49.84 (projection 16)
[ok] boston_query_-7KZUz5u8-7ja98pf8etVA direction_eot seed=9012 gain=2.431 max|d|=38.90 (projection 16)
[ok] boston_query_-7KZUz5u8-7ja98pf8etVA isotropic seed=9012 gain=15.172 max|d|=69.03 (no projection)
[ok] cph_query_-3uNzD-M1uI2jZeGqOkpXg direction seed=5678 gain=3.246 max|d|=51.93 (projection 16)
[ok] cph_query_-3uNzD-M1uI2jZeGqOkpXg direction_eot seed=5678 gain=2.528 max|d|=40.44 (projection 16)
[ok] cph_query_-3uNzD-M1uI2jZeGqOkpXg isotropic seed=5678 gain=15.231 max|d|=69.91 (no projection)
[ok] cph_query_-3uNzD-M1uI2jZeGqOkpXg direction seed=9012 gain=3.221 max|d|=51.54 (projection 16)
[ok] cph_query_-3uNzD-M1uI2jZeGqOkpXg direction_eot seed=9012 gain=2.507 max|d|=40.11 (projection 16)
[ok] cph_query_-3uNzD-M1uI2jZeGqOkpXg isotropic seed=9012 gain=16.001 max|d|=71.63 (no projection)
[ok] london_query_-9FGszdwftnBlzMuP0c_NQ direction seed=5678 gain=2.967 max|d|=47.48 (projection 16)
[ok] london_query_-9FGszdwftnBlzMuP0c_NQ direction_eot seed=5678 gain=2.350 max|d|=37.60 (projection 16)
[ok] london_query_-9FGszdwftnBlzMuP0c_NQ isotropic seed=5678 gain=15.720 max|d|=88.22 (no projection)
[ok] london_query_-9FGszdwftnBlzMuP0c_NQ direction seed=9012 gain=2.877 max|d|=46.03 (projection 16)
[ok] london_query_-9FGszdwftnBlzMuP0c_NQ direction_eot seed=9012 gain=2.327 max|d|=37.23 (projection 16)
[ok] london_query_-9FGszdwftnBlzMuP0c_NQ isotropic seed=9012 gain=15.737 max|d|=71.28 (no projection)
[ok] manila_query_-6_XaKv0Rrp2Jl0G9m_8NQ direction seed=5678 gain=3.049 max|d|=48.78 (projection 16)
[ok] manila_query_-6_XaKv0Rrp2Jl0G9m_8NQ direction_eot seed=5678 gain=2.467 max|d|=39.47 (projection 16)
[ok] manila_query_-6_XaKv0Rrp2Jl0G9m_8NQ isotropic seed=5678 gain=15.661 max|d|=67.61 (no projection)
[ok] manila_query_-6_XaKv0Rrp2Jl0G9m_8NQ direction seed=9012 gain=2.987 max|d|=47.79 (projection 16)
[ok] manila_query_-6_XaKv0Rrp2Jl0G9m_8NQ direction_eot seed=9012 gain=2.425 max|d|=38.80 (projection 16)
[ok] manila_query_-6_XaKv0Rrp2Jl0G9m_8NQ isotropic seed=9012 gain=15.667 max|d|=71.36 (no projection)
[ok] nairobi_query_01juXwMfxX_a4pfhpqt66g direction seed=5678 gain=3.390 max|d|=54.24 (projection 16)
[ok] nairobi_query_01juXwMfxX_a4pfhpqt66g direction_eot seed=5678 gain=2.727 max|d|=43.63 (projection 16)
[ok] nairobi_query_01juXwMfxX_a4pfhpqt66g isotropic seed=5678 gain=16.421 max|d|=79.15 (no projection)
[ok] nairobi_query_01juXwMfxX_a4pfhpqt66g direction seed=9012 gain=3.413 max|d|=54.60 (projection 16)
[ok] nairobi_query_01juXwMfxX_a4pfhpqt66g direction_eot seed=9012 gain=2.619 max|d|=41.90 (projection 16)
[ok] nairobi_query_01juXwMfxX_a4pfhpqt66g isotropic seed=9012 gain=16.380 max|d|=75.10 (no projection)
[ok] toronto_query_-5z50PgNYnxK8Ns2WmF_TQ direction seed=5678 gain=3.157 max|d|=50.52 (projection 16)
[ok] toronto_query_-5z50PgNYnxK8Ns2WmF_TQ direction_eot seed=5678 gain=2.567 max|d|=41.07 (projection 16)
[ok] toronto_query_-5z50PgNYnxK8Ns2WmF_TQ isotropic seed=5678 gain=15.582 max|d|=71.87 (no projection)
[ok] toronto_query_-5z50PgNYnxK8Ns2WmF_TQ direction seed=9012 gain=3.141 max|d|=50.25 (projection 16)
[ok] toronto_query_-5z50PgNYnxK8Ns2WmF_TQ direction_eot seed=9012 gain=2.514 max|d|=40.23 (projection 16)
[ok] toronto_query_-5z50PgNYnxK8Ns2WmF_TQ isotropic seed=9012 gain=15.538 max|d|=65.31 (no projection)
[ok] zurich_query_-D3dDkhM5rjIJhj1SPdroA direction seed=5678 gain=2.930 max|d|=46.88 (projection 16)
[ok] zurich_query_-D3dDkhM5rjIJhj1SPdroA direction_eot seed=5678 gain=2.406 max|d|=38.49 (projection 16)
[ok] zurich_query_-D3dDkhM5rjIJhj1SPdroA isotropic seed=5678 gain=16.535 max|d|=70.79 (no projection)
[ok] zurich_query_-D3dDkhM5rjIJhj1SPdroA direction seed=9012 gain=2.973 max|d|=47.57 (projection 16)
[ok] zurich_query_-D3dDkhM5rjIJhj1SPdroA direction_eot seed=9012 gain=2.398 max|d|=38.37 (projection 16)
[ok] zurich_query_-D3dDkhM5rjIJhj1SPdroA isotropic seed=9012 gain=16.204 max|d|=70.07 (no projection)
[ok] amman_query_-VdxqGX8d8L_OiSEN5CtDw direction seed=5678 gain=3.007 max|d|=48.12 (projection 16)
[ok] amman_query_-VdxqGX8d8L_OiSEN5CtDw direction_eot seed=5678 gain=2.284 max|d|=36.54 (projection 16)
[ok] amman_query_-VdxqGX8d8L_OiSEN5CtDw isotropic seed=5678 gain=14.877 max|d|=72.79 (no projection)
[ok] amman_query_-VdxqGX8d8L_OiSEN5CtDw direction seed=9012 gain=3.005 max|d|=48.08 (projection 16)
[ok] amman_query_-VdxqGX8d8L_OiSEN5CtDw direction_eot seed=9012 gain=2.372 max|d|=37.96 (projection 16)
[ok] amman_query_-VdxqGX8d8L_OiSEN5CtDw isotropic seed=9012 gain=15.757 max|d|=74.28 (no projection)
[ok] boston_query_-8cIAPzC7_za-xCEWsIoK2 direction seed=5678 gain=3.188 max|d|=51.01 (projection 16)
[ok] boston_query_-8cIAPzC7_za-xCEWsIoK2 direction_eot seed=5678 gain=2.431 max|d|=38.89 (projection 16)
[ok] boston_query_-8cIAPzC7_za-xCEWsIoK2 isotropic seed=5678 gain=15.897 max|d|=74.93 (no projection)
[ok] boston_query_-8cIAPzC7_za-xCEWsIoK2 direction seed=9012 gain=3.198 max|d|=51.16 (projection 16)
[ok] boston_query_-8cIAPzC7_za-xCEWsIoK2 direction_eot seed=9012 gain=2.486 max|d|=39.78 (projection 16)
[ok] boston_query_-8cIAPzC7_za-xCEWsIoK2 isotropic seed=9012 gain=14.809 max|d|=69.34 (no projection)
[ok] cph_query_-4KruxIYZ3a3GYE0tOKn2w direction seed=5678 gain=2.927 max|d|=46.83 (projection 16)
[ok] cph_query_-4KruxIYZ3a3GYE0tOKn2w direction_eot seed=5678 gain=2.385 max|d|=38.15 (projection 16)
[ok] cph_query_-4KruxIYZ3a3GYE0tOKn2w isotropic seed=5678 gain=16.329 max|d|=69.45 (no projection)
[ok] cph_query_-4KruxIYZ3a3GYE0tOKn2w direction seed=9012 gain=2.896 max|d|=46.34 (projection 16)
[ok] cph_query_-4KruxIYZ3a3GYE0tOKn2w direction_eot seed=9012 gain=2.376 max|d|=38.02 (projection 16)
[ok] cph_query_-4KruxIYZ3a3GYE0tOKn2w isotropic seed=9012 gain=16.337 max|d|=77.04 (no projection)
[ok] london_query_-9KgeyegI3TaGMqglsDENg direction seed=5678 gain=2.996 max|d|=47.94 (projection 16)
[ok] london_query_-9KgeyegI3TaGMqglsDENg direction_eot seed=5678 gain=2.423 max|d|=38.76 (projection 16)
[ok] london_query_-9KgeyegI3TaGMqglsDENg isotropic seed=5678 gain=16.145 max|d|=73.18 (no projection)
[ok] london_query_-9KgeyegI3TaGMqglsDENg direction seed=9012 gain=3.039 max|d|=48.63 (projection 16)
[ok] london_query_-9KgeyegI3TaGMqglsDENg direction_eot seed=9012 gain=2.421 max|d|=38.74 (projection 16)
[ok] london_query_-9KgeyegI3TaGMqglsDENg isotropic seed=9012 gain=16.171 max|d|=79.37 (no projection)
[ok] manila_query_-7YHsOWBiYFmYcRzIM0ijg direction seed=5678 gain=3.280 max|d|=52.48 (projection 16)
[ok] manila_query_-7YHsOWBiYFmYcRzIM0ijg direction_eot seed=5678 gain=2.686 max|d|=42.98 (projection 16)
[ok] manila_query_-7YHsOWBiYFmYcRzIM0ijg isotropic seed=5678 gain=16.231 max|d|=75.24 (no projection)
[ok] manila_query_-7YHsOWBiYFmYcRzIM0ijg direction seed=9012 gain=3.267 max|d|=52.28 (projection 16)
[ok] manila_query_-7YHsOWBiYFmYcRzIM0ijg direction_eot seed=9012 gain=2.667 max|d|=42.67 (projection 16)
[ok] manila_query_-7YHsOWBiYFmYcRzIM0ijg isotropic seed=9012 gain=16.196 max|d|=75.22 (no projection)
[ok] nairobi_query_09aysNUjwNAPHsHo-R-IdA direction seed=5678 gain=3.119 max|d|=49.90 (projection 16)
[ok] nairobi_query_09aysNUjwNAPHsHo-R-IdA direction_eot seed=5678 gain=2.463 max|d|=39.41 (projection 16)
[ok] nairobi_query_09aysNUjwNAPHsHo-R-IdA isotropic seed=5678 gain=15.608 max|d|=71.48 (no projection)
[ok] nairobi_query_09aysNUjwNAPHsHo-R-IdA direction seed=9012 gain=3.163 max|d|=50.61 (projection 16)
[ok] nairobi_query_09aysNUjwNAPHsHo-R-IdA direction_eot seed=9012 gain=2.452 max|d|=39.24 (projection 16)
[ok] nairobi_query_09aysNUjwNAPHsHo-R-IdA isotropic seed=9012 gain=15.599 max|d|=72.01 (no projection)
[ok] toronto_query_-68JeZKxV2XoP0N_6780Og direction seed=5678 gain=2.990 max|d|=47.84 (projection 16)
[ok] toronto_query_-68JeZKxV2XoP0N_6780Og direction_eot seed=5678 gain=2.377 max|d|=38.04 (projection 16)
[ok] toronto_query_-68JeZKxV2XoP0N_6780Og isotropic seed=5678 gain=15.644 max|d|=73.93 (no projection)
[ok] toronto_query_-68JeZKxV2XoP0N_6780Og direction seed=9012 gain=2.970 max|d|=47.52 (projection 16)
[ok] toronto_query_-68JeZKxV2XoP0N_6780Og direction_eot seed=9012 gain=2.410 max|d|=38.57 (projection 16)
[ok] toronto_query_-68JeZKxV2XoP0N_6780Og isotropic seed=9012 gain=15.660 max|d|=72.62 (no projection)
[ok] zurich_query_-E0qyEWY7jSPMOpGqiEG-A direction seed=5678 gain=2.903 max|d|=46.44 (projection 16)
[ok] zurich_query_-E0qyEWY7jSPMOpGqiEG-A direction_eot seed=5678 gain=2.258 max|d|=36.14 (projection 16)
[ok] zurich_query_-E0qyEWY7jSPMOpGqiEG-A isotropic seed=5678 gain=15.803 max|d|=69.84 (no projection)
[ok] zurich_query_-E0qyEWY7jSPMOpGqiEG-A direction seed=9012 gain=2.881 max|d|=46.10 (projection 16)
[ok] zurich_query_-E0qyEWY7jSPMOpGqiEG-A direction_eot seed=9012 gain=2.244 max|d|=35.91 (projection 16)
[ok] zurich_query_-E0qyEWY7jSPMOpGqiEG-A isotropic seed=9012 gain=15.144 max|d|=72.57 (no projection)
[ok] amman_query_-XWB_1fOm8NW5dQx9p5IKg direction seed=5678 gain=2.946 max|d|=47.14 (projection 16)
[ok] amman_query_-XWB_1fOm8NW5dQx9p5IKg direction_eot seed=5678 gain=2.396 max|d|=38.33 (projection 16)
[ok] amman_query_-XWB_1fOm8NW5dQx9p5IKg isotropic seed=5678 gain=15.627 max|d|=70.27 (no projection)
[ok] amman_query_-XWB_1fOm8NW5dQx9p5IKg direction seed=9012 gain=2.899 max|d|=46.39 (projection 16)
[ok] amman_query_-XWB_1fOm8NW5dQx9p5IKg direction_eot seed=9012 gain=2.413 max|d|=38.61 (projection 16)
[ok] amman_query_-XWB_1fOm8NW5dQx9p5IKg isotropic seed=9012 gain=15.614 max|d|=71.78 (no projection)
[ok] boston_query_-9Lur-PAHqcMspWszAgfqw direction seed=5678 gain=3.065 max|d|=49.03 (projection 16)
[ok] boston_query_-9Lur-PAHqcMspWszAgfqw direction_eot seed=5678 gain=2.519 max|d|=40.30 (projection 16)
[ok] boston_query_-9Lur-PAHqcMspWszAgfqw isotropic seed=5678 gain=15.709 max|d|=72.60 (no projection)
[ok] boston_query_-9Lur-PAHqcMspWszAgfqw direction seed=9012 gain=3.092 max|d|=49.47 (projection 16)
[ok] boston_query_-9Lur-PAHqcMspWszAgfqw direction_eot seed=9012 gain=2.567 max|d|=41.06 (projection 16)
[ok] boston_query_-9Lur-PAHqcMspWszAgfqw isotropic seed=9012 gain=15.847 max|d|=71.33 (no projection)
[ok] cph_query_-4RqBOkDhigU8JsdQZINkQ direction seed=5678 gain=3.028 max|d|=48.45 (projection 16)
[ok] cph_query_-4RqBOkDhigU8JsdQZINkQ direction_eot seed=5678 gain=2.342 max|d|=37.47 (projection 16)
[ok] cph_query_-4RqBOkDhigU8JsdQZINkQ isotropic seed=5678 gain=15.661 max|d|=70.82 (no projection)
[ok] cph_query_-4RqBOkDhigU8JsdQZINkQ direction seed=9012 gain=3.024 max|d|=48.39 (projection 16)
[ok] cph_query_-4RqBOkDhigU8JsdQZINkQ direction_eot seed=9012 gain=2.440 max|d|=39.04 (projection 16)
[ok] cph_query_-4RqBOkDhigU8JsdQZINkQ isotropic seed=9012 gain=15.926 max|d|=71.26 (no projection)
[ok] london_query_-FGaYVNFN5ALUsVDNixL_g direction seed=5678 gain=3.133 max|d|=50.13 (projection 16)
[ok] london_query_-FGaYVNFN5ALUsVDNixL_g direction_eot seed=5678 gain=2.562 max|d|=41.00 (projection 16)
[ok] london_query_-FGaYVNFN5ALUsVDNixL_g isotropic seed=5678 gain=15.452 max|d|=71.10 (no projection)
[ok] london_query_-FGaYVNFN5ALUsVDNixL_g direction seed=9012 gain=3.146 max|d|=50.33 (projection 16)
[ok] london_query_-FGaYVNFN5ALUsVDNixL_g direction_eot seed=9012 gain=2.562 max|d|=40.99 (projection 16)
[ok] london_query_-FGaYVNFN5ALUsVDNixL_g isotropic seed=9012 gain=16.171 max|d|=75.85 (no projection)
[ok] manila_query_-81llwEm_ZxNy7Sa7Xrjlw direction seed=5678 gain=3.094 max|d|=49.51 (projection 16)
[ok] manila_query_-81llwEm_ZxNy7Sa7Xrjlw direction_eot seed=5678 gain=2.498 max|d|=39.97 (projection 16)
[ok] manila_query_-81llwEm_ZxNy7Sa7Xrjlw isotropic seed=5678 gain=16.518 max|d|=85.00 (no projection)
[ok] manila_query_-81llwEm_ZxNy7Sa7Xrjlw direction seed=9012 gain=3.072 max|d|=49.15 (projection 16)
[ok] manila_query_-81llwEm_ZxNy7Sa7Xrjlw direction_eot seed=9012 gain=2.510 max|d|=40.15 (projection 16)
[ok] manila_query_-81llwEm_ZxNy7Sa7Xrjlw isotropic seed=9012 gain=16.286 max|d|=72.70 (no projection)
[ok] nairobi_query_0ByAmUG6wFySvLcHHQ0Sdg direction seed=5678 gain=3.131 max|d|=50.09 (projection 16)
[ok] nairobi_query_0ByAmUG6wFySvLcHHQ0Sdg direction_eot seed=5678 gain=2.493 max|d|=39.88 (projection 16)
[ok] nairobi_query_0ByAmUG6wFySvLcHHQ0Sdg isotropic seed=5678 gain=16.125 max|d|=71.91 (no projection)
[ok] nairobi_query_0ByAmUG6wFySvLcHHQ0Sdg direction seed=9012 gain=3.130 max|d|=50.08 (projection 16)
[ok] nairobi_query_0ByAmUG6wFySvLcHHQ0Sdg direction_eot seed=9012 gain=2.525 max|d|=40.40 (projection 16)
[ok] nairobi_query_0ByAmUG6wFySvLcHHQ0Sdg isotropic seed=9012 gain=16.137 max|d|=73.09 (no projection)
[ok] toronto_query_-6ZIqrL48IaL1dCCO7bDVQ direction seed=5678 gain=3.202 max|d|=51.23 (projection 16)
[ok] toronto_query_-6ZIqrL48IaL1dCCO7bDVQ direction_eot seed=5678 gain=2.390 max|d|=38.24 (projection 16)
[ok] toronto_query_-6ZIqrL48IaL1dCCO7bDVQ isotropic seed=5678 gain=15.214 max|d|=69.49 (no projection)
[ok] toronto_query_-6ZIqrL48IaL1dCCO7bDVQ direction seed=9012 gain=3.222 max|d|=51.54 (projection 16)
[ok] toronto_query_-6ZIqrL48IaL1dCCO7bDVQ direction_eot seed=9012 gain=2.636 max|d|=42.18 (projection 16)
[ok] toronto_query_-6ZIqrL48IaL1dCCO7bDVQ isotropic seed=9012 gain=15.615 max|d|=70.41 (no projection)
[ok] zurich_query_-F7hOUVha_xHAoDddsUYdw direction seed=5678 gain=3.182 max|d|=50.92 (projection 16)
[ok] zurich_query_-F7hOUVha_xHAoDddsUYdw direction_eot seed=5678 gain=2.440 max|d|=39.04 (projection 16)
[ok] zurich_query_-F7hOUVha_xHAoDddsUYdw isotropic seed=5678 gain=16.213 max|d|=70.98 (no projection)
[ok] zurich_query_-F7hOUVha_xHAoDddsUYdw direction seed=9012 gain=3.167 max|d|=50.68 (projection 16)
[ok] zurich_query_-F7hOUVha_xHAoDddsUYdw direction_eot seed=9012 gain=2.396 max|d|=38.34 (projection 16)
[ok] zurich_query_-F7hOUVha_xHAoDddsUYdw isotropic seed=9012 gain=16.212 max|d|=70.68 (no projection)
[ok] amman_query_-iXxlTRmA5JphamcIjxBbA direction seed=5678 gain=3.133 max|d|=50.13 (projection 16)
[ok] amman_query_-iXxlTRmA5JphamcIjxBbA direction_eot seed=5678 gain=2.632 max|d|=42.12 (projection 16)
[ok] amman_query_-iXxlTRmA5JphamcIjxBbA isotropic seed=5678 gain=15.550 max|d|=72.63 (no projection)
[ok] amman_query_-iXxlTRmA5JphamcIjxBbA direction seed=9012 gain=3.098 max|d|=49.57 (projection 16)
[ok] amman_query_-iXxlTRmA5JphamcIjxBbA direction_eot seed=9012 gain=2.576 max|d|=41.22 (projection 16)
[ok] amman_query_-iXxlTRmA5JphamcIjxBbA isotropic seed=9012 gain=15.545 max|d|=69.89 (no projection)
[ok] boston_query_-9gbUk-DmX9AOqntuN1nEm direction seed=5678 gain=2.816 max|d|=45.06 (projection 16)
[ok] boston_query_-9gbUk-DmX9AOqntuN1nEm direction_eot seed=5678 gain=2.210 max|d|=35.36 (projection 16)
[ok] boston_query_-9gbUk-DmX9AOqntuN1nEm isotropic seed=5678 gain=16.063 max|d|=68.50 (no projection)
[ok] boston_query_-9gbUk-DmX9AOqntuN1nEm direction seed=9012 gain=2.824 max|d|=45.19 (projection 16)
[ok] boston_query_-9gbUk-DmX9AOqntuN1nEm direction_eot seed=9012 gain=2.271 max|d|=36.33 (projection 16)
[ok] boston_query_-9gbUk-DmX9AOqntuN1nEm isotropic seed=9012 gain=15.960 max|d|=70.90 (no projection)
[ok] cph_query_-4XnD9qE623teR-nRYxB5A direction seed=5678 gain=3.001 max|d|=48.01 (projection 16)
[ok] cph_query_-4XnD9qE623teR-nRYxB5A direction_eot seed=5678 gain=2.460 max|d|=39.36 (projection 16)
[ok] cph_query_-4XnD9qE623teR-nRYxB5A isotropic seed=5678 gain=15.151 max|d|=79.60 (no projection)
[ok] cph_query_-4XnD9qE623teR-nRYxB5A direction seed=9012 gain=2.958 max|d|=47.33 (projection 16)
[ok] cph_query_-4XnD9qE623teR-nRYxB5A direction_eot seed=9012 gain=2.393 max|d|=38.29 (projection 16)
[ok] cph_query_-4XnD9qE623teR-nRYxB5A isotropic seed=9012 gain=17.172 max|d|=77.89 (no projection)
[ok] london_query_-Flts9XBA2wVlru8_LHbkg direction seed=5678 gain=3.273 max|d|=52.37 (projection 16)
[ok] london_query_-Flts9XBA2wVlru8_LHbkg direction_eot seed=5678 gain=2.695 max|d|=43.11 (projection 16)
[ok] london_query_-Flts9XBA2wVlru8_LHbkg isotropic seed=5678 gain=16.125 max|d|=69.61 (no projection)
[ok] london_query_-Flts9XBA2wVlru8_LHbkg direction seed=9012 gain=3.294 max|d|=52.70 (projection 16)
[ok] london_query_-Flts9XBA2wVlru8_LHbkg direction_eot seed=9012 gain=2.676 max|d|=42.81 (projection 16)
[ok] london_query_-Flts9XBA2wVlru8_LHbkg isotropic seed=9012 gain=17.064 max|d|=84.80 (no projection)
[ok] manila_query_-85J_HceaTP2S0IavwkQ-A direction seed=5678 gain=3.066 max|d|=49.06 (projection 16)
[ok] manila_query_-85J_HceaTP2S0IavwkQ-A direction_eot seed=5678 gain=2.432 max|d|=38.91 (projection 16)
[ok] manila_query_-85J_HceaTP2S0IavwkQ-A isotropic seed=5678 gain=16.530 max|d|=79.04 (no projection)
[ok] manila_query_-85J_HceaTP2S0IavwkQ-A direction seed=9012 gain=2.993 max|d|=47.89 (projection 16)
[ok] manila_query_-85J_HceaTP2S0IavwkQ-A direction_eot seed=9012 gain=2.462 max|d|=39.39 (projection 16)
[ok] manila_query_-85J_HceaTP2S0IavwkQ-A isotropic seed=9012 gain=16.480 max|d|=78.10 (no projection)
[ok] nairobi_query_0LJUobuUEqOqrZc4s2fVgg direction seed=5678 gain=3.399 max|d|=54.38 (projection 16)
[ok] nairobi_query_0LJUobuUEqOqrZc4s2fVgg direction_eot seed=5678 gain=2.621 max|d|=41.94 (projection 16)
[ok] nairobi_query_0LJUobuUEqOqrZc4s2fVgg isotropic seed=5678 gain=15.562 max|d|=70.48 (no projection)
[ok] nairobi_query_0LJUobuUEqOqrZc4s2fVgg direction seed=9012 gain=3.345 max|d|=53.52 (projection 16)
[ok] nairobi_query_0LJUobuUEqOqrZc4s2fVgg direction_eot seed=9012 gain=2.601 max|d|=41.62 (projection 16)
[ok] nairobi_query_0LJUobuUEqOqrZc4s2fVgg isotropic seed=9012 gain=16.284 max|d|=75.81 (no projection)
[ok] toronto_query_-7C0G-8afrBbN3hImbBHsA direction seed=5678 gain=3.150 max|d|=50.41 (projection 16)
[ok] toronto_query_-7C0G-8afrBbN3hImbBHsA direction_eot seed=5678 gain=2.485 max|d|=39.77 (projection 16)
[ok] toronto_query_-7C0G-8afrBbN3hImbBHsA isotropic seed=5678 gain=15.645 max|d|=73.26 (no projection)
[ok] toronto_query_-7C0G-8afrBbN3hImbBHsA direction seed=9012 gain=3.139 max|d|=50.23 (projection 16)
[ok] toronto_query_-7C0G-8afrBbN3hImbBHsA direction_eot seed=9012 gain=2.452 max|d|=39.24 (projection 16)
[ok] toronto_query_-7C0G-8afrBbN3hImbBHsA isotropic seed=9012 gain=15.567 max|d|=69.55 (no projection)
[ok] zurich_query_-Kb55YIF941j2DBFO5gVjA direction seed=5678 gain=2.993 max|d|=47.89 (projection 16)
[ok] zurich_query_-Kb55YIF941j2DBFO5gVjA direction_eot seed=5678 gain=2.253 max|d|=36.04 (projection 16)
[ok] zurich_query_-Kb55YIF941j2DBFO5gVjA isotropic seed=5678 gain=15.581 max|d|=71.24 (no projection)
[ok] zurich_query_-Kb55YIF941j2DBFO5gVjA direction seed=9012 gain=2.984 max|d|=47.75 (projection 16)
[ok] zurich_query_-Kb55YIF941j2DBFO5gVjA direction_eot seed=9012 gain=2.323 max|d|=37.17 (projection 16)
[ok] zurich_query_-Kb55YIF941j2DBFO5gVjA isotropic seed=9012 gain=15.508 max|d|=69.70 (no projection)
[ok] amman_query_-qij8CFaEYNp4JW3rF9oqQ direction seed=5678 gain=3.031 max|d|=48.50 (projection 16)
[ok] amman_query_-qij8CFaEYNp4JW3rF9oqQ direction_eot seed=5678 gain=2.491 max|d|=39.86 (projection 16)
[ok] amman_query_-qij8CFaEYNp4JW3rF9oqQ isotropic seed=5678 gain=15.790 max|d|=71.22 (no projection)
[ok] amman_query_-qij8CFaEYNp4JW3rF9oqQ direction seed=9012 gain=3.036 max|d|=48.58 (projection 16)
[ok] amman_query_-qij8CFaEYNp4JW3rF9oqQ direction_eot seed=9012 gain=2.353 max|d|=37.66 (projection 16)
[ok] amman_query_-qij8CFaEYNp4JW3rF9oqQ isotropic seed=9012 gain=15.784 max|d|=71.06 (no projection)
[ok] boston_query_-AJWNV55EAzvKArt5mMYqg direction seed=5678 gain=3.144 max|d|=50.30 (projection 16)
[ok] boston_query_-AJWNV55EAzvKArt5mMYqg direction_eot seed=5678 gain=2.533 max|d|=40.53 (projection 16)
[ok] boston_query_-AJWNV55EAzvKArt5mMYqg isotropic seed=5678 gain=14.873 max|d|=69.81 (no projection)
[ok] boston_query_-AJWNV55EAzvKArt5mMYqg direction seed=9012 gain=3.161 max|d|=50.57 (projection 16)
[ok] boston_query_-AJWNV55EAzvKArt5mMYqg direction_eot seed=9012 gain=2.568 max|d|=41.10 (projection 16)
[ok] boston_query_-AJWNV55EAzvKArt5mMYqg isotropic seed=9012 gain=14.615 max|d|=70.81 (no projection)
[ok] cph_query_-5qSxgAnKk-6Bf5AVVoPjA direction seed=5678 gain=3.168 max|d|=50.69 (projection 16)
[ok] cph_query_-5qSxgAnKk-6Bf5AVVoPjA direction_eot seed=5678 gain=2.613 max|d|=41.80 (projection 16)
[ok] cph_query_-5qSxgAnKk-6Bf5AVVoPjA isotropic seed=5678 gain=16.145 max|d|=67.27 (no projection)
[ok] cph_query_-5qSxgAnKk-6Bf5AVVoPjA direction seed=9012 gain=3.172 max|d|=50.76 (projection 16)
[ok] cph_query_-5qSxgAnKk-6Bf5AVVoPjA direction_eot seed=9012 gain=2.508 max|d|=40.13 (projection 16)
[ok] cph_query_-5qSxgAnKk-6Bf5AVVoPjA isotropic seed=9012 gain=16.096 max|d|=74.41 (no projection)
[ok] london_query_-HfvOD1d7XUGJoEMybpyqQ direction seed=5678 gain=2.857 max|d|=45.71 (projection 16)
[ok] london_query_-HfvOD1d7XUGJoEMybpyqQ direction_eot seed=5678 gain=2.375 max|d|=38.00 (projection 16)
[ok] london_query_-HfvOD1d7XUGJoEMybpyqQ isotropic seed=5678 gain=15.774 max|d|=68.06 (no projection)
[ok] london_query_-HfvOD1d7XUGJoEMybpyqQ direction seed=9012 gain=2.882 max|d|=46.11 (projection 16)
[ok] london_query_-HfvOD1d7XUGJoEMybpyqQ direction_eot seed=9012 gain=2.347 max|d|=37.55 (projection 16)
[ok] london_query_-HfvOD1d7XUGJoEMybpyqQ isotropic seed=9012 gain=15.760 max|d|=79.09 (no projection)
[ok] manila_query_-9tG6ERjH4jVcWo9jkVvBg direction seed=5678 gain=2.840 max|d|=45.44 (projection 16)
[ok] manila_query_-9tG6ERjH4jVcWo9jkVvBg direction_eot seed=5678 gain=2.306 max|d|=36.89 (projection 16)
[ok] manila_query_-9tG6ERjH4jVcWo9jkVvBg isotropic seed=5678 gain=15.826 max|d|=77.61 (no projection)
[ok] manila_query_-9tG6ERjH4jVcWo9jkVvBg direction seed=9012 gain=2.799 max|d|=44.78 (projection 16)
[ok] manila_query_-9tG6ERjH4jVcWo9jkVvBg direction_eot seed=9012 gain=2.286 max|d|=36.57 (projection 16)
[ok] manila_query_-9tG6ERjH4jVcWo9jkVvBg isotropic seed=9012 gain=15.647 max|d|=73.30 (no projection)
[ok] nairobi_query_0M1Vl3tUlt_2MiFp6vxhrg direction seed=5678 gain=3.294 max|d|=52.70 (projection 16)
[ok] nairobi_query_0M1Vl3tUlt_2MiFp6vxhrg direction_eot seed=5678 gain=2.610 max|d|=41.75 (projection 16)
[ok] nairobi_query_0M1Vl3tUlt_2MiFp6vxhrg isotropic seed=5678 gain=15.895 max|d|=74.29 (no projection)
[ok] nairobi_query_0M1Vl3tUlt_2MiFp6vxhrg direction seed=9012 gain=3.311 max|d|=52.98 (projection 16)
[ok] nairobi_query_0M1Vl3tUlt_2MiFp6vxhrg direction_eot seed=9012 gain=2.516 max|d|=40.26 (projection 16)
[ok] nairobi_query_0M1Vl3tUlt_2MiFp6vxhrg isotropic seed=9012 gain=15.886 max|d|=75.86 (no projection)
[ok] toronto_query_-7bDZLvVOVk7ethfd1yomg direction seed=5678 gain=2.752 max|d|=44.03 (projection 16)
[ok] toronto_query_-7bDZLvVOVk7ethfd1yomg direction_eot seed=5678 gain=2.206 max|d|=35.29 (projection 16)
[ok] toronto_query_-7bDZLvVOVk7ethfd1yomg isotropic seed=5678 gain=15.978 max|d|=73.33 (no projection)
[ok] toronto_query_-7bDZLvVOVk7ethfd1yomg direction seed=9012 gain=2.740 max|d|=43.84 (projection 16)
[ok] toronto_query_-7bDZLvVOVk7ethfd1yomg direction_eot seed=9012 gain=2.259 max|d|=36.15 (projection 16)
[ok] toronto_query_-7bDZLvVOVk7ethfd1yomg isotropic seed=9012 gain=15.972 max|d|=79.82 (no projection)
[ok] zurich_query_-Km53YFc8zewa3vS2OeGsQ direction seed=5678 gain=3.178 max|d|=50.85 (projection 16)
[ok] zurich_query_-Km53YFc8zewa3vS2OeGsQ direction_eot seed=5678 gain=2.532 max|d|=40.51 (projection 16)
[ok] zurich_query_-Km53YFc8zewa3vS2OeGsQ isotropic seed=5678 gain=15.870 max|d|=69.63 (no projection)
[ok] zurich_query_-Km53YFc8zewa3vS2OeGsQ direction seed=9012 gain=3.131 max|d|=50.09 (projection 16)
[ok] zurich_query_-Km53YFc8zewa3vS2OeGsQ direction_eot seed=9012 gain=2.477 max|d|=39.63 (projection 16)
[ok] zurich_query_-Km53YFc8zewa3vS2OeGsQ isotropic seed=9012 gain=15.895 max|d|=77.49 (no projection)
[ok] amman_query_-t_-moqpBTWSiKU7mS-lgQ direction seed=5678 gain=3.228 max|d|=51.64 (projection 16)
[ok] amman_query_-t_-moqpBTWSiKU7mS-lgQ direction_eot seed=5678 gain=2.662 max|d|=42.59 (projection 16)
[ok] amman_query_-t_-moqpBTWSiKU7mS-lgQ isotropic seed=5678 gain=15.644 max|d|=71.01 (no projection)
[ok] amman_query_-t_-moqpBTWSiKU7mS-lgQ direction seed=9012 gain=3.237 max|d|=51.80 (projection 16)
[ok] amman_query_-t_-moqpBTWSiKU7mS-lgQ direction_eot seed=9012 gain=2.710 max|d|=43.36 (projection 16)
[ok] amman_query_-t_-moqpBTWSiKU7mS-lgQ isotropic seed=9012 gain=15.613 max|d|=67.01 (no projection)
[ok] boston_query_-Ae9_7GnntvqV8myNb9fhv direction seed=5678 gain=3.121 max|d|=49.93 (projection 16)
[ok] boston_query_-Ae9_7GnntvqV8myNb9fhv direction_eot seed=5678 gain=2.501 max|d|=40.01 (projection 16)
[ok] boston_query_-Ae9_7GnntvqV8myNb9fhv isotropic seed=5678 gain=16.304 max|d|=75.50 (no projection)
[ok] boston_query_-Ae9_7GnntvqV8myNb9fhv direction seed=9012 gain=3.116 max|d|=49.85 (projection 16)
[ok] boston_query_-Ae9_7GnntvqV8myNb9fhv direction_eot seed=9012 gain=2.515 max|d|=40.25 (projection 16)
[ok] boston_query_-Ae9_7GnntvqV8myNb9fhv isotropic seed=9012 gain=16.307 max|d|=70.54 (no projection)
[ok] cph_query_-8E-udXiyMJCRp_UkM4Kgw direction seed=5678 gain=3.099 max|d|=49.58 (projection 16)
[ok] cph_query_-8E-udXiyMJCRp_UkM4Kgw direction_eot seed=5678 gain=2.485 max|d|=39.77 (projection 16)
[ok] cph_query_-8E-udXiyMJCRp_UkM4Kgw isotropic seed=5678 gain=15.901 max|d|=73.20 (no projection)
[ok] cph_query_-8E-udXiyMJCRp_UkM4Kgw direction seed=9012 gain=3.096 max|d|=49.53 (projection 16)
[ok] cph_query_-8E-udXiyMJCRp_UkM4Kgw direction_eot seed=9012 gain=2.500 max|d|=39.99 (projection 16)
[ok] cph_query_-8E-udXiyMJCRp_UkM4Kgw isotropic seed=9012 gain=15.873 max|d|=78.46 (no projection)
[ok] london_query_-Id3DdRqVbjIA39wjxbTgw direction seed=5678 gain=2.831 max|d|=45.30 (projection 16)
[ok] london_query_-Id3DdRqVbjIA39wjxbTgw direction_eot seed=5678 gain=2.323 max|d|=37.16 (projection 16)
[ok] london_query_-Id3DdRqVbjIA39wjxbTgw isotropic seed=5678 gain=15.044 max|d|=66.32 (no projection)
[ok] london_query_-Id3DdRqVbjIA39wjxbTgw direction seed=9012 gain=2.909 max|d|=46.54 (projection 16)
[ok] london_query_-Id3DdRqVbjIA39wjxbTgw direction_eot seed=9012 gain=2.256 max|d|=36.09 (projection 16)
[ok] london_query_-Id3DdRqVbjIA39wjxbTgw isotropic seed=9012 gain=14.106 max|d|=73.88 (no projection)
[ok] manila_query_-AXkFLZ0HchDGYvJ_KZ3dQ direction seed=5678 gain=3.144 max|d|=50.30 (projection 16)
[ok] manila_query_-AXkFLZ0HchDGYvJ_KZ3dQ direction_eot seed=5678 gain=2.571 max|d|=41.13 (projection 16)
[ok] manila_query_-AXkFLZ0HchDGYvJ_KZ3dQ isotropic seed=5678 gain=15.834 max|d|=67.97 (no projection)
[ok] manila_query_-AXkFLZ0HchDGYvJ_KZ3dQ direction seed=9012 gain=3.135 max|d|=50.15 (projection 16)
[ok] manila_query_-AXkFLZ0HchDGYvJ_KZ3dQ direction_eot seed=9012 gain=2.506 max|d|=40.10 (projection 16)
[ok] manila_query_-AXkFLZ0HchDGYvJ_KZ3dQ isotropic seed=9012 gain=15.836 max|d|=82.21 (no projection)
[ok] nairobi_query_0Oa1jUYlj8LE47HApYWufA direction seed=5678 gain=3.232 max|d|=51.72 (projection 16)
[ok] nairobi_query_0Oa1jUYlj8LE47HApYWufA direction_eot seed=5678 gain=2.432 max|d|=38.91 (projection 16)
[ok] nairobi_query_0Oa1jUYlj8LE47HApYWufA isotropic seed=5678 gain=15.716 max|d|=72.67 (no projection)
[ok] nairobi_query_0Oa1jUYlj8LE47HApYWufA direction seed=9012 gain=3.212 max|d|=51.39 (projection 16)
[ok] nairobi_query_0Oa1jUYlj8LE47HApYWufA direction_eot seed=9012 gain=2.419 max|d|=38.71 (projection 16)
[ok] nairobi_query_0Oa1jUYlj8LE47HApYWufA isotropic seed=9012 gain=15.733 max|d|=69.07 (no projection)
[ok] toronto_query_-85n6JJLXmi04edt5JxhzQ direction seed=5678 gain=3.228 max|d|=51.65 (projection 16)
[ok] toronto_query_-85n6JJLXmi04edt5JxhzQ direction_eot seed=5678 gain=2.647 max|d|=42.35 (projection 16)
[ok] toronto_query_-85n6JJLXmi04edt5JxhzQ isotropic seed=5678 gain=15.693 max|d|=67.95 (no projection)
[ok] toronto_query_-85n6JJLXmi04edt5JxhzQ direction seed=9012 gain=3.246 max|d|=51.93 (projection 16)
[ok] toronto_query_-85n6JJLXmi04edt5JxhzQ direction_eot seed=9012 gain=2.633 max|d|=42.13 (projection 16)
[ok] toronto_query_-85n6JJLXmi04edt5JxhzQ isotropic seed=9012 gain=15.695 max|d|=68.42 (no projection)
[ok] zurich_query_-M0Q1_7lg_TKGT2-mllw4w direction seed=5678 gain=3.328 max|d|=53.25 (projection 16)
[ok] zurich_query_-M0Q1_7lg_TKGT2-mllw4w direction_eot seed=5678 gain=2.694 max|d|=43.11 (projection 16)
[ok] zurich_query_-M0Q1_7lg_TKGT2-mllw4w isotropic seed=5678 gain=15.675 max|d|=72.00 (no projection)
[ok] zurich_query_-M0Q1_7lg_TKGT2-mllw4w direction seed=9012 gain=3.328 max|d|=53.24 (projection 16)
[ok] zurich_query_-M0Q1_7lg_TKGT2-mllw4w direction_eot seed=9012 gain=2.669 max|d|=42.70 (projection 16)
[ok] zurich_query_-M0Q1_7lg_TKGT2-mllw4w isotropic seed=9012 gain=15.164 max|d|=71.91 (no projection)
[ok] amman_query_0-2jyV8XAzdAOYMkdyQVLw direction seed=5678 gain=3.072 max|d|=49.15 (projection 16)
[ok] amman_query_0-2jyV8XAzdAOYMkdyQVLw direction_eot seed=5678 gain=2.473 max|d|=39.57 (projection 16)
[ok] amman_query_0-2jyV8XAzdAOYMkdyQVLw isotropic seed=5678 gain=15.683 max|d|=75.11 (no projection)
[ok] amman_query_0-2jyV8XAzdAOYMkdyQVLw direction seed=9012 gain=3.099 max|d|=49.58 (projection 16)
[ok] amman_query_0-2jyV8XAzdAOYMkdyQVLw direction_eot seed=9012 gain=2.408 max|d|=38.52 (projection 16)
[ok] amman_query_0-2jyV8XAzdAOYMkdyQVLw isotropic seed=9012 gain=14.233 max|d|=67.53 (no projection)
[ok] boston_query_-BE36-GG_yM6YS57M_uMTQ direction seed=5678 gain=3.289 max|d|=52.63 (projection 16)
[ok] boston_query_-BE36-GG_yM6YS57M_uMTQ direction_eot seed=5678 gain=2.594 max|d|=41.51 (projection 16)
[ok] boston_query_-BE36-GG_yM6YS57M_uMTQ isotropic seed=5678 gain=16.246 max|d|=77.70 (no projection)
[ok] boston_query_-BE36-GG_yM6YS57M_uMTQ direction seed=9012 gain=3.285 max|d|=52.56 (projection 16)
[ok] boston_query_-BE36-GG_yM6YS57M_uMTQ direction_eot seed=9012 gain=2.637 max|d|=42.19 (projection 16)
[ok] boston_query_-BE36-GG_yM6YS57M_uMTQ isotropic seed=9012 gain=16.288 max|d|=73.07 (no projection)
[ok] cph_query_-9WYlFp61M1J1zV1mJD4uA direction seed=5678 gain=3.332 max|d|=53.31 (projection 16)
[ok] cph_query_-9WYlFp61M1J1zV1mJD4uA direction_eot seed=5678 gain=2.603 max|d|=41.64 (projection 16)
[ok] cph_query_-9WYlFp61M1J1zV1mJD4uA isotropic seed=5678 gain=16.127 max|d|=71.21 (no projection)
[ok] cph_query_-9WYlFp61M1J1zV1mJD4uA direction seed=9012 gain=3.314 max|d|=53.03 (projection 16)
[ok] cph_query_-9WYlFp61M1J1zV1mJD4uA direction_eot seed=9012 gain=2.649 max|d|=42.39 (projection 16)
[ok] cph_query_-9WYlFp61M1J1zV1mJD4uA isotropic seed=9012 gain=16.110 max|d|=72.03 (no projection)
[ok] london_query_-OOGG8lTvgHHqp3iuULlyQ direction seed=5678 gain=2.815 max|d|=45.04 (projection 16)
[ok] london_query_-OOGG8lTvgHHqp3iuULlyQ direction_eot seed=5678 gain=2.271 max|d|=36.33 (projection 16)
[ok] london_query_-OOGG8lTvgHHqp3iuULlyQ isotropic seed=5678 gain=15.616 max|d|=70.72 (no projection)
[ok] london_query_-OOGG8lTvgHHqp3iuULlyQ direction seed=9012 gain=2.805 max|d|=44.88 (projection 16)
[ok] london_query_-OOGG8lTvgHHqp3iuULlyQ direction_eot seed=9012 gain=2.268 max|d|=36.29 (projection 16)
[ok] london_query_-OOGG8lTvgHHqp3iuULlyQ isotropic seed=9012 gain=15.686 max|d|=75.76 (no projection)
[ok] manila_query_-ColYSDtqqoE3TZ4eZHu8g direction seed=5678 gain=3.009 max|d|=48.14 (projection 16)
[ok] manila_query_-ColYSDtqqoE3TZ4eZHu8g direction_eot seed=5678 gain=2.495 max|d|=39.92 (projection 16)
[ok] manila_query_-ColYSDtqqoE3TZ4eZHu8g isotropic seed=5678 gain=15.685 max|d|=77.63 (no projection)
[ok] manila_query_-ColYSDtqqoE3TZ4eZHu8g direction seed=9012 gain=3.010 max|d|=48.17 (projection 16)
[ok] manila_query_-ColYSDtqqoE3TZ4eZHu8g direction_eot seed=9012 gain=2.436 max|d|=38.97 (projection 16)
[ok] manila_query_-ColYSDtqqoE3TZ4eZHu8g isotropic seed=9012 gain=15.004 max|d|=73.13 (no projection)
[ok] nairobi_query_0R73ChZbcyJ8Z4vBaef_Jw direction seed=5678 gain=3.356 max|d|=53.69 (projection 16)
[ok] nairobi_query_0R73ChZbcyJ8Z4vBaef_Jw direction_eot seed=5678 gain=2.623 max|d|=41.97 (projection 16)
[ok] nairobi_query_0R73ChZbcyJ8Z4vBaef_Jw isotropic seed=5678 gain=16.294 max|d|=70.95 (no projection)
[ok] nairobi_query_0R73ChZbcyJ8Z4vBaef_Jw direction seed=9012 gain=3.313 max|d|=53.01 (projection 16)
[ok] nairobi_query_0R73ChZbcyJ8Z4vBaef_Jw direction_eot seed=9012 gain=2.669 max|d|=42.70 (projection 16)
[ok] nairobi_query_0R73ChZbcyJ8Z4vBaef_Jw isotropic seed=9012 gain=16.305 max|d|=73.90 (no projection)
[ok] toronto_query_-8BknWmZh2lEnEeect73Ww direction seed=5678 gain=2.771 max|d|=44.34 (projection 16)
[ok] toronto_query_-8BknWmZh2lEnEeect73Ww direction_eot seed=5678 gain=2.240 max|d|=35.84 (projection 16)
[ok] toronto_query_-8BknWmZh2lEnEeect73Ww isotropic seed=5678 gain=15.598 max|d|=71.08 (no projection)
[ok] toronto_query_-8BknWmZh2lEnEeect73Ww direction seed=9012 gain=2.798 max|d|=44.77 (projection 16)
[ok] toronto_query_-8BknWmZh2lEnEeect73Ww direction_eot seed=9012 gain=2.303 max|d|=36.86 (projection 16)
[ok] toronto_query_-8BknWmZh2lEnEeect73Ww isotropic seed=9012 gain=15.364 max|d|=69.78 (no projection)
[ok] zurich_query_-TxHEY5xnZFgfnHO3ygjzw direction seed=5678 gain=3.167 max|d|=50.67 (projection 16)
[ok] zurich_query_-TxHEY5xnZFgfnHO3ygjzw direction_eot seed=5678 gain=2.435 max|d|=38.96 (projection 16)
[ok] zurich_query_-TxHEY5xnZFgfnHO3ygjzw isotropic seed=5678 gain=15.980 max|d|=69.18 (no projection)
[ok] zurich_query_-TxHEY5xnZFgfnHO3ygjzw direction seed=9012 gain=3.177 max|d|=50.83 (projection 16)
[ok] zurich_query_-TxHEY5xnZFgfnHO3ygjzw direction_eot seed=9012 gain=2.443 max|d|=39.10 (projection 16)
[ok] zurich_query_-TxHEY5xnZFgfnHO3ygjzw isotropic seed=9012 gain=14.807 max|d|=67.49 (no projection)
[ok] amman_query_051WRvR5gI1vde606oseFw direction seed=5678 gain=3.171 max|d|=50.73 (projection 16)
[ok] amman_query_051WRvR5gI1vde606oseFw direction_eot seed=5678 gain=2.523 max|d|=40.37 (projection 16)
[ok] amman_query_051WRvR5gI1vde606oseFw isotropic seed=5678 gain=15.679 max|d|=71.22 (no projection)
[ok] amman_query_051WRvR5gI1vde606oseFw direction seed=9012 gain=3.175 max|d|=50.79 (projection 16)
[ok] amman_query_051WRvR5gI1vde606oseFw direction_eot seed=9012 gain=2.587 max|d|=41.39 (projection 16)
[ok] amman_query_051WRvR5gI1vde606oseFw isotropic seed=9012 gain=15.649 max|d|=78.61 (no projection)
[ok] boston_query_-CNeDzWqfei0F-1CmA8N9A direction seed=5678 gain=2.897 max|d|=46.35 (projection 16)
[ok] boston_query_-CNeDzWqfei0F-1CmA8N9A direction_eot seed=5678 gain=2.358 max|d|=37.73 (projection 16)
[ok] boston_query_-CNeDzWqfei0F-1CmA8N9A isotropic seed=5678 gain=15.653 max|d|=71.36 (no projection)
[ok] boston_query_-CNeDzWqfei0F-1CmA8N9A direction seed=9012 gain=2.906 max|d|=46.49 (projection 16)
[ok] boston_query_-CNeDzWqfei0F-1CmA8N9A direction_eot seed=9012 gain=2.390 max|d|=38.23 (projection 16)
[ok] boston_query_-CNeDzWqfei0F-1CmA8N9A isotropic seed=9012 gain=15.300 max|d|=71.07 (no projection)
[ok] cph_query_-9ZOGirqZl2EVYWN1WLERg direction seed=5678 gain=3.215 max|d|=51.43 (projection 16)
[ok] cph_query_-9ZOGirqZl2EVYWN1WLERg direction_eot seed=5678 gain=2.466 max|d|=39.45 (projection 16)
[ok] cph_query_-9ZOGirqZl2EVYWN1WLERg isotropic seed=5678 gain=14.805 max|d|=70.81 (no projection)
[ok] cph_query_-9ZOGirqZl2EVYWN1WLERg direction seed=9012 gain=3.168 max|d|=50.70 (projection 16)
[ok] cph_query_-9ZOGirqZl2EVYWN1WLERg direction_eot seed=9012 gain=2.384 max|d|=38.15 (projection 16)
[ok] cph_query_-9ZOGirqZl2EVYWN1WLERg isotropic seed=9012 gain=15.591 max|d|=72.86 (no projection)
[ok] london_query_-TmVvxY52h9CjrIUzBbCgw direction seed=5678 gain=3.069 max|d|=49.10 (projection 16)
[ok] london_query_-TmVvxY52h9CjrIUzBbCgw direction_eot seed=5678 gain=2.478 max|d|=39.65 (projection 16)
[ok] london_query_-TmVvxY52h9CjrIUzBbCgw isotropic seed=5678 gain=16.073 max|d|=70.36 (no projection)
[ok] london_query_-TmVvxY52h9CjrIUzBbCgw direction seed=9012 gain=3.098 max|d|=49.56 (projection 16)
[ok] london_query_-TmVvxY52h9CjrIUzBbCgw direction_eot seed=9012 gain=2.511 max|d|=40.18 (projection 16)
[ok] london_query_-TmVvxY52h9CjrIUzBbCgw isotropic seed=9012 gain=15.880 max|d|=79.82 (no projection)
[ok] manila_query_-ELxcda6ePiuO6nR3VP3-A direction seed=5678 gain=2.794 max|d|=44.71 (projection 16)
[ok] manila_query_-ELxcda6ePiuO6nR3VP3-A direction_eot seed=5678 gain=2.283 max|d|=36.53 (projection 16)
[ok] manila_query_-ELxcda6ePiuO6nR3VP3-A isotropic seed=5678 gain=16.426 max|d|=90.01 (no projection)
[ok] manila_query_-ELxcda6ePiuO6nR3VP3-A direction seed=9012 gain=2.807 max|d|=44.92 (projection 16)
[ok] manila_query_-ELxcda6ePiuO6nR3VP3-A direction_eot seed=9012 gain=2.352 max|d|=37.64 (projection 16)
[ok] manila_query_-ELxcda6ePiuO6nR3VP3-A isotropic seed=9012 gain=16.532 max|d|=75.91 (no projection)
[ok] nairobi_query_0TzVtw0twyRTMFGP-VzE8A direction seed=5678 gain=3.303 max|d|=52.86 (projection 16)
[ok] nairobi_query_0TzVtw0twyRTMFGP-VzE8A direction_eot seed=5678 gain=2.619 max|d|=41.91 (projection 16)
[ok] nairobi_query_0TzVtw0twyRTMFGP-VzE8A isotropic seed=5678 gain=16.094 max|d|=73.90 (no projection)
[ok] nairobi_query_0TzVtw0twyRTMFGP-VzE8A direction seed=9012 gain=3.325 max|d|=53.20 (projection 16)
[ok] nairobi_query_0TzVtw0twyRTMFGP-VzE8A direction_eot seed=9012 gain=2.603 max|d|=41.64 (projection 16)
[ok] nairobi_query_0TzVtw0twyRTMFGP-VzE8A isotropic seed=9012 gain=16.164 max|d|=80.51 (no projection)
[ok] toronto_query_-8NbZpIbjwqAXwoRMmYddg direction seed=5678 gain=2.995 max|d|=47.92 (projection 16)
[ok] toronto_query_-8NbZpIbjwqAXwoRMmYddg direction_eot seed=5678 gain=2.467 max|d|=39.47 (projection 16)
[ok] toronto_query_-8NbZpIbjwqAXwoRMmYddg isotropic seed=5678 gain=15.587 max|d|=73.90 (no projection)
[ok] toronto_query_-8NbZpIbjwqAXwoRMmYddg direction seed=9012 gain=2.988 max|d|=47.81 (projection 16)
[ok] toronto_query_-8NbZpIbjwqAXwoRMmYddg direction_eot seed=9012 gain=2.457 max|d|=39.31 (projection 16)
[ok] toronto_query_-8NbZpIbjwqAXwoRMmYddg isotropic seed=9012 gain=15.606 max|d|=68.59 (no projection)
[ok] zurich_query_-Vs9xzO47S-0Cfs9o81wvQ direction seed=5678 gain=2.946 max|d|=47.14 (projection 16)
[ok] zurich_query_-Vs9xzO47S-0Cfs9o81wvQ direction_eot seed=5678 gain=2.364 max|d|=37.82 (projection 16)
[ok] zurich_query_-Vs9xzO47S-0Cfs9o81wvQ isotropic seed=5678 gain=16.065 max|d|=74.01 (no projection)
[ok] zurich_query_-Vs9xzO47S-0Cfs9o81wvQ direction seed=9012 gain=2.964 max|d|=47.43 (projection 16)
[ok] zurich_query_-Vs9xzO47S-0Cfs9o81wvQ direction_eot seed=9012 gain=2.387 max|d|=38.20 (projection 16)
[ok] zurich_query_-Vs9xzO47S-0Cfs9o81wvQ isotropic seed=9012 gain=16.075 max|d|=72.88 (no projection)
[ok] amman_query_0CjrhmzpvqXBOIBsGB6LcQ direction seed=5678 gain=3.154 max|d|=50.47 (projection 16)
[ok] amman_query_0CjrhmzpvqXBOIBsGB6LcQ direction_eot seed=5678 gain=2.566 max|d|=41.05 (projection 16)
[ok] amman_query_0CjrhmzpvqXBOIBsGB6LcQ isotropic seed=5678 gain=15.717 max|d|=65.43 (no projection)
[ok] amman_query_0CjrhmzpvqXBOIBsGB6LcQ direction seed=9012 gain=3.147 max|d|=50.35 (projection 16)
[ok] amman_query_0CjrhmzpvqXBOIBsGB6LcQ direction_eot seed=9012 gain=2.474 max|d|=39.59 (projection 16)
[ok] amman_query_0CjrhmzpvqXBOIBsGB6LcQ isotropic seed=9012 gain=15.691 max|d|=79.94 (no projection)
[ok] boston_query_-D-onyWSIw3M1SbsxL7X-g direction seed=5678 gain=2.932 max|d|=46.91 (projection 16)
[ok] boston_query_-D-onyWSIw3M1SbsxL7X-g direction_eot seed=5678 gain=2.344 max|d|=37.50 (projection 16)
[ok] boston_query_-D-onyWSIw3M1SbsxL7X-g isotropic seed=5678 gain=16.048 max|d|=75.16 (no projection)
[ok] boston_query_-D-onyWSIw3M1SbsxL7X-g direction seed=9012 gain=2.952 max|d|=47.24 (projection 16)
[ok] boston_query_-D-onyWSIw3M1SbsxL7X-g direction_eot seed=9012 gain=2.308 max|d|=36.93 (projection 16)
[ok] boston_query_-D-onyWSIw3M1SbsxL7X-g isotropic seed=9012 gain=16.062 max|d|=72.31 (no projection)
[ok] cph_query_-AowxxrsOr_xM02-ZyrQ5A direction seed=5678 gain=2.982 max|d|=47.71 (projection 16)
[ok] cph_query_-AowxxrsOr_xM02-ZyrQ5A direction_eot seed=5678 gain=2.452 max|d|=39.23 (projection 16)
[ok] cph_query_-AowxxrsOr_xM02-ZyrQ5A isotropic seed=5678 gain=15.715 max|d|=72.23 (no projection)
[ok] cph_query_-AowxxrsOr_xM02-ZyrQ5A direction seed=9012 gain=2.976 max|d|=47.62 (projection 16)
[ok] cph_query_-AowxxrsOr_xM02-ZyrQ5A direction_eot seed=9012 gain=2.487 max|d|=39.79 (projection 16)
[ok] cph_query_-AowxxrsOr_xM02-ZyrQ5A isotropic seed=9012 gain=15.820 max|d|=76.14 (no projection)
[ok] london_query_-UeH_UbGnPshWdeEEYfhyQ direction seed=5678 gain=3.304 max|d|=52.86 (projection 16)
[ok] london_query_-UeH_UbGnPshWdeEEYfhyQ direction_eot seed=5678 gain=2.655 max|d|=42.48 (projection 16)
[ok] london_query_-UeH_UbGnPshWdeEEYfhyQ isotropic seed=5678 gain=16.520 max|d|=69.11 (no projection)
[ok] london_query_-UeH_UbGnPshWdeEEYfhyQ direction seed=9012 gain=3.344 max|d|=53.50 (projection 16)
[ok] london_query_-UeH_UbGnPshWdeEEYfhyQ direction_eot seed=9012 gain=2.597 max|d|=41.56 (projection 16)
[ok] london_query_-UeH_UbGnPshWdeEEYfhyQ isotropic seed=9012 gain=16.519 max|d|=76.88 (no projection)
[ok] manila_query_-EVOy4h35ZUyBK4r6uBM5g direction seed=5678 gain=3.324 max|d|=53.19 (projection 16)
[ok] manila_query_-EVOy4h35ZUyBK4r6uBM5g direction_eot seed=5678 gain=2.705 max|d|=43.28 (projection 16)
[ok] manila_query_-EVOy4h35ZUyBK4r6uBM5g isotropic seed=5678 gain=15.178 max|d|=73.80 (no projection)
[ok] manila_query_-EVOy4h35ZUyBK4r6uBM5g direction seed=9012 gain=3.243 max|d|=51.89 (projection 16)
[ok] manila_query_-EVOy4h35ZUyBK4r6uBM5g direction_eot seed=9012 gain=2.651 max|d|=42.41 (projection 16)
[ok] manila_query_-EVOy4h35ZUyBK4r6uBM5g isotropic seed=9012 gain=16.553 max|d|=75.69 (no projection)
[ok] nairobi_query_0YY7sOJF2Kr1PfPB1KidBg direction seed=5678 gain=3.344 max|d|=53.51 (projection 16)
[ok] nairobi_query_0YY7sOJF2Kr1PfPB1KidBg direction_eot seed=5678 gain=2.433 max|d|=38.93 (projection 16)
[ok] nairobi_query_0YY7sOJF2Kr1PfPB1KidBg isotropic seed=5678 gain=15.991 max|d|=70.15 (no projection)
[ok] nairobi_query_0YY7sOJF2Kr1PfPB1KidBg direction seed=9012 gain=3.340 max|d|=53.44 (projection 16)
[ok] nairobi_query_0YY7sOJF2Kr1PfPB1KidBg direction_eot seed=9012 gain=2.609 max|d|=41.75 (projection 16)
[ok] nairobi_query_0YY7sOJF2Kr1PfPB1KidBg isotropic seed=9012 gain=16.042 max|d|=79.14 (no projection)
[ok] toronto_query_-8Q-Otkctyr1cXAnmn2BEw direction seed=5678 gain=3.022 max|d|=48.35 (projection 16)
[ok] toronto_query_-8Q-Otkctyr1cXAnmn2BEw direction_eot seed=5678 gain=2.588 max|d|=41.40 (projection 16)
[ok] toronto_query_-8Q-Otkctyr1cXAnmn2BEw isotropic seed=5678 gain=13.182 max|d|=70.48 (no projection)
[ok] toronto_query_-8Q-Otkctyr1cXAnmn2BEw direction seed=9012 gain=3.047 max|d|=48.76 (projection 16)
[ok] toronto_query_-8Q-Otkctyr1cXAnmn2BEw direction_eot seed=9012 gain=2.542 max|d|=40.68 (projection 16)
[ok] toronto_query_-8Q-Otkctyr1cXAnmn2BEw isotropic seed=9012 gain=16.150 max|d|=74.93 (no projection)
[ok] zurich_query_-ZAb7eYhYeo1yW06_paa_g direction seed=5678 gain=2.953 max|d|=47.25 (projection 16)
[ok] zurich_query_-ZAb7eYhYeo1yW06_paa_g direction_eot seed=5678 gain=2.311 max|d|=36.98 (projection 16)
[ok] zurich_query_-ZAb7eYhYeo1yW06_paa_g isotropic seed=5678 gain=14.371 max|d|=71.17 (no projection)
[ok] zurich_query_-ZAb7eYhYeo1yW06_paa_g direction seed=9012 gain=3.024 max|d|=48.39 (projection 16)
[ok] zurich_query_-ZAb7eYhYeo1yW06_paa_g direction_eot seed=9012 gain=2.315 max|d|=37.03 (projection 16)
[ok] zurich_query_-ZAb7eYhYeo1yW06_paa_g isotropic seed=9012 gain=13.453 max|d|=71.91 (no projection)
[ok] amman_query_0IvHKlYEfFEP39KRxr9UZg direction seed=5678 gain=2.915 max|d|=46.65 (projection 16)
[ok] amman_query_0IvHKlYEfFEP39KRxr9UZg direction_eot seed=5678 gain=2.369 max|d|=37.91 (projection 16)
[ok] amman_query_0IvHKlYEfFEP39KRxr9UZg isotropic seed=5678 gain=15.654 max|d|=71.50 (no projection)
[ok] amman_query_0IvHKlYEfFEP39KRxr9UZg direction seed=9012 gain=2.928 max|d|=46.85 (projection 16)
[ok] amman_query_0IvHKlYEfFEP39KRxr9UZg direction_eot seed=9012 gain=2.318 max|d|=37.09 (projection 16)
[ok] amman_query_0IvHKlYEfFEP39KRxr9UZg isotropic seed=9012 gain=15.554 max|d|=67.80 (no projection)
[ok] boston_query_-DYvemYiNwx_BmPSrlUWIA direction seed=5678 gain=3.148 max|d|=50.37 (projection 16)
[ok] boston_query_-DYvemYiNwx_BmPSrlUWIA direction_eot seed=5678 gain=2.594 max|d|=41.51 (projection 16)
[ok] boston_query_-DYvemYiNwx_BmPSrlUWIA isotropic seed=5678 gain=15.518 max|d|=67.15 (no projection)
[ok] boston_query_-DYvemYiNwx_BmPSrlUWIA direction seed=9012 gain=3.154 max|d|=50.46 (projection 16)
[ok] boston_query_-DYvemYiNwx_BmPSrlUWIA direction_eot seed=9012 gain=2.578 max|d|=41.25 (projection 16)
[ok] boston_query_-DYvemYiNwx_BmPSrlUWIA isotropic seed=9012 gain=15.857 max|d|=78.76 (no projection)
[ok] cph_query_-BH_JCTriNnLeoSt0e51lQ direction seed=5678 gain=3.320 max|d|=53.11 (projection 16)
[ok] cph_query_-BH_JCTriNnLeoSt0e51lQ direction_eot seed=5678 gain=2.494 max|d|=39.90 (projection 16)
[ok] cph_query_-BH_JCTriNnLeoSt0e51lQ isotropic seed=5678 gain=15.745 max|d|=68.55 (no projection)
[ok] cph_query_-BH_JCTriNnLeoSt0e51lQ direction seed=9012 gain=3.346 max|d|=53.54 (projection 16)
[ok] cph_query_-BH_JCTriNnLeoSt0e51lQ direction_eot seed=9012 gain=2.587 max|d|=41.40 (projection 16)
[ok] cph_query_-BH_JCTriNnLeoSt0e51lQ isotropic seed=9012 gain=15.778 max|d|=78.88 (no projection)
[ok] london_query_-WUdEGuLIX2B2T8rBV0Rgw direction seed=5678 gain=3.000 max|d|=48.00 (projection 16)
[ok] london_query_-WUdEGuLIX2B2T8rBV0Rgw direction_eot seed=5678 gain=2.371 max|d|=37.94 (projection 16)
[ok] london_query_-WUdEGuLIX2B2T8rBV0Rgw isotropic seed=5678 gain=16.024 max|d|=74.57 (no projection)
[ok] london_query_-WUdEGuLIX2B2T8rBV0Rgw direction seed=9012 gain=2.977 max|d|=47.63 (projection 16)
[ok] london_query_-WUdEGuLIX2B2T8rBV0Rgw direction_eot seed=9012 gain=2.369 max|d|=37.91 (projection 16)
[ok] london_query_-WUdEGuLIX2B2T8rBV0Rgw isotropic seed=9012 gain=16.029 max|d|=70.11 (no projection)
[ok] manila_query_-EthLwRJMwt-Shb-xpIYlA direction seed=5678 gain=3.006 max|d|=48.09 (projection 16)
[ok] manila_query_-EthLwRJMwt-Shb-xpIYlA direction_eot seed=5678 gain=2.347 max|d|=37.56 (projection 16)
[ok] manila_query_-EthLwRJMwt-Shb-xpIYlA isotropic seed=5678 gain=15.515 max|d|=72.44 (no projection)
[ok] manila_query_-EthLwRJMwt-Shb-xpIYlA direction seed=9012 gain=3.005 max|d|=48.08 (projection 16)
[ok] manila_query_-EthLwRJMwt-Shb-xpIYlA direction_eot seed=9012 gain=2.407 max|d|=38.51 (projection 16)
[ok] manila_query_-EthLwRJMwt-Shb-xpIYlA isotropic seed=9012 gain=16.324 max|d|=85.28 (no projection)
[ok] nairobi_query_0jIUlQnC_o05NHi_OMD_vg direction seed=5678 gain=3.238 max|d|=51.81 (projection 16)
[ok] nairobi_query_0jIUlQnC_o05NHi_OMD_vg direction_eot seed=5678 gain=2.513 max|d|=40.21 (projection 16)
[ok] nairobi_query_0jIUlQnC_o05NHi_OMD_vg isotropic seed=5678 gain=16.449 max|d|=76.10 (no projection)
[ok] nairobi_query_0jIUlQnC_o05NHi_OMD_vg direction seed=9012 gain=3.210 max|d|=51.36 (projection 16)
[ok] nairobi_query_0jIUlQnC_o05NHi_OMD_vg direction_eot seed=9012 gain=2.567 max|d|=41.08 (projection 16)
[ok] nairobi_query_0jIUlQnC_o05NHi_OMD_vg isotropic seed=9012 gain=16.475 max|d|=72.32 (no projection)
[ok] toronto_query_-8imnyri_5yPaHzqoBtiSg direction seed=5678 gain=3.146 max|d|=50.33 (projection 16)
[ok] toronto_query_-8imnyri_5yPaHzqoBtiSg direction_eot seed=5678 gain=2.553 max|d|=40.85 (projection 16)
[ok] toronto_query_-8imnyri_5yPaHzqoBtiSg isotropic seed=5678 gain=15.490 max|d|=70.84 (no projection)
[ok] toronto_query_-8imnyri_5yPaHzqoBtiSg direction seed=9012 gain=3.071 max|d|=49.14 (projection 16)
[ok] toronto_query_-8imnyri_5yPaHzqoBtiSg direction_eot seed=9012 gain=2.466 max|d|=39.46 (projection 16)
[ok] toronto_query_-8imnyri_5yPaHzqoBtiSg isotropic seed=9012 gain=15.688 max|d|=66.99 (no projection)
[ok] zurich_query_-_SB4ERKdFDYkwavdkk6NA direction seed=5678 gain=2.972 max|d|=47.55 (projection 16)
[ok] zurich_query_-_SB4ERKdFDYkwavdkk6NA direction_eot seed=5678 gain=2.407 max|d|=38.52 (projection 16)
[ok] zurich_query_-_SB4ERKdFDYkwavdkk6NA isotropic seed=5678 gain=15.986 max|d|=74.44 (no projection)
[ok] zurich_query_-_SB4ERKdFDYkwavdkk6NA direction seed=9012 gain=2.993 max|d|=47.89 (projection 16)
[ok] zurich_query_-_SB4ERKdFDYkwavdkk6NA direction_eot seed=9012 gain=2.323 max|d|=37.17 (projection 16)
[ok] zurich_query_-_SB4ERKdFDYkwavdkk6NA isotropic seed=9012 gain=16.019 max|d|=72.83 (no projection)
[ok] amman_query_0NfGsYmI9MkLl0JzfO-tJg direction seed=5678 gain=3.177 max|d|=50.83 (projection 16)
[ok] amman_query_0NfGsYmI9MkLl0JzfO-tJg direction_eot seed=5678 gain=2.461 max|d|=39.38 (projection 16)
[ok] amman_query_0NfGsYmI9MkLl0JzfO-tJg isotropic seed=5678 gain=15.673 max|d|=72.12 (no projection)
[ok] amman_query_0NfGsYmI9MkLl0JzfO-tJg direction seed=9012 gain=3.178 max|d|=50.85 (projection 16)
[ok] amman_query_0NfGsYmI9MkLl0JzfO-tJg direction_eot seed=9012 gain=2.404 max|d|=38.47 (projection 16)
[ok] amman_query_0NfGsYmI9MkLl0JzfO-tJg isotropic seed=9012 gain=15.332 max|d|=65.99 (no projection)
[ok] boston_query_-DZ2jmUKLylFospVHUJx9w direction seed=5678 gain=3.077 max|d|=49.23 (projection 16)
[ok] boston_query_-DZ2jmUKLylFospVHUJx9w direction_eot seed=5678 gain=2.466 max|d|=39.46 (projection 16)
[ok] boston_query_-DZ2jmUKLylFospVHUJx9w isotropic seed=5678 gain=15.712 max|d|=71.05 (no projection)
[ok] boston_query_-DZ2jmUKLylFospVHUJx9w direction seed=9012 gain=3.149 max|d|=50.38 (projection 16)
[ok] boston_query_-DZ2jmUKLylFospVHUJx9w direction_eot seed=9012 gain=2.478 max|d|=39.65 (projection 16)
[ok] boston_query_-DZ2jmUKLylFospVHUJx9w isotropic seed=9012 gain=14.471 max|d|=68.79 (no projection)
[ok] cph_query_-CmhgNHgZVau1Sw841AZJw direction seed=5678 gain=3.180 max|d|=50.89 (projection 16)
[ok] cph_query_-CmhgNHgZVau1Sw841AZJw direction_eot seed=5678 gain=2.452 max|d|=39.24 (projection 16)
[ok] cph_query_-CmhgNHgZVau1Sw841AZJw isotropic seed=5678 gain=15.865 max|d|=74.26 (no projection)
[ok] cph_query_-CmhgNHgZVau1Sw841AZJw direction seed=9012 gain=3.174 max|d|=50.79 (projection 16)
[ok] cph_query_-CmhgNHgZVau1Sw841AZJw direction_eot seed=9012 gain=2.510 max|d|=40.16 (projection 16)
[ok] cph_query_-CmhgNHgZVau1Sw841AZJw isotropic seed=9012 gain=14.422 max|d|=70.40 (no projection)
[ok] london_query_-WZeEq0W1pr6VJS4t3dR0g direction seed=5678 gain=3.143 max|d|=50.28 (projection 16)
[ok] london_query_-WZeEq0W1pr6VJS4t3dR0g direction_eot seed=5678 gain=2.549 max|d|=40.79 (projection 16)
[ok] london_query_-WZeEq0W1pr6VJS4t3dR0g isotropic seed=5678 gain=16.282 max|d|=71.44 (no projection)
[ok] london_query_-WZeEq0W1pr6VJS4t3dR0g direction seed=9012 gain=3.171 max|d|=50.73 (projection 16)
[ok] london_query_-WZeEq0W1pr6VJS4t3dR0g direction_eot seed=9012 gain=2.474 max|d|=39.58 (projection 16)
[ok] london_query_-WZeEq0W1pr6VJS4t3dR0g isotropic seed=9012 gain=15.192 max|d|=70.29 (no projection)
[ok] manila_query_-GD9SrklFbEy7mNAK9uIXg direction seed=5678 gain=3.187 max|d|=51.00 (projection 16)
[ok] manila_query_-GD9SrklFbEy7mNAK9uIXg direction_eot seed=5678 gain=2.656 max|d|=42.50 (projection 16)
[ok] manila_query_-GD9SrklFbEy7mNAK9uIXg isotropic seed=5678 gain=16.490 max|d|=77.34 (no projection)
[ok] manila_query_-GD9SrklFbEy7mNAK9uIXg direction seed=9012 gain=3.254 max|d|=52.07 (projection 16)
[ok] manila_query_-GD9SrklFbEy7mNAK9uIXg direction_eot seed=9012 gain=2.559 max|d|=40.94 (projection 16)
[ok] manila_query_-GD9SrklFbEy7mNAK9uIXg isotropic seed=9012 gain=15.299 max|d|=70.00 (no projection)
[ok] nairobi_query_0o5iaNnZzqS9cqJ1tMT85g direction seed=5678 gain=2.995 max|d|=47.92 (projection 16)
[ok] nairobi_query_0o5iaNnZzqS9cqJ1tMT85g direction_eot seed=5678 gain=2.235 max|d|=35.76 (projection 16)
[ok] nairobi_query_0o5iaNnZzqS9cqJ1tMT85g isotropic seed=5678 gain=15.610 max|d|=79.20 (no projection)
[ok] nairobi_query_0o5iaNnZzqS9cqJ1tMT85g direction seed=9012 gain=2.970 max|d|=47.51 (projection 16)
[ok] nairobi_query_0o5iaNnZzqS9cqJ1tMT85g direction_eot seed=9012 gain=2.219 max|d|=35.51 (projection 16)
[ok] nairobi_query_0o5iaNnZzqS9cqJ1tMT85g isotropic seed=9012 gain=15.545 max|d|=75.53 (no projection)
[ok] toronto_query_-8zrNMH6voa2ZtBaGNpoYQ direction seed=5678 gain=3.133 max|d|=50.13 (projection 16)
[ok] toronto_query_-8zrNMH6voa2ZtBaGNpoYQ direction_eot seed=5678 gain=2.495 max|d|=39.91 (projection 16)
[ok] toronto_query_-8zrNMH6voa2ZtBaGNpoYQ isotropic seed=5678 gain=15.431 max|d|=70.51 (no projection)
[ok] toronto_query_-8zrNMH6voa2ZtBaGNpoYQ direction seed=9012 gain=3.162 max|d|=50.60 (projection 16)
[ok] toronto_query_-8zrNMH6voa2ZtBaGNpoYQ direction_eot seed=9012 gain=2.491 max|d|=39.86 (projection 16)
[ok] toronto_query_-8zrNMH6voa2ZtBaGNpoYQ isotropic seed=9012 gain=13.925 max|d|=67.75 (no projection)
[ok] zurich_query_-bwmsEYfSnHpjkqrw0Vn6g direction seed=5678 gain=3.070 max|d|=49.11 (projection 16)
[ok] zurich_query_-bwmsEYfSnHpjkqrw0Vn6g direction_eot seed=5678 gain=2.442 max|d|=39.08 (projection 16)
[ok] zurich_query_-bwmsEYfSnHpjkqrw0Vn6g isotropic seed=5678 gain=16.100 max|d|=85.83 (no projection)
[ok] zurich_query_-bwmsEYfSnHpjkqrw0Vn6g direction seed=9012 gain=3.132 max|d|=50.12 (projection 16)
[ok] zurich_query_-bwmsEYfSnHpjkqrw0Vn6g direction_eot seed=9012 gain=2.435 max|d|=38.96 (projection 16)
[ok] zurich_query_-bwmsEYfSnHpjkqrw0Vn6g isotropic seed=9012 gain=14.766 max|d|=67.38 (no projection)
[ok] amman_query_0PLHged3iWJuuv8xOPB5rA direction seed=5678 gain=3.088 max|d|=49.41 (projection 16)
[ok] amman_query_0PLHged3iWJuuv8xOPB5rA direction_eot seed=5678 gain=2.513 max|d|=40.21 (projection 16)
[ok] amman_query_0PLHged3iWJuuv8xOPB5rA isotropic seed=5678 gain=15.673 max|d|=69.72 (no projection)
[ok] amman_query_0PLHged3iWJuuv8xOPB5rA direction seed=9012 gain=3.119 max|d|=49.90 (projection 16)
[ok] amman_query_0PLHged3iWJuuv8xOPB5rA direction_eot seed=9012 gain=2.471 max|d|=39.53 (projection 16)
[ok] amman_query_0PLHged3iWJuuv8xOPB5rA isotropic seed=9012 gain=15.735 max|d|=78.65 (no projection)
[ok] boston_query_-EHBZ4-3d6vENYYFm7mWEw direction seed=5678 gain=3.266 max|d|=52.25 (projection 16)
[ok] boston_query_-EHBZ4-3d6vENYYFm7mWEw direction_eot seed=5678 gain=2.600 max|d|=41.59 (projection 16)
[ok] boston_query_-EHBZ4-3d6vENYYFm7mWEw isotropic seed=5678 gain=16.127 max|d|=74.78 (no projection)
[ok] boston_query_-EHBZ4-3d6vENYYFm7mWEw direction seed=9012 gain=3.290 max|d|=52.64 (projection 16)
[ok] boston_query_-EHBZ4-3d6vENYYFm7mWEw direction_eot seed=9012 gain=2.686 max|d|=42.98 (projection 16)
[ok] boston_query_-EHBZ4-3d6vENYYFm7mWEw isotropic seed=9012 gain=16.151 max|d|=75.60 (no projection)
[ok] cph_query_-CrgHhqoywCPgzsSAabnsw direction seed=5678 gain=3.228 max|d|=51.65 (projection 16)
[ok] cph_query_-CrgHhqoywCPgzsSAabnsw direction_eot seed=5678 gain=2.528 max|d|=40.44 (projection 16)
[ok] cph_query_-CrgHhqoywCPgzsSAabnsw isotropic seed=5678 gain=15.735 max|d|=76.17 (no projection)
[ok] cph_query_-CrgHhqoywCPgzsSAabnsw direction seed=9012 gain=3.189 max|d|=51.02 (projection 16)
[ok] cph_query_-CrgHhqoywCPgzsSAabnsw direction_eot seed=9012 gain=2.547 max|d|=40.74 (projection 16)
[ok] cph_query_-CrgHhqoywCPgzsSAabnsw isotropic seed=9012 gain=15.796 max|d|=71.37 (no projection)
[ok] london_query_-WyzcGh-_EYVhI50Y9F08Q direction seed=5678 gain=3.128 max|d|=50.05 (projection 16)
[ok] london_query_-WyzcGh-_EYVhI50Y9F08Q direction_eot seed=5678 gain=2.567 max|d|=41.07 (projection 16)
[ok] london_query_-WyzcGh-_EYVhI50Y9F08Q isotropic seed=5678 gain=16.488 max|d|=73.79 (no projection)
[ok] london_query_-WyzcGh-_EYVhI50Y9F08Q direction seed=9012 gain=3.142 max|d|=50.27 (projection 16)
[ok] london_query_-WyzcGh-_EYVhI50Y9F08Q direction_eot seed=9012 gain=2.548 max|d|=40.76 (projection 16)
[ok] london_query_-WyzcGh-_EYVhI50Y9F08Q isotropic seed=9012 gain=15.197 max|d|=66.77 (no projection)
[ok] manila_query_-GRDcYlSjwLZPQ0LqKatqA direction seed=5678 gain=3.053 max|d|=48.84 (projection 16)
[ok] manila_query_-GRDcYlSjwLZPQ0LqKatqA direction_eot seed=5678 gain=2.406 max|d|=38.50 (projection 16)
[ok] manila_query_-GRDcYlSjwLZPQ0LqKatqA isotropic seed=5678 gain=15.619 max|d|=71.50 (no projection)
[ok] manila_query_-GRDcYlSjwLZPQ0LqKatqA direction seed=9012 gain=3.020 max|d|=48.32 (projection 16)
[ok] manila_query_-GRDcYlSjwLZPQ0LqKatqA direction_eot seed=9012 gain=2.343 max|d|=37.49 (projection 16)
[ok] manila_query_-GRDcYlSjwLZPQ0LqKatqA isotropic seed=9012 gain=15.595 max|d|=73.11 (no projection)
[ok] nairobi_query_0u9pYEI4g20T0TGGb3Q_mw direction seed=5678 gain=3.203 max|d|=51.25 (projection 16)
[ok] nairobi_query_0u9pYEI4g20T0TGGb3Q_mw direction_eot seed=5678 gain=2.486 max|d|=39.77 (projection 16)
[ok] nairobi_query_0u9pYEI4g20T0TGGb3Q_mw isotropic seed=5678 gain=14.941 max|d|=67.57 (no projection)
[ok] nairobi_query_0u9pYEI4g20T0TGGb3Q_mw direction seed=9012 gain=3.232 max|d|=51.71 (projection 16)
[ok] nairobi_query_0u9pYEI4g20T0TGGb3Q_mw direction_eot seed=9012 gain=2.469 max|d|=39.51 (projection 16)
[ok] nairobi_query_0u9pYEI4g20T0TGGb3Q_mw isotropic seed=9012 gain=15.601 max|d|=69.92 (no projection)
[ok] toronto_query_-90qYles5GKU3ikhCYP3xg direction seed=5678 gain=3.072 max|d|=49.15 (projection 16)
[ok] toronto_query_-90qYles5GKU3ikhCYP3xg direction_eot seed=5678 gain=2.507 max|d|=40.11 (projection 16)
[ok] toronto_query_-90qYles5GKU3ikhCYP3xg isotropic seed=5678 gain=15.731 max|d|=72.19 (no projection)
[ok] toronto_query_-90qYles5GKU3ikhCYP3xg direction seed=9012 gain=3.035 max|d|=48.56 (projection 16)
[ok] toronto_query_-90qYles5GKU3ikhCYP3xg direction_eot seed=9012 gain=2.427 max|d|=38.83 (projection 16)
[ok] toronto_query_-90qYles5GKU3ikhCYP3xg isotropic seed=9012 gain=15.708 max|d|=74.20 (no projection)
[ok] zurich_query_-ckZ0rXdz4mibIinNjdoZQ direction seed=5678 gain=3.256 max|d|=52.09 (projection 16)
[ok] zurich_query_-ckZ0rXdz4mibIinNjdoZQ direction_eot seed=5678 gain=2.624 max|d|=41.99 (projection 16)
[ok] zurich_query_-ckZ0rXdz4mibIinNjdoZQ isotropic seed=5678 gain=15.894 max|d|=73.77 (no projection)
[ok] zurich_query_-ckZ0rXdz4mibIinNjdoZQ direction seed=9012 gain=3.282 max|d|=52.51 (projection 16)
[ok] zurich_query_-ckZ0rXdz4mibIinNjdoZQ direction_eot seed=9012 gain=2.623 max|d|=41.96 (projection 16)
[ok] zurich_query_-ckZ0rXdz4mibIinNjdoZQ isotropic seed=9012 gain=15.889 max|d|=72.20 (no projection)
[ok] amman_query_0R0A_PhOAjP-uMDPM7p7mA direction seed=5678 gain=2.948 max|d|=47.17 (projection 16)
[ok] amman_query_0R0A_PhOAjP-uMDPM7p7mA direction_eot seed=5678 gain=2.385 max|d|=38.16 (projection 16)
[ok] amman_query_0R0A_PhOAjP-uMDPM7p7mA isotropic seed=5678 gain=15.842 max|d|=85.00 (no projection)
[ok] amman_query_0R0A_PhOAjP-uMDPM7p7mA direction seed=9012 gain=2.987 max|d|=47.79 (projection 16)
[ok] amman_query_0R0A_PhOAjP-uMDPM7p7mA direction_eot seed=9012 gain=2.335 max|d|=37.37 (projection 16)
[ok] amman_query_0R0A_PhOAjP-uMDPM7p7mA isotropic seed=9012 gain=15.872 max|d|=69.45 (no projection)
[ok] boston_query_-F1y-kaybMQbp8p7UR03TA direction seed=5678 gain=2.950 max|d|=47.19 (projection 16)
[ok] boston_query_-F1y-kaybMQbp8p7UR03TA direction_eot seed=5678 gain=2.333 max|d|=37.33 (projection 16)
[ok] boston_query_-F1y-kaybMQbp8p7UR03TA isotropic seed=5678 gain=15.362 max|d|=69.54 (no projection)
[ok] boston_query_-F1y-kaybMQbp8p7UR03TA direction seed=9012 gain=2.953 max|d|=47.25 (projection 16)
[ok] boston_query_-F1y-kaybMQbp8p7UR03TA direction_eot seed=9012 gain=2.311 max|d|=36.97 (projection 16)
[ok] boston_query_-F1y-kaybMQbp8p7UR03TA isotropic seed=9012 gain=15.828 max|d|=75.10 (no projection)
[ok] cph_query_-EJZ9qR_FRIGfCF6DhQCJg direction seed=5678 gain=2.857 max|d|=45.72 (projection 16)
[ok] cph_query_-EJZ9qR_FRIGfCF6DhQCJg direction_eot seed=5678 gain=2.377 max|d|=38.04 (projection 16)
[ok] cph_query_-EJZ9qR_FRIGfCF6DhQCJg isotropic seed=5678 gain=15.776 max|d|=74.30 (no projection)
[ok] cph_query_-EJZ9qR_FRIGfCF6DhQCJg direction seed=9012 gain=2.888 max|d|=46.21 (projection 16)
[ok] cph_query_-EJZ9qR_FRIGfCF6DhQCJg direction_eot seed=9012 gain=2.391 max|d|=38.26 (projection 16)
[ok] cph_query_-EJZ9qR_FRIGfCF6DhQCJg isotropic seed=9012 gain=15.727 max|d|=74.05 (no projection)
[ok] london_query_-XIh6yuegk86oURAbggPpw direction seed=5678 gain=2.891 max|d|=46.26 (projection 16)
[ok] london_query_-XIh6yuegk86oURAbggPpw direction_eot seed=5678 gain=2.241 max|d|=35.85 (projection 16)
[ok] london_query_-XIh6yuegk86oURAbggPpw isotropic seed=5678 gain=15.688 max|d|=73.26 (no projection)
[ok] london_query_-XIh6yuegk86oURAbggPpw direction seed=9012 gain=2.784 max|d|=44.54 (projection 16)
[ok] london_query_-XIh6yuegk86oURAbggPpw direction_eot seed=9012 gain=2.294 max|d|=36.70 (projection 16)
[ok] london_query_-XIh6yuegk86oURAbggPpw isotropic seed=9012 gain=15.644 max|d|=77.25 (no projection)
[ok] manila_query_-GYvqZ8BYSfzGUbFI13obA direction seed=5678 gain=3.211 max|d|=51.37 (projection 16)
[ok] manila_query_-GYvqZ8BYSfzGUbFI13obA direction_eot seed=5678 gain=2.587 max|d|=41.39 (projection 16)
[ok] manila_query_-GYvqZ8BYSfzGUbFI13obA isotropic seed=5678 gain=16.443 max|d|=72.74 (no projection)
[ok] manila_query_-GYvqZ8BYSfzGUbFI13obA direction seed=9012 gain=3.226 max|d|=51.61 (projection 16)
[ok] manila_query_-GYvqZ8BYSfzGUbFI13obA direction_eot seed=9012 gain=2.480 max|d|=39.68 (projection 16)
[ok] manila_query_-GYvqZ8BYSfzGUbFI13obA isotropic seed=9012 gain=16.450 max|d|=72.62 (no projection)
[ok] nairobi_query_16KxNH7RD-4ITdBTZKvAXw direction seed=5678 gain=3.309 max|d|=52.94 (projection 16)
[ok] nairobi_query_16KxNH7RD-4ITdBTZKvAXw direction_eot seed=5678 gain=2.556 max|d|=40.90 (projection 16)
[ok] nairobi_query_16KxNH7RD-4ITdBTZKvAXw isotropic seed=5678 gain=16.149 max|d|=73.93 (no projection)
[ok] nairobi_query_16KxNH7RD-4ITdBTZKvAXw direction seed=9012 gain=3.375 max|d|=54.00 (projection 16)
[ok] nairobi_query_16KxNH7RD-4ITdBTZKvAXw direction_eot seed=9012 gain=2.527 max|d|=40.43 (projection 16)
[ok] nairobi_query_16KxNH7RD-4ITdBTZKvAXw isotropic seed=9012 gain=14.868 max|d|=66.75 (no projection)
[ok] toronto_query_-95Ypw11XUgNqZdY5m4GCw direction seed=5678 gain=3.206 max|d|=51.29 (projection 16)
[ok] toronto_query_-95Ypw11XUgNqZdY5m4GCw direction_eot seed=5678 gain=2.583 max|d|=41.33 (projection 16)
[ok] toronto_query_-95Ypw11XUgNqZdY5m4GCw isotropic seed=5678 gain=15.674 max|d|=69.43 (no projection)
[ok] toronto_query_-95Ypw11XUgNqZdY5m4GCw direction seed=9012 gain=3.224 max|d|=51.58 (projection 16)
[ok] toronto_query_-95Ypw11XUgNqZdY5m4GCw direction_eot seed=9012 gain=2.585 max|d|=41.37 (projection 16)
[ok] toronto_query_-95Ypw11XUgNqZdY5m4GCw isotropic seed=9012 gain=16.358 max|d|=77.00 (no projection)
[ok] zurich_query_-fOHAPAq-KX4XPlg0JJPvg direction seed=5678 gain=2.994 max|d|=47.90 (projection 16)
[ok] zurich_query_-fOHAPAq-KX4XPlg0JJPvg direction_eot seed=5678 gain=2.469 max|d|=39.50 (projection 16)
[ok] zurich_query_-fOHAPAq-KX4XPlg0JJPvg isotropic seed=5678 gain=14.758 max|d|=70.10 (no projection)
[ok] zurich_query_-fOHAPAq-KX4XPlg0JJPvg direction seed=9012 gain=3.046 max|d|=48.74 (projection 16)
[ok] zurich_query_-fOHAPAq-KX4XPlg0JJPvg direction_eot seed=9012 gain=2.391 max|d|=38.25 (projection 16)
[ok] zurich_query_-fOHAPAq-KX4XPlg0JJPvg isotropic seed=9012 gain=16.597 max|d|=73.49 (no projection)
[ok] amman_query_0RRGZCCzxqj8dJzhN-RnQQ direction seed=5678 gain=3.014 max|d|=48.23 (projection 16)
[ok] amman_query_0RRGZCCzxqj8dJzhN-RnQQ direction_eot seed=5678 gain=2.454 max|d|=39.26 (projection 16)
[ok] amman_query_0RRGZCCzxqj8dJzhN-RnQQ isotropic seed=5678 gain=15.914 max|d|=72.13 (no projection)
[ok] amman_query_0RRGZCCzxqj8dJzhN-RnQQ direction seed=9012 gain=2.986 max|d|=47.78 (projection 16)
[ok] amman_query_0RRGZCCzxqj8dJzhN-RnQQ direction_eot seed=9012 gain=2.424 max|d|=38.78 (projection 16)
[ok] amman_query_0RRGZCCzxqj8dJzhN-RnQQ isotropic seed=9012 gain=15.861 max|d|=72.26 (no projection)
[ok] boston_query_-GJo3fVMwIWZoCYgf09NLQ direction seed=5678 gain=2.978 max|d|=47.65 (projection 16)
[ok] boston_query_-GJo3fVMwIWZoCYgf09NLQ direction_eot seed=5678 gain=2.357 max|d|=37.72 (projection 16)
[ok] boston_query_-GJo3fVMwIWZoCYgf09NLQ isotropic seed=5678 gain=16.459 max|d|=72.48 (no projection)
[ok] boston_query_-GJo3fVMwIWZoCYgf09NLQ direction seed=9012 gain=2.974 max|d|=47.59 (projection 16)
[ok] boston_query_-GJo3fVMwIWZoCYgf09NLQ direction_eot seed=9012 gain=2.371 max|d|=37.94 (projection 16)
[ok] boston_query_-GJo3fVMwIWZoCYgf09NLQ isotropic seed=9012 gain=16.121 max|d|=74.63 (no projection)
[ok] cph_query_-Eb1W6216G9S88OFy95k4Q direction seed=5678 gain=2.796 max|d|=44.74 (projection 16)
[ok] cph_query_-Eb1W6216G9S88OFy95k4Q direction_eot seed=5678 gain=2.193 max|d|=35.09 (projection 16)
[ok] cph_query_-Eb1W6216G9S88OFy95k4Q isotropic seed=5678 gain=15.735 max|d|=74.26 (no projection)
[ok] cph_query_-Eb1W6216G9S88OFy95k4Q direction seed=9012 gain=2.780 max|d|=44.47 (projection 16)
[ok] cph_query_-Eb1W6216G9S88OFy95k4Q direction_eot seed=9012 gain=2.202 max|d|=35.24 (projection 16)
[ok] cph_query_-Eb1W6216G9S88OFy95k4Q isotropic seed=9012 gain=15.740 max|d|=72.97 (no projection)
[ok] london_query_-XZRTRoj7LEefbZ7UDBzXg direction seed=5678 gain=2.878 max|d|=46.04 (projection 16)
[ok] london_query_-XZRTRoj7LEefbZ7UDBzXg direction_eot seed=5678 gain=2.397 max|d|=38.35 (projection 16)
[ok] london_query_-XZRTRoj7LEefbZ7UDBzXg isotropic seed=5678 gain=15.589 max|d|=66.46 (no projection)
[ok] london_query_-XZRTRoj7LEefbZ7UDBzXg direction seed=9012 gain=2.898 max|d|=46.37 (projection 16)
[ok] london_query_-XZRTRoj7LEefbZ7UDBzXg direction_eot seed=9012 gain=2.490 max|d|=39.84 (projection 16)
[ok] london_query_-XZRTRoj7LEefbZ7UDBzXg isotropic seed=9012 gain=16.005 max|d|=77.03 (no projection)
[ok] manila_query_-HF88JWAO1GDy0F6B4ZeZg direction seed=5678 gain=3.174 max|d|=50.79 (projection 16)
[ok] manila_query_-HF88JWAO1GDy0F6B4ZeZg direction_eot seed=5678 gain=2.477 max|d|=39.63 (projection 16)
[ok] manila_query_-HF88JWAO1GDy0F6B4ZeZg isotropic seed=5678 gain=15.899 max|d|=69.37 (no projection)
[ok] manila_query_-HF88JWAO1GDy0F6B4ZeZg direction seed=9012 gain=3.180 max|d|=50.89 (projection 16)
[ok] manila_query_-HF88JWAO1GDy0F6B4ZeZg direction_eot seed=9012 gain=2.422 max|d|=38.75 (projection 16)
[ok] manila_query_-HF88JWAO1GDy0F6B4ZeZg isotropic seed=9012 gain=15.934 max|d|=76.44 (no projection)
[ok] nairobi_query_183WoPTmmjfRAAmVLL6TDw direction seed=5678 gain=3.297 max|d|=52.76 (projection 16)
[ok] nairobi_query_183WoPTmmjfRAAmVLL6TDw direction_eot seed=5678 gain=2.536 max|d|=40.57 (projection 16)
[ok] nairobi_query_183WoPTmmjfRAAmVLL6TDw isotropic seed=5678 gain=14.980 max|d|=68.37 (no projection)
[ok] nairobi_query_183WoPTmmjfRAAmVLL6TDw direction seed=9012 gain=3.273 max|d|=52.37 (projection 16)
[ok] nairobi_query_183WoPTmmjfRAAmVLL6TDw direction_eot seed=9012 gain=2.576 max|d|=41.21 (projection 16)
[ok] nairobi_query_183WoPTmmjfRAAmVLL6TDw isotropic seed=9012 gain=15.670 max|d|=72.04 (no projection)
[ok] toronto_query_-9p2_cESNINnXfab4o-dKQ direction seed=5678 gain=3.060 max|d|=48.95 (projection 16)
[ok] toronto_query_-9p2_cESNINnXfab4o-dKQ direction_eot seed=5678 gain=2.437 max|d|=38.99 (projection 16)
[ok] toronto_query_-9p2_cESNINnXfab4o-dKQ isotropic seed=5678 gain=15.554 max|d|=70.46 (no projection)
[ok] toronto_query_-9p2_cESNINnXfab4o-dKQ direction seed=9012 gain=3.001 max|d|=48.01 (projection 16)
[ok] toronto_query_-9p2_cESNINnXfab4o-dKQ direction_eot seed=9012 gain=2.450 max|d|=39.20 (projection 16)
[ok] toronto_query_-9p2_cESNINnXfab4o-dKQ isotropic seed=9012 gain=15.840 max|d|=71.07 (no projection)
[ok] zurich_query_-iln48QPRjkI40nJSzd6lg direction seed=5678 gain=2.987 max|d|=47.79 (projection 16)
[ok] zurich_query_-iln48QPRjkI40nJSzd6lg direction_eot seed=5678 gain=2.354 max|d|=37.66 (projection 16)
[ok] zurich_query_-iln48QPRjkI40nJSzd6lg isotropic seed=5678 gain=14.918 max|d|=66.09 (no projection)
[ok] zurich_query_-iln48QPRjkI40nJSzd6lg direction seed=9012 gain=2.994 max|d|=47.90 (projection 16)
[ok] zurich_query_-iln48QPRjkI40nJSzd6lg direction_eot seed=9012 gain=2.392 max|d|=38.28 (projection 16)
[ok] zurich_query_-iln48QPRjkI40nJSzd6lg isotropic seed=9012 gain=15.002 max|d|=72.09 (no projection)
[ok] amman_query_0fPb7in-cHyh0MAM_N6Zwg direction seed=5678 gain=2.964 max|d|=47.43 (projection 16)
[ok] amman_query_0fPb7in-cHyh0MAM_N6Zwg direction_eot seed=5678 gain=2.355 max|d|=37.69 (projection 16)
[ok] amman_query_0fPb7in-cHyh0MAM_N6Zwg isotropic seed=5678 gain=14.457 max|d|=69.31 (no projection)
[ok] amman_query_0fPb7in-cHyh0MAM_N6Zwg direction seed=9012 gain=2.934 max|d|=46.94 (projection 16)
[ok] amman_query_0fPb7in-cHyh0MAM_N6Zwg direction_eot seed=9012 gain=2.346 max|d|=37.53 (projection 16)
[ok] amman_query_0fPb7in-cHyh0MAM_N6Zwg isotropic seed=9012 gain=15.701 max|d|=72.27 (no projection)
[ok] boston_query_-HufF4iDO00S4hZK96hUyw direction seed=5678 gain=2.976 max|d|=47.61 (projection 16)
[ok] boston_query_-HufF4iDO00S4hZK96hUyw direction_eot seed=5678 gain=2.421 max|d|=38.73 (projection 16)
[ok] boston_query_-HufF4iDO00S4hZK96hUyw isotropic seed=5678 gain=14.678 max|d|=70.34 (no projection)
[ok] boston_query_-HufF4iDO00S4hZK96hUyw direction seed=9012 gain=3.001 max|d|=48.02 (projection 16)
[ok] boston_query_-HufF4iDO00S4hZK96hUyw direction_eot seed=9012 gain=2.453 max|d|=39.25 (projection 16)
[ok] boston_query_-HufF4iDO00S4hZK96hUyw isotropic seed=9012 gain=15.976 max|d|=68.19 (no projection)
[ok] cph_query_-Efn_mUBXLqGWGzUw3Youw direction seed=5678 gain=3.041 max|d|=48.66 (projection 16)
[ok] cph_query_-Efn_mUBXLqGWGzUw3Youw direction_eot seed=5678 gain=2.473 max|d|=39.57 (projection 16)
[ok] cph_query_-Efn_mUBXLqGWGzUw3Youw isotropic seed=5678 gain=15.262 max|d|=70.97 (no projection)
[ok] cph_query_-Efn_mUBXLqGWGzUw3Youw direction seed=9012 gain=2.966 max|d|=47.46 (projection 16)
[ok] cph_query_-Efn_mUBXLqGWGzUw3Youw direction_eot seed=9012 gain=2.431 max|d|=38.90 (projection 16)
[ok] cph_query_-Efn_mUBXLqGWGzUw3Youw isotropic seed=9012 gain=15.857 max|d|=86.38 (no projection)
[ok] london_query_-b5BCVv9Qd6OhZGxpoqS5A direction seed=5678 gain=2.935 max|d|=46.95 (projection 16)
[ok] london_query_-b5BCVv9Qd6OhZGxpoqS5A direction_eot seed=5678 gain=2.368 max|d|=37.89 (projection 16)
[ok] london_query_-b5BCVv9Qd6OhZGxpoqS5A isotropic seed=5678 gain=15.642 max|d|=70.96 (no projection)
[ok] london_query_-b5BCVv9Qd6OhZGxpoqS5A direction seed=9012 gain=2.834 max|d|=45.34 (projection 16)
[ok] london_query_-b5BCVv9Qd6OhZGxpoqS5A direction_eot seed=9012 gain=2.340 max|d|=37.43 (projection 16)
[ok] london_query_-b5BCVv9Qd6OhZGxpoqS5A isotropic seed=9012 gain=16.350 max|d|=74.41 (no projection)
[ok] manila_query_-KU1q5fdqSI_GghxKumbeg direction seed=5678 gain=2.968 max|d|=47.50 (projection 16)
[ok] manila_query_-KU1q5fdqSI_GghxKumbeg direction_eot seed=5678 gain=2.405 max|d|=38.49 (projection 16)
[ok] manila_query_-KU1q5fdqSI_GghxKumbeg isotropic seed=5678 gain=14.645 max|d|=69.95 (no projection)
[ok] manila_query_-KU1q5fdqSI_GghxKumbeg direction seed=9012 gain=2.953 max|d|=47.25 (projection 16)
[ok] manila_query_-KU1q5fdqSI_GghxKumbeg direction_eot seed=9012 gain=2.396 max|d|=38.34 (projection 16)
[ok] manila_query_-KU1q5fdqSI_GghxKumbeg isotropic seed=9012 gain=16.291 max|d|=77.07 (no projection)
[ok] nairobi_query_19K8RILgg4ErFKJ9l5D9zQ direction seed=5678 gain=3.472 max|d|=55.55 (projection 16)
[ok] nairobi_query_19K8RILgg4ErFKJ9l5D9zQ direction_eot seed=5678 gain=2.602 max|d|=41.63 (projection 16)
[ok] nairobi_query_19K8RILgg4ErFKJ9l5D9zQ isotropic seed=5678 gain=16.331 max|d|=73.82 (no projection)
[ok] nairobi_query_19K8RILgg4ErFKJ9l5D9zQ direction seed=9012 gain=3.454 max|d|=55.26 (projection 16)
[ok] nairobi_query_19K8RILgg4ErFKJ9l5D9zQ direction_eot seed=9012 gain=2.646 max|d|=42.33 (projection 16)
[ok] nairobi_query_19K8RILgg4ErFKJ9l5D9zQ isotropic seed=9012 gain=16.323 max|d|=78.28 (no projection)
[ok] toronto_query_-Af6Q3npKjccLu7TwYvlsQ direction seed=5678 gain=3.120 max|d|=49.92 (projection 16)
[ok] toronto_query_-Af6Q3npKjccLu7TwYvlsQ direction_eot seed=5678 gain=2.489 max|d|=39.83 (projection 16)
[ok] toronto_query_-Af6Q3npKjccLu7TwYvlsQ isotropic seed=5678 gain=16.245 max|d|=74.17 (no projection)
[ok] toronto_query_-Af6Q3npKjccLu7TwYvlsQ direction seed=9012 gain=3.097 max|d|=49.56 (projection 16)
[ok] toronto_query_-Af6Q3npKjccLu7TwYvlsQ direction_eot seed=9012 gain=2.487 max|d|=39.79 (projection 16)
[ok] toronto_query_-Af6Q3npKjccLu7TwYvlsQ isotropic seed=9012 gain=16.026 max|d|=76.04 (no projection)
[ok] zurich_query_-ldtR3_I7eHdDGYU5BNczg direction seed=5678 gain=2.793 max|d|=44.69 (projection 16)
[ok] zurich_query_-ldtR3_I7eHdDGYU5BNczg direction_eot seed=5678 gain=2.193 max|d|=35.09 (projection 16)
[ok] zurich_query_-ldtR3_I7eHdDGYU5BNczg isotropic seed=5678 gain=15.602 max|d|=74.08 (no projection)
[ok] zurich_query_-ldtR3_I7eHdDGYU5BNczg direction seed=9012 gain=2.744 max|d|=43.90 (projection 16)
[ok] zurich_query_-ldtR3_I7eHdDGYU5BNczg direction_eot seed=9012 gain=2.230 max|d|=35.67 (projection 16)
[ok] zurich_query_-ldtR3_I7eHdDGYU5BNczg isotropic seed=9012 gain=14.472 max|d|=69.06 (no projection)
[ok] amman_query_0mtodUgJmOV4UK-0AiTGHg direction seed=5678 gain=3.014 max|d|=48.22 (projection 16)
[ok] amman_query_0mtodUgJmOV4UK-0AiTGHg direction_eot seed=5678 gain=2.422 max|d|=38.75 (projection 16)
[ok] amman_query_0mtodUgJmOV4UK-0AiTGHg isotropic seed=5678 gain=15.846 max|d|=77.07 (no projection)
[ok] amman_query_0mtodUgJmOV4UK-0AiTGHg direction seed=9012 gain=3.030 max|d|=48.48 (projection 16)
[ok] amman_query_0mtodUgJmOV4UK-0AiTGHg direction_eot seed=9012 gain=2.423 max|d|=38.77 (projection 16)
[ok] amman_query_0mtodUgJmOV4UK-0AiTGHg isotropic seed=9012 gain=15.754 max|d|=79.90 (no projection)
[ok] boston_query_-IYAXZ4yoOS7SzEIu2m-me direction seed=5678 gain=3.260 max|d|=52.16 (projection 16)
[ok] boston_query_-IYAXZ4yoOS7SzEIu2m-me direction_eot seed=5678 gain=2.399 max|d|=38.38 (projection 16)
[ok] boston_query_-IYAXZ4yoOS7SzEIu2m-me isotropic seed=5678 gain=15.761 max|d|=72.18 (no projection)
[ok] boston_query_-IYAXZ4yoOS7SzEIu2m-me direction seed=9012 gain=3.221 max|d|=51.54 (projection 16)
[ok] boston_query_-IYAXZ4yoOS7SzEIu2m-me direction_eot seed=9012 gain=2.475 max|d|=39.61 (projection 16)
[ok] boston_query_-IYAXZ4yoOS7SzEIu2m-me isotropic seed=9012 gain=15.659 max|d|=73.21 (no projection)
[ok] cph_query_-F5w8wQO0CU26PCfOqANzA direction seed=5678 gain=2.906 max|d|=46.50 (projection 16)
[ok] cph_query_-F5w8wQO0CU26PCfOqANzA direction_eot seed=5678 gain=2.414 max|d|=38.62 (projection 16)
[ok] cph_query_-F5w8wQO0CU26PCfOqANzA isotropic seed=5678 gain=15.821 max|d|=73.15 (no projection)
[ok] cph_query_-F5w8wQO0CU26PCfOqANzA direction seed=9012 gain=2.922 max|d|=46.75 (projection 16)
[ok] cph_query_-F5w8wQO0CU26PCfOqANzA direction_eot seed=9012 gain=2.452 max|d|=39.23 (projection 16)
[ok] cph_query_-F5w8wQO0CU26PCfOqANzA isotropic seed=9012 gain=15.991 max|d|=74.56 (no projection)
[ok] london_query_-c-T7aulp9a5g-J9zYbYiQ direction seed=5678 gain=3.210 max|d|=51.36 (projection 16)
[ok] london_query_-c-T7aulp9a5g-J9zYbYiQ direction_eot seed=5678 gain=2.609 max|d|=41.74 (projection 16)
[ok] london_query_-c-T7aulp9a5g-J9zYbYiQ isotropic seed=5678 gain=16.551 max|d|=74.62 (no projection)
[ok] london_query_-c-T7aulp9a5g-J9zYbYiQ direction seed=9012 gain=3.201 max|d|=51.22 (projection 16)
[ok] london_query_-c-T7aulp9a5g-J9zYbYiQ direction_eot seed=9012 gain=2.486 max|d|=39.78 (projection 16)
[ok] london_query_-c-T7aulp9a5g-J9zYbYiQ isotropic seed=9012 gain=16.554 max|d|=74.27 (no projection)
[ok] manila_query_-KoSUCrB2w1FscwO9vyRlw direction seed=5678 gain=2.757 max|d|=44.12 (projection 16)
[ok] manila_query_-KoSUCrB2w1FscwO9vyRlw direction_eot seed=5678 gain=2.174 max|d|=34.79 (projection 16)
[ok] manila_query_-KoSUCrB2w1FscwO9vyRlw isotropic seed=5678 gain=15.748 max|d|=71.13 (no projection)
[ok] manila_query_-KoSUCrB2w1FscwO9vyRlw direction seed=9012 gain=2.776 max|d|=44.41 (projection 16)
[ok] manila_query_-KoSUCrB2w1FscwO9vyRlw direction_eot seed=9012 gain=2.203 max|d|=35.25 (projection 16)
[ok] manila_query_-KoSUCrB2w1FscwO9vyRlw isotropic seed=9012 gain=14.211 max|d|=72.59 (no projection)
[ok] nairobi_query_1J7o8IGEriKnTs-ay8aPNQ direction seed=5678 gain=3.420 max|d|=54.72 (projection 16)
[ok] nairobi_query_1J7o8IGEriKnTs-ay8aPNQ direction_eot seed=5678 gain=2.702 max|d|=43.23 (projection 16)
[ok] nairobi_query_1J7o8IGEriKnTs-ay8aPNQ isotropic seed=5678 gain=14.995 max|d|=68.51 (no projection)
[ok] nairobi_query_1J7o8IGEriKnTs-ay8aPNQ direction seed=9012 gain=3.415 max|d|=54.64 (projection 16)
[ok] nairobi_query_1J7o8IGEriKnTs-ay8aPNQ direction_eot seed=9012 gain=2.653 max|d|=42.45 (projection 16)
[ok] nairobi_query_1J7o8IGEriKnTs-ay8aPNQ isotropic seed=9012 gain=16.339 max|d|=74.48 (no projection)
[ok] toronto_query_-AlgHQUWzDPe9bpb8ZAzSA direction seed=5678 gain=3.249 max|d|=51.98 (projection 16)
[ok] toronto_query_-AlgHQUWzDPe9bpb8ZAzSA direction_eot seed=5678 gain=2.636 max|d|=42.18 (projection 16)
[ok] toronto_query_-AlgHQUWzDPe9bpb8ZAzSA isotropic seed=5678 gain=16.465 max|d|=79.08 (no projection)
[ok] toronto_query_-AlgHQUWzDPe9bpb8ZAzSA direction seed=9012 gain=3.255 max|d|=52.07 (projection 16)
[ok] toronto_query_-AlgHQUWzDPe9bpb8ZAzSA direction_eot seed=9012 gain=2.591 max|d|=41.46 (projection 16)
[ok] toronto_query_-AlgHQUWzDPe9bpb8ZAzSA isotropic seed=9012 gain=15.029 max|d|=71.35 (no projection)
[ok] zurich_query_-m5K41q4X0r8qu_XnaYlIg direction seed=5678 gain=3.033 max|d|=48.52 (projection 16)
[ok] zurich_query_-m5K41q4X0r8qu_XnaYlIg direction_eot seed=5678 gain=2.372 max|d|=37.95 (projection 16)
[ok] zurich_query_-m5K41q4X0r8qu_XnaYlIg isotropic seed=5678 gain=16.267 max|d|=78.16 (no projection)
[ok] zurich_query_-m5K41q4X0r8qu_XnaYlIg direction seed=9012 gain=2.976 max|d|=47.62 (projection 16)
[ok] zurich_query_-m5K41q4X0r8qu_XnaYlIg direction_eot seed=9012 gain=2.435 max|d|=38.95 (projection 16)
[ok] zurich_query_-m5K41q4X0r8qu_XnaYlIg isotropic seed=9012 gain=15.570 max|d|=70.64 (no projection)
[ok] amman_query_0rJM3ZzX3JzTTpl0GCia8w direction seed=5678 gain=3.461 max|d|=55.37 (projection 16)
[ok] amman_query_0rJM3ZzX3JzTTpl0GCia8w direction_eot seed=5678 gain=2.771 max|d|=44.34 (projection 16)
[ok] amman_query_0rJM3ZzX3JzTTpl0GCia8w isotropic seed=5678 gain=16.701 max|d|=73.80 (no projection)
[ok] amman_query_0rJM3ZzX3JzTTpl0GCia8w direction seed=9012 gain=3.436 max|d|=54.97 (projection 16)
[ok] amman_query_0rJM3ZzX3JzTTpl0GCia8w direction_eot seed=9012 gain=2.737 max|d|=43.79 (projection 16)
[ok] amman_query_0rJM3ZzX3JzTTpl0GCia8w isotropic seed=9012 gain=16.638 max|d|=73.82 (no projection)
[ok] boston_query_-Jix8HM-vXTXdWrXQwVvQw direction seed=5678 gain=3.197 max|d|=51.15 (projection 16)
[ok] boston_query_-Jix8HM-vXTXdWrXQwVvQw direction_eot seed=5678 gain=2.579 max|d|=41.27 (projection 16)
[ok] boston_query_-Jix8HM-vXTXdWrXQwVvQw isotropic seed=5678 gain=16.228 max|d|=87.18 (no projection)
[ok] boston_query_-Jix8HM-vXTXdWrXQwVvQw direction seed=9012 gain=3.201 max|d|=51.21 (projection 16)
[ok] boston_query_-Jix8HM-vXTXdWrXQwVvQw direction_eot seed=9012 gain=2.583 max|d|=41.32 (projection 16)
[ok] boston_query_-Jix8HM-vXTXdWrXQwVvQw isotropic seed=9012 gain=16.235 max|d|=80.19 (no projection)
[ok] cph_query_-FLAkBWjfrY2RcqaQ-LgmQ direction seed=5678 gain=2.988 max|d|=47.81 (projection 16)
[ok] cph_query_-FLAkBWjfrY2RcqaQ-LgmQ direction_eot seed=5678 gain=2.443 max|d|=39.08 (projection 16)
[ok] cph_query_-FLAkBWjfrY2RcqaQ-LgmQ isotropic seed=5678 gain=15.753 max|d|=73.52 (no projection)
[ok] cph_query_-FLAkBWjfrY2RcqaQ-LgmQ direction seed=9012 gain=3.027 max|d|=48.43 (projection 16)
[ok] cph_query_-FLAkBWjfrY2RcqaQ-LgmQ direction_eot seed=9012 gain=2.398 max|d|=38.36 (projection 16)
[ok] cph_query_-FLAkBWjfrY2RcqaQ-LgmQ isotropic seed=9012 gain=15.709 max|d|=70.10 (no projection)
[ok] london_query_-cAVonhAOLeSK7tfil0ceg direction seed=5678 gain=3.070 max|d|=49.12 (projection 16)
[ok] london_query_-cAVonhAOLeSK7tfil0ceg direction_eot seed=5678 gain=2.352 max|d|=37.64 (projection 16)
[ok] london_query_-cAVonhAOLeSK7tfil0ceg isotropic seed=5678 gain=16.276 max|d|=72.16 (no projection)
[ok] london_query_-cAVonhAOLeSK7tfil0ceg direction seed=9012 gain=3.059 max|d|=48.94 (projection 16)
[ok] london_query_-cAVonhAOLeSK7tfil0ceg direction_eot seed=9012 gain=2.423 max|d|=38.77 (projection 16)
[ok] london_query_-cAVonhAOLeSK7tfil0ceg isotropic seed=9012 gain=16.281 max|d|=71.57 (no projection)
[ok] manila_query_-LBCdeO8C8kj5IjX1m3XTA direction seed=5678 gain=2.696 max|d|=43.13 (projection 16)
[ok] manila_query_-LBCdeO8C8kj5IjX1m3XTA direction_eot seed=5678 gain=2.147 max|d|=34.35 (projection 16)
[ok] manila_query_-LBCdeO8C8kj5IjX1m3XTA isotropic seed=5678 gain=16.095 max|d|=67.35 (no projection)
[ok] manila_query_-LBCdeO8C8kj5IjX1m3XTA direction seed=9012 gain=2.722 max|d|=43.55 (projection 16)
[ok] manila_query_-LBCdeO8C8kj5IjX1m3XTA direction_eot seed=9012 gain=2.145 max|d|=34.32 (projection 16)
[ok] manila_query_-LBCdeO8C8kj5IjX1m3XTA isotropic seed=9012 gain=16.103 max|d|=71.12 (no projection)
[ok] nairobi_query_1YjlKCdHNgoQBY8yOFqlmw direction seed=5678 gain=3.468 max|d|=55.50 (projection 16)
[ok] nairobi_query_1YjlKCdHNgoQBY8yOFqlmw direction_eot seed=5678 gain=2.780 max|d|=44.48 (projection 16)
[ok] nairobi_query_1YjlKCdHNgoQBY8yOFqlmw isotropic seed=5678 gain=16.705 max|d|=86.26 (no projection)
[ok] nairobi_query_1YjlKCdHNgoQBY8yOFqlmw direction seed=9012 gain=3.467 max|d|=55.47 (projection 16)
[ok] nairobi_query_1YjlKCdHNgoQBY8yOFqlmw direction_eot seed=9012 gain=2.798 max|d|=44.77 (projection 16)
[ok] nairobi_query_1YjlKCdHNgoQBY8yOFqlmw isotropic seed=9012 gain=14.326 max|d|=73.73 (no projection)
[ok] toronto_query_-B-3B3MjxX0UdrDIo-8kmA direction seed=5678 gain=2.878 max|d|=46.05 (projection 16)
[ok] toronto_query_-B-3B3MjxX0UdrDIo-8kmA direction_eot seed=5678 gain=2.327 max|d|=37.23 (projection 16)
[ok] toronto_query_-B-3B3MjxX0UdrDIo-8kmA isotropic seed=5678 gain=15.804 max|d|=72.14 (no projection)
[ok] toronto_query_-B-3B3MjxX0UdrDIo-8kmA direction seed=9012 gain=2.881 max|d|=46.09 (projection 16)
[ok] toronto_query_-B-3B3MjxX0UdrDIo-8kmA direction_eot seed=9012 gain=2.350 max|d|=37.61 (projection 16)
[ok] toronto_query_-B-3B3MjxX0UdrDIo-8kmA isotropic seed=9012 gain=15.216 max|d|=72.04 (no projection)
[ok] zurich_query_-nhCCSRwlsxqJsUbzqZvCQ direction seed=5678 gain=2.786 max|d|=44.58 (projection 16)
[ok] zurich_query_-nhCCSRwlsxqJsUbzqZvCQ direction_eot seed=5678 gain=2.192 max|d|=35.07 (projection 16)
[ok] zurich_query_-nhCCSRwlsxqJsUbzqZvCQ isotropic seed=5678 gain=15.674 max|d|=74.91 (no projection)
[ok] zurich_query_-nhCCSRwlsxqJsUbzqZvCQ direction seed=9012 gain=2.845 max|d|=45.52 (projection 16)
[ok] zurich_query_-nhCCSRwlsxqJsUbzqZvCQ direction_eot seed=9012 gain=2.166 max|d|=34.66 (projection 16)
[ok] zurich_query_-nhCCSRwlsxqJsUbzqZvCQ isotropic seed=9012 gain=15.113 max|d|=74.24 (no projection)
[ok] amman_query_12LbsAl_T_jgw2JHgbR5ng direction seed=5678 gain=3.064 max|d|=49.02 (projection 16)
[ok] amman_query_12LbsAl_T_jgw2JHgbR5ng direction_eot seed=5678 gain=2.430 max|d|=38.88 (projection 16)
[ok] amman_query_12LbsAl_T_jgw2JHgbR5ng isotropic seed=5678 gain=13.493 max|d|=68.18 (no projection)
[ok] amman_query_12LbsAl_T_jgw2JHgbR5ng direction seed=9012 gain=3.035 max|d|=48.57 (projection 16)
[ok] amman_query_12LbsAl_T_jgw2JHgbR5ng direction_eot seed=9012 gain=2.455 max|d|=39.28 (projection 16)
[ok] amman_query_12LbsAl_T_jgw2JHgbR5ng isotropic seed=9012 gain=15.551 max|d|=73.41 (no projection)
[ok] boston_query_-Jv7RF27BSJIV-gqOI7KxZ direction seed=5678 gain=3.182 max|d|=50.92 (projection 16)
[ok] boston_query_-Jv7RF27BSJIV-gqOI7KxZ direction_eot seed=5678 gain=2.552 max|d|=40.83 (projection 16)
[ok] boston_query_-Jv7RF27BSJIV-gqOI7KxZ isotropic seed=5678 gain=17.468 max|d|=77.44 (no projection)
[ok] boston_query_-Jv7RF27BSJIV-gqOI7KxZ direction seed=9012 gain=3.121 max|d|=49.93 (projection 16)
[ok] boston_query_-Jv7RF27BSJIV-gqOI7KxZ direction_eot seed=9012 gain=2.568 max|d|=41.09 (projection 16)
[ok] boston_query_-Jv7RF27BSJIV-gqOI7KxZ isotropic seed=9012 gain=16.983 max|d|=75.93 (no projection)
[ok] cph_query_-GVbOpzggFXAot0UyKhx2g direction seed=5678 gain=3.109 max|d|=49.74 (projection 16)
[ok] cph_query_-GVbOpzggFXAot0UyKhx2g direction_eot seed=5678 gain=2.347 max|d|=37.55 (projection 16)
[ok] cph_query_-GVbOpzggFXAot0UyKhx2g isotropic seed=5678 gain=15.704 max|d|=75.60 (no projection)
[ok] cph_query_-GVbOpzggFXAot0UyKhx2g direction seed=9012 gain=3.037 max|d|=48.58 (projection 16)
[ok] cph_query_-GVbOpzggFXAot0UyKhx2g direction_eot seed=9012 gain=2.413 max|d|=38.60 (projection 16)
[ok] cph_query_-GVbOpzggFXAot0UyKhx2g isotropic seed=9012 gain=15.713 max|d|=78.62 (no projection)
[ok] london_query_-dHWRapn57-l_kynPnun3Q direction seed=5678 gain=2.881 max|d|=46.10 (projection 16)
[ok] london_query_-dHWRapn57-l_kynPnun3Q direction_eot seed=5678 gain=2.327 max|d|=37.23 (projection 16)
[ok] london_query_-dHWRapn57-l_kynPnun3Q isotropic seed=5678 gain=14.811 max|d|=72.10 (no projection)
[ok] london_query_-dHWRapn57-l_kynPnun3Q direction seed=9012 gain=2.924 max|d|=46.78 (projection 16)
[ok] london_query_-dHWRapn57-l_kynPnun3Q direction_eot seed=9012 gain=2.279 max|d|=36.46 (projection 16)
[ok] london_query_-dHWRapn57-l_kynPnun3Q isotropic seed=9012 gain=15.631 max|d|=67.53 (no projection)
[ok] manila_query_-MH02w7P6jmmqnoUdL-55Q direction seed=5678 gain=3.096 max|d|=49.54 (projection 16)
[ok] manila_query_-MH02w7P6jmmqnoUdL-55Q direction_eot seed=5678 gain=2.519 max|d|=40.31 (projection 16)
[ok] manila_query_-MH02w7P6jmmqnoUdL-55Q isotropic seed=5678 gain=15.714 max|d|=71.09 (no projection)
[ok] manila_query_-MH02w7P6jmmqnoUdL-55Q direction seed=9012 gain=3.080 max|d|=49.28 (projection 16)
[ok] manila_query_-MH02w7P6jmmqnoUdL-55Q direction_eot seed=9012 gain=2.499 max|d|=39.98 (projection 16)
[ok] manila_query_-MH02w7P6jmmqnoUdL-55Q isotropic seed=9012 gain=16.137 max|d|=75.94 (no projection)
[ok] nairobi_query_1Z__CFelPzXEI1IEu_8QJw direction seed=5678 gain=3.117 max|d|=49.88 (projection 16)
[ok] nairobi_query_1Z__CFelPzXEI1IEu_8QJw direction_eot seed=5678 gain=2.607 max|d|=41.71 (projection 16)
[ok] nairobi_query_1Z__CFelPzXEI1IEu_8QJw isotropic seed=5678 gain=16.123 max|d|=76.27 (no projection)
[ok] nairobi_query_1Z__CFelPzXEI1IEu_8QJw direction seed=9012 gain=3.127 max|d|=50.03 (projection 16)
[ok] nairobi_query_1Z__CFelPzXEI1IEu_8QJw direction_eot seed=9012 gain=2.551 max|d|=40.82 (projection 16)
[ok] nairobi_query_1Z__CFelPzXEI1IEu_8QJw isotropic seed=9012 gain=16.161 max|d|=74.07 (no projection)
[ok] toronto_query_-B136fRwqMBMXoc03yy-PQ direction seed=5678 gain=2.819 max|d|=45.11 (projection 16)
[ok] toronto_query_-B136fRwqMBMXoc03yy-PQ direction_eot seed=5678 gain=2.345 max|d|=37.53 (projection 16)
[ok] toronto_query_-B136fRwqMBMXoc03yy-PQ isotropic seed=5678 gain=16.131 max|d|=71.37 (no projection)
[ok] toronto_query_-B136fRwqMBMXoc03yy-PQ direction seed=9012 gain=2.862 max|d|=45.79 (projection 16)
[ok] toronto_query_-B136fRwqMBMXoc03yy-PQ direction_eot seed=9012 gain=2.285 max|d|=36.56 (projection 16)
[ok] toronto_query_-B136fRwqMBMXoc03yy-PQ isotropic seed=9012 gain=15.638 max|d|=71.56 (no projection)
[ok] zurich_query_-tYWpAACOq7RfVvZJ-BAcQ direction seed=5678 gain=3.043 max|d|=48.68 (projection 16)
[ok] zurich_query_-tYWpAACOq7RfVvZJ-BAcQ direction_eot seed=5678 gain=2.255 max|d|=36.09 (projection 16)
[ok] zurich_query_-tYWpAACOq7RfVvZJ-BAcQ isotropic seed=5678 gain=15.580 max|d|=78.06 (no projection)
[ok] zurich_query_-tYWpAACOq7RfVvZJ-BAcQ direction seed=9012 gain=3.036 max|d|=48.57 (projection 16)
[ok] zurich_query_-tYWpAACOq7RfVvZJ-BAcQ direction_eot seed=9012 gain=2.409 max|d|=38.54 (projection 16)
[ok] zurich_query_-tYWpAACOq7RfVvZJ-BAcQ isotropic seed=9012 gain=14.676 max|d|=67.07 (no projection)
[ok] amman_query_1HafWFxuyylXLnDzCoapDA direction seed=5678 gain=2.892 max|d|=46.27 (projection 16)
[ok] amman_query_1HafWFxuyylXLnDzCoapDA direction_eot seed=5678 gain=2.397 max|d|=38.35 (projection 16)
[ok] amman_query_1HafWFxuyylXLnDzCoapDA isotropic seed=5678 gain=15.570 max|d|=76.70 (no projection)
[ok] amman_query_1HafWFxuyylXLnDzCoapDA direction seed=9012 gain=2.895 max|d|=46.31 (projection 16)
[ok] amman_query_1HafWFxuyylXLnDzCoapDA direction_eot seed=9012 gain=2.351 max|d|=37.62 (projection 16)
[ok] amman_query_1HafWFxuyylXLnDzCoapDA isotropic seed=9012 gain=15.638 max|d|=71.26 (no projection)
[ok] boston_query_-Kg6j3FKy26wYRLBkE_dFQ direction seed=5678 gain=3.194 max|d|=51.10 (projection 16)
[ok] boston_query_-Kg6j3FKy26wYRLBkE_dFQ direction_eot seed=5678 gain=2.544 max|d|=40.70 (projection 16)
[ok] boston_query_-Kg6j3FKy26wYRLBkE_dFQ isotropic seed=5678 gain=16.142 max|d|=75.36 (no projection)
[ok] boston_query_-Kg6j3FKy26wYRLBkE_dFQ direction seed=9012 gain=3.162 max|d|=50.59 (projection 16)
[ok] boston_query_-Kg6j3FKy26wYRLBkE_dFQ direction_eot seed=9012 gain=2.490 max|d|=39.84 (projection 16)
[ok] boston_query_-Kg6j3FKy26wYRLBkE_dFQ isotropic seed=9012 gain=16.157 max|d|=75.85 (no projection)
[ok] cph_query_-G_OOR1_yAfdfgnlKYNKnQ direction seed=5678 gain=2.910 max|d|=46.56 (projection 16)
[ok] cph_query_-G_OOR1_yAfdfgnlKYNKnQ direction_eot seed=5678 gain=2.355 max|d|=37.69 (projection 16)
[ok] cph_query_-G_OOR1_yAfdfgnlKYNKnQ isotropic seed=5678 gain=15.760 max|d|=68.60 (no projection)
[ok] cph_query_-G_OOR1_yAfdfgnlKYNKnQ direction seed=9012 gain=2.950 max|d|=47.20 (projection 16)
[ok] cph_query_-G_OOR1_yAfdfgnlKYNKnQ direction_eot seed=9012 gain=2.443 max|d|=39.08 (projection 16)
[ok] cph_query_-G_OOR1_yAfdfgnlKYNKnQ isotropic seed=9012 gain=14.591 max|d|=72.54 (no projection)
[ok] london_query_-dZ1k85FDVdFSbcG6_ECOA direction seed=5678 gain=3.179 max|d|=50.86 (projection 16)
[ok] london_query_-dZ1k85FDVdFSbcG6_ECOA direction_eot seed=5678 gain=2.546 max|d|=40.73 (projection 16)
[ok] london_query_-dZ1k85FDVdFSbcG6_ECOA isotropic seed=5678 gain=14.408 max|d|=69.38 (no projection)
[ok] london_query_-dZ1k85FDVdFSbcG6_ECOA direction seed=9012 gain=3.099 max|d|=49.58 (projection 16)
[ok] london_query_-dZ1k85FDVdFSbcG6_ECOA direction_eot seed=9012 gain=2.547 max|d|=40.75 (projection 16)
[ok] london_query_-dZ1k85FDVdFSbcG6_ECOA isotropic seed=9012 gain=16.334 max|d|=80.23 (no projection)
[ok] manila_query_-MKMMHEd33H1_45AJ8B5AA direction seed=5678 gain=2.884 max|d|=46.14 (projection 16)
[ok] manila_query_-MKMMHEd33H1_45AJ8B5AA direction_eot seed=5678 gain=2.381 max|d|=38.09 (projection 16)
[ok] manila_query_-MKMMHEd33H1_45AJ8B5AA isotropic seed=5678 gain=16.422 max|d|=74.24 (no projection)
[ok] manila_query_-MKMMHEd33H1_45AJ8B5AA direction seed=9012 gain=2.879 max|d|=46.07 (projection 16)
[ok] manila_query_-MKMMHEd33H1_45AJ8B5AA direction_eot seed=9012 gain=2.361 max|d|=37.78 (projection 16)
[ok] manila_query_-MKMMHEd33H1_45AJ8B5AA isotropic seed=9012 gain=16.537 max|d|=77.05 (no projection)
[ok] nairobi_query_20W8wyVhxSIpj4ekTP7ezw direction seed=5678 gain=2.975 max|d|=47.61 (projection 16)
[ok] nairobi_query_20W8wyVhxSIpj4ekTP7ezw direction_eot seed=5678 gain=2.330 max|d|=37.28 (projection 16)
[ok] nairobi_query_20W8wyVhxSIpj4ekTP7ezw isotropic seed=5678 gain=15.683 max|d|=72.65 (no projection)
[ok] nairobi_query_20W8wyVhxSIpj4ekTP7ezw direction seed=9012 gain=2.981 max|d|=47.70 (projection 16)
[ok] nairobi_query_20W8wyVhxSIpj4ekTP7ezw direction_eot seed=9012 gain=2.362 max|d|=37.79 (projection 16)
[ok] nairobi_query_20W8wyVhxSIpj4ekTP7ezw isotropic seed=9012 gain=15.647 max|d|=78.41 (no projection)
[ok] toronto_query_-BTAllhGXYkM_JsKwxUFMg direction seed=5678 gain=3.213 max|d|=51.40 (projection 16)
[ok] toronto_query_-BTAllhGXYkM_JsKwxUFMg direction_eot seed=5678 gain=2.565 max|d|=41.04 (projection 16)
[ok] toronto_query_-BTAllhGXYkM_JsKwxUFMg isotropic seed=5678 gain=14.910 max|d|=78.85 (no projection)
[ok] toronto_query_-BTAllhGXYkM_JsKwxUFMg direction seed=9012 gain=3.281 max|d|=52.49 (projection 16)
[ok] toronto_query_-BTAllhGXYkM_JsKwxUFMg direction_eot seed=9012 gain=2.536 max|d|=40.57 (projection 16)
[ok] toronto_query_-BTAllhGXYkM_JsKwxUFMg isotropic seed=9012 gain=14.614 max|d|=66.10 (no projection)
[ok] zurich_query_-uQ-4tnYcOJ9WPXRG-ou3w direction seed=5678 gain=2.714 max|d|=43.43 (projection 16)
[ok] zurich_query_-uQ-4tnYcOJ9WPXRG-ou3w direction_eot seed=5678 gain=2.287 max|d|=36.60 (projection 16)
[ok] zurich_query_-uQ-4tnYcOJ9WPXRG-ou3w isotropic seed=5678 gain=16.318 max|d|=74.46 (no projection)
[ok] zurich_query_-uQ-4tnYcOJ9WPXRG-ou3w direction seed=9012 gain=2.736 max|d|=43.78 (projection 16)
[ok] zurich_query_-uQ-4tnYcOJ9WPXRG-ou3w direction_eot seed=9012 gain=2.315 max|d|=37.04 (projection 16)
[ok] zurich_query_-uQ-4tnYcOJ9WPXRG-ou3w isotropic seed=9012 gain=15.474 max|d|=70.63 (no projection)
[ok] amman_query_1IWpn2b6V75KvNFoTU8UOQ direction seed=5678 gain=2.833 max|d|=45.33 (projection 16)
[ok] amman_query_1IWpn2b6V75KvNFoTU8UOQ direction_eot seed=5678 gain=2.298 max|d|=36.77 (projection 16)
[ok] amman_query_1IWpn2b6V75KvNFoTU8UOQ isotropic seed=5678 gain=15.875 max|d|=69.41 (no projection)
[ok] amman_query_1IWpn2b6V75KvNFoTU8UOQ direction seed=9012 gain=2.789 max|d|=44.63 (projection 16)
[ok] amman_query_1IWpn2b6V75KvNFoTU8UOQ direction_eot seed=9012 gain=2.331 max|d|=37.30 (projection 16)
[ok] amman_query_1IWpn2b6V75KvNFoTU8UOQ isotropic seed=9012 gain=15.896 max|d|=74.20 (no projection)
[ok] boston_query_-LPTAIN0lPGriKBtXoH5Mg direction seed=5678 gain=3.380 max|d|=54.07 (projection 16)
[ok] boston_query_-LPTAIN0lPGriKBtXoH5Mg direction_eot seed=5678 gain=2.623 max|d|=41.97 (projection 16)
[ok] boston_query_-LPTAIN0lPGriKBtXoH5Mg isotropic seed=5678 gain=16.634 max|d|=74.11 (no projection)
[ok] boston_query_-LPTAIN0lPGriKBtXoH5Mg direction seed=9012 gain=3.338 max|d|=53.41 (projection 16)
[ok] boston_query_-LPTAIN0lPGriKBtXoH5Mg direction_eot seed=9012 gain=2.659 max|d|=42.54 (projection 16)
[ok] boston_query_-LPTAIN0lPGriKBtXoH5Mg isotropic seed=9012 gain=16.369 max|d|=74.99 (no projection)
[ok] cph_query_-Gsj5kZ1V6uLXFxzeI7G2Q direction seed=5678 gain=2.810 max|d|=44.96 (projection 16)
[ok] cph_query_-Gsj5kZ1V6uLXFxzeI7G2Q direction_eot seed=5678 gain=2.213 max|d|=35.41 (projection 16)
[ok] cph_query_-Gsj5kZ1V6uLXFxzeI7G2Q isotropic seed=5678 gain=15.603 max|d|=69.40 (no projection)
[ok] cph_query_-Gsj5kZ1V6uLXFxzeI7G2Q direction seed=9012 gain=2.774 max|d|=44.39 (projection 16)
[ok] cph_query_-Gsj5kZ1V6uLXFxzeI7G2Q direction_eot seed=9012 gain=2.195 max|d|=35.12 (projection 16)
[ok] cph_query_-Gsj5kZ1V6uLXFxzeI7G2Q isotropic seed=9012 gain=15.610 max|d|=81.06 (no projection)
[ok] london_query_-dp5VWHVq4LzwLgq7y7yhw direction seed=5678 gain=2.933 max|d|=46.93 (projection 16)
[ok] london_query_-dp5VWHVq4LzwLgq7y7yhw direction_eot seed=5678 gain=2.357 max|d|=37.71 (projection 16)
[ok] london_query_-dp5VWHVq4LzwLgq7y7yhw isotropic seed=5678 gain=15.646 max|d|=70.97 (no projection)
[ok] london_query_-dp5VWHVq4LzwLgq7y7yhw direction seed=9012 gain=2.951 max|d|=47.22 (projection 16)
[ok] london_query_-dp5VWHVq4LzwLgq7y7yhw direction_eot seed=9012 gain=2.356 max|d|=37.69 (projection 16)
[ok] london_query_-dp5VWHVq4LzwLgq7y7yhw isotropic seed=9012 gain=15.623 max|d|=73.10 (no projection)
[ok] manila_query_-N4wDG2Fhm38ZVy0hGp8_A direction seed=5678 gain=3.157 max|d|=50.51 (projection 16)
[ok] manila_query_-N4wDG2Fhm38ZVy0hGp8_A direction_eot seed=5678 gain=2.425 max|d|=38.80 (projection 16)
[ok] manila_query_-N4wDG2Fhm38ZVy0hGp8_A isotropic seed=5678 gain=15.232 max|d|=69.72 (no projection)
[ok] manila_query_-N4wDG2Fhm38ZVy0hGp8_A direction seed=9012 gain=3.154 max|d|=50.46 (projection 16)
[ok] manila_query_-N4wDG2Fhm38ZVy0hGp8_A direction_eot seed=9012 gain=2.470 max|d|=39.53 (projection 16)
[ok] manila_query_-N4wDG2Fhm38ZVy0hGp8_A isotropic seed=9012 gain=15.780 max|d|=74.89 (no projection)
[ok] nairobi_query_2CNtCHy0TUbebdEFLYNrIQ direction seed=5678 gain=3.126 max|d|=50.01 (projection 16)
[ok] nairobi_query_2CNtCHy0TUbebdEFLYNrIQ direction_eot seed=5678 gain=2.410 max|d|=38.56 (projection 16)
[ok] nairobi_query_2CNtCHy0TUbebdEFLYNrIQ isotropic seed=5678 gain=16.345 max|d|=67.18 (no projection)
[ok] nairobi_query_2CNtCHy0TUbebdEFLYNrIQ direction seed=9012 gain=3.128 max|d|=50.05 (projection 16)
[ok] nairobi_query_2CNtCHy0TUbebdEFLYNrIQ direction_eot seed=9012 gain=2.413 max|d|=38.61 (projection 16)
[ok] nairobi_query_2CNtCHy0TUbebdEFLYNrIQ isotropic seed=9012 gain=16.347 max|d|=78.17 (no projection)
[ok] toronto_query_-Cdr8zjFdZw7nzz8_rwM4w direction seed=5678 gain=3.187 max|d|=50.99 (projection 16)
[ok] toronto_query_-Cdr8zjFdZw7nzz8_rwM4w direction_eot seed=5678 gain=2.491 max|d|=39.86 (projection 16)
[ok] toronto_query_-Cdr8zjFdZw7nzz8_rwM4w isotropic seed=5678 gain=15.433 max|d|=71.21 (no projection)
[ok] toronto_query_-Cdr8zjFdZw7nzz8_rwM4w direction seed=9012 gain=3.168 max|d|=50.68 (projection 16)
[ok] toronto_query_-Cdr8zjFdZw7nzz8_rwM4w direction_eot seed=9012 gain=2.536 max|d|=40.57 (projection 16)
[ok] toronto_query_-Cdr8zjFdZw7nzz8_rwM4w isotropic seed=9012 gain=15.600 max|d|=74.60 (no projection)
[ok] zurich_query_0247N-PdpG4_iueC_9_G4g direction seed=5678 gain=3.004 max|d|=48.06 (projection 16)
[ok] zurich_query_0247N-PdpG4_iueC_9_G4g direction_eot seed=5678 gain=2.351 max|d|=37.61 (projection 16)
[ok] zurich_query_0247N-PdpG4_iueC_9_G4g isotropic seed=5678 gain=16.241 max|d|=80.96 (no projection)
[ok] zurich_query_0247N-PdpG4_iueC_9_G4g direction seed=9012 gain=3.040 max|d|=48.64 (projection 16)
[ok] zurich_query_0247N-PdpG4_iueC_9_G4g direction_eot seed=9012 gain=2.373 max|d|=37.96 (projection 16)
[ok] zurich_query_0247N-PdpG4_iueC_9_G4g isotropic seed=9012 gain=16.298 max|d|=69.64 (no projection)
[ok] amman_query_1Nmy4JnYnb5zA_JmbkDWBQ direction seed=5678 gain=3.012 max|d|=48.19 (projection 16)
[ok] amman_query_1Nmy4JnYnb5zA_JmbkDWBQ direction_eot seed=5678 gain=2.352 max|d|=37.63 (projection 16)
[ok] amman_query_1Nmy4JnYnb5zA_JmbkDWBQ isotropic seed=5678 gain=15.676 max|d|=66.93 (no projection)
[ok] amman_query_1Nmy4JnYnb5zA_JmbkDWBQ direction seed=9012 gain=2.967 max|d|=47.47 (projection 16)
[ok] amman_query_1Nmy4JnYnb5zA_JmbkDWBQ direction_eot seed=9012 gain=2.359 max|d|=37.74 (projection 16)
[ok] amman_query_1Nmy4JnYnb5zA_JmbkDWBQ isotropic seed=9012 gain=15.680 max|d|=71.87 (no projection)
[ok] boston_query_-Lu6tv4tCQMDsXtxLtxMzQ direction seed=5678 gain=3.049 max|d|=48.78 (projection 16)
[ok] boston_query_-Lu6tv4tCQMDsXtxLtxMzQ direction_eot seed=5678 gain=2.460 max|d|=39.37 (projection 16)
[ok] boston_query_-Lu6tv4tCQMDsXtxLtxMzQ isotropic seed=5678 gain=15.243 max|d|=70.59 (no projection)
[ok] boston_query_-Lu6tv4tCQMDsXtxLtxMzQ direction seed=9012 gain=3.074 max|d|=49.18 (projection 16)
[ok] boston_query_-Lu6tv4tCQMDsXtxLtxMzQ direction_eot seed=9012 gain=2.429 max|d|=38.86 (projection 16)
[ok] boston_query_-Lu6tv4tCQMDsXtxLtxMzQ isotropic seed=9012 gain=16.470 max|d|=79.77 (no projection)
[ok] cph_query_-HqO0GfYTRx5TzfB_6mTqA direction seed=5678 gain=2.993 max|d|=47.89 (projection 16)
[ok] cph_query_-HqO0GfYTRx5TzfB_6mTqA direction_eot seed=5678 gain=2.341 max|d|=37.46 (projection 16)
[ok] cph_query_-HqO0GfYTRx5TzfB_6mTqA isotropic seed=5678 gain=15.685 max|d|=77.26 (no projection)
[ok] cph_query_-HqO0GfYTRx5TzfB_6mTqA direction seed=9012 gain=2.980 max|d|=47.68 (projection 16)
[ok] cph_query_-HqO0GfYTRx5TzfB_6mTqA direction_eot seed=9012 gain=2.386 max|d|=38.18 (projection 16)
[ok] cph_query_-HqO0GfYTRx5TzfB_6mTqA isotropic seed=9012 gain=15.629 max|d|=75.88 (no projection)
[ok] london_query_-izmF6OCR-aIZLVQbzDbLQ direction seed=5678 gain=3.005 max|d|=48.08 (projection 16)
[ok] london_query_-izmF6OCR-aIZLVQbzDbLQ direction_eot seed=5678 gain=2.351 max|d|=37.62 (projection 16)
[ok] london_query_-izmF6OCR-aIZLVQbzDbLQ isotropic seed=5678 gain=15.643 max|d|=72.62 (no projection)
[ok] london_query_-izmF6OCR-aIZLVQbzDbLQ direction seed=9012 gain=3.005 max|d|=48.09 (projection 16)
[ok] london_query_-izmF6OCR-aIZLVQbzDbLQ direction_eot seed=9012 gain=2.360 max|d|=37.77 (projection 16)
[ok] london_query_-izmF6OCR-aIZLVQbzDbLQ isotropic seed=9012 gain=15.662 max|d|=75.56 (no projection)
[ok] manila_query_-P2actpgy_mRkcbLVKBjkQ direction seed=5678 gain=3.243 max|d|=51.89 (projection 16)
[ok] manila_query_-P2actpgy_mRkcbLVKBjkQ direction_eot seed=5678 gain=2.670 max|d|=42.73 (projection 16)
[ok] manila_query_-P2actpgy_mRkcbLVKBjkQ isotropic seed=5678 gain=16.311 max|d|=75.23 (no projection)
[ok] manila_query_-P2actpgy_mRkcbLVKBjkQ direction seed=9012 gain=3.257 max|d|=52.12 (projection 16)
[ok] manila_query_-P2actpgy_mRkcbLVKBjkQ direction_eot seed=9012 gain=2.613 max|d|=41.81 (projection 16)
[ok] manila_query_-P2actpgy_mRkcbLVKBjkQ isotropic seed=9012 gain=15.097 max|d|=69.30 (no projection)
[ok] nairobi_query_2OfDNnR5st7y8-O2ibiklQ direction seed=5678 gain=3.386 max|d|=54.18 (projection 16)
[ok] nairobi_query_2OfDNnR5st7y8-O2ibiklQ direction_eot seed=5678 gain=2.791 max|d|=44.65 (projection 16)
[ok] nairobi_query_2OfDNnR5st7y8-O2ibiklQ isotropic seed=5678 gain=14.481 max|d|=70.23 (no projection)
[ok] nairobi_query_2OfDNnR5st7y8-O2ibiklQ direction seed=9012 gain=3.404 max|d|=54.47 (projection 16)
[ok] nairobi_query_2OfDNnR5st7y8-O2ibiklQ direction_eot seed=9012 gain=2.805 max|d|=44.88 (projection 16)
[ok] nairobi_query_2OfDNnR5st7y8-O2ibiklQ isotropic seed=9012 gain=15.130 max|d|=71.22 (no projection)
[ok] toronto_query_-DB8UBv2Rg4kTi6HTqrhOw direction seed=5678 gain=3.096 max|d|=49.54 (projection 16)
[ok] toronto_query_-DB8UBv2Rg4kTi6HTqrhOw direction_eot seed=5678 gain=2.499 max|d|=39.98 (projection 16)
[ok] toronto_query_-DB8UBv2Rg4kTi6HTqrhOw isotropic seed=5678 gain=15.184 max|d|=71.32 (no projection)
[ok] toronto_query_-DB8UBv2Rg4kTi6HTqrhOw direction seed=9012 gain=3.099 max|d|=49.58 (projection 16)
[ok] toronto_query_-DB8UBv2Rg4kTi6HTqrhOw direction_eot seed=9012 gain=2.480 max|d|=39.68 (projection 16)
[ok] toronto_query_-DB8UBv2Rg4kTi6HTqrhOw isotropic seed=9012 gain=14.712 max|d|=68.89 (no projection)
[ok] zurich_query_046U_rtFmS-pAuZF-Zba0Q direction seed=5678 gain=3.293 max|d|=52.69 (projection 16)
[ok] zurich_query_046U_rtFmS-pAuZF-Zba0Q direction_eot seed=5678 gain=2.597 max|d|=41.55 (projection 16)
[ok] zurich_query_046U_rtFmS-pAuZF-Zba0Q isotropic seed=5678 gain=16.504 max|d|=73.18 (no projection)
[ok] zurich_query_046U_rtFmS-pAuZF-Zba0Q direction seed=9012 gain=3.321 max|d|=53.13 (projection 16)
[ok] zurich_query_046U_rtFmS-pAuZF-Zba0Q direction_eot seed=9012 gain=2.581 max|d|=41.29 (projection 16)
[ok] zurich_query_046U_rtFmS-pAuZF-Zba0Q isotropic seed=9012 gain=16.764 max|d|=73.79 (no projection)
[ok] amman_query_1Tf2dWuS4el8fREHH1_k0w direction seed=5678 gain=3.314 max|d|=53.02 (projection 16)
[ok] amman_query_1Tf2dWuS4el8fREHH1_k0w direction_eot seed=5678 gain=2.774 max|d|=44.38 (projection 16)
[ok] amman_query_1Tf2dWuS4el8fREHH1_k0w isotropic seed=5678 gain=15.658 max|d|=70.16 (no projection)
[ok] amman_query_1Tf2dWuS4el8fREHH1_k0w direction seed=9012 gain=3.306 max|d|=52.90 (projection 16)
[ok] amman_query_1Tf2dWuS4el8fREHH1_k0w direction_eot seed=9012 gain=2.697 max|d|=43.15 (projection 16)
[ok] amman_query_1Tf2dWuS4el8fREHH1_k0w isotropic seed=9012 gain=15.640 max|d|=74.91 (no projection)
[ok] boston_query_-N2T2kBE4uG56LTsyCQPJg direction seed=5678 gain=3.018 max|d|=48.29 (projection 16)
[ok] boston_query_-N2T2kBE4uG56LTsyCQPJg direction_eot seed=5678 gain=2.482 max|d|=39.71 (projection 16)
[ok] boston_query_-N2T2kBE4uG56LTsyCQPJg isotropic seed=5678 gain=16.027 max|d|=69.57 (no projection)
[ok] boston_query_-N2T2kBE4uG56LTsyCQPJg direction seed=9012 gain=3.047 max|d|=48.75 (projection 16)
[ok] boston_query_-N2T2kBE4uG56LTsyCQPJg direction_eot seed=9012 gain=2.522 max|d|=40.36 (projection 16)
[ok] boston_query_-N2T2kBE4uG56LTsyCQPJg isotropic seed=9012 gain=13.690 max|d|=67.71 (no projection)
[ok] cph_query_-I7HyKa_KIzMp2uMsvqUAg direction seed=5678 gain=2.930 max|d|=46.89 (projection 16)
[ok] cph_query_-I7HyKa_KIzMp2uMsvqUAg direction_eot seed=5678 gain=2.373 max|d|=37.97 (projection 16)
[ok] cph_query_-I7HyKa_KIzMp2uMsvqUAg isotropic seed=5678 gain=15.726 max|d|=74.50 (no projection)
[ok] cph_query_-I7HyKa_KIzMp2uMsvqUAg direction seed=9012 gain=2.963 max|d|=47.41 (projection 16)
[ok] cph_query_-I7HyKa_KIzMp2uMsvqUAg direction_eot seed=9012 gain=2.446 max|d|=39.14 (projection 16)
[ok] cph_query_-I7HyKa_KIzMp2uMsvqUAg isotropic seed=9012 gain=15.750 max|d|=75.66 (no projection)
[ok] london_query_-kd8SHN5N5wLOpzEu10rfQ direction seed=5678 gain=2.902 max|d|=46.43 (projection 16)
[ok] london_query_-kd8SHN5N5wLOpzEu10rfQ direction_eot seed=5678 gain=2.338 max|d|=37.40 (projection 16)
[ok] london_query_-kd8SHN5N5wLOpzEu10rfQ isotropic seed=5678 gain=15.807 max|d|=71.61 (no projection)
[ok] london_query_-kd8SHN5N5wLOpzEu10rfQ direction seed=9012 gain=2.902 max|d|=46.44 (projection 16)
[ok] london_query_-kd8SHN5N5wLOpzEu10rfQ direction_eot seed=9012 gain=2.327 max|d|=37.24 (projection 16)
[ok] london_query_-kd8SHN5N5wLOpzEu10rfQ isotropic seed=9012 gain=15.822 max|d|=69.53 (no projection)
[ok] manila_query_-PR9Q6-AlT31oRE_Ep_fnQ direction seed=5678 gain=3.302 max|d|=52.83 (projection 16)
[ok] manila_query_-PR9Q6-AlT31oRE_Ep_fnQ direction_eot seed=5678 gain=2.689 max|d|=43.03 (projection 16)
[ok] manila_query_-PR9Q6-AlT31oRE_Ep_fnQ isotropic seed=5678 gain=15.837 max|d|=75.19 (no projection)
[ok] manila_query_-PR9Q6-AlT31oRE_Ep_fnQ direction seed=9012 gain=3.320 max|d|=53.12 (projection 16)
[ok] manila_query_-PR9Q6-AlT31oRE_Ep_fnQ direction_eot seed=9012 gain=2.632 max|d|=42.12 (projection 16)
[ok] manila_query_-PR9Q6-AlT31oRE_Ep_fnQ isotropic seed=9012 gain=15.248 max|d|=67.57 (no projection)
[ok] nairobi_query_2QtumRO8ayl5p_Jb-rhTZQ direction seed=5678 gain=3.208 max|d|=51.32 (projection 16)
[ok] nairobi_query_2QtumRO8ayl5p_Jb-rhTZQ direction_eot seed=5678 gain=2.464 max|d|=39.43 (projection 16)
[ok] nairobi_query_2QtumRO8ayl5p_Jb-rhTZQ isotropic seed=5678 gain=15.661 max|d|=67.98 (no projection)
[ok] nairobi_query_2QtumRO8ayl5p_Jb-rhTZQ direction seed=9012 gain=3.226 max|d|=51.62 (projection 16)
[ok] nairobi_query_2QtumRO8ayl5p_Jb-rhTZQ direction_eot seed=9012 gain=2.431 max|d|=38.90 (projection 16)
[ok] nairobi_query_2QtumRO8ayl5p_Jb-rhTZQ isotropic seed=9012 gain=15.705 max|d|=69.42 (no projection)
[ok] toronto_query_-Dr7KE__egl6kS-yslctCg direction seed=5678 gain=2.841 max|d|=45.45 (projection 16)
[ok] toronto_query_-Dr7KE__egl6kS-yslctCg direction_eot seed=5678 gain=2.320 max|d|=37.12 (projection 16)
[ok] toronto_query_-Dr7KE__egl6kS-yslctCg isotropic seed=5678 gain=15.592 max|d|=67.28 (no projection)
[ok] toronto_query_-Dr7KE__egl6kS-yslctCg direction seed=9012 gain=2.834 max|d|=45.35 (projection 16)
[ok] toronto_query_-Dr7KE__egl6kS-yslctCg direction_eot seed=9012 gain=2.361 max|d|=37.77 (projection 16)
[ok] toronto_query_-Dr7KE__egl6kS-yslctCg isotropic seed=9012 gain=15.578 max|d|=80.10 (no projection)
[ok] zurich_query_08U3p7js9TCivpCfLs0ZIw direction seed=5678 gain=2.967 max|d|=47.46 (projection 16)
[ok] zurich_query_08U3p7js9TCivpCfLs0ZIw direction_eot seed=5678 gain=2.411 max|d|=38.58 (projection 16)
[ok] zurich_query_08U3p7js9TCivpCfLs0ZIw isotropic seed=5678 gain=16.660 max|d|=74.32 (no projection)
[ok] zurich_query_08U3p7js9TCivpCfLs0ZIw direction seed=9012 gain=2.907 max|d|=46.51 (projection 16)
[ok] zurich_query_08U3p7js9TCivpCfLs0ZIw direction_eot seed=9012 gain=2.286 max|d|=36.58 (projection 16)
[ok] zurich_query_08U3p7js9TCivpCfLs0ZIw isotropic seed=9012 gain=16.601 max|d|=75.26 (no projection)
[ok] amman_query_1TysYQA0N2AnJ5lzQWP07w direction seed=5678 gain=3.206 max|d|=51.29 (projection 16)
[ok] amman_query_1TysYQA0N2AnJ5lzQWP07w direction_eot seed=5678 gain=2.574 max|d|=41.18 (projection 16)
[ok] amman_query_1TysYQA0N2AnJ5lzQWP07w isotropic seed=5678 gain=15.605 max|d|=79.60 (no projection)
[ok] amman_query_1TysYQA0N2AnJ5lzQWP07w direction seed=9012 gain=3.207 max|d|=51.31 (projection 16)
[ok] amman_query_1TysYQA0N2AnJ5lzQWP07w direction_eot seed=9012 gain=2.635 max|d|=42.15 (projection 16)
[ok] amman_query_1TysYQA0N2AnJ5lzQWP07w isotropic seed=9012 gain=15.114 max|d|=70.52 (no projection)
[ok] boston_query_-NRCmKPnLW6ukq5fovMufw direction seed=5678 gain=2.948 max|d|=47.17 (projection 16)
[ok] boston_query_-NRCmKPnLW6ukq5fovMufw direction_eot seed=5678 gain=2.449 max|d|=39.18 (projection 16)
[ok] boston_query_-NRCmKPnLW6ukq5fovMufw isotropic seed=5678 gain=15.964 max|d|=80.96 (no projection)
[ok] boston_query_-NRCmKPnLW6ukq5fovMufw direction seed=9012 gain=2.855 max|d|=45.68 (projection 16)
[ok] boston_query_-NRCmKPnLW6ukq5fovMufw direction_eot seed=9012 gain=2.347 max|d|=37.55 (projection 16)
[ok] boston_query_-NRCmKPnLW6ukq5fovMufw isotropic seed=9012 gain=15.939 max|d|=76.59 (no projection)
[ok] cph_query_-I8EyCiw4PS74_uGuMqUYQ direction seed=5678 gain=3.254 max|d|=52.06 (projection 16)
[ok] cph_query_-I8EyCiw4PS74_uGuMqUYQ direction_eot seed=5678 gain=2.550 max|d|=40.81 (projection 16)
[ok] cph_query_-I8EyCiw4PS74_uGuMqUYQ isotropic seed=5678 gain=15.920 max|d|=70.86 (no projection)
[ok] cph_query_-I8EyCiw4PS74_uGuMqUYQ direction seed=9012 gain=3.238 max|d|=51.82 (projection 16)
[ok] cph_query_-I8EyCiw4PS74_uGuMqUYQ direction_eot seed=9012 gain=2.595 max|d|=41.52 (projection 16)
[ok] cph_query_-I8EyCiw4PS74_uGuMqUYQ isotropic seed=9012 gain=15.926 max|d|=75.45 (no projection)
[ok] london_query_-qvarKx0xtSTs0tnxDE0oQ direction seed=5678 gain=2.868 max|d|=45.89 (projection 16)
[ok] london_query_-qvarKx0xtSTs0tnxDE0oQ direction_eot seed=5678 gain=2.212 max|d|=35.39 (projection 16)
[ok] london_query_-qvarKx0xtSTs0tnxDE0oQ isotropic seed=5678 gain=15.633 max|d|=73.28 (no projection)
[ok] london_query_-qvarKx0xtSTs0tnxDE0oQ direction seed=9012 gain=2.783 max|d|=44.53 (projection 16)
[ok] london_query_-qvarKx0xtSTs0tnxDE0oQ direction_eot seed=9012 gain=2.251 max|d|=36.01 (projection 16)
[ok] london_query_-qvarKx0xtSTs0tnxDE0oQ isotropic seed=9012 gain=15.180 max|d|=68.00 (no projection)
[ok] manila_query_-Qc1bZWefrpkNPZ60zZS5Q direction seed=5678 gain=2.898 max|d|=46.37 (projection 16)
[ok] manila_query_-Qc1bZWefrpkNPZ60zZS5Q direction_eot seed=5678 gain=2.417 max|d|=38.66 (projection 16)
[ok] manila_query_-Qc1bZWefrpkNPZ60zZS5Q isotropic seed=5678 gain=15.669 max|d|=72.19 (no projection)
[ok] manila_query_-Qc1bZWefrpkNPZ60zZS5Q direction seed=9012 gain=2.915 max|d|=46.65 (projection 16)
[ok] manila_query_-Qc1bZWefrpkNPZ60zZS5Q direction_eot seed=9012 gain=2.412 max|d|=38.60 (projection 16)
[ok] manila_query_-Qc1bZWefrpkNPZ60zZS5Q isotropic seed=9012 gain=16.570 max|d|=70.06 (no projection)
[ok] nairobi_query_2RQpcoZ0MfOmswdfhpjw4g direction seed=5678 gain=3.393 max|d|=54.28 (projection 16)
[ok] nairobi_query_2RQpcoZ0MfOmswdfhpjw4g direction_eot seed=5678 gain=2.792 max|d|=44.67 (projection 16)
[ok] nairobi_query_2RQpcoZ0MfOmswdfhpjw4g isotropic seed=5678 gain=15.648 max|d|=72.36 (no projection)
[ok] nairobi_query_2RQpcoZ0MfOmswdfhpjw4g direction seed=9012 gain=3.423 max|d|=54.77 (projection 16)
[ok] nairobi_query_2RQpcoZ0MfOmswdfhpjw4g direction_eot seed=9012 gain=2.654 max|d|=42.47 (projection 16)
[ok] nairobi_query_2RQpcoZ0MfOmswdfhpjw4g isotropic seed=9012 gain=15.636 max|d|=74.29 (no projection)
[ok] toronto_query_-EilBTWhr8vjdDW-B7MU8A direction seed=5678 gain=2.862 max|d|=45.79 (projection 16)
[ok] toronto_query_-EilBTWhr8vjdDW-B7MU8A direction_eot seed=5678 gain=2.332 max|d|=37.31 (projection 16)
[ok] toronto_query_-EilBTWhr8vjdDW-B7MU8A isotropic seed=5678 gain=15.653 max|d|=70.96 (no projection)
[ok] toronto_query_-EilBTWhr8vjdDW-B7MU8A direction seed=9012 gain=2.861 max|d|=45.77 (projection 16)
[ok] toronto_query_-EilBTWhr8vjdDW-B7MU8A direction_eot seed=9012 gain=2.439 max|d|=39.02 (projection 16)
[ok] toronto_query_-EilBTWhr8vjdDW-B7MU8A isotropic seed=9012 gain=16.761 max|d|=78.03 (no projection)
[ok] zurich_query_0AlvsX9XlPHoz4joTTL7hQ direction seed=5678 gain=3.379 max|d|=54.07 (projection 16)
[ok] zurich_query_0AlvsX9XlPHoz4joTTL7hQ direction_eot seed=5678 gain=2.655 max|d|=42.49 (projection 16)
[ok] zurich_query_0AlvsX9XlPHoz4joTTL7hQ isotropic seed=5678 gain=16.751 max|d|=74.15 (no projection)
[ok] zurich_query_0AlvsX9XlPHoz4joTTL7hQ direction seed=9012 gain=3.354 max|d|=53.66 (projection 16)
[ok] zurich_query_0AlvsX9XlPHoz4joTTL7hQ direction_eot seed=9012 gain=2.691 max|d|=43.06 (projection 16)
[ok] zurich_query_0AlvsX9XlPHoz4joTTL7hQ isotropic seed=9012 gain=16.275 max|d|=69.99 (no projection)
[ok] amman_query_1VTBGOTuAwvnyE1o4Pbm0Q direction seed=5678 gain=3.225 max|d|=51.60 (projection 16)
[ok] amman_query_1VTBGOTuAwvnyE1o4Pbm0Q direction_eot seed=5678 gain=2.584 max|d|=41.34 (projection 16)
[ok] amman_query_1VTBGOTuAwvnyE1o4Pbm0Q isotropic seed=5678 gain=15.656 max|d|=80.34 (no projection)
[ok] amman_query_1VTBGOTuAwvnyE1o4Pbm0Q direction seed=9012 gain=3.183 max|d|=50.93 (projection 16)
[ok] amman_query_1VTBGOTuAwvnyE1o4Pbm0Q direction_eot seed=9012 gain=2.539 max|d|=40.63 (projection 16)
[ok] amman_query_1VTBGOTuAwvnyE1o4Pbm0Q isotropic seed=9012 gain=15.651 max|d|=73.66 (no projection)
[ok] boston_query_-NSEL0mtEJlIM-oR5yFnFg direction seed=5678 gain=3.401 max|d|=54.42 (projection 16)
[ok] boston_query_-NSEL0mtEJlIM-oR5yFnFg direction_eot seed=5678 gain=2.702 max|d|=43.24 (projection 16)
[ok] boston_query_-NSEL0mtEJlIM-oR5yFnFg isotropic seed=5678 gain=12.842 max|d|=70.70 (no projection)
[ok] boston_query_-NSEL0mtEJlIM-oR5yFnFg direction seed=9012 gain=3.387 max|d|=54.19 (projection 16)
[ok] boston_query_-NSEL0mtEJlIM-oR5yFnFg direction_eot seed=9012 gain=2.675 max|d|=42.80 (projection 16)
[ok] boston_query_-NSEL0mtEJlIM-oR5yFnFg isotropic seed=9012 gain=16.132 max|d|=74.18 (no projection)
[ok] cph_query_-IKk5Ns9ayTUN3tqBrl3Ow direction seed=5678 gain=3.062 max|d|=48.98 (projection 16)
[ok] cph_query_-IKk5Ns9ayTUN3tqBrl3Ow direction_eot seed=5678 gain=2.442 max|d|=39.07 (projection 16)
[ok] cph_query_-IKk5Ns9ayTUN3tqBrl3Ow isotropic seed=5678 gain=16.350 max|d|=74.68 (no projection)
[ok] cph_query_-IKk5Ns9ayTUN3tqBrl3Ow direction seed=9012 gain=3.112 max|d|=49.80 (projection 16)
[ok] cph_query_-IKk5Ns9ayTUN3tqBrl3Ow direction_eot seed=9012 gain=2.490 max|d|=39.84 (projection 16)
[ok] cph_query_-IKk5Ns9ayTUN3tqBrl3Ow isotropic seed=9012 gain=16.296 max|d|=82.66 (no projection)
[ok] london_query_-rtMM_qyd5EBLnADEBIUTA direction seed=5678 gain=2.864 max|d|=45.83 (projection 16)
[ok] london_query_-rtMM_qyd5EBLnADEBIUTA direction_eot seed=5678 gain=2.257 max|d|=36.11 (projection 16)
[ok] london_query_-rtMM_qyd5EBLnADEBIUTA isotropic seed=5678 gain=13.510 max|d|=67.42 (no projection)
[ok] london_query_-rtMM_qyd5EBLnADEBIUTA direction seed=9012 gain=2.874 max|d|=45.98 (projection 16)
[ok] london_query_-rtMM_qyd5EBLnADEBIUTA direction_eot seed=9012 gain=2.207 max|d|=35.31 (projection 16)
[ok] london_query_-rtMM_qyd5EBLnADEBIUTA isotropic seed=9012 gain=15.731 max|d|=72.06 (no projection)
[ok] manila_query_-QdSFqylfs0aHx31jOvTVg direction seed=5678 gain=3.065 max|d|=49.03 (projection 16)
[ok] manila_query_-QdSFqylfs0aHx31jOvTVg direction_eot seed=5678 gain=2.440 max|d|=39.05 (projection 16)
[ok] manila_query_-QdSFqylfs0aHx31jOvTVg isotropic seed=5678 gain=15.297 max|d|=69.53 (no projection)
[ok] manila_query_-QdSFqylfs0aHx31jOvTVg direction seed=9012 gain=3.102 max|d|=49.63 (projection 16)
[ok] manila_query_-QdSFqylfs0aHx31jOvTVg direction_eot seed=9012 gain=2.332 max|d|=37.31 (projection 16)
[ok] manila_query_-QdSFqylfs0aHx31jOvTVg isotropic seed=9012 gain=15.709 max|d|=71.05 (no projection)
[ok] nairobi_query_2Xgp5FmRFbMXgBspWoEFNg direction seed=5678 gain=3.366 max|d|=53.86 (projection 16)
[ok] nairobi_query_2Xgp5FmRFbMXgBspWoEFNg direction_eot seed=5678 gain=2.681 max|d|=42.90 (projection 16)
[ok] nairobi_query_2Xgp5FmRFbMXgBspWoEFNg isotropic seed=5678 gain=14.213 max|d|=68.23 (no projection)
[ok] nairobi_query_2Xgp5FmRFbMXgBspWoEFNg direction seed=9012 gain=3.404 max|d|=54.47 (projection 16)
[ok] nairobi_query_2Xgp5FmRFbMXgBspWoEFNg direction_eot seed=9012 gain=2.780 max|d|=44.48 (projection 16)
[ok] nairobi_query_2Xgp5FmRFbMXgBspWoEFNg isotropic seed=9012 gain=16.337 max|d|=75.55 (no projection)
[ok] toronto_query_-FOgEN8RNyKr0s933N-a0w direction seed=5678 gain=3.106 max|d|=49.70 (projection 16)
[ok] toronto_query_-FOgEN8RNyKr0s933N-a0w direction_eot seed=5678 gain=2.557 max|d|=40.91 (projection 16)
[ok] toronto_query_-FOgEN8RNyKr0s933N-a0w isotropic seed=5678 gain=15.913 max|d|=73.57 (no projection)
[ok] toronto_query_-FOgEN8RNyKr0s933N-a0w direction seed=9012 gain=3.098 max|d|=49.57 (projection 16)
[ok] toronto_query_-FOgEN8RNyKr0s933N-a0w direction_eot seed=9012 gain=2.508 max|d|=40.13 (projection 16)
[ok] toronto_query_-FOgEN8RNyKr0s933N-a0w isotropic seed=9012 gain=15.888 max|d|=71.87 (no projection)
[ok] zurich_query_0F0ESDULqwk5km1KbyUEZw direction seed=5678 gain=3.174 max|d|=50.78 (projection 16)
[ok] zurich_query_0F0ESDULqwk5km1KbyUEZw direction_eot seed=5678 gain=2.561 max|d|=40.98 (projection 16)
[ok] zurich_query_0F0ESDULqwk5km1KbyUEZw isotropic seed=5678 gain=15.083 max|d|=74.00 (no projection)
[ok] zurich_query_0F0ESDULqwk5km1KbyUEZw direction seed=9012 gain=3.146 max|d|=50.34 (projection 16)
[ok] zurich_query_0F0ESDULqwk5km1KbyUEZw direction_eot seed=9012 gain=2.545 max|d|=40.72 (projection 16)
[ok] zurich_query_0F0ESDULqwk5km1KbyUEZw isotropic seed=9012 gain=16.070 max|d|=75.08 (no projection)
[ok] amman_query_1_jzc52w72UKyKztvVoygQ direction seed=5678 gain=3.243 max|d|=51.89 (projection 16)
[ok] amman_query_1_jzc52w72UKyKztvVoygQ direction_eot seed=5678 gain=2.679 max|d|=42.87 (projection 16)
[ok] amman_query_1_jzc52w72UKyKztvVoygQ isotropic seed=5678 gain=14.786 max|d|=66.30 (no projection)
[ok] amman_query_1_jzc52w72UKyKztvVoygQ direction seed=9012 gain=3.222 max|d|=51.55 (projection 16)
[ok] amman_query_1_jzc52w72UKyKztvVoygQ direction_eot seed=9012 gain=2.736 max|d|=43.77 (projection 16)
[ok] amman_query_1_jzc52w72UKyKztvVoygQ isotropic seed=9012 gain=15.764 max|d|=74.39 (no projection)
[ok] boston_query_-NUm2lI2JYWeHZ6lrL2eZA direction seed=5678 gain=3.017 max|d|=48.28 (projection 16)
[ok] boston_query_-NUm2lI2JYWeHZ6lrL2eZA direction_eot seed=5678 gain=2.352 max|d|=37.63 (projection 16)
[ok] boston_query_-NUm2lI2JYWeHZ6lrL2eZA isotropic seed=5678 gain=16.021 max|d|=77.75 (no projection)
[ok] boston_query_-NUm2lI2JYWeHZ6lrL2eZA direction seed=9012 gain=3.041 max|d|=48.66 (projection 16)
[ok] boston_query_-NUm2lI2JYWeHZ6lrL2eZA direction_eot seed=9012 gain=2.315 max|d|=37.05 (projection 16)
[ok] boston_query_-NUm2lI2JYWeHZ6lrL2eZA isotropic seed=9012 gain=15.996 max|d|=72.49 (no projection)
[ok] cph_query_-JMzfm4NuuBt61JuZ2sggw direction seed=5678 gain=3.256 max|d|=52.09 (projection 16)
[ok] cph_query_-JMzfm4NuuBt61JuZ2sggw direction_eot seed=5678 gain=2.588 max|d|=41.41 (projection 16)
[ok] cph_query_-JMzfm4NuuBt61JuZ2sggw isotropic seed=5678 gain=17.060 max|d|=80.88 (no projection)
[ok] cph_query_-JMzfm4NuuBt61JuZ2sggw direction seed=9012 gain=3.197 max|d|=51.15 (projection 16)
[ok] cph_query_-JMzfm4NuuBt61JuZ2sggw direction_eot seed=9012 gain=2.632 max|d|=42.11 (projection 16)
[ok] cph_query_-JMzfm4NuuBt61JuZ2sggw isotropic seed=9012 gain=16.993 max|d|=79.11 (no projection)
[ok] london_query_-u8BrzndSdD1lHKeeOwN1A direction seed=5678 gain=3.025 max|d|=48.40 (projection 16)
[ok] london_query_-u8BrzndSdD1lHKeeOwN1A direction_eot seed=5678 gain=2.411 max|d|=38.57 (projection 16)
[ok] london_query_-u8BrzndSdD1lHKeeOwN1A isotropic seed=5678 gain=15.942 max|d|=69.41 (no projection)
[ok] london_query_-u8BrzndSdD1lHKeeOwN1A direction seed=9012 gain=2.940 max|d|=47.05 (projection 16)
[ok] london_query_-u8BrzndSdD1lHKeeOwN1A direction_eot seed=9012 gain=2.383 max|d|=38.13 (projection 16)
[ok] london_query_-u8BrzndSdD1lHKeeOwN1A isotropic seed=9012 gain=15.383 max|d|=74.17 (no projection)
[ok] manila_query_-QvNwUfMuYwx4zaJzG9hHA direction seed=5678 gain=2.828 max|d|=45.25 (projection 16)
[ok] manila_query_-QvNwUfMuYwx4zaJzG9hHA direction_eot seed=5678 gain=2.235 max|d|=35.76 (projection 16)
[ok] manila_query_-QvNwUfMuYwx4zaJzG9hHA isotropic seed=5678 gain=15.196 max|d|=68.33 (no projection)
[ok] manila_query_-QvNwUfMuYwx4zaJzG9hHA direction seed=9012 gain=2.822 max|d|=45.14 (projection 16)
[ok] manila_query_-QvNwUfMuYwx4zaJzG9hHA direction_eot seed=9012 gain=2.263 max|d|=36.21 (projection 16)
[ok] manila_query_-QvNwUfMuYwx4zaJzG9hHA isotropic seed=9012 gain=15.819 max|d|=70.38 (no projection)
[ok] nairobi_query_2hMXkBjbWEdGXSh4zxGVeg direction seed=5678 gain=3.280 max|d|=52.48 (projection 16)
[ok] nairobi_query_2hMXkBjbWEdGXSh4zxGVeg direction_eot seed=5678 gain=2.524 max|d|=40.39 (projection 16)
[ok] nairobi_query_2hMXkBjbWEdGXSh4zxGVeg isotropic seed=5678 gain=15.744 max|d|=67.62 (no projection)
[ok] nairobi_query_2hMXkBjbWEdGXSh4zxGVeg direction seed=9012 gain=3.298 max|d|=52.76 (projection 16)
[ok] nairobi_query_2hMXkBjbWEdGXSh4zxGVeg direction_eot seed=9012 gain=2.641 max|d|=42.26 (projection 16)
[ok] nairobi_query_2hMXkBjbWEdGXSh4zxGVeg isotropic seed=9012 gain=15.681 max|d|=69.78 (no projection)
[ok] toronto_query_-FRsj6TVpdbM-sdJNwZZbw direction seed=5678 gain=3.070 max|d|=49.12 (projection 16)
[ok] toronto_query_-FRsj6TVpdbM-sdJNwZZbw direction_eot seed=5678 gain=2.522 max|d|=40.35 (projection 16)
[ok] toronto_query_-FRsj6TVpdbM-sdJNwZZbw isotropic seed=5678 gain=15.459 max|d|=72.83 (no projection)
[ok] toronto_query_-FRsj6TVpdbM-sdJNwZZbw direction seed=9012 gain=3.132 max|d|=50.11 (projection 16)
[ok] toronto_query_-FRsj6TVpdbM-sdJNwZZbw direction_eot seed=9012 gain=2.435 max|d|=38.97 (projection 16)
[ok] toronto_query_-FRsj6TVpdbM-sdJNwZZbw isotropic seed=9012 gain=16.088 max|d|=78.09 (no projection)
[ok] zurich_query_0FEApLaNMLno1PTABlbYyQ direction seed=5678 gain=3.060 max|d|=48.96 (projection 16)
[ok] zurich_query_0FEApLaNMLno1PTABlbYyQ direction_eot seed=5678 gain=2.446 max|d|=39.13 (projection 16)
[ok] zurich_query_0FEApLaNMLno1PTABlbYyQ isotropic seed=5678 gain=15.977 max|d|=74.59 (no projection)
[ok] zurich_query_0FEApLaNMLno1PTABlbYyQ direction seed=9012 gain=3.009 max|d|=48.15 (projection 16)
[ok] zurich_query_0FEApLaNMLno1PTABlbYyQ direction_eot seed=9012 gain=2.377 max|d|=38.04 (projection 16)
[ok] zurich_query_0FEApLaNMLno1PTABlbYyQ isotropic seed=9012 gain=15.963 max|d|=85.01 (no projection)
[ok] amman_query_1jA0_v7p_4KHVbia4DG7Bw direction seed=5678 gain=2.876 max|d|=46.02 (projection 16)
[ok] amman_query_1jA0_v7p_4KHVbia4DG7Bw direction_eot seed=5678 gain=2.284 max|d|=36.55 (projection 16)
[ok] amman_query_1jA0_v7p_4KHVbia4DG7Bw isotropic seed=5678 gain=15.783 max|d|=76.50 (no projection)
[ok] amman_query_1jA0_v7p_4KHVbia4DG7Bw direction seed=9012 gain=2.890 max|d|=46.24 (projection 16)
[ok] amman_query_1jA0_v7p_4KHVbia4DG7Bw direction_eot seed=9012 gain=2.299 max|d|=36.78 (projection 16)
[ok] amman_query_1jA0_v7p_4KHVbia4DG7Bw isotropic seed=9012 gain=15.810 max|d|=78.89 (no projection)
[ok] boston_query_-O6nZhSO0Cgq4iaZ522K2g direction seed=5678 gain=3.041 max|d|=48.66 (projection 16)
[ok] boston_query_-O6nZhSO0Cgq4iaZ522K2g direction_eot seed=5678 gain=2.483 max|d|=39.73 (projection 16)
[ok] boston_query_-O6nZhSO0Cgq4iaZ522K2g isotropic seed=5678 gain=15.770 max|d|=71.57 (no projection)
[ok] boston_query_-O6nZhSO0Cgq4iaZ522K2g direction seed=9012 gain=3.061 max|d|=48.97 (projection 16)
[ok] boston_query_-O6nZhSO0Cgq4iaZ522K2g direction_eot seed=9012 gain=2.484 max|d|=39.75 (projection 16)
[ok] boston_query_-O6nZhSO0Cgq4iaZ522K2g isotropic seed=9012 gain=14.839 max|d|=70.59 (no projection)
[ok] cph_query_-MUw194v9r5C1394mci6-A direction seed=5678 gain=2.801 max|d|=44.81 (projection 16)
[ok] cph_query_-MUw194v9r5C1394mci6-A direction_eot seed=5678 gain=2.308 max|d|=36.92 (projection 16)
[ok] cph_query_-MUw194v9r5C1394mci6-A isotropic seed=5678 gain=15.494 max|d|=82.42 (no projection)
[ok] cph_query_-MUw194v9r5C1394mci6-A direction seed=9012 gain=2.889 max|d|=46.22 (projection 16)
[ok] cph_query_-MUw194v9r5C1394mci6-A direction_eot seed=9012 gain=2.286 max|d|=36.57 (projection 16)
[ok] cph_query_-MUw194v9r5C1394mci6-A isotropic seed=9012 gain=15.812 max|d|=84.66 (no projection)
[ok] london_query_-vkja3p0MzaoZlQOooT-YQ direction seed=5678 gain=2.974 max|d|=47.58 (projection 16)
[ok] london_query_-vkja3p0MzaoZlQOooT-YQ direction_eot seed=5678 gain=2.374 max|d|=37.99 (projection 16)
[ok] london_query_-vkja3p0MzaoZlQOooT-YQ isotropic seed=5678 gain=15.098 max|d|=74.13 (no projection)
[ok] london_query_-vkja3p0MzaoZlQOooT-YQ direction seed=9012 gain=2.972 max|d|=47.54 (projection 16)
[ok] london_query_-vkja3p0MzaoZlQOooT-YQ direction_eot seed=9012 gain=2.399 max|d|=38.38 (projection 16)
[ok] london_query_-vkja3p0MzaoZlQOooT-YQ isotropic seed=9012 gain=15.962 max|d|=81.07 (no projection)
[ok] manila_query_-RZzhLSoiUGq-PShtIhzxw direction seed=5678 gain=3.084 max|d|=49.35 (projection 16)
[ok] manila_query_-RZzhLSoiUGq-PShtIhzxw direction_eot seed=5678 gain=2.377 max|d|=38.04 (projection 16)
[ok] manila_query_-RZzhLSoiUGq-PShtIhzxw isotropic seed=5678 gain=15.778 max|d|=75.11 (no projection)
[ok] manila_query_-RZzhLSoiUGq-PShtIhzxw direction seed=9012 gain=3.073 max|d|=49.17 (projection 16)
[ok] manila_query_-RZzhLSoiUGq-PShtIhzxw direction_eot seed=9012 gain=2.359 max|d|=37.74 (projection 16)
[ok] manila_query_-RZzhLSoiUGq-PShtIhzxw isotropic seed=9012 gain=15.757 max|d|=69.86 (no projection)
[ok] nairobi_query_2wqDKqSdeRPYg6X996gZ0w direction seed=5678 gain=3.206 max|d|=51.30 (projection 16)
[ok] nairobi_query_2wqDKqSdeRPYg6X996gZ0w direction_eot seed=5678 gain=2.511 max|d|=40.17 (projection 16)
[ok] nairobi_query_2wqDKqSdeRPYg6X996gZ0w isotropic seed=5678 gain=15.568 max|d|=82.49 (no projection)
[ok] nairobi_query_2wqDKqSdeRPYg6X996gZ0w direction seed=9012 gain=3.214 max|d|=51.42 (projection 16)
[ok] nairobi_query_2wqDKqSdeRPYg6X996gZ0w direction_eot seed=9012 gain=2.480 max|d|=39.67 (projection 16)
[ok] nairobi_query_2wqDKqSdeRPYg6X996gZ0w isotropic seed=9012 gain=15.568 max|d|=70.55 (no projection)
[ok] toronto_query_-FohtR51AFcyGSLgiTdXzw direction seed=5678 gain=3.034 max|d|=48.55 (projection 16)
[ok] toronto_query_-FohtR51AFcyGSLgiTdXzw direction_eot seed=5678 gain=2.486 max|d|=39.78 (projection 16)
[ok] toronto_query_-FohtR51AFcyGSLgiTdXzw isotropic seed=5678 gain=16.598 max|d|=76.71 (no projection)
[ok] toronto_query_-FohtR51AFcyGSLgiTdXzw direction seed=9012 gain=3.014 max|d|=48.22 (projection 16)
[ok] toronto_query_-FohtR51AFcyGSLgiTdXzw direction_eot seed=9012 gain=2.499 max|d|=39.98 (projection 16)
[ok] toronto_query_-FohtR51AFcyGSLgiTdXzw isotropic seed=9012 gain=16.460 max|d|=75.33 (no projection)
[ok] zurich_query_0I7IdNKcKWGXL-wmkUdx2A direction seed=5678 gain=2.766 max|d|=44.26 (projection 16)
[ok] zurich_query_0I7IdNKcKWGXL-wmkUdx2A direction_eot seed=5678 gain=2.441 max|d|=39.06 (projection 16)
[ok] zurich_query_0I7IdNKcKWGXL-wmkUdx2A isotropic seed=5678 gain=15.554 max|d|=67.36 (no projection)
[ok] zurich_query_0I7IdNKcKWGXL-wmkUdx2A direction seed=9012 gain=2.834 max|d|=45.35 (projection 16)
[ok] zurich_query_0I7IdNKcKWGXL-wmkUdx2A direction_eot seed=9012 gain=2.314 max|d|=37.03 (projection 16)
[ok] zurich_query_0I7IdNKcKWGXL-wmkUdx2A isotropic seed=9012 gain=14.771 max|d|=65.99 (no projection)
[ok] amman_query_1n6vx0uExn56MfvA6toRJw direction seed=5678 gain=3.262 max|d|=52.20 (projection 16)
[ok] amman_query_1n6vx0uExn56MfvA6toRJw direction_eot seed=5678 gain=2.522 max|d|=40.36 (projection 16)
[ok] amman_query_1n6vx0uExn56MfvA6toRJw isotropic seed=5678 gain=15.092 max|d|=66.71 (no projection)
[ok] amman_query_1n6vx0uExn56MfvA6toRJw direction seed=9012 gain=3.221 max|d|=51.54 (projection 16)
[ok] amman_query_1n6vx0uExn56MfvA6toRJw direction_eot seed=9012 gain=2.529 max|d|=40.47 (projection 16)
[ok] amman_query_1n6vx0uExn56MfvA6toRJw isotropic seed=9012 gain=15.646 max|d|=72.45 (no projection)
[ok] boston_query_-OEJzVyBJiypLsHkeOqxKn direction seed=5678 gain=3.247 max|d|=51.95 (projection 16)
[ok] boston_query_-OEJzVyBJiypLsHkeOqxKn direction_eot seed=5678 gain=2.402 max|d|=38.44 (projection 16)
[ok] boston_query_-OEJzVyBJiypLsHkeOqxKn isotropic seed=5678 gain=15.615 max|d|=71.12 (no projection)
[ok] boston_query_-OEJzVyBJiypLsHkeOqxKn direction seed=9012 gain=3.289 max|d|=52.63 (projection 16)
[ok] boston_query_-OEJzVyBJiypLsHkeOqxKn direction_eot seed=9012 gain=2.431 max|d|=38.90 (projection 16)
[ok] boston_query_-OEJzVyBJiypLsHkeOqxKn isotropic seed=9012 gain=15.618 max|d|=68.35 (no projection)
[ok] cph_query_-Mwdj8AXbTR5wrPmQKRbhQ direction seed=5678 gain=3.021 max|d|=48.33 (projection 16)
[ok] cph_query_-Mwdj8AXbTR5wrPmQKRbhQ direction_eot seed=5678 gain=2.445 max|d|=39.13 (projection 16)
[ok] cph_query_-Mwdj8AXbTR5wrPmQKRbhQ isotropic seed=5678 gain=15.692 max|d|=70.33 (no projection)
[ok] cph_query_-Mwdj8AXbTR5wrPmQKRbhQ direction seed=9012 gain=3.072 max|d|=49.15 (projection 16)
[ok] cph_query_-Mwdj8AXbTR5wrPmQKRbhQ direction_eot seed=9012 gain=2.444 max|d|=39.11 (projection 16)
[ok] cph_query_-Mwdj8AXbTR5wrPmQKRbhQ isotropic seed=9012 gain=15.716 max|d|=71.57 (no projection)
[ok] london_query_-wX-mY4F2ewX9tlr1_JTbw direction seed=5678 gain=2.830 max|d|=45.29 (projection 16)
[ok] london_query_-wX-mY4F2ewX9tlr1_JTbw direction_eot seed=5678 gain=2.181 max|d|=34.89 (projection 16)
[ok] london_query_-wX-mY4F2ewX9tlr1_JTbw isotropic seed=5678 gain=16.049 max|d|=78.13 (no projection)
[ok] london_query_-wX-mY4F2ewX9tlr1_JTbw direction seed=9012 gain=2.835 max|d|=45.36 (projection 16)
[ok] london_query_-wX-mY4F2ewX9tlr1_JTbw direction_eot seed=9012 gain=2.255 max|d|=36.08 (projection 16)
[ok] london_query_-wX-mY4F2ewX9tlr1_JTbw isotropic seed=9012 gain=16.047 max|d|=79.01 (no projection)
[ok] manila_query_-SSrBkppXcUPQnmvRyEZaA direction seed=5678 gain=2.885 max|d|=46.16 (projection 16)
[ok] manila_query_-SSrBkppXcUPQnmvRyEZaA direction_eot seed=5678 gain=2.275 max|d|=36.40 (projection 16)
[ok] manila_query_-SSrBkppXcUPQnmvRyEZaA isotropic seed=5678 gain=16.336 max|d|=76.80 (no projection)
[ok] manila_query_-SSrBkppXcUPQnmvRyEZaA direction seed=9012 gain=2.865 max|d|=45.84 (projection 16)
[ok] manila_query_-SSrBkppXcUPQnmvRyEZaA direction_eot seed=9012 gain=2.291 max|d|=36.66 (projection 16)
[ok] manila_query_-SSrBkppXcUPQnmvRyEZaA isotropic seed=9012 gain=16.310 max|d|=75.45 (no projection)
[ok] nairobi_query_32eRlu6tx-Q_LzhBd8iTQA direction seed=5678 gain=3.237 max|d|=51.80 (projection 16)
[ok] nairobi_query_32eRlu6tx-Q_LzhBd8iTQA direction_eot seed=5678 gain=2.512 max|d|=40.19 (projection 16)
[ok] nairobi_query_32eRlu6tx-Q_LzhBd8iTQA isotropic seed=5678 gain=13.842 max|d|=70.54 (no projection)
[ok] nairobi_query_32eRlu6tx-Q_LzhBd8iTQA direction seed=9012 gain=3.260 max|d|=52.17 (projection 16)
[ok] nairobi_query_32eRlu6tx-Q_LzhBd8iTQA direction_eot seed=9012 gain=2.540 max|d|=40.63 (projection 16)
[ok] nairobi_query_32eRlu6tx-Q_LzhBd8iTQA isotropic seed=9012 gain=15.633 max|d|=71.34 (no projection)
[ok] toronto_query_-HBbI6fcMz-R3CyduFEoDg direction seed=5678 gain=3.253 max|d|=52.05 (projection 16)
[ok] toronto_query_-HBbI6fcMz-R3CyduFEoDg direction_eot seed=5678 gain=2.520 max|d|=40.33 (projection 16)
[ok] toronto_query_-HBbI6fcMz-R3CyduFEoDg isotropic seed=5678 gain=15.771 max|d|=71.88 (no projection)
[ok] toronto_query_-HBbI6fcMz-R3CyduFEoDg direction seed=9012 gain=3.253 max|d|=52.05 (projection 16)
[ok] toronto_query_-HBbI6fcMz-R3CyduFEoDg direction_eot seed=9012 gain=2.609 max|d|=41.74 (projection 16)
[ok] toronto_query_-HBbI6fcMz-R3CyduFEoDg isotropic seed=9012 gain=15.766 max|d|=78.31 (no projection)
[ok] zurich_query_0IZVsW_UPLzI_vUm51hEMQ direction seed=5678 gain=3.115 max|d|=49.83 (projection 16)
[ok] zurich_query_0IZVsW_UPLzI_vUm51hEMQ direction_eot seed=5678 gain=2.421 max|d|=38.74 (projection 16)
[ok] zurich_query_0IZVsW_UPLzI_vUm51hEMQ isotropic seed=5678 gain=15.927 max|d|=79.05 (no projection)
[ok] zurich_query_0IZVsW_UPLzI_vUm51hEMQ direction seed=9012 gain=3.112 max|d|=49.78 (projection 16)
[ok] zurich_query_0IZVsW_UPLzI_vUm51hEMQ direction_eot seed=9012 gain=2.372 max|d|=37.96 (projection 16)
[ok] zurich_query_0IZVsW_UPLzI_vUm51hEMQ isotropic seed=9012 gain=15.189 max|d|=73.61 (no projection)
[ok] amman_query_1qMrYvXqBvZDS0XUd5cEtg direction seed=5678 gain=2.954 max|d|=47.26 (projection 16)
[ok] amman_query_1qMrYvXqBvZDS0XUd5cEtg direction_eot seed=5678 gain=2.454 max|d|=39.26 (projection 16)
[ok] amman_query_1qMrYvXqBvZDS0XUd5cEtg isotropic seed=5678 gain=15.577 max|d|=76.26 (no projection)
[ok] amman_query_1qMrYvXqBvZDS0XUd5cEtg direction seed=9012 gain=2.954 max|d|=47.26 (projection 16)
[ok] amman_query_1qMrYvXqBvZDS0XUd5cEtg direction_eot seed=9012 gain=2.357 max|d|=37.71 (projection 16)
[ok] amman_query_1qMrYvXqBvZDS0XUd5cEtg isotropic seed=9012 gain=14.812 max|d|=69.08 (no projection)
[ok] boston_query_-OlQhKn0bS9eZTkeJL6ovw direction seed=5678 gain=2.843 max|d|=45.49 (projection 16)
[ok] boston_query_-OlQhKn0bS9eZTkeJL6ovw direction_eot seed=5678 gain=2.331 max|d|=37.29 (projection 16)
[ok] boston_query_-OlQhKn0bS9eZTkeJL6ovw isotropic seed=5678 gain=16.107 max|d|=75.95 (no projection)
[ok] boston_query_-OlQhKn0bS9eZTkeJL6ovw direction seed=9012 gain=2.875 max|d|=46.00 (projection 16)
[ok] boston_query_-OlQhKn0bS9eZTkeJL6ovw direction_eot seed=9012 gain=2.383 max|d|=38.13 (projection 16)
[ok] boston_query_-OlQhKn0bS9eZTkeJL6ovw isotropic seed=9012 gain=16.112 max|d|=79.01 (no projection)
[ok] cph_query_-N9mbKdWcHyUUsU1379EgA direction seed=5678 gain=3.047 max|d|=48.75 (projection 16)
[ok] cph_query_-N9mbKdWcHyUUsU1379EgA direction_eot seed=5678 gain=2.494 max|d|=39.90 (projection 16)
[ok] cph_query_-N9mbKdWcHyUUsU1379EgA isotropic seed=5678 gain=16.769 max|d|=73.63 (no projection)
[ok] cph_query_-N9mbKdWcHyUUsU1379EgA direction seed=9012 gain=3.055 max|d|=48.87 (projection 16)
[ok] cph_query_-N9mbKdWcHyUUsU1379EgA direction_eot seed=9012 gain=2.523 max|d|=40.36 (projection 16)
[ok] cph_query_-N9mbKdWcHyUUsU1379EgA isotropic seed=9012 gain=16.200 max|d|=74.96 (no projection)
[ok] london_query_02vfV_A3zc1S9Akd07xuEA direction seed=5678 gain=2.789 max|d|=44.62 (projection 16)
[ok] london_query_02vfV_A3zc1S9Akd07xuEA direction_eot seed=5678 gain=2.191 max|d|=35.06 (projection 16)
[ok] london_query_02vfV_A3zc1S9Akd07xuEA isotropic seed=5678 gain=14.736 max|d|=74.35 (no projection)
[ok] london_query_02vfV_A3zc1S9Akd07xuEA direction seed=9012 gain=2.773 max|d|=44.37 (projection 16)
[ok] london_query_02vfV_A3zc1S9Akd07xuEA direction_eot seed=9012 gain=2.198 max|d|=35.16 (projection 16)
[ok] london_query_02vfV_A3zc1S9Akd07xuEA isotropic seed=9012 gain=14.905 max|d|=76.32 (no projection)
[ok] manila_query_-Tmeby1UCsrkKNvVnN7L5g direction seed=5678 gain=3.052 max|d|=48.84 (projection 16)
[ok] manila_query_-Tmeby1UCsrkKNvVnN7L5g direction_eot seed=5678 gain=2.415 max|d|=38.64 (projection 16)
[ok] manila_query_-Tmeby1UCsrkKNvVnN7L5g isotropic seed=5678 gain=16.252 max|d|=77.83 (no projection)
[ok] manila_query_-Tmeby1UCsrkKNvVnN7L5g direction seed=9012 gain=3.003 max|d|=48.04 (projection 16)
[ok] manila_query_-Tmeby1UCsrkKNvVnN7L5g direction_eot seed=9012 gain=2.328 max|d|=37.25 (projection 16)
[ok] manila_query_-Tmeby1UCsrkKNvVnN7L5g isotropic seed=9012 gain=15.461 max|d|=66.84 (no projection)
[ok] nairobi_query_37RDt83nGFaZl6CPpzqlTw direction seed=5678 gain=3.222 max|d|=51.56 (projection 16)
[ok] nairobi_query_37RDt83nGFaZl6CPpzqlTw direction_eot seed=5678 gain=2.549 max|d|=40.78 (projection 16)
[ok] nairobi_query_37RDt83nGFaZl6CPpzqlTw isotropic seed=5678 gain=16.141 max|d|=74.19 (no projection)
[ok] nairobi_query_37RDt83nGFaZl6CPpzqlTw direction seed=9012 gain=3.180 max|d|=50.88 (projection 16)
[ok] nairobi_query_37RDt83nGFaZl6CPpzqlTw direction_eot seed=9012 gain=2.574 max|d|=41.18 (projection 16)
[ok] nairobi_query_37RDt83nGFaZl6CPpzqlTw isotropic seed=9012 gain=16.181 max|d|=72.59 (no projection)
[ok] toronto_query_-IlXU6r8OSJejg6wnFTYMQ direction seed=5678 gain=3.234 max|d|=51.74 (projection 16)
[ok] toronto_query_-IlXU6r8OSJejg6wnFTYMQ direction_eot seed=5678 gain=2.631 max|d|=42.10 (projection 16)
[ok] toronto_query_-IlXU6r8OSJejg6wnFTYMQ isotropic seed=5678 gain=15.683 max|d|=70.48 (no projection)
[ok] toronto_query_-IlXU6r8OSJejg6wnFTYMQ direction seed=9012 gain=3.208 max|d|=51.33 (projection 16)
[ok] toronto_query_-IlXU6r8OSJejg6wnFTYMQ direction_eot seed=9012 gain=2.571 max|d|=41.14 (projection 16)
[ok] toronto_query_-IlXU6r8OSJejg6wnFTYMQ isotropic seed=9012 gain=15.600 max|d|=77.92 (no projection)
[ok] zurich_query_0Ky7pgdILHyYlzjahHNGZg direction seed=5678 gain=3.089 max|d|=49.42 (projection 16)
[ok] zurich_query_0Ky7pgdILHyYlzjahHNGZg direction_eot seed=5678 gain=2.443 max|d|=39.08 (projection 16)
[ok] zurich_query_0Ky7pgdILHyYlzjahHNGZg isotropic seed=5678 gain=16.266 max|d|=72.81 (no projection)
[ok] zurich_query_0Ky7pgdILHyYlzjahHNGZg direction seed=9012 gain=3.075 max|d|=49.19 (projection 16)
[ok] zurich_query_0Ky7pgdILHyYlzjahHNGZg direction_eot seed=9012 gain=2.460 max|d|=39.35 (projection 16)
[ok] zurich_query_0Ky7pgdILHyYlzjahHNGZg isotropic seed=9012 gain=16.315 max|d|=74.72 (no projection)
[ok] amman_query_1rZerb0T7z_1E7yKfEBCtA direction seed=5678 gain=3.153 max|d|=50.45 (projection 16)
[ok] amman_query_1rZerb0T7z_1E7yKfEBCtA direction_eot seed=5678 gain=2.565 max|d|=41.05 (projection 16)
[ok] amman_query_1rZerb0T7z_1E7yKfEBCtA isotropic seed=5678 gain=15.827 max|d|=80.17 (no projection)
[ok] amman_query_1rZerb0T7z_1E7yKfEBCtA direction seed=9012 gain=3.103 max|d|=49.65 (projection 16)
[ok] amman_query_1rZerb0T7z_1E7yKfEBCtA direction_eot seed=9012 gain=2.575 max|d|=41.19 (projection 16)
[ok] amman_query_1rZerb0T7z_1E7yKfEBCtA isotropic seed=9012 gain=15.828 max|d|=70.62 (no projection)
[ok] boston_query_-Phryua7d1FHhpGGfaEGcg direction seed=5678 gain=3.145 max|d|=50.32 (projection 16)
[ok] boston_query_-Phryua7d1FHhpGGfaEGcg direction_eot seed=5678 gain=2.559 max|d|=40.95 (projection 16)
[ok] boston_query_-Phryua7d1FHhpGGfaEGcg isotropic seed=5678 gain=16.376 max|d|=79.98 (no projection)
[ok] boston_query_-Phryua7d1FHhpGGfaEGcg direction seed=9012 gain=3.176 max|d|=50.81 (projection 16)
[ok] boston_query_-Phryua7d1FHhpGGfaEGcg direction_eot seed=9012 gain=2.474 max|d|=39.58 (projection 16)
[ok] boston_query_-Phryua7d1FHhpGGfaEGcg isotropic seed=9012 gain=16.379 max|d|=69.85 (no projection)
[ok] cph_query_-PRZAb6qxjSdDqzgOekgbg direction seed=5678 gain=2.897 max|d|=46.35 (projection 16)
[ok] cph_query_-PRZAb6qxjSdDqzgOekgbg direction_eot seed=5678 gain=2.326 max|d|=37.22 (projection 16)
[ok] cph_query_-PRZAb6qxjSdDqzgOekgbg isotropic seed=5678 gain=15.751 max|d|=69.05 (no projection)
[ok] cph_query_-PRZAb6qxjSdDqzgOekgbg direction seed=9012 gain=2.902 max|d|=46.44 (projection 16)
[ok] cph_query_-PRZAb6qxjSdDqzgOekgbg direction_eot seed=9012 gain=2.397 max|d|=38.35 (projection 16)
[ok] cph_query_-PRZAb6qxjSdDqzgOekgbg isotropic seed=9012 gain=15.779 max|d|=66.04 (no projection)
[ok] london_query_039iugtZTFguj-7UQyc-wg direction seed=5678 gain=3.100 max|d|=49.61 (projection 16)
[ok] london_query_039iugtZTFguj-7UQyc-wg direction_eot seed=5678 gain=2.475 max|d|=39.60 (projection 16)
[ok] london_query_039iugtZTFguj-7UQyc-wg isotropic seed=5678 gain=16.928 max|d|=76.16 (no projection)
[ok] london_query_039iugtZTFguj-7UQyc-wg direction seed=9012 gain=3.086 max|d|=49.38 (projection 16)
[ok] london_query_039iugtZTFguj-7UQyc-wg direction_eot seed=9012 gain=2.475 max|d|=39.60 (projection 16)
[ok] london_query_039iugtZTFguj-7UQyc-wg isotropic seed=9012 gain=16.818 max|d|=74.84 (no projection)
[ok] manila_query_-TrGJy3CeaXApOffGndlqg direction seed=5678 gain=2.979 max|d|=47.66 (projection 16)
[ok] manila_query_-TrGJy3CeaXApOffGndlqg direction_eot seed=5678 gain=2.447 max|d|=39.14 (projection 16)
[ok] manila_query_-TrGJy3CeaXApOffGndlqg isotropic seed=5678 gain=16.304 max|d|=74.83 (no projection)
[ok] manila_query_-TrGJy3CeaXApOffGndlqg direction seed=9012 gain=2.951 max|d|=47.21 (projection 16)
[ok] manila_query_-TrGJy3CeaXApOffGndlqg direction_eot seed=9012 gain=2.368 max|d|=37.88 (projection 16)
[ok] manila_query_-TrGJy3CeaXApOffGndlqg isotropic seed=9012 gain=16.301 max|d|=81.74 (no projection)
[ok] nairobi_query_38y5DGnb1BCdL2r_1MWELg direction seed=5678 gain=3.311 max|d|=52.98 (projection 16)
[ok] nairobi_query_38y5DGnb1BCdL2r_1MWELg direction_eot seed=5678 gain=2.560 max|d|=40.96 (projection 16)
[ok] nairobi_query_38y5DGnb1BCdL2r_1MWELg isotropic seed=5678 gain=16.262 max|d|=70.90 (no projection)
[ok] nairobi_query_38y5DGnb1BCdL2r_1MWELg direction seed=9012 gain=3.347 max|d|=53.56 (projection 16)
[ok] nairobi_query_38y5DGnb1BCdL2r_1MWELg direction_eot seed=9012 gain=2.590 max|d|=41.44 (projection 16)
[ok] nairobi_query_38y5DGnb1BCdL2r_1MWELg isotropic seed=9012 gain=16.161 max|d|=73.62 (no projection)
[ok] toronto_query_-Iyv6ydukEfueu-CphPhwg direction seed=5678 gain=2.989 max|d|=47.83 (projection 16)
[ok] toronto_query_-Iyv6ydukEfueu-CphPhwg direction_eot seed=5678 gain=2.456 max|d|=39.30 (projection 16)
[ok] toronto_query_-Iyv6ydukEfueu-CphPhwg isotropic seed=5678 gain=16.535 max|d|=75.36 (no projection)
[ok] toronto_query_-Iyv6ydukEfueu-CphPhwg direction seed=9012 gain=3.008 max|d|=48.13 (projection 16)
[ok] toronto_query_-Iyv6ydukEfueu-CphPhwg direction_eot seed=9012 gain=2.416 max|d|=38.66 (projection 16)
[ok] toronto_query_-Iyv6ydukEfueu-CphPhwg isotropic seed=9012 gain=16.530 max|d|=78.69 (no projection)
[ok] zurich_query_0PrObi7NiUNPMe7_RDu2Ng direction seed=5678 gain=3.083 max|d|=49.33 (projection 16)
[ok] zurich_query_0PrObi7NiUNPMe7_RDu2Ng direction_eot seed=5678 gain=2.393 max|d|=38.28 (projection 16)
[ok] zurich_query_0PrObi7NiUNPMe7_RDu2Ng isotropic seed=5678 gain=14.391 max|d|=68.06 (no projection)
[ok] zurich_query_0PrObi7NiUNPMe7_RDu2Ng direction seed=9012 gain=3.101 max|d|=49.62 (projection 16)
[ok] zurich_query_0PrObi7NiUNPMe7_RDu2Ng direction_eot seed=9012 gain=2.436 max|d|=38.97 (projection 16)
[ok] zurich_query_0PrObi7NiUNPMe7_RDu2Ng isotropic seed=9012 gain=15.717 max|d|=72.80 (no projection)
[ok] amman_query_1uJbVMOMqlPVx4GYc2BgOA direction seed=5678 gain=3.225 max|d|=51.60 (projection 16)
[ok] amman_query_1uJbVMOMqlPVx4GYc2BgOA direction_eot seed=5678 gain=2.617 max|d|=41.87 (projection 16)
[ok] amman_query_1uJbVMOMqlPVx4GYc2BgOA isotropic seed=5678 gain=15.887 max|d|=71.94 (no projection)
[ok] amman_query_1uJbVMOMqlPVx4GYc2BgOA direction seed=9012 gain=3.228 max|d|=51.65 (projection 16)
[ok] amman_query_1uJbVMOMqlPVx4GYc2BgOA direction_eot seed=9012 gain=2.621 max|d|=41.93 (projection 16)
[ok] amman_query_1uJbVMOMqlPVx4GYc2BgOA isotropic seed=9012 gain=15.849 max|d|=70.53 (no projection)
[ok] boston_query_-Ptt76cqL8Ath-qW7aRUQw direction seed=5678 gain=3.415 max|d|=54.65 (projection 16)
[ok] boston_query_-Ptt76cqL8Ath-qW7aRUQw direction_eot seed=5678 gain=2.698 max|d|=43.17 (projection 16)
[ok] boston_query_-Ptt76cqL8Ath-qW7aRUQw isotropic seed=5678 gain=16.112 max|d|=78.28 (no projection)
[ok] boston_query_-Ptt76cqL8Ath-qW7aRUQw direction seed=9012 gain=3.433 max|d|=54.93 (projection 16)
[ok] boston_query_-Ptt76cqL8Ath-qW7aRUQw direction_eot seed=9012 gain=2.679 max|d|=42.87 (projection 16)
[ok] boston_query_-Ptt76cqL8Ath-qW7aRUQw isotropic seed=9012 gain=15.863 max|d|=70.52 (no projection)
[ok] cph_query_-Q4-mvnV6y-0yK62OXn-1w direction seed=5678 gain=3.277 max|d|=52.43 (projection 16)
[ok] cph_query_-Q4-mvnV6y-0yK62OXn-1w direction_eot seed=5678 gain=2.576 max|d|=41.22 (projection 16)
[ok] cph_query_-Q4-mvnV6y-0yK62OXn-1w isotropic seed=5678 gain=15.386 max|d|=73.27 (no projection)
[ok] cph_query_-Q4-mvnV6y-0yK62OXn-1w direction seed=9012 gain=3.264 max|d|=52.22 (projection 16)
[ok] cph_query_-Q4-mvnV6y-0yK62OXn-1w direction_eot seed=9012 gain=2.585 max|d|=41.37 (projection 16)
[ok] cph_query_-Q4-mvnV6y-0yK62OXn-1w isotropic seed=9012 gain=15.674 max|d|=71.98 (no projection)
[ok] london_query_03BhnvDRczArNBQm0Qu0tQ direction seed=5678 gain=3.052 max|d|=48.83 (projection 16)
[ok] london_query_03BhnvDRczArNBQm0Qu0tQ direction_eot seed=5678 gain=2.509 max|d|=40.14 (projection 16)
[ok] london_query_03BhnvDRczArNBQm0Qu0tQ isotropic seed=5678 gain=16.097 max|d|=68.75 (no projection)
[ok] london_query_03BhnvDRczArNBQm0Qu0tQ direction seed=9012 gain=3.063 max|d|=49.01 (projection 16)
[ok] london_query_03BhnvDRczArNBQm0Qu0tQ direction_eot seed=9012 gain=2.494 max|d|=39.90 (projection 16)
[ok] london_query_03BhnvDRczArNBQm0Qu0tQ isotropic seed=9012 gain=16.089 max|d|=76.95 (no projection)
[ok] manila_query_-Tvw2ZcjPmZrmxcJ3PNHwQ direction seed=5678 gain=2.708 max|d|=43.33 (projection 16)
[ok] manila_query_-Tvw2ZcjPmZrmxcJ3PNHwQ direction_eot seed=5678 gain=2.210 max|d|=35.36 (projection 16)
[ok] manila_query_-Tvw2ZcjPmZrmxcJ3PNHwQ isotropic seed=5678 gain=15.888 max|d|=72.77 (no projection)
[ok] manila_query_-Tvw2ZcjPmZrmxcJ3PNHwQ direction seed=9012 gain=2.707 max|d|=43.31 (projection 16)
[ok] manila_query_-Tvw2ZcjPmZrmxcJ3PNHwQ direction_eot seed=9012 gain=2.248 max|d|=35.97 (projection 16)
[ok] manila_query_-Tvw2ZcjPmZrmxcJ3PNHwQ isotropic seed=9012 gain=15.807 max|d|=70.65 (no projection)
[ok] nairobi_query_3BfqchD1dC_R_VKSm6NXMQ direction seed=5678 gain=3.110 max|d|=49.77 (projection 16)
[ok] nairobi_query_3BfqchD1dC_R_VKSm6NXMQ direction_eot seed=5678 gain=2.523 max|d|=40.37 (projection 16)
[ok] nairobi_query_3BfqchD1dC_R_VKSm6NXMQ isotropic seed=5678 gain=15.549 max|d|=70.00 (no projection)
[ok] nairobi_query_3BfqchD1dC_R_VKSm6NXMQ direction seed=9012 gain=3.044 max|d|=48.70 (projection 16)
[ok] nairobi_query_3BfqchD1dC_R_VKSm6NXMQ direction_eot seed=9012 gain=2.437 max|d|=38.98 (projection 16)
[ok] nairobi_query_3BfqchD1dC_R_VKSm6NXMQ isotropic seed=9012 gain=15.543 max|d|=81.82 (no projection)
[ok] toronto_query_-J6MOLqIZtzsA-CH6ie5Cg direction seed=5678 gain=2.830 max|d|=45.28 (projection 16)
[ok] toronto_query_-J6MOLqIZtzsA-CH6ie5Cg direction_eot seed=5678 gain=2.358 max|d|=37.73 (projection 16)
[ok] toronto_query_-J6MOLqIZtzsA-CH6ie5Cg isotropic seed=5678 gain=15.942 max|d|=81.96 (no projection)
[ok] toronto_query_-J6MOLqIZtzsA-CH6ie5Cg direction seed=9012 gain=2.911 max|d|=46.57 (projection 16)
[ok] toronto_query_-J6MOLqIZtzsA-CH6ie5Cg direction_eot seed=9012 gain=2.322 max|d|=37.16 (projection 16)
[ok] toronto_query_-J6MOLqIZtzsA-CH6ie5Cg isotropic seed=9012 gain=15.896 max|d|=69.62 (no projection)
[ok] zurich_query_0Spj-pWISRRStxENII8G4A direction seed=5678 gain=2.933 max|d|=46.93 (projection 16)
[ok] zurich_query_0Spj-pWISRRStxENII8G4A direction_eot seed=5678 gain=2.352 max|d|=37.63 (projection 16)
[ok] zurich_query_0Spj-pWISRRStxENII8G4A isotropic seed=5678 gain=15.462 max|d|=75.12 (no projection)
[ok] zurich_query_0Spj-pWISRRStxENII8G4A direction seed=9012 gain=3.006 max|d|=48.10 (projection 16)
[ok] zurich_query_0Spj-pWISRRStxENII8G4A direction_eot seed=9012 gain=2.326 max|d|=37.21 (projection 16)
[ok] zurich_query_0Spj-pWISRRStxENII8G4A isotropic seed=9012 gain=15.524 max|d|=71.74 (no projection)
[ok] amman_query_23YO5CD18Cg_wG_ZhqhbQQ direction seed=5678 gain=3.343 max|d|=53.49 (projection 16)
[ok] amman_query_23YO5CD18Cg_wG_ZhqhbQQ direction_eot seed=5678 gain=2.671 max|d|=42.73 (projection 16)
[ok] amman_query_23YO5CD18Cg_wG_ZhqhbQQ isotropic seed=5678 gain=15.586 max|d|=77.76 (no projection)
[ok] amman_query_23YO5CD18Cg_wG_ZhqhbQQ direction seed=9012 gain=3.337 max|d|=53.40 (projection 16)
[ok] amman_query_23YO5CD18Cg_wG_ZhqhbQQ direction_eot seed=9012 gain=2.647 max|d|=42.36 (projection 16)
[ok] amman_query_23YO5CD18Cg_wG_ZhqhbQQ isotropic seed=9012 gain=15.592 max|d|=66.47 (no projection)
[ok] boston_query_-RyJCN_Rrfvr2l9jqadkcQ direction seed=5678 gain=3.532 max|d|=56.51 (projection 16)
[ok] boston_query_-RyJCN_Rrfvr2l9jqadkcQ direction_eot seed=5678 gain=2.936 max|d|=46.98 (projection 16)
[ok] boston_query_-RyJCN_Rrfvr2l9jqadkcQ isotropic seed=5678 gain=18.011 max|d|=79.55 (no projection)
[ok] boston_query_-RyJCN_Rrfvr2l9jqadkcQ direction seed=9012 gain=3.573 max|d|=57.16 (projection 16)
[ok] boston_query_-RyJCN_Rrfvr2l9jqadkcQ direction_eot seed=9012 gain=2.881 max|d|=46.09 (projection 16)
[ok] boston_query_-RyJCN_Rrfvr2l9jqadkcQ isotropic seed=9012 gain=18.033 max|d|=81.67 (no projection)
[ok] cph_query_-Q7samX2RjJwU9xiKFxpug direction seed=5678 gain=2.889 max|d|=46.23 (projection 16)
[ok] cph_query_-Q7samX2RjJwU9xiKFxpug direction_eot seed=5678 gain=2.308 max|d|=36.93 (projection 16)
[ok] cph_query_-Q7samX2RjJwU9xiKFxpug isotropic seed=5678 gain=15.524 max|d|=73.41 (no projection)
[ok] cph_query_-Q7samX2RjJwU9xiKFxpug direction seed=9012 gain=2.905 max|d|=46.47 (projection 16)
[ok] cph_query_-Q7samX2RjJwU9xiKFxpug direction_eot seed=9012 gain=2.304 max|d|=36.87 (projection 16)
[ok] cph_query_-Q7samX2RjJwU9xiKFxpug isotropic seed=9012 gain=15.742 max|d|=74.67 (no projection)
[ok] london_query_03VxrSUHoB-y1D50kXwi8g direction seed=5678 gain=3.029 max|d|=48.47 (projection 16)
[ok] london_query_03VxrSUHoB-y1D50kXwi8g direction_eot seed=5678 gain=2.364 max|d|=37.83 (projection 16)
[ok] london_query_03VxrSUHoB-y1D50kXwi8g isotropic seed=5678 gain=16.094 max|d|=75.55 (no projection)
[ok] london_query_03VxrSUHoB-y1D50kXwi8g direction seed=9012 gain=3.056 max|d|=48.90 (projection 16)
[ok] london_query_03VxrSUHoB-y1D50kXwi8g direction_eot seed=9012 gain=2.426 max|d|=38.82 (projection 16)
[ok] london_query_03VxrSUHoB-y1D50kXwi8g isotropic seed=9012 gain=16.094 max|d|=74.38 (no projection)
[ok] manila_query_-WlvwRIHM8K9xtN_z0FAGg direction seed=5678 gain=3.280 max|d|=52.48 (projection 16)
[ok] manila_query_-WlvwRIHM8K9xtN_z0FAGg direction_eot seed=5678 gain=2.622 max|d|=41.95 (projection 16)
[ok] manila_query_-WlvwRIHM8K9xtN_z0FAGg isotropic seed=5678 gain=15.894 max|d|=74.92 (no projection)
[ok] manila_query_-WlvwRIHM8K9xtN_z0FAGg direction seed=9012 gain=3.301 max|d|=52.82 (projection 16)
[ok] manila_query_-WlvwRIHM8K9xtN_z0FAGg direction_eot seed=9012 gain=2.504 max|d|=40.07 (projection 16)
[ok] manila_query_-WlvwRIHM8K9xtN_z0FAGg isotropic seed=9012 gain=15.866 max|d|=76.34 (no projection)
[ok] nairobi_query_3Rln3I-knaHBGe7xAH2I_Q direction seed=5678 gain=3.265 max|d|=52.25 (projection 16)
[ok] nairobi_query_3Rln3I-knaHBGe7xAH2I_Q direction_eot seed=5678 gain=2.627 max|d|=42.03 (projection 16)
[ok] nairobi_query_3Rln3I-knaHBGe7xAH2I_Q isotropic seed=5678 gain=15.897 max|d|=72.39 (no projection)
[ok] nairobi_query_3Rln3I-knaHBGe7xAH2I_Q direction seed=9012 gain=3.219 max|d|=51.50 (projection 16)
[ok] nairobi_query_3Rln3I-knaHBGe7xAH2I_Q direction_eot seed=9012 gain=2.678 max|d|=42.86 (projection 16)
[ok] nairobi_query_3Rln3I-knaHBGe7xAH2I_Q isotropic seed=9012 gain=15.928 max|d|=68.22 (no projection)
[ok] toronto_query_-JY9Ip12RNDaK_geCga4LA direction seed=5678 gain=2.986 max|d|=47.78 (projection 16)
[ok] toronto_query_-JY9Ip12RNDaK_geCga4LA direction_eot seed=5678 gain=2.419 max|d|=38.71 (projection 16)
[ok] toronto_query_-JY9Ip12RNDaK_geCga4LA isotropic seed=5678 gain=15.809 max|d|=70.32 (no projection)
[ok] toronto_query_-JY9Ip12RNDaK_geCga4LA direction seed=9012 gain=2.975 max|d|=47.60 (projection 16)
[ok] toronto_query_-JY9Ip12RNDaK_geCga4LA direction_eot seed=9012 gain=2.410 max|d|=38.56 (projection 16)
[ok] toronto_query_-JY9Ip12RNDaK_geCga4LA isotropic seed=9012 gain=15.871 max|d|=79.33 (no projection)
[ok] zurich_query_0UfO0g5oR-GfH12twjOIuw direction seed=5678 gain=2.910 max|d|=46.56 (projection 16)
[ok] zurich_query_0UfO0g5oR-GfH12twjOIuw direction_eot seed=5678 gain=2.335 max|d|=37.37 (projection 16)
[ok] zurich_query_0UfO0g5oR-GfH12twjOIuw isotropic seed=5678 gain=15.579 max|d|=67.21 (no projection)
[ok] zurich_query_0UfO0g5oR-GfH12twjOIuw direction seed=9012 gain=2.876 max|d|=46.02 (projection 16)
[ok] zurich_query_0UfO0g5oR-GfH12twjOIuw direction_eot seed=9012 gain=2.394 max|d|=38.31 (projection 16)
[ok] zurich_query_0UfO0g5oR-GfH12twjOIuw isotropic seed=9012 gain=14.684 max|d|=68.59 (no projection)
[ok] amman_query_27ZYHE_-tdmKbq7gUW9ECA direction seed=5678 gain=3.159 max|d|=50.55 (projection 16)
[ok] amman_query_27ZYHE_-tdmKbq7gUW9ECA direction_eot seed=5678 gain=2.449 max|d|=39.18 (projection 16)
[ok] amman_query_27ZYHE_-tdmKbq7gUW9ECA isotropic seed=5678 gain=15.720 max|d|=67.86 (no projection)
[ok] amman_query_27ZYHE_-tdmKbq7gUW9ECA direction seed=9012 gain=3.172 max|d|=50.74 (projection 16)
[ok] amman_query_27ZYHE_-tdmKbq7gUW9ECA direction_eot seed=9012 gain=2.547 max|d|=40.75 (projection 16)
[ok] amman_query_27ZYHE_-tdmKbq7gUW9ECA isotropic seed=9012 gain=15.666 max|d|=71.59 (no projection)
[ok] boston_query_-TMAMMmIqQ4AQA3YI-YOHg direction seed=5678 gain=3.191 max|d|=51.06 (projection 16)
[ok] boston_query_-TMAMMmIqQ4AQA3YI-YOHg direction_eot seed=5678 gain=2.515 max|d|=40.24 (projection 16)
[ok] boston_query_-TMAMMmIqQ4AQA3YI-YOHg isotropic seed=5678 gain=15.842 max|d|=79.45 (no projection)
[ok] boston_query_-TMAMMmIqQ4AQA3YI-YOHg direction seed=9012 gain=3.174 max|d|=50.78 (projection 16)
[ok] boston_query_-TMAMMmIqQ4AQA3YI-YOHg direction_eot seed=9012 gain=2.533 max|d|=40.52 (projection 16)
[ok] boston_query_-TMAMMmIqQ4AQA3YI-YOHg isotropic seed=9012 gain=15.757 max|d|=72.89 (no projection)
[ok] cph_query_-R9cTkYMNbXlglFeWCXtMg direction seed=5678 gain=3.315 max|d|=53.04 (projection 16)
[ok] cph_query_-R9cTkYMNbXlglFeWCXtMg direction_eot seed=5678 gain=2.485 max|d|=39.76 (projection 16)
[ok] cph_query_-R9cTkYMNbXlglFeWCXtMg isotropic seed=5678 gain=15.789 max|d|=73.93 (no projection)
[ok] cph_query_-R9cTkYMNbXlglFeWCXtMg direction seed=9012 gain=3.335 max|d|=53.36 (projection 16)
[ok] cph_query_-R9cTkYMNbXlglFeWCXtMg direction_eot seed=9012 gain=2.749 max|d|=43.98 (projection 16)
[ok] cph_query_-R9cTkYMNbXlglFeWCXtMg isotropic seed=9012 gain=15.767 max|d|=74.41 (no projection)
[ok] london_query_06tRsqVA7nx5PgabbPdu4w direction seed=5678 gain=2.855 max|d|=45.69 (projection 16)
[ok] london_query_06tRsqVA7nx5PgabbPdu4w direction_eot seed=5678 gain=2.332 max|d|=37.32 (projection 16)
[ok] london_query_06tRsqVA7nx5PgabbPdu4w isotropic seed=5678 gain=16.084 max|d|=76.11 (no projection)
[ok] london_query_06tRsqVA7nx5PgabbPdu4w direction seed=9012 gain=2.949 max|d|=47.18 (projection 16)
[ok] london_query_06tRsqVA7nx5PgabbPdu4w direction_eot seed=9012 gain=2.335 max|d|=37.36 (projection 16)
[ok] london_query_06tRsqVA7nx5PgabbPdu4w isotropic seed=9012 gain=16.093 max|d|=74.61 (no projection)
[ok] manila_query_-WuLHZxOTWuUgVSb36RTng direction seed=5678 gain=2.993 max|d|=47.90 (projection 16)
[ok] manila_query_-WuLHZxOTWuUgVSb36RTng direction_eot seed=5678 gain=2.405 max|d|=38.48 (projection 16)
[ok] manila_query_-WuLHZxOTWuUgVSb36RTng isotropic seed=5678 gain=15.884 max|d|=72.30 (no projection)
[ok] manila_query_-WuLHZxOTWuUgVSb36RTng direction seed=9012 gain=2.979 max|d|=47.66 (projection 16)
[ok] manila_query_-WuLHZxOTWuUgVSb36RTng direction_eot seed=9012 gain=2.413 max|d|=38.61 (projection 16)
[ok] manila_query_-WuLHZxOTWuUgVSb36RTng isotropic seed=9012 gain=15.941 max|d|=71.84 (no projection)
[ok] nairobi_query_3Thql5xEy0LYu4bdux1icw direction seed=5678 gain=3.254 max|d|=52.06 (projection 16)
[ok] nairobi_query_3Thql5xEy0LYu4bdux1icw direction_eot seed=5678 gain=2.540 max|d|=40.64 (projection 16)
[ok] nairobi_query_3Thql5xEy0LYu4bdux1icw isotropic seed=5678 gain=15.557 max|d|=68.27 (no projection)
[ok] nairobi_query_3Thql5xEy0LYu4bdux1icw direction seed=9012 gain=3.198 max|d|=51.16 (projection 16)
[ok] nairobi_query_3Thql5xEy0LYu4bdux1icw direction_eot seed=9012 gain=2.556 max|d|=40.90 (projection 16)
[ok] nairobi_query_3Thql5xEy0LYu4bdux1icw isotropic seed=9012 gain=15.573 max|d|=77.97 (no projection)
[ok] toronto_query_-K6Ci0V3ZYp50_DrMghntA direction seed=5678 gain=2.666 max|d|=42.65 (projection 16)
[ok] toronto_query_-K6Ci0V3ZYp50_DrMghntA direction_eot seed=5678 gain=2.100 max|d|=33.60 (projection 16)
[ok] toronto_query_-K6Ci0V3ZYp50_DrMghntA isotropic seed=5678 gain=15.015 max|d|=69.99 (no projection)
[ok] toronto_query_-K6Ci0V3ZYp50_DrMghntA direction seed=9012 gain=2.588 max|d|=41.41 (projection 16)
[ok] toronto_query_-K6Ci0V3ZYp50_DrMghntA direction_eot seed=9012 gain=2.104 max|d|=33.67 (projection 16)
[ok] toronto_query_-K6Ci0V3ZYp50_DrMghntA isotropic seed=9012 gain=15.136 max|d|=73.70 (no projection)
[ok] zurich_query_0W_6dskxdNPlCJnX9EhmZA direction seed=5678 gain=3.138 max|d|=50.21 (projection 16)
[ok] zurich_query_0W_6dskxdNPlCJnX9EhmZA direction_eot seed=5678 gain=2.498 max|d|=39.97 (projection 16)
[ok] zurich_query_0W_6dskxdNPlCJnX9EhmZA isotropic seed=5678 gain=15.780 max|d|=75.34 (no projection)
[ok] zurich_query_0W_6dskxdNPlCJnX9EhmZA direction seed=9012 gain=3.131 max|d|=50.10 (projection 16)
[ok] zurich_query_0W_6dskxdNPlCJnX9EhmZA direction_eot seed=9012 gain=2.494 max|d|=39.90 (projection 16)
[ok] zurich_query_0W_6dskxdNPlCJnX9EhmZA isotropic seed=9012 gain=15.375 max|d|=70.56 (no projection)
[ok] amman_query_29zY5U3MUbO3wTjTTKF93w direction seed=5678 gain=2.822 max|d|=45.15 (projection 16)
[ok] amman_query_29zY5U3MUbO3wTjTTKF93w direction_eot seed=5678 gain=2.321 max|d|=37.13 (projection 16)
[ok] amman_query_29zY5U3MUbO3wTjTTKF93w isotropic seed=5678 gain=15.633 max|d|=76.42 (no projection)
[ok] amman_query_29zY5U3MUbO3wTjTTKF93w direction seed=9012 gain=2.811 max|d|=44.98 (projection 16)
[ok] amman_query_29zY5U3MUbO3wTjTTKF93w direction_eot seed=9012 gain=2.333 max|d|=37.33 (projection 16)
[ok] amman_query_29zY5U3MUbO3wTjTTKF93w isotropic seed=9012 gain=15.645 max|d|=71.84 (no projection)
[ok] boston_query_-U0JJudMztDrvqfppyEl9A direction seed=5678 gain=3.513 max|d|=56.22 (projection 16)
[ok] boston_query_-U0JJudMztDrvqfppyEl9A direction_eot seed=5678 gain=2.909 max|d|=46.54 (projection 16)
[ok] boston_query_-U0JJudMztDrvqfppyEl9A isotropic seed=5678 gain=17.268 max|d|=85.00 (no projection)
[ok] boston_query_-U0JJudMztDrvqfppyEl9A direction seed=9012 gain=3.512 max|d|=56.19 (projection 16)
[ok] boston_query_-U0JJudMztDrvqfppyEl9A direction_eot seed=9012 gain=2.822 max|d|=45.15 (projection 16)
[ok] boston_query_-U0JJudMztDrvqfppyEl9A isotropic seed=9012 gain=16.060 max|d|=74.09 (no projection)
[ok] cph_query_-To5emQUYvNlwdgB1hEVfQ direction seed=5678 gain=3.188 max|d|=51.00 (projection 16)
[ok] cph_query_-To5emQUYvNlwdgB1hEVfQ direction_eot seed=5678 gain=2.537 max|d|=40.58 (projection 16)
[ok] cph_query_-To5emQUYvNlwdgB1hEVfQ isotropic seed=5678 gain=15.057 max|d|=70.76 (no projection)
[ok] cph_query_-To5emQUYvNlwdgB1hEVfQ direction seed=9012 gain=3.147 max|d|=50.35 (projection 16)
[ok] cph_query_-To5emQUYvNlwdgB1hEVfQ direction_eot seed=9012 gain=2.563 max|d|=41.01 (projection 16)
[ok] cph_query_-To5emQUYvNlwdgB1hEVfQ isotropic seed=9012 gain=15.613 max|d|=72.46 (no projection)
[ok] london_query_07Mt7j9hZm17z2pXB3QAXA direction seed=5678 gain=3.120 max|d|=49.92 (projection 16)
[ok] london_query_07Mt7j9hZm17z2pXB3QAXA direction_eot seed=5678 gain=2.530 max|d|=40.48 (projection 16)
[ok] london_query_07Mt7j9hZm17z2pXB3QAXA isotropic seed=5678 gain=16.231 max|d|=68.15 (no projection)
[ok] london_query_07Mt7j9hZm17z2pXB3QAXA direction seed=9012 gain=3.154 max|d|=50.46 (projection 16)
[ok] london_query_07Mt7j9hZm17z2pXB3QAXA direction_eot seed=9012 gain=2.534 max|d|=40.55 (projection 16)
[ok] london_query_07Mt7j9hZm17z2pXB3QAXA isotropic seed=9012 gain=15.561 max|d|=74.43 (no projection)
[ok] manila_query_-YADzGuflGFk0TrwgbgGQA direction seed=5678 gain=3.213 max|d|=51.40 (projection 16)
[ok] manila_query_-YADzGuflGFk0TrwgbgGQA direction_eot seed=5678 gain=2.521 max|d|=40.34 (projection 16)
[ok] manila_query_-YADzGuflGFk0TrwgbgGQA isotropic seed=5678 gain=16.167 max|d|=76.06 (no projection)
[ok] manila_query_-YADzGuflGFk0TrwgbgGQA direction seed=9012 gain=3.198 max|d|=51.17 (projection 16)
[ok] manila_query_-YADzGuflGFk0TrwgbgGQA direction_eot seed=9012 gain=2.537 max|d|=40.59 (projection 16)
[ok] manila_query_-YADzGuflGFk0TrwgbgGQA isotropic seed=9012 gain=16.132 max|d|=69.83 (no projection)
[ok] nairobi_query_3VEngLiRuIRlzTCHOPvAqA direction seed=5678 gain=3.417 max|d|=54.67 (projection 16)
[ok] nairobi_query_3VEngLiRuIRlzTCHOPvAqA direction_eot seed=5678 gain=2.625 max|d|=41.99 (projection 16)
[ok] nairobi_query_3VEngLiRuIRlzTCHOPvAqA isotropic seed=5678 gain=16.332 max|d|=79.29 (no projection)
[ok] nairobi_query_3VEngLiRuIRlzTCHOPvAqA direction seed=9012 gain=3.374 max|d|=53.98 (projection 16)
[ok] nairobi_query_3VEngLiRuIRlzTCHOPvAqA direction_eot seed=9012 gain=2.650 max|d|=42.40 (projection 16)
[ok] nairobi_query_3VEngLiRuIRlzTCHOPvAqA isotropic seed=9012 gain=14.923 max|d|=71.46 (no projection)
[ok] toronto_query_-KU5g574x3Cah05LVtG_Pw direction seed=5678 gain=3.044 max|d|=48.71 (projection 16)
[ok] toronto_query_-KU5g574x3Cah05LVtG_Pw direction_eot seed=5678 gain=2.393 max|d|=38.28 (projection 16)
[ok] toronto_query_-KU5g574x3Cah05LVtG_Pw isotropic seed=5678 gain=15.698 max|d|=72.84 (no projection)
[ok] toronto_query_-KU5g574x3Cah05LVtG_Pw direction seed=9012 gain=3.048 max|d|=48.76 (projection 16)
[ok] toronto_query_-KU5g574x3Cah05LVtG_Pw direction_eot seed=9012 gain=2.485 max|d|=39.77 (projection 16)
[ok] toronto_query_-KU5g574x3Cah05LVtG_Pw isotropic seed=9012 gain=15.642 max|d|=70.39 (no projection)
[ok] zurich_query_0YqWIRNZbPyTmppf5ZjyMw direction seed=5678 gain=3.107 max|d|=49.72 (projection 16)
[ok] zurich_query_0YqWIRNZbPyTmppf5ZjyMw direction_eot seed=5678 gain=2.437 max|d|=39.00 (projection 16)
[ok] zurich_query_0YqWIRNZbPyTmppf5ZjyMw isotropic seed=5678 gain=15.484 max|d|=70.38 (no projection)
[ok] zurich_query_0YqWIRNZbPyTmppf5ZjyMw direction seed=9012 gain=3.101 max|d|=49.61 (projection 16)
[ok] zurich_query_0YqWIRNZbPyTmppf5ZjyMw direction_eot seed=9012 gain=2.451 max|d|=39.22 (projection 16)
[ok] zurich_query_0YqWIRNZbPyTmppf5ZjyMw isotropic seed=9012 gain=13.914 max|d|=71.76 (no projection)
[ok] amman_query_2E9XDGy6VTetR1O15tILdw direction seed=5678 gain=3.128 max|d|=50.05 (projection 16)
[ok] amman_query_2E9XDGy6VTetR1O15tILdw direction_eot seed=5678 gain=2.518 max|d|=40.28 (projection 16)
[ok] amman_query_2E9XDGy6VTetR1O15tILdw isotropic seed=5678 gain=15.587 max|d|=71.79 (no projection)
[ok] amman_query_2E9XDGy6VTetR1O15tILdw direction seed=9012 gain=3.110 max|d|=49.76 (projection 16)
[ok] amman_query_2E9XDGy6VTetR1O15tILdw direction_eot seed=9012 gain=2.557 max|d|=40.91 (projection 16)
[ok] amman_query_2E9XDGy6VTetR1O15tILdw isotropic seed=9012 gain=15.566 max|d|=71.72 (no projection)
[ok] boston_query_-U_cmO4sMoYmoNbCPpMXWw direction seed=5678 gain=2.995 max|d|=47.92 (projection 16)
[ok] boston_query_-U_cmO4sMoYmoNbCPpMXWw direction_eot seed=5678 gain=2.406 max|d|=38.50 (projection 16)
[ok] boston_query_-U_cmO4sMoYmoNbCPpMXWw isotropic seed=5678 gain=16.014 max|d|=67.42 (no projection)
[ok] boston_query_-U_cmO4sMoYmoNbCPpMXWw direction seed=9012 gain=2.896 max|d|=46.33 (projection 16)
[ok] boston_query_-U_cmO4sMoYmoNbCPpMXWw direction_eot seed=9012 gain=2.433 max|d|=38.92 (projection 16)
[ok] boston_query_-U_cmO4sMoYmoNbCPpMXWw isotropic seed=9012 gain=16.065 max|d|=89.76 (no projection)
[ok] cph_query_-UByBh5hYhNn4_dsHy73aA direction seed=5678 gain=2.964 max|d|=47.43 (projection 16)
[ok] cph_query_-UByBh5hYhNn4_dsHy73aA direction_eot seed=5678 gain=2.354 max|d|=37.66 (projection 16)
[ok] cph_query_-UByBh5hYhNn4_dsHy73aA isotropic seed=5678 gain=15.845 max|d|=74.77 (no projection)
[ok] cph_query_-UByBh5hYhNn4_dsHy73aA direction seed=9012 gain=2.947 max|d|=47.14 (projection 16)
[ok] cph_query_-UByBh5hYhNn4_dsHy73aA direction_eot seed=9012 gain=2.341 max|d|=37.46 (projection 16)
[ok] cph_query_-UByBh5hYhNn4_dsHy73aA isotropic seed=9012 gain=13.072 max|d|=68.87 (no projection)
[ok] london_query_07oSFXlZ9SfPsHwsEZQFtA direction seed=5678 gain=2.898 max|d|=46.36 (projection 16)
[ok] london_query_07oSFXlZ9SfPsHwsEZQFtA direction_eot seed=5678 gain=2.322 max|d|=37.15 (projection 16)
[ok] london_query_07oSFXlZ9SfPsHwsEZQFtA isotropic seed=5678 gain=15.635 max|d|=71.66 (no projection)
[ok] london_query_07oSFXlZ9SfPsHwsEZQFtA direction seed=9012 gain=2.942 max|d|=47.07 (projection 16)
[ok] london_query_07oSFXlZ9SfPsHwsEZQFtA direction_eot seed=9012 gain=2.282 max|d|=36.52 (projection 16)
[ok] london_query_07oSFXlZ9SfPsHwsEZQFtA isotropic seed=9012 gain=15.169 max|d|=69.67 (no projection)
[ok] manila_query_-YswrllPgEq1Q_LYD0mD0A direction seed=5678 gain=2.933 max|d|=46.93 (projection 16)
[ok] manila_query_-YswrllPgEq1Q_LYD0mD0A direction_eot seed=5678 gain=2.450 max|d|=39.21 (projection 16)
[ok] manila_query_-YswrllPgEq1Q_LYD0mD0A isotropic seed=5678 gain=16.461 max|d|=72.10 (no projection)
[ok] manila_query_-YswrllPgEq1Q_LYD0mD0A direction seed=9012 gain=2.895 max|d|=46.32 (projection 16)
[ok] manila_query_-YswrllPgEq1Q_LYD0mD0A direction_eot seed=9012 gain=2.430 max|d|=38.89 (projection 16)
[ok] manila_query_-YswrllPgEq1Q_LYD0mD0A isotropic seed=9012 gain=16.751 max|d|=78.22 (no projection)
[ok] nairobi_query_3sAf0a7Z9MFOX5NACNEfkA direction seed=5678 gain=3.401 max|d|=54.41 (projection 16)
[ok] nairobi_query_3sAf0a7Z9MFOX5NACNEfkA direction_eot seed=5678 gain=2.673 max|d|=42.76 (projection 16)
[ok] nairobi_query_3sAf0a7Z9MFOX5NACNEfkA isotropic seed=5678 gain=16.371 max|d|=71.69 (no projection)
[ok] nairobi_query_3sAf0a7Z9MFOX5NACNEfkA direction seed=9012 gain=3.404 max|d|=54.46 (projection 16)
[ok] nairobi_query_3sAf0a7Z9MFOX5NACNEfkA direction_eot seed=9012 gain=2.615 max|d|=41.84 (projection 16)
[ok] nairobi_query_3sAf0a7Z9MFOX5NACNEfkA isotropic seed=9012 gain=15.610 max|d|=72.62 (no projection)
[ok] toronto_query_-L3Zos1U2E6AA3-ZO_eESA direction seed=5678 gain=3.154 max|d|=50.46 (projection 16)
[ok] toronto_query_-L3Zos1U2E6AA3-ZO_eESA direction_eot seed=5678 gain=2.535 max|d|=40.56 (projection 16)
[ok] toronto_query_-L3Zos1U2E6AA3-ZO_eESA isotropic seed=5678 gain=16.253 max|d|=70.18 (no projection)
[ok] toronto_query_-L3Zos1U2E6AA3-ZO_eESA direction seed=9012 gain=3.181 max|d|=50.89 (projection 16)
[ok] toronto_query_-L3Zos1U2E6AA3-ZO_eESA direction_eot seed=9012 gain=2.531 max|d|=40.50 (projection 16)
[ok] toronto_query_-L3Zos1U2E6AA3-ZO_eESA isotropic seed=9012 gain=16.185 max|d|=73.64 (no projection)
[ok] zurich_query_0eG9-83f-Xafie9_84fDbg direction seed=5678 gain=2.848 max|d|=45.57 (projection 16)
[ok] zurich_query_0eG9-83f-Xafie9_84fDbg direction_eot seed=5678 gain=2.304 max|d|=36.86 (projection 16)
[ok] zurich_query_0eG9-83f-Xafie9_84fDbg isotropic seed=5678 gain=15.661 max|d|=71.66 (no projection)
[ok] zurich_query_0eG9-83f-Xafie9_84fDbg direction seed=9012 gain=2.816 max|d|=45.05 (projection 16)
[ok] zurich_query_0eG9-83f-Xafie9_84fDbg direction_eot seed=9012 gain=2.297 max|d|=36.76 (projection 16)
[ok] zurich_query_0eG9-83f-Xafie9_84fDbg isotropic seed=9012 gain=15.688 max|d|=68.40 (no projection)
[ok] amman_query_2WNEczYwDdZlHE_2nYlE-A direction seed=5678 gain=2.837 max|d|=45.39 (projection 16)
[ok] amman_query_2WNEczYwDdZlHE_2nYlE-A direction_eot seed=5678 gain=2.273 max|d|=36.37 (projection 16)
[ok] amman_query_2WNEczYwDdZlHE_2nYlE-A isotropic seed=5678 gain=15.627 max|d|=75.24 (no projection)
[ok] amman_query_2WNEczYwDdZlHE_2nYlE-A direction seed=9012 gain=2.868 max|d|=45.89 (projection 16)
[ok] amman_query_2WNEczYwDdZlHE_2nYlE-A direction_eot seed=9012 gain=2.328 max|d|=37.25 (projection 16)
[ok] amman_query_2WNEczYwDdZlHE_2nYlE-A isotropic seed=9012 gain=15.676 max|d|=68.12 (no projection)
[ok] boston_query_-VHXaQ_dj_14O-Bcn3u7zA direction seed=5678 gain=3.261 max|d|=52.17 (projection 16)
[ok] boston_query_-VHXaQ_dj_14O-Bcn3u7zA direction_eot seed=5678 gain=2.591 max|d|=41.45 (projection 16)
[ok] boston_query_-VHXaQ_dj_14O-Bcn3u7zA isotropic seed=5678 gain=16.063 max|d|=73.08 (no projection)
[ok] boston_query_-VHXaQ_dj_14O-Bcn3u7zA direction seed=9012 gain=3.256 max|d|=52.09 (projection 16)
[ok] boston_query_-VHXaQ_dj_14O-Bcn3u7zA direction_eot seed=9012 gain=2.589 max|d|=41.43 (projection 16)
[ok] boston_query_-VHXaQ_dj_14O-Bcn3u7zA isotropic seed=9012 gain=15.841 max|d|=76.28 (no projection)
[ok] cph_query_-UO7OuMXuwPBrMEXSsFhNA direction seed=5678 gain=3.322 max|d|=53.16 (projection 16)
[ok] cph_query_-UO7OuMXuwPBrMEXSsFhNA direction_eot seed=5678 gain=2.594 max|d|=41.50 (projection 16)
[ok] cph_query_-UO7OuMXuwPBrMEXSsFhNA isotropic seed=5678 gain=15.782 max|d|=81.92 (no projection)
[ok] cph_query_-UO7OuMXuwPBrMEXSsFhNA direction seed=9012 gain=3.293 max|d|=52.68 (projection 16)
[ok] cph_query_-UO7OuMXuwPBrMEXSsFhNA direction_eot seed=9012 gain=2.603 max|d|=41.64 (projection 16)
[ok] cph_query_-UO7OuMXuwPBrMEXSsFhNA isotropic seed=9012 gain=15.841 max|d|=73.41 (no projection)
[ok] london_query_08wp6QepyximP9UuP-ijLg direction seed=5678 gain=3.112 max|d|=49.79 (projection 16)
[ok] london_query_08wp6QepyximP9UuP-ijLg direction_eot seed=5678 gain=2.453 max|d|=39.25 (projection 16)
[ok] london_query_08wp6QepyximP9UuP-ijLg isotropic seed=5678 gain=15.851 max|d|=75.70 (no projection)
[ok] london_query_08wp6QepyximP9UuP-ijLg direction seed=9012 gain=3.067 max|d|=49.07 (projection 16)
[ok] london_query_08wp6QepyximP9UuP-ijLg direction_eot seed=9012 gain=2.576 max|d|=41.22 (projection 16)
[ok] london_query_08wp6QepyximP9UuP-ijLg isotropic seed=9012 gain=15.882 max|d|=68.33 (no projection)
[ok] manila_query_-Z3CXTi1QhF_Ste8t8vrJA direction seed=5678 gain=3.136 max|d|=50.17 (projection 16)
[ok] manila_query_-Z3CXTi1QhF_Ste8t8vrJA direction_eot seed=5678 gain=2.525 max|d|=40.40 (projection 16)
[ok] manila_query_-Z3CXTi1QhF_Ste8t8vrJA isotropic seed=5678 gain=16.645 max|d|=72.94 (no projection)
[ok] manila_query_-Z3CXTi1QhF_Ste8t8vrJA direction seed=9012 gain=3.127 max|d|=50.03 (projection 16)
[ok] manila_query_-Z3CXTi1QhF_Ste8t8vrJA direction_eot seed=9012 gain=2.547 max|d|=40.74 (projection 16)
[ok] manila_query_-Z3CXTi1QhF_Ste8t8vrJA isotropic seed=9012 gain=15.747 max|d|=68.44 (no projection)
[ok] nairobi_query_3vVoHZDD0-kVhbBxDTYEjw direction seed=5678 gain=3.223 max|d|=51.57 (projection 16)
[ok] nairobi_query_3vVoHZDD0-kVhbBxDTYEjw direction_eot seed=5678 gain=2.508 max|d|=40.13 (projection 16)
[ok] nairobi_query_3vVoHZDD0-kVhbBxDTYEjw isotropic seed=5678 gain=16.073 max|d|=73.73 (no projection)
[ok] nairobi_query_3vVoHZDD0-kVhbBxDTYEjw direction seed=9012 gain=3.220 max|d|=51.51 (projection 16)
[ok] nairobi_query_3vVoHZDD0-kVhbBxDTYEjw direction_eot seed=9012 gain=2.466 max|d|=39.45 (projection 16)
[ok] nairobi_query_3vVoHZDD0-kVhbBxDTYEjw isotropic seed=9012 gain=15.601 max|d|=75.13 (no projection)
[ok] toronto_query_-LZN7DIyP80uvFh2O8KVXw direction seed=5678 gain=3.134 max|d|=50.14 (projection 16)
[ok] toronto_query_-LZN7DIyP80uvFh2O8KVXw direction_eot seed=5678 gain=2.466 max|d|=39.46 (projection 16)
[ok] toronto_query_-LZN7DIyP80uvFh2O8KVXw isotropic seed=5678 gain=15.761 max|d|=73.59 (no projection)
[ok] toronto_query_-LZN7DIyP80uvFh2O8KVXw direction seed=9012 gain=3.132 max|d|=50.11 (projection 16)
[ok] toronto_query_-LZN7DIyP80uvFh2O8KVXw direction_eot seed=9012 gain=2.403 max|d|=38.44 (projection 16)
[ok] toronto_query_-LZN7DIyP80uvFh2O8KVXw isotropic seed=9012 gain=15.770 max|d|=78.89 (no projection)
[ok] zurich_query_0g61-9tYhD3Y5qh7eiB92g direction seed=5678 gain=3.136 max|d|=50.18 (projection 16)
[ok] zurich_query_0g61-9tYhD3Y5qh7eiB92g direction_eot seed=5678 gain=2.468 max|d|=39.48 (projection 16)
[ok] zurich_query_0g61-9tYhD3Y5qh7eiB92g isotropic seed=5678 gain=15.998 max|d|=73.27 (no projection)
[ok] zurich_query_0g61-9tYhD3Y5qh7eiB92g direction seed=9012 gain=3.169 max|d|=50.71 (projection 16)
[ok] zurich_query_0g61-9tYhD3Y5qh7eiB92g direction_eot seed=9012 gain=2.540 max|d|=40.64 (projection 16)
[ok] zurich_query_0g61-9tYhD3Y5qh7eiB92g isotropic seed=9012 gain=15.924 max|d|=71.17 (no projection)
[ok] amman_query_2amxr5vdbo4jgViAEELT_Q direction seed=5678 gain=3.245 max|d|=51.91 (projection 16)
[ok] amman_query_2amxr5vdbo4jgViAEELT_Q direction_eot seed=5678 gain=2.607 max|d|=41.71 (projection 16)
[ok] amman_query_2amxr5vdbo4jgViAEELT_Q isotropic seed=5678 gain=15.981 max|d|=68.05 (no projection)
[ok] amman_query_2amxr5vdbo4jgViAEELT_Q direction seed=9012 gain=3.257 max|d|=52.12 (projection 16)
[ok] amman_query_2amxr5vdbo4jgViAEELT_Q direction_eot seed=9012 gain=2.576 max|d|=41.22 (projection 16)
[ok] amman_query_2amxr5vdbo4jgViAEELT_Q isotropic seed=9012 gain=15.969 max|d|=73.54 (no projection)
[ok] boston_query_-WNRbaGc8Yukh-LWnRNe5O direction seed=5678 gain=3.115 max|d|=49.83 (projection 16)
[ok] boston_query_-WNRbaGc8Yukh-LWnRNe5O direction_eot seed=5678 gain=2.546 max|d|=40.74 (projection 16)
[ok] boston_query_-WNRbaGc8Yukh-LWnRNe5O isotropic seed=5678 gain=15.686 max|d|=71.82 (no projection)
[ok] boston_query_-WNRbaGc8Yukh-LWnRNe5O direction seed=9012 gain=3.175 max|d|=50.80 (projection 16)
[ok] boston_query_-WNRbaGc8Yukh-LWnRNe5O direction_eot seed=9012 gain=2.489 max|d|=39.82 (projection 16)
[ok] boston_query_-WNRbaGc8Yukh-LWnRNe5O isotropic seed=9012 gain=15.863 max|d|=72.64 (no projection)
[ok] cph_query_-V4aUy1yd0AbFfY-xX0BAg direction seed=5678 gain=2.964 max|d|=47.42 (projection 16)
[ok] cph_query_-V4aUy1yd0AbFfY-xX0BAg direction_eot seed=5678 gain=2.419 max|d|=38.71 (projection 16)
[ok] cph_query_-V4aUy1yd0AbFfY-xX0BAg isotropic seed=5678 gain=15.937 max|d|=74.07 (no projection)
[ok] cph_query_-V4aUy1yd0AbFfY-xX0BAg direction seed=9012 gain=2.993 max|d|=47.89 (projection 16)
[ok] cph_query_-V4aUy1yd0AbFfY-xX0BAg direction_eot seed=9012 gain=2.447 max|d|=39.15 (projection 16)
[ok] cph_query_-V4aUy1yd0AbFfY-xX0BAg isotropic seed=9012 gain=15.891 max|d|=74.98 (no projection)
[ok] london_query_09P-tDZlSTWY4XNCcRZ_-g direction seed=5678 gain=3.196 max|d|=51.14 (projection 16)
[ok] london_query_09P-tDZlSTWY4XNCcRZ_-g direction_eot seed=5678 gain=2.562 max|d|=40.98 (projection 16)
[ok] london_query_09P-tDZlSTWY4XNCcRZ_-g isotropic seed=5678 gain=15.940 max|d|=73.33 (no projection)
[ok] london_query_09P-tDZlSTWY4XNCcRZ_-g direction seed=9012 gain=3.181 max|d|=50.89 (projection 16)
[ok] london_query_09P-tDZlSTWY4XNCcRZ_-g direction_eot seed=9012 gain=2.530 max|d|=40.48 (projection 16)
[ok] london_query_09P-tDZlSTWY4XNCcRZ_-g isotropic seed=9012 gain=15.935 max|d|=69.37 (no projection)
[ok] manila_query_-ZbYcdqL0C0ximLGFEriNA direction seed=5678 gain=2.868 max|d|=45.88 (projection 16)
[ok] manila_query_-ZbYcdqL0C0ximLGFEriNA direction_eot seed=5678 gain=2.353 max|d|=37.65 (projection 16)
[ok] manila_query_-ZbYcdqL0C0ximLGFEriNA isotropic seed=5678 gain=16.137 max|d|=69.35 (no projection)
[ok] manila_query_-ZbYcdqL0C0ximLGFEriNA direction seed=9012 gain=2.880 max|d|=46.08 (projection 16)
[ok] manila_query_-ZbYcdqL0C0ximLGFEriNA direction_eot seed=9012 gain=2.348 max|d|=37.56 (projection 16)
[ok] manila_query_-ZbYcdqL0C0ximLGFEriNA isotropic seed=9012 gain=16.096 max|d|=71.09 (no projection)
[ok] nairobi_query_3zSInmaUjlNkUR45dqrSLg direction seed=5678 gain=3.157 max|d|=50.51 (projection 16)
[ok] nairobi_query_3zSInmaUjlNkUR45dqrSLg direction_eot seed=5678 gain=2.490 max|d|=39.84 (projection 16)
[ok] nairobi_query_3zSInmaUjlNkUR45dqrSLg isotropic seed=5678 gain=15.715 max|d|=84.42 (no projection)
[ok] nairobi_query_3zSInmaUjlNkUR45dqrSLg direction seed=9012 gain=3.204 max|d|=51.26 (projection 16)
[ok] nairobi_query_3zSInmaUjlNkUR45dqrSLg direction_eot seed=9012 gain=2.551 max|d|=40.82 (projection 16)
[ok] nairobi_query_3zSInmaUjlNkUR45dqrSLg isotropic seed=9012 gain=16.210 max|d|=74.49 (no projection)
[ok] toronto_query_-M3eMqHp0OhecS-hoh58aQ direction seed=5678 gain=3.090 max|d|=49.45 (projection 16)
[ok] toronto_query_-M3eMqHp0OhecS-hoh58aQ direction_eot seed=5678 gain=2.413 max|d|=38.61 (projection 16)
[ok] toronto_query_-M3eMqHp0OhecS-hoh58aQ isotropic seed=5678 gain=15.614 max|d|=70.37 (no projection)
[ok] toronto_query_-M3eMqHp0OhecS-hoh58aQ direction seed=9012 gain=3.078 max|d|=49.25 (projection 16)
[ok] toronto_query_-M3eMqHp0OhecS-hoh58aQ direction_eot seed=9012 gain=2.488 max|d|=39.81 (projection 16)
[ok] toronto_query_-M3eMqHp0OhecS-hoh58aQ isotropic seed=9012 gain=15.604 max|d|=70.59 (no projection)
[ok] zurich_query_0gHh8OHgmM804LVr0Ocrag direction seed=5678 gain=3.139 max|d|=50.22 (projection 16)
[ok] zurich_query_0gHh8OHgmM804LVr0Ocrag direction_eot seed=5678 gain=2.498 max|d|=39.97 (projection 16)
[ok] zurich_query_0gHh8OHgmM804LVr0Ocrag isotropic seed=5678 gain=15.730 max|d|=67.38 (no projection)
[ok] zurich_query_0gHh8OHgmM804LVr0Ocrag direction seed=9012 gain=3.126 max|d|=50.01 (projection 16)
[ok] zurich_query_0gHh8OHgmM804LVr0Ocrag direction_eot seed=9012 gain=2.524 max|d|=40.38 (projection 16)
[ok] zurich_query_0gHh8OHgmM804LVr0Ocrag isotropic seed=9012 gain=13.881 max|d|=67.64 (no projection)
[ok] amman_query_2ar5B6f1xOYuU4wn7CLEJg direction seed=5678 gain=2.815 max|d|=45.04 (projection 16)
[ok] amman_query_2ar5B6f1xOYuU4wn7CLEJg direction_eot seed=5678 gain=2.239 max|d|=35.82 (projection 16)
[ok] amman_query_2ar5B6f1xOYuU4wn7CLEJg isotropic seed=5678 gain=13.966 max|d|=69.95 (no projection)
[ok] amman_query_2ar5B6f1xOYuU4wn7CLEJg direction seed=9012 gain=2.832 max|d|=45.31 (projection 16)
[ok] amman_query_2ar5B6f1xOYuU4wn7CLEJg direction_eot seed=9012 gain=2.324 max|d|=37.18 (projection 16)
[ok] amman_query_2ar5B6f1xOYuU4wn7CLEJg isotropic seed=9012 gain=15.646 max|d|=66.65 (no projection)
[ok] boston_query_-XLBZG628HbrD4FlfLBryQ direction seed=5678 gain=3.124 max|d|=49.98 (projection 16)
[ok] boston_query_-XLBZG628HbrD4FlfLBryQ direction_eot seed=5678 gain=2.481 max|d|=39.70 (projection 16)
[ok] boston_query_-XLBZG628HbrD4FlfLBryQ isotropic seed=5678 gain=15.190 max|d|=67.02 (no projection)
[ok] boston_query_-XLBZG628HbrD4FlfLBryQ direction seed=9012 gain=3.091 max|d|=49.46 (projection 16)
[ok] boston_query_-XLBZG628HbrD4FlfLBryQ direction_eot seed=9012 gain=2.412 max|d|=38.59 (projection 16)
[ok] boston_query_-XLBZG628HbrD4FlfLBryQ isotropic seed=9012 gain=14.701 max|d|=71.32 (no projection)
[ok] cph_query_-VfD_cIsQvsNIbCy3tCgQQ direction seed=5678 gain=2.910 max|d|=46.56 (projection 16)
[ok] cph_query_-VfD_cIsQvsNIbCy3tCgQQ direction_eot seed=5678 gain=2.392 max|d|=38.27 (projection 16)
[ok] cph_query_-VfD_cIsQvsNIbCy3tCgQQ isotropic seed=5678 gain=15.647 max|d|=70.73 (no projection)
[ok] cph_query_-VfD_cIsQvsNIbCy3tCgQQ direction seed=9012 gain=2.976 max|d|=47.61 (projection 16)
[ok] cph_query_-VfD_cIsQvsNIbCy3tCgQQ direction_eot seed=9012 gain=2.366 max|d|=37.86 (projection 16)
[ok] cph_query_-VfD_cIsQvsNIbCy3tCgQQ isotropic seed=9012 gain=15.617 max|d|=69.80 (no projection)
[ok] london_query_0AbO1xvvOJRs1V3ReaDrNw direction seed=5678 gain=3.162 max|d|=50.60 (projection 16)
[ok] london_query_0AbO1xvvOJRs1V3ReaDrNw direction_eot seed=5678 gain=2.550 max|d|=40.79 (projection 16)
[ok] london_query_0AbO1xvvOJRs1V3ReaDrNw isotropic seed=5678 gain=16.786 max|d|=74.27 (no projection)
[ok] london_query_0AbO1xvvOJRs1V3ReaDrNw direction seed=9012 gain=3.163 max|d|=50.61 (projection 16)
[ok] london_query_0AbO1xvvOJRs1V3ReaDrNw direction_eot seed=9012 gain=2.573 max|d|=41.17 (projection 16)
[ok] london_query_0AbO1xvvOJRs1V3ReaDrNw isotropic seed=9012 gain=16.600 max|d|=70.96 (no projection)
[ok] manila_query_-ZyenisXeFL1kaebCpUNAQ direction seed=5678 gain=3.113 max|d|=49.82 (projection 16)
[ok] manila_query_-ZyenisXeFL1kaebCpUNAQ direction_eot seed=5678 gain=2.424 max|d|=38.79 (projection 16)
[ok] manila_query_-ZyenisXeFL1kaebCpUNAQ isotropic seed=5678 gain=15.836 max|d|=85.34 (no projection)
[ok] manila_query_-ZyenisXeFL1kaebCpUNAQ direction seed=9012 gain=3.130 max|d|=50.08 (projection 16)
[ok] manila_query_-ZyenisXeFL1kaebCpUNAQ direction_eot seed=9012 gain=2.449 max|d|=39.19 (projection 16)
[ok] manila_query_-ZyenisXeFL1kaebCpUNAQ isotropic seed=9012 gain=15.871 max|d|=71.11 (no projection)
[ok] nairobi_query_42kd1bm9ZK0fwGacm_8O5A direction seed=5678 gain=2.951 max|d|=47.22 (projection 16)
[ok] nairobi_query_42kd1bm9ZK0fwGacm_8O5A direction_eot seed=5678 gain=2.355 max|d|=37.67 (projection 16)
[ok] nairobi_query_42kd1bm9ZK0fwGacm_8O5A isotropic seed=5678 gain=15.544 max|d|=81.26 (no projection)
[ok] nairobi_query_42kd1bm9ZK0fwGacm_8O5A direction seed=9012 gain=2.972 max|d|=47.55 (projection 16)
[ok] nairobi_query_42kd1bm9ZK0fwGacm_8O5A direction_eot seed=9012 gain=2.418 max|d|=38.69 (projection 16)
[ok] nairobi_query_42kd1bm9ZK0fwGacm_8O5A isotropic seed=9012 gain=15.590 max|d|=74.83 (no projection)
[ok] toronto_query_-MFll3mcOLNHfSZyGy5VIw direction seed=5678 gain=3.172 max|d|=50.75 (projection 16)
[ok] toronto_query_-MFll3mcOLNHfSZyGy5VIw direction_eot seed=5678 gain=2.501 max|d|=40.01 (projection 16)
[ok] toronto_query_-MFll3mcOLNHfSZyGy5VIw isotropic seed=5678 gain=16.414 max|d|=77.99 (no projection)
[ok] toronto_query_-MFll3mcOLNHfSZyGy5VIw direction seed=9012 gain=3.166 max|d|=50.66 (projection 16)
[ok] toronto_query_-MFll3mcOLNHfSZyGy5VIw direction_eot seed=9012 gain=2.577 max|d|=41.24 (projection 16)
[ok] toronto_query_-MFll3mcOLNHfSZyGy5VIw isotropic seed=9012 gain=16.312 max|d|=69.33 (no projection)
[ok] zurich_query_0lHgqSrbw8SSQej38K9wpQ direction seed=5678 gain=2.986 max|d|=47.77 (projection 16)
[ok] zurich_query_0lHgqSrbw8SSQej38K9wpQ direction_eot seed=5678 gain=2.480 max|d|=39.68 (projection 16)
[ok] zurich_query_0lHgqSrbw8SSQej38K9wpQ isotropic seed=5678 gain=16.475 max|d|=75.18 (no projection)
[ok] zurich_query_0lHgqSrbw8SSQej38K9wpQ direction seed=9012 gain=3.007 max|d|=48.11 (projection 16)
[ok] zurich_query_0lHgqSrbw8SSQej38K9wpQ direction_eot seed=9012 gain=2.485 max|d|=39.76 (projection 16)
[ok] zurich_query_0lHgqSrbw8SSQej38K9wpQ isotropic seed=9012 gain=16.531 max|d|=78.76 (no projection)
[ok] amman_query_2hq9evzmyg6GO86JGeo5kw direction seed=5678 gain=3.138 max|d|=50.21 (projection 16)
[ok] amman_query_2hq9evzmyg6GO86JGeo5kw direction_eot seed=5678 gain=2.413 max|d|=38.60 (projection 16)
[ok] amman_query_2hq9evzmyg6GO86JGeo5kw isotropic seed=5678 gain=15.939 max|d|=71.94 (no projection)
[ok] amman_query_2hq9evzmyg6GO86JGeo5kw direction seed=9012 gain=3.160 max|d|=50.56 (projection 16)
[ok] amman_query_2hq9evzmyg6GO86JGeo5kw direction_eot seed=9012 gain=2.501 max|d|=40.02 (projection 16)
[ok] amman_query_2hq9evzmyg6GO86JGeo5kw isotropic seed=9012 gain=15.879 max|d|=69.83 (no projection)
[ok] boston_query_-XPoSJpI_X3ZlnZLz8JG4L direction seed=5678 gain=2.795 max|d|=44.72 (projection 16)
[ok] boston_query_-XPoSJpI_X3ZlnZLz8JG4L direction_eot seed=5678 gain=2.329 max|d|=37.27 (projection 16)
[ok] boston_query_-XPoSJpI_X3ZlnZLz8JG4L isotropic seed=5678 gain=16.111 max|d|=69.75 (no projection)
[ok] boston_query_-XPoSJpI_X3ZlnZLz8JG4L direction seed=9012 gain=2.841 max|d|=45.46 (projection 16)
[ok] boston_query_-XPoSJpI_X3ZlnZLz8JG4L direction_eot seed=9012 gain=2.270 max|d|=36.31 (projection 16)
[ok] boston_query_-XPoSJpI_X3ZlnZLz8JG4L isotropic seed=9012 gain=14.728 max|d|=67.70 (no projection)
[ok] cph_query_-VwsLi9Gs8ntflZjLfPkGw direction seed=5678 gain=2.963 max|d|=47.40 (projection 16)
[ok] cph_query_-VwsLi9Gs8ntflZjLfPkGw direction_eot seed=5678 gain=2.412 max|d|=38.60 (projection 16)
[ok] cph_query_-VwsLi9Gs8ntflZjLfPkGw isotropic seed=5678 gain=13.884 max|d|=66.65 (no projection)
[ok] cph_query_-VwsLi9Gs8ntflZjLfPkGw direction seed=9012 gain=2.899 max|d|=46.38 (projection 16)
[ok] cph_query_-VwsLi9Gs8ntflZjLfPkGw direction_eot seed=9012 gain=2.486 max|d|=39.78 (projection 16)
[ok] cph_query_-VwsLi9Gs8ntflZjLfPkGw isotropic seed=9012 gain=15.952 max|d|=73.77 (no projection)
[ok] london_query_0BjBFV4G9jdMJlEMqshzoA direction seed=5678 gain=3.026 max|d|=48.42 (projection 16)
[ok] london_query_0BjBFV4G9jdMJlEMqshzoA direction_eot seed=5678 gain=2.411 max|d|=38.57 (projection 16)
[ok] london_query_0BjBFV4G9jdMJlEMqshzoA isotropic seed=5678 gain=15.795 max|d|=74.09 (no projection)
[ok] london_query_0BjBFV4G9jdMJlEMqshzoA direction seed=9012 gain=3.040 max|d|=48.63 (projection 16)
[ok] london_query_0BjBFV4G9jdMJlEMqshzoA direction_eot seed=9012 gain=2.410 max|d|=38.55 (projection 16)
[ok] london_query_0BjBFV4G9jdMJlEMqshzoA isotropic seed=9012 gain=15.416 max|d|=71.04 (no projection)
[ok] manila_query_-aK1h18UZREBqmVQH9KSvw direction seed=5678 gain=2.968 max|d|=47.49 (projection 16)
[ok] manila_query_-aK1h18UZREBqmVQH9KSvw direction_eot seed=5678 gain=2.305 max|d|=36.87 (projection 16)
[ok] manila_query_-aK1h18UZREBqmVQH9KSvw isotropic seed=5678 gain=16.580 max|d|=77.48 (no projection)
[ok] manila_query_-aK1h18UZREBqmVQH9KSvw direction seed=9012 gain=2.954 max|d|=47.26 (projection 16)
[ok] manila_query_-aK1h18UZREBqmVQH9KSvw direction_eot seed=9012 gain=2.349 max|d|=37.59 (projection 16)
[ok] manila_query_-aK1h18UZREBqmVQH9KSvw isotropic seed=9012 gain=16.486 max|d|=77.02 (no projection)
[ok] nairobi_query_479Or7jRwWHujnR6N21HGg direction seed=5678 gain=3.313 max|d|=53.01 (projection 16)
[ok] nairobi_query_479Or7jRwWHujnR6N21HGg direction_eot seed=5678 gain=2.683 max|d|=42.93 (projection 16)
[ok] nairobi_query_479Or7jRwWHujnR6N21HGg isotropic seed=5678 gain=16.542 max|d|=77.74 (no projection)
[ok] nairobi_query_479Or7jRwWHujnR6N21HGg direction seed=9012 gain=3.315 max|d|=53.04 (projection 16)
[ok] nairobi_query_479Or7jRwWHujnR6N21HGg direction_eot seed=9012 gain=2.645 max|d|=42.32 (projection 16)
[ok] nairobi_query_479Or7jRwWHujnR6N21HGg isotropic seed=9012 gain=16.413 max|d|=72.45 (no projection)
[ok] toronto_query_-MnI6OlC-vX0Wm56nVPN1A direction seed=5678 gain=3.024 max|d|=48.38 (projection 16)
[ok] toronto_query_-MnI6OlC-vX0Wm56nVPN1A direction_eot seed=5678 gain=2.561 max|d|=40.98 (projection 16)
[ok] toronto_query_-MnI6OlC-vX0Wm56nVPN1A isotropic seed=5678 gain=16.275 max|d|=71.44 (no projection)
[ok] toronto_query_-MnI6OlC-vX0Wm56nVPN1A direction seed=9012 gain=3.041 max|d|=48.65 (projection 16)
[ok] toronto_query_-MnI6OlC-vX0Wm56nVPN1A direction_eot seed=9012 gain=2.571 max|d|=41.13 (projection 16)
[ok] toronto_query_-MnI6OlC-vX0Wm56nVPN1A isotropic seed=9012 gain=16.812 max|d|=84.79 (no projection)
[ok] zurich_query_0nVsH-6SH_FHslcVrikkwQ direction seed=5678 gain=3.179 max|d|=50.87 (projection 16)
[ok] zurich_query_0nVsH-6SH_FHslcVrikkwQ direction_eot seed=5678 gain=2.558 max|d|=40.92 (projection 16)
[ok] zurich_query_0nVsH-6SH_FHslcVrikkwQ isotropic seed=5678 gain=15.531 max|d|=66.64 (no projection)
[ok] zurich_query_0nVsH-6SH_FHslcVrikkwQ direction seed=9012 gain=3.247 max|d|=51.95 (projection 16)
[ok] zurich_query_0nVsH-6SH_FHslcVrikkwQ direction_eot seed=9012 gain=2.622 max|d|=41.96 (projection 16)
[ok] zurich_query_0nVsH-6SH_FHslcVrikkwQ isotropic seed=9012 gain=16.147 max|d|=77.50 (no projection)
[ok] amman_query_2lABfkOBYPSLZkKhyRxYdA direction seed=5678 gain=3.117 max|d|=49.88 (projection 16)
[ok] amman_query_2lABfkOBYPSLZkKhyRxYdA direction_eot seed=5678 gain=2.491 max|d|=39.85 (projection 16)
[ok] amman_query_2lABfkOBYPSLZkKhyRxYdA isotropic seed=5678 gain=15.653 max|d|=70.34 (no projection)
[ok] amman_query_2lABfkOBYPSLZkKhyRxYdA direction seed=9012 gain=3.135 max|d|=50.16 (projection 16)
[ok] amman_query_2lABfkOBYPSLZkKhyRxYdA direction_eot seed=9012 gain=2.470 max|d|=39.52 (projection 16)
[ok] amman_query_2lABfkOBYPSLZkKhyRxYdA isotropic seed=9012 gain=15.674 max|d|=68.39 (no projection)
[ok] boston_query_-XVMoSt8xs2FUh9JzquX6A direction seed=5678 gain=2.830 max|d|=45.27 (projection 16)
[ok] boston_query_-XVMoSt8xs2FUh9JzquX6A direction_eot seed=5678 gain=2.335 max|d|=37.36 (projection 16)
[ok] boston_query_-XVMoSt8xs2FUh9JzquX6A isotropic seed=5678 gain=15.561 max|d|=72.03 (no projection)
[ok] boston_query_-XVMoSt8xs2FUh9JzquX6A direction seed=9012 gain=2.849 max|d|=45.59 (projection 16)
[ok] boston_query_-XVMoSt8xs2FUh9JzquX6A direction_eot seed=9012 gain=2.370 max|d|=37.92 (projection 16)
[ok] boston_query_-XVMoSt8xs2FUh9JzquX6A isotropic seed=9012 gain=15.759 max|d|=79.10 (no projection)
[ok] cph_query_-WFB24C5ns0vkkGHGvN40A direction seed=5678 gain=2.971 max|d|=47.54 (projection 16)
[ok] cph_query_-WFB24C5ns0vkkGHGvN40A direction_eot seed=5678 gain=2.319 max|d|=37.11 (projection 16)
[ok] cph_query_-WFB24C5ns0vkkGHGvN40A isotropic seed=5678 gain=15.671 max|d|=73.35 (no projection)
[ok] cph_query_-WFB24C5ns0vkkGHGvN40A direction seed=9012 gain=2.993 max|d|=47.89 (projection 16)
[ok] cph_query_-WFB24C5ns0vkkGHGvN40A direction_eot seed=9012 gain=2.411 max|d|=38.58 (projection 16)
[ok] cph_query_-WFB24C5ns0vkkGHGvN40A isotropic seed=9012 gain=15.645 max|d|=75.06 (no projection)
[ok] london_query_0CaaImFsIdNZjpg8oBPgsQ direction seed=5678 gain=2.966 max|d|=47.46 (projection 16)
[ok] london_query_0CaaImFsIdNZjpg8oBPgsQ direction_eot seed=5678 gain=2.456 max|d|=39.30 (projection 16)
[ok] london_query_0CaaImFsIdNZjpg8oBPgsQ isotropic seed=5678 gain=15.934 max|d|=72.53 (no projection)
[ok] london_query_0CaaImFsIdNZjpg8oBPgsQ direction seed=9012 gain=3.058 max|d|=48.93 (projection 16)
[ok] london_query_0CaaImFsIdNZjpg8oBPgsQ direction_eot seed=9012 gain=2.430 max|d|=38.88 (projection 16)
[ok] london_query_0CaaImFsIdNZjpg8oBPgsQ isotropic seed=9012 gain=15.961 max|d|=70.78 (no projection)
[ok] manila_query_-cNGgBgyFrf92tQ2SjMnVw direction seed=5678 gain=3.125 max|d|=50.00 (projection 16)
[ok] manila_query_-cNGgBgyFrf92tQ2SjMnVw direction_eot seed=5678 gain=2.456 max|d|=39.29 (projection 16)
[ok] manila_query_-cNGgBgyFrf92tQ2SjMnVw isotropic seed=5678 gain=15.734 max|d|=70.92 (no projection)
[ok] manila_query_-cNGgBgyFrf92tQ2SjMnVw direction seed=9012 gain=3.127 max|d|=50.04 (projection 16)
[ok] manila_query_-cNGgBgyFrf92tQ2SjMnVw direction_eot seed=9012 gain=2.545 max|d|=40.72 (projection 16)
[ok] manila_query_-cNGgBgyFrf92tQ2SjMnVw isotropic seed=9012 gain=14.648 max|d|=67.67 (no projection)
[ok] nairobi_query_4EL0OPwVmp4k2zCpl9_c_A direction seed=5678 gain=3.359 max|d|=53.74 (projection 16)
[ok] nairobi_query_4EL0OPwVmp4k2zCpl9_c_A direction_eot seed=5678 gain=2.717 max|d|=43.47 (projection 16)
[ok] nairobi_query_4EL0OPwVmp4k2zCpl9_c_A isotropic seed=5678 gain=15.879 max|d|=69.01 (no projection)
[ok] nairobi_query_4EL0OPwVmp4k2zCpl9_c_A direction seed=9012 gain=3.344 max|d|=53.50 (projection 16)
[ok] nairobi_query_4EL0OPwVmp4k2zCpl9_c_A direction_eot seed=9012 gain=2.689 max|d|=43.02 (projection 16)
[ok] nairobi_query_4EL0OPwVmp4k2zCpl9_c_A isotropic seed=9012 gain=16.023 max|d|=73.40 (no projection)
[ok] toronto_query_-MvRj243NBTPnognhgb4Cg direction seed=5678 gain=3.203 max|d|=51.24 (projection 16)
[ok] toronto_query_-MvRj243NBTPnognhgb4Cg direction_eot seed=5678 gain=2.535 max|d|=40.56 (projection 16)
[ok] toronto_query_-MvRj243NBTPnognhgb4Cg isotropic seed=5678 gain=15.612 max|d|=71.91 (no projection)
[ok] toronto_query_-MvRj243NBTPnognhgb4Cg direction seed=9012 gain=3.198 max|d|=51.16 (projection 16)
[ok] toronto_query_-MvRj243NBTPnognhgb4Cg direction_eot seed=9012 gain=2.385 max|d|=38.16 (projection 16)
[ok] toronto_query_-MvRj243NBTPnognhgb4Cg isotropic seed=9012 gain=15.766 max|d|=74.52 (no projection)
[ok] zurich_query_0qoNSI3UUj6VR3TM7c0Peg direction seed=5678 gain=3.000 max|d|=48.00 (projection 16)
[ok] zurich_query_0qoNSI3UUj6VR3TM7c0Peg direction_eot seed=5678 gain=2.393 max|d|=38.29 (projection 16)
[ok] zurich_query_0qoNSI3UUj6VR3TM7c0Peg isotropic seed=5678 gain=15.647 max|d|=73.54 (no projection)
[ok] zurich_query_0qoNSI3UUj6VR3TM7c0Peg direction seed=9012 gain=2.998 max|d|=47.96 (projection 16)
[ok] zurich_query_0qoNSI3UUj6VR3TM7c0Peg direction_eot seed=9012 gain=2.410 max|d|=38.56 (projection 16)
[ok] zurich_query_0qoNSI3UUj6VR3TM7c0Peg isotropic seed=9012 gain=15.625 max|d|=75.27 (no projection)
[ok] amman_query_2o7YcP9UAqSU1ygtK33BfQ direction seed=5678 gain=2.927 max|d|=46.83 (projection 16)
[ok] amman_query_2o7YcP9UAqSU1ygtK33BfQ direction_eot seed=5678 gain=2.339 max|d|=37.43 (projection 16)
[ok] amman_query_2o7YcP9UAqSU1ygtK33BfQ isotropic seed=5678 gain=15.650 max|d|=74.94 (no projection)
[ok] amman_query_2o7YcP9UAqSU1ygtK33BfQ direction seed=9012 gain=2.940 max|d|=47.04 (projection 16)
[ok] amman_query_2o7YcP9UAqSU1ygtK33BfQ direction_eot seed=9012 gain=2.245 max|d|=35.92 (projection 16)
[ok] amman_query_2o7YcP9UAqSU1ygtK33BfQ isotropic seed=9012 gain=15.700 max|d|=77.76 (no projection)
[ok] boston_query_-YC7UljP-400uMusDPAb5o direction seed=5678 gain=3.066 max|d|=49.05 (projection 16)
[ok] boston_query_-YC7UljP-400uMusDPAb5o direction_eot seed=5678 gain=2.330 max|d|=37.27 (projection 16)
[ok] boston_query_-YC7UljP-400uMusDPAb5o isotropic seed=5678 gain=14.325 max|d|=69.01 (no projection)
[ok] boston_query_-YC7UljP-400uMusDPAb5o direction seed=9012 gain=3.099 max|d|=49.58 (projection 16)
[ok] boston_query_-YC7UljP-400uMusDPAb5o direction_eot seed=9012 gain=2.396 max|d|=38.34 (projection 16)
[ok] boston_query_-YC7UljP-400uMusDPAb5o isotropic seed=9012 gain=14.240 max|d|=70.44 (no projection)
[ok] cph_query_-WSWmgHuo6qPHzHxqzEe1A direction seed=5678 gain=3.071 max|d|=49.13 (projection 16)
[ok] cph_query_-WSWmgHuo6qPHzHxqzEe1A direction_eot seed=5678 gain=2.445 max|d|=39.12 (projection 16)
[ok] cph_query_-WSWmgHuo6qPHzHxqzEe1A isotropic seed=5678 gain=15.202 max|d|=69.07 (no projection)
[ok] cph_query_-WSWmgHuo6qPHzHxqzEe1A direction seed=9012 gain=3.078 max|d|=49.24 (projection 16)
[ok] cph_query_-WSWmgHuo6qPHzHxqzEe1A direction_eot seed=9012 gain=2.355 max|d|=37.68 (projection 16)
[ok] cph_query_-WSWmgHuo6qPHzHxqzEe1A isotropic seed=9012 gain=15.760 max|d|=69.72 (no projection)
[ok] london_query_0EzKuKNIcxIWax_duM0EWw direction seed=5678 gain=2.909 max|d|=46.55 (projection 16)
[ok] london_query_0EzKuKNIcxIWax_duM0EWw direction_eot seed=5678 gain=2.201 max|d|=35.22 (projection 16)
[ok] london_query_0EzKuKNIcxIWax_duM0EWw isotropic seed=5678 gain=15.608 max|d|=75.29 (no projection)
[ok] london_query_0EzKuKNIcxIWax_duM0EWw direction seed=9012 gain=2.877 max|d|=46.03 (projection 16)
[ok] london_query_0EzKuKNIcxIWax_duM0EWw direction_eot seed=9012 gain=2.203 max|d|=35.25 (projection 16)
[ok] london_query_0EzKuKNIcxIWax_duM0EWw isotropic seed=9012 gain=15.615 max|d|=73.01 (no projection)
[ok] manila_query_-cmAo9dkimIih2B7T4UHfg direction seed=5678 gain=3.310 max|d|=52.96 (projection 16)
[ok] manila_query_-cmAo9dkimIih2B7T4UHfg direction_eot seed=5678 gain=2.712 max|d|=43.39 (projection 16)
[ok] manila_query_-cmAo9dkimIih2B7T4UHfg isotropic seed=5678 gain=17.719 max|d|=74.22 (no projection)
[ok] manila_query_-cmAo9dkimIih2B7T4UHfg direction seed=9012 gain=3.292 max|d|=52.67 (projection 16)
[ok] manila_query_-cmAo9dkimIih2B7T4UHfg direction_eot seed=9012 gain=2.600 max|d|=41.60 (projection 16)
[ok] manila_query_-cmAo9dkimIih2B7T4UHfg isotropic seed=9012 gain=17.768 max|d|=86.32 (no projection)
[ok] nairobi_query_4Scm9UylRL9Edyu3ZemB9A direction seed=5678 gain=3.507 max|d|=56.12 (projection 16)
[ok] nairobi_query_4Scm9UylRL9Edyu3ZemB9A direction_eot seed=5678 gain=2.836 max|d|=45.38 (projection 16)
[ok] nairobi_query_4Scm9UylRL9Edyu3ZemB9A isotropic seed=5678 gain=16.883 max|d|=82.78 (no projection)
[ok] nairobi_query_4Scm9UylRL9Edyu3ZemB9A direction seed=9012 gain=3.499 max|d|=55.98 (projection 16)
[ok] nairobi_query_4Scm9UylRL9Edyu3ZemB9A direction_eot seed=9012 gain=2.816 max|d|=45.06 (projection 16)
[ok] nairobi_query_4Scm9UylRL9Edyu3ZemB9A isotropic seed=9012 gain=16.008 max|d|=75.63 (no projection)
[ok] toronto_query_-N8Ief4Q3CWSOSauaoVHkw direction seed=5678 gain=3.207 max|d|=51.31 (projection 16)
[ok] toronto_query_-N8Ief4Q3CWSOSauaoVHkw direction_eot seed=5678 gain=2.647 max|d|=42.35 (projection 16)
[ok] toronto_query_-N8Ief4Q3CWSOSauaoVHkw isotropic seed=5678 gain=15.263 max|d|=70.20 (no projection)
[ok] toronto_query_-N8Ief4Q3CWSOSauaoVHkw direction seed=9012 gain=3.129 max|d|=50.06 (projection 16)
[ok] toronto_query_-N8Ief4Q3CWSOSauaoVHkw direction_eot seed=9012 gain=2.609 max|d|=41.75 (projection 16)
[ok] toronto_query_-N8Ief4Q3CWSOSauaoVHkw isotropic seed=9012 gain=15.889 max|d|=71.93 (no projection)
[ok] zurich_query_0yT0tESrImO18FH9C5STzg direction seed=5678 gain=3.283 max|d|=52.53 (projection 16)
[ok] zurich_query_0yT0tESrImO18FH9C5STzg direction_eot seed=5678 gain=2.607 max|d|=41.71 (projection 16)
[ok] zurich_query_0yT0tESrImO18FH9C5STzg isotropic seed=5678 gain=16.513 max|d|=74.20 (no projection)
[ok] zurich_query_0yT0tESrImO18FH9C5STzg direction seed=9012 gain=3.221 max|d|=51.53 (projection 16)
[ok] zurich_query_0yT0tESrImO18FH9C5STzg direction_eot seed=9012 gain=2.642 max|d|=42.27 (projection 16)
[ok] zurich_query_0yT0tESrImO18FH9C5STzg isotropic seed=9012 gain=15.503 max|d|=72.40 (no projection)
[ok] amman_query_2pCCoWfi0AP_93cYLKD9sA direction seed=5678 gain=2.958 max|d|=47.32 (projection 16)
[ok] amman_query_2pCCoWfi0AP_93cYLKD9sA direction_eot seed=5678 gain=2.340 max|d|=37.44 (projection 16)
[ok] amman_query_2pCCoWfi0AP_93cYLKD9sA isotropic seed=5678 gain=15.526 max|d|=69.84 (no projection)
[ok] amman_query_2pCCoWfi0AP_93cYLKD9sA direction seed=9012 gain=2.938 max|d|=47.01 (projection 16)
[ok] amman_query_2pCCoWfi0AP_93cYLKD9sA direction_eot seed=9012 gain=2.357 max|d|=37.70 (projection 16)
[ok] amman_query_2pCCoWfi0AP_93cYLKD9sA isotropic seed=9012 gain=15.731 max|d|=72.75 (no projection)
[ok] boston_query_-YNCuOIwfe745OWl27FQZQ direction seed=5678 gain=3.067 max|d|=49.07 (projection 16)
[ok] boston_query_-YNCuOIwfe745OWl27FQZQ direction_eot seed=5678 gain=2.509 max|d|=40.15 (projection 16)
[ok] boston_query_-YNCuOIwfe745OWl27FQZQ isotropic seed=5678 gain=16.110 max|d|=75.84 (no projection)
[ok] boston_query_-YNCuOIwfe745OWl27FQZQ direction seed=9012 gain=3.062 max|d|=48.99 (projection 16)
[ok] boston_query_-YNCuOIwfe745OWl27FQZQ direction_eot seed=9012 gain=2.513 max|d|=40.21 (projection 16)
[ok] boston_query_-YNCuOIwfe745OWl27FQZQ isotropic seed=9012 gain=16.146 max|d|=72.66 (no projection)
[ok] cph_query_-XYLPst0OjYGoPVJKGP1aA direction seed=5678 gain=2.980 max|d|=47.68 (projection 16)
[ok] cph_query_-XYLPst0OjYGoPVJKGP1aA direction_eot seed=5678 gain=2.432 max|d|=38.91 (projection 16)
[ok] cph_query_-XYLPst0OjYGoPVJKGP1aA isotropic seed=5678 gain=15.766 max|d|=73.58 (no projection)
[ok] cph_query_-XYLPst0OjYGoPVJKGP1aA direction seed=9012 gain=2.948 max|d|=47.17 (projection 16)
[ok] cph_query_-XYLPst0OjYGoPVJKGP1aA direction_eot seed=9012 gain=2.474 max|d|=39.59 (projection 16)
[ok] cph_query_-XYLPst0OjYGoPVJKGP1aA isotropic seed=9012 gain=15.728 max|d|=72.46 (no projection)
[ok] london_query_0IFxmIDIkGlB0FShcszAfw direction seed=5678 gain=3.039 max|d|=48.62 (projection 16)
[ok] london_query_0IFxmIDIkGlB0FShcszAfw direction_eot seed=5678 gain=2.453 max|d|=39.25 (projection 16)
[ok] london_query_0IFxmIDIkGlB0FShcszAfw isotropic seed=5678 gain=16.382 max|d|=78.04 (no projection)
[ok] london_query_0IFxmIDIkGlB0FShcszAfw direction seed=9012 gain=3.035 max|d|=48.57 (projection 16)
[ok] london_query_0IFxmIDIkGlB0FShcszAfw direction_eot seed=9012 gain=2.435 max|d|=38.96 (projection 16)
[ok] london_query_0IFxmIDIkGlB0FShcszAfw isotropic seed=9012 gain=16.338 max|d|=73.55 (no projection)
[ok] manila_query_-dvVr_QHKim5_WyUsv_Z4A direction seed=5678 gain=2.956 max|d|=47.30 (projection 16)
[ok] manila_query_-dvVr_QHKim5_WyUsv_Z4A direction_eot seed=5678 gain=2.329 max|d|=37.26 (projection 16)
[ok] manila_query_-dvVr_QHKim5_WyUsv_Z4A isotropic seed=5678 gain=16.357 max|d|=75.46 (no projection)
[ok] manila_query_-dvVr_QHKim5_WyUsv_Z4A direction seed=9012 gain=2.933 max|d|=46.93 (projection 16)
[ok] manila_query_-dvVr_QHKim5_WyUsv_Z4A direction_eot seed=9012 gain=2.364 max|d|=37.83 (projection 16)
[ok] manila_query_-dvVr_QHKim5_WyUsv_Z4A isotropic seed=9012 gain=16.397 max|d|=79.71 (no projection)
[ok] nairobi_query_4_8wDQ5TQuzz_jEJKVIl0Q direction seed=5678 gain=3.009 max|d|=48.15 (projection 16)
[ok] nairobi_query_4_8wDQ5TQuzz_jEJKVIl0Q direction_eot seed=5678 gain=2.384 max|d|=38.14 (projection 16)
[ok] nairobi_query_4_8wDQ5TQuzz_jEJKVIl0Q isotropic seed=5678 gain=15.636 max|d|=68.65 (no projection)
[ok] nairobi_query_4_8wDQ5TQuzz_jEJKVIl0Q direction seed=9012 gain=3.035 max|d|=48.57 (projection 16)
[ok] nairobi_query_4_8wDQ5TQuzz_jEJKVIl0Q direction_eot seed=9012 gain=2.449 max|d|=39.18 (projection 16)
[ok] nairobi_query_4_8wDQ5TQuzz_jEJKVIl0Q isotropic seed=9012 gain=15.598 max|d|=73.82 (no projection)
[ok] toronto_query_-OZxhiQ5zPqGdSRrqUMKfQ direction seed=5678 gain=3.174 max|d|=50.78 (projection 16)
[ok] toronto_query_-OZxhiQ5zPqGdSRrqUMKfQ direction_eot seed=5678 gain=2.638 max|d|=42.21 (projection 16)
[ok] toronto_query_-OZxhiQ5zPqGdSRrqUMKfQ isotropic seed=5678 gain=15.934 max|d|=73.05 (no projection)
[ok] toronto_query_-OZxhiQ5zPqGdSRrqUMKfQ direction seed=9012 gain=3.274 max|d|=52.38 (projection 16)
[ok] toronto_query_-OZxhiQ5zPqGdSRrqUMKfQ direction_eot seed=9012 gain=2.623 max|d|=41.96 (projection 16)
[ok] toronto_query_-OZxhiQ5zPqGdSRrqUMKfQ isotropic seed=9012 gain=14.846 max|d|=69.21 (no projection)
[ok] zurich_query_0zEmJXMA03W0EBFP74wRVQ direction seed=5678 gain=3.088 max|d|=49.41 (projection 16)
[ok] zurich_query_0zEmJXMA03W0EBFP74wRVQ direction_eot seed=5678 gain=2.553 max|d|=40.85 (projection 16)
[ok] zurich_query_0zEmJXMA03W0EBFP74wRVQ isotropic seed=5678 gain=15.841 max|d|=70.07 (no projection)
[ok] zurich_query_0zEmJXMA03W0EBFP74wRVQ direction seed=9012 gain=3.093 max|d|=49.48 (projection 16)
[ok] zurich_query_0zEmJXMA03W0EBFP74wRVQ direction_eot seed=9012 gain=2.519 max|d|=40.31 (projection 16)
[ok] zurich_query_0zEmJXMA03W0EBFP74wRVQ isotropic seed=9012 gain=15.688 max|d|=71.57 (no projection)
[ok] amman_query_2pZlZDNh_3B-gECdtvklWQ direction seed=5678 gain=2.855 max|d|=45.68 (projection 16)
[ok] amman_query_2pZlZDNh_3B-gECdtvklWQ direction_eot seed=5678 gain=2.288 max|d|=36.61 (projection 16)
[ok] amman_query_2pZlZDNh_3B-gECdtvklWQ isotropic seed=5678 gain=15.907 max|d|=72.80 (no projection)
[ok] amman_query_2pZlZDNh_3B-gECdtvklWQ direction seed=9012 gain=2.848 max|d|=45.57 (projection 16)
[ok] amman_query_2pZlZDNh_3B-gECdtvklWQ direction_eot seed=9012 gain=2.246 max|d|=35.93 (projection 16)
[ok] amman_query_2pZlZDNh_3B-gECdtvklWQ isotropic seed=9012 gain=15.269 max|d|=71.71 (no projection)
[ok] boston_query_-Zk-uQZzECPhvd8WV6mxhQ direction seed=5678 gain=3.163 max|d|=50.61 (projection 16)
[ok] boston_query_-Zk-uQZzECPhvd8WV6mxhQ direction_eot seed=5678 gain=2.551 max|d|=40.82 (projection 16)
[ok] boston_query_-Zk-uQZzECPhvd8WV6mxhQ isotropic seed=5678 gain=16.229 max|d|=78.30 (no projection)
[ok] boston_query_-Zk-uQZzECPhvd8WV6mxhQ direction seed=9012 gain=3.178 max|d|=50.85 (projection 16)
[ok] boston_query_-Zk-uQZzECPhvd8WV6mxhQ direction_eot seed=9012 gain=2.489 max|d|=39.82 (projection 16)
[ok] boston_query_-Zk-uQZzECPhvd8WV6mxhQ isotropic seed=9012 gain=15.495 max|d|=73.06 (no projection)
[ok] cph_query_-YjbrleIz5WKWE1Rmmo4fg direction seed=5678 gain=3.228 max|d|=51.65 (projection 16)
[ok] cph_query_-YjbrleIz5WKWE1Rmmo4fg direction_eot seed=5678 gain=2.401 max|d|=38.41 (projection 16)
[ok] cph_query_-YjbrleIz5WKWE1Rmmo4fg isotropic seed=5678 gain=15.606 max|d|=74.10 (no projection)
[ok] cph_query_-YjbrleIz5WKWE1Rmmo4fg direction seed=9012 gain=3.231 max|d|=51.70 (projection 16)
[ok] cph_query_-YjbrleIz5WKWE1Rmmo4fg direction_eot seed=9012 gain=2.581 max|d|=41.30 (projection 16)
[ok] cph_query_-YjbrleIz5WKWE1Rmmo4fg isotropic seed=9012 gain=15.603 max|d|=77.95 (no projection)
[ok] london_query_0LQj6exgKdVQbIBlQAVcrw direction seed=5678 gain=3.039 max|d|=48.63 (projection 16)
[ok] london_query_0LQj6exgKdVQbIBlQAVcrw direction_eot seed=5678 gain=2.398 max|d|=38.37 (projection 16)
[ok] london_query_0LQj6exgKdVQbIBlQAVcrw isotropic seed=5678 gain=15.636 max|d|=72.28 (no projection)
[ok] london_query_0LQj6exgKdVQbIBlQAVcrw direction seed=9012 gain=3.031 max|d|=48.50 (projection 16)
[ok] london_query_0LQj6exgKdVQbIBlQAVcrw direction_eot seed=9012 gain=2.266 max|d|=36.25 (projection 16)
[ok] london_query_0LQj6exgKdVQbIBlQAVcrw isotropic seed=9012 gain=15.626 max|d|=72.37 (no projection)
[ok] manila_query_-fizm8lmdD_ORe0_j5qnJQ direction seed=5678 gain=3.205 max|d|=51.28 (projection 16)
[ok] manila_query_-fizm8lmdD_ORe0_j5qnJQ direction_eot seed=5678 gain=2.599 max|d|=41.58 (projection 16)
[ok] manila_query_-fizm8lmdD_ORe0_j5qnJQ isotropic seed=5678 gain=16.196 max|d|=79.66 (no projection)
[ok] manila_query_-fizm8lmdD_ORe0_j5qnJQ direction seed=9012 gain=3.168 max|d|=50.69 (projection 16)
[ok] manila_query_-fizm8lmdD_ORe0_j5qnJQ direction_eot seed=9012 gain=2.531 max|d|=40.50 (projection 16)
[ok] manila_query_-fizm8lmdD_ORe0_j5qnJQ isotropic seed=9012 gain=14.929 max|d|=70.38 (no projection)
[ok] nairobi_query_4otBu8pxIHc7lXwh66bqHQ direction seed=5678 gain=3.024 max|d|=48.38 (projection 16)
[ok] nairobi_query_4otBu8pxIHc7lXwh66bqHQ direction_eot seed=5678 gain=2.311 max|d|=36.98 (projection 16)
[ok] nairobi_query_4otBu8pxIHc7lXwh66bqHQ isotropic seed=5678 gain=15.734 max|d|=68.93 (no projection)
[ok] nairobi_query_4otBu8pxIHc7lXwh66bqHQ direction seed=9012 gain=3.034 max|d|=48.55 (projection 16)
[ok] nairobi_query_4otBu8pxIHc7lXwh66bqHQ direction_eot seed=9012 gain=2.376 max|d|=38.01 (projection 16)
[ok] nairobi_query_4otBu8pxIHc7lXwh66bqHQ isotropic seed=9012 gain=15.692 max|d|=68.04 (no projection)
[ok] toronto_query_-Pkw8dqFfD76K-CZ7pnCVQ direction seed=5678 gain=3.190 max|d|=51.04 (projection 16)
[ok] toronto_query_-Pkw8dqFfD76K-CZ7pnCVQ direction_eot seed=5678 gain=2.523 max|d|=40.37 (projection 16)
[ok] toronto_query_-Pkw8dqFfD76K-CZ7pnCVQ isotropic seed=5678 gain=16.194 max|d|=71.81 (no projection)
[ok] toronto_query_-Pkw8dqFfD76K-CZ7pnCVQ direction seed=9012 gain=3.193 max|d|=51.08 (projection 16)
[ok] toronto_query_-Pkw8dqFfD76K-CZ7pnCVQ direction_eot seed=9012 gain=2.544 max|d|=40.71 (projection 16)
[ok] toronto_query_-Pkw8dqFfD76K-CZ7pnCVQ isotropic seed=9012 gain=16.187 max|d|=86.07 (no projection)
[ok] zurich_query_1-8NWRY7HPTPq2lkQitPfw direction seed=5678 gain=2.718 max|d|=43.49 (projection 16)
[ok] zurich_query_1-8NWRY7HPTPq2lkQitPfw direction_eot seed=5678 gain=2.357 max|d|=37.72 (projection 16)
[ok] zurich_query_1-8NWRY7HPTPq2lkQitPfw isotropic seed=5678 gain=15.788 max|d|=78.96 (no projection)
[ok] zurich_query_1-8NWRY7HPTPq2lkQitPfw direction seed=9012 gain=2.713 max|d|=43.41 (projection 16)
[ok] zurich_query_1-8NWRY7HPTPq2lkQitPfw direction_eot seed=9012 gain=2.331 max|d|=37.30 (projection 16)
[ok] zurich_query_1-8NWRY7HPTPq2lkQitPfw isotropic seed=9012 gain=15.581 max|d|=70.54 (no projection)
[ok] amman_query_2rTDzpKAZdmx5K2aSyos9w direction seed=5678 gain=3.079 max|d|=49.26 (projection 16)
[ok] amman_query_2rTDzpKAZdmx5K2aSyos9w direction_eot seed=5678 gain=2.516 max|d|=40.26 (projection 16)
[ok] amman_query_2rTDzpKAZdmx5K2aSyos9w isotropic seed=5678 gain=15.559 max|d|=70.81 (no projection)
[ok] amman_query_2rTDzpKAZdmx5K2aSyos9w direction seed=9012 gain=3.069 max|d|=49.10 (projection 16)
[ok] amman_query_2rTDzpKAZdmx5K2aSyos9w direction_eot seed=9012 gain=2.452 max|d|=39.23 (projection 16)
[ok] amman_query_2rTDzpKAZdmx5K2aSyos9w isotropic seed=9012 gain=15.560 max|d|=70.75 (no projection)
[ok] boston_query_-_69BJwJSLQGnzQD20QsOg direction seed=5678 gain=2.811 max|d|=44.98 (projection 16)
[ok] boston_query_-_69BJwJSLQGnzQD20QsOg direction_eot seed=5678 gain=2.288 max|d|=36.60 (projection 16)
[ok] boston_query_-_69BJwJSLQGnzQD20QsOg isotropic seed=5678 gain=16.220 max|d|=77.41 (no projection)
[ok] boston_query_-_69BJwJSLQGnzQD20QsOg direction seed=9012 gain=2.904 max|d|=46.47 (projection 16)
[ok] boston_query_-_69BJwJSLQGnzQD20QsOg direction_eot seed=9012 gain=2.354 max|d|=37.67 (projection 16)
[ok] boston_query_-_69BJwJSLQGnzQD20QsOg isotropic seed=9012 gain=16.209 max|d|=78.50 (no projection)
[ok] cph_query_-YnFOjTmnQhpLwXt2EJ1QQ direction seed=5678 gain=3.401 max|d|=54.41 (projection 16)
[ok] cph_query_-YnFOjTmnQhpLwXt2EJ1QQ direction_eot seed=5678 gain=2.505 max|d|=40.08 (projection 16)
[ok] cph_query_-YnFOjTmnQhpLwXt2EJ1QQ isotropic seed=5678 gain=15.021 max|d|=71.60 (no projection)
[ok] cph_query_-YnFOjTmnQhpLwXt2EJ1QQ direction seed=9012 gain=3.386 max|d|=54.18 (projection 16)
[ok] cph_query_-YnFOjTmnQhpLwXt2EJ1QQ direction_eot seed=9012 gain=2.660 max|d|=42.56 (projection 16)
[ok] cph_query_-YnFOjTmnQhpLwXt2EJ1QQ isotropic seed=9012 gain=15.955 max|d|=73.42 (no projection)
[ok] london_query_0M3fNwl2Fi82PVH3lDRsCg direction seed=5678 gain=2.931 max|d|=46.89 (projection 16)
[ok] london_query_0M3fNwl2Fi82PVH3lDRsCg direction_eot seed=5678 gain=2.264 max|d|=36.23 (projection 16)
[ok] london_query_0M3fNwl2Fi82PVH3lDRsCg isotropic seed=5678 gain=14.405 max|d|=71.84 (no projection)
[ok] london_query_0M3fNwl2Fi82PVH3lDRsCg direction seed=9012 gain=2.905 max|d|=46.48 (projection 16)
[ok] london_query_0M3fNwl2Fi82PVH3lDRsCg direction_eot seed=9012 gain=2.296 max|d|=36.74 (projection 16)
[ok] london_query_0M3fNwl2Fi82PVH3lDRsCg isotropic seed=9012 gain=15.729 max|d|=72.55 (no projection)
[ok] manila_query_-hNuMbgiWK_ZPELfuWj5FQ direction seed=5678 gain=3.016 max|d|=48.26 (projection 16)
[ok] manila_query_-hNuMbgiWK_ZPELfuWj5FQ direction_eot seed=5678 gain=2.509 max|d|=40.14 (projection 16)
[ok] manila_query_-hNuMbgiWK_ZPELfuWj5FQ isotropic seed=5678 gain=15.771 max|d|=71.43 (no projection)
[ok] manila_query_-hNuMbgiWK_ZPELfuWj5FQ direction seed=9012 gain=3.020 max|d|=48.32 (projection 16)
[ok] manila_query_-hNuMbgiWK_ZPELfuWj5FQ direction_eot seed=9012 gain=2.453 max|d|=39.25 (projection 16)
[ok] manila_query_-hNuMbgiWK_ZPELfuWj5FQ isotropic seed=9012 gain=14.252 max|d|=68.89 (no projection)
[ok] nairobi_query_5ISN1dRvjgJI9rd6GbusNQ direction seed=5678 gain=3.200 max|d|=51.19 (projection 16)
[ok] nairobi_query_5ISN1dRvjgJI9rd6GbusNQ direction_eot seed=5678 gain=2.481 max|d|=39.70 (projection 16)
[ok] nairobi_query_5ISN1dRvjgJI9rd6GbusNQ isotropic seed=5678 gain=16.046 max|d|=77.94 (no projection)
[ok] nairobi_query_5ISN1dRvjgJI9rd6GbusNQ direction seed=9012 gain=3.205 max|d|=51.29 (projection 16)
[ok] nairobi_query_5ISN1dRvjgJI9rd6GbusNQ direction_eot seed=9012 gain=2.454 max|d|=39.27 (projection 16)
[ok] nairobi_query_5ISN1dRvjgJI9rd6GbusNQ isotropic seed=9012 gain=16.091 max|d|=74.35 (no projection)
[ok] toronto_query_-PuMS2UqNh7dbLLfWE37yg direction seed=5678 gain=3.095 max|d|=49.52 (projection 16)
[ok] toronto_query_-PuMS2UqNh7dbLLfWE37yg direction_eot seed=5678 gain=2.487 max|d|=39.80 (projection 16)
[ok] toronto_query_-PuMS2UqNh7dbLLfWE37yg isotropic seed=5678 gain=16.569 max|d|=81.05 (no projection)
[ok] toronto_query_-PuMS2UqNh7dbLLfWE37yg direction seed=9012 gain=3.064 max|d|=49.02 (projection 16)
[ok] toronto_query_-PuMS2UqNh7dbLLfWE37yg direction_eot seed=9012 gain=2.499 max|d|=39.98 (projection 16)
[ok] toronto_query_-PuMS2UqNh7dbLLfWE37yg isotropic seed=9012 gain=16.034 max|d|=75.86 (no projection)
[ok] zurich_query_1-TXtjFv1nAkC2AZXfhuDg direction seed=5678 gain=3.277 max|d|=52.43 (projection 16)
[ok] zurich_query_1-TXtjFv1nAkC2AZXfhuDg direction_eot seed=5678 gain=2.517 max|d|=40.26 (projection 16)
[ok] zurich_query_1-TXtjFv1nAkC2AZXfhuDg isotropic seed=5678 gain=16.202 max|d|=74.76 (no projection)
[ok] zurich_query_1-TXtjFv1nAkC2AZXfhuDg direction seed=9012 gain=3.191 max|d|=51.05 (projection 16)
[ok] zurich_query_1-TXtjFv1nAkC2AZXfhuDg direction_eot seed=9012 gain=2.463 max|d|=39.41 (projection 16)
[ok] zurich_query_1-TXtjFv1nAkC2AZXfhuDg isotropic seed=9012 gain=16.175 max|d|=69.40 (no projection)
[done] wrote /root/autodl-tmp/PPEDCRF/src/outputs/tifs6_a8_mse241.5_s2/serialized_release.csv/serialized_release.csv
EXIT=0
