[ok] amman_query_-39Q9edqZUArYHa41OPDoQ direction seed=5678 gain=0.791 max|d|=12.66 (projection 16)
[ok] amman_query_-39Q9edqZUArYHa41OPDoQ direction_eot seed=5678 gain=0.624 max|d|=9.98 (projection 16)
[ok] amman_query_-39Q9edqZUArYHa41OPDoQ isotropic seed=5678 gain=3.964 max|d|=18.82 (no projection)
[ok] amman_query_-39Q9edqZUArYHa41OPDoQ direction seed=9012 gain=0.798 max|d|=12.77 (projection 16)
[ok] amman_query_-39Q9edqZUArYHa41OPDoQ direction_eot seed=9012 gain=0.630 max|d|=10.08 (projection 16)
[ok] amman_query_-39Q9edqZUArYHa41OPDoQ isotropic seed=9012 gain=3.954 max|d|=18.16 (no projection)
[ok] boston_query_--LUAhgqzqNM6FyWSJ-Dsw direction seed=5678 gain=0.786 max|d|=12.57 (projection 16)
[ok] boston_query_--LUAhgqzqNM6FyWSJ-Dsw direction_eot seed=5678 gain=0.624 max|d|=9.99 (projection 16)
[ok] boston_query_--LUAhgqzqNM6FyWSJ-Dsw isotropic seed=5678 gain=3.976 max|d|=18.51 (no projection)
[ok] boston_query_--LUAhgqzqNM6FyWSJ-Dsw direction seed=9012 gain=0.783 max|d|=12.52 (projection 16)
[ok] boston_query_--LUAhgqzqNM6FyWSJ-Dsw direction_eot seed=9012 gain=0.607 max|d|=9.72 (projection 16)
[ok] boston_query_--LUAhgqzqNM6FyWSJ-Dsw isotropic seed=9012 gain=3.962 max|d|=17.71 (no projection)
[ok] cph_query_--FyHVca3HP-QgUmcAvToA direction seed=5678 gain=0.799 max|d|=12.79 (projection 16)
[ok] cph_query_--FyHVca3HP-QgUmcAvToA direction_eot seed=5678 gain=0.643 max|d|=10.30 (projection 16)
[ok] cph_query_--FyHVca3HP-QgUmcAvToA isotropic seed=5678 gain=3.990 max|d|=19.60 (no projection)
[ok] cph_query_--FyHVca3HP-QgUmcAvToA direction seed=9012 gain=0.810 max|d|=12.96 (projection 16)
[ok] cph_query_--FyHVca3HP-QgUmcAvToA direction_eot seed=9012 gain=0.642 max|d|=10.27 (projection 16)
[ok] cph_query_--FyHVca3HP-QgUmcAvToA isotropic seed=9012 gain=3.970 max|d|=21.08 (no projection)
[ok] london_query_-0u7VsCOCAmwH4RFsN5BoA direction seed=5678 gain=0.763 max|d|=12.21 (projection 16)
[ok] london_query_-0u7VsCOCAmwH4RFsN5BoA direction_eot seed=5678 gain=0.601 max|d|=9.61 (projection 16)
[ok] london_query_-0u7VsCOCAmwH4RFsN5BoA isotropic seed=5678 gain=4.091 max|d|=18.47 (no projection)
[ok] london_query_-0u7VsCOCAmwH4RFsN5BoA direction seed=9012 gain=0.761 max|d|=12.17 (projection 16)
[ok] london_query_-0u7VsCOCAmwH4RFsN5BoA direction_eot seed=9012 gain=0.614 max|d|=9.83 (projection 16)
[ok] london_query_-0u7VsCOCAmwH4RFsN5BoA isotropic seed=9012 gain=4.094 max|d|=17.73 (no projection)
[ok] manila_query_-10kuZ2TqVxJ-YLQJl2uqA direction seed=5678 gain=0.718 max|d|=11.49 (projection 16)
[ok] manila_query_-10kuZ2TqVxJ-YLQJl2uqA direction_eot seed=5678 gain=0.572 max|d|=9.16 (projection 16)
[ok] manila_query_-10kuZ2TqVxJ-YLQJl2uqA isotropic seed=5678 gain=3.953 max|d|=20.91 (no projection)
[ok] manila_query_-10kuZ2TqVxJ-YLQJl2uqA direction seed=9012 gain=0.722 max|d|=11.55 (projection 16)
[ok] manila_query_-10kuZ2TqVxJ-YLQJl2uqA direction_eot seed=9012 gain=0.581 max|d|=9.29 (projection 16)
[ok] manila_query_-10kuZ2TqVxJ-YLQJl2uqA isotropic seed=9012 gain=3.967 max|d|=17.56 (no projection)
[ok] nairobi_query_-K4R8iYrz9LwQ7wia8JZtQ direction seed=5678 gain=0.767 max|d|=12.28 (projection 16)
[ok] nairobi_query_-K4R8iYrz9LwQ7wia8JZtQ direction_eot seed=5678 gain=0.594 max|d|=9.50 (projection 16)
[ok] nairobi_query_-K4R8iYrz9LwQ7wia8JZtQ isotropic seed=5678 gain=3.953 max|d|=17.61 (no projection)
[ok] nairobi_query_-K4R8iYrz9LwQ7wia8JZtQ direction seed=9012 gain=0.766 max|d|=12.26 (projection 16)
[ok] nairobi_query_-K4R8iYrz9LwQ7wia8JZtQ direction_eot seed=9012 gain=0.631 max|d|=10.09 (projection 16)
[ok] nairobi_query_-K4R8iYrz9LwQ7wia8JZtQ isotropic seed=9012 gain=3.966 max|d|=17.73 (no projection)
[ok] toronto_query_-1caqsIDW4YpUBZB98J9uV direction seed=5678 gain=0.788 max|d|=12.61 (projection 16)
[ok] toronto_query_-1caqsIDW4YpUBZB98J9uV direction_eot seed=5678 gain=0.606 max|d|=9.70 (projection 16)
[ok] toronto_query_-1caqsIDW4YpUBZB98J9uV isotropic seed=5678 gain=4.056 max|d|=18.13 (no projection)
[ok] toronto_query_-1caqsIDW4YpUBZB98J9uV direction seed=9012 gain=0.792 max|d|=12.67 (projection 16)
[ok] toronto_query_-1caqsIDW4YpUBZB98J9uV direction_eot seed=9012 gain=0.627 max|d|=10.03 (projection 16)
[ok] toronto_query_-1caqsIDW4YpUBZB98J9uV isotropic seed=9012 gain=4.052 max|d|=19.71 (no projection)
[ok] zurich_query_--RjvuIbkJiPNJknyeZN_Q direction seed=5678 gain=0.782 max|d|=12.51 (projection 16)
[ok] zurich_query_--RjvuIbkJiPNJknyeZN_Q direction_eot seed=5678 gain=0.639 max|d|=10.23 (projection 16)
[ok] zurich_query_--RjvuIbkJiPNJknyeZN_Q isotropic seed=5678 gain=3.939 max|d|=18.12 (no projection)
[ok] zurich_query_--RjvuIbkJiPNJknyeZN_Q direction seed=9012 gain=0.789 max|d|=12.62 (projection 16)
[ok] zurich_query_--RjvuIbkJiPNJknyeZN_Q direction_eot seed=9012 gain=0.620 max|d|=9.92 (projection 16)
[ok] zurich_query_--RjvuIbkJiPNJknyeZN_Q isotropic seed=9012 gain=3.952 max|d|=20.90 (no projection)
[ok] amman_query_-6eEB_fS2eePRNUql6vOrQ direction seed=5678 gain=0.740 max|d|=11.84 (projection 16)
[ok] amman_query_-6eEB_fS2eePRNUql6vOrQ direction_eot seed=5678 gain=0.591 max|d|=9.46 (projection 16)
[ok] amman_query_-6eEB_fS2eePRNUql6vOrQ isotropic seed=5678 gain=3.966 max|d|=20.02 (no projection)
[ok] amman_query_-6eEB_fS2eePRNUql6vOrQ direction seed=9012 gain=0.732 max|d|=11.71 (projection 16)
[ok] amman_query_-6eEB_fS2eePRNUql6vOrQ direction_eot seed=9012 gain=0.605 max|d|=9.67 (projection 16)
[ok] amman_query_-6eEB_fS2eePRNUql6vOrQ isotropic seed=9012 gain=3.964 max|d|=18.69 (no projection)
[ok] boston_query_--VtRctVkqAafFr5b_6GXg direction seed=5678 gain=0.768 max|d|=12.28 (projection 16)
[ok] boston_query_--VtRctVkqAafFr5b_6GXg direction_eot seed=5678 gain=0.602 max|d|=9.64 (projection 16)
[ok] boston_query_--VtRctVkqAafFr5b_6GXg isotropic seed=5678 gain=3.964 max|d|=16.93 (no projection)
[ok] boston_query_--VtRctVkqAafFr5b_6GXg direction seed=9012 gain=0.755 max|d|=12.08 (projection 16)
[ok] boston_query_--VtRctVkqAafFr5b_6GXg direction_eot seed=9012 gain=0.604 max|d|=9.66 (projection 16)
[ok] boston_query_--VtRctVkqAafFr5b_6GXg isotropic seed=9012 gain=3.973 max|d|=17.19 (no projection)
[ok] cph_query_--kN3Y3n0x47vWa8WX-a8w direction seed=5678 gain=0.772 max|d|=12.36 (projection 16)
[ok] cph_query_--kN3Y3n0x47vWa8WX-a8w direction_eot seed=5678 gain=0.642 max|d|=10.28 (projection 16)
[ok] cph_query_--kN3Y3n0x47vWa8WX-a8w isotropic seed=5678 gain=3.953 max|d|=18.94 (no projection)
[ok] cph_query_--kN3Y3n0x47vWa8WX-a8w direction seed=9012 gain=0.781 max|d|=12.50 (projection 16)
[ok] cph_query_--kN3Y3n0x47vWa8WX-a8w direction_eot seed=9012 gain=0.601 max|d|=9.62 (projection 16)
[ok] cph_query_--kN3Y3n0x47vWa8WX-a8w isotropic seed=9012 gain=3.965 max|d|=18.32 (no projection)
[ok] london_query_-4Vq2O1PhPmG6WK-yV402Q direction seed=5678 gain=0.784 max|d|=12.55 (projection 16)
[ok] london_query_-4Vq2O1PhPmG6WK-yV402Q direction_eot seed=5678 gain=0.628 max|d|=10.04 (projection 16)
[ok] london_query_-4Vq2O1PhPmG6WK-yV402Q isotropic seed=5678 gain=4.068 max|d|=17.51 (no projection)
[ok] london_query_-4Vq2O1PhPmG6WK-yV402Q direction seed=9012 gain=0.783 max|d|=12.53 (projection 16)
[ok] london_query_-4Vq2O1PhPmG6WK-yV402Q direction_eot seed=9012 gain=0.641 max|d|=10.26 (projection 16)
[ok] london_query_-4Vq2O1PhPmG6WK-yV402Q isotropic seed=9012 gain=4.058 max|d|=18.71 (no projection)
[ok] manila_query_-10rV9IlRhgTnk5e_QJbgA direction seed=5678 gain=0.795 max|d|=12.72 (projection 16)
[ok] manila_query_-10rV9IlRhgTnk5e_QJbgA direction_eot seed=5678 gain=0.640 max|d|=10.24 (projection 16)
[ok] manila_query_-10rV9IlRhgTnk5e_QJbgA isotropic seed=5678 gain=4.018 max|d|=17.73 (no projection)
[ok] manila_query_-10rV9IlRhgTnk5e_QJbgA direction seed=9012 gain=0.797 max|d|=12.75 (projection 16)
[ok] manila_query_-10rV9IlRhgTnk5e_QJbgA direction_eot seed=9012 gain=0.630 max|d|=10.07 (projection 16)
[ok] manila_query_-10rV9IlRhgTnk5e_QJbgA isotropic seed=9012 gain=4.079 max|d|=17.54 (no projection)
[ok] nairobi_query_-cS3FR1RBElNB48QQHiL0Q direction seed=5678 gain=0.797 max|d|=12.75 (projection 16)
[ok] nairobi_query_-cS3FR1RBElNB48QQHiL0Q direction_eot seed=5678 gain=0.636 max|d|=10.17 (projection 16)
[ok] nairobi_query_-cS3FR1RBElNB48QQHiL0Q isotropic seed=5678 gain=3.971 max|d|=20.35 (no projection)
[ok] nairobi_query_-cS3FR1RBElNB48QQHiL0Q direction seed=9012 gain=0.789 max|d|=12.62 (projection 16)
[ok] nairobi_query_-cS3FR1RBElNB48QQHiL0Q direction_eot seed=9012 gain=0.628 max|d|=10.04 (projection 16)
[ok] nairobi_query_-cS3FR1RBElNB48QQHiL0Q isotropic seed=9012 gain=3.964 max|d|=19.47 (no projection)
[ok] toronto_query_-3UT7A8bNUkVBgSLW30-ow direction seed=5678 gain=0.809 max|d|=12.94 (projection 16)
[ok] toronto_query_-3UT7A8bNUkVBgSLW30-ow direction_eot seed=5678 gain=0.655 max|d|=10.48 (projection 16)
[ok] toronto_query_-3UT7A8bNUkVBgSLW30-ow isotropic seed=5678 gain=4.041 max|d|=19.42 (no projection)
[ok] toronto_query_-3UT7A8bNUkVBgSLW30-ow direction seed=9012 gain=0.815 max|d|=13.05 (projection 16)
[ok] toronto_query_-3UT7A8bNUkVBgSLW30-ow direction_eot seed=9012 gain=0.637 max|d|=10.19 (projection 16)
[ok] toronto_query_-3UT7A8bNUkVBgSLW30-ow isotropic seed=9012 gain=4.046 max|d|=20.81 (no projection)
[ok] zurich_query_-25E3MQ0PY1vs_FT7mKaUw direction seed=5678 gain=0.776 max|d|=12.42 (projection 16)
[ok] zurich_query_-25E3MQ0PY1vs_FT7mKaUw direction_eot seed=5678 gain=0.639 max|d|=10.22 (projection 16)
[ok] zurich_query_-25E3MQ0PY1vs_FT7mKaUw isotropic seed=5678 gain=4.002 max|d|=17.74 (no projection)
[ok] zurich_query_-25E3MQ0PY1vs_FT7mKaUw direction seed=9012 gain=0.784 max|d|=12.55 (projection 16)
[ok] zurich_query_-25E3MQ0PY1vs_FT7mKaUw direction_eot seed=9012 gain=0.625 max|d|=10.00 (projection 16)
[ok] zurich_query_-25E3MQ0PY1vs_FT7mKaUw isotropic seed=9012 gain=3.996 max|d|=17.51 (no projection)
[ok] amman_query_-BJoV1t0rKwEzk0bsZplVQ direction seed=5678 gain=0.837 max|d|=13.39 (projection 16)
[ok] amman_query_-BJoV1t0rKwEzk0bsZplVQ direction_eot seed=5678 gain=0.660 max|d|=10.56 (projection 16)
[ok] amman_query_-BJoV1t0rKwEzk0bsZplVQ isotropic seed=5678 gain=3.972 max|d|=17.41 (no projection)
[ok] amman_query_-BJoV1t0rKwEzk0bsZplVQ direction seed=9012 gain=0.820 max|d|=13.13 (projection 16)
[ok] amman_query_-BJoV1t0rKwEzk0bsZplVQ direction_eot seed=9012 gain=0.631 max|d|=10.09 (projection 16)
[ok] amman_query_-BJoV1t0rKwEzk0bsZplVQ isotropic seed=9012 gain=3.953 max|d|=18.95 (no projection)
[ok] boston_query_-0n5FDAuOditKvxIekIbBg direction seed=5678 gain=0.809 max|d|=12.94 (projection 16)
[ok] boston_query_-0n5FDAuOditKvxIekIbBg direction_eot seed=5678 gain=0.678 max|d|=10.84 (projection 16)
[ok] boston_query_-0n5FDAuOditKvxIekIbBg isotropic seed=5678 gain=3.699 max|d|=16.63 (no projection)
[ok] boston_query_-0n5FDAuOditKvxIekIbBg direction seed=9012 gain=0.816 max|d|=13.05 (projection 16)
[ok] boston_query_-0n5FDAuOditKvxIekIbBg direction_eot seed=9012 gain=0.683 max|d|=10.92 (projection 16)
[ok] boston_query_-0n5FDAuOditKvxIekIbBg isotropic seed=9012 gain=4.050 max|d|=19.49 (no projection)
[ok] cph_query_--xKnCCc_4tDGo80iM-A_g direction seed=5678 gain=0.730 max|d|=11.69 (projection 16)
[ok] cph_query_--xKnCCc_4tDGo80iM-A_g direction_eot seed=5678 gain=0.619 max|d|=9.91 (projection 16)
[ok] cph_query_--xKnCCc_4tDGo80iM-A_g isotropic seed=5678 gain=3.977 max|d|=18.87 (no projection)
[ok] cph_query_--xKnCCc_4tDGo80iM-A_g direction seed=9012 gain=0.726 max|d|=11.61 (projection 16)
[ok] cph_query_--xKnCCc_4tDGo80iM-A_g direction_eot seed=9012 gain=0.592 max|d|=9.48 (projection 16)
[ok] cph_query_--xKnCCc_4tDGo80iM-A_g isotropic seed=9012 gain=3.977 max|d|=19.84 (no projection)
[ok] london_query_-4pmBOZmF-ynXSkWw5BAew direction seed=5678 gain=0.731 max|d|=11.70 (projection 16)
[ok] london_query_-4pmBOZmF-ynXSkWw5BAew direction_eot seed=5678 gain=0.580 max|d|=9.28 (projection 16)
[ok] london_query_-4pmBOZmF-ynXSkWw5BAew isotropic seed=5678 gain=4.121 max|d|=18.58 (no projection)
[ok] london_query_-4pmBOZmF-ynXSkWw5BAew direction seed=9012 gain=0.718 max|d|=11.48 (projection 16)
[ok] london_query_-4pmBOZmF-ynXSkWw5BAew direction_eot seed=9012 gain=0.575 max|d|=9.20 (projection 16)
[ok] london_query_-4pmBOZmF-ynXSkWw5BAew isotropic seed=9012 gain=4.137 max|d|=19.66 (no projection)
[ok] manila_query_-2h231ovohZWmrsaBllNyw direction seed=5678 gain=0.706 max|d|=11.30 (projection 16)
[ok] manila_query_-2h231ovohZWmrsaBllNyw direction_eot seed=5678 gain=0.573 max|d|=9.17 (projection 16)
[ok] manila_query_-2h231ovohZWmrsaBllNyw isotropic seed=5678 gain=3.809 max|d|=17.70 (no projection)
[ok] manila_query_-2h231ovohZWmrsaBllNyw direction seed=9012 gain=0.706 max|d|=11.29 (projection 16)
[ok] manila_query_-2h231ovohZWmrsaBllNyw direction_eot seed=9012 gain=0.563 max|d|=9.01 (projection 16)
[ok] manila_query_-2h231ovohZWmrsaBllNyw isotropic seed=9012 gain=3.988 max|d|=18.61 (no projection)
[ok] nairobi_query_-dn1KaWvGY9H5JRLNtaYPg direction seed=5678 gain=0.832 max|d|=13.31 (projection 16)
[ok] nairobi_query_-dn1KaWvGY9H5JRLNtaYPg direction_eot seed=5678 gain=0.663 max|d|=10.62 (projection 16)
[ok] nairobi_query_-dn1KaWvGY9H5JRLNtaYPg isotropic seed=5678 gain=4.116 max|d|=18.64 (no projection)
[ok] nairobi_query_-dn1KaWvGY9H5JRLNtaYPg direction seed=9012 gain=0.833 max|d|=13.33 (projection 16)
[ok] nairobi_query_-dn1KaWvGY9H5JRLNtaYPg direction_eot seed=9012 gain=0.656 max|d|=10.50 (projection 16)
[ok] nairobi_query_-dn1KaWvGY9H5JRLNtaYPg isotropic seed=9012 gain=4.110 max|d|=19.45 (no projection)
[ok] toronto_query_-4IVXvKV2D8brXjQPZ1GRA direction seed=5678 gain=0.732 max|d|=11.72 (projection 16)
[ok] toronto_query_-4IVXvKV2D8brXjQPZ1GRA direction_eot seed=5678 gain=0.602 max|d|=9.63 (projection 16)
[ok] toronto_query_-4IVXvKV2D8brXjQPZ1GRA isotropic seed=5678 gain=4.112 max|d|=19.00 (no projection)
[ok] toronto_query_-4IVXvKV2D8brXjQPZ1GRA direction seed=9012 gain=0.741 max|d|=11.86 (projection 16)
[ok] toronto_query_-4IVXvKV2D8brXjQPZ1GRA direction_eot seed=9012 gain=0.587 max|d|=9.39 (projection 16)
[ok] toronto_query_-4IVXvKV2D8brXjQPZ1GRA isotropic seed=9012 gain=4.125 max|d|=20.92 (no projection)
[ok] zurich_query_-4StYjY5sT1S23ls5heCbg direction seed=5678 gain=0.724 max|d|=11.59 (projection 16)
[ok] zurich_query_-4StYjY5sT1S23ls5heCbg direction_eot seed=5678 gain=0.583 max|d|=9.33 (projection 16)
[ok] zurich_query_-4StYjY5sT1S23ls5heCbg isotropic seed=5678 gain=4.083 max|d|=18.69 (no projection)
[ok] zurich_query_-4StYjY5sT1S23ls5heCbg direction seed=9012 gain=0.724 max|d|=11.58 (projection 16)
[ok] zurich_query_-4StYjY5sT1S23ls5heCbg direction_eot seed=9012 gain=0.586 max|d|=9.38 (projection 16)
[ok] zurich_query_-4StYjY5sT1S23ls5heCbg isotropic seed=9012 gain=4.079 max|d|=18.59 (no projection)
[ok] amman_query_-D0IlKF__f0c9DPAKbiYnw direction seed=5678 gain=0.838 max|d|=13.41 (projection 16)
[ok] amman_query_-D0IlKF__f0c9DPAKbiYnw direction_eot seed=5678 gain=0.694 max|d|=11.11 (projection 16)
[ok] amman_query_-D0IlKF__f0c9DPAKbiYnw isotropic seed=5678 gain=3.971 max|d|=17.24 (no projection)
[ok] amman_query_-D0IlKF__f0c9DPAKbiYnw direction seed=9012 gain=0.842 max|d|=13.47 (projection 16)
[ok] amman_query_-D0IlKF__f0c9DPAKbiYnw direction_eot seed=9012 gain=0.692 max|d|=11.07 (projection 16)
[ok] amman_query_-D0IlKF__f0c9DPAKbiYnw isotropic seed=9012 gain=3.957 max|d|=18.16 (no projection)
[ok] boston_query_-3hM-MR6uuw3se14vw3G0w direction seed=5678 gain=0.823 max|d|=13.16 (projection 16)
[ok] boston_query_-3hM-MR6uuw3se14vw3G0w direction_eot seed=5678 gain=0.665 max|d|=10.64 (projection 16)
[ok] boston_query_-3hM-MR6uuw3se14vw3G0w isotropic seed=5678 gain=3.972 max|d|=18.86 (no projection)
[ok] boston_query_-3hM-MR6uuw3se14vw3G0w direction seed=9012 gain=0.819 max|d|=13.10 (projection 16)
[ok] boston_query_-3hM-MR6uuw3se14vw3G0w direction_eot seed=9012 gain=0.669 max|d|=10.71 (projection 16)
[ok] boston_query_-3hM-MR6uuw3se14vw3G0w isotropic seed=9012 gain=3.985 max|d|=18.01 (no projection)
[ok] cph_query_-05vIhjxDNupFcgaM90L3w direction seed=5678 gain=0.738 max|d|=11.81 (projection 16)
[ok] cph_query_-05vIhjxDNupFcgaM90L3w direction_eot seed=5678 gain=0.599 max|d|=9.58 (projection 16)
[ok] cph_query_-05vIhjxDNupFcgaM90L3w isotropic seed=5678 gain=3.953 max|d|=17.36 (no projection)
[ok] cph_query_-05vIhjxDNupFcgaM90L3w direction seed=9012 gain=0.735 max|d|=11.75 (projection 16)
[ok] cph_query_-05vIhjxDNupFcgaM90L3w direction_eot seed=9012 gain=0.586 max|d|=9.38 (projection 16)
[ok] cph_query_-05vIhjxDNupFcgaM90L3w isotropic seed=9012 gain=4.041 max|d|=18.20 (no projection)
[ok] london_query_-5QOE2AlZX8rEz8ONtGRrg direction seed=5678 gain=0.796 max|d|=12.73 (projection 16)
[ok] london_query_-5QOE2AlZX8rEz8ONtGRrg direction_eot seed=5678 gain=0.632 max|d|=10.11 (projection 16)
[ok] london_query_-5QOE2AlZX8rEz8ONtGRrg isotropic seed=5678 gain=3.964 max|d|=18.63 (no projection)
[ok] london_query_-5QOE2AlZX8rEz8ONtGRrg direction seed=9012 gain=0.810 max|d|=12.96 (projection 16)
[ok] london_query_-5QOE2AlZX8rEz8ONtGRrg direction_eot seed=9012 gain=0.638 max|d|=10.20 (projection 16)
[ok] london_query_-5QOE2AlZX8rEz8ONtGRrg isotropic seed=9012 gain=3.970 max|d|=17.78 (no projection)
[ok] manila_query_-3H2xPWPOqn_dCF2Lz5EtQ direction seed=5678 gain=0.752 max|d|=12.03 (projection 16)
[ok] manila_query_-3H2xPWPOqn_dCF2Lz5EtQ direction_eot seed=5678 gain=0.589 max|d|=9.43 (projection 16)
[ok] manila_query_-3H2xPWPOqn_dCF2Lz5EtQ isotropic seed=5678 gain=4.045 max|d|=18.77 (no projection)
[ok] manila_query_-3H2xPWPOqn_dCF2Lz5EtQ direction seed=9012 gain=0.766 max|d|=12.25 (projection 16)
[ok] manila_query_-3H2xPWPOqn_dCF2Lz5EtQ direction_eot seed=9012 gain=0.596 max|d|=9.54 (projection 16)
[ok] manila_query_-3H2xPWPOqn_dCF2Lz5EtQ isotropic seed=9012 gain=4.043 max|d|=17.90 (no projection)
[ok] nairobi_query_-f7xKWoDFjaXHyTtnRqVKw direction seed=5678 gain=0.840 max|d|=13.44 (projection 16)
[ok] nairobi_query_-f7xKWoDFjaXHyTtnRqVKw direction_eot seed=5678 gain=0.670 max|d|=10.72 (projection 16)
[ok] nairobi_query_-f7xKWoDFjaXHyTtnRqVKw isotropic seed=5678 gain=4.002 max|d|=18.56 (no projection)
[ok] nairobi_query_-f7xKWoDFjaXHyTtnRqVKw direction seed=9012 gain=0.837 max|d|=13.39 (projection 16)
[ok] nairobi_query_-f7xKWoDFjaXHyTtnRqVKw direction_eot seed=9012 gain=0.677 max|d|=10.83 (projection 16)
[ok] nairobi_query_-f7xKWoDFjaXHyTtnRqVKw isotropic seed=9012 gain=3.994 max|d|=17.57 (no projection)
[ok] toronto_query_-4mlNvZUZnbmRaGbiIndoA direction seed=5678 gain=0.698 max|d|=11.16 (projection 16)
[ok] toronto_query_-4mlNvZUZnbmRaGbiIndoA direction_eot seed=5678 gain=0.583 max|d|=9.33 (projection 16)
[ok] toronto_query_-4mlNvZUZnbmRaGbiIndoA isotropic seed=5678 gain=4.028 max|d|=18.28 (no projection)
[ok] toronto_query_-4mlNvZUZnbmRaGbiIndoA direction seed=9012 gain=0.708 max|d|=11.33 (projection 16)
[ok] toronto_query_-4mlNvZUZnbmRaGbiIndoA direction_eot seed=9012 gain=0.594 max|d|=9.50 (projection 16)
[ok] toronto_query_-4mlNvZUZnbmRaGbiIndoA isotropic seed=9012 gain=4.023 max|d|=20.02 (no projection)
[ok] zurich_query_-71-BK_yAOJ1soK0OQWIcg direction seed=5678 gain=0.665 max|d|=10.65 (projection 16)
[ok] zurich_query_-71-BK_yAOJ1soK0OQWIcg direction_eot seed=5678 gain=0.560 max|d|=8.96 (projection 16)
[ok] zurich_query_-71-BK_yAOJ1soK0OQWIcg isotropic seed=5678 gain=3.990 max|d|=17.51 (no projection)
[ok] zurich_query_-71-BK_yAOJ1soK0OQWIcg direction seed=9012 gain=0.668 max|d|=10.70 (projection 16)
[ok] zurich_query_-71-BK_yAOJ1soK0OQWIcg direction_eot seed=9012 gain=0.559 max|d|=8.95 (projection 16)
[ok] zurich_query_-71-BK_yAOJ1soK0OQWIcg isotropic seed=9012 gain=3.980 max|d|=18.75 (no projection)
[ok] amman_query_-EAmCN9i5BGEadZIccXEyA direction seed=5678 gain=0.795 max|d|=12.72 (projection 16)
[ok] amman_query_-EAmCN9i5BGEadZIccXEyA direction_eot seed=5678 gain=0.626 max|d|=10.02 (projection 16)
[ok] amman_query_-EAmCN9i5BGEadZIccXEyA isotropic seed=5678 gain=3.973 max|d|=17.91 (no projection)
[ok] amman_query_-EAmCN9i5BGEadZIccXEyA direction seed=9012 gain=0.803 max|d|=12.84 (projection 16)
[ok] amman_query_-EAmCN9i5BGEadZIccXEyA direction_eot seed=9012 gain=0.621 max|d|=9.94 (projection 16)
[ok] amman_query_-EAmCN9i5BGEadZIccXEyA isotropic seed=9012 gain=3.984 max|d|=18.92 (no projection)
[ok] boston_query_-4vuSn0vvcBVOccgQqFlow direction seed=5678 gain=0.742 max|d|=11.86 (projection 16)
[ok] boston_query_-4vuSn0vvcBVOccgQqFlow direction_eot seed=5678 gain=0.579 max|d|=9.26 (projection 16)
[ok] boston_query_-4vuSn0vvcBVOccgQqFlow isotropic seed=5678 gain=3.969 max|d|=17.11 (no projection)
[ok] boston_query_-4vuSn0vvcBVOccgQqFlow direction seed=9012 gain=0.743 max|d|=11.89 (projection 16)
[ok] boston_query_-4vuSn0vvcBVOccgQqFlow direction_eot seed=9012 gain=0.580 max|d|=9.29 (projection 16)
[ok] boston_query_-4vuSn0vvcBVOccgQqFlow isotropic seed=9012 gain=3.976 max|d|=17.78 (no projection)
[ok] cph_query_-07-gME-zaQLhCsFrSInSg direction seed=5678 gain=0.808 max|d|=12.93 (projection 16)
[ok] cph_query_-07-gME-zaQLhCsFrSInSg direction_eot seed=5678 gain=0.663 max|d|=10.60 (projection 16)
[ok] cph_query_-07-gME-zaQLhCsFrSInSg isotropic seed=5678 gain=4.038 max|d|=17.41 (no projection)
[ok] cph_query_-07-gME-zaQLhCsFrSInSg direction seed=9012 gain=0.814 max|d|=13.02 (projection 16)
[ok] cph_query_-07-gME-zaQLhCsFrSInSg direction_eot seed=9012 gain=0.673 max|d|=10.77 (projection 16)
[ok] cph_query_-07-gME-zaQLhCsFrSInSg isotropic seed=9012 gain=4.034 max|d|=18.02 (no projection)
[ok] london_query_-7U9wY8ynnu3oZ1g_-0xww direction seed=5678 gain=0.736 max|d|=11.77 (projection 16)
[ok] london_query_-7U9wY8ynnu3oZ1g_-0xww direction_eot seed=5678 gain=0.598 max|d|=9.57 (projection 16)
[ok] london_query_-7U9wY8ynnu3oZ1g_-0xww isotropic seed=5678 gain=4.052 max|d|=19.12 (no projection)
[ok] london_query_-7U9wY8ynnu3oZ1g_-0xww direction seed=9012 gain=0.742 max|d|=11.87 (projection 16)
[ok] london_query_-7U9wY8ynnu3oZ1g_-0xww direction_eot seed=9012 gain=0.590 max|d|=9.44 (projection 16)
[ok] london_query_-7U9wY8ynnu3oZ1g_-0xww isotropic seed=9012 gain=4.053 max|d|=19.20 (no projection)
[ok] manila_query_-5pMypBbFEXHPOTYNJl_EA direction seed=5678 gain=0.772 max|d|=12.35 (projection 16)
[ok] manila_query_-5pMypBbFEXHPOTYNJl_EA direction_eot seed=5678 gain=0.623 max|d|=9.97 (projection 16)
[ok] manila_query_-5pMypBbFEXHPOTYNJl_EA isotropic seed=5678 gain=3.957 max|d|=18.47 (no projection)
[ok] manila_query_-5pMypBbFEXHPOTYNJl_EA direction seed=9012 gain=0.774 max|d|=12.38 (projection 16)
[ok] manila_query_-5pMypBbFEXHPOTYNJl_EA direction_eot seed=9012 gain=0.603 max|d|=9.65 (projection 16)
[ok] manila_query_-5pMypBbFEXHPOTYNJl_EA isotropic seed=9012 gain=4.038 max|d|=17.51 (no projection)
[ok] nairobi_query_-rWgRitoKSYrdczUKUiOrA direction seed=5678 gain=0.827 max|d|=13.22 (projection 16)
[ok] nairobi_query_-rWgRitoKSYrdczUKUiOrA direction_eot seed=5678 gain=0.619 max|d|=9.90 (projection 16)
[ok] nairobi_query_-rWgRitoKSYrdczUKUiOrA isotropic seed=5678 gain=3.973 max|d|=18.06 (no projection)
[ok] nairobi_query_-rWgRitoKSYrdczUKUiOrA direction seed=9012 gain=0.827 max|d|=13.23 (projection 16)
[ok] nairobi_query_-rWgRitoKSYrdczUKUiOrA direction_eot seed=9012 gain=0.644 max|d|=10.31 (projection 16)
[ok] nairobi_query_-rWgRitoKSYrdczUKUiOrA isotropic seed=9012 gain=3.977 max|d|=18.73 (no projection)
[ok] toronto_query_-5HBlqC41yTbYA1NM7dz1A direction seed=5678 gain=0.723 max|d|=11.57 (projection 16)
[ok] toronto_query_-5HBlqC41yTbYA1NM7dz1A direction_eot seed=5678 gain=0.592 max|d|=9.47 (projection 16)
[ok] toronto_query_-5HBlqC41yTbYA1NM7dz1A isotropic seed=5678 gain=4.068 max|d|=18.31 (no projection)
[ok] toronto_query_-5HBlqC41yTbYA1NM7dz1A direction seed=9012 gain=0.719 max|d|=11.50 (projection 16)
[ok] toronto_query_-5HBlqC41yTbYA1NM7dz1A direction_eot seed=9012 gain=0.588 max|d|=9.41 (projection 16)
[ok] toronto_query_-5HBlqC41yTbYA1NM7dz1A isotropic seed=9012 gain=4.063 max|d|=19.10 (no projection)
[ok] zurich_query_-7bB9HS2MqV7UT7vRyROfg direction seed=5678 gain=0.819 max|d|=13.10 (projection 16)
[ok] zurich_query_-7bB9HS2MqV7UT7vRyROfg direction_eot seed=5678 gain=0.646 max|d|=10.34 (projection 16)
[ok] zurich_query_-7bB9HS2MqV7UT7vRyROfg isotropic seed=5678 gain=3.979 max|d|=18.44 (no projection)
[ok] zurich_query_-7bB9HS2MqV7UT7vRyROfg direction seed=9012 gain=0.812 max|d|=12.99 (projection 16)
[ok] zurich_query_-7bB9HS2MqV7UT7vRyROfg direction_eot seed=9012 gain=0.629 max|d|=10.07 (projection 16)
[ok] zurich_query_-7bB9HS2MqV7UT7vRyROfg isotropic seed=9012 gain=3.978 max|d|=18.14 (no projection)
[ok] amman_query_-L_vanPrT4RcWlLbzCqMKA direction seed=5678 gain=0.745 max|d|=11.93 (projection 16)
[ok] amman_query_-L_vanPrT4RcWlLbzCqMKA direction_eot seed=5678 gain=0.592 max|d|=9.47 (projection 16)
[ok] amman_query_-L_vanPrT4RcWlLbzCqMKA isotropic seed=5678 gain=3.961 max|d|=18.58 (no projection)
[ok] amman_query_-L_vanPrT4RcWlLbzCqMKA direction seed=9012 gain=0.746 max|d|=11.94 (projection 16)
[ok] amman_query_-L_vanPrT4RcWlLbzCqMKA direction_eot seed=9012 gain=0.600 max|d|=9.60 (projection 16)
[ok] amman_query_-L_vanPrT4RcWlLbzCqMKA isotropic seed=9012 gain=3.987 max|d|=19.12 (no projection)
[ok] boston_query_-5-CNr3q7kmRGcDSMueI4w direction seed=5678 gain=0.731 max|d|=11.70 (projection 16)
[ok] boston_query_-5-CNr3q7kmRGcDSMueI4w direction_eot seed=5678 gain=0.623 max|d|=9.97 (projection 16)
[ok] boston_query_-5-CNr3q7kmRGcDSMueI4w isotropic seed=5678 gain=3.959 max|d|=18.15 (no projection)
[ok] boston_query_-5-CNr3q7kmRGcDSMueI4w direction seed=9012 gain=0.731 max|d|=11.69 (projection 16)
[ok] boston_query_-5-CNr3q7kmRGcDSMueI4w direction_eot seed=9012 gain=0.610 max|d|=9.77 (projection 16)
[ok] boston_query_-5-CNr3q7kmRGcDSMueI4w isotropic seed=9012 gain=3.962 max|d|=19.39 (no projection)
[ok] cph_query_-0_HsZnndjHv76QpTyNFCA direction seed=5678 gain=0.737 max|d|=11.79 (projection 16)
[ok] cph_query_-0_HsZnndjHv76QpTyNFCA direction_eot seed=5678 gain=0.589 max|d|=9.43 (projection 16)
[ok] cph_query_-0_HsZnndjHv76QpTyNFCA isotropic seed=5678 gain=3.966 max|d|=17.86 (no projection)
[ok] cph_query_-0_HsZnndjHv76QpTyNFCA direction seed=9012 gain=0.724 max|d|=11.59 (projection 16)
[ok] cph_query_-0_HsZnndjHv76QpTyNFCA direction_eot seed=9012 gain=0.581 max|d|=9.29 (projection 16)
[ok] cph_query_-0_HsZnndjHv76QpTyNFCA isotropic seed=9012 gain=3.971 max|d|=18.06 (no projection)
[ok] london_query_-7cNAk24ZhuoOowcvDoImw direction seed=5678 gain=0.829 max|d|=13.26 (projection 16)
[ok] london_query_-7cNAk24ZhuoOowcvDoImw direction_eot seed=5678 gain=0.657 max|d|=10.51 (projection 16)
[ok] london_query_-7cNAk24ZhuoOowcvDoImw isotropic seed=5678 gain=4.042 max|d|=18.60 (no projection)
[ok] london_query_-7cNAk24ZhuoOowcvDoImw direction seed=9012 gain=0.807 max|d|=12.91 (projection 16)
[ok] london_query_-7cNAk24ZhuoOowcvDoImw direction_eot seed=9012 gain=0.641 max|d|=10.26 (projection 16)
[ok] london_query_-7cNAk24ZhuoOowcvDoImw isotropic seed=9012 gain=4.034 max|d|=19.07 (no projection)
[ok] manila_query_-6NSbTuzpeyDbSXKeGAasg direction seed=5678 gain=0.763 max|d|=12.22 (projection 16)
[ok] manila_query_-6NSbTuzpeyDbSXKeGAasg direction_eot seed=5678 gain=0.630 max|d|=10.08 (projection 16)
[ok] manila_query_-6NSbTuzpeyDbSXKeGAasg isotropic seed=5678 gain=3.968 max|d|=19.32 (no projection)
[ok] manila_query_-6NSbTuzpeyDbSXKeGAasg direction seed=9012 gain=0.776 max|d|=12.42 (projection 16)
[ok] manila_query_-6NSbTuzpeyDbSXKeGAasg direction_eot seed=9012 gain=0.613 max|d|=9.81 (projection 16)
[ok] manila_query_-6NSbTuzpeyDbSXKeGAasg isotropic seed=9012 gain=3.961 max|d|=18.68 (no projection)
[ok] nairobi_query_-yxXz3in11JFniZQAa7m2A direction seed=5678 gain=0.796 max|d|=12.73 (projection 16)
[ok] nairobi_query_-yxXz3in11JFniZQAa7m2A direction_eot seed=5678 gain=0.618 max|d|=9.89 (projection 16)
[ok] nairobi_query_-yxXz3in11JFniZQAa7m2A isotropic seed=5678 gain=4.036 max|d|=18.19 (no projection)
[ok] nairobi_query_-yxXz3in11JFniZQAa7m2A direction seed=9012 gain=0.805 max|d|=12.88 (projection 16)
[ok] nairobi_query_-yxXz3in11JFniZQAa7m2A direction_eot seed=9012 gain=0.629 max|d|=10.06 (projection 16)
[ok] nairobi_query_-yxXz3in11JFniZQAa7m2A isotropic seed=9012 gain=4.107 max|d|=17.84 (no projection)
[ok] toronto_query_-5RKNbex7In9Ys4mH40wXA direction seed=5678 gain=0.757 max|d|=12.11 (projection 16)
[ok] toronto_query_-5RKNbex7In9Ys4mH40wXA direction_eot seed=5678 gain=0.608 max|d|=9.72 (projection 16)
[ok] toronto_query_-5RKNbex7In9Ys4mH40wXA isotropic seed=5678 gain=4.167 max|d|=17.66 (no projection)
[ok] toronto_query_-5RKNbex7In9Ys4mH40wXA direction seed=9012 gain=0.760 max|d|=12.16 (projection 16)
[ok] toronto_query_-5RKNbex7In9Ys4mH40wXA direction_eot seed=9012 gain=0.615 max|d|=9.84 (projection 16)
[ok] toronto_query_-5RKNbex7In9Ys4mH40wXA isotropic seed=9012 gain=4.173 max|d|=19.65 (no projection)
[ok] zurich_query_-ANYzSHAsjItBx6yJauT3A direction seed=5678 gain=0.767 max|d|=12.27 (projection 16)
[ok] zurich_query_-ANYzSHAsjItBx6yJauT3A direction_eot seed=5678 gain=0.599 max|d|=9.58 (projection 16)
[ok] zurich_query_-ANYzSHAsjItBx6yJauT3A isotropic seed=5678 gain=4.052 max|d|=18.78 (no projection)
[ok] zurich_query_-ANYzSHAsjItBx6yJauT3A direction seed=9012 gain=0.765 max|d|=12.25 (projection 16)
[ok] zurich_query_-ANYzSHAsjItBx6yJauT3A direction_eot seed=9012 gain=0.623 max|d|=9.97 (projection 16)
[ok] zurich_query_-ANYzSHAsjItBx6yJauT3A isotropic seed=9012 gain=4.050 max|d|=18.46 (no projection)
[ok] amman_query_-MUBUlzvFxQS_zFg6xNhVg direction seed=5678 gain=0.783 max|d|=12.53 (projection 16)
[ok] amman_query_-MUBUlzvFxQS_zFg6xNhVg direction_eot seed=5678 gain=0.642 max|d|=10.27 (projection 16)
[ok] amman_query_-MUBUlzvFxQS_zFg6xNhVg isotropic seed=5678 gain=3.972 max|d|=17.57 (no projection)
[ok] amman_query_-MUBUlzvFxQS_zFg6xNhVg direction seed=9012 gain=0.786 max|d|=12.58 (projection 16)
[ok] amman_query_-MUBUlzvFxQS_zFg6xNhVg direction_eot seed=9012 gain=0.653 max|d|=10.44 (projection 16)
[ok] amman_query_-MUBUlzvFxQS_zFg6xNhVg isotropic seed=9012 gain=3.976 max|d|=17.03 (no projection)
[ok] boston_query_-6RLrPXAeunQaNK6m645ZA direction seed=5678 gain=0.741 max|d|=11.86 (projection 16)
[ok] boston_query_-6RLrPXAeunQaNK6m645ZA direction_eot seed=5678 gain=0.608 max|d|=9.72 (projection 16)
[ok] boston_query_-6RLrPXAeunQaNK6m645ZA isotropic seed=5678 gain=4.022 max|d|=17.93 (no projection)
[ok] boston_query_-6RLrPXAeunQaNK6m645ZA direction seed=9012 gain=0.738 max|d|=11.81 (projection 16)
[ok] boston_query_-6RLrPXAeunQaNK6m645ZA direction_eot seed=9012 gain=0.612 max|d|=9.80 (projection 16)
[ok] boston_query_-6RLrPXAeunQaNK6m645ZA isotropic seed=9012 gain=4.010 max|d|=17.81 (no projection)
[ok] cph_query_-2N5Dmf5tOm5N83KXgvjDw direction seed=5678 gain=0.753 max|d|=12.05 (projection 16)
[ok] cph_query_-2N5Dmf5tOm5N83KXgvjDw direction_eot seed=5678 gain=0.615 max|d|=9.85 (projection 16)
[ok] cph_query_-2N5Dmf5tOm5N83KXgvjDw isotropic seed=5678 gain=4.169 max|d|=18.96 (no projection)
[ok] cph_query_-2N5Dmf5tOm5N83KXgvjDw direction seed=9012 gain=0.746 max|d|=11.94 (projection 16)
[ok] cph_query_-2N5Dmf5tOm5N83KXgvjDw direction_eot seed=9012 gain=0.592 max|d|=9.48 (projection 16)
[ok] cph_query_-2N5Dmf5tOm5N83KXgvjDw isotropic seed=9012 gain=4.164 max|d|=18.81 (no projection)
[ok] london_query_-8xWvI5d3Z6gfsRDb_kEQQ direction seed=5678 gain=0.733 max|d|=11.73 (projection 16)
[ok] london_query_-8xWvI5d3Z6gfsRDb_kEQQ direction_eot seed=5678 gain=0.579 max|d|=9.26 (projection 16)
[ok] london_query_-8xWvI5d3Z6gfsRDb_kEQQ isotropic seed=5678 gain=4.072 max|d|=18.90 (no projection)
[ok] london_query_-8xWvI5d3Z6gfsRDb_kEQQ direction seed=9012 gain=0.730 max|d|=11.68 (projection 16)
[ok] london_query_-8xWvI5d3Z6gfsRDb_kEQQ direction_eot seed=9012 gain=0.584 max|d|=9.34 (projection 16)
[ok] london_query_-8xWvI5d3Z6gfsRDb_kEQQ isotropic seed=9012 gain=4.065 max|d|=19.02 (no projection)
[ok] manila_query_-6_2C-ExaVhx4ONvHOvffw direction seed=5678 gain=0.721 max|d|=11.54 (projection 16)
[ok] manila_query_-6_2C-ExaVhx4ONvHOvffw direction_eot seed=5678 gain=0.579 max|d|=9.27 (projection 16)
[ok] manila_query_-6_2C-ExaVhx4ONvHOvffw isotropic seed=5678 gain=4.054 max|d|=17.83 (no projection)
[ok] manila_query_-6_2C-ExaVhx4ONvHOvffw direction seed=9012 gain=0.716 max|d|=11.46 (projection 16)
[ok] manila_query_-6_2C-ExaVhx4ONvHOvffw direction_eot seed=9012 gain=0.576 max|d|=9.22 (projection 16)
[ok] manila_query_-6_2C-ExaVhx4ONvHOvffw isotropic seed=9012 gain=4.053 max|d|=18.59 (no projection)
[ok] nairobi_query_0-ZdPdUGwVdDwKbIOxQCBA direction seed=5678 gain=0.822 max|d|=13.15 (projection 16)
[ok] nairobi_query_0-ZdPdUGwVdDwKbIOxQCBA direction_eot seed=5678 gain=0.670 max|d|=10.73 (projection 16)
[ok] nairobi_query_0-ZdPdUGwVdDwKbIOxQCBA isotropic seed=5678 gain=3.974 max|d|=17.50 (no projection)
[ok] nairobi_query_0-ZdPdUGwVdDwKbIOxQCBA direction seed=9012 gain=0.819 max|d|=13.11 (projection 16)
[ok] nairobi_query_0-ZdPdUGwVdDwKbIOxQCBA direction_eot seed=9012 gain=0.664 max|d|=10.62 (projection 16)
[ok] nairobi_query_0-ZdPdUGwVdDwKbIOxQCBA isotropic seed=9012 gain=3.982 max|d|=17.93 (no projection)
[ok] toronto_query_-5ryd5v5eXUsmP9y4p6w_g direction seed=5678 gain=0.801 max|d|=12.82 (projection 16)
[ok] toronto_query_-5ryd5v5eXUsmP9y4p6w_g direction_eot seed=5678 gain=0.635 max|d|=10.16 (projection 16)
[ok] toronto_query_-5ryd5v5eXUsmP9y4p6w_g isotropic seed=5678 gain=3.952 max|d|=17.76 (no projection)
[ok] toronto_query_-5ryd5v5eXUsmP9y4p6w_g direction seed=9012 gain=0.797 max|d|=12.75 (projection 16)
[ok] toronto_query_-5ryd5v5eXUsmP9y4p6w_g direction_eot seed=9012 gain=0.639 max|d|=10.22 (projection 16)
[ok] toronto_query_-5ryd5v5eXUsmP9y4p6w_g isotropic seed=9012 gain=3.973 max|d|=17.64 (no projection)
[ok] zurich_query_-Bz7by7mnVU_HZbXc8FmpQ direction seed=5678 gain=0.748 max|d|=11.96 (projection 16)
[ok] zurich_query_-Bz7by7mnVU_HZbXc8FmpQ direction_eot seed=5678 gain=0.575 max|d|=9.20 (projection 16)
[ok] zurich_query_-Bz7by7mnVU_HZbXc8FmpQ isotropic seed=5678 gain=3.955 max|d|=17.76 (no projection)
[ok] zurich_query_-Bz7by7mnVU_HZbXc8FmpQ direction seed=9012 gain=0.758 max|d|=12.13 (projection 16)
[ok] zurich_query_-Bz7by7mnVU_HZbXc8FmpQ direction_eot seed=9012 gain=0.582 max|d|=9.32 (projection 16)
[ok] zurich_query_-Bz7by7mnVU_HZbXc8FmpQ isotropic seed=9012 gain=3.963 max|d|=18.28 (no projection)
[ok] amman_query_-N1g8CEJP4UIaWH8Qqja2g direction seed=5678 gain=0.776 max|d|=12.42 (projection 16)
[ok] amman_query_-N1g8CEJP4UIaWH8Qqja2g direction_eot seed=5678 gain=0.620 max|d|=9.92 (projection 16)
[ok] amman_query_-N1g8CEJP4UIaWH8Qqja2g isotropic seed=5678 gain=3.967 max|d|=17.47 (no projection)
[ok] amman_query_-N1g8CEJP4UIaWH8Qqja2g direction seed=9012 gain=0.774 max|d|=12.39 (projection 16)
[ok] amman_query_-N1g8CEJP4UIaWH8Qqja2g direction_eot seed=9012 gain=0.632 max|d|=10.11 (projection 16)
[ok] amman_query_-N1g8CEJP4UIaWH8Qqja2g isotropic seed=9012 gain=3.977 max|d|=20.35 (no projection)
[ok] boston_query_-7KZUz5u8-7ja98pf8etVA direction seed=5678 gain=0.804 max|d|=12.87 (projection 16)
[ok] boston_query_-7KZUz5u8-7ja98pf8etVA direction_eot seed=5678 gain=0.632 max|d|=10.12 (projection 16)
[ok] boston_query_-7KZUz5u8-7ja98pf8etVA isotropic seed=5678 gain=4.009 max|d|=18.49 (no projection)
[ok] boston_query_-7KZUz5u8-7ja98pf8etVA direction seed=9012 gain=0.804 max|d|=12.86 (projection 16)
[ok] boston_query_-7KZUz5u8-7ja98pf8etVA direction_eot seed=9012 gain=0.608 max|d|=9.73 (projection 16)
[ok] boston_query_-7KZUz5u8-7ja98pf8etVA isotropic seed=9012 gain=4.006 max|d|=19.13 (no projection)
[ok] cph_query_-3uNzD-M1uI2jZeGqOkpXg direction seed=5678 gain=0.800 max|d|=12.79 (projection 16)
[ok] cph_query_-3uNzD-M1uI2jZeGqOkpXg direction_eot seed=5678 gain=0.626 max|d|=10.01 (projection 16)
[ok] cph_query_-3uNzD-M1uI2jZeGqOkpXg isotropic seed=5678 gain=3.959 max|d|=20.16 (no projection)
[ok] cph_query_-3uNzD-M1uI2jZeGqOkpXg direction seed=9012 gain=0.808 max|d|=12.93 (projection 16)
[ok] cph_query_-3uNzD-M1uI2jZeGqOkpXg direction_eot seed=9012 gain=0.652 max|d|=10.43 (projection 16)
[ok] cph_query_-3uNzD-M1uI2jZeGqOkpXg isotropic seed=9012 gain=3.959 max|d|=17.81 (no projection)
[ok] london_query_-9FGszdwftnBlzMuP0c_NQ direction seed=5678 gain=0.737 max|d|=11.79 (projection 16)
[ok] london_query_-9FGszdwftnBlzMuP0c_NQ direction_eot seed=5678 gain=0.591 max|d|=9.46 (projection 16)
[ok] london_query_-9FGszdwftnBlzMuP0c_NQ isotropic seed=5678 gain=3.974 max|d|=18.23 (no projection)
[ok] london_query_-9FGszdwftnBlzMuP0c_NQ direction seed=9012 gain=0.754 max|d|=12.06 (projection 16)
[ok] london_query_-9FGszdwftnBlzMuP0c_NQ direction_eot seed=9012 gain=0.594 max|d|=9.50 (projection 16)
[ok] london_query_-9FGszdwftnBlzMuP0c_NQ isotropic seed=9012 gain=3.964 max|d|=20.55 (no projection)
[ok] manila_query_-6_XaKv0Rrp2Jl0G9m_8NQ direction seed=5678 gain=0.754 max|d|=12.06 (projection 16)
[ok] manila_query_-6_XaKv0Rrp2Jl0G9m_8NQ direction_eot seed=5678 gain=0.609 max|d|=9.75 (projection 16)
[ok] manila_query_-6_XaKv0Rrp2Jl0G9m_8NQ isotropic seed=5678 gain=3.971 max|d|=18.88 (no projection)
[ok] manila_query_-6_XaKv0Rrp2Jl0G9m_8NQ direction seed=9012 gain=0.748 max|d|=11.96 (projection 16)
[ok] manila_query_-6_XaKv0Rrp2Jl0G9m_8NQ direction_eot seed=9012 gain=0.614 max|d|=9.83 (projection 16)
[ok] manila_query_-6_XaKv0Rrp2Jl0G9m_8NQ isotropic seed=9012 gain=3.964 max|d|=19.40 (no projection)
[ok] nairobi_query_01juXwMfxX_a4pfhpqt66g direction seed=5678 gain=0.834 max|d|=13.34 (projection 16)
[ok] nairobi_query_01juXwMfxX_a4pfhpqt66g direction_eot seed=5678 gain=0.658 max|d|=10.54 (projection 16)
[ok] nairobi_query_01juXwMfxX_a4pfhpqt66g isotropic seed=5678 gain=4.031 max|d|=22.15 (no projection)
[ok] nairobi_query_01juXwMfxX_a4pfhpqt66g direction seed=9012 gain=0.838 max|d|=13.41 (projection 16)
[ok] nairobi_query_01juXwMfxX_a4pfhpqt66g direction_eot seed=9012 gain=0.692 max|d|=11.07 (projection 16)
[ok] nairobi_query_01juXwMfxX_a4pfhpqt66g isotropic seed=9012 gain=4.032 max|d|=19.67 (no projection)
[ok] toronto_query_-5z50PgNYnxK8Ns2WmF_TQ direction seed=5678 gain=0.795 max|d|=12.72 (projection 16)
[ok] toronto_query_-5z50PgNYnxK8Ns2WmF_TQ direction_eot seed=5678 gain=0.641 max|d|=10.26 (projection 16)
[ok] toronto_query_-5z50PgNYnxK8Ns2WmF_TQ isotropic seed=5678 gain=3.954 max|d|=17.82 (no projection)
[ok] toronto_query_-5z50PgNYnxK8Ns2WmF_TQ direction seed=9012 gain=0.784 max|d|=12.55 (projection 16)
[ok] toronto_query_-5z50PgNYnxK8Ns2WmF_TQ direction_eot seed=9012 gain=0.656 max|d|=10.49 (projection 16)
[ok] toronto_query_-5z50PgNYnxK8Ns2WmF_TQ isotropic seed=9012 gain=3.967 max|d|=17.15 (no projection)
[ok] zurich_query_-D3dDkhM5rjIJhj1SPdroA direction seed=5678 gain=0.728 max|d|=11.64 (projection 16)
[ok] zurich_query_-D3dDkhM5rjIJhj1SPdroA direction_eot seed=5678 gain=0.607 max|d|=9.71 (projection 16)
[ok] zurich_query_-D3dDkhM5rjIJhj1SPdroA isotropic seed=5678 gain=3.713 max|d|=18.08 (no projection)
[ok] zurich_query_-D3dDkhM5rjIJhj1SPdroA direction seed=9012 gain=0.726 max|d|=11.61 (projection 16)
[ok] zurich_query_-D3dDkhM5rjIJhj1SPdroA direction_eot seed=9012 gain=0.605 max|d|=9.68 (projection 16)
[ok] zurich_query_-D3dDkhM5rjIJhj1SPdroA isotropic seed=9012 gain=4.114 max|d|=19.20 (no projection)
[ok] amman_query_-VdxqGX8d8L_OiSEN5CtDw direction seed=5678 gain=0.753 max|d|=12.04 (projection 16)
[ok] amman_query_-VdxqGX8d8L_OiSEN5CtDw direction_eot seed=5678 gain=0.593 max|d|=9.49 (projection 16)
[ok] amman_query_-VdxqGX8d8L_OiSEN5CtDw isotropic seed=5678 gain=3.971 max|d|=17.97 (no projection)
[ok] amman_query_-VdxqGX8d8L_OiSEN5CtDw direction seed=9012 gain=0.759 max|d|=12.15 (projection 16)
[ok] amman_query_-VdxqGX8d8L_OiSEN5CtDw direction_eot seed=9012 gain=0.588 max|d|=9.41 (projection 16)
[ok] amman_query_-VdxqGX8d8L_OiSEN5CtDw isotropic seed=9012 gain=3.963 max|d|=18.21 (no projection)
[ok] boston_query_-8cIAPzC7_za-xCEWsIoK2 direction seed=5678 gain=0.802 max|d|=12.83 (projection 16)
[ok] boston_query_-8cIAPzC7_za-xCEWsIoK2 direction_eot seed=5678 gain=0.616 max|d|=9.86 (projection 16)
[ok] boston_query_-8cIAPzC7_za-xCEWsIoK2 isotropic seed=5678 gain=4.021 max|d|=18.90 (no projection)
[ok] boston_query_-8cIAPzC7_za-xCEWsIoK2 direction seed=9012 gain=0.812 max|d|=13.00 (projection 16)
[ok] boston_query_-8cIAPzC7_za-xCEWsIoK2 direction_eot seed=9012 gain=0.617 max|d|=9.87 (projection 16)
[ok] boston_query_-8cIAPzC7_za-xCEWsIoK2 isotropic seed=9012 gain=4.031 max|d|=17.44 (no projection)
[ok] cph_query_-4KruxIYZ3a3GYE0tOKn2w direction seed=5678 gain=0.732 max|d|=11.72 (projection 16)
[ok] cph_query_-4KruxIYZ3a3GYE0tOKn2w direction_eot seed=5678 gain=0.593 max|d|=9.48 (projection 16)
[ok] cph_query_-4KruxIYZ3a3GYE0tOKn2w isotropic seed=5678 gain=3.707 max|d|=17.21 (no projection)
[ok] cph_query_-4KruxIYZ3a3GYE0tOKn2w direction seed=9012 gain=0.736 max|d|=11.78 (projection 16)
[ok] cph_query_-4KruxIYZ3a3GYE0tOKn2w direction_eot seed=9012 gain=0.594 max|d|=9.50 (projection 16)
[ok] cph_query_-4KruxIYZ3a3GYE0tOKn2w isotropic seed=9012 gain=4.044 max|d|=18.74 (no projection)
[ok] london_query_-9KgeyegI3TaGMqglsDENg direction seed=5678 gain=0.757 max|d|=12.11 (projection 16)
[ok] london_query_-9KgeyegI3TaGMqglsDENg direction_eot seed=5678 gain=0.612 max|d|=9.79 (projection 16)
[ok] london_query_-9KgeyegI3TaGMqglsDENg isotropic seed=5678 gain=3.966 max|d|=19.95 (no projection)
[ok] london_query_-9KgeyegI3TaGMqglsDENg direction seed=9012 gain=0.742 max|d|=11.87 (projection 16)
[ok] london_query_-9KgeyegI3TaGMqglsDENg direction_eot seed=9012 gain=0.619 max|d|=9.90 (projection 16)
[ok] london_query_-9KgeyegI3TaGMqglsDENg isotropic seed=9012 gain=3.970 max|d|=17.44 (no projection)
[ok] manila_query_-7YHsOWBiYFmYcRzIM0ijg direction seed=5678 gain=0.796 max|d|=12.74 (projection 16)
[ok] manila_query_-7YHsOWBiYFmYcRzIM0ijg direction_eot seed=5678 gain=0.652 max|d|=10.43 (projection 16)
[ok] manila_query_-7YHsOWBiYFmYcRzIM0ijg isotropic seed=5678 gain=3.975 max|d|=17.78 (no projection)
[ok] manila_query_-7YHsOWBiYFmYcRzIM0ijg direction seed=9012 gain=0.800 max|d|=12.80 (projection 16)
[ok] manila_query_-7YHsOWBiYFmYcRzIM0ijg direction_eot seed=9012 gain=0.651 max|d|=10.42 (projection 16)
[ok] manila_query_-7YHsOWBiYFmYcRzIM0ijg isotropic seed=9012 gain=3.963 max|d|=18.50 (no projection)
[ok] nairobi_query_09aysNUjwNAPHsHo-R-IdA direction seed=5678 gain=0.792 max|d|=12.67 (projection 16)
[ok] nairobi_query_09aysNUjwNAPHsHo-R-IdA direction_eot seed=5678 gain=0.611 max|d|=9.77 (projection 16)
[ok] nairobi_query_09aysNUjwNAPHsHo-R-IdA isotropic seed=5678 gain=3.958 max|d|=18.35 (no projection)
[ok] nairobi_query_09aysNUjwNAPHsHo-R-IdA direction seed=9012 gain=0.796 max|d|=12.73 (projection 16)
[ok] nairobi_query_09aysNUjwNAPHsHo-R-IdA direction_eot seed=9012 gain=0.617 max|d|=9.88 (projection 16)
[ok] nairobi_query_09aysNUjwNAPHsHo-R-IdA isotropic seed=9012 gain=3.965 max|d|=17.86 (no projection)
[ok] toronto_query_-68JeZKxV2XoP0N_6780Og direction seed=5678 gain=0.778 max|d|=12.45 (projection 16)
[ok] toronto_query_-68JeZKxV2XoP0N_6780Og direction_eot seed=5678 gain=0.602 max|d|=9.63 (projection 16)
[ok] toronto_query_-68JeZKxV2XoP0N_6780Og isotropic seed=5678 gain=3.963 max|d|=18.82 (no projection)
[ok] toronto_query_-68JeZKxV2XoP0N_6780Og direction seed=9012 gain=0.756 max|d|=12.10 (projection 16)
[ok] toronto_query_-68JeZKxV2XoP0N_6780Og direction_eot seed=9012 gain=0.599 max|d|=9.59 (projection 16)
[ok] toronto_query_-68JeZKxV2XoP0N_6780Og isotropic seed=9012 gain=3.974 max|d|=18.64 (no projection)
[ok] zurich_query_-E0qyEWY7jSPMOpGqiEG-A direction seed=5678 gain=0.712 max|d|=11.39 (projection 16)
[ok] zurich_query_-E0qyEWY7jSPMOpGqiEG-A direction_eot seed=5678 gain=0.555 max|d|=8.87 (projection 16)
[ok] zurich_query_-E0qyEWY7jSPMOpGqiEG-A isotropic seed=5678 gain=4.002 max|d|=18.43 (no projection)
[ok] zurich_query_-E0qyEWY7jSPMOpGqiEG-A direction seed=9012 gain=0.724 max|d|=11.58 (projection 16)
[ok] zurich_query_-E0qyEWY7jSPMOpGqiEG-A direction_eot seed=9012 gain=0.579 max|d|=9.26 (projection 16)
[ok] zurich_query_-E0qyEWY7jSPMOpGqiEG-A isotropic seed=9012 gain=3.997 max|d|=18.89 (no projection)
[ok] amman_query_-XWB_1fOm8NW5dQx9p5IKg direction seed=5678 gain=0.750 max|d|=12.00 (projection 16)
[ok] amman_query_-XWB_1fOm8NW5dQx9p5IKg direction_eot seed=5678 gain=0.613 max|d|=9.81 (projection 16)
[ok] amman_query_-XWB_1fOm8NW5dQx9p5IKg isotropic seed=5678 gain=3.962 max|d|=18.76 (no projection)
[ok] amman_query_-XWB_1fOm8NW5dQx9p5IKg direction seed=9012 gain=0.744 max|d|=11.90 (projection 16)
[ok] amman_query_-XWB_1fOm8NW5dQx9p5IKg direction_eot seed=9012 gain=0.612 max|d|=9.79 (projection 16)
[ok] amman_query_-XWB_1fOm8NW5dQx9p5IKg isotropic seed=9012 gain=3.956 max|d|=18.26 (no projection)
[ok] boston_query_-9Lur-PAHqcMspWszAgfqw direction seed=5678 gain=0.785 max|d|=12.56 (projection 16)
[ok] boston_query_-9Lur-PAHqcMspWszAgfqw direction_eot seed=5678 gain=0.653 max|d|=10.44 (projection 16)
[ok] boston_query_-9Lur-PAHqcMspWszAgfqw isotropic seed=5678 gain=4.068 max|d|=19.49 (no projection)
[ok] boston_query_-9Lur-PAHqcMspWszAgfqw direction seed=9012 gain=0.783 max|d|=12.53 (projection 16)
[ok] boston_query_-9Lur-PAHqcMspWszAgfqw direction_eot seed=9012 gain=0.646 max|d|=10.33 (projection 16)
[ok] boston_query_-9Lur-PAHqcMspWszAgfqw isotropic seed=9012 gain=4.054 max|d|=17.83 (no projection)
[ok] cph_query_-4RqBOkDhigU8JsdQZINkQ direction seed=5678 gain=0.763 max|d|=12.21 (projection 16)
[ok] cph_query_-4RqBOkDhigU8JsdQZINkQ direction_eot seed=5678 gain=0.600 max|d|=9.61 (projection 16)
[ok] cph_query_-4RqBOkDhigU8JsdQZINkQ isotropic seed=5678 gain=4.035 max|d|=19.58 (no projection)
[ok] cph_query_-4RqBOkDhigU8JsdQZINkQ direction seed=9012 gain=0.773 max|d|=12.36 (projection 16)
[ok] cph_query_-4RqBOkDhigU8JsdQZINkQ direction_eot seed=9012 gain=0.596 max|d|=9.53 (projection 16)
[ok] cph_query_-4RqBOkDhigU8JsdQZINkQ isotropic seed=9012 gain=4.033 max|d|=18.59 (no projection)
[ok] london_query_-FGaYVNFN5ALUsVDNixL_g direction seed=5678 gain=0.785 max|d|=12.56 (projection 16)
[ok] london_query_-FGaYVNFN5ALUsVDNixL_g direction_eot seed=5678 gain=0.643 max|d|=10.29 (projection 16)
[ok] london_query_-FGaYVNFN5ALUsVDNixL_g isotropic seed=5678 gain=4.014 max|d|=19.59 (no projection)
[ok] london_query_-FGaYVNFN5ALUsVDNixL_g direction seed=9012 gain=0.794 max|d|=12.70 (projection 16)
[ok] london_query_-FGaYVNFN5ALUsVDNixL_g direction_eot seed=9012 gain=0.643 max|d|=10.29 (projection 16)
[ok] london_query_-FGaYVNFN5ALUsVDNixL_g isotropic seed=9012 gain=4.013 max|d|=19.00 (no projection)
[ok] manila_query_-81llwEm_ZxNy7Sa7Xrjlw direction seed=5678 gain=0.772 max|d|=12.35 (projection 16)
[ok] manila_query_-81llwEm_ZxNy7Sa7Xrjlw direction_eot seed=5678 gain=0.643 max|d|=10.28 (projection 16)
[ok] manila_query_-81llwEm_ZxNy7Sa7Xrjlw isotropic seed=5678 gain=4.082 max|d|=18.96 (no projection)
[ok] manila_query_-81llwEm_ZxNy7Sa7Xrjlw direction seed=9012 gain=0.771 max|d|=12.34 (projection 16)
[ok] manila_query_-81llwEm_ZxNy7Sa7Xrjlw direction_eot seed=9012 gain=0.620 max|d|=9.92 (projection 16)
[ok] manila_query_-81llwEm_ZxNy7Sa7Xrjlw isotropic seed=9012 gain=4.083 max|d|=19.31 (no projection)
[ok] nairobi_query_0ByAmUG6wFySvLcHHQ0Sdg direction seed=5678 gain=0.781 max|d|=12.50 (projection 16)
[ok] nairobi_query_0ByAmUG6wFySvLcHHQ0Sdg direction_eot seed=5678 gain=0.614 max|d|=9.82 (projection 16)
[ok] nairobi_query_0ByAmUG6wFySvLcHHQ0Sdg isotropic seed=5678 gain=4.030 max|d|=19.44 (no projection)
[ok] nairobi_query_0ByAmUG6wFySvLcHHQ0Sdg direction seed=9012 gain=0.793 max|d|=12.69 (projection 16)
[ok] nairobi_query_0ByAmUG6wFySvLcHHQ0Sdg direction_eot seed=9012 gain=0.616 max|d|=9.86 (projection 16)
[ok] nairobi_query_0ByAmUG6wFySvLcHHQ0Sdg isotropic seed=9012 gain=4.022 max|d|=19.88 (no projection)
[ok] toronto_query_-6ZIqrL48IaL1dCCO7bDVQ direction seed=5678 gain=0.812 max|d|=12.99 (projection 16)
[ok] toronto_query_-6ZIqrL48IaL1dCCO7bDVQ direction_eot seed=5678 gain=0.634 max|d|=10.15 (projection 16)
[ok] toronto_query_-6ZIqrL48IaL1dCCO7bDVQ isotropic seed=5678 gain=3.962 max|d|=17.89 (no projection)
[ok] toronto_query_-6ZIqrL48IaL1dCCO7bDVQ direction seed=9012 gain=0.816 max|d|=13.06 (projection 16)
[ok] toronto_query_-6ZIqrL48IaL1dCCO7bDVQ direction_eot seed=9012 gain=0.642 max|d|=10.27 (projection 16)
[ok] toronto_query_-6ZIqrL48IaL1dCCO7bDVQ isotropic seed=9012 gain=3.960 max|d|=19.09 (no projection)
[ok] zurich_query_-F7hOUVha_xHAoDddsUYdw direction seed=5678 gain=0.792 max|d|=12.67 (projection 16)
[ok] zurich_query_-F7hOUVha_xHAoDddsUYdw direction_eot seed=5678 gain=0.619 max|d|=9.90 (projection 16)
[ok] zurich_query_-F7hOUVha_xHAoDddsUYdw isotropic seed=5678 gain=4.003 max|d|=17.96 (no projection)
[ok] zurich_query_-F7hOUVha_xHAoDddsUYdw direction seed=9012 gain=0.796 max|d|=12.74 (projection 16)
[ok] zurich_query_-F7hOUVha_xHAoDddsUYdw direction_eot seed=9012 gain=0.615 max|d|=9.84 (projection 16)
[ok] zurich_query_-F7hOUVha_xHAoDddsUYdw isotropic seed=9012 gain=3.891 max|d|=19.22 (no projection)
[ok] amman_query_-iXxlTRmA5JphamcIjxBbA direction seed=5678 gain=0.790 max|d|=12.64 (projection 16)
[ok] amman_query_-iXxlTRmA5JphamcIjxBbA direction_eot seed=5678 gain=0.642 max|d|=10.26 (projection 16)
[ok] amman_query_-iXxlTRmA5JphamcIjxBbA isotropic seed=5678 gain=3.961 max|d|=17.43 (no projection)
[ok] amman_query_-iXxlTRmA5JphamcIjxBbA direction seed=9012 gain=0.791 max|d|=12.65 (projection 16)
[ok] amman_query_-iXxlTRmA5JphamcIjxBbA direction_eot seed=9012 gain=0.631 max|d|=10.10 (projection 16)
[ok] amman_query_-iXxlTRmA5JphamcIjxBbA isotropic seed=9012 gain=3.955 max|d|=19.83 (no projection)
[ok] boston_query_-9gbUk-DmX9AOqntuN1nEm direction seed=5678 gain=0.709 max|d|=11.34 (projection 16)
[ok] boston_query_-9gbUk-DmX9AOqntuN1nEm direction_eot seed=5678 gain=0.563 max|d|=9.01 (projection 16)
[ok] boston_query_-9gbUk-DmX9AOqntuN1nEm isotropic seed=5678 gain=4.039 max|d|=19.94 (no projection)
[ok] boston_query_-9gbUk-DmX9AOqntuN1nEm direction seed=9012 gain=0.707 max|d|=11.30 (projection 16)
[ok] boston_query_-9gbUk-DmX9AOqntuN1nEm direction_eot seed=9012 gain=0.574 max|d|=9.19 (projection 16)
[ok] boston_query_-9gbUk-DmX9AOqntuN1nEm isotropic seed=9012 gain=4.032 max|d|=19.15 (no projection)
[ok] cph_query_-4XnD9qE623teR-nRYxB5A direction seed=5678 gain=0.747 max|d|=11.95 (projection 16)
[ok] cph_query_-4XnD9qE623teR-nRYxB5A direction_eot seed=5678 gain=0.658 max|d|=10.53 (projection 16)
[ok] cph_query_-4XnD9qE623teR-nRYxB5A isotropic seed=5678 gain=4.413 max|d|=19.03 (no projection)
[ok] cph_query_-4XnD9qE623teR-nRYxB5A direction seed=9012 gain=0.761 max|d|=12.17 (projection 16)
[ok] cph_query_-4XnD9qE623teR-nRYxB5A direction_eot seed=9012 gain=0.636 max|d|=10.17 (projection 16)
[ok] cph_query_-4XnD9qE623teR-nRYxB5A isotropic seed=9012 gain=4.439 max|d|=19.53 (no projection)
[ok] london_query_-Flts9XBA2wVlru8_LHbkg direction seed=5678 gain=0.797 max|d|=12.75 (projection 16)
[ok] london_query_-Flts9XBA2wVlru8_LHbkg direction_eot seed=5678 gain=0.657 max|d|=10.51 (projection 16)
[ok] london_query_-Flts9XBA2wVlru8_LHbkg isotropic seed=5678 gain=4.021 max|d|=17.92 (no projection)
[ok] london_query_-Flts9XBA2wVlru8_LHbkg direction seed=9012 gain=0.781 max|d|=12.50 (projection 16)
[ok] london_query_-Flts9XBA2wVlru8_LHbkg direction_eot seed=9012 gain=0.640 max|d|=10.24 (projection 16)
[ok] london_query_-Flts9XBA2wVlru8_LHbkg isotropic seed=9012 gain=3.633 max|d|=17.34 (no projection)
[ok] manila_query_-85J_HceaTP2S0IavwkQ-A direction seed=5678 gain=0.754 max|d|=12.06 (projection 16)
[ok] manila_query_-85J_HceaTP2S0IavwkQ-A direction_eot seed=5678 gain=0.592 max|d|=9.48 (projection 16)
[ok] manila_query_-85J_HceaTP2S0IavwkQ-A isotropic seed=5678 gain=3.996 max|d|=17.96 (no projection)
[ok] manila_query_-85J_HceaTP2S0IavwkQ-A direction seed=9012 gain=0.740 max|d|=11.83 (projection 16)
[ok] manila_query_-85J_HceaTP2S0IavwkQ-A direction_eot seed=9012 gain=0.595 max|d|=9.52 (projection 16)
[ok] manila_query_-85J_HceaTP2S0IavwkQ-A isotropic seed=9012 gain=3.992 max|d|=18.33 (no projection)
[ok] nairobi_query_0LJUobuUEqOqrZc4s2fVgg direction seed=5678 gain=0.842 max|d|=13.48 (projection 16)
[ok] nairobi_query_0LJUobuUEqOqrZc4s2fVgg direction_eot seed=5678 gain=0.677 max|d|=10.83 (projection 16)
[ok] nairobi_query_0LJUobuUEqOqrZc4s2fVgg isotropic seed=5678 gain=3.992 max|d|=19.14 (no projection)
[ok] nairobi_query_0LJUobuUEqOqrZc4s2fVgg direction seed=9012 gain=0.834 max|d|=13.34 (projection 16)
[ok] nairobi_query_0LJUobuUEqOqrZc4s2fVgg direction_eot seed=9012 gain=0.660 max|d|=10.56 (projection 16)
[ok] nairobi_query_0LJUobuUEqOqrZc4s2fVgg isotropic seed=9012 gain=4.001 max|d|=19.25 (no projection)
[ok] toronto_query_-7C0G-8afrBbN3hImbBHsA direction seed=5678 gain=0.804 max|d|=12.86 (projection 16)
[ok] toronto_query_-7C0G-8afrBbN3hImbBHsA direction_eot seed=5678 gain=0.624 max|d|=9.99 (projection 16)
[ok] toronto_query_-7C0G-8afrBbN3hImbBHsA isotropic seed=5678 gain=3.967 max|d|=18.59 (no projection)
[ok] toronto_query_-7C0G-8afrBbN3hImbBHsA direction seed=9012 gain=0.804 max|d|=12.86 (projection 16)
[ok] toronto_query_-7C0G-8afrBbN3hImbBHsA direction_eot seed=9012 gain=0.657 max|d|=10.52 (projection 16)
[ok] toronto_query_-7C0G-8afrBbN3hImbBHsA isotropic seed=9012 gain=3.965 max|d|=18.32 (no projection)
[ok] zurich_query_-Kb55YIF941j2DBFO5gVjA direction seed=5678 gain=0.753 max|d|=12.05 (projection 16)
[ok] zurich_query_-Kb55YIF941j2DBFO5gVjA direction_eot seed=5678 gain=0.597 max|d|=9.55 (projection 16)
[ok] zurich_query_-Kb55YIF941j2DBFO5gVjA isotropic seed=5678 gain=3.963 max|d|=17.60 (no projection)
[ok] zurich_query_-Kb55YIF941j2DBFO5gVjA direction seed=9012 gain=0.773 max|d|=12.37 (projection 16)
[ok] zurich_query_-Kb55YIF941j2DBFO5gVjA direction_eot seed=9012 gain=0.605 max|d|=9.68 (projection 16)
[ok] zurich_query_-Kb55YIF941j2DBFO5gVjA isotropic seed=9012 gain=3.968 max|d|=18.57 (no projection)
[ok] amman_query_-qij8CFaEYNp4JW3rF9oqQ direction seed=5678 gain=0.768 max|d|=12.28 (projection 16)
[ok] amman_query_-qij8CFaEYNp4JW3rF9oqQ direction_eot seed=5678 gain=0.631 max|d|=10.09 (projection 16)
[ok] amman_query_-qij8CFaEYNp4JW3rF9oqQ isotropic seed=5678 gain=3.988 max|d|=19.17 (no projection)
[ok] amman_query_-qij8CFaEYNp4JW3rF9oqQ direction seed=9012 gain=0.778 max|d|=12.44 (projection 16)
[ok] amman_query_-qij8CFaEYNp4JW3rF9oqQ direction_eot seed=9012 gain=0.607 max|d|=9.71 (projection 16)
[ok] amman_query_-qij8CFaEYNp4JW3rF9oqQ isotropic seed=9012 gain=3.972 max|d|=18.44 (no projection)
[ok] boston_query_-AJWNV55EAzvKArt5mMYqg direction seed=5678 gain=0.798 max|d|=12.76 (projection 16)
[ok] boston_query_-AJWNV55EAzvKArt5mMYqg direction_eot seed=5678 gain=0.640 max|d|=10.25 (projection 16)
[ok] boston_query_-AJWNV55EAzvKArt5mMYqg isotropic seed=5678 gain=3.734 max|d|=17.22 (no projection)
[ok] boston_query_-AJWNV55EAzvKArt5mMYqg direction seed=9012 gain=0.804 max|d|=12.87 (projection 16)
[ok] boston_query_-AJWNV55EAzvKArt5mMYqg direction_eot seed=9012 gain=0.644 max|d|=10.31 (projection 16)
[ok] boston_query_-AJWNV55EAzvKArt5mMYqg isotropic seed=9012 gain=3.990 max|d|=17.32 (no projection)
[ok] cph_query_-5qSxgAnKk-6Bf5AVVoPjA direction seed=5678 gain=0.785 max|d|=12.57 (projection 16)
[ok] cph_query_-5qSxgAnKk-6Bf5AVVoPjA direction_eot seed=5678 gain=0.633 max|d|=10.13 (projection 16)
[ok] cph_query_-5qSxgAnKk-6Bf5AVVoPjA isotropic seed=5678 gain=3.967 max|d|=19.25 (no projection)
[ok] cph_query_-5qSxgAnKk-6Bf5AVVoPjA direction seed=9012 gain=0.788 max|d|=12.60 (projection 16)
[ok] cph_query_-5qSxgAnKk-6Bf5AVVoPjA direction_eot seed=9012 gain=0.640 max|d|=10.25 (projection 16)
[ok] cph_query_-5qSxgAnKk-6Bf5AVVoPjA isotropic seed=9012 gain=3.967 max|d|=19.29 (no projection)
[ok] london_query_-HfvOD1d7XUGJoEMybpyqQ direction seed=5678 gain=0.727 max|d|=11.63 (projection 16)
[ok] london_query_-HfvOD1d7XUGJoEMybpyqQ direction_eot seed=5678 gain=0.588 max|d|=9.41 (projection 16)
[ok] london_query_-HfvOD1d7XUGJoEMybpyqQ isotropic seed=5678 gain=3.919 max|d|=17.63 (no projection)
[ok] london_query_-HfvOD1d7XUGJoEMybpyqQ direction seed=9012 gain=0.716 max|d|=11.45 (projection 16)
[ok] london_query_-HfvOD1d7XUGJoEMybpyqQ direction_eot seed=9012 gain=0.602 max|d|=9.64 (projection 16)
[ok] london_query_-HfvOD1d7XUGJoEMybpyqQ isotropic seed=9012 gain=4.006 max|d|=20.84 (no projection)
[ok] manila_query_-9tG6ERjH4jVcWo9jkVvBg direction seed=5678 gain=0.731 max|d|=11.69 (projection 16)
[ok] manila_query_-9tG6ERjH4jVcWo9jkVvBg direction_eot seed=5678 gain=0.567 max|d|=9.07 (projection 16)
[ok] manila_query_-9tG6ERjH4jVcWo9jkVvBg isotropic seed=5678 gain=3.978 max|d|=17.62 (no projection)
[ok] manila_query_-9tG6ERjH4jVcWo9jkVvBg direction seed=9012 gain=0.716 max|d|=11.45 (projection 16)
[ok] manila_query_-9tG6ERjH4jVcWo9jkVvBg direction_eot seed=9012 gain=0.581 max|d|=9.30 (projection 16)
[ok] manila_query_-9tG6ERjH4jVcWo9jkVvBg isotropic seed=9012 gain=3.979 max|d|=19.84 (no projection)
[ok] nairobi_query_0M1Vl3tUlt_2MiFp6vxhrg direction seed=5678 gain=0.827 max|d|=13.23 (projection 16)
[ok] nairobi_query_0M1Vl3tUlt_2MiFp6vxhrg direction_eot seed=5678 gain=0.658 max|d|=10.52 (projection 16)
[ok] nairobi_query_0M1Vl3tUlt_2MiFp6vxhrg isotropic seed=5678 gain=3.960 max|d|=18.60 (no projection)
[ok] nairobi_query_0M1Vl3tUlt_2MiFp6vxhrg direction seed=9012 gain=0.821 max|d|=13.14 (projection 16)
[ok] nairobi_query_0M1Vl3tUlt_2MiFp6vxhrg direction_eot seed=9012 gain=0.668 max|d|=10.69 (projection 16)
[ok] nairobi_query_0M1Vl3tUlt_2MiFp6vxhrg isotropic seed=9012 gain=3.967 max|d|=20.10 (no projection)
[ok] toronto_query_-7bDZLvVOVk7ethfd1yomg direction seed=5678 gain=0.688 max|d|=11.01 (projection 16)
[ok] toronto_query_-7bDZLvVOVk7ethfd1yomg direction_eot seed=5678 gain=0.554 max|d|=8.86 (projection 16)
[ok] toronto_query_-7bDZLvVOVk7ethfd1yomg isotropic seed=5678 gain=3.982 max|d|=19.65 (no projection)
[ok] toronto_query_-7bDZLvVOVk7ethfd1yomg direction seed=9012 gain=0.685 max|d|=10.96 (projection 16)
[ok] toronto_query_-7bDZLvVOVk7ethfd1yomg direction_eot seed=9012 gain=0.560 max|d|=8.95 (projection 16)
[ok] toronto_query_-7bDZLvVOVk7ethfd1yomg isotropic seed=9012 gain=3.987 max|d|=17.87 (no projection)
[ok] zurich_query_-Km53YFc8zewa3vS2OeGsQ direction seed=5678 gain=0.789 max|d|=12.62 (projection 16)
[ok] zurich_query_-Km53YFc8zewa3vS2OeGsQ direction_eot seed=5678 gain=0.639 max|d|=10.23 (projection 16)
[ok] zurich_query_-Km53YFc8zewa3vS2OeGsQ isotropic seed=5678 gain=3.976 max|d|=19.90 (no projection)
[ok] zurich_query_-Km53YFc8zewa3vS2OeGsQ direction seed=9012 gain=0.785 max|d|=12.56 (projection 16)
[ok] zurich_query_-Km53YFc8zewa3vS2OeGsQ direction_eot seed=9012 gain=0.629 max|d|=10.06 (projection 16)
[ok] zurich_query_-Km53YFc8zewa3vS2OeGsQ isotropic seed=9012 gain=3.969 max|d|=18.37 (no projection)
[ok] amman_query_-t_-moqpBTWSiKU7mS-lgQ direction seed=5678 gain=0.812 max|d|=13.00 (projection 16)
[ok] amman_query_-t_-moqpBTWSiKU7mS-lgQ direction_eot seed=5678 gain=0.666 max|d|=10.66 (projection 16)
[ok] amman_query_-t_-moqpBTWSiKU7mS-lgQ isotropic seed=5678 gain=3.968 max|d|=17.85 (no projection)
[ok] amman_query_-t_-moqpBTWSiKU7mS-lgQ direction seed=9012 gain=0.815 max|d|=13.05 (projection 16)
[ok] amman_query_-t_-moqpBTWSiKU7mS-lgQ direction_eot seed=9012 gain=0.661 max|d|=10.58 (projection 16)
[ok] amman_query_-t_-moqpBTWSiKU7mS-lgQ isotropic seed=9012 gain=3.950 max|d|=19.11 (no projection)
[ok] boston_query_-Ae9_7GnntvqV8myNb9fhv direction seed=5678 gain=0.782 max|d|=12.51 (projection 16)
[ok] boston_query_-Ae9_7GnntvqV8myNb9fhv direction_eot seed=5678 gain=0.599 max|d|=9.58 (projection 16)
[ok] boston_query_-Ae9_7GnntvqV8myNb9fhv isotropic seed=5678 gain=4.041 max|d|=19.36 (no projection)
[ok] boston_query_-Ae9_7GnntvqV8myNb9fhv direction seed=9012 gain=0.779 max|d|=12.46 (projection 16)
[ok] boston_query_-Ae9_7GnntvqV8myNb9fhv direction_eot seed=9012 gain=0.628 max|d|=10.06 (projection 16)
[ok] boston_query_-Ae9_7GnntvqV8myNb9fhv isotropic seed=9012 gain=4.035 max|d|=17.89 (no projection)
[ok] cph_query_-8E-udXiyMJCRp_UkM4Kgw direction seed=5678 gain=0.770 max|d|=12.31 (projection 16)
[ok] cph_query_-8E-udXiyMJCRp_UkM4Kgw direction_eot seed=5678 gain=0.612 max|d|=9.79 (projection 16)
[ok] cph_query_-8E-udXiyMJCRp_UkM4Kgw isotropic seed=5678 gain=4.000 max|d|=19.46 (no projection)
[ok] cph_query_-8E-udXiyMJCRp_UkM4Kgw direction seed=9012 gain=0.789 max|d|=12.62 (projection 16)
[ok] cph_query_-8E-udXiyMJCRp_UkM4Kgw direction_eot seed=9012 gain=0.646 max|d|=10.34 (projection 16)
[ok] cph_query_-8E-udXiyMJCRp_UkM4Kgw isotropic seed=9012 gain=4.011 max|d|=18.76 (no projection)
[ok] london_query_-Id3DdRqVbjIA39wjxbTgw direction seed=5678 gain=0.737 max|d|=11.79 (projection 16)
[ok] london_query_-Id3DdRqVbjIA39wjxbTgw direction_eot seed=5678 gain=0.573 max|d|=9.17 (projection 16)
[ok] london_query_-Id3DdRqVbjIA39wjxbTgw isotropic seed=5678 gain=3.993 max|d|=18.89 (no projection)
[ok] london_query_-Id3DdRqVbjIA39wjxbTgw direction seed=9012 gain=0.710 max|d|=11.35 (projection 16)
[ok] london_query_-Id3DdRqVbjIA39wjxbTgw direction_eot seed=9012 gain=0.564 max|d|=9.02 (projection 16)
[ok] london_query_-Id3DdRqVbjIA39wjxbTgw isotropic seed=9012 gain=4.006 max|d|=18.57 (no projection)
[ok] manila_query_-AXkFLZ0HchDGYvJ_KZ3dQ direction seed=5678 gain=0.785 max|d|=12.56 (projection 16)
[ok] manila_query_-AXkFLZ0HchDGYvJ_KZ3dQ direction_eot seed=5678 gain=0.644 max|d|=10.31 (projection 16)
[ok] manila_query_-AXkFLZ0HchDGYvJ_KZ3dQ isotropic seed=5678 gain=3.969 max|d|=18.29 (no projection)
[ok] manila_query_-AXkFLZ0HchDGYvJ_KZ3dQ direction seed=9012 gain=0.785 max|d|=12.56 (projection 16)
[ok] manila_query_-AXkFLZ0HchDGYvJ_KZ3dQ direction_eot seed=9012 gain=0.622 max|d|=9.96 (projection 16)
[ok] manila_query_-AXkFLZ0HchDGYvJ_KZ3dQ isotropic seed=9012 gain=3.957 max|d|=18.11 (no projection)
[ok] nairobi_query_0Oa1jUYlj8LE47HApYWufA direction seed=5678 gain=0.821 max|d|=13.14 (projection 16)
[ok] nairobi_query_0Oa1jUYlj8LE47HApYWufA direction_eot seed=5678 gain=0.623 max|d|=9.96 (projection 16)
[ok] nairobi_query_0Oa1jUYlj8LE47HApYWufA isotropic seed=5678 gain=3.962 max|d|=18.36 (no projection)
[ok] nairobi_query_0Oa1jUYlj8LE47HApYWufA direction seed=9012 gain=0.811 max|d|=12.98 (projection 16)
[ok] nairobi_query_0Oa1jUYlj8LE47HApYWufA direction_eot seed=9012 gain=0.616 max|d|=9.86 (projection 16)
[ok] nairobi_query_0Oa1jUYlj8LE47HApYWufA isotropic seed=9012 gain=3.954 max|d|=17.85 (no projection)
[ok] toronto_query_-85n6JJLXmi04edt5JxhzQ direction seed=5678 gain=0.823 max|d|=13.17 (projection 16)
[ok] toronto_query_-85n6JJLXmi04edt5JxhzQ direction_eot seed=5678 gain=0.661 max|d|=10.57 (projection 16)
[ok] toronto_query_-85n6JJLXmi04edt5JxhzQ isotropic seed=5678 gain=3.981 max|d|=17.45 (no projection)
[ok] toronto_query_-85n6JJLXmi04edt5JxhzQ direction seed=9012 gain=0.821 max|d|=13.14 (projection 16)
[ok] toronto_query_-85n6JJLXmi04edt5JxhzQ direction_eot seed=9012 gain=0.664 max|d|=10.62 (projection 16)
[ok] toronto_query_-85n6JJLXmi04edt5JxhzQ isotropic seed=9012 gain=3.985 max|d|=17.93 (no projection)
[ok] zurich_query_-M0Q1_7lg_TKGT2-mllw4w direction seed=5678 gain=0.825 max|d|=13.20 (projection 16)
[ok] zurich_query_-M0Q1_7lg_TKGT2-mllw4w direction_eot seed=5678 gain=0.644 max|d|=10.30 (projection 16)
[ok] zurich_query_-M0Q1_7lg_TKGT2-mllw4w isotropic seed=5678 gain=3.975 max|d|=17.74 (no projection)
[ok] zurich_query_-M0Q1_7lg_TKGT2-mllw4w direction seed=9012 gain=0.826 max|d|=13.22 (projection 16)
[ok] zurich_query_-M0Q1_7lg_TKGT2-mllw4w direction_eot seed=9012 gain=0.665 max|d|=10.64 (projection 16)
[ok] zurich_query_-M0Q1_7lg_TKGT2-mllw4w isotropic seed=9012 gain=3.971 max|d|=18.39 (no projection)
[ok] amman_query_0-2jyV8XAzdAOYMkdyQVLw direction seed=5678 gain=0.774 max|d|=12.38 (projection 16)
[ok] amman_query_0-2jyV8XAzdAOYMkdyQVLw direction_eot seed=5678 gain=0.652 max|d|=10.44 (projection 16)
[ok] amman_query_0-2jyV8XAzdAOYMkdyQVLw isotropic seed=5678 gain=3.955 max|d|=16.91 (no projection)
[ok] amman_query_0-2jyV8XAzdAOYMkdyQVLw direction seed=9012 gain=0.781 max|d|=12.49 (projection 16)
[ok] amman_query_0-2jyV8XAzdAOYMkdyQVLw direction_eot seed=9012 gain=0.629 max|d|=10.07 (projection 16)
[ok] amman_query_0-2jyV8XAzdAOYMkdyQVLw isotropic seed=9012 gain=3.971 max|d|=17.84 (no projection)
[ok] boston_query_-BE36-GG_yM6YS57M_uMTQ direction seed=5678 gain=0.801 max|d|=12.82 (projection 16)
[ok] boston_query_-BE36-GG_yM6YS57M_uMTQ direction_eot seed=5678 gain=0.637 max|d|=10.19 (projection 16)
[ok] boston_query_-BE36-GG_yM6YS57M_uMTQ isotropic seed=5678 gain=3.959 max|d|=19.22 (no projection)
[ok] boston_query_-BE36-GG_yM6YS57M_uMTQ direction seed=9012 gain=0.805 max|d|=12.89 (projection 16)
[ok] boston_query_-BE36-GG_yM6YS57M_uMTQ direction_eot seed=9012 gain=0.635 max|d|=10.16 (projection 16)
[ok] boston_query_-BE36-GG_yM6YS57M_uMTQ isotropic seed=9012 gain=3.971 max|d|=18.11 (no projection)
[ok] cph_query_-9WYlFp61M1J1zV1mJD4uA direction seed=5678 gain=0.842 max|d|=13.47 (projection 16)
[ok] cph_query_-9WYlFp61M1J1zV1mJD4uA direction_eot seed=5678 gain=0.659 max|d|=10.54 (projection 16)
[ok] cph_query_-9WYlFp61M1J1zV1mJD4uA isotropic seed=5678 gain=4.032 max|d|=20.45 (no projection)
[ok] cph_query_-9WYlFp61M1J1zV1mJD4uA direction seed=9012 gain=0.837 max|d|=13.40 (projection 16)
[ok] cph_query_-9WYlFp61M1J1zV1mJD4uA direction_eot seed=9012 gain=0.657 max|d|=10.51 (projection 16)
[ok] cph_query_-9WYlFp61M1J1zV1mJD4uA isotropic seed=9012 gain=3.912 max|d|=18.18 (no projection)
[ok] london_query_-OOGG8lTvgHHqp3iuULlyQ direction seed=5678 gain=0.720 max|d|=11.52 (projection 16)
[ok] london_query_-OOGG8lTvgHHqp3iuULlyQ direction_eot seed=5678 gain=0.580 max|d|=9.27 (projection 16)
[ok] london_query_-OOGG8lTvgHHqp3iuULlyQ isotropic seed=5678 gain=3.973 max|d|=17.83 (no projection)
[ok] london_query_-OOGG8lTvgHHqp3iuULlyQ direction seed=9012 gain=0.707 max|d|=11.32 (projection 16)
[ok] london_query_-OOGG8lTvgHHqp3iuULlyQ direction_eot seed=9012 gain=0.571 max|d|=9.13 (projection 16)
[ok] london_query_-OOGG8lTvgHHqp3iuULlyQ isotropic seed=9012 gain=3.974 max|d|=20.82 (no projection)
[ok] manila_query_-ColYSDtqqoE3TZ4eZHu8g direction seed=5678 gain=0.773 max|d|=12.36 (projection 16)
[ok] manila_query_-ColYSDtqqoE3TZ4eZHu8g direction_eot seed=5678 gain=0.617 max|d|=9.86 (projection 16)
[ok] manila_query_-ColYSDtqqoE3TZ4eZHu8g isotropic seed=5678 gain=3.965 max|d|=17.36 (no projection)
[ok] manila_query_-ColYSDtqqoE3TZ4eZHu8g direction seed=9012 gain=0.767 max|d|=12.27 (projection 16)
[ok] manila_query_-ColYSDtqqoE3TZ4eZHu8g direction_eot seed=9012 gain=0.610 max|d|=9.76 (projection 16)
[ok] manila_query_-ColYSDtqqoE3TZ4eZHu8g isotropic seed=9012 gain=3.952 max|d|=19.25 (no projection)
[ok] nairobi_query_0R73ChZbcyJ8Z4vBaef_Jw direction seed=5678 gain=0.824 max|d|=13.18 (projection 16)
[ok] nairobi_query_0R73ChZbcyJ8Z4vBaef_Jw direction_eot seed=5678 gain=0.657 max|d|=10.52 (projection 16)
[ok] nairobi_query_0R73ChZbcyJ8Z4vBaef_Jw isotropic seed=5678 gain=3.991 max|d|=19.18 (no projection)
[ok] nairobi_query_0R73ChZbcyJ8Z4vBaef_Jw direction seed=9012 gain=0.835 max|d|=13.35 (projection 16)
[ok] nairobi_query_0R73ChZbcyJ8Z4vBaef_Jw direction_eot seed=9012 gain=0.667 max|d|=10.67 (projection 16)
[ok] nairobi_query_0R73ChZbcyJ8Z4vBaef_Jw isotropic seed=9012 gain=3.990 max|d|=17.70 (no projection)
[ok] toronto_query_-8BknWmZh2lEnEeect73Ww direction seed=5678 gain=0.698 max|d|=11.17 (projection 16)
[ok] toronto_query_-8BknWmZh2lEnEeect73Ww direction_eot seed=5678 gain=0.563 max|d|=9.01 (projection 16)
[ok] toronto_query_-8BknWmZh2lEnEeect73Ww isotropic seed=5678 gain=3.977 max|d|=18.69 (no projection)
[ok] toronto_query_-8BknWmZh2lEnEeect73Ww direction seed=9012 gain=0.699 max|d|=11.18 (projection 16)
[ok] toronto_query_-8BknWmZh2lEnEeect73Ww direction_eot seed=9012 gain=0.558 max|d|=8.92 (projection 16)
[ok] toronto_query_-8BknWmZh2lEnEeect73Ww isotropic seed=9012 gain=3.984 max|d|=18.49 (no projection)
[ok] zurich_query_-TxHEY5xnZFgfnHO3ygjzw direction seed=5678 gain=0.791 max|d|=12.65 (projection 16)
[ok] zurich_query_-TxHEY5xnZFgfnHO3ygjzw direction_eot seed=5678 gain=0.629 max|d|=10.07 (projection 16)
[ok] zurich_query_-TxHEY5xnZFgfnHO3ygjzw isotropic seed=5678 gain=3.982 max|d|=19.61 (no projection)
[ok] zurich_query_-TxHEY5xnZFgfnHO3ygjzw direction seed=9012 gain=0.807 max|d|=12.91 (projection 16)
[ok] zurich_query_-TxHEY5xnZFgfnHO3ygjzw direction_eot seed=9012 gain=0.631 max|d|=10.10 (projection 16)
[ok] zurich_query_-TxHEY5xnZFgfnHO3ygjzw isotropic seed=9012 gain=3.986 max|d|=17.92 (no projection)
[ok] amman_query_051WRvR5gI1vde606oseFw direction seed=5678 gain=0.808 max|d|=12.93 (projection 16)
[ok] amman_query_051WRvR5gI1vde606oseFw direction_eot seed=5678 gain=0.632 max|d|=10.11 (projection 16)
[ok] amman_query_051WRvR5gI1vde606oseFw isotropic seed=5678 gain=3.955 max|d|=18.64 (no projection)
[ok] amman_query_051WRvR5gI1vde606oseFw direction seed=9012 gain=0.805 max|d|=12.87 (projection 16)
[ok] amman_query_051WRvR5gI1vde606oseFw direction_eot seed=9012 gain=0.663 max|d|=10.61 (projection 16)
[ok] amman_query_051WRvR5gI1vde606oseFw isotropic seed=9012 gain=3.962 max|d|=16.59 (no projection)
[ok] boston_query_-CNeDzWqfei0F-1CmA8N9A direction seed=5678 gain=0.737 max|d|=11.79 (projection 16)
[ok] boston_query_-CNeDzWqfei0F-1CmA8N9A direction_eot seed=5678 gain=0.609 max|d|=9.74 (projection 16)
[ok] boston_query_-CNeDzWqfei0F-1CmA8N9A isotropic seed=5678 gain=3.953 max|d|=17.05 (no projection)
[ok] boston_query_-CNeDzWqfei0F-1CmA8N9A direction seed=9012 gain=0.738 max|d|=11.81 (projection 16)
[ok] boston_query_-CNeDzWqfei0F-1CmA8N9A direction_eot seed=9012 gain=0.607 max|d|=9.71 (projection 16)
[ok] boston_query_-CNeDzWqfei0F-1CmA8N9A isotropic seed=9012 gain=3.962 max|d|=18.49 (no projection)
[ok] cph_query_-9ZOGirqZl2EVYWN1WLERg direction seed=5678 gain=0.802 max|d|=12.84 (projection 16)
[ok] cph_query_-9ZOGirqZl2EVYWN1WLERg direction_eot seed=5678 gain=0.633 max|d|=10.13 (projection 16)
[ok] cph_query_-9ZOGirqZl2EVYWN1WLERg isotropic seed=5678 gain=3.954 max|d|=18.77 (no projection)
[ok] cph_query_-9ZOGirqZl2EVYWN1WLERg direction seed=9012 gain=0.789 max|d|=12.63 (projection 16)
[ok] cph_query_-9ZOGirqZl2EVYWN1WLERg direction_eot seed=9012 gain=0.602 max|d|=9.64 (projection 16)
[ok] cph_query_-9ZOGirqZl2EVYWN1WLERg isotropic seed=9012 gain=3.972 max|d|=17.26 (no projection)
[ok] london_query_-TmVvxY52h9CjrIUzBbCgw direction seed=5678 gain=0.785 max|d|=12.56 (projection 16)
[ok] london_query_-TmVvxY52h9CjrIUzBbCgw direction_eot seed=5678 gain=0.606 max|d|=9.70 (projection 16)
[ok] london_query_-TmVvxY52h9CjrIUzBbCgw isotropic seed=5678 gain=4.036 max|d|=18.76 (no projection)
[ok] london_query_-TmVvxY52h9CjrIUzBbCgw direction seed=9012 gain=0.786 max|d|=12.58 (projection 16)
[ok] london_query_-TmVvxY52h9CjrIUzBbCgw direction_eot seed=9012 gain=0.622 max|d|=9.95 (projection 16)
[ok] london_query_-TmVvxY52h9CjrIUzBbCgw isotropic seed=9012 gain=4.030 max|d|=17.89 (no projection)
[ok] manila_query_-ELxcda6ePiuO6nR3VP3-A direction seed=5678 gain=0.703 max|d|=11.25 (projection 16)
[ok] manila_query_-ELxcda6ePiuO6nR3VP3-A direction_eot seed=5678 gain=0.591 max|d|=9.45 (projection 16)
[ok] manila_query_-ELxcda6ePiuO6nR3VP3-A isotropic seed=5678 gain=4.090 max|d|=18.60 (no projection)
[ok] manila_query_-ELxcda6ePiuO6nR3VP3-A direction seed=9012 gain=0.705 max|d|=11.28 (projection 16)
[ok] manila_query_-ELxcda6ePiuO6nR3VP3-A direction_eot seed=9012 gain=0.577 max|d|=9.23 (projection 16)
[ok] manila_query_-ELxcda6ePiuO6nR3VP3-A isotropic seed=9012 gain=4.103 max|d|=20.16 (no projection)
[ok] nairobi_query_0TzVtw0twyRTMFGP-VzE8A direction seed=5678 gain=0.829 max|d|=13.27 (projection 16)
[ok] nairobi_query_0TzVtw0twyRTMFGP-VzE8A direction_eot seed=5678 gain=0.673 max|d|=10.78 (projection 16)
[ok] nairobi_query_0TzVtw0twyRTMFGP-VzE8A isotropic seed=5678 gain=4.011 max|d|=17.73 (no projection)
[ok] nairobi_query_0TzVtw0twyRTMFGP-VzE8A direction seed=9012 gain=0.828 max|d|=13.25 (projection 16)
[ok] nairobi_query_0TzVtw0twyRTMFGP-VzE8A direction_eot seed=9012 gain=0.664 max|d|=10.62 (projection 16)
[ok] nairobi_query_0TzVtw0twyRTMFGP-VzE8A isotropic seed=9012 gain=4.005 max|d|=17.40 (no projection)
[ok] toronto_query_-8NbZpIbjwqAXwoRMmYddg direction seed=5678 gain=0.766 max|d|=12.25 (projection 16)
[ok] toronto_query_-8NbZpIbjwqAXwoRMmYddg direction_eot seed=5678 gain=0.616 max|d|=9.86 (projection 16)
[ok] toronto_query_-8NbZpIbjwqAXwoRMmYddg isotropic seed=5678 gain=3.953 max|d|=19.10 (no projection)
[ok] toronto_query_-8NbZpIbjwqAXwoRMmYddg direction seed=9012 gain=0.762 max|d|=12.18 (projection 16)
[ok] toronto_query_-8NbZpIbjwqAXwoRMmYddg direction_eot seed=9012 gain=0.619 max|d|=9.90 (projection 16)
[ok] toronto_query_-8NbZpIbjwqAXwoRMmYddg isotropic seed=9012 gain=3.979 max|d|=18.64 (no projection)
[ok] zurich_query_-Vs9xzO47S-0Cfs9o81wvQ direction seed=5678 gain=0.737 max|d|=11.78 (projection 16)
[ok] zurich_query_-Vs9xzO47S-0Cfs9o81wvQ direction_eot seed=5678 gain=0.585 max|d|=9.36 (projection 16)
[ok] zurich_query_-Vs9xzO47S-0Cfs9o81wvQ isotropic seed=5678 gain=3.979 max|d|=18.40 (no projection)
[ok] zurich_query_-Vs9xzO47S-0Cfs9o81wvQ direction seed=9012 gain=0.744 max|d|=11.90 (projection 16)
[ok] zurich_query_-Vs9xzO47S-0Cfs9o81wvQ direction_eot seed=9012 gain=0.600 max|d|=9.60 (projection 16)
[ok] zurich_query_-Vs9xzO47S-0Cfs9o81wvQ isotropic seed=9012 gain=3.982 max|d|=17.94 (no projection)
[ok] amman_query_0CjrhmzpvqXBOIBsGB6LcQ direction seed=5678 gain=0.797 max|d|=12.75 (projection 16)
[ok] amman_query_0CjrhmzpvqXBOIBsGB6LcQ direction_eot seed=5678 gain=0.643 max|d|=10.28 (projection 16)
[ok] amman_query_0CjrhmzpvqXBOIBsGB6LcQ isotropic seed=5678 gain=3.970 max|d|=21.04 (no projection)
[ok] amman_query_0CjrhmzpvqXBOIBsGB6LcQ direction seed=9012 gain=0.800 max|d|=12.81 (projection 16)
[ok] amman_query_0CjrhmzpvqXBOIBsGB6LcQ direction_eot seed=9012 gain=0.626 max|d|=10.02 (projection 16)
[ok] amman_query_0CjrhmzpvqXBOIBsGB6LcQ isotropic seed=9012 gain=3.970 max|d|=20.20 (no projection)
[ok] boston_query_-D-onyWSIw3M1SbsxL7X-g direction seed=5678 gain=0.731 max|d|=11.70 (projection 16)
[ok] boston_query_-D-onyWSIw3M1SbsxL7X-g direction_eot seed=5678 gain=0.598 max|d|=9.57 (projection 16)
[ok] boston_query_-D-onyWSIw3M1SbsxL7X-g isotropic seed=5678 gain=4.016 max|d|=18.71 (no projection)
[ok] boston_query_-D-onyWSIw3M1SbsxL7X-g direction seed=9012 gain=0.733 max|d|=11.73 (projection 16)
[ok] boston_query_-D-onyWSIw3M1SbsxL7X-g direction_eot seed=9012 gain=0.587 max|d|=9.39 (projection 16)
[ok] boston_query_-D-onyWSIw3M1SbsxL7X-g isotropic seed=9012 gain=4.016 max|d|=17.98 (no projection)
[ok] cph_query_-AowxxrsOr_xM02-ZyrQ5A direction seed=5678 gain=0.746 max|d|=11.94 (projection 16)
[ok] cph_query_-AowxxrsOr_xM02-ZyrQ5A direction_eot seed=5678 gain=0.620 max|d|=9.92 (projection 16)
[ok] cph_query_-AowxxrsOr_xM02-ZyrQ5A isotropic seed=5678 gain=3.992 max|d|=17.70 (no projection)
[ok] cph_query_-AowxxrsOr_xM02-ZyrQ5A direction seed=9012 gain=0.761 max|d|=12.18 (projection 16)
[ok] cph_query_-AowxxrsOr_xM02-ZyrQ5A direction_eot seed=9012 gain=0.622 max|d|=9.95 (projection 16)
[ok] cph_query_-AowxxrsOr_xM02-ZyrQ5A isotropic seed=9012 gain=3.986 max|d|=18.79 (no projection)
[ok] london_query_-UeH_UbGnPshWdeEEYfhyQ direction seed=5678 gain=0.805 max|d|=12.88 (projection 16)
[ok] london_query_-UeH_UbGnPshWdeEEYfhyQ direction_eot seed=5678 gain=0.629 max|d|=10.06 (projection 16)
[ok] london_query_-UeH_UbGnPshWdeEEYfhyQ isotropic seed=5678 gain=3.975 max|d|=18.64 (no projection)
[ok] london_query_-UeH_UbGnPshWdeEEYfhyQ direction seed=9012 gain=0.818 max|d|=13.09 (projection 16)
[ok] london_query_-UeH_UbGnPshWdeEEYfhyQ direction_eot seed=9012 gain=0.642 max|d|=10.28 (projection 16)
[ok] london_query_-UeH_UbGnPshWdeEEYfhyQ isotropic seed=9012 gain=3.855 max|d|=18.68 (no projection)
[ok] manila_query_-EVOy4h35ZUyBK4r6uBM5g direction seed=5678 gain=0.806 max|d|=12.89 (projection 16)
[ok] manila_query_-EVOy4h35ZUyBK4r6uBM5g direction_eot seed=5678 gain=0.660 max|d|=10.56 (projection 16)
[ok] manila_query_-EVOy4h35ZUyBK4r6uBM5g isotropic seed=5678 gain=3.985 max|d|=18.02 (no projection)
[ok] manila_query_-EVOy4h35ZUyBK4r6uBM5g direction seed=9012 gain=0.802 max|d|=12.84 (projection 16)
[ok] manila_query_-EVOy4h35ZUyBK4r6uBM5g direction_eot seed=9012 gain=0.657 max|d|=10.52 (projection 16)
[ok] manila_query_-EVOy4h35ZUyBK4r6uBM5g isotropic seed=9012 gain=3.996 max|d|=19.55 (no projection)
[ok] nairobi_query_0YY7sOJF2Kr1PfPB1KidBg direction seed=5678 gain=0.844 max|d|=13.51 (projection 16)
[ok] nairobi_query_0YY7sOJF2Kr1PfPB1KidBg direction_eot seed=5678 gain=0.624 max|d|=9.99 (projection 16)
[ok] nairobi_query_0YY7sOJF2Kr1PfPB1KidBg isotropic seed=5678 gain=4.016 max|d|=19.43 (no projection)
[ok] nairobi_query_0YY7sOJF2Kr1PfPB1KidBg direction seed=9012 gain=0.839 max|d|=13.43 (projection 16)
[ok] nairobi_query_0YY7sOJF2Kr1PfPB1KidBg direction_eot seed=9012 gain=0.650 max|d|=10.41 (projection 16)
[ok] nairobi_query_0YY7sOJF2Kr1PfPB1KidBg isotropic seed=9012 gain=4.015 max|d|=20.29 (no projection)
[ok] toronto_query_-8Q-Otkctyr1cXAnmn2BEw direction seed=5678 gain=0.766 max|d|=12.25 (projection 16)
[ok] toronto_query_-8Q-Otkctyr1cXAnmn2BEw direction_eot seed=5678 gain=0.637 max|d|=10.19 (projection 16)
[ok] toronto_query_-8Q-Otkctyr1cXAnmn2BEw isotropic seed=5678 gain=4.152 max|d|=18.99 (no projection)
[ok] toronto_query_-8Q-Otkctyr1cXAnmn2BEw direction seed=9012 gain=0.761 max|d|=12.18 (projection 16)
[ok] toronto_query_-8Q-Otkctyr1cXAnmn2BEw direction_eot seed=9012 gain=0.637 max|d|=10.19 (projection 16)
[ok] toronto_query_-8Q-Otkctyr1cXAnmn2BEw isotropic seed=9012 gain=4.161 max|d|=18.89 (no projection)
[ok] zurich_query_-ZAb7eYhYeo1yW06_paa_g direction seed=5678 gain=0.753 max|d|=12.05 (projection 16)
[ok] zurich_query_-ZAb7eYhYeo1yW06_paa_g direction_eot seed=5678 gain=0.580 max|d|=9.28 (projection 16)
[ok] zurich_query_-ZAb7eYhYeo1yW06_paa_g isotropic seed=5678 gain=3.988 max|d|=17.99 (no projection)
[ok] zurich_query_-ZAb7eYhYeo1yW06_paa_g direction seed=9012 gain=0.744 max|d|=11.91 (projection 16)
[ok] zurich_query_-ZAb7eYhYeo1yW06_paa_g direction_eot seed=9012 gain=0.573 max|d|=9.18 (projection 16)
[ok] zurich_query_-ZAb7eYhYeo1yW06_paa_g isotropic seed=9012 gain=3.991 max|d|=18.60 (no projection)
[ok] amman_query_0IvHKlYEfFEP39KRxr9UZg direction seed=5678 gain=0.740 max|d|=11.84 (projection 16)
[ok] amman_query_0IvHKlYEfFEP39KRxr9UZg direction_eot seed=5678 gain=0.615 max|d|=9.84 (projection 16)
[ok] amman_query_0IvHKlYEfFEP39KRxr9UZg isotropic seed=5678 gain=3.966 max|d|=17.28 (no projection)
[ok] amman_query_0IvHKlYEfFEP39KRxr9UZg direction seed=9012 gain=0.741 max|d|=11.86 (projection 16)
[ok] amman_query_0IvHKlYEfFEP39KRxr9UZg direction_eot seed=9012 gain=0.598 max|d|=9.56 (projection 16)
[ok] amman_query_0IvHKlYEfFEP39KRxr9UZg isotropic seed=9012 gain=3.975 max|d|=18.16 (no projection)
[ok] boston_query_-DYvemYiNwx_BmPSrlUWIA direction seed=5678 gain=0.803 max|d|=12.85 (projection 16)
[ok] boston_query_-DYvemYiNwx_BmPSrlUWIA direction_eot seed=5678 gain=0.639 max|d|=10.23 (projection 16)
[ok] boston_query_-DYvemYiNwx_BmPSrlUWIA isotropic seed=5678 gain=3.990 max|d|=18.34 (no projection)
[ok] boston_query_-DYvemYiNwx_BmPSrlUWIA direction seed=9012 gain=0.786 max|d|=12.58 (projection 16)
[ok] boston_query_-DYvemYiNwx_BmPSrlUWIA direction_eot seed=9012 gain=0.644 max|d|=10.30 (projection 16)
[ok] boston_query_-DYvemYiNwx_BmPSrlUWIA isotropic seed=9012 gain=3.996 max|d|=19.15 (no projection)
[ok] cph_query_-BH_JCTriNnLeoSt0e51lQ direction seed=5678 gain=0.845 max|d|=13.52 (projection 16)
[ok] cph_query_-BH_JCTriNnLeoSt0e51lQ direction_eot seed=5678 gain=0.711 max|d|=11.37 (projection 16)
[ok] cph_query_-BH_JCTriNnLeoSt0e51lQ isotropic seed=5678 gain=3.991 max|d|=20.69 (no projection)
[ok] cph_query_-BH_JCTriNnLeoSt0e51lQ direction seed=9012 gain=0.848 max|d|=13.57 (projection 16)
[ok] cph_query_-BH_JCTriNnLeoSt0e51lQ direction_eot seed=9012 gain=0.644 max|d|=10.30 (projection 16)
[ok] cph_query_-BH_JCTriNnLeoSt0e51lQ isotropic seed=9012 gain=3.989 max|d|=17.38 (no projection)
[ok] london_query_-WUdEGuLIX2B2T8rBV0Rgw direction seed=5678 gain=0.758 max|d|=12.13 (projection 16)
[ok] london_query_-WUdEGuLIX2B2T8rBV0Rgw direction_eot seed=5678 gain=0.603 max|d|=9.64 (projection 16)
[ok] london_query_-WUdEGuLIX2B2T8rBV0Rgw isotropic seed=5678 gain=4.032 max|d|=18.08 (no projection)
[ok] london_query_-WUdEGuLIX2B2T8rBV0Rgw direction seed=9012 gain=0.755 max|d|=12.08 (projection 16)
[ok] london_query_-WUdEGuLIX2B2T8rBV0Rgw direction_eot seed=9012 gain=0.604 max|d|=9.66 (projection 16)
[ok] london_query_-WUdEGuLIX2B2T8rBV0Rgw isotropic seed=9012 gain=4.032 max|d|=18.44 (no projection)
[ok] manila_query_-EthLwRJMwt-Shb-xpIYlA direction seed=5678 gain=0.745 max|d|=11.92 (projection 16)
[ok] manila_query_-EthLwRJMwt-Shb-xpIYlA direction_eot seed=5678 gain=0.591 max|d|=9.45 (projection 16)
[ok] manila_query_-EthLwRJMwt-Shb-xpIYlA isotropic seed=5678 gain=3.989 max|d|=18.82 (no projection)
[ok] manila_query_-EthLwRJMwt-Shb-xpIYlA direction seed=9012 gain=0.743 max|d|=11.89 (projection 16)
[ok] manila_query_-EthLwRJMwt-Shb-xpIYlA direction_eot seed=9012 gain=0.595 max|d|=9.52 (projection 16)
[ok] manila_query_-EthLwRJMwt-Shb-xpIYlA isotropic seed=9012 gain=4.013 max|d|=19.55 (no projection)
[ok] nairobi_query_0jIUlQnC_o05NHi_OMD_vg direction seed=5678 gain=0.821 max|d|=13.13 (projection 16)
[ok] nairobi_query_0jIUlQnC_o05NHi_OMD_vg direction_eot seed=5678 gain=0.650 max|d|=10.40 (projection 16)
[ok] nairobi_query_0jIUlQnC_o05NHi_OMD_vg isotropic seed=5678 gain=4.125 max|d|=19.39 (no projection)
[ok] nairobi_query_0jIUlQnC_o05NHi_OMD_vg direction seed=9012 gain=0.809 max|d|=12.94 (projection 16)
[ok] nairobi_query_0jIUlQnC_o05NHi_OMD_vg direction_eot seed=9012 gain=0.633 max|d|=10.12 (projection 16)
[ok] nairobi_query_0jIUlQnC_o05NHi_OMD_vg isotropic seed=9012 gain=4.126 max|d|=20.00 (no projection)
[ok] toronto_query_-8imnyri_5yPaHzqoBtiSg direction seed=5678 gain=0.768 max|d|=12.29 (projection 16)
[ok] toronto_query_-8imnyri_5yPaHzqoBtiSg direction_eot seed=5678 gain=0.622 max|d|=9.95 (projection 16)
[ok] toronto_query_-8imnyri_5yPaHzqoBtiSg isotropic seed=5678 gain=3.973 max|d|=18.67 (no projection)
[ok] toronto_query_-8imnyri_5yPaHzqoBtiSg direction seed=9012 gain=0.786 max|d|=12.58 (projection 16)
[ok] toronto_query_-8imnyri_5yPaHzqoBtiSg direction_eot seed=9012 gain=0.615 max|d|=9.84 (projection 16)
[ok] toronto_query_-8imnyri_5yPaHzqoBtiSg isotropic seed=9012 gain=3.977 max|d|=17.88 (no projection)
[ok] zurich_query_-_SB4ERKdFDYkwavdkk6NA direction seed=5678 gain=0.749 max|d|=11.98 (projection 16)
[ok] zurich_query_-_SB4ERKdFDYkwavdkk6NA direction_eot seed=5678 gain=0.587 max|d|=9.39 (projection 16)
[ok] zurich_query_-_SB4ERKdFDYkwavdkk6NA isotropic seed=5678 gain=4.003 max|d|=16.94 (no projection)
[ok] zurich_query_-_SB4ERKdFDYkwavdkk6NA direction seed=9012 gain=0.739 max|d|=11.83 (projection 16)
[ok] zurich_query_-_SB4ERKdFDYkwavdkk6NA direction_eot seed=9012 gain=0.584 max|d|=9.34 (projection 16)
[ok] zurich_query_-_SB4ERKdFDYkwavdkk6NA isotropic seed=9012 gain=3.994 max|d|=19.35 (no projection)
[ok] amman_query_0NfGsYmI9MkLl0JzfO-tJg direction seed=5678 gain=0.803 max|d|=12.84 (projection 16)
[ok] amman_query_0NfGsYmI9MkLl0JzfO-tJg direction_eot seed=5678 gain=0.625 max|d|=10.00 (projection 16)
[ok] amman_query_0NfGsYmI9MkLl0JzfO-tJg isotropic seed=5678 gain=3.959 max|d|=20.30 (no projection)
[ok] amman_query_0NfGsYmI9MkLl0JzfO-tJg direction seed=9012 gain=0.798 max|d|=12.77 (projection 16)
[ok] amman_query_0NfGsYmI9MkLl0JzfO-tJg direction_eot seed=9012 gain=0.611 max|d|=9.78 (projection 16)
[ok] amman_query_0NfGsYmI9MkLl0JzfO-tJg isotropic seed=9012 gain=3.948 max|d|=17.74 (no projection)
[ok] boston_query_-DZ2jmUKLylFospVHUJx9w direction seed=5678 gain=0.795 max|d|=12.72 (projection 16)
[ok] boston_query_-DZ2jmUKLylFospVHUJx9w direction_eot seed=5678 gain=0.634 max|d|=10.15 (projection 16)
[ok] boston_query_-DZ2jmUKLylFospVHUJx9w isotropic seed=5678 gain=3.990 max|d|=18.60 (no projection)
[ok] boston_query_-DZ2jmUKLylFospVHUJx9w direction seed=9012 gain=0.796 max|d|=12.74 (projection 16)
[ok] boston_query_-DZ2jmUKLylFospVHUJx9w direction_eot seed=9012 gain=0.647 max|d|=10.36 (projection 16)
[ok] boston_query_-DZ2jmUKLylFospVHUJx9w isotropic seed=9012 gain=3.980 max|d|=18.18 (no projection)
[ok] cph_query_-CmhgNHgZVau1Sw841AZJw direction seed=5678 gain=0.808 max|d|=12.93 (projection 16)
[ok] cph_query_-CmhgNHgZVau1Sw841AZJw direction_eot seed=5678 gain=0.610 max|d|=9.76 (projection 16)
[ok] cph_query_-CmhgNHgZVau1Sw841AZJw isotropic seed=5678 gain=3.987 max|d|=18.29 (no projection)
[ok] cph_query_-CmhgNHgZVau1Sw841AZJw direction seed=9012 gain=0.799 max|d|=12.79 (projection 16)
[ok] cph_query_-CmhgNHgZVau1Sw841AZJw direction_eot seed=9012 gain=0.628 max|d|=10.06 (projection 16)
[ok] cph_query_-CmhgNHgZVau1Sw841AZJw isotropic seed=9012 gain=4.000 max|d|=20.05 (no projection)
[ok] london_query_-WZeEq0W1pr6VJS4t3dR0g direction seed=5678 gain=0.783 max|d|=12.53 (projection 16)
[ok] london_query_-WZeEq0W1pr6VJS4t3dR0g direction_eot seed=5678 gain=0.632 max|d|=10.10 (projection 16)
[ok] london_query_-WZeEq0W1pr6VJS4t3dR0g isotropic seed=5678 gain=4.050 max|d|=18.32 (no projection)
[ok] london_query_-WZeEq0W1pr6VJS4t3dR0g direction seed=9012 gain=0.788 max|d|=12.61 (projection 16)
[ok] london_query_-WZeEq0W1pr6VJS4t3dR0g direction_eot seed=9012 gain=0.629 max|d|=10.06 (projection 16)
[ok] london_query_-WZeEq0W1pr6VJS4t3dR0g isotropic seed=9012 gain=4.048 max|d|=18.33 (no projection)
[ok] manila_query_-GD9SrklFbEy7mNAK9uIXg direction seed=5678 gain=0.794 max|d|=12.71 (projection 16)
[ok] manila_query_-GD9SrklFbEy7mNAK9uIXg direction_eot seed=5678 gain=0.641 max|d|=10.26 (projection 16)
[ok] manila_query_-GD9SrklFbEy7mNAK9uIXg isotropic seed=5678 gain=3.970 max|d|=17.70 (no projection)
[ok] manila_query_-GD9SrklFbEy7mNAK9uIXg direction seed=9012 gain=0.793 max|d|=12.69 (projection 16)
[ok] manila_query_-GD9SrklFbEy7mNAK9uIXg direction_eot seed=9012 gain=0.642 max|d|=10.27 (projection 16)
[ok] manila_query_-GD9SrklFbEy7mNAK9uIXg isotropic seed=9012 gain=3.964 max|d|=18.62 (no projection)
[ok] nairobi_query_0o5iaNnZzqS9cqJ1tMT85g direction seed=5678 gain=0.744 max|d|=11.91 (projection 16)
[ok] nairobi_query_0o5iaNnZzqS9cqJ1tMT85g direction_eot seed=5678 gain=0.589 max|d|=9.43 (projection 16)
[ok] nairobi_query_0o5iaNnZzqS9cqJ1tMT85g isotropic seed=5678 gain=3.972 max|d|=20.82 (no projection)
[ok] nairobi_query_0o5iaNnZzqS9cqJ1tMT85g direction seed=9012 gain=0.756 max|d|=12.10 (projection 16)
[ok] nairobi_query_0o5iaNnZzqS9cqJ1tMT85g direction_eot seed=9012 gain=0.572 max|d|=9.16 (projection 16)
[ok] nairobi_query_0o5iaNnZzqS9cqJ1tMT85g isotropic seed=9012 gain=3.971 max|d|=18.03 (no projection)
[ok] toronto_query_-8zrNMH6voa2ZtBaGNpoYQ direction seed=5678 gain=0.783 max|d|=12.52 (projection 16)
[ok] toronto_query_-8zrNMH6voa2ZtBaGNpoYQ direction_eot seed=5678 gain=0.641 max|d|=10.26 (projection 16)
[ok] toronto_query_-8zrNMH6voa2ZtBaGNpoYQ isotropic seed=5678 gain=3.969 max|d|=18.50 (no projection)
[ok] toronto_query_-8zrNMH6voa2ZtBaGNpoYQ direction seed=9012 gain=0.781 max|d|=12.49 (projection 16)
[ok] toronto_query_-8zrNMH6voa2ZtBaGNpoYQ direction_eot seed=9012 gain=0.623 max|d|=9.97 (projection 16)
[ok] toronto_query_-8zrNMH6voa2ZtBaGNpoYQ isotropic seed=9012 gain=3.965 max|d|=19.61 (no projection)
[ok] zurich_query_-bwmsEYfSnHpjkqrw0Vn6g direction seed=5678 gain=0.787 max|d|=12.59 (projection 16)
[ok] zurich_query_-bwmsEYfSnHpjkqrw0Vn6g direction_eot seed=5678 gain=0.612 max|d|=9.79 (projection 16)
[ok] zurich_query_-bwmsEYfSnHpjkqrw0Vn6g isotropic seed=5678 gain=3.987 max|d|=18.58 (no projection)
[ok] zurich_query_-bwmsEYfSnHpjkqrw0Vn6g direction seed=9012 gain=0.782 max|d|=12.52 (projection 16)
[ok] zurich_query_-bwmsEYfSnHpjkqrw0Vn6g direction_eot seed=9012 gain=0.607 max|d|=9.71 (projection 16)
[ok] zurich_query_-bwmsEYfSnHpjkqrw0Vn6g isotropic seed=9012 gain=3.985 max|d|=19.39 (no projection)
[ok] amman_query_0PLHged3iWJuuv8xOPB5rA direction seed=5678 gain=0.789 max|d|=12.62 (projection 16)
[ok] amman_query_0PLHged3iWJuuv8xOPB5rA direction_eot seed=5678 gain=0.640 max|d|=10.24 (projection 16)
[ok] amman_query_0PLHged3iWJuuv8xOPB5rA isotropic seed=5678 gain=3.970 max|d|=18.97 (no projection)
[ok] amman_query_0PLHged3iWJuuv8xOPB5rA direction seed=9012 gain=0.792 max|d|=12.67 (projection 16)
[ok] amman_query_0PLHged3iWJuuv8xOPB5rA direction_eot seed=9012 gain=0.631 max|d|=10.10 (projection 16)
[ok] amman_query_0PLHged3iWJuuv8xOPB5rA isotropic seed=9012 gain=3.966 max|d|=20.67 (no projection)
[ok] boston_query_-EHBZ4-3d6vENYYFm7mWEw direction seed=5678 gain=0.819 max|d|=13.10 (projection 16)
[ok] boston_query_-EHBZ4-3d6vENYYFm7mWEw direction_eot seed=5678 gain=0.661 max|d|=10.57 (projection 16)
[ok] boston_query_-EHBZ4-3d6vENYYFm7mWEw isotropic seed=5678 gain=4.025 max|d|=17.80 (no projection)
[ok] boston_query_-EHBZ4-3d6vENYYFm7mWEw direction seed=9012 gain=0.820 max|d|=13.11 (projection 16)
[ok] boston_query_-EHBZ4-3d6vENYYFm7mWEw direction_eot seed=9012 gain=0.639 max|d|=10.23 (projection 16)
[ok] boston_query_-EHBZ4-3d6vENYYFm7mWEw isotropic seed=9012 gain=4.032 max|d|=20.48 (no projection)
[ok] cph_query_-CrgHhqoywCPgzsSAabnsw direction seed=5678 gain=0.817 max|d|=13.07 (projection 16)
[ok] cph_query_-CrgHhqoywCPgzsSAabnsw direction_eot seed=5678 gain=0.654 max|d|=10.46 (projection 16)
[ok] cph_query_-CrgHhqoywCPgzsSAabnsw isotropic seed=5678 gain=3.969 max|d|=20.10 (no projection)
[ok] cph_query_-CrgHhqoywCPgzsSAabnsw direction seed=9012 gain=0.796 max|d|=12.74 (projection 16)
[ok] cph_query_-CrgHhqoywCPgzsSAabnsw direction_eot seed=9012 gain=0.638 max|d|=10.21 (projection 16)
[ok] cph_query_-CrgHhqoywCPgzsSAabnsw isotropic seed=9012 gain=3.968 max|d|=20.09 (no projection)
[ok] london_query_-WyzcGh-_EYVhI50Y9F08Q direction seed=5678 gain=0.773 max|d|=12.37 (projection 16)
[ok] london_query_-WyzcGh-_EYVhI50Y9F08Q direction_eot seed=5678 gain=0.620 max|d|=9.93 (projection 16)
[ok] london_query_-WyzcGh-_EYVhI50Y9F08Q isotropic seed=5678 gain=3.986 max|d|=17.52 (no projection)
[ok] london_query_-WyzcGh-_EYVhI50Y9F08Q direction seed=9012 gain=0.761 max|d|=12.18 (projection 16)
[ok] london_query_-WyzcGh-_EYVhI50Y9F08Q direction_eot seed=9012 gain=0.625 max|d|=10.00 (projection 16)
[ok] london_query_-WyzcGh-_EYVhI50Y9F08Q isotropic seed=9012 gain=3.981 max|d|=19.38 (no projection)
[ok] manila_query_-GRDcYlSjwLZPQ0LqKatqA direction seed=5678 gain=0.773 max|d|=12.36 (projection 16)
[ok] manila_query_-GRDcYlSjwLZPQ0LqKatqA direction_eot seed=5678 gain=0.623 max|d|=9.96 (projection 16)
[ok] manila_query_-GRDcYlSjwLZPQ0LqKatqA isotropic seed=5678 gain=3.957 max|d|=17.80 (no projection)
[ok] manila_query_-GRDcYlSjwLZPQ0LqKatqA direction seed=9012 gain=0.772 max|d|=12.35 (projection 16)
[ok] manila_query_-GRDcYlSjwLZPQ0LqKatqA direction_eot seed=9012 gain=0.623 max|d|=9.97 (projection 16)
[ok] manila_query_-GRDcYlSjwLZPQ0LqKatqA isotropic seed=9012 gain=3.965 max|d|=18.24 (no projection)
[ok] nairobi_query_0u9pYEI4g20T0TGGb3Q_mw direction seed=5678 gain=0.813 max|d|=13.01 (projection 16)
[ok] nairobi_query_0u9pYEI4g20T0TGGb3Q_mw direction_eot seed=5678 gain=0.623 max|d|=9.97 (projection 16)
[ok] nairobi_query_0u9pYEI4g20T0TGGb3Q_mw isotropic seed=5678 gain=3.967 max|d|=19.20 (no projection)
[ok] nairobi_query_0u9pYEI4g20T0TGGb3Q_mw direction seed=9012 gain=0.817 max|d|=13.07 (projection 16)
[ok] nairobi_query_0u9pYEI4g20T0TGGb3Q_mw direction_eot seed=9012 gain=0.607 max|d|=9.71 (projection 16)
[ok] nairobi_query_0u9pYEI4g20T0TGGb3Q_mw isotropic seed=9012 gain=3.954 max|d|=18.16 (no projection)
[ok] toronto_query_-90qYles5GKU3ikhCYP3xg direction seed=5678 gain=0.778 max|d|=12.45 (projection 16)
[ok] toronto_query_-90qYles5GKU3ikhCYP3xg direction_eot seed=5678 gain=0.611 max|d|=9.77 (projection 16)
[ok] toronto_query_-90qYles5GKU3ikhCYP3xg isotropic seed=5678 gain=3.958 max|d|=16.74 (no projection)
[ok] toronto_query_-90qYles5GKU3ikhCYP3xg direction seed=9012 gain=0.776 max|d|=12.42 (projection 16)
[ok] toronto_query_-90qYles5GKU3ikhCYP3xg direction_eot seed=9012 gain=0.613 max|d|=9.81 (projection 16)
[ok] toronto_query_-90qYles5GKU3ikhCYP3xg isotropic seed=9012 gain=3.954 max|d|=18.19 (no projection)
[ok] zurich_query_-ckZ0rXdz4mibIinNjdoZQ direction seed=5678 gain=0.807 max|d|=12.91 (projection 16)
[ok] zurich_query_-ckZ0rXdz4mibIinNjdoZQ direction_eot seed=5678 gain=0.640 max|d|=10.24 (projection 16)
[ok] zurich_query_-ckZ0rXdz4mibIinNjdoZQ isotropic seed=5678 gain=3.959 max|d|=19.28 (no projection)
[ok] zurich_query_-ckZ0rXdz4mibIinNjdoZQ direction seed=9012 gain=0.815 max|d|=13.04 (projection 16)
[ok] zurich_query_-ckZ0rXdz4mibIinNjdoZQ direction_eot seed=9012 gain=0.630 max|d|=10.09 (projection 16)
[ok] zurich_query_-ckZ0rXdz4mibIinNjdoZQ isotropic seed=9012 gain=3.979 max|d|=18.07 (no projection)
[ok] amman_query_0R0A_PhOAjP-uMDPM7p7mA direction seed=5678 gain=0.744 max|d|=11.91 (projection 16)
[ok] amman_query_0R0A_PhOAjP-uMDPM7p7mA direction_eot seed=5678 gain=0.616 max|d|=9.86 (projection 16)
[ok] amman_query_0R0A_PhOAjP-uMDPM7p7mA isotropic seed=5678 gain=3.966 max|d|=18.30 (no projection)
[ok] amman_query_0R0A_PhOAjP-uMDPM7p7mA direction seed=9012 gain=0.739 max|d|=11.83 (projection 16)
[ok] amman_query_0R0A_PhOAjP-uMDPM7p7mA direction_eot seed=9012 gain=0.617 max|d|=9.87 (projection 16)
[ok] amman_query_0R0A_PhOAjP-uMDPM7p7mA isotropic seed=9012 gain=3.974 max|d|=18.57 (no projection)
[ok] boston_query_-F1y-kaybMQbp8p7UR03TA direction seed=5678 gain=0.750 max|d|=12.00 (projection 16)
[ok] boston_query_-F1y-kaybMQbp8p7UR03TA direction_eot seed=5678 gain=0.578 max|d|=9.25 (projection 16)
[ok] boston_query_-F1y-kaybMQbp8p7UR03TA isotropic seed=5678 gain=4.005 max|d|=18.63 (no projection)
[ok] boston_query_-F1y-kaybMQbp8p7UR03TA direction seed=9012 gain=0.741 max|d|=11.86 (projection 16)
[ok] boston_query_-F1y-kaybMQbp8p7UR03TA direction_eot seed=9012 gain=0.584 max|d|=9.35 (projection 16)
[ok] boston_query_-F1y-kaybMQbp8p7UR03TA isotropic seed=9012 gain=4.003 max|d|=19.46 (no projection)
[ok] cph_query_-EJZ9qR_FRIGfCF6DhQCJg direction seed=5678 gain=0.735 max|d|=11.76 (projection 16)
[ok] cph_query_-EJZ9qR_FRIGfCF6DhQCJg direction_eot seed=5678 gain=0.595 max|d|=9.51 (projection 16)
[ok] cph_query_-EJZ9qR_FRIGfCF6DhQCJg isotropic seed=5678 gain=3.969 max|d|=17.82 (no projection)
[ok] cph_query_-EJZ9qR_FRIGfCF6DhQCJg direction seed=9012 gain=0.725 max|d|=11.60 (projection 16)
[ok] cph_query_-EJZ9qR_FRIGfCF6DhQCJg direction_eot seed=9012 gain=0.590 max|d|=9.44 (projection 16)
[ok] cph_query_-EJZ9qR_FRIGfCF6DhQCJg isotropic seed=9012 gain=3.976 max|d|=19.37 (no projection)
[ok] london_query_-XIh6yuegk86oURAbggPpw direction seed=5678 gain=0.724 max|d|=11.58 (projection 16)
[ok] london_query_-XIh6yuegk86oURAbggPpw direction_eot seed=5678 gain=0.579 max|d|=9.26 (projection 16)
[ok] london_query_-XIh6yuegk86oURAbggPpw isotropic seed=5678 gain=3.971 max|d|=18.53 (no projection)
[ok] london_query_-XIh6yuegk86oURAbggPpw direction seed=9012 gain=0.721 max|d|=11.53 (projection 16)
[ok] london_query_-XIh6yuegk86oURAbggPpw direction_eot seed=9012 gain=0.584 max|d|=9.34 (projection 16)
[ok] london_query_-XIh6yuegk86oURAbggPpw isotropic seed=9012 gain=3.974 max|d|=19.33 (no projection)
[ok] manila_query_-GYvqZ8BYSfzGUbFI13obA direction seed=5678 gain=0.822 max|d|=13.16 (projection 16)
[ok] manila_query_-GYvqZ8BYSfzGUbFI13obA direction_eot seed=5678 gain=0.623 max|d|=9.97 (projection 16)
[ok] manila_query_-GYvqZ8BYSfzGUbFI13obA isotropic seed=5678 gain=4.140 max|d|=19.38 (no projection)
[ok] manila_query_-GYvqZ8BYSfzGUbFI13obA direction seed=9012 gain=0.803 max|d|=12.85 (projection 16)
[ok] manila_query_-GYvqZ8BYSfzGUbFI13obA direction_eot seed=9012 gain=0.623 max|d|=9.97 (projection 16)
[ok] manila_query_-GYvqZ8BYSfzGUbFI13obA isotropic seed=9012 gain=4.148 max|d|=19.26 (no projection)
[ok] nairobi_query_16KxNH7RD-4ITdBTZKvAXw direction seed=5678 gain=0.840 max|d|=13.44 (projection 16)
[ok] nairobi_query_16KxNH7RD-4ITdBTZKvAXw direction_eot seed=5678 gain=0.639 max|d|=10.22 (projection 16)
[ok] nairobi_query_16KxNH7RD-4ITdBTZKvAXw isotropic seed=5678 gain=4.068 max|d|=20.77 (no projection)
[ok] nairobi_query_16KxNH7RD-4ITdBTZKvAXw direction seed=9012 gain=0.845 max|d|=13.52 (projection 16)
[ok] nairobi_query_16KxNH7RD-4ITdBTZKvAXw direction_eot seed=9012 gain=0.661 max|d|=10.58 (projection 16)
[ok] nairobi_query_16KxNH7RD-4ITdBTZKvAXw isotropic seed=9012 gain=4.058 max|d|=19.54 (no projection)
[ok] toronto_query_-95Ypw11XUgNqZdY5m4GCw direction seed=5678 gain=0.797 max|d|=12.75 (projection 16)
[ok] toronto_query_-95Ypw11XUgNqZdY5m4GCw direction_eot seed=5678 gain=0.642 max|d|=10.27 (projection 16)
[ok] toronto_query_-95Ypw11XUgNqZdY5m4GCw isotropic seed=5678 gain=4.062 max|d|=19.22 (no projection)
[ok] toronto_query_-95Ypw11XUgNqZdY5m4GCw direction seed=9012 gain=0.799 max|d|=12.78 (projection 16)
[ok] toronto_query_-95Ypw11XUgNqZdY5m4GCw direction_eot seed=9012 gain=0.646 max|d|=10.34 (projection 16)
[ok] toronto_query_-95Ypw11XUgNqZdY5m4GCw isotropic seed=9012 gain=4.062 max|d|=20.04 (no projection)
[ok] zurich_query_-fOHAPAq-KX4XPlg0JJPvg direction seed=5678 gain=0.754 max|d|=12.07 (projection 16)
[ok] zurich_query_-fOHAPAq-KX4XPlg0JJPvg direction_eot seed=5678 gain=0.601 max|d|=9.62 (projection 16)
[ok] zurich_query_-fOHAPAq-KX4XPlg0JJPvg isotropic seed=5678 gain=4.126 max|d|=19.31 (no projection)
[ok] zurich_query_-fOHAPAq-KX4XPlg0JJPvg direction seed=9012 gain=0.766 max|d|=12.25 (projection 16)
[ok] zurich_query_-fOHAPAq-KX4XPlg0JJPvg direction_eot seed=9012 gain=0.603 max|d|=9.65 (projection 16)
[ok] zurich_query_-fOHAPAq-KX4XPlg0JJPvg isotropic seed=9012 gain=4.115 max|d|=18.60 (no projection)
[ok] amman_query_0RRGZCCzxqj8dJzhN-RnQQ direction seed=5678 gain=0.756 max|d|=12.10 (projection 16)
[ok] amman_query_0RRGZCCzxqj8dJzhN-RnQQ direction_eot seed=5678 gain=0.600 max|d|=9.60 (projection 16)
[ok] amman_query_0RRGZCCzxqj8dJzhN-RnQQ isotropic seed=5678 gain=3.974 max|d|=18.44 (no projection)
[ok] amman_query_0RRGZCCzxqj8dJzhN-RnQQ direction seed=9012 gain=0.761 max|d|=12.17 (projection 16)
[ok] amman_query_0RRGZCCzxqj8dJzhN-RnQQ direction_eot seed=9012 gain=0.600 max|d|=9.60 (projection 16)
[ok] amman_query_0RRGZCCzxqj8dJzhN-RnQQ isotropic seed=9012 gain=3.987 max|d|=17.37 (no projection)
[ok] boston_query_-GJo3fVMwIWZoCYgf09NLQ direction seed=5678 gain=0.739 max|d|=11.83 (projection 16)
[ok] boston_query_-GJo3fVMwIWZoCYgf09NLQ direction_eot seed=5678 gain=0.580 max|d|=9.27 (projection 16)
[ok] boston_query_-GJo3fVMwIWZoCYgf09NLQ isotropic seed=5678 gain=4.115 max|d|=17.75 (no projection)
[ok] boston_query_-GJo3fVMwIWZoCYgf09NLQ direction seed=9012 gain=0.736 max|d|=11.78 (projection 16)
[ok] boston_query_-GJo3fVMwIWZoCYgf09NLQ direction_eot seed=9012 gain=0.592 max|d|=9.47 (projection 16)
[ok] boston_query_-GJo3fVMwIWZoCYgf09NLQ isotropic seed=9012 gain=4.107 max|d|=17.52 (no projection)
[ok] cph_query_-Eb1W6216G9S88OFy95k4Q direction seed=5678 gain=0.704 max|d|=11.27 (projection 16)
[ok] cph_query_-Eb1W6216G9S88OFy95k4Q direction_eot seed=5678 gain=0.586 max|d|=9.38 (projection 16)
[ok] cph_query_-Eb1W6216G9S88OFy95k4Q isotropic seed=5678 gain=3.969 max|d|=19.22 (no projection)
[ok] cph_query_-Eb1W6216G9S88OFy95k4Q direction seed=9012 gain=0.692 max|d|=11.07 (projection 16)
[ok] cph_query_-Eb1W6216G9S88OFy95k4Q direction_eot seed=9012 gain=0.552 max|d|=8.83 (projection 16)
[ok] cph_query_-Eb1W6216G9S88OFy95k4Q isotropic seed=9012 gain=3.965 max|d|=19.67 (no projection)
[ok] london_query_-XZRTRoj7LEefbZ7UDBzXg direction seed=5678 gain=0.728 max|d|=11.65 (projection 16)
[ok] london_query_-XZRTRoj7LEefbZ7UDBzXg direction_eot seed=5678 gain=0.606 max|d|=9.70 (projection 16)
[ok] london_query_-XZRTRoj7LEefbZ7UDBzXg isotropic seed=5678 gain=4.013 max|d|=17.13 (no projection)
[ok] london_query_-XZRTRoj7LEefbZ7UDBzXg direction seed=9012 gain=0.729 max|d|=11.67 (projection 16)
[ok] london_query_-XZRTRoj7LEefbZ7UDBzXg direction_eot seed=9012 gain=0.594 max|d|=9.50 (projection 16)
[ok] london_query_-XZRTRoj7LEefbZ7UDBzXg isotropic seed=9012 gain=4.005 max|d|=19.13 (no projection)
[ok] manila_query_-HF88JWAO1GDy0F6B4ZeZg direction seed=5678 gain=0.794 max|d|=12.71 (projection 16)
[ok] manila_query_-HF88JWAO1GDy0F6B4ZeZg direction_eot seed=5678 gain=0.614 max|d|=9.83 (projection 16)
[ok] manila_query_-HF88JWAO1GDy0F6B4ZeZg isotropic seed=5678 gain=3.967 max|d|=18.20 (no projection)
[ok] manila_query_-HF88JWAO1GDy0F6B4ZeZg direction seed=9012 gain=0.791 max|d|=12.66 (projection 16)
[ok] manila_query_-HF88JWAO1GDy0F6B4ZeZg direction_eot seed=9012 gain=0.632 max|d|=10.11 (projection 16)
[ok] manila_query_-HF88JWAO1GDy0F6B4ZeZg isotropic seed=9012 gain=3.961 max|d|=18.16 (no projection)
[ok] nairobi_query_183WoPTmmjfRAAmVLL6TDw direction seed=5678 gain=0.827 max|d|=13.23 (projection 16)
[ok] nairobi_query_183WoPTmmjfRAAmVLL6TDw direction_eot seed=5678 gain=0.666 max|d|=10.66 (projection 16)
[ok] nairobi_query_183WoPTmmjfRAAmVLL6TDw isotropic seed=5678 gain=3.967 max|d|=18.60 (no projection)
[ok] nairobi_query_183WoPTmmjfRAAmVLL6TDw direction seed=9012 gain=0.837 max|d|=13.40 (projection 16)
[ok] nairobi_query_183WoPTmmjfRAAmVLL6TDw direction_eot seed=9012 gain=0.650 max|d|=10.40 (projection 16)
[ok] nairobi_query_183WoPTmmjfRAAmVLL6TDw isotropic seed=9012 gain=3.941 max|d|=18.13 (no projection)
[ok] toronto_query_-9p2_cESNINnXfab4o-dKQ direction seed=5678 gain=0.760 max|d|=12.16 (projection 16)
[ok] toronto_query_-9p2_cESNINnXfab4o-dKQ direction_eot seed=5678 gain=0.613 max|d|=9.80 (projection 16)
[ok] toronto_query_-9p2_cESNINnXfab4o-dKQ isotropic seed=5678 gain=3.980 max|d|=18.15 (no projection)
[ok] toronto_query_-9p2_cESNINnXfab4o-dKQ direction seed=9012 gain=0.757 max|d|=12.12 (projection 16)
[ok] toronto_query_-9p2_cESNINnXfab4o-dKQ direction_eot seed=9012 gain=0.628 max|d|=10.05 (projection 16)
[ok] toronto_query_-9p2_cESNINnXfab4o-dKQ isotropic seed=9012 gain=3.973 max|d|=18.91 (no projection)
[ok] zurich_query_-iln48QPRjkI40nJSzd6lg direction seed=5678 gain=0.741 max|d|=11.85 (projection 16)
[ok] zurich_query_-iln48QPRjkI40nJSzd6lg direction_eot seed=5678 gain=0.603 max|d|=9.66 (projection 16)
[ok] zurich_query_-iln48QPRjkI40nJSzd6lg isotropic seed=5678 gain=3.967 max|d|=17.78 (no projection)
[ok] zurich_query_-iln48QPRjkI40nJSzd6lg direction seed=9012 gain=0.763 max|d|=12.20 (projection 16)
[ok] zurich_query_-iln48QPRjkI40nJSzd6lg direction_eot seed=9012 gain=0.604 max|d|=9.66 (projection 16)
[ok] zurich_query_-iln48QPRjkI40nJSzd6lg isotropic seed=9012 gain=3.986 max|d|=17.78 (no projection)
[ok] amman_query_0fPb7in-cHyh0MAM_N6Zwg direction seed=5678 gain=0.748 max|d|=11.97 (projection 16)
[ok] amman_query_0fPb7in-cHyh0MAM_N6Zwg direction_eot seed=5678 gain=0.603 max|d|=9.66 (projection 16)
[ok] amman_query_0fPb7in-cHyh0MAM_N6Zwg isotropic seed=5678 gain=3.961 max|d|=17.75 (no projection)
[ok] amman_query_0fPb7in-cHyh0MAM_N6Zwg direction seed=9012 gain=0.740 max|d|=11.83 (projection 16)
[ok] amman_query_0fPb7in-cHyh0MAM_N6Zwg direction_eot seed=9012 gain=0.587 max|d|=9.39 (projection 16)
[ok] amman_query_0fPb7in-cHyh0MAM_N6Zwg isotropic seed=9012 gain=3.957 max|d|=18.37 (no projection)
[ok] boston_query_-HufF4iDO00S4hZK96hUyw direction seed=5678 gain=0.742 max|d|=11.88 (projection 16)
[ok] boston_query_-HufF4iDO00S4hZK96hUyw direction_eot seed=5678 gain=0.601 max|d|=9.61 (projection 16)
[ok] boston_query_-HufF4iDO00S4hZK96hUyw isotropic seed=5678 gain=3.968 max|d|=18.30 (no projection)
[ok] boston_query_-HufF4iDO00S4hZK96hUyw direction seed=9012 gain=0.762 max|d|=12.20 (projection 16)
[ok] boston_query_-HufF4iDO00S4hZK96hUyw direction_eot seed=9012 gain=0.608 max|d|=9.72 (projection 16)
[ok] boston_query_-HufF4iDO00S4hZK96hUyw isotropic seed=9012 gain=3.968 max|d|=18.38 (no projection)
[ok] cph_query_-Efn_mUBXLqGWGzUw3Youw direction seed=5678 gain=0.752 max|d|=12.03 (projection 16)
[ok] cph_query_-Efn_mUBXLqGWGzUw3Youw direction_eot seed=5678 gain=0.607 max|d|=9.71 (projection 16)
[ok] cph_query_-Efn_mUBXLqGWGzUw3Youw isotropic seed=5678 gain=3.995 max|d|=17.88 (no projection)
[ok] cph_query_-Efn_mUBXLqGWGzUw3Youw direction seed=9012 gain=0.754 max|d|=12.06 (projection 16)
[ok] cph_query_-Efn_mUBXLqGWGzUw3Youw direction_eot seed=9012 gain=0.637 max|d|=10.19 (projection 16)
[ok] cph_query_-Efn_mUBXLqGWGzUw3Youw isotropic seed=9012 gain=3.990 max|d|=17.04 (no projection)
[ok] london_query_-b5BCVv9Qd6OhZGxpoqS5A direction seed=5678 gain=0.735 max|d|=11.75 (projection 16)
[ok] london_query_-b5BCVv9Qd6OhZGxpoqS5A direction_eot seed=5678 gain=0.611 max|d|=9.77 (projection 16)
[ok] london_query_-b5BCVv9Qd6OhZGxpoqS5A isotropic seed=5678 gain=4.086 max|d|=19.30 (no projection)
[ok] london_query_-b5BCVv9Qd6OhZGxpoqS5A direction seed=9012 gain=0.734 max|d|=11.74 (projection 16)
[ok] london_query_-b5BCVv9Qd6OhZGxpoqS5A direction_eot seed=9012 gain=0.594 max|d|=9.50 (projection 16)
[ok] london_query_-b5BCVv9Qd6OhZGxpoqS5A isotropic seed=9012 gain=3.718 max|d|=17.87 (no projection)
[ok] manila_query_-KU1q5fdqSI_GghxKumbeg direction seed=5678 gain=0.729 max|d|=11.66 (projection 16)
[ok] manila_query_-KU1q5fdqSI_GghxKumbeg direction_eot seed=5678 gain=0.603 max|d|=9.65 (projection 16)
[ok] manila_query_-KU1q5fdqSI_GghxKumbeg isotropic seed=5678 gain=4.030 max|d|=19.09 (no projection)
[ok] manila_query_-KU1q5fdqSI_GghxKumbeg direction seed=9012 gain=0.735 max|d|=11.75 (projection 16)
[ok] manila_query_-KU1q5fdqSI_GghxKumbeg direction_eot seed=9012 gain=0.589 max|d|=9.42 (projection 16)
[ok] manila_query_-KU1q5fdqSI_GghxKumbeg isotropic seed=9012 gain=4.046 max|d|=19.02 (no projection)
[ok] nairobi_query_19K8RILgg4ErFKJ9l5D9zQ direction seed=5678 gain=0.844 max|d|=13.50 (projection 16)
[ok] nairobi_query_19K8RILgg4ErFKJ9l5D9zQ direction_eot seed=5678 gain=0.666 max|d|=10.66 (projection 16)
[ok] nairobi_query_19K8RILgg4ErFKJ9l5D9zQ isotropic seed=5678 gain=4.016 max|d|=17.39 (no projection)
[ok] nairobi_query_19K8RILgg4ErFKJ9l5D9zQ direction seed=9012 gain=0.853 max|d|=13.65 (projection 16)
[ok] nairobi_query_19K8RILgg4ErFKJ9l5D9zQ direction_eot seed=9012 gain=0.680 max|d|=10.88 (projection 16)
[ok] nairobi_query_19K8RILgg4ErFKJ9l5D9zQ isotropic seed=9012 gain=3.994 max|d|=17.32 (no projection)
[ok] toronto_query_-Af6Q3npKjccLu7TwYvlsQ direction seed=5678 gain=0.778 max|d|=12.45 (projection 16)
[ok] toronto_query_-Af6Q3npKjccLu7TwYvlsQ direction_eot seed=5678 gain=0.617 max|d|=9.87 (projection 16)
[ok] toronto_query_-Af6Q3npKjccLu7TwYvlsQ isotropic seed=5678 gain=4.006 max|d|=18.55 (no projection)
[ok] toronto_query_-Af6Q3npKjccLu7TwYvlsQ direction seed=9012 gain=0.773 max|d|=12.37 (projection 16)
[ok] toronto_query_-Af6Q3npKjccLu7TwYvlsQ direction_eot seed=9012 gain=0.611 max|d|=9.77 (projection 16)
[ok] toronto_query_-Af6Q3npKjccLu7TwYvlsQ isotropic seed=9012 gain=3.883 max|d|=18.78 (no projection)
[ok] zurich_query_-ldtR3_I7eHdDGYU5BNczg direction seed=5678 gain=0.713 max|d|=11.40 (projection 16)
[ok] zurich_query_-ldtR3_I7eHdDGYU5BNczg direction_eot seed=5678 gain=0.559 max|d|=8.95 (projection 16)
[ok] zurich_query_-ldtR3_I7eHdDGYU5BNczg isotropic seed=5678 gain=3.964 max|d|=18.62 (no projection)
[ok] zurich_query_-ldtR3_I7eHdDGYU5BNczg direction seed=9012 gain=0.706 max|d|=11.29 (projection 16)
[ok] zurich_query_-ldtR3_I7eHdDGYU5BNczg direction_eot seed=9012 gain=0.566 max|d|=9.05 (projection 16)
[ok] zurich_query_-ldtR3_I7eHdDGYU5BNczg isotropic seed=9012 gain=3.959 max|d|=18.80 (no projection)
[ok] amman_query_0mtodUgJmOV4UK-0AiTGHg direction seed=5678 gain=0.759 max|d|=12.15 (projection 16)
[ok] amman_query_0mtodUgJmOV4UK-0AiTGHg direction_eot seed=5678 gain=0.617 max|d|=9.88 (projection 16)
[ok] amman_query_0mtodUgJmOV4UK-0AiTGHg isotropic seed=5678 gain=3.954 max|d|=17.43 (no projection)
[ok] amman_query_0mtodUgJmOV4UK-0AiTGHg direction seed=9012 gain=0.753 max|d|=12.04 (projection 16)
[ok] amman_query_0mtodUgJmOV4UK-0AiTGHg direction_eot seed=9012 gain=0.604 max|d|=9.66 (projection 16)
[ok] amman_query_0mtodUgJmOV4UK-0AiTGHg isotropic seed=9012 gain=3.761 max|d|=17.34 (no projection)
[ok] boston_query_-IYAXZ4yoOS7SzEIu2m-me direction seed=5678 gain=0.825 max|d|=13.20 (projection 16)
[ok] boston_query_-IYAXZ4yoOS7SzEIu2m-me direction_eot seed=5678 gain=0.611 max|d|=9.78 (projection 16)
[ok] boston_query_-IYAXZ4yoOS7SzEIu2m-me isotropic seed=5678 gain=3.968 max|d|=19.31 (no projection)
[ok] boston_query_-IYAXZ4yoOS7SzEIu2m-me direction seed=9012 gain=0.824 max|d|=13.19 (projection 16)
[ok] boston_query_-IYAXZ4yoOS7SzEIu2m-me direction_eot seed=9012 gain=0.619 max|d|=9.90 (projection 16)
[ok] boston_query_-IYAXZ4yoOS7SzEIu2m-me isotropic seed=9012 gain=3.987 max|d|=22.74 (no projection)
[ok] cph_query_-F5w8wQO0CU26PCfOqANzA direction seed=5678 gain=0.723 max|d|=11.58 (projection 16)
[ok] cph_query_-F5w8wQO0CU26PCfOqANzA direction_eot seed=5678 gain=0.605 max|d|=9.68 (projection 16)
[ok] cph_query_-F5w8wQO0CU26PCfOqANzA isotropic seed=5678 gain=3.965 max|d|=19.23 (no projection)
[ok] cph_query_-F5w8wQO0CU26PCfOqANzA direction seed=9012 gain=0.736 max|d|=11.77 (projection 16)
[ok] cph_query_-F5w8wQO0CU26PCfOqANzA direction_eot seed=9012 gain=0.604 max|d|=9.67 (projection 16)
[ok] cph_query_-F5w8wQO0CU26PCfOqANzA isotropic seed=9012 gain=3.977 max|d|=18.51 (no projection)
[ok] london_query_-c-T7aulp9a5g-J9zYbYiQ direction seed=5678 gain=0.792 max|d|=12.68 (projection 16)
[ok] london_query_-c-T7aulp9a5g-J9zYbYiQ direction_eot seed=5678 gain=0.646 max|d|=10.34 (projection 16)
[ok] london_query_-c-T7aulp9a5g-J9zYbYiQ isotropic seed=5678 gain=4.018 max|d|=17.97 (no projection)
[ok] london_query_-c-T7aulp9a5g-J9zYbYiQ direction seed=9012 gain=0.787 max|d|=12.59 (projection 16)
[ok] london_query_-c-T7aulp9a5g-J9zYbYiQ direction_eot seed=9012 gain=0.649 max|d|=10.38 (projection 16)
[ok] london_query_-c-T7aulp9a5g-J9zYbYiQ isotropic seed=9012 gain=4.038 max|d|=19.78 (no projection)
[ok] manila_query_-KoSUCrB2w1FscwO9vyRlw direction seed=5678 gain=0.706 max|d|=11.29 (projection 16)
[ok] manila_query_-KoSUCrB2w1FscwO9vyRlw direction_eot seed=5678 gain=0.554 max|d|=8.86 (projection 16)
[ok] manila_query_-KoSUCrB2w1FscwO9vyRlw isotropic seed=5678 gain=3.970 max|d|=16.42 (no projection)
[ok] manila_query_-KoSUCrB2w1FscwO9vyRlw direction seed=9012 gain=0.716 max|d|=11.46 (projection 16)
[ok] manila_query_-KoSUCrB2w1FscwO9vyRlw direction_eot seed=9012 gain=0.565 max|d|=9.04 (projection 16)
[ok] manila_query_-KoSUCrB2w1FscwO9vyRlw isotropic seed=9012 gain=3.960 max|d|=18.61 (no projection)
[ok] nairobi_query_1J7o8IGEriKnTs-ay8aPNQ direction seed=5678 gain=0.836 max|d|=13.37 (projection 16)
[ok] nairobi_query_1J7o8IGEriKnTs-ay8aPNQ direction_eot seed=5678 gain=0.655 max|d|=10.48 (projection 16)
[ok] nairobi_query_1J7o8IGEriKnTs-ay8aPNQ isotropic seed=5678 gain=4.007 max|d|=17.90 (no projection)
[ok] nairobi_query_1J7o8IGEriKnTs-ay8aPNQ direction seed=9012 gain=0.834 max|d|=13.34 (projection 16)
[ok] nairobi_query_1J7o8IGEriKnTs-ay8aPNQ direction_eot seed=9012 gain=0.668 max|d|=10.69 (projection 16)
[ok] nairobi_query_1J7o8IGEriKnTs-ay8aPNQ isotropic seed=9012 gain=4.000 max|d|=17.35 (no projection)
[ok] toronto_query_-AlgHQUWzDPe9bpb8ZAzSA direction seed=5678 gain=0.791 max|d|=12.65 (projection 16)
[ok] toronto_query_-AlgHQUWzDPe9bpb8ZAzSA direction_eot seed=5678 gain=0.635 max|d|=10.17 (projection 16)
[ok] toronto_query_-AlgHQUWzDPe9bpb8ZAzSA isotropic seed=5678 gain=3.974 max|d|=17.38 (no projection)
[ok] toronto_query_-AlgHQUWzDPe9bpb8ZAzSA direction seed=9012 gain=0.781 max|d|=12.50 (projection 16)
[ok] toronto_query_-AlgHQUWzDPe9bpb8ZAzSA direction_eot seed=9012 gain=0.641 max|d|=10.25 (projection 16)
[ok] toronto_query_-AlgHQUWzDPe9bpb8ZAzSA isotropic seed=9012 gain=3.983 max|d|=18.11 (no projection)
[ok] zurich_query_-m5K41q4X0r8qu_XnaYlIg direction seed=5678 gain=0.756 max|d|=12.10 (projection 16)
[ok] zurich_query_-m5K41q4X0r8qu_XnaYlIg direction_eot seed=5678 gain=0.624 max|d|=9.98 (projection 16)
[ok] zurich_query_-m5K41q4X0r8qu_XnaYlIg isotropic seed=5678 gain=4.068 max|d|=18.30 (no projection)
[ok] zurich_query_-m5K41q4X0r8qu_XnaYlIg direction seed=9012 gain=0.765 max|d|=12.24 (projection 16)
[ok] zurich_query_-m5K41q4X0r8qu_XnaYlIg direction_eot seed=9012 gain=0.606 max|d|=9.69 (projection 16)
[ok] zurich_query_-m5K41q4X0r8qu_XnaYlIg isotropic seed=9012 gain=4.062 max|d|=18.23 (no projection)
[ok] amman_query_0rJM3ZzX3JzTTpl0GCia8w direction seed=5678 gain=0.840 max|d|=13.45 (projection 16)
[ok] amman_query_0rJM3ZzX3JzTTpl0GCia8w direction_eot seed=5678 gain=0.674 max|d|=10.78 (projection 16)
[ok] amman_query_0rJM3ZzX3JzTTpl0GCia8w isotropic seed=5678 gain=4.004 max|d|=18.18 (no projection)
[ok] amman_query_0rJM3ZzX3JzTTpl0GCia8w direction seed=9012 gain=0.834 max|d|=13.34 (projection 16)
[ok] amman_query_0rJM3ZzX3JzTTpl0GCia8w direction_eot seed=9012 gain=0.670 max|d|=10.72 (projection 16)
[ok] amman_query_0rJM3ZzX3JzTTpl0GCia8w isotropic seed=9012 gain=3.988 max|d|=18.49 (no projection)
[ok] boston_query_-Jix8HM-vXTXdWrXQwVvQw direction seed=5678 gain=0.807 max|d|=12.90 (projection 16)
[ok] boston_query_-Jix8HM-vXTXdWrXQwVvQw direction_eot seed=5678 gain=0.658 max|d|=10.53 (projection 16)
[ok] boston_query_-Jix8HM-vXTXdWrXQwVvQw isotropic seed=5678 gain=4.034 max|d|=17.79 (no projection)
[ok] boston_query_-Jix8HM-vXTXdWrXQwVvQw direction seed=9012 gain=0.802 max|d|=12.83 (projection 16)
[ok] boston_query_-Jix8HM-vXTXdWrXQwVvQw direction_eot seed=9012 gain=0.623 max|d|=9.98 (projection 16)
[ok] boston_query_-Jix8HM-vXTXdWrXQwVvQw isotropic seed=9012 gain=4.034 max|d|=19.18 (no projection)
[ok] cph_query_-FLAkBWjfrY2RcqaQ-LgmQ direction seed=5678 gain=0.757 max|d|=12.11 (projection 16)
[ok] cph_query_-FLAkBWjfrY2RcqaQ-LgmQ direction_eot seed=5678 gain=0.605 max|d|=9.69 (projection 16)
[ok] cph_query_-FLAkBWjfrY2RcqaQ-LgmQ isotropic seed=5678 gain=3.966 max|d|=18.68 (no projection)
[ok] cph_query_-FLAkBWjfrY2RcqaQ-LgmQ direction seed=9012 gain=0.758 max|d|=12.13 (projection 16)
[ok] cph_query_-FLAkBWjfrY2RcqaQ-LgmQ direction_eot seed=9012 gain=0.618 max|d|=9.89 (projection 16)
[ok] cph_query_-FLAkBWjfrY2RcqaQ-LgmQ isotropic seed=9012 gain=3.962 max|d|=17.94 (no projection)
[ok] london_query_-cAVonhAOLeSK7tfil0ceg direction seed=5678 gain=0.786 max|d|=12.58 (projection 16)
[ok] london_query_-cAVonhAOLeSK7tfil0ceg direction_eot seed=5678 gain=0.616 max|d|=9.86 (projection 16)
[ok] london_query_-cAVonhAOLeSK7tfil0ceg isotropic seed=5678 gain=4.032 max|d|=17.44 (no projection)
[ok] london_query_-cAVonhAOLeSK7tfil0ceg direction seed=9012 gain=0.772 max|d|=12.35 (projection 16)
[ok] london_query_-cAVonhAOLeSK7tfil0ceg direction_eot seed=9012 gain=0.601 max|d|=9.61 (projection 16)
[ok] london_query_-cAVonhAOLeSK7tfil0ceg isotropic seed=9012 gain=4.047 max|d|=18.24 (no projection)
[ok] manila_query_-LBCdeO8C8kj5IjX1m3XTA direction seed=5678 gain=0.664 max|d|=10.62 (projection 16)
[ok] manila_query_-LBCdeO8C8kj5IjX1m3XTA direction_eot seed=5678 gain=0.544 max|d|=8.70 (projection 16)
[ok] manila_query_-LBCdeO8C8kj5IjX1m3XTA isotropic seed=5678 gain=4.011 max|d|=20.10 (no projection)
[ok] manila_query_-LBCdeO8C8kj5IjX1m3XTA direction seed=9012 gain=0.692 max|d|=11.07 (projection 16)
[ok] manila_query_-LBCdeO8C8kj5IjX1m3XTA direction_eot seed=9012 gain=0.559 max|d|=8.95 (projection 16)
[ok] manila_query_-LBCdeO8C8kj5IjX1m3XTA isotropic seed=9012 gain=3.999 max|d|=17.74 (no projection)
[ok] nairobi_query_1YjlKCdHNgoQBY8yOFqlmw direction seed=5678 gain=0.844 max|d|=13.51 (projection 16)
[ok] nairobi_query_1YjlKCdHNgoQBY8yOFqlmw direction_eot seed=5678 gain=0.695 max|d|=11.12 (projection 16)
[ok] nairobi_query_1YjlKCdHNgoQBY8yOFqlmw isotropic seed=5678 gain=4.055 max|d|=18.45 (no projection)
[ok] nairobi_query_1YjlKCdHNgoQBY8yOFqlmw direction seed=9012 gain=0.847 max|d|=13.55 (projection 16)
[ok] nairobi_query_1YjlKCdHNgoQBY8yOFqlmw direction_eot seed=9012 gain=0.670 max|d|=10.72 (projection 16)
[ok] nairobi_query_1YjlKCdHNgoQBY8yOFqlmw isotropic seed=9012 gain=4.037 max|d|=17.39 (no projection)
[ok] toronto_query_-B-3B3MjxX0UdrDIo-8kmA direction seed=5678 gain=0.727 max|d|=11.63 (projection 16)
[ok] toronto_query_-B-3B3MjxX0UdrDIo-8kmA direction_eot seed=5678 gain=0.584 max|d|=9.34 (projection 16)
[ok] toronto_query_-B-3B3MjxX0UdrDIo-8kmA isotropic seed=5678 gain=3.890 max|d|=17.76 (no projection)
[ok] toronto_query_-B-3B3MjxX0UdrDIo-8kmA direction seed=9012 gain=0.716 max|d|=11.46 (projection 16)
[ok] toronto_query_-B-3B3MjxX0UdrDIo-8kmA direction_eot seed=9012 gain=0.595 max|d|=9.52 (projection 16)
[ok] toronto_query_-B-3B3MjxX0UdrDIo-8kmA isotropic seed=9012 gain=4.008 max|d|=18.00 (no projection)
[ok] zurich_query_-nhCCSRwlsxqJsUbzqZvCQ direction seed=5678 gain=0.714 max|d|=11.42 (projection 16)
[ok] zurich_query_-nhCCSRwlsxqJsUbzqZvCQ direction_eot seed=5678 gain=0.573 max|d|=9.17 (projection 16)
[ok] zurich_query_-nhCCSRwlsxqJsUbzqZvCQ isotropic seed=5678 gain=3.971 max|d|=20.82 (no projection)
[ok] zurich_query_-nhCCSRwlsxqJsUbzqZvCQ direction seed=9012 gain=0.701 max|d|=11.22 (projection 16)
[ok] zurich_query_-nhCCSRwlsxqJsUbzqZvCQ direction_eot seed=9012 gain=0.567 max|d|=9.08 (projection 16)
[ok] zurich_query_-nhCCSRwlsxqJsUbzqZvCQ isotropic seed=9012 gain=3.970 max|d|=18.06 (no projection)
[ok] amman_query_12LbsAl_T_jgw2JHgbR5ng direction seed=5678 gain=0.773 max|d|=12.36 (projection 16)
[ok] amman_query_12LbsAl_T_jgw2JHgbR5ng direction_eot seed=5678 gain=0.633 max|d|=10.13 (projection 16)
[ok] amman_query_12LbsAl_T_jgw2JHgbR5ng isotropic seed=5678 gain=3.957 max|d|=19.35 (no projection)
[ok] amman_query_12LbsAl_T_jgw2JHgbR5ng direction seed=9012 gain=0.779 max|d|=12.46 (projection 16)
[ok] amman_query_12LbsAl_T_jgw2JHgbR5ng direction_eot seed=9012 gain=0.621 max|d|=9.94 (projection 16)
[ok] amman_query_12LbsAl_T_jgw2JHgbR5ng isotropic seed=9012 gain=3.966 max|d|=18.86 (no projection)
[ok] boston_query_-Jv7RF27BSJIV-gqOI7KxZ direction seed=5678 gain=0.796 max|d|=12.74 (projection 16)
[ok] boston_query_-Jv7RF27BSJIV-gqOI7KxZ direction_eot seed=5678 gain=0.653 max|d|=10.45 (projection 16)
[ok] boston_query_-Jv7RF27BSJIV-gqOI7KxZ isotropic seed=5678 gain=4.340 max|d|=18.89 (no projection)
[ok] boston_query_-Jv7RF27BSJIV-gqOI7KxZ direction seed=9012 gain=0.798 max|d|=12.76 (projection 16)
[ok] boston_query_-Jv7RF27BSJIV-gqOI7KxZ direction_eot seed=9012 gain=0.650 max|d|=10.40 (projection 16)
[ok] boston_query_-Jv7RF27BSJIV-gqOI7KxZ isotropic seed=9012 gain=4.356 max|d|=22.63 (no projection)
[ok] cph_query_-GVbOpzggFXAot0UyKhx2g direction seed=5678 gain=0.778 max|d|=12.45 (projection 16)
[ok] cph_query_-GVbOpzggFXAot0UyKhx2g direction_eot seed=5678 gain=0.632 max|d|=10.11 (projection 16)
[ok] cph_query_-GVbOpzggFXAot0UyKhx2g isotropic seed=5678 gain=3.962 max|d|=18.19 (no projection)
[ok] cph_query_-GVbOpzggFXAot0UyKhx2g direction seed=9012 gain=0.776 max|d|=12.42 (projection 16)
[ok] cph_query_-GVbOpzggFXAot0UyKhx2g direction_eot seed=9012 gain=0.606 max|d|=9.69 (projection 16)
[ok] cph_query_-GVbOpzggFXAot0UyKhx2g isotropic seed=9012 gain=3.954 max|d|=20.04 (no projection)
[ok] london_query_-dHWRapn57-l_kynPnun3Q direction seed=5678 gain=0.745 max|d|=11.93 (projection 16)
[ok] london_query_-dHWRapn57-l_kynPnun3Q direction_eot seed=5678 gain=0.595 max|d|=9.52 (projection 16)
[ok] london_query_-dHWRapn57-l_kynPnun3Q isotropic seed=5678 gain=3.969 max|d|=18.19 (no projection)
[ok] london_query_-dHWRapn57-l_kynPnun3Q direction seed=9012 gain=0.738 max|d|=11.81 (projection 16)
[ok] london_query_-dHWRapn57-l_kynPnun3Q direction_eot seed=9012 gain=0.617 max|d|=9.87 (projection 16)
[ok] london_query_-dHWRapn57-l_kynPnun3Q isotropic seed=9012 gain=3.973 max|d|=18.73 (no projection)
[ok] manila_query_-MH02w7P6jmmqnoUdL-55Q direction seed=5678 gain=0.767 max|d|=12.27 (projection 16)
[ok] manila_query_-MH02w7P6jmmqnoUdL-55Q direction_eot seed=5678 gain=0.633 max|d|=10.13 (projection 16)
[ok] manila_query_-MH02w7P6jmmqnoUdL-55Q isotropic seed=5678 gain=4.009 max|d|=18.32 (no projection)
[ok] manila_query_-MH02w7P6jmmqnoUdL-55Q direction seed=9012 gain=0.772 max|d|=12.35 (projection 16)
[ok] manila_query_-MH02w7P6jmmqnoUdL-55Q direction_eot seed=9012 gain=0.618 max|d|=9.89 (projection 16)
[ok] manila_query_-MH02w7P6jmmqnoUdL-55Q isotropic seed=9012 gain=3.995 max|d|=19.04 (no projection)
[ok] nairobi_query_1Z__CFelPzXEI1IEu_8QJw direction seed=5678 gain=0.769 max|d|=12.30 (projection 16)
[ok] nairobi_query_1Z__CFelPzXEI1IEu_8QJw direction_eot seed=5678 gain=0.638 max|d|=10.21 (projection 16)
[ok] nairobi_query_1Z__CFelPzXEI1IEu_8QJw isotropic seed=5678 gain=4.009 max|d|=19.17 (no projection)
[ok] nairobi_query_1Z__CFelPzXEI1IEu_8QJw direction seed=9012 gain=0.766 max|d|=12.25 (projection 16)
[ok] nairobi_query_1Z__CFelPzXEI1IEu_8QJw direction_eot seed=9012 gain=0.639 max|d|=10.22 (projection 16)
[ok] nairobi_query_1Z__CFelPzXEI1IEu_8QJw isotropic seed=9012 gain=4.020 max|d|=18.96 (no projection)
[ok] toronto_query_-B136fRwqMBMXoc03yy-PQ direction seed=5678 gain=0.712 max|d|=11.39 (projection 16)
[ok] toronto_query_-B136fRwqMBMXoc03yy-PQ direction_eot seed=5678 gain=0.596 max|d|=9.54 (projection 16)
[ok] toronto_query_-B136fRwqMBMXoc03yy-PQ isotropic seed=5678 gain=4.011 max|d|=17.30 (no projection)
[ok] toronto_query_-B136fRwqMBMXoc03yy-PQ direction seed=9012 gain=0.710 max|d|=11.35 (projection 16)
[ok] toronto_query_-B136fRwqMBMXoc03yy-PQ direction_eot seed=9012 gain=0.577 max|d|=9.22 (projection 16)
[ok] toronto_query_-B136fRwqMBMXoc03yy-PQ isotropic seed=9012 gain=4.007 max|d|=19.30 (no projection)
[ok] zurich_query_-tYWpAACOq7RfVvZJ-BAcQ direction seed=5678 gain=0.774 max|d|=12.38 (projection 16)
[ok] zurich_query_-tYWpAACOq7RfVvZJ-BAcQ direction_eot seed=5678 gain=0.612 max|d|=9.79 (projection 16)
[ok] zurich_query_-tYWpAACOq7RfVvZJ-BAcQ isotropic seed=5678 gain=3.961 max|d|=17.71 (no projection)
[ok] zurich_query_-tYWpAACOq7RfVvZJ-BAcQ direction seed=9012 gain=0.775 max|d|=12.40 (projection 16)
[ok] zurich_query_-tYWpAACOq7RfVvZJ-BAcQ direction_eot seed=9012 gain=0.568 max|d|=9.09 (projection 16)
[ok] zurich_query_-tYWpAACOq7RfVvZJ-BAcQ isotropic seed=9012 gain=3.956 max|d|=17.80 (no projection)
[ok] amman_query_1HafWFxuyylXLnDzCoapDA direction seed=5678 gain=0.734 max|d|=11.75 (projection 16)
[ok] amman_query_1HafWFxuyylXLnDzCoapDA direction_eot seed=5678 gain=0.598 max|d|=9.57 (projection 16)
[ok] amman_query_1HafWFxuyylXLnDzCoapDA isotropic seed=5678 gain=3.962 max|d|=21.55 (no projection)
[ok] amman_query_1HafWFxuyylXLnDzCoapDA direction seed=9012 gain=0.735 max|d|=11.76 (projection 16)
[ok] amman_query_1HafWFxuyylXLnDzCoapDA direction_eot seed=9012 gain=0.601 max|d|=9.61 (projection 16)
[ok] amman_query_1HafWFxuyylXLnDzCoapDA isotropic seed=9012 gain=3.968 max|d|=17.97 (no projection)
[ok] boston_query_-Kg6j3FKy26wYRLBkE_dFQ direction seed=5678 gain=0.788 max|d|=12.61 (projection 16)
[ok] boston_query_-Kg6j3FKy26wYRLBkE_dFQ direction_eot seed=5678 gain=0.653 max|d|=10.46 (projection 16)
[ok] boston_query_-Kg6j3FKy26wYRLBkE_dFQ isotropic seed=5678 gain=4.012 max|d|=19.28 (no projection)
[ok] boston_query_-Kg6j3FKy26wYRLBkE_dFQ direction seed=9012 gain=0.791 max|d|=12.65 (projection 16)
[ok] boston_query_-Kg6j3FKy26wYRLBkE_dFQ direction_eot seed=9012 gain=0.645 max|d|=10.32 (projection 16)
[ok] boston_query_-Kg6j3FKy26wYRLBkE_dFQ isotropic seed=9012 gain=4.020 max|d|=18.74 (no projection)
[ok] cph_query_-G_OOR1_yAfdfgnlKYNKnQ direction seed=5678 gain=0.739 max|d|=11.83 (projection 16)
[ok] cph_query_-G_OOR1_yAfdfgnlKYNKnQ direction_eot seed=5678 gain=0.598 max|d|=9.57 (projection 16)
[ok] cph_query_-G_OOR1_yAfdfgnlKYNKnQ isotropic seed=5678 gain=3.982 max|d|=19.06 (no projection)
[ok] cph_query_-G_OOR1_yAfdfgnlKYNKnQ direction seed=9012 gain=0.742 max|d|=11.88 (projection 16)
[ok] cph_query_-G_OOR1_yAfdfgnlKYNKnQ direction_eot seed=9012 gain=0.601 max|d|=9.61 (projection 16)
[ok] cph_query_-G_OOR1_yAfdfgnlKYNKnQ isotropic seed=9012 gain=3.974 max|d|=18.72 (no projection)
[ok] london_query_-dZ1k85FDVdFSbcG6_ECOA direction seed=5678 gain=0.774 max|d|=12.38 (projection 16)
[ok] london_query_-dZ1k85FDVdFSbcG6_ECOA direction_eot seed=5678 gain=0.625 max|d|=10.00 (projection 16)
[ok] london_query_-dZ1k85FDVdFSbcG6_ECOA isotropic seed=5678 gain=4.077 max|d|=17.84 (no projection)
[ok] london_query_-dZ1k85FDVdFSbcG6_ECOA direction seed=9012 gain=0.770 max|d|=12.31 (projection 16)
[ok] london_query_-dZ1k85FDVdFSbcG6_ECOA direction_eot seed=9012 gain=0.622 max|d|=9.96 (projection 16)
[ok] london_query_-dZ1k85FDVdFSbcG6_ECOA isotropic seed=9012 gain=4.059 max|d|=17.97 (no projection)
[ok] manila_query_-MKMMHEd33H1_45AJ8B5AA direction seed=5678 gain=0.713 max|d|=11.41 (projection 16)
[ok] manila_query_-MKMMHEd33H1_45AJ8B5AA direction_eot seed=5678 gain=0.593 max|d|=9.48 (projection 16)
[ok] manila_query_-MKMMHEd33H1_45AJ8B5AA isotropic seed=5678 gain=4.087 max|d|=17.76 (no projection)
[ok] manila_query_-MKMMHEd33H1_45AJ8B5AA direction seed=9012 gain=0.714 max|d|=11.42 (projection 16)
[ok] manila_query_-MKMMHEd33H1_45AJ8B5AA direction_eot seed=9012 gain=0.585 max|d|=9.36 (projection 16)
[ok] manila_query_-MKMMHEd33H1_45AJ8B5AA isotropic seed=9012 gain=4.089 max|d|=19.58 (no projection)
[ok] nairobi_query_20W8wyVhxSIpj4ekTP7ezw direction seed=5678 gain=0.761 max|d|=12.18 (projection 16)
[ok] nairobi_query_20W8wyVhxSIpj4ekTP7ezw direction_eot seed=5678 gain=0.615 max|d|=9.83 (projection 16)
[ok] nairobi_query_20W8wyVhxSIpj4ekTP7ezw isotropic seed=5678 gain=3.969 max|d|=18.10 (no projection)
[ok] nairobi_query_20W8wyVhxSIpj4ekTP7ezw direction seed=9012 gain=0.766 max|d|=12.25 (projection 16)
[ok] nairobi_query_20W8wyVhxSIpj4ekTP7ezw direction_eot seed=9012 gain=0.620 max|d|=9.92 (projection 16)
[ok] nairobi_query_20W8wyVhxSIpj4ekTP7ezw isotropic seed=9012 gain=3.968 max|d|=18.82 (no projection)
[ok] toronto_query_-BTAllhGXYkM_JsKwxUFMg direction seed=5678 gain=0.815 max|d|=13.03 (projection 16)
[ok] toronto_query_-BTAllhGXYkM_JsKwxUFMg direction_eot seed=5678 gain=0.665 max|d|=10.65 (projection 16)
[ok] toronto_query_-BTAllhGXYkM_JsKwxUFMg isotropic seed=5678 gain=3.973 max|d|=18.49 (no projection)
[ok] toronto_query_-BTAllhGXYkM_JsKwxUFMg direction seed=9012 gain=0.811 max|d|=12.97 (projection 16)
[ok] toronto_query_-BTAllhGXYkM_JsKwxUFMg direction_eot seed=9012 gain=0.635 max|d|=10.16 (projection 16)
[ok] toronto_query_-BTAllhGXYkM_JsKwxUFMg isotropic seed=9012 gain=3.976 max|d|=19.16 (no projection)
[ok] zurich_query_-uQ-4tnYcOJ9WPXRG-ou3w direction seed=5678 gain=0.684 max|d|=10.94 (projection 16)
[ok] zurich_query_-uQ-4tnYcOJ9WPXRG-ou3w direction_eot seed=5678 gain=0.572 max|d|=9.14 (projection 16)
[ok] zurich_query_-uQ-4tnYcOJ9WPXRG-ou3w isotropic seed=5678 gain=4.062 max|d|=19.70 (no projection)
[ok] zurich_query_-uQ-4tnYcOJ9WPXRG-ou3w direction seed=9012 gain=0.680 max|d|=10.89 (projection 16)
[ok] zurich_query_-uQ-4tnYcOJ9WPXRG-ou3w direction_eot seed=9012 gain=0.577 max|d|=9.23 (projection 16)
[ok] zurich_query_-uQ-4tnYcOJ9WPXRG-ou3w isotropic seed=9012 gain=4.053 max|d|=19.08 (no projection)
[ok] amman_query_1IWpn2b6V75KvNFoTU8UOQ direction seed=5678 gain=0.713 max|d|=11.41 (projection 16)
[ok] amman_query_1IWpn2b6V75KvNFoTU8UOQ direction_eot seed=5678 gain=0.585 max|d|=9.37 (projection 16)
[ok] amman_query_1IWpn2b6V75KvNFoTU8UOQ isotropic seed=5678 gain=3.975 max|d|=17.68 (no projection)
[ok] amman_query_1IWpn2b6V75KvNFoTU8UOQ direction seed=9012 gain=0.708 max|d|=11.32 (projection 16)
[ok] amman_query_1IWpn2b6V75KvNFoTU8UOQ direction_eot seed=9012 gain=0.588 max|d|=9.41 (projection 16)
[ok] amman_query_1IWpn2b6V75KvNFoTU8UOQ isotropic seed=9012 gain=3.974 max|d|=20.89 (no projection)
[ok] boston_query_-LPTAIN0lPGriKBtXoH5Mg direction seed=5678 gain=0.817 max|d|=13.07 (projection 16)
[ok] boston_query_-LPTAIN0lPGriKBtXoH5Mg direction_eot seed=5678 gain=0.644 max|d|=10.30 (projection 16)
[ok] boston_query_-LPTAIN0lPGriKBtXoH5Mg isotropic seed=5678 gain=3.941 max|d|=18.85 (no projection)
[ok] boston_query_-LPTAIN0lPGriKBtXoH5Mg direction seed=9012 gain=0.819 max|d|=13.11 (projection 16)
[ok] boston_query_-LPTAIN0lPGriKBtXoH5Mg direction_eot seed=9012 gain=0.647 max|d|=10.35 (projection 16)
[ok] boston_query_-LPTAIN0lPGriKBtXoH5Mg isotropic seed=9012 gain=3.974 max|d|=19.36 (no projection)
[ok] cph_query_-Gsj5kZ1V6uLXFxzeI7G2Q direction seed=5678 gain=0.709 max|d|=11.35 (projection 16)
[ok] cph_query_-Gsj5kZ1V6uLXFxzeI7G2Q direction_eot seed=5678 gain=0.568 max|d|=9.08 (projection 16)
[ok] cph_query_-Gsj5kZ1V6uLXFxzeI7G2Q isotropic seed=5678 gain=3.950 max|d|=18.19 (no projection)
[ok] cph_query_-Gsj5kZ1V6uLXFxzeI7G2Q direction seed=9012 gain=0.701 max|d|=11.22 (projection 16)
[ok] cph_query_-Gsj5kZ1V6uLXFxzeI7G2Q direction_eot seed=9012 gain=0.562 max|d|=8.99 (projection 16)
[ok] cph_query_-Gsj5kZ1V6uLXFxzeI7G2Q isotropic seed=9012 gain=3.968 max|d|=17.51 (no projection)
[ok] london_query_-dp5VWHVq4LzwLgq7y7yhw direction seed=5678 gain=0.741 max|d|=11.85 (projection 16)
[ok] london_query_-dp5VWHVq4LzwLgq7y7yhw direction_eot seed=5678 gain=0.601 max|d|=9.62 (projection 16)
[ok] london_query_-dp5VWHVq4LzwLgq7y7yhw isotropic seed=5678 gain=3.968 max|d|=18.24 (no projection)
[ok] london_query_-dp5VWHVq4LzwLgq7y7yhw direction seed=9012 gain=0.740 max|d|=11.85 (projection 16)
[ok] london_query_-dp5VWHVq4LzwLgq7y7yhw direction_eot seed=9012 gain=0.601 max|d|=9.62 (projection 16)
[ok] london_query_-dp5VWHVq4LzwLgq7y7yhw isotropic seed=9012 gain=3.961 max|d|=18.62 (no projection)
[ok] manila_query_-N4wDG2Fhm38ZVy0hGp8_A direction seed=5678 gain=0.787 max|d|=12.59 (projection 16)
[ok] manila_query_-N4wDG2Fhm38ZVy0hGp8_A direction_eot seed=5678 gain=0.624 max|d|=9.98 (projection 16)
[ok] manila_query_-N4wDG2Fhm38ZVy0hGp8_A isotropic seed=5678 gain=3.970 max|d|=19.25 (no projection)
[ok] manila_query_-N4wDG2Fhm38ZVy0hGp8_A direction seed=9012 gain=0.791 max|d|=12.66 (projection 16)
[ok] manila_query_-N4wDG2Fhm38ZVy0hGp8_A direction_eot seed=9012 gain=0.615 max|d|=9.83 (projection 16)
[ok] manila_query_-N4wDG2Fhm38ZVy0hGp8_A isotropic seed=9012 gain=3.960 max|d|=18.10 (no projection)
[ok] nairobi_query_2CNtCHy0TUbebdEFLYNrIQ direction seed=5678 gain=0.795 max|d|=12.72 (projection 16)
[ok] nairobi_query_2CNtCHy0TUbebdEFLYNrIQ direction_eot seed=5678 gain=0.609 max|d|=9.74 (projection 16)
[ok] nairobi_query_2CNtCHy0TUbebdEFLYNrIQ isotropic seed=5678 gain=4.108 max|d|=19.17 (no projection)
[ok] nairobi_query_2CNtCHy0TUbebdEFLYNrIQ direction seed=9012 gain=0.804 max|d|=12.87 (projection 16)
[ok] nairobi_query_2CNtCHy0TUbebdEFLYNrIQ direction_eot seed=9012 gain=0.619 max|d|=9.91 (projection 16)
[ok] nairobi_query_2CNtCHy0TUbebdEFLYNrIQ isotropic seed=9012 gain=4.104 max|d|=19.35 (no projection)
[ok] toronto_query_-Cdr8zjFdZw7nzz8_rwM4w direction seed=5678 gain=0.818 max|d|=13.08 (projection 16)
[ok] toronto_query_-Cdr8zjFdZw7nzz8_rwM4w direction_eot seed=5678 gain=0.642 max|d|=10.27 (projection 16)
[ok] toronto_query_-Cdr8zjFdZw7nzz8_rwM4w isotropic seed=5678 gain=3.960 max|d|=17.37 (no projection)
[ok] toronto_query_-Cdr8zjFdZw7nzz8_rwM4w direction seed=9012 gain=0.807 max|d|=12.91 (projection 16)
[ok] toronto_query_-Cdr8zjFdZw7nzz8_rwM4w direction_eot seed=9012 gain=0.666 max|d|=10.65 (projection 16)
[ok] toronto_query_-Cdr8zjFdZw7nzz8_rwM4w isotropic seed=9012 gain=3.961 max|d|=19.78 (no projection)
[ok] zurich_query_0247N-PdpG4_iueC_9_G4g direction seed=5678 gain=0.749 max|d|=11.98 (projection 16)
[ok] zurich_query_0247N-PdpG4_iueC_9_G4g direction_eot seed=5678 gain=0.612 max|d|=9.80 (projection 16)
[ok] zurich_query_0247N-PdpG4_iueC_9_G4g isotropic seed=5678 gain=4.064 max|d|=19.44 (no projection)
[ok] zurich_query_0247N-PdpG4_iueC_9_G4g direction seed=9012 gain=0.747 max|d|=11.95 (projection 16)
[ok] zurich_query_0247N-PdpG4_iueC_9_G4g direction_eot seed=9012 gain=0.598 max|d|=9.56 (projection 16)
[ok] zurich_query_0247N-PdpG4_iueC_9_G4g isotropic seed=9012 gain=4.059 max|d|=19.02 (no projection)
[ok] amman_query_1Nmy4JnYnb5zA_JmbkDWBQ direction seed=5678 gain=0.761 max|d|=12.17 (projection 16)
[ok] amman_query_1Nmy4JnYnb5zA_JmbkDWBQ direction_eot seed=5678 gain=0.584 max|d|=9.35 (projection 16)
[ok] amman_query_1Nmy4JnYnb5zA_JmbkDWBQ isotropic seed=5678 gain=3.953 max|d|=18.02 (no projection)
[ok] amman_query_1Nmy4JnYnb5zA_JmbkDWBQ direction seed=9012 gain=0.769 max|d|=12.31 (projection 16)
[ok] amman_query_1Nmy4JnYnb5zA_JmbkDWBQ direction_eot seed=9012 gain=0.574 max|d|=9.19 (projection 16)
[ok] amman_query_1Nmy4JnYnb5zA_JmbkDWBQ isotropic seed=9012 gain=3.970 max|d|=18.13 (no projection)
[ok] boston_query_-Lu6tv4tCQMDsXtxLtxMzQ direction seed=5678 gain=0.762 max|d|=12.19 (projection 16)
[ok] boston_query_-Lu6tv4tCQMDsXtxLtxMzQ direction_eot seed=5678 gain=0.600 max|d|=9.60 (projection 16)
[ok] boston_query_-Lu6tv4tCQMDsXtxLtxMzQ isotropic seed=5678 gain=4.006 max|d|=18.60 (no projection)
[ok] boston_query_-Lu6tv4tCQMDsXtxLtxMzQ direction seed=9012 gain=0.752 max|d|=12.03 (projection 16)
[ok] boston_query_-Lu6tv4tCQMDsXtxLtxMzQ direction_eot seed=9012 gain=0.614 max|d|=9.82 (projection 16)
[ok] boston_query_-Lu6tv4tCQMDsXtxLtxMzQ isotropic seed=9012 gain=3.986 max|d|=19.01 (no projection)
[ok] cph_query_-HqO0GfYTRx5TzfB_6mTqA direction seed=5678 gain=0.760 max|d|=12.16 (projection 16)
[ok] cph_query_-HqO0GfYTRx5TzfB_6mTqA direction_eot seed=5678 gain=0.602 max|d|=9.63 (projection 16)
[ok] cph_query_-HqO0GfYTRx5TzfB_6mTqA isotropic seed=5678 gain=3.951 max|d|=17.11 (no projection)
[ok] cph_query_-HqO0GfYTRx5TzfB_6mTqA direction seed=9012 gain=0.764 max|d|=12.23 (projection 16)
[ok] cph_query_-HqO0GfYTRx5TzfB_6mTqA direction_eot seed=9012 gain=0.602 max|d|=9.64 (projection 16)
[ok] cph_query_-HqO0GfYTRx5TzfB_6mTqA isotropic seed=9012 gain=3.971 max|d|=17.08 (no projection)
[ok] london_query_-izmF6OCR-aIZLVQbzDbLQ direction seed=5678 gain=0.751 max|d|=12.01 (projection 16)
[ok] london_query_-izmF6OCR-aIZLVQbzDbLQ direction_eot seed=5678 gain=0.587 max|d|=9.39 (projection 16)
[ok] london_query_-izmF6OCR-aIZLVQbzDbLQ isotropic seed=5678 gain=3.972 max|d|=17.31 (no projection)
[ok] london_query_-izmF6OCR-aIZLVQbzDbLQ direction seed=9012 gain=0.746 max|d|=11.94 (projection 16)
[ok] london_query_-izmF6OCR-aIZLVQbzDbLQ direction_eot seed=9012 gain=0.607 max|d|=9.71 (projection 16)
[ok] london_query_-izmF6OCR-aIZLVQbzDbLQ isotropic seed=9012 gain=3.977 max|d|=17.81 (no projection)
[ok] manila_query_-P2actpgy_mRkcbLVKBjkQ direction seed=5678 gain=0.796 max|d|=12.74 (projection 16)
[ok] manila_query_-P2actpgy_mRkcbLVKBjkQ direction_eot seed=5678 gain=0.648 max|d|=10.37 (projection 16)
[ok] manila_query_-P2actpgy_mRkcbLVKBjkQ isotropic seed=5678 gain=3.988 max|d|=18.04 (no projection)
[ok] manila_query_-P2actpgy_mRkcbLVKBjkQ direction seed=9012 gain=0.798 max|d|=12.76 (projection 16)
[ok] manila_query_-P2actpgy_mRkcbLVKBjkQ direction_eot seed=9012 gain=0.643 max|d|=10.29 (projection 16)
[ok] manila_query_-P2actpgy_mRkcbLVKBjkQ isotropic seed=9012 gain=3.987 max|d|=18.59 (no projection)
[ok] nairobi_query_2OfDNnR5st7y8-O2ibiklQ direction seed=5678 gain=0.839 max|d|=13.42 (projection 16)
[ok] nairobi_query_2OfDNnR5st7y8-O2ibiklQ direction_eot seed=5678 gain=0.684 max|d|=10.94 (projection 16)
[ok] nairobi_query_2OfDNnR5st7y8-O2ibiklQ isotropic seed=5678 gain=3.999 max|d|=19.04 (no projection)
[ok] nairobi_query_2OfDNnR5st7y8-O2ibiklQ direction seed=9012 gain=0.827 max|d|=13.23 (projection 16)
[ok] nairobi_query_2OfDNnR5st7y8-O2ibiklQ direction_eot seed=9012 gain=0.680 max|d|=10.88 (projection 16)
[ok] nairobi_query_2OfDNnR5st7y8-O2ibiklQ isotropic seed=9012 gain=3.846 max|d|=18.64 (no projection)
[ok] toronto_query_-DB8UBv2Rg4kTi6HTqrhOw direction seed=5678 gain=0.772 max|d|=12.36 (projection 16)
[ok] toronto_query_-DB8UBv2Rg4kTi6HTqrhOw direction_eot seed=5678 gain=0.612 max|d|=9.80 (projection 16)
[ok] toronto_query_-DB8UBv2Rg4kTi6HTqrhOw isotropic seed=5678 gain=3.991 max|d|=17.44 (no projection)
[ok] toronto_query_-DB8UBv2Rg4kTi6HTqrhOw direction seed=9012 gain=0.766 max|d|=12.26 (projection 16)
[ok] toronto_query_-DB8UBv2Rg4kTi6HTqrhOw direction_eot seed=9012 gain=0.612 max|d|=9.79 (projection 16)
[ok] toronto_query_-DB8UBv2Rg4kTi6HTqrhOw isotropic seed=9012 gain=3.861 max|d|=17.13 (no projection)
[ok] zurich_query_046U_rtFmS-pAuZF-Zba0Q direction seed=5678 gain=0.807 max|d|=12.91 (projection 16)
[ok] zurich_query_046U_rtFmS-pAuZF-Zba0Q direction_eot seed=5678 gain=0.666 max|d|=10.65 (projection 16)
[ok] zurich_query_046U_rtFmS-pAuZF-Zba0Q isotropic seed=5678 gain=4.098 max|d|=19.54 (no projection)
[ok] zurich_query_046U_rtFmS-pAuZF-Zba0Q direction seed=9012 gain=0.809 max|d|=12.95 (projection 16)
[ok] zurich_query_046U_rtFmS-pAuZF-Zba0Q direction_eot seed=9012 gain=0.665 max|d|=10.65 (projection 16)
[ok] zurich_query_046U_rtFmS-pAuZF-Zba0Q isotropic seed=9012 gain=4.107 max|d|=18.55 (no projection)
[ok] amman_query_1Tf2dWuS4el8fREHH1_k0w direction seed=5678 gain=0.835 max|d|=13.35 (projection 16)
[ok] amman_query_1Tf2dWuS4el8fREHH1_k0w direction_eot seed=5678 gain=0.666 max|d|=10.65 (projection 16)
[ok] amman_query_1Tf2dWuS4el8fREHH1_k0w isotropic seed=5678 gain=3.961 max|d|=19.07 (no projection)
[ok] amman_query_1Tf2dWuS4el8fREHH1_k0w direction seed=9012 gain=0.839 max|d|=13.43 (projection 16)
[ok] amman_query_1Tf2dWuS4el8fREHH1_k0w direction_eot seed=9012 gain=0.686 max|d|=10.97 (projection 16)
[ok] amman_query_1Tf2dWuS4el8fREHH1_k0w isotropic seed=9012 gain=3.949 max|d|=19.17 (no projection)
[ok] boston_query_-N2T2kBE4uG56LTsyCQPJg direction seed=5678 gain=0.746 max|d|=11.94 (projection 16)
[ok] boston_query_-N2T2kBE4uG56LTsyCQPJg direction_eot seed=5678 gain=0.630 max|d|=10.08 (projection 16)
[ok] boston_query_-N2T2kBE4uG56LTsyCQPJg isotropic seed=5678 gain=4.014 max|d|=17.95 (no projection)
[ok] boston_query_-N2T2kBE4uG56LTsyCQPJg direction seed=9012 gain=0.757 max|d|=12.11 (projection 16)
[ok] boston_query_-N2T2kBE4uG56LTsyCQPJg direction_eot seed=9012 gain=0.635 max|d|=10.16 (projection 16)
[ok] boston_query_-N2T2kBE4uG56LTsyCQPJg isotropic seed=9012 gain=4.012 max|d|=18.26 (no projection)
[ok] cph_query_-I7HyKa_KIzMp2uMsvqUAg direction seed=5678 gain=0.755 max|d|=12.08 (projection 16)
[ok] cph_query_-I7HyKa_KIzMp2uMsvqUAg direction_eot seed=5678 gain=0.610 max|d|=9.75 (projection 16)
[ok] cph_query_-I7HyKa_KIzMp2uMsvqUAg isotropic seed=5678 gain=3.947 max|d|=18.12 (no projection)
[ok] cph_query_-I7HyKa_KIzMp2uMsvqUAg direction seed=9012 gain=0.755 max|d|=12.08 (projection 16)
[ok] cph_query_-I7HyKa_KIzMp2uMsvqUAg direction_eot seed=9012 gain=0.606 max|d|=9.69 (projection 16)
[ok] cph_query_-I7HyKa_KIzMp2uMsvqUAg isotropic seed=9012 gain=3.957 max|d|=16.91 (no projection)
[ok] london_query_-kd8SHN5N5wLOpzEu10rfQ direction seed=5678 gain=0.727 max|d|=11.63 (projection 16)
[ok] london_query_-kd8SHN5N5wLOpzEu10rfQ direction_eot seed=5678 gain=0.595 max|d|=9.53 (projection 16)
[ok] london_query_-kd8SHN5N5wLOpzEu10rfQ isotropic seed=5678 gain=3.958 max|d|=17.49 (no projection)
[ok] london_query_-kd8SHN5N5wLOpzEu10rfQ direction seed=9012 gain=0.727 max|d|=11.64 (projection 16)
[ok] london_query_-kd8SHN5N5wLOpzEu10rfQ direction_eot seed=9012 gain=0.597 max|d|=9.55 (projection 16)
[ok] london_query_-kd8SHN5N5wLOpzEu10rfQ isotropic seed=9012 gain=3.941 max|d|=18.16 (no projection)
[ok] manila_query_-PR9Q6-AlT31oRE_Ep_fnQ direction seed=5678 gain=0.820 max|d|=13.11 (projection 16)
[ok] manila_query_-PR9Q6-AlT31oRE_Ep_fnQ direction_eot seed=5678 gain=0.674 max|d|=10.78 (projection 16)
[ok] manila_query_-PR9Q6-AlT31oRE_Ep_fnQ isotropic seed=5678 gain=3.934 max|d|=16.93 (no projection)
[ok] manila_query_-PR9Q6-AlT31oRE_Ep_fnQ direction seed=9012 gain=0.828 max|d|=13.24 (projection 16)
[ok] manila_query_-PR9Q6-AlT31oRE_Ep_fnQ direction_eot seed=9012 gain=0.661 max|d|=10.57 (projection 16)
[ok] manila_query_-PR9Q6-AlT31oRE_Ep_fnQ isotropic seed=9012 gain=3.982 max|d|=18.71 (no projection)
[ok] nairobi_query_2QtumRO8ayl5p_Jb-rhTZQ direction seed=5678 gain=0.810 max|d|=12.96 (projection 16)
[ok] nairobi_query_2QtumRO8ayl5p_Jb-rhTZQ direction_eot seed=5678 gain=0.609 max|d|=9.74 (projection 16)
[ok] nairobi_query_2QtumRO8ayl5p_Jb-rhTZQ isotropic seed=5678 gain=3.972 max|d|=17.94 (no projection)
[ok] nairobi_query_2QtumRO8ayl5p_Jb-rhTZQ direction seed=9012 gain=0.814 max|d|=13.03 (projection 16)
[ok] nairobi_query_2QtumRO8ayl5p_Jb-rhTZQ direction_eot seed=9012 gain=0.622 max|d|=9.96 (projection 16)
[ok] nairobi_query_2QtumRO8ayl5p_Jb-rhTZQ isotropic seed=9012 gain=3.974 max|d|=18.46 (no projection)
[ok] toronto_query_-Dr7KE__egl6kS-yslctCg direction seed=5678 gain=0.721 max|d|=11.54 (projection 16)
[ok] toronto_query_-Dr7KE__egl6kS-yslctCg direction_eot seed=5678 gain=0.603 max|d|=9.65 (projection 16)
[ok] toronto_query_-Dr7KE__egl6kS-yslctCg isotropic seed=5678 gain=3.959 max|d|=21.05 (no projection)
[ok] toronto_query_-Dr7KE__egl6kS-yslctCg direction seed=9012 gain=0.732 max|d|=11.71 (projection 16)
[ok] toronto_query_-Dr7KE__egl6kS-yslctCg direction_eot seed=9012 gain=0.622 max|d|=9.96 (projection 16)
[ok] toronto_query_-Dr7KE__egl6kS-yslctCg isotropic seed=9012 gain=3.963 max|d|=18.58 (no projection)
[ok] zurich_query_08U3p7js9TCivpCfLs0ZIw direction seed=5678 gain=0.751 max|d|=12.01 (projection 16)
[ok] zurich_query_08U3p7js9TCivpCfLs0ZIw direction_eot seed=5678 gain=0.587 max|d|=9.39 (projection 16)
[ok] zurich_query_08U3p7js9TCivpCfLs0ZIw isotropic seed=5678 gain=4.098 max|d|=18.22 (no projection)
[ok] zurich_query_08U3p7js9TCivpCfLs0ZIw direction seed=9012 gain=0.738 max|d|=11.81 (projection 16)
[ok] zurich_query_08U3p7js9TCivpCfLs0ZIw direction_eot seed=9012 gain=0.605 max|d|=9.67 (projection 16)
[ok] zurich_query_08U3p7js9TCivpCfLs0ZIw isotropic seed=9012 gain=4.191 max|d|=19.02 (no projection)
[ok] amman_query_1TysYQA0N2AnJ5lzQWP07w direction seed=5678 gain=0.804 max|d|=12.87 (projection 16)
[ok] amman_query_1TysYQA0N2AnJ5lzQWP07w direction_eot seed=5678 gain=0.662 max|d|=10.59 (projection 16)
[ok] amman_query_1TysYQA0N2AnJ5lzQWP07w isotropic seed=5678 gain=3.966 max|d|=17.95 (no projection)
[ok] amman_query_1TysYQA0N2AnJ5lzQWP07w direction seed=9012 gain=0.811 max|d|=12.97 (projection 16)
[ok] amman_query_1TysYQA0N2AnJ5lzQWP07w direction_eot seed=9012 gain=0.677 max|d|=10.82 (projection 16)
[ok] amman_query_1TysYQA0N2AnJ5lzQWP07w isotropic seed=9012 gain=3.974 max|d|=18.86 (no projection)
[ok] boston_query_-NRCmKPnLW6ukq5fovMufw direction seed=5678 gain=0.729 max|d|=11.66 (projection 16)
[ok] boston_query_-NRCmKPnLW6ukq5fovMufw direction_eot seed=5678 gain=0.597 max|d|=9.55 (projection 16)
[ok] boston_query_-NRCmKPnLW6ukq5fovMufw isotropic seed=5678 gain=3.990 max|d|=16.65 (no projection)
[ok] boston_query_-NRCmKPnLW6ukq5fovMufw direction seed=9012 gain=0.730 max|d|=11.68 (projection 16)
[ok] boston_query_-NRCmKPnLW6ukq5fovMufw direction_eot seed=9012 gain=0.593 max|d|=9.49 (projection 16)
[ok] boston_query_-NRCmKPnLW6ukq5fovMufw isotropic seed=9012 gain=4.004 max|d|=19.47 (no projection)
[ok] cph_query_-I8EyCiw4PS74_uGuMqUYQ direction seed=5678 gain=0.817 max|d|=13.08 (projection 16)
[ok] cph_query_-I8EyCiw4PS74_uGuMqUYQ direction_eot seed=5678 gain=0.662 max|d|=10.59 (projection 16)
[ok] cph_query_-I8EyCiw4PS74_uGuMqUYQ isotropic seed=5678 gain=3.994 max|d|=18.37 (no projection)
[ok] cph_query_-I8EyCiw4PS74_uGuMqUYQ direction seed=9012 gain=0.811 max|d|=12.97 (projection 16)
[ok] cph_query_-I8EyCiw4PS74_uGuMqUYQ direction_eot seed=9012 gain=0.658 max|d|=10.53 (projection 16)
[ok] cph_query_-I8EyCiw4PS74_uGuMqUYQ isotropic seed=9012 gain=3.993 max|d|=20.42 (no projection)
[ok] london_query_-qvarKx0xtSTs0tnxDE0oQ direction seed=5678 gain=0.729 max|d|=11.67 (projection 16)
[ok] london_query_-qvarKx0xtSTs0tnxDE0oQ direction_eot seed=5678 gain=0.580 max|d|=9.28 (projection 16)
[ok] london_query_-qvarKx0xtSTs0tnxDE0oQ isotropic seed=5678 gain=3.964 max|d|=18.11 (no projection)
[ok] london_query_-qvarKx0xtSTs0tnxDE0oQ direction seed=9012 gain=0.709 max|d|=11.34 (projection 16)
[ok] london_query_-qvarKx0xtSTs0tnxDE0oQ direction_eot seed=9012 gain=0.567 max|d|=9.07 (projection 16)
[ok] london_query_-qvarKx0xtSTs0tnxDE0oQ isotropic seed=9012 gain=3.965 max|d|=18.12 (no projection)
[ok] manila_query_-Qc1bZWefrpkNPZ60zZS5Q direction seed=5678 gain=0.727 max|d|=11.62 (projection 16)
[ok] manila_query_-Qc1bZWefrpkNPZ60zZS5Q direction_eot seed=5678 gain=0.604 max|d|=9.67 (projection 16)
[ok] manila_query_-Qc1bZWefrpkNPZ60zZS5Q isotropic seed=5678 gain=4.029 max|d|=18.25 (no projection)
[ok] manila_query_-Qc1bZWefrpkNPZ60zZS5Q direction seed=9012 gain=0.728 max|d|=11.64 (projection 16)
[ok] manila_query_-Qc1bZWefrpkNPZ60zZS5Q direction_eot seed=9012 gain=0.600 max|d|=9.60 (projection 16)
[ok] manila_query_-Qc1bZWefrpkNPZ60zZS5Q isotropic seed=9012 gain=4.021 max|d|=17.45 (no projection)
[ok] nairobi_query_2RQpcoZ0MfOmswdfhpjw4g direction seed=5678 gain=0.845 max|d|=13.51 (projection 16)
[ok] nairobi_query_2RQpcoZ0MfOmswdfhpjw4g direction_eot seed=5678 gain=0.662 max|d|=10.60 (projection 16)
[ok] nairobi_query_2RQpcoZ0MfOmswdfhpjw4g isotropic seed=5678 gain=3.695 max|d|=18.59 (no projection)
[ok] nairobi_query_2RQpcoZ0MfOmswdfhpjw4g direction seed=9012 gain=0.846 max|d|=13.53 (projection 16)
[ok] nairobi_query_2RQpcoZ0MfOmswdfhpjw4g direction_eot seed=9012 gain=0.673 max|d|=10.77 (projection 16)
[ok] nairobi_query_2RQpcoZ0MfOmswdfhpjw4g isotropic seed=9012 gain=4.053 max|d|=17.93 (no projection)
[ok] toronto_query_-EilBTWhr8vjdDW-B7MU8A direction seed=5678 gain=0.704 max|d|=11.27 (projection 16)
[ok] toronto_query_-EilBTWhr8vjdDW-B7MU8A direction_eot seed=5678 gain=0.602 max|d|=9.63 (projection 16)
[ok] toronto_query_-EilBTWhr8vjdDW-B7MU8A isotropic seed=5678 gain=4.187 max|d|=18.53 (no projection)
[ok] toronto_query_-EilBTWhr8vjdDW-B7MU8A direction seed=9012 gain=0.707 max|d|=11.32 (projection 16)
[ok] toronto_query_-EilBTWhr8vjdDW-B7MU8A direction_eot seed=9012 gain=0.611 max|d|=9.78 (projection 16)
[ok] toronto_query_-EilBTWhr8vjdDW-B7MU8A isotropic seed=9012 gain=4.191 max|d|=20.50 (no projection)
[ok] zurich_query_0AlvsX9XlPHoz4joTTL7hQ direction seed=5678 gain=0.819 max|d|=13.11 (projection 16)
[ok] zurich_query_0AlvsX9XlPHoz4joTTL7hQ direction_eot seed=5678 gain=0.672 max|d|=10.74 (projection 16)
[ok] zurich_query_0AlvsX9XlPHoz4joTTL7hQ isotropic seed=5678 gain=3.971 max|d|=18.75 (no projection)
[ok] zurich_query_0AlvsX9XlPHoz4joTTL7hQ direction seed=9012 gain=0.819 max|d|=13.10 (projection 16)
[ok] zurich_query_0AlvsX9XlPHoz4joTTL7hQ direction_eot seed=9012 gain=0.652 max|d|=10.43 (projection 16)
[ok] zurich_query_0AlvsX9XlPHoz4joTTL7hQ isotropic seed=9012 gain=3.980 max|d|=17.42 (no projection)
[ok] amman_query_1VTBGOTuAwvnyE1o4Pbm0Q direction seed=5678 gain=0.800 max|d|=12.79 (projection 16)
[ok] amman_query_1VTBGOTuAwvnyE1o4Pbm0Q direction_eot seed=5678 gain=0.647 max|d|=10.36 (projection 16)
[ok] amman_query_1VTBGOTuAwvnyE1o4Pbm0Q isotropic seed=5678 gain=3.954 max|d|=18.83 (no projection)
[ok] amman_query_1VTBGOTuAwvnyE1o4Pbm0Q direction seed=9012 gain=0.805 max|d|=12.88 (projection 16)
[ok] amman_query_1VTBGOTuAwvnyE1o4Pbm0Q direction_eot seed=9012 gain=0.651 max|d|=10.41 (projection 16)
[ok] amman_query_1VTBGOTuAwvnyE1o4Pbm0Q isotropic seed=9012 gain=3.949 max|d|=16.32 (no projection)
[ok] boston_query_-NSEL0mtEJlIM-oR5yFnFg direction seed=5678 gain=0.847 max|d|=13.55 (projection 16)
[ok] boston_query_-NSEL0mtEJlIM-oR5yFnFg direction_eot seed=5678 gain=0.665 max|d|=10.65 (projection 16)
[ok] boston_query_-NSEL0mtEJlIM-oR5yFnFg isotropic seed=5678 gain=3.971 max|d|=18.57 (no projection)
[ok] boston_query_-NSEL0mtEJlIM-oR5yFnFg direction seed=9012 gain=0.837 max|d|=13.39 (projection 16)
[ok] boston_query_-NSEL0mtEJlIM-oR5yFnFg direction_eot seed=9012 gain=0.663 max|d|=10.60 (projection 16)
[ok] boston_query_-NSEL0mtEJlIM-oR5yFnFg isotropic seed=9012 gain=3.968 max|d|=18.40 (no projection)
[ok] cph_query_-IKk5Ns9ayTUN3tqBrl3Ow direction seed=5678 gain=0.787 max|d|=12.59 (projection 16)
[ok] cph_query_-IKk5Ns9ayTUN3tqBrl3Ow direction_eot seed=5678 gain=0.614 max|d|=9.82 (projection 16)
[ok] cph_query_-IKk5Ns9ayTUN3tqBrl3Ow isotropic seed=5678 gain=4.086 max|d|=17.77 (no projection)
[ok] cph_query_-IKk5Ns9ayTUN3tqBrl3Ow direction seed=9012 gain=0.780 max|d|=12.49 (projection 16)
[ok] cph_query_-IKk5Ns9ayTUN3tqBrl3Ow direction_eot seed=9012 gain=0.615 max|d|=9.84 (projection 16)
[ok] cph_query_-IKk5Ns9ayTUN3tqBrl3Ow isotropic seed=9012 gain=4.090 max|d|=18.13 (no projection)
[ok] london_query_-rtMM_qyd5EBLnADEBIUTA direction seed=5678 gain=0.723 max|d|=11.56 (projection 16)
[ok] london_query_-rtMM_qyd5EBLnADEBIUTA direction_eot seed=5678 gain=0.557 max|d|=8.92 (projection 16)
[ok] london_query_-rtMM_qyd5EBLnADEBIUTA isotropic seed=5678 gain=3.974 max|d|=18.39 (no projection)
[ok] london_query_-rtMM_qyd5EBLnADEBIUTA direction seed=9012 gain=0.722 max|d|=11.55 (projection 16)
[ok] london_query_-rtMM_qyd5EBLnADEBIUTA direction_eot seed=9012 gain=0.562 max|d|=8.99 (projection 16)
[ok] london_query_-rtMM_qyd5EBLnADEBIUTA isotropic seed=9012 gain=3.967 max|d|=17.20 (no projection)
[ok] manila_query_-QdSFqylfs0aHx31jOvTVg direction seed=5678 gain=0.767 max|d|=12.27 (projection 16)
[ok] manila_query_-QdSFqylfs0aHx31jOvTVg direction_eot seed=5678 gain=0.598 max|d|=9.57 (projection 16)
[ok] manila_query_-QdSFqylfs0aHx31jOvTVg isotropic seed=5678 gain=3.972 max|d|=19.17 (no projection)
[ok] manila_query_-QdSFqylfs0aHx31jOvTVg direction seed=9012 gain=0.779 max|d|=12.47 (projection 16)
[ok] manila_query_-QdSFqylfs0aHx31jOvTVg direction_eot seed=9012 gain=0.621 max|d|=9.93 (projection 16)
[ok] manila_query_-QdSFqylfs0aHx31jOvTVg isotropic seed=9012 gain=3.961 max|d|=18.53 (no projection)
[ok] nairobi_query_2Xgp5FmRFbMXgBspWoEFNg direction seed=5678 gain=0.844 max|d|=13.51 (projection 16)
[ok] nairobi_query_2Xgp5FmRFbMXgBspWoEFNg direction_eot seed=5678 gain=0.657 max|d|=10.52 (projection 16)
[ok] nairobi_query_2Xgp5FmRFbMXgBspWoEFNg isotropic seed=5678 gain=4.007 max|d|=19.11 (no projection)
[ok] nairobi_query_2Xgp5FmRFbMXgBspWoEFNg direction seed=9012 gain=0.839 max|d|=13.42 (projection 16)
[ok] nairobi_query_2Xgp5FmRFbMXgBspWoEFNg direction_eot seed=9012 gain=0.641 max|d|=10.25 (projection 16)
[ok] nairobi_query_2Xgp5FmRFbMXgBspWoEFNg isotropic seed=9012 gain=4.007 max|d|=19.58 (no projection)
[ok] toronto_query_-FOgEN8RNyKr0s933N-a0w direction seed=5678 gain=0.773 max|d|=12.37 (projection 16)
[ok] toronto_query_-FOgEN8RNyKr0s933N-a0w direction_eot seed=5678 gain=0.622 max|d|=9.95 (projection 16)
[ok] toronto_query_-FOgEN8RNyKr0s933N-a0w isotropic seed=5678 gain=3.736 max|d|=17.38 (no projection)
[ok] toronto_query_-FOgEN8RNyKr0s933N-a0w direction seed=9012 gain=0.789 max|d|=12.62 (projection 16)
[ok] toronto_query_-FOgEN8RNyKr0s933N-a0w direction_eot seed=9012 gain=0.615 max|d|=9.84 (projection 16)
[ok] toronto_query_-FOgEN8RNyKr0s933N-a0w isotropic seed=9012 gain=3.979 max|d|=18.34 (no projection)
[ok] zurich_query_0F0ESDULqwk5km1KbyUEZw direction seed=5678 gain=0.793 max|d|=12.69 (projection 16)
[ok] zurich_query_0F0ESDULqwk5km1KbyUEZw direction_eot seed=5678 gain=0.642 max|d|=10.28 (projection 16)
[ok] zurich_query_0F0ESDULqwk5km1KbyUEZw isotropic seed=5678 gain=4.024 max|d|=18.86 (no projection)
[ok] zurich_query_0F0ESDULqwk5km1KbyUEZw direction seed=9012 gain=0.790 max|d|=12.64 (projection 16)
[ok] zurich_query_0F0ESDULqwk5km1KbyUEZw direction_eot seed=9012 gain=0.617 max|d|=9.88 (projection 16)
[ok] zurich_query_0F0ESDULqwk5km1KbyUEZw isotropic seed=9012 gain=4.020 max|d|=17.28 (no projection)
[ok] amman_query_1_jzc52w72UKyKztvVoygQ direction seed=5678 gain=0.811 max|d|=12.98 (projection 16)
[ok] amman_query_1_jzc52w72UKyKztvVoygQ direction_eot seed=5678 gain=0.667 max|d|=10.68 (projection 16)
[ok] amman_query_1_jzc52w72UKyKztvVoygQ isotropic seed=5678 gain=3.952 max|d|=16.92 (no projection)
[ok] amman_query_1_jzc52w72UKyKztvVoygQ direction seed=9012 gain=0.817 max|d|=13.07 (projection 16)
[ok] amman_query_1_jzc52w72UKyKztvVoygQ direction_eot seed=9012 gain=0.669 max|d|=10.71 (projection 16)
[ok] amman_query_1_jzc52w72UKyKztvVoygQ isotropic seed=9012 gain=3.963 max|d|=20.91 (no projection)
[ok] boston_query_-NUm2lI2JYWeHZ6lrL2eZA direction seed=5678 gain=0.754 max|d|=12.06 (projection 16)
[ok] boston_query_-NUm2lI2JYWeHZ6lrL2eZA direction_eot seed=5678 gain=0.588 max|d|=9.40 (projection 16)
[ok] boston_query_-NUm2lI2JYWeHZ6lrL2eZA isotropic seed=5678 gain=3.979 max|d|=18.96 (no projection)
[ok] boston_query_-NUm2lI2JYWeHZ6lrL2eZA direction seed=9012 gain=0.758 max|d|=12.13 (projection 16)
[ok] boston_query_-NUm2lI2JYWeHZ6lrL2eZA direction_eot seed=9012 gain=0.580 max|d|=9.29 (projection 16)
[ok] boston_query_-NUm2lI2JYWeHZ6lrL2eZA isotropic seed=9012 gain=3.978 max|d|=20.89 (no projection)
[ok] cph_query_-JMzfm4NuuBt61JuZ2sggw direction seed=5678 gain=0.803 max|d|=12.84 (projection 16)
[ok] cph_query_-JMzfm4NuuBt61JuZ2sggw direction_eot seed=5678 gain=0.622 max|d|=9.95 (projection 16)
[ok] cph_query_-JMzfm4NuuBt61JuZ2sggw isotropic seed=5678 gain=4.209 max|d|=18.63 (no projection)
[ok] cph_query_-JMzfm4NuuBt61JuZ2sggw direction seed=9012 gain=0.798 max|d|=12.77 (projection 16)
[ok] cph_query_-JMzfm4NuuBt61JuZ2sggw direction_eot seed=9012 gain=0.631 max|d|=10.10 (projection 16)
[ok] cph_query_-JMzfm4NuuBt61JuZ2sggw isotropic seed=9012 gain=4.207 max|d|=20.97 (no projection)
[ok] london_query_-u8BrzndSdD1lHKeeOwN1A direction seed=5678 gain=0.757 max|d|=12.11 (projection 16)
[ok] london_query_-u8BrzndSdD1lHKeeOwN1A direction_eot seed=5678 gain=0.598 max|d|=9.56 (projection 16)
[ok] london_query_-u8BrzndSdD1lHKeeOwN1A isotropic seed=5678 gain=3.973 max|d|=18.80 (no projection)
[ok] london_query_-u8BrzndSdD1lHKeeOwN1A direction seed=9012 gain=0.749 max|d|=11.98 (projection 16)
[ok] london_query_-u8BrzndSdD1lHKeeOwN1A direction_eot seed=9012 gain=0.601 max|d|=9.61 (projection 16)
[ok] london_query_-u8BrzndSdD1lHKeeOwN1A isotropic seed=9012 gain=3.971 max|d|=18.01 (no projection)
[ok] manila_query_-QvNwUfMuYwx4zaJzG9hHA direction seed=5678 gain=0.717 max|d|=11.47 (projection 16)
[ok] manila_query_-QvNwUfMuYwx4zaJzG9hHA direction_eot seed=5678 gain=0.580 max|d|=9.29 (projection 16)
[ok] manila_query_-QvNwUfMuYwx4zaJzG9hHA isotropic seed=5678 gain=3.980 max|d|=18.38 (no projection)
[ok] manila_query_-QvNwUfMuYwx4zaJzG9hHA direction seed=9012 gain=0.725 max|d|=11.60 (projection 16)
[ok] manila_query_-QvNwUfMuYwx4zaJzG9hHA direction_eot seed=9012 gain=0.578 max|d|=9.24 (projection 16)
[ok] manila_query_-QvNwUfMuYwx4zaJzG9hHA isotropic seed=9012 gain=3.977 max|d|=19.72 (no projection)
[ok] nairobi_query_2hMXkBjbWEdGXSh4zxGVeg direction seed=5678 gain=0.829 max|d|=13.27 (projection 16)
[ok] nairobi_query_2hMXkBjbWEdGXSh4zxGVeg direction_eot seed=5678 gain=0.648 max|d|=10.38 (projection 16)
[ok] nairobi_query_2hMXkBjbWEdGXSh4zxGVeg isotropic seed=5678 gain=3.980 max|d|=21.36 (no projection)
[ok] nairobi_query_2hMXkBjbWEdGXSh4zxGVeg direction seed=9012 gain=0.829 max|d|=13.26 (projection 16)
[ok] nairobi_query_2hMXkBjbWEdGXSh4zxGVeg direction_eot seed=9012 gain=0.610 max|d|=9.76 (projection 16)
[ok] nairobi_query_2hMXkBjbWEdGXSh4zxGVeg isotropic seed=9012 gain=3.980 max|d|=18.15 (no projection)
[ok] toronto_query_-FRsj6TVpdbM-sdJNwZZbw direction seed=5678 gain=0.775 max|d|=12.40 (projection 16)
[ok] toronto_query_-FRsj6TVpdbM-sdJNwZZbw direction_eot seed=5678 gain=0.614 max|d|=9.82 (projection 16)
[ok] toronto_query_-FRsj6TVpdbM-sdJNwZZbw isotropic seed=5678 gain=4.064 max|d|=19.92 (no projection)
[ok] toronto_query_-FRsj6TVpdbM-sdJNwZZbw direction seed=9012 gain=0.766 max|d|=12.25 (projection 16)
[ok] toronto_query_-FRsj6TVpdbM-sdJNwZZbw direction_eot seed=9012 gain=0.648 max|d|=10.37 (projection 16)
[ok] toronto_query_-FRsj6TVpdbM-sdJNwZZbw isotropic seed=9012 gain=4.062 max|d|=16.83 (no projection)
[ok] zurich_query_0FEApLaNMLno1PTABlbYyQ direction seed=5678 gain=0.748 max|d|=11.97 (projection 16)
[ok] zurich_query_0FEApLaNMLno1PTABlbYyQ direction_eot seed=5678 gain=0.603 max|d|=9.64 (projection 16)
[ok] zurich_query_0FEApLaNMLno1PTABlbYyQ isotropic seed=5678 gain=3.991 max|d|=19.44 (no projection)
[ok] zurich_query_0FEApLaNMLno1PTABlbYyQ direction seed=9012 gain=0.747 max|d|=11.95 (projection 16)
[ok] zurich_query_0FEApLaNMLno1PTABlbYyQ direction_eot seed=9012 gain=0.606 max|d|=9.69 (projection 16)
[ok] zurich_query_0FEApLaNMLno1PTABlbYyQ isotropic seed=9012 gain=3.978 max|d|=18.72 (no projection)
[ok] amman_query_1jA0_v7p_4KHVbia4DG7Bw direction seed=5678 gain=0.722 max|d|=11.56 (projection 16)
[ok] amman_query_1jA0_v7p_4KHVbia4DG7Bw direction_eot seed=5678 gain=0.593 max|d|=9.48 (projection 16)
[ok] amman_query_1jA0_v7p_4KHVbia4DG7Bw isotropic seed=5678 gain=3.966 max|d|=19.07 (no projection)
[ok] amman_query_1jA0_v7p_4KHVbia4DG7Bw direction seed=9012 gain=0.732 max|d|=11.71 (projection 16)
[ok] amman_query_1jA0_v7p_4KHVbia4DG7Bw direction_eot seed=9012 gain=0.588 max|d|=9.41 (projection 16)
[ok] amman_query_1jA0_v7p_4KHVbia4DG7Bw isotropic seed=9012 gain=3.960 max|d|=18.87 (no projection)
[ok] boston_query_-O6nZhSO0Cgq4iaZ522K2g direction seed=5678 gain=0.770 max|d|=12.33 (projection 16)
[ok] boston_query_-O6nZhSO0Cgq4iaZ522K2g direction_eot seed=5678 gain=0.625 max|d|=10.00 (projection 16)
[ok] boston_query_-O6nZhSO0Cgq4iaZ522K2g isotropic seed=5678 gain=3.976 max|d|=17.37 (no projection)
[ok] boston_query_-O6nZhSO0Cgq4iaZ522K2g direction seed=9012 gain=0.780 max|d|=12.48 (projection 16)
[ok] boston_query_-O6nZhSO0Cgq4iaZ522K2g direction_eot seed=9012 gain=0.627 max|d|=10.04 (projection 16)
[ok] boston_query_-O6nZhSO0Cgq4iaZ522K2g isotropic seed=9012 gain=3.968 max|d|=20.53 (no projection)
[ok] cph_query_-MUw194v9r5C1394mci6-A direction seed=5678 gain=0.730 max|d|=11.68 (projection 16)
[ok] cph_query_-MUw194v9r5C1394mci6-A direction_eot seed=5678 gain=0.575 max|d|=9.21 (projection 16)
[ok] cph_query_-MUw194v9r5C1394mci6-A isotropic seed=5678 gain=4.012 max|d|=18.19 (no projection)
[ok] cph_query_-MUw194v9r5C1394mci6-A direction seed=9012 gain=0.708 max|d|=11.34 (projection 16)
[ok] cph_query_-MUw194v9r5C1394mci6-A direction_eot seed=9012 gain=0.578 max|d|=9.25 (projection 16)
[ok] cph_query_-MUw194v9r5C1394mci6-A isotropic seed=9012 gain=4.006 max|d|=17.23 (no projection)
[ok] london_query_-vkja3p0MzaoZlQOooT-YQ direction seed=5678 gain=0.743 max|d|=11.89 (projection 16)
[ok] london_query_-vkja3p0MzaoZlQOooT-YQ direction_eot seed=5678 gain=0.602 max|d|=9.62 (projection 16)
[ok] london_query_-vkja3p0MzaoZlQOooT-YQ isotropic seed=5678 gain=3.964 max|d|=19.55 (no projection)
[ok] london_query_-vkja3p0MzaoZlQOooT-YQ direction seed=9012 gain=0.748 max|d|=11.97 (projection 16)
[ok] london_query_-vkja3p0MzaoZlQOooT-YQ direction_eot seed=9012 gain=0.600 max|d|=9.61 (projection 16)
[ok] london_query_-vkja3p0MzaoZlQOooT-YQ isotropic seed=9012 gain=3.962 max|d|=18.37 (no projection)
[ok] manila_query_-RZzhLSoiUGq-PShtIhzxw direction seed=5678 gain=0.781 max|d|=12.49 (projection 16)
[ok] manila_query_-RZzhLSoiUGq-PShtIhzxw direction_eot seed=5678 gain=0.601 max|d|=9.62 (projection 16)
[ok] manila_query_-RZzhLSoiUGq-PShtIhzxw isotropic seed=5678 gain=3.954 max|d|=17.83 (no projection)
[ok] manila_query_-RZzhLSoiUGq-PShtIhzxw direction seed=9012 gain=0.775 max|d|=12.40 (projection 16)
[ok] manila_query_-RZzhLSoiUGq-PShtIhzxw direction_eot seed=9012 gain=0.605 max|d|=9.68 (projection 16)
[ok] manila_query_-RZzhLSoiUGq-PShtIhzxw isotropic seed=9012 gain=3.973 max|d|=17.17 (no projection)
[ok] nairobi_query_2wqDKqSdeRPYg6X996gZ0w direction seed=5678 gain=0.816 max|d|=13.05 (projection 16)
[ok] nairobi_query_2wqDKqSdeRPYg6X996gZ0w direction_eot seed=5678 gain=0.618 max|d|=9.89 (projection 16)
[ok] nairobi_query_2wqDKqSdeRPYg6X996gZ0w isotropic seed=5678 gain=3.532 max|d|=18.33 (no projection)
[ok] nairobi_query_2wqDKqSdeRPYg6X996gZ0w direction seed=9012 gain=0.819 max|d|=13.10 (projection 16)
[ok] nairobi_query_2wqDKqSdeRPYg6X996gZ0w direction_eot seed=9012 gain=0.607 max|d|=9.71 (projection 16)
[ok] nairobi_query_2wqDKqSdeRPYg6X996gZ0w isotropic seed=9012 gain=3.959 max|d|=17.87 (no projection)
[ok] toronto_query_-FohtR51AFcyGSLgiTdXzw direction seed=5678 gain=0.746 max|d|=11.93 (projection 16)
[ok] toronto_query_-FohtR51AFcyGSLgiTdXzw direction_eot seed=5678 gain=0.626 max|d|=10.02 (projection 16)
[ok] toronto_query_-FohtR51AFcyGSLgiTdXzw isotropic seed=5678 gain=4.149 max|d|=19.27 (no projection)
[ok] toronto_query_-FohtR51AFcyGSLgiTdXzw direction seed=9012 gain=0.768 max|d|=12.29 (projection 16)
[ok] toronto_query_-FohtR51AFcyGSLgiTdXzw direction_eot seed=9012 gain=0.626 max|d|=10.01 (projection 16)
[ok] toronto_query_-FohtR51AFcyGSLgiTdXzw isotropic seed=9012 gain=4.145 max|d|=18.64 (no projection)
[ok] zurich_query_0I7IdNKcKWGXL-wmkUdx2A direction seed=5678 gain=0.698 max|d|=11.17 (projection 16)
[ok] zurich_query_0I7IdNKcKWGXL-wmkUdx2A direction_eot seed=5678 gain=0.588 max|d|=9.42 (projection 16)
[ok] zurich_query_0I7IdNKcKWGXL-wmkUdx2A isotropic seed=5678 gain=3.987 max|d|=19.19 (no projection)
[ok] zurich_query_0I7IdNKcKWGXL-wmkUdx2A direction seed=9012 gain=0.708 max|d|=11.33 (projection 16)
[ok] zurich_query_0I7IdNKcKWGXL-wmkUdx2A direction_eot seed=9012 gain=0.583 max|d|=9.33 (projection 16)
[ok] zurich_query_0I7IdNKcKWGXL-wmkUdx2A isotropic seed=9012 gain=3.998 max|d|=18.84 (no projection)
[ok] amman_query_1n6vx0uExn56MfvA6toRJw direction seed=5678 gain=0.821 max|d|=13.14 (projection 16)
[ok] amman_query_1n6vx0uExn56MfvA6toRJw direction_eot seed=5678 gain=0.667 max|d|=10.67 (projection 16)
[ok] amman_query_1n6vx0uExn56MfvA6toRJw isotropic seed=5678 gain=3.961 max|d|=16.51 (no projection)
[ok] amman_query_1n6vx0uExn56MfvA6toRJw direction seed=9012 gain=0.817 max|d|=13.08 (projection 16)
[ok] amman_query_1n6vx0uExn56MfvA6toRJw direction_eot seed=9012 gain=0.664 max|d|=10.62 (projection 16)
[ok] amman_query_1n6vx0uExn56MfvA6toRJw isotropic seed=9012 gain=3.969 max|d|=18.85 (no projection)
[ok] boston_query_-OEJzVyBJiypLsHkeOqxKn direction seed=5678 gain=0.825 max|d|=13.20 (projection 16)
[ok] boston_query_-OEJzVyBJiypLsHkeOqxKn direction_eot seed=5678 gain=0.618 max|d|=9.89 (projection 16)
[ok] boston_query_-OEJzVyBJiypLsHkeOqxKn isotropic seed=5678 gain=3.975 max|d|=19.61 (no projection)
[ok] boston_query_-OEJzVyBJiypLsHkeOqxKn direction seed=9012 gain=0.832 max|d|=13.31 (projection 16)
[ok] boston_query_-OEJzVyBJiypLsHkeOqxKn direction_eot seed=9012 gain=0.606 max|d|=9.70 (projection 16)
[ok] boston_query_-OEJzVyBJiypLsHkeOqxKn isotropic seed=9012 gain=3.962 max|d|=19.20 (no projection)
[ok] cph_query_-Mwdj8AXbTR5wrPmQKRbhQ direction seed=5678 gain=0.763 max|d|=12.21 (projection 16)
[ok] cph_query_-Mwdj8AXbTR5wrPmQKRbhQ direction_eot seed=5678 gain=0.612 max|d|=9.80 (projection 16)
[ok] cph_query_-Mwdj8AXbTR5wrPmQKRbhQ isotropic seed=5678 gain=3.960 max|d|=17.35 (no projection)
[ok] cph_query_-Mwdj8AXbTR5wrPmQKRbhQ direction seed=9012 gain=0.760 max|d|=12.15 (projection 16)
[ok] cph_query_-Mwdj8AXbTR5wrPmQKRbhQ direction_eot seed=9012 gain=0.603 max|d|=9.65 (projection 16)
[ok] cph_query_-Mwdj8AXbTR5wrPmQKRbhQ isotropic seed=9012 gain=3.956 max|d|=17.52 (no projection)
[ok] london_query_-wX-mY4F2ewX9tlr1_JTbw direction seed=5678 gain=0.701 max|d|=11.22 (projection 16)
[ok] london_query_-wX-mY4F2ewX9tlr1_JTbw direction_eot seed=5678 gain=0.569 max|d|=9.10 (projection 16)
[ok] london_query_-wX-mY4F2ewX9tlr1_JTbw isotropic seed=5678 gain=3.967 max|d|=19.41 (no projection)
[ok] london_query_-wX-mY4F2ewX9tlr1_JTbw direction seed=9012 gain=0.710 max|d|=11.36 (projection 16)
[ok] london_query_-wX-mY4F2ewX9tlr1_JTbw direction_eot seed=9012 gain=0.567 max|d|=9.07 (projection 16)
[ok] london_query_-wX-mY4F2ewX9tlr1_JTbw isotropic seed=9012 gain=3.968 max|d|=17.91 (no projection)
[ok] manila_query_-SSrBkppXcUPQnmvRyEZaA direction seed=5678 gain=0.708 max|d|=11.32 (projection 16)
[ok] manila_query_-SSrBkppXcUPQnmvRyEZaA direction_eot seed=5678 gain=0.577 max|d|=9.23 (projection 16)
[ok] manila_query_-SSrBkppXcUPQnmvRyEZaA isotropic seed=5678 gain=3.989 max|d|=17.47 (no projection)
[ok] manila_query_-SSrBkppXcUPQnmvRyEZaA direction seed=9012 gain=0.705 max|d|=11.28 (projection 16)
[ok] manila_query_-SSrBkppXcUPQnmvRyEZaA direction_eot seed=9012 gain=0.576 max|d|=9.22 (projection 16)
[ok] manila_query_-SSrBkppXcUPQnmvRyEZaA isotropic seed=9012 gain=3.986 max|d|=18.08 (no projection)
[ok] nairobi_query_32eRlu6tx-Q_LzhBd8iTQA direction seed=5678 gain=0.820 max|d|=13.12 (projection 16)
[ok] nairobi_query_32eRlu6tx-Q_LzhBd8iTQA direction_eot seed=5678 gain=0.626 max|d|=10.01 (projection 16)
[ok] nairobi_query_32eRlu6tx-Q_LzhBd8iTQA isotropic seed=5678 gain=3.966 max|d|=18.56 (no projection)
[ok] nairobi_query_32eRlu6tx-Q_LzhBd8iTQA direction seed=9012 gain=0.833 max|d|=13.33 (projection 16)
[ok] nairobi_query_32eRlu6tx-Q_LzhBd8iTQA direction_eot seed=9012 gain=0.635 max|d|=10.15 (projection 16)
[ok] nairobi_query_32eRlu6tx-Q_LzhBd8iTQA isotropic seed=9012 gain=3.961 max|d|=16.95 (no projection)
[ok] toronto_query_-HBbI6fcMz-R3CyduFEoDg direction seed=5678 gain=0.821 max|d|=13.13 (projection 16)
[ok] toronto_query_-HBbI6fcMz-R3CyduFEoDg direction_eot seed=5678 gain=0.656 max|d|=10.50 (projection 16)
[ok] toronto_query_-HBbI6fcMz-R3CyduFEoDg isotropic seed=5678 gain=3.953 max|d|=17.18 (no projection)
[ok] toronto_query_-HBbI6fcMz-R3CyduFEoDg direction seed=9012 gain=0.837 max|d|=13.39 (projection 16)
[ok] toronto_query_-HBbI6fcMz-R3CyduFEoDg direction_eot seed=9012 gain=0.612 max|d|=9.79 (projection 16)
[ok] toronto_query_-HBbI6fcMz-R3CyduFEoDg isotropic seed=9012 gain=3.974 max|d|=19.18 (no projection)
[ok] zurich_query_0IZVsW_UPLzI_vUm51hEMQ direction seed=5678 gain=0.781 max|d|=12.50 (projection 16)
[ok] zurich_query_0IZVsW_UPLzI_vUm51hEMQ direction_eot seed=5678 gain=0.586 max|d|=9.38 (projection 16)
[ok] zurich_query_0IZVsW_UPLzI_vUm51hEMQ isotropic seed=5678 gain=3.993 max|d|=19.55 (no projection)
[ok] zurich_query_0IZVsW_UPLzI_vUm51hEMQ direction seed=9012 gain=0.770 max|d|=12.33 (projection 16)
[ok] zurich_query_0IZVsW_UPLzI_vUm51hEMQ direction_eot seed=9012 gain=0.602 max|d|=9.63 (projection 16)
[ok] zurich_query_0IZVsW_UPLzI_vUm51hEMQ isotropic seed=9012 gain=3.990 max|d|=20.67 (no projection)
[ok] amman_query_1qMrYvXqBvZDS0XUd5cEtg direction seed=5678 gain=0.754 max|d|=12.06 (projection 16)
[ok] amman_query_1qMrYvXqBvZDS0XUd5cEtg direction_eot seed=5678 gain=0.604 max|d|=9.67 (projection 16)
[ok] amman_query_1qMrYvXqBvZDS0XUd5cEtg isotropic seed=5678 gain=3.968 max|d|=17.52 (no projection)
[ok] amman_query_1qMrYvXqBvZDS0XUd5cEtg direction seed=9012 gain=0.751 max|d|=12.01 (projection 16)
[ok] amman_query_1qMrYvXqBvZDS0XUd5cEtg direction_eot seed=9012 gain=0.623 max|d|=9.96 (projection 16)
[ok] amman_query_1qMrYvXqBvZDS0XUd5cEtg isotropic seed=9012 gain=3.962 max|d|=20.21 (no projection)
[ok] boston_query_-OlQhKn0bS9eZTkeJL6ovw direction seed=5678 gain=0.721 max|d|=11.53 (projection 16)
[ok] boston_query_-OlQhKn0bS9eZTkeJL6ovw direction_eot seed=5678 gain=0.593 max|d|=9.49 (projection 16)
[ok] boston_query_-OlQhKn0bS9eZTkeJL6ovw isotropic seed=5678 gain=4.018 max|d|=20.95 (no projection)
[ok] boston_query_-OlQhKn0bS9eZTkeJL6ovw direction seed=9012 gain=0.730 max|d|=11.68 (projection 16)
[ok] boston_query_-OlQhKn0bS9eZTkeJL6ovw direction_eot seed=9012 gain=0.586 max|d|=9.38 (projection 16)
[ok] boston_query_-OlQhKn0bS9eZTkeJL6ovw isotropic seed=9012 gain=3.953 max|d|=19.09 (no projection)
[ok] cph_query_-N9mbKdWcHyUUsU1379EgA direction seed=5678 gain=0.768 max|d|=12.29 (projection 16)
[ok] cph_query_-N9mbKdWcHyUUsU1379EgA direction_eot seed=5678 gain=0.645 max|d|=10.31 (projection 16)
[ok] cph_query_-N9mbKdWcHyUUsU1379EgA isotropic seed=5678 gain=4.242 max|d|=19.47 (no projection)
[ok] cph_query_-N9mbKdWcHyUUsU1379EgA direction seed=9012 gain=0.776 max|d|=12.42 (projection 16)
[ok] cph_query_-N9mbKdWcHyUUsU1379EgA direction_eot seed=9012 gain=0.653 max|d|=10.45 (projection 16)
[ok] cph_query_-N9mbKdWcHyUUsU1379EgA isotropic seed=9012 gain=4.248 max|d|=18.30 (no projection)
[ok] london_query_02vfV_A3zc1S9Akd07xuEA direction seed=5678 gain=0.702 max|d|=11.23 (projection 16)
[ok] london_query_02vfV_A3zc1S9Akd07xuEA direction_eot seed=5678 gain=0.551 max|d|=8.82 (projection 16)
[ok] london_query_02vfV_A3zc1S9Akd07xuEA isotropic seed=5678 gain=4.024 max|d|=18.30 (no projection)
[ok] london_query_02vfV_A3zc1S9Akd07xuEA direction seed=9012 gain=0.703 max|d|=11.25 (projection 16)
[ok] london_query_02vfV_A3zc1S9Akd07xuEA direction_eot seed=9012 gain=0.543 max|d|=8.69 (projection 16)
[ok] london_query_02vfV_A3zc1S9Akd07xuEA isotropic seed=9012 gain=4.030 max|d|=20.98 (no projection)
[ok] manila_query_-Tmeby1UCsrkKNvVnN7L5g direction seed=5678 gain=0.759 max|d|=12.15 (projection 16)
[ok] manila_query_-Tmeby1UCsrkKNvVnN7L5g direction_eot seed=5678 gain=0.593 max|d|=9.49 (projection 16)
[ok] manila_query_-Tmeby1UCsrkKNvVnN7L5g isotropic seed=5678 gain=4.054 max|d|=18.06 (no projection)
[ok] manila_query_-Tmeby1UCsrkKNvVnN7L5g direction seed=9012 gain=0.760 max|d|=12.17 (projection 16)
[ok] manila_query_-Tmeby1UCsrkKNvVnN7L5g direction_eot seed=9012 gain=0.592 max|d|=9.47 (projection 16)
[ok] manila_query_-Tmeby1UCsrkKNvVnN7L5g isotropic seed=9012 gain=4.047 max|d|=19.71 (no projection)
[ok] nairobi_query_37RDt83nGFaZl6CPpzqlTw direction seed=5678 gain=0.811 max|d|=12.98 (projection 16)
[ok] nairobi_query_37RDt83nGFaZl6CPpzqlTw direction_eot seed=5678 gain=0.652 max|d|=10.43 (projection 16)
[ok] nairobi_query_37RDt83nGFaZl6CPpzqlTw isotropic seed=5678 gain=4.057 max|d|=18.51 (no projection)
[ok] nairobi_query_37RDt83nGFaZl6CPpzqlTw direction seed=9012 gain=0.814 max|d|=13.02 (projection 16)
[ok] nairobi_query_37RDt83nGFaZl6CPpzqlTw direction_eot seed=9012 gain=0.657 max|d|=10.51 (projection 16)
[ok] nairobi_query_37RDt83nGFaZl6CPpzqlTw isotropic seed=9012 gain=4.054 max|d|=19.02 (no projection)
[ok] toronto_query_-IlXU6r8OSJejg6wnFTYMQ direction seed=5678 gain=0.817 max|d|=13.07 (projection 16)
[ok] toronto_query_-IlXU6r8OSJejg6wnFTYMQ direction_eot seed=5678 gain=0.667 max|d|=10.67 (projection 16)
[ok] toronto_query_-IlXU6r8OSJejg6wnFTYMQ isotropic seed=5678 gain=3.971 max|d|=17.71 (no projection)
[ok] toronto_query_-IlXU6r8OSJejg6wnFTYMQ direction seed=9012 gain=0.810 max|d|=12.96 (projection 16)
[ok] toronto_query_-IlXU6r8OSJejg6wnFTYMQ direction_eot seed=9012 gain=0.664 max|d|=10.62 (projection 16)
[ok] toronto_query_-IlXU6r8OSJejg6wnFTYMQ isotropic seed=9012 gain=3.968 max|d|=16.92 (no projection)
[ok] zurich_query_0Ky7pgdILHyYlzjahHNGZg direction seed=5678 gain=0.783 max|d|=12.53 (projection 16)
[ok] zurich_query_0Ky7pgdILHyYlzjahHNGZg direction_eot seed=5678 gain=0.593 max|d|=9.49 (projection 16)
[ok] zurich_query_0Ky7pgdILHyYlzjahHNGZg isotropic seed=5678 gain=4.030 max|d|=19.68 (no projection)
[ok] zurich_query_0Ky7pgdILHyYlzjahHNGZg direction seed=9012 gain=0.783 max|d|=12.53 (projection 16)
[ok] zurich_query_0Ky7pgdILHyYlzjahHNGZg direction_eot seed=9012 gain=0.606 max|d|=9.70 (projection 16)
[ok] zurich_query_0Ky7pgdILHyYlzjahHNGZg isotropic seed=9012 gain=4.016 max|d|=17.94 (no projection)
[ok] amman_query_1rZerb0T7z_1E7yKfEBCtA direction seed=5678 gain=0.784 max|d|=12.54 (projection 16)
[ok] amman_query_1rZerb0T7z_1E7yKfEBCtA direction_eot seed=5678 gain=0.633 max|d|=10.13 (projection 16)
[ok] amman_query_1rZerb0T7z_1E7yKfEBCtA isotropic seed=5678 gain=3.967 max|d|=18.26 (no projection)
[ok] amman_query_1rZerb0T7z_1E7yKfEBCtA direction seed=9012 gain=0.783 max|d|=12.53 (projection 16)
[ok] amman_query_1rZerb0T7z_1E7yKfEBCtA direction_eot seed=9012 gain=0.644 max|d|=10.30 (projection 16)
[ok] amman_query_1rZerb0T7z_1E7yKfEBCtA isotropic seed=9012 gain=3.973 max|d|=17.27 (no projection)
[ok] boston_query_-Phryua7d1FHhpGGfaEGcg direction seed=5678 gain=0.777 max|d|=12.43 (projection 16)
[ok] boston_query_-Phryua7d1FHhpGGfaEGcg direction_eot seed=5678 gain=0.633 max|d|=10.12 (projection 16)
[ok] boston_query_-Phryua7d1FHhpGGfaEGcg isotropic seed=5678 gain=3.623 max|d|=17.65 (no projection)
[ok] boston_query_-Phryua7d1FHhpGGfaEGcg direction seed=9012 gain=0.782 max|d|=12.50 (projection 16)
[ok] boston_query_-Phryua7d1FHhpGGfaEGcg direction_eot seed=9012 gain=0.638 max|d|=10.20 (projection 16)
[ok] boston_query_-Phryua7d1FHhpGGfaEGcg isotropic seed=9012 gain=3.985 max|d|=18.88 (no projection)
[ok] cph_query_-PRZAb6qxjSdDqzgOekgbg direction seed=5678 gain=0.726 max|d|=11.61 (projection 16)
[ok] cph_query_-PRZAb6qxjSdDqzgOekgbg direction_eot seed=5678 gain=0.592 max|d|=9.47 (projection 16)
[ok] cph_query_-PRZAb6qxjSdDqzgOekgbg isotropic seed=5678 gain=3.968 max|d|=17.36 (no projection)
[ok] cph_query_-PRZAb6qxjSdDqzgOekgbg direction seed=9012 gain=0.723 max|d|=11.56 (projection 16)
[ok] cph_query_-PRZAb6qxjSdDqzgOekgbg direction_eot seed=9012 gain=0.590 max|d|=9.44 (projection 16)
[ok] cph_query_-PRZAb6qxjSdDqzgOekgbg isotropic seed=9012 gain=3.975 max|d|=17.69 (no projection)
[ok] london_query_039iugtZTFguj-7UQyc-wg direction seed=5678 gain=0.782 max|d|=12.51 (projection 16)
[ok] london_query_039iugtZTFguj-7UQyc-wg direction_eot seed=5678 gain=0.637 max|d|=10.19 (projection 16)
[ok] london_query_039iugtZTFguj-7UQyc-wg isotropic seed=5678 gain=4.255 max|d|=18.38 (no projection)
[ok] london_query_039iugtZTFguj-7UQyc-wg direction seed=9012 gain=0.784 max|d|=12.55 (projection 16)
[ok] london_query_039iugtZTFguj-7UQyc-wg direction_eot seed=9012 gain=0.619 max|d|=9.90 (projection 16)
[ok] london_query_039iugtZTFguj-7UQyc-wg isotropic seed=9012 gain=4.282 max|d|=22.76 (no projection)
[ok] manila_query_-TrGJy3CeaXApOffGndlqg direction seed=5678 gain=0.741 max|d|=11.86 (projection 16)
[ok] manila_query_-TrGJy3CeaXApOffGndlqg direction_eot seed=5678 gain=0.598 max|d|=9.57 (projection 16)
[ok] manila_query_-TrGJy3CeaXApOffGndlqg isotropic seed=5678 gain=4.018 max|d|=18.75 (no projection)
[ok] manila_query_-TrGJy3CeaXApOffGndlqg direction seed=9012 gain=0.744 max|d|=11.91 (projection 16)
[ok] manila_query_-TrGJy3CeaXApOffGndlqg direction_eot seed=9012 gain=0.600 max|d|=9.59 (projection 16)
[ok] manila_query_-TrGJy3CeaXApOffGndlqg isotropic seed=9012 gain=4.014 max|d|=20.94 (no projection)
[ok] nairobi_query_38y5DGnb1BCdL2r_1MWELg direction seed=5678 gain=0.832 max|d|=13.31 (projection 16)
[ok] nairobi_query_38y5DGnb1BCdL2r_1MWELg direction_eot seed=5678 gain=0.647 max|d|=10.35 (projection 16)
[ok] nairobi_query_38y5DGnb1BCdL2r_1MWELg isotropic seed=5678 gain=4.029 max|d|=20.00 (no projection)
[ok] nairobi_query_38y5DGnb1BCdL2r_1MWELg direction seed=9012 gain=0.836 max|d|=13.37 (projection 16)
[ok] nairobi_query_38y5DGnb1BCdL2r_1MWELg direction_eot seed=9012 gain=0.661 max|d|=10.58 (projection 16)
[ok] nairobi_query_38y5DGnb1BCdL2r_1MWELg isotropic seed=9012 gain=4.022 max|d|=19.35 (no projection)
[ok] toronto_query_-Iyv6ydukEfueu-CphPhwg direction seed=5678 gain=0.745 max|d|=11.92 (projection 16)
[ok] toronto_query_-Iyv6ydukEfueu-CphPhwg direction_eot seed=5678 gain=0.603 max|d|=9.65 (projection 16)
[ok] toronto_query_-Iyv6ydukEfueu-CphPhwg isotropic seed=5678 gain=4.135 max|d|=19.48 (no projection)
[ok] toronto_query_-Iyv6ydukEfueu-CphPhwg direction seed=9012 gain=0.748 max|d|=11.97 (projection 16)
[ok] toronto_query_-Iyv6ydukEfueu-CphPhwg direction_eot seed=9012 gain=0.613 max|d|=9.81 (projection 16)
[ok] toronto_query_-Iyv6ydukEfueu-CphPhwg isotropic seed=9012 gain=4.140 max|d|=19.39 (no projection)
[ok] zurich_query_0PrObi7NiUNPMe7_RDu2Ng direction seed=5678 gain=0.777 max|d|=12.42 (projection 16)
[ok] zurich_query_0PrObi7NiUNPMe7_RDu2Ng direction_eot seed=5678 gain=0.606 max|d|=9.70 (projection 16)
[ok] zurich_query_0PrObi7NiUNPMe7_RDu2Ng isotropic seed=5678 gain=3.969 max|d|=18.17 (no projection)
[ok] zurich_query_0PrObi7NiUNPMe7_RDu2Ng direction seed=9012 gain=0.767 max|d|=12.27 (projection 16)
[ok] zurich_query_0PrObi7NiUNPMe7_RDu2Ng direction_eot seed=9012 gain=0.620 max|d|=9.92 (projection 16)
[ok] zurich_query_0PrObi7NiUNPMe7_RDu2Ng isotropic seed=9012 gain=3.962 max|d|=17.76 (no projection)
[ok] amman_query_1uJbVMOMqlPVx4GYc2BgOA direction seed=5678 gain=0.812 max|d|=12.99 (projection 16)
[ok] amman_query_1uJbVMOMqlPVx4GYc2BgOA direction_eot seed=5678 gain=0.676 max|d|=10.82 (projection 16)
[ok] amman_query_1uJbVMOMqlPVx4GYc2BgOA isotropic seed=5678 gain=3.952 max|d|=18.49 (no projection)
[ok] amman_query_1uJbVMOMqlPVx4GYc2BgOA direction seed=9012 gain=0.808 max|d|=12.93 (projection 16)
[ok] amman_query_1uJbVMOMqlPVx4GYc2BgOA direction_eot seed=9012 gain=0.655 max|d|=10.48 (projection 16)
[ok] amman_query_1uJbVMOMqlPVx4GYc2BgOA isotropic seed=9012 gain=3.953 max|d|=18.45 (no projection)
[ok] boston_query_-Ptt76cqL8Ath-qW7aRUQw direction seed=5678 gain=0.846 max|d|=13.53 (projection 16)
[ok] boston_query_-Ptt76cqL8Ath-qW7aRUQw direction_eot seed=5678 gain=0.668 max|d|=10.69 (projection 16)
[ok] boston_query_-Ptt76cqL8Ath-qW7aRUQw isotropic seed=5678 gain=3.963 max|d|=18.06 (no projection)
[ok] boston_query_-Ptt76cqL8Ath-qW7aRUQw direction seed=9012 gain=0.846 max|d|=13.54 (projection 16)
[ok] boston_query_-Ptt76cqL8Ath-qW7aRUQw direction_eot seed=9012 gain=0.680 max|d|=10.87 (projection 16)
[ok] boston_query_-Ptt76cqL8Ath-qW7aRUQw isotropic seed=9012 gain=3.953 max|d|=19.02 (no projection)
[ok] cph_query_-Q4-mvnV6y-0yK62OXn-1w direction seed=5678 gain=0.807 max|d|=12.91 (projection 16)
[ok] cph_query_-Q4-mvnV6y-0yK62OXn-1w direction_eot seed=5678 gain=0.645 max|d|=10.31 (projection 16)
[ok] cph_query_-Q4-mvnV6y-0yK62OXn-1w isotropic seed=5678 gain=3.973 max|d|=18.50 (no projection)
[ok] cph_query_-Q4-mvnV6y-0yK62OXn-1w direction seed=9012 gain=0.814 max|d|=13.02 (projection 16)
[ok] cph_query_-Q4-mvnV6y-0yK62OXn-1w direction_eot seed=9012 gain=0.667 max|d|=10.67 (projection 16)
[ok] cph_query_-Q4-mvnV6y-0yK62OXn-1w isotropic seed=9012 gain=3.959 max|d|=18.88 (no projection)
[ok] london_query_03BhnvDRczArNBQm0Qu0tQ direction seed=5678 gain=0.774 max|d|=12.38 (projection 16)
[ok] london_query_03BhnvDRczArNBQm0Qu0tQ direction_eot seed=5678 gain=0.642 max|d|=10.28 (projection 16)
[ok] london_query_03BhnvDRczArNBQm0Qu0tQ isotropic seed=5678 gain=3.986 max|d|=19.09 (no projection)
[ok] london_query_03BhnvDRczArNBQm0Qu0tQ direction seed=9012 gain=0.771 max|d|=12.34 (projection 16)
[ok] london_query_03BhnvDRczArNBQm0Qu0tQ direction_eot seed=9012 gain=0.629 max|d|=10.07 (projection 16)
[ok] london_query_03BhnvDRczArNBQm0Qu0tQ isotropic seed=9012 gain=3.674 max|d|=17.83 (no projection)
[ok] manila_query_-Tvw2ZcjPmZrmxcJ3PNHwQ direction seed=5678 gain=0.687 max|d|=10.99 (projection 16)
[ok] manila_query_-Tvw2ZcjPmZrmxcJ3PNHwQ direction_eot seed=5678 gain=0.552 max|d|=8.83 (projection 16)
[ok] manila_query_-Tvw2ZcjPmZrmxcJ3PNHwQ isotropic seed=5678 gain=3.961 max|d|=19.18 (no projection)
[ok] manila_query_-Tvw2ZcjPmZrmxcJ3PNHwQ direction seed=9012 gain=0.691 max|d|=11.05 (projection 16)
[ok] manila_query_-Tvw2ZcjPmZrmxcJ3PNHwQ direction_eot seed=9012 gain=0.567 max|d|=9.08 (projection 16)
[ok] manila_query_-Tvw2ZcjPmZrmxcJ3PNHwQ isotropic seed=9012 gain=3.972 max|d|=18.68 (no projection)
[ok] nairobi_query_3BfqchD1dC_R_VKSm6NXMQ direction seed=5678 gain=0.788 max|d|=12.62 (projection 16)
[ok] nairobi_query_3BfqchD1dC_R_VKSm6NXMQ direction_eot seed=5678 gain=0.618 max|d|=9.89 (projection 16)
[ok] nairobi_query_3BfqchD1dC_R_VKSm6NXMQ isotropic seed=5678 gain=3.960 max|d|=18.80 (no projection)
[ok] nairobi_query_3BfqchD1dC_R_VKSm6NXMQ direction seed=9012 gain=0.781 max|d|=12.50 (projection 16)
[ok] nairobi_query_3BfqchD1dC_R_VKSm6NXMQ direction_eot seed=9012 gain=0.612 max|d|=9.80 (projection 16)
[ok] nairobi_query_3BfqchD1dC_R_VKSm6NXMQ isotropic seed=9012 gain=3.947 max|d|=18.20 (no projection)
[ok] toronto_query_-J6MOLqIZtzsA-CH6ie5Cg direction seed=5678 gain=0.723 max|d|=11.57 (projection 16)
[ok] toronto_query_-J6MOLqIZtzsA-CH6ie5Cg direction_eot seed=5678 gain=0.574 max|d|=9.19 (projection 16)
[ok] toronto_query_-J6MOLqIZtzsA-CH6ie5Cg isotropic seed=5678 gain=4.004 max|d|=16.85 (no projection)
[ok] toronto_query_-J6MOLqIZtzsA-CH6ie5Cg direction seed=9012 gain=0.712 max|d|=11.39 (projection 16)
[ok] toronto_query_-J6MOLqIZtzsA-CH6ie5Cg direction_eot seed=9012 gain=0.577 max|d|=9.23 (projection 16)
[ok] toronto_query_-J6MOLqIZtzsA-CH6ie5Cg isotropic seed=9012 gain=4.003 max|d|=18.37 (no projection)
[ok] zurich_query_0Spj-pWISRRStxENII8G4A direction seed=5678 gain=0.748 max|d|=11.97 (projection 16)
[ok] zurich_query_0Spj-pWISRRStxENII8G4A direction_eot seed=5678 gain=0.573 max|d|=9.16 (projection 16)
[ok] zurich_query_0Spj-pWISRRStxENII8G4A isotropic seed=5678 gain=3.984 max|d|=17.18 (no projection)
[ok] zurich_query_0Spj-pWISRRStxENII8G4A direction seed=9012 gain=0.742 max|d|=11.87 (projection 16)
[ok] zurich_query_0Spj-pWISRRStxENII8G4A direction_eot seed=9012 gain=0.594 max|d|=9.51 (projection 16)
[ok] zurich_query_0Spj-pWISRRStxENII8G4A isotropic seed=9012 gain=3.991 max|d|=17.93 (no projection)
[ok] amman_query_23YO5CD18Cg_wG_ZhqhbQQ direction seed=5678 gain=0.848 max|d|=13.56 (projection 16)
[ok] amman_query_23YO5CD18Cg_wG_ZhqhbQQ direction_eot seed=5678 gain=0.685 max|d|=10.96 (projection 16)
[ok] amman_query_23YO5CD18Cg_wG_ZhqhbQQ isotropic seed=5678 gain=3.961 max|d|=18.76 (no projection)
[ok] amman_query_23YO5CD18Cg_wG_ZhqhbQQ direction seed=9012 gain=0.853 max|d|=13.64 (projection 16)
[ok] amman_query_23YO5CD18Cg_wG_ZhqhbQQ direction_eot seed=9012 gain=0.704 max|d|=11.27 (projection 16)
[ok] amman_query_23YO5CD18Cg_wG_ZhqhbQQ isotropic seed=9012 gain=3.972 max|d|=20.73 (no projection)
[ok] boston_query_-RyJCN_Rrfvr2l9jqadkcQ direction seed=5678 gain=0.827 max|d|=13.23 (projection 16)
[ok] boston_query_-RyJCN_Rrfvr2l9jqadkcQ direction_eot seed=5678 gain=0.679 max|d|=10.86 (projection 16)
[ok] boston_query_-RyJCN_Rrfvr2l9jqadkcQ isotropic seed=5678 gain=4.061 max|d|=18.28 (no projection)
[ok] boston_query_-RyJCN_Rrfvr2l9jqadkcQ direction seed=9012 gain=0.827 max|d|=13.23 (projection 16)
[ok] boston_query_-RyJCN_Rrfvr2l9jqadkcQ direction_eot seed=9012 gain=0.664 max|d|=10.63 (projection 16)
[ok] boston_query_-RyJCN_Rrfvr2l9jqadkcQ isotropic seed=9012 gain=4.070 max|d|=19.88 (no projection)
[ok] cph_query_-Q7samX2RjJwU9xiKFxpug direction seed=5678 gain=0.735 max|d|=11.76 (projection 16)
[ok] cph_query_-Q7samX2RjJwU9xiKFxpug direction_eot seed=5678 gain=0.584 max|d|=9.35 (projection 16)
[ok] cph_query_-Q7samX2RjJwU9xiKFxpug isotropic seed=5678 gain=3.965 max|d|=18.34 (no projection)
[ok] cph_query_-Q7samX2RjJwU9xiKFxpug direction seed=9012 gain=0.728 max|d|=11.64 (projection 16)
[ok] cph_query_-Q7samX2RjJwU9xiKFxpug direction_eot seed=9012 gain=0.582 max|d|=9.32 (projection 16)
[ok] cph_query_-Q7samX2RjJwU9xiKFxpug isotropic seed=9012 gain=3.973 max|d|=17.91 (no projection)
[ok] london_query_03VxrSUHoB-y1D50kXwi8g direction seed=5678 gain=0.765 max|d|=12.24 (projection 16)
[ok] london_query_03VxrSUHoB-y1D50kXwi8g direction_eot seed=5678 gain=0.596 max|d|=9.53 (projection 16)
[ok] london_query_03VxrSUHoB-y1D50kXwi8g isotropic seed=5678 gain=3.949 max|d|=20.50 (no projection)
[ok] london_query_03VxrSUHoB-y1D50kXwi8g direction seed=9012 gain=0.760 max|d|=12.16 (projection 16)
[ok] london_query_03VxrSUHoB-y1D50kXwi8g direction_eot seed=9012 gain=0.616 max|d|=9.85 (projection 16)
[ok] london_query_03VxrSUHoB-y1D50kXwi8g isotropic seed=9012 gain=3.951 max|d|=20.18 (no projection)
[ok] manila_query_-WlvwRIHM8K9xtN_z0FAGg direction seed=5678 gain=0.810 max|d|=12.97 (projection 16)
[ok] manila_query_-WlvwRIHM8K9xtN_z0FAGg direction_eot seed=5678 gain=0.634 max|d|=10.14 (projection 16)
[ok] manila_query_-WlvwRIHM8K9xtN_z0FAGg isotropic seed=5678 gain=3.966 max|d|=19.40 (no projection)
[ok] manila_query_-WlvwRIHM8K9xtN_z0FAGg direction seed=9012 gain=0.832 max|d|=13.31 (projection 16)
[ok] manila_query_-WlvwRIHM8K9xtN_z0FAGg direction_eot seed=9012 gain=0.641 max|d|=10.26 (projection 16)
[ok] manila_query_-WlvwRIHM8K9xtN_z0FAGg isotropic seed=9012 gain=3.970 max|d|=18.98 (no projection)
[ok] nairobi_query_3Rln3I-knaHBGe7xAH2I_Q direction seed=5678 gain=0.806 max|d|=12.89 (projection 16)
[ok] nairobi_query_3Rln3I-knaHBGe7xAH2I_Q direction_eot seed=5678 gain=0.646 max|d|=10.34 (projection 16)
[ok] nairobi_query_3Rln3I-knaHBGe7xAH2I_Q isotropic seed=5678 gain=3.959 max|d|=17.14 (no projection)
[ok] nairobi_query_3Rln3I-knaHBGe7xAH2I_Q direction seed=9012 gain=0.812 max|d|=13.00 (projection 16)
[ok] nairobi_query_3Rln3I-knaHBGe7xAH2I_Q direction_eot seed=9012 gain=0.675 max|d|=10.80 (projection 16)
[ok] nairobi_query_3Rln3I-knaHBGe7xAH2I_Q isotropic seed=9012 gain=3.964 max|d|=18.45 (no projection)
[ok] toronto_query_-JY9Ip12RNDaK_geCga4LA direction seed=5678 gain=0.755 max|d|=12.08 (projection 16)
[ok] toronto_query_-JY9Ip12RNDaK_geCga4LA direction_eot seed=5678 gain=0.603 max|d|=9.65 (projection 16)
[ok] toronto_query_-JY9Ip12RNDaK_geCga4LA isotropic seed=5678 gain=3.981 max|d|=18.44 (no projection)
[ok] toronto_query_-JY9Ip12RNDaK_geCga4LA direction seed=9012 gain=0.752 max|d|=12.04 (projection 16)
[ok] toronto_query_-JY9Ip12RNDaK_geCga4LA direction_eot seed=9012 gain=0.609 max|d|=9.75 (projection 16)
[ok] toronto_query_-JY9Ip12RNDaK_geCga4LA isotropic seed=9012 gain=3.974 max|d|=17.67 (no projection)
[ok] zurich_query_0UfO0g5oR-GfH12twjOIuw direction seed=5678 gain=0.739 max|d|=11.82 (projection 16)
[ok] zurich_query_0UfO0g5oR-GfH12twjOIuw direction_eot seed=5678 gain=0.600 max|d|=9.60 (projection 16)
[ok] zurich_query_0UfO0g5oR-GfH12twjOIuw isotropic seed=5678 gain=3.949 max|d|=17.70 (no projection)
[ok] zurich_query_0UfO0g5oR-GfH12twjOIuw direction seed=9012 gain=0.739 max|d|=11.83 (projection 16)
[ok] zurich_query_0UfO0g5oR-GfH12twjOIuw direction_eot seed=9012 gain=0.612 max|d|=9.79 (projection 16)
[ok] zurich_query_0UfO0g5oR-GfH12twjOIuw isotropic seed=9012 gain=3.969 max|d|=19.19 (no projection)
[ok] amman_query_27ZYHE_-tdmKbq7gUW9ECA direction seed=5678 gain=0.794 max|d|=12.71 (projection 16)
[ok] amman_query_27ZYHE_-tdmKbq7gUW9ECA direction_eot seed=5678 gain=0.661 max|d|=10.58 (projection 16)
[ok] amman_query_27ZYHE_-tdmKbq7gUW9ECA isotropic seed=5678 gain=3.962 max|d|=17.41 (no projection)
[ok] amman_query_27ZYHE_-tdmKbq7gUW9ECA direction seed=9012 gain=0.787 max|d|=12.60 (projection 16)
[ok] amman_query_27ZYHE_-tdmKbq7gUW9ECA direction_eot seed=9012 gain=0.637 max|d|=10.20 (projection 16)
[ok] amman_query_27ZYHE_-tdmKbq7gUW9ECA isotropic seed=9012 gain=3.969 max|d|=17.85 (no projection)
[ok] boston_query_-TMAMMmIqQ4AQA3YI-YOHg direction seed=5678 gain=0.797 max|d|=12.75 (projection 16)
[ok] boston_query_-TMAMMmIqQ4AQA3YI-YOHg direction_eot seed=5678 gain=0.622 max|d|=9.95 (projection 16)
[ok] boston_query_-TMAMMmIqQ4AQA3YI-YOHg isotropic seed=5678 gain=3.961 max|d|=19.82 (no projection)
[ok] boston_query_-TMAMMmIqQ4AQA3YI-YOHg direction seed=9012 gain=0.800 max|d|=12.80 (projection 16)
[ok] boston_query_-TMAMMmIqQ4AQA3YI-YOHg direction_eot seed=9012 gain=0.630 max|d|=10.08 (projection 16)
[ok] boston_query_-TMAMMmIqQ4AQA3YI-YOHg isotropic seed=9012 gain=3.960 max|d|=17.23 (no projection)
[ok] cph_query_-R9cTkYMNbXlglFeWCXtMg direction seed=5678 gain=0.844 max|d|=13.51 (projection 16)
[ok] cph_query_-R9cTkYMNbXlglFeWCXtMg direction_eot seed=5678 gain=0.658 max|d|=10.53 (projection 16)
[ok] cph_query_-R9cTkYMNbXlglFeWCXtMg isotropic seed=5678 gain=3.981 max|d|=18.45 (no projection)
[ok] cph_query_-R9cTkYMNbXlglFeWCXtMg direction seed=9012 gain=0.836 max|d|=13.38 (projection 16)
[ok] cph_query_-R9cTkYMNbXlglFeWCXtMg direction_eot seed=9012 gain=0.677 max|d|=10.83 (projection 16)
[ok] cph_query_-R9cTkYMNbXlglFeWCXtMg isotropic seed=9012 gain=3.976 max|d|=17.71 (no projection)
[ok] london_query_06tRsqVA7nx5PgabbPdu4w direction seed=5678 gain=0.720 max|d|=11.52 (projection 16)
[ok] london_query_06tRsqVA7nx5PgabbPdu4w direction_eot seed=5678 gain=0.597 max|d|=9.55 (projection 16)
[ok] london_query_06tRsqVA7nx5PgabbPdu4w isotropic seed=5678 gain=3.998 max|d|=18.96 (no projection)
[ok] london_query_06tRsqVA7nx5PgabbPdu4w direction seed=9012 gain=0.745 max|d|=11.92 (projection 16)
[ok] london_query_06tRsqVA7nx5PgabbPdu4w direction_eot seed=9012 gain=0.591 max|d|=9.45 (projection 16)
[ok] london_query_06tRsqVA7nx5PgabbPdu4w isotropic seed=9012 gain=4.010 max|d|=18.26 (no projection)
[ok] manila_query_-WuLHZxOTWuUgVSb36RTng direction seed=5678 gain=0.740 max|d|=11.85 (projection 16)
[ok] manila_query_-WuLHZxOTWuUgVSb36RTng direction_eot seed=5678 gain=0.603 max|d|=9.65 (projection 16)
[ok] manila_query_-WuLHZxOTWuUgVSb36RTng isotropic seed=5678 gain=3.967 max|d|=18.79 (no projection)
[ok] manila_query_-WuLHZxOTWuUgVSb36RTng direction seed=9012 gain=0.741 max|d|=11.85 (projection 16)
[ok] manila_query_-WuLHZxOTWuUgVSb36RTng direction_eot seed=9012 gain=0.607 max|d|=9.72 (projection 16)
[ok] manila_query_-WuLHZxOTWuUgVSb36RTng isotropic seed=9012 gain=3.967 max|d|=18.11 (no projection)
[ok] nairobi_query_3Thql5xEy0LYu4bdux1icw direction seed=5678 gain=0.820 max|d|=13.12 (projection 16)
[ok] nairobi_query_3Thql5xEy0LYu4bdux1icw direction_eot seed=5678 gain=0.627 max|d|=10.03 (projection 16)
[ok] nairobi_query_3Thql5xEy0LYu4bdux1icw isotropic seed=5678 gain=3.964 max|d|=18.20 (no projection)
[ok] nairobi_query_3Thql5xEy0LYu4bdux1icw direction seed=9012 gain=0.807 max|d|=12.91 (projection 16)
[ok] nairobi_query_3Thql5xEy0LYu4bdux1icw direction_eot seed=9012 gain=0.635 max|d|=10.16 (projection 16)
[ok] nairobi_query_3Thql5xEy0LYu4bdux1icw isotropic seed=9012 gain=3.964 max|d|=18.88 (no projection)
[ok] toronto_query_-K6Ci0V3ZYp50_DrMghntA direction seed=5678 gain=0.657 max|d|=10.51 (projection 16)
[ok] toronto_query_-K6Ci0V3ZYp50_DrMghntA direction_eot seed=5678 gain=0.538 max|d|=8.61 (projection 16)
[ok] toronto_query_-K6Ci0V3ZYp50_DrMghntA isotropic seed=5678 gain=3.993 max|d|=19.65 (no projection)
[ok] toronto_query_-K6Ci0V3ZYp50_DrMghntA direction seed=9012 gain=0.658 max|d|=10.53 (projection 16)
[ok] toronto_query_-K6Ci0V3ZYp50_DrMghntA direction_eot seed=9012 gain=0.535 max|d|=8.57 (projection 16)
[ok] toronto_query_-K6Ci0V3ZYp50_DrMghntA isotropic seed=9012 gain=3.997 max|d|=17.57 (no projection)
[ok] zurich_query_0W_6dskxdNPlCJnX9EhmZA direction seed=5678 gain=0.761 max|d|=12.17 (projection 16)
[ok] zurich_query_0W_6dskxdNPlCJnX9EhmZA direction_eot seed=5678 gain=0.622 max|d|=9.95 (projection 16)
[ok] zurich_query_0W_6dskxdNPlCJnX9EhmZA isotropic seed=5678 gain=3.973 max|d|=16.95 (no projection)
[ok] zurich_query_0W_6dskxdNPlCJnX9EhmZA direction seed=9012 gain=0.771 max|d|=12.33 (projection 16)
[ok] zurich_query_0W_6dskxdNPlCJnX9EhmZA direction_eot seed=9012 gain=0.620 max|d|=9.92 (projection 16)
[ok] zurich_query_0W_6dskxdNPlCJnX9EhmZA isotropic seed=9012 gain=3.966 max|d|=17.99 (no projection)
[ok] amman_query_29zY5U3MUbO3wTjTTKF93w direction seed=5678 gain=0.718 max|d|=11.49 (projection 16)
[ok] amman_query_29zY5U3MUbO3wTjTTKF93w direction_eot seed=5678 gain=0.607 max|d|=9.71 (projection 16)
[ok] amman_query_29zY5U3MUbO3wTjTTKF93w isotropic seed=5678 gain=3.964 max|d|=17.31 (no projection)
[ok] amman_query_29zY5U3MUbO3wTjTTKF93w direction seed=9012 gain=0.720 max|d|=11.51 (projection 16)
[ok] amman_query_29zY5U3MUbO3wTjTTKF93w direction_eot seed=9012 gain=0.595 max|d|=9.52 (projection 16)
[ok] amman_query_29zY5U3MUbO3wTjTTKF93w isotropic seed=9012 gain=3.969 max|d|=19.89 (no projection)
[ok] boston_query_-U0JJudMztDrvqfppyEl9A direction seed=5678 gain=0.828 max|d|=13.24 (projection 16)
[ok] boston_query_-U0JJudMztDrvqfppyEl9A direction_eot seed=5678 gain=0.684 max|d|=10.95 (projection 16)
[ok] boston_query_-U0JJudMztDrvqfppyEl9A isotropic seed=5678 gain=3.994 max|d|=19.17 (no projection)
[ok] boston_query_-U0JJudMztDrvqfppyEl9A direction seed=9012 gain=0.816 max|d|=13.05 (projection 16)
[ok] boston_query_-U0JJudMztDrvqfppyEl9A direction_eot seed=9012 gain=0.689 max|d|=11.02 (projection 16)
[ok] boston_query_-U0JJudMztDrvqfppyEl9A isotropic seed=9012 gain=3.815 max|d|=17.99 (no projection)
[ok] cph_query_-To5emQUYvNlwdgB1hEVfQ direction seed=5678 gain=0.807 max|d|=12.92 (projection 16)
[ok] cph_query_-To5emQUYvNlwdgB1hEVfQ direction_eot seed=5678 gain=0.622 max|d|=9.95 (projection 16)
[ok] cph_query_-To5emQUYvNlwdgB1hEVfQ isotropic seed=5678 gain=3.961 max|d|=19.38 (no projection)
[ok] cph_query_-To5emQUYvNlwdgB1hEVfQ direction seed=9012 gain=0.805 max|d|=12.89 (projection 16)
[ok] cph_query_-To5emQUYvNlwdgB1hEVfQ direction_eot seed=9012 gain=0.632 max|d|=10.12 (projection 16)
[ok] cph_query_-To5emQUYvNlwdgB1hEVfQ isotropic seed=9012 gain=3.964 max|d|=18.96 (no projection)
[ok] london_query_07Mt7j9hZm17z2pXB3QAXA direction seed=5678 gain=0.785 max|d|=12.56 (projection 16)
[ok] london_query_07Mt7j9hZm17z2pXB3QAXA direction_eot seed=5678 gain=0.628 max|d|=10.05 (projection 16)
[ok] london_query_07Mt7j9hZm17z2pXB3QAXA isotropic seed=5678 gain=3.998 max|d|=17.20 (no projection)
[ok] london_query_07Mt7j9hZm17z2pXB3QAXA direction seed=9012 gain=0.797 max|d|=12.75 (projection 16)
[ok] london_query_07Mt7j9hZm17z2pXB3QAXA direction_eot seed=9012 gain=0.633 max|d|=10.13 (projection 16)
[ok] london_query_07Mt7j9hZm17z2pXB3QAXA isotropic seed=9012 gain=4.012 max|d|=18.48 (no projection)
[ok] manila_query_-YADzGuflGFk0TrwgbgGQA direction seed=5678 gain=0.790 max|d|=12.65 (projection 16)
[ok] manila_query_-YADzGuflGFk0TrwgbgGQA direction_eot seed=5678 gain=0.636 max|d|=10.17 (projection 16)
[ok] manila_query_-YADzGuflGFk0TrwgbgGQA isotropic seed=5678 gain=3.979 max|d|=17.57 (no projection)
[ok] manila_query_-YADzGuflGFk0TrwgbgGQA direction seed=9012 gain=0.803 max|d|=12.85 (projection 16)
[ok] manila_query_-YADzGuflGFk0TrwgbgGQA direction_eot seed=9012 gain=0.637 max|d|=10.19 (projection 16)
[ok] manila_query_-YADzGuflGFk0TrwgbgGQA isotropic seed=9012 gain=3.994 max|d|=17.34 (no projection)
[ok] nairobi_query_3VEngLiRuIRlzTCHOPvAqA direction seed=5678 gain=0.838 max|d|=13.41 (projection 16)
[ok] nairobi_query_3VEngLiRuIRlzTCHOPvAqA direction_eot seed=5678 gain=0.666 max|d|=10.66 (projection 16)
[ok] nairobi_query_3VEngLiRuIRlzTCHOPvAqA isotropic seed=5678 gain=4.029 max|d|=20.36 (no projection)
[ok] nairobi_query_3VEngLiRuIRlzTCHOPvAqA direction seed=9012 gain=0.838 max|d|=13.41 (projection 16)
[ok] nairobi_query_3VEngLiRuIRlzTCHOPvAqA direction_eot seed=9012 gain=0.650 max|d|=10.41 (projection 16)
[ok] nairobi_query_3VEngLiRuIRlzTCHOPvAqA isotropic seed=9012 gain=4.014 max|d|=20.06 (no projection)
[ok] toronto_query_-KU5g574x3Cah05LVtG_Pw direction seed=5678 gain=0.776 max|d|=12.42 (projection 16)
[ok] toronto_query_-KU5g574x3Cah05LVtG_Pw direction_eot seed=5678 gain=0.627 max|d|=10.03 (projection 16)
[ok] toronto_query_-KU5g574x3Cah05LVtG_Pw isotropic seed=5678 gain=3.969 max|d|=18.76 (no projection)
[ok] toronto_query_-KU5g574x3Cah05LVtG_Pw direction seed=9012 gain=0.761 max|d|=12.18 (projection 16)
[ok] toronto_query_-KU5g574x3Cah05LVtG_Pw direction_eot seed=9012 gain=0.608 max|d|=9.74 (projection 16)
[ok] toronto_query_-KU5g574x3Cah05LVtG_Pw isotropic seed=9012 gain=3.962 max|d|=17.39 (no projection)
[ok] zurich_query_0YqWIRNZbPyTmppf5ZjyMw direction seed=5678 gain=0.782 max|d|=12.52 (projection 16)
[ok] zurich_query_0YqWIRNZbPyTmppf5ZjyMw direction_eot seed=5678 gain=0.619 max|d|=9.90 (projection 16)
[ok] zurich_query_0YqWIRNZbPyTmppf5ZjyMw isotropic seed=5678 gain=3.978 max|d|=18.12 (no projection)
[ok] zurich_query_0YqWIRNZbPyTmppf5ZjyMw direction seed=9012 gain=0.778 max|d|=12.45 (projection 16)
[ok] zurich_query_0YqWIRNZbPyTmppf5ZjyMw direction_eot seed=9012 gain=0.597 max|d|=9.56 (projection 16)
[ok] zurich_query_0YqWIRNZbPyTmppf5ZjyMw isotropic seed=9012 gain=4.001 max|d|=18.75 (no projection)
[ok] amman_query_2E9XDGy6VTetR1O15tILdw direction seed=5678 gain=0.788 max|d|=12.61 (projection 16)
[ok] amman_query_2E9XDGy6VTetR1O15tILdw direction_eot seed=5678 gain=0.663 max|d|=10.61 (projection 16)
[ok] amman_query_2E9XDGy6VTetR1O15tILdw isotropic seed=5678 gain=3.948 max|d|=18.46 (no projection)
[ok] amman_query_2E9XDGy6VTetR1O15tILdw direction seed=9012 gain=0.783 max|d|=12.53 (projection 16)
[ok] amman_query_2E9XDGy6VTetR1O15tILdw direction_eot seed=9012 gain=0.663 max|d|=10.60 (projection 16)
[ok] amman_query_2E9XDGy6VTetR1O15tILdw isotropic seed=9012 gain=3.959 max|d|=18.38 (no projection)
[ok] boston_query_-U_cmO4sMoYmoNbCPpMXWw direction seed=5678 gain=0.748 max|d|=11.97 (projection 16)
[ok] boston_query_-U_cmO4sMoYmoNbCPpMXWw direction_eot seed=5678 gain=0.589 max|d|=9.43 (projection 16)
[ok] boston_query_-U_cmO4sMoYmoNbCPpMXWw isotropic seed=5678 gain=4.045 max|d|=20.08 (no projection)
[ok] boston_query_-U_cmO4sMoYmoNbCPpMXWw direction seed=9012 gain=0.751 max|d|=12.01 (projection 16)
[ok] boston_query_-U_cmO4sMoYmoNbCPpMXWw direction_eot seed=9012 gain=0.629 max|d|=10.07 (projection 16)
[ok] boston_query_-U_cmO4sMoYmoNbCPpMXWw isotropic seed=9012 gain=4.046 max|d|=19.43 (no projection)
[ok] cph_query_-UByBh5hYhNn4_dsHy73aA direction seed=5678 gain=0.741 max|d|=11.85 (projection 16)
[ok] cph_query_-UByBh5hYhNn4_dsHy73aA direction_eot seed=5678 gain=0.608 max|d|=9.73 (projection 16)
[ok] cph_query_-UByBh5hYhNn4_dsHy73aA isotropic seed=5678 gain=3.969 max|d|=17.61 (no projection)
[ok] cph_query_-UByBh5hYhNn4_dsHy73aA direction seed=9012 gain=0.768 max|d|=12.29 (projection 16)
[ok] cph_query_-UByBh5hYhNn4_dsHy73aA direction_eot seed=9012 gain=0.572 max|d|=9.15 (projection 16)
[ok] cph_query_-UByBh5hYhNn4_dsHy73aA isotropic seed=9012 gain=3.976 max|d|=18.33 (no projection)
[ok] london_query_07oSFXlZ9SfPsHwsEZQFtA direction seed=5678 gain=0.746 max|d|=11.94 (projection 16)
[ok] london_query_07oSFXlZ9SfPsHwsEZQFtA direction_eot seed=5678 gain=0.580 max|d|=9.28 (projection 16)
[ok] london_query_07oSFXlZ9SfPsHwsEZQFtA isotropic seed=5678 gain=3.974 max|d|=16.88 (no projection)
[ok] london_query_07oSFXlZ9SfPsHwsEZQFtA direction seed=9012 gain=0.734 max|d|=11.74 (projection 16)
[ok] london_query_07oSFXlZ9SfPsHwsEZQFtA direction_eot seed=9012 gain=0.581 max|d|=9.30 (projection 16)
[ok] london_query_07oSFXlZ9SfPsHwsEZQFtA isotropic seed=9012 gain=3.969 max|d|=21.07 (no projection)
[ok] manila_query_-YswrllPgEq1Q_LYD0mD0A direction seed=5678 gain=0.718 max|d|=11.48 (projection 16)
[ok] manila_query_-YswrllPgEq1Q_LYD0mD0A direction_eot seed=5678 gain=0.610 max|d|=9.75 (projection 16)
[ok] manila_query_-YswrllPgEq1Q_LYD0mD0A isotropic seed=5678 gain=3.644 max|d|=18.18 (no projection)
[ok] manila_query_-YswrllPgEq1Q_LYD0mD0A direction seed=9012 gain=0.702 max|d|=11.24 (projection 16)
[ok] manila_query_-YswrllPgEq1Q_LYD0mD0A direction_eot seed=9012 gain=0.589 max|d|=9.43 (projection 16)
[ok] manila_query_-YswrllPgEq1Q_LYD0mD0A isotropic seed=9012 gain=4.059 max|d|=20.69 (no projection)
[ok] nairobi_query_3sAf0a7Z9MFOX5NACNEfkA direction seed=5678 gain=0.850 max|d|=13.60 (projection 16)
[ok] nairobi_query_3sAf0a7Z9MFOX5NACNEfkA direction_eot seed=5678 gain=0.628 max|d|=10.05 (projection 16)
[ok] nairobi_query_3sAf0a7Z9MFOX5NACNEfkA isotropic seed=5678 gain=4.051 max|d|=21.22 (no projection)
[ok] nairobi_query_3sAf0a7Z9MFOX5NACNEfkA direction seed=9012 gain=0.845 max|d|=13.52 (projection 16)
[ok] nairobi_query_3sAf0a7Z9MFOX5NACNEfkA direction_eot seed=9012 gain=0.655 max|d|=10.48 (projection 16)
[ok] nairobi_query_3sAf0a7Z9MFOX5NACNEfkA isotropic seed=9012 gain=4.045 max|d|=19.94 (no projection)
[ok] toronto_query_-L3Zos1U2E6AA3-ZO_eESA direction seed=5678 gain=0.805 max|d|=12.88 (projection 16)
[ok] toronto_query_-L3Zos1U2E6AA3-ZO_eESA direction_eot seed=5678 gain=0.654 max|d|=10.46 (projection 16)
[ok] toronto_query_-L3Zos1U2E6AA3-ZO_eESA isotropic seed=5678 gain=4.046 max|d|=19.92 (no projection)
[ok] toronto_query_-L3Zos1U2E6AA3-ZO_eESA direction seed=9012 gain=0.800 max|d|=12.80 (projection 16)
[ok] toronto_query_-L3Zos1U2E6AA3-ZO_eESA direction_eot seed=9012 gain=0.649 max|d|=10.38 (projection 16)
[ok] toronto_query_-L3Zos1U2E6AA3-ZO_eESA isotropic seed=9012 gain=4.036 max|d|=21.00 (no projection)
[ok] zurich_query_0eG9-83f-Xafie9_84fDbg direction seed=5678 gain=0.711 max|d|=11.37 (projection 16)
[ok] zurich_query_0eG9-83f-Xafie9_84fDbg direction_eot seed=5678 gain=0.579 max|d|=9.26 (projection 16)
[ok] zurich_query_0eG9-83f-Xafie9_84fDbg isotropic seed=5678 gain=3.961 max|d|=17.54 (no projection)
[ok] zurich_query_0eG9-83f-Xafie9_84fDbg direction seed=9012 gain=0.709 max|d|=11.34 (projection 16)
[ok] zurich_query_0eG9-83f-Xafie9_84fDbg direction_eot seed=9012 gain=0.579 max|d|=9.26 (projection 16)
[ok] zurich_query_0eG9-83f-Xafie9_84fDbg isotropic seed=9012 gain=3.953 max|d|=18.28 (no projection)
[ok] amman_query_2WNEczYwDdZlHE_2nYlE-A direction seed=5678 gain=0.720 max|d|=11.51 (projection 16)
[ok] amman_query_2WNEczYwDdZlHE_2nYlE-A direction_eot seed=5678 gain=0.598 max|d|=9.56 (projection 16)
[ok] amman_query_2WNEczYwDdZlHE_2nYlE-A isotropic seed=5678 gain=3.952 max|d|=20.55 (no projection)
[ok] amman_query_2WNEczYwDdZlHE_2nYlE-A direction seed=9012 gain=0.720 max|d|=11.52 (projection 16)
[ok] amman_query_2WNEczYwDdZlHE_2nYlE-A direction_eot seed=9012 gain=0.581 max|d|=9.30 (projection 16)
[ok] amman_query_2WNEczYwDdZlHE_2nYlE-A isotropic seed=9012 gain=3.959 max|d|=17.99 (no projection)
[ok] boston_query_-VHXaQ_dj_14O-Bcn3u7zA direction seed=5678 gain=0.806 max|d|=12.90 (projection 16)
[ok] boston_query_-VHXaQ_dj_14O-Bcn3u7zA direction_eot seed=5678 gain=0.646 max|d|=10.33 (projection 16)
[ok] boston_query_-VHXaQ_dj_14O-Bcn3u7zA isotropic seed=5678 gain=3.964 max|d|=16.89 (no projection)
[ok] boston_query_-VHXaQ_dj_14O-Bcn3u7zA direction seed=9012 gain=0.806 max|d|=12.90 (projection 16)
[ok] boston_query_-VHXaQ_dj_14O-Bcn3u7zA direction_eot seed=9012 gain=0.642 max|d|=10.27 (projection 16)
[ok] boston_query_-VHXaQ_dj_14O-Bcn3u7zA isotropic seed=9012 gain=3.979 max|d|=18.15 (no projection)
[ok] cph_query_-UO7OuMXuwPBrMEXSsFhNA direction seed=5678 gain=0.839 max|d|=13.42 (projection 16)
[ok] cph_query_-UO7OuMXuwPBrMEXSsFhNA direction_eot seed=5678 gain=0.681 max|d|=10.89 (projection 16)
[ok] cph_query_-UO7OuMXuwPBrMEXSsFhNA isotropic seed=5678 gain=4.003 max|d|=19.23 (no projection)
[ok] cph_query_-UO7OuMXuwPBrMEXSsFhNA direction seed=9012 gain=0.838 max|d|=13.41 (projection 16)
[ok] cph_query_-UO7OuMXuwPBrMEXSsFhNA direction_eot seed=9012 gain=0.656 max|d|=10.50 (projection 16)
[ok] cph_query_-UO7OuMXuwPBrMEXSsFhNA isotropic seed=9012 gain=4.001 max|d|=19.73 (no projection)
[ok] london_query_08wp6QepyximP9UuP-ijLg direction seed=5678 gain=0.772 max|d|=12.35 (projection 16)
[ok] london_query_08wp6QepyximP9UuP-ijLg direction_eot seed=5678 gain=0.633 max|d|=10.12 (projection 16)
[ok] london_query_08wp6QepyximP9UuP-ijLg isotropic seed=5678 gain=4.015 max|d|=17.17 (no projection)
[ok] london_query_08wp6QepyximP9UuP-ijLg direction seed=9012 gain=0.781 max|d|=12.49 (projection 16)
[ok] london_query_08wp6QepyximP9UuP-ijLg direction_eot seed=9012 gain=0.613 max|d|=9.80 (projection 16)
[ok] london_query_08wp6QepyximP9UuP-ijLg isotropic seed=9012 gain=4.009 max|d|=18.99 (no projection)
[ok] manila_query_-Z3CXTi1QhF_Ste8t8vrJA direction seed=5678 gain=0.770 max|d|=12.32 (projection 16)
[ok] manila_query_-Z3CXTi1QhF_Ste8t8vrJA direction_eot seed=5678 gain=0.608 max|d|=9.72 (projection 16)
[ok] manila_query_-Z3CXTi1QhF_Ste8t8vrJA isotropic seed=5678 gain=4.052 max|d|=17.84 (no projection)
[ok] manila_query_-Z3CXTi1QhF_Ste8t8vrJA direction seed=9012 gain=0.757 max|d|=12.12 (projection 16)
[ok] manila_query_-Z3CXTi1QhF_Ste8t8vrJA direction_eot seed=9012 gain=0.621 max|d|=9.94 (projection 16)
[ok] manila_query_-Z3CXTi1QhF_Ste8t8vrJA isotropic seed=9012 gain=4.019 max|d|=17.22 (no projection)
[ok] nairobi_query_3vVoHZDD0-kVhbBxDTYEjw direction seed=5678 gain=0.808 max|d|=12.92 (projection 16)
[ok] nairobi_query_3vVoHZDD0-kVhbBxDTYEjw direction_eot seed=5678 gain=0.655 max|d|=10.49 (projection 16)
[ok] nairobi_query_3vVoHZDD0-kVhbBxDTYEjw isotropic seed=5678 gain=4.095 max|d|=18.67 (no projection)
[ok] nairobi_query_3vVoHZDD0-kVhbBxDTYEjw direction seed=9012 gain=0.812 max|d|=12.99 (projection 16)
[ok] nairobi_query_3vVoHZDD0-kVhbBxDTYEjw direction_eot seed=9012 gain=0.635 max|d|=10.15 (projection 16)
[ok] nairobi_query_3vVoHZDD0-kVhbBxDTYEjw isotropic seed=9012 gain=4.094 max|d|=18.04 (no projection)
[ok] toronto_query_-LZN7DIyP80uvFh2O8KVXw direction seed=5678 gain=0.792 max|d|=12.67 (projection 16)
[ok] toronto_query_-LZN7DIyP80uvFh2O8KVXw direction_eot seed=5678 gain=0.619 max|d|=9.91 (projection 16)
[ok] toronto_query_-LZN7DIyP80uvFh2O8KVXw isotropic seed=5678 gain=3.964 max|d|=17.86 (no projection)
[ok] toronto_query_-LZN7DIyP80uvFh2O8KVXw direction seed=9012 gain=0.793 max|d|=12.70 (projection 16)
[ok] toronto_query_-LZN7DIyP80uvFh2O8KVXw direction_eot seed=9012 gain=0.634 max|d|=10.14 (projection 16)
[ok] toronto_query_-LZN7DIyP80uvFh2O8KVXw isotropic seed=9012 gain=3.976 max|d|=18.71 (no projection)
[ok] zurich_query_0g61-9tYhD3Y5qh7eiB92g direction seed=5678 gain=0.795 max|d|=12.72 (projection 16)
[ok] zurich_query_0g61-9tYhD3Y5qh7eiB92g direction_eot seed=5678 gain=0.617 max|d|=9.87 (projection 16)
[ok] zurich_query_0g61-9tYhD3Y5qh7eiB92g isotropic seed=5678 gain=3.998 max|d|=17.56 (no projection)
[ok] zurich_query_0g61-9tYhD3Y5qh7eiB92g direction seed=9012 gain=0.790 max|d|=12.64 (projection 16)
[ok] zurich_query_0g61-9tYhD3Y5qh7eiB92g direction_eot seed=9012 gain=0.613 max|d|=9.81 (projection 16)
[ok] zurich_query_0g61-9tYhD3Y5qh7eiB92g isotropic seed=9012 gain=4.003 max|d|=21.59 (no projection)
[ok] amman_query_2amxr5vdbo4jgViAEELT_Q direction seed=5678 gain=0.806 max|d|=12.89 (projection 16)
[ok] amman_query_2amxr5vdbo4jgViAEELT_Q direction_eot seed=5678 gain=0.650 max|d|=10.41 (projection 16)
[ok] amman_query_2amxr5vdbo4jgViAEELT_Q isotropic seed=5678 gain=3.964 max|d|=18.31 (no projection)
[ok] amman_query_2amxr5vdbo4jgViAEELT_Q direction seed=9012 gain=0.788 max|d|=12.61 (projection 16)
[ok] amman_query_2amxr5vdbo4jgViAEELT_Q direction_eot seed=9012 gain=0.655 max|d|=10.48 (projection 16)
[ok] amman_query_2amxr5vdbo4jgViAEELT_Q isotropic seed=9012 gain=3.961 max|d|=19.25 (no projection)
[ok] boston_query_-WNRbaGc8Yukh-LWnRNe5O direction seed=5678 gain=0.802 max|d|=12.83 (projection 16)
[ok] boston_query_-WNRbaGc8Yukh-LWnRNe5O direction_eot seed=5678 gain=0.630 max|d|=10.07 (projection 16)
[ok] boston_query_-WNRbaGc8Yukh-LWnRNe5O isotropic seed=5678 gain=4.018 max|d|=18.33 (no projection)
[ok] boston_query_-WNRbaGc8Yukh-LWnRNe5O direction seed=9012 gain=0.794 max|d|=12.71 (projection 16)
[ok] boston_query_-WNRbaGc8Yukh-LWnRNe5O direction_eot seed=9012 gain=0.613 max|d|=9.81 (projection 16)
[ok] boston_query_-WNRbaGc8Yukh-LWnRNe5O isotropic seed=9012 gain=4.026 max|d|=19.49 (no projection)
[ok] cph_query_-V4aUy1yd0AbFfY-xX0BAg direction seed=5678 gain=0.757 max|d|=12.11 (projection 16)
[ok] cph_query_-V4aUy1yd0AbFfY-xX0BAg direction_eot seed=5678 gain=0.619 max|d|=9.90 (projection 16)
[ok] cph_query_-V4aUy1yd0AbFfY-xX0BAg isotropic seed=5678 gain=3.994 max|d|=17.56 (no projection)
[ok] cph_query_-V4aUy1yd0AbFfY-xX0BAg direction seed=9012 gain=0.762 max|d|=12.20 (projection 16)
[ok] cph_query_-V4aUy1yd0AbFfY-xX0BAg direction_eot seed=9012 gain=0.601 max|d|=9.62 (projection 16)
[ok] cph_query_-V4aUy1yd0AbFfY-xX0BAg isotropic seed=9012 gain=3.983 max|d|=17.91 (no projection)
[ok] london_query_09P-tDZlSTWY4XNCcRZ_-g direction seed=5678 gain=0.802 max|d|=12.84 (projection 16)
[ok] london_query_09P-tDZlSTWY4XNCcRZ_-g direction_eot seed=5678 gain=0.636 max|d|=10.17 (projection 16)
[ok] london_query_09P-tDZlSTWY4XNCcRZ_-g isotropic seed=5678 gain=4.009 max|d|=19.46 (no projection)
[ok] london_query_09P-tDZlSTWY4XNCcRZ_-g direction seed=9012 gain=0.810 max|d|=12.96 (projection 16)
[ok] london_query_09P-tDZlSTWY4XNCcRZ_-g direction_eot seed=9012 gain=0.633 max|d|=10.13 (projection 16)
[ok] london_query_09P-tDZlSTWY4XNCcRZ_-g isotropic seed=9012 gain=4.008 max|d|=18.80 (no projection)
[ok] manila_query_-ZbYcdqL0C0ximLGFEriNA direction seed=5678 gain=0.719 max|d|=11.51 (projection 16)
[ok] manila_query_-ZbYcdqL0C0ximLGFEriNA direction_eot seed=5678 gain=0.592 max|d|=9.47 (projection 16)
[ok] manila_query_-ZbYcdqL0C0ximLGFEriNA isotropic seed=5678 gain=3.994 max|d|=19.40 (no projection)
[ok] manila_query_-ZbYcdqL0C0ximLGFEriNA direction seed=9012 gain=0.725 max|d|=11.60 (projection 16)
[ok] manila_query_-ZbYcdqL0C0ximLGFEriNA direction_eot seed=9012 gain=0.569 max|d|=9.10 (projection 16)
[ok] manila_query_-ZbYcdqL0C0ximLGFEriNA isotropic seed=9012 gain=3.985 max|d|=18.29 (no projection)
[ok] nairobi_query_3zSInmaUjlNkUR45dqrSLg direction seed=5678 gain=0.807 max|d|=12.91 (projection 16)
[ok] nairobi_query_3zSInmaUjlNkUR45dqrSLg direction_eot seed=5678 gain=0.635 max|d|=10.16 (projection 16)
[ok] nairobi_query_3zSInmaUjlNkUR45dqrSLg isotropic seed=5678 gain=4.057 max|d|=19.18 (no projection)
[ok] nairobi_query_3zSInmaUjlNkUR45dqrSLg direction seed=9012 gain=0.800 max|d|=12.80 (projection 16)
[ok] nairobi_query_3zSInmaUjlNkUR45dqrSLg direction_eot seed=9012 gain=0.618 max|d|=9.88 (projection 16)
[ok] nairobi_query_3zSInmaUjlNkUR45dqrSLg isotropic seed=9012 gain=4.051 max|d|=18.07 (no projection)
[ok] toronto_query_-M3eMqHp0OhecS-hoh58aQ direction seed=5678 gain=0.781 max|d|=12.50 (projection 16)
[ok] toronto_query_-M3eMqHp0OhecS-hoh58aQ direction_eot seed=5678 gain=0.614 max|d|=9.82 (projection 16)
[ok] toronto_query_-M3eMqHp0OhecS-hoh58aQ isotropic seed=5678 gain=3.956 max|d|=17.12 (no projection)
[ok] toronto_query_-M3eMqHp0OhecS-hoh58aQ direction seed=9012 gain=0.788 max|d|=12.61 (projection 16)
[ok] toronto_query_-M3eMqHp0OhecS-hoh58aQ direction_eot seed=9012 gain=0.637 max|d|=10.19 (projection 16)
[ok] toronto_query_-M3eMqHp0OhecS-hoh58aQ isotropic seed=9012 gain=3.973 max|d|=18.76 (no projection)
[ok] zurich_query_0gHh8OHgmM804LVr0Ocrag direction seed=5678 gain=0.796 max|d|=12.74 (projection 16)
[ok] zurich_query_0gHh8OHgmM804LVr0Ocrag direction_eot seed=5678 gain=0.618 max|d|=9.88 (projection 16)
[ok] zurich_query_0gHh8OHgmM804LVr0Ocrag isotropic seed=5678 gain=3.961 max|d|=17.53 (no projection)
[ok] zurich_query_0gHh8OHgmM804LVr0Ocrag direction seed=9012 gain=0.789 max|d|=12.62 (projection 16)
[ok] zurich_query_0gHh8OHgmM804LVr0Ocrag direction_eot seed=9012 gain=0.639 max|d|=10.22 (projection 16)
[ok] zurich_query_0gHh8OHgmM804LVr0Ocrag isotropic seed=9012 gain=3.960 max|d|=17.43 (no projection)
[ok] amman_query_2ar5B6f1xOYuU4wn7CLEJg direction seed=5678 gain=0.716 max|d|=11.45 (projection 16)
[ok] amman_query_2ar5B6f1xOYuU4wn7CLEJg direction_eot seed=5678 gain=0.577 max|d|=9.23 (projection 16)
[ok] amman_query_2ar5B6f1xOYuU4wn7CLEJg isotropic seed=5678 gain=3.961 max|d|=18.07 (no projection)
[ok] amman_query_2ar5B6f1xOYuU4wn7CLEJg direction seed=9012 gain=0.700 max|d|=11.20 (projection 16)
[ok] amman_query_2ar5B6f1xOYuU4wn7CLEJg direction_eot seed=9012 gain=0.578 max|d|=9.25 (projection 16)
[ok] amman_query_2ar5B6f1xOYuU4wn7CLEJg isotropic seed=9012 gain=3.959 max|d|=18.22 (no projection)
[ok] boston_query_-XLBZG628HbrD4FlfLBryQ direction seed=5678 gain=0.791 max|d|=12.66 (projection 16)
[ok] boston_query_-XLBZG628HbrD4FlfLBryQ direction_eot seed=5678 gain=0.609 max|d|=9.75 (projection 16)
[ok] boston_query_-XLBZG628HbrD4FlfLBryQ isotropic seed=5678 gain=4.096 max|d|=19.34 (no projection)
[ok] boston_query_-XLBZG628HbrD4FlfLBryQ direction seed=9012 gain=0.786 max|d|=12.58 (projection 16)
[ok] boston_query_-XLBZG628HbrD4FlfLBryQ direction_eot seed=9012 gain=0.624 max|d|=9.99 (projection 16)
[ok] boston_query_-XLBZG628HbrD4FlfLBryQ isotropic seed=9012 gain=4.101 max|d|=19.24 (no projection)
[ok] cph_query_-VfD_cIsQvsNIbCy3tCgQQ direction seed=5678 gain=0.749 max|d|=11.99 (projection 16)
[ok] cph_query_-VfD_cIsQvsNIbCy3tCgQQ direction_eot seed=5678 gain=0.631 max|d|=10.10 (projection 16)
[ok] cph_query_-VfD_cIsQvsNIbCy3tCgQQ isotropic seed=5678 gain=3.966 max|d|=19.30 (no projection)
[ok] cph_query_-VfD_cIsQvsNIbCy3tCgQQ direction seed=9012 gain=0.754 max|d|=12.06 (projection 16)
[ok] cph_query_-VfD_cIsQvsNIbCy3tCgQQ direction_eot seed=9012 gain=0.611 max|d|=9.78 (projection 16)
[ok] cph_query_-VfD_cIsQvsNIbCy3tCgQQ isotropic seed=9012 gain=3.963 max|d|=17.62 (no projection)
[ok] london_query_0AbO1xvvOJRs1V3ReaDrNw direction seed=5678 gain=0.792 max|d|=12.67 (projection 16)
[ok] london_query_0AbO1xvvOJRs1V3ReaDrNw direction_eot seed=5678 gain=0.656 max|d|=10.50 (projection 16)
[ok] london_query_0AbO1xvvOJRs1V3ReaDrNw isotropic seed=5678 gain=4.120 max|d|=18.70 (no projection)
[ok] london_query_0AbO1xvvOJRs1V3ReaDrNw direction seed=9012 gain=0.793 max|d|=12.69 (projection 16)
[ok] london_query_0AbO1xvvOJRs1V3ReaDrNw direction_eot seed=9012 gain=0.634 max|d|=10.14 (projection 16)
[ok] london_query_0AbO1xvvOJRs1V3ReaDrNw isotropic seed=9012 gain=4.124 max|d|=18.77 (no projection)
[ok] manila_query_-ZyenisXeFL1kaebCpUNAQ direction seed=5678 gain=0.770 max|d|=12.31 (projection 16)
[ok] manila_query_-ZyenisXeFL1kaebCpUNAQ direction_eot seed=5678 gain=0.643 max|d|=10.28 (projection 16)
[ok] manila_query_-ZyenisXeFL1kaebCpUNAQ isotropic seed=5678 gain=3.957 max|d|=19.72 (no projection)
[ok] manila_query_-ZyenisXeFL1kaebCpUNAQ direction seed=9012 gain=0.783 max|d|=12.52 (projection 16)
[ok] manila_query_-ZyenisXeFL1kaebCpUNAQ direction_eot seed=9012 gain=0.604 max|d|=9.66 (projection 16)
[ok] manila_query_-ZyenisXeFL1kaebCpUNAQ isotropic seed=9012 gain=3.564 max|d|=16.73 (no projection)
[ok] nairobi_query_42kd1bm9ZK0fwGacm_8O5A direction seed=5678 gain=0.743 max|d|=11.88 (projection 16)
[ok] nairobi_query_42kd1bm9ZK0fwGacm_8O5A direction_eot seed=5678 gain=0.610 max|d|=9.76 (projection 16)
[ok] nairobi_query_42kd1bm9ZK0fwGacm_8O5A isotropic seed=5678 gain=3.954 max|d|=17.62 (no projection)
[ok] nairobi_query_42kd1bm9ZK0fwGacm_8O5A direction seed=9012 gain=0.756 max|d|=12.10 (projection 16)
[ok] nairobi_query_42kd1bm9ZK0fwGacm_8O5A direction_eot seed=9012 gain=0.601 max|d|=9.62 (projection 16)
[ok] nairobi_query_42kd1bm9ZK0fwGacm_8O5A isotropic seed=9012 gain=3.953 max|d|=19.36 (no projection)
[ok] toronto_query_-MFll3mcOLNHfSZyGy5VIw direction seed=5678 gain=0.759 max|d|=12.14 (projection 16)
[ok] toronto_query_-MFll3mcOLNHfSZyGy5VIw direction_eot seed=5678 gain=0.626 max|d|=10.02 (projection 16)
[ok] toronto_query_-MFll3mcOLNHfSZyGy5VIw isotropic seed=5678 gain=4.017 max|d|=18.24 (no projection)
[ok] toronto_query_-MFll3mcOLNHfSZyGy5VIw direction seed=9012 gain=0.759 max|d|=12.15 (projection 16)
[ok] toronto_query_-MFll3mcOLNHfSZyGy5VIw direction_eot seed=9012 gain=0.631 max|d|=10.10 (projection 16)
[ok] toronto_query_-MFll3mcOLNHfSZyGy5VIw isotropic seed=9012 gain=4.009 max|d|=19.55 (no projection)
[ok] zurich_query_0lHgqSrbw8SSQej38K9wpQ direction seed=5678 gain=0.741 max|d|=11.85 (projection 16)
[ok] zurich_query_0lHgqSrbw8SSQej38K9wpQ direction_eot seed=5678 gain=0.620 max|d|=9.93 (projection 16)
[ok] zurich_query_0lHgqSrbw8SSQej38K9wpQ isotropic seed=5678 gain=4.088 max|d|=19.88 (no projection)
[ok] zurich_query_0lHgqSrbw8SSQej38K9wpQ direction seed=9012 gain=0.748 max|d|=11.98 (projection 16)
[ok] zurich_query_0lHgqSrbw8SSQej38K9wpQ direction_eot seed=9012 gain=0.621 max|d|=9.94 (projection 16)
[ok] zurich_query_0lHgqSrbw8SSQej38K9wpQ isotropic seed=9012 gain=4.078 max|d|=18.37 (no projection)
[ok] amman_query_2hq9evzmyg6GO86JGeo5kw direction seed=5678 gain=0.793 max|d|=12.68 (projection 16)
[ok] amman_query_2hq9evzmyg6GO86JGeo5kw direction_eot seed=5678 gain=0.641 max|d|=10.26 (projection 16)
[ok] amman_query_2hq9evzmyg6GO86JGeo5kw isotropic seed=5678 gain=4.004 max|d|=17.67 (no projection)
[ok] amman_query_2hq9evzmyg6GO86JGeo5kw direction seed=9012 gain=0.798 max|d|=12.77 (projection 16)
[ok] amman_query_2hq9evzmyg6GO86JGeo5kw direction_eot seed=9012 gain=0.653 max|d|=10.45 (projection 16)
[ok] amman_query_2hq9evzmyg6GO86JGeo5kw isotropic seed=9012 gain=4.000 max|d|=18.35 (no projection)
[ok] boston_query_-XPoSJpI_X3ZlnZLz8JG4L direction seed=5678 gain=0.709 max|d|=11.35 (projection 16)
[ok] boston_query_-XPoSJpI_X3ZlnZLz8JG4L direction_eot seed=5678 gain=0.571 max|d|=9.14 (projection 16)
[ok] boston_query_-XPoSJpI_X3ZlnZLz8JG4L isotropic seed=5678 gain=4.046 max|d|=18.99 (no projection)
[ok] boston_query_-XPoSJpI_X3ZlnZLz8JG4L direction seed=9012 gain=0.714 max|d|=11.42 (projection 16)
[ok] boston_query_-XPoSJpI_X3ZlnZLz8JG4L direction_eot seed=9012 gain=0.570 max|d|=9.11 (projection 16)
[ok] boston_query_-XPoSJpI_X3ZlnZLz8JG4L isotropic seed=9012 gain=4.057 max|d|=18.37 (no projection)
[ok] cph_query_-VwsLi9Gs8ntflZjLfPkGw direction seed=5678 gain=0.740 max|d|=11.83 (projection 16)
[ok] cph_query_-VwsLi9Gs8ntflZjLfPkGw direction_eot seed=5678 gain=0.599 max|d|=9.59 (projection 16)
[ok] cph_query_-VwsLi9Gs8ntflZjLfPkGw isotropic seed=5678 gain=3.980 max|d|=18.93 (no projection)
[ok] cph_query_-VwsLi9Gs8ntflZjLfPkGw direction seed=9012 gain=0.745 max|d|=11.91 (projection 16)
[ok] cph_query_-VwsLi9Gs8ntflZjLfPkGw direction_eot seed=9012 gain=0.604 max|d|=9.67 (projection 16)
[ok] cph_query_-VwsLi9Gs8ntflZjLfPkGw isotropic seed=9012 gain=3.971 max|d|=17.51 (no projection)
[ok] london_query_0BjBFV4G9jdMJlEMqshzoA direction seed=5678 gain=0.746 max|d|=11.93 (projection 16)
[ok] london_query_0BjBFV4G9jdMJlEMqshzoA direction_eot seed=5678 gain=0.589 max|d|=9.43 (projection 16)
[ok] london_query_0BjBFV4G9jdMJlEMqshzoA isotropic seed=5678 gain=3.974 max|d|=16.92 (no projection)
[ok] london_query_0BjBFV4G9jdMJlEMqshzoA direction seed=9012 gain=0.754 max|d|=12.06 (projection 16)
[ok] london_query_0BjBFV4G9jdMJlEMqshzoA direction_eot seed=9012 gain=0.589 max|d|=9.43 (projection 16)
[ok] london_query_0BjBFV4G9jdMJlEMqshzoA isotropic seed=9012 gain=3.983 max|d|=18.14 (no projection)
[ok] manila_query_-aK1h18UZREBqmVQH9KSvw direction seed=5678 gain=0.737 max|d|=11.79 (projection 16)
[ok] manila_query_-aK1h18UZREBqmVQH9KSvw direction_eot seed=5678 gain=0.572 max|d|=9.15 (projection 16)
[ok] manila_query_-aK1h18UZREBqmVQH9KSvw isotropic seed=5678 gain=4.150 max|d|=18.96 (no projection)
[ok] manila_query_-aK1h18UZREBqmVQH9KSvw direction seed=9012 gain=0.744 max|d|=11.90 (projection 16)
[ok] manila_query_-aK1h18UZREBqmVQH9KSvw direction_eot seed=9012 gain=0.581 max|d|=9.30 (projection 16)
[ok] manila_query_-aK1h18UZREBqmVQH9KSvw isotropic seed=9012 gain=4.160 max|d|=20.58 (no projection)
[ok] nairobi_query_479Or7jRwWHujnR6N21HGg direction seed=5678 gain=0.825 max|d|=13.20 (projection 16)
[ok] nairobi_query_479Or7jRwWHujnR6N21HGg direction_eot seed=5678 gain=0.672 max|d|=10.75 (projection 16)
[ok] nairobi_query_479Or7jRwWHujnR6N21HGg isotropic seed=5678 gain=4.065 max|d|=17.59 (no projection)
[ok] nairobi_query_479Or7jRwWHujnR6N21HGg direction seed=9012 gain=0.826 max|d|=13.22 (projection 16)
[ok] nairobi_query_479Or7jRwWHujnR6N21HGg direction_eot seed=9012 gain=0.669 max|d|=10.70 (projection 16)
[ok] nairobi_query_479Or7jRwWHujnR6N21HGg isotropic seed=9012 gain=4.086 max|d|=18.13 (no projection)
[ok] toronto_query_-MnI6OlC-vX0Wm56nVPN1A direction seed=5678 gain=0.759 max|d|=12.14 (projection 16)
[ok] toronto_query_-MnI6OlC-vX0Wm56nVPN1A direction_eot seed=5678 gain=0.618 max|d|=9.88 (projection 16)
[ok] toronto_query_-MnI6OlC-vX0Wm56nVPN1A isotropic seed=5678 gain=4.168 max|d|=19.53 (no projection)
[ok] toronto_query_-MnI6OlC-vX0Wm56nVPN1A direction seed=9012 gain=0.756 max|d|=12.09 (projection 16)
[ok] toronto_query_-MnI6OlC-vX0Wm56nVPN1A direction_eot seed=9012 gain=0.658 max|d|=10.53 (projection 16)
[ok] toronto_query_-MnI6OlC-vX0Wm56nVPN1A isotropic seed=9012 gain=4.165 max|d|=18.86 (no projection)
[ok] zurich_query_0nVsH-6SH_FHslcVrikkwQ direction seed=5678 gain=0.813 max|d|=13.00 (projection 16)
[ok] zurich_query_0nVsH-6SH_FHslcVrikkwQ direction_eot seed=5678 gain=0.627 max|d|=10.03 (projection 16)
[ok] zurich_query_0nVsH-6SH_FHslcVrikkwQ isotropic seed=5678 gain=4.055 max|d|=19.97 (no projection)
[ok] zurich_query_0nVsH-6SH_FHslcVrikkwQ direction seed=9012 gain=0.796 max|d|=12.74 (projection 16)
[ok] zurich_query_0nVsH-6SH_FHslcVrikkwQ direction_eot seed=9012 gain=0.638 max|d|=10.21 (projection 16)
[ok] zurich_query_0nVsH-6SH_FHslcVrikkwQ isotropic seed=9012 gain=4.062 max|d|=20.13 (no projection)
[ok] amman_query_2lABfkOBYPSLZkKhyRxYdA direction seed=5678 gain=0.790 max|d|=12.63 (projection 16)
[ok] amman_query_2lABfkOBYPSLZkKhyRxYdA direction_eot seed=5678 gain=0.649 max|d|=10.38 (projection 16)
[ok] amman_query_2lABfkOBYPSLZkKhyRxYdA isotropic seed=5678 gain=3.972 max|d|=19.34 (no projection)
[ok] amman_query_2lABfkOBYPSLZkKhyRxYdA direction seed=9012 gain=0.780 max|d|=12.48 (projection 16)
[ok] amman_query_2lABfkOBYPSLZkKhyRxYdA direction_eot seed=9012 gain=0.629 max|d|=10.07 (projection 16)
[ok] amman_query_2lABfkOBYPSLZkKhyRxYdA isotropic seed=9012 gain=3.960 max|d|=19.02 (no projection)
[ok] boston_query_-XVMoSt8xs2FUh9JzquX6A direction seed=5678 gain=0.723 max|d|=11.57 (projection 16)
[ok] boston_query_-XVMoSt8xs2FUh9JzquX6A direction_eot seed=5678 gain=0.594 max|d|=9.51 (projection 16)
[ok] boston_query_-XVMoSt8xs2FUh9JzquX6A isotropic seed=5678 gain=3.967 max|d|=18.99 (no projection)
[ok] boston_query_-XVMoSt8xs2FUh9JzquX6A direction seed=9012 gain=0.726 max|d|=11.61 (projection 16)
[ok] boston_query_-XVMoSt8xs2FUh9JzquX6A direction_eot seed=9012 gain=0.609 max|d|=9.75 (projection 16)
[ok] boston_query_-XVMoSt8xs2FUh9JzquX6A isotropic seed=9012 gain=3.956 max|d|=22.51 (no projection)
[ok] cph_query_-WFB24C5ns0vkkGHGvN40A direction seed=5678 gain=0.753 max|d|=12.04 (projection 16)
[ok] cph_query_-WFB24C5ns0vkkGHGvN40A direction_eot seed=5678 gain=0.616 max|d|=9.86 (projection 16)
[ok] cph_query_-WFB24C5ns0vkkGHGvN40A isotropic seed=5678 gain=3.959 max|d|=17.96 (no projection)
[ok] cph_query_-WFB24C5ns0vkkGHGvN40A direction seed=9012 gain=0.758 max|d|=12.13 (projection 16)
[ok] cph_query_-WFB24C5ns0vkkGHGvN40A direction_eot seed=9012 gain=0.599 max|d|=9.59 (projection 16)
[ok] cph_query_-WFB24C5ns0vkkGHGvN40A isotropic seed=9012 gain=3.957 max|d|=18.77 (no projection)
[ok] london_query_0CaaImFsIdNZjpg8oBPgsQ direction seed=5678 gain=0.759 max|d|=12.15 (projection 16)
[ok] london_query_0CaaImFsIdNZjpg8oBPgsQ direction_eot seed=5678 gain=0.605 max|d|=9.68 (projection 16)
[ok] london_query_0CaaImFsIdNZjpg8oBPgsQ isotropic seed=5678 gain=3.980 max|d|=18.65 (no projection)
[ok] london_query_0CaaImFsIdNZjpg8oBPgsQ direction seed=9012 gain=0.756 max|d|=12.09 (projection 16)
[ok] london_query_0CaaImFsIdNZjpg8oBPgsQ direction_eot seed=9012 gain=0.619 max|d|=9.91 (projection 16)
[ok] london_query_0CaaImFsIdNZjpg8oBPgsQ isotropic seed=9012 gain=3.986 max|d|=18.19 (no projection)
[ok] manila_query_-cNGgBgyFrf92tQ2SjMnVw direction seed=5678 gain=0.790 max|d|=12.65 (projection 16)
[ok] manila_query_-cNGgBgyFrf92tQ2SjMnVw direction_eot seed=5678 gain=0.645 max|d|=10.32 (projection 16)
[ok] manila_query_-cNGgBgyFrf92tQ2SjMnVw isotropic seed=5678 gain=3.989 max|d|=18.63 (no projection)
[ok] manila_query_-cNGgBgyFrf92tQ2SjMnVw direction seed=9012 gain=0.796 max|d|=12.73 (projection 16)
[ok] manila_query_-cNGgBgyFrf92tQ2SjMnVw direction_eot seed=9012 gain=0.639 max|d|=10.22 (projection 16)
[ok] manila_query_-cNGgBgyFrf92tQ2SjMnVw isotropic seed=9012 gain=4.007 max|d|=19.01 (no projection)
[ok] nairobi_query_4EL0OPwVmp4k2zCpl9_c_A direction seed=5678 gain=0.833 max|d|=13.32 (projection 16)
[ok] nairobi_query_4EL0OPwVmp4k2zCpl9_c_A direction_eot seed=5678 gain=0.644 max|d|=10.30 (projection 16)
[ok] nairobi_query_4EL0OPwVmp4k2zCpl9_c_A isotropic seed=5678 gain=3.998 max|d|=17.20 (no projection)
[ok] nairobi_query_4EL0OPwVmp4k2zCpl9_c_A direction seed=9012 gain=0.834 max|d|=13.35 (projection 16)
[ok] nairobi_query_4EL0OPwVmp4k2zCpl9_c_A direction_eot seed=9012 gain=0.640 max|d|=10.23 (projection 16)
[ok] nairobi_query_4EL0OPwVmp4k2zCpl9_c_A isotropic seed=9012 gain=4.001 max|d|=18.32 (no projection)
[ok] toronto_query_-MvRj243NBTPnognhgb4Cg direction seed=5678 gain=0.802 max|d|=12.83 (projection 16)
[ok] toronto_query_-MvRj243NBTPnognhgb4Cg direction_eot seed=5678 gain=0.647 max|d|=10.35 (projection 16)
[ok] toronto_query_-MvRj243NBTPnognhgb4Cg isotropic seed=5678 gain=3.969 max|d|=17.79 (no projection)
[ok] toronto_query_-MvRj243NBTPnognhgb4Cg direction seed=9012 gain=0.811 max|d|=12.98 (projection 16)
[ok] toronto_query_-MvRj243NBTPnognhgb4Cg direction_eot seed=9012 gain=0.650 max|d|=10.40 (projection 16)
[ok] toronto_query_-MvRj243NBTPnognhgb4Cg isotropic seed=9012 gain=3.965 max|d|=22.84 (no projection)
[ok] zurich_query_0qoNSI3UUj6VR3TM7c0Peg direction seed=5678 gain=0.760 max|d|=12.16 (projection 16)
[ok] zurich_query_0qoNSI3UUj6VR3TM7c0Peg direction_eot seed=5678 gain=0.622 max|d|=9.95 (projection 16)
[ok] zurich_query_0qoNSI3UUj6VR3TM7c0Peg isotropic seed=5678 gain=3.979 max|d|=20.46 (no projection)
[ok] zurich_query_0qoNSI3UUj6VR3TM7c0Peg direction seed=9012 gain=0.766 max|d|=12.25 (projection 16)
[ok] zurich_query_0qoNSI3UUj6VR3TM7c0Peg direction_eot seed=9012 gain=0.599 max|d|=9.58 (projection 16)
[ok] zurich_query_0qoNSI3UUj6VR3TM7c0Peg isotropic seed=9012 gain=3.966 max|d|=19.64 (no projection)
[ok] amman_query_2o7YcP9UAqSU1ygtK33BfQ direction seed=5678 gain=0.747 max|d|=11.95 (projection 16)
[ok] amman_query_2o7YcP9UAqSU1ygtK33BfQ direction_eot seed=5678 gain=0.594 max|d|=9.51 (projection 16)
[ok] amman_query_2o7YcP9UAqSU1ygtK33BfQ isotropic seed=5678 gain=3.960 max|d|=18.95 (no projection)
[ok] amman_query_2o7YcP9UAqSU1ygtK33BfQ direction seed=9012 gain=0.743 max|d|=11.89 (projection 16)
[ok] amman_query_2o7YcP9UAqSU1ygtK33BfQ direction_eot seed=9012 gain=0.608 max|d|=9.73 (projection 16)
[ok] amman_query_2o7YcP9UAqSU1ygtK33BfQ isotropic seed=9012 gain=3.964 max|d|=18.56 (no projection)
[ok] boston_query_-YC7UljP-400uMusDPAb5o direction seed=5678 gain=0.773 max|d|=12.37 (projection 16)
[ok] boston_query_-YC7UljP-400uMusDPAb5o direction_eot seed=5678 gain=0.589 max|d|=9.42 (projection 16)
[ok] boston_query_-YC7UljP-400uMusDPAb5o isotropic seed=5678 gain=3.967 max|d|=18.14 (no projection)
[ok] boston_query_-YC7UljP-400uMusDPAb5o direction seed=9012 gain=0.782 max|d|=12.51 (projection 16)
[ok] boston_query_-YC7UljP-400uMusDPAb5o direction_eot seed=9012 gain=0.615 max|d|=9.84 (projection 16)
[ok] boston_query_-YC7UljP-400uMusDPAb5o isotropic seed=9012 gain=3.897 max|d|=18.07 (no projection)
[ok] cph_query_-WSWmgHuo6qPHzHxqzEe1A direction seed=5678 gain=0.773 max|d|=12.37 (projection 16)
[ok] cph_query_-WSWmgHuo6qPHzHxqzEe1A direction_eot seed=5678 gain=0.599 max|d|=9.59 (projection 16)
[ok] cph_query_-WSWmgHuo6qPHzHxqzEe1A isotropic seed=5678 gain=3.965 max|d|=19.00 (no projection)
[ok] cph_query_-WSWmgHuo6qPHzHxqzEe1A direction seed=9012 gain=0.776 max|d|=12.42 (projection 16)
[ok] cph_query_-WSWmgHuo6qPHzHxqzEe1A direction_eot seed=9012 gain=0.607 max|d|=9.72 (projection 16)
[ok] cph_query_-WSWmgHuo6qPHzHxqzEe1A isotropic seed=9012 gain=3.958 max|d|=18.79 (no projection)
[ok] london_query_0EzKuKNIcxIWax_duM0EWw direction seed=5678 gain=0.740 max|d|=11.84 (projection 16)
[ok] london_query_0EzKuKNIcxIWax_duM0EWw direction_eot seed=5678 gain=0.564 max|d|=9.02 (projection 16)
[ok] london_query_0EzKuKNIcxIWax_duM0EWw isotropic seed=5678 gain=3.986 max|d|=17.35 (no projection)
[ok] london_query_0EzKuKNIcxIWax_duM0EWw direction seed=9012 gain=0.725 max|d|=11.60 (projection 16)
[ok] london_query_0EzKuKNIcxIWax_duM0EWw direction_eot seed=9012 gain=0.571 max|d|=9.13 (projection 16)
[ok] london_query_0EzKuKNIcxIWax_duM0EWw isotropic seed=9012 gain=3.982 max|d|=17.87 (no projection)
[ok] manila_query_-cmAo9dkimIih2B7T4UHfg direction seed=5678 gain=0.793 max|d|=12.68 (projection 16)
[ok] manila_query_-cmAo9dkimIih2B7T4UHfg direction_eot seed=5678 gain=0.650 max|d|=10.40 (projection 16)
[ok] manila_query_-cmAo9dkimIih2B7T4UHfg isotropic seed=5678 gain=4.152 max|d|=18.14 (no projection)
[ok] manila_query_-cmAo9dkimIih2B7T4UHfg direction seed=9012 gain=0.794 max|d|=12.71 (projection 16)
[ok] manila_query_-cmAo9dkimIih2B7T4UHfg direction_eot seed=9012 gain=0.640 max|d|=10.24 (projection 16)
[ok] manila_query_-cmAo9dkimIih2B7T4UHfg isotropic seed=9012 gain=3.834 max|d|=17.55 (no projection)
[ok] nairobi_query_4Scm9UylRL9Edyu3ZemB9A direction seed=5678 gain=0.845 max|d|=13.52 (projection 16)
[ok] nairobi_query_4Scm9UylRL9Edyu3ZemB9A direction_eot seed=5678 gain=0.670 max|d|=10.71 (projection 16)
[ok] nairobi_query_4Scm9UylRL9Edyu3ZemB9A isotropic seed=5678 gain=4.061 max|d|=19.79 (no projection)
[ok] nairobi_query_4Scm9UylRL9Edyu3ZemB9A direction seed=9012 gain=0.852 max|d|=13.63 (projection 16)
[ok] nairobi_query_4Scm9UylRL9Edyu3ZemB9A direction_eot seed=9012 gain=0.684 max|d|=10.94 (projection 16)
[ok] nairobi_query_4Scm9UylRL9Edyu3ZemB9A isotropic seed=9012 gain=4.064 max|d|=18.21 (no projection)
[ok] toronto_query_-N8Ief4Q3CWSOSauaoVHkw direction seed=5678 gain=0.789 max|d|=12.62 (projection 16)
[ok] toronto_query_-N8Ief4Q3CWSOSauaoVHkw direction_eot seed=5678 gain=0.660 max|d|=10.57 (projection 16)
[ok] toronto_query_-N8Ief4Q3CWSOSauaoVHkw isotropic seed=5678 gain=3.963 max|d|=17.67 (no projection)
[ok] toronto_query_-N8Ief4Q3CWSOSauaoVHkw direction seed=9012 gain=0.784 max|d|=12.55 (projection 16)
[ok] toronto_query_-N8Ief4Q3CWSOSauaoVHkw direction_eot seed=9012 gain=0.638 max|d|=10.21 (projection 16)
[ok] toronto_query_-N8Ief4Q3CWSOSauaoVHkw isotropic seed=9012 gain=3.972 max|d|=19.39 (no projection)
[ok] zurich_query_0yT0tESrImO18FH9C5STzg direction seed=5678 gain=0.807 max|d|=12.91 (projection 16)
[ok] zurich_query_0yT0tESrImO18FH9C5STzg direction_eot seed=5678 gain=0.656 max|d|=10.50 (projection 16)
[ok] zurich_query_0yT0tESrImO18FH9C5STzg isotropic seed=5678 gain=4.073 max|d|=17.91 (no projection)
[ok] zurich_query_0yT0tESrImO18FH9C5STzg direction seed=9012 gain=0.795 max|d|=12.72 (projection 16)
[ok] zurich_query_0yT0tESrImO18FH9C5STzg direction_eot seed=9012 gain=0.654 max|d|=10.47 (projection 16)
[ok] zurich_query_0yT0tESrImO18FH9C5STzg isotropic seed=9012 gain=4.073 max|d|=18.84 (no projection)
[ok] amman_query_2pCCoWfi0AP_93cYLKD9sA direction seed=5678 gain=0.735 max|d|=11.77 (projection 16)
[ok] amman_query_2pCCoWfi0AP_93cYLKD9sA direction_eot seed=5678 gain=0.580 max|d|=9.28 (projection 16)
[ok] amman_query_2pCCoWfi0AP_93cYLKD9sA isotropic seed=5678 gain=3.961 max|d|=18.79 (no projection)
[ok] amman_query_2pCCoWfi0AP_93cYLKD9sA direction seed=9012 gain=0.753 max|d|=12.05 (projection 16)
[ok] amman_query_2pCCoWfi0AP_93cYLKD9sA direction_eot seed=9012 gain=0.597 max|d|=9.56 (projection 16)
[ok] amman_query_2pCCoWfi0AP_93cYLKD9sA isotropic seed=9012 gain=3.956 max|d|=16.42 (no projection)
[ok] boston_query_-YNCuOIwfe745OWl27FQZQ direction seed=5678 gain=0.783 max|d|=12.52 (projection 16)
[ok] boston_query_-YNCuOIwfe745OWl27FQZQ direction_eot seed=5678 gain=0.624 max|d|=9.99 (projection 16)
[ok] boston_query_-YNCuOIwfe745OWl27FQZQ isotropic seed=5678 gain=4.076 max|d|=18.14 (no projection)
[ok] boston_query_-YNCuOIwfe745OWl27FQZQ direction seed=9012 gain=0.772 max|d|=12.35 (projection 16)
[ok] boston_query_-YNCuOIwfe745OWl27FQZQ direction_eot seed=9012 gain=0.618 max|d|=9.90 (projection 16)
[ok] boston_query_-YNCuOIwfe745OWl27FQZQ isotropic seed=9012 gain=4.048 max|d|=17.94 (no projection)
[ok] cph_query_-XYLPst0OjYGoPVJKGP1aA direction seed=5678 gain=0.756 max|d|=12.10 (projection 16)
[ok] cph_query_-XYLPst0OjYGoPVJKGP1aA direction_eot seed=5678 gain=0.626 max|d|=10.01 (projection 16)
[ok] cph_query_-XYLPst0OjYGoPVJKGP1aA isotropic seed=5678 gain=3.950 max|d|=18.95 (no projection)
[ok] cph_query_-XYLPst0OjYGoPVJKGP1aA direction seed=9012 gain=0.753 max|d|=12.05 (projection 16)
[ok] cph_query_-XYLPst0OjYGoPVJKGP1aA direction_eot seed=9012 gain=0.609 max|d|=9.74 (projection 16)
[ok] cph_query_-XYLPst0OjYGoPVJKGP1aA isotropic seed=9012 gain=3.959 max|d|=18.57 (no projection)
[ok] london_query_0IFxmIDIkGlB0FShcszAfw direction seed=5678 gain=0.759 max|d|=12.14 (projection 16)
[ok] london_query_0IFxmIDIkGlB0FShcszAfw direction_eot seed=5678 gain=0.614 max|d|=9.83 (projection 16)
[ok] london_query_0IFxmIDIkGlB0FShcszAfw isotropic seed=5678 gain=4.067 max|d|=18.98 (no projection)
[ok] london_query_0IFxmIDIkGlB0FShcszAfw direction seed=9012 gain=0.761 max|d|=12.17 (projection 16)
[ok] london_query_0IFxmIDIkGlB0FShcszAfw direction_eot seed=9012 gain=0.616 max|d|=9.86 (projection 16)
[ok] london_query_0IFxmIDIkGlB0FShcszAfw isotropic seed=9012 gain=4.075 max|d|=22.79 (no projection)
[ok] manila_query_-dvVr_QHKim5_WyUsv_Z4A direction seed=5678 gain=0.713 max|d|=11.42 (projection 16)
[ok] manila_query_-dvVr_QHKim5_WyUsv_Z4A direction_eot seed=5678 gain=0.590 max|d|=9.44 (projection 16)
[ok] manila_query_-dvVr_QHKim5_WyUsv_Z4A isotropic seed=5678 gain=3.974 max|d|=18.43 (no projection)
[ok] manila_query_-dvVr_QHKim5_WyUsv_Z4A direction seed=9012 gain=0.713 max|d|=11.41 (projection 16)
[ok] manila_query_-dvVr_QHKim5_WyUsv_Z4A direction_eot seed=9012 gain=0.585 max|d|=9.35 (projection 16)
[ok] manila_query_-dvVr_QHKim5_WyUsv_Z4A isotropic seed=9012 gain=4.003 max|d|=18.25 (no projection)
[ok] nairobi_query_4_8wDQ5TQuzz_jEJKVIl0Q direction seed=5678 gain=0.766 max|d|=12.25 (projection 16)
[ok] nairobi_query_4_8wDQ5TQuzz_jEJKVIl0Q direction_eot seed=5678 gain=0.610 max|d|=9.76 (projection 16)
[ok] nairobi_query_4_8wDQ5TQuzz_jEJKVIl0Q isotropic seed=5678 gain=3.960 max|d|=17.39 (no projection)
[ok] nairobi_query_4_8wDQ5TQuzz_jEJKVIl0Q direction seed=9012 gain=0.764 max|d|=12.22 (projection 16)
[ok] nairobi_query_4_8wDQ5TQuzz_jEJKVIl0Q direction_eot seed=9012 gain=0.621 max|d|=9.94 (projection 16)
[ok] nairobi_query_4_8wDQ5TQuzz_jEJKVIl0Q isotropic seed=9012 gain=3.961 max|d|=18.49 (no projection)
[ok] toronto_query_-OZxhiQ5zPqGdSRrqUMKfQ direction seed=5678 gain=0.800 max|d|=12.80 (projection 16)
[ok] toronto_query_-OZxhiQ5zPqGdSRrqUMKfQ direction_eot seed=5678 gain=0.663 max|d|=10.61 (projection 16)
[ok] toronto_query_-OZxhiQ5zPqGdSRrqUMKfQ isotropic seed=5678 gain=4.033 max|d|=20.77 (no projection)
[ok] toronto_query_-OZxhiQ5zPqGdSRrqUMKfQ direction seed=9012 gain=0.800 max|d|=12.81 (projection 16)
[ok] toronto_query_-OZxhiQ5zPqGdSRrqUMKfQ direction_eot seed=9012 gain=0.642 max|d|=10.27 (projection 16)
[ok] toronto_query_-OZxhiQ5zPqGdSRrqUMKfQ isotropic seed=9012 gain=4.038 max|d|=16.58 (no projection)
[ok] zurich_query_0zEmJXMA03W0EBFP74wRVQ direction seed=5678 gain=0.770 max|d|=12.32 (projection 16)
[ok] zurich_query_0zEmJXMA03W0EBFP74wRVQ direction_eot seed=5678 gain=0.629 max|d|=10.07 (projection 16)
[ok] zurich_query_0zEmJXMA03W0EBFP74wRVQ isotropic seed=5678 gain=3.969 max|d|=19.09 (no projection)
[ok] zurich_query_0zEmJXMA03W0EBFP74wRVQ direction seed=9012 gain=0.762 max|d|=12.20 (projection 16)
[ok] zurich_query_0zEmJXMA03W0EBFP74wRVQ direction_eot seed=9012 gain=0.641 max|d|=10.25 (projection 16)
[ok] zurich_query_0zEmJXMA03W0EBFP74wRVQ isotropic seed=9012 gain=3.958 max|d|=17.90 (no projection)
[ok] amman_query_2pZlZDNh_3B-gECdtvklWQ direction seed=5678 gain=0.720 max|d|=11.53 (projection 16)
[ok] amman_query_2pZlZDNh_3B-gECdtvklWQ direction_eot seed=5678 gain=0.566 max|d|=9.06 (projection 16)
[ok] amman_query_2pZlZDNh_3B-gECdtvklWQ isotropic seed=5678 gain=3.986 max|d|=18.41 (no projection)
[ok] amman_query_2pZlZDNh_3B-gECdtvklWQ direction seed=9012 gain=0.724 max|d|=11.58 (projection 16)
[ok] amman_query_2pZlZDNh_3B-gECdtvklWQ direction_eot seed=9012 gain=0.558 max|d|=8.92 (projection 16)
[ok] amman_query_2pZlZDNh_3B-gECdtvklWQ isotropic seed=9012 gain=3.975 max|d|=18.12 (no projection)
[ok] boston_query_-Zk-uQZzECPhvd8WV6mxhQ direction seed=5678 gain=0.786 max|d|=12.58 (projection 16)
[ok] boston_query_-Zk-uQZzECPhvd8WV6mxhQ direction_eot seed=5678 gain=0.618 max|d|=9.89 (projection 16)
[ok] boston_query_-Zk-uQZzECPhvd8WV6mxhQ isotropic seed=5678 gain=3.996 max|d|=20.01 (no projection)
[ok] boston_query_-Zk-uQZzECPhvd8WV6mxhQ direction seed=9012 gain=0.781 max|d|=12.49 (projection 16)
[ok] boston_query_-Zk-uQZzECPhvd8WV6mxhQ direction_eot seed=9012 gain=0.622 max|d|=9.95 (projection 16)
[ok] boston_query_-Zk-uQZzECPhvd8WV6mxhQ isotropic seed=9012 gain=3.984 max|d|=17.66 (no projection)
[ok] cph_query_-YjbrleIz5WKWE1Rmmo4fg direction seed=5678 gain=0.817 max|d|=13.07 (projection 16)
[ok] cph_query_-YjbrleIz5WKWE1Rmmo4fg direction_eot seed=5678 gain=0.623 max|d|=9.98 (projection 16)
[ok] cph_query_-YjbrleIz5WKWE1Rmmo4fg isotropic seed=5678 gain=3.966 max|d|=17.22 (no projection)
[ok] cph_query_-YjbrleIz5WKWE1Rmmo4fg direction seed=9012 gain=0.815 max|d|=13.04 (projection 16)
[ok] cph_query_-YjbrleIz5WKWE1Rmmo4fg direction_eot seed=9012 gain=0.633 max|d|=10.13 (projection 16)
[ok] cph_query_-YjbrleIz5WKWE1Rmmo4fg isotropic seed=9012 gain=3.952 max|d|=20.24 (no projection)
[ok] london_query_0LQj6exgKdVQbIBlQAVcrw direction seed=5678 gain=0.781 max|d|=12.50 (projection 16)
[ok] london_query_0LQj6exgKdVQbIBlQAVcrw direction_eot seed=5678 gain=0.587 max|d|=9.39 (projection 16)
[ok] london_query_0LQj6exgKdVQbIBlQAVcrw isotropic seed=5678 gain=3.968 max|d|=19.06 (no projection)
[ok] london_query_0LQj6exgKdVQbIBlQAVcrw direction seed=9012 gain=0.755 max|d|=12.08 (projection 16)
[ok] london_query_0LQj6exgKdVQbIBlQAVcrw direction_eot seed=9012 gain=0.611 max|d|=9.78 (projection 16)
[ok] london_query_0LQj6exgKdVQbIBlQAVcrw isotropic seed=9012 gain=3.978 max|d|=18.86 (no projection)
[ok] manila_query_-fizm8lmdD_ORe0_j5qnJQ direction seed=5678 gain=0.800 max|d|=12.80 (projection 16)
[ok] manila_query_-fizm8lmdD_ORe0_j5qnJQ direction_eot seed=5678 gain=0.640 max|d|=10.25 (projection 16)
[ok] manila_query_-fizm8lmdD_ORe0_j5qnJQ isotropic seed=5678 gain=4.002 max|d|=21.85 (no projection)
[ok] manila_query_-fizm8lmdD_ORe0_j5qnJQ direction seed=9012 gain=0.786 max|d|=12.57 (projection 16)
[ok] manila_query_-fizm8lmdD_ORe0_j5qnJQ direction_eot seed=9012 gain=0.630 max|d|=10.08 (projection 16)
[ok] manila_query_-fizm8lmdD_ORe0_j5qnJQ isotropic seed=9012 gain=4.001 max|d|=17.62 (no projection)
[ok] nairobi_query_4otBu8pxIHc7lXwh66bqHQ direction seed=5678 gain=0.768 max|d|=12.28 (projection 16)
[ok] nairobi_query_4otBu8pxIHc7lXwh66bqHQ direction_eot seed=5678 gain=0.611 max|d|=9.78 (projection 16)
[ok] nairobi_query_4otBu8pxIHc7lXwh66bqHQ isotropic seed=5678 gain=3.972 max|d|=19.00 (no projection)
[ok] nairobi_query_4otBu8pxIHc7lXwh66bqHQ direction seed=9012 gain=0.771 max|d|=12.34 (projection 16)
[ok] nairobi_query_4otBu8pxIHc7lXwh66bqHQ direction_eot seed=9012 gain=0.610 max|d|=9.76 (projection 16)
[ok] nairobi_query_4otBu8pxIHc7lXwh66bqHQ isotropic seed=9012 gain=3.965 max|d|=17.71 (no projection)
[ok] toronto_query_-Pkw8dqFfD76K-CZ7pnCVQ direction seed=5678 gain=0.800 max|d|=12.80 (projection 16)
[ok] toronto_query_-Pkw8dqFfD76K-CZ7pnCVQ direction_eot seed=5678 gain=0.656 max|d|=10.50 (projection 16)
[ok] toronto_query_-Pkw8dqFfD76K-CZ7pnCVQ isotropic seed=5678 gain=4.056 max|d|=18.01 (no projection)
[ok] toronto_query_-Pkw8dqFfD76K-CZ7pnCVQ direction seed=9012 gain=0.795 max|d|=12.72 (projection 16)
[ok] toronto_query_-Pkw8dqFfD76K-CZ7pnCVQ direction_eot seed=9012 gain=0.654 max|d|=10.46 (projection 16)
[ok] toronto_query_-Pkw8dqFfD76K-CZ7pnCVQ isotropic seed=9012 gain=4.060 max|d|=18.47 (no projection)
[ok] zurich_query_1-8NWRY7HPTPq2lkQitPfw direction seed=5678 gain=0.682 max|d|=10.92 (projection 16)
[ok] zurich_query_1-8NWRY7HPTPq2lkQitPfw direction_eot seed=5678 gain=0.597 max|d|=9.55 (projection 16)
[ok] zurich_query_1-8NWRY7HPTPq2lkQitPfw isotropic seed=5678 gain=4.028 max|d|=18.63 (no projection)
[ok] zurich_query_1-8NWRY7HPTPq2lkQitPfw direction seed=9012 gain=0.674 max|d|=10.78 (projection 16)
[ok] zurich_query_1-8NWRY7HPTPq2lkQitPfw direction_eot seed=9012 gain=0.602 max|d|=9.64 (projection 16)
[ok] zurich_query_1-8NWRY7HPTPq2lkQitPfw isotropic seed=9012 gain=4.024 max|d|=22.32 (no projection)
[ok] amman_query_2rTDzpKAZdmx5K2aSyos9w direction seed=5678 gain=0.778 max|d|=12.44 (projection 16)
[ok] amman_query_2rTDzpKAZdmx5K2aSyos9w direction_eot seed=5678 gain=0.640 max|d|=10.25 (projection 16)
[ok] amman_query_2rTDzpKAZdmx5K2aSyos9w isotropic seed=5678 gain=3.963 max|d|=17.69 (no projection)
[ok] amman_query_2rTDzpKAZdmx5K2aSyos9w direction seed=9012 gain=0.785 max|d|=12.56 (projection 16)
[ok] amman_query_2rTDzpKAZdmx5K2aSyos9w direction_eot seed=9012 gain=0.632 max|d|=10.11 (projection 16)
[ok] amman_query_2rTDzpKAZdmx5K2aSyos9w isotropic seed=9012 gain=3.963 max|d|=17.99 (no projection)
[ok] boston_query_-_69BJwJSLQGnzQD20QsOg direction seed=5678 gain=0.716 max|d|=11.45 (projection 16)
[ok] boston_query_-_69BJwJSLQGnzQD20QsOg direction_eot seed=5678 gain=0.584 max|d|=9.35 (projection 16)
[ok] boston_query_-_69BJwJSLQGnzQD20QsOg isotropic seed=5678 gain=4.032 max|d|=19.12 (no projection)
[ok] boston_query_-_69BJwJSLQGnzQD20QsOg direction seed=9012 gain=0.722 max|d|=11.56 (projection 16)
[ok] boston_query_-_69BJwJSLQGnzQD20QsOg direction_eot seed=9012 gain=0.580 max|d|=9.28 (projection 16)
[ok] boston_query_-_69BJwJSLQGnzQD20QsOg isotropic seed=9012 gain=4.028 max|d|=17.97 (no projection)
[ok] cph_query_-YnFOjTmnQhpLwXt2EJ1QQ direction seed=5678 gain=0.853 max|d|=13.65 (projection 16)
[ok] cph_query_-YnFOjTmnQhpLwXt2EJ1QQ direction_eot seed=5678 gain=0.675 max|d|=10.81 (projection 16)
[ok] cph_query_-YnFOjTmnQhpLwXt2EJ1QQ isotropic seed=5678 gain=4.030 max|d|=20.54 (no projection)
[ok] cph_query_-YnFOjTmnQhpLwXt2EJ1QQ direction seed=9012 gain=0.846 max|d|=13.53 (projection 16)
[ok] cph_query_-YnFOjTmnQhpLwXt2EJ1QQ direction_eot seed=9012 gain=0.682 max|d|=10.91 (projection 16)
[ok] cph_query_-YnFOjTmnQhpLwXt2EJ1QQ isotropic seed=9012 gain=4.029 max|d|=17.74 (no projection)
[ok] london_query_0M3fNwl2Fi82PVH3lDRsCg direction seed=5678 gain=0.731 max|d|=11.69 (projection 16)
[ok] london_query_0M3fNwl2Fi82PVH3lDRsCg direction_eot seed=5678 gain=0.565 max|d|=9.04 (projection 16)
[ok] london_query_0M3fNwl2Fi82PVH3lDRsCg isotropic seed=5678 gain=4.019 max|d|=19.73 (no projection)
[ok] london_query_0M3fNwl2Fi82PVH3lDRsCg direction seed=9012 gain=0.721 max|d|=11.54 (projection 16)
[ok] london_query_0M3fNwl2Fi82PVH3lDRsCg direction_eot seed=9012 gain=0.579 max|d|=9.26 (projection 16)
[ok] london_query_0M3fNwl2Fi82PVH3lDRsCg isotropic seed=9012 gain=4.001 max|d|=19.43 (no projection)
[ok] manila_query_-hNuMbgiWK_ZPELfuWj5FQ direction seed=5678 gain=0.750 max|d|=12.00 (projection 16)
[ok] manila_query_-hNuMbgiWK_ZPELfuWj5FQ direction_eot seed=5678 gain=0.633 max|d|=10.13 (projection 16)
[ok] manila_query_-hNuMbgiWK_ZPELfuWj5FQ isotropic seed=5678 gain=4.039 max|d|=19.48 (no projection)
[ok] manila_query_-hNuMbgiWK_ZPELfuWj5FQ direction seed=9012 gain=0.759 max|d|=12.14 (projection 16)
[ok] manila_query_-hNuMbgiWK_ZPELfuWj5FQ direction_eot seed=9012 gain=0.612 max|d|=9.79 (projection 16)
[ok] manila_query_-hNuMbgiWK_ZPELfuWj5FQ isotropic seed=9012 gain=4.030 max|d|=18.09 (no projection)
[ok] nairobi_query_5ISN1dRvjgJI9rd6GbusNQ direction seed=5678 gain=0.801 max|d|=12.82 (projection 16)
[ok] nairobi_query_5ISN1dRvjgJI9rd6GbusNQ direction_eot seed=5678 gain=0.620 max|d|=9.92 (projection 16)
[ok] nairobi_query_5ISN1dRvjgJI9rd6GbusNQ isotropic seed=5678 gain=4.056 max|d|=16.83 (no projection)
[ok] nairobi_query_5ISN1dRvjgJI9rd6GbusNQ direction seed=9012 gain=0.802 max|d|=12.83 (projection 16)
[ok] nairobi_query_5ISN1dRvjgJI9rd6GbusNQ direction_eot seed=9012 gain=0.619 max|d|=9.91 (projection 16)
[ok] nairobi_query_5ISN1dRvjgJI9rd6GbusNQ isotropic seed=9012 gain=4.040 max|d|=18.19 (no projection)
[ok] toronto_query_-PuMS2UqNh7dbLLfWE37yg direction seed=5678 gain=0.769 max|d|=12.30 (projection 16)
[ok] toronto_query_-PuMS2UqNh7dbLLfWE37yg direction_eot seed=5678 gain=0.621 max|d|=9.93 (projection 16)
[ok] toronto_query_-PuMS2UqNh7dbLLfWE37yg isotropic seed=5678 gain=4.046 max|d|=19.54 (no projection)
[ok] toronto_query_-PuMS2UqNh7dbLLfWE37yg direction seed=9012 gain=0.772 max|d|=12.35 (projection 16)
[ok] toronto_query_-PuMS2UqNh7dbLLfWE37yg direction_eot seed=9012 gain=0.623 max|d|=9.97 (projection 16)
[ok] toronto_query_-PuMS2UqNh7dbLLfWE37yg isotropic seed=9012 gain=4.051 max|d|=20.64 (no projection)
[ok] zurich_query_1-TXtjFv1nAkC2AZXfhuDg direction seed=5678 gain=0.809 max|d|=12.94 (projection 16)
[ok] zurich_query_1-TXtjFv1nAkC2AZXfhuDg direction_eot seed=5678 gain=0.648 max|d|=10.37 (projection 16)
[ok] zurich_query_1-TXtjFv1nAkC2AZXfhuDg isotropic seed=5678 gain=3.988 max|d|=19.34 (no projection)
[ok] zurich_query_1-TXtjFv1nAkC2AZXfhuDg direction seed=9012 gain=0.806 max|d|=12.90 (projection 16)
[ok] zurich_query_1-TXtjFv1nAkC2AZXfhuDg direction_eot seed=9012 gain=0.629 max|d|=10.07 (projection 16)
[ok] zurich_query_1-TXtjFv1nAkC2AZXfhuDg isotropic seed=9012 gain=4.002 max|d|=17.88 (no projection)
[done] wrote /root/autodl-tmp/PPEDCRF/src/outputs/tifs6_a8_mse15.68_s2/serialized_release.csv/serialized_release.csv
EXIT=0
