query_id,correct_gallery_id,correct_rank,correct_similarity,hardest_negative_id,hardest_negative_similarity,retrieval_margin,top1_gallery_id,top5_hit,top10_hit,psnr_mean,effective_weight_energy,effective_mse,clipping_fraction,weight_top10pct_share,placement,operator,label,backbone,seed,gallery_size
amman_query_-39Q9edqZUArYHa41OPDoQ,amman_database_230ybQVhceCf4Sln4SPOMQ,1,0.8578524589538574,amman_database_83JeviUS_J6DBsBA1i9tuA,0.8489935398101807,0.008858919143676758,amman_database_230ybQVhceCf4Sln4SPOMQ,1,1,36.076454997178075,0.2507728934288025,16.04851531982422,0.0,0.10000001639127731,uniform,blur,uniform same-energy,resnet18,1234,0
boston_query_--LUAhgqzqNM6FyWSJ-Dsw,boston_database_-XpWzw3N73sfAC2jKTbD5Q,1,0.9454278349876404,boston_database_0XkG0EUDAUX3eUfdrB2wyw,0.9056617021560669,0.039766132831573486,boston_database_-XpWzw3N73sfAC2jKTbD5Q,1,1,36.085434001866034,0.25078102946281433,16.015369415283203,0.0,0.10000001639127731,uniform,blur,uniform same-energy,resnet18,1234,0
cph_query_--FyHVca3HP-QgUmcAvToA,cph_database_0dcx1DoaGzM3QYU_47-ctA,52,0.8361912965774536,boston_database_DU3FJGAh3PrB45a580xbGg,0.8836175203323364,-0.04742622375488281,boston_database_DU3FJGAh3PrB45a580xbGg,0,0,36.10475249552786,0.2507774531841278,15.944287300109863,0.0003743489505723119,0.09999999403953552,uniform,blur,uniform same-energy,resnet18,1234,0
london_query_-0u7VsCOCAmwH4RFsN5BoA,london_database_6MbCpJaLFsTGxLRixQ3Grg,208,0.7746920585632324,zurich_database_0r57m1gsoV4j_t4xOqtL7A,0.8261042833328247,-0.051412224769592285,zurich_database_0r57m1gsoV4j_t4xOqtL7A,0,0,36.353453167477085,0.25077372789382935,15.05688190460205,0.0,0.09999999403953552,uniform,blur,uniform same-energy,resnet18,1234,0
manila_query_-10kuZ2TqVxJ-YLQJl2uqA,manila_database_Zr6IH7wDsmdaq7VyLJLKDg,66,0.8227946758270264,manila_database_7vOvfavBmZmLG0s8XGaBbA,0.8779315948486328,-0.055136919021606445,manila_database_7vOvfavBmZmLG0s8XGaBbA,0,0,36.069966110194684,0.2507741451263428,16.072511672973633,0.0,0.10000000149011612,uniform,blur,uniform same-energy,resnet18,1234,0
nairobi_query_-K4R8iYrz9LwQ7wia8JZtQ,nairobi_database_fdXQFliJlP2K6rvw_jLOnQ,1999,0.533044159412384,zurich_database_4-7L3aTGT-P2Zip2jLHH2Q,0.8242180347442627,-0.29117387533187866,zurich_database_4-7L3aTGT-P2Zip2jLHH2Q,0,0,36.06674770130311,0.25077372789382935,16.084426879882812,0.0,0.09999999403953552,uniform,blur,uniform same-energy,resnet18,1234,0
toronto_query_-1caqsIDW4YpUBZB98J9uV,toronto_database_0ItNHOVZYAjAFyIWcZNw3Q,23,0.8467361927032471,zurich_database_VgwLuWhpDSqjlB2NYlCDAw,0.8632950782775879,-0.01655888557434082,zurich_database_VgwLuWhpDSqjlB2NYlCDAw,0,0,36.273713002399745,0.25076574087142944,15.335892677307129,0.0029188368935137987,0.10000000894069672,uniform,blur,uniform same-energy,resnet18,1234,0
zurich_query_--RjvuIbkJiPNJknyeZN_Q,zurich_database_TZZASHVyX8JX4JCtjaZu8A,252,0.7921358346939087,boston_database_7T5vnHPW4Xd12sc2X_jLfw,0.8560994863510132,-0.06396365165710449,boston_database_7T5vnHPW4Xd12sc2X_jLfw,0,0,36.068501636781434,0.2507779896259308,16.077932357788086,0.0,0.10000000894069672,uniform,blur,uniform same-energy,resnet18,1234,0
amman_query_-6eEB_fS2eePRNUql6vOrQ,amman_database_Ld8UF_WG7d620clwmhmA7w,1,0.9213703274726868,amman_database_ONY-rsH_3nthK111PVrqsg,0.8849250078201294,0.03644531965255737,amman_database_Ld8UF_WG7d620clwmhmA7w,1,1,36.06691868528857,0.2507794499397278,16.08379364013672,0.0,0.09999999403953552,uniform,blur,uniform same-energy,resnet18,1234,0
boston_query_--VtRctVkqAafFr5b_6GXg,boston_database_UwsH5HN1NhjYYf2i_SZMMw,264,0.7990267276763916,manila_database_5epuq5tYovqXrYnobxqP_A,0.8836184144020081,-0.08459168672561646,manila_database_5epuq5tYovqXrYnobxqP_A,0,0,36.08123515091327,0.25077250599861145,16.030860900878906,0.0,0.10000000149011612,uniform,blur,uniform same-energy,resnet18,1234,0
cph_query_--kN3Y3n0x47vWa8WX-a8w,cph_database_m8v7yRzg-Ahnt8itIkwjQA,1,0.9174802303314209,zurich_database_4FlzweEjVGvnW3C9lZIYrw,0.8885480165481567,0.02893221378326416,cph_database_m8v7yRzg-Ahnt8itIkwjQA,1,1,36.066289888774946,0.2507750391960144,16.086122512817383,0.0,0.10000000149011612,uniform,blur,uniform same-energy,resnet18,1234,0
london_query_-4Vq2O1PhPmG6WK-yV402Q,london_database_ZMtlIMgqMeKcrAIPxCMp3g,1,0.9064921140670776,london_database_8m5P4YTaevUpbWaQ62dnUA,0.9036948680877686,0.002797245979309082,london_database_ZMtlIMgqMeKcrAIPxCMp3g,1,1,36.29516022854139,0.250778466463089,15.260344505310059,0.02890625037252903,0.10000000149011612,uniform,blur,uniform same-energy,resnet18,1234,0
manila_query_-10rV9IlRhgTnk5e_QJbgA,manila_database_8aFsf-s2G5vsaCKgNpxZxA,773,0.7703965306282043,manila_database_403INTlXpIBnsRFhSgUFOw,0.8804900050163269,-0.11009347438812256,manila_database_403INTlXpIBnsRFhSgUFOw,0,0,36.31709031622427,0.2507728934288025,15.183480262756348,0.0,0.10000001639127731,uniform,blur,uniform same-energy,resnet18,1234,0
nairobi_query_-cS3FR1RBElNB48QQHiL0Q,nairobi_database_XdvgQAdvS4ZnbRq1lFmPvA,46,0.8401188850402832,amman_database_29z1w1EW9-qTj7neMnnIig,0.8736573457717896,-0.03353846073150635,amman_database_29z1w1EW9-qTj7neMnnIig,0,0,36.06712830435936,0.25077036023139954,16.083017349243164,0.0,0.10000000894069672,uniform,blur,uniform same-energy,resnet18,1234,0
toronto_query_-3UT7A8bNUkVBgSLW30-ow,toronto_database_ahYWgqSEuXW1UvHqjcvhbg,78,0.7778682112693787,boston_database_-Ks6CpNXFqOh9Kttdsa6lw,0.827115535736084,-0.04924732446670532,boston_database_-Ks6CpNXFqOh9Kttdsa6lw,0,0,36.23937234449477,0.25077131390571594,15.457637786865234,0.0,0.10000000149011612,uniform,blur,uniform same-energy,resnet18,1234,0
zurich_query_-25E3MQ0PY1vs_FT7mKaUw,zurich_database_62HR56sCdEq3XIADUUPmBw,20,0.8418673872947693,manila_database_8CX3mu74pWVyEWzhNrVcbQ,0.8664954900741577,-0.024628102779388428,manila_database_8CX3mu74pWVyEWzhNrVcbQ,0,0,36.16206753126272,0.25077539682388306,15.735248565673828,0.0,0.09999998658895493,uniform,blur,uniform same-energy,resnet18,1234,0
amman_query_-BJoV1t0rKwEzk0bsZplVQ,amman_database_RybCghn6dxdppOd3XPQXhw,1656,0.6749395132064819,amman_database_TAHAih6CiD8ZHZpJqmk4NA,0.87059485912323,-0.19565534591674805,amman_database_TAHAih6CiD8ZHZpJqmk4NA,0,0,36.068626834590816,0.2507748603820801,16.077468872070312,0.0,0.09999999403953552,uniform,blur,uniform same-energy,resnet18,1234,0
boston_query_-0n5FDAuOditKvxIekIbBg,boston_database_0-UUkPasBJ3e3InjW6isBg,1,0.8443529605865479,manila_database_3ED-M6yl_Y4YZkenDNv49Q,0.7970541715621948,0.04729878902435303,boston_database_0-UUkPasBJ3e3InjW6isBg,1,1,36.24399922436435,0.2507784366607666,15.441178321838379,0.0007703992887400091,0.10000000149011612,uniform,blur,uniform same-energy,resnet18,1234,0
cph_query_--xKnCCc_4tDGo80iM-A_g,cph_database_2_XsYL2TeW-tmupH9iXwiw,1,0.8995037078857422,cph_database_8c5u5uYeDofXlMnU-Fevhw,0.8901737928390503,0.009329915046691895,cph_database_2_XsYL2TeW-tmupH9iXwiw,1,1,36.11885719177904,0.2507784366607666,15.89258861541748,0.0,0.10000000149011612,uniform,blur,uniform same-energy,resnet18,1234,0
london_query_-4pmBOZmF-ynXSkWw5BAew,london_database_5a908C1LT7cfUlW0-urdfA,1,0.8695620894432068,cph_database_7_wYc_QgW8FRWp1rR6jnJQ,0.855372428894043,0.014189660549163818,london_database_5a908C1LT7cfUlW0-urdfA,1,1,36.44376969112228,0.25077053904533386,14.746990203857422,0.04535047709941864,0.10000000149011612,uniform,blur,uniform same-energy,resnet18,1234,0
manila_query_-2h231ovohZWmrsaBllNyw,manila_database_AtwA7nHo3oRCY9gITWUBSw,143,0.8187136650085449,cph_database_-edcdnyE-FvWjekgrg1QSA,0.8670492172241211,-0.04833555221557617,cph_database_-edcdnyE-FvWjekgrg1QSA,0,0,36.129932076745,0.2507748603820801,15.852112770080566,0.00042317708721384406,0.09999999403953552,uniform,blur,uniform same-energy,resnet18,1234,0
nairobi_query_-dn1KaWvGY9H5JRLNtaYPg,nairobi_database_ssLyvL_47h4IZogucHeChA,11,0.8297467231750488,zurich_database_4NRS_5YX0S3yJJSOofowlA,0.8384789228439331,-0.008732199668884277,zurich_database_4NRS_5YX0S3yJJSOofowlA,0,0,36.38996271431034,0.2507757842540741,14.930834770202637,0.0019748264458030462,0.10000000149011612,uniform,blur,uniform same-energy,resnet18,1234,0
toronto_query_-4IVXvKV2D8brXjQPZ1GRA,toronto_database_76nIzPCLBw3jsfFraKvLlg,1,0.8873306512832642,toronto_database_5ey9E_udkLByc3LTBLFD3A,0.8803629279136658,0.006967723369598389,toronto_database_76nIzPCLBw3jsfFraKvLlg,1,1,36.40866446708244,0.25077104568481445,14.866677284240723,0.0221082903444767,0.09999999403953552,uniform,blur,uniform same-energy,resnet18,1234,0
zurich_query_-4StYjY5sT1S23ls5heCbg,zurich_database_X6HaLuJZms_NtOwrX7Ccnw,1,0.8932485580444336,zurich_database_-Z_U-J1EncVqJmBvLwHPaQ,0.8697970509529114,0.023451507091522217,zurich_database_X6HaLuJZms_NtOwrX7Ccnw,1,1,36.32820395615742,0.25077372789382935,15.144675254821777,0.014377170242369175,0.09999999403953552,uniform,blur,uniform same-energy,resnet18,1234,0
amman_query_-D0IlKF__f0c9DPAKbiYnw,amman_database_83JeviUS_J6DBsBA1i9tuA,105,0.7115303874015808,amman_database_ugi1L8kfJhi2W7D5xbEYlA,0.8335868120193481,-0.12205642461776733,amman_database_ugi1L8kfJhi2W7D5xbEYlA,0,0,36.065454724107646,0.2507750391960144,16.089216232299805,0.0,0.10000000149011612,uniform,blur,uniform same-energy,resnet18,1234,0
boston_query_-3hM-MR6uuw3se14vw3G0w,boston_database_Ald8XklVXJv2wFOcWoD7SA,396,0.7097527980804443,boston_database_4FDiXrluACXMwFexJ7QSmA,0.8415259718894958,-0.1317731738090515,boston_database_4FDiXrluACXMwFexJ7QSmA,0,0,36.076358993543195,0.2507822811603546,16.048870086669922,0.0,0.10000000149011612,uniform,blur,uniform same-energy,resnet18,1234,0
cph_query_-05vIhjxDNupFcgaM90L3w,cph_database_T7zbMe-_pVjIRayCf9mfQw,4,0.8503678441047668,manila_database_1-NjZL9b8KTrSIldAnLivA,0.8759064674377441,-0.025538623332977295,manila_database_1-NjZL9b8KTrSIldAnLivA,1,1,36.24217565750574,0.2507733702659607,15.447663307189941,0.005566406063735485,0.10000000894069672,uniform,blur,uniform same-energy,resnet18,1234,0
london_query_-5QOE2AlZX8rEz8ONtGRrg,london_database_7NuzdrMI9lHNaBHwtbChxQ,42,0.7587793469429016,cph_database_dh-vxFQjWULqXOrDb8Ptzw,0.8184967041015625,-0.05971735715866089,cph_database_dh-vxFQjWULqXOrDb8Ptzw,0,0,36.081919345670975,0.2507743537425995,16.028335571289062,0.0,0.10000000149011612,uniform,blur,uniform same-energy,resnet18,1234,0
manila_query_-3H2xPWPOqn_dCF2Lz5EtQ,manila_database_-VWrhS101xkbdgoKX_ctiw,283,0.8241587281227112,boston_database_AESuFaFKr_mrdts__0iV-Q,0.8770849704742432,-0.05292624235153198,boston_database_AESuFaFKr_mrdts__0iV-Q,0,0,36.238510191774125,0.25076866149902344,15.46070671081543,9.765625145519152e-05,0.10000000149011612,uniform,blur,uniform same-energy,resnet18,1234,0
nairobi_query_-f7xKWoDFjaXHyTtnRqVKw,nairobi_database_18gWBFrXYXa2ANqWz5940w,171,0.7467046976089478,london_database_JeQXfjTo6VURMPAXsqqrqw,0.8352233171463013,-0.08851861953735352,london_database_JeQXfjTo6VURMPAXsqqrqw,0,0,36.16292754012079,0.250775545835495,15.732132911682129,0.0,0.10000000894069672,uniform,blur,uniform same-energy,resnet18,1234,0
toronto_query_-4mlNvZUZnbmRaGbiIndoA,toronto_database_aGiRwJJAlM_N-HVpKyVj_Q,1,0.8569025993347168,nairobi_database_ssLyvL_47h4IZogucHeChA,0.8471207022666931,0.009781897068023682,toronto_database_aGiRwJJAlM_N-HVpKyVj_Q,1,1,36.19848796281457,0.25077539682388306,15.603842735290527,1.0850694707187358e-05,0.09999998658895493,uniform,blur,uniform same-energy,resnet18,1234,0
zurich_query_-71-BK_yAOJ1soK0OQWIcg,zurich_database_D5f-Hfo2KgngABF8SxLx7A,79,0.7542657852172852,boston_database_17euonMgPfb6H2Pil1okIQ,0.8029115200042725,-0.048645734786987305,boston_database_17euonMgPfb6H2Pil1okIQ,0,0,36.105564334507505,0.25076624751091003,15.941307067871094,0.0,0.10000000894069672,uniform,blur,uniform same-energy,resnet18,1234,0
amman_query_-EAmCN9i5BGEadZIccXEyA,amman_database_49Nj3x8K07clFjERwTHCTQ,27,0.8275713324546814,nairobi_database_5NmT9tDga_ogPbyZiowdeA,0.8605794310569763,-0.03300809860229492,nairobi_database_5NmT9tDga_ogPbyZiowdeA,0,0,36.08942672570577,0.2507734000682831,16.000652313232422,0.00014105903392191976,0.10000001639127731,uniform,blur,uniform same-energy,resnet18,1234,0
boston_query_-4vuSn0vvcBVOccgQqFlow,boston_database_Gvml7rFx_6nDit5eWclK5g,74,0.8224919438362122,zurich_database_7ksJdI2p-1XypIH1opA3gw,0.8613641262054443,-0.03887218236923218,zurich_database_7ksJdI2p-1XypIH1opA3gw,0,0,36.08179996556001,0.25077205896377563,16.028776168823242,0.0,0.09999997913837433,uniform,blur,uniform same-energy,resnet18,1234,0
cph_query_-07-gME-zaQLhCsFrSInSg,cph_database_7uNVVQ63J8fRL3vQqXLvMA,2,0.8400183916091919,london_database_0Iz2DUm5xsWGNOXZSATxSQ,0.84083092212677,-0.000812530517578125,london_database_0Iz2DUm5xsWGNOXZSATxSQ,1,1,36.252349134033054,0.2507722079753876,15.411519050598145,0.0,0.09999999403953552,uniform,blur,uniform same-energy,resnet18,1234,0
london_query_-7U9wY8ynnu3oZ1g_-0xww,london_database_7RTgs3f2012dnRwFgn1daw,16,0.8686485886573792,london_database_7hadEPdEI2MGW7SMcZDBUA,0.8933877944946289,-0.024739205837249756,london_database_7hadEPdEI2MGW7SMcZDBUA,0,0,36.27229131986935,0.2507699131965637,15.340913772583008,0.02247178740799427,0.09999999403953552,uniform,blur,uniform same-energy,resnet18,1234,0
manila_query_-5pMypBbFEXHPOTYNJl_EA,manila_database_1NHx9p_Qfpv51-_bnxD3XQ,10,0.8590571880340576,boston_database_4Tm0USyW70ukjXxAuWNUJw,0.8772796392440796,-0.018222451210021973,boston_database_4Tm0USyW70ukjXxAuWNUJw,0,1,36.2426746487502,0.25076764822006226,15.44588851928711,0.0,0.10000000894069672,uniform,blur,uniform same-energy,resnet18,1234,0
nairobi_query_-rWgRitoKSYrdczUKUiOrA,nairobi_database_3rFIO1enFyRVL-nV8QEmBA,3,0.8215847611427307,boston_database_5L3USOLg_-os4yeRMczNuQ,0.8454272747039795,-0.02384251356124878,boston_database_5L3USOLg_-os4yeRMczNuQ,1,1,36.09008865337242,0.2507724463939667,15.998213768005371,0.0,0.10000000149011612,uniform,blur,uniform same-energy,resnet18,1234,0
toronto_query_-5HBlqC41yTbYA1NM7dz1A,toronto_database_LIR6pHa5HpRIR-2BJFU0rg,42,0.8298559188842773,toronto_database_J944BkUVr339StNeKvml4Q,0.8669360876083374,-0.03708016872406006,toronto_database_J944BkUVr339StNeKvml4Q,0,0,36.28137487340487,0.25077182054519653,15.308860778808594,0.03261718899011612,0.09999999403953552,uniform,blur,uniform same-energy,resnet18,1234,0
zurich_query_-7bB9HS2MqV7UT7vRyROfg,zurich_database_5hJrSztFeaGup3NhNZhzFg,28,0.8283257484436035,boston_database_-dzsCoIqiJHKcLjfwSEEng,0.8664676547050476,-0.03814190626144409,boston_database_-dzsCoIqiJHKcLjfwSEEng,0,0,36.099353277419596,0.2507781684398651,15.96412181854248,0.0,0.10000000149011612,uniform,blur,uniform same-energy,resnet18,1234,0
amman_query_-L_vanPrT4RcWlLbzCqMKA,amman_database_IceuJQN2uOI5xXzHFlNWHw,35,0.8297805786132812,manila_database_0juhzfP3_ZmDsludDkLRBA,0.8526970148086548,-0.022916436195373535,manila_database_0juhzfP3_ZmDsludDkLRBA,0,0,36.087886328897284,0.2507728934288025,16.006328582763672,0.0,0.10000001639127731,uniform,blur,uniform same-energy,resnet18,1234,0
boston_query_-5-CNr3q7kmRGcDSMueI4w,boston_database_kkvI6FjRw9lNm8bQvk5Rkg,1,0.8872165083885193,boston_database_z6clbBM962IhGWqflkuHCv,0.8786193132400513,0.008597195148468018,boston_database_kkvI6FjRw9lNm8bQvk5Rkg,1,1,36.07057739823203,0.25077909231185913,16.070249557495117,0.0,0.10000000894069672,uniform,blur,uniform same-energy,resnet18,1234,0
cph_query_-0_HsZnndjHv76QpTyNFCA,cph_database_SV8c2DXuy-R0A6D10eAPeA,2,0.8698146939277649,amman_database_3R0Bf2kyDwfj1gZ5-JMKsw,0.8751996159553528,-0.005384922027587891,amman_database_3R0Bf2kyDwfj1gZ5-JMKsw,1,1,36.091606523478895,0.2507743835449219,15.992623329162598,0.0,0.10000000149011612,uniform,blur,uniform same-energy,resnet18,1234,0
london_query_-7cNAk24ZhuoOowcvDoImw,london_database_51ahiaqHEKcy5QEIBNvh3A,53,0.8057687282562256,boston_database_-BzrVPIrGylZQ8H15WaRYg,0.844124436378479,-0.03835570812225342,boston_database_-BzrVPIrGylZQ8H15WaRYg,0,0,36.236998488777154,0.2507613003253937,15.466089248657227,0.0,0.10000000149011612,uniform,blur,uniform same-energy,resnet18,1234,0
manila_query_-6NSbTuzpeyDbSXKeGAasg,manila_database_No4-TeedOgxh0oAMVBGCKA,1,0.8581246733665466,toronto_database_1VHx8iUPobwi99CTiggIpA,0.8495923280715942,0.008532345294952393,manila_database_No4-TeedOgxh0oAMVBGCKA,1,1,36.080998498360685,0.2507738769054413,16.031734466552734,0.0,0.10000000149011612,uniform,blur,uniform same-energy,resnet18,1234,0
nairobi_query_-yxXz3in11JFniZQAa7m2A,nairobi_database_LSnVsJjFK6VuEpGNIOYDaw,37,0.7978750467300415,cph_database_1nVPT6ZWiVRfTMwuFKHvQw,0.8454952239990234,-0.047620177268981934,cph_database_1nVPT6ZWiVRfTMwuFKHvQw,0,0,36.37403723667882,0.25077298283576965,14.985686302185059,0.009076605550944805,0.09999999403953552,uniform,blur,uniform same-energy,resnet18,1234,0
toronto_query_-5RKNbex7In9Ys4mH40wXA,toronto_database_6WcJ7hWAeDPVUYIua0lFOg,1601,0.6951274275779724,toronto_database_-C42seTAv_ysnP57NggKvQ,0.8799861669540405,-0.18485873937606812,toronto_database_-C42seTAv_ysnP57NggKvQ,0,0,36.51424273751422,0.25077196955680847,14.509621620178223,0.06192491203546524,0.10000000894069672,uniform,blur,uniform same-energy,resnet18,1234,0
zurich_query_-ANYzSHAsjItBx6yJauT3A,zurich_database_2AJ6kHCsE48TTzHS7X6vFw,25,0.8492776155471802,manila_database_YAr_6aQgtNVbe7GhT70obQ,0.8941922187805176,-0.0449146032333374,manila_database_YAr_6aQgtNVbe7GhT70obQ,0,0,36.27973945871645,0.25077348947525024,15.314626693725586,0.0,0.09999998658895493,uniform,blur,uniform same-energy,resnet18,1234,0
amman_query_-MUBUlzvFxQS_zFg6xNhVg,amman_database_151zMheq8vPIGSfBTFm2Kg,41,0.827674150466919,amman_database_21axHEFcyX-1hI673vVgLQ,0.8602688312530518,-0.03259468078613281,amman_database_21axHEFcyX-1hI673vVgLQ,0,0,36.08715721193398,0.2507728934288025,16.009016036987305,0.0,0.10000001639127731,uniform,blur,uniform same-energy,resnet18,1234,0
boston_query_-6RLrPXAeunQaNK6m645ZA,boston_database_4rLO8Z_zI2AomCqI2i3j4w,1,0.8662413954734802,zurich_database_4FlzweEjVGvnW3C9lZIYrw,0.8596681356430054,0.0065732598304748535,boston_database_4rLO8Z_zI2AomCqI2i3j4w,1,1,36.18692841364056,0.2507757842540741,15.645430564880371,2.1701389414374717e-05,0.10000000149011612,uniform,blur,uniform same-energy,resnet18,1234,0
cph_query_-2N5Dmf5tOm5N83KXgvjDw,cph_database_5bN6yjff_s_mmc84IJXTkQ,1,0.8876937031745911,cph_database_5U0Ud3SIKDIGG7O6oKEiNw,0.8554006814956665,0.03229302167892456,cph_database_5bN6yjff_s_mmc84IJXTkQ,1,1,36.50545039895549,0.2507745921611786,14.539026260375977,0.06864149123430252,0.09999999403953552,uniform,blur,uniform same-energy,resnet18,1234,0
london_query_-8xWvI5d3Z6gfsRDb_kEQQ,london_database_2nfD8uopWEhFcNeRrMETIA,26,0.746697187423706,london_database_1HBKiIwsYTj_B1mXOqKWag,0.8535963296890259,-0.10689914226531982,london_database_1HBKiIwsYTj_B1mXOqKWag,0,0,36.31743185064083,0.2507750391960144,15.182286262512207,0.03481445461511612,0.10000000149011612,uniform,blur,uniform same-energy,resnet18,1234,0
manila_query_-6_2C-ExaVhx4ONvHOvffw,manila_database_GI4HIiOuBrAQqj5gEbVdrw,451,0.8205907940864563,manila_database_2pcMDZN9eETtWZGigjrLLw,0.8961011171340942,-0.07551032304763794,manila_database_2pcMDZN9eETtWZGigjrLLw,0,0,36.264816852593555,0.25076824426651,15.367339134216309,0.0006184895755723119,0.09999997913837433,uniform,blur,uniform same-energy,resnet18,1234,0
nairobi_query_0-ZdPdUGwVdDwKbIOxQCBA,nairobi_database_Sm5f4osblN-sOr2YFvbXXg,7,0.8110863566398621,london_database_JeQXfjTo6VURMPAXsqqrqw,0.8457674980163574,-0.03468114137649536,london_database_JeQXfjTo6VURMPAXsqqrqw,0,1,36.10462105683496,0.25077539682388306,15.944769859313965,0.00042317708721384406,0.09999998658895493,uniform,blur,uniform same-energy,resnet18,1234,0
toronto_query_-5ryd5v5eXUsmP9y4p6w_g,toronto_database_xlhtmCWmPwjhLIwEPp899Q,1470,0.7600253820419312,toronto_database_2PHgK91Apm8x6PzXK7MpUA,0.9060999155044556,-0.14607453346252441,toronto_database_2PHgK91Apm8x6PzXK7MpUA,0,0,36.073116246539215,0.25077006220817566,16.06085777282715,0.0,0.10000000149011612,uniform,blur,uniform same-energy,resnet18,1234,0
zurich_query_-Bz7by7mnVU_HZbXc8FmpQ,zurich_database_JlQZqZETcsktpyAY5mc1pg,2,0.874374270439148,toronto_database_8Ha8vTyXTW5lX1aiKBb8KQ,0.891120433807373,-0.016746163368225098,toronto_database_8Ha8vTyXTW5lX1aiKBb8KQ,1,1,36.06793648829823,0.25077298283576965,16.08002471923828,0.0,0.09999999403953552,uniform,blur,uniform same-energy,resnet18,1234,0
amman_query_-N1g8CEJP4UIaWH8Qqja2g,amman_database_UX1YuIhPO2Xhxp7YP0Xf5w,56,0.822700023651123,amman_database_ONY-rsH_3nthK111PVrqsg,0.8919967412948608,-0.06929671764373779,amman_database_ONY-rsH_3nthK111PVrqsg,0,0,36.09082033414655,0.25077298283576965,15.995518684387207,0.0,0.09999999403953552,uniform,blur,uniform same-energy,resnet18,1234,0
boston_query_-7KZUz5u8-7ja98pf8etVA,boston_database_-1Ur0I4BTjRYsKJqfcfVZQ,1007,0.7389143705368042,boston_database_7nBh5iB7F195iH0429WvoQ,0.8714079260826111,-0.13249355554580688,boston_database_7nBh5iB7F195iH0429WvoQ,0,0,36.17793598113512,0.25077390670776367,15.67785930633545,0.00018988715601153672,0.10000000894069672,uniform,blur,uniform same-energy,resnet18,1234,0
cph_query_-3uNzD-M1uI2jZeGqOkpXg,cph_database_spPSHqDZCj45h17hsXWxpw,69,0.7716790437698364,london_database_2dm36NWbW57_LB2NgdO-Rw,0.8286428451538086,-0.05696380138397217,london_database_2dm36NWbW57_LB2NgdO-Rw,0,0,36.06698821383439,0.25077539682388306,16.08353614807129,0.0,0.09999998658895493,uniform,blur,uniform same-energy,resnet18,1234,0
london_query_-9FGszdwftnBlzMuP0c_NQ,london_database_Kz3Cq-q4WwlxQ_Rjgk305g,1,0.8981196880340576,toronto_database_6qYwQstrayZM_SmME-owrw,0.8641841411590576,0.033935546875,london_database_Kz3Cq-q4WwlxQ_Rjgk305g,1,1,36.09506734464487,0.2507767975330353,15.979884147644043,0.0,0.09999999403953552,uniform,blur,uniform same-energy,resnet18,1234,0
manila_query_-6_XaKv0Rrp2Jl0G9m_8NQ,manila_database_-aBV8vXQErDoI7aoZ1e0rw,52,0.8287196755409241,nairobi_database_8BW-IHkUck2W9kRj959Vqw,0.8590676784515381,-0.030348002910614014,nairobi_database_8BW-IHkUck2W9kRj959Vqw,0,0,36.09247807554133,0.25077322125434875,15.98941421508789,0.0,0.10000000149011612,uniform,blur,uniform same-energy,resnet18,1234,0
nairobi_query_01juXwMfxX_a4pfhpqt66g,nairobi_database_2qhZXjPq2bPM3DspieqrQw,36,0.7811119556427002,nairobi_database_aQ1QWPVisVaa3pq53-vgqQ,0.8177579641342163,-0.03664600849151611,nairobi_database_aQ1QWPVisVaa3pq53-vgqQ,0,0,36.23583266202159,0.2507734000682831,15.47024154663086,0.0030002170242369175,0.10000001639127731,uniform,blur,uniform same-energy,resnet18,1234,0
toronto_query_-5z50PgNYnxK8Ns2WmF_TQ,toronto_database_18_06r8X3FWdwfUchBmPQA,32,0.8292553424835205,zurich_database_1RM5Mx-wajw1Nbo7PHHTwg,0.8610517382621765,-0.031796395778656006,zurich_database_1RM5Mx-wajw1Nbo7PHHTwg,0,0,36.07012485126249,0.25077489018440247,16.071924209594727,0.0,0.09999999403953552,uniform,blur,uniform same-energy,resnet18,1234,0
zurich_query_-D3dDkhM5rjIJhj1SPdroA,zurich_database_A7Y3Ah31a1X_Bh7UZS5KIA,243,0.8175479173660278,cph_database_3NQI8cjUItCPUXn1lBmjFQ,0.8747579455375671,-0.05721002817153931,cph_database_3NQI8cjUItCPUXn1lBmjFQ,0,0,36.380809143047244,0.2507605254650116,14.962337493896484,0.03430989757180214,0.10000000149011612,uniform,blur,uniform same-energy,resnet18,1234,0
amman_query_-VdxqGX8d8L_OiSEN5CtDw,amman_database_ugi1L8kfJhi2W7D5xbEYlA,401,0.790412425994873,amman_database_ONY-rsH_3nthK111PVrqsg,0.85769122838974,-0.06727880239486694,amman_database_ONY-rsH_3nthK111PVrqsg,0,0,36.078865590397044,0.25077539682388306,16.039609909057617,0.0,0.09999998658895493,uniform,blur,uniform same-energy,resnet18,1234,0
boston_query_-8cIAPzC7_za-xCEWsIoK2,boston_database_AESuFaFKr_mrdts__0iV-Q,36,0.8189173340797424,cph_database_-_WpfRt0xa7BT3ZNhox7bw,0.8402629494667053,-0.02134561538696289,cph_database_-_WpfRt0xa7BT3ZNhox7bw,0,0,36.204254843629705,0.2507674992084503,15.583136558532715,0.0021430121269077063,0.10000000149011612,uniform,blur,uniform same-energy,resnet18,1234,0
cph_query_-4KruxIYZ3a3GYE0tOKn2w,cph_database_BA4fi2-fm64XvLVa1q7wlA,50,0.8083168268203735,cph_database_2DoeyqFykZ0Nwt_gBPq6hQ,0.8603810667991638,-0.05206423997879028,cph_database_2DoeyqFykZ0Nwt_gBPq6hQ,0,0,36.262670412865184,0.25077298283576965,15.3749361038208,0.010503471828997135,0.09999999403953552,uniform,blur,uniform same-energy,resnet18,1234,0
london_query_-9KgeyegI3TaGMqglsDENg,london_database_Hw6rU3Y_eRzUYi-xZDftAw,1,0.8308383226394653,manila_database_iQLC6e2wWewa4umD-xG3wQ,0.7759619951248169,0.05487632751464844,london_database_Hw6rU3Y_eRzUYi-xZDftAw,1,1,36.09381747264641,0.25077223777770996,15.98448371887207,0.0,0.10000000149011612,uniform,blur,uniform same-energy,resnet18,1234,0
manila_query_-7YHsOWBiYFmYcRzIM0ijg,manila_database_19O8RqWar1XGh6LAIJtmNA,3,0.8069843649864197,boston_database_7FUvQs120_u5TYy5sZdyGQ,0.8189606666564941,-0.011976301670074463,boston_database_7FUvQs120_u5TYy5sZdyGQ,1,1,36.09180879085316,0.2507806122303009,15.991878509521484,0.0,0.09999999403953552,uniform,blur,uniform same-energy,resnet18,1234,0
nairobi_query_09aysNUjwNAPHsHo-R-IdA,nairobi_database_2fUpafUa7KOSZndmkZPttA,3,0.8249644041061401,boston_database_3Z1D9TQt3TTzRxiN7mP4DA,0.8342540264129639,-0.00928962230682373,boston_database_3Z1D9TQt3TTzRxiN7mP4DA,1,1,36.069372944113674,0.25076648592948914,16.07470703125,0.0,0.09999999403953552,uniform,blur,uniform same-energy,resnet18,1234,0
toronto_query_-68JeZKxV2XoP0N_6780Og,toronto_database_5gR2GvdWi8_efGPscwDy_A,2,0.8614370822906494,zurich_database_-Es59pgAQfznoDqUA50E9Q,0.8615494966506958,-0.00011241436004638672,zurich_database_-Es59pgAQfznoDqUA50E9Q,1,1,36.077199355435134,0.25077372789382935,16.045764923095703,0.0,0.09999999403953552,uniform,blur,uniform same-energy,resnet18,1234,0
zurich_query_-E0qyEWY7jSPMOpGqiEG-A,zurich_database_I4oH_JsDyb1dsdtKtFBlCA,33,0.7068386673927307,toronto_database_1VHbDABUyjdB4MuDwo3eNQ,0.7831722497940063,-0.07633358240127563,toronto_database_1VHbDABUyjdB4MuDwo3eNQ,0,0,36.15312112197547,0.25076815485954285,15.767696380615234,0.0008029513992369175,0.10000000149011612,uniform,blur,uniform same-energy,resnet18,1234,0
amman_query_-XWB_1fOm8NW5dQx9p5IKg,amman_database__7mDw96zrfdEDXA5fBuvGA,687,0.7885189056396484,amman_database_MouZWB1Ob24hWl5wCW952A,0.9279441237449646,-0.13942521810531616,amman_database_MouZWB1Ob24hWl5wCW952A,0,0,36.066202863505815,0.25076907873153687,16.086444854736328,0.0,0.10000001639127731,uniform,blur,uniform same-energy,resnet18,1234,0
boston_query_-9Lur-PAHqcMspWszAgfqw,boston_database_CqhaSgFClCjYa5JYXuJe1w,7,0.8804901838302612,zurich_database_dc10RRbQNpdUphjhxUxjXQ,0.9008024334907532,-0.020312249660491943,zurich_database_dc10RRbQNpdUphjhxUxjXQ,0,1,36.27788757995047,0.25077563524246216,15.321158409118652,0.0018880207790061831,0.09999999403953552,uniform,blur,uniform same-energy,resnet18,1234,0
cph_query_-4RqBOkDhigU8JsdQZINkQ,cph_database_XtStyqOnyclJ6DFytgpC0Q,5,0.8906311988830566,london_database_7hadEPdEI2MGW7SMcZDBUA,0.8922087550163269,-0.0015775561332702637,london_database_7hadEPdEI2MGW7SMcZDBUA,1,1,36.22118371095511,0.2507794499397278,15.52251148223877,0.00146484375,0.09999999403953552,uniform,blur,uniform same-energy,resnet18,1234,0
london_query_-FGaYVNFN5ALUsVDNixL_g,london_database_XGVznFOyn5-hxW-YHG6JqQ,1,0.8602725863456726,zurich_database_4NRS_5YX0S3yJJSOofowlA,0.8523495197296143,0.00792306661605835,london_database_XGVznFOyn5-hxW-YHG6JqQ,1,1,36.15916944738969,0.2507772147655487,15.745752334594727,0.0,0.10000001639127731,uniform,blur,uniform same-energy,resnet18,1234,0
manila_query_-81llwEm_ZxNy7Sa7Xrjlw,manila_database_6NVQHVTmkpvn42q7KaKzJA,4,0.8430802822113037,manila_database_2pcMDZN9eETtWZGigjrLLw,0.8497573137283325,-0.006677031517028809,manila_database_2pcMDZN9eETtWZGigjrLLw,1,1,36.35802950625064,0.25076824426651,15.041024208068848,0.0009548611124046147,0.09999997913837433,uniform,blur,uniform same-energy,resnet18,1234,0
nairobi_query_0ByAmUG6wFySvLcHHQ0Sdg,nairobi_database_5fIX502GwN4iBedy_B8GeA,49,0.8135694265365601,nairobi_database_5nj9SryW0zrvMpEtOd9gjg,0.8542506098747253,-0.04068118333816528,nairobi_database_5nj9SryW0zrvMpEtOd9gjg,0,0,36.216733258582494,0.2507738769054413,15.538426399230957,0.003114149207249284,0.10000000149011612,uniform,blur,uniform same-energy,resnet18,1234,0
toronto_query_-6ZIqrL48IaL1dCCO7bDVQ,toronto_database_W6mVozbof69jHkgfFY-m0g,1,0.898542582988739,toronto_database_3erLhthk-y29kkRtkoBrhQ,0.8416024446487427,0.05694013833999634,toronto_database_W6mVozbof69jHkgfFY-m0g,1,1,36.06975790018785,0.25077131390571594,16.07328224182129,0.0,0.10000000149011612,uniform,blur,uniform same-energy,resnet18,1234,0
zurich_query_-F7hOUVha_xHAoDddsUYdw,zurich_database_4nCjiIEaw9okSbBCMVmg_w,1293,0.7156451344490051,toronto_database_hVExz7tZBsxQPaRmQofLqw,0.8502597808837891,-0.13461464643478394,toronto_database_hVExz7tZBsxQPaRmQofLqw,0,0,36.174975284264995,0.2507792115211487,15.68855094909668,0.0,0.09999998658895493,uniform,blur,uniform same-energy,resnet18,1234,0
amman_query_-iXxlTRmA5JphamcIjxBbA,amman_database_14WSqV1GkicoQPD9PrrhwQ,59,0.8290593028068542,toronto_database_hVExz7tZBsxQPaRmQofLqw,0.8846174478530884,-0.05555814504623413,toronto_database_hVExz7tZBsxQPaRmQofLqw,0,0,36.06529615364504,0.2507770359516144,16.08980369567871,0.0,0.10000000149011612,uniform,blur,uniform same-energy,resnet18,1234,0
boston_query_-9gbUk-DmX9AOqntuN1nEm,boston_database_-VLBvmeJKrW60Io9zziTxS,61,0.8315319418907166,boston_database_2Cjk1OlRe0-8M6Pv0tLQ-g,0.866329550743103,-0.034797608852386475,boston_database_2Cjk1OlRe0-8M6Pv0tLQ-g,0,0,36.226668774192575,0.25076672434806824,15.50291919708252,0.0,0.10000000149011612,uniform,blur,uniform same-energy,resnet18,1234,0
cph_query_-4XnD9qE623teR-nRYxB5A,cph_database_ow5xdWEyF-MVQ-BPjFMouA,1,0.8940550088882446,cph_database_-omj0-mF4wHLf3oeSKTIKw,0.856795072555542,0.03725993633270264,cph_database_ow5xdWEyF-MVQ-BPjFMouA,1,1,37.03258175921069,0.25075581669807434,12.877222061157227,0.13293185830116272,0.09999999403953552,uniform,blur,uniform same-energy,resnet18,1234,0
london_query_-Flts9XBA2wVlru8_LHbkg,london_database_-QKK8oyA3lo4YfRSEG7GEA,667,0.731183648109436,nairobi_database_1oH8UP6Fw5pq60tdS75mZA,0.8232735395431519,-0.09208989143371582,nairobi_database_1oH8UP6Fw5pq60tdS75mZA,0,0,36.18623303366271,0.2507738769054413,15.64793586730957,0.0,0.10000000894069672,uniform,blur,uniform same-energy,resnet18,1234,0
manila_query_-85J_HceaTP2S0IavwkQ-A,manila_database_8yqxt9j7zrVdyJ-Ft4Cc1Q,824,0.7556082010269165,manila_database__VL8SUncDox-4OH01nYE4Q,0.8568631410598755,-0.10125494003295898,manila_database__VL8SUncDox-4OH01nYE4Q,0,0,36.14439573859979,0.2507639229297638,15.799407005310059,0.0,0.09999998658895493,uniform,blur,uniform same-energy,resnet18,1234,0
nairobi_query_0LJUobuUEqOqrZc4s2fVgg,nairobi_database_1oH8UP6Fw5pq60tdS75mZA,338,0.7644550800323486,boston_database_DU3FJGAh3PrB45a580xbGg,0.8595796823501587,-0.09512460231781006,boston_database_DU3FJGAh3PrB45a580xbGg,0,0,36.15015707597513,0.25077441334724426,15.778461456298828,0.0,0.10000000149011612,uniform,blur,uniform same-energy,resnet18,1234,0
toronto_query_-7C0G-8afrBbN3hImbBHsA,toronto_database_4QZV-ysKpbmwlccfG-g0Iw,194,0.788267970085144,cph_database_-Vkhovp4zDi6VtaY19_seg,0.8579283952713013,-0.06966042518615723,cph_database_-Vkhovp4zDi6VtaY19_seg,0,0,36.072432921446364,0.2507684528827667,16.063385009765625,0.0,0.10000000894069672,uniform,blur,uniform same-energy,resnet18,1234,0
zurich_query_-Kb55YIF941j2DBFO5gVjA,zurich_database_JlQZqZETcsktpyAY5mc1pg,2,0.8478078842163086,cph_database_5lWKQzKGc2vUB9JJXTTNmw,0.8575677871704102,-0.009759902954101562,cph_database_5lWKQzKGc2vUB9JJXTTNmw,1,1,36.067567661674964,0.25077563524246216,16.081390380859375,0.0,0.09999999403953552,uniform,blur,uniform same-energy,resnet18,1234,0
amman_query_-qij8CFaEYNp4JW3rF9oqQ,amman_database_rdbcIZseJqbKkU9KsDdh-A,6,0.8573836088180542,boston_database_7sEinu-9Cmc8M88D9wksJQ,0.8791289925575256,-0.021745383739471436,boston_database_7sEinu-9Cmc8M88D9wksJQ,0,1,36.121166803387354,0.25076916813850403,15.884139060974121,0.0,0.09999999403953552,uniform,blur,uniform same-energy,resnet18,1234,0
boston_query_-AJWNV55EAzvKArt5mMYqg,boston_database_N3OTKcW9hTAp9nLQb5vvXQ,19,0.835408091545105,boston_database_57ckbe_BSJC6ORvOPDpD_A,0.8537542819976807,-0.018346190452575684,boston_database_57ckbe_BSJC6ORvOPDpD_A,0,0,36.12183593388656,0.2507770359516144,15.881691932678223,0.0002875434001907706,0.09999999403953552,uniform,blur,uniform same-energy,resnet18,1234,0
cph_query_-5qSxgAnKk-6Bf5AVVoPjA,cph_database_80uzfcVMY2L2qHA2dbhCWQ,7,0.8620009422302246,zurich_database_16Q8MrHPMTdCzbt3JQ77iw,0.8764175176620483,-0.01441657543182373,zurich_database_16Q8MrHPMTdCzbt3JQ77iw,0,1,36.07861512380474,0.25077539682388306,16.04053497314453,0.0,0.09999998658895493,uniform,blur,uniform same-energy,resnet18,1234,0
london_query_-HfvOD1d7XUGJoEMybpyqQ,london_database_917neVitvw508ZojGNEx3Q,715,0.7707300186157227,boston_database_3qV_NDshNzxy2JQxvbDkZQ,0.8862948417663574,-0.11556482315063477,boston_database_3qV_NDshNzxy2JQxvbDkZQ,0,0,36.14706992897449,0.25077885389328003,15.789681434631348,0.0007812500116415322,0.10000000149011612,uniform,blur,uniform same-energy,resnet18,1234,0
manila_query_-9tG6ERjH4jVcWo9jkVvBg,manila_database_qtxcmhtwgJidBJJam2iDkw,1,0.8214419484138489,manila_database_2E_tyRdD0eUpkGWRoElT1Q,0.8097233772277832,0.011718571186065674,manila_database_qtxcmhtwgJidBJJam2iDkw,1,1,36.10433403557292,0.25076723098754883,15.945823669433594,1.627604251552839e-05,0.09999999403953552,uniform,blur,uniform same-energy,resnet18,1234,0
nairobi_query_0M1Vl3tUlt_2MiFp6vxhrg,nairobi_database_eLRKoMBh-dvLHfmS1Vahcw,55,0.8303254842758179,boston_database_291-InfICP_FLOb09Og4iA,0.8744149208068848,-0.044089436531066895,boston_database_291-InfICP_FLOb09Og4iA,0,0,36.07924312507158,0.25077298283576965,16.03821563720703,0.0,0.09999999403953552,uniform,blur,uniform same-energy,resnet18,1234,0
toronto_query_-7bDZLvVOVk7ethfd1yomg,toronto_database_8qOq6ZJGQFAHGlRgRSoFTQ,23,0.8634548783302307,toronto_database_0ccv5ZSPbvN3WBJN_1__MA,0.8969885110855103,-0.03353363275527954,toronto_database_0ccv5ZSPbvN3WBJN_1__MA,0,0,36.135033846607385,0.25077250599861145,15.833501815795898,0.0,0.10000000149011612,uniform,blur,uniform same-energy,resnet18,1234,0
zurich_query_-Km53YFc8zewa3vS2OeGsQ,zurich_database_53bbXmgm_cz_armcB3lPKg,12,0.8739790916442871,cph_database_6fnBKZ5y6JLHZ30W5ZJgRg,0.8933395743370056,-0.019360482692718506,cph_database_6fnBKZ5y6JLHZ30W5ZJgRg,0,0,36.10316484724626,0.2507714629173279,15.950117111206055,0.0,0.10000000894069672,uniform,blur,uniform same-energy,resnet18,1234,0
amman_query_-t_-moqpBTWSiKU7mS-lgQ,amman_database_21axHEFcyX-1hI673vVgLQ,23,0.8163313865661621,amman_database_03BobRbPyEDe0jl1HDZCYw,0.8685887455940247,-0.05225735902786255,amman_database_03BobRbPyEDe0jl1HDZCYw,0,0,36.065552031576246,0.25077322125434875,16.088855743408203,0.0,0.09999999403953552,uniform,blur,uniform same-energy,resnet18,1234,0
boston_query_-Ae9_7GnntvqV8myNb9fhv,boston_database_z6clbBM962IhGWqflkuHCv,6,0.861794114112854,boston_database_4KYD-Lea90k3MYU22xzDu7,0.8846782445907593,-0.022884130477905273,boston_database_4KYD-Lea90k3MYU22xzDu7,0,1,36.2380797153127,0.25076866149902344,15.462239265441895,0.00015733507461845875,0.10000000149011612,uniform,blur,uniform same-energy,resnet18,1234,0
cph_query_-8E-udXiyMJCRp_UkM4Kgw,cph_database_2IB57R6kVRS6CDyJNBJWpg,6,0.8191255331039429,cph_database_-WLoHKY0ip7EewEcN8uwqQ,0.8346807956695557,-0.015555262565612793,cph_database_-WLoHKY0ip7EewEcN8uwqQ,0,1,36.170515998678205,0.2507792115211487,15.704668045043945,9.765625145519152e-05,0.09999998658895493,uniform,blur,uniform same-energy,resnet18,1234,0
london_query_-Id3DdRqVbjIA39wjxbTgw,london_database_4yFURIl3HWyhu0J4BPas9w,2,0.8004944324493408,boston_database_4lu4yL8Z8y7SYip2jDb2FQ,0.8167489171028137,-0.0162544846534729,boston_database_4lu4yL8Z8y7SYip2jDb2FQ,1,1,36.14133704519783,0.25076600909233093,15.810538291931152,0.0010470920242369175,0.09999999403953552,uniform,blur,uniform same-energy,resnet18,1234,0
manila_query_-AXkFLZ0HchDGYvJ_KZ3dQ,manila_database_1oIli-5JQ1PBqvT2fhYquQ,31,0.848513126373291,manila_database_8utvedK3WjLqNtdaZaP_4A,0.8885362148284912,-0.040023088455200195,manila_database_8utvedK3WjLqNtdaZaP_4A,0,0,36.069039549224435,0.25077033042907715,16.07594108581543,0.0,0.10000000149011612,uniform,blur,uniform same-energy,resnet18,1234,0
nairobi_query_0Oa1jUYlj8LE47HApYWufA,nairobi_database_14U0pNV5S0iV1nTcO-rhkA,124,0.7864234447479248,nairobi_database_-IYoNK7nzPDI7EvCdWxXdA,0.837602972984314,-0.05117952823638916,nairobi_database_-IYoNK7nzPDI7EvCdWxXdA,0,0,36.07148108697494,0.2507765591144562,16.066905975341797,0.0,0.10000000149011612,uniform,blur,uniform same-energy,resnet18,1234,0
toronto_query_-85n6JJLXmi04edt5JxhzQ,toronto_database_aOsux29CXeL89W7MaEgCLA,1128,0.760566234588623,toronto_database_4DjfS6EeioqDL5k7mux0cw,0.8876605033874512,-0.12709426879882812,toronto_database_4DjfS6EeioqDL5k7mux0cw,0,0,36.101596728119034,0.25077512860298157,15.955877304077148,0.0,0.09999999403953552,uniform,blur,uniform same-energy,resnet18,1234,0
zurich_query_-M0Q1_7lg_TKGT2-mllw4w,zurich_database_HUPZFF-qV9-nO5bO_smWig,64,0.792847752571106,boston_database_0LQAAPjr65htNGNw1Ae6tw,0.8554893136024475,-0.06264156103134155,boston_database_0LQAAPjr65htNGNw1Ae6tw,0,0,36.09216465926671,0.2507741451263428,15.990568161010742,0.0,0.10000000149011612,uniform,blur,uniform same-energy,resnet18,1234,0
amman_query_0-2jyV8XAzdAOYMkdyQVLw,amman_database_36lvaYDrOYq6NEmT7jTvCA,11,0.8513120412826538,amman_database_3R0Bf2kyDwfj1gZ5-JMKsw,0.8731809854507446,-0.02186894416809082,amman_database_3R0Bf2kyDwfj1gZ5-JMKsw,0,0,36.07154862631522,0.2507760524749756,16.0666561126709,0.0,0.10000000149011612,uniform,blur,uniform same-energy,resnet18,1234,0
boston_query_-BE36-GG_yM6YS57M_uMTQ,boston_database_Ald8XklVXJv2wFOcWoD7SA,429,0.7605977058410645,boston_database_4FDiXrluACXMwFexJ7QSmA,0.8834536671638489,-0.12285596132278442,boston_database_4FDiXrluACXMwFexJ7QSmA,0,0,36.073017737950025,0.2507772147655487,16.061222076416016,0.0,0.10000001639127731,uniform,blur,uniform same-energy,resnet18,1234,0
cph_query_-9WYlFp61M1J1zV1mJD4uA,cph_database_UjpWUL98Q5DyuoCMWlk77w,93,0.8099255561828613,cph_database_-3eIUVWD-sqVQ4yuYuqU3Q,0.8626754283905029,-0.0527498722076416,cph_database_-3eIUVWD-sqVQ4yuYuqU3Q,0,0,36.20713929648708,0.2507712244987488,15.572790145874023,0.0,0.10000000149011612,uniform,blur,uniform same-energy,resnet18,1234,0
london_query_-OOGG8lTvgHHqp3iuULlyQ,london_database_-ciLkUT3ztPptCzyhLAG2w,1,0.8803539872169495,manila_database_5rjFma7r9oUAgRgPi5J3PA,0.8626655340194702,0.017688453197479248,london_database_-ciLkUT3ztPptCzyhLAG2w,1,1,36.08452275137833,0.25076907873153687,16.01873016357422,0.0006239149370230734,0.10000001639127731,uniform,blur,uniform same-energy,resnet18,1234,0
manila_query_-ColYSDtqqoE3TZ4eZHu8g,manila_database_-_5itq9kaN27LUOyoOLDuA,242,0.8056595325469971,toronto_database_7iysBerUISRHtFS0RUVgTg,0.866632342338562,-0.06097280979156494,toronto_database_7iysBerUISRHtFS0RUVgTg,0,0,36.07479691003756,0.25077539682388306,16.054643630981445,0.0,0.09999998658895493,uniform,blur,uniform same-energy,resnet18,1234,0
nairobi_query_0R73ChZbcyJ8Z4vBaef_Jw,nairobi_database_ssLyvL_47h4IZogucHeChA,33,0.8239092826843262,manila_database_7jMO5NcoYo4Ka0s2PejP_Q,0.8591511845588684,-0.035241901874542236,manila_database_7jMO5NcoYo4Ka0s2PejP_Q,0,0,36.130362678684975,0.25077465176582336,15.850541114807129,0.0,0.10000000149011612,uniform,blur,uniform same-energy,resnet18,1234,0
toronto_query_-8BknWmZh2lEnEeect73Ww,toronto_database_zv6HYCz2L9iYghJLLris7g,1,0.891103982925415,toronto_database_42gA4Bpu7l2AR00pT_h5Dw,0.8635554313659668,0.027548551559448242,toronto_database_zv6HYCz2L9iYghJLLris7g,1,1,36.10746502086481,0.25077489018440247,15.934331893920898,0.0,0.09999999403953552,uniform,blur,uniform same-energy,resnet18,1234,0
zurich_query_-TxHEY5xnZFgfnHO3ygjzw,zurich_database_yPFr1vukqyaoiyE5hzEgDA,1,0.9036164879798889,cph_database_3sP38oUsccv1DJUlTWqYFg,0.8804487586021423,0.023167729377746582,zurich_database_yPFr1vukqyaoiyE5hzEgDA,1,1,36.11175696770196,0.25077107548713684,15.91859245300293,4.340277882874943e-05,0.09999999403953552,uniform,blur,uniform same-energy,resnet18,1234,0
amman_query_051WRvR5gI1vde606oseFw,amman_database_21axHEFcyX-1hI673vVgLQ,29,0.8201175928115845,amman_database_03BobRbPyEDe0jl1HDZCYw,0.8926506638526917,-0.07253307104110718,amman_database_03BobRbPyEDe0jl1HDZCYw,0,0,36.06557725979438,0.2507741451263428,16.088762283325195,0.0,0.10000000149011612,uniform,blur,uniform same-energy,resnet18,1234,0
boston_query_-CNeDzWqfei0F-1CmA8N9A,boston_database_76FUFcxeZzbF2Nt703437w,19,0.8568540811538696,cph_database_2XjBAvIVehCi1oTjgqkw9w,0.8863952159881592,-0.02954113483428955,cph_database_2XjBAvIVehCi1oTjgqkw9w,0,0,36.06610914593538,0.25077006220817566,16.0867919921875,0.0,0.10000000149011612,uniform,blur,uniform same-energy,resnet18,1234,0
cph_query_-9ZOGirqZl2EVYWN1WLERg,cph_database_Ql2MXoTNSGeDQGwctdxVdA,1,0.9301595091819763,zurich_database_4FlzweEjVGvnW3C9lZIYrw,0.8814371824264526,0.04872232675552368,cph_database_Ql2MXoTNSGeDQGwctdxVdA,1,1,36.06557159630408,0.2507752776145935,16.088783264160156,0.0,0.10000000894069672,uniform,blur,uniform same-energy,resnet18,1234,0
london_query_-TmVvxY52h9CjrIUzBbCgw,london_database_3__T69hWP2YBl0b17CTSIg,71,0.788499116897583,boston_database_5sVUsJEhNKx6MFsRdH1a_Q,0.8368748426437378,-0.048375725746154785,boston_database_5sVUsJEhNKx6MFsRdH1a_Q,0,0,36.22019844732457,0.2507743537425995,15.526033401489258,0.0,0.10000000149011612,uniform,blur,uniform same-energy,resnet18,1234,0
manila_query_-ELxcda6ePiuO6nR3VP3-A,manila_database_UHmqVlwY_tIWS997TaZywA,2,0.860471248626709,manila_database_2pcMDZN9eETtWZGigjrLLw,0.8622039556503296,-0.0017327070236206055,manila_database_2pcMDZN9eETtWZGigjrLLw,1,1,36.37155328439421,0.2507696747779846,14.99425983428955,0.0039116754196584225,0.09999998658895493,uniform,blur,uniform same-energy,resnet18,1234,0
nairobi_query_0TzVtw0twyRTMFGP-VzE8A,nairobi_database_MjdWRTPZD74Zvf3gP0T3DA,26,0.842942476272583,zurich_database_4-amN7nLphQF0Qv7LEKCqQ,0.8695601224899292,-0.02661764621734619,zurich_database_4-amN7nLphQF0Qv7LEKCqQ,0,0,36.17089631057656,0.2507767081260681,15.703292846679688,0.0011555989040061831,0.10000001639127731,uniform,blur,uniform same-energy,resnet18,1234,0
toronto_query_-8NbZpIbjwqAXwoRMmYddg,toronto_database_JZHiKl7CE7BzdlGbop_5MA,38,0.8323198556900024,toronto_database_2INWgVLU39mIgUVLP2xQbA,0.8650029897689819,-0.03268313407897949,toronto_database_2INWgVLU39mIgUVLP2xQbA,0,0,36.06551084296363,0.2507743537425995,16.089008331298828,0.0,0.10000000149011612,uniform,blur,uniform same-energy,resnet18,1234,0
zurich_query_-Vs9xzO47S-0Cfs9o81wvQ,zurich_database_b1fafYqxlKXQcwQsy8LFhQ,4,0.8579614162445068,manila_database_0dFbfxmCgeyDccswDEtWWg,0.8746190071105957,-0.016657590866088867,manila_database_0dFbfxmCgeyDccswDEtWWg,1,1,36.118610141276825,0.2507669925689697,15.893492698669434,0.0,0.10000000149011612,uniform,blur,uniform same-energy,resnet18,1234,0
amman_query_0CjrhmzpvqXBOIBsGB6LcQ,amman_database_69QG67OivV1EL8WHuc8YEg,1,0.8906680345535278,manila_database_0juhzfP3_ZmDsludDkLRBA,0.8685488700866699,0.02211916446685791,amman_database_69QG67OivV1EL8WHuc8YEg,1,1,36.092304010156546,0.2507767081260681,15.990055084228516,0.0,0.10000001639127731,uniform,blur,uniform same-energy,resnet18,1234,0
boston_query_-D-onyWSIw3M1SbsxL7X-g,boston_database_xJh2U6wTEJU5MkN6cNWmrg,101,0.8294830322265625,boston_database_2B76OnuT5TwwsBCC15rSDg,0.8999336361885071,-0.07045060396194458,boston_database_2B76OnuT5TwwsBCC15rSDg,0,0,36.18676958084229,0.25077536702156067,15.646002769470215,4.340277882874943e-05,0.09999998658895493,uniform,blur,uniform same-energy,resnet18,1234,0
cph_query_-AowxxrsOr_xM02-ZyrQ5A,cph_database_0nZJCIlWvN21hdTwFT-XOQ,2,0.8597959280014038,manila_database_UHmqVlwY_tIWS997TaZywA,0.8667945861816406,-0.006998658180236816,manila_database_UHmqVlwY_tIWS997TaZywA,1,1,36.122699488857194,0.2507763206958771,15.878534317016602,0.0,0.10000000149011612,uniform,blur,uniform same-energy,resnet18,1234,0
london_query_-UeH_UbGnPshWdeEEYfhyQ,london_database_TlgZJTCWCnxf-QDzfZ8pKw,71,0.7397695183753967,boston_database_0QoQ8ZS1gO0jR1VGgcTNQg,0.8047723770141602,-0.06500285863876343,boston_database_0QoQ8ZS1gO0jR1VGgcTNQg,0,0,36.09043376556858,0.25077372789382935,15.996942520141602,0.0,0.09999999403953552,uniform,blur,uniform same-energy,resnet18,1234,0
manila_query_-EVOy4h35ZUyBK4r6uBM5g,manila_database_ixGfNfahIcacMbnVzeZG9g,45,0.8036580085754395,manila_database_3ED-M6yl_Y4YZkenDNv49Q,0.8622974157333374,-0.05863940715789795,manila_database_3ED-M6yl_Y4YZkenDNv49Q,0,0,36.12330154902205,0.2507743835449219,15.876333236694336,0.0,0.10000000149011612,uniform,blur,uniform same-energy,resnet18,1234,0
nairobi_query_0YY7sOJF2Kr1PfPB1KidBg,nairobi_database_dM7fC2AkybfrCZcjVXnR5A,9,0.8166308403015137,london_database_JeQXfjTo6VURMPAXsqqrqw,0.8506491780281067,-0.03401833772659302,london_database_JeQXfjTo6VURMPAXsqqrqw,0,1,36.194430346083244,0.25077372789382935,15.618428230285645,0.0037760415580123663,0.09999999403953552,uniform,blur,uniform same-energy,resnet18,1234,0
toronto_query_-8Q-Otkctyr1cXAnmn2BEw,toronto_database_Ih3LD81JtUjroS3MjUuwZg,1,0.8534693717956543,manila_database_8I6-GjqLP1No2q7xAtS3OA,0.8492844104766846,0.0041849613189697266,toronto_database_Ih3LD81JtUjroS3MjUuwZg,1,1,36.47458426737094,0.2507760226726532,14.642725944519043,0.04229600727558136,0.09999999403953552,uniform,blur,uniform same-energy,resnet18,1234,0
zurich_query_-ZAb7eYhYeo1yW06_paa_g,zurich_database_1_gNZOBhjuqXWwNw0QqCaA,1,0.8935548067092896,boston_database_2HqIYacSD0Jad_3YkpMl1g,0.8864279985427856,0.007126808166503906,zurich_database_1_gNZOBhjuqXWwNw0QqCaA,1,1,36.127115404704504,0.25076624751091003,15.862397193908691,0.0,0.10000000149011612,uniform,blur,uniform same-energy,resnet18,1234,0
amman_query_0IvHKlYEfFEP39KRxr9UZg,amman_database_fCzctNthLHl-2vsKbs98Bw,1,0.9044146537780762,amman_database_3R0Bf2kyDwfj1gZ5-JMKsw,0.8974519968032837,0.0069626569747924805,amman_database_fCzctNthLHl-2vsKbs98Bw,1,1,36.070187215412346,0.2507793605327606,16.071693420410156,0.0,0.10000000894069672,uniform,blur,uniform same-energy,resnet18,1234,0
boston_query_-DYvemYiNwx_BmPSrlUWIA,boston_database_N3OTKcW9hTAp9nLQb5vvXQ,106,0.8255469799041748,boston_database_7wQKqB8f8mmOlzPVp_KeXg,0.8615565299987793,-0.03600955009460449,boston_database_7wQKqB8f8mmOlzPVp_KeXg,0,0,36.12552478183552,0.2507770359516144,15.868207931518555,0.0003417968691792339,0.10000000149011612,uniform,blur,uniform same-energy,resnet18,1234,0
cph_query_-BH_JCTriNnLeoSt0e51lQ,cph_database_6CANlvoIvwlMpdsIrbbUmA,872,0.6987816095352173,boston_database_4mzQ9KJnbqfpHrK-m5aFTg,0.8304259181022644,-0.13164430856704712,boston_database_4mzQ9KJnbqfpHrK-m5aFTg,0,0,36.13381896937025,0.2507777214050293,15.837931632995605,0.0,0.10000000894069672,uniform,blur,uniform same-energy,resnet18,1234,0
london_query_-WUdEGuLIX2B2T8rBV0Rgw,london_database_i6pnlFjTqfrLeUs37ARKsg,59,0.8120269775390625,boston_database_-SQ-U4LuFzg4MylsKWaf9g,0.8654361963272095,-0.05340921878814697,boston_database_-SQ-U4LuFzg4MylsKWaf9g,0,0,36.23776605958628,0.25077107548713684,15.463356018066406,0.0029296875,0.09999999403953552,uniform,blur,uniform same-energy,resnet18,1234,0
manila_query_-EthLwRJMwt-Shb-xpIYlA,manila_database_6RVJjUHylLXW8_yzLJi4gw,701,0.7602898478507996,manila_database_1etdiOKnehK8IRpiHKe2Pg,0.8466981649398804,-0.08640831708908081,manila_database_1etdiOKnehK8IRpiHKe2Pg,0,0,36.14802509631944,0.250765860080719,15.786209106445312,0.0,0.09999998658895493,uniform,blur,uniform same-energy,resnet18,1234,0
nairobi_query_0jIUlQnC_o05NHi_OMD_vg,nairobi_database_3xxeV1DoPMaR_eHJb0-MkQ,1,0.8710699677467346,zurich_database_4NRS_5YX0S3yJJSOofowlA,0.8709200620651245,0.00014990568161010742,nairobi_database_3xxeV1DoPMaR_eHJb0-MkQ,1,1,36.42590203825402,0.2507733702659607,14.80778694152832,0.00807834230363369,0.10000000894069672,uniform,blur,uniform same-energy,resnet18,1234,0
toronto_query_-8imnyri_5yPaHzqoBtiSg,toronto_database_5e1J0xEuBEPa9eXQ9e2W-g,95,0.826988697052002,toronto_database_ECmQ64-04E7vfP5IE4lV4g,0.9106384515762329,-0.08364975452423096,toronto_database_ECmQ64-04E7vfP5IE4lV4g,0,0,36.07982885941158,0.2507757842540741,16.036052703857422,0.0,0.10000000894069672,uniform,blur,uniform same-energy,resnet18,1234,0
zurich_query_-_SB4ERKdFDYkwavdkk6NA,zurich_database_1_gNZOBhjuqXWwNw0QqCaA,4,0.8780964612960815,boston_database_43MOWRCtGVln5Lbuq6cYBw,0.8789127469062805,-0.0008162856101989746,boston_database_43MOWRCtGVln5Lbuq6cYBw,1,1,36.13124282807956,0.2507616877555847,15.847329139709473,0.0,0.10000000149011612,uniform,blur,uniform same-energy,resnet18,1234,0
amman_query_0NfGsYmI9MkLl0JzfO-tJg,amman_database_RybCghn6dxdppOd3XPQXhw,1893,0.6540132761001587,amman_database_5XoaP1Muw6iwIBg_kWYFaQ,0.8583123683929443,-0.20429909229278564,amman_database_5XoaP1Muw6iwIBg_kWYFaQ,0,0,36.06552577379057,0.2507748603820801,16.088953018188477,0.0,0.09999999403953552,uniform,blur,uniform same-energy,resnet18,1234,0
boston_query_-DZ2jmUKLylFospVHUJx9w,boston_database_N3OTKcW9hTAp9nLQb5vvXQ,30,0.8312958478927612,boston_database_08Ee0x4RX98medABwOiFEg,0.8712215423583984,-0.03992569446563721,boston_database_08Ee0x4RX98medABwOiFEg,0,0,36.12253959695622,0.2507767975330353,15.879118919372559,0.00045572916860692203,0.09999999403953552,uniform,blur,uniform same-energy,resnet18,1234,0
cph_query_-CmhgNHgZVau1Sw841AZJw,cph_database_-WLoHKY0ip7EewEcN8uwqQ,2,0.8716729879379272,boston_database_1StmGbzpFQ1HuzFV-V2_5A,0.8727602362632751,-0.0010872483253479004,boston_database_1StmGbzpFQ1HuzFV-V2_5A,1,1,36.14752663068274,0.2507777214050293,15.788021087646484,0.0009060329757630825,0.10000000894069672,uniform,blur,uniform same-energy,resnet18,1234,0
london_query_-WZeEq0W1pr6VJS4t3dR0g,london_database_5_ziGZ9lgouSBDtEhw834Q,1,0.7859920859336853,cph_database_4omIq6XeHB0_VWSrQKcI6w,0.7789704203605652,0.007021665573120117,london_database_5_ziGZ9lgouSBDtEhw834Q,1,1,36.241557695699115,0.2507795989513397,15.449861526489258,0.0021158854942768812,0.10000000149011612,uniform,blur,uniform same-energy,resnet18,1234,0
manila_query_-GD9SrklFbEy7mNAK9uIXg,manila_database_3-gSfEXfZFJB6UNSXSK02g,28,0.8247353434562683,manila_database_4__xTySvhbOwYQ1_EJAhug,0.8531413078308105,-0.028405964374542236,manila_database_4__xTySvhbOwYQ1_EJAhug,0,0,36.09355318750812,0.2507722079753876,15.985456466674805,0.0,0.09999999403953552,uniform,blur,uniform same-energy,resnet18,1234,0
nairobi_query_0o5iaNnZzqS9cqJ1tMT85g,nairobi_database_NoG9ZUE9lu8WisRacbbNUw,163,0.7958775162696838,nairobi_database_n1PCtejzqVRzsDEOW3YjuA,0.8631113767623901,-0.0672338604927063,nairobi_database_n1PCtejzqVRzsDEOW3YjuA,0,0,36.068546975488964,0.2507769465446472,16.0777645111084,0.0,0.10000000149011612,uniform,blur,uniform same-energy,resnet18,1234,0
toronto_query_-8zrNMH6voa2ZtBaGNpoYQ,toronto_database_5KWZplgAeg8SoiyL3fb1CA,1,0.9121127128601074,zurich_database_2IFVvdawkgwfoEkc1UpdCw,0.9059051871299744,0.006207525730133057,toronto_database_5KWZplgAeg8SoiyL3fb1CA,1,1,36.075479575137415,0.25077539682388306,16.052120208740234,0.0,0.09999998658895493,uniform,blur,uniform same-energy,resnet18,1234,0
zurich_query_-bwmsEYfSnHpjkqrw0Vn6g,zurich_database_1_gNZOBhjuqXWwNw0QqCaA,1,0.8984290361404419,amman_database_COxopER5Ds_Wn3viS4hFnQ,0.8676190376281738,0.030809998512268066,zurich_database_1_gNZOBhjuqXWwNw0QqCaA,1,1,36.11691843147389,0.25076839327812195,15.89968490600586,0.0,0.09999999403953552,uniform,blur,uniform same-energy,resnet18,1234,0
amman_query_0PLHged3iWJuuv8xOPB5rA,amman_database_HrGES6C0zJzcc7fxoUh1wA,4,0.8380463123321533,amman_database_3ZbkOYTSJMb7R5Av7soq9A,0.8421587347984314,-0.004112422466278076,amman_database_3ZbkOYTSJMb7R5Av7soq9A,1,1,36.09222578661584,0.25077390670776367,15.99034309387207,0.0,0.10000000894069672,uniform,blur,uniform same-energy,resnet18,1234,0
boston_query_-EHBZ4-3d6vENYYFm7mWEw,boston_database_4mzQ9KJnbqfpHrK-m5aFTg,2,0.8937040567398071,boston_database_-BzrVPIrGylZQ8H15WaRYg,0.8990069627761841,-0.005302906036376953,boston_database_-BzrVPIrGylZQ8H15WaRYg,1,1,36.21701874214522,0.2507772147655487,15.537405014038086,0.0017035590717568994,0.10000001639127731,uniform,blur,uniform same-energy,resnet18,1234,0
cph_query_-CrgHhqoywCPgzsSAabnsw,cph_database_L9eWYNDLPVUHOitjad3-fw,29,0.8345454931259155,zurich_database_4-amN7nLphQF0Qv7LEKCqQ,0.8713617324829102,-0.03681623935699463,zurich_database_4-amN7nLphQF0Qv7LEKCqQ,0,0,36.085463483650216,0.2507767975330353,16.015260696411133,0.0,0.09999999403953552,uniform,blur,uniform same-energy,resnet18,1234,0
london_query_-WyzcGh-_EYVhI50Y9F08Q,london_database_0lYDTfjiFald7StHlzc7LA,124,0.7576045393943787,boston_database_0QoQ8ZS1gO0jR1VGgcTNQg,0.8134075999259949,-0.05580306053161621,boston_database_0QoQ8ZS1gO0jR1VGgcTNQg,0,0,36.11286575107841,0.2507733702659607,15.914528846740723,0.0,0.10000000894069672,uniform,blur,uniform same-energy,resnet18,1234,0
manila_query_-GRDcYlSjwLZPQ0LqKatqA,manila_database_1iBFV1kM2kGBlSrYoFdpUg,249,0.7789368629455566,manila_database_0ngRAbovek9HaVT_tiAhZA,0.8835926055908203,-0.10465574264526367,manila_database_0ngRAbovek9HaVT_tiAhZA,0,0,36.06607516094247,0.2507776916027069,16.086917877197266,0.0,0.10000000149011612,uniform,blur,uniform same-energy,resnet18,1234,0
nairobi_query_0u9pYEI4g20T0TGGb3Q_mw,nairobi_database_aGKLyNG-tz3P1x2U4mUJ3A,192,0.792413592338562,amman_database_5s3MIXJYUKdnuJfqu7y9IA,0.850797176361084,-0.05838358402252197,amman_database_5s3MIXJYUKdnuJfqu7y9IA,0,0,36.077146698993516,0.2507672607898712,16.04595947265625,0.0,0.09999999403953552,uniform,blur,uniform same-energy,resnet18,1234,0
toronto_query_-90qYles5GKU3ikhCYP3xg,toronto_database_3z_-YNKqn9FaBhA2mLecZA,3,0.8361300230026245,amman_database_ONY-rsH_3nthK111PVrqsg,0.8497298955917358,-0.013599872589111328,amman_database_ONY-rsH_3nthK111PVrqsg,1,1,36.07730725151085,0.2507738769054413,16.045366287231445,0.0,0.10000000149011612,uniform,blur,uniform same-energy,resnet18,1234,0
zurich_query_-ckZ0rXdz4mibIinNjdoZQ,zurich_database_0CNUMCswDWSt1Tp69k2vzw,71,0.832607626914978,boston_database_-mWT0mJb5wFO7JlmClY0gg,0.8870441317558289,-0.05443650484085083,boston_database_-mWT0mJb5wFO7JlmClY0gg,0,0,36.08932629340459,0.2507748603820801,16.001022338867188,0.0,0.09999999403953552,uniform,blur,uniform same-energy,resnet18,1234,0
amman_query_0R0A_PhOAjP-uMDPM7p7mA,amman_database_IceuJQN2uOI5xXzHFlNWHw,1,0.8838376998901367,cph_database_7nXNULfmHeGICC425Cmpmg,0.8708537817001343,0.012983918190002441,amman_database_IceuJQN2uOI5xXzHFlNWHw,1,1,36.086804340514085,0.25077372789382935,16.010316848754883,0.0,0.09999999403953552,uniform,blur,uniform same-energy,resnet18,1234,0
boston_query_-F1y-kaybMQbp8p7UR03TA,boston_database_1TRosqyedrbYP4Uf-dFqhA,49,0.7849897742271423,boston_database_5DPaJ0eCRYZ5-n_thSbRmw,0.8671731352806091,-0.0821833610534668,boston_database_5DPaJ0eCRYZ5-n_thSbRmw,0,0,36.15777819126488,0.25077196955680847,15.750797271728516,0.004421657882630825,0.10000000894069672,uniform,blur,uniform same-energy,resnet18,1234,0
cph_query_-EJZ9qR_FRIGfCF6DhQCJg,cph_database_-QWxOCFh2Cw3JbcqTX28OQ,1,0.8919705152511597,cph_database_7We2jHKYlziAQQ0G28eWfw,0.8729585409164429,0.019011974334716797,cph_database_-QWxOCFh2Cw3JbcqTX28OQ,1,1,36.08868751550419,0.25077372789382935,16.003376007080078,0.0,0.09999999403953552,uniform,blur,uniform same-energy,resnet18,1234,0
london_query_-XIh6yuegk86oURAbggPpw,london_database_1deRosoILxJD1tXLjblJGQ,8,0.8615858554840088,london_database_1xjEFtVi8VFN8Sb0jMBQPw,0.8754239082336426,-0.013838052749633789,london_database_1xjEFtVi8VFN8Sb0jMBQPw,0,1,36.08921085089664,0.2507641017436981,16.001447677612305,0.0,0.10000000894069672,uniform,blur,uniform same-energy,resnet18,1234,0
manila_query_-GYvqZ8BYSfzGUbFI13obA,manila_database_5epuq5tYovqXrYnobxqP_A,47,0.7930268049240112,manila_database_LlTZZ-urDXw016bTcDEGUQ,0.8592445850372314,-0.06621778011322021,manila_database_LlTZZ-urDXw016bTcDEGUQ,0,0,36.452695417882104,0.2507648766040802,14.716712951660156,0.00439453125,0.10000000149011612,uniform,blur,uniform same-energy,resnet18,1234,0
nairobi_query_16KxNH7RD-4ITdBTZKvAXw,nairobi_database_dM7fC2AkybfrCZcjVXnR5A,26,0.8134839534759521,nairobi_database_L7HQ20CuWeW1lZ721bPiYw,0.8573142886161804,-0.04383033514022827,nairobi_database_L7HQ20CuWeW1lZ721bPiYw,0,0,36.31216424303917,0.25077587366104126,15.200712203979492,0.005875651258975267,0.09999997913837433,uniform,blur,uniform same-energy,resnet18,1234,0
toronto_query_-95Ypw11XUgNqZdY5m4GCw,toronto_database_hVExz7tZBsxQPaRmQofLqw,187,0.8091631531715393,toronto_database_6DG0NOpP2eNtbw-xsmZZoQ,0.8931617736816406,-0.08399862051010132,toronto_database_6DG0NOpP2eNtbw-xsmZZoQ,0,0,36.28965769455741,0.25077539682388306,15.279691696166992,0.0,0.09999998658895493,uniform,blur,uniform same-energy,resnet18,1234,0
zurich_query_-fOHAPAq-KX4XPlg0JJPvg,zurich_database_vx286XWMLd3dewgXDtkHug,491,0.7877175211906433,cph_database_L9eWYNDLPVUHOitjad3-fw,0.861967921257019,-0.07425040006637573,cph_database_L9eWYNDLPVUHOitjad3-fw,0,0,36.42953827644662,0.25076672434806824,14.795393943786621,0.0355902761220932,0.10000000149011612,uniform,blur,uniform same-energy,resnet18,1234,0
amman_query_0RRGZCCzxqj8dJzhN-RnQQ,amman_database_03BobRbPyEDe0jl1HDZCYw,404,0.7572323679924011,amman_database_GiotUCR1nlkHmoamgZzwvA,0.8522484302520752,-0.09501606225967407,amman_database_GiotUCR1nlkHmoamgZzwvA,0,0,36.10271174804352,0.25077247619628906,15.951781272888184,0.0,0.10000000149011612,uniform,blur,uniform same-energy,resnet18,1234,0
boston_query_-GJo3fVMwIWZoCYgf09NLQ,boston_database_TrnYf4ZaimSqB0wbH8H6TQ,224,0.7800382375717163,manila_database_4wD1mGLONGf00rZi4YuGqw,0.8435771465301514,-0.06353890895843506,manila_database_4wD1mGLONGf00rZi4YuGqw,0,0,36.37883813513955,0.25076887011528015,14.96912956237793,0.004199218936264515,0.09999999403953552,uniform,blur,uniform same-energy,resnet18,1234,0
cph_query_-Eb1W6216G9S88OFy95k4Q,cph_database_68e8QoWDyBwLyhV3l9WyrQ,1,0.8124580979347229,london_database_1E751fa5IFU6_Pkl6cWp-w,0.7816036939620972,0.030854403972625732,cph_database_68e8QoWDyBwLyhV3l9WyrQ,1,1,36.078974560784644,0.25077563524246216,16.039207458496094,0.0,0.09999999403953552,uniform,blur,uniform same-energy,resnet18,1234,0
london_query_-XZRTRoj7LEefbZ7UDBzXg,london_database_ogCqZhn7TrfEmF64Tg9z1Q,885,0.7742128372192383,boston_database_0nVucTiqCktiYWTPaBpNcw,0.8725402355194092,-0.0983273983001709,boston_database_0nVucTiqCktiYWTPaBpNcw,0,0,36.15742768605287,0.2507736384868622,15.752068519592285,0.0,0.10000000894069672,uniform,blur,uniform same-energy,resnet18,1234,0
manila_query_-HF88JWAO1GDy0F6B4ZeZg,manila_database_kXY2QOlj-Ec0ed2TK1cUAQ,17,0.82514888048172,manila_database_4qIWqStmpzDvTYuTMvXJZw,0.8513240814208984,-0.026175200939178467,manila_database_4qIWqStmpzDvTYuTMvXJZw,0,0,36.075184411223276,0.2507726848125458,16.053211212158203,0.0,0.09999999403953552,uniform,blur,uniform same-energy,resnet18,1234,0
nairobi_query_183WoPTmmjfRAAmVLL6TDw,nairobi_database_2LeF9KuB512kTBv6IyAFcg,103,0.7993364334106445,boston_database_0ZuEuJjkajztnI_h9TmMdw,0.856662392616272,-0.05732595920562744,boston_database_0ZuEuJjkajztnI_h9TmMdw,0,0,36.06904161031978,0.2507767081260681,16.0759334564209,0.0,0.10000001639127731,uniform,blur,uniform same-energy,resnet18,1234,0
toronto_query_-9p2_cESNINnXfab4o-dKQ,toronto_database_3tXViWEI0hLzpPBjx96sJg,203,0.8066896200180054,amman_database_1B2fSTtZhYHVntYjZKQkVw,0.8844621181488037,-0.07777249813079834,amman_database_1B2fSTtZhYHVntYjZKQkVw,0,0,36.10691063305141,0.2507762610912323,15.936366081237793,0.0,0.10000000149011612,uniform,blur,uniform same-energy,resnet18,1234,0
zurich_query_-iln48QPRjkI40nJSzd6lg,zurich_database_NasE77S9sgnm7re_4N6NLQ,1,0.9105932712554932,zurich_database_6coxnyf3BEzk3VmKWC7GNA,0.8904544115066528,0.020138859748840332,zurich_database_NasE77S9sgnm7re_4N6NLQ,1,1,36.10377615167936,0.2507728934288025,15.947872161865234,0.0,0.10000001639127731,uniform,blur,uniform same-energy,resnet18,1234,0
amman_query_0fPb7in-cHyh0MAM_N6Zwg,amman_database_8r07G8v9DPBbTM53Lqo7uw,4,0.8850103616714478,cph_database_5F9c2L0ay4ro_4tXCyjfNg,0.8905259966850281,-0.005515635013580322,cph_database_5F9c2L0ay4ro_4tXCyjfNg,1,1,36.06758414487774,0.25077489018440247,16.081329345703125,0.0,0.09999999403953552,uniform,blur,uniform same-energy,resnet18,1234,0
boston_query_-HufF4iDO00S4hZK96hUyw,boston_database_6jdzzSIJzD8Fu9L7YOsC9A,1,0.8743385076522827,zurich_database_4FlzweEjVGvnW3C9lZIYrw,0.8681604266166687,0.006178081035614014,boston_database_6jdzzSIJzD8Fu9L7YOsC9A,1,1,36.091292134251326,0.2507752776145935,15.993781089782715,0.0,0.10000000894069672,uniform,blur,uniform same-energy,resnet18,1234,0
cph_query_-Efn_mUBXLqGWGzUw3Youw,cph_database_5uaDLiIMu4DnwKCA9ojhMw,6,0.8457325100898743,toronto_database_2j1PywoBiilyvBDanvmevQ,0.8639906048774719,-0.018258094787597656,toronto_database_2j1PywoBiilyvBDanvmevQ,0,1,36.14473392039895,0.2507750391960144,15.798176765441895,0.0012152778217568994,0.10000000149011612,uniform,blur,uniform same-energy,resnet18,1234,0
london_query_-b5BCVv9Qd6OhZGxpoqS5A,london_database_0QHdIjniSOBq1t8_i9JWAg,2,0.8870936632156372,cph_database_bGaq-m6X5U6XoYAZtNWTUQ,0.8973029851913452,-0.010209321975708008,cph_database_bGaq-m6X5U6XoYAZtNWTUQ,1,1,36.354159614655984,0.2507712244987488,15.05443286895752,0.02801106683909893,0.10000000149011612,uniform,blur,uniform same-energy,resnet18,1234,0
manila_query_-KU1q5fdqSI_GghxKumbeg,manila_database_6UUAvbH1Pt-9nHu_FbEMRA,117,0.8094947934150696,manila_database_80f7_QcQsb6CovNesB-jzA,0.8534564971923828,-0.04396170377731323,manila_database_80f7_QcQsb6CovNesB-jzA,0,0,36.2538186066447,0.25076907873153687,15.406305313110352,0.0032931857276707888,0.10000001639127731,uniform,blur,uniform same-energy,resnet18,1234,0
nairobi_query_19K8RILgg4ErFKJ9l5D9zQ,nairobi_database_6TX4ZR0VfqHmNorJfDCQdA,109,0.7666037082672119,nairobi_database_L7HQ20CuWeW1lZ721bPiYw,0.8622398376464844,-0.09563612937927246,nairobi_database_L7HQ20CuWeW1lZ721bPiYw,0,0,36.17323482652525,0.25077298283576965,15.694839477539062,0.0032823351211845875,0.09999999403953552,uniform,blur,uniform same-energy,resnet18,1234,0
toronto_query_-Af6Q3npKjccLu7TwYvlsQ,toronto_database_yYY-DeUP22gC30oEG2c9_A,1,0.878675103187561,manila_database_2t6CUEulrqnEMtvcaGVfrA,0.8427690863609314,0.03590601682662964,toronto_database_yYY-DeUP22gC30oEG2c9_A,1,1,36.14454228081287,0.25077441334724426,15.798873901367188,0.0,0.10000000149011612,uniform,blur,uniform same-energy,resnet18,1234,0
zurich_query_-ldtR3_I7eHdDGYU5BNczg,zurich_database_6Tpy6Xxof6fyaFeCZtbsEg,262,0.7857180237770081,zurich_database_0VIPNNiH89sDerQWKlMkFQ,0.8382102251052856,-0.05249220132827759,zurich_database_0VIPNNiH89sDerQWKlMkFQ,0,0,36.06814667166958,0.2507728934288025,16.079246520996094,0.0,0.10000001639127731,uniform,blur,uniform same-energy,resnet18,1234,0
amman_query_0mtodUgJmOV4UK-0AiTGHg,amman_database_UX1YuIhPO2Xhxp7YP0Xf5w,5,0.8434513807296753,boston_database_-OKhxL3ozQnsPnzzoCpFag,0.8534616231918335,-0.010010242462158203,boston_database_-OKhxL3ozQnsPnzzoCpFag,1,1,36.09609617391396,0.2507745921611786,15.976099014282227,0.0,0.09999999403953552,uniform,blur,uniform same-energy,resnet18,1234,0
boston_query_-IYAXZ4yoOS7SzEIu2m-me,boston_database_4ZbdgBgOEO3l9iL-DzVnYA,23,0.6548665761947632,boston_database_5g8yJhnj8EfOWv5r3id1kw,0.7167791128158569,-0.06191253662109375,boston_database_5g8yJhnj8EfOWv5r3id1kw,0,0,36.097144954449114,0.25076577067375183,15.972241401672363,0.0,0.10000001639127731,uniform,blur,uniform same-energy,resnet18,1234,0
cph_query_-F5w8wQO0CU26PCfOqANzA,cph_database_2DoeyqFykZ0Nwt_gBPq6hQ,88,0.8313452005386353,cph_database_91artjOPa7CHWMvO0jRGBA,0.868455171585083,-0.037109971046447754,cph_database_91artjOPa7CHWMvO0jRGBA,0,0,36.082322471593855,0.2507787048816681,16.02684783935547,0.0,0.09999999403953552,uniform,blur,uniform same-energy,resnet18,1234,0
london_query_-c-T7aulp9a5g-J9zYbYiQ,london_database_6MbCpJaLFsTGxLRixQ3Grg,424,0.7925610542297363,zurich_database_1RM5Mx-wajw1Nbo7PHHTwg,0.8788304924964905,-0.08626943826675415,zurich_database_1RM5Mx-wajw1Nbo7PHHTwg,0,0,36.199581148242224,0.25077247619628906,15.599915504455566,0.0017144096782431006,0.10000000149011612,uniform,blur,uniform same-energy,resnet18,1234,0
manila_query_-KoSUCrB2w1FscwO9vyRlw,manila_database_oo2Hf8Bz8vmfSX2BP81how,147,0.7775585651397705,manila_database_qtxcmhtwgJidBJJam2iDkw,0.8481234312057495,-0.070564866065979,manila_database_qtxcmhtwgJidBJJam2iDkw,0,0,36.08005873265487,0.25076842308044434,16.03520393371582,0.0,0.10000000149011612,uniform,blur,uniform same-energy,resnet18,1234,0
nairobi_query_1J7o8IGEriKnTs-ay8aPNQ,nairobi_database_cX5HjnSllcBLRmqUIvPa5g,1,0.8660376071929932,nairobi_database_L7HQ20CuWeW1lZ721bPiYw,0.85326087474823,0.012776732444763184,nairobi_database_cX5HjnSllcBLRmqUIvPa5g,1,1,36.18151046730523,0.2507738769054413,15.664960861206055,0.0028103298973292112,0.10000000149011612,uniform,blur,uniform same-energy,resnet18,1234,0
toronto_query_-AlgHQUWzDPe9bpb8ZAzSA,toronto_database_7iysBerUISRHtFS0RUVgTg,39,0.8339611887931824,manila_database_2Ek2Y4Mw82uYV9iRYA_kHA,0.8816802501678467,-0.04771906137466431,manila_database_2Ek2Y4Mw82uYV9iRYA_kHA,0,0,36.119119893805845,0.25077587366104126,15.891627311706543,0.0,0.09999997913837433,uniform,blur,uniform same-energy,resnet18,1234,0
zurich_query_-m5K41q4X0r8qu_XnaYlIg,zurich_database_y6v4y08NV3KIHLZv6Vcj6A,20,0.8699758648872375,manila_database_YAr_6aQgtNVbe7GhT70obQ,0.8886048197746277,-0.018628954887390137,manila_database_YAr_6aQgtNVbe7GhT70obQ,0,0,36.2862333541595,0.25077417492866516,15.291744232177734,0.0,0.10000000894069672,uniform,blur,uniform same-energy,resnet18,1234,0
amman_query_0rJM3ZzX3JzTTpl0GCia8w,amman_database_1yCFFO2hv_bRMTuOu7_MZQ,392,0.651628851890564,amman_database_RybCghn6dxdppOd3XPQXhw,0.8663382530212402,-0.21470940113067627,amman_database_RybCghn6dxdppOd3XPQXhw,0,0,36.1448770657438,0.250778466463089,15.797656059265137,0.0,0.10000000149011612,uniform,blur,uniform same-energy,resnet18,1234,0
boston_query_-Jix8HM-vXTXdWrXQwVvQw,boston_database_-wqITAE6FndKbzHZNsIJeA,2,0.895719051361084,boston_database_3Au55BZeH2nnxvZ9miF9cg,0.8993430137634277,-0.00362396240234375,boston_database_3Au55BZeH2nnxvZ9miF9cg,1,1,36.230103668393966,0.2507769465446472,15.490662574768066,0.0020616319961845875,0.10000000149011612,uniform,blur,uniform same-energy,resnet18,1234,0
cph_query_-FLAkBWjfrY2RcqaQ-LgmQ,cph_database_mM7P8ptP9qs40DDOdxQu6Q,3,0.9214085340499878,cph_database_5i_SrA0XpJKR_sBDXaaAGQ,0.931076169013977,-0.009667634963989258,cph_database_5i_SrA0XpJKR_sBDXaaAGQ,1,1,36.06673688627738,0.25077390670776367,16.0844669342041,0.0,0.10000000894069672,uniform,blur,uniform same-energy,resnet18,1234,0
london_query_-cAVonhAOLeSK7tfil0ceg,london_database_8pfnISpuJMiyPo4lVAKOXg,38,0.8294050097465515,london_database_1hOEd6DEV2g1FGFTXt7nKA,0.8628458976745605,-0.03344088792800903,london_database_1hOEd6DEV2g1FGFTXt7nKA,0,0,36.2492728350551,0.2507786750793457,15.422439575195312,0.02146809920668602,0.09999999403953552,uniform,blur,uniform same-energy,resnet18,1234,0
manila_query_-LBCdeO8C8kj5IjX1m3XTA,manila_database_-krzFiiOp_6LbfDayIsX1A,198,0.7937011122703552,manila_database_6pTorDOFr12ZBxCLKF-BZw,0.8619686365127563,-0.06826752424240112,manila_database_6pTorDOFr12ZBxCLKF-BZw,0,0,36.15893640063935,0.25077009201049805,15.746597290039062,0.0,0.10000000894069672,uniform,blur,uniform same-energy,resnet18,1234,0
nairobi_query_1YjlKCdHNgoQBY8yOFqlmw,nairobi_database_FuBkR1fbVVpCW5nvjIU89g,7,0.8083109855651855,zurich_database_3CheeIU37UA57000lgsiQQ,0.8337396383285522,-0.0254286527633667,zurich_database_3CheeIU37UA57000lgsiQQ,0,1,36.27841259079112,0.25077348947525024,15.319306373596191,0.0,0.09999998658895493,uniform,blur,uniform same-energy,resnet18,1234,0
toronto_query_-B-3B3MjxX0UdrDIo-8kmA,toronto_database_-AzdCE_6bZoUqQg2nxvEXQ,8,0.8729488253593445,toronto_database_0Xd5A1HQH8R9fdiXX-PmOg,0.8820556402206421,-0.009106814861297607,toronto_database_0Xd5A1HQH8R9fdiXX-PmOg,0,1,36.15650383412483,0.25077489018440247,15.755419731140137,0.0019585504196584225,0.09999999403953552,uniform,blur,uniform same-energy,resnet18,1234,0
zurich_query_-nhCCSRwlsxqJsUbzqZvCQ,zurich_database_5hOStvk5qjU3iKb8wDonkw,1003,0.721449613571167,boston_database_6eo_PB8XxYq0xLQ6q1SGuw,0.814618706703186,-0.09316909313201904,boston_database_6eo_PB8XxYq0xLQ6q1SGuw,0,0,36.07124908960827,0.2507608234882355,16.067764282226562,0.0,0.10000000894069672,uniform,blur,uniform same-energy,resnet18,1234,0
amman_query_12LbsAl_T_jgw2JHgbR5ng,amman_database_48QNUOWeMH0KrknHieOl3Q,385,0.8083374500274658,amman_database_jeZSOjsaBEcvWjfubFGbzw,0.9262652397155762,-0.11792778968811035,amman_database_jeZSOjsaBEcvWjfubFGbzw,0,0,36.06816573291957,0.25077250599861145,16.07917594909668,0.0,0.10000000149011612,uniform,blur,uniform same-energy,resnet18,1234,0
boston_query_-Jv7RF27BSJIV-gqOI7KxZ,boston_database_P8zBjVDJ8gQGkj97FOP5Z-,33,0.8224786520004272,london_database_61IlcBTeZRkr7Jvb2-IVaQ,0.8521632552146912,-0.029684603214263916,london_database_61IlcBTeZRkr7Jvb2-IVaQ,0,0,36.88355090990398,0.25076624751091003,13.326781272888184,0.02491319365799427,0.10000000149011612,uniform,blur,uniform same-energy,resnet18,1234,0
cph_query_-GVbOpzggFXAot0UyKhx2g,cph_database_04Bz2mPV9xajFGZOxvcyAg,8,0.893661618232727,cph_database_1r3p-PThKkp7dL6P7W7nrA,0.924564778804779,-0.030903160572052002,cph_database_1r3p-PThKkp7dL6P7W7nrA,0,1,36.07147593134326,0.2507767975330353,16.066925048828125,0.0,0.09999999403953552,uniform,blur,uniform same-energy,resnet18,1234,0
london_query_-dHWRapn57-l_kynPnun3Q,london_database_8R0v__ddHErldoAh30NGAQ,10,0.85821533203125,london_database_Au63mEM_QWbUdgTa-1C0Pw,0.8870843648910522,-0.028869032859802246,london_database_Au63mEM_QWbUdgTa-1C0Pw,0,1,36.09006172904299,0.25077274441719055,15.998312950134277,0.0004503038071561605,0.10000000149011612,uniform,blur,uniform same-energy,resnet18,1234,0
manila_query_-MH02w7P6jmmqnoUdL-55Q,manila_database_31P09aOdEXsPJyiA8d7DRA,19,0.8224307894706726,manila_database_U1FwUndEQdlXZ93Iz997UA,0.8545197248458862,-0.03208893537521362,manila_database_U1FwUndEQdlXZ93Iz997UA,0,0,36.168457301341206,0.2507763206958771,15.712114334106445,0.00010308159835403785,0.10000000149011612,uniform,blur,uniform same-energy,resnet18,1234,0
nairobi_query_1Z__CFelPzXEI1IEu_8QJw,nairobi_database_n1PCtejzqVRzsDEOW3YjuA,415,0.8099762201309204,manila_database_7jMO5NcoYo4Ka0s2PejP_Q,0.8931465744972229,-0.08317035436630249,manila_database_7jMO5NcoYo4Ka0s2PejP_Q,0,0,36.168535592033095,0.2507741451263428,15.711831092834473,5.425347262644209e-05,0.10000000149011612,uniform,blur,uniform same-energy,resnet18,1234,0
toronto_query_-B136fRwqMBMXoc03yy-PQ,toronto_database_xjOMFXloX5yu5hsMzo21Ww,1,0.8853815197944641,zurich_database_EK_v4t0Y_zJRaqMlpuC4gA,0.8843399882316589,0.0010415315628051758,toronto_database_xjOMFXloX5yu5hsMzo21Ww,1,1,36.18255575096488,0.250775545835495,15.6611909866333,0.0023220486473292112,0.10000000894069672,uniform,blur,uniform same-energy,resnet18,1234,0
zurich_query_-tYWpAACOq7RfVvZJ-BAcQ,zurich_database_5BKPtlTmM2nsMwLqUHa0Ig,250,0.7786378860473633,toronto_database_5gR2GvdWi8_efGPscwDy_A,0.8443986177444458,-0.06576073169708252,toronto_database_5gR2GvdWi8_efGPscwDy_A,0,0,36.065421773924584,0.25076907873153687,16.089338302612305,0.0,0.10000001639127731,uniform,blur,uniform same-energy,resnet18,1234,0
amman_query_1HafWFxuyylXLnDzCoapDA,amman_database_48QNUOWeMH0KrknHieOl3Q,175,0.8250926733016968,amman_database_COxopER5Ds_Wn3viS4hFnQ,0.8884788155555725,-0.06338614225387573,amman_database_COxopER5Ds_Wn3viS4hFnQ,0,0,36.07097947268421,0.25077348947525024,16.068761825561523,0.0,0.09999998658895493,uniform,blur,uniform same-energy,resnet18,1234,0
boston_query_-Kg6j3FKy26wYRLBkE_dFQ,boston_database_08Ee0x4RX98medABwOiFEg,9,0.8650678992271423,toronto_database_1OKrJwSkMgWLOUyI6mfdmQ,0.8805290460586548,-0.015461146831512451,toronto_database_1OKrJwSkMgWLOUyI6mfdmQ,0,1,36.20241441074824,0.2507765293121338,15.589741706848145,0.0012966579524800181,0.10000000149011612,uniform,blur,uniform same-energy,resnet18,1234,0
cph_query_-G_OOR1_yAfdfgnlKYNKnQ,cph_database_527PbRnO33EZQAn_aXrATw,1,0.9112542867660522,cph_database_-Gsqo2oq6qH6iH8ucshhiA,0.8427774310112,0.0684768557548523,cph_database_527PbRnO33EZQAn_aXrATw,1,1,36.09583589777628,0.2507767975330353,15.977056503295898,0.0,0.09999999403953552,uniform,blur,uniform same-energy,resnet18,1234,0
london_query_-dZ1k85FDVdFSbcG6_ECOA,london_database_Yz7eCBL40iYRogC_VrOciQ,9,0.8019832968711853,london_database_4xtgpNe3FmAQyzxnF9lLdA,0.8305546045303345,-0.02857130765914917,london_database_4xtgpNe3FmAQyzxnF9lLdA,0,1,36.31561373449932,0.25076839327812195,15.188643455505371,0.0026529948227107525,0.09999999403953552,uniform,blur,uniform same-energy,resnet18,1234,0
manila_query_-MKMMHEd33H1_45AJ8B5AA,manila_database_UHmqVlwY_tIWS997TaZywA,5,0.8458371162414551,manila_database_9-OqnhXHTkBDBXpCzh7y0Q,0.8497010469436646,-0.0038639307022094727,manila_database_9-OqnhXHTkBDBXpCzh7y0Q,1,1,36.356554907627356,0.25077059864997864,15.04613208770752,0.0026692708488553762,0.10000000149011612,uniform,blur,uniform same-energy,resnet18,1234,0
nairobi_query_20W8wyVhxSIpj4ekTP7ezw,nairobi_database_8QrvtfnMMYvjycP4nESumw,137,0.7516442537307739,nairobi_database_5NmT9tDga_ogPbyZiowdeA,0.8362470269203186,-0.08460277318954468,nairobi_database_5NmT9tDga_ogPbyZiowdeA,0,0,36.06949816704386,0.2507794499397278,16.074243545532227,0.0,0.09999999403953552,uniform,blur,uniform same-energy,resnet18,1234,0
toronto_query_-BTAllhGXYkM_JsKwxUFMg,toronto_database_thqpfauTP254fUgBlCuy9Q,244,0.8188009262084961,toronto_database_4DjfS6EeioqDL5k7mux0cw,0.930868923664093,-0.11206799745559692,toronto_database_4DjfS6EeioqDL5k7mux0cw,0,0,36.09619131858657,0.2507750391960144,15.975749015808105,0.0,0.10000000149011612,uniform,blur,uniform same-energy,resnet18,1234,0
zurich_query_-uQ-4tnYcOJ9WPXRG-ou3w,zurich_database_f1SDEHVOoXMPw3buE6no_A,355,0.809831976890564,london_database_7hadEPdEI2MGW7SMcZDBUA,0.8889332413673401,-0.07910126447677612,london_database_7hadEPdEI2MGW7SMcZDBUA,0,0,36.27692720685908,0.25077417492866516,15.324546813964844,0.010243055410683155,0.10000000894069672,uniform,blur,uniform same-energy,resnet18,1234,0
amman_query_1IWpn2b6V75KvNFoTU8UOQ,amman_database_UX1YuIhPO2Xhxp7YP0Xf5w,38,0.8339652419090271,boston_database_890bUQpWguhUny6KiFrBGQ,0.8711794018745422,-0.03721415996551514,boston_database_890bUQpWguhUny6KiFrBGQ,0,0,36.08727311730662,0.25077056884765625,16.008588790893555,0.0,0.10000000149011612,uniform,blur,uniform same-energy,resnet18,1234,0
boston_query_-LPTAIN0lPGriKBtXoH5Mg,boston_database_56C-uiBFbe1dAHezyJhDoA,1,0.9323146343231201,boston_database_6p1zONaTXLWQeJHQx0CIVw,0.9137401580810547,0.01857447624206543,boston_database_56C-uiBFbe1dAHezyJhDoA,1,1,36.09594062852989,0.25078150629997253,15.97667121887207,0.0,0.10000000894069672,uniform,blur,uniform same-energy,resnet18,1234,0
cph_query_-Gsj5kZ1V6uLXFxzeI7G2Q,cph_database_8dPByQ0w0nJ6JQ0Dt2phAg,225,0.8141071796417236,cph_database_2XjBAvIVehCi1oTjgqkw9w,0.8684011101722717,-0.054293930530548096,cph_database_2XjBAvIVehCi1oTjgqkw9w,0,0,36.06625332765064,0.25077173113822937,16.086257934570312,0.0,0.10000000894069672,uniform,blur,uniform same-energy,resnet18,1234,0
london_query_-dp5VWHVq4LzwLgq7y7yhw,london_database_6A3rCfSXyE2THTGgLGEh9A,137,0.7744770050048828,london_database_6QeCroSKkwmhf9sxqtSj7Q,0.8493283987045288,-0.074851393699646,london_database_6QeCroSKkwmhf9sxqtSj7Q,0,0,36.073244156313855,0.2507776916027069,16.06038475036621,0.0,0.10000000894069672,uniform,blur,uniform same-energy,resnet18,1234,0
manila_query_-N4wDG2Fhm38ZVy0hGp8_A,manila_database_-Fetcixx23dnC3G5T1XYGQ,138,0.7945106029510498,toronto_database_3kA21VsH9vnqPH6X0blOUQ,0.8511570692062378,-0.05664646625518799,toronto_database_3kA21VsH9vnqPH6X0blOUQ,0,0,36.08179428087467,0.2507696747779846,16.028797149658203,0.0,0.09999998658895493,uniform,blur,uniform same-energy,resnet18,1234,0
nairobi_query_2CNtCHy0TUbebdEFLYNrIQ,nairobi_database_3xxeV1DoPMaR_eHJb0-MkQ,12,0.8450725078582764,nairobi_database_5nj9SryW0zrvMpEtOd9gjg,0.8645460605621338,-0.019473552703857422,nairobi_database_5nj9SryW0zrvMpEtOd9gjg,0,0,36.38703079552162,0.25077348947525024,14.94091796875,0.00933159701526165,0.09999998658895493,uniform,blur,uniform same-energy,resnet18,1234,0
toronto_query_-Cdr8zjFdZw7nzz8_rwM4w,toronto_database_vHFdoApurhBvoN12-Y0jCA,233,0.8182926774024963,cph_database_6fnBKZ5y6JLHZ30W5ZJgRg,0.8960471153259277,-0.0777544379234314,cph_database_6fnBKZ5y6JLHZ30W5ZJgRg,0,0,36.07249016191303,0.2507760226726532,16.063173294067383,0.0,0.09999999403953552,uniform,blur,uniform same-energy,resnet18,1234,0
zurich_query_0247N-PdpG4_iueC_9_G4g,zurich_database_5EBjYZoNQsB323r5P6H-HQ,1,0.8843494653701782,boston_database_5dFWcq_sUeeshzN0y_GXew,0.8755034804344177,0.008845984935760498,zurich_database_5EBjYZoNQsB323r5P6H-HQ,1,1,36.28243608545639,0.25077298283576965,15.305120468139648,6.510417006211355e-05,0.09999999403953552,uniform,blur,uniform same-energy,resnet18,1234,0
amman_query_1Nmy4JnYnb5zA_JmbkDWBQ,amman_database_q8IKz1dYe84bII8aKmSgZw,468,0.7740897536277771,amman_database_Ld8UF_WG7d620clwmhmA7w,0.8939517736434937,-0.11986202001571655,amman_database_Ld8UF_WG7d620clwmhmA7w,0,0,36.07054131644751,0.2507738769054413,16.070383071899414,0.0,0.10000000149011612,uniform,blur,uniform same-energy,resnet18,1234,0
boston_query_-Lu6tv4tCQMDsXtxLtxMzQ,boston_database_-1Ur0I4BTjRYsKJqfcfVZQ,355,0.7841938734054565,cph_database_4DAmgI9qwyw3BPfQFAwfGg,0.8624529838562012,-0.07825911045074463,cph_database_4DAmgI9qwyw3BPfQFAwfGg,0,0,36.13195899571482,0.2507738769054413,15.84471607208252,0.0,0.10000000149011612,uniform,blur,uniform same-energy,resnet18,1234,0
cph_query_-HqO0GfYTRx5TzfB_6mTqA,cph_database_2zrgvYQU7Kp-VSZ9JSJPmQ,100,0.7506570816040039,zurich_database_6EMiVMe4EZnSgZzFBWjwdQ,0.8261826038360596,-0.07552552223205566,zurich_database_6EMiVMe4EZnSgZzFBWjwdQ,0,0,36.08837333750729,0.25077390670776367,16.004533767700195,0.0,0.10000000894069672,uniform,blur,uniform same-energy,resnet18,1234,0
london_query_-izmF6OCR-aIZLVQbzDbLQ,london_database__ENYSZz7Q9KszYaFV1vSBA,7,0.8158227801322937,zurich_database_AnBHGSdcVBJF9G2F_FOMBw,0.8319442272186279,-0.01612144708633423,zurich_database_AnBHGSdcVBJF9G2F_FOMBw,0,1,36.08975806523147,0.2507738769054413,15.999431610107422,0.0,0.10000000149011612,uniform,blur,uniform same-energy,resnet18,1234,0
manila_query_-P2actpgy_mRkcbLVKBjkQ,manila_database_vyM8BiFdQvLSI9ftVjzpCA,60,0.8348261713981628,cph_database_4BdWO7YCXasxr90wTqDpDw,0.8723691701889038,-0.03754299879074097,cph_database_4BdWO7YCXasxr90wTqDpDw,0,0,36.108862610518415,0.2507781684398651,15.929204940795898,0.0,0.10000000149011612,uniform,blur,uniform same-energy,resnet18,1234,0
nairobi_query_2OfDNnR5st7y8-O2ibiklQ,nairobi_database_1oH8UP6Fw5pq60tdS75mZA,153,0.7813465595245361,boston_database_DU3FJGAh3PrB45a580xbGg,0.8475263118743896,-0.06617975234985352,boston_database_DU3FJGAh3PrB45a580xbGg,0,0,36.15479362305209,0.25077489018440247,15.761625289916992,0.0,0.09999999403953552,uniform,blur,uniform same-energy,resnet18,1234,0
toronto_query_-DB8UBv2Rg4kTi6HTqrhOw,toronto_database_7KaJgQquLLRB5zIONHZkmQ,90,0.829748272895813,zurich_database_-2NILOmSyIWLRVVEe-aflQ,0.8837458491325378,-0.053997576236724854,zurich_database_-2NILOmSyIWLRVVEe-aflQ,0,0,36.122931903406,0.2507750391960144,15.877684593200684,0.0,0.10000000149011612,uniform,blur,uniform same-energy,resnet18,1234,0
zurich_query_046U_rtFmS-pAuZF-Zba0Q,zurich_database_5EBjYZoNQsB323r5P6H-HQ,8,0.8648121356964111,boston_database_3dQbA6O_0evX3zu7Qc-pYw,0.8842292428016663,-0.019417107105255127,boston_database_3dQbA6O_0evX3zu7Qc-pYw,0,1,36.37367740387465,0.2507728934288025,14.98692798614502,0.0003417968691792339,0.10000001639127731,uniform,blur,uniform same-energy,resnet18,1234,0
amman_query_1Tf2dWuS4el8fREHH1_k0w,amman_database_3ZbkOYTSJMb7R5Av7soq9A,99,0.7740613222122192,amman_database_03BobRbPyEDe0jl1HDZCYw,0.8534914255142212,-0.07943010330200195,amman_database_03BobRbPyEDe0jl1HDZCYw,0,0,36.06989086483243,0.2507738769054413,16.072790145874023,0.0,0.10000000894069672,uniform,blur,uniform same-energy,resnet18,1234,0
boston_query_-N2T2kBE4uG56LTsyCQPJg,boston_database_DU3FJGAh3PrB45a580xbGg,232,0.8361737728118896,cph_database_2D0J2RQVRa8qy6ePe2g55A,0.8918862342834473,-0.05571246147155762,cph_database_2D0J2RQVRa8qy6ePe2g55A,0,0,36.157103500487985,0.25077489018440247,15.753244400024414,0.0,0.09999999403953552,uniform,blur,uniform same-energy,resnet18,1234,0
cph_query_-I7HyKa_KIzMp2uMsvqUAg,cph_database_LVEAoVNNWTNKEOBa1RORzw,7,0.8322082757949829,cph_database_0rRbZapy_jGPOpPctSIjfQ,0.8728787899017334,-0.04067051410675049,cph_database_0rRbZapy_jGPOpPctSIjfQ,0,1,36.06728127601287,0.2507782280445099,16.08245086669922,0.0,0.10000000149011612,uniform,blur,uniform same-energy,resnet18,1234,0
london_query_-kd8SHN5N5wLOpzEu10rfQ,london_database_38ZrIUVXQTS5sib9nRLudA,61,0.8180212378501892,cph_database_0GxLZOHP77ozyB6CMVyncA,0.8751177191734314,-0.05709648132324219,cph_database_0GxLZOHP77ozyB6CMVyncA,0,0,36.0671087326174,0.2507757842540741,16.08308982849121,0.0,0.10000000149011612,uniform,blur,uniform same-energy,resnet18,1234,0
manila_query_-PR9Q6-AlT31oRE_Ep_fnQ,manila_database_4TUkUeBbzT7zpYEOme51Yw,656,0.7665410041809082,toronto_database_fC-soM48OfYOsduoCag1MA,0.8660551309585571,-0.09951412677764893,toronto_database_fC-soM48OfYOsduoCag1MA,0,0,36.10334661952451,0.2507791817188263,15.94944953918457,0.0,0.09999998658895493,uniform,blur,uniform same-energy,resnet18,1234,0
nairobi_query_2QtumRO8ayl5p_Jb-rhTZQ,nairobi_database_wxcEU3WfT5kn7oD7HPwHkA,5,0.818879246711731,nairobi_database_nyVKbHXQsaO_16tlW_NLag,0.8347161412239075,-0.015836894512176514,nairobi_database_nyVKbHXQsaO_16tlW_NLag,1,1,36.09629761346522,0.25077158212661743,15.975358009338379,0.0,0.09999998658895493,uniform,blur,uniform same-energy,resnet18,1234,0
toronto_query_-Dr7KE__egl6kS-yslctCg,toronto_database_JZHiKl7CE7BzdlGbop_5MA,58,0.8339889049530029,toronto_database_2t0xTT1EnuQR8PQInCMxyg,0.8788586854934692,-0.04486978054046631,toronto_database_2t0xTT1EnuQR8PQInCMxyg,0,0,36.06535587430845,0.25077441334724426,16.089582443237305,0.0,0.10000000149011612,uniform,blur,uniform same-energy,resnet18,1234,0
zurich_query_08U3p7js9TCivpCfLs0ZIw,zurich_database_gtNOuIAJb0GowBuaw7s_ng,25,0.8396660089492798,manila_database_5rjFma7r9oUAgRgPi5J3PA,0.8713918924331665,-0.03172588348388672,manila_database_5rjFma7r9oUAgRgPi5J3PA,0,0,36.56166571669218,0.2507655918598175,14.352045059204102,0.04353298619389534,0.09999999403953552,uniform,blur,uniform same-energy,resnet18,1234,0
amman_query_1TysYQA0N2AnJ5lzQWP07w,amman_database_dhvis9SvxQH-844ETKFegg,1,0.8866445422172546,amman_database_0ugNILZPtpQGFYzyHrZHow,0.8771784901618958,0.009466052055358887,amman_database_dhvis9SvxQH-844ETKFegg,1,1,36.091809567826665,0.2507741451263428,15.991875648498535,0.0,0.10000000149011612,uniform,blur,uniform same-energy,resnet18,1234,0
boston_query_-NRCmKPnLW6ukq5fovMufw,boston_database_4PSea1s0NN2bp469zyhxYA,180,0.8202992677688599,toronto_database_54RfgFEB0Y2p79jKww7EoA,0.8673309087753296,-0.04703164100646973,toronto_database_54RfgFEB0Y2p79jKww7EoA,0,0,36.13340057580472,0.25077563524246216,15.839457511901855,0.0,0.09999999403953552,uniform,blur,uniform same-energy,resnet18,1234,0
cph_query_-I8EyCiw4PS74_uGuMqUYQ,cph_database_-7ziE0jZDqPSFBV6BtizCg,2,0.8776764869689941,manila_database_LcTVwHyLKiNSNAfAcMEKHg,0.8826078176498413,-0.004931330680847168,manila_database_LcTVwHyLKiNSNAfAcMEKHg,1,1,36.127482011926105,0.2507741451263428,15.861058235168457,0.0,0.10000000149011612,uniform,blur,uniform same-energy,resnet18,1234,0
london_query_-qvarKx0xtSTs0tnxDE0oQ,london_database_Kz3Cq-q4WwlxQ_Rjgk305g,107,0.7251951694488525,manila_database_0rK0sGyVSA4u4PVc2Jv4-g,0.7900041341781616,-0.06480896472930908,manila_database_0rK0sGyVSA4u4PVc2Jv4-g,0,0,36.07367845873942,0.250775545835495,16.058778762817383,0.0,0.10000000894069672,uniform,blur,uniform same-energy,resnet18,1234,0
manila_query_-Qc1bZWefrpkNPZ60zZS5Q,manila_database_8eni-U_LFx5yc4OWmmBxDw,3,0.8248937129974365,nairobi_database_wBWiV1DS-7JT710m9NBw5g,0.8334835171699524,-0.00858980417251587,nairobi_database_wBWiV1DS-7JT710m9NBw5g,1,1,36.20271011354195,0.2507686913013458,15.588680267333984,0.0,0.10000000149011612,uniform,blur,uniform same-energy,resnet18,1234,0
nairobi_query_2RQpcoZ0MfOmswdfhpjw4g,nairobi_database_a9xNzoydjr-je93NA7mygg,58,0.8129733800888062,boston_database_3ao-DEd7AMSSjNH2xSoM6g,0.8495305776596069,-0.03655719757080078,boston_database_3ao-DEd7AMSSjNH2xSoM6g,0,0,36.253633114418314,0.25077441334724426,15.406963348388672,0.0,0.10000000149011612,uniform,blur,uniform same-energy,resnet18,1234,0
toronto_query_-EilBTWhr8vjdDW-B7MU8A,toronto_database_WF69D5s_qIEzvnQmXGAMuw,166,0.8210960626602173,toronto_database_-AzdCE_6bZoUqQg2nxvEXQ,0.9121911525726318,-0.09109508991241455,toronto_database_-AzdCE_6bZoUqQg2nxvEXQ,0,0,36.54185272422049,0.2507724463939667,14.417670249938965,0.02047526091337204,0.10000000149011612,uniform,blur,uniform same-energy,resnet18,1234,0
zurich_query_0AlvsX9XlPHoz4joTTL7hQ,zurich_database_hutV0_YJEx993tFEXdcBQw,59,0.8150572776794434,manila_database_6RVJjUHylLXW8_yzLJi4gw,0.856897234916687,-0.04183995723724365,manila_database_6RVJjUHylLXW8_yzLJi4gw,0,0,36.09690976704412,0.2507722079753876,15.973106384277344,0.0,0.09999999403953552,uniform,blur,uniform same-energy,resnet18,1234,0
amman_query_1VTBGOTuAwvnyE1o4Pbm0Q,amman_database_21axHEFcyX-1hI673vVgLQ,18,0.8434862494468689,amman_database_03BobRbPyEDe0jl1HDZCYw,0.9044328927993774,-0.060946643352508545,amman_database_03BobRbPyEDe0jl1HDZCYw,0,0,36.06558240842833,0.2507750391960144,16.088743209838867,0.0,0.10000000149011612,uniform,blur,uniform same-energy,resnet18,1234,0
boston_query_-NSEL0mtEJlIM-oR5yFnFg,boston_database_Xt_8fOeVI9H7U0BbA0ZiIA,3,0.898443341255188,boston_database_3yupn7WRtc81bu6cfHDrMQ,0.9146436452865601,-0.01620030403137207,boston_database_3yupn7WRtc81bu6cfHDrMQ,1,1,36.08105171822566,0.25078508257865906,16.031538009643555,0.0,0.09999999403953552,uniform,blur,uniform same-energy,resnet18,1234,0
cph_query_-IKk5Ns9ayTUN3tqBrl3Ow,cph_database_7xSO7Kjqq0aE2v_7ZVCC0w,23,0.8261696100234985,cph_database_8M4dy-WkofHkWJjNyZ__XA,0.8674452304840088,-0.041275620460510254,cph_database_8M4dy-WkofHkWJjNyZ__XA,0,0,36.34902481097782,0.25077298283576965,15.072242736816406,0.0013292101211845875,0.09999999403953552,uniform,blur,uniform same-energy,resnet18,1234,0
london_query_-rtMM_qyd5EBLnADEBIUTA,london_database_2kohiXqR0ErQiG1NcteuFw,1,0.8701440095901489,nairobi_database_5fIX502GwN4iBedy_B8GeA,0.8417934775352478,0.028350532054901123,london_database_2kohiXqR0ErQiG1NcteuFw,1,1,36.09224417679177,0.2507672607898712,15.990275382995605,0.0006944444612599909,0.09999999403953552,uniform,blur,uniform same-energy,resnet18,1234,0
manila_query_-QdSFqylfs0aHx31jOvTVg,manila_database_CHw2m63dDHzsLNk1VOjr4Q,2,0.8626706600189209,toronto_database_5ey9E_udkLByc3LTBLFD3A,0.8638821840286255,-0.0012115240097045898,toronto_database_5ey9E_udkLByc3LTBLFD3A,1,1,36.06911374927305,0.2507760226726532,16.075666427612305,0.0,0.09999999403953552,uniform,blur,uniform same-energy,resnet18,1234,0
nairobi_query_2Xgp5FmRFbMXgBspWoEFNg,nairobi_database_6TX4ZR0VfqHmNorJfDCQdA,59,0.7879647016525269,nairobi_database_L7HQ20CuWeW1lZ721bPiYw,0.8300272226333618,-0.04206252098083496,nairobi_database_L7HQ20CuWeW1lZ721bPiYw,0,0,36.17955754789908,0.25077247619628906,15.672006607055664,0.0032063801772892475,0.10000000149011612,uniform,blur,uniform same-energy,resnet18,1234,0
toronto_query_-FOgEN8RNyKr0s933N-a0w,toronto_database_4HoCVRjKpsVKjy6DqpvCWg,56,0.8167237043380737,boston_database_0CdqJE7HgNLG75XJTNjPMA,0.8641990423202515,-0.047475337982177734,boston_database_0CdqJE7HgNLG75XJTNjPMA,0,0,36.09999596144514,0.2507757842540741,15.961759567260742,0.0,0.10000000149011612,uniform,blur,uniform same-energy,resnet18,1234,0
zurich_query_0F0ESDULqwk5km1KbyUEZw,zurich_database_0ovLGU2wBNPYJPZxMDzD7A,1,0.8804208636283875,boston_database_4-6GGfB8D4dopYQHTwjWMw,0.8755526542663574,0.004868209362030029,zurich_database_0ovLGU2wBNPYJPZxMDzD7A,1,1,36.1890724305895,0.2507726848125458,15.63770866394043,1.0850694707187358e-05,0.09999999403953552,uniform,blur,uniform same-energy,resnet18,1234,0
amman_query_1_jzc52w72UKyKztvVoygQ,amman_database_83JeviUS_J6DBsBA1i9tuA,34,0.8204314708709717,amman_database_03BobRbPyEDe0jl1HDZCYw,0.8704224824905396,-0.04999101161956787,amman_database_03BobRbPyEDe0jl1HDZCYw,0,0,36.065639558675095,0.2507738769054413,16.088531494140625,0.0,0.10000000149011612,uniform,blur,uniform same-energy,resnet18,1234,0
boston_query_-NUm2lI2JYWeHZ6lrL2eZA,boston_database_1k4pbpEWBwA9ojuy58J9oA,472,0.7988703846931458,boston_database_890bUQpWguhUny6KiFrBGQ,0.8859984874725342,-0.08712810277938843,boston_database_890bUQpWguhUny6KiFrBGQ,0,0,36.12258837249128,0.2507752776145935,15.87894058227539,0.0,0.10000000894069672,uniform,blur,uniform same-energy,resnet18,1234,0
cph_query_-JMzfm4NuuBt61JuZ2sggw,cph_database_02uitRS0uuOS0_5CDZMWgA,12,0.8798596858978271,cph_database_3mtls1Tx1EJYOo-2EOJ7Dw,0.9043184518814087,-0.024458765983581543,cph_database_3mtls1Tx1EJYOo-2EOJ7Dw,0,0,36.59059649231181,0.25077131390571594,14.256755828857422,0.0042480467818677425,0.09999999403953552,uniform,blur,uniform same-energy,resnet18,1234,0
london_query_-u8BrzndSdD1lHKeeOwN1A,london_database_0lYDTfjiFald7StHlzc7LA,4,0.7690355777740479,london_database_-QKK8oyA3lo4YfRSEG7GEA,0.8318488597869873,-0.06281328201293945,london_database_-QKK8oyA3lo4YfRSEG7GEA,1,1,36.08232040418598,0.25077322125434875,16.02685546875,0.0,0.10000000149011612,uniform,blur,uniform same-energy,resnet18,1234,0
manila_query_-QvNwUfMuYwx4zaJzG9hHA,manila_database_1ULE4xvSijSoRfTvGRP7sw,4,0.8381524682044983,manila_database_1dnSzIXjYwmrU2skXfu44w,0.842537522315979,-0.004385054111480713,manila_database_1dnSzIXjYwmrU2skXfu44w,1,1,36.135666397314395,0.25076204538345337,15.831195831298828,0.0,0.09999998658895493,uniform,blur,uniform same-energy,resnet18,1234,0
nairobi_query_2hMXkBjbWEdGXSh4zxGVeg,nairobi_database_sdOwr6EP_lMNed-ifk5ajw,2,0.8487522602081299,zurich_database_-PR5mh0jiifZqsBmHPzeMg,0.8497223854064941,-0.0009701251983642578,zurich_database_-PR5mh0jiifZqsBmHPzeMg,1,1,36.08992296783829,0.25077205896377563,15.998824119567871,0.0,0.09999997913837433,uniform,blur,uniform same-energy,resnet18,1234,0
toronto_query_-FRsj6TVpdbM-sdJNwZZbw,toronto_database_0Xd5A1HQH8R9fdiXX-PmOg,8,0.8285924196243286,london_database_6QeCroSKkwmhf9sxqtSj7Q,0.8465515375137329,-0.017959117889404297,london_database_6QeCroSKkwmhf9sxqtSj7Q,0,1,36.29781240717382,0.25077587366104126,15.251028060913086,0.000591362826526165,0.09999997913837433,uniform,blur,uniform same-energy,resnet18,1234,0
zurich_query_0FEApLaNMLno1PTABlbYyQ,zurich_database_2fkYXNWl6R0rCSGjN50rTw,12,0.8610324859619141,zurich_database_5EBjYZoNQsB323r5P6H-HQ,0.8867505788803101,-0.025718092918395996,zurich_database_5EBjYZoNQsB323r5P6H-HQ,0,0,36.13664522743648,0.2507712244987488,15.827628135681152,0.0,0.10000000149011612,uniform,blur,uniform same-energy,resnet18,1234,0
amman_query_1jA0_v7p_4KHVbia4DG7Bw,amman_database_y0_g5xBV2w8LvSAsmmcGkA,2,0.8753604292869568,amman_database_4HweOdtWyPL5-ObJ3UA8_Q,0.8782515525817871,-0.0028911232948303223,amman_database_4HweOdtWyPL5-ObJ3UA8_Q,1,1,36.071383646571455,0.25077104568481445,16.0672664642334,0.0,0.09999999403953552,uniform,blur,uniform same-energy,resnet18,1234,0
boston_query_-O6nZhSO0Cgq4iaZ522K2g,boston_database_3P1WaxWwRrQiD9YZuzzi2g,4,0.8733010292053223,cph_database_4BdWO7YCXasxr90wTqDpDw,0.8753183484077454,-0.0020173192024230957,cph_database_4BdWO7YCXasxr90wTqDpDw,1,1,36.09410120841668,0.2507696747779846,15.983439445495605,0.0,0.09999998658895493,uniform,blur,uniform same-energy,resnet18,1234,0
cph_query_-MUw194v9r5C1394mci6-A,cph_database_19tTTG0Ar7aoezd6JSsYqw,10,0.7833524942398071,toronto_database_54RfgFEB0Y2p79jKww7EoA,0.8092517256736755,-0.025899231433868408,toronto_database_54RfgFEB0Y2p79jKww7EoA,0,1,36.167654969000694,0.25077441334724426,15.715017318725586,0.009488931857049465,0.10000000149011612,uniform,blur,uniform same-energy,resnet18,1234,0
london_query_-vkja3p0MzaoZlQOooT-YQ,london_database_TlgZJTCWCnxf-QDzfZ8pKw,15,0.7481629252433777,zurich_database_A7Y3Ah31a1X_Bh7UZS5KIA,0.7835350036621094,-0.03537207841873169,zurich_database_A7Y3Ah31a1X_Bh7UZS5KIA,0,0,36.0825168123293,0.2507743537425995,16.02613067626953,0.0,0.10000000149011612,uniform,blur,uniform same-energy,resnet18,1234,0
manila_query_-RZzhLSoiUGq-PShtIhzxw,manila_database_6-Ge4mVQgHummzC1udZtig,106,0.8282814025878906,manila_database_4SNN_Q1-Ov_UDR1inHM2mg,0.8715487718582153,-0.04326736927032471,manila_database_4SNN_Q1-Ov_UDR1inHM2mg,0,0,36.080955096235165,0.250765860080719,16.03189468383789,0.0,0.09999998658895493,uniform,blur,uniform same-energy,resnet18,1234,0
nairobi_query_2wqDKqSdeRPYg6X996gZ0w,nairobi_database_nyVKbHXQsaO_16tlW_NLag,19,0.8129112720489502,toronto_database_2-TSX-JXY2BGHtXb-ZXXGA,0.8479397296905518,-0.03502845764160156,toronto_database_2-TSX-JXY2BGHtXb-ZXXGA,0,0,36.06962854701773,0.25076696276664734,16.073760986328125,0.0,0.09999999403953552,uniform,blur,uniform same-energy,resnet18,1234,0
toronto_query_-FohtR51AFcyGSLgiTdXzw,toronto_database_NwuTd3bjEH301IgdZTgweg,1,0.9023118019104004,zurich_database_0xDpDYmaqAvDwfmwyFRFZw,0.8360158205032349,0.06629598140716553,toronto_database_NwuTd3bjEH301IgdZTgweg,1,1,36.47706985170495,0.25076940655708313,14.634347915649414,0.04571397602558136,0.10000000149011612,uniform,blur,uniform same-energy,resnet18,1234,0
zurich_query_0I7IdNKcKWGXL-wmkUdx2A,zurich_database_2qMg3M2xPeakuUyMVtxqhw,9,0.86119544506073,zurich_database_NasE77S9sgnm7re_4N6NLQ,0.8881371021270752,-0.026941657066345215,zurich_database_NasE77S9sgnm7re_4N6NLQ,0,1,36.14264285842769,0.25077173113822937,15.805785179138184,0.0007758246501907706,0.09999999403953552,uniform,blur,uniform same-energy,resnet18,1234,0
amman_query_1n6vx0uExn56MfvA6toRJw,amman_database_2_NNnfq-ucbh4wN64ndIOg,39,0.8143552541732788,amman_database_7UkylzqcXiAtWBdc7gRXug,0.8486846685409546,-0.03432941436767578,amman_database_7UkylzqcXiAtWBdc7gRXug,0,0,36.074948604119854,0.25077104568481445,16.0540828704834,0.0,0.09999999403953552,uniform,blur,uniform same-energy,resnet18,1234,0
boston_query_-OEJzVyBJiypLsHkeOqxKn,boston_database_0ZuEuJjkajztnI_h9TmMdw,93,0.654476523399353,boston_database_5g8yJhnj8EfOWv5r3id1kw,0.7277600765228271,-0.07328355312347412,boston_database_5g8yJhnj8EfOWv5r3id1kw,0,0,36.09873403482534,0.2507677674293518,15.966398239135742,0.00012478299322538078,0.09999998658895493,uniform,blur,uniform same-energy,resnet18,1234,0
cph_query_-Mwdj8AXbTR5wrPmQKRbhQ,cph_database_zVHbyrE_K3-IKJ0ipgM0MQ,1,0.877447783946991,cph_database_69H9kg83Vh8F1njiXS19Cg,0.8637351989746094,0.013712584972381592,cph_database_zVHbyrE_K3-IKJ0ipgM0MQ,1,1,36.06531005407095,0.250776082277298,16.089752197265625,0.0,0.10000000894069672,uniform,blur,uniform same-energy,resnet18,1234,0
london_query_-wX-mY4F2ewX9tlr1_JTbw,london_database_pm0TyAnWqr0mweZ2H9ysqA,189,0.7812563180923462,toronto_database_54RfgFEB0Y2p79jKww7EoA,0.8399220705032349,-0.05866575241088867,toronto_database_54RfgFEB0Y2p79jKww7EoA,0,0,36.103281180627896,0.25077182054519653,15.949689865112305,0.0,0.09999999403953552,uniform,blur,uniform same-energy,resnet18,1234,0
manila_query_-SSrBkppXcUPQnmvRyEZaA,manila_database_4I4RRfd3mvWDSghhGRZrrw,1003,0.7206960916519165,boston_database_JS8N7enRfmX_RvSbYxuZ-w,0.8325452208518982,-0.11184912919998169,boston_database_JS8N7enRfmX_RvSbYxuZ-w,0,0,36.133174137098536,0.25076887011528015,15.840283393859863,0.0,0.09999999403953552,uniform,blur,uniform same-energy,resnet18,1234,0
nairobi_query_32eRlu6tx-Q_LzhBd8iTQA,nairobi_database_-IYoNK7nzPDI7EvCdWxXdA,2,0.8323110342025757,toronto_database_2-TSX-JXY2BGHtXb-ZXXGA,0.83885657787323,-0.006545543670654297,toronto_database_2-TSX-JXY2BGHtXb-ZXXGA,1,1,36.07050008048941,0.25076955556869507,16.07053565979004,0.0,0.10000000894069672,uniform,blur,uniform same-energy,resnet18,1234,0
toronto_query_-HBbI6fcMz-R3CyduFEoDg,toronto_database_CWhhGABh_1Ay7enNEWa18A,191,0.8089004755020142,boston_database_6pdbP0sKU8JHAPzlRapTnA,0.8831503391265869,-0.07424986362457275,boston_database_6pdbP0sKU8JHAPzlRapTnA,0,0,36.0816320120855,0.2507748603820801,16.029396057128906,0.0,0.09999999403953552,uniform,blur,uniform same-energy,resnet18,1234,0
zurich_query_0IZVsW_UPLzI_vUm51hEMQ,zurich_database_-xoGjs74KfYOoct0Gs2DIA,1,0.8985505104064941,amman_database_05LOmHGrixSS8Fy53PaSlA,0.8691402077674866,0.02941030263900757,zurich_database_-xoGjs74KfYOoct0Gs2DIA,1,1,36.12675666093017,0.25077083706855774,15.863707542419434,0.0,0.10000000149011612,uniform,blur,uniform same-energy,resnet18,1234,0
amman_query_1qMrYvXqBvZDS0XUd5cEtg,amman_database_0_6NexYlb_kdiKi7TvESPg,7,0.8424731492996216,amman_database_43JYR1VNKPHOGXpiIZiDDQ,0.8628296852111816,-0.02035653591156006,amman_database_43JYR1VNKPHOGXpiIZiDDQ,0,1,36.06719835131647,0.2507667541503906,16.0827579498291,0.0,0.10000000149011612,uniform,blur,uniform same-energy,resnet18,1234,0
boston_query_-OlQhKn0bS9eZTkeJL6ovw,boston_database_38Y_41BXumwMqYfKhvv7fg,1,0.9302047491073608,cph_database_-KAefx5jXE6aiSh55lkTQA,0.8938026428222656,0.036402106285095215,boston_database_38Y_41BXumwMqYfKhvv7fg,1,1,36.173859241745426,0.2507748603820801,15.692583084106445,0.0,0.09999999403953552,uniform,blur,uniform same-energy,resnet18,1234,0
cph_query_-N9mbKdWcHyUUsU1379EgA,cph_database_2XEdU3NtFhDPOpPhkEUJ9A,1,0.9028714895248413,cph_database_m8v7yRzg-Ahnt8itIkwjQA,0.8829331398010254,0.019938349723815918,cph_database_2XEdU3NtFhDPOpPhkEUJ9A,1,1,36.65936506198261,0.25077173113822937,14.032784461975098,1.0850694707187358e-05,0.10000000894069672,uniform,blur,uniform same-energy,resnet18,1234,0
london_query_02vfV_A3zc1S9Akd07xuEA,london_database_5WNMf83lEkdk5BdkSRSDtg,45,0.7974007725715637,manila_database_1ULE4xvSijSoRfTvGRP7sw,0.8556393384933472,-0.05823856592178345,manila_database_1ULE4xvSijSoRfTvGRP7sw,0,0,36.22566463704831,0.2507648169994354,15.50650405883789,0.0019476996967568994,0.10000000149011612,uniform,blur,uniform same-energy,resnet18,1234,0
manila_query_-Tmeby1UCsrkKNvVnN7L5g,manila_database_2WJfamXG-nhtpE-tmM8Stg,557,0.7788360714912415,manila_database_-z7DfYZSWWxPbr9oCG6mHg,0.8855438232421875,-0.10670775175094604,manila_database_-z7DfYZSWWxPbr9oCG6mHg,0,0,36.27719667373627,0.2507665157318115,15.323596000671387,0.012331814505159855,0.10000000149011612,uniform,blur,uniform same-energy,resnet18,1234,0
nairobi_query_37RDt83nGFaZl6CPpzqlTw,nairobi_database_oirj6l2hFO_qSK3Qd_kv3A,6,0.8509756922721863,zurich_database_dc10RRbQNpdUphjhxUxjXQ,0.8659720420837402,-0.014996349811553955,zurich_database_dc10RRbQNpdUphjhxUxjXQ,0,1,36.27552851808515,0.2507767975330353,15.329483032226562,0.0015842013526707888,0.09999999403953552,uniform,blur,uniform same-energy,resnet18,1234,0
toronto_query_-IlXU6r8OSJejg6wnFTYMQ,toronto_database_5aWw0U2TNn5AVHibAzaoZA,489,0.7528990507125854,amman_database_-XjCytxzIY7TdmXBiTWapg,0.8418881893157959,-0.08898913860321045,amman_database_-XjCytxzIY7TdmXBiTWapg,0,0,36.072416419830304,0.25076931715011597,16.063446044921875,0.0,0.10000000149011612,uniform,blur,uniform same-energy,resnet18,1234,0
zurich_query_0Ky7pgdILHyYlzjahHNGZg,zurich_database_STP8AxkRaxj1ZtlqTW7Tng,1013,0.752177357673645,zurich_database_b1fafYqxlKXQcwQsy8LFhQ,0.8632580041885376,-0.11108064651489258,zurich_database_b1fafYqxlKXQcwQsy8LFhQ,0,0,36.20438561153368,0.25077274441719055,15.582667350769043,0.0,0.10000000149011612,uniform,blur,uniform same-energy,resnet18,1234,0
amman_query_1rZerb0T7z_1E7yKfEBCtA,amman_database_151zMheq8vPIGSfBTFm2Kg,1,0.888039767742157,amman_database_4HweOdtWyPL5-ObJ3UA8_Q,0.87183678150177,0.016202986240386963,amman_database_151zMheq8vPIGSfBTFm2Kg,1,1,36.09030120610234,0.2507724463939667,15.997430801391602,0.0,0.10000000149011612,uniform,blur,uniform same-energy,resnet18,1234,0
boston_query_-Phryua7d1FHhpGGfaEGcg,boston_database_78u2Kg0sOFDh-cEtTGxV4g,84,0.8148086071014404,toronto_database_65TgH2dRYqdjE8DO_lI1nA,0.8624259233474731,-0.047617316246032715,toronto_database_65TgH2dRYqdjE8DO_lI1nA,0,0,36.126173178133016,0.2507748603820801,15.865839004516602,0.0,0.09999999403953552,uniform,blur,uniform same-energy,resnet18,1234,0
cph_query_-PRZAb6qxjSdDqzgOekgbg,cph_database_SOFbS68m4Uymr1Fx8T7pfA,1,0.9287828207015991,cph_database_66FG2WBZ0uryfVrfciCf3g,0.9162265062332153,0.012556314468383789,cph_database_SOFbS68m4Uymr1Fx8T7pfA,1,1,36.086191281667325,0.25077158212661743,16.012577056884766,0.0,0.09999998658895493,uniform,blur,uniform same-energy,resnet18,1234,0
london_query_039iugtZTFguj-7UQyc-wg,london_database_6EyMYAlUTVXirk-_riGtMw,4,0.8611897230148315,toronto_database_56iBHZd-TMgGB2qH3GyhWQ,0.8710708618164062,-0.009881138801574707,toronto_database_56iBHZd-TMgGB2qH3GyhWQ,1,1,36.759626752200695,0.25077322125434875,13.712532997131348,0.10540364682674408,0.10000000149011612,uniform,blur,uniform same-energy,resnet18,1234,0
manila_query_-TrGJy3CeaXApOffGndlqg,manila_database_RVGHJ_kwPSkBRuD7ASZs2w,51,0.8344507217407227,manila_database_1ULE4xvSijSoRfTvGRP7sw,0.8815058469772339,-0.04705512523651123,manila_database_1ULE4xvSijSoRfTvGRP7sw,0,0,36.201276687414435,0.25076907873153687,15.593826293945312,0.0,0.10000001639127731,uniform,blur,uniform same-energy,resnet18,1234,0
nairobi_query_38y5DGnb1BCdL2r_1MWELg,nairobi_database_1oH8UP6Fw5pq60tdS75mZA,272,0.7989364862442017,boston_database_DU3FJGAh3PrB45a580xbGg,0.877112865447998,-0.07817637920379639,boston_database_DU3FJGAh3PrB45a580xbGg,0,0,36.21296215913199,0.2507738769054413,15.551924705505371,0.0028971354477107525,0.10000000149011612,uniform,blur,uniform same-energy,resnet18,1234,0
toronto_query_-Iyv6ydukEfueu-CphPhwg,toronto_database_QvBYzxBwTHFji7ov5NaBZg,7,0.8743957281112671,toronto_database_-C42seTAv_ysnP57NggKvQ,0.8915878534317017,-0.01719212532043457,toronto_database_-C42seTAv_ysnP57NggKvQ,0,1,36.443270080143165,0.2507726848125458,14.748686790466309,0.02428928017616272,0.09999999403953552,uniform,blur,uniform same-energy,resnet18,1234,0
zurich_query_0PrObi7NiUNPMe7_RDu2Ng,zurich_database_0-4m0jPfiQAHj2iyda31pw,276,0.8108379244804382,cph_database_6fnBKZ5y6JLHZ30W5ZJgRg,0.8692485094070435,-0.058410584926605225,cph_database_6fnBKZ5y6JLHZ30W5ZJgRg,0,0,36.07542693954318,0.25077390670776367,16.05231475830078,0.0,0.10000000894069672,uniform,blur,uniform same-energy,resnet18,1234,0
amman_query_1uJbVMOMqlPVx4GYc2BgOA,amman_database_0hac8mu5ycMC2Hk2ZSugEA,125,0.7979269623756409,amman_database_ugi1L8kfJhi2W7D5xbEYlA,0.8675892353057861,-0.06966227293014526,amman_database_ugi1L8kfJhi2W7D5xbEYlA,0,0,36.06574819770425,0.25077489018440247,16.0881290435791,0.0,0.09999999403953552,uniform,blur,uniform same-energy,resnet18,1234,0
boston_query_-Ptt76cqL8Ath-qW7aRUQw,boston_database_6LGScMRZz-HV2PfqGJRsKw,1,0.8990703821182251,boston_database_3yupn7WRtc81bu6cfHDrMQ,0.8828582167625427,0.016212165355682373,boston_database_6LGScMRZz-HV2PfqGJRsKw,1,1,36.06824506983179,0.25078412890434265,16.078882217407227,0.0,0.09999999403953552,uniform,blur,uniform same-energy,resnet18,1234,0
cph_query_-Q4-mvnV6y-0yK62OXn-1w,cph_database_3nTmZLQw_NQgtG0vffYnPQ,717,0.7795726656913757,boston_database_8Nk7Pm6_AQpeJxvHfnUbhA,0.8653789162635803,-0.08580625057220459,boston_database_8Nk7Pm6_AQpeJxvHfnUbhA,0,0,36.098169348026445,0.2507806122303009,15.968474388122559,0.0,0.09999999403953552,uniform,blur,uniform same-energy,resnet18,1234,0
london_query_03BhnvDRczArNBQm0Qu0tQ,london_database_-Qdmap1phq90_n3jeXQWuQ,3,0.8782957196235657,boston_database_2jaLppu9UUtqnB_R7_iffQ,0.8877747058868408,-0.009478986263275146,boston_database_2jaLppu9UUtqnB_R7_iffQ,1,1,36.14328071170188,0.2507767081260681,15.80346393585205,0.0011555989040061831,0.10000001639127731,uniform,blur,uniform same-energy,resnet18,1234,0
manila_query_-Tvw2ZcjPmZrmxcJ3PNHwQ,manila_database_5rjFma7r9oUAgRgPi5J3PA,1,0.8623324036598206,manila_database_X5Z3xQtFj8uK9BxW3gEhjA,0.8602190017700195,0.0021134018898010254,manila_database_5rjFma7r9oUAgRgPi5J3PA,1,1,36.086871083789276,0.2507662773132324,16.01007080078125,0.0,0.10000000894069672,uniform,blur,uniform same-energy,resnet18,1234,0
nairobi_query_3BfqchD1dC_R_VKSm6NXMQ,nairobi_database_NoG9ZUE9lu8WisRacbbNUw,49,0.8085882067680359,manila_database_1lps6iSJzg_GiR-u1309yA,0.8486151695251465,-0.040026962757110596,manila_database_1lps6iSJzg_GiR-u1309yA,0,0,36.06641450787728,0.2507767975330353,16.085660934448242,0.0,0.09999999403953552,uniform,blur,uniform same-energy,resnet18,1234,0
toronto_query_-J6MOLqIZtzsA-CH6ie5Cg,toronto_database_1WdiWBos0oqn5_fQPeL4zw,39,0.8267208337783813,toronto_database_4u5iuDYlmff6eOykSBG4Aw,0.8785848021507263,-0.05186396837234497,toronto_database_4u5iuDYlmff6eOykSBG4Aw,0,0,36.16322925483765,0.2507776916027069,15.731040000915527,0.0004177517257630825,0.10000000894069672,uniform,blur,uniform same-energy,resnet18,1234,0
zurich_query_0Spj-pWISRRStxENII8G4A,zurich_database_0uWVHZUW5HQ32MHmFTyCdA,109,0.8023157119750977,zurich_database_YGIjEJvmaiwIZgeDxBD4qg,0.8590378761291504,-0.056722164154052734,zurich_database_YGIjEJvmaiwIZgeDxBD4qg,0,0,36.11241814427535,0.25077348947525024,15.916169166564941,0.0,0.09999998658895493,uniform,blur,uniform same-energy,resnet18,1234,0
amman_query_23YO5CD18Cg_wG_ZhqhbQQ,amman_database_7UkylzqcXiAtWBdc7gRXug,149,0.7091639637947083,zurich_database_3CheeIU37UA57000lgsiQQ,0.8409672379493713,-0.13180327415466309,zurich_database_3CheeIU37UA57000lgsiQQ,0,0,36.065454724107646,0.2507738769054413,16.089216232299805,0.0,0.10000000149011612,uniform,blur,uniform same-energy,resnet18,1234,0
boston_query_-RyJCN_Rrfvr2l9jqadkcQ,boston_database_0-UUkPasBJ3e3InjW6isBg,1,0.8392395973205566,manila_database_3ED-M6yl_Y4YZkenDNv49Q,0.815861701965332,0.02337789535522461,boston_database_0-UUkPasBJ3e3InjW6isBg,1,1,36.29075861982949,0.2507776916027069,15.275818824768066,0.0,0.10000000149011612,uniform,blur,uniform same-energy,resnet18,1234,0
cph_query_-Q7samX2RjJwU9xiKFxpug,cph_database_t-GBg6pL3mp0VntecXrZmQ,1,0.8682489395141602,manila_database_U1FwUndEQdlXZ93Iz997UA,0.8669557571411133,0.001293182373046875,cph_database_t-GBg6pL3mp0VntecXrZmQ,1,1,36.0889903279988,0.2507736384868622,16.002260208129883,0.0,0.09999999403953552,uniform,blur,uniform same-energy,resnet18,1234,0
london_query_03VxrSUHoB-y1D50kXwi8g,london_database_7NuzdrMI9lHNaBHwtbChxQ,1,0.8400306105613708,manila_database_-dbGwwBuXxUQWhflFrCkIQ,0.7940503358840942,0.04598027467727661,london_database_7NuzdrMI9lHNaBHwtbChxQ,1,1,36.081170561055025,0.2507757842540741,16.031099319458008,0.0,0.10000000894069672,uniform,blur,uniform same-energy,resnet18,1234,0
manila_query_-WlvwRIHM8K9xtN_z0FAGg,manila_database_-dbGwwBuXxUQWhflFrCkIQ,8,0.8315799236297607,toronto_database_5k9XfaxWOnn2DZPGHMVN3A,0.839510977268219,-0.007931053638458252,toronto_database_5k9XfaxWOnn2DZPGHMVN3A,0,1,36.0775054981779,0.2507777214050293,16.044633865356445,0.0,0.10000000894069672,uniform,blur,uniform same-energy,resnet18,1234,0
nairobi_query_3Rln3I-knaHBGe7xAH2I_Q,nairobi_database_Pm8keKa59VPFXAWTxtKK7g,49,0.8299059867858887,amman_database_4HweOdtWyPL5-ObJ3UA8_Q,0.8740444779396057,-0.04413849115371704,amman_database_4HweOdtWyPL5-ObJ3UA8_Q,0,0,36.07037482866749,0.2507745921611786,16.070999145507812,0.0,0.09999999403953552,uniform,blur,uniform same-energy,resnet18,1234,0
toronto_query_-JY9Ip12RNDaK_geCga4LA,toronto_database_2t0xTT1EnuQR8PQInCMxyg,49,0.8234819173812866,zurich_database_0frF5uO4t4sUzdQYxRNhyg,0.860884428024292,-0.03740251064300537,zurich_database_0frF5uO4t4sUzdQYxRNhyg,0,0,36.09996119128482,0.25076815485954285,15.96188735961914,0.0,0.10000000894069672,uniform,blur,uniform same-energy,resnet18,1234,0
zurich_query_0UfO0g5oR-GfH12twjOIuw,zurich_database_8Yl1_ujecMFymI-XO98zrA,102,0.8210408687591553,toronto_database_3sAms8su7qnbuj7AAY56UA,0.8570902347564697,-0.03604936599731445,toronto_database_3sAms8su7qnbuj7AAY56UA,0,0,36.065304905759874,0.2507748603820801,16.089771270751953,0.0,0.09999999403953552,uniform,blur,uniform same-energy,resnet18,1234,0
amman_query_27ZYHE_-tdmKbq7gUW9ECA,amman_database_0ugNILZPtpQGFYzyHrZHow,1,0.872209906578064,amman_database_3ZbkOYTSJMb7R5Av7soq9A,0.8639647960662842,0.008245110511779785,amman_database_0ugNILZPtpQGFYzyHrZHow,1,1,36.07120475374428,0.2507760226726532,16.067928314208984,0.0,0.09999999403953552,uniform,blur,uniform same-energy,resnet18,1234,0
boston_query_-TMAMMmIqQ4AQA3YI-YOHg,boston_database_2jaLppu9UUtqnB_R7_iffQ,47,0.8523073196411133,boston_database_5dFWcq_sUeeshzN0y_GXew,0.8958441019058228,-0.04353678226470947,boston_database_5dFWcq_sUeeshzN0y_GXew,0,0,36.073283871002246,0.2507763206958771,16.060237884521484,0.0,0.10000000149011612,uniform,blur,uniform same-energy,resnet18,1234,0
cph_query_-R9cTkYMNbXlglFeWCXtMg,cph_database_6CANlvoIvwlMpdsIrbbUmA,559,0.7237108945846558,boston_database_4mzQ9KJnbqfpHrK-m5aFTg,0.8217898011207581,-0.0980789065361023,boston_database_4mzQ9KJnbqfpHrK-m5aFTg,0,0,36.113404762119586,0.25077587366104126,15.912553787231445,0.0,0.09999997913837433,uniform,blur,uniform same-energy,resnet18,1234,0
london_query_06tRsqVA7nx5PgabbPdu4w,london_database_8oJp9gkV9I-ecdzy_xlL5Q,14,0.8410289883613586,zurich_database_8zRWksEUpiBcg5wZdt3FJA,0.8637261390686035,-0.022697150707244873,zurich_database_8zRWksEUpiBcg5wZdt3FJA,0,0,36.16354863190762,0.25077155232429504,15.729883193969727,0.0,0.09999998658895493,uniform,blur,uniform same-energy,resnet18,1234,0
manila_query_-WuLHZxOTWuUgVSb36RTng,manila_database_5IS43ayf3Halnpn2M1fz9g,164,0.8164925575256348,manila_database_U1FwUndEQdlXZ93Iz997UA,0.8677281141281128,-0.05123555660247803,manila_database_U1FwUndEQdlXZ93Iz997UA,0,0,36.08840076894739,0.25077489018440247,16.004432678222656,0.0,0.09999999403953552,uniform,blur,uniform same-energy,resnet18,1234,0
nairobi_query_3Thql5xEy0LYu4bdux1icw,nairobi_database_XdvgQAdvS4ZnbRq1lFmPvA,67,0.8033403158187866,amman_database_29z1w1EW9-qTj7neMnnIig,0.850257396697998,-0.046917080879211426,amman_database_29z1w1EW9-qTj7neMnnIig,0,0,36.06756148049005,0.2507686913013458,16.08141326904297,0.0,0.10000000149011612,uniform,blur,uniform same-energy,resnet18,1234,0
toronto_query_-K6Ci0V3ZYp50_DrMghntA,toronto_database_gXxdxPe3j-m370Vr7EYvWA,1,0.8889652490615845,zurich_database_0r57m1gsoV4j_t4xOqtL7A,0.8820292949676514,0.0069359540939331055,toronto_database_gXxdxPe3j-m370Vr7EYvWA,1,1,36.139682548551775,0.25076574087142944,15.81656265258789,0.0,0.10000000894069672,uniform,blur,uniform same-energy,resnet18,1234,0
zurich_query_0W_6dskxdNPlCJnX9EhmZA,zurich_database_7liPRQZhjD6Lm2G90X0v-Q,6,0.8674535155296326,cph_database_4BdWO7YCXasxr90wTqDpDw,0.8885222673416138,-0.0210687518119812,cph_database_4BdWO7YCXasxr90wTqDpDw,0,1,36.094155366483285,0.25077205896377563,15.983240127563477,0.0,0.09999997913837433,uniform,blur,uniform same-energy,resnet18,1234,0
amman_query_29zY5U3MUbO3wTjTTKF93w,amman_database_4JYN6Wp8p1aN_2b6dP1Yyw,1,0.9030157327651978,amman_database_Ld8UF_WG7d620clwmhmA7w,0.8832827806472778,0.019732952117919922,amman_database_4JYN6Wp8p1aN_2b6dP1Yyw,1,1,36.06973470909701,0.2507774531841278,16.073368072509766,0.0,0.10000000894069672,uniform,blur,uniform same-energy,resnet18,1234,0
boston_query_-U0JJudMztDrvqfppyEl9A,boston_database_qWjIXNTwyKDoDCQBKtYjCw,6,0.8927812576293945,boston_database_6p1zONaTXLWQeJHQx0CIVw,0.9021867513656616,-0.00940549373626709,boston_database_6p1zONaTXLWQeJHQx0CIVw,0,1,36.124009624311675,0.2507745921611786,15.87374496459961,0.0,0.09999999403953552,uniform,blur,uniform same-energy,resnet18,1234,0
cph_query_-To5emQUYvNlwdgB1hEVfQ,cph_database_20p-zC1BqByt8dVNbnKbTw,1,0.940959095954895,cph_database_-rgalkuRufc_JbNM5Iwadg,0.9124007821083069,0.028558313846588135,cph_database_20p-zC1BqByt8dVNbnKbTw,1,1,36.06527659015802,0.25077390670776367,16.089876174926758,0.0,0.10000000894069672,uniform,blur,uniform same-energy,resnet18,1234,0
london_query_07Mt7j9hZm17z2pXB3QAXA,london_database_1u2_PlPVaHJESTEBZx02nA,6,0.8448947072029114,boston_database_2jaLppu9UUtqnB_R7_iffQ,0.8576126098632812,-0.012717902660369873,boston_database_2jaLppu9UUtqnB_R7_iffQ,0,1,36.17124131023259,0.2507765591144562,15.702045440673828,0.0,0.10000000149011612,uniform,blur,uniform same-energy,resnet18,1234,0
manila_query_-YADzGuflGFk0TrwgbgGQA,manila_database_8tQ1uxni3yt7oj1i8yGoOg,18,0.7703443169593811,boston_database_36H3W5t6N9pvbOkkxr_rUQ,0.8020172119140625,-0.031672894954681396,boston_database_36H3W5t6N9pvbOkkxr_rUQ,0,0,36.11797590086163,0.2507767081260681,15.895813941955566,0.0001302083401242271,0.10000001639127731,uniform,blur,uniform same-energy,resnet18,1234,0
nairobi_query_3VEngLiRuIRlzTCHOPvAqA,nairobi_database_L7HQ20CuWeW1lZ721bPiYw,2,0.8506073951721191,boston_database_2gTDHoqHum22wo8SKKDWBg,0.8534968495368958,-0.0028894543647766113,boston_database_2gTDHoqHum22wo8SKKDWBg,1,1,36.20083262320074,0.25077322125434875,15.595420837402344,0.0035101997200399637,0.10000000149011612,uniform,blur,uniform same-energy,resnet18,1234,0
toronto_query_-KU5g574x3Cah05LVtG_Pw,toronto_database_YGsYemsqYoRUy02xW23AyA,1036,0.7433306574821472,toronto_database_3TTFiJMjq1nelldiHvqxHQ,0.8673502206802368,-0.1240195631980896,toronto_database_3TTFiJMjq1nelldiHvqxHQ,0,0,36.07911865378909,0.2507771849632263,16.03867530822754,0.0,0.10000000894069672,uniform,blur,uniform same-energy,resnet18,1234,0
zurich_query_0YqWIRNZbPyTmppf5ZjyMw,zurich_database_20lehOgt_qjfnJpaXFVAWQ,1,0.8725878000259399,zurich_database_5EBjYZoNQsB323r5P6H-HQ,0.8611724376678467,0.011415362358093262,zurich_database_20lehOgt_qjfnJpaXFVAWQ,1,1,36.135277124437884,0.25077080726623535,15.83261489868164,5.425347262644209e-05,0.10000000149011612,uniform,blur,uniform same-energy,resnet18,1234,0
amman_query_2E9XDGy6VTetR1O15tILdw,amman_database_5ymzd7ILNCKrAYOn-vJkbg,4,0.8510837554931641,amman_database_7UkylzqcXiAtWBdc7gRXug,0.857427716255188,-0.006343960762023926,amman_database_7UkylzqcXiAtWBdc7gRXug,1,1,36.06530645025256,0.2507770359516144,16.089765548706055,0.0,0.10000000149011612,uniform,blur,uniform same-energy,resnet18,1234,0
boston_query_-U_cmO4sMoYmoNbCPpMXWw,boston_database_JS8N7enRfmX_RvSbYxuZ-w,227,0.7877878546714783,boston_database_4-6a8GKWz64mtfMPWnN3-w,0.8698911666870117,-0.08210331201553345,boston_database_4-6a8GKWz64mtfMPWnN3-w,0,0,36.25983930654137,0.2507750391960144,15.38496208190918,0.00876736082136631,0.10000000149011612,uniform,blur,uniform same-energy,resnet18,1234,0
cph_query_-UByBh5hYhNn4_dsHy73aA,cph_database_3POXmtmhwFom_z6e6wJgVA,1,0.8410073518753052,toronto_database_2Ihd0xAnt_t5tUzeKVnzeQ,0.833431601524353,0.0075757503509521484,cph_database_3POXmtmhwFom_z6e6wJgVA,1,1,36.09264541283061,0.25077107548713684,15.988798141479492,0.0,0.09999999403953552,uniform,blur,uniform same-energy,resnet18,1234,0
london_query_07oSFXlZ9SfPsHwsEZQFtA,london_database_7hadEPdEI2MGW7SMcZDBUA,31,0.8244757056236267,london_database_f9ng8k9Ngt4UWja_a-mjaw,0.8787374496459961,-0.054261744022369385,london_database_f9ng8k9Ngt4UWja_a-mjaw,0,0,36.09657269594863,0.2507648169994354,15.974346160888672,0.000900607614312321,0.10000000149011612,uniform,blur,uniform same-energy,resnet18,1234,0
manila_query_-YswrllPgEq1Q_LYD0mD0A,manila_database_3C699pIkBPbDTfkzbBV0CA,108,0.8180140256881714,manila_database_YAr_6aQgtNVbe7GhT70obQ,0.878046989440918,-0.06003296375274658,manila_database_YAr_6aQgtNVbe7GhT70obQ,0,0,36.273122670872056,0.25077196955680847,15.337977409362793,0.0,0.10000000894069672,uniform,blur,uniform same-energy,resnet18,1234,0
nairobi_query_3sAf0a7Z9MFOX5NACNEfkA,nairobi_database_dM7fC2AkybfrCZcjVXnR5A,4,0.8509096503257751,london_database_JeQXfjTo6VURMPAXsqqrqw,0.858124315738678,-0.007214665412902832,london_database_JeQXfjTo6VURMPAXsqqrqw,1,1,36.25211425803458,0.25077390670776367,15.412352561950684,0.00702582485973835,0.10000000894069672,uniform,blur,uniform same-energy,resnet18,1234,0
toronto_query_-L3Zos1U2E6AA3-ZO_eESA,toronto_database_AWgWLsxNtrXeHfl_hcKYZg,67,0.8366217613220215,toronto_database_vHFdoApurhBvoN12-Y0jCA,0.8890109062194824,-0.05238914489746094,toronto_database_vHFdoApurhBvoN12-Y0jCA,0,0,36.275794115404,0.25077539682388306,15.328545570373535,0.0013509114505723119,0.09999998658895493,uniform,blur,uniform same-energy,resnet18,1234,0
zurich_query_0eG9-83f-Xafie9_84fDbg,zurich_database_6Tpy6Xxof6fyaFeCZtbsEg,27,0.8426915407180786,zurich_database_JlQZqZETcsktpyAY5mc1pg,0.8684014678001404,-0.025709927082061768,zurich_database_JlQZqZETcsktpyAY5mc1pg,0,0,36.06692074537763,0.25077247619628906,16.083786010742188,0.0,0.10000000149011612,uniform,blur,uniform same-energy,resnet18,1234,0
amman_query_2WNEczYwDdZlHE_2nYlE-A,amman_database_5d98wz6r1vXbvR54pg7gIQ,637,0.7735653519630432,cph_database_L9eWYNDLPVUHOitjad3-fw,0.8464431762695312,-0.07287782430648804,cph_database_L9eWYNDLPVUHOitjad3-fw,0,0,36.06899162903345,0.2507724463939667,16.07611846923828,0.0,0.10000000149011612,uniform,blur,uniform same-energy,resnet18,1234,0
boston_query_-VHXaQ_dj_14O-Bcn3u7zA,boston_database_2gTDHoqHum22wo8SKKDWBg,260,0.8005282878875732,zurich_database_4NRS_5YX0S3yJJSOofowlA,0.8668309450149536,-0.06630265712738037,zurich_database_4NRS_5YX0S3yJJSOofowlA,0,0,36.093176738508305,0.25077536702156067,15.986842155456543,0.0,0.09999998658895493,uniform,blur,uniform same-energy,resnet18,1234,0
cph_query_-UO7OuMXuwPBrMEXSsFhNA,cph_database_6CANlvoIvwlMpdsIrbbUmA,890,0.6881374716758728,zurich_database_3g-QpZyFZxImdI2n1iwRGw,0.8158126473426819,-0.12767517566680908,zurich_database_3g-QpZyFZxImdI2n1iwRGw,0,0,36.15394415582147,0.2507752776145935,15.764708518981934,0.0,0.10000000894069672,uniform,blur,uniform same-energy,resnet18,1234,0
london_query_08wp6QepyximP9UuP-ijLg,london_database_53xOo_95yKsUnmy4Fd3PYw,1,0.863824188709259,boston_database_2HqIYacSD0Jad_3YkpMl1g,0.8625115156173706,0.0013126730918884277,london_database_53xOo_95yKsUnmy4Fd3PYw,1,1,36.16301389262817,0.25077372789382935,15.731820106506348,1.0850694707187358e-05,0.09999999403953552,uniform,blur,uniform same-energy,resnet18,1234,0
manila_query_-Z3CXTi1QhF_Ste8t8vrJA,manila_database_5Ql3xrJt_aAwbVnIi2tr2A,688,0.7665836811065674,toronto_database_8aHbQwynhIr0XfyXIGqbdA,0.8720110654830933,-0.10542738437652588,toronto_database_8aHbQwynhIr0XfyXIGqbdA,0,0,36.25464777310166,0.2507677674293518,15.403364181518555,0.0009223090019077063,0.09999998658895493,uniform,blur,uniform same-energy,resnet18,1234,0
nairobi_query_3vVoHZDD0-kVhbBxDTYEjw,nairobi_database_ssLyvL_47h4IZogucHeChA,39,0.8303250074386597,cph_database_6FWutZl3fAQcJRG274zWZg,0.8650915622711182,-0.034766554832458496,cph_database_6FWutZl3fAQcJRG274zWZg,0,0,36.36777868465783,0.25077441334724426,15.00729751586914,0.006716579664498568,0.10000000149011612,uniform,blur,uniform same-energy,resnet18,1234,0
toronto_query_-LZN7DIyP80uvFh2O8KVXw,toronto_database_1OKrJwSkMgWLOUyI6mfdmQ,1,0.9038450121879578,cph_database_4LZ9lq4vlaRvdPB9iDhaYA,0.8885901570320129,0.015254855155944824,toronto_database_1OKrJwSkMgWLOUyI6mfdmQ,1,1,36.08309058172673,0.25077322125434875,16.02401351928711,0.0,0.10000000149011612,uniform,blur,uniform same-energy,resnet18,1234,0
zurich_query_0g61-9tYhD3Y5qh7eiB92g,zurich_database_-F5DDVeGiDZ-hjlDdC345w,2,0.8454632759094238,toronto_database_2PHgK91Apm8x6PzXK7MpUA,0.8462769985198975,-0.0008137226104736328,toronto_database_2PHgK91Apm8x6PzXK7MpUA,1,1,36.143760866845085,0.2507736384868622,15.801716804504395,4.340277882874943e-05,0.10000000894069672,uniform,blur,uniform same-energy,resnet18,1234,0
amman_query_2amxr5vdbo4jgViAEELT_Q,amman_database_RybCghn6dxdppOd3XPQXhw,1851,0.6678551435470581,amman_database_5XoaP1Muw6iwIBg_kWYFaQ,0.8433632850646973,-0.17550814151763916,amman_database_5XoaP1Muw6iwIBg_kWYFaQ,0,0,36.066532950834414,0.25077587366104126,16.085222244262695,0.0,0.09999997913837433,uniform,blur,uniform same-energy,resnet18,1234,0
boston_query_-WNRbaGc8Yukh-LWnRNe5O,boston_database_-Ks6CpNXFqOh9Kttdsa6lw,9,0.8297752141952515,amman_database_6uv4gfriWuzDejTlMpo7Rg,0.8504109382629395,-0.02063572406768799,amman_database_6uv4gfriWuzDejTlMpo7Rg,0,1,36.2068010072633,0.25076955556869507,15.574003219604492,0.002864583395421505,0.10000000894069672,uniform,blur,uniform same-energy,resnet18,1234,0
cph_query_-V4aUy1yd0AbFfY-xX0BAg,cph_database_0rRbZapy_jGPOpPctSIjfQ,3,0.8747812509536743,cph_database_7GGxDI0rTmq-wJUpv3Lejw,0.9016312956809998,-0.02685004472732544,cph_database_7GGxDI0rTmq-wJUpv3Lejw,1,1,36.13289541928939,0.25077539682388306,15.841300010681152,0.0,0.09999998658895493,uniform,blur,uniform same-energy,resnet18,1234,0
london_query_09P-tDZlSTWY4XNCcRZ_-g,london_database_L2btcmPVteWg2tJIPDETLg,6,0.8512609601020813,zurich_database_-oWuFFUil7bXSMPMaeYZEg,0.8581128120422363,-0.006851851940155029,zurich_database_-oWuFFUil7bXSMPMaeYZEg,0,1,36.16453561072195,0.2507793605327606,15.726308822631836,0.0,0.10000000894069672,uniform,blur,uniform same-energy,resnet18,1234,0
manila_query_-ZbYcdqL0C0ximLGFEriNA,manila_database_-z7DfYZSWWxPbr9oCG6mHg,145,0.8234505653381348,amman_database_2_NNnfq-ucbh4wN64ndIOg,0.8598752617835999,-0.03642469644546509,amman_database_2_NNnfq-ucbh4wN64ndIOg,0,0,36.129735341403176,0.2507674992084503,15.85283088684082,0.0,0.10000000149011612,uniform,blur,uniform same-energy,resnet18,1234,0
nairobi_query_3zSInmaUjlNkUR45dqrSLg,nairobi_database_6TX4ZR0VfqHmNorJfDCQdA,53,0.8109087944030762,cph_database_1z1TNZFA0JXHcctshDaGQA,0.8482940793037415,-0.03738528490066528,cph_database_1z1TNZFA0JXHcctshDaGQA,0,0,36.27889061672431,0.2507743835449219,15.317620277404785,0.005230034701526165,0.10000000149011612,uniform,blur,uniform same-energy,resnet18,1234,0
toronto_query_-M3eMqHp0OhecS-hoh58aQ,toronto_database_95hPXNJ-rgCIo0awz78Big,116,0.7876582145690918,amman_database_Ld8UF_WG7d620clwmhmA7w,0.8526910543441772,-0.06503283977508545,amman_database_Ld8UF_WG7d620clwmhmA7w,0,0,36.07266498206289,0.25076866149902344,16.06252670288086,0.0,0.10000000149011612,uniform,blur,uniform same-energy,resnet18,1234,0
zurich_query_0gHh8OHgmM804LVr0Ocrag,zurich_database_6UPSS0xP9iCLyj6dGKfFRg,1,0.8903713226318359,cph_database_04Bz2mPV9xajFGZOxvcyAg,0.8902277946472168,0.00014352798461914062,zurich_database_6UPSS0xP9iCLyj6dGKfFRg,1,1,36.06560197329301,0.25077348947525024,16.08867073059082,0.0,0.09999998658895493,uniform,blur,uniform same-energy,resnet18,1234,0
amman_query_2ar5B6f1xOYuU4wn7CLEJg,amman_database_Crog-zM-aqzW4UhYaQpBCw,106,0.8146392107009888,amman_database_7UkylzqcXiAtWBdc7gRXug,0.8845311403274536,-0.06989192962646484,amman_database_7UkylzqcXiAtWBdc7gRXug,0,0,36.068922583666534,0.25077417492866516,16.076374053955078,0.0,0.10000000894069672,uniform,blur,uniform same-energy,resnet18,1234,0
boston_query_-XLBZG628HbrD4FlfLBryQ,boston_database_8IRy-NgjEMD8UEfWUz-lTg,1,0.8506922721862793,boston_database_7wQKqB8f8mmOlzPVp_KeXg,0.8424903154373169,0.008201956748962402,boston_database_8IRy-NgjEMD8UEfWUz-lTg,1,1,36.34637331330757,0.25077489018440247,15.08144760131836,0.0034016927238553762,0.09999999403953552,uniform,blur,uniform same-energy,resnet18,1234,0
cph_query_-VfD_cIsQvsNIbCy3tCgQQ,cph_database_-_WpfRt0xa7BT3ZNhox7bw,9,0.8458582162857056,toronto_database_JZHiKl7CE7BzdlGbop_5MA,0.8664956092834473,-0.0206373929977417,toronto_database_JZHiKl7CE7BzdlGbop_5MA,0,1,36.065187011106204,0.2507796883583069,16.090208053588867,0.0,0.09999997913837433,uniform,blur,uniform same-energy,resnet18,1234,0
london_query_0AbO1xvvOJRs1V3ReaDrNw,london_database_3nlgqK_BhpRLtCaRJk7mBg,46,0.8371702432632446,toronto_database_JZHiKl7CE7BzdlGbop_5MA,0.8861907720565796,-0.04902052879333496,toronto_database_JZHiKl7CE7BzdlGbop_5MA,0,0,36.41769525437968,0.2507733702659607,14.835795402526855,0.0,0.10000000894069672,uniform,blur,uniform same-energy,resnet18,1234,0
manila_query_-ZyenisXeFL1kaebCpUNAQ,manila_database_5k6CwtK_2ROyvpr91VU3nw,97,0.8115671277046204,manila_database_31P09aOdEXsPJyiA8d7DRA,0.8735567331314087,-0.06198960542678833,manila_database_31P09aOdEXsPJyiA8d7DRA,0,0,36.07638634920144,0.2507610619068146,16.048768997192383,0.0,0.10000000149011612,uniform,blur,uniform same-energy,resnet18,1234,0
nairobi_query_42kd1bm9ZK0fwGacm_8O5A,nairobi_database_NoG9ZUE9lu8WisRacbbNUw,69,0.8384100198745728,amman_database_2_NNnfq-ucbh4wN64ndIOg,0.8667280077934265,-0.02831798791885376,amman_database_2_NNnfq-ucbh4wN64ndIOg,0,0,36.066796626756,0.2507767081260681,16.084245681762695,0.0,0.10000001639127731,uniform,blur,uniform same-energy,resnet18,1234,0
toronto_query_-MFll3mcOLNHfSZyGy5VIw,toronto_database_8aHbQwynhIr0XfyXIGqbdA,10,0.8434871435165405,toronto_database_5ey9E_udkLByc3LTBLFD3A,0.8896657228469849,-0.046178579330444336,toronto_database_5ey9E_udkLByc3LTBLFD3A,0,1,36.177846689686056,0.2507757842540741,15.678181648254395,0.00017361111531499773,0.10000000894069672,uniform,blur,uniform same-energy,resnet18,1234,0
zurich_query_0lHgqSrbw8SSQej38K9wpQ,zurich_database_OyWUlDA0nQXhtkA0SVtvGg,1,0.8717191815376282,toronto_database_66Svrvnm_JwZWN1Blrg8rw,0.8333630561828613,0.038356125354766846,zurich_database_OyWUlDA0nQXhtkA0SVtvGg,1,1,36.32558727438991,0.2507762610912323,15.153802871704102,0.02932942658662796,0.10000000149011612,uniform,blur,uniform same-energy,resnet18,1234,0
amman_query_2hq9evzmyg6GO86JGeo5kw,amman_database_5f1b6ODcRSNjVm7BiUt1HQ,2,0.8459322452545166,amman_database_-nl8sfLoMweaxG5imCTp9Q,0.8499104380607605,-0.0039781928062438965,amman_database_-nl8sfLoMweaxG5imCTp9Q,1,1,36.16932938645179,0.25077107548713684,15.708959579467773,0.0004503038071561605,0.09999999403953552,uniform,blur,uniform same-energy,resnet18,1234,0
boston_query_-XPoSJpI_X3ZlnZLz8JG4L,boston_database_LvKqyZOVkMtPAJ-SkA3DN1,215,0.832547128200531,amman_database_2_NNnfq-ucbh4wN64ndIOg,0.8909507393836975,-0.058403611183166504,amman_database_2_NNnfq-ucbh4wN64ndIOg,0,0,36.26190758563827,0.2507672607898712,15.377636909484863,0.0,0.09999999403953552,uniform,blur,uniform same-energy,resnet18,1234,0
cph_query_-VwsLi9Gs8ntflZjLfPkGw,cph_database_0XUmaZkZbak0CUhOwxqPjw,237,0.8225383758544922,cph_database_UjpWUL98Q5DyuoCMWlk77w,0.8773093819618225,-0.05477100610733032,cph_database_UjpWUL98Q5DyuoCMWlk77w,0,0,36.094481624819196,0.25077489018440247,15.982039451599121,0.0,0.09999999403953552,uniform,blur,uniform same-energy,resnet18,1234,0
london_query_0BjBFV4G9jdMJlEMqshzoA,london_database_JeQXfjTo6VURMPAXsqqrqw,8,0.8212612867355347,boston_database_8IRy-NgjEMD8UEfWUz-lTg,0.8330169916152954,-0.011755704879760742,boston_database_8IRy-NgjEMD8UEfWUz-lTg,0,1,36.09954163599776,0.2507757842540741,15.96342945098877,0.0,0.10000000149011612,uniform,blur,uniform same-energy,resnet18,1234,0
manila_query_-aK1h18UZREBqmVQH9KSvw,manila_database_YaHrs2Z76Jx0zaYq3oFG7A,130,0.8244277834892273,toronto_database_2PHgK91Apm8x6PzXK7MpUA,0.8755687475204468,-0.05114096403121948,toronto_database_2PHgK91Apm8x6PzXK7MpUA,0,0,36.48140753964348,0.2507629692554474,14.619738578796387,0.03823242336511612,0.10000000149011612,uniform,blur,uniform same-energy,resnet18,1234,0
nairobi_query_479Or7jRwWHujnR6N21HGg,nairobi_database_6TX4ZR0VfqHmNorJfDCQdA,148,0.8042769432067871,zurich_database_1goWOvtyEe9_94kIF29nZA,0.846552848815918,-0.04227590560913086,zurich_database_1goWOvtyEe9_94kIF29nZA,0,0,36.33692329185921,0.25077465176582336,15.114299774169922,0.0048828125,0.10000000149011612,uniform,blur,uniform same-energy,resnet18,1234,0
toronto_query_-MnI6OlC-vX0Wm56nVPN1A,toronto_database_ls5OV3_7FfTIhs_2dngpWA,1,0.8621212244033813,manila_database_1_KCZ0iTXQEeCIdTzTcUHA,0.8603256940841675,0.0017955303192138672,toronto_database_ls5OV3_7FfTIhs_2dngpWA,1,1,36.50866807530467,0.2507767975330353,14.528258323669434,0.03950737789273262,0.09999999403953552,uniform,blur,uniform same-energy,resnet18,1234,0
zurich_query_0nVsH-6SH_FHslcVrikkwQ,zurich_database_XBi1UyH0pCxpA5NginBO2Q,101,0.8178651928901672,zurich_database_2IFVvdawkgwfoEkc1UpdCw,0.8757981061935425,-0.057932913303375244,zurich_database_2IFVvdawkgwfoEkc1UpdCw,0,0,36.268939989459255,0.25077182054519653,15.35275650024414,0.0,0.09999999403953552,uniform,blur,uniform same-energy,resnet18,1234,0
amman_query_2lABfkOBYPSLZkKhyRxYdA,amman_database_151zMheq8vPIGSfBTFm2Kg,4,0.8628557920455933,amman_database_1gJtGI68JVwQZGi6W80ZUw,0.8938208222389221,-0.030965030193328857,amman_database_1gJtGI68JVwQZGi6W80ZUw,1,1,36.07559155690626,0.2507767081260681,16.051706314086914,0.0,0.10000001639127731,uniform,blur,uniform same-energy,resnet18,1234,0
boston_query_-XVMoSt8xs2FUh9JzquX6A,boston_database_543boocdK3rRabfv3SJSvg,21,0.8444082140922546,boston_database_1k4pbpEWBwA9ojuy58J9oA,0.876298189163208,-0.03188997507095337,boston_database_1k4pbpEWBwA9ojuy58J9oA,0,0,36.073335449061744,0.25077196955680847,16.060047149658203,0.0,0.10000000894069672,uniform,blur,uniform same-energy,resnet18,1234,0
cph_query_-WFB24C5ns0vkkGHGvN40A,cph_database_33ZlPGNkPp7GdFa0YLMIsg,2,0.8767709732055664,cph_database_7aTcyyEj8sB3Jg7PRzJu-g,0.8775768280029297,-0.0008058547973632812,cph_database_7aTcyyEj8sB3Jg7PRzJu-g,1,1,36.065579834110586,0.2507811188697815,16.08875274658203,0.0,0.09999998658895493,uniform,blur,uniform same-energy,resnet18,1234,0
london_query_0CaaImFsIdNZjpg8oBPgsQ,london_database_ogCqZhn7TrfEmF64Tg9z1Q,984,0.7441193461418152,boston_database_0UTNi5_ggWo6n7PhaJw9yw,0.8297082185745239,-0.08558887243270874,boston_database_0UTNi5_ggWo6n7PhaJw9yw,0,0,36.09855919973778,0.2507743537425995,15.967041015625,0.0,0.10000000149011612,uniform,blur,uniform same-energy,resnet18,1234,0
manila_query_-cNGgBgyFrf92tQ2SjMnVw,manila_database_7593idyAjcK1n95CJJMkOA,385,0.7997191548347473,london_database_7hadEPdEI2MGW7SMcZDBUA,0.8759018182754517,-0.07618266344070435,london_database_7hadEPdEI2MGW7SMcZDBUA,0,0,36.139792793805185,0.2507689297199249,15.816161155700684,0.0011718750465661287,0.10000000149011612,uniform,blur,uniform same-energy,resnet18,1234,0
nairobi_query_4EL0OPwVmp4k2zCpl9_c_A,nairobi_database_3UPn39IM6HTHYtg6HY4q-g,2,0.838273286819458,boston_database_0MER2tyL8y0wp8wzZzQCDA,0.85342937707901,-0.015156090259552002,boston_database_0MER2tyL8y0wp8wzZzQCDA,1,1,36.13609390517478,0.2507743537425995,15.82963752746582,0.0,0.10000000149011612,uniform,blur,uniform same-energy,resnet18,1234,0
toronto_query_-MvRj243NBTPnognhgb4Cg,toronto_database_2PHgK91Apm8x6PzXK7MpUA,68,0.845665454864502,zurich_database_1RM5Mx-wajw1Nbo7PHHTwg,0.8880889415740967,-0.04242348670959473,zurich_database_1RM5Mx-wajw1Nbo7PHHTwg,0,0,36.08062546091541,0.2507738769054413,16.033111572265625,0.0,0.10000000149011612,uniform,blur,uniform same-energy,resnet18,1234,0
zurich_query_0qoNSI3UUj6VR3TM7c0Peg,zurich_database_6ECihaE_tWqpiMu47QOjwQ,285,0.7554340362548828,london_database_95giX68cDMPmxguKbDWhmA,0.8271973729133606,-0.07176333665847778,london_database_95giX68cDMPmxguKbDWhmA,0,0,36.07460962159233,0.2507781684398651,16.055335998535156,0.0,0.10000000149011612,uniform,blur,uniform same-energy,resnet18,1234,0
amman_query_2o7YcP9UAqSU1ygtK33BfQ,amman_database_urse6by33-0JmqS5mVlLLg,6,0.849755585193634,amman_database_2dYrS88c4WSXs6D5iSIdVg,0.8600127100944519,-0.010257124900817871,amman_database_2dYrS88c4WSXs6D5iSIdVg,0,1,36.06532652870743,0.25077298283576965,16.089691162109375,0.0,0.09999999403953552,uniform,blur,uniform same-energy,resnet18,1234,0
boston_query_-YC7UljP-400uMusDPAb5o,boston_database_2TQsfSDqxLbRlevqUcUSYA,1,0.8503322601318359,boston_database_16CRssB4qXv2zYzHuRAwTQ,0.8347312808036804,0.015600979328155518,boston_database_2TQsfSDqxLbRlevqUcUSYA,1,1,36.10074955629975,0.25077059864997864,15.958990097045898,0.00017361111531499773,0.10000000149011612,uniform,blur,uniform same-energy,resnet18,1234,0
cph_query_-WSWmgHuo6qPHzHxqzEe1A,cph_database_6x3ymkhiy3yOhCsu1aztdg,109,0.8408283591270447,cph_database_6pYqCwVVuumtu2fveyEqRA,0.886243462562561,-0.04541510343551636,cph_database_6pYqCwVVuumtu2fveyEqRA,0,0,36.069242571812936,0.2507762610912323,16.0751895904541,0.0,0.10000000149011612,uniform,blur,uniform same-energy,resnet18,1234,0
london_query_0EzKuKNIcxIWax_duM0EWw,london_database_h9EFKOkIkMIA7h7U-lcwWA,2,0.8714466691017151,london_database_-ciLkUT3ztPptCzyhLAG2w,0.8762454986572266,-0.004798829555511475,london_database_-ciLkUT3ztPptCzyhLAG2w,1,1,36.09289461746278,0.2507760524749756,15.98788070678711,0.0005045572761446238,0.10000000149011612,uniform,blur,uniform same-energy,resnet18,1234,0
manila_query_-cmAo9dkimIih2B7T4UHfg,manila_database_7ZCkHNgbdGrjb8m48J_VRA,197,0.7948160767555237,manila_database_8v4He-pD8pDMK_ER8pZlIQ,0.8790000677108765,-0.08418399095535278,manila_database_8v4He-pD8pDMK_ER8pZlIQ,0,0,36.45044848275794,0.25077009201049805,14.724328994750977,0.0234103724360466,0.10000000894069672,uniform,blur,uniform same-energy,resnet18,1234,0
nairobi_query_4Scm9UylRL9Edyu3ZemB9A,nairobi_database_FuBkR1fbVVpCW5nvjIU89g,3,0.8111562132835388,nairobi_database_a9xNzoydjr-je93NA7mygg,0.8260025382041931,-0.014846324920654297,nairobi_database_a9xNzoydjr-je93NA7mygg,1,1,36.27239931360398,0.2507733702659607,15.340532302856445,0.0,0.10000000894069672,uniform,blur,uniform same-energy,resnet18,1234,0
toronto_query_-N8Ief4Q3CWSOSauaoVHkw,toronto_database_f9yapUp1QfWHiW5Ggk7eTw,5,0.853105366230011,manila_database_4SNN_Q1-Ov_UDR1inHM2mg,0.8547972440719604,-0.0016918778419494629,manila_database_4SNN_Q1-Ov_UDR1inHM2mg,1,1,36.068982354218846,0.2507733702659607,16.076152801513672,0.0,0.10000000894069672,uniform,blur,uniform same-energy,resnet18,1234,0
zurich_query_0yT0tESrImO18FH9C5STzg,zurich_database_5EBjYZoNQsB323r5P6H-HQ,16,0.8427727222442627,boston_database_3dQbA6O_0evX3zu7Qc-pYw,0.8832260966300964,-0.04045337438583374,boston_database_3dQbA6O_0evX3zu7Qc-pYw,0,0,36.30453222540554,0.2507726848125458,15.227448463439941,0.00022786458430346102,0.09999999403953552,uniform,blur,uniform same-energy,resnet18,1234,0
amman_query_2pCCoWfi0AP_93cYLKD9sA,amman_database_5XoaP1Muw6iwIBg_kWYFaQ,101,0.8398698568344116,toronto_database_3LCzhZVa-_75oQZecGcGLw,0.8973869681358337,-0.05751711130142212,toronto_database_3LCzhZVa-_75oQZecGcGLw,0,0,36.06961875550036,0.2507733702659607,16.07379722595215,0.0,0.10000000894069672,uniform,blur,uniform same-energy,resnet18,1234,0
boston_query_-YNCuOIwfe745OWl27FQZQ,boston_database_6HtWKuiJOkXO1GTzRBSfTg,1,0.8593736886978149,cph_database_DVjPFkksMwlWmXwvdLKwSg,0.8586163520812988,0.0007573366165161133,boston_database_6HtWKuiJOkXO1GTzRBSfTg,1,1,36.30877629671626,0.2507784366607666,15.21257495880127,0.0006347656017169356,0.10000000149011612,uniform,blur,uniform same-energy,resnet18,1234,0
cph_query_-XYLPst0OjYGoPVJKGP1aA,cph_database_33mmxgcLFjzRhpSRQRWq4Q,1,0.8945995569229126,cph_database_-QWxOCFh2Cw3JbcqTX28OQ,0.8901042938232422,0.00449526309967041,cph_database_33mmxgcLFjzRhpSRQRWq4Q,1,1,36.06610708623127,0.2507781982421875,16.08679962158203,0.0,0.10000000149011612,uniform,blur,uniform same-energy,resnet18,1234,0
london_query_0IFxmIDIkGlB0FShcszAfw,london_database_7KhxgmhjR5T_2QXEjYoZ-Q,11,0.8124114274978638,zurich_database_6-TIm7QHPYTjyxT3GFR2gg,0.8518573641777039,-0.03944593667984009,zurich_database_6-TIm7QHPYTjyxT3GFR2gg,0,0,36.3036526900584,0.2507787048816681,15.2305326461792,0.0,0.09999999403953552,uniform,blur,uniform same-energy,resnet18,1234,0
manila_query_-dvVr_QHKim5_WyUsv_Z4A,manila_database_6gIIjVpCb3sCY1zDKHTN0w,76,0.8253525495529175,manila_database_UHmqVlwY_tIWS997TaZywA,0.876518964767456,-0.051166415214538574,manila_database_UHmqVlwY_tIWS997TaZywA,0,0,36.1223445002938,0.25077298283576965,15.87983226776123,0.0,0.09999999403953552,uniform,blur,uniform same-energy,resnet18,1234,0
nairobi_query_4_8wDQ5TQuzz_jEJKVIl0Q,nairobi_database_8QrvtfnMMYvjycP4nESumw,333,0.7321871519088745,manila_database_4tXg0kJtp4bBR40lWJ7mIA,0.8431504964828491,-0.11096334457397461,manila_database_4tXg0kJtp4bBR40lWJ7mIA,0,0,36.07068409897737,0.25078052282333374,16.069854736328125,0.0,0.10000001639127731,uniform,blur,uniform same-energy,resnet18,1234,0
toronto_query_-OZxhiQ5zPqGdSRrqUMKfQ,toronto_database_6El8G6j-CzIxXcap-_r3sg,1,0.895376443862915,boston_database_1lzWfM7wv5kw-ZdKl_peNA,0.871004581451416,0.024371862411499023,toronto_database_6El8G6j-CzIxXcap-_r3sg,1,1,36.23962234185055,0.2507767975330353,15.456748008728027,0.0,0.09999999403953552,uniform,blur,uniform same-energy,resnet18,1234,0
zurich_query_0zEmJXMA03W0EBFP74wRVQ,zurich_database_56kgw0xoLbK4aolDWKul5A,1,0.8770265579223633,boston_database_-BzrVPIrGylZQ8H15WaRYg,0.8668274879455566,0.01019906997680664,zurich_database_56kgw0xoLbK4aolDWKul5A,1,1,36.10516865770456,0.2507776916027069,15.94275951385498,0.0,0.10000000149011612,uniform,blur,uniform same-energy,resnet18,1234,0
amman_query_2pZlZDNh_3B-gECdtvklWQ,amman_database_IceuJQN2uOI5xXzHFlNWHw,8,0.8440264463424683,amman_database_3yagEI09YxnyMOsqFCs-ig,0.8581066131591797,-0.014080166816711426,amman_database_3yagEI09YxnyMOsqFCs-ig,0,1,36.113216582146705,0.25077250599861145,15.913243293762207,0.0,0.10000000149011612,uniform,blur,uniform same-energy,resnet18,1234,0
boston_query_-Zk-uQZzECPhvd8WV6mxhQ,boston_database_87osbt4QESoaKhqx1S698g,3,0.8406436443328857,cph_database_5GKxJZYxgwMMJsgDfMxZ1w,0.8478838801383972,-0.007240235805511475,cph_database_5GKxJZYxgwMMJsgDfMxZ1w,1,1,36.11793864146638,0.25077441334724426,15.895950317382812,0.0,0.10000000149011612,uniform,blur,uniform same-energy,resnet18,1234,0
cph_query_-YjbrleIz5WKWE1Rmmo4fg,cph_database_20p-zC1BqByt8dVNbnKbTw,1,0.9036487340927124,cph_database_-rgalkuRufc_JbNM5Iwadg,0.8805292844772339,0.023119449615478516,cph_database_20p-zC1BqByt8dVNbnKbTw,1,1,36.06528225326362,0.2507741451263428,16.089855194091797,0.0,0.10000000149011612,uniform,blur,uniform same-energy,resnet18,1234,0
london_query_0LQj6exgKdVQbIBlQAVcrw,london_database_0hPXQ8vpwqqqTFwS1mTzZQ,38,0.7443438768386841,cph_database_6xxgGejRFdIJPYb-cnW2Xg,0.8063852787017822,-0.062041401863098145,cph_database_6xxgGejRFdIJPYb-cnW2Xg,0,0,36.08365977383396,0.2507765591144562,16.021913528442383,0.0,0.10000000149011612,uniform,blur,uniform same-energy,resnet18,1234,0
manila_query_-fizm8lmdD_ORe0_j5qnJQ,manila_database_78z0QV2-TMH912gTI-63FA,6,0.8415845632553101,manila_database_1NHx9p_Qfpv51-_bnxD3XQ,0.8648847937583923,-0.023300230503082275,manila_database_1NHx9p_Qfpv51-_bnxD3XQ,0,1,36.161703256850124,0.2507714629173279,15.736568450927734,0.0001302083401242271,0.10000000894069672,uniform,blur,uniform same-energy,resnet18,1234,0
nairobi_query_4otBu8pxIHc7lXwh66bqHQ,nairobi_database_fdXQFliJlP2K6rvw_jLOnQ,1999,0.5333777070045471,zurich_database_4-7L3aTGT-P2Zip2jLHH2Q,0.829994797706604,-0.2966170907020569,zurich_database_4-7L3aTGT-P2Zip2jLHH2Q,0,0,36.075047156516035,0.2507722079753876,16.05371856689453,0.0,0.09999999403953552,uniform,blur,uniform same-energy,resnet18,1234,0
toronto_query_-Pkw8dqFfD76K-CZ7pnCVQ,toronto_database_efAlAqJr3ShZKF9EP9gJwA,127,0.8167935609817505,zurich_database_4-amN7nLphQF0Qv7LEKCqQ,0.8588378429412842,-0.04204428195953369,zurich_database_4-amN7nLphQF0Qv7LEKCqQ,0,0,36.28807660243672,0.2507763206958771,15.285255432128906,0.0,0.10000000149011612,uniform,blur,uniform same-energy,resnet18,1234,0
zurich_query_1-8NWRY7HPTPq2lkQitPfw,zurich_database_4imNC7D7IARx5dzUHyuzSA,5,0.8512434959411621,cph_database_1w9aW1PCzyG1W2YZ9hiO2Q,0.8568859100341797,-0.005642414093017578,cph_database_1w9aW1PCzyG1W2YZ9hiO2Q,1,1,36.20903015888572,0.2507745921611786,15.566011428833008,0.0006401909631676972,0.09999999403953552,uniform,blur,uniform same-energy,resnet18,1234,0
amman_query_2rTDzpKAZdmx5K2aSyos9w,amman_database_2KPNt-NMPoNNPkUHc39G6A,83,0.8363868594169617,amman_database_3ZbkOYTSJMb7R5Av7soq9A,0.8792731761932373,-0.042886316776275635,amman_database_3ZbkOYTSJMb7R5Av7soq9A,0,0,36.06550775383343,0.2507762610912323,16.089019775390625,0.0,0.10000000149011612,uniform,blur,uniform same-energy,resnet18,1234,0
boston_query_-_69BJwJSLQGnzQD20QsOg,boston_database_xJh2U6wTEJU5MkN6cNWmrg,372,0.768730640411377,manila_database_-tLOOodTWnvNp-K8fEWFlg,0.8582857847213745,-0.08955514430999756,manila_database_-tLOOodTWnvNp-K8fEWFlg,0,0,36.22451012622267,0.2507748603820801,15.510626792907715,0.0,0.09999999403953552,uniform,blur,uniform same-energy,resnet18,1234,0
cph_query_-YnFOjTmnQhpLwXt2EJ1QQ,cph_database_u__bAug3pIy5UiqNxPW-8w,180,0.7895127534866333,amman_database_3ZbkOYTSJMb7R5Av7soq9A,0.8634234070777893,-0.073910653591156,amman_database_3ZbkOYTSJMb7R5Av7soq9A,0,0,36.207792545844704,0.2507733702659607,15.57044792175293,0.0001302083401242271,0.10000000894069672,uniform,blur,uniform same-energy,resnet18,1234,0
london_query_0M3fNwl2Fi82PVH3lDRsCg,london_database_4k--SrbWZCiu2p5cJt0EYw,1,0.8421300053596497,london_database_1D6hwAKVjwxPeiGlv9IT3g,0.836288571357727,0.005841434001922607,london_database_4k--SrbWZCiu2p5cJt0EYw,1,1,36.175852904162284,0.2507736384868622,15.685380935668945,0.007237412966787815,0.09999999403953552,uniform,blur,uniform same-energy,resnet18,1234,0
manila_query_-hNuMbgiWK_ZPELfuWj5FQ,manila_database_562jgjEtbznkZO2Ul4TSTw,1,0.8435550332069397,manila_database_3-gSfEXfZFJB6UNSXSK02g,0.832337498664856,0.01121753454208374,manila_database_562jgjEtbznkZO2Ul4TSTw,1,1,36.233349963975144,0.25077390670776367,15.479087829589844,0.0,0.10000000894069672,uniform,blur,uniform same-energy,resnet18,1234,0
nairobi_query_5ISN1dRvjgJI9rd6GbusNQ,nairobi_database_91GsMs5kPfxkm2YLFNBy2g,49,0.8237885236740112,cph_database_4BdWO7YCXasxr90wTqDpDw,0.8505480885505676,-0.026759564876556396,cph_database_4BdWO7YCXasxr90wTqDpDw,0,0,36.26378661235716,0.2507752776145935,15.37098503112793,0.0016818576259538531,0.10000000894069672,uniform,blur,uniform same-energy,resnet18,1234,0
toronto_query_-PuMS2UqNh7dbLLfWE37yg,toronto_database_6qYwQstrayZM_SmME-owrw,2,0.8898633718490601,toronto_database_0ccv5ZSPbvN3WBJN_1__MA,0.9051476716995239,-0.015284299850463867,toronto_database_0ccv5ZSPbvN3WBJN_1__MA,1,1,36.2563657590937,0.2507741451263428,15.397272109985352,0.0088975690305233,0.10000000149011612,uniform,blur,uniform same-energy,resnet18,1234,0
zurich_query_1-TXtjFv1nAkC2AZXfhuDg,zurich_database_-0c8fGzuvHKGROvzeZflOQ,65,0.859152615070343,zurich_database_-Es59pgAQfznoDqUA50E9Q,0.8914750218391418,-0.03232240676879883,zurich_database_-Es59pgAQfznoDqUA50E9Q,0,0,36.15142878415006,0.2507736384868622,15.773841857910156,0.0,0.10000000894069672,uniform,blur,uniform same-energy,resnet18,1234,0
amman_query_-39Q9edqZUArYHa41OPDoQ,amman_database_230ybQVhceCf4Sln4SPOMQ,1,0.868319571018219,amman_database_83JeviUS_J6DBsBA1i9tuA,0.8540481328964233,0.014271438121795654,amman_database_230ybQVhceCf4Sln4SPOMQ,1,1,36.076455513332384,0.2507728636264801,16.048513412475586,0.0,0.8931085467338562,edge,blur,gradient-magnitude (edge),resnet18,1234,0
boston_query_--LUAhgqzqNM6FyWSJ-Dsw,boston_database_-XpWzw3N73sfAC2jKTbD5Q,1,0.9458030462265015,boston_database_0XkG0EUDAUX3eUfdrB2wyw,0.9019679427146912,0.0438351035118103,boston_database_-XpWzw3N73sfAC2jKTbD5Q,1,1,36.0854329674211,0.2507810592651367,16.01537322998047,0.0,0.7949225306510925,edge,blur,gradient-magnitude (edge),resnet18,1234,0
cph_query_--FyHVca3HP-QgUmcAvToA,cph_database_0dcx1DoaGzM3QYU_47-ctA,23,0.8489548563957214,boston_database_DU3FJGAh3PrB45a580xbGg,0.8868681788444519,-0.03791332244873047,boston_database_DU3FJGAh3PrB45a580xbGg,0,0,36.10475249552786,0.2507774531841278,15.944287300109863,0.0036838108208030462,0.8844218850135803,edge,blur,gradient-magnitude (edge),resnet18,1234,0
london_query_-0u7VsCOCAmwH4RFsN5BoA,london_database_f9ng8k9Ngt4UWja_a-mjaw,209,0.7747687101364136,zurich_database_0r57m1gsoV4j_t4xOqtL7A,0.8271031975746155,-0.052334487438201904,zurich_database_0r57m1gsoV4j_t4xOqtL7A,0,0,36.35345261732935,0.2507737874984741,15.056883811950684,0.0,0.8344635367393494,edge,blur,gradient-magnitude (edge),resnet18,1234,0
manila_query_-10kuZ2TqVxJ-YLQJl2uqA,manila_database_Zr6IH7wDsmdaq7VyLJLKDg,56,0.825032114982605,manila_database_7vOvfavBmZmLG0s8XGaBbA,0.8753105401992798,-0.050278425216674805,manila_database_7vOvfavBmZmLG0s8XGaBbA,0,0,36.069966625578374,0.25077420473098755,16.072509765625,0.0,0.6784471869468689,edge,blur,gradient-magnitude (edge),resnet18,1234,0
nairobi_query_-K4R8iYrz9LwQ7wia8JZtQ,nairobi_database_fdXQFliJlP2K6rvw_jLOnQ,1999,0.5225776433944702,zurich_database_4-7L3aTGT-P2Zip2jLHH2Q,0.8293485045433044,-0.30677086114883423,zurich_database_4-7L3aTGT-P2Zip2jLHH2Q,0,0,36.066748731306966,0.25077372789382935,16.084423065185547,2.1701389414374717e-05,0.7906314730644226,edge,blur,gradient-magnitude (edge),resnet18,1234,0
toronto_query_-1caqsIDW4YpUBZB98J9uV,toronto_database_0ItNHOVZYAjAFyIWcZNw3Q,32,0.8412212133407593,zurich_database_VgwLuWhpDSqjlB2NYlCDAw,0.859683632850647,-0.018462419509887695,zurich_database_VgwLuWhpDSqjlB2NYlCDAw,0,0,36.273712192191695,0.25076574087142944,15.335895538330078,0.01613498292863369,0.9213084578514099,edge,blur,gradient-magnitude (edge),resnet18,1234,0
zurich_query_--RjvuIbkJiPNJknyeZN_Q,zurich_database_TZZASHVyX8JX4JCtjaZu8A,144,0.8174163103103638,boston_database_7T5vnHPW4Xd12sc2X_jLfw,0.8707194328308105,-0.05330312252044678,boston_database_7T5vnHPW4Xd12sc2X_jLfw,0,0,36.06850215199136,0.2507780194282532,16.077930450439453,0.0,0.8826049566268921,edge,blur,gradient-magnitude (edge),resnet18,1234,0
amman_query_-6eEB_fS2eePRNUql6vOrQ,amman_database_Ld8UF_WG7d620clwmhmA7w,1,0.9198588728904724,amman_database_4JYN6Wp8p1aN_2b6dP1Yyw,0.8852821588516235,0.03457671403884888,amman_database_Ld8UF_WG7d620clwmhmA7w,1,1,36.06691817026646,0.25077947974205017,16.08379554748535,0.0,0.8236352801322937,edge,blur,gradient-magnitude (edge),resnet18,1234,0
boston_query_--VtRctVkqAafFr5b_6GXg,boston_database_UwsH5HN1NhjYYf2i_SZMMw,261,0.8080657124519348,manila_database_5epuq5tYovqXrYnobxqP_A,0.8807759881019592,-0.07271027565002441,manila_database_5epuq5tYovqXrYnobxqP_A,0,0,36.081236184358815,0.25077253580093384,16.03085708618164,0.0,0.8007616996765137,edge,blur,gradient-magnitude (edge),resnet18,1234,0
cph_query_--kN3Y3n0x47vWa8WX-a8w,cph_database_m8v7yRzg-Ahnt8itIkwjQA,1,0.9191656708717346,zurich_database_4FlzweEjVGvnW3C9lZIYrw,0.8940812945365906,0.025084376335144043,cph_database_m8v7yRzg-Ahnt8itIkwjQA,1,1,36.066289888774946,0.2507750391960144,16.086122512817383,0.0,0.9094904065132141,edge,blur,gradient-magnitude (edge),resnet18,1234,0
london_query_-4Vq2O1PhPmG6WK-yV402Q,london_database_ZMtlIMgqMeKcrAIPxCMp3g,1,0.9021940231323242,london_database_8m5P4YTaevUpbWaQ62dnUA,0.89457106590271,0.007622957229614258,london_database_ZMtlIMgqMeKcrAIPxCMp3g,1,1,36.29515941432231,0.2507784962654114,15.260347366333008,0.0350477434694767,0.846100926399231,edge,blur,gradient-magnitude (edge),resnet18,1234,0
manila_query_-10rV9IlRhgTnk5e_QJbgA,manila_database_8aFsf-s2G5vsaCKgNpxZxA,587,0.7766326665878296,manila_database_403INTlXpIBnsRFhSgUFOw,0.8772433996200562,-0.10061073303222656,manila_database_403INTlXpIBnsRFhSgUFOw,0,0,36.31709004344393,0.25077295303344727,15.183481216430664,0.0,0.9031118750572205,edge,blur,gradient-magnitude (edge),resnet18,1234,0
nairobi_query_-cS3FR1RBElNB48QQHiL0Q,nairobi_database_XdvgQAdvS4ZnbRq1lFmPvA,15,0.8530980348587036,amman_database_29z1w1EW9-qTj7neMnnIig,0.8822610974311829,-0.029163062572479248,amman_database_29z1w1EW9-qTj7neMnnIig,0,0,36.06712727426548,0.2507703900337219,16.08302116394043,1.627604251552839e-05,0.8298339247703552,edge,blur,gradient-magnitude (edge),resnet18,1234,0
toronto_query_-3UT7A8bNUkVBgSLW30-ow,toronto_database_ahYWgqSEuXW1UvHqjcvhbg,51,0.7855219841003418,zurich_database_1L-dXrILGks9fkkckuB6MA,0.8184268474578857,-0.032904863357543945,zurich_database_1L-dXrILGks9fkkckuB6MA,0,0,36.23937368420645,0.25077131390571594,15.457633018493652,0.00831705704331398,0.8625422716140747,edge,blur,gradient-magnitude (edge),resnet18,1234,0
zurich_query_-25E3MQ0PY1vs_FT7mKaUw,zurich_database_62HR56sCdEq3XIADUUPmBw,11,0.8519108295440674,manila_database_8CX3mu74pWVyEWzhNrVcbQ,0.8754035234451294,-0.02349269390106201,manila_database_8CX3mu74pWVyEWzhNrVcbQ,0,0,36.16206753126272,0.25077539682388306,15.735248565673828,0.0028157553169876337,0.9235255122184753,edge,blur,gradient-magnitude (edge),resnet18,1234,0
amman_query_-BJoV1t0rKwEzk0bsZplVQ,amman_database_RybCghn6dxdppOd3XPQXhw,1725,0.6392090320587158,amman_database_TAHAih6CiD8ZHZpJqmk4NA,0.8535119295120239,-0.2143028974533081,amman_database_TAHAih6CiD8ZHZpJqmk4NA,0,0,36.06862631936609,0.2507748603820801,16.077470779418945,0.0,0.93524569272995,edge,blur,gradient-magnitude (edge),resnet18,1234,0
boston_query_-0n5FDAuOditKvxIekIbBg,boston_database_7Spns0cJFoQxJhHcHR_Yok,1,0.8467094302177429,manila_database_3ED-M6yl_Y4YZkenDNv49Q,0.7959827184677124,0.05072671175003052,boston_database_7Spns0cJFoQxJhHcHR_Yok,1,1,36.244000029048145,0.2507784962654114,15.44117546081543,0.0026041667442768812,0.9291566014289856,edge,blur,gradient-magnitude (edge),resnet18,1234,0
cph_query_--xKnCCc_4tDGo80iM-A_g,cph_database_2_XsYL2TeW-tmupH9iXwiw,1,0.9013760089874268,toronto_database_0Xd5A1HQH8R9fdiXX-PmOg,0.8894158601760864,0.011960148811340332,cph_database_2_XsYL2TeW-tmupH9iXwiw,1,1,36.11885667056065,0.250778466463089,15.892590522766113,0.00015733507461845875,0.7564865946769714,edge,blur,gradient-magnitude (edge),resnet18,1234,0
london_query_-4pmBOZmF-ynXSkWw5BAew,london_database_5a908C1LT7cfUlW0-urdfA,1,0.8663477897644043,cph_database_7_wYc_QgW8FRWp1rR6jnJQ,0.847676157951355,0.018671631813049316,london_database_5a908C1LT7cfUlW0-urdfA,1,1,36.44377053368512,0.2507704198360443,14.746987342834473,0.05397677794098854,0.7211623787879944,edge,blur,gradient-magnitude (edge),resnet18,1234,0
manila_query_-2h231ovohZWmrsaBllNyw,manila_database_AtwA7nHo3oRCY9gITWUBSw,153,0.817986249923706,cph_database_XtStyqOnyclJ6DFytgpC0Q,0.8722550868988037,-0.054268836975097656,cph_database_XtStyqOnyclJ6DFytgpC0Q,0,0,36.12993233801964,0.2507747709751129,15.85211181640625,0.0008029513992369175,0.7455893158912659,edge,blur,gradient-magnitude (edge),resnet18,1234,0
nairobi_query_-dn1KaWvGY9H5JRLNtaYPg,nairobi_database_ssLyvL_47h4IZogucHeChA,2,0.850888729095459,manila_database_U1FwUndEQdlXZ93Iz997UA,0.8523602485656738,-0.0014715194702148438,manila_database_U1FwUndEQdlXZ93Iz997UA,1,1,36.38996271431034,0.2507757246494293,14.930834770202637,0.02903103269636631,0.9245876669883728,edge,blur,gradient-magnitude (edge),resnet18,1234,0
toronto_query_-4IVXvKV2D8brXjQPZ1GRA,toronto_database_76nIzPCLBw3jsfFraKvLlg,1,0.8878110647201538,toronto_database_5ey9E_udkLByc3LTBLFD3A,0.8831775784492493,0.004633486270904541,toronto_database_76nIzPCLBw3jsfFraKvLlg,1,1,36.40866530286207,0.2507709264755249,14.866674423217773,0.03564453125,0.8019829988479614,edge,blur,gradient-magnitude (edge),resnet18,1234,0
zurich_query_-4StYjY5sT1S23ls5heCbg,zurich_database_X6HaLuJZms_NtOwrX7Ccnw,1,0.8936028480529785,zurich_database_-Z_U-J1EncVqJmBvLwHPaQ,0.8707504272460938,0.022852420806884766,zurich_database_X6HaLuJZms_NtOwrX7Ccnw,1,1,36.32820395615742,0.25077372789382935,15.144675254821777,0.02360568568110466,0.7554153800010681,edge,blur,gradient-magnitude (edge),resnet18,1234,0
amman_query_-D0IlKF__f0c9DPAKbiYnw,amman_database_83JeviUS_J6DBsBA1i9tuA,39,0.7831888794898987,amman_database_q8IKz1dYe84bII8aKmSgZw,0.8820716142654419,-0.09888273477554321,amman_database_q8IKz1dYe84bII8aKmSgZw,0,0,36.06545369441064,0.2507750689983368,16.08922004699707,0.0,0.9752233624458313,edge,blur,gradient-magnitude (edge),resnet18,1234,0
boston_query_-3hM-MR6uuw3se14vw3G0w,boston_database_Ald8XklVXJv2wFOcWoD7SA,341,0.7361995577812195,boston_database_4FDiXrluACXMwFexJ7QSmA,0.8528929948806763,-0.11669343709945679,boston_database_4FDiXrluACXMwFexJ7QSmA,0,0,36.07636002582906,0.2507822811603546,16.048866271972656,0.0,0.8614702820777893,edge,blur,gradient-magnitude (edge),resnet18,1234,0
cph_query_-05vIhjxDNupFcgaM90L3w,cph_database_T7zbMe-_pVjIRayCf9mfQw,3,0.8593930602073669,manila_database_1-NjZL9b8KTrSIldAnLivA,0.8762757778167725,-0.016882717609405518,manila_database_1-NjZL9b8KTrSIldAnLivA,1,1,36.2421748531599,0.2507733106613159,15.44766616821289,0.011029730550944805,0.7640457153320312,edge,blur,gradient-magnitude (edge),resnet18,1234,0
london_query_-5QOE2AlZX8rEz8ONtGRrg,london_database_7NuzdrMI9lHNaBHwtbChxQ,26,0.7607336640357971,cph_database_dh-vxFQjWULqXOrDb8Ptzw,0.8077535629272461,-0.047019898891448975,cph_database_dh-vxFQjWULqXOrDb8Ptzw,0,0,36.081919862475125,0.2507742941379547,16.02833366394043,0.0,0.81547611951828,edge,blur,gradient-magnitude (edge),resnet18,1234,0
manila_query_-3H2xPWPOqn_dCF2Lz5EtQ,manila_database_-VWrhS101xkbdgoKX_ctiw,305,0.824579119682312,manila_database_6-Ge4mVQgHummzC1udZtig,0.8768701553344727,-0.052291035652160645,manila_database_6-Ge4mVQgHummzC1udZtig,0,0,36.23851099544152,0.2507686913013458,15.46070384979248,0.00030924478778615594,0.8008400201797485,edge,blur,gradient-magnitude (edge),resnet18,1234,0
nairobi_query_-f7xKWoDFjaXHyTtnRqVKw,nairobi_database_niKNve9XPiiP3-BM1fszYw,129,0.771866500377655,london_database_JeQXfjTo6VURMPAXsqqrqw,0.846405029296875,-0.07453852891921997,london_database_JeQXfjTo6VURMPAXsqqrqw,0,0,36.16292859318981,0.25077563524246216,15.732129096984863,0.01842990517616272,0.9672516584396362,edge,blur,gradient-magnitude (edge),resnet18,1234,0
toronto_query_-4mlNvZUZnbmRaGbiIndoA,toronto_database_aGiRwJJAlM_N-HVpKyVj_Q,1,0.8565101623535156,nairobi_database_ssLyvL_47h4IZogucHeChA,0.8476521968841553,0.008857965469360352,toronto_database_aGiRwJJAlM_N-HVpKyVj_Q,1,1,36.198488493678056,0.2507755160331726,15.603840827941895,0.0019368489738553762,0.8073492646217346,edge,blur,gradient-magnitude (edge),resnet18,1234,0
zurich_query_-71-BK_yAOJ1soK0OQWIcg,zurich_database_D5f-Hfo2KgngABF8SxLx7A,102,0.7514768242835999,boston_database_17euonMgPfb6H2Pil1okIQ,0.8068370819091797,-0.055360257625579834,boston_database_17euonMgPfb6H2Pil1okIQ,0,0,36.105563814882025,0.25076621770858765,15.941308975219727,0.0,0.5740835070610046,edge,blur,gradient-magnitude (edge),resnet18,1234,0
amman_query_-EAmCN9i5BGEadZIccXEyA,amman_database_49Nj3x8K07clFjERwTHCTQ,21,0.8275853395462036,manila_database_8CX3mu74pWVyEWzhNrVcbQ,0.8596264719963074,-0.03204113245010376,manila_database_8CX3mu74pWVyEWzhNrVcbQ,0,0,36.089427761102414,0.25077342987060547,16.000648498535156,0.0003363715368323028,0.8725659847259521,edge,blur,gradient-magnitude (edge),resnet18,1234,0
boston_query_-4vuSn0vvcBVOccgQqFlow,boston_database_Gvml7rFx_6nDit5eWclK5g,51,0.8320394158363342,boston_database_4milP7SllTY547rUjQshWg,0.8683289885520935,-0.03628957271575928,boston_database_4milP7SllTY547rUjQshWg,0,0,36.08180048234995,0.25077205896377563,16.02877426147461,0.0,0.7270696759223938,edge,blur,gradient-magnitude (edge),resnet18,1234,0
cph_query_-07-gME-zaQLhCsFrSInSg,cph_database_7uNVVQ63J8fRL3vQqXLvMA,4,0.8380128145217896,london_database_0Iz2DUm5xsWGNOXZSATxSQ,0.847866415977478,-0.009853601455688477,london_database_0Iz2DUm5xsWGNOXZSATxSQ,1,1,36.25234859654488,0.2507721185684204,15.411520957946777,0.0,0.8639184236526489,edge,blur,gradient-magnitude (edge),resnet18,1234,0
london_query_-7U9wY8ynnu3oZ1g_-0xww,london_database_7RTgs3f2012dnRwFgn1daw,12,0.8754873871803284,london_database_7hadEPdEI2MGW7SMcZDBUA,0.8964321613311768,-0.02094477415084839,london_database_7hadEPdEI2MGW7SMcZDBUA,0,0,36.27229050992649,0.25076982378959656,15.340916633605957,0.0265842005610466,0.7980394959449768,edge,blur,gradient-magnitude (edge),resnet18,1234,0
manila_query_-5pMypBbFEXHPOTYNJl_EA,manila_database_1NHx9p_Qfpv51-_bnxD3XQ,8,0.8610846996307373,amman_database_29z1w1EW9-qTj7neMnnIig,0.8803014755249023,-0.01921677589416504,amman_database_29z1w1EW9-qTj7neMnnIig,0,1,36.24267384431195,0.2507675886154175,15.445891380310059,0.0,0.8523136973381042,edge,blur,gradient-magnitude (edge),resnet18,1234,0
nairobi_query_-rWgRitoKSYrdczUKUiOrA,nairobi_database_3rFIO1enFyRVL-nV8QEmBA,3,0.8214291334152222,boston_database_5L3USOLg_-os4yeRMczNuQ,0.8445384502410889,-0.0231093168258667,boston_database_5L3USOLg_-os4yeRMczNuQ,1,1,36.09008865337242,0.2507723271846771,15.998213768005371,5.967881952528842e-05,0.8582218289375305,edge,blur,gradient-magnitude (edge),resnet18,1234,0
toronto_query_-5HBlqC41yTbYA1NM7dz1A,toronto_database_LIR6pHa5HpRIR-2BJFU0rg,40,0.835709810256958,toronto_database_J944BkUVr339StNeKvml4Q,0.8728564381599426,-0.03714662790298462,toronto_database_J944BkUVr339StNeKvml4Q,0,0,36.281374332312396,0.25077182054519653,15.308862686157227,0.03733723983168602,0.7887112498283386,edge,blur,gradient-magnitude (edge),resnet18,1234,0
zurich_query_-7bB9HS2MqV7UT7vRyROfg,zurich_database_5hJrSztFeaGup3NhNZhzFg,88,0.8215245604515076,boston_database_8iSbf-_pURepfxymiY1Mdw,0.8649150133132935,-0.04339045286178589,boston_database_8iSbf-_pURepfxymiY1Mdw,0,0,36.09935457462705,0.25077807903289795,15.964117050170898,0.002625867957249284,0.9272128343582153,edge,blur,gradient-magnitude (edge),resnet18,1234,0
amman_query_-L_vanPrT4RcWlLbzCqMKA,amman_database_HrGES6C0zJzcc7fxoUh1wA,36,0.8392789959907532,manila_database_0juhzfP3_ZmDsludDkLRBA,0.8676590323448181,-0.02838003635406494,manila_database_0juhzfP3_ZmDsludDkLRBA,0,0,36.08788581138265,0.2507729232311249,16.006330490112305,0.0,0.8298255205154419,edge,blur,gradient-magnitude (edge),resnet18,1234,0
boston_query_-5-CNr3q7kmRGcDSMueI4w,boston_database_kkvI6FjRw9lNm8bQvk5Rkg,1,0.8927656412124634,boston_database_z6clbBM962IhGWqflkuHCv,0.8834006190299988,0.0093650221824646,boston_database_kkvI6FjRw9lNm8bQvk5Rkg,1,1,36.07057739823203,0.25077906250953674,16.070249557495117,0.0,0.7117095589637756,edge,blur,gradient-magnitude (edge),resnet18,1234,0
cph_query_-0_HsZnndjHv76QpTyNFCA,cph_database_SV8c2DXuy-R0A6D10eAPeA,2,0.8633897304534912,amman_database_3R0Bf2kyDwfj1gZ5-JMKsw,0.8820523023605347,-0.018662571907043457,amman_database_3R0Bf2kyDwfj1gZ5-JMKsw,1,1,36.09160548756269,0.25077441334724426,15.992627143859863,0.0,0.7773090600967407,edge,blur,gradient-magnitude (edge),resnet18,1234,0
london_query_-7cNAk24ZhuoOowcvDoImw,london_database_51ahiaqHEKcy5QEIBNvh3A,63,0.8120591044425964,boston_database_-BzrVPIrGylZQ8H15WaRYg,0.8516404032707214,-0.039581298828125,boston_database_-BzrVPIrGylZQ8H15WaRYg,0,0,36.236998220981285,0.25076133012771606,15.466090202331543,0.0,0.9375019073486328,edge,blur,gradient-magnitude (edge),resnet18,1234,0
manila_query_-6NSbTuzpeyDbSXKeGAasg,manila_database_No4-TeedOgxh0oAMVBGCKA,3,0.8482404947280884,toronto_database_9-DiFFT4mg8DJt0ScCodig,0.8550848364830017,-0.00684434175491333,toronto_database_9-DiFFT4mg8DJt0ScCodig,1,1,36.08099901505526,0.2507738173007965,16.0317325592041,0.0,0.809675931930542,edge,blur,gradient-magnitude (edge),resnet18,1234,0
nairobi_query_-yxXz3in11JFniZQAa7m2A,nairobi_database_5fIX502GwN4iBedy_B8GeA,42,0.7909454703330994,cph_database_1nVPT6ZWiVRfTMwuFKHvQw,0.8460127711296082,-0.05506730079650879,cph_database_1nVPT6ZWiVRfTMwuFKHvQw,0,0,36.374035854775386,0.2507730722427368,14.98569107055664,0.0515679270029068,0.8996618390083313,edge,blur,gradient-magnitude (edge),resnet18,1234,0
toronto_query_-5RKNbex7In9Ys4mH40wXA,toronto_database_6WcJ7hWAeDPVUYIua0lFOg,1564,0.7002755403518677,toronto_database_-C42seTAv_ysnP57NggKvQ,0.8852334022521973,-0.1849578619003296,toronto_database_-C42seTAv_ysnP57NggKvQ,0,0,36.514241881167735,0.2507719099521637,14.509624481201172,0.07364366203546524,0.8400492072105408,edge,blur,gradient-magnitude (edge),resnet18,1234,0
zurich_query_-ANYzSHAsjItBx6yJauT3A,zurich_database_2AJ6kHCsE48TTzHS7X6vFw,32,0.8403658866882324,manila_database_YAr_6aQgtNVbe7GhT70obQ,0.8848978281021118,-0.044531941413879395,manila_database_YAr_6aQgtNVbe7GhT70obQ,0,0,36.27974027004971,0.250773549079895,15.314623832702637,0.0001681857684161514,0.7972813248634338,edge,blur,gradient-magnitude (edge),resnet18,1234,0
amman_query_-MUBUlzvFxQS_zFg6xNhVg,amman_database_151zMheq8vPIGSfBTFm2Kg,33,0.8435395956039429,amman_database_21axHEFcyX-1hI673vVgLQ,0.8754780292510986,-0.03193843364715576,amman_database_21axHEFcyX-1hI673vVgLQ,0,0,36.08715721193398,0.2507729232311249,16.009016036987305,0.0,0.8250160813331604,edge,blur,gradient-magnitude (edge),resnet18,1234,0
boston_query_-6RLrPXAeunQaNK6m645ZA,boston_database_4rLO8Z_zI2AomCqI2i3j4w,2,0.8630640506744385,zurich_database_4FlzweEjVGvnW3C9lZIYrw,0.8696459531784058,-0.006581902503967285,zurich_database_4FlzweEjVGvnW3C9lZIYrw,1,1,36.18692867836673,0.2507758140563965,15.645429611206055,0.000244140625,0.8103623390197754,edge,blur,gradient-magnitude (edge),resnet18,1234,0
cph_query_-2N5Dmf5tOm5N83KXgvjDw,cph_database_5bN6yjff_s_mmc84IJXTkQ,1,0.8915644884109497,cph_database_0GxLZOHP77ozyB6CMVyncA,0.8590080738067627,0.03255641460418701,cph_database_5bN6yjff_s_mmc84IJXTkQ,1,1,36.50545011408395,0.2507745623588562,14.539027214050293,0.0755479633808136,0.832767128944397,edge,blur,gradient-magnitude (edge),resnet18,1234,0
london_query_-8xWvI5d3Z6gfsRDb_kEQQ,london_database_2nfD8uopWEhFcNeRrMETIA,29,0.7436457872390747,london_database_1HBKiIwsYTj_B1mXOqKWag,0.8576322793960571,-0.11398649215698242,london_database_1HBKiIwsYTj_B1mXOqKWag,0,0,36.317431032235525,0.2507750391960144,15.182289123535156,0.04034830629825592,0.8159691095352173,edge,blur,gradient-magnitude (edge),resnet18,1234,0
manila_query_-6_2C-ExaVhx4ONvHOvffw,manila_database_GI4HIiOuBrAQqj5gEbVdrw,446,0.8164528608322144,manila_database_2pcMDZN9eETtWZGigjrLLw,0.8929389119148254,-0.07648605108261108,manila_database_2pcMDZN9eETtWZGigjrLLw,0,0,36.264815505010134,0.2507683038711548,15.36734390258789,0.0012695312034338713,0.7437403798103333,edge,blur,gradient-magnitude (edge),resnet18,1234,0
nairobi_query_0-ZdPdUGwVdDwKbIOxQCBA,nairobi_database_Sm5f4osblN-sOr2YFvbXXg,2,0.8324137926101685,london_database_JeQXfjTo6VURMPAXsqqrqw,0.8514055013656616,-0.018991708755493164,london_database_JeQXfjTo6VURMPAXsqqrqw,1,1,36.1046213165913,0.25077536702156067,15.944768905639648,0.0030598959419876337,0.9572758078575134,edge,blur,gradient-magnitude (edge),resnet18,1234,0
toronto_query_-5ryd5v5eXUsmP9y4p6w_g,toronto_database_xlhtmCWmPwjhLIwEPp899Q,1361,0.7616924047470093,toronto_database_2PHgK91Apm8x6PzXK7MpUA,0.8945938348770142,-0.13290143013000488,toronto_database_2PHgK91Apm8x6PzXK7MpUA,0,0,36.07311573078162,0.2507699728012085,16.06085968017578,0.0,0.9404330253601074,edge,blur,gradient-magnitude (edge),resnet18,1234,0
zurich_query_-Bz7by7mnVU_HZbXc8FmpQ,zurich_database_JlQZqZETcsktpyAY5mc1pg,2,0.8757672309875488,toronto_database_8Ha8vTyXTW5lX1aiKBb8KQ,0.8926252722740173,-0.016858041286468506,toronto_database_8Ha8vTyXTW5lX1aiKBb8KQ,1,1,36.067938033727074,0.25077301263809204,16.080018997192383,0.0,0.8336449265480042,edge,blur,gradient-magnitude (edge),resnet18,1234,0
amman_query_-N1g8CEJP4UIaWH8Qqja2g,amman_database_-XjCytxzIY7TdmXBiTWapg,65,0.8202807903289795,amman_database_ONY-rsH_3nthK111PVrqsg,0.8925633430480957,-0.07228255271911621,amman_database_ONY-rsH_3nthK111PVrqsg,0,0,36.09082007521435,0.2507729232311249,15.995519638061523,0.0,0.8783360123634338,edge,blur,gradient-magnitude (edge),resnet18,1234,0
boston_query_-7KZUz5u8-7ja98pf8etVA,boston_database_-1Ur0I4BTjRYsKJqfcfVZQ,942,0.7427936792373657,boston_database_7nBh5iB7F195iH0429WvoQ,0.8673733472824097,-0.12457966804504395,boston_database_7nBh5iB7F195iH0429WvoQ,0,0,36.177936509492355,0.25077399611473083,15.677857398986816,0.0032823351211845875,0.7789545059204102,edge,blur,gradient-magnitude (edge),resnet18,1234,0
cph_query_-3uNzD-M1uI2jZeGqOkpXg,cph_database_spPSHqDZCj45h17hsXWxpw,94,0.7754356861114502,london_database_2dm36NWbW57_LB2NgdO-Rw,0.8296622037887573,-0.05422651767730713,london_database_2dm36NWbW57_LB2NgdO-Rw,0,0,36.066987698804034,0.2507754862308502,16.083538055419922,0.0,0.9411982297897339,edge,blur,gradient-magnitude (edge),resnet18,1234,0
london_query_-9FGszdwftnBlzMuP0c_NQ,london_database_Kz3Cq-q4WwlxQ_Rjgk305g,1,0.8964287042617798,toronto_database_6qYwQstrayZM_SmME-owrw,0.8663054704666138,0.030123233795166016,london_database_Kz3Cq-q4WwlxQ_Rjgk305g,1,1,36.09506812220156,0.25077688694000244,15.979881286621094,6.510417006211355e-05,0.7599583864212036,edge,blur,gradient-magnitude (edge),resnet18,1234,0
manila_query_-6_XaKv0Rrp2Jl0G9m_8NQ,manila_database_-aBV8vXQErDoI7aoZ1e0rw,43,0.8257189989089966,toronto_database_2INWgVLU39mIgUVLP2xQbA,0.8556514382362366,-0.02993243932723999,toronto_database_2INWgVLU39mIgUVLP2xQbA,0,0,36.09247962972797,0.25077328085899353,15.989408493041992,0.0,0.7679881453514099,edge,blur,gradient-magnitude (edge),resnet18,1234,0
nairobi_query_01juXwMfxX_a4pfhpqt66g,nairobi_database_2qhZXjPq2bPM3DspieqrQw,25,0.7859723567962646,cph_database_2ySNejZfiFdx7Ry3SwhV2Q,0.8165569305419922,-0.03058457374572754,cph_database_2ySNejZfiFdx7Ry3SwhV2Q,0,0,36.235832929745605,0.25077351927757263,15.470240592956543,0.01981336809694767,0.9621290564537048,edge,blur,gradient-magnitude (edge),resnet18,1234,0
toronto_query_-5z50PgNYnxK8Ns2WmF_TQ,toronto_database_18_06r8X3FWdwfUchBmPQA,39,0.8244227766990662,zurich_database_1RM5Mx-wajw1Nbo7PHHTwg,0.8644617795944214,-0.040039002895355225,zurich_database_1RM5Mx-wajw1Nbo7PHHTwg,0,0,36.07012588206761,0.25077491998672485,16.07192039489746,0.0,0.9171318411827087,edge,blur,gradient-magnitude (edge),resnet18,1234,0
zurich_query_-D3dDkhM5rjIJhj1SPdroA,zurich_database_A7Y3Ah31a1X_Bh7UZS5KIA,287,0.8076508641242981,cph_database_3NQI8cjUItCPUXn1lBmjFQ,0.8737462162971497,-0.06609535217285156,cph_database_3NQI8cjUItCPUXn1lBmjFQ,0,0,36.380809143047244,0.2507605254650116,14.962337493896484,0.04443359375,0.8337298035621643,edge,blur,gradient-magnitude (edge),resnet18,1234,0
amman_query_-VdxqGX8d8L_OiSEN5CtDw,amman_database_ugi1L8kfJhi2W7D5xbEYlA,448,0.793880820274353,amman_database_ONY-rsH_3nthK111PVrqsg,0.863802433013916,-0.06992161273956299,amman_database_ONY-rsH_3nthK111PVrqsg,0,0,36.07886507395622,0.25077542662620544,16.03961181640625,0.0,0.8140965104103088,edge,blur,gradient-magnitude (edge),resnet18,1234,0
boston_query_-8cIAPzC7_za-xCEWsIoK2,boston_database_AESuFaFKr_mrdts__0iV-Q,31,0.8255419731140137,boston_database_LvKqyZOVkMtPAJ-SkA3DN1,0.8459417819976807,-0.020399808883666992,boston_database_LvKqyZOVkMtPAJ-SkA3DN1,0,0,36.2042543120609,0.2507675290107727,15.583138465881348,0.014643012546002865,0.8330062031745911,edge,blur,gradient-magnitude (edge),resnet18,1234,0
cph_query_-4KruxIYZ3a3GYE0tOKn2w,cph_database_BA4fi2-fm64XvLVa1q7wlA,43,0.8105134963989258,cph_database_2DoeyqFykZ0Nwt_gBPq6hQ,0.8600207567214966,-0.0495072603225708,cph_database_2DoeyqFykZ0Nwt_gBPq6hQ,0,0,36.26267068224874,0.25077301263809204,15.374935150146484,0.01626519113779068,0.8327003717422485,edge,blur,gradient-magnitude (edge),resnet18,1234,0
london_query_-9KgeyegI3TaGMqglsDENg,london_database_Hw6rU3Y_eRzUYi-xZDftAw,1,0.8290258646011353,manila_database_iQLC6e2wWewa4umD-xG3wQ,0.7872583866119385,0.04176747798919678,london_database_Hw6rU3Y_eRzUYi-xZDftAw,1,1,36.09381799086836,0.2507722079753876,15.984481811523438,0.000244140625,0.8073106408119202,edge,blur,gradient-magnitude (edge),resnet18,1234,0
manila_query_-7YHsOWBiYFmYcRzIM0ijg,manila_database_19O8RqWar1XGh6LAIJtmNA,6,0.8036244511604309,zurich_database_0-4m0jPfiQAHj2iyda31pw,0.8201550245285034,-0.01653057336807251,zurich_database_0-4m0jPfiQAHj2iyda31pw,0,1,36.09180879085316,0.2507806718349457,15.991878509521484,6.510417006211355e-05,0.8668376207351685,edge,blur,gradient-magnitude (edge),resnet18,1234,0
nairobi_query_09aysNUjwNAPHsHo-R-IdA,nairobi_database_t60p67uDSP0gRO7zmQchmQ,3,0.8290705680847168,amman_database_29z1w1EW9-qTj7neMnnIig,0.8390092253684998,-0.009938657283782959,amman_database_29z1w1EW9-qTj7neMnnIig,1,1,36.06937242880043,0.25076642632484436,16.074708938598633,0.0,0.8813720345497131,edge,blur,gradient-magnitude (edge),resnet18,1234,0
toronto_query_-68JeZKxV2XoP0N_6780Og,toronto_database_5gR2GvdWi8_efGPscwDy_A,1,0.8646701574325562,zurich_database_-Es59pgAQfznoDqUA50E9Q,0.8553160429000854,0.009354114532470703,toronto_database_5gR2GvdWi8_efGPscwDy_A,1,1,36.07719832294975,0.25077375769615173,16.04576873779297,0.0,0.8600136041641235,edge,blur,gradient-magnitude (edge),resnet18,1234,0
zurich_query_-E0qyEWY7jSPMOpGqiEG-A,zurich_database_I4oH_JsDyb1dsdtKtFBlCA,23,0.7168325185775757,london_database_TlgZJTCWCnxf-QDzfZ8pKw,0.7790492177009583,-0.06221669912338257,london_database_TlgZJTCWCnxf-QDzfZ8pKw,0,0,36.153121647322365,0.25076815485954285,15.767694473266602,0.0017361111240461469,0.6819486618041992,edge,blur,gradient-magnitude (edge),resnet18,1234,0
amman_query_-XWB_1fOm8NW5dQx9p5IKg,amman_database__7mDw96zrfdEDXA5fBuvGA,826,0.7776913046836853,amman_database_MouZWB1Ob24hWl5wCW952A,0.9275299310684204,-0.1498386263847351,amman_database_MouZWB1Ob24hWl5wCW952A,0,0,36.06620234856858,0.2507690489292145,16.08644676208496,0.0,0.7764909267425537,edge,blur,gradient-magnitude (edge),resnet18,1234,0
boston_query_-9Lur-PAHqcMspWszAgfqw,boston_database_CqhaSgFClCjYa5JYXuJe1w,8,0.8850418329238892,zurich_database_dc10RRbQNpdUphjhxUxjXQ,0.9071907997131348,-0.022148966789245605,zurich_database_dc10RRbQNpdUphjhxUxjXQ,0,1,36.27788757995047,0.25077563524246216,15.321158409118652,0.014529080130159855,0.8396332263946533,edge,blur,gradient-magnitude (edge),resnet18,1234,0
cph_query_-4RqBOkDhigU8JsdQZINkQ,cph_database_XtStyqOnyclJ6DFytgpC0Q,4,0.8934743404388428,cph_database_0Q9p7gfxU-alnjlr85nMlw,0.8969283103942871,-0.003453969955444336,cph_database_0Q9p7gfxU-alnjlr85nMlw,1,1,36.221185045067685,0.25077947974205017,15.522506713867188,0.02622070349752903,0.7647645473480225,edge,blur,gradient-magnitude (edge),resnet18,1234,0
london_query_-FGaYVNFN5ALUsVDNixL_g,london_database__DqCW6X8QmABQcaY8pyziA,1,0.8677481412887573,amman_database_ZTcuy3lDt_yPN6_vzSqXdw,0.8580296039581299,0.009718537330627441,london_database__DqCW6X8QmABQcaY8pyziA,1,1,36.15916839523179,0.2507772743701935,15.745756149291992,0.00022786458430346102,0.8698086738586426,edge,blur,gradient-magnitude (edge),resnet18,1234,0
manila_query_-81llwEm_ZxNy7Sa7Xrjlw,manila_database_6NVQHVTmkpvn42q7KaKzJA,8,0.8362212181091309,manila_database_3kjgmKBAk2CkoMmhTLAvHw,0.8478301763534546,-0.01160895824432373,manila_database_3kjgmKBAk2CkoMmhTLAvHw,0,1,36.35803033234239,0.25076824426651,15.041021347045898,0.01280924491584301,0.8251311182975769,edge,blur,gradient-magnitude (edge),resnet18,1234,0
nairobi_query_0ByAmUG6wFySvLcHHQ0Sdg,nairobi_database_wbz228P545PFYBpVD8i8XA,39,0.8195803165435791,nairobi_database_5nj9SryW0zrvMpEtOd9gjg,0.8556832075119019,-0.036102890968322754,nairobi_database_5nj9SryW0zrvMpEtOd9gjg,0,0,36.216733525131694,0.2507738173007965,15.53842544555664,0.02009006030857563,0.8709214925765991,edge,blur,gradient-magnitude (edge),resnet18,1234,0
toronto_query_-6ZIqrL48IaL1dCCO7bDVQ,toronto_database_W6mVozbof69jHkgfFY-m0g,1,0.9027255773544312,toronto_database_3erLhthk-y29kkRtkoBrhQ,0.8436557054519653,0.05906987190246582,toronto_database_W6mVozbof69jHkgfFY-m0g,1,1,36.06975790018785,0.25077131390571594,16.07328224182129,0.0,0.9060032367706299,edge,blur,gradient-magnitude (edge),resnet18,1234,0
zurich_query_-F7hOUVha_xHAoDddsUYdw,zurich_database_4nCjiIEaw9okSbBCMVmg_w,1115,0.7354381084442139,boston_database_7nBh5iB7F195iH0429WvoQ,0.8474924564361572,-0.11205434799194336,boston_database_7nBh5iB7F195iH0429WvoQ,0,0,36.17497343627544,0.2507792115211487,15.688557624816895,0.00010850694525288418,0.8425577282905579,edge,blur,gradient-magnitude (edge),resnet18,1234,0
amman_query_-iXxlTRmA5JphamcIjxBbA,amman_database_ONY-rsH_3nthK111PVrqsg,31,0.8458613157272339,toronto_database_hVExz7tZBsxQPaRmQofLqw,0.8856417536735535,-0.03978043794631958,toronto_database_hVExz7tZBsxQPaRmQofLqw,0,0,36.06529615364504,0.25077709555625916,16.08980369567871,0.0,0.8893505930900574,edge,blur,gradient-magnitude (edge),resnet18,1234,0
boston_query_-9gbUk-DmX9AOqntuN1nEm,boston_database_LvKqyZOVkMtPAJ-SkA3DN1,74,0.8342069387435913,amman_database_29z1w1EW9-qTj7neMnnIig,0.8693706393241882,-0.035163700580596924,amman_database_29z1w1EW9-qTj7neMnnIig,0,0,36.226669308511966,0.25076669454574585,15.502917289733887,0.0,0.7526360154151917,edge,blur,gradient-magnitude (edge),resnet18,1234,0
cph_query_-4XnD9qE623teR-nRYxB5A,cph_database_ow5xdWEyF-MVQ-BPjFMouA,1,0.8853650689125061,cph_database_-omj0-mF4wHLf3oeSKTIKw,0.8486473560333252,0.03671771287918091,cph_database_ow5xdWEyF-MVQ-BPjFMouA,1,1,37.03258175921069,0.2507558763027191,12.877222061157227,0.15348850190639496,0.8759222030639648,edge,blur,gradient-magnitude (edge),resnet18,1234,0
london_query_-Flts9XBA2wVlru8_LHbkg,london_database_-QKK8oyA3lo4YfRSEG7GEA,595,0.7283869981765747,nairobi_database_1oH8UP6Fw5pq60tdS75mZA,0.8126473426818848,-0.08426034450531006,nairobi_database_1oH8UP6Fw5pq60tdS75mZA,0,0,36.18623382771414,0.2507738769054413,15.647933006286621,0.0033203125931322575,0.8812510967254639,edge,blur,gradient-magnitude (edge),resnet18,1234,0
manila_query_-85J_HceaTP2S0IavwkQ-A,manila_database_8yqxt9j7zrVdyJ-Ft4Cc1Q,842,0.7689470052719116,manila_database__VL8SUncDox-4OH01nYE4Q,0.8697786927223206,-0.10083168745040894,manila_database__VL8SUncDox-4OH01nYE4Q,0,0,36.14439495216118,0.250763863325119,15.799409866333008,3.255208503105678e-05,0.7993160486221313,edge,blur,gradient-magnitude (edge),resnet18,1234,0
nairobi_query_0LJUobuUEqOqrZc4s2fVgg,nairobi_database_1oH8UP6Fw5pq60tdS75mZA,243,0.7895151972770691,boston_database_1Wub0YixN7gLbcCoRHTTxQ,0.8648861646652222,-0.07537096738815308,boston_database_1Wub0YixN7gLbcCoRHTTxQ,0,0,36.15015602599837,0.25077447295188904,15.778465270996094,0.01470269076526165,0.9599648714065552,edge,blur,gradient-magnitude (edge),resnet18,1234,0
toronto_query_-7C0G-8afrBbN3hImbBHsA,toronto_database_4QZV-ysKpbmwlccfG-g0Iw,386,0.7701023817062378,toronto_database_2PHgK91Apm8x6PzXK7MpUA,0.8693962693214417,-0.09929388761520386,toronto_database_2PHgK91Apm8x6PzXK7MpUA,0,0,36.07243395279945,0.2507684826850891,16.06338119506836,0.0,0.946172833442688,edge,blur,gradient-magnitude (edge),resnet18,1234,0
zurich_query_-Kb55YIF941j2DBFO5gVjA,zurich_database_JlQZqZETcsktpyAY5mc1pg,2,0.8482903242111206,cph_database_5lWKQzKGc2vUB9JJXTTNmw,0.8589426875114441,-0.010652363300323486,cph_database_5lWKQzKGc2vUB9JJXTTNmw,1,1,36.067567661674964,0.25077560544013977,16.081390380859375,0.0,0.805723249912262,edge,blur,gradient-magnitude (edge),resnet18,1234,0
amman_query_-qij8CFaEYNp4JW3rF9oqQ,amman_database_rdbcIZseJqbKkU9KsDdh-A,5,0.8603385090827942,boston_database_7sEinu-9Cmc8M88D9wksJQ,0.877800464630127,-0.017461955547332764,boston_database_7sEinu-9Cmc8M88D9wksJQ,1,1,36.1211652389006,0.25076916813850403,15.88414478302002,0.00018988715601153672,0.8465402722358704,edge,blur,gradient-magnitude (edge),resnet18,1234,0
boston_query_-AJWNV55EAzvKArt5mMYqg,boston_database_N3OTKcW9hTAp9nLQb5vvXQ,47,0.8345694541931152,boston_database_57ckbe_BSJC6ORvOPDpD_A,0.8563232421875,-0.021753787994384766,boston_database_57ckbe_BSJC6ORvOPDpD_A,0,0,36.12183697703875,0.2507770359516144,15.881688117980957,0.003993055783212185,0.8114495873451233,edge,blur,gradient-magnitude (edge),resnet18,1234,0
cph_query_-5qSxgAnKk-6Bf5AVVoPjA,cph_database_80uzfcVMY2L2qHA2dbhCWQ,12,0.8562188148498535,zurich_database_16Q8MrHPMTdCzbt3JQ77iw,0.8659178018569946,-0.009698987007141113,zurich_database_16Q8MrHPMTdCzbt3JQ77iw,0,0,36.078615640215844,0.2507754862308502,16.0405330657959,0.0,0.9315569996833801,edge,blur,gradient-magnitude (edge),resnet18,1234,0
london_query_-HfvOD1d7XUGJoEMybpyqQ,london_database_917neVitvw508ZojGNEx3Q,691,0.7734161615371704,boston_database_3qV_NDshNzxy2JQxvbDkZQ,0.8918814063072205,-0.11846524477005005,boston_database_3qV_NDshNzxy2JQxvbDkZQ,0,0,36.14706940435913,0.2507788836956024,15.78968334197998,0.0023437500931322575,0.7608436346054077,edge,blur,gradient-magnitude (edge),resnet18,1234,0
manila_query_-9tG6ERjH4jVcWo9jkVvBg,manila_database_qtxcmhtwgJidBJJam2iDkw,1,0.8310381174087524,manila_database_5rjFma7r9oUAgRgPi5J3PA,0.8130245804786682,0.01801353693008423,manila_database_qtxcmhtwgJidBJJam2iDkw,1,1,36.104334295312086,0.25076714158058167,15.945822715759277,0.0001302083401242271,0.7366658449172974,edge,blur,gradient-magnitude (edge),resnet18,1234,0
nairobi_query_0M1Vl3tUlt_2MiFp6vxhrg,nairobi_database_eLRKoMBh-dvLHfmS1Vahcw,27,0.8412735462188721,boston_database_3jcLE11XlN-dINe6tG4USw,0.8854068517684937,-0.04413330554962158,boston_database_3jcLE11XlN-dINe6tG4USw,0,0,36.07924467452911,0.2507731020450592,16.038209915161133,0.00014105903392191976,0.8853731751441956,edge,blur,gradient-magnitude (edge),resnet18,1234,0
toronto_query_-7bDZLvVOVk7ethfd1yomg,toronto_database_8qOq6ZJGQFAHGlRgRSoFTQ,16,0.8660879135131836,toronto_database_0ccv5ZSPbvN3WBJN_1__MA,0.8983237743377686,-0.03223586082458496,toronto_database_0ccv5ZSPbvN3WBJN_1__MA,0,0,36.13503358502565,0.2507725656032562,15.833502769470215,0.0,0.7074952125549316,edge,blur,gradient-magnitude (edge),resnet18,1234,0
zurich_query_-Km53YFc8zewa3vS2OeGsQ,zurich_database_53bbXmgm_cz_armcB3lPKg,3,0.8825401067733765,cph_database_6fnBKZ5y6JLHZ30W5ZJgRg,0.8892452716827393,-0.006705164909362793,cph_database_6fnBKZ5y6JLHZ30W5ZJgRg,1,1,36.10316354890021,0.25077149271965027,15.950121879577637,0.0,0.8997730016708374,edge,blur,gradient-magnitude (edge),resnet18,1234,0
amman_query_-t_-moqpBTWSiKU7mS-lgQ,amman_database_21axHEFcyX-1hI673vVgLQ,7,0.831698477268219,amman_database_8b6nqdmSUhPLWFX555DGGw,0.869246244430542,-0.037547767162323,amman_database_8b6nqdmSUhPLWFX555DGGw,0,1,36.06555254643637,0.25077325105667114,16.08885383605957,0.0,0.9549949765205383,edge,blur,gradient-magnitude (edge),resnet18,1234,0
boston_query_-Ae9_7GnntvqV8myNb9fhv,boston_database_z6clbBM962IhGWqflkuHCv,4,0.8639527559280396,boston_database_4KYD-Lea90k3MYU22xzDu7,0.8791254758834839,-0.015172719955444336,boston_database_4KYD-Lea90k3MYU22xzDu7,1,1,36.23807917958762,0.25076863169670105,15.462241172790527,0.0021755641791969538,0.8382568359375,edge,blur,gradient-magnitude (edge),resnet18,1234,0
cph_query_-8E-udXiyMJCRp_UkM4Kgw,cph_database_2IB57R6kVRS6CDyJNBJWpg,7,0.8251394033432007,cph_database_-WLoHKY0ip7EewEcN8uwqQ,0.8411314487457275,-0.015992045402526855,cph_database_-WLoHKY0ip7EewEcN8uwqQ,0,1,36.170515998678205,0.25077930092811584,15.704668045043945,0.009570312686264515,0.7486818432807922,edge,blur,gradient-magnitude (edge),resnet18,1234,0
london_query_-Id3DdRqVbjIA39wjxbTgw,london_database_4yFURIl3HWyhu0J4BPas9w,2,0.8082013130187988,boston_database_4lu4yL8Z8y7SYip2jDb2FQ,0.813798189163208,-0.00559687614440918,boston_database_4lu4yL8Z8y7SYip2jDb2FQ,1,1,36.14133625931291,0.25076597929000854,15.810541152954102,0.003727213479578495,0.7599828839302063,edge,blur,gradient-magnitude (edge),resnet18,1234,0
manila_query_-AXkFLZ0HchDGYvJ_KZ3dQ,manila_database_1oIli-5JQ1PBqvT2fhYquQ,16,0.8565042018890381,manila_database_8utvedK3WjLqNtdaZaP_4A,0.8807051181793213,-0.024200916290283203,manila_database_8utvedK3WjLqNtdaZaP_4A,0,0,36.069039549224435,0.25077030062675476,16.07594108581543,0.0,0.8547089695930481,edge,blur,gradient-magnitude (edge),resnet18,1234,0
nairobi_query_0Oa1jUYlj8LE47HApYWufA,nairobi_database_14U0pNV5S0iV1nTcO-rhkA,176,0.7800180912017822,nairobi_database_rSWvDBhPmOJ9okCbzr8dlw,0.8402796983718872,-0.06026160717010498,nairobi_database_rSWvDBhPmOJ9okCbzr8dlw,0,0,36.0714805714115,0.25077664852142334,16.06690788269043,0.0,0.8409155011177063,edge,blur,gradient-magnitude (edge),resnet18,1234,0
toronto_query_-85n6JJLXmi04edt5JxhzQ,toronto_database_aOsux29CXeL89W7MaEgCLA,1294,0.7510812878608704,toronto_database_4DjfS6EeioqDL5k7mux0cw,0.8991591930389404,-0.14807790517807007,toronto_database_4DjfS6EeioqDL5k7mux0cw,0,0,36.10159724727008,0.25077512860298157,15.955875396728516,0.0,0.9337689280509949,edge,blur,gradient-magnitude (edge),resnet18,1234,0
zurich_query_-M0Q1_7lg_TKGT2-mllw4w,zurich_database_2CmVSwzJAXqa1AFJIoMkgQ,138,0.8012527227401733,manila_database_0jgLKZ3NAsgQ8sOziLr1Hw,0.8647128343582153,-0.06346011161804199,manila_database_0jgLKZ3NAsgQ8sOziLr1Hw,0,0,36.092164400254354,0.2507741451263428,15.990569114685059,0.0015136718284338713,0.9704207181930542,edge,blur,gradient-magnitude (edge),resnet18,1234,0
amman_query_0-2jyV8XAzdAOYMkdyQVLw,amman_database_36lvaYDrOYq6NEmT7jTvCA,15,0.8544619679450989,amman_database_21axHEFcyX-1hI673vVgLQ,0.884988009929657,-0.030526041984558105,amman_database_21axHEFcyX-1hI673vVgLQ,0,0,36.071548110743755,0.2507760226726532,16.06665802001953,0.0,0.9143597483634949,edge,blur,gradient-magnitude (edge),resnet18,1234,0
boston_query_-BE36-GG_yM6YS57M_uMTQ,boston_database_Ald8XklVXJv2wFOcWoD7SA,490,0.7527759075164795,boston_database_-R7nQetELLnuCzeSsoG04A,0.8819255828857422,-0.1291496753692627,boston_database_-R7nQetELLnuCzeSsoG04A,0,0,36.07301722220413,0.2507772743701935,16.06122398376465,2.7126736313221045e-05,0.8990499973297119,edge,blur,gradient-magnitude (edge),resnet18,1234,0
cph_query_-9WYlFp61M1J1zV1mJD4uA,cph_database_UjpWUL98Q5DyuoCMWlk77w,56,0.8287138938903809,cph_database_-3eIUVWD-sqVQ4yuYuqU3Q,0.8841135501861572,-0.05539965629577637,cph_database_-3eIUVWD-sqVQ4yuYuqU3Q,0,0,36.207139828409126,0.2507712244987488,15.57278823852539,0.0,0.9226812720298767,edge,blur,gradient-magnitude (edge),resnet18,1234,0
london_query_-OOGG8lTvgHHqp3iuULlyQ,london_database_-ciLkUT3ztPptCzyhLAG2w,1,0.880189836025238,manila_database_5rjFma7r9oUAgRgPi5J3PA,0.861075758934021,0.01911407709121704,london_database_-ciLkUT3ztPptCzyhLAG2w,1,1,36.08452223426435,0.25076907873153687,16.01873207092285,0.0013075086753815413,0.7107239365577698,edge,blur,gradient-magnitude (edge),resnet18,1234,0
manila_query_-ColYSDtqqoE3TZ4eZHu8g,manila_database_-_5itq9kaN27LUOyoOLDuA,535,0.791297197341919,manila_database_YAr_6aQgtNVbe7GhT70obQ,0.8752467632293701,-0.08394956588745117,manila_database_YAr_6aQgtNVbe7GhT70obQ,0,0,36.07479691003756,0.2507755160331726,16.054643630981445,0.0,0.7741751074790955,edge,blur,gradient-magnitude (edge),resnet18,1234,0
nairobi_query_0R73ChZbcyJ8Z4vBaef_Jw,nairobi_database_ssLyvL_47h4IZogucHeChA,15,0.8404340147972107,manila_database_7jMO5NcoYo4Ka0s2PejP_Q,0.8683297634124756,-0.027895748615264893,manila_database_7jMO5NcoYo4Ka0s2PejP_Q,0,0,36.130362678684975,0.25077468156814575,15.850541114807129,0.0029296875,0.9552954435348511,edge,blur,gradient-magnitude (edge),resnet18,1234,0
toronto_query_-8BknWmZh2lEnEeect73Ww,toronto_database_zv6HYCz2L9iYghJLLris7g,1,0.8974299430847168,boston_database_-SOo96t-psBZx0-9GmKu1A,0.8623021841049194,0.03512775897979736,toronto_database_zv6HYCz2L9iYghJLLris7g,1,1,36.10746424108541,0.25077497959136963,15.934334754943848,0.0003200954815838486,0.6296982169151306,edge,blur,gradient-magnitude (edge),resnet18,1234,0
zurich_query_-TxHEY5xnZFgfnHO3ygjzw,zurich_database_yPFr1vukqyaoiyE5hzEgDA,1,0.921043872833252,boston_database_4-6GGfB8D4dopYQHTwjWMw,0.8849196434020996,0.036124229431152344,zurich_database_yPFr1vukqyaoiyE5hzEgDA,1,1,36.11175696770196,0.25077104568481445,15.91859245300293,0.0003743489505723119,0.8890383839607239,edge,blur,gradient-magnitude (edge),resnet18,1234,0
amman_query_051WRvR5gI1vde606oseFw,amman_database_21axHEFcyX-1hI673vVgLQ,17,0.8373110294342041,amman_database_03BobRbPyEDe0jl1HDZCYw,0.8792808651924133,-0.04196983575820923,amman_database_03BobRbPyEDe0jl1HDZCYw,0,0,36.06557674493131,0.25077417492866516,16.088764190673828,0.0,0.9416927695274353,edge,blur,gradient-magnitude (edge),resnet18,1234,0
boston_query_-CNeDzWqfei0F-1CmA8N9A,boston_database_76FUFcxeZzbF2Nt703437w,21,0.8546599745750427,cph_database_2XjBAvIVehCi1oTjgqkw9w,0.8834335803985596,-0.028773605823516846,cph_database_2XjBAvIVehCi1oTjgqkw9w,0,0,36.066110690714105,0.2507699728012085,16.0867862701416,0.0,0.8064560294151306,edge,blur,gradient-magnitude (edge),resnet18,1234,0
cph_query_-9ZOGirqZl2EVYWN1WLERg,cph_database_Ql2MXoTNSGeDQGwctdxVdA,1,0.9282195568084717,zurich_database_4FlzweEjVGvnW3C9lZIYrw,0.8846660852432251,0.04355347156524658,cph_database_Ql2MXoTNSGeDQGwctdxVdA,1,1,36.065572111166524,0.25077521800994873,16.088781356811523,0.0,0.9215359687805176,edge,blur,gradient-magnitude (edge),resnet18,1234,0
london_query_-TmVvxY52h9CjrIUzBbCgw,london_database_3__T69hWP2YBl0b17CTSIg,89,0.7913744449615479,boston_database_5sVUsJEhNKx6MFsRdH1a_Q,0.838032066822052,-0.04665762186050415,boston_database_5sVUsJEhNKx6MFsRdH1a_Q,0,0,36.22019844732457,0.2507743239402771,15.526033401489258,0.0,0.884141743183136,edge,blur,gradient-magnitude (edge),resnet18,1234,0
manila_query_-ELxcda6ePiuO6nR3VP3-A,manila_database_UHmqVlwY_tIWS997TaZywA,3,0.8565094470977783,manila_database_2pcMDZN9eETtWZGigjrLLw,0.8684458136558533,-0.011936366558074951,manila_database_2pcMDZN9eETtWZGigjrLLw,1,1,36.371552731948846,0.2507697343826294,14.994261741638184,0.008577474392950535,0.7600588202476501,edge,blur,gradient-magnitude (edge),resnet18,1234,0
nairobi_query_0TzVtw0twyRTMFGP-VzE8A,nairobi_database_MjdWRTPZD74Zvf3gP0T3DA,21,0.8450586795806885,nairobi_database_WiJ9iNgTD-tlBmoavaoobw,0.8664652109146118,-0.02140653133392334,nairobi_database_WiJ9iNgTD-tlBmoavaoobw,0,0,36.170895519324446,0.2507767379283905,15.703295707702637,0.008664279244840145,0.9290458559989929,edge,blur,gradient-magnitude (edge),resnet18,1234,0
toronto_query_-8NbZpIbjwqAXwoRMmYddg,toronto_database_JZHiKl7CE7BzdlGbop_5MA,32,0.8298230767250061,toronto_database_2INWgVLU39mIgUVLP2xQbA,0.861424446105957,-0.03160136938095093,toronto_database_2INWgVLU39mIgUVLP2xQbA,0,0,36.06551135781888,0.2507743537425995,16.089006423950195,0.0,0.8318265676498413,edge,blur,gradient-magnitude (edge),resnet18,1234,0
zurich_query_-Vs9xzO47S-0Cfs9o81wvQ,zurich_database_b1fafYqxlKXQcwQsy8LFhQ,4,0.8543471097946167,manila_database_0dFbfxmCgeyDccswDEtWWg,0.871640682220459,-0.017293572425842285,manila_database_0dFbfxmCgeyDccswDEtWWg,1,1,36.11860988068245,0.2507670223712921,15.89349365234375,0.0,0.8293923139572144,edge,blur,gradient-magnitude (edge),resnet18,1234,0
amman_query_0CjrhmzpvqXBOIBsGB6LcQ,amman_database_69QG67OivV1EL8WHuc8YEg,1,0.8866841793060303,manila_database_0juhzfP3_ZmDsludDkLRBA,0.8627611398696899,0.023923039436340332,amman_database_69QG67OivV1EL8WHuc8YEg,1,1,36.092303233094576,0.2507766783237457,15.990057945251465,0.0,0.9194751977920532,edge,blur,gradient-magnitude (edge),resnet18,1234,0
boston_query_-D-onyWSIw3M1SbsxL7X-g,boston_database_xJh2U6wTEJU5MkN6cNWmrg,115,0.8248735666275024,boston_database_2B76OnuT5TwwsBCC15rSDg,0.9001643657684326,-0.07529079914093018,boston_database_2B76OnuT5TwwsBCC15rSDg,0,0,36.18676905140934,0.2507753372192383,15.646004676818848,0.0001844618091126904,0.685305118560791,edge,blur,gradient-magnitude (edge),resnet18,1234,0
cph_query_-AowxxrsOr_xM02-ZyrQ5A,cph_database_0nZJCIlWvN21hdTwFT-XOQ,1,0.8715381026268005,manila_database_UHmqVlwY_tIWS997TaZywA,0.8661985397338867,0.005339562892913818,cph_database_0nZJCIlWvN21hdTwFT-XOQ,1,1,36.12269896717748,0.2507764399051666,15.878536224365234,0.0,0.8614226579666138,edge,blur,gradient-magnitude (edge),resnet18,1234,0
london_query_-UeH_UbGnPshWdeEEYfhyQ,london_database_0lYDTfjiFald7StHlzc7LA,39,0.7457104921340942,boston_database_0QoQ8ZS1gO0jR1VGgcTNQg,0.8054866790771484,-0.0597761869430542,boston_database_0QoQ8ZS1gO0jR1VGgcTNQg,0,0,36.09043376556858,0.25077369809150696,15.996942520141602,0.0,0.8884085416793823,edge,blur,gradient-magnitude (edge),resnet18,1234,0
manila_query_-EVOy4h35ZUyBK4r6uBM5g,manila_database_ixGfNfahIcacMbnVzeZG9g,65,0.805065393447876,manila_database_3ED-M6yl_Y4YZkenDNv49Q,0.8676457405090332,-0.06258034706115723,manila_database_3ED-M6yl_Y4YZkenDNv49Q,0,0,36.12330311427857,0.2507743835449219,15.876327514648438,0.0,0.9156826734542847,edge,blur,gradient-magnitude (edge),resnet18,1234,0
nairobi_query_0YY7sOJF2Kr1PfPB1KidBg,nairobi_database_91GsMs5kPfxkm2YLFNBy2g,14,0.8235181570053101,london_database_JeQXfjTo6VURMPAXsqqrqw,0.8630470633506775,-0.03952890634536743,london_database_JeQXfjTo6VURMPAXsqqrqw,0,0,36.19443140681878,0.25077372789382935,15.618424415588379,0.02107747457921505,0.9574534296989441,edge,blur,gradient-magnitude (edge),resnet18,1234,0
toronto_query_-8Q-Otkctyr1cXAnmn2BEw,toronto_database_Ih3LD81JtUjroS3MjUuwZg,3,0.8492347598075867,toronto_database_2j1PywoBiilyvBDanvmevQ,0.8517857193946838,-0.002550959587097168,toronto_database_2j1PywoBiilyvBDanvmevQ,1,1,36.474583984516855,0.2507759928703308,14.64272689819336,0.05473632737994194,0.8691325187683105,edge,blur,gradient-magnitude (edge),resnet18,1234,0
zurich_query_-ZAb7eYhYeo1yW06_paa_g,zurich_database_1_gNZOBhjuqXWwNw0QqCaA,1,0.8931500911712646,boston_database_2HqIYacSD0Jad_3YkpMl1g,0.8864222168922424,0.006727874279022217,zurich_database_1_gNZOBhjuqXWwNw0QqCaA,1,1,36.127114099178534,0.2507661283016205,15.862401962280273,0.0,0.8166366815567017,edge,blur,gradient-magnitude (edge),resnet18,1234,0
amman_query_0IvHKlYEfFEP39KRxr9UZg,amman_database_fCzctNthLHl-2vsKbs98Bw,1,0.9024960994720459,amman_database_3R0Bf2kyDwfj1gZ5-JMKsw,0.89561927318573,0.006876826286315918,amman_database_fCzctNthLHl-2vsKbs98Bw,1,1,36.07018824623226,0.250779390335083,16.07168960571289,0.0,0.8650306463241577,edge,blur,gradient-magnitude (edge),resnet18,1234,0
boston_query_-DYvemYiNwx_BmPSrlUWIA,boston_database_ww4T5tskIaGOpEIBWTr60A,163,0.8172837495803833,boston_database_2Cjk1OlRe0-8M6Pv0tLQ-g,0.8613666296005249,-0.0440828800201416,boston_database_2Cjk1OlRe0-8M6Pv0tLQ-g,0,0,36.12552530385479,0.25077709555625916,15.868206024169922,0.00420464389026165,0.8091289401054382,edge,blur,gradient-magnitude (edge),resnet18,1234,0
cph_query_-BH_JCTriNnLeoSt0e51lQ,cph_database_6CANlvoIvwlMpdsIrbbUmA,613,0.7314020395278931,boston_database_1busJQOKCp-Qb4SSxC05LQ,0.8421927690505981,-0.11079072952270508,boston_database_1busJQOKCp-Qb4SSxC05LQ,0,0,36.133818707861685,0.25077787041664124,15.837932586669922,0.005246310960501432,0.9350063800811768,edge,blur,gradient-magnitude (edge),resnet18,1234,0
london_query_-WUdEGuLIX2B2T8rBV0Rgw,london_database_6vg0MNEb_kVbYXrqLQ0DBg,67,0.8120253086090088,boston_database_-SQ-U4LuFzg4MylsKWaf9g,0.863945722579956,-0.051920413970947266,boston_database_-SQ-U4LuFzg4MylsKWaf9g,0,0,36.23776579174307,0.25077110528945923,15.463356971740723,0.02540147490799427,0.7867180705070496,edge,blur,gradient-magnitude (edge),resnet18,1234,0
manila_query_-EthLwRJMwt-Shb-xpIYlA,manila_database_6RVJjUHylLXW8_yzLJi4gw,599,0.7678672075271606,manila_database_1etdiOKnehK8IRpiHKe2Pg,0.8540407419204712,-0.08617353439331055,manila_database_1etdiOKnehK8IRpiHKe2Pg,0,0,36.14802509631944,0.25076591968536377,15.786209106445312,0.0,0.7664514780044556,edge,blur,gradient-magnitude (edge),resnet18,1234,0
nairobi_query_0jIUlQnC_o05NHi_OMD_vg,nairobi_database_3xxeV1DoPMaR_eHJb0-MkQ,3,0.8678345084190369,zurich_database_4NRS_5YX0S3yJJSOofowlA,0.8715413808822632,-0.0037068724632263184,zurich_database_4NRS_5YX0S3yJJSOofowlA,1,1,36.42590175855289,0.2507734000682831,14.807787895202637,0.054931640625,0.9124680757522583,edge,blur,gradient-magnitude (edge),resnet18,1234,0
toronto_query_-8imnyri_5yPaHzqoBtiSg,toronto_database_5e1J0xEuBEPa9eXQ9e2W-g,79,0.8333134055137634,toronto_database_ECmQ64-04E7vfP5IE4lV4g,0.9161491394042969,-0.08283573389053345,toronto_database_ECmQ64-04E7vfP5IE4lV4g,0,0,36.07982782630087,0.25077587366104126,16.036056518554688,0.0,0.8439826369285583,edge,blur,gradient-magnitude (edge),resnet18,1234,0
zurich_query_-_SB4ERKdFDYkwavdkk6NA,zurich_database_1_gNZOBhjuqXWwNw0QqCaA,1,0.8839486241340637,boston_database_0jBH4wR9BKokO1K858DzNA,0.8798332214355469,0.004115402698516846,zurich_database_1_gNZOBhjuqXWwNw0QqCaA,1,1,36.13124230537259,0.2507616877555847,15.847331047058105,4.340277882874943e-05,0.8231866955757141,edge,blur,gradient-magnitude (edge),resnet18,1234,0
amman_query_0NfGsYmI9MkLl0JzfO-tJg,amman_database_RybCghn6dxdppOd3XPQXhw,1930,0.6407712697982788,amman_database_5XoaP1Muw6iwIBg_kWYFaQ,0.8588024377822876,-0.2180311679840088,amman_database_5XoaP1Muw6iwIBg_kWYFaQ,0,0,36.06552577379057,0.2507747411727905,16.088953018188477,0.0,0.8989815711975098,edge,blur,gradient-magnitude (edge),resnet18,1234,0
boston_query_-DZ2jmUKLylFospVHUJx9w,boston_database_N3OTKcW9hTAp9nLQb5vvXQ,38,0.8281176090240479,boston_database_08Ee0x4RX98medABwOiFEg,0.8620375990867615,-0.03391999006271362,boston_database_08Ee0x4RX98medABwOiFEg,0,0,36.1225398577865,0.25077682733535767,15.879117965698242,0.004871961660683155,0.8443087935447693,edge,blur,gradient-magnitude (edge),resnet18,1234,0
cph_query_-CmhgNHgZVau1Sw841AZJw,cph_database_-WLoHKY0ip7EewEcN8uwqQ,1,0.8825509548187256,toronto_database_6qYwQstrayZM_SmME-owrw,0.8709630966186523,0.011587858200073242,cph_database_-WLoHKY0ip7EewEcN8uwqQ,1,1,36.14752558134175,0.2507777810096741,15.78802490234375,0.0045410157181322575,0.7905300259590149,edge,blur,gradient-magnitude (edge),resnet18,1234,0
london_query_-WZeEq0W1pr6VJS4t3dR0g,london_database_5_ziGZ9lgouSBDtEhw834Q,1,0.7864166498184204,cph_database_BA4fi2-fm64XvLVa1q7wlA,0.7827939391136169,0.003622710704803467,london_database_5_ziGZ9lgouSBDtEhw834Q,1,1,36.24155662339063,0.25077956914901733,15.449865341186523,0.03091362863779068,0.8324828147888184,edge,blur,gradient-magnitude (edge),resnet18,1234,0
manila_query_-GD9SrklFbEy7mNAK9uIXg,manila_database_3-gSfEXfZFJB6UNSXSK02g,8,0.8392242789268494,manila_database_4__xTySvhbOwYQ1_EJAhug,0.860510528087616,-0.0212862491607666,manila_database_4__xTySvhbOwYQ1_EJAhug,0,1,36.09355370569854,0.2507721483707428,15.985454559326172,0.0,0.925091028213501,edge,blur,gradient-magnitude (edge),resnet18,1234,0
nairobi_query_0o5iaNnZzqS9cqJ1tMT85g,nairobi_database_NoG9ZUE9lu8WisRacbbNUw,130,0.8027058839797974,nairobi_database_n1PCtejzqVRzsDEOW3YjuA,0.8678300380706787,-0.06512415409088135,nairobi_database_n1PCtejzqVRzsDEOW3YjuA,0,0,36.068547490704276,0.2507769465446472,16.077762603759766,0.0,0.7891377806663513,edge,blur,gradient-magnitude (edge),resnet18,1234,0
toronto_query_-8zrNMH6voa2ZtBaGNpoYQ,toronto_database_5KWZplgAeg8SoiyL3fb1CA,1,0.9116061925888062,zurich_database_2IFVvdawkgwfoEkc1UpdCw,0.9106390476226807,0.0009671449661254883,toronto_database_5KWZplgAeg8SoiyL3fb1CA,1,1,36.075480091175805,0.25077539682388306,16.0521183013916,0.0,0.8722147345542908,edge,blur,gradient-magnitude (edge),resnet18,1234,0
zurich_query_-bwmsEYfSnHpjkqrw0Vn6g,zurich_database_1_gNZOBhjuqXWwNw0QqCaA,1,0.8950925469398499,boston_database_2HqIYacSD0Jad_3YkpMl1g,0.8636590242385864,0.03143352270126343,zurich_database_1_gNZOBhjuqXWwNw0QqCaA,1,1,36.11691947344559,0.2507683336734772,15.899681091308594,0.0,0.8951947689056396,edge,blur,gradient-magnitude (edge),resnet18,1234,0
amman_query_0PLHged3iWJuuv8xOPB5rA,amman_database_HrGES6C0zJzcc7fxoUh1wA,12,0.8329722285270691,amman_database_3ZbkOYTSJMb7R5Av7soq9A,0.8502873778343201,-0.017315149307250977,amman_database_3ZbkOYTSJMb7R5Av7soq9A,0,0,36.09222578661584,0.2507740259170532,15.99034309387207,0.0,0.909334659576416,edge,blur,gradient-magnitude (edge),resnet18,1234,0
boston_query_-EHBZ4-3d6vENYYFm7mWEw,boston_database_4mzQ9KJnbqfpHrK-m5aFTg,1,0.8978363275527954,boston_database_-BzrVPIrGylZQ8H15WaRYg,0.8920412659645081,0.0057950615882873535,boston_database_4mzQ9KJnbqfpHrK-m5aFTg,1,1,36.21701900871194,0.2507772147655487,15.53740406036377,0.012141927145421505,0.9275198578834534,edge,blur,gradient-magnitude (edge),resnet18,1234,0
cph_query_-CrgHhqoywCPgzsSAabnsw,cph_database_4BdWO7YCXasxr90wTqDpDw,31,0.8444576263427734,cph_database_5U0Ud3SIKDIGG7O6oKEiNw,0.8894284963607788,-0.04497087001800537,cph_database_5U0Ud3SIKDIGG7O6oKEiNw,0,0,36.085464000876286,0.2507767677307129,16.0152587890625,2.1701389414374717e-05,0.915696918964386,edge,blur,gradient-magnitude (edge),resnet18,1234,0
london_query_-WyzcGh-_EYVhI50Y9F08Q,london_database_0lYDTfjiFald7StHlzc7LA,130,0.7574470043182373,zurich_database_A7Y3Ah31a1X_Bh7UZS5KIA,0.8191911578178406,-0.06174415349960327,zurich_database_A7Y3Ah31a1X_Bh7UZS5KIA,0,0,36.11286575107841,0.2507733702659607,15.914528846740723,0.0,0.8643620014190674,edge,blur,gradient-magnitude (edge),resnet18,1234,0
manila_query_-GRDcYlSjwLZPQ0LqKatqA,manila_database_1iBFV1kM2kGBlSrYoFdpUg,204,0.7883930206298828,manila_database_0ngRAbovek9HaVT_tiAhZA,0.890079140663147,-0.10168612003326416,manila_database_0ngRAbovek9HaVT_tiAhZA,0,0,36.06607413109835,0.25077757239341736,16.08692169189453,0.0,0.7686814665794373,edge,blur,gradient-magnitude (edge),resnet18,1234,0
nairobi_query_0u9pYEI4g20T0TGGb3Q_mw,nairobi_database_aGKLyNG-tz3P1x2U4mUJ3A,288,0.7835325002670288,amman_database_R8Ij4xihH7Ic6-CiDTeF5Q,0.8474035263061523,-0.06387102603912354,amman_database_R8Ij4xihH7Ic6-CiDTeF5Q,0,0,36.077146182757055,0.2507673501968384,16.045961380004883,1.627604251552839e-05,0.8856615424156189,edge,blur,gradient-magnitude (edge),resnet18,1234,0
toronto_query_-90qYles5GKU3ikhCYP3xg,toronto_database_3z_-YNKqn9FaBhA2mLecZA,4,0.833840548992157,amman_database_jeZSOjsaBEcvWjfubFGbzw,0.8503990173339844,-0.016558468341827393,amman_database_jeZSOjsaBEcvWjfubFGbzw,1,1,36.077306218999816,0.2507738471031189,16.04537010192871,0.0,0.8938084244728088,edge,blur,gradient-magnitude (edge),resnet18,1234,0
zurich_query_-ckZ0rXdz4mibIinNjdoZQ,zurich_database_5hJrSztFeaGup3NhNZhzFg,160,0.8353042602539062,boston_database_02JXfs6EwwMPVW3wvXX_ow,0.8934354782104492,-0.05813121795654297,boston_database_02JXfs6EwwMPVW3wvXX_ow,0,0,36.089326811090906,0.2507748007774353,16.001020431518555,0.001860894146375358,0.9470824599266052,edge,blur,gradient-magnitude (edge),resnet18,1234,0
amman_query_0R0A_PhOAjP-uMDPM7p7mA,amman_database_IceuJQN2uOI5xXzHFlNWHw,1,0.8786805868148804,cph_database_7nXNULfmHeGICC425Cmpmg,0.8733489513397217,0.005331635475158691,amman_database_IceuJQN2uOI5xXzHFlNWHw,1,1,36.086804340514085,0.25077375769615173,16.010316848754883,0.0,0.8129183650016785,edge,blur,gradient-magnitude (edge),resnet18,1234,0
boston_query_-F1y-kaybMQbp8p7UR03TA,boston_database_1TRosqyedrbYP4Uf-dFqhA,43,0.7926645278930664,boston_database_5DPaJ0eCRYZ5-n_thSbRmw,0.8571066856384277,-0.06444215774536133,boston_database_5DPaJ0eCRYZ5-n_thSbRmw,0,0,36.15777898013073,0.25077196955680847,15.750794410705566,0.00931532122194767,0.6729792356491089,edge,blur,gradient-magnitude (edge),resnet18,1234,0
cph_query_-EJZ9qR_FRIGfCF6DhQCJg,cph_database_t-GBg6pL3mp0VntecXrZmQ,1,0.891238808631897,cph_database_7We2jHKYlziAQQ0G28eWfw,0.8813945651054382,0.00984424352645874,cph_database_t-GBg6pL3mp0VntecXrZmQ,1,1,36.08868803311438,0.25077375769615173,16.003374099731445,0.0,0.7445949912071228,edge,blur,gradient-magnitude (edge),resnet18,1234,0
london_query_-XIh6yuegk86oURAbggPpw,london_database_1deRosoILxJD1tXLjblJGQ,5,0.8639670610427856,london_database_1xjEFtVi8VFN8Sb0jMBQPw,0.8752527236938477,-0.011285662651062012,london_database_1xjEFtVi8VFN8Sb0jMBQPw,1,1,36.08920878020703,0.2507641017436981,16.001455307006836,0.0006835937383584678,0.6957942843437195,edge,blur,gradient-magnitude (edge),resnet18,1234,0
manila_query_-GYvqZ8BYSfzGUbFI13obA,manila_database_5epuq5tYovqXrYnobxqP_A,49,0.7997121214866638,manila_database_LlTZZ-urDXw016bTcDEGUQ,0.8680185675621033,-0.06830644607543945,manila_database_LlTZZ-urDXw016bTcDEGUQ,0,0,36.452695417882104,0.250764936208725,14.716712951660156,0.05723198875784874,0.9193626046180725,edge,blur,gradient-magnitude (edge),resnet18,1234,0
nairobi_query_16KxNH7RD-4ITdBTZKvAXw,nairobi_database_58g-D02QH8n16wRLLYDhtQ,22,0.8153001070022583,nairobi_database_6TX4ZR0VfqHmNorJfDCQdA,0.8578548431396484,-0.04255473613739014,nairobi_database_6TX4ZR0VfqHmNorJfDCQdA,0,0,36.31216342562591,0.25077587366104126,15.200715065002441,0.03901909664273262,0.9439359307289124,edge,blur,gradient-magnitude (edge),resnet18,1234,0
toronto_query_-95Ypw11XUgNqZdY5m4GCw,toronto_database_hVExz7tZBsxQPaRmQofLqw,249,0.8032095432281494,toronto_database_yYY-DeUP22gC30oEG2c9_A,0.898835301399231,-0.09562575817108154,toronto_database_yYY-DeUP22gC30oEG2c9_A,0,0,36.28965769455741,0.25077545642852783,15.279691696166992,1.627604251552839e-05,0.9049026966094971,edge,blur,gradient-magnitude (edge),resnet18,1234,0
zurich_query_-fOHAPAq-KX4XPlg0JJPvg,zurich_database_vx286XWMLd3dewgXDtkHug,425,0.790961742401123,cph_database_L9eWYNDLPVUHOitjad3-fw,0.8664196729660034,-0.07545793056488037,cph_database_L9eWYNDLPVUHOitjad3-fw,0,0,36.42953911625299,0.25076672434806824,14.795391082763672,0.04739583283662796,0.8518531918525696,edge,blur,gradient-magnitude (edge),resnet18,1234,0
amman_query_0RRGZCCzxqj8dJzhN-RnQQ,amman_database_03BobRbPyEDe0jl1HDZCYw,605,0.7460477352142334,amman_database_GiotUCR1nlkHmoamgZzwvA,0.8606827259063721,-0.11463499069213867,amman_database_GiotUCR1nlkHmoamgZzwvA,0,0,36.102712526970066,0.25077247619628906,15.951778411865234,0.0,0.7394524216651917,edge,blur,gradient-magnitude (edge),resnet18,1234,0
boston_query_-GJo3fVMwIWZoCYgf09NLQ,boston_database_TrnYf4ZaimSqB0wbH8H6TQ,224,0.7775620222091675,manila_database_4wD1mGLONGf00rZi4YuGqw,0.8446757793426514,-0.06711375713348389,manila_database_4wD1mGLONGf00rZi4YuGqw,0,0,36.37883813513955,0.25076884031295776,14.96912956237793,0.009000650607049465,0.7845525145530701,edge,blur,gradient-magnitude (edge),resnet18,1234,0
cph_query_-Eb1W6216G9S88OFy95k4Q,cph_database_68e8QoWDyBwLyhV3l9WyrQ,1,0.8111647367477417,london_database_1E751fa5IFU6_Pkl6cWp-w,0.7819041013717651,0.029260635375976562,cph_database_68e8QoWDyBwLyhV3l9WyrQ,1,1,36.07897352787714,0.25077563524246216,16.03921127319336,0.0,0.677103579044342,edge,blur,gradient-magnitude (edge),resnet18,1234,0
london_query_-XZRTRoj7LEefbZ7UDBzXg,london_database_ogCqZhn7TrfEmF64Tg9z1Q,928,0.7707195281982422,amman_database_urse6by33-0JmqS5mVlLLg,0.8709815740585327,-0.10026204586029053,amman_database_urse6by33-0JmqS5mVlLLg,0,0,36.15742873778914,0.25077369809150696,15.75206470489502,0.0008680555620230734,0.7378268241882324,edge,blur,gradient-magnitude (edge),resnet18,1234,0
manila_query_-HF88JWAO1GDy0F6B4ZeZg,manila_database_kXY2QOlj-Ec0ed2TK1cUAQ,18,0.8300167918205261,manila_database_5AWXSZUCMTVxnMSRtLokxw,0.8604686856269836,-0.03045189380645752,manila_database_5AWXSZUCMTVxnMSRtLokxw,0,0,36.07518337921682,0.250772625207901,16.05321502685547,0.0,0.902004599571228,edge,blur,gradient-magnitude (edge),resnet18,1234,0
nairobi_query_183WoPTmmjfRAAmVLL6TDw,nairobi_database_2LeF9KuB512kTBv6IyAFcg,185,0.7798048853874207,toronto_database_W6mVozbof69jHkgfFY-m0g,0.8479149341583252,-0.06811004877090454,toronto_database_W6mVozbof69jHkgfFY-m0g,0,0,36.06904109504585,0.2507767379283905,16.07593536376953,5.967881952528842e-05,0.9028918147087097,edge,blur,gradient-magnitude (edge),resnet18,1234,0
toronto_query_-9p2_cESNINnXfab4o-dKQ,toronto_database_3tXViWEI0hLzpPBjx96sJg,144,0.810090184211731,amman_database_1B2fSTtZhYHVntYjZKQkVw,0.8747562170028687,-0.0646660327911377,amman_database_1B2fSTtZhYHVntYjZKQkVw,0,0,36.10691063305141,0.2507762014865875,15.936366081237793,0.0,0.7987750172615051,edge,blur,gradient-magnitude (edge),resnet18,1234,0
zurich_query_-iln48QPRjkI40nJSzd6lg,zurich_database_NasE77S9sgnm7re_4N6NLQ,1,0.9143192768096924,zurich_database_6coxnyf3BEzk3VmKWC7GNA,0.8990417718887329,0.015277504920959473,zurich_database_NasE77S9sgnm7re_4N6NLQ,1,1,36.103775372562026,0.25077295303344727,15.947875022888184,0.0,0.8071986436843872,edge,blur,gradient-magnitude (edge),resnet18,1234,0
amman_query_0fPb7in-cHyh0MAM_N6Zwg,amman_database_8r07G8v9DPBbTM53Lqo7uw,5,0.8859555721282959,cph_database_5F9c2L0ay4ro_4tXCyjfNg,0.8932503461837769,-0.007294774055480957,cph_database_5F9c2L0ay4ro_4tXCyjfNg,1,1,36.06758414487774,0.250775009393692,16.081329345703125,0.0,0.8503658175468445,edge,blur,gradient-magnitude (edge),resnet18,1234,0
boston_query_-HufF4iDO00S4hZK96hUyw,boston_database_6jdzzSIJzD8Fu9L7YOsC9A,1,0.875982940196991,zurich_database_4FlzweEjVGvnW3C9lZIYrw,0.8751205205917358,0.000862419605255127,boston_database_6jdzzSIJzD8Fu9L7YOsC9A,1,1,36.09129239321167,0.2507753074169159,15.993780136108398,0.0,0.8026883006095886,edge,blur,gradient-magnitude (edge),resnet18,1234,0
cph_query_-Efn_mUBXLqGWGzUw3Youw,cph_database_5uaDLiIMu4DnwKCA9ojhMw,5,0.8518185019493103,toronto_database_2j1PywoBiilyvBDanvmevQ,0.8694586753845215,-0.01764017343521118,toronto_database_2j1PywoBiilyvBDanvmevQ,1,1,36.14473470689894,0.2507750689983368,15.798173904418945,0.002224392257630825,0.824907660484314,edge,blur,gradient-magnitude (edge),resnet18,1234,0
london_query_-b5BCVv9Qd6OhZGxpoqS5A,london_database_0QHdIjniSOBq1t8_i9JWAg,2,0.8862699866294861,cph_database_bGaq-m6X5U6XoYAZtNWTUQ,0.8948227763175964,-0.008552789688110352,cph_database_bGaq-m6X5U6XoYAZtNWTUQ,1,1,36.354159064418766,0.2507711946964264,15.054434776306152,0.03600260242819786,0.815761387348175,edge,blur,gradient-magnitude (edge),resnet18,1234,0
manila_query_-KU1q5fdqSI_GghxKumbeg,manila_database_6UUAvbH1Pt-9nHu_FbEMRA,168,0.8019578456878662,manila_database_80f7_QcQsb6CovNesB-jzA,0.8465701341629028,-0.04461228847503662,manila_database_80f7_QcQsb6CovNesB-jzA,0,0,36.25381726246963,0.2507689893245697,15.406310081481934,0.00493706576526165,0.7704532742500305,edge,blur,gradient-magnitude (edge),resnet18,1234,0
nairobi_query_19K8RILgg4ErFKJ9l5D9zQ,nairobi_database_6TX4ZR0VfqHmNorJfDCQdA,212,0.767990231513977,nairobi_database_L7HQ20CuWeW1lZ721bPiYw,0.8593016266822815,-0.09131139516830444,nairobi_database_L7HQ20CuWeW1lZ721bPiYw,0,0,36.17323535431086,0.2507731020450592,15.69483757019043,0.01872829906642437,0.9623474478721619,edge,blur,gradient-magnitude (edge),resnet18,1234,0
toronto_query_-Af6Q3npKjccLu7TwYvlsQ,toronto_database_yYY-DeUP22gC30oEG2c9_A,1,0.8829057812690735,toronto_database_5EDiSAwKLoYYZMZXzlXX5w,0.8455091714859009,0.03739660978317261,toronto_database_yYY-DeUP22gC30oEG2c9_A,1,1,36.14454149434773,0.2507745325565338,15.798876762390137,0.0,0.8538069128990173,edge,blur,gradient-magnitude (edge),resnet18,1234,0
zurich_query_-ldtR3_I7eHdDGYU5BNczg,zurich_database_6Tpy6Xxof6fyaFeCZtbsEg,225,0.7886691093444824,boston_database_4ulsM2PLW1L3mMGsAWLmeg,0.8387666940689087,-0.05009758472442627,boston_database_4ulsM2PLW1L3mMGsAWLmeg,0,0,36.068146156501825,0.2507728338241577,16.079248428344727,0.0,0.7363134622573853,edge,blur,gradient-magnitude (edge),resnet18,1234,0
amman_query_0mtodUgJmOV4UK-0AiTGHg,amman_database_UX1YuIhPO2Xhxp7YP0Xf5w,10,0.8397661447525024,amman_database_1h240BuHymcOpMXhMJ5BNw,0.8507394790649414,-0.010973334312438965,amman_database_1h240BuHymcOpMXhMJ5BNw,0,1,36.09609487767941,0.2507745623588562,15.976103782653809,0.0,0.7559887766838074,edge,blur,gradient-magnitude (edge),resnet18,1234,0
boston_query_-IYAXZ4yoOS7SzEIu2m-me,boston_database_4ZbdgBgOEO3l9iL-DzVnYA,10,0.6704139709472656,boston_database_5g8yJhnj8EfOWv5r3id1kw,0.700742781162262,-0.030328810214996338,boston_database_5g8yJhnj8EfOWv5r3id1kw,0,1,36.097144954449114,0.2507658004760742,15.972241401672363,0.0002061631967080757,0.8366554975509644,edge,blur,gradient-magnitude (edge),resnet18,1234,0
cph_query_-F5w8wQO0CU26PCfOqANzA,cph_database_2DoeyqFykZ0Nwt_gBPq6hQ,75,0.8375321626663208,cph_database_1IxIk9jyD8EzOcTtQpuoyA,0.8739093542098999,-0.0363771915435791,cph_database_1IxIk9jyD8EzOcTtQpuoyA,0,0,36.08232298844598,0.2507786452770233,16.026845932006836,0.0,0.7919715046882629,edge,blur,gradient-magnitude (edge),resnet18,1234,0
london_query_-c-T7aulp9a5g-J9zYbYiQ,london_database_6MbCpJaLFsTGxLRixQ3Grg,331,0.8052186965942383,london_database_7hadEPdEI2MGW7SMcZDBUA,0.8810623288154602,-0.07584363222122192,london_database_7hadEPdEI2MGW7SMcZDBUA,0,0,36.19958141374078,0.25077247619628906,15.59991455078125,0.004654948133975267,0.8678202629089355,edge,blur,gradient-magnitude (edge),resnet18,1234,0
manila_query_-KoSUCrB2w1FscwO9vyRlw,manila_database_oo2Hf8Bz8vmfSX2BP81how,131,0.7807953953742981,manila_database_qtxcmhtwgJidBJJam2iDkw,0.8457945585250854,-0.06499916315078735,manila_database_qtxcmhtwgJidBJJam2iDkw,0,0,36.08005873265487,0.2507684528827667,16.03520393371582,0.0,0.6260257959365845,edge,blur,gradient-magnitude (edge),resnet18,1234,0
nairobi_query_1J7o8IGEriKnTs-ay8aPNQ,nairobi_database_cX5HjnSllcBLRmqUIvPa5g,3,0.854545533657074,cph_database_4NQHSbQ8iQrPvSbbODlB3w,0.8589581251144409,-0.004412591457366943,cph_database_4NQHSbQ8iQrPvSbbODlB3w,1,1,36.18150993851302,0.2507738471031189,15.664962768554688,0.01620008610188961,0.9625470042228699,edge,blur,gradient-magnitude (edge),resnet18,1234,0
toronto_query_-AlgHQUWzDPe9bpb8ZAzSA,toronto_database_7iysBerUISRHtFS0RUVgTg,25,0.84461510181427,manila_database_2Ek2Y4Mw82uYV9iRYA_kHA,0.8820537328720093,-0.03743863105773926,manila_database_2Ek2Y4Mw82uYV9iRYA_kHA,0,0,36.119120154430824,0.25077590346336365,15.891626358032227,0.0,0.9407708048820496,edge,blur,gradient-magnitude (edge),resnet18,1234,0
zurich_query_-m5K41q4X0r8qu_XnaYlIg,zurich_database_y6v4y08NV3KIHLZv6Vcj6A,18,0.8734879493713379,manila_database_YAr_6aQgtNVbe7GhT70obQ,0.8905012011528015,-0.017013251781463623,manila_database_YAr_6aQgtNVbe7GhT70obQ,0,0,36.2862338958577,0.25077423453330994,15.291742324829102,0.00015733507461845875,0.8222680687904358,edge,blur,gradient-magnitude (edge),resnet18,1234,0
amman_query_0rJM3ZzX3JzTTpl0GCia8w,amman_database_1yCFFO2hv_bRMTuOu7_MZQ,395,0.6673073768615723,amman_database_RybCghn6dxdppOd3XPQXhw,0.856555163860321,-0.18924778699874878,amman_database_RybCghn6dxdppOd3XPQXhw,0,0,36.1448770657438,0.25077852606773376,15.797656059265137,0.0,0.9236086010932922,edge,blur,gradient-magnitude (edge),resnet18,1234,0
boston_query_-Jix8HM-vXTXdWrXQwVvQw,boston_database_-wqITAE6FndKbzHZNsIJeA,2,0.8917478322982788,boston_database_291-InfICP_FLOb09Og4iA,0.8950362205505371,-0.0032883882522583008,boston_database_291-InfICP_FLOb09Og4iA,1,1,36.230103133651866,0.2507769465446472,15.4906644821167,0.014371744357049465,0.9216936826705933,edge,blur,gradient-magnitude (edge),resnet18,1234,0
cph_query_-FLAkBWjfrY2RcqaQ-LgmQ,cph_database_mM7P8ptP9qs40DDOdxQu6Q,4,0.9183026552200317,cph_database_5i_SrA0XpJKR_sBDXaaAGQ,0.9310367107391357,-0.012734055519104004,cph_database_5i_SrA0XpJKR_sBDXaaAGQ,1,1,36.06673688627738,0.2507740557193756,16.0844669342041,0.0,0.8617379069328308,edge,blur,gradient-magnitude (edge),resnet18,1234,0
london_query_-cAVonhAOLeSK7tfil0ceg,london_database_8pfnISpuJMiyPo4lVAKOXg,39,0.8300265669822693,london_database_1hOEd6DEV2g1FGFTXt7nKA,0.8628249764442444,-0.0327984094619751,london_database_1hOEd6DEV2g1FGFTXt7nKA,0,0,36.24927364071661,0.2507786452770233,15.422436714172363,0.02591688372194767,0.8475624918937683,edge,blur,gradient-magnitude (edge),resnet18,1234,0
manila_query_-LBCdeO8C8kj5IjX1m3XTA,manila_database_-krzFiiOp_6LbfDayIsX1A,161,0.7994821071624756,manila_database_3YYbSazXEctb158TDECM7Q,0.8614541292190552,-0.06197202205657959,manila_database_3YYbSazXEctb158TDECM7Q,0,0,36.1589358745886,0.25077024102211,15.746599197387695,6.510417006211355e-05,0.6447554230690002,edge,blur,gradient-magnitude (edge),resnet18,1234,0
nairobi_query_1YjlKCdHNgoQBY8yOFqlmw,nairobi_database_FuBkR1fbVVpCW5nvjIU89g,3,0.8255767822265625,zurich_database_1yv9r9JqAVM1dRLLPKN28Q,0.8345321416854858,-0.00895535945892334,zurich_database_1yv9r9JqAVM1dRLLPKN28Q,1,1,36.278413401876534,0.25077351927757263,15.319303512573242,0.0398763008415699,0.9655629992485046,edge,blur,gradient-magnitude (edge),resnet18,1234,0
toronto_query_-B-3B3MjxX0UdrDIo-8kmA,toronto_database_-AzdCE_6bZoUqQg2nxvEXQ,7,0.8704096674919128,toronto_database_0Xd5A1HQH8R9fdiXX-PmOg,0.8831161260604858,-0.012706458568572998,toronto_database_0Xd5A1HQH8R9fdiXX-PmOg,0,1,36.15650330836864,0.25077489018440247,15.75542163848877,0.00434027798473835,0.7114995718002319,edge,blur,gradient-magnitude (edge),resnet18,1234,0
zurich_query_-nhCCSRwlsxqJsUbzqZvCQ,zurich_database_5hOStvk5qjU3iKb8wDonkw,857,0.7361049056053162,amman_database_2_NNnfq-ucbh4wN64ndIOg,0.8220734596252441,-0.08596855401992798,amman_database_2_NNnfq-ucbh4wN64ndIOg,0,0,36.071249605144246,0.25076085329055786,16.06776237487793,0.0,0.7002791166305542,edge,blur,gradient-magnitude (edge),resnet18,1234,0
amman_query_12LbsAl_T_jgw2JHgbR5ng,amman_database_48QNUOWeMH0KrknHieOl3Q,423,0.8039240837097168,amman_database_jeZSOjsaBEcvWjfubFGbzw,0.9274914264678955,-0.12356734275817871,amman_database_jeZSOjsaBEcvWjfubFGbzw,0,0,36.06816676325978,0.2507725656032562,16.079172134399414,0.0,0.8591518402099609,edge,blur,gradient-magnitude (edge),resnet18,1234,0
boston_query_-Jv7RF27BSJIV-gqOI7KxZ,boston_database_P8zBjVDJ8gQGkj97FOP5Z-,43,0.823163628578186,nairobi_database_ssLyvL_47h4IZogucHeChA,0.8550246953964233,-0.031861066818237305,nairobi_database_ssLyvL_47h4IZogucHeChA,0,0,36.88354935598256,0.25076618790626526,13.326786041259766,0.14262153208255768,0.9106778502464294,edge,blur,gradient-magnitude (edge),resnet18,1234,0
cph_query_-GVbOpzggFXAot0UyKhx2g,cph_database_04Bz2mPV9xajFGZOxvcyAg,5,0.9030067920684814,cph_database_1r3p-PThKkp7dL6P7W7nrA,0.9271112680435181,-0.02410447597503662,cph_database_1r3p-PThKkp7dL6P7W7nrA,1,1,36.07147593134326,0.2507769465446472,16.066925048828125,0.0,0.7822481393814087,edge,blur,gradient-magnitude (edge),resnet18,1234,0
london_query_-dHWRapn57-l_kynPnun3Q,london_database_8R0v__ddHErldoAh30NGAQ,12,0.8578665852546692,london_database_Au63mEM_QWbUdgTa-1C0Pw,0.8909711241722107,-0.033104538917541504,london_database_Au63mEM_QWbUdgTa-1C0Pw,0,0,36.09006147015602,0.25077274441719055,15.998313903808594,0.0010959201026707888,0.7640496492385864,edge,blur,gradient-magnitude (edge),resnet18,1234,0
manila_query_-MH02w7P6jmmqnoUdL-55Q,manila_database_31P09aOdEXsPJyiA8d7DRA,15,0.8247033357620239,manila_database_U1FwUndEQdlXZ93Iz997UA,0.8588811159133911,-0.03417778015136719,manila_database_U1FwUndEQdlXZ93Iz997UA,0,0,36.168457564943864,0.25077635049819946,15.712113380432129,0.0021755641791969538,0.8330410718917847,edge,blur,gradient-magnitude (edge),resnet18,1234,0
nairobi_query_1Z__CFelPzXEI1IEu_8QJw,nairobi_database_oirj6l2hFO_qSK3Qd_kv3A,318,0.8226121664047241,manila_database_7jMO5NcoYo4Ka0s2PejP_Q,0.895397961139679,-0.07278579473495483,manila_database_7jMO5NcoYo4Ka0s2PejP_Q,0,0,36.168535592033095,0.2507741153240204,15.711831092834473,0.0015299479709938169,0.8917243480682373,edge,blur,gradient-magnitude (edge),resnet18,1234,0
toronto_query_-B136fRwqMBMXoc03yy-PQ,toronto_database_xjOMFXloX5yu5hsMzo21Ww,1,0.8866931796073914,zurich_database_EK_v4t0Y_zJRaqMlpuC4gA,0.8855396509170532,0.0011535286903381348,toronto_database_xjOMFXloX5yu5hsMzo21Ww,1,1,36.18255601542466,0.250775545835495,15.661190032958984,0.0062879775650799274,0.701011598110199,edge,blur,gradient-magnitude (edge),resnet18,1234,0
zurich_query_-tYWpAACOq7RfVvZJ-BAcQ,zurich_database_5BKPtlTmM2nsMwLqUHa0Ig,325,0.7740671634674072,toronto_database_5gR2GvdWi8_efGPscwDy_A,0.8554111123085022,-0.08134394884109497,toronto_database_5gR2GvdWi8_efGPscwDy_A,0,0,36.06542228876927,0.2507690191268921,16.089336395263672,0.0,0.8276317119598389,edge,blur,gradient-magnitude (edge),resnet18,1234,0
amman_query_1HafWFxuyylXLnDzCoapDA,amman_database_48QNUOWeMH0KrknHieOl3Q,241,0.8155577778816223,amman_database_COxopER5Ds_Wn3viS4hFnQ,0.8860647678375244,-0.0705069899559021,amman_database_COxopER5Ds_Wn3viS4hFnQ,0,0,36.070979988188164,0.250773549079895,16.06875991821289,0.0,0.8016093969345093,edge,blur,gradient-magnitude (edge),resnet18,1234,0
boston_query_-Kg6j3FKy26wYRLBkE_dFQ,boston_database_08Ee0x4RX98medABwOiFEg,21,0.854763925075531,cph_database_3mkubNHmmXuUf1Js2s-HCA,0.8811197280883789,-0.0263558030128479,cph_database_3mkubNHmmXuUf1Js2s-HCA,0,0,36.20241467642006,0.2507765591144562,15.589740753173828,0.00933159701526165,0.9044086337089539,edge,blur,gradient-magnitude (edge),resnet18,1234,0
cph_query_-G_OOR1_yAfdfgnlKYNKnQ,cph_database_1IxIk9jyD8EzOcTtQpuoyA,1,0.9166988134384155,cph_database_Hdlxpfferm5haiP3R2kVRQ,0.850664496421814,0.06603431701660156,cph_database_1IxIk9jyD8EzOcTtQpuoyA,1,1,36.09583719393355,0.25077685713768005,15.977051734924316,0.0,0.820674479007721,edge,blur,gradient-magnitude (edge),resnet18,1234,0
london_query_-dZ1k85FDVdFSbcG6_ECOA,london_database_Yz7eCBL40iYRogC_VrOciQ,5,0.8058799505233765,london_database_4xtgpNe3FmAQyzxnF9lLdA,0.8269202709197998,-0.02104032039642334,london_database_4xtgpNe3FmAQyzxnF9lLdA,1,1,36.31561209837395,0.25076836347579956,15.18864917755127,0.02195095457136631,0.8905639052391052,edge,blur,gradient-magnitude (edge),resnet18,1234,0
manila_query_-MKMMHEd33H1_45AJ8B5AA,manila_database_UHmqVlwY_tIWS997TaZywA,3,0.8496946096420288,manila_database_-A6IKNhOfbqGrOLNdvFoTQ,0.8535658717155457,-0.0038712620735168457,manila_database_-A6IKNhOfbqGrOLNdvFoTQ,1,1,36.35655463235695,0.25077059864997864,15.046133041381836,0.005636935587972403,0.7656955718994141,edge,blur,gradient-magnitude (edge),resnet18,1234,0
nairobi_query_20W8wyVhxSIpj4ekTP7ezw,nairobi_database_8QrvtfnMMYvjycP4nESumw,150,0.7630805969238281,nairobi_database_5NmT9tDga_ogPbyZiowdeA,0.8438222408294678,-0.08074164390563965,nairobi_database_5NmT9tDga_ogPbyZiowdeA,0,0,36.06949816704386,0.25077950954437256,16.074243545532227,0.0,0.8269777297973633,edge,blur,gradient-magnitude (edge),resnet18,1234,0
toronto_query_-BTAllhGXYkM_JsKwxUFMg,toronto_database_thqpfauTP254fUgBlCuy9Q,351,0.8148715496063232,toronto_database_4DjfS6EeioqDL5k7mux0cw,0.9340586066246033,-0.11918705701828003,toronto_database_4DjfS6EeioqDL5k7mux0cw,0,0,36.09619054082875,0.2507750689983368,15.975751876831055,0.0,0.8952897191047668,edge,blur,gradient-magnitude (edge),resnet18,1234,0
zurich_query_-uQ-4tnYcOJ9WPXRG-ou3w,zurich_database_0KvXdFeDu1iHLPkdHTKXMg,399,0.8021466732025146,london_database_7hadEPdEI2MGW7SMcZDBUA,0.8927328586578369,-0.09058618545532227,london_database_7hadEPdEI2MGW7SMcZDBUA,0,0,36.276928287936514,0.25077420473098755,15.324542999267578,0.01657986082136631,0.7052257657051086,edge,blur,gradient-magnitude (edge),resnet18,1234,0
amman_query_1IWpn2b6V75KvNFoTU8UOQ,amman_database_UX1YuIhPO2Xhxp7YP0Xf5w,51,0.8349714279174805,boston_database_890bUQpWguhUny6KiFrBGQ,0.8716026544570923,-0.036631226539611816,boston_database_890bUQpWguhUny6KiFrBGQ,0,0,36.08727363474826,0.25077056884765625,16.008586883544922,0.0,0.7037093639373779,edge,blur,gradient-magnitude (edge),resnet18,1234,0
boston_query_-LPTAIN0lPGriKBtXoH5Mg,boston_database_56C-uiBFbe1dAHezyJhDoA,1,0.9374551773071289,boston_database_6p1zONaTXLWQeJHQx0CIVw,0.9102132320404053,0.027241945266723633,boston_database_56C-uiBFbe1dAHezyJhDoA,1,1,36.09594036929223,0.2507816255092621,15.976672172546387,0.0,0.8945867419242859,edge,blur,gradient-magnitude (edge),resnet18,1234,0
cph_query_-Gsj5kZ1V6uLXFxzeI7G2Q,cph_database_8dPByQ0w0nJ6JQ0Dt2phAg,207,0.8117648959159851,zurich_database_59tIMeF3OEbebki90DbpqQ,0.8690142631530762,-0.057249367237091064,zurich_database_59tIMeF3OEbebki90DbpqQ,0,0,36.06625281270743,0.25077173113822937,16.086259841918945,0.0,0.739499568939209,edge,blur,gradient-magnitude (edge),resnet18,1234,0
london_query_-dp5VWHVq4LzwLgq7y7yhw,london_database_6A3rCfSXyE2THTGgLGEh9A,147,0.7759332656860352,london_database_6QeCroSKkwmhf9sxqtSj7Q,0.8517454266548157,-0.07581216096878052,london_database_6QeCroSKkwmhf9sxqtSj7Q,0,0,36.073244156313855,0.2507776916027069,16.06038475036621,0.0,0.7807226181030273,edge,blur,gradient-magnitude (edge),resnet18,1234,0
manila_query_-N4wDG2Fhm38ZVy0hGp8_A,manila_database_-Fetcixx23dnC3G5T1XYGQ,83,0.8082852363586426,toronto_database_3kA21VsH9vnqPH6X0blOUQ,0.8478353023529053,-0.039550065994262695,toronto_database_3kA21VsH9vnqPH6X0blOUQ,0,0,36.08179428087467,0.2507696747779846,16.028797149658203,0.0,0.8369919657707214,edge,blur,gradient-magnitude (edge),resnet18,1234,0
nairobi_query_2CNtCHy0TUbebdEFLYNrIQ,nairobi_database_ssLyvL_47h4IZogucHeChA,9,0.8491524457931519,nairobi_database_5nj9SryW0zrvMpEtOd9gjg,0.871989369392395,-0.022836923599243164,nairobi_database_5nj9SryW0zrvMpEtOd9gjg,0,1,36.387031627148296,0.250773549079895,14.94091510772705,0.0528700090944767,0.8822952508926392,edge,blur,gradient-magnitude (edge),resnet18,1234,0
toronto_query_-Cdr8zjFdZw7nzz8_rwM4w,toronto_database_vHFdoApurhBvoN12-Y0jCA,308,0.8184679746627808,cph_database_6fnBKZ5y6JLHZ30W5ZJgRg,0.9009301662445068,-0.08246219158172607,cph_database_6fnBKZ5y6JLHZ30W5ZJgRg,0,0,36.072490677596335,0.2507759928703308,16.06317138671875,0.0,0.9342271089553833,edge,blur,gradient-magnitude (edge),resnet18,1234,0
zurich_query_0247N-PdpG4_iueC_9_G4g,zurich_database_5EBjYZoNQsB323r5P6H-HQ,1,0.8814277052879333,boston_database_5dFWcq_sUeeshzN0y_GXew,0.8719061613082886,0.009521543979644775,zurich_database_5EBjYZoNQsB323r5P6H-HQ,1,1,36.28243608545639,0.2507730722427368,15.305120468139648,0.00019531250291038305,0.7709689140319824,edge,blur,gradient-magnitude (edge),resnet18,1234,0
amman_query_1Nmy4JnYnb5zA_JmbkDWBQ,amman_database_q8IKz1dYe84bII8aKmSgZw,579,0.7710461020469666,amman_database_Ld8UF_WG7d620clwmhmA7w,0.9023885130882263,-0.13134241104125977,amman_database_Ld8UF_WG7d620clwmhmA7w,0,0,36.070540285543785,0.2507738173007965,16.07038688659668,0.0,0.8525130152702332,edge,blur,gradient-magnitude (edge),resnet18,1234,0
boston_query_-Lu6tv4tCQMDsXtxLtxMzQ,boston_database_-1Ur0I4BTjRYsKJqfcfVZQ,365,0.7876571416854858,cph_database_4DAmgI9qwyw3BPfQFAwfGg,0.8686107397079468,-0.08095359802246094,cph_database_4DAmgI9qwyw3BPfQFAwfGg,0,0,36.13195899571482,0.2507737874984741,15.84471607208252,5.967881952528842e-05,0.7421762347221375,edge,blur,gradient-magnitude (edge),resnet18,1234,0
cph_query_-HqO0GfYTRx5TzfB_6mTqA,cph_database_2zrgvYQU7Kp-VSZ9JSJPmQ,106,0.7480276823043823,zurich_database_6EMiVMe4EZnSgZzFBWjwdQ,0.8283272981643677,-0.08029961585998535,zurich_database_6EMiVMe4EZnSgZzFBWjwdQ,0,0,36.088372302362,0.25077396631240845,16.00453758239746,0.00019531250291038305,0.7617084980010986,edge,blur,gradient-magnitude (edge),resnet18,1234,0
london_query_-izmF6OCR-aIZLVQbzDbLQ,london_database__ENYSZz7Q9KszYaFV1vSBA,7,0.8114133477210999,zurich_database_AnBHGSdcVBJF9G2F_FOMBw,0.829849362373352,-0.018436014652252197,zurich_database_AnBHGSdcVBJF9G2F_FOMBw,0,1,36.08975832410036,0.2507737874984741,15.999430656433105,0.0,0.7316277027130127,edge,blur,gradient-magnitude (edge),resnet18,1234,0
manila_query_-P2actpgy_mRkcbLVKBjkQ,manila_database_vyM8BiFdQvLSI9ftVjzpCA,29,0.8391662836074829,cph_database_5F9c2L0ay4ro_4tXCyjfNg,0.8645957708358765,-0.025429487228393555,cph_database_5F9c2L0ay4ro_4tXCyjfNg,0,0,36.10886417057958,0.2507781386375427,15.92919921875,0.0,0.8720312714576721,edge,blur,gradient-magnitude (edge),resnet18,1234,0
nairobi_query_2OfDNnR5st7y8-O2ibiklQ,nairobi_database_1oH8UP6Fw5pq60tdS75mZA,82,0.8119624853134155,boston_database_1busJQOKCp-Qb4SSxC05LQ,0.8692476749420166,-0.057285189628601074,boston_database_1busJQOKCp-Qb4SSxC05LQ,0,0,36.154792571953784,0.250775009393692,15.761629104614258,0.011523437686264515,0.9544156789779663,edge,blur,gradient-magnitude (edge),resnet18,1234,0
toronto_query_-DB8UBv2Rg4kTi6HTqrhOw,toronto_database_7KaJgQquLLRB5zIONHZkmQ,66,0.8359040021896362,zurich_database_-2NILOmSyIWLRVVEe-aflQ,0.8843820691108704,-0.04847806692123413,zurich_database_-2NILOmSyIWLRVVEe-aflQ,0,0,36.122931642552174,0.25077512860298157,15.877685546875,0.0,0.8580402135848999,edge,blur,gradient-magnitude (edge),resnet18,1234,0
zurich_query_046U_rtFmS-pAuZF-Zba0Q,zurich_database_5EBjYZoNQsB323r5P6H-HQ,8,0.8622213006019592,boston_database_3dQbA6O_0evX3zu7Qc-pYw,0.8800238370895386,-0.017802536487579346,boston_database_3dQbA6O_0evX3zu7Qc-pYw,0,1,36.37367685115902,0.2507729232311249,14.986929893493652,0.003689236007630825,0.8801800608634949,edge,blur,gradient-magnitude (edge),resnet18,1234,0
amman_query_1Tf2dWuS4el8fREHH1_k0w,amman_database_tZTcRmO73MQbFWaYf6oj3g,45,0.8042943477630615,amman_database_q8IKz1dYe84bII8aKmSgZw,0.8893086314201355,-0.08501428365707397,amman_database_q8IKz1dYe84bII8aKmSgZw,0,0,36.06989189558201,0.25077396631240845,16.072786331176758,0.0,0.9804835319519043,edge,blur,gradient-magnitude (edge),resnet18,1234,0
boston_query_-N2T2kBE4uG56LTsyCQPJg,boston_database_DU3FJGAh3PrB45a580xbGg,376,0.8263790011405945,zurich_database_-0c8fGzuvHKGROvzeZflOQ,0.8889553546905518,-0.06257635354995728,zurich_database_-0c8fGzuvHKGROvzeZflOQ,0,0,36.157103500487985,0.25077489018440247,15.753244400024414,0.0,0.8516894578933716,edge,blur,gradient-magnitude (edge),resnet18,1234,0
cph_query_-I7HyKa_KIzMp2uMsvqUAg,cph_database_LVEAoVNNWTNKEOBa1RORzw,6,0.840906023979187,cph_database_0rRbZapy_jGPOpPctSIjfQ,0.8842722177505493,-0.043366193771362305,cph_database_0rRbZapy_jGPOpPctSIjfQ,0,1,36.06728179107805,0.25077828764915466,16.082448959350586,0.0,0.8493944406509399,edge,blur,gradient-magnitude (edge),resnet18,1234,0
london_query_-kd8SHN5N5wLOpzEu10rfQ,london_database_38ZrIUVXQTS5sib9nRLudA,42,0.8166435956954956,cph_database_0GxLZOHP77ozyB6CMVyncA,0.8676896691322327,-0.05104607343673706,cph_database_0GxLZOHP77ozyB6CMVyncA,0,0,36.0671087326174,0.25077569484710693,16.08308982849121,0.0,0.7640492916107178,edge,blur,gradient-magnitude (edge),resnet18,1234,0
manila_query_-PR9Q6-AlT31oRE_Ep_fnQ,manila_database_7vOvfavBmZmLG0s8XGaBbA,450,0.7914644479751587,toronto_database_5KWZplgAeg8SoiyL3fb1CA,0.8725910186767578,-0.08112657070159912,toronto_database_5KWZplgAeg8SoiyL3fb1CA,0,0,36.103345840484224,0.2507791221141815,15.94945240020752,0.0,0.9027377367019653,edge,blur,gradient-magnitude (edge),resnet18,1234,0
nairobi_query_2QtumRO8ayl5p_Jb-rhTZQ,nairobi_database_wxcEU3WfT5kn7oD7HPwHkA,6,0.8294368982315063,nairobi_database_nyVKbHXQsaO_16tlW_NLag,0.8410041928291321,-0.011567294597625732,nairobi_database_nyVKbHXQsaO_16tlW_NLag,0,1,36.0962978727242,0.25077152252197266,15.975357055664062,0.0,0.8583977818489075,edge,blur,gradient-magnitude (edge),resnet18,1234,0
toronto_query_-Dr7KE__egl6kS-yslctCg,toronto_database_JZHiKl7CE7BzdlGbop_5MA,48,0.836520791053772,toronto_database_2t0xTT1EnuQR8PQInCMxyg,0.8807471990585327,-0.04422640800476074,toronto_database_2t0xTT1EnuQR8PQInCMxyg,0,0,36.06535587430845,0.2507745325565338,16.089582443237305,0.0,0.7826068997383118,edge,blur,gradient-magnitude (edge),resnet18,1234,0
zurich_query_08U3p7js9TCivpCfLs0ZIw,zurich_database_gtNOuIAJb0GowBuaw7s_ng,20,0.8446857333183289,manila_database_5rjFma7r9oUAgRgPi5J3PA,0.870202898979187,-0.025517165660858154,manila_database_5rjFma7r9oUAgRgPi5J3PA,0,0,36.561666582441006,0.25076550245285034,14.352042198181152,0.05496961623430252,0.8241493701934814,edge,blur,gradient-magnitude (edge),resnet18,1234,0
amman_query_1TysYQA0N2AnJ5lzQWP07w,amman_database_dhvis9SvxQH-844ETKFegg,2,0.8870974779129028,amman_database_0ugNILZPtpQGFYzyHrZHow,0.8884682655334473,-0.0013707876205444336,amman_database_0ugNILZPtpQGFYzyHrZHow,1,1,36.091809567826665,0.2507741451263428,15.991875648498535,0.0037814669776707888,0.9652208089828491,edge,blur,gradient-magnitude (edge),resnet18,1234,0
boston_query_-NRCmKPnLW6ukq5fovMufw,boston_database_4PSea1s0NN2bp469zyhxYA,144,0.8232346773147583,cph_database_6CANlvoIvwlMpdsIrbbUmA,0.8673851490020752,-0.044150471687316895,cph_database_6CANlvoIvwlMpdsIrbbUmA,0,0,36.13339979135465,0.25077569484710693,15.839460372924805,1.627604251552839e-05,0.6388460397720337,edge,blur,gradient-magnitude (edge),resnet18,1234,0
cph_query_-I8EyCiw4PS74_uGuMqUYQ,cph_database_-7ziE0jZDqPSFBV6BtizCg,1,0.8732873201370239,manila_database_LcTVwHyLKiNSNAfAcMEKHg,0.8724994659423828,0.0007878541946411133,cph_database_-7ziE0jZDqPSFBV6BtizCg,1,1,36.127482011926105,0.2507741153240204,15.861058235168457,0.0,0.9228780269622803,edge,blur,gradient-magnitude (edge),resnet18,1234,0
london_query_-qvarKx0xtSTs0tnxDE0oQ,london_database_Kz3Cq-q4WwlxQ_Rjgk305g,62,0.7349040508270264,manila_database_0rK0sGyVSA4u4PVc2Jv4-g,0.7894223928451538,-0.05451834201812744,manila_database_0rK0sGyVSA4u4PVc2Jv4-g,0,0,36.07367845873942,0.25077563524246216,16.058778762817383,0.0,0.7124587297439575,edge,blur,gradient-magnitude (edge),resnet18,1234,0
manila_query_-Qc1bZWefrpkNPZ60zZS5Q,manila_database_ZBrxg_erAKEhfFx-J3YR6Q,4,0.8267723321914673,nairobi_database_wBWiV1DS-7JT710m9NBw5g,0.8367258906364441,-0.009953558444976807,nairobi_database_wBWiV1DS-7JT710m9NBw5g,1,1,36.20271064492178,0.250768780708313,15.588678359985352,0.0015896267723292112,0.7976732850074768,edge,blur,gradient-magnitude (edge),resnet18,1234,0
nairobi_query_2RQpcoZ0MfOmswdfhpjw4g,nairobi_database_a9xNzoydjr-je93NA7mygg,20,0.8289751410484314,boston_database_8Nk7Pm6_AQpeJxvHfnUbhA,0.8557357788085938,-0.026760637760162354,boston_database_8Nk7Pm6_AQpeJxvHfnUbhA,0,0,36.2536339208891,0.2507745027542114,15.406960487365723,0.03566080704331398,0.9461901187896729,edge,blur,gradient-magnitude (edge),resnet18,1234,0
toronto_query_-EilBTWhr8vjdDW-B7MU8A,toronto_database_WF69D5s_qIEzvnQmXGAMuw,226,0.8133830428123474,toronto_database_RYZajIuCaJNvAtO4-DAXOQ,0.9134811162948608,-0.10009807348251343,toronto_database_RYZajIuCaJNvAtO4-DAXOQ,0,0,36.54185214968181,0.2507723867893219,14.417672157287598,0.04381510242819786,0.8063614368438721,edge,blur,gradient-magnitude (edge),resnet18,1234,0
zurich_query_0AlvsX9XlPHoz4joTTL7hQ,zurich_database_hutV0_YJEx993tFEXdcBQw,14,0.8330169320106506,manila_database_6RVJjUHylLXW8_yzLJi4gw,0.8560106754302979,-0.022993743419647217,manila_database_6RVJjUHylLXW8_yzLJi4gw,0,0,36.09690924845311,0.2507721781730652,15.973108291625977,0.0,0.9332014322280884,edge,blur,gradient-magnitude (edge),resnet18,1234,0
amman_query_1VTBGOTuAwvnyE1o4Pbm0Q,amman_database_21axHEFcyX-1hI673vVgLQ,5,0.8646318912506104,amman_database_8b6nqdmSUhPLWFX555DGGw,0.899417519569397,-0.03478562831878662,amman_database_8b6nqdmSUhPLWFX555DGGw,1,1,36.06558189356466,0.2507750391960144,16.0887451171875,0.0,0.9533169269561768,edge,blur,gradient-magnitude (edge),resnet18,1234,0
boston_query_-NSEL0mtEJlIM-oR5yFnFg,boston_database_Xt_8fOeVI9H7U0BbA0ZiIA,3,0.913151741027832,boston_database_3yupn7WRtc81bu6cfHDrMQ,0.9174301624298096,-0.004278421401977539,boston_database_3yupn7WRtc81bu6cfHDrMQ,1,1,36.08105016812328,0.2507849931716919,16.031543731689453,0.0,0.8716974854469299,edge,blur,gradient-magnitude (edge),resnet18,1234,0
cph_query_-IKk5Ns9ayTUN3tqBrl3Ow,cph_database_7xSO7Kjqq0aE2v_7ZVCC0w,13,0.8461971282958984,cph_database_8M4dy-WkofHkWJjNyZ__XA,0.8735474348068237,-0.027350306510925293,cph_database_8M4dy-WkofHkWJjNyZ__XA,0,0,36.349025910152115,0.2507731020450592,15.07223892211914,0.0316569022834301,0.8771394491195679,edge,blur,gradient-magnitude (edge),resnet18,1234,0
london_query_-rtMM_qyd5EBLnADEBIUTA,london_database_2kohiXqR0ErQiG1NcteuFw,1,0.8754460215568542,nairobi_database_5fIX502GwN4iBedy_B8GeA,0.8444850444793701,0.03096097707748413,london_database_2kohiXqR0ErQiG1NcteuFw,1,1,36.09224417679177,0.25076723098754883,15.990275382995605,0.00142686627805233,0.7142065763473511,edge,blur,gradient-magnitude (edge),resnet18,1234,0
manila_query_-QdSFqylfs0aHx31jOvTVg,manila_database_CHw2m63dDHzsLNk1VOjr4Q,2,0.8663536310195923,toronto_database_5ey9E_udkLByc3LTBLFD3A,0.8669238090515137,-0.0005701780319213867,toronto_database_5ey9E_udkLByc3LTBLFD3A,1,1,36.06911374927305,0.2507759928703308,16.075666427612305,0.0,0.8174682855606079,edge,blur,gradient-magnitude (edge),resnet18,1234,0
nairobi_query_2Xgp5FmRFbMXgBspWoEFNg,nairobi_database_6TX4ZR0VfqHmNorJfDCQdA,50,0.790855884552002,boston_database_2Cjk1OlRe0-8M6Pv0tLQ-g,0.8189980983734131,-0.028142213821411133,boston_database_2Cjk1OlRe0-8M6Pv0tLQ-g,0,0,36.179556755067374,0.25077250599861145,15.672009468078613,0.01742078922688961,0.9512487053871155,edge,blur,gradient-magnitude (edge),resnet18,1234,0
toronto_query_-FOgEN8RNyKr0s933N-a0w,toronto_database_2Kml1My-F5Q7YMR1ZQ-VDQ,59,0.8217769861221313,boston_database_0CdqJE7HgNLG75XJTNjPMA,0.8691391944885254,-0.04736220836639404,boston_database_0CdqJE7HgNLG75XJTNjPMA,0,0,36.09999492352587,0.2507757544517517,15.961763381958008,0.0,0.8670986294746399,edge,blur,gradient-magnitude (edge),resnet18,1234,0
zurich_query_0F0ESDULqwk5km1KbyUEZw,zurich_database_0ovLGU2wBNPYJPZxMDzD7A,1,0.8850570917129517,cph_database_1r3p-PThKkp7dL6P7W7nrA,0.8806392550468445,0.004417836666107178,zurich_database_0ovLGU2wBNPYJPZxMDzD7A,1,1,36.189073754874165,0.250772625207901,15.637703895568848,0.0004991319729015231,0.9107443690299988,edge,blur,gradient-magnitude (edge),resnet18,1234,0
amman_query_1_jzc52w72UKyKztvVoygQ,amman_database_21axHEFcyX-1hI673vVgLQ,9,0.8371294140815735,amman_database_5XoaP1Muw6iwIBg_kWYFaQ,0.8487558364868164,-0.01162642240524292,amman_database_5XoaP1Muw6iwIBg_kWYFaQ,0,1,36.065640588416166,0.25077375769615173,16.08852767944336,0.0,0.9575695395469666,edge,blur,gradient-magnitude (edge),resnet18,1234,0
boston_query_-NUm2lI2JYWeHZ6lrL2eZA,boston_database_1k4pbpEWBwA9ojuy58J9oA,402,0.8024060726165771,boston_database_8HHQdrjX8DjIjAqQPboj1w,0.8800981640815735,-0.07769209146499634,boston_database_8HHQdrjX8DjIjAqQPboj1w,0,0,36.122587329158584,0.2507752776145935,15.878944396972656,0.0,0.7441015243530273,edge,blur,gradient-magnitude (edge),resnet18,1234,0
cph_query_-JMzfm4NuuBt61JuZ2sggw,cph_database_GnmXhggJe8xMxqzz3lDdvQ,13,0.8889368772506714,cph_database_3y3f5iC4VbKY3MV83_J6ow,0.908831000328064,-0.019894123077392578,cph_database_3y3f5iC4VbKY3MV83_J6ow,0,0,36.59059591128837,0.25077125430107117,14.256757736206055,0.08349066972732544,0.9355595111846924,edge,blur,gradient-magnitude (edge),resnet18,1234,0
london_query_-u8BrzndSdD1lHKeeOwN1A,london_database_0lYDTfjiFald7StHlzc7LA,4,0.774303674697876,london_database_-QKK8oyA3lo4YfRSEG7GEA,0.8377915024757385,-0.06348782777786255,london_database_-QKK8oyA3lo4YfRSEG7GEA,1,1,36.08232040418598,0.25077325105667114,16.02685546875,0.0,0.7784385681152344,edge,blur,gradient-magnitude (edge),resnet18,1234,0
manila_query_-QvNwUfMuYwx4zaJzG9hHA,manila_database_1ULE4xvSijSoRfTvGRP7sw,4,0.8381311893463135,manila_database_1dnSzIXjYwmrU2skXfu44w,0.8466489315032959,-0.008517742156982422,manila_database_1dnSzIXjYwmrU2skXfu44w,1,1,36.135666397314395,0.250762015581131,15.831195831298828,0.0010742187732830644,0.7029266357421875,edge,blur,gradient-magnitude (edge),resnet18,1234,0
nairobi_query_2hMXkBjbWEdGXSh4zxGVeg,nairobi_database_sdOwr6EP_lMNed-ifk5ajw,1,0.8622405529022217,london_database_5IRNPW1nCWJZvtLiIadcmQ,0.8550733327865601,0.007167220115661621,nairobi_database_sdOwr6EP_lMNed-ifk5ajw,1,1,36.089922191202234,0.250772088766098,15.99882698059082,7.052951696095988e-05,0.8719988465309143,edge,blur,gradient-magnitude (edge),resnet18,1234,0
toronto_query_-FRsj6TVpdbM-sdJNwZZbw,toronto_database_0Xd5A1HQH8R9fdiXX-PmOg,8,0.8408716320991516,london_database_8pfnISpuJMiyPo4lVAKOXg,0.8506211042404175,-0.00974947214126587,london_database_8pfnISpuJMiyPo4lVAKOXg,0,1,36.29781240717382,0.25077587366104126,15.251028060913086,0.03174370527267456,0.8826507925987244,edge,blur,gradient-magnitude (edge),resnet18,1234,0
zurich_query_0FEApLaNMLno1PTABlbYyQ,zurich_database_2fkYXNWl6R0rCSGjN50rTw,12,0.8564012050628662,zurich_database_5EBjYZoNQsB323r5P6H-HQ,0.8815563917160034,-0.025155186653137207,zurich_database_5EBjYZoNQsB323r5P6H-HQ,0,0,36.13664470407889,0.2507712244987488,15.827630043029785,2.1701389414374717e-05,0.8299829959869385,edge,blur,gradient-magnitude (edge),resnet18,1234,0
amman_query_1jA0_v7p_4KHVbia4DG7Bw,amman_database_y0_g5xBV2w8LvSAsmmcGkA,1,0.8764867782592773,amman_database_4HweOdtWyPL5-ObJ3UA8_Q,0.8753387928009033,0.0011479854583740234,amman_database_y0_g5xBV2w8LvSAsmmcGkA,1,1,36.071383646571455,0.2507708966732025,16.0672664642334,0.0,0.7249868512153625,edge,blur,gradient-magnitude (edge),resnet18,1234,0
boston_query_-O6nZhSO0Cgq4iaZ522K2g,boston_database_3P1WaxWwRrQiD9YZuzzi2g,6,0.8761793375015259,boston_database_0nVucTiqCktiYWTPaBpNcw,0.8826074600219727,-0.006428122520446777,boston_database_0nVucTiqCktiYWTPaBpNcw,0,1,36.094100431033084,0.250769704580307,15.983442306518555,0.00047743055620230734,0.8409566283226013,edge,blur,gradient-magnitude (edge),resnet18,1234,0
cph_query_-MUw194v9r5C1394mci6-A,cph_database_19tTTG0Ar7aoezd6JSsYqw,7,0.7853059768676758,toronto_database_54RfgFEB0Y2p79jKww7EoA,0.8089166879653931,-0.023610711097717285,toronto_database_54RfgFEB0Y2p79jKww7EoA,0,1,36.16765417833891,0.25077441334724426,15.715020179748535,0.011149088852107525,0.7183337211608887,edge,blur,gradient-magnitude (edge),resnet18,1234,0
london_query_-vkja3p0MzaoZlQOooT-YQ,london_database_TlgZJTCWCnxf-QDzfZ8pKw,21,0.7432041168212891,zurich_database_A7Y3Ah31a1X_Bh7UZS5KIA,0.7855075597763062,-0.04230344295501709,zurich_database_A7Y3Ah31a1X_Bh7UZS5KIA,0,0,36.08251629545411,0.2507742941379547,16.026132583618164,0.0,0.7915812730789185,edge,blur,gradient-magnitude (edge),resnet18,1234,0
manila_query_-RZzhLSoiUGq-PShtIhzxw,manila_database_6-Ge4mVQgHummzC1udZtig,118,0.8316465020179749,manila_database_4SNN_Q1-Ov_UDR1inHM2mg,0.8783992528915405,-0.046752750873565674,manila_database_4SNN_Q1-Ov_UDR1inHM2mg,0,0,36.080956129614066,0.25076591968536377,16.031890869140625,0.0,0.8633277416229248,edge,blur,gradient-magnitude (edge),resnet18,1234,0
nairobi_query_2wqDKqSdeRPYg6X996gZ0w,nairobi_database_nyVKbHXQsaO_16tlW_NLag,26,0.8101385831832886,toronto_database_2-TSX-JXY2BGHtXb-ZXXGA,0.8380404710769653,-0.027901887893676758,toronto_database_2-TSX-JXY2BGHtXb-ZXXGA,0,0,36.06962854701773,0.25076690316200256,16.073760986328125,0.0,0.8958786725997925,edge,blur,gradient-magnitude (edge),resnet18,1234,0
toronto_query_-FohtR51AFcyGSLgiTdXzw,toronto_database_NwuTd3bjEH301IgdZTgweg,1,0.9081491231918335,zurich_database_0xDpDYmaqAvDwfmwyFRFZw,0.8279412984848022,0.08020782470703125,toronto_database_NwuTd3bjEH301IgdZTgweg,1,1,36.4770707007531,0.25076937675476074,14.634345054626465,0.05553385242819786,0.7586599588394165,edge,blur,gradient-magnitude (edge),resnet18,1234,0
zurich_query_0I7IdNKcKWGXL-wmkUdx2A,zurich_database_2qMg3M2xPeakuUyMVtxqhw,10,0.8594120740890503,zurich_database_NasE77S9sgnm7re_4N6NLQ,0.8822038173675537,-0.022791743278503418,zurich_database_NasE77S9sgnm7re_4N6NLQ,0,1,36.142642596387255,0.25077173113822937,15.8057861328125,0.002338324673473835,0.7908833622932434,edge,blur,gradient-magnitude (edge),resnet18,1234,0
amman_query_1n6vx0uExn56MfvA6toRJw,amman_database_2_NNnfq-ucbh4wN64ndIOg,27,0.8274071216583252,amman_database_05LOmHGrixSS8Fy53PaSlA,0.856177568435669,-0.02877044677734375,amman_database_05LOmHGrixSS8Fy53PaSlA,0,0,36.074947572169414,0.2507709562778473,16.054086685180664,0.00010850694525288418,0.9222521781921387,edge,blur,gradient-magnitude (edge),resnet18,1234,0
boston_query_-OEJzVyBJiypLsHkeOqxKn,boston_database_0ZuEuJjkajztnI_h9TmMdw,90,0.6793830394744873,boston_database_7rFCRWZcIOOVxmE-Sp35ce,0.7282087206840515,-0.04882568120956421,boston_database_7rFCRWZcIOOVxmE-Sp35ce,0,0,36.09873403482534,0.2507677376270294,15.966398239135742,0.0013834635028615594,0.7980562448501587,edge,blur,gradient-magnitude (edge),resnet18,1234,0
cph_query_-Mwdj8AXbTR5wrPmQKRbhQ,cph_database_zVHbyrE_K3-IKJ0ipgM0MQ,1,0.881987452507019,cph_database_4fRiD2XwkIuoyZ7zhTtQcg,0.8695392608642578,0.01244819164276123,cph_database_zVHbyrE_K3-IKJ0ipgM0MQ,1,1,36.06530902440825,0.250776082277298,16.08975601196289,0.0,0.8778373599052429,edge,blur,gradient-magnitude (edge),resnet18,1234,0
london_query_-wX-mY4F2ewX9tlr1_JTbw,london_database_pm0TyAnWqr0mweZ2H9ysqA,154,0.7923693656921387,zurich_database_59tIMeF3OEbebki90DbpqQ,0.8457702994346619,-0.05340093374252319,zurich_database_59tIMeF3OEbebki90DbpqQ,0,0,36.103281699980336,0.25077179074287415,15.949687957763672,0.0,0.7801818251609802,edge,blur,gradient-magnitude (edge),resnet18,1234,0
manila_query_-SSrBkppXcUPQnmvRyEZaA,manila_database_4QbHIMMPSjC_7k7p5de8Rw,994,0.7224278450012207,boston_database_JS8N7enRfmX_RvSbYxuZ-w,0.8343578577041626,-0.1119300127029419,boston_database_JS8N7enRfmX_RvSbYxuZ-w,0,0,36.133174137098536,0.2507688105106354,15.840283393859863,0.0,0.7315972447395325,edge,blur,gradient-magnitude (edge),resnet18,1234,0
nairobi_query_32eRlu6tx-Q_LzhBd8iTQA,nairobi_database_-IYoNK7nzPDI7EvCdWxXdA,2,0.83318030834198,nairobi_database_8EpNpg4GR6Luc8vhHaWjNQ,0.8353539109230042,-0.00217360258102417,nairobi_database_8EpNpg4GR6Luc8vhHaWjNQ,1,1,36.07050008048941,0.2507694661617279,16.07053565979004,0.0,0.8893780708312988,edge,blur,gradient-magnitude (edge),resnet18,1234,0
toronto_query_-HBbI6fcMz-R3CyduFEoDg,toronto_database_CWhhGABh_1Ay7enNEWa18A,259,0.8095847368240356,boston_database_6pdbP0sKU8JHAPzlRapTnA,0.8788533210754395,-0.06926858425140381,boston_database_6pdbP0sKU8JHAPzlRapTnA,0,0,36.081631495315605,0.2507748007774353,16.02939796447754,0.00017903646221384406,0.9308679699897766,edge,blur,gradient-magnitude (edge),resnet18,1234,0
zurich_query_0IZVsW_UPLzI_vUm51hEMQ,zurich_database_-xoGjs74KfYOoct0Gs2DIA,1,0.9002475738525391,cph_database_2rKxHXn7cIxfqE0ZHGpKDA,0.872607946395874,0.02763962745666504,zurich_database_-xoGjs74KfYOoct0Gs2DIA,1,1,36.126756399846506,0.2507708966732025,15.86370849609375,2.7126736313221045e-05,0.8735356330871582,edge,blur,gradient-magnitude (edge),resnet18,1234,0
amman_query_1qMrYvXqBvZDS0XUd5cEtg,amman_database_0_6NexYlb_kdiKi7TvESPg,10,0.8408122062683105,amman_database_43JYR1VNKPHOGXpiIZiDDQ,0.8673446774482727,-0.026532471179962158,amman_database_43JYR1VNKPHOGXpiIZiDDQ,0,1,36.067197321205974,0.25076672434806824,16.082761764526367,0.0,0.8689225316047668,edge,blur,gradient-magnitude (edge),resnet18,1234,0
boston_query_-OlQhKn0bS9eZTkeJL6ovw,boston_database_38Y_41BXumwMqYfKhvv7fg,1,0.928224503993988,cph_database_-KAefx5jXE6aiSh55lkTQA,0.8907743692398071,0.03745013475418091,boston_database_38Y_41BXumwMqYfKhvv7fg,1,1,36.173858713883995,0.2507748007774353,15.692584991455078,0.0,0.7745190262794495,edge,blur,gradient-magnitude (edge),resnet18,1234,0
cph_query_-N9mbKdWcHyUUsU1379EgA,cph_database_2XEdU3NtFhDPOpPhkEUJ9A,1,0.9018187522888184,cph_database_m8v7yRzg-Ahnt8itIkwjQA,0.8882061243057251,0.013612627983093262,cph_database_2XEdU3NtFhDPOpPhkEUJ9A,1,1,36.65936594742813,0.25077173113822937,14.032781600952148,0.07277560979127884,0.8841130137443542,edge,blur,gradient-magnitude (edge),resnet18,1234,0
london_query_02vfV_A3zc1S9Akd07xuEA,london_database_5WNMf83lEkdk5BdkSRSDtg,48,0.7979960441589355,manila_database_1ULE4xvSijSoRfTvGRP7sw,0.8600989580154419,-0.06210291385650635,manila_database_1ULE4xvSijSoRfTvGRP7sw,0,0,36.22566463704831,0.2507646977901459,15.50650405883789,0.009033203125,0.6396560668945312,edge,blur,gradient-magnitude (edge),resnet18,1234,0
manila_query_-Tmeby1UCsrkKNvVnN7L5g,manila_database_2WJfamXG-nhtpE-tmM8Stg,588,0.776762068271637,manila_database_-z7DfYZSWWxPbr9oCG6mHg,0.8917149901390076,-0.1149529218673706,manila_database_-z7DfYZSWWxPbr9oCG6mHg,0,0,36.27719667373627,0.2507665455341339,15.323596000671387,0.01627061702311039,0.8372289538383484,edge,blur,gradient-magnitude (edge),resnet18,1234,0
nairobi_query_37RDt83nGFaZl6CPpzqlTw,nairobi_database_oirj6l2hFO_qSK3Qd_kv3A,4,0.8480368852615356,zurich_database_dc10RRbQNpdUphjhxUxjXQ,0.8654241561889648,-0.0173872709274292,zurich_database_dc10RRbQNpdUphjhxUxjXQ,1,1,36.27552986899685,0.2507769465446472,15.32947826385498,0.013883463107049465,0.855435311794281,edge,blur,gradient-magnitude (edge),resnet18,1234,0
toronto_query_-IlXU6r8OSJejg6wnFTYMQ,toronto_database_5aWw0U2TNn5AVHibAzaoZA,379,0.7760288715362549,amman_database_36lvaYDrOYq6NEmT7jTvCA,0.8482599854469299,-0.07223111391067505,amman_database_36lvaYDrOYq6NEmT7jTvCA,0,0,36.07241745117947,0.2507692873477936,16.06344223022461,0.0,0.9359729886054993,edge,blur,gradient-magnitude (edge),resnet18,1234,0
zurich_query_0Ky7pgdILHyYlzjahHNGZg,zurich_database_STP8AxkRaxj1ZtlqTW7Tng,1002,0.7495758533477783,zurich_database_b1fafYqxlKXQcwQsy8LFhQ,0.8638153076171875,-0.11423945426940918,zurich_database_b1fafYqxlKXQcwQsy8LFhQ,0,0,36.20438561153368,0.2507728040218353,15.582667350769043,7.595486385980621e-05,0.8047348260879517,edge,blur,gradient-magnitude (edge),resnet18,1234,0
amman_query_1rZerb0T7z_1E7yKfEBCtA,amman_database_151zMheq8vPIGSfBTFm2Kg,1,0.8942503929138184,cph_database_1u4g-jytkKkCS9FSYeRYFg,0.8738935589790344,0.020356833934783936,amman_database_151zMheq8vPIGSfBTFm2Kg,1,1,36.09030198280618,0.2507724463939667,15.997427940368652,0.0,0.907331645488739,edge,blur,gradient-magnitude (edge),resnet18,1234,0
boston_query_-Phryua7d1FHhpGGfaEGcg,boston_database_78u2Kg0sOFDh-cEtTGxV4g,93,0.8068950176239014,toronto_database_65TgH2dRYqdjE8DO_lI1nA,0.8573669791221619,-0.0504719614982605,toronto_database_65TgH2dRYqdjE8DO_lI1nA,0,0,36.12617448337617,0.2507748007774353,15.86583423614502,0.0005208333604969084,0.7799555659294128,edge,blur,gradient-magnitude (edge),resnet18,1234,0
cph_query_-PRZAb6qxjSdDqzgOekgbg,cph_database_SOFbS68m4Uymr1Fx8T7pfA,1,0.931816816329956,cph_database_66FG2WBZ0uryfVrfciCf3g,0.9234985113143921,0.008318305015563965,cph_database_SOFbS68m4Uymr1Fx8T7pfA,1,1,36.086189729729426,0.25077155232429504,16.012582778930664,0.0,0.8192288875579834,edge,blur,gradient-magnitude (edge),resnet18,1234,0
london_query_039iugtZTFguj-7UQyc-wg,london_database_6EyMYAlUTVXirk-_riGtMw,3,0.8646551370620728,toronto_database_56iBHZd-TMgGB2qH3GyhWQ,0.8698751926422119,-0.00522005558013916,toronto_database_56iBHZd-TMgGB2qH3GyhWQ,1,1,36.759626752200695,0.25077325105667114,13.712532997131348,0.11650390923023224,0.8291183114051819,edge,blur,gradient-magnitude (edge),resnet18,1234,0
manila_query_-TrGJy3CeaXApOffGndlqg,manila_database_RVGHJ_kwPSkBRuD7ASZs2w,54,0.8353064656257629,toronto_database_7iysBerUISRHtFS0RUVgTg,0.8833677172660828,-0.048061251640319824,toronto_database_7iysBerUISRHtFS0RUVgTg,0,0,36.20127615621002,0.2507690489292145,15.593828201293945,9.765625145519152e-05,0.7677621245384216,edge,blur,gradient-magnitude (edge),resnet18,1234,0
nairobi_query_38y5DGnb1BCdL2r_1MWELg,nairobi_database_1oH8UP6Fw5pq60tdS75mZA,224,0.812808632850647,boston_database_DU3FJGAh3PrB45a580xbGg,0.8755191564559937,-0.06271052360534668,boston_database_DU3FJGAh3PrB45a580xbGg,0,0,36.212961892814164,0.2507737874984741,15.551925659179688,0.01838650181889534,0.9295863509178162,edge,blur,gradient-magnitude (edge),resnet18,1234,0
toronto_query_-Iyv6ydukEfueu-CphPhwg,toronto_database_QvBYzxBwTHFji7ov5NaBZg,6,0.8719791173934937,toronto_database_-C42seTAv_ysnP57NggKvQ,0.8900315165519714,-0.018052399158477783,toronto_database_-C42seTAv_ysnP57NggKvQ,0,1,36.44327036096512,0.250772625207901,14.748685836791992,0.03834092989563942,0.8624547123908997,edge,blur,gradient-magnitude (edge),resnet18,1234,0
zurich_query_0PrObi7NiUNPMe7_RDu2Ng,zurich_database_0-4m0jPfiQAHj2iyda31pw,418,0.8040109872817993,cph_database_6fnBKZ5y6JLHZ30W5ZJgRg,0.8667369484901428,-0.0627259612083435,cph_database_6fnBKZ5y6JLHZ30W5ZJgRg,0,0,36.07542693954318,0.2507740557193756,16.05231475830078,0.0,0.859258770942688,edge,blur,gradient-magnitude (edge),resnet18,1234,0
amman_query_1uJbVMOMqlPVx4GYc2BgOA,amman_database_0hac8mu5ycMC2Hk2ZSugEA,118,0.8036521673202515,amman_database_5XoaP1Muw6iwIBg_kWYFaQ,0.8743754029273987,-0.07072323560714722,amman_database_5XoaP1Muw6iwIBg_kWYFaQ,0,0,36.06574819770425,0.25077494978904724,16.0881290435791,0.0,0.9625998735427856,edge,blur,gradient-magnitude (edge),resnet18,1234,0
boston_query_-Ptt76cqL8Ath-qW7aRUQw,boston_database_7HcTfh47QT4obAZWMTF51g,1,0.9202483296394348,boston_database_12Ya4kVxzxlLT8np7jwO8g,0.889386773109436,0.03086155652999878,boston_database_7HcTfh47QT4obAZWMTF51g,1,1,36.06824506983179,0.25078409910202026,16.078882217407227,0.0,0.8885301351547241,edge,blur,gradient-magnitude (edge),resnet18,1234,0
cph_query_-Q4-mvnV6y-0yK62OXn-1w,cph_database_W6cBNF7gJ7pMMXb05Ha35w,622,0.7921291589736938,boston_database_7sEinu-9Cmc8M88D9wksJQ,0.86647629737854,-0.07434713840484619,boston_database_7sEinu-9Cmc8M88D9wksJQ,0,0,36.098170385509505,0.25078073143959045,15.968470573425293,0.002300347201526165,0.8966733813285828,edge,blur,gradient-magnitude (edge),resnet18,1234,0
london_query_03BhnvDRczArNBQm0Qu0tQ,london_database_-KllgLWsRIVVuyA7QkCdOQ,1,0.9011490345001221,boston_database_2jaLppu9UUtqnB_R7_iffQ,0.883938729763031,0.017210304737091064,london_database_-KllgLWsRIVVuyA7QkCdOQ,1,1,36.14328018754405,0.2507767081260681,15.803465843200684,0.0069335936568677425,0.8291637301445007,edge,blur,gradient-magnitude (edge),resnet18,1234,0
manila_query_-Tvw2ZcjPmZrmxcJ3PNHwQ,manila_database_5rjFma7r9oUAgRgPi5J3PA,1,0.8606972098350525,manila_database_X5Z3xQtFj8uK9BxW3gEhjA,0.8564586639404297,0.004238545894622803,manila_database_5rjFma7r9oUAgRgPi5J3PA,1,1,36.08687004900199,0.2507663667201996,16.010074615478516,0.0,0.6793922781944275,edge,blur,gradient-magnitude (edge),resnet18,1234,0
nairobi_query_3BfqchD1dC_R_VKSm6NXMQ,nairobi_database_NoG9ZUE9lu8WisRacbbNUw,60,0.8106292486190796,amman_database_-EkOPrVh-NFmrWU-lmlIgg,0.8566999435424805,-0.04607069492340088,amman_database_-EkOPrVh-NFmrWU-lmlIgg,0,0,36.06641502283968,0.2507769465446472,16.08565902709961,0.0,0.8846352696418762,edge,blur,gradient-magnitude (edge),resnet18,1234,0
toronto_query_-J6MOLqIZtzsA-CH6ie5Cg,toronto_database_1WdiWBos0oqn5_fQPeL4zw,36,0.8261330127716064,toronto_database_4u5iuDYlmff6eOykSBG4Aw,0.8821726441383362,-0.056039631366729736,toronto_database_4u5iuDYlmff6eOykSBG4Aw,0,0,36.16323004469426,0.2507776916027069,15.731037139892578,0.00334201380610466,0.7631028294563293,edge,blur,gradient-magnitude (edge),resnet18,1234,0
zurich_query_0Spj-pWISRRStxENII8G4A,zurich_database_0uWVHZUW5HQ32MHmFTyCdA,84,0.8108739256858826,zurich_database_YGIjEJvmaiwIZgeDxBD4qg,0.8559010028839111,-0.045027077198028564,zurich_database_YGIjEJvmaiwIZgeDxBD4qg,0,0,36.112417884052256,0.2507735788822174,15.916170120239258,0.0,0.7786581516265869,edge,blur,gradient-magnitude (edge),resnet18,1234,0
amman_query_23YO5CD18Cg_wG_ZhqhbQQ,amman_database_7UkylzqcXiAtWBdc7gRXug,136,0.7698227167129517,zurich_database_3CheeIU37UA57000lgsiQQ,0.8489174246788025,-0.07909470796585083,zurich_database_3CheeIU37UA57000lgsiQQ,0,0,36.06545266471388,0.2507737874984741,16.089223861694336,0.0,0.9760047793388367,edge,blur,gradient-magnitude (edge),resnet18,1234,0
boston_query_-RyJCN_Rrfvr2l9jqadkcQ,boston_database_3e5lgkvXoFUyKK9bhRryrw,1,0.8501997590065002,manila_database_3ED-M6yl_Y4YZkenDNv49Q,0.8193553686141968,0.030844390392303467,boston_database_3e5lgkvXoFUyKK9bhRryrw,1,1,36.29075780643521,0.25077763199806213,15.275821685791016,0.00045572916860692203,0.9273456335067749,edge,blur,gradient-magnitude (edge),resnet18,1234,0
cph_query_-Q7samX2RjJwU9xiKFxpug,cph_database_t-GBg6pL3mp0VntecXrZmQ,1,0.8784109950065613,london_database_-Qdmap1phq90_n3jeXQWuQ,0.8665452003479004,0.011865794658660889,cph_database_t-GBg6pL3mp0VntecXrZmQ,1,1,36.08899084564507,0.2507736384868622,16.00225830078125,0.0,0.743160605430603,edge,blur,gradient-magnitude (edge),resnet18,1234,0
london_query_03VxrSUHoB-y1D50kXwi8g,london_database_1E751fa5IFU6_Pkl6cWp-w,1,0.8539669513702393,manila_database_-dbGwwBuXxUQWhflFrCkIQ,0.7940018177032471,0.05996513366699219,london_database_1E751fa5IFU6_Pkl6cWp-w,1,1,36.08117004434003,0.2507758140563965,16.03110122680664,0.0,0.8441512584686279,edge,blur,gradient-magnitude (edge),resnet18,1234,0
manila_query_-WlvwRIHM8K9xtN_z0FAGg,manila_database_-dbGwwBuXxUQWhflFrCkIQ,6,0.8456231355667114,manila_database_562jgjEtbznkZO2Ul4TSTw,0.8529077768325806,-0.007284641265869141,manila_database_562jgjEtbznkZO2Ul4TSTw,0,1,36.077507047015615,0.25077787041664124,16.044628143310547,0.0,0.8437162041664124,edge,blur,gradient-magnitude (edge),resnet18,1234,0
nairobi_query_3Rln3I-knaHBGe7xAH2I_Q,nairobi_database_85hy0nl7RdAo-LuFlJFqMA,51,0.8341473340988159,nairobi_database_5nj9SryW0zrvMpEtOd9gjg,0.8780062794685364,-0.04385894536972046,nairobi_database_5nj9SryW0zrvMpEtOd9gjg,0,0,36.07037534409968,0.2507745623588562,16.07099723815918,0.0,0.9214799404144287,edge,blur,gradient-magnitude (edge),resnet18,1234,0
toronto_query_-JY9Ip12RNDaK_geCga4LA,toronto_database_2t0xTT1EnuQR8PQInCMxyg,70,0.8160630464553833,zurich_database_0frF5uO4t4sUzdQYxRNhyg,0.8586108088493347,-0.042547762393951416,zurich_database_0frF5uO4t4sUzdQYxRNhyg,0,0,36.099960153373864,0.25076818466186523,15.961891174316406,2.1701389414374717e-05,0.8037385940551758,edge,blur,gradient-magnitude (edge),resnet18,1234,0
zurich_query_0UfO0g5oR-GfH12twjOIuw,zurich_database_8Yl1_ujecMFymI-XO98zrA,101,0.8260469436645508,boston_database_05fK3jja3iIAa1c1-HiGvA,0.8658154010772705,-0.03976845741271973,boston_database_05fK3jja3iIAa1c1-HiGvA,0,0,36.065304905759874,0.2507748007774353,16.089771270751953,0.0,0.6619044542312622,edge,blur,gradient-magnitude (edge),resnet18,1234,0
amman_query_27ZYHE_-tdmKbq7gUW9ECA,amman_database_0ugNILZPtpQGFYzyHrZHow,1,0.8832075595855713,amman_database_dhvis9SvxQH-844ETKFegg,0.8740928173065186,0.009114742279052734,amman_database_0ugNILZPtpQGFYzyHrZHow,1,1,36.07120423821364,0.2507760226726532,16.067930221557617,5.425347353593679e-06,0.9308210015296936,edge,blur,gradient-magnitude (edge),resnet18,1234,0
boston_query_-TMAMMmIqQ4AQA3YI-YOHg,boston_database_2jaLppu9UUtqnB_R7_iffQ,47,0.8489006757736206,boston_database_5DXsBlIFBUtXLlTp0CxTNg,0.8911138772964478,-0.04221320152282715,boston_database_5DXsBlIFBUtXLlTp0CxTNg,0,0,36.073283355224746,0.25077641010284424,16.060239791870117,0.0,0.8102436661720276,edge,blur,gradient-magnitude (edge),resnet18,1234,0
cph_query_-R9cTkYMNbXlglFeWCXtMg,cph_database_6CANlvoIvwlMpdsIrbbUmA,288,0.7482503652572632,london_database_JeQXfjTo6VURMPAXsqqrqw,0.8167555928230286,-0.06850522756576538,london_database_JeQXfjTo6VURMPAXsqqrqw,0,0,36.11340528268408,0.25077587366104126,15.912551879882812,0.0028211805038154125,0.923240065574646,edge,blur,gradient-magnitude (edge),resnet18,1234,0
london_query_06tRsqVA7nx5PgabbPdu4w,london_database_8oJp9gkV9I-ecdzy_xlL5Q,17,0.8378913402557373,zurich_database_8zRWksEUpiBcg5wZdt3FJA,0.8598620295524597,-0.021970689296722412,zurich_database_8zRWksEUpiBcg5wZdt3FJA,0,0,36.16354757868824,0.25077152252197266,15.729887008666992,0.000244140625,0.7945062518119812,edge,blur,gradient-magnitude (edge),resnet18,1234,0
manila_query_-WuLHZxOTWuUgVSb36RTng,manila_database_4BMA9NPJR2DEj-BV8vofkQ,177,0.8244326710700989,manila_database_-A6IKNhOfbqGrOLNdvFoTQ,0.8783057928085327,-0.05387312173843384,manila_database_-A6IKNhOfbqGrOLNdvFoTQ,0,0,36.0884012865234,0.25077489018440247,16.004430770874023,0.0,0.751043438911438,edge,blur,gradient-magnitude (edge),resnet18,1234,0
nairobi_query_3Thql5xEy0LYu4bdux1icw,nairobi_database_XdvgQAdvS4ZnbRq1lFmPvA,100,0.7990349531173706,amman_database_29z1w1EW9-qTj7neMnnIig,0.8532379865646362,-0.054203033447265625,amman_database_29z1w1EW9-qTj7neMnnIig,0,0,36.067562510686926,0.250768780708313,16.081409454345703,0.0,0.8788310289382935,edge,blur,gradient-magnitude (edge),resnet18,1234,0
toronto_query_-K6Ci0V3ZYp50_DrMghntA,toronto_database_32HjBsZIg9KBY3sH3tvwvQ,1,0.8852438926696777,zurich_database_0r57m1gsoV4j_t4xOqtL7A,0.8786435723304749,0.006600320339202881,toronto_database_32HjBsZIg9KBY3sH3tvwvQ,1,1,36.13968228668989,0.25076574087142944,15.816563606262207,0.0010253905784338713,0.6318619847297668,edge,blur,gradient-magnitude (edge),resnet18,1234,0
zurich_query_0W_6dskxdNPlCJnX9EhmZA,zurich_database_5f1hTe74Mx_VNoUpaIkjfw,6,0.8682703971862793,cph_database_4BdWO7YCXasxr90wTqDpDw,0.8839883208274841,-0.015717923641204834,cph_database_4BdWO7YCXasxr90wTqDpDw,0,1,36.094156143876724,0.25077205896377563,15.983237266540527,0.0,0.870447039604187,edge,blur,gradient-magnitude (edge),resnet18,1234,0
amman_query_29zY5U3MUbO3wTjTTKF93w,amman_database_4JYN6Wp8p1aN_2b6dP1Yyw,1,0.909871518611908,amman_database_Ld8UF_WG7d620clwmhmA7w,0.8845059871673584,0.02536553144454956,amman_database_4JYN6Wp8p1aN_2b6dP1Yyw,1,1,36.06973470909701,0.2507775127887726,16.073368072509766,0.0,0.8625780344009399,edge,blur,gradient-magnitude (edge),resnet18,1234,0
boston_query_-U0JJudMztDrvqfppyEl9A,boston_database_5m0QtO7MYi2ePjCWrxKUdw,6,0.897240161895752,boston_database_6p1zONaTXLWQeJHQx0CIVw,0.9053740501403809,-0.008133888244628906,boston_database_6p1zONaTXLWQeJHQx0CIVw,0,1,36.12400988523026,0.2507745921611786,15.873744010925293,0.0,0.9432064294815063,edge,blur,gradient-magnitude (edge),resnet18,1234,0
cph_query_-To5emQUYvNlwdgB1hEVfQ,cph_database_20p-zC1BqByt8dVNbnKbTw,1,0.9433414936065674,cph_database_-rgalkuRufc_JbNM5Iwadg,0.9223979711532593,0.020943522453308105,cph_database_20p-zC1BqByt8dVNbnKbTw,1,1,36.0652760753306,0.25077399611473083,16.08987808227539,0.0,0.9429388642311096,edge,blur,gradient-magnitude (edge),resnet18,1234,0
london_query_07Mt7j9hZm17z2pXB3QAXA,london_database_1u2_PlPVaHJESTEBZx02nA,1,0.8536150455474854,manila_database_AtwA7nHo3oRCY9gITWUBSw,0.8507527112960815,0.0028623342514038086,london_database_1u2_PlPVaHJESTEBZx02nA,1,1,36.17124183777598,0.25077658891677856,15.702043533325195,0.0023980033583939075,0.8634880781173706,edge,blur,gradient-magnitude (edge),resnet18,1234,0
manila_query_-YADzGuflGFk0TrwgbgGQA,manila_database_-_fVELmr5tiTkS-ovuUqwg,6,0.8080414533615112,london_database_JeQXfjTo6VURMPAXsqqrqw,0.8183892965316772,-0.010347843170166016,london_database_JeQXfjTo6VURMPAXsqqrqw,0,1,36.11797616141797,0.2507766783237457,15.89581298828125,0.0035536023788154125,0.812785804271698,edge,blur,gradient-magnitude (edge),resnet18,1234,0
nairobi_query_3VEngLiRuIRlzTCHOPvAqA,nairobi_database_L7HQ20CuWeW1lZ721bPiYw,3,0.8495855927467346,manila_database_6CriQ2VRKNW4LDL6gxn3zQ,0.8624222874641418,-0.012836694717407227,manila_database_6CriQ2VRKNW4LDL6gxn3zQ,1,1,36.20083262320074,0.25077325105667114,15.595420837402344,0.01927083358168602,0.9511623382568359,edge,blur,gradient-magnitude (edge),resnet18,1234,0
toronto_query_-KU5g574x3Cah05LVtG_Pw,toronto_database_04B1WEjVCa37yCDuNHwrMg,839,0.767392635345459,toronto_database_3TTFiJMjq1nelldiHvqxHQ,0.8748852610588074,-0.10749262571334839,toronto_database_3TTFiJMjq1nelldiHvqxHQ,0,0,36.07911917026007,0.2507772445678711,16.038673400878906,0.0,0.8919313549995422,edge,blur,gradient-magnitude (edge),resnet18,1234,0
zurich_query_0YqWIRNZbPyTmppf5ZjyMw,zurich_database_20lehOgt_qjfnJpaXFVAWQ,1,0.8760154247283936,zurich_database_5EBjYZoNQsB323r5P6H-HQ,0.8647403717041016,0.011275053024291992,zurich_database_20lehOgt_qjfnJpaXFVAWQ,1,1,36.1352768628415,0.2507707476615906,15.832615852355957,0.0004665798624046147,0.892387330532074,edge,blur,gradient-magnitude (edge),resnet18,1234,0
amman_query_2E9XDGy6VTetR1O15tILdw,amman_database_5ymzd7ILNCKrAYOn-vJkbg,2,0.861260175704956,amman_database_7UkylzqcXiAtWBdc7gRXug,0.8727362155914307,-0.01147603988647461,amman_database_7UkylzqcXiAtWBdc7gRXug,1,1,36.06530645025256,0.25077709555625916,16.089765548706055,0.0,0.8885783553123474,edge,blur,gradient-magnitude (edge),resnet18,1234,0
boston_query_-U_cmO4sMoYmoNbCPpMXWw,boston_database_JS8N7enRfmX_RvSbYxuZ-w,218,0.7881785035133362,boston_database_4-6a8GKWz64mtfMPWnN3-w,0.8652708530426025,-0.07709234952926636,boston_database_4-6a8GKWz64mtfMPWnN3-w,0,0,36.25983742208576,0.2507750689983368,15.384968757629395,0.013264973647892475,0.846301794052124,edge,blur,gradient-magnitude (edge),resnet18,1234,0
cph_query_-UByBh5hYhNn4_dsHy73aA,cph_database_3POXmtmhwFom_z6e6wJgVA,1,0.8448983430862427,toronto_database_2Ihd0xAnt_t5tUzeKVnzeQ,0.8307777643203735,0.01412057876586914,cph_database_3POXmtmhwFom_z6e6wJgVA,1,1,36.09264515378958,0.2507711946964264,15.988799095153809,0.0,0.8065323829650879,edge,blur,gradient-magnitude (edge),resnet18,1234,0
london_query_07oSFXlZ9SfPsHwsEZQFtA,london_database_7hadEPdEI2MGW7SMcZDBUA,31,0.8272644281387329,london_database_f9ng8k9Ngt4UWja_a-mjaw,0.877678394317627,-0.05041396617889404,london_database_f9ng8k9Ngt4UWja_a-mjaw,0,0,36.09657295522404,0.25076475739479065,15.974345207214355,0.002132161520421505,0.7361668348312378,edge,blur,gradient-magnitude (edge),resnet18,1234,0
manila_query_-YswrllPgEq1Q_LYD0mD0A,manila_database_3C699pIkBPbDTfkzbBV0CA,124,0.8166916370391846,manila_database_YAr_6aQgtNVbe7GhT70obQ,0.8796991109848022,-0.06300747394561768,manila_database_YAr_6aQgtNVbe7GhT70obQ,0,0,36.27312348097013,0.25077196955680847,15.337974548339844,0.0,0.781333327293396,edge,blur,gradient-magnitude (edge),resnet18,1234,0
nairobi_query_3sAf0a7Z9MFOX5NACNEfkA,nairobi_database_dM7fC2AkybfrCZcjVXnR5A,4,0.8506613373756409,london_database_JeQXfjTo6VURMPAXsqqrqw,0.8572859764099121,-0.00662463903427124,london_database_JeQXfjTo6VURMPAXsqqrqw,1,1,36.25211587041232,0.2507740557193756,15.412346839904785,0.03753797709941864,0.9695232510566711,edge,blur,gradient-magnitude (edge),resnet18,1234,0
toronto_query_-L3Zos1U2E6AA3-ZO_eESA,toronto_database_1IcyRrAFPcVO0igzp_eRrw,43,0.8486162424087524,toronto_database_vHFdoApurhBvoN12-Y0jCA,0.8964041471481323,-0.04778790473937988,toronto_database_vHFdoApurhBvoN12-Y0jCA,0,0,36.275794115404,0.25077542662620544,15.328545570373535,0.012386067770421505,0.8793500661849976,edge,blur,gradient-magnitude (edge),resnet18,1234,0
zurich_query_0eG9-83f-Xafie9_84fDbg,zurich_database_6Tpy6Xxof6fyaFeCZtbsEg,13,0.8403706550598145,zurich_database_JlQZqZETcsktpyAY5mc1pg,0.8587830066680908,-0.018412351608276367,zurich_database_JlQZqZETcsktpyAY5mc1pg,0,0,36.06691971533298,0.2507724463939667,16.083789825439453,0.0,0.7930554747581482,edge,blur,gradient-magnitude (edge),resnet18,1234,0
amman_query_2WNEczYwDdZlHE_2nYlE-A,amman_database_5d98wz6r1vXbvR54pg7gIQ,725,0.7741235494613647,cph_database_L9eWYNDLPVUHOitjad3-fw,0.8519991040229797,-0.07787555456161499,cph_database_L9eWYNDLPVUHOitjad3-fw,0,0,36.06899162903345,0.2507723569869995,16.07611846923828,0.0,0.737859845161438,edge,blur,gradient-magnitude (edge),resnet18,1234,0
boston_query_-VHXaQ_dj_14O-Bcn3u7zA,boston_database_2gTDHoqHum22wo8SKKDWBg,448,0.7895441055297852,manila_database_8utvedK3WjLqNtdaZaP_4A,0.8730300068855286,-0.08348590135574341,manila_database_8utvedK3WjLqNtdaZaP_4A,0,0,36.09317647943557,0.25077536702156067,15.98684310913086,0.0,0.9062809348106384,edge,blur,gradient-magnitude (edge),resnet18,1234,0
cph_query_-UO7OuMXuwPBrMEXSsFhNA,cph_database_6CANlvoIvwlMpdsIrbbUmA,612,0.7233814001083374,boston_database_1busJQOKCp-Qb4SSxC05LQ,0.8240012526512146,-0.1006198525428772,boston_database_1busJQOKCp-Qb4SSxC05LQ,0,0,36.15394494399119,0.2507752478122711,15.764705657958984,0.009640841744840145,0.926683247089386,edge,blur,gradient-magnitude (edge),resnet18,1234,0
london_query_08wp6QepyximP9UuP-ijLg,london_database_53xOo_95yKsUnmy4Fd3PYw,1,0.8597894906997681,boston_database_2HqIYacSD0Jad_3YkpMl1g,0.8574243783950806,0.0023651123046875,london_database_53xOo_95yKsUnmy4Fd3PYw,1,1,36.163013629355724,0.25077369809150696,15.731821060180664,0.0052246092818677425,0.8721688985824585,edge,blur,gradient-magnitude (edge),resnet18,1234,0
manila_query_-Z3CXTi1QhF_Ste8t8vrJA,manila_database_5Ql3xrJt_aAwbVnIi2tr2A,563,0.775213360786438,toronto_database_8aHbQwynhIr0XfyXIGqbdA,0.8739850521087646,-0.09877169132232666,toronto_database_8aHbQwynhIr0XfyXIGqbdA,0,0,36.254645890897365,0.25076785683631897,15.40337085723877,0.01457248255610466,0.8907572627067566,edge,blur,gradient-magnitude (edge),resnet18,1234,0
nairobi_query_3vVoHZDD0-kVhbBxDTYEjw,nairobi_database_ssLyvL_47h4IZogucHeChA,34,0.8393231630325317,cph_database_6FWutZl3fAQcJRG274zWZg,0.8795768022537231,-0.040253639221191406,cph_database_6FWutZl3fAQcJRG274zWZg,0,0,36.3677781326924,0.2507745027542114,15.007299423217773,0.04902886226773262,0.9120271801948547,edge,blur,gradient-magnitude (edge),resnet18,1234,0
toronto_query_-LZN7DIyP80uvFh2O8KVXw,toronto_database_1OKrJwSkMgWLOUyI6mfdmQ,1,0.8969805836677551,cph_database_4LZ9lq4vlaRvdPB9iDhaYA,0.8865107297897339,0.01046985387802124,toronto_database_1OKrJwSkMgWLOUyI6mfdmQ,1,1,36.08309161561388,0.25077325105667114,16.024009704589844,1.627604251552839e-05,0.9002020955085754,edge,blur,gradient-magnitude (edge),resnet18,1234,0
zurich_query_0g61-9tYhD3Y5qh7eiB92g,zurich_database_-F5DDVeGiDZ-hjlDdC345w,1,0.8400231003761292,cph_database_6FWutZl3fAQcJRG274zWZg,0.8306232690811157,0.009399831295013428,zurich_database_-F5DDVeGiDZ-hjlDdC345w,1,1,36.14376165316888,0.25077369809150696,15.801713943481445,0.0054416232742369175,0.882514238357544,edge,blur,gradient-magnitude (edge),resnet18,1234,0
amman_query_2amxr5vdbo4jgViAEELT_Q,amman_database_RybCghn6dxdppOd3XPQXhw,1872,0.6606552600860596,amman_database_3wWJ82WLUpx01TcOoRGJ0A,0.8408219814300537,-0.18016672134399414,amman_database_3wWJ82WLUpx01TcOoRGJ0A,0,0,36.06653192088174,0.25077593326568604,16.08522605895996,0.0,0.9191998839378357,edge,blur,gradient-magnitude (edge),resnet18,1234,0
boston_query_-WNRbaGc8Yukh-LWnRNe5O,boston_database_-Ks6CpNXFqOh9Kttdsa6lw,19,0.8273664712905884,boston_database_0nVucTiqCktiYWTPaBpNcw,0.8464566469192505,-0.01909017562866211,boston_database_0nVucTiqCktiYWTPaBpNcw,0,0,36.2068010072633,0.2507694959640503,15.574003219604492,0.01769205741584301,0.8735341429710388,edge,blur,gradient-magnitude (edge),resnet18,1234,0
cph_query_-V4aUy1yd0AbFfY-xX0BAg,cph_database_32jo92qIsoiPEI021E3-pg,3,0.8773143291473389,cph_database_7GGxDI0rTmq-wJUpv3Lejw,0.8986296653747559,-0.021315336227416992,cph_database_7GGxDI0rTmq-wJUpv3Lejw,1,1,36.13289541928939,0.2507754862308502,15.841300010681152,0.004573567770421505,0.7460598349571228,edge,blur,gradient-magnitude (edge),resnet18,1234,0
london_query_09P-tDZlSTWY4XNCcRZ_-g,london_database_L2btcmPVteWg2tJIPDETLg,10,0.8536480665206909,london_database_3TOMsxS6vQzH3YhtBfDDlw,0.8663556575775146,-0.01270759105682373,london_database_3TOMsxS6vQzH3YhtBfDDlw,0,1,36.16453534735723,0.2507794201374054,15.726309776306152,5.425347353593679e-06,0.9113494753837585,edge,blur,gradient-magnitude (edge),resnet18,1234,0
manila_query_-ZbYcdqL0C0ximLGFEriNA,manila_database_-z7DfYZSWWxPbr9oCG6mHg,169,0.8224366903305054,manila_database_-oBqLjLn5eBTNP9hb48ggA,0.8615870475769043,-0.039150357246398926,manila_database_-oBqLjLn5eBTNP9hb48ggA,0,0,36.1297358639288,0.25076743960380554,15.852828979492188,0.0,0.755303680896759,edge,blur,gradient-magnitude (edge),resnet18,1234,0
nairobi_query_3zSInmaUjlNkUR45dqrSLg,nairobi_database_wbz228P545PFYBpVD8i8XA,72,0.8106801509857178,cph_database_5bN6yjff_s_mmc84IJXTkQ,0.8502520322799683,-0.03957188129425049,cph_database_5bN6yjff_s_mmc84IJXTkQ,0,0,36.27888980554977,0.25077441334724426,15.317623138427734,0.0318739153444767,0.9112327694892883,edge,blur,gradient-magnitude (edge),resnet18,1234,0
toronto_query_-M3eMqHp0OhecS-hoh58aQ,toronto_database_95hPXNJ-rgCIo0awz78Big,124,0.7815316319465637,amman_database_Ld8UF_WG7d620clwmhmA7w,0.8442899584770203,-0.06275832653045654,amman_database_Ld8UF_WG7d620clwmhmA7w,0,0,36.072663950654935,0.25076863169670105,16.062530517578125,0.0,0.9191194772720337,edge,blur,gradient-magnitude (edge),resnet18,1234,0
zurich_query_0gHh8OHgmM804LVr0Ocrag,zurich_database_6UPSS0xP9iCLyj6dGKfFRg,7,0.8966734409332275,cph_database_mM7P8ptP9qs40DDOdxQu6Q,0.9063065052032471,-0.009633064270019531,cph_database_mM7P8ptP9qs40DDOdxQu6Q,0,1,36.06560197329301,0.250773549079895,16.08867073059082,0.0,0.8836215734481812,edge,blur,gradient-magnitude (edge),resnet18,1234,0
amman_query_2ar5B6f1xOYuU4wn7CLEJg,amman_database_Crog-zM-aqzW4UhYaQpBCw,79,0.8218643665313721,amman_database_7UkylzqcXiAtWBdc7gRXug,0.8856903314590454,-0.06382596492767334,amman_database_7UkylzqcXiAtWBdc7gRXug,0,0,36.06892206840673,0.2507742643356323,16.07637596130371,0.0,0.757580578327179,edge,blur,gradient-magnitude (edge),resnet18,1234,0
boston_query_-XLBZG628HbrD4FlfLBryQ,boston_database_03IglAzl7WIbyBCzwIOQGg,1,0.8532524108886719,boston_database_7wQKqB8f8mmOlzPVp_KeXg,0.8487774729728699,0.004474937915802002,boston_database_03IglAzl7WIbyBCzwIOQGg,1,1,36.34637248943019,0.25077491998672485,15.081450462341309,0.02409939281642437,0.8639335036277771,edge,blur,gradient-magnitude (edge),resnet18,1234,0
cph_query_-VfD_cIsQvsNIbCy3tCgQQ,cph_database_-_WpfRt0xa7BT3ZNhox7bw,10,0.8541461229324341,toronto_database_JZHiKl7CE7BzdlGbop_5MA,0.8755379915237427,-0.021391868591308594,toronto_database_JZHiKl7CE7BzdlGbop_5MA,0,1,36.065187011106204,0.25077977776527405,16.090208053588867,0.0,0.7530731558799744,edge,blur,gradient-magnitude (edge),resnet18,1234,0
london_query_0AbO1xvvOJRs1V3ReaDrNw,london_database_3nlgqK_BhpRLtCaRJk7mBg,18,0.8446613550186157,toronto_database_JZHiKl7CE7BzdlGbop_5MA,0.8803030848503113,-0.03564172983169556,toronto_database_JZHiKl7CE7BzdlGbop_5MA,0,0,36.41769692941858,0.2507733106613159,14.835789680480957,0.02566731721162796,0.8820688724517822,edge,blur,gradient-magnitude (edge),resnet18,1234,0
manila_query_-ZyenisXeFL1kaebCpUNAQ,manila_database_5k6CwtK_2ROyvpr91VU3nw,155,0.8071976900100708,manila_database_31P09aOdEXsPJyiA8d7DRA,0.8759510517120361,-0.06875336170196533,manila_database_31P09aOdEXsPJyiA8d7DRA,0,0,36.076385833055355,0.25076112151145935,16.048770904541016,0.0,0.8949455618858337,edge,blur,gradient-magnitude (edge),resnet18,1234,0
nairobi_query_42kd1bm9ZK0fwGacm_8O5A,nairobi_database_NoG9ZUE9lu8WisRacbbNUw,60,0.8404718637466431,amman_database_-EkOPrVh-NFmrWU-lmlIgg,0.8779453039169312,-0.037473440170288086,amman_database_-EkOPrVh-NFmrWU-lmlIgg,0,0,36.066796626756,0.2507767379283905,16.084245681762695,0.0,0.8264942765235901,edge,blur,gradient-magnitude (edge),resnet18,1234,0
toronto_query_-MFll3mcOLNHfSZyGy5VIw,toronto_database_8aHbQwynhIr0XfyXIGqbdA,9,0.8530083894729614,toronto_database_5ey9E_udkLByc3LTBLFD3A,0.8961105346679688,-0.043102145195007324,toronto_database_5ey9E_udkLByc3LTBLFD3A,0,1,36.17784616133975,0.2507758140563965,15.678183555603027,0.0018988715019077063,0.8816870450973511,edge,blur,gradient-magnitude (edge),resnet18,1234,0
zurich_query_0lHgqSrbw8SSQej38K9wpQ,zurich_database_OyWUlDA0nQXhtkA0SVtvGg,1,0.8671247959136963,toronto_database_66Svrvnm_JwZWN1Blrg8rw,0.8317537307739258,0.03537106513977051,zurich_database_OyWUlDA0nQXhtkA0SVtvGg,1,1,36.32558645444632,0.2507762908935547,15.15380573272705,0.0343153215944767,0.8503262400627136,edge,blur,gradient-magnitude (edge),resnet18,1234,0
amman_query_2hq9evzmyg6GO86JGeo5kw,amman_database_5f1b6ODcRSNjVm7BiUt1HQ,2,0.8581740856170654,amman_database_3yagEI09YxnyMOsqFCs-ig,0.8589762449264526,-0.000802159309387207,amman_database_3yagEI09YxnyMOsqFCs-ig,1,1,36.16932885914066,0.25077110528945923,15.708961486816406,0.0018934461986646056,0.8607734441757202,edge,blur,gradient-magnitude (edge),resnet18,1234,0
boston_query_-XPoSJpI_X3ZlnZLz8JG4L,boston_database_4KYD-Lea90k3MYU22xzDu7,235,0.8330217599868774,amman_database_2_NNnfq-ucbh4wN64ndIOg,0.8932584524154663,-0.06023669242858887,amman_database_2_NNnfq-ucbh4wN64ndIOg,0,0,36.26190839364706,0.25076720118522644,15.377634048461914,0.0,0.7633959650993347,edge,blur,gradient-magnitude (edge),resnet18,1234,0
cph_query_-VwsLi9Gs8ntflZjLfPkGw,cph_database_0XUmaZkZbak0CUhOwxqPjw,234,0.8243656158447266,cph_database_UjpWUL98Q5DyuoCMWlk77w,0.883654773235321,-0.05928915739059448,cph_database_UjpWUL98Q5DyuoCMWlk77w,0,0,36.0944808473675,0.25077491998672485,15.98204231262207,0.0,0.7853715419769287,edge,blur,gradient-magnitude (edge),resnet18,1234,0
london_query_0BjBFV4G9jdMJlEMqshzoA,london_database_4xtgpNe3FmAQyzxnF9lLdA,27,0.8164463639259338,manila_database_0XBigdUA8xDwLCi4-HiXRA,0.8334173560142517,-0.01697099208831787,manila_database_0XBigdUA8xDwLCi4-HiXRA,0,0,36.099541117092386,0.2507758140563965,15.963431358337402,1.627604251552839e-05,0.7351232171058655,edge,blur,gradient-magnitude (edge),resnet18,1234,0
manila_query_-aK1h18UZREBqmVQH9KSvw,manila_database_YaHrs2Z76Jx0zaYq3oFG7A,131,0.8261051774024963,toronto_database_2PHgK91Apm8x6PzXK7MpUA,0.8766276240348816,-0.050522446632385254,toronto_database_2PHgK91Apm8x6PzXK7MpUA,0,0,36.48140838954008,0.2507629990577698,14.619735717773438,0.0469835065305233,0.8259989023208618,edge,blur,gradient-magnitude (edge),resnet18,1234,0
nairobi_query_479Or7jRwWHujnR6N21HGg,nairobi_database_6TX4ZR0VfqHmNorJfDCQdA,125,0.8162716627120972,manila_database_8tQ1uxni3yt7oj1i8yGoOg,0.8574235439300537,-0.04115188121795654,manila_database_8tQ1uxni3yt7oj1i8yGoOg,0,0,36.336923565888114,0.25077468156814575,15.114298820495605,0.03994683176279068,0.951386034488678,edge,blur,gradient-magnitude (edge),resnet18,1234,0
toronto_query_-MnI6OlC-vX0Wm56nVPN1A,toronto_database_8WmAPKRjvJVk_G6ITzFa3g,1,0.8725976943969727,toronto_database_6htbZtf1tFEvk0bH1B-F8g,0.8612114191055298,0.011386275291442871,toronto_database_8WmAPKRjvJVk_G6ITzFa3g,1,1,36.50866779022199,0.25077682733535767,14.52825927734375,0.05647243931889534,0.8696979880332947,edge,blur,gradient-magnitude (edge),resnet18,1234,0
zurich_query_0nVsH-6SH_FHslcVrikkwQ,zurich_database_XBi1UyH0pCxpA5NginBO2Q,126,0.8204208612442017,zurich_database_2IFVvdawkgwfoEkc1UpdCw,0.8840386867523193,-0.06361782550811768,zurich_database_2IFVvdawkgwfoEkc1UpdCw,0,0,36.26893971968654,0.25077182054519653,15.352757453918457,0.0,0.8985488414764404,edge,blur,gradient-magnitude (edge),resnet18,1234,0
amman_query_2lABfkOBYPSLZkKhyRxYdA,amman_database_151zMheq8vPIGSfBTFm2Kg,10,0.8611189723014832,amman_database_1gJtGI68JVwQZGi6W80ZUw,0.9024684429168701,-0.04134947061538696,amman_database_1gJtGI68JVwQZGi6W80ZUw,0,1,36.07559207295796,0.2507767677307129,16.05170440673828,0.0,0.9353184103965759,edge,blur,gradient-magnitude (edge),resnet18,1234,0
boston_query_-XVMoSt8xs2FUh9JzquX6A,boston_database_-Pxs88edybUEElFJ9874hQ,10,0.8480873107910156,boston_database_1k4pbpEWBwA9ojuy58J9oA,0.8794174194335938,-0.031330108642578125,boston_database_1k4pbpEWBwA9ojuy58J9oA,0,1,36.073335964845434,0.25077199935913086,16.06004524230957,0.0,0.7520073056221008,edge,blur,gradient-magnitude (edge),resnet18,1234,0
cph_query_-WFB24C5ns0vkkGHGvN40A,cph_database_33ZlPGNkPp7GdFa0YLMIsg,1,0.8709198236465454,cph_database_7aTcyyEj8sB3Jg7PRzJu-g,0.8661506175994873,0.0047692060470581055,cph_database_33ZlPGNkPp7GdFa0YLMIsg,1,1,36.06557880438392,0.25078117847442627,16.088756561279297,0.0,0.8608488440513611,edge,blur,gradient-magnitude (edge),resnet18,1234,0
london_query_0CaaImFsIdNZjpg8oBPgsQ,london_database_ogCqZhn7TrfEmF64Tg9z1Q,1094,0.7393593192100525,boston_database_3ioBUYHwNBnfQOGcNDk6tg,0.8325880765914917,-0.09322875738143921,boston_database_3ioBUYHwNBnfQOGcNDk6tg,0,0,36.098559459131806,0.2507743537425995,15.967040061950684,0.0,0.7951136827468872,edge,blur,gradient-magnitude (edge),resnet18,1234,0
manila_query_-cNGgBgyFrf92tQ2SjMnVw,manila_database_-TOsz7Ayx4vLCsmVCwRUow,227,0.82257080078125,london_database_7hadEPdEI2MGW7SMcZDBUA,0.8963668346405029,-0.07379603385925293,london_database_7hadEPdEI2MGW7SMcZDBUA,0,0,36.13979253193666,0.2507689893245697,15.816162109375,0.0075358073227107525,0.8925192952156067,edge,blur,gradient-magnitude (edge),resnet18,1234,0
nairobi_query_4EL0OPwVmp4k2zCpl9_c_A,nairobi_database_3UPn39IM6HTHYtg6HY4q-g,6,0.8431596755981445,boston_database_0MER2tyL8y0wp8wzZzQCDA,0.8656554222106934,-0.022495746612548828,boston_database_0MER2tyL8y0wp8wzZzQCDA,0,1,36.136095475048634,0.2507742941379547,15.829631805419922,0.01169704832136631,0.9644074440002441,edge,blur,gradient-magnitude (edge),resnet18,1234,0
toronto_query_-MvRj243NBTPnognhgb4Cg,toronto_database_2PHgK91Apm8x6PzXK7MpUA,58,0.8545539975166321,zurich_database_1RM5Mx-wajw1Nbo7PHHTwg,0.8939505815505981,-0.039396584033966064,zurich_database_1RM5Mx-wajw1Nbo7PHHTwg,0,0,36.08062546091541,0.2507737874984741,16.033111572265625,8.680555765749887e-05,0.9119828939437866,edge,blur,gradient-magnitude (edge),resnet18,1234,0
zurich_query_0qoNSI3UUj6VR3TM7c0Peg,zurich_database_-PR5mh0jiifZqsBmHPzeMg,418,0.7455772757530212,london_database_95giX68cDMPmxguKbDWhmA,0.8333904147148132,-0.08781313896179199,london_database_95giX68cDMPmxguKbDWhmA,0,0,36.07460910565735,0.2507781684398651,16.05533790588379,2.7126736313221045e-05,0.8079613447189331,edge,blur,gradient-magnitude (edge),resnet18,1234,0
amman_query_2o7YcP9UAqSU1ygtK33BfQ,amman_database_urse6by33-0JmqS5mVlLLg,4,0.8598724603652954,london_database_27LGSz3TaaHAydAv_StPzA,0.8634355068206787,-0.0035630464553833008,london_database_27LGSz3TaaHAydAv_StPzA,1,1,36.06532652870743,0.25077301263809204,16.089691162109375,0.0,0.7949315309524536,edge,blur,gradient-magnitude (edge),resnet18,1234,0
boston_query_-YC7UljP-400uMusDPAb5o,boston_database_2TQsfSDqxLbRlevqUcUSYA,1,0.850653886795044,boston_database_16CRssB4qXv2zYzHuRAwTQ,0.8324500918388367,0.018203794956207275,boston_database_2TQsfSDqxLbRlevqUcUSYA,1,1,36.10074955629975,0.2507706582546234,15.958990097045898,0.0020887586288154125,0.7617286443710327,edge,blur,gradient-magnitude (edge),resnet18,1234,0
cph_query_-WSWmgHuo6qPHzHxqzEe1A,cph_database_6x3ymkhiy3yOhCsu1aztdg,105,0.8432177305221558,cph_database_6pYqCwVVuumtu2fveyEqRA,0.888317346572876,-0.045099616050720215,cph_database_6pYqCwVVuumtu2fveyEqRA,0,0,36.06924308711077,0.2507762312889099,16.07518768310547,0.0,0.8362097144126892,edge,blur,gradient-magnitude (edge),resnet18,1234,0
london_query_0EzKuKNIcxIWax_duM0EWw,london_database_h9EFKOkIkMIA7h7U-lcwWA,2,0.8741750717163086,london_database_-ciLkUT3ztPptCzyhLAG2w,0.8754003643989563,-0.001225292682647705,london_database_-ciLkUT3ztPptCzyhLAG2w,1,1,36.09289332218345,0.250776082277298,15.987885475158691,0.0016493055736646056,0.7241953611373901,edge,blur,gradient-magnitude (edge),resnet18,1234,0
manila_query_-cmAo9dkimIih2B7T4UHfg,manila_database_7ZCkHNgbdGrjb8m48J_VRA,219,0.7950577735900879,manila_database_1NHx9p_Qfpv51-_bnxD3XQ,0.8862476348876953,-0.09118986129760742,manila_database_1NHx9p_Qfpv51-_bnxD3XQ,0,0,36.45044707632569,0.2507701516151428,14.724333763122559,0.03462456539273262,0.8601353168487549,edge,blur,gradient-magnitude (edge),resnet18,1234,0
nairobi_query_4Scm9UylRL9Edyu3ZemB9A,nairobi_database_FuBkR1fbVVpCW5nvjIU89g,5,0.8294589519500732,nairobi_database_a9xNzoydjr-je93NA7mygg,0.8518799543380737,-0.02242100238800049,nairobi_database_a9xNzoydjr-je93NA7mygg,1,1,36.27239850364097,0.2507733404636383,15.340535163879395,0.03369140625,0.9699345827102661,edge,blur,gradient-magnitude (edge),resnet18,1234,0
toronto_query_-N8Ief4Q3CWSOSauaoVHkw,toronto_database_f9yapUp1QfWHiW5Ggk7eTw,2,0.8613860011100769,manila_database_78z0QV2-TMH912gTI-63FA,0.8681638836860657,-0.0067778825759887695,manila_database_78z0QV2-TMH912gTI-63FA,1,1,36.068982354218846,0.2507733106613159,16.076152801513672,0.0,0.9336085319519043,edge,blur,gradient-magnitude (edge),resnet18,1234,0
zurich_query_0yT0tESrImO18FH9C5STzg,zurich_database_5EBjYZoNQsB323r5P6H-HQ,15,0.8378285765647888,boston_database_3dQbA6O_0evX3zu7Qc-pYw,0.877534031867981,-0.03970545530319214,boston_database_3dQbA6O_0evX3zu7Qc-pYw,0,0,36.304533585369285,0.2507726550102234,15.22744369506836,0.0014973958022892475,0.873558521270752,edge,blur,gradient-magnitude (edge),resnet18,1234,0
amman_query_2pCCoWfi0AP_93cYLKD9sA,amman_database_8uoKd4Y-3PxaJ9sVbGxXLQ,124,0.8446044921875,toronto_database_3LCzhZVa-_75oQZecGcGLw,0.9092474579811096,-0.06464296579360962,toronto_database_3LCzhZVa-_75oQZecGcGLw,0,0,36.0696177248156,0.25077342987060547,16.073801040649414,0.0,0.7940790057182312,edge,blur,gradient-magnitude (edge),resnet18,1234,0
boston_query_-YNCuOIwfe745OWl27FQZQ,boston_database_6HtWKuiJOkXO1GTzRBSfTg,7,0.8626734018325806,boston_database_94aSe_FRCFVJYIIipBQssA,0.8727687001228333,-0.010095298290252686,boston_database_94aSe_FRCFVJYIIipBQssA,0,1,36.308776841233566,0.250778466463089,15.212573051452637,0.0039388020522892475,0.8959221243858337,edge,blur,gradient-magnitude (edge),resnet18,1234,0
cph_query_-XYLPst0OjYGoPVJKGP1aA,cph_database_33mmxgcLFjzRhpSRQRWq4Q,2,0.8885116577148438,cph_database_-QWxOCFh2Cw3JbcqTX28OQ,0.8906556367874146,-0.0021439790725708008,cph_database_-QWxOCFh2Cw3JbcqTX28OQ,1,1,36.06610605637958,0.2507782280445099,16.086803436279297,0.0,0.8857458829879761,edge,blur,gradient-magnitude (edge),resnet18,1234,0
london_query_0IFxmIDIkGlB0FShcszAfw,london_database_7KhxgmhjR5T_2QXEjYoZ-Q,18,0.8027664422988892,zurich_database_6-TIm7QHPYTjyxT3GFR2gg,0.8493431806564331,-0.046576738357543945,zurich_database_6-TIm7QHPYTjyxT3GFR2gg,0,0,36.3036526900584,0.2507787346839905,15.2305326461792,0.0,0.7967711687088013,edge,blur,gradient-magnitude (edge),resnet18,1234,0
manila_query_-dvVr_QHKim5_WyUsv_Z4A,manila_database_4AEqUaQU5yZh8-dTi5SuRQ,87,0.8265001177787781,manila_database_31P09aOdEXsPJyiA8d7DRA,0.879923939704895,-0.05342382192611694,manila_database_31P09aOdEXsPJyiA8d7DRA,0,0,36.122343978656716,0.2507729232311249,15.879834175109863,0.0,0.7476422786712646,edge,blur,gradient-magnitude (edge),resnet18,1234,0
nairobi_query_4_8wDQ5TQuzz_jEJKVIl0Q,nairobi_database_8QrvtfnMMYvjycP4nESumw,347,0.7452957630157471,manila_database_4tXg0kJtp4bBR40lWJ7mIA,0.850510835647583,-0.10521507263183594,manila_database_4tXg0kJtp4bBR40lWJ7mIA,0,0,36.07068512991523,0.25078055262565613,16.06985092163086,0.0,0.8196704387664795,edge,blur,gradient-magnitude (edge),resnet18,1234,0
toronto_query_-OZxhiQ5zPqGdSRrqUMKfQ,toronto_database_6El8G6j-CzIxXcap-_r3sg,1,0.9043539762496948,boston_database_1lzWfM7wv5kw-ZdKl_peNA,0.8677402138710022,0.03661376237869263,toronto_database_6El8G6j-CzIxXcap-_r3sg,1,1,36.23962287776601,0.2507767975330353,15.456746101379395,0.0,0.869325578212738,edge,blur,gradient-magnitude (edge),resnet18,1234,0
zurich_query_0zEmJXMA03W0EBFP74wRVQ,zurich_database_56kgw0xoLbK4aolDWKul5A,1,0.8873730897903442,boston_database_-BzrVPIrGylZQ8H15WaRYg,0.8682631850242615,0.019109904766082764,zurich_database_56kgw0xoLbK4aolDWKul5A,1,1,36.105168138126416,0.2507776618003845,15.942761421203613,0.0,0.9203365445137024,edge,blur,gradient-magnitude (edge),resnet18,1234,0
amman_query_2pZlZDNh_3B-gECdtvklWQ,amman_database_IceuJQN2uOI5xXzHFlNWHw,7,0.852523148059845,amman_database_3yagEI09YxnyMOsqFCs-ig,0.8646053075790405,-0.012082159519195557,amman_database_3yagEI09YxnyMOsqFCs-ig,0,1,36.113217362959624,0.25077253580093384,15.913240432739258,0.0,0.7295821905136108,edge,blur,gradient-magnitude (edge),resnet18,1234,0
boston_query_-Zk-uQZzECPhvd8WV6mxhQ,boston_database_87osbt4QESoaKhqx1S698g,1,0.8494391441345215,cph_database_5GKxJZYxgwMMJsgDfMxZ1w,0.8480648994445801,0.0013742446899414062,boston_database_87osbt4QESoaKhqx1S698g,1,1,36.11793812035822,0.25077447295188904,15.895952224731445,0.0,0.7719686627388,edge,blur,gradient-magnitude (edge),resnet18,1234,0
cph_query_-YjbrleIz5WKWE1Rmmo4fg,cph_database_20p-zC1BqByt8dVNbnKbTw,1,0.9038949012756348,boston_database_291-InfICP_FLOb09Og4iA,0.8871845602989197,0.016710340976715088,cph_database_20p-zC1BqByt8dVNbnKbTw,1,1,36.06528225326362,0.25077417492866516,16.089855194091797,0.0,0.9526023864746094,edge,blur,gradient-magnitude (edge),resnet18,1234,0
london_query_0LQj6exgKdVQbIBlQAVcrw,london_database_0hPXQ8vpwqqqTFwS1mTzZQ,40,0.7484209537506104,cph_database_6xxgGejRFdIJPYb-cnW2Xg,0.7994717955589294,-0.05105084180831909,cph_database_6xxgGejRFdIJPYb-cnW2Xg,0,0,36.08366080785662,0.2507765591144562,16.021909713745117,0.0002604166802484542,0.7468004822731018,edge,blur,gradient-magnitude (edge),resnet18,1234,0
manila_query_-fizm8lmdD_ORe0_j5qnJQ,manila_database_78z0QV2-TMH912gTI-63FA,4,0.8532081842422485,manila_database_1NHx9p_Qfpv51-_bnxD3XQ,0.8817933797836304,-0.028585195541381836,manila_database_1NHx9p_Qfpv51-_bnxD3XQ,1,1,36.16170299365712,0.2507714629173279,15.73656940460205,0.0011338975746184587,0.8662940859794617,edge,blur,gradient-magnitude (edge),resnet18,1234,0
nairobi_query_4otBu8pxIHc7lXwh66bqHQ,nairobi_database_fdXQFliJlP2K6rvw_jLOnQ,1999,0.5215051770210266,zurich_database_4-7L3aTGT-P2Zip2jLHH2Q,0.8316869139671326,-0.31018173694610596,zurich_database_4-7L3aTGT-P2Zip2jLHH2Q,0,0,36.075046640529074,0.2507721781730652,16.053720474243164,0.00016276042151730508,0.7894465923309326,edge,blur,gradient-magnitude (edge),resnet18,1234,0
toronto_query_-Pkw8dqFfD76K-CZ7pnCVQ,toronto_database_efAlAqJr3ShZKF9EP9gJwA,114,0.82374107837677,zurich_database_4-amN7nLphQF0Qv7LEKCqQ,0.8636765480041504,-0.03993546962738037,zurich_database_4-amN7nLphQF0Qv7LEKCqQ,0,0,36.28807660243672,0.25077638030052185,15.285255432128906,0.01325412280857563,0.8657661080360413,edge,blur,gradient-magnitude (edge),resnet18,1234,0
zurich_query_1-8NWRY7HPTPq2lkQitPfw,zurich_database_4imNC7D7IARx5dzUHyuzSA,10,0.8513747453689575,cph_database_SOFbS68m4Uymr1Fx8T7pfA,0.8639806509017944,-0.012605905532836914,cph_database_SOFbS68m4Uymr1Fx8T7pfA,0,1,36.20902962673209,0.2507745921611786,15.56601333618164,0.0021267361007630825,0.7951432466506958,edge,blur,gradient-magnitude (edge),resnet18,1234,0
amman_query_2rTDzpKAZdmx5K2aSyos9w,amman_database_7sUIB_SpdPVOW6OucKsTQg,38,0.8534416556358337,amman_database_3ZbkOYTSJMb7R5Av7soq9A,0.8825931549072266,-0.029151499271392822,amman_database_3ZbkOYTSJMb7R5Av7soq9A,0,0,36.06550878354326,0.2507762610912323,16.08901596069336,0.0,0.9135214686393738,edge,blur,gradient-magnitude (edge),resnet18,1234,0
boston_query_-_69BJwJSLQGnzQD20QsOg,boston_database_xJh2U6wTEJU5MkN6cNWmrg,471,0.770498514175415,manila_database_-tLOOodTWnvNp-K8fEWFlg,0.8636109232902527,-0.09311240911483765,manila_database_-tLOOodTWnvNp-K8fEWFlg,0,0,36.2245103932496,0.2507748007774353,15.510625839233398,2.1701389414374717e-05,0.733298659324646,edge,blur,gradient-magnitude (edge),resnet18,1234,0
cph_query_-YnFOjTmnQhpLwXt2EJ1QQ,cph_database_u__bAug3pIy5UiqNxPW-8w,449,0.7758211493492126,amman_database_4vgf9unQSieYYE8LIYoY7w,0.8721320033073425,-0.09631085395812988,amman_database_4vgf9unQSieYYE8LIYoY7w,0,0,36.20779334384781,0.2507733106613159,15.57044506072998,0.005593533162027597,0.9200729727745056,edge,blur,gradient-magnitude (edge),resnet18,1234,0
london_query_0M3fNwl2Fi82PVH3lDRsCg,london_database_3iqRaYIaJD-1F-instwfmg,1,0.8501260280609131,london_database_1D6hwAKVjwxPeiGlv9IT3g,0.8413089513778687,0.008817076683044434,london_database_3iqRaYIaJD-1F-instwfmg,1,1,36.175852904162284,0.25077366828918457,15.685380935668945,0.008544921875,0.7814778089523315,edge,blur,gradient-magnitude (edge),resnet18,1234,0
manila_query_-hNuMbgiWK_ZPELfuWj5FQ,manila_database_562jgjEtbznkZO2Ul4TSTw,1,0.8423791527748108,manila_database_3-gSfEXfZFJB6UNSXSK02g,0.8422152400016785,0.00016391277313232422,manila_database_562jgjEtbznkZO2Ul4TSTw,1,1,36.23334916126223,0.2507740557193756,15.479090690612793,0.0,0.8354517817497253,edge,blur,gradient-magnitude (edge),resnet18,1234,0
nairobi_query_5ISN1dRvjgJI9rd6GbusNQ,nairobi_database_91GsMs5kPfxkm2YLFNBy2g,76,0.8205260038375854,cph_database_4BdWO7YCXasxr90wTqDpDw,0.8589562177658081,-0.038430213928222656,cph_database_4BdWO7YCXasxr90wTqDpDw,0,0,36.26378607345159,0.2507753372192383,15.370986938476562,0.01856553740799427,0.8533973097801208,edge,blur,gradient-magnitude (edge),resnet18,1234,0
toronto_query_-PuMS2UqNh7dbLLfWE37yg,toronto_database_6qYwQstrayZM_SmME-owrw,2,0.8926259279251099,toronto_database_0ccv5ZSPbvN3WBJN_1__MA,0.9101381897926331,-0.017512261867523193,toronto_database_0ccv5ZSPbvN3WBJN_1__MA,1,1,36.256364952115455,0.25077417492866516,15.3972749710083,0.012896050699055195,0.8115506768226624,edge,blur,gradient-magnitude (edge),resnet18,1234,0
zurich_query_1-TXtjFv1nAkC2AZXfhuDg,zurich_database_-0c8fGzuvHKGROvzeZflOQ,54,0.8674366474151611,zurich_database_-Es59pgAQfznoDqUA50E9Q,0.8954634666442871,-0.028026819229125977,zurich_database_-Es59pgAQfznoDqUA50E9Q,0,0,36.15142720872378,0.25077372789382935,15.773847579956055,0.000244140625,0.9023209810256958,edge,blur,gradient-magnitude (edge),resnet18,1234,0
amman_query_-39Q9edqZUArYHa41OPDoQ,amman_database_230ybQVhceCf4Sln4SPOMQ,1,0.8579288721084595,amman_database_83JeviUS_J6DBsBA1i9tuA,0.8490419983863831,0.008886873722076416,amman_database_230ybQVhceCf4Sln4SPOMQ,1,1,36.09013836026527,0.2507728934288025,15.998030662536621,0.0,0.10000001639127731,uniform,blur,uniform same-energy,resnet18,1235,0
boston_query_--LUAhgqzqNM6FyWSJ-Dsw,boston_database_-XpWzw3N73sfAC2jKTbD5Q,1,0.9454379081726074,boston_database_0XkG0EUDAUX3eUfdrB2wyw,0.9056344032287598,0.039803504943847656,boston_database_-XpWzw3N73sfAC2jKTbD5Q,1,1,36.10089982380278,0.25078102946281433,15.9584379196167,0.0,0.10000001639127731,uniform,blur,uniform same-energy,resnet18,1235,0
cph_query_--FyHVca3HP-QgUmcAvToA,cph_database_0dcx1DoaGzM3QYU_47-ctA,50,0.8362654447555542,boston_database_DU3FJGAh3PrB45a580xbGg,0.8836236000061035,-0.047358155250549316,boston_database_DU3FJGAh3PrB45a580xbGg,0,0,36.117541054118796,0.2507774531841278,15.897405624389648,0.0003743489505723119,0.09999999403953552,uniform,blur,uniform same-energy,resnet18,1235,0
london_query_-0u7VsCOCAmwH4RFsN5BoA,london_database_6MbCpJaLFsTGxLRixQ3Grg,208,0.7746782302856445,zurich_database_0r57m1gsoV4j_t4xOqtL7A,0.8261352181434631,-0.051456987857818604,zurich_database_0r57m1gsoV4j_t4xOqtL7A,0,0,36.37104230246148,0.25077372789382935,14.996024131774902,0.0,0.09999999403953552,uniform,blur,uniform same-energy,resnet18,1235,0
manila_query_-10kuZ2TqVxJ-YLQJl2uqA,manila_database_Zr6IH7wDsmdaq7VyLJLKDg,66,0.822822093963623,manila_database_7vOvfavBmZmLG0s8XGaBbA,0.8779169321060181,-0.05509483814239502,manila_database_7vOvfavBmZmLG0s8XGaBbA,0,0,36.08566520649043,0.2507741451263428,16.014516830444336,0.0,0.10000000149011612,uniform,blur,uniform same-energy,resnet18,1235,0
nairobi_query_-K4R8iYrz9LwQ7wia8JZtQ,nairobi_database_fdXQFliJlP2K6rvw_jLOnQ,1999,0.5329926013946533,zurich_database_4-7L3aTGT-P2Zip2jLHH2Q,0.8242027759552002,-0.2912101745605469,zurich_database_4-7L3aTGT-P2Zip2jLHH2Q,0,0,36.082285258402536,0.25077372789382935,16.02698516845703,0.0,0.09999999403953552,uniform,blur,uniform same-energy,resnet18,1235,0
toronto_query_-1caqsIDW4YpUBZB98J9uV,toronto_database_0ItNHOVZYAjAFyIWcZNw3Q,23,0.84674471616745,zurich_database_VgwLuWhpDSqjlB2NYlCDAw,0.8633034825325012,-0.01655876636505127,zurich_database_VgwLuWhpDSqjlB2NYlCDAw,0,0,36.28720310214413,0.25076574087142944,15.288330078125,0.0029188368935137987,0.10000000894069672,uniform,blur,uniform same-energy,resnet18,1235,0
zurich_query_--RjvuIbkJiPNJknyeZN_Q,zurich_database_TZZASHVyX8JX4JCtjaZu8A,252,0.7922070622444153,boston_database_7T5vnHPW4Xd12sc2X_jLfw,0.856136679649353,-0.06392961740493774,boston_database_7T5vnHPW4Xd12sc2X_jLfw,0,0,36.08486923158882,0.2507779896259308,16.017452239990234,0.0,0.10000000894069672,uniform,blur,uniform same-energy,resnet18,1235,0
amman_query_-6eEB_fS2eePRNUql6vOrQ,amman_database_Ld8UF_WG7d620clwmhmA7w,1,0.9213428497314453,amman_database_ONY-rsH_3nthK111PVrqsg,0.8848902583122253,0.03645259141921997,amman_database_Ld8UF_WG7d620clwmhmA7w,1,1,36.08190900960088,0.2507794499397278,16.02837371826172,0.0,0.09999999403953552,uniform,blur,uniform same-energy,resnet18,1235,0
boston_query_--VtRctVkqAafFr5b_6GXg,boston_database_UwsH5HN1NhjYYf2i_SZMMw,264,0.7990923523902893,manila_database_5epuq5tYovqXrYnobxqP_A,0.8836326599121094,-0.08454030752182007,manila_database_5epuq5tYovqXrYnobxqP_A,0,0,36.098184132183476,0.25077250599861145,15.968420028686523,0.0,0.10000000149011612,uniform,blur,uniform same-energy,resnet18,1235,0
cph_query_--kN3Y3n0x47vWa8WX-a8w,cph_database_m8v7yRzg-Ahnt8itIkwjQA,1,0.9174908399581909,zurich_database_4FlzweEjVGvnW3C9lZIYrw,0.8885518312454224,0.028939008712768555,cph_database_m8v7yRzg-Ahnt8itIkwjQA,1,1,36.08208420931449,0.2507750391960144,16.027727127075195,0.0,0.10000000149011612,uniform,blur,uniform same-energy,resnet18,1235,0
london_query_-4Vq2O1PhPmG6WK-yV402Q,london_database_ZMtlIMgqMeKcrAIPxCMp3g,1,0.906510591506958,london_database_8m5P4YTaevUpbWaQ62dnUA,0.9036951065063477,0.0028154850006103516,london_database_ZMtlIMgqMeKcrAIPxCMp3g,1,1,36.31481619646513,0.250778466463089,15.19143295288086,0.02890625037252903,0.10000000149011612,uniform,blur,uniform same-energy,resnet18,1235,0
manila_query_-10rV9IlRhgTnk5e_QJbgA,manila_database_8aFsf-s2G5vsaCKgNpxZxA,773,0.7704118490219116,manila_database_403INTlXpIBnsRFhSgUFOw,0.8804879188537598,-0.11007606983184814,manila_database_403INTlXpIBnsRFhSgUFOw,0,0,36.32105753549689,0.2507728934288025,15.16961669921875,0.0,0.10000001639127731,uniform,blur,uniform same-energy,resnet18,1235,0
nairobi_query_-cS3FR1RBElNB48QQHiL0Q,nairobi_database_XdvgQAdvS4ZnbRq1lFmPvA,46,0.840195894241333,amman_database_29z1w1EW9-qTj7neMnnIig,0.8736900091171265,-0.03349411487579346,amman_database_29z1w1EW9-qTj7neMnnIig,0,0,36.082772156195674,0.25077036023139954,16.025188446044922,0.0,0.10000000894069672,uniform,blur,uniform same-energy,resnet18,1235,0
toronto_query_-3UT7A8bNUkVBgSLW30-ow,toronto_database_ahYWgqSEuXW1UvHqjcvhbg,78,0.7778738141059875,boston_database_-Ks6CpNXFqOh9Kttdsa6lw,0.827107846736908,-0.04923403263092041,boston_database_-Ks6CpNXFqOh9Kttdsa6lw,0,0,36.25455151284217,0.25077131390571594,15.403705596923828,0.0,0.10000000149011612,uniform,blur,uniform same-energy,resnet18,1235,0
zurich_query_-25E3MQ0PY1vs_FT7mKaUw,zurich_database_62HR56sCdEq3XIADUUPmBw,20,0.8419084548950195,manila_database_8CX3mu74pWVyEWzhNrVcbQ,0.8665503263473511,-0.024641871452331543,manila_database_8CX3mu74pWVyEWzhNrVcbQ,0,0,36.181381179525125,0.25077539682388306,15.665427207946777,0.0,0.09999998658895493,uniform,blur,uniform same-energy,resnet18,1235,0
amman_query_-BJoV1t0rKwEzk0bsZplVQ,amman_database_RybCghn6dxdppOd3XPQXhw,1655,0.6749897003173828,amman_database_TAHAih6CiD8ZHZpJqmk4NA,0.8706340789794922,-0.19564437866210938,amman_database_TAHAih6CiD8ZHZpJqmk4NA,0,0,36.08432470122664,0.2507748603820801,16.019460678100586,0.0,0.09999999403953552,uniform,blur,uniform same-energy,resnet18,1235,0
boston_query_-0n5FDAuOditKvxIekIbBg,boston_database_0-UUkPasBJ3e3InjW6isBg,1,0.8443521857261658,manila_database_3ED-M6yl_Y4YZkenDNv49Q,0.7970421314239502,0.047310054302215576,boston_database_0-UUkPasBJ3e3InjW6isBg,1,1,36.25891252227899,0.2507784366607666,15.388245582580566,0.0007703992887400091,0.10000000149011612,uniform,blur,uniform same-energy,resnet18,1235,0
cph_query_--xKnCCc_4tDGo80iM-A_g,cph_database_2_XsYL2TeW-tmupH9iXwiw,1,0.8995357751846313,cph_database_8c5u5uYeDofXlMnU-Fevhw,0.8901546597480774,0.009381115436553955,cph_database_2_XsYL2TeW-tmupH9iXwiw,1,1,36.13218798517448,0.2507784366607666,15.843880653381348,0.0,0.10000000149011612,uniform,blur,uniform same-energy,resnet18,1235,0
london_query_-4pmBOZmF-ynXSkWw5BAew,london_database_5a908C1LT7cfUlW0-urdfA,1,0.8695521354675293,cph_database_7_wYc_QgW8FRWp1rR6jnJQ,0.8553239107131958,0.014228224754333496,london_database_5a908C1LT7cfUlW0-urdfA,1,1,36.460121720060286,0.25077053904533386,14.691569328308105,0.04535047709941864,0.10000000149011612,uniform,blur,uniform same-energy,resnet18,1235,0
manila_query_-2h231ovohZWmrsaBllNyw,manila_database_AtwA7nHo3oRCY9gITWUBSw,143,0.8187576532363892,cph_database_-edcdnyE-FvWjekgrg1QSA,0.8670798540115356,-0.048322200775146484,cph_database_-edcdnyE-FvWjekgrg1QSA,0,0,36.14424474499805,0.2507748603820801,15.799956321716309,0.00042317708721384406,0.09999999403953552,uniform,blur,uniform same-energy,resnet18,1235,0
nairobi_query_-dn1KaWvGY9H5JRLNtaYPg,nairobi_database_ssLyvL_47h4IZogucHeChA,11,0.8298925161361694,zurich_database_4NRS_5YX0S3yJJSOofowlA,0.838564395904541,-0.008671879768371582,zurich_database_4NRS_5YX0S3yJJSOofowlA,0,0,36.409463267192805,0.2507757842540741,14.863943099975586,0.0019748264458030462,0.10000000149011612,uniform,blur,uniform same-energy,resnet18,1235,0
toronto_query_-4IVXvKV2D8brXjQPZ1GRA,toronto_database_76nIzPCLBw3jsfFraKvLlg,1,0.8873385190963745,toronto_database_5ey9E_udkLByc3LTBLFD3A,0.8803668022155762,0.00697171688079834,toronto_database_76nIzPCLBw3jsfFraKvLlg,1,1,36.427102401729535,0.25077104568481445,14.803694725036621,0.0221082903444767,0.09999999403953552,uniform,blur,uniform same-energy,resnet18,1235,0
zurich_query_-4StYjY5sT1S23ls5heCbg,zurich_database_X6HaLuJZms_NtOwrX7Ccnw,1,0.8932672739028931,zurich_database_-Z_U-J1EncVqJmBvLwHPaQ,0.8698090314865112,0.023458242416381836,zurich_database_X6HaLuJZms_NtOwrX7Ccnw,1,1,36.34449500430488,0.25077372789382935,15.087971687316895,0.014377170242369175,0.09999999403953552,uniform,blur,uniform same-energy,resnet18,1235,0
amman_query_-D0IlKF__f0c9DPAKbiYnw,amman_database_83JeviUS_J6DBsBA1i9tuA,104,0.711761474609375,amman_database_ugi1L8kfJhi2W7D5xbEYlA,0.8337274789810181,-0.12196600437164307,amman_database_ugi1L8kfJhi2W7D5xbEYlA,0,0,36.08110597215737,0.2507750391960144,16.03133773803711,0.0,0.10000000149011612,uniform,blur,uniform same-energy,resnet18,1235,0
boston_query_-3hM-MR6uuw3se14vw3G0w,boston_database_Ald8XklVXJv2wFOcWoD7SA,396,0.7098188400268555,boston_database_4FDiXrluACXMwFexJ7QSmA,0.8416025042533875,-0.13178366422653198,boston_database_4FDiXrluACXMwFexJ7QSmA,0,0,36.09284928291574,0.2507822811603546,15.98804759979248,0.0,0.10000000149011612,uniform,blur,uniform same-energy,resnet18,1235,0
cph_query_-05vIhjxDNupFcgaM90L3w,cph_database_T7zbMe-_pVjIRayCf9mfQw,4,0.8503848314285278,manila_database_1-NjZL9b8KTrSIldAnLivA,0.8758990168571472,-0.025514185428619385,manila_database_1-NjZL9b8KTrSIldAnLivA,1,1,36.260214867944846,0.2507733702659607,15.383631706237793,0.005566406063735485,0.10000000894069672,uniform,blur,uniform same-energy,resnet18,1235,0
london_query_-5QOE2AlZX8rEz8ONtGRrg,london_database_7NuzdrMI9lHNaBHwtbChxQ,42,0.7588427066802979,cph_database_dh-vxFQjWULqXOrDb8Ptzw,0.8185300827026367,-0.05968737602233887,cph_database_dh-vxFQjWULqXOrDb8Ptzw,0,0,36.09574672308577,0.2507743537425995,15.977384567260742,0.0,0.10000000149011612,uniform,blur,uniform same-energy,resnet18,1235,0
manila_query_-3H2xPWPOqn_dCF2Lz5EtQ,manila_database_-VWrhS101xkbdgoKX_ctiw,283,0.8241884708404541,boston_database_AESuFaFKr_mrdts__0iV-Q,0.8771111965179443,-0.052922725677490234,boston_database_AESuFaFKr_mrdts__0iV-Q,0,0,36.25214596824002,0.25076866149902344,15.412240028381348,9.765625145519152e-05,0.10000000149011612,uniform,blur,uniform same-energy,resnet18,1235,0
nairobi_query_-f7xKWoDFjaXHyTtnRqVKw,nairobi_database_18gWBFrXYXa2ANqWz5940w,171,0.7468310594558716,london_database_JeQXfjTo6VURMPAXsqqrqw,0.8352607488632202,-0.08842968940734863,london_database_JeQXfjTo6VURMPAXsqqrqw,0,0,36.17672568344667,0.250775545835495,15.682229042053223,0.0,0.10000000894069672,uniform,blur,uniform same-energy,resnet18,1235,0
toronto_query_-4mlNvZUZnbmRaGbiIndoA,toronto_database_aGiRwJJAlM_N-HVpKyVj_Q,1,0.8568945527076721,nairobi_database_ssLyvL_47h4IZogucHeChA,0.8471206426620483,0.00977391004562378,toronto_database_aGiRwJJAlM_N-HVpKyVj_Q,1,1,36.213629336555265,0.25077539682388306,15.549535751342773,1.0850694707187358e-05,0.09999998658895493,uniform,blur,uniform same-energy,resnet18,1235,0
zurich_query_-71-BK_yAOJ1soK0OQWIcg,zurich_database_D5f-Hfo2KgngABF8SxLx7A,79,0.754256010055542,boston_database_17euonMgPfb6H2Pil1okIQ,0.8028881549835205,-0.048632144927978516,boston_database_17euonMgPfb6H2Pil1okIQ,0,0,36.12535199690389,0.25076624751091003,15.868839263916016,0.0,0.10000000894069672,uniform,blur,uniform same-energy,resnet18,1235,0
amman_query_-EAmCN9i5BGEadZIccXEyA,amman_database_49Nj3x8K07clFjERwTHCTQ,27,0.8276004791259766,nairobi_database_5NmT9tDga_ogPbyZiowdeA,0.860519289970398,-0.03291881084442139,nairobi_database_5NmT9tDga_ogPbyZiowdeA,0,0,36.10382315868394,0.2507734000682831,15.947699546813965,0.00014105903392191976,0.10000001639127731,uniform,blur,uniform same-energy,resnet18,1235,0
boston_query_-4vuSn0vvcBVOccgQqFlow,boston_database_Gvml7rFx_6nDit5eWclK5g,74,0.82253098487854,zurich_database_7ksJdI2p-1XypIH1opA3gw,0.8613804578781128,-0.038849472999572754,zurich_database_7ksJdI2p-1XypIH1opA3gw,0,0,36.097769157421865,0.25077205896377563,15.969945907592773,0.0,0.09999997913837433,uniform,blur,uniform same-energy,resnet18,1235,0
cph_query_-07-gME-zaQLhCsFrSInSg,cph_database_7uNVVQ63J8fRL3vQqXLvMA,2,0.8400193452835083,london_database_0Iz2DUm5xsWGNOXZSATxSQ,0.8408396244049072,-0.0008202791213989258,london_database_0Iz2DUm5xsWGNOXZSATxSQ,1,1,36.26052503346059,0.2507722079753876,15.382533073425293,0.0,0.09999999403953552,uniform,blur,uniform same-energy,resnet18,1235,0
london_query_-7U9wY8ynnu3oZ1g_-0xww,london_database_7RTgs3f2012dnRwFgn1daw,16,0.8686659932136536,london_database_7hadEPdEI2MGW7SMcZDBUA,0.8934223651885986,-0.02475637197494507,london_database_7hadEPdEI2MGW7SMcZDBUA,0,0,36.28876355066539,0.2507699131965637,15.282837867736816,0.02247178740799427,0.09999999403953552,uniform,blur,uniform same-energy,resnet18,1235,0
manila_query_-5pMypBbFEXHPOTYNJl_EA,manila_database_1NHx9p_Qfpv51-_bnxD3XQ,10,0.85905921459198,boston_database_4Tm0USyW70ukjXxAuWNUJw,0.8772879838943481,-0.018228769302368164,boston_database_4Tm0USyW70ukjXxAuWNUJw,0,1,36.25063972048428,0.25076764822006226,15.417586326599121,0.0,0.10000000894069672,uniform,blur,uniform same-energy,resnet18,1235,0
nairobi_query_-rWgRitoKSYrdczUKUiOrA,nairobi_database_3rFIO1enFyRVL-nV8QEmBA,3,0.8216599225997925,boston_database_5L3USOLg_-os4yeRMczNuQ,0.8454601764678955,-0.023800253868103027,boston_database_5L3USOLg_-os4yeRMczNuQ,1,1,36.105664103751984,0.2507724463939667,15.940940856933594,0.0,0.10000000149011612,uniform,blur,uniform same-energy,resnet18,1235,0
toronto_query_-5HBlqC41yTbYA1NM7dz1A,toronto_database_LIR6pHa5HpRIR-2BJFU0rg,42,0.8298916816711426,toronto_database_J944BkUVr339StNeKvml4Q,0.8669371008872986,-0.037045419216156006,toronto_database_J944BkUVr339StNeKvml4Q,0,0,36.30031403573296,0.25077182054519653,15.2422456741333,0.03261718899011612,0.09999999403953552,uniform,blur,uniform same-energy,resnet18,1235,0
zurich_query_-7bB9HS2MqV7UT7vRyROfg,zurich_database_5hJrSztFeaGup3NhNZhzFg,28,0.8282946348190308,boston_database_-dzsCoIqiJHKcLjfwSEEng,0.8665527105331421,-0.03825807571411133,boston_database_-dzsCoIqiJHKcLjfwSEEng,0,0,36.11659152519609,0.2507781684398651,15.90088176727295,0.0,0.10000000149011612,uniform,blur,uniform same-energy,resnet18,1235,0
amman_query_-L_vanPrT4RcWlLbzCqMKA,amman_database_IceuJQN2uOI5xXzHFlNWHw,35,0.8298075199127197,manila_database_0juhzfP3_ZmDsludDkLRBA,0.8527281284332275,-0.022920608520507812,manila_database_0juhzfP3_ZmDsludDkLRBA,0,0,36.105335445500785,0.2507728934288025,15.942147254943848,0.0,0.10000001639127731,uniform,blur,uniform same-energy,resnet18,1235,0
boston_query_-5-CNr3q7kmRGcDSMueI4w,boston_database_kkvI6FjRw9lNm8bQvk5Rkg,1,0.8872286081314087,boston_database_z6clbBM962IhGWqflkuHCv,0.8786085844039917,0.008620023727416992,boston_database_kkvI6FjRw9lNm8bQvk5Rkg,1,1,36.087331588601494,0.25077909231185913,16.008373260498047,0.0,0.10000000894069672,uniform,blur,uniform same-energy,resnet18,1235,0
cph_query_-0_HsZnndjHv76QpTyNFCA,cph_database_SV8c2DXuy-R0A6D10eAPeA,2,0.8698089122772217,amman_database_3R0Bf2kyDwfj1gZ5-JMKsw,0.8752191662788391,-0.005410254001617432,amman_database_3R0Bf2kyDwfj1gZ5-JMKsw,1,1,36.10624171918801,0.2507743835449219,15.938820838928223,0.0,0.10000000149011612,uniform,blur,uniform same-energy,resnet18,1235,0
london_query_-7cNAk24ZhuoOowcvDoImw,london_database_51ahiaqHEKcy5QEIBNvh3A,53,0.8058292865753174,boston_database_-BzrVPIrGylZQ8H15WaRYg,0.8441492319107056,-0.038319945335388184,boston_database_-BzrVPIrGylZQ8H15WaRYg,0,0,36.25215537385396,0.2507613003253937,15.412206649780273,0.0,0.10000000149011612,uniform,blur,uniform same-energy,resnet18,1235,0
manila_query_-6NSbTuzpeyDbSXKeGAasg,manila_database_No4-TeedOgxh0oAMVBGCKA,1,0.8581504821777344,toronto_database_1VHx8iUPobwi99CTiggIpA,0.8495985269546509,0.008551955223083496,manila_database_No4-TeedOgxh0oAMVBGCKA,1,1,36.096511507386154,0.2507738769054413,15.974571228027344,0.0,0.10000000149011612,uniform,blur,uniform same-energy,resnet18,1235,0
nairobi_query_-yxXz3in11JFniZQAa7m2A,nairobi_database_LSnVsJjFK6VuEpGNIOYDaw,37,0.79787677526474,cph_database_1nVPT6ZWiVRfTMwuFKHvQw,0.8455274105072021,-0.04765063524246216,cph_database_1nVPT6ZWiVRfTMwuFKHvQw,0,0,36.39413009255727,0.25077298283576965,14.91651439666748,0.009076605550944805,0.09999999403953552,uniform,blur,uniform same-energy,resnet18,1235,0
toronto_query_-5RKNbex7In9Ys4mH40wXA,toronto_database_6WcJ7hWAeDPVUYIua0lFOg,1601,0.695164144039154,toronto_database_-C42seTAv_ysnP57NggKvQ,0.880007266998291,-0.18484312295913696,toronto_database_-C42seTAv_ysnP57NggKvQ,0,0,36.53338223481056,0.25077196955680847,14.445817947387695,0.06192491203546524,0.10000000894069672,uniform,blur,uniform same-energy,resnet18,1235,0
zurich_query_-ANYzSHAsjItBx6yJauT3A,zurich_database_2AJ6kHCsE48TTzHS7X6vFw,26,0.8492951393127441,manila_database_YAr_6aQgtNVbe7GhT70obQ,0.8942081928253174,-0.04491305351257324,manila_database_YAr_6aQgtNVbe7GhT70obQ,0,0,36.28969401711501,0.25077348947525024,15.279563903808594,0.0,0.09999998658895493,uniform,blur,uniform same-energy,resnet18,1235,0
amman_query_-MUBUlzvFxQS_zFg6xNhVg,amman_database_151zMheq8vPIGSfBTFm2Kg,41,0.8277192115783691,amman_database_21axHEFcyX-1hI673vVgLQ,0.8603065013885498,-0.032587289810180664,amman_database_21axHEFcyX-1hI673vVgLQ,0,0,36.10281119212898,0.2507728934288025,15.951416015625,0.0,0.10000001639127731,uniform,blur,uniform same-energy,resnet18,1235,0
boston_query_-6RLrPXAeunQaNK6m645ZA,boston_database_4rLO8Z_zI2AomCqI2i3j4w,1,0.8662353157997131,zurich_database_4FlzweEjVGvnW3C9lZIYrw,0.859713077545166,0.006522238254547119,boston_database_4rLO8Z_zI2AomCqI2i3j4w,1,1,36.20670792915926,0.2507757842540741,15.574337005615234,2.1701389414374717e-05,0.10000000149011612,uniform,blur,uniform same-energy,resnet18,1235,0
cph_query_-2N5Dmf5tOm5N83KXgvjDw,cph_database_5bN6yjff_s_mmc84IJXTkQ,1,0.8876737356185913,cph_database_5U0Ud3SIKDIGG7O6oKEiNw,0.8553828001022339,0.03229093551635742,cph_database_5bN6yjff_s_mmc84IJXTkQ,1,1,36.53257206900474,0.2507745921611786,14.44851303100586,0.06864149123430252,0.09999999403953552,uniform,blur,uniform same-energy,resnet18,1235,0
london_query_-8xWvI5d3Z6gfsRDb_kEQQ,london_database_2nfD8uopWEhFcNeRrMETIA,26,0.7466713190078735,london_database_1HBKiIwsYTj_B1mXOqKWag,0.8536018133163452,-0.10693049430847168,london_database_1HBKiIwsYTj_B1mXOqKWag,0,0,36.33361948627387,0.2507750391960144,15.125802040100098,0.03481445461511612,0.10000000149011612,uniform,blur,uniform same-energy,resnet18,1235,0
manila_query_-6_2C-ExaVhx4ONvHOvffw,manila_database_GI4HIiOuBrAQqj5gEbVdrw,451,0.8205921649932861,manila_database_2pcMDZN9eETtWZGigjrLLw,0.8960985541343689,-0.07550638914108276,manila_database_2pcMDZN9eETtWZGigjrLLw,0,0,36.27741561099205,0.25076824426651,15.322823524475098,0.0006184895755723119,0.09999997913837433,uniform,blur,uniform same-energy,resnet18,1235,0
nairobi_query_0-ZdPdUGwVdDwKbIOxQCBA,nairobi_database_Sm5f4osblN-sOr2YFvbXXg,7,0.8111855983734131,london_database_JeQXfjTo6VURMPAXsqqrqw,0.8457858562469482,-0.034600257873535156,london_database_JeQXfjTo6VURMPAXsqqrqw,0,1,36.11685799754301,0.25077539682388306,15.899906158447266,0.00042317708721384406,0.09999998658895493,uniform,blur,uniform same-energy,resnet18,1235,0
toronto_query_-5ryd5v5eXUsmP9y4p6w_g,toronto_database_xlhtmCWmPwjhLIwEPp899Q,1469,0.7600299119949341,toronto_database_2PHgK91Apm8x6PzXK7MpUA,0.9060758352279663,-0.14604592323303223,toronto_database_2PHgK91Apm8x6PzXK7MpUA,0,0,36.088648694916415,0.25077006220817566,16.00351905822754,0.0,0.10000000149011612,uniform,blur,uniform same-energy,resnet18,1235,0
zurich_query_-Bz7by7mnVU_HZbXc8FmpQ,zurich_database_JlQZqZETcsktpyAY5mc1pg,2,0.8743835091590881,toronto_database_8Ha8vTyXTW5lX1aiKBb8KQ,0.8911360502243042,-0.016752541065216064,toronto_database_8Ha8vTyXTW5lX1aiKBb8KQ,1,1,36.08365201867183,0.25077298283576965,16.021942138671875,0.0,0.09999999403953552,uniform,blur,uniform same-energy,resnet18,1235,0
amman_query_-N1g8CEJP4UIaWH8Qqja2g,amman_database_UX1YuIhPO2Xhxp7YP0Xf5w,56,0.8227187991142273,amman_database_ONY-rsH_3nthK111PVrqsg,0.8920332193374634,-0.06931442022323608,amman_database_ONY-rsH_3nthK111PVrqsg,0,0,36.10687398824929,0.25077298283576965,15.936500549316406,0.0,0.09999999403953552,uniform,blur,uniform same-energy,resnet18,1235,0
boston_query_-7KZUz5u8-7ja98pf8etVA,boston_database_-1Ur0I4BTjRYsKJqfcfVZQ,1006,0.73890221118927,boston_database_7nBh5iB7F195iH0429WvoQ,0.8713703155517578,-0.1324681043624878,boston_database_7nBh5iB7F195iH0429WvoQ,0,0,36.19404902844737,0.25077390670776367,15.619799613952637,0.00018988715601153672,0.10000000894069672,uniform,blur,uniform same-energy,resnet18,1235,0
cph_query_-3uNzD-M1uI2jZeGqOkpXg,cph_database_spPSHqDZCj45h17hsXWxpw,69,0.7717005014419556,london_database_2dm36NWbW57_LB2NgdO-Rw,0.8286628723144531,-0.05696237087249756,london_database_2dm36NWbW57_LB2NgdO-Rw,0,0,36.08246357450767,0.25077539682388306,16.02632713317871,0.0,0.09999998658895493,uniform,blur,uniform same-energy,resnet18,1235,0
london_query_-9FGszdwftnBlzMuP0c_NQ,london_database_Kz3Cq-q4WwlxQ_Rjgk305g,1,0.8981099128723145,toronto_database_6qYwQstrayZM_SmME-owrw,0.8642037510871887,0.03390616178512573,london_database_Kz3Cq-q4WwlxQ_Rjgk305g,1,1,36.11140313257081,0.2507767975330353,15.919889450073242,0.0,0.09999999403953552,uniform,blur,uniform same-energy,resnet18,1235,0
manila_query_-6_XaKv0Rrp2Jl0G9m_8NQ,manila_database_-aBV8vXQErDoI7aoZ1e0rw,52,0.8287259340286255,nairobi_database_8BW-IHkUck2W9kRj959Vqw,0.8590876460075378,-0.030361711978912354,nairobi_database_8BW-IHkUck2W9kRj959Vqw,0,0,36.10426494550448,0.25077322125434875,15.946077346801758,0.0,0.10000000149011612,uniform,blur,uniform same-energy,resnet18,1235,0
nairobi_query_01juXwMfxX_a4pfhpqt66g,nairobi_database_2qhZXjPq2bPM3DspieqrQw,36,0.781175971031189,nairobi_database_aQ1QWPVisVaa3pq53-vgqQ,0.8177716732025146,-0.036595702171325684,nairobi_database_aQ1QWPVisVaa3pq53-vgqQ,0,0,36.25164051363623,0.2507734000682831,15.414033889770508,0.0030002170242369175,0.10000001639127731,uniform,blur,uniform same-energy,resnet18,1235,0
toronto_query_-5z50PgNYnxK8Ns2WmF_TQ,toronto_database_18_06r8X3FWdwfUchBmPQA,32,0.8293047547340393,zurich_database_1RM5Mx-wajw1Nbo7PHHTwg,0.8610894680023193,-0.03178471326828003,zurich_database_1RM5Mx-wajw1Nbo7PHHTwg,0,0,36.08509161404909,0.25077489018440247,16.016632080078125,0.0,0.09999999403953552,uniform,blur,uniform same-energy,resnet18,1235,0
zurich_query_-D3dDkhM5rjIJhj1SPdroA,zurich_database_A7Y3Ah31a1X_Bh7UZS5KIA,244,0.8175517320632935,cph_database_3NQI8cjUItCPUXn1lBmjFQ,0.8747667074203491,-0.057214975357055664,cph_database_3NQI8cjUItCPUXn1lBmjFQ,0,0,36.3957213895088,0.2507605254650116,14.911049842834473,0.03430989757180214,0.10000000149011612,uniform,blur,uniform same-energy,resnet18,1235,0
amman_query_-VdxqGX8d8L_OiSEN5CtDw,amman_database_ugi1L8kfJhi2W7D5xbEYlA,401,0.7904605865478516,amman_database_ONY-rsH_3nthK111PVrqsg,0.8577632904052734,-0.06730270385742188,amman_database_ONY-rsH_3nthK111PVrqsg,0,0,36.09367081831886,0.25077539682388306,15.985023498535156,0.0,0.09999998658895493,uniform,blur,uniform same-energy,resnet18,1235,0
boston_query_-8cIAPzC7_za-xCEWsIoK2,boston_database_AESuFaFKr_mrdts__0iV-Q,36,0.8189303874969482,cph_database_-_WpfRt0xa7BT3ZNhox7bw,0.8402739763259888,-0.021343588829040527,cph_database_-_WpfRt0xa7BT3ZNhox7bw,0,0,36.21856057108435,0.2507674992084503,15.531889915466309,0.0021430121269077063,0.10000000149011612,uniform,blur,uniform same-energy,resnet18,1235,0
cph_query_-4KruxIYZ3a3GYE0tOKn2w,cph_database_BA4fi2-fm64XvLVa1q7wlA,50,0.8083082437515259,cph_database_2DoeyqFykZ0Nwt_gBPq6hQ,0.8603739738464355,-0.05206573009490967,cph_database_2DoeyqFykZ0Nwt_gBPq6hQ,0,0,36.26996470714396,0.25077298283576965,15.34913444519043,0.010503471828997135,0.09999999403953552,uniform,blur,uniform same-energy,resnet18,1235,0
london_query_-9KgeyegI3TaGMqglsDENg,london_database_Hw6rU3Y_eRzUYi-xZDftAw,1,0.8308658599853516,manila_database_iQLC6e2wWewa4umD-xG3wQ,0.7759809494018555,0.054884910583496094,london_database_Hw6rU3Y_eRzUYi-xZDftAw,1,1,36.10851655079959,0.25077223777770996,15.930474281311035,0.0,0.10000000149011612,uniform,blur,uniform same-energy,resnet18,1235,0
manila_query_-7YHsOWBiYFmYcRzIM0ijg,manila_database_19O8RqWar1XGh6LAIJtmNA,3,0.8070124387741089,boston_database_7FUvQs120_u5TYy5sZdyGQ,0.8189690113067627,-0.011956572532653809,boston_database_7FUvQs120_u5TYy5sZdyGQ,1,1,36.10873546741725,0.2507806122303009,15.929671287536621,0.0,0.09999999403953552,uniform,blur,uniform same-energy,resnet18,1235,0
nairobi_query_09aysNUjwNAPHsHo-R-IdA,nairobi_database_2fUpafUa7KOSZndmkZPttA,3,0.8250202536582947,boston_database_3Z1D9TQt3TTzRxiN7mP4DA,0.8342785239219666,-0.009258270263671875,boston_database_3Z1D9TQt3TTzRxiN7mP4DA,1,1,36.08466651145372,0.25076648592948914,16.018199920654297,0.0,0.09999999403953552,uniform,blur,uniform same-energy,resnet18,1235,0
toronto_query_-68JeZKxV2XoP0N_6780Og,toronto_database_5gR2GvdWi8_efGPscwDy_A,2,0.8615062236785889,zurich_database_-Es59pgAQfznoDqUA50E9Q,0.8615397214889526,-3.349781036376953e-05,zurich_database_-Es59pgAQfznoDqUA50E9Q,1,1,36.09309824017883,0.25077372789382935,15.987131118774414,0.0,0.09999999403953552,uniform,blur,uniform same-energy,resnet18,1235,0
zurich_query_-E0qyEWY7jSPMOpGqiEG-A,zurich_database_I4oH_JsDyb1dsdtKtFBlCA,33,0.7068377733230591,toronto_database_1VHbDABUyjdB4MuDwo3eNQ,0.7831552028656006,-0.0763174295425415,toronto_database_1VHbDABUyjdB4MuDwo3eNQ,0,0,36.166837501579636,0.25076815485954285,15.717975616455078,0.0008029513992369175,0.10000000149011612,uniform,blur,uniform same-energy,resnet18,1235,0
amman_query_-XWB_1fOm8NW5dQx9p5IKg,amman_database__7mDw96zrfdEDXA5fBuvGA,687,0.7885127067565918,amman_database_MouZWB1Ob24hWl5wCW952A,0.9279731512069702,-0.13946044445037842,amman_database_MouZWB1Ob24hWl5wCW952A,0,0,36.082596928727796,0.25076907873153687,16.025835037231445,0.0,0.10000001639127731,uniform,blur,uniform same-energy,resnet18,1235,0
boston_query_-9Lur-PAHqcMspWszAgfqw,boston_database_CqhaSgFClCjYa5JYXuJe1w,7,0.8804826736450195,zurich_database_dc10RRbQNpdUphjhxUxjXQ,0.9008306264877319,-0.020347952842712402,zurich_database_dc10RRbQNpdUphjhxUxjXQ,0,1,36.29295127103122,0.25077563524246216,15.268108367919922,0.0018880207790061831,0.09999999403953552,uniform,blur,uniform same-energy,resnet18,1235,0
cph_query_-4RqBOkDhigU8JsdQZINkQ,cph_database_XtStyqOnyclJ6DFytgpC0Q,5,0.8906911015510559,london_database_7hadEPdEI2MGW7SMcZDBUA,0.8922663927078247,-0.0015752911567687988,london_database_7hadEPdEI2MGW7SMcZDBUA,1,1,36.23603881439356,0.2507794499397278,15.469507217407227,0.00146484375,0.09999999403953552,uniform,blur,uniform same-energy,resnet18,1235,0
london_query_-FGaYVNFN5ALUsVDNixL_g,london_database_XGVznFOyn5-hxW-YHG6JqQ,1,0.8603208065032959,zurich_database_4NRS_5YX0S3yJJSOofowlA,0.8523424863815308,0.007978320121765137,london_database_XGVznFOyn5-hxW-YHG6JqQ,1,1,36.17651229185802,0.2507772147655487,15.682999610900879,0.0,0.10000001639127731,uniform,blur,uniform same-energy,resnet18,1235,0
manila_query_-81llwEm_ZxNy7Sa7Xrjlw,manila_database_6NVQHVTmkpvn42q7KaKzJA,4,0.8430585861206055,manila_database_2pcMDZN9eETtWZGigjrLLw,0.8497626781463623,-0.006704092025756836,manila_database_2pcMDZN9eETtWZGigjrLLw,1,1,36.37275667718364,0.25076824426651,14.990105628967285,0.0009548611124046147,0.09999997913837433,uniform,blur,uniform same-energy,resnet18,1235,0
nairobi_query_0ByAmUG6wFySvLcHHQ0Sdg,nairobi_database_5fIX502GwN4iBedy_B8GeA,49,0.8135007619857788,nairobi_database_5nj9SryW0zrvMpEtOd9gjg,0.8542530536651611,-0.040752291679382324,nairobi_database_5nj9SryW0zrvMpEtOd9gjg,0,0,36.23845366754015,0.2507738769054413,15.460907936096191,0.003114149207249284,0.10000000149011612,uniform,blur,uniform same-energy,resnet18,1235,0
toronto_query_-6ZIqrL48IaL1dCCO7bDVQ,toronto_database_W6mVozbof69jHkgfFY-m0g,1,0.8986098766326904,toronto_database_3erLhthk-y29kkRtkoBrhQ,0.8416173458099365,0.056992530822753906,toronto_database_W6mVozbof69jHkgfFY-m0g,1,1,36.084444150759396,0.25077131390571594,16.019020080566406,0.0,0.10000000149011612,uniform,blur,uniform same-energy,resnet18,1235,0
zurich_query_-F7hOUVha_xHAoDddsUYdw,zurich_database_4nCjiIEaw9okSbBCMVmg_w,1292,0.7156691551208496,toronto_database_hVExz7tZBsxQPaRmQofLqw,0.8502287864685059,-0.13455963134765625,toronto_database_hVExz7tZBsxQPaRmQofLqw,0,0,36.188411662910866,0.2507792115211487,15.640088081359863,0.0,0.09999998658895493,uniform,blur,uniform same-energy,resnet18,1235,0
amman_query_-iXxlTRmA5JphamcIjxBbA,amman_database_14WSqV1GkicoQPD9PrrhwQ,59,0.8290590047836304,toronto_database_hVExz7tZBsxQPaRmQofLqw,0.8846304416656494,-0.05557143688201904,toronto_database_hVExz7tZBsxQPaRmQofLqw,0,0,36.08103311703366,0.2507770359516144,16.031606674194336,0.0,0.10000000149011612,uniform,blur,uniform same-energy,resnet18,1235,0
boston_query_-9gbUk-DmX9AOqntuN1nEm,boston_database_-VLBvmeJKrW60Io9zziTxS,61,0.8315630555152893,boston_database_2Cjk1OlRe0-8M6Pv0tLQ-g,0.8663201332092285,-0.03475707769393921,boston_database_2Cjk1OlRe0-8M6Pv0tLQ-g,0,0,36.24472028083135,0.25076672434806824,15.438614845275879,0.0,0.10000000149011612,uniform,blur,uniform same-energy,resnet18,1235,0
cph_query_-4XnD9qE623teR-nRYxB5A,cph_database_ow5xdWEyF-MVQ-BPjFMouA,1,0.8939988613128662,cph_database_-omj0-mF4wHLf3oeSKTIKw,0.8567949533462524,0.03720390796661377,cph_database_ow5xdWEyF-MVQ-BPjFMouA,1,1,37.05956949580439,0.25075581669807434,12.797449111938477,0.13293185830116272,0.09999999403953552,uniform,blur,uniform same-energy,resnet18,1235,0
london_query_-Flts9XBA2wVlru8_LHbkg,london_database_-QKK8oyA3lo4YfRSEG7GEA,666,0.7312358617782593,nairobi_database_1oH8UP6Fw5pq60tdS75mZA,0.8232774138450623,-0.09204155206680298,nairobi_database_1oH8UP6Fw5pq60tdS75mZA,0,0,36.201302450906496,0.2507738769054413,15.593733787536621,0.0,0.10000000894069672,uniform,blur,uniform same-energy,resnet18,1235,0
manila_query_-85J_HceaTP2S0IavwkQ-A,manila_database_8yqxt9j7zrVdyJ-Ft4Cc1Q,823,0.7556811571121216,manila_database__VL8SUncDox-4OH01nYE4Q,0.8569406270980835,-0.10125946998596191,manila_database__VL8SUncDox-4OH01nYE4Q,0,0,36.16493462660347,0.2507639229297638,15.72486400604248,0.0,0.09999998658895493,uniform,blur,uniform same-energy,resnet18,1235,0
nairobi_query_0LJUobuUEqOqrZc4s2fVgg,nairobi_database_1oH8UP6Fw5pq60tdS75mZA,337,0.7645567059516907,boston_database_DU3FJGAh3PrB45a580xbGg,0.8597018122673035,-0.09514510631561279,boston_database_DU3FJGAh3PrB45a580xbGg,0,0,36.166644093694174,0.25077441334724426,15.71867561340332,0.0,0.10000000149011612,uniform,blur,uniform same-energy,resnet18,1235,0
toronto_query_-7C0G-8afrBbN3hImbBHsA,toronto_database_4QZV-ysKpbmwlccfG-g0Iw,194,0.7882479429244995,cph_database_-Vkhovp4zDi6VtaY19_seg,0.8578998446464539,-0.06965190172195435,cph_database_-Vkhovp4zDi6VtaY19_seg,0,0,36.08799138564607,0.2507684528827667,16.00594139099121,0.0,0.10000000894069672,uniform,blur,uniform same-energy,resnet18,1235,0
zurich_query_-Kb55YIF941j2DBFO5gVjA,zurich_database_JlQZqZETcsktpyAY5mc1pg,2,0.847805380821228,cph_database_5lWKQzKGc2vUB9JJXTTNmw,0.8575706481933594,-0.009765267372131348,cph_database_5lWKQzKGc2vUB9JJXTTNmw,1,1,36.08290396912739,0.25077563524246216,16.024702072143555,0.0,0.09999999403953552,uniform,blur,uniform same-energy,resnet18,1235,0
amman_query_-qij8CFaEYNp4JW3rF9oqQ,amman_database_rdbcIZseJqbKkU9KsDdh-A,6,0.8573966026306152,boston_database_7sEinu-9Cmc8M88D9wksJQ,0.8791279792785645,-0.02173137664794922,boston_database_7sEinu-9Cmc8M88D9wksJQ,0,1,36.13022602065336,0.25076916813850403,15.85103988647461,0.0,0.09999999403953552,uniform,blur,uniform same-energy,resnet18,1235,0
boston_query_-AJWNV55EAzvKArt5mMYqg,boston_database_N3OTKcW9hTAp9nLQb5vvXQ,19,0.8354308605194092,boston_database_57ckbe_BSJC6ORvOPDpD_A,0.8537700176239014,-0.018339157104492188,boston_database_57ckbe_BSJC6ORvOPDpD_A,0,0,36.13967809690199,0.2507770359516144,15.81657886505127,0.0002875434001907706,0.09999999403953552,uniform,blur,uniform same-energy,resnet18,1235,0
cph_query_-5qSxgAnKk-6Bf5AVVoPjA,cph_database_80uzfcVMY2L2qHA2dbhCWQ,7,0.8620007038116455,zurich_database_16Q8MrHPMTdCzbt3JQ77iw,0.8764018416404724,-0.014401137828826904,zurich_database_16Q8MrHPMTdCzbt3JQ77iw,0,1,36.09749788910425,0.25077539682388306,15.970943450927734,0.0,0.09999998658895493,uniform,blur,uniform same-energy,resnet18,1235,0
london_query_-HfvOD1d7XUGJoEMybpyqQ,london_database_917neVitvw508ZojGNEx3Q,715,0.7707068920135498,boston_database_3qV_NDshNzxy2JQxvbDkZQ,0.8862996101379395,-0.11559271812438965,boston_database_3qV_NDshNzxy2JQxvbDkZQ,0,0,36.16399337661339,0.25077885389328003,15.728272438049316,0.0007812500116415322,0.10000000149011612,uniform,blur,uniform same-energy,resnet18,1235,0
manila_query_-9tG6ERjH4jVcWo9jkVvBg,manila_database_qtxcmhtwgJidBJJam2iDkw,1,0.8214724063873291,manila_database_2E_tyRdD0eUpkGWRoElT1Q,0.8096804022789001,0.011792004108428955,manila_database_qtxcmhtwgJidBJJam2iDkw,1,1,36.1223721471488,0.25076723098754883,15.879731178283691,1.627604251552839e-05,0.09999999403953552,uniform,blur,uniform same-energy,resnet18,1235,0
nairobi_query_0M1Vl3tUlt_2MiFp6vxhrg,nairobi_database_eLRKoMBh-dvLHfmS1Vahcw,54,0.8303455114364624,boston_database_291-InfICP_FLOb09Og4iA,0.8744390606880188,-0.044093549251556396,boston_database_291-InfICP_FLOb09Og4iA,0,0,36.09477343818562,0.25077298283576965,15.980965614318848,0.0,0.09999999403953552,uniform,blur,uniform same-energy,resnet18,1235,0
toronto_query_-7bDZLvVOVk7ethfd1yomg,toronto_database_8qOq6ZJGQFAHGlRgRSoFTQ,23,0.8634555339813232,toronto_database_0ccv5ZSPbvN3WBJN_1__MA,0.8970050811767578,-0.03354954719543457,toronto_database_0ccv5ZSPbvN3WBJN_1__MA,0,0,36.15604881595705,0.25077250599861145,15.757070541381836,0.0,0.10000000149011612,uniform,blur,uniform same-energy,resnet18,1235,0
zurich_query_-Km53YFc8zewa3vS2OeGsQ,zurich_database_53bbXmgm_cz_armcB3lPKg,12,0.874022364616394,cph_database_6fnBKZ5y6JLHZ30W5ZJgRg,0.8933457136154175,-0.019323348999023438,cph_database_6fnBKZ5y6JLHZ30W5ZJgRg,0,0,36.113844140743545,0.2507714629173279,15.910943984985352,0.0,0.10000000894069672,uniform,blur,uniform same-energy,resnet18,1235,0
amman_query_-t_-moqpBTWSiKU7mS-lgQ,amman_database_21axHEFcyX-1hI673vVgLQ,23,0.816315770149231,amman_database_03BobRbPyEDe0jl1HDZCYw,0.8685696721076965,-0.052253901958465576,amman_database_03BobRbPyEDe0jl1HDZCYw,0,0,36.081263570755226,0.25077322125434875,16.0307559967041,0.0,0.09999999403953552,uniform,blur,uniform same-energy,resnet18,1235,0
boston_query_-Ae9_7GnntvqV8myNb9fhv,boston_database_z6clbBM962IhGWqflkuHCv,6,0.8617779016494751,boston_database_4KYD-Lea90k3MYU22xzDu7,0.8847262859344482,-0.022948384284973145,boston_database_4KYD-Lea90k3MYU22xzDu7,0,1,36.25427000415942,0.25076866149902344,15.404704093933105,0.00015733507461845875,0.10000000149011612,uniform,blur,uniform same-energy,resnet18,1235,0
cph_query_-8E-udXiyMJCRp_UkM4Kgw,cph_database_2IB57R6kVRS6CDyJNBJWpg,6,0.8191779851913452,cph_database_-WLoHKY0ip7EewEcN8uwqQ,0.8346943855285645,-0.015516400337219238,cph_database_-WLoHKY0ip7EewEcN8uwqQ,0,1,36.1882707827653,0.2507792115211487,15.640595436096191,9.765625145519152e-05,0.09999998658895493,uniform,blur,uniform same-energy,resnet18,1235,0
london_query_-Id3DdRqVbjIA39wjxbTgw,london_database_4yFURIl3HWyhu0J4BPas9w,2,0.8005090951919556,boston_database_4lu4yL8Z8y7SYip2jDb2FQ,0.8167595863342285,-0.01625049114227295,boston_database_4lu4yL8Z8y7SYip2jDb2FQ,1,1,36.15746239348414,0.25076600909233093,15.75194263458252,0.0010470920242369175,0.09999999403953552,uniform,blur,uniform same-energy,resnet18,1235,0
manila_query_-AXkFLZ0HchDGYvJ_KZ3dQ,manila_database_1oIli-5JQ1PBqvT2fhYquQ,31,0.8485389947891235,manila_database_8utvedK3WjLqNtdaZaP_4A,0.8885308504104614,-0.03999185562133789,manila_database_8utvedK3WjLqNtdaZaP_4A,0,0,36.084809241991636,0.25077033042907715,16.01767349243164,0.0,0.10000000149011612,uniform,blur,uniform same-energy,resnet18,1235,0
nairobi_query_0Oa1jUYlj8LE47HApYWufA,nairobi_database_14U0pNV5S0iV1nTcO-rhkA,124,0.7864173054695129,nairobi_database_-IYoNK7nzPDI7EvCdWxXdA,0.8376593589782715,-0.051242053508758545,nairobi_database_-IYoNK7nzPDI7EvCdWxXdA,0,0,36.08755564961238,0.2507765591144562,16.00754737854004,0.0,0.10000000149011612,uniform,blur,uniform same-energy,resnet18,1235,0
toronto_query_-85n6JJLXmi04edt5JxhzQ,toronto_database_aOsux29CXeL89W7MaEgCLA,1128,0.7605128288269043,toronto_database_4DjfS6EeioqDL5k7mux0cw,0.8877133131027222,-0.12720048427581787,toronto_database_4DjfS6EeioqDL5k7mux0cw,0,0,36.11558933963175,0.25077512860298157,15.90455150604248,0.0,0.09999999403953552,uniform,blur,uniform same-energy,resnet18,1235,0
zurich_query_-M0Q1_7lg_TKGT2-mllw4w,zurich_database_HUPZFF-qV9-nO5bO_smWig,64,0.7928574085235596,boston_database_0LQAAPjr65htNGNw1Ae6tw,0.8555275797843933,-0.06267017126083374,boston_database_0LQAAPjr65htNGNw1Ae6tw,0,0,36.10985570280852,0.2507741451263428,15.925562858581543,0.0,0.10000000149011612,uniform,blur,uniform same-energy,resnet18,1235,0
amman_query_0-2jyV8XAzdAOYMkdyQVLw,amman_database_36lvaYDrOYq6NEmT7jTvCA,11,0.8513396978378296,amman_database_3R0Bf2kyDwfj1gZ5-JMKsw,0.8732499480247498,-0.021910250186920166,amman_database_3R0Bf2kyDwfj1gZ5-JMKsw,0,0,36.088179769628745,0.2507760524749756,16.005247116088867,0.0,0.10000000149011612,uniform,blur,uniform same-energy,resnet18,1235,0
boston_query_-BE36-GG_yM6YS57M_uMTQ,boston_database_Ald8XklVXJv2wFOcWoD7SA,429,0.7606480121612549,boston_database_4FDiXrluACXMwFexJ7QSmA,0.8835027813911438,-0.12285476922988892,boston_database_4FDiXrluACXMwFexJ7QSmA,0,0,36.089321634230494,0.2507772147655487,16.001039505004883,0.0,0.10000001639127731,uniform,blur,uniform same-energy,resnet18,1235,0
cph_query_-9WYlFp61M1J1zV1mJD4uA,cph_database_UjpWUL98Q5DyuoCMWlk77w,93,0.8099591135978699,cph_database_-3eIUVWD-sqVQ4yuYuqU3Q,0.8626906871795654,-0.05273157358169556,cph_database_-3eIUVWD-sqVQ4yuYuqU3Q,0,0,36.21342211439032,0.2507712244987488,15.550277709960938,0.0,0.10000000149011612,uniform,blur,uniform same-energy,resnet18,1235,0
london_query_-OOGG8lTvgHHqp3iuULlyQ,london_database_-ciLkUT3ztPptCzyhLAG2w,1,0.8803656697273254,manila_database_5rjFma7r9oUAgRgPi5J3PA,0.8626964092254639,0.017669260501861572,london_database_-ciLkUT3ztPptCzyhLAG2w,1,1,36.101490563034545,0.25076907873153687,15.956267356872559,0.0006239149370230734,0.10000001639127731,uniform,blur,uniform same-energy,resnet18,1235,0
manila_query_-ColYSDtqqoE3TZ4eZHu8g,manila_database_-_5itq9kaN27LUOyoOLDuA,243,0.8055819869041443,toronto_database_7iysBerUISRHtFS0RUVgTg,0.8666268587112427,-0.06104487180709839,toronto_database_7iysBerUISRHtFS0RUVgTg,0,0,36.090440756121495,0.25077539682388306,15.996916770935059,0.0,0.09999998658895493,uniform,blur,uniform same-energy,resnet18,1235,0
nairobi_query_0R73ChZbcyJ8Z4vBaef_Jw,nairobi_database_ssLyvL_47h4IZogucHeChA,33,0.823911726474762,manila_database_7jMO5NcoYo4Ka0s2PejP_Q,0.859157919883728,-0.035246193408966064,manila_database_7jMO5NcoYo4Ka0s2PejP_Q,0,0,36.14312425339848,0.25077465176582336,15.804033279418945,0.0,0.10000000149011612,uniform,blur,uniform same-energy,resnet18,1235,0
toronto_query_-8BknWmZh2lEnEeect73Ww,toronto_database_zv6HYCz2L9iYghJLLris7g,1,0.8911136388778687,toronto_database_42gA4Bpu7l2AR00pT_h5Dw,0.8635379076004028,0.02757573127746582,toronto_database_zv6HYCz2L9iYghJLLris7g,1,1,36.12237892847973,0.25077489018440247,15.879706382751465,0.0,0.09999999403953552,uniform,blur,uniform same-energy,resnet18,1235,0
zurich_query_-TxHEY5xnZFgfnHO3ygjzw,zurich_database_yPFr1vukqyaoiyE5hzEgDA,1,0.9036564230918884,cph_database_3sP38oUsccv1DJUlTWqYFg,0.8804866075515747,0.02316981554031372,zurich_database_yPFr1vukqyaoiyE5hzEgDA,1,1,36.12213219917788,0.25077107548713684,15.880608558654785,4.340277882874943e-05,0.09999999403953552,uniform,blur,uniform same-energy,resnet18,1235,0
amman_query_051WRvR5gI1vde606oseFw,amman_database_21axHEFcyX-1hI673vVgLQ,29,0.8201860189437866,amman_database_03BobRbPyEDe0jl1HDZCYw,0.8926925659179688,-0.07250654697418213,amman_database_03BobRbPyEDe0jl1HDZCYw,0,0,36.081217582376716,0.2507741451263428,16.030925750732422,0.0,0.10000000149011612,uniform,blur,uniform same-energy,resnet18,1235,0
boston_query_-CNeDzWqfei0F-1CmA8N9A,boston_database_76FUFcxeZzbF2Nt703437w,19,0.8568524122238159,cph_database_2XjBAvIVehCi1oTjgqkw9w,0.8864002227783203,-0.029547810554504395,cph_database_2XjBAvIVehCi1oTjgqkw9w,0,0,36.082088860730636,0.25077006220817566,16.0277099609375,0.0,0.10000000149011612,uniform,blur,uniform same-energy,resnet18,1235,0
cph_query_-9ZOGirqZl2EVYWN1WLERg,cph_database_Ql2MXoTNSGeDQGwctdxVdA,1,0.9301748275756836,zurich_database_4FlzweEjVGvnW3C9lZIYrw,0.8814654350280762,0.04870939254760742,cph_database_Ql2MXoTNSGeDQGwctdxVdA,1,1,36.081566899562546,0.2507752776145935,16.02963638305664,0.0,0.10000000894069672,uniform,blur,uniform same-energy,resnet18,1235,0
london_query_-TmVvxY52h9CjrIUzBbCgw,london_database_3__T69hWP2YBl0b17CTSIg,71,0.7884774208068848,boston_database_5sVUsJEhNKx6MFsRdH1a_Q,0.8369020223617554,-0.048424601554870605,boston_database_5sVUsJEhNKx6MFsRdH1a_Q,0,0,36.230514637163196,0.2507743537425995,15.48919677734375,0.0,0.10000000149011612,uniform,blur,uniform same-energy,resnet18,1235,0
manila_query_-ELxcda6ePiuO6nR3VP3-A,manila_database_UHmqVlwY_tIWS997TaZywA,2,0.8604650497436523,manila_database_2pcMDZN9eETtWZGigjrLLw,0.8622181415557861,-0.001753091812133789,manila_database_2pcMDZN9eETtWZGigjrLLw,1,1,36.38774605329282,0.2507696747779846,14.938457489013672,0.0039116754196584225,0.09999998658895493,uniform,blur,uniform same-energy,resnet18,1235,0
nairobi_query_0TzVtw0twyRTMFGP-VzE8A,nairobi_database_MjdWRTPZD74Zvf3gP0T3DA,26,0.8429648876190186,zurich_database_4-amN7nLphQF0Qv7LEKCqQ,0.8695025444030762,-0.026537656784057617,zurich_database_4-amN7nLphQF0Qv7LEKCqQ,0,0,36.19098591340239,0.2507767081260681,15.630820274353027,0.0011555989040061831,0.10000001639127731,uniform,blur,uniform same-energy,resnet18,1235,0
toronto_query_-8NbZpIbjwqAXwoRMmYddg,toronto_database_JZHiKl7CE7BzdlGbop_5MA,38,0.832353413105011,toronto_database_2INWgVLU39mIgUVLP2xQbA,0.8650433421134949,-0.03268992900848389,toronto_database_2INWgVLU39mIgUVLP2xQbA,0,0,36.08123773452758,0.2507743537425995,16.030851364135742,0.0,0.10000000149011612,uniform,blur,uniform same-energy,resnet18,1235,0
zurich_query_-Vs9xzO47S-0Cfs9o81wvQ,zurich_database_b1fafYqxlKXQcwQsy8LFhQ,4,0.8579561114311218,manila_database_0dFbfxmCgeyDccswDEtWWg,0.8746379613876343,-0.01668184995651245,manila_database_0dFbfxmCgeyDccswDEtWWg,1,1,36.13759025243885,0.2507669925689697,15.82418441772461,0.0,0.10000000149011612,uniform,blur,uniform same-energy,resnet18,1235,0
amman_query_0CjrhmzpvqXBOIBsGB6LcQ,amman_database_69QG67OivV1EL8WHuc8YEg,1,0.8907577991485596,manila_database_0juhzfP3_ZmDsludDkLRBA,0.8686705231666565,0.022087275981903076,amman_database_69QG67OivV1EL8WHuc8YEg,1,1,36.111228046877464,0.2507767081260681,15.920531272888184,0.0,0.10000001639127731,uniform,blur,uniform same-energy,resnet18,1235,0
boston_query_-D-onyWSIw3M1SbsxL7X-g,boston_database_xJh2U6wTEJU5MkN6cNWmrg,101,0.8295108675956726,boston_database_2B76OnuT5TwwsBCC15rSDg,0.8999215364456177,-0.07041066884994507,boston_database_2B76OnuT5TwwsBCC15rSDg,0,0,36.19758665020166,0.25077536702156067,15.607081413269043,4.340277882874943e-05,0.09999998658895493,uniform,blur,uniform same-energy,resnet18,1235,0
cph_query_-AowxxrsOr_xM02-ZyrQ5A,cph_database_0nZJCIlWvN21hdTwFT-XOQ,2,0.859816312789917,manila_database_UHmqVlwY_tIWS997TaZywA,0.8668054938316345,-0.006989181041717529,manila_database_UHmqVlwY_tIWS997TaZywA,1,1,36.14179969413962,0.2507763206958771,15.808854103088379,0.0,0.10000000149011612,uniform,blur,uniform same-energy,resnet18,1235,0
london_query_-UeH_UbGnPshWdeEEYfhyQ,london_database_TlgZJTCWCnxf-QDzfZ8pKw,71,0.7397428154945374,boston_database_0QoQ8ZS1gO0jR1VGgcTNQg,0.8047688603401184,-0.06502604484558105,boston_database_0QoQ8ZS1gO0jR1VGgcTNQg,0,0,36.10606528239247,0.25077372789382935,15.939468383789062,0.0,0.09999999403953552,uniform,blur,uniform same-energy,resnet18,1235,0
manila_query_-EVOy4h35ZUyBK4r6uBM5g,manila_database_ixGfNfahIcacMbnVzeZG9g,45,0.8036454916000366,manila_database_3ED-M6yl_Y4YZkenDNv49Q,0.8623580932617188,-0.05871260166168213,manila_database_3ED-M6yl_Y4YZkenDNv49Q,0,0,36.1392732777085,0.2507743835449219,15.818053245544434,0.0,0.10000000149011612,uniform,blur,uniform same-energy,resnet18,1235,0
nairobi_query_0YY7sOJF2Kr1PfPB1KidBg,nairobi_database_dM7fC2AkybfrCZcjVXnR5A,9,0.8166643381118774,london_database_JeQXfjTo6VURMPAXsqqrqw,0.850739598274231,-0.034075260162353516,london_database_JeQXfjTo6VURMPAXsqqrqw,0,1,36.20385831137642,0.25077372789382935,15.584559440612793,0.0037760415580123663,0.09999999403953552,uniform,blur,uniform same-energy,resnet18,1235,0
toronto_query_-8Q-Otkctyr1cXAnmn2BEw,toronto_database_Ih3LD81JtUjroS3MjUuwZg,1,0.8535088300704956,manila_database_8I6-GjqLP1No2q7xAtS3OA,0.8492758274078369,0.004233002662658691,toronto_database_Ih3LD81JtUjroS3MjUuwZg,1,1,36.49708579962686,0.2507760226726532,14.567055702209473,0.04229600727558136,0.09999999403953552,uniform,blur,uniform same-energy,resnet18,1235,0
zurich_query_-ZAb7eYhYeo1yW06_paa_g,zurich_database_1_gNZOBhjuqXWwNw0QqCaA,1,0.893569827079773,boston_database_2HqIYacSD0Jad_3YkpMl1g,0.8864288330078125,0.007140994071960449,zurich_database_1_gNZOBhjuqXWwNw0QqCaA,1,1,36.146888678139966,0.25076624751091003,15.790340423583984,0.0,0.10000000149011612,uniform,blur,uniform same-energy,resnet18,1235,0
amman_query_0IvHKlYEfFEP39KRxr9UZg,amman_database_fCzctNthLHl-2vsKbs98Bw,1,0.9044119119644165,amman_database_3R0Bf2kyDwfj1gZ5-JMKsw,0.8974523544311523,0.00695955753326416,amman_database_fCzctNthLHl-2vsKbs98Bw,1,1,36.08517332953489,0.2507793605327606,16.01633071899414,0.0,0.10000000894069672,uniform,blur,uniform same-energy,resnet18,1235,0
boston_query_-DYvemYiNwx_BmPSrlUWIA,boston_database_N3OTKcW9hTAp9nLQb5vvXQ,106,0.8255600929260254,boston_database_7wQKqB8f8mmOlzPVp_KeXg,0.8615425229072571,-0.03598242998123169,boston_database_7wQKqB8f8mmOlzPVp_KeXg,0,0,36.1432770425984,0.2507770359516144,15.80347728729248,0.0003417968691792339,0.10000000149011612,uniform,blur,uniform same-energy,resnet18,1235,0
cph_query_-BH_JCTriNnLeoSt0e51lQ,cph_database_6CANlvoIvwlMpdsIrbbUmA,871,0.6989513635635376,boston_database_4mzQ9KJnbqfpHrK-m5aFTg,0.8304411172866821,-0.13148975372314453,boston_database_4mzQ9KJnbqfpHrK-m5aFTg,0,0,36.149375438531465,0.2507777214050293,15.781301498413086,0.0,0.10000000894069672,uniform,blur,uniform same-energy,resnet18,1235,0
london_query_-WUdEGuLIX2B2T8rBV0Rgw,london_database_i6pnlFjTqfrLeUs37ARKsg,59,0.8119891881942749,boston_database_-SQ-U4LuFzg4MylsKWaf9g,0.8654314279556274,-0.05344223976135254,boston_database_-SQ-U4LuFzg4MylsKWaf9g,0,0,36.25128154492314,0.25077107548713684,15.415307998657227,0.0029296875,0.09999999403953552,uniform,blur,uniform same-energy,resnet18,1235,0
manila_query_-EthLwRJMwt-Shb-xpIYlA,manila_database_6RVJjUHylLXW8_yzLJi4gw,701,0.7603145837783813,manila_database_1etdiOKnehK8IRpiHKe2Pg,0.846691906452179,-0.08637732267379761,manila_database_1etdiOKnehK8IRpiHKe2Pg,0,0,36.169585139899915,0.250765860080719,15.70803451538086,0.0,0.09999998658895493,uniform,blur,uniform same-energy,resnet18,1235,0
nairobi_query_0jIUlQnC_o05NHi_OMD_vg,nairobi_database_3xxeV1DoPMaR_eHJb0-MkQ,1,0.8710917234420776,zurich_database_4NRS_5YX0S3yJJSOofowlA,0.870951771736145,0.0001399517059326172,nairobi_database_3xxeV1DoPMaR_eHJb0-MkQ,1,1,36.44388203427688,0.2507733702659607,14.74660873413086,0.00807834230363369,0.10000000894069672,uniform,blur,uniform same-energy,resnet18,1235,0
toronto_query_-8imnyri_5yPaHzqoBtiSg,toronto_database_5e1J0xEuBEPa9eXQ9e2W-g,95,0.8269920349121094,toronto_database_ECmQ64-04E7vfP5IE4lV4g,0.9106112718582153,-0.08361923694610596,toronto_database_ECmQ64-04E7vfP5IE4lV4g,0,0,36.09515754215007,0.2507757842540741,15.979552268981934,0.0,0.10000000894069672,uniform,blur,uniform same-energy,resnet18,1235,0
zurich_query_-_SB4ERKdFDYkwavdkk6NA,zurich_database_1_gNZOBhjuqXWwNw0QqCaA,4,0.8781125545501709,boston_database_43MOWRCtGVln5Lbuq6cYBw,0.8788927793502808,-0.0007802248001098633,boston_database_43MOWRCtGVln5Lbuq6cYBw,1,1,36.15441445584287,0.2507616877555847,15.763001441955566,0.0,0.10000000149011612,uniform,blur,uniform same-energy,resnet18,1235,0
amman_query_0NfGsYmI9MkLl0JzfO-tJg,amman_database_RybCghn6dxdppOd3XPQXhw,1894,0.6540334224700928,amman_database_5XoaP1Muw6iwIBg_kWYFaQ,0.8583897352218628,-0.20435631275177002,amman_database_5XoaP1Muw6iwIBg_kWYFaQ,0,0,36.08118967955298,0.2507748603820801,16.031028747558594,0.0,0.09999999403953552,uniform,blur,uniform same-energy,resnet18,1235,0
boston_query_-DZ2jmUKLylFospVHUJx9w,boston_database_N3OTKcW9hTAp9nLQb5vvXQ,30,0.8313226699829102,boston_database_08Ee0x4RX98medABwOiFEg,0.8711937665939331,-0.03987109661102295,boston_database_08Ee0x4RX98medABwOiFEg,0,0,36.13992189691124,0.2507767975330353,15.815690994262695,0.00045572916860692203,0.09999999403953552,uniform,blur,uniform same-energy,resnet18,1235,0
cph_query_-CmhgNHgZVau1Sw841AZJw,cph_database_-WLoHKY0ip7EewEcN8uwqQ,2,0.8717291355133057,boston_database_1StmGbzpFQ1HuzFV-V2_5A,0.872784435749054,-0.001055300235748291,boston_database_1StmGbzpFQ1HuzFV-V2_5A,1,1,36.159153928086496,0.2507777214050293,15.745808601379395,0.0009060329757630825,0.10000000894069672,uniform,blur,uniform same-energy,resnet18,1235,0
london_query_-WZeEq0W1pr6VJS4t3dR0g,london_database_5_ziGZ9lgouSBDtEhw834Q,1,0.7861169576644897,cph_database_4omIq6XeHB0_VWSrQKcI6w,0.7789884209632874,0.007128536701202393,london_database_5_ziGZ9lgouSBDtEhw834Q,1,1,36.261587895286084,0.2507795989513397,15.378768920898438,0.0021158854942768812,0.10000000149011612,uniform,blur,uniform same-energy,resnet18,1235,0
manila_query_-GD9SrklFbEy7mNAK9uIXg,manila_database_3-gSfEXfZFJB6UNSXSK02g,28,0.8247792720794678,manila_database_4__xTySvhbOwYQ1_EJAhug,0.8531415462493896,-0.028362274169921875,manila_database_4__xTySvhbOwYQ1_EJAhug,0,0,36.108328062553035,0.2507722079753876,15.93116569519043,0.0,0.09999999403953552,uniform,blur,uniform same-energy,resnet18,1235,0
nairobi_query_0o5iaNnZzqS9cqJ1tMT85g,nairobi_database_NoG9ZUE9lu8WisRacbbNUw,163,0.7958866357803345,nairobi_database_n1PCtejzqVRzsDEOW3YjuA,0.863114595413208,-0.06722795963287354,nairobi_database_n1PCtejzqVRzsDEOW3YjuA,0,0,36.08434693617219,0.2507769465446472,16.019378662109375,0.0,0.10000000149011612,uniform,blur,uniform same-energy,resnet18,1235,0
toronto_query_-8zrNMH6voa2ZtBaGNpoYQ,toronto_database_5KWZplgAeg8SoiyL3fb1CA,1,0.9121092557907104,zurich_database_2IFVvdawkgwfoEkc1UpdCw,0.9058963060379028,0.006212949752807617,toronto_database_5KWZplgAeg8SoiyL3fb1CA,1,1,36.093617184492366,0.25077539682388306,15.985220909118652,0.0,0.09999998658895493,uniform,blur,uniform same-energy,resnet18,1235,0
zurich_query_-bwmsEYfSnHpjkqrw0Vn6g,zurich_database_1_gNZOBhjuqXWwNw0QqCaA,1,0.8984365463256836,amman_database_COxopER5Ds_Wn3viS4hFnQ,0.8676396608352661,0.03079688549041748,zurich_database_1_gNZOBhjuqXWwNw0QqCaA,1,1,36.14213505374049,0.25076839327812195,15.807633399963379,0.0,0.09999999403953552,uniform,blur,uniform same-energy,resnet18,1235,0
amman_query_0PLHged3iWJuuv8xOPB5rA,amman_database_HrGES6C0zJzcc7fxoUh1wA,4,0.8380775451660156,amman_database_3ZbkOYTSJMb7R5Av7soq9A,0.842255711555481,-0.004178166389465332,amman_database_3ZbkOYTSJMb7R5Av7soq9A,1,1,36.10807017188867,0.25077390670776367,15.932111740112305,0.0,0.10000000894069672,uniform,blur,uniform same-energy,resnet18,1235,0
boston_query_-EHBZ4-3d6vENYYFm7mWEw,boston_database_4mzQ9KJnbqfpHrK-m5aFTg,2,0.8937177658081055,boston_database_-BzrVPIrGylZQ8H15WaRYg,0.8989781141281128,-0.005260348320007324,boston_database_-BzrVPIrGylZQ8H15WaRYg,1,1,36.237196394439295,0.2507772147655487,15.465384483337402,0.0017035590717568994,0.10000001639127731,uniform,blur,uniform same-energy,resnet18,1235,0
cph_query_-CrgHhqoywCPgzsSAabnsw,cph_database_L9eWYNDLPVUHOitjad3-fw,29,0.8346184492111206,zurich_database_4-amN7nLphQF0Qv7LEKCqQ,0.8714255094528198,-0.03680706024169922,zurich_database_4-amN7nLphQF0Qv7LEKCqQ,0,0,36.10331961287625,0.2507767975330353,15.949548721313477,0.0,0.09999999403953552,uniform,blur,uniform same-energy,resnet18,1235,0
london_query_-WyzcGh-_EYVhI50Y9F08Q,london_database_0lYDTfjiFald7StHlzc7LA,124,0.7576209306716919,boston_database_0QoQ8ZS1gO0jR1VGgcTNQg,0.8134140968322754,-0.055793166160583496,boston_database_0QoQ8ZS1gO0jR1VGgcTNQg,0,0,36.129425494779646,0.2507733702659607,15.853961944580078,0.0,0.10000000894069672,uniform,blur,uniform same-energy,resnet18,1235,0
manila_query_-GRDcYlSjwLZPQ0LqKatqA,manila_database_1iBFV1kM2kGBlSrYoFdpUg,248,0.7789996862411499,manila_database_0ngRAbovek9HaVT_tiAhZA,0.8836021423339844,-0.10460245609283447,manila_database_0ngRAbovek9HaVT_tiAhZA,0,0,36.08191159361609,0.2507776916027069,16.028364181518555,0.0,0.10000000149011612,uniform,blur,uniform same-energy,resnet18,1235,0
nairobi_query_0u9pYEI4g20T0TGGb3Q_mw,nairobi_database_aGKLyNG-tz3P1x2U4mUJ3A,192,0.7924292087554932,amman_database_5s3MIXJYUKdnuJfqu7y9IA,0.8508197069168091,-0.05839049816131592,amman_database_5s3MIXJYUKdnuJfqu7y9IA,0,0,36.09352131891629,0.2507672607898712,15.985573768615723,0.0,0.09999999403953552,uniform,blur,uniform same-energy,resnet18,1235,0
toronto_query_-90qYles5GKU3ikhCYP3xg,toronto_database_3z_-YNKqn9FaBhA2mLecZA,3,0.8361318111419678,amman_database_ONY-rsH_3nthK111PVrqsg,0.84975665807724,-0.013624846935272217,amman_database_ONY-rsH_3nthK111PVrqsg,1,1,36.09419164499175,0.2507738769054413,15.98310661315918,0.0,0.10000000149011612,uniform,blur,uniform same-energy,resnet18,1235,0
zurich_query_-ckZ0rXdz4mibIinNjdoZQ,zurich_database_0CNUMCswDWSt1Tp69k2vzw,71,0.8326037526130676,boston_database_-mWT0mJb5wFO7JlmClY0gg,0.8870506286621094,-0.05444687604904175,boston_database_-mWT0mJb5wFO7JlmClY0gg,0,0,36.10689763840534,0.2507748603820801,15.936413764953613,0.0,0.09999999403953552,uniform,blur,uniform same-energy,resnet18,1235,0
amman_query_0R0A_PhOAjP-uMDPM7p7mA,amman_database_IceuJQN2uOI5xXzHFlNWHw,1,0.883805513381958,cph_database_7nXNULfmHeGICC425Cmpmg,0.8708558082580566,0.012949705123901367,amman_database_IceuJQN2uOI5xXzHFlNWHw,1,1,36.10359384203288,0.25077372789382935,15.948541641235352,0.0,0.09999999403953552,uniform,blur,uniform same-energy,resnet18,1235,0
boston_query_-F1y-kaybMQbp8p7UR03TA,boston_database_1TRosqyedrbYP4Uf-dFqhA,49,0.7849961519241333,boston_database_5DPaJ0eCRYZ5-n_thSbRmw,0.8671607971191406,-0.08216464519500732,boston_database_5DPaJ0eCRYZ5-n_thSbRmw,0,0,36.17236802522739,0.25077196955680847,15.697972297668457,0.004421657882630825,0.10000000894069672,uniform,blur,uniform same-energy,resnet18,1235,0
cph_query_-EJZ9qR_FRIGfCF6DhQCJg,cph_database_-QWxOCFh2Cw3JbcqTX28OQ,1,0.892012894153595,cph_database_7We2jHKYlziAQQ0G28eWfw,0.8730076551437378,0.019005239009857178,cph_database_-QWxOCFh2Cw3JbcqTX28OQ,1,1,36.1004856275204,0.25077372789382935,15.959959983825684,0.0,0.09999999403953552,uniform,blur,uniform same-energy,resnet18,1235,0
london_query_-XIh6yuegk86oURAbggPpw,london_database_1deRosoILxJD1tXLjblJGQ,8,0.8615701198577881,london_database_1xjEFtVi8VFN8Sb0jMBQPw,0.8754205703735352,-0.01385045051574707,london_database_1xjEFtVi8VFN8Sb0jMBQPw,0,1,36.1048948486389,0.2507641017436981,15.943764686584473,0.0,0.10000000894069672,uniform,blur,uniform same-energy,resnet18,1235,0
manila_query_-GYvqZ8BYSfzGUbFI13obA,manila_database_5epuq5tYovqXrYnobxqP_A,47,0.7930691242218018,manila_database_LlTZZ-urDXw016bTcDEGUQ,0.8592972755432129,-0.06622815132141113,manila_database_LlTZZ-urDXw016bTcDEGUQ,0,0,36.470485666229905,0.2507648766040802,14.656551361083984,0.00439453125,0.10000000149011612,uniform,blur,uniform same-energy,resnet18,1235,0
nairobi_query_16KxNH7RD-4ITdBTZKvAXw,nairobi_database_dM7fC2AkybfrCZcjVXnR5A,26,0.8134641647338867,nairobi_database_L7HQ20CuWeW1lZ721bPiYw,0.8573070764541626,-0.04384291172027588,nairobi_database_L7HQ20CuWeW1lZ721bPiYw,0,0,36.32810905988296,0.25077587366104126,15.14500617980957,0.005875651258975267,0.09999997913837433,uniform,blur,uniform same-energy,resnet18,1235,0
toronto_query_-95Ypw11XUgNqZdY5m4GCw,toronto_database_hVExz7tZBsxQPaRmQofLqw,187,0.8091485500335693,toronto_database_6DG0NOpP2eNtbw-xsmZZoQ,0.8932120203971863,-0.08406347036361694,toronto_database_6DG0NOpP2eNtbw-xsmZZoQ,0,0,36.30832573204419,0.25077539682388306,15.214153289794922,0.0,0.09999998658895493,uniform,blur,uniform same-energy,resnet18,1235,0
zurich_query_-fOHAPAq-KX4XPlg0JJPvg,zurich_database_vx286XWMLd3dewgXDtkHug,492,0.78774094581604,cph_database_L9eWYNDLPVUHOitjad3-fw,0.8619906306266785,-0.07424968481063843,cph_database_L9eWYNDLPVUHOitjad3-fw,0,0,36.44826793476307,0.25076672434806824,14.73172378540039,0.0355902761220932,0.10000000149011612,uniform,blur,uniform same-energy,resnet18,1235,0
amman_query_0RRGZCCzxqj8dJzhN-RnQQ,amman_database_03BobRbPyEDe0jl1HDZCYw,404,0.7572706937789917,amman_database_GiotUCR1nlkHmoamgZzwvA,0.852301299571991,-0.09503060579299927,amman_database_GiotUCR1nlkHmoamgZzwvA,0,0,36.11904509508286,0.25077247619628906,15.891901016235352,0.0,0.10000000149011612,uniform,blur,uniform same-energy,resnet18,1235,0
boston_query_-GJo3fVMwIWZoCYgf09NLQ,boston_database_TrnYf4ZaimSqB0wbH8H6TQ,224,0.7800066471099854,manila_database_4wD1mGLONGf00rZi4YuGqw,0.8435466289520264,-0.06353998184204102,manila_database_4wD1mGLONGf00rZi4YuGqw,0,0,36.3941545269157,0.25076887011528015,14.916430473327637,0.004199218936264515,0.09999999403953552,uniform,blur,uniform same-energy,resnet18,1235,0
cph_query_-Eb1W6216G9S88OFy95k4Q,cph_database_68e8QoWDyBwLyhV3l9WyrQ,1,0.8124630451202393,london_database_1E751fa5IFU6_Pkl6cWp-w,0.7816505432128906,0.030812501907348633,cph_database_68e8QoWDyBwLyhV3l9WyrQ,1,1,36.09474985396145,0.25077563524246216,15.98105239868164,0.0,0.09999999403953552,uniform,blur,uniform same-energy,resnet18,1235,0
london_query_-XZRTRoj7LEefbZ7UDBzXg,london_database_ogCqZhn7TrfEmF64Tg9z1Q,883,0.7742598056793213,boston_database_0nVucTiqCktiYWTPaBpNcw,0.8725521564483643,-0.09829235076904297,boston_database_0nVucTiqCktiYWTPaBpNcw,0,0,36.17678299460747,0.2507736384868622,15.682022094726562,0.0,0.10000000894069672,uniform,blur,uniform same-energy,resnet18,1235,0
manila_query_-HF88JWAO1GDy0F6B4ZeZg,manila_database_kXY2QOlj-Ec0ed2TK1cUAQ,17,0.8252757787704468,manila_database_4qIWqStmpzDvTYuTMvXJZw,0.8513380885124207,-0.026062309741973877,manila_database_4qIWqStmpzDvTYuTMvXJZw,0,0,36.09182174042974,0.2507726848125458,15.991830825805664,0.0,0.09999999403953552,uniform,blur,uniform same-energy,resnet18,1235,0
nairobi_query_183WoPTmmjfRAAmVLL6TDw,nairobi_database_2LeF9KuB512kTBv6IyAFcg,103,0.7993687391281128,boston_database_0ZuEuJjkajztnI_h9TmMdw,0.8567709922790527,-0.05740225315093994,boston_database_0ZuEuJjkajztnI_h9TmMdw,0,0,36.08675932818671,0.2507767081260681,16.010482788085938,0.0,0.10000001639127731,uniform,blur,uniform same-energy,resnet18,1235,0
toronto_query_-9p2_cESNINnXfab4o-dKQ,toronto_database_3tXViWEI0hLzpPBjx96sJg,203,0.8066811561584473,amman_database_1B2fSTtZhYHVntYjZKQkVw,0.884455680847168,-0.0777745246887207,amman_database_1B2fSTtZhYHVntYjZKQkVw,0,0,36.120559042702716,0.2507762610912323,15.886362075805664,0.0,0.10000000149011612,uniform,blur,uniform same-energy,resnet18,1235,0
zurich_query_-iln48QPRjkI40nJSzd6lg,zurich_database_NasE77S9sgnm7re_4N6NLQ,1,0.9106101989746094,zurich_database_6coxnyf3BEzk3VmKWC7GNA,0.8904735445976257,0.020136654376983643,zurich_database_NasE77S9sgnm7re_4N6NLQ,1,1,36.11629850263431,0.2507728934288025,15.901954650878906,0.0,0.10000001639127731,uniform,blur,uniform same-energy,resnet18,1235,0
amman_query_0fPb7in-cHyh0MAM_N6Zwg,amman_database_8r07G8v9DPBbTM53Lqo7uw,4,0.8850317597389221,cph_database_5F9c2L0ay4ro_4tXCyjfNg,0.8905380964279175,-0.005506336688995361,cph_database_5F9c2L0ay4ro_4tXCyjfNg,1,1,36.08349950329754,0.25077489018440247,16.022504806518555,0.0,0.09999999403953552,uniform,blur,uniform same-energy,resnet18,1235,0
boston_query_-HufF4iDO00S4hZK96hUyw,boston_database_6jdzzSIJzD8Fu9L7YOsC9A,1,0.8743510842323303,zurich_database_4FlzweEjVGvnW3C9lZIYrw,0.8682041764259338,0.006146907806396484,boston_database_6jdzzSIJzD8Fu9L7YOsC9A,1,1,36.10574620724521,0.2507752776145935,15.94063949584961,0.0,0.10000000894069672,uniform,blur,uniform same-energy,resnet18,1235,0
cph_query_-Efn_mUBXLqGWGzUw3Youw,cph_database_5uaDLiIMu4DnwKCA9ojhMw,6,0.8457798957824707,toronto_database_2j1PywoBiilyvBDanvmevQ,0.8639987707138062,-0.01821887493133545,toronto_database_2j1PywoBiilyvBDanvmevQ,0,1,36.15753759387011,0.2507750391960144,15.751669883728027,0.0012152778217568994,0.10000000149011612,uniform,blur,uniform same-energy,resnet18,1235,0
london_query_-b5BCVv9Qd6OhZGxpoqS5A,london_database_0QHdIjniSOBq1t8_i9JWAg,2,0.8871070742607117,cph_database_bGaq-m6X5U6XoYAZtNWTUQ,0.8973058462142944,-0.010198771953582764,cph_database_bGaq-m6X5U6XoYAZtNWTUQ,1,1,36.37539503105925,0.2507712244987488,14.981001853942871,0.02801106683909893,0.10000000149011612,uniform,blur,uniform same-energy,resnet18,1235,0
manila_query_-KU1q5fdqSI_GghxKumbeg,manila_database_6UUAvbH1Pt-9nHu_FbEMRA,117,0.8094968795776367,manila_database_80f7_QcQsb6CovNesB-jzA,0.8534915447235107,-0.04399466514587402,manila_database_80f7_QcQsb6CovNesB-jzA,0,0,36.26550174859672,0.25076907873153687,15.36491584777832,0.0032931857276707888,0.10000001639127731,uniform,blur,uniform same-energy,resnet18,1235,0
nairobi_query_19K8RILgg4ErFKJ9l5D9zQ,nairobi_database_6TX4ZR0VfqHmNorJfDCQdA,109,0.7665949463844299,nairobi_database_L7HQ20CuWeW1lZ721bPiYw,0.8622456789016724,-0.09565073251724243,nairobi_database_L7HQ20CuWeW1lZ721bPiYw,0,0,36.18427005302084,0.25077298283576965,15.655010223388672,0.0032823351211845875,0.09999999403953552,uniform,blur,uniform same-energy,resnet18,1235,0
toronto_query_-Af6Q3npKjccLu7TwYvlsQ,toronto_database_yYY-DeUP22gC30oEG2c9_A,1,0.8786731958389282,manila_database_2t6CUEulrqnEMtvcaGVfrA,0.8427557349205017,0.035917460918426514,toronto_database_yYY-DeUP22gC30oEG2c9_A,1,1,36.15879252813282,0.25077441334724426,15.747118949890137,0.0,0.10000000149011612,uniform,blur,uniform same-energy,resnet18,1235,0
zurich_query_-ldtR3_I7eHdDGYU5BNczg,zurich_database_6Tpy6Xxof6fyaFeCZtbsEg,262,0.7857259511947632,zurich_database_0VIPNNiH89sDerQWKlMkFQ,0.8382055163383484,-0.052479565143585205,zurich_database_0VIPNNiH89sDerQWKlMkFQ,0,0,36.083731121975305,0.2507728934288025,16.021650314331055,0.0,0.10000001639127731,uniform,blur,uniform same-energy,resnet18,1235,0
amman_query_0mtodUgJmOV4UK-0AiTGHg,amman_database_UX1YuIhPO2Xhxp7YP0Xf5w,5,0.8434803485870361,boston_database_-OKhxL3ozQnsPnzzoCpFag,0.8534873127937317,-0.010006964206695557,boston_database_-OKhxL3ozQnsPnzzoCpFag,1,1,36.11268436066909,0.2507745921611786,15.915193557739258,0.0,0.09999999403953552,uniform,blur,uniform same-energy,resnet18,1235,0
boston_query_-IYAXZ4yoOS7SzEIu2m-me,boston_database_4ZbdgBgOEO3l9iL-DzVnYA,23,0.6550021171569824,boston_database_5g8yJhnj8EfOWv5r3id1kw,0.7167768478393555,-0.06177473068237305,boston_database_5g8yJhnj8EfOWv5r3id1kw,0,0,36.1127754452935,0.25076577067375183,15.914859771728516,0.0,0.10000001639127731,uniform,blur,uniform same-energy,resnet18,1235,0
cph_query_-F5w8wQO0CU26PCfOqANzA,cph_database_2DoeyqFykZ0Nwt_gBPq6hQ,88,0.8313384056091309,cph_database_91artjOPa7CHWMvO0jRGBA,0.8684262037277222,-0.03708779811859131,cph_database_91artjOPa7CHWMvO0jRGBA,0,0,36.09768279578438,0.2507787048816681,15.970263481140137,0.0,0.09999999403953552,uniform,blur,uniform same-energy,resnet18,1235,0
london_query_-c-T7aulp9a5g-J9zYbYiQ,london_database_6MbCpJaLFsTGxLRixQ3Grg,424,0.7925976514816284,zurich_database_1RM5Mx-wajw1Nbo7PHHTwg,0.8788319826126099,-0.08623433113098145,zurich_database_1RM5Mx-wajw1Nbo7PHHTwg,0,0,36.21733410201231,0.25077247619628906,15.536276817321777,0.0017144096782431006,0.10000000149011612,uniform,blur,uniform same-energy,resnet18,1235,0
manila_query_-KoSUCrB2w1FscwO9vyRlw,manila_database_oo2Hf8Bz8vmfSX2BP81how,147,0.777556836605072,manila_database_qtxcmhtwgJidBJJam2iDkw,0.848118782043457,-0.07056194543838501,manila_database_qtxcmhtwgJidBJJam2iDkw,0,0,36.09397605144946,0.25076842308044434,15.98390007019043,0.0,0.10000000149011612,uniform,blur,uniform same-energy,resnet18,1235,0
nairobi_query_1J7o8IGEriKnTs-ay8aPNQ,nairobi_database_cX5HjnSllcBLRmqUIvPa5g,1,0.8660152554512024,nairobi_database_L7HQ20CuWeW1lZ721bPiYw,0.8533312082290649,0.012684047222137451,nairobi_database_cX5HjnSllcBLRmqUIvPa5g,1,1,36.194663714141285,0.2507738769054413,15.617588996887207,0.0028103298973292112,0.10000000149011612,uniform,blur,uniform same-energy,resnet18,1235,0
toronto_query_-AlgHQUWzDPe9bpb8ZAzSA,toronto_database_7iysBerUISRHtFS0RUVgTg,39,0.8339852690696716,manila_database_2Ek2Y4Mw82uYV9iRYA_kHA,0.881682276725769,-0.04769700765609741,manila_database_2Ek2Y4Mw82uYV9iRYA_kHA,0,0,36.13152562177318,0.25077587366104126,15.846297264099121,0.0,0.09999997913837433,uniform,blur,uniform same-energy,resnet18,1235,0
zurich_query_-m5K41q4X0r8qu_XnaYlIg,zurich_database_y6v4y08NV3KIHLZv6Vcj6A,20,0.8699622750282288,manila_database_YAr_6aQgtNVbe7GhT70obQ,0.8886085152626038,-0.018646240234375,manila_database_YAr_6aQgtNVbe7GhT70obQ,0,0,36.29271744398763,0.25077417492866516,15.268930435180664,0.0,0.10000000894069672,uniform,blur,uniform same-energy,resnet18,1235,0
amman_query_0rJM3ZzX3JzTTpl0GCia8w,amman_database_1yCFFO2hv_bRMTuOu7_MZQ,392,0.6517214775085449,amman_database_RybCghn6dxdppOd3XPQXhw,0.8663314580917358,-0.21460998058319092,amman_database_RybCghn6dxdppOd3XPQXhw,0,0,36.15753286094029,0.250778466463089,15.751687049865723,0.0,0.10000000149011612,uniform,blur,uniform same-energy,resnet18,1235,0
boston_query_-Jix8HM-vXTXdWrXQwVvQw,boston_database_-wqITAE6FndKbzHZNsIJeA,2,0.8957340717315674,boston_database_3Au55BZeH2nnxvZ9miF9cg,0.8993686437606812,-0.0036345720291137695,boston_database_3Au55BZeH2nnxvZ9miF9cg,1,1,36.249365755667945,0.2507769465446472,15.422109603881836,0.0020616319961845875,0.10000000149011612,uniform,blur,uniform same-energy,resnet18,1235,0
cph_query_-FLAkBWjfrY2RcqaQ-LgmQ,cph_database_mM7P8ptP9qs40DDOdxQu6Q,3,0.9214180707931519,cph_database_5i_SrA0XpJKR_sBDXaaAGQ,0.9311037063598633,-0.009685635566711426,cph_database_5i_SrA0XpJKR_sBDXaaAGQ,1,1,36.082346763710206,0.25077390670776367,16.026758193969727,0.0,0.10000000894069672,uniform,blur,uniform same-energy,resnet18,1235,0
london_query_-cAVonhAOLeSK7tfil0ceg,london_database_8pfnISpuJMiyPo4lVAKOXg,38,0.8294026851654053,london_database_1hOEd6DEV2g1FGFTXt7nKA,0.8628418445587158,-0.03343915939331055,london_database_1hOEd6DEV2g1FGFTXt7nKA,0,0,36.26290208890101,0.2507786750793457,15.374115943908691,0.02146809920668602,0.09999999403953552,uniform,blur,uniform same-energy,resnet18,1235,0
manila_query_-LBCdeO8C8kj5IjX1m3XTA,manila_database_-krzFiiOp_6LbfDayIsX1A,198,0.7937063574790955,manila_database_6pTorDOFr12ZBxCLKF-BZw,0.8619796633720398,-0.06827330589294434,manila_database_6pTorDOFr12ZBxCLKF-BZw,0,0,36.17495337243941,0.25077009201049805,15.688630104064941,0.0,0.10000000894069672,uniform,blur,uniform same-energy,resnet18,1235,0
nairobi_query_1YjlKCdHNgoQBY8yOFqlmw,nairobi_database_FuBkR1fbVVpCW5nvjIU89g,7,0.8083266615867615,zurich_database_3CheeIU37UA57000lgsiQQ,0.8336398601531982,-0.025313198566436768,zurich_database_3CheeIU37UA57000lgsiQQ,0,1,36.300436587085905,0.25077348947525024,15.241815567016602,0.0,0.09999998658895493,uniform,blur,uniform same-energy,resnet18,1235,0
toronto_query_-B-3B3MjxX0UdrDIo-8kmA,toronto_database_-AzdCE_6bZoUqQg2nxvEXQ,8,0.8729138374328613,toronto_database_0Xd5A1HQH8R9fdiXX-PmOg,0.8820319771766663,-0.009118139743804932,toronto_database_0Xd5A1HQH8R9fdiXX-PmOg,0,1,36.17587006757091,0.25077489018440247,15.685318946838379,0.0019585504196584225,0.09999999403953552,uniform,blur,uniform same-energy,resnet18,1235,0
zurich_query_-nhCCSRwlsxqJsUbzqZvCQ,zurich_database_5hOStvk5qjU3iKb8wDonkw,1003,0.7214615345001221,boston_database_6eo_PB8XxYq0xLQ6q1SGuw,0.8146034479141235,-0.09314191341400146,boston_database_6eo_PB8XxYq0xLQ6q1SGuw,0,0,36.087663803289985,0.2507608234882355,16.00714874267578,0.0,0.10000000894069672,uniform,blur,uniform same-energy,resnet18,1235,0
amman_query_12LbsAl_T_jgw2JHgbR5ng,amman_database_48QNUOWeMH0KrknHieOl3Q,384,0.8083610534667969,amman_database_jeZSOjsaBEcvWjfubFGbzw,0.9262756109237671,-0.11791455745697021,amman_database_jeZSOjsaBEcvWjfubFGbzw,0,0,36.083025964268145,0.25077250599861145,16.02425193786621,0.0,0.10000000149011612,uniform,blur,uniform same-energy,resnet18,1235,0
boston_query_-Jv7RF27BSJIV-gqOI7KxZ,boston_database_P8zBjVDJ8gQGkj97FOP5Z-,33,0.8225323557853699,london_database_61IlcBTeZRkr7Jvb2-IVaQ,0.8522017002105713,-0.029669344425201416,london_database_61IlcBTeZRkr7Jvb2-IVaQ,0,0,36.90811346348611,0.25076624751091003,13.25162124633789,0.02491319365799427,0.10000000149011612,uniform,blur,uniform same-energy,resnet18,1235,0
cph_query_-GVbOpzggFXAot0UyKhx2g,cph_database_04Bz2mPV9xajFGZOxvcyAg,8,0.8937153816223145,cph_database_1r3p-PThKkp7dL6P7W7nrA,0.9245927333831787,-0.030877351760864258,cph_database_1r3p-PThKkp7dL6P7W7nrA,0,1,36.08632837170298,0.2507767975330353,16.01207160949707,0.0,0.09999999403953552,uniform,blur,uniform same-energy,resnet18,1235,0
london_query_-dHWRapn57-l_kynPnun3Q,london_database_8R0v__ddHErldoAh30NGAQ,10,0.8582148551940918,london_database_Au63mEM_QWbUdgTa-1C0Pw,0.8870759010314941,-0.028861045837402344,london_database_Au63mEM_QWbUdgTa-1C0Pw,0,1,36.10680719674579,0.25077274441719055,15.936745643615723,0.0004503038071561605,0.10000000149011612,uniform,blur,uniform same-energy,resnet18,1235,0
manila_query_-MH02w7P6jmmqnoUdL-55Q,manila_database_31P09aOdEXsPJyiA8d7DRA,19,0.8224701881408691,manila_database_U1FwUndEQdlXZ93Iz997UA,0.8545308113098145,-0.03206062316894531,manila_database_U1FwUndEQdlXZ93Iz997UA,0,0,36.18478095650117,0.2507763206958771,15.653168678283691,0.00010308159835403785,0.10000000149011612,uniform,blur,uniform same-energy,resnet18,1235,0
nairobi_query_1Z__CFelPzXEI1IEu_8QJw,nairobi_database_n1PCtejzqVRzsDEOW3YjuA,415,0.8099839687347412,manila_database_7jMO5NcoYo4Ka0s2PejP_Q,0.893203616142273,-0.08321964740753174,manila_database_7jMO5NcoYo4Ka0s2PejP_Q,0,0,36.18176482382474,0.2507741451263428,15.664043426513672,5.425347262644209e-05,0.10000000149011612,uniform,blur,uniform same-energy,resnet18,1235,0
toronto_query_-B136fRwqMBMXoc03yy-PQ,toronto_database_xjOMFXloX5yu5hsMzo21Ww,1,0.8853564262390137,zurich_database_EK_v4t0Y_zJRaqMlpuC4gA,0.8843485116958618,0.0010079145431518555,toronto_database_xjOMFXloX5yu5hsMzo21Ww,1,1,36.19618515691268,0.250775545835495,15.6121187210083,0.0023220486473292112,0.10000000894069672,uniform,blur,uniform same-energy,resnet18,1235,0
zurich_query_-tYWpAACOq7RfVvZJ-BAcQ,zurich_database_5BKPtlTmM2nsMwLqUHa0Ig,250,0.7786407470703125,toronto_database_5gR2GvdWi8_efGPscwDy_A,0.8444396257400513,-0.06579887866973877,toronto_database_5gR2GvdWi8_efGPscwDy_A,0,0,36.08114834236584,0.25076907873153687,16.03118133544922,0.0,0.10000001639127731,uniform,blur,uniform same-energy,resnet18,1235,0
amman_query_1HafWFxuyylXLnDzCoapDA,amman_database_48QNUOWeMH0KrknHieOl3Q,175,0.8250439167022705,amman_database_COxopER5Ds_Wn3viS4hFnQ,0.8884772062301636,-0.06343328952789307,amman_database_COxopER5Ds_Wn3viS4hFnQ,0,0,36.08487957470656,0.25077348947525024,16.017414093017578,0.0,0.09999998658895493,uniform,blur,uniform same-energy,resnet18,1235,0
boston_query_-Kg6j3FKy26wYRLBkE_dFQ,boston_database_08Ee0x4RX98medABwOiFEg,9,0.8650451898574829,toronto_database_1OKrJwSkMgWLOUyI6mfdmQ,0.8805227279663086,-0.015477538108825684,toronto_database_1OKrJwSkMgWLOUyI6mfdmQ,0,1,36.22143079559554,0.2507765293121338,15.521628379821777,0.0012966579524800181,0.10000000149011612,uniform,blur,uniform same-energy,resnet18,1235,0
cph_query_-G_OOR1_yAfdfgnlKYNKnQ,cph_database_527PbRnO33EZQAn_aXrATw,1,0.9112340211868286,cph_database_-Gsqo2oq6qH6iH8ucshhiA,0.8427624702453613,0.06847155094146729,cph_database_527PbRnO33EZQAn_aXrATw,1,1,36.11266926683014,0.2507767975330353,15.91524887084961,0.0,0.09999999403953552,uniform,blur,uniform same-energy,resnet18,1235,0
london_query_-dZ1k85FDVdFSbcG6_ECOA,london_database_Yz7eCBL40iYRogC_VrOciQ,9,0.8019611835479736,london_database_4xtgpNe3FmAQyzxnF9lLdA,0.8304909467697144,-0.028529763221740723,london_database_4xtgpNe3FmAQyzxnF9lLdA,0,1,36.32936858708822,0.25076839327812195,15.14061450958252,0.0026529948227107525,0.09999999403953552,uniform,blur,uniform same-energy,resnet18,1235,0
manila_query_-MKMMHEd33H1_45AJ8B5AA,manila_database_UHmqVlwY_tIWS997TaZywA,5,0.8458526134490967,manila_database_9-OqnhXHTkBDBXpCzh7y0Q,0.849709153175354,-0.0038565397262573242,manila_database_9-OqnhXHTkBDBXpCzh7y0Q,1,1,36.369301548343344,0.25077059864997864,15.002036094665527,0.0026692708488553762,0.10000000149011612,uniform,blur,uniform same-energy,resnet18,1235,0
nairobi_query_20W8wyVhxSIpj4ekTP7ezw,nairobi_database_8QrvtfnMMYvjycP4nESumw,137,0.7516687512397766,nairobi_database_5NmT9tDga_ogPbyZiowdeA,0.8362259268760681,-0.0845571756362915,nairobi_database_5NmT9tDga_ogPbyZiowdeA,0,0,36.08572210437024,0.2507794499397278,16.014307022094727,0.0,0.09999999403953552,uniform,blur,uniform same-energy,resnet18,1235,0
toronto_query_-BTAllhGXYkM_JsKwxUFMg,toronto_database_thqpfauTP254fUgBlCuy9Q,245,0.8187927007675171,toronto_database_4DjfS6EeioqDL5k7mux0cw,0.9308619499206543,-0.11206924915313721,toronto_database_4DjfS6EeioqDL5k7mux0cw,0,0,36.10967261766184,0.2507750391960144,15.926234245300293,0.0,0.10000000149011612,uniform,blur,uniform same-energy,resnet18,1235,0
zurich_query_-uQ-4tnYcOJ9WPXRG-ou3w,zurich_database_f1SDEHVOoXMPw3buE6no_A,356,0.809827446937561,london_database_7hadEPdEI2MGW7SMcZDBUA,0.8889216780662537,-0.07909423112869263,london_database_7hadEPdEI2MGW7SMcZDBUA,0,0,36.28342880508192,0.25077417492866516,15.30162239074707,0.010243055410683155,0.10000000894069672,uniform,blur,uniform same-energy,resnet18,1235,0
amman_query_1IWpn2b6V75KvNFoTU8UOQ,amman_database_UX1YuIhPO2Xhxp7YP0Xf5w,38,0.8339900970458984,boston_database_890bUQpWguhUny6KiFrBGQ,0.8711679577827454,-0.037177860736846924,boston_database_890bUQpWguhUny6KiFrBGQ,0,0,36.10315030579267,0.25077056884765625,15.950170516967773,0.0,0.10000000149011612,uniform,blur,uniform same-energy,resnet18,1235,0
boston_query_-LPTAIN0lPGriKBtXoH5Mg,boston_database_56C-uiBFbe1dAHezyJhDoA,1,0.9323331713676453,boston_database_6p1zONaTXLWQeJHQx0CIVw,0.9137661457061768,0.018567025661468506,boston_database_56C-uiBFbe1dAHezyJhDoA,1,1,36.11316661041202,0.25078150629997253,15.913426399230957,0.0,0.10000000894069672,uniform,blur,uniform same-energy,resnet18,1235,0
cph_query_-Gsj5kZ1V6uLXFxzeI7G2Q,cph_database_8dPByQ0w0nJ6JQ0Dt2phAg,225,0.8141058683395386,cph_database_2XjBAvIVehCi1oTjgqkw9w,0.8683624267578125,-0.054256558418273926,cph_database_2XjBAvIVehCi1oTjgqkw9w,0,0,36.08171521284104,0.25077173113822937,16.029088973999023,0.0,0.10000000894069672,uniform,blur,uniform same-energy,resnet18,1235,0
london_query_-dp5VWHVq4LzwLgq7y7yhw,london_database_6A3rCfSXyE2THTGgLGEh9A,137,0.7745022773742676,london_database_6QeCroSKkwmhf9sxqtSj7Q,0.8493629693984985,-0.07486069202423096,london_database_6QeCroSKkwmhf9sxqtSj7Q,0,0,36.088362468494054,0.2507776916027069,16.004573822021484,0.0,0.10000000894069672,uniform,blur,uniform same-energy,resnet18,1235,0
manila_query_-N4wDG2Fhm38ZVy0hGp8_A,manila_database_-Fetcixx23dnC3G5T1XYGQ,137,0.7945157289505005,toronto_database_3kA21VsH9vnqPH6X0blOUQ,0.8511736392974854,-0.05665791034698486,toronto_database_3kA21VsH9vnqPH6X0blOUQ,0,0,36.09612987614815,0.2507696747779846,15.975975036621094,0.0,0.09999998658895493,uniform,blur,uniform same-energy,resnet18,1235,0
nairobi_query_2CNtCHy0TUbebdEFLYNrIQ,nairobi_database_3xxeV1DoPMaR_eHJb0-MkQ,11,0.8451025485992432,nairobi_database_5nj9SryW0zrvMpEtOd9gjg,0.864574670791626,-0.019472122192382812,nairobi_database_5nj9SryW0zrvMpEtOd9gjg,0,0,36.407854115122454,0.25077348947525024,14.869451522827148,0.00933159701526165,0.09999998658895493,uniform,blur,uniform same-energy,resnet18,1235,0
toronto_query_-Cdr8zjFdZw7nzz8_rwM4w,toronto_database_vHFdoApurhBvoN12-Y0jCA,233,0.8183331489562988,cph_database_6fnBKZ5y6JLHZ30W5ZJgRg,0.8960642218589783,-0.07773107290267944,cph_database_6fnBKZ5y6JLHZ30W5ZJgRg,0,0,36.08750079758042,0.2507760226726532,16.007749557495117,0.0,0.09999999403953552,uniform,blur,uniform same-energy,resnet18,1235,0
zurich_query_0247N-PdpG4_iueC_9_G4g,zurich_database_5EBjYZoNQsB323r5P6H-HQ,1,0.88430255651474,boston_database_5dFWcq_sUeeshzN0y_GXew,0.8754962682723999,0.008806288242340088,zurich_database_5EBjYZoNQsB323r5P6H-HQ,1,1,36.29670724903076,0.25077298283576965,15.25490951538086,6.510417006211355e-05,0.09999999403953552,uniform,blur,uniform same-energy,resnet18,1235,0
amman_query_1Nmy4JnYnb5zA_JmbkDWBQ,amman_database_q8IKz1dYe84bII8aKmSgZw,468,0.7741134166717529,amman_database_Ld8UF_WG7d620clwmhmA7w,0.8940342664718628,-0.11992084980010986,amman_database_Ld8UF_WG7d620clwmhmA7w,0,0,36.08614317185042,0.2507738769054413,16.012754440307617,0.0,0.10000000149011612,uniform,blur,uniform same-energy,resnet18,1235,0
boston_query_-Lu6tv4tCQMDsXtxLtxMzQ,boston_database_-1Ur0I4BTjRYsKJqfcfVZQ,356,0.7842609882354736,cph_database_4DAmgI9qwyw3BPfQFAwfGg,0.8624924421310425,-0.07823145389556885,cph_database_4DAmgI9qwyw3BPfQFAwfGg,0,0,36.14759746178593,0.2507738769054413,15.787763595581055,0.0,0.10000000149011612,uniform,blur,uniform same-energy,resnet18,1235,0
cph_query_-HqO0GfYTRx5TzfB_6mTqA,cph_database_2zrgvYQU7Kp-VSZ9JSJPmQ,101,0.7506177425384521,zurich_database_6EMiVMe4EZnSgZzFBWjwdQ,0.8261417150497437,-0.0755239725112915,zurich_database_6EMiVMe4EZnSgZzFBWjwdQ,0,0,36.103276766134655,0.25077390670776367,15.949706077575684,0.0,0.10000000894069672,uniform,blur,uniform same-energy,resnet18,1235,0
london_query_-izmF6OCR-aIZLVQbzDbLQ,london_database__ENYSZz7Q9KszYaFV1vSBA,7,0.8158101439476013,zurich_database_AnBHGSdcVBJF9G2F_FOMBw,0.8319728374481201,-0.0161626935005188,zurich_database_AnBHGSdcVBJF9G2F_FOMBw,0,1,36.105837666128494,0.2507738769054413,15.940303802490234,0.0,0.10000000149011612,uniform,blur,uniform same-energy,resnet18,1235,0
manila_query_-P2actpgy_mRkcbLVKBjkQ,manila_database_vyM8BiFdQvLSI9ftVjzpCA,59,0.8348519206047058,cph_database_4BdWO7YCXasxr90wTqDpDw,0.8723576068878174,-0.03750568628311157,cph_database_4BdWO7YCXasxr90wTqDpDw,0,0,36.12672768073986,0.2507781684398651,15.863813400268555,0.0,0.10000000149011612,uniform,blur,uniform same-energy,resnet18,1235,0
nairobi_query_2OfDNnR5st7y8-O2ibiklQ,nairobi_database_1oH8UP6Fw5pq60tdS75mZA,153,0.7814117670059204,boston_database_DU3FJGAh3PrB45a580xbGg,0.8475948572158813,-0.06618309020996094,boston_database_DU3FJGAh3PrB45a580xbGg,0,0,36.170972798961444,0.25077489018440247,15.70301628112793,0.0,0.09999999403953552,uniform,blur,uniform same-energy,resnet18,1235,0
toronto_query_-DB8UBv2Rg4kTi6HTqrhOw,toronto_database_7KaJgQquLLRB5zIONHZkmQ,89,0.8298829197883606,zurich_database_-2NILOmSyIWLRVVEe-aflQ,0.8838156461715698,-0.05393272638320923,zurich_database_-2NILOmSyIWLRVVEe-aflQ,0,0,36.13842474620959,0.2507750391960144,15.821144104003906,0.0,0.10000000149011612,uniform,blur,uniform same-energy,resnet18,1235,0
zurich_query_046U_rtFmS-pAuZF-Zba0Q,zurich_database_5EBjYZoNQsB323r5P6H-HQ,8,0.8648043870925903,boston_database_3dQbA6O_0evX3zu7Qc-pYw,0.8842269778251648,-0.019422590732574463,boston_database_3dQbA6O_0evX3zu7Qc-pYw,0,1,36.38976299373019,0.2507728934288025,14.93152141571045,0.0003417968691792339,0.10000001639127731,uniform,blur,uniform same-energy,resnet18,1235,0
amman_query_1Tf2dWuS4el8fREHH1_k0w,amman_database_3ZbkOYTSJMb7R5Av7soq9A,98,0.7742824554443359,amman_database_03BobRbPyEDe0jl1HDZCYw,0.8537114858627319,-0.079429030418396,amman_database_03BobRbPyEDe0jl1HDZCYw,0,0,36.084597733557736,0.2507738769054413,16.01845359802246,0.0,0.10000000894069672,uniform,blur,uniform same-energy,resnet18,1235,0
boston_query_-N2T2kBE4uG56LTsyCQPJg,boston_database_DU3FJGAh3PrB45a580xbGg,232,0.8361262083053589,cph_database_2D0J2RQVRa8qy6ePe2g55A,0.891899585723877,-0.055773377418518066,cph_database_2D0J2RQVRa8qy6ePe2g55A,0,0,36.17655850820614,0.25077489018440247,15.682832717895508,0.0,0.09999999403953552,uniform,blur,uniform same-energy,resnet18,1235,0
cph_query_-I7HyKa_KIzMp2uMsvqUAg,cph_database_LVEAoVNNWTNKEOBa1RORzw,7,0.8321887850761414,cph_database_0rRbZapy_jGPOpPctSIjfQ,0.8728826642036438,-0.04069387912750244,cph_database_0rRbZapy_jGPOpPctSIjfQ,0,1,36.083230675678664,0.2507782280445099,16.023496627807617,0.0,0.10000000149011612,uniform,blur,uniform same-energy,resnet18,1235,0
london_query_-kd8SHN5N5wLOpzEu10rfQ,london_database_38ZrIUVXQTS5sib9nRLudA,61,0.818047821521759,cph_database_0GxLZOHP77ozyB6CMVyncA,0.8751192092895508,-0.05707138776779175,cph_database_0GxLZOHP77ozyB6CMVyncA,0,0,36.082164317732875,0.2507757842540741,16.02743148803711,0.0,0.10000000149011612,uniform,blur,uniform same-energy,resnet18,1235,0
manila_query_-PR9Q6-AlT31oRE_Ep_fnQ,manila_database_4TUkUeBbzT7zpYEOme51Yw,654,0.7668379545211792,toronto_database_fC-soM48OfYOsduoCag1MA,0.8660990595817566,-0.09926110506057739,toronto_database_fC-soM48OfYOsduoCag1MA,0,0,36.120688357458405,0.2507791817188263,15.885889053344727,0.0,0.09999998658895493,uniform,blur,uniform same-energy,resnet18,1235,0
nairobi_query_2QtumRO8ayl5p_Jb-rhTZQ,nairobi_database_wxcEU3WfT5kn7oD7HPwHkA,6,0.8188839554786682,nairobi_database_nyVKbHXQsaO_16tlW_NLag,0.8347337245941162,-0.015849769115447998,nairobi_database_nyVKbHXQsaO_16tlW_NLag,0,1,36.111873011088576,0.25077158212661743,15.918167114257812,0.0,0.09999998658895493,uniform,blur,uniform same-energy,resnet18,1235,0
toronto_query_-Dr7KE__egl6kS-yslctCg,toronto_database_JZHiKl7CE7BzdlGbop_5MA,58,0.8339846134185791,toronto_database_2t0xTT1EnuQR8PQInCMxyg,0.8788861036300659,-0.044901490211486816,toronto_database_2t0xTT1EnuQR8PQInCMxyg,0,0,36.08114472538069,0.25077441334724426,16.03119468688965,0.0,0.10000000149011612,uniform,blur,uniform same-energy,resnet18,1235,0
zurich_query_08U3p7js9TCivpCfLs0ZIw,zurich_database_gtNOuIAJb0GowBuaw7s_ng,25,0.8396860957145691,manila_database_5rjFma7r9oUAgRgPi5J3PA,0.8713934421539307,-0.03170734643936157,manila_database_5rjFma7r9oUAgRgPi5J3PA,0,0,36.58305554803963,0.2507655918598175,14.281532287597656,0.04353298619389534,0.09999999403953552,uniform,blur,uniform same-energy,resnet18,1235,0
amman_query_1TysYQA0N2AnJ5lzQWP07w,amman_database_dhvis9SvxQH-844ETKFegg,1,0.8866928815841675,amman_database_0ugNILZPtpQGFYzyHrZHow,0.8772314786911011,0.009461402893066406,amman_database_dhvis9SvxQH-844ETKFegg,1,1,36.10856542908752,0.2507741451263428,15.93029499053955,0.0,0.10000000149011612,uniform,blur,uniform same-energy,resnet18,1235,0
boston_query_-NRCmKPnLW6ukq5fovMufw,boston_database_4PSea1s0NN2bp469zyhxYA,181,0.8202989101409912,toronto_database_54RfgFEB0Y2p79jKww7EoA,0.8673645257949829,-0.0470656156539917,toronto_database_54RfgFEB0Y2p79jKww7EoA,0,0,36.14862044419705,0.25077563524246216,15.784045219421387,0.0,0.09999999403953552,uniform,blur,uniform same-energy,resnet18,1235,0
cph_query_-I8EyCiw4PS74_uGuMqUYQ,cph_database_-7ziE0jZDqPSFBV6BtizCg,2,0.8777284622192383,manila_database_LcTVwHyLKiNSNAfAcMEKHg,0.8825967311859131,-0.004868268966674805,manila_database_LcTVwHyLKiNSNAfAcMEKHg,1,1,36.14168049051999,0.2507741451263428,15.809288024902344,0.0,0.10000000149011612,uniform,blur,uniform same-energy,resnet18,1235,0
london_query_-qvarKx0xtSTs0tnxDE0oQ,london_database_Kz3Cq-q4WwlxQ_Rjgk305g,107,0.7253105044364929,manila_database_0rK0sGyVSA4u4PVc2Jv4-g,0.7900313138961792,-0.06472080945968628,manila_database_0rK0sGyVSA4u4PVc2Jv4-g,0,0,36.08928591406182,0.250775545835495,16.001171112060547,0.0,0.10000000894069672,uniform,blur,uniform same-energy,resnet18,1235,0
manila_query_-Qc1bZWefrpkNPZ60zZS5Q,manila_database_8eni-U_LFx5yc4OWmmBxDw,3,0.8248486518859863,nairobi_database_wBWiV1DS-7JT710m9NBw5g,0.8334563970565796,-0.008607745170593262,nairobi_database_wBWiV1DS-7JT710m9NBw5g,1,1,36.221868164535955,0.2507686913013458,15.520065307617188,0.0,0.10000000149011612,uniform,blur,uniform same-energy,resnet18,1235,0
nairobi_query_2RQpcoZ0MfOmswdfhpjw4g,nairobi_database_a9xNzoydjr-je93NA7mygg,58,0.8130455017089844,boston_database_3ao-DEd7AMSSjNH2xSoM6g,0.8495714664459229,-0.03652596473693848,boston_database_3ao-DEd7AMSSjNH2xSoM6g,0,0,36.275069772775,0.25077441334724426,15.33110237121582,0.0,0.10000000149011612,uniform,blur,uniform same-energy,resnet18,1235,0
toronto_query_-EilBTWhr8vjdDW-B7MU8A,toronto_database_WF69D5s_qIEzvnQmXGAMuw,165,0.8211259841918945,toronto_database_-AzdCE_6bZoUqQg2nxvEXQ,0.9121972918510437,-0.09107130765914917,toronto_database_-AzdCE_6bZoUqQg2nxvEXQ,0,0,36.562821645066464,0.2507724463939667,14.348225593566895,0.02047526091337204,0.10000000149011612,uniform,blur,uniform same-energy,resnet18,1235,0
zurich_query_0AlvsX9XlPHoz4joTTL7hQ,zurich_database_hutV0_YJEx993tFEXdcBQw,58,0.8151241540908813,manila_database_6RVJjUHylLXW8_yzLJi4gw,0.856865406036377,-0.041741251945495605,manila_database_6RVJjUHylLXW8_yzLJi4gw,0,0,36.11560079782706,0.2507722079753876,15.904509544372559,0.0,0.09999999403953552,uniform,blur,uniform same-energy,resnet18,1235,0
amman_query_1VTBGOTuAwvnyE1o4Pbm0Q,amman_database_21axHEFcyX-1hI673vVgLQ,18,0.8435463905334473,amman_database_03BobRbPyEDe0jl1HDZCYw,0.9043776988983154,-0.060831308364868164,amman_database_03BobRbPyEDe0jl1HDZCYw,0,0,36.08112250682369,0.2507750391960144,16.03127670288086,0.0,0.10000000149011612,uniform,blur,uniform same-energy,resnet18,1235,0
boston_query_-NSEL0mtEJlIM-oR5yFnFg,boston_database_Xt_8fOeVI9H7U0BbA0ZiIA,3,0.8985544443130493,boston_database_3yupn7WRtc81bu6cfHDrMQ,0.9146816730499268,-0.01612722873687744,boston_database_3yupn7WRtc81bu6cfHDrMQ,1,1,36.09942488385044,0.25078508257865906,15.963858604431152,0.0,0.09999999403953552,uniform,blur,uniform same-energy,resnet18,1235,0
cph_query_-IKk5Ns9ayTUN3tqBrl3Ow,cph_database_7xSO7Kjqq0aE2v_7ZVCC0w,23,0.826213002204895,cph_database_8M4dy-WkofHkWJjNyZ__XA,0.8674960136413574,-0.0412830114364624,cph_database_8M4dy-WkofHkWJjNyZ__XA,0,0,36.36376609412756,0.25077298283576965,15.021169662475586,0.0013292101211845875,0.09999999403953552,uniform,blur,uniform same-energy,resnet18,1235,0
london_query_-rtMM_qyd5EBLnADEBIUTA,london_database_2kohiXqR0ErQiG1NcteuFw,1,0.8701444864273071,nairobi_database_5fIX502GwN4iBedy_B8GeA,0.84178626537323,0.02835822105407715,london_database_2kohiXqR0ErQiG1NcteuFw,1,1,36.10811384584342,0.2507672607898712,15.931951522827148,0.0006944444612599909,0.09999999403953552,uniform,blur,uniform same-energy,resnet18,1235,0
manila_query_-QdSFqylfs0aHx31jOvTVg,manila_database_CHw2m63dDHzsLNk1VOjr4Q,2,0.8627005815505981,toronto_database_5ey9E_udkLByc3LTBLFD3A,0.8638902902603149,-0.0011897087097167969,toronto_database_5ey9E_udkLByc3LTBLFD3A,1,1,36.085757277977876,0.2507760226726532,16.014177322387695,0.0,0.09999999403953552,uniform,blur,uniform same-energy,resnet18,1235,0
nairobi_query_2Xgp5FmRFbMXgBspWoEFNg,nairobi_database_6TX4ZR0VfqHmNorJfDCQdA,59,0.788008451461792,nairobi_database_L7HQ20CuWeW1lZ721bPiYw,0.8300085067749023,-0.04200005531311035,nairobi_database_L7HQ20CuWeW1lZ721bPiYw,0,0,36.192080392326446,0.25077247619628906,15.62688159942627,0.0032063801772892475,0.10000000149011612,uniform,blur,uniform same-energy,resnet18,1235,0
toronto_query_-FOgEN8RNyKr0s933N-a0w,toronto_database_4HoCVRjKpsVKjy6DqpvCWg,56,0.8167321085929871,boston_database_0CdqJE7HgNLG75XJTNjPMA,0.8642523288726807,-0.047520220279693604,boston_database_0CdqJE7HgNLG75XJTNjPMA,0,0,36.11221881795258,0.2507757842540741,15.916899681091309,0.0,0.10000000149011612,uniform,blur,uniform same-energy,resnet18,1235,0
zurich_query_0F0ESDULqwk5km1KbyUEZw,zurich_database_0ovLGU2wBNPYJPZxMDzD7A,1,0.8804751038551331,boston_database_4-6GGfB8D4dopYQHTwjWMw,0.8755719065666199,0.004903197288513184,zurich_database_0ovLGU2wBNPYJPZxMDzD7A,1,1,36.20648029511571,0.2507726848125458,15.575153350830078,1.0850694707187358e-05,0.09999999403953552,uniform,blur,uniform same-energy,resnet18,1235,0
amman_query_1_jzc52w72UKyKztvVoygQ,amman_database_83JeviUS_J6DBsBA1i9tuA,34,0.8205200433731079,amman_database_03BobRbPyEDe0jl1HDZCYw,0.8704608678817749,-0.04994082450866699,amman_database_03BobRbPyEDe0jl1HDZCYw,0,0,36.0812294669672,0.2507738769054413,16.030881881713867,0.0,0.10000000149011612,uniform,blur,uniform same-energy,resnet18,1235,0
boston_query_-NUm2lI2JYWeHZ6lrL2eZA,boston_database_1k4pbpEWBwA9ojuy58J9oA,471,0.7988741397857666,boston_database_890bUQpWguhUny6KiFrBGQ,0.8859918713569641,-0.08711773157119751,boston_database_890bUQpWguhUny6KiFrBGQ,0,0,36.13934868747971,0.2507752776145935,15.817778587341309,0.0,0.10000000894069672,uniform,blur,uniform same-energy,resnet18,1235,0
cph_query_-JMzfm4NuuBt61JuZ2sggw,cph_database_02uitRS0uuOS0_5CDZMWgA,12,0.8799073100090027,cph_database_3mtls1Tx1EJYOo-2EOJ7Dw,0.904325008392334,-0.0244176983833313,cph_database_3mtls1Tx1EJYOo-2EOJ7Dw,0,0,36.60659535536415,0.25077131390571594,14.20433235168457,0.0042480467818677425,0.09999999403953552,uniform,blur,uniform same-energy,resnet18,1235,0
london_query_-u8BrzndSdD1lHKeeOwN1A,london_database_0lYDTfjiFald7StHlzc7LA,4,0.7690366506576538,london_database_-QKK8oyA3lo4YfRSEG7GEA,0.8318626880645752,-0.06282603740692139,london_database_-QKK8oyA3lo4YfRSEG7GEA,1,1,36.09756324091635,0.25077322125434875,15.970703125,0.0,0.10000000149011612,uniform,blur,uniform same-energy,resnet18,1235,0
manila_query_-QvNwUfMuYwx4zaJzG9hHA,manila_database_1ULE4xvSijSoRfTvGRP7sw,4,0.8382506370544434,manila_database_1dnSzIXjYwmrU2skXfu44w,0.8426028490066528,-0.004352211952209473,manila_database_1dnSzIXjYwmrU2skXfu44w,1,1,36.15118880079974,0.25076204538345337,15.774713516235352,0.0,0.09999998658895493,uniform,blur,uniform same-energy,resnet18,1235,0
nairobi_query_2hMXkBjbWEdGXSh4zxGVeg,nairobi_database_sdOwr6EP_lMNed-ifk5ajw,2,0.8488036394119263,zurich_database_-PR5mh0jiifZqsBmHPzeMg,0.8497762680053711,-0.0009726285934448242,zurich_database_-PR5mh0jiifZqsBmHPzeMg,1,1,36.10533232791313,0.25077205896377563,15.942158699035645,0.0,0.09999997913837433,uniform,blur,uniform same-energy,resnet18,1235,0
toronto_query_-FRsj6TVpdbM-sdJNwZZbw,toronto_database_0Xd5A1HQH8R9fdiXX-PmOg,8,0.8286304473876953,london_database_6QeCroSKkwmhf9sxqtSj7Q,0.8465682864189148,-0.017937839031219482,london_database_6QeCroSKkwmhf9sxqtSj7Q,0,1,36.30650598093871,0.25077587366104126,15.220529556274414,0.000591362826526165,0.09999997913837433,uniform,blur,uniform same-energy,resnet18,1235,0
zurich_query_0FEApLaNMLno1PTABlbYyQ,zurich_database_2fkYXNWl6R0rCSGjN50rTw,12,0.8610262870788574,zurich_database_5EBjYZoNQsB323r5P6H-HQ,0.8867254853248596,-0.025699198246002197,zurich_database_5EBjYZoNQsB323r5P6H-HQ,0,0,36.15770114605824,0.2507712244987488,15.751076698303223,0.0,0.10000000149011612,uniform,blur,uniform same-energy,resnet18,1235,0
amman_query_1jA0_v7p_4KHVbia4DG7Bw,amman_database_y0_g5xBV2w8LvSAsmmcGkA,2,0.8753601312637329,amman_database_4HweOdtWyPL5-ObJ3UA8_Q,0.8782188892364502,-0.002858757972717285,amman_database_4HweOdtWyPL5-ObJ3UA8_Q,1,1,36.08648098645547,0.25077104568481445,16.01150894165039,0.0,0.09999999403953552,uniform,blur,uniform same-energy,resnet18,1235,0
boston_query_-O6nZhSO0Cgq4iaZ522K2g,boston_database_3P1WaxWwRrQiD9YZuzzi2g,4,0.8733177185058594,cph_database_4BdWO7YCXasxr90wTqDpDw,0.8753464818000793,-0.0020287632942199707,cph_database_4BdWO7YCXasxr90wTqDpDw,1,1,36.11004347712669,0.2507696747779846,15.924874305725098,0.0,0.09999998658895493,uniform,blur,uniform same-energy,resnet18,1235,0
cph_query_-MUw194v9r5C1394mci6-A,cph_database_19tTTG0Ar7aoezd6JSsYqw,10,0.7833976149559021,toronto_database_54RfgFEB0Y2p79jKww7EoA,0.8092422485351562,-0.02584463357925415,toronto_database_54RfgFEB0Y2p79jKww7EoA,0,1,36.185843436603065,0.25077441334724426,15.64933967590332,0.009488931857049465,0.10000000149011612,uniform,blur,uniform same-energy,resnet18,1235,0
london_query_-vkja3p0MzaoZlQOooT-YQ,london_database_TlgZJTCWCnxf-QDzfZ8pKw,15,0.7481430172920227,zurich_database_A7Y3Ah31a1X_Bh7UZS5KIA,0.7835347056388855,-0.03539168834686279,zurich_database_A7Y3Ah31a1X_Bh7UZS5KIA,0,0,36.09775437467741,0.2507743537425995,15.970000267028809,0.0,0.10000000149011612,uniform,blur,uniform same-energy,resnet18,1235,0
manila_query_-RZzhLSoiUGq-PShtIhzxw,manila_database_6-Ge4mVQgHummzC1udZtig,106,0.8283244371414185,manila_database_4SNN_Q1-Ov_UDR1inHM2mg,0.8716034293174744,-0.04327899217605591,manila_database_4SNN_Q1-Ov_UDR1inHM2mg,0,0,36.09728446523456,0.250765860080719,15.971728324890137,0.0,0.09999998658895493,uniform,blur,uniform same-energy,resnet18,1235,0
nairobi_query_2wqDKqSdeRPYg6X996gZ0w,nairobi_database_nyVKbHXQsaO_16tlW_NLag,19,0.8129564523696899,toronto_database_2-TSX-JXY2BGHtXb-ZXXGA,0.8478485941886902,-0.034892141819000244,toronto_database_2-TSX-JXY2BGHtXb-ZXXGA,0,0,36.08464892903082,0.25076696276664734,16.018264770507812,0.0,0.09999999403953552,uniform,blur,uniform same-energy,resnet18,1235,0
toronto_query_-FohtR51AFcyGSLgiTdXzw,toronto_database_NwuTd3bjEH301IgdZTgweg,1,0.9023295044898987,zurich_database_0xDpDYmaqAvDwfmwyFRFZw,0.8360576629638672,0.0662718415260315,toronto_database_NwuTd3bjEH301IgdZTgweg,1,1,36.497460269699936,0.25076940655708313,14.565799713134766,0.04571397602558136,0.10000000149011612,uniform,blur,uniform same-energy,resnet18,1235,0
zurich_query_0I7IdNKcKWGXL-wmkUdx2A,zurich_database_2qMg3M2xPeakuUyMVtxqhw,9,0.8611782789230347,zurich_database_NasE77S9sgnm7re_4N6NLQ,0.8881464004516602,-0.02696812152862549,zurich_database_NasE77S9sgnm7re_4N6NLQ,0,1,36.16159429630787,0.25077173113822937,15.736963272094727,0.0007758246501907706,0.09999999403953552,uniform,blur,uniform same-energy,resnet18,1235,0
amman_query_1n6vx0uExn56MfvA6toRJw,amman_database_2_NNnfq-ucbh4wN64ndIOg,39,0.814466655254364,amman_database_7UkylzqcXiAtWBdc7gRXug,0.848740816116333,-0.034274160861968994,amman_database_7UkylzqcXiAtWBdc7gRXug,0,0,36.09109843623928,0.25077104568481445,15.994494438171387,0.0,0.09999999403953552,uniform,blur,uniform same-energy,resnet18,1235,0
boston_query_-OEJzVyBJiypLsHkeOqxKn,boston_database_0ZuEuJjkajztnI_h9TmMdw,93,0.6545666456222534,boston_database_5g8yJhnj8EfOWv5r3id1kw,0.7277444005012512,-0.0731777548789978,boston_database_5g8yJhnj8EfOWv5r3id1kw,0,0,36.114634249093434,0.2507677674293518,15.908049583435059,0.00012478299322538078,0.09999998658895493,uniform,blur,uniform same-energy,resnet18,1235,0
cph_query_-Mwdj8AXbTR5wrPmQKRbhQ,cph_database_zVHbyrE_K3-IKJ0ipgM0MQ,1,0.8774416446685791,cph_database_69H9kg83Vh8F1njiXS19Cg,0.8638066053390503,0.013635039329528809,cph_database_zVHbyrE_K3-IKJ0ipgM0MQ,1,1,36.08114937579073,0.250776082277298,16.031177520751953,0.0,0.10000000894069672,uniform,blur,uniform same-energy,resnet18,1235,0
london_query_-wX-mY4F2ewX9tlr1_JTbw,london_database_pm0TyAnWqr0mweZ2H9ysqA,189,0.7812190055847168,toronto_database_54RfgFEB0Y2p79jKww7EoA,0.8399039506912231,-0.05868494510650635,toronto_database_54RfgFEB0Y2p79jKww7EoA,0,0,36.11984058164866,0.25077182054519653,15.88899040222168,0.0,0.09999999403953552,uniform,blur,uniform same-energy,resnet18,1235,0
manila_query_-SSrBkppXcUPQnmvRyEZaA,manila_database_4I4RRfd3mvWDSghhGRZrrw,1003,0.7206788659095764,boston_database_JS8N7enRfmX_RvSbYxuZ-w,0.8325663208961487,-0.11188745498657227,boston_database_JS8N7enRfmX_RvSbYxuZ-w,0,0,36.14824522646161,0.25076887011528015,15.785408973693848,0.0,0.09999999403953552,uniform,blur,uniform same-energy,resnet18,1235,0
nairobi_query_32eRlu6tx-Q_LzhBd8iTQA,nairobi_database_-IYoNK7nzPDI7EvCdWxXdA,2,0.8324539661407471,toronto_database_2-TSX-JXY2BGHtXb-ZXXGA,0.8388503789901733,-0.0063964128494262695,toronto_database_2-TSX-JXY2BGHtXb-ZXXGA,1,1,36.08538952095637,0.25076955556869507,16.015533447265625,0.0,0.10000000894069672,uniform,blur,uniform same-energy,resnet18,1235,0
toronto_query_-HBbI6fcMz-R3CyduFEoDg,toronto_database_CWhhGABh_1Ay7enNEWa18A,191,0.808957576751709,boston_database_6pdbP0sKU8JHAPzlRapTnA,0.8831523656845093,-0.07419478893280029,boston_database_6pdbP0sKU8JHAPzlRapTnA,0,0,36.0962442064449,0.2507748603820801,15.975554466247559,0.0,0.09999999403953552,uniform,blur,uniform same-energy,resnet18,1235,0
zurich_query_0IZVsW_UPLzI_vUm51hEMQ,zurich_database_-xoGjs74KfYOoct0Gs2DIA,1,0.8985692262649536,amman_database_05LOmHGrixSS8Fy53PaSlA,0.8691431283950806,0.029426097869873047,zurich_database_-xoGjs74KfYOoct0Gs2DIA,1,1,36.141456501359805,0.25077083706855774,15.810103416442871,0.0,0.10000000149011612,uniform,blur,uniform same-energy,resnet18,1235,0
amman_query_1qMrYvXqBvZDS0XUd5cEtg,amman_database_0_6NexYlb_kdiKi7TvESPg,7,0.8425305485725403,amman_database_43JYR1VNKPHOGXpiIZiDDQ,0.8628354668617249,-0.02030491828918457,amman_database_43JYR1VNKPHOGXpiIZiDDQ,0,1,36.08280523828093,0.2507667541503906,16.025066375732422,0.0,0.10000000149011612,uniform,blur,uniform same-energy,resnet18,1235,0
boston_query_-OlQhKn0bS9eZTkeJL6ovw,boston_database_38Y_41BXumwMqYfKhvv7fg,1,0.9302389621734619,cph_database_-KAefx5jXE6aiSh55lkTQA,0.8938290476799011,0.03640991449356079,boston_database_38Y_41BXumwMqYfKhvv7fg,1,1,36.18953992816682,0.2507748603820801,15.636025428771973,0.0,0.09999999403953552,uniform,blur,uniform same-energy,resnet18,1235,0
cph_query_-N9mbKdWcHyUUsU1379EgA,cph_database_2XEdU3NtFhDPOpPhkEUJ9A,1,0.9029210805892944,cph_database_m8v7yRzg-Ahnt8itIkwjQA,0.8829227685928345,0.01999831199645996,cph_database_2XEdU3NtFhDPOpPhkEUJ9A,1,1,36.685143834041405,0.25077173113822937,13.949735641479492,1.0850694707187358e-05,0.10000000894069672,uniform,blur,uniform same-energy,resnet18,1235,0
london_query_02vfV_A3zc1S9Akd07xuEA,london_database_5WNMf83lEkdk5BdkSRSDtg,45,0.7973893880844116,manila_database_1ULE4xvSijSoRfTvGRP7sw,0.855636477470398,-0.05824708938598633,manila_database_1ULE4xvSijSoRfTvGRP7sw,0,0,36.243510272416685,0.2507648169994354,15.442916870117188,0.0019476996967568994,0.10000000149011612,uniform,blur,uniform same-energy,resnet18,1235,0
manila_query_-Tmeby1UCsrkKNvVnN7L5g,manila_database_2WJfamXG-nhtpE-tmM8Stg,555,0.7788342237472534,manila_database_-z7DfYZSWWxPbr9oCG6mHg,0.8855568766593933,-0.10672265291213989,manila_database_-z7DfYZSWWxPbr9oCG6mHg,0,0,36.29514231575695,0.2507665157318115,15.260407447814941,0.012331814505159855,0.10000000149011612,uniform,blur,uniform same-energy,resnet18,1235,0
nairobi_query_37RDt83nGFaZl6CPpzqlTw,nairobi_database_oirj6l2hFO_qSK3Qd_kv3A,6,0.8510034084320068,zurich_database_dc10RRbQNpdUphjhxUxjXQ,0.8659690618515015,-0.014965653419494629,zurich_database_dc10RRbQNpdUphjhxUxjXQ,0,1,36.29188857157131,0.2507767975330353,15.271844863891602,0.0015842013526707888,0.09999999403953552,uniform,blur,uniform same-energy,resnet18,1235,0
toronto_query_-IlXU6r8OSJejg6wnFTYMQ,toronto_database_5aWw0U2TNn5AVHibAzaoZA,489,0.7529229521751404,amman_database_-XjCytxzIY7TdmXBiTWapg,0.8419435620307922,-0.08902060985565186,amman_database_-XjCytxzIY7TdmXBiTWapg,0,0,36.087147380817,0.25076931715011597,16.009052276611328,0.0,0.10000000149011612,uniform,blur,uniform same-energy,resnet18,1235,0
zurich_query_0Ky7pgdILHyYlzjahHNGZg,zurich_database_STP8AxkRaxj1ZtlqTW7Tng,1012,0.7522459030151367,zurich_database_b1fafYqxlKXQcwQsy8LFhQ,0.863331139087677,-0.11108523607254028,zurich_database_b1fafYqxlKXQcwQsy8LFhQ,0,0,36.21959053939088,0.25077274441719055,15.528206825256348,0.0,0.10000000149011612,uniform,blur,uniform same-energy,resnet18,1235,0
amman_query_1rZerb0T7z_1E7yKfEBCtA,amman_database_151zMheq8vPIGSfBTFm2Kg,1,0.888034462928772,amman_database_4HweOdtWyPL5-ObJ3UA8_Q,0.8718701601028442,0.016164302825927734,amman_database_151zMheq8vPIGSfBTFm2Kg,1,1,36.10704655937968,0.2507724463939667,15.935867309570312,0.0,0.10000000149011612,uniform,blur,uniform same-energy,resnet18,1235,0
boston_query_-Phryua7d1FHhpGGfaEGcg,boston_database_78u2Kg0sOFDh-cEtTGxV4g,84,0.8147997856140137,toronto_database_65TgH2dRYqdjE8DO_lI1nA,0.862407386302948,-0.047607600688934326,toronto_database_65TgH2dRYqdjE8DO_lI1nA,0,0,36.14069842961462,0.2507748603820801,15.81286334991455,0.0,0.09999999403953552,uniform,blur,uniform same-energy,resnet18,1235,0
cph_query_-PRZAb6qxjSdDqzgOekgbg,cph_database_SOFbS68m4Uymr1Fx8T7pfA,1,0.9287922382354736,cph_database_66FG2WBZ0uryfVrfciCf3g,0.9162474870681763,0.012544751167297363,cph_database_SOFbS68m4Uymr1Fx8T7pfA,1,1,36.10313472571784,0.25077158212661743,15.950227737426758,0.0,0.09999998658895493,uniform,blur,uniform same-energy,resnet18,1235,0
london_query_039iugtZTFguj-7UQyc-wg,london_database_6EyMYAlUTVXirk-_riGtMw,4,0.8612006902694702,toronto_database_56iBHZd-TMgGB2qH3GyhWQ,0.8711046576499939,-0.009903967380523682,toronto_database_56iBHZd-TMgGB2qH3GyhWQ,1,1,36.78176746720615,0.25077322125434875,13.642803192138672,0.10540364682674408,0.10000000149011612,uniform,blur,uniform same-energy,resnet18,1235,0
manila_query_-TrGJy3CeaXApOffGndlqg,manila_database_RVGHJ_kwPSkBRuD7ASZs2w,51,0.8344693183898926,manila_database_1ULE4xvSijSoRfTvGRP7sw,0.8815422654151917,-0.04707294702529907,manila_database_1ULE4xvSijSoRfTvGRP7sw,0,0,36.21726585651538,0.25076907873153687,15.536520957946777,0.0,0.10000001639127731,uniform,blur,uniform same-energy,resnet18,1235,0
nairobi_query_38y5DGnb1BCdL2r_1MWELg,nairobi_database_1oH8UP6Fw5pq60tdS75mZA,270,0.7990421056747437,boston_database_DU3FJGAh3PrB45a580xbGg,0.8771854639053345,-0.07814335823059082,boston_database_DU3FJGAh3PrB45a580xbGg,0,0,36.23421912153359,0.2507738769054413,15.475990295410156,0.0028971354477107525,0.10000000149011612,uniform,blur,uniform same-energy,resnet18,1235,0
toronto_query_-Iyv6ydukEfueu-CphPhwg,toronto_database_QvBYzxBwTHFji7ov5NaBZg,7,0.8743535280227661,toronto_database_-C42seTAv_ysnP57NggKvQ,0.8915797472000122,-0.017226219177246094,toronto_database_-C42seTAv_ysnP57NggKvQ,0,1,36.46726056508231,0.2507726848125458,14.667439460754395,0.02428928017616272,0.09999999403953552,uniform,blur,uniform same-energy,resnet18,1235,0
zurich_query_0PrObi7NiUNPMe7_RDu2Ng,zurich_database_0-4m0jPfiQAHj2iyda31pw,276,0.8107963800430298,cph_database_6fnBKZ5y6JLHZ30W5ZJgRg,0.8692570924758911,-0.05846071243286133,cph_database_6fnBKZ5y6JLHZ30W5ZJgRg,0,0,36.08990018657166,0.25077390670776367,15.998908042907715,0.0,0.10000000894069672,uniform,blur,uniform same-energy,resnet18,1235,0
amman_query_1uJbVMOMqlPVx4GYc2BgOA,amman_database_0hac8mu5ycMC2Hk2ZSugEA,124,0.7979989647865295,amman_database_ugi1L8kfJhi2W7D5xbEYlA,0.8675676584243774,-0.0695686936378479,amman_database_ugi1L8kfJhi2W7D5xbEYlA,0,0,36.08128113947781,0.25077489018440247,16.030691146850586,0.0,0.09999999403953552,uniform,blur,uniform same-energy,resnet18,1235,0
boston_query_-Ptt76cqL8Ath-qW7aRUQw,boston_database_6LGScMRZz-HV2PfqGJRsKw,1,0.8991546630859375,boston_database_3yupn7WRtc81bu6cfHDrMQ,0.8828827738761902,0.016271889209747314,boston_database_6LGScMRZz-HV2PfqGJRsKw,1,1,36.084301949307175,0.25078412890434265,16.01954460144043,0.0,0.09999999403953552,uniform,blur,uniform same-energy,resnet18,1235,0
cph_query_-Q4-mvnV6y-0yK62OXn-1w,cph_database_3nTmZLQw_NQgtG0vffYnPQ,718,0.7796227931976318,boston_database_8Nk7Pm6_AQpeJxvHfnUbhA,0.8654019832611084,-0.08577919006347656,boston_database_8Nk7Pm6_AQpeJxvHfnUbhA,0,0,36.113354788219596,0.2507806122303009,15.912736892700195,0.0,0.09999999403953552,uniform,blur,uniform same-energy,resnet18,1235,0
london_query_03BhnvDRczArNBQm0Qu0tQ,london_database_-Qdmap1phq90_n3jeXQWuQ,3,0.8783533573150635,boston_database_2jaLppu9UUtqnB_R7_iffQ,0.8878033757209778,-0.009450018405914307,boston_database_2jaLppu9UUtqnB_R7_iffQ,1,1,36.159706344209056,0.2507767081260681,15.743805885314941,0.0011555989040061831,0.10000001639127731,uniform,blur,uniform same-energy,resnet18,1235,0
manila_query_-Tvw2ZcjPmZrmxcJ3PNHwQ,manila_database_5rjFma7r9oUAgRgPi5J3PA,1,0.8623250722885132,manila_database_X5Z3xQtFj8uK9BxW3gEhjA,0.8602057695388794,0.002119302749633789,manila_database_5rjFma7r9oUAgRgPi5J3PA,1,1,36.10412598948467,0.2507662773132324,15.946587562561035,0.0,0.10000000894069672,uniform,blur,uniform same-energy,resnet18,1235,0
nairobi_query_3BfqchD1dC_R_VKSm6NXMQ,nairobi_database_NoG9ZUE9lu8WisRacbbNUw,49,0.8086132407188416,manila_database_1lps6iSJzg_GiR-u1309yA,0.8486217260360718,-0.040008485317230225,manila_database_1lps6iSJzg_GiR-u1309yA,0,0,36.08277474072451,0.2507767975330353,16.025178909301758,0.0,0.09999999403953552,uniform,blur,uniform same-energy,resnet18,1235,0
toronto_query_-J6MOLqIZtzsA-CH6ie5Cg,toronto_database_1WdiWBos0oqn5_fQPeL4zw,39,0.8267194032669067,toronto_database_4u5iuDYlmff6eOykSBG4Aw,0.8785653710365295,-0.0518459677696228,toronto_database_4u5iuDYlmff6eOykSBG4Aw,0,0,36.17567335256925,0.2507776916027069,15.686029434204102,0.0004177517257630825,0.10000000894069672,uniform,blur,uniform same-energy,resnet18,1235,0
zurich_query_0Spj-pWISRRStxENII8G4A,zurich_database_0uWVHZUW5HQ32MHmFTyCdA,108,0.8023326992988586,zurich_database_YGIjEJvmaiwIZgeDxBD4qg,0.8590208888053894,-0.05668818950653076,zurich_database_YGIjEJvmaiwIZgeDxBD4qg,0,0,36.12439762756593,0.25077348947525024,15.872326850891113,0.0,0.09999998658895493,uniform,blur,uniform same-energy,resnet18,1235,0
amman_query_23YO5CD18Cg_wG_ZhqhbQQ,amman_database_7UkylzqcXiAtWBdc7gRXug,149,0.7095300555229187,zurich_database_3CheeIU37UA57000lgsiQQ,0.8411995768547058,-0.1316695213317871,zurich_database_3CheeIU37UA57000lgsiQQ,0,0,36.081180895367794,0.2507738769054413,16.03106117248535,0.0,0.10000000149011612,uniform,blur,uniform same-energy,resnet18,1235,0
boston_query_-RyJCN_Rrfvr2l9jqadkcQ,boston_database_0-UUkPasBJ3e3InjW6isBg,1,0.8392277359962463,manila_database_3ED-M6yl_Y4YZkenDNv49Q,0.8158673048019409,0.02336043119430542,boston_database_0-UUkPasBJ3e3InjW6isBg,1,1,36.30574602647074,0.2507776916027069,15.223193168640137,0.0,0.10000000149011612,uniform,blur,uniform same-energy,resnet18,1235,0
cph_query_-Q7samX2RjJwU9xiKFxpug,cph_database_t-GBg6pL3mp0VntecXrZmQ,1,0.8683030009269714,manila_database_U1FwUndEQdlXZ93Iz997UA,0.8669632077217102,0.0013397932052612305,cph_database_t-GBg6pL3mp0VntecXrZmQ,1,1,36.09988049444818,0.2507736384868622,15.962183952331543,0.0,0.09999999403953552,uniform,blur,uniform same-energy,resnet18,1235,0
london_query_03VxrSUHoB-y1D50kXwi8g,london_database_7NuzdrMI9lHNaBHwtbChxQ,1,0.8400663733482361,manila_database_-dbGwwBuXxUQWhflFrCkIQ,0.7940580248832703,0.04600834846496582,london_database_7NuzdrMI9lHNaBHwtbChxQ,1,1,36.09540637256621,0.2507757842540741,15.978636741638184,0.0,0.10000000894069672,uniform,blur,uniform same-energy,resnet18,1235,0
manila_query_-WlvwRIHM8K9xtN_z0FAGg,manila_database_-dbGwwBuXxUQWhflFrCkIQ,8,0.8315597176551819,toronto_database_5k9XfaxWOnn2DZPGHMVN3A,0.8394688963890076,-0.007909178733825684,toronto_database_5k9XfaxWOnn2DZPGHMVN3A,0,1,36.09267831116756,0.2507777214050293,15.988677024841309,0.0,0.10000000894069672,uniform,blur,uniform same-energy,resnet18,1235,0
nairobi_query_3Rln3I-knaHBGe7xAH2I_Q,nairobi_database_Pm8keKa59VPFXAWTxtKK7g,49,0.8299537897109985,amman_database_4HweOdtWyPL5-ObJ3UA8_Q,0.8740423917770386,-0.04408860206604004,amman_database_4HweOdtWyPL5-ObJ3UA8_Q,0,0,36.08719394946278,0.2507745921611786,16.008880615234375,0.0,0.09999999403953552,uniform,blur,uniform same-energy,resnet18,1235,0
toronto_query_-JY9Ip12RNDaK_geCga4LA,toronto_database_2t0xTT1EnuQR8PQInCMxyg,49,0.8234604597091675,zurich_database_0frF5uO4t4sUzdQYxRNhyg,0.8608698844909668,-0.037409424781799316,zurich_database_0frF5uO4t4sUzdQYxRNhyg,0,0,36.117076032534186,0.25076815485954285,15.899107933044434,0.0,0.10000000894069672,uniform,blur,uniform same-energy,resnet18,1235,0
zurich_query_0UfO0g5oR-GfH12twjOIuw,zurich_database_8Yl1_ujecMFymI-XO98zrA,102,0.8211032152175903,toronto_database_3sAms8su7qnbuj7AAY56UA,0.8570871949195862,-0.03598397970199585,toronto_database_3sAms8su7qnbuj7AAY56UA,0,0,36.08105533513335,0.2507748603820801,16.031524658203125,0.0,0.09999999403953552,uniform,blur,uniform same-energy,resnet18,1235,0
amman_query_27ZYHE_-tdmKbq7gUW9ECA,amman_database_0ugNILZPtpQGFYzyHrZHow,1,0.872337818145752,amman_database_3ZbkOYTSJMb7R5Av7soq9A,0.8640161752700806,0.008321642875671387,amman_database_0ugNILZPtpQGFYzyHrZHow,1,1,36.08771606990811,0.2507760226726532,16.006956100463867,0.0,0.09999999403953552,uniform,blur,uniform same-energy,resnet18,1235,0
boston_query_-TMAMMmIqQ4AQA3YI-YOHg,boston_database_2jaLppu9UUtqnB_R7_iffQ,47,0.8523075580596924,boston_database_5dFWcq_sUeeshzN0y_GXew,0.8958359360694885,-0.04352837800979614,boston_database_5dFWcq_sUeeshzN0y_GXew,0,0,36.088176664332025,0.2507763206958771,16.005258560180664,0.0,0.10000000149011612,uniform,blur,uniform same-energy,resnet18,1235,0
cph_query_-R9cTkYMNbXlglFeWCXtMg,cph_database_6CANlvoIvwlMpdsIrbbUmA,558,0.7237271070480347,boston_database_4mzQ9KJnbqfpHrK-m5aFTg,0.821725070476532,-0.09799796342849731,boston_database_4mzQ9KJnbqfpHrK-m5aFTg,0,0,36.12704986778526,0.25077587366104126,15.86263656616211,0.0,0.09999997913837433,uniform,blur,uniform same-energy,resnet18,1235,0
london_query_06tRsqVA7nx5PgabbPdu4w,london_database_8oJp9gkV9I-ecdzy_xlL5Q,14,0.8409973382949829,zurich_database_8zRWksEUpiBcg5wZdt3FJA,0.8636892437934875,-0.02269190549850464,zurich_database_8zRWksEUpiBcg5wZdt3FJA,0,0,36.18383433767532,0.25077155232429504,15.656580924987793,0.0,0.09999998658895493,uniform,blur,uniform same-energy,resnet18,1235,0
manila_query_-WuLHZxOTWuUgVSb36RTng,manila_database_5IS43ayf3Halnpn2M1fz9g,164,0.8164818286895752,manila_database_U1FwUndEQdlXZ93Iz997UA,0.867750883102417,-0.0512690544128418,manila_database_U1FwUndEQdlXZ93Iz997UA,0,0,36.103047478331696,0.25077489018440247,15.95054817199707,0.0,0.09999999403953552,uniform,blur,uniform same-energy,resnet18,1235,0
nairobi_query_3Thql5xEy0LYu4bdux1icw,nairobi_database_XdvgQAdvS4ZnbRq1lFmPvA,67,0.8033351898193359,amman_database_29z1w1EW9-qTj7neMnnIig,0.850236177444458,-0.04690098762512207,amman_database_29z1w1EW9-qTj7neMnnIig,0,0,36.083832976063164,0.2507686913013458,16.02127456665039,0.0,0.10000000149011612,uniform,blur,uniform same-energy,resnet18,1235,0
toronto_query_-K6Ci0V3ZYp50_DrMghntA,toronto_database_gXxdxPe3j-m370Vr7EYvWA,1,0.888978898525238,zurich_database_0r57m1gsoV4j_t4xOqtL7A,0.8820095062255859,0.0069693922996521,toronto_database_gXxdxPe3j-m370Vr7EYvWA,1,1,36.160566674947766,0.25076574087142944,15.740687370300293,0.0,0.10000000894069672,uniform,blur,uniform same-energy,resnet18,1235,0
zurich_query_0W_6dskxdNPlCJnX9EhmZA,zurich_database_7liPRQZhjD6Lm2G90X0v-Q,6,0.8674625754356384,cph_database_4BdWO7YCXasxr90wTqDpDw,0.8885133862495422,-0.02105081081390381,cph_database_4BdWO7YCXasxr90wTqDpDw,0,1,36.10472106417419,0.25077205896377563,15.944402694702148,0.0,0.09999997913837433,uniform,blur,uniform same-energy,resnet18,1235,0
amman_query_29zY5U3MUbO3wTjTTKF93w,amman_database_4JYN6Wp8p1aN_2b6dP1Yyw,1,0.90302574634552,amman_database_Ld8UF_WG7d620clwmhmA7w,0.8833079934120178,0.019717752933502197,amman_database_4JYN6Wp8p1aN_2b6dP1Yyw,1,1,36.086356824894175,0.2507774531841278,16.011966705322266,0.0,0.10000000894069672,uniform,blur,uniform same-energy,resnet18,1235,0
boston_query_-U0JJudMztDrvqfppyEl9A,boston_database_qWjIXNTwyKDoDCQBKtYjCw,6,0.8928122520446777,boston_database_6p1zONaTXLWQeJHQx0CIVw,0.902209997177124,-0.009397745132446289,boston_database_6p1zONaTXLWQeJHQx0CIVw,0,1,36.13724032582582,0.2507745921611786,15.825459480285645,0.0,0.09999999403953552,uniform,blur,uniform same-energy,resnet18,1235,0
cph_query_-To5emQUYvNlwdgB1hEVfQ,cph_database_20p-zC1BqByt8dVNbnKbTw,1,0.9410030841827393,cph_database_-rgalkuRufc_JbNM5Iwadg,0.9124213457107544,0.028581738471984863,cph_database_20p-zC1BqByt8dVNbnKbTw,1,1,36.081063085659984,0.25077390670776367,16.031496047973633,0.0,0.10000000894069672,uniform,blur,uniform same-energy,resnet18,1235,0
london_query_07Mt7j9hZm17z2pXB3QAXA,london_database_1u2_PlPVaHJESTEBZx02nA,6,0.8449410200119019,boston_database_2jaLppu9UUtqnB_R7_iffQ,0.8576205968856812,-0.012679576873779297,boston_database_2jaLppu9UUtqnB_R7_iffQ,0,1,36.18893576658297,0.2507765591144562,15.638200759887695,0.0,0.10000000149011612,uniform,blur,uniform same-energy,resnet18,1235,0
manila_query_-YADzGuflGFk0TrwgbgGQA,manila_database_8tQ1uxni3yt7oj1i8yGoOg,18,0.7704509496688843,boston_database_36H3W5t6N9pvbOkkxr_rUQ,0.8020641803741455,-0.03161323070526123,boston_database_36H3W5t6N9pvbOkkxr_rUQ,0,0,36.13376771399202,0.2507767081260681,15.838118553161621,0.0001302083401242271,0.10000001639127731,uniform,blur,uniform same-energy,resnet18,1235,0
nairobi_query_3VEngLiRuIRlzTCHOPvAqA,nairobi_database_L7HQ20CuWeW1lZ721bPiYw,2,0.8506028652191162,boston_database_2gTDHoqHum22wo8SKKDWBg,0.8535020351409912,-0.002899169921875,boston_database_2gTDHoqHum22wo8SKKDWBg,1,1,36.21393885645409,0.25077322125434875,15.54842758178711,0.0035101997200399637,0.10000000149011612,uniform,blur,uniform same-energy,resnet18,1235,0
toronto_query_-KU5g574x3Cah05LVtG_Pw,toronto_database_YGsYemsqYoRUy02xW23AyA,1039,0.743323564529419,toronto_database_3TTFiJMjq1nelldiHvqxHQ,0.8673418760299683,-0.12401831150054932,toronto_database_3TTFiJMjq1nelldiHvqxHQ,0,0,36.098917178236455,0.2507771849632263,15.96572494506836,0.0,0.10000000894069672,uniform,blur,uniform same-energy,resnet18,1235,0
zurich_query_0YqWIRNZbPyTmppf5ZjyMw,zurich_database_20lehOgt_qjfnJpaXFVAWQ,1,0.8726106286048889,zurich_database_5EBjYZoNQsB323r5P6H-HQ,0.8611759543418884,0.011434674263000488,zurich_database_20lehOgt_qjfnJpaXFVAWQ,1,1,36.1475885422501,0.25077080726623535,15.787796020507812,5.425347262644209e-05,0.10000000149011612,uniform,blur,uniform same-energy,resnet18,1235,0
amman_query_2E9XDGy6VTetR1O15tILdw,amman_database_5ymzd7ILNCKrAYOn-vJkbg,4,0.8511163592338562,amman_database_7UkylzqcXiAtWBdc7gRXug,0.8574493527412415,-0.006332993507385254,amman_database_7UkylzqcXiAtWBdc7gRXug,1,1,36.081084270503354,0.2507770359516144,16.031417846679688,0.0,0.10000000149011612,uniform,blur,uniform same-energy,resnet18,1235,0
boston_query_-U_cmO4sMoYmoNbCPpMXWw,boston_database_JS8N7enRfmX_RvSbYxuZ-w,227,0.7878092527389526,boston_database_4-6a8GKWz64mtfMPWnN3-w,0.8699264526367188,-0.08211719989776611,boston_database_4-6a8GKWz64mtfMPWnN3-w,0,0,36.271931450133636,0.2507750391960144,15.342185020446777,0.00876736082136631,0.10000000149011612,uniform,blur,uniform same-energy,resnet18,1235,0
cph_query_-UByBh5hYhNn4_dsHy73aA,cph_database_3POXmtmhwFom_z6e6wJgVA,1,0.8410239219665527,toronto_database_2Ihd0xAnt_t5tUzeKVnzeQ,0.8334528207778931,0.007571101188659668,cph_database_3POXmtmhwFom_z6e6wJgVA,1,1,36.112693469045574,0.25077107548713684,15.915160179138184,0.0,0.09999999403953552,uniform,blur,uniform same-energy,resnet18,1235,0
london_query_07oSFXlZ9SfPsHwsEZQFtA,london_database_7hadEPdEI2MGW7SMcZDBUA,31,0.8245468139648438,london_database_f9ng8k9Ngt4UWja_a-mjaw,0.8787491321563721,-0.05420231819152832,london_database_f9ng8k9Ngt4UWja_a-mjaw,0,0,36.10930829077924,0.2507648169994354,15.927570343017578,0.000900607614312321,0.10000000149011612,uniform,blur,uniform same-energy,resnet18,1235,0
manila_query_-YswrllPgEq1Q_LYD0mD0A,manila_database_3C699pIkBPbDTfkzbBV0CA,108,0.8179668188095093,manila_database_YAr_6aQgtNVbe7GhT70obQ,0.8780460953712463,-0.06007927656173706,manila_database_YAr_6aQgtNVbe7GhT70obQ,0,0,36.296262006802245,0.25077196955680847,15.256473541259766,0.0,0.10000000894069672,uniform,blur,uniform same-energy,resnet18,1235,0
nairobi_query_3sAf0a7Z9MFOX5NACNEfkA,nairobi_database_dM7fC2AkybfrCZcjVXnR5A,4,0.8509466648101807,london_database_JeQXfjTo6VURMPAXsqqrqw,0.8581510186195374,-0.0072043538093566895,london_database_JeQXfjTo6VURMPAXsqqrqw,1,1,36.265100123910706,0.25077390670776367,15.366336822509766,0.00702582485973835,0.10000000894069672,uniform,blur,uniform same-energy,resnet18,1235,0
toronto_query_-L3Zos1U2E6AA3-ZO_eESA,toronto_database_AWgWLsxNtrXeHfl_hcKYZg,67,0.8366391062736511,toronto_database_vHFdoApurhBvoN12-Y0jCA,0.8890237808227539,-0.05238467454910278,toronto_database_vHFdoApurhBvoN12-Y0jCA,0,0,36.283654011884295,0.25077539682388306,15.30082893371582,0.0013509114505723119,0.09999998658895493,uniform,blur,uniform same-energy,resnet18,1235,0
zurich_query_0eG9-83f-Xafie9_84fDbg,zurich_database_6Tpy6Xxof6fyaFeCZtbsEg,27,0.8426693677902222,zurich_database_JlQZqZETcsktpyAY5mc1pg,0.8683961629867554,-0.025726795196533203,zurich_database_JlQZqZETcsktpyAY5mc1pg,0,0,36.082773190007025,0.25077247619628906,16.025184631347656,0.0,0.10000000149011612,uniform,blur,uniform same-energy,resnet18,1235,0
amman_query_2WNEczYwDdZlHE_2nYlE-A,amman_database_5d98wz6r1vXbvR54pg7gIQ,637,0.7735808491706848,cph_database_L9eWYNDLPVUHOitjad3-fw,0.8464637994766235,-0.07288295030593872,cph_database_L9eWYNDLPVUHOitjad3-fw,0,0,36.08500886575687,0.2507724463939667,16.016937255859375,0.0,0.10000000149011612,uniform,blur,uniform same-energy,resnet18,1235,0
boston_query_-VHXaQ_dj_14O-Bcn3u7zA,boston_database_2gTDHoqHum22wo8SKKDWBg,260,0.8005235195159912,zurich_database_4NRS_5YX0S3yJJSOofowlA,0.8668106198310852,-0.066287100315094,zurich_database_4NRS_5YX0S3yJJSOofowlA,0,0,36.10618948899208,0.25077536702156067,15.93901252746582,0.0,0.09999998658895493,uniform,blur,uniform same-energy,resnet18,1235,0
cph_query_-UO7OuMXuwPBrMEXSsFhNA,cph_database_6CANlvoIvwlMpdsIrbbUmA,889,0.6883400678634644,zurich_database_3g-QpZyFZxImdI2n1iwRGw,0.8158067464828491,-0.12746667861938477,zurich_database_3g-QpZyFZxImdI2n1iwRGw,0,0,36.17105403637642,0.2507752776145935,15.702722549438477,0.0,0.10000000894069672,uniform,blur,uniform same-energy,resnet18,1235,0
london_query_08wp6QepyximP9UuP-ijLg,london_database_53xOo_95yKsUnmy4Fd3PYw,1,0.8638749718666077,boston_database_2HqIYacSD0Jad_3YkpMl1g,0.8624950051307678,0.0013799667358398438,london_database_53xOo_95yKsUnmy4Fd3PYw,1,1,36.17860334755356,0.25077372789382935,15.675450325012207,1.0850694707187358e-05,0.09999999403953552,uniform,blur,uniform same-energy,resnet18,1235,0
manila_query_-Z3CXTi1QhF_Ste8t8vrJA,manila_database_5Ql3xrJt_aAwbVnIi2tr2A,688,0.7665661573410034,toronto_database_8aHbQwynhIr0XfyXIGqbdA,0.8719891309738159,-0.1054229736328125,toronto_database_8aHbQwynhIr0XfyXIGqbdA,0,0,36.2612709214318,0.2507677674293518,15.379891395568848,0.0009223090019077063,0.09999998658895493,uniform,blur,uniform same-energy,resnet18,1235,0
nairobi_query_3vVoHZDD0-kVhbBxDTYEjw,nairobi_database_ssLyvL_47h4IZogucHeChA,39,0.8304148316383362,cph_database_6FWutZl3fAQcJRG274zWZg,0.8651559948921204,-0.03474116325378418,cph_database_6FWutZl3fAQcJRG274zWZg,0,0,36.38411858417236,0.25077441334724426,14.950940132141113,0.006716579664498568,0.10000000149011612,uniform,blur,uniform same-energy,resnet18,1235,0
toronto_query_-LZN7DIyP80uvFh2O8KVXw,toronto_database_1OKrJwSkMgWLOUyI6mfdmQ,1,0.9038821458816528,cph_database_4LZ9lq4vlaRvdPB9iDhaYA,0.888553261756897,0.01532888412475586,toronto_database_1OKrJwSkMgWLOUyI6mfdmQ,1,1,36.0975736143103,0.25077322125434875,15.970664978027344,0.0,0.10000000149011612,uniform,blur,uniform same-energy,resnet18,1235,0
zurich_query_0g61-9tYhD3Y5qh7eiB92g,zurich_database_-F5DDVeGiDZ-hjlDdC345w,2,0.8454728126525879,toronto_database_2PHgK91Apm8x6PzXK7MpUA,0.8462307453155518,-0.0007579326629638672,toronto_database_2PHgK91Apm8x6PzXK7MpUA,1,1,36.16190355135491,0.2507736384868622,15.73584270477295,4.340277882874943e-05,0.10000000894069672,uniform,blur,uniform same-energy,resnet18,1235,0
amman_query_2amxr5vdbo4jgViAEELT_Q,amman_database_RybCghn6dxdppOd3XPQXhw,1851,0.6678562164306641,amman_database_5XoaP1Muw6iwIBg_kWYFaQ,0.8433617353439331,-0.17550551891326904,amman_database_5XoaP1Muw6iwIBg_kWYFaQ,0,0,36.081914177632854,0.25077587366104126,16.02835464477539,0.0,0.09999997913837433,uniform,blur,uniform same-energy,resnet18,1235,0
boston_query_-WNRbaGc8Yukh-LWnRNe5O,boston_database_-Ks6CpNXFqOh9Kttdsa6lw,9,0.8297617435455322,amman_database_6uv4gfriWuzDejTlMpo7Rg,0.8504059314727783,-0.020644187927246094,amman_database_6uv4gfriWuzDejTlMpo7Rg,0,1,36.214280898935584,0.25076955556869507,15.547203063964844,0.002864583395421505,0.10000000894069672,uniform,blur,uniform same-energy,resnet18,1235,0
cph_query_-V4aUy1yd0AbFfY-xX0BAg,cph_database_0rRbZapy_jGPOpPctSIjfQ,3,0.8747715950012207,cph_database_7GGxDI0rTmq-wJUpv3Lejw,0.9016646146774292,-0.026893019676208496,cph_database_7GGxDI0rTmq-wJUpv3Lejw,1,1,36.145452840828575,0.25077539682388306,15.795561790466309,0.0,0.09999998658895493,uniform,blur,uniform same-energy,resnet18,1235,0
london_query_09P-tDZlSTWY4XNCcRZ_-g,london_database_L2btcmPVteWg2tJIPDETLg,6,0.8512555360794067,zurich_database_-oWuFFUil7bXSMPMaeYZEg,0.8581024408340454,-0.006846904754638672,zurich_database_-oWuFFUil7bXSMPMaeYZEg,0,1,36.17653817295238,0.2507793605327606,15.682906150817871,0.0,0.10000000894069672,uniform,blur,uniform same-energy,resnet18,1235,0
manila_query_-ZbYcdqL0C0ximLGFEriNA,manila_database_-z7DfYZSWWxPbr9oCG6mHg,145,0.8234560489654541,amman_database_2_NNnfq-ucbh4wN64ndIOg,0.8599245548248291,-0.036468505859375,amman_database_2_NNnfq-ucbh4wN64ndIOg,0,0,36.147143900374246,0.2507674992084503,15.789412498474121,0.0,0.10000000149011612,uniform,blur,uniform same-energy,resnet18,1235,0
nairobi_query_3zSInmaUjlNkUR45dqrSLg,nairobi_database_6TX4ZR0VfqHmNorJfDCQdA,53,0.8108196258544922,cph_database_1z1TNZFA0JXHcctshDaGQA,0.8482570648193359,-0.03743743896484375,cph_database_1z1TNZFA0JXHcctshDaGQA,0,0,36.29879696791808,0.2507743835449219,15.247570991516113,0.005230034701526165,0.10000000149011612,uniform,blur,uniform same-energy,resnet18,1235,0
toronto_query_-M3eMqHp0OhecS-hoh58aQ,toronto_database_95hPXNJ-rgCIo0awz78Big,116,0.787680983543396,amman_database_Ld8UF_WG7d620clwmhmA7w,0.8527263402938843,-0.06504535675048828,amman_database_Ld8UF_WG7d620clwmhmA7w,0,0,36.08821548070064,0.25076866149902344,16.005115509033203,0.0,0.10000000149011612,uniform,blur,uniform same-energy,resnet18,1235,0
zurich_query_0gHh8OHgmM804LVr0Ocrag,zurich_database_6UPSS0xP9iCLyj6dGKfFRg,1,0.8904025554656982,cph_database_04Bz2mPV9xajFGZOxvcyAg,0.8902527093887329,0.00014984607696533203,zurich_database_6UPSS0xP9iCLyj6dGKfFRg,1,1,36.081449079383404,0.25077348947525024,16.030071258544922,0.0,0.09999998658895493,uniform,blur,uniform same-energy,resnet18,1235,0
amman_query_2ar5B6f1xOYuU4wn7CLEJg,amman_database_Crog-zM-aqzW4UhYaQpBCw,105,0.8146547079086304,amman_database_7UkylzqcXiAtWBdc7gRXug,0.8845103979110718,-0.0698556900024414,amman_database_7UkylzqcXiAtWBdc7gRXug,0,0,36.08487647176865,0.25077417492866516,16.017425537109375,0.0,0.10000000894069672,uniform,blur,uniform same-energy,resnet18,1235,0
boston_query_-XLBZG628HbrD4FlfLBryQ,boston_database_8IRy-NgjEMD8UEfWUz-lTg,1,0.8507036566734314,boston_database_7wQKqB8f8mmOlzPVp_KeXg,0.84255450963974,0.008149147033691406,boston_database_8IRy-NgjEMD8UEfWUz-lTg,1,1,36.36558048665856,0.25077489018440247,15.01489543914795,0.0034016927238553762,0.09999999403953552,uniform,blur,uniform same-energy,resnet18,1235,0
cph_query_-VfD_cIsQvsNIbCy3tCgQQ,cph_database_-_WpfRt0xa7BT3ZNhox7bw,9,0.8458862900733948,toronto_database_JZHiKl7CE7BzdlGbop_5MA,0.8665321469306946,-0.020645856857299805,toronto_database_JZHiKl7CE7BzdlGbop_5MA,0,1,36.080945279147876,0.2507796883583069,16.031930923461914,0.0,0.09999997913837433,uniform,blur,uniform same-energy,resnet18,1235,0
london_query_0AbO1xvvOJRs1V3ReaDrNw,london_database_3nlgqK_BhpRLtCaRJk7mBg,46,0.8371936082839966,toronto_database_JZHiKl7CE7BzdlGbop_5MA,0.8861913084983826,-0.048997700214385986,toronto_database_JZHiKl7CE7BzdlGbop_5MA,0,0,36.437901837118375,0.2507733702659607,14.766928672790527,0.0,0.10000000894069672,uniform,blur,uniform same-energy,resnet18,1235,0
manila_query_-ZyenisXeFL1kaebCpUNAQ,manila_database_5k6CwtK_2ROyvpr91VU3nw,97,0.811558723449707,manila_database_31P09aOdEXsPJyiA8d7DRA,0.8735350370407104,-0.06197631359100342,manila_database_31P09aOdEXsPJyiA8d7DRA,0,0,36.09393536973374,0.2507610619068146,15.984049797058105,0.0,0.10000000149011612,uniform,blur,uniform same-energy,resnet18,1235,0
nairobi_query_42kd1bm9ZK0fwGacm_8O5A,nairobi_database_NoG9ZUE9lu8WisRacbbNUw,69,0.8384325504302979,amman_database_2_NNnfq-ucbh4wN64ndIOg,0.8667281270027161,-0.028295576572418213,amman_database_2_NNnfq-ucbh4wN64ndIOg,0,0,36.0827246011396,0.2507767081260681,16.02536392211914,0.0,0.10000001639127731,uniform,blur,uniform same-energy,resnet18,1235,0
toronto_query_-MFll3mcOLNHfSZyGy5VIw,toronto_database_8aHbQwynhIr0XfyXIGqbdA,10,0.8434929847717285,toronto_database_5ey9E_udkLByc3LTBLFD3A,0.8896589279174805,-0.04616594314575195,toronto_database_5ey9E_udkLByc3LTBLFD3A,0,1,36.19592624059332,0.2507757842540741,15.613049507141113,0.00017361111531499773,0.10000000894069672,uniform,blur,uniform same-energy,resnet18,1235,0
zurich_query_0lHgqSrbw8SSQej38K9wpQ,zurich_database_OyWUlDA0nQXhtkA0SVtvGg,1,0.871734619140625,toronto_database_66Svrvnm_JwZWN1Blrg8rw,0.8333845138549805,0.03835010528564453,zurich_database_OyWUlDA0nQXhtkA0SVtvGg,1,1,36.344391790872265,0.2507762610912323,15.088330268859863,0.02932942658662796,0.10000000149011612,uniform,blur,uniform same-energy,resnet18,1235,0
amman_query_2hq9evzmyg6GO86JGeo5kw,amman_database_5f1b6ODcRSNjVm7BiUt1HQ,2,0.8459882736206055,amman_database_-nl8sfLoMweaxG5imCTp9Q,0.8499301671981812,-0.003941893577575684,amman_database_-nl8sfLoMweaxG5imCTp9Q,1,1,36.181247401129575,0.25077107548713684,15.665909767150879,0.0004503038071561605,0.09999999403953552,uniform,blur,uniform same-energy,resnet18,1235,0
boston_query_-XPoSJpI_X3ZlnZLz8JG4L,boston_database_LvKqyZOVkMtPAJ-SkA3DN1,215,0.8325379490852356,amman_database_2_NNnfq-ucbh4wN64ndIOg,0.8909332752227783,-0.058395326137542725,amman_database_2_NNnfq-ucbh4wN64ndIOg,0,0,36.28217332879339,0.2507672607898712,15.306046485900879,0.0,0.09999999403953552,uniform,blur,uniform same-energy,resnet18,1235,0
cph_query_-VwsLi9Gs8ntflZjLfPkGw,cph_database_0XUmaZkZbak0CUhOwxqPjw,236,0.8226003646850586,cph_database_UjpWUL98Q5DyuoCMWlk77w,0.877265453338623,-0.05466508865356445,cph_database_UjpWUL98Q5DyuoCMWlk77w,0,0,36.10860312814281,0.25077489018440247,15.930156707763672,0.0,0.09999999403953552,uniform,blur,uniform same-energy,resnet18,1235,0
london_query_0BjBFV4G9jdMJlEMqshzoA,london_database_JeQXfjTo6VURMPAXsqqrqw,8,0.8212793469429016,boston_database_8IRy-NgjEMD8UEfWUz-lTg,0.8330219388008118,-0.011742591857910156,boston_database_8IRy-NgjEMD8UEfWUz-lTg,0,1,36.113316527341084,0.2507757842540741,15.912877082824707,0.0,0.10000000149011612,uniform,blur,uniform same-energy,resnet18,1235,0
manila_query_-aK1h18UZREBqmVQH9KSvw,manila_database_YaHrs2Z76Jx0zaYq3oFG7A,129,0.8244624137878418,toronto_database_2PHgK91Apm8x6PzXK7MpUA,0.8755707144737244,-0.05110830068588257,toronto_database_2PHgK91Apm8x6PzXK7MpUA,0,0,36.49559506355215,0.2507629692554474,14.572056770324707,0.03823242336511612,0.10000000149011612,uniform,blur,uniform same-energy,resnet18,1235,0
nairobi_query_479Or7jRwWHujnR6N21HGg,nairobi_database_6TX4ZR0VfqHmNorJfDCQdA,148,0.8043159246444702,zurich_database_1goWOvtyEe9_94kIF29nZA,0.846571683883667,-0.04225575923919678,zurich_database_1goWOvtyEe9_94kIF29nZA,0,0,36.356435717175906,0.25077465176582336,15.046545028686523,0.0048828125,0.10000000149011612,uniform,blur,uniform same-energy,resnet18,1235,0
toronto_query_-MnI6OlC-vX0Wm56nVPN1A,toronto_database_ls5OV3_7FfTIhs_2dngpWA,1,0.862066388130188,manila_database_1_KCZ0iTXQEeCIdTzTcUHA,0.8603730201721191,0.0016933679580688477,toronto_database_ls5OV3_7FfTIhs_2dngpWA,1,1,36.52898833972386,0.2507767975330353,14.460440635681152,0.03950737789273262,0.09999999403953552,uniform,blur,uniform same-energy,resnet18,1235,0
zurich_query_0nVsH-6SH_FHslcVrikkwQ,zurich_database_XBi1UyH0pCxpA5NginBO2Q,102,0.8178940415382385,zurich_database_2IFVvdawkgwfoEkc1UpdCw,0.8757669925689697,-0.0578729510307312,zurich_database_2IFVvdawkgwfoEkc1UpdCw,0,0,36.28900583761673,0.25077182054519653,15.28198528289795,0.0,0.09999999403953552,uniform,blur,uniform same-energy,resnet18,1235,0
amman_query_2lABfkOBYPSLZkKhyRxYdA,amman_database_151zMheq8vPIGSfBTFm2Kg,4,0.8628309369087219,amman_database_1gJtGI68JVwQZGi6W80ZUw,0.8938827514648438,-0.031051814556121826,amman_database_1gJtGI68JVwQZGi6W80ZUw,1,1,36.092104309804185,0.2507767081260681,15.990790367126465,0.0,0.10000001639127731,uniform,blur,uniform same-energy,resnet18,1235,0
boston_query_-XVMoSt8xs2FUh9JzquX6A,boston_database_543boocdK3rRabfv3SJSvg,21,0.8444268107414246,boston_database_1k4pbpEWBwA9ojuy58J9oA,0.8763083219528198,-0.031881511211395264,boston_database_1k4pbpEWBwA9ojuy58J9oA,0,0,36.08976531356615,0.25077196955680847,15.999404907226562,0.0,0.10000000894069672,uniform,blur,uniform same-energy,resnet18,1235,0
cph_query_-WFB24C5ns0vkkGHGvN40A,cph_database_33ZlPGNkPp7GdFa0YLMIsg,2,0.8767567276954651,cph_database_7aTcyyEj8sB3Jg7PRzJu-g,0.8775420188903809,-0.0007852911949157715,cph_database_7aTcyyEj8sB3Jg7PRzJu-g,1,1,36.081198980474305,0.2507811188697815,16.030994415283203,0.0,0.09999998658895493,uniform,blur,uniform same-energy,resnet18,1235,0
london_query_0CaaImFsIdNZjpg8oBPgsQ,london_database_ogCqZhn7TrfEmF64Tg9z1Q,984,0.7441538572311401,boston_database_0UTNi5_ggWo6n7PhaJw9yw,0.8297295570373535,-0.08557569980621338,boston_database_0UTNi5_ggWo6n7PhaJw9yw,0,0,36.118846767423236,0.2507743537425995,15.892626762390137,0.0,0.10000000149011612,uniform,blur,uniform same-energy,resnet18,1235,0
manila_query_-cNGgBgyFrf92tQ2SjMnVw,manila_database_7593idyAjcK1n95CJJMkOA,385,0.7997318506240845,london_database_7hadEPdEI2MGW7SMcZDBUA,0.8759261965751648,-0.07619434595108032,london_database_7hadEPdEI2MGW7SMcZDBUA,0,0,36.15086560566807,0.2507689297199249,15.775887489318848,0.0011718750465661287,0.10000000149011612,uniform,blur,uniform same-energy,resnet18,1235,0
nairobi_query_4EL0OPwVmp4k2zCpl9_c_A,nairobi_database_3UPn39IM6HTHYtg6HY4q-g,2,0.8383049964904785,boston_database_0MER2tyL8y0wp8wzZzQCDA,0.8535251617431641,-0.015220165252685547,boston_database_0MER2tyL8y0wp8wzZzQCDA,1,1,36.1513710188933,0.2507743537425995,15.774051666259766,0.0,0.10000000149011612,uniform,blur,uniform same-energy,resnet18,1235,0
toronto_query_-MvRj243NBTPnognhgb4Cg,toronto_database_2PHgK91Apm8x6PzXK7MpUA,68,0.8456466197967529,zurich_database_1RM5Mx-wajw1Nbo7PHHTwg,0.8880889415740967,-0.04244232177734375,zurich_database_1RM5Mx-wajw1Nbo7PHHTwg,0,0,36.095192792258906,0.2507738769054413,15.979422569274902,0.0,0.10000000149011612,uniform,blur,uniform same-energy,resnet18,1235,0
zurich_query_0qoNSI3UUj6VR3TM7c0Peg,zurich_database_6ECihaE_tWqpiMu47QOjwQ,285,0.7554125189781189,london_database_95giX68cDMPmxguKbDWhmA,0.8271750211715698,-0.07176250219345093,london_database_95giX68cDMPmxguKbDWhmA,0,0,36.0924184988059,0.2507781684398651,15.989633560180664,0.0,0.10000000149011612,uniform,blur,uniform same-energy,resnet18,1235,0
amman_query_2o7YcP9UAqSU1ygtK33BfQ,amman_database_urse6by33-0JmqS5mVlLLg,6,0.849756121635437,amman_database_2dYrS88c4WSXs6D5iSIdVg,0.8600519895553589,-0.010295867919921875,amman_database_2dYrS88c4WSXs6D5iSIdVg,0,1,36.08112664050011,0.25077298283576965,16.031261444091797,0.0,0.09999999403953552,uniform,blur,uniform same-energy,resnet18,1235,0
boston_query_-YC7UljP-400uMusDPAb5o,boston_database_2TQsfSDqxLbRlevqUcUSYA,1,0.8503274917602539,boston_database_16CRssB4qXv2zYzHuRAwTQ,0.8347209692001343,0.015606522560119629,boston_database_2TQsfSDqxLbRlevqUcUSYA,1,1,36.11435125142584,0.25077059864997864,15.909086227416992,0.00017361111531499773,0.10000000149011612,uniform,blur,uniform same-energy,resnet18,1235,0
cph_query_-WSWmgHuo6qPHzHxqzEe1A,cph_database_6x3ymkhiy3yOhCsu1aztdg,109,0.840857744216919,cph_database_6pYqCwVVuumtu2fveyEqRA,0.8862601518630981,-0.0454024076461792,cph_database_6pYqCwVVuumtu2fveyEqRA,0,0,36.086495989551175,0.2507762610912323,16.01145362854004,0.0,0.10000000149011612,uniform,blur,uniform same-energy,resnet18,1235,0
london_query_0EzKuKNIcxIWax_duM0EWw,london_database_h9EFKOkIkMIA7h7U-lcwWA,2,0.8714184761047363,london_database_-ciLkUT3ztPptCzyhLAG2w,0.8762399554252625,-0.004821479320526123,london_database_-ciLkUT3ztPptCzyhLAG2w,1,1,36.10898533704223,0.2507760524749756,15.928754806518555,0.0005045572761446238,0.10000000149011612,uniform,blur,uniform same-energy,resnet18,1235,0
manila_query_-cmAo9dkimIih2B7T4UHfg,manila_database_7ZCkHNgbdGrjb8m48J_VRA,197,0.7948415875434875,manila_database_8v4He-pD8pDMK_ER8pZlIQ,0.8789736032485962,-0.08413201570510864,manila_database_8v4He-pD8pDMK_ER8pZlIQ,0,0,36.465684055280065,0.25077009201049805,14.672764778137207,0.0234103724360466,0.10000000894069672,uniform,blur,uniform same-energy,resnet18,1235,0
nairobi_query_4Scm9UylRL9Edyu3ZemB9A,nairobi_database_FuBkR1fbVVpCW5nvjIU89g,3,0.8112840056419373,nairobi_database_a9xNzoydjr-je93NA7mygg,0.8261301517486572,-0.01484614610671997,nairobi_database_a9xNzoydjr-je93NA7mygg,1,1,36.29139121557583,0.2507733702659607,15.27359390258789,0.0,0.10000000894069672,uniform,blur,uniform same-energy,resnet18,1235,0
toronto_query_-N8Ief4Q3CWSOSauaoVHkw,toronto_database_f9yapUp1QfWHiW5Ggk7eTw,5,0.8530928492546082,manila_database_4SNN_Q1-Ov_UDR1inHM2mg,0.8548108339309692,-0.001717984676361084,manila_database_4SNN_Q1-Ov_UDR1inHM2mg,1,1,36.085676068755376,0.2507733702659607,16.014476776123047,0.0,0.10000000894069672,uniform,blur,uniform same-energy,resnet18,1235,0
zurich_query_0yT0tESrImO18FH9C5STzg,zurich_database_5EBjYZoNQsB323r5P6H-HQ,16,0.8427842855453491,boston_database_3dQbA6O_0evX3zu7Qc-pYw,0.8832159042358398,-0.04043161869049072,boston_database_3dQbA6O_0evX3zu7Qc-pYw,0,0,36.32030977170113,0.2507726848125458,15.172228813171387,0.00022786458430346102,0.09999999403953552,uniform,blur,uniform same-energy,resnet18,1235,0
amman_query_2pCCoWfi0AP_93cYLKD9sA,amman_database_5XoaP1Muw6iwIBg_kWYFaQ,101,0.8399050831794739,toronto_database_3LCzhZVa-_75oQZecGcGLw,0.8974336385726929,-0.057528555393218994,toronto_database_3LCzhZVa-_75oQZecGcGLw,0,0,36.08676243247017,0.2507733702659607,16.01047134399414,0.0,0.10000000894069672,uniform,blur,uniform same-energy,resnet18,1235,0
boston_query_-YNCuOIwfe745OWl27FQZQ,boston_database_6HtWKuiJOkXO1GTzRBSfTg,1,0.8593886494636536,cph_database_DVjPFkksMwlWmXwvdLKwSg,0.8586605787277222,0.0007280707359313965,boston_database_6HtWKuiJOkXO1GTzRBSfTg,1,1,36.326314625332834,0.2507784366607666,15.151265144348145,0.0006347656017169356,0.10000000149011612,uniform,blur,uniform same-energy,resnet18,1235,0
cph_query_-XYLPst0OjYGoPVJKGP1aA,cph_database_33mmxgcLFjzRhpSRQRWq4Q,1,0.8946399092674255,cph_database_-QWxOCFh2Cw3JbcqTX28OQ,0.8901208639144897,0.004519045352935791,cph_database_33mmxgcLFjzRhpSRQRWq4Q,1,1,36.081943118725576,0.2507781982421875,16.028247833251953,0.0,0.10000000149011612,uniform,blur,uniform same-energy,resnet18,1235,0
london_query_0IFxmIDIkGlB0FShcszAfw,london_database_7KhxgmhjR5T_2QXEjYoZ-Q,11,0.8124403953552246,zurich_database_6-TIm7QHPYTjyxT3GFR2gg,0.8518883585929871,-0.03944796323776245,zurich_database_6-TIm7QHPYTjyxT3GFR2gg,0,0,36.32164404275746,0.2507787048816681,15.16756820678711,0.0,0.09999999403953552,uniform,blur,uniform same-energy,resnet18,1235,0
manila_query_-dvVr_QHKim5_WyUsv_Z4A,manila_database_6gIIjVpCb3sCY1zDKHTN0w,76,0.8253615498542786,manila_database_UHmqVlwY_tIWS997TaZywA,0.876535952091217,-0.05117440223693848,manila_database_UHmqVlwY_tIWS997TaZywA,0,0,36.1384975233432,0.25077298283576965,15.820878982543945,0.0,0.09999999403953552,uniform,blur,uniform same-energy,resnet18,1235,0
nairobi_query_4_8wDQ5TQuzz_jEJKVIl0Q,nairobi_database_8QrvtfnMMYvjycP4nESumw,332,0.7322092056274414,manila_database_4tXg0kJtp4bBR40lWJ7mIA,0.8431850075721741,-0.11097580194473267,manila_database_4tXg0kJtp4bBR40lWJ7mIA,0,0,36.08681417085455,0.25078052282333374,16.01028060913086,0.0,0.10000001639127731,uniform,blur,uniform same-energy,resnet18,1235,0
toronto_query_-OZxhiQ5zPqGdSRrqUMKfQ,toronto_database_6El8G6j-CzIxXcap-_r3sg,1,0.895398736000061,boston_database_1lzWfM7wv5kw-ZdKl_peNA,0.8710498809814453,0.024348855018615723,toronto_database_6El8G6j-CzIxXcap-_r3sg,1,1,36.25391915211904,0.2507767975330353,15.405948638916016,0.0,0.09999999403953552,uniform,blur,uniform same-energy,resnet18,1235,0
zurich_query_0zEmJXMA03W0EBFP74wRVQ,zurich_database_56kgw0xoLbK4aolDWKul5A,1,0.8770168423652649,boston_database_-BzrVPIrGylZQ8H15WaRYg,0.8668221235275269,0.010194718837738037,zurich_database_56kgw0xoLbK4aolDWKul5A,1,1,36.12309754875072,0.2507776916027069,15.877079010009766,0.0,0.10000000149011612,uniform,blur,uniform same-energy,resnet18,1235,0
amman_query_2pZlZDNh_3B-gECdtvklWQ,amman_database_IceuJQN2uOI5xXzHFlNWHw,8,0.8440221548080444,amman_database_3yagEI09YxnyMOsqFCs-ig,0.8581015467643738,-0.014079391956329346,amman_database_3yagEI09YxnyMOsqFCs-ig,0,1,36.12627368300384,0.25077250599861145,15.865471839904785,0.0,0.10000000149011612,uniform,blur,uniform same-energy,resnet18,1235,0
boston_query_-Zk-uQZzECPhvd8WV6mxhQ,boston_database_87osbt4QESoaKhqx1S698g,3,0.8406383991241455,cph_database_5GKxJZYxgwMMJsgDfMxZ1w,0.8478703498840332,-0.007231950759887695,cph_database_5GKxJZYxgwMMJsgDfMxZ1w,1,1,36.13344764306867,0.25077441334724426,15.839285850524902,0.0,0.10000000149011612,uniform,blur,uniform same-energy,resnet18,1235,0
cph_query_-YjbrleIz5WKWE1Rmmo4fg,cph_database_20p-zC1BqByt8dVNbnKbTw,1,0.903679609298706,cph_database_-rgalkuRufc_JbNM5Iwadg,0.8805313110351562,0.023148298263549805,cph_database_20p-zC1BqByt8dVNbnKbTw,1,1,36.081124573661405,0.2507741451263428,16.031269073486328,0.0,0.10000000149011612,uniform,blur,uniform same-energy,resnet18,1235,0
london_query_0LQj6exgKdVQbIBlQAVcrw,london_database_0hPXQ8vpwqqqTFwS1mTzZQ,38,0.7443913817405701,cph_database_6xxgGejRFdIJPYb-cnW2Xg,0.8063879013061523,-0.061996519565582275,cph_database_6xxgGejRFdIJPYb-cnW2Xg,0,0,36.100892037794075,0.2507765591144562,15.958466529846191,0.0,0.10000000149011612,uniform,blur,uniform same-energy,resnet18,1235,0
manila_query_-fizm8lmdD_ORe0_j5qnJQ,manila_database_78z0QV2-TMH912gTI-63FA,6,0.8416064977645874,manila_database_1NHx9p_Qfpv51-_bnxD3XQ,0.8648822903633118,-0.023275792598724365,manila_database_1NHx9p_Qfpv51-_bnxD3XQ,0,1,36.17124553058154,0.2507714629173279,15.702030181884766,0.0001302083401242271,0.10000000894069672,uniform,blur,uniform same-energy,resnet18,1235,0
nairobi_query_4otBu8pxIHc7lXwh66bqHQ,nairobi_database_fdXQFliJlP2K6rvw_jLOnQ,1999,0.533338725566864,zurich_database_4-7L3aTGT-P2Zip2jLHH2Q,0.8300032615661621,-0.2966645359992981,zurich_database_4-7L3aTGT-P2Zip2jLHH2Q,0,0,36.090864093909744,0.2507722079753876,15.995357513427734,0.0,0.09999999403953552,uniform,blur,uniform same-energy,resnet18,1235,0
toronto_query_-Pkw8dqFfD76K-CZ7pnCVQ,toronto_database_efAlAqJr3ShZKF9EP9gJwA,126,0.8168106079101562,zurich_database_4-amN7nLphQF0Qv7LEKCqQ,0.8588629961013794,-0.042052388191223145,zurich_database_4-amN7nLphQF0Qv7LEKCqQ,0,0,36.296819109740646,0.2507763206958771,15.2545166015625,0.0,0.10000000149011612,uniform,blur,uniform same-energy,resnet18,1235,0
zurich_query_1-8NWRY7HPTPq2lkQitPfw,zurich_database_4imNC7D7IARx5dzUHyuzSA,5,0.8512719869613647,cph_database_1w9aW1PCzyG1W2YZ9hiO2Q,0.8568859100341797,-0.005613923072814941,cph_database_1w9aW1PCzyG1W2YZ9hiO2Q,1,1,36.2312711673718,0.2507745921611786,15.486498832702637,0.0006401909631676972,0.09999999403953552,uniform,blur,uniform same-energy,resnet18,1235,0
amman_query_2rTDzpKAZdmx5K2aSyos9w,amman_database_2KPNt-NMPoNNPkUHc39G6A,82,0.8364061117172241,amman_database_3ZbkOYTSJMb7R5Av7soq9A,0.8793257474899292,-0.04291963577270508,amman_database_3ZbkOYTSJMb7R5Av7soq9A,0,0,36.08105791864069,0.2507762610912323,16.03151512145996,0.0,0.10000000149011612,uniform,blur,uniform same-energy,resnet18,1235,0
boston_query_-_69BJwJSLQGnzQD20QsOg,boston_database_xJh2U6wTEJU5MkN6cNWmrg,372,0.7687680721282959,manila_database_-tLOOodTWnvNp-K8fEWFlg,0.8583195209503174,-0.08955144882202148,manila_database_-tLOOodTWnvNp-K8fEWFlg,0,0,36.236877446727625,0.2507748603820801,15.466520309448242,0.0,0.09999999403953552,uniform,blur,uniform same-energy,resnet18,1235,0
cph_query_-YnFOjTmnQhpLwXt2EJ1QQ,cph_database_u__bAug3pIy5UiqNxPW-8w,180,0.7896106243133545,amman_database_3ZbkOYTSJMb7R5Av7soq9A,0.8634421825408936,-0.07383155822753906,amman_database_3ZbkOYTSJMb7R5Av7soq9A,0,0,36.21911232849199,0.2507733702659607,15.529916763305664,0.0001302083401242271,0.10000000894069672,uniform,blur,uniform same-energy,resnet18,1235,0
london_query_0M3fNwl2Fi82PVH3lDRsCg,london_database_4k--SrbWZCiu2p5cJt0EYw,1,0.8421458601951599,london_database_1D6hwAKVjwxPeiGlv9IT3g,0.8362925052642822,0.0058533549308776855,london_database_4k--SrbWZCiu2p5cJt0EYw,1,1,36.18826681064699,0.2507736384868622,15.640609741210938,0.007237412966787815,0.09999999403953552,uniform,blur,uniform same-energy,resnet18,1235,0
manila_query_-hNuMbgiWK_ZPELfuWj5FQ,manila_database_562jgjEtbznkZO2Ul4TSTw,1,0.8435686230659485,manila_database_3-gSfEXfZFJB6UNSXSK02g,0.8323819637298584,0.011186659336090088,manila_database_562jgjEtbznkZO2Ul4TSTw,1,1,36.24637798432111,0.25077390670776367,15.432723045349121,0.0,0.10000000894069672,uniform,blur,uniform same-energy,resnet18,1235,0
nairobi_query_5ISN1dRvjgJI9rd6GbusNQ,nairobi_database_91GsMs5kPfxkm2YLFNBy2g,49,0.8238083720207214,cph_database_4BdWO7YCXasxr90wTqDpDw,0.8505679368972778,-0.026759564876556396,cph_database_4BdWO7YCXasxr90wTqDpDw,0,0,36.28269994053276,0.2507752776145935,15.304190635681152,0.0016818576259538531,0.10000000894069672,uniform,blur,uniform same-energy,resnet18,1235,0
toronto_query_-PuMS2UqNh7dbLLfWE37yg,toronto_database_6qYwQstrayZM_SmME-owrw,2,0.8898774981498718,toronto_database_0ccv5ZSPbvN3WBJN_1__MA,0.9051591753959656,-0.01528167724609375,toronto_database_0ccv5ZSPbvN3WBJN_1__MA,1,1,36.27413163010473,0.2507741451263428,15.3344144821167,0.0088975690305233,0.10000000149011612,uniform,blur,uniform same-energy,resnet18,1235,0
zurich_query_1-TXtjFv1nAkC2AZXfhuDg,zurich_database_-0c8fGzuvHKGROvzeZflOQ,65,0.8592112064361572,zurich_database_-Es59pgAQfznoDqUA50E9Q,0.8914831876754761,-0.03227198123931885,zurich_database_-Es59pgAQfznoDqUA50E9Q,0,0,36.171711113007426,0.2507736384868622,15.700346946716309,0.0,0.10000000894069672,uniform,blur,uniform same-energy,resnet18,1235,0
amman_query_-39Q9edqZUArYHa41OPDoQ,amman_database_230ybQVhceCf4Sln4SPOMQ,1,0.8683328628540039,amman_database_83JeviUS_J6DBsBA1i9tuA,0.8540711402893066,0.014261722564697266,amman_database_230ybQVhceCf4Sln4SPOMQ,1,1,36.09013861915683,0.2507728636264801,15.998029708862305,0.0,0.8931085467338562,edge,blur,gradient-magnitude (edge),resnet18,1235,0
boston_query_--LUAhgqzqNM6FyWSJ-Dsw,boston_database_-XpWzw3N73sfAC2jKTbD5Q,1,0.9458204507827759,boston_database_0XkG0EUDAUX3eUfdrB2wyw,0.9019879102706909,0.04383254051208496,boston_database_-XpWzw3N73sfAC2jKTbD5Q,1,1,36.10089904520128,0.2507810592651367,15.958440780639648,0.0,0.7949225306510925,edge,blur,gradient-magnitude (edge),resnet18,1235,0
cph_query_--FyHVca3HP-QgUmcAvToA,cph_database_0dcx1DoaGzM3QYU_47-ctA,23,0.8489899635314941,boston_database_DU3FJGAh3PrB45a580xbGg,0.8868422508239746,-0.03785228729248047,boston_database_DU3FJGAh3PrB45a580xbGg,0,0,36.117541054118796,0.2507774531841278,15.897405624389648,0.0036838108208030462,0.8844218850135803,edge,blur,gradient-magnitude (edge),resnet18,1235,0
london_query_-0u7VsCOCAmwH4RFsN5BoA,london_database_f9ng8k9Ngt4UWja_a-mjaw,209,0.7747674584388733,zurich_database_0r57m1gsoV4j_t4xOqtL7A,0.8271266222000122,-0.052359163761138916,zurich_database_0r57m1gsoV4j_t4xOqtL7A,0,0,36.37104230246148,0.2507737874984741,14.996024131774902,0.0,0.8344635367393494,edge,blur,gradient-magnitude (edge),resnet18,1235,0
manila_query_-10kuZ2TqVxJ-YLQJl2uqA,manila_database_Zr6IH7wDsmdaq7VyLJLKDg,56,0.8250350952148438,manila_database_7vOvfavBmZmLG0s8XGaBbA,0.875310480594635,-0.05027538537979126,manila_database_7vOvfavBmZmLG0s8XGaBbA,0,0,36.0856646892404,0.25077420473098755,16.01451873779297,0.0,0.6784471869468689,edge,blur,gradient-magnitude (edge),resnet18,1235,0
nairobi_query_-K4R8iYrz9LwQ7wia8JZtQ,nairobi_database_fdXQFliJlP2K6rvw_jLOnQ,1999,0.5225891470909119,zurich_database_4-7L3aTGT-P2Zip2jLHH2Q,0.8293310403823853,-0.3067418932914734,zurich_database_4-7L3aTGT-P2Zip2jLHH2Q,0,0,36.082285258402536,0.25077372789382935,16.02698516845703,2.1701389414374717e-05,0.7906314730644226,edge,blur,gradient-magnitude (edge),resnet18,1235,0
toronto_query_-1caqsIDW4YpUBZB98J9uV,toronto_database_0ItNHOVZYAjAFyIWcZNw3Q,32,0.8412224650382996,zurich_database_VgwLuWhpDSqjlB2NYlCDAw,0.8596700429916382,-0.018447577953338623,zurich_database_VgwLuWhpDSqjlB2NYlCDAw,0,0,36.28720472760187,0.25076574087142944,15.288324356079102,0.01613498292863369,0.9213084578514099,edge,blur,gradient-magnitude (edge),resnet18,1235,0
zurich_query_--RjvuIbkJiPNJknyeZN_Q,zurich_database_TZZASHVyX8JX4JCtjaZu8A,144,0.8174163699150085,boston_database_7T5vnHPW4Xd12sc2X_jLfw,0.8707371354103088,-0.05332076549530029,boston_database_7T5vnHPW4Xd12sc2X_jLfw,0,0,36.0848681972784,0.2507780194282532,16.0174560546875,0.0,0.8826049566268921,edge,blur,gradient-magnitude (edge),resnet18,1235,0
amman_query_-6eEB_fS2eePRNUql6vOrQ,amman_database_Ld8UF_WG7d620clwmhmA7w,1,0.9198540449142456,amman_database_4JYN6Wp8p1aN_2b6dP1Yyw,0.8852911591529846,0.034562885761260986,amman_database_Ld8UF_WG7d620clwmhmA7w,1,1,36.08190745919248,0.25077947974205017,16.028379440307617,0.0,0.8236352801322937,edge,blur,gradient-magnitude (edge),resnet18,1235,0
boston_query_--VtRctVkqAafFr5b_6GXg,boston_database_UwsH5HN1NhjYYf2i_SZMMw,261,0.8080887794494629,manila_database_5epuq5tYovqXrYnobxqP_A,0.880792498588562,-0.07270371913909912,manila_database_5epuq5tYovqXrYnobxqP_A,0,0,36.098184132183476,0.25077253580093384,15.968420028686523,0.0,0.8007616996765137,edge,blur,gradient-magnitude (edge),resnet18,1235,0
cph_query_--kN3Y3n0x47vWa8WX-a8w,cph_database_m8v7yRzg-Ahnt8itIkwjQA,1,0.9191619157791138,zurich_database_4FlzweEjVGvnW3C9lZIYrw,0.8940492868423462,0.025112628936767578,cph_database_m8v7yRzg-Ahnt8itIkwjQA,1,1,36.082083692490784,0.2507750391960144,16.027729034423828,0.0,0.9094904065132141,edge,blur,gradient-magnitude (edge),resnet18,1235,0
london_query_-4Vq2O1PhPmG6WK-yV402Q,london_database_ZMtlIMgqMeKcrAIPxCMp3g,1,0.9021928310394287,london_database_8m5P4YTaevUpbWaQ62dnUA,0.8945621252059937,0.007630705833435059,london_database_ZMtlIMgqMeKcrAIPxCMp3g,1,1,36.31481619646513,0.2507784962654114,15.19143295288086,0.0350477434694767,0.846100926399231,edge,blur,gradient-magnitude (edge),resnet18,1235,0
manila_query_-10rV9IlRhgTnk5e_QJbgA,manila_database_8aFsf-s2G5vsaCKgNpxZxA,587,0.7766450047492981,manila_database_403INTlXpIBnsRFhSgUFOw,0.8772461414337158,-0.10060113668441772,manila_database_403INTlXpIBnsRFhSgUFOw,0,0,36.32105862761557,0.25077295303344727,15.169612884521484,0.0,0.9031118750572205,edge,blur,gradient-magnitude (edge),resnet18,1235,0
nairobi_query_-cS3FR1RBElNB48QQHiL0Q,nairobi_database_XdvgQAdvS4ZnbRq1lFmPvA,15,0.8530703783035278,amman_database_29z1w1EW9-qTj7neMnnIig,0.8822785019874573,-0.029208123683929443,amman_database_29z1w1EW9-qTj7neMnnIig,0,0,36.08277267310132,0.2507703900337219,16.02518653869629,1.627604251552839e-05,0.8298339247703552,edge,blur,gradient-magnitude (edge),resnet18,1235,0
toronto_query_-3UT7A8bNUkVBgSLW30-ow,toronto_database_ahYWgqSEuXW1UvHqjcvhbg,51,0.7855140566825867,zurich_database_1L-dXrILGks9fkkckuB6MA,0.8184002041816711,-0.03288614749908447,zurich_database_1L-dXrILGks9fkkckuB6MA,0,0,36.25455205060305,0.25077131390571594,15.403703689575195,0.00831705704331398,0.8625422716140747,edge,blur,gradient-magnitude (edge),resnet18,1235,0
zurich_query_-25E3MQ0PY1vs_FT7mKaUw,zurich_database_62HR56sCdEq3XIADUUPmBw,11,0.8518769145011902,manila_database_8CX3mu74pWVyEWzhNrVcbQ,0.8753830194473267,-0.023506104946136475,manila_database_8CX3mu74pWVyEWzhNrVcbQ,0,0,36.18138250146659,0.25077539682388306,15.665422439575195,0.0028157553169876337,0.9235255122184753,edge,blur,gradient-magnitude (edge),resnet18,1235,0
amman_query_-BJoV1t0rKwEzk0bsZplVQ,amman_database_RybCghn6dxdppOd3XPQXhw,1726,0.6392068862915039,amman_database_TAHAih6CiD8ZHZpJqmk4NA,0.8535295724868774,-0.21432268619537354,amman_database_TAHAih6CiD8ZHZpJqmk4NA,0,0,36.08432470122664,0.2507748603820801,16.019460678100586,0.0,0.93524569272995,edge,blur,gradient-magnitude (edge),resnet18,1235,0
boston_query_-0n5FDAuOditKvxIekIbBg,boston_database_7Spns0cJFoQxJhHcHR_Yok,1,0.8467347621917725,manila_database_3ED-M6yl_Y4YZkenDNv49Q,0.7960211038589478,0.05071365833282471,boston_database_7Spns0cJFoQxJhHcHR_Yok,1,1,36.258911714827384,0.2507784962654114,15.388248443603516,0.00260959193110466,0.9291566014289856,edge,blur,gradient-magnitude (edge),resnet18,1235,0
cph_query_--xKnCCc_4tDGo80iM-A_g,cph_database_2_XsYL2TeW-tmupH9iXwiw,1,0.9013549089431763,toronto_database_0Xd5A1HQH8R9fdiXX-PmOg,0.8893959522247314,0.011958956718444824,cph_database_2_XsYL2TeW-tmupH9iXwiw,1,1,36.13218798517448,0.250778466463089,15.843880653381348,0.00015733507461845875,0.7564865946769714,edge,blur,gradient-magnitude (edge),resnet18,1235,0
london_query_-4pmBOZmF-ynXSkWw5BAew,london_database_5a908C1LT7cfUlW0-urdfA,1,0.8663496971130371,cph_database_7_wYc_QgW8FRWp1rR6jnJQ,0.8476628661155701,0.01868683099746704,london_database_5a908C1LT7cfUlW0-urdfA,1,1,36.460121720060286,0.2507704198360443,14.691569328308105,0.05397677794098854,0.7211623787879944,edge,blur,gradient-magnitude (edge),resnet18,1235,0
manila_query_-2h231ovohZWmrsaBllNyw,manila_database_AtwA7nHo3oRCY9gITWUBSw,153,0.8179646730422974,cph_database_XtStyqOnyclJ6DFytgpC0Q,0.8722483515739441,-0.05428367853164673,cph_database_XtStyqOnyclJ6DFytgpC0Q,0,0,36.14424343431268,0.2507747709751129,15.79996109008789,0.0008029513992369175,0.7455893158912659,edge,blur,gradient-magnitude (edge),resnet18,1235,0
nairobi_query_-dn1KaWvGY9H5JRLNtaYPg,nairobi_database_ssLyvL_47h4IZogucHeChA,2,0.8509050607681274,manila_database_U1FwUndEQdlXZ93Iz997UA,0.8523575067520142,-0.0014524459838867188,manila_database_U1FwUndEQdlXZ93Iz997UA,1,1,36.4094624312596,0.2507757246494293,14.863945960998535,0.02903645858168602,0.9245876669883728,edge,blur,gradient-magnitude (edge),resnet18,1235,0
toronto_query_-4IVXvKV2D8brXjQPZ1GRA,toronto_database_76nIzPCLBw3jsfFraKvLlg,1,0.8878188729286194,toronto_database_5ey9E_udkLByc3LTBLFD3A,0.8831737041473389,0.004645168781280518,toronto_database_76nIzPCLBw3jsfFraKvLlg,1,1,36.42710352084352,0.2507709264755249,14.803690910339355,0.03564453125,0.8019829988479614,edge,blur,gradient-magnitude (edge),resnet18,1235,0
zurich_query_-4StYjY5sT1S23ls5heCbg,zurich_database_X6HaLuJZms_NtOwrX7Ccnw,1,0.8936041593551636,zurich_database_-Z_U-J1EncVqJmBvLwHPaQ,0.8707677721977234,0.022836387157440186,zurich_database_X6HaLuJZms_NtOwrX7Ccnw,1,1,36.34449363176974,0.25077372789382935,15.087976455688477,0.02360568568110466,0.7554153800010681,edge,blur,gradient-magnitude (edge),resnet18,1235,0
amman_query_-D0IlKF__f0c9DPAKbiYnw,amman_database_83JeviUS_J6DBsBA1i9tuA,39,0.7831737995147705,amman_database_q8IKz1dYe84bII8aKmSgZw,0.8821166753768921,-0.09894287586212158,amman_database_q8IKz1dYe84bII8aKmSgZw,0,0,36.08110597215737,0.2507750689983368,16.03133773803711,0.0,0.9752233624458313,edge,blur,gradient-magnitude (edge),resnet18,1235,0
boston_query_-3hM-MR6uuw3se14vw3G0w,boston_database_Ald8XklVXJv2wFOcWoD7SA,341,0.7361645698547363,boston_database_4FDiXrluACXMwFexJ7QSmA,0.852910041809082,-0.1167454719543457,boston_database_4FDiXrluACXMwFexJ7QSmA,0,0,36.092849801022176,0.2507822811603546,15.988045692443848,0.0,0.8614702820777893,edge,blur,gradient-magnitude (edge),resnet18,1235,0
cph_query_-05vIhjxDNupFcgaM90L3w,cph_database_T7zbMe-_pVjIRayCf9mfQw,3,0.8593814373016357,manila_database_1-NjZL9b8KTrSIldAnLivA,0.8762773871421814,-0.016895949840545654,manila_database_1-NjZL9b8KTrSIldAnLivA,1,1,36.26021513717615,0.2507733106613159,15.383630752563477,0.011029730550944805,0.7640457153320312,edge,blur,gradient-magnitude (edge),resnet18,1235,0
london_query_-5QOE2AlZX8rEz8ONtGRrg,london_database_7NuzdrMI9lHNaBHwtbChxQ,26,0.7607549428939819,cph_database_dh-vxFQjWULqXOrDb8Ptzw,0.8077907562255859,-0.047035813331604004,cph_database_dh-vxFQjWULqXOrDb8Ptzw,0,0,36.09574594540757,0.2507742941379547,15.977387428283691,0.0,0.81547611951828,edge,blur,gradient-magnitude (edge),resnet18,1235,0
manila_query_-3H2xPWPOqn_dCF2Lz5EtQ,manila_database_-VWrhS101xkbdgoKX_ctiw,305,0.8245664834976196,manila_database_6-Ge4mVQgHummzC1udZtig,0.8768993616104126,-0.05233287811279297,manila_database_6-Ge4mVQgHummzC1udZtig,0,0,36.25214596824002,0.2507686913013458,15.412240028381348,0.00030924478778615594,0.8008400201797485,edge,blur,gradient-magnitude (edge),resnet18,1235,0
nairobi_query_-f7xKWoDFjaXHyTtnRqVKw,nairobi_database_niKNve9XPiiP3-BM1fszYw,130,0.7718004584312439,london_database_JeQXfjTo6VURMPAXsqqrqw,0.846406102180481,-0.07460564374923706,london_database_JeQXfjTo6VURMPAXsqqrqw,0,0,36.17672515523672,0.25077563524246216,15.682230949401855,0.01842990517616272,0.9672516584396362,edge,blur,gradient-magnitude (edge),resnet18,1235,0
toronto_query_-4mlNvZUZnbmRaGbiIndoA,toronto_database_aGiRwJJAlM_N-HVpKyVj_Q,1,0.8565040826797485,nairobi_database_ssLyvL_47h4IZogucHeChA,0.8476247191429138,0.008879363536834717,toronto_database_aGiRwJJAlM_N-HVpKyVj_Q,1,1,36.21362986927279,0.2507755160331726,15.54953384399414,0.0019368489738553762,0.8073492646217346,edge,blur,gradient-magnitude (edge),resnet18,1235,0
zurich_query_-71-BK_yAOJ1soK0OQWIcg,zurich_database_D5f-Hfo2KgngABF8SxLx7A,102,0.7514761686325073,boston_database_17euonMgPfb6H2Pil1okIQ,0.8068221807479858,-0.055346012115478516,boston_database_17euonMgPfb6H2Pil1okIQ,0,0,36.12535121390624,0.25076621770858765,15.868842124938965,0.0,0.5740835070610046,edge,blur,gradient-magnitude (edge),resnet18,1235,0
amman_query_-EAmCN9i5BGEadZIccXEyA,amman_database_49Nj3x8K07clFjERwTHCTQ,21,0.8275889158248901,manila_database_8CX3mu74pWVyEWzhNrVcbQ,0.8596242070198059,-0.03203529119491577,manila_database_8CX3mu74pWVyEWzhNrVcbQ,0,0,36.10382237955817,0.25077342987060547,15.947702407836914,0.0003363715368323028,0.8725659847259521,edge,blur,gradient-magnitude (edge),resnet18,1235,0
boston_query_-4vuSn0vvcBVOccgQqFlow,boston_database_Gvml7rFx_6nDit5eWclK5g,51,0.8320754766464233,boston_database_4milP7SllTY547rUjQshWg,0.868366003036499,-0.036290526390075684,boston_database_4milP7SllTY547rUjQshWg,0,0,36.09776967611556,0.25077205896377563,15.96994400024414,0.0,0.7270696759223938,edge,blur,gradient-magnitude (edge),resnet18,1235,0
cph_query_-07-gME-zaQLhCsFrSInSg,cph_database_7uNVVQ63J8fRL3vQqXLvMA,4,0.8380007743835449,london_database_0Iz2DUm5xsWGNOXZSATxSQ,0.847832202911377,-0.009831428527832031,london_database_0Iz2DUm5xsWGNOXZSATxSQ,1,1,36.260526648963975,0.2507721185684204,15.382527351379395,0.0,0.8639184236526489,edge,blur,gradient-magnitude (edge),resnet18,1235,0
london_query_-7U9wY8ynnu3oZ1g_-0xww,london_database_7RTgs3f2012dnRwFgn1daw,12,0.8754971027374268,london_database_7hadEPdEI2MGW7SMcZDBUA,0.8964524865150452,-0.020955383777618408,london_database_7hadEPdEI2MGW7SMcZDBUA,0,0,36.28876300865157,0.25076982378959656,15.28283977508545,0.0265842005610466,0.7980394959449768,edge,blur,gradient-magnitude (edge),resnet18,1235,0
manila_query_-5pMypBbFEXHPOTYNJl_EA,manila_database_1NHx9p_Qfpv51-_bnxD3XQ,8,0.8610894680023193,amman_database_29z1w1EW9-qTj7neMnnIig,0.8803033828735352,-0.01921391487121582,amman_database_29z1w1EW9-qTj7neMnnIig,0,1,36.25063972048428,0.2507675886154175,15.417586326599121,0.0,0.8523136973381042,edge,blur,gradient-magnitude (edge),resnet18,1235,0
nairobi_query_-rWgRitoKSYrdczUKUiOrA,nairobi_database_3rFIO1enFyRVL-nV8QEmBA,3,0.8214161992073059,boston_database_5L3USOLg_-os4yeRMczNuQ,0.8445580005645752,-0.023141801357269287,boston_database_5L3USOLg_-os4yeRMczNuQ,1,1,36.10566436357071,0.2507723271846771,15.940939903259277,5.967881952528842e-05,0.8582218289375305,edge,blur,gradient-magnitude (edge),resnet18,1235,0
toronto_query_-5HBlqC41yTbYA1NM7dz1A,toronto_database_LIR6pHa5HpRIR-2BJFU0rg,40,0.8357095718383789,toronto_database_J944BkUVr339StNeKvml4Q,0.872871994972229,-0.0371624231338501,toronto_database_J944BkUVr339StNeKvml4Q,0,0,36.300314850919,0.25077182054519653,15.242242813110352,0.03733723983168602,0.7887112498283386,edge,blur,gradient-magnitude (edge),resnet18,1235,0
zurich_query_-7bB9HS2MqV7UT7vRyROfg,zurich_database_5hJrSztFeaGup3NhNZhzFg,89,0.8214848041534424,boston_database_8iSbf-_pURepfxymiY1Mdw,0.8649024963378906,-0.04341769218444824,boston_database_8iSbf-_pURepfxymiY1Mdw,0,0,36.11659308803609,0.25077807903289795,15.90087604522705,0.002625867957249284,0.9272128343582153,edge,blur,gradient-magnitude (edge),resnet18,1235,0
amman_query_-L_vanPrT4RcWlLbzCqMKA,amman_database_HrGES6C0zJzcc7fxoUh1wA,36,0.839288055896759,manila_database_0juhzfP3_ZmDsludDkLRBA,0.8676573038101196,-0.028369247913360596,manila_database_0juhzfP3_ZmDsludDkLRBA,0,0,36.105335185701726,0.2507729232311249,15.942148208618164,0.0,0.8298255205154419,edge,blur,gradient-magnitude (edge),resnet18,1235,0
boston_query_-5-CNr3q7kmRGcDSMueI4w,boston_database_kkvI6FjRw9lNm8bQvk5Rkg,1,0.8927748203277588,boston_database_z6clbBM962IhGWqflkuHCv,0.8833962082862854,0.009378612041473389,boston_database_kkvI6FjRw9lNm8bQvk5Rkg,1,1,36.08733210605009,0.25077906250953674,16.008371353149414,0.0,0.7117095589637756,edge,blur,gradient-magnitude (edge),resnet18,1235,0
cph_query_-0_HsZnndjHv76QpTyNFCA,cph_database_SV8c2DXuy-R0A6D10eAPeA,2,0.8633939623832703,amman_database_3R0Bf2kyDwfj1gZ5-JMKsw,0.882066011428833,-0.018672049045562744,amman_database_3R0Bf2kyDwfj1gZ5-JMKsw,1,1,36.10624249874793,0.25077441334724426,15.938817977905273,0.0,0.7773090600967407,edge,blur,gradient-magnitude (edge),resnet18,1235,0
london_query_-7cNAk24ZhuoOowcvDoImw,london_database_51ahiaqHEKcy5QEIBNvh3A,63,0.8120790719985962,boston_database_-BzrVPIrGylZQ8H15WaRYg,0.8516173958778381,-0.03953832387924194,boston_database_-BzrVPIrGylZQ8H15WaRYg,0,0,36.25215456765768,0.25076133012771606,15.412209510803223,0.0,0.9375019073486328,edge,blur,gradient-magnitude (edge),resnet18,1235,0
manila_query_-6NSbTuzpeyDbSXKeGAasg,manila_database_No4-TeedOgxh0oAMVBGCKA,3,0.8482551574707031,toronto_database_9-DiFFT4mg8DJt0ScCodig,0.8551116585731506,-0.00685650110244751,toronto_database_9-DiFFT4mg8DJt0ScCodig,1,1,36.09651332228874,0.2507738173007965,15.974564552307129,0.0,0.809675931930542,edge,blur,gradient-magnitude (edge),resnet18,1235,0
nairobi_query_-yxXz3in11JFniZQAa7m2A,nairobi_database_5fIX502GwN4iBedy_B8GeA,42,0.7909502983093262,cph_database_1nVPT6ZWiVRfTMwuFKHvQw,0.8460269570350647,-0.055076658725738525,cph_database_1nVPT6ZWiVRfTMwuFKHvQw,0,0,36.394129537232544,0.2507730722427368,14.916516304016113,0.0515679270029068,0.8996618390083313,edge,blur,gradient-magnitude (edge),resnet18,1235,0
toronto_query_-5RKNbex7In9Ys4mH40wXA,toronto_database_6WcJ7hWAeDPVUYIua0lFOg,1564,0.7002487182617188,toronto_database_-C42seTAv_ysnP57NggKvQ,0.8852016925811768,-0.184952974319458,toronto_database_-C42seTAv_ysnP57NggKvQ,0,0,36.53338166139136,0.2507719099521637,14.445819854736328,0.07364366203546524,0.8400492072105408,edge,blur,gradient-magnitude (edge),resnet18,1235,0
zurich_query_-ANYzSHAsjItBx6yJauT3A,zurich_database_2AJ6kHCsE48TTzHS7X6vFw,33,0.8403890132904053,manila_database_YAr_6aQgtNVbe7GhT70obQ,0.8849064111709595,-0.0445173978805542,manila_database_YAr_6aQgtNVbe7GhT70obQ,0,0,36.28969510137513,0.250773549079895,15.279560089111328,0.0001681857684161514,0.7972813248634338,edge,blur,gradient-magnitude (edge),resnet18,1235,0
amman_query_-MUBUlzvFxQS_zFg6xNhVg,amman_database_151zMheq8vPIGSfBTFm2Kg,33,0.8435699939727783,amman_database_21axHEFcyX-1hI673vVgLQ,0.8754619359970093,-0.03189194202423096,amman_database_21axHEFcyX-1hI673vVgLQ,0,0,36.10281223072152,0.2507729232311249,15.951412200927734,0.0,0.8250160813331604,edge,blur,gradient-magnitude (edge),resnet18,1235,0
boston_query_-6RLrPXAeunQaNK6m645ZA,boston_database_4rLO8Z_zI2AomCqI2i3j4w,2,0.8631086349487305,zurich_database_4FlzweEjVGvnW3C9lZIYrw,0.8696655035018921,-0.006556868553161621,zurich_database_4FlzweEjVGvnW3C9lZIYrw,1,1,36.20670925883241,0.2507758140563965,15.574332237243652,0.000244140625,0.8103623390197754,edge,blur,gradient-magnitude (edge),resnet18,1235,0
cph_query_-2N5Dmf5tOm5N83KXgvjDw,cph_database_5bN6yjff_s_mmc84IJXTkQ,1,0.8915199041366577,cph_database_0GxLZOHP77ozyB6CMVyncA,0.8589860200881958,0.032533884048461914,cph_database_5bN6yjff_s_mmc84IJXTkQ,1,1,36.53257206900474,0.2507745623588562,14.44851303100586,0.0755479633808136,0.832767128944397,edge,blur,gradient-magnitude (edge),resnet18,1235,0
london_query_-8xWvI5d3Z6gfsRDb_kEQQ,london_database_2nfD8uopWEhFcNeRrMETIA,29,0.7436466217041016,london_database_1HBKiIwsYTj_B1mXOqKWag,0.8576388359069824,-0.11399221420288086,london_database_1HBKiIwsYTj_B1mXOqKWag,0,0,36.33361948627387,0.2507750391960144,15.125802040100098,0.04034830629825592,0.8159691095352173,edge,blur,gradient-magnitude (edge),resnet18,1235,0
manila_query_-6_2C-ExaVhx4ONvHOvffw,manila_database_GI4HIiOuBrAQqj5gEbVdrw,446,0.8164499998092651,manila_database_2pcMDZN9eETtWZGigjrLLw,0.8929505348205566,-0.0765005350112915,manila_database_2pcMDZN9eETtWZGigjrLLw,0,0,36.277416962490875,0.2507683038711548,15.322818756103516,0.0012695312034338713,0.7437403798103333,edge,blur,gradient-magnitude (edge),resnet18,1235,0
nairobi_query_0-ZdPdUGwVdDwKbIOxQCBA,nairobi_database_Sm5f4osblN-sOr2YFvbXXg,2,0.8324376344680786,london_database_JeQXfjTo6VURMPAXsqqrqw,0.8514084815979004,-0.018970847129821777,london_database_JeQXfjTo6VURMPAXsqqrqw,1,1,36.116857216075275,0.25077536702156067,15.899909019470215,0.0030598959419876337,0.9572758078575134,edge,blur,gradient-magnitude (edge),resnet18,1235,0
toronto_query_-5ryd5v5eXUsmP9y4p6w_g,toronto_database_xlhtmCWmPwjhLIwEPp899Q,1361,0.7616607546806335,toronto_database_2PHgK91Apm8x6PzXK7MpUA,0.8945785760879517,-0.13291782140731812,toronto_database_2PHgK91Apm8x6PzXK7MpUA,0,0,36.088649730127585,0.2507699728012085,16.003515243530273,0.0,0.9404330253601074,edge,blur,gradient-magnitude (edge),resnet18,1235,0
zurich_query_-Bz7by7mnVU_HZbXc8FmpQ,zurich_database_JlQZqZETcsktpyAY5mc1pg,2,0.8757613301277161,toronto_database_8Ha8vTyXTW5lX1aiKBb8KQ,0.8926263451576233,-0.016865015029907227,toronto_database_8Ha8vTyXTW5lX1aiKBb8KQ,1,1,36.083652535682205,0.25077301263809204,16.021940231323242,0.0,0.8336449265480042,edge,blur,gradient-magnitude (edge),resnet18,1235,0
amman_query_-N1g8CEJP4UIaWH8Qqja2g,amman_database_-XjCytxzIY7TdmXBiTWapg,64,0.8203307390213013,amman_database_ONY-rsH_3nthK111PVrqsg,0.8925904035568237,-0.07225966453552246,amman_database_ONY-rsH_3nthK111PVrqsg,0,0,36.106875027813885,0.2507729232311249,15.93649673461914,0.0,0.8783360123634338,edge,blur,gradient-magnitude (edge),resnet18,1235,0
boston_query_-7KZUz5u8-7ja98pf8etVA,boston_database_-1Ur0I4BTjRYsKJqfcfVZQ,942,0.7428191900253296,boston_database_7nBh5iB7F195iH0429WvoQ,0.8673825860023499,-0.12456339597702026,boston_database_7nBh5iB7F195iH0429WvoQ,0,0,36.19404929360795,0.25077399611473083,15.61979866027832,0.0032823351211845875,0.7789545059204102,edge,blur,gradient-magnitude (edge),resnet18,1235,0
cph_query_-3uNzD-M1uI2jZeGqOkpXg,cph_database_spPSHqDZCj45h17hsXWxpw,94,0.7754383087158203,london_database_2dm36NWbW57_LB2NgdO-Rw,0.8296439051628113,-0.05420559644699097,london_database_2dm36NWbW57_LB2NgdO-Rw,0,0,36.08246305763881,0.2507754862308502,16.026329040527344,0.0,0.9411982297897339,edge,blur,gradient-magnitude (edge),resnet18,1235,0
london_query_-9FGszdwftnBlzMuP0c_NQ,london_database_Kz3Cq-q4WwlxQ_Rjgk305g,1,0.8964225053787231,toronto_database_6qYwQstrayZM_SmME-owrw,0.8663156032562256,0.03010690212249756,london_database_Kz3Cq-q4WwlxQ_Rjgk305g,1,1,36.11140287240852,0.25077688694000244,15.919890403747559,6.510417006211355e-05,0.7599583864212036,edge,blur,gradient-magnitude (edge),resnet18,1235,0
manila_query_-6_XaKv0Rrp2Jl0G9m_8NQ,manila_database_-aBV8vXQErDoI7aoZ1e0rw,43,0.825692892074585,toronto_database_2INWgVLU39mIgUVLP2xQbA,0.8556180596351624,-0.029925167560577393,toronto_database_2INWgVLU39mIgUVLP2xQbA,0,0,36.10426520523953,0.25077328085899353,15.946076393127441,0.0,0.7679881453514099,edge,blur,gradient-magnitude (edge),resnet18,1235,0
nairobi_query_01juXwMfxX_a4pfhpqt66g,nairobi_database_2qhZXjPq2bPM3DspieqrQw,25,0.7859769463539124,cph_database_2ySNejZfiFdx7Ry3SwhV2Q,0.8166061043739319,-0.03062915802001953,cph_database_2ySNejZfiFdx7Ry3SwhV2Q,0,0,36.25163970753552,0.25077351927757263,15.414036750793457,0.01981336809694767,0.9621290564537048,edge,blur,gradient-magnitude (edge),resnet18,1235,0
toronto_query_-5z50PgNYnxK8Ns2WmF_TQ,toronto_database_18_06r8X3FWdwfUchBmPQA,39,0.8244036436080933,zurich_database_1RM5Mx-wajw1Nbo7PHHTwg,0.864483654499054,-0.04008001089096069,zurich_database_1RM5Mx-wajw1Nbo7PHHTwg,0,0,36.085090579685705,0.25077491998672485,16.01663589477539,0.0,0.9171318411827087,edge,blur,gradient-magnitude (edge),resnet18,1235,0
zurich_query_-D3dDkhM5rjIJhj1SPdroA,zurich_database_A7Y3Ah31a1X_Bh7UZS5KIA,286,0.8076701760292053,cph_database_3NQI8cjUItCPUXn1lBmjFQ,0.8737601041793823,-0.066089928150177,cph_database_3NQI8cjUItCPUXn1lBmjFQ,0,0,36.39572166727295,0.2507605254650116,14.911048889160156,0.04443359375,0.8337298035621643,edge,blur,gradient-magnitude (edge),resnet18,1235,0
amman_query_-VdxqGX8d8L_OiSEN5CtDw,amman_database_ugi1L8kfJhi2W7D5xbEYlA,447,0.7938522696495056,amman_database_ONY-rsH_3nthK111PVrqsg,0.8637784719467163,-0.0699262022972107,amman_database_ONY-rsH_3nthK111PVrqsg,0,0,36.0936700410123,0.25077542662620544,15.985026359558105,0.0,0.8140965104103088,edge,blur,gradient-magnitude (edge),resnet18,1235,0
boston_query_-8cIAPzC7_za-xCEWsIoK2,boston_database_AESuFaFKr_mrdts__0iV-Q,31,0.8255810737609863,boston_database_LvKqyZOVkMtPAJ-SkA3DN1,0.8459689617156982,-0.020387887954711914,boston_database_LvKqyZOVkMtPAJ-SkA3DN1,0,0,36.218560037761655,0.2507675290107727,15.531891822814941,0.014643012546002865,0.8330062031745911,edge,blur,gradient-magnitude (edge),resnet18,1235,0
cph_query_-4KruxIYZ3a3GYE0tOKn2w,cph_database_BA4fi2-fm64XvLVa1q7wlA,43,0.8105024099349976,cph_database_2DoeyqFykZ0Nwt_gBPq6hQ,0.8600063323974609,-0.04950392246246338,cph_database_2DoeyqFykZ0Nwt_gBPq6hQ,0,0,36.26996416747122,0.25077301263809204,15.349136352539062,0.01626519113779068,0.8327003717422485,edge,blur,gradient-magnitude (edge),resnet18,1235,0
london_query_-9KgeyegI3TaGMqglsDENg,london_database_Hw6rU3Y_eRzUYi-xZDftAw,1,0.8290263414382935,manila_database_iQLC6e2wWewa4umD-xG3wQ,0.7872099876403809,0.0418163537979126,london_database_Hw6rU3Y_eRzUYi-xZDftAw,1,1,36.10851629081017,0.2507722079753876,15.930475234985352,0.000244140625,0.8073106408119202,edge,blur,gradient-magnitude (edge),resnet18,1235,0
manila_query_-7YHsOWBiYFmYcRzIM0ijg,manila_database_19O8RqWar1XGh6LAIJtmNA,6,0.8036190867424011,zurich_database_0-4m0jPfiQAHj2iyda31pw,0.8201019763946533,-0.016482889652252197,zurich_database_0-4m0jPfiQAHj2iyda31pw,0,1,36.108737027432745,0.2507806718349457,15.929665565490723,6.510417006211355e-05,0.8668376207351685,edge,blur,gradient-magnitude (edge),resnet18,1235,0
nairobi_query_09aysNUjwNAPHsHo-R-IdA,nairobi_database_t60p67uDSP0gRO7zmQchmQ,3,0.8290707468986511,amman_database_29z1w1EW9-qTj7neMnnIig,0.8390027284622192,-0.009931981563568115,amman_database_29z1w1EW9-qTj7neMnnIig,1,1,36.08466702858489,0.25076642632484436,16.018198013305664,0.0,0.8813720345497131,edge,blur,gradient-magnitude (edge),resnet18,1235,0
toronto_query_-68JeZKxV2XoP0N_6780Og,toronto_database_5gR2GvdWi8_efGPscwDy_A,1,0.8646658658981323,zurich_database_-Es59pgAQfznoDqUA50E9Q,0.8552687168121338,0.009397149085998535,toronto_database_5gR2GvdWi8_efGPscwDy_A,1,1,36.09309798111079,0.25077375769615173,15.98713207244873,0.0,0.8600136041641235,edge,blur,gradient-magnitude (edge),resnet18,1235,0
zurich_query_-E0qyEWY7jSPMOpGqiEG-A,zurich_database_I4oH_JsDyb1dsdtKtFBlCA,23,0.7168065309524536,london_database_TlgZJTCWCnxf-QDzfZ8pKw,0.7790244817733765,-0.06221795082092285,london_database_TlgZJTCWCnxf-QDzfZ8pKw,0,0,36.166837501579636,0.25076815485954285,15.717975616455078,0.0017361111240461469,0.6819486618041992,edge,blur,gradient-magnitude (edge),resnet18,1235,0
amman_query_-XWB_1fOm8NW5dQx9p5IKg,amman_database__7mDw96zrfdEDXA5fBuvGA,826,0.7776998281478882,amman_database_MouZWB1Ob24hWl5wCW952A,0.9275205135345459,-0.14982068538665771,amman_database_MouZWB1Ob24hWl5wCW952A,0,0,36.082597445612585,0.2507690489292145,16.025833129882812,0.0,0.7764909267425537,edge,blur,gradient-magnitude (edge),resnet18,1235,0
boston_query_-9Lur-PAHqcMspWszAgfqw,boston_database_CqhaSgFClCjYa5JYXuJe1w,8,0.8850393891334534,zurich_database_dc10RRbQNpdUphjhxUxjXQ,0.9072065353393555,-0.0221671462059021,zurich_database_dc10RRbQNpdUphjhxUxjXQ,0,1,36.292951542299605,0.25077563524246216,15.268107414245605,0.014529080130159855,0.8396332263946533,edge,blur,gradient-magnitude (edge),resnet18,1235,0
cph_query_-4RqBOkDhigU8JsdQZINkQ,cph_database_XtStyqOnyclJ6DFytgpC0Q,4,0.8935002088546753,cph_database_0Q9p7gfxU-alnjlr85nMlw,0.8969546556472778,-0.003454446792602539,cph_database_0Q9p7gfxU-alnjlr85nMlw,1,1,36.236038546656864,0.25077947974205017,15.469508171081543,0.02622070349752903,0.7647645473480225,edge,blur,gradient-magnitude (edge),resnet18,1235,0
london_query_-FGaYVNFN5ALUsVDNixL_g,london_database__DqCW6X8QmABQcaY8pyziA,1,0.8677801489830017,amman_database_ZTcuy3lDt_yPN6_vzSqXdw,0.8580152988433838,0.00976485013961792,london_database__DqCW6X8QmABQcaY8pyziA,1,1,36.17651202776601,0.2507772743701935,15.683000564575195,0.00022786458430346102,0.8698086738586426,edge,blur,gradient-magnitude (edge),resnet18,1235,0
manila_query_-81llwEm_ZxNy7Sa7Xrjlw,manila_database_6NVQHVTmkpvn42q7KaKzJA,8,0.8362400531768799,manila_database_3kjgmKBAk2CkoMmhTLAvHw,0.8478370308876038,-0.011596977710723877,manila_database_3kjgmKBAk2CkoMmhTLAvHw,0,1,36.37275778238077,0.25076824426651,14.99010181427002,0.012820095755159855,0.8251311182975769,edge,blur,gradient-magnitude (edge),resnet18,1235,0
nairobi_query_0ByAmUG6wFySvLcHHQ0Sdg,nairobi_database_wbz228P545PFYBpVD8i8XA,39,0.8195674419403076,nairobi_database_5nj9SryW0zrvMpEtOd9gjg,0.8556963801383972,-0.0361289381980896,nairobi_database_5nj9SryW0zrvMpEtOd9gjg,0,0,36.2384525959978,0.2507738173007965,15.460911750793457,0.02009006030857563,0.8709214925765991,edge,blur,gradient-magnitude (edge),resnet18,1235,0
toronto_query_-6ZIqrL48IaL1dCCO7bDVQ,toronto_database_W6mVozbof69jHkgfFY-m0g,1,0.902713418006897,toronto_database_3erLhthk-y29kkRtkoBrhQ,0.843665361404419,0.05904805660247803,toronto_database_W6mVozbof69jHkgfFY-m0g,1,1,36.084444667864084,0.25077131390571594,16.019018173217773,0.0,0.9060032367706299,edge,blur,gradient-magnitude (edge),resnet18,1235,0
zurich_query_-F7hOUVha_xHAoDddsUYdw,zurich_database_4nCjiIEaw9okSbBCMVmg_w,1115,0.7354404926300049,boston_database_7nBh5iB7F195iH0429WvoQ,0.8474960923194885,-0.11205559968948364,boston_database_7nBh5iB7F195iH0429WvoQ,0,0,36.1884121925441,0.2507792115211487,15.64008617401123,0.00010850694525288418,0.8425577282905579,edge,blur,gradient-magnitude (edge),resnet18,1235,0
amman_query_-iXxlTRmA5JphamcIjxBbA,amman_database_ONY-rsH_3nthK111PVrqsg,31,0.8459056615829468,toronto_database_hVExz7tZBsxQPaRmQofLqw,0.8856053352355957,-0.039699673652648926,toronto_database_hVExz7tZBsxQPaRmQofLqw,0,0,36.08103260033502,0.25077709555625916,16.03160858154297,0.0,0.8893505930900574,edge,blur,gradient-magnitude (edge),resnet18,1235,0
boston_query_-9gbUk-DmX9AOqntuN1nEm,boston_database_LvKqyZOVkMtPAJ-SkA3DN1,74,0.8342210650444031,amman_database_29z1w1EW9-qTj7neMnnIig,0.8693698048591614,-0.0351487398147583,amman_database_29z1w1EW9-qTj7neMnnIig,0,0,36.24472108564876,0.25076669454574585,15.43861198425293,0.0,0.7526360154151917,edge,blur,gradient-magnitude (edge),resnet18,1235,0
cph_query_-4XnD9qE623teR-nRYxB5A,cph_database_ow5xdWEyF-MVQ-BPjFMouA,1,0.885399341583252,cph_database_-omj0-mF4wHLf3oeSKTIKw,0.8487178683280945,0.03668147325515747,cph_database_ow5xdWEyF-MVQ-BPjFMouA,1,1,37.059569172165304,0.2507558763027191,12.797450065612793,0.15348850190639496,0.8759222030639648,edge,blur,gradient-magnitude (edge),resnet18,1235,0
london_query_-Flts9XBA2wVlru8_LHbkg,london_database_-QKK8oyA3lo4YfRSEG7GEA,596,0.7283434867858887,nairobi_database_1oH8UP6Fw5pq60tdS75mZA,0.8126472234725952,-0.08430373668670654,nairobi_database_1oH8UP6Fw5pq60tdS75mZA,0,0,36.201302450906496,0.2507738769054413,15.593733787536621,0.0033203125931322575,0.8812510967254639,edge,blur,gradient-magnitude (edge),resnet18,1235,0
manila_query_-85J_HceaTP2S0IavwkQ-A,manila_database_8yqxt9j7zrVdyJ-Ft4Cc1Q,842,0.7689785361289978,manila_database__VL8SUncDox-4OH01nYE4Q,0.869803786277771,-0.1008252501487732,manila_database__VL8SUncDox-4OH01nYE4Q,0,0,36.16493462660347,0.250763863325119,15.72486400604248,3.255208503105678e-05,0.7993160486221313,edge,blur,gradient-magnitude (edge),resnet18,1235,0
nairobi_query_0LJUobuUEqOqrZc4s2fVgg,nairobi_database_1oH8UP6Fw5pq60tdS75mZA,244,0.7895213961601257,boston_database_1Wub0YixN7gLbcCoRHTTxQ,0.8648766279220581,-0.07535523176193237,boston_database_1Wub0YixN7gLbcCoRHTTxQ,0,0,36.16664330321641,0.25077447295188904,15.71867847442627,0.01470269076526165,0.9599648714065552,edge,blur,gradient-magnitude (edge),resnet18,1235,0
toronto_query_-7C0G-8afrBbN3hImbBHsA,toronto_database_4QZV-ysKpbmwlccfG-g0Iw,386,0.7701064348220825,toronto_database_2PHgK91Apm8x6PzXK7MpUA,0.8694117665290833,-0.09930533170700073,toronto_database_2PHgK91Apm8x6PzXK7MpUA,0,0,36.08799138564607,0.2507684826850891,16.00594139099121,0.0,0.946172833442688,edge,blur,gradient-magnitude (edge),resnet18,1235,0
zurich_query_-Kb55YIF941j2DBFO5gVjA,zurich_database_JlQZqZETcsktpyAY5mc1pg,2,0.8482771515846252,cph_database_5lWKQzKGc2vUB9JJXTTNmw,0.8589358925819397,-0.010658740997314453,cph_database_5lWKQzKGc2vUB9JJXTTNmw,1,1,36.08290396912739,0.25077560544013977,16.024702072143555,0.0,0.805723249912262,edge,blur,gradient-magnitude (edge),resnet18,1235,0
amman_query_-qij8CFaEYNp4JW3rF9oqQ,amman_database_rdbcIZseJqbKkU9KsDdh-A,5,0.860349178314209,boston_database_7sEinu-9Cmc8M88D9wksJQ,0.8778371810913086,-0.01748800277709961,boston_database_7sEinu-9Cmc8M88D9wksJQ,1,1,36.130226543238024,0.25076916813850403,15.851037979125977,0.00018988715601153672,0.8465402722358704,edge,blur,gradient-magnitude (edge),resnet18,1235,0
boston_query_-AJWNV55EAzvKArt5mMYqg,boston_database_N3OTKcW9hTAp9nLQb5vvXQ,47,0.83461594581604,boston_database_57ckbe_BSJC6ORvOPDpD_A,0.856346070766449,-0.021730124950408936,boston_database_57ckbe_BSJC6ORvOPDpD_A,0,0,36.13967940621028,0.2507770359516144,15.816574096679688,0.003993055783212185,0.8114495873451233,edge,blur,gradient-magnitude (edge),resnet18,1235,0
cph_query_-5qSxgAnKk-6Bf5AVVoPjA,cph_database_80uzfcVMY2L2qHA2dbhCWQ,12,0.856248140335083,zurich_database_16Q8MrHPMTdCzbt3JQ77iw,0.8659147620201111,-0.009666621685028076,zurich_database_16Q8MrHPMTdCzbt3JQ77iw,0,0,36.09749762977361,0.2507754862308502,15.97094440460205,0.0,0.9315569996833801,edge,blur,gradient-magnitude (edge),resnet18,1235,0
london_query_-HfvOD1d7XUGJoEMybpyqQ,london_database_917neVitvw508ZojGNEx3Q,691,0.77338707447052,boston_database_3qV_NDshNzxy2JQxvbDkZQ,0.8918541669845581,-0.11846709251403809,boston_database_3qV_NDshNzxy2JQxvbDkZQ,0,0,36.163992849949736,0.2507788836956024,15.72827434539795,0.0023437500931322575,0.7608436346054077,edge,blur,gradient-magnitude (edge),resnet18,1235,0
manila_query_-9tG6ERjH4jVcWo9jkVvBg,manila_database_qtxcmhtwgJidBJJam2iDkw,1,0.8310320377349854,manila_database_5rjFma7r9oUAgRgPi5J3PA,0.8130306005477905,0.018001437187194824,manila_database_qtxcmhtwgJidBJJam2iDkw,1,1,36.1223721471488,0.25076714158058167,15.879731178283691,0.0001302083401242271,0.7366658449172974,edge,blur,gradient-magnitude (edge),resnet18,1235,0
nairobi_query_0M1Vl3tUlt_2MiFp6vxhrg,nairobi_database_eLRKoMBh-dvLHfmS1Vahcw,27,0.8412964344024658,boston_database_3jcLE11XlN-dINe6tG4USw,0.885408341884613,-0.04411190748214722,boston_database_3jcLE11XlN-dINe6tG4USw,0,0,36.09477421568969,0.2507731020450592,15.980962753295898,0.00014105903392191976,0.8853731751441956,edge,blur,gradient-magnitude (edge),resnet18,1235,0
toronto_query_-7bDZLvVOVk7ethfd1yomg,toronto_database_8qOq6ZJGQFAHGlRgRSoFTQ,16,0.8660813570022583,toronto_database_0ccv5ZSPbvN3WBJN_1__MA,0.8983246684074402,-0.032243311405181885,toronto_database_0ccv5ZSPbvN3WBJN_1__MA,0,0,36.15604855310649,0.2507725656032562,15.757071495056152,0.0,0.7074952125549316,edge,blur,gradient-magnitude (edge),resnet18,1235,0
zurich_query_-Km53YFc8zewa3vS2OeGsQ,zurich_database_53bbXmgm_cz_armcB3lPKg,3,0.8825631141662598,cph_database_6fnBKZ5y6JLHZ30W5ZJgRg,0.8892707228660583,-0.006707608699798584,cph_database_6fnBKZ5y6JLHZ30W5ZJgRg,1,1,36.11384440105211,0.25077149271965027,15.910943031311035,0.0,0.8997730016708374,edge,blur,gradient-magnitude (edge),resnet18,1235,0
amman_query_-t_-moqpBTWSiKU7mS-lgQ,amman_database_21axHEFcyX-1hI673vVgLQ,7,0.8317042589187622,amman_database_8b6nqdmSUhPLWFX555DGGw,0.8692179322242737,-0.037513673305511475,amman_database_8b6nqdmSUhPLWFX555DGGw,0,1,36.081264087481344,0.25077325105667114,16.03075408935547,0.0,0.9549949765205383,edge,blur,gradient-magnitude (edge),resnet18,1235,0
boston_query_-Ae9_7GnntvqV8myNb9fhv,boston_database_z6clbBM962IhGWqflkuHCv,4,0.8639545440673828,boston_database_4KYD-Lea90k3MYU22xzDu7,0.8791646957397461,-0.015210151672363281,boston_database_4KYD-Lea90k3MYU22xzDu7,1,1,36.2542691975705,0.25076863169670105,15.404706954956055,0.0021755641791969538,0.8382568359375,edge,blur,gradient-magnitude (edge),resnet18,1235,0
cph_query_-8E-udXiyMJCRp_UkM4Kgw,cph_database_2IB57R6kVRS6CDyJNBJWpg,7,0.8251656293869019,cph_database_-WLoHKY0ip7EewEcN8uwqQ,0.8411312103271484,-0.015965580940246582,cph_database_-WLoHKY0ip7EewEcN8uwqQ,0,1,36.1882707827653,0.25077930092811584,15.640595436096191,0.009570312686264515,0.7486818432807922,edge,blur,gradient-magnitude (edge),resnet18,1235,0
london_query_-Id3DdRqVbjIA39wjxbTgw,london_database_4yFURIl3HWyhu0J4BPas9w,2,0.8081954717636108,boston_database_4lu4yL8Z8y7SYip2jDb2FQ,0.8137931823730469,-0.005597710609436035,boston_database_4lu4yL8Z8y7SYip2jDb2FQ,1,1,36.15746213054801,0.25076597929000854,15.751943588256836,0.003727213479578495,0.7599828839302063,edge,blur,gradient-magnitude (edge),resnet18,1235,0
manila_query_-AXkFLZ0HchDGYvJ_KZ3dQ,manila_database_1oIli-5JQ1PBqvT2fhYquQ,16,0.8565037250518799,manila_database_8utvedK3WjLqNtdaZaP_4A,0.8806997537612915,-0.02419602870941162,manila_database_8utvedK3WjLqNtdaZaP_4A,0,0,36.084809241991636,0.25077030062675476,16.01767349243164,0.0,0.8547089695930481,edge,blur,gradient-magnitude (edge),resnet18,1235,0
nairobi_query_0Oa1jUYlj8LE47HApYWufA,nairobi_database_14U0pNV5S0iV1nTcO-rhkA,176,0.7800706624984741,nairobi_database_rSWvDBhPmOJ9okCbzr8dlw,0.8402682542800903,-0.06019759178161621,nairobi_database_rSWvDBhPmOJ9okCbzr8dlw,0,0,36.08755564961238,0.25077664852142334,16.00754737854004,0.0,0.8409155011177063,edge,blur,gradient-magnitude (edge),resnet18,1235,0
toronto_query_-85n6JJLXmi04edt5JxhzQ,toronto_database_aOsux29CXeL89W7MaEgCLA,1297,0.7510253190994263,toronto_database_4DjfS6EeioqDL5k7mux0cw,0.8992301225662231,-0.14820480346679688,toronto_database_4DjfS6EeioqDL5k7mux0cw,0,0,36.11558803756601,0.25077512860298157,15.904556274414062,0.0,0.9337689280509949,edge,blur,gradient-magnitude (edge),resnet18,1235,0
zurich_query_-M0Q1_7lg_TKGT2-mllw4w,zurich_database_2CmVSwzJAXqa1AFJIoMkgQ,138,0.8012766242027283,manila_database_0jgLKZ3NAsgQ8sOziLr1Hw,0.8647184371948242,-0.06344181299209595,manila_database_0jgLKZ3NAsgQ8sOziLr1Hw,0,0,36.10985596287813,0.2507741451263428,15.925561904907227,0.0015136718284338713,0.9704207181930542,edge,blur,gradient-magnitude (edge),resnet18,1235,0
amman_query_0-2jyV8XAzdAOYMkdyQVLw,amman_database_36lvaYDrOYq6NEmT7jTvCA,15,0.8544598817825317,amman_database_21axHEFcyX-1hI673vVgLQ,0.8850147724151611,-0.030554890632629395,amman_database_21axHEFcyX-1hI673vVgLQ,0,0,36.088179769628745,0.2507760226726532,16.005247116088867,0.0,0.9143597483634949,edge,blur,gradient-magnitude (edge),resnet18,1235,0
boston_query_-BE36-GG_yM6YS57M_uMTQ,boston_database_Ald8XklVXJv2wFOcWoD7SA,490,0.7528212070465088,boston_database_-R7nQetELLnuCzeSsoG04A,0.881915807723999,-0.12909460067749023,boston_database_-R7nQetELLnuCzeSsoG04A,0,0,36.089321634230494,0.2507772743701935,16.001039505004883,2.7126736313221045e-05,0.8990499973297119,edge,blur,gradient-magnitude (edge),resnet18,1235,0
cph_query_-9WYlFp61M1J1zV1mJD4uA,cph_database_UjpWUL98Q5DyuoCMWlk77w,56,0.828726053237915,cph_database_-3eIUVWD-sqVQ4yuYuqU3Q,0.8841100931167603,-0.055384039878845215,cph_database_-3eIUVWD-sqVQ4yuYuqU3Q,0,0,36.21342158169827,0.2507712244987488,15.55027961730957,0.0,0.9226812720298767,edge,blur,gradient-magnitude (edge),resnet18,1235,0
london_query_-OOGG8lTvgHHqp3iuULlyQ,london_database_-ciLkUT3ztPptCzyhLAG2w,1,0.8802139163017273,manila_database_5rjFma7r9oUAgRgPi5J3PA,0.8610900640487671,0.019123852252960205,london_database_-ciLkUT3ztPptCzyhLAG2w,1,1,36.10149160131132,0.25076907873153687,15.956263542175293,0.0013075086753815413,0.7107239365577698,edge,blur,gradient-magnitude (edge),resnet18,1235,0
manila_query_-ColYSDtqqoE3TZ4eZHu8g,manila_database_-_5itq9kaN27LUOyoOLDuA,535,0.7913311719894409,manila_database_YAr_6aQgtNVbe7GhT70obQ,0.8752335906028748,-0.08390241861343384,manila_database_YAr_6aQgtNVbe7GhT70obQ,0,0,36.090440756121495,0.2507755160331726,15.996916770935059,0.0,0.7741751074790955,edge,blur,gradient-magnitude (edge),resnet18,1235,0
nairobi_query_0R73ChZbcyJ8Z4vBaef_Jw,nairobi_database_ssLyvL_47h4IZogucHeChA,15,0.840468168258667,manila_database_7jMO5NcoYo4Ka0s2PejP_Q,0.8683613538742065,-0.02789318561553955,manila_database_7jMO5NcoYo4Ka0s2PejP_Q,0,0,36.143123467190094,0.25077468156814575,15.804036140441895,0.0029296875,0.9552954435348511,edge,blur,gradient-magnitude (edge),resnet18,1235,0
toronto_query_-8BknWmZh2lEnEeect73Ww,toronto_database_zv6HYCz2L9iYghJLLris7g,1,0.8974441289901733,boston_database_-SOo96t-psBZx0-9GmKu1A,0.862331748008728,0.03511238098144531,toronto_database_zv6HYCz2L9iYghJLLris7g,1,1,36.12237840683852,0.25077497959136963,15.879708290100098,0.0003200954815838486,0.6296982169151306,edge,blur,gradient-magnitude (edge),resnet18,1235,0
zurich_query_-TxHEY5xnZFgfnHO3ygjzw,zurich_database_yPFr1vukqyaoiyE5hzEgDA,1,0.9210605621337891,boston_database_4-6GGfB8D4dopYQHTwjWMw,0.884904682636261,0.036155879497528076,zurich_database_yPFr1vukqyaoiyE5hzEgDA,1,1,36.12213193837207,0.25077104568481445,15.880609512329102,0.0003743489505723119,0.8890383839607239,edge,blur,gradient-magnitude (edge),resnet18,1235,0
amman_query_051WRvR5gI1vde606oseFw,amman_database_21axHEFcyX-1hI673vVgLQ,17,0.8373475670814514,amman_database_03BobRbPyEDe0jl1HDZCYw,0.8793034553527832,-0.04195588827133179,amman_database_03BobRbPyEDe0jl1HDZCYw,0,0,36.08121706565613,0.25077417492866516,16.030927658081055,0.0,0.9416927695274353,edge,blur,gradient-magnitude (edge),resnet18,1235,0
boston_query_-CNeDzWqfei0F-1CmA8N9A,boston_database_76FUFcxeZzbF2Nt703437w,21,0.8546099662780762,cph_database_2XjBAvIVehCi1oTjgqkw9w,0.8833926916122437,-0.02878272533416748,cph_database_2XjBAvIVehCi1oTjgqkw9w,0,0,36.082089894379344,0.2507699728012085,16.027706146240234,0.0,0.8064560294151306,edge,blur,gradient-magnitude (edge),resnet18,1235,0
cph_query_-9ZOGirqZl2EVYWN1WLERg,cph_database_Ql2MXoTNSGeDQGwctdxVdA,1,0.9282205104827881,zurich_database_4FlzweEjVGvnW3C9lZIYrw,0.8846721053123474,0.043548405170440674,cph_database_Ql2MXoTNSGeDQGwctdxVdA,1,1,36.081566899562546,0.25077521800994873,16.02963638305664,0.0,0.9215359687805176,edge,blur,gradient-magnitude (edge),resnet18,1235,0
london_query_-TmVvxY52h9CjrIUzBbCgw,london_database_3__T69hWP2YBl0b17CTSIg,89,0.7913357615470886,boston_database_5sVUsJEhNKx6MFsRdH1a_Q,0.8380194902420044,-0.04668372869491577,boston_database_5sVUsJEhNKx6MFsRdH1a_Q,0,0,36.23051490455957,0.2507743239402771,15.489195823669434,0.0,0.884141743183136,edge,blur,gradient-magnitude (edge),resnet18,1235,0
manila_query_-ELxcda6ePiuO6nR3VP3-A,manila_database_UHmqVlwY_tIWS997TaZywA,3,0.8565152883529663,manila_database_2pcMDZN9eETtWZGigjrLLw,0.8684335947036743,-0.011918306350708008,manila_database_2pcMDZN9eETtWZGigjrLLw,1,1,36.38774522152932,0.2507697343826294,14.938460350036621,0.00858289934694767,0.7600588202476501,edge,blur,gradient-magnitude (edge),resnet18,1235,0
nairobi_query_0TzVtw0twyRTMFGP-VzE8A,nairobi_database_MjdWRTPZD74Zvf3gP0T3DA,21,0.8450892567634583,nairobi_database_WiJ9iNgTD-tlBmoavaoobw,0.8665204644203186,-0.02143120765686035,nairobi_database_WiJ9iNgTD-tlBmoavaoobw,0,0,36.19098591340239,0.2507767379283905,15.630820274353027,0.008664279244840145,0.9290458559989929,edge,blur,gradient-magnitude (edge),resnet18,1235,0
toronto_query_-8NbZpIbjwqAXwoRMmYddg,toronto_database_JZHiKl7CE7BzdlGbop_5MA,32,0.8298254013061523,toronto_database_2INWgVLU39mIgUVLP2xQbA,0.861414909362793,-0.031589508056640625,toronto_database_2INWgVLU39mIgUVLP2xQbA,0,0,36.08123773452758,0.2507743537425995,16.030851364135742,0.0,0.8318265676498413,edge,blur,gradient-magnitude (edge),resnet18,1235,0
zurich_query_-Vs9xzO47S-0Cfs9o81wvQ,zurich_database_b1fafYqxlKXQcwQsy8LFhQ,4,0.8543332815170288,manila_database_0dFbfxmCgeyDccswDEtWWg,0.8716603517532349,-0.017327070236206055,manila_database_0dFbfxmCgeyDccswDEtWWg,1,1,36.1375907759104,0.2507670223712921,15.824182510375977,0.0,0.8293923139572144,edge,blur,gradient-magnitude (edge),resnet18,1235,0
amman_query_0CjrhmzpvqXBOIBsGB6LcQ,amman_database_69QG67OivV1EL8WHuc8YEg,1,0.8866857290267944,manila_database_0juhzfP3_ZmDsludDkLRBA,0.8627811670303345,0.02390456199645996,amman_database_69QG67OivV1EL8WHuc8YEg,1,1,36.11122856718111,0.2507766783237457,15.92052936553955,0.0,0.9194751977920532,edge,blur,gradient-magnitude (edge),resnet18,1235,0
boston_query_-D-onyWSIw3M1SbsxL7X-g,boston_database_xJh2U6wTEJU5MkN6cNWmrg,115,0.8248544335365295,boston_database_2B76OnuT5TwwsBCC15rSDg,0.9001897573471069,-0.07533532381057739,boston_database_2B76OnuT5TwwsBCC15rSDg,0,0,36.1975858540718,0.2507753372192383,15.607084274291992,0.0001844618091126904,0.685305118560791,edge,blur,gradient-magnitude (edge),resnet18,1235,0
cph_query_-AowxxrsOr_xM02-ZyrQ5A,cph_database_0nZJCIlWvN21hdTwFT-XOQ,1,0.8715224862098694,manila_database_UHmqVlwY_tIWS997TaZywA,0.866195023059845,0.005327463150024414,cph_database_0nZJCIlWvN21hdTwFT-XOQ,1,1,36.141801266077344,0.2507764399051666,15.80884838104248,0.0,0.8614226579666138,edge,blur,gradient-magnitude (edge),resnet18,1235,0
london_query_-UeH_UbGnPshWdeEEYfhyQ,london_database_0lYDTfjiFald7StHlzc7LA,39,0.7457235455513,boston_database_0QoQ8ZS1gO0jR1VGgcTNQg,0.8055113554000854,-0.0597878098487854,boston_database_0QoQ8ZS1gO0jR1VGgcTNQg,0,0,36.10606606192072,0.25077369809150696,15.939465522766113,0.0,0.8884085416793823,edge,blur,gradient-magnitude (edge),resnet18,1235,0
manila_query_-EVOy4h35ZUyBK4r6uBM5g,manila_database_ixGfNfahIcacMbnVzeZG9g,65,0.8050817847251892,manila_database_3ED-M6yl_Y4YZkenDNv49Q,0.8676698803901672,-0.06258809566497803,manila_database_3ED-M6yl_Y4YZkenDNv49Q,0,0,36.13927484873204,0.2507743835449219,15.818047523498535,0.0,0.9156826734542847,edge,blur,gradient-magnitude (edge),resnet18,1235,0
nairobi_query_0YY7sOJF2Kr1PfPB1KidBg,nairobi_database_91GsMs5kPfxkm2YLFNBy2g,14,0.8235546350479126,london_database_JeQXfjTo6VURMPAXsqqrqw,0.8630375862121582,-0.039482951164245605,london_database_JeQXfjTo6VURMPAXsqqrqw,0,0,36.203858577136586,0.25077372789382935,15.584558486938477,0.02107747457921505,0.9574534296989441,edge,blur,gradient-magnitude (edge),resnet18,1235,0
toronto_query_-8Q-Otkctyr1cXAnmn2BEw,toronto_database_Ih3LD81JtUjroS3MjUuwZg,3,0.8492778539657593,toronto_database_2j1PywoBiilyvBDanvmevQ,0.8517951965332031,-0.0025173425674438477,toronto_database_2j1PywoBiilyvBDanvmevQ,1,1,36.497085230980076,0.2507759928703308,14.567057609558105,0.0547417551279068,0.8691325187683105,edge,blur,gradient-magnitude (edge),resnet18,1235,0
zurich_query_-ZAb7eYhYeo1yW06_paa_g,zurich_database_1_gNZOBhjuqXWwNw0QqCaA,1,0.8931542634963989,boston_database_2HqIYacSD0Jad_3YkpMl1g,0.8864456415176392,0.006708621978759766,zurich_database_1_gNZOBhjuqXWwNw0QqCaA,1,1,36.146887628953095,0.2507661283016205,15.79034423828125,0.0,0.8166366815567017,edge,blur,gradient-magnitude (edge),resnet18,1235,0
amman_query_0IvHKlYEfFEP39KRxr9UZg,amman_database_fCzctNthLHl-2vsKbs98Bw,1,0.9025146961212158,amman_database_3R0Bf2kyDwfj1gZ5-JMKsw,0.8956196904182434,0.006895005702972412,amman_database_fCzctNthLHl-2vsKbs98Bw,1,1,36.08517281234344,0.250779390335083,16.016332626342773,0.0,0.8650306463241577,edge,blur,gradient-magnitude (edge),resnet18,1235,0
boston_query_-DYvemYiNwx_BmPSrlUWIA,boston_database_ww4T5tskIaGOpEIBWTr60A,163,0.8172914981842041,boston_database_2Cjk1OlRe0-8M6Pv0tLQ-g,0.8613779544830322,-0.044086456298828125,boston_database_2Cjk1OlRe0-8M6Pv0tLQ-g,0,0,36.1432770425984,0.25077709555625916,15.80347728729248,0.00420464389026165,0.8091289401054382,edge,blur,gradient-magnitude (edge),resnet18,1235,0
cph_query_-BH_JCTriNnLeoSt0e51lQ,cph_database_6CANlvoIvwlMpdsIrbbUmA,614,0.7313660383224487,boston_database_1busJQOKCp-Qb4SSxC05LQ,0.8421498537063599,-0.11078381538391113,boston_database_1busJQOKCp-Qb4SSxC05LQ,0,0,36.14937517608449,0.25077787041664124,15.781302452087402,0.005246310960501432,0.9350063800811768,edge,blur,gradient-magnitude (edge),resnet18,1235,0
london_query_-WUdEGuLIX2B2T8rBV0Rgw,london_database_6vg0MNEb_kVbYXrqLQ0DBg,67,0.81205815076828,boston_database_-SQ-U4LuFzg4MylsKWaf9g,0.8639546632766724,-0.051896512508392334,boston_database_-SQ-U4LuFzg4MylsKWaf9g,0,0,36.25128127624509,0.25077110528945923,15.415308952331543,0.02540147490799427,0.7867180705070496,edge,blur,gradient-magnitude (edge),resnet18,1235,0
manila_query_-EthLwRJMwt-Shb-xpIYlA,manila_database_6RVJjUHylLXW8_yzLJi4gw,600,0.7678571343421936,manila_database_1etdiOKnehK8IRpiHKe2Pg,0.8540575504302979,-0.08620041608810425,manila_database_1etdiOKnehK8IRpiHKe2Pg,0,0,36.169585667242174,0.25076591968536377,15.708032608032227,0.0,0.7664514780044556,edge,blur,gradient-magnitude (edge),resnet18,1235,0
nairobi_query_0jIUlQnC_o05NHi_OMD_vg,nairobi_database_3xxeV1DoPMaR_eHJb0-MkQ,3,0.8678198456764221,zurich_database_4NRS_5YX0S3yJJSOofowlA,0.871543288230896,-0.003723442554473877,zurich_database_4NRS_5YX0S3yJJSOofowlA,1,1,36.44388203427688,0.2507734000682831,14.74660873413086,0.05492621660232544,0.9124680757522583,edge,blur,gradient-magnitude (edge),resnet18,1235,0
toronto_query_-8imnyri_5yPaHzqoBtiSg,toronto_database_5e1J0xEuBEPa9eXQ9e2W-g,79,0.8333236575126648,toronto_database_ECmQ64-04E7vfP5IE4lV4g,0.9161390066146851,-0.08281534910202026,toronto_database_ECmQ64-04E7vfP5IE4lV4g,0,0,36.09515961567796,0.25077587366104126,15.979544639587402,0.0,0.8439826369285583,edge,blur,gradient-magnitude (edge),resnet18,1235,0
zurich_query_-_SB4ERKdFDYkwavdkk6NA,zurich_database_1_gNZOBhjuqXWwNw0QqCaA,1,0.8839626908302307,boston_database_0jBH4wR9BKokO1K858DzNA,0.8798362016677856,0.004126489162445068,zurich_database_1_gNZOBhjuqXWwNw0QqCaA,1,1,36.15441445584287,0.2507616877555847,15.763001441955566,4.340277882874943e-05,0.8231866955757141,edge,blur,gradient-magnitude (edge),resnet18,1235,0
amman_query_0NfGsYmI9MkLl0JzfO-tJg,amman_database_RybCghn6dxdppOd3XPQXhw,1931,0.6408036947250366,amman_database_5XoaP1Muw6iwIBg_kWYFaQ,0.8588833808898926,-0.21807968616485596,amman_database_5XoaP1Muw6iwIBg_kWYFaQ,0,0,36.081188129401355,0.2507747411727905,16.031034469604492,0.0,0.8989815711975098,edge,blur,gradient-magnitude (edge),resnet18,1235,0
boston_query_-DZ2jmUKLylFospVHUJx9w,boston_database_N3OTKcW9hTAp9nLQb5vvXQ,38,0.8281710147857666,boston_database_08Ee0x4RX98medABwOiFEg,0.8620439767837524,-0.03387296199798584,boston_database_08Ee0x4RX98medABwOiFEg,0,0,36.13992189691124,0.25077682733535767,15.815690994262695,0.004871961660683155,0.8443087935447693,edge,blur,gradient-magnitude (edge),resnet18,1235,0
cph_query_-CmhgNHgZVau1Sw841AZJw,cph_database_-WLoHKY0ip7EewEcN8uwqQ,1,0.882540225982666,toronto_database_6qYwQstrayZM_SmME-owrw,0.8709661364555359,0.011574089527130127,cph_database_-WLoHKY0ip7EewEcN8uwqQ,1,1,36.159153928086496,0.2507777810096741,15.745808601379395,0.0045410157181322575,0.7905300259590149,edge,blur,gradient-magnitude (edge),resnet18,1235,0
london_query_-WZeEq0W1pr6VJS4t3dR0g,london_database_5_ziGZ9lgouSBDtEhw834Q,1,0.7864468693733215,cph_database_BA4fi2-fm64XvLVa1q7wlA,0.7828293442726135,0.003617525100708008,london_database_5_ziGZ9lgouSBDtEhw834Q,1,1,36.26158735665329,0.25077956914901733,15.37877082824707,0.03091362863779068,0.8324828147888184,edge,blur,gradient-magnitude (edge),resnet18,1235,0
manila_query_-GD9SrklFbEy7mNAK9uIXg,manila_database_3-gSfEXfZFJB6UNSXSK02g,8,0.8392519354820251,manila_database_4__xTySvhbOwYQ1_EJAhug,0.8605294227600098,-0.02127748727798462,manila_database_4__xTySvhbOwYQ1_EJAhug,0,1,36.108329102465746,0.2507721483707428,15.931161880493164,0.0,0.925091028213501,edge,blur,gradient-magnitude (edge),resnet18,1235,0
nairobi_query_0o5iaNnZzqS9cqJ1tMT85g,nairobi_database_NoG9ZUE9lu8WisRacbbNUw,130,0.8027185797691345,nairobi_database_n1PCtejzqVRzsDEOW3YjuA,0.867842972278595,-0.06512439250946045,nairobi_database_n1PCtejzqVRzsDEOW3YjuA,0,0,36.08434797035847,0.2507769465446472,16.01937484741211,0.0,0.7891377806663513,edge,blur,gradient-magnitude (edge),resnet18,1235,0
toronto_query_-8zrNMH6voa2ZtBaGNpoYQ,toronto_database_5KWZplgAeg8SoiyL3fb1CA,1,0.9116126894950867,zurich_database_2IFVvdawkgwfoEkc1UpdCw,0.9106451869010925,0.0009675025939941406,toronto_database_5KWZplgAeg8SoiyL3fb1CA,1,1,36.09361666629438,0.25077539682388306,15.985222816467285,0.0,0.8722147345542908,edge,blur,gradient-magnitude (edge),resnet18,1235,0
zurich_query_-bwmsEYfSnHpjkqrw0Vn6g,zurich_database_1_gNZOBhjuqXWwNw0QqCaA,1,0.8951123356819153,boston_database_2HqIYacSD0Jad_3YkpMl1g,0.8636965751647949,0.03141576051712036,zurich_database_1_gNZOBhjuqXWwNw0QqCaA,1,1,36.14213348168195,0.2507683336734772,15.807639122009277,0.0,0.8951947689056396,edge,blur,gradient-magnitude (edge),resnet18,1235,0
amman_query_0PLHged3iWJuuv8xOPB5rA,amman_database_HrGES6C0zJzcc7fxoUh1wA,12,0.8329689502716064,amman_database_3ZbkOYTSJMb7R5Av7soq9A,0.8503080606460571,-0.017339110374450684,amman_database_3ZbkOYTSJMb7R5Av7soq9A,0,0,36.10806991192597,0.2507740259170532,15.932112693786621,0.0,0.909334659576416,edge,blur,gradient-magnitude (edge),resnet18,1235,0
boston_query_-EHBZ4-3d6vENYYFm7mWEw,boston_database_4mzQ9KJnbqfpHrK-m5aFTg,1,0.8978595733642578,boston_database_-BzrVPIrGylZQ8H15WaRYg,0.8920155763626099,0.005843997001647949,boston_database_4mzQ9KJnbqfpHrK-m5aFTg,1,1,36.23719585882316,0.2507772147655487,15.465386390686035,0.012141927145421505,0.9275198578834534,edge,blur,gradient-magnitude (edge),resnet18,1235,0
cph_query_-CrgHhqoywCPgzsSAabnsw,cph_database_4BdWO7YCXasxr90wTqDpDw,31,0.8444790840148926,cph_database_5U0Ud3SIKDIGG7O6oKEiNw,0.8894553780555725,-0.04497629404067993,cph_database_5U0Ud3SIKDIGG7O6oKEiNw,0,0,36.10331831448393,0.2507767677307129,15.949553489685059,2.1701389414374717e-05,0.915696918964386,edge,blur,gradient-magnitude (edge),resnet18,1235,0
london_query_-WyzcGh-_EYVhI50Y9F08Q,london_database_0lYDTfjiFald7StHlzc7LA,130,0.7574610114097595,zurich_database_A7Y3Ah31a1X_Bh7UZS5KIA,0.8192359805107117,-0.06177496910095215,zurich_database_A7Y3Ah31a1X_Bh7UZS5KIA,0,0,36.12942392731499,0.2507733702659607,15.853967666625977,0.0,0.8643620014190674,edge,blur,gradient-magnitude (edge),resnet18,1235,0
manila_query_-GRDcYlSjwLZPQ0LqKatqA,manila_database_1iBFV1kM2kGBlSrYoFdpUg,204,0.7883825898170471,manila_database_0ngRAbovek9HaVT_tiAhZA,0.8900578022003174,-0.10167521238327026,manila_database_0ngRAbovek9HaVT_tiAhZA,0,0,36.081910560009824,0.25077757239341736,16.02836799621582,0.0,0.7686814665794373,edge,blur,gradient-magnitude (edge),resnet18,1235,0
nairobi_query_0u9pYEI4g20T0TGGb3Q_mw,nairobi_database_aGKLyNG-tz3P1x2U4mUJ3A,288,0.7835320234298706,amman_database_R8Ij4xihH7Ic6-CiDTeF5Q,0.8473683595657349,-0.06383633613586426,amman_database_R8Ij4xihH7Ic6-CiDTeF5Q,0,0,36.09352054163648,0.2507673501968384,15.985576629638672,1.627604251552839e-05,0.8856615424156189,edge,blur,gradient-magnitude (edge),resnet18,1235,0
toronto_query_-90qYles5GKU3ikhCYP3xg,toronto_database_3z_-YNKqn9FaBhA2mLecZA,4,0.8338333964347839,amman_database_jeZSOjsaBEcvWjfubFGbzw,0.8503972291946411,-0.016563832759857178,amman_database_jeZSOjsaBEcvWjfubFGbzw,1,1,36.09419190412504,0.2507738471031189,15.983105659484863,0.0,0.8938084244728088,edge,blur,gradient-magnitude (edge),resnet18,1235,0
zurich_query_-ckZ0rXdz4mibIinNjdoZQ,zurich_database_5hJrSztFeaGup3NhNZhzFg,160,0.8352837562561035,boston_database_02JXfs6EwwMPVW3wvXX_ow,0.8934175372123718,-0.05813378095626831,boston_database_02JXfs6EwwMPVW3wvXX_ow,0,0,36.106897378512826,0.2507748007774353,15.93641471862793,0.001860894146375358,0.9470824599266052,edge,blur,gradient-magnitude (edge),resnet18,1235,0
amman_query_0R0A_PhOAjP-uMDPM7p7mA,amman_database_IceuJQN2uOI5xXzHFlNWHw,1,0.8786822557449341,cph_database_7nXNULfmHeGICC425Cmpmg,0.8733545541763306,0.005327701568603516,amman_database_IceuJQN2uOI5xXzHFlNWHw,1,1,36.10359332264311,0.25077375769615173,15.948543548583984,0.0,0.8129183650016785,edge,blur,gradient-magnitude (edge),resnet18,1235,0
boston_query_-F1y-kaybMQbp8p7UR03TA,boston_database_1TRosqyedrbYP4Uf-dFqhA,43,0.7926722764968872,boston_database_5DPaJ0eCRYZ5-n_thSbRmw,0.8570848703384399,-0.06441259384155273,boston_database_5DPaJ0eCRYZ5-n_thSbRmw,0,0,36.17236828906753,0.25077196955680847,15.69797134399414,0.00931532122194767,0.6729792356491089,edge,blur,gradient-magnitude (edge),resnet18,1235,0
cph_query_-EJZ9qR_FRIGfCF6DhQCJg,cph_database_t-GBg6pL3mp0VntecXrZmQ,1,0.8912638425827026,cph_database_7We2jHKYlziAQQ0G28eWfw,0.8813947439193726,0.009869098663330078,cph_database_t-GBg6pL3mp0VntecXrZmQ,1,1,36.1004853680113,0.25077375769615173,15.9599609375,0.0,0.7445949912071228,edge,blur,gradient-magnitude (edge),resnet18,1235,0
london_query_-XIh6yuegk86oURAbggPpw,london_database_1deRosoILxJD1tXLjblJGQ,5,0.8639644384384155,london_database_1xjEFtVi8VFN8Sb0jMBQPw,0.875244140625,-0.011279702186584473,london_database_1xjEFtVi8VFN8Sb0jMBQPw,1,1,36.10489406932085,0.2507641017436981,15.943767547607422,0.0006835937383584678,0.6957942843437195,edge,blur,gradient-magnitude (edge),resnet18,1235,0
manila_query_-GYvqZ8BYSfzGUbFI13obA,manila_database_5epuq5tYovqXrYnobxqP_A,51,0.7997515797615051,manila_database_LlTZZ-urDXw016bTcDEGUQ,0.8680886030197144,-0.06833702325820923,manila_database_LlTZZ-urDXw016bTcDEGUQ,0,0,36.47048651399182,0.250764936208725,14.656548500061035,0.05723198875784874,0.9193626046180725,edge,blur,gradient-magnitude (edge),resnet18,1235,0
nairobi_query_16KxNH7RD-4ITdBTZKvAXw,nairobi_database_58g-D02QH8n16wRLLYDhtQ,22,0.8152662515640259,nairobi_database_6TX4ZR0VfqHmNorJfDCQdA,0.8578274846076965,-0.042561233043670654,nairobi_database_6TX4ZR0VfqHmNorJfDCQdA,0,0,36.32810988030296,0.25077587366104126,15.145003318786621,0.03901909664273262,0.9439359307289124,edge,blur,gradient-magnitude (edge),resnet18,1235,0
toronto_query_-95Ypw11XUgNqZdY5m4GCw,toronto_database_hVExz7tZBsxQPaRmQofLqw,248,0.8032420873641968,toronto_database_yYY-DeUP22gC30oEG2c9_A,0.8988559246063232,-0.09561383724212646,toronto_database_yYY-DeUP22gC30oEG2c9_A,0,0,36.30832573204419,0.25077545642852783,15.214153289794922,1.627604251552839e-05,0.9049026966094971,edge,blur,gradient-magnitude (edge),resnet18,1235,0
zurich_query_-fOHAPAq-KX4XPlg0JJPvg,zurich_database_vx286XWMLd3dewgXDtkHug,425,0.7909821271896362,cph_database_L9eWYNDLPVUHOitjad3-fw,0.8664300441741943,-0.0754479169845581,cph_database_L9eWYNDLPVUHOitjad3-fw,0,0,36.448268497053704,0.25076672434806824,14.731721878051758,0.04739583283662796,0.8518531918525696,edge,blur,gradient-magnitude (edge),resnet18,1235,0
amman_query_0RRGZCCzxqj8dJzhN-RnQQ,amman_database_03BobRbPyEDe0jl1HDZCYw,605,0.7460901141166687,amman_database_GiotUCR1nlkHmoamgZzwvA,0.860701322555542,-0.11461120843887329,amman_database_GiotUCR1nlkHmoamgZzwvA,0,0,36.11904431322148,0.25077247619628906,15.8919038772583,0.0,0.7394524216651917,edge,blur,gradient-magnitude (edge),resnet18,1235,0
boston_query_-GJo3fVMwIWZoCYgf09NLQ,boston_database_TrnYf4ZaimSqB0wbH8H6TQ,224,0.7775624990463257,manila_database_4wD1mGLONGf00rZi4YuGqw,0.8446828722953796,-0.06712037324905396,manila_database_4wD1mGLONGf00rZi4YuGqw,0,0,36.39415397158785,0.25076884031295776,14.91643238067627,0.009006076492369175,0.7845525145530701,edge,blur,gradient-magnitude (edge),resnet18,1235,0
cph_query_-Eb1W6216G9S88OFy95k4Q,cph_database_68e8QoWDyBwLyhV3l9WyrQ,1,0.811162531375885,london_database_1E751fa5IFU6_Pkl6cWp-w,0.7819997072219849,0.029162824153900146,cph_database_68e8QoWDyBwLyhV3l9WyrQ,1,1,36.09474985396145,0.25077563524246216,15.98105239868164,0.0,0.677103579044342,edge,blur,gradient-magnitude (edge),resnet18,1235,0
london_query_-XZRTRoj7LEefbZ7UDBzXg,london_database_ogCqZhn7TrfEmF64Tg9z1Q,928,0.7707275152206421,amman_database_urse6by33-0JmqS5mVlLLg,0.8709790706634521,-0.10025155544281006,amman_database_urse6by33-0JmqS5mVlLLg,0,0,36.176782730499,0.25077369809150696,15.682023048400879,0.0008680555620230734,0.7378268241882324,edge,blur,gradient-magnitude (edge),resnet18,1235,0
manila_query_-HF88JWAO1GDy0F6B4ZeZg,manila_database_kXY2QOlj-Ec0ed2TK1cUAQ,18,0.8300423622131348,manila_database_5AWXSZUCMTVxnMSRtLokxw,0.8604772686958313,-0.030434906482696533,manila_database_5AWXSZUCMTVxnMSRtLokxw,0,0,36.09182199942166,0.250772625207901,15.991829872131348,0.0,0.902004599571228,edge,blur,gradient-magnitude (edge),resnet18,1235,0
nairobi_query_183WoPTmmjfRAAmVLL6TDw,nairobi_database_2LeF9KuB512kTBv6IyAFcg,185,0.7798128724098206,toronto_database_W6mVozbof69jHkgfFY-m0g,0.8479897975921631,-0.06817692518234253,toronto_database_W6mVozbof69jHkgfFY-m0g,0,0,36.086758293426044,0.2507767379283905,16.010486602783203,5.967881952528842e-05,0.9028918147087097,edge,blur,gradient-magnitude (edge),resnet18,1235,0
toronto_query_-9p2_cESNINnXfab4o-dKQ,toronto_database_3tXViWEI0hLzpPBjx96sJg,144,0.8101030588150024,amman_database_1B2fSTtZhYHVntYjZKQkVw,0.8747798204421997,-0.06467676162719727,amman_database_1B2fSTtZhYHVntYjZKQkVw,0,0,36.120559824836846,0.2507762014865875,15.886359214782715,0.0,0.7987750172615051,edge,blur,gradient-magnitude (edge),resnet18,1235,0
zurich_query_-iln48QPRjkI40nJSzd6lg,zurich_database_NasE77S9sgnm7re_4N6NLQ,1,0.9143500328063965,zurich_database_6coxnyf3BEzk3VmKWC7GNA,0.8990316987037659,0.015318334102630615,zurich_database_NasE77S9sgnm7re_4N6NLQ,1,1,36.11629954445728,0.25077295303344727,15.90195083618164,0.0,0.8071986436843872,edge,blur,gradient-magnitude (edge),resnet18,1235,0
amman_query_0fPb7in-cHyh0MAM_N6Zwg,amman_database_8r07G8v9DPBbTM53Lqo7uw,5,0.8859613537788391,cph_database_5F9c2L0ay4ro_4tXCyjfNg,0.8932482004165649,-0.00728684663772583,cph_database_5F9c2L0ay4ro_4tXCyjfNg,1,1,36.08349950329754,0.250775009393692,16.022504806518555,0.0,0.8503658175468445,edge,blur,gradient-magnitude (edge),resnet18,1235,0
boston_query_-HufF4iDO00S4hZK96hUyw,boston_database_6jdzzSIJzD8Fu9L7YOsC9A,1,0.8759840726852417,zurich_database_4FlzweEjVGvnW3C9lZIYrw,0.8751186728477478,0.0008653998374938965,boston_database_6jdzzSIJzD8Fu9L7YOsC9A,1,1,36.105745687597974,0.2507753074169159,15.940641403198242,0.0,0.8026883006095886,edge,blur,gradient-magnitude (edge),resnet18,1235,0
cph_query_-Efn_mUBXLqGWGzUw3Youw,cph_database_5uaDLiIMu4DnwKCA9ojhMw,5,0.8517975807189941,toronto_database_2j1PywoBiilyvBDanvmevQ,0.8694443106651306,-0.017646729946136475,toronto_database_2j1PywoBiilyvBDanvmevQ,1,1,36.15753759387011,0.2507750689983368,15.751669883728027,0.002224392257630825,0.824907660484314,edge,blur,gradient-magnitude (edge),resnet18,1235,0
london_query_-b5BCVv9Qd6OhZGxpoqS5A,london_database_0QHdIjniSOBq1t8_i9JWAg,2,0.8862640857696533,cph_database_bGaq-m6X5U6XoYAZtNWTUQ,0.8948314189910889,-0.008567333221435547,cph_database_bGaq-m6X5U6XoYAZtNWTUQ,1,1,36.3753947545921,0.2507711946964264,14.981002807617188,0.03600803017616272,0.815761387348175,edge,blur,gradient-magnitude (edge),resnet18,1235,0
manila_query_-KU1q5fdqSI_GghxKumbeg,manila_database_6UUAvbH1Pt-9nHu_FbEMRA,168,0.80198073387146,manila_database_80f7_QcQsb6CovNesB-jzA,0.8466265201568604,-0.04464578628540039,manila_database_80f7_QcQsb6CovNesB-jzA,0,0,36.26550174859672,0.2507689893245697,15.36491584777832,0.00493706576526165,0.7704532742500305,edge,blur,gradient-magnitude (edge),resnet18,1235,0
nairobi_query_19K8RILgg4ErFKJ9l5D9zQ,nairobi_database_6TX4ZR0VfqHmNorJfDCQdA,212,0.7679774761199951,nairobi_database_L7HQ20CuWeW1lZ721bPiYw,0.8593124151229858,-0.09133493900299072,nairobi_database_L7HQ20CuWeW1lZ721bPiYw,0,0,36.18427005302084,0.2507731020450592,15.655010223388672,0.01872829906642437,0.9623474478721619,edge,blur,gradient-magnitude (edge),resnet18,1235,0
toronto_query_-Af6Q3npKjccLu7TwYvlsQ,toronto_database_yYY-DeUP22gC30oEG2c9_A,1,0.8829371929168701,toronto_database_5EDiSAwKLoYYZMZXzlXX5w,0.8455328345298767,0.03740435838699341,toronto_database_yYY-DeUP22gC30oEG2c9_A,1,1,36.15879279114951,0.2507745325565338,15.74711799621582,0.0,0.8538069128990173,edge,blur,gradient-magnitude (edge),resnet18,1235,0
zurich_query_-ldtR3_I7eHdDGYU5BNczg,zurich_database_6Tpy6Xxof6fyaFeCZtbsEg,225,0.7886759042739868,boston_database_4ulsM2PLW1L3mMGsAWLmeg,0.8387497663497925,-0.050073862075805664,boston_database_4ulsM2PLW1L3mMGsAWLmeg,0,0,36.08372957091629,0.2507728338241577,16.021656036376953,0.0,0.7363134622573853,edge,blur,gradient-magnitude (edge),resnet18,1235,0
amman_query_0mtodUgJmOV4UK-0AiTGHg,amman_database_UX1YuIhPO2Xhxp7YP0Xf5w,10,0.8397899866104126,amman_database_1h240BuHymcOpMXhMJ5BNw,0.8507721424102783,-0.010982155799865723,amman_database_1h240BuHymcOpMXhMJ5BNw,0,1,36.11268462090816,0.2507745623588562,15.915192604064941,0.0,0.7559887766838074,edge,blur,gradient-magnitude (edge),resnet18,1235,0
boston_query_-IYAXZ4yoOS7SzEIu2m-me,boston_database_4ZbdgBgOEO3l9iL-DzVnYA,10,0.6703438758850098,boston_database_5g8yJhnj8EfOWv5r3id1kw,0.7007336616516113,-0.030389785766601562,boston_database_5g8yJhnj8EfOWv5r3id1kw,0,1,36.11277414407113,0.2507658004760742,15.914864540100098,0.0002061631967080757,0.8366554975509644,edge,blur,gradient-magnitude (edge),resnet18,1235,0
cph_query_-F5w8wQO0CU26PCfOqANzA,cph_database_2DoeyqFykZ0Nwt_gBPq6hQ,75,0.8375041484832764,cph_database_1IxIk9jyD8EzOcTtQpuoyA,0.8739099502563477,-0.03640580177307129,cph_database_1IxIk9jyD8EzOcTtQpuoyA,0,0,36.09768279578438,0.2507786452770233,15.970263481140137,0.0,0.7919715046882629,edge,blur,gradient-magnitude (edge),resnet18,1235,0
london_query_-c-T7aulp9a5g-J9zYbYiQ,london_database_6MbCpJaLFsTGxLRixQ3Grg,331,0.805225133895874,london_database_7hadEPdEI2MGW7SMcZDBUA,0.881035566329956,-0.07581043243408203,london_database_7hadEPdEI2MGW7SMcZDBUA,0,0,36.21733463518447,0.25077247619628906,15.536274909973145,0.004654948133975267,0.8678202629089355,edge,blur,gradient-magnitude (edge),resnet18,1235,0
manila_query_-KoSUCrB2w1FscwO9vyRlw,manila_database_oo2Hf8Bz8vmfSX2BP81how,131,0.7807925939559937,manila_database_qtxcmhtwgJidBJJam2iDkw,0.8458061814308167,-0.065013587474823,manila_database_qtxcmhtwgJidBJJam2iDkw,0,0,36.093975274088265,0.2507684528827667,15.983902931213379,0.0,0.6260257959365845,edge,blur,gradient-magnitude (edge),resnet18,1235,0
nairobi_query_1J7o8IGEriKnTs-ay8aPNQ,nairobi_database_cX5HjnSllcBLRmqUIvPa5g,3,0.85454261302948,cph_database_4NQHSbQ8iQrPvSbbODlB3w,0.8589688539505005,-0.004426240921020508,cph_database_4NQHSbQ8iQrPvSbbODlB3w,1,1,36.19466265334901,0.2507738471031189,15.617592811584473,0.01620008610188961,0.9625470042228699,edge,blur,gradient-magnitude (edge),resnet18,1235,0
toronto_query_-AlgHQUWzDPe9bpb8ZAzSA,toronto_database_7iysBerUISRHtFS0RUVgTg,25,0.8446243405342102,manila_database_2Ek2Y4Mw82uYV9iRYA_kHA,0.8820517659187317,-0.037427425384521484,manila_database_2Ek2Y4Mw82uYV9iRYA_kHA,0,0,36.13152536040266,0.25077590346336365,15.846298217773438,0.0,0.9407708048820496,edge,blur,gradient-magnitude (edge),resnet18,1235,0
zurich_query_-m5K41q4X0r8qu_XnaYlIg,zurich_database_y6v4y08NV3KIHLZv6Vcj6A,18,0.8734847903251648,manila_database_YAr_6aQgtNVbe7GhT70obQ,0.8905034065246582,-0.017018616199493408,manila_database_YAr_6aQgtNVbe7GhT70obQ,0,0,36.292717715241395,0.25077423453330994,15.268929481506348,0.00015733507461845875,0.8222680687904358,edge,blur,gradient-magnitude (edge),resnet18,1235,0
amman_query_0rJM3ZzX3JzTTpl0GCia8w,amman_database_1yCFFO2hv_bRMTuOu7_MZQ,395,0.6673262119293213,amman_database_RybCghn6dxdppOd3XPQXhw,0.8565486669540405,-0.18922245502471924,amman_database_RybCghn6dxdppOd3XPQXhw,0,0,36.15753364976157,0.25077852606773376,15.751684188842773,0.0,0.9236086010932922,edge,blur,gradient-magnitude (edge),resnet18,1235,0
boston_query_-Jix8HM-vXTXdWrXQwVvQw,boston_database_-wqITAE6FndKbzHZNsIJeA,2,0.8918097019195557,boston_database_291-InfICP_FLOb09Og4iA,0.8950215578079224,-0.0032118558883666992,boston_database_291-InfICP_FLOb09Og4iA,1,1,36.2493654871084,0.2507769465446472,15.422110557556152,0.014371744357049465,0.9216936826705933,edge,blur,gradient-magnitude (edge),resnet18,1235,0
cph_query_-FLAkBWjfrY2RcqaQ-LgmQ,cph_database_mM7P8ptP9qs40DDOdxQu6Q,4,0.9183075428009033,cph_database_5i_SrA0XpJKR_sBDXaaAGQ,0.931037187576294,-0.012729644775390625,cph_database_5i_SrA0XpJKR_sBDXaaAGQ,1,1,36.08234624685525,0.2507740557193756,16.02676010131836,0.0,0.8617379069328308,edge,blur,gradient-magnitude (edge),resnet18,1235,0
london_query_-cAVonhAOLeSK7tfil0ceg,london_database_8pfnISpuJMiyPo4lVAKOXg,39,0.8300321102142334,london_database_1hOEd6DEV2g1FGFTXt7nKA,0.862826943397522,-0.032794833183288574,london_database_1hOEd6DEV2g1FGFTXt7nKA,0,0,36.26290262769689,0.2507786452770233,15.374114036560059,0.02591688372194767,0.8475624918937683,edge,blur,gradient-magnitude (edge),resnet18,1235,0
manila_query_-LBCdeO8C8kj5IjX1m3XTA,manila_database_-krzFiiOp_6LbfDayIsX1A,161,0.7995196580886841,manila_database_3YYbSazXEctb158TDECM7Q,0.8614702224731445,-0.06195056438446045,manila_database_3YYbSazXEctb158TDECM7Q,0,0,36.17495337243941,0.25077024102211,15.688630104064941,6.510417006211355e-05,0.6447554230690002,edge,blur,gradient-magnitude (edge),resnet18,1235,0
nairobi_query_1YjlKCdHNgoQBY8yOFqlmw,nairobi_database_FuBkR1fbVVpCW5nvjIU89g,3,0.8256665468215942,zurich_database_1yv9r9JqAVM1dRLLPKN28Q,0.8345460295677185,-0.008879482746124268,zurich_database_1yv9r9JqAVM1dRLLPKN28Q,1,1,36.30043685882224,0.25077351927757263,15.241814613342285,0.0398763008415699,0.9655629992485046,edge,blur,gradient-magnitude (edge),resnet18,1235,0
toronto_query_-B-3B3MjxX0UdrDIo-8kmA,toronto_database_-AzdCE_6bZoUqQg2nxvEXQ,7,0.8704044818878174,toronto_database_0Xd5A1HQH8R9fdiXX-PmOg,0.8831288814544678,-0.01272439956665039,toronto_database_0Xd5A1HQH8R9fdiXX-PmOg,0,1,36.17587006757091,0.25077489018440247,15.685318946838379,0.00434027798473835,0.7114995718002319,edge,blur,gradient-magnitude (edge),resnet18,1235,0
zurich_query_-nhCCSRwlsxqJsUbzqZvCQ,zurich_database_5hOStvk5qjU3iKb8wDonkw,857,0.7361147999763489,amman_database_2_NNnfq-ucbh4wN64ndIOg,0.8220371007919312,-0.08592230081558228,amman_database_2_NNnfq-ucbh4wN64ndIOg,0,0,36.087662768313805,0.25076085329055786,16.007152557373047,0.0,0.7002791166305542,edge,blur,gradient-magnitude (edge),resnet18,1235,0
amman_query_12LbsAl_T_jgw2JHgbR5ng,amman_database_48QNUOWeMH0KrknHieOl3Q,423,0.803941011428833,amman_database_jeZSOjsaBEcvWjfubFGbzw,0.9275000095367432,-0.12355899810791016,amman_database_jeZSOjsaBEcvWjfubFGbzw,0,0,36.08302544733235,0.2507725656032562,16.024253845214844,0.0,0.8591518402099609,edge,blur,gradient-magnitude (edge),resnet18,1235,0
boston_query_-Jv7RF27BSJIV-gqOI7KxZ,boston_database_P8zBjVDJ8gQGkj97FOP5Z-,43,0.8231850862503052,nairobi_database_ssLyvL_47h4IZogucHeChA,0.8550515174865723,-0.03186643123626709,nairobi_database_ssLyvL_47h4IZogucHeChA,0,0,36.90811440112732,0.25076618790626526,13.251618385314941,0.14262153208255768,0.9106778502464294,edge,blur,gradient-magnitude (edge),resnet18,1235,0
cph_query_-GVbOpzggFXAot0UyKhx2g,cph_database_04Bz2mPV9xajFGZOxvcyAg,5,0.9029980301856995,cph_database_1r3p-PThKkp7dL6P7W7nrA,0.9270943403244019,-0.024096310138702393,cph_database_1r3p-PThKkp7dL6P7W7nrA,1,1,36.0863268197161,0.2507769465446472,16.01207733154297,0.0,0.7822481393814087,edge,blur,gradient-magnitude (edge),resnet18,1235,0
london_query_-dHWRapn57-l_kynPnun3Q,london_database_8R0v__ddHErldoAh30NGAQ,13,0.8578526973724365,london_database_Au63mEM_QWbUdgTa-1C0Pw,0.8909627199172974,-0.03311002254486084,london_database_Au63mEM_QWbUdgTa-1C0Pw,0,0,36.106807456632914,0.25077274441719055,15.936744689941406,0.0010959201026707888,0.7640496492385864,edge,blur,gradient-magnitude (edge),resnet18,1235,0
manila_query_-MH02w7P6jmmqnoUdL-55Q,manila_database_31P09aOdEXsPJyiA8d7DRA,15,0.8247383832931519,manila_database_U1FwUndEQdlXZ93Iz997UA,0.8588817119598389,-0.03414332866668701,manila_database_U1FwUndEQdlXZ93Iz997UA,0,0,36.18478016271533,0.25077635049819946,15.65317153930664,0.0021755641791969538,0.8330410718917847,edge,blur,gradient-magnitude (edge),resnet18,1235,0
nairobi_query_1Z__CFelPzXEI1IEu_8QJw,nairobi_database_oirj6l2hFO_qSK3Qd_kv3A,317,0.8226097822189331,manila_database_7jMO5NcoYo4Ka0s2PejP_Q,0.8954148292541504,-0.07280504703521729,manila_database_7jMO5NcoYo4Ka0s2PejP_Q,0,0,36.181763766178435,0.2507741153240204,15.664047241210938,0.0015299479709938169,0.8917243480682373,edge,blur,gradient-magnitude (edge),resnet18,1235,0
toronto_query_-B136fRwqMBMXoc03yy-PQ,toronto_database_xjOMFXloX5yu5hsMzo21Ww,1,0.8866516351699829,zurich_database_EK_v4t0Y_zJRaqMlpuC4gA,0.8855358362197876,0.0011157989501953125,toronto_database_xjOMFXloX5yu5hsMzo21Ww,1,1,36.19618462633066,0.250775545835495,15.612120628356934,0.0062879775650799274,0.701011598110199,edge,blur,gradient-magnitude (edge),resnet18,1235,0
zurich_query_-tYWpAACOq7RfVvZJ-BAcQ,zurich_database_5BKPtlTmM2nsMwLqUHa0Ig,325,0.7740992307662964,toronto_database_5gR2GvdWi8_efGPscwDy_A,0.8554240465164185,-0.08132481575012207,toronto_database_5gR2GvdWi8_efGPscwDy_A,0,0,36.08114989250326,0.2507690191268921,16.03117561340332,0.0,0.8276317119598389,edge,blur,gradient-magnitude (edge),resnet18,1235,0
amman_query_1HafWFxuyylXLnDzCoapDA,amman_database_48QNUOWeMH0KrknHieOl3Q,241,0.8155319690704346,amman_database_COxopER5Ds_Wn3viS4hFnQ,0.8860565423965454,-0.07052457332611084,amman_database_COxopER5Ds_Wn3viS4hFnQ,0,0,36.08487957470656,0.250773549079895,16.017414093017578,0.0,0.8016093969345093,edge,blur,gradient-magnitude (edge),resnet18,1235,0
boston_query_-Kg6j3FKy26wYRLBkE_dFQ,boston_database_08Ee0x4RX98medABwOiFEg,21,0.8547409772872925,cph_database_3mkubNHmmXuUf1Js2s-HCA,0.8810946941375732,-0.02635371685028076,cph_database_3mkubNHmmXuUf1Js2s-HCA,0,0,36.22143052875789,0.2507765591144562,15.521629333496094,0.00933159701526165,0.9044086337089539,edge,blur,gradient-magnitude (edge),resnet18,1235,0
cph_query_-G_OOR1_yAfdfgnlKYNKnQ,cph_database_1IxIk9jyD8EzOcTtQpuoyA,1,0.9167180061340332,cph_database_Hdlxpfferm5haiP3R2kVRQ,0.8506574034690857,0.06606060266494751,cph_database_1IxIk9jyD8EzOcTtQpuoyA,1,1,36.11266874635387,0.25077685713768005,15.915250778198242,0.0,0.820674479007721,edge,blur,gradient-magnitude (edge),resnet18,1235,0
london_query_-dZ1k85FDVdFSbcG6_ECOA,london_database_Yz7eCBL40iYRogC_VrOciQ,5,0.8058720827102661,london_database_4xtgpNe3FmAQyzxnF9lLdA,0.8268887996673584,-0.021016716957092285,london_database_4xtgpNe3FmAQyzxnF9lLdA,1,1,36.32936940774619,0.25076836347579956,15.14061164855957,0.02195095457136631,0.8905639052391052,edge,blur,gradient-magnitude (edge),resnet18,1235,0
manila_query_-MKMMHEd33H1_45AJ8B5AA,manila_database_UHmqVlwY_tIWS997TaZywA,3,0.8496673107147217,manila_database_-A6IKNhOfbqGrOLNdvFoTQ,0.8535408973693848,-0.003873586654663086,manila_database_-A6IKNhOfbqGrOLNdvFoTQ,1,1,36.36930072010487,0.25077059864997864,15.002038955688477,0.005636935587972403,0.7656955718994141,edge,blur,gradient-magnitude (edge),resnet18,1235,0
nairobi_query_20W8wyVhxSIpj4ekTP7ezw,nairobi_database_8QrvtfnMMYvjycP4nESumw,150,0.7630740404129028,nairobi_database_5NmT9tDga_ogPbyZiowdeA,0.8437818288803101,-0.08070778846740723,nairobi_database_5NmT9tDga_ogPbyZiowdeA,0,0,36.08572158711343,0.25077950954437256,16.01430892944336,0.0,0.8269777297973633,edge,blur,gradient-magnitude (edge),resnet18,1235,0
toronto_query_-BTAllhGXYkM_JsKwxUFMg,toronto_database_thqpfauTP254fUgBlCuy9Q,351,0.8148740530014038,toronto_database_4DjfS6EeioqDL5k7mux0cw,0.9340732097625732,-0.11919915676116943,toronto_database_4DjfS6EeioqDL5k7mux0cw,0,0,36.109671837485976,0.2507750689983368,15.926237106323242,0.0,0.8952897191047668,edge,blur,gradient-magnitude (edge),resnet18,1235,0
zurich_query_-uQ-4tnYcOJ9WPXRG-ou3w,zurich_database_0KvXdFeDu1iHLPkdHTKXMg,399,0.802116870880127,london_database_7hadEPdEI2MGW7SMcZDBUA,0.892719030380249,-0.09060215950012207,london_database_7hadEPdEI2MGW7SMcZDBUA,0,0,36.2834285344077,0.25077420473098755,15.301623344421387,0.01657986082136631,0.7052257657051086,edge,blur,gradient-magnitude (edge),resnet18,1235,0
amman_query_1IWpn2b6V75KvNFoTU8UOQ,amman_database_UX1YuIhPO2Xhxp7YP0Xf5w,51,0.8349959850311279,boston_database_890bUQpWguhUny6KiFrBGQ,0.8716468811035156,-0.036650896072387695,boston_database_890bUQpWguhUny6KiFrBGQ,0,0,36.10315030579267,0.25077056884765625,15.950170516967773,0.0,0.7037093639373779,edge,blur,gradient-magnitude (edge),resnet18,1235,0
boston_query_-LPTAIN0lPGriKBtXoH5Mg,boston_database_56C-uiBFbe1dAHezyJhDoA,1,0.9374530911445618,boston_database_6p1zONaTXLWQeJHQx0CIVw,0.9102165102958679,0.027236580848693848,boston_database_56C-uiBFbe1dAHezyJhDoA,1,1,36.11316556934033,0.2507816255092621,15.913430213928223,0.0,0.8945867419242859,edge,blur,gradient-magnitude (edge),resnet18,1235,0
cph_query_-Gsj5kZ1V6uLXFxzeI7G2Q,cph_database_8dPByQ0w0nJ6JQ0Dt2phAg,207,0.8118025660514832,zurich_database_59tIMeF3OEbebki90DbpqQ,0.8690450191497803,-0.05724245309829712,zurich_database_59tIMeF3OEbebki90DbpqQ,0,0,36.081715729620896,0.25077173113822937,16.02908706665039,0.0,0.739499568939209,edge,blur,gradient-magnitude (edge),resnet18,1235,0
london_query_-dp5VWHVq4LzwLgq7y7yhw,london_database_6A3rCfSXyE2THTGgLGEh9A,148,0.7759298086166382,london_database_6QeCroSKkwmhf9sxqtSj7Q,0.8517811298370361,-0.07585132122039795,london_database_6QeCroSKkwmhf9sxqtSj7Q,0,0,36.0883629860655,0.2507776916027069,16.00457191467285,0.0,0.7807226181030273,edge,blur,gradient-magnitude (edge),resnet18,1235,0
manila_query_-N4wDG2Fhm38ZVy0hGp8_A,manila_database_-Fetcixx23dnC3G5T1XYGQ,83,0.8082728385925293,toronto_database_3kA21VsH9vnqPH6X0blOUQ,0.847898006439209,-0.03962516784667969,toronto_database_3kA21VsH9vnqPH6X0blOUQ,0,0,36.096129357650256,0.2507696747779846,15.975976943969727,0.0,0.8369919657707214,edge,blur,gradient-magnitude (edge),resnet18,1235,0
nairobi_query_2CNtCHy0TUbebdEFLYNrIQ,nairobi_database_ssLyvL_47h4IZogucHeChA,9,0.8491918444633484,nairobi_database_5nj9SryW0zrvMpEtOd9gjg,0.8720065355300903,-0.022814691066741943,nairobi_database_5nj9SryW0zrvMpEtOd9gjg,0,1,36.40785300095778,0.250773549079895,14.869455337524414,0.0528700090944767,0.8822952508926392,edge,blur,gradient-magnitude (edge),resnet18,1235,0
toronto_query_-Cdr8zjFdZw7nzz8_rwM4w,toronto_database_vHFdoApurhBvoN12-Y0jCA,308,0.8184492588043213,cph_database_6fnBKZ5y6JLHZ30W5ZJgRg,0.9009178876876831,-0.08246862888336182,cph_database_6fnBKZ5y6JLHZ30W5ZJgRg,0,0,36.08750028011172,0.2507759928703308,16.00775146484375,0.0,0.9342271089553833,edge,blur,gradient-magnitude (edge),resnet18,1235,0
zurich_query_0247N-PdpG4_iueC_9_G4g,zurich_database_5EBjYZoNQsB323r5P6H-HQ,1,0.8814183473587036,boston_database_5dFWcq_sUeeshzN0y_GXew,0.8719304800033569,0.00948786735534668,zurich_database_5EBjYZoNQsB323r5P6H-HQ,1,1,36.296707792036955,0.2507730722427368,15.254907608032227,0.00019531250291038305,0.7709689140319824,edge,blur,gradient-magnitude (edge),resnet18,1235,0
amman_query_1Nmy4JnYnb5zA_JmbkDWBQ,amman_database_q8IKz1dYe84bII8aKmSgZw,579,0.7710727453231812,amman_database_Ld8UF_WG7d620clwmhmA7w,0.9024055004119873,-0.13133275508880615,amman_database_Ld8UF_WG7d620clwmhmA7w,0,0,36.08614161992972,0.2507738173007965,16.012760162353516,0.0,0.8525130152702332,edge,blur,gradient-magnitude (edge),resnet18,1235,0
boston_query_-Lu6tv4tCQMDsXtxLtxMzQ,boston_database_-1Ur0I4BTjRYsKJqfcfVZQ,364,0.7876901626586914,cph_database_4DAmgI9qwyw3BPfQFAwfGg,0.8686423301696777,-0.08095216751098633,cph_database_4DAmgI9qwyw3BPfQFAwfGg,0,0,36.14759746178593,0.2507737874984741,15.787763595581055,5.967881952528842e-05,0.7421762347221375,edge,blur,gradient-magnitude (edge),resnet18,1235,0
cph_query_-HqO0GfYTRx5TzfB_6mTqA,cph_database_2zrgvYQU7Kp-VSZ9JSJPmQ,106,0.7480220794677734,zurich_database_6EMiVMe4EZnSgZzFBWjwdQ,0.8283421993255615,-0.08032011985778809,zurich_database_6EMiVMe4EZnSgZzFBWjwdQ,0,0,36.10327754516255,0.25077396631240845,15.949703216552734,0.00019531250291038305,0.7617084980010986,edge,blur,gradient-magnitude (edge),resnet18,1235,0
london_query_-izmF6OCR-aIZLVQbzDbLQ,london_database__ENYSZz7Q9KszYaFV1vSBA,7,0.8114103674888611,zurich_database_AnBHGSdcVBJF9G2F_FOMBw,0.8298279047012329,-0.018417537212371826,zurich_database_AnBHGSdcVBJF9G2F_FOMBw,0,1,36.105836886641235,0.2507737874984741,15.940306663513184,0.0,0.7316277027130127,edge,blur,gradient-magnitude (edge),resnet18,1235,0
manila_query_-P2actpgy_mRkcbLVKBjkQ,manila_database_vyM8BiFdQvLSI9ftVjzpCA,29,0.8391977548599243,cph_database_5F9c2L0ay4ro_4tXCyjfNg,0.8646296858787537,-0.025431931018829346,cph_database_5F9c2L0ay4ro_4tXCyjfNg,0,0,36.12672846398571,0.2507781386375427,15.863810539245605,0.0,0.8720312714576721,edge,blur,gradient-magnitude (edge),resnet18,1235,0
nairobi_query_2OfDNnR5st7y8-O2ibiklQ,nairobi_database_1oH8UP6Fw5pq60tdS75mZA,82,0.8119503259658813,boston_database_1busJQOKCp-Qb4SSxC05LQ,0.8692672252655029,-0.05731689929962158,boston_database_1busJQOKCp-Qb4SSxC05LQ,0,0,36.170973062716826,0.250775009393692,15.703015327453613,0.011523437686264515,0.9544156789779663,edge,blur,gradient-magnitude (edge),resnet18,1235,0
toronto_query_-DB8UBv2Rg4kTi6HTqrhOw,toronto_database_7KaJgQquLLRB5zIONHZkmQ,66,0.8359545469284058,zurich_database_-2NILOmSyIWLRVVEe-aflQ,0.8844165802001953,-0.04846203327178955,zurich_database_-2NILOmSyIWLRVVEe-aflQ,0,0,36.13842553156783,0.25077512860298157,15.821141242980957,0.0,0.8580402135848999,edge,blur,gradient-magnitude (edge),resnet18,1235,0
zurich_query_046U_rtFmS-pAuZF-Zba0Q,zurich_database_5EBjYZoNQsB323r5P6H-HQ,8,0.8622288703918457,boston_database_3dQbA6O_0evX3zu7Qc-pYw,0.8800365924835205,-0.017807722091674805,boston_database_3dQbA6O_0evX3zu7Qc-pYw,0,1,36.3897613294306,0.2507729232311249,14.931527137756348,0.003689236007630825,0.8801800608634949,edge,blur,gradient-magnitude (edge),resnet18,1235,0
amman_query_1Tf2dWuS4el8fREHH1_k0w,amman_database_tZTcRmO73MQbFWaYf6oj3g,45,0.8043355941772461,amman_database_q8IKz1dYe84bII8aKmSgZw,0.8893733620643616,-0.08503776788711548,amman_database_q8IKz1dYe84bII8aKmSgZw,0,0,36.08459876780374,0.25077396631240845,16.018449783325195,0.0,0.9804835319519043,edge,blur,gradient-magnitude (edge),resnet18,1235,0
boston_query_-N2T2kBE4uG56LTsyCQPJg,boston_database_DU3FJGAh3PrB45a580xbGg,376,0.8263831734657288,zurich_database_-0c8fGzuvHKGROvzeZflOQ,0.8889757394790649,-0.06259256601333618,zurich_database_-0c8fGzuvHKGROvzeZflOQ,0,0,36.17656009277537,0.25077489018440247,15.68282699584961,0.0,0.8516894578933716,edge,blur,gradient-magnitude (edge),resnet18,1235,0
cph_query_-I7HyKa_KIzMp2uMsvqUAg,cph_database_LVEAoVNNWTNKEOBa1RORzw,6,0.8408752679824829,cph_database_0rRbZapy_jGPOpPctSIjfQ,0.8842350244522095,-0.04335975646972656,cph_database_0rRbZapy_jGPOpPctSIjfQ,0,1,36.083230675678664,0.25077828764915466,16.023496627807617,0.0,0.8493944406509399,edge,blur,gradient-magnitude (edge),resnet18,1235,0
london_query_-kd8SHN5N5wLOpzEu10rfQ,london_database_38ZrIUVXQTS5sib9nRLudA,42,0.8166795969009399,cph_database_0GxLZOHP77ozyB6CMVyncA,0.8676867485046387,-0.05100715160369873,cph_database_0GxLZOHP77ozyB6CMVyncA,0,0,36.082164317732875,0.25077569484710693,16.02743148803711,0.0,0.7640492916107178,edge,blur,gradient-magnitude (edge),resnet18,1235,0
manila_query_-PR9Q6-AlT31oRE_Ep_fnQ,manila_database_7vOvfavBmZmLG0s8XGaBbA,449,0.7916131019592285,toronto_database_5KWZplgAeg8SoiyL3fb1CA,0.8726986646652222,-0.08108556270599365,toronto_database_5KWZplgAeg8SoiyL3fb1CA,0,0,36.12068913961582,0.2507791221141815,15.885886192321777,0.0,0.9027377367019653,edge,blur,gradient-magnitude (edge),resnet18,1235,0
nairobi_query_2QtumRO8ayl5p_Jb-rhTZQ,nairobi_database_wxcEU3WfT5kn7oD7HPwHkA,6,0.8293817043304443,nairobi_database_nyVKbHXQsaO_16tlW_NLag,0.8409901857376099,-0.011608481407165527,nairobi_database_nyVKbHXQsaO_16tlW_NLag,0,1,36.111873011088576,0.25077152252197266,15.918167114257812,0.0,0.8583977818489075,edge,blur,gradient-magnitude (edge),resnet18,1235,0
toronto_query_-Dr7KE__egl6kS-yslctCg,toronto_database_JZHiKl7CE7BzdlGbop_5MA,49,0.8365081548690796,toronto_database_2t0xTT1EnuQR8PQInCMxyg,0.8807364702224731,-0.044228315353393555,toronto_database_2t0xTT1EnuQR8PQInCMxyg,0,0,36.08114472538069,0.2507745325565338,16.03119468688965,0.0,0.7826068997383118,edge,blur,gradient-magnitude (edge),resnet18,1235,0
zurich_query_08U3p7js9TCivpCfLs0ZIw,zurich_database_gtNOuIAJb0GowBuaw7s_ng,20,0.8447315692901611,manila_database_5rjFma7r9oUAgRgPi5J3PA,0.8702103495597839,-0.025478780269622803,manila_database_5rjFma7r9oUAgRgPi5J3PA,0,0,36.58305554803963,0.25076550245285034,14.281532287597656,0.05496961623430252,0.8241493701934814,edge,blur,gradient-magnitude (edge),resnet18,1235,0
amman_query_1TysYQA0N2AnJ5lzQWP07w,amman_database_dhvis9SvxQH-844ETKFegg,2,0.8871173858642578,amman_database_0ugNILZPtpQGFYzyHrZHow,0.8884707093238831,-0.0013533234596252441,amman_database_0ugNILZPtpQGFYzyHrZHow,1,1,36.10856568907988,0.2507741451263428,15.930294036865234,0.0037814669776707888,0.9652208089828491,edge,blur,gradient-magnitude (edge),resnet18,1235,0
boston_query_-NRCmKPnLW6ukq5fovMufw,boston_database_4PSea1s0NN2bp469zyhxYA,144,0.8232619762420654,cph_database_6CANlvoIvwlMpdsIrbbUmA,0.8673906326293945,-0.0441286563873291,cph_database_6CANlvoIvwlMpdsIrbbUmA,0,0,36.14862044419705,0.25077569484710693,15.784045219421387,1.627604251552839e-05,0.6388460397720337,edge,blur,gradient-magnitude (edge),resnet18,1235,0
cph_query_-I8EyCiw4PS74_uGuMqUYQ,cph_database_-7ziE0jZDqPSFBV6BtizCg,1,0.8732955455780029,manila_database_LcTVwHyLKiNSNAfAcMEKHg,0.8724870681762695,0.0008084774017333984,cph_database_-7ziE0jZDqPSFBV6BtizCg,1,1,36.141679704572915,0.2507741153240204,15.809290885925293,0.0,0.9228780269622803,edge,blur,gradient-magnitude (edge),resnet18,1235,0
london_query_-qvarKx0xtSTs0tnxDE0oQ,london_database_Kz3Cq-q4WwlxQ_Rjgk305g,62,0.7349449396133423,manila_database_0rK0sGyVSA4u4PVc2Jv4-g,0.7894299030303955,-0.05448496341705322,manila_database_0rK0sGyVSA4u4PVc2Jv4-g,0,0,36.089286949424896,0.25077563524246216,16.00116729736328,0.0,0.7124587297439575,edge,blur,gradient-magnitude (edge),resnet18,1235,0
manila_query_-Qc1bZWefrpkNPZ60zZS5Q,manila_database_ZBrxg_erAKEhfFx-J3YR6Q,4,0.8267858028411865,nairobi_database_wBWiV1DS-7JT710m9NBw5g,0.8367348313331604,-0.009949028491973877,nairobi_database_wBWiV1DS-7JT710m9NBw5g,1,1,36.221868431400495,0.250768780708313,15.520064353942871,0.0015896267723292112,0.7976732850074768,edge,blur,gradient-magnitude (edge),resnet18,1235,0
nairobi_query_2RQpcoZ0MfOmswdfhpjw4g,nairobi_database_a9xNzoydjr-je93NA7mygg,20,0.8289578557014465,boston_database_8Nk7Pm6_AQpeJxvHfnUbhA,0.8557481169700623,-0.026790261268615723,boston_database_8Nk7Pm6_AQpeJxvHfnUbhA,0,0,36.275069772775,0.2507745027542114,15.33110237121582,0.03566080704331398,0.9461901187896729,edge,blur,gradient-magnitude (edge),resnet18,1235,0
toronto_query_-EilBTWhr8vjdDW-B7MU8A,toronto_database_WF69D5s_qIEzvnQmXGAMuw,226,0.813424825668335,toronto_database_RYZajIuCaJNvAtO4-DAXOQ,0.9134979844093323,-0.10007315874099731,toronto_database_RYZajIuCaJNvAtO4-DAXOQ,0,0,36.562821067747045,0.2507723867893219,14.348227500915527,0.04381510242819786,0.8063614368438721,edge,blur,gradient-magnitude (edge),resnet18,1235,0
zurich_query_0AlvsX9XlPHoz4joTTL7hQ,zurich_database_hutV0_YJEx993tFEXdcBQw,14,0.8330855369567871,manila_database_6RVJjUHylLXW8_yzLJi4gw,0.8559949398040771,-0.02290940284729004,manila_database_6RVJjUHylLXW8_yzLJi4gw,0,0,36.11560079782706,0.2507721781730652,15.904509544372559,0.0,0.9332014322280884,edge,blur,gradient-magnitude (edge),resnet18,1235,0
amman_query_1VTBGOTuAwvnyE1o4Pbm0Q,amman_database_21axHEFcyX-1hI673vVgLQ,5,0.8646335601806641,amman_database_8b6nqdmSUhPLWFX555DGGw,0.8993916511535645,-0.03475809097290039,amman_database_8b6nqdmSUhPLWFX555DGGw,1,1,36.081123023533024,0.2507750391960144,16.031274795532227,0.0,0.9533169269561768,edge,blur,gradient-magnitude (edge),resnet18,1235,0
boston_query_-NSEL0mtEJlIM-oR5yFnFg,boston_database_Xt_8fOeVI9H7U0BbA0ZiIA,3,0.9131532907485962,boston_database_3yupn7WRtc81bu6cfHDrMQ,0.9174315333366394,-0.004278242588043213,boston_database_3yupn7WRtc81bu6cfHDrMQ,1,1,36.09942618107928,0.2507849931716919,15.96385383605957,0.0,0.8716974854469299,edge,blur,gradient-magnitude (edge),resnet18,1235,0
cph_query_-IKk5Ns9ayTUN3tqBrl3Ow,cph_database_7xSO7Kjqq0aE2v_7ZVCC0w,13,0.8461722135543823,cph_database_8M4dy-WkofHkWJjNyZ__XA,0.8735790252685547,-0.027406811714172363,cph_database_8M4dy-WkofHkWJjNyZ__XA,0,0,36.36376692131121,0.2507731020450592,15.021166801452637,0.0316569022834301,0.8771394491195679,edge,blur,gradient-magnitude (edge),resnet18,1235,0
london_query_-rtMM_qyd5EBLnADEBIUTA,london_database_2kohiXqR0ErQiG1NcteuFw,1,0.87543123960495,nairobi_database_5fIX502GwN4iBedy_B8GeA,0.8444817066192627,0.030949532985687256,london_database_2kohiXqR0ErQiG1NcteuFw,1,1,36.10811514567023,0.25076723098754883,15.931946754455566,0.00142686627805233,0.7142065763473511,edge,blur,gradient-magnitude (edge),resnet18,1235,0
manila_query_-QdSFqylfs0aHx31jOvTVg,manila_database_CHw2m63dDHzsLNk1VOjr4Q,2,0.8663457036018372,toronto_database_5ey9E_udkLByc3LTBLFD3A,0.8669459819793701,-0.000600278377532959,toronto_database_5ey9E_udkLByc3LTBLFD3A,1,1,36.08575624345593,0.2507759928703308,16.01418113708496,0.0,0.8174682855606079,edge,blur,gradient-magnitude (edge),resnet18,1235,0
nairobi_query_2Xgp5FmRFbMXgBspWoEFNg,nairobi_database_6TX4ZR0VfqHmNorJfDCQdA,50,0.7908447980880737,boston_database_2Cjk1OlRe0-8M6Pv0tLQ-g,0.819009006023407,-0.028164207935333252,boston_database_2Cjk1OlRe0-8M6Pv0tLQ-g,0,0,36.192080392326446,0.25077250599861145,15.62688159942627,0.01742078922688961,0.9512487053871155,edge,blur,gradient-magnitude (edge),resnet18,1235,0
toronto_query_-FOgEN8RNyKr0s933N-a0w,toronto_database_2Kml1My-F5Q7YMR1ZQ-VDQ,59,0.8217785358428955,boston_database_0CdqJE7HgNLG75XJTNjPMA,0.8691736459732056,-0.04739511013031006,boston_database_0CdqJE7HgNLG75XJTNjPMA,0,0,36.11221829753028,0.2507757544517517,15.916901588439941,0.0,0.8670986294746399,edge,blur,gradient-magnitude (edge),resnet18,1235,0
zurich_query_0F0ESDULqwk5km1KbyUEZw,zurich_database_0ovLGU2wBNPYJPZxMDzD7A,1,0.8851296305656433,cph_database_1r3p-PThKkp7dL6P7W7nrA,0.8806784749031067,0.004451155662536621,zurich_database_0ovLGU2wBNPYJPZxMDzD7A,1,1,36.20648002919506,0.250772625207901,15.575154304504395,0.0004991319729015231,0.9107443690299988,edge,blur,gradient-magnitude (edge),resnet18,1235,0
amman_query_1_jzc52w72UKyKztvVoygQ,amman_database_21axHEFcyX-1hI673vVgLQ,9,0.8371248245239258,amman_database_5XoaP1Muw6iwIBg_kWYFaQ,0.8487205505371094,-0.011595726013183594,amman_database_5XoaP1Muw6iwIBg_kWYFaQ,0,1,36.0812294669672,0.25077375769615173,16.030881881713867,0.0,0.9575695395469666,edge,blur,gradient-magnitude (edge),resnet18,1235,0
boston_query_-NUm2lI2JYWeHZ6lrL2eZA,boston_database_1k4pbpEWBwA9ojuy58J9oA,404,0.8023718595504761,boston_database_8HHQdrjX8DjIjAqQPboj1w,0.8800808787345886,-0.07770901918411255,boston_database_8HHQdrjX8DjIjAqQPboj1w,0,0,36.13934868747971,0.2507752776145935,15.817778587341309,0.0,0.7441015243530273,edge,blur,gradient-magnitude (edge),resnet18,1235,0
cph_query_-JMzfm4NuuBt61JuZ2sggw,cph_database_GnmXhggJe8xMxqzz3lDdvQ,13,0.8889297246932983,cph_database_3y3f5iC4VbKY3MV83_J6ow,0.9088548421859741,-0.01992511749267578,cph_database_3y3f5iC4VbKY3MV83_J6ow,0,0,36.60659652169999,0.25077125430107117,14.204328536987305,0.08349066972732544,0.9355595111846924,edge,blur,gradient-magnitude (edge),resnet18,1235,0
london_query_-u8BrzndSdD1lHKeeOwN1A,london_database_0lYDTfjiFald7StHlzc7LA,4,0.7742886543273926,london_database_-QKK8oyA3lo4YfRSEG7GEA,0.8377740383148193,-0.06348538398742676,london_database_-QKK8oyA3lo4YfRSEG7GEA,1,1,36.097562462912805,0.25077325105667114,15.97070598602295,0.0,0.7784385681152344,edge,blur,gradient-magnitude (edge),resnet18,1235,0
manila_query_-QvNwUfMuYwx4zaJzG9hHA,manila_database_1ULE4xvSijSoRfTvGRP7sw,4,0.8381479382514954,manila_database_1dnSzIXjYwmrU2skXfu44w,0.8466300964355469,-0.008482158184051514,manila_database_1dnSzIXjYwmrU2skXfu44w,1,1,36.15119011358287,0.250762015581131,15.77470874786377,0.0010742187732830644,0.7029266357421875,edge,blur,gradient-magnitude (edge),resnet18,1235,0
nairobi_query_2hMXkBjbWEdGXSh4zxGVeg,nairobi_database_sdOwr6EP_lMNed-ifk5ajw,1,0.8622899055480957,london_database_5IRNPW1nCWJZvtLiIadcmQ,0.8550999164581299,0.00718998908996582,nairobi_database_sdOwr6EP_lMNed-ifk5ajw,1,1,36.10533102891894,0.250772088766098,15.942163467407227,7.052951696095988e-05,0.8719988465309143,edge,blur,gradient-magnitude (edge),resnet18,1235,0
toronto_query_-FRsj6TVpdbM-sdJNwZZbw,toronto_database_0Xd5A1HQH8R9fdiXX-PmOg,8,0.8409101963043213,london_database_8pfnISpuJMiyPo4lVAKOXg,0.850656270980835,-0.009746074676513672,london_database_8pfnISpuJMiyPo4lVAKOXg,0,1,36.30650516458974,0.25077587366104126,15.220532417297363,0.03174370527267456,0.8826507925987244,edge,blur,gradient-magnitude (edge),resnet18,1235,0
zurich_query_0FEApLaNMLno1PTABlbYyQ,zurich_database_2fkYXNWl6R0rCSGjN50rTw,12,0.8564034700393677,zurich_database_5EBjYZoNQsB323r5P6H-HQ,0.8815645575523376,-0.02516108751296997,zurich_database_5EBjYZoNQsB323r5P6H-HQ,0,0,36.15769956835497,0.2507712244987488,15.751082420349121,2.1701389414374717e-05,0.8299829959869385,edge,blur,gradient-magnitude (edge),resnet18,1235,0
amman_query_1jA0_v7p_4KHVbia4DG7Bw,amman_database_y0_g5xBV2w8LvSAsmmcGkA,1,0.8764883279800415,amman_database_4HweOdtWyPL5-ObJ3UA8_Q,0.875363826751709,0.0011245012283325195,amman_database_y0_g5xBV2w8LvSAsmmcGkA,1,1,36.08648098645547,0.2507708966732025,16.01150894165039,0.0,0.7249868512153625,edge,blur,gradient-magnitude (edge),resnet18,1235,0
boston_query_-O6nZhSO0Cgq4iaZ522K2g,boston_database_3P1WaxWwRrQiD9YZuzzi2g,6,0.8761619925498962,boston_database_0nVucTiqCktiYWTPaBpNcw,0.8826315402984619,-0.006469547748565674,boston_database_0nVucTiqCktiYWTPaBpNcw,0,1,36.11004347712669,0.250769704580307,15.924874305725098,0.00047743055620230734,0.8409566283226013,edge,blur,gradient-magnitude (edge),resnet18,1235,0
cph_query_-MUw194v9r5C1394mci6-A,cph_database_19tTTG0Ar7aoezd6JSsYqw,7,0.7853549122810364,toronto_database_54RfgFEB0Y2p79jKww7EoA,0.8089619874954224,-0.023607075214385986,toronto_database_54RfgFEB0Y2p79jKww7EoA,0,1,36.18584396592318,0.25077441334724426,15.649337768554688,0.011149088852107525,0.7183337211608887,edge,blur,gradient-magnitude (edge),resnet18,1235,0
london_query_-vkja3p0MzaoZlQOooT-YQ,london_database_TlgZJTCWCnxf-QDzfZ8pKw,21,0.7431821823120117,zurich_database_A7Y3Ah31a1X_Bh7UZS5KIA,0.785502552986145,-0.0423203706741333,zurich_database_A7Y3Ah31a1X_Bh7UZS5KIA,0,0,36.09775437467741,0.2507742941379547,15.970000267028809,0.0,0.7915812730789185,edge,blur,gradient-magnitude (edge),resnet18,1235,0
manila_query_-RZzhLSoiUGq-PShtIhzxw,manila_database_6-Ge4mVQgHummzC1udZtig,118,0.8316759467124939,manila_database_4SNN_Q1-Ov_UDR1inHM2mg,0.8784176111221313,-0.04674166440963745,manila_database_4SNN_Q1-Ov_UDR1inHM2mg,0,0,36.09728550250625,0.25076591968536377,15.971724510192871,0.0,0.8633277416229248,edge,blur,gradient-magnitude (edge),resnet18,1235,0
nairobi_query_2wqDKqSdeRPYg6X996gZ0w,nairobi_database_nyVKbHXQsaO_16tlW_NLag,26,0.8101887702941895,toronto_database_2-TSX-JXY2BGHtXb-ZXXGA,0.8380177021026611,-0.02782893180847168,toronto_database_2-TSX-JXY2BGHtXb-ZXXGA,0,0,36.08464841190181,0.25076690316200256,16.018266677856445,0.0,0.8958786725997925,edge,blur,gradient-magnitude (edge),resnet18,1235,0
toronto_query_-FohtR51AFcyGSLgiTdXzw,toronto_database_NwuTd3bjEH301IgdZTgweg,1,0.9081718921661377,zurich_database_0xDpDYmaqAvDwfmwyFRFZw,0.8279754519462585,0.08019644021987915,toronto_database_NwuTd3bjEH301IgdZTgweg,1,1,36.49745941665624,0.25076937675476074,14.565802574157715,0.05553385242819786,0.7586599588394165,edge,blur,gradient-magnitude (edge),resnet18,1235,0
zurich_query_0I7IdNKcKWGXL-wmkUdx2A,zurich_database_2qMg3M2xPeakuUyMVtxqhw,10,0.8594273924827576,zurich_database_NasE77S9sgnm7re_4N6NLQ,0.8822067975997925,-0.022779405117034912,zurich_database_NasE77S9sgnm7re_4N6NLQ,0,1,36.161594822680726,0.25077173113822937,15.736961364746094,0.002338324673473835,0.7908833622932434,edge,blur,gradient-magnitude (edge),resnet18,1235,0
amman_query_1n6vx0uExn56MfvA6toRJw,amman_database_2_NNnfq-ucbh4wN64ndIOg,27,0.827445387840271,amman_database_05LOmHGrixSS8Fy53PaSlA,0.8561987280845642,-0.028753340244293213,amman_database_05LOmHGrixSS8Fy53PaSlA,0,0,36.09109791834173,0.2507709562778473,15.99449634552002,0.00010850694525288418,0.9222521781921387,edge,blur,gradient-magnitude (edge),resnet18,1235,0
boston_query_-OEJzVyBJiypLsHkeOqxKn,boston_database_0ZuEuJjkajztnI_h9TmMdw,90,0.6795099377632141,boston_database_0pwW85Jt4FCh7RKNsFiKhQ,0.7282819747924805,-0.04877203702926636,boston_database_0pwW85Jt4FCh7RKNsFiKhQ,0,0,36.11463529051725,0.2507677376270294,15.908045768737793,0.0013780381996184587,0.7980562448501587,edge,blur,gradient-magnitude (edge),resnet18,1235,0
cph_query_-Mwdj8AXbTR5wrPmQKRbhQ,cph_database_zVHbyrE_K3-IKJ0ipgM0MQ,1,0.8819447755813599,cph_database_4fRiD2XwkIuoyZ7zhTtQcg,0.8695371747016907,0.01240760087966919,cph_database_zVHbyrE_K3-IKJ0ipgM0MQ,1,1,36.08114989250326,0.250776082277298,16.03117561340332,0.0,0.8778373599052429,edge,blur,gradient-magnitude (edge),resnet18,1235,0
london_query_-wX-mY4F2ewX9tlr1_JTbw,london_database_pm0TyAnWqr0mweZ2H9ysqA,154,0.7923582196235657,zurich_database_59tIMeF3OEbebki90DbpqQ,0.8457584381103516,-0.05340021848678589,zurich_database_59tIMeF3OEbebki90DbpqQ,0,0,36.11984058164866,0.25077179074287415,15.88899040222168,0.0,0.7801818251609802,edge,blur,gradient-magnitude (edge),resnet18,1235,0
manila_query_-SSrBkppXcUPQnmvRyEZaA,manila_database_4QbHIMMPSjC_7k7p5de8Rw,992,0.7224628925323486,boston_database_JS8N7enRfmX_RvSbYxuZ-w,0.8343716859817505,-0.11190879344940186,boston_database_JS8N7enRfmX_RvSbYxuZ-w,0,0,36.14824522646161,0.2507688105106354,15.785408973693848,0.0,0.7315972447395325,edge,blur,gradient-magnitude (edge),resnet18,1235,0
nairobi_query_32eRlu6tx-Q_LzhBd8iTQA,nairobi_database_-IYoNK7nzPDI7EvCdWxXdA,2,0.8332107663154602,nairobi_database_8EpNpg4GR6Luc8vhHaWjNQ,0.8354059457778931,-0.0021951794624328613,nairobi_database_8EpNpg4GR6Luc8vhHaWjNQ,1,1,36.08538952095637,0.2507694661617279,16.015533447265625,0.0,0.8893780708312988,edge,blur,gradient-magnitude (edge),resnet18,1235,0
toronto_query_-HBbI6fcMz-R3CyduFEoDg,toronto_database_CWhhGABh_1Ay7enNEWa18A,259,0.8096675276756287,boston_database_6pdbP0sKU8JHAPzlRapTnA,0.8788074254989624,-0.06913989782333374,boston_database_6pdbP0sKU8JHAPzlRapTnA,0,0,36.09624265091046,0.2507748007774353,15.975560188293457,0.00017903646221384406,0.9308679699897766,edge,blur,gradient-magnitude (edge),resnet18,1235,0
zurich_query_0IZVsW_UPLzI_vUm51hEMQ,zurich_database_-xoGjs74KfYOoct0Gs2DIA,1,0.9002744555473328,cph_database_2rKxHXn7cIxfqE0ZHGpKDA,0.8725935220718384,0.027680933475494385,zurich_database_-xoGjs74KfYOoct0Gs2DIA,1,1,36.14145623939094,0.2507708966732025,15.810104370117188,2.7126736313221045e-05,0.8735356330871582,edge,blur,gradient-magnitude (edge),resnet18,1235,0
amman_query_1qMrYvXqBvZDS0XUd5cEtg,amman_database_0_6NexYlb_kdiKi7TvESPg,10,0.840862512588501,amman_database_43JYR1VNKPHOGXpiIZiDDQ,0.8673522472381592,-0.026489734649658203,amman_database_43JYR1VNKPHOGXpiIZiDDQ,0,1,36.0828047213714,0.25076672434806824,16.025068283081055,0.0,0.8689225316047668,edge,blur,gradient-magnitude (edge),resnet18,1235,0
boston_query_-OlQhKn0bS9eZTkeJL6ovw,boston_database_38Y_41BXumwMqYfKhvv7fg,1,0.9282193779945374,cph_database_-KAefx5jXE6aiSh55lkTQA,0.8907866477966309,0.037432730197906494,boston_database_38Y_41BXumwMqYfKhvv7fg,1,1,36.18954098770857,0.2507748007774353,15.636021614074707,0.0,0.7745190262794495,edge,blur,gradient-magnitude (edge),resnet18,1235,0
cph_query_-N9mbKdWcHyUUsU1379EgA,cph_database_2XEdU3NtFhDPOpPhkEUJ9A,1,0.9017856121063232,cph_database_m8v7yRzg-Ahnt8itIkwjQA,0.8882104158401489,0.013575196266174316,cph_database_2XEdU3NtFhDPOpPhkEUJ9A,1,1,36.685145021664056,0.25077173113822937,13.949731826782227,0.07277560979127884,0.8841130137443542,edge,blur,gradient-magnitude (edge),resnet18,1235,0
london_query_02vfV_A3zc1S9Akd07xuEA,london_database_5WNMf83lEkdk5BdkSRSDtg,48,0.7980129718780518,manila_database_1ULE4xvSijSoRfTvGRP7sw,0.8601188659667969,-0.06210589408874512,manila_database_1ULE4xvSijSoRfTvGRP7sw,0,0,36.243510272416685,0.2507646977901459,15.442916870117188,0.009038628078997135,0.6396560668945312,edge,blur,gradient-magnitude (edge),resnet18,1235,0
manila_query_-Tmeby1UCsrkKNvVnN7L5g,manila_database_2WJfamXG-nhtpE-tmM8Stg,588,0.7767598032951355,manila_database_-z7DfYZSWWxPbr9oCG6mHg,0.8917237520217896,-0.11496394872665405,manila_database_-z7DfYZSWWxPbr9oCG6mHg,0,0,36.29514231575695,0.2507665455341339,15.260407447814941,0.01627061702311039,0.8372289538383484,edge,blur,gradient-magnitude (edge),resnet18,1235,0
nairobi_query_37RDt83nGFaZl6CPpzqlTw,nairobi_database_oirj6l2hFO_qSK3Qd_kv3A,4,0.8480638265609741,zurich_database_dc10RRbQNpdUphjhxUxjXQ,0.8654685020446777,-0.017404675483703613,zurich_database_dc10RRbQNpdUphjhxUxjXQ,1,1,36.29188857157131,0.2507769465446472,15.271844863891602,0.013883463107049465,0.855435311794281,edge,blur,gradient-magnitude (edge),resnet18,1235,0
toronto_query_-IlXU6r8OSJejg6wnFTYMQ,toronto_database_5aWw0U2TNn5AVHibAzaoZA,379,0.7760252952575684,amman_database_36lvaYDrOYq6NEmT7jTvCA,0.8482930064201355,-0.07226771116256714,amman_database_36lvaYDrOYq6NEmT7jTvCA,0,0,36.08714789824366,0.2507692873477936,16.009050369262695,0.0,0.9359729886054993,edge,blur,gradient-magnitude (edge),resnet18,1235,0
zurich_query_0Ky7pgdILHyYlzjahHNGZg,zurich_database_STP8AxkRaxj1ZtlqTW7Tng,1003,0.749570906162262,zurich_database_b1fafYqxlKXQcwQsy8LFhQ,0.8638105392456055,-0.1142396330833435,zurich_database_b1fafYqxlKXQcwQsy8LFhQ,0,0,36.219589472492565,0.2507728040218353,15.528210639953613,7.595486385980621e-05,0.8047348260879517,edge,blur,gradient-magnitude (edge),resnet18,1235,0
amman_query_1rZerb0T7z_1E7yKfEBCtA,amman_database_151zMheq8vPIGSfBTFm2Kg,1,0.894241213798523,cph_database_1u4g-jytkKkCS9FSYeRYFg,0.8739254474639893,0.02031576633453369,amman_database_151zMheq8vPIGSfBTFm2Kg,1,1,36.10704707918261,0.2507724463939667,15.93586540222168,0.0,0.907331645488739,edge,blur,gradient-magnitude (edge),resnet18,1235,0
boston_query_-Phryua7d1FHhpGGfaEGcg,boston_database_78u2Kg0sOFDh-cEtTGxV4g,92,0.8069266080856323,toronto_database_65TgH2dRYqdjE8DO_lI1nA,0.8574022054672241,-0.0504755973815918,toronto_database_65TgH2dRYqdjE8DO_lI1nA,0,0,36.140700001153796,0.2507748007774353,15.812857627868652,0.0005208333604969084,0.7799555659294128,edge,blur,gradient-magnitude (edge),resnet18,1235,0
cph_query_-PRZAb6qxjSdDqzgOekgbg,cph_database_SOFbS68m4Uymr1Fx8T7pfA,1,0.9318118691444397,cph_database_66FG2WBZ0uryfVrfciCf3g,0.9235076308250427,0.008304238319396973,cph_database_SOFbS68m4Uymr1Fx8T7pfA,1,1,36.10313472571784,0.25077155232429504,15.950227737426758,0.0,0.8192288875579834,edge,blur,gradient-magnitude (edge),resnet18,1235,0
london_query_039iugtZTFguj-7UQyc-wg,london_database_6EyMYAlUTVXirk-_riGtMw,3,0.8646336793899536,toronto_database_56iBHZd-TMgGB2qH3GyhWQ,0.8698746562004089,-0.005240976810455322,toronto_database_56iBHZd-TMgGB2qH3GyhWQ,1,1,36.781768377962244,0.25077325105667114,13.642800331115723,0.11650390923023224,0.8291183114051819,edge,blur,gradient-magnitude (edge),resnet18,1235,0
manila_query_-TrGJy3CeaXApOffGndlqg,manila_database_RVGHJ_kwPSkBRuD7ASZs2w,54,0.8353078961372375,toronto_database_7iysBerUISRHtFS0RUVgTg,0.8833842277526855,-0.048076331615448,toronto_database_7iysBerUISRHtFS0RUVgTg,0,0,36.21726665626109,0.2507690489292145,15.536518096923828,9.765625145519152e-05,0.7677621245384216,edge,blur,gradient-magnitude (edge),resnet18,1235,0
nairobi_query_38y5DGnb1BCdL2r_1MWELg,nairobi_database_1oH8UP6Fw5pq60tdS75mZA,224,0.812817394733429,boston_database_DU3FJGAh3PrB45a580xbGg,0.875542938709259,-0.06272554397583008,boston_database_DU3FJGAh3PrB45a580xbGg,0,0,36.23422019203192,0.2507737874984741,15.47598648071289,0.01838650181889534,0.9295863509178162,edge,blur,gradient-magnitude (edge),resnet18,1235,0
toronto_query_-Iyv6ydukEfueu-CphPhwg,toronto_database_QvBYzxBwTHFji7ov5NaBZg,6,0.8719622492790222,toronto_database_-C42seTAv_ysnP57NggKvQ,0.8900438547134399,-0.018081605434417725,toronto_database_-C42seTAv_ysnP57NggKvQ,0,1,36.46725915319502,0.250772625207901,14.667444229125977,0.03834635391831398,0.8624547123908997,edge,blur,gradient-magnitude (edge),resnet18,1235,0
zurich_query_0PrObi7NiUNPMe7_RDu2Ng,zurich_database_0-4m0jPfiQAHj2iyda31pw,418,0.8039540648460388,cph_database_6fnBKZ5y6JLHZ30W5ZJgRg,0.8667311668395996,-0.06277710199356079,cph_database_6fnBKZ5y6JLHZ30W5ZJgRg,0,0,36.08990044544902,0.2507740557193756,15.998907089233398,0.0,0.859258770942688,edge,blur,gradient-magnitude (edge),resnet18,1235,0
amman_query_1uJbVMOMqlPVx4GYc2BgOA,amman_database_0hac8mu5ycMC2Hk2ZSugEA,118,0.8036168813705444,amman_database_5XoaP1Muw6iwIBg_kWYFaQ,0.8743541836738586,-0.07073730230331421,amman_database_5XoaP1Muw6iwIBg_kWYFaQ,0,0,36.08128165620602,0.25077494978904724,16.030689239501953,0.0,0.9625998735427856,edge,blur,gradient-magnitude (edge),resnet18,1235,0
boston_query_-Ptt76cqL8Ath-qW7aRUQw,boston_database_7HcTfh47QT4obAZWMTF51g,1,0.9202655553817749,boston_database_12Ya4kVxzxlLT8np7jwO8g,0.8894081711769104,0.030857384204864502,boston_database_7HcTfh47QT4obAZWMTF51g,1,1,36.084301949307175,0.25078409910202026,16.01954460144043,0.0,0.8885301351547241,edge,blur,gradient-magnitude (edge),resnet18,1235,0
cph_query_-Q4-mvnV6y-0yK62OXn-1w,cph_database_W6cBNF7gJ7pMMXb05Ha35w,622,0.7921357154846191,boston_database_7sEinu-9Cmc8M88D9wksJQ,0.866479754447937,-0.07434403896331787,boston_database_7sEinu-9Cmc8M88D9wksJQ,0,0,36.113354267661165,0.25078073143959045,15.912738800048828,0.002300347201526165,0.8966733813285828,edge,blur,gradient-magnitude (edge),resnet18,1235,0
london_query_03BhnvDRczArNBQm0Qu0tQ,london_database_-KllgLWsRIVVuyA7QkCdOQ,1,0.9011346101760864,boston_database_2jaLppu9UUtqnB_R7_iffQ,0.8839520215988159,0.017182588577270508,london_database_-KllgLWsRIVVuyA7QkCdOQ,1,1,36.159706081137045,0.2507767081260681,15.743806838989258,0.0069335936568677425,0.8291637301445007,edge,blur,gradient-magnitude (edge),resnet18,1235,0
manila_query_-Tvw2ZcjPmZrmxcJ3PNHwQ,manila_database_5rjFma7r9oUAgRgPi5J3PA,1,0.8606828451156616,manila_database_X5Z3xQtFj8uK9BxW3gEhjA,0.8564525842666626,0.0042302608489990234,manila_database_5rjFma7r9oUAgRgPi5J3PA,1,1,36.10412702839169,0.2507663667201996,15.94658374786377,0.0,0.6793922781944275,edge,blur,gradient-magnitude (edge),resnet18,1235,0
nairobi_query_3BfqchD1dC_R_VKSm6NXMQ,nairobi_database_NoG9ZUE9lu8WisRacbbNUw,59,0.8106749057769775,amman_database_-EkOPrVh-NFmrWU-lmlIgg,0.8567113876342773,-0.046036481857299805,amman_database_-EkOPrVh-NFmrWU-lmlIgg,0,0,36.08277474072451,0.2507769465446472,16.025178909301758,0.0,0.8846352696418762,edge,blur,gradient-magnitude (edge),resnet18,1235,0
toronto_query_-J6MOLqIZtzsA-CH6ie5Cg,toronto_database_1WdiWBos0oqn5_fQPeL4zw,36,0.826141893863678,toronto_database_4u5iuDYlmff6eOykSBG4Aw,0.8821725845336914,-0.05603069067001343,toronto_database_4u5iuDYlmff6eOykSBG4Aw,0,0,36.175674408733386,0.2507776916027069,15.686025619506836,0.00334201380610466,0.7631028294563293,edge,blur,gradient-magnitude (edge),resnet18,1235,0
zurich_query_0Spj-pWISRRStxENII8G4A,zurich_database_0uWVHZUW5HQ32MHmFTyCdA,84,0.8108725547790527,zurich_database_YGIjEJvmaiwIZgeDxBD4qg,0.8559244275093079,-0.04505187273025513,zurich_database_YGIjEJvmaiwIZgeDxBD4qg,0,0,36.124398149449746,0.2507735788822174,15.87232494354248,0.0,0.7786581516265869,edge,blur,gradient-magnitude (edge),resnet18,1235,0
amman_query_23YO5CD18Cg_wG_ZhqhbQQ,amman_database_7UkylzqcXiAtWBdc7gRXug,136,0.7699500322341919,zurich_database_3CheeIU37UA57000lgsiQQ,0.8489177227020264,-0.07896769046783447,zurich_database_3CheeIU37UA57000lgsiQQ,0,0,36.08118141208408,0.2507737874984741,16.03105926513672,0.0,0.9760047793388367,edge,blur,gradient-magnitude (edge),resnet18,1235,0
boston_query_-RyJCN_Rrfvr2l9jqadkcQ,boston_database_3e5lgkvXoFUyKK9bhRryrw,1,0.850193202495575,manila_database_3ED-M6yl_Y4YZkenDNv49Q,0.8193373680114746,0.030855834484100342,boston_database_3e5lgkvXoFUyKK9bhRryrw,1,1,36.30574602647074,0.25077763199806213,15.223193168640137,0.00045572916860692203,0.9273456335067749,edge,blur,gradient-magnitude (edge),resnet18,1235,0
cph_query_-Q7samX2RjJwU9xiKFxpug,cph_database_t-GBg6pL3mp0VntecXrZmQ,1,0.8784090280532837,london_database_-Qdmap1phq90_n3jeXQWuQ,0.8665610551834106,0.011847972869873047,cph_database_t-GBg6pL3mp0VntecXrZmQ,1,1,36.09987945655651,0.2507736384868622,15.962187767028809,0.0,0.743160605430603,edge,blur,gradient-magnitude (edge),resnet18,1235,0
london_query_03VxrSUHoB-y1D50kXwi8g,london_database_1E751fa5IFU6_Pkl6cWp-w,1,0.8539798259735107,manila_database_-dbGwwBuXxUQWhflFrCkIQ,0.7940087914466858,0.05997103452682495,london_database_1E751fa5IFU6_Pkl6cWp-w,1,1,36.09540689097779,0.2507758140563965,15.97863483428955,0.0,0.8441512584686279,edge,blur,gradient-magnitude (edge),resnet18,1235,0
manila_query_-WlvwRIHM8K9xtN_z0FAGg,manila_database_-dbGwwBuXxUQWhflFrCkIQ,6,0.8455727100372314,manila_database_562jgjEtbznkZO2Ul4TSTw,0.8529067635536194,-0.0073340535163879395,manila_database_562jgjEtbznkZO2Ul4TSTw,0,1,36.09267908829664,0.25077787041664124,15.98867416381836,0.0,0.8437162041664124,edge,blur,gradient-magnitude (edge),resnet18,1235,0
nairobi_query_3Rln3I-knaHBGe7xAH2I_Q,nairobi_database_85hy0nl7RdAo-LuFlJFqMA,51,0.8341447114944458,nairobi_database_5nj9SryW0zrvMpEtOd9gjg,0.8780065774917603,-0.04386186599731445,nairobi_database_5nj9SryW0zrvMpEtOd9gjg,0,0,36.08719446689498,0.2507745623588562,16.008878707885742,0.0,0.9214799404144287,edge,blur,gradient-magnitude (edge),resnet18,1235,0
toronto_query_-JY9Ip12RNDaK_geCga4LA,toronto_database_2t0xTT1EnuQR8PQInCMxyg,70,0.8160008788108826,zurich_database_0frF5uO4t4sUzdQYxRNhyg,0.8585755228996277,-0.04257464408874512,zurich_database_0frF5uO4t4sUzdQYxRNhyg,0,0,36.117075772031846,0.25076818466186523,15.89910888671875,2.1701389414374717e-05,0.8037385940551758,edge,blur,gradient-magnitude (edge),resnet18,1235,0
zurich_query_0UfO0g5oR-GfH12twjOIuw,zurich_database_8Yl1_ujecMFymI-XO98zrA,101,0.8260458707809448,boston_database_05fK3jja3iIAa1c1-HiGvA,0.8658246397972107,-0.03977876901626587,boston_database_05fK3jja3iIAa1c1-HiGvA,0,0,36.08105533513335,0.2507748007774353,16.031524658203125,0.0,0.6619044542312622,edge,blur,gradient-magnitude (edge),resnet18,1235,0
amman_query_27ZYHE_-tdmKbq7gUW9ECA,amman_database_0ugNILZPtpQGFYzyHrZHow,1,0.8832728862762451,amman_database_dhvis9SvxQH-844ETKFegg,0.8741499185562134,0.009122967720031738,amman_database_0ugNILZPtpQGFYzyHrZHow,1,1,36.08771606990811,0.2507760226726532,16.006956100463867,5.425347353593679e-06,0.9308210015296936,edge,blur,gradient-magnitude (edge),resnet18,1235,0
boston_query_-TMAMMmIqQ4AQA3YI-YOHg,boston_database_2jaLppu9UUtqnB_R7_iffQ,47,0.8488991856575012,boston_database_5DXsBlIFBUtXLlTp0CxTNg,0.8911266326904297,-0.04222744703292847,boston_database_5DXsBlIFBUtXLlTp0CxTNg,0,0,36.088176146782786,0.25077641010284424,16.005260467529297,0.0,0.8102436661720276,edge,blur,gradient-magnitude (edge),resnet18,1235,0
cph_query_-R9cTkYMNbXlglFeWCXtMg,cph_database_6CANlvoIvwlMpdsIrbbUmA,288,0.7483013868331909,london_database_JeQXfjTo6VURMPAXsqqrqw,0.8167724609375,-0.06847107410430908,london_database_JeQXfjTo6VURMPAXsqqrqw,0,0,36.12705012888656,0.25077587366104126,15.862635612487793,0.0028211805038154125,0.923240065574646,edge,blur,gradient-magnitude (edge),resnet18,1235,0
london_query_06tRsqVA7nx5PgabbPdu4w,london_database_8oJp9gkV9I-ecdzy_xlL5Q,17,0.8378891348838806,zurich_database_8zRWksEUpiBcg5wZdt3FJA,0.8598560690879822,-0.021966934204101562,zurich_database_8zRWksEUpiBcg5wZdt3FJA,0,0,36.18383354406248,0.25077152252197266,15.656583786010742,0.000244140625,0.7945062518119812,edge,blur,gradient-magnitude (edge),resnet18,1235,0
manila_query_-WuLHZxOTWuUgVSb36RTng,manila_database_4BMA9NPJR2DEj-BV8vofkQ,176,0.8244171142578125,manila_database_-A6IKNhOfbqGrOLNdvFoTQ,0.8782771229743958,-0.05386000871658325,manila_database_-A6IKNhOfbqGrOLNdvFoTQ,0,0,36.103047478331696,0.25077489018440247,15.95054817199707,0.0,0.751043438911438,edge,blur,gradient-magnitude (edge),resnet18,1235,0
nairobi_query_3Thql5xEy0LYu4bdux1icw,nairobi_database_XdvgQAdvS4ZnbRq1lFmPvA,100,0.7990720868110657,amman_database_29z1w1EW9-qTj7neMnnIig,0.8532446622848511,-0.0541725754737854,amman_database_29z1w1EW9-qTj7neMnnIig,0,0,36.08383142496777,0.250768780708313,16.02128028869629,0.0,0.8788310289382935,edge,blur,gradient-magnitude (edge),resnet18,1235,0
toronto_query_-K6Ci0V3ZYp50_DrMghntA,toronto_database_32HjBsZIg9KBY3sH3tvwvQ,1,0.8852507472038269,zurich_database_0r57m1gsoV4j_t4xOqtL7A,0.8786649107933044,0.006585836410522461,toronto_database_32HjBsZIg9KBY3sH3tvwvQ,1,1,36.16056693807192,0.25076574087142944,15.740686416625977,0.0010253905784338713,0.6318619847297668,edge,blur,gradient-magnitude (edge),resnet18,1235,0
zurich_query_0W_6dskxdNPlCJnX9EhmZA,zurich_database_5f1hTe74Mx_VNoUpaIkjfw,6,0.868259072303772,cph_database_4BdWO7YCXasxr90wTqDpDw,0.8839799165725708,-0.015720844268798828,cph_database_4BdWO7YCXasxr90wTqDpDw,0,1,36.10472158369885,0.25077205896377563,15.944400787353516,0.0,0.870447039604187,edge,blur,gradient-magnitude (edge),resnet18,1235,0
amman_query_29zY5U3MUbO3wTjTTKF93w,amman_database_4JYN6Wp8p1aN_2b6dP1Yyw,1,0.9098564386367798,amman_database_Ld8UF_WG7d620clwmhmA7w,0.8844704627990723,0.02538597583770752,amman_database_4JYN6Wp8p1aN_2b6dP1Yyw,1,1,36.08635734222665,0.2507775127887726,16.011964797973633,0.0,0.8625780344009399,edge,blur,gradient-magnitude (edge),resnet18,1235,0
boston_query_-U0JJudMztDrvqfppyEl9A,boston_database_5m0QtO7MYi2ePjCWrxKUdw,6,0.8972489833831787,boston_database_6p1zONaTXLWQeJHQx0CIVw,0.9053679704666138,-0.008118987083435059,boston_database_6p1zONaTXLWQeJHQx0CIVw,0,1,36.137240587540504,0.2507745921611786,15.825458526611328,0.0,0.9432064294815063,edge,blur,gradient-magnitude (edge),resnet18,1235,0
cph_query_-To5emQUYvNlwdgB1hEVfQ,cph_database_20p-zC1BqByt8dVNbnKbTw,1,0.9433325529098511,cph_database_-rgalkuRufc_JbNM5Iwadg,0.9224300384521484,0.020902514457702637,cph_database_20p-zC1BqByt8dVNbnKbTw,1,1,36.081063085659984,0.25077399611473083,16.031496047973633,0.0,0.9429388642311096,edge,blur,gradient-magnitude (edge),resnet18,1235,0
london_query_07Mt7j9hZm17z2pXB3QAXA,london_database_1u2_PlPVaHJESTEBZx02nA,1,0.8536285161972046,manila_database_AtwA7nHo3oRCY9gITWUBSw,0.8507862091064453,0.0028423070907592773,london_database_1u2_PlPVaHJESTEBZx02nA,1,1,36.18893523688588,0.25077658891677856,15.638202667236328,0.0023980033583939075,0.8634880781173706,edge,blur,gradient-magnitude (edge),resnet18,1235,0
manila_query_-YADzGuflGFk0TrwgbgGQA,manila_database_-_fVELmr5tiTkS-ovuUqwg,6,0.8080524206161499,london_database_JeQXfjTo6VURMPAXsqqrqw,0.8184199929237366,-0.01036757230758667,london_database_JeQXfjTo6VURMPAXsqqrqw,0,1,36.13376849850856,0.2507766783237457,15.838115692138672,0.0035536023788154125,0.812785804271698,edge,blur,gradient-magnitude (edge),resnet18,1235,0
nairobi_query_3VEngLiRuIRlzTCHOPvAqA,nairobi_database_L7HQ20CuWeW1lZ721bPiYw,3,0.8495818376541138,manila_database_6CriQ2VRKNW4LDL6gxn3zQ,0.8623781204223633,-0.012796282768249512,manila_database_6CriQ2VRKNW4LDL6gxn3zQ,1,1,36.213938323698656,0.25077325105667114,15.548429489135742,0.01927083358168602,0.9511623382568359,edge,blur,gradient-magnitude (edge),resnet18,1235,0
toronto_query_-KU5g574x3Cah05LVtG_Pw,toronto_database_04B1WEjVCa37yCDuNHwrMg,840,0.7673717737197876,toronto_database_3TTFiJMjq1nelldiHvqxHQ,0.8748753070831299,-0.10750353336334229,toronto_database_3TTFiJMjq1nelldiHvqxHQ,0,0,36.09891562174433,0.2507772445678711,15.965730667114258,0.0,0.8919313549995422,edge,blur,gradient-magnitude (edge),resnet18,1235,0
zurich_query_0YqWIRNZbPyTmppf5ZjyMw,zurich_database_20lehOgt_qjfnJpaXFVAWQ,1,0.8760166764259338,zurich_database_5EBjYZoNQsB323r5P6H-HQ,0.8647388219833374,0.011277854442596436,zurich_database_20lehOgt_qjfnJpaXFVAWQ,1,1,36.14758801757209,0.2507707476615906,15.787797927856445,0.0004665798624046147,0.892387330532074,edge,blur,gradient-magnitude (edge),resnet18,1235,0
amman_query_2E9XDGy6VTetR1O15tILdw,amman_database_5ymzd7ILNCKrAYOn-vJkbg,2,0.861294686794281,amman_database_7UkylzqcXiAtWBdc7gRXug,0.8727449774742126,-0.01145029067993164,amman_database_7UkylzqcXiAtWBdc7gRXug,1,1,36.08108478720814,0.25077709555625916,16.031415939331055,0.0,0.8885783553123474,edge,blur,gradient-magnitude (edge),resnet18,1235,0
boston_query_-U_cmO4sMoYmoNbCPpMXWw,boston_database_JS8N7enRfmX_RvSbYxuZ-w,218,0.7881888747215271,boston_database_4-6a8GKWz64mtfMPWnN3-w,0.8652684688568115,-0.07707959413528442,boston_database_4-6a8GKWz64mtfMPWnN3-w,0,0,36.27193226000954,0.2507750689983368,15.342182159423828,0.013264973647892475,0.846301794052124,edge,blur,gradient-magnitude (edge),resnet18,1235,0
cph_query_-UByBh5hYhNn4_dsHy73aA,cph_database_3POXmtmhwFom_z6e6wJgVA,1,0.8449093103408813,toronto_database_2Ihd0xAnt_t5tUzeKVnzeQ,0.8307945728302002,0.014114737510681152,cph_database_3POXmtmhwFom_z6e6wJgVA,1,1,36.11269398952481,0.2507711946964264,15.91515827178955,0.0,0.8065323829650879,edge,blur,gradient-magnitude (edge),resnet18,1235,0
london_query_07oSFXlZ9SfPsHwsEZQFtA,london_database_7hadEPdEI2MGW7SMcZDBUA,31,0.8272661566734314,london_database_f9ng8k9Ngt4UWja_a-mjaw,0.8776594996452332,-0.05039334297180176,london_database_f9ng8k9Ngt4UWja_a-mjaw,0,0,36.10930881085294,0.25076475739479065,15.927568435668945,0.002132161520421505,0.7361668348312378,edge,blur,gradient-magnitude (edge),resnet18,1235,0
manila_query_-YswrllPgEq1Q_LYD0mD0A,manila_database_3C699pIkBPbDTfkzbBV0CA,124,0.8166506290435791,manila_database_YAr_6aQgtNVbe7GhT70obQ,0.8797081112861633,-0.06305748224258423,manila_database_YAr_6aQgtNVbe7GhT70obQ,0,0,36.296261463851785,0.25077196955680847,15.256475448608398,0.0,0.781333327293396,edge,blur,gradient-magnitude (edge),resnet18,1235,0
nairobi_query_3sAf0a7Z9MFOX5NACNEfkA,nairobi_database_dM7fC2AkybfrCZcjVXnR5A,4,0.8507082462310791,london_database_JeQXfjTo6VURMPAXsqqrqw,0.8573236465454102,-0.006615400314331055,london_database_JeQXfjTo6VURMPAXsqqrqw,1,1,36.265098506705165,0.2507740557193756,15.366342544555664,0.03753797709941864,0.9695232510566711,edge,blur,gradient-magnitude (edge),resnet18,1235,0
toronto_query_-L3Zos1U2E6AA3-ZO_eESA,toronto_database_1IcyRrAFPcVO0igzp_eRrw,43,0.848612904548645,toronto_database_vHFdoApurhBvoN12-Y0jCA,0.8964026570320129,-0.04778975248336792,toronto_database_vHFdoApurhBvoN12-Y0jCA,0,0,36.283654823949185,0.25077542662620544,15.300826072692871,0.012386067770421505,0.8793500661849976,edge,blur,gradient-magnitude (edge),resnet18,1235,0
zurich_query_0eG9-83f-Xafie9_84fDbg,zurich_database_6Tpy6Xxof6fyaFeCZtbsEg,13,0.8403745889663696,zurich_database_JlQZqZETcsktpyAY5mc1pg,0.8587989211082458,-0.01842433214187622,zurich_database_JlQZqZETcsktpyAY5mc1pg,0,0,36.08277422381862,0.2507724463939667,16.02518081665039,0.0,0.7930554747581482,edge,blur,gradient-magnitude (edge),resnet18,1235,0
amman_query_2WNEczYwDdZlHE_2nYlE-A,amman_database_5d98wz6r1vXbvR54pg7gIQ,725,0.7741382122039795,cph_database_L9eWYNDLPVUHOitjad3-fw,0.8519919514656067,-0.0778537392616272,cph_database_L9eWYNDLPVUHOitjad3-fw,0,0,36.08500886575687,0.2507723569869995,16.016937255859375,0.0,0.737859845161438,edge,blur,gradient-magnitude (edge),resnet18,1235,0
boston_query_-VHXaQ_dj_14O-Bcn3u7zA,boston_database_2gTDHoqHum22wo8SKKDWBg,448,0.7895628809928894,manila_database_8utvedK3WjLqNtdaZaP_4A,0.8730552196502686,-0.08349233865737915,manila_database_8utvedK3WjLqNtdaZaP_4A,0,0,36.10618870944168,0.25077536702156067,15.93901538848877,0.0,0.9062809348106384,edge,blur,gradient-magnitude (edge),resnet18,1235,0
cph_query_-UO7OuMXuwPBrMEXSsFhNA,cph_database_6CANlvoIvwlMpdsIrbbUmA,611,0.7234596014022827,boston_database_1busJQOKCp-Qb4SSxC05LQ,0.8239688873291016,-0.10050928592681885,boston_database_1busJQOKCp-Qb4SSxC05LQ,0,0,36.17105377261611,0.2507752478122711,15.702723503112793,0.009640841744840145,0.926683247089386,edge,blur,gradient-magnitude (edge),resnet18,1235,0
london_query_08wp6QepyximP9UuP-ijLg,london_database_53xOo_95yKsUnmy4Fd3PYw,1,0.8598552942276001,boston_database_2HqIYacSD0Jad_3YkpMl1g,0.8574545383453369,0.0024007558822631836,london_database_53xOo_95yKsUnmy4Fd3PYw,1,1,36.178604140211235,0.25077369809150696,15.675447463989258,0.00521918386220932,0.8721688985824585,edge,blur,gradient-magnitude (edge),resnet18,1235,0
manila_query_-Z3CXTi1QhF_Ste8t8vrJA,manila_database_5Ql3xrJt_aAwbVnIi2tr2A,563,0.775210976600647,toronto_database_8aHbQwynhIr0XfyXIGqbdA,0.8740012645721436,-0.09879028797149658,toronto_database_8aHbQwynhIr0XfyXIGqbdA,0,0,36.26127172932216,0.25076785683631897,15.379888534545898,0.01457248255610466,0.8907572627067566,edge,blur,gradient-magnitude (edge),resnet18,1235,0
nairobi_query_3vVoHZDD0-kVhbBxDTYEjw,nairobi_database_ssLyvL_47h4IZogucHeChA,33,0.839370608329773,cph_database_6FWutZl3fAQcJRG274zWZg,0.8795704245567322,-0.04019981622695923,cph_database_6FWutZl3fAQcJRG274zWZg,0,0,36.38411858417236,0.2507745027542114,14.950940132141113,0.04902886226773262,0.9120271801948547,edge,blur,gradient-magnitude (edge),resnet18,1235,0
toronto_query_-LZN7DIyP80uvFh2O8KVXw,toronto_database_1OKrJwSkMgWLOUyI6mfdmQ,1,0.8969745635986328,cph_database_4LZ9lq4vlaRvdPB9iDhaYA,0.886509358882904,0.01046520471572876,toronto_database_1OKrJwSkMgWLOUyI6mfdmQ,1,1,36.0975736143103,0.25077325105667114,15.970664978027344,1.627604251552839e-05,0.9002020955085754,edge,blur,gradient-magnitude (edge),resnet18,1235,0
zurich_query_0g61-9tYhD3Y5qh7eiB92g,zurich_database_-F5DDVeGiDZ-hjlDdC345w,1,0.8400378823280334,cph_database_6FWutZl3fAQcJRG274zWZg,0.830655574798584,0.009382307529449463,zurich_database_-F5DDVeGiDZ-hjlDdC345w,1,1,36.161903288149766,0.25077369809150696,15.735843658447266,0.0054416232742369175,0.882514238357544,edge,blur,gradient-magnitude (edge),resnet18,1235,0
amman_query_2amxr5vdbo4jgViAEELT_Q,amman_database_RybCghn6dxdppOd3XPQXhw,1872,0.6606148481369019,amman_database_3wWJ82WLUpx01TcOoRGJ0A,0.840782642364502,-0.1801677942276001,amman_database_3wWJ82WLUpx01TcOoRGJ0A,0,0,36.08191366082937,0.25077593326568604,16.028356552124023,0.0,0.9191998839378357,edge,blur,gradient-magnitude (edge),resnet18,1235,0
boston_query_-WNRbaGc8Yukh-LWnRNe5O,boston_database_-Ks6CpNXFqOh9Kttdsa6lw,19,0.8273581266403198,boston_database_0nVucTiqCktiYWTPaBpNcw,0.8464533090591431,-0.019095182418823242,boston_database_0nVucTiqCktiYWTPaBpNcw,0,0,36.21428009973951,0.2507694959640503,15.547205924987793,0.01769205741584301,0.8735341429710388,edge,blur,gradient-magnitude (edge),resnet18,1235,0
cph_query_-V4aUy1yd0AbFfY-xX0BAg,cph_database_32jo92qIsoiPEI021E3-pg,3,0.8773257732391357,cph_database_7GGxDI0rTmq-wJUpv3Lejw,0.8986558318138123,-0.021330058574676514,cph_database_7GGxDI0rTmq-wJUpv3Lejw,1,1,36.14545231640852,0.2507754862308502,15.795563697814941,0.004573567770421505,0.7460598349571228,edge,blur,gradient-magnitude (edge),resnet18,1235,0
london_query_09P-tDZlSTWY4XNCcRZ_-g,london_database_L2btcmPVteWg2tJIPDETLg,10,0.8536301255226135,london_database_3TOMsxS6vQzH3YhtBfDDlw,0.8663207292556763,-0.012690603733062744,london_database_3TOMsxS6vQzH3YhtBfDDlw,0,1,36.1765379088588,0.2507794201374054,15.682907104492188,5.425347353593679e-06,0.9113494753837585,edge,blur,gradient-magnitude (edge),resnet18,1235,0
manila_query_-ZbYcdqL0C0ximLGFEriNA,manila_database_-z7DfYZSWWxPbr9oCG6mHg,169,0.8224194049835205,manila_database_-oBqLjLn5eBTNP9hb48ggA,0.8615546822547913,-0.03913527727127075,manila_database_-oBqLjLn5eBTNP9hb48ggA,0,0,36.147143113437835,0.25076743960380554,15.78941535949707,0.0,0.755303680896759,edge,blur,gradient-magnitude (edge),resnet18,1235,0
nairobi_query_3zSInmaUjlNkUR45dqrSLg,nairobi_database_wbz228P545PFYBpVD8i8XA,72,0.8106285333633423,cph_database_5bN6yjff_s_mmc84IJXTkQ,0.8502824306488037,-0.039653897285461426,cph_database_5bN6yjff_s_mmc84IJXTkQ,0,0,36.29879696791808,0.25077441334724426,15.247570991516113,0.0318739153444767,0.9112327694892883,edge,blur,gradient-magnitude (edge),resnet18,1235,0
toronto_query_-M3eMqHp0OhecS-hoh58aQ,toronto_database_95hPXNJ-rgCIo0awz78Big,124,0.7815490961074829,amman_database_Ld8UF_WG7d620clwmhmA7w,0.8443279266357422,-0.06277883052825928,amman_database_Ld8UF_WG7d620clwmhmA7w,0,0,36.088217033362604,0.25076863169670105,16.005109786987305,0.0,0.9191194772720337,edge,blur,gradient-magnitude (edge),resnet18,1235,0
zurich_query_0gHh8OHgmM804LVr0Ocrag,zurich_database_6UPSS0xP9iCLyj6dGKfFRg,7,0.8966739177703857,cph_database_mM7P8ptP9qs40DDOdxQu6Q,0.906283974647522,-0.00961005687713623,cph_database_mM7P8ptP9qs40DDOdxQu6Q,0,1,36.081449079383404,0.250773549079895,16.030071258544922,0.0,0.8836215734481812,edge,blur,gradient-magnitude (edge),resnet18,1235,0
amman_query_2ar5B6f1xOYuU4wn7CLEJg,amman_database_Crog-zM-aqzW4UhYaQpBCw,79,0.8218468427658081,amman_database_7UkylzqcXiAtWBdc7gRXug,0.8857147693634033,-0.06386792659759521,amman_database_7UkylzqcXiAtWBdc7gRXug,0,0,36.08487543745651,0.2507742643356323,16.01742935180664,0.0,0.757580578327179,edge,blur,gradient-magnitude (edge),resnet18,1235,0
boston_query_-XLBZG628HbrD4FlfLBryQ,boston_database_03IglAzl7WIbyBCzwIOQGg,1,0.8532343506813049,boston_database_7wQKqB8f8mmOlzPVp_KeXg,0.8487807512283325,0.004453599452972412,boston_database_03IglAzl7WIbyBCzwIOQGg,1,1,36.365579659129416,0.25077491998672485,15.014898300170898,0.02409396693110466,0.8639335036277771,edge,blur,gradient-magnitude (edge),resnet18,1235,0
cph_query_-VfD_cIsQvsNIbCy3tCgQQ,cph_database_-_WpfRt0xa7BT3ZNhox7bw,10,0.8541291952133179,toronto_database_JZHiKl7CE7BzdlGbop_5MA,0.8755145072937012,-0.0213853120803833,toronto_database_JZHiKl7CE7BzdlGbop_5MA,0,1,36.080945279147876,0.25077977776527405,16.031930923461914,0.0,0.7530731558799744,edge,blur,gradient-magnitude (edge),resnet18,1235,0
london_query_0AbO1xvvOJRs1V3ReaDrNw,london_database_3nlgqK_BhpRLtCaRJk7mBg,18,0.844678521156311,toronto_database_JZHiKl7CE7BzdlGbop_5MA,0.8802883625030518,-0.03560984134674072,toronto_database_JZHiKl7CE7BzdlGbop_5MA,0,0,36.437901837118375,0.2507733106613159,14.766928672790527,0.02566731721162796,0.8820688724517822,edge,blur,gradient-magnitude (edge),resnet18,1235,0
manila_query_-ZyenisXeFL1kaebCpUNAQ,manila_database_5k6CwtK_2ROyvpr91VU3nw,155,0.8071730136871338,manila_database_31P09aOdEXsPJyiA8d7DRA,0.8759647607803345,-0.06879174709320068,manila_database_31P09aOdEXsPJyiA8d7DRA,0,0,36.09393536973374,0.25076112151145935,15.984049797058105,0.0,0.8949455618858337,edge,blur,gradient-magnitude (edge),resnet18,1235,0
nairobi_query_42kd1bm9ZK0fwGacm_8O5A,nairobi_database_NoG9ZUE9lu8WisRacbbNUw,60,0.8405064940452576,amman_database_-EkOPrVh-NFmrWU-lmlIgg,0.8779507279396057,-0.037444233894348145,amman_database_-EkOPrVh-NFmrWU-lmlIgg,0,0,36.0827246011396,0.2507767379283905,16.02536392211914,0.0,0.8264942765235901,edge,blur,gradient-magnitude (edge),resnet18,1235,0
toronto_query_-MFll3mcOLNHfSZyGy5VIw,toronto_database_8aHbQwynhIr0XfyXIGqbdA,9,0.8530005216598511,toronto_database_5ey9E_udkLByc3LTBLFD3A,0.8961266279220581,-0.04312610626220703,toronto_database_5ey9E_udkLByc3LTBLFD3A,0,1,36.19592677114377,0.2507758140563965,15.61304759979248,0.0018988715019077063,0.8816870450973511,edge,blur,gradient-magnitude (edge),resnet18,1235,0
zurich_query_0lHgqSrbw8SSQej38K9wpQ,zurich_database_OyWUlDA0nQXhtkA0SVtvGg,1,0.8671603202819824,toronto_database_66Svrvnm_JwZWN1Blrg8rw,0.8317893147468567,0.03537100553512573,zurich_database_OyWUlDA0nQXhtkA0SVtvGg,1,1,36.34439096737069,0.2507762908935547,15.088333129882812,0.0343153215944767,0.8503262400627136,edge,blur,gradient-magnitude (edge),resnet18,1235,0
amman_query_2hq9evzmyg6GO86JGeo5kw,amman_database_5f1b6ODcRSNjVm7BiUt1HQ,2,0.8581793308258057,amman_database_3yagEI09YxnyMOsqFCs-ig,0.8590013980865479,-0.0008220672607421875,amman_database_3yagEI09YxnyMOsqFCs-ig,1,1,36.18124819426997,0.25077110528945923,15.66590690612793,0.0018988715019077063,0.8607734441757202,edge,blur,gradient-magnitude (edge),resnet18,1235,0
boston_query_-XPoSJpI_X3ZlnZLz8JG4L,boston_database_4KYD-Lea90k3MYU22xzDu7,235,0.8330387473106384,amman_database_2_NNnfq-ucbh4wN64ndIOg,0.8932409286499023,-0.060202181339263916,amman_database_2_NNnfq-ucbh4wN64ndIOg,0,0,36.282173058197394,0.25076720118522644,15.306047439575195,0.0,0.7633959650993347,edge,blur,gradient-magnitude (edge),resnet18,1235,0
cph_query_-VwsLi9Gs8ntflZjLfPkGw,cph_database_0XUmaZkZbak0CUhOwxqPjw,234,0.8244276642799377,cph_database_UjpWUL98Q5DyuoCMWlk77w,0.8836311101913452,-0.05920344591140747,cph_database_UjpWUL98Q5DyuoCMWlk77w,0,0,36.10860312814281,0.25077491998672485,15.930156707763672,0.0,0.7853715419769287,edge,blur,gradient-magnitude (edge),resnet18,1235,0
london_query_0BjBFV4G9jdMJlEMqshzoA,london_database_4xtgpNe3FmAQyzxnF9lLdA,27,0.81646329164505,manila_database_0XBigdUA8xDwLCi4-HiXRA,0.8334246873855591,-0.016961395740509033,manila_database_0XBigdUA8xDwLCi4-HiXRA,0,0,36.11331548623346,0.2507758140563965,15.912880897521973,1.627604251552839e-05,0.7351232171058655,edge,blur,gradient-magnitude (edge),resnet18,1235,0
manila_query_-aK1h18UZREBqmVQH9KSvw,manila_database_YaHrs2Z76Jx0zaYq3oFG7A,131,0.8261371850967407,toronto_database_2PHgK91Apm8x6PzXK7MpUA,0.8766273260116577,-0.05049014091491699,toronto_database_2PHgK91Apm8x6PzXK7MpUA,0,0,36.49559421087474,0.2507629990577698,14.572059631347656,0.0469835065305233,0.8259989023208618,edge,blur,gradient-magnitude (edge),resnet18,1235,0
nairobi_query_479Or7jRwWHujnR6N21HGg,nairobi_database_6TX4ZR0VfqHmNorJfDCQdA,125,0.8162533044815063,manila_database_8tQ1uxni3yt7oj1i8yGoOg,0.8574357032775879,-0.04118239879608154,manila_database_8tQ1uxni3yt7oj1i8yGoOg,0,0,36.35643599243877,0.25077468156814575,15.046544075012207,0.03994683176279068,0.951386034488678,edge,blur,gradient-magnitude (edge),resnet18,1235,0
toronto_query_-MnI6OlC-vX0Wm56nVPN1A,toronto_database_8WmAPKRjvJVk_G6ITzFa3g,1,0.872583270072937,toronto_database_6htbZtf1tFEvk0bH1B-F8g,0.8611994981765747,0.011383771896362305,toronto_database_8WmAPKRjvJVk_G6ITzFa3g,1,1,36.52898748046488,0.25077682733535767,14.460443496704102,0.05647243931889534,0.8696979880332947,edge,blur,gradient-magnitude (edge),resnet18,1235,0
zurich_query_0nVsH-6SH_FHslcVrikkwQ,zurich_database_XBi1UyH0pCxpA5NginBO2Q,126,0.8204523324966431,zurich_database_2IFVvdawkgwfoEkc1UpdCw,0.8841087818145752,-0.06365644931793213,zurich_database_2IFVvdawkgwfoEkc1UpdCw,0,0,36.28900637966086,0.25077182054519653,15.281983375549316,0.0,0.8985488414764404,edge,blur,gradient-magnitude (edge),resnet18,1235,0
amman_query_2lABfkOBYPSLZkKhyRxYdA,amman_database_151zMheq8vPIGSfBTFm2Kg,10,0.8611269593238831,amman_database_1gJtGI68JVwQZGi6W80ZUw,0.9024710655212402,-0.04134410619735718,amman_database_1gJtGI68JVwQZGi6W80ZUw,0,1,36.09210353277795,0.2507767677307129,15.990793228149414,0.0,0.9353184103965759,edge,blur,gradient-magnitude (edge),resnet18,1235,0
boston_query_-XVMoSt8xs2FUh9JzquX6A,boston_database_-Pxs88edybUEElFJ9874hQ,10,0.8480731248855591,boston_database_1k4pbpEWBwA9ojuy58J9oA,0.879417359828949,-0.03134423494338989,boston_database_1k4pbpEWBwA9ojuy58J9oA,0,1,36.0897658313048,0.25077199935913086,15.99940299987793,0.0,0.7520073056221008,edge,blur,gradient-magnitude (edge),resnet18,1235,0
cph_query_-WFB24C5ns0vkkGHGvN40A,cph_database_33ZlPGNkPp7GdFa0YLMIsg,1,0.870915412902832,cph_database_7aTcyyEj8sB3Jg7PRzJu-g,0.8661797046661377,0.004735708236694336,cph_database_33ZlPGNkPp7GdFa0YLMIsg,1,1,36.08119846375593,0.25078117847442627,16.030996322631836,0.0,0.8608488440513611,edge,blur,gradient-magnitude (edge),resnet18,1235,0
london_query_0CaaImFsIdNZjpg8oBPgsQ,london_database_ogCqZhn7TrfEmF64Tg9z1Q,1094,0.739374041557312,boston_database_3ioBUYHwNBnfQOGcNDk6tg,0.8326553702354431,-0.0932813286781311,boston_database_3ioBUYHwNBnfQOGcNDk6tg,0,0,36.11884598559755,0.2507743537425995,15.892629623413086,0.0,0.7951136827468872,edge,blur,gradient-magnitude (edge),resnet18,1235,0
manila_query_-cNGgBgyFrf92tQ2SjMnVw,manila_database_-TOsz7Ayx4vLCsmVCwRUow,227,0.8225744366645813,london_database_7hadEPdEI2MGW7SMcZDBUA,0.8963478803634644,-0.07377344369888306,london_database_7hadEPdEI2MGW7SMcZDBUA,0,0,36.15086508059401,0.2507689893245697,15.77588939666748,0.0075358073227107525,0.8925192952156067,edge,blur,gradient-magnitude (edge),resnet18,1235,0
nairobi_query_4EL0OPwVmp4k2zCpl9_c_A,nairobi_database_3UPn39IM6HTHYtg6HY4q-g,6,0.8431624174118042,boston_database_0MER2tyL8y0wp8wzZzQCDA,0.8656578063964844,-0.022495388984680176,boston_database_0MER2tyL8y0wp8wzZzQCDA,0,1,36.15137049375812,0.2507742941379547,15.774053573608398,0.01169704832136631,0.9644074440002441,edge,blur,gradient-magnitude (edge),resnet18,1235,0
toronto_query_-MvRj243NBTPnognhgb4Cg,toronto_database_2PHgK91Apm8x6PzXK7MpUA,58,0.854538083076477,zurich_database_1RM5Mx-wajw1Nbo7PHHTwg,0.8939446210861206,-0.039406538009643555,zurich_database_1RM5Mx-wajw1Nbo7PHHTwg,0,0,36.095193829031146,0.2507737874984741,15.979418754577637,8.680555765749887e-05,0.9119828939437866,edge,blur,gradient-magnitude (edge),resnet18,1235,0
zurich_query_0qoNSI3UUj6VR3TM7c0Peg,zurich_database_-PR5mh0jiifZqsBmHPzeMg,418,0.7455025911331177,london_database_95giX68cDMPmxguKbDWhmA,0.8333593010902405,-0.0878567099571228,london_database_95giX68cDMPmxguKbDWhmA,0,0,36.0924182397784,0.2507781684398651,15.98963451385498,2.7126736313221045e-05,0.8079613447189331,edge,blur,gradient-magnitude (edge),resnet18,1235,0
amman_query_2o7YcP9UAqSU1ygtK33BfQ,amman_database_urse6by33-0JmqS5mVlLLg,4,0.8598605394363403,london_database_27LGSz3TaaHAydAv_StPzA,0.8634335994720459,-0.0035730600357055664,london_database_27LGSz3TaaHAydAv_StPzA,1,1,36.08112560708064,0.25077301263809204,16.031265258789062,0.0,0.7949315309524536,edge,blur,gradient-magnitude (edge),resnet18,1235,0
boston_query_-YC7UljP-400uMusDPAb5o,boston_database_2TQsfSDqxLbRlevqUcUSYA,1,0.8506507873535156,boston_database_16CRssB4qXv2zYzHuRAwTQ,0.8324548602104187,0.018195927143096924,boston_database_2TQsfSDqxLbRlevqUcUSYA,1,1,36.11435125142584,0.2507706582546234,15.909086227416992,0.0020887586288154125,0.7617286443710327,edge,blur,gradient-magnitude (edge),resnet18,1235,0
cph_query_-WSWmgHuo6qPHzHxqzEe1A,cph_database_6x3ymkhiy3yOhCsu1aztdg,105,0.8432426452636719,cph_database_6pYqCwVVuumtu2fveyEqRA,0.8883010745048523,-0.04505842924118042,cph_database_6pYqCwVVuumtu2fveyEqRA,0,0,36.086495989551175,0.2507762312889099,16.01145362854004,0.0,0.8362097144126892,edge,blur,gradient-magnitude (edge),resnet18,1235,0
london_query_0EzKuKNIcxIWax_duM0EWw,london_database_h9EFKOkIkMIA7h7U-lcwWA,2,0.8741785287857056,london_database_-ciLkUT3ztPptCzyhLAG2w,0.8754113912582397,-0.0012328624725341797,london_database_-ciLkUT3ztPptCzyhLAG2w,1,1,36.10898585707724,0.250776082277298,15.928752899169922,0.0016493055736646056,0.7241953611373901,edge,blur,gradient-magnitude (edge),resnet18,1235,0
manila_query_-cmAo9dkimIih2B7T4UHfg,manila_database_7ZCkHNgbdGrjb8m48J_VRA,219,0.7950885891914368,manila_database_1NHx9p_Qfpv51-_bnxD3XQ,0.886284351348877,-0.09119576215744019,manila_database_1NHx9p_Qfpv51-_bnxD3XQ,0,0,36.465684055280065,0.2507701516151428,14.672764778137207,0.03462456539273262,0.8601353168487549,edge,blur,gradient-magnitude (edge),resnet18,1235,0
nairobi_query_4Scm9UylRL9Edyu3ZemB9A,nairobi_database_FuBkR1fbVVpCW5nvjIU89g,5,0.8295197486877441,nairobi_database_a9xNzoydjr-je93NA7mygg,0.8518718481063843,-0.022352099418640137,nairobi_database_a9xNzoydjr-je93NA7mygg,1,1,36.29139257143078,0.2507733404636383,15.273589134216309,0.03369140625,0.9699345827102661,edge,blur,gradient-magnitude (edge),resnet18,1235,0
toronto_query_-N8Ief4Q3CWSOSauaoVHkw,toronto_database_f9yapUp1QfWHiW5Ggk7eTw,2,0.8613827228546143,manila_database_78z0QV2-TMH912gTI-63FA,0.8681560754776001,-0.00677335262298584,manila_database_78z0QV2-TMH912gTI-63FA,1,1,36.085676068755376,0.2507733106613159,16.014476776123047,0.0,0.9336085319519043,edge,blur,gradient-magnitude (edge),resnet18,1235,0
zurich_query_0yT0tESrImO18FH9C5STzg,zurich_database_5EBjYZoNQsB323r5P6H-HQ,15,0.8377852439880371,boston_database_3dQbA6O_0evX3zu7Qc-pYw,0.8775443434715271,-0.03975909948348999,boston_database_3dQbA6O_0evX3zu7Qc-pYw,0,0,36.32030977170113,0.2507726550102234,15.172228813171387,0.0014973958022892475,0.873558521270752,edge,blur,gradient-magnitude (edge),resnet18,1235,0
amman_query_2pCCoWfi0AP_93cYLKD9sA,amman_database_8uoKd4Y-3PxaJ9sVbGxXLQ,125,0.844611644744873,toronto_database_3LCzhZVa-_75oQZecGcGLw,0.9092633724212646,-0.0646517276763916,toronto_database_3LCzhZVa-_75oQZecGcGLw,0,0,36.08676243247017,0.25077342987060547,16.01047134399414,0.0,0.7940790057182312,edge,blur,gradient-magnitude (edge),resnet18,1235,0
boston_query_-YNCuOIwfe745OWl27FQZQ,boston_database_6HtWKuiJOkXO1GTzRBSfTg,7,0.8626663684844971,boston_database_94aSe_FRCFVJYIIipBQssA,0.8727612495422363,-0.010094881057739258,boston_database_94aSe_FRCFVJYIIipBQssA,0,1,36.32631380525191,0.250778466463089,15.151268005371094,0.0039388020522892475,0.8959221243858337,edge,blur,gradient-magnitude (edge),resnet18,1235,0
cph_query_-XYLPst0OjYGoPVJKGP1aA,cph_database_33mmxgcLFjzRhpSRQRWq4Q,2,0.8885021209716797,cph_database_-QWxOCFh2Cw3JbcqTX28OQ,0.8906654715538025,-0.0021633505821228027,cph_database_-QWxOCFh2Cw3JbcqTX28OQ,1,1,36.081942601918655,0.2507782280445099,16.028249740600586,0.0,0.8857458829879761,edge,blur,gradient-magnitude (edge),resnet18,1235,0
london_query_0IFxmIDIkGlB0FShcszAfw,london_database_7KhxgmhjR5T_2QXEjYoZ-Q,18,0.8027938604354858,zurich_database_6-TIm7QHPYTjyxT3GFR2gg,0.8493275046348572,-0.04653364419937134,zurich_database_6-TIm7QHPYTjyxT3GFR2gg,0,0,36.32164267742512,0.2507787346839905,15.167572975158691,0.0,0.7967711687088013,edge,blur,gradient-magnitude (edge),resnet18,1235,0
manila_query_-dvVr_QHKim5_WyUsv_Z4A,manila_database_4AEqUaQU5yZh8-dTi5SuRQ,87,0.8264771699905396,manila_database_31P09aOdEXsPJyiA8d7DRA,0.8799026012420654,-0.05342543125152588,manila_database_31P09aOdEXsPJyiA8d7DRA,0,0,36.138496999762346,0.2507729232311249,15.820880889892578,0.0,0.7476422786712646,edge,blur,gradient-magnitude (edge),resnet18,1235,0
nairobi_query_4_8wDQ5TQuzz_jEJKVIl0Q,nairobi_database_8QrvtfnMMYvjycP4nESumw,347,0.7452789545059204,manila_database_4tXg0kJtp4bBR40lWJ7mIA,0.8505533933639526,-0.10527443885803223,manila_database_4tXg0kJtp4bBR40lWJ7mIA,0,0,36.0868146882415,0.25078055262565613,16.010278701782227,0.0,0.8196704387664795,edge,blur,gradient-magnitude (edge),resnet18,1235,0
toronto_query_-OZxhiQ5zPqGdSRrqUMKfQ,toronto_database_6El8G6j-CzIxXcap-_r3sg,1,0.9043494462966919,boston_database_1lzWfM7wv5kw-ZdKl_peNA,0.8677246570587158,0.036624789237976074,toronto_database_6El8G6j-CzIxXcap-_r3sg,1,1,36.25391995864294,0.2507767975330353,15.405945777893066,0.0,0.869325578212738,edge,blur,gradient-magnitude (edge),resnet18,1235,0
zurich_query_0zEmJXMA03W0EBFP74wRVQ,zurich_database_56kgw0xoLbK4aolDWKul5A,1,0.887376606464386,boston_database_-BzrVPIrGylZQ8H15WaRYg,0.8682823181152344,0.01909428834915161,zurich_database_56kgw0xoLbK4aolDWKul5A,1,1,36.12309754875072,0.2507776618003845,15.877079010009766,0.0,0.9203365445137024,edge,blur,gradient-magnitude (edge),resnet18,1235,0
amman_query_2pZlZDNh_3B-gECdtvklWQ,amman_database_IceuJQN2uOI5xXzHFlNWHw,7,0.8525291085243225,amman_database_3yagEI09YxnyMOsqFCs-ig,0.8645843267440796,-0.01205521821975708,amman_database_3yagEI09YxnyMOsqFCs-ig,0,1,36.12627368300384,0.25077253580093384,15.865471839904785,0.0,0.7295821905136108,edge,blur,gradient-magnitude (edge),resnet18,1235,0
boston_query_-Zk-uQZzECPhvd8WV6mxhQ,boston_database_87osbt4QESoaKhqx1S698g,1,0.8494497537612915,cph_database_5GKxJZYxgwMMJsgDfMxZ1w,0.8480446338653564,0.0014051198959350586,boston_database_87osbt4QESoaKhqx1S698g,1,1,36.13344764306867,0.25077447295188904,15.839285850524902,0.0,0.7719686627388,edge,blur,gradient-magnitude (edge),resnet18,1235,0
cph_query_-YjbrleIz5WKWE1Rmmo4fg,cph_database_20p-zC1BqByt8dVNbnKbTw,1,0.9039340615272522,boston_database_291-InfICP_FLOb09Og4iA,0.887201189994812,0.016732871532440186,cph_database_20p-zC1BqByt8dVNbnKbTw,1,1,36.081124573661405,0.25077417492866516,16.031269073486328,0.0,0.9526023864746094,edge,blur,gradient-magnitude (edge),resnet18,1235,0
london_query_0LQj6exgKdVQbIBlQAVcrw,london_database_0hPXQ8vpwqqqTFwS1mTzZQ,40,0.7484591007232666,cph_database_6xxgGejRFdIJPYb-cnW2Xg,0.7994908094406128,-0.05103170871734619,cph_database_6xxgGejRFdIJPYb-cnW2Xg,0,0,36.10089177826069,0.2507765591144562,15.958467483520508,0.0002604166802484542,0.7468004822731018,edge,blur,gradient-magnitude (edge),resnet18,1235,0
manila_query_-fizm8lmdD_ORe0_j5qnJQ,manila_database_78z0QV2-TMH912gTI-63FA,3,0.8532119989395142,manila_database_1NHx9p_Qfpv51-_bnxD3XQ,0.8817842602729797,-0.028572261333465576,manila_database_1NHx9p_Qfpv51-_bnxD3XQ,1,1,36.171244739265795,0.2507714629173279,15.702033042907715,0.0011338975746184587,0.8662940859794617,edge,blur,gradient-magnitude (edge),resnet18,1235,0
nairobi_query_4otBu8pxIHc7lXwh66bqHQ,nairobi_database_fdXQFliJlP2K6rvw_jLOnQ,1999,0.5214940309524536,zurich_database_4-7L3aTGT-P2Zip2jLHH2Q,0.8316806554794312,-0.31018662452697754,zurich_database_4-7L3aTGT-P2Zip2jLHH2Q,0,0,36.09086461177941,0.2507721781730652,15.995355606079102,0.00016276042151730508,0.7894465923309326,edge,blur,gradient-magnitude (edge),resnet18,1235,0
toronto_query_-Pkw8dqFfD76K-CZ7pnCVQ,toronto_database_efAlAqJr3ShZKF9EP9gJwA,114,0.8237391710281372,zurich_database_4-amN7nLphQF0Qv7LEKCqQ,0.8636553287506104,-0.039916157722473145,zurich_database_4-amN7nLphQF0Qv7LEKCqQ,0,0,36.2968182952105,0.25077638030052185,15.25451946258545,0.01325412280857563,0.8657661080360413,edge,blur,gradient-magnitude (edge),resnet18,1235,0
zurich_query_1-8NWRY7HPTPq2lkQitPfw,zurich_database_4imNC7D7IARx5dzUHyuzSA,10,0.8514145612716675,cph_database_SOFbS68m4Uymr1Fx8T7pfA,0.8639774322509766,-0.012562870979309082,cph_database_SOFbS68m4Uymr1Fx8T7pfA,0,1,36.23127143481476,0.2507745921611786,15.48649787902832,0.0021267361007630825,0.7951432466506958,edge,blur,gradient-magnitude (edge),resnet18,1235,0
amman_query_2rTDzpKAZdmx5K2aSyos9w,amman_database_7sUIB_SpdPVOW6OucKsTQg,38,0.8534669876098633,amman_database_3ZbkOYTSJMb7R5Av7soq9A,0.8826167583465576,-0.029149770736694336,amman_database_3ZbkOYTSJMb7R5Av7soq9A,0,0,36.08105895204406,0.2507762610912323,16.031511306762695,0.0,0.9135214686393738,edge,blur,gradient-magnitude (edge),resnet18,1235,0
boston_query_-_69BJwJSLQGnzQD20QsOg,boston_database_xJh2U6wTEJU5MkN6cNWmrg,471,0.7705421447753906,manila_database_-tLOOodTWnvNp-K8fEWFlg,0.8636037707328796,-0.09306162595748901,manila_database_-tLOOodTWnvNp-K8fEWFlg,0,0,36.23687664336246,0.2507748007774353,15.466523170471191,2.1701389414374717e-05,0.733298659324646,edge,blur,gradient-magnitude (edge),resnet18,1235,0
cph_query_-YnFOjTmnQhpLwXt2EJ1QQ,cph_database_u__bAug3pIy5UiqNxPW-8w,449,0.7757968902587891,amman_database_4vgf9unQSieYYE8LIYoY7w,0.8721160888671875,-0.09631919860839844,amman_database_4vgf9unQSieYYE8LIYoY7w,0,0,36.21911339527309,0.2507733106613159,15.529912948608398,0.005588107742369175,0.9200729727745056,edge,blur,gradient-magnitude (edge),resnet18,1235,0
london_query_0M3fNwl2Fi82PVH3lDRsCg,london_database_3iqRaYIaJD-1F-instwfmg,1,0.8501068353652954,london_database_1D6hwAKVjwxPeiGlv9IT3g,0.8413335084915161,0.008773326873779297,london_database_3iqRaYIaJD-1F-instwfmg,1,1,36.18826734026255,0.25077366828918457,15.640607833862305,0.008544921875,0.7814778089523315,edge,blur,gradient-magnitude (edge),resnet18,1235,0
manila_query_-hNuMbgiWK_ZPELfuWj5FQ,manila_database_562jgjEtbznkZO2Ul4TSTw,1,0.842365026473999,manila_database_3-gSfEXfZFJB6UNSXSK02g,0.8422125577926636,0.00015246868133544922,manila_database_562jgjEtbznkZO2Ul4TSTw,1,1,36.24637986294556,0.2507740557193756,15.432716369628906,0.0,0.8354517817497253,edge,blur,gradient-magnitude (edge),resnet18,1235,0
nairobi_query_5ISN1dRvjgJI9rd6GbusNQ,nairobi_database_91GsMs5kPfxkm2YLFNBy2g,76,0.8205655813217163,cph_database_4BdWO7YCXasxr90wTqDpDw,0.858985185623169,-0.03841960430145264,cph_database_4BdWO7YCXasxr90wTqDpDw,0,0,36.28269939927517,0.2507753372192383,15.304192543029785,0.01856553740799427,0.8533973097801208,edge,blur,gradient-magnitude (edge),resnet18,1235,0
toronto_query_-PuMS2UqNh7dbLLfWE37yg,toronto_database_6qYwQstrayZM_SmME-owrw,2,0.8926024436950684,toronto_database_0ccv5ZSPbvN3WBJN_1__MA,0.9101253747940063,-0.01752293109893799,toronto_database_0ccv5ZSPbvN3WBJN_1__MA,1,1,36.27413217029559,0.25077417492866516,15.334412574768066,0.012896050699055195,0.8115506768226624,edge,blur,gradient-magnitude (edge),resnet18,1235,0
zurich_query_1-TXtjFv1nAkC2AZXfhuDg,zurich_database_-0c8fGzuvHKGROvzeZflOQ,54,0.8674473166465759,zurich_database_-Es59pgAQfznoDqUA50E9Q,0.8954685926437378,-0.028021275997161865,zurich_database_-Es59pgAQfznoDqUA50E9Q,0,0,36.17171190440815,0.25077372789382935,15.70034408569336,0.000244140625,0.9023209810256958,edge,blur,gradient-magnitude (edge),resnet18,1235,0
amman_query_-39Q9edqZUArYHa41OPDoQ,amman_database_230ybQVhceCf4Sln4SPOMQ,1,0.8579849004745483,amman_database_83JeviUS_J6DBsBA1i9tuA,0.8490853309631348,0.008899569511413574,amman_database_230ybQVhceCf4Sln4SPOMQ,1,1,36.1058080457111,0.2507728934288025,15.940412521362305,0.0,0.10000001639127731,uniform,blur,uniform same-energy,resnet18,1236,0
boston_query_--LUAhgqzqNM6FyWSJ-Dsw,boston_database_-XpWzw3N73sfAC2jKTbD5Q,1,0.9454487562179565,boston_database_0XkG0EUDAUX3eUfdrB2wyw,0.905640721321106,0.039808034896850586,boston_database_-XpWzw3N73sfAC2jKTbD5Q,1,1,36.11559376665817,0.25078102946281433,15.904535293579102,0.0,0.10000001639127731,uniform,blur,uniform same-energy,resnet18,1236,0
cph_query_--FyHVca3HP-QgUmcAvToA,cph_database_0dcx1DoaGzM3QYU_47-ctA,50,0.8363755941390991,boston_database_DU3FJGAh3PrB45a580xbGg,0.8836206197738647,-0.047245025634765625,boston_database_DU3FJGAh3PrB45a580xbGg,0,0,36.13550131833235,0.2507774531841278,15.83179759979248,0.0003743489505723119,0.09999999403953552,uniform,blur,uniform same-energy,resnet18,1236,0
london_query_-0u7VsCOCAmwH4RFsN5BoA,london_database_6MbCpJaLFsTGxLRixQ3Grg,208,0.7747319936752319,zurich_database_0r57m1gsoV4j_t4xOqtL7A,0.8261743783950806,-0.05144238471984863,zurich_database_0r57m1gsoV4j_t4xOqtL7A,0,0,36.37889430284687,0.25077372789382935,14.9689359664917,0.0,0.09999999403953552,uniform,blur,uniform same-energy,resnet18,1236,0
manila_query_-10kuZ2TqVxJ-YLQJl2uqA,manila_database_Zr6IH7wDsmdaq7VyLJLKDg,66,0.8228515386581421,manila_database_7vOvfavBmZmLG0s8XGaBbA,0.8779375553131104,-0.05508601665496826,manila_database_7vOvfavBmZmLG0s8XGaBbA,0,0,36.099228487874434,0.2507741451263428,15.964580535888672,0.0,0.10000000149011612,uniform,blur,uniform same-energy,resnet18,1236,0
nairobi_query_-K4R8iYrz9LwQ7wia8JZtQ,nairobi_database_fdXQFliJlP2K6rvw_jLOnQ,1999,0.5329502820968628,zurich_database_4-7L3aTGT-P2Zip2jLHH2Q,0.824264645576477,-0.29131436347961426,zurich_database_4-7L3aTGT-P2Zip2jLHH2Q,0,0,36.09720252155355,0.25077372789382935,15.972029685974121,0.0,0.09999999403953552,uniform,blur,uniform same-energy,resnet18,1236,0
toronto_query_-1caqsIDW4YpUBZB98J9uV,toronto_database_0ItNHOVZYAjAFyIWcZNw3Q,23,0.8467332124710083,zurich_database_VgwLuWhpDSqjlB2NYlCDAw,0.8633081912994385,-0.016574978828430176,zurich_database_VgwLuWhpDSqjlB2NYlCDAw,0,0,36.30107494262332,0.25076574087142944,15.239575386047363,0.0029188368935137987,0.10000000894069672,uniform,blur,uniform same-energy,resnet18,1236,0
zurich_query_--RjvuIbkJiPNJknyeZN_Q,zurich_database_TZZASHVyX8JX4JCtjaZu8A,252,0.7922661304473877,boston_database_7T5vnHPW4Xd12sc2X_jLfw,0.8561325669288635,-0.06386643648147583,boston_database_7T5vnHPW4Xd12sc2X_jLfw,0,0,36.099602867267485,0.2507779896259308,15.963204383850098,0.0,0.10000000894069672,uniform,blur,uniform same-energy,resnet18,1236,0
amman_query_-6eEB_fS2eePRNUql6vOrQ,amman_database_Ld8UF_WG7d620clwmhmA7w,1,0.9213609099388123,amman_database_ONY-rsH_3nthK111PVrqsg,0.884891152381897,0.03646975755691528,amman_database_Ld8UF_WG7d620clwmhmA7w,1,1,36.096824978236654,0.2507794499397278,15.973418235778809,0.0,0.09999999403953552,uniform,blur,uniform same-energy,resnet18,1236,0
boston_query_--VtRctVkqAafFr5b_6GXg,boston_database_UwsH5HN1NhjYYf2i_SZMMw,264,0.7991618514060974,manila_database_5epuq5tYovqXrYnobxqP_A,0.8836690187454224,-0.08450716733932495,manila_database_5epuq5tYovqXrYnobxqP_A,0,0,36.11275462578236,0.25077250599861145,15.914936065673828,0.0,0.10000000149011612,uniform,blur,uniform same-energy,resnet18,1236,0
cph_query_--kN3Y3n0x47vWa8WX-a8w,cph_database_m8v7yRzg-Ahnt8itIkwjQA,1,0.9174971580505371,zurich_database_4FlzweEjVGvnW3C9lZIYrw,0.8885643482208252,0.028932809829711914,cph_database_m8v7yRzg-Ahnt8itIkwjQA,1,1,36.09649128423727,0.2507750391960144,15.974645614624023,0.0,0.10000000149011612,uniform,blur,uniform same-energy,resnet18,1236,0
london_query_-4Vq2O1PhPmG6WK-yV402Q,london_database_ZMtlIMgqMeKcrAIPxCMp3g,1,0.9065079689025879,london_database_8m5P4YTaevUpbWaQ62dnUA,0.9036659598350525,0.0028420090675354004,london_database_ZMtlIMgqMeKcrAIPxCMp3g,1,1,36.32351276581432,0.250778466463089,15.161043167114258,0.02890625037252903,0.10000000149011612,uniform,blur,uniform same-energy,resnet18,1236,0
manila_query_-10rV9IlRhgTnk5e_QJbgA,manila_database_8aFsf-s2G5vsaCKgNpxZxA,773,0.7703990936279297,manila_database_403INTlXpIBnsRFhSgUFOw,0.8804816007614136,-0.11008250713348389,manila_database_403INTlXpIBnsRFhSgUFOw,0,0,36.34027513634002,0.2507728934288025,15.102639198303223,0.0,0.10000001639127731,uniform,blur,uniform same-energy,resnet18,1236,0
nairobi_query_-cS3FR1RBElNB48QQHiL0Q,nairobi_database_XdvgQAdvS4ZnbRq1lFmPvA,46,0.840237557888031,amman_database_29z1w1EW9-qTj7neMnnIig,0.8737125396728516,-0.03347498178482056,amman_database_29z1w1EW9-qTj7neMnnIig,0,0,36.09765089687511,0.25077036023139954,15.970380783081055,0.0,0.10000000894069672,uniform,blur,uniform same-energy,resnet18,1236,0
toronto_query_-3UT7A8bNUkVBgSLW30-ow,toronto_database_ahYWgqSEuXW1UvHqjcvhbg,78,0.7778945565223694,boston_database_-Ks6CpNXFqOh9Kttdsa6lw,0.8270807266235352,-0.04918617010116577,boston_database_-Ks6CpNXFqOh9Kttdsa6lw,0,0,36.26561226928853,0.25077131390571594,15.364524841308594,0.0,0.10000000149011612,uniform,blur,uniform same-energy,resnet18,1236,0
zurich_query_-25E3MQ0PY1vs_FT7mKaUw,zurich_database_62HR56sCdEq3XIADUUPmBw,20,0.8419471979141235,manila_database_8CX3mu74pWVyEWzhNrVcbQ,0.8665707111358643,-0.024623513221740723,manila_database_8CX3mu74pWVyEWzhNrVcbQ,0,0,36.198228643759066,0.25077539682388306,15.604774475097656,0.0,0.09999998658895493,uniform,blur,uniform same-energy,resnet18,1236,0
amman_query_-BJoV1t0rKwEzk0bsZplVQ,amman_database_RybCghn6dxdppOd3XPQXhw,1655,0.6749322414398193,amman_database_TAHAih6CiD8ZHZpJqmk4NA,0.8706437945365906,-0.19571155309677124,amman_database_TAHAih6CiD8ZHZpJqmk4NA,0,0,36.09991111236401,0.2507748603820801,15.962071418762207,0.0,0.09999999403953552,uniform,blur,uniform same-energy,resnet18,1236,0
boston_query_-0n5FDAuOditKvxIekIbBg,boston_database_0-UUkPasBJ3e3InjW6isBg,1,0.844385027885437,manila_database_3ED-M6yl_Y4YZkenDNv49Q,0.7970742583274841,0.04731076955795288,boston_database_0-UUkPasBJ3e3InjW6isBg,1,1,36.27082125228707,0.2507784366607666,15.346107482910156,0.0007703992887400091,0.10000000149011612,uniform,blur,uniform same-energy,resnet18,1236,0
cph_query_--xKnCCc_4tDGo80iM-A_g,cph_database_2_XsYL2TeW-tmupH9iXwiw,1,0.8995447754859924,cph_database_8c5u5uYeDofXlMnU-Fevhw,0.8901856541633606,0.009359121322631836,cph_database_2_XsYL2TeW-tmupH9iXwiw,1,1,36.14928542014998,0.2507784366607666,15.781628608703613,0.0,0.10000000149011612,uniform,blur,uniform same-energy,resnet18,1236,0
london_query_-4pmBOZmF-ynXSkWw5BAew,london_database_5a908C1LT7cfUlW0-urdfA,1,0.8695518970489502,cph_database_7_wYc_QgW8FRWp1rR6jnJQ,0.8553202152252197,0.014231681823730469,london_database_5a908C1LT7cfUlW0-urdfA,1,1,36.47462414998085,0.25077053904533386,14.64259147644043,0.04535047709941864,0.10000000149011612,uniform,blur,uniform same-energy,resnet18,1236,0
manila_query_-2h231ovohZWmrsaBllNyw,manila_database_AtwA7nHo3oRCY9gITWUBSw,142,0.8187574148178101,cph_database_-edcdnyE-FvWjekgrg1QSA,0.8670838475227356,-0.04832643270492554,cph_database_-edcdnyE-FvWjekgrg1QSA,0,0,36.1561912833013,0.2507748603820801,15.756553649902344,0.00042317708721384406,0.09999999403953552,uniform,blur,uniform same-energy,resnet18,1236,0
nairobi_query_-dn1KaWvGY9H5JRLNtaYPg,nairobi_database_ssLyvL_47h4IZogucHeChA,11,0.829919695854187,zurich_database_4NRS_5YX0S3yJJSOofowlA,0.8386063575744629,-0.008686661720275879,zurich_database_4NRS_5YX0S3yJJSOofowlA,0,0,36.41369096704112,0.2507757842540741,14.849480628967285,0.0019748264458030462,0.10000000149011612,uniform,blur,uniform same-energy,resnet18,1236,0
toronto_query_-4IVXvKV2D8brXjQPZ1GRA,toronto_database_76nIzPCLBw3jsfFraKvLlg,1,0.8873320817947388,toronto_database_5ey9E_udkLByc3LTBLFD3A,0.8803684115409851,0.006963670253753662,toronto_database_76nIzPCLBw3jsfFraKvLlg,1,1,36.436971040208974,0.25077104568481445,14.77009391784668,0.0221082903444767,0.09999999403953552,uniform,blur,uniform same-energy,resnet18,1236,0
zurich_query_-4StYjY5sT1S23ls5heCbg,zurich_database_X6HaLuJZms_NtOwrX7Ccnw,1,0.8932759761810303,zurich_database_-Z_U-J1EncVqJmBvLwHPaQ,0.8698234558105469,0.0234525203704834,zurich_database_X6HaLuJZms_NtOwrX7Ccnw,1,1,36.35932253218027,0.25077372789382935,15.03654670715332,0.014377170242369175,0.09999999403953552,uniform,blur,uniform same-energy,resnet18,1236,0
amman_query_-D0IlKF__f0c9DPAKbiYnw,amman_database_83JeviUS_J6DBsBA1i9tuA,104,0.711955189704895,amman_database_ugi1L8kfJhi2W7D5xbEYlA,0.8338956832885742,-0.1219404935836792,amman_database_ugi1L8kfJhi2W7D5xbEYlA,0,0,36.09588100427637,0.2507750391960144,15.976890563964844,0.0,0.10000000149011612,uniform,blur,uniform same-energy,resnet18,1236,0
boston_query_-3hM-MR6uuw3se14vw3G0w,boston_database_Ald8XklVXJv2wFOcWoD7SA,396,0.7098193168640137,boston_database_4FDiXrluACXMwFexJ7QSmA,0.8416166305541992,-0.13179731369018555,boston_database_4FDiXrluACXMwFexJ7QSmA,0,0,36.10641764342412,0.2507822811603546,15.938175201416016,0.0,0.10000000149011612,uniform,blur,uniform same-energy,resnet18,1236,0
cph_query_-05vIhjxDNupFcgaM90L3w,cph_database_T7zbMe-_pVjIRayCf9mfQw,4,0.8503910303115845,manila_database_1-NjZL9b8KTrSIldAnLivA,0.8758822083473206,-0.025491178035736084,manila_database_1-NjZL9b8KTrSIldAnLivA,1,1,36.26791416495438,0.2507733702659607,15.356383323669434,0.005566406063735485,0.10000000894069672,uniform,blur,uniform same-energy,resnet18,1236,0
london_query_-5QOE2AlZX8rEz8ONtGRrg,london_database_7NuzdrMI9lHNaBHwtbChxQ,42,0.7589183449745178,cph_database_dh-vxFQjWULqXOrDb8Ptzw,0.8185286521911621,-0.05961030721664429,cph_database_dh-vxFQjWULqXOrDb8Ptzw,0,0,36.11249803350282,0.2507743537425995,15.915876388549805,0.0,0.10000000149011612,uniform,blur,uniform same-energy,resnet18,1236,0
manila_query_-3H2xPWPOqn_dCF2Lz5EtQ,manila_database_-VWrhS101xkbdgoKX_ctiw,283,0.824174702167511,boston_database_AESuFaFKr_mrdts__0iV-Q,0.8771032691001892,-0.05292856693267822,boston_database_AESuFaFKr_mrdts__0iV-Q,0,0,36.26789312770261,0.25076866149902344,15.356457710266113,9.765625145519152e-05,0.10000000149011612,uniform,blur,uniform same-energy,resnet18,1236,0
nairobi_query_-f7xKWoDFjaXHyTtnRqVKw,nairobi_database_18gWBFrXYXa2ANqWz5940w,170,0.7469717264175415,london_database_JeQXfjTo6VURMPAXsqqrqw,0.8353326916694641,-0.08836096525192261,london_database_JeQXfjTo6VURMPAXsqqrqw,0,0,36.19418399727352,0.250775545835495,15.619314193725586,0.0,0.10000000894069672,uniform,blur,uniform same-energy,resnet18,1236,0
toronto_query_-4mlNvZUZnbmRaGbiIndoA,toronto_database_aGiRwJJAlM_N-HVpKyVj_Q,1,0.8569076061248779,nairobi_database_ssLyvL_47h4IZogucHeChA,0.8471335172653198,0.009774088859558105,toronto_database_aGiRwJJAlM_N-HVpKyVj_Q,1,1,36.21855870445521,0.25077539682388306,15.531896591186523,1.0850694707187358e-05,0.09999998658895493,uniform,blur,uniform same-energy,resnet18,1236,0
zurich_query_-71-BK_yAOJ1soK0OQWIcg,zurich_database_D5f-Hfo2KgngABF8SxLx7A,79,0.7542392015457153,boston_database_17euonMgPfb6H2Pil1okIQ,0.8028486967086792,-0.04860949516296387,boston_database_17euonMgPfb6H2Pil1okIQ,0,0,36.138151973704595,0.25076624751091003,15.822137832641602,0.0,0.10000000894069672,uniform,blur,uniform same-energy,resnet18,1236,0
amman_query_-EAmCN9i5BGEadZIccXEyA,amman_database_49Nj3x8K07clFjERwTHCTQ,27,0.8276035785675049,nairobi_database_5NmT9tDga_ogPbyZiowdeA,0.8604661226272583,-0.03286254405975342,nairobi_database_5NmT9tDga_ogPbyZiowdeA,0,0,36.11972588914395,0.2507734000682831,15.889410018920898,0.00014105903392191976,0.10000001639127731,uniform,blur,uniform same-energy,resnet18,1236,0
boston_query_-4vuSn0vvcBVOccgQqFlow,boston_database_Gvml7rFx_6nDit5eWclK5g,74,0.8225207924842834,zurich_database_7ksJdI2p-1XypIH1opA3gw,0.8613687753677368,-0.03884798288345337,zurich_database_7ksJdI2p-1XypIH1opA3gw,0,0,36.1109585379711,0.25077205896377563,15.92151927947998,0.0,0.09999997913837433,uniform,blur,uniform same-energy,resnet18,1236,0
cph_query_-07-gME-zaQLhCsFrSInSg,cph_database_7uNVVQ63J8fRL3vQqXLvMA,2,0.8400639295578003,london_database_0Iz2DUm5xsWGNOXZSATxSQ,0.8408815860748291,-0.0008176565170288086,london_database_0Iz2DUm5xsWGNOXZSATxSQ,1,1,36.27520917435178,0.2507722079753876,15.330610275268555,0.0,0.09999999403953552,uniform,blur,uniform same-energy,resnet18,1236,0
london_query_-7U9wY8ynnu3oZ1g_-0xww,london_database_7RTgs3f2012dnRwFgn1daw,16,0.8686671257019043,london_database_7hadEPdEI2MGW7SMcZDBUA,0.8934248685836792,-0.024757742881774902,london_database_7hadEPdEI2MGW7SMcZDBUA,0,0,36.30315425698831,0.2507699131965637,15.232280731201172,0.02247178740799427,0.09999999403953552,uniform,blur,uniform same-energy,resnet18,1236,0
manila_query_-5pMypBbFEXHPOTYNJl_EA,manila_database_1NHx9p_Qfpv51-_bnxD3XQ,10,0.8590887784957886,boston_database_4Tm0USyW70ukjXxAuWNUJw,0.8772772550582886,-0.0181884765625,boston_database_4Tm0USyW70ukjXxAuWNUJw,0,1,36.26559771274391,0.25076764822006226,15.36457633972168,0.0,0.10000000894069672,uniform,blur,uniform same-energy,resnet18,1236,0
nairobi_query_-rWgRitoKSYrdczUKUiOrA,nairobi_database_3rFIO1enFyRVL-nV8QEmBA,3,0.8216431140899658,boston_database_5L3USOLg_-os4yeRMczNuQ,0.8454676866531372,-0.023824572563171387,boston_database_5L3USOLg_-os4yeRMczNuQ,1,1,36.12073919798337,0.2507724463939667,15.885703086853027,0.0,0.10000000149011612,uniform,blur,uniform same-energy,resnet18,1236,0
toronto_query_-5HBlqC41yTbYA1NM7dz1A,toronto_database_LIR6pHa5HpRIR-2BJFU0rg,42,0.8298741579055786,toronto_database_J944BkUVr339StNeKvml4Q,0.8670194745063782,-0.03714531660079956,toronto_database_J944BkUVr339StNeKvml4Q,0,0,36.31654178959919,0.25077182054519653,15.18539810180664,0.03261718899011612,0.09999999403953552,uniform,blur,uniform same-energy,resnet18,1236,0
zurich_query_-7bB9HS2MqV7UT7vRyROfg,zurich_database_5hJrSztFeaGup3NhNZhzFg,29,0.8282833099365234,boston_database_-dzsCoIqiJHKcLjfwSEEng,0.8665869235992432,-0.03830361366271973,boston_database_-dzsCoIqiJHKcLjfwSEEng,0,0,36.128312214882804,0.2507781684398651,15.858026504516602,0.0,0.10000000149011612,uniform,blur,uniform same-energy,resnet18,1236,0
amman_query_-L_vanPrT4RcWlLbzCqMKA,amman_database_IceuJQN2uOI5xXzHFlNWHw,35,0.8297695517539978,manila_database_0juhzfP3_ZmDsludDkLRBA,0.8526841402053833,-0.022914588451385498,manila_database_0juhzfP3_ZmDsludDkLRBA,0,0,36.119308851021536,0.2507728934288025,15.890935897827148,0.0,0.10000001639127731,uniform,blur,uniform same-energy,resnet18,1236,0
boston_query_-5-CNr3q7kmRGcDSMueI4w,boston_database_kkvI6FjRw9lNm8bQvk5Rkg,1,0.887211799621582,boston_database_z6clbBM962IhGWqflkuHCv,0.8786402940750122,0.008571505546569824,boston_database_kkvI6FjRw9lNm8bQvk5Rkg,1,1,36.100295930507606,0.25077909231185913,15.960657119750977,0.0,0.10000000894069672,uniform,blur,uniform same-energy,resnet18,1236,0
cph_query_-0_HsZnndjHv76QpTyNFCA,cph_database_SV8c2DXuy-R0A6D10eAPeA,2,0.8698058724403381,amman_database_3R0Bf2kyDwfj1gZ5-JMKsw,0.8752375841140747,-0.005431711673736572,amman_database_3R0Bf2kyDwfj1gZ5-JMKsw,1,1,36.12248351880946,0.2507743835449219,15.879323959350586,0.0,0.10000000149011612,uniform,blur,uniform same-energy,resnet18,1236,0
london_query_-7cNAk24ZhuoOowcvDoImw,london_database_51ahiaqHEKcy5QEIBNvh3A,53,0.8059244155883789,boston_database_-BzrVPIrGylZQ8H15WaRYg,0.8441910743713379,-0.038266658782958984,boston_database_-BzrVPIrGylZQ8H15WaRYg,0,0,36.267483461024504,0.2507613003253937,15.357906341552734,0.0,0.10000000149011612,uniform,blur,uniform same-energy,resnet18,1236,0
manila_query_-6NSbTuzpeyDbSXKeGAasg,manila_database_No4-TeedOgxh0oAMVBGCKA,1,0.8581656217575073,toronto_database_1VHx8iUPobwi99CTiggIpA,0.8496009111404419,0.00856471061706543,manila_database_No4-TeedOgxh0oAMVBGCKA,1,1,36.10971110651217,0.2507738769054413,15.926093101501465,0.0,0.10000000149011612,uniform,blur,uniform same-energy,resnet18,1236,0
nairobi_query_-yxXz3in11JFniZQAa7m2A,nairobi_database_LSnVsJjFK6VuEpGNIOYDaw,37,0.7978550791740417,cph_database_1nVPT6ZWiVRfTMwuFKHvQw,0.845548689365387,-0.047693610191345215,cph_database_1nVPT6ZWiVRfTMwuFKHvQw,0,0,36.39750805815462,0.25077298283576965,14.904916763305664,0.009076605550944805,0.09999999403953552,uniform,blur,uniform same-energy,resnet18,1236,0
toronto_query_-5RKNbex7In9Ys4mH40wXA,toronto_database_6WcJ7hWAeDPVUYIua0lFOg,1601,0.6951659917831421,toronto_database_-C42seTAv_ysnP57NggKvQ,0.8800088167190552,-0.18484282493591309,toronto_database_-C42seTAv_ysnP57NggKvQ,0,0,36.54648568936146,0.25077196955680847,14.402297973632812,0.06192491203546524,0.10000000894069672,uniform,blur,uniform same-energy,resnet18,1236,0
zurich_query_-ANYzSHAsjItBx6yJauT3A,zurich_database_2AJ6kHCsE48TTzHS7X6vFw,25,0.8493220806121826,manila_database_YAr_6aQgtNVbe7GhT70obQ,0.8942029476165771,-0.04488086700439453,manila_database_YAr_6aQgtNVbe7GhT70obQ,0,0,36.3024454547939,0.25077348947525024,15.234766960144043,0.0,0.09999998658895493,uniform,blur,uniform same-energy,resnet18,1236,0
amman_query_-MUBUlzvFxQS_zFg6xNhVg,amman_database_151zMheq8vPIGSfBTFm2Kg,41,0.827704906463623,amman_database_21axHEFcyX-1hI673vVgLQ,0.8603481650352478,-0.032643258571624756,amman_database_21axHEFcyX-1hI673vVgLQ,0,0,36.116074776939804,0.2507728934288025,15.9027738571167,0.0,0.10000001639127731,uniform,blur,uniform same-energy,resnet18,1236,0
boston_query_-6RLrPXAeunQaNK6m645ZA,boston_database_4rLO8Z_zI2AomCqI2i3j4w,1,0.8662316799163818,zurich_database_4FlzweEjVGvnW3C9lZIYrw,0.8597285151481628,0.006503164768218994,boston_database_4rLO8Z_zI2AomCqI2i3j4w,1,1,36.21799395265303,0.2507757842540741,15.533916473388672,2.1701389414374717e-05,0.10000000149011612,uniform,blur,uniform same-energy,resnet18,1236,0
cph_query_-2N5Dmf5tOm5N83KXgvjDw,cph_database_5bN6yjff_s_mmc84IJXTkQ,1,0.8876767158508301,cph_database_5U0Ud3SIKDIGG7O6oKEiNw,0.8554077744483948,0.0322689414024353,cph_database_5bN6yjff_s_mmc84IJXTkQ,1,1,36.540131747235,0.2507745921611786,14.423384666442871,0.06864149123430252,0.09999999403953552,uniform,blur,uniform same-energy,resnet18,1236,0
london_query_-8xWvI5d3Z6gfsRDb_kEQQ,london_database_2nfD8uopWEhFcNeRrMETIA,26,0.7466573715209961,london_database_1HBKiIwsYTj_B1mXOqKWag,0.8536292314529419,-0.1069718599319458,london_database_1HBKiIwsYTj_B1mXOqKWag,0,0,36.34221390069411,0.2507750391960144,15.095898628234863,0.03481445461511612,0.10000000149011612,uniform,blur,uniform same-energy,resnet18,1236,0
manila_query_-6_2C-ExaVhx4ONvHOvffw,manila_database_GI4HIiOuBrAQqj5gEbVdrw,451,0.8205924034118652,manila_database_2pcMDZN9eETtWZGigjrLLw,0.8961044549942017,-0.07551205158233643,manila_database_2pcMDZN9eETtWZGigjrLLw,0,0,36.286260710003226,0.25076824426651,15.291647911071777,0.0006184895755723119,0.09999997913837433,uniform,blur,uniform same-energy,resnet18,1236,0
nairobi_query_0-ZdPdUGwVdDwKbIOxQCBA,nairobi_database_Sm5f4osblN-sOr2YFvbXXg,7,0.81131911277771,london_database_JeQXfjTo6VURMPAXsqqrqw,0.8457509875297546,-0.03443187475204468,london_database_JeQXfjTo6VURMPAXsqqrqw,0,1,36.133965939676166,0.25077539682388306,15.837395668029785,0.00042317708721384406,0.09999998658895493,uniform,blur,uniform same-energy,resnet18,1236,0
toronto_query_-5ryd5v5eXUsmP9y4p6w_g,toronto_database_xlhtmCWmPwjhLIwEPp899Q,1470,0.7600342035293579,toronto_database_2PHgK91Apm8x6PzXK7MpUA,0.9060264825820923,-0.14599227905273438,toronto_database_2PHgK91Apm8x6PzXK7MpUA,0,0,36.10399742665968,0.25077006220817566,15.947059631347656,0.0,0.10000000149011612,uniform,blur,uniform same-energy,resnet18,1236,0
zurich_query_-Bz7by7mnVU_HZbXc8FmpQ,zurich_database_JlQZqZETcsktpyAY5mc1pg,2,0.8744105100631714,toronto_database_8Ha8vTyXTW5lX1aiKBb8KQ,0.8911287784576416,-0.016718268394470215,toronto_database_8Ha8vTyXTW5lX1aiKBb8KQ,1,1,36.0988336472808,0.25077298283576965,15.966032028198242,0.0,0.09999999403953552,uniform,blur,uniform same-energy,resnet18,1236,0
amman_query_-N1g8CEJP4UIaWH8Qqja2g,amman_database_UX1YuIhPO2Xhxp7YP0Xf5w,56,0.8226827383041382,amman_database_ONY-rsH_3nthK111PVrqsg,0.8920404314994812,-0.06935769319534302,amman_database_ONY-rsH_3nthK111PVrqsg,0,0,36.12221148486694,0.25077298283576965,15.880318641662598,0.0,0.09999999403953552,uniform,blur,uniform same-energy,resnet18,1236,0
boston_query_-7KZUz5u8-7ja98pf8etVA,boston_database_-1Ur0I4BTjRYsKJqfcfVZQ,1007,0.7389832139015198,boston_database_7nBh5iB7F195iH0429WvoQ,0.8714120388031006,-0.1324288249015808,boston_database_7nBh5iB7F195iH0429WvoQ,0,0,36.20506635928231,0.25077390670776367,15.580224990844727,0.00018988715601153672,0.10000000894069672,uniform,blur,uniform same-energy,resnet18,1236,0
cph_query_-3uNzD-M1uI2jZeGqOkpXg,cph_database_spPSHqDZCj45h17hsXWxpw,69,0.7717578411102295,london_database_2dm36NWbW57_LB2NgdO-Rw,0.8286653757095337,-0.0569075345993042,london_database_2dm36NWbW57_LB2NgdO-Rw,0,0,36.097364854525296,0.25077539682388306,15.97143268585205,0.0,0.09999998658895493,uniform,blur,uniform same-energy,resnet18,1236,0
london_query_-9FGszdwftnBlzMuP0c_NQ,london_database_Kz3Cq-q4WwlxQ_Rjgk305g,1,0.898106038570404,toronto_database_6qYwQstrayZM_SmME-owrw,0.864190936088562,0.03391510248184204,london_database_Kz3Cq-q4WwlxQ_Rjgk305g,1,1,36.123117113578694,0.2507767975330353,15.877007484436035,0.0,0.09999999403953552,uniform,blur,uniform same-energy,resnet18,1236,0
manila_query_-6_XaKv0Rrp2Jl0G9m_8NQ,manila_database_-aBV8vXQErDoI7aoZ1e0rw,52,0.8288012742996216,nairobi_database_8BW-IHkUck2W9kRj959Vqw,0.8590914011001587,-0.03029012680053711,nairobi_database_8BW-IHkUck2W9kRj959Vqw,0,0,36.117438406416596,0.25077322125434875,15.897781372070312,0.0,0.10000000149011612,uniform,blur,uniform same-energy,resnet18,1236,0
nairobi_query_01juXwMfxX_a4pfhpqt66g,nairobi_database_2qhZXjPq2bPM3DspieqrQw,36,0.7812301516532898,nairobi_database_aQ1QWPVisVaa3pq53-vgqQ,0.8177362680435181,-0.03650611639022827,nairobi_database_aQ1QWPVisVaa3pq53-vgqQ,0,0,36.263480794198614,0.2507734000682831,15.37206745147705,0.0030002170242369175,0.10000001639127731,uniform,blur,uniform same-energy,resnet18,1236,0
toronto_query_-5z50PgNYnxK8Ns2WmF_TQ,toronto_database_18_06r8X3FWdwfUchBmPQA,32,0.8292967081069946,zurich_database_1RM5Mx-wajw1Nbo7PHHTwg,0.8610867261886597,-0.03179001808166504,zurich_database_1RM5Mx-wajw1Nbo7PHHTwg,0,0,36.100321880362145,0.25077489018440247,15.960561752319336,0.0,0.09999999403953552,uniform,blur,uniform same-energy,resnet18,1236,0
zurich_query_-D3dDkhM5rjIJhj1SPdroA,zurich_database_A7Y3Ah31a1X_Bh7UZS5KIA,244,0.8175489902496338,cph_database_3NQI8cjUItCPUXn1lBmjFQ,0.8747836351394653,-0.05723464488983154,cph_database_3NQI8cjUItCPUXn1lBmjFQ,0,0,36.404850530034565,0.2507605254650116,14.879738807678223,0.03430989757180214,0.10000000149011612,uniform,blur,uniform same-energy,resnet18,1236,0
amman_query_-VdxqGX8d8L_OiSEN5CtDw,amman_database_ugi1L8kfJhi2W7D5xbEYlA,401,0.790502667427063,amman_database_ONY-rsH_3nthK111PVrqsg,0.8578613996505737,-0.06735873222351074,amman_database_ONY-rsH_3nthK111PVrqsg,0,0,36.10807771081378,0.25077539682388306,15.932084083557129,0.0,0.09999998658895493,uniform,blur,uniform same-energy,resnet18,1236,0
boston_query_-8cIAPzC7_za-xCEWsIoK2,boston_database_AESuFaFKr_mrdts__0iV-Q,36,0.8189876079559326,cph_database_-_WpfRt0xa7BT3ZNhox7bw,0.8402912616729736,-0.021303653717041016,cph_database_-_WpfRt0xa7BT3ZNhox7bw,0,0,36.229444648725675,0.2507674992084503,15.493013381958008,0.0021430121269077063,0.10000000149011612,uniform,blur,uniform same-energy,resnet18,1236,0
cph_query_-4KruxIYZ3a3GYE0tOKn2w,cph_database_BA4fi2-fm64XvLVa1q7wlA,50,0.8083610534667969,cph_database_2DoeyqFykZ0Nwt_gBPq6hQ,0.8604186773300171,-0.052057623863220215,cph_database_2DoeyqFykZ0Nwt_gBPq6hQ,0,0,36.285220767485995,0.25077298283576965,15.295310020446777,0.010503471828997135,0.09999999403953552,uniform,blur,uniform same-energy,resnet18,1236,0
london_query_-9KgeyegI3TaGMqglsDENg,london_database_Hw6rU3Y_eRzUYi-xZDftAw,1,0.8308413624763489,manila_database_iQLC6e2wWewa4umD-xG3wQ,0.7759257555007935,0.05491560697555542,london_database_Hw6rU3Y_eRzUYi-xZDftAw,1,1,36.12678120286417,0.25077223777770996,15.863617897033691,0.0,0.10000000149011612,uniform,blur,uniform same-energy,resnet18,1236,0
manila_query_-7YHsOWBiYFmYcRzIM0ijg,manila_database_19O8RqWar1XGh6LAIJtmNA,3,0.8069998621940613,boston_database_7FUvQs120_u5TYy5sZdyGQ,0.818977952003479,-0.011978089809417725,boston_database_7FUvQs120_u5TYy5sZdyGQ,1,1,36.123663660060274,0.2507806122303009,15.875009536743164,0.0,0.09999999403953552,uniform,blur,uniform same-energy,resnet18,1236,0
nairobi_query_09aysNUjwNAPHsHo-R-IdA,nairobi_database_2fUpafUa7KOSZndmkZPttA,3,0.8249994516372681,boston_database_3Z1D9TQt3TTzRxiN7mP4DA,0.8342349529266357,-0.009235501289367676,boston_database_3Z1D9TQt3TTzRxiN7mP4DA,1,1,36.09814963589535,0.25076648592948914,15.968546867370605,0.0,0.09999999403953552,uniform,blur,uniform same-energy,resnet18,1236,0
toronto_query_-68JeZKxV2XoP0N_6780Og,toronto_database_5gR2GvdWi8_efGPscwDy_A,2,0.8615317344665527,zurich_database_-Es59pgAQfznoDqUA50E9Q,0.8615790605545044,-4.7326087951660156e-05,zurich_database_-Es59pgAQfznoDqUA50E9Q,1,1,36.10836523958713,0.25077372789382935,15.931029319763184,0.0,0.09999999403953552,uniform,blur,uniform same-energy,resnet18,1236,0
zurich_query_-E0qyEWY7jSPMOpGqiEG-A,zurich_database_I4oH_JsDyb1dsdtKtFBlCA,33,0.7068284153938293,toronto_database_1VHbDABUyjdB4MuDwo3eNQ,0.7831451296806335,-0.0763167142868042,toronto_database_1VHbDABUyjdB4MuDwo3eNQ,0,0,36.181600098516114,0.25076815485954285,15.664637565612793,0.0008029513992369175,0.10000000149011612,uniform,blur,uniform same-energy,resnet18,1236,0
amman_query_-XWB_1fOm8NW5dQx9p5IKg,amman_database__7mDw96zrfdEDXA5fBuvGA,687,0.788520336151123,amman_database_MouZWB1Ob24hWl5wCW952A,0.9279589653015137,-0.13943862915039062,amman_database_MouZWB1Ob24hWl5wCW952A,0,0,36.09738352579931,0.25076907873153687,15.97136402130127,0.0,0.10000001639127731,uniform,blur,uniform same-energy,resnet18,1236,0
boston_query_-9Lur-PAHqcMspWszAgfqw,boston_database_CqhaSgFClCjYa5JYXuJe1w,7,0.8804988861083984,zurich_database_dc10RRbQNpdUphjhxUxjXQ,0.9008438587188721,-0.020344972610473633,zurich_database_dc10RRbQNpdUphjhxUxjXQ,0,1,36.30489562286566,0.25077563524246216,15.226174354553223,0.0018880207790061831,0.09999999403953552,uniform,blur,uniform same-energy,resnet18,1236,0
cph_query_-4RqBOkDhigU8JsdQZINkQ,cph_database_XtStyqOnyclJ6DFytgpC0Q,5,0.8907226324081421,london_database_7hadEPdEI2MGW7SMcZDBUA,0.8923161029815674,-0.001593470573425293,london_database_7hadEPdEI2MGW7SMcZDBUA,1,1,36.2555957010572,0.2507794499397278,15.400002479553223,0.00146484375,0.09999999403953552,uniform,blur,uniform same-energy,resnet18,1236,0
london_query_-FGaYVNFN5ALUsVDNixL_g,london_database_XGVznFOyn5-hxW-YHG6JqQ,1,0.8603270649909973,zurich_database_4NRS_5YX0S3yJJSOofowlA,0.8523346781730652,0.007992386817932129,london_database_XGVznFOyn5-hxW-YHG6JqQ,1,1,36.1870335112022,0.2507772147655487,15.645051956176758,0.0,0.10000001639127731,uniform,blur,uniform same-energy,resnet18,1236,0
manila_query_-81llwEm_ZxNy7Sa7Xrjlw,manila_database_6NVQHVTmkpvn42q7KaKzJA,4,0.8430958390235901,manila_database_2pcMDZN9eETtWZGigjrLLw,0.8497761487960815,-0.006680309772491455,manila_database_2pcMDZN9eETtWZGigjrLLw,1,1,36.37747013624998,0.25076824426651,14.973845481872559,0.0009548611124046147,0.09999997913837433,uniform,blur,uniform same-energy,resnet18,1236,0
nairobi_query_0ByAmUG6wFySvLcHHQ0Sdg,nairobi_database_5fIX502GwN4iBedy_B8GeA,49,0.8135276436805725,nairobi_database_5nj9SryW0zrvMpEtOd9gjg,0.8542681336402893,-0.0407404899597168,nairobi_database_5nj9SryW0zrvMpEtOd9gjg,0,0,36.24128426560817,0.2507738769054413,15.450834274291992,0.003114149207249284,0.10000000149011612,uniform,blur,uniform same-energy,resnet18,1236,0
toronto_query_-6ZIqrL48IaL1dCCO7bDVQ,toronto_database_W6mVozbof69jHkgfFY-m0g,1,0.8986727595329285,toronto_database_3erLhthk-y29kkRtkoBrhQ,0.841711163520813,0.05696159601211548,toronto_database_W6mVozbof69jHkgfFY-m0g,1,1,36.09976710624999,0.25077131390571594,15.962600708007812,0.0,0.10000000149011612,uniform,blur,uniform same-energy,resnet18,1236,0
zurich_query_-F7hOUVha_xHAoDddsUYdw,zurich_database_4nCjiIEaw9okSbBCMVmg_w,1290,0.7157281041145325,toronto_database_hVExz7tZBsxQPaRmQofLqw,0.8501290082931519,-0.13440090417861938,toronto_database_hVExz7tZBsxQPaRmQofLqw,0,0,36.20552042764423,0.2507792115211487,15.578596115112305,0.0,0.09999998658895493,uniform,blur,uniform same-energy,resnet18,1236,0
amman_query_-iXxlTRmA5JphamcIjxBbA,amman_database_14WSqV1GkicoQPD9PrrhwQ,59,0.829175591468811,toronto_database_hVExz7tZBsxQPaRmQofLqw,0.8846709728240967,-0.055495381355285645,toronto_database_hVExz7tZBsxQPaRmQofLqw,0,0,36.09578327411829,0.2507770359516144,15.977250099182129,0.0,0.10000000149011612,uniform,blur,uniform same-energy,resnet18,1236,0
boston_query_-9gbUk-DmX9AOqntuN1nEm,boston_database_-VLBvmeJKrW60Io9zziTxS,61,0.8315550088882446,boston_database_2Cjk1OlRe0-8M6Pv0tLQ-g,0.8663193583488464,-0.03476434946060181,boston_database_2Cjk1OlRe0-8M6Pv0tLQ-g,0,0,36.258340614994744,0.25076672434806824,15.39027214050293,0.0,0.10000000149011612,uniform,blur,uniform same-energy,resnet18,1236,0
cph_query_-4XnD9qE623teR-nRYxB5A,cph_database_ow5xdWEyF-MVQ-BPjFMouA,1,0.8940074443817139,cph_database_-omj0-mF4wHLf3oeSKTIKw,0.8567919731140137,0.037215471267700195,cph_database_ow5xdWEyF-MVQ-BPjFMouA,1,1,37.05655293270131,0.25075581669807434,12.806341171264648,0.13293185830116272,0.09999999403953552,uniform,blur,uniform same-energy,resnet18,1236,0
london_query_-Flts9XBA2wVlru8_LHbkg,london_database_-QKK8oyA3lo4YfRSEG7GEA,666,0.7312530875205994,nairobi_database_1oH8UP6Fw5pq60tdS75mZA,0.8232603073120117,-0.09200721979141235,nairobi_database_1oH8UP6Fw5pq60tdS75mZA,0,0,36.22191966969562,0.2507738769054413,15.519881248474121,0.0,0.10000000894069672,uniform,blur,uniform same-energy,resnet18,1236,0
manila_query_-85J_HceaTP2S0IavwkQ-A,manila_database_8yqxt9j7zrVdyJ-Ft4Cc1Q,823,0.7557359933853149,manila_database__VL8SUncDox-4OH01nYE4Q,0.8569933176040649,-0.10125732421875,manila_database__VL8SUncDox-4OH01nYE4Q,0,0,36.177942849784166,0.2507639229297638,15.677834510803223,0.0,0.09999998658895493,uniform,blur,uniform same-energy,resnet18,1236,0
nairobi_query_0LJUobuUEqOqrZc4s2fVgg,nairobi_database_1oH8UP6Fw5pq60tdS75mZA,337,0.7646743059158325,boston_database_DU3FJGAh3PrB45a580xbGg,0.8598264455795288,-0.09515213966369629,boston_database_DU3FJGAh3PrB45a580xbGg,0,0,36.181497511914486,0.25077441334724426,15.665007591247559,0.0,0.10000000149011612,uniform,blur,uniform same-energy,resnet18,1236,0
toronto_query_-7C0G-8afrBbN3hImbBHsA,toronto_database_4QZV-ysKpbmwlccfG-g0Iw,195,0.7882422208786011,cph_database_-Vkhovp4zDi6VtaY19_seg,0.8578823804855347,-0.0696401596069336,cph_database_-Vkhovp4zDi6VtaY19_seg,0,0,36.103246124481736,0.2507684528827667,15.94981861114502,0.0,0.10000000894069672,uniform,blur,uniform same-energy,resnet18,1236,0
zurich_query_-Kb55YIF941j2DBFO5gVjA,zurich_database_JlQZqZETcsktpyAY5mc1pg,2,0.8478047847747803,cph_database_5lWKQzKGc2vUB9JJXTTNmw,0.8575716018676758,-0.009766817092895508,cph_database_5lWKQzKGc2vUB9JJXTTNmw,1,1,36.09763767056682,0.25077563524246216,15.970429420471191,0.0,0.09999999403953552,uniform,blur,uniform same-energy,resnet18,1236,0
amman_query_-qij8CFaEYNp4JW3rF9oqQ,amman_database_rdbcIZseJqbKkU9KsDdh-A,6,0.857459545135498,boston_database_7sEinu-9Cmc8M88D9wksJQ,0.8791130781173706,-0.02165353298187256,boston_database_7sEinu-9Cmc8M88D9wksJQ,0,1,36.147608742401594,0.25076916813850403,15.78772258758545,0.0,0.09999999403953552,uniform,blur,uniform same-energy,resnet18,1236,0
boston_query_-AJWNV55EAzvKArt5mMYqg,boston_database_N3OTKcW9hTAp9nLQb5vvXQ,20,0.8354229927062988,boston_database_57ckbe_BSJC6ORvOPDpD_A,0.8538038730621338,-0.01838088035583496,boston_database_57ckbe_BSJC6ORvOPDpD_A,0,0,36.15435087040454,0.2507770359516144,15.763232231140137,0.0002875434001907706,0.09999999403953552,uniform,blur,uniform same-energy,resnet18,1236,0
cph_query_-5qSxgAnKk-6Bf5AVVoPjA,cph_database_80uzfcVMY2L2qHA2dbhCWQ,7,0.8620020747184753,zurich_database_16Q8MrHPMTdCzbt3JQ77iw,0.8763985633850098,-0.014396488666534424,zurich_database_16Q8MrHPMTdCzbt3JQ77iw,0,1,36.111267069823384,0.25077539682388306,15.920388221740723,0.0,0.09999998658895493,uniform,blur,uniform same-energy,resnet18,1236,0
london_query_-HfvOD1d7XUGJoEMybpyqQ,london_database_917neVitvw508ZojGNEx3Q,715,0.7707282304763794,boston_database_3qV_NDshNzxy2JQxvbDkZQ,0.8863201141357422,-0.11559188365936279,boston_database_3qV_NDshNzxy2JQxvbDkZQ,0,0,36.175598101535584,0.25077885389328003,15.686301231384277,0.0007812500116415322,0.10000000149011612,uniform,blur,uniform same-energy,resnet18,1236,0
manila_query_-9tG6ERjH4jVcWo9jkVvBg,manila_database_qtxcmhtwgJidBJJam2iDkw,1,0.8215209245681763,manila_database_2E_tyRdD0eUpkGWRoElT1Q,0.809704601764679,0.011816322803497314,manila_database_qtxcmhtwgJidBJJam2iDkw,1,1,36.13409434663004,0.25076723098754883,15.83692741394043,1.627604251552839e-05,0.09999999403953552,uniform,blur,uniform same-energy,resnet18,1236,0
nairobi_query_0M1Vl3tUlt_2MiFp6vxhrg,nairobi_database_eLRKoMBh-dvLHfmS1Vahcw,54,0.8304045796394348,boston_database_291-InfICP_FLOb09Og4iA,0.8744691610336304,-0.04406458139419556,boston_database_291-InfICP_FLOb09Og4iA,0,0,36.11062245570227,0.25077298283576965,15.922751426696777,0.0,0.09999999403953552,uniform,blur,uniform same-energy,resnet18,1236,0
toronto_query_-7bDZLvVOVk7ethfd1yomg,toronto_database_8qOq6ZJGQFAHGlRgRSoFTQ,23,0.8634588718414307,toronto_database_0ccv5ZSPbvN3WBJN_1__MA,0.897011935710907,-0.03355306386947632,toronto_database_0ccv5ZSPbvN3WBJN_1__MA,0,0,36.166923404846976,0.25077250599861145,15.71766471862793,0.0,0.10000000149011612,uniform,blur,uniform same-energy,resnet18,1236,0
zurich_query_-Km53YFc8zewa3vS2OeGsQ,zurich_database_53bbXmgm_cz_armcB3lPKg,12,0.8740103244781494,cph_database_6fnBKZ5y6JLHZ30W5ZJgRg,0.8933348655700684,-0.019324541091918945,cph_database_6fnBKZ5y6JLHZ30W5ZJgRg,0,0,36.12493989866194,0.2507714629173279,15.870345115661621,0.0,0.10000000894069672,uniform,blur,uniform same-energy,resnet18,1236,0
amman_query_-t_-moqpBTWSiKU7mS-lgQ,amman_database_21axHEFcyX-1hI673vVgLQ,23,0.8163108825683594,amman_database_03BobRbPyEDe0jl1HDZCYw,0.8684841394424438,-0.05217325687408447,amman_database_03BobRbPyEDe0jl1HDZCYw,0,0,36.09598910624369,0.25077322125434875,15.976492881774902,0.0,0.09999999403953552,uniform,blur,uniform same-energy,resnet18,1236,0
boston_query_-Ae9_7GnntvqV8myNb9fhv,boston_database_z6clbBM962IhGWqflkuHCv,6,0.8617854714393616,boston_database_4KYD-Lea90k3MYU22xzDu7,0.8847389221191406,-0.022953450679779053,boston_database_4KYD-Lea90k3MYU22xzDu7,0,1,36.26222298983006,0.25076866149902344,15.376520156860352,0.00015733507461845875,0.10000000149011612,uniform,blur,uniform same-energy,resnet18,1236,0
cph_query_-8E-udXiyMJCRp_UkM4Kgw,cph_database_2IB57R6kVRS6CDyJNBJWpg,6,0.8191506862640381,cph_database_-WLoHKY0ip7EewEcN8uwqQ,0.8347270488739014,-0.015576362609863281,cph_database_-WLoHKY0ip7EewEcN8uwqQ,0,1,36.200128109694646,0.2507792115211487,15.59795093536377,9.765625145519152e-05,0.09999998658895493,uniform,blur,uniform same-energy,resnet18,1236,0
london_query_-Id3DdRqVbjIA39wjxbTgw,london_database_4yFURIl3HWyhu0J4BPas9w,2,0.8005082607269287,boston_database_4lu4yL8Z8y7SYip2jDb2FQ,0.8167536854743958,-0.01624542474746704,boston_database_4lu4yL8Z8y7SYip2jDb2FQ,1,1,36.17101711009032,0.25076600909233093,15.702856063842773,0.0010470920242369175,0.09999999403953552,uniform,blur,uniform same-energy,resnet18,1236,0
manila_query_-AXkFLZ0HchDGYvJ_KZ3dQ,manila_database_1oIli-5JQ1PBqvT2fhYquQ,31,0.848575234413147,manila_database_8utvedK3WjLqNtdaZaP_4A,0.8885462284088135,-0.039970993995666504,manila_database_8utvedK3WjLqNtdaZaP_4A,0,0,36.100357691416036,0.25077033042907715,15.960430145263672,0.0,0.10000000149011612,uniform,blur,uniform same-energy,resnet18,1236,0
nairobi_query_0Oa1jUYlj8LE47HApYWufA,nairobi_database_14U0pNV5S0iV1nTcO-rhkA,123,0.7864392995834351,nairobi_database_-IYoNK7nzPDI7EvCdWxXdA,0.8376938700675964,-0.05125457048416138,nairobi_database_-IYoNK7nzPDI7EvCdWxXdA,0,0,36.101818670848026,0.2507765591144562,15.955061912536621,0.0,0.10000000149011612,uniform,blur,uniform same-energy,resnet18,1236,0
toronto_query_-85n6JJLXmi04edt5JxhzQ,toronto_database_aOsux29CXeL89W7MaEgCLA,1129,0.7603359222412109,toronto_database_4DjfS6EeioqDL5k7mux0cw,0.8878358602523804,-0.12749993801116943,toronto_database_4DjfS6EeioqDL5k7mux0cw,0,0,36.13262351671271,0.25077512860298157,15.842291831970215,0.0,0.09999999403953552,uniform,blur,uniform same-energy,resnet18,1236,0
zurich_query_-M0Q1_7lg_TKGT2-mllw4w,zurich_database_HUPZFF-qV9-nO5bO_smWig,65,0.7928309440612793,boston_database_0LQAAPjr65htNGNw1Ae6tw,0.8555825352668762,-0.06275159120559692,boston_database_0LQAAPjr65htNGNw1Ae6tw,0,0,36.12003921537881,0.2507741451263428,15.888263702392578,0.0,0.10000000149011612,uniform,blur,uniform same-energy,resnet18,1236,0
amman_query_0-2jyV8XAzdAOYMkdyQVLw,amman_database_36lvaYDrOYq6NEmT7jTvCA,11,0.8513767719268799,amman_database_3R0Bf2kyDwfj1gZ5-JMKsw,0.8733440637588501,-0.021967291831970215,amman_database_3R0Bf2kyDwfj1gZ5-JMKsw,0,0,36.10141295254886,0.2507760524749756,15.956552505493164,0.0,0.10000000149011612,uniform,blur,uniform same-energy,resnet18,1236,0
boston_query_-BE36-GG_yM6YS57M_uMTQ,boston_database_Ald8XklVXJv2wFOcWoD7SA,429,0.7607274651527405,boston_database_4FDiXrluACXMwFexJ7QSmA,0.883564293384552,-0.12283682823181152,boston_database_4FDiXrluACXMwFexJ7QSmA,0,0,36.10353619014767,0.2507772147655487,15.948753356933594,0.0,0.10000001639127731,uniform,blur,uniform same-energy,resnet18,1236,0
cph_query_-9WYlFp61M1J1zV1mJD4uA,cph_database_UjpWUL98Q5DyuoCMWlk77w,93,0.8100165128707886,cph_database_-3eIUVWD-sqVQ4yuYuqU3Q,0.8627434968948364,-0.05272698402404785,cph_database_-3eIUVWD-sqVQ4yuYuqU3Q,0,0,36.2280069160019,0.2507712244987488,15.498143196105957,0.0,0.10000000149011612,uniform,blur,uniform same-energy,resnet18,1236,0
london_query_-OOGG8lTvgHHqp3iuULlyQ,london_database_-ciLkUT3ztPptCzyhLAG2w,1,0.8803443312644958,manila_database_5rjFma7r9oUAgRgPi5J3PA,0.8627123832702637,0.017631947994232178,london_database_-ciLkUT3ztPptCzyhLAG2w,1,1,36.11797355585531,0.25076907873153687,15.895822525024414,0.0006239149370230734,0.10000001639127731,uniform,blur,uniform same-energy,resnet18,1236,0
manila_query_-ColYSDtqqoE3TZ4eZHu8g,manila_database_-_5itq9kaN27LUOyoOLDuA,243,0.8055722713470459,toronto_database_7iysBerUISRHtFS0RUVgTg,0.8666276931762695,-0.06105542182922363,toronto_database_7iysBerUISRHtFS0RUVgTg,0,0,36.1037008376498,0.25077539682388306,15.948148727416992,0.0,0.09999998658895493,uniform,blur,uniform same-energy,resnet18,1236,0
nairobi_query_0R73ChZbcyJ8Z4vBaef_Jw,nairobi_database_ssLyvL_47h4IZogucHeChA,33,0.8239748477935791,manila_database_7jMO5NcoYo4Ka0s2PejP_Q,0.8592262268066406,-0.03525137901306152,manila_database_7jMO5NcoYo4Ka0s2PejP_Q,0,0,36.16162061502902,0.25077465176582336,15.736867904663086,0.0,0.10000000149011612,uniform,blur,uniform same-energy,resnet18,1236,0
toronto_query_-8BknWmZh2lEnEeect73Ww,toronto_database_zv6HYCz2L9iYghJLLris7g,1,0.8911302089691162,toronto_database_42gA4Bpu7l2AR00pT_h5Dw,0.8635398149490356,0.027590394020080566,toronto_database_zv6HYCz2L9iYghJLLris7g,1,1,36.13759286979723,0.25077489018440247,15.824174880981445,0.0,0.09999999403953552,uniform,blur,uniform same-energy,resnet18,1236,0
zurich_query_-TxHEY5xnZFgfnHO3ygjzw,zurich_database_yPFr1vukqyaoiyE5hzEgDA,1,0.9036933183670044,cph_database_3sP38oUsccv1DJUlTWqYFg,0.8805009126663208,0.023192405700683594,zurich_database_yPFr1vukqyaoiyE5hzEgDA,1,1,36.13856297144732,0.25077107548713684,15.820640563964844,4.340277882874943e-05,0.09999999403953552,uniform,blur,uniform same-energy,resnet18,1236,0
amman_query_051WRvR5gI1vde606oseFw,amman_database_21axHEFcyX-1hI673vVgLQ,29,0.820263147354126,amman_database_03BobRbPyEDe0jl1HDZCYw,0.8926879167556763,-0.07242476940155029,amman_database_03BobRbPyEDe0jl1HDZCYw,0,0,36.09596292302625,0.2507741451263428,15.97658920288086,0.0,0.10000000149011612,uniform,blur,uniform same-energy,resnet18,1236,0
boston_query_-CNeDzWqfei0F-1CmA8N9A,boston_database_76FUFcxeZzbF2Nt703437w,19,0.8568471670150757,cph_database_2XjBAvIVehCi1oTjgqkw9w,0.8863867521286011,-0.02953958511352539,cph_database_2XjBAvIVehCi1oTjgqkw9w,0,0,36.097247642249904,0.25077006220817566,15.971863746643066,0.0,0.10000000149011612,uniform,blur,uniform same-energy,resnet18,1236,0
cph_query_-9ZOGirqZl2EVYWN1WLERg,cph_database_Ql2MXoTNSGeDQGwctdxVdA,1,0.9301645755767822,zurich_database_4FlzweEjVGvnW3C9lZIYrw,0.8814843893051147,0.04868018627166748,cph_database_Ql2MXoTNSGeDQGwctdxVdA,1,1,36.096169282169015,0.2507752776145935,15.975830078125,0.0,0.10000000894069672,uniform,blur,uniform same-energy,resnet18,1236,0
london_query_-TmVvxY52h9CjrIUzBbCgw,london_database_3__T69hWP2YBl0b17CTSIg,71,0.7884985208511353,boston_database_5sVUsJEhNKx6MFsRdH1a_Q,0.836883008480072,-0.04838448762893677,boston_database_5sVUsJEhNKx6MFsRdH1a_Q,0,0,36.245874273915646,0.2507743537425995,15.434513092041016,0.0,0.10000000149011612,uniform,blur,uniform same-energy,resnet18,1236,0
manila_query_-ELxcda6ePiuO6nR3VP3-A,manila_database_UHmqVlwY_tIWS997TaZywA,2,0.860464334487915,manila_database_2pcMDZN9eETtWZGigjrLLw,0.8622472286224365,-0.0017828941345214844,manila_database_2pcMDZN9eETtWZGigjrLLw,1,1,36.40209909052893,0.2507696747779846,14.889168739318848,0.0039116754196584225,0.09999998658895493,uniform,blur,uniform same-energy,resnet18,1236,0
nairobi_query_0TzVtw0twyRTMFGP-VzE8A,nairobi_database_MjdWRTPZD74Zvf3gP0T3DA,26,0.8429974317550659,zurich_database_4-amN7nLphQF0Qv7LEKCqQ,0.8694875240325928,-0.026490092277526855,zurich_database_4-amN7nLphQF0Qv7LEKCqQ,0,0,36.20017351590207,0.2507767081260681,15.597787857055664,0.0011555989040061831,0.10000001639127731,uniform,blur,uniform same-energy,resnet18,1236,0
toronto_query_-8NbZpIbjwqAXwoRMmYddg,toronto_database_JZHiKl7CE7BzdlGbop_5MA,38,0.8323332071304321,toronto_database_2INWgVLU39mIgUVLP2xQbA,0.8649840354919434,-0.03265082836151123,toronto_database_2INWgVLU39mIgUVLP2xQbA,0,0,36.096445134327055,0.2507743537425995,15.974815368652344,0.0,0.10000000149011612,uniform,blur,uniform same-energy,resnet18,1236,0
zurich_query_-Vs9xzO47S-0Cfs9o81wvQ,zurich_database_b1fafYqxlKXQcwQsy8LFhQ,4,0.8579633831977844,manila_database_0dFbfxmCgeyDccswDEtWWg,0.8746389150619507,-0.01667553186416626,manila_database_0dFbfxmCgeyDccswDEtWWg,1,1,36.152567966955345,0.2507669925689697,15.769704818725586,0.0,0.10000000149011612,uniform,blur,uniform same-energy,resnet18,1236,0
amman_query_0CjrhmzpvqXBOIBsGB6LcQ,amman_database_69QG67OivV1EL8WHuc8YEg,1,0.8908394575119019,manila_database_0juhzfP3_ZmDsludDkLRBA,0.8687214851379395,0.022117972373962402,amman_database_69QG67OivV1EL8WHuc8YEg,1,1,36.12527761275851,0.2507767081260681,15.869111061096191,0.0,0.10000001639127731,uniform,blur,uniform same-energy,resnet18,1236,0
boston_query_-D-onyWSIw3M1SbsxL7X-g,boston_database_xJh2U6wTEJU5MkN6cNWmrg,101,0.8295430541038513,boston_database_2B76OnuT5TwwsBCC15rSDg,0.8999091386795044,-0.07036608457565308,boston_database_2B76OnuT5TwwsBCC15rSDg,0,0,36.213629336555265,0.25077536702156067,15.549535751342773,4.340277882874943e-05,0.09999998658895493,uniform,blur,uniform same-energy,resnet18,1236,0
cph_query_-AowxxrsOr_xM02-ZyrQ5A,cph_database_0nZJCIlWvN21hdTwFT-XOQ,2,0.8598082065582275,manila_database_UHmqVlwY_tIWS997TaZywA,0.8667794466018677,-0.006971240043640137,manila_database_UHmqVlwY_tIWS997TaZywA,1,1,36.1542560194767,0.2507763206958771,15.76357650756836,0.0,0.10000000149011612,uniform,blur,uniform same-energy,resnet18,1236,0
london_query_-UeH_UbGnPshWdeEEYfhyQ,london_database_TlgZJTCWCnxf-QDzfZ8pKw,71,0.7397162914276123,boston_database_0QoQ8ZS1gO0jR1VGgcTNQg,0.8047580718994141,-0.06504178047180176,boston_database_0QoQ8ZS1gO0jR1VGgcTNQg,0,0,36.122814520766184,0.25077372789382935,15.878113746643066,0.0,0.09999999403953552,uniform,blur,uniform same-energy,resnet18,1236,0
manila_query_-EVOy4h35ZUyBK4r6uBM5g,manila_database_ixGfNfahIcacMbnVzeZG9g,45,0.8036472797393799,manila_database_3ED-M6yl_Y4YZkenDNv49Q,0.8624399900436401,-0.058792710304260254,manila_database_3ED-M6yl_Y4YZkenDNv49Q,0,0,36.15168952507456,0.2507743835449219,15.772894859313965,0.0,0.10000000149011612,uniform,blur,uniform same-energy,resnet18,1236,0
nairobi_query_0YY7sOJF2Kr1PfPB1KidBg,nairobi_database_dM7fC2AkybfrCZcjVXnR5A,9,0.8166835904121399,london_database_JeQXfjTo6VURMPAXsqqrqw,0.8508117198944092,-0.03412812948226929,london_database_JeQXfjTo6VURMPAXsqqrqw,0,1,36.22305267083742,0.25077372789382935,15.515832901000977,0.0037760415580123663,0.09999999403953552,uniform,blur,uniform same-energy,resnet18,1236,0
toronto_query_-8Q-Otkctyr1cXAnmn2BEw,toronto_database_Ih3LD81JtUjroS3MjUuwZg,1,0.8535152673721313,manila_database_8I6-GjqLP1No2q7xAtS3OA,0.8493047952651978,0.004210472106933594,toronto_database_Ih3LD81JtUjroS3MjUuwZg,1,1,36.5104784425649,0.2507760226726532,14.52220344543457,0.04229600727558136,0.09999999403953552,uniform,blur,uniform same-energy,resnet18,1236,0
zurich_query_-ZAb7eYhYeo1yW06_paa_g,zurich_database_1_gNZOBhjuqXWwNw0QqCaA,1,0.8935747146606445,boston_database_2HqIYacSD0Jad_3YkpMl1g,0.8864471912384033,0.007127523422241211,zurich_database_1_gNZOBhjuqXWwNw0QqCaA,1,1,36.16018805580533,0.25076624751091003,15.742059707641602,0.0,0.10000000149011612,uniform,blur,uniform same-energy,resnet18,1236,0
amman_query_0IvHKlYEfFEP39KRxr9UZg,amman_database_fCzctNthLHl-2vsKbs98Bw,1,0.9044231176376343,amman_database_3R0Bf2kyDwfj1gZ5-JMKsw,0.8974695205688477,0.006953597068786621,amman_database_fCzctNthLHl-2vsKbs98Bw,1,1,36.10077213502269,0.2507793605327606,15.958907127380371,0.0,0.10000000894069672,uniform,blur,uniform same-energy,resnet18,1236,0
boston_query_-DYvemYiNwx_BmPSrlUWIA,boston_database_N3OTKcW9hTAp9nLQb5vvXQ,106,0.8255807161331177,boston_database_7wQKqB8f8mmOlzPVp_KeXg,0.8615216016769409,-0.03594088554382324,boston_database_7wQKqB8f8mmOlzPVp_KeXg,0,0,36.157496575316344,0.2507770359516144,15.751818656921387,0.0003417968691792339,0.10000000149011612,uniform,blur,uniform same-energy,resnet18,1236,0
cph_query_-BH_JCTriNnLeoSt0e51lQ,cph_database_6CANlvoIvwlMpdsIrbbUmA,870,0.6991247534751892,boston_database_4mzQ9KJnbqfpHrK-m5aFTg,0.8304217457771301,-0.13129699230194092,boston_database_4mzQ9KJnbqfpHrK-m5aFTg,0,0,36.16401049321676,0.2507777214050293,15.72821044921875,0.0,0.10000000894069672,uniform,blur,uniform same-energy,resnet18,1236,0
london_query_-WUdEGuLIX2B2T8rBV0Rgw,london_database_i6pnlFjTqfrLeUs37ARKsg,59,0.8119969367980957,boston_database_-SQ-U4LuFzg4MylsKWaf9g,0.8654353618621826,-0.053438425064086914,boston_database_-SQ-U4LuFzg4MylsKWaf9g,0,0,36.26732138500899,0.25077107548713684,15.358479499816895,0.0029296875,0.09999999403953552,uniform,blur,uniform same-energy,resnet18,1236,0
manila_query_-EthLwRJMwt-Shb-xpIYlA,manila_database_6RVJjUHylLXW8_yzLJi4gw,701,0.7603087425231934,manila_database_1etdiOKnehK8IRpiHKe2Pg,0.8466715812683105,-0.08636283874511719,manila_database_1etdiOKnehK8IRpiHKe2Pg,0,0,36.18093412199993,0.250765860080719,15.66703987121582,0.0,0.09999998658895493,uniform,blur,uniform same-energy,resnet18,1236,0
nairobi_query_0jIUlQnC_o05NHi_OMD_vg,nairobi_database_3xxeV1DoPMaR_eHJb0-MkQ,1,0.8710758686065674,zurich_database_4NRS_5YX0S3yJJSOofowlA,0.8709572553634644,0.00011861324310302734,nairobi_database_3xxeV1DoPMaR_eHJb0-MkQ,1,1,36.45214947399022,0.2507733702659607,14.718563079833984,0.00807834230363369,0.10000000894069672,uniform,blur,uniform same-energy,resnet18,1236,0
toronto_query_-8imnyri_5yPaHzqoBtiSg,toronto_database_5e1J0xEuBEPa9eXQ9e2W-g,95,0.8270302414894104,toronto_database_ECmQ64-04E7vfP5IE4lV4g,0.9106225967407227,-0.08359235525131226,toronto_database_ECmQ64-04E7vfP5IE4lV4g,0,0,36.111158326753625,0.2507757842540741,15.92078685760498,0.0,0.10000000894069672,uniform,blur,uniform same-energy,resnet18,1236,0
zurich_query_-_SB4ERKdFDYkwavdkk6NA,zurich_database_1_gNZOBhjuqXWwNw0QqCaA,4,0.8781272172927856,boston_database_43MOWRCtGVln5Lbuq6cYBw,0.8789249658584595,-0.0007977485656738281,boston_database_43MOWRCtGVln5Lbuq6cYBw,1,1,36.16635900404292,0.2507616877555847,15.719707489013672,0.0,0.10000000149011612,uniform,blur,uniform same-energy,resnet18,1236,0
amman_query_0NfGsYmI9MkLl0JzfO-tJg,amman_database_RybCghn6dxdppOd3XPQXhw,1893,0.6541205644607544,amman_database_5XoaP1Muw6iwIBg_kWYFaQ,0.8584259748458862,-0.20430541038513184,amman_database_5XoaP1Muw6iwIBg_kWYFaQ,0,0,36.0960088085708,0.2507748603820801,15.976420402526855,0.0,0.09999999403953552,uniform,blur,uniform same-energy,resnet18,1236,0
boston_query_-DZ2jmUKLylFospVHUJx9w,boston_database_N3OTKcW9hTAp9nLQb5vvXQ,30,0.8313702940940857,boston_database_08Ee0x4RX98medABwOiFEg,0.8712021112442017,-0.03983181715011597,boston_database_08Ee0x4RX98medABwOiFEg,0,0,36.15429411724588,0.2507767975330353,15.76343822479248,0.00045572916860692203,0.09999999403953552,uniform,blur,uniform same-energy,resnet18,1236,0
cph_query_-CmhgNHgZVau1Sw841AZJw,cph_database_-WLoHKY0ip7EewEcN8uwqQ,2,0.8716771006584167,boston_database_1StmGbzpFQ1HuzFV-V2_5A,0.8727580308914185,-0.001080930233001709,boston_database_1StmGbzpFQ1HuzFV-V2_5A,1,1,36.17644177986306,0.2507777214050293,15.68325424194336,0.0009060329757630825,0.10000000894069672,uniform,blur,uniform same-energy,resnet18,1236,0
london_query_-WZeEq0W1pr6VJS4t3dR0g,london_database_5_ziGZ9lgouSBDtEhw834Q,1,0.7861251831054688,cph_database_4omIq6XeHB0_VWSrQKcI6w,0.7789875268936157,0.007137656211853027,london_database_5_ziGZ9lgouSBDtEhw834Q,1,1,36.272879108237206,0.2507795989513397,15.338837623596191,0.0021158854942768812,0.10000000149011612,uniform,blur,uniform same-energy,resnet18,1236,0
manila_query_-GD9SrklFbEy7mNAK9uIXg,manila_database_3-gSfEXfZFJB6UNSXSK02g,28,0.8248064517974854,manila_database_4__xTySvhbOwYQ1_EJAhug,0.8531824350357056,-0.028375983238220215,manila_database_4__xTySvhbOwYQ1_EJAhug,0,0,36.12049021545124,0.2507722079753876,15.886613845825195,0.0,0.09999999403953552,uniform,blur,uniform same-energy,resnet18,1236,0
nairobi_query_0o5iaNnZzqS9cqJ1tMT85g,nairobi_database_NoG9ZUE9lu8WisRacbbNUw,163,0.7959103584289551,nairobi_database_n1PCtejzqVRzsDEOW3YjuA,0.8631303310394287,-0.06721997261047363,nairobi_database_n1PCtejzqVRzsDEOW3YjuA,0,0,36.09906089674632,0.2507769465446472,15.96519660949707,0.0,0.10000000149011612,uniform,blur,uniform same-energy,resnet18,1236,0
toronto_query_-8zrNMH6voa2ZtBaGNpoYQ,toronto_database_5KWZplgAeg8SoiyL3fb1CA,1,0.9121108651161194,zurich_database_2IFVvdawkgwfoEkc1UpdCw,0.9059184193611145,0.006192445755004883,toronto_database_5KWZplgAeg8SoiyL3fb1CA,1,1,36.10605540838007,0.25077539682388306,15.939504623413086,0.0,0.09999998658895493,uniform,blur,uniform same-energy,resnet18,1236,0
zurich_query_-bwmsEYfSnHpjkqrw0Vn6g,zurich_database_1_gNZOBhjuqXWwNw0QqCaA,1,0.8984414935112,amman_database_COxopER5Ds_Wn3viS4hFnQ,0.867640495300293,0.030800998210906982,zurich_database_1_gNZOBhjuqXWwNw0QqCaA,1,1,36.15169398905347,0.25076839327812195,15.772878646850586,0.0,0.09999999403953552,uniform,blur,uniform same-energy,resnet18,1236,0
amman_query_0PLHged3iWJuuv8xOPB5rA,amman_database_HrGES6C0zJzcc7fxoUh1wA,4,0.8381248712539673,amman_database_3ZbkOYTSJMb7R5Av7soq9A,0.842355489730835,-0.004230618476867676,amman_database_3ZbkOYTSJMb7R5Av7soq9A,1,1,36.12243970011038,0.25077390670776367,15.879484176635742,0.0,0.10000000894069672,uniform,blur,uniform same-energy,resnet18,1236,0
boston_query_-EHBZ4-3d6vENYYFm7mWEw,boston_database_4mzQ9KJnbqfpHrK-m5aFTg,2,0.8937088251113892,boston_database_-BzrVPIrGylZQ8H15WaRYg,0.8989928960800171,-0.00528407096862793,boston_database_-BzrVPIrGylZQ8H15WaRYg,1,1,36.23951676779269,0.2507772147655487,15.457123756408691,0.0017035590717568994,0.10000001639127731,uniform,blur,uniform same-energy,resnet18,1236,0
cph_query_-CrgHhqoywCPgzsSAabnsw,cph_database_L9eWYNDLPVUHOitjad3-fw,29,0.8346421718597412,zurich_database_4-amN7nLphQF0Qv7LEKCqQ,0.87147057056427,-0.03682839870452881,zurich_database_4-amN7nLphQF0Qv7LEKCqQ,0,0,36.11771352856363,0.2507767975330353,15.896774291992188,0.0,0.09999999403953552,uniform,blur,uniform same-energy,resnet18,1236,0
london_query_-WyzcGh-_EYVhI50Y9F08Q,london_database_0lYDTfjiFald7StHlzc7LA,124,0.7576181888580322,boston_database_0QoQ8ZS1gO0jR1VGgcTNQg,0.813440203666687,-0.055822014808654785,boston_database_0QoQ8ZS1gO0jR1VGgcTNQg,0,0,36.1461781743738,0.2507733702659607,15.792923927307129,0.0,0.10000000894069672,uniform,blur,uniform same-energy,resnet18,1236,0
manila_query_-GRDcYlSjwLZPQ0LqKatqA,manila_database_1iBFV1kM2kGBlSrYoFdpUg,249,0.7789701819419861,manila_database_0ngRAbovek9HaVT_tiAhZA,0.8835980296134949,-0.10462784767150879,manila_database_0ngRAbovek9HaVT_tiAhZA,0,0,36.09673759823132,0.2507776916027069,15.973739624023438,0.0,0.10000000149011612,uniform,blur,uniform same-energy,resnet18,1236,0
nairobi_query_0u9pYEI4g20T0TGGb3Q_mw,nairobi_database_aGKLyNG-tz3P1x2U4mUJ3A,192,0.7924625873565674,amman_database_5s3MIXJYUKdnuJfqu7y9IA,0.8508546352386475,-0.05839204788208008,amman_database_5s3MIXJYUKdnuJfqu7y9IA,0,0,36.10712583004368,0.2507672607898712,15.935576438903809,0.0,0.09999999403953552,uniform,blur,uniform same-energy,resnet18,1236,0
toronto_query_-90qYles5GKU3ikhCYP3xg,toronto_database_3z_-YNKqn9FaBhA2mLecZA,3,0.8361304402351379,amman_database_ONY-rsH_3nthK111PVrqsg,0.8497445583343506,-0.013614118099212646,amman_database_ONY-rsH_3nthK111PVrqsg,1,1,36.11001278769418,0.2507738769054413,15.924986839294434,0.0,0.10000000149011612,uniform,blur,uniform same-energy,resnet18,1236,0
zurich_query_-ckZ0rXdz4mibIinNjdoZQ,zurich_database_0CNUMCswDWSt1Tp69k2vzw,71,0.8325455784797668,boston_database_-mWT0mJb5wFO7JlmClY0gg,0.8870696425437927,-0.05452406406402588,boston_database_-mWT0mJb5wFO7JlmClY0gg,0,0,36.12215332449963,0.2507748603820801,15.880531311035156,0.0,0.09999999403953552,uniform,blur,uniform same-energy,resnet18,1236,0
amman_query_0R0A_PhOAjP-uMDPM7p7mA,amman_database_IceuJQN2uOI5xXzHFlNWHw,1,0.8837829828262329,cph_database_7nXNULfmHeGICC425Cmpmg,0.870855450630188,0.012927532196044922,amman_database_IceuJQN2uOI5xXzHFlNWHw,1,1,36.11730892787691,0.25077372789382935,15.898255348205566,0.0,0.09999999403953552,uniform,blur,uniform same-energy,resnet18,1236,0
boston_query_-F1y-kaybMQbp8p7UR03TA,boston_database_1TRosqyedrbYP4Uf-dFqhA,49,0.7850552797317505,boston_database_5DPaJ0eCRYZ5-n_thSbRmw,0.867181658744812,-0.08212637901306152,boston_database_5DPaJ0eCRYZ5-n_thSbRmw,0,0,36.18699274257661,0.25077196955680847,15.645198822021484,0.004421657882630825,0.10000000894069672,uniform,blur,uniform same-energy,resnet18,1236,0
cph_query_-EJZ9qR_FRIGfCF6DhQCJg,cph_database_-QWxOCFh2Cw3JbcqTX28OQ,1,0.8919826149940491,cph_database_7We2jHKYlziAQQ0G28eWfw,0.8729950189590454,0.018987596035003662,cph_database_-QWxOCFh2Cw3JbcqTX28OQ,1,1,36.11716095712963,0.25077372789382935,15.898797035217285,0.0,0.09999999403953552,uniform,blur,uniform same-energy,resnet18,1236,0
london_query_-XIh6yuegk86oURAbggPpw,london_database_1deRosoILxJD1tXLjblJGQ,8,0.8615750074386597,london_database_1xjEFtVi8VFN8Sb0jMBQPw,0.8754347562789917,-0.013859748840332031,london_database_1xjEFtVi8VFN8Sb0jMBQPw,0,1,36.118248190761435,0.2507641017436981,15.894817352294922,0.0,0.10000000894069672,uniform,blur,uniform same-energy,resnet18,1236,0
manila_query_-GYvqZ8BYSfzGUbFI13obA,manila_database_5epuq5tYovqXrYnobxqP_A,47,0.7930781841278076,manila_database_LlTZZ-urDXw016bTcDEGUQ,0.8592899441719055,-0.0662117600440979,manila_database_LlTZZ-urDXw016bTcDEGUQ,0,0,36.4833431852901,0.2507648766040802,14.613224029541016,0.00439453125,0.10000000149011612,uniform,blur,uniform same-energy,resnet18,1236,0
nairobi_query_16KxNH7RD-4ITdBTZKvAXw,nairobi_database_dM7fC2AkybfrCZcjVXnR5A,26,0.8134407997131348,nairobi_database_L7HQ20CuWeW1lZ721bPiYw,0.8572855591773987,-0.043844759464263916,nairobi_database_L7HQ20CuWeW1lZ721bPiYw,0,0,36.33590511983011,0.25077587366104126,15.117843627929688,0.005875651258975267,0.09999997913837433,uniform,blur,uniform same-energy,resnet18,1236,0
toronto_query_-95Ypw11XUgNqZdY5m4GCw,toronto_database_hVExz7tZBsxQPaRmQofLqw,187,0.8091292381286621,toronto_database_6DG0NOpP2eNtbw-xsmZZoQ,0.8931926488876343,-0.08406341075897217,toronto_database_6DG0NOpP2eNtbw-xsmZZoQ,0,0,36.310786030399896,0.25077539682388306,15.205536842346191,0.0,0.09999998658895493,uniform,blur,uniform same-energy,resnet18,1236,0
zurich_query_-fOHAPAq-KX4XPlg0JJPvg,zurich_database_vx286XWMLd3dewgXDtkHug,490,0.7877624034881592,cph_database_L9eWYNDLPVUHOitjad3-fw,0.8619967699050903,-0.07423436641693115,cph_database_L9eWYNDLPVUHOitjad3-fw,0,0,36.45463942275664,0.25076672434806824,14.710126876831055,0.0355902761220932,0.10000000149011612,uniform,blur,uniform same-energy,resnet18,1236,0
amman_query_0RRGZCCzxqj8dJzhN-RnQQ,amman_database_03BobRbPyEDe0jl1HDZCYw,404,0.7572940587997437,amman_database_GiotUCR1nlkHmoamgZzwvA,0.8523470163345337,-0.09505295753479004,amman_database_GiotUCR1nlkHmoamgZzwvA,0,0,36.13379229557752,0.25077247619628906,15.838028907775879,0.0,0.10000000149011612,uniform,blur,uniform same-energy,resnet18,1236,0
boston_query_-GJo3fVMwIWZoCYgf09NLQ,boston_database_TrnYf4ZaimSqB0wbH8H6TQ,224,0.7800333499908447,manila_database_4wD1mGLONGf00rZi4YuGqw,0.8435883522033691,-0.06355500221252441,manila_database_4wD1mGLONGf00rZi4YuGqw,0,0,36.40683198919314,0.25076887011528015,14.87295150756836,0.004199218936264515,0.09999999403953552,uniform,blur,uniform same-energy,resnet18,1236,0
cph_query_-Eb1W6216G9S88OFy95k4Q,cph_database_68e8QoWDyBwLyhV3l9WyrQ,1,0.8124846816062927,london_database_1E751fa5IFU6_Pkl6cWp-w,0.7816603183746338,0.030824363231658936,cph_database_68e8QoWDyBwLyhV3l9WyrQ,1,1,36.108384218195766,0.25077563524246216,15.930959701538086,0.0,0.09999999403953552,uniform,blur,uniform same-energy,resnet18,1236,0
london_query_-XZRTRoj7LEefbZ7UDBzXg,london_database_ogCqZhn7TrfEmF64Tg9z1Q,882,0.7742725610733032,boston_database_0nVucTiqCktiYWTPaBpNcw,0.8725535869598389,-0.09828102588653564,boston_database_0nVucTiqCktiYWTPaBpNcw,0,0,36.186573430353064,0.2507736384868622,15.646709442138672,0.0,0.10000000894069672,uniform,blur,uniform same-energy,resnet18,1236,0
manila_query_-HF88JWAO1GDy0F6B4ZeZg,manila_database_kXY2QOlj-Ec0ed2TK1cUAQ,17,0.8252920508384705,manila_database_4qIWqStmpzDvTYuTMvXJZw,0.8513563275337219,-0.026064276695251465,manila_database_4qIWqStmpzDvTYuTMvXJZw,0,0,36.104815099149704,0.2507726848125458,15.94405746459961,0.0,0.09999999403953552,uniform,blur,uniform same-energy,resnet18,1236,0
nairobi_query_183WoPTmmjfRAAmVLL6TDw,nairobi_database_2LeF9KuB512kTBv6IyAFcg,103,0.7994140386581421,boston_database_0ZuEuJjkajztnI_h9TmMdw,0.856820285320282,-0.05740624666213989,boston_database_0ZuEuJjkajztnI_h9TmMdw,0,0,36.10097145573782,0.2507767081260681,15.958174705505371,0.0,0.10000001639127731,uniform,blur,uniform same-energy,resnet18,1236,0
toronto_query_-9p2_cESNINnXfab4o-dKQ,toronto_database_3tXViWEI0hLzpPBjx96sJg,203,0.8066765069961548,amman_database_1B2fSTtZhYHVntYjZKQkVw,0.8844579458236694,-0.07778143882751465,amman_database_1B2fSTtZhYHVntYjZKQkVw,0,0,36.13906407481642,0.2507762610912323,15.818815231323242,0.0,0.10000000149011612,uniform,blur,uniform same-energy,resnet18,1236,0
zurich_query_-iln48QPRjkI40nJSzd6lg,zurich_database_NasE77S9sgnm7re_4N6NLQ,1,0.9106006622314453,zurich_database_6coxnyf3BEzk3VmKWC7GNA,0.8905068635940552,0.020093798637390137,zurich_database_NasE77S9sgnm7re_4N6NLQ,1,1,36.128839302452846,0.2507728934288025,15.856101989746094,0.0,0.10000001639127731,uniform,blur,uniform same-energy,resnet18,1236,0
amman_query_0fPb7in-cHyh0MAM_N6Zwg,amman_database_8r07G8v9DPBbTM53Lqo7uw,4,0.8850322961807251,cph_database_5F9c2L0ay4ro_4tXCyjfNg,0.8905502557754517,-0.0055179595947265625,cph_database_5F9c2L0ay4ro_4tXCyjfNg,1,1,36.09787082257125,0.25077489018440247,15.969572067260742,0.0,0.09999999403953552,uniform,blur,uniform same-energy,resnet18,1236,0
boston_query_-HufF4iDO00S4hZK96hUyw,boston_database_6jdzzSIJzD8Fu9L7YOsC9A,1,0.8743691444396973,zurich_database_4FlzweEjVGvnW3C9lZIYrw,0.868220329284668,0.006148815155029297,boston_database_6jdzzSIJzD8Fu9L7YOsC9A,1,1,36.120124979994294,0.2507752776145935,15.88794994354248,0.0,0.10000000894069672,uniform,blur,uniform same-energy,resnet18,1236,0
cph_query_-Efn_mUBXLqGWGzUw3Youw,cph_database_5uaDLiIMu4DnwKCA9ojhMw,6,0.845848560333252,toronto_database_2j1PywoBiilyvBDanvmevQ,0.8640207052230835,-0.018172144889831543,toronto_database_2j1PywoBiilyvBDanvmevQ,0,1,36.172089155171705,0.2507750391960144,15.698980331420898,0.0012152778217568994,0.10000000149011612,uniform,blur,uniform same-energy,resnet18,1236,0
london_query_-b5BCVv9Qd6OhZGxpoqS5A,london_database_0QHdIjniSOBq1t8_i9JWAg,2,0.8871284127235413,cph_database_bGaq-m6X5U6XoYAZtNWTUQ,0.8973034620285034,-0.010175049304962158,cph_database_bGaq-m6X5U6XoYAZtNWTUQ,1,1,36.38032724005027,0.2507712244987488,14.963997840881348,0.02801106683909893,0.10000000149011612,uniform,blur,uniform same-energy,resnet18,1236,0
manila_query_-KU1q5fdqSI_GghxKumbeg,manila_database_6UUAvbH1Pt-9nHu_FbEMRA,117,0.8095080852508545,manila_database_80f7_QcQsb6CovNesB-jzA,0.8534847497940063,-0.043976664543151855,manila_database_80f7_QcQsb6CovNesB-jzA,0,0,36.278546421933996,0.25076907873153687,15.31883430480957,0.0032931857276707888,0.10000001639127731,uniform,blur,uniform same-energy,resnet18,1236,0
nairobi_query_19K8RILgg4ErFKJ9l5D9zQ,nairobi_database_6TX4ZR0VfqHmNorJfDCQdA,109,0.7666419744491577,nairobi_database_L7HQ20CuWeW1lZ721bPiYw,0.8622862696647644,-0.09564429521560669,nairobi_database_L7HQ20CuWeW1lZ721bPiYw,0,0,36.19809116050998,0.25077298283576965,15.605268478393555,0.0032823351211845875,0.09999999403953552,uniform,blur,uniform same-energy,resnet18,1236,0
toronto_query_-Af6Q3npKjccLu7TwYvlsQ,toronto_database_yYY-DeUP22gC30oEG2c9_A,1,0.8786215782165527,manila_database_2t6CUEulrqnEMtvcaGVfrA,0.8427610397338867,0.035860538482666016,toronto_database_yYY-DeUP22gC30oEG2c9_A,1,1,36.17223821782715,0.25077441334724426,15.698441505432129,0.0,0.10000000149011612,uniform,blur,uniform same-energy,resnet18,1236,0
zurich_query_-ldtR3_I7eHdDGYU5BNczg,zurich_database_6Tpy6Xxof6fyaFeCZtbsEg,262,0.785753607749939,zurich_database_0VIPNNiH89sDerQWKlMkFQ,0.8381788730621338,-0.052425265312194824,zurich_database_0VIPNNiH89sDerQWKlMkFQ,0,0,36.09794032970641,0.2507728934288025,15.969316482543945,0.0,0.10000001639127731,uniform,blur,uniform same-energy,resnet18,1236,0
amman_query_0mtodUgJmOV4UK-0AiTGHg,amman_database_UX1YuIhPO2Xhxp7YP0Xf5w,5,0.8434694409370422,boston_database_-OKhxL3ozQnsPnzzoCpFag,0.8534924983978271,-0.010023057460784912,boston_database_-OKhxL3ozQnsPnzzoCpFag,1,1,36.127588553161544,0.2507745921611786,15.860669136047363,0.0,0.09999999403953552,uniform,blur,uniform same-energy,resnet18,1236,0
boston_query_-IYAXZ4yoOS7SzEIu2m-me,boston_database_4ZbdgBgOEO3l9iL-DzVnYA,23,0.6550754308700562,boston_database_5g8yJhnj8EfOWv5r3id1kw,0.7167693376541138,-0.06169390678405762,boston_database_5g8yJhnj8EfOWv5r3id1kw,0,0,36.12895632561588,0.25076577067375183,15.855674743652344,0.0,0.10000001639127731,uniform,blur,uniform same-energy,resnet18,1236,0
cph_query_-F5w8wQO0CU26PCfOqANzA,cph_database_2DoeyqFykZ0Nwt_gBPq6hQ,88,0.8313717842102051,cph_database_91artjOPa7CHWMvO0jRGBA,0.8684476613998413,-0.03707587718963623,cph_database_91artjOPa7CHWMvO0jRGBA,0,0,36.114536356369705,0.2507787048816681,15.908408164978027,0.0,0.09999999403953552,uniform,blur,uniform same-energy,resnet18,1236,0
london_query_-c-T7aulp9a5g-J9zYbYiQ,london_database_6MbCpJaLFsTGxLRixQ3Grg,424,0.7925961017608643,zurich_database_1RM5Mx-wajw1Nbo7PHHTwg,0.8788478374481201,-0.08625173568725586,zurich_database_1RM5Mx-wajw1Nbo7PHHTwg,0,0,36.22835006829864,0.25077247619628906,15.496918678283691,0.0017144096782431006,0.10000000149011612,uniform,blur,uniform same-energy,resnet18,1236,0
manila_query_-KoSUCrB2w1FscwO9vyRlw,manila_database_oo2Hf8Bz8vmfSX2BP81how,147,0.7775461673736572,manila_database_qtxcmhtwgJidBJJam2iDkw,0.8481331467628479,-0.07058697938919067,manila_database_qtxcmhtwgJidBJJam2iDkw,0,0,36.108926313471834,0.25076842308044434,15.928971290588379,0.0,0.10000000149011612,uniform,blur,uniform same-energy,resnet18,1236,0
nairobi_query_1J7o8IGEriKnTs-ay8aPNQ,nairobi_database_cX5HjnSllcBLRmqUIvPa5g,1,0.8660717606544495,nairobi_database_L7HQ20CuWeW1lZ721bPiYw,0.8533264398574829,0.012745320796966553,nairobi_database_cX5HjnSllcBLRmqUIvPa5g,1,1,36.20624017540529,0.2507738769054413,15.576014518737793,0.0028103298973292112,0.10000000149011612,uniform,blur,uniform same-energy,resnet18,1236,0
toronto_query_-AlgHQUWzDPe9bpb8ZAzSA,toronto_database_7iysBerUISRHtFS0RUVgTg,38,0.8340480327606201,manila_database_2Ek2Y4Mw82uYV9iRYA_kHA,0.8817087411880493,-0.0476607084274292,manila_database_2Ek2Y4Mw82uYV9iRYA_kHA,0,0,36.14701222166513,0.25077587366104126,15.789891242980957,0.0,0.09999997913837433,uniform,blur,uniform same-energy,resnet18,1236,0
zurich_query_-m5K41q4X0r8qu_XnaYlIg,zurich_database_y6v4y08NV3KIHLZv6Vcj6A,20,0.8699833154678345,manila_database_YAr_6aQgtNVbe7GhT70obQ,0.8885931372642517,-0.018609821796417236,manila_database_YAr_6aQgtNVbe7GhT70obQ,0,0,36.30984640498905,0.25077417492866516,15.208827018737793,0.0,0.10000000894069672,uniform,blur,uniform same-energy,resnet18,1236,0
amman_query_0rJM3ZzX3JzTTpl0GCia8w,amman_database_1yCFFO2hv_bRMTuOu7_MZQ,392,0.6517454385757446,amman_database_RybCghn6dxdppOd3XPQXhw,0.8663594722747803,-0.21461403369903564,amman_database_RybCghn6dxdppOd3XPQXhw,0,0,36.17183378184074,0.250778466463089,15.69990348815918,0.0,0.10000000149011612,uniform,blur,uniform same-energy,resnet18,1236,0
boston_query_-Jix8HM-vXTXdWrXQwVvQw,boston_database_-wqITAE6FndKbzHZNsIJeA,2,0.8957750797271729,boston_database_3Au55BZeH2nnxvZ9miF9cg,0.8993594646453857,-0.0035843849182128906,boston_database_3Au55BZeH2nnxvZ9miF9cg,1,1,36.255086886769035,0.2507769465446472,15.401806831359863,0.0020616319961845875,0.10000000149011612,uniform,blur,uniform same-energy,resnet18,1236,0
cph_query_-FLAkBWjfrY2RcqaQ-LgmQ,cph_database_mM7P8ptP9qs40DDOdxQu6Q,3,0.9214305877685547,cph_database_5i_SrA0XpJKR_sBDXaaAGQ,0.9310829639434814,-0.009652376174926758,cph_database_5i_SrA0XpJKR_sBDXaaAGQ,1,1,36.09799505439031,0.25077390670776367,15.969115257263184,0.0,0.10000000894069672,uniform,blur,uniform same-energy,resnet18,1236,0
london_query_-cAVonhAOLeSK7tfil0ceg,london_database_8pfnISpuJMiyPo4lVAKOXg,38,0.8293983936309814,london_database_1hOEd6DEV2g1FGFTXt7nKA,0.8628195524215698,-0.03342115879058838,london_database_1hOEd6DEV2g1FGFTXt7nKA,0,0,36.28240848308231,0.2507786750793457,15.305217742919922,0.02146809920668602,0.09999999403953552,uniform,blur,uniform same-energy,resnet18,1236,0
manila_query_-LBCdeO8C8kj5IjX1m3XTA,manila_database_-krzFiiOp_6LbfDayIsX1A,198,0.7936883568763733,manila_database_6pTorDOFr12ZBxCLKF-BZw,0.8619809150695801,-0.06829255819320679,manila_database_6pTorDOFr12ZBxCLKF-BZw,0,0,36.18952377018716,0.25077009201049805,15.636083602905273,0.0,0.10000000894069672,uniform,blur,uniform same-energy,resnet18,1236,0
nairobi_query_1YjlKCdHNgoQBY8yOFqlmw,nairobi_database_FuBkR1fbVVpCW5nvjIU89g,7,0.808305025100708,zurich_database_3CheeIU37UA57000lgsiQQ,0.8336868286132812,-0.025381803512573242,zurich_database_3CheeIU37UA57000lgsiQQ,0,1,36.305801256775446,0.25077348947525024,15.222999572753906,0.0,0.09999998658895493,uniform,blur,uniform same-energy,resnet18,1236,0
toronto_query_-B-3B3MjxX0UdrDIo-8kmA,toronto_database_-AzdCE_6bZoUqQg2nxvEXQ,8,0.8729236125946045,toronto_database_0Xd5A1HQH8R9fdiXX-PmOg,0.8820419311523438,-0.009118318557739258,toronto_database_0Xd5A1HQH8R9fdiXX-PmOg,0,1,36.184157614700155,0.25077489018440247,15.655415534973145,0.0019585504196584225,0.09999999403953552,uniform,blur,uniform same-energy,resnet18,1236,0
zurich_query_-nhCCSRwlsxqJsUbzqZvCQ,zurich_database_5hOStvk5qjU3iKb8wDonkw,1003,0.7215054035186768,boston_database_6eo_PB8XxYq0xLQ6q1SGuw,0.8145943284034729,-0.09308892488479614,boston_database_6eo_PB8XxYq0xLQ6q1SGuw,0,0,36.102552330683736,0.2507608234882355,15.952366828918457,0.0,0.10000000894069672,uniform,blur,uniform same-energy,resnet18,1236,0
amman_query_12LbsAl_T_jgw2JHgbR5ng,amman_database_48QNUOWeMH0KrknHieOl3Q,385,0.8083327412605286,amman_database_jeZSOjsaBEcvWjfubFGbzw,0.9263012409210205,-0.11796849966049194,amman_database_jeZSOjsaBEcvWjfubFGbzw,0,0,36.09783477266687,0.25077250599861145,15.969704627990723,0.0,0.10000000149011612,uniform,blur,uniform same-energy,resnet18,1236,0
boston_query_-Jv7RF27BSJIV-gqOI7KxZ,boston_database_P8zBjVDJ8gQGkj97FOP5Z-,33,0.8225271701812744,london_database_61IlcBTeZRkr7Jvb2-IVaQ,0.8521938323974609,-0.029666662216186523,london_database_61IlcBTeZRkr7Jvb2-IVaQ,0,0,36.90783811827686,0.25076624751091003,13.252461433410645,0.02491319365799427,0.10000000149011612,uniform,blur,uniform same-energy,resnet18,1236,0
cph_query_-GVbOpzggFXAot0UyKhx2g,cph_database_04Bz2mPV9xajFGZOxvcyAg,8,0.8937263488769531,cph_database_1r3p-PThKkp7dL6P7W7nrA,0.9245941638946533,-0.030867815017700195,cph_database_1r3p-PThKkp7dL6P7W7nrA,0,1,36.100839352835294,0.2507767975330353,15.958660125732422,0.0,0.09999999403953552,uniform,blur,uniform same-energy,resnet18,1236,0
london_query_-dHWRapn57-l_kynPnun3Q,london_database_8R0v__ddHErldoAh30NGAQ,10,0.8582292795181274,london_database_Au63mEM_QWbUdgTa-1C0Pw,0.8870719075202942,-0.028842628002166748,london_database_Au63mEM_QWbUdgTa-1C0Pw,0,1,36.123525386431915,0.25077274441719055,15.87551498413086,0.0004503038071561605,0.10000000149011612,uniform,blur,uniform same-energy,resnet18,1236,0
manila_query_-MH02w7P6jmmqnoUdL-55Q,manila_database_31P09aOdEXsPJyiA8d7DRA,19,0.8224880695343018,manila_database_U1FwUndEQdlXZ93Iz997UA,0.8545407652854919,-0.032052695751190186,manila_database_U1FwUndEQdlXZ93Iz997UA,0,0,36.200006232221995,0.2507763206958771,15.598388671875,0.00010308159835403785,0.10000000149011612,uniform,blur,uniform same-energy,resnet18,1236,0
nairobi_query_1Z__CFelPzXEI1IEu_8QJw,nairobi_database_n1PCtejzqVRzsDEOW3YjuA,415,0.8100411891937256,manila_database_7jMO5NcoYo4Ka0s2PejP_Q,0.8932188153266907,-0.08317762613296509,manila_database_7jMO5NcoYo4Ka0s2PejP_Q,0,0,36.19669534151365,0.2507741451263428,15.610284805297852,5.425347262644209e-05,0.10000000149011612,uniform,blur,uniform same-energy,resnet18,1236,0
toronto_query_-B136fRwqMBMXoc03yy-PQ,toronto_database_xjOMFXloX5yu5hsMzo21Ww,1,0.8853559494018555,zurich_database_EK_v4t0Y_zJRaqMlpuC4gA,0.8843662738800049,0.000989675521850586,toronto_database_xjOMFXloX5yu5hsMzo21Ww,1,1,36.20373234288988,0.250775545835495,15.58501148223877,0.0023220486473292112,0.10000000894069672,uniform,blur,uniform same-energy,resnet18,1236,0
zurich_query_-tYWpAACOq7RfVvZJ-BAcQ,zurich_database_5BKPtlTmM2nsMwLqUHa0Ig,250,0.7786669731140137,toronto_database_5gR2GvdWi8_efGPscwDy_A,0.8445056676864624,-0.06583869457244873,toronto_database_5gR2GvdWi8_efGPscwDy_A,0,0,36.09598755080062,0.25076907873153687,15.9764986038208,0.0,0.10000001639127731,uniform,blur,uniform same-energy,resnet18,1236,0
amman_query_1HafWFxuyylXLnDzCoapDA,amman_database_48QNUOWeMH0KrknHieOl3Q,175,0.825023889541626,amman_database_COxopER5Ds_Wn3viS4hFnQ,0.8884513974189758,-0.06342750787734985,amman_database_COxopER5Ds_Wn3viS4hFnQ,0,0,36.10115054074459,0.25077348947525024,15.95751667022705,0.0,0.09999998658895493,uniform,blur,uniform same-energy,resnet18,1236,0
boston_query_-Kg6j3FKy26wYRLBkE_dFQ,boston_database_08Ee0x4RX98medABwOiFEg,9,0.8650588989257812,toronto_database_1OKrJwSkMgWLOUyI6mfdmQ,0.8805416822433472,-0.015482783317565918,toronto_database_1OKrJwSkMgWLOUyI6mfdmQ,0,1,36.22636529139997,0.2507765293121338,15.504002571105957,0.0012966579524800181,0.10000000149011612,uniform,blur,uniform same-energy,resnet18,1236,0
cph_query_-G_OOR1_yAfdfgnlKYNKnQ,cph_database_527PbRnO33EZQAn_aXrATw,1,0.9112527370452881,cph_database_-Gsqo2oq6qH6iH8ucshhiA,0.8427324891090393,0.06852024793624878,cph_database_527PbRnO33EZQAn_aXrATw,1,1,36.126353044337435,0.2507767975330353,15.865181922912598,0.0,0.09999999403953552,uniform,blur,uniform same-energy,resnet18,1236,0
london_query_-dZ1k85FDVdFSbcG6_ECOA,london_database_Yz7eCBL40iYRogC_VrOciQ,9,0.8019807934761047,london_database_4xtgpNe3FmAQyzxnF9lLdA,0.830437183380127,-0.028456389904022217,london_database_4xtgpNe3FmAQyzxnF9lLdA,0,1,36.348482127644665,0.25076839327812195,15.074126243591309,0.0026529948227107525,0.09999999403953552,uniform,blur,uniform same-energy,resnet18,1236,0
manila_query_-MKMMHEd33H1_45AJ8B5AA,manila_database_UHmqVlwY_tIWS997TaZywA,5,0.845847487449646,manila_database_9-OqnhXHTkBDBXpCzh7y0Q,0.8496725559234619,-0.003825068473815918,manila_database_9-OqnhXHTkBDBXpCzh7y0Q,1,1,36.38479956019802,0.25077059864997864,14.948596000671387,0.0026692708488553762,0.10000000149011612,uniform,blur,uniform same-energy,resnet18,1236,0
nairobi_query_20W8wyVhxSIpj4ekTP7ezw,nairobi_database_8QrvtfnMMYvjycP4nESumw,137,0.7516834139823914,nairobi_database_5NmT9tDga_ogPbyZiowdeA,0.8361873030662537,-0.0845038890838623,nairobi_database_5NmT9tDga_ogPbyZiowdeA,0,0,36.10122762743403,0.2507794499397278,15.957233428955078,0.0,0.09999999403953552,uniform,blur,uniform same-energy,resnet18,1236,0
toronto_query_-BTAllhGXYkM_JsKwxUFMg,toronto_database_thqpfauTP254fUgBlCuy9Q,245,0.8188421130180359,toronto_database_4DjfS6EeioqDL5k7mux0cw,0.9308913946151733,-0.11204928159713745,toronto_database_4DjfS6EeioqDL5k7mux0cw,0,0,36.128798815262336,0.2507750391960144,15.856249809265137,0.0,0.10000000149011612,uniform,blur,uniform same-energy,resnet18,1236,0
zurich_query_-uQ-4tnYcOJ9WPXRG-ou3w,zurich_database_f1SDEHVOoXMPw3buE6no_A,356,0.8098184466362,london_database_7hadEPdEI2MGW7SMcZDBUA,0.8889418840408325,-0.07912343740463257,london_database_7hadEPdEI2MGW7SMcZDBUA,0,0,36.298076654943515,0.25077417492866516,15.250100135803223,0.010243055410683155,0.10000000894069672,uniform,blur,uniform same-energy,resnet18,1236,0
amman_query_1IWpn2b6V75KvNFoTU8UOQ,amman_database_UX1YuIhPO2Xhxp7YP0Xf5w,38,0.8339759111404419,boston_database_890bUQpWguhUny6KiFrBGQ,0.8711591958999634,-0.037183284759521484,boston_database_890bUQpWguhUny6KiFrBGQ,0,0,36.118242197594256,0.25077056884765625,15.8948392868042,0.0,0.10000000149011612,uniform,blur,uniform same-energy,resnet18,1236,0
boston_query_-LPTAIN0lPGriKBtXoH5Mg,boston_database_56C-uiBFbe1dAHezyJhDoA,1,0.9323447942733765,boston_database_6p1zONaTXLWQeJHQx0CIVw,0.9137648344039917,0.018579959869384766,boston_database_56C-uiBFbe1dAHezyJhDoA,1,1,36.12797922672109,0.25078150629997253,15.85924243927002,0.0,0.10000000894069672,uniform,blur,uniform same-energy,resnet18,1236,0
cph_query_-Gsj5kZ1V6uLXFxzeI7G2Q,cph_database_8dPByQ0w0nJ6JQ0Dt2phAg,225,0.8141016364097595,cph_database_2XjBAvIVehCi1oTjgqkw9w,0.86837238073349,-0.05427074432373047,cph_database_2XjBAvIVehCi1oTjgqkw9w,0,0,36.09671711474557,0.25077173113822937,15.973814964294434,0.0,0.10000000894069672,uniform,blur,uniform same-energy,resnet18,1236,0
london_query_-dp5VWHVq4LzwLgq7y7yhw,london_database_6A3rCfSXyE2THTGgLGEh9A,137,0.774527907371521,london_database_6QeCroSKkwmhf9sxqtSj7Q,0.8493833541870117,-0.07485544681549072,london_database_6QeCroSKkwmhf9sxqtSj7Q,0,0,36.10301761727774,0.2507776916027069,15.950657844543457,0.0,0.10000000894069672,uniform,blur,uniform same-energy,resnet18,1236,0
manila_query_-N4wDG2Fhm38ZVy0hGp8_A,manila_database_-Fetcixx23dnC3G5T1XYGQ,137,0.794573962688446,toronto_database_3kA21VsH9vnqPH6X0blOUQ,0.8511956930160522,-0.0566217303276062,toronto_database_3kA21VsH9vnqPH6X0blOUQ,0,0,36.10968510049484,0.2507696747779846,15.926188468933105,0.0,0.09999998658895493,uniform,blur,uniform same-energy,resnet18,1236,0
nairobi_query_2CNtCHy0TUbebdEFLYNrIQ,nairobi_database_3xxeV1DoPMaR_eHJb0-MkQ,12,0.8450734615325928,nairobi_database_5nj9SryW0zrvMpEtOd9gjg,0.8646013140678406,-0.019527852535247803,nairobi_database_5nj9SryW0zrvMpEtOd9gjg,0,0,36.41229856363215,0.25077348947525024,14.854242324829102,0.00933159701526165,0.09999998658895493,uniform,blur,uniform same-energy,resnet18,1236,0
toronto_query_-Cdr8zjFdZw7nzz8_rwM4w,toronto_database_vHFdoApurhBvoN12-Y0jCA,233,0.8183207511901855,cph_database_6fnBKZ5y6JLHZ30W5ZJgRg,0.8960624933242798,-0.07774174213409424,cph_database_6fnBKZ5y6JLHZ30W5ZJgRg,0,0,36.10197780168069,0.2507760226726532,15.954477310180664,0.0,0.09999999403953552,uniform,blur,uniform same-energy,resnet18,1236,0
zurich_query_0247N-PdpG4_iueC_9_G4g,zurich_database_5EBjYZoNQsB323r5P6H-HQ,1,0.8842976093292236,boston_database_5dFWcq_sUeeshzN0y_GXew,0.8755100965499878,0.00878751277923584,zurich_database_5EBjYZoNQsB323r5P6H-HQ,1,1,36.31102628031218,0.25077298283576965,15.204695701599121,6.510417006211355e-05,0.09999999403953552,uniform,blur,uniform same-energy,resnet18,1236,0
amman_query_1Nmy4JnYnb5zA_JmbkDWBQ,amman_database_q8IKz1dYe84bII8aKmSgZw,470,0.7741035223007202,amman_database_Ld8UF_WG7d620clwmhmA7w,0.8940474987030029,-0.11994397640228271,amman_database_Ld8UF_WG7d620clwmhmA7w,0,0,36.101225551006955,0.2507738769054413,15.95724105834961,0.0,0.10000000149011612,uniform,blur,uniform same-energy,resnet18,1236,0
boston_query_-Lu6tv4tCQMDsXtxLtxMzQ,boston_database_-1Ur0I4BTjRYsKJqfcfVZQ,356,0.7842596173286438,cph_database_4DAmgI9qwyw3BPfQFAwfGg,0.8625376224517822,-0.07827800512313843,cph_database_4DAmgI9qwyw3BPfQFAwfGg,0,0,36.16437706805395,0.2507738769054413,15.726882934570312,0.0,0.10000000149011612,uniform,blur,uniform same-energy,resnet18,1236,0
cph_query_-HqO0GfYTRx5TzfB_6mTqA,cph_database_2zrgvYQU7Kp-VSZ9JSJPmQ,101,0.7505773305892944,zurich_database_6EMiVMe4EZnSgZzFBWjwdQ,0.8261350393295288,-0.07555770874023438,zurich_database_6EMiVMe4EZnSgZzFBWjwdQ,0,0,36.11802723076184,0.25077390670776367,15.895626068115234,0.0,0.10000000894069672,uniform,blur,uniform same-energy,resnet18,1236,0
london_query_-izmF6OCR-aIZLVQbzDbLQ,london_database__ENYSZz7Q9KszYaFV1vSBA,7,0.8157999515533447,zurich_database_AnBHGSdcVBJF9G2F_FOMBw,0.8319881558418274,-0.016188204288482666,zurich_database_AnBHGSdcVBJF9G2F_FOMBw,0,1,36.12092066440269,0.2507738769054413,15.885039329528809,0.0,0.10000000149011612,uniform,blur,uniform same-energy,resnet18,1236,0
manila_query_-P2actpgy_mRkcbLVKBjkQ,manila_database_vyM8BiFdQvLSI9ftVjzpCA,59,0.8348603844642639,cph_database_4BdWO7YCXasxr90wTqDpDw,0.8723697662353516,-0.037509381771087646,cph_database_4BdWO7YCXasxr90wTqDpDw,0,0,36.13844909238112,0.2507781684398651,15.82105541229248,0.0,0.10000000149011612,uniform,blur,uniform same-energy,resnet18,1236,0
nairobi_query_2OfDNnR5st7y8-O2ibiklQ,nairobi_database_1oH8UP6Fw5pq60tdS75mZA,153,0.7815396785736084,boston_database_DU3FJGAh3PrB45a580xbGg,0.8476409912109375,-0.0661013126373291,boston_database_DU3FJGAh3PrB45a580xbGg,0,0,36.18480820990304,0.25077489018440247,15.653070449829102,0.0,0.09999999403953552,uniform,blur,uniform same-energy,resnet18,1236,0
toronto_query_-DB8UBv2Rg4kTi6HTqrhOw,toronto_database_7KaJgQquLLRB5zIONHZkmQ,90,0.8297784328460693,zurich_database_-2NILOmSyIWLRVVEe-aflQ,0.883770227432251,-0.05399179458618164,zurich_database_-2NILOmSyIWLRVVEe-aflQ,0,0,36.15089212199087,0.2507750391960144,15.77579116821289,0.0,0.10000000149011612,uniform,blur,uniform same-energy,resnet18,1236,0
zurich_query_046U_rtFmS-pAuZF-Zba0Q,zurich_database_5EBjYZoNQsB323r5P6H-HQ,8,0.864776611328125,boston_database_3dQbA6O_0evX3zu7Qc-pYw,0.8842518925666809,-0.019475281238555908,boston_database_3dQbA6O_0evX3zu7Qc-pYw,0,1,36.39854550225197,0.2507728934288025,14.90135669708252,0.0003417968691792339,0.10000001639127731,uniform,blur,uniform same-energy,resnet18,1236,0
amman_query_1Tf2dWuS4el8fREHH1_k0w,amman_database_3ZbkOYTSJMb7R5Av7soq9A,98,0.7744858860969543,amman_database_03BobRbPyEDe0jl1HDZCYw,0.8538581728935242,-0.07937228679656982,amman_database_03BobRbPyEDe0jl1HDZCYw,0,0,36.09918412488761,0.2507738769054413,15.964743614196777,0.0,0.10000000894069672,uniform,blur,uniform same-energy,resnet18,1236,0
boston_query_-N2T2kBE4uG56LTsyCQPJg,boston_database_DU3FJGAh3PrB45a580xbGg,233,0.8361316919326782,cph_database_2D0J2RQVRa8qy6ePe2g55A,0.8919131755828857,-0.05578148365020752,cph_database_2D0J2RQVRa8qy6ePe2g55A,0,0,36.189248563994994,0.25077489018440247,15.63707447052002,0.0,0.09999999403953552,uniform,blur,uniform same-energy,resnet18,1236,0
cph_query_-I7HyKa_KIzMp2uMsvqUAg,cph_database_LVEAoVNNWTNKEOBa1RORzw,7,0.8321851491928101,cph_database_0rRbZapy_jGPOpPctSIjfQ,0.8729117512702942,-0.04072660207748413,cph_database_0rRbZapy_jGPOpPctSIjfQ,0,1,36.09807779112225,0.2507782280445099,15.96881103515625,0.0,0.10000000149011612,uniform,blur,uniform same-energy,resnet18,1236,0
london_query_-kd8SHN5N5wLOpzEu10rfQ,london_database_38ZrIUVXQTS5sib9nRLudA,61,0.8180848360061646,cph_database_0GxLZOHP77ozyB6CMVyncA,0.8751044869422913,-0.05701965093612671,cph_database_0GxLZOHP77ozyB6CMVyncA,0,0,36.097043565593644,0.2507757842540741,15.972614288330078,0.0,0.10000000149011612,uniform,blur,uniform same-energy,resnet18,1236,0
manila_query_-PR9Q6-AlT31oRE_Ep_fnQ,manila_database_4TUkUeBbzT7zpYEOme51Yw,653,0.7669634819030762,toronto_database_fC-soM48OfYOsduoCag1MA,0.8661396503448486,-0.09917616844177246,toronto_database_fC-soM48OfYOsduoCag1MA,0,0,36.13448325195127,0.2507791817188263,15.835509300231934,0.0,0.09999998658895493,uniform,blur,uniform same-energy,resnet18,1236,0
nairobi_query_2QtumRO8ayl5p_Jb-rhTZQ,nairobi_database_wxcEU3WfT5kn7oD7HPwHkA,5,0.8188881874084473,nairobi_database_nyVKbHXQsaO_16tlW_NLag,0.8347648978233337,-0.015876710414886475,nairobi_database_nyVKbHXQsaO_16tlW_NLag,1,1,36.12441432787886,0.25077158212661743,15.872265815734863,0.0,0.09999998658895493,uniform,blur,uniform same-energy,resnet18,1236,0
toronto_query_-Dr7KE__egl6kS-yslctCg,toronto_database_JZHiKl7CE7BzdlGbop_5MA,58,0.8339567184448242,toronto_database_2t0xTT1EnuQR8PQInCMxyg,0.8788996934890747,-0.04494297504425049,toronto_database_2t0xTT1EnuQR8PQInCMxyg,0,0,36.09585585864095,0.25077441334724426,15.976983070373535,0.0,0.10000000149011612,uniform,blur,uniform same-energy,resnet18,1236,0
zurich_query_08U3p7js9TCivpCfLs0ZIw,zurich_database_gtNOuIAJb0GowBuaw7s_ng,25,0.8397330045700073,manila_database_5rjFma7r9oUAgRgPi5J3PA,0.8714157342910767,-0.031682729721069336,manila_database_5rjFma7r9oUAgRgPi5J3PA,0,0,36.594118631925625,0.2507655918598175,14.245198249816895,0.04353298619389534,0.09999999403953552,uniform,blur,uniform same-energy,resnet18,1236,0
amman_query_1TysYQA0N2AnJ5lzQWP07w,amman_database_dhvis9SvxQH-844ETKFegg,1,0.8867480754852295,amman_database_0ugNILZPtpQGFYzyHrZHow,0.8773006796836853,0.00944739580154419,amman_database_dhvis9SvxQH-844ETKFegg,1,1,36.12453932132242,0.2507741451263428,15.871809005737305,0.0,0.10000000149011612,uniform,blur,uniform same-energy,resnet18,1236,0
boston_query_-NRCmKPnLW6ukq5fovMufw,boston_database_4PSea1s0NN2bp469zyhxYA,182,0.8203020691871643,toronto_database_54RfgFEB0Y2p79jKww7EoA,0.8673667907714844,-0.04706472158432007,toronto_database_54RfgFEB0Y2p79jKww7EoA,0,0,36.164642801486096,0.25077563524246216,15.725920677185059,0.0,0.09999999403953552,uniform,blur,uniform same-energy,resnet18,1236,0
cph_query_-I8EyCiw4PS74_uGuMqUYQ,cph_database_-7ziE0jZDqPSFBV6BtizCg,2,0.8777823448181152,manila_database_LcTVwHyLKiNSNAfAcMEKHg,0.8825761079788208,-0.004793763160705566,manila_database_LcTVwHyLKiNSNAfAcMEKHg,1,1,36.157506304040844,0.2507741451263428,15.75178337097168,0.0,0.10000000149011612,uniform,blur,uniform same-energy,resnet18,1236,0
london_query_-qvarKx0xtSTs0tnxDE0oQ,london_database_Kz3Cq-q4WwlxQ_Rjgk305g,106,0.7253460884094238,manila_database_0rK0sGyVSA4u4PVc2Jv4-g,0.7900470495223999,-0.06470096111297607,manila_database_0rK0sGyVSA4u4PVc2Jv4-g,0,0,36.103880814378755,0.250775545835495,15.947487831115723,0.0,0.10000000894069672,uniform,blur,uniform same-energy,resnet18,1236,0
manila_query_-Qc1bZWefrpkNPZ60zZS5Q,manila_database_8eni-U_LFx5yc4OWmmBxDw,3,0.824889063835144,nairobi_database_wBWiV1DS-7JT710m9NBw5g,0.8334690928459167,-0.008580029010772705,nairobi_database_wBWiV1DS-7JT710m9NBw5g,1,1,36.23798971442645,0.2507686913013458,15.462559700012207,0.0,0.10000000149011612,uniform,blur,uniform same-energy,resnet18,1236,0
nairobi_query_2RQpcoZ0MfOmswdfhpjw4g,nairobi_database_a9xNzoydjr-je93NA7mygg,58,0.8130183219909668,boston_database_3ao-DEd7AMSSjNH2xSoM6g,0.8495734930038452,-0.03655517101287842,boston_database_3ao-DEd7AMSSjNH2xSoM6g,0,0,36.27840447994531,0.25077441334724426,15.319334983825684,0.0,0.10000000149011612,uniform,blur,uniform same-energy,resnet18,1236,0
toronto_query_-EilBTWhr8vjdDW-B7MU8A,toronto_database_WF69D5s_qIEzvnQmXGAMuw,165,0.8211032748222351,toronto_database_-AzdCE_6bZoUqQg2nxvEXQ,0.9122036695480347,-0.09110039472579956,toronto_database_-AzdCE_6bZoUqQg2nxvEXQ,0,0,36.56870158118102,0.2507724463939667,14.328812599182129,0.02047526091337204,0.10000000149011612,uniform,blur,uniform same-energy,resnet18,1236,0
zurich_query_0AlvsX9XlPHoz4joTTL7hQ,zurich_database_hutV0_YJEx993tFEXdcBQw,58,0.8151357173919678,manila_database_6RVJjUHylLXW8_yzLJi4gw,0.8568614721298218,-0.041725754737854004,manila_database_6RVJjUHylLXW8_yzLJi4gw,0,0,36.12304928921856,0.2507722079753876,15.8772554397583,0.0,0.09999999403953552,uniform,blur,uniform same-energy,resnet18,1236,0
amman_query_1VTBGOTuAwvnyE1o4Pbm0Q,amman_database_21axHEFcyX-1hI673vVgLQ,18,0.8435743451118469,amman_database_03BobRbPyEDe0jl1HDZCYw,0.9043633937835693,-0.06078904867172241,amman_database_03BobRbPyEDe0jl1HDZCYw,0,0,36.09586104329613,0.2507750391960144,15.976963996887207,0.0,0.10000000149011612,uniform,blur,uniform same-energy,resnet18,1236,0
boston_query_-NSEL0mtEJlIM-oR5yFnFg,boston_database_Xt_8fOeVI9H7U0BbA0ZiIA,3,0.8986834287643433,boston_database_3yupn7WRtc81bu6cfHDrMQ,0.914710521697998,-0.016027092933654785,boston_database_3yupn7WRtc81bu6cfHDrMQ,1,1,36.115227119995595,0.25078508257865906,15.905878067016602,0.0,0.09999999403953552,uniform,blur,uniform same-energy,resnet18,1236,0
cph_query_-IKk5Ns9ayTUN3tqBrl3Ow,cph_database_7xSO7Kjqq0aE2v_7ZVCC0w,23,0.8262782096862793,cph_database_8M4dy-WkofHkWJjNyZ__XA,0.8675673007965088,-0.04128909111022949,cph_database_8M4dy-WkofHkWJjNyZ__XA,0,0,36.37811327720271,0.25077298283576965,14.971628189086914,0.0013292101211845875,0.09999999403953552,uniform,blur,uniform same-energy,resnet18,1236,0
london_query_-rtMM_qyd5EBLnADEBIUTA,london_database_2kohiXqR0ErQiG1NcteuFw,1,0.8701361417770386,nairobi_database_5fIX502GwN4iBedy_B8GeA,0.8417899012565613,0.028346240520477295,london_database_2kohiXqR0ErQiG1NcteuFw,1,1,36.12489788197526,0.2507672607898712,15.870498657226562,0.0006944444612599909,0.09999999403953552,uniform,blur,uniform same-energy,resnet18,1236,0
manila_query_-QdSFqylfs0aHx31jOvTVg,manila_database_CHw2m63dDHzsLNk1VOjr4Q,2,0.8627055287361145,toronto_database_5ey9E_udkLByc3LTBLFD3A,0.8639061450958252,-0.0012006163597106934,toronto_database_5ey9E_udkLByc3LTBLFD3A,1,1,36.1003893507096,0.2507760226726532,15.96031379699707,0.0,0.09999999403953552,uniform,blur,uniform same-energy,resnet18,1236,0
nairobi_query_2Xgp5FmRFbMXgBspWoEFNg,nairobi_database_6TX4ZR0VfqHmNorJfDCQdA,58,0.7880321741104126,nairobi_database_L7HQ20CuWeW1lZ721bPiYw,0.8300113677978516,-0.041979193687438965,nairobi_database_L7HQ20CuWeW1lZ721bPiYw,0,0,36.20699514801417,0.25077247619628906,15.573307037353516,0.0032063801772892475,0.10000000149011612,uniform,blur,uniform same-energy,resnet18,1236,0
toronto_query_-FOgEN8RNyKr0s933N-a0w,toronto_database_4HoCVRjKpsVKjy6DqpvCWg,56,0.8167524337768555,boston_database_0CdqJE7HgNLG75XJTNjPMA,0.864344596862793,-0.0475921630859375,boston_database_0CdqJE7HgNLG75XJTNjPMA,0,0,36.13012777585359,0.2507757842540741,15.851398468017578,0.0,0.10000000149011612,uniform,blur,uniform same-energy,resnet18,1236,0
zurich_query_0F0ESDULqwk5km1KbyUEZw,zurich_database_0ovLGU2wBNPYJPZxMDzD7A,1,0.8805301785469055,boston_database_4-6GGfB8D4dopYQHTwjWMw,0.8755993843078613,0.0049307942390441895,zurich_database_0ovLGU2wBNPYJPZxMDzD7A,1,1,36.21761322659397,0.2507726848125458,15.5352783203125,1.0850694707187358e-05,0.09999999403953552,uniform,blur,uniform same-energy,resnet18,1236,0
amman_query_1_jzc52w72UKyKztvVoygQ,amman_database_83JeviUS_J6DBsBA1i9tuA,34,0.8206008672714233,amman_database_03BobRbPyEDe0jl1HDZCYw,0.8704403638839722,-0.04983949661254883,amman_database_03BobRbPyEDe0jl1HDZCYw,0,0,36.09590977935739,0.2507738769054413,15.976784706115723,0.0,0.10000000149011612,uniform,blur,uniform same-energy,resnet18,1236,0
boston_query_-NUm2lI2JYWeHZ6lrL2eZA,boston_database_1k4pbpEWBwA9ojuy58J9oA,473,0.7987925410270691,boston_database_890bUQpWguhUny6KiFrBGQ,0.8859677314758301,-0.08717519044876099,boston_database_890bUQpWguhUny6KiFrBGQ,0,0,36.15560067886157,0.2507752776145935,15.758696556091309,0.0,0.10000000894069672,uniform,blur,uniform same-energy,resnet18,1236,0
cph_query_-JMzfm4NuuBt61JuZ2sggw,cph_database_02uitRS0uuOS0_5CDZMWgA,12,0.8799079656600952,cph_database_3mtls1Tx1EJYOo-2EOJ7Dw,0.9043266773223877,-0.02441871166229248,cph_database_3mtls1Tx1EJYOo-2EOJ7Dw,0,0,36.61296267349357,0.25077131390571594,14.18352222442627,0.0042480467818677425,0.09999999403953552,uniform,blur,uniform same-energy,resnet18,1236,0
london_query_-u8BrzndSdD1lHKeeOwN1A,london_database_0lYDTfjiFald7StHlzc7LA,4,0.7690751552581787,london_database_-QKK8oyA3lo4YfRSEG7GEA,0.8318866491317749,-0.06281149387359619,london_database_-QKK8oyA3lo4YfRSEG7GEA,1,1,36.11404015751341,0.25077322125434875,15.910225868225098,0.0,0.10000000149011612,uniform,blur,uniform same-energy,resnet18,1236,0
manila_query_-QvNwUfMuYwx4zaJzG9hHA,manila_database_1ULE4xvSijSoRfTvGRP7sw,4,0.8382000923156738,manila_database_1dnSzIXjYwmrU2skXfu44w,0.8425873517990112,-0.004387259483337402,manila_database_1dnSzIXjYwmrU2skXfu44w,1,1,36.16606181405273,0.25076204538345337,15.720783233642578,0.0,0.09999998658895493,uniform,blur,uniform same-energy,resnet18,1236,0
nairobi_query_2hMXkBjbWEdGXSh4zxGVeg,nairobi_database_sdOwr6EP_lMNed-ifk5ajw,2,0.8488560318946838,zurich_database_-PR5mh0jiifZqsBmHPzeMg,0.8498107194900513,-0.0009546875953674316,zurich_database_-PR5mh0jiifZqsBmHPzeMg,1,1,36.11967193258144,0.25077205896377563,15.889607429504395,0.0,0.09999997913837433,uniform,blur,uniform same-energy,resnet18,1236,0
toronto_query_-FRsj6TVpdbM-sdJNwZZbw,toronto_database_0Xd5A1HQH8R9fdiXX-PmOg,8,0.8286346197128296,london_database_6QeCroSKkwmhf9sxqtSj7Q,0.8465690612792969,-0.017934441566467285,london_database_6QeCroSKkwmhf9sxqtSj7Q,0,1,36.32660029627927,0.25077587366104126,15.1502685546875,0.000591362826526165,0.09999997913837433,uniform,blur,uniform same-energy,resnet18,1236,0
zurich_query_0FEApLaNMLno1PTABlbYyQ,zurich_database_2fkYXNWl6R0rCSGjN50rTw,12,0.8610203862190247,zurich_database_5EBjYZoNQsB323r5P6H-HQ,0.8867019414901733,-0.02568155527114868,zurich_database_5EBjYZoNQsB323r5P6H-HQ,0,0,36.170049753251206,0.2507712244987488,15.706354141235352,0.0,0.10000000149011612,uniform,blur,uniform same-energy,resnet18,1236,0
amman_query_1jA0_v7p_4KHVbia4DG7Bw,amman_database_y0_g5xBV2w8LvSAsmmcGkA,2,0.8753523826599121,amman_database_4HweOdtWyPL5-ObJ3UA8_Q,0.8782029151916504,-0.0028505325317382812,amman_database_4HweOdtWyPL5-ObJ3UA8_Q,1,1,36.10106307366651,0.25077104568481445,15.95783805847168,0.0,0.09999999403953552,uniform,blur,uniform same-energy,resnet18,1236,0
boston_query_-O6nZhSO0Cgq4iaZ522K2g,boston_database_3P1WaxWwRrQiD9YZuzzi2g,4,0.8733028769493103,cph_database_4BdWO7YCXasxr90wTqDpDw,0.8753597736358643,-0.002056896686553955,cph_database_4BdWO7YCXasxr90wTqDpDw,1,1,36.12663578087481,0.2507696747779846,15.86414909362793,0.0,0.09999998658895493,uniform,blur,uniform same-energy,resnet18,1236,0
cph_query_-MUw194v9r5C1394mci6-A,cph_database_19tTTG0Ar7aoezd6JSsYqw,10,0.7834136486053467,toronto_database_54RfgFEB0Y2p79jKww7EoA,0.8092746734619141,-0.025861024856567383,toronto_database_54RfgFEB0Y2p79jKww7EoA,0,1,36.19920203286204,0.25077441334724426,15.601277351379395,0.009488931857049465,0.10000000149011612,uniform,blur,uniform same-energy,resnet18,1236,0
london_query_-vkja3p0MzaoZlQOooT-YQ,london_database_TlgZJTCWCnxf-QDzfZ8pKw,15,0.7481186985969543,zurich_database_A7Y3Ah31a1X_Bh7UZS5KIA,0.7834947109222412,-0.035376012325286865,zurich_database_A7Y3Ah31a1X_Bh7UZS5KIA,0,0,36.116515728131176,0.2507743537425995,15.901159286499023,0.0,0.10000000149011612,uniform,blur,uniform same-energy,resnet18,1236,0
manila_query_-RZzhLSoiUGq-PShtIhzxw,manila_database_6-Ge4mVQgHummzC1udZtig,106,0.8283169269561768,manila_database_4SNN_Q1-Ov_UDR1inHM2mg,0.8716167211532593,-0.04329979419708252,manila_database_4SNN_Q1-Ov_UDR1inHM2mg,0,0,36.11318430866896,0.250765860080719,15.913361549377441,0.0,0.09999998658895493,uniform,blur,uniform same-energy,resnet18,1236,0
nairobi_query_2wqDKqSdeRPYg6X996gZ0w,nairobi_database_nyVKbHXQsaO_16tlW_NLag,19,0.8130450248718262,toronto_database_2-TSX-JXY2BGHtXb-ZXXGA,0.8478056192398071,-0.03476059436798096,toronto_database_2-TSX-JXY2BGHtXb-ZXXGA,0,0,36.098673853407334,0.25076696276664734,15.966619491577148,0.0,0.09999999403953552,uniform,blur,uniform same-energy,resnet18,1236,0
toronto_query_-FohtR51AFcyGSLgiTdXzw,toronto_database_NwuTd3bjEH301IgdZTgweg,1,0.9023564457893372,zurich_database_0xDpDYmaqAvDwfmwyFRFZw,0.8360415101051331,0.0663149356842041,toronto_database_NwuTd3bjEH301IgdZTgweg,1,1,36.5015368881858,0.25076940655708313,14.552133560180664,0.04571397602558136,0.10000000149011612,uniform,blur,uniform same-energy,resnet18,1236,0
zurich_query_0I7IdNKcKWGXL-wmkUdx2A,zurich_database_2qMg3M2xPeakuUyMVtxqhw,9,0.8611584901809692,zurich_database_NasE77S9sgnm7re_4N6NLQ,0.8881478905677795,-0.026989400386810303,zurich_database_NasE77S9sgnm7re_4N6NLQ,0,1,36.17571031846687,0.25077173113822937,15.685895919799805,0.0007758246501907706,0.09999999403953552,uniform,blur,uniform same-energy,resnet18,1236,0
amman_query_1n6vx0uExn56MfvA6toRJw,amman_database_2_NNnfq-ucbh4wN64ndIOg,39,0.814542829990387,amman_database_7UkylzqcXiAtWBdc7gRXug,0.8487573862075806,-0.034214556217193604,amman_database_7UkylzqcXiAtWBdc7gRXug,0,0,36.104985250482244,0.25077104568481445,15.943432807922363,0.0,0.09999999403953552,uniform,blur,uniform same-energy,resnet18,1236,0
boston_query_-OEJzVyBJiypLsHkeOqxKn,boston_database_0ZuEuJjkajztnI_h9TmMdw,93,0.6546381115913391,boston_database_5g8yJhnj8EfOWv5r3id1kw,0.7277827858924866,-0.07314467430114746,boston_database_5g8yJhnj8EfOWv5r3id1kw,0,0,36.13019309794627,0.2507677674293518,15.851160049438477,0.00012478299322538078,0.09999998658895493,uniform,blur,uniform same-energy,resnet18,1236,0
cph_query_-Mwdj8AXbTR5wrPmQKRbhQ,cph_database_zVHbyrE_K3-IKJ0ipgM0MQ,1,0.8774142265319824,cph_database_69H9kg83Vh8F1njiXS19Cg,0.863842248916626,0.013571977615356445,cph_database_zVHbyrE_K3-IKJ0ipgM0MQ,1,1,36.09583071315112,0.250776082277298,15.977075576782227,0.0,0.10000000894069672,uniform,blur,uniform same-energy,resnet18,1236,0
london_query_-wX-mY4F2ewX9tlr1_JTbw,london_database_pm0TyAnWqr0mweZ2H9ysqA,189,0.7812566757202148,toronto_database_54RfgFEB0Y2p79jKww7EoA,0.8399081230163574,-0.05865144729614258,toronto_database_54RfgFEB0Y2p79jKww7EoA,0,0,36.13039717049305,0.25077182054519653,15.850415229797363,0.0,0.09999999403953552,uniform,blur,uniform same-energy,resnet18,1236,0
manila_query_-SSrBkppXcUPQnmvRyEZaA,manila_database_4I4RRfd3mvWDSghhGRZrrw,1003,0.7207106351852417,boston_database_JS8N7enRfmX_RvSbYxuZ-w,0.8326079845428467,-0.11189734935760498,boston_database_JS8N7enRfmX_RvSbYxuZ-w,0,0,36.161793532993315,0.25076887011528015,15.736241340637207,0.0,0.09999999403953552,uniform,blur,uniform same-energy,resnet18,1236,0
nairobi_query_32eRlu6tx-Q_LzhBd8iTQA,nairobi_database_-IYoNK7nzPDI7EvCdWxXdA,2,0.8325218558311462,toronto_database_2-TSX-JXY2BGHtXb-ZXXGA,0.8388542532920837,-0.0063323974609375,toronto_database_2-TSX-JXY2BGHtXb-ZXXGA,1,1,36.10026011996298,0.25076955556869507,15.96078872680664,0.0,0.10000000894069672,uniform,blur,uniform same-energy,resnet18,1236,0
toronto_query_-HBbI6fcMz-R3CyduFEoDg,toronto_database_CWhhGABh_1Ay7enNEWa18A,191,0.8089730739593506,boston_database_6pdbP0sKU8JHAPzlRapTnA,0.8832060098648071,-0.07423293590545654,boston_database_6pdbP0sKU8JHAPzlRapTnA,0,0,36.1092843674566,0.2507748603820801,15.927658081054688,0.0,0.09999999403953552,uniform,blur,uniform same-energy,resnet18,1236,0
zurich_query_0IZVsW_UPLzI_vUm51hEMQ,zurich_database_-xoGjs74KfYOoct0Gs2DIA,1,0.8986001014709473,amman_database_05LOmHGrixSS8Fy53PaSlA,0.8691427111625671,0.029457390308380127,zurich_database_-xoGjs74KfYOoct0Gs2DIA,1,1,36.156172094622804,0.25077083706855774,15.756623268127441,0.0,0.10000000149011612,uniform,blur,uniform same-energy,resnet18,1236,0
amman_query_1qMrYvXqBvZDS0XUd5cEtg,amman_database_0_6NexYlb_kdiKi7TvESPg,7,0.8425331115722656,amman_database_43JYR1VNKPHOGXpiIZiDDQ,0.8627973794937134,-0.020264267921447754,amman_database_43JYR1VNKPHOGXpiIZiDDQ,0,1,36.09797482433204,0.2507667541503906,15.969189643859863,0.0,0.10000000149011612,uniform,blur,uniform same-energy,resnet18,1236,0
boston_query_-OlQhKn0bS9eZTkeJL6ovw,boston_database_38Y_41BXumwMqYfKhvv7fg,1,0.9302380084991455,cph_database_-KAefx5jXE6aiSh55lkTQA,0.8938255310058594,0.03641247749328613,boston_database_38Y_41BXumwMqYfKhvv7fg,1,1,36.20086767925105,0.2507748603820801,15.595294952392578,0.0,0.09999999403953552,uniform,blur,uniform same-energy,resnet18,1236,0
cph_query_-N9mbKdWcHyUUsU1379EgA,cph_database_2XEdU3NtFhDPOpPhkEUJ9A,1,0.9029096364974976,cph_database_m8v7yRzg-Ahnt8itIkwjQA,0.8829275369644165,0.019982099533081055,cph_database_2XEdU3NtFhDPOpPhkEUJ9A,1,1,36.690650469330414,0.25077173113822937,13.932059288024902,1.0850694707187358e-05,0.10000000894069672,uniform,blur,uniform same-energy,resnet18,1236,0
london_query_02vfV_A3zc1S9Akd07xuEA,london_database_5WNMf83lEkdk5BdkSRSDtg,45,0.7973666787147522,manila_database_1ULE4xvSijSoRfTvGRP7sw,0.8556524515151978,-0.05828577280044556,manila_database_1ULE4xvSijSoRfTvGRP7sw,0,0,36.26020409870681,0.2507648169994354,15.38366985321045,0.0019476996967568994,0.10000000149011612,uniform,blur,uniform same-energy,resnet18,1236,0
manila_query_-Tmeby1UCsrkKNvVnN7L5g,manila_database_2WJfamXG-nhtpE-tmM8Stg,555,0.7788347005844116,manila_database_-z7DfYZSWWxPbr9oCG6mHg,0.8855728507041931,-0.1067381501197815,manila_database_-z7DfYZSWWxPbr9oCG6mHg,0,0,36.3031229878625,0.2507665157318115,15.232390403747559,0.012331814505159855,0.10000000149011612,uniform,blur,uniform same-energy,resnet18,1236,0
nairobi_query_37RDt83nGFaZl6CPpzqlTw,nairobi_database_oirj6l2hFO_qSK3Qd_kv3A,6,0.8510203957557678,zurich_database_dc10RRbQNpdUphjhxUxjXQ,0.8659891486167908,-0.01496875286102295,zurich_database_dc10RRbQNpdUphjhxUxjXQ,0,1,36.304377192329625,0.2507767975330353,15.227992057800293,0.0015842013526707888,0.09999999403953552,uniform,blur,uniform same-energy,resnet18,1236,0
toronto_query_-IlXU6r8OSJejg6wnFTYMQ,toronto_database_5aWw0U2TNn5AVHibAzaoZA,489,0.7529497146606445,amman_database_-XjCytxzIY7TdmXBiTWapg,0.8419405817985535,-0.08899086713790894,amman_database_-XjCytxzIY7TdmXBiTWapg,0,0,36.103706031678875,0.25076931715011597,15.948129653930664,0.0,0.10000000149011612,uniform,blur,uniform same-energy,resnet18,1236,0
zurich_query_0Ky7pgdILHyYlzjahHNGZg,zurich_database_STP8AxkRaxj1ZtlqTW7Tng,1013,0.7522200345993042,zurich_database_b1fafYqxlKXQcwQsy8LFhQ,0.8633502721786499,-0.1111302375793457,zurich_database_b1fafYqxlKXQcwQsy8LFhQ,0,0,36.2260046660073,0.25077274441719055,15.505290031433105,0.0,0.10000000149011612,uniform,blur,uniform same-energy,resnet18,1236,0
amman_query_1rZerb0T7z_1E7yKfEBCtA,amman_database_151zMheq8vPIGSfBTFm2Kg,1,0.8880833387374878,amman_database_4HweOdtWyPL5-ObJ3UA8_Q,0.8719395399093628,0.016143798828125,amman_database_151zMheq8vPIGSfBTFm2Kg,1,1,36.11851241948245,0.2507724463939667,15.893850326538086,0.0,0.10000000149011612,uniform,blur,uniform same-energy,resnet18,1236,0
boston_query_-Phryua7d1FHhpGGfaEGcg,boston_database_78u2Kg0sOFDh-cEtTGxV4g,84,0.8147813081741333,toronto_database_65TgH2dRYqdjE8DO_lI1nA,0.8623480796813965,-0.047566771507263184,toronto_database_65TgH2dRYqdjE8DO_lI1nA,0,0,36.1571768542274,0.2507748603820801,15.752978324890137,0.0,0.09999999403953552,uniform,blur,uniform same-energy,resnet18,1236,0
cph_query_-PRZAb6qxjSdDqzgOekgbg,cph_database_SOFbS68m4Uymr1Fx8T7pfA,1,0.9288029670715332,cph_database_66FG2WBZ0uryfVrfciCf3g,0.9162653684616089,0.012537598609924316,cph_database_SOFbS68m4Uymr1Fx8T7pfA,1,1,36.11764630961196,0.25077158212661743,15.89702033996582,0.0,0.09999998658895493,uniform,blur,uniform same-energy,resnet18,1236,0
london_query_039iugtZTFguj-7UQyc-wg,london_database_6EyMYAlUTVXirk-_riGtMw,4,0.8611975908279419,toronto_database_56iBHZd-TMgGB2qH3GyhWQ,0.871103823184967,-0.009906232357025146,toronto_database_56iBHZd-TMgGB2qH3GyhWQ,1,1,36.7854527347711,0.25077322125434875,13.631231307983398,0.10540364682674408,0.10000000149011612,uniform,blur,uniform same-energy,resnet18,1236,0
manila_query_-TrGJy3CeaXApOffGndlqg,manila_database_RVGHJ_kwPSkBRuD7ASZs2w,51,0.8344746828079224,manila_database_1ULE4xvSijSoRfTvGRP7sw,0.881587028503418,-0.047112345695495605,manila_database_1ULE4xvSijSoRfTvGRP7sw,0,0,36.23086520794809,0.25076907873153687,15.487946510314941,0.0,0.10000001639127731,uniform,blur,uniform same-energy,resnet18,1236,0
nairobi_query_38y5DGnb1BCdL2r_1MWELg,nairobi_database_1oH8UP6Fw5pq60tdS75mZA,270,0.7990431189537048,boston_database_DU3FJGAh3PrB45a580xbGg,0.8771867156028748,-0.07814359664916992,boston_database_DU3FJGAh3PrB45a580xbGg,0,0,36.23546669873463,0.2507738769054413,15.471545219421387,0.0028971354477107525,0.10000000149011612,uniform,blur,uniform same-energy,resnet18,1236,0
toronto_query_-Iyv6ydukEfueu-CphPhwg,toronto_database_QvBYzxBwTHFji7ov5NaBZg,7,0.874365508556366,toronto_database_-C42seTAv_ysnP57NggKvQ,0.8915873765945435,-0.01722186803817749,toronto_database_-C42seTAv_ysnP57NggKvQ,0,1,36.46931478240906,0.2507726848125458,14.660503387451172,0.02428928017616272,0.09999999403953552,uniform,blur,uniform same-energy,resnet18,1236,0
zurich_query_0PrObi7NiUNPMe7_RDu2Ng,zurich_database_0-4m0jPfiQAHj2iyda31pw,276,0.8108156323432922,cph_database_6fnBKZ5y6JLHZ30W5ZJgRg,0.8692753314971924,-0.058459699153900146,cph_database_6fnBKZ5y6JLHZ30W5ZJgRg,0,0,36.10380134321523,0.25077390670776367,15.947779655456543,0.0,0.10000000894069672,uniform,blur,uniform same-energy,resnet18,1236,0
amman_query_1uJbVMOMqlPVx4GYc2BgOA,amman_database_0hac8mu5ycMC2Hk2ZSugEA,124,0.7980451583862305,amman_database_ugi1L8kfJhi2W7D5xbEYlA,0.8675668239593506,-0.06952166557312012,amman_database_ugi1L8kfJhi2W7D5xbEYlA,0,0,36.09592014880269,0.25077489018440247,15.976746559143066,0.0,0.09999999403953552,uniform,blur,uniform same-energy,resnet18,1236,0
boston_query_-Ptt76cqL8Ath-qW7aRUQw,boston_database_6LGScMRZz-HV2PfqGJRsKw,1,0.8991712927818298,boston_database_3yupn7WRtc81bu6cfHDrMQ,0.8828634023666382,0.01630789041519165,boston_database_6LGScMRZz-HV2PfqGJRsKw,1,1,36.09962154816571,0.25078412890434265,15.963135719299316,0.0,0.09999999403953552,uniform,blur,uniform same-energy,resnet18,1236,0
cph_query_-Q4-mvnV6y-0yK62OXn-1w,cph_database_3nTmZLQw_NQgtG0vffYnPQ,715,0.7796847820281982,boston_database_8Nk7Pm6_AQpeJxvHfnUbhA,0.865408182144165,-0.0857234001159668,boston_database_8Nk7Pm6_AQpeJxvHfnUbhA,0,0,36.128257629191424,0.2507806122303009,15.85822582244873,0.0,0.09999999403953552,uniform,blur,uniform same-energy,resnet18,1236,0
london_query_03BhnvDRczArNBQm0Qu0tQ,london_database_-Qdmap1phq90_n3jeXQWuQ,3,0.8784120082855225,boston_database_2jaLppu9UUtqnB_R7_iffQ,0.8878204226493835,-0.009408414363861084,boston_database_2jaLppu9UUtqnB_R7_iffQ,1,1,36.176438610811516,0.2507767081260681,15.683265686035156,0.0011555989040061831,0.10000001639127731,uniform,blur,uniform same-energy,resnet18,1236,0
manila_query_-Tvw2ZcjPmZrmxcJ3PNHwQ,manila_database_5rjFma7r9oUAgRgPi5J3PA,1,0.8623373508453369,manila_database_X5Z3xQtFj8uK9BxW3gEhjA,0.8602147102355957,0.002122640609741211,manila_database_5rjFma7r9oUAgRgPi5J3PA,1,1,36.119592171934315,0.2507662773132324,15.889899253845215,0.0,0.10000000894069672,uniform,blur,uniform same-energy,resnet18,1236,0
nairobi_query_3BfqchD1dC_R_VKSm6NXMQ,nairobi_database_NoG9ZUE9lu8WisRacbbNUw,49,0.8086168766021729,manila_database_1lps6iSJzg_GiR-u1309yA,0.8485958576202393,-0.039978981018066406,manila_database_1lps6iSJzg_GiR-u1309yA,0,0,36.09771443558436,0.2507767975330353,15.970147132873535,0.0,0.09999999403953552,uniform,blur,uniform same-energy,resnet18,1236,0
toronto_query_-J6MOLqIZtzsA-CH6ie5Cg,toronto_database_1WdiWBos0oqn5_fQPeL4zw,39,0.8267282843589783,toronto_database_4u5iuDYlmff6eOykSBG4Aw,0.8785797357559204,-0.05185145139694214,toronto_database_4u5iuDYlmff6eOykSBG4Aw,0,0,36.186443462371614,0.2507776916027069,15.647177696228027,0.0004177517257630825,0.10000000894069672,uniform,blur,uniform same-energy,resnet18,1236,0
zurich_query_0Spj-pWISRRStxENII8G4A,zurich_database_0uWVHZUW5HQ32MHmFTyCdA,109,0.8023282885551453,zurich_database_YGIjEJvmaiwIZgeDxBD4qg,0.8590430021286011,-0.05671471357345581,zurich_database_YGIjEJvmaiwIZgeDxBD4qg,0,0,36.139741467875865,0.25077348947525024,15.8163480758667,0.0,0.09999998658895493,uniform,blur,uniform same-energy,resnet18,1236,0
amman_query_23YO5CD18Cg_wG_ZhqhbQQ,amman_database_7UkylzqcXiAtWBdc7gRXug,149,0.7098508477210999,zurich_database_3CheeIU37UA57000lgsiQQ,0.8414132595062256,-0.13156241178512573,zurich_database_3CheeIU37UA57000lgsiQQ,0,0,36.095912630952384,0.2507738769054413,15.976774215698242,0.0,0.10000000149011612,uniform,blur,uniform same-energy,resnet18,1236,0
boston_query_-RyJCN_Rrfvr2l9jqadkcQ,boston_database_0-UUkPasBJ3e3InjW6isBg,1,0.839239239692688,manila_database_3ED-M6yl_Y4YZkenDNv49Q,0.8158631324768066,0.023376107215881348,boston_database_0-UUkPasBJ3e3InjW6isBg,1,1,36.317161785261796,0.2507776916027069,15.18323040008545,0.0,0.10000000149011612,uniform,blur,uniform same-energy,resnet18,1236,0
cph_query_-Q7samX2RjJwU9xiKFxpug,cph_database_t-GBg6pL3mp0VntecXrZmQ,1,0.8683133125305176,manila_database_U1FwUndEQdlXZ93Iz997UA,0.866999089717865,0.0013142228126525879,cph_database_t-GBg6pL3mp0VntecXrZmQ,1,1,36.11793603592622,0.2507736384868622,15.895959854125977,0.0,0.09999999403953552,uniform,blur,uniform same-energy,resnet18,1236,0
london_query_03VxrSUHoB-y1D50kXwi8g,london_database_7NuzdrMI9lHNaBHwtbChxQ,1,0.8401230573654175,manila_database_-dbGwwBuXxUQWhflFrCkIQ,0.7940603494644165,0.04606270790100098,london_database_7NuzdrMI9lHNaBHwtbChxQ,1,1,36.109849461142346,0.2507757842540741,15.925585746765137,0.0,0.10000000894069672,uniform,blur,uniform same-energy,resnet18,1236,0
manila_query_-WlvwRIHM8K9xtN_z0FAGg,manila_database_-dbGwwBuXxUQWhflFrCkIQ,8,0.8315898180007935,toronto_database_5k9XfaxWOnn2DZPGHMVN3A,0.8394775986671448,-0.007887780666351318,toronto_database_5k9XfaxWOnn2DZPGHMVN3A,0,1,36.10947731800918,0.2507777214050293,15.926950454711914,0.0,0.10000000894069672,uniform,blur,uniform same-energy,resnet18,1236,0
nairobi_query_3Rln3I-knaHBGe7xAH2I_Q,nairobi_database_Pm8keKa59VPFXAWTxtKK7g,49,0.8299762010574341,amman_database_4HweOdtWyPL5-ObJ3UA8_Q,0.8740720152854919,-0.04409581422805786,amman_database_4HweOdtWyPL5-ObJ3UA8_Q,0,0,36.10123463538274,0.2507745921611786,15.957207679748535,0.0,0.09999999403953552,uniform,blur,uniform same-energy,resnet18,1236,0
toronto_query_-JY9Ip12RNDaK_geCga4LA,toronto_database_2t0xTT1EnuQR8PQInCMxyg,49,0.8234716057777405,zurich_database_0frF5uO4t4sUzdQYxRNhyg,0.8608869910240173,-0.037415385246276855,zurich_database_0frF5uO4t4sUzdQYxRNhyg,0,0,36.127759337947595,0.25076815485954285,15.860045433044434,0.0,0.10000000894069672,uniform,blur,uniform same-energy,resnet18,1236,0
zurich_query_0UfO0g5oR-GfH12twjOIuw,zurich_database_8Yl1_ujecMFymI-XO98zrA,102,0.8211730718612671,toronto_database_3sAms8su7qnbuj7AAY56UA,0.8570932149887085,-0.035920143127441406,toronto_database_3sAms8su7qnbuj7AAY56UA,0,0,36.09580427165906,0.2507748603820801,15.9771728515625,0.0,0.09999999403953552,uniform,blur,uniform same-energy,resnet18,1236,0
amman_query_27ZYHE_-tdmKbq7gUW9ECA,amman_database_0ugNILZPtpQGFYzyHrZHow,1,0.8724567890167236,amman_database_3ZbkOYTSJMb7R5Av7soq9A,0.8640754818916321,0.008381307125091553,amman_database_0ugNILZPtpQGFYzyHrZHow,1,1,36.10184281267094,0.2507760226726532,15.954973220825195,0.0,0.09999999403953552,uniform,blur,uniform same-energy,resnet18,1236,0
boston_query_-TMAMMmIqQ4AQA3YI-YOHg,boston_database_2jaLppu9UUtqnB_R7_iffQ,47,0.8523271083831787,boston_database_5dFWcq_sUeeshzN0y_GXew,0.8958543539047241,-0.04352724552154541,boston_database_5dFWcq_sUeeshzN0y_GXew,0,0,36.103317535448724,0.2507763206958771,15.949556350708008,0.0,0.10000000149011612,uniform,blur,uniform same-energy,resnet18,1236,0
cph_query_-R9cTkYMNbXlglFeWCXtMg,cph_database_6CANlvoIvwlMpdsIrbbUmA,557,0.7238751649856567,boston_database_4mzQ9KJnbqfpHrK-m5aFTg,0.8216729760169983,-0.09779781103134155,boston_database_4mzQ9KJnbqfpHrK-m5aFTg,0,0,36.14186964591889,0.25077587366104126,15.808599472045898,0.0,0.09999997913837433,uniform,blur,uniform same-energy,resnet18,1236,0
london_query_06tRsqVA7nx5PgabbPdu4w,london_database_8oJp9gkV9I-ecdzy_xlL5Q,14,0.8410223722457886,zurich_database_8zRWksEUpiBcg5wZdt3FJA,0.8637095093727112,-0.022687137126922607,zurich_database_8zRWksEUpiBcg5wZdt3FJA,0,0,36.19885374313826,0.25077155232429504,15.60252857208252,0.0,0.09999998658895493,uniform,blur,uniform same-energy,resnet18,1236,0
manila_query_-WuLHZxOTWuUgVSb36RTng,manila_database_5IS43ayf3Halnpn2M1fz9g,164,0.816538393497467,manila_database_U1FwUndEQdlXZ93Iz997UA,0.8677937388420105,-0.05125534534454346,manila_database_U1FwUndEQdlXZ93Iz997UA,0,0,36.1199216502234,0.25077489018440247,15.888693809509277,0.0,0.09999999403953552,uniform,blur,uniform same-energy,resnet18,1236,0
nairobi_query_3Thql5xEy0LYu4bdux1icw,nairobi_database_XdvgQAdvS4ZnbRq1lFmPvA,67,0.803354024887085,amman_database_29z1w1EW9-qTj7neMnnIig,0.8502675294876099,-0.0469135046005249,amman_database_29z1w1EW9-qTj7neMnnIig,0,0,36.09905908077881,0.2507686913013458,15.965203285217285,0.0,0.10000000149011612,uniform,blur,uniform same-energy,resnet18,1236,0
toronto_query_-K6Ci0V3ZYp50_DrMghntA,toronto_database_gXxdxPe3j-m370Vr7EYvWA,1,0.8889937400817871,zurich_database_0r57m1gsoV4j_t4xOqtL7A,0.8820145726203918,0.006979167461395264,toronto_database_gXxdxPe3j-m370Vr7EYvWA,1,1,36.17143676944706,0.25076574087142944,15.701338768005371,0.0,0.10000000894069672,uniform,blur,uniform same-energy,resnet18,1236,0
zurich_query_0W_6dskxdNPlCJnX9EhmZA,zurich_database_7liPRQZhjD6Lm2G90X0v-Q,6,0.8674806952476501,cph_database_4BdWO7YCXasxr90wTqDpDw,0.88850998878479,-0.021029293537139893,cph_database_4BdWO7YCXasxr90wTqDpDw,0,1,36.1162612576271,0.25077205896377563,15.902091026306152,0.0,0.09999997913837433,uniform,blur,uniform same-energy,resnet18,1236,0
amman_query_29zY5U3MUbO3wTjTTKF93w,amman_database_4JYN6Wp8p1aN_2b6dP1Yyw,1,0.9030720591545105,amman_database_Ld8UF_WG7d620clwmhmA7w,0.8833388090133667,0.0197332501411438,amman_database_4JYN6Wp8p1aN_2b6dP1Yyw,1,1,36.09996508345311,0.2507774531841278,15.961873054504395,0.0,0.10000000894069672,uniform,blur,uniform same-energy,resnet18,1236,0
boston_query_-U0JJudMztDrvqfppyEl9A,boston_database_qWjIXNTwyKDoDCQBKtYjCw,6,0.8928506374359131,boston_database_6p1zONaTXLWQeJHQx0CIVw,0.9022336006164551,-0.009382963180541992,boston_database_6p1zONaTXLWQeJHQx0CIVw,0,1,36.15421056533416,0.2507745921611786,15.763741493225098,0.0,0.09999999403953552,uniform,blur,uniform same-energy,resnet18,1236,0
cph_query_-To5emQUYvNlwdgB1hEVfQ,cph_database_20p-zC1BqByt8dVNbnKbTw,1,0.9410198330879211,cph_database_-rgalkuRufc_JbNM5Iwadg,0.9124095439910889,0.028610289096832275,cph_database_20p-zC1BqByt8dVNbnKbTw,1,1,36.09581749238497,0.25077390670776367,15.977124214172363,0.0,0.10000000894069672,uniform,blur,uniform same-energy,resnet18,1236,0
london_query_07Mt7j9hZm17z2pXB3QAXA,london_database_1u2_PlPVaHJESTEBZx02nA,6,0.8449206352233887,boston_database_2jaLppu9UUtqnB_R7_iffQ,0.8576071858406067,-0.012686550617218018,boston_database_2jaLppu9UUtqnB_R7_iffQ,0,1,36.1976840445231,0.2507765591144562,15.606731414794922,0.0,0.10000000149011612,uniform,blur,uniform same-energy,resnet18,1236,0
manila_query_-YADzGuflGFk0TrwgbgGQA,manila_database_8tQ1uxni3yt7oj1i8yGoOg,18,0.7704825401306152,boston_database_36H3W5t6N9pvbOkkxr_rUQ,0.8020085692405701,-0.031526029109954834,boston_database_36H3W5t6N9pvbOkkxr_rUQ,0,0,36.15284112112277,0.2507767081260681,15.768712997436523,0.0001302083401242271,0.10000001639127731,uniform,blur,uniform same-energy,resnet18,1236,0
nairobi_query_3VEngLiRuIRlzTCHOPvAqA,nairobi_database_L7HQ20CuWeW1lZ721bPiYw,2,0.8506689071655273,boston_database_2gTDHoqHum22wo8SKKDWBg,0.8535432815551758,-0.0028743743896484375,boston_database_2gTDHoqHum22wo8SKKDWBg,1,1,36.22856682410297,0.25077322125434875,15.496145248413086,0.0035101997200399637,0.10000000149011612,uniform,blur,uniform same-energy,resnet18,1236,0
toronto_query_-KU5g574x3Cah05LVtG_Pw,toronto_database_YGsYemsqYoRUy02xW23AyA,1037,0.7433514595031738,toronto_database_3TTFiJMjq1nelldiHvqxHQ,0.8673254251480103,-0.12397396564483643,toronto_database_3TTFiJMjq1nelldiHvqxHQ,0,0,36.111605283376555,0.2507771849632263,15.919148445129395,0.0,0.10000000894069672,uniform,blur,uniform same-energy,resnet18,1236,0
zurich_query_0YqWIRNZbPyTmppf5ZjyMw,zurich_database_20lehOgt_qjfnJpaXFVAWQ,1,0.8726146221160889,zurich_database_5EBjYZoNQsB323r5P6H-HQ,0.861197292804718,0.01141732931137085,zurich_database_20lehOgt_qjfnJpaXFVAWQ,1,1,36.16081901833534,0.25077080726623535,15.73977279663086,5.425347262644209e-05,0.10000000149011612,uniform,blur,uniform same-energy,resnet18,1236,0
amman_query_2E9XDGy6VTetR1O15tILdw,amman_database_5ymzd7ILNCKrAYOn-vJkbg,4,0.8512312173843384,amman_database_7UkylzqcXiAtWBdc7gRXug,0.857550859451294,-0.006319642066955566,amman_database_7UkylzqcXiAtWBdc7gRXug,1,1,36.09587037569106,0.2507770359516144,15.976929664611816,0.0,0.10000000149011612,uniform,blur,uniform same-energy,resnet18,1236,0
boston_query_-U_cmO4sMoYmoNbCPpMXWw,boston_database_JS8N7enRfmX_RvSbYxuZ-w,227,0.7878633737564087,boston_database_4-6a8GKWz64mtfMPWnN3-w,0.8698830008506775,-0.0820196270942688,boston_database_4-6a8GKWz64mtfMPWnN3-w,0,0,36.29223436789261,0.2507750391960144,15.270628929138184,0.00876736082136631,0.10000000149011612,uniform,blur,uniform same-energy,resnet18,1236,0
cph_query_-UByBh5hYhNn4_dsHy73aA,cph_database_3POXmtmhwFom_z6e6wJgVA,1,0.8410780429840088,toronto_database_2Ihd0xAnt_t5tUzeKVnzeQ,0.8334892988204956,0.007588744163513184,cph_database_3POXmtmhwFom_z6e6wJgVA,1,1,36.12436527089239,0.25077107548713684,15.872445106506348,0.0,0.09999999403953552,uniform,blur,uniform same-energy,resnet18,1236,0
london_query_07oSFXlZ9SfPsHwsEZQFtA,london_database_7hadEPdEI2MGW7SMcZDBUA,31,0.8245489597320557,london_database_f9ng8k9Ngt4UWja_a-mjaw,0.8787554502487183,-0.0542064905166626,london_database_f9ng8k9Ngt4UWja_a-mjaw,0,0,36.123929783961316,0.2507648169994354,15.87403678894043,0.000900607614312321,0.10000000149011612,uniform,blur,uniform same-energy,resnet18,1236,0
manila_query_-YswrllPgEq1Q_LYD0mD0A,manila_database_3C699pIkBPbDTfkzbBV0CA,108,0.8179748058319092,manila_database_YAr_6aQgtNVbe7GhT70obQ,0.878013014793396,-0.060038208961486816,manila_database_YAr_6aQgtNVbe7GhT70obQ,0,0,36.301165716845645,0.25077196955680847,15.239256858825684,0.0,0.10000000894069672,uniform,blur,uniform same-energy,resnet18,1236,0
nairobi_query_3sAf0a7Z9MFOX5NACNEfkA,nairobi_database_dM7fC2AkybfrCZcjVXnR5A,4,0.8509706258773804,london_database_JeQXfjTo6VURMPAXsqqrqw,0.8581341505050659,-0.007163524627685547,london_database_JeQXfjTo6VURMPAXsqqrqw,1,1,36.2785345256654,0.25077390670776367,15.318876266479492,0.00702582485973835,0.10000000894069672,uniform,blur,uniform same-energy,resnet18,1236,0
toronto_query_-L3Zos1U2E6AA3-ZO_eESA,toronto_database_AWgWLsxNtrXeHfl_hcKYZg,68,0.8366658687591553,toronto_database_vHFdoApurhBvoN12-Y0jCA,0.889064610004425,-0.052398741245269775,toronto_database_vHFdoApurhBvoN12-Y0jCA,0,0,36.30172671101981,0.25077539682388306,15.237288475036621,0.0013509114505723119,0.09999998658895493,uniform,blur,uniform same-energy,resnet18,1236,0
zurich_query_0eG9-83f-Xafie9_84fDbg,zurich_database_6Tpy6Xxof6fyaFeCZtbsEg,27,0.8426487445831299,zurich_database_JlQZqZETcsktpyAY5mc1pg,0.8683791160583496,-0.025730371475219727,zurich_database_JlQZqZETcsktpyAY5mc1pg,0,0,36.098022546671835,0.25077247619628906,15.969014167785645,0.0,0.10000000149011612,uniform,blur,uniform same-energy,resnet18,1236,0
amman_query_2WNEczYwDdZlHE_2nYlE-A,amman_database_5d98wz6r1vXbvR54pg7gIQ,637,0.7735673189163208,cph_database_L9eWYNDLPVUHOitjad3-fw,0.8464636206626892,-0.07289630174636841,cph_database_L9eWYNDLPVUHOitjad3-fw,0,0,36.09932318231553,0.2507724463939667,15.964232444763184,0.0,0.10000000149011612,uniform,blur,uniform same-energy,resnet18,1236,0
boston_query_-VHXaQ_dj_14O-Bcn3u7zA,boston_database_2gTDHoqHum22wo8SKKDWBg,260,0.8005075454711914,zurich_database_4NRS_5YX0S3yJJSOofowlA,0.8668108582496643,-0.0663033127784729,zurich_database_4NRS_5YX0S3yJJSOofowlA,0,0,36.12289381891294,0.25077536702156067,15.877823829650879,0.0,0.09999998658895493,uniform,blur,uniform same-energy,resnet18,1236,0
cph_query_-UO7OuMXuwPBrMEXSsFhNA,cph_database_6CANlvoIvwlMpdsIrbbUmA,888,0.6884825229644775,zurich_database_3g-QpZyFZxImdI2n1iwRGw,0.8158023357391357,-0.1273198127746582,zurich_database_3g-QpZyFZxImdI2n1iwRGw,0,0,36.18618856701406,0.2507752776145935,15.648096084594727,0.0,0.10000000894069672,uniform,blur,uniform same-energy,resnet18,1236,0
london_query_08wp6QepyximP9UuP-ijLg,london_database_53xOo_95yKsUnmy4Fd3PYw,1,0.8639627695083618,boston_database_2HqIYacSD0Jad_3YkpMl1g,0.8624918460845947,0.0014709234237670898,london_database_53xOo_95yKsUnmy4Fd3PYw,1,1,36.193297098175385,0.25077372789382935,15.622504234313965,1.0850694707187358e-05,0.09999999403953552,uniform,blur,uniform same-energy,resnet18,1236,0
manila_query_-Z3CXTi1QhF_Ste8t8vrJA,manila_database_5Ql3xrJt_aAwbVnIi2tr2A,688,0.7666349411010742,toronto_database_8aHbQwynhIr0XfyXIGqbdA,0.871940016746521,-0.10530507564544678,toronto_database_8aHbQwynhIr0XfyXIGqbdA,0,0,36.286198685615005,0.2507677674293518,15.291866302490234,0.0009223090019077063,0.09999998658895493,uniform,blur,uniform same-energy,resnet18,1236,0
nairobi_query_3vVoHZDD0-kVhbBxDTYEjw,nairobi_database_ssLyvL_47h4IZogucHeChA,39,0.8304178714752197,cph_database_6FWutZl3fAQcJRG274zWZg,0.8651630878448486,-0.034745216369628906,cph_database_6FWutZl3fAQcJRG274zWZg,0,0,36.39057746751582,0.25077441334724426,14.92872142791748,0.006716579664498568,0.10000000149011612,uniform,blur,uniform same-energy,resnet18,1236,0
toronto_query_-LZN7DIyP80uvFh2O8KVXw,toronto_database_1OKrJwSkMgWLOUyI6mfdmQ,1,0.9038738012313843,cph_database_4LZ9lq4vlaRvdPB9iDhaYA,0.8885291814804077,0.015344619750976562,toronto_database_1OKrJwSkMgWLOUyI6mfdmQ,1,1,36.11342063936444,0.25077322125434875,15.912495613098145,0.0,0.10000000149011612,uniform,blur,uniform same-energy,resnet18,1236,0
zurich_query_0g61-9tYhD3Y5qh7eiB92g,zurich_database_-F5DDVeGiDZ-hjlDdC345w,2,0.845476508140564,toronto_database_2PHgK91Apm8x6PzXK7MpUA,0.846217691898346,-0.0007411837577819824,toronto_database_2PHgK91Apm8x6PzXK7MpUA,1,1,36.180193974165526,0.2507736384868622,15.669710159301758,4.340277882874943e-05,0.10000000894069672,uniform,blur,uniform same-energy,resnet18,1236,0
amman_query_2amxr5vdbo4jgViAEELT_Q,amman_database_RybCghn6dxdppOd3XPQXhw,1852,0.6678239107131958,amman_database_5XoaP1Muw6iwIBg_kWYFaQ,0.8433793187141418,-0.17555540800094604,amman_database_5XoaP1Muw6iwIBg_kWYFaQ,0,0,36.09636761395242,0.25077587366104126,15.97510051727295,0.0,0.09999997913837433,uniform,blur,uniform same-energy,resnet18,1236,0
boston_query_-WNRbaGc8Yukh-LWnRNe5O,boston_database_-Ks6CpNXFqOh9Kttdsa6lw,9,0.8297829627990723,amman_database_6uv4gfriWuzDejTlMpo7Rg,0.8504269123077393,-0.020643949508666992,amman_database_6uv4gfriWuzDejTlMpo7Rg,0,1,36.23537113037214,0.25076955556869507,15.471885681152344,0.002864583395421505,0.10000000894069672,uniform,blur,uniform same-energy,resnet18,1236,0
cph_query_-V4aUy1yd0AbFfY-xX0BAg,cph_database_0rRbZapy_jGPOpPctSIjfQ,3,0.8748022317886353,cph_database_7GGxDI0rTmq-wJUpv3Lejw,0.901648998260498,-0.026846766471862793,cph_database_7GGxDI0rTmq-wJUpv3Lejw,1,1,36.16362551761175,0.25077539682388306,15.729604721069336,0.0,0.09999998658895493,uniform,blur,uniform same-energy,resnet18,1236,0
london_query_09P-tDZlSTWY4XNCcRZ_-g,london_database_L2btcmPVteWg2tJIPDETLg,6,0.8512669801712036,zurich_database_-oWuFFUil7bXSMPMaeYZEg,0.8581284284591675,-0.006861448287963867,zurich_database_-oWuFFUil7bXSMPMaeYZEg,0,1,36.193427271425335,0.2507793605327606,15.62203598022461,0.0,0.10000000894069672,uniform,blur,uniform same-energy,resnet18,1236,0
manila_query_-ZbYcdqL0C0ximLGFEriNA,manila_database_-z7DfYZSWWxPbr9oCG6mHg,145,0.8234559893608093,amman_database_2_NNnfq-ucbh4wN64ndIOg,0.8599017262458801,-0.0364457368850708,amman_database_2_NNnfq-ucbh4wN64ndIOg,0,0,36.160397489416965,0.2507674992084503,15.741300582885742,0.0,0.10000000149011612,uniform,blur,uniform same-energy,resnet18,1236,0
nairobi_query_3zSInmaUjlNkUR45dqrSLg,nairobi_database_6TX4ZR0VfqHmNorJfDCQdA,53,0.8108340501785278,cph_database_1z1TNZFA0JXHcctshDaGQA,0.8482623100280762,-0.03742825984954834,cph_database_1z1TNZFA0JXHcctshDaGQA,0,0,36.30278964578412,0.2507743835449219,15.233559608459473,0.005230034701526165,0.10000000149011612,uniform,blur,uniform same-energy,resnet18,1236,0
toronto_query_-M3eMqHp0OhecS-hoh58aQ,toronto_database_95hPXNJ-rgCIo0awz78Big,116,0.7877030968666077,amman_database_Ld8UF_WG7d620clwmhmA7w,0.8527185916900635,-0.06501549482345581,amman_database_Ld8UF_WG7d620clwmhmA7w,0,0,36.1035328141601,0.25076866149902344,15.948765754699707,0.0,0.10000000149011612,uniform,blur,uniform same-energy,resnet18,1236,0
zurich_query_0gHh8OHgmM804LVr0Ocrag,zurich_database_6UPSS0xP9iCLyj6dGKfFRg,1,0.8904545307159424,cph_database_04Bz2mPV9xajFGZOxvcyAg,0.8902277946472168,0.00022673606872558594,zurich_database_6UPSS0xP9iCLyj6dGKfFRg,1,1,36.09614906061364,0.25077348947525024,15.97590446472168,0.0,0.09999998658895493,uniform,blur,uniform same-energy,resnet18,1236,0
amman_query_2ar5B6f1xOYuU4wn7CLEJg,amman_database_Crog-zM-aqzW4UhYaQpBCw,105,0.814671516418457,amman_database_7UkylzqcXiAtWBdc7gRXug,0.8845372796058655,-0.06986576318740845,amman_database_7UkylzqcXiAtWBdc7gRXug,0,0,36.10007484403503,0.25077417492866516,15.961469650268555,0.0,0.10000000894069672,uniform,blur,uniform same-energy,resnet18,1236,0
boston_query_-XLBZG628HbrD4FlfLBryQ,boston_database_8IRy-NgjEMD8UEfWUz-lTg,1,0.8507285118103027,boston_database_7wQKqB8f8mmOlzPVp_KeXg,0.842602014541626,0.008126497268676758,boston_database_8IRy-NgjEMD8UEfWUz-lTg,1,1,36.376650649893804,0.25077489018440247,14.97667121887207,0.0034016927238553762,0.09999999403953552,uniform,blur,uniform same-energy,resnet18,1236,0
cph_query_-VfD_cIsQvsNIbCy3tCgQQ,cph_database_-_WpfRt0xa7BT3ZNhox7bw,9,0.845877468585968,toronto_database_JZHiKl7CE7BzdlGbop_5MA,0.8665164709091187,-0.020639002323150635,toronto_database_JZHiKl7CE7BzdlGbop_5MA,0,1,36.09577342345513,0.2507796883583069,15.977286338806152,0.0,0.09999997913837433,uniform,blur,uniform same-energy,resnet18,1236,0
london_query_0AbO1xvvOJRs1V3ReaDrNw,london_database_3nlgqK_BhpRLtCaRJk7mBg,46,0.8372249007225037,toronto_database_JZHiKl7CE7BzdlGbop_5MA,0.8861961960792542,-0.04897129535675049,toronto_database_JZHiKl7CE7BzdlGbop_5MA,0,0,36.443665495444,0.2507733702659607,14.747344017028809,0.0,0.10000000894069672,uniform,blur,uniform same-energy,resnet18,1236,0
manila_query_-ZyenisXeFL1kaebCpUNAQ,manila_database_5k6CwtK_2ROyvpr91VU3nw,97,0.8115452527999878,manila_database_31P09aOdEXsPJyiA8d7DRA,0.8735429048538208,-0.06199765205383301,manila_database_31P09aOdEXsPJyiA8d7DRA,0,0,36.10923028043032,0.2507610619068146,15.9278564453125,0.0,0.10000000149011612,uniform,blur,uniform same-energy,resnet18,1236,0
nairobi_query_42kd1bm9ZK0fwGacm_8O5A,nairobi_database_NoG9ZUE9lu8WisRacbbNUw,69,0.8384784460067749,amman_database_2_NNnfq-ucbh4wN64ndIOg,0.8666867017745972,-0.028208255767822266,amman_database_2_NNnfq-ucbh4wN64ndIOg,0,0,36.0970593831365,0.2507767081260681,15.972556114196777,0.0,0.10000001639127731,uniform,blur,uniform same-energy,resnet18,1236,0
toronto_query_-MFll3mcOLNHfSZyGy5VIw,toronto_database_8aHbQwynhIr0XfyXIGqbdA,10,0.8434740304946899,toronto_database_5ey9E_udkLByc3LTBLFD3A,0.8896770477294922,-0.046203017234802246,toronto_database_5ey9E_udkLByc3LTBLFD3A,0,1,36.20096488159789,0.2507757842540741,15.594945907592773,0.00017361111531499773,0.10000000894069672,uniform,blur,uniform same-energy,resnet18,1236,0
zurich_query_0lHgqSrbw8SSQej38K9wpQ,zurich_database_OyWUlDA0nQXhtkA0SVtvGg,1,0.8717548847198486,toronto_database_66Svrvnm_JwZWN1Blrg8rw,0.8334233164787292,0.038331568241119385,zurich_database_OyWUlDA0nQXhtkA0SVtvGg,1,1,36.35541433683802,0.2507762610912323,15.050084114074707,0.02932942658662796,0.10000000149011612,uniform,blur,uniform same-energy,resnet18,1236,0
amman_query_2hq9evzmyg6GO86JGeo5kw,amman_database_5f1b6ODcRSNjVm7BiUt1HQ,2,0.8459861874580383,amman_database_-nl8sfLoMweaxG5imCTp9Q,0.8499581813812256,-0.003971993923187256,amman_database_-nl8sfLoMweaxG5imCTp9Q,1,1,36.1959119157558,0.25077107548713684,15.6131010055542,0.0004503038071561605,0.09999999403953552,uniform,blur,uniform same-energy,resnet18,1236,0
boston_query_-XPoSJpI_X3ZlnZLz8JG4L,boston_database_LvKqyZOVkMtPAJ-SkA3DN1,216,0.8325338363647461,amman_database_2_NNnfq-ucbh4wN64ndIOg,0.8909401297569275,-0.058406293392181396,amman_database_2_NNnfq-ucbh4wN64ndIOg,0,0,36.29561024364166,0.2507672607898712,15.258763313293457,0.0,0.09999999403953552,uniform,blur,uniform same-energy,resnet18,1236,0
cph_query_-VwsLi9Gs8ntflZjLfPkGw,cph_database_0XUmaZkZbak0CUhOwxqPjw,236,0.8225832581520081,cph_database_UjpWUL98Q5DyuoCMWlk77w,0.877284049987793,-0.05470079183578491,cph_database_UjpWUL98Q5DyuoCMWlk77w,0,0,36.12966845864226,0.25077489018440247,15.85307502746582,0.0,0.09999999403953552,uniform,blur,uniform same-energy,resnet18,1236,0
london_query_0BjBFV4G9jdMJlEMqshzoA,london_database_JeQXfjTo6VURMPAXsqqrqw,8,0.821239709854126,boston_database_8IRy-NgjEMD8UEfWUz-lTg,0.8330326080322266,-0.011792898178100586,boston_database_8IRy-NgjEMD8UEfWUz-lTg,0,1,36.13047869767382,0.2507757842540741,15.850117683410645,0.0,0.10000000149011612,uniform,blur,uniform same-energy,resnet18,1236,0
manila_query_-aK1h18UZREBqmVQH9KSvw,manila_database_YaHrs2Z76Jx0zaYq3oFG7A,129,0.8244730234146118,toronto_database_2PHgK91Apm8x6PzXK7MpUA,0.8755429983139038,-0.05106997489929199,toronto_database_2PHgK91Apm8x6PzXK7MpUA,0,0,36.502553082477036,0.2507629692554474,14.548728942871094,0.03823242336511612,0.10000000149011612,uniform,blur,uniform same-energy,resnet18,1236,0
nairobi_query_479Or7jRwWHujnR6N21HGg,nairobi_database_6TX4ZR0VfqHmNorJfDCQdA,148,0.8043540716171265,zurich_database_1goWOvtyEe9_94kIF29nZA,0.8465709090232849,-0.04221683740615845,zurich_database_1goWOvtyEe9_94kIF29nZA,0,0,36.36216082752299,0.25077465176582336,15.02672290802002,0.0048828125,0.10000000149011612,uniform,blur,uniform same-energy,resnet18,1236,0
toronto_query_-MnI6OlC-vX0Wm56nVPN1A,toronto_database_ls5OV3_7FfTIhs_2dngpWA,1,0.8620637655258179,manila_database_1_KCZ0iTXQEeCIdTzTcUHA,0.8603634238243103,0.0017003417015075684,toronto_database_ls5OV3_7FfTIhs_2dngpWA,1,1,36.537437628227565,0.2507767975330353,14.432334899902344,0.03950737789273262,0.09999999403953552,uniform,blur,uniform same-energy,resnet18,1236,0
zurich_query_0nVsH-6SH_FHslcVrikkwQ,zurich_database_XBi1UyH0pCxpA5NginBO2Q,101,0.8179101943969727,zurich_database_2IFVvdawkgwfoEkc1UpdCw,0.8757783770561218,-0.05786818265914917,zurich_database_2IFVvdawkgwfoEkc1UpdCw,0,0,36.29501231458062,0.25077182054519653,15.2608642578125,0.0,0.09999999403953552,uniform,blur,uniform same-energy,resnet18,1236,0
amman_query_2lABfkOBYPSLZkKhyRxYdA,amman_database_151zMheq8vPIGSfBTFm2Kg,4,0.8628009557723999,amman_database_1gJtGI68JVwQZGi6W80ZUw,0.893906831741333,-0.031105875968933105,amman_database_1gJtGI68JVwQZGi6W80ZUw,1,1,36.10477327671306,0.2507767081260681,15.94421100616455,0.0,0.10000001639127731,uniform,blur,uniform same-energy,resnet18,1236,0
boston_query_-XVMoSt8xs2FUh9JzquX6A,boston_database_543boocdK3rRabfv3SJSvg,21,0.8444563746452332,boston_database_1k4pbpEWBwA9ojuy58J9oA,0.8763090372085571,-0.031852662563323975,boston_database_1k4pbpEWBwA9ojuy58J9oA,0,0,36.10391483679201,0.25077196955680847,15.947362899780273,0.0,0.10000000894069672,uniform,blur,uniform same-energy,resnet18,1236,0
cph_query_-WFB24C5ns0vkkGHGvN40A,cph_database_33ZlPGNkPp7GdFa0YLMIsg,2,0.8768044114112854,cph_database_7aTcyyEj8sB3Jg7PRzJu-g,0.8775718212127686,-0.0007674098014831543,cph_database_7aTcyyEj8sB3Jg7PRzJu-g,1,1,36.095726762722705,0.2507811188697815,15.977458000183105,0.0,0.09999998658895493,uniform,blur,uniform same-energy,resnet18,1236,0
london_query_0CaaImFsIdNZjpg8oBPgsQ,london_database_ogCqZhn7TrfEmF64Tg9z1Q,983,0.7441504001617432,boston_database_0UTNi5_ggWo6n7PhaJw9yw,0.8297414779663086,-0.08559107780456543,boston_database_0UTNi5_ggWo6n7PhaJw9yw,0,0,36.12940799145636,0.2507743537425995,15.854025840759277,0.0,0.10000000149011612,uniform,blur,uniform same-energy,resnet18,1236,0
manila_query_-cNGgBgyFrf92tQ2SjMnVw,manila_database_7593idyAjcK1n95CJJMkOA,385,0.7997663021087646,london_database_7hadEPdEI2MGW7SMcZDBUA,0.875964879989624,-0.07619857788085938,london_database_7hadEPdEI2MGW7SMcZDBUA,0,0,36.170381235948604,0.2507689297199249,15.705155372619629,0.0011718750465661287,0.10000000149011612,uniform,blur,uniform same-energy,resnet18,1236,0
nairobi_query_4EL0OPwVmp4k2zCpl9_c_A,nairobi_database_3UPn39IM6HTHYtg6HY4q-g,2,0.8383064270019531,boston_database_0MER2tyL8y0wp8wzZzQCDA,0.8535833358764648,-0.015276908874511719,boston_database_0MER2tyL8y0wp8wzZzQCDA,1,1,36.166407220293785,0.2507743537425995,15.71953296661377,0.0,0.10000000149011612,uniform,blur,uniform same-energy,resnet18,1236,0
toronto_query_-MvRj243NBTPnognhgb4Cg,toronto_database_2PHgK91Apm8x6PzXK7MpUA,68,0.8456982970237732,zurich_database_1RM5Mx-wajw1Nbo7PHHTwg,0.8881512880325317,-0.042452991008758545,zurich_database_1RM5Mx-wajw1Nbo7PHHTwg,0,0,36.10988457063123,0.2507738769054413,15.925457000732422,0.0,0.10000000149011612,uniform,blur,uniform same-energy,resnet18,1236,0
zurich_query_0qoNSI3UUj6VR3TM7c0Peg,zurich_database_6ECihaE_tWqpiMu47QOjwQ,286,0.755348265171051,london_database_95giX68cDMPmxguKbDWhmA,0.8271480798721313,-0.07179981470108032,london_database_95giX68cDMPmxguKbDWhmA,0,0,36.10633916526258,0.2507781684398651,15.93846321105957,0.0,0.10000000149011612,uniform,blur,uniform same-energy,resnet18,1236,0
amman_query_2o7YcP9UAqSU1ygtK33BfQ,amman_database_urse6by33-0JmqS5mVlLLg,6,0.8497728705406189,amman_database_2dYrS88c4WSXs6D5iSIdVg,0.860072135925293,-0.010299265384674072,amman_database_2dYrS88c4WSXs6D5iSIdVg,0,1,36.095834601619416,0.25077298283576965,15.97706127166748,0.0,0.09999999403953552,uniform,blur,uniform same-energy,resnet18,1236,0
boston_query_-YC7UljP-400uMusDPAb5o,boston_database_2TQsfSDqxLbRlevqUcUSYA,1,0.8503471612930298,boston_database_16CRssB4qXv2zYzHuRAwTQ,0.8347407579421997,0.015606403350830078,boston_database_2TQsfSDqxLbRlevqUcUSYA,1,1,36.131440938550824,0.25077059864997864,15.846606254577637,0.00017361111531499773,0.10000000149011612,uniform,blur,uniform same-energy,resnet18,1236,0
cph_query_-WSWmgHuo6qPHzHxqzEe1A,cph_database_6x3ymkhiy3yOhCsu1aztdg,109,0.8408951759338379,cph_database_6pYqCwVVuumtu2fveyEqRA,0.8862985372543335,-0.045403361320495605,cph_database_6pYqCwVVuumtu2fveyEqRA,0,0,36.10028684809515,0.2507762610912323,15.96069049835205,0.0,0.10000000149011612,uniform,blur,uniform same-energy,resnet18,1236,0
london_query_0EzKuKNIcxIWax_duM0EWw,london_database_h9EFKOkIkMIA7h7U-lcwWA,2,0.8714115619659424,london_database_-ciLkUT3ztPptCzyhLAG2w,0.8762589693069458,-0.004847407341003418,london_database_-ciLkUT3ztPptCzyhLAG2w,1,1,36.12423219356005,0.2507760524749756,15.872931480407715,0.0005045572761446238,0.10000000149011612,uniform,blur,uniform same-energy,resnet18,1236,0
manila_query_-cmAo9dkimIih2B7T4UHfg,manila_database_7ZCkHNgbdGrjb8m48J_VRA,198,0.7948319911956787,manila_database_8v4He-pD8pDMK_ER8pZlIQ,0.8789547085762024,-0.08412271738052368,manila_database_8v4He-pD8pDMK_ER8pZlIQ,0,0,36.478117420335025,0.25077009201049805,14.630818367004395,0.0234103724360466,0.10000000894069672,uniform,blur,uniform same-energy,resnet18,1236,0
nairobi_query_4Scm9UylRL9Edyu3ZemB9A,nairobi_database_FuBkR1fbVVpCW5nvjIU89g,3,0.8113099336624146,nairobi_database_a9xNzoydjr-je93NA7mygg,0.8261305093765259,-0.014820575714111328,nairobi_database_a9xNzoydjr-je93NA7mygg,1,1,36.2967205527021,0.2507733702659607,15.254862785339355,0.0,0.10000000894069672,uniform,blur,uniform same-energy,resnet18,1236,0
toronto_query_-N8Ief4Q3CWSOSauaoVHkw,toronto_database_f9yapUp1QfWHiW5Ggk7eTw,5,0.8531014323234558,manila_database_4SNN_Q1-Ov_UDR1inHM2mg,0.8548481464385986,-0.0017467141151428223,manila_database_4SNN_Q1-Ov_UDR1inHM2mg,1,1,36.099756208684354,0.2507733702659607,15.962640762329102,0.0,0.10000000894069672,uniform,blur,uniform same-energy,resnet18,1236,0
zurich_query_0yT0tESrImO18FH9C5STzg,zurich_database_5EBjYZoNQsB323r5P6H-HQ,16,0.8428168296813965,boston_database_3dQbA6O_0evX3zu7Qc-pYw,0.8832240104675293,-0.04040718078613281,boston_database_3dQbA6O_0evX3zu7Qc-pYw,0,0,36.33133861277942,0.2507726848125458,15.133748054504395,0.00022786458430346102,0.09999999403953552,uniform,blur,uniform same-energy,resnet18,1236,0
amman_query_2pCCoWfi0AP_93cYLKD9sA,amman_database_5XoaP1Muw6iwIBg_kWYFaQ,101,0.8399004936218262,toronto_database_3LCzhZVa-_75oQZecGcGLw,0.8974363803863525,-0.05753588676452637,toronto_database_3LCzhZVa-_75oQZecGcGLw,0,0,36.10020069587018,0.2507733702659607,15.961007118225098,0.0,0.10000000894069672,uniform,blur,uniform same-energy,resnet18,1236,0
boston_query_-YNCuOIwfe745OWl27FQZQ,boston_database_6HtWKuiJOkXO1GTzRBSfTg,1,0.8594058752059937,cph_database_DVjPFkksMwlWmXwvdLKwSg,0.8586947917938232,0.0007110834121704102,boston_database_6HtWKuiJOkXO1GTzRBSfTg,1,1,36.335423790591484,0.2507784366607666,15.119519233703613,0.0006347656017169356,0.10000000149011612,uniform,blur,uniform same-energy,resnet18,1236,0
cph_query_-XYLPst0OjYGoPVJKGP1aA,cph_database_33mmxgcLFjzRhpSRQRWq4Q,1,0.8946642875671387,cph_database_-QWxOCFh2Cw3JbcqTX28OQ,0.8901740312576294,0.004490256309509277,cph_database_33mmxgcLFjzRhpSRQRWq4Q,1,1,36.09667511093774,0.2507781982421875,15.973969459533691,0.0,0.10000000149011612,uniform,blur,uniform same-energy,resnet18,1236,0
london_query_0IFxmIDIkGlB0FShcszAfw,london_database_7KhxgmhjR5T_2QXEjYoZ-Q,11,0.8124367594718933,zurich_database_6-TIm7QHPYTjyxT3GFR2gg,0.8518649339675903,-0.03942817449569702,zurich_database_6-TIm7QHPYTjyxT3GFR2gg,0,0,36.33678463544959,0.2507787048816681,15.114782333374023,0.0,0.09999999403953552,uniform,blur,uniform same-energy,resnet18,1236,0
manila_query_-dvVr_QHKim5_WyUsv_Z4A,manila_database_6gIIjVpCb3sCY1zDKHTN0w,76,0.8253863453865051,manila_database_UHmqVlwY_tIWS997TaZywA,0.8765438795089722,-0.05115753412246704,manila_database_UHmqVlwY_tIWS997TaZywA,0,0,36.15518832845136,0.25077298283576965,15.76019287109375,0.0,0.09999999403953552,uniform,blur,uniform same-energy,resnet18,1236,0
nairobi_query_4_8wDQ5TQuzz_jEJKVIl0Q,nairobi_database_8QrvtfnMMYvjycP4nESumw,332,0.7322214841842651,manila_database_4tXg0kJtp4bBR40lWJ7mIA,0.8432409763336182,-0.11101949214935303,manila_database_4tXg0kJtp4bBR40lWJ7mIA,0,0,36.10281820263346,0.25078052282333374,15.951390266418457,0.0,0.10000001639127731,uniform,blur,uniform same-energy,resnet18,1236,0
toronto_query_-OZxhiQ5zPqGdSRrqUMKfQ,toronto_database_6El8G6j-CzIxXcap-_r3sg,1,0.8954166769981384,boston_database_1lzWfM7wv5kw-ZdKl_peNA,0.8710497617721558,0.024366915225982666,toronto_database_6El8G6j-CzIxXcap-_r3sg,1,1,36.26551172229979,0.2507767975330353,15.364880561828613,0.0,0.09999999403953552,uniform,blur,uniform same-energy,resnet18,1236,0
zurich_query_0zEmJXMA03W0EBFP74wRVQ,zurich_database_56kgw0xoLbK4aolDWKul5A,1,0.8770655393600464,boston_database_-BzrVPIrGylZQ8H15WaRYg,0.8668304681777954,0.010235071182250977,zurich_database_56kgw0xoLbK4aolDWKul5A,1,1,36.13671274109481,0.2507776916027069,15.82738208770752,0.0,0.10000000149011612,uniform,blur,uniform same-energy,resnet18,1236,0
amman_query_2pZlZDNh_3B-gECdtvklWQ,amman_database_IceuJQN2uOI5xXzHFlNWHw,8,0.8440341949462891,amman_database_3yagEI09YxnyMOsqFCs-ig,0.8580961227416992,-0.014061927795410156,amman_database_3yagEI09YxnyMOsqFCs-ig,0,1,36.143691146701244,0.25077250599861145,15.801970481872559,0.0,0.10000000149011612,uniform,blur,uniform same-energy,resnet18,1236,0
boston_query_-Zk-uQZzECPhvd8WV6mxhQ,boston_database_87osbt4QESoaKhqx1S698g,3,0.8406939506530762,cph_database_5GKxJZYxgwMMJsgDfMxZ1w,0.847888708114624,-0.0071947574615478516,cph_database_5GKxJZYxgwMMJsgDfMxZ1w,1,1,36.147137604886915,0.25077441334724426,15.789435386657715,0.0,0.10000000149011612,uniform,blur,uniform same-energy,resnet18,1236,0
cph_query_-YjbrleIz5WKWE1Rmmo4fg,cph_database_20p-zC1BqByt8dVNbnKbTw,1,0.9037216901779175,cph_database_-rgalkuRufc_JbNM5Iwadg,0.8805696964263916,0.02315199375152588,cph_database_20p-zC1BqByt8dVNbnKbTw,1,1,36.09584782243765,0.2507741451263428,15.977012634277344,0.0,0.10000000149011612,uniform,blur,uniform same-energy,resnet18,1236,0
london_query_0LQj6exgKdVQbIBlQAVcrw,london_database_0hPXQ8vpwqqqTFwS1mTzZQ,38,0.7443780303001404,cph_database_6xxgGejRFdIJPYb-cnW2Xg,0.8064090013504028,-0.06203097105026245,cph_database_6xxgGejRFdIJPYb-cnW2Xg,0,0,36.11616410956599,0.2507765591144562,15.902446746826172,0.0,0.10000000149011612,uniform,blur,uniform same-energy,resnet18,1236,0
manila_query_-fizm8lmdD_ORe0_j5qnJQ,manila_database_78z0QV2-TMH912gTI-63FA,6,0.8417069315910339,manila_database_1NHx9p_Qfpv51-_bnxD3XQ,0.8649590015411377,-0.02325206995010376,manila_database_1NHx9p_Qfpv51-_bnxD3XQ,0,1,36.185374219692854,0.2507714629173279,15.651030540466309,0.0001302083401242271,0.10000000894069672,uniform,blur,uniform same-energy,resnet18,1236,0
nairobi_query_4otBu8pxIHc7lXwh66bqHQ,nairobi_database_fdXQFliJlP2K6rvw_jLOnQ,1999,0.5333892107009888,zurich_database_4-7L3aTGT-P2Zip2jLHH2Q,0.8299973607063293,-0.2966081500053406,zurich_database_4-7L3aTGT-P2Zip2jLHH2Q,0,0,36.1053949398939,0.2507722079753876,15.94192886352539,0.0,0.09999999403953552,uniform,blur,uniform same-energy,resnet18,1236,0
toronto_query_-Pkw8dqFfD76K-CZ7pnCVQ,toronto_database_efAlAqJr3ShZKF9EP9gJwA,125,0.8168392181396484,zurich_database_4-amN7nLphQF0Qv7LEKCqQ,0.8588649034500122,-0.04202568531036377,zurich_database_4-amN7nLphQF0Qv7LEKCqQ,0,0,36.31339598711454,0.2507763206958771,15.196401596069336,0.0,0.10000000149011612,uniform,blur,uniform same-energy,resnet18,1236,0
zurich_query_1-8NWRY7HPTPq2lkQitPfw,zurich_database_4imNC7D7IARx5dzUHyuzSA,5,0.851275622844696,cph_database_1w9aW1PCzyG1W2YZ9hiO2Q,0.8568863868713379,-0.005610764026641846,cph_database_1w9aW1PCzyG1W2YZ9hiO2Q,1,1,36.237321462613686,0.2507745921611786,15.46493911743164,0.0006401909631676972,0.09999999403953552,uniform,blur,uniform same-energy,resnet18,1236,0
amman_query_2rTDzpKAZdmx5K2aSyos9w,amman_database_2KPNt-NMPoNNPkUHc39G6A,82,0.8364408016204834,amman_database_3ZbkOYTSJMb7R5Av7soq9A,0.8794013261795044,-0.042960524559020996,amman_database_3ZbkOYTSJMb7R5Av7soq9A,0,0,36.09588567049278,0.2507762610912323,15.976873397827148,0.0,0.10000000149011612,uniform,blur,uniform same-energy,resnet18,1236,0
boston_query_-_69BJwJSLQGnzQD20QsOg,boston_database_xJh2U6wTEJU5MkN6cNWmrg,373,0.7687609195709229,manila_database_-tLOOodTWnvNp-K8fEWFlg,0.858339786529541,-0.08957886695861816,manila_database_-tLOOodTWnvNp-K8fEWFlg,0,0,36.250703656881896,0.2507748603820801,15.417359352111816,0.0,0.09999999403953552,uniform,blur,uniform same-energy,resnet18,1236,0
cph_query_-YnFOjTmnQhpLwXt2EJ1QQ,cph_database_u__bAug3pIy5UiqNxPW-8w,180,0.7897471189498901,amman_database_3ZbkOYTSJMb7R5Av7soq9A,0.8635467886924744,-0.07379966974258423,amman_database_3ZbkOYTSJMb7R5Av7soq9A,0,0,36.234782507751284,0.2507733702659607,15.473982810974121,0.0001302083401242271,0.10000000894069672,uniform,blur,uniform same-energy,resnet18,1236,0
london_query_0M3fNwl2Fi82PVH3lDRsCg,london_database_4k--SrbWZCiu2p5cJt0EYw,1,0.8421789407730103,london_database_1D6hwAKVjwxPeiGlv9IT3g,0.8363203406333923,0.00585860013961792,london_database_4k--SrbWZCiu2p5cJt0EYw,1,1,36.20803620960861,0.2507736384868622,15.569574356079102,0.007237412966787815,0.09999999403953552,uniform,blur,uniform same-energy,resnet18,1236,0
manila_query_-hNuMbgiWK_ZPELfuWj5FQ,manila_database_562jgjEtbznkZO2Ul4TSTw,1,0.8435455560684204,manila_database_3-gSfEXfZFJB6UNSXSK02g,0.8324105739593506,0.011134982109069824,manila_database_562jgjEtbznkZO2Ul4TSTw,1,1,36.25550076448088,0.25077390670776367,15.400339126586914,0.0,0.10000000894069672,uniform,blur,uniform same-energy,resnet18,1236,0
nairobi_query_5ISN1dRvjgJI9rd6GbusNQ,nairobi_database_91GsMs5kPfxkm2YLFNBy2g,50,0.8237859606742859,cph_database_4BdWO7YCXasxr90wTqDpDw,0.8505952954292297,-0.026809334754943848,cph_database_4BdWO7YCXasxr90wTqDpDw,0,0,36.290125031846244,0.2507752776145935,15.278047561645508,0.0016818576259538531,0.10000000894069672,uniform,blur,uniform same-energy,resnet18,1236,0
toronto_query_-PuMS2UqNh7dbLLfWE37yg,toronto_database_6qYwQstrayZM_SmME-owrw,2,0.8898521065711975,toronto_database_0ccv5ZSPbvN3WBJN_1__MA,0.9051657915115356,-0.015313684940338135,toronto_database_0ccv5ZSPbvN3WBJN_1__MA,1,1,36.28714621150701,0.2507741451263428,15.288530349731445,0.0088975690305233,0.10000000149011612,uniform,blur,uniform same-energy,resnet18,1236,0
zurich_query_1-TXtjFv1nAkC2AZXfhuDg,zurich_database_-0c8fGzuvHKGROvzeZflOQ,65,0.8592314720153809,zurich_database_-Es59pgAQfznoDqUA50E9Q,0.8914966583251953,-0.03226518630981445,zurich_database_-Es59pgAQfznoDqUA50E9Q,0,0,36.178200960355014,0.2507736384868622,15.676902770996094,0.0,0.10000000894069672,uniform,blur,uniform same-energy,resnet18,1236,0
amman_query_-39Q9edqZUArYHa41OPDoQ,amman_database_230ybQVhceCf4Sln4SPOMQ,1,0.8683593273162842,amman_database_83JeviUS_J6DBsBA1i9tuA,0.8541099429130554,0.01424938440322876,amman_database_230ybQVhceCf4Sln4SPOMQ,1,1,36.10580882519317,0.2507728636264801,15.940409660339355,0.0,0.8931085467338562,edge,blur,gradient-magnitude (edge),resnet18,1236,0
boston_query_--LUAhgqzqNM6FyWSJ-Dsw,boston_database_-XpWzw3N73sfAC2jKTbD5Q,1,0.9458247423171997,boston_database_0XkG0EUDAUX3eUfdrB2wyw,0.9019838571548462,0.043840885162353516,boston_database_-XpWzw3N73sfAC2jKTbD5Q,1,1,36.115594547898596,0.2507810592651367,15.904532432556152,0.0,0.7949225306510925,edge,blur,gradient-magnitude (edge),resnet18,1236,0
cph_query_--FyHVca3HP-QgUmcAvToA,cph_database_0dcx1DoaGzM3QYU_47-ctA,23,0.8490216732025146,boston_database_DU3FJGAh3PrB45a580xbGg,0.8868685960769653,-0.037846922874450684,boston_database_DU3FJGAh3PrB45a580xbGg,0,0,36.13550157994226,0.2507774531841278,15.831796646118164,0.0036838108208030462,0.8844218850135803,edge,blur,gradient-magnitude (edge),resnet18,1236,0
london_query_-0u7VsCOCAmwH4RFsN5BoA,london_database_f9ng8k9Ngt4UWja_a-mjaw,209,0.7748153209686279,zurich_database_0r57m1gsoV4j_t4xOqtL7A,0.8271797895431519,-0.052364468574523926,zurich_database_0r57m1gsoV4j_t4xOqtL7A,0,0,36.37889402615687,0.2507737874984741,14.968936920166016,0.0,0.8344635367393494,edge,blur,gradient-magnitude (edge),resnet18,1236,0
manila_query_-10kuZ2TqVxJ-YLQJl2uqA,manila_database_Zr6IH7wDsmdaq7VyLJLKDg,56,0.8250390887260437,manila_database_7vOvfavBmZmLG0s8XGaBbA,0.8752967119216919,-0.05025762319564819,manila_database_7vOvfavBmZmLG0s8XGaBbA,0,0,36.099228487874434,0.25077420473098755,15.964580535888672,0.0,0.6784471869468689,edge,blur,gradient-magnitude (edge),resnet18,1236,0
nairobi_query_-K4R8iYrz9LwQ7wia8JZtQ,nairobi_database_fdXQFliJlP2K6rvw_jLOnQ,1999,0.5225870609283447,zurich_database_4-7L3aTGT-P2Zip2jLHH2Q,0.8293708562850952,-0.3067837953567505,zurich_database_4-7L3aTGT-P2Zip2jLHH2Q,0,0,36.09720329949261,0.25077372789382935,15.972026824951172,2.1701389414374717e-05,0.7906314730644226,edge,blur,gradient-magnitude (edge),resnet18,1236,0
toronto_query_-1caqsIDW4YpUBZB98J9uV,toronto_database_0ItNHOVZYAjAFyIWcZNw3Q,32,0.8412370681762695,zurich_database_VgwLuWhpDSqjlB2NYlCDAw,0.859708845615387,-0.01847177743911743,zurich_database_VgwLuWhpDSqjlB2NYlCDAw,0,0,36.3010741272946,0.25076574087142944,15.239578247070312,0.01613498292863369,0.9213084578514099,edge,blur,gradient-magnitude (edge),resnet18,1236,0
zurich_query_--RjvuIbkJiPNJknyeZN_Q,zurich_database_TZZASHVyX8JX4JCtjaZu8A,143,0.8174527883529663,boston_database_7T5vnHPW4Xd12sc2X_jLfw,0.8707371354103088,-0.05328434705734253,boston_database_7T5vnHPW4Xd12sc2X_jLfw,0,0,36.09960234835479,0.2507780194282532,15.96320629119873,0.0,0.8826049566268921,edge,blur,gradient-magnitude (edge),resnet18,1236,0
amman_query_-6eEB_fS2eePRNUql6vOrQ,amman_database_Ld8UF_WG7d620clwmhmA7w,1,0.9198510646820068,amman_database_4JYN6Wp8p1aN_2b6dP1Yyw,0.8852929472923279,0.034558117389678955,amman_database_Ld8UF_WG7d620clwmhmA7w,1,1,36.096824978236654,0.25077947974205017,15.973418235778809,0.0,0.8236352801322937,edge,blur,gradient-magnitude (edge),resnet18,1236,0
boston_query_--VtRctVkqAafFr5b_6GXg,boston_database_UwsH5HN1NhjYYf2i_SZMMw,261,0.8081130981445312,manila_database_5epuq5tYovqXrYnobxqP_A,0.8808087110519409,-0.07269561290740967,manila_database_5epuq5tYovqXrYnobxqP_A,0,0,36.11275540651222,0.25077253580093384,15.914933204650879,0.0,0.8007616996765137,edge,blur,gradient-magnitude (edge),resnet18,1236,0
cph_query_--kN3Y3n0x47vWa8WX-a8w,cph_database_m8v7yRzg-Ahnt8itIkwjQA,1,0.9191576242446899,zurich_database_4FlzweEjVGvnW3C9lZIYrw,0.8940473794937134,0.025110244750976562,cph_database_m8v7yRzg-Ahnt8itIkwjQA,1,1,36.09648972861432,0.2507750391960144,15.974651336669922,0.0,0.9094904065132141,edge,blur,gradient-magnitude (edge),resnet18,1236,0
london_query_-4Vq2O1PhPmG6WK-yV402Q,london_database_ZMtlIMgqMeKcrAIPxCMp3g,1,0.902195155620575,london_database_8m5P4YTaevUpbWaQ62dnUA,0.8945392966270447,0.0076558589935302734,london_database_ZMtlIMgqMeKcrAIPxCMp3g,1,1,36.32351276581432,0.2507784962654114,15.161043167114258,0.0350477434694767,0.846100926399231,edge,blur,gradient-magnitude (edge),resnet18,1236,0
manila_query_-10rV9IlRhgTnk5e_QJbgA,manila_database_8aFsf-s2G5vsaCKgNpxZxA,587,0.7766185998916626,manila_database_403INTlXpIBnsRFhSgUFOw,0.8772354125976562,-0.10061681270599365,manila_database_403INTlXpIBnsRFhSgUFOw,0,0,36.34027595906152,0.25077295303344727,15.102636337280273,0.0,0.9031118750572205,edge,blur,gradient-magnitude (edge),resnet18,1236,0
nairobi_query_-cS3FR1RBElNB48QQHiL0Q,nairobi_database_XdvgQAdvS4ZnbRq1lFmPvA,15,0.8530922532081604,amman_database_29z1w1EW9-qTj7neMnnIig,0.8822846412658691,-0.02919238805770874,amman_database_29z1w1EW9-qTj7neMnnIig,0,0,36.097650637535345,0.2507703900337219,15.970381736755371,1.627604251552839e-05,0.8298339247703552,edge,blur,gradient-magnitude (edge),resnet18,1236,0
toronto_query_-3UT7A8bNUkVBgSLW30-ow,toronto_database_ahYWgqSEuXW1UvHqjcvhbg,51,0.7855086326599121,zurich_database_1L-dXrILGks9fkkckuB6MA,0.8183935284614563,-0.03288489580154419,zurich_database_1L-dXrILGks9fkkckuB6MA,0,0,36.26561173015638,0.25077131390571594,15.364526748657227,0.00831705704331398,0.8625422716140747,edge,blur,gradient-magnitude (edge),resnet18,1236,0
zurich_query_-25E3MQ0PY1vs_FT7mKaUw,zurich_database_62HR56sCdEq3XIADUUPmBw,11,0.851900577545166,manila_database_8CX3mu74pWVyEWzhNrVcbQ,0.8753904104232788,-0.023489832878112793,manila_database_8CX3mu74pWVyEWzhNrVcbQ,0,0,36.19822970542272,0.25077539682388306,15.60477066040039,0.0028157553169876337,0.9235255122184753,edge,blur,gradient-magnitude (edge),resnet18,1236,0
amman_query_-BJoV1t0rKwEzk0bsZplVQ,amman_database_RybCghn6dxdppOd3XPQXhw,1726,0.6392427682876587,amman_database_TAHAih6CiD8ZHZpJqmk4NA,0.8535730242729187,-0.21433025598526,amman_database_TAHAih6CiD8ZHZpJqmk4NA,0,0,36.09990955551562,0.2507748603820801,15.962077140808105,0.0,0.93524569272995,edge,blur,gradient-magnitude (edge),resnet18,1236,0
boston_query_-0n5FDAuOditKvxIekIbBg,boston_database_7Spns0cJFoQxJhHcHR_Yok,1,0.8467363119125366,manila_database_3ED-M6yl_Y4YZkenDNv49Q,0.7960134148597717,0.05072289705276489,boston_database_7Spns0cJFoQxJhHcHR_Yok,1,1,36.27082206195597,0.2507784962654114,15.346104621887207,0.00260959193110466,0.9291566014289856,edge,blur,gradient-magnitude (edge),resnet18,1236,0
cph_query_--xKnCCc_4tDGo80iM-A_g,cph_database_2_XsYL2TeW-tmupH9iXwiw,1,0.9013669490814209,toronto_database_0Xd5A1HQH8R9fdiXX-PmOg,0.8893967866897583,0.011970162391662598,cph_database_2_XsYL2TeW-tmupH9iXwiw,1,1,36.14928646991627,0.250778466463089,15.781624794006348,0.00015733507461845875,0.7564865946769714,edge,blur,gradient-magnitude (edge),resnet18,1236,0
london_query_-4pmBOZmF-ynXSkWw5BAew,london_database_5a908C1LT7cfUlW0-urdfA,1,0.8663438558578491,cph_database_7_wYc_QgW8FRWp1rR6jnJQ,0.8476423621177673,0.018701493740081787,london_database_5a908C1LT7cfUlW0-urdfA,1,1,36.47462414998085,0.2507704198360443,14.64259147644043,0.05397677794098854,0.7211623787879944,edge,blur,gradient-magnitude (edge),resnet18,1236,0
manila_query_-2h231ovohZWmrsaBllNyw,manila_database_AtwA7nHo3oRCY9gITWUBSw,153,0.8179635405540466,cph_database_XtStyqOnyclJ6DFytgpC0Q,0.8722487092018127,-0.05428516864776611,cph_database_XtStyqOnyclJ6DFytgpC0Q,0,0,36.15619023186466,0.2507747709751129,15.75655746459961,0.0008029513992369175,0.7455893158912659,edge,blur,gradient-magnitude (edge),resnet18,1236,0
nairobi_query_-dn1KaWvGY9H5JRLNtaYPg,nairobi_database_ssLyvL_47h4IZogucHeChA,2,0.8508843183517456,manila_database_U1FwUndEQdlXZ93Iz997UA,0.8523577451705933,-0.0014734268188476562,manila_database_U1FwUndEQdlXZ93Iz997UA,1,1,36.413689851378024,0.2507757246494293,14.84948444366455,0.02903645858168602,0.9245876669883728,edge,blur,gradient-magnitude (edge),resnet18,1236,0
toronto_query_-4IVXvKV2D8brXjQPZ1GRA,toronto_database_76nIzPCLBw3jsfFraKvLlg,1,0.8878151774406433,toronto_database_5ey9E_udkLByc3LTBLFD3A,0.8831779956817627,0.004637181758880615,toronto_database_76nIzPCLBw3jsfFraKvLlg,1,1,36.43697132062392,0.2507709264755249,14.770092964172363,0.03564453125,0.8019829988479614,edge,blur,gradient-magnitude (edge),resnet18,1236,0
zurich_query_-4StYjY5sT1S23ls5heCbg,zurich_database_X6HaLuJZms_NtOwrX7Ccnw,1,0.8936071395874023,zurich_database_-Z_U-J1EncVqJmBvLwHPaQ,0.8707712888717651,0.022835850715637207,zurich_database_X6HaLuJZms_NtOwrX7Ccnw,1,1,36.359323083072084,0.25077372789382935,15.036544799804688,0.02360568568110466,0.7554153800010681,edge,blur,gradient-magnitude (edge),resnet18,1236,0
amman_query_-D0IlKF__f0c9DPAKbiYnw,amman_database_83JeviUS_J6DBsBA1i9tuA,39,0.7831602692604065,amman_database_q8IKz1dYe84bII8aKmSgZw,0.8821510076522827,-0.09899073839187622,amman_database_q8IKz1dYe84bII8aKmSgZw,0,0,36.09588100427637,0.2507750689983368,15.976890563964844,0.0,0.9752233624458313,edge,blur,gradient-magnitude (edge),resnet18,1236,0
boston_query_-3hM-MR6uuw3se14vw3G0w,boston_database_Ald8XklVXJv2wFOcWoD7SA,341,0.7361353635787964,boston_database_4FDiXrluACXMwFexJ7QSmA,0.8529242277145386,-0.11678886413574219,boston_database_4FDiXrluACXMwFexJ7QSmA,0,0,36.10641790328794,0.2507822811603546,15.9381742477417,0.0,0.8614702820777893,edge,blur,gradient-magnitude (edge),resnet18,1236,0
cph_query_-05vIhjxDNupFcgaM90L3w,cph_database_T7zbMe-_pVjIRayCf9mfQw,3,0.8594042062759399,manila_database_1-NjZL9b8KTrSIldAnLivA,0.8762719035148621,-0.01686769723892212,manila_database_1-NjZL9b8KTrSIldAnLivA,1,1,36.26791470437243,0.2507733106613159,15.3563814163208,0.011029730550944805,0.7640457153320312,edge,blur,gradient-magnitude (edge),resnet18,1236,0
london_query_-5QOE2AlZX8rEz8ONtGRrg,london_database_7NuzdrMI9lHNaBHwtbChxQ,26,0.7607295513153076,cph_database_dh-vxFQjWULqXOrDb8Ptzw,0.8077545166015625,-0.04702496528625488,cph_database_dh-vxFQjWULqXOrDb8Ptzw,0,0,36.11249751304707,0.2507742941379547,15.915878295898438,0.0,0.81547611951828,edge,blur,gradient-magnitude (edge),resnet18,1236,0
manila_query_-3H2xPWPOqn_dCF2Lz5EtQ,manila_database_-VWrhS101xkbdgoKX_ctiw,305,0.8245371580123901,manila_database_6-Ge4mVQgHummzC1udZtig,0.8769043684005737,-0.052367210388183594,manila_database_6-Ge4mVQgHummzC1udZtig,0,0,36.26789312770261,0.2507686913013458,15.356457710266113,0.00030924478778615594,0.8008400201797485,edge,blur,gradient-magnitude (edge),resnet18,1236,0
nairobi_query_-f7xKWoDFjaXHyTtnRqVKw,nairobi_database_niKNve9XPiiP3-BM1fszYw,130,0.771869957447052,london_database_JeQXfjTo6VURMPAXsqqrqw,0.8464482426643372,-0.07457828521728516,london_database_JeQXfjTo6VURMPAXsqqrqw,0,0,36.194182141092256,0.25077563524246216,15.6193208694458,0.01842990517616272,0.9672516584396362,edge,blur,gradient-magnitude (edge),resnet18,1236,0
toronto_query_-4mlNvZUZnbmRaGbiIndoA,toronto_database_aGiRwJJAlM_N-HVpKyVj_Q,1,0.8565065860748291,nairobi_database_ssLyvL_47h4IZogucHeChA,0.8476248383522034,0.008881747722625732,toronto_database_aGiRwJJAlM_N-HVpKyVj_Q,1,1,36.21855817113275,0.2507755160331726,15.531898498535156,0.0019368489738553762,0.8073492646217346,edge,blur,gradient-magnitude (edge),resnet18,1236,0
zurich_query_-71-BK_yAOJ1soK0OQWIcg,zurich_database_D5f-Hfo2KgngABF8SxLx7A,102,0.7514976859092712,boston_database_17euonMgPfb6H2Pil1okIQ,0.8068134188652039,-0.05531573295593262,boston_database_17euonMgPfb6H2Pil1okIQ,0,0,36.13815066485672,0.25076621770858765,15.822142601013184,0.0,0.5740835070610046,edge,blur,gradient-magnitude (edge),resnet18,1236,0
amman_query_-EAmCN9i5BGEadZIccXEyA,amman_database_49Nj3x8K07clFjERwTHCTQ,21,0.8276360630989075,manila_database_8CX3mu74pWVyEWzhNrVcbQ,0.8596808910369873,-0.032044827938079834,manila_database_8CX3mu74pWVyEWzhNrVcbQ,0,0,36.11972588914395,0.25077342987060547,15.889410018920898,0.0003363715368323028,0.8725659847259521,edge,blur,gradient-magnitude (edge),resnet18,1236,0
boston_query_-4vuSn0vvcBVOccgQqFlow,boston_database_Gvml7rFx_6nDit5eWclK5g,51,0.8320786952972412,boston_database_4milP7SllTY547rUjQshWg,0.8683590888977051,-0.03628039360046387,boston_database_4milP7SllTY547rUjQshWg,0,0,36.11095905824246,0.25077205896377563,15.921517372131348,0.0,0.7270696759223938,edge,blur,gradient-magnitude (edge),resnet18,1236,0
cph_query_-07-gME-zaQLhCsFrSInSg,cph_database_7uNVVQ63J8fRL3vQqXLvMA,4,0.8379978537559509,london_database_0Iz2DUm5xsWGNOXZSATxSQ,0.8478192090988159,-0.00982135534286499,london_database_0Iz2DUm5xsWGNOXZSATxSQ,1,1,36.27520971467668,0.2507721185684204,15.330608367919922,0.0,0.8639184236526489,edge,blur,gradient-magnitude (edge),resnet18,1236,0
london_query_-7U9wY8ynnu3oZ1g_-0xww,london_database_7RTgs3f2012dnRwFgn1daw,12,0.8754966259002686,london_database_7hadEPdEI2MGW7SMcZDBUA,0.8964505195617676,-0.020953893661499023,london_database_7hadEPdEI2MGW7SMcZDBUA,0,0,36.30315344126912,0.25076982378959656,15.232283592224121,0.0265842005610466,0.7980394959449768,edge,blur,gradient-magnitude (edge),resnet18,1236,0
manila_query_-5pMypBbFEXHPOTYNJl_EA,manila_database_1NHx9p_Qfpv51-_bnxD3XQ,8,0.8611323833465576,amman_database_29z1w1EW9-qTj7neMnnIig,0.8802961111068726,-0.01916372776031494,amman_database_29z1w1EW9-qTj7neMnnIig,0,1,36.26559663448329,0.2507675886154175,15.364580154418945,0.0,0.8523136973381042,edge,blur,gradient-magnitude (edge),resnet18,1236,0
nairobi_query_-rWgRitoKSYrdczUKUiOrA,nairobi_database_3rFIO1enFyRVL-nV8QEmBA,3,0.8214105367660522,boston_database_5L3USOLg_-os4yeRMczNuQ,0.8445769548416138,-0.023166418075561523,boston_database_5L3USOLg_-os4yeRMczNuQ,1,1,36.12073971942773,0.2507723271846771,15.885701179504395,5.967881952528842e-05,0.8582218289375305,edge,blur,gradient-magnitude (edge),resnet18,1236,0
toronto_query_-5HBlqC41yTbYA1NM7dz1A,toronto_database_LIR6pHa5HpRIR-2BJFU0rg,40,0.8357267379760742,toronto_database_J944BkUVr339StNeKvml4Q,0.8728890419006348,-0.03716230392456055,toronto_database_J944BkUVr339StNeKvml4Q,0,0,36.31654178959919,0.25077182054519653,15.18539810180664,0.03733723983168602,0.7887112498283386,edge,blur,gradient-magnitude (edge),resnet18,1236,0
zurich_query_-7bB9HS2MqV7UT7vRyROfg,zurich_database_5hJrSztFeaGup3NhNZhzFg,89,0.8214718103408813,boston_database_8iSbf-_pURepfxymiY1Mdw,0.864906907081604,-0.043435096740722656,boston_database_8iSbf-_pURepfxymiY1Mdw,0,0,36.12831299841447,0.25077807903289795,15.858023643493652,0.002625867957249284,0.9272128343582153,edge,blur,gradient-magnitude (edge),resnet18,1236,0
amman_query_-L_vanPrT4RcWlLbzCqMKA,amman_database_HrGES6C0zJzcc7fxoUh1wA,36,0.8392981290817261,manila_database_0juhzfP3_ZmDsludDkLRBA,0.8676316738128662,-0.028333544731140137,manila_database_0juhzfP3_ZmDsludDkLRBA,0,0,36.119309632930545,0.2507729232311249,15.8909330368042,0.0,0.8298255205154419,edge,blur,gradient-magnitude (edge),resnet18,1236,0
boston_query_-5-CNr3q7kmRGcDSMueI4w,boston_database_kkvI6FjRw9lNm8bQvk5Rkg,1,0.8927496075630188,boston_database_z6clbBM962IhGWqflkuHCv,0.8833638429641724,0.009385764598846436,boston_database_kkvI6FjRw9lNm8bQvk5Rkg,1,1,36.10029489251665,0.25077906250953674,15.960660934448242,0.0,0.7117095589637756,edge,blur,gradient-magnitude (edge),resnet18,1236,0
cph_query_-0_HsZnndjHv76QpTyNFCA,cph_database_SV8c2DXuy-R0A6D10eAPeA,2,0.8633929491043091,amman_database_3R0Bf2kyDwfj1gZ5-JMKsw,0.882089376449585,-0.01869642734527588,amman_database_3R0Bf2kyDwfj1gZ5-JMKsw,1,1,36.12248351880946,0.25077441334724426,15.879323959350586,0.0,0.7773090600967407,edge,blur,gradient-magnitude (edge),resnet18,1236,0
london_query_-7cNAk24ZhuoOowcvDoImw,london_database_51ahiaqHEKcy5QEIBNvh3A,63,0.8121118545532227,boston_database_-BzrVPIrGylZQ8H15WaRYg,0.851604700088501,-0.03949284553527832,boston_database_-BzrVPIrGylZQ8H15WaRYg,0,0,36.26748319134225,0.25076133012771606,15.35790729522705,0.0,0.9375019073486328,edge,blur,gradient-magnitude (edge),resnet18,1236,0
manila_query_-6NSbTuzpeyDbSXKeGAasg,manila_database_No4-TeedOgxh0oAMVBGCKA,3,0.8482338786125183,toronto_database_9-DiFFT4mg8DJt0ScCodig,0.8550776243209839,-0.006843745708465576,toronto_database_9-DiFFT4mg8DJt0ScCodig,1,1,36.10971110651217,0.2507738173007965,15.926093101501465,0.0,0.809675931930542,edge,blur,gradient-magnitude (edge),resnet18,1236,0
nairobi_query_-yxXz3in11JFniZQAa7m2A,nairobi_database_5fIX502GwN4iBedy_B8GeA,42,0.7909361124038696,cph_database_1nVPT6ZWiVRfTMwuFKHvQw,0.8460098505020142,-0.05507373809814453,cph_database_1nVPT6ZWiVRfTMwuFKHvQw,0,0,36.39750778027619,0.2507730722427368,14.90491771697998,0.0515679270029068,0.8996618390083313,edge,blur,gradient-magnitude (edge),resnet18,1236,0
toronto_query_-5RKNbex7In9Ys4mH40wXA,toronto_database_6WcJ7hWAeDPVUYIua0lFOg,1564,0.7002779245376587,toronto_database_-C42seTAv_ysnP57NggKvQ,0.8851926326751709,-0.1849147081375122,toronto_database_-C42seTAv_ysnP57NggKvQ,0,0,36.546485401785496,0.2507719099521637,14.402298927307129,0.07364366203546524,0.8400492072105408,edge,blur,gradient-magnitude (edge),resnet18,1236,0
zurich_query_-ANYzSHAsjItBx6yJauT3A,zurich_database_2AJ6kHCsE48TTzHS7X6vFw,32,0.8404355049133301,manila_database_YAr_6aQgtNVbe7GhT70obQ,0.8849172592163086,-0.044481754302978516,manila_database_YAr_6aQgtNVbe7GhT70obQ,0,0,36.3024454547939,0.250773549079895,15.234766960144043,0.0001681857684161514,0.7972813248634338,edge,blur,gradient-magnitude (edge),resnet18,1236,0
amman_query_-MUBUlzvFxQS_zFg6xNhVg,amman_database_151zMheq8vPIGSfBTFm2Kg,33,0.8435943126678467,amman_database_21axHEFcyX-1hI673vVgLQ,0.8754922151565552,-0.031897902488708496,amman_database_21axHEFcyX-1hI673vVgLQ,0,0,36.116074776939804,0.2507729232311249,15.9027738571167,0.0,0.8250160813331604,edge,blur,gradient-magnitude (edge),resnet18,1236,0
boston_query_-6RLrPXAeunQaNK6m645ZA,boston_database_4rLO8Z_zI2AomCqI2i3j4w,2,0.8630936145782471,zurich_database_4FlzweEjVGvnW3C9lZIYrw,0.869678258895874,-0.006584644317626953,zurich_database_4FlzweEjVGvnW3C9lZIYrw,1,1,36.21799421927961,0.2507758140563965,15.533915519714355,0.000244140625,0.8103623390197754,edge,blur,gradient-magnitude (edge),resnet18,1236,0
cph_query_-2N5Dmf5tOm5N83KXgvjDw,cph_database_5bN6yjff_s_mmc84IJXTkQ,1,0.8915317058563232,cph_database_0GxLZOHP77ozyB6CMVyncA,0.8590099811553955,0.032521724700927734,cph_database_5bN6yjff_s_mmc84IJXTkQ,1,1,36.54013203439056,0.2507745623588562,14.423383712768555,0.0755479633808136,0.832767128944397,edge,blur,gradient-magnitude (edge),resnet18,1236,0
london_query_-8xWvI5d3Z6gfsRDb_kEQQ,london_database_2nfD8uopWEhFcNeRrMETIA,29,0.7436651587486267,london_database_1HBKiIwsYTj_B1mXOqKWag,0.8576477766036987,-0.11398261785507202,london_database_1HBKiIwsYTj_B1mXOqKWag,0,0,36.34221307760541,0.2507750391960144,15.095901489257812,0.04034830629825592,0.8159691095352173,edge,blur,gradient-magnitude (edge),resnet18,1236,0
manila_query_-6_2C-ExaVhx4ONvHOvffw,manila_database_GI4HIiOuBrAQqj5gEbVdrw,446,0.8164374828338623,manila_database_2pcMDZN9eETtWZGigjrLLw,0.8929474353790283,-0.07650995254516602,manila_database_2pcMDZN9eETtWZGigjrLLw,0,0,36.286262335108276,0.2507683038711548,15.291642189025879,0.0012695312034338713,0.7437403798103333,edge,blur,gradient-magnitude (edge),resnet18,1236,0
nairobi_query_0-ZdPdUGwVdDwKbIOxQCBA,nairobi_database_Sm5f4osblN-sOr2YFvbXXg,2,0.8324598073959351,london_database_JeQXfjTo6VURMPAXsqqrqw,0.8513634204864502,-0.018903613090515137,london_database_JeQXfjTo6VURMPAXsqqrqw,1,1,36.133965939676166,0.25077536702156067,15.837395668029785,0.0030598959419876337,0.9572758078575134,edge,blur,gradient-magnitude (edge),resnet18,1236,0
toronto_query_-5ryd5v5eXUsmP9y4p6w_g,toronto_database_xlhtmCWmPwjhLIwEPp899Q,1361,0.7616975903511047,toronto_database_2PHgK91Apm8x6PzXK7MpUA,0.8946011662483215,-0.1329035758972168,toronto_database_2PHgK91Apm8x6PzXK7MpUA,0,0,36.10399664750265,0.2507699728012085,15.947062492370605,0.0,0.9404330253601074,edge,blur,gradient-magnitude (edge),resnet18,1236,0
zurich_query_-Bz7by7mnVU_HZbXc8FmpQ,zurich_database_JlQZqZETcsktpyAY5mc1pg,2,0.8757849931716919,toronto_database_8Ha8vTyXTW5lX1aiKBb8KQ,0.8926255702972412,-0.016840577125549316,toronto_database_8Ha8vTyXTW5lX1aiKBb8KQ,1,1,36.0988336472808,0.25077301263809204,15.966032028198242,0.0,0.8336449265480042,edge,blur,gradient-magnitude (edge),resnet18,1236,0
amman_query_-N1g8CEJP4UIaWH8Qqja2g,amman_database_-XjCytxzIY7TdmXBiTWapg,64,0.8202964663505554,amman_database_ONY-rsH_3nthK111PVrqsg,0.8926007747650146,-0.07230430841445923,amman_database_ONY-rsH_3nthK111PVrqsg,0,0,36.122212006488105,0.2507729232311249,15.880316734313965,0.0,0.8783360123634338,edge,blur,gradient-magnitude (edge),resnet18,1236,0
boston_query_-7KZUz5u8-7ja98pf8etVA,boston_database_-1Ur0I4BTjRYsKJqfcfVZQ,941,0.7428770065307617,boston_database_7nBh5iB7F195iH0429WvoQ,0.8674286603927612,-0.12455165386199951,boston_database_7nBh5iB7F195iH0429WvoQ,0,0,36.20506635928231,0.25077399611473083,15.580224990844727,0.0032823351211845875,0.7789545059204102,edge,blur,gradient-magnitude (edge),resnet18,1236,0
cph_query_-3uNzD-M1uI2jZeGqOkpXg,cph_database_spPSHqDZCj45h17hsXWxpw,94,0.7754507660865784,london_database_2dm36NWbW57_LB2NgdO-Rw,0.8296521902084351,-0.05420142412185669,london_database_2dm36NWbW57_LB2NgdO-Rw,0,0,36.09736589181619,0.2507754862308502,15.971428871154785,0.0,0.9411982297897339,edge,blur,gradient-magnitude (edge),resnet18,1236,0
london_query_-9FGszdwftnBlzMuP0c_NQ,london_database_Kz3Cq-q4WwlxQ_Rjgk305g,1,0.8964234590530396,toronto_database_6qYwQstrayZM_SmME-owrw,0.8663064241409302,0.030117034912109375,london_database_Kz3Cq-q4WwlxQ_Rjgk305g,1,1,36.12311685271374,0.25077688694000244,15.877008438110352,6.510417006211355e-05,0.7599583864212036,edge,blur,gradient-magnitude (edge),resnet18,1236,0
manila_query_-6_XaKv0Rrp2Jl0G9m_8NQ,manila_database_-aBV8vXQErDoI7aoZ1e0rw,43,0.8257501125335693,toronto_database_2INWgVLU39mIgUVLP2xQbA,0.8556283116340637,-0.029878199100494385,toronto_database_2INWgVLU39mIgUVLP2xQbA,0,0,36.1174389274648,0.25077328085899353,15.89777946472168,0.0,0.7679881453514099,edge,blur,gradient-magnitude (edge),resnet18,1236,0
nairobi_query_01juXwMfxX_a4pfhpqt66g,nairobi_database_2qhZXjPq2bPM3DspieqrQw,25,0.7859838604927063,cph_database_2ySNejZfiFdx7Ry3SwhV2Q,0.8165726065635681,-0.030588746070861816,cph_database_2ySNejZfiFdx7Ry3SwhV2Q,0,0,36.263480794198614,0.25077351927757263,15.37206745147705,0.01981336809694767,0.9621290564537048,edge,blur,gradient-magnitude (edge),resnet18,1236,0
toronto_query_-5z50PgNYnxK8Ns2WmF_TQ,toronto_database_18_06r8X3FWdwfUchBmPQA,39,0.8243834972381592,zurich_database_1RM5Mx-wajw1Nbo7PHHTwg,0.8644692897796631,-0.040085792541503906,zurich_database_1RM5Mx-wajw1Nbo7PHHTwg,0,0,36.100323696857764,0.25077491998672485,15.960555076599121,0.0,0.9171318411827087,edge,blur,gradient-magnitude (edge),resnet18,1236,0
zurich_query_-D3dDkhM5rjIJhj1SPdroA,zurich_database_A7Y3Ah31a1X_Bh7UZS5KIA,286,0.8076726198196411,cph_database_3NQI8cjUItCPUXn1lBmjFQ,0.8737409710884094,-0.06606835126876831,cph_database_3NQI8cjUItCPUXn1lBmjFQ,0,0,36.404850530034565,0.2507605254650116,14.879738807678223,0.04443359375,0.8337298035621643,edge,blur,gradient-magnitude (edge),resnet18,1236,0
amman_query_-VdxqGX8d8L_OiSEN5CtDw,amman_database_ugi1L8kfJhi2W7D5xbEYlA,448,0.7938101887702942,amman_database_ONY-rsH_3nthK111PVrqsg,0.8637846112251282,-0.06997442245483398,amman_database_ONY-rsH_3nthK111PVrqsg,0,0,36.108077970776954,0.25077542662620544,15.932083129882812,0.0,0.8140965104103088,edge,blur,gradient-magnitude (edge),resnet18,1236,0
boston_query_-8cIAPzC7_za-xCEWsIoK2,boston_database_AESuFaFKr_mrdts__0iV-Q,31,0.8255389928817749,boston_database_LvKqyZOVkMtPAJ-SkA3DN1,0.8459590673446655,-0.020420074462890625,boston_database_LvKqyZOVkMtPAJ-SkA3DN1,0,0,36.22944357940383,0.2507675290107727,15.493017196655273,0.014643012546002865,0.8330062031745911,edge,blur,gradient-magnitude (edge),resnet18,1236,0
cph_query_-4KruxIYZ3a3GYE0tOKn2w,cph_database_BA4fi2-fm64XvLVa1q7wlA,43,0.8105168342590332,cph_database_2DoeyqFykZ0Nwt_gBPq6hQ,0.8600088357925415,-0.0494920015335083,cph_database_2DoeyqFykZ0Nwt_gBPq6hQ,0,0,36.28521995512824,0.25077301263809204,15.295312881469727,0.01626519113779068,0.8327003717422485,edge,blur,gradient-magnitude (edge),resnet18,1236,0
london_query_-9KgeyegI3TaGMqglsDENg,london_database_Hw6rU3Y_eRzUYi-xZDftAw,1,0.8290760517120361,manila_database_iQLC6e2wWewa4umD-xG3wQ,0.7871903777122498,0.04188567399978638,london_database_Hw6rU3Y_eRzUYi-xZDftAw,1,1,36.126781986119674,0.2507722079753876,15.863615036010742,0.000244140625,0.8073106408119202,edge,blur,gradient-magnitude (edge),resnet18,1236,0
manila_query_-7YHsOWBiYFmYcRzIM0ijg,manila_database_19O8RqWar1XGh6LAIJtmNA,6,0.8036342859268188,zurich_database_0-4m0jPfiQAHj2iyda31pw,0.820067286491394,-0.016433000564575195,zurich_database_0-4m0jPfiQAHj2iyda31pw,0,1,36.12366339916249,0.2507806718349457,15.87501049041748,6.510417006211355e-05,0.8668376207351685,edge,blur,gradient-magnitude (edge),resnet18,1236,0
nairobi_query_09aysNUjwNAPHsHo-R-IdA,nairobi_database_t60p67uDSP0gRO7zmQchmQ,3,0.8290926218032837,amman_database_29z1w1EW9-qTj7neMnnIig,0.8390134572982788,-0.009920835494995117,amman_database_29z1w1EW9-qTj7neMnnIig,1,1,36.098148857786754,0.25076642632484436,15.968549728393555,0.0,0.8813720345497131,edge,blur,gradient-magnitude (edge),resnet18,1236,0
toronto_query_-68JeZKxV2XoP0N_6780Og,toronto_database_5gR2GvdWi8_efGPscwDy_A,1,0.8646504878997803,zurich_database_-Es59pgAQfznoDqUA50E9Q,0.8552746772766113,0.009375810623168945,toronto_database_5gR2GvdWi8_efGPscwDy_A,1,1,36.10836523958713,0.25077375769615173,15.931029319763184,0.0,0.8600136041641235,edge,blur,gradient-magnitude (edge),resnet18,1236,0
zurich_query_-E0qyEWY7jSPMOpGqiEG-A,zurich_database_I4oH_JsDyb1dsdtKtFBlCA,23,0.7167284488677979,london_database_TlgZJTCWCnxf-QDzfZ8pKw,0.7789855003356934,-0.06225705146789551,london_database_TlgZJTCWCnxf-QDzfZ8pKw,0,0,36.181600098516114,0.25076815485954285,15.664637565612793,0.0017361111240461469,0.6819486618041992,edge,blur,gradient-magnitude (edge),resnet18,1236,0
amman_query_-XWB_1fOm8NW5dQx9p5IKg,amman_database__7mDw96zrfdEDXA5fBuvGA,826,0.7776943445205688,amman_database_MouZWB1Ob24hWl5wCW952A,0.9275103211402893,-0.14981597661972046,amman_database_MouZWB1Ob24hWl5wCW952A,0,0,36.09738534106634,0.2507690489292145,15.971357345581055,0.0,0.7764909267425537,edge,blur,gradient-magnitude (edge),resnet18,1236,0
boston_query_-9Lur-PAHqcMspWszAgfqw,boston_database_CqhaSgFClCjYa5JYXuJe1w,8,0.8850317001342773,zurich_database_dc10RRbQNpdUphjhxUxjXQ,0.9071961641311646,-0.022164463996887207,zurich_database_dc10RRbQNpdUphjhxUxjXQ,0,1,36.304895078834754,0.25077563524246216,15.226176261901855,0.014529080130159855,0.8396332263946533,edge,blur,gradient-magnitude (edge),resnet18,1236,0
cph_query_-4RqBOkDhigU8JsdQZINkQ,cph_database_XtStyqOnyclJ6DFytgpC0Q,4,0.8934742212295532,cph_database_0Q9p7gfxU-alnjlr85nMlw,0.8969635963439941,-0.003489375114440918,cph_database_0Q9p7gfxU-alnjlr85nMlw,1,1,36.25559650789252,0.25077947974205017,15.399999618530273,0.02622070349752903,0.7647645473480225,edge,blur,gradient-magnitude (edge),resnet18,1236,0
london_query_-FGaYVNFN5ALUsVDNixL_g,london_database__DqCW6X8QmABQcaY8pyziA,1,0.8678039908409119,amman_database_ZTcuy3lDt_yPN6_vzSqXdw,0.8580309152603149,0.009773075580596924,london_database__DqCW6X8QmABQcaY8pyziA,1,1,36.187032981737076,0.2507772743701935,15.64505386352539,0.00022786458430346102,0.8698086738586426,edge,blur,gradient-magnitude (edge),resnet18,1236,0
manila_query_-81llwEm_ZxNy7Sa7Xrjlw,manila_database_6NVQHVTmkpvn42q7KaKzJA,8,0.8362544178962708,manila_database_2pcMDZN9eETtWZGigjrLLw,0.8478097915649414,-0.011555373668670654,manila_database_2pcMDZN9eETtWZGigjrLLw,0,1,36.37746958305145,0.25076824426651,14.973847389221191,0.012820095755159855,0.8251311182975769,edge,blur,gradient-magnitude (edge),resnet18,1236,0
nairobi_query_0ByAmUG6wFySvLcHHQ0Sdg,nairobi_database_wbz228P545PFYBpVD8i8XA,39,0.8195643424987793,nairobi_database_5nj9SryW0zrvMpEtOd9gjg,0.8556993007659912,-0.036134958267211914,nairobi_database_5nj9SryW0zrvMpEtOd9gjg,0,0,36.2412839975479,0.2507738173007965,15.450835227966309,0.02009006030857563,0.8709214925765991,edge,blur,gradient-magnitude (edge),resnet18,1236,0
toronto_query_-6ZIqrL48IaL1dCCO7bDVQ,toronto_database_W6mVozbof69jHkgfFY-m0g,1,0.9027540683746338,toronto_database_3erLhthk-y29kkRtkoBrhQ,0.8437323570251465,0.059021711349487305,toronto_database_W6mVozbof69jHkgfFY-m0g,1,1,36.09976788464858,0.25077131390571594,15.962597846984863,0.0,0.9060032367706299,edge,blur,gradient-magnitude (edge),resnet18,1236,0
zurich_query_-F7hOUVha_xHAoDddsUYdw,zurich_database_4nCjiIEaw9okSbBCMVmg_w,1116,0.7354282140731812,boston_database_7nBh5iB7F195iH0429WvoQ,0.847468912601471,-0.1120406985282898,boston_database_7nBh5iB7F195iH0429WvoQ,0,0,36.20552016178235,0.2507792115211487,15.578597068786621,0.00010850694525288418,0.8425577282905579,edge,blur,gradient-magnitude (edge),resnet18,1236,0
amman_query_-iXxlTRmA5JphamcIjxBbA,amman_database_ONY-rsH_3nthK111PVrqsg,31,0.8459017276763916,toronto_database_hVExz7tZBsxQPaRmQofLqw,0.8855796456336975,-0.03967791795730591,toronto_database_hVExz7tZBsxQPaRmQofLqw,0,0,36.09578353334656,0.25077709555625916,15.977249145507812,0.0,0.8893505930900574,edge,blur,gradient-magnitude (edge),resnet18,1236,0
boston_query_-9gbUk-DmX9AOqntuN1nEm,boston_database_LvKqyZOVkMtPAJ-SkA3DN1,74,0.8342341184616089,amman_database_29z1w1EW9-qTj7neMnnIig,0.8693652153015137,-0.035131096839904785,amman_database_29z1w1EW9-qTj7neMnnIig,0,0,36.25834007676454,0.25076669454574585,15.390274047851562,0.0,0.7526360154151917,edge,blur,gradient-magnitude (edge),resnet18,1236,0
cph_query_-4XnD9qE623teR-nRYxB5A,cph_database_ow5xdWEyF-MVQ-BPjFMouA,1,0.885408878326416,cph_database_-omj0-mF4wHLf3oeSKTIKw,0.8487184047698975,0.036690473556518555,cph_database_ow5xdWEyF-MVQ-BPjFMouA,1,1,37.056553902944565,0.2507558763027191,12.8063383102417,0.15348850190639496,0.8759222030639648,edge,blur,gradient-magnitude (edge),resnet18,1236,0
london_query_-Flts9XBA2wVlru8_LHbkg,london_database_-QKK8oyA3lo4YfRSEG7GEA,595,0.7283947467803955,nairobi_database_1oH8UP6Fw5pq60tdS75mZA,0.8126699924468994,-0.0842752456665039,nairobi_database_1oH8UP6Fw5pq60tdS75mZA,0,0,36.221918602224974,0.2507738769054413,15.519885063171387,0.0033203125931322575,0.8812510967254639,edge,blur,gradient-magnitude (edge),resnet18,1236,0
manila_query_-85J_HceaTP2S0IavwkQ-A,manila_database_8yqxt9j7zrVdyJ-Ft4Cc1Q,842,0.7689409852027893,manila_database__VL8SUncDox-4OH01nYE4Q,0.8697798252105713,-0.10083884000778198,manila_database__VL8SUncDox-4OH01nYE4Q,0,0,36.17794417067946,0.250763863325119,15.67782974243164,3.255208503105678e-05,0.7993160486221313,edge,blur,gradient-magnitude (edge),resnet18,1236,0
nairobi_query_0LJUobuUEqOqrZc4s2fVgg,nairobi_database_1oH8UP6Fw5pq60tdS75mZA,243,0.7895433306694031,boston_database_1Wub0YixN7gLbcCoRHTTxQ,0.8648740649223328,-0.07533073425292969,boston_database_1Wub0YixN7gLbcCoRHTTxQ,0,0,36.18149671872855,0.25077447295188904,15.665010452270508,0.01470269076526165,0.9599648714065552,edge,blur,gradient-magnitude (edge),resnet18,1236,0
toronto_query_-7C0G-8afrBbN3hImbBHsA,toronto_database_4QZV-ysKpbmwlccfG-g0Iw,386,0.7701331377029419,toronto_database_2PHgK91Apm8x6PzXK7MpUA,0.8694319725036621,-0.09929883480072021,toronto_database_2PHgK91Apm8x6PzXK7MpUA,0,0,36.10324586480763,0.2507684826850891,15.949819564819336,0.0,0.946172833442688,edge,blur,gradient-magnitude (edge),resnet18,1236,0
zurich_query_-Kb55YIF941j2DBFO5gVjA,zurich_database_JlQZqZETcsktpyAY5mc1pg,2,0.8482900857925415,cph_database_5lWKQzKGc2vUB9JJXTTNmw,0.8589851260185242,-0.010695040225982666,cph_database_5lWKQzKGc2vUB9JJXTTNmw,1,1,36.09763741122784,0.25077560544013977,15.970430374145508,0.0,0.805723249912262,edge,blur,gradient-magnitude (edge),resnet18,1236,0
amman_query_-qij8CFaEYNp4JW3rF9oqQ,amman_database_rdbcIZseJqbKkU9KsDdh-A,5,0.8603588342666626,boston_database_7sEinu-9Cmc8M88D9wksJQ,0.8778600692749023,-0.017501235008239746,boston_database_7sEinu-9Cmc8M88D9wksJQ,1,1,36.14761031644332,0.25076916813850403,15.78771686553955,0.00018988715601153672,0.8465402722358704,edge,blur,gradient-magnitude (edge),resnet18,1236,0
boston_query_-AJWNV55EAzvKArt5mMYqg,boston_database_N3OTKcW9hTAp9nLQb5vvXQ,47,0.8346335887908936,boston_database_57ckbe_BSJC6ORvOPDpD_A,0.8563476204872131,-0.02171403169631958,boston_database_57ckbe_BSJC6ORvOPDpD_A,0,0,36.15435113315237,0.2507770359516144,15.76323127746582,0.003993055783212185,0.8114495873451233,edge,blur,gradient-magnitude (edge),resnet18,1236,0
cph_query_-5qSxgAnKk-6Bf5AVVoPjA,cph_database_80uzfcVMY2L2qHA2dbhCWQ,12,0.8562796115875244,zurich_database_16Q8MrHPMTdCzbt3JQ77iw,0.865951657295227,-0.009672045707702637,zurich_database_16Q8MrHPMTdCzbt3JQ77iw,0,0,36.111267069823384,0.2507754862308502,15.920388221740723,0.0,0.9315569996833801,edge,blur,gradient-magnitude (edge),resnet18,1236,0
london_query_-HfvOD1d7XUGJoEMybpyqQ,london_database_917neVitvw508ZojGNEx3Q,691,0.7733803391456604,boston_database_3qV_NDshNzxy2JQxvbDkZQ,0.891855001449585,-0.11847466230392456,boston_database_3qV_NDshNzxy2JQxvbDkZQ,0,0,36.17559942171792,0.2507788836956024,15.686296463012695,0.0023437500931322575,0.7608436346054077,edge,blur,gradient-magnitude (edge),resnet18,1236,0
manila_query_-9tG6ERjH4jVcWo9jkVvBg,manila_database_qtxcmhtwgJidBJJam2iDkw,1,0.8310554027557373,manila_database_5rjFma7r9oUAgRgPi5J3PA,0.8130013942718506,0.01805400848388672,manila_database_qtxcmhtwgJidBJJam2iDkw,1,1,36.134095131205584,0.25076714158058167,15.83692455291748,0.0001302083401242271,0.7366658449172974,edge,blur,gradient-magnitude (edge),resnet18,1236,0
nairobi_query_0M1Vl3tUlt_2MiFp6vxhrg,nairobi_database_eLRKoMBh-dvLHfmS1Vahcw,27,0.8412868976593018,boston_database_3jcLE11XlN-dINe6tG4USw,0.8854016065597534,-0.04411470890045166,boston_database_3jcLE11XlN-dINe6tG4USw,0,0,36.11062245570227,0.2507731020450592,15.922751426696777,0.00014105903392191976,0.8853731751441956,edge,blur,gradient-magnitude (edge),resnet18,1236,0
toronto_query_-7bDZLvVOVk7ethfd1yomg,toronto_database_8qOq6ZJGQFAHGlRgRSoFTQ,16,0.8660812377929688,toronto_database_0ccv5ZSPbvN3WBJN_1__MA,0.8983362913131714,-0.03225505352020264,toronto_database_0ccv5ZSPbvN3WBJN_1__MA,0,0,36.16692445888535,0.2507725656032562,15.717660903930664,0.0,0.7074952125549316,edge,blur,gradient-magnitude (edge),resnet18,1236,0
zurich_query_-Km53YFc8zewa3vS2OeGsQ,zurich_database_53bbXmgm_cz_armcB3lPKg,3,0.8825684785842896,cph_database_6fnBKZ5y6JLHZ30W5ZJgRg,0.889270544052124,-0.006702065467834473,cph_database_6fnBKZ5y6JLHZ30W5ZJgRg,1,1,36.124940159636424,0.25077149271965027,15.870344161987305,0.0,0.8997730016708374,edge,blur,gradient-magnitude (edge),resnet18,1236,0
amman_query_-t_-moqpBTWSiKU7mS-lgQ,amman_database_21axHEFcyX-1hI673vVgLQ,7,0.8317093253135681,amman_database_8b6nqdmSUhPLWFX555DGGw,0.8692601919174194,-0.03755086660385132,amman_database_8b6nqdmSUhPLWFX555DGGw,0,1,36.095987810041095,0.25077325105667114,15.976497650146484,0.0,0.9549949765205383,edge,blur,gradient-magnitude (edge),resnet18,1236,0
boston_query_-Ae9_7GnntvqV8myNb9fhv,boston_database_z6clbBM962IhGWqflkuHCv,4,0.8639458417892456,boston_database_4KYD-Lea90k3MYU22xzDu7,0.8791868686676025,-0.015241026878356934,boston_database_4KYD-Lea90k3MYU22xzDu7,1,1,36.26222379789754,0.25076863169670105,15.376517295837402,0.0021755641791969538,0.8382568359375,edge,blur,gradient-magnitude (edge),resnet18,1236,0
cph_query_-8E-udXiyMJCRp_UkM4Kgw,cph_database_2IB57R6kVRS6CDyJNBJWpg,7,0.8251566886901855,cph_database_-WLoHKY0ip7EewEcN8uwqQ,0.8411059379577637,-0.015949249267578125,cph_database_-WLoHKY0ip7EewEcN8uwqQ,0,1,36.2001275786307,0.25077930092811584,15.597952842712402,0.009564886800944805,0.7486818432807922,edge,blur,gradient-magnitude (edge),resnet18,1236,0
london_query_-Id3DdRqVbjIA39wjxbTgw,london_database_4yFURIl3HWyhu0J4BPas9w,2,0.8081727623939514,boston_database_4lu4yL8Z8y7SYip2jDb2FQ,0.8137893080711365,-0.005616545677185059,boston_database_4lu4yL8Z8y7SYip2jDb2FQ,1,1,36.17101711009032,0.25076597929000854,15.702856063842773,0.003727213479578495,0.7599828839302063,edge,blur,gradient-magnitude (edge),resnet18,1236,0
manila_query_-AXkFLZ0HchDGYvJ_KZ3dQ,manila_database_1oIli-5JQ1PBqvT2fhYquQ,16,0.8564949035644531,manila_database_8utvedK3WjLqNtdaZaP_4A,0.8807206153869629,-0.024225711822509766,manila_database_8utvedK3WjLqNtdaZaP_4A,0,0,36.10035691291172,0.25077030062675476,15.960433006286621,0.0,0.8547089695930481,edge,blur,gradient-magnitude (edge),resnet18,1236,0
nairobi_query_0Oa1jUYlj8LE47HApYWufA,nairobi_database_14U0pNV5S0iV1nTcO-rhkA,174,0.7800613641738892,nairobi_database_rSWvDBhPmOJ9okCbzr8dlw,0.8402866125106812,-0.06022524833679199,nairobi_database_rSWvDBhPmOJ9okCbzr8dlw,0,0,36.101817632493066,0.25077664852142334,15.955065727233887,0.0,0.8409155011177063,edge,blur,gradient-magnitude (edge),resnet18,1236,0
toronto_query_-85n6JJLXmi04edt5JxhzQ,toronto_database_aOsux29CXeL89W7MaEgCLA,1299,0.750948429107666,toronto_database_4DjfS6EeioqDL5k7mux0cw,0.899307906627655,-0.148359477519989,toronto_database_4DjfS6EeioqDL5k7mux0cw,0,0,36.13262377814932,0.25077512860298157,15.842290878295898,0.0,0.9337689280509949,edge,blur,gradient-magnitude (edge),resnet18,1236,0
zurich_query_-M0Q1_7lg_TKGT2-mllw4w,zurich_database_2CmVSwzJAXqa1AFJIoMkgQ,138,0.8012956380844116,manila_database_0jgLKZ3NAsgQ8sOziLr1Hw,0.8647391200065613,-0.06344348192214966,manila_database_0jgLKZ3NAsgQ8sOziLr1Hw,0,0,36.12003973673914,0.2507741451263428,15.888261795043945,0.0015136718284338713,0.9704207181930542,edge,blur,gradient-magnitude (edge),resnet18,1236,0
amman_query_0-2jyV8XAzdAOYMkdyQVLw,amman_database_36lvaYDrOYq6NEmT7jTvCA,15,0.8544789552688599,amman_database_21axHEFcyX-1hI673vVgLQ,0.8850231170654297,-0.030544161796569824,amman_database_21axHEFcyX-1hI673vVgLQ,0,0,36.1014137312425,0.2507760226726532,15.956549644470215,0.0,0.9143597483634949,edge,blur,gradient-magnitude (edge),resnet18,1236,0
boston_query_-BE36-GG_yM6YS57M_uMTQ,boston_database_Ald8XklVXJv2wFOcWoD7SA,490,0.7528570294380188,boston_database_-R7nQetELLnuCzeSsoG04A,0.8819289803504944,-0.12907195091247559,boston_database_-R7nQetELLnuCzeSsoG04A,0,0,36.10353644983913,0.2507772743701935,15.948752403259277,2.7126736313221045e-05,0.8990499973297119,edge,blur,gradient-magnitude (edge),resnet18,1236,0
cph_query_-9WYlFp61M1J1zV1mJD4uA,cph_database_UjpWUL98Q5DyuoCMWlk77w,56,0.8287150859832764,cph_database_-3eIUVWD-sqVQ4yuYuqU3Q,0.8841317892074585,-0.05541670322418213,cph_database_-3eIUVWD-sqVQ4yuYuqU3Q,0,0,36.228007717728005,0.2507712244987488,15.498140335083008,0.0,0.9226812720298767,edge,blur,gradient-magnitude (edge),resnet18,1236,0
london_query_-OOGG8lTvgHHqp3iuULlyQ,london_database_-ciLkUT3ztPptCzyhLAG2w,1,0.8802038431167603,manila_database_5rjFma7r9oUAgRgPi5J3PA,0.8611077070236206,0.01909613609313965,london_database_-ciLkUT3ztPptCzyhLAG2w,1,1,36.11797355585531,0.25076907873153687,15.895822525024414,0.0013075086753815413,0.7107239365577698,edge,blur,gradient-magnitude (edge),resnet18,1236,0
manila_query_-ColYSDtqqoE3TZ4eZHu8g,manila_database_-_5itq9kaN27LUOyoOLDuA,534,0.7913399338722229,manila_database_YAr_6aQgtNVbe7GhT70obQ,0.8752409815788269,-0.083901047706604,manila_database_YAr_6aQgtNVbe7GhT70obQ,0,0,36.1037005779485,0.2507755160331726,15.948149681091309,0.0,0.7741751074790955,edge,blur,gradient-magnitude (edge),resnet18,1236,0
nairobi_query_0R73ChZbcyJ8Z4vBaef_Jw,nairobi_database_ssLyvL_47h4IZogucHeChA,15,0.8404869437217712,manila_database_7jMO5NcoYo4Ka0s2PejP_Q,0.8683940172195435,-0.027907073497772217,manila_database_7jMO5NcoYo4Ka0s2PejP_Q,0,0,36.161620878217036,0.25077468156814575,15.73686695098877,0.0029296875,0.9552954435348511,edge,blur,gradient-magnitude (edge),resnet18,1236,0
toronto_query_-8BknWmZh2lEnEeect73Ww,toronto_database_zv6HYCz2L9iYghJLLris7g,1,0.8974343538284302,boston_database_-SOo96t-psBZx0-9GmKu1A,0.8623411059379578,0.03509324789047241,toronto_database_zv6HYCz2L9iYghJLLris7g,1,1,36.137593916741025,0.25077497959136963,15.82417106628418,0.0003200954815838486,0.6296982169151306,edge,blur,gradient-magnitude (edge),resnet18,1236,0
zurich_query_-TxHEY5xnZFgfnHO3ygjzw,zurich_database_yPFr1vukqyaoiyE5hzEgDA,1,0.921059787273407,boston_database_4-6GGfB8D4dopYQHTwjWMw,0.8848979473114014,0.036161839962005615,zurich_database_yPFr1vukqyaoiyE5hzEgDA,1,1,36.13856218606422,0.25077104568481445,15.820643424987793,0.0003743489505723119,0.8890383839607239,edge,blur,gradient-magnitude (edge),resnet18,1236,0
amman_query_051WRvR5gI1vde606oseFw,amman_database_21axHEFcyX-1hI673vVgLQ,17,0.8373488187789917,amman_database_03BobRbPyEDe0jl1HDZCYw,0.8792840242385864,-0.04193520545959473,amman_database_03BobRbPyEDe0jl1HDZCYw,0,0,36.09596292302625,0.25077417492866516,15.97658920288086,0.0,0.9416927695274353,edge,blur,gradient-magnitude (edge),resnet18,1236,0
boston_query_-CNeDzWqfei0F-1CmA8N9A,boston_database_76FUFcxeZzbF2Nt703437w,21,0.8546286821365356,cph_database_2XjBAvIVehCi1oTjgqkw9w,0.8834116458892822,-0.028782963752746582,cph_database_2XjBAvIVehCi1oTjgqkw9w,0,0,36.097247642249904,0.2507699728012085,15.971863746643066,0.0,0.8064560294151306,edge,blur,gradient-magnitude (edge),resnet18,1236,0
cph_query_-9ZOGirqZl2EVYWN1WLERg,cph_database_Ql2MXoTNSGeDQGwctdxVdA,1,0.9282376766204834,zurich_database_4FlzweEjVGvnW3C9lZIYrw,0.8846926093101501,0.04354506731033325,cph_database_Ql2MXoTNSGeDQGwctdxVdA,1,1,36.09616902291771,0.25077521800994873,15.975831031799316,0.0,0.9215359687805176,edge,blur,gradient-magnitude (edge),resnet18,1236,0
london_query_-TmVvxY52h9CjrIUzBbCgw,london_database_3__T69hWP2YBl0b17CTSIg,89,0.791349470615387,boston_database_5sVUsJEhNKx6MFsRdH1a_Q,0.8380149006843567,-0.04666543006896973,boston_database_5sVUsJEhNKx6MFsRdH1a_Q,0,0,36.24587454225939,0.2507743239402771,15.4345121383667,0.0,0.884141743183136,edge,blur,gradient-magnitude (edge),resnet18,1236,0
manila_query_-ELxcda6ePiuO6nR3VP3-A,manila_database_UHmqVlwY_tIWS997TaZywA,3,0.8565089702606201,manila_database_2pcMDZN9eETtWZGigjrLLw,0.868428111076355,-0.011919140815734863,manila_database_2pcMDZN9eETtWZGigjrLLw,1,1,36.40209909052893,0.2507697343826294,14.889168739318848,0.008588324300944805,0.7600588202476501,edge,blur,gradient-magnitude (edge),resnet18,1236,0
nairobi_query_0TzVtw0twyRTMFGP-VzE8A,nairobi_database_MjdWRTPZD74Zvf3gP0T3DA,21,0.8451077938079834,nairobi_database_WiJ9iNgTD-tlBmoavaoobw,0.8665064573287964,-0.02139866352081299,nairobi_database_WiJ9iNgTD-tlBmoavaoobw,0,0,36.20017457804126,0.2507767379283905,15.597784042358398,0.008664279244840145,0.9290458559989929,edge,blur,gradient-magnitude (edge),resnet18,1236,0
toronto_query_-8NbZpIbjwqAXwoRMmYddg,toronto_database_JZHiKl7CE7BzdlGbop_5MA,32,0.8298162817955017,toronto_database_2INWgVLU39mIgUVLP2xQbA,0.8614038228988647,-0.03158754110336304,toronto_database_2INWgVLU39mIgUVLP2xQbA,0,0,36.09644591213046,0.2507743537425995,15.974812507629395,0.0,0.8318265676498413,edge,blur,gradient-magnitude (edge),resnet18,1236,0
zurich_query_-Vs9xzO47S-0Cfs9o81wvQ,zurich_database_b1fafYqxlKXQcwQsy8LFhQ,4,0.8543477058410645,manila_database_0dFbfxmCgeyDccswDEtWWg,0.8716761469841003,-0.01732844114303589,manila_database_0dFbfxmCgeyDccswDEtWWg,1,1,36.15256875487535,0.2507670223712921,15.769701957702637,0.0,0.8293923139572144,edge,blur,gradient-magnitude (edge),resnet18,1236,0
amman_query_0CjrhmzpvqXBOIBsGB6LcQ,amman_database_69QG67OivV1EL8WHuc8YEg,1,0.8867142200469971,manila_database_0juhzfP3_ZmDsludDkLRBA,0.8628211617469788,0.02389305830001831,amman_database_69QG67OivV1EL8WHuc8YEg,1,1,36.12527813474807,0.2507766783237457,15.869109153747559,0.0,0.9194751977920532,edge,blur,gradient-magnitude (edge),resnet18,1236,0
boston_query_-D-onyWSIw3M1SbsxL7X-g,boston_database_xJh2U6wTEJU5MkN6cNWmrg,115,0.8249034881591797,boston_database_2B76OnuT5TwwsBCC15rSDg,0.9001878499984741,-0.07528436183929443,boston_database_2B76OnuT5TwwsBCC15rSDg,0,0,36.21362853747908,0.2507753372192383,15.549538612365723,0.0001844618091126904,0.685305118560791,edge,blur,gradient-magnitude (edge),resnet18,1236,0
cph_query_-AowxxrsOr_xM02-ZyrQ5A,cph_database_0nZJCIlWvN21hdTwFT-XOQ,1,0.871506929397583,manila_database_UHmqVlwY_tIWS997TaZywA,0.8661673069000244,0.005339622497558594,cph_database_0nZJCIlWvN21hdTwFT-XOQ,1,1,36.1542565449609,0.2507764399051666,15.763574600219727,0.0,0.8614226579666138,edge,blur,gradient-magnitude (edge),resnet18,1236,0
london_query_-UeH_UbGnPshWdeEEYfhyQ,london_database_0lYDTfjiFald7StHlzc7LA,38,0.7457457780838013,boston_database_0QoQ8ZS1gO0jR1VGgcTNQg,0.8055068254470825,-0.05976104736328125,boston_database_0QoQ8ZS1gO0jR1VGgcTNQg,0,0,36.122815042459784,0.25077369809150696,15.878111839294434,0.0,0.8884085416793823,edge,blur,gradient-magnitude (edge),resnet18,1236,0
manila_query_-EVOy4h35ZUyBK4r6uBM5g,manila_database_ixGfNfahIcacMbnVzeZG9g,65,0.8050625324249268,manila_database_3ED-M6yl_Y4YZkenDNv49Q,0.8676867485046387,-0.06262421607971191,manila_database_3ED-M6yl_Y4YZkenDNv49Q,0,0,36.151689787661425,0.2507743835449219,15.772893905639648,0.0,0.9156826734542847,edge,blur,gradient-magnitude (edge),resnet18,1236,0
nairobi_query_0YY7sOJF2Kr1PfPB1KidBg,nairobi_database_91GsMs5kPfxkm2YLFNBy2g,14,0.8235565423965454,london_database_JeQXfjTo6VURMPAXsqqrqw,0.8630197048187256,-0.039463162422180176,london_database_JeQXfjTo6VURMPAXsqqrqw,0,0,36.22305160308825,0.25077372789382935,15.515836715698242,0.02107747457921505,0.9574534296989441,edge,blur,gradient-magnitude (edge),resnet18,1236,0
toronto_query_-8Q-Otkctyr1cXAnmn2BEw,toronto_database_Ih3LD81JtUjroS3MjUuwZg,3,0.8493001461029053,toronto_database_2j1PywoBiilyvBDanvmevQ,0.8518079519271851,-0.002507805824279785,toronto_database_2j1PywoBiilyvBDanvmevQ,1,1,36.510478157363366,0.2507759928703308,14.522204399108887,0.0547417551279068,0.8691325187683105,edge,blur,gradient-magnitude (edge),resnet18,1236,0
zurich_query_-ZAb7eYhYeo1yW06_paa_g,zurich_database_1_gNZOBhjuqXWwNw0QqCaA,1,0.8931691646575928,boston_database_2HqIYacSD0Jad_3YkpMl1g,0.886437177658081,0.006731986999511719,zurich_database_1_gNZOBhjuqXWwNw0QqCaA,1,1,36.16018674029949,0.2507661283016205,15.742064476013184,0.0,0.8166366815567017,edge,blur,gradient-magnitude (edge),resnet18,1236,0
amman_query_0IvHKlYEfFEP39KRxr9UZg,amman_database_fCzctNthLHl-2vsKbs98Bw,1,0.9025167226791382,amman_database_3R0Bf2kyDwfj1gZ5-JMKsw,0.8956077694892883,0.0069089531898498535,amman_database_fCzctNthLHl-2vsKbs98Bw,1,1,36.10077213502269,0.250779390335083,15.958907127380371,0.0,0.8650306463241577,edge,blur,gradient-magnitude (edge),resnet18,1236,0
boston_query_-DYvemYiNwx_BmPSrlUWIA,boston_database_ww4T5tskIaGOpEIBWTr60A,163,0.817265510559082,boston_database_2Cjk1OlRe0-8M6Pv0tLQ-g,0.8613699674606323,-0.04410445690155029,boston_database_2Cjk1OlRe0-8M6Pv0tLQ-g,0,0,36.1574957865018,0.25077709555625916,15.751821517944336,0.00420464389026165,0.8091289401054382,edge,blur,gradient-magnitude (edge),resnet18,1236,0
cph_query_-BH_JCTriNnLeoSt0e51lQ,cph_database_6CANlvoIvwlMpdsIrbbUmA,612,0.7314295172691345,boston_database_1busJQOKCp-Qb4SSxC05LQ,0.842201292514801,-0.1107717752456665,boston_database_1busJQOKCp-Qb4SSxC05LQ,0,0,36.1640097032182,0.25077787041664124,15.7282133102417,0.005246310960501432,0.9350063800811768,edge,blur,gradient-magnitude (edge),resnet18,1236,0
london_query_-WUdEGuLIX2B2T8rBV0Rgw,london_database_6vg0MNEb_kVbYXrqLQ0DBg,67,0.8120595216751099,boston_database_-SQ-U4LuFzg4MylsKWaf9g,0.8639527559280396,-0.05189323425292969,boston_database_-SQ-U4LuFzg4MylsKWaf9g,0,0,36.26732165468119,0.25077110528945923,15.358478546142578,0.02540147490799427,0.7867180705070496,edge,blur,gradient-magnitude (edge),resnet18,1236,0
manila_query_-EthLwRJMwt-Shb-xpIYlA,manila_database_6RVJjUHylLXW8_yzLJi4gw,601,0.7678381204605103,manila_database_1etdiOKnehK8IRpiHKe2Pg,0.8540226221084595,-0.08618450164794922,manila_database_1etdiOKnehK8IRpiHKe2Pg,0,0,36.180933857638905,0.25076591968536377,15.667040824890137,0.0,0.7664514780044556,edge,blur,gradient-magnitude (edge),resnet18,1236,0
nairobi_query_0jIUlQnC_o05NHi_OMD_vg,nairobi_database_3xxeV1DoPMaR_eHJb0-MkQ,3,0.8677917718887329,zurich_database_4NRS_5YX0S3yJJSOofowlA,0.871538519859314,-0.0037467479705810547,zurich_database_4NRS_5YX0S3yJJSOofowlA,1,1,36.45215031818037,0.2507734000682831,14.718560218811035,0.05492621660232544,0.9124680757522583,edge,blur,gradient-magnitude (edge),resnet18,1236,0
toronto_query_-8imnyri_5yPaHzqoBtiSg,toronto_database_5e1J0xEuBEPa9eXQ9e2W-g,79,0.8333268165588379,toronto_database_ECmQ64-04E7vfP5IE4lV4g,0.9161314964294434,-0.08280467987060547,toronto_database_ECmQ64-04E7vfP5IE4lV4g,0,0,36.11115884704891,0.25077587366104126,15.920784950256348,0.0,0.8439826369285583,edge,blur,gradient-magnitude (edge),resnet18,1236,0
zurich_query_-_SB4ERKdFDYkwavdkk6NA,zurich_database_1_gNZOBhjuqXWwNw0QqCaA,1,0.8839635848999023,boston_database_0jBH4wR9BKokO1K858DzNA,0.8798441886901855,0.004119396209716797,zurich_database_1_gNZOBhjuqXWwNw0QqCaA,1,1,36.16635900404292,0.2507616877555847,15.719707489013672,4.340277882874943e-05,0.8231866955757141,edge,blur,gradient-magnitude (edge),resnet18,1236,0
amman_query_0NfGsYmI9MkLl0JzfO-tJg,amman_database_RybCghn6dxdppOd3XPQXhw,1931,0.6408200263977051,amman_database_5XoaP1Muw6iwIBg_kWYFaQ,0.8589016199111938,-0.21808159351348877,amman_database_5XoaP1Muw6iwIBg_kWYFaQ,0,0,36.0960088085708,0.2507747411727905,15.976420402526855,0.0,0.8989815711975098,edge,blur,gradient-magnitude (edge),resnet18,1236,0
boston_query_-DZ2jmUKLylFospVHUJx9w,boston_database_N3OTKcW9hTAp9nLQb5vvXQ,38,0.8282188773155212,boston_database_08Ee0x4RX98medABwOiFEg,0.8620672225952148,-0.033848345279693604,boston_database_08Ee0x4RX98medABwOiFEg,0,0,36.15429411724588,0.25077682733535767,15.76343822479248,0.004871961660683155,0.8443087935447693,edge,blur,gradient-magnitude (edge),resnet18,1236,0
cph_query_-CmhgNHgZVau1Sw841AZJw,cph_database_-WLoHKY0ip7EewEcN8uwqQ,1,0.8824985027313232,toronto_database_6qYwQstrayZM_SmME-owrw,0.8709218502044678,0.011576652526855469,cph_database_-WLoHKY0ip7EewEcN8uwqQ,1,1,36.176442308038546,0.2507777810096741,15.683252334594727,0.0045410157181322575,0.7905300259590149,edge,blur,gradient-magnitude (edge),resnet18,1236,0
london_query_-WZeEq0W1pr6VJS4t3dR0g,london_database_5_ziGZ9lgouSBDtEhw834Q,1,0.7864563465118408,cph_database_BA4fi2-fm64XvLVa1q7wlA,0.7828561067581177,0.0036002397537231445,london_database_5_ziGZ9lgouSBDtEhw834Q,1,1,36.27287964827228,0.25077956914901733,15.338835716247559,0.03091362863779068,0.8324828147888184,edge,blur,gradient-magnitude (edge),resnet18,1236,0
manila_query_-GD9SrklFbEy7mNAK9uIXg,manila_database_3-gSfEXfZFJB6UNSXSK02g,8,0.8392559289932251,manila_database_4__xTySvhbOwYQ1_EJAhug,0.860551118850708,-0.02129518985748291,manila_database_4__xTySvhbOwYQ1_EJAhug,0,1,36.12049021545124,0.2507721483707428,15.886613845825195,0.0,0.925091028213501,edge,blur,gradient-magnitude (edge),resnet18,1236,0
nairobi_query_0o5iaNnZzqS9cqJ1tMT85g,nairobi_database_NoG9ZUE9lu8WisRacbbNUw,130,0.802704930305481,nairobi_database_n1PCtejzqVRzsDEOW3YjuA,0.8678267002105713,-0.06512176990509033,nairobi_database_n1PCtejzqVRzsDEOW3YjuA,0,0,36.09906167501835,0.2507769465446472,15.965193748474121,0.0,0.7891377806663513,edge,blur,gradient-magnitude (edge),resnet18,1236,0
toronto_query_-8zrNMH6voa2ZtBaGNpoYQ,toronto_database_5KWZplgAeg8SoiyL3fb1CA,1,0.9116237759590149,zurich_database_2IFVvdawkgwfoEkc1UpdCw,0.910642147064209,0.0009816288948059082,toronto_database_5KWZplgAeg8SoiyL3fb1CA,1,1,36.10605514853794,0.25077539682388306,15.939505577087402,0.0,0.8722147345542908,edge,blur,gradient-magnitude (edge),resnet18,1236,0
zurich_query_-bwmsEYfSnHpjkqrw0Vn6g,zurich_database_1_gNZOBhjuqXWwNw0QqCaA,1,0.8951141834259033,boston_database_2HqIYacSD0Jad_3YkpMl1g,0.8636898398399353,0.03142434358596802,zurich_database_1_gNZOBhjuqXWwNw0QqCaA,1,1,36.15169398905347,0.2507683336734772,15.772878646850586,0.0,0.8951947689056396,edge,blur,gradient-magnitude (edge),resnet18,1236,0
amman_query_0PLHged3iWJuuv8xOPB5rA,amman_database_HrGES6C0zJzcc7fxoUh1wA,12,0.8330022096633911,amman_database_3ZbkOYTSJMb7R5Av7soq9A,0.850339412689209,-0.01733720302581787,amman_database_3ZbkOYTSJMb7R5Av7soq9A,0,0,36.12244048258327,0.2507740259170532,15.879481315612793,0.0,0.909334659576416,edge,blur,gradient-magnitude (edge),resnet18,1236,0
boston_query_-EHBZ4-3d6vENYYFm7mWEw,boston_database_4mzQ9KJnbqfpHrK-m5aFTg,1,0.897840678691864,boston_database_-BzrVPIrGylZQ8H15WaRYg,0.8920141458511353,0.00582653284072876,boston_database_4mzQ9KJnbqfpHrK-m5aFTg,1,1,36.23951676779269,0.2507772147655487,15.457123756408691,0.012141927145421505,0.9275198578834534,edge,blur,gradient-magnitude (edge),resnet18,1236,0
cph_query_-CrgHhqoywCPgzsSAabnsw,cph_database_4BdWO7YCXasxr90wTqDpDw,31,0.8444476127624512,cph_database_5U0Ud3SIKDIGG7O6oKEiNw,0.8894432783126831,-0.044995665550231934,cph_database_5U0Ud3SIKDIGG7O6oKEiNw,0,0,36.11771352856363,0.2507767677307129,15.896774291992188,2.1701389414374717e-05,0.915696918964386,edge,blur,gradient-magnitude (edge),resnet18,1236,0
london_query_-WyzcGh-_EYVhI50Y9F08Q,london_database_0lYDTfjiFald7StHlzc7LA,130,0.7575010061264038,zurich_database_A7Y3Ah31a1X_Bh7UZS5KIA,0.8192430734634399,-0.06174206733703613,zurich_database_A7Y3Ah31a1X_Bh7UZS5KIA,0,0,36.14617712535858,0.2507733702659607,15.792927742004395,0.0,0.8643620014190674,edge,blur,gradient-magnitude (edge),resnet18,1236,0
manila_query_-GRDcYlSjwLZPQ0LqKatqA,manila_database_1iBFV1kM2kGBlSrYoFdpUg,204,0.7883409261703491,manila_database_0ngRAbovek9HaVT_tiAhZA,0.8900610208511353,-0.10172009468078613,manila_database_0ngRAbovek9HaVT_tiAhZA,0,0,36.096737079660876,0.25077757239341736,15.97374153137207,0.0,0.7686814665794373,edge,blur,gradient-magnitude (edge),resnet18,1236,0
nairobi_query_0u9pYEI4g20T0TGGb3Q_mw,nairobi_database_aGKLyNG-tz3P1x2U4mUJ3A,288,0.7835451364517212,amman_database_R8Ij4xihH7Ic6-CiDTeF5Q,0.8473653793334961,-0.0638202428817749,amman_database_R8Ij4xihH7Ic6-CiDTeF5Q,0,0,36.10712531023133,0.2507673501968384,15.935578346252441,1.627604251552839e-05,0.8856615424156189,edge,blur,gradient-magnitude (edge),resnet18,1236,0
toronto_query_-90qYles5GKU3ikhCYP3xg,toronto_database_3z_-YNKqn9FaBhA2mLecZA,4,0.8338277339935303,amman_database_jeZSOjsaBEcvWjfubFGbzw,0.8504003882408142,-0.016572654247283936,amman_database_jeZSOjsaBEcvWjfubFGbzw,1,1,36.110012527615176,0.2507738471031189,15.92498779296875,0.0,0.8938084244728088,edge,blur,gradient-magnitude (edge),resnet18,1236,0
zurich_query_-ckZ0rXdz4mibIinNjdoZQ,zurich_database_5hJrSztFeaGup3NhNZhzFg,160,0.8352380990982056,boston_database_02JXfs6EwwMPVW3wvXX_ow,0.8934218883514404,-0.05818378925323486,boston_database_02JXfs6EwwMPVW3wvXX_ow,0,0,36.12215306369256,0.2507748007774353,15.880532264709473,0.001860894146375358,0.9470824599266052,edge,blur,gradient-magnitude (edge),resnet18,1236,0
amman_query_0R0A_PhOAjP-uMDPM7p7mA,amman_database_IceuJQN2uOI5xXzHFlNWHw,1,0.8786722421646118,cph_database_7nXNULfmHeGICC425Cmpmg,0.8733336925506592,0.005338549613952637,amman_database_IceuJQN2uOI5xXzHFlNWHw,1,1,36.11730944890958,0.25077375769615173,15.898253440856934,0.0,0.8129183650016785,edge,blur,gradient-magnitude (edge),resnet18,1236,0
boston_query_-F1y-kaybMQbp8p7UR03TA,boston_database_1TRosqyedrbYP4Uf-dFqhA,44,0.7926161289215088,boston_database_5DPaJ0eCRYZ5-n_thSbRmw,0.857088565826416,-0.06447243690490723,boston_database_5DPaJ0eCRYZ5-n_thSbRmw,0,0,36.18699327203682,0.25077196955680847,15.645196914672852,0.00931532122194767,0.6729792356491089,edge,blur,gradient-magnitude (edge),resnet18,1236,0
cph_query_-EJZ9qR_FRIGfCF6DhQCJg,cph_database_t-GBg6pL3mp0VntecXrZmQ,1,0.8912910223007202,cph_database_7We2jHKYlziAQQ0G28eWfw,0.8814074993133545,0.009883522987365723,cph_database_t-GBg6pL3mp0VntecXrZmQ,1,1,36.117161478144546,0.25077375769615173,15.898795127868652,0.0,0.7445949912071228,edge,blur,gradient-magnitude (edge),resnet18,1236,0
london_query_-XIh6yuegk86oURAbggPpw,london_database_1deRosoILxJD1tXLjblJGQ,5,0.8639373779296875,london_database_1xjEFtVi8VFN8Sb0jMBQPw,0.8752308487892151,-0.011293470859527588,london_database_1xjEFtVi8VFN8Sb0jMBQPw,1,1,36.118248190761435,0.2507641017436981,15.894817352294922,0.0006835937383584678,0.6957942843437195,edge,blur,gradient-magnitude (edge),resnet18,1236,0
manila_query_-GYvqZ8BYSfzGUbFI13obA,manila_database_5epuq5tYovqXrYnobxqP_A,51,0.799717128276825,manila_database_LlTZZ-urDXw016bTcDEGUQ,0.8680939674377441,-0.06837683916091919,manila_database_LlTZZ-urDXw016bTcDEGUQ,0,0,36.48334403556558,0.250764936208725,14.613221168518066,0.05723198875784874,0.9193626046180725,edge,blur,gradient-magnitude (edge),resnet18,1236,0
nairobi_query_16KxNH7RD-4ITdBTZKvAXw,nairobi_database_58g-D02QH8n16wRLLYDhtQ,22,0.8153032064437866,nairobi_database_6TX4ZR0VfqHmNorJfDCQdA,0.8578596115112305,-0.04255640506744385,nairobi_database_6TX4ZR0VfqHmNorJfDCQdA,0,0,36.33590375000701,0.25077587366104126,15.11784839630127,0.03901909664273262,0.9439359307289124,edge,blur,gradient-magnitude (edge),resnet18,1236,0
toronto_query_-95Ypw11XUgNqZdY5m4GCw,toronto_database_hVExz7tZBsxQPaRmQofLqw,247,0.8032379150390625,toronto_database_yYY-DeUP22gC30oEG2c9_A,0.8988629579544067,-0.09562504291534424,toronto_database_yYY-DeUP22gC30oEG2c9_A,0,0,36.31078575801525,0.25077545642852783,15.205537796020508,1.627604251552839e-05,0.9049026966094971,edge,blur,gradient-magnitude (edge),resnet18,1236,0
zurich_query_-fOHAPAq-KX4XPlg0JJPvg,zurich_database_vx286XWMLd3dewgXDtkHug,424,0.7910062074661255,cph_database_L9eWYNDLPVUHOitjad3-fw,0.8664352893829346,-0.07542908191680908,cph_database_L9eWYNDLPVUHOitjad3-fw,0,0,36.45463914119858,0.25076672434806824,14.710127830505371,0.04739583283662796,0.8518531918525696,edge,blur,gradient-magnitude (edge),resnet18,1236,0
amman_query_0RRGZCCzxqj8dJzhN-RnQQ,amman_database_03BobRbPyEDe0jl1HDZCYw,605,0.7461273670196533,amman_database_GiotUCR1nlkHmoamgZzwvA,0.8607043027877808,-0.11457693576812744,amman_database_GiotUCR1nlkHmoamgZzwvA,0,0,36.13379203407056,0.25077247619628906,15.838029861450195,0.0,0.7394524216651917,edge,blur,gradient-magnitude (edge),resnet18,1236,0
boston_query_-GJo3fVMwIWZoCYgf09NLQ,boston_database_TrnYf4ZaimSqB0wbH8H6TQ,224,0.7775431275367737,manila_database_4wD1mGLONGf00rZi4YuGqw,0.8446675539016724,-0.06712442636489868,manila_database_4wD1mGLONGf00rZi4YuGqw,0,0,36.406832267668804,0.25076884031295776,14.872950553894043,0.009006076492369175,0.7845525145530701,edge,blur,gradient-magnitude (edge),resnet18,1236,0
cph_query_-Eb1W6216G9S88OFy95k4Q,cph_database_68e8QoWDyBwLyhV3l9WyrQ,1,0.811140775680542,london_database_1E751fa5IFU6_Pkl6cWp-w,0.7819501161575317,0.029190659523010254,cph_database_68e8QoWDyBwLyhV3l9WyrQ,1,1,36.108384218195766,0.25077563524246216,15.930959701538086,0.0,0.677103579044342,edge,blur,gradient-magnitude (edge),resnet18,1236,0
london_query_-XZRTRoj7LEefbZ7UDBzXg,london_database_ogCqZhn7TrfEmF64Tg9z1Q,928,0.7707561254501343,amman_database_urse6by33-0JmqS5mVlLLg,0.8710064888000488,-0.10025036334991455,amman_database_urse6by33-0JmqS5mVlLLg,0,0,36.186573430353064,0.25077369809150696,15.646709442138672,0.0008680555620230734,0.7378268241882324,edge,blur,gradient-magnitude (edge),resnet18,1236,0
manila_query_-HF88JWAO1GDy0F6B4ZeZg,manila_database_kXY2QOlj-Ec0ed2TK1cUAQ,18,0.8300379514694214,manila_database_5AWXSZUCMTVxnMSRtLokxw,0.8605117201805115,-0.030473768711090088,manila_database_5AWXSZUCMTVxnMSRtLokxw,0,0,36.10481457961386,0.250772625207901,15.944059371948242,0.0,0.902004599571228,edge,blur,gradient-magnitude (edge),resnet18,1236,0
nairobi_query_183WoPTmmjfRAAmVLL6TDw,nairobi_database_2LeF9KuB512kTBv6IyAFcg,185,0.7798387408256531,toronto_database_W6mVozbof69jHkgfFY-m0g,0.8480604887008667,-0.06822174787521362,toronto_database_W6mVozbof69jHkgfFY-m0g,0,0,36.10097145573782,0.2507767379283905,15.958174705505371,5.967881952528842e-05,0.9028918147087097,edge,blur,gradient-magnitude (edge),resnet18,1236,0
toronto_query_-9p2_cESNINnXfab4o-dKQ,toronto_database_3tXViWEI0hLzpPBjx96sJg,144,0.8100838661193848,amman_database_1B2fSTtZhYHVntYjZKQkVw,0.8747789859771729,-0.06469511985778809,amman_database_1B2fSTtZhYHVntYjZKQkVw,0,0,36.139062242044616,0.2507762014865875,15.818821907043457,0.0,0.7987750172615051,edge,blur,gradient-magnitude (edge),resnet18,1236,0
zurich_query_-iln48QPRjkI40nJSzd6lg,zurich_database_NasE77S9sgnm7re_4N6NLQ,1,0.9143561124801636,zurich_database_6coxnyf3BEzk3VmKWC7GNA,0.8990470170974731,0.01530909538269043,zurich_database_NasE77S9sgnm7re_4N6NLQ,1,1,36.12883878003508,0.25077295303344727,15.856103897094727,0.0,0.8071986436843872,edge,blur,gradient-magnitude (edge),resnet18,1236,0
amman_query_0fPb7in-cHyh0MAM_N6Zwg,amman_database_8r07G8v9DPBbTM53Lqo7uw,4,0.8859800100326538,cph_database_5F9c2L0ay4ro_4tXCyjfNg,0.8932467699050903,-0.0072667598724365234,cph_database_5F9c2L0ay4ro_4tXCyjfNg,1,1,36.09787056321836,0.250775009393692,15.969573020935059,0.0,0.8503658175468445,edge,blur,gradient-magnitude (edge),resnet18,1236,0
boston_query_-HufF4iDO00S4hZK96hUyw,boston_database_6jdzzSIJzD8Fu9L7YOsC9A,1,0.875962495803833,zurich_database_4FlzweEjVGvnW3C9lZIYrw,0.8751201629638672,0.0008423328399658203,boston_database_6jdzzSIJzD8Fu9L7YOsC9A,1,1,36.120123676568014,0.2507753074169159,15.887954711914062,0.0,0.8026883006095886,edge,blur,gradient-magnitude (edge),resnet18,1236,0
cph_query_-Efn_mUBXLqGWGzUw3Youw,cph_database_5uaDLiIMu4DnwKCA9ojhMw,5,0.8518331050872803,toronto_database_2j1PywoBiilyvBDanvmevQ,0.8694403767585754,-0.017607271671295166,toronto_database_2j1PywoBiilyvBDanvmevQ,1,1,36.17209100193436,0.2507750689983368,15.698973655700684,0.002224392257630825,0.824907660484314,edge,blur,gradient-magnitude (edge),resnet18,1236,0
london_query_-b5BCVv9Qd6OhZGxpoqS5A,london_database_0QHdIjniSOBq1t8_i9JWAg,2,0.8862683176994324,cph_database_bGaq-m6X5U6XoYAZtNWTUQ,0.8948270678520203,-0.00855875015258789,cph_database_bGaq-m6X5U6XoYAZtNWTUQ,1,1,36.38032779361293,0.2507711946964264,14.963995933532715,0.03600803017616272,0.815761387348175,edge,blur,gradient-magnitude (edge),resnet18,1236,0
manila_query_-KU1q5fdqSI_GghxKumbeg,manila_database_6UUAvbH1Pt-9nHu_FbEMRA,168,0.8019591569900513,manila_database_80f7_QcQsb6CovNesB-jzA,0.8466491103172302,-0.044689953327178955,manila_database_80f7_QcQsb6CovNesB-jzA,0,0,36.278545610823734,0.2507689893245697,15.31883716583252,0.00493706576526165,0.7704532742500305,edge,blur,gradient-magnitude (edge),resnet18,1236,0
nairobi_query_19K8RILgg4ErFKJ9l5D9zQ,nairobi_database_6TX4ZR0VfqHmNorJfDCQdA,211,0.7680217027664185,nairobi_database_L7HQ20CuWeW1lZ721bPiYw,0.8593373894691467,-0.09131568670272827,nairobi_database_L7HQ20CuWeW1lZ721bPiYw,0,0,36.19809169132497,0.2507731020450592,15.605266571044922,0.01872829906642437,0.9623474478721619,edge,blur,gradient-magnitude (edge),resnet18,1236,0
toronto_query_-Af6Q3npKjccLu7TwYvlsQ,toronto_database_yYY-DeUP22gC30oEG2c9_A,1,0.8828989267349243,toronto_database_5EDiSAwKLoYYZMZXzlXX5w,0.8455288410186768,0.03737008571624756,toronto_database_yYY-DeUP22gC30oEG2c9_A,1,1,36.17223742633051,0.2507745325565338,15.698444366455078,0.0,0.8538069128990173,edge,blur,gradient-magnitude (edge),resnet18,1236,0
zurich_query_-ldtR3_I7eHdDGYU5BNczg,zurich_database_6Tpy6Xxof6fyaFeCZtbsEg,225,0.7886444330215454,boston_database_4ulsM2PLW1L3mMGsAWLmeg,0.8387312293052673,-0.050086796283721924,boston_database_4ulsM2PLW1L3mMGsAWLmeg,0,0,36.097940589063484,0.2507728338241577,15.969315528869629,0.0,0.7363134622573853,edge,blur,gradient-magnitude (edge),resnet18,1236,0
amman_query_0mtodUgJmOV4UK-0AiTGHg,amman_database_UX1YuIhPO2Xhxp7YP0Xf5w,10,0.8398019075393677,amman_database_1h240BuHymcOpMXhMJ5BNw,0.8507908582687378,-0.010988950729370117,amman_database_1h240BuHymcOpMXhMJ5BNw,0,1,36.127589336562664,0.2507745623588562,15.860666275024414,0.0,0.7559887766838074,edge,blur,gradient-magnitude (edge),resnet18,1236,0
boston_query_-IYAXZ4yoOS7SzEIu2m-me,boston_database_4ZbdgBgOEO3l9iL-DzVnYA,10,0.6703341007232666,boston_database_5g8yJhnj8EfOWv5r3id1kw,0.7007436752319336,-0.030409574508666992,boston_database_5g8yJhnj8EfOWv5r3id1kw,0,1,36.12895632561588,0.2507658004760742,15.855674743652344,0.0002061631967080757,0.8366554975509644,edge,blur,gradient-magnitude (edge),resnet18,1236,0
cph_query_-F5w8wQO0CU26PCfOqANzA,cph_database_2DoeyqFykZ0Nwt_gBPq6hQ,75,0.8374911546707153,cph_database_1IxIk9jyD8EzOcTtQpuoyA,0.8738651275634766,-0.03637397289276123,cph_database_1IxIk9jyD8EzOcTtQpuoyA,0,0,36.11453531496961,0.2507786452770233,15.908411979675293,0.0,0.7919715046882629,edge,blur,gradient-magnitude (edge),resnet18,1236,0
london_query_-c-T7aulp9a5g-J9zYbYiQ,london_database_6MbCpJaLFsTGxLRixQ3Grg,331,0.8052524328231812,london_database_7hadEPdEI2MGW7SMcZDBUA,0.8810486793518066,-0.07579624652862549,london_database_7hadEPdEI2MGW7SMcZDBUA,0,0,36.228350870088086,0.25077247619628906,15.496915817260742,0.004654948133975267,0.8678202629089355,edge,blur,gradient-magnitude (edge),resnet18,1236,0
manila_query_-KoSUCrB2w1FscwO9vyRlw,manila_database_oo2Hf8Bz8vmfSX2BP81how,131,0.7807788848876953,manila_database_qtxcmhtwgJidBJJam2iDkw,0.8458110094070435,-0.06503212451934814,manila_database_qtxcmhtwgJidBJJam2iDkw,0,0,36.10892605345788,0.2507684528827667,15.928972244262695,0.0,0.6260257959365845,edge,blur,gradient-magnitude (edge),resnet18,1236,0
nairobi_query_1J7o8IGEriKnTs-ay8aPNQ,nairobi_database_cX5HjnSllcBLRmqUIvPa5g,3,0.854547381401062,cph_database_4NQHSbQ8iQrPvSbbODlB3w,0.858978271484375,-0.004430890083312988,cph_database_4NQHSbQ8iQrPvSbbODlB3w,1,1,36.20624017540529,0.2507738471031189,15.576014518737793,0.01620008610188961,0.9625470042228699,edge,blur,gradient-magnitude (edge),resnet18,1236,0
toronto_query_-AlgHQUWzDPe9bpb8ZAzSA,toronto_database_7iysBerUISRHtFS0RUVgTg,25,0.8445953726768494,manila_database_2Ek2Y4Mw82uYV9iRYA_kHA,0.8820786476135254,-0.037483274936676025,manila_database_2Ek2Y4Mw82uYV9iRYA_kHA,0,0,36.14701222166513,0.25077590346336365,15.789891242980957,0.0,0.9407708048820496,edge,blur,gradient-magnitude (edge),resnet18,1236,0
zurich_query_-m5K41q4X0r8qu_XnaYlIg,zurich_database_y6v4y08NV3KIHLZv6Vcj6A,18,0.8734766244888306,manila_database_YAr_6aQgtNVbe7GhT70obQ,0.8904896378517151,-0.01701301336288452,manila_database_YAr_6aQgtNVbe7GhT70obQ,0,0,36.30984613266333,0.25077423453330994,15.20882797241211,0.00015733507461845875,0.8222680687904358,edge,blur,gradient-magnitude (edge),resnet18,1236,0
amman_query_0rJM3ZzX3JzTTpl0GCia8w,amman_database_1yCFFO2hv_bRMTuOu7_MZQ,395,0.6673527956008911,amman_database_RybCghn6dxdppOd3XPQXhw,0.8565710783004761,-0.18921828269958496,amman_database_RybCghn6dxdppOd3XPQXhw,0,0,36.17183562849481,0.25077852606773376,15.699896812438965,0.0,0.9236086010932922,edge,blur,gradient-magnitude (edge),resnet18,1236,0
boston_query_-Jix8HM-vXTXdWrXQwVvQw,boston_database_-wqITAE6FndKbzHZNsIJeA,2,0.8918071389198303,boston_database_291-InfICP_FLOb09Og4iA,0.8950532674789429,-0.003246128559112549,boston_database_291-InfICP_FLOb09Og4iA,1,1,36.25508742459622,0.2507769465446472,15.40180492401123,0.014371744357049465,0.9216936826705933,edge,blur,gradient-magnitude (edge),resnet18,1236,0
cph_query_-FLAkBWjfrY2RcqaQ-LgmQ,cph_database_mM7P8ptP9qs40DDOdxQu6Q,4,0.9183019399642944,cph_database_5i_SrA0XpJKR_sBDXaaAGQ,0.9310312867164612,-0.012729346752166748,cph_database_5i_SrA0XpJKR_sBDXaaAGQ,1,1,36.09799635119214,0.2507740557193756,15.969110488891602,0.0,0.8617379069328308,edge,blur,gradient-magnitude (edge),resnet18,1236,0
london_query_-cAVonhAOLeSK7tfil0ceg,london_database_8pfnISpuJMiyPo4lVAKOXg,39,0.8300400972366333,london_database_1hOEd6DEV2g1FGFTXt7nKA,0.8628297448158264,-0.032789647579193115,london_database_1hOEd6DEV2g1FGFTXt7nKA,0,0,36.28240767125043,0.2507786452770233,15.305220603942871,0.02591688372194767,0.8475624918937683,edge,blur,gradient-magnitude (edge),resnet18,1236,0
manila_query_-LBCdeO8C8kj5IjX1m3XTA,manila_database_-krzFiiOp_6LbfDayIsX1A,161,0.7995175123214722,manila_database_3YYbSazXEctb158TDECM7Q,0.8614473938941956,-0.06192988157272339,manila_database_3YYbSazXEctb158TDECM7Q,0,0,36.189524299956034,0.25077024102211,15.63608169555664,6.510417006211355e-05,0.6447554230690002,edge,blur,gradient-magnitude (edge),resnet18,1236,0
nairobi_query_1YjlKCdHNgoQBY8yOFqlmw,nairobi_database_FuBkR1fbVVpCW5nvjIU89g,3,0.8256750106811523,zurich_database_1yv9r9JqAVM1dRLLPKN28Q,0.8345332145690918,-0.008858203887939453,zurich_database_1yv9r9JqAVM1dRLLPKN28Q,1,1,36.30580234506437,0.25077351927757263,15.22299575805664,0.0398763008415699,0.9655629992485046,edge,blur,gradient-magnitude (edge),resnet18,1236,0
toronto_query_-B-3B3MjxX0UdrDIo-8kmA,toronto_database_-AzdCE_6bZoUqQg2nxvEXQ,7,0.8704134225845337,toronto_database_0Xd5A1HQH8R9fdiXX-PmOg,0.8831268548965454,-0.012713432312011719,toronto_database_0Xd5A1HQH8R9fdiXX-PmOg,0,1,36.18415840837222,0.25077489018440247,15.655412673950195,0.00434027798473835,0.7114995718002319,edge,blur,gradient-magnitude (edge),resnet18,1236,0
zurich_query_-nhCCSRwlsxqJsUbzqZvCQ,zurich_database_5hOStvk5qjU3iKb8wDonkw,857,0.736109733581543,amman_database_2_NNnfq-ucbh4wN64ndIOg,0.8220431804656982,-0.08593344688415527,amman_database_2_NNnfq-ucbh4wN64ndIOg,0,0,36.102552330683736,0.25076085329055786,15.952366828918457,0.0,0.7002791166305542,edge,blur,gradient-magnitude (edge),resnet18,1236,0
amman_query_12LbsAl_T_jgw2JHgbR5ng,amman_database_48QNUOWeMH0KrknHieOl3Q,423,0.803939163684845,amman_database_jeZSOjsaBEcvWjfubFGbzw,0.9275215864181519,-0.12358242273330688,amman_database_jeZSOjsaBEcvWjfubFGbzw,0,0,36.09783477266687,0.2507725656032562,15.969704627990723,0.0,0.8591518402099609,edge,blur,gradient-magnitude (edge),resnet18,1236,0
boston_query_-Jv7RF27BSJIV-gqOI7KxZ,boston_database_P8zBjVDJ8gQGkj97FOP5Z-,43,0.8231896162033081,nairobi_database_ssLyvL_47h4IZogucHeChA,0.8550667762756348,-0.03187716007232666,nairobi_database_ssLyvL_47h4IZogucHeChA,0,0,36.907837180695296,0.25076618790626526,13.252464294433594,0.14262153208255768,0.9106778502464294,edge,blur,gradient-magnitude (edge),resnet18,1236,0
cph_query_-GVbOpzggFXAot0UyKhx2g,cph_database_04Bz2mPV9xajFGZOxvcyAg,5,0.9030119180679321,cph_database_1r3p-PThKkp7dL6P7W7nrA,0.9271090030670166,-0.024097084999084473,cph_database_1r3p-PThKkp7dL6P7W7nrA,1,1,36.100839352835294,0.2507769465446472,15.958660125732422,0.0,0.7822481393814087,edge,blur,gradient-magnitude (edge),resnet18,1236,0
london_query_-dHWRapn57-l_kynPnun3Q,london_database_8R0v__ddHErldoAh30NGAQ,13,0.8578614592552185,london_database_Au63mEM_QWbUdgTa-1C0Pw,0.8909417986869812,-0.033080339431762695,london_database_Au63mEM_QWbUdgTa-1C0Pw,0,0,36.12352460376353,0.25077274441719055,15.875517845153809,0.0010959201026707888,0.7640496492385864,edge,blur,gradient-magnitude (edge),resnet18,1236,0
manila_query_-MH02w7P6jmmqnoUdL-55Q,manila_database_31P09aOdEXsPJyiA8d7DRA,15,0.8247413039207458,manila_database_U1FwUndEQdlXZ93Iz997UA,0.8589142560958862,-0.03417295217514038,manila_database_U1FwUndEQdlXZ93Iz997UA,0,0,36.20000543564845,0.25077635049819946,15.59839153289795,0.0021755641791969538,0.8330410718917847,edge,blur,gradient-magnitude (edge),resnet18,1236,0
nairobi_query_1Z__CFelPzXEI1IEu_8QJw,nairobi_database_oirj6l2hFO_qSK3Qd_kv3A,318,0.8226271867752075,manila_database_7jMO5NcoYo4Ka0s2PejP_Q,0.8954218029975891,-0.07279461622238159,manila_database_7jMO5NcoYo4Ka0s2PejP_Q,0,0,36.196696137480295,0.2507741153240204,15.610281944274902,0.0015299479709938169,0.8917243480682373,edge,blur,gradient-magnitude (edge),resnet18,1236,0
toronto_query_-B136fRwqMBMXoc03yy-PQ,toronto_database_xjOMFXloX5yu5hsMzo21Ww,1,0.8866630792617798,zurich_database_EK_v4t0Y_zJRaqMlpuC4gA,0.8855403661727905,0.0011227130889892578,toronto_database_xjOMFXloX5yu5hsMzo21Ww,1,1,36.203732077137445,0.250775545835495,15.585012435913086,0.0062879775650799274,0.701011598110199,edge,blur,gradient-magnitude (edge),resnet18,1236,0
zurich_query_-tYWpAACOq7RfVvZJ-BAcQ,zurich_database_5BKPtlTmM2nsMwLqUHa0Ig,325,0.7741371393203735,toronto_database_5gR2GvdWi8_efGPscwDy_A,0.8554476499557495,-0.08131051063537598,toronto_database_5gR2GvdWi8_efGPscwDy_A,0,0,36.09598703231973,0.2507690191268921,15.976500511169434,0.0,0.8276317119598389,edge,blur,gradient-magnitude (edge),resnet18,1236,0
amman_query_1HafWFxuyylXLnDzCoapDA,amman_database_48QNUOWeMH0KrknHieOl3Q,241,0.8155313730239868,amman_database_COxopER5Ds_Wn3viS4hFnQ,0.886060893535614,-0.0705295205116272,amman_database_COxopER5Ds_Wn3viS4hFnQ,0,0,36.10115054074459,0.250773549079895,15.95751667022705,0.0,0.8016093969345093,edge,blur,gradient-magnitude (edge),resnet18,1236,0
boston_query_-Kg6j3FKy26wYRLBkE_dFQ,boston_database_08Ee0x4RX98medABwOiFEg,21,0.8547592163085938,cph_database_3mkubNHmmXuUf1Js2s-HCA,0.881115734577179,-0.026356518268585205,cph_database_3mkubNHmmXuUf1Js2s-HCA,0,0,36.22636502425897,0.2507765591144562,15.504003524780273,0.00933159701526165,0.9044086337089539,edge,blur,gradient-magnitude (edge),resnet18,1236,0
cph_query_-G_OOR1_yAfdfgnlKYNKnQ,cph_database_1IxIk9jyD8EzOcTtQpuoyA,1,0.9167314767837524,cph_database_Hdlxpfferm5haiP3R2kVRQ,0.8506510257720947,0.06608045101165771,cph_database_1IxIk9jyD8EzOcTtQpuoyA,1,1,36.126353044337435,0.25077685713768005,15.865181922912598,0.0,0.820674479007721,edge,blur,gradient-magnitude (edge),resnet18,1236,0
london_query_-dZ1k85FDVdFSbcG6_ECOA,london_database_Yz7eCBL40iYRogC_VrOciQ,5,0.8059159517288208,london_database_4xtgpNe3FmAQyzxnF9lLdA,0.8268676996231079,-0.02095174789428711,london_database_4xtgpNe3FmAQyzxnF9lLdA,1,1,36.34848240240388,0.25076836347579956,15.074125289916992,0.02195095457136631,0.8905639052391052,edge,blur,gradient-magnitude (edge),resnet18,1236,0
manila_query_-MKMMHEd33H1_45AJ8B5AA,manila_database_UHmqVlwY_tIWS997TaZywA,3,0.849683403968811,manila_database_-A6IKNhOfbqGrOLNdvFoTQ,0.8535747528076172,-0.0038913488388061523,manila_database_-A6IKNhOfbqGrOLNdvFoTQ,1,1,36.384798451932234,0.25077059864997864,14.948599815368652,0.005636935587972403,0.7656955718994141,edge,blur,gradient-magnitude (edge),resnet18,1236,0
nairobi_query_20W8wyVhxSIpj4ekTP7ezw,nairobi_database_8QrvtfnMMYvjycP4nESumw,149,0.7631058096885681,nairobi_database_5NmT9tDga_ogPbyZiowdeA,0.8437612056732178,-0.08065539598464966,nairobi_database_5NmT9tDga_ogPbyZiowdeA,0,0,36.10122736788059,0.25077950954437256,15.957234382629395,0.0,0.8269777297973633,edge,blur,gradient-magnitude (edge),resnet18,1236,0
toronto_query_-BTAllhGXYkM_JsKwxUFMg,toronto_database_thqpfauTP254fUgBlCuy9Q,351,0.8148901462554932,toronto_database_4DjfS6EeioqDL5k7mux0cw,0.934119462966919,-0.11922931671142578,toronto_database_4DjfS6EeioqDL5k7mux0cw,0,0,36.128798815262336,0.2507750689983368,15.856249809265137,0.0,0.8952897191047668,edge,blur,gradient-magnitude (edge),resnet18,1236,0
zurich_query_-uQ-4tnYcOJ9WPXRG-ou3w,zurich_database_0KvXdFeDu1iHLPkdHTKXMg,399,0.8021249175071716,london_database_7hadEPdEI2MGW7SMcZDBUA,0.8927136659622192,-0.09058874845504761,london_database_7hadEPdEI2MGW7SMcZDBUA,0,0,36.29807584017748,0.25077420473098755,15.250102996826172,0.01657986082136631,0.7052257657051086,edge,blur,gradient-magnitude (edge),resnet18,1236,0
amman_query_1IWpn2b6V75KvNFoTU8UOQ,amman_database_UX1YuIhPO2Xhxp7YP0Xf5w,51,0.8349952697753906,boston_database_890bUQpWguhUny6KiFrBGQ,0.871647834777832,-0.036652565002441406,boston_database_890bUQpWguhUny6KiFrBGQ,0,0,36.11824193702195,0.25077056884765625,15.894840240478516,0.0,0.7037093639373779,edge,blur,gradient-magnitude (edge),resnet18,1236,0
boston_query_-LPTAIN0lPGriKBtXoH5Mg,boston_database_56C-uiBFbe1dAHezyJhDoA,1,0.9374470114707947,boston_database_6p1zONaTXLWQeJHQx0CIVw,0.9102182388305664,0.02722877264022827,boston_database_56C-uiBFbe1dAHezyJhDoA,1,1,36.12798001019267,0.2507816255092621,15.85923957824707,0.0,0.8945867419242859,edge,blur,gradient-magnitude (edge),resnet18,1236,0
cph_query_-Gsj5kZ1V6uLXFxzeI7G2Q,cph_database_8dPByQ0w0nJ6JQ0Dt2phAg,207,0.8118047714233398,zurich_database_59tIMeF3OEbebki90DbpqQ,0.8690582513809204,-0.057253479957580566,zurich_database_59tIMeF3OEbebki90DbpqQ,0,0,36.09671763331364,0.25077173113822937,15.9738130569458,0.0,0.739499568939209,edge,blur,gradient-magnitude (edge),resnet18,1236,0
london_query_-dp5VWHVq4LzwLgq7y7yhw,london_database_6A3rCfSXyE2THTGgLGEh9A,148,0.7759386897087097,london_database_6QeCroSKkwmhf9sxqtSj7Q,0.8518073558807373,-0.07586866617202759,london_database_6QeCroSKkwmhf9sxqtSj7Q,0,0,36.103017876938196,0.2507776916027069,15.95065689086914,0.0,0.7807226181030273,edge,blur,gradient-magnitude (edge),resnet18,1236,0
manila_query_-N4wDG2Fhm38ZVy0hGp8_A,manila_database_-Fetcixx23dnC3G5T1XYGQ,83,0.8082751035690308,toronto_database_3kA21VsH9vnqPH6X0blOUQ,0.847905158996582,-0.03963005542755127,toronto_database_3kA21VsH9vnqPH6X0blOUQ,0,0,36.10968562061367,0.2507696747779846,15.926186561584473,0.0,0.8369919657707214,edge,blur,gradient-magnitude (edge),resnet18,1236,0
nairobi_query_2CNtCHy0TUbebdEFLYNrIQ,nairobi_database_ssLyvL_47h4IZogucHeChA,9,0.8492101430892944,nairobi_database_5nj9SryW0zrvMpEtOd9gjg,0.8720393180847168,-0.022829174995422363,nairobi_database_5nj9SryW0zrvMpEtOd9gjg,0,1,36.41229884245856,0.250773549079895,14.854241371154785,0.0528700090944767,0.8822952508926392,edge,blur,gradient-magnitude (edge),resnet18,1236,0
toronto_query_-Cdr8zjFdZw7nzz8_rwM4w,toronto_database_vHFdoApurhBvoN12-Y0jCA,308,0.8184672594070435,cph_database_6fnBKZ5y6JLHZ30W5ZJgRg,0.9009378552436829,-0.0824705958366394,cph_database_6fnBKZ5y6JLHZ30W5ZJgRg,0,0,36.10197676328768,0.2507759928703308,15.95448112487793,0.0,0.9342271089553833,edge,blur,gradient-magnitude (edge),resnet18,1236,0
zurich_query_0247N-PdpG4_iueC_9_G4g,zurich_database_5EBjYZoNQsB323r5P6H-HQ,1,0.8814150094985962,boston_database_5dFWcq_sUeeshzN0y_GXew,0.8719239234924316,0.00949108600616455,zurich_database_5EBjYZoNQsB323r5P6H-HQ,1,1,36.31102709751143,0.2507730722427368,15.204692840576172,0.00019531250291038305,0.7709689140319824,edge,blur,gradient-magnitude (edge),resnet18,1236,0
amman_query_1Nmy4JnYnb5zA_JmbkDWBQ,amman_database_q8IKz1dYe84bII8aKmSgZw,579,0.7710540890693665,amman_database_Ld8UF_WG7d620clwmhmA7w,0.9024273753166199,-0.13137328624725342,amman_database_Ld8UF_WG7d620clwmhmA7w,0,0,36.10122425324054,0.2507738173007965,15.957245826721191,0.0,0.8525130152702332,edge,blur,gradient-magnitude (edge),resnet18,1236,0
boston_query_-Lu6tv4tCQMDsXtxLtxMzQ,boston_database_-1Ur0I4BTjRYsKJqfcfVZQ,365,0.7877172231674194,cph_database_4DAmgI9qwyw3BPfQFAwfGg,0.8686521649360657,-0.08093494176864624,cph_database_4DAmgI9qwyw3BPfQFAwfGg,0,0,36.164377858119344,0.2507737874984741,15.726880073547363,5.967881952528842e-05,0.7421762347221375,edge,blur,gradient-magnitude (edge),resnet18,1236,0
cph_query_-HqO0GfYTRx5TzfB_6mTqA,cph_database_2zrgvYQU7Kp-VSZ9JSJPmQ,106,0.7479987144470215,zurich_database_6EMiVMe4EZnSgZzFBWjwdQ,0.8283491134643555,-0.08035039901733398,zurich_database_6EMiVMe4EZnSgZzFBWjwdQ,0,0,36.118026970202436,0.25077396631240845,15.89562702178955,0.00019531250291038305,0.7617084980010986,edge,blur,gradient-magnitude (edge),resnet18,1236,0
london_query_-izmF6OCR-aIZLVQbzDbLQ,london_database__ENYSZz7Q9KszYaFV1vSBA,7,0.8114256262779236,zurich_database_AnBHGSdcVBJF9G2F_FOMBw,0.8298269510269165,-0.01840132474899292,zurich_database_AnBHGSdcVBJF9G2F_FOMBw,0,1,36.120919360737574,0.2507737874984741,15.88504409790039,0.0,0.7316277027130127,edge,blur,gradient-magnitude (edge),resnet18,1236,0
manila_query_-P2actpgy_mRkcbLVKBjkQ,manila_database_vyM8BiFdQvLSI9ftVjzpCA,29,0.8392137289047241,cph_database_5F9c2L0ay4ro_4tXCyjfNg,0.8646261096000671,-0.025412380695343018,cph_database_5F9c2L0ay4ro_4tXCyjfNg,0,0,36.138449615956205,0.2507781386375427,15.821053504943848,0.0,0.8720312714576721,edge,blur,gradient-magnitude (edge),resnet18,1236,0
nairobi_query_2OfDNnR5st7y8-O2ibiklQ,nairobi_database_1oH8UP6Fw5pq60tdS75mZA,82,0.811940610408783,boston_database_1busJQOKCp-Qb4SSxC05LQ,0.8692972660064697,-0.05735665559768677,boston_database_1busJQOKCp-Qb4SSxC05LQ,0,0,36.18480768070914,0.250775009393692,15.653072357177734,0.011523437686264515,0.9544156789779663,edge,blur,gradient-magnitude (edge),resnet18,1236,0
toronto_query_-DB8UBv2Rg4kTi6HTqrhOw,toronto_database_7KaJgQquLLRB5zIONHZkmQ,66,0.8359546661376953,zurich_database_-2NILOmSyIWLRVVEe-aflQ,0.8844059109687805,-0.048451244831085205,zurich_database_-2NILOmSyIWLRVVEe-aflQ,0,0,36.150892647068204,0.25077512860298157,15.775789260864258,0.0,0.8580402135848999,edge,blur,gradient-magnitude (edge),resnet18,1236,0
zurich_query_046U_rtFmS-pAuZF-Zba0Q,zurich_database_5EBjYZoNQsB323r5P6H-HQ,8,0.8622217178344727,boston_database_3dQbA6O_0evX3zu7Qc-pYw,0.8800479173660278,-0.017826199531555176,boston_database_3dQbA6O_0evX3zu7Qc-pYw,0,1,36.398545224307156,0.2507729232311249,14.901357650756836,0.003689236007630825,0.8801800608634949,edge,blur,gradient-magnitude (edge),resnet18,1236,0
amman_query_1Tf2dWuS4el8fREHH1_k0w,amman_database_tZTcRmO73MQbFWaYf6oj3g,45,0.8044041395187378,amman_database_q8IKz1dYe84bII8aKmSgZw,0.8894615173339844,-0.08505737781524658,amman_database_q8IKz1dYe84bII8aKmSgZw,0,0,36.09918334659364,0.25077396631240845,15.964746475219727,0.0,0.9804835319519043,edge,blur,gradient-magnitude (edge),resnet18,1236,0
boston_query_-N2T2kBE4uG56LTsyCQPJg,boston_database_DU3FJGAh3PrB45a580xbGg,376,0.8263416886329651,zurich_database_-0c8fGzuvHKGROvzeZflOQ,0.8889812231063843,-0.06263953447341919,zurich_database_-0c8fGzuvHKGROvzeZflOQ,0,0,36.189248034259755,0.25077489018440247,15.637076377868652,0.0,0.8516894578933716,edge,blur,gradient-magnitude (edge),resnet18,1236,0
cph_query_-I7HyKa_KIzMp2uMsvqUAg,cph_database_LVEAoVNNWTNKEOBa1RORzw,6,0.8408851027488708,cph_database_0rRbZapy_jGPOpPctSIjfQ,0.8842413425445557,-0.043356239795684814,cph_database_0rRbZapy_jGPOpPctSIjfQ,0,1,36.098078569218124,0.25077828764915466,15.9688081741333,0.0,0.8493944406509399,edge,blur,gradient-magnitude (edge),resnet18,1236,0
london_query_-kd8SHN5N5wLOpzEu10rfQ,london_database_38ZrIUVXQTS5sib9nRLudA,42,0.816696047782898,cph_database_0GxLZOHP77ozyB6CMVyncA,0.8677244186401367,-0.05102837085723877,cph_database_0GxLZOHP77ozyB6CMVyncA,0,0,36.097043306290146,0.25077569484710693,15.972615242004395,0.0,0.7640492916107178,edge,blur,gradient-magnitude (edge),resnet18,1236,0
manila_query_-PR9Q6-AlT31oRE_Ep_fnQ,manila_database_7vOvfavBmZmLG0s8XGaBbA,449,0.7916804552078247,toronto_database_5KWZplgAeg8SoiyL3fb1CA,0.8727748394012451,-0.08109438419342041,toronto_database_5KWZplgAeg8SoiyL3fb1CA,0,0,36.13448403659708,0.2507791221141815,15.835506439208984,0.0,0.9027377367019653,edge,blur,gradient-magnitude (edge),resnet18,1236,0
nairobi_query_2QtumRO8ayl5p_Jb-rhTZQ,nairobi_database_wxcEU3WfT5kn7oD7HPwHkA,6,0.8293672800064087,nairobi_database_nyVKbHXQsaO_16tlW_NLag,0.841010332107544,-0.011643052101135254,nairobi_database_nyVKbHXQsaO_16tlW_NLag,0,1,36.12441354505026,0.25077152252197266,15.872268676757812,0.0,0.8583977818489075,edge,blur,gradient-magnitude (edge),resnet18,1236,0
toronto_query_-Dr7KE__egl6kS-yslctCg,toronto_database_JZHiKl7CE7BzdlGbop_5MA,49,0.8364538550376892,toronto_database_2t0xTT1EnuQR8PQInCMxyg,0.8807507157325745,-0.044296860694885254,toronto_database_2t0xTT1EnuQR8PQInCMxyg,0,0,36.0958550809432,0.2507745325565338,15.976985931396484,0.0,0.7826068997383118,edge,blur,gradient-magnitude (edge),resnet18,1236,0
zurich_query_08U3p7js9TCivpCfLs0ZIw,zurich_database_gtNOuIAJb0GowBuaw7s_ng,20,0.844735860824585,manila_database_5rjFma7r9oUAgRgPi5J3PA,0.8702051043510437,-0.02546924352645874,manila_database_5rjFma7r9oUAgRgPi5J3PA,0,0,36.594117759683385,0.25076550245285034,14.245201110839844,0.05496961623430252,0.8241493701934814,edge,blur,gradient-magnitude (edge),resnet18,1236,0
amman_query_1TysYQA0N2AnJ5lzQWP07w,amman_database_dhvis9SvxQH-844ETKFegg,2,0.8871201276779175,amman_database_0ugNILZPtpQGFYzyHrZHow,0.8884536027908325,-0.001333475112915039,amman_database_0ugNILZPtpQGFYzyHrZHow,1,1,36.12453984322326,0.2507741451263428,15.871807098388672,0.0037814669776707888,0.9652208089828491,edge,blur,gradient-magnitude (edge),resnet18,1236,0
boston_query_-NRCmKPnLW6ukq5fovMufw,boston_database_4PSea1s0NN2bp469zyhxYA,144,0.8232783675193787,cph_database_6CANlvoIvwlMpdsIrbbUmA,0.867412805557251,-0.044134438037872314,cph_database_6CANlvoIvwlMpdsIrbbUmA,0,0,36.164642274743684,0.25077569484710693,15.725922584533691,1.627604251552839e-05,0.6388460397720337,edge,blur,gradient-magnitude (edge),resnet18,1236,0
cph_query_-I8EyCiw4PS74_uGuMqUYQ,cph_database_-7ziE0jZDqPSFBV6BtizCg,1,0.873310387134552,manila_database_LcTVwHyLKiNSNAfAcMEKHg,0.8725569248199463,0.0007534623146057129,cph_database_-7ziE0jZDqPSFBV6BtizCg,1,1,36.157505515224535,0.2507741153240204,15.751786231994629,0.0,0.9228780269622803,edge,blur,gradient-magnitude (edge),resnet18,1236,0
london_query_-qvarKx0xtSTs0tnxDE0oQ,london_database_Kz3Cq-q4WwlxQ_Rjgk305g,62,0.7348833084106445,manila_database_0rK0sGyVSA4u4PVc2Jv4-g,0.7894060015678406,-0.054522693157196045,manila_database_0rK0sGyVSA4u4PVc2Jv4-g,0,0,36.103881593515005,0.25077563524246216,15.947484970092773,0.0,0.7124587297439575,edge,blur,gradient-magnitude (edge),resnet18,1236,0
manila_query_-Qc1bZWefrpkNPZ60zZS5Q,manila_database_ZBrxg_erAKEhfFx-J3YR6Q,4,0.8267688751220703,nairobi_database_wBWiV1DS-7JT710m9NBw5g,0.8367416262626648,-0.009972751140594482,nairobi_database_wBWiV1DS-7JT710m9NBw5g,1,1,36.237988910855506,0.250768780708313,15.462562561035156,0.0015896267723292112,0.7976732850074768,edge,blur,gradient-magnitude (edge),resnet18,1236,0
nairobi_query_2RQpcoZ0MfOmswdfhpjw4g,nairobi_database_a9xNzoydjr-je93NA7mygg,20,0.8289438486099243,boston_database_8Nk7Pm6_AQpeJxvHfnUbhA,0.8557631969451904,-0.026819348335266113,boston_database_8Nk7Pm6_AQpeJxvHfnUbhA,0,0,36.27840502066789,0.2507745027542114,15.31933307647705,0.03566080704331398,0.9461901187896729,edge,blur,gradient-magnitude (edge),resnet18,1236,0
toronto_query_-EilBTWhr8vjdDW-B7MU8A,toronto_database_WF69D5s_qIEzvnQmXGAMuw,225,0.8134344220161438,toronto_database_RYZajIuCaJNvAtO4-DAXOQ,0.9134760499000549,-0.10004162788391113,toronto_database_RYZajIuCaJNvAtO4-DAXOQ,0,0,36.568701870231834,0.2507723867893219,14.328811645507812,0.04381510242819786,0.8063614368438721,edge,blur,gradient-magnitude (edge),resnet18,1236,0
zurich_query_0AlvsX9XlPHoz4joTTL7hQ,zurich_database_hutV0_YJEx993tFEXdcBQw,14,0.8330754041671753,manila_database_6RVJjUHylLXW8_yzLJi4gw,0.8560060858726501,-0.022930681705474854,manila_database_6RVJjUHylLXW8_yzLJi4gw,0,0,36.12304824577514,0.2507721781730652,15.877259254455566,0.0,0.9332014322280884,edge,blur,gradient-magnitude (edge),resnet18,1236,0
amman_query_1VTBGOTuAwvnyE1o4Pbm0Q,amman_database_21axHEFcyX-1hI673vVgLQ,5,0.8646196126937866,amman_database_8b6nqdmSUhPLWFX555DGGw,0.8993488550186157,-0.0347292423248291,amman_database_8b6nqdmSUhPLWFX555DGGw,1,1,36.09586104329613,0.2507750391960144,15.976963996887207,0.0,0.9533169269561768,edge,blur,gradient-magnitude (edge),resnet18,1236,0
boston_query_-NSEL0mtEJlIM-oR5yFnFg,boston_database_Xt_8fOeVI9H7U0BbA0ZiIA,3,0.9131798148155212,boston_database_3yupn7WRtc81bu6cfHDrMQ,0.9174171686172485,-0.004237353801727295,boston_database_3yupn7WRtc81bu6cfHDrMQ,1,1,36.115225557647065,0.2507849931716919,15.9058837890625,0.0,0.8716974854469299,edge,blur,gradient-magnitude (edge),resnet18,1236,0
cph_query_-IKk5Ns9ayTUN3tqBrl3Ow,cph_database_7xSO7Kjqq0aE2v_7ZVCC0w,13,0.8461819887161255,cph_database_8M4dy-WkofHkWJjNyZ__XA,0.8735911250114441,-0.027409136295318604,cph_database_8M4dy-WkofHkWJjNyZ__XA,0,0,36.37811244728204,0.2507731020450592,14.971631050109863,0.0316569022834301,0.8771394491195679,edge,blur,gradient-magnitude (edge),resnet18,1236,0
london_query_-rtMM_qyd5EBLnADEBIUTA,london_database_2kohiXqR0ErQiG1NcteuFw,1,0.8754185438156128,nairobi_database_5fIX502GwN4iBedy_B8GeA,0.8444939255714417,0.030924618244171143,london_database_2kohiXqR0ErQiG1NcteuFw,1,1,36.1248968380876,0.25076723098754883,15.870502471923828,0.00142686627805233,0.7142065763473511,edge,blur,gradient-magnitude (edge),resnet18,1236,0
manila_query_-QdSFqylfs0aHx31jOvTVg,manila_database_CHw2m63dDHzsLNk1VOjr4Q,2,0.86634361743927,toronto_database_5ey9E_udkLByc3LTBLFD3A,0.8669523596763611,-0.0006087422370910645,toronto_database_5ey9E_udkLByc3LTBLFD3A,1,1,36.10038986971634,0.2507759928703308,15.960311889648438,0.0,0.8174682855606079,edge,blur,gradient-magnitude (edge),resnet18,1236,0
nairobi_query_2Xgp5FmRFbMXgBspWoEFNg,nairobi_database_6TX4ZR0VfqHmNorJfDCQdA,50,0.7908473610877991,boston_database_2Cjk1OlRe0-8M6Pv0tLQ-g,0.8190577030181885,-0.028210341930389404,boston_database_2Cjk1OlRe0-8M6Pv0tLQ-g,0,0,36.20699355230139,0.25077250599861145,15.573312759399414,0.01742078922688961,0.9512487053871155,edge,blur,gradient-magnitude (edge),resnet18,1236,0
toronto_query_-FOgEN8RNyKr0s933N-a0w,toronto_database_2Kml1My-F5Q7YMR1ZQ-VDQ,59,0.8218070268630981,boston_database_0CdqJE7HgNLG75XJTNjPMA,0.8692195415496826,-0.04741251468658447,boston_database_0CdqJE7HgNLG75XJTNjPMA,0,0,36.1301293435723,0.2507757544517517,15.85139274597168,0.0,0.8670986294746399,edge,blur,gradient-magnitude (edge),resnet18,1236,0
zurich_query_0F0ESDULqwk5km1KbyUEZw,zurich_database_0ovLGU2wBNPYJPZxMDzD7A,1,0.885152280330658,cph_database_1r3p-PThKkp7dL6P7W7nrA,0.8806896209716797,0.0044626593589782715,zurich_database_0ovLGU2wBNPYJPZxMDzD7A,1,1,36.21761322659397,0.250772625207901,15.5352783203125,0.0004937066114507616,0.9107443690299988,edge,blur,gradient-magnitude (edge),resnet18,1236,0
amman_query_1_jzc52w72UKyKztvVoygQ,amman_database_21axHEFcyX-1hI673vVgLQ,9,0.8371497988700867,amman_database_5XoaP1Muw6iwIBg_kWYFaQ,0.8487070202827454,-0.011557221412658691,amman_database_5XoaP1Muw6iwIBg_kWYFaQ,0,1,36.095910557064926,0.25077375769615173,15.976781845092773,0.0,0.9575695395469666,edge,blur,gradient-magnitude (edge),resnet18,1236,0
boston_query_-NUm2lI2JYWeHZ6lrL2eZA,boston_database_1k4pbpEWBwA9ojuy58J9oA,404,0.8023161888122559,boston_database_8HHQdrjX8DjIjAqQPboj1w,0.88002610206604,-0.07770991325378418,boston_database_8HHQdrjX8DjIjAqQPboj1w,0,0,36.15560146733198,0.2507752776145935,15.75869369506836,0.0,0.7441015243530273,edge,blur,gradient-magnitude (edge),resnet18,1236,0
cph_query_-JMzfm4NuuBt61JuZ2sggw,cph_database_GnmXhggJe8xMxqzz3lDdvQ,13,0.8889096975326538,cph_database_3y3f5iC4VbKY3MV83_J6ow,0.9088624715805054,-0.019952774047851562,cph_database_3y3f5iC4VbKY3MV83_J6ow,0,0,36.612964425564336,0.25077125430107117,14.183516502380371,0.08349066972732544,0.9355595111846924,edge,blur,gradient-magnitude (edge),resnet18,1236,0
london_query_-u8BrzndSdD1lHKeeOwN1A,london_database_0lYDTfjiFald7StHlzc7LA,4,0.7742927074432373,london_database_-QKK8oyA3lo4YfRSEG7GEA,0.8378047943115234,-0.06351208686828613,london_database_-QKK8oyA3lo4YfRSEG7GEA,1,1,36.11404015751341,0.25077325105667114,15.910225868225098,0.0,0.7784385681152344,edge,blur,gradient-magnitude (edge),resnet18,1236,0
manila_query_-QvNwUfMuYwx4zaJzG9hHA,manila_database_1ULE4xvSijSoRfTvGRP7sw,4,0.8381669521331787,manila_database_1dnSzIXjYwmrU2skXfu44w,0.8466538190841675,-0.00848686695098877,manila_database_1dnSzIXjYwmrU2skXfu44w,1,1,36.16606286788202,0.250762015581131,15.720779418945312,0.0010742187732830644,0.7029266357421875,edge,blur,gradient-magnitude (edge),resnet18,1236,0
nairobi_query_2hMXkBjbWEdGXSh4zxGVeg,nairobi_database_sdOwr6EP_lMNed-ifk5ajw,1,0.8622809648513794,london_database_5IRNPW1nCWJZvtLiIadcmQ,0.8550993204116821,0.007181644439697266,nairobi_database_sdOwr6EP_lMNed-ifk5ajw,1,1,36.1196711506072,0.250772088766098,15.889610290527344,7.052951696095988e-05,0.8719988465309143,edge,blur,gradient-magnitude (edge),resnet18,1236,0
toronto_query_-FRsj6TVpdbM-sdJNwZZbw,toronto_database_0Xd5A1HQH8R9fdiXX-PmOg,8,0.8409204483032227,london_database_8pfnISpuJMiyPo4lVAKOXg,0.850682258605957,-0.009761810302734375,london_database_8pfnISpuJMiyPo4lVAKOXg,0,1,36.326601116414295,0.25077587366104126,15.15026569366455,0.03174370527267456,0.8826507925987244,edge,blur,gradient-magnitude (edge),resnet18,1236,0
zurich_query_0FEApLaNMLno1PTABlbYyQ,zurich_database_2fkYXNWl6R0rCSGjN50rTw,12,0.8564268350601196,zurich_database_5EBjYZoNQsB323r5P6H-HQ,0.8815767765045166,-0.025149941444396973,zurich_database_5EBjYZoNQsB323r5P6H-HQ,0,0,36.1700492258526,0.2507712244987488,15.706356048583984,2.1701389414374717e-05,0.8299829959869385,edge,blur,gradient-magnitude (edge),resnet18,1236,0
amman_query_1jA0_v7p_4KHVbia4DG7Bw,amman_database_y0_g5xBV2w8LvSAsmmcGkA,1,0.8764747381210327,amman_database_4HweOdtWyPL5-ObJ3UA8_Q,0.8753334283828735,0.0011413097381591797,amman_database_y0_g5xBV2w8LvSAsmmcGkA,1,1,36.101063333210135,0.2507708966732025,15.957837104797363,0.0,0.7249868512153625,edge,blur,gradient-magnitude (edge),resnet18,1236,0
boston_query_-O6nZhSO0Cgq4iaZ522K2g,boston_database_3P1WaxWwRrQiD9YZuzzi2g,6,0.8761528730392456,boston_database_0nVucTiqCktiYWTPaBpNcw,0.8826403617858887,-0.006487488746643066,boston_database_0nVucTiqCktiYWTPaBpNcw,0,1,36.126634997645674,0.250769704580307,15.864151954650879,0.00047743055620230734,0.8409566283226013,edge,blur,gradient-magnitude (edge),resnet18,1236,0
cph_query_-MUw194v9r5C1394mci6-A,cph_database_19tTTG0Ar7aoezd6JSsYqw,7,0.7853871583938599,toronto_database_54RfgFEB0Y2p79jKww7EoA,0.8089693188667297,-0.023582160472869873,toronto_database_54RfgFEB0Y2p79jKww7EoA,0,1,36.199202298337426,0.25077441334724426,15.601276397705078,0.011149088852107525,0.7183337211608887,edge,blur,gradient-magnitude (edge),resnet18,1236,0
london_query_-vkja3p0MzaoZlQOooT-YQ,london_database_TlgZJTCWCnxf-QDzfZ8pKw,21,0.743178129196167,zurich_database_A7Y3Ah31a1X_Bh7UZS5KIA,0.7854987382888794,-0.0423206090927124,zurich_database_A7Y3Ah31a1X_Bh7UZS5KIA,0,0,36.116513644381754,0.2507742941379547,15.901166915893555,0.0,0.7915812730789185,edge,blur,gradient-magnitude (edge),resnet18,1236,0
manila_query_-RZzhLSoiUGq-PShtIhzxw,manila_database_6-Ge4mVQgHummzC1udZtig,118,0.8316552639007568,manila_database_4SNN_Q1-Ov_UDR1inHM2mg,0.878409743309021,-0.04675447940826416,manila_database_4SNN_Q1-Ov_UDR1inHM2mg,0,0,36.11318482920702,0.25076591968536377,15.913359642028809,0.0,0.8633277416229248,edge,blur,gradient-magnitude (edge),resnet18,1236,0
nairobi_query_2wqDKqSdeRPYg6X996gZ0w,nairobi_database_nyVKbHXQsaO_16tlW_NLag,26,0.8102489709854126,toronto_database_2-TSX-JXY2BGHtXb-ZXXGA,0.838005006313324,-0.027756035327911377,toronto_database_2-TSX-JXY2BGHtXb-ZXXGA,0,0,36.09867463161001,0.25076690316200256,15.9666166305542,0.0,0.8958786725997925,edge,blur,gradient-magnitude (edge),resnet18,1236,0
toronto_query_-FohtR51AFcyGSLgiTdXzw,toronto_database_NwuTd3bjEH301IgdZTgweg,1,0.9082018136978149,zurich_database_0xDpDYmaqAvDwfmwyFRFZw,0.8279738426208496,0.08022797107696533,toronto_database_NwuTd3bjEH301IgdZTgweg,1,1,36.5015368881858,0.25076937675476074,14.552133560180664,0.05553385242819786,0.7586599588394165,edge,blur,gradient-magnitude (edge),resnet18,1236,0
zurich_query_0I7IdNKcKWGXL-wmkUdx2A,zurich_database_2qMg3M2xPeakuUyMVtxqhw,10,0.8594362735748291,zurich_database_NasE77S9sgnm7re_4N6NLQ,0.8822425603866577,-0.022806286811828613,zurich_database_NasE77S9sgnm7re_4N6NLQ,0,1,36.1757108465534,0.25077173113822937,15.685894012451172,0.002338324673473835,0.7908833622932434,edge,blur,gradient-magnitude (edge),resnet18,1236,0
amman_query_1n6vx0uExn56MfvA6toRJw,amman_database_2_NNnfq-ucbh4wN64ndIOg,27,0.8274856805801392,amman_database_05LOmHGrixSS8Fy53PaSlA,0.8561879396438599,-0.028702259063720703,amman_database_05LOmHGrixSS8Fy53PaSlA,0,0,36.104984471147965,0.2507709562778473,15.943435668945312,0.00010850694525288418,0.9222521781921387,edge,blur,gradient-magnitude (edge),resnet18,1236,0
boston_query_-OEJzVyBJiypLsHkeOqxKn,boston_database_0ZuEuJjkajztnI_h9TmMdw,90,0.6796296834945679,boston_database_0pwW85Jt4FCh7RKNsFiKhQ,0.7283468246459961,-0.04871714115142822,boston_database_0pwW85Jt4FCh7RKNsFiKhQ,0,0,36.130193620526974,0.2507677376270294,15.851158142089844,0.0013780381996184587,0.7980562448501587,edge,blur,gradient-magnitude (edge),resnet18,1236,0
cph_query_-Mwdj8AXbTR5wrPmQKRbhQ,cph_database_zVHbyrE_K3-IKJ0ipgM0MQ,1,0.8819427490234375,cph_database_4fRiD2XwkIuoyZ7zhTtQcg,0.8695127964019775,0.012429952621459961,cph_database_zVHbyrE_K3-IKJ0ipgM0MQ,1,1,36.09583200930683,0.250776082277298,15.977070808410645,0.0,0.8778373599052429,edge,blur,gradient-magnitude (edge),resnet18,1236,0
london_query_-wX-mY4F2ewX9tlr1_JTbw,london_database_pm0TyAnWqr0mweZ2H9ysqA,154,0.7923291921615601,zurich_database_59tIMeF3OEbebki90DbpqQ,0.8457359671592712,-0.05340677499771118,zurich_database_59tIMeF3OEbebki90DbpqQ,0,0,36.13039638658528,0.25077179074287415,15.850418090820312,0.0,0.7801818251609802,edge,blur,gradient-magnitude (edge),resnet18,1236,0
manila_query_-SSrBkppXcUPQnmvRyEZaA,manila_database_4QbHIMMPSjC_7k7p5de8Rw,992,0.7224942445755005,boston_database_JS8N7enRfmX_RvSbYxuZ-w,0.8343838453292847,-0.11188960075378418,boston_database_JS8N7enRfmX_RvSbYxuZ-w,0,0,36.16179458578739,0.2507688105106354,15.736237525939941,0.0,0.7315972447395325,edge,blur,gradient-magnitude (edge),resnet18,1236,0
nairobi_query_32eRlu6tx-Q_LzhBd8iTQA,nairobi_database_-IYoNK7nzPDI7EvCdWxXdA,2,0.8332591652870178,nairobi_database_8EpNpg4GR6Luc8vhHaWjNQ,0.8354034423828125,-0.0021442770957946777,nairobi_database_8EpNpg4GR6Luc8vhHaWjNQ,1,1,36.10026089844994,0.2507694661617279,15.960785865783691,0.0,0.8893780708312988,edge,blur,gradient-magnitude (edge),resnet18,1236,0
toronto_query_-HBbI6fcMz-R3CyduFEoDg,toronto_database_CWhhGABh_1Ay7enNEWa18A,259,0.8097278475761414,boston_database_6pdbP0sKU8JHAPzlRapTnA,0.878807544708252,-0.0690796971321106,boston_database_6pdbP0sKU8JHAPzlRapTnA,0,0,36.10928462749201,0.2507748007774353,15.927657127380371,0.00017903646221384406,0.9308679699897766,edge,blur,gradient-magnitude (edge),resnet18,1236,0
zurich_query_0IZVsW_UPLzI_vUm51hEMQ,zurich_database_-xoGjs74KfYOoct0Gs2DIA,1,0.9002811312675476,cph_database_2rKxHXn7cIxfqE0ZHGpKDA,0.8725858926773071,0.02769523859024048,zurich_database_-xoGjs74KfYOoct0Gs2DIA,1,1,36.156172094622804,0.2507708966732025,15.756623268127441,2.7126736313221045e-05,0.8735356330871582,edge,blur,gradient-magnitude (edge),resnet18,1236,0
amman_query_1qMrYvXqBvZDS0XUd5cEtg,amman_database_0_6NexYlb_kdiKi7TvESPg,10,0.8408880233764648,amman_database_43JYR1VNKPHOGXpiIZiDDQ,0.8673840761184692,-0.026496052742004395,amman_database_43JYR1VNKPHOGXpiIZiDDQ,0,1,36.097974046254755,0.25076672434806824,15.969192504882812,0.0,0.8689225316047668,edge,blur,gradient-magnitude (edge),resnet18,1236,0
boston_query_-OlQhKn0bS9eZTkeJL6ovw,boston_database_38Y_41BXumwMqYfKhvv7fg,1,0.9282214641571045,cph_database_-KAefx5jXE6aiSh55lkTQA,0.8907800912857056,0.037441372871398926,boston_database_38Y_41BXumwMqYfKhvv7fg,1,1,36.20086767925105,0.2507748007774353,15.595294952392578,0.0,0.7745190262794495,edge,blur,gradient-magnitude (edge),resnet18,1236,0
cph_query_-N9mbKdWcHyUUsU1379EgA,cph_database_2XEdU3NtFhDPOpPhkEUJ9A,1,0.9017639756202698,cph_database_m8v7yRzg-Ahnt8itIkwjQA,0.888216495513916,0.01354748010635376,cph_database_2XEdU3NtFhDPOpPhkEUJ9A,1,1,36.69064868563686,0.25077173113822937,13.9320650100708,0.07277560979127884,0.8841130137443542,edge,blur,gradient-magnitude (edge),resnet18,1236,0
london_query_02vfV_A3zc1S9Akd07xuEA,london_database_5WNMf83lEkdk5BdkSRSDtg,48,0.798035740852356,manila_database_1ULE4xvSijSoRfTvGRP7sw,0.8601112365722656,-0.06207549571990967,manila_database_1ULE4xvSijSoRfTvGRP7sw,0,0,36.260203291015024,0.2507646977901459,15.383672714233398,0.009038628078997135,0.6396560668945312,edge,blur,gradient-magnitude (edge),resnet18,1236,0
manila_query_-Tmeby1UCsrkKNvVnN7L5g,manila_database_2WJfamXG-nhtpE-tmM8Stg,588,0.7767653465270996,manila_database_-z7DfYZSWWxPbr9oCG6mHg,0.8917276263237,-0.11496227979660034,manila_database_-z7DfYZSWWxPbr9oCG6mHg,0,0,36.3031229878625,0.2507665455341339,15.232390403747559,0.01627061702311039,0.8372289538383484,edge,blur,gradient-magnitude (edge),resnet18,1236,0
nairobi_query_37RDt83nGFaZl6CPpzqlTw,nairobi_database_oirj6l2hFO_qSK3Qd_kv3A,4,0.848073422908783,zurich_database_dc10RRbQNpdUphjhxUxjXQ,0.8654231429100037,-0.017349720001220703,zurich_database_dc10RRbQNpdUphjhxUxjXQ,1,1,36.3043763763807,0.2507769465446472,15.227994918823242,0.013883463107049465,0.855435311794281,edge,blur,gradient-magnitude (edge),resnet18,1236,0
toronto_query_-IlXU6r8OSJejg6wnFTYMQ,toronto_database_5aWw0U2TNn5AVHibAzaoZA,379,0.7759612202644348,amman_database_36lvaYDrOYq6NEmT7jTvCA,0.8482338786125183,-0.0722726583480835,amman_database_36lvaYDrOYq6NEmT7jTvCA,0,0,36.10370681078377,0.2507692873477936,15.948126792907715,0.0,0.9359729886054993,edge,blur,gradient-magnitude (edge),resnet18,1236,0
zurich_query_0Ky7pgdILHyYlzjahHNGZg,zurich_database_STP8AxkRaxj1ZtlqTW7Tng,1003,0.7495923638343811,zurich_database_b1fafYqxlKXQcwQsy8LFhQ,0.8638185858726501,-0.11422622203826904,zurich_database_b1fafYqxlKXQcwQsy8LFhQ,0,0,36.22600546736386,0.2507728040218353,15.505287170410156,7.595486385980621e-05,0.8047348260879517,edge,blur,gradient-magnitude (edge),resnet18,1236,0
amman_query_1rZerb0T7z_1E7yKfEBCtA,amman_database_151zMheq8vPIGSfBTFm2Kg,1,0.8942444324493408,cph_database_1u4g-jytkKkCS9FSYeRYFg,0.8739549517631531,0.020289480686187744,amman_database_151zMheq8vPIGSfBTFm2Kg,1,1,36.11851424360247,0.2507724463939667,15.893843650817871,0.0,0.907331645488739,edge,blur,gradient-magnitude (edge),resnet18,1236,0
boston_query_-Phryua7d1FHhpGGfaEGcg,boston_database_78u2Kg0sOFDh-cEtTGxV4g,92,0.806936502456665,toronto_database_65TgH2dRYqdjE8DO_lI1nA,0.8573898077011108,-0.0504533052444458,toronto_database_65TgH2dRYqdjE8DO_lI1nA,0,0,36.15717606547093,0.2507748007774353,15.752981185913086,0.0005208333604969084,0.7799555659294128,edge,blur,gradient-magnitude (edge),resnet18,1236,0
cph_query_-PRZAb6qxjSdDqzgOekgbg,cph_database_SOFbS68m4Uymr1Fx8T7pfA,1,0.9318214654922485,cph_database_66FG2WBZ0uryfVrfciCf3g,0.9235047101974487,0.008316755294799805,cph_database_SOFbS68m4Uymr1Fx8T7pfA,1,1,36.11764630961196,0.25077155232429504,15.89702033996582,0.0,0.8192288875579834,edge,blur,gradient-magnitude (edge),resnet18,1236,0
london_query_039iugtZTFguj-7UQyc-wg,london_database_6EyMYAlUTVXirk-_riGtMw,3,0.86463463306427,toronto_database_56iBHZd-TMgGB2qH3GyhWQ,0.8698751330375671,-0.005240499973297119,toronto_database_56iBHZd-TMgGB2qH3GyhWQ,1,1,36.7854527347711,0.25077325105667114,13.631231307983398,0.11650390923023224,0.8291183114051819,edge,blur,gradient-magnitude (edge),resnet18,1236,0
manila_query_-TrGJy3CeaXApOffGndlqg,manila_database_RVGHJ_kwPSkBRuD7ASZs2w,54,0.8353096842765808,toronto_database_7iysBerUISRHtFS0RUVgTg,0.8834033012390137,-0.04809361696243286,toronto_database_7iysBerUISRHtFS0RUVgTg,0,0,36.23086387085854,0.2507690489292145,15.487951278686523,9.765625145519152e-05,0.7677621245384216,edge,blur,gradient-magnitude (edge),resnet18,1236,0
nairobi_query_38y5DGnb1BCdL2r_1MWELg,nairobi_database_1oH8UP6Fw5pq60tdS75mZA,224,0.8128175139427185,boston_database_DU3FJGAh3PrB45a580xbGg,0.8755394220352173,-0.06272190809249878,boston_database_DU3FJGAh3PrB45a580xbGg,0,0,36.23546750183903,0.2507737874984741,15.471542358398438,0.01838650181889534,0.9295863509178162,edge,blur,gradient-magnitude (edge),resnet18,1236,0
toronto_query_-Iyv6ydukEfueu-CphPhwg,toronto_database_QvBYzxBwTHFji7ov5NaBZg,6,0.8719449043273926,toronto_database_-C42seTAv_ysnP57NggKvQ,0.8900472521781921,-0.01810234785079956,toronto_database_-C42seTAv_ysnP57NggKvQ,0,1,36.469313652364804,0.250772625207901,14.660507202148438,0.03834635391831398,0.8624547123908997,edge,blur,gradient-magnitude (edge),resnet18,1236,0
zurich_query_0PrObi7NiUNPMe7_RDu2Ng,zurich_database_0-4m0jPfiQAHj2iyda31pw,418,0.8039674162864685,cph_database_6fnBKZ5y6JLHZ30W5ZJgRg,0.8667364120483398,-0.06276899576187134,cph_database_6fnBKZ5y6JLHZ30W5ZJgRg,0,0,36.10380108350793,0.2507740557193756,15.94778060913086,0.0,0.859258770942688,edge,blur,gradient-magnitude (edge),resnet18,1236,0
amman_query_1uJbVMOMqlPVx4GYc2BgOA,amman_database_0hac8mu5ycMC2Hk2ZSugEA,118,0.8036525249481201,amman_database_5XoaP1Muw6iwIBg_kWYFaQ,0.8743480443954468,-0.07069551944732666,amman_database_5XoaP1Muw6iwIBg_kWYFaQ,0,0,36.09591963032984,0.25077494978904724,15.9767484664917,0.0,0.9625998735427856,edge,blur,gradient-magnitude (edge),resnet18,1236,0
boston_query_-Ptt76cqL8Ath-qW7aRUQw,boston_database_7HcTfh47QT4obAZWMTF51g,1,0.9202618598937988,boston_database_12Ya4kVxzxlLT8np7jwO8g,0.889418363571167,0.030843496322631836,boston_database_7HcTfh47QT4obAZWMTF51g,1,1,36.09962076979335,0.25078409910202026,15.963138580322266,0.0,0.8885301351547241,edge,blur,gradient-magnitude (edge),resnet18,1236,0
cph_query_-Q4-mvnV6y-0yK62OXn-1w,cph_database_W6cBNF7gJ7pMMXb05Ha35w,622,0.7921853065490723,boston_database_7sEinu-9Cmc8M88D9wksJQ,0.8665128946304321,-0.07432758808135986,boston_database_7sEinu-9Cmc8M88D9wksJQ,0,0,36.128256845669746,0.25078073143959045,15.85822868347168,0.002300347201526165,0.8966733813285828,edge,blur,gradient-magnitude (edge),resnet18,1236,0
london_query_03BhnvDRczArNBQm0Qu0tQ,london_database_-KllgLWsRIVVuyA7QkCdOQ,1,0.9011359214782715,boston_database_2jaLppu9UUtqnB_R7_iffQ,0.8840016722679138,0.017134249210357666,london_database_-KllgLWsRIVVuyA7QkCdOQ,1,1,36.176438346724,0.2507767081260681,15.683266639709473,0.0069335936568677425,0.8291637301445007,edge,blur,gradient-magnitude (edge),resnet18,1236,0
manila_query_-Tvw2ZcjPmZrmxcJ3PNHwQ,manila_database_5rjFma7r9oUAgRgPi5J3PA,1,0.8607066869735718,manila_database_X5Z3xQtFj8uK9BxW3gEhjA,0.8564702272415161,0.004236459732055664,manila_database_5rjFma7r9oUAgRgPi5J3PA,1,1,36.11959295389433,0.2507663667201996,15.889896392822266,0.0,0.6793922781944275,edge,blur,gradient-magnitude (edge),resnet18,1236,0
nairobi_query_3BfqchD1dC_R_VKSm6NXMQ,nairobi_database_NoG9ZUE9lu8WisRacbbNUw,59,0.8106675744056702,amman_database_-EkOPrVh-NFmrWU-lmlIgg,0.8566840887069702,-0.04601651430130005,amman_database_-EkOPrVh-NFmrWU-lmlIgg,0,0,36.097713657553726,0.2507769465446472,15.970149993896484,0.0,0.8846352696418762,edge,blur,gradient-magnitude (edge),resnet18,1236,0
toronto_query_-J6MOLqIZtzsA-CH6ie5Cg,toronto_database_1WdiWBos0oqn5_fQPeL4zw,36,0.8261642456054688,toronto_database_4u5iuDYlmff6eOykSBG4Aw,0.882175087928772,-0.05601084232330322,toronto_database_4u5iuDYlmff6eOykSBG4Aw,0,0,36.186443991764875,0.2507776916027069,15.647175788879395,0.00334201380610466,0.7631028294563293,edge,blur,gradient-magnitude (edge),resnet18,1236,0
zurich_query_0Spj-pWISRRStxENII8G4A,zurich_database_0uWVHZUW5HQ32MHmFTyCdA,84,0.810876727104187,zurich_database_YGIjEJvmaiwIZgeDxBD4qg,0.8559197187423706,-0.045042991638183594,zurich_database_YGIjEJvmaiwIZgeDxBD4qg,0,0,36.13974303906878,0.2507735788822174,15.8163423538208,0.0,0.7786581516265869,edge,blur,gradient-magnitude (edge),resnet18,1236,0
amman_query_23YO5CD18Cg_wG_ZhqhbQQ,amman_database_7UkylzqcXiAtWBdc7gRXug,136,0.7700403928756714,zurich_database_3CheeIU37UA57000lgsiQQ,0.8489100933074951,-0.07886970043182373,zurich_database_3CheeIU37UA57000lgsiQQ,0,0,36.095911594008534,0.2507737874984741,15.976778030395508,0.0,0.9760047793388367,edge,blur,gradient-magnitude (edge),resnet18,1236,0
boston_query_-RyJCN_Rrfvr2l9jqadkcQ,boston_database_3e5lgkvXoFUyKK9bhRryrw,1,0.8502062559127808,manila_database_3ED-M6yl_Y4YZkenDNv49Q,0.819370687007904,0.03083556890487671,boston_database_3e5lgkvXoFUyKK9bhRryrw,1,1,36.31716233083149,0.25077763199806213,15.183228492736816,0.00045572916860692203,0.9273456335067749,edge,blur,gradient-magnitude (edge),resnet18,1236,0
cph_query_-Q7samX2RjJwU9xiKFxpug,cph_database_t-GBg6pL3mp0VntecXrZmQ,1,0.8784427642822266,london_database_-Qdmap1phq90_n3jeXQWuQ,0.8666033744812012,0.01183938980102539,cph_database_t-GBg6pL3mp0VntecXrZmQ,1,1,36.11793681758811,0.2507736384868622,15.895956993103027,0.0,0.743160605430603,edge,blur,gradient-magnitude (edge),resnet18,1236,0
london_query_03VxrSUHoB-y1D50kXwi8g,london_database_1E751fa5IFU6_Pkl6cWp-w,1,0.8539921045303345,manila_database_-dbGwwBuXxUQWhflFrCkIQ,0.7939789295196533,0.06001317501068115,london_database_1E751fa5IFU6_Pkl6cWp-w,1,1,36.109850241350124,0.2507758140563965,15.925582885742188,0.0,0.8441512584686279,edge,blur,gradient-magnitude (edge),resnet18,1236,0
manila_query_-WlvwRIHM8K9xtN_z0FAGg,manila_database_-dbGwwBuXxUQWhflFrCkIQ,6,0.8455712795257568,manila_database_562jgjEtbznkZO2Ul4TSTw,0.8529106378555298,-0.007339358329772949,manila_database_562jgjEtbznkZO2Ul4TSTw,0,1,36.10947705796224,0.25077787041664124,15.92695140838623,0.0,0.8437162041664124,edge,blur,gradient-magnitude (edge),resnet18,1236,0
nairobi_query_3Rln3I-knaHBGe7xAH2I_Q,nairobi_database_85hy0nl7RdAo-LuFlJFqMA,51,0.8341618180274963,nairobi_database_5nj9SryW0zrvMpEtOd9gjg,0.8780128359794617,-0.04385101795196533,nairobi_database_5nj9SryW0zrvMpEtOd9gjg,0,0,36.101235673598325,0.2507745623588562,15.95720386505127,0.0,0.9214799404144287,edge,blur,gradient-magnitude (edge),resnet18,1236,0
toronto_query_-JY9Ip12RNDaK_geCga4LA,toronto_database_2t0xTT1EnuQR8PQInCMxyg,70,0.8160392045974731,zurich_database_0frF5uO4t4sUzdQYxRNhyg,0.8585960268974304,-0.042556822299957275,zurich_database_0frF5uO4t4sUzdQYxRNhyg,0,0,36.127760121379524,0.25076818466186523,15.860042572021484,2.1701389414374717e-05,0.8037385940551758,edge,blur,gradient-magnitude (edge),resnet18,1236,0
zurich_query_0UfO0g5oR-GfH12twjOIuw,zurich_database_8Yl1_ujecMFymI-XO98zrA,101,0.82607102394104,boston_database_05fK3jja3iIAa1c1-HiGvA,0.8658363819122314,-0.039765357971191406,boston_database_05fK3jja3iIAa1c1-HiGvA,0,0,36.09580401242955,0.2507748007774353,15.977173805236816,0.0,0.6619044542312622,edge,blur,gradient-magnitude (edge),resnet18,1236,0
amman_query_27ZYHE_-tdmKbq7gUW9ECA,amman_database_0ugNILZPtpQGFYzyHrZHow,1,0.8832931518554688,amman_database_dhvis9SvxQH-844ETKFegg,0.8741931915283203,0.009099960327148438,amman_database_0ugNILZPtpQGFYzyHrZHow,1,1,36.10184281267094,0.2507760226726532,15.954973220825195,5.425347353593679e-06,0.9308210015296936,edge,blur,gradient-magnitude (edge),resnet18,1236,0
boston_query_-TMAMMmIqQ4AQA3YI-YOHg,boston_database_2jaLppu9UUtqnB_R7_iffQ,47,0.8489202260971069,boston_database_5DXsBlIFBUtXLlTp0CxTNg,0.8911546468734741,-0.04223442077636719,boston_database_5DXsBlIFBUtXLlTp0CxTNg,0,0,36.103315717700454,0.25077641010284424,15.949563026428223,0.0,0.8102436661720276,edge,blur,gradient-magnitude (edge),resnet18,1236,0
cph_query_-R9cTkYMNbXlglFeWCXtMg,cph_database_6CANlvoIvwlMpdsIrbbUmA,288,0.748302698135376,london_database_JeQXfjTo6VURMPAXsqqrqw,0.8167391419410706,-0.06843644380569458,london_database_JeQXfjTo6VURMPAXsqqrqw,0,0,36.141870431900344,0.25077587366104126,15.80859661102295,0.0028211805038154125,0.923240065574646,edge,blur,gradient-magnitude (edge),resnet18,1236,0
london_query_06tRsqVA7nx5PgabbPdu4w,london_database_8oJp9gkV9I-ecdzy_xlL5Q,17,0.8378855586051941,zurich_database_8zRWksEUpiBcg5wZdt3FJA,0.8598819971084595,-0.02199643850326538,zurich_database_8zRWksEUpiBcg5wZdt3FJA,0,0,36.19885453950059,0.25077152252197266,15.60252571105957,0.000244140625,0.7945062518119812,edge,blur,gradient-magnitude (edge),resnet18,1236,0
manila_query_-WuLHZxOTWuUgVSb36RTng,manila_database_4BMA9NPJR2DEj-BV8vofkQ,176,0.8244357109069824,manila_database_-A6IKNhOfbqGrOLNdvFoTQ,0.8782780766487122,-0.053842365741729736,manila_database_-A6IKNhOfbqGrOLNdvFoTQ,0,0,36.11992138955031,0.25077489018440247,15.888694763183594,0.0,0.751043438911438,edge,blur,gradient-magnitude (edge),resnet18,1236,0
nairobi_query_3Thql5xEy0LYu4bdux1icw,nairobi_database_XdvgQAdvS4ZnbRq1lFmPvA,99,0.7990935444831848,amman_database_29z1w1EW9-qTj7neMnnIig,0.8532229661941528,-0.05412942171096802,amman_database_29z1w1EW9-qTj7neMnnIig,0,0,36.09905959962659,0.250768780708313,15.965201377868652,0.0,0.8788310289382935,edge,blur,gradient-magnitude (edge),resnet18,1236,0
toronto_query_-K6Ci0V3ZYp50_DrMghntA,toronto_database_32HjBsZIg9KBY3sH3tvwvQ,1,0.8852538466453552,zurich_database_0r57m1gsoV4j_t4xOqtL7A,0.8786700963973999,0.006583750247955322,toronto_database_32HjBsZIg9KBY3sH3tvwvQ,1,1,36.17143835214868,0.25076574087142944,15.701333045959473,0.0010253905784338713,0.6318619847297668,edge,blur,gradient-magnitude (edge),resnet18,1236,0
zurich_query_0W_6dskxdNPlCJnX9EhmZA,zurich_database_5f1hTe74Mx_VNoUpaIkjfw,6,0.8682748079299927,cph_database_4BdWO7YCXasxr90wTqDpDw,0.8840035796165466,-0.015728771686553955,cph_database_4BdWO7YCXasxr90wTqDpDw,0,1,36.11626177853409,0.25077205896377563,15.90208911895752,0.0,0.870447039604187,edge,blur,gradient-magnitude (edge),resnet18,1236,0
amman_query_29zY5U3MUbO3wTjTTKF93w,amman_database_4JYN6Wp8p1aN_2b6dP1Yyw,1,0.9098646640777588,amman_database_Ld8UF_WG7d620clwmhmA7w,0.884488046169281,0.025376617908477783,amman_database_4JYN6Wp8p1aN_2b6dP1Yyw,1,1,36.09996508345311,0.2507775127887726,15.961873054504395,0.0,0.8625780344009399,edge,blur,gradient-magnitude (edge),resnet18,1236,0
boston_query_-U0JJudMztDrvqfppyEl9A,boston_database_5m0QtO7MYi2ePjCWrxKUdw,5,0.8972634077072144,boston_database_6p1zONaTXLWQeJHQx0CIVw,0.9053674936294556,-0.008104085922241211,boston_database_6p1zONaTXLWQeJHQx0CIVw,1,1,36.15420951437696,0.2507745921611786,15.763745307922363,0.0,0.9432064294815063,edge,blur,gradient-magnitude (edge),resnet18,1236,0
cph_query_-To5emQUYvNlwdgB1hEVfQ,cph_database_20p-zC1BqByt8dVNbnKbTw,1,0.9433606266975403,cph_database_-rgalkuRufc_JbNM5Iwadg,0.9224185943603516,0.02094203233718872,cph_database_20p-zC1BqByt8dVNbnKbTw,1,1,36.09581827007598,0.25077399611473083,15.977121353149414,0.0,0.9429388642311096,edge,blur,gradient-magnitude (edge),resnet18,1236,0
london_query_07Mt7j9hZm17z2pXB3QAXA,london_database_1u2_PlPVaHJESTEBZx02nA,1,0.8536181449890137,manila_database_AtwA7nHo3oRCY9gITWUBSw,0.8507671356201172,0.0028510093688964844,london_database_1u2_PlPVaHJESTEBZx02nA,1,1,36.19768351375794,0.25077658891677856,15.606733322143555,0.0023980033583939075,0.8634880781173706,edge,blur,gradient-magnitude (edge),resnet18,1236,0
manila_query_-YADzGuflGFk0TrwgbgGQA,manila_database_-_fVELmr5tiTkS-ovuUqwg,6,0.8081309795379639,london_database_JeQXfjTo6VURMPAXsqqrqw,0.818425178527832,-0.010294198989868164,london_database_JeQXfjTo6VURMPAXsqqrqw,0,1,36.15284164643579,0.2507766783237457,15.76871109008789,0.003559027798473835,0.812785804271698,edge,blur,gradient-magnitude (edge),resnet18,1236,0
nairobi_query_3VEngLiRuIRlzTCHOPvAqA,nairobi_database_L7HQ20CuWeW1lZ721bPiYw,3,0.849563479423523,manila_database_6CriQ2VRKNW4LDL6gxn3zQ,0.8623420000076294,-0.012778520584106445,manila_database_6CriQ2VRKNW4LDL6gxn3zQ,1,1,36.228566556826514,0.25077325105667114,15.496146202087402,0.01927083358168602,0.9511623382568359,edge,blur,gradient-magnitude (edge),resnet18,1236,0
toronto_query_-KU5g574x3Cah05LVtG_Pw,toronto_database_04B1WEjVCa37yCDuNHwrMg,840,0.7673735618591309,toronto_database_3TTFiJMjq1nelldiHvqxHQ,0.8748488426208496,-0.10747528076171875,toronto_database_3TTFiJMjq1nelldiHvqxHQ,0,0,36.11160372233042,0.2507772445678711,15.919154167175293,0.0,0.8919313549995422,edge,blur,gradient-magnitude (edge),resnet18,1236,0
zurich_query_0YqWIRNZbPyTmppf5ZjyMw,zurich_database_20lehOgt_qjfnJpaXFVAWQ,1,0.8760241270065308,zurich_database_5EBjYZoNQsB323r5P6H-HQ,0.8647473454475403,0.011276781558990479,zurich_database_20lehOgt_qjfnJpaXFVAWQ,1,1,36.16081928147479,0.2507707476615906,15.739771842956543,0.00046115450095385313,0.892387330532074,edge,blur,gradient-magnitude (edge),resnet18,1236,0
amman_query_2E9XDGy6VTetR1O15tILdw,amman_database_5ymzd7ILNCKrAYOn-vJkbg,2,0.8613141179084778,amman_database_7UkylzqcXiAtWBdc7gRXug,0.8727576732635498,-0.011443555355072021,amman_database_7UkylzqcXiAtWBdc7gRXug,1,1,36.095869857224145,0.25077709555625916,15.97693157196045,0.0,0.8885783553123474,edge,blur,gradient-magnitude (edge),resnet18,1236,0
boston_query_-U_cmO4sMoYmoNbCPpMXWw,boston_database_JS8N7enRfmX_RvSbYxuZ-w,218,0.7881829738616943,boston_database_4-6a8GKWz64mtfMPWnN3-w,0.8652404546737671,-0.07705748081207275,boston_database_4-6a8GKWz64mtfMPWnN3-w,0,0,36.29223382544544,0.2507750689983368,15.270630836486816,0.013264973647892475,0.846301794052124,edge,blur,gradient-magnitude (edge),resnet18,1236,0
cph_query_-UByBh5hYhNn4_dsHy73aA,cph_database_3POXmtmhwFom_z6e6wJgVA,1,0.8449262380599976,toronto_database_2Ihd0xAnt_t5tUzeKVnzeQ,0.8308061957359314,0.014120042324066162,cph_database_3POXmtmhwFom_z6e6wJgVA,1,1,36.12436579277231,0.2507711946964264,15.872443199157715,0.0,0.8065323829650879,edge,blur,gradient-magnitude (edge),resnet18,1236,0
london_query_07oSFXlZ9SfPsHwsEZQFtA,london_database_7hadEPdEI2MGW7SMcZDBUA,31,0.8272806406021118,london_database_f9ng8k9Ngt4UWja_a-mjaw,0.8776795268058777,-0.05039888620376587,london_database_f9ng8k9Ngt4UWja_a-mjaw,0,0,36.12393082761657,0.25076475739479065,15.874032974243164,0.002132161520421505,0.7361668348312378,edge,blur,gradient-magnitude (edge),resnet18,1236,0
manila_query_-YswrllPgEq1Q_LYD0mD0A,manila_database_3C699pIkBPbDTfkzbBV0CA,124,0.8166587352752686,manila_database_YAr_6aQgtNVbe7GhT70obQ,0.8797078132629395,-0.0630490779876709,manila_database_YAr_6aQgtNVbe7GhT70obQ,0,0,36.30116544506371,0.25077196955680847,15.2392578125,0.0,0.781333327293396,edge,blur,gradient-magnitude (edge),resnet18,1236,0
nairobi_query_3sAf0a7Z9MFOX5NACNEfkA,nairobi_database_dM7fC2AkybfrCZcjVXnR5A,4,0.8507409691810608,london_database_JeQXfjTo6VURMPAXsqqrqw,0.8573446273803711,-0.006603658199310303,london_database_JeQXfjTo6VURMPAXsqqrqw,1,1,36.2785345256654,0.2507740557193756,15.318876266479492,0.03753797709941864,0.9695232510566711,edge,blur,gradient-magnitude (edge),resnet18,1236,0
toronto_query_-L3Zos1U2E6AA3-ZO_eESA,toronto_database_1IcyRrAFPcVO0igzp_eRrw,43,0.8486263751983643,toronto_database_vHFdoApurhBvoN12-Y0jCA,0.8964439630508423,-0.04781758785247803,toronto_database_vHFdoApurhBvoN12-Y0jCA,0,0,36.301726982836875,0.25077542662620544,15.237287521362305,0.01238064281642437,0.8793500661849976,edge,blur,gradient-magnitude (edge),resnet18,1236,0
zurich_query_0eG9-83f-Xafie9_84fDbg,zurich_database_6Tpy6Xxof6fyaFeCZtbsEg,13,0.8403705358505249,zurich_database_JlQZqZETcsktpyAY5mc1pg,0.8587979078292847,-0.018427371978759766,zurich_database_JlQZqZETcsktpyAY5mc1pg,0,0,36.098021768586,0.2507724463939667,15.969017028808594,0.0,0.7930554747581482,edge,blur,gradient-magnitude (edge),resnet18,1236,0
amman_query_2WNEczYwDdZlHE_2nYlE-A,amman_database_5d98wz6r1vXbvR54pg7gIQ,725,0.7741357088088989,cph_database_L9eWYNDLPVUHOitjad3-fw,0.8520171642303467,-0.07788145542144775,cph_database_L9eWYNDLPVUHOitjad3-fw,0,0,36.09932266343626,0.2507723569869995,15.964234352111816,0.0,0.737859845161438,edge,blur,gradient-magnitude (edge),resnet18,1236,0
boston_query_-VHXaQ_dj_14O-Bcn3u7zA,boston_database_2gTDHoqHum22wo8SKKDWBg,448,0.7895445823669434,manila_database_8utvedK3WjLqNtdaZaP_4A,0.873066782951355,-0.08352220058441162,manila_database_8utvedK3WjLqNtdaZaP_4A,0,0,36.122893558061406,0.25077536702156067,15.877824783325195,0.0,0.9062809348106384,edge,blur,gradient-magnitude (edge),resnet18,1236,0
cph_query_-UO7OuMXuwPBrMEXSsFhNA,cph_database_6CANlvoIvwlMpdsIrbbUmA,611,0.7234832048416138,boston_database_1busJQOKCp-Qb4SSxC05LQ,0.8239801526069641,-0.10049694776535034,boston_database_1busJQOKCp-Qb4SSxC05LQ,0,0,36.18618671424691,0.2507752478122711,15.648102760314941,0.009640841744840145,0.926683247089386,edge,blur,gradient-magnitude (edge),resnet18,1236,0
london_query_08wp6QepyximP9UuP-ijLg,london_database_53xOo_95yKsUnmy4Fd3PYw,1,0.8598807454109192,boston_database_2HqIYacSD0Jad_3YkpMl1g,0.8575026988983154,0.0023780465126037598,london_database_53xOo_95yKsUnmy4Fd3PYw,1,1,36.193297098175385,0.25077369809150696,15.622504234313965,0.00521918386220932,0.8721688985824585,edge,blur,gradient-magnitude (edge),resnet18,1236,0
manila_query_-Z3CXTi1QhF_Ste8t8vrJA,manila_database_5Ql3xrJt_aAwbVnIi2tr2A,563,0.7752143144607544,toronto_database_8aHbQwynhIr0XfyXIGqbdA,0.8740249276161194,-0.09881061315536499,toronto_database_8aHbQwynhIr0XfyXIGqbdA,0,0,36.286198685615005,0.25076785683631897,15.291866302490234,0.01457248255610466,0.8907572627067566,edge,blur,gradient-magnitude (edge),resnet18,1236,0
nairobi_query_3vVoHZDD0-kVhbBxDTYEjw,nairobi_database_ssLyvL_47h4IZogucHeChA,33,0.8393852710723877,cph_database_6FWutZl3fAQcJRG274zWZg,0.8795888423919678,-0.04020357131958008,cph_database_6FWutZl3fAQcJRG274zWZg,0,0,36.39057802238654,0.2507745027542114,14.928719520568848,0.04902886226773262,0.9120271801948547,edge,blur,gradient-magnitude (edge),resnet18,1236,0
toronto_query_-LZN7DIyP80uvFh2O8KVXw,toronto_database_1OKrJwSkMgWLOUyI6mfdmQ,1,0.8970094323158264,cph_database_4LZ9lq4vlaRvdPB9iDhaYA,0.8864760398864746,0.010533392429351807,toronto_database_1OKrJwSkMgWLOUyI6mfdmQ,1,1,36.11342168049728,0.25077325105667114,15.912491798400879,1.627604251552839e-05,0.9002020955085754,edge,blur,gradient-magnitude (edge),resnet18,1236,0
zurich_query_0g61-9tYhD3Y5qh7eiB92g,zurich_database_-F5DDVeGiDZ-hjlDdC345w,1,0.8400450944900513,cph_database_6FWutZl3fAQcJRG274zWZg,0.8306628465652466,0.009382247924804688,zurich_database_-F5DDVeGiDZ-hjlDdC345w,1,1,36.18019476711356,0.25077369809150696,15.669707298278809,0.0054416232742369175,0.882514238357544,edge,blur,gradient-magnitude (edge),resnet18,1236,0
amman_query_2amxr5vdbo4jgViAEELT_Q,amman_database_RybCghn6dxdppOd3XPQXhw,1873,0.6606112718582153,amman_database_3wWJ82WLUpx01TcOoRGJ0A,0.8407415151596069,-0.1801302433013916,amman_database_3wWJ82WLUpx01TcOoRGJ0A,0,0,36.09636813247875,0.25077593326568604,15.975098609924316,0.0,0.9191998839378357,edge,blur,gradient-magnitude (edge),resnet18,1236,0
boston_query_-WNRbaGc8Yukh-LWnRNe5O,boston_database_-Ks6CpNXFqOh9Kttdsa6lw,19,0.8273429274559021,boston_database_0nVucTiqCktiYWTPaBpNcw,0.8464616537094116,-0.01911872625350952,boston_database_0nVucTiqCktiYWTPaBpNcw,0,0,36.235370059590075,0.2507694959640503,15.47188949584961,0.01769205741584301,0.8735341429710388,edge,blur,gradient-magnitude (edge),resnet18,1236,0
cph_query_-V4aUy1yd0AbFfY-xX0BAg,cph_database_32jo92qIsoiPEI021E3-pg,3,0.8773513436317444,cph_database_7GGxDI0rTmq-wJUpv3Lejw,0.8986763954162598,-0.02132505178451538,cph_database_7GGxDI0rTmq-wJUpv3Lejw,1,1,36.16362578092129,0.2507754862308502,15.72960376739502,0.004573567770421505,0.7460598349571228,edge,blur,gradient-magnitude (edge),resnet18,1236,0
london_query_09P-tDZlSTWY4XNCcRZ_-g,london_database_L2btcmPVteWg2tJIPDETLg,10,0.8536105155944824,london_database_3TOMsxS6vQzH3YhtBfDDlw,0.8663638234138489,-0.012753307819366455,london_database_3TOMsxS6vQzH3YhtBfDDlw,0,1,36.193426741180154,0.2507794201374054,15.622037887573242,5.425347353593679e-06,0.9113494753837585,edge,blur,gradient-magnitude (edge),resnet18,1236,0
manila_query_-ZbYcdqL0C0ximLGFEriNA,manila_database_-z7DfYZSWWxPbr9oCG6mHg,169,0.8224334716796875,manila_database_-oBqLjLn5eBTNP9hb48ggA,0.8615552186965942,-0.03912174701690674,manila_database_-oBqLjLn5eBTNP9hb48ggA,0,0,36.160397226303076,0.25076743960380554,15.741301536560059,0.0,0.755303680896759,edge,blur,gradient-magnitude (edge),resnet18,1236,0
nairobi_query_3zSInmaUjlNkUR45dqrSLg,nairobi_database_wbz228P545PFYBpVD8i8XA,72,0.810616135597229,cph_database_5bN6yjff_s_mmc84IJXTkQ,0.8502735495567322,-0.039657413959503174,cph_database_5bN6yjff_s_mmc84IJXTkQ,0,0,36.30278883013341,0.25077441334724426,15.233562469482422,0.0318739153444767,0.9112327694892883,edge,blur,gradient-magnitude (edge),resnet18,1236,0
toronto_query_-M3eMqHp0OhecS-hoh58aQ,toronto_database_95hPXNJ-rgCIo0awz78Big,124,0.7815711498260498,amman_database_Ld8UF_WG7d620clwmhmA7w,0.8443379402160645,-0.06276679039001465,amman_database_Ld8UF_WG7d620clwmhmA7w,0,0,36.10353359323392,0.25076863169670105,15.948762893676758,0.0,0.9191194772720337,edge,blur,gradient-magnitude (edge),resnet18,1236,0
zurich_query_0gHh8OHgmM804LVr0Ocrag,zurich_database_6UPSS0xP9iCLyj6dGKfFRg,7,0.8966924548149109,cph_database_mM7P8ptP9qs40DDOdxQu6Q,0.9062594771385193,-0.009567022323608398,cph_database_mM7P8ptP9qs40DDOdxQu6Q,0,1,36.09614854211346,0.250773549079895,15.975906372070312,0.0,0.8836215734481812,edge,blur,gradient-magnitude (edge),resnet18,1236,0
amman_query_2ar5B6f1xOYuU4wn7CLEJg,amman_database_Crog-zM-aqzW4UhYaQpBCw,79,0.8218566179275513,amman_database_7UkylzqcXiAtWBdc7gRXug,0.8857285380363464,-0.06387192010879517,amman_database_7UkylzqcXiAtWBdc7gRXug,0,0,36.10007484403503,0.2507742643356323,15.961469650268555,0.0,0.757580578327179,edge,blur,gradient-magnitude (edge),resnet18,1236,0
boston_query_-XLBZG628HbrD4FlfLBryQ,boston_database_03IglAzl7WIbyBCzwIOQGg,1,0.8532313108444214,boston_database_7wQKqB8f8mmOlzPVp_KeXg,0.8488150238990784,0.004416286945343018,boston_database_03IglAzl7WIbyBCzwIOQGg,1,1,36.376651756082325,0.25077491998672485,14.976667404174805,0.02409396693110466,0.8639335036277771,edge,blur,gradient-magnitude (edge),resnet18,1236,0
cph_query_-VfD_cIsQvsNIbCy3tCgQQ,cph_database_-_WpfRt0xa7BT3ZNhox7bw,10,0.8541263341903687,toronto_database_JZHiKl7CE7BzdlGbop_5MA,0.8755035400390625,-0.021377205848693848,toronto_database_JZHiKl7CE7BzdlGbop_5MA,0,1,36.09577394191053,0.25077977776527405,15.97728443145752,0.0,0.7530731558799744,edge,blur,gradient-magnitude (edge),resnet18,1236,0
london_query_0AbO1xvvOJRs1V3ReaDrNw,london_database_3nlgqK_BhpRLtCaRJk7mBg,18,0.8446642756462097,toronto_database_JZHiKl7CE7BzdlGbop_5MA,0.8802862167358398,-0.03562194108963013,toronto_database_JZHiKl7CE7BzdlGbop_5MA,0,0,36.443665776291525,0.2507733106613159,14.747343063354492,0.02566731721162796,0.8820688724517822,edge,blur,gradient-magnitude (edge),resnet18,1236,0
manila_query_-ZyenisXeFL1kaebCpUNAQ,manila_database_5k6CwtK_2ROyvpr91VU3nw,155,0.8071728944778442,manila_database_31P09aOdEXsPJyiA8d7DRA,0.8759342432022095,-0.06876134872436523,manila_database_31P09aOdEXsPJyiA8d7DRA,0,0,36.1092295003339,0.25076112151145935,15.92785930633545,0.0,0.8949455618858337,edge,blur,gradient-magnitude (edge),resnet18,1236,0
nairobi_query_42kd1bm9ZK0fwGacm_8O5A,nairobi_database_NoG9ZUE9lu8WisRacbbNUw,60,0.8405269384384155,amman_database_-EkOPrVh-NFmrWU-lmlIgg,0.8779429793357849,-0.037416040897369385,amman_database_-EkOPrVh-NFmrWU-lmlIgg,0,0,36.09705990174543,0.2507767379283905,15.972554206848145,0.0,0.8264942765235901,edge,blur,gradient-magnitude (edge),resnet18,1236,0
toronto_query_-MFll3mcOLNHfSZyGy5VIw,toronto_database_8aHbQwynhIr0XfyXIGqbdA,9,0.8530032634735107,toronto_database_5ey9E_udkLByc3LTBLFD3A,0.8961094617843628,-0.04310619831085205,toronto_database_5ey9E_udkLByc3LTBLFD3A,0,1,36.200963553682314,0.2507758140563965,15.594950675964355,0.0018988715019077063,0.8816870450973511,edge,blur,gradient-magnitude (edge),resnet18,1236,0
zurich_query_0lHgqSrbw8SSQej38K9wpQ,zurich_database_OyWUlDA0nQXhtkA0SVtvGg,1,0.8671578764915466,toronto_database_66Svrvnm_JwZWN1Blrg8rw,0.8318217992782593,0.035336077213287354,zurich_database_OyWUlDA0nQXhtkA0SVtvGg,1,1,36.35541461203615,0.2507762908935547,15.05008316040039,0.0343153215944767,0.8503262400627136,edge,blur,gradient-magnitude (edge),resnet18,1236,0
amman_query_2hq9evzmyg6GO86JGeo5kw,amman_database_5f1b6ODcRSNjVm7BiUt1HQ,2,0.858195424079895,amman_database_3yagEI09YxnyMOsqFCs-ig,0.85898756980896,-0.0007921457290649414,amman_database_3yagEI09YxnyMOsqFCs-ig,1,1,36.1959124463045,0.25077110528945923,15.613099098205566,0.0018988715019077063,0.8607734441757202,edge,blur,gradient-magnitude (edge),resnet18,1236,0
boston_query_-XPoSJpI_X3ZlnZLz8JG4L,boston_database_4KYD-Lea90k3MYU22xzDu7,235,0.8330799341201782,amman_database_2_NNnfq-ucbh4wN64ndIOg,0.8932552933692932,-0.06017535924911499,amman_database_2_NNnfq-ucbh4wN64ndIOg,0,0,36.29561051507618,0.25076720118522644,15.25876235961914,0.0,0.7633959650993347,edge,blur,gradient-magnitude (edge),resnet18,1236,0
cph_query_-VwsLi9Gs8ntflZjLfPkGw,cph_database_0XUmaZkZbak0CUhOwxqPjw,234,0.8244109749794006,cph_database_UjpWUL98Q5DyuoCMWlk77w,0.8835792541503906,-0.05916827917098999,cph_database_UjpWUL98Q5DyuoCMWlk77w,0,0,36.12966819738349,0.25077491998672485,15.853075981140137,0.0,0.7853715419769287,edge,blur,gradient-magnitude (edge),resnet18,1236,0
london_query_0BjBFV4G9jdMJlEMqshzoA,london_database_4xtgpNe3FmAQyzxnF9lLdA,27,0.8164710998535156,manila_database_0XBigdUA8xDwLCi4-HiXRA,0.8334206342697144,-0.01694953441619873,manila_database_0XBigdUA8xDwLCi4-HiXRA,0,0,36.13047791375133,0.2507758140563965,15.850120544433594,1.627604251552839e-05,0.7351232171058655,edge,blur,gradient-magnitude (edge),resnet18,1236,0
manila_query_-aK1h18UZREBqmVQH9KSvw,manila_database_YaHrs2Z76Jx0zaYq3oFG7A,131,0.8261052966117859,toronto_database_2PHgK91Apm8x6PzXK7MpUA,0.8766322135925293,-0.05052691698074341,toronto_database_2PHgK91Apm8x6PzXK7MpUA,0,0,36.50255422120345,0.2507629990577698,14.548725128173828,0.0469835065305233,0.8259989023208618,edge,blur,gradient-magnitude (edge),resnet18,1236,0
nairobi_query_479Or7jRwWHujnR6N21HGg,nairobi_database_6TX4ZR0VfqHmNorJfDCQdA,125,0.8162668943405151,manila_database_8tQ1uxni3yt7oj1i8yGoOg,0.8574382066726685,-0.04117131233215332,manila_database_8tQ1uxni3yt7oj1i8yGoOg,0,0,36.36215972501929,0.25077468156814575,15.026726722717285,0.03994683176279068,0.951386034488678,edge,blur,gradient-magnitude (edge),resnet18,1236,0
toronto_query_-MnI6OlC-vX0Wm56nVPN1A,toronto_database_8WmAPKRjvJVk_G6ITzFa3g,1,0.8726049661636353,toronto_database_6htbZtf1tFEvk0bH1B-F8g,0.8611979484558105,0.011407017707824707,toronto_database_8WmAPKRjvJVk_G6ITzFa3g,1,1,36.53743848916005,0.25077682733535767,14.432332038879395,0.05647243931889534,0.8696979880332947,edge,blur,gradient-magnitude (edge),resnet18,1236,0
zurich_query_0nVsH-6SH_FHslcVrikkwQ,zurich_database_XBi1UyH0pCxpA5NginBO2Q,126,0.8204705119132996,zurich_database_2IFVvdawkgwfoEkc1UpdCw,0.8840795755386353,-0.0636090636253357,zurich_database_2IFVvdawkgwfoEkc1UpdCw,0,0,36.29501231458062,0.25077182054519653,15.2608642578125,0.0,0.8985488414764404,edge,blur,gradient-magnitude (edge),resnet18,1236,0
amman_query_2lABfkOBYPSLZkKhyRxYdA,amman_database_151zMheq8vPIGSfBTFm2Kg,10,0.8611368536949158,amman_database_1gJtGI68JVwQZGi6W80ZUw,0.9024733304977417,-0.04133647680282593,amman_database_1gJtGI68JVwQZGi6W80ZUw,0,1,36.10477483530596,0.2507767677307129,15.944205284118652,0.0,0.9353184103965759,edge,blur,gradient-magnitude (edge),resnet18,1236,0
boston_query_-XVMoSt8xs2FUh9JzquX6A,boston_database_-Pxs88edybUEElFJ9874hQ,10,0.8480916023254395,boston_database_1k4pbpEWBwA9ojuy58J9oA,0.8793931007385254,-0.03130149841308594,boston_database_1k4pbpEWBwA9ojuy58J9oA,0,1,36.10391483679201,0.25077199935913086,15.947362899780273,0.0,0.7520073056221008,edge,blur,gradient-magnitude (edge),resnet18,1236,0
cph_query_-WFB24C5ns0vkkGHGvN40A,cph_database_33ZlPGNkPp7GdFa0YLMIsg,1,0.8709492683410645,cph_database_7aTcyyEj8sB3Jg7PRzJu-g,0.8661983609199524,0.0047509074211120605,cph_database_33ZlPGNkPp7GdFa0YLMIsg,1,1,36.095726762722705,0.25078117847442627,15.977458000183105,0.0,0.8608488440513611,edge,blur,gradient-magnitude (edge),resnet18,1236,0
london_query_0CaaImFsIdNZjpg8oBPgsQ,london_database_ogCqZhn7TrfEmF64Tg9z1Q,1095,0.7393548488616943,boston_database_3ioBUYHwNBnfQOGcNDk6tg,0.832649827003479,-0.09329497814178467,boston_database_3ioBUYHwNBnfQOGcNDk6tg,0,0,36.12940773021327,0.2507743537425995,15.854026794433594,0.0,0.7951136827468872,edge,blur,gradient-magnitude (edge),resnet18,1236,0
manila_query_-cNGgBgyFrf92tQ2SjMnVw,manila_database_-TOsz7Ayx4vLCsmVCwRUow,227,0.8225613832473755,london_database_7hadEPdEI2MGW7SMcZDBUA,0.896319568157196,-0.07375818490982056,london_database_7hadEPdEI2MGW7SMcZDBUA,0,0,36.170381235948604,0.2507689893245697,15.705155372619629,0.0075358073227107525,0.8925192952156067,edge,blur,gradient-magnitude (edge),resnet18,1236,0
nairobi_query_4EL0OPwVmp4k2zCpl9_c_A,nairobi_database_3UPn39IM6HTHYtg6HY4q-g,6,0.8431779146194458,boston_database_0MER2tyL8y0wp8wzZzQCDA,0.8656688332557678,-0.02249091863632202,boston_database_0MER2tyL8y0wp8wzZzQCDA,0,1,36.16640801072859,0.2507742941379547,15.71953010559082,0.01169704832136631,0.9644074440002441,edge,blur,gradient-magnitude (edge),resnet18,1236,0
toronto_query_-MvRj243NBTPnognhgb4Cg,toronto_database_2PHgK91Apm8x6PzXK7MpUA,58,0.8545417189598083,zurich_database_1RM5Mx-wajw1Nbo7PHHTwg,0.8939202427864075,-0.03937852382659912,zurich_database_1RM5Mx-wajw1Nbo7PHHTwg,0,0,36.10988457063123,0.2507737874984741,15.925457000732422,8.680555765749887e-05,0.9119828939437866,edge,blur,gradient-magnitude (edge),resnet18,1236,0
zurich_query_0qoNSI3UUj6VR3TM7c0Peg,zurich_database_-PR5mh0jiifZqsBmHPzeMg,418,0.7454754114151001,london_database_95giX68cDMPmxguKbDWhmA,0.8333514928817749,-0.0878760814666748,london_database_95giX68cDMPmxguKbDWhmA,0,0,36.10633838568531,0.2507781684398651,15.93846607208252,2.7126736313221045e-05,0.8079613447189331,edge,blur,gradient-magnitude (edge),resnet18,1236,0
amman_query_2o7YcP9UAqSU1ygtK33BfQ,amman_database_urse6by33-0JmqS5mVlLLg,4,0.8598625659942627,london_database_27LGSz3TaaHAydAv_StPzA,0.8634543418884277,-0.003591775894165039,london_database_27LGSz3TaaHAydAv_StPzA,1,1,36.095833823925474,0.25077301263809204,15.97706413269043,0.0,0.7949315309524536,edge,blur,gradient-magnitude (edge),resnet18,1236,0
boston_query_-YC7UljP-400uMusDPAb5o,boston_database_2TQsfSDqxLbRlevqUcUSYA,1,0.8506908416748047,boston_database_16CRssB4qXv2zYzHuRAwTQ,0.8324832916259766,0.018207550048828125,boston_database_2TQsfSDqxLbRlevqUcUSYA,1,1,36.13144041582001,0.2507706582546234,15.84660816192627,0.0020887586288154125,0.7617286443710327,edge,blur,gradient-magnitude (edge),resnet18,1236,0
cph_query_-WSWmgHuo6qPHzHxqzEe1A,cph_database_6x3ymkhiy3yOhCsu1aztdg,105,0.8432657718658447,cph_database_6pYqCwVVuumtu2fveyEqRA,0.8883047699928284,-0.04503899812698364,cph_database_6pYqCwVVuumtu2fveyEqRA,0,0,36.10028840507879,0.2507762312889099,15.960684776306152,0.0,0.8362097144126892,edge,blur,gradient-magnitude (edge),resnet18,1236,0
london_query_0EzKuKNIcxIWax_duM0EWw,london_database_h9EFKOkIkMIA7h7U-lcwWA,2,0.8741544485092163,london_database_-ciLkUT3ztPptCzyhLAG2w,0.8754087686538696,-0.0012543201446533203,london_database_-ciLkUT3ztPptCzyhLAG2w,1,1,36.12423219356005,0.250776082277298,15.872931480407715,0.0016493055736646056,0.7241953611373901,edge,blur,gradient-magnitude (edge),resnet18,1236,0
manila_query_-cmAo9dkimIih2B7T4UHfg,manila_database_7ZCkHNgbdGrjb8m48J_VRA,219,0.7950788736343384,manila_database_1NHx9p_Qfpv51-_bnxD3XQ,0.8863005042076111,-0.0912216305732727,manila_database_1NHx9p_Qfpv51-_bnxD3XQ,0,0,36.47811685416646,0.2507701516151428,14.630820274353027,0.03462456539273262,0.8601353168487549,edge,blur,gradient-magnitude (edge),resnet18,1236,0
nairobi_query_4Scm9UylRL9Edyu3ZemB9A,nairobi_database_FuBkR1fbVVpCW5nvjIU89g,5,0.8295419216156006,nairobi_database_a9xNzoydjr-je93NA7mygg,0.8518864512443542,-0.022344529628753662,nairobi_database_a9xNzoydjr-je93NA7mygg,1,1,36.296721095709955,0.2507733404636383,15.254860877990723,0.03369140625,0.9699345827102661,edge,blur,gradient-magnitude (edge),resnet18,1236,0
toronto_query_-N8Ief4Q3CWSOSauaoVHkw,toronto_database_f9yapUp1QfWHiW5Ggk7eTw,2,0.8613947033882141,manila_database_78z0QV2-TMH912gTI-63FA,0.868170976638794,-0.006776273250579834,manila_database_78z0QV2-TMH912gTI-63FA,1,1,36.09975568975334,0.2507733106613159,15.962642669677734,0.0,0.9336085319519043,edge,blur,gradient-magnitude (edge),resnet18,1236,0
zurich_query_0yT0tESrImO18FH9C5STzg,zurich_database_5EBjYZoNQsB323r5P6H-HQ,15,0.8377853631973267,boston_database_3dQbA6O_0evX3zu7Qc-pYw,0.8775547742843628,-0.03976941108703613,boston_database_3dQbA6O_0evX3zu7Qc-pYw,0,0,36.331337791749256,0.2507726550102234,15.133750915527344,0.0014919704990461469,0.873558521270752,edge,blur,gradient-magnitude (edge),resnet18,1236,0
amman_query_2pCCoWfi0AP_93cYLKD9sA,amman_database_8uoKd4Y-3PxaJ9sVbGxXLQ,125,0.8446136713027954,toronto_database_3LCzhZVa-_75oQZecGcGLw,0.9092588424682617,-0.06464517116546631,toronto_database_3LCzhZVa-_75oQZecGcGLw,0,0,36.100200176886055,0.25077342987060547,15.96100902557373,0.0,0.7940790057182312,edge,blur,gradient-magnitude (edge),resnet18,1236,0
boston_query_-YNCuOIwfe745OWl27FQZQ,boston_database_6HtWKuiJOkXO1GTzRBSfTg,7,0.8626810908317566,boston_database_94aSe_FRCFVJYIIipBQssA,0.8727622628211975,-0.010081171989440918,boston_database_94aSe_FRCFVJYIIipBQssA,0,1,36.335423516657194,0.250778466463089,15.11952018737793,0.0039388020522892475,0.8959221243858337,edge,blur,gradient-magnitude (edge),resnet18,1236,0
cph_query_-XYLPst0OjYGoPVJKGP1aA,cph_database_33mmxgcLFjzRhpSRQRWq4Q,2,0.8885276317596436,cph_database_-QWxOCFh2Cw3JbcqTX28OQ,0.8906973600387573,-0.0021697282791137695,cph_database_-QWxOCFh2Cw3JbcqTX28OQ,1,1,36.09667485165623,0.2507782280445099,15.973970413208008,0.0,0.8857458829879761,edge,blur,gradient-magnitude (edge),resnet18,1236,0
london_query_0IFxmIDIkGlB0FShcszAfw,london_database_7KhxgmhjR5T_2QXEjYoZ-Q,18,0.8028122782707214,zurich_database_6-TIm7QHPYTjyxT3GFR2gg,0.8493402004241943,-0.0465279221534729,zurich_database_6-TIm7QHPYTjyxT3GFR2gg,0,0,36.33678408740933,0.2507787346839905,15.114784240722656,0.0,0.7967711687088013,edge,blur,gradient-magnitude (edge),resnet18,1236,0
manila_query_-dvVr_QHKim5_WyUsv_Z4A,manila_database_4AEqUaQU5yZh8-dTi5SuRQ,88,0.8264595866203308,manila_database_31P09aOdEXsPJyiA8d7DRA,0.8798778653144836,-0.05341827869415283,manila_database_31P09aOdEXsPJyiA8d7DRA,0,0,36.155186751660686,0.2507729232311249,15.760198593139648,0.0,0.7476422786712646,edge,blur,gradient-magnitude (edge),resnet18,1236,0
nairobi_query_4_8wDQ5TQuzz_jEJKVIl0Q,nairobi_database_8QrvtfnMMYvjycP4nESumw,347,0.7452393770217896,manila_database_4tXg0kJtp4bBR40lWJ7mIA,0.8505629301071167,-0.10532355308532715,manila_database_4tXg0kJtp4bBR40lWJ7mIA,0,0,36.10281846228199,0.25078055262565613,15.95138931274414,0.0,0.8196704387664795,edge,blur,gradient-magnitude (edge),resnet18,1236,0
toronto_query_-OZxhiQ5zPqGdSRrqUMKfQ,toronto_database_6El8G6j-CzIxXcap-_r3sg,1,0.9043493270874023,boston_database_1lzWfM7wv5kw-ZdKl_peNA,0.8677268624305725,0.036622464656829834,toronto_database_6El8G6j-CzIxXcap-_r3sg,1,1,36.26551226141953,0.2507767975330353,15.36487865447998,0.0,0.869325578212738,edge,blur,gradient-magnitude (edge),resnet18,1236,0
zurich_query_0zEmJXMA03W0EBFP74wRVQ,zurich_database_56kgw0xoLbK4aolDWKul5A,1,0.8873612880706787,boston_database_-BzrVPIrGylZQ8H15WaRYg,0.8682807683944702,0.019080519676208496,zurich_database_56kgw0xoLbK4aolDWKul5A,1,1,36.1367132644606,0.2507776618003845,15.827380180358887,0.0,0.9203365445137024,edge,blur,gradient-magnitude (edge),resnet18,1236,0
amman_query_2pZlZDNh_3B-gECdtvklWQ,amman_database_IceuJQN2uOI5xXzHFlNWHw,7,0.8524763584136963,amman_database_3yagEI09YxnyMOsqFCs-ig,0.8645616769790649,-0.012085318565368652,amman_database_3yagEI09YxnyMOsqFCs-ig,0,1,36.14369219511617,0.25077253580093384,15.801966667175293,0.0,0.7295821905136108,edge,blur,gradient-magnitude (edge),resnet18,1236,0
boston_query_-Zk-uQZzECPhvd8WV6mxhQ,boston_database_87osbt4QESoaKhqx1S698g,1,0.8494460582733154,cph_database_5GKxJZYxgwMMJsgDfMxZ1w,0.8480620384216309,0.0013840198516845703,boston_database_87osbt4QESoaKhqx1S698g,1,1,36.14713786719871,0.25077447295188904,15.789434432983398,0.0,0.7719686627388,edge,blur,gradient-magnitude (edge),resnet18,1236,0
cph_query_-YjbrleIz5WKWE1Rmmo4fg,cph_database_20p-zC1BqByt8dVNbnKbTw,1,0.9038904905319214,boston_database_291-InfICP_FLOb09Og4iA,0.8871963024139404,0.016694188117980957,cph_database_20p-zC1BqByt8dVNbnKbTw,1,1,36.09584782243765,0.25077417492866516,15.977012634277344,0.0,0.9526023864746094,edge,blur,gradient-magnitude (edge),resnet18,1236,0
london_query_0LQj6exgKdVQbIBlQAVcrw,london_database_0hPXQ8vpwqqqTFwS1mTzZQ,40,0.7484391927719116,cph_database_6xxgGejRFdIJPYb-cnW2Xg,0.7995022535324097,-0.05106306076049805,cph_database_6xxgGejRFdIJPYb-cnW2Xg,0,0,36.116165672252194,0.2507765591144562,15.902441024780273,0.0002604166802484542,0.7468004822731018,edge,blur,gradient-magnitude (edge),resnet18,1236,0
manila_query_-fizm8lmdD_ORe0_j5qnJQ,manila_database_78z0QV2-TMH912gTI-63FA,3,0.8532381057739258,manila_database_1NHx9p_Qfpv51-_bnxD3XQ,0.8817995190620422,-0.028561413288116455,manila_database_1NHx9p_Qfpv51-_bnxD3XQ,1,1,36.18537501358728,0.2507714629173279,15.65102767944336,0.001128472271375358,0.8662940859794617,edge,blur,gradient-magnitude (edge),resnet18,1236,0
nairobi_query_4otBu8pxIHc7lXwh66bqHQ,nairobi_database_fdXQFliJlP2K6rvw_jLOnQ,1999,0.5215157270431519,zurich_database_4-7L3aTGT-P2Zip2jLHH2Q,0.8317101001739502,-0.31019437313079834,zurich_database_4-7L3aTGT-P2Zip2jLHH2Q,0,0,36.10539649870991,0.2507721781730652,15.941923141479492,0.00016276042151730508,0.7894465923309326,edge,blur,gradient-magnitude (edge),resnet18,1236,0
toronto_query_-Pkw8dqFfD76K-CZ7pnCVQ,toronto_database_efAlAqJr3ShZKF9EP9gJwA,114,0.8237519264221191,zurich_database_4-amN7nLphQF0Qv7LEKCqQ,0.8636740446090698,-0.039922118186950684,zurich_database_4-amN7nLphQF0Qv7LEKCqQ,0,0,36.31339598711454,0.25077638030052185,15.196401596069336,0.01325412280857563,0.8657661080360413,edge,blur,gradient-magnitude (edge),resnet18,1236,0
zurich_query_1-8NWRY7HPTPq2lkQitPfw,zurich_database_4imNC7D7IARx5dzUHyuzSA,10,0.8514045476913452,cph_database_SOFbS68m4Uymr1Fx8T7pfA,0.8639613389968872,-0.012556791305541992,cph_database_SOFbS68m4Uymr1Fx8T7pfA,0,1,36.23732039135065,0.2507745921611786,15.464942932128906,0.0021267361007630825,0.7951432466506958,edge,blur,gradient-magnitude (edge),resnet18,1236,0
amman_query_2rTDzpKAZdmx5K2aSyos9w,amman_database_7sUIB_SpdPVOW6OucKsTQg,38,0.85347580909729,amman_database_3ZbkOYTSJMb7R5Av7soq9A,0.8826287388801575,-0.02915292978286743,amman_database_3ZbkOYTSJMb7R5Av7soq9A,0,0,36.09588489278969,0.2507762610912323,15.976876258850098,0.0,0.9135214686393738,edge,blur,gradient-magnitude (edge),resnet18,1236,0
boston_query_-_69BJwJSLQGnzQD20QsOg,boston_database_xJh2U6wTEJU5MkN6cNWmrg,471,0.7705410718917847,manila_database_-tLOOodTWnvNp-K8fEWFlg,0.8636294603347778,-0.09308838844299316,manila_database_-tLOOodTWnvNp-K8fEWFlg,0,0,36.250703925524206,0.2507748007774353,15.4173583984375,2.1701389414374717e-05,0.733298659324646,edge,blur,gradient-magnitude (edge),resnet18,1236,0
cph_query_-YnFOjTmnQhpLwXt2EJ1QQ,cph_database_u__bAug3pIy5UiqNxPW-8w,450,0.7757672071456909,amman_database_4vgf9unQSieYYE8LIYoY7w,0.8720972537994385,-0.09633004665374756,amman_database_4vgf9unQSieYYE8LIYoY7w,0,0,36.234782507751284,0.2507733106613159,15.473982810974121,0.005588107742369175,0.9200729727745056,edge,blur,gradient-magnitude (edge),resnet18,1236,0
london_query_0M3fNwl2Fi82PVH3lDRsCg,london_database_3iqRaYIaJD-1F-instwfmg,1,0.8500915765762329,london_database_1D6hwAKVjwxPeiGlv9IT3g,0.8413359522819519,0.008755624294281006,london_database_3iqRaYIaJD-1F-instwfmg,1,1,36.20803567757677,0.25077366828918457,15.569576263427734,0.008544921875,0.7814778089523315,edge,blur,gradient-magnitude (edge),resnet18,1236,0
manila_query_-hNuMbgiWK_ZPELfuWj5FQ,manila_database_562jgjEtbznkZO2Ul4TSTw,1,0.8423720598220825,manila_database_3-gSfEXfZFJB6UNSXSK02g,0.8422085046768188,0.00016355514526367188,manila_database_562jgjEtbznkZO2Ul4TSTw,1,1,36.255501571298566,0.2507740557193756,15.400336265563965,0.0,0.8354517817497253,edge,blur,gradient-magnitude (edge),resnet18,1236,0
nairobi_query_5ISN1dRvjgJI9rd6GbusNQ,nairobi_database_91GsMs5kPfxkm2YLFNBy2g,76,0.8205591440200806,cph_database_4BdWO7YCXasxr90wTqDpDw,0.8589877486228943,-0.03842860460281372,cph_database_4BdWO7YCXasxr90wTqDpDw,0,0,36.290124218570625,0.2507753372192383,15.278050422668457,0.01856553740799427,0.8533973097801208,edge,blur,gradient-magnitude (edge),resnet18,1236,0
toronto_query_-PuMS2UqNh7dbLLfWE37yg,toronto_database_6qYwQstrayZM_SmME-owrw,2,0.8926061987876892,toronto_database_0ccv5ZSPbvN3WBJN_1__MA,0.9101133346557617,-0.01750713586807251,toronto_database_0ccv5ZSPbvN3WBJN_1__MA,1,1,36.28714621150701,0.25077417492866516,15.288530349731445,0.012896050699055195,0.8115506768226624,edge,blur,gradient-magnitude (edge),resnet18,1236,0
zurich_query_1-TXtjFv1nAkC2AZXfhuDg,zurich_database_-0c8fGzuvHKGROvzeZflOQ,54,0.8674567937850952,zurich_database_-Es59pgAQfznoDqUA50E9Q,0.8954430222511292,-0.027986228466033936,zurich_database_-Es59pgAQfznoDqUA50E9Q,0,0,36.17820043196561,0.25077372789382935,15.676904678344727,0.000244140625,0.9023209810256958,edge,blur,gradient-magnitude (edge),resnet18,1236,0
