query_id,condition,seed,sanitizer,objective,correct_rank,top1_place,correct_place,effective_mse,psnr
amman_query_-39Q9edqZUArYHa41OPDoQ,isotropic,1234,blur,self,1,amman:31,amman:31,15.680000,36.1773
amman_query_-39Q9edqZUArYHa41OPDoQ,white_box,1234,blur,self,365,manila:106,amman:31,15.680000,36.1773
amman_query_-39Q9edqZUArYHa41OPDoQ,transfer_1,1234,blur,self,1,amman:31,amman:31,15.680001,36.1773
amman_query_-39Q9edqZUArYHa41OPDoQ,transfer_2,1234,blur,self,1,amman:31,amman:31,15.679998,36.1773
amman_query_-39Q9edqZUArYHa41OPDoQ,transfer_3,1234,blur,self,1,amman:31,amman:31,15.680000,36.1773
amman_query_-39Q9edqZUArYHa41OPDoQ,isotropic,5678,blur,self,1,amman:31,amman:31,15.679997,36.1773
amman_query_-39Q9edqZUArYHa41OPDoQ,white_box,5678,blur,self,575,toronto:200,amman:31,15.680001,36.1773
amman_query_-39Q9edqZUArYHa41OPDoQ,transfer_1,5678,blur,self,1,amman:31,amman:31,15.680000,36.1773
amman_query_-39Q9edqZUArYHa41OPDoQ,transfer_2,5678,blur,self,1,amman:31,amman:31,15.680000,36.1773
amman_query_-39Q9edqZUArYHa41OPDoQ,transfer_3,5678,blur,self,2,boston:168,amman:31,15.679997,36.1773
amman_query_-39Q9edqZUArYHa41OPDoQ,isotropic,9012,blur,self,1,amman:31,amman:31,15.680000,36.1773
amman_query_-39Q9edqZUArYHa41OPDoQ,white_box,9012,blur,self,139,manila:106,amman:31,15.680000,36.1773
amman_query_-39Q9edqZUArYHa41OPDoQ,transfer_1,9012,blur,self,1,amman:31,amman:31,15.680000,36.1773
amman_query_-39Q9edqZUArYHa41OPDoQ,transfer_2,9012,blur,self,1,amman:31,amman:31,15.679997,36.1773
amman_query_-39Q9edqZUArYHa41OPDoQ,transfer_3,9012,blur,self,1,amman:31,amman:31,15.680000,36.1773
boston_query_--LUAhgqzqNM6FyWSJ-Dsw,isotropic,1234,blur,self,1,boston:87,boston:87,15.679998,36.1773
boston_query_--LUAhgqzqNM6FyWSJ-Dsw,white_box,1234,blur,self,1,boston:87,boston:87,15.680000,36.1773
boston_query_--LUAhgqzqNM6FyWSJ-Dsw,transfer_1,1234,blur,self,1,boston:87,boston:87,15.680000,36.1773
boston_query_--LUAhgqzqNM6FyWSJ-Dsw,transfer_2,1234,blur,self,1,boston:87,boston:87,15.679997,36.1773
boston_query_--LUAhgqzqNM6FyWSJ-Dsw,transfer_3,1234,blur,self,1,boston:87,boston:87,15.679998,36.1773
boston_query_--LUAhgqzqNM6FyWSJ-Dsw,isotropic,5678,blur,self,1,boston:87,boston:87,15.679997,36.1773
boston_query_--LUAhgqzqNM6FyWSJ-Dsw,white_box,5678,blur,self,94,london:85,boston:87,15.680000,36.1773
boston_query_--LUAhgqzqNM6FyWSJ-Dsw,transfer_1,5678,blur,self,1,boston:87,boston:87,15.680000,36.1773
boston_query_--LUAhgqzqNM6FyWSJ-Dsw,transfer_2,5678,blur,self,1,boston:87,boston:87,15.680000,36.1773
boston_query_--LUAhgqzqNM6FyWSJ-Dsw,transfer_3,5678,blur,self,1,boston:87,boston:87,15.679997,36.1773
boston_query_--LUAhgqzqNM6FyWSJ-Dsw,isotropic,9012,blur,self,1,boston:87,boston:87,15.680000,36.1773
boston_query_--LUAhgqzqNM6FyWSJ-Dsw,white_box,9012,blur,self,368,london:85,boston:87,15.680000,36.1773
boston_query_--LUAhgqzqNM6FyWSJ-Dsw,transfer_1,9012,blur,self,1,boston:87,boston:87,15.679998,36.1773
boston_query_--LUAhgqzqNM6FyWSJ-Dsw,transfer_2,9012,blur,self,1,boston:87,boston:87,15.680001,36.1773
boston_query_--LUAhgqzqNM6FyWSJ-Dsw,transfer_3,9012,blur,self,1,boston:87,boston:87,15.679997,36.1773
cph_query_--FyHVca3HP-QgUmcAvToA,isotropic,1234,blur,self,126,boston:19,cph:208,15.680000,36.1773
cph_query_--FyHVca3HP-QgUmcAvToA,white_box,1234,blur,self,420,manila:67,cph:208,15.680002,36.1773
cph_query_--FyHVca3HP-QgUmcAvToA,transfer_1,1234,blur,self,183,boston:19,cph:208,15.680000,36.1773
cph_query_--FyHVca3HP-QgUmcAvToA,transfer_2,1234,blur,self,125,boston:19,cph:208,15.680001,36.1773
cph_query_--FyHVca3HP-QgUmcAvToA,transfer_3,1234,blur,self,204,boston:19,cph:208,15.679998,36.1773
cph_query_--FyHVca3HP-QgUmcAvToA,isotropic,5678,blur,self,126,boston:19,cph:208,15.680000,36.1773
cph_query_--FyHVca3HP-QgUmcAvToA,white_box,5678,blur,self,470,amman:29,cph:208,15.679997,36.1773
cph_query_--FyHVca3HP-QgUmcAvToA,transfer_1,5678,blur,self,239,boston:19,cph:208,15.680000,36.1773
cph_query_--FyHVca3HP-QgUmcAvToA,transfer_2,5678,blur,self,191,boston:19,cph:208,15.679997,36.1773
cph_query_--FyHVca3HP-QgUmcAvToA,transfer_3,5678,blur,self,231,boston:19,cph:208,15.679998,36.1773
cph_query_--FyHVca3HP-QgUmcAvToA,isotropic,9012,blur,self,110,boston:19,cph:208,15.679997,36.1773
cph_query_--FyHVca3HP-QgUmcAvToA,white_box,9012,blur,self,245,cph:245,cph:208,15.679997,36.1773
cph_query_--FyHVca3HP-QgUmcAvToA,transfer_1,9012,blur,self,206,boston:19,cph:208,15.680000,36.1773
cph_query_--FyHVca3HP-QgUmcAvToA,transfer_2,9012,blur,self,125,boston:19,cph:208,15.679998,36.1773
cph_query_--FyHVca3HP-QgUmcAvToA,transfer_3,9012,blur,self,297,boston:19,cph:208,15.679997,36.1773
london_query_-0u7VsCOCAmwH4RFsN5BoA,isotropic,1234,blur,self,76,manila:202,london:51,15.679998,36.1773
london_query_-0u7VsCOCAmwH4RFsN5BoA,white_box,1234,blur,self,112,london:85,london:51,15.680000,36.1773
london_query_-0u7VsCOCAmwH4RFsN5BoA,transfer_1,1234,blur,self,90,manila:142,london:51,15.679997,36.1773
london_query_-0u7VsCOCAmwH4RFsN5BoA,transfer_2,1234,blur,self,115,manila:202,london:51,15.680002,36.1773
london_query_-0u7VsCOCAmwH4RFsN5BoA,transfer_3,1234,blur,self,68,manila:202,london:51,15.680000,36.1773
london_query_-0u7VsCOCAmwH4RFsN5BoA,isotropic,5678,blur,self,107,manila:202,london:51,15.679997,36.1773
london_query_-0u7VsCOCAmwH4RFsN5BoA,white_box,5678,blur,self,84,manila:33,london:51,15.679997,36.1773
london_query_-0u7VsCOCAmwH4RFsN5BoA,transfer_1,5678,blur,self,96,manila:142,london:51,15.679998,36.1773
london_query_-0u7VsCOCAmwH4RFsN5BoA,transfer_2,5678,blur,self,102,manila:142,london:51,15.679997,36.1773
london_query_-0u7VsCOCAmwH4RFsN5BoA,transfer_3,5678,blur,self,120,manila:102,london:51,15.680000,36.1773
london_query_-0u7VsCOCAmwH4RFsN5BoA,isotropic,9012,blur,self,89,manila:202,london:51,15.680000,36.1773
london_query_-0u7VsCOCAmwH4RFsN5BoA,white_box,9012,blur,self,191,zurich:38,london:51,15.679997,36.1773
london_query_-0u7VsCOCAmwH4RFsN5BoA,transfer_1,9012,blur,self,190,manila:202,london:51,15.680000,36.1773
london_query_-0u7VsCOCAmwH4RFsN5BoA,transfer_2,9012,blur,self,71,manila:142,london:51,15.679998,36.1773
london_query_-0u7VsCOCAmwH4RFsN5BoA,transfer_3,9012,blur,self,116,manila:142,london:51,15.680000,36.1773
manila_query_-10kuZ2TqVxJ-YLQJl2uqA,isotropic,1234,blur,self,46,toronto:274,manila:102,15.680000,36.1773
manila_query_-10kuZ2TqVxJ-YLQJl2uqA,white_box,1234,blur,self,9,london:122,manila:102,15.679997,36.1773
manila_query_-10kuZ2TqVxJ-YLQJl2uqA,transfer_1,1234,blur,self,29,manila:135,manila:102,15.679997,36.1773
manila_query_-10kuZ2TqVxJ-YLQJl2uqA,transfer_2,1234,blur,self,28,manila:29,manila:102,15.680000,36.1773
manila_query_-10kuZ2TqVxJ-YLQJl2uqA,transfer_3,1234,blur,self,23,manila:135,manila:102,15.680000,36.1773
manila_query_-10kuZ2TqVxJ-YLQJl2uqA,isotropic,5678,blur,self,38,manila:29,manila:102,15.680000,36.1773
manila_query_-10kuZ2TqVxJ-YLQJl2uqA,white_box,5678,blur,self,34,manila:190,manila:102,15.680001,36.1773
manila_query_-10kuZ2TqVxJ-YLQJl2uqA,transfer_1,5678,blur,self,30,manila:29,manila:102,15.679998,36.1773
manila_query_-10kuZ2TqVxJ-YLQJl2uqA,transfer_2,5678,blur,self,11,manila:29,manila:102,15.679997,36.1773
manila_query_-10kuZ2TqVxJ-YLQJl2uqA,transfer_3,5678,blur,self,8,manila:135,manila:102,15.680001,36.1773
manila_query_-10kuZ2TqVxJ-YLQJl2uqA,isotropic,9012,blur,self,38,manila:29,manila:102,15.680000,36.1773
manila_query_-10kuZ2TqVxJ-YLQJl2uqA,white_box,9012,blur,self,61,manila:190,manila:102,15.680001,36.1773
manila_query_-10kuZ2TqVxJ-YLQJl2uqA,transfer_1,9012,blur,self,22,manila:135,manila:102,15.680000,36.1773
manila_query_-10kuZ2TqVxJ-YLQJl2uqA,transfer_2,9012,blur,self,15,manila:29,manila:102,15.680001,36.1773
manila_query_-10kuZ2TqVxJ-YLQJl2uqA,transfer_3,9012,blur,self,20,manila:135,manila:102,15.679998,36.1773
nairobi_query_-K4R8iYrz9LwQ7wia8JZtQ,isotropic,1234,blur,self,2000,amman:11,nairobi:2,15.680000,36.1773
nairobi_query_-K4R8iYrz9LwQ7wia8JZtQ,white_box,1234,blur,self,1998,london:62,nairobi:2,15.680000,36.1773
nairobi_query_-K4R8iYrz9LwQ7wia8JZtQ,transfer_1,1234,blur,self,2000,amman:11,nairobi:2,15.680000,36.1773
nairobi_query_-K4R8iYrz9LwQ7wia8JZtQ,transfer_2,1234,blur,self,2000,amman:11,nairobi:2,15.680000,36.1773
nairobi_query_-K4R8iYrz9LwQ7wia8JZtQ,transfer_3,1234,blur,self,2000,boston:249,nairobi:2,15.679996,36.1773
nairobi_query_-K4R8iYrz9LwQ7wia8JZtQ,isotropic,5678,blur,self,1999,amman:11,nairobi:2,15.680000,36.1773
nairobi_query_-K4R8iYrz9LwQ7wia8JZtQ,white_box,5678,blur,self,2000,london:34,nairobi:2,15.679998,36.1773
nairobi_query_-K4R8iYrz9LwQ7wia8JZtQ,transfer_1,5678,blur,self,2000,amman:11,nairobi:2,15.680000,36.1773
nairobi_query_-K4R8iYrz9LwQ7wia8JZtQ,transfer_2,5678,blur,self,2000,amman:11,nairobi:2,15.680000,36.1773
nairobi_query_-K4R8iYrz9LwQ7wia8JZtQ,transfer_3,5678,blur,self,1994,zurich:19,nairobi:2,15.679998,36.1773
nairobi_query_-K4R8iYrz9LwQ7wia8JZtQ,isotropic,9012,blur,self,1999,amman:11,nairobi:2,15.680000,36.1773
nairobi_query_-K4R8iYrz9LwQ7wia8JZtQ,white_box,9012,blur,self,1999,manila:87,nairobi:2,15.680001,36.1773
nairobi_query_-K4R8iYrz9LwQ7wia8JZtQ,transfer_1,9012,blur,self,1995,zurich:79,nairobi:2,15.680001,36.1773
nairobi_query_-K4R8iYrz9LwQ7wia8JZtQ,transfer_2,9012,blur,self,2000,amman:11,nairobi:2,15.679997,36.1773
nairobi_query_-K4R8iYrz9LwQ7wia8JZtQ,transfer_3,9012,blur,self,2000,boston:79,nairobi:2,15.680000,36.1773
toronto_query_-1caqsIDW4YpUBZB98J9uV,isotropic,1234,blur,self,49,zurich:46,toronto:33,15.679997,36.1773
toronto_query_-1caqsIDW4YpUBZB98J9uV,white_box,1234,blur,self,169,cph:245,toronto:33,15.679998,36.1773
toronto_query_-1caqsIDW4YpUBZB98J9uV,transfer_1,1234,blur,self,27,boston:144,toronto:33,15.680000,36.1773
toronto_query_-1caqsIDW4YpUBZB98J9uV,transfer_2,1234,blur,self,19,zurich:46,toronto:33,15.680000,36.1773
toronto_query_-1caqsIDW4YpUBZB98J9uV,transfer_3,1234,blur,self,12,manila:6,toronto:33,15.680000,36.1773
toronto_query_-1caqsIDW4YpUBZB98J9uV,isotropic,5678,blur,self,50,zurich:46,toronto:33,15.679997,36.1773
toronto_query_-1caqsIDW4YpUBZB98J9uV,white_box,5678,blur,self,231,manila:142,toronto:33,15.679998,36.1773
toronto_query_-1caqsIDW4YpUBZB98J9uV,transfer_1,5678,blur,self,22,boston:144,toronto:33,15.680000,36.1773
toronto_query_-1caqsIDW4YpUBZB98J9uV,transfer_2,5678,blur,self,22,boston:144,toronto:33,15.679998,36.1773
toronto_query_-1caqsIDW4YpUBZB98J9uV,transfer_3,5678,blur,self,12,amman:13,toronto:33,15.680000,36.1773
toronto_query_-1caqsIDW4YpUBZB98J9uV,isotropic,9012,blur,self,44,zurich:46,toronto:33,15.680000,36.1773
toronto_query_-1caqsIDW4YpUBZB98J9uV,white_box,9012,blur,self,102,cph:245,toronto:33,15.680000,36.1773
toronto_query_-1caqsIDW4YpUBZB98J9uV,transfer_1,9012,blur,self,17,boston:145,toronto:33,15.680000,36.1773
toronto_query_-1caqsIDW4YpUBZB98J9uV,transfer_2,9012,blur,self,27,boston:144,toronto:33,15.679997,36.1773
toronto_query_-1caqsIDW4YpUBZB98J9uV,transfer_3,9012,blur,self,19,manila:6,toronto:33,15.680000,36.1773
zurich_query_--RjvuIbkJiPNJknyeZN_Q,isotropic,1234,blur,self,213,amman:23,zurich:64,15.679998,36.1773
zurich_query_--RjvuIbkJiPNJknyeZN_Q,white_box,1234,blur,self,802,london:34,zurich:64,15.680000,36.1773
zurich_query_--RjvuIbkJiPNJknyeZN_Q,transfer_1,1234,blur,self,512,cph:242,zurich:64,15.680000,36.1773
zurich_query_--RjvuIbkJiPNJknyeZN_Q,transfer_2,1234,blur,self,267,boston:234,zurich:64,15.680000,36.1773
zurich_query_--RjvuIbkJiPNJknyeZN_Q,transfer_3,1234,blur,self,221,boston:244,zurich:64,15.680000,36.1773
zurich_query_--RjvuIbkJiPNJknyeZN_Q,isotropic,5678,blur,self,180,amman:23,zurich:64,15.680000,36.1773
zurich_query_--RjvuIbkJiPNJknyeZN_Q,white_box,5678,blur,self,870,cph:296,zurich:64,15.680001,36.1773
zurich_query_--RjvuIbkJiPNJknyeZN_Q,transfer_1,5678,blur,self,360,cph:242,zurich:64,15.680000,36.1773
zurich_query_--RjvuIbkJiPNJknyeZN_Q,transfer_2,5678,blur,self,468,boston:234,zurich:64,15.679998,36.1773
zurich_query_--RjvuIbkJiPNJknyeZN_Q,transfer_3,5678,blur,self,497,boston:206,zurich:64,15.679997,36.1773
zurich_query_--RjvuIbkJiPNJknyeZN_Q,isotropic,9012,blur,self,270,amman:30,zurich:64,15.679997,36.1773
zurich_query_--RjvuIbkJiPNJknyeZN_Q,white_box,9012,blur,self,927,cph:296,zurich:64,15.679998,36.1773
zurich_query_--RjvuIbkJiPNJknyeZN_Q,transfer_1,9012,blur,self,343,boston:244,zurich:64,15.680000,36.1773
zurich_query_--RjvuIbkJiPNJknyeZN_Q,transfer_2,9012,blur,self,324,boston:244,zurich:64,15.680000,36.1773
zurich_query_--RjvuIbkJiPNJknyeZN_Q,transfer_3,9012,blur,self,287,boston:79,zurich:64,15.679997,36.1773
amman_query_-6eEB_fS2eePRNUql6vOrQ,isotropic,1234,blur,self,1,amman:21,amman:21,15.680000,36.1773
amman_query_-6eEB_fS2eePRNUql6vOrQ,white_box,1234,blur,self,27,manila:106,amman:21,15.680000,36.1773
amman_query_-6eEB_fS2eePRNUql6vOrQ,transfer_1,1234,blur,self,3,amman:23,amman:21,15.679997,36.1773
amman_query_-6eEB_fS2eePRNUql6vOrQ,transfer_2,1234,blur,self,3,amman:23,amman:21,15.679998,36.1773
amman_query_-6eEB_fS2eePRNUql6vOrQ,transfer_3,1234,blur,self,3,amman:23,amman:21,15.679997,36.1773
amman_query_-6eEB_fS2eePRNUql6vOrQ,isotropic,5678,blur,self,1,amman:21,amman:21,15.680000,36.1773
amman_query_-6eEB_fS2eePRNUql6vOrQ,white_box,5678,blur,self,6,manila:46,amman:21,15.679997,36.1773
amman_query_-6eEB_fS2eePRNUql6vOrQ,transfer_1,5678,blur,self,1,amman:21,amman:21,15.679997,36.1773
amman_query_-6eEB_fS2eePRNUql6vOrQ,transfer_2,5678,blur,self,1,amman:21,amman:21,15.679997,36.1773
amman_query_-6eEB_fS2eePRNUql6vOrQ,transfer_3,5678,blur,self,4,amman:23,amman:21,15.680000,36.1773
amman_query_-6eEB_fS2eePRNUql6vOrQ,isotropic,9012,blur,self,1,amman:21,amman:21,15.679997,36.1773
amman_query_-6eEB_fS2eePRNUql6vOrQ,white_box,9012,blur,self,24,manila:106,amman:21,15.680000,36.1773
amman_query_-6eEB_fS2eePRNUql6vOrQ,transfer_1,9012,blur,self,3,amman:25,amman:21,15.680000,36.1773
amman_query_-6eEB_fS2eePRNUql6vOrQ,transfer_2,9012,blur,self,1,amman:21,amman:21,15.679997,36.1773
amman_query_-6eEB_fS2eePRNUql6vOrQ,transfer_3,9012,blur,self,3,amman:23,amman:21,15.680000,36.1773
boston_query_--VtRctVkqAafFr5b_6GXg,isotropic,1234,blur,self,167,manila:109,boston:262,15.680000,36.1773
boston_query_--VtRctVkqAafFr5b_6GXg,white_box,1234,blur,self,747,toronto:218,boston:262,15.680000,36.1773
boston_query_--VtRctVkqAafFr5b_6GXg,transfer_1,1234,blur,self,372,boston:19,boston:262,15.680000,36.1773
boston_query_--VtRctVkqAafFr5b_6GXg,transfer_2,1234,blur,self,540,boston:19,boston:262,15.680000,36.1773
boston_query_--VtRctVkqAafFr5b_6GXg,transfer_3,1234,blur,self,261,manila:109,boston:262,15.680000,36.1773
boston_query_--VtRctVkqAafFr5b_6GXg,isotropic,5678,blur,self,179,manila:109,boston:262,15.680000,36.1773
boston_query_--VtRctVkqAafFr5b_6GXg,white_box,5678,blur,self,1043,toronto:218,boston:262,15.680001,36.1773
boston_query_--VtRctVkqAafFr5b_6GXg,transfer_1,5678,blur,self,337,cph:464,boston:262,15.680000,36.1773
boston_query_--VtRctVkqAafFr5b_6GXg,transfer_2,5678,blur,self,183,manila:109,boston:262,15.679998,36.1773
boston_query_--VtRctVkqAafFr5b_6GXg,transfer_3,5678,blur,self,643,boston:19,boston:262,15.679997,36.1773
boston_query_--VtRctVkqAafFr5b_6GXg,isotropic,9012,blur,self,139,manila:109,boston:262,15.680000,36.1773
boston_query_--VtRctVkqAafFr5b_6GXg,white_box,9012,blur,self,306,boston:123,boston:262,15.680000,36.1773
boston_query_--VtRctVkqAafFr5b_6GXg,transfer_1,9012,blur,self,248,manila:109,boston:262,15.679997,36.1773
boston_query_--VtRctVkqAafFr5b_6GXg,transfer_2,9012,blur,self,324,cph:464,boston:262,15.679998,36.1773
boston_query_--VtRctVkqAafFr5b_6GXg,transfer_3,9012,blur,self,618,boston:19,boston:262,15.680000,36.1773
cph_query_--kN3Y3n0x47vWa8WX-a8w,isotropic,1234,blur,self,1,cph:162,cph:162,15.679997,36.1773
cph_query_--kN3Y3n0x47vWa8WX-a8w,white_box,1234,blur,self,33,london:34,cph:162,15.680001,36.1773
cph_query_--kN3Y3n0x47vWa8WX-a8w,transfer_1,1234,blur,self,1,cph:162,cph:162,15.680000,36.1773
cph_query_--kN3Y3n0x47vWa8WX-a8w,transfer_2,1234,blur,self,1,cph:162,cph:162,15.679997,36.1773
cph_query_--kN3Y3n0x47vWa8WX-a8w,transfer_3,1234,blur,self,1,cph:162,cph:162,15.679997,36.1773
cph_query_--kN3Y3n0x47vWa8WX-a8w,isotropic,5678,blur,self,1,cph:162,cph:162,15.680000,36.1773
cph_query_--kN3Y3n0x47vWa8WX-a8w,white_box,5678,blur,self,73,boston:168,cph:162,15.679998,36.1773
cph_query_--kN3Y3n0x47vWa8WX-a8w,transfer_1,5678,blur,self,1,cph:162,cph:162,15.679998,36.1773
cph_query_--kN3Y3n0x47vWa8WX-a8w,transfer_2,5678,blur,self,1,cph:162,cph:162,15.680000,36.1773
cph_query_--kN3Y3n0x47vWa8WX-a8w,transfer_3,5678,blur,self,1,cph:162,cph:162,15.679997,36.1773
cph_query_--kN3Y3n0x47vWa8WX-a8w,isotropic,9012,blur,self,1,cph:162,cph:162,15.679998,36.1773
cph_query_--kN3Y3n0x47vWa8WX-a8w,white_box,9012,blur,self,106,manila:106,cph:162,15.680000,36.1773
cph_query_--kN3Y3n0x47vWa8WX-a8w,transfer_1,9012,blur,self,1,cph:162,cph:162,15.679997,36.1773
cph_query_--kN3Y3n0x47vWa8WX-a8w,transfer_2,9012,blur,self,1,cph:162,cph:162,15.679997,36.1773
cph_query_--kN3Y3n0x47vWa8WX-a8w,transfer_3,9012,blur,self,1,cph:162,cph:162,15.679997,36.1773
london_query_-4Vq2O1PhPmG6WK-yV402Q,isotropic,1234,blur,self,2,london:119,london:2,15.679997,36.1773
london_query_-4Vq2O1PhPmG6WK-yV402Q,white_box,1234,blur,self,533,amman:26,london:2,15.680000,36.1773
london_query_-4Vq2O1PhPmG6WK-yV402Q,transfer_1,1234,blur,self,2,london:119,london:2,15.680000,36.1773
london_query_-4Vq2O1PhPmG6WK-yV402Q,transfer_2,1234,blur,self,1,london:2,london:2,15.679997,36.1773
london_query_-4Vq2O1PhPmG6WK-yV402Q,transfer_3,1234,blur,self,8,cph:242,london:2,15.679998,36.1773
london_query_-4Vq2O1PhPmG6WK-yV402Q,isotropic,5678,blur,self,1,london:2,london:2,15.680000,36.1773
london_query_-4Vq2O1PhPmG6WK-yV402Q,white_box,5678,blur,self,41,boston:244,london:2,15.680000,36.1773
london_query_-4Vq2O1PhPmG6WK-yV402Q,transfer_1,5678,blur,self,1,london:2,london:2,15.679998,36.1773
london_query_-4Vq2O1PhPmG6WK-yV402Q,transfer_2,5678,blur,self,4,boston:206,london:2,15.679998,36.1773
london_query_-4Vq2O1PhPmG6WK-yV402Q,transfer_3,5678,blur,self,7,cph:242,london:2,15.679997,36.1773
london_query_-4Vq2O1PhPmG6WK-yV402Q,isotropic,9012,blur,self,1,london:2,london:2,15.679996,36.1773
london_query_-4Vq2O1PhPmG6WK-yV402Q,white_box,9012,blur,self,605,boston:145,london:2,15.680000,36.1773
london_query_-4Vq2O1PhPmG6WK-yV402Q,transfer_1,9012,blur,self,1,london:2,london:2,15.680000,36.1773
london_query_-4Vq2O1PhPmG6WK-yV402Q,transfer_2,9012,blur,self,2,cph:242,london:2,15.680000,36.1773
london_query_-4Vq2O1PhPmG6WK-yV402Q,transfer_3,9012,blur,self,1,london:2,london:2,15.680000,36.1773
manila_query_-10rV9IlRhgTnk5e_QJbgA,isotropic,1234,blur,self,915,manila:116,manila:142,15.680001,36.1773
manila_query_-10rV9IlRhgTnk5e_QJbgA,white_box,1234,blur,self,16,nairobi:10,manila:142,15.679997,36.1773
manila_query_-10rV9IlRhgTnk5e_QJbgA,transfer_1,1234,blur,self,707,manila:116,manila:142,15.680000,36.1773
manila_query_-10rV9IlRhgTnk5e_QJbgA,transfer_2,1234,blur,self,610,manila:13,manila:142,15.679998,36.1773
manila_query_-10rV9IlRhgTnk5e_QJbgA,transfer_3,1234,blur,self,745,manila:116,manila:142,15.679997,36.1773
manila_query_-10rV9IlRhgTnk5e_QJbgA,isotropic,5678,blur,self,806,manila:116,manila:142,15.679996,36.1773
manila_query_-10rV9IlRhgTnk5e_QJbgA,white_box,5678,blur,self,364,manila:190,manila:142,15.679997,36.1773
manila_query_-10rV9IlRhgTnk5e_QJbgA,transfer_1,5678,blur,self,852,manila:116,manila:142,15.680000,36.1773
manila_query_-10rV9IlRhgTnk5e_QJbgA,transfer_2,5678,blur,self,685,manila:116,manila:142,15.680000,36.1773
manila_query_-10rV9IlRhgTnk5e_QJbgA,transfer_3,5678,blur,self,705,manila:116,manila:142,15.680000,36.1773
manila_query_-10rV9IlRhgTnk5e_QJbgA,isotropic,9012,blur,self,868,manila:116,manila:142,15.680002,36.1773
manila_query_-10rV9IlRhgTnk5e_QJbgA,white_box,9012,blur,self,27,manila:92,manila:142,15.679998,36.1773
manila_query_-10rV9IlRhgTnk5e_QJbgA,transfer_1,9012,blur,self,942,manila:116,manila:142,15.680000,36.1773
manila_query_-10rV9IlRhgTnk5e_QJbgA,transfer_2,9012,blur,self,764,manila:13,manila:142,15.679997,36.1773
manila_query_-10rV9IlRhgTnk5e_QJbgA,transfer_3,9012,blur,self,622,manila:116,manila:142,15.679998,36.1773
nairobi_query_-cS3FR1RBElNB48QQHiL0Q,isotropic,1234,blur,self,10,nairobi:22,nairobi:18,15.679998,36.1773
nairobi_query_-cS3FR1RBElNB48QQHiL0Q,white_box,1234,blur,self,447,manila:190,nairobi:18,15.680001,36.1773
nairobi_query_-cS3FR1RBElNB48QQHiL0Q,transfer_1,1234,blur,self,17,amman:32,nairobi:18,15.680000,36.1773
nairobi_query_-cS3FR1RBElNB48QQHiL0Q,transfer_2,1234,blur,self,8,amman:32,nairobi:18,15.679997,36.1773
nairobi_query_-cS3FR1RBElNB48QQHiL0Q,transfer_3,1234,blur,self,3,manila:183,nairobi:18,15.680000,36.1773
nairobi_query_-cS3FR1RBElNB48QQHiL0Q,isotropic,5678,blur,self,11,amman:32,nairobi:18,15.679997,36.1773
nairobi_query_-cS3FR1RBElNB48QQHiL0Q,white_box,5678,blur,self,188,manila:87,nairobi:18,15.679997,36.1773
nairobi_query_-cS3FR1RBElNB48QQHiL0Q,transfer_1,5678,blur,self,4,amman:32,nairobi:18,15.680000,36.1773
nairobi_query_-cS3FR1RBElNB48QQHiL0Q,transfer_2,5678,blur,self,8,amman:32,nairobi:18,15.680000,36.1773
nairobi_query_-cS3FR1RBElNB48QQHiL0Q,transfer_3,5678,blur,self,9,zurich:30,nairobi:18,15.679998,36.1773
nairobi_query_-cS3FR1RBElNB48QQHiL0Q,isotropic,9012,blur,self,12,nairobi:22,nairobi:18,15.680000,36.1773
nairobi_query_-cS3FR1RBElNB48QQHiL0Q,white_box,9012,blur,self,562,cph:245,nairobi:18,15.679997,36.1773
nairobi_query_-cS3FR1RBElNB48QQHiL0Q,transfer_1,9012,blur,self,11,nairobi:22,nairobi:18,15.679998,36.1773
nairobi_query_-cS3FR1RBElNB48QQHiL0Q,transfer_2,9012,blur,self,2,amman:32,nairobi:18,15.679997,36.1773
nairobi_query_-cS3FR1RBElNB48QQHiL0Q,transfer_3,9012,blur,self,4,amman:32,nairobi:18,15.679996,36.1773
toronto_query_-3UT7A8bNUkVBgSLW30-ow,isotropic,1234,blur,self,30,boston:99,toronto:185,15.679997,36.1773
toronto_query_-3UT7A8bNUkVBgSLW30-ow,white_box,1234,blur,self,44,boston:168,toronto:185,15.679997,36.1773
toronto_query_-3UT7A8bNUkVBgSLW30-ow,transfer_1,1234,blur,self,52,boston:98,toronto:185,15.680000,36.1773
toronto_query_-3UT7A8bNUkVBgSLW30-ow,transfer_2,1234,blur,self,56,boston:98,toronto:185,15.679997,36.1773
toronto_query_-3UT7A8bNUkVBgSLW30-ow,transfer_3,1234,blur,self,40,boston:98,toronto:185,15.679996,36.1773
toronto_query_-3UT7A8bNUkVBgSLW30-ow,isotropic,5678,blur,self,44,boston:99,toronto:185,15.679997,36.1773
toronto_query_-3UT7A8bNUkVBgSLW30-ow,white_box,5678,blur,self,53,london:111,toronto:185,15.679998,36.1773
toronto_query_-3UT7A8bNUkVBgSLW30-ow,transfer_1,5678,blur,self,62,boston:98,toronto:185,15.679997,36.1773
toronto_query_-3UT7A8bNUkVBgSLW30-ow,transfer_2,5678,blur,self,51,boston:98,toronto:185,15.679998,36.1773
toronto_query_-3UT7A8bNUkVBgSLW30-ow,transfer_3,5678,blur,self,45,boston:98,toronto:185,15.680001,36.1773
toronto_query_-3UT7A8bNUkVBgSLW30-ow,isotropic,9012,blur,self,42,boston:99,toronto:185,15.680000,36.1773
toronto_query_-3UT7A8bNUkVBgSLW30-ow,white_box,9012,blur,self,48,nairobi:1,toronto:185,15.679997,36.1773
toronto_query_-3UT7A8bNUkVBgSLW30-ow,transfer_1,9012,blur,self,63,boston:98,toronto:185,15.679998,36.1773
toronto_query_-3UT7A8bNUkVBgSLW30-ow,transfer_2,9012,blur,self,66,boston:98,toronto:185,15.680000,36.1773
toronto_query_-3UT7A8bNUkVBgSLW30-ow,transfer_3,9012,blur,self,27,boston:98,toronto:185,15.680001,36.1773
zurich_query_-25E3MQ0PY1vs_FT7mKaUw,isotropic,1234,blur,self,21,zurich:33,zurich:13,15.679997,36.1773
zurich_query_-25E3MQ0PY1vs_FT7mKaUw,white_box,1234,blur,self,71,manila:190,zurich:13,15.680000,36.1773
zurich_query_-25E3MQ0PY1vs_FT7mKaUw,transfer_1,1234,blur,self,150,toronto:102,zurich:13,15.679998,36.1773
zurich_query_-25E3MQ0PY1vs_FT7mKaUw,transfer_2,1234,blur,self,82,nairobi:12,zurich:13,15.679997,36.1773
zurich_query_-25E3MQ0PY1vs_FT7mKaUw,transfer_3,1234,blur,self,85,toronto:23,zurich:13,15.680001,36.1773
zurich_query_-25E3MQ0PY1vs_FT7mKaUw,isotropic,5678,blur,self,40,zurich:33,zurich:13,15.679998,36.1773
zurich_query_-25E3MQ0PY1vs_FT7mKaUw,white_box,5678,blur,self,143,manila:135,zurich:13,15.679997,36.1773
zurich_query_-25E3MQ0PY1vs_FT7mKaUw,transfer_1,5678,blur,self,111,zurich:33,zurich:13,15.679997,36.1773
zurich_query_-25E3MQ0PY1vs_FT7mKaUw,transfer_2,5678,blur,self,115,toronto:102,zurich:13,15.680000,36.1773
zurich_query_-25E3MQ0PY1vs_FT7mKaUw,transfer_3,5678,blur,self,123,toronto:23,zurich:13,15.679996,36.1773
zurich_query_-25E3MQ0PY1vs_FT7mKaUw,isotropic,9012,blur,self,40,zurich:33,zurich:13,15.679998,36.1773
zurich_query_-25E3MQ0PY1vs_FT7mKaUw,white_box,9012,blur,self,302,toronto:27,zurich:13,15.679997,36.1773
zurich_query_-25E3MQ0PY1vs_FT7mKaUw,transfer_1,9012,blur,self,65,toronto:102,zurich:13,15.680000,36.1773
zurich_query_-25E3MQ0PY1vs_FT7mKaUw,transfer_2,9012,blur,self,40,toronto:102,zurich:13,15.680001,36.1773
zurich_query_-25E3MQ0PY1vs_FT7mKaUw,transfer_3,9012,blur,self,88,toronto:23,zurich:13,15.680000,36.1773
amman_query_-BJoV1t0rKwEzk0bsZplVQ,isotropic,1234,blur,self,1740,amman:35,amman:37,15.680000,36.1773
amman_query_-BJoV1t0rKwEzk0bsZplVQ,white_box,1234,blur,self,1156,cph:296,amman:37,15.680000,36.1773
amman_query_-BJoV1t0rKwEzk0bsZplVQ,transfer_1,1234,blur,self,1765,amman:35,amman:37,15.679998,36.1773
amman_query_-BJoV1t0rKwEzk0bsZplVQ,transfer_2,1234,blur,self,1749,toronto:346,amman:37,15.680000,36.1773
amman_query_-BJoV1t0rKwEzk0bsZplVQ,transfer_3,1234,blur,self,1752,amman:0,amman:37,15.680000,36.1773
amman_query_-BJoV1t0rKwEzk0bsZplVQ,isotropic,5678,blur,self,1788,amman:35,amman:37,15.679997,36.1773
amman_query_-BJoV1t0rKwEzk0bsZplVQ,white_box,5678,blur,self,1728,toronto:273,amman:37,15.680000,36.1773
amman_query_-BJoV1t0rKwEzk0bsZplVQ,transfer_1,5678,blur,self,1735,amman:35,amman:37,15.680000,36.1773
amman_query_-BJoV1t0rKwEzk0bsZplVQ,transfer_2,5678,blur,self,1794,amman:35,amman:37,15.679997,36.1773
amman_query_-BJoV1t0rKwEzk0bsZplVQ,transfer_3,5678,blur,self,1835,amman:35,amman:37,15.679997,36.1773
amman_query_-BJoV1t0rKwEzk0bsZplVQ,isotropic,9012,blur,self,1760,amman:35,amman:37,15.680000,36.1773
amman_query_-BJoV1t0rKwEzk0bsZplVQ,white_box,9012,blur,self,1168,toronto:273,amman:37,15.680000,36.1773
amman_query_-BJoV1t0rKwEzk0bsZplVQ,transfer_1,9012,blur,self,1827,amman:35,amman:37,15.679997,36.1773
amman_query_-BJoV1t0rKwEzk0bsZplVQ,transfer_2,9012,blur,self,1771,amman:35,amman:37,15.679998,36.1773
amman_query_-BJoV1t0rKwEzk0bsZplVQ,transfer_3,9012,blur,self,1704,manila:72,amman:37,15.680000,36.1773
boston_query_-0n5FDAuOditKvxIekIbBg,isotropic,1234,blur,self,1,boston:239,boston:239,15.679997,36.1773
boston_query_-0n5FDAuOditKvxIekIbBg,white_box,1234,blur,self,35,cph:245,boston:239,15.680000,36.1773
boston_query_-0n5FDAuOditKvxIekIbBg,transfer_1,1234,blur,self,1,boston:239,boston:239,15.679996,36.1773
boston_query_-0n5FDAuOditKvxIekIbBg,transfer_2,1234,blur,self,1,boston:239,boston:239,15.680000,36.1773
boston_query_-0n5FDAuOditKvxIekIbBg,transfer_3,1234,blur,self,1,boston:239,boston:239,15.679997,36.1773
boston_query_-0n5FDAuOditKvxIekIbBg,isotropic,5678,blur,self,1,boston:239,boston:239,15.680000,36.1773
boston_query_-0n5FDAuOditKvxIekIbBg,white_box,5678,blur,self,33,boston:237,boston:239,15.680000,36.1773
boston_query_-0n5FDAuOditKvxIekIbBg,transfer_1,5678,blur,self,1,boston:239,boston:239,15.680000,36.1773
boston_query_-0n5FDAuOditKvxIekIbBg,transfer_2,5678,blur,self,1,boston:239,boston:239,15.679997,36.1773
boston_query_-0n5FDAuOditKvxIekIbBg,transfer_3,5678,blur,self,1,boston:239,boston:239,15.680000,36.1773
boston_query_-0n5FDAuOditKvxIekIbBg,isotropic,9012,blur,self,1,boston:239,boston:239,15.680000,36.1773
boston_query_-0n5FDAuOditKvxIekIbBg,white_box,9012,blur,self,139,manila:51,boston:239,15.680000,36.1773
boston_query_-0n5FDAuOditKvxIekIbBg,transfer_1,9012,blur,self,1,boston:239,boston:239,15.679997,36.1773
boston_query_-0n5FDAuOditKvxIekIbBg,transfer_2,9012,blur,self,1,boston:239,boston:239,15.680000,36.1773
boston_query_-0n5FDAuOditKvxIekIbBg,transfer_3,9012,blur,self,1,boston:239,boston:239,15.679997,36.1773
cph_query_--xKnCCc_4tDGo80iM-A_g,isotropic,1234,blur,self,10,cph:190,cph:345,15.679997,36.1773
cph_query_--xKnCCc_4tDGo80iM-A_g,white_box,1234,blur,self,592,london:34,cph:345,15.679998,36.1773
cph_query_--xKnCCc_4tDGo80iM-A_g,transfer_1,1234,blur,self,3,cph:429,cph:345,15.679998,36.1773
cph_query_--xKnCCc_4tDGo80iM-A_g,transfer_2,1234,blur,self,2,cph:429,cph:345,15.680001,36.1773
cph_query_--xKnCCc_4tDGo80iM-A_g,transfer_3,1234,blur,self,2,cph:429,cph:345,15.679998,36.1773
cph_query_--xKnCCc_4tDGo80iM-A_g,isotropic,5678,blur,self,6,cph:190,cph:345,15.679997,36.1773
cph_query_--xKnCCc_4tDGo80iM-A_g,white_box,5678,blur,self,259,london:34,cph:345,15.679997,36.1773
cph_query_--xKnCCc_4tDGo80iM-A_g,transfer_1,5678,blur,self,8,cph:190,cph:345,15.680000,36.1773
cph_query_--xKnCCc_4tDGo80iM-A_g,transfer_2,5678,blur,self,2,cph:429,cph:345,15.680000,36.1773
cph_query_--xKnCCc_4tDGo80iM-A_g,transfer_3,5678,blur,self,1,cph:345,cph:345,15.679997,36.1773
cph_query_--xKnCCc_4tDGo80iM-A_g,isotropic,9012,blur,self,3,cph:190,cph:345,15.680000,36.1773
cph_query_--xKnCCc_4tDGo80iM-A_g,white_box,9012,blur,self,409,london:34,cph:345,15.680000,36.1773
cph_query_--xKnCCc_4tDGo80iM-A_g,transfer_1,9012,blur,self,3,cph:190,cph:345,15.679998,36.1773
cph_query_--xKnCCc_4tDGo80iM-A_g,transfer_2,9012,blur,self,6,cph:190,cph:345,15.680002,36.1773
cph_query_--xKnCCc_4tDGo80iM-A_g,transfer_3,9012,blur,self,2,cph:190,cph:345,15.679997,36.1773
london_query_-4pmBOZmF-ynXSkWw5BAew,isotropic,1234,blur,self,1,london:5,london:5,15.680002,36.1773
london_query_-4pmBOZmF-ynXSkWw5BAew,white_box,1234,blur,self,10,manila:116,london:5,15.679998,36.1773
london_query_-4pmBOZmF-ynXSkWw5BAew,transfer_1,1234,blur,self,1,london:5,london:5,15.679997,36.1773
london_query_-4pmBOZmF-ynXSkWw5BAew,transfer_2,1234,blur,self,1,london:5,london:5,15.679998,36.1773
london_query_-4pmBOZmF-ynXSkWw5BAew,transfer_3,1234,blur,self,2,manila:116,london:5,15.679996,36.1773
london_query_-4pmBOZmF-ynXSkWw5BAew,isotropic,5678,blur,self,1,london:5,london:5,15.680001,36.1773
london_query_-4pmBOZmF-ynXSkWw5BAew,white_box,5678,blur,self,13,boston:19,london:5,15.680000,36.1773
london_query_-4pmBOZmF-ynXSkWw5BAew,transfer_1,5678,blur,self,1,london:5,london:5,15.679998,36.1773
london_query_-4pmBOZmF-ynXSkWw5BAew,transfer_2,5678,blur,self,1,london:5,london:5,15.679998,36.1773
london_query_-4pmBOZmF-ynXSkWw5BAew,transfer_3,5678,blur,self,1,london:5,london:5,15.679997,36.1773
london_query_-4pmBOZmF-ynXSkWw5BAew,isotropic,9012,blur,self,1,london:5,london:5,15.680000,36.1773
london_query_-4pmBOZmF-ynXSkWw5BAew,white_box,9012,blur,self,86,manila:87,london:5,15.679997,36.1773
london_query_-4pmBOZmF-ynXSkWw5BAew,transfer_1,9012,blur,self,1,london:5,london:5,15.679997,36.1773
london_query_-4pmBOZmF-ynXSkWw5BAew,transfer_2,9012,blur,self,1,london:5,london:5,15.679997,36.1773
london_query_-4pmBOZmF-ynXSkWw5BAew,transfer_3,9012,blur,self,2,manila:116,london:5,15.680000,36.1773
manila_query_-2h231ovohZWmrsaBllNyw,isotropic,1234,blur,self,132,cph:94,manila:177,15.680000,36.1773
manila_query_-2h231ovohZWmrsaBllNyw,white_box,1234,blur,self,44,london:34,manila:177,15.679997,36.1773
manila_query_-2h231ovohZWmrsaBllNyw,transfer_1,1234,blur,self,121,cph:94,manila:177,15.680000,36.1773
manila_query_-2h231ovohZWmrsaBllNyw,transfer_2,1234,blur,self,65,cph:429,manila:177,15.679998,36.1773
manila_query_-2h231ovohZWmrsaBllNyw,transfer_3,1234,blur,self,64,cph:94,manila:177,15.680000,36.1773
manila_query_-2h231ovohZWmrsaBllNyw,isotropic,5678,blur,self,121,cph:94,manila:177,15.680000,36.1773
manila_query_-2h231ovohZWmrsaBllNyw,white_box,5678,blur,self,23,cph:245,manila:177,15.679998,36.1773
manila_query_-2h231ovohZWmrsaBllNyw,transfer_1,5678,blur,self,104,cph:94,manila:177,15.679998,36.1773
manila_query_-2h231ovohZWmrsaBllNyw,transfer_2,5678,blur,self,83,cph:94,manila:177,15.680000,36.1773
manila_query_-2h231ovohZWmrsaBllNyw,transfer_3,5678,blur,self,47,cph:429,manila:177,15.679998,36.1773
manila_query_-2h231ovohZWmrsaBllNyw,isotropic,9012,blur,self,140,cph:94,manila:177,15.680000,36.1773
manila_query_-2h231ovohZWmrsaBllNyw,white_box,9012,blur,self,117,boston:237,manila:177,15.679997,36.1773
manila_query_-2h231ovohZWmrsaBllNyw,transfer_1,9012,blur,self,104,cph:94,manila:177,15.679998,36.1773
manila_query_-2h231ovohZWmrsaBllNyw,transfer_2,9012,blur,self,53,cph:94,manila:177,15.680001,36.1773
manila_query_-2h231ovohZWmrsaBllNyw,transfer_3,9012,blur,self,142,cph:429,manila:177,15.680000,36.1773
nairobi_query_-dn1KaWvGY9H5JRLNtaYPg,isotropic,1234,blur,self,22,zurich:98,nairobi:10,15.680000,36.1773
nairobi_query_-dn1KaWvGY9H5JRLNtaYPg,white_box,1234,blur,self,75,boston:168,nairobi:10,15.679997,36.1773
nairobi_query_-dn1KaWvGY9H5JRLNtaYPg,transfer_1,1234,blur,self,40,zurich:42,nairobi:10,15.679997,36.1773
nairobi_query_-dn1KaWvGY9H5JRLNtaYPg,transfer_2,1234,blur,self,13,zurich:42,nairobi:10,15.680001,36.1773
nairobi_query_-dn1KaWvGY9H5JRLNtaYPg,transfer_3,1234,blur,self,13,zurich:42,nairobi:10,15.680000,36.1773
nairobi_query_-dn1KaWvGY9H5JRLNtaYPg,isotropic,5678,blur,self,10,zurich:98,nairobi:10,15.680002,36.1773
nairobi_query_-dn1KaWvGY9H5JRLNtaYPg,white_box,5678,blur,self,5,manila:106,nairobi:10,15.679998,36.1773
nairobi_query_-dn1KaWvGY9H5JRLNtaYPg,transfer_1,5678,blur,self,31,zurich:42,nairobi:10,15.679997,36.1773
nairobi_query_-dn1KaWvGY9H5JRLNtaYPg,transfer_2,5678,blur,self,9,zurich:42,nairobi:10,15.680000,36.1773
nairobi_query_-dn1KaWvGY9H5JRLNtaYPg,transfer_3,5678,blur,self,7,zurich:42,nairobi:10,15.679997,36.1773
nairobi_query_-dn1KaWvGY9H5JRLNtaYPg,isotropic,9012,blur,self,19,zurich:98,nairobi:10,15.680002,36.1773
nairobi_query_-dn1KaWvGY9H5JRLNtaYPg,white_box,9012,blur,self,14,manila:106,nairobi:10,15.679997,36.1773
nairobi_query_-dn1KaWvGY9H5JRLNtaYPg,transfer_1,9012,blur,self,15,zurich:38,nairobi:10,15.679997,36.1773
nairobi_query_-dn1KaWvGY9H5JRLNtaYPg,transfer_2,9012,blur,self,16,boston:144,nairobi:10,15.680000,36.1773
nairobi_query_-dn1KaWvGY9H5JRLNtaYPg,transfer_3,9012,blur,self,20,zurich:42,nairobi:10,15.679997,36.1773
toronto_query_-4IVXvKV2D8brXjQPZ1GRA,isotropic,1234,blur,self,1,toronto:88,toronto:88,15.679998,36.1773
toronto_query_-4IVXvKV2D8brXjQPZ1GRA,white_box,1234,blur,self,9,manila:183,toronto:88,15.679997,36.1773
toronto_query_-4IVXvKV2D8brXjQPZ1GRA,transfer_1,1234,blur,self,1,toronto:88,toronto:88,15.679998,36.1773
toronto_query_-4IVXvKV2D8brXjQPZ1GRA,transfer_2,1234,blur,self,1,toronto:88,toronto:88,15.679997,36.1773
toronto_query_-4IVXvKV2D8brXjQPZ1GRA,transfer_3,1234,blur,self,1,toronto:88,toronto:88,15.679997,36.1773
toronto_query_-4IVXvKV2D8brXjQPZ1GRA,isotropic,5678,blur,self,1,toronto:88,toronto:88,15.679997,36.1773
toronto_query_-4IVXvKV2D8brXjQPZ1GRA,white_box,5678,blur,self,23,manila:171,toronto:88,15.679997,36.1773
toronto_query_-4IVXvKV2D8brXjQPZ1GRA,transfer_1,5678,blur,self,1,toronto:88,toronto:88,15.680000,36.1773
toronto_query_-4IVXvKV2D8brXjQPZ1GRA,transfer_2,5678,blur,self,1,toronto:88,toronto:88,15.679997,36.1773
toronto_query_-4IVXvKV2D8brXjQPZ1GRA,transfer_3,5678,blur,self,1,toronto:88,toronto:88,15.680000,36.1773
toronto_query_-4IVXvKV2D8brXjQPZ1GRA,isotropic,9012,blur,self,1,toronto:88,toronto:88,15.679996,36.1773
toronto_query_-4IVXvKV2D8brXjQPZ1GRA,white_box,9012,blur,self,4,manila:102,toronto:88,15.680000,36.1773
toronto_query_-4IVXvKV2D8brXjQPZ1GRA,transfer_1,9012,blur,self,1,toronto:88,toronto:88,15.679997,36.1773
toronto_query_-4IVXvKV2D8brXjQPZ1GRA,transfer_2,9012,blur,self,1,toronto:88,toronto:88,15.680000,36.1773
toronto_query_-4IVXvKV2D8brXjQPZ1GRA,transfer_3,9012,blur,self,1,toronto:88,toronto:88,15.679997,36.1773
zurich_query_-4StYjY5sT1S23ls5heCbg,isotropic,1234,blur,self,1,zurich:104,zurich:104,15.679998,36.1773
zurich_query_-4StYjY5sT1S23ls5heCbg,white_box,1234,blur,self,513,toronto:207,zurich:104,15.680000,36.1773
zurich_query_-4StYjY5sT1S23ls5heCbg,transfer_1,1234,blur,self,1,zurich:104,zurich:104,15.680001,36.1773
zurich_query_-4StYjY5sT1S23ls5heCbg,transfer_2,1234,blur,self,1,zurich:104,zurich:104,15.679998,36.1773
zurich_query_-4StYjY5sT1S23ls5heCbg,transfer_3,1234,blur,self,1,zurich:104,zurich:104,15.680002,36.1773
zurich_query_-4StYjY5sT1S23ls5heCbg,isotropic,5678,blur,self,1,zurich:104,zurich:104,15.680000,36.1773
zurich_query_-4StYjY5sT1S23ls5heCbg,white_box,5678,blur,self,366,toronto:218,zurich:104,15.679997,36.1773
zurich_query_-4StYjY5sT1S23ls5heCbg,transfer_1,5678,blur,self,1,zurich:104,zurich:104,15.679998,36.1773
zurich_query_-4StYjY5sT1S23ls5heCbg,transfer_2,5678,blur,self,2,manila:116,zurich:104,15.679997,36.1773
zurich_query_-4StYjY5sT1S23ls5heCbg,transfer_3,5678,blur,self,1,zurich:104,zurich:104,15.680000,36.1773
zurich_query_-4StYjY5sT1S23ls5heCbg,isotropic,9012,blur,self,2,cph:243,zurich:104,15.679997,36.1773
zurich_query_-4StYjY5sT1S23ls5heCbg,white_box,9012,blur,self,151,london:34,zurich:104,15.679997,36.1773
zurich_query_-4StYjY5sT1S23ls5heCbg,transfer_1,9012,blur,self,1,zurich:104,zurich:104,15.680000,36.1773
zurich_query_-4StYjY5sT1S23ls5heCbg,transfer_2,9012,blur,self,1,zurich:104,zurich:104,15.680001,36.1773
zurich_query_-4StYjY5sT1S23ls5heCbg,transfer_3,9012,blur,self,1,zurich:104,zurich:104,15.679998,36.1773
amman_query_-D0IlKF__f0c9DPAKbiYnw,isotropic,1234,blur,self,56,amman:4,amman:23,15.680000,36.1773
amman_query_-D0IlKF__f0c9DPAKbiYnw,white_box,1234,blur,self,164,toronto:218,amman:23,15.679997,36.1773
amman_query_-D0IlKF__f0c9DPAKbiYnw,transfer_1,1234,blur,self,105,amman:4,amman:23,15.680000,36.1773
amman_query_-D0IlKF__f0c9DPAKbiYnw,transfer_2,1234,blur,self,149,amman:4,amman:23,15.679997,36.1773
amman_query_-D0IlKF__f0c9DPAKbiYnw,transfer_3,1234,blur,self,93,amman:4,amman:23,15.679997,36.1773
amman_query_-D0IlKF__f0c9DPAKbiYnw,isotropic,5678,blur,self,65,amman:4,amman:23,15.679998,36.1773
amman_query_-D0IlKF__f0c9DPAKbiYnw,white_box,5678,blur,self,162,cph:245,amman:23,15.679998,36.1773
amman_query_-D0IlKF__f0c9DPAKbiYnw,transfer_1,5678,blur,self,192,amman:4,amman:23,15.680000,36.1773
amman_query_-D0IlKF__f0c9DPAKbiYnw,transfer_2,5678,blur,self,81,amman:4,amman:23,15.679998,36.1773
amman_query_-D0IlKF__f0c9DPAKbiYnw,transfer_3,5678,blur,self,77,amman:4,amman:23,15.680000,36.1773
amman_query_-D0IlKF__f0c9DPAKbiYnw,isotropic,9012,blur,self,59,amman:4,amman:23,15.679997,36.1773
amman_query_-D0IlKF__f0c9DPAKbiYnw,white_box,9012,blur,self,226,manila:106,amman:23,15.679998,36.1773
amman_query_-D0IlKF__f0c9DPAKbiYnw,transfer_1,9012,blur,self,149,amman:4,amman:23,15.679997,36.1773
amman_query_-D0IlKF__f0c9DPAKbiYnw,transfer_2,9012,blur,self,104,toronto:354,amman:23,15.679997,36.1773
amman_query_-D0IlKF__f0c9DPAKbiYnw,transfer_3,9012,blur,self,73,amman:4,amman:23,15.680000,36.1773
boston_query_-3hM-MR6uuw3se14vw3G0w,isotropic,1234,blur,self,403,boston:47,boston:84,15.680000,36.1773
boston_query_-3hM-MR6uuw3se14vw3G0w,white_box,1234,blur,self,627,manila:51,boston:84,15.680000,36.1773
boston_query_-3hM-MR6uuw3se14vw3G0w,transfer_1,1234,blur,self,443,boston:249,boston:84,15.679998,36.1773
boston_query_-3hM-MR6uuw3se14vw3G0w,transfer_2,1234,blur,self,377,boston:47,boston:84,15.680000,36.1773
boston_query_-3hM-MR6uuw3se14vw3G0w,transfer_3,1234,blur,self,327,boston:249,boston:84,15.680000,36.1773
boston_query_-3hM-MR6uuw3se14vw3G0w,isotropic,5678,blur,self,390,boston:249,boston:84,15.680000,36.1773
boston_query_-3hM-MR6uuw3se14vw3G0w,white_box,5678,blur,self,505,boston:123,boston:84,15.679998,36.1773
boston_query_-3hM-MR6uuw3se14vw3G0w,transfer_1,5678,blur,self,449,boston:249,boston:84,15.680000,36.1773
boston_query_-3hM-MR6uuw3se14vw3G0w,transfer_2,5678,blur,self,362,boston:249,boston:84,15.680000,36.1773
boston_query_-3hM-MR6uuw3se14vw3G0w,transfer_3,5678,blur,self,392,boston:249,boston:84,15.679997,36.1773
boston_query_-3hM-MR6uuw3se14vw3G0w,isotropic,9012,blur,self,328,boston:249,boston:84,15.679998,36.1773
boston_query_-3hM-MR6uuw3se14vw3G0w,white_box,9012,blur,self,821,london:75,boston:84,15.679998,36.1773
boston_query_-3hM-MR6uuw3se14vw3G0w,transfer_1,9012,blur,self,414,boston:47,boston:84,15.679997,36.1773
boston_query_-3hM-MR6uuw3se14vw3G0w,transfer_2,9012,blur,self,478,boston:249,boston:84,15.680001,36.1773
boston_query_-3hM-MR6uuw3se14vw3G0w,transfer_3,9012,blur,self,381,boston:249,boston:84,15.680000,36.1773
cph_query_-05vIhjxDNupFcgaM90L3w,isotropic,1234,blur,self,4,manila:183,cph:71,15.680001,36.1773
cph_query_-05vIhjxDNupFcgaM90L3w,white_box,1234,blur,self,16,manila:183,cph:71,15.679998,36.1773
cph_query_-05vIhjxDNupFcgaM90L3w,transfer_1,1234,blur,self,3,manila:183,cph:71,15.679998,36.1773
cph_query_-05vIhjxDNupFcgaM90L3w,transfer_2,1234,blur,self,3,manila:183,cph:71,15.680002,36.1773
cph_query_-05vIhjxDNupFcgaM90L3w,transfer_3,1234,blur,self,4,manila:183,cph:71,15.679997,36.1773
cph_query_-05vIhjxDNupFcgaM90L3w,isotropic,5678,blur,self,4,manila:183,cph:71,15.679998,36.1773
cph_query_-05vIhjxDNupFcgaM90L3w,white_box,5678,blur,self,8,manila:41,cph:71,15.679997,36.1773
cph_query_-05vIhjxDNupFcgaM90L3w,transfer_1,5678,blur,self,3,manila:183,cph:71,15.679997,36.1773
cph_query_-05vIhjxDNupFcgaM90L3w,transfer_2,5678,blur,self,3,manila:183,cph:71,15.680000,36.1773
cph_query_-05vIhjxDNupFcgaM90L3w,transfer_3,5678,blur,self,5,manila:183,cph:71,15.679996,36.1773
cph_query_-05vIhjxDNupFcgaM90L3w,isotropic,9012,blur,self,3,manila:183,cph:71,15.680001,36.1773
cph_query_-05vIhjxDNupFcgaM90L3w,white_box,9012,blur,self,18,manila:142,cph:71,15.679997,36.1773
cph_query_-05vIhjxDNupFcgaM90L3w,transfer_1,9012,blur,self,3,manila:183,cph:71,15.679998,36.1773
cph_query_-05vIhjxDNupFcgaM90L3w,transfer_2,9012,blur,self,6,manila:183,cph:71,15.680000,36.1773
cph_query_-05vIhjxDNupFcgaM90L3w,transfer_3,9012,blur,self,5,manila:183,cph:71,15.679997,36.1773
london_query_-5QOE2AlZX8rEz8ONtGRrg,isotropic,1234,blur,self,1,london:131,london:131,15.680000,36.1773
london_query_-5QOE2AlZX8rEz8ONtGRrg,white_box,1234,blur,self,6,london:34,london:131,15.679997,36.1773
london_query_-5QOE2AlZX8rEz8ONtGRrg,transfer_1,1234,blur,self,1,london:131,london:131,15.679997,36.1773
london_query_-5QOE2AlZX8rEz8ONtGRrg,transfer_2,1234,blur,self,1,london:131,london:131,15.679998,36.1773
london_query_-5QOE2AlZX8rEz8ONtGRrg,transfer_3,1234,blur,self,58,cph:332,london:131,15.679998,36.1773
london_query_-5QOE2AlZX8rEz8ONtGRrg,isotropic,5678,blur,self,1,london:131,london:131,15.680000,36.1773
london_query_-5QOE2AlZX8rEz8ONtGRrg,white_box,5678,blur,self,423,toronto:218,london:131,15.680000,36.1773
london_query_-5QOE2AlZX8rEz8ONtGRrg,transfer_1,5678,blur,self,1,london:131,london:131,15.680002,36.1773
london_query_-5QOE2AlZX8rEz8ONtGRrg,transfer_2,5678,blur,self,1,london:131,london:131,15.679997,36.1773
london_query_-5QOE2AlZX8rEz8ONtGRrg,transfer_3,5678,blur,self,18,toronto:418,london:131,15.679997,36.1773
london_query_-5QOE2AlZX8rEz8ONtGRrg,isotropic,9012,blur,self,1,london:131,london:131,15.680000,36.1773
london_query_-5QOE2AlZX8rEz8ONtGRrg,white_box,9012,blur,self,8,london:34,london:131,15.679998,36.1773
london_query_-5QOE2AlZX8rEz8ONtGRrg,transfer_1,9012,blur,self,1,london:131,london:131,15.680000,36.1773
london_query_-5QOE2AlZX8rEz8ONtGRrg,transfer_2,9012,blur,self,1,london:131,london:131,15.679998,36.1773
london_query_-5QOE2AlZX8rEz8ONtGRrg,transfer_3,9012,blur,self,18,toronto:418,london:131,15.679997,36.1773
manila_query_-3H2xPWPOqn_dCF2Lz5EtQ,isotropic,1234,blur,self,276,boston:248,manila:160,15.679997,36.1773
manila_query_-3H2xPWPOqn_dCF2Lz5EtQ,white_box,1234,blur,self,348,toronto:88,manila:160,15.680000,36.1773
manila_query_-3H2xPWPOqn_dCF2Lz5EtQ,transfer_1,1234,blur,self,360,toronto:228,manila:160,15.680001,36.1773
manila_query_-3H2xPWPOqn_dCF2Lz5EtQ,transfer_2,1234,blur,self,287,zurich:61,manila:160,15.679997,36.1773
manila_query_-3H2xPWPOqn_dCF2Lz5EtQ,transfer_3,1234,blur,self,232,zurich:61,manila:160,15.680000,36.1773
manila_query_-3H2xPWPOqn_dCF2Lz5EtQ,isotropic,5678,blur,self,287,zurich:61,manila:160,15.679997,36.1773
manila_query_-3H2xPWPOqn_dCF2Lz5EtQ,white_box,5678,blur,self,421,london:34,manila:160,15.679997,36.1773
manila_query_-3H2xPWPOqn_dCF2Lz5EtQ,transfer_1,5678,blur,self,242,toronto:102,manila:160,15.679997,36.1773
manila_query_-3H2xPWPOqn_dCF2Lz5EtQ,transfer_2,5678,blur,self,296,zurich:61,manila:160,15.680000,36.1773
manila_query_-3H2xPWPOqn_dCF2Lz5EtQ,transfer_3,5678,blur,self,326,manila:33,manila:160,15.680001,36.1773
manila_query_-3H2xPWPOqn_dCF2Lz5EtQ,isotropic,9012,blur,self,302,cph:175,manila:160,15.679995,36.1773
manila_query_-3H2xPWPOqn_dCF2Lz5EtQ,white_box,9012,blur,self,489,toronto:88,manila:160,15.679997,36.1773
manila_query_-3H2xPWPOqn_dCF2Lz5EtQ,transfer_1,9012,blur,self,310,zurich:61,manila:160,15.679997,36.1773
manila_query_-3H2xPWPOqn_dCF2Lz5EtQ,transfer_2,9012,blur,self,361,zurich:61,manila:160,15.680000,36.1773
manila_query_-3H2xPWPOqn_dCF2Lz5EtQ,transfer_3,9012,blur,self,249,manila:102,manila:160,15.679997,36.1773
nairobi_query_-f7xKWoDFjaXHyTtnRqVKw,isotropic,1234,blur,self,167,london:85,nairobi:9,15.679997,36.1773
nairobi_query_-f7xKWoDFjaXHyTtnRqVKw,white_box,1234,blur,self,201,cph:296,nairobi:9,15.679997,36.1773
nairobi_query_-f7xKWoDFjaXHyTtnRqVKw,transfer_1,1234,blur,self,50,london:85,nairobi:9,15.679998,36.1773
nairobi_query_-f7xKWoDFjaXHyTtnRqVKw,transfer_2,1234,blur,self,88,london:85,nairobi:9,15.680000,36.1773
nairobi_query_-f7xKWoDFjaXHyTtnRqVKw,transfer_3,1234,blur,self,69,london:85,nairobi:9,15.680000,36.1773
nairobi_query_-f7xKWoDFjaXHyTtnRqVKw,isotropic,5678,blur,self,110,london:85,nairobi:9,15.679997,36.1773
nairobi_query_-f7xKWoDFjaXHyTtnRqVKw,white_box,5678,blur,self,50,manila:106,nairobi:9,15.680000,36.1773
nairobi_query_-f7xKWoDFjaXHyTtnRqVKw,transfer_1,5678,blur,self,148,boston:235,nairobi:9,15.679997,36.1773
nairobi_query_-f7xKWoDFjaXHyTtnRqVKw,transfer_2,5678,blur,self,40,london:85,nairobi:9,15.679998,36.1773
nairobi_query_-f7xKWoDFjaXHyTtnRqVKw,transfer_3,5678,blur,self,133,manila:72,nairobi:9,15.680000,36.1773
nairobi_query_-f7xKWoDFjaXHyTtnRqVKw,isotropic,9012,blur,self,143,london:85,nairobi:9,15.680000,36.1773
nairobi_query_-f7xKWoDFjaXHyTtnRqVKw,white_box,9012,blur,self,80,boston:123,nairobi:9,15.679998,36.1773
nairobi_query_-f7xKWoDFjaXHyTtnRqVKw,transfer_1,9012,blur,self,64,london:85,nairobi:9,15.680000,36.1773
nairobi_query_-f7xKWoDFjaXHyTtnRqVKw,transfer_2,9012,blur,self,59,london:85,nairobi:9,15.680000,36.1773
nairobi_query_-f7xKWoDFjaXHyTtnRqVKw,transfer_3,9012,blur,self,99,london:85,nairobi:9,15.679996,36.1773
toronto_query_-4mlNvZUZnbmRaGbiIndoA,isotropic,1234,blur,self,1,toronto:102,toronto:102,15.680000,36.1773
toronto_query_-4mlNvZUZnbmRaGbiIndoA,white_box,1234,blur,self,36,boston:249,toronto:102,15.679998,36.1773
toronto_query_-4mlNvZUZnbmRaGbiIndoA,transfer_1,1234,blur,self,1,toronto:102,toronto:102,15.679998,36.1773
toronto_query_-4mlNvZUZnbmRaGbiIndoA,transfer_2,1234,blur,self,1,toronto:102,toronto:102,15.680000,36.1773
toronto_query_-4mlNvZUZnbmRaGbiIndoA,transfer_3,1234,blur,self,6,nairobi:10,toronto:102,15.680001,36.1773
toronto_query_-4mlNvZUZnbmRaGbiIndoA,isotropic,5678,blur,self,1,toronto:102,toronto:102,15.679997,36.1773
toronto_query_-4mlNvZUZnbmRaGbiIndoA,white_box,5678,blur,self,11,toronto:88,toronto:102,15.679997,36.1773
toronto_query_-4mlNvZUZnbmRaGbiIndoA,transfer_1,5678,blur,self,1,toronto:102,toronto:102,15.679998,36.1773
toronto_query_-4mlNvZUZnbmRaGbiIndoA,transfer_2,5678,blur,self,3,toronto:58,toronto:102,15.679998,36.1773
toronto_query_-4mlNvZUZnbmRaGbiIndoA,transfer_3,5678,blur,self,1,toronto:102,toronto:102,15.680000,36.1773
toronto_query_-4mlNvZUZnbmRaGbiIndoA,isotropic,9012,blur,self,1,toronto:102,toronto:102,15.680002,36.1773
toronto_query_-4mlNvZUZnbmRaGbiIndoA,white_box,9012,blur,self,10,amman:6,toronto:102,15.679998,36.1773
toronto_query_-4mlNvZUZnbmRaGbiIndoA,transfer_1,9012,blur,self,1,toronto:102,toronto:102,15.680001,36.1773
toronto_query_-4mlNvZUZnbmRaGbiIndoA,transfer_2,9012,blur,self,1,toronto:102,toronto:102,15.680000,36.1773
toronto_query_-4mlNvZUZnbmRaGbiIndoA,transfer_3,9012,blur,self,1,toronto:102,toronto:102,15.680000,36.1773
zurich_query_-71-BK_yAOJ1soK0OQWIcg,isotropic,1234,blur,self,91,cph:176,zurich:44,15.680000,36.1773
zurich_query_-71-BK_yAOJ1soK0OQWIcg,white_box,1234,blur,self,49,amman:6,zurich:44,15.680000,36.1773
zurich_query_-71-BK_yAOJ1soK0OQWIcg,transfer_1,1234,blur,self,48,boston:249,zurich:44,15.680000,36.1773
zurich_query_-71-BK_yAOJ1soK0OQWIcg,transfer_2,1234,blur,self,53,boston:249,zurich:44,15.679997,36.1773
zurich_query_-71-BK_yAOJ1soK0OQWIcg,transfer_3,1234,blur,self,117,boston:249,zurich:44,15.679998,36.1773
zurich_query_-71-BK_yAOJ1soK0OQWIcg,isotropic,5678,blur,self,80,cph:176,zurich:44,15.680000,36.1773
zurich_query_-71-BK_yAOJ1soK0OQWIcg,white_box,5678,blur,self,181,toronto:185,zurich:44,15.680000,36.1773
zurich_query_-71-BK_yAOJ1soK0OQWIcg,transfer_1,5678,blur,self,110,cph:176,zurich:44,15.679997,36.1773
zurich_query_-71-BK_yAOJ1soK0OQWIcg,transfer_2,5678,blur,self,79,boston:249,zurich:44,15.680000,36.1773
zurich_query_-71-BK_yAOJ1soK0OQWIcg,transfer_3,5678,blur,self,296,manila:181,zurich:44,15.680002,36.1773
zurich_query_-71-BK_yAOJ1soK0OQWIcg,isotropic,9012,blur,self,86,cph:176,zurich:44,15.680001,36.1773
zurich_query_-71-BK_yAOJ1soK0OQWIcg,white_box,9012,blur,self,93,boston:145,zurich:44,15.679997,36.1773
zurich_query_-71-BK_yAOJ1soK0OQWIcg,transfer_1,9012,blur,self,25,boston:249,zurich:44,15.680000,36.1773
zurich_query_-71-BK_yAOJ1soK0OQWIcg,transfer_2,9012,blur,self,55,boston:249,zurich:44,15.679998,36.1773
zurich_query_-71-BK_yAOJ1soK0OQWIcg,transfer_3,9012,blur,self,223,manila:181,zurich:44,15.680001,36.1773
amman_query_-EAmCN9i5BGEadZIccXEyA,isotropic,1234,blur,self,62,toronto:421,amman:30,15.679998,36.1773
amman_query_-EAmCN9i5BGEadZIccXEyA,white_box,1234,blur,self,687,manila:46,amman:30,15.679997,36.1773
amman_query_-EAmCN9i5BGEadZIccXEyA,transfer_1,1234,blur,self,64,toronto:421,amman:30,15.680000,36.1773
amman_query_-EAmCN9i5BGEadZIccXEyA,transfer_2,1234,blur,self,123,toronto:421,amman:30,15.680000,36.1773
amman_query_-EAmCN9i5BGEadZIccXEyA,transfer_3,1234,blur,self,104,toronto:88,amman:30,15.680000,36.1773
amman_query_-EAmCN9i5BGEadZIccXEyA,isotropic,5678,blur,self,64,toronto:421,amman:30,15.680000,36.1773
amman_query_-EAmCN9i5BGEadZIccXEyA,white_box,5678,blur,self,160,manila:106,amman:30,15.680000,36.1773
amman_query_-EAmCN9i5BGEadZIccXEyA,transfer_1,5678,blur,self,100,toronto:421,amman:30,15.679997,36.1773
amman_query_-EAmCN9i5BGEadZIccXEyA,transfer_2,5678,blur,self,77,nairobi:10,amman:30,15.679997,36.1773
amman_query_-EAmCN9i5BGEadZIccXEyA,transfer_3,5678,blur,self,171,zurich:42,amman:30,15.679997,36.1773
amman_query_-EAmCN9i5BGEadZIccXEyA,isotropic,9012,blur,self,63,toronto:421,amman:30,15.680001,36.1773
amman_query_-EAmCN9i5BGEadZIccXEyA,white_box,9012,blur,self,72,amman:26,amman:30,15.679998,36.1773
amman_query_-EAmCN9i5BGEadZIccXEyA,transfer_1,9012,blur,self,74,toronto:421,amman:30,15.680000,36.1773
amman_query_-EAmCN9i5BGEadZIccXEyA,transfer_2,9012,blur,self,80,nairobi:4,amman:30,15.679997,36.1773
amman_query_-EAmCN9i5BGEadZIccXEyA,transfer_3,9012,blur,self,236,manila:54,amman:30,15.680000,36.1773
boston_query_-4vuSn0vvcBVOccgQqFlow,isotropic,1234,blur,self,66,boston:144,boston:149,15.680000,36.1773
boston_query_-4vuSn0vvcBVOccgQqFlow,white_box,1234,blur,self,638,manila:87,boston:149,15.679997,36.1773
boston_query_-4vuSn0vvcBVOccgQqFlow,transfer_1,1234,blur,self,132,boston:27,boston:149,15.680000,36.1773
boston_query_-4vuSn0vvcBVOccgQqFlow,transfer_2,1234,blur,self,51,boston:144,boston:149,15.679997,36.1773
boston_query_-4vuSn0vvcBVOccgQqFlow,transfer_3,1234,blur,self,163,amman:26,boston:149,15.679997,36.1773
boston_query_-4vuSn0vvcBVOccgQqFlow,isotropic,5678,blur,self,60,boston:144,boston:149,15.679997,36.1773
boston_query_-4vuSn0vvcBVOccgQqFlow,white_box,5678,blur,self,21,amman:26,boston:149,15.680002,36.1773
boston_query_-4vuSn0vvcBVOccgQqFlow,transfer_1,5678,blur,self,165,boston:144,boston:149,15.680000,36.1773
boston_query_-4vuSn0vvcBVOccgQqFlow,transfer_2,5678,blur,self,196,amman:26,boston:149,15.679997,36.1773
boston_query_-4vuSn0vvcBVOccgQqFlow,transfer_3,5678,blur,self,146,boston:27,boston:149,15.679998,36.1773
boston_query_-4vuSn0vvcBVOccgQqFlow,isotropic,9012,blur,self,87,boston:144,boston:149,15.680000,36.1773
boston_query_-4vuSn0vvcBVOccgQqFlow,white_box,9012,blur,self,722,manila:51,boston:149,15.679997,36.1773
boston_query_-4vuSn0vvcBVOccgQqFlow,transfer_1,9012,blur,self,67,boston:144,boston:149,15.679997,36.1773
boston_query_-4vuSn0vvcBVOccgQqFlow,transfer_2,9012,blur,self,135,boston:144,boston:149,15.680001,36.1773
boston_query_-4vuSn0vvcBVOccgQqFlow,transfer_3,9012,blur,self,220,boston:27,boston:149,15.680000,36.1773
cph_query_-07-gME-zaQLhCsFrSInSg,isotropic,1234,blur,self,18,london:126,cph:241,15.679997,36.1773
cph_query_-07-gME-zaQLhCsFrSInSg,white_box,1234,blur,self,437,cph:7,cph:241,15.680002,36.1773
cph_query_-07-gME-zaQLhCsFrSInSg,transfer_1,1234,blur,self,19,manila:181,cph:241,15.679998,36.1773
cph_query_-07-gME-zaQLhCsFrSInSg,transfer_2,1234,blur,self,74,manila:181,cph:241,15.680000,36.1773
cph_query_-07-gME-zaQLhCsFrSInSg,transfer_3,1234,blur,self,9,london:126,cph:241,15.679997,36.1773
cph_query_-07-gME-zaQLhCsFrSInSg,isotropic,5678,blur,self,19,london:126,cph:241,15.679997,36.1773
cph_query_-07-gME-zaQLhCsFrSInSg,white_box,5678,blur,self,271,toronto:88,cph:241,15.680000,36.1773
cph_query_-07-gME-zaQLhCsFrSInSg,transfer_1,5678,blur,self,27,london:126,cph:241,15.679998,36.1773
cph_query_-07-gME-zaQLhCsFrSInSg,transfer_2,5678,blur,self,18,manila:181,cph:241,15.680000,36.1773
cph_query_-07-gME-zaQLhCsFrSInSg,transfer_3,5678,blur,self,45,london:126,cph:241,15.680001,36.1773
cph_query_-07-gME-zaQLhCsFrSInSg,isotropic,9012,blur,self,15,london:126,cph:241,15.679996,36.1773
cph_query_-07-gME-zaQLhCsFrSInSg,white_box,9012,blur,self,494,london:28,cph:241,15.680000,36.1773
cph_query_-07-gME-zaQLhCsFrSInSg,transfer_1,9012,blur,self,17,manila:181,cph:241,15.680000,36.1773
cph_query_-07-gME-zaQLhCsFrSInSg,transfer_2,9012,blur,self,24,manila:181,cph:241,15.680000,36.1773
cph_query_-07-gME-zaQLhCsFrSInSg,transfer_3,9012,blur,self,77,manila:181,cph:241,15.680000,36.1773
london_query_-7U9wY8ynnu3oZ1g_-0xww,isotropic,1234,blur,self,15,cph:4,london:104,15.680000,36.1773
london_query_-7U9wY8ynnu3oZ1g_-0xww,white_box,1234,blur,self,68,london:34,london:104,15.680001,36.1773
london_query_-7U9wY8ynnu3oZ1g_-0xww,transfer_1,1234,blur,self,23,cph:4,london:104,15.679998,36.1773
london_query_-7U9wY8ynnu3oZ1g_-0xww,transfer_2,1234,blur,self,38,boston:79,london:104,15.679997,36.1773
london_query_-7U9wY8ynnu3oZ1g_-0xww,transfer_3,1234,blur,self,152,boston:168,london:104,15.679998,36.1773
london_query_-7U9wY8ynnu3oZ1g_-0xww,isotropic,5678,blur,self,17,london:76,london:104,15.679997,36.1773
london_query_-7U9wY8ynnu3oZ1g_-0xww,white_box,5678,blur,self,539,amman:26,london:104,15.680000,36.1773
london_query_-7U9wY8ynnu3oZ1g_-0xww,transfer_1,5678,blur,self,22,cph:4,london:104,15.679997,36.1773
london_query_-7U9wY8ynnu3oZ1g_-0xww,transfer_2,5678,blur,self,16,boston:168,london:104,15.680000,36.1773
london_query_-7U9wY8ynnu3oZ1g_-0xww,transfer_3,5678,blur,self,97,boston:168,london:104,15.679997,36.1773
london_query_-7U9wY8ynnu3oZ1g_-0xww,isotropic,9012,blur,self,23,cph:4,london:104,15.679998,36.1773
london_query_-7U9wY8ynnu3oZ1g_-0xww,white_box,9012,blur,self,490,manila:87,london:104,15.680000,36.1773
london_query_-7U9wY8ynnu3oZ1g_-0xww,transfer_1,9012,blur,self,10,boston:168,london:104,15.679997,36.1773
london_query_-7U9wY8ynnu3oZ1g_-0xww,transfer_2,9012,blur,self,13,cph:271,london:104,15.679998,36.1773
london_query_-7U9wY8ynnu3oZ1g_-0xww,transfer_3,9012,blur,self,38,boston:168,london:104,15.680001,36.1773
manila_query_-5pMypBbFEXHPOTYNJl_EA,isotropic,1234,blur,self,8,amman:23,manila:116,15.679997,36.1773
manila_query_-5pMypBbFEXHPOTYNJl_EA,white_box,1234,blur,self,19,manila:109,manila:116,15.679997,36.1773
manila_query_-5pMypBbFEXHPOTYNJl_EA,transfer_1,1234,blur,self,2,amman:23,manila:116,15.679997,36.1773
manila_query_-5pMypBbFEXHPOTYNJl_EA,transfer_2,1234,blur,self,5,amman:23,manila:116,15.679997,36.1773
manila_query_-5pMypBbFEXHPOTYNJl_EA,transfer_3,1234,blur,self,15,amman:23,manila:116,15.679997,36.1773
manila_query_-5pMypBbFEXHPOTYNJl_EA,isotropic,5678,blur,self,7,amman:23,manila:116,15.679996,36.1773
manila_query_-5pMypBbFEXHPOTYNJl_EA,white_box,5678,blur,self,114,nairobi:1,manila:116,15.680001,36.1773
manila_query_-5pMypBbFEXHPOTYNJl_EA,transfer_1,5678,blur,self,2,amman:23,manila:116,15.679998,36.1773
manila_query_-5pMypBbFEXHPOTYNJl_EA,transfer_2,5678,blur,self,4,amman:23,manila:116,15.679997,36.1773
manila_query_-5pMypBbFEXHPOTYNJl_EA,transfer_3,5678,blur,self,8,amman:23,manila:116,15.679996,36.1773
manila_query_-5pMypBbFEXHPOTYNJl_EA,isotropic,9012,blur,self,5,amman:23,manila:116,15.680001,36.1773
manila_query_-5pMypBbFEXHPOTYNJl_EA,white_box,9012,blur,self,39,manila:190,manila:116,15.679997,36.1773
manila_query_-5pMypBbFEXHPOTYNJl_EA,transfer_1,9012,blur,self,7,amman:23,manila:116,15.680000,36.1773
manila_query_-5pMypBbFEXHPOTYNJl_EA,transfer_2,9012,blur,self,5,amman:23,manila:116,15.680000,36.1773
manila_query_-5pMypBbFEXHPOTYNJl_EA,transfer_3,9012,blur,self,10,amman:23,manila:116,15.680000,36.1773
nairobi_query_-rWgRitoKSYrdczUKUiOrA,isotropic,1234,blur,self,3,boston:145,nairobi:22,15.679997,36.1773
nairobi_query_-rWgRitoKSYrdczUKUiOrA,white_box,1234,blur,self,109,cph:96,nairobi:22,15.680000,36.1773
nairobi_query_-rWgRitoKSYrdczUKUiOrA,transfer_1,1234,blur,self,1,nairobi:22,nairobi:22,15.680000,36.1773
nairobi_query_-rWgRitoKSYrdczUKUiOrA,transfer_2,1234,blur,self,2,manila:33,nairobi:22,15.679997,36.1773
nairobi_query_-rWgRitoKSYrdczUKUiOrA,transfer_3,1234,blur,self,4,manila:33,nairobi:22,15.680000,36.1773
nairobi_query_-rWgRitoKSYrdczUKUiOrA,isotropic,5678,blur,self,4,boston:145,nairobi:22,15.680000,36.1773
nairobi_query_-rWgRitoKSYrdczUKUiOrA,white_box,5678,blur,self,237,manila:92,nairobi:22,15.679997,36.1773
nairobi_query_-rWgRitoKSYrdczUKUiOrA,transfer_1,5678,blur,self,1,nairobi:22,nairobi:22,15.680000,36.1773
nairobi_query_-rWgRitoKSYrdczUKUiOrA,transfer_2,5678,blur,self,1,nairobi:22,nairobi:22,15.680000,36.1773
nairobi_query_-rWgRitoKSYrdczUKUiOrA,transfer_3,5678,blur,self,4,manila:33,nairobi:22,15.680000,36.1773
nairobi_query_-rWgRitoKSYrdczUKUiOrA,isotropic,9012,blur,self,4,boston:145,nairobi:22,15.680000,36.1773
nairobi_query_-rWgRitoKSYrdczUKUiOrA,white_box,9012,blur,self,478,manila:106,nairobi:22,15.680000,36.1773
nairobi_query_-rWgRitoKSYrdczUKUiOrA,transfer_1,9012,blur,self,1,nairobi:22,nairobi:22,15.680000,36.1773
nairobi_query_-rWgRitoKSYrdczUKUiOrA,transfer_2,9012,blur,self,2,manila:33,nairobi:22,15.680000,36.1773
nairobi_query_-rWgRitoKSYrdczUKUiOrA,transfer_3,9012,blur,self,3,manila:33,nairobi:22,15.680000,36.1773
toronto_query_-5HBlqC41yTbYA1NM7dz1A,isotropic,1234,blur,self,54,toronto:171,toronto:156,15.680000,36.1773
toronto_query_-5HBlqC41yTbYA1NM7dz1A,white_box,1234,blur,self,139,manila:106,toronto:156,15.679998,36.1773
toronto_query_-5HBlqC41yTbYA1NM7dz1A,transfer_1,1234,blur,self,76,toronto:103,toronto:156,15.679998,36.1773
toronto_query_-5HBlqC41yTbYA1NM7dz1A,transfer_2,1234,blur,self,9,toronto:103,toronto:156,15.680001,36.1773
toronto_query_-5HBlqC41yTbYA1NM7dz1A,transfer_3,1234,blur,self,52,toronto:218,toronto:156,15.679998,36.1773
toronto_query_-5HBlqC41yTbYA1NM7dz1A,isotropic,5678,blur,self,50,toronto:171,toronto:156,15.680000,36.1773
toronto_query_-5HBlqC41yTbYA1NM7dz1A,white_box,5678,blur,self,173,manila:46,toronto:156,15.680000,36.1773
toronto_query_-5HBlqC41yTbYA1NM7dz1A,transfer_1,5678,blur,self,36,toronto:103,toronto:156,15.679998,36.1773
toronto_query_-5HBlqC41yTbYA1NM7dz1A,transfer_2,5678,blur,self,37,toronto:103,toronto:156,15.680000,36.1773
toronto_query_-5HBlqC41yTbYA1NM7dz1A,transfer_3,5678,blur,self,26,manila:142,toronto:156,15.680000,36.1773
toronto_query_-5HBlqC41yTbYA1NM7dz1A,isotropic,9012,blur,self,57,toronto:171,toronto:156,15.680001,36.1773
toronto_query_-5HBlqC41yTbYA1NM7dz1A,white_box,9012,blur,self,191,manila:142,toronto:156,15.680000,36.1773
toronto_query_-5HBlqC41yTbYA1NM7dz1A,transfer_1,9012,blur,self,34,toronto:103,toronto:156,15.680000,36.1773
toronto_query_-5HBlqC41yTbYA1NM7dz1A,transfer_2,9012,blur,self,84,toronto:103,toronto:156,15.680001,36.1773
toronto_query_-5HBlqC41yTbYA1NM7dz1A,transfer_3,9012,blur,self,18,manila:142,toronto:156,15.679997,36.1773
zurich_query_-7bB9HS2MqV7UT7vRyROfg,isotropic,1234,blur,self,53,boston:139,zurich:19,15.680000,36.1773
zurich_query_-7bB9HS2MqV7UT7vRyROfg,white_box,1234,blur,self,114,london:28,zurich:19,15.680001,36.1773
zurich_query_-7bB9HS2MqV7UT7vRyROfg,transfer_1,1234,blur,self,24,boston:139,zurich:19,15.679998,36.1773
zurich_query_-7bB9HS2MqV7UT7vRyROfg,transfer_2,1234,blur,self,4,boston:139,zurich:19,15.679997,36.1773
zurich_query_-7bB9HS2MqV7UT7vRyROfg,transfer_3,1234,blur,self,24,toronto:23,zurich:19,15.680001,36.1773
zurich_query_-7bB9HS2MqV7UT7vRyROfg,isotropic,5678,blur,self,55,boston:139,zurich:19,15.679997,36.1773
zurich_query_-7bB9HS2MqV7UT7vRyROfg,white_box,5678,blur,self,99,nairobi:20,zurich:19,15.679997,36.1773
zurich_query_-7bB9HS2MqV7UT7vRyROfg,transfer_1,5678,blur,self,33,boston:139,zurich:19,15.679997,36.1773
zurich_query_-7bB9HS2MqV7UT7vRyROfg,transfer_2,5678,blur,self,65,boston:47,zurich:19,15.680000,36.1773
zurich_query_-7bB9HS2MqV7UT7vRyROfg,transfer_3,5678,blur,self,51,cph:345,zurich:19,15.680000,36.1773
zurich_query_-7bB9HS2MqV7UT7vRyROfg,isotropic,9012,blur,self,33,boston:139,zurich:19,15.679998,36.1773
zurich_query_-7bB9HS2MqV7UT7vRyROfg,white_box,9012,blur,self,114,nairobi:20,zurich:19,15.680000,36.1773
zurich_query_-7bB9HS2MqV7UT7vRyROfg,transfer_1,9012,blur,self,37,boston:139,zurich:19,15.679997,36.1773
zurich_query_-7bB9HS2MqV7UT7vRyROfg,transfer_2,9012,blur,self,28,boston:139,zurich:19,15.680000,36.1773
zurich_query_-7bB9HS2MqV7UT7vRyROfg,transfer_3,9012,blur,self,148,manila:92,zurich:19,15.680000,36.1773
amman_query_-L_vanPrT4RcWlLbzCqMKA,isotropic,1234,blur,self,58,amman:26,amman:29,15.679998,36.1773
amman_query_-L_vanPrT4RcWlLbzCqMKA,white_box,1234,blur,self,239,manila:106,amman:29,15.680000,36.1773
amman_query_-L_vanPrT4RcWlLbzCqMKA,transfer_1,1234,blur,self,75,amman:26,amman:29,15.680000,36.1773
amman_query_-L_vanPrT4RcWlLbzCqMKA,transfer_2,1234,blur,self,69,amman:21,amman:29,15.679997,36.1773
amman_query_-L_vanPrT4RcWlLbzCqMKA,transfer_3,1234,blur,self,31,amman:21,amman:29,15.679997,36.1773
amman_query_-L_vanPrT4RcWlLbzCqMKA,isotropic,5678,blur,self,50,amman:26,amman:29,15.679998,36.1773
amman_query_-L_vanPrT4RcWlLbzCqMKA,white_box,5678,blur,self,13,manila:106,amman:29,15.679997,36.1773
amman_query_-L_vanPrT4RcWlLbzCqMKA,transfer_1,5678,blur,self,58,manila:13,amman:29,15.680000,36.1773
amman_query_-L_vanPrT4RcWlLbzCqMKA,transfer_2,5678,blur,self,62,amman:26,amman:29,15.679997,36.1773
amman_query_-L_vanPrT4RcWlLbzCqMKA,transfer_3,5678,blur,self,47,manila:13,amman:29,15.679997,36.1773
amman_query_-L_vanPrT4RcWlLbzCqMKA,isotropic,9012,blur,self,51,amman:26,amman:29,15.679997,36.1773
amman_query_-L_vanPrT4RcWlLbzCqMKA,white_box,9012,blur,self,121,manila:13,amman:29,15.679998,36.1773
amman_query_-L_vanPrT4RcWlLbzCqMKA,transfer_1,9012,blur,self,70,amman:26,amman:29,15.679997,36.1773
amman_query_-L_vanPrT4RcWlLbzCqMKA,transfer_2,9012,blur,self,37,manila:13,amman:29,15.680000,36.1773
amman_query_-L_vanPrT4RcWlLbzCqMKA,transfer_3,9012,blur,self,33,amman:26,amman:29,15.679998,36.1773
boston_query_-5-CNr3q7kmRGcDSMueI4w,isotropic,1234,blur,self,1,boston:234,boston:234,15.679998,36.1773
boston_query_-5-CNr3q7kmRGcDSMueI4w,white_box,1234,blur,self,1,boston:234,boston:234,15.680001,36.1773
boston_query_-5-CNr3q7kmRGcDSMueI4w,transfer_1,1234,blur,self,2,toronto:130,boston:234,15.680000,36.1773
boston_query_-5-CNr3q7kmRGcDSMueI4w,transfer_2,1234,blur,self,6,amman:32,boston:234,15.679997,36.1773
boston_query_-5-CNr3q7kmRGcDSMueI4w,transfer_3,1234,blur,self,7,amman:32,boston:234,15.679997,36.1773
boston_query_-5-CNr3q7kmRGcDSMueI4w,isotropic,5678,blur,self,1,boston:234,boston:234,15.680000,36.1773
boston_query_-5-CNr3q7kmRGcDSMueI4w,white_box,5678,blur,self,9,manila:92,boston:234,15.680000,36.1773
boston_query_-5-CNr3q7kmRGcDSMueI4w,transfer_1,5678,blur,self,2,amman:32,boston:234,15.679998,36.1773
boston_query_-5-CNr3q7kmRGcDSMueI4w,transfer_2,5678,blur,self,1,boston:234,boston:234,15.680000,36.1773
boston_query_-5-CNr3q7kmRGcDSMueI4w,transfer_3,5678,blur,self,3,toronto:130,boston:234,15.680000,36.1773
boston_query_-5-CNr3q7kmRGcDSMueI4w,isotropic,9012,blur,self,1,boston:234,boston:234,15.679997,36.1773
boston_query_-5-CNr3q7kmRGcDSMueI4w,white_box,9012,blur,self,9,zurich:42,boston:234,15.680000,36.1773
boston_query_-5-CNr3q7kmRGcDSMueI4w,transfer_1,9012,blur,self,11,amman:32,boston:234,15.679997,36.1773
boston_query_-5-CNr3q7kmRGcDSMueI4w,transfer_2,9012,blur,self,5,amman:32,boston:234,15.679998,36.1773
boston_query_-5-CNr3q7kmRGcDSMueI4w,transfer_3,9012,blur,self,5,toronto:130,boston:234,15.679998,36.1773
cph_query_-0_HsZnndjHv76QpTyNFCA,isotropic,1234,blur,self,26,amman:23,cph:242,15.680000,36.1773
cph_query_-0_HsZnndjHv76QpTyNFCA,white_box,1234,blur,self,610,amman:23,cph:242,15.680000,36.1773
cph_query_-0_HsZnndjHv76QpTyNFCA,transfer_1,1234,blur,self,6,toronto:200,cph:242,15.679998,36.1773
cph_query_-0_HsZnndjHv76QpTyNFCA,transfer_2,1234,blur,self,14,amman:23,cph:242,15.679998,36.1773
cph_query_-0_HsZnndjHv76QpTyNFCA,transfer_3,1234,blur,self,71,toronto:196,cph:242,15.679997,36.1773
cph_query_-0_HsZnndjHv76QpTyNFCA,isotropic,5678,blur,self,44,amman:23,cph:242,15.680000,36.1773
cph_query_-0_HsZnndjHv76QpTyNFCA,white_box,5678,blur,self,177,boston:145,cph:242,15.679998,36.1773
cph_query_-0_HsZnndjHv76QpTyNFCA,transfer_1,5678,blur,self,17,amman:23,cph:242,15.680000,36.1773
cph_query_-0_HsZnndjHv76QpTyNFCA,transfer_2,5678,blur,self,38,amman:23,cph:242,15.679997,36.1773
cph_query_-0_HsZnndjHv76QpTyNFCA,transfer_3,5678,blur,self,28,manila:181,cph:242,15.680000,36.1773
cph_query_-0_HsZnndjHv76QpTyNFCA,isotropic,9012,blur,self,30,amman:23,cph:242,15.679997,36.1773
cph_query_-0_HsZnndjHv76QpTyNFCA,white_box,9012,blur,self,904,cph:464,cph:242,15.680001,36.1773
cph_query_-0_HsZnndjHv76QpTyNFCA,transfer_1,9012,blur,self,13,amman:23,cph:242,15.680000,36.1773
cph_query_-0_HsZnndjHv76QpTyNFCA,transfer_2,9012,blur,self,24,zurich:61,cph:242,15.680000,36.1773
cph_query_-0_HsZnndjHv76QpTyNFCA,transfer_3,9012,blur,self,43,manila:181,cph:242,15.680001,36.1773
london_query_-7cNAk24ZhuoOowcvDoImw,isotropic,1234,blur,self,42,toronto:351,london:126,15.680000,36.1773
london_query_-7cNAk24ZhuoOowcvDoImw,white_box,1234,blur,self,442,amman:29,london:126,15.679998,36.1773
london_query_-7cNAk24ZhuoOowcvDoImw,transfer_1,1234,blur,self,106,cph:332,london:126,15.679998,36.1773
london_query_-7cNAk24ZhuoOowcvDoImw,transfer_2,1234,blur,self,139,cph:7,london:126,15.679997,36.1773
london_query_-7cNAk24ZhuoOowcvDoImw,transfer_3,1234,blur,self,131,cph:7,london:126,15.679997,36.1773
london_query_-7cNAk24ZhuoOowcvDoImw,isotropic,5678,blur,self,53,cph:332,london:126,15.680002,36.1773
london_query_-7cNAk24ZhuoOowcvDoImw,white_box,5678,blur,self,471,london:125,london:126,15.679997,36.1773
london_query_-7cNAk24ZhuoOowcvDoImw,transfer_1,5678,blur,self,136,cph:332,london:126,15.679997,36.1773
london_query_-7cNAk24ZhuoOowcvDoImw,transfer_2,5678,blur,self,47,toronto:351,london:126,15.680000,36.1773
london_query_-7cNAk24ZhuoOowcvDoImw,transfer_3,5678,blur,self,82,cph:332,london:126,15.679998,36.1773
london_query_-7cNAk24ZhuoOowcvDoImw,isotropic,9012,blur,self,47,toronto:351,london:126,15.679998,36.1773
london_query_-7cNAk24ZhuoOowcvDoImw,white_box,9012,blur,self,695,london:71,london:126,15.680000,36.1773
london_query_-7cNAk24ZhuoOowcvDoImw,transfer_1,9012,blur,self,70,cph:332,london:126,15.679997,36.1773
london_query_-7cNAk24ZhuoOowcvDoImw,transfer_2,9012,blur,self,197,boston:234,london:126,15.679997,36.1773
london_query_-7cNAk24ZhuoOowcvDoImw,transfer_3,9012,blur,self,136,boston:234,london:126,15.679997,36.1773
manila_query_-6NSbTuzpeyDbSXKeGAasg,isotropic,1234,blur,self,3,toronto:23,manila:190,15.680000,36.1773
manila_query_-6NSbTuzpeyDbSXKeGAasg,white_box,1234,blur,self,1,manila:190,manila:190,15.680000,36.1773
manila_query_-6NSbTuzpeyDbSXKeGAasg,transfer_1,1234,blur,self,4,toronto:23,manila:190,15.679997,36.1773
manila_query_-6NSbTuzpeyDbSXKeGAasg,transfer_2,1234,blur,self,3,toronto:23,manila:190,15.680000,36.1773
manila_query_-6NSbTuzpeyDbSXKeGAasg,transfer_3,1234,blur,self,25,toronto:23,manila:190,15.680001,36.1773
manila_query_-6NSbTuzpeyDbSXKeGAasg,isotropic,5678,blur,self,2,toronto:23,manila:190,15.679997,36.1773
manila_query_-6NSbTuzpeyDbSXKeGAasg,white_box,5678,blur,self,14,london:21,manila:190,15.680001,36.1773
manila_query_-6NSbTuzpeyDbSXKeGAasg,transfer_1,5678,blur,self,5,toronto:23,manila:190,15.680000,36.1773
manila_query_-6NSbTuzpeyDbSXKeGAasg,transfer_2,5678,blur,self,4,toronto:23,manila:190,15.680000,36.1773
manila_query_-6NSbTuzpeyDbSXKeGAasg,transfer_3,5678,blur,self,10,toronto:23,manila:190,15.679998,36.1773
manila_query_-6NSbTuzpeyDbSXKeGAasg,isotropic,9012,blur,self,2,toronto:23,manila:190,15.679997,36.1773
manila_query_-6NSbTuzpeyDbSXKeGAasg,white_box,9012,blur,self,11,cph:345,manila:190,15.680000,36.1773
manila_query_-6NSbTuzpeyDbSXKeGAasg,transfer_1,9012,blur,self,4,toronto:23,manila:190,15.679998,36.1773
manila_query_-6NSbTuzpeyDbSXKeGAasg,transfer_2,9012,blur,self,5,toronto:23,manila:190,15.679997,36.1773
manila_query_-6NSbTuzpeyDbSXKeGAasg,transfer_3,9012,blur,self,23,toronto:23,manila:190,15.679998,36.1773
nairobi_query_-yxXz3in11JFniZQAa7m2A,isotropic,1234,blur,self,45,cph:345,nairobi:10,15.680000,36.1773
nairobi_query_-yxXz3in11JFniZQAa7m2A,white_box,1234,blur,self,1,nairobi:10,nairobi:10,15.680001,36.1773
nairobi_query_-yxXz3in11JFniZQAa7m2A,transfer_1,1234,blur,self,28,cph:345,nairobi:10,15.680000,36.1773
nairobi_query_-yxXz3in11JFniZQAa7m2A,transfer_2,1234,blur,self,14,cph:345,nairobi:10,15.680000,36.1773
nairobi_query_-yxXz3in11JFniZQAa7m2A,transfer_3,1234,blur,self,3,cph:345,nairobi:10,15.679997,36.1773
nairobi_query_-yxXz3in11JFniZQAa7m2A,isotropic,5678,blur,self,51,cph:345,nairobi:10,15.680001,36.1773
nairobi_query_-yxXz3in11JFniZQAa7m2A,white_box,5678,blur,self,16,manila:142,nairobi:10,15.680000,36.1773
nairobi_query_-yxXz3in11JFniZQAa7m2A,transfer_1,5678,blur,self,24,cph:345,nairobi:10,15.680000,36.1773
nairobi_query_-yxXz3in11JFniZQAa7m2A,transfer_2,5678,blur,self,9,cph:345,nairobi:10,15.679997,36.1773
nairobi_query_-yxXz3in11JFniZQAa7m2A,transfer_3,5678,blur,self,14,cph:345,nairobi:10,15.680000,36.1773
nairobi_query_-yxXz3in11JFniZQAa7m2A,isotropic,9012,blur,self,54,cph:345,nairobi:10,15.680001,36.1773
nairobi_query_-yxXz3in11JFniZQAa7m2A,white_box,9012,blur,self,3,manila:142,nairobi:10,15.679997,36.1773
nairobi_query_-yxXz3in11JFniZQAa7m2A,transfer_1,9012,blur,self,33,cph:345,nairobi:10,15.680000,36.1773
nairobi_query_-yxXz3in11JFniZQAa7m2A,transfer_2,9012,blur,self,10,cph:345,nairobi:10,15.679997,36.1773
nairobi_query_-yxXz3in11JFniZQAa7m2A,transfer_3,9012,blur,self,10,cph:345,nairobi:10,15.679997,36.1773
toronto_query_-5RKNbex7In9Ys4mH40wXA,isotropic,1234,blur,self,1770,toronto:200,toronto:3,15.679996,36.1773
toronto_query_-5RKNbex7In9Ys4mH40wXA,white_box,1234,blur,self,1613,toronto:200,toronto:3,15.680002,36.1773
toronto_query_-5RKNbex7In9Ys4mH40wXA,transfer_1,1234,blur,self,1794,toronto:200,toronto:3,15.680000,36.1773
toronto_query_-5RKNbex7In9Ys4mH40wXA,transfer_2,1234,blur,self,1783,toronto:200,toronto:3,15.680002,36.1773
toronto_query_-5RKNbex7In9Ys4mH40wXA,transfer_3,1234,blur,self,1800,toronto:200,toronto:3,15.680002,36.1773
toronto_query_-5RKNbex7In9Ys4mH40wXA,isotropic,5678,blur,self,1751,toronto:200,toronto:3,15.680001,36.1773
toronto_query_-5RKNbex7In9Ys4mH40wXA,white_box,5678,blur,self,349,boston:168,toronto:3,15.679998,36.1773
toronto_query_-5RKNbex7In9Ys4mH40wXA,transfer_1,5678,blur,self,1778,toronto:200,toronto:3,15.680000,36.1773
toronto_query_-5RKNbex7In9Ys4mH40wXA,transfer_2,5678,blur,self,1767,toronto:200,toronto:3,15.679997,36.1773
toronto_query_-5RKNbex7In9Ys4mH40wXA,transfer_3,5678,blur,self,1740,toronto:200,toronto:3,15.680000,36.1773
toronto_query_-5RKNbex7In9Ys4mH40wXA,isotropic,9012,blur,self,1768,toronto:200,toronto:3,15.679998,36.1773
toronto_query_-5RKNbex7In9Ys4mH40wXA,white_box,9012,blur,self,1658,london:28,toronto:3,15.680000,36.1773
toronto_query_-5RKNbex7In9Ys4mH40wXA,transfer_1,9012,blur,self,1755,toronto:200,toronto:3,15.680000,36.1773
toronto_query_-5RKNbex7In9Ys4mH40wXA,transfer_2,9012,blur,self,1756,toronto:200,toronto:3,15.679998,36.1773
toronto_query_-5RKNbex7In9Ys4mH40wXA,transfer_3,9012,blur,self,1801,toronto:200,toronto:3,15.680000,36.1773
zurich_query_-ANYzSHAsjItBx6yJauT3A,isotropic,1234,blur,self,22,cph:96,zurich:14,15.679997,36.1773
zurich_query_-ANYzSHAsjItBx6yJauT3A,white_box,1234,blur,self,5,manila:106,zurich:14,15.679998,36.1773
zurich_query_-ANYzSHAsjItBx6yJauT3A,transfer_1,1234,blur,self,25,toronto:102,zurich:14,15.680000,36.1773
zurich_query_-ANYzSHAsjItBx6yJauT3A,transfer_2,1234,blur,self,29,cph:96,zurich:14,15.679998,36.1773
zurich_query_-ANYzSHAsjItBx6yJauT3A,transfer_3,1234,blur,self,40,manila:134,zurich:14,15.679998,36.1773
zurich_query_-ANYzSHAsjItBx6yJauT3A,isotropic,5678,blur,self,15,toronto:102,zurich:14,15.679997,36.1773
zurich_query_-ANYzSHAsjItBx6yJauT3A,white_box,5678,blur,self,279,london:34,zurich:14,15.680000,36.1773
zurich_query_-ANYzSHAsjItBx6yJauT3A,transfer_1,5678,blur,self,42,toronto:102,zurich:14,15.680000,36.1773
zurich_query_-ANYzSHAsjItBx6yJauT3A,transfer_2,5678,blur,self,33,manila:134,zurich:14,15.680000,36.1773
zurich_query_-ANYzSHAsjItBx6yJauT3A,transfer_3,5678,blur,self,32,manila:134,zurich:14,15.679998,36.1773
zurich_query_-ANYzSHAsjItBx6yJauT3A,isotropic,9012,blur,self,23,cph:96,zurich:14,15.680000,36.1773
zurich_query_-ANYzSHAsjItBx6yJauT3A,white_box,9012,blur,self,11,manila:87,zurich:14,15.680001,36.1773
zurich_query_-ANYzSHAsjItBx6yJauT3A,transfer_1,9012,blur,self,11,manila:33,zurich:14,15.679998,36.1773
zurich_query_-ANYzSHAsjItBx6yJauT3A,transfer_2,9012,blur,self,11,manila:33,zurich:14,15.679997,36.1773
zurich_query_-ANYzSHAsjItBx6yJauT3A,transfer_3,9012,blur,self,56,manila:134,zurich:14,15.680000,36.1773
amman_query_-MUBUlzvFxQS_zFg6xNhVg,isotropic,1234,blur,self,48,boston:34,amman:6,15.679997,36.1773
amman_query_-MUBUlzvFxQS_zFg6xNhVg,white_box,1234,blur,self,240,boston:206,amman:6,15.680001,36.1773
amman_query_-MUBUlzvFxQS_zFg6xNhVg,transfer_1,1234,blur,self,123,amman:23,amman:6,15.680000,36.1773
amman_query_-MUBUlzvFxQS_zFg6xNhVg,transfer_2,1234,blur,self,222,boston:34,amman:6,15.680000,36.1773
amman_query_-MUBUlzvFxQS_zFg6xNhVg,transfer_3,1234,blur,self,97,amman:26,amman:6,15.679997,36.1773
amman_query_-MUBUlzvFxQS_zFg6xNhVg,isotropic,5678,blur,self,70,boston:34,amman:6,15.680000,36.1773
amman_query_-MUBUlzvFxQS_zFg6xNhVg,white_box,5678,blur,self,287,london:125,amman:6,15.680000,36.1773
amman_query_-MUBUlzvFxQS_zFg6xNhVg,transfer_1,5678,blur,self,203,boston:34,amman:6,15.680000,36.1773
amman_query_-MUBUlzvFxQS_zFg6xNhVg,transfer_2,5678,blur,self,113,boston:34,amman:6,15.679998,36.1773
amman_query_-MUBUlzvFxQS_zFg6xNhVg,transfer_3,5678,blur,self,74,boston:249,amman:6,15.679998,36.1773
amman_query_-MUBUlzvFxQS_zFg6xNhVg,isotropic,9012,blur,self,78,boston:34,amman:6,15.680000,36.1773
amman_query_-MUBUlzvFxQS_zFg6xNhVg,white_box,9012,blur,self,88,manila:46,amman:6,15.680000,36.1773
amman_query_-MUBUlzvFxQS_zFg6xNhVg,transfer_1,9012,blur,self,187,boston:34,amman:6,15.680000,36.1773
amman_query_-MUBUlzvFxQS_zFg6xNhVg,transfer_2,9012,blur,self,143,boston:34,amman:6,15.679997,36.1773
amman_query_-MUBUlzvFxQS_zFg6xNhVg,transfer_3,9012,blur,self,92,boston:34,amman:6,15.680000,36.1773
boston_query_-6RLrPXAeunQaNK6m645ZA,isotropic,1234,blur,self,1,boston:237,boston:237,15.680002,36.1773
boston_query_-6RLrPXAeunQaNK6m645ZA,white_box,1234,blur,self,47,london:2,boston:237,15.679997,36.1773
boston_query_-6RLrPXAeunQaNK6m645ZA,transfer_1,1234,blur,self,1,boston:237,boston:237,15.680000,36.1773
boston_query_-6RLrPXAeunQaNK6m645ZA,transfer_2,1234,blur,self,1,boston:237,boston:237,15.679998,36.1773
boston_query_-6RLrPXAeunQaNK6m645ZA,transfer_3,1234,blur,self,1,boston:237,boston:237,15.679998,36.1773
boston_query_-6RLrPXAeunQaNK6m645ZA,isotropic,5678,blur,self,1,boston:237,boston:237,15.680000,36.1773
boston_query_-6RLrPXAeunQaNK6m645ZA,white_box,5678,blur,self,4,boston:90,boston:237,15.680000,36.1773
boston_query_-6RLrPXAeunQaNK6m645ZA,transfer_1,5678,blur,self,1,boston:237,boston:237,15.680001,36.1773
boston_query_-6RLrPXAeunQaNK6m645ZA,transfer_2,5678,blur,self,1,boston:237,boston:237,15.680000,36.1773
boston_query_-6RLrPXAeunQaNK6m645ZA,transfer_3,5678,blur,self,1,boston:237,boston:237,15.680001,36.1773
boston_query_-6RLrPXAeunQaNK6m645ZA,isotropic,9012,blur,self,1,boston:237,boston:237,15.679998,36.1773
boston_query_-6RLrPXAeunQaNK6m645ZA,white_box,9012,blur,self,7,toronto:258,boston:237,15.680000,36.1773
boston_query_-6RLrPXAeunQaNK6m645ZA,transfer_1,9012,blur,self,1,boston:237,boston:237,15.680001,36.1773
boston_query_-6RLrPXAeunQaNK6m645ZA,transfer_2,9012,blur,self,1,boston:237,boston:237,15.679997,36.1773
boston_query_-6RLrPXAeunQaNK6m645ZA,transfer_3,9012,blur,self,1,boston:237,boston:237,15.679997,36.1773
cph_query_-2N5Dmf5tOm5N83KXgvjDw,isotropic,1234,blur,self,1,cph:459,cph:459,15.680000,36.1773
cph_query_-2N5Dmf5tOm5N83KXgvjDw,white_box,1234,blur,self,7,cph:370,cph:459,15.680000,36.1773
cph_query_-2N5Dmf5tOm5N83KXgvjDw,transfer_1,1234,blur,self,1,cph:459,cph:459,15.680000,36.1773
cph_query_-2N5Dmf5tOm5N83KXgvjDw,transfer_2,1234,blur,self,1,cph:459,cph:459,15.679997,36.1773
cph_query_-2N5Dmf5tOm5N83KXgvjDw,transfer_3,1234,blur,self,1,cph:459,cph:459,15.679997,36.1773
cph_query_-2N5Dmf5tOm5N83KXgvjDw,isotropic,5678,blur,self,1,cph:459,cph:459,15.679997,36.1773
cph_query_-2N5Dmf5tOm5N83KXgvjDw,white_box,5678,blur,self,78,manila:92,cph:459,15.680001,36.1773
cph_query_-2N5Dmf5tOm5N83KXgvjDw,transfer_1,5678,blur,self,1,cph:459,cph:459,15.679997,36.1773
cph_query_-2N5Dmf5tOm5N83KXgvjDw,transfer_2,5678,blur,self,1,cph:459,cph:459,15.680000,36.1773
cph_query_-2N5Dmf5tOm5N83KXgvjDw,transfer_3,5678,blur,self,2,cph:333,cph:459,15.680001,36.1773
cph_query_-2N5Dmf5tOm5N83KXgvjDw,isotropic,9012,blur,self,1,cph:459,cph:459,15.679997,36.1773
cph_query_-2N5Dmf5tOm5N83KXgvjDw,white_box,9012,blur,self,285,boston:249,cph:459,15.680000,36.1773
cph_query_-2N5Dmf5tOm5N83KXgvjDw,transfer_1,9012,blur,self,1,cph:459,cph:459,15.680000,36.1773
cph_query_-2N5Dmf5tOm5N83KXgvjDw,transfer_2,9012,blur,self,1,cph:459,cph:459,15.680000,36.1773
cph_query_-2N5Dmf5tOm5N83KXgvjDw,transfer_3,9012,blur,self,1,cph:459,cph:459,15.679997,36.1773
london_query_-8xWvI5d3Z6gfsRDb_kEQQ,isotropic,1234,blur,self,33,london:28,london:15,15.679996,36.1773
london_query_-8xWvI5d3Z6gfsRDb_kEQQ,white_box,1234,blur,self,60,london:21,london:15,15.680000,36.1773
london_query_-8xWvI5d3Z6gfsRDb_kEQQ,transfer_1,1234,blur,self,28,london:28,london:15,15.680001,36.1773
london_query_-8xWvI5d3Z6gfsRDb_kEQQ,transfer_2,1234,blur,self,15,london:28,london:15,15.679998,36.1773
london_query_-8xWvI5d3Z6gfsRDb_kEQQ,transfer_3,1234,blur,self,27,london:28,london:15,15.680000,36.1773
london_query_-8xWvI5d3Z6gfsRDb_kEQQ,isotropic,5678,blur,self,44,london:28,london:15,15.680000,36.1773
london_query_-8xWvI5d3Z6gfsRDb_kEQQ,white_box,5678,blur,self,149,manila:51,london:15,15.679998,36.1773
london_query_-8xWvI5d3Z6gfsRDb_kEQQ,transfer_1,5678,blur,self,29,london:28,london:15,15.679998,36.1773
london_query_-8xWvI5d3Z6gfsRDb_kEQQ,transfer_2,5678,blur,self,20,london:28,london:15,15.679997,36.1773
london_query_-8xWvI5d3Z6gfsRDb_kEQQ,transfer_3,5678,blur,self,33,london:28,london:15,15.680000,36.1773
london_query_-8xWvI5d3Z6gfsRDb_kEQQ,isotropic,9012,blur,self,40,london:28,london:15,15.680001,36.1773
london_query_-8xWvI5d3Z6gfsRDb_kEQQ,white_box,9012,blur,self,320,manila:142,london:15,15.679998,36.1773
london_query_-8xWvI5d3Z6gfsRDb_kEQQ,transfer_1,9012,blur,self,32,london:28,london:15,15.680000,36.1773
london_query_-8xWvI5d3Z6gfsRDb_kEQQ,transfer_2,9012,blur,self,29,london:28,london:15,15.680000,36.1773
london_query_-8xWvI5d3Z6gfsRDb_kEQQ,transfer_3,9012,blur,self,15,london:28,london:15,15.679998,36.1773
manila_query_-6_2C-ExaVhx4ONvHOvffw,isotropic,1234,blur,self,337,manila:33,manila:67,15.680002,36.1773
manila_query_-6_2C-ExaVhx4ONvHOvffw,white_box,1234,blur,self,499,toronto:88,manila:67,15.679997,36.1773
manila_query_-6_2C-ExaVhx4ONvHOvffw,transfer_1,1234,blur,self,182,manila:59,manila:67,15.679998,36.1773
manila_query_-6_2C-ExaVhx4ONvHOvffw,transfer_2,1234,blur,self,283,manila:33,manila:67,15.680000,36.1773
manila_query_-6_2C-ExaVhx4ONvHOvffw,transfer_3,1234,blur,self,209,manila:33,manila:67,15.680000,36.1773
manila_query_-6_2C-ExaVhx4ONvHOvffw,isotropic,5678,blur,self,360,manila:33,manila:67,15.680001,36.1773
manila_query_-6_2C-ExaVhx4ONvHOvffw,white_box,5678,blur,self,527,manila:51,manila:67,15.679998,36.1773
manila_query_-6_2C-ExaVhx4ONvHOvffw,transfer_1,5678,blur,self,334,manila:33,manila:67,15.680000,36.1773
manila_query_-6_2C-ExaVhx4ONvHOvffw,transfer_2,5678,blur,self,320,manila:33,manila:67,15.680000,36.1773
manila_query_-6_2C-ExaVhx4ONvHOvffw,transfer_3,5678,blur,self,237,manila:33,manila:67,15.679997,36.1773
manila_query_-6_2C-ExaVhx4ONvHOvffw,isotropic,9012,blur,self,362,manila:33,manila:67,15.680001,36.1773
manila_query_-6_2C-ExaVhx4ONvHOvffw,white_box,9012,blur,self,439,amman:18,manila:67,15.679997,36.1773
manila_query_-6_2C-ExaVhx4ONvHOvffw,transfer_1,9012,blur,self,335,manila:33,manila:67,15.679998,36.1773
manila_query_-6_2C-ExaVhx4ONvHOvffw,transfer_2,9012,blur,self,327,manila:33,manila:67,15.679997,36.1773
manila_query_-6_2C-ExaVhx4ONvHOvffw,transfer_3,9012,blur,self,227,manila:33,manila:67,15.680000,36.1773
nairobi_query_0-ZdPdUGwVdDwKbIOxQCBA,isotropic,1234,blur,self,5,london:85,nairobi:15,15.680000,36.1773
nairobi_query_0-ZdPdUGwVdDwKbIOxQCBA,white_box,1234,blur,self,480,cph:245,nairobi:15,15.680000,36.1773
nairobi_query_0-ZdPdUGwVdDwKbIOxQCBA,transfer_1,1234,blur,self,16,london:85,nairobi:15,15.679997,36.1773
nairobi_query_0-ZdPdUGwVdDwKbIOxQCBA,transfer_2,1234,blur,self,19,london:85,nairobi:15,15.680000,36.1773
nairobi_query_0-ZdPdUGwVdDwKbIOxQCBA,transfer_3,1234,blur,self,36,london:85,nairobi:15,15.679998,36.1773
nairobi_query_0-ZdPdUGwVdDwKbIOxQCBA,isotropic,5678,blur,self,5,manila:20,nairobi:15,15.679997,36.1773
nairobi_query_0-ZdPdUGwVdDwKbIOxQCBA,white_box,5678,blur,self,413,london:28,nairobi:15,15.679997,36.1773
nairobi_query_0-ZdPdUGwVdDwKbIOxQCBA,transfer_1,5678,blur,self,19,london:85,nairobi:15,15.679997,36.1773
nairobi_query_0-ZdPdUGwVdDwKbIOxQCBA,transfer_2,5678,blur,self,28,london:85,nairobi:15,15.680000,36.1773
nairobi_query_0-ZdPdUGwVdDwKbIOxQCBA,transfer_3,5678,blur,self,75,london:85,nairobi:15,15.679998,36.1773
nairobi_query_0-ZdPdUGwVdDwKbIOxQCBA,isotropic,9012,blur,self,2,london:85,nairobi:15,15.680000,36.1773
nairobi_query_0-ZdPdUGwVdDwKbIOxQCBA,white_box,9012,blur,self,471,cph:245,nairobi:15,15.680000,36.1773
nairobi_query_0-ZdPdUGwVdDwKbIOxQCBA,transfer_1,9012,blur,self,16,london:85,nairobi:15,15.680000,36.1773
nairobi_query_0-ZdPdUGwVdDwKbIOxQCBA,transfer_2,9012,blur,self,26,london:85,nairobi:15,15.679998,36.1773
nairobi_query_0-ZdPdUGwVdDwKbIOxQCBA,transfer_3,9012,blur,self,30,london:85,nairobi:15,15.679998,36.1773
toronto_query_-5ryd5v5eXUsmP9y4p6w_g,isotropic,1234,blur,self,1463,toronto:426,toronto:346,15.680000,36.1773
toronto_query_-5ryd5v5eXUsmP9y4p6w_g,white_box,1234,blur,self,238,manila:106,toronto:346,15.680000,36.1773
toronto_query_-5ryd5v5eXUsmP9y4p6w_g,transfer_1,1234,blur,self,1473,toronto:426,toronto:346,15.679998,36.1773
toronto_query_-5ryd5v5eXUsmP9y4p6w_g,transfer_2,1234,blur,self,1615,toronto:426,toronto:346,15.679997,36.1773
toronto_query_-5ryd5v5eXUsmP9y4p6w_g,transfer_3,1234,blur,self,717,toronto:426,toronto:346,15.679997,36.1773
toronto_query_-5ryd5v5eXUsmP9y4p6w_g,isotropic,5678,blur,self,1469,toronto:426,toronto:346,15.680000,36.1773
toronto_query_-5ryd5v5eXUsmP9y4p6w_g,white_box,5678,blur,self,739,london:21,toronto:346,15.680001,36.1773
toronto_query_-5ryd5v5eXUsmP9y4p6w_g,transfer_1,5678,blur,self,1539,toronto:426,toronto:346,15.680000,36.1773
toronto_query_-5ryd5v5eXUsmP9y4p6w_g,transfer_2,5678,blur,self,1467,toronto:426,toronto:346,15.680000,36.1773
toronto_query_-5ryd5v5eXUsmP9y4p6w_g,transfer_3,5678,blur,self,888,toronto:426,toronto:346,15.679997,36.1773
toronto_query_-5ryd5v5eXUsmP9y4p6w_g,isotropic,9012,blur,self,1437,toronto:426,toronto:346,15.679998,36.1773
toronto_query_-5ryd5v5eXUsmP9y4p6w_g,white_box,9012,blur,self,151,zurich:14,toronto:346,15.680000,36.1773
toronto_query_-5ryd5v5eXUsmP9y4p6w_g,transfer_1,9012,blur,self,1653,toronto:426,toronto:346,15.679997,36.1773
toronto_query_-5ryd5v5eXUsmP9y4p6w_g,transfer_2,9012,blur,self,1206,toronto:426,toronto:346,15.679997,36.1773
toronto_query_-5ryd5v5eXUsmP9y4p6w_g,transfer_3,9012,blur,self,852,toronto:426,toronto:346,15.679997,36.1773
zurich_query_-Bz7by7mnVU_HZbXc8FmpQ,isotropic,1234,blur,self,5,toronto:351,zurich:111,15.679997,36.1773
zurich_query_-Bz7by7mnVU_HZbXc8FmpQ,white_box,1234,blur,self,757,toronto:354,zurich:111,15.680000,36.1773
zurich_query_-Bz7by7mnVU_HZbXc8FmpQ,transfer_1,1234,blur,self,9,toronto:351,zurich:111,15.679998,36.1773
zurich_query_-Bz7by7mnVU_HZbXc8FmpQ,transfer_2,1234,blur,self,10,toronto:351,zurich:111,15.679998,36.1773
zurich_query_-Bz7by7mnVU_HZbXc8FmpQ,transfer_3,1234,blur,self,14,toronto:244,zurich:111,15.679998,36.1773
zurich_query_-Bz7by7mnVU_HZbXc8FmpQ,isotropic,5678,blur,self,8,toronto:351,zurich:111,15.679998,36.1773
zurich_query_-Bz7by7mnVU_HZbXc8FmpQ,white_box,5678,blur,self,34,toronto:273,zurich:111,15.679997,36.1773
zurich_query_-Bz7by7mnVU_HZbXc8FmpQ,transfer_1,5678,blur,self,10,toronto:351,zurich:111,15.680000,36.1773
zurich_query_-Bz7by7mnVU_HZbXc8FmpQ,transfer_2,5678,blur,self,8,toronto:351,zurich:111,15.679998,36.1773
zurich_query_-Bz7by7mnVU_HZbXc8FmpQ,transfer_3,5678,blur,self,58,toronto:351,zurich:111,15.679998,36.1773
zurich_query_-Bz7by7mnVU_HZbXc8FmpQ,isotropic,9012,blur,self,3,toronto:351,zurich:111,15.680000,36.1773
zurich_query_-Bz7by7mnVU_HZbXc8FmpQ,white_box,9012,blur,self,553,manila:189,zurich:111,15.680000,36.1773
zurich_query_-Bz7by7mnVU_HZbXc8FmpQ,transfer_1,9012,blur,self,11,toronto:244,zurich:111,15.680000,36.1773
zurich_query_-Bz7by7mnVU_HZbXc8FmpQ,transfer_2,9012,blur,self,8,toronto:351,zurich:111,15.679997,36.1773
zurich_query_-Bz7by7mnVU_HZbXc8FmpQ,transfer_3,9012,blur,self,41,toronto:351,zurich:111,15.679997,36.1773
amman_query_-N1g8CEJP4UIaWH8Qqja2g,isotropic,1234,blur,self,33,amman:11,amman:26,15.679998,36.1773
amman_query_-N1g8CEJP4UIaWH8Qqja2g,white_box,1234,blur,self,29,london:125,amman:26,15.680000,36.1773
amman_query_-N1g8CEJP4UIaWH8Qqja2g,transfer_1,1234,blur,self,29,amman:11,amman:26,15.679998,36.1773
amman_query_-N1g8CEJP4UIaWH8Qqja2g,transfer_2,1234,blur,self,33,amman:11,amman:26,15.680001,36.1773
amman_query_-N1g8CEJP4UIaWH8Qqja2g,transfer_3,1234,blur,self,56,amman:21,amman:26,15.679997,36.1773
amman_query_-N1g8CEJP4UIaWH8Qqja2g,isotropic,5678,blur,self,39,amman:11,amman:26,15.679997,36.1773
amman_query_-N1g8CEJP4UIaWH8Qqja2g,white_box,5678,blur,self,39,manila:143,amman:26,15.679997,36.1773
amman_query_-N1g8CEJP4UIaWH8Qqja2g,transfer_1,5678,blur,self,44,amman:11,amman:26,15.679997,36.1773
amman_query_-N1g8CEJP4UIaWH8Qqja2g,transfer_2,5678,blur,self,37,amman:11,amman:26,15.680000,36.1773
amman_query_-N1g8CEJP4UIaWH8Qqja2g,transfer_3,5678,blur,self,65,manila:72,amman:26,15.679998,36.1773
amman_query_-N1g8CEJP4UIaWH8Qqja2g,isotropic,9012,blur,self,37,amman:11,amman:26,15.679998,36.1773
amman_query_-N1g8CEJP4UIaWH8Qqja2g,white_box,9012,blur,self,33,manila:143,amman:26,15.679998,36.1773
amman_query_-N1g8CEJP4UIaWH8Qqja2g,transfer_1,9012,blur,self,44,amman:11,amman:26,15.680000,36.1773
amman_query_-N1g8CEJP4UIaWH8Qqja2g,transfer_2,9012,blur,self,33,amman:11,amman:26,15.680000,36.1773
amman_query_-N1g8CEJP4UIaWH8Qqja2g,transfer_3,9012,blur,self,39,amman:21,amman:26,15.679998,36.1773
boston_query_-7KZUz5u8-7ja98pf8etVA,isotropic,1234,blur,self,599,boston:79,boston:176,15.680000,36.1773
boston_query_-7KZUz5u8-7ja98pf8etVA,white_box,1234,blur,self,908,manila:190,boston:176,15.679998,36.1773
boston_query_-7KZUz5u8-7ja98pf8etVA,transfer_1,1234,blur,self,795,boston:79,boston:176,15.679997,36.1773
boston_query_-7KZUz5u8-7ja98pf8etVA,transfer_2,1234,blur,self,763,boston:79,boston:176,15.680000,36.1773
boston_query_-7KZUz5u8-7ja98pf8etVA,transfer_3,1234,blur,self,445,boston:79,boston:176,15.679997,36.1773
boston_query_-7KZUz5u8-7ja98pf8etVA,isotropic,5678,blur,self,584,boston:79,boston:176,15.680001,36.1773
boston_query_-7KZUz5u8-7ja98pf8etVA,white_box,5678,blur,self,633,manila:142,boston:176,15.680000,36.1773
boston_query_-7KZUz5u8-7ja98pf8etVA,transfer_1,5678,blur,self,498,boston:79,boston:176,15.680000,36.1773
boston_query_-7KZUz5u8-7ja98pf8etVA,transfer_2,5678,blur,self,608,boston:79,boston:176,15.680000,36.1773
boston_query_-7KZUz5u8-7ja98pf8etVA,transfer_3,5678,blur,self,429,boston:79,boston:176,15.680000,36.1773
boston_query_-7KZUz5u8-7ja98pf8etVA,isotropic,9012,blur,self,601,boston:79,boston:176,15.679997,36.1773
boston_query_-7KZUz5u8-7ja98pf8etVA,white_box,9012,blur,self,1335,london:28,boston:176,15.679997,36.1773
boston_query_-7KZUz5u8-7ja98pf8etVA,transfer_1,9012,blur,self,799,boston:79,boston:176,15.680000,36.1773
boston_query_-7KZUz5u8-7ja98pf8etVA,transfer_2,9012,blur,self,982,boston:79,boston:176,15.680000,36.1773
boston_query_-7KZUz5u8-7ja98pf8etVA,transfer_3,9012,blur,self,597,boston:79,boston:176,15.680000,36.1773
cph_query_-3uNzD-M1uI2jZeGqOkpXg,isotropic,1234,blur,self,101,london:78,cph:7,15.679997,36.1773
cph_query_-3uNzD-M1uI2jZeGqOkpXg,white_box,1234,blur,self,231,manila:29,cph:7,15.680000,36.1773
cph_query_-3uNzD-M1uI2jZeGqOkpXg,transfer_1,1234,blur,self,198,london:78,cph:7,15.680000,36.1773
cph_query_-3uNzD-M1uI2jZeGqOkpXg,transfer_2,1234,blur,self,94,boston:239,cph:7,15.679997,36.1773
cph_query_-3uNzD-M1uI2jZeGqOkpXg,transfer_3,1234,blur,self,64,london:78,cph:7,15.680000,36.1773
cph_query_-3uNzD-M1uI2jZeGqOkpXg,isotropic,5678,blur,self,94,london:78,cph:7,15.680000,36.1773
cph_query_-3uNzD-M1uI2jZeGqOkpXg,white_box,5678,blur,self,395,london:34,cph:7,15.680000,36.1773
cph_query_-3uNzD-M1uI2jZeGqOkpXg,transfer_1,5678,blur,self,94,london:78,cph:7,15.680000,36.1773
cph_query_-3uNzD-M1uI2jZeGqOkpXg,transfer_2,5678,blur,self,180,london:78,cph:7,15.680000,36.1773
cph_query_-3uNzD-M1uI2jZeGqOkpXg,transfer_3,5678,blur,self,126,london:78,cph:7,15.679997,36.1773
cph_query_-3uNzD-M1uI2jZeGqOkpXg,isotropic,9012,blur,self,114,london:78,cph:7,15.680000,36.1773
cph_query_-3uNzD-M1uI2jZeGqOkpXg,white_box,9012,blur,self,73,manila:106,cph:7,15.680000,36.1773
cph_query_-3uNzD-M1uI2jZeGqOkpXg,transfer_1,9012,blur,self,34,london:78,cph:7,15.679997,36.1773
cph_query_-3uNzD-M1uI2jZeGqOkpXg,transfer_2,9012,blur,self,197,london:78,cph:7,15.679997,36.1773
cph_query_-3uNzD-M1uI2jZeGqOkpXg,transfer_3,9012,blur,self,84,london:78,cph:7,15.679997,36.1773
london_query_-9FGszdwftnBlzMuP0c_NQ,isotropic,1234,blur,self,1,london:18,london:18,15.679998,36.1773
london_query_-9FGszdwftnBlzMuP0c_NQ,white_box,1234,blur,self,1676,zurich:105,london:18,15.679996,36.1773
london_query_-9FGszdwftnBlzMuP0c_NQ,transfer_1,1234,blur,self,1,london:18,london:18,15.680000,36.1773
london_query_-9FGszdwftnBlzMuP0c_NQ,transfer_2,1234,blur,self,1,london:18,london:18,15.680000,36.1773
london_query_-9FGszdwftnBlzMuP0c_NQ,transfer_3,1234,blur,self,1,london:18,london:18,15.680000,36.1773
london_query_-9FGszdwftnBlzMuP0c_NQ,isotropic,5678,blur,self,1,london:18,london:18,15.680000,36.1773
london_query_-9FGszdwftnBlzMuP0c_NQ,white_box,5678,blur,self,1411,boston:99,london:18,15.680000,36.1773
london_query_-9FGszdwftnBlzMuP0c_NQ,transfer_1,5678,blur,self,1,london:18,london:18,15.679997,36.1773
london_query_-9FGszdwftnBlzMuP0c_NQ,transfer_2,5678,blur,self,1,london:18,london:18,15.680000,36.1773
london_query_-9FGszdwftnBlzMuP0c_NQ,transfer_3,5678,blur,self,2,toronto:273,london:18,15.679998,36.1773
london_query_-9FGszdwftnBlzMuP0c_NQ,isotropic,9012,blur,self,1,london:18,london:18,15.680000,36.1773
london_query_-9FGszdwftnBlzMuP0c_NQ,white_box,9012,blur,self,1307,boston:244,london:18,15.679997,36.1773
london_query_-9FGszdwftnBlzMuP0c_NQ,transfer_1,9012,blur,self,1,london:18,london:18,15.680001,36.1773
london_query_-9FGszdwftnBlzMuP0c_NQ,transfer_2,9012,blur,self,1,london:18,london:18,15.680000,36.1773
london_query_-9FGszdwftnBlzMuP0c_NQ,transfer_3,9012,blur,self,1,london:18,london:18,15.680000,36.1773
manila_query_-6_XaKv0Rrp2Jl0G9m_8NQ,isotropic,1234,blur,self,66,nairobi:10,manila:88,15.679998,36.1773
manila_query_-6_XaKv0Rrp2Jl0G9m_8NQ,white_box,1234,blur,self,989,amman:26,manila:88,15.680000,36.1773
manila_query_-6_XaKv0Rrp2Jl0G9m_8NQ,transfer_1,1234,blur,self,55,nairobi:10,manila:88,15.679997,36.1773
manila_query_-6_XaKv0Rrp2Jl0G9m_8NQ,transfer_2,1234,blur,self,276,toronto:274,manila:88,15.680000,36.1773
manila_query_-6_XaKv0Rrp2Jl0G9m_8NQ,transfer_3,1234,blur,self,110,toronto:274,manila:88,15.679997,36.1773
manila_query_-6_XaKv0Rrp2Jl0G9m_8NQ,isotropic,5678,blur,self,55,toronto:274,manila:88,15.679997,36.1773
manila_query_-6_XaKv0Rrp2Jl0G9m_8NQ,white_box,5678,blur,self,1128,boston:216,manila:88,15.679997,36.1773
manila_query_-6_XaKv0Rrp2Jl0G9m_8NQ,transfer_1,5678,blur,self,114,toronto:274,manila:88,15.680000,36.1773
manila_query_-6_XaKv0Rrp2Jl0G9m_8NQ,transfer_2,5678,blur,self,57,toronto:274,manila:88,15.680000,36.1773
manila_query_-6_XaKv0Rrp2Jl0G9m_8NQ,transfer_3,5678,blur,self,315,toronto:274,manila:88,15.679998,36.1773
manila_query_-6_XaKv0Rrp2Jl0G9m_8NQ,isotropic,9012,blur,self,117,nairobi:10,manila:88,15.679998,36.1773
manila_query_-6_XaKv0Rrp2Jl0G9m_8NQ,white_box,9012,blur,self,302,manila:171,manila:88,15.679998,36.1773
manila_query_-6_XaKv0Rrp2Jl0G9m_8NQ,transfer_1,9012,blur,self,74,toronto:274,manila:88,15.680000,36.1773
manila_query_-6_XaKv0Rrp2Jl0G9m_8NQ,transfer_2,9012,blur,self,169,toronto:274,manila:88,15.680000,36.1773
manila_query_-6_XaKv0Rrp2Jl0G9m_8NQ,transfer_3,9012,blur,self,142,toronto:274,manila:88,15.680000,36.1773
nairobi_query_01juXwMfxX_a4pfhpqt66g,isotropic,1234,blur,self,28,nairobi:20,nairobi:10,15.680002,36.1773
nairobi_query_01juXwMfxX_a4pfhpqt66g,white_box,1234,blur,self,61,manila:190,nairobi:10,15.680000,36.1773
nairobi_query_01juXwMfxX_a4pfhpqt66g,transfer_1,1234,blur,self,12,nairobi:20,nairobi:10,15.680000,36.1773
nairobi_query_01juXwMfxX_a4pfhpqt66g,transfer_2,1234,blur,self,10,nairobi:5,nairobi:10,15.679998,36.1773
nairobi_query_01juXwMfxX_a4pfhpqt66g,transfer_3,1234,blur,self,13,nairobi:5,nairobi:10,15.680001,36.1773
nairobi_query_01juXwMfxX_a4pfhpqt66g,isotropic,5678,blur,self,25,nairobi:20,nairobi:10,15.679997,36.1773
nairobi_query_01juXwMfxX_a4pfhpqt66g,white_box,5678,blur,self,96,manila:29,nairobi:10,15.680000,36.1773
nairobi_query_01juXwMfxX_a4pfhpqt66g,transfer_1,5678,blur,self,11,nairobi:20,nairobi:10,15.679997,36.1773
nairobi_query_01juXwMfxX_a4pfhpqt66g,transfer_2,5678,blur,self,40,nairobi:20,nairobi:10,15.679997,36.1773
nairobi_query_01juXwMfxX_a4pfhpqt66g,transfer_3,5678,blur,self,17,nairobi:5,nairobi:10,15.680000,36.1773
nairobi_query_01juXwMfxX_a4pfhpqt66g,isotropic,9012,blur,self,30,nairobi:20,nairobi:10,15.680001,36.1773
nairobi_query_01juXwMfxX_a4pfhpqt66g,white_box,9012,blur,self,75,manila:190,nairobi:10,15.679997,36.1773
nairobi_query_01juXwMfxX_a4pfhpqt66g,transfer_1,9012,blur,self,14,nairobi:20,nairobi:10,15.679998,36.1773
nairobi_query_01juXwMfxX_a4pfhpqt66g,transfer_2,9012,blur,self,3,nairobi:5,nairobi:10,15.680000,36.1773
nairobi_query_01juXwMfxX_a4pfhpqt66g,transfer_3,9012,blur,self,10,nairobi:5,nairobi:10,15.680002,36.1773
toronto_query_-5z50PgNYnxK8Ns2WmF_TQ,isotropic,1234,blur,self,90,zurich:42,toronto:301,15.680000,36.1773
toronto_query_-5z50PgNYnxK8Ns2WmF_TQ,white_box,1234,blur,self,302,manila:190,toronto:301,15.680000,36.1773
toronto_query_-5z50PgNYnxK8Ns2WmF_TQ,transfer_1,1234,blur,self,73,toronto:244,toronto:301,15.679998,36.1773
toronto_query_-5z50PgNYnxK8Ns2WmF_TQ,transfer_2,1234,blur,self,18,zurich:42,toronto:301,15.680000,36.1773
toronto_query_-5z50PgNYnxK8Ns2WmF_TQ,transfer_3,1234,blur,self,32,toronto:346,toronto:301,15.680000,36.1773
toronto_query_-5z50PgNYnxK8Ns2WmF_TQ,isotropic,5678,blur,self,51,zurich:42,toronto:301,15.679997,36.1773
toronto_query_-5z50PgNYnxK8Ns2WmF_TQ,white_box,5678,blur,self,1000,manila:106,toronto:301,15.680000,36.1773
toronto_query_-5z50PgNYnxK8Ns2WmF_TQ,transfer_1,5678,blur,self,52,zurich:42,toronto:301,15.679996,36.1773
toronto_query_-5z50PgNYnxK8Ns2WmF_TQ,transfer_2,5678,blur,self,18,cph:243,toronto:301,15.680000,36.1773
toronto_query_-5z50PgNYnxK8Ns2WmF_TQ,transfer_3,5678,blur,self,51,toronto:244,toronto:301,15.679997,36.1773
toronto_query_-5z50PgNYnxK8Ns2WmF_TQ,isotropic,9012,blur,self,74,zurich:42,toronto:301,15.680000,36.1773
toronto_query_-5z50PgNYnxK8Ns2WmF_TQ,white_box,9012,blur,self,850,manila:54,toronto:301,15.679997,36.1773
toronto_query_-5z50PgNYnxK8Ns2WmF_TQ,transfer_1,9012,blur,self,120,toronto:354,toronto:301,15.680000,36.1773
toronto_query_-5z50PgNYnxK8Ns2WmF_TQ,transfer_2,9012,blur,self,21,zurich:42,toronto:301,15.680000,36.1773
toronto_query_-5z50PgNYnxK8Ns2WmF_TQ,transfer_3,9012,blur,self,116,toronto:354,toronto:301,15.679998,36.1773
zurich_query_-D3dDkhM5rjIJhj1SPdroA,isotropic,1234,blur,self,386,cph:271,zurich:96,15.680000,36.1773
zurich_query_-D3dDkhM5rjIJhj1SPdroA,white_box,1234,blur,self,1496,toronto:200,zurich:96,15.679997,36.1773
zurich_query_-D3dDkhM5rjIJhj1SPdroA,transfer_1,1234,blur,self,236,zurich:35,zurich:96,15.679997,36.1773
zurich_query_-D3dDkhM5rjIJhj1SPdroA,transfer_2,1234,blur,self,470,zurich:42,zurich:96,15.679998,36.1773
zurich_query_-D3dDkhM5rjIJhj1SPdroA,transfer_3,1234,blur,self,459,zurich:35,zurich:96,15.679998,36.1773
zurich_query_-D3dDkhM5rjIJhj1SPdroA,isotropic,5678,blur,self,443,cph:271,zurich:96,15.680001,36.1773
zurich_query_-D3dDkhM5rjIJhj1SPdroA,white_box,5678,blur,self,284,manila:142,zurich:96,15.680001,36.1773
zurich_query_-D3dDkhM5rjIJhj1SPdroA,transfer_1,5678,blur,self,337,zurich:35,zurich:96,15.680001,36.1773
zurich_query_-D3dDkhM5rjIJhj1SPdroA,transfer_2,5678,blur,self,533,boston:98,zurich:96,15.680001,36.1773
zurich_query_-D3dDkhM5rjIJhj1SPdroA,transfer_3,5678,blur,self,461,zurich:35,zurich:96,15.679998,36.1773
zurich_query_-D3dDkhM5rjIJhj1SPdroA,isotropic,9012,blur,self,389,cph:271,zurich:96,15.680000,36.1773
zurich_query_-D3dDkhM5rjIJhj1SPdroA,white_box,9012,blur,self,946,london:2,zurich:96,15.679996,36.1773
zurich_query_-D3dDkhM5rjIJhj1SPdroA,transfer_1,9012,blur,self,390,cph:271,zurich:96,15.680000,36.1773
zurich_query_-D3dDkhM5rjIJhj1SPdroA,transfer_2,9012,blur,self,539,boston:98,zurich:96,15.679997,36.1773
zurich_query_-D3dDkhM5rjIJhj1SPdroA,transfer_3,9012,blur,self,542,zurich:35,zurich:96,15.679997,36.1773
amman_query_-VdxqGX8d8L_OiSEN5CtDw,isotropic,1234,blur,self,463,amman:32,amman:0,15.680000,36.1773
amman_query_-VdxqGX8d8L_OiSEN5CtDw,white_box,1234,blur,self,234,cph:96,amman:0,15.680000,36.1773
amman_query_-VdxqGX8d8L_OiSEN5CtDw,transfer_1,1234,blur,self,634,amman:11,amman:0,15.679998,36.1773
amman_query_-VdxqGX8d8L_OiSEN5CtDw,transfer_2,1234,blur,self,402,amman:11,amman:0,15.680000,36.1773
amman_query_-VdxqGX8d8L_OiSEN5CtDw,transfer_3,1234,blur,self,306,amman:26,amman:0,15.680000,36.1773
amman_query_-VdxqGX8d8L_OiSEN5CtDw,isotropic,5678,blur,self,510,amman:11,amman:0,15.680000,36.1773
amman_query_-VdxqGX8d8L_OiSEN5CtDw,white_box,5678,blur,self,246,toronto:258,amman:0,15.680000,36.1773
amman_query_-VdxqGX8d8L_OiSEN5CtDw,transfer_1,5678,blur,self,400,amman:11,amman:0,15.679997,36.1773
amman_query_-VdxqGX8d8L_OiSEN5CtDw,transfer_2,5678,blur,self,509,amman:11,amman:0,15.680000,36.1773
amman_query_-VdxqGX8d8L_OiSEN5CtDw,transfer_3,5678,blur,self,578,amman:26,amman:0,15.679997,36.1773
amman_query_-VdxqGX8d8L_OiSEN5CtDw,isotropic,9012,blur,self,440,amman:11,amman:0,15.679998,36.1773
amman_query_-VdxqGX8d8L_OiSEN5CtDw,white_box,9012,blur,self,768,amman:32,amman:0,15.680000,36.1773
amman_query_-VdxqGX8d8L_OiSEN5CtDw,transfer_1,9012,blur,self,345,amman:11,amman:0,15.679998,36.1773
amman_query_-VdxqGX8d8L_OiSEN5CtDw,transfer_2,9012,blur,self,561,amman:11,amman:0,15.680000,36.1773
amman_query_-VdxqGX8d8L_OiSEN5CtDw,transfer_3,9012,blur,self,482,amman:26,amman:0,15.679997,36.1773
boston_query_-8cIAPzC7_za-xCEWsIoK2,isotropic,1234,blur,self,17,boston:168,boston:248,15.680002,36.1773
boston_query_-8cIAPzC7_za-xCEWsIoK2,white_box,1234,blur,self,281,boston:168,boston:248,15.680000,36.1773
boston_query_-8cIAPzC7_za-xCEWsIoK2,transfer_1,1234,blur,self,13,boston:168,boston:248,15.679997,36.1773
boston_query_-8cIAPzC7_za-xCEWsIoK2,transfer_2,1234,blur,self,29,boston:168,boston:248,15.679997,36.1773
boston_query_-8cIAPzC7_za-xCEWsIoK2,transfer_3,1234,blur,self,46,boston:168,boston:248,15.679997,36.1773
boston_query_-8cIAPzC7_za-xCEWsIoK2,isotropic,5678,blur,self,13,boston:168,boston:248,15.680000,36.1773
boston_query_-8cIAPzC7_za-xCEWsIoK2,white_box,5678,blur,self,187,amman:29,boston:248,15.680001,36.1773
boston_query_-8cIAPzC7_za-xCEWsIoK2,transfer_1,5678,blur,self,13,boston:168,boston:248,15.679997,36.1773
boston_query_-8cIAPzC7_za-xCEWsIoK2,transfer_2,5678,blur,self,14,boston:168,boston:248,15.680000,36.1773
boston_query_-8cIAPzC7_za-xCEWsIoK2,transfer_3,5678,blur,self,35,boston:168,boston:248,15.680000,36.1773
boston_query_-8cIAPzC7_za-xCEWsIoK2,isotropic,9012,blur,self,21,boston:168,boston:248,15.679996,36.1773
boston_query_-8cIAPzC7_za-xCEWsIoK2,white_box,9012,blur,self,159,cph:245,boston:248,15.679998,36.1773
boston_query_-8cIAPzC7_za-xCEWsIoK2,transfer_1,9012,blur,self,10,manila:51,boston:248,15.680000,36.1773
boston_query_-8cIAPzC7_za-xCEWsIoK2,transfer_2,9012,blur,self,35,manila:51,boston:248,15.679997,36.1773
boston_query_-8cIAPzC7_za-xCEWsIoK2,transfer_3,9012,blur,self,20,manila:51,boston:248,15.679997,36.1773
cph_query_-4KruxIYZ3a3GYE0tOKn2w,isotropic,1234,blur,self,102,cph:370,cph:333,15.679998,36.1773
cph_query_-4KruxIYZ3a3GYE0tOKn2w,white_box,1234,blur,self,1604,manila:92,cph:333,15.679997,36.1773
cph_query_-4KruxIYZ3a3GYE0tOKn2w,transfer_1,1234,blur,self,151,cph:370,cph:333,15.680000,36.1773
cph_query_-4KruxIYZ3a3GYE0tOKn2w,transfer_2,1234,blur,self,186,cph:370,cph:333,15.680000,36.1773
cph_query_-4KruxIYZ3a3GYE0tOKn2w,transfer_3,1234,blur,self,113,cph:370,cph:333,15.679997,36.1773
cph_query_-4KruxIYZ3a3GYE0tOKn2w,isotropic,5678,blur,self,98,cph:370,cph:333,15.680001,36.1773
cph_query_-4KruxIYZ3a3GYE0tOKn2w,white_box,5678,blur,self,1502,manila:190,cph:333,15.680001,36.1773
cph_query_-4KruxIYZ3a3GYE0tOKn2w,transfer_1,5678,blur,self,198,cph:370,cph:333,15.680000,36.1773
cph_query_-4KruxIYZ3a3GYE0tOKn2w,transfer_2,5678,blur,self,119,cph:370,cph:333,15.679998,36.1773
cph_query_-4KruxIYZ3a3GYE0tOKn2w,transfer_3,5678,blur,self,180,cph:370,cph:333,15.679997,36.1773
cph_query_-4KruxIYZ3a3GYE0tOKn2w,isotropic,9012,blur,self,107,cph:370,cph:333,15.679997,36.1773
cph_query_-4KruxIYZ3a3GYE0tOKn2w,white_box,9012,blur,self,1056,manila:46,cph:333,15.679998,36.1773
cph_query_-4KruxIYZ3a3GYE0tOKn2w,transfer_1,9012,blur,self,160,cph:370,cph:333,15.679997,36.1773
cph_query_-4KruxIYZ3a3GYE0tOKn2w,transfer_2,9012,blur,self,145,cph:370,cph:333,15.680000,36.1773
cph_query_-4KruxIYZ3a3GYE0tOKn2w,transfer_3,9012,blur,self,303,cph:370,cph:333,15.679998,36.1773
london_query_-9KgeyegI3TaGMqglsDENg,isotropic,1234,blur,self,2,manila:106,london:111,15.680000,36.1773
london_query_-9KgeyegI3TaGMqglsDENg,white_box,1234,blur,self,72,london:34,london:111,15.679998,36.1773
london_query_-9KgeyegI3TaGMqglsDENg,transfer_1,1234,blur,self,1,london:111,london:111,15.680000,36.1773
london_query_-9KgeyegI3TaGMqglsDENg,transfer_2,1234,blur,self,6,manila:106,london:111,15.679998,36.1773
london_query_-9KgeyegI3TaGMqglsDENg,transfer_3,1234,blur,self,74,nairobi:4,london:111,15.679997,36.1773
london_query_-9KgeyegI3TaGMqglsDENg,isotropic,5678,blur,self,2,manila:106,london:111,15.679998,36.1773
london_query_-9KgeyegI3TaGMqglsDENg,white_box,5678,blur,self,464,manila:190,london:111,15.679997,36.1773
london_query_-9KgeyegI3TaGMqglsDENg,transfer_1,5678,blur,self,1,london:111,london:111,15.680000,36.1773
london_query_-9KgeyegI3TaGMqglsDENg,transfer_2,5678,blur,self,3,cph:345,london:111,15.680000,36.1773
london_query_-9KgeyegI3TaGMqglsDENg,transfer_3,5678,blur,self,39,boston:239,london:111,15.680001,36.1773
london_query_-9KgeyegI3TaGMqglsDENg,isotropic,9012,blur,self,2,manila:106,london:111,15.680000,36.1773
london_query_-9KgeyegI3TaGMqglsDENg,white_box,9012,blur,self,145,manila:190,london:111,15.679998,36.1773
london_query_-9KgeyegI3TaGMqglsDENg,transfer_1,9012,blur,self,1,london:111,london:111,15.680000,36.1773
london_query_-9KgeyegI3TaGMqglsDENg,transfer_2,9012,blur,self,4,boston:123,london:111,15.680002,36.1773
london_query_-9KgeyegI3TaGMqglsDENg,transfer_3,9012,blur,self,18,boston:239,london:111,15.679997,36.1773
manila_query_-7YHsOWBiYFmYcRzIM0ijg,isotropic,1234,blur,self,1,manila:92,manila:92,15.679997,36.1773
manila_query_-7YHsOWBiYFmYcRzIM0ijg,white_box,1234,blur,self,397,london:28,manila:92,15.680000,36.1773
manila_query_-7YHsOWBiYFmYcRzIM0ijg,transfer_1,1234,blur,self,4,london:111,manila:92,15.680000,36.1773
manila_query_-7YHsOWBiYFmYcRzIM0ijg,transfer_2,1234,blur,self,36,london:111,manila:92,15.680000,36.1773
manila_query_-7YHsOWBiYFmYcRzIM0ijg,transfer_3,1234,blur,self,1,manila:92,manila:92,15.679998,36.1773
manila_query_-7YHsOWBiYFmYcRzIM0ijg,isotropic,5678,blur,self,5,london:78,manila:92,15.679998,36.1773
manila_query_-7YHsOWBiYFmYcRzIM0ijg,white_box,5678,blur,self,529,london:28,manila:92,15.680000,36.1773
manila_query_-7YHsOWBiYFmYcRzIM0ijg,transfer_1,5678,blur,self,7,london:111,manila:92,15.679997,36.1773
manila_query_-7YHsOWBiYFmYcRzIM0ijg,transfer_2,5678,blur,self,6,london:111,manila:92,15.680000,36.1773
manila_query_-7YHsOWBiYFmYcRzIM0ijg,transfer_3,5678,blur,self,1,manila:92,manila:92,15.680000,36.1773
manila_query_-7YHsOWBiYFmYcRzIM0ijg,isotropic,9012,blur,self,5,boston:79,manila:92,15.679998,36.1773
manila_query_-7YHsOWBiYFmYcRzIM0ijg,white_box,9012,blur,self,867,london:28,manila:92,15.679998,36.1773
manila_query_-7YHsOWBiYFmYcRzIM0ijg,transfer_1,9012,blur,self,18,london:111,manila:92,15.679997,36.1773
manila_query_-7YHsOWBiYFmYcRzIM0ijg,transfer_2,9012,blur,self,2,london:111,manila:92,15.680000,36.1773
manila_query_-7YHsOWBiYFmYcRzIM0ijg,transfer_3,9012,blur,self,6,manila:87,manila:92,15.680000,36.1773
nairobi_query_09aysNUjwNAPHsHo-R-IdA,isotropic,1234,blur,self,5,amman:32,nairobi:21,15.680000,36.1773
nairobi_query_09aysNUjwNAPHsHo-R-IdA,white_box,1234,blur,self,764,manila:29,nairobi:21,15.679997,36.1773
nairobi_query_09aysNUjwNAPHsHo-R-IdA,transfer_1,1234,blur,self,1,nairobi:21,nairobi:21,15.680000,36.1773
nairobi_query_09aysNUjwNAPHsHo-R-IdA,transfer_2,1234,blur,self,7,boston:123,nairobi:21,15.679997,36.1773
nairobi_query_09aysNUjwNAPHsHo-R-IdA,transfer_3,1234,blur,self,3,boston:123,nairobi:21,15.679997,36.1773
nairobi_query_09aysNUjwNAPHsHo-R-IdA,isotropic,5678,blur,self,5,boston:123,nairobi:21,15.680000,36.1773
nairobi_query_09aysNUjwNAPHsHo-R-IdA,white_box,5678,blur,self,820,manila:106,nairobi:21,15.679997,36.1773
nairobi_query_09aysNUjwNAPHsHo-R-IdA,transfer_1,5678,blur,self,2,boston:123,nairobi:21,15.680001,36.1773
nairobi_query_09aysNUjwNAPHsHo-R-IdA,transfer_2,5678,blur,self,6,boston:123,nairobi:21,15.680001,36.1773
nairobi_query_09aysNUjwNAPHsHo-R-IdA,transfer_3,5678,blur,self,2,boston:123,nairobi:21,15.679998,36.1773
nairobi_query_09aysNUjwNAPHsHo-R-IdA,isotropic,9012,blur,self,4,nairobi:22,nairobi:21,15.680000,36.1773
nairobi_query_09aysNUjwNAPHsHo-R-IdA,white_box,9012,blur,self,661,london:125,nairobi:21,15.680000,36.1773
nairobi_query_09aysNUjwNAPHsHo-R-IdA,transfer_1,9012,blur,self,2,boston:123,nairobi:21,15.679998,36.1773
nairobi_query_09aysNUjwNAPHsHo-R-IdA,transfer_2,9012,blur,self,11,boston:123,nairobi:21,15.679998,36.1773
nairobi_query_09aysNUjwNAPHsHo-R-IdA,transfer_3,9012,blur,self,7,boston:123,nairobi:21,15.679997,36.1773
toronto_query_-68JeZKxV2XoP0N_6780Og,isotropic,1234,blur,self,2,toronto:244,toronto:55,15.680000,36.1773
toronto_query_-68JeZKxV2XoP0N_6780Og,white_box,1234,blur,self,59,london:125,toronto:55,15.679997,36.1773
toronto_query_-68JeZKxV2XoP0N_6780Og,transfer_1,1234,blur,self,8,toronto:251,toronto:55,15.679998,36.1773
toronto_query_-68JeZKxV2XoP0N_6780Og,transfer_2,1234,blur,self,2,toronto:251,toronto:55,15.679997,36.1773
toronto_query_-68JeZKxV2XoP0N_6780Og,transfer_3,1234,blur,self,1,toronto:55,toronto:55,15.680000,36.1773
toronto_query_-68JeZKxV2XoP0N_6780Og,isotropic,5678,blur,self,3,toronto:244,toronto:55,15.679997,36.1773
toronto_query_-68JeZKxV2XoP0N_6780Og,white_box,5678,blur,self,77,boston:216,toronto:55,15.680000,36.1773
toronto_query_-68JeZKxV2XoP0N_6780Og,transfer_1,5678,blur,self,4,toronto:244,toronto:55,15.680000,36.1773
toronto_query_-68JeZKxV2XoP0N_6780Og,transfer_2,5678,blur,self,1,toronto:55,toronto:55,15.680000,36.1773
toronto_query_-68JeZKxV2XoP0N_6780Og,transfer_3,5678,blur,self,6,boston:234,toronto:55,15.680000,36.1773
toronto_query_-68JeZKxV2XoP0N_6780Og,isotropic,9012,blur,self,2,toronto:244,toronto:55,15.680000,36.1773
toronto_query_-68JeZKxV2XoP0N_6780Og,white_box,9012,blur,self,2,manila:143,toronto:55,15.679998,36.1773
toronto_query_-68JeZKxV2XoP0N_6780Og,transfer_1,9012,blur,self,9,manila:87,toronto:55,15.679998,36.1773
toronto_query_-68JeZKxV2XoP0N_6780Og,transfer_2,9012,blur,self,6,toronto:244,toronto:55,15.679997,36.1773
toronto_query_-68JeZKxV2XoP0N_6780Og,transfer_3,9012,blur,self,1,toronto:55,toronto:55,15.679998,36.1773
zurich_query_-E0qyEWY7jSPMOpGqiEG-A,isotropic,1234,blur,self,10,toronto:251,zurich:7,15.680001,36.1773
zurich_query_-E0qyEWY7jSPMOpGqiEG-A,white_box,1234,blur,self,431,boston:168,zurich:7,15.679998,36.1773
zurich_query_-E0qyEWY7jSPMOpGqiEG-A,transfer_1,1234,blur,self,11,manila:87,zurich:7,15.679997,36.1773
zurich_query_-E0qyEWY7jSPMOpGqiEG-A,transfer_2,1234,blur,self,26,london:121,zurich:7,15.679998,36.1773
zurich_query_-E0qyEWY7jSPMOpGqiEG-A,transfer_3,1234,blur,self,36,manila:87,zurich:7,15.680000,36.1773
zurich_query_-E0qyEWY7jSPMOpGqiEG-A,isotropic,5678,blur,self,7,toronto:251,zurich:7,15.679997,36.1773
zurich_query_-E0qyEWY7jSPMOpGqiEG-A,white_box,5678,blur,self,76,boston:168,zurich:7,15.679997,36.1773
zurich_query_-E0qyEWY7jSPMOpGqiEG-A,transfer_1,5678,blur,self,8,london:121,zurich:7,15.680000,36.1773
zurich_query_-E0qyEWY7jSPMOpGqiEG-A,transfer_2,5678,blur,self,13,london:121,zurich:7,15.680001,36.1773
zurich_query_-E0qyEWY7jSPMOpGqiEG-A,transfer_3,5678,blur,self,13,manila:87,zurich:7,15.679997,36.1773
zurich_query_-E0qyEWY7jSPMOpGqiEG-A,isotropic,9012,blur,self,9,toronto:251,zurich:7,15.680000,36.1773
zurich_query_-E0qyEWY7jSPMOpGqiEG-A,white_box,9012,blur,self,609,boston:168,zurich:7,15.680000,36.1773
zurich_query_-E0qyEWY7jSPMOpGqiEG-A,transfer_1,9012,blur,self,7,london:121,zurich:7,15.680000,36.1773
zurich_query_-E0qyEWY7jSPMOpGqiEG-A,transfer_2,9012,blur,self,11,manila:87,zurich:7,15.680000,36.1773
zurich_query_-E0qyEWY7jSPMOpGqiEG-A,transfer_3,9012,blur,self,147,manila:87,zurich:7,15.679997,36.1773
amman_query_-XWB_1fOm8NW5dQx9p5IKg,isotropic,1234,blur,self,959,amman:30,amman:35,15.679998,36.1773
amman_query_-XWB_1fOm8NW5dQx9p5IKg,white_box,1234,blur,self,546,manila:92,amman:35,15.680000,36.1773
amman_query_-XWB_1fOm8NW5dQx9p5IKg,transfer_1,1234,blur,self,749,amman:30,amman:35,15.679998,36.1773
amman_query_-XWB_1fOm8NW5dQx9p5IKg,transfer_2,1234,blur,self,830,amman:30,amman:35,15.680000,36.1773
amman_query_-XWB_1fOm8NW5dQx9p5IKg,transfer_3,1234,blur,self,686,amman:30,amman:35,15.679998,36.1773
amman_query_-XWB_1fOm8NW5dQx9p5IKg,isotropic,5678,blur,self,961,amman:30,amman:35,15.680000,36.1773
amman_query_-XWB_1fOm8NW5dQx9p5IKg,white_box,5678,blur,self,1114,london:125,amman:35,15.680001,36.1773
amman_query_-XWB_1fOm8NW5dQx9p5IKg,transfer_1,5678,blur,self,657,amman:30,amman:35,15.680000,36.1773
amman_query_-XWB_1fOm8NW5dQx9p5IKg,transfer_2,5678,blur,self,838,amman:30,amman:35,15.679997,36.1773
amman_query_-XWB_1fOm8NW5dQx9p5IKg,transfer_3,5678,blur,self,903,amman:30,amman:35,15.680000,36.1773
amman_query_-XWB_1fOm8NW5dQx9p5IKg,isotropic,9012,blur,self,1002,amman:30,amman:35,15.679997,36.1773
amman_query_-XWB_1fOm8NW5dQx9p5IKg,white_box,9012,blur,self,641,manila:92,amman:35,15.680002,36.1773
amman_query_-XWB_1fOm8NW5dQx9p5IKg,transfer_1,9012,blur,self,692,amman:30,amman:35,15.680000,36.1773
amman_query_-XWB_1fOm8NW5dQx9p5IKg,transfer_2,9012,blur,self,717,amman:30,amman:35,15.679996,36.1773
amman_query_-XWB_1fOm8NW5dQx9p5IKg,transfer_3,9012,blur,self,498,amman:30,amman:35,15.680000,36.1773
boston_query_-9Lur-PAHqcMspWszAgfqw,isotropic,1234,blur,self,8,zurich:13,boston:249,15.679998,36.1773
boston_query_-9Lur-PAHqcMspWszAgfqw,white_box,1234,blur,self,76,manila:72,boston:249,15.679997,36.1773
boston_query_-9Lur-PAHqcMspWszAgfqw,transfer_1,1234,blur,self,14,zurich:42,boston:249,15.679998,36.1773
boston_query_-9Lur-PAHqcMspWszAgfqw,transfer_2,1234,blur,self,3,zurich:42,boston:249,15.680000,36.1773
boston_query_-9Lur-PAHqcMspWszAgfqw,transfer_3,1234,blur,self,4,zurich:42,boston:249,15.679997,36.1773
boston_query_-9Lur-PAHqcMspWszAgfqw,isotropic,5678,blur,self,9,zurich:42,boston:249,15.680000,36.1773
boston_query_-9Lur-PAHqcMspWszAgfqw,white_box,5678,blur,self,67,london:28,boston:249,15.679997,36.1773
boston_query_-9Lur-PAHqcMspWszAgfqw,transfer_1,5678,blur,self,3,zurich:42,boston:249,15.680000,36.1773
boston_query_-9Lur-PAHqcMspWszAgfqw,transfer_2,5678,blur,self,2,cph:208,boston:249,15.680000,36.1773
boston_query_-9Lur-PAHqcMspWszAgfqw,transfer_3,5678,blur,self,17,zurich:42,boston:249,15.680000,36.1773
boston_query_-9Lur-PAHqcMspWszAgfqw,isotropic,9012,blur,self,8,zurich:42,boston:249,15.679996,36.1773
boston_query_-9Lur-PAHqcMspWszAgfqw,white_box,9012,blur,self,117,london:28,boston:249,15.680000,36.1773
boston_query_-9Lur-PAHqcMspWszAgfqw,transfer_1,9012,blur,self,5,boston:206,boston:249,15.679998,36.1773
boston_query_-9Lur-PAHqcMspWszAgfqw,transfer_2,9012,blur,self,3,zurich:42,boston:249,15.680001,36.1773
boston_query_-9Lur-PAHqcMspWszAgfqw,transfer_3,9012,blur,self,13,zurich:42,boston:249,15.679998,36.1773
cph_query_-4RqBOkDhigU8JsdQZINkQ,isotropic,1234,blur,self,2,cph:96,cph:94,15.680002,36.1773
cph_query_-4RqBOkDhigU8JsdQZINkQ,white_box,1234,blur,self,193,london:34,cph:94,15.680000,36.1773
cph_query_-4RqBOkDhigU8JsdQZINkQ,transfer_1,1234,blur,self,84,cph:96,cph:94,15.680000,36.1773
cph_query_-4RqBOkDhigU8JsdQZINkQ,transfer_2,1234,blur,self,13,cph:96,cph:94,15.679997,36.1773
cph_query_-4RqBOkDhigU8JsdQZINkQ,transfer_3,1234,blur,self,64,cph:96,cph:94,15.679997,36.1773
cph_query_-4RqBOkDhigU8JsdQZINkQ,isotropic,5678,blur,self,2,cph:96,cph:94,15.680002,36.1773
cph_query_-4RqBOkDhigU8JsdQZINkQ,white_box,5678,blur,self,1874,boston:168,cph:94,15.680000,36.1773
cph_query_-4RqBOkDhigU8JsdQZINkQ,transfer_1,5678,blur,self,23,cph:96,cph:94,15.680000,36.1773
cph_query_-4RqBOkDhigU8JsdQZINkQ,transfer_2,5678,blur,self,3,cph:96,cph:94,15.679998,36.1773
cph_query_-4RqBOkDhigU8JsdQZINkQ,transfer_3,5678,blur,self,37,cph:96,cph:94,15.680000,36.1773
cph_query_-4RqBOkDhigU8JsdQZINkQ,isotropic,9012,blur,self,3,cph:96,cph:94,15.679995,36.1773
cph_query_-4RqBOkDhigU8JsdQZINkQ,white_box,9012,blur,self,1655,manila:41,cph:94,15.680000,36.1773
cph_query_-4RqBOkDhigU8JsdQZINkQ,transfer_1,9012,blur,self,56,cph:96,cph:94,15.679998,36.1773
cph_query_-4RqBOkDhigU8JsdQZINkQ,transfer_2,9012,blur,self,26,cph:96,cph:94,15.680000,36.1773
cph_query_-4RqBOkDhigU8JsdQZINkQ,transfer_3,9012,blur,self,233,cph:254,cph:94,15.679997,36.1773
london_query_-FGaYVNFN5ALUsVDNixL_g,isotropic,1234,blur,self,3,toronto:197,london:122,15.680000,36.1773
london_query_-FGaYVNFN5ALUsVDNixL_g,white_box,1234,blur,self,381,manila:106,london:122,15.679997,36.1773
london_query_-FGaYVNFN5ALUsVDNixL_g,transfer_1,1234,blur,self,9,toronto:197,london:122,15.680000,36.1773
london_query_-FGaYVNFN5ALUsVDNixL_g,transfer_2,1234,blur,self,11,boston:144,london:122,15.679997,36.1773
london_query_-FGaYVNFN5ALUsVDNixL_g,transfer_3,1234,blur,self,17,manila:72,london:122,15.679997,36.1773
london_query_-FGaYVNFN5ALUsVDNixL_g,isotropic,5678,blur,self,2,toronto:197,london:122,15.680000,36.1773
london_query_-FGaYVNFN5ALUsVDNixL_g,white_box,5678,blur,self,404,london:34,london:122,15.679998,36.1773
london_query_-FGaYVNFN5ALUsVDNixL_g,transfer_1,5678,blur,self,10,toronto:23,london:122,15.679997,36.1773
london_query_-FGaYVNFN5ALUsVDNixL_g,transfer_2,5678,blur,self,7,toronto:23,london:122,15.680000,36.1773
london_query_-FGaYVNFN5ALUsVDNixL_g,transfer_3,5678,blur,self,26,boston:144,london:122,15.679997,36.1773
london_query_-FGaYVNFN5ALUsVDNixL_g,isotropic,9012,blur,self,2,toronto:197,london:122,15.680000,36.1773
london_query_-FGaYVNFN5ALUsVDNixL_g,white_box,9012,blur,self,331,manila:23,london:122,15.679997,36.1773
london_query_-FGaYVNFN5ALUsVDNixL_g,transfer_1,9012,blur,self,9,toronto:23,london:122,15.679997,36.1773
london_query_-FGaYVNFN5ALUsVDNixL_g,transfer_2,9012,blur,self,6,manila:153,london:122,15.679997,36.1773
london_query_-FGaYVNFN5ALUsVDNixL_g,transfer_3,9012,blur,self,8,manila:102,london:122,15.679998,36.1773
manila_query_-81llwEm_ZxNy7Sa7Xrjlw,isotropic,1234,blur,self,13,cph:297,manila:53,15.679997,36.1773
manila_query_-81llwEm_ZxNy7Sa7Xrjlw,white_box,1234,blur,self,251,london:34,manila:53,15.679998,36.1773
manila_query_-81llwEm_ZxNy7Sa7Xrjlw,transfer_1,1234,blur,self,40,cph:162,manila:53,15.680000,36.1773
manila_query_-81llwEm_ZxNy7Sa7Xrjlw,transfer_2,1234,blur,self,20,manila:33,manila:53,15.679997,36.1773
manila_query_-81llwEm_ZxNy7Sa7Xrjlw,transfer_3,1234,blur,self,1,manila:53,manila:53,15.680000,36.1773
manila_query_-81llwEm_ZxNy7Sa7Xrjlw,isotropic,5678,blur,self,11,cph:297,manila:53,15.679996,36.1773
manila_query_-81llwEm_ZxNy7Sa7Xrjlw,white_box,5678,blur,self,585,london:34,manila:53,15.680001,36.1773
manila_query_-81llwEm_ZxNy7Sa7Xrjlw,transfer_1,5678,blur,self,15,zurich:48,manila:53,15.680000,36.1773
manila_query_-81llwEm_ZxNy7Sa7Xrjlw,transfer_2,5678,blur,self,35,zurich:27,manila:53,15.679998,36.1773
manila_query_-81llwEm_ZxNy7Sa7Xrjlw,transfer_3,5678,blur,self,13,manila:33,manila:53,15.680000,36.1773
manila_query_-81llwEm_ZxNy7Sa7Xrjlw,isotropic,9012,blur,self,6,cph:297,manila:53,15.680000,36.1773
manila_query_-81llwEm_ZxNy7Sa7Xrjlw,white_box,9012,blur,self,631,manila:51,manila:53,15.679998,36.1773
manila_query_-81llwEm_ZxNy7Sa7Xrjlw,transfer_1,9012,blur,self,15,zurich:48,manila:53,15.679998,36.1773
manila_query_-81llwEm_ZxNy7Sa7Xrjlw,transfer_2,9012,blur,self,55,zurich:98,manila:53,15.679998,36.1773
manila_query_-81llwEm_ZxNy7Sa7Xrjlw,transfer_3,9012,blur,self,11,cph:332,manila:53,15.680000,36.1773
nairobi_query_0ByAmUG6wFySvLcHHQ0Sdg,isotropic,1234,blur,self,66,toronto:200,nairobi:10,15.680001,36.1773
nairobi_query_0ByAmUG6wFySvLcHHQ0Sdg,white_box,1234,blur,self,3,boston:123,nairobi:10,15.680000,36.1773
nairobi_query_0ByAmUG6wFySvLcHHQ0Sdg,transfer_1,1234,blur,self,44,boston:210,nairobi:10,15.680000,36.1773
nairobi_query_0ByAmUG6wFySvLcHHQ0Sdg,transfer_2,1234,blur,self,74,boston:144,nairobi:10,15.679997,36.1773
nairobi_query_0ByAmUG6wFySvLcHHQ0Sdg,transfer_3,1234,blur,self,73,zurich:42,nairobi:10,15.679996,36.1773
nairobi_query_0ByAmUG6wFySvLcHHQ0Sdg,isotropic,5678,blur,self,62,toronto:200,nairobi:10,15.680000,36.1773
nairobi_query_0ByAmUG6wFySvLcHHQ0Sdg,white_box,5678,blur,self,1,nairobi:10,nairobi:10,15.679997,36.1773
nairobi_query_0ByAmUG6wFySvLcHHQ0Sdg,transfer_1,5678,blur,self,47,boston:210,nairobi:10,15.679998,36.1773
nairobi_query_0ByAmUG6wFySvLcHHQ0Sdg,transfer_2,5678,blur,self,32,boston:144,nairobi:10,15.680000,36.1773
nairobi_query_0ByAmUG6wFySvLcHHQ0Sdg,transfer_3,5678,blur,self,71,zurich:42,nairobi:10,15.680000,36.1773
nairobi_query_0ByAmUG6wFySvLcHHQ0Sdg,isotropic,9012,blur,self,83,toronto:200,nairobi:10,15.680000,36.1773
nairobi_query_0ByAmUG6wFySvLcHHQ0Sdg,white_box,9012,blur,self,1,nairobi:10,nairobi:10,15.679997,36.1773
nairobi_query_0ByAmUG6wFySvLcHHQ0Sdg,transfer_1,9012,blur,self,58,zurich:42,nairobi:10,15.680000,36.1773
nairobi_query_0ByAmUG6wFySvLcHHQ0Sdg,transfer_2,9012,blur,self,61,boston:210,nairobi:10,15.680000,36.1773
nairobi_query_0ByAmUG6wFySvLcHHQ0Sdg,transfer_3,9012,blur,self,31,cph:345,nairobi:10,15.679997,36.1773
toronto_query_-6ZIqrL48IaL1dCCO7bDVQ,isotropic,1234,blur,self,1,toronto:351,toronto:351,15.679998,36.1773
toronto_query_-6ZIqrL48IaL1dCCO7bDVQ,white_box,1234,blur,self,851,nairobi:5,toronto:351,15.680000,36.1773
toronto_query_-6ZIqrL48IaL1dCCO7bDVQ,transfer_1,1234,blur,self,1,toronto:351,toronto:351,15.680001,36.1773
toronto_query_-6ZIqrL48IaL1dCCO7bDVQ,transfer_2,1234,blur,self,1,toronto:351,toronto:351,15.679997,36.1773
toronto_query_-6ZIqrL48IaL1dCCO7bDVQ,transfer_3,1234,blur,self,1,toronto:351,toronto:351,15.679998,36.1773
toronto_query_-6ZIqrL48IaL1dCCO7bDVQ,isotropic,5678,blur,self,1,toronto:351,toronto:351,15.680000,36.1773
toronto_query_-6ZIqrL48IaL1dCCO7bDVQ,white_box,5678,blur,self,223,amman:29,toronto:351,15.679998,36.1773
toronto_query_-6ZIqrL48IaL1dCCO7bDVQ,transfer_1,5678,blur,self,1,toronto:351,toronto:351,15.679997,36.1773
toronto_query_-6ZIqrL48IaL1dCCO7bDVQ,transfer_2,5678,blur,self,1,toronto:351,toronto:351,15.680000,36.1773
toronto_query_-6ZIqrL48IaL1dCCO7bDVQ,transfer_3,5678,blur,self,1,toronto:351,toronto:351,15.680000,36.1773
toronto_query_-6ZIqrL48IaL1dCCO7bDVQ,isotropic,9012,blur,self,1,toronto:351,toronto:351,15.680000,36.1773
toronto_query_-6ZIqrL48IaL1dCCO7bDVQ,white_box,9012,blur,self,171,cph:245,toronto:351,15.680000,36.1773
toronto_query_-6ZIqrL48IaL1dCCO7bDVQ,transfer_1,9012,blur,self,1,toronto:351,toronto:351,15.679998,36.1773
toronto_query_-6ZIqrL48IaL1dCCO7bDVQ,transfer_2,9012,blur,self,1,toronto:351,toronto:351,15.680001,36.1773
toronto_query_-6ZIqrL48IaL1dCCO7bDVQ,transfer_3,9012,blur,self,1,toronto:351,toronto:351,15.679998,36.1773
zurich_query_-F7hOUVha_xHAoDddsUYdw,isotropic,1234,blur,self,1545,toronto:85,zurich:99,15.679997,36.1773
zurich_query_-F7hOUVha_xHAoDddsUYdw,white_box,1234,blur,self,925,london:125,zurich:99,15.680000,36.1773
zurich_query_-F7hOUVha_xHAoDddsUYdw,transfer_1,1234,blur,self,1426,toronto:85,zurich:99,15.679998,36.1773
zurich_query_-F7hOUVha_xHAoDddsUYdw,transfer_2,1234,blur,self,1323,toronto:85,zurich:99,15.680000,36.1773
zurich_query_-F7hOUVha_xHAoDddsUYdw,transfer_3,1234,blur,self,1184,zurich:19,zurich:99,15.679997,36.1773
zurich_query_-F7hOUVha_xHAoDddsUYdw,isotropic,5678,blur,self,1542,toronto:85,zurich:99,15.680000,36.1773
zurich_query_-F7hOUVha_xHAoDddsUYdw,white_box,5678,blur,self,1240,london:125,zurich:99,15.680000,36.1773
zurich_query_-F7hOUVha_xHAoDddsUYdw,transfer_1,5678,blur,self,1416,toronto:85,zurich:99,15.680001,36.1773
zurich_query_-F7hOUVha_xHAoDddsUYdw,transfer_2,5678,blur,self,1347,boston:79,zurich:99,15.680000,36.1773
zurich_query_-F7hOUVha_xHAoDddsUYdw,transfer_3,5678,blur,self,1400,boston:90,zurich:99,15.679997,36.1773
zurich_query_-F7hOUVha_xHAoDddsUYdw,isotropic,9012,blur,self,1556,toronto:85,zurich:99,15.679996,36.1773
zurich_query_-F7hOUVha_xHAoDddsUYdw,white_box,9012,blur,self,621,london:125,zurich:99,15.679998,36.1773
zurich_query_-F7hOUVha_xHAoDddsUYdw,transfer_1,9012,blur,self,1368,toronto:85,zurich:99,15.680000,36.1773
zurich_query_-F7hOUVha_xHAoDddsUYdw,transfer_2,9012,blur,self,1608,zurich:23,zurich:99,15.679997,36.1773
zurich_query_-F7hOUVha_xHAoDddsUYdw,transfer_3,9012,blur,self,1309,boston:90,zurich:99,15.679997,36.1773
amman_query_-iXxlTRmA5JphamcIjxBbA,isotropic,1234,blur,self,44,amman:25,amman:11,15.680000,36.1773
amman_query_-iXxlTRmA5JphamcIjxBbA,white_box,1234,blur,self,129,amman:26,amman:11,15.680000,36.1773
amman_query_-iXxlTRmA5JphamcIjxBbA,transfer_1,1234,blur,self,65,amman:25,amman:11,15.680002,36.1773
amman_query_-iXxlTRmA5JphamcIjxBbA,transfer_2,1234,blur,self,84,amman:6,amman:11,15.680000,36.1773
amman_query_-iXxlTRmA5JphamcIjxBbA,transfer_3,1234,blur,self,34,amman:25,amman:11,15.679997,36.1773
amman_query_-iXxlTRmA5JphamcIjxBbA,isotropic,5678,blur,self,58,amman:6,amman:11,15.679998,36.1773
amman_query_-iXxlTRmA5JphamcIjxBbA,white_box,5678,blur,self,190,manila:106,amman:11,15.679998,36.1773
amman_query_-iXxlTRmA5JphamcIjxBbA,transfer_1,5678,blur,self,110,amman:6,amman:11,15.679998,36.1773
amman_query_-iXxlTRmA5JphamcIjxBbA,transfer_2,5678,blur,self,81,amman:6,amman:11,15.680000,36.1773
amman_query_-iXxlTRmA5JphamcIjxBbA,transfer_3,5678,blur,self,52,amman:6,amman:11,15.679998,36.1773
amman_query_-iXxlTRmA5JphamcIjxBbA,isotropic,9012,blur,self,55,amman:25,amman:11,15.680000,36.1773
amman_query_-iXxlTRmA5JphamcIjxBbA,white_box,9012,blur,self,269,toronto:207,amman:11,15.679997,36.1773
amman_query_-iXxlTRmA5JphamcIjxBbA,transfer_1,9012,blur,self,67,amman:6,amman:11,15.680000,36.1773
amman_query_-iXxlTRmA5JphamcIjxBbA,transfer_2,9012,blur,self,170,amman:0,amman:11,15.680000,36.1773
amman_query_-iXxlTRmA5JphamcIjxBbA,transfer_3,9012,blur,self,48,zurich:19,amman:11,15.679997,36.1773
boston_query_-9gbUk-DmX9AOqntuN1nEm,isotropic,1234,blur,self,89,amman:32,boston:168,15.679995,36.1773
boston_query_-9gbUk-DmX9AOqntuN1nEm,white_box,1234,blur,self,33,manila:87,boston:168,15.679997,36.1773
boston_query_-9gbUk-DmX9AOqntuN1nEm,transfer_1,1234,blur,self,99,amman:32,boston:168,15.679997,36.1773
boston_query_-9gbUk-DmX9AOqntuN1nEm,transfer_2,1234,blur,self,136,boston:123,boston:168,15.679997,36.1773
boston_query_-9gbUk-DmX9AOqntuN1nEm,transfer_3,1234,blur,self,188,amman:32,boston:168,15.680001,36.1773
boston_query_-9gbUk-DmX9AOqntuN1nEm,isotropic,5678,blur,self,76,amman:32,boston:168,15.680000,36.1773
boston_query_-9gbUk-DmX9AOqntuN1nEm,white_box,5678,blur,self,103,london:34,boston:168,15.680000,36.1773
boston_query_-9gbUk-DmX9AOqntuN1nEm,transfer_1,5678,blur,self,60,amman:32,boston:168,15.680000,36.1773
boston_query_-9gbUk-DmX9AOqntuN1nEm,transfer_2,5678,blur,self,83,amman:32,boston:168,15.680000,36.1773
boston_query_-9gbUk-DmX9AOqntuN1nEm,transfer_3,5678,blur,self,82,boston:191,boston:168,15.680000,36.1773
boston_query_-9gbUk-DmX9AOqntuN1nEm,isotropic,9012,blur,self,88,amman:32,boston:168,15.679997,36.1773
boston_query_-9gbUk-DmX9AOqntuN1nEm,white_box,9012,blur,self,29,london:121,boston:168,15.679997,36.1773
boston_query_-9gbUk-DmX9AOqntuN1nEm,transfer_1,9012,blur,self,71,amman:32,boston:168,15.680000,36.1773
boston_query_-9gbUk-DmX9AOqntuN1nEm,transfer_2,9012,blur,self,88,boston:191,boston:168,15.679997,36.1773
boston_query_-9gbUk-DmX9AOqntuN1nEm,transfer_3,9012,blur,self,57,cph:243,boston:168,15.680000,36.1773
cph_query_-4XnD9qE623teR-nRYxB5A,isotropic,1234,blur,self,1,cph:190,cph:190,15.680000,36.1773
cph_query_-4XnD9qE623teR-nRYxB5A,white_box,1234,blur,self,84,manila:106,cph:190,15.680000,36.1773
cph_query_-4XnD9qE623teR-nRYxB5A,transfer_1,1234,blur,self,1,cph:190,cph:190,15.680000,36.1773
cph_query_-4XnD9qE623teR-nRYxB5A,transfer_2,1234,blur,self,1,cph:190,cph:190,15.679997,36.1773
cph_query_-4XnD9qE623teR-nRYxB5A,transfer_3,1234,blur,self,1,cph:190,cph:190,15.680000,36.1773
cph_query_-4XnD9qE623teR-nRYxB5A,isotropic,5678,blur,self,1,cph:190,cph:190,15.679998,36.1773
cph_query_-4XnD9qE623teR-nRYxB5A,white_box,5678,blur,self,104,london:34,cph:190,15.680000,36.1773
cph_query_-4XnD9qE623teR-nRYxB5A,transfer_1,5678,blur,self,1,cph:190,cph:190,15.680002,36.1773
cph_query_-4XnD9qE623teR-nRYxB5A,transfer_2,5678,blur,self,1,cph:190,cph:190,15.680000,36.1773
cph_query_-4XnD9qE623teR-nRYxB5A,transfer_3,5678,blur,self,1,cph:190,cph:190,15.680002,36.1773
cph_query_-4XnD9qE623teR-nRYxB5A,isotropic,9012,blur,self,1,cph:190,cph:190,15.679996,36.1773
cph_query_-4XnD9qE623teR-nRYxB5A,white_box,9012,blur,self,104,manila:29,cph:190,15.680000,36.1773
cph_query_-4XnD9qE623teR-nRYxB5A,transfer_1,9012,blur,self,1,cph:190,cph:190,15.679997,36.1773
cph_query_-4XnD9qE623teR-nRYxB5A,transfer_2,9012,blur,self,1,cph:190,cph:190,15.680000,36.1773
cph_query_-4XnD9qE623teR-nRYxB5A,transfer_3,9012,blur,self,1,cph:190,cph:190,15.679997,36.1773
london_query_-Flts9XBA2wVlru8_LHbkg,isotropic,1234,blur,self,1172,boston:90,london:111,15.679998,36.1773
london_query_-Flts9XBA2wVlru8_LHbkg,white_box,1234,blur,self,20,manila:29,london:111,15.679997,36.1773
london_query_-Flts9XBA2wVlru8_LHbkg,transfer_1,1234,blur,self,974,nairobi:3,london:111,15.680000,36.1773
london_query_-Flts9XBA2wVlru8_LHbkg,transfer_2,1234,blur,self,925,nairobi:9,london:111,15.680000,36.1773
london_query_-Flts9XBA2wVlru8_LHbkg,transfer_3,1234,blur,self,644,nairobi:3,london:111,15.680000,36.1773
london_query_-Flts9XBA2wVlru8_LHbkg,isotropic,5678,blur,self,1278,boston:90,london:111,15.679997,36.1773
london_query_-Flts9XBA2wVlru8_LHbkg,white_box,5678,blur,self,153,manila:190,london:111,15.679998,36.1773
london_query_-Flts9XBA2wVlru8_LHbkg,transfer_1,5678,blur,self,1259,nairobi:3,london:111,15.679998,36.1773
london_query_-Flts9XBA2wVlru8_LHbkg,transfer_2,5678,blur,self,818,cph:356,london:111,15.680000,36.1773
london_query_-Flts9XBA2wVlru8_LHbkg,transfer_3,5678,blur,self,939,cph:96,london:111,15.679997,36.1773
london_query_-Flts9XBA2wVlru8_LHbkg,isotropic,9012,blur,self,1323,nairobi:3,london:111,15.680001,36.1773
london_query_-Flts9XBA2wVlru8_LHbkg,white_box,9012,blur,self,4,manila:106,london:111,15.679997,36.1773
london_query_-Flts9XBA2wVlru8_LHbkg,transfer_1,9012,blur,self,942,nairobi:3,london:111,15.679998,36.1773
london_query_-Flts9XBA2wVlru8_LHbkg,transfer_2,9012,blur,self,529,nairobi:3,london:111,15.679997,36.1773
london_query_-Flts9XBA2wVlru8_LHbkg,transfer_3,9012,blur,self,1101,cph:96,london:111,15.680000,36.1773
manila_query_-85J_HceaTP2S0IavwkQ-A,isotropic,1234,blur,self,611,manila:143,manila:119,15.680000,36.1773
manila_query_-85J_HceaTP2S0IavwkQ-A,white_box,1234,blur,self,676,manila:190,manila:119,15.679997,36.1773
manila_query_-85J_HceaTP2S0IavwkQ-A,transfer_1,1234,blur,self,750,boston:249,manila:119,15.679998,36.1773
manila_query_-85J_HceaTP2S0IavwkQ-A,transfer_2,1234,blur,self,504,manila:190,manila:119,15.680000,36.1773
manila_query_-85J_HceaTP2S0IavwkQ-A,transfer_3,1234,blur,self,606,boston:249,manila:119,15.680001,36.1773
manila_query_-85J_HceaTP2S0IavwkQ-A,isotropic,5678,blur,self,646,manila:143,manila:119,15.679997,36.1773
manila_query_-85J_HceaTP2S0IavwkQ-A,white_box,5678,blur,self,802,london:111,manila:119,15.679997,36.1773
manila_query_-85J_HceaTP2S0IavwkQ-A,transfer_1,5678,blur,self,500,boston:249,manila:119,15.679997,36.1773
manila_query_-85J_HceaTP2S0IavwkQ-A,transfer_2,5678,blur,self,674,boston:249,manila:119,15.679998,36.1773
manila_query_-85J_HceaTP2S0IavwkQ-A,transfer_3,5678,blur,self,471,boston:249,manila:119,15.679997,36.1773
manila_query_-85J_HceaTP2S0IavwkQ-A,isotropic,9012,blur,self,715,boston:249,manila:119,15.679996,36.1773
manila_query_-85J_HceaTP2S0IavwkQ-A,white_box,9012,blur,self,356,london:111,manila:119,15.679997,36.1773
manila_query_-85J_HceaTP2S0IavwkQ-A,transfer_1,9012,blur,self,423,manila:143,manila:119,15.680000,36.1773
manila_query_-85J_HceaTP2S0IavwkQ-A,transfer_2,9012,blur,self,448,boston:249,manila:119,15.679998,36.1773
manila_query_-85J_HceaTP2S0IavwkQ-A,transfer_3,9012,blur,self,760,boston:249,manila:119,15.680001,36.1773
nairobi_query_0LJUobuUEqOqrZc4s2fVgg,isotropic,1234,blur,self,233,cph:243,nairobi:5,15.679998,36.1773
nairobi_query_0LJUobuUEqOqrZc4s2fVgg,white_box,1234,blur,self,595,nairobi:20,nairobi:5,15.679997,36.1773
nairobi_query_0LJUobuUEqOqrZc4s2fVgg,transfer_1,1234,blur,self,255,boston:235,nairobi:5,15.680000,36.1773
nairobi_query_0LJUobuUEqOqrZc4s2fVgg,transfer_2,1234,blur,self,100,boston:235,nairobi:5,15.679997,36.1773
nairobi_query_0LJUobuUEqOqrZc4s2fVgg,transfer_3,1234,blur,self,80,boston:235,nairobi:5,15.680000,36.1773
nairobi_query_0LJUobuUEqOqrZc4s2fVgg,isotropic,5678,blur,self,195,cph:261,nairobi:5,15.680000,36.1773
nairobi_query_0LJUobuUEqOqrZc4s2fVgg,white_box,5678,blur,self,336,manila:29,nairobi:5,15.679998,36.1773
nairobi_query_0LJUobuUEqOqrZc4s2fVgg,transfer_1,5678,blur,self,229,boston:19,nairobi:5,15.680000,36.1773
nairobi_query_0LJUobuUEqOqrZc4s2fVgg,transfer_2,5678,blur,self,145,boston:235,nairobi:5,15.679997,36.1773
nairobi_query_0LJUobuUEqOqrZc4s2fVgg,transfer_3,5678,blur,self,74,boston:235,nairobi:5,15.679997,36.1773
nairobi_query_0LJUobuUEqOqrZc4s2fVgg,isotropic,9012,blur,self,191,boston:47,nairobi:5,15.679998,36.1773
nairobi_query_0LJUobuUEqOqrZc4s2fVgg,white_box,9012,blur,self,229,london:28,nairobi:5,15.680000,36.1773
nairobi_query_0LJUobuUEqOqrZc4s2fVgg,transfer_1,9012,blur,self,163,boston:235,nairobi:5,15.679997,36.1773
nairobi_query_0LJUobuUEqOqrZc4s2fVgg,transfer_2,9012,blur,self,161,boston:235,nairobi:5,15.680000,36.1773
nairobi_query_0LJUobuUEqOqrZc4s2fVgg,transfer_3,9012,blur,self,84,boston:235,nairobi:5,15.679997,36.1773
toronto_query_-7C0G-8afrBbN3hImbBHsA,isotropic,1234,blur,self,261,amman:21,toronto:346,15.680000,36.1773
toronto_query_-7C0G-8afrBbN3hImbBHsA,white_box,1234,blur,self,29,manila:153,toronto:346,15.679996,36.1773
toronto_query_-7C0G-8afrBbN3hImbBHsA,transfer_1,1234,blur,self,29,amman:21,toronto:346,15.680000,36.1773
toronto_query_-7C0G-8afrBbN3hImbBHsA,transfer_2,1234,blur,self,24,amman:21,toronto:346,15.679998,36.1773
toronto_query_-7C0G-8afrBbN3hImbBHsA,transfer_3,1234,blur,self,12,amman:21,toronto:346,15.680000,36.1773
toronto_query_-7C0G-8afrBbN3hImbBHsA,isotropic,5678,blur,self,192,amman:21,toronto:346,15.679998,36.1773
toronto_query_-7C0G-8afrBbN3hImbBHsA,white_box,5678,blur,self,314,manila:190,toronto:346,15.680000,36.1773
toronto_query_-7C0G-8afrBbN3hImbBHsA,transfer_1,5678,blur,self,21,amman:21,toronto:346,15.679997,36.1773
toronto_query_-7C0G-8afrBbN3hImbBHsA,transfer_2,5678,blur,self,22,amman:21,toronto:346,15.680000,36.1773
toronto_query_-7C0G-8afrBbN3hImbBHsA,transfer_3,5678,blur,self,23,amman:21,toronto:346,15.680000,36.1773
toronto_query_-7C0G-8afrBbN3hImbBHsA,isotropic,9012,blur,self,167,amman:21,toronto:346,15.679998,36.1773
toronto_query_-7C0G-8afrBbN3hImbBHsA,white_box,9012,blur,self,680,manila:20,toronto:346,15.680000,36.1773
toronto_query_-7C0G-8afrBbN3hImbBHsA,transfer_1,9012,blur,self,29,amman:21,toronto:346,15.679997,36.1773
toronto_query_-7C0G-8afrBbN3hImbBHsA,transfer_2,9012,blur,self,25,amman:21,toronto:346,15.680000,36.1773
toronto_query_-7C0G-8afrBbN3hImbBHsA,transfer_3,9012,blur,self,16,amman:21,toronto:346,15.679997,36.1773
zurich_query_-Kb55YIF941j2DBFO5gVjA,isotropic,1234,blur,self,2,toronto:351,zurich:111,15.680000,36.1773
zurich_query_-Kb55YIF941j2DBFO5gVjA,white_box,1234,blur,self,616,toronto:103,zurich:111,15.679998,36.1773
zurich_query_-Kb55YIF941j2DBFO5gVjA,transfer_1,1234,blur,self,3,toronto:351,zurich:111,15.679998,36.1773
zurich_query_-Kb55YIF941j2DBFO5gVjA,transfer_2,1234,blur,self,2,toronto:351,zurich:111,15.680000,36.1773
zurich_query_-Kb55YIF941j2DBFO5gVjA,transfer_3,1234,blur,self,28,toronto:351,zurich:111,15.680000,36.1773
zurich_query_-Kb55YIF941j2DBFO5gVjA,isotropic,5678,blur,self,2,cph:279,zurich:111,15.679997,36.1773
zurich_query_-Kb55YIF941j2DBFO5gVjA,white_box,5678,blur,self,752,boston:99,zurich:111,15.679997,36.1773
zurich_query_-Kb55YIF941j2DBFO5gVjA,transfer_1,5678,blur,self,1,zurich:111,zurich:111,15.680000,36.1773
zurich_query_-Kb55YIF941j2DBFO5gVjA,transfer_2,5678,blur,self,3,toronto:351,zurich:111,15.679997,36.1773
zurich_query_-Kb55YIF941j2DBFO5gVjA,transfer_3,5678,blur,self,7,toronto:351,zurich:111,15.679997,36.1773
zurich_query_-Kb55YIF941j2DBFO5gVjA,isotropic,9012,blur,self,2,toronto:351,zurich:111,15.680000,36.1773
zurich_query_-Kb55YIF941j2DBFO5gVjA,white_box,9012,blur,self,886,toronto:265,zurich:111,15.680000,36.1773
zurich_query_-Kb55YIF941j2DBFO5gVjA,transfer_1,9012,blur,self,4,toronto:351,zurich:111,15.679997,36.1773
zurich_query_-Kb55YIF941j2DBFO5gVjA,transfer_2,9012,blur,self,8,toronto:351,zurich:111,15.679998,36.1773
zurich_query_-Kb55YIF941j2DBFO5gVjA,transfer_3,9012,blur,self,13,toronto:351,zurich:111,15.679998,36.1773
amman_query_-qij8CFaEYNp4JW3rF9oqQ,isotropic,1234,blur,self,3,boston:237,amman:32,15.679997,36.1773
amman_query_-qij8CFaEYNp4JW3rF9oqQ,white_box,1234,blur,self,64,boston:168,amman:32,15.680000,36.1773
amman_query_-qij8CFaEYNp4JW3rF9oqQ,transfer_1,1234,blur,self,4,cph:429,amman:32,15.680000,36.1773
amman_query_-qij8CFaEYNp4JW3rF9oqQ,transfer_2,1234,blur,self,7,toronto:103,amman:32,15.680000,36.1773
amman_query_-qij8CFaEYNp4JW3rF9oqQ,transfer_3,1234,blur,self,2,boston:237,amman:32,15.679997,36.1773
amman_query_-qij8CFaEYNp4JW3rF9oqQ,isotropic,5678,blur,self,4,boston:237,amman:32,15.680000,36.1773
amman_query_-qij8CFaEYNp4JW3rF9oqQ,white_box,5678,blur,self,140,london:34,amman:32,15.680000,36.1773
amman_query_-qij8CFaEYNp4JW3rF9oqQ,transfer_1,5678,blur,self,2,boston:237,amman:32,15.680000,36.1773
amman_query_-qij8CFaEYNp4JW3rF9oqQ,transfer_2,5678,blur,self,2,boston:237,amman:32,15.679997,36.1773
amman_query_-qij8CFaEYNp4JW3rF9oqQ,transfer_3,5678,blur,self,26,toronto:103,amman:32,15.680000,36.1773
amman_query_-qij8CFaEYNp4JW3rF9oqQ,isotropic,9012,blur,self,3,boston:237,amman:32,15.679997,36.1773
amman_query_-qij8CFaEYNp4JW3rF9oqQ,white_box,9012,blur,self,240,london:34,amman:32,15.679997,36.1773
amman_query_-qij8CFaEYNp4JW3rF9oqQ,transfer_1,9012,blur,self,2,boston:237,amman:32,15.680000,36.1773
amman_query_-qij8CFaEYNp4JW3rF9oqQ,transfer_2,9012,blur,self,6,zurich:111,amman:32,15.679998,36.1773
amman_query_-qij8CFaEYNp4JW3rF9oqQ,transfer_3,9012,blur,self,5,cph:162,amman:32,15.679997,36.1773
boston_query_-AJWNV55EAzvKArt5mMYqg,isotropic,1234,blur,self,52,boston:99,boston:144,15.679997,36.1773
boston_query_-AJWNV55EAzvKArt5mMYqg,white_box,1234,blur,self,1130,manila:190,boston:144,15.680000,36.1773
boston_query_-AJWNV55EAzvKArt5mMYqg,transfer_1,1234,blur,self,75,boston:99,boston:144,15.680001,36.1773
boston_query_-AJWNV55EAzvKArt5mMYqg,transfer_2,1234,blur,self,28,boston:99,boston:144,15.679998,36.1773
boston_query_-AJWNV55EAzvKArt5mMYqg,transfer_3,1234,blur,self,213,boston:79,boston:144,15.680000,36.1773
boston_query_-AJWNV55EAzvKArt5mMYqg,isotropic,5678,blur,self,55,amman:32,boston:144,15.680000,36.1773
boston_query_-AJWNV55EAzvKArt5mMYqg,white_box,5678,blur,self,282,manila:29,boston:144,15.679998,36.1773
boston_query_-AJWNV55EAzvKArt5mMYqg,transfer_1,5678,blur,self,64,boston:99,boston:144,15.679997,36.1773
boston_query_-AJWNV55EAzvKArt5mMYqg,transfer_2,5678,blur,self,49,boston:171,boston:144,15.679998,36.1773
boston_query_-AJWNV55EAzvKArt5mMYqg,transfer_3,5678,blur,self,354,boston:171,boston:144,15.679998,36.1773
boston_query_-AJWNV55EAzvKArt5mMYqg,isotropic,9012,blur,self,77,boston:99,boston:144,15.680000,36.1773
boston_query_-AJWNV55EAzvKArt5mMYqg,white_box,9012,blur,self,73,manila:189,boston:144,15.680000,36.1773
boston_query_-AJWNV55EAzvKArt5mMYqg,transfer_1,9012,blur,self,75,boston:99,boston:144,15.680000,36.1773
boston_query_-AJWNV55EAzvKArt5mMYqg,transfer_2,9012,blur,self,14,boston:171,boston:144,15.679997,36.1773
boston_query_-AJWNV55EAzvKArt5mMYqg,transfer_3,9012,blur,self,244,amman:35,boston:144,15.679998,36.1773
cph_query_-5qSxgAnKk-6Bf5AVVoPjA,isotropic,1234,blur,self,4,boston:249,cph:243,15.679998,36.1773
cph_query_-5qSxgAnKk-6Bf5AVVoPjA,white_box,1234,blur,self,823,manila:183,cph:243,15.679997,36.1773
cph_query_-5qSxgAnKk-6Bf5AVVoPjA,transfer_1,1234,blur,self,7,zurich:33,cph:243,15.680000,36.1773
cph_query_-5qSxgAnKk-6Bf5AVVoPjA,transfer_2,1234,blur,self,11,zurich:33,cph:243,15.680001,36.1773
cph_query_-5qSxgAnKk-6Bf5AVVoPjA,transfer_3,1234,blur,self,22,amman:1,cph:243,15.680001,36.1773
cph_query_-5qSxgAnKk-6Bf5AVVoPjA,isotropic,5678,blur,self,3,zurich:33,cph:243,15.680000,36.1773
cph_query_-5qSxgAnKk-6Bf5AVVoPjA,white_box,5678,blur,self,821,boston:234,cph:243,15.680000,36.1773
cph_query_-5qSxgAnKk-6Bf5AVVoPjA,transfer_1,5678,blur,self,4,cph:271,cph:243,15.680000,36.1773
cph_query_-5qSxgAnKk-6Bf5AVVoPjA,transfer_2,5678,blur,self,12,zurich:42,cph:243,15.679997,36.1773
cph_query_-5qSxgAnKk-6Bf5AVVoPjA,transfer_3,5678,blur,self,58,amman:1,cph:243,15.680001,36.1773
cph_query_-5qSxgAnKk-6Bf5AVVoPjA,isotropic,9012,blur,self,4,boston:249,cph:243,15.680001,36.1773
cph_query_-5qSxgAnKk-6Bf5AVVoPjA,white_box,9012,blur,self,89,london:125,cph:243,15.680000,36.1773
cph_query_-5qSxgAnKk-6Bf5AVVoPjA,transfer_1,9012,blur,self,8,zurich:33,cph:243,15.680000,36.1773
cph_query_-5qSxgAnKk-6Bf5AVVoPjA,transfer_2,9012,blur,self,4,zurich:33,cph:243,15.680000,36.1773
cph_query_-5qSxgAnKk-6Bf5AVVoPjA,transfer_3,9012,blur,self,20,zurich:42,cph:243,15.679997,36.1773
london_query_-HfvOD1d7XUGJoEMybpyqQ,isotropic,1234,blur,self,387,boston:90,london:77,15.679997,36.1773
london_query_-HfvOD1d7XUGJoEMybpyqQ,white_box,1234,blur,self,234,london:21,london:77,15.679997,36.1773
london_query_-HfvOD1d7XUGJoEMybpyqQ,transfer_1,1234,blur,self,406,cph:500,london:77,15.680000,36.1773
london_query_-HfvOD1d7XUGJoEMybpyqQ,transfer_2,1234,blur,self,545,boston:90,london:77,15.680000,36.1773
london_query_-HfvOD1d7XUGJoEMybpyqQ,transfer_3,1234,blur,self,255,cph:356,london:77,15.679997,36.1773
london_query_-HfvOD1d7XUGJoEMybpyqQ,isotropic,5678,blur,self,349,boston:90,london:77,15.679997,36.1773
london_query_-HfvOD1d7XUGJoEMybpyqQ,white_box,5678,blur,self,108,cph:342,london:77,15.680000,36.1773
london_query_-HfvOD1d7XUGJoEMybpyqQ,transfer_1,5678,blur,self,244,cph:500,london:77,15.680000,36.1773
london_query_-HfvOD1d7XUGJoEMybpyqQ,transfer_2,5678,blur,self,414,cph:500,london:77,15.680000,36.1773
london_query_-HfvOD1d7XUGJoEMybpyqQ,transfer_3,5678,blur,self,197,cph:356,london:77,15.679997,36.1773
london_query_-HfvOD1d7XUGJoEMybpyqQ,isotropic,9012,blur,self,386,cph:500,london:77,15.679997,36.1773
london_query_-HfvOD1d7XUGJoEMybpyqQ,white_box,9012,blur,self,639,cph:342,london:77,15.680000,36.1773
london_query_-HfvOD1d7XUGJoEMybpyqQ,transfer_1,9012,blur,self,384,boston:90,london:77,15.679997,36.1773
london_query_-HfvOD1d7XUGJoEMybpyqQ,transfer_2,9012,blur,self,332,cph:500,london:77,15.679997,36.1773
london_query_-HfvOD1d7XUGJoEMybpyqQ,transfer_3,9012,blur,self,296,cph:356,london:77,15.679997,36.1773
manila_query_-9tG6ERjH4jVcWo9jkVvBg,isotropic,1234,blur,self,4,manila:41,manila:29,15.680000,36.1773
manila_query_-9tG6ERjH4jVcWo9jkVvBg,white_box,1234,blur,self,16,manila:142,manila:29,15.680001,36.1773
manila_query_-9tG6ERjH4jVcWo9jkVvBg,transfer_1,1234,blur,self,23,manila:142,manila:29,15.680000,36.1773
manila_query_-9tG6ERjH4jVcWo9jkVvBg,transfer_2,1234,blur,self,12,manila:142,manila:29,15.679997,36.1773
manila_query_-9tG6ERjH4jVcWo9jkVvBg,transfer_3,1234,blur,self,21,manila:41,manila:29,15.679997,36.1773
manila_query_-9tG6ERjH4jVcWo9jkVvBg,isotropic,5678,blur,self,6,manila:41,manila:29,15.679997,36.1773
manila_query_-9tG6ERjH4jVcWo9jkVvBg,white_box,5678,blur,self,21,manila:190,manila:29,15.679997,36.1773
manila_query_-9tG6ERjH4jVcWo9jkVvBg,transfer_1,5678,blur,self,27,manila:41,manila:29,15.680000,36.1773
manila_query_-9tG6ERjH4jVcWo9jkVvBg,transfer_2,5678,blur,self,27,manila:41,manila:29,15.680000,36.1773
manila_query_-9tG6ERjH4jVcWo9jkVvBg,transfer_3,5678,blur,self,26,manila:142,manila:29,15.680000,36.1773
manila_query_-9tG6ERjH4jVcWo9jkVvBg,isotropic,9012,blur,self,6,manila:41,manila:29,15.679998,36.1773
manila_query_-9tG6ERjH4jVcWo9jkVvBg,white_box,9012,blur,self,42,manila:106,manila:29,15.679997,36.1773
manila_query_-9tG6ERjH4jVcWo9jkVvBg,transfer_1,9012,blur,self,8,manila:41,manila:29,15.680000,36.1773
manila_query_-9tG6ERjH4jVcWo9jkVvBg,transfer_2,9012,blur,self,17,manila:41,manila:29,15.680000,36.1773
manila_query_-9tG6ERjH4jVcWo9jkVvBg,transfer_3,9012,blur,self,19,manila:41,manila:29,15.680000,36.1773
nairobi_query_0M1Vl3tUlt_2MiFp6vxhrg,isotropic,1234,blur,self,71,boston:234,nairobi:1,15.679997,36.1773
nairobi_query_0M1Vl3tUlt_2MiFp6vxhrg,white_box,1234,blur,self,553,manila:190,nairobi:1,15.679997,36.1773
nairobi_query_0M1Vl3tUlt_2MiFp6vxhrg,transfer_1,1234,blur,self,2,boston:234,nairobi:1,15.680000,36.1773
nairobi_query_0M1Vl3tUlt_2MiFp6vxhrg,transfer_2,1234,blur,self,11,toronto:301,nairobi:1,15.679997,36.1773
nairobi_query_0M1Vl3tUlt_2MiFp6vxhrg,transfer_3,1234,blur,self,58,boston:234,nairobi:1,15.679997,36.1773
nairobi_query_0M1Vl3tUlt_2MiFp6vxhrg,isotropic,5678,blur,self,79,boston:234,nairobi:1,15.680000,36.1773
nairobi_query_0M1Vl3tUlt_2MiFp6vxhrg,white_box,5678,blur,self,9,manila:142,nairobi:1,15.680000,36.1773
nairobi_query_0M1Vl3tUlt_2MiFp6vxhrg,transfer_1,5678,blur,self,7,boston:234,nairobi:1,15.680000,36.1773
nairobi_query_0M1Vl3tUlt_2MiFp6vxhrg,transfer_2,5678,blur,self,3,boston:234,nairobi:1,15.680000,36.1773
nairobi_query_0M1Vl3tUlt_2MiFp6vxhrg,transfer_3,5678,blur,self,40,boston:234,nairobi:1,15.680000,36.1773
nairobi_query_0M1Vl3tUlt_2MiFp6vxhrg,isotropic,9012,blur,self,66,boston:234,nairobi:1,15.680000,36.1773
nairobi_query_0M1Vl3tUlt_2MiFp6vxhrg,white_box,9012,blur,self,31,manila:54,nairobi:1,15.680000,36.1773
nairobi_query_0M1Vl3tUlt_2MiFp6vxhrg,transfer_1,9012,blur,self,10,boston:234,nairobi:1,15.679997,36.1773
nairobi_query_0M1Vl3tUlt_2MiFp6vxhrg,transfer_2,9012,blur,self,6,boston:234,nairobi:1,15.680000,36.1773
nairobi_query_0M1Vl3tUlt_2MiFp6vxhrg,transfer_3,9012,blur,self,23,boston:234,nairobi:1,15.679997,36.1773
toronto_query_-7bDZLvVOVk7ethfd1yomg,isotropic,1234,blur,self,8,toronto:236,toronto:251,15.679997,36.1773
toronto_query_-7bDZLvVOVk7ethfd1yomg,white_box,1234,blur,self,57,zurich:30,toronto:251,15.680000,36.1773
toronto_query_-7bDZLvVOVk7ethfd1yomg,transfer_1,1234,blur,self,11,boston:79,toronto:251,15.679998,36.1773
toronto_query_-7bDZLvVOVk7ethfd1yomg,transfer_2,1234,blur,self,16,boston:79,toronto:251,15.679997,36.1773
toronto_query_-7bDZLvVOVk7ethfd1yomg,transfer_3,1234,blur,self,10,boston:79,toronto:251,15.680001,36.1773
toronto_query_-7bDZLvVOVk7ethfd1yomg,isotropic,5678,blur,self,9,boston:79,toronto:251,15.679997,36.1773
toronto_query_-7bDZLvVOVk7ethfd1yomg,white_box,5678,blur,self,42,boston:79,toronto:251,15.679998,36.1773
toronto_query_-7bDZLvVOVk7ethfd1yomg,transfer_1,5678,blur,self,9,boston:79,toronto:251,15.679998,36.1773
toronto_query_-7bDZLvVOVk7ethfd1yomg,transfer_2,5678,blur,self,12,boston:79,toronto:251,15.679997,36.1773
toronto_query_-7bDZLvVOVk7ethfd1yomg,transfer_3,5678,blur,self,24,boston:79,toronto:251,15.680001,36.1773
toronto_query_-7bDZLvVOVk7ethfd1yomg,isotropic,9012,blur,self,9,toronto:236,toronto:251,15.679998,36.1773
toronto_query_-7bDZLvVOVk7ethfd1yomg,white_box,9012,blur,self,5,manila:87,toronto:251,15.680000,36.1773
toronto_query_-7bDZLvVOVk7ethfd1yomg,transfer_1,9012,blur,self,10,boston:79,toronto:251,15.680000,36.1773
toronto_query_-7bDZLvVOVk7ethfd1yomg,transfer_2,9012,blur,self,25,boston:79,toronto:251,15.679998,36.1773
toronto_query_-7bDZLvVOVk7ethfd1yomg,transfer_3,9012,blur,self,36,boston:79,toronto:251,15.679997,36.1773
zurich_query_-Km53YFc8zewa3vS2OeGsQ,isotropic,1234,blur,self,19,cph:243,zurich:33,15.679997,36.1773
zurich_query_-Km53YFc8zewa3vS2OeGsQ,white_box,1234,blur,self,162,manila:106,zurich:33,15.680000,36.1773
zurich_query_-Km53YFc8zewa3vS2OeGsQ,transfer_1,1234,blur,self,76,cph:280,zurich:33,15.680000,36.1773
zurich_query_-Km53YFc8zewa3vS2OeGsQ,transfer_2,1234,blur,self,23,zurich:30,zurich:33,15.680000,36.1773
zurich_query_-Km53YFc8zewa3vS2OeGsQ,transfer_3,1234,blur,self,171,manila:181,zurich:33,15.680000,36.1773
zurich_query_-Km53YFc8zewa3vS2OeGsQ,isotropic,5678,blur,self,19,cph:280,zurich:33,15.679998,36.1773
zurich_query_-Km53YFc8zewa3vS2OeGsQ,white_box,5678,blur,self,145,manila:106,zurich:33,15.680000,36.1773
zurich_query_-Km53YFc8zewa3vS2OeGsQ,transfer_1,5678,blur,self,77,cph:280,zurich:33,15.680000,36.1773
zurich_query_-Km53YFc8zewa3vS2OeGsQ,transfer_2,5678,blur,self,124,toronto:301,zurich:33,15.680000,36.1773
zurich_query_-Km53YFc8zewa3vS2OeGsQ,transfer_3,5678,blur,self,181,boston:206,zurich:33,15.679997,36.1773
zurich_query_-Km53YFc8zewa3vS2OeGsQ,isotropic,9012,blur,self,10,cph:243,zurich:33,15.679998,36.1773
zurich_query_-Km53YFc8zewa3vS2OeGsQ,white_box,9012,blur,self,211,amman:23,zurich:33,15.680000,36.1773
zurich_query_-Km53YFc8zewa3vS2OeGsQ,transfer_1,9012,blur,self,54,cph:280,zurich:33,15.680000,36.1773
zurich_query_-Km53YFc8zewa3vS2OeGsQ,transfer_2,9012,blur,self,34,amman:32,zurich:33,15.680000,36.1773
zurich_query_-Km53YFc8zewa3vS2OeGsQ,transfer_3,9012,blur,self,105,boston:206,zurich:33,15.679997,36.1773
amman_query_-t_-moqpBTWSiKU7mS-lgQ,isotropic,1234,blur,self,19,amman:6,amman:23,15.680000,36.1773
amman_query_-t_-moqpBTWSiKU7mS-lgQ,white_box,1234,blur,self,406,toronto:88,amman:23,15.679997,36.1773
amman_query_-t_-moqpBTWSiKU7mS-lgQ,transfer_1,1234,blur,self,22,amman:6,amman:23,15.680000,36.1773
amman_query_-t_-moqpBTWSiKU7mS-lgQ,transfer_2,1234,blur,self,40,amman:6,amman:23,15.680000,36.1773
amman_query_-t_-moqpBTWSiKU7mS-lgQ,transfer_3,1234,blur,self,58,amman:4,amman:23,15.679996,36.1773
amman_query_-t_-moqpBTWSiKU7mS-lgQ,isotropic,5678,blur,self,24,amman:6,amman:23,15.680000,36.1773
amman_query_-t_-moqpBTWSiKU7mS-lgQ,white_box,5678,blur,self,497,manila:106,amman:23,15.679998,36.1773
amman_query_-t_-moqpBTWSiKU7mS-lgQ,transfer_1,5678,blur,self,43,amman:6,amman:23,15.680000,36.1773
amman_query_-t_-moqpBTWSiKU7mS-lgQ,transfer_2,5678,blur,self,31,amman:6,amman:23,15.679997,36.1773
amman_query_-t_-moqpBTWSiKU7mS-lgQ,transfer_3,5678,blur,self,50,amman:6,amman:23,15.679997,36.1773
amman_query_-t_-moqpBTWSiKU7mS-lgQ,isotropic,9012,blur,self,25,amman:6,amman:23,15.679997,36.1773
amman_query_-t_-moqpBTWSiKU7mS-lgQ,white_box,9012,blur,self,422,manila:29,amman:23,15.679998,36.1773
amman_query_-t_-moqpBTWSiKU7mS-lgQ,transfer_1,9012,blur,self,19,amman:6,amman:23,15.680001,36.1773
amman_query_-t_-moqpBTWSiKU7mS-lgQ,transfer_2,9012,blur,self,36,amman:6,amman:23,15.679998,36.1773
amman_query_-t_-moqpBTWSiKU7mS-lgQ,transfer_3,9012,blur,self,34,amman:4,amman:23,15.679998,36.1773
boston_query_-Ae9_7GnntvqV8myNb9fhv,isotropic,1234,blur,self,18,boston:168,boston:191,15.680000,36.1773
boston_query_-Ae9_7GnntvqV8myNb9fhv,white_box,1234,blur,self,142,manila:92,boston:191,15.679997,36.1773
boston_query_-Ae9_7GnntvqV8myNb9fhv,transfer_1,1234,blur,self,32,boston:168,boston:191,15.679997,36.1773
boston_query_-Ae9_7GnntvqV8myNb9fhv,transfer_2,1234,blur,self,22,boston:168,boston:191,15.680000,36.1773
boston_query_-Ae9_7GnntvqV8myNb9fhv,transfer_3,1234,blur,self,43,cph:175,boston:191,15.679998,36.1773
boston_query_-Ae9_7GnntvqV8myNb9fhv,isotropic,5678,blur,self,11,boston:168,boston:191,15.680000,36.1773
boston_query_-Ae9_7GnntvqV8myNb9fhv,white_box,5678,blur,self,177,manila:190,boston:191,15.680002,36.1773
boston_query_-Ae9_7GnntvqV8myNb9fhv,transfer_1,5678,blur,self,13,boston:168,boston:191,15.679998,36.1773
boston_query_-Ae9_7GnntvqV8myNb9fhv,transfer_2,5678,blur,self,14,boston:168,boston:191,15.680000,36.1773
boston_query_-Ae9_7GnntvqV8myNb9fhv,transfer_3,5678,blur,self,17,cph:175,boston:191,15.680000,36.1773
boston_query_-Ae9_7GnntvqV8myNb9fhv,isotropic,9012,blur,self,15,boston:168,boston:191,15.679995,36.1773
boston_query_-Ae9_7GnntvqV8myNb9fhv,white_box,9012,blur,self,66,cph:7,boston:191,15.679998,36.1773
boston_query_-Ae9_7GnntvqV8myNb9fhv,transfer_1,9012,blur,self,29,boston:168,boston:191,15.679998,36.1773
boston_query_-Ae9_7GnntvqV8myNb9fhv,transfer_2,9012,blur,self,30,boston:168,boston:191,15.679997,36.1773
boston_query_-Ae9_7GnntvqV8myNb9fhv,transfer_3,9012,blur,self,45,boston:168,boston:191,15.679996,36.1773
cph_query_-8E-udXiyMJCRp_UkM4Kgw,isotropic,1234,blur,self,11,cph:54,cph:245,15.679997,36.1773
cph_query_-8E-udXiyMJCRp_UkM4Kgw,white_box,1234,blur,self,18,nairobi:1,cph:245,15.679998,36.1773
cph_query_-8E-udXiyMJCRp_UkM4Kgw,transfer_1,1234,blur,self,1,cph:245,cph:245,15.679997,36.1773
cph_query_-8E-udXiyMJCRp_UkM4Kgw,transfer_2,1234,blur,self,8,cph:242,cph:245,15.679998,36.1773
cph_query_-8E-udXiyMJCRp_UkM4Kgw,transfer_3,1234,blur,self,17,cph:242,cph:245,15.679998,36.1773
cph_query_-8E-udXiyMJCRp_UkM4Kgw,isotropic,5678,blur,self,22,london:34,cph:245,15.679998,36.1773
cph_query_-8E-udXiyMJCRp_UkM4Kgw,white_box,5678,blur,self,308,cph:296,cph:245,15.679998,36.1773
cph_query_-8E-udXiyMJCRp_UkM4Kgw,transfer_1,5678,blur,self,9,cph:242,cph:245,15.679998,36.1773
cph_query_-8E-udXiyMJCRp_UkM4Kgw,transfer_2,5678,blur,self,13,london:34,cph:245,15.680000,36.1773
cph_query_-8E-udXiyMJCRp_UkM4Kgw,transfer_3,5678,blur,self,1,cph:245,cph:245,15.679997,36.1773
cph_query_-8E-udXiyMJCRp_UkM4Kgw,isotropic,9012,blur,self,19,london:34,cph:245,15.680001,36.1773
cph_query_-8E-udXiyMJCRp_UkM4Kgw,white_box,9012,blur,self,63,cph:296,cph:245,15.679997,36.1773
cph_query_-8E-udXiyMJCRp_UkM4Kgw,transfer_1,9012,blur,self,3,london:34,cph:245,15.679997,36.1773
cph_query_-8E-udXiyMJCRp_UkM4Kgw,transfer_2,9012,blur,self,1,cph:245,cph:245,15.680002,36.1773
cph_query_-8E-udXiyMJCRp_UkM4Kgw,transfer_3,9012,blur,self,1,cph:245,cph:245,15.680002,36.1773
london_query_-Id3DdRqVbjIA39wjxbTgw,isotropic,1234,blur,self,16,boston:79,london:125,15.680000,36.1773
london_query_-Id3DdRqVbjIA39wjxbTgw,white_box,1234,blur,self,56,amman:25,london:125,15.680000,36.1773
london_query_-Id3DdRqVbjIA39wjxbTgw,transfer_1,1234,blur,self,34,boston:79,london:125,15.679997,36.1773
london_query_-Id3DdRqVbjIA39wjxbTgw,transfer_2,1234,blur,self,36,boston:79,london:125,15.679998,36.1773
london_query_-Id3DdRqVbjIA39wjxbTgw,transfer_3,1234,blur,self,52,boston:79,london:125,15.679997,36.1773
london_query_-Id3DdRqVbjIA39wjxbTgw,isotropic,5678,blur,self,14,boston:79,london:125,15.679996,36.1773
london_query_-Id3DdRqVbjIA39wjxbTgw,white_box,5678,blur,self,379,manila:181,london:125,15.680000,36.1773
london_query_-Id3DdRqVbjIA39wjxbTgw,transfer_1,5678,blur,self,33,boston:79,london:125,15.679997,36.1773
london_query_-Id3DdRqVbjIA39wjxbTgw,transfer_2,5678,blur,self,23,boston:79,london:125,15.679998,36.1773
london_query_-Id3DdRqVbjIA39wjxbTgw,transfer_3,5678,blur,self,56,boston:79,london:125,15.679997,36.1773
london_query_-Id3DdRqVbjIA39wjxbTgw,isotropic,9012,blur,self,16,boston:79,london:125,15.680000,36.1773
london_query_-Id3DdRqVbjIA39wjxbTgw,white_box,9012,blur,self,1,london:125,london:125,15.680001,36.1773
london_query_-Id3DdRqVbjIA39wjxbTgw,transfer_1,9012,blur,self,31,boston:79,london:125,15.680001,36.1773
london_query_-Id3DdRqVbjIA39wjxbTgw,transfer_2,9012,blur,self,15,boston:79,london:125,15.680000,36.1773
london_query_-Id3DdRqVbjIA39wjxbTgw,transfer_3,9012,blur,self,53,boston:79,london:125,15.679998,36.1773
manila_query_-AXkFLZ0HchDGYvJ_KZ3dQ,isotropic,1234,blur,self,15,cph:175,manila:13,15.680000,36.1773
manila_query_-AXkFLZ0HchDGYvJ_KZ3dQ,white_box,1234,blur,self,49,manila:51,manila:13,15.680000,36.1773
manila_query_-AXkFLZ0HchDGYvJ_KZ3dQ,transfer_1,1234,blur,self,1,manila:13,manila:13,15.679997,36.1773
manila_query_-AXkFLZ0HchDGYvJ_KZ3dQ,transfer_2,1234,blur,self,13,cph:175,manila:13,15.679998,36.1773
manila_query_-AXkFLZ0HchDGYvJ_KZ3dQ,transfer_3,1234,blur,self,16,amman:23,manila:13,15.679997,36.1773
manila_query_-AXkFLZ0HchDGYvJ_KZ3dQ,isotropic,5678,blur,self,29,cph:175,manila:13,15.679998,36.1773
manila_query_-AXkFLZ0HchDGYvJ_KZ3dQ,white_box,5678,blur,self,121,london:34,manila:13,15.679997,36.1773
manila_query_-AXkFLZ0HchDGYvJ_KZ3dQ,transfer_1,5678,blur,self,6,amman:23,manila:13,15.679998,36.1773
manila_query_-AXkFLZ0HchDGYvJ_KZ3dQ,transfer_2,5678,blur,self,15,amman:23,manila:13,15.679998,36.1773
manila_query_-AXkFLZ0HchDGYvJ_KZ3dQ,transfer_3,5678,blur,self,45,amman:23,manila:13,15.680002,36.1773
manila_query_-AXkFLZ0HchDGYvJ_KZ3dQ,isotropic,9012,blur,self,15,cph:175,manila:13,15.680000,36.1773
manila_query_-AXkFLZ0HchDGYvJ_KZ3dQ,white_box,9012,blur,self,24,manila:51,manila:13,15.680001,36.1773
manila_query_-AXkFLZ0HchDGYvJ_KZ3dQ,transfer_1,9012,blur,self,13,amman:23,manila:13,15.680000,36.1773
manila_query_-AXkFLZ0HchDGYvJ_KZ3dQ,transfer_2,9012,blur,self,9,cph:175,manila:13,15.680002,36.1773
manila_query_-AXkFLZ0HchDGYvJ_KZ3dQ,transfer_3,9012,blur,self,38,nairobi:18,manila:13,15.680000,36.1773
nairobi_query_0Oa1jUYlj8LE47HApYWufA,isotropic,1234,blur,self,92,nairobi:21,nairobi:0,15.679998,36.1773
nairobi_query_0Oa1jUYlj8LE47HApYWufA,white_box,1234,blur,self,776,boston:123,nairobi:0,15.680001,36.1773
nairobi_query_0Oa1jUYlj8LE47HApYWufA,transfer_1,1234,blur,self,51,boston:234,nairobi:0,15.679997,36.1773
nairobi_query_0Oa1jUYlj8LE47HApYWufA,transfer_2,1234,blur,self,41,boston:234,nairobi:0,15.679997,36.1773
nairobi_query_0Oa1jUYlj8LE47HApYWufA,transfer_3,1234,blur,self,192,boston:234,nairobi:0,15.679997,36.1773
nairobi_query_0Oa1jUYlj8LE47HApYWufA,isotropic,5678,blur,self,94,boston:234,nairobi:0,15.680000,36.1773
nairobi_query_0Oa1jUYlj8LE47HApYWufA,white_box,5678,blur,self,224,manila:23,nairobi:0,15.679997,36.1773
nairobi_query_0Oa1jUYlj8LE47HApYWufA,transfer_1,5678,blur,self,52,boston:234,nairobi:0,15.679998,36.1773
nairobi_query_0Oa1jUYlj8LE47HApYWufA,transfer_2,5678,blur,self,66,boston:234,nairobi:0,15.680001,36.1773
nairobi_query_0Oa1jUYlj8LE47HApYWufA,transfer_3,5678,blur,self,75,boston:234,nairobi:0,15.679997,36.1773
nairobi_query_0Oa1jUYlj8LE47HApYWufA,isotropic,9012,blur,self,170,boston:234,nairobi:0,15.679997,36.1773
nairobi_query_0Oa1jUYlj8LE47HApYWufA,white_box,9012,blur,self,815,amman:29,nairobi:0,15.680000,36.1773
nairobi_query_0Oa1jUYlj8LE47HApYWufA,transfer_1,9012,blur,self,31,boston:234,nairobi:0,15.680000,36.1773
nairobi_query_0Oa1jUYlj8LE47HApYWufA,transfer_2,9012,blur,self,62,boston:234,nairobi:0,15.680000,36.1773
nairobi_query_0Oa1jUYlj8LE47HApYWufA,transfer_3,9012,blur,self,48,boston:234,nairobi:0,15.680000,36.1773
toronto_query_-85n6JJLXmi04edt5JxhzQ,isotropic,1234,blur,self,1233,toronto:228,toronto:21,15.679997,36.1773
toronto_query_-85n6JJLXmi04edt5JxhzQ,white_box,1234,blur,self,787,cph:7,toronto:21,15.680000,36.1773
toronto_query_-85n6JJLXmi04edt5JxhzQ,transfer_1,1234,blur,self,731,manila:15,toronto:21,15.680000,36.1773
toronto_query_-85n6JJLXmi04edt5JxhzQ,transfer_2,1234,blur,self,576,london:126,toronto:21,15.680000,36.1773
toronto_query_-85n6JJLXmi04edt5JxhzQ,transfer_3,1234,blur,self,333,toronto:301,toronto:21,15.680000,36.1773
toronto_query_-85n6JJLXmi04edt5JxhzQ,isotropic,5678,blur,self,1193,toronto:228,toronto:21,15.679997,36.1773
toronto_query_-85n6JJLXmi04edt5JxhzQ,white_box,5678,blur,self,906,manila:106,toronto:21,15.679997,36.1773
toronto_query_-85n6JJLXmi04edt5JxhzQ,transfer_1,5678,blur,self,823,toronto:389,toronto:21,15.680000,36.1773
toronto_query_-85n6JJLXmi04edt5JxhzQ,transfer_2,5678,blur,self,496,toronto:389,toronto:21,15.679997,36.1773
toronto_query_-85n6JJLXmi04edt5JxhzQ,transfer_3,5678,blur,self,1028,nairobi:1,toronto:21,15.679997,36.1773
toronto_query_-85n6JJLXmi04edt5JxhzQ,isotropic,9012,blur,self,1188,toronto:228,toronto:21,15.679998,36.1773
toronto_query_-85n6JJLXmi04edt5JxhzQ,white_box,9012,blur,self,1373,manila:92,toronto:21,15.679998,36.1773
toronto_query_-85n6JJLXmi04edt5JxhzQ,transfer_1,9012,blur,self,705,toronto:389,toronto:21,15.679998,36.1773
toronto_query_-85n6JJLXmi04edt5JxhzQ,transfer_2,9012,blur,self,554,toronto:389,toronto:21,15.680000,36.1773
toronto_query_-85n6JJLXmi04edt5JxhzQ,transfer_3,9012,blur,self,528,cph:176,toronto:21,15.679997,36.1773
zurich_query_-M0Q1_7lg_TKGT2-mllw4w,isotropic,1234,blur,self,124,boston:171,zurich:19,15.679998,36.1773
zurich_query_-M0Q1_7lg_TKGT2-mllw4w,white_box,1234,blur,self,641,cph:245,zurich:19,15.680000,36.1773
zurich_query_-M0Q1_7lg_TKGT2-mllw4w,transfer_1,1234,blur,self,73,boston:171,zurich:19,15.679997,36.1773
zurich_query_-M0Q1_7lg_TKGT2-mllw4w,transfer_2,1234,blur,self,48,boston:171,zurich:19,15.680001,36.1773
zurich_query_-M0Q1_7lg_TKGT2-mllw4w,transfer_3,1234,blur,self,53,manila:181,zurich:19,15.679998,36.1773
zurich_query_-M0Q1_7lg_TKGT2-mllw4w,isotropic,5678,blur,self,110,boston:171,zurich:19,15.679997,36.1773
zurich_query_-M0Q1_7lg_TKGT2-mllw4w,white_box,5678,blur,self,319,manila:190,zurich:19,15.680001,36.1773
zurich_query_-M0Q1_7lg_TKGT2-mllw4w,transfer_1,5678,blur,self,77,boston:171,zurich:19,15.680000,36.1773
zurich_query_-M0Q1_7lg_TKGT2-mllw4w,transfer_2,5678,blur,self,45,boston:171,zurich:19,15.679997,36.1773
zurich_query_-M0Q1_7lg_TKGT2-mllw4w,transfer_3,5678,blur,self,98,manila:181,zurich:19,15.679997,36.1773
zurich_query_-M0Q1_7lg_TKGT2-mllw4w,isotropic,9012,blur,self,104,boston:171,zurich:19,15.679998,36.1773
zurich_query_-M0Q1_7lg_TKGT2-mllw4w,white_box,9012,blur,self,350,manila:106,zurich:19,15.679998,36.1773
zurich_query_-M0Q1_7lg_TKGT2-mllw4w,transfer_1,9012,blur,self,28,boston:171,zurich:19,15.679997,36.1773
zurich_query_-M0Q1_7lg_TKGT2-mllw4w,transfer_2,9012,blur,self,61,manila:181,zurich:19,15.679998,36.1773
zurich_query_-M0Q1_7lg_TKGT2-mllw4w,transfer_3,9012,blur,self,56,manila:181,zurich:19,15.679997,36.1773
amman_query_0-2jyV8XAzdAOYMkdyQVLw,isotropic,1234,blur,self,11,amman:23,amman:6,15.679998,36.1773
amman_query_0-2jyV8XAzdAOYMkdyQVLw,white_box,1234,blur,self,84,toronto:273,amman:6,15.680000,36.1773
amman_query_0-2jyV8XAzdAOYMkdyQVLw,transfer_1,1234,blur,self,13,amman:23,amman:6,15.680000,36.1773
amman_query_0-2jyV8XAzdAOYMkdyQVLw,transfer_2,1234,blur,self,8,amman:23,amman:6,15.679997,36.1773
amman_query_0-2jyV8XAzdAOYMkdyQVLw,transfer_3,1234,blur,self,12,amman:23,amman:6,15.680000,36.1773
amman_query_0-2jyV8XAzdAOYMkdyQVLw,isotropic,5678,blur,self,8,amman:23,amman:6,15.679997,36.1773
amman_query_0-2jyV8XAzdAOYMkdyQVLw,white_box,5678,blur,self,3,manila:46,amman:6,15.679997,36.1773
amman_query_0-2jyV8XAzdAOYMkdyQVLw,transfer_1,5678,blur,self,8,amman:23,amman:6,15.679997,36.1773
amman_query_0-2jyV8XAzdAOYMkdyQVLw,transfer_2,5678,blur,self,12,amman:23,amman:6,15.679997,36.1773
amman_query_0-2jyV8XAzdAOYMkdyQVLw,transfer_3,5678,blur,self,4,amman:18,amman:6,15.680000,36.1773
amman_query_0-2jyV8XAzdAOYMkdyQVLw,isotropic,9012,blur,self,10,amman:23,amman:6,15.680000,36.1773
amman_query_0-2jyV8XAzdAOYMkdyQVLw,white_box,9012,blur,self,22,london:125,amman:6,15.679997,36.1773
amman_query_0-2jyV8XAzdAOYMkdyQVLw,transfer_1,9012,blur,self,10,amman:23,amman:6,15.679998,36.1773
amman_query_0-2jyV8XAzdAOYMkdyQVLw,transfer_2,9012,blur,self,7,amman:23,amman:6,15.680000,36.1773
amman_query_0-2jyV8XAzdAOYMkdyQVLw,transfer_3,9012,blur,self,15,amman:23,amman:6,15.680000,36.1773
boston_query_-BE36-GG_yM6YS57M_uMTQ,isotropic,1234,blur,self,391,boston:249,boston:84,15.679997,36.1773
boston_query_-BE36-GG_yM6YS57M_uMTQ,white_box,1234,blur,self,886,zurich:23,boston:84,15.679998,36.1773
boston_query_-BE36-GG_yM6YS57M_uMTQ,transfer_1,1234,blur,self,489,boston:139,boston:84,15.680000,36.1773
boston_query_-BE36-GG_yM6YS57M_uMTQ,transfer_2,1234,blur,self,489,boston:249,boston:84,15.679998,36.1773
boston_query_-BE36-GG_yM6YS57M_uMTQ,transfer_3,1234,blur,self,566,boston:249,boston:84,15.679997,36.1773
boston_query_-BE36-GG_yM6YS57M_uMTQ,isotropic,5678,blur,self,395,boston:249,boston:84,15.680000,36.1773
boston_query_-BE36-GG_yM6YS57M_uMTQ,white_box,5678,blur,self,725,zurich:23,boston:84,15.679998,36.1773
boston_query_-BE36-GG_yM6YS57M_uMTQ,transfer_1,5678,blur,self,503,boston:139,boston:84,15.680000,36.1773
boston_query_-BE36-GG_yM6YS57M_uMTQ,transfer_2,5678,blur,self,571,boston:249,boston:84,15.679997,36.1773
boston_query_-BE36-GG_yM6YS57M_uMTQ,transfer_3,5678,blur,self,543,boston:47,boston:84,15.680000,36.1773
boston_query_-BE36-GG_yM6YS57M_uMTQ,isotropic,9012,blur,self,428,boston:249,boston:84,15.680000,36.1773
boston_query_-BE36-GG_yM6YS57M_uMTQ,white_box,9012,blur,self,871,zurich:23,boston:84,15.679997,36.1773
boston_query_-BE36-GG_yM6YS57M_uMTQ,transfer_1,9012,blur,self,460,boston:139,boston:84,15.679997,36.1773
boston_query_-BE36-GG_yM6YS57M_uMTQ,transfer_2,9012,blur,self,360,boston:139,boston:84,15.680001,36.1773
boston_query_-BE36-GG_yM6YS57M_uMTQ,transfer_3,9012,blur,self,686,boston:249,boston:84,15.680000,36.1773
cph_query_-9WYlFp61M1J1zV1mJD4uA,isotropic,1234,blur,self,92,cph:243,cph:280,15.680000,36.1773
cph_query_-9WYlFp61M1J1zV1mJD4uA,white_box,1234,blur,self,1151,cph:7,cph:280,15.680000,36.1773
cph_query_-9WYlFp61M1J1zV1mJD4uA,transfer_1,1234,blur,self,107,toronto:301,cph:280,15.679997,36.1773
cph_query_-9WYlFp61M1J1zV1mJD4uA,transfer_2,1234,blur,self,173,amman:0,cph:280,15.679998,36.1773
cph_query_-9WYlFp61M1J1zV1mJD4uA,transfer_3,1234,blur,self,386,amman:0,cph:280,15.680000,36.1773
cph_query_-9WYlFp61M1J1zV1mJD4uA,isotropic,5678,blur,self,76,cph:243,cph:280,15.679995,36.1773
cph_query_-9WYlFp61M1J1zV1mJD4uA,white_box,5678,blur,self,888,manila:190,cph:280,15.679998,36.1773
cph_query_-9WYlFp61M1J1zV1mJD4uA,transfer_1,5678,blur,self,132,toronto:301,cph:280,15.680000,36.1773
cph_query_-9WYlFp61M1J1zV1mJD4uA,transfer_2,5678,blur,self,159,toronto:301,cph:280,15.680000,36.1773
cph_query_-9WYlFp61M1J1zV1mJD4uA,transfer_3,5678,blur,self,415,toronto:346,cph:280,15.680000,36.1773
cph_query_-9WYlFp61M1J1zV1mJD4uA,isotropic,9012,blur,self,94,cph:243,cph:280,15.679996,36.1773
cph_query_-9WYlFp61M1J1zV1mJD4uA,white_box,9012,blur,self,1070,manila:189,cph:280,15.680000,36.1773
cph_query_-9WYlFp61M1J1zV1mJD4uA,transfer_1,9012,blur,self,139,cph:243,cph:280,15.680000,36.1773
cph_query_-9WYlFp61M1J1zV1mJD4uA,transfer_2,9012,blur,self,205,amman:0,cph:280,15.680001,36.1773
cph_query_-9WYlFp61M1J1zV1mJD4uA,transfer_3,9012,blur,self,324,toronto:301,cph:280,15.679997,36.1773
london_query_-OOGG8lTvgHHqp3iuULlyQ,isotropic,1234,blur,self,1,london:21,london:21,15.679997,36.1773
london_query_-OOGG8lTvgHHqp3iuULlyQ,white_box,1234,blur,self,20,london:84,london:21,15.679998,36.1773
london_query_-OOGG8lTvgHHqp3iuULlyQ,transfer_1,1234,blur,self,1,london:21,london:21,15.680001,36.1773
london_query_-OOGG8lTvgHHqp3iuULlyQ,transfer_2,1234,blur,self,1,london:21,london:21,15.680000,36.1773
london_query_-OOGG8lTvgHHqp3iuULlyQ,transfer_3,1234,blur,self,2,london:23,london:21,15.680000,36.1773
london_query_-OOGG8lTvgHHqp3iuULlyQ,isotropic,5678,blur,self,1,london:21,london:21,15.680000,36.1773
london_query_-OOGG8lTvgHHqp3iuULlyQ,white_box,5678,blur,self,13,london:71,london:21,15.680000,36.1773
london_query_-OOGG8lTvgHHqp3iuULlyQ,transfer_1,5678,blur,self,1,london:21,london:21,15.679998,36.1773
london_query_-OOGG8lTvgHHqp3iuULlyQ,transfer_2,5678,blur,self,1,london:21,london:21,15.680000,36.1773
london_query_-OOGG8lTvgHHqp3iuULlyQ,transfer_3,5678,blur,self,2,toronto:102,london:21,15.680000,36.1773
london_query_-OOGG8lTvgHHqp3iuULlyQ,isotropic,9012,blur,self,1,london:21,london:21,15.680000,36.1773
london_query_-OOGG8lTvgHHqp3iuULlyQ,white_box,9012,blur,self,11,manila:202,london:21,15.679997,36.1773
london_query_-OOGG8lTvgHHqp3iuULlyQ,transfer_1,9012,blur,self,1,london:21,london:21,15.679997,36.1773
london_query_-OOGG8lTvgHHqp3iuULlyQ,transfer_2,9012,blur,self,1,london:21,london:21,15.679998,36.1773
london_query_-OOGG8lTvgHHqp3iuULlyQ,transfer_3,9012,blur,self,1,london:21,london:21,15.679997,36.1773
manila_query_-ColYSDtqqoE3TZ4eZHu8g,isotropic,1234,blur,self,42,cph:464,manila:189,15.680000,36.1773
manila_query_-ColYSDtqqoE3TZ4eZHu8g,white_box,1234,blur,self,2,manila:160,manila:189,15.680000,36.1773
manila_query_-ColYSDtqqoE3TZ4eZHu8g,transfer_1,1234,blur,self,22,manila:181,manila:189,15.679998,36.1773
manila_query_-ColYSDtqqoE3TZ4eZHu8g,transfer_2,1234,blur,self,1,manila:189,manila:189,15.679997,36.1773
manila_query_-ColYSDtqqoE3TZ4eZHu8g,transfer_3,1234,blur,self,25,manila:181,manila:189,15.680000,36.1773
manila_query_-ColYSDtqqoE3TZ4eZHu8g,isotropic,5678,blur,self,56,amman:13,manila:189,15.680000,36.1773
manila_query_-ColYSDtqqoE3TZ4eZHu8g,white_box,5678,blur,self,462,toronto:88,manila:189,15.679997,36.1773
manila_query_-ColYSDtqqoE3TZ4eZHu8g,transfer_1,5678,blur,self,1,manila:189,manila:189,15.680000,36.1773
manila_query_-ColYSDtqqoE3TZ4eZHu8g,transfer_2,5678,blur,self,1,manila:189,manila:189,15.679998,36.1773
manila_query_-ColYSDtqqoE3TZ4eZHu8g,transfer_3,5678,blur,self,4,manila:181,manila:189,15.679998,36.1773
manila_query_-ColYSDtqqoE3TZ4eZHu8g,isotropic,9012,blur,self,50,amman:13,manila:189,15.679998,36.1773
manila_query_-ColYSDtqqoE3TZ4eZHu8g,white_box,9012,blur,self,10,boston:234,manila:189,15.680000,36.1773
manila_query_-ColYSDtqqoE3TZ4eZHu8g,transfer_1,9012,blur,self,7,london:63,manila:189,15.679997,36.1773
manila_query_-ColYSDtqqoE3TZ4eZHu8g,transfer_2,9012,blur,self,4,manila:13,manila:189,15.679997,36.1773
manila_query_-ColYSDtqqoE3TZ4eZHu8g,transfer_3,9012,blur,self,6,manila:181,manila:189,15.680000,36.1773
nairobi_query_0R73ChZbcyJ8Z4vBaef_Jw,isotropic,1234,blur,self,37,manila:109,nairobi:10,15.680000,36.1773
nairobi_query_0R73ChZbcyJ8Z4vBaef_Jw,white_box,1234,blur,self,62,cph:245,nairobi:10,15.679997,36.1773
nairobi_query_0R73ChZbcyJ8Z4vBaef_Jw,transfer_1,1234,blur,self,327,manila:109,nairobi:10,15.679997,36.1773
nairobi_query_0R73ChZbcyJ8Z4vBaef_Jw,transfer_2,1234,blur,self,249,nairobi:4,nairobi:10,15.679998,36.1773
nairobi_query_0R73ChZbcyJ8Z4vBaef_Jw,transfer_3,1234,blur,self,32,nairobi:4,nairobi:10,15.680000,36.1773
nairobi_query_0R73ChZbcyJ8Z4vBaef_Jw,isotropic,5678,blur,self,60,manila:109,nairobi:10,15.680001,36.1773
nairobi_query_0R73ChZbcyJ8Z4vBaef_Jw,white_box,5678,blur,self,31,london:28,nairobi:10,15.679997,36.1773
nairobi_query_0R73ChZbcyJ8Z4vBaef_Jw,transfer_1,5678,blur,self,106,nairobi:4,nairobi:10,15.679997,36.1773
nairobi_query_0R73ChZbcyJ8Z4vBaef_Jw,transfer_2,5678,blur,self,118,nairobi:4,nairobi:10,15.680000,36.1773
nairobi_query_0R73ChZbcyJ8Z4vBaef_Jw,transfer_3,5678,blur,self,200,boston:237,nairobi:10,15.680001,36.1773
nairobi_query_0R73ChZbcyJ8Z4vBaef_Jw,isotropic,9012,blur,self,42,zurich:42,nairobi:10,15.680001,36.1773
nairobi_query_0R73ChZbcyJ8Z4vBaef_Jw,white_box,9012,blur,self,31,manila:190,nairobi:10,15.679997,36.1773
nairobi_query_0R73ChZbcyJ8Z4vBaef_Jw,transfer_1,9012,blur,self,153,manila:109,nairobi:10,15.680000,36.1773
nairobi_query_0R73ChZbcyJ8Z4vBaef_Jw,transfer_2,9012,blur,self,87,zurich:42,nairobi:10,15.680000,36.1773
nairobi_query_0R73ChZbcyJ8Z4vBaef_Jw,transfer_3,9012,blur,self,321,zurich:42,nairobi:10,15.679997,36.1773
toronto_query_-8BknWmZh2lEnEeect73Ww,isotropic,1234,blur,self,1,toronto:273,toronto:273,15.679997,36.1773
toronto_query_-8BknWmZh2lEnEeect73Ww,white_box,1234,blur,self,57,boston:249,toronto:273,15.680000,36.1773
toronto_query_-8BknWmZh2lEnEeect73Ww,transfer_1,1234,blur,self,1,toronto:273,toronto:273,15.679998,36.1773
toronto_query_-8BknWmZh2lEnEeect73Ww,transfer_2,1234,blur,self,1,toronto:273,toronto:273,15.680000,36.1773
toronto_query_-8BknWmZh2lEnEeect73Ww,transfer_3,1234,blur,self,1,toronto:273,toronto:273,15.680001,36.1773
toronto_query_-8BknWmZh2lEnEeect73Ww,isotropic,5678,blur,self,1,toronto:273,toronto:273,15.680000,36.1773
toronto_query_-8BknWmZh2lEnEeect73Ww,white_box,5678,blur,self,57,boston:249,toronto:273,15.680000,36.1773
toronto_query_-8BknWmZh2lEnEeect73Ww,transfer_1,5678,blur,self,1,toronto:273,toronto:273,15.680000,36.1773
toronto_query_-8BknWmZh2lEnEeect73Ww,transfer_2,5678,blur,self,1,toronto:273,toronto:273,15.679998,36.1773
toronto_query_-8BknWmZh2lEnEeect73Ww,transfer_3,5678,blur,self,1,toronto:273,toronto:273,15.680000,36.1773
toronto_query_-8BknWmZh2lEnEeect73Ww,isotropic,9012,blur,self,1,toronto:273,toronto:273,15.679998,36.1773
toronto_query_-8BknWmZh2lEnEeect73Ww,white_box,9012,blur,self,390,toronto:207,toronto:273,15.680000,36.1773
toronto_query_-8BknWmZh2lEnEeect73Ww,transfer_1,9012,blur,self,1,toronto:273,toronto:273,15.679997,36.1773
toronto_query_-8BknWmZh2lEnEeect73Ww,transfer_2,9012,blur,self,1,toronto:273,toronto:273,15.679997,36.1773
toronto_query_-8BknWmZh2lEnEeect73Ww,transfer_3,9012,blur,self,1,toronto:273,toronto:273,15.680000,36.1773
zurich_query_-TxHEY5xnZFgfnHO3ygjzw,isotropic,1234,blur,self,1,zurich:25,zurich:25,15.680000,36.1773
zurich_query_-TxHEY5xnZFgfnHO3ygjzw,white_box,1234,blur,self,55,nairobi:1,zurich:25,15.679997,36.1773
zurich_query_-TxHEY5xnZFgfnHO3ygjzw,transfer_1,1234,blur,self,1,zurich:25,zurich:25,15.680000,36.1773
zurich_query_-TxHEY5xnZFgfnHO3ygjzw,transfer_2,1234,blur,self,1,zurich:25,zurich:25,15.679997,36.1773
zurich_query_-TxHEY5xnZFgfnHO3ygjzw,transfer_3,1234,blur,self,9,nairobi:22,zurich:25,15.680000,36.1773
zurich_query_-TxHEY5xnZFgfnHO3ygjzw,isotropic,5678,blur,self,1,zurich:25,zurich:25,15.679997,36.1773
zurich_query_-TxHEY5xnZFgfnHO3ygjzw,white_box,5678,blur,self,10,london:125,zurich:25,15.680002,36.1773
zurich_query_-TxHEY5xnZFgfnHO3ygjzw,transfer_1,5678,blur,self,1,zurich:25,zurich:25,15.679997,36.1773
zurich_query_-TxHEY5xnZFgfnHO3ygjzw,transfer_2,5678,blur,self,1,zurich:25,zurich:25,15.679997,36.1773
zurich_query_-TxHEY5xnZFgfnHO3ygjzw,transfer_3,5678,blur,self,1,zurich:25,zurich:25,15.679997,36.1773
zurich_query_-TxHEY5xnZFgfnHO3ygjzw,isotropic,9012,blur,self,1,zurich:25,zurich:25,15.679997,36.1773
zurich_query_-TxHEY5xnZFgfnHO3ygjzw,white_box,9012,blur,self,9,london:125,zurich:25,15.680000,36.1773
zurich_query_-TxHEY5xnZFgfnHO3ygjzw,transfer_1,9012,blur,self,1,zurich:25,zurich:25,15.680000,36.1773
zurich_query_-TxHEY5xnZFgfnHO3ygjzw,transfer_2,9012,blur,self,1,zurich:25,zurich:25,15.680000,36.1773
zurich_query_-TxHEY5xnZFgfnHO3ygjzw,transfer_3,9012,blur,self,1,zurich:25,zurich:25,15.679997,36.1773
amman_query_051WRvR5gI1vde606oseFw,isotropic,1234,blur,self,16,amman:4,amman:23,15.679997,36.1773
amman_query_051WRvR5gI1vde606oseFw,white_box,1234,blur,self,404,london:21,amman:23,15.680000,36.1773
amman_query_051WRvR5gI1vde606oseFw,transfer_1,1234,blur,self,34,amman:4,amman:23,15.679997,36.1773
amman_query_051WRvR5gI1vde606oseFw,transfer_2,1234,blur,self,42,amman:4,amman:23,15.680000,36.1773
amman_query_051WRvR5gI1vde606oseFw,transfer_3,1234,blur,self,64,amman:4,amman:23,15.680001,36.1773
amman_query_051WRvR5gI1vde606oseFw,isotropic,5678,blur,self,16,amman:4,amman:23,15.680000,36.1773
amman_query_051WRvR5gI1vde606oseFw,white_box,5678,blur,self,314,cph:245,amman:23,15.679997,36.1773
amman_query_051WRvR5gI1vde606oseFw,transfer_1,5678,blur,self,24,amman:4,amman:23,15.680000,36.1773
amman_query_051WRvR5gI1vde606oseFw,transfer_2,5678,blur,self,32,amman:4,amman:23,15.679997,36.1773
amman_query_051WRvR5gI1vde606oseFw,transfer_3,5678,blur,self,29,amman:4,amman:23,15.679997,36.1773
amman_query_051WRvR5gI1vde606oseFw,isotropic,9012,blur,self,10,amman:4,amman:23,15.680000,36.1773
amman_query_051WRvR5gI1vde606oseFw,white_box,9012,blur,self,465,cph:245,amman:23,15.679998,36.1773
amman_query_051WRvR5gI1vde606oseFw,transfer_1,9012,blur,self,35,amman:4,amman:23,15.679997,36.1773
amman_query_051WRvR5gI1vde606oseFw,transfer_2,9012,blur,self,52,amman:4,amman:23,15.680000,36.1773
amman_query_051WRvR5gI1vde606oseFw,transfer_3,9012,blur,self,67,amman:6,amman:23,15.680000,36.1773
boston_query_-CNeDzWqfei0F-1CmA8N9A,isotropic,1234,blur,self,19,cph:500,boston:156,15.680000,36.1773
boston_query_-CNeDzWqfei0F-1CmA8N9A,white_box,1234,blur,self,173,cph:96,boston:156,15.680000,36.1773
boston_query_-CNeDzWqfei0F-1CmA8N9A,transfer_1,1234,blur,self,9,cph:176,boston:156,15.679997,36.1773
boston_query_-CNeDzWqfei0F-1CmA8N9A,transfer_2,1234,blur,self,7,cph:162,boston:156,15.679998,36.1773
boston_query_-CNeDzWqfei0F-1CmA8N9A,transfer_3,1234,blur,self,2,amman:31,boston:156,15.680000,36.1773
boston_query_-CNeDzWqfei0F-1CmA8N9A,isotropic,5678,blur,self,19,cph:500,boston:156,15.679998,36.1773
boston_query_-CNeDzWqfei0F-1CmA8N9A,white_box,5678,blur,self,53,cph:464,boston:156,15.679997,36.1773
boston_query_-CNeDzWqfei0F-1CmA8N9A,transfer_1,5678,blur,self,6,cph:500,boston:156,15.680000,36.1773
boston_query_-CNeDzWqfei0F-1CmA8N9A,transfer_2,5678,blur,self,12,cph:176,boston:156,15.679997,36.1773
boston_query_-CNeDzWqfei0F-1CmA8N9A,transfer_3,5678,blur,self,1,boston:156,boston:156,15.679998,36.1773
boston_query_-CNeDzWqfei0F-1CmA8N9A,isotropic,9012,blur,self,12,cph:500,boston:156,15.679998,36.1773
boston_query_-CNeDzWqfei0F-1CmA8N9A,white_box,9012,blur,self,23,cph:342,boston:156,15.680000,36.1773
boston_query_-CNeDzWqfei0F-1CmA8N9A,transfer_1,9012,blur,self,12,boston:145,boston:156,15.679997,36.1773
boston_query_-CNeDzWqfei0F-1CmA8N9A,transfer_2,9012,blur,self,5,cph:162,boston:156,15.679998,36.1773
boston_query_-CNeDzWqfei0F-1CmA8N9A,transfer_3,9012,blur,self,1,boston:156,boston:156,15.680000,36.1773
cph_query_-9ZOGirqZl2EVYWN1WLERg,isotropic,1234,blur,self,1,cph:162,cph:162,15.680001,36.1773
cph_query_-9ZOGirqZl2EVYWN1WLERg,white_box,1234,blur,self,98,manila:51,cph:162,15.680000,36.1773
cph_query_-9ZOGirqZl2EVYWN1WLERg,transfer_1,1234,blur,self,1,cph:162,cph:162,15.680000,36.1773
cph_query_-9ZOGirqZl2EVYWN1WLERg,transfer_2,1234,blur,self,1,cph:162,cph:162,15.680001,36.1773
cph_query_-9ZOGirqZl2EVYWN1WLERg,transfer_3,1234,blur,self,1,cph:162,cph:162,15.680000,36.1773
cph_query_-9ZOGirqZl2EVYWN1WLERg,isotropic,5678,blur,self,1,cph:162,cph:162,15.679998,36.1773
cph_query_-9ZOGirqZl2EVYWN1WLERg,white_box,5678,blur,self,115,london:125,cph:162,15.679998,36.1773
cph_query_-9ZOGirqZl2EVYWN1WLERg,transfer_1,5678,blur,self,1,cph:162,cph:162,15.680001,36.1773
cph_query_-9ZOGirqZl2EVYWN1WLERg,transfer_2,5678,blur,self,1,cph:162,cph:162,15.679998,36.1773
cph_query_-9ZOGirqZl2EVYWN1WLERg,transfer_3,5678,blur,self,1,cph:162,cph:162,15.679997,36.1773
cph_query_-9ZOGirqZl2EVYWN1WLERg,isotropic,9012,blur,self,1,cph:162,cph:162,15.679997,36.1773
cph_query_-9ZOGirqZl2EVYWN1WLERg,white_box,9012,blur,self,25,manila:51,cph:162,15.679998,36.1773
cph_query_-9ZOGirqZl2EVYWN1WLERg,transfer_1,9012,blur,self,1,cph:162,cph:162,15.679997,36.1773
cph_query_-9ZOGirqZl2EVYWN1WLERg,transfer_2,9012,blur,self,1,cph:162,cph:162,15.680000,36.1773
cph_query_-9ZOGirqZl2EVYWN1WLERg,transfer_3,9012,blur,self,1,cph:162,cph:162,15.680001,36.1773
london_query_-TmVvxY52h9CjrIUzBbCgw,isotropic,1234,blur,self,109,amman:30,london:129,15.679997,36.1773
london_query_-TmVvxY52h9CjrIUzBbCgw,white_box,1234,blur,self,226,zurich:105,london:129,15.680000,36.1773
london_query_-TmVvxY52h9CjrIUzBbCgw,transfer_1,1234,blur,self,121,boston:79,london:129,15.679998,36.1773
london_query_-TmVvxY52h9CjrIUzBbCgw,transfer_2,1234,blur,self,89,zurich:5,london:129,15.679997,36.1773
london_query_-TmVvxY52h9CjrIUzBbCgw,transfer_3,1234,blur,self,97,boston:79,london:129,15.680001,36.1773
london_query_-TmVvxY52h9CjrIUzBbCgw,isotropic,5678,blur,self,74,amman:30,london:129,15.679996,36.1773
london_query_-TmVvxY52h9CjrIUzBbCgw,white_box,5678,blur,self,28,london:121,london:129,15.680000,36.1773
london_query_-TmVvxY52h9CjrIUzBbCgw,transfer_1,5678,blur,self,86,zurich:5,london:129,15.680000,36.1773
london_query_-TmVvxY52h9CjrIUzBbCgw,transfer_2,5678,blur,self,100,boston:249,london:129,15.679997,36.1773
london_query_-TmVvxY52h9CjrIUzBbCgw,transfer_3,5678,blur,self,218,cph:242,london:129,15.679997,36.1773
london_query_-TmVvxY52h9CjrIUzBbCgw,isotropic,9012,blur,self,123,amman:30,london:129,15.679997,36.1773
london_query_-TmVvxY52h9CjrIUzBbCgw,white_box,9012,blur,self,1677,boston:235,london:129,15.679996,36.1773
london_query_-TmVvxY52h9CjrIUzBbCgw,transfer_1,9012,blur,self,32,amman:30,london:129,15.680000,36.1773
london_query_-TmVvxY52h9CjrIUzBbCgw,transfer_2,9012,blur,self,17,boston:249,london:129,15.679998,36.1773
london_query_-TmVvxY52h9CjrIUzBbCgw,transfer_3,9012,blur,self,243,manila:92,london:129,15.680001,36.1773
manila_query_-ELxcda6ePiuO6nR3VP3-A,isotropic,1234,blur,self,1,manila:20,manila:20,15.680000,36.1773
manila_query_-ELxcda6ePiuO6nR3VP3-A,white_box,1234,blur,self,4,manila:29,manila:20,15.680001,36.1773
manila_query_-ELxcda6ePiuO6nR3VP3-A,transfer_1,1234,blur,self,1,manila:20,manila:20,15.680000,36.1773
manila_query_-ELxcda6ePiuO6nR3VP3-A,transfer_2,1234,blur,self,5,manila:33,manila:20,15.680000,36.1773
manila_query_-ELxcda6ePiuO6nR3VP3-A,transfer_3,1234,blur,self,1,manila:20,manila:20,15.679997,36.1773
manila_query_-ELxcda6ePiuO6nR3VP3-A,isotropic,5678,blur,self,1,manila:20,manila:20,15.680001,36.1773
manila_query_-ELxcda6ePiuO6nR3VP3-A,white_box,5678,blur,self,1,manila:20,manila:20,15.679998,36.1773
manila_query_-ELxcda6ePiuO6nR3VP3-A,transfer_1,5678,blur,self,4,manila:33,manila:20,15.680000,36.1773
manila_query_-ELxcda6ePiuO6nR3VP3-A,transfer_2,5678,blur,self,5,manila:33,manila:20,15.680000,36.1773
manila_query_-ELxcda6ePiuO6nR3VP3-A,transfer_3,5678,blur,self,1,manila:20,manila:20,15.679997,36.1773
manila_query_-ELxcda6ePiuO6nR3VP3-A,isotropic,9012,blur,self,1,manila:20,manila:20,15.679998,36.1773
manila_query_-ELxcda6ePiuO6nR3VP3-A,white_box,9012,blur,self,495,london:34,manila:20,15.680000,36.1773
manila_query_-ELxcda6ePiuO6nR3VP3-A,transfer_1,9012,blur,self,1,manila:20,manila:20,15.679997,36.1773
manila_query_-ELxcda6ePiuO6nR3VP3-A,transfer_2,9012,blur,self,1,manila:20,manila:20,15.680000,36.1773
manila_query_-ELxcda6ePiuO6nR3VP3-A,transfer_3,9012,blur,self,2,manila:54,manila:20,15.679997,36.1773
nairobi_query_0TzVtw0twyRTMFGP-VzE8A,isotropic,1234,blur,self,34,amman:1,nairobi:17,15.679998,36.1773
nairobi_query_0TzVtw0twyRTMFGP-VzE8A,white_box,1234,blur,self,704,amman:1,nairobi:17,15.679998,36.1773
nairobi_query_0TzVtw0twyRTMFGP-VzE8A,transfer_1,1234,blur,self,122,amman:1,nairobi:17,15.680000,36.1773
nairobi_query_0TzVtw0twyRTMFGP-VzE8A,transfer_2,1234,blur,self,256,nairobi:3,nairobi:17,15.680000,36.1773
nairobi_query_0TzVtw0twyRTMFGP-VzE8A,transfer_3,1234,blur,self,479,nairobi:3,nairobi:17,15.679996,36.1773
nairobi_query_0TzVtw0twyRTMFGP-VzE8A,isotropic,5678,blur,self,48,amman:1,nairobi:17,15.680000,36.1773
nairobi_query_0TzVtw0twyRTMFGP-VzE8A,white_box,5678,blur,self,543,boston:99,nairobi:17,15.679997,36.1773
nairobi_query_0TzVtw0twyRTMFGP-VzE8A,transfer_1,5678,blur,self,73,amman:1,nairobi:17,15.680000,36.1773
nairobi_query_0TzVtw0twyRTMFGP-VzE8A,transfer_2,5678,blur,self,155,nairobi:3,nairobi:17,15.680001,36.1773
nairobi_query_0TzVtw0twyRTMFGP-VzE8A,transfer_3,5678,blur,self,380,nairobi:3,nairobi:17,15.680001,36.1773
nairobi_query_0TzVtw0twyRTMFGP-VzE8A,isotropic,9012,blur,self,15,amman:1,nairobi:17,15.679996,36.1773
nairobi_query_0TzVtw0twyRTMFGP-VzE8A,white_box,9012,blur,self,219,nairobi:3,nairobi:17,15.679998,36.1773
nairobi_query_0TzVtw0twyRTMFGP-VzE8A,transfer_1,9012,blur,self,96,nairobi:3,nairobi:17,15.679997,36.1773
nairobi_query_0TzVtw0twyRTMFGP-VzE8A,transfer_2,9012,blur,self,312,nairobi:3,nairobi:17,15.679997,36.1773
nairobi_query_0TzVtw0twyRTMFGP-VzE8A,transfer_3,9012,blur,self,105,nairobi:3,nairobi:17,15.680000,36.1773
toronto_query_-8NbZpIbjwqAXwoRMmYddg,isotropic,1234,blur,self,35,amman:23,toronto:196,15.680000,36.1773
toronto_query_-8NbZpIbjwqAXwoRMmYddg,white_box,1234,blur,self,13,toronto:200,toronto:196,15.679997,36.1773
toronto_query_-8NbZpIbjwqAXwoRMmYddg,transfer_1,1234,blur,self,13,amman:23,toronto:196,15.679998,36.1773
toronto_query_-8NbZpIbjwqAXwoRMmYddg,transfer_2,1234,blur,self,5,amman:23,toronto:196,15.680001,36.1773
toronto_query_-8NbZpIbjwqAXwoRMmYddg,transfer_3,1234,blur,self,4,toronto:426,toronto:196,15.679997,36.1773
toronto_query_-8NbZpIbjwqAXwoRMmYddg,isotropic,5678,blur,self,24,amman:23,toronto:196,15.679998,36.1773
toronto_query_-8NbZpIbjwqAXwoRMmYddg,white_box,5678,blur,self,27,toronto:200,toronto:196,15.679997,36.1773
toronto_query_-8NbZpIbjwqAXwoRMmYddg,transfer_1,5678,blur,self,8,toronto:426,toronto:196,15.679997,36.1773
toronto_query_-8NbZpIbjwqAXwoRMmYddg,transfer_2,5678,blur,self,2,toronto:426,toronto:196,15.680000,36.1773
toronto_query_-8NbZpIbjwqAXwoRMmYddg,transfer_3,5678,blur,self,3,toronto:426,toronto:196,15.679998,36.1773
toronto_query_-8NbZpIbjwqAXwoRMmYddg,isotropic,9012,blur,self,38,amman:23,toronto:196,15.679998,36.1773
toronto_query_-8NbZpIbjwqAXwoRMmYddg,white_box,9012,blur,self,17,toronto:200,toronto:196,15.679997,36.1773
toronto_query_-8NbZpIbjwqAXwoRMmYddg,transfer_1,9012,blur,self,16,toronto:274,toronto:196,15.679998,36.1773
toronto_query_-8NbZpIbjwqAXwoRMmYddg,transfer_2,9012,blur,self,7,toronto:274,toronto:196,15.679998,36.1773
toronto_query_-8NbZpIbjwqAXwoRMmYddg,transfer_3,9012,blur,self,2,toronto:426,toronto:196,15.679998,36.1773
zurich_query_-Vs9xzO47S-0Cfs9o81wvQ,isotropic,1234,blur,self,5,manila:72,zurich:27,15.680000,36.1773
zurich_query_-Vs9xzO47S-0Cfs9o81wvQ,white_box,1234,blur,self,70,manila:23,zurich:27,15.679997,36.1773
zurich_query_-Vs9xzO47S-0Cfs9o81wvQ,transfer_1,1234,blur,self,5,toronto:426,zurich:27,15.680000,36.1773
zurich_query_-Vs9xzO47S-0Cfs9o81wvQ,transfer_2,1234,blur,self,8,toronto:426,zurich:27,15.680000,36.1773
zurich_query_-Vs9xzO47S-0Cfs9o81wvQ,transfer_3,1234,blur,self,13,zurich:61,zurich:27,15.679997,36.1773
zurich_query_-Vs9xzO47S-0Cfs9o81wvQ,isotropic,5678,blur,self,6,cph:162,zurich:27,15.680000,36.1773
zurich_query_-Vs9xzO47S-0Cfs9o81wvQ,white_box,5678,blur,self,299,boston:123,zurich:27,15.679998,36.1773
zurich_query_-Vs9xzO47S-0Cfs9o81wvQ,transfer_1,5678,blur,self,3,toronto:426,zurich:27,15.679997,36.1773
zurich_query_-Vs9xzO47S-0Cfs9o81wvQ,transfer_2,5678,blur,self,8,cph:162,zurich:27,15.680000,36.1773
zurich_query_-Vs9xzO47S-0Cfs9o81wvQ,transfer_3,5678,blur,self,20,zurich:61,zurich:27,15.679997,36.1773
zurich_query_-Vs9xzO47S-0Cfs9o81wvQ,isotropic,9012,blur,self,6,manila:72,zurich:27,15.680000,36.1773
zurich_query_-Vs9xzO47S-0Cfs9o81wvQ,white_box,9012,blur,self,84,boston:123,zurich:27,15.680000,36.1773
zurich_query_-Vs9xzO47S-0Cfs9o81wvQ,transfer_1,9012,blur,self,6,manila:72,zurich:27,15.680001,36.1773
zurich_query_-Vs9xzO47S-0Cfs9o81wvQ,transfer_2,9012,blur,self,4,manila:72,zurich:27,15.679997,36.1773
zurich_query_-Vs9xzO47S-0Cfs9o81wvQ,transfer_3,9012,blur,self,17,manila:33,zurich:27,15.679997,36.1773
amman_query_0CjrhmzpvqXBOIBsGB6LcQ,isotropic,1234,blur,self,1,amman:21,amman:21,15.679997,36.1773
amman_query_0CjrhmzpvqXBOIBsGB6LcQ,white_box,1234,blur,self,204,london:125,amman:21,15.680000,36.1773
amman_query_0CjrhmzpvqXBOIBsGB6LcQ,transfer_1,1234,blur,self,1,amman:21,amman:21,15.679998,36.1773
amman_query_0CjrhmzpvqXBOIBsGB6LcQ,transfer_2,1234,blur,self,1,amman:21,amman:21,15.680000,36.1773
amman_query_0CjrhmzpvqXBOIBsGB6LcQ,transfer_3,1234,blur,self,1,amman:21,amman:21,15.679996,36.1773
amman_query_0CjrhmzpvqXBOIBsGB6LcQ,isotropic,5678,blur,self,1,amman:21,amman:21,15.679998,36.1773
amman_query_0CjrhmzpvqXBOIBsGB6LcQ,white_box,5678,blur,self,57,london:125,amman:21,15.679998,36.1773
amman_query_0CjrhmzpvqXBOIBsGB6LcQ,transfer_1,5678,blur,self,1,amman:21,amman:21,15.679998,36.1773
amman_query_0CjrhmzpvqXBOIBsGB6LcQ,transfer_2,5678,blur,self,1,amman:21,amman:21,15.680000,36.1773
amman_query_0CjrhmzpvqXBOIBsGB6LcQ,transfer_3,5678,blur,self,1,amman:21,amman:21,15.680000,36.1773
amman_query_0CjrhmzpvqXBOIBsGB6LcQ,isotropic,9012,blur,self,1,amman:21,amman:21,15.679997,36.1773
amman_query_0CjrhmzpvqXBOIBsGB6LcQ,white_box,9012,blur,self,151,london:125,amman:21,15.679998,36.1773
amman_query_0CjrhmzpvqXBOIBsGB6LcQ,transfer_1,9012,blur,self,1,amman:21,amman:21,15.680000,36.1773
amman_query_0CjrhmzpvqXBOIBsGB6LcQ,transfer_2,9012,blur,self,1,amman:21,amman:21,15.680000,36.1773
amman_query_0CjrhmzpvqXBOIBsGB6LcQ,transfer_3,9012,blur,self,1,amman:21,amman:21,15.679997,36.1773
boston_query_-D-onyWSIw3M1SbsxL7X-g,isotropic,1234,blur,self,100,boston:79,boston:27,15.679997,36.1773
boston_query_-D-onyWSIw3M1SbsxL7X-g,white_box,1234,blur,self,57,boston:79,boston:27,15.679997,36.1773
boston_query_-D-onyWSIw3M1SbsxL7X-g,transfer_1,1234,blur,self,90,boston:79,boston:27,15.679998,36.1773
boston_query_-D-onyWSIw3M1SbsxL7X-g,transfer_2,1234,blur,self,15,boston:79,boston:27,15.680000,36.1773
boston_query_-D-onyWSIw3M1SbsxL7X-g,transfer_3,1234,blur,self,53,zurich:104,boston:27,15.680000,36.1773
boston_query_-D-onyWSIw3M1SbsxL7X-g,isotropic,5678,blur,self,98,boston:79,boston:27,15.679998,36.1773
boston_query_-D-onyWSIw3M1SbsxL7X-g,white_box,5678,blur,self,12,boston:234,boston:27,15.680000,36.1773
boston_query_-D-onyWSIw3M1SbsxL7X-g,transfer_1,5678,blur,self,41,boston:79,boston:27,15.679998,36.1773
boston_query_-D-onyWSIw3M1SbsxL7X-g,transfer_2,5678,blur,self,76,boston:79,boston:27,15.679996,36.1773
boston_query_-D-onyWSIw3M1SbsxL7X-g,transfer_3,5678,blur,self,57,boston:79,boston:27,15.680000,36.1773
boston_query_-D-onyWSIw3M1SbsxL7X-g,isotropic,9012,blur,self,126,boston:79,boston:27,15.680002,36.1773
boston_query_-D-onyWSIw3M1SbsxL7X-g,white_box,9012,blur,self,63,boston:235,boston:27,15.679998,36.1773
boston_query_-D-onyWSIw3M1SbsxL7X-g,transfer_1,9012,blur,self,99,boston:79,boston:27,15.680000,36.1773
boston_query_-D-onyWSIw3M1SbsxL7X-g,transfer_2,9012,blur,self,39,boston:79,boston:27,15.680000,36.1773
boston_query_-D-onyWSIw3M1SbsxL7X-g,transfer_3,9012,blur,self,50,zurich:104,boston:27,15.679998,36.1773
cph_query_-AowxxrsOr_xM02-ZyrQ5A,isotropic,1234,blur,self,2,manila:20,cph:96,15.680000,36.1773
cph_query_-AowxxrsOr_xM02-ZyrQ5A,white_box,1234,blur,self,21,manila:54,cph:96,15.679997,36.1773
cph_query_-AowxxrsOr_xM02-ZyrQ5A,transfer_1,1234,blur,self,14,london:122,cph:96,15.680000,36.1773
cph_query_-AowxxrsOr_xM02-ZyrQ5A,transfer_2,1234,blur,self,11,manila:20,cph:96,15.679998,36.1773
cph_query_-AowxxrsOr_xM02-ZyrQ5A,transfer_3,1234,blur,self,15,cph:345,cph:96,15.679997,36.1773
cph_query_-AowxxrsOr_xM02-ZyrQ5A,isotropic,5678,blur,self,4,manila:20,cph:96,15.679998,36.1773
cph_query_-AowxxrsOr_xM02-ZyrQ5A,white_box,5678,blur,self,60,london:34,cph:96,15.680000,36.1773
cph_query_-AowxxrsOr_xM02-ZyrQ5A,transfer_1,5678,blur,self,11,manila:20,cph:96,15.680001,36.1773
cph_query_-AowxxrsOr_xM02-ZyrQ5A,transfer_2,5678,blur,self,5,london:122,cph:96,15.679997,36.1773
cph_query_-AowxxrsOr_xM02-ZyrQ5A,transfer_3,5678,blur,self,26,london:122,cph:96,15.679997,36.1773
cph_query_-AowxxrsOr_xM02-ZyrQ5A,isotropic,9012,blur,self,4,manila:20,cph:96,15.680000,36.1773
cph_query_-AowxxrsOr_xM02-ZyrQ5A,white_box,9012,blur,self,264,toronto:258,cph:96,15.679997,36.1773
cph_query_-AowxxrsOr_xM02-ZyrQ5A,transfer_1,9012,blur,self,15,manila:20,cph:96,15.679997,36.1773
cph_query_-AowxxrsOr_xM02-ZyrQ5A,transfer_2,9012,blur,self,6,manila:20,cph:96,15.679997,36.1773
cph_query_-AowxxrsOr_xM02-ZyrQ5A,transfer_3,9012,blur,self,8,toronto:23,cph:96,15.679998,36.1773
london_query_-UeH_UbGnPshWdeEEYfhyQ,isotropic,1234,blur,self,56,boston:90,london:121,15.680000,36.1773
london_query_-UeH_UbGnPshWdeEEYfhyQ,white_box,1234,blur,self,256,manila:135,london:121,15.680000,36.1773
london_query_-UeH_UbGnPshWdeEEYfhyQ,transfer_1,1234,blur,self,18,boston:90,london:121,15.680000,36.1773
london_query_-UeH_UbGnPshWdeEEYfhyQ,transfer_2,1234,blur,self,128,boston:90,london:121,15.680000,36.1773
london_query_-UeH_UbGnPshWdeEEYfhyQ,transfer_3,1234,blur,self,517,zurich:19,london:121,15.680000,36.1773
london_query_-UeH_UbGnPshWdeEEYfhyQ,isotropic,5678,blur,self,66,boston:90,london:121,15.679998,36.1773
london_query_-UeH_UbGnPshWdeEEYfhyQ,white_box,5678,blur,self,1427,manila:190,london:121,15.680000,36.1773
london_query_-UeH_UbGnPshWdeEEYfhyQ,transfer_1,5678,blur,self,59,boston:90,london:121,15.680000,36.1773
london_query_-UeH_UbGnPshWdeEEYfhyQ,transfer_2,5678,blur,self,19,boston:90,london:121,15.679997,36.1773
london_query_-UeH_UbGnPshWdeEEYfhyQ,transfer_3,5678,blur,self,52,london:111,london:121,15.679998,36.1773
london_query_-UeH_UbGnPshWdeEEYfhyQ,isotropic,9012,blur,self,61,boston:90,london:121,15.680000,36.1773
london_query_-UeH_UbGnPshWdeEEYfhyQ,white_box,9012,blur,self,1055,manila:46,london:121,15.679997,36.1773
london_query_-UeH_UbGnPshWdeEEYfhyQ,transfer_1,9012,blur,self,127,boston:90,london:121,15.679997,36.1773
london_query_-UeH_UbGnPshWdeEEYfhyQ,transfer_2,9012,blur,self,28,nairobi:1,london:121,15.679998,36.1773
london_query_-UeH_UbGnPshWdeEEYfhyQ,transfer_3,9012,blur,self,127,boston:99,london:121,15.679996,36.1773
manila_query_-EVOy4h35ZUyBK4r6uBM5g,isotropic,1234,blur,self,66,boston:239,manila:15,15.680000,36.1773
manila_query_-EVOy4h35ZUyBK4r6uBM5g,white_box,1234,blur,self,593,zurich:14,manila:15,15.680000,36.1773
manila_query_-EVOy4h35ZUyBK4r6uBM5g,transfer_1,1234,blur,self,191,boston:239,manila:15,15.680000,36.1773
manila_query_-EVOy4h35ZUyBK4r6uBM5g,transfer_2,1234,blur,self,267,manila:153,manila:15,15.679998,36.1773
manila_query_-EVOy4h35ZUyBK4r6uBM5g,transfer_3,1234,blur,self,453,manila:153,manila:15,15.680000,36.1773
manila_query_-EVOy4h35ZUyBK4r6uBM5g,isotropic,5678,blur,self,74,boston:239,manila:15,15.679997,36.1773
manila_query_-EVOy4h35ZUyBK4r6uBM5g,white_box,5678,blur,self,860,zurich:14,manila:15,15.679997,36.1773
manila_query_-EVOy4h35ZUyBK4r6uBM5g,transfer_1,5678,blur,self,155,boston:239,manila:15,15.679998,36.1773
manila_query_-EVOy4h35ZUyBK4r6uBM5g,transfer_2,5678,blur,self,176,manila:153,manila:15,15.679996,36.1773
manila_query_-EVOy4h35ZUyBK4r6uBM5g,transfer_3,5678,blur,self,239,manila:153,manila:15,15.680000,36.1773
manila_query_-EVOy4h35ZUyBK4r6uBM5g,isotropic,9012,blur,self,82,boston:239,manila:15,15.680001,36.1773
manila_query_-EVOy4h35ZUyBK4r6uBM5g,white_box,9012,blur,self,661,zurich:14,manila:15,15.680000,36.1773
manila_query_-EVOy4h35ZUyBK4r6uBM5g,transfer_1,9012,blur,self,143,boston:239,manila:15,15.679998,36.1773
manila_query_-EVOy4h35ZUyBK4r6uBM5g,transfer_2,9012,blur,self,225,boston:239,manila:15,15.680000,36.1773
manila_query_-EVOy4h35ZUyBK4r6uBM5g,transfer_3,9012,blur,self,377,manila:189,manila:15,15.680000,36.1773
nairobi_query_0YY7sOJF2Kr1PfPB1KidBg,isotropic,1234,blur,self,33,london:85,nairobi:3,15.679995,36.1773
nairobi_query_0YY7sOJF2Kr1PfPB1KidBg,white_box,1234,blur,self,17,manila:106,nairobi:3,15.679996,36.1773
nairobi_query_0YY7sOJF2Kr1PfPB1KidBg,transfer_1,1234,blur,self,12,london:85,nairobi:3,15.680000,36.1773
nairobi_query_0YY7sOJF2Kr1PfPB1KidBg,transfer_2,1234,blur,self,15,london:85,nairobi:3,15.680000,36.1773
nairobi_query_0YY7sOJF2Kr1PfPB1KidBg,transfer_3,1234,blur,self,2,london:85,nairobi:3,15.680000,36.1773
nairobi_query_0YY7sOJF2Kr1PfPB1KidBg,isotropic,5678,blur,self,8,london:85,nairobi:3,15.680001,36.1773
nairobi_query_0YY7sOJF2Kr1PfPB1KidBg,white_box,5678,blur,self,33,manila:72,nairobi:3,15.679998,36.1773
nairobi_query_0YY7sOJF2Kr1PfPB1KidBg,transfer_1,5678,blur,self,9,london:85,nairobi:3,15.679997,36.1773
nairobi_query_0YY7sOJF2Kr1PfPB1KidBg,transfer_2,5678,blur,self,11,london:85,nairobi:3,15.679997,36.1773
nairobi_query_0YY7sOJF2Kr1PfPB1KidBg,transfer_3,5678,blur,self,57,boston:123,nairobi:3,15.680000,36.1773
nairobi_query_0YY7sOJF2Kr1PfPB1KidBg,isotropic,9012,blur,self,16,london:85,nairobi:3,15.680000,36.1773
nairobi_query_0YY7sOJF2Kr1PfPB1KidBg,white_box,9012,blur,self,112,manila:106,nairobi:3,15.680000,36.1773
nairobi_query_0YY7sOJF2Kr1PfPB1KidBg,transfer_1,9012,blur,self,10,london:85,nairobi:3,15.680000,36.1773
nairobi_query_0YY7sOJF2Kr1PfPB1KidBg,transfer_2,9012,blur,self,9,london:85,nairobi:3,15.680000,36.1773
nairobi_query_0YY7sOJF2Kr1PfPB1KidBg,transfer_3,9012,blur,self,3,london:85,nairobi:3,15.680000,36.1773
toronto_query_-8Q-Otkctyr1cXAnmn2BEw,isotropic,1234,blur,self,5,toronto:103,toronto:23,15.680000,36.1773
toronto_query_-8Q-Otkctyr1cXAnmn2BEw,white_box,1234,blur,self,27,boston:123,toronto:23,15.679998,36.1773
toronto_query_-8Q-Otkctyr1cXAnmn2BEw,transfer_1,1234,blur,self,12,london:76,toronto:23,15.679997,36.1773
toronto_query_-8Q-Otkctyr1cXAnmn2BEw,transfer_2,1234,blur,self,19,boston:168,toronto:23,15.680000,36.1773
toronto_query_-8Q-Otkctyr1cXAnmn2BEw,transfer_3,1234,blur,self,9,toronto:218,toronto:23,15.679998,36.1773
toronto_query_-8Q-Otkctyr1cXAnmn2BEw,isotropic,5678,blur,self,11,toronto:103,toronto:23,15.679997,36.1773
toronto_query_-8Q-Otkctyr1cXAnmn2BEw,white_box,5678,blur,self,36,manila:190,toronto:23,15.680002,36.1773
toronto_query_-8Q-Otkctyr1cXAnmn2BEw,transfer_1,5678,blur,self,14,manila:51,toronto:23,15.680000,36.1773
toronto_query_-8Q-Otkctyr1cXAnmn2BEw,transfer_2,5678,blur,self,20,manila:51,toronto:23,15.680000,36.1773
toronto_query_-8Q-Otkctyr1cXAnmn2BEw,transfer_3,5678,blur,self,22,manila:106,toronto:23,15.679998,36.1773
toronto_query_-8Q-Otkctyr1cXAnmn2BEw,isotropic,9012,blur,self,16,toronto:103,toronto:23,15.679995,36.1773
toronto_query_-8Q-Otkctyr1cXAnmn2BEw,white_box,9012,blur,self,122,boston:123,toronto:23,15.680000,36.1773
toronto_query_-8Q-Otkctyr1cXAnmn2BEw,transfer_1,9012,blur,self,5,manila:51,toronto:23,15.679997,36.1773
toronto_query_-8Q-Otkctyr1cXAnmn2BEw,transfer_2,9012,blur,self,23,boston:168,toronto:23,15.680000,36.1773
toronto_query_-8Q-Otkctyr1cXAnmn2BEw,transfer_3,9012,blur,self,7,toronto:218,toronto:23,15.679997,36.1773
zurich_query_-ZAb7eYhYeo1yW06_paa_g,isotropic,1234,blur,self,1,zurich:27,zurich:27,15.679997,36.1773
zurich_query_-ZAb7eYhYeo1yW06_paa_g,white_box,1234,blur,self,6,amman:26,zurich:27,15.680002,36.1773
zurich_query_-ZAb7eYhYeo1yW06_paa_g,transfer_1,1234,blur,self,1,zurich:27,zurich:27,15.679998,36.1773
zurich_query_-ZAb7eYhYeo1yW06_paa_g,transfer_2,1234,blur,self,1,zurich:27,zurich:27,15.679998,36.1773
zurich_query_-ZAb7eYhYeo1yW06_paa_g,transfer_3,1234,blur,self,1,zurich:27,zurich:27,15.680000,36.1773
zurich_query_-ZAb7eYhYeo1yW06_paa_g,isotropic,5678,blur,self,1,zurich:27,zurich:27,15.679998,36.1773
zurich_query_-ZAb7eYhYeo1yW06_paa_g,white_box,5678,blur,self,32,manila:140,zurich:27,15.679998,36.1773
zurich_query_-ZAb7eYhYeo1yW06_paa_g,transfer_1,5678,blur,self,1,zurich:27,zurich:27,15.679998,36.1773
zurich_query_-ZAb7eYhYeo1yW06_paa_g,transfer_2,5678,blur,self,1,zurich:27,zurich:27,15.679998,36.1773
zurich_query_-ZAb7eYhYeo1yW06_paa_g,transfer_3,5678,blur,self,1,zurich:27,zurich:27,15.679998,36.1773
zurich_query_-ZAb7eYhYeo1yW06_paa_g,isotropic,9012,blur,self,1,zurich:27,zurich:27,15.680001,36.1773
zurich_query_-ZAb7eYhYeo1yW06_paa_g,white_box,9012,blur,self,12,amman:26,zurich:27,15.679998,36.1773
zurich_query_-ZAb7eYhYeo1yW06_paa_g,transfer_1,9012,blur,self,1,zurich:27,zurich:27,15.680000,36.1773
zurich_query_-ZAb7eYhYeo1yW06_paa_g,transfer_2,9012,blur,self,1,zurich:27,zurich:27,15.679997,36.1773
zurich_query_-ZAb7eYhYeo1yW06_paa_g,transfer_3,9012,blur,self,1,zurich:27,zurich:27,15.680000,36.1773
amman_query_0IvHKlYEfFEP39KRxr9UZg,isotropic,1234,blur,self,1,amman:22,amman:22,15.680000,36.1773
amman_query_0IvHKlYEfFEP39KRxr9UZg,white_box,1234,blur,self,198,cph:464,amman:22,15.679997,36.1773
amman_query_0IvHKlYEfFEP39KRxr9UZg,transfer_1,1234,blur,self,2,amman:13,amman:22,15.680001,36.1773
amman_query_0IvHKlYEfFEP39KRxr9UZg,transfer_2,1234,blur,self,1,amman:22,amman:22,15.679998,36.1773
amman_query_0IvHKlYEfFEP39KRxr9UZg,transfer_3,1234,blur,self,2,amman:13,amman:22,15.679997,36.1773
amman_query_0IvHKlYEfFEP39KRxr9UZg,isotropic,5678,blur,self,1,amman:22,amman:22,15.680000,36.1773
amman_query_0IvHKlYEfFEP39KRxr9UZg,white_box,5678,blur,self,73,zurich:61,amman:22,15.680000,36.1773
amman_query_0IvHKlYEfFEP39KRxr9UZg,transfer_1,5678,blur,self,1,amman:22,amman:22,15.680000,36.1773
amman_query_0IvHKlYEfFEP39KRxr9UZg,transfer_2,5678,blur,self,1,amman:22,amman:22,15.679997,36.1773
amman_query_0IvHKlYEfFEP39KRxr9UZg,transfer_3,5678,blur,self,1,amman:22,amman:22,15.680001,36.1773
amman_query_0IvHKlYEfFEP39KRxr9UZg,isotropic,9012,blur,self,1,amman:22,amman:22,15.680000,36.1773
amman_query_0IvHKlYEfFEP39KRxr9UZg,white_box,9012,blur,self,102,manila:51,amman:22,15.679998,36.1773
amman_query_0IvHKlYEfFEP39KRxr9UZg,transfer_1,9012,blur,self,1,amman:22,amman:22,15.680000,36.1773
amman_query_0IvHKlYEfFEP39KRxr9UZg,transfer_2,9012,blur,self,1,amman:22,amman:22,15.680000,36.1773
amman_query_0IvHKlYEfFEP39KRxr9UZg,transfer_3,9012,blur,self,2,cph:33,amman:22,15.680000,36.1773
boston_query_-DYvemYiNwx_BmPSrlUWIA,isotropic,1234,blur,self,67,amman:32,boston:144,15.680000,36.1773
boston_query_-DYvemYiNwx_BmPSrlUWIA,white_box,1234,blur,self,90,cph:33,boston:144,15.680002,36.1773
boston_query_-DYvemYiNwx_BmPSrlUWIA,transfer_1,1234,blur,self,83,boston:123,boston:144,15.680001,36.1773
boston_query_-DYvemYiNwx_BmPSrlUWIA,transfer_2,1234,blur,self,51,zurich:42,boston:144,15.679998,36.1773
boston_query_-DYvemYiNwx_BmPSrlUWIA,transfer_3,1234,blur,self,48,boston:90,boston:144,15.679997,36.1773
boston_query_-DYvemYiNwx_BmPSrlUWIA,isotropic,5678,blur,self,64,amman:32,boston:144,15.679997,36.1773
boston_query_-DYvemYiNwx_BmPSrlUWIA,white_box,5678,blur,self,130,nairobi:3,boston:144,15.679998,36.1773
boston_query_-DYvemYiNwx_BmPSrlUWIA,transfer_1,5678,blur,self,95,boston:19,boston:144,15.680001,36.1773
boston_query_-DYvemYiNwx_BmPSrlUWIA,transfer_2,5678,blur,self,99,zurich:42,boston:144,15.680000,36.1773
boston_query_-DYvemYiNwx_BmPSrlUWIA,transfer_3,5678,blur,self,86,manila:46,boston:144,15.680000,36.1773
boston_query_-DYvemYiNwx_BmPSrlUWIA,isotropic,9012,blur,self,73,amman:32,boston:144,15.680000,36.1773
boston_query_-DYvemYiNwx_BmPSrlUWIA,white_box,9012,blur,self,94,manila:190,boston:144,15.679997,36.1773
boston_query_-DYvemYiNwx_BmPSrlUWIA,transfer_1,9012,blur,self,81,zurich:42,boston:144,15.679998,36.1773
boston_query_-DYvemYiNwx_BmPSrlUWIA,transfer_2,9012,blur,self,50,zurich:42,boston:144,15.679997,36.1773
boston_query_-DYvemYiNwx_BmPSrlUWIA,transfer_3,9012,blur,self,26,boston:19,boston:144,15.680000,36.1773
cph_query_-BH_JCTriNnLeoSt0e51lQ,isotropic,1234,blur,self,1094,boston:98,cph:429,15.680000,36.1773
cph_query_-BH_JCTriNnLeoSt0e51lQ,white_box,1234,blur,self,231,cph:342,cph:429,15.679997,36.1773
cph_query_-BH_JCTriNnLeoSt0e51lQ,transfer_1,1234,blur,self,881,boston:98,cph:429,15.679998,36.1773
cph_query_-BH_JCTriNnLeoSt0e51lQ,transfer_2,1234,blur,self,794,boston:98,cph:429,15.680000,36.1773
cph_query_-BH_JCTriNnLeoSt0e51lQ,transfer_3,1234,blur,self,550,boston:98,cph:429,15.679997,36.1773
cph_query_-BH_JCTriNnLeoSt0e51lQ,isotropic,5678,blur,self,980,boston:98,cph:429,15.679998,36.1773
cph_query_-BH_JCTriNnLeoSt0e51lQ,white_box,5678,blur,self,310,amman:29,cph:429,15.679997,36.1773
cph_query_-BH_JCTriNnLeoSt0e51lQ,transfer_1,5678,blur,self,749,boston:98,cph:429,15.679997,36.1773
cph_query_-BH_JCTriNnLeoSt0e51lQ,transfer_2,5678,blur,self,619,boston:98,cph:429,15.680000,36.1773
cph_query_-BH_JCTriNnLeoSt0e51lQ,transfer_3,5678,blur,self,579,boston:98,cph:429,15.680001,36.1773
cph_query_-BH_JCTriNnLeoSt0e51lQ,isotropic,9012,blur,self,1013,boston:98,cph:429,15.679997,36.1773
cph_query_-BH_JCTriNnLeoSt0e51lQ,white_box,9012,blur,self,448,manila:23,cph:429,15.680000,36.1773
cph_query_-BH_JCTriNnLeoSt0e51lQ,transfer_1,9012,blur,self,678,boston:98,cph:429,15.679997,36.1773
cph_query_-BH_JCTriNnLeoSt0e51lQ,transfer_2,9012,blur,self,701,boston:98,cph:429,15.680000,36.1773
cph_query_-BH_JCTriNnLeoSt0e51lQ,transfer_3,9012,blur,self,967,boston:235,cph:429,15.679997,36.1773
london_query_-WUdEGuLIX2B2T8rBV0Rgw,isotropic,1234,blur,self,100,boston:249,london:75,15.680002,36.1773
london_query_-WUdEGuLIX2B2T8rBV0Rgw,white_box,1234,blur,self,215,boston:123,london:75,15.679998,36.1773
london_query_-WUdEGuLIX2B2T8rBV0Rgw,transfer_1,1234,blur,self,68,boston:250,london:75,15.680002,36.1773
london_query_-WUdEGuLIX2B2T8rBV0Rgw,transfer_2,1234,blur,self,63,boston:234,london:75,15.679998,36.1773
london_query_-WUdEGuLIX2B2T8rBV0Rgw,transfer_3,1234,blur,self,20,boston:250,london:75,15.679998,36.1773
london_query_-WUdEGuLIX2B2T8rBV0Rgw,isotropic,5678,blur,self,101,boston:249,london:75,15.680000,36.1773
london_query_-WUdEGuLIX2B2T8rBV0Rgw,white_box,5678,blur,self,406,amman:26,london:75,15.680000,36.1773
london_query_-WUdEGuLIX2B2T8rBV0Rgw,transfer_1,5678,blur,self,45,boston:250,london:75,15.679997,36.1773
london_query_-WUdEGuLIX2B2T8rBV0Rgw,transfer_2,5678,blur,self,73,boston:234,london:75,15.680001,36.1773
london_query_-WUdEGuLIX2B2T8rBV0Rgw,transfer_3,5678,blur,self,88,boston:234,london:75,15.679997,36.1773
london_query_-WUdEGuLIX2B2T8rBV0Rgw,isotropic,9012,blur,self,66,boston:234,london:75,15.680001,36.1773
london_query_-WUdEGuLIX2B2T8rBV0Rgw,white_box,9012,blur,self,954,toronto:207,london:75,15.680002,36.1773
london_query_-WUdEGuLIX2B2T8rBV0Rgw,transfer_1,9012,blur,self,33,boston:250,london:75,15.679997,36.1773
london_query_-WUdEGuLIX2B2T8rBV0Rgw,transfer_2,9012,blur,self,114,boston:249,london:75,15.680000,36.1773
london_query_-WUdEGuLIX2B2T8rBV0Rgw,transfer_3,9012,blur,self,104,boston:234,london:75,15.680000,36.1773
manila_query_-EthLwRJMwt-Shb-xpIYlA,isotropic,1234,blur,self,535,manila:134,manila:119,15.680000,36.1773
manila_query_-EthLwRJMwt-Shb-xpIYlA,white_box,1234,blur,self,857,manila:72,manila:119,15.680000,36.1773
manila_query_-EthLwRJMwt-Shb-xpIYlA,transfer_1,1234,blur,self,666,manila:190,manila:119,15.679997,36.1773
manila_query_-EthLwRJMwt-Shb-xpIYlA,transfer_2,1234,blur,self,794,manila:134,manila:119,15.679998,36.1773
manila_query_-EthLwRJMwt-Shb-xpIYlA,transfer_3,1234,blur,self,617,manila:41,manila:119,15.679997,36.1773
manila_query_-EthLwRJMwt-Shb-xpIYlA,isotropic,5678,blur,self,471,manila:134,manila:119,15.679997,36.1773
manila_query_-EthLwRJMwt-Shb-xpIYlA,white_box,5678,blur,self,1130,manila:106,manila:119,15.680000,36.1773
manila_query_-EthLwRJMwt-Shb-xpIYlA,transfer_1,5678,blur,self,508,manila:134,manila:119,15.680001,36.1773
manila_query_-EthLwRJMwt-Shb-xpIYlA,transfer_2,5678,blur,self,756,manila:41,manila:119,15.679998,36.1773
manila_query_-EthLwRJMwt-Shb-xpIYlA,transfer_3,5678,blur,self,687,manila:134,manila:119,15.680000,36.1773
manila_query_-EthLwRJMwt-Shb-xpIYlA,isotropic,9012,blur,self,511,manila:134,manila:119,15.679996,36.1773
manila_query_-EthLwRJMwt-Shb-xpIYlA,white_box,9012,blur,self,649,london:111,manila:119,15.680000,36.1773
manila_query_-EthLwRJMwt-Shb-xpIYlA,transfer_1,9012,blur,self,537,manila:134,manila:119,15.679997,36.1773
manila_query_-EthLwRJMwt-Shb-xpIYlA,transfer_2,9012,blur,self,657,manila:134,manila:119,15.679997,36.1773
manila_query_-EthLwRJMwt-Shb-xpIYlA,transfer_3,9012,blur,self,565,manila:134,manila:119,15.680001,36.1773
nairobi_query_0jIUlQnC_o05NHi_OMD_vg,isotropic,1234,blur,self,18,manila:6,nairobi:10,15.680001,36.1773
nairobi_query_0jIUlQnC_o05NHi_OMD_vg,white_box,1234,blur,self,95,manila:190,nairobi:10,15.679996,36.1773
nairobi_query_0jIUlQnC_o05NHi_OMD_vg,transfer_1,1234,blur,self,1,nairobi:10,nairobi:10,15.680000,36.1773
nairobi_query_0jIUlQnC_o05NHi_OMD_vg,transfer_2,1234,blur,self,1,nairobi:10,nairobi:10,15.680001,36.1773
nairobi_query_0jIUlQnC_o05NHi_OMD_vg,transfer_3,1234,blur,self,1,nairobi:10,nairobi:10,15.680000,36.1773
nairobi_query_0jIUlQnC_o05NHi_OMD_vg,isotropic,5678,blur,self,16,zurich:38,nairobi:10,15.679997,36.1773
nairobi_query_0jIUlQnC_o05NHi_OMD_vg,white_box,5678,blur,self,12,manila:190,nairobi:10,15.680000,36.1773
nairobi_query_0jIUlQnC_o05NHi_OMD_vg,transfer_1,5678,blur,self,1,nairobi:10,nairobi:10,15.679997,36.1773
nairobi_query_0jIUlQnC_o05NHi_OMD_vg,transfer_2,5678,blur,self,2,london:85,nairobi:10,15.680000,36.1773
nairobi_query_0jIUlQnC_o05NHi_OMD_vg,transfer_3,5678,blur,self,1,nairobi:10,nairobi:10,15.680000,36.1773
nairobi_query_0jIUlQnC_o05NHi_OMD_vg,isotropic,9012,blur,self,24,manila:6,nairobi:10,15.680002,36.1773
nairobi_query_0jIUlQnC_o05NHi_OMD_vg,white_box,9012,blur,self,17,london:111,nairobi:10,15.679998,36.1773
nairobi_query_0jIUlQnC_o05NHi_OMD_vg,transfer_1,9012,blur,self,1,nairobi:10,nairobi:10,15.679997,36.1773
nairobi_query_0jIUlQnC_o05NHi_OMD_vg,transfer_2,9012,blur,self,1,nairobi:10,nairobi:10,15.680000,36.1773
nairobi_query_0jIUlQnC_o05NHi_OMD_vg,transfer_3,9012,blur,self,1,nairobi:10,nairobi:10,15.680000,36.1773
toronto_query_-8imnyri_5yPaHzqoBtiSg,isotropic,1234,blur,self,80,toronto:130,toronto:274,15.680000,36.1773
toronto_query_-8imnyri_5yPaHzqoBtiSg,white_box,1234,blur,self,133,toronto:426,toronto:274,15.680000,36.1773
toronto_query_-8imnyri_5yPaHzqoBtiSg,transfer_1,1234,blur,self,69,toronto:228,toronto:274,15.680000,36.1773
toronto_query_-8imnyri_5yPaHzqoBtiSg,transfer_2,1234,blur,self,77,toronto:228,toronto:274,15.679998,36.1773
toronto_query_-8imnyri_5yPaHzqoBtiSg,transfer_3,1234,blur,self,172,toronto:228,toronto:274,15.680000,36.1773
toronto_query_-8imnyri_5yPaHzqoBtiSg,isotropic,5678,blur,self,83,toronto:130,toronto:274,15.679998,36.1773
toronto_query_-8imnyri_5yPaHzqoBtiSg,white_box,5678,blur,self,453,toronto:301,toronto:274,15.680000,36.1773
toronto_query_-8imnyri_5yPaHzqoBtiSg,transfer_1,5678,blur,self,53,toronto:228,toronto:274,15.680000,36.1773
toronto_query_-8imnyri_5yPaHzqoBtiSg,transfer_2,5678,blur,self,39,toronto:197,toronto:274,15.680000,36.1773
toronto_query_-8imnyri_5yPaHzqoBtiSg,transfer_3,5678,blur,self,23,toronto:197,toronto:274,15.680000,36.1773
toronto_query_-8imnyri_5yPaHzqoBtiSg,isotropic,9012,blur,self,75,toronto:228,toronto:274,15.680000,36.1773
toronto_query_-8imnyri_5yPaHzqoBtiSg,white_box,9012,blur,self,137,toronto:273,toronto:274,15.679997,36.1773
toronto_query_-8imnyri_5yPaHzqoBtiSg,transfer_1,9012,blur,self,40,toronto:228,toronto:274,15.679997,36.1773
toronto_query_-8imnyri_5yPaHzqoBtiSg,transfer_2,9012,blur,self,26,toronto:228,toronto:274,15.679998,36.1773
toronto_query_-8imnyri_5yPaHzqoBtiSg,transfer_3,9012,blur,self,62,toronto:228,toronto:274,15.679997,36.1773
zurich_query_-_SB4ERKdFDYkwavdkk6NA,isotropic,1234,blur,self,1,zurich:27,zurich:27,15.680000,36.1773
zurich_query_-_SB4ERKdFDYkwavdkk6NA,white_box,1234,blur,self,33,manila:87,zurich:27,15.679997,36.1773
zurich_query_-_SB4ERKdFDYkwavdkk6NA,transfer_1,1234,blur,self,1,zurich:27,zurich:27,15.680002,36.1773
zurich_query_-_SB4ERKdFDYkwavdkk6NA,transfer_2,1234,blur,self,1,zurich:27,zurich:27,15.679998,36.1773
zurich_query_-_SB4ERKdFDYkwavdkk6NA,transfer_3,1234,blur,self,1,zurich:27,zurich:27,15.680000,36.1773
zurich_query_-_SB4ERKdFDYkwavdkk6NA,isotropic,5678,blur,self,1,zurich:27,zurich:27,15.680000,36.1773
zurich_query_-_SB4ERKdFDYkwavdkk6NA,white_box,5678,blur,self,3,manila:87,zurich:27,15.680001,36.1773
zurich_query_-_SB4ERKdFDYkwavdkk6NA,transfer_1,5678,blur,self,1,zurich:27,zurich:27,15.680000,36.1773
zurich_query_-_SB4ERKdFDYkwavdkk6NA,transfer_2,5678,blur,self,1,zurich:27,zurich:27,15.680000,36.1773
zurich_query_-_SB4ERKdFDYkwavdkk6NA,transfer_3,5678,blur,self,1,zurich:27,zurich:27,15.680000,36.1773
zurich_query_-_SB4ERKdFDYkwavdkk6NA,isotropic,9012,blur,self,1,zurich:27,zurich:27,15.679997,36.1773
zurich_query_-_SB4ERKdFDYkwavdkk6NA,white_box,9012,blur,self,46,boston:234,zurich:27,15.679997,36.1773
zurich_query_-_SB4ERKdFDYkwavdkk6NA,transfer_1,9012,blur,self,1,zurich:27,zurich:27,15.679997,36.1773
zurich_query_-_SB4ERKdFDYkwavdkk6NA,transfer_2,9012,blur,self,1,zurich:27,zurich:27,15.679998,36.1773
zurich_query_-_SB4ERKdFDYkwavdkk6NA,transfer_3,9012,blur,self,1,zurich:27,zurich:27,15.680000,36.1773
amman_query_0NfGsYmI9MkLl0JzfO-tJg,isotropic,1234,blur,self,1944,amman:1,amman:37,15.680000,36.1773
amman_query_0NfGsYmI9MkLl0JzfO-tJg,white_box,1234,blur,self,636,manila:190,amman:37,15.679997,36.1773
amman_query_0NfGsYmI9MkLl0JzfO-tJg,transfer_1,1234,blur,self,1929,amman:1,amman:37,15.679997,36.1773
amman_query_0NfGsYmI9MkLl0JzfO-tJg,transfer_2,1234,blur,self,1576,amman:35,amman:37,15.679997,36.1773
amman_query_0NfGsYmI9MkLl0JzfO-tJg,transfer_3,1234,blur,self,1550,manila:190,amman:37,15.679997,36.1773
amman_query_0NfGsYmI9MkLl0JzfO-tJg,isotropic,5678,blur,self,1929,amman:1,amman:37,15.679998,36.1773
amman_query_0NfGsYmI9MkLl0JzfO-tJg,white_box,5678,blur,self,955,london:111,amman:37,15.680000,36.1773
amman_query_0NfGsYmI9MkLl0JzfO-tJg,transfer_1,5678,blur,self,1920,amman:35,amman:37,15.680000,36.1773
amman_query_0NfGsYmI9MkLl0JzfO-tJg,transfer_2,5678,blur,self,1871,amman:35,amman:37,15.680000,36.1773
amman_query_0NfGsYmI9MkLl0JzfO-tJg,transfer_3,5678,blur,self,1445,toronto:23,amman:37,15.680000,36.1773
amman_query_0NfGsYmI9MkLl0JzfO-tJg,isotropic,9012,blur,self,1939,amman:1,amman:37,15.680000,36.1773
amman_query_0NfGsYmI9MkLl0JzfO-tJg,white_box,9012,blur,self,1967,manila:106,amman:37,15.680000,36.1773
amman_query_0NfGsYmI9MkLl0JzfO-tJg,transfer_1,9012,blur,self,1939,amman:0,amman:37,15.680000,36.1773
amman_query_0NfGsYmI9MkLl0JzfO-tJg,transfer_2,9012,blur,self,1809,amman:35,amman:37,15.680001,36.1773
amman_query_0NfGsYmI9MkLl0JzfO-tJg,transfer_3,9012,blur,self,1910,toronto:23,amman:37,15.680000,36.1773
boston_query_-DZ2jmUKLylFospVHUJx9w,isotropic,1234,blur,self,6,boston:123,boston:144,15.679998,36.1773
boston_query_-DZ2jmUKLylFospVHUJx9w,white_box,1234,blur,self,69,london:28,boston:144,15.679998,36.1773
boston_query_-DZ2jmUKLylFospVHUJx9w,transfer_1,1234,blur,self,9,boston:123,boston:144,15.679997,36.1773
boston_query_-DZ2jmUKLylFospVHUJx9w,transfer_2,1234,blur,self,12,boston:123,boston:144,15.680000,36.1773
boston_query_-DZ2jmUKLylFospVHUJx9w,transfer_3,1234,blur,self,10,boston:123,boston:144,15.679998,36.1773
boston_query_-DZ2jmUKLylFospVHUJx9w,isotropic,5678,blur,self,8,boston:123,boston:144,15.679998,36.1773
boston_query_-DZ2jmUKLylFospVHUJx9w,white_box,5678,blur,self,217,manila:29,boston:144,15.679997,36.1773
boston_query_-DZ2jmUKLylFospVHUJx9w,transfer_1,5678,blur,self,6,boston:123,boston:144,15.679998,36.1773
boston_query_-DZ2jmUKLylFospVHUJx9w,transfer_2,5678,blur,self,7,boston:123,boston:144,15.680000,36.1773
boston_query_-DZ2jmUKLylFospVHUJx9w,transfer_3,5678,blur,self,25,boston:123,boston:144,15.680002,36.1773
boston_query_-DZ2jmUKLylFospVHUJx9w,isotropic,9012,blur,self,11,boston:123,boston:144,15.680000,36.1773
boston_query_-DZ2jmUKLylFospVHUJx9w,white_box,9012,blur,self,52,nairobi:4,boston:144,15.680000,36.1773
boston_query_-DZ2jmUKLylFospVHUJx9w,transfer_1,9012,blur,self,12,boston:123,boston:144,15.680000,36.1773
boston_query_-DZ2jmUKLylFospVHUJx9w,transfer_2,9012,blur,self,18,boston:123,boston:144,15.680001,36.1773
boston_query_-DZ2jmUKLylFospVHUJx9w,transfer_3,9012,blur,self,7,boston:123,boston:144,15.679997,36.1773
cph_query_-CmhgNHgZVau1Sw841AZJw,isotropic,1234,blur,self,1,cph:271,cph:271,15.679997,36.1773
cph_query_-CmhgNHgZVau1Sw841AZJw,white_box,1234,blur,self,1091,nairobi:5,cph:271,15.679998,36.1773
cph_query_-CmhgNHgZVau1Sw841AZJw,transfer_1,1234,blur,self,14,boston:79,cph:271,15.679997,36.1773
cph_query_-CmhgNHgZVau1Sw841AZJw,transfer_2,1234,blur,self,4,toronto:273,cph:271,15.679998,36.1773
cph_query_-CmhgNHgZVau1Sw841AZJw,transfer_3,1234,blur,self,17,boston:79,cph:271,15.680000,36.1773
cph_query_-CmhgNHgZVau1Sw841AZJw,isotropic,5678,blur,self,1,cph:271,cph:271,15.679997,36.1773
cph_query_-CmhgNHgZVau1Sw841AZJw,white_box,5678,blur,self,52,nairobi:4,cph:271,15.680000,36.1773
cph_query_-CmhgNHgZVau1Sw841AZJw,transfer_1,5678,blur,self,7,boston:79,cph:271,15.679998,36.1773
cph_query_-CmhgNHgZVau1Sw841AZJw,transfer_2,5678,blur,self,4,boston:79,cph:271,15.680000,36.1773
cph_query_-CmhgNHgZVau1Sw841AZJw,transfer_3,5678,blur,self,16,manila:92,cph:271,15.679997,36.1773
cph_query_-CmhgNHgZVau1Sw841AZJw,isotropic,9012,blur,self,1,cph:271,cph:271,15.680000,36.1773
cph_query_-CmhgNHgZVau1Sw841AZJw,white_box,9012,blur,self,197,amman:1,cph:271,15.679997,36.1773
cph_query_-CmhgNHgZVau1Sw841AZJw,transfer_1,9012,blur,self,12,boston:79,cph:271,15.679998,36.1773
cph_query_-CmhgNHgZVau1Sw841AZJw,transfer_2,9012,blur,self,10,boston:79,cph:271,15.679998,36.1773
cph_query_-CmhgNHgZVau1Sw841AZJw,transfer_3,9012,blur,self,22,boston:79,cph:271,15.680000,36.1773
london_query_-WZeEq0W1pr6VJS4t3dR0g,isotropic,1234,blur,self,27,boston:206,london:63,15.679997,36.1773
london_query_-WZeEq0W1pr6VJS4t3dR0g,white_box,1234,blur,self,148,london:21,london:63,15.680000,36.1773
london_query_-WZeEq0W1pr6VJS4t3dR0g,transfer_1,1234,blur,self,18,boston:206,london:63,15.679998,36.1773
london_query_-WZeEq0W1pr6VJS4t3dR0g,transfer_2,1234,blur,self,2,boston:206,london:63,15.679997,36.1773
london_query_-WZeEq0W1pr6VJS4t3dR0g,transfer_3,1234,blur,self,41,zurich:25,london:63,15.679998,36.1773
london_query_-WZeEq0W1pr6VJS4t3dR0g,isotropic,5678,blur,self,26,london:8,london:63,15.680000,36.1773
london_query_-WZeEq0W1pr6VJS4t3dR0g,white_box,5678,blur,self,75,manila:72,london:63,15.679998,36.1773
london_query_-WZeEq0W1pr6VJS4t3dR0g,transfer_1,5678,blur,self,35,boston:206,london:63,15.679998,36.1773
london_query_-WZeEq0W1pr6VJS4t3dR0g,transfer_2,5678,blur,self,4,boston:206,london:63,15.680001,36.1773
london_query_-WZeEq0W1pr6VJS4t3dR0g,transfer_3,5678,blur,self,2,boston:98,london:63,15.680000,36.1773
london_query_-WZeEq0W1pr6VJS4t3dR0g,isotropic,9012,blur,self,14,boston:206,london:63,15.679995,36.1773
london_query_-WZeEq0W1pr6VJS4t3dR0g,white_box,9012,blur,self,163,manila:92,london:63,15.679997,36.1773
london_query_-WZeEq0W1pr6VJS4t3dR0g,transfer_1,9012,blur,self,12,boston:206,london:63,15.680000,36.1773
london_query_-WZeEq0W1pr6VJS4t3dR0g,transfer_2,9012,blur,self,3,boston:206,london:63,15.679998,36.1773
london_query_-WZeEq0W1pr6VJS4t3dR0g,transfer_3,9012,blur,self,1,london:63,london:63,15.679997,36.1773
manila_query_-GD9SrklFbEy7mNAK9uIXg,isotropic,1234,blur,self,85,zurich:42,manila:143,15.679998,36.1773
manila_query_-GD9SrklFbEy7mNAK9uIXg,white_box,1234,blur,self,40,manila:190,manila:143,15.679997,36.1773
manila_query_-GD9SrklFbEy7mNAK9uIXg,transfer_1,1234,blur,self,7,manila:153,manila:143,15.679997,36.1773
manila_query_-GD9SrklFbEy7mNAK9uIXg,transfer_2,1234,blur,self,67,amman:29,manila:143,15.679997,36.1773
manila_query_-GD9SrklFbEy7mNAK9uIXg,transfer_3,1234,blur,self,37,toronto:55,manila:143,15.680000,36.1773
manila_query_-GD9SrklFbEy7mNAK9uIXg,isotropic,5678,blur,self,112,zurich:42,manila:143,15.679997,36.1773
manila_query_-GD9SrklFbEy7mNAK9uIXg,white_box,5678,blur,self,403,zurich:33,manila:143,15.680000,36.1773
manila_query_-GD9SrklFbEy7mNAK9uIXg,transfer_1,5678,blur,self,67,zurich:42,manila:143,15.680000,36.1773
manila_query_-GD9SrklFbEy7mNAK9uIXg,transfer_2,5678,blur,self,45,amman:29,manila:143,15.680000,36.1773
manila_query_-GD9SrklFbEy7mNAK9uIXg,transfer_3,5678,blur,self,20,manila:153,manila:143,15.680001,36.1773
manila_query_-GD9SrklFbEy7mNAK9uIXg,isotropic,9012,blur,self,96,zurich:42,manila:143,15.679998,36.1773
manila_query_-GD9SrklFbEy7mNAK9uIXg,white_box,9012,blur,self,4,cph:7,manila:143,15.679998,36.1773
manila_query_-GD9SrklFbEy7mNAK9uIXg,transfer_1,9012,blur,self,16,amman:29,manila:143,15.679996,36.1773
manila_query_-GD9SrklFbEy7mNAK9uIXg,transfer_2,9012,blur,self,30,amman:29,manila:143,15.680000,36.1773
manila_query_-GD9SrklFbEy7mNAK9uIXg,transfer_3,9012,blur,self,59,zurich:42,manila:143,15.680000,36.1773
nairobi_query_0o5iaNnZzqS9cqJ1tMT85g,isotropic,1234,blur,self,107,nairobi:13,nairobi:20,15.679997,36.1773
nairobi_query_0o5iaNnZzqS9cqJ1tMT85g,white_box,1234,blur,self,11,toronto:258,nairobi:20,15.679998,36.1773
nairobi_query_0o5iaNnZzqS9cqJ1tMT85g,transfer_1,1234,blur,self,113,manila:6,nairobi:20,15.679997,36.1773
nairobi_query_0o5iaNnZzqS9cqJ1tMT85g,transfer_2,1234,blur,self,85,manila:6,nairobi:20,15.680000,36.1773
nairobi_query_0o5iaNnZzqS9cqJ1tMT85g,transfer_3,1234,blur,self,88,manila:6,nairobi:20,15.679998,36.1773
nairobi_query_0o5iaNnZzqS9cqJ1tMT85g,isotropic,5678,blur,self,109,nairobi:13,nairobi:20,15.679997,36.1773
nairobi_query_0o5iaNnZzqS9cqJ1tMT85g,white_box,5678,blur,self,15,manila:134,nairobi:20,15.680000,36.1773
nairobi_query_0o5iaNnZzqS9cqJ1tMT85g,transfer_1,5678,blur,self,83,manila:6,nairobi:20,15.680001,36.1773
nairobi_query_0o5iaNnZzqS9cqJ1tMT85g,transfer_2,5678,blur,self,101,manila:6,nairobi:20,15.679997,36.1773
nairobi_query_0o5iaNnZzqS9cqJ1tMT85g,transfer_3,5678,blur,self,92,nairobi:13,nairobi:20,15.679998,36.1773
nairobi_query_0o5iaNnZzqS9cqJ1tMT85g,isotropic,9012,blur,self,72,nairobi:13,nairobi:20,15.680001,36.1773
nairobi_query_0o5iaNnZzqS9cqJ1tMT85g,white_box,9012,blur,self,117,manila:33,nairobi:20,15.679998,36.1773
nairobi_query_0o5iaNnZzqS9cqJ1tMT85g,transfer_1,9012,blur,self,53,manila:6,nairobi:20,15.679998,36.1773
nairobi_query_0o5iaNnZzqS9cqJ1tMT85g,transfer_2,9012,blur,self,65,manila:6,nairobi:20,15.680000,36.1773
nairobi_query_0o5iaNnZzqS9cqJ1tMT85g,transfer_3,9012,blur,self,159,nairobi:13,nairobi:20,15.679998,36.1773
toronto_query_-8zrNMH6voa2ZtBaGNpoYQ,isotropic,1234,blur,self,11,boston:206,toronto:130,15.680000,36.1773
toronto_query_-8zrNMH6voa2ZtBaGNpoYQ,white_box,1234,blur,self,74,manila:106,toronto:130,15.679997,36.1773
toronto_query_-8zrNMH6voa2ZtBaGNpoYQ,transfer_1,1234,blur,self,24,boston:206,toronto:130,15.680001,36.1773
toronto_query_-8zrNMH6voa2ZtBaGNpoYQ,transfer_2,1234,blur,self,25,toronto:426,toronto:130,15.680001,36.1773
toronto_query_-8zrNMH6voa2ZtBaGNpoYQ,transfer_3,1234,blur,self,8,manila:132,toronto:130,15.679998,36.1773
toronto_query_-8zrNMH6voa2ZtBaGNpoYQ,isotropic,5678,blur,self,7,boston:206,toronto:130,15.680000,36.1773
toronto_query_-8zrNMH6voa2ZtBaGNpoYQ,white_box,5678,blur,self,397,london:111,toronto:130,15.680000,36.1773
toronto_query_-8zrNMH6voa2ZtBaGNpoYQ,transfer_1,5678,blur,self,11,boston:262,toronto:130,15.679997,36.1773
toronto_query_-8zrNMH6voa2ZtBaGNpoYQ,transfer_2,5678,blur,self,8,zurich:25,toronto:130,15.679997,36.1773
toronto_query_-8zrNMH6voa2ZtBaGNpoYQ,transfer_3,5678,blur,self,4,manila:6,toronto:130,15.680000,36.1773
toronto_query_-8zrNMH6voa2ZtBaGNpoYQ,isotropic,9012,blur,self,9,boston:206,toronto:130,15.680000,36.1773
toronto_query_-8zrNMH6voa2ZtBaGNpoYQ,white_box,9012,blur,self,521,london:111,toronto:130,15.680000,36.1773
toronto_query_-8zrNMH6voa2ZtBaGNpoYQ,transfer_1,9012,blur,self,6,boston:206,toronto:130,15.680000,36.1773
toronto_query_-8zrNMH6voa2ZtBaGNpoYQ,transfer_2,9012,blur,self,8,boston:262,toronto:130,15.680000,36.1773
toronto_query_-8zrNMH6voa2ZtBaGNpoYQ,transfer_3,9012,blur,self,9,boston:234,toronto:130,15.680000,36.1773
zurich_query_-bwmsEYfSnHpjkqrw0Vn6g,isotropic,1234,blur,self,1,zurich:27,zurich:27,15.680000,36.1773
zurich_query_-bwmsEYfSnHpjkqrw0Vn6g,white_box,1234,blur,self,5,london:125,zurich:27,15.680000,36.1773
zurich_query_-bwmsEYfSnHpjkqrw0Vn6g,transfer_1,1234,blur,self,1,zurich:27,zurich:27,15.679997,36.1773
zurich_query_-bwmsEYfSnHpjkqrw0Vn6g,transfer_2,1234,blur,self,1,zurich:27,zurich:27,15.679997,36.1773
zurich_query_-bwmsEYfSnHpjkqrw0Vn6g,transfer_3,1234,blur,self,5,zurich:79,zurich:27,15.679998,36.1773
zurich_query_-bwmsEYfSnHpjkqrw0Vn6g,isotropic,5678,blur,self,1,zurich:27,zurich:27,15.679998,36.1773
zurich_query_-bwmsEYfSnHpjkqrw0Vn6g,white_box,5678,blur,self,13,amman:29,zurich:27,15.679998,36.1773
zurich_query_-bwmsEYfSnHpjkqrw0Vn6g,transfer_1,5678,blur,self,1,zurich:27,zurich:27,15.679998,36.1773
zurich_query_-bwmsEYfSnHpjkqrw0Vn6g,transfer_2,5678,blur,self,1,zurich:27,zurich:27,15.679997,36.1773
zurich_query_-bwmsEYfSnHpjkqrw0Vn6g,transfer_3,5678,blur,self,1,zurich:27,zurich:27,15.680000,36.1773
zurich_query_-bwmsEYfSnHpjkqrw0Vn6g,isotropic,9012,blur,self,1,zurich:27,zurich:27,15.679997,36.1773
zurich_query_-bwmsEYfSnHpjkqrw0Vn6g,white_box,9012,blur,self,2,london:125,zurich:27,15.680000,36.1773
zurich_query_-bwmsEYfSnHpjkqrw0Vn6g,transfer_1,9012,blur,self,1,zurich:27,zurich:27,15.680001,36.1773
zurich_query_-bwmsEYfSnHpjkqrw0Vn6g,transfer_2,9012,blur,self,1,zurich:27,zurich:27,15.680001,36.1773
zurich_query_-bwmsEYfSnHpjkqrw0Vn6g,transfer_3,9012,blur,self,1,zurich:27,zurich:27,15.680001,36.1773
amman_query_0PLHged3iWJuuv8xOPB5rA,isotropic,1234,blur,self,3,zurich:27,amman:29,15.679998,36.1773
amman_query_0PLHged3iWJuuv8xOPB5rA,white_box,1234,blur,self,268,london:34,amman:29,15.679998,36.1773
amman_query_0PLHged3iWJuuv8xOPB5rA,transfer_1,1234,blur,self,4,amman:21,amman:29,15.680002,36.1773
amman_query_0PLHged3iWJuuv8xOPB5rA,transfer_2,1234,blur,self,14,amman:12,amman:29,15.680000,36.1773
amman_query_0PLHged3iWJuuv8xOPB5rA,transfer_3,1234,blur,self,4,amman:21,amman:29,15.680000,36.1773
amman_query_0PLHged3iWJuuv8xOPB5rA,isotropic,5678,blur,self,4,zurich:27,amman:29,15.680000,36.1773
amman_query_0PLHged3iWJuuv8xOPB5rA,white_box,5678,blur,self,12,toronto:55,amman:29,15.680000,36.1773
amman_query_0PLHged3iWJuuv8xOPB5rA,transfer_1,5678,blur,self,12,amman:12,amman:29,15.679998,36.1773
amman_query_0PLHged3iWJuuv8xOPB5rA,transfer_2,5678,blur,self,4,amman:21,amman:29,15.679997,36.1773
amman_query_0PLHged3iWJuuv8xOPB5rA,transfer_3,5678,blur,self,8,amman:12,amman:29,15.679998,36.1773
amman_query_0PLHged3iWJuuv8xOPB5rA,isotropic,9012,blur,self,3,zurich:27,amman:29,15.679997,36.1773
amman_query_0PLHged3iWJuuv8xOPB5rA,white_box,9012,blur,self,18,toronto:55,amman:29,15.679997,36.1773
amman_query_0PLHged3iWJuuv8xOPB5rA,transfer_1,9012,blur,self,11,amman:21,amman:29,15.679997,36.1773
amman_query_0PLHged3iWJuuv8xOPB5rA,transfer_2,9012,blur,self,11,amman:21,amman:29,15.679998,36.1773
amman_query_0PLHged3iWJuuv8xOPB5rA,transfer_3,9012,blur,self,5,amman:21,amman:29,15.680000,36.1773
boston_query_-EHBZ4-3d6vENYYFm7mWEw,isotropic,1234,blur,self,1,boston:123,boston:123,15.679997,36.1773
boston_query_-EHBZ4-3d6vENYYFm7mWEw,white_box,1234,blur,self,592,london:28,boston:123,15.679997,36.1773
boston_query_-EHBZ4-3d6vENYYFm7mWEw,transfer_1,1234,blur,self,1,boston:123,boston:123,15.679997,36.1773
boston_query_-EHBZ4-3d6vENYYFm7mWEw,transfer_2,1234,blur,self,1,boston:123,boston:123,15.679998,36.1773
boston_query_-EHBZ4-3d6vENYYFm7mWEw,transfer_3,1234,blur,self,1,boston:123,boston:123,15.679997,36.1773
boston_query_-EHBZ4-3d6vENYYFm7mWEw,isotropic,5678,blur,self,2,boston:191,boston:123,15.680001,36.1773
boston_query_-EHBZ4-3d6vENYYFm7mWEw,white_box,5678,blur,self,220,london:34,boston:123,15.679997,36.1773
boston_query_-EHBZ4-3d6vENYYFm7mWEw,transfer_1,5678,blur,self,1,boston:123,boston:123,15.679998,36.1773
boston_query_-EHBZ4-3d6vENYYFm7mWEw,transfer_2,5678,blur,self,1,boston:123,boston:123,15.679998,36.1773
boston_query_-EHBZ4-3d6vENYYFm7mWEw,transfer_3,5678,blur,self,1,boston:123,boston:123,15.680000,36.1773
boston_query_-EHBZ4-3d6vENYYFm7mWEw,isotropic,9012,blur,self,2,boston:191,boston:123,15.679997,36.1773
boston_query_-EHBZ4-3d6vENYYFm7mWEw,white_box,9012,blur,self,682,london:28,boston:123,15.679998,36.1773
boston_query_-EHBZ4-3d6vENYYFm7mWEw,transfer_1,9012,blur,self,1,boston:123,boston:123,15.679997,36.1773
boston_query_-EHBZ4-3d6vENYYFm7mWEw,transfer_2,9012,blur,self,1,boston:123,boston:123,15.680000,36.1773
boston_query_-EHBZ4-3d6vENYYFm7mWEw,transfer_3,9012,blur,self,1,boston:123,boston:123,15.679997,36.1773
cph_query_-CrgHhqoywCPgzsSAabnsw,isotropic,1234,blur,self,24,zurich:42,cph:464,15.680000,36.1773
cph_query_-CrgHhqoywCPgzsSAabnsw,white_box,1234,blur,self,598,manila:72,cph:464,15.679998,36.1773
cph_query_-CrgHhqoywCPgzsSAabnsw,transfer_1,1234,blur,self,31,boston:144,cph:464,15.679998,36.1773
cph_query_-CrgHhqoywCPgzsSAabnsw,transfer_2,1234,blur,self,16,boston:144,cph:464,15.679997,36.1773
cph_query_-CrgHhqoywCPgzsSAabnsw,transfer_3,1234,blur,self,29,cph:33,cph:464,15.680000,36.1773
cph_query_-CrgHhqoywCPgzsSAabnsw,isotropic,5678,blur,self,29,zurich:42,cph:464,15.680000,36.1773
cph_query_-CrgHhqoywCPgzsSAabnsw,white_box,5678,blur,self,346,nairobi:2,cph:464,15.679997,36.1773
cph_query_-CrgHhqoywCPgzsSAabnsw,transfer_1,5678,blur,self,18,zurich:42,cph:464,15.679997,36.1773
cph_query_-CrgHhqoywCPgzsSAabnsw,transfer_2,5678,blur,self,24,manila:6,cph:464,15.679998,36.1773
cph_query_-CrgHhqoywCPgzsSAabnsw,transfer_3,5678,blur,self,40,nairobi:1,cph:464,15.679997,36.1773
cph_query_-CrgHhqoywCPgzsSAabnsw,isotropic,9012,blur,self,26,cph:459,cph:464,15.680000,36.1773
cph_query_-CrgHhqoywCPgzsSAabnsw,white_box,9012,blur,self,480,manila:72,cph:464,15.679997,36.1773
cph_query_-CrgHhqoywCPgzsSAabnsw,transfer_1,9012,blur,self,16,boston:144,cph:464,15.680000,36.1773
cph_query_-CrgHhqoywCPgzsSAabnsw,transfer_2,9012,blur,self,14,zurich:42,cph:464,15.680001,36.1773
cph_query_-CrgHhqoywCPgzsSAabnsw,transfer_3,9012,blur,self,33,zurich:42,cph:464,15.680000,36.1773
london_query_-WyzcGh-_EYVhI50Y9F08Q,isotropic,1234,blur,self,217,cph:345,london:121,15.680000,36.1773
london_query_-WyzcGh-_EYVhI50Y9F08Q,white_box,1234,blur,self,101,manila:190,london:121,15.680001,36.1773
london_query_-WyzcGh-_EYVhI50Y9F08Q,transfer_1,1234,blur,self,436,toronto:23,london:121,15.680000,36.1773
london_query_-WyzcGh-_EYVhI50Y9F08Q,transfer_2,1234,blur,self,340,cph:345,london:121,15.679998,36.1773
london_query_-WyzcGh-_EYVhI50Y9F08Q,transfer_3,1234,blur,self,738,toronto:23,london:121,15.679998,36.1773
london_query_-WyzcGh-_EYVhI50Y9F08Q,isotropic,5678,blur,self,231,cph:345,london:121,15.680000,36.1773
london_query_-WyzcGh-_EYVhI50Y9F08Q,white_box,5678,blur,self,235,london:125,london:121,15.680000,36.1773
london_query_-WyzcGh-_EYVhI50Y9F08Q,transfer_1,5678,blur,self,210,toronto:23,london:121,15.679998,36.1773
london_query_-WyzcGh-_EYVhI50Y9F08Q,transfer_2,5678,blur,self,353,zurich:96,london:121,15.680002,36.1773
london_query_-WyzcGh-_EYVhI50Y9F08Q,transfer_3,5678,blur,self,435,toronto:23,london:121,15.680000,36.1773
london_query_-WyzcGh-_EYVhI50Y9F08Q,isotropic,9012,blur,self,258,cph:345,london:121,15.680000,36.1773
london_query_-WyzcGh-_EYVhI50Y9F08Q,white_box,9012,blur,self,386,london:125,london:121,15.680000,36.1773
london_query_-WyzcGh-_EYVhI50Y9F08Q,transfer_1,9012,blur,self,379,toronto:23,london:121,15.680000,36.1773
london_query_-WyzcGh-_EYVhI50Y9F08Q,transfer_2,9012,blur,self,437,cph:345,london:121,15.679997,36.1773
london_query_-WyzcGh-_EYVhI50Y9F08Q,transfer_3,9012,blur,self,388,toronto:23,london:121,15.679997,36.1773
manila_query_-GRDcYlSjwLZPQ0LqKatqA,isotropic,1234,blur,self,444,manila:140,manila:171,15.680000,36.1773
manila_query_-GRDcYlSjwLZPQ0LqKatqA,white_box,1234,blur,self,260,london:34,manila:171,15.680000,36.1773
manila_query_-GRDcYlSjwLZPQ0LqKatqA,transfer_1,1234,blur,self,637,manila:140,manila:171,15.680000,36.1773
manila_query_-GRDcYlSjwLZPQ0LqKatqA,transfer_2,1234,blur,self,640,manila:140,manila:171,15.679998,36.1773
manila_query_-GRDcYlSjwLZPQ0LqKatqA,transfer_3,1234,blur,self,403,manila:140,manila:171,15.679997,36.1773
manila_query_-GRDcYlSjwLZPQ0LqKatqA,isotropic,5678,blur,self,483,manila:140,manila:171,15.680000,36.1773
manila_query_-GRDcYlSjwLZPQ0LqKatqA,white_box,5678,blur,self,153,manila:106,manila:171,15.680000,36.1773
manila_query_-GRDcYlSjwLZPQ0LqKatqA,transfer_1,5678,blur,self,524,manila:140,manila:171,15.680000,36.1773
manila_query_-GRDcYlSjwLZPQ0LqKatqA,transfer_2,5678,blur,self,727,manila:140,manila:171,15.679997,36.1773
manila_query_-GRDcYlSjwLZPQ0LqKatqA,transfer_3,5678,blur,self,458,manila:140,manila:171,15.680000,36.1773
manila_query_-GRDcYlSjwLZPQ0LqKatqA,isotropic,9012,blur,self,420,manila:140,manila:171,15.679997,36.1773
manila_query_-GRDcYlSjwLZPQ0LqKatqA,white_box,9012,blur,self,631,manila:106,manila:171,15.679998,36.1773
manila_query_-GRDcYlSjwLZPQ0LqKatqA,transfer_1,9012,blur,self,695,manila:140,manila:171,15.680000,36.1773
manila_query_-GRDcYlSjwLZPQ0LqKatqA,transfer_2,9012,blur,self,781,manila:140,manila:171,15.679998,36.1773
manila_query_-GRDcYlSjwLZPQ0LqKatqA,transfer_3,9012,blur,self,303,manila:140,manila:171,15.679998,36.1773
nairobi_query_0u9pYEI4g20T0TGGb3Q_mw,isotropic,1234,blur,self,84,amman:21,nairobi:19,15.679998,36.1773
nairobi_query_0u9pYEI4g20T0TGGb3Q_mw,white_box,1234,blur,self,452,nairobi:20,nairobi:19,15.679997,36.1773
nairobi_query_0u9pYEI4g20T0TGGb3Q_mw,transfer_1,1234,blur,self,66,amman:21,nairobi:19,15.680000,36.1773
nairobi_query_0u9pYEI4g20T0TGGb3Q_mw,transfer_2,1234,blur,self,52,amman:21,nairobi:19,15.680000,36.1773
nairobi_query_0u9pYEI4g20T0TGGb3Q_mw,transfer_3,1234,blur,self,90,zurich:42,nairobi:19,15.680000,36.1773
nairobi_query_0u9pYEI4g20T0TGGb3Q_mw,isotropic,5678,blur,self,99,amman:21,nairobi:19,15.679998,36.1773
nairobi_query_0u9pYEI4g20T0TGGb3Q_mw,white_box,5678,blur,self,735,manila:190,nairobi:19,15.679997,36.1773
nairobi_query_0u9pYEI4g20T0TGGb3Q_mw,transfer_1,5678,blur,self,92,toronto:351,nairobi:19,15.679997,36.1773
nairobi_query_0u9pYEI4g20T0TGGb3Q_mw,transfer_2,5678,blur,self,31,toronto:351,nairobi:19,15.679998,36.1773
nairobi_query_0u9pYEI4g20T0TGGb3Q_mw,transfer_3,5678,blur,self,55,amman:21,nairobi:19,15.680000,36.1773
nairobi_query_0u9pYEI4g20T0TGGb3Q_mw,isotropic,9012,blur,self,84,amman:21,nairobi:19,15.679997,36.1773
nairobi_query_0u9pYEI4g20T0TGGb3Q_mw,white_box,9012,blur,self,415,manila:190,nairobi:19,15.680000,36.1773
nairobi_query_0u9pYEI4g20T0TGGb3Q_mw,transfer_1,9012,blur,self,56,amman:21,nairobi:19,15.680000,36.1773
nairobi_query_0u9pYEI4g20T0TGGb3Q_mw,transfer_2,9012,blur,self,76,amman:21,nairobi:19,15.679997,36.1773
nairobi_query_0u9pYEI4g20T0TGGb3Q_mw,transfer_3,9012,blur,self,110,zurich:42,nairobi:19,15.680001,36.1773
toronto_query_-90qYles5GKU3ikhCYP3xg,isotropic,1234,blur,self,19,amman:11,toronto:265,15.679998,36.1773
toronto_query_-90qYles5GKU3ikhCYP3xg,white_box,1234,blur,self,1,toronto:265,toronto:265,15.679998,36.1773
toronto_query_-90qYles5GKU3ikhCYP3xg,transfer_1,1234,blur,self,3,amman:11,toronto:265,15.680000,36.1773
toronto_query_-90qYles5GKU3ikhCYP3xg,transfer_2,1234,blur,self,6,boston:123,toronto:265,15.679998,36.1773
toronto_query_-90qYles5GKU3ikhCYP3xg,transfer_3,1234,blur,self,13,amman:11,toronto:265,15.680000,36.1773
toronto_query_-90qYles5GKU3ikhCYP3xg,isotropic,5678,blur,self,11,amman:11,toronto:265,15.679998,36.1773
toronto_query_-90qYles5GKU3ikhCYP3xg,white_box,5678,blur,self,2,amman:26,toronto:265,15.679998,36.1773
toronto_query_-90qYles5GKU3ikhCYP3xg,transfer_1,5678,blur,self,8,amman:11,toronto:265,15.680000,36.1773
toronto_query_-90qYles5GKU3ikhCYP3xg,transfer_2,5678,blur,self,9,amman:11,toronto:265,15.680000,36.1773
toronto_query_-90qYles5GKU3ikhCYP3xg,transfer_3,5678,blur,self,13,manila:51,toronto:265,15.679997,36.1773
toronto_query_-90qYles5GKU3ikhCYP3xg,isotropic,9012,blur,self,11,amman:11,toronto:265,15.680000,36.1773
toronto_query_-90qYles5GKU3ikhCYP3xg,white_box,9012,blur,self,11,london:125,toronto:265,15.680000,36.1773
toronto_query_-90qYles5GKU3ikhCYP3xg,transfer_1,9012,blur,self,17,amman:11,toronto:265,15.679997,36.1773
toronto_query_-90qYles5GKU3ikhCYP3xg,transfer_2,9012,blur,self,6,amman:11,toronto:265,15.680001,36.1773
toronto_query_-90qYles5GKU3ikhCYP3xg,transfer_3,9012,blur,self,10,amman:11,toronto:265,15.679997,36.1773
zurich_query_-ckZ0rXdz4mibIinNjdoZQ,isotropic,1234,blur,self,20,boston:99,zurich:19,15.679997,36.1773
zurich_query_-ckZ0rXdz4mibIinNjdoZQ,white_box,1234,blur,self,223,toronto:23,zurich:19,15.680000,36.1773
zurich_query_-ckZ0rXdz4mibIinNjdoZQ,transfer_1,1234,blur,self,19,boston:19,zurich:19,15.680000,36.1773
zurich_query_-ckZ0rXdz4mibIinNjdoZQ,transfer_2,1234,blur,self,28,boston:19,zurich:19,15.679998,36.1773
zurich_query_-ckZ0rXdz4mibIinNjdoZQ,transfer_3,1234,blur,self,7,boston:19,zurich:19,15.679998,36.1773
zurich_query_-ckZ0rXdz4mibIinNjdoZQ,isotropic,5678,blur,self,41,boston:99,zurich:19,15.680000,36.1773
zurich_query_-ckZ0rXdz4mibIinNjdoZQ,white_box,5678,blur,self,202,london:28,zurich:19,15.679998,36.1773
zurich_query_-ckZ0rXdz4mibIinNjdoZQ,transfer_1,5678,blur,self,5,boston:99,zurich:19,15.679998,36.1773
zurich_query_-ckZ0rXdz4mibIinNjdoZQ,transfer_2,5678,blur,self,12,boston:19,zurich:19,15.680000,36.1773
zurich_query_-ckZ0rXdz4mibIinNjdoZQ,transfer_3,5678,blur,self,5,boston:19,zurich:19,15.679997,36.1773
zurich_query_-ckZ0rXdz4mibIinNjdoZQ,isotropic,9012,blur,self,29,boston:99,zurich:19,15.679998,36.1773
zurich_query_-ckZ0rXdz4mibIinNjdoZQ,white_box,9012,blur,self,50,cph:296,zurich:19,15.680000,36.1773
zurich_query_-ckZ0rXdz4mibIinNjdoZQ,transfer_1,9012,blur,self,4,boston:19,zurich:19,15.679997,36.1773
zurich_query_-ckZ0rXdz4mibIinNjdoZQ,transfer_2,9012,blur,self,1,zurich:19,zurich:19,15.679997,36.1773
zurich_query_-ckZ0rXdz4mibIinNjdoZQ,transfer_3,9012,blur,self,8,boston:235,zurich:19,15.679998,36.1773
amman_query_0R0A_PhOAjP-uMDPM7p7mA,isotropic,1234,blur,self,24,cph:332,amman:29,15.679997,36.1773
amman_query_0R0A_PhOAjP-uMDPM7p7mA,white_box,1234,blur,self,33,toronto:421,amman:29,15.680000,36.1773
amman_query_0R0A_PhOAjP-uMDPM7p7mA,transfer_1,1234,blur,self,6,cph:332,amman:29,15.679998,36.1773
amman_query_0R0A_PhOAjP-uMDPM7p7mA,transfer_2,1234,blur,self,13,amman:26,amman:29,15.680001,36.1773
amman_query_0R0A_PhOAjP-uMDPM7p7mA,transfer_3,1234,blur,self,55,cph:332,amman:29,15.680000,36.1773
amman_query_0R0A_PhOAjP-uMDPM7p7mA,isotropic,5678,blur,self,35,cph:332,amman:29,15.680000,36.1773
amman_query_0R0A_PhOAjP-uMDPM7p7mA,white_box,5678,blur,self,67,toronto:421,amman:29,15.680000,36.1773
amman_query_0R0A_PhOAjP-uMDPM7p7mA,transfer_1,5678,blur,self,17,cph:332,amman:29,15.679998,36.1773
amman_query_0R0A_PhOAjP-uMDPM7p7mA,transfer_2,5678,blur,self,25,amman:23,amman:29,15.679997,36.1773
amman_query_0R0A_PhOAjP-uMDPM7p7mA,transfer_3,5678,blur,self,27,cph:332,amman:29,15.680000,36.1773
amman_query_0R0A_PhOAjP-uMDPM7p7mA,isotropic,9012,blur,self,16,cph:332,amman:29,15.680000,36.1773
amman_query_0R0A_PhOAjP-uMDPM7p7mA,white_box,9012,blur,self,127,zurich:14,amman:29,15.680000,36.1773
amman_query_0R0A_PhOAjP-uMDPM7p7mA,transfer_1,9012,blur,self,20,cph:332,amman:29,15.679997,36.1773
amman_query_0R0A_PhOAjP-uMDPM7p7mA,transfer_2,9012,blur,self,14,amman:26,amman:29,15.680000,36.1773
amman_query_0R0A_PhOAjP-uMDPM7p7mA,transfer_3,9012,blur,self,11,amman:23,amman:29,15.680000,36.1773
boston_query_-F1y-kaybMQbp8p7UR03TA,isotropic,1234,blur,self,118,boston:27,boston:250,15.679998,36.1773
boston_query_-F1y-kaybMQbp8p7UR03TA,white_box,1234,blur,self,225,boston:244,boston:250,15.680000,36.1773
boston_query_-F1y-kaybMQbp8p7UR03TA,transfer_1,1234,blur,self,118,boston:27,boston:250,15.679997,36.1773
boston_query_-F1y-kaybMQbp8p7UR03TA,transfer_2,1234,blur,self,102,boston:27,boston:250,15.679998,36.1773
boston_query_-F1y-kaybMQbp8p7UR03TA,transfer_3,1234,blur,self,212,boston:27,boston:250,15.680002,36.1773
boston_query_-F1y-kaybMQbp8p7UR03TA,isotropic,5678,blur,self,160,boston:27,boston:250,15.680000,36.1773
boston_query_-F1y-kaybMQbp8p7UR03TA,white_box,5678,blur,self,335,boston:27,boston:250,15.679997,36.1773
boston_query_-F1y-kaybMQbp8p7UR03TA,transfer_1,5678,blur,self,122,boston:27,boston:250,15.680000,36.1773
boston_query_-F1y-kaybMQbp8p7UR03TA,transfer_2,5678,blur,self,174,boston:27,boston:250,15.680000,36.1773
boston_query_-F1y-kaybMQbp8p7UR03TA,transfer_3,5678,blur,self,217,boston:27,boston:250,15.679997,36.1773
boston_query_-F1y-kaybMQbp8p7UR03TA,isotropic,9012,blur,self,142,boston:27,boston:250,15.679998,36.1773
boston_query_-F1y-kaybMQbp8p7UR03TA,white_box,9012,blur,self,150,boston:27,boston:250,15.679997,36.1773
boston_query_-F1y-kaybMQbp8p7UR03TA,transfer_1,9012,blur,self,133,boston:27,boston:250,15.680000,36.1773
boston_query_-F1y-kaybMQbp8p7UR03TA,transfer_2,9012,blur,self,189,boston:27,boston:250,15.680000,36.1773
boston_query_-F1y-kaybMQbp8p7UR03TA,transfer_3,9012,blur,self,136,boston:27,boston:250,15.680002,36.1773
cph_query_-EJZ9qR_FRIGfCF6DhQCJg,isotropic,1234,blur,self,1,cph:175,cph:175,15.679998,36.1773
cph_query_-EJZ9qR_FRIGfCF6DhQCJg,white_box,1234,blur,self,27,zurich:8,cph:175,15.680000,36.1773
cph_query_-EJZ9qR_FRIGfCF6DhQCJg,transfer_1,1234,blur,self,1,cph:175,cph:175,15.680000,36.1773
cph_query_-EJZ9qR_FRIGfCF6DhQCJg,transfer_2,1234,blur,self,2,zurich:8,cph:175,15.679998,36.1773
cph_query_-EJZ9qR_FRIGfCF6DhQCJg,transfer_3,1234,blur,self,1,cph:175,cph:175,15.679996,36.1773
cph_query_-EJZ9qR_FRIGfCF6DhQCJg,isotropic,5678,blur,self,1,cph:175,cph:175,15.679997,36.1773
cph_query_-EJZ9qR_FRIGfCF6DhQCJg,white_box,5678,blur,self,42,manila:51,cph:175,15.679997,36.1773
cph_query_-EJZ9qR_FRIGfCF6DhQCJg,transfer_1,5678,blur,self,1,cph:175,cph:175,15.679997,36.1773
cph_query_-EJZ9qR_FRIGfCF6DhQCJg,transfer_2,5678,blur,self,1,cph:175,cph:175,15.679998,36.1773
cph_query_-EJZ9qR_FRIGfCF6DhQCJg,transfer_3,5678,blur,self,2,cph:297,cph:175,15.680000,36.1773
cph_query_-EJZ9qR_FRIGfCF6DhQCJg,isotropic,9012,blur,self,1,cph:175,cph:175,15.680000,36.1773
cph_query_-EJZ9qR_FRIGfCF6DhQCJg,white_box,9012,blur,self,100,zurich:8,cph:175,15.680002,36.1773
cph_query_-EJZ9qR_FRIGfCF6DhQCJg,transfer_1,9012,blur,self,1,cph:175,cph:175,15.680001,36.1773
cph_query_-EJZ9qR_FRIGfCF6DhQCJg,transfer_2,9012,blur,self,1,cph:175,cph:175,15.680000,36.1773
cph_query_-EJZ9qR_FRIGfCF6DhQCJg,transfer_3,9012,blur,self,5,zurich:8,cph:175,15.679997,36.1773
london_query_-XIh6yuegk86oURAbggPpw,isotropic,1234,blur,self,23,london:62,london:76,15.680000,36.1773
london_query_-XIh6yuegk86oURAbggPpw,white_box,1234,blur,self,244,london:84,london:76,15.680000,36.1773
london_query_-XIh6yuegk86oURAbggPpw,transfer_1,1234,blur,self,11,london:62,london:76,15.679998,36.1773
london_query_-XIh6yuegk86oURAbggPpw,transfer_2,1234,blur,self,28,london:62,london:76,15.679998,36.1773
london_query_-XIh6yuegk86oURAbggPpw,transfer_3,1234,blur,self,38,london:62,london:76,15.680000,36.1773
london_query_-XIh6yuegk86oURAbggPpw,isotropic,5678,blur,self,18,london:62,london:76,15.679998,36.1773
london_query_-XIh6yuegk86oURAbggPpw,white_box,5678,blur,self,473,manila:87,london:76,15.680000,36.1773
london_query_-XIh6yuegk86oURAbggPpw,transfer_1,5678,blur,self,13,london:62,london:76,15.679997,36.1773
london_query_-XIh6yuegk86oURAbggPpw,transfer_2,5678,blur,self,33,london:62,london:76,15.680001,36.1773
london_query_-XIh6yuegk86oURAbggPpw,transfer_3,5678,blur,self,95,london:62,london:76,15.680000,36.1773
london_query_-XIh6yuegk86oURAbggPpw,isotropic,9012,blur,self,18,london:62,london:76,15.680001,36.1773
london_query_-XIh6yuegk86oURAbggPpw,white_box,9012,blur,self,761,manila:6,london:76,15.680001,36.1773
london_query_-XIh6yuegk86oURAbggPpw,transfer_1,9012,blur,self,37,london:62,london:76,15.679997,36.1773
london_query_-XIh6yuegk86oURAbggPpw,transfer_2,9012,blur,self,17,london:62,london:76,15.680000,36.1773
london_query_-XIh6yuegk86oURAbggPpw,transfer_3,9012,blur,self,58,london:62,london:76,15.680000,36.1773
manila_query_-GYvqZ8BYSfzGUbFI13obA,isotropic,1234,blur,self,182,manila:51,manila:109,15.680000,36.1773
manila_query_-GYvqZ8BYSfzGUbFI13obA,white_box,1234,blur,self,1024,london:34,manila:109,15.679998,36.1773
manila_query_-GYvqZ8BYSfzGUbFI13obA,transfer_1,1234,blur,self,96,manila:51,manila:109,15.680000,36.1773
manila_query_-GYvqZ8BYSfzGUbFI13obA,transfer_2,1234,blur,self,286,manila:51,manila:109,15.680000,36.1773
manila_query_-GYvqZ8BYSfzGUbFI13obA,transfer_3,1234,blur,self,199,manila:51,manila:109,15.679997,36.1773
manila_query_-GYvqZ8BYSfzGUbFI13obA,isotropic,5678,blur,self,155,manila:51,manila:109,15.680000,36.1773
manila_query_-GYvqZ8BYSfzGUbFI13obA,white_box,5678,blur,self,807,london:34,manila:109,15.680001,36.1773
manila_query_-GYvqZ8BYSfzGUbFI13obA,transfer_1,5678,blur,self,73,manila:51,manila:109,15.680000,36.1773
manila_query_-GYvqZ8BYSfzGUbFI13obA,transfer_2,5678,blur,self,77,manila:51,manila:109,15.679998,36.1773
manila_query_-GYvqZ8BYSfzGUbFI13obA,transfer_3,5678,blur,self,118,manila:51,manila:109,15.680000,36.1773
manila_query_-GYvqZ8BYSfzGUbFI13obA,isotropic,9012,blur,self,166,manila:51,manila:109,15.680000,36.1773
manila_query_-GYvqZ8BYSfzGUbFI13obA,white_box,9012,blur,self,551,london:34,manila:109,15.680000,36.1773
manila_query_-GYvqZ8BYSfzGUbFI13obA,transfer_1,9012,blur,self,61,manila:51,manila:109,15.679998,36.1773
manila_query_-GYvqZ8BYSfzGUbFI13obA,transfer_2,9012,blur,self,99,manila:51,manila:109,15.680000,36.1773
manila_query_-GYvqZ8BYSfzGUbFI13obA,transfer_3,9012,blur,self,259,manila:51,manila:109,15.680000,36.1773
nairobi_query_16KxNH7RD-4ITdBTZKvAXw,isotropic,1234,blur,self,63,london:85,nairobi:3,15.679998,36.1773
nairobi_query_16KxNH7RD-4ITdBTZKvAXw,white_box,1234,blur,self,25,boston:235,nairobi:3,15.680000,36.1773
nairobi_query_16KxNH7RD-4ITdBTZKvAXw,transfer_1,1234,blur,self,41,boston:235,nairobi:3,15.680000,36.1773
nairobi_query_16KxNH7RD-4ITdBTZKvAXw,transfer_2,1234,blur,self,39,boston:235,nairobi:3,15.680000,36.1773
nairobi_query_16KxNH7RD-4ITdBTZKvAXw,transfer_3,1234,blur,self,42,nairobi:10,nairobi:3,15.680000,36.1773
nairobi_query_16KxNH7RD-4ITdBTZKvAXw,isotropic,5678,blur,self,59,london:85,nairobi:3,15.679998,36.1773
nairobi_query_16KxNH7RD-4ITdBTZKvAXw,white_box,5678,blur,self,25,boston:235,nairobi:3,15.679998,36.1773
nairobi_query_16KxNH7RD-4ITdBTZKvAXw,transfer_1,5678,blur,self,59,cph:345,nairobi:3,15.679998,36.1773
nairobi_query_16KxNH7RD-4ITdBTZKvAXw,transfer_2,5678,blur,self,35,boston:235,nairobi:3,15.679997,36.1773
nairobi_query_16KxNH7RD-4ITdBTZKvAXw,transfer_3,5678,blur,self,37,nairobi:10,nairobi:3,15.679997,36.1773
nairobi_query_16KxNH7RD-4ITdBTZKvAXw,isotropic,9012,blur,self,47,nairobi:10,nairobi:3,15.680002,36.1773
nairobi_query_16KxNH7RD-4ITdBTZKvAXw,white_box,9012,blur,self,39,boston:235,nairobi:3,15.680000,36.1773
nairobi_query_16KxNH7RD-4ITdBTZKvAXw,transfer_1,9012,blur,self,41,boston:235,nairobi:3,15.680000,36.1773
nairobi_query_16KxNH7RD-4ITdBTZKvAXw,transfer_2,9012,blur,self,40,nairobi:10,nairobi:3,15.680000,36.1773
nairobi_query_16KxNH7RD-4ITdBTZKvAXw,transfer_3,9012,blur,self,27,nairobi:4,nairobi:3,15.680000,36.1773
toronto_query_-95Ypw11XUgNqZdY5m4GCw,isotropic,1234,blur,self,271,toronto:197,toronto:85,15.679997,36.1773
toronto_query_-95Ypw11XUgNqZdY5m4GCw,white_box,1234,blur,self,1108,london:34,toronto:85,15.680002,36.1773
toronto_query_-95Ypw11XUgNqZdY5m4GCw,transfer_1,1234,blur,self,97,toronto:253,toronto:85,15.679998,36.1773
toronto_query_-95Ypw11XUgNqZdY5m4GCw,transfer_2,1234,blur,self,153,toronto:197,toronto:85,15.679998,36.1773
toronto_query_-95Ypw11XUgNqZdY5m4GCw,transfer_3,1234,blur,self,63,boston:176,toronto:85,15.680000,36.1773
toronto_query_-95Ypw11XUgNqZdY5m4GCw,isotropic,5678,blur,self,265,toronto:197,toronto:85,15.680002,36.1773
toronto_query_-95Ypw11XUgNqZdY5m4GCw,white_box,5678,blur,self,1098,london:34,toronto:85,15.680000,36.1773
toronto_query_-95Ypw11XUgNqZdY5m4GCw,transfer_1,5678,blur,self,144,toronto:197,toronto:85,15.680000,36.1773
toronto_query_-95Ypw11XUgNqZdY5m4GCw,transfer_2,5678,blur,self,154,toronto:253,toronto:85,15.680000,36.1773
toronto_query_-95Ypw11XUgNqZdY5m4GCw,transfer_3,5678,blur,self,23,toronto:197,toronto:85,15.680000,36.1773
toronto_query_-95Ypw11XUgNqZdY5m4GCw,isotropic,9012,blur,self,229,toronto:197,toronto:85,15.679997,36.1773
toronto_query_-95Ypw11XUgNqZdY5m4GCw,white_box,9012,blur,self,98,london:21,toronto:85,15.679998,36.1773
toronto_query_-95Ypw11XUgNqZdY5m4GCw,transfer_1,9012,blur,self,139,toronto:197,toronto:85,15.680000,36.1773
toronto_query_-95Ypw11XUgNqZdY5m4GCw,transfer_2,9012,blur,self,124,toronto:253,toronto:85,15.679997,36.1773
toronto_query_-95Ypw11XUgNqZdY5m4GCw,transfer_3,9012,blur,self,83,toronto:197,toronto:85,15.679997,36.1773
zurich_query_-fOHAPAq-KX4XPlg0JJPvg,isotropic,1234,blur,self,734,cph:464,zurich:96,15.680000,36.1773
zurich_query_-fOHAPAq-KX4XPlg0JJPvg,white_box,1234,blur,self,1104,manila:87,zurich:96,15.679997,36.1773
zurich_query_-fOHAPAq-KX4XPlg0JJPvg,transfer_1,1234,blur,self,877,cph:464,zurich:96,15.680000,36.1773
zurich_query_-fOHAPAq-KX4XPlg0JJPvg,transfer_2,1234,blur,self,831,toronto:351,zurich:96,15.680000,36.1773
zurich_query_-fOHAPAq-KX4XPlg0JJPvg,transfer_3,1234,blur,self,854,toronto:351,zurich:96,15.680000,36.1773
zurich_query_-fOHAPAq-KX4XPlg0JJPvg,isotropic,5678,blur,self,626,cph:464,zurich:96,15.679997,36.1773
zurich_query_-fOHAPAq-KX4XPlg0JJPvg,white_box,5678,blur,self,490,manila:87,zurich:96,15.680001,36.1773
zurich_query_-fOHAPAq-KX4XPlg0JJPvg,transfer_1,5678,blur,self,807,cph:271,zurich:96,15.680000,36.1773
zurich_query_-fOHAPAq-KX4XPlg0JJPvg,transfer_2,5678,blur,self,903,zurich:46,zurich:96,15.680001,36.1773
zurich_query_-fOHAPAq-KX4XPlg0JJPvg,transfer_3,5678,blur,self,793,zurich:46,zurich:96,15.680000,36.1773
zurich_query_-fOHAPAq-KX4XPlg0JJPvg,isotropic,9012,blur,self,702,cph:464,zurich:96,15.679997,36.1773
zurich_query_-fOHAPAq-KX4XPlg0JJPvg,white_box,9012,blur,self,858,cph:7,zurich:96,15.680000,36.1773
zurich_query_-fOHAPAq-KX4XPlg0JJPvg,transfer_1,9012,blur,self,737,cph:271,zurich:96,15.679997,36.1773
zurich_query_-fOHAPAq-KX4XPlg0JJPvg,transfer_2,9012,blur,self,805,cph:464,zurich:96,15.680000,36.1773
zurich_query_-fOHAPAq-KX4XPlg0JJPvg,transfer_3,9012,blur,self,766,zurich:46,zurich:96,15.679998,36.1773
amman_query_0RRGZCCzxqj8dJzhN-RnQQ,isotropic,1234,blur,self,644,boston:99,amman:6,15.680000,36.1773
amman_query_0RRGZCCzxqj8dJzhN-RnQQ,white_box,1234,blur,self,531,toronto:200,amman:6,15.679996,36.1773
amman_query_0RRGZCCzxqj8dJzhN-RnQQ,transfer_1,1234,blur,self,619,boston:99,amman:6,15.679997,36.1773
amman_query_0RRGZCCzxqj8dJzhN-RnQQ,transfer_2,1234,blur,self,574,boston:34,amman:6,15.679997,36.1773
amman_query_0RRGZCCzxqj8dJzhN-RnQQ,transfer_3,1234,blur,self,513,amman:25,amman:6,15.680000,36.1773
amman_query_0RRGZCCzxqj8dJzhN-RnQQ,isotropic,5678,blur,self,600,boston:99,amman:6,15.679998,36.1773
amman_query_0RRGZCCzxqj8dJzhN-RnQQ,white_box,5678,blur,self,303,boston:34,amman:6,15.680000,36.1773
amman_query_0RRGZCCzxqj8dJzhN-RnQQ,transfer_1,5678,blur,self,765,boston:99,amman:6,15.680001,36.1773
amman_query_0RRGZCCzxqj8dJzhN-RnQQ,transfer_2,5678,blur,self,529,boston:34,amman:6,15.680000,36.1773
amman_query_0RRGZCCzxqj8dJzhN-RnQQ,transfer_3,5678,blur,self,211,amman:25,amman:6,15.680000,36.1773
amman_query_0RRGZCCzxqj8dJzhN-RnQQ,isotropic,9012,blur,self,556,boston:99,amman:6,15.680000,36.1773
amman_query_0RRGZCCzxqj8dJzhN-RnQQ,white_box,9012,blur,self,769,zurich:37,amman:6,15.679998,36.1773
amman_query_0RRGZCCzxqj8dJzhN-RnQQ,transfer_1,9012,blur,self,686,boston:99,amman:6,15.679998,36.1773
amman_query_0RRGZCCzxqj8dJzhN-RnQQ,transfer_2,9012,blur,self,575,boston:34,amman:6,15.680000,36.1773
amman_query_0RRGZCCzxqj8dJzhN-RnQQ,transfer_3,9012,blur,self,547,boston:99,amman:6,15.679998,36.1773
boston_query_-GJo3fVMwIWZoCYgf09NLQ,isotropic,1234,blur,self,99,boston:206,boston:235,15.680002,36.1773
boston_query_-GJo3fVMwIWZoCYgf09NLQ,white_box,1234,blur,self,433,manila:82,boston:235,15.679997,36.1773
boston_query_-GJo3fVMwIWZoCYgf09NLQ,transfer_1,1234,blur,self,147,toronto:421,boston:235,15.679998,36.1773
boston_query_-GJo3fVMwIWZoCYgf09NLQ,transfer_2,1234,blur,self,170,manila:87,boston:235,15.680000,36.1773
boston_query_-GJo3fVMwIWZoCYgf09NLQ,transfer_3,1234,blur,self,210,manila:87,boston:235,15.679998,36.1773
boston_query_-GJo3fVMwIWZoCYgf09NLQ,isotropic,5678,blur,self,124,boston:206,boston:235,15.679997,36.1773
boston_query_-GJo3fVMwIWZoCYgf09NLQ,white_box,5678,blur,self,307,manila:106,boston:235,15.680000,36.1773
boston_query_-GJo3fVMwIWZoCYgf09NLQ,transfer_1,5678,blur,self,127,manila:190,boston:235,15.680001,36.1773
boston_query_-GJo3fVMwIWZoCYgf09NLQ,transfer_2,5678,blur,self,146,toronto:421,boston:235,15.680000,36.1773
boston_query_-GJo3fVMwIWZoCYgf09NLQ,transfer_3,5678,blur,self,182,boston:206,boston:235,15.680001,36.1773
boston_query_-GJo3fVMwIWZoCYgf09NLQ,isotropic,9012,blur,self,121,boston:206,boston:235,15.680000,36.1773
boston_query_-GJo3fVMwIWZoCYgf09NLQ,white_box,9012,blur,self,301,manila:106,boston:235,15.679997,36.1773
boston_query_-GJo3fVMwIWZoCYgf09NLQ,transfer_1,9012,blur,self,132,manila:190,boston:235,15.680000,36.1773
boston_query_-GJo3fVMwIWZoCYgf09NLQ,transfer_2,9012,blur,self,176,manila:190,boston:235,15.680000,36.1773
boston_query_-GJo3fVMwIWZoCYgf09NLQ,transfer_3,9012,blur,self,337,manila:87,boston:235,15.680000,36.1773
cph_query_-Eb1W6216G9S88OFy95k4Q,isotropic,1234,blur,self,1,cph:366,cph:366,15.679997,36.1773
cph_query_-Eb1W6216G9S88OFy95k4Q,white_box,1234,blur,self,84,cph:245,cph:366,15.679996,36.1773
cph_query_-Eb1W6216G9S88OFy95k4Q,transfer_1,1234,blur,self,1,cph:366,cph:366,15.680000,36.1773
cph_query_-Eb1W6216G9S88OFy95k4Q,transfer_2,1234,blur,self,1,cph:366,cph:366,15.680000,36.1773
cph_query_-Eb1W6216G9S88OFy95k4Q,transfer_3,1234,blur,self,1,cph:366,cph:366,15.679998,36.1773
cph_query_-Eb1W6216G9S88OFy95k4Q,isotropic,5678,blur,self,1,cph:366,cph:366,15.680000,36.1773
cph_query_-Eb1W6216G9S88OFy95k4Q,white_box,5678,blur,self,4,boston:79,cph:366,15.679997,36.1773
cph_query_-Eb1W6216G9S88OFy95k4Q,transfer_1,5678,blur,self,1,cph:366,cph:366,15.680000,36.1773
cph_query_-Eb1W6216G9S88OFy95k4Q,transfer_2,5678,blur,self,1,cph:366,cph:366,15.680001,36.1773
cph_query_-Eb1W6216G9S88OFy95k4Q,transfer_3,5678,blur,self,2,london:131,cph:366,15.680000,36.1773
cph_query_-Eb1W6216G9S88OFy95k4Q,isotropic,9012,blur,self,1,cph:366,cph:366,15.680000,36.1773
cph_query_-Eb1W6216G9S88OFy95k4Q,white_box,9012,blur,self,52,london:34,cph:366,15.680000,36.1773
cph_query_-Eb1W6216G9S88OFy95k4Q,transfer_1,9012,blur,self,1,cph:366,cph:366,15.680000,36.1773
cph_query_-Eb1W6216G9S88OFy95k4Q,transfer_2,9012,blur,self,1,cph:366,cph:366,15.680000,36.1773
cph_query_-Eb1W6216G9S88OFy95k4Q,transfer_3,9012,blur,self,1,cph:366,cph:366,15.679998,36.1773
london_query_-XZRTRoj7LEefbZ7UDBzXg,isotropic,1234,blur,self,802,cph:297,london:29,15.679997,36.1773
london_query_-XZRTRoj7LEefbZ7UDBzXg,white_box,1234,blur,self,1381,manila:190,london:29,15.679997,36.1773
london_query_-XZRTRoj7LEefbZ7UDBzXg,transfer_1,1234,blur,self,873,cph:297,london:29,15.679997,36.1773
london_query_-XZRTRoj7LEefbZ7UDBzXg,transfer_2,1234,blur,self,791,cph:297,london:29,15.680000,36.1773
london_query_-XZRTRoj7LEefbZ7UDBzXg,transfer_3,1234,blur,self,968,manila:67,london:29,15.679996,36.1773
london_query_-XZRTRoj7LEefbZ7UDBzXg,isotropic,5678,blur,self,602,cph:297,london:29,15.680000,36.1773
london_query_-XZRTRoj7LEefbZ7UDBzXg,white_box,5678,blur,self,490,manila:106,london:29,15.680000,36.1773
london_query_-XZRTRoj7LEefbZ7UDBzXg,transfer_1,5678,blur,self,741,cph:297,london:29,15.680000,36.1773
london_query_-XZRTRoj7LEefbZ7UDBzXg,transfer_2,5678,blur,self,965,cph:297,london:29,15.680000,36.1773
london_query_-XZRTRoj7LEefbZ7UDBzXg,transfer_3,5678,blur,self,781,manila:67,london:29,15.680000,36.1773
london_query_-XZRTRoj7LEefbZ7UDBzXg,isotropic,9012,blur,self,683,cph:297,london:29,15.679997,36.1773
london_query_-XZRTRoj7LEefbZ7UDBzXg,white_box,9012,blur,self,20,toronto:88,london:29,15.679997,36.1773
london_query_-XZRTRoj7LEefbZ7UDBzXg,transfer_1,9012,blur,self,900,cph:297,london:29,15.680000,36.1773
london_query_-XZRTRoj7LEefbZ7UDBzXg,transfer_2,9012,blur,self,688,cph:297,london:29,15.679997,36.1773
london_query_-XZRTRoj7LEefbZ7UDBzXg,transfer_3,9012,blur,self,831,manila:33,london:29,15.679997,36.1773
manila_query_-HF88JWAO1GDy0F6B4ZeZg,isotropic,1234,blur,self,144,manila:134,manila:202,15.679998,36.1773
manila_query_-HF88JWAO1GDy0F6B4ZeZg,white_box,1234,blur,self,620,manila:143,manila:202,15.680000,36.1773
manila_query_-HF88JWAO1GDy0F6B4ZeZg,transfer_1,1234,blur,self,318,manila:134,manila:202,15.680000,36.1773
manila_query_-HF88JWAO1GDy0F6B4ZeZg,transfer_2,1234,blur,self,387,amman:6,manila:202,15.679997,36.1773
manila_query_-HF88JWAO1GDy0F6B4ZeZg,transfer_3,1234,blur,self,436,boston:144,manila:202,15.679997,36.1773
manila_query_-HF88JWAO1GDy0F6B4ZeZg,isotropic,5678,blur,self,151,manila:143,manila:202,15.680000,36.1773
manila_query_-HF88JWAO1GDy0F6B4ZeZg,white_box,5678,blur,self,788,manila:190,manila:202,15.679998,36.1773
manila_query_-HF88JWAO1GDy0F6B4ZeZg,transfer_1,5678,blur,self,288,manila:134,manila:202,15.680000,36.1773
manila_query_-HF88JWAO1GDy0F6B4ZeZg,transfer_2,5678,blur,self,393,boston:144,manila:202,15.679997,36.1773
manila_query_-HF88JWAO1GDy0F6B4ZeZg,transfer_3,5678,blur,self,454,boston:144,manila:202,15.680001,36.1773
manila_query_-HF88JWAO1GDy0F6B4ZeZg,isotropic,9012,blur,self,159,manila:134,manila:202,15.679997,36.1773
manila_query_-HF88JWAO1GDy0F6B4ZeZg,white_box,9012,blur,self,365,manila:29,manila:202,15.680001,36.1773
manila_query_-HF88JWAO1GDy0F6B4ZeZg,transfer_1,9012,blur,self,257,boston:144,manila:202,15.680001,36.1773
manila_query_-HF88JWAO1GDy0F6B4ZeZg,transfer_2,9012,blur,self,489,boston:144,manila:202,15.679997,36.1773
manila_query_-HF88JWAO1GDy0F6B4ZeZg,transfer_3,9012,blur,self,538,boston:144,manila:202,15.679997,36.1773
nairobi_query_183WoPTmmjfRAAmVLL6TDw,isotropic,1234,blur,self,76,toronto:351,nairobi:1,15.680000,36.1773
nairobi_query_183WoPTmmjfRAAmVLL6TDw,white_box,1234,blur,self,8,nairobi:20,nairobi:1,15.679998,36.1773
nairobi_query_183WoPTmmjfRAAmVLL6TDw,transfer_1,1234,blur,self,34,boston:79,nairobi:1,15.680000,36.1773
nairobi_query_183WoPTmmjfRAAmVLL6TDw,transfer_2,1234,blur,self,21,toronto:351,nairobi:1,15.680000,36.1773
nairobi_query_183WoPTmmjfRAAmVLL6TDw,transfer_3,1234,blur,self,33,toronto:354,nairobi:1,15.679998,36.1773
nairobi_query_183WoPTmmjfRAAmVLL6TDw,isotropic,5678,blur,self,110,toronto:351,nairobi:1,15.679998,36.1773
nairobi_query_183WoPTmmjfRAAmVLL6TDw,white_box,5678,blur,self,79,manila:106,nairobi:1,15.680000,36.1773
nairobi_query_183WoPTmmjfRAAmVLL6TDw,transfer_1,5678,blur,self,25,zurich:30,nairobi:1,15.680000,36.1773
nairobi_query_183WoPTmmjfRAAmVLL6TDw,transfer_2,5678,blur,self,8,zurich:30,nairobi:1,15.679998,36.1773
nairobi_query_183WoPTmmjfRAAmVLL6TDw,transfer_3,5678,blur,self,30,toronto:354,nairobi:1,15.679998,36.1773
nairobi_query_183WoPTmmjfRAAmVLL6TDw,isotropic,9012,blur,self,105,toronto:351,nairobi:1,15.679998,36.1773
nairobi_query_183WoPTmmjfRAAmVLL6TDw,white_box,9012,blur,self,1,nairobi:1,nairobi:1,15.680000,36.1773
nairobi_query_183WoPTmmjfRAAmVLL6TDw,transfer_1,9012,blur,self,14,toronto:354,nairobi:1,15.679998,36.1773
nairobi_query_183WoPTmmjfRAAmVLL6TDw,transfer_2,9012,blur,self,6,nairobi:22,nairobi:1,15.679998,36.1773
nairobi_query_183WoPTmmjfRAAmVLL6TDw,transfer_3,9012,blur,self,20,toronto:354,nairobi:1,15.680000,36.1773
toronto_query_-9p2_cESNINnXfab4o-dKQ,isotropic,1234,blur,self,337,boston:216,toronto:121,15.679998,36.1773
toronto_query_-9p2_cESNINnXfab4o-dKQ,white_box,1234,blur,self,1900,london:34,toronto:121,15.680000,36.1773
toronto_query_-9p2_cESNINnXfab4o-dKQ,transfer_1,1234,blur,self,533,boston:216,toronto:121,15.679998,36.1773
toronto_query_-9p2_cESNINnXfab4o-dKQ,transfer_2,1234,blur,self,815,boston:216,toronto:121,15.680001,36.1773
toronto_query_-9p2_cESNINnXfab4o-dKQ,transfer_3,1234,blur,self,1232,boston:216,toronto:121,15.680001,36.1773
toronto_query_-9p2_cESNINnXfab4o-dKQ,isotropic,5678,blur,self,362,boston:216,toronto:121,15.680000,36.1773
toronto_query_-9p2_cESNINnXfab4o-dKQ,white_box,5678,blur,self,1927,toronto:88,toronto:121,15.679997,36.1773
toronto_query_-9p2_cESNINnXfab4o-dKQ,transfer_1,5678,blur,self,1037,boston:216,toronto:121,15.680000,36.1773
toronto_query_-9p2_cESNINnXfab4o-dKQ,transfer_2,5678,blur,self,570,boston:216,toronto:121,15.680002,36.1773
toronto_query_-9p2_cESNINnXfab4o-dKQ,transfer_3,5678,blur,self,1505,boston:216,toronto:121,15.679997,36.1773
toronto_query_-9p2_cESNINnXfab4o-dKQ,isotropic,9012,blur,self,356,boston:216,toronto:121,15.679997,36.1773
toronto_query_-9p2_cESNINnXfab4o-dKQ,white_box,9012,blur,self,1881,toronto:88,toronto:121,15.680000,36.1773
toronto_query_-9p2_cESNINnXfab4o-dKQ,transfer_1,9012,blur,self,539,boston:216,toronto:121,15.680000,36.1773
toronto_query_-9p2_cESNINnXfab4o-dKQ,transfer_2,9012,blur,self,542,boston:216,toronto:121,15.679998,36.1773
toronto_query_-9p2_cESNINnXfab4o-dKQ,transfer_3,9012,blur,self,943,boston:216,toronto:121,15.680000,36.1773
zurich_query_-iln48QPRjkI40nJSzd6lg,isotropic,1234,blur,self,1,zurich:109,zurich:109,15.680000,36.1773
zurich_query_-iln48QPRjkI40nJSzd6lg,white_box,1234,blur,self,436,manila:142,zurich:109,15.680000,36.1773
zurich_query_-iln48QPRjkI40nJSzd6lg,transfer_1,1234,blur,self,1,zurich:109,zurich:109,15.679997,36.1773
zurich_query_-iln48QPRjkI40nJSzd6lg,transfer_2,1234,blur,self,2,toronto:301,zurich:109,15.679998,36.1773
zurich_query_-iln48QPRjkI40nJSzd6lg,transfer_3,1234,blur,self,3,manila:23,zurich:109,15.679998,36.1773
zurich_query_-iln48QPRjkI40nJSzd6lg,isotropic,5678,blur,self,2,zurich:33,zurich:109,15.679997,36.1773
zurich_query_-iln48QPRjkI40nJSzd6lg,white_box,5678,blur,self,45,manila:189,zurich:109,15.679997,36.1773
zurich_query_-iln48QPRjkI40nJSzd6lg,transfer_1,5678,blur,self,2,toronto:301,zurich:109,15.679997,36.1773
zurich_query_-iln48QPRjkI40nJSzd6lg,transfer_2,5678,blur,self,2,toronto:301,zurich:109,15.679998,36.1773
zurich_query_-iln48QPRjkI40nJSzd6lg,transfer_3,5678,blur,self,3,manila:23,zurich:109,15.679998,36.1773
zurich_query_-iln48QPRjkI40nJSzd6lg,isotropic,9012,blur,self,2,zurich:33,zurich:109,15.680000,36.1773
zurich_query_-iln48QPRjkI40nJSzd6lg,white_box,9012,blur,self,162,manila:153,zurich:109,15.679997,36.1773
zurich_query_-iln48QPRjkI40nJSzd6lg,transfer_1,9012,blur,self,2,toronto:301,zurich:109,15.680000,36.1773
zurich_query_-iln48QPRjkI40nJSzd6lg,transfer_2,9012,blur,self,2,cph:96,zurich:109,15.680001,36.1773
zurich_query_-iln48QPRjkI40nJSzd6lg,transfer_3,9012,blur,self,1,zurich:109,zurich:109,15.679997,36.1773
amman_query_0fPb7in-cHyh0MAM_N6Zwg,isotropic,1234,blur,self,6,cph:464,amman:13,15.679998,36.1773
amman_query_0fPb7in-cHyh0MAM_N6Zwg,white_box,1234,blur,self,35,boston:123,amman:13,15.679997,36.1773
amman_query_0fPb7in-cHyh0MAM_N6Zwg,transfer_1,1234,blur,self,5,cph:464,amman:13,15.680002,36.1773
amman_query_0fPb7in-cHyh0MAM_N6Zwg,transfer_2,1234,blur,self,9,cph:464,amman:13,15.679997,36.1773
amman_query_0fPb7in-cHyh0MAM_N6Zwg,transfer_3,1234,blur,self,4,cph:464,amman:13,15.679997,36.1773
amman_query_0fPb7in-cHyh0MAM_N6Zwg,isotropic,5678,blur,self,5,cph:464,amman:13,15.679998,36.1773
amman_query_0fPb7in-cHyh0MAM_N6Zwg,white_box,5678,blur,self,369,toronto:253,amman:13,15.679997,36.1773
amman_query_0fPb7in-cHyh0MAM_N6Zwg,transfer_1,5678,blur,self,7,cph:464,amman:13,15.680001,36.1773
amman_query_0fPb7in-cHyh0MAM_N6Zwg,transfer_2,5678,blur,self,3,cph:464,amman:13,15.679997,36.1773
amman_query_0fPb7in-cHyh0MAM_N6Zwg,transfer_3,5678,blur,self,2,cph:464,amman:13,15.679997,36.1773
amman_query_0fPb7in-cHyh0MAM_N6Zwg,isotropic,9012,blur,self,5,cph:464,amman:13,15.679998,36.1773
amman_query_0fPb7in-cHyh0MAM_N6Zwg,white_box,9012,blur,self,128,amman:23,amman:13,15.679997,36.1773
amman_query_0fPb7in-cHyh0MAM_N6Zwg,transfer_1,9012,blur,self,3,cph:464,amman:13,15.680000,36.1773
amman_query_0fPb7in-cHyh0MAM_N6Zwg,transfer_2,9012,blur,self,9,cph:464,amman:13,15.680000,36.1773
amman_query_0fPb7in-cHyh0MAM_N6Zwg,transfer_3,9012,blur,self,2,cph:464,amman:13,15.679997,36.1773
boston_query_-HufF4iDO00S4hZK96hUyw,isotropic,1234,blur,self,2,zurich:111,boston:145,15.680000,36.1773
boston_query_-HufF4iDO00S4hZK96hUyw,white_box,1234,blur,self,108,london:28,boston:145,15.680000,36.1773
boston_query_-HufF4iDO00S4hZK96hUyw,transfer_1,1234,blur,self,1,boston:145,boston:145,15.679998,36.1773
boston_query_-HufF4iDO00S4hZK96hUyw,transfer_2,1234,blur,self,5,boston:234,boston:145,15.679998,36.1773
boston_query_-HufF4iDO00S4hZK96hUyw,transfer_3,1234,blur,self,10,amman:21,boston:145,15.679997,36.1773
boston_query_-HufF4iDO00S4hZK96hUyw,isotropic,5678,blur,self,2,zurich:111,boston:145,15.680000,36.1773
boston_query_-HufF4iDO00S4hZK96hUyw,white_box,5678,blur,self,84,manila:23,boston:145,15.679998,36.1773
boston_query_-HufF4iDO00S4hZK96hUyw,transfer_1,5678,blur,self,1,boston:145,boston:145,15.679997,36.1773
boston_query_-HufF4iDO00S4hZK96hUyw,transfer_2,5678,blur,self,10,boston:237,boston:145,15.680000,36.1773
boston_query_-HufF4iDO00S4hZK96hUyw,transfer_3,5678,blur,self,4,boston:237,boston:145,15.679997,36.1773
boston_query_-HufF4iDO00S4hZK96hUyw,isotropic,9012,blur,self,2,zurich:111,boston:145,15.680000,36.1773
boston_query_-HufF4iDO00S4hZK96hUyw,white_box,9012,blur,self,128,london:28,boston:145,15.679997,36.1773
boston_query_-HufF4iDO00S4hZK96hUyw,transfer_1,9012,blur,self,6,zurich:111,boston:145,15.679997,36.1773
boston_query_-HufF4iDO00S4hZK96hUyw,transfer_2,9012,blur,self,21,boston:237,boston:145,15.680000,36.1773
boston_query_-HufF4iDO00S4hZK96hUyw,transfer_3,9012,blur,self,5,amman:21,boston:145,15.680001,36.1773
cph_query_-Efn_mUBXLqGWGzUw3Youw,isotropic,1234,blur,self,9,toronto:103,cph:460,15.679997,36.1773
cph_query_-Efn_mUBXLqGWGzUw3Youw,white_box,1234,blur,self,256,london:28,cph:460,15.680000,36.1773
cph_query_-Efn_mUBXLqGWGzUw3Youw,transfer_1,1234,blur,self,18,cph:459,cph:460,15.680000,36.1773
cph_query_-Efn_mUBXLqGWGzUw3Youw,transfer_2,1234,blur,self,15,cph:254,cph:460,15.679997,36.1773
cph_query_-Efn_mUBXLqGWGzUw3Youw,transfer_3,1234,blur,self,66,cph:254,cph:460,15.679997,36.1773
cph_query_-Efn_mUBXLqGWGzUw3Youw,isotropic,5678,blur,self,8,toronto:103,cph:460,15.680000,36.1773
cph_query_-Efn_mUBXLqGWGzUw3Youw,white_box,5678,blur,self,1355,manila:87,cph:460,15.679996,36.1773
cph_query_-Efn_mUBXLqGWGzUw3Youw,transfer_1,5678,blur,self,18,cph:459,cph:460,15.679998,36.1773
cph_query_-Efn_mUBXLqGWGzUw3Youw,transfer_2,5678,blur,self,31,cph:254,cph:460,15.679997,36.1773
cph_query_-Efn_mUBXLqGWGzUw3Youw,transfer_3,5678,blur,self,49,cph:254,cph:460,15.679997,36.1773
cph_query_-Efn_mUBXLqGWGzUw3Youw,isotropic,9012,blur,self,7,toronto:103,cph:460,15.679998,36.1773
cph_query_-Efn_mUBXLqGWGzUw3Youw,white_box,9012,blur,self,352,cph:296,cph:460,15.680001,36.1773
cph_query_-Efn_mUBXLqGWGzUw3Youw,transfer_1,9012,blur,self,9,cph:254,cph:460,15.679997,36.1773
cph_query_-Efn_mUBXLqGWGzUw3Youw,transfer_2,9012,blur,self,78,cph:254,cph:460,15.680000,36.1773
cph_query_-Efn_mUBXLqGWGzUw3Youw,transfer_3,9012,blur,self,103,cph:254,cph:460,15.679998,36.1773
london_query_-b5BCVv9Qd6OhZGxpoqS5A,isotropic,1234,blur,self,4,cph:500,london:84,15.679997,36.1773
london_query_-b5BCVv9Qd6OhZGxpoqS5A,white_box,1234,blur,self,4,london:34,london:84,15.679997,36.1773
london_query_-b5BCVv9Qd6OhZGxpoqS5A,transfer_1,1234,blur,self,11,cph:500,london:84,15.680000,36.1773
london_query_-b5BCVv9Qd6OhZGxpoqS5A,transfer_2,1234,blur,self,9,cph:500,london:84,15.680000,36.1773
london_query_-b5BCVv9Qd6OhZGxpoqS5A,transfer_3,1234,blur,self,2,boston:90,london:84,15.680000,36.1773
london_query_-b5BCVv9Qd6OhZGxpoqS5A,isotropic,5678,blur,self,4,cph:500,london:84,15.680000,36.1773
london_query_-b5BCVv9Qd6OhZGxpoqS5A,white_box,5678,blur,self,142,manila:142,london:84,15.680000,36.1773
london_query_-b5BCVv9Qd6OhZGxpoqS5A,transfer_1,5678,blur,self,10,cph:500,london:84,15.679998,36.1773
london_query_-b5BCVv9Qd6OhZGxpoqS5A,transfer_2,5678,blur,self,7,cph:500,london:84,15.680000,36.1773
london_query_-b5BCVv9Qd6OhZGxpoqS5A,transfer_3,5678,blur,self,6,cph:500,london:84,15.679998,36.1773
london_query_-b5BCVv9Qd6OhZGxpoqS5A,isotropic,9012,blur,self,4,cph:500,london:84,15.680002,36.1773
london_query_-b5BCVv9Qd6OhZGxpoqS5A,white_box,9012,blur,self,350,manila:142,london:84,15.679997,36.1773
london_query_-b5BCVv9Qd6OhZGxpoqS5A,transfer_1,9012,blur,self,5,cph:500,london:84,15.680000,36.1773
london_query_-b5BCVv9Qd6OhZGxpoqS5A,transfer_2,9012,blur,self,39,boston:90,london:84,15.679998,36.1773
london_query_-b5BCVv9Qd6OhZGxpoqS5A,transfer_3,9012,blur,self,26,cph:500,london:84,15.679997,36.1773
manila_query_-KU1q5fdqSI_GghxKumbeg,isotropic,1234,blur,self,652,toronto:197,manila:67,15.679997,36.1773
manila_query_-KU1q5fdqSI_GghxKumbeg,white_box,1234,blur,self,633,toronto:273,manila:67,15.680000,36.1773
manila_query_-KU1q5fdqSI_GghxKumbeg,transfer_1,1234,blur,self,617,toronto:197,manila:67,15.679997,36.1773
manila_query_-KU1q5fdqSI_GghxKumbeg,transfer_2,1234,blur,self,616,toronto:197,manila:67,15.679997,36.1773
manila_query_-KU1q5fdqSI_GghxKumbeg,transfer_3,1234,blur,self,538,boston:168,manila:67,15.679997,36.1773
manila_query_-KU1q5fdqSI_GghxKumbeg,isotropic,5678,blur,self,608,toronto:197,manila:67,15.680000,36.1773
manila_query_-KU1q5fdqSI_GghxKumbeg,white_box,5678,blur,self,1059,zurich:98,manila:67,15.680000,36.1773
manila_query_-KU1q5fdqSI_GghxKumbeg,transfer_1,5678,blur,self,452,manila:54,manila:67,15.680000,36.1773
manila_query_-KU1q5fdqSI_GghxKumbeg,transfer_2,5678,blur,self,810,zurich:98,manila:67,15.679998,36.1773
manila_query_-KU1q5fdqSI_GghxKumbeg,transfer_3,5678,blur,self,487,boston:168,manila:67,15.680001,36.1773
manila_query_-KU1q5fdqSI_GghxKumbeg,isotropic,9012,blur,self,538,toronto:197,manila:67,15.680002,36.1773
manila_query_-KU1q5fdqSI_GghxKumbeg,white_box,9012,blur,self,627,manila:51,manila:67,15.680000,36.1773
manila_query_-KU1q5fdqSI_GghxKumbeg,transfer_1,9012,blur,self,368,zurich:98,manila:67,15.680000,36.1773
manila_query_-KU1q5fdqSI_GghxKumbeg,transfer_2,9012,blur,self,607,toronto:197,manila:67,15.680000,36.1773
manila_query_-KU1q5fdqSI_GghxKumbeg,transfer_3,9012,blur,self,654,zurich:98,manila:67,15.680000,36.1773
nairobi_query_19K8RILgg4ErFKJ9l5D9zQ,isotropic,1234,blur,self,101,nairobi:4,nairobi:10,15.680000,36.1773
nairobi_query_19K8RILgg4ErFKJ9l5D9zQ,white_box,1234,blur,self,39,cph:296,nairobi:10,15.680001,36.1773
nairobi_query_19K8RILgg4ErFKJ9l5D9zQ,transfer_1,1234,blur,self,95,nairobi:4,nairobi:10,15.679997,36.1773
nairobi_query_19K8RILgg4ErFKJ9l5D9zQ,transfer_2,1234,blur,self,26,nairobi:5,nairobi:10,15.679997,36.1773
nairobi_query_19K8RILgg4ErFKJ9l5D9zQ,transfer_3,1234,blur,self,39,nairobi:5,nairobi:10,15.679997,36.1773
nairobi_query_19K8RILgg4ErFKJ9l5D9zQ,isotropic,5678,blur,self,83,nairobi:4,nairobi:10,15.680000,36.1773
nairobi_query_19K8RILgg4ErFKJ9l5D9zQ,white_box,5678,blur,self,153,manila:189,nairobi:10,15.680000,36.1773
nairobi_query_19K8RILgg4ErFKJ9l5D9zQ,transfer_1,5678,blur,self,28,nairobi:5,nairobi:10,15.679998,36.1773
nairobi_query_19K8RILgg4ErFKJ9l5D9zQ,transfer_2,5678,blur,self,22,nairobi:4,nairobi:10,15.679997,36.1773
nairobi_query_19K8RILgg4ErFKJ9l5D9zQ,transfer_3,5678,blur,self,84,nairobi:5,nairobi:10,15.679998,36.1773
nairobi_query_19K8RILgg4ErFKJ9l5D9zQ,isotropic,9012,blur,self,131,nairobi:4,nairobi:10,15.679997,36.1773
nairobi_query_19K8RILgg4ErFKJ9l5D9zQ,white_box,9012,blur,self,31,manila:72,nairobi:10,15.679997,36.1773
nairobi_query_19K8RILgg4ErFKJ9l5D9zQ,transfer_1,9012,blur,self,72,nairobi:5,nairobi:10,15.680000,36.1773
nairobi_query_19K8RILgg4ErFKJ9l5D9zQ,transfer_2,9012,blur,self,37,nairobi:4,nairobi:10,15.679997,36.1773
nairobi_query_19K8RILgg4ErFKJ9l5D9zQ,transfer_3,9012,blur,self,70,nairobi:5,nairobi:10,15.680000,36.1773
toronto_query_-Af6Q3npKjccLu7TwYvlsQ,isotropic,1234,blur,self,1,toronto:197,toronto:197,15.680000,36.1773
toronto_query_-Af6Q3npKjccLu7TwYvlsQ,white_box,1234,blur,self,43,amman:1,toronto:197,15.679998,36.1773
toronto_query_-Af6Q3npKjccLu7TwYvlsQ,transfer_1,1234,blur,self,1,toronto:197,toronto:197,15.679997,36.1773
toronto_query_-Af6Q3npKjccLu7TwYvlsQ,transfer_2,1234,blur,self,1,toronto:197,toronto:197,15.680001,36.1773
toronto_query_-Af6Q3npKjccLu7TwYvlsQ,transfer_3,1234,blur,self,1,toronto:197,toronto:197,15.680000,36.1773
toronto_query_-Af6Q3npKjccLu7TwYvlsQ,isotropic,5678,blur,self,1,toronto:197,toronto:197,15.680000,36.1773
toronto_query_-Af6Q3npKjccLu7TwYvlsQ,white_box,5678,blur,self,232,zurich:19,toronto:197,15.680000,36.1773
toronto_query_-Af6Q3npKjccLu7TwYvlsQ,transfer_1,5678,blur,self,1,toronto:197,toronto:197,15.679998,36.1773
toronto_query_-Af6Q3npKjccLu7TwYvlsQ,transfer_2,5678,blur,self,1,toronto:197,toronto:197,15.679998,36.1773
toronto_query_-Af6Q3npKjccLu7TwYvlsQ,transfer_3,5678,blur,self,1,toronto:197,toronto:197,15.680001,36.1773
toronto_query_-Af6Q3npKjccLu7TwYvlsQ,isotropic,9012,blur,self,1,toronto:197,toronto:197,15.679998,36.1773
toronto_query_-Af6Q3npKjccLu7TwYvlsQ,white_box,9012,blur,self,13,boston:149,toronto:197,15.680000,36.1773
toronto_query_-Af6Q3npKjccLu7TwYvlsQ,transfer_1,9012,blur,self,1,toronto:197,toronto:197,15.680000,36.1773
toronto_query_-Af6Q3npKjccLu7TwYvlsQ,transfer_2,9012,blur,self,1,toronto:197,toronto:197,15.679996,36.1773
toronto_query_-Af6Q3npKjccLu7TwYvlsQ,transfer_3,9012,blur,self,1,toronto:197,toronto:197,15.679998,36.1773
zurich_query_-ldtR3_I7eHdDGYU5BNczg,isotropic,1234,blur,self,62,cph:271,zurich:105,15.680001,36.1773
zurich_query_-ldtR3_I7eHdDGYU5BNczg,white_box,1234,blur,self,197,manila:190,zurich:105,15.680001,36.1773
zurich_query_-ldtR3_I7eHdDGYU5BNczg,transfer_1,1234,blur,self,9,cph:271,zurich:105,15.679998,36.1773
zurich_query_-ldtR3_I7eHdDGYU5BNczg,transfer_2,1234,blur,self,34,cph:271,zurich:105,15.679998,36.1773
zurich_query_-ldtR3_I7eHdDGYU5BNczg,transfer_3,1234,blur,self,76,amman:31,zurich:105,15.680000,36.1773
zurich_query_-ldtR3_I7eHdDGYU5BNczg,isotropic,5678,blur,self,56,cph:271,zurich:105,15.680000,36.1773
zurich_query_-ldtR3_I7eHdDGYU5BNczg,white_box,5678,blur,self,13,toronto:156,zurich:105,15.679997,36.1773
zurich_query_-ldtR3_I7eHdDGYU5BNczg,transfer_1,5678,blur,self,131,cph:271,zurich:105,15.679998,36.1773
zurich_query_-ldtR3_I7eHdDGYU5BNczg,transfer_2,5678,blur,self,40,manila:13,zurich:105,15.679998,36.1773
zurich_query_-ldtR3_I7eHdDGYU5BNczg,transfer_3,5678,blur,self,120,cph:271,zurich:105,15.680000,36.1773
zurich_query_-ldtR3_I7eHdDGYU5BNczg,isotropic,9012,blur,self,68,cph:271,zurich:105,15.680000,36.1773
zurich_query_-ldtR3_I7eHdDGYU5BNczg,white_box,9012,blur,self,37,amman:31,zurich:105,15.680000,36.1773
zurich_query_-ldtR3_I7eHdDGYU5BNczg,transfer_1,9012,blur,self,27,cph:271,zurich:105,15.679998,36.1773
zurich_query_-ldtR3_I7eHdDGYU5BNczg,transfer_2,9012,blur,self,8,manila:13,zurich:105,15.680000,36.1773
zurich_query_-ldtR3_I7eHdDGYU5BNczg,transfer_3,9012,blur,self,23,cph:271,zurich:105,15.679997,36.1773
amman_query_0mtodUgJmOV4UK-0AiTGHg,isotropic,1234,blur,self,1,amman:26,amman:26,15.680000,36.1773
amman_query_0mtodUgJmOV4UK-0AiTGHg,white_box,1234,blur,self,8,manila:143,amman:26,15.680000,36.1773
amman_query_0mtodUgJmOV4UK-0AiTGHg,transfer_1,1234,blur,self,1,amman:26,amman:26,15.680001,36.1773
amman_query_0mtodUgJmOV4UK-0AiTGHg,transfer_2,1234,blur,self,1,amman:26,amman:26,15.679997,36.1773
amman_query_0mtodUgJmOV4UK-0AiTGHg,transfer_3,1234,blur,self,1,amman:26,amman:26,15.680000,36.1773
amman_query_0mtodUgJmOV4UK-0AiTGHg,isotropic,5678,blur,self,1,amman:26,amman:26,15.680000,36.1773
amman_query_0mtodUgJmOV4UK-0AiTGHg,white_box,5678,blur,self,28,manila:72,amman:26,15.680000,36.1773
amman_query_0mtodUgJmOV4UK-0AiTGHg,transfer_1,5678,blur,self,1,amman:26,amman:26,15.680000,36.1773
amman_query_0mtodUgJmOV4UK-0AiTGHg,transfer_2,5678,blur,self,1,amman:26,amman:26,15.680000,36.1773
amman_query_0mtodUgJmOV4UK-0AiTGHg,transfer_3,5678,blur,self,1,amman:26,amman:26,15.680000,36.1773
amman_query_0mtodUgJmOV4UK-0AiTGHg,isotropic,9012,blur,self,1,amman:26,amman:26,15.679997,36.1773
amman_query_0mtodUgJmOV4UK-0AiTGHg,white_box,9012,blur,self,7,manila:72,amman:26,15.679997,36.1773
amman_query_0mtodUgJmOV4UK-0AiTGHg,transfer_1,9012,blur,self,1,amman:26,amman:26,15.680000,36.1773
amman_query_0mtodUgJmOV4UK-0AiTGHg,transfer_2,9012,blur,self,1,amman:26,amman:26,15.679997,36.1773
amman_query_0mtodUgJmOV4UK-0AiTGHg,transfer_3,9012,blur,self,1,amman:26,amman:26,15.679998,36.1773
boston_query_-IYAXZ4yoOS7SzEIu2m-me,isotropic,1234,blur,self,16,boston:123,boston:98,15.679998,36.1773
boston_query_-IYAXZ4yoOS7SzEIu2m-me,white_box,1234,blur,self,162,boston:168,boston:98,15.680000,36.1773
boston_query_-IYAXZ4yoOS7SzEIu2m-me,transfer_1,1234,blur,self,12,boston:123,boston:98,15.680000,36.1773
boston_query_-IYAXZ4yoOS7SzEIu2m-me,transfer_2,1234,blur,self,10,boston:123,boston:98,15.680000,36.1773
boston_query_-IYAXZ4yoOS7SzEIu2m-me,transfer_3,1234,blur,self,10,boston:123,boston:98,15.679997,36.1773
boston_query_-IYAXZ4yoOS7SzEIu2m-me,isotropic,5678,blur,self,14,boston:123,boston:98,15.679998,36.1773
boston_query_-IYAXZ4yoOS7SzEIu2m-me,white_box,5678,blur,self,161,cph:296,boston:98,15.680000,36.1773
boston_query_-IYAXZ4yoOS7SzEIu2m-me,transfer_1,5678,blur,self,14,boston:123,boston:98,15.680001,36.1773
boston_query_-IYAXZ4yoOS7SzEIu2m-me,transfer_2,5678,blur,self,17,manila:183,boston:98,15.680001,36.1773
boston_query_-IYAXZ4yoOS7SzEIu2m-me,transfer_3,5678,blur,self,1,boston:98,boston:98,15.680000,36.1773
boston_query_-IYAXZ4yoOS7SzEIu2m-me,isotropic,9012,blur,self,13,boston:123,boston:98,15.680000,36.1773
boston_query_-IYAXZ4yoOS7SzEIu2m-me,white_box,9012,blur,self,89,nairobi:20,boston:98,15.680000,36.1773
boston_query_-IYAXZ4yoOS7SzEIu2m-me,transfer_1,9012,blur,self,12,boston:123,boston:98,15.679997,36.1773
boston_query_-IYAXZ4yoOS7SzEIu2m-me,transfer_2,9012,blur,self,6,manila:183,boston:98,15.679997,36.1773
boston_query_-IYAXZ4yoOS7SzEIu2m-me,transfer_3,9012,blur,self,6,boston:123,boston:98,15.680000,36.1773
cph_query_-F5w8wQO0CU26PCfOqANzA,isotropic,1234,blur,self,113,cph:33,cph:370,15.680000,36.1773
cph_query_-F5w8wQO0CU26PCfOqANzA,white_box,1234,blur,self,313,manila:29,cph:370,15.679997,36.1773
cph_query_-F5w8wQO0CU26PCfOqANzA,transfer_1,1234,blur,self,208,cph:33,cph:370,15.679997,36.1773
cph_query_-F5w8wQO0CU26PCfOqANzA,transfer_2,1234,blur,self,155,cph:33,cph:370,15.679997,36.1773
cph_query_-F5w8wQO0CU26PCfOqANzA,transfer_3,1234,blur,self,146,cph:96,cph:370,15.680000,36.1773
cph_query_-F5w8wQO0CU26PCfOqANzA,isotropic,5678,blur,self,118,cph:33,cph:370,15.680001,36.1773
cph_query_-F5w8wQO0CU26PCfOqANzA,white_box,5678,blur,self,5,cph:245,cph:370,15.680001,36.1773
cph_query_-F5w8wQO0CU26PCfOqANzA,transfer_1,5678,blur,self,144,cph:96,cph:370,15.680000,36.1773
cph_query_-F5w8wQO0CU26PCfOqANzA,transfer_2,5678,blur,self,206,cph:33,cph:370,15.679998,36.1773
cph_query_-F5w8wQO0CU26PCfOqANzA,transfer_3,5678,blur,self,134,cph:96,cph:370,15.679997,36.1773
cph_query_-F5w8wQO0CU26PCfOqANzA,isotropic,9012,blur,self,127,cph:33,cph:370,15.679998,36.1773
cph_query_-F5w8wQO0CU26PCfOqANzA,white_box,9012,blur,self,30,manila:106,cph:370,15.680000,36.1773
cph_query_-F5w8wQO0CU26PCfOqANzA,transfer_1,9012,blur,self,166,cph:33,cph:370,15.679998,36.1773
cph_query_-F5w8wQO0CU26PCfOqANzA,transfer_2,9012,blur,self,126,cph:33,cph:370,15.680000,36.1773
cph_query_-F5w8wQO0CU26PCfOqANzA,transfer_3,9012,blur,self,134,cph:96,cph:370,15.680002,36.1773
london_query_-c-T7aulp9a5g-J9zYbYiQ,isotropic,1234,blur,self,232,zurich:42,london:51,15.680001,36.1773
london_query_-c-T7aulp9a5g-J9zYbYiQ,white_box,1234,blur,self,972,manila:142,london:51,15.679998,36.1773
london_query_-c-T7aulp9a5g-J9zYbYiQ,transfer_1,1234,blur,self,185,manila:51,london:51,15.679997,36.1773
london_query_-c-T7aulp9a5g-J9zYbYiQ,transfer_2,1234,blur,self,110,zurich:42,london:51,15.679997,36.1773
london_query_-c-T7aulp9a5g-J9zYbYiQ,transfer_3,1234,blur,self,334,boston:19,london:51,15.679997,36.1773
london_query_-c-T7aulp9a5g-J9zYbYiQ,isotropic,5678,blur,self,193,zurich:42,london:51,15.679996,36.1773
london_query_-c-T7aulp9a5g-J9zYbYiQ,white_box,5678,blur,self,738,london:28,london:51,15.679998,36.1773
london_query_-c-T7aulp9a5g-J9zYbYiQ,transfer_1,5678,blur,self,82,zurich:42,london:51,15.680000,36.1773
london_query_-c-T7aulp9a5g-J9zYbYiQ,transfer_2,5678,blur,self,65,zurich:42,london:51,15.680000,36.1773
london_query_-c-T7aulp9a5g-J9zYbYiQ,transfer_3,5678,blur,self,969,toronto:3,london:51,15.680000,36.1773
london_query_-c-T7aulp9a5g-J9zYbYiQ,isotropic,9012,blur,self,235,manila:33,london:51,15.679998,36.1773
london_query_-c-T7aulp9a5g-J9zYbYiQ,white_box,9012,blur,self,784,manila:142,london:51,15.679997,36.1773
london_query_-c-T7aulp9a5g-J9zYbYiQ,transfer_1,9012,blur,self,169,zurich:42,london:51,15.680000,36.1773
london_query_-c-T7aulp9a5g-J9zYbYiQ,transfer_2,9012,blur,self,99,zurich:42,london:51,15.680000,36.1773
london_query_-c-T7aulp9a5g-J9zYbYiQ,transfer_3,9012,blur,self,382,manila:46,london:51,15.680000,36.1773
manila_query_-KoSUCrB2w1FscwO9vyRlw,isotropic,1234,blur,self,384,manila:190,manila:31,15.680000,36.1773
manila_query_-KoSUCrB2w1FscwO9vyRlw,white_box,1234,blur,self,961,manila:87,manila:31,15.679997,36.1773
manila_query_-KoSUCrB2w1FscwO9vyRlw,transfer_1,1234,blur,self,342,manila:190,manila:31,15.680001,36.1773
manila_query_-KoSUCrB2w1FscwO9vyRlw,transfer_2,1234,blur,self,399,manila:190,manila:31,15.680000,36.1773
manila_query_-KoSUCrB2w1FscwO9vyRlw,transfer_3,1234,blur,self,447,manila:190,manila:31,15.679997,36.1773
manila_query_-KoSUCrB2w1FscwO9vyRlw,isotropic,5678,blur,self,346,manila:190,manila:31,15.680000,36.1773
manila_query_-KoSUCrB2w1FscwO9vyRlw,white_box,5678,blur,self,957,manila:87,manila:31,15.680002,36.1773
manila_query_-KoSUCrB2w1FscwO9vyRlw,transfer_1,5678,blur,self,515,manila:190,manila:31,15.680000,36.1773
manila_query_-KoSUCrB2w1FscwO9vyRlw,transfer_2,5678,blur,self,503,manila:190,manila:31,15.679997,36.1773
manila_query_-KoSUCrB2w1FscwO9vyRlw,transfer_3,5678,blur,self,502,manila:190,manila:31,15.680002,36.1773
manila_query_-KoSUCrB2w1FscwO9vyRlw,isotropic,9012,blur,self,361,manila:190,manila:31,15.680000,36.1773
manila_query_-KoSUCrB2w1FscwO9vyRlw,white_box,9012,blur,self,479,manila:87,manila:31,15.679997,36.1773
manila_query_-KoSUCrB2w1FscwO9vyRlw,transfer_1,9012,blur,self,282,manila:190,manila:31,15.680000,36.1773
manila_query_-KoSUCrB2w1FscwO9vyRlw,transfer_2,9012,blur,self,524,manila:190,manila:31,15.679997,36.1773
manila_query_-KoSUCrB2w1FscwO9vyRlw,transfer_3,9012,blur,self,333,manila:190,manila:31,15.679998,36.1773
nairobi_query_1J7o8IGEriKnTs-ay8aPNQ,isotropic,1234,blur,self,1,nairobi:3,nairobi:3,15.679997,36.1773
nairobi_query_1J7o8IGEriKnTs-ay8aPNQ,white_box,1234,blur,self,91,manila:106,nairobi:3,15.680000,36.1773
nairobi_query_1J7o8IGEriKnTs-ay8aPNQ,transfer_1,1234,blur,self,3,london:85,nairobi:3,15.679997,36.1773
nairobi_query_1J7o8IGEriKnTs-ay8aPNQ,transfer_2,1234,blur,self,2,london:85,nairobi:3,15.679997,36.1773
nairobi_query_1J7o8IGEriKnTs-ay8aPNQ,transfer_3,1234,blur,self,2,london:85,nairobi:3,15.680000,36.1773
nairobi_query_1J7o8IGEriKnTs-ay8aPNQ,isotropic,5678,blur,self,1,nairobi:3,nairobi:3,15.679996,36.1773
nairobi_query_1J7o8IGEriKnTs-ay8aPNQ,white_box,5678,blur,self,57,manila:190,nairobi:3,15.680002,36.1773
nairobi_query_1J7o8IGEriKnTs-ay8aPNQ,transfer_1,5678,blur,self,3,london:85,nairobi:3,15.680000,36.1773
nairobi_query_1J7o8IGEriKnTs-ay8aPNQ,transfer_2,5678,blur,self,2,london:85,nairobi:3,15.679998,36.1773
nairobi_query_1J7o8IGEriKnTs-ay8aPNQ,transfer_3,5678,blur,self,6,london:85,nairobi:3,15.679998,36.1773
nairobi_query_1J7o8IGEriKnTs-ay8aPNQ,isotropic,9012,blur,self,1,nairobi:3,nairobi:3,15.680001,36.1773
nairobi_query_1J7o8IGEriKnTs-ay8aPNQ,white_box,9012,blur,self,48,cph:296,nairobi:3,15.680000,36.1773
nairobi_query_1J7o8IGEriKnTs-ay8aPNQ,transfer_1,9012,blur,self,13,london:85,nairobi:3,15.680000,36.1773
nairobi_query_1J7o8IGEriKnTs-ay8aPNQ,transfer_2,9012,blur,self,3,london:85,nairobi:3,15.680000,36.1773
nairobi_query_1J7o8IGEriKnTs-ay8aPNQ,transfer_3,9012,blur,self,1,nairobi:3,nairobi:3,15.680000,36.1773
toronto_query_-AlgHQUWzDPe9bpb8ZAzSA,isotropic,1234,blur,self,110,manila:134,toronto:171,15.680000,36.1773
toronto_query_-AlgHQUWzDPe9bpb8ZAzSA,white_box,1234,blur,self,95,toronto:218,toronto:171,15.679998,36.1773
toronto_query_-AlgHQUWzDPe9bpb8ZAzSA,transfer_1,1234,blur,self,96,toronto:218,toronto:171,15.680000,36.1773
toronto_query_-AlgHQUWzDPe9bpb8ZAzSA,transfer_2,1234,blur,self,175,toronto:23,toronto:171,15.680000,36.1773
toronto_query_-AlgHQUWzDPe9bpb8ZAzSA,transfer_3,1234,blur,self,411,toronto:23,toronto:171,15.680001,36.1773
toronto_query_-AlgHQUWzDPe9bpb8ZAzSA,isotropic,5678,blur,self,92,manila:134,toronto:171,15.680000,36.1773
toronto_query_-AlgHQUWzDPe9bpb8ZAzSA,white_box,5678,blur,self,35,manila:189,toronto:171,15.680000,36.1773
toronto_query_-AlgHQUWzDPe9bpb8ZAzSA,transfer_1,5678,blur,self,131,toronto:218,toronto:171,15.679997,36.1773
toronto_query_-AlgHQUWzDPe9bpb8ZAzSA,transfer_2,5678,blur,self,207,toronto:23,toronto:171,15.679998,36.1773
toronto_query_-AlgHQUWzDPe9bpb8ZAzSA,transfer_3,5678,blur,self,193,toronto:23,toronto:171,15.680000,36.1773
toronto_query_-AlgHQUWzDPe9bpb8ZAzSA,isotropic,9012,blur,self,122,manila:134,toronto:171,15.679997,36.1773
toronto_query_-AlgHQUWzDPe9bpb8ZAzSA,white_box,9012,blur,self,194,nairobi:1,toronto:171,15.680000,36.1773
toronto_query_-AlgHQUWzDPe9bpb8ZAzSA,transfer_1,9012,blur,self,132,toronto:23,toronto:171,15.680000,36.1773
toronto_query_-AlgHQUWzDPe9bpb8ZAzSA,transfer_2,9012,blur,self,252,toronto:23,toronto:171,15.680000,36.1773
toronto_query_-AlgHQUWzDPe9bpb8ZAzSA,transfer_3,9012,blur,self,279,toronto:23,toronto:171,15.679997,36.1773
zurich_query_-m5K41q4X0r8qu_XnaYlIg,isotropic,1234,blur,self,29,cph:96,zurich:14,15.680002,36.1773
zurich_query_-m5K41q4X0r8qu_XnaYlIg,white_box,1234,blur,self,9,toronto:218,zurich:14,15.680000,36.1773
zurich_query_-m5K41q4X0r8qu_XnaYlIg,transfer_1,1234,blur,self,27,cph:96,zurich:14,15.679998,36.1773
zurich_query_-m5K41q4X0r8qu_XnaYlIg,transfer_2,1234,blur,self,21,toronto:426,zurich:14,15.679997,36.1773
zurich_query_-m5K41q4X0r8qu_XnaYlIg,transfer_3,1234,blur,self,21,cph:96,zurich:14,15.680000,36.1773
zurich_query_-m5K41q4X0r8qu_XnaYlIg,isotropic,5678,blur,self,30,cph:162,zurich:14,15.680001,36.1773
zurich_query_-m5K41q4X0r8qu_XnaYlIg,white_box,5678,blur,self,5,manila:190,zurich:14,15.679998,36.1773
zurich_query_-m5K41q4X0r8qu_XnaYlIg,transfer_1,5678,blur,self,20,cph:96,zurich:14,15.680000,36.1773
zurich_query_-m5K41q4X0r8qu_XnaYlIg,transfer_2,5678,blur,self,50,cph:96,zurich:14,15.680001,36.1773
zurich_query_-m5K41q4X0r8qu_XnaYlIg,transfer_3,5678,blur,self,31,toronto:200,zurich:14,15.679998,36.1773
zurich_query_-m5K41q4X0r8qu_XnaYlIg,isotropic,9012,blur,self,32,cph:96,zurich:14,15.680000,36.1773
zurich_query_-m5K41q4X0r8qu_XnaYlIg,white_box,9012,blur,self,60,london:34,zurich:14,15.679997,36.1773
zurich_query_-m5K41q4X0r8qu_XnaYlIg,transfer_1,9012,blur,self,12,toronto:426,zurich:14,15.679998,36.1773
zurich_query_-m5K41q4X0r8qu_XnaYlIg,transfer_2,9012,blur,self,22,cph:96,zurich:14,15.679997,36.1773
zurich_query_-m5K41q4X0r8qu_XnaYlIg,transfer_3,9012,blur,self,43,cph:96,zurich:14,15.680000,36.1773
amman_query_0rJM3ZzX3JzTTpl0GCia8w,isotropic,1234,blur,self,473,amman:37,amman:36,15.680000,36.1773
amman_query_0rJM3ZzX3JzTTpl0GCia8w,white_box,1234,blur,self,351,manila:190,amman:36,15.680000,36.1773
amman_query_0rJM3ZzX3JzTTpl0GCia8w,transfer_1,1234,blur,self,489,amman:37,amman:36,15.680000,36.1773
amman_query_0rJM3ZzX3JzTTpl0GCia8w,transfer_2,1234,blur,self,232,zurich:38,amman:36,15.680000,36.1773
amman_query_0rJM3ZzX3JzTTpl0GCia8w,transfer_3,1234,blur,self,400,amman:37,amman:36,15.679997,36.1773
amman_query_0rJM3ZzX3JzTTpl0GCia8w,isotropic,5678,blur,self,542,amman:37,amman:36,15.680000,36.1773
amman_query_0rJM3ZzX3JzTTpl0GCia8w,white_box,5678,blur,self,225,boston:123,amman:36,15.679996,36.1773
amman_query_0rJM3ZzX3JzTTpl0GCia8w,transfer_1,5678,blur,self,352,amman:37,amman:36,15.680000,36.1773
amman_query_0rJM3ZzX3JzTTpl0GCia8w,transfer_2,5678,blur,self,403,amman:37,amman:36,15.679997,36.1773
amman_query_0rJM3ZzX3JzTTpl0GCia8w,transfer_3,5678,blur,self,359,amman:37,amman:36,15.679997,36.1773
amman_query_0rJM3ZzX3JzTTpl0GCia8w,isotropic,9012,blur,self,426,amman:37,amman:36,15.679998,36.1773
amman_query_0rJM3ZzX3JzTTpl0GCia8w,white_box,9012,blur,self,237,boston:123,amman:36,15.679997,36.1773
amman_query_0rJM3ZzX3JzTTpl0GCia8w,transfer_1,9012,blur,self,698,amman:37,amman:36,15.679997,36.1773
amman_query_0rJM3ZzX3JzTTpl0GCia8w,transfer_2,9012,blur,self,492,amman:37,amman:36,15.679998,36.1773
amman_query_0rJM3ZzX3JzTTpl0GCia8w,transfer_3,9012,blur,self,249,amman:37,amman:36,15.680001,36.1773
boston_query_-Jix8HM-vXTXdWrXQwVvQw,isotropic,1234,blur,self,2,boston:234,boston:123,15.680000,36.1773
boston_query_-Jix8HM-vXTXdWrXQwVvQw,white_box,1234,blur,self,57,amman:29,boston:123,15.680000,36.1773
boston_query_-Jix8HM-vXTXdWrXQwVvQw,transfer_1,1234,blur,self,1,boston:123,boston:123,15.680001,36.1773
boston_query_-Jix8HM-vXTXdWrXQwVvQw,transfer_2,1234,blur,self,3,manila:89,boston:123,15.680001,36.1773
boston_query_-Jix8HM-vXTXdWrXQwVvQw,transfer_3,1234,blur,self,3,manila:181,boston:123,15.680000,36.1773
boston_query_-Jix8HM-vXTXdWrXQwVvQw,isotropic,5678,blur,self,1,boston:123,boston:123,15.680000,36.1773
boston_query_-Jix8HM-vXTXdWrXQwVvQw,white_box,5678,blur,self,160,london:34,boston:123,15.680000,36.1773
boston_query_-Jix8HM-vXTXdWrXQwVvQw,transfer_1,5678,blur,self,11,boston:191,boston:123,15.680001,36.1773
boston_query_-Jix8HM-vXTXdWrXQwVvQw,transfer_2,5678,blur,self,4,boston:191,boston:123,15.680001,36.1773
boston_query_-Jix8HM-vXTXdWrXQwVvQw,transfer_3,5678,blur,self,8,manila:89,boston:123,15.679998,36.1773
boston_query_-Jix8HM-vXTXdWrXQwVvQw,isotropic,9012,blur,self,3,boston:234,boston:123,15.679997,36.1773
boston_query_-Jix8HM-vXTXdWrXQwVvQw,white_box,9012,blur,self,104,manila:189,boston:123,15.680000,36.1773
boston_query_-Jix8HM-vXTXdWrXQwVvQw,transfer_1,9012,blur,self,11,boston:191,boston:123,15.680000,36.1773
boston_query_-Jix8HM-vXTXdWrXQwVvQw,transfer_2,9012,blur,self,7,boston:191,boston:123,15.679997,36.1773
boston_query_-Jix8HM-vXTXdWrXQwVvQw,transfer_3,9012,blur,self,3,manila:181,boston:123,15.679997,36.1773
cph_query_-FLAkBWjfrY2RcqaQ-LgmQ,isotropic,1234,blur,self,7,amman:30,cph:261,15.679998,36.1773
cph_query_-FLAkBWjfrY2RcqaQ-LgmQ,white_box,1234,blur,self,618,london:125,cph:261,15.679997,36.1773
cph_query_-FLAkBWjfrY2RcqaQ-LgmQ,transfer_1,1234,blur,self,17,amman:30,cph:261,15.679997,36.1773
cph_query_-FLAkBWjfrY2RcqaQ-LgmQ,transfer_2,1234,blur,self,58,toronto:273,cph:261,15.680000,36.1773
cph_query_-FLAkBWjfrY2RcqaQ-LgmQ,transfer_3,1234,blur,self,59,amman:30,cph:261,15.680000,36.1773
cph_query_-FLAkBWjfrY2RcqaQ-LgmQ,isotropic,5678,blur,self,7,amman:30,cph:261,15.680000,36.1773
cph_query_-FLAkBWjfrY2RcqaQ-LgmQ,white_box,5678,blur,self,870,manila:51,cph:261,15.680000,36.1773
cph_query_-FLAkBWjfrY2RcqaQ-LgmQ,transfer_1,5678,blur,self,7,cph:4,cph:261,15.680001,36.1773
cph_query_-FLAkBWjfrY2RcqaQ-LgmQ,transfer_2,5678,blur,self,11,amman:30,cph:261,15.680000,36.1773
cph_query_-FLAkBWjfrY2RcqaQ-LgmQ,transfer_3,5678,blur,self,92,toronto:273,cph:261,15.680001,36.1773
cph_query_-FLAkBWjfrY2RcqaQ-LgmQ,isotropic,9012,blur,self,7,amman:30,cph:261,15.679998,36.1773
cph_query_-FLAkBWjfrY2RcqaQ-LgmQ,white_box,9012,blur,self,1177,manila:51,cph:261,15.680000,36.1773
cph_query_-FLAkBWjfrY2RcqaQ-LgmQ,transfer_1,9012,blur,self,11,amman:30,cph:261,15.680000,36.1773
cph_query_-FLAkBWjfrY2RcqaQ-LgmQ,transfer_2,9012,blur,self,3,toronto:273,cph:261,15.680000,36.1773
cph_query_-FLAkBWjfrY2RcqaQ-LgmQ,transfer_3,9012,blur,self,51,amman:30,cph:261,15.680002,36.1773
london_query_-cAVonhAOLeSK7tfil0ceg,isotropic,1234,blur,self,158,manila:46,london:100,15.679996,36.1773
london_query_-cAVonhAOLeSK7tfil0ceg,white_box,1234,blur,self,937,manila:23,london:100,15.680000,36.1773
london_query_-cAVonhAOLeSK7tfil0ceg,transfer_1,1234,blur,self,324,manila:46,london:100,15.680000,36.1773
london_query_-cAVonhAOLeSK7tfil0ceg,transfer_2,1234,blur,self,207,manila:6,london:100,15.679997,36.1773
london_query_-cAVonhAOLeSK7tfil0ceg,transfer_3,1234,blur,self,494,manila:6,london:100,15.680000,36.1773
london_query_-cAVonhAOLeSK7tfil0ceg,isotropic,5678,blur,self,187,manila:46,london:100,15.679995,36.1773
london_query_-cAVonhAOLeSK7tfil0ceg,white_box,5678,blur,self,635,zurich:38,london:100,15.680001,36.1773
london_query_-cAVonhAOLeSK7tfil0ceg,transfer_1,5678,blur,self,294,manila:6,london:100,15.680000,36.1773
london_query_-cAVonhAOLeSK7tfil0ceg,transfer_2,5678,blur,self,409,manila:6,london:100,15.680000,36.1773
london_query_-cAVonhAOLeSK7tfil0ceg,transfer_3,5678,blur,self,518,manila:6,london:100,15.680000,36.1773
london_query_-cAVonhAOLeSK7tfil0ceg,isotropic,9012,blur,self,184,manila:46,london:100,15.680000,36.1773
london_query_-cAVonhAOLeSK7tfil0ceg,white_box,9012,blur,self,891,manila:190,london:100,15.680000,36.1773
london_query_-cAVonhAOLeSK7tfil0ceg,transfer_1,9012,blur,self,168,manila:6,london:100,15.680000,36.1773
london_query_-cAVonhAOLeSK7tfil0ceg,transfer_2,9012,blur,self,425,manila:6,london:100,15.679997,36.1773
london_query_-cAVonhAOLeSK7tfil0ceg,transfer_3,9012,blur,self,546,boston:144,london:100,15.680000,36.1773
manila_query_-LBCdeO8C8kj5IjX1m3XTA,isotropic,1234,blur,self,99,manila:177,manila:173,15.680000,36.1773
manila_query_-LBCdeO8C8kj5IjX1m3XTA,white_box,1234,blur,self,34,manila:54,manila:173,15.679997,36.1773
manila_query_-LBCdeO8C8kj5IjX1m3XTA,transfer_1,1234,blur,self,46,london:122,manila:173,15.680000,36.1773
manila_query_-LBCdeO8C8kj5IjX1m3XTA,transfer_2,1234,blur,self,48,boston:112,manila:173,15.680000,36.1773
manila_query_-LBCdeO8C8kj5IjX1m3XTA,transfer_3,1234,blur,self,59,boston:112,manila:173,15.680000,36.1773
manila_query_-LBCdeO8C8kj5IjX1m3XTA,isotropic,5678,blur,self,91,manila:177,manila:173,15.679996,36.1773
manila_query_-LBCdeO8C8kj5IjX1m3XTA,white_box,5678,blur,self,61,boston:206,manila:173,15.680000,36.1773
manila_query_-LBCdeO8C8kj5IjX1m3XTA,transfer_1,5678,blur,self,86,boston:216,manila:173,15.679997,36.1773
manila_query_-LBCdeO8C8kj5IjX1m3XTA,transfer_2,5678,blur,self,67,london:122,manila:173,15.680000,36.1773
manila_query_-LBCdeO8C8kj5IjX1m3XTA,transfer_3,5678,blur,self,43,manila:177,manila:173,15.680001,36.1773
manila_query_-LBCdeO8C8kj5IjX1m3XTA,isotropic,9012,blur,self,98,manila:177,manila:173,15.679997,36.1773
manila_query_-LBCdeO8C8kj5IjX1m3XTA,white_box,9012,blur,self,101,nairobi:15,manila:173,15.679997,36.1773
manila_query_-LBCdeO8C8kj5IjX1m3XTA,transfer_1,9012,blur,self,84,boston:216,manila:173,15.680001,36.1773
manila_query_-LBCdeO8C8kj5IjX1m3XTA,transfer_2,9012,blur,self,76,manila:54,manila:173,15.679997,36.1773
manila_query_-LBCdeO8C8kj5IjX1m3XTA,transfer_3,9012,blur,self,64,manila:54,manila:173,15.680000,36.1773
nairobi_query_1YjlKCdHNgoQBY8yOFqlmw,isotropic,1234,blur,self,2,london:85,nairobi:8,15.679997,36.1773
nairobi_query_1YjlKCdHNgoQBY8yOFqlmw,white_box,1234,blur,self,832,manila:106,nairobi:8,15.679998,36.1773
nairobi_query_1YjlKCdHNgoQBY8yOFqlmw,transfer_1,1234,blur,self,15,london:85,nairobi:8,15.679998,36.1773
nairobi_query_1YjlKCdHNgoQBY8yOFqlmw,transfer_2,1234,blur,self,24,london:85,nairobi:8,15.680000,36.1773
nairobi_query_1YjlKCdHNgoQBY8yOFqlmw,transfer_3,1234,blur,self,21,manila:92,nairobi:8,15.679997,36.1773
nairobi_query_1YjlKCdHNgoQBY8yOFqlmw,isotropic,5678,blur,self,2,london:85,nairobi:8,15.680002,36.1773
nairobi_query_1YjlKCdHNgoQBY8yOFqlmw,white_box,5678,blur,self,154,cph:242,nairobi:8,15.680001,36.1773
nairobi_query_1YjlKCdHNgoQBY8yOFqlmw,transfer_1,5678,blur,self,14,london:85,nairobi:8,15.679997,36.1773
nairobi_query_1YjlKCdHNgoQBY8yOFqlmw,transfer_2,5678,blur,self,4,london:85,nairobi:8,15.679998,36.1773
nairobi_query_1YjlKCdHNgoQBY8yOFqlmw,transfer_3,5678,blur,self,31,london:85,nairobi:8,15.679998,36.1773
nairobi_query_1YjlKCdHNgoQBY8yOFqlmw,isotropic,9012,blur,self,2,london:85,nairobi:8,15.680000,36.1773
nairobi_query_1YjlKCdHNgoQBY8yOFqlmw,white_box,9012,blur,self,412,boston:123,nairobi:8,15.680001,36.1773
nairobi_query_1YjlKCdHNgoQBY8yOFqlmw,transfer_1,9012,blur,self,8,london:85,nairobi:8,15.679997,36.1773
nairobi_query_1YjlKCdHNgoQBY8yOFqlmw,transfer_2,9012,blur,self,4,london:85,nairobi:8,15.680000,36.1773
nairobi_query_1YjlKCdHNgoQBY8yOFqlmw,transfer_3,9012,blur,self,29,boston:206,nairobi:8,15.679998,36.1773
toronto_query_-B-3B3MjxX0UdrDIo-8kmA,isotropic,1234,blur,self,27,london:23,toronto:101,15.679998,36.1773
toronto_query_-B-3B3MjxX0UdrDIo-8kmA,white_box,1234,blur,self,970,amman:29,toronto:101,15.680000,36.1773
toronto_query_-B-3B3MjxX0UdrDIo-8kmA,transfer_1,1234,blur,self,16,london:23,toronto:101,15.680000,36.1773
toronto_query_-B-3B3MjxX0UdrDIo-8kmA,transfer_2,1234,blur,self,25,london:23,toronto:101,15.679998,36.1773
toronto_query_-B-3B3MjxX0UdrDIo-8kmA,transfer_3,1234,blur,self,21,manila:142,toronto:101,15.680000,36.1773
toronto_query_-B-3B3MjxX0UdrDIo-8kmA,isotropic,5678,blur,self,25,london:23,toronto:101,15.679997,36.1773
toronto_query_-B-3B3MjxX0UdrDIo-8kmA,white_box,5678,blur,self,1117,amman:32,toronto:101,15.679997,36.1773
toronto_query_-B-3B3MjxX0UdrDIo-8kmA,transfer_1,5678,blur,self,37,london:23,toronto:101,15.680000,36.1773
toronto_query_-B-3B3MjxX0UdrDIo-8kmA,transfer_2,5678,blur,self,12,london:23,toronto:101,15.680000,36.1773
toronto_query_-B-3B3MjxX0UdrDIo-8kmA,transfer_3,5678,blur,self,28,manila:142,toronto:101,15.680000,36.1773
toronto_query_-B-3B3MjxX0UdrDIo-8kmA,isotropic,9012,blur,self,30,london:23,toronto:101,15.679998,36.1773
toronto_query_-B-3B3MjxX0UdrDIo-8kmA,white_box,9012,blur,self,173,manila:142,toronto:101,15.680000,36.1773
toronto_query_-B-3B3MjxX0UdrDIo-8kmA,transfer_1,9012,blur,self,33,london:23,toronto:101,15.679997,36.1773
toronto_query_-B-3B3MjxX0UdrDIo-8kmA,transfer_2,9012,blur,self,30,manila:142,toronto:101,15.679997,36.1773
toronto_query_-B-3B3MjxX0UdrDIo-8kmA,transfer_3,9012,blur,self,28,manila:202,toronto:101,15.680002,36.1773
zurich_query_-nhCCSRwlsxqJsUbzqZvCQ,isotropic,1234,blur,self,912,amman:31,zurich:83,15.679997,36.1773
zurich_query_-nhCCSRwlsxqJsUbzqZvCQ,white_box,1234,blur,self,775,manila:142,zurich:83,15.680000,36.1773
zurich_query_-nhCCSRwlsxqJsUbzqZvCQ,transfer_1,1234,blur,self,713,amman:31,zurich:83,15.679998,36.1773
zurich_query_-nhCCSRwlsxqJsUbzqZvCQ,transfer_2,1234,blur,self,1002,manila:82,zurich:83,15.680001,36.1773
zurich_query_-nhCCSRwlsxqJsUbzqZvCQ,transfer_3,1234,blur,self,840,zurich:61,zurich:83,15.680000,36.1773
zurich_query_-nhCCSRwlsxqJsUbzqZvCQ,isotropic,5678,blur,self,854,amman:31,zurich:83,15.679997,36.1773
zurich_query_-nhCCSRwlsxqJsUbzqZvCQ,white_box,5678,blur,self,1327,london:104,zurich:83,15.680001,36.1773
zurich_query_-nhCCSRwlsxqJsUbzqZvCQ,transfer_1,5678,blur,self,933,amman:31,zurich:83,15.679997,36.1773
zurich_query_-nhCCSRwlsxqJsUbzqZvCQ,transfer_2,5678,blur,self,618,amman:31,zurich:83,15.679997,36.1773
zurich_query_-nhCCSRwlsxqJsUbzqZvCQ,transfer_3,5678,blur,self,580,amman:31,zurich:83,15.680000,36.1773
zurich_query_-nhCCSRwlsxqJsUbzqZvCQ,isotropic,9012,blur,self,850,amman:31,zurich:83,15.679998,36.1773
zurich_query_-nhCCSRwlsxqJsUbzqZvCQ,white_box,9012,blur,self,452,manila:87,zurich:83,15.679997,36.1773
zurich_query_-nhCCSRwlsxqJsUbzqZvCQ,transfer_1,9012,blur,self,976,amman:31,zurich:83,15.679997,36.1773
zurich_query_-nhCCSRwlsxqJsUbzqZvCQ,transfer_2,9012,blur,self,582,cph:459,zurich:83,15.680000,36.1773
zurich_query_-nhCCSRwlsxqJsUbzqZvCQ,transfer_3,9012,blur,self,649,amman:31,zurich:83,15.679998,36.1773
amman_query_12LbsAl_T_jgw2JHgbR5ng,isotropic,1234,blur,self,575,amman:11,amman:35,15.679997,36.1773
amman_query_12LbsAl_T_jgw2JHgbR5ng,white_box,1234,blur,self,818,amman:29,amman:35,15.679997,36.1773
amman_query_12LbsAl_T_jgw2JHgbR5ng,transfer_1,1234,blur,self,585,amman:11,amman:35,15.680000,36.1773
amman_query_12LbsAl_T_jgw2JHgbR5ng,transfer_2,1234,blur,self,263,amman:11,amman:35,15.679998,36.1773
amman_query_12LbsAl_T_jgw2JHgbR5ng,transfer_3,1234,blur,self,541,amman:11,amman:35,15.679997,36.1773
amman_query_12LbsAl_T_jgw2JHgbR5ng,isotropic,5678,blur,self,574,amman:11,amman:35,15.679997,36.1773
amman_query_12LbsAl_T_jgw2JHgbR5ng,white_box,5678,blur,self,1053,zurich:27,amman:35,15.680000,36.1773
amman_query_12LbsAl_T_jgw2JHgbR5ng,transfer_1,5678,blur,self,416,amman:11,amman:35,15.680000,36.1773
amman_query_12LbsAl_T_jgw2JHgbR5ng,transfer_2,5678,blur,self,593,amman:11,amman:35,15.680001,36.1773
amman_query_12LbsAl_T_jgw2JHgbR5ng,transfer_3,5678,blur,self,542,amman:11,amman:35,15.680001,36.1773
amman_query_12LbsAl_T_jgw2JHgbR5ng,isotropic,9012,blur,self,595,amman:11,amman:35,15.680000,36.1773
amman_query_12LbsAl_T_jgw2JHgbR5ng,white_box,9012,blur,self,1139,boston:195,amman:35,15.680001,36.1773
amman_query_12LbsAl_T_jgw2JHgbR5ng,transfer_1,9012,blur,self,346,amman:11,amman:35,15.679997,36.1773
amman_query_12LbsAl_T_jgw2JHgbR5ng,transfer_2,9012,blur,self,587,amman:11,amman:35,15.680000,36.1773
amman_query_12LbsAl_T_jgw2JHgbR5ng,transfer_3,9012,blur,self,399,amman:11,amman:35,15.679998,36.1773
boston_query_-Jv7RF27BSJIV-gqOI7KxZ,isotropic,1234,blur,self,94,toronto:102,boston:195,15.680000,36.1773
boston_query_-Jv7RF27BSJIV-gqOI7KxZ,white_box,1234,blur,self,473,boston:99,boston:195,15.680000,36.1773
boston_query_-Jv7RF27BSJIV-gqOI7KxZ,transfer_1,1234,blur,self,138,london:29,boston:195,15.679997,36.1773
boston_query_-Jv7RF27BSJIV-gqOI7KxZ,transfer_2,1234,blur,self,133,london:29,boston:195,15.680000,36.1773
boston_query_-Jv7RF27BSJIV-gqOI7KxZ,transfer_3,1234,blur,self,50,london:29,boston:195,15.680000,36.1773
boston_query_-Jv7RF27BSJIV-gqOI7KxZ,isotropic,5678,blur,self,62,toronto:102,boston:195,15.680000,36.1773
boston_query_-Jv7RF27BSJIV-gqOI7KxZ,white_box,5678,blur,self,365,boston:99,boston:195,15.679997,36.1773
boston_query_-Jv7RF27BSJIV-gqOI7KxZ,transfer_1,5678,blur,self,151,london:29,boston:195,15.679998,36.1773
boston_query_-Jv7RF27BSJIV-gqOI7KxZ,transfer_2,5678,blur,self,70,london:29,boston:195,15.679998,36.1773
boston_query_-Jv7RF27BSJIV-gqOI7KxZ,transfer_3,5678,blur,self,84,london:29,boston:195,15.679998,36.1773
boston_query_-Jv7RF27BSJIV-gqOI7KxZ,isotropic,9012,blur,self,82,toronto:102,boston:195,15.680002,36.1773
boston_query_-Jv7RF27BSJIV-gqOI7KxZ,white_box,9012,blur,self,731,boston:99,boston:195,15.679997,36.1773
boston_query_-Jv7RF27BSJIV-gqOI7KxZ,transfer_1,9012,blur,self,163,london:29,boston:195,15.679997,36.1773
boston_query_-Jv7RF27BSJIV-gqOI7KxZ,transfer_2,9012,blur,self,132,london:29,boston:195,15.680000,36.1773
boston_query_-Jv7RF27BSJIV-gqOI7KxZ,transfer_3,9012,blur,self,170,london:29,boston:195,15.679998,36.1773
cph_query_-GVbOpzggFXAot0UyKhx2g,isotropic,1234,blur,self,3,cph:243,cph:4,15.680000,36.1773
cph_query_-GVbOpzggFXAot0UyKhx2g,white_box,1234,blur,self,1506,boston:145,cph:4,15.680000,36.1773
cph_query_-GVbOpzggFXAot0UyKhx2g,transfer_1,1234,blur,self,2,cph:243,cph:4,15.679997,36.1773
cph_query_-GVbOpzggFXAot0UyKhx2g,transfer_2,1234,blur,self,3,cph:243,cph:4,15.679997,36.1773
cph_query_-GVbOpzggFXAot0UyKhx2g,transfer_3,1234,blur,self,12,cph:271,cph:4,15.680001,36.1773
cph_query_-GVbOpzggFXAot0UyKhx2g,isotropic,5678,blur,self,3,cph:243,cph:4,15.679998,36.1773
cph_query_-GVbOpzggFXAot0UyKhx2g,white_box,5678,blur,self,567,toronto:207,cph:4,15.679997,36.1773
cph_query_-GVbOpzggFXAot0UyKhx2g,transfer_1,5678,blur,self,3,cph:243,cph:4,15.679998,36.1773
cph_query_-GVbOpzggFXAot0UyKhx2g,transfer_2,5678,blur,self,5,cph:271,cph:4,15.680000,36.1773
cph_query_-GVbOpzggFXAot0UyKhx2g,transfer_3,5678,blur,self,59,cph:271,cph:4,15.680000,36.1773
cph_query_-GVbOpzggFXAot0UyKhx2g,isotropic,9012,blur,self,3,cph:243,cph:4,15.680000,36.1773
cph_query_-GVbOpzggFXAot0UyKhx2g,white_box,9012,blur,self,1041,boston:149,cph:4,15.679997,36.1773
cph_query_-GVbOpzggFXAot0UyKhx2g,transfer_1,9012,blur,self,4,cph:243,cph:4,15.680000,36.1773
cph_query_-GVbOpzggFXAot0UyKhx2g,transfer_2,9012,blur,self,6,cph:271,cph:4,15.679997,36.1773
cph_query_-GVbOpzggFXAot0UyKhx2g,transfer_3,9012,blur,self,30,zurich:104,cph:4,15.680001,36.1773
london_query_-dHWRapn57-l_kynPnun3Q,isotropic,1234,blur,self,6,london:76,london:21,15.679997,36.1773
london_query_-dHWRapn57-l_kynPnun3Q,white_box,1234,blur,self,6,cph:245,london:21,15.679998,36.1773
london_query_-dHWRapn57-l_kynPnun3Q,transfer_1,1234,blur,self,4,london:76,london:21,15.679998,36.1773
london_query_-dHWRapn57-l_kynPnun3Q,transfer_2,1234,blur,self,3,london:76,london:21,15.680000,36.1773
london_query_-dHWRapn57-l_kynPnun3Q,transfer_3,1234,blur,self,2,london:76,london:21,15.679997,36.1773
london_query_-dHWRapn57-l_kynPnun3Q,isotropic,5678,blur,self,4,london:76,london:21,15.680001,36.1773
london_query_-dHWRapn57-l_kynPnun3Q,white_box,5678,blur,self,7,manila:106,london:21,15.680000,36.1773
london_query_-dHWRapn57-l_kynPnun3Q,transfer_1,5678,blur,self,4,london:76,london:21,15.679998,36.1773
london_query_-dHWRapn57-l_kynPnun3Q,transfer_2,5678,blur,self,7,london:76,london:21,15.679997,36.1773
london_query_-dHWRapn57-l_kynPnun3Q,transfer_3,5678,blur,self,2,london:76,london:21,15.679997,36.1773
london_query_-dHWRapn57-l_kynPnun3Q,isotropic,9012,blur,self,6,london:76,london:21,15.680000,36.1773
london_query_-dHWRapn57-l_kynPnun3Q,white_box,9012,blur,self,4,manila:51,london:21,15.680000,36.1773
london_query_-dHWRapn57-l_kynPnun3Q,transfer_1,9012,blur,self,3,london:76,london:21,15.680001,36.1773
london_query_-dHWRapn57-l_kynPnun3Q,transfer_2,9012,blur,self,4,london:76,london:21,15.679998,36.1773
london_query_-dHWRapn57-l_kynPnun3Q,transfer_3,9012,blur,self,3,london:76,london:21,15.680000,36.1773
manila_query_-MH02w7P6jmmqnoUdL-55Q,isotropic,1234,blur,self,20,manila:33,manila:72,15.680001,36.1773
manila_query_-MH02w7P6jmmqnoUdL-55Q,white_box,1234,blur,self,72,manila:142,manila:72,15.679997,36.1773
manila_query_-MH02w7P6jmmqnoUdL-55Q,transfer_1,1234,blur,self,22,manila:33,manila:72,15.680000,36.1773
manila_query_-MH02w7P6jmmqnoUdL-55Q,transfer_2,1234,blur,self,8,manila:33,manila:72,15.680000,36.1773
manila_query_-MH02w7P6jmmqnoUdL-55Q,transfer_3,1234,blur,self,3,manila:29,manila:72,15.679997,36.1773
manila_query_-MH02w7P6jmmqnoUdL-55Q,isotropic,5678,blur,self,27,manila:33,manila:72,15.680002,36.1773
manila_query_-MH02w7P6jmmqnoUdL-55Q,white_box,5678,blur,self,277,manila:142,manila:72,15.680000,36.1773
manila_query_-MH02w7P6jmmqnoUdL-55Q,transfer_1,5678,blur,self,10,manila:33,manila:72,15.680000,36.1773
manila_query_-MH02w7P6jmmqnoUdL-55Q,transfer_2,5678,blur,self,4,manila:33,manila:72,15.680000,36.1773
manila_query_-MH02w7P6jmmqnoUdL-55Q,transfer_3,5678,blur,self,21,manila:29,manila:72,15.680001,36.1773
manila_query_-MH02w7P6jmmqnoUdL-55Q,isotropic,9012,blur,self,24,manila:33,manila:72,15.680000,36.1773
manila_query_-MH02w7P6jmmqnoUdL-55Q,white_box,9012,blur,self,45,manila:142,manila:72,15.679998,36.1773
manila_query_-MH02w7P6jmmqnoUdL-55Q,transfer_1,9012,blur,self,32,manila:33,manila:72,15.680000,36.1773
manila_query_-MH02w7P6jmmqnoUdL-55Q,transfer_2,9012,blur,self,6,manila:33,manila:72,15.680000,36.1773
manila_query_-MH02w7P6jmmqnoUdL-55Q,transfer_3,9012,blur,self,3,manila:102,manila:72,15.680000,36.1773
nairobi_query_1Z__CFelPzXEI1IEu_8QJw,isotropic,1234,blur,self,280,manila:134,nairobi:13,15.680001,36.1773
nairobi_query_1Z__CFelPzXEI1IEu_8QJw,white_box,1234,blur,self,972,london:28,nairobi:13,15.679998,36.1773
nairobi_query_1Z__CFelPzXEI1IEu_8QJw,transfer_1,1234,blur,self,632,manila:134,nairobi:13,15.679997,36.1773
nairobi_query_1Z__CFelPzXEI1IEu_8QJw,transfer_2,1234,blur,self,461,manila:134,nairobi:13,15.680000,36.1773
nairobi_query_1Z__CFelPzXEI1IEu_8QJw,transfer_3,1234,blur,self,1012,manila:134,nairobi:13,15.680000,36.1773
nairobi_query_1Z__CFelPzXEI1IEu_8QJw,isotropic,5678,blur,self,390,manila:134,nairobi:13,15.679996,36.1773
nairobi_query_1Z__CFelPzXEI1IEu_8QJw,white_box,5678,blur,self,1670,manila:190,nairobi:13,15.679997,36.1773
nairobi_query_1Z__CFelPzXEI1IEu_8QJw,transfer_1,5678,blur,self,902,manila:134,nairobi:13,15.680000,36.1773
nairobi_query_1Z__CFelPzXEI1IEu_8QJw,transfer_2,5678,blur,self,830,amman:1,nairobi:13,15.680001,36.1773
nairobi_query_1Z__CFelPzXEI1IEu_8QJw,transfer_3,5678,blur,self,463,amman:1,nairobi:13,15.680002,36.1773
nairobi_query_1Z__CFelPzXEI1IEu_8QJw,isotropic,9012,blur,self,274,amman:1,nairobi:13,15.680001,36.1773
nairobi_query_1Z__CFelPzXEI1IEu_8QJw,white_box,9012,blur,self,1295,manila:190,nairobi:13,15.680000,36.1773
nairobi_query_1Z__CFelPzXEI1IEu_8QJw,transfer_1,9012,blur,self,636,manila:190,nairobi:13,15.679998,36.1773
nairobi_query_1Z__CFelPzXEI1IEu_8QJw,transfer_2,9012,blur,self,364,manila:134,nairobi:13,15.680000,36.1773
nairobi_query_1Z__CFelPzXEI1IEu_8QJw,transfer_3,9012,blur,self,815,manila:134,nairobi:13,15.680001,36.1773
toronto_query_-B136fRwqMBMXoc03yy-PQ,isotropic,1234,blur,self,1,toronto:102,toronto:102,15.679997,36.1773
toronto_query_-B136fRwqMBMXoc03yy-PQ,white_box,1234,blur,self,71,london:34,toronto:102,15.680002,36.1773
toronto_query_-B136fRwqMBMXoc03yy-PQ,transfer_1,1234,blur,self,2,toronto:88,toronto:102,15.680002,36.1773
toronto_query_-B136fRwqMBMXoc03yy-PQ,transfer_2,1234,blur,self,2,cph:459,toronto:102,15.679998,36.1773
toronto_query_-B136fRwqMBMXoc03yy-PQ,transfer_3,1234,blur,self,14,zurich:61,toronto:102,15.680002,36.1773
toronto_query_-B136fRwqMBMXoc03yy-PQ,isotropic,5678,blur,self,2,toronto:88,toronto:102,15.680002,36.1773
toronto_query_-B136fRwqMBMXoc03yy-PQ,white_box,5678,blur,self,112,zurich:7,toronto:102,15.679997,36.1773
toronto_query_-B136fRwqMBMXoc03yy-PQ,transfer_1,5678,blur,self,1,toronto:102,toronto:102,15.679998,36.1773
toronto_query_-B136fRwqMBMXoc03yy-PQ,transfer_2,5678,blur,self,12,london:2,toronto:102,15.680000,36.1773
toronto_query_-B136fRwqMBMXoc03yy-PQ,transfer_3,5678,blur,self,2,amman:1,toronto:102,15.679997,36.1773
toronto_query_-B136fRwqMBMXoc03yy-PQ,isotropic,9012,blur,self,1,toronto:102,toronto:102,15.679997,36.1773
toronto_query_-B136fRwqMBMXoc03yy-PQ,white_box,9012,blur,self,6,nairobi:1,toronto:102,15.679998,36.1773
toronto_query_-B136fRwqMBMXoc03yy-PQ,transfer_1,9012,blur,self,4,cph:429,toronto:102,15.679997,36.1773
toronto_query_-B136fRwqMBMXoc03yy-PQ,transfer_2,9012,blur,self,2,toronto:88,toronto:102,15.679997,36.1773
toronto_query_-B136fRwqMBMXoc03yy-PQ,transfer_3,9012,blur,self,2,london:71,toronto:102,15.680000,36.1773
zurich_query_-tYWpAACOq7RfVvZJ-BAcQ,isotropic,1234,blur,self,298,toronto:55,zurich:30,15.679997,36.1773
zurich_query_-tYWpAACOq7RfVvZJ-BAcQ,white_box,1234,blur,self,29,boston:123,zurich:30,15.680000,36.1773
zurich_query_-tYWpAACOq7RfVvZJ-BAcQ,transfer_1,1234,blur,self,312,toronto:55,zurich:30,15.679997,36.1773
zurich_query_-tYWpAACOq7RfVvZJ-BAcQ,transfer_2,1234,blur,self,367,toronto:55,zurich:30,15.679997,36.1773
zurich_query_-tYWpAACOq7RfVvZJ-BAcQ,transfer_3,1234,blur,self,290,toronto:55,zurich:30,15.679997,36.1773
zurich_query_-tYWpAACOq7RfVvZJ-BAcQ,isotropic,5678,blur,self,429,toronto:55,zurich:30,15.679997,36.1773
zurich_query_-tYWpAACOq7RfVvZJ-BAcQ,white_box,5678,blur,self,634,manila:190,zurich:30,15.679997,36.1773
zurich_query_-tYWpAACOq7RfVvZJ-BAcQ,transfer_1,5678,blur,self,343,toronto:55,zurich:30,15.679997,36.1773
zurich_query_-tYWpAACOq7RfVvZJ-BAcQ,transfer_2,5678,blur,self,429,toronto:55,zurich:30,15.679997,36.1773
zurich_query_-tYWpAACOq7RfVvZJ-BAcQ,transfer_3,5678,blur,self,275,toronto:55,zurich:30,15.680000,36.1773
zurich_query_-tYWpAACOq7RfVvZJ-BAcQ,isotropic,9012,blur,self,328,toronto:55,zurich:30,15.680000,36.1773
zurich_query_-tYWpAACOq7RfVvZJ-BAcQ,white_box,9012,blur,self,868,manila:87,zurich:30,15.680000,36.1773
zurich_query_-tYWpAACOq7RfVvZJ-BAcQ,transfer_1,9012,blur,self,417,toronto:55,zurich:30,15.680000,36.1773
zurich_query_-tYWpAACOq7RfVvZJ-BAcQ,transfer_2,9012,blur,self,371,toronto:55,zurich:30,15.679998,36.1773
zurich_query_-tYWpAACOq7RfVvZJ-BAcQ,transfer_3,9012,blur,self,395,toronto:55,zurich:30,15.680000,36.1773
amman_query_1HafWFxuyylXLnDzCoapDA,isotropic,1234,blur,self,88,toronto:244,amman:35,15.680000,36.1773
amman_query_1HafWFxuyylXLnDzCoapDA,white_box,1234,blur,self,1078,manila:190,amman:35,15.679997,36.1773
amman_query_1HafWFxuyylXLnDzCoapDA,transfer_1,1234,blur,self,84,amman:23,amman:35,15.679998,36.1773
amman_query_1HafWFxuyylXLnDzCoapDA,transfer_2,1234,blur,self,59,amman:23,amman:35,15.680000,36.1773
amman_query_1HafWFxuyylXLnDzCoapDA,transfer_3,1234,blur,self,322,amman:23,amman:35,15.680000,36.1773
amman_query_1HafWFxuyylXLnDzCoapDA,isotropic,5678,blur,self,125,amman:23,amman:35,15.679998,36.1773
amman_query_1HafWFxuyylXLnDzCoapDA,white_box,5678,blur,self,922,manila:87,amman:35,15.679997,36.1773
amman_query_1HafWFxuyylXLnDzCoapDA,transfer_1,5678,blur,self,91,amman:23,amman:35,15.680000,36.1773
amman_query_1HafWFxuyylXLnDzCoapDA,transfer_2,5678,blur,self,116,amman:23,amman:35,15.679998,36.1773
amman_query_1HafWFxuyylXLnDzCoapDA,transfer_3,5678,blur,self,65,amman:23,amman:35,15.680000,36.1773
amman_query_1HafWFxuyylXLnDzCoapDA,isotropic,9012,blur,self,140,amman:23,amman:35,15.679997,36.1773
amman_query_1HafWFxuyylXLnDzCoapDA,white_box,9012,blur,self,1097,cph:245,amman:35,15.680001,36.1773
amman_query_1HafWFxuyylXLnDzCoapDA,transfer_1,9012,blur,self,85,amman:23,amman:35,15.679997,36.1773
amman_query_1HafWFxuyylXLnDzCoapDA,transfer_2,9012,blur,self,97,amman:23,amman:35,15.679997,36.1773
amman_query_1HafWFxuyylXLnDzCoapDA,transfer_3,9012,blur,self,83,amman:25,amman:35,15.679998,36.1773
boston_query_-Kg6j3FKy26wYRLBkE_dFQ,isotropic,1234,blur,self,3,amman:25,boston:123,15.679998,36.1773
boston_query_-Kg6j3FKy26wYRLBkE_dFQ,white_box,1234,blur,self,398,london:28,boston:123,15.679998,36.1773
boston_query_-Kg6j3FKy26wYRLBkE_dFQ,transfer_1,1234,blur,self,5,toronto:354,boston:123,15.680000,36.1773
boston_query_-Kg6j3FKy26wYRLBkE_dFQ,transfer_2,1234,blur,self,2,manila:153,boston:123,15.679997,36.1773
boston_query_-Kg6j3FKy26wYRLBkE_dFQ,transfer_3,1234,blur,self,2,toronto:23,boston:123,15.679997,36.1773
boston_query_-Kg6j3FKy26wYRLBkE_dFQ,isotropic,5678,blur,self,3,amman:25,boston:123,15.679997,36.1773
boston_query_-Kg6j3FKy26wYRLBkE_dFQ,white_box,5678,blur,self,348,london:71,boston:123,15.679997,36.1773
boston_query_-Kg6j3FKy26wYRLBkE_dFQ,transfer_1,5678,blur,self,7,cph:176,boston:123,15.680000,36.1773
boston_query_-Kg6j3FKy26wYRLBkE_dFQ,transfer_2,5678,blur,self,3,manila:153,boston:123,15.680000,36.1773
boston_query_-Kg6j3FKy26wYRLBkE_dFQ,transfer_3,5678,blur,self,8,toronto:23,boston:123,15.679998,36.1773
boston_query_-Kg6j3FKy26wYRLBkE_dFQ,isotropic,9012,blur,self,6,amman:25,boston:123,15.680000,36.1773
boston_query_-Kg6j3FKy26wYRLBkE_dFQ,white_box,9012,blur,self,153,london:71,boston:123,15.680002,36.1773
boston_query_-Kg6j3FKy26wYRLBkE_dFQ,transfer_1,9012,blur,self,9,toronto:354,boston:123,15.680000,36.1773
boston_query_-Kg6j3FKy26wYRLBkE_dFQ,transfer_2,9012,blur,self,5,manila:153,boston:123,15.680000,36.1773
boston_query_-Kg6j3FKy26wYRLBkE_dFQ,transfer_3,9012,blur,self,7,toronto:23,boston:123,15.679997,36.1773
cph_query_-G_OOR1_yAfdfgnlKYNKnQ,isotropic,1234,blur,self,1,cph:254,cph:254,15.680000,36.1773
cph_query_-G_OOR1_yAfdfgnlKYNKnQ,white_box,1234,blur,self,108,manila:190,cph:254,15.679998,36.1773
cph_query_-G_OOR1_yAfdfgnlKYNKnQ,transfer_1,1234,blur,self,1,cph:254,cph:254,15.679997,36.1773
cph_query_-G_OOR1_yAfdfgnlKYNKnQ,transfer_2,1234,blur,self,1,cph:254,cph:254,15.679997,36.1773
cph_query_-G_OOR1_yAfdfgnlKYNKnQ,transfer_3,1234,blur,self,1,cph:254,cph:254,15.680002,36.1773
cph_query_-G_OOR1_yAfdfgnlKYNKnQ,isotropic,5678,blur,self,1,cph:254,cph:254,15.680000,36.1773
cph_query_-G_OOR1_yAfdfgnlKYNKnQ,white_box,5678,blur,self,140,manila:29,cph:254,15.679997,36.1773
cph_query_-G_OOR1_yAfdfgnlKYNKnQ,transfer_1,5678,blur,self,1,cph:254,cph:254,15.679997,36.1773
cph_query_-G_OOR1_yAfdfgnlKYNKnQ,transfer_2,5678,blur,self,1,cph:254,cph:254,15.679997,36.1773
cph_query_-G_OOR1_yAfdfgnlKYNKnQ,transfer_3,5678,blur,self,1,cph:254,cph:254,15.680000,36.1773
cph_query_-G_OOR1_yAfdfgnlKYNKnQ,isotropic,9012,blur,self,1,cph:254,cph:254,15.679998,36.1773
cph_query_-G_OOR1_yAfdfgnlKYNKnQ,white_box,9012,blur,self,85,london:28,cph:254,15.679998,36.1773
cph_query_-G_OOR1_yAfdfgnlKYNKnQ,transfer_1,9012,blur,self,1,cph:254,cph:254,15.680000,36.1773
cph_query_-G_OOR1_yAfdfgnlKYNKnQ,transfer_2,9012,blur,self,1,cph:254,cph:254,15.679998,36.1773
cph_query_-G_OOR1_yAfdfgnlKYNKnQ,transfer_3,9012,blur,self,1,cph:254,cph:254,15.680000,36.1773
london_query_-dZ1k85FDVdFSbcG6_ECOA,isotropic,1234,blur,self,2,london:85,london:62,15.680002,36.1773
london_query_-dZ1k85FDVdFSbcG6_ECOA,white_box,1234,blur,self,1426,manila:54,london:62,15.680000,36.1773
london_query_-dZ1k85FDVdFSbcG6_ECOA,transfer_1,1234,blur,self,11,london:85,london:62,15.680000,36.1773
london_query_-dZ1k85FDVdFSbcG6_ECOA,transfer_2,1234,blur,self,8,london:85,london:62,15.680000,36.1773
london_query_-dZ1k85FDVdFSbcG6_ECOA,transfer_3,1234,blur,self,23,london:85,london:62,15.680000,36.1773
london_query_-dZ1k85FDVdFSbcG6_ECOA,isotropic,5678,blur,self,5,london:85,london:62,15.680000,36.1773
london_query_-dZ1k85FDVdFSbcG6_ECOA,white_box,5678,blur,self,1210,london:131,london:62,15.679997,36.1773
london_query_-dZ1k85FDVdFSbcG6_ECOA,transfer_1,5678,blur,self,9,manila:54,london:62,15.679997,36.1773
london_query_-dZ1k85FDVdFSbcG6_ECOA,transfer_2,5678,blur,self,14,zurich:96,london:62,15.680000,36.1773
london_query_-dZ1k85FDVdFSbcG6_ECOA,transfer_3,5678,blur,self,17,london:85,london:62,15.680000,36.1773
london_query_-dZ1k85FDVdFSbcG6_ECOA,isotropic,9012,blur,self,4,london:85,london:62,15.679997,36.1773
london_query_-dZ1k85FDVdFSbcG6_ECOA,white_box,9012,blur,self,507,boston:123,london:62,15.680000,36.1773
london_query_-dZ1k85FDVdFSbcG6_ECOA,transfer_1,9012,blur,self,7,london:85,london:62,15.679998,36.1773
london_query_-dZ1k85FDVdFSbcG6_ECOA,transfer_2,9012,blur,self,12,zurich:96,london:62,15.680000,36.1773
london_query_-dZ1k85FDVdFSbcG6_ECOA,transfer_3,9012,blur,self,33,manila:54,london:62,15.680000,36.1773
manila_query_-MKMMHEd33H1_45AJ8B5AA,isotropic,1234,blur,self,10,manila:33,manila:20,15.680002,36.1773
manila_query_-MKMMHEd33H1_45AJ8B5AA,white_box,1234,blur,self,4,manila:29,manila:20,15.679998,36.1773
manila_query_-MKMMHEd33H1_45AJ8B5AA,transfer_1,1234,blur,self,35,manila:33,manila:20,15.680000,36.1773
manila_query_-MKMMHEd33H1_45AJ8B5AA,transfer_2,1234,blur,self,2,manila:33,manila:20,15.680000,36.1773
manila_query_-MKMMHEd33H1_45AJ8B5AA,transfer_3,1234,blur,self,42,toronto:218,manila:20,15.679998,36.1773
manila_query_-MKMMHEd33H1_45AJ8B5AA,isotropic,5678,blur,self,7,manila:33,manila:20,15.679997,36.1773
manila_query_-MKMMHEd33H1_45AJ8B5AA,white_box,5678,blur,self,815,toronto:88,manila:20,15.679997,36.1773
manila_query_-MKMMHEd33H1_45AJ8B5AA,transfer_1,5678,blur,self,28,manila:33,manila:20,15.680000,36.1773
manila_query_-MKMMHEd33H1_45AJ8B5AA,transfer_2,5678,blur,self,9,manila:33,manila:20,15.679997,36.1773
manila_query_-MKMMHEd33H1_45AJ8B5AA,transfer_3,5678,blur,self,29,toronto:88,manila:20,15.679997,36.1773
manila_query_-MKMMHEd33H1_45AJ8B5AA,isotropic,9012,blur,self,6,manila:33,manila:20,15.679997,36.1773
manila_query_-MKMMHEd33H1_45AJ8B5AA,white_box,9012,blur,self,232,manila:190,manila:20,15.679997,36.1773
manila_query_-MKMMHEd33H1_45AJ8B5AA,transfer_1,9012,blur,self,32,toronto:218,manila:20,15.680000,36.1773
manila_query_-MKMMHEd33H1_45AJ8B5AA,transfer_2,9012,blur,self,19,manila:33,manila:20,15.680000,36.1773
manila_query_-MKMMHEd33H1_45AJ8B5AA,transfer_3,9012,blur,self,3,manila:33,manila:20,15.679997,36.1773
nairobi_query_20W8wyVhxSIpj4ekTP7ezw,isotropic,1234,blur,self,98,nairobi:4,nairobi:20,15.679998,36.1773
nairobi_query_20W8wyVhxSIpj4ekTP7ezw,white_box,1234,blur,self,5,amman:21,nairobi:20,15.680001,36.1773
nairobi_query_20W8wyVhxSIpj4ekTP7ezw,transfer_1,1234,blur,self,80,nairobi:4,nairobi:20,15.679998,36.1773
nairobi_query_20W8wyVhxSIpj4ekTP7ezw,transfer_2,1234,blur,self,56,nairobi:4,nairobi:20,15.680000,36.1773
nairobi_query_20W8wyVhxSIpj4ekTP7ezw,transfer_3,1234,blur,self,50,nairobi:4,nairobi:20,15.680000,36.1773
nairobi_query_20W8wyVhxSIpj4ekTP7ezw,isotropic,5678,blur,self,91,manila:6,nairobi:20,15.680000,36.1773
nairobi_query_20W8wyVhxSIpj4ekTP7ezw,white_box,5678,blur,self,42,manila:87,nairobi:20,15.679997,36.1773
nairobi_query_20W8wyVhxSIpj4ekTP7ezw,transfer_1,5678,blur,self,57,nairobi:4,nairobi:20,15.680001,36.1773
nairobi_query_20W8wyVhxSIpj4ekTP7ezw,transfer_2,5678,blur,self,90,nairobi:4,nairobi:20,15.680000,36.1773
nairobi_query_20W8wyVhxSIpj4ekTP7ezw,transfer_3,5678,blur,self,68,zurich:33,nairobi:20,15.679997,36.1773
nairobi_query_20W8wyVhxSIpj4ekTP7ezw,isotropic,9012,blur,self,102,nairobi:4,nairobi:20,15.679997,36.1773
nairobi_query_20W8wyVhxSIpj4ekTP7ezw,white_box,9012,blur,self,27,amman:36,nairobi:20,15.679997,36.1773
nairobi_query_20W8wyVhxSIpj4ekTP7ezw,transfer_1,9012,blur,self,67,nairobi:4,nairobi:20,15.679997,36.1773
nairobi_query_20W8wyVhxSIpj4ekTP7ezw,transfer_2,9012,blur,self,69,nairobi:4,nairobi:20,15.680000,36.1773
nairobi_query_20W8wyVhxSIpj4ekTP7ezw,transfer_3,9012,blur,self,68,nairobi:4,nairobi:20,15.680000,36.1773
toronto_query_-BTAllhGXYkM_JsKwxUFMg,isotropic,1234,blur,self,193,toronto:228,toronto:34,15.679997,36.1773
toronto_query_-BTAllhGXYkM_JsKwxUFMg,white_box,1234,blur,self,282,amman:29,toronto:34,15.679997,36.1773
toronto_query_-BTAllhGXYkM_JsKwxUFMg,transfer_1,1234,blur,self,119,toronto:228,toronto:34,15.679998,36.1773
toronto_query_-BTAllhGXYkM_JsKwxUFMg,transfer_2,1234,blur,self,96,toronto:389,toronto:34,15.680000,36.1773
toronto_query_-BTAllhGXYkM_JsKwxUFMg,transfer_3,1234,blur,self,246,toronto:228,toronto:34,15.679998,36.1773
toronto_query_-BTAllhGXYkM_JsKwxUFMg,isotropic,5678,blur,self,214,toronto:228,toronto:34,15.679997,36.1773
toronto_query_-BTAllhGXYkM_JsKwxUFMg,white_box,5678,blur,self,386,boston:168,toronto:34,15.679997,36.1773
toronto_query_-BTAllhGXYkM_JsKwxUFMg,transfer_1,5678,blur,self,216,toronto:228,toronto:34,15.679998,36.1773
toronto_query_-BTAllhGXYkM_JsKwxUFMg,transfer_2,5678,blur,self,138,toronto:228,toronto:34,15.679998,36.1773
toronto_query_-BTAllhGXYkM_JsKwxUFMg,transfer_3,5678,blur,self,371,toronto:389,toronto:34,15.680000,36.1773
toronto_query_-BTAllhGXYkM_JsKwxUFMg,isotropic,9012,blur,self,205,toronto:228,toronto:34,15.679997,36.1773
toronto_query_-BTAllhGXYkM_JsKwxUFMg,white_box,9012,blur,self,461,manila:106,toronto:34,15.679997,36.1773
toronto_query_-BTAllhGXYkM_JsKwxUFMg,transfer_1,9012,blur,self,132,toronto:228,toronto:34,15.680000,36.1773
toronto_query_-BTAllhGXYkM_JsKwxUFMg,transfer_2,9012,blur,self,161,toronto:228,toronto:34,15.680000,36.1773
toronto_query_-BTAllhGXYkM_JsKwxUFMg,transfer_3,9012,blur,self,189,toronto:228,toronto:34,15.680000,36.1773
zurich_query_-uQ-4tnYcOJ9WPXRG-ou3w,isotropic,1234,blur,self,347,zurich:33,zurich:98,15.680001,36.1773
zurich_query_-uQ-4tnYcOJ9WPXRG-ou3w,white_box,1234,blur,self,95,toronto:156,zurich:98,15.679997,36.1773
zurich_query_-uQ-4tnYcOJ9WPXRG-ou3w,transfer_1,1234,blur,self,193,zurich:33,zurich:98,15.680000,36.1773
zurich_query_-uQ-4tnYcOJ9WPXRG-ou3w,transfer_2,1234,blur,self,218,zurich:33,zurich:98,15.680000,36.1773
zurich_query_-uQ-4tnYcOJ9WPXRG-ou3w,transfer_3,1234,blur,self,223,zurich:33,zurich:98,15.679997,36.1773
zurich_query_-uQ-4tnYcOJ9WPXRG-ou3w,isotropic,5678,blur,self,289,zurich:33,zurich:98,15.680001,36.1773
zurich_query_-uQ-4tnYcOJ9WPXRG-ou3w,white_box,5678,blur,self,134,toronto:156,zurich:98,15.679997,36.1773
zurich_query_-uQ-4tnYcOJ9WPXRG-ou3w,transfer_1,5678,blur,self,227,zurich:33,zurich:98,15.679997,36.1773
zurich_query_-uQ-4tnYcOJ9WPXRG-ou3w,transfer_2,5678,blur,self,160,zurich:33,zurich:98,15.680000,36.1773
zurich_query_-uQ-4tnYcOJ9WPXRG-ou3w,transfer_3,5678,blur,self,272,zurich:33,zurich:98,15.680000,36.1773
zurich_query_-uQ-4tnYcOJ9WPXRG-ou3w,isotropic,9012,blur,self,281,zurich:33,zurich:98,15.679996,36.1773
zurich_query_-uQ-4tnYcOJ9WPXRG-ou3w,white_box,9012,blur,self,140,toronto:156,zurich:98,15.680000,36.1773
zurich_query_-uQ-4tnYcOJ9WPXRG-ou3w,transfer_1,9012,blur,self,265,zurich:33,zurich:98,15.680001,36.1773
zurich_query_-uQ-4tnYcOJ9WPXRG-ou3w,transfer_2,9012,blur,self,309,zurich:33,zurich:98,15.680000,36.1773
zurich_query_-uQ-4tnYcOJ9WPXRG-ou3w,transfer_3,9012,blur,self,213,zurich:33,zurich:98,15.679997,36.1773
amman_query_1IWpn2b6V75KvNFoTU8UOQ,isotropic,1234,blur,self,2,boston:79,amman:26,15.679998,36.1773
amman_query_1IWpn2b6V75KvNFoTU8UOQ,white_box,1234,blur,self,36,manila:33,amman:26,15.680001,36.1773
amman_query_1IWpn2b6V75KvNFoTU8UOQ,transfer_1,1234,blur,self,10,boston:249,amman:26,15.679997,36.1773
amman_query_1IWpn2b6V75KvNFoTU8UOQ,transfer_2,1234,blur,self,3,toronto:426,amman:26,15.679998,36.1773
amman_query_1IWpn2b6V75KvNFoTU8UOQ,transfer_3,1234,blur,self,1,amman:26,amman:26,15.680002,36.1773
amman_query_1IWpn2b6V75KvNFoTU8UOQ,isotropic,5678,blur,self,3,boston:79,amman:26,15.680000,36.1773
amman_query_1IWpn2b6V75KvNFoTU8UOQ,white_box,5678,blur,self,28,manila:190,amman:26,15.680000,36.1773
amman_query_1IWpn2b6V75KvNFoTU8UOQ,transfer_1,5678,blur,self,8,boston:249,amman:26,15.679998,36.1773
amman_query_1IWpn2b6V75KvNFoTU8UOQ,transfer_2,5678,blur,self,1,amman:26,amman:26,15.680000,36.1773
amman_query_1IWpn2b6V75KvNFoTU8UOQ,transfer_3,5678,blur,self,2,toronto:426,amman:26,15.680001,36.1773
amman_query_1IWpn2b6V75KvNFoTU8UOQ,isotropic,9012,blur,self,3,boston:79,amman:26,15.679997,36.1773
amman_query_1IWpn2b6V75KvNFoTU8UOQ,white_box,9012,blur,self,2,amman:1,amman:26,15.680000,36.1773
amman_query_1IWpn2b6V75KvNFoTU8UOQ,transfer_1,9012,blur,self,13,boston:249,amman:26,15.680000,36.1773
amman_query_1IWpn2b6V75KvNFoTU8UOQ,transfer_2,9012,blur,self,4,toronto:426,amman:26,15.679997,36.1773
amman_query_1IWpn2b6V75KvNFoTU8UOQ,transfer_3,9012,blur,self,1,amman:26,amman:26,15.679997,36.1773
boston_query_-LPTAIN0lPGriKBtXoH5Mg,isotropic,1234,blur,self,1,boston:139,boston:139,15.680000,36.1773
boston_query_-LPTAIN0lPGriKBtXoH5Mg,white_box,1234,blur,self,61,london:28,boston:139,15.680000,36.1773
boston_query_-LPTAIN0lPGriKBtXoH5Mg,transfer_1,1234,blur,self,1,boston:139,boston:139,15.680000,36.1773
boston_query_-LPTAIN0lPGriKBtXoH5Mg,transfer_2,1234,blur,self,1,boston:139,boston:139,15.679998,36.1773
boston_query_-LPTAIN0lPGriKBtXoH5Mg,transfer_3,1234,blur,self,1,boston:139,boston:139,15.680000,36.1773
boston_query_-LPTAIN0lPGriKBtXoH5Mg,isotropic,5678,blur,self,1,boston:139,boston:139,15.679998,36.1773
boston_query_-LPTAIN0lPGriKBtXoH5Mg,white_box,5678,blur,self,261,amman:26,boston:139,15.680000,36.1773
boston_query_-LPTAIN0lPGriKBtXoH5Mg,transfer_1,5678,blur,self,1,boston:139,boston:139,15.679998,36.1773
boston_query_-LPTAIN0lPGriKBtXoH5Mg,transfer_2,5678,blur,self,1,boston:139,boston:139,15.680000,36.1773
boston_query_-LPTAIN0lPGriKBtXoH5Mg,transfer_3,5678,blur,self,1,boston:139,boston:139,15.679998,36.1773
boston_query_-LPTAIN0lPGriKBtXoH5Mg,isotropic,9012,blur,self,1,boston:139,boston:139,15.680000,36.1773
boston_query_-LPTAIN0lPGriKBtXoH5Mg,white_box,9012,blur,self,44,manila:29,boston:139,15.680000,36.1773
boston_query_-LPTAIN0lPGriKBtXoH5Mg,transfer_1,9012,blur,self,1,boston:139,boston:139,15.679997,36.1773
boston_query_-LPTAIN0lPGriKBtXoH5Mg,transfer_2,9012,blur,self,1,boston:139,boston:139,15.679997,36.1773
boston_query_-LPTAIN0lPGriKBtXoH5Mg,transfer_3,9012,blur,self,1,boston:139,boston:139,15.680000,36.1773
cph_query_-Gsj5kZ1V6uLXFxzeI7G2Q,isotropic,1234,blur,self,111,cph:54,cph:159,15.680000,36.1773
cph_query_-Gsj5kZ1V6uLXFxzeI7G2Q,white_box,1234,blur,self,1198,toronto:27,cph:159,15.679997,36.1773
cph_query_-Gsj5kZ1V6uLXFxzeI7G2Q,transfer_1,1234,blur,self,175,cph:54,cph:159,15.680001,36.1773
cph_query_-Gsj5kZ1V6uLXFxzeI7G2Q,transfer_2,1234,blur,self,234,cph:54,cph:159,15.680000,36.1773
cph_query_-Gsj5kZ1V6uLXFxzeI7G2Q,transfer_3,1234,blur,self,332,amman:29,cph:159,15.679997,36.1773
cph_query_-Gsj5kZ1V6uLXFxzeI7G2Q,isotropic,5678,blur,self,133,cph:54,cph:159,15.679998,36.1773
cph_query_-Gsj5kZ1V6uLXFxzeI7G2Q,white_box,5678,blur,self,784,manila:87,cph:159,15.679997,36.1773
cph_query_-Gsj5kZ1V6uLXFxzeI7G2Q,transfer_1,5678,blur,self,171,cph:54,cph:159,15.679997,36.1773
cph_query_-Gsj5kZ1V6uLXFxzeI7G2Q,transfer_2,5678,blur,self,204,cph:54,cph:159,15.680001,36.1773
cph_query_-Gsj5kZ1V6uLXFxzeI7G2Q,transfer_3,5678,blur,self,434,amman:29,cph:159,15.679996,36.1773
cph_query_-Gsj5kZ1V6uLXFxzeI7G2Q,isotropic,9012,blur,self,119,cph:54,cph:159,15.679998,36.1773
cph_query_-Gsj5kZ1V6uLXFxzeI7G2Q,white_box,9012,blur,self,420,manila:23,cph:159,15.679997,36.1773
cph_query_-Gsj5kZ1V6uLXFxzeI7G2Q,transfer_1,9012,blur,self,190,cph:54,cph:159,15.679997,36.1773
cph_query_-Gsj5kZ1V6uLXFxzeI7G2Q,transfer_2,9012,blur,self,254,cph:54,cph:159,15.680000,36.1773
cph_query_-Gsj5kZ1V6uLXFxzeI7G2Q,transfer_3,9012,blur,self,182,amman:29,cph:159,15.679997,36.1773
london_query_-dp5VWHVq4LzwLgq7y7yhw,isotropic,1234,blur,self,180,london:23,london:28,15.680000,36.1773
london_query_-dp5VWHVq4LzwLgq7y7yhw,white_box,1234,blur,self,124,manila:142,london:28,15.680000,36.1773
london_query_-dp5VWHVq4LzwLgq7y7yhw,transfer_1,1234,blur,self,104,london:21,london:28,15.680000,36.1773
london_query_-dp5VWHVq4LzwLgq7y7yhw,transfer_2,1234,blur,self,160,london:21,london:28,15.679997,36.1773
london_query_-dp5VWHVq4LzwLgq7y7yhw,transfer_3,1234,blur,self,325,manila:33,london:28,15.679996,36.1773
london_query_-dp5VWHVq4LzwLgq7y7yhw,isotropic,5678,blur,self,171,london:23,london:28,15.679998,36.1773
london_query_-dp5VWHVq4LzwLgq7y7yhw,white_box,5678,blur,self,281,toronto:55,london:28,15.679997,36.1773
london_query_-dp5VWHVq4LzwLgq7y7yhw,transfer_1,5678,blur,self,96,london:21,london:28,15.680000,36.1773
london_query_-dp5VWHVq4LzwLgq7y7yhw,transfer_2,5678,blur,self,289,london:33,london:28,15.680000,36.1773
london_query_-dp5VWHVq4LzwLgq7y7yhw,transfer_3,5678,blur,self,131,london:21,london:28,15.679997,36.1773
london_query_-dp5VWHVq4LzwLgq7y7yhw,isotropic,9012,blur,self,150,london:23,london:28,15.679998,36.1773
london_query_-dp5VWHVq4LzwLgq7y7yhw,white_box,9012,blur,self,56,manila:106,london:28,15.680000,36.1773
london_query_-dp5VWHVq4LzwLgq7y7yhw,transfer_1,9012,blur,self,133,london:21,london:28,15.680000,36.1773
london_query_-dp5VWHVq4LzwLgq7y7yhw,transfer_2,9012,blur,self,178,london:21,london:28,15.679997,36.1773
london_query_-dp5VWHVq4LzwLgq7y7yhw,transfer_3,9012,blur,self,240,london:21,london:28,15.680000,36.1773
manila_query_-N4wDG2Fhm38ZVy0hGp8_A,isotropic,1234,blur,self,109,toronto:55,manila:106,15.679998,36.1773
manila_query_-N4wDG2Fhm38ZVy0hGp8_A,white_box,1234,blur,self,1,manila:106,manila:106,15.680000,36.1773
manila_query_-N4wDG2Fhm38ZVy0hGp8_A,transfer_1,1234,blur,self,106,toronto:55,manila:106,15.679998,36.1773
manila_query_-N4wDG2Fhm38ZVy0hGp8_A,transfer_2,1234,blur,self,105,toronto:55,manila:106,15.680000,36.1773
manila_query_-N4wDG2Fhm38ZVy0hGp8_A,transfer_3,1234,blur,self,65,amman:6,manila:106,15.680000,36.1773
manila_query_-N4wDG2Fhm38ZVy0hGp8_A,isotropic,5678,blur,self,159,toronto:55,manila:106,15.680000,36.1773
manila_query_-N4wDG2Fhm38ZVy0hGp8_A,white_box,5678,blur,self,1,manila:106,manila:106,15.680000,36.1773
manila_query_-N4wDG2Fhm38ZVy0hGp8_A,transfer_1,5678,blur,self,138,toronto:55,manila:106,15.680001,36.1773
manila_query_-N4wDG2Fhm38ZVy0hGp8_A,transfer_2,5678,blur,self,32,toronto:55,manila:106,15.679998,36.1773
manila_query_-N4wDG2Fhm38ZVy0hGp8_A,transfer_3,5678,blur,self,89,boston:145,manila:106,15.680000,36.1773
manila_query_-N4wDG2Fhm38ZVy0hGp8_A,isotropic,9012,blur,self,132,toronto:55,manila:106,15.679997,36.1773
manila_query_-N4wDG2Fhm38ZVy0hGp8_A,white_box,9012,blur,self,1,manila:106,manila:106,15.680000,36.1773
manila_query_-N4wDG2Fhm38ZVy0hGp8_A,transfer_1,9012,blur,self,158,toronto:55,manila:106,15.679997,36.1773
manila_query_-N4wDG2Fhm38ZVy0hGp8_A,transfer_2,9012,blur,self,66,amman:6,manila:106,15.679996,36.1773
manila_query_-N4wDG2Fhm38ZVy0hGp8_A,transfer_3,9012,blur,self,59,toronto:55,manila:106,15.679997,36.1773
nairobi_query_2CNtCHy0TUbebdEFLYNrIQ,isotropic,1234,blur,self,21,toronto:228,nairobi:10,15.680001,36.1773
nairobi_query_2CNtCHy0TUbebdEFLYNrIQ,white_box,1234,blur,self,1,nairobi:10,nairobi:10,15.680000,36.1773
nairobi_query_2CNtCHy0TUbebdEFLYNrIQ,transfer_1,1234,blur,self,2,manila:6,nairobi:10,15.680000,36.1773
nairobi_query_2CNtCHy0TUbebdEFLYNrIQ,transfer_2,1234,blur,self,3,cph:345,nairobi:10,15.679998,36.1773
nairobi_query_2CNtCHy0TUbebdEFLYNrIQ,transfer_3,1234,blur,self,1,nairobi:10,nairobi:10,15.680000,36.1773
nairobi_query_2CNtCHy0TUbebdEFLYNrIQ,isotropic,5678,blur,self,23,manila:6,nairobi:10,15.680000,36.1773
nairobi_query_2CNtCHy0TUbebdEFLYNrIQ,white_box,5678,blur,self,3,london:28,nairobi:10,15.679997,36.1773
nairobi_query_2CNtCHy0TUbebdEFLYNrIQ,transfer_1,5678,blur,self,1,nairobi:10,nairobi:10,15.679998,36.1773
nairobi_query_2CNtCHy0TUbebdEFLYNrIQ,transfer_2,5678,blur,self,1,nairobi:10,nairobi:10,15.680000,36.1773
nairobi_query_2CNtCHy0TUbebdEFLYNrIQ,transfer_3,5678,blur,self,1,nairobi:10,nairobi:10,15.679997,36.1773
nairobi_query_2CNtCHy0TUbebdEFLYNrIQ,isotropic,9012,blur,self,14,toronto:218,nairobi:10,15.680000,36.1773
nairobi_query_2CNtCHy0TUbebdEFLYNrIQ,white_box,9012,blur,self,1,nairobi:10,nairobi:10,15.680000,36.1773
nairobi_query_2CNtCHy0TUbebdEFLYNrIQ,transfer_1,9012,blur,self,1,nairobi:10,nairobi:10,15.680000,36.1773
nairobi_query_2CNtCHy0TUbebdEFLYNrIQ,transfer_2,9012,blur,self,1,nairobi:10,nairobi:10,15.680000,36.1773
nairobi_query_2CNtCHy0TUbebdEFLYNrIQ,transfer_3,9012,blur,self,1,nairobi:10,nairobi:10,15.679998,36.1773
toronto_query_-Cdr8zjFdZw7nzz8_rwM4w,isotropic,1234,blur,self,278,toronto:426,toronto:389,15.680000,36.1773
toronto_query_-Cdr8zjFdZw7nzz8_rwM4w,white_box,1234,blur,self,299,nairobi:1,toronto:389,15.680000,36.1773
toronto_query_-Cdr8zjFdZw7nzz8_rwM4w,transfer_1,1234,blur,self,207,cph:243,toronto:389,15.679998,36.1773
toronto_query_-Cdr8zjFdZw7nzz8_rwM4w,transfer_2,1234,blur,self,81,cph:280,toronto:389,15.680001,36.1773
toronto_query_-Cdr8zjFdZw7nzz8_rwM4w,transfer_3,1234,blur,self,345,cph:176,toronto:389,15.680001,36.1773
toronto_query_-Cdr8zjFdZw7nzz8_rwM4w,isotropic,5678,blur,self,270,cph:243,toronto:389,15.680000,36.1773
toronto_query_-Cdr8zjFdZw7nzz8_rwM4w,white_box,5678,blur,self,143,manila:51,toronto:389,15.680000,36.1773
toronto_query_-Cdr8zjFdZw7nzz8_rwM4w,transfer_1,5678,blur,self,158,zurich:42,toronto:389,15.680001,36.1773
toronto_query_-Cdr8zjFdZw7nzz8_rwM4w,transfer_2,5678,blur,self,206,cph:280,toronto:389,15.680001,36.1773
toronto_query_-Cdr8zjFdZw7nzz8_rwM4w,transfer_3,5678,blur,self,177,toronto:244,toronto:389,15.680001,36.1773
toronto_query_-Cdr8zjFdZw7nzz8_rwM4w,isotropic,9012,blur,self,320,toronto:426,toronto:389,15.679997,36.1773
toronto_query_-Cdr8zjFdZw7nzz8_rwM4w,white_box,9012,blur,self,230,london:125,toronto:389,15.680000,36.1773
toronto_query_-Cdr8zjFdZw7nzz8_rwM4w,transfer_1,9012,blur,self,309,cph:280,toronto:389,15.680000,36.1773
toronto_query_-Cdr8zjFdZw7nzz8_rwM4w,transfer_2,9012,blur,self,111,cph:280,toronto:389,15.679997,36.1773
toronto_query_-Cdr8zjFdZw7nzz8_rwM4w,transfer_3,9012,blur,self,121,cph:243,toronto:389,15.679997,36.1773
zurich_query_0247N-PdpG4_iueC_9_G4g,isotropic,1234,blur,self,4,boston:206,zurich:42,15.679998,36.1773
zurich_query_0247N-PdpG4_iueC_9_G4g,white_box,1234,blur,self,261,london:34,zurich:42,15.679998,36.1773
zurich_query_0247N-PdpG4_iueC_9_G4g,transfer_1,1234,blur,self,7,cph:4,zurich:42,15.680000,36.1773
zurich_query_0247N-PdpG4_iueC_9_G4g,transfer_2,1234,blur,self,6,boston:206,zurich:42,15.679996,36.1773
zurich_query_0247N-PdpG4_iueC_9_G4g,transfer_3,1234,blur,self,24,cph:4,zurich:42,15.679998,36.1773
zurich_query_0247N-PdpG4_iueC_9_G4g,isotropic,5678,blur,self,3,boston:206,zurich:42,15.680000,36.1773
zurich_query_0247N-PdpG4_iueC_9_G4g,white_box,5678,blur,self,111,manila:106,zurich:42,15.680000,36.1773
zurich_query_0247N-PdpG4_iueC_9_G4g,transfer_1,5678,blur,self,8,toronto:102,zurich:42,15.680000,36.1773
zurich_query_0247N-PdpG4_iueC_9_G4g,transfer_2,5678,blur,self,10,cph:176,zurich:42,15.680000,36.1773
zurich_query_0247N-PdpG4_iueC_9_G4g,transfer_3,5678,blur,self,9,cph:4,zurich:42,15.679997,36.1773
zurich_query_0247N-PdpG4_iueC_9_G4g,isotropic,9012,blur,self,3,cph:243,zurich:42,15.679995,36.1773
zurich_query_0247N-PdpG4_iueC_9_G4g,white_box,9012,blur,self,253,london:34,zurich:42,15.680000,36.1773
zurich_query_0247N-PdpG4_iueC_9_G4g,transfer_1,9012,blur,self,1,zurich:42,zurich:42,15.679997,36.1773
zurich_query_0247N-PdpG4_iueC_9_G4g,transfer_2,9012,blur,self,11,cph:4,zurich:42,15.680001,36.1773
zurich_query_0247N-PdpG4_iueC_9_G4g,transfer_3,9012,blur,self,2,cph:176,zurich:42,15.679998,36.1773
amman_query_1Nmy4JnYnb5zA_JmbkDWBQ,isotropic,1234,blur,self,828,amman:21,amman:4,15.680001,36.1773
amman_query_1Nmy4JnYnb5zA_JmbkDWBQ,white_box,1234,blur,self,1699,london:125,amman:4,15.679997,36.1773
amman_query_1Nmy4JnYnb5zA_JmbkDWBQ,transfer_1,1234,blur,self,980,amman:21,amman:4,15.680000,36.1773
amman_query_1Nmy4JnYnb5zA_JmbkDWBQ,transfer_2,1234,blur,self,820,amman:11,amman:4,15.679996,36.1773
amman_query_1Nmy4JnYnb5zA_JmbkDWBQ,transfer_3,1234,blur,self,732,amman:11,amman:4,15.679997,36.1773
amman_query_1Nmy4JnYnb5zA_JmbkDWBQ,isotropic,5678,blur,self,899,amman:21,amman:4,15.679997,36.1773
amman_query_1Nmy4JnYnb5zA_JmbkDWBQ,white_box,5678,blur,self,496,manila:46,amman:4,15.680000,36.1773
amman_query_1Nmy4JnYnb5zA_JmbkDWBQ,transfer_1,5678,blur,self,909,amman:21,amman:4,15.680000,36.1773
amman_query_1Nmy4JnYnb5zA_JmbkDWBQ,transfer_2,5678,blur,self,920,amman:21,amman:4,15.680001,36.1773
amman_query_1Nmy4JnYnb5zA_JmbkDWBQ,transfer_3,5678,blur,self,841,amman:12,amman:4,15.679997,36.1773
amman_query_1Nmy4JnYnb5zA_JmbkDWBQ,isotropic,9012,blur,self,874,amman:21,amman:4,15.679998,36.1773
amman_query_1Nmy4JnYnb5zA_JmbkDWBQ,white_box,9012,blur,self,1735,london:34,amman:4,15.680000,36.1773
amman_query_1Nmy4JnYnb5zA_JmbkDWBQ,transfer_1,9012,blur,self,1029,amman:21,amman:4,15.679998,36.1773
amman_query_1Nmy4JnYnb5zA_JmbkDWBQ,transfer_2,9012,blur,self,944,amman:21,amman:4,15.680000,36.1773
amman_query_1Nmy4JnYnb5zA_JmbkDWBQ,transfer_3,9012,blur,self,727,amman:21,amman:4,15.680000,36.1773
boston_query_-Lu6tv4tCQMDsXtxLtxMzQ,isotropic,1234,blur,self,277,boston:79,boston:176,15.680000,36.1773
boston_query_-Lu6tv4tCQMDsXtxLtxMzQ,white_box,1234,blur,self,350,nairobi:1,boston:176,15.679998,36.1773
boston_query_-Lu6tv4tCQMDsXtxLtxMzQ,transfer_1,1234,blur,self,241,boston:79,boston:176,15.680000,36.1773
boston_query_-Lu6tv4tCQMDsXtxLtxMzQ,transfer_2,1234,blur,self,61,boston:79,boston:176,15.680000,36.1773
boston_query_-Lu6tv4tCQMDsXtxLtxMzQ,transfer_3,1234,blur,self,281,boston:79,boston:176,15.679998,36.1773
boston_query_-Lu6tv4tCQMDsXtxLtxMzQ,isotropic,5678,blur,self,309,boston:79,boston:176,15.680000,36.1773
boston_query_-Lu6tv4tCQMDsXtxLtxMzQ,white_box,5678,blur,self,530,london:111,boston:176,15.679998,36.1773
boston_query_-Lu6tv4tCQMDsXtxLtxMzQ,transfer_1,5678,blur,self,106,boston:79,boston:176,15.680000,36.1773
boston_query_-Lu6tv4tCQMDsXtxLtxMzQ,transfer_2,5678,blur,self,156,boston:79,boston:176,15.680000,36.1773
boston_query_-Lu6tv4tCQMDsXtxLtxMzQ,transfer_3,5678,blur,self,206,boston:79,boston:176,15.680000,36.1773
boston_query_-Lu6tv4tCQMDsXtxLtxMzQ,isotropic,9012,blur,self,271,boston:79,boston:176,15.679998,36.1773
boston_query_-Lu6tv4tCQMDsXtxLtxMzQ,white_box,9012,blur,self,205,cph:345,boston:176,15.679997,36.1773
boston_query_-Lu6tv4tCQMDsXtxLtxMzQ,transfer_1,9012,blur,self,127,boston:79,boston:176,15.680000,36.1773
boston_query_-Lu6tv4tCQMDsXtxLtxMzQ,transfer_2,9012,blur,self,38,boston:79,boston:176,15.680000,36.1773
boston_query_-Lu6tv4tCQMDsXtxLtxMzQ,transfer_3,9012,blur,self,180,boston:79,boston:176,15.680001,36.1773
cph_query_-HqO0GfYTRx5TzfB_6mTqA,isotropic,1234,blur,self,84,cph:242,cph:296,15.679997,36.1773
cph_query_-HqO0GfYTRx5TzfB_6mTqA,white_box,1234,blur,self,232,boston:206,cph:296,15.680000,36.1773
cph_query_-HqO0GfYTRx5TzfB_6mTqA,transfer_1,1234,blur,self,63,zurich:44,cph:296,15.680000,36.1773
cph_query_-HqO0GfYTRx5TzfB_6mTqA,transfer_2,1234,blur,self,39,cph:242,cph:296,15.680000,36.1773
cph_query_-HqO0GfYTRx5TzfB_6mTqA,transfer_3,1234,blur,self,44,zurich:44,cph:296,15.679998,36.1773
cph_query_-HqO0GfYTRx5TzfB_6mTqA,isotropic,5678,blur,self,74,cph:242,cph:296,15.680000,36.1773
cph_query_-HqO0GfYTRx5TzfB_6mTqA,white_box,5678,blur,self,46,boston:235,cph:296,15.679998,36.1773
cph_query_-HqO0GfYTRx5TzfB_6mTqA,transfer_1,5678,blur,self,25,zurich:44,cph:296,15.680000,36.1773
cph_query_-HqO0GfYTRx5TzfB_6mTqA,transfer_2,5678,blur,self,42,zurich:44,cph:296,15.680002,36.1773
cph_query_-HqO0GfYTRx5TzfB_6mTqA,transfer_3,5678,blur,self,60,zurich:44,cph:296,15.680000,36.1773
cph_query_-HqO0GfYTRx5TzfB_6mTqA,isotropic,9012,blur,self,115,zurich:44,cph:296,15.679998,36.1773
cph_query_-HqO0GfYTRx5TzfB_6mTqA,white_box,9012,blur,self,102,boston:149,cph:296,15.680000,36.1773
cph_query_-HqO0GfYTRx5TzfB_6mTqA,transfer_1,9012,blur,self,19,cph:242,cph:296,15.680001,36.1773
cph_query_-HqO0GfYTRx5TzfB_6mTqA,transfer_2,9012,blur,self,17,zurich:44,cph:296,15.679998,36.1773
cph_query_-HqO0GfYTRx5TzfB_6mTqA,transfer_3,9012,blur,self,39,cph:242,cph:296,15.680001,36.1773
london_query_-izmF6OCR-aIZLVQbzDbLQ,isotropic,1234,blur,self,5,london:34,london:8,15.679997,36.1773
london_query_-izmF6OCR-aIZLVQbzDbLQ,white_box,1234,blur,self,135,boston:123,london:8,15.679997,36.1773
london_query_-izmF6OCR-aIZLVQbzDbLQ,transfer_1,1234,blur,self,4,london:34,london:8,15.679998,36.1773
london_query_-izmF6OCR-aIZLVQbzDbLQ,transfer_2,1234,blur,self,3,london:34,london:8,15.680000,36.1773
london_query_-izmF6OCR-aIZLVQbzDbLQ,transfer_3,1234,blur,self,1,london:8,london:8,15.680000,36.1773
london_query_-izmF6OCR-aIZLVQbzDbLQ,isotropic,5678,blur,self,5,london:34,london:8,15.679998,36.1773
london_query_-izmF6OCR-aIZLVQbzDbLQ,white_box,5678,blur,self,28,zurich:5,london:8,15.679998,36.1773
london_query_-izmF6OCR-aIZLVQbzDbLQ,transfer_1,5678,blur,self,6,london:34,london:8,15.680000,36.1773
london_query_-izmF6OCR-aIZLVQbzDbLQ,transfer_2,5678,blur,self,3,london:34,london:8,15.680000,36.1773
london_query_-izmF6OCR-aIZLVQbzDbLQ,transfer_3,5678,blur,self,1,london:8,london:8,15.679996,36.1773
london_query_-izmF6OCR-aIZLVQbzDbLQ,isotropic,9012,blur,self,6,london:34,london:8,15.679998,36.1773
london_query_-izmF6OCR-aIZLVQbzDbLQ,white_box,9012,blur,self,14,manila:106,london:8,15.679997,36.1773
london_query_-izmF6OCR-aIZLVQbzDbLQ,transfer_1,9012,blur,self,4,london:34,london:8,15.679997,36.1773
london_query_-izmF6OCR-aIZLVQbzDbLQ,transfer_2,9012,blur,self,3,london:34,london:8,15.680001,36.1773
london_query_-izmF6OCR-aIZLVQbzDbLQ,transfer_3,9012,blur,self,2,zurich:94,london:8,15.680000,36.1773
manila_query_-P2actpgy_mRkcbLVKBjkQ,isotropic,1234,blur,self,90,cph:464,manila:94,15.679997,36.1773
manila_query_-P2actpgy_mRkcbLVKBjkQ,white_box,1234,blur,self,101,manila:190,manila:94,15.680000,36.1773
manila_query_-P2actpgy_mRkcbLVKBjkQ,transfer_1,1234,blur,self,5,cph:71,manila:94,15.679997,36.1773
manila_query_-P2actpgy_mRkcbLVKBjkQ,transfer_2,1234,blur,self,22,manila:13,manila:94,15.679997,36.1773
manila_query_-P2actpgy_mRkcbLVKBjkQ,transfer_3,1234,blur,self,4,cph:345,manila:94,15.680000,36.1773
manila_query_-P2actpgy_mRkcbLVKBjkQ,isotropic,5678,blur,self,115,manila:13,manila:94,15.680000,36.1773
manila_query_-P2actpgy_mRkcbLVKBjkQ,white_box,5678,blur,self,151,nairobi:20,manila:94,15.680000,36.1773
manila_query_-P2actpgy_mRkcbLVKBjkQ,transfer_1,5678,blur,self,7,cph:71,manila:94,15.680001,36.1773
manila_query_-P2actpgy_mRkcbLVKBjkQ,transfer_2,5678,blur,self,17,cph:71,manila:94,15.680000,36.1773
manila_query_-P2actpgy_mRkcbLVKBjkQ,transfer_3,5678,blur,self,67,manila:102,manila:94,15.679998,36.1773
manila_query_-P2actpgy_mRkcbLVKBjkQ,isotropic,9012,blur,self,83,cph:464,manila:94,15.680001,36.1773
manila_query_-P2actpgy_mRkcbLVKBjkQ,white_box,9012,blur,self,1043,nairobi:20,manila:94,15.679997,36.1773
manila_query_-P2actpgy_mRkcbLVKBjkQ,transfer_1,9012,blur,self,6,cph:71,manila:94,15.679998,36.1773
manila_query_-P2actpgy_mRkcbLVKBjkQ,transfer_2,9012,blur,self,7,manila:13,manila:94,15.679998,36.1773
manila_query_-P2actpgy_mRkcbLVKBjkQ,transfer_3,9012,blur,self,64,cph:345,manila:94,15.679997,36.1773
nairobi_query_2OfDNnR5st7y8-O2ibiklQ,isotropic,1234,blur,self,138,boston:139,nairobi:5,15.680000,36.1773
nairobi_query_2OfDNnR5st7y8-O2ibiklQ,white_box,1234,blur,self,256,manila:94,nairobi:5,15.680000,36.1773
nairobi_query_2OfDNnR5st7y8-O2ibiklQ,transfer_1,1234,blur,self,171,cph:241,nairobi:5,15.680001,36.1773
nairobi_query_2OfDNnR5st7y8-O2ibiklQ,transfer_2,1234,blur,self,131,boston:47,nairobi:5,15.679997,36.1773
nairobi_query_2OfDNnR5st7y8-O2ibiklQ,transfer_3,1234,blur,self,80,boston:249,nairobi:5,15.679998,36.1773
nairobi_query_2OfDNnR5st7y8-O2ibiklQ,isotropic,5678,blur,self,106,boston:47,nairobi:5,15.679997,36.1773
nairobi_query_2OfDNnR5st7y8-O2ibiklQ,white_box,5678,blur,self,92,manila:72,nairobi:5,15.680001,36.1773
nairobi_query_2OfDNnR5st7y8-O2ibiklQ,transfer_1,5678,blur,self,107,boston:235,nairobi:5,15.679997,36.1773
nairobi_query_2OfDNnR5st7y8-O2ibiklQ,transfer_2,5678,blur,self,195,boston:249,nairobi:5,15.680000,36.1773
nairobi_query_2OfDNnR5st7y8-O2ibiklQ,transfer_3,5678,blur,self,100,boston:235,nairobi:5,15.680000,36.1773
nairobi_query_2OfDNnR5st7y8-O2ibiklQ,isotropic,9012,blur,self,130,boston:47,nairobi:5,15.679996,36.1773
nairobi_query_2OfDNnR5st7y8-O2ibiklQ,white_box,9012,blur,self,360,london:28,nairobi:5,15.680000,36.1773
nairobi_query_2OfDNnR5st7y8-O2ibiklQ,transfer_1,9012,blur,self,112,boston:47,nairobi:5,15.679998,36.1773
nairobi_query_2OfDNnR5st7y8-O2ibiklQ,transfer_2,9012,blur,self,159,boston:249,nairobi:5,15.680000,36.1773
nairobi_query_2OfDNnR5st7y8-O2ibiklQ,transfer_3,9012,blur,self,104,boston:249,nairobi:5,15.680000,36.1773
toronto_query_-DB8UBv2Rg4kTi6HTqrhOw,isotropic,1234,blur,self,57,toronto:151,toronto:228,15.679998,36.1773
toronto_query_-DB8UBv2Rg4kTi6HTqrhOw,white_box,1234,blur,self,1349,nairobi:22,toronto:228,15.680001,36.1773
toronto_query_-DB8UBv2Rg4kTi6HTqrhOw,transfer_1,1234,blur,self,95,boston:79,toronto:228,15.680000,36.1773
toronto_query_-DB8UBv2Rg4kTi6HTqrhOw,transfer_2,1234,blur,self,105,boston:98,toronto:228,15.679997,36.1773
toronto_query_-DB8UBv2Rg4kTi6HTqrhOw,transfer_3,1234,blur,self,253,boston:79,toronto:228,15.680000,36.1773
toronto_query_-DB8UBv2Rg4kTi6HTqrhOw,isotropic,5678,blur,self,41,toronto:151,toronto:228,15.680000,36.1773
toronto_query_-DB8UBv2Rg4kTi6HTqrhOw,white_box,5678,blur,self,525,boston:112,toronto:228,15.680002,36.1773
toronto_query_-DB8UBv2Rg4kTi6HTqrhOw,transfer_1,5678,blur,self,32,cph:243,toronto:228,15.680000,36.1773
toronto_query_-DB8UBv2Rg4kTi6HTqrhOw,transfer_2,5678,blur,self,38,boston:98,toronto:228,15.680000,36.1773
toronto_query_-DB8UBv2Rg4kTi6HTqrhOw,transfer_3,5678,blur,self,159,toronto:197,toronto:228,15.679997,36.1773
toronto_query_-DB8UBv2Rg4kTi6HTqrhOw,isotropic,9012,blur,self,45,toronto:151,toronto:228,15.679997,36.1773
toronto_query_-DB8UBv2Rg4kTi6HTqrhOw,white_box,9012,blur,self,612,boston:112,toronto:228,15.680000,36.1773
toronto_query_-DB8UBv2Rg4kTi6HTqrhOw,transfer_1,9012,blur,self,105,boston:123,toronto:228,15.680000,36.1773
toronto_query_-DB8UBv2Rg4kTi6HTqrhOw,transfer_2,9012,blur,self,66,boston:98,toronto:228,15.680000,36.1773
toronto_query_-DB8UBv2Rg4kTi6HTqrhOw,transfer_3,9012,blur,self,107,boston:98,toronto:228,15.679998,36.1773
zurich_query_046U_rtFmS-pAuZF-Zba0Q,isotropic,1234,blur,self,11,boston:79,zurich:42,15.679997,36.1773
zurich_query_046U_rtFmS-pAuZF-Zba0Q,white_box,1234,blur,self,110,cph:245,zurich:42,15.680000,36.1773
zurich_query_046U_rtFmS-pAuZF-Zba0Q,transfer_1,1234,blur,self,18,boston:79,zurich:42,15.680000,36.1773
zurich_query_046U_rtFmS-pAuZF-Zba0Q,transfer_2,1234,blur,self,13,boston:79,zurich:42,15.679998,36.1773
zurich_query_046U_rtFmS-pAuZF-Zba0Q,transfer_3,1234,blur,self,27,boston:79,zurich:42,15.680000,36.1773
zurich_query_046U_rtFmS-pAuZF-Zba0Q,isotropic,5678,blur,self,11,boston:79,zurich:42,15.679998,36.1773
zurich_query_046U_rtFmS-pAuZF-Zba0Q,white_box,5678,blur,self,125,london:34,zurich:42,15.680000,36.1773
zurich_query_046U_rtFmS-pAuZF-Zba0Q,transfer_1,5678,blur,self,9,boston:79,zurich:42,15.680000,36.1773
zurich_query_046U_rtFmS-pAuZF-Zba0Q,transfer_2,5678,blur,self,12,boston:79,zurich:42,15.680001,36.1773
zurich_query_046U_rtFmS-pAuZF-Zba0Q,transfer_3,5678,blur,self,12,boston:79,zurich:42,15.680000,36.1773
zurich_query_046U_rtFmS-pAuZF-Zba0Q,isotropic,9012,blur,self,13,boston:79,zurich:42,15.679996,36.1773
zurich_query_046U_rtFmS-pAuZF-Zba0Q,white_box,9012,blur,self,400,boston:168,zurich:42,15.680000,36.1773
zurich_query_046U_rtFmS-pAuZF-Zba0Q,transfer_1,9012,blur,self,6,boston:79,zurich:42,15.680000,36.1773
zurich_query_046U_rtFmS-pAuZF-Zba0Q,transfer_2,9012,blur,self,14,boston:79,zurich:42,15.679997,36.1773
zurich_query_046U_rtFmS-pAuZF-Zba0Q,transfer_3,9012,blur,self,11,boston:79,zurich:42,15.680000,36.1773
amman_query_1Tf2dWuS4el8fREHH1_k0w,isotropic,1234,blur,self,59,amman:4,amman:25,15.679997,36.1773
amman_query_1Tf2dWuS4el8fREHH1_k0w,white_box,1234,blur,self,212,manila:29,amman:25,15.679997,36.1773
amman_query_1Tf2dWuS4el8fREHH1_k0w,transfer_1,1234,blur,self,78,amman:4,amman:25,15.679997,36.1773
amman_query_1Tf2dWuS4el8fREHH1_k0w,transfer_2,1234,blur,self,147,amman:4,amman:25,15.679998,36.1773
amman_query_1Tf2dWuS4el8fREHH1_k0w,transfer_3,1234,blur,self,153,nairobi:3,amman:25,15.679997,36.1773
amman_query_1Tf2dWuS4el8fREHH1_k0w,isotropic,5678,blur,self,76,amman:4,amman:25,15.680000,36.1773
amman_query_1Tf2dWuS4el8fREHH1_k0w,white_box,5678,blur,self,138,manila:29,amman:25,15.679997,36.1773
amman_query_1Tf2dWuS4el8fREHH1_k0w,transfer_1,5678,blur,self,86,amman:4,amman:25,15.679997,36.1773
amman_query_1Tf2dWuS4el8fREHH1_k0w,transfer_2,5678,blur,self,147,amman:4,amman:25,15.680000,36.1773
amman_query_1Tf2dWuS4el8fREHH1_k0w,transfer_3,5678,blur,self,272,nairobi:3,amman:25,15.679998,36.1773
amman_query_1Tf2dWuS4el8fREHH1_k0w,isotropic,9012,blur,self,72,amman:4,amman:25,15.680000,36.1773
amman_query_1Tf2dWuS4el8fREHH1_k0w,white_box,9012,blur,self,33,amman:29,amman:25,15.680000,36.1773
amman_query_1Tf2dWuS4el8fREHH1_k0w,transfer_1,9012,blur,self,79,amman:4,amman:25,15.679998,36.1773
amman_query_1Tf2dWuS4el8fREHH1_k0w,transfer_2,9012,blur,self,125,amman:4,amman:25,15.679997,36.1773
amman_query_1Tf2dWuS4el8fREHH1_k0w,transfer_3,9012,blur,self,230,nairobi:3,amman:25,15.679997,36.1773
boston_query_-N2T2kBE4uG56LTsyCQPJg,isotropic,1234,blur,self,485,amman:23,boston:19,15.679998,36.1773
boston_query_-N2T2kBE4uG56LTsyCQPJg,white_box,1234,blur,self,480,manila:46,boston:19,15.679998,36.1773
boston_query_-N2T2kBE4uG56LTsyCQPJg,transfer_1,1234,blur,self,264,amman:23,boston:19,15.679998,36.1773
boston_query_-N2T2kBE4uG56LTsyCQPJg,transfer_2,1234,blur,self,180,amman:23,boston:19,15.680001,36.1773
boston_query_-N2T2kBE4uG56LTsyCQPJg,transfer_3,1234,blur,self,58,amman:18,boston:19,15.680002,36.1773
boston_query_-N2T2kBE4uG56LTsyCQPJg,isotropic,5678,blur,self,519,amman:23,boston:19,15.680002,36.1773
boston_query_-N2T2kBE4uG56LTsyCQPJg,white_box,5678,blur,self,375,boston:234,boston:19,15.679997,36.1773
boston_query_-N2T2kBE4uG56LTsyCQPJg,transfer_1,5678,blur,self,451,zurich:33,boston:19,15.679998,36.1773
boston_query_-N2T2kBE4uG56LTsyCQPJg,transfer_2,5678,blur,self,296,boston:234,boston:19,15.679997,36.1773
boston_query_-N2T2kBE4uG56LTsyCQPJg,transfer_3,5678,blur,self,57,amman:18,boston:19,15.680001,36.1773
boston_query_-N2T2kBE4uG56LTsyCQPJg,isotropic,9012,blur,self,468,amman:23,boston:19,15.679998,36.1773
boston_query_-N2T2kBE4uG56LTsyCQPJg,white_box,9012,blur,self,245,toronto:258,boston:19,15.680001,36.1773
boston_query_-N2T2kBE4uG56LTsyCQPJg,transfer_1,9012,blur,self,314,amman:23,boston:19,15.679998,36.1773
boston_query_-N2T2kBE4uG56LTsyCQPJg,transfer_2,9012,blur,self,223,boston:234,boston:19,15.680000,36.1773
boston_query_-N2T2kBE4uG56LTsyCQPJg,transfer_3,9012,blur,self,78,amman:18,boston:19,15.680000,36.1773
cph_query_-I7HyKa_KIzMp2uMsvqUAg,isotropic,1234,blur,self,6,cph:500,cph:54,15.679997,36.1773
cph_query_-I7HyKa_KIzMp2uMsvqUAg,white_box,1234,blur,self,430,manila:51,cph:54,15.679997,36.1773
cph_query_-I7HyKa_KIzMp2uMsvqUAg,transfer_1,1234,blur,self,7,cph:429,cph:54,15.680000,36.1773
cph_query_-I7HyKa_KIzMp2uMsvqUAg,transfer_2,1234,blur,self,10,cph:500,cph:54,15.679997,36.1773
cph_query_-I7HyKa_KIzMp2uMsvqUAg,transfer_3,1234,blur,self,4,cph:429,cph:54,15.679997,36.1773
cph_query_-I7HyKa_KIzMp2uMsvqUAg,isotropic,5678,blur,self,6,cph:500,cph:54,15.680000,36.1773
cph_query_-I7HyKa_KIzMp2uMsvqUAg,white_box,5678,blur,self,232,manila:190,cph:54,15.680001,36.1773
cph_query_-I7HyKa_KIzMp2uMsvqUAg,transfer_1,5678,blur,self,6,cph:500,cph:54,15.680000,36.1773
cph_query_-I7HyKa_KIzMp2uMsvqUAg,transfer_2,5678,blur,self,7,cph:356,cph:54,15.679998,36.1773
cph_query_-I7HyKa_KIzMp2uMsvqUAg,transfer_3,5678,blur,self,5,cph:429,cph:54,15.679997,36.1773
cph_query_-I7HyKa_KIzMp2uMsvqUAg,isotropic,9012,blur,self,5,cph:500,cph:54,15.679998,36.1773
cph_query_-I7HyKa_KIzMp2uMsvqUAg,white_box,9012,blur,self,368,manila:51,cph:54,15.679998,36.1773
cph_query_-I7HyKa_KIzMp2uMsvqUAg,transfer_1,9012,blur,self,9,cph:500,cph:54,15.679998,36.1773
cph_query_-I7HyKa_KIzMp2uMsvqUAg,transfer_2,9012,blur,self,5,cph:500,cph:54,15.679998,36.1773
cph_query_-I7HyKa_KIzMp2uMsvqUAg,transfer_3,9012,blur,self,11,cph:429,cph:54,15.680000,36.1773
london_query_-kd8SHN5N5wLOpzEu10rfQ,isotropic,1234,blur,self,31,cph:333,london:36,15.679997,36.1773
london_query_-kd8SHN5N5wLOpzEu10rfQ,white_box,1234,blur,self,109,amman:6,london:36,15.680000,36.1773
london_query_-kd8SHN5N5wLOpzEu10rfQ,transfer_1,1234,blur,self,13,cph:94,london:36,15.679998,36.1773
london_query_-kd8SHN5N5wLOpzEu10rfQ,transfer_2,1234,blur,self,10,cph:500,london:36,15.679997,36.1773
london_query_-kd8SHN5N5wLOpzEu10rfQ,transfer_3,1234,blur,self,37,cph:464,london:36,15.679997,36.1773
london_query_-kd8SHN5N5wLOpzEu10rfQ,isotropic,5678,blur,self,29,cph:333,london:36,15.680000,36.1773
london_query_-kd8SHN5N5wLOpzEu10rfQ,white_box,5678,blur,self,751,amman:26,london:36,15.679997,36.1773
london_query_-kd8SHN5N5wLOpzEu10rfQ,transfer_1,5678,blur,self,13,cph:94,london:36,15.680000,36.1773
london_query_-kd8SHN5N5wLOpzEu10rfQ,transfer_2,5678,blur,self,21,cph:96,london:36,15.680000,36.1773
london_query_-kd8SHN5N5wLOpzEu10rfQ,transfer_3,5678,blur,self,42,cph:459,london:36,15.680000,36.1773
london_query_-kd8SHN5N5wLOpzEu10rfQ,isotropic,9012,blur,self,32,cph:333,london:36,15.680000,36.1773
london_query_-kd8SHN5N5wLOpzEu10rfQ,white_box,9012,blur,self,2,manila:67,london:36,15.679997,36.1773
london_query_-kd8SHN5N5wLOpzEu10rfQ,transfer_1,9012,blur,self,32,cph:459,london:36,15.679997,36.1773
london_query_-kd8SHN5N5wLOpzEu10rfQ,transfer_2,9012,blur,self,15,cph:94,london:36,15.679997,36.1773
london_query_-kd8SHN5N5wLOpzEu10rfQ,transfer_3,9012,blur,self,17,cph:94,london:36,15.679997,36.1773
manila_query_-PR9Q6-AlT31oRE_Ep_fnQ,isotropic,1234,blur,self,536,manila:119,manila:135,15.679997,36.1773
manila_query_-PR9Q6-AlT31oRE_Ep_fnQ,white_box,1234,blur,self,156,london:34,manila:135,15.680002,36.1773
manila_query_-PR9Q6-AlT31oRE_Ep_fnQ,transfer_1,1234,blur,self,147,toronto:130,manila:135,15.680000,36.1773
manila_query_-PR9Q6-AlT31oRE_Ep_fnQ,transfer_2,1234,blur,self,408,amman:1,manila:135,15.679998,36.1773
manila_query_-PR9Q6-AlT31oRE_Ep_fnQ,transfer_3,1234,blur,self,142,boston:98,manila:135,15.679998,36.1773
manila_query_-PR9Q6-AlT31oRE_Ep_fnQ,isotropic,5678,blur,self,604,toronto:130,manila:135,15.680000,36.1773
manila_query_-PR9Q6-AlT31oRE_Ep_fnQ,white_box,5678,blur,self,144,manila:106,manila:135,15.679997,36.1773
manila_query_-PR9Q6-AlT31oRE_Ep_fnQ,transfer_1,5678,blur,self,148,boston:234,manila:135,15.680000,36.1773
manila_query_-PR9Q6-AlT31oRE_Ep_fnQ,transfer_2,5678,blur,self,172,amman:1,manila:135,15.680000,36.1773
manila_query_-PR9Q6-AlT31oRE_Ep_fnQ,transfer_3,5678,blur,self,168,manila:181,manila:135,15.680001,36.1773
manila_query_-PR9Q6-AlT31oRE_Ep_fnQ,isotropic,9012,blur,self,494,toronto:130,manila:135,15.679998,36.1773
manila_query_-PR9Q6-AlT31oRE_Ep_fnQ,white_box,9012,blur,self,108,boston:123,manila:135,15.680000,36.1773
manila_query_-PR9Q6-AlT31oRE_Ep_fnQ,transfer_1,9012,blur,self,126,boston:234,manila:135,15.679997,36.1773
manila_query_-PR9Q6-AlT31oRE_Ep_fnQ,transfer_2,9012,blur,self,314,boston:234,manila:135,15.679997,36.1773
manila_query_-PR9Q6-AlT31oRE_Ep_fnQ,transfer_3,9012,blur,self,169,amman:0,manila:135,15.680000,36.1773
nairobi_query_2QtumRO8ayl5p_Jb-rhTZQ,isotropic,1234,blur,self,3,nairobi:21,nairobi:22,15.679998,36.1773
nairobi_query_2QtumRO8ayl5p_Jb-rhTZQ,white_box,1234,blur,self,554,london:125,nairobi:22,15.680000,36.1773
nairobi_query_2QtumRO8ayl5p_Jb-rhTZQ,transfer_1,1234,blur,self,1,nairobi:22,nairobi:22,15.680000,36.1773
nairobi_query_2QtumRO8ayl5p_Jb-rhTZQ,transfer_2,1234,blur,self,1,nairobi:22,nairobi:22,15.679997,36.1773
nairobi_query_2QtumRO8ayl5p_Jb-rhTZQ,transfer_3,1234,blur,self,1,nairobi:22,nairobi:22,15.679998,36.1773
nairobi_query_2QtumRO8ayl5p_Jb-rhTZQ,isotropic,5678,blur,self,3,london:78,nairobi:22,15.680000,36.1773
nairobi_query_2QtumRO8ayl5p_Jb-rhTZQ,white_box,5678,blur,self,468,london:125,nairobi:22,15.680001,36.1773
nairobi_query_2QtumRO8ayl5p_Jb-rhTZQ,transfer_1,5678,blur,self,2,nairobi:21,nairobi:22,15.680000,36.1773
nairobi_query_2QtumRO8ayl5p_Jb-rhTZQ,transfer_2,5678,blur,self,1,nairobi:22,nairobi:22,15.680001,36.1773
nairobi_query_2QtumRO8ayl5p_Jb-rhTZQ,transfer_3,5678,blur,self,2,boston:191,nairobi:22,15.680000,36.1773
nairobi_query_2QtumRO8ayl5p_Jb-rhTZQ,isotropic,9012,blur,self,6,nairobi:21,nairobi:22,15.680000,36.1773
nairobi_query_2QtumRO8ayl5p_Jb-rhTZQ,white_box,9012,blur,self,528,london:125,nairobi:22,15.680000,36.1773
nairobi_query_2QtumRO8ayl5p_Jb-rhTZQ,transfer_1,9012,blur,self,3,nairobi:21,nairobi:22,15.680000,36.1773
nairobi_query_2QtumRO8ayl5p_Jb-rhTZQ,transfer_2,9012,blur,self,1,nairobi:22,nairobi:22,15.679998,36.1773
nairobi_query_2QtumRO8ayl5p_Jb-rhTZQ,transfer_3,9012,blur,self,1,nairobi:22,nairobi:22,15.680000,36.1773
toronto_query_-Dr7KE__egl6kS-yslctCg,isotropic,1234,blur,self,45,toronto:426,toronto:196,15.679997,36.1773
toronto_query_-Dr7KE__egl6kS-yslctCg,white_box,1234,blur,self,11,manila:51,toronto:196,15.679997,36.1773
toronto_query_-Dr7KE__egl6kS-yslctCg,transfer_1,1234,blur,self,48,toronto:426,toronto:196,15.680001,36.1773
toronto_query_-Dr7KE__egl6kS-yslctCg,transfer_2,1234,blur,self,16,toronto:426,toronto:196,15.680000,36.1773
toronto_query_-Dr7KE__egl6kS-yslctCg,transfer_3,1234,blur,self,14,toronto:426,toronto:196,15.679997,36.1773
toronto_query_-Dr7KE__egl6kS-yslctCg,isotropic,5678,blur,self,58,toronto:426,toronto:196,15.679997,36.1773
toronto_query_-Dr7KE__egl6kS-yslctCg,white_box,5678,blur,self,33,manila:51,toronto:196,15.679998,36.1773
toronto_query_-Dr7KE__egl6kS-yslctCg,transfer_1,5678,blur,self,71,toronto:426,toronto:196,15.679997,36.1773
toronto_query_-Dr7KE__egl6kS-yslctCg,transfer_2,5678,blur,self,12,toronto:426,toronto:196,15.679997,36.1773
toronto_query_-Dr7KE__egl6kS-yslctCg,transfer_3,5678,blur,self,5,toronto:426,toronto:196,15.680000,36.1773
toronto_query_-Dr7KE__egl6kS-yslctCg,isotropic,9012,blur,self,56,toronto:426,toronto:196,15.679997,36.1773
toronto_query_-Dr7KE__egl6kS-yslctCg,white_box,9012,blur,self,9,manila:51,toronto:196,15.679997,36.1773
toronto_query_-Dr7KE__egl6kS-yslctCg,transfer_1,9012,blur,self,60,toronto:426,toronto:196,15.680000,36.1773
toronto_query_-Dr7KE__egl6kS-yslctCg,transfer_2,9012,blur,self,12,toronto:426,toronto:196,15.680000,36.1773
toronto_query_-Dr7KE__egl6kS-yslctCg,transfer_3,9012,blur,self,6,toronto:426,toronto:196,15.680000,36.1773
zurich_query_08U3p7js9TCivpCfLs0ZIw,isotropic,1234,blur,self,111,manila:33,zurich:5,15.680001,36.1773
zurich_query_08U3p7js9TCivpCfLs0ZIw,white_box,1234,blur,self,160,london:34,zurich:5,15.680000,36.1773
zurich_query_08U3p7js9TCivpCfLs0ZIw,transfer_1,1234,blur,self,231,manila:33,zurich:5,15.679997,36.1773
zurich_query_08U3p7js9TCivpCfLs0ZIw,transfer_2,1234,blur,self,171,manila:33,zurich:5,15.679997,36.1773
zurich_query_08U3p7js9TCivpCfLs0ZIw,transfer_3,1234,blur,self,229,amman:11,zurich:5,15.679998,36.1773
zurich_query_08U3p7js9TCivpCfLs0ZIw,isotropic,5678,blur,self,121,manila:33,zurich:5,15.680002,36.1773
zurich_query_08U3p7js9TCivpCfLs0ZIw,white_box,5678,blur,self,336,manila:190,zurich:5,15.680001,36.1773
zurich_query_08U3p7js9TCivpCfLs0ZIw,transfer_1,5678,blur,self,183,manila:33,zurich:5,15.679998,36.1773
zurich_query_08U3p7js9TCivpCfLs0ZIw,transfer_2,5678,blur,self,101,amman:13,zurich:5,15.679996,36.1773
zurich_query_08U3p7js9TCivpCfLs0ZIw,transfer_3,5678,blur,self,182,toronto:200,zurich:5,15.680000,36.1773
zurich_query_08U3p7js9TCivpCfLs0ZIw,isotropic,9012,blur,self,99,manila:33,zurich:5,15.680000,36.1773
zurich_query_08U3p7js9TCivpCfLs0ZIw,white_box,9012,blur,self,198,london:34,zurich:5,15.679997,36.1773
zurich_query_08U3p7js9TCivpCfLs0ZIw,transfer_1,9012,blur,self,121,manila:33,zurich:5,15.680000,36.1773
zurich_query_08U3p7js9TCivpCfLs0ZIw,transfer_2,9012,blur,self,193,nairobi:10,zurich:5,15.679997,36.1773
zurich_query_08U3p7js9TCivpCfLs0ZIw,transfer_3,9012,blur,self,97,manila:13,zurich:5,15.680000,36.1773
amman_query_1TysYQA0N2AnJ5lzQWP07w,isotropic,1234,blur,self,2,amman:21,amman:12,15.679997,36.1773
amman_query_1TysYQA0N2AnJ5lzQWP07w,white_box,1234,blur,self,22,london:125,amman:12,15.679997,36.1773
amman_query_1TysYQA0N2AnJ5lzQWP07w,transfer_1,1234,blur,self,3,amman:26,amman:12,15.679997,36.1773
amman_query_1TysYQA0N2AnJ5lzQWP07w,transfer_2,1234,blur,self,2,amman:21,amman:12,15.680001,36.1773
amman_query_1TysYQA0N2AnJ5lzQWP07w,transfer_3,1234,blur,self,9,boston:123,amman:12,15.680000,36.1773
amman_query_1TysYQA0N2AnJ5lzQWP07w,isotropic,5678,blur,self,2,amman:21,amman:12,15.679997,36.1773
amman_query_1TysYQA0N2AnJ5lzQWP07w,white_box,5678,blur,self,71,london:125,amman:12,15.679997,36.1773
amman_query_1TysYQA0N2AnJ5lzQWP07w,transfer_1,5678,blur,self,3,amman:26,amman:12,15.680000,36.1773
amman_query_1TysYQA0N2AnJ5lzQWP07w,transfer_2,5678,blur,self,1,amman:12,amman:12,15.679997,36.1773
amman_query_1TysYQA0N2AnJ5lzQWP07w,transfer_3,5678,blur,self,1,amman:12,amman:12,15.680000,36.1773
amman_query_1TysYQA0N2AnJ5lzQWP07w,isotropic,9012,blur,self,2,amman:21,amman:12,15.679998,36.1773
amman_query_1TysYQA0N2AnJ5lzQWP07w,white_box,9012,blur,self,79,manila:29,amman:12,15.680000,36.1773
amman_query_1TysYQA0N2AnJ5lzQWP07w,transfer_1,9012,blur,self,2,amman:26,amman:12,15.680000,36.1773
amman_query_1TysYQA0N2AnJ5lzQWP07w,transfer_2,9012,blur,self,2,amman:26,amman:12,15.679997,36.1773
amman_query_1TysYQA0N2AnJ5lzQWP07w,transfer_3,9012,blur,self,1,amman:12,amman:12,15.680000,36.1773
boston_query_-NRCmKPnLW6ukq5fovMufw,isotropic,1234,blur,self,179,boston:156,boston:112,15.679997,36.1773
boston_query_-NRCmKPnLW6ukq5fovMufw,white_box,1234,blur,self,749,manila:190,boston:112,15.680000,36.1773
boston_query_-NRCmKPnLW6ukq5fovMufw,transfer_1,1234,blur,self,91,boston:156,boston:112,15.679997,36.1773
boston_query_-NRCmKPnLW6ukq5fovMufw,transfer_2,1234,blur,self,155,manila:183,boston:112,15.679997,36.1773
boston_query_-NRCmKPnLW6ukq5fovMufw,transfer_3,1234,blur,self,550,manila:102,boston:112,15.680000,36.1773
boston_query_-NRCmKPnLW6ukq5fovMufw,isotropic,5678,blur,self,203,boston:156,boston:112,15.680000,36.1773
boston_query_-NRCmKPnLW6ukq5fovMufw,white_box,5678,blur,self,512,cph:345,boston:112,15.679998,36.1773
boston_query_-NRCmKPnLW6ukq5fovMufw,transfer_1,5678,blur,self,74,boston:156,boston:112,15.680000,36.1773
boston_query_-NRCmKPnLW6ukq5fovMufw,transfer_2,5678,blur,self,78,toronto:88,boston:112,15.680001,36.1773
boston_query_-NRCmKPnLW6ukq5fovMufw,transfer_3,5678,blur,self,106,manila:183,boston:112,15.680001,36.1773
boston_query_-NRCmKPnLW6ukq5fovMufw,isotropic,9012,blur,self,172,london:100,boston:112,15.679997,36.1773
boston_query_-NRCmKPnLW6ukq5fovMufw,white_box,9012,blur,self,659,boston:168,boston:112,15.680001,36.1773
boston_query_-NRCmKPnLW6ukq5fovMufw,transfer_1,9012,blur,self,99,toronto:200,boston:112,15.680002,36.1773
boston_query_-NRCmKPnLW6ukq5fovMufw,transfer_2,9012,blur,self,162,boston:156,boston:112,15.679997,36.1773
boston_query_-NRCmKPnLW6ukq5fovMufw,transfer_3,9012,blur,self,106,boston:156,boston:112,15.679997,36.1773
cph_query_-I8EyCiw4PS74_uGuMqUYQ,isotropic,1234,blur,self,2,manila:59,cph:332,15.680000,36.1773
cph_query_-I8EyCiw4PS74_uGuMqUYQ,white_box,1234,blur,self,297,manila:51,cph:332,15.679997,36.1773
cph_query_-I8EyCiw4PS74_uGuMqUYQ,transfer_1,1234,blur,self,11,manila:59,cph:332,15.680000,36.1773
cph_query_-I8EyCiw4PS74_uGuMqUYQ,transfer_2,1234,blur,self,6,toronto:197,cph:332,15.680000,36.1773
cph_query_-I8EyCiw4PS74_uGuMqUYQ,transfer_3,1234,blur,self,25,manila:54,cph:332,15.679997,36.1773
cph_query_-I8EyCiw4PS74_uGuMqUYQ,isotropic,5678,blur,self,2,manila:59,cph:332,15.680000,36.1773
cph_query_-I8EyCiw4PS74_uGuMqUYQ,white_box,5678,blur,self,196,manila:51,cph:332,15.679997,36.1773
cph_query_-I8EyCiw4PS74_uGuMqUYQ,transfer_1,5678,blur,self,11,manila:59,cph:332,15.679998,36.1773
cph_query_-I8EyCiw4PS74_uGuMqUYQ,transfer_2,5678,blur,self,28,toronto:197,cph:332,15.680000,36.1773
cph_query_-I8EyCiw4PS74_uGuMqUYQ,transfer_3,5678,blur,self,12,manila:54,cph:332,15.680000,36.1773
cph_query_-I8EyCiw4PS74_uGuMqUYQ,isotropic,9012,blur,self,2,manila:59,cph:332,15.679997,36.1773
cph_query_-I8EyCiw4PS74_uGuMqUYQ,white_box,9012,blur,self,238,manila:51,cph:332,15.679997,36.1773
cph_query_-I8EyCiw4PS74_uGuMqUYQ,transfer_1,9012,blur,self,4,manila:59,cph:332,15.680000,36.1773
cph_query_-I8EyCiw4PS74_uGuMqUYQ,transfer_2,9012,blur,self,14,manila:59,cph:332,15.680000,36.1773
cph_query_-I8EyCiw4PS74_uGuMqUYQ,transfer_3,9012,blur,self,21,manila:54,cph:332,15.679997,36.1773
london_query_-qvarKx0xtSTs0tnxDE0oQ,isotropic,1234,blur,self,10,boston:79,london:18,15.680000,36.1773
london_query_-qvarKx0xtSTs0tnxDE0oQ,white_box,1234,blur,self,64,boston:249,london:18,15.679997,36.1773
london_query_-qvarKx0xtSTs0tnxDE0oQ,transfer_1,1234,blur,self,116,manila:106,london:18,15.679998,36.1773
london_query_-qvarKx0xtSTs0tnxDE0oQ,transfer_2,1234,blur,self,93,boston:79,london:18,15.680000,36.1773
london_query_-qvarKx0xtSTs0tnxDE0oQ,transfer_3,1234,blur,self,128,boston:79,london:18,15.679997,36.1773
london_query_-qvarKx0xtSTs0tnxDE0oQ,isotropic,5678,blur,self,12,boston:79,london:18,15.680000,36.1773
london_query_-qvarKx0xtSTs0tnxDE0oQ,white_box,5678,blur,self,208,boston:249,london:18,15.679998,36.1773
london_query_-qvarKx0xtSTs0tnxDE0oQ,transfer_1,5678,blur,self,71,boston:79,london:18,15.680000,36.1773
london_query_-qvarKx0xtSTs0tnxDE0oQ,transfer_2,5678,blur,self,26,boston:249,london:18,15.679997,36.1773
london_query_-qvarKx0xtSTs0tnxDE0oQ,transfer_3,5678,blur,self,154,boston:79,london:18,15.680002,36.1773
london_query_-qvarKx0xtSTs0tnxDE0oQ,isotropic,9012,blur,self,15,boston:79,london:18,15.679997,36.1773
london_query_-qvarKx0xtSTs0tnxDE0oQ,white_box,9012,blur,self,462,london:8,london:18,15.680000,36.1773
london_query_-qvarKx0xtSTs0tnxDE0oQ,transfer_1,9012,blur,self,87,boston:79,london:18,15.680001,36.1773
london_query_-qvarKx0xtSTs0tnxDE0oQ,transfer_2,9012,blur,self,126,boston:79,london:18,15.680001,36.1773
london_query_-qvarKx0xtSTs0tnxDE0oQ,transfer_3,9012,blur,self,349,boston:79,london:18,15.680001,36.1773
manila_query_-Qc1bZWefrpkNPZ60zZS5Q,isotropic,1234,blur,self,5,nairobi:10,manila:23,15.680000,36.1773
manila_query_-Qc1bZWefrpkNPZ60zZS5Q,white_box,1234,blur,self,54,manila:190,manila:23,15.679998,36.1773
manila_query_-Qc1bZWefrpkNPZ60zZS5Q,transfer_1,1234,blur,self,5,nairobi:10,manila:23,15.679997,36.1773
manila_query_-Qc1bZWefrpkNPZ60zZS5Q,transfer_2,1234,blur,self,4,nairobi:10,manila:23,15.679997,36.1773
manila_query_-Qc1bZWefrpkNPZ60zZS5Q,transfer_3,1234,blur,self,7,nairobi:10,manila:23,15.680001,36.1773
manila_query_-Qc1bZWefrpkNPZ60zZS5Q,isotropic,5678,blur,self,6,nairobi:10,manila:23,15.679996,36.1773
manila_query_-Qc1bZWefrpkNPZ60zZS5Q,white_box,5678,blur,self,11,manila:190,manila:23,15.679997,36.1773
manila_query_-Qc1bZWefrpkNPZ60zZS5Q,transfer_1,5678,blur,self,5,nairobi:10,manila:23,15.680000,36.1773
manila_query_-Qc1bZWefrpkNPZ60zZS5Q,transfer_2,5678,blur,self,5,nairobi:10,manila:23,15.680000,36.1773
manila_query_-Qc1bZWefrpkNPZ60zZS5Q,transfer_3,5678,blur,self,6,nairobi:10,manila:23,15.679996,36.1773
manila_query_-Qc1bZWefrpkNPZ60zZS5Q,isotropic,9012,blur,self,5,nairobi:10,manila:23,15.680002,36.1773
manila_query_-Qc1bZWefrpkNPZ60zZS5Q,white_box,9012,blur,self,155,london:34,manila:23,15.679998,36.1773
manila_query_-Qc1bZWefrpkNPZ60zZS5Q,transfer_1,9012,blur,self,4,nairobi:10,manila:23,15.679998,36.1773
manila_query_-Qc1bZWefrpkNPZ60zZS5Q,transfer_2,9012,blur,self,6,nairobi:10,manila:23,15.680000,36.1773
manila_query_-Qc1bZWefrpkNPZ60zZS5Q,transfer_3,9012,blur,self,13,toronto:103,manila:23,15.679997,36.1773
nairobi_query_2RQpcoZ0MfOmswdfhpjw4g,isotropic,1234,blur,self,87,zurich:46,nairobi:7,15.680000,36.1773
nairobi_query_2RQpcoZ0MfOmswdfhpjw4g,white_box,1234,blur,self,556,london:28,nairobi:7,15.679997,36.1773
nairobi_query_2RQpcoZ0MfOmswdfhpjw4g,transfer_1,1234,blur,self,30,london:85,nairobi:7,15.680000,36.1773
nairobi_query_2RQpcoZ0MfOmswdfhpjw4g,transfer_2,1234,blur,self,43,zurich:46,nairobi:7,15.679997,36.1773
nairobi_query_2RQpcoZ0MfOmswdfhpjw4g,transfer_3,1234,blur,self,43,london:85,nairobi:7,15.679997,36.1773
nairobi_query_2RQpcoZ0MfOmswdfhpjw4g,isotropic,5678,blur,self,78,zurich:46,nairobi:7,15.679995,36.1773
nairobi_query_2RQpcoZ0MfOmswdfhpjw4g,white_box,5678,blur,self,715,manila:92,nairobi:7,15.679997,36.1773
nairobi_query_2RQpcoZ0MfOmswdfhpjw4g,transfer_1,5678,blur,self,40,zurich:46,nairobi:7,15.679997,36.1773
nairobi_query_2RQpcoZ0MfOmswdfhpjw4g,transfer_2,5678,blur,self,74,zurich:46,nairobi:7,15.680000,36.1773
nairobi_query_2RQpcoZ0MfOmswdfhpjw4g,transfer_3,5678,blur,self,183,cph:241,nairobi:7,15.679998,36.1773
nairobi_query_2RQpcoZ0MfOmswdfhpjw4g,isotropic,9012,blur,self,101,zurich:46,nairobi:7,15.680000,36.1773
nairobi_query_2RQpcoZ0MfOmswdfhpjw4g,white_box,9012,blur,self,271,london:111,nairobi:7,15.679997,36.1773
nairobi_query_2RQpcoZ0MfOmswdfhpjw4g,transfer_1,9012,blur,self,121,zurich:46,nairobi:7,15.679997,36.1773
nairobi_query_2RQpcoZ0MfOmswdfhpjw4g,transfer_2,9012,blur,self,27,london:85,nairobi:7,15.680000,36.1773
nairobi_query_2RQpcoZ0MfOmswdfhpjw4g,transfer_3,9012,blur,self,122,london:85,nairobi:7,15.680000,36.1773
toronto_query_-EilBTWhr8vjdDW-B7MU8A,isotropic,1234,blur,self,675,manila:33,toronto:27,15.679997,36.1773
toronto_query_-EilBTWhr8vjdDW-B7MU8A,white_box,1234,blur,self,1616,zurich:14,toronto:27,15.680000,36.1773
toronto_query_-EilBTWhr8vjdDW-B7MU8A,transfer_1,1234,blur,self,774,toronto:171,toronto:27,15.679998,36.1773
toronto_query_-EilBTWhr8vjdDW-B7MU8A,transfer_2,1234,blur,self,725,toronto:171,toronto:27,15.679998,36.1773
toronto_query_-EilBTWhr8vjdDW-B7MU8A,transfer_3,1234,blur,self,781,toronto:218,toronto:27,15.680001,36.1773
toronto_query_-EilBTWhr8vjdDW-B7MU8A,isotropic,5678,blur,self,585,toronto:171,toronto:27,15.679996,36.1773
toronto_query_-EilBTWhr8vjdDW-B7MU8A,white_box,5678,blur,self,1810,manila:173,toronto:27,15.679997,36.1773
toronto_query_-EilBTWhr8vjdDW-B7MU8A,transfer_1,5678,blur,self,596,toronto:88,toronto:27,15.679997,36.1773
toronto_query_-EilBTWhr8vjdDW-B7MU8A,transfer_2,5678,blur,self,973,toronto:171,toronto:27,15.680000,36.1773
toronto_query_-EilBTWhr8vjdDW-B7MU8A,transfer_3,5678,blur,self,858,manila:33,toronto:27,15.680000,36.1773
toronto_query_-EilBTWhr8vjdDW-B7MU8A,isotropic,9012,blur,self,659,zurich:14,toronto:27,15.679996,36.1773
toronto_query_-EilBTWhr8vjdDW-B7MU8A,white_box,9012,blur,self,1454,manila:202,toronto:27,15.680000,36.1773
toronto_query_-EilBTWhr8vjdDW-B7MU8A,transfer_1,9012,blur,self,581,toronto:88,toronto:27,15.680000,36.1773
toronto_query_-EilBTWhr8vjdDW-B7MU8A,transfer_2,9012,blur,self,749,toronto:171,toronto:27,15.679998,36.1773
toronto_query_-EilBTWhr8vjdDW-B7MU8A,transfer_3,9012,blur,self,752,manila:33,toronto:27,15.680001,36.1773
zurich_query_0AlvsX9XlPHoz4joTTL7hQ,isotropic,1234,blur,self,44,manila:119,zurich:8,15.679998,36.1773
zurich_query_0AlvsX9XlPHoz4joTTL7hQ,white_box,1234,blur,self,177,cph:245,zurich:8,15.679998,36.1773
zurich_query_0AlvsX9XlPHoz4joTTL7hQ,transfer_1,1234,blur,self,27,boston:123,zurich:8,15.679998,36.1773
zurich_query_0AlvsX9XlPHoz4joTTL7hQ,transfer_2,1234,blur,self,112,cph:345,zurich:8,15.680000,36.1773
zurich_query_0AlvsX9XlPHoz4joTTL7hQ,transfer_3,1234,blur,self,63,manila:181,zurich:8,15.680000,36.1773
zurich_query_0AlvsX9XlPHoz4joTTL7hQ,isotropic,5678,blur,self,62,manila:119,zurich:8,15.680000,36.1773
zurich_query_0AlvsX9XlPHoz4joTTL7hQ,white_box,5678,blur,self,524,manila:92,zurich:8,15.680000,36.1773
zurich_query_0AlvsX9XlPHoz4joTTL7hQ,transfer_1,5678,blur,self,60,boston:79,zurich:8,15.680000,36.1773
zurich_query_0AlvsX9XlPHoz4joTTL7hQ,transfer_2,5678,blur,self,96,boston:123,zurich:8,15.679998,36.1773
zurich_query_0AlvsX9XlPHoz4joTTL7hQ,transfer_3,5678,blur,self,42,manila:181,zurich:8,15.679998,36.1773
zurich_query_0AlvsX9XlPHoz4joTTL7hQ,isotropic,9012,blur,self,45,manila:119,zurich:8,15.679998,36.1773
zurich_query_0AlvsX9XlPHoz4joTTL7hQ,white_box,9012,blur,self,1082,manila:92,zurich:8,15.680000,36.1773
zurich_query_0AlvsX9XlPHoz4joTTL7hQ,transfer_1,9012,blur,self,53,manila:181,zurich:8,15.679997,36.1773
zurich_query_0AlvsX9XlPHoz4joTTL7hQ,transfer_2,9012,blur,self,34,manila:181,zurich:8,15.680001,36.1773
zurich_query_0AlvsX9XlPHoz4joTTL7hQ,transfer_3,9012,blur,self,111,boston:123,zurich:8,15.680000,36.1773
amman_query_1VTBGOTuAwvnyE1o4Pbm0Q,isotropic,1234,blur,self,10,amman:6,amman:23,15.679997,36.1773
amman_query_1VTBGOTuAwvnyE1o4Pbm0Q,white_box,1234,blur,self,454,manila:29,amman:23,15.680000,36.1773
amman_query_1VTBGOTuAwvnyE1o4Pbm0Q,transfer_1,1234,blur,self,19,amman:6,amman:23,15.680000,36.1773
amman_query_1VTBGOTuAwvnyE1o4Pbm0Q,transfer_2,1234,blur,self,13,amman:6,amman:23,15.680001,36.1773
amman_query_1VTBGOTuAwvnyE1o4Pbm0Q,transfer_3,1234,blur,self,17,amman:6,amman:23,15.679998,36.1773
amman_query_1VTBGOTuAwvnyE1o4Pbm0Q,isotropic,5678,blur,self,9,amman:6,amman:23,15.679997,36.1773
amman_query_1VTBGOTuAwvnyE1o4Pbm0Q,white_box,5678,blur,self,215,cph:245,amman:23,15.680000,36.1773
amman_query_1VTBGOTuAwvnyE1o4Pbm0Q,transfer_1,5678,blur,self,21,amman:6,amman:23,15.680001,36.1773
amman_query_1VTBGOTuAwvnyE1o4Pbm0Q,transfer_2,5678,blur,self,22,amman:6,amman:23,15.680000,36.1773
amman_query_1VTBGOTuAwvnyE1o4Pbm0Q,transfer_3,5678,blur,self,19,amman:6,amman:23,15.679997,36.1773
amman_query_1VTBGOTuAwvnyE1o4Pbm0Q,isotropic,9012,blur,self,10,amman:6,amman:23,15.680001,36.1773
amman_query_1VTBGOTuAwvnyE1o4Pbm0Q,white_box,9012,blur,self,431,manila:106,amman:23,15.679998,36.1773
amman_query_1VTBGOTuAwvnyE1o4Pbm0Q,transfer_1,9012,blur,self,18,amman:6,amman:23,15.679997,36.1773
amman_query_1VTBGOTuAwvnyE1o4Pbm0Q,transfer_2,9012,blur,self,33,amman:4,amman:23,15.680000,36.1773
amman_query_1VTBGOTuAwvnyE1o4Pbm0Q,transfer_3,9012,blur,self,16,amman:6,amman:23,15.679997,36.1773
boston_query_-NSEL0mtEJlIM-oR5yFnFg,isotropic,1234,blur,self,4,boston:47,boston:139,15.680000,36.1773
boston_query_-NSEL0mtEJlIM-oR5yFnFg,white_box,1234,blur,self,190,boston:123,boston:139,15.680000,36.1773
boston_query_-NSEL0mtEJlIM-oR5yFnFg,transfer_1,1234,blur,self,4,boston:47,boston:139,15.680001,36.1773
boston_query_-NSEL0mtEJlIM-oR5yFnFg,transfer_2,1234,blur,self,9,boston:47,boston:139,15.679997,36.1773
boston_query_-NSEL0mtEJlIM-oR5yFnFg,transfer_3,1234,blur,self,2,boston:47,boston:139,15.679998,36.1773
boston_query_-NSEL0mtEJlIM-oR5yFnFg,isotropic,5678,blur,self,4,boston:47,boston:139,15.680000,36.1773
boston_query_-NSEL0mtEJlIM-oR5yFnFg,white_box,5678,blur,self,104,manila:190,boston:139,15.679998,36.1773
boston_query_-NSEL0mtEJlIM-oR5yFnFg,transfer_1,5678,blur,self,4,boston:47,boston:139,15.680000,36.1773
boston_query_-NSEL0mtEJlIM-oR5yFnFg,transfer_2,5678,blur,self,3,boston:47,boston:139,15.680000,36.1773
boston_query_-NSEL0mtEJlIM-oR5yFnFg,transfer_3,5678,blur,self,2,boston:47,boston:139,15.680000,36.1773
boston_query_-NSEL0mtEJlIM-oR5yFnFg,isotropic,9012,blur,self,4,boston:47,boston:139,15.679997,36.1773
boston_query_-NSEL0mtEJlIM-oR5yFnFg,white_box,9012,blur,self,448,nairobi:20,boston:139,15.680000,36.1773
boston_query_-NSEL0mtEJlIM-oR5yFnFg,transfer_1,9012,blur,self,4,boston:47,boston:139,15.679998,36.1773
boston_query_-NSEL0mtEJlIM-oR5yFnFg,transfer_2,9012,blur,self,6,boston:47,boston:139,15.680001,36.1773
boston_query_-NSEL0mtEJlIM-oR5yFnFg,transfer_3,9012,blur,self,3,boston:47,boston:139,15.679997,36.1773
cph_query_-IKk5Ns9ayTUN3tqBrl3Ow,isotropic,1234,blur,self,24,cph:459,cph:61,15.680000,36.1773
cph_query_-IKk5Ns9ayTUN3tqBrl3Ow,white_box,1234,blur,self,521,zurich:38,cph:61,15.680000,36.1773
cph_query_-IKk5Ns9ayTUN3tqBrl3Ow,transfer_1,1234,blur,self,152,cph:33,cph:61,15.679998,36.1773
cph_query_-IKk5Ns9ayTUN3tqBrl3Ow,transfer_2,1234,blur,self,142,boston:123,cph:61,15.679997,36.1773
cph_query_-IKk5Ns9ayTUN3tqBrl3Ow,transfer_3,1234,blur,self,565,amman:31,cph:61,15.680000,36.1773
cph_query_-IKk5Ns9ayTUN3tqBrl3Ow,isotropic,5678,blur,self,23,cph:459,cph:61,15.679997,36.1773
cph_query_-IKk5Ns9ayTUN3tqBrl3Ow,white_box,5678,blur,self,136,manila:106,cph:61,15.679997,36.1773
cph_query_-IKk5Ns9ayTUN3tqBrl3Ow,transfer_1,5678,blur,self,68,cph:33,cph:61,15.679997,36.1773
cph_query_-IKk5Ns9ayTUN3tqBrl3Ow,transfer_2,5678,blur,self,226,boston:123,cph:61,15.679998,36.1773
cph_query_-IKk5Ns9ayTUN3tqBrl3Ow,transfer_3,5678,blur,self,299,cph:345,cph:61,15.679998,36.1773
cph_query_-IKk5Ns9ayTUN3tqBrl3Ow,isotropic,9012,blur,self,25,cph:459,cph:61,15.679997,36.1773
cph_query_-IKk5Ns9ayTUN3tqBrl3Ow,white_box,9012,blur,self,985,boston:123,cph:61,15.679997,36.1773
cph_query_-IKk5Ns9ayTUN3tqBrl3Ow,transfer_1,9012,blur,self,49,zurich:8,cph:61,15.679998,36.1773
cph_query_-IKk5Ns9ayTUN3tqBrl3Ow,transfer_2,9012,blur,self,127,cph:33,cph:61,15.679997,36.1773
cph_query_-IKk5Ns9ayTUN3tqBrl3Ow,transfer_3,9012,blur,self,221,boston:237,cph:61,15.680000,36.1773
london_query_-rtMM_qyd5EBLnADEBIUTA,isotropic,1234,blur,self,1,london:21,london:21,15.680000,36.1773
london_query_-rtMM_qyd5EBLnADEBIUTA,white_box,1234,blur,self,1,london:21,london:21,15.680001,36.1773
london_query_-rtMM_qyd5EBLnADEBIUTA,transfer_1,1234,blur,self,1,london:21,london:21,15.679998,36.1773
london_query_-rtMM_qyd5EBLnADEBIUTA,transfer_2,1234,blur,self,1,london:21,london:21,15.680000,36.1773
london_query_-rtMM_qyd5EBLnADEBIUTA,transfer_3,1234,blur,self,1,london:21,london:21,15.679997,36.1773
london_query_-rtMM_qyd5EBLnADEBIUTA,isotropic,5678,blur,self,1,london:21,london:21,15.680000,36.1773
london_query_-rtMM_qyd5EBLnADEBIUTA,white_box,5678,blur,self,1,london:21,london:21,15.680000,36.1773
london_query_-rtMM_qyd5EBLnADEBIUTA,transfer_1,5678,blur,self,1,london:21,london:21,15.679997,36.1773
london_query_-rtMM_qyd5EBLnADEBIUTA,transfer_2,5678,blur,self,1,london:21,london:21,15.679997,36.1773
london_query_-rtMM_qyd5EBLnADEBIUTA,transfer_3,5678,blur,self,1,london:21,london:21,15.679997,36.1773
london_query_-rtMM_qyd5EBLnADEBIUTA,isotropic,9012,blur,self,1,london:21,london:21,15.680000,36.1773
london_query_-rtMM_qyd5EBLnADEBIUTA,white_box,9012,blur,self,5,manila:102,london:21,15.679998,36.1773
london_query_-rtMM_qyd5EBLnADEBIUTA,transfer_1,9012,blur,self,1,london:21,london:21,15.680000,36.1773
london_query_-rtMM_qyd5EBLnADEBIUTA,transfer_2,9012,blur,self,1,london:21,london:21,15.679997,36.1773
london_query_-rtMM_qyd5EBLnADEBIUTA,transfer_3,9012,blur,self,1,london:21,london:21,15.679997,36.1773
manila_query_-QdSFqylfs0aHx31jOvTVg,isotropic,1234,blur,self,3,toronto:88,manila:183,15.680000,36.1773
manila_query_-QdSFqylfs0aHx31jOvTVg,white_box,1234,blur,self,1,manila:183,manila:183,15.680000,36.1773
manila_query_-QdSFqylfs0aHx31jOvTVg,transfer_1,1234,blur,self,3,toronto:200,manila:183,15.679998,36.1773
manila_query_-QdSFqylfs0aHx31jOvTVg,transfer_2,1234,blur,self,3,toronto:88,manila:183,15.680000,36.1773
manila_query_-QdSFqylfs0aHx31jOvTVg,transfer_3,1234,blur,self,1,manila:183,manila:183,15.680000,36.1773
manila_query_-QdSFqylfs0aHx31jOvTVg,isotropic,5678,blur,self,4,toronto:200,manila:183,15.679998,36.1773
manila_query_-QdSFqylfs0aHx31jOvTVg,white_box,5678,blur,self,1,manila:183,manila:183,15.679997,36.1773
manila_query_-QdSFqylfs0aHx31jOvTVg,transfer_1,5678,blur,self,3,toronto:88,manila:183,15.680001,36.1773
manila_query_-QdSFqylfs0aHx31jOvTVg,transfer_2,5678,blur,self,3,toronto:200,manila:183,15.680000,36.1773
manila_query_-QdSFqylfs0aHx31jOvTVg,transfer_3,5678,blur,self,1,manila:183,manila:183,15.680000,36.1773
manila_query_-QdSFqylfs0aHx31jOvTVg,isotropic,9012,blur,self,4,toronto:200,manila:183,15.679998,36.1773
manila_query_-QdSFqylfs0aHx31jOvTVg,white_box,9012,blur,self,2,london:28,manila:183,15.680000,36.1773
manila_query_-QdSFqylfs0aHx31jOvTVg,transfer_1,9012,blur,self,3,toronto:88,manila:183,15.679998,36.1773
manila_query_-QdSFqylfs0aHx31jOvTVg,transfer_2,9012,blur,self,3,toronto:88,manila:183,15.679997,36.1773
manila_query_-QdSFqylfs0aHx31jOvTVg,transfer_3,9012,blur,self,3,toronto:200,manila:183,15.680000,36.1773
nairobi_query_2Xgp5FmRFbMXgBspWoEFNg,isotropic,1234,blur,self,81,boston:144,nairobi:10,15.680002,36.1773
nairobi_query_2Xgp5FmRFbMXgBspWoEFNg,white_box,1234,blur,self,141,boston:123,nairobi:10,15.679997,36.1773
nairobi_query_2Xgp5FmRFbMXgBspWoEFNg,transfer_1,1234,blur,self,58,nairobi:4,nairobi:10,15.679997,36.1773
nairobi_query_2Xgp5FmRFbMXgBspWoEFNg,transfer_2,1234,blur,self,78,cph:345,nairobi:10,15.680000,36.1773
nairobi_query_2Xgp5FmRFbMXgBspWoEFNg,transfer_3,1234,blur,self,8,nairobi:4,nairobi:10,15.680000,36.1773
nairobi_query_2Xgp5FmRFbMXgBspWoEFNg,isotropic,5678,blur,self,95,nairobi:4,nairobi:10,15.679997,36.1773
nairobi_query_2Xgp5FmRFbMXgBspWoEFNg,white_box,5678,blur,self,103,amman:26,nairobi:10,15.679997,36.1773
nairobi_query_2Xgp5FmRFbMXgBspWoEFNg,transfer_1,5678,blur,self,70,nairobi:4,nairobi:10,15.680000,36.1773
nairobi_query_2Xgp5FmRFbMXgBspWoEFNg,transfer_2,5678,blur,self,155,nairobi:5,nairobi:10,15.679998,36.1773
nairobi_query_2Xgp5FmRFbMXgBspWoEFNg,transfer_3,5678,blur,self,45,nairobi:4,nairobi:10,15.680000,36.1773
nairobi_query_2Xgp5FmRFbMXgBspWoEFNg,isotropic,9012,blur,self,132,boston:144,nairobi:10,15.679997,36.1773
nairobi_query_2Xgp5FmRFbMXgBspWoEFNg,white_box,9012,blur,self,16,boston:123,nairobi:10,15.679997,36.1773
nairobi_query_2Xgp5FmRFbMXgBspWoEFNg,transfer_1,9012,blur,self,26,nairobi:20,nairobi:10,15.679998,36.1773
nairobi_query_2Xgp5FmRFbMXgBspWoEFNg,transfer_2,9012,blur,self,29,nairobi:20,nairobi:10,15.679997,36.1773
nairobi_query_2Xgp5FmRFbMXgBspWoEFNg,transfer_3,9012,blur,self,58,london:85,nairobi:10,15.680000,36.1773
toronto_query_-FOgEN8RNyKr0s933N-a0w,isotropic,1234,blur,self,61,boston:123,toronto:112,15.680000,36.1773
toronto_query_-FOgEN8RNyKr0s933N-a0w,white_box,1234,blur,self,1205,manila:106,toronto:112,15.679997,36.1773
toronto_query_-FOgEN8RNyKr0s933N-a0w,transfer_1,1234,blur,self,31,boston:123,toronto:112,15.679997,36.1773
toronto_query_-FOgEN8RNyKr0s933N-a0w,transfer_2,1234,blur,self,135,zurich:38,toronto:112,15.680001,36.1773
toronto_query_-FOgEN8RNyKr0s933N-a0w,transfer_3,1234,blur,self,211,zurich:38,toronto:112,15.680000,36.1773
toronto_query_-FOgEN8RNyKr0s933N-a0w,isotropic,5678,blur,self,40,boston:123,toronto:112,15.679998,36.1773
toronto_query_-FOgEN8RNyKr0s933N-a0w,white_box,5678,blur,self,264,manila:106,toronto:112,15.679998,36.1773
toronto_query_-FOgEN8RNyKr0s933N-a0w,transfer_1,5678,blur,self,21,zurich:38,toronto:112,15.679997,36.1773
toronto_query_-FOgEN8RNyKr0s933N-a0w,transfer_2,5678,blur,self,33,zurich:38,toronto:112,15.680000,36.1773
toronto_query_-FOgEN8RNyKr0s933N-a0w,transfer_3,5678,blur,self,368,zurich:38,toronto:112,15.679997,36.1773
toronto_query_-FOgEN8RNyKr0s933N-a0w,isotropic,9012,blur,self,35,boston:123,toronto:112,15.679997,36.1773
toronto_query_-FOgEN8RNyKr0s933N-a0w,white_box,9012,blur,self,35,manila:106,toronto:112,15.679997,36.1773
toronto_query_-FOgEN8RNyKr0s933N-a0w,transfer_1,9012,blur,self,42,zurich:38,toronto:112,15.680002,36.1773
toronto_query_-FOgEN8RNyKr0s933N-a0w,transfer_2,9012,blur,self,61,amman:30,toronto:112,15.679997,36.1773
toronto_query_-FOgEN8RNyKr0s933N-a0w,transfer_3,9012,blur,self,446,zurich:38,toronto:112,15.680000,36.1773
zurich_query_0F0ESDULqwk5km1KbyUEZw,isotropic,1234,blur,self,1,zurich:25,zurich:25,15.680001,36.1773
zurich_query_0F0ESDULqwk5km1KbyUEZw,white_box,1234,blur,self,40,london:125,zurich:25,15.679997,36.1773
zurich_query_0F0ESDULqwk5km1KbyUEZw,transfer_1,1234,blur,self,1,zurich:25,zurich:25,15.679998,36.1773
zurich_query_0F0ESDULqwk5km1KbyUEZw,transfer_2,1234,blur,self,6,zurich:79,zurich:25,15.679997,36.1773
zurich_query_0F0ESDULqwk5km1KbyUEZw,transfer_3,1234,blur,self,1,zurich:25,zurich:25,15.680000,36.1773
zurich_query_0F0ESDULqwk5km1KbyUEZw,isotropic,5678,blur,self,1,zurich:25,zurich:25,15.679997,36.1773
zurich_query_0F0ESDULqwk5km1KbyUEZw,white_box,5678,blur,self,378,amman:23,zurich:25,15.680000,36.1773
zurich_query_0F0ESDULqwk5km1KbyUEZw,transfer_1,5678,blur,self,1,zurich:25,zurich:25,15.679997,36.1773
zurich_query_0F0ESDULqwk5km1KbyUEZw,transfer_2,5678,blur,self,3,zurich:79,zurich:25,15.680001,36.1773
zurich_query_0F0ESDULqwk5km1KbyUEZw,transfer_3,5678,blur,self,1,zurich:25,zurich:25,15.679997,36.1773
zurich_query_0F0ESDULqwk5km1KbyUEZw,isotropic,9012,blur,self,1,zurich:25,zurich:25,15.679998,36.1773
zurich_query_0F0ESDULqwk5km1KbyUEZw,white_box,9012,blur,self,90,toronto:55,zurich:25,15.679998,36.1773
zurich_query_0F0ESDULqwk5km1KbyUEZw,transfer_1,9012,blur,self,1,zurich:25,zurich:25,15.679997,36.1773
zurich_query_0F0ESDULqwk5km1KbyUEZw,transfer_2,9012,blur,self,5,zurich:79,zurich:25,15.679998,36.1773
zurich_query_0F0ESDULqwk5km1KbyUEZw,transfer_3,9012,blur,self,1,zurich:25,zurich:25,15.679997,36.1773
amman_query_1_jzc52w72UKyKztvVoygQ,isotropic,1234,blur,self,7,amman:0,amman:23,15.679997,36.1773
amman_query_1_jzc52w72UKyKztvVoygQ,white_box,1234,blur,self,190,manila:190,amman:23,15.679998,36.1773
amman_query_1_jzc52w72UKyKztvVoygQ,transfer_1,1234,blur,self,15,amman:4,amman:23,15.680000,36.1773
amman_query_1_jzc52w72UKyKztvVoygQ,transfer_2,1234,blur,self,20,amman:0,amman:23,15.680000,36.1773
amman_query_1_jzc52w72UKyKztvVoygQ,transfer_3,1234,blur,self,51,amman:0,amman:23,15.679997,36.1773
amman_query_1_jzc52w72UKyKztvVoygQ,isotropic,5678,blur,self,5,amman:0,amman:23,15.680000,36.1773
amman_query_1_jzc52w72UKyKztvVoygQ,white_box,5678,blur,self,150,cph:245,amman:23,15.680001,36.1773
amman_query_1_jzc52w72UKyKztvVoygQ,transfer_1,5678,blur,self,16,amman:0,amman:23,15.680001,36.1773
amman_query_1_jzc52w72UKyKztvVoygQ,transfer_2,5678,blur,self,34,amman:0,amman:23,15.680000,36.1773
amman_query_1_jzc52w72UKyKztvVoygQ,transfer_3,5678,blur,self,51,amman:0,amman:23,15.679997,36.1773
amman_query_1_jzc52w72UKyKztvVoygQ,isotropic,9012,blur,self,5,amman:0,amman:23,15.680000,36.1773
amman_query_1_jzc52w72UKyKztvVoygQ,white_box,9012,blur,self,282,cph:245,amman:23,15.680000,36.1773
amman_query_1_jzc52w72UKyKztvVoygQ,transfer_1,9012,blur,self,11,amman:0,amman:23,15.680000,36.1773
amman_query_1_jzc52w72UKyKztvVoygQ,transfer_2,9012,blur,self,11,amman:0,amman:23,15.679997,36.1773
amman_query_1_jzc52w72UKyKztvVoygQ,transfer_3,9012,blur,self,32,amman:0,amman:23,15.679997,36.1773
boston_query_-NUm2lI2JYWeHZ6lrL2eZA,isotropic,1234,blur,self,39,zurich:25,boston:34,15.679997,36.1773
boston_query_-NUm2lI2JYWeHZ6lrL2eZA,white_box,1234,blur,self,206,boston:244,boston:34,15.679997,36.1773
boston_query_-NUm2lI2JYWeHZ6lrL2eZA,transfer_1,1234,blur,self,53,boston:79,boston:34,15.680001,36.1773
boston_query_-NUm2lI2JYWeHZ6lrL2eZA,transfer_2,1234,blur,self,26,boston:249,boston:34,15.679998,36.1773
boston_query_-NUm2lI2JYWeHZ6lrL2eZA,transfer_3,1234,blur,self,73,boston:249,boston:34,15.680001,36.1773
boston_query_-NUm2lI2JYWeHZ6lrL2eZA,isotropic,5678,blur,self,35,boston:79,boston:34,15.680000,36.1773
boston_query_-NUm2lI2JYWeHZ6lrL2eZA,white_box,5678,blur,self,15,manila:87,boston:34,15.679997,36.1773
boston_query_-NUm2lI2JYWeHZ6lrL2eZA,transfer_1,5678,blur,self,96,boston:79,boston:34,15.680002,36.1773
boston_query_-NUm2lI2JYWeHZ6lrL2eZA,transfer_2,5678,blur,self,38,boston:79,boston:34,15.679998,36.1773
boston_query_-NUm2lI2JYWeHZ6lrL2eZA,transfer_3,5678,blur,self,55,boston:249,boston:34,15.679997,36.1773
boston_query_-NUm2lI2JYWeHZ6lrL2eZA,isotropic,9012,blur,self,53,boston:79,boston:34,15.679997,36.1773
boston_query_-NUm2lI2JYWeHZ6lrL2eZA,white_box,9012,blur,self,401,boston:244,boston:34,15.679997,36.1773
boston_query_-NUm2lI2JYWeHZ6lrL2eZA,transfer_1,9012,blur,self,130,boston:79,boston:34,15.679997,36.1773
boston_query_-NUm2lI2JYWeHZ6lrL2eZA,transfer_2,9012,blur,self,32,boston:249,boston:34,15.680001,36.1773
boston_query_-NUm2lI2JYWeHZ6lrL2eZA,transfer_3,9012,blur,self,112,boston:79,boston:34,15.680000,36.1773
cph_query_-JMzfm4NuuBt61JuZ2sggw,isotropic,1234,blur,self,13,cph:243,cph:395,15.679997,36.1773
cph_query_-JMzfm4NuuBt61JuZ2sggw,white_box,1234,blur,self,1503,london:111,cph:395,15.679997,36.1773
cph_query_-JMzfm4NuuBt61JuZ2sggw,transfer_1,1234,blur,self,48,cph:243,cph:395,15.679998,36.1773
cph_query_-JMzfm4NuuBt61JuZ2sggw,transfer_2,1234,blur,self,40,nairobi:22,cph:395,15.680000,36.1773
cph_query_-JMzfm4NuuBt61JuZ2sggw,transfer_3,1234,blur,self,171,amman:26,cph:395,15.680001,36.1773
cph_query_-JMzfm4NuuBt61JuZ2sggw,isotropic,5678,blur,self,12,cph:243,cph:395,15.680000,36.1773
cph_query_-JMzfm4NuuBt61JuZ2sggw,white_box,5678,blur,self,60,manila:106,cph:395,15.680000,36.1773
cph_query_-JMzfm4NuuBt61JuZ2sggw,transfer_1,5678,blur,self,53,nairobi:22,cph:395,15.679998,36.1773
cph_query_-JMzfm4NuuBt61JuZ2sggw,transfer_2,5678,blur,self,102,amman:25,cph:395,15.680000,36.1773
cph_query_-JMzfm4NuuBt61JuZ2sggw,transfer_3,5678,blur,self,546,amman:26,cph:395,15.680001,36.1773
cph_query_-JMzfm4NuuBt61JuZ2sggw,isotropic,9012,blur,self,8,amman:30,cph:395,15.679997,36.1773
cph_query_-JMzfm4NuuBt61JuZ2sggw,white_box,9012,blur,self,776,zurich:19,cph:395,15.679997,36.1773
cph_query_-JMzfm4NuuBt61JuZ2sggw,transfer_1,9012,blur,self,21,cph:243,cph:395,15.679997,36.1773
cph_query_-JMzfm4NuuBt61JuZ2sggw,transfer_2,9012,blur,self,9,nairobi:22,cph:395,15.679997,36.1773
cph_query_-JMzfm4NuuBt61JuZ2sggw,transfer_3,9012,blur,self,193,amman:26,cph:395,15.680002,36.1773
london_query_-u8BrzndSdD1lHKeeOwN1A,isotropic,1234,blur,self,5,london:111,london:121,15.680000,36.1773
london_query_-u8BrzndSdD1lHKeeOwN1A,white_box,1234,blur,self,226,zurich:96,london:121,15.679997,36.1773
london_query_-u8BrzndSdD1lHKeeOwN1A,transfer_1,1234,blur,self,10,london:111,london:121,15.680000,36.1773
london_query_-u8BrzndSdD1lHKeeOwN1A,transfer_2,1234,blur,self,8,zurich:96,london:121,15.679997,36.1773
london_query_-u8BrzndSdD1lHKeeOwN1A,transfer_3,1234,blur,self,54,zurich:96,london:121,15.679997,36.1773
london_query_-u8BrzndSdD1lHKeeOwN1A,isotropic,5678,blur,self,9,london:111,london:121,15.679997,36.1773
london_query_-u8BrzndSdD1lHKeeOwN1A,white_box,5678,blur,self,897,manila:190,london:121,15.679997,36.1773
london_query_-u8BrzndSdD1lHKeeOwN1A,transfer_1,5678,blur,self,6,london:111,london:121,15.679997,36.1773
london_query_-u8BrzndSdD1lHKeeOwN1A,transfer_2,5678,blur,self,16,zurich:96,london:121,15.679997,36.1773
london_query_-u8BrzndSdD1lHKeeOwN1A,transfer_3,5678,blur,self,70,zurich:96,london:121,15.679998,36.1773
london_query_-u8BrzndSdD1lHKeeOwN1A,isotropic,9012,blur,self,5,london:111,london:121,15.680000,36.1773
london_query_-u8BrzndSdD1lHKeeOwN1A,white_box,9012,blur,self,114,manila:190,london:121,15.679997,36.1773
london_query_-u8BrzndSdD1lHKeeOwN1A,transfer_1,9012,blur,self,13,london:111,london:121,15.679997,36.1773
london_query_-u8BrzndSdD1lHKeeOwN1A,transfer_2,9012,blur,self,11,zurich:96,london:121,15.679997,36.1773
london_query_-u8BrzndSdD1lHKeeOwN1A,transfer_3,9012,blur,self,38,zurich:96,london:121,15.679997,36.1773
manila_query_-QvNwUfMuYwx4zaJzG9hHA,isotropic,1234,blur,self,8,manila:190,manila:134,15.680000,36.1773
manila_query_-QvNwUfMuYwx4zaJzG9hHA,white_box,1234,blur,self,254,manila:87,manila:134,15.680000,36.1773
manila_query_-QvNwUfMuYwx4zaJzG9hHA,transfer_1,1234,blur,self,6,manila:190,manila:134,15.679997,36.1773
manila_query_-QvNwUfMuYwx4zaJzG9hHA,transfer_2,1234,blur,self,14,manila:190,manila:134,15.679998,36.1773
manila_query_-QvNwUfMuYwx4zaJzG9hHA,transfer_3,1234,blur,self,31,manila:190,manila:134,15.680000,36.1773
manila_query_-QvNwUfMuYwx4zaJzG9hHA,isotropic,5678,blur,self,7,manila:190,manila:134,15.680000,36.1773
manila_query_-QvNwUfMuYwx4zaJzG9hHA,white_box,5678,blur,self,185,manila:92,manila:134,15.679997,36.1773
manila_query_-QvNwUfMuYwx4zaJzG9hHA,transfer_1,5678,blur,self,13,manila:190,manila:134,15.679997,36.1773
manila_query_-QvNwUfMuYwx4zaJzG9hHA,transfer_2,5678,blur,self,9,manila:190,manila:134,15.680000,36.1773
manila_query_-QvNwUfMuYwx4zaJzG9hHA,transfer_3,5678,blur,self,19,manila:190,manila:134,15.680000,36.1773
manila_query_-QvNwUfMuYwx4zaJzG9hHA,isotropic,9012,blur,self,8,toronto:88,manila:134,15.679998,36.1773
manila_query_-QvNwUfMuYwx4zaJzG9hHA,white_box,9012,blur,self,249,manila:54,manila:134,15.679997,36.1773
manila_query_-QvNwUfMuYwx4zaJzG9hHA,transfer_1,9012,blur,self,8,manila:190,manila:134,15.679998,36.1773
manila_query_-QvNwUfMuYwx4zaJzG9hHA,transfer_2,9012,blur,self,12,manila:190,manila:134,15.680001,36.1773
manila_query_-QvNwUfMuYwx4zaJzG9hHA,transfer_3,9012,blur,self,13,manila:190,manila:134,15.679997,36.1773
nairobi_query_2hMXkBjbWEdGXSh4zxGVeg,isotropic,1234,blur,self,3,manila:54,nairobi:22,15.680000,36.1773
nairobi_query_2hMXkBjbWEdGXSh4zxGVeg,white_box,1234,blur,self,419,boston:90,nairobi:22,15.680000,36.1773
nairobi_query_2hMXkBjbWEdGXSh4zxGVeg,transfer_1,1234,blur,self,2,manila:54,nairobi:22,15.680000,36.1773
nairobi_query_2hMXkBjbWEdGXSh4zxGVeg,transfer_2,1234,blur,self,3,manila:54,nairobi:22,15.679997,36.1773
nairobi_query_2hMXkBjbWEdGXSh4zxGVeg,transfer_3,1234,blur,self,4,cph:7,nairobi:22,15.680000,36.1773
nairobi_query_2hMXkBjbWEdGXSh4zxGVeg,isotropic,5678,blur,self,2,manila:54,nairobi:22,15.679998,36.1773
nairobi_query_2hMXkBjbWEdGXSh4zxGVeg,white_box,5678,blur,self,443,manila:54,nairobi:22,15.680000,36.1773
nairobi_query_2hMXkBjbWEdGXSh4zxGVeg,transfer_1,5678,blur,self,2,manila:54,nairobi:22,15.680000,36.1773
nairobi_query_2hMXkBjbWEdGXSh4zxGVeg,transfer_2,5678,blur,self,5,manila:54,nairobi:22,15.679997,36.1773
nairobi_query_2hMXkBjbWEdGXSh4zxGVeg,transfer_3,5678,blur,self,16,zurich:46,nairobi:22,15.679997,36.1773
nairobi_query_2hMXkBjbWEdGXSh4zxGVeg,isotropic,9012,blur,self,2,boston:79,nairobi:22,15.679997,36.1773
nairobi_query_2hMXkBjbWEdGXSh4zxGVeg,white_box,9012,blur,self,244,manila:54,nairobi:22,15.679998,36.1773
nairobi_query_2hMXkBjbWEdGXSh4zxGVeg,transfer_1,9012,blur,self,1,nairobi:22,nairobi:22,15.679998,36.1773
nairobi_query_2hMXkBjbWEdGXSh4zxGVeg,transfer_2,9012,blur,self,5,manila:54,nairobi:22,15.679997,36.1773
nairobi_query_2hMXkBjbWEdGXSh4zxGVeg,transfer_3,9012,blur,self,2,toronto:23,nairobi:22,15.680000,36.1773
toronto_query_-FRsj6TVpdbM-sdJNwZZbw,isotropic,1234,blur,self,11,london:23,toronto:58,15.679997,36.1773
toronto_query_-FRsj6TVpdbM-sdJNwZZbw,white_box,1234,blur,self,371,london:21,toronto:58,15.680000,36.1773
toronto_query_-FRsj6TVpdbM-sdJNwZZbw,transfer_1,1234,blur,self,8,london:23,toronto:58,15.680001,36.1773
toronto_query_-FRsj6TVpdbM-sdJNwZZbw,transfer_2,1234,blur,self,29,zurich:14,toronto:58,15.680000,36.1773
toronto_query_-FRsj6TVpdbM-sdJNwZZbw,transfer_3,1234,blur,self,29,manila:106,toronto:58,15.679997,36.1773
toronto_query_-FRsj6TVpdbM-sdJNwZZbw,isotropic,5678,blur,self,7,toronto:218,toronto:58,15.679997,36.1773
toronto_query_-FRsj6TVpdbM-sdJNwZZbw,white_box,5678,blur,self,260,london:28,toronto:58,15.679998,36.1773
toronto_query_-FRsj6TVpdbM-sdJNwZZbw,transfer_1,5678,blur,self,13,london:23,toronto:58,15.679998,36.1773
toronto_query_-FRsj6TVpdbM-sdJNwZZbw,transfer_2,5678,blur,self,15,zurich:14,toronto:58,15.680000,36.1773
toronto_query_-FRsj6TVpdbM-sdJNwZZbw,transfer_3,5678,blur,self,26,manila:142,toronto:58,15.679997,36.1773
toronto_query_-FRsj6TVpdbM-sdJNwZZbw,isotropic,9012,blur,self,4,toronto:218,toronto:58,15.680001,36.1773
toronto_query_-FRsj6TVpdbM-sdJNwZZbw,white_box,9012,blur,self,396,london:125,toronto:58,15.680000,36.1773
toronto_query_-FRsj6TVpdbM-sdJNwZZbw,transfer_1,9012,blur,self,11,toronto:218,toronto:58,15.679997,36.1773
toronto_query_-FRsj6TVpdbM-sdJNwZZbw,transfer_2,9012,blur,self,23,toronto:218,toronto:58,15.680000,36.1773
toronto_query_-FRsj6TVpdbM-sdJNwZZbw,transfer_3,9012,blur,self,35,zurich:14,toronto:58,15.680000,36.1773
zurich_query_0FEApLaNMLno1PTABlbYyQ,isotropic,1234,blur,self,2,zurich:27,zurich:37,15.680000,36.1773
zurich_query_0FEApLaNMLno1PTABlbYyQ,white_box,1234,blur,self,120,boston:234,zurich:37,15.679998,36.1773
zurich_query_0FEApLaNMLno1PTABlbYyQ,transfer_1,1234,blur,self,2,zurich:27,zurich:37,15.679998,36.1773
zurich_query_0FEApLaNMLno1PTABlbYyQ,transfer_2,1234,blur,self,1,zurich:37,zurich:37,15.679998,36.1773
zurich_query_0FEApLaNMLno1PTABlbYyQ,transfer_3,1234,blur,self,1,zurich:37,zurich:37,15.680000,36.1773
zurich_query_0FEApLaNMLno1PTABlbYyQ,isotropic,5678,blur,self,2,zurich:27,zurich:37,15.679998,36.1773
zurich_query_0FEApLaNMLno1PTABlbYyQ,white_box,5678,blur,self,11,manila:153,zurich:37,15.679997,36.1773
zurich_query_0FEApLaNMLno1PTABlbYyQ,transfer_1,5678,blur,self,3,zurich:27,zurich:37,15.680000,36.1773
zurich_query_0FEApLaNMLno1PTABlbYyQ,transfer_2,5678,blur,self,2,zurich:27,zurich:37,15.679998,36.1773
zurich_query_0FEApLaNMLno1PTABlbYyQ,transfer_3,5678,blur,self,3,zurich:27,zurich:37,15.680001,36.1773
zurich_query_0FEApLaNMLno1PTABlbYyQ,isotropic,9012,blur,self,2,zurich:27,zurich:37,15.679998,36.1773
zurich_query_0FEApLaNMLno1PTABlbYyQ,white_box,9012,blur,self,143,manila:135,zurich:37,15.680001,36.1773
zurich_query_0FEApLaNMLno1PTABlbYyQ,transfer_1,9012,blur,self,3,zurich:27,zurich:37,15.680000,36.1773
zurich_query_0FEApLaNMLno1PTABlbYyQ,transfer_2,9012,blur,self,1,zurich:37,zurich:37,15.679998,36.1773
zurich_query_0FEApLaNMLno1PTABlbYyQ,transfer_3,9012,blur,self,1,zurich:37,zurich:37,15.679998,36.1773
amman_query_1jA0_v7p_4KHVbia4DG7Bw,isotropic,1234,blur,self,1,amman:13,amman:13,15.679997,36.1773
amman_query_1jA0_v7p_4KHVbia4DG7Bw,white_box,1234,blur,self,86,zurich:25,amman:13,15.679998,36.1773
amman_query_1jA0_v7p_4KHVbia4DG7Bw,transfer_1,1234,blur,self,1,amman:13,amman:13,15.680001,36.1773
amman_query_1jA0_v7p_4KHVbia4DG7Bw,transfer_2,1234,blur,self,1,amman:13,amman:13,15.680000,36.1773
amman_query_1jA0_v7p_4KHVbia4DG7Bw,transfer_3,1234,blur,self,1,amman:13,amman:13,15.679997,36.1773
amman_query_1jA0_v7p_4KHVbia4DG7Bw,isotropic,5678,blur,self,1,amman:13,amman:13,15.680000,36.1773
amman_query_1jA0_v7p_4KHVbia4DG7Bw,white_box,5678,blur,self,2,boston:234,amman:13,15.680000,36.1773
amman_query_1jA0_v7p_4KHVbia4DG7Bw,transfer_1,5678,blur,self,1,amman:13,amman:13,15.680000,36.1773
amman_query_1jA0_v7p_4KHVbia4DG7Bw,transfer_2,5678,blur,self,1,amman:13,amman:13,15.679997,36.1773
amman_query_1jA0_v7p_4KHVbia4DG7Bw,transfer_3,5678,blur,self,1,amman:13,amman:13,15.679998,36.1773
amman_query_1jA0_v7p_4KHVbia4DG7Bw,isotropic,9012,blur,self,1,amman:13,amman:13,15.680000,36.1773
amman_query_1jA0_v7p_4KHVbia4DG7Bw,white_box,9012,blur,self,34,boston:99,amman:13,15.679997,36.1773
amman_query_1jA0_v7p_4KHVbia4DG7Bw,transfer_1,9012,blur,self,1,amman:13,amman:13,15.680000,36.1773
amman_query_1jA0_v7p_4KHVbia4DG7Bw,transfer_2,9012,blur,self,1,amman:13,amman:13,15.679998,36.1773
amman_query_1jA0_v7p_4KHVbia4DG7Bw,transfer_3,9012,blur,self,1,amman:13,amman:13,15.679997,36.1773
boston_query_-O6nZhSO0Cgq4iaZ522K2g,isotropic,1234,blur,self,12,boston:123,boston:90,15.679997,36.1773
boston_query_-O6nZhSO0Cgq4iaZ522K2g,white_box,1234,blur,self,347,manila:87,boston:90,15.680000,36.1773
boston_query_-O6nZhSO0Cgq4iaZ522K2g,transfer_1,1234,blur,self,33,boston:123,boston:90,15.679997,36.1773
boston_query_-O6nZhSO0Cgq4iaZ522K2g,transfer_2,1234,blur,self,11,boston:123,boston:90,15.680000,36.1773
boston_query_-O6nZhSO0Cgq4iaZ522K2g,transfer_3,1234,blur,self,61,boston:123,boston:90,15.680000,36.1773
boston_query_-O6nZhSO0Cgq4iaZ522K2g,isotropic,5678,blur,self,14,boston:123,boston:90,15.680000,36.1773
boston_query_-O6nZhSO0Cgq4iaZ522K2g,white_box,5678,blur,self,320,manila:54,boston:90,15.680002,36.1773
boston_query_-O6nZhSO0Cgq4iaZ522K2g,transfer_1,5678,blur,self,9,boston:123,boston:90,15.680000,36.1773
boston_query_-O6nZhSO0Cgq4iaZ522K2g,transfer_2,5678,blur,self,53,boston:123,boston:90,15.680001,36.1773
boston_query_-O6nZhSO0Cgq4iaZ522K2g,transfer_3,5678,blur,self,24,boston:123,boston:90,15.679998,36.1773
boston_query_-O6nZhSO0Cgq4iaZ522K2g,isotropic,9012,blur,self,11,boston:123,boston:90,15.679998,36.1773
boston_query_-O6nZhSO0Cgq4iaZ522K2g,white_box,9012,blur,self,237,manila:190,boston:90,15.679998,36.1773
boston_query_-O6nZhSO0Cgq4iaZ522K2g,transfer_1,9012,blur,self,23,boston:123,boston:90,15.680000,36.1773
boston_query_-O6nZhSO0Cgq4iaZ522K2g,transfer_2,9012,blur,self,24,boston:123,boston:90,15.679997,36.1773
boston_query_-O6nZhSO0Cgq4iaZ522K2g,transfer_3,9012,blur,self,10,boston:123,boston:90,15.680000,36.1773
cph_query_-MUw194v9r5C1394mci6-A,isotropic,1234,blur,self,74,cph:71,cph:384,15.680002,36.1773
cph_query_-MUw194v9r5C1394mci6-A,white_box,1234,blur,self,1387,manila:87,cph:384,15.680000,36.1773
cph_query_-MUw194v9r5C1394mci6-A,transfer_1,1234,blur,self,87,cph:71,cph:384,15.680001,36.1773
cph_query_-MUw194v9r5C1394mci6-A,transfer_2,1234,blur,self,457,cph:370,cph:384,15.679997,36.1773
cph_query_-MUw194v9r5C1394mci6-A,transfer_3,1234,blur,self,133,manila:106,cph:384,15.680000,36.1773
cph_query_-MUw194v9r5C1394mci6-A,isotropic,5678,blur,self,70,cph:370,cph:384,15.679997,36.1773
cph_query_-MUw194v9r5C1394mci6-A,white_box,5678,blur,self,957,manila:106,cph:384,15.679996,36.1773
cph_query_-MUw194v9r5C1394mci6-A,transfer_1,5678,blur,self,47,cph:370,cph:384,15.679997,36.1773
cph_query_-MUw194v9r5C1394mci6-A,transfer_2,5678,blur,self,332,cph:370,cph:384,15.680000,36.1773
cph_query_-MUw194v9r5C1394mci6-A,transfer_3,5678,blur,self,261,manila:87,cph:384,15.679997,36.1773
cph_query_-MUw194v9r5C1394mci6-A,isotropic,9012,blur,self,61,cph:370,cph:384,15.680000,36.1773
cph_query_-MUw194v9r5C1394mci6-A,white_box,9012,blur,self,752,manila:190,cph:384,15.680000,36.1773
cph_query_-MUw194v9r5C1394mci6-A,transfer_1,9012,blur,self,169,cph:71,cph:384,15.680000,36.1773
cph_query_-MUw194v9r5C1394mci6-A,transfer_2,9012,blur,self,227,manila:106,cph:384,15.679997,36.1773
cph_query_-MUw194v9r5C1394mci6-A,transfer_3,9012,blur,self,686,manila:87,cph:384,15.680002,36.1773
london_query_-vkja3p0MzaoZlQOooT-YQ,isotropic,1234,blur,self,53,zurich:96,london:121,15.680000,36.1773
london_query_-vkja3p0MzaoZlQOooT-YQ,white_box,1234,blur,self,59,manila:183,london:121,15.679998,36.1773
london_query_-vkja3p0MzaoZlQOooT-YQ,transfer_1,1234,blur,self,81,zurich:96,london:121,15.680000,36.1773
london_query_-vkja3p0MzaoZlQOooT-YQ,transfer_2,1234,blur,self,102,zurich:96,london:121,15.679997,36.1773
london_query_-vkja3p0MzaoZlQOooT-YQ,transfer_3,1234,blur,self,247,zurich:105,london:121,15.680001,36.1773
london_query_-vkja3p0MzaoZlQOooT-YQ,isotropic,5678,blur,self,50,boston:90,london:121,15.680000,36.1773
london_query_-vkja3p0MzaoZlQOooT-YQ,white_box,5678,blur,self,188,manila:183,london:121,15.679997,36.1773
london_query_-vkja3p0MzaoZlQOooT-YQ,transfer_1,5678,blur,self,27,zurich:96,london:121,15.679997,36.1773
london_query_-vkja3p0MzaoZlQOooT-YQ,transfer_2,5678,blur,self,114,zurich:96,london:121,15.680000,36.1773
london_query_-vkja3p0MzaoZlQOooT-YQ,transfer_3,5678,blur,self,36,zurich:96,london:121,15.680001,36.1773
london_query_-vkja3p0MzaoZlQOooT-YQ,isotropic,9012,blur,self,70,boston:90,london:121,15.679997,36.1773
london_query_-vkja3p0MzaoZlQOooT-YQ,white_box,9012,blur,self,326,manila:87,london:121,15.680000,36.1773
london_query_-vkja3p0MzaoZlQOooT-YQ,transfer_1,9012,blur,self,63,zurich:96,london:121,15.680000,36.1773
london_query_-vkja3p0MzaoZlQOooT-YQ,transfer_2,9012,blur,self,57,zurich:96,london:121,15.680000,36.1773
london_query_-vkja3p0MzaoZlQOooT-YQ,transfer_3,9012,blur,self,51,zurich:96,london:121,15.680000,36.1773
manila_query_-RZzhLSoiUGq-PShtIhzxw,isotropic,1234,blur,self,240,boston:262,manila:54,15.679997,36.1773
manila_query_-RZzhLSoiUGq-PShtIhzxw,white_box,1234,blur,self,2,boston:216,manila:54,15.679997,36.1773
manila_query_-RZzhLSoiUGq-PShtIhzxw,transfer_1,1234,blur,self,266,boston:262,manila:54,15.679998,36.1773
manila_query_-RZzhLSoiUGq-PShtIhzxw,transfer_2,1234,blur,self,185,boston:262,manila:54,15.679997,36.1773
manila_query_-RZzhLSoiUGq-PShtIhzxw,transfer_3,1234,blur,self,297,manila:6,manila:54,15.679997,36.1773
manila_query_-RZzhLSoiUGq-PShtIhzxw,isotropic,5678,blur,self,210,boston:262,manila:54,15.680000,36.1773
manila_query_-RZzhLSoiUGq-PShtIhzxw,white_box,5678,blur,self,155,manila:181,manila:54,15.679997,36.1773
manila_query_-RZzhLSoiUGq-PShtIhzxw,transfer_1,5678,blur,self,173,manila:6,manila:54,15.680000,36.1773
manila_query_-RZzhLSoiUGq-PShtIhzxw,transfer_2,5678,blur,self,168,manila:6,manila:54,15.680000,36.1773
manila_query_-RZzhLSoiUGq-PShtIhzxw,transfer_3,5678,blur,self,174,manila:6,manila:54,15.680001,36.1773
manila_query_-RZzhLSoiUGq-PShtIhzxw,isotropic,9012,blur,self,227,boston:262,manila:54,15.679997,36.1773
manila_query_-RZzhLSoiUGq-PShtIhzxw,white_box,9012,blur,self,50,zurich:98,manila:54,15.680000,36.1773
manila_query_-RZzhLSoiUGq-PShtIhzxw,transfer_1,9012,blur,self,151,manila:6,manila:54,15.680000,36.1773
manila_query_-RZzhLSoiUGq-PShtIhzxw,transfer_2,9012,blur,self,201,manila:6,manila:54,15.679997,36.1773
manila_query_-RZzhLSoiUGq-PShtIhzxw,transfer_3,9012,blur,self,122,manila:6,manila:54,15.680000,36.1773
nairobi_query_2wqDKqSdeRPYg6X996gZ0w,isotropic,1234,blur,self,19,toronto:265,nairobi:21,15.679997,36.1773
nairobi_query_2wqDKqSdeRPYg6X996gZ0w,white_box,1234,blur,self,25,nairobi:1,nairobi:21,15.680000,36.1773
nairobi_query_2wqDKqSdeRPYg6X996gZ0w,transfer_1,1234,blur,self,38,toronto:265,nairobi:21,15.680000,36.1773
nairobi_query_2wqDKqSdeRPYg6X996gZ0w,transfer_2,1234,blur,self,3,toronto:265,nairobi:21,15.679997,36.1773
nairobi_query_2wqDKqSdeRPYg6X996gZ0w,transfer_3,1234,blur,self,45,toronto:265,nairobi:21,15.680000,36.1773
nairobi_query_2wqDKqSdeRPYg6X996gZ0w,isotropic,5678,blur,self,17,toronto:265,nairobi:21,15.679997,36.1773
nairobi_query_2wqDKqSdeRPYg6X996gZ0w,white_box,5678,blur,self,1234,london:125,nairobi:21,15.679998,36.1773
nairobi_query_2wqDKqSdeRPYg6X996gZ0w,transfer_1,5678,blur,self,28,toronto:265,nairobi:21,15.680001,36.1773
nairobi_query_2wqDKqSdeRPYg6X996gZ0w,transfer_2,5678,blur,self,8,toronto:265,nairobi:21,15.680000,36.1773
nairobi_query_2wqDKqSdeRPYg6X996gZ0w,transfer_3,5678,blur,self,29,nairobi:1,nairobi:21,15.680001,36.1773
nairobi_query_2wqDKqSdeRPYg6X996gZ0w,isotropic,9012,blur,self,18,toronto:265,nairobi:21,15.679998,36.1773
nairobi_query_2wqDKqSdeRPYg6X996gZ0w,white_box,9012,blur,self,172,london:15,nairobi:21,15.679998,36.1773
nairobi_query_2wqDKqSdeRPYg6X996gZ0w,transfer_1,9012,blur,self,24,toronto:265,nairobi:21,15.679997,36.1773
nairobi_query_2wqDKqSdeRPYg6X996gZ0w,transfer_2,9012,blur,self,38,zurich:25,nairobi:21,15.679997,36.1773
nairobi_query_2wqDKqSdeRPYg6X996gZ0w,transfer_3,9012,blur,self,29,zurich:42,nairobi:21,15.680000,36.1773
toronto_query_-FohtR51AFcyGSLgiTdXzw,isotropic,1234,blur,self,1,toronto:207,toronto:207,15.680001,36.1773
toronto_query_-FohtR51AFcyGSLgiTdXzw,white_box,1234,blur,self,21,boston:79,toronto:207,15.679997,36.1773
toronto_query_-FohtR51AFcyGSLgiTdXzw,transfer_1,1234,blur,self,1,toronto:207,toronto:207,15.679997,36.1773
toronto_query_-FohtR51AFcyGSLgiTdXzw,transfer_2,1234,blur,self,1,toronto:207,toronto:207,15.680002,36.1773
toronto_query_-FohtR51AFcyGSLgiTdXzw,transfer_3,1234,blur,self,1,toronto:207,toronto:207,15.679998,36.1773
toronto_query_-FohtR51AFcyGSLgiTdXzw,isotropic,5678,blur,self,1,toronto:207,toronto:207,15.680002,36.1773
toronto_query_-FohtR51AFcyGSLgiTdXzw,white_box,5678,blur,self,11,london:111,toronto:207,15.680002,36.1773
toronto_query_-FohtR51AFcyGSLgiTdXzw,transfer_1,5678,blur,self,1,toronto:207,toronto:207,15.680000,36.1773
toronto_query_-FohtR51AFcyGSLgiTdXzw,transfer_2,5678,blur,self,1,toronto:207,toronto:207,15.679998,36.1773
toronto_query_-FohtR51AFcyGSLgiTdXzw,transfer_3,5678,blur,self,1,toronto:207,toronto:207,15.680000,36.1773
toronto_query_-FohtR51AFcyGSLgiTdXzw,isotropic,9012,blur,self,1,toronto:207,toronto:207,15.680000,36.1773
toronto_query_-FohtR51AFcyGSLgiTdXzw,white_box,9012,blur,self,87,manila:54,toronto:207,15.680000,36.1773
toronto_query_-FohtR51AFcyGSLgiTdXzw,transfer_1,9012,blur,self,1,toronto:207,toronto:207,15.680000,36.1773
toronto_query_-FohtR51AFcyGSLgiTdXzw,transfer_2,9012,blur,self,1,toronto:207,toronto:207,15.679998,36.1773
toronto_query_-FohtR51AFcyGSLgiTdXzw,transfer_3,9012,blur,self,1,toronto:207,toronto:207,15.680001,36.1773
zurich_query_0I7IdNKcKWGXL-wmkUdx2A,isotropic,1234,blur,self,144,boston:145,zurich:65,15.680000,36.1773
zurich_query_0I7IdNKcKWGXL-wmkUdx2A,white_box,1234,blur,self,407,toronto:23,zurich:65,15.679998,36.1773
zurich_query_0I7IdNKcKWGXL-wmkUdx2A,transfer_1,1234,blur,self,103,boston:145,zurich:65,15.680000,36.1773
zurich_query_0I7IdNKcKWGXL-wmkUdx2A,transfer_2,1234,blur,self,144,zurich:109,zurich:65,15.679997,36.1773
zurich_query_0I7IdNKcKWGXL-wmkUdx2A,transfer_3,1234,blur,self,269,toronto:23,zurich:65,15.679997,36.1773
zurich_query_0I7IdNKcKWGXL-wmkUdx2A,isotropic,5678,blur,self,98,boston:145,zurich:65,15.679995,36.1773
zurich_query_0I7IdNKcKWGXL-wmkUdx2A,white_box,5678,blur,self,429,toronto:55,zurich:65,15.679998,36.1773
zurich_query_0I7IdNKcKWGXL-wmkUdx2A,transfer_1,5678,blur,self,227,boston:145,zurich:65,15.680000,36.1773
zurich_query_0I7IdNKcKWGXL-wmkUdx2A,transfer_2,5678,blur,self,282,boston:145,zurich:65,15.680001,36.1773
zurich_query_0I7IdNKcKWGXL-wmkUdx2A,transfer_3,5678,blur,self,195,boston:145,zurich:65,15.679997,36.1773
zurich_query_0I7IdNKcKWGXL-wmkUdx2A,isotropic,9012,blur,self,128,boston:145,zurich:65,15.679998,36.1773
zurich_query_0I7IdNKcKWGXL-wmkUdx2A,white_box,9012,blur,self,470,toronto:218,zurich:65,15.680000,36.1773
zurich_query_0I7IdNKcKWGXL-wmkUdx2A,transfer_1,9012,blur,self,89,zurich:109,zurich:65,15.679996,36.1773
zurich_query_0I7IdNKcKWGXL-wmkUdx2A,transfer_2,9012,blur,self,90,boston:145,zurich:65,15.679997,36.1773
zurich_query_0I7IdNKcKWGXL-wmkUdx2A,transfer_3,9012,blur,self,199,boston:145,zurich:65,15.680000,36.1773
amman_query_1n6vx0uExn56MfvA6toRJw,isotropic,1234,blur,self,8,amman:23,amman:31,15.679997,36.1773
amman_query_1n6vx0uExn56MfvA6toRJw,white_box,1234,blur,self,753,manila:51,amman:31,15.679997,36.1773
amman_query_1n6vx0uExn56MfvA6toRJw,transfer_1,1234,blur,self,27,amman:23,amman:31,15.679997,36.1773
amman_query_1n6vx0uExn56MfvA6toRJw,transfer_2,1234,blur,self,67,amman:23,amman:31,15.680000,36.1773
amman_query_1n6vx0uExn56MfvA6toRJw,transfer_3,1234,blur,self,24,toronto:33,amman:31,15.679997,36.1773
amman_query_1n6vx0uExn56MfvA6toRJw,isotropic,5678,blur,self,7,amman:23,amman:31,15.680000,36.1773
amman_query_1n6vx0uExn56MfvA6toRJw,white_box,5678,blur,self,621,manila:51,amman:31,15.679997,36.1773
amman_query_1n6vx0uExn56MfvA6toRJw,transfer_1,5678,blur,self,18,amman:23,amman:31,15.680000,36.1773
amman_query_1n6vx0uExn56MfvA6toRJw,transfer_2,5678,blur,self,38,amman:23,amman:31,15.679998,36.1773
amman_query_1n6vx0uExn56MfvA6toRJw,transfer_3,5678,blur,self,54,toronto:33,amman:31,15.679997,36.1773
amman_query_1n6vx0uExn56MfvA6toRJw,isotropic,9012,blur,self,12,amman:23,amman:31,15.680000,36.1773
amman_query_1n6vx0uExn56MfvA6toRJw,white_box,9012,blur,self,157,manila:46,amman:31,15.680000,36.1773
amman_query_1n6vx0uExn56MfvA6toRJw,transfer_1,9012,blur,self,44,manila:54,amman:31,15.680000,36.1773
amman_query_1n6vx0uExn56MfvA6toRJw,transfer_2,9012,blur,self,18,toronto:33,amman:31,15.679997,36.1773
amman_query_1n6vx0uExn56MfvA6toRJw,transfer_3,9012,blur,self,20,toronto:33,amman:31,15.679997,36.1773
boston_query_-OEJzVyBJiypLsHkeOqxKn,isotropic,1234,blur,self,98,boston:27,boston:79,15.679997,36.1773
boston_query_-OEJzVyBJiypLsHkeOqxKn,white_box,1234,blur,self,6,cph:296,boston:79,15.679997,36.1773
boston_query_-OEJzVyBJiypLsHkeOqxKn,transfer_1,1234,blur,self,81,boston:123,boston:79,15.680000,36.1773
boston_query_-OEJzVyBJiypLsHkeOqxKn,transfer_2,1234,blur,self,104,manila:183,boston:79,15.680000,36.1773
boston_query_-OEJzVyBJiypLsHkeOqxKn,transfer_3,1234,blur,self,39,boston:244,boston:79,15.679997,36.1773
boston_query_-OEJzVyBJiypLsHkeOqxKn,isotropic,5678,blur,self,122,boston:27,boston:79,15.679998,36.1773
boston_query_-OEJzVyBJiypLsHkeOqxKn,white_box,5678,blur,self,250,manila:72,boston:79,15.680000,36.1773
boston_query_-OEJzVyBJiypLsHkeOqxKn,transfer_1,5678,blur,self,64,boston:123,boston:79,15.679997,36.1773
boston_query_-OEJzVyBJiypLsHkeOqxKn,transfer_2,5678,blur,self,76,boston:244,boston:79,15.679997,36.1773
boston_query_-OEJzVyBJiypLsHkeOqxKn,transfer_3,5678,blur,self,97,boston:27,boston:79,15.680001,36.1773
boston_query_-OEJzVyBJiypLsHkeOqxKn,isotropic,9012,blur,self,122,boston:123,boston:79,15.679997,36.1773
boston_query_-OEJzVyBJiypLsHkeOqxKn,white_box,9012,blur,self,209,boston:168,boston:79,15.680000,36.1773
boston_query_-OEJzVyBJiypLsHkeOqxKn,transfer_1,9012,blur,self,88,boston:27,boston:79,15.679998,36.1773
boston_query_-OEJzVyBJiypLsHkeOqxKn,transfer_2,9012,blur,self,62,manila:183,boston:79,15.680000,36.1773
boston_query_-OEJzVyBJiypLsHkeOqxKn,transfer_3,9012,blur,self,22,boston:244,boston:79,15.679997,36.1773
cph_query_-Mwdj8AXbTR5wrPmQKRbhQ,isotropic,1234,blur,self,1,cph:33,cph:33,15.680000,36.1773
cph_query_-Mwdj8AXbTR5wrPmQKRbhQ,white_box,1234,blur,self,1,cph:33,cph:33,15.680000,36.1773
cph_query_-Mwdj8AXbTR5wrPmQKRbhQ,transfer_1,1234,blur,self,1,cph:33,cph:33,15.679998,36.1773
cph_query_-Mwdj8AXbTR5wrPmQKRbhQ,transfer_2,1234,blur,self,1,cph:33,cph:33,15.680000,36.1773
cph_query_-Mwdj8AXbTR5wrPmQKRbhQ,transfer_3,1234,blur,self,1,cph:33,cph:33,15.679997,36.1773
cph_query_-Mwdj8AXbTR5wrPmQKRbhQ,isotropic,5678,blur,self,1,cph:33,cph:33,15.680000,36.1773
cph_query_-Mwdj8AXbTR5wrPmQKRbhQ,white_box,5678,blur,self,1,cph:33,cph:33,15.680001,36.1773
cph_query_-Mwdj8AXbTR5wrPmQKRbhQ,transfer_1,5678,blur,self,1,cph:33,cph:33,15.680000,36.1773
cph_query_-Mwdj8AXbTR5wrPmQKRbhQ,transfer_2,5678,blur,self,1,cph:33,cph:33,15.680000,36.1773
cph_query_-Mwdj8AXbTR5wrPmQKRbhQ,transfer_3,5678,blur,self,1,cph:33,cph:33,15.679997,36.1773
cph_query_-Mwdj8AXbTR5wrPmQKRbhQ,isotropic,9012,blur,self,1,cph:33,cph:33,15.679998,36.1773
cph_query_-Mwdj8AXbTR5wrPmQKRbhQ,white_box,9012,blur,self,2,boston:216,cph:33,15.679997,36.1773
cph_query_-Mwdj8AXbTR5wrPmQKRbhQ,transfer_1,9012,blur,self,1,cph:33,cph:33,15.679997,36.1773
cph_query_-Mwdj8AXbTR5wrPmQKRbhQ,transfer_2,9012,blur,self,1,cph:33,cph:33,15.680000,36.1773
cph_query_-Mwdj8AXbTR5wrPmQKRbhQ,transfer_3,9012,blur,self,1,cph:33,cph:33,15.679998,36.1773
london_query_-wX-mY4F2ewX9tlr1_JTbw,isotropic,1234,blur,self,143,toronto:200,london:68,15.680000,36.1773
london_query_-wX-mY4F2ewX9tlr1_JTbw,white_box,1234,blur,self,88,london:23,london:68,15.679997,36.1773
london_query_-wX-mY4F2ewX9tlr1_JTbw,transfer_1,1234,blur,self,295,manila:29,london:68,15.680001,36.1773
london_query_-wX-mY4F2ewX9tlr1_JTbw,transfer_2,1234,blur,self,161,manila:29,london:68,15.679997,36.1773
london_query_-wX-mY4F2ewX9tlr1_JTbw,transfer_3,1234,blur,self,342,manila:102,london:68,15.680001,36.1773
london_query_-wX-mY4F2ewX9tlr1_JTbw,isotropic,5678,blur,self,161,toronto:200,london:68,15.679998,36.1773
london_query_-wX-mY4F2ewX9tlr1_JTbw,white_box,5678,blur,self,145,london:23,london:68,15.679998,36.1773
london_query_-wX-mY4F2ewX9tlr1_JTbw,transfer_1,5678,blur,self,201,toronto:200,london:68,15.679997,36.1773
london_query_-wX-mY4F2ewX9tlr1_JTbw,transfer_2,5678,blur,self,213,manila:29,london:68,15.680001,36.1773
london_query_-wX-mY4F2ewX9tlr1_JTbw,transfer_3,5678,blur,self,238,manila:29,london:68,15.680000,36.1773
london_query_-wX-mY4F2ewX9tlr1_JTbw,isotropic,9012,blur,self,151,toronto:200,london:68,15.679998,36.1773
london_query_-wX-mY4F2ewX9tlr1_JTbw,white_box,9012,blur,self,105,manila:190,london:68,15.679997,36.1773
london_query_-wX-mY4F2ewX9tlr1_JTbw,transfer_1,9012,blur,self,294,manila:29,london:68,15.679997,36.1773
london_query_-wX-mY4F2ewX9tlr1_JTbw,transfer_2,9012,blur,self,147,toronto:200,london:68,15.679997,36.1773
london_query_-wX-mY4F2ewX9tlr1_JTbw,transfer_3,9012,blur,self,130,manila:29,london:68,15.680000,36.1773
manila_query_-SSrBkppXcUPQnmvRyEZaA,isotropic,1234,blur,self,617,amman:25,manila:102,15.679997,36.1773
manila_query_-SSrBkppXcUPQnmvRyEZaA,white_box,1234,blur,self,584,london:34,manila:102,15.680000,36.1773
manila_query_-SSrBkppXcUPQnmvRyEZaA,transfer_1,1234,blur,self,595,amman:25,manila:102,15.680000,36.1773
manila_query_-SSrBkppXcUPQnmvRyEZaA,transfer_2,1234,blur,self,387,amman:25,manila:102,15.679998,36.1773
manila_query_-SSrBkppXcUPQnmvRyEZaA,transfer_3,1234,blur,self,496,amman:25,manila:102,15.679997,36.1773
manila_query_-SSrBkppXcUPQnmvRyEZaA,isotropic,5678,blur,self,616,amman:25,manila:102,15.680000,36.1773
manila_query_-SSrBkppXcUPQnmvRyEZaA,white_box,5678,blur,self,110,manila:87,manila:102,15.679998,36.1773
manila_query_-SSrBkppXcUPQnmvRyEZaA,transfer_1,5678,blur,self,422,amman:25,manila:102,15.680002,36.1773
manila_query_-SSrBkppXcUPQnmvRyEZaA,transfer_2,5678,blur,self,435,amman:25,manila:102,15.679996,36.1773
manila_query_-SSrBkppXcUPQnmvRyEZaA,transfer_3,5678,blur,self,379,amman:25,manila:102,15.679998,36.1773
manila_query_-SSrBkppXcUPQnmvRyEZaA,isotropic,9012,blur,self,675,amman:25,manila:102,15.680000,36.1773
manila_query_-SSrBkppXcUPQnmvRyEZaA,white_box,9012,blur,self,255,amman:32,manila:102,15.680000,36.1773
manila_query_-SSrBkppXcUPQnmvRyEZaA,transfer_1,9012,blur,self,580,amman:25,manila:102,15.679998,36.1773
manila_query_-SSrBkppXcUPQnmvRyEZaA,transfer_2,9012,blur,self,548,amman:25,manila:102,15.679997,36.1773
manila_query_-SSrBkppXcUPQnmvRyEZaA,transfer_3,9012,blur,self,367,amman:25,manila:102,15.680000,36.1773
nairobi_query_32eRlu6tx-Q_LzhBd8iTQA,isotropic,1234,blur,self,1,nairobi:21,nairobi:21,15.680000,36.1773
nairobi_query_32eRlu6tx-Q_LzhBd8iTQA,white_box,1234,blur,self,62,manila:54,nairobi:21,15.679998,36.1773
nairobi_query_32eRlu6tx-Q_LzhBd8iTQA,transfer_1,1234,blur,self,2,cph:176,nairobi:21,15.679997,36.1773
nairobi_query_32eRlu6tx-Q_LzhBd8iTQA,transfer_2,1234,blur,self,16,toronto:265,nairobi:21,15.679997,36.1773
nairobi_query_32eRlu6tx-Q_LzhBd8iTQA,transfer_3,1234,blur,self,40,toronto:265,nairobi:21,15.680000,36.1773
nairobi_query_32eRlu6tx-Q_LzhBd8iTQA,isotropic,5678,blur,self,1,nairobi:21,nairobi:21,15.680000,36.1773
nairobi_query_32eRlu6tx-Q_LzhBd8iTQA,white_box,5678,blur,self,93,nairobi:20,nairobi:21,15.679997,36.1773
nairobi_query_32eRlu6tx-Q_LzhBd8iTQA,transfer_1,5678,blur,self,1,nairobi:21,nairobi:21,15.680000,36.1773
nairobi_query_32eRlu6tx-Q_LzhBd8iTQA,transfer_2,5678,blur,self,2,cph:176,nairobi:21,15.679998,36.1773
nairobi_query_32eRlu6tx-Q_LzhBd8iTQA,transfer_3,5678,blur,self,61,amman:21,nairobi:21,15.680000,36.1773
nairobi_query_32eRlu6tx-Q_LzhBd8iTQA,isotropic,9012,blur,self,2,toronto:265,nairobi:21,15.679997,36.1773
nairobi_query_32eRlu6tx-Q_LzhBd8iTQA,white_box,9012,blur,self,1025,cph:245,nairobi:21,15.680000,36.1773
nairobi_query_32eRlu6tx-Q_LzhBd8iTQA,transfer_1,9012,blur,self,3,cph:176,nairobi:21,15.680000,36.1773
nairobi_query_32eRlu6tx-Q_LzhBd8iTQA,transfer_2,9012,blur,self,9,cph:176,nairobi:21,15.680001,36.1773
nairobi_query_32eRlu6tx-Q_LzhBd8iTQA,transfer_3,9012,blur,self,2,cph:176,nairobi:21,15.680001,36.1773
toronto_query_-HBbI6fcMz-R3CyduFEoDg,isotropic,1234,blur,self,229,zurich:42,toronto:426,15.679998,36.1773
toronto_query_-HBbI6fcMz-R3CyduFEoDg,white_box,1234,blur,self,489,cph:296,toronto:426,15.680000,36.1773
toronto_query_-HBbI6fcMz-R3CyduFEoDg,transfer_1,1234,blur,self,407,zurich:30,toronto:426,15.679997,36.1773
toronto_query_-HBbI6fcMz-R3CyduFEoDg,transfer_2,1234,blur,self,979,nairobi:19,toronto:426,15.680000,36.1773
toronto_query_-HBbI6fcMz-R3CyduFEoDg,transfer_3,1234,blur,self,1263,boston:123,toronto:426,15.680001,36.1773
toronto_query_-HBbI6fcMz-R3CyduFEoDg,isotropic,5678,blur,self,221,zurich:42,toronto:426,15.680000,36.1773
toronto_query_-HBbI6fcMz-R3CyduFEoDg,white_box,5678,blur,self,786,manila:72,toronto:426,15.680000,36.1773
toronto_query_-HBbI6fcMz-R3CyduFEoDg,transfer_1,5678,blur,self,537,cph:176,toronto:426,15.679997,36.1773
toronto_query_-HBbI6fcMz-R3CyduFEoDg,transfer_2,5678,blur,self,761,amman:26,toronto:426,15.679998,36.1773
toronto_query_-HBbI6fcMz-R3CyduFEoDg,transfer_3,5678,blur,self,1000,nairobi:19,toronto:426,15.680000,36.1773
toronto_query_-HBbI6fcMz-R3CyduFEoDg,isotropic,9012,blur,self,201,zurich:42,toronto:426,15.679997,36.1773
toronto_query_-HBbI6fcMz-R3CyduFEoDg,white_box,9012,blur,self,874,cph:245,toronto:426,15.679997,36.1773
toronto_query_-HBbI6fcMz-R3CyduFEoDg,transfer_1,9012,blur,self,414,nairobi:19,toronto:426,15.680000,36.1773
toronto_query_-HBbI6fcMz-R3CyduFEoDg,transfer_2,9012,blur,self,689,amman:26,toronto:426,15.679998,36.1773
toronto_query_-HBbI6fcMz-R3CyduFEoDg,transfer_3,9012,blur,self,570,zurich:19,toronto:426,15.679997,36.1773
zurich_query_0IZVsW_UPLzI_vUm51hEMQ,isotropic,1234,blur,self,1,zurich:25,zurich:25,15.680000,36.1773
zurich_query_0IZVsW_UPLzI_vUm51hEMQ,white_box,1234,blur,self,314,nairobi:1,zurich:25,15.680000,36.1773
zurich_query_0IZVsW_UPLzI_vUm51hEMQ,transfer_1,1234,blur,self,1,zurich:25,zurich:25,15.680000,36.1773
zurich_query_0IZVsW_UPLzI_vUm51hEMQ,transfer_2,1234,blur,self,2,zurich:27,zurich:25,15.679997,36.1773
zurich_query_0IZVsW_UPLzI_vUm51hEMQ,transfer_3,1234,blur,self,1,zurich:25,zurich:25,15.680000,36.1773
zurich_query_0IZVsW_UPLzI_vUm51hEMQ,isotropic,5678,blur,self,1,zurich:25,zurich:25,15.680000,36.1773
zurich_query_0IZVsW_UPLzI_vUm51hEMQ,white_box,5678,blur,self,569,zurich:64,zurich:25,15.680000,36.1773
zurich_query_0IZVsW_UPLzI_vUm51hEMQ,transfer_1,5678,blur,self,1,zurich:25,zurich:25,15.680000,36.1773
zurich_query_0IZVsW_UPLzI_vUm51hEMQ,transfer_2,5678,blur,self,1,zurich:25,zurich:25,15.680000,36.1773
zurich_query_0IZVsW_UPLzI_vUm51hEMQ,transfer_3,5678,blur,self,1,zurich:25,zurich:25,15.680000,36.1773
zurich_query_0IZVsW_UPLzI_vUm51hEMQ,isotropic,9012,blur,self,1,zurich:25,zurich:25,15.680000,36.1773
zurich_query_0IZVsW_UPLzI_vUm51hEMQ,white_box,9012,blur,self,115,nairobi:22,zurich:25,15.679998,36.1773
zurich_query_0IZVsW_UPLzI_vUm51hEMQ,transfer_1,9012,blur,self,1,zurich:25,zurich:25,15.679997,36.1773
zurich_query_0IZVsW_UPLzI_vUm51hEMQ,transfer_2,9012,blur,self,1,zurich:25,zurich:25,15.679997,36.1773
zurich_query_0IZVsW_UPLzI_vUm51hEMQ,transfer_3,9012,blur,self,1,zurich:25,zurich:25,15.680000,36.1773
amman_query_1qMrYvXqBvZDS0XUd5cEtg,isotropic,1234,blur,self,7,amman:18,amman:21,15.679998,36.1773
amman_query_1qMrYvXqBvZDS0XUd5cEtg,white_box,1234,blur,self,5,manila:106,amman:21,15.680000,36.1773
amman_query_1qMrYvXqBvZDS0XUd5cEtg,transfer_1,1234,blur,self,5,amman:12,amman:21,15.680000,36.1773
amman_query_1qMrYvXqBvZDS0XUd5cEtg,transfer_2,1234,blur,self,4,amman:12,amman:21,15.679998,36.1773
amman_query_1qMrYvXqBvZDS0XUd5cEtg,transfer_3,1234,blur,self,6,amman:18,amman:21,15.680000,36.1773
amman_query_1qMrYvXqBvZDS0XUd5cEtg,isotropic,5678,blur,self,5,amman:18,amman:21,15.680000,36.1773
amman_query_1qMrYvXqBvZDS0XUd5cEtg,white_box,5678,blur,self,31,amman:18,amman:21,15.679997,36.1773
amman_query_1qMrYvXqBvZDS0XUd5cEtg,transfer_1,5678,blur,self,8,amman:12,amman:21,15.679998,36.1773
amman_query_1qMrYvXqBvZDS0XUd5cEtg,transfer_2,5678,blur,self,6,amman:22,amman:21,15.680000,36.1773
amman_query_1qMrYvXqBvZDS0XUd5cEtg,transfer_3,5678,blur,self,4,amman:18,amman:21,15.679998,36.1773
amman_query_1qMrYvXqBvZDS0XUd5cEtg,isotropic,9012,blur,self,5,amman:18,amman:21,15.679997,36.1773
amman_query_1qMrYvXqBvZDS0XUd5cEtg,white_box,9012,blur,self,5,manila:46,amman:21,15.680000,36.1773
amman_query_1qMrYvXqBvZDS0XUd5cEtg,transfer_1,9012,blur,self,7,amman:12,amman:21,15.680000,36.1773
amman_query_1qMrYvXqBvZDS0XUd5cEtg,transfer_2,9012,blur,self,5,amman:12,amman:21,15.680001,36.1773
amman_query_1qMrYvXqBvZDS0XUd5cEtg,transfer_3,9012,blur,self,2,amman:12,amman:21,15.680000,36.1773
boston_query_-OlQhKn0bS9eZTkeJL6ovw,isotropic,1234,blur,self,1,boston:237,boston:237,15.680001,36.1773
boston_query_-OlQhKn0bS9eZTkeJL6ovw,white_box,1234,blur,self,4,manila:190,boston:237,15.679998,36.1773
boston_query_-OlQhKn0bS9eZTkeJL6ovw,transfer_1,1234,blur,self,1,boston:237,boston:237,15.679997,36.1773
boston_query_-OlQhKn0bS9eZTkeJL6ovw,transfer_2,1234,blur,self,1,boston:237,boston:237,15.680000,36.1773
boston_query_-OlQhKn0bS9eZTkeJL6ovw,transfer_3,1234,blur,self,1,boston:237,boston:237,15.679997,36.1773
boston_query_-OlQhKn0bS9eZTkeJL6ovw,isotropic,5678,blur,self,1,boston:237,boston:237,15.679997,36.1773
boston_query_-OlQhKn0bS9eZTkeJL6ovw,white_box,5678,blur,self,7,cph:345,boston:237,15.680001,36.1773
boston_query_-OlQhKn0bS9eZTkeJL6ovw,transfer_1,5678,blur,self,1,boston:237,boston:237,15.680000,36.1773
boston_query_-OlQhKn0bS9eZTkeJL6ovw,transfer_2,5678,blur,self,1,boston:237,boston:237,15.679998,36.1773
boston_query_-OlQhKn0bS9eZTkeJL6ovw,transfer_3,5678,blur,self,1,boston:237,boston:237,15.679997,36.1773
boston_query_-OlQhKn0bS9eZTkeJL6ovw,isotropic,9012,blur,self,1,boston:237,boston:237,15.679998,36.1773
boston_query_-OlQhKn0bS9eZTkeJL6ovw,white_box,9012,blur,self,4,manila:190,boston:237,15.680000,36.1773
boston_query_-OlQhKn0bS9eZTkeJL6ovw,transfer_1,9012,blur,self,1,boston:237,boston:237,15.679997,36.1773
boston_query_-OlQhKn0bS9eZTkeJL6ovw,transfer_2,9012,blur,self,1,boston:237,boston:237,15.680000,36.1773
boston_query_-OlQhKn0bS9eZTkeJL6ovw,transfer_3,9012,blur,self,1,boston:237,boston:237,15.679998,36.1773
cph_query_-N9mbKdWcHyUUsU1379EgA,isotropic,1234,blur,self,1,cph:176,cph:176,15.679997,36.1773
cph_query_-N9mbKdWcHyUUsU1379EgA,white_box,1234,blur,self,302,london:111,cph:176,15.679998,36.1773
cph_query_-N9mbKdWcHyUUsU1379EgA,transfer_1,1234,blur,self,2,cph:162,cph:176,15.679997,36.1773
cph_query_-N9mbKdWcHyUUsU1379EgA,transfer_2,1234,blur,self,1,cph:176,cph:176,15.680000,36.1773
cph_query_-N9mbKdWcHyUUsU1379EgA,transfer_3,1234,blur,self,1,cph:176,cph:176,15.679997,36.1773
cph_query_-N9mbKdWcHyUUsU1379EgA,isotropic,5678,blur,self,1,cph:176,cph:176,15.679997,36.1773
cph_query_-N9mbKdWcHyUUsU1379EgA,white_box,5678,blur,self,73,boston:168,cph:176,15.679997,36.1773
cph_query_-N9mbKdWcHyUUsU1379EgA,transfer_1,5678,blur,self,2,cph:162,cph:176,15.679998,36.1773
cph_query_-N9mbKdWcHyUUsU1379EgA,transfer_2,5678,blur,self,1,cph:176,cph:176,15.679996,36.1773
cph_query_-N9mbKdWcHyUUsU1379EgA,transfer_3,5678,blur,self,33,amman:32,cph:176,15.679997,36.1773
cph_query_-N9mbKdWcHyUUsU1379EgA,isotropic,9012,blur,self,1,cph:176,cph:176,15.679998,36.1773
cph_query_-N9mbKdWcHyUUsU1379EgA,white_box,9012,blur,self,40,manila:190,cph:176,15.680000,36.1773
cph_query_-N9mbKdWcHyUUsU1379EgA,transfer_1,9012,blur,self,1,cph:176,cph:176,15.680000,36.1773
cph_query_-N9mbKdWcHyUUsU1379EgA,transfer_2,9012,blur,self,1,cph:176,cph:176,15.679997,36.1773
cph_query_-N9mbKdWcHyUUsU1379EgA,transfer_3,9012,blur,self,1,cph:176,cph:176,15.679997,36.1773
london_query_02vfV_A3zc1S9Akd07xuEA,isotropic,1234,blur,self,128,toronto:88,london:33,15.679998,36.1773
london_query_02vfV_A3zc1S9Akd07xuEA,white_box,1234,blur,self,126,manila:106,london:33,15.679997,36.1773
london_query_02vfV_A3zc1S9Akd07xuEA,transfer_1,1234,blur,self,60,toronto:88,london:33,15.679997,36.1773
london_query_02vfV_A3zc1S9Akd07xuEA,transfer_2,1234,blur,self,72,toronto:88,london:33,15.679997,36.1773
london_query_02vfV_A3zc1S9Akd07xuEA,transfer_3,1234,blur,self,52,zurich:94,london:33,15.679998,36.1773
london_query_02vfV_A3zc1S9Akd07xuEA,isotropic,5678,blur,self,139,toronto:88,london:33,15.680000,36.1773
london_query_02vfV_A3zc1S9Akd07xuEA,white_box,5678,blur,self,28,boston:206,london:33,15.680000,36.1773
london_query_02vfV_A3zc1S9Akd07xuEA,transfer_1,5678,blur,self,67,toronto:88,london:33,15.679997,36.1773
london_query_02vfV_A3zc1S9Akd07xuEA,transfer_2,5678,blur,self,53,toronto:88,london:33,15.680000,36.1773
london_query_02vfV_A3zc1S9Akd07xuEA,transfer_3,5678,blur,self,35,zurich:94,london:33,15.680001,36.1773
london_query_02vfV_A3zc1S9Akd07xuEA,isotropic,9012,blur,self,122,toronto:88,london:33,15.679997,36.1773
london_query_02vfV_A3zc1S9Akd07xuEA,white_box,9012,blur,self,134,boston:168,london:33,15.679997,36.1773
london_query_02vfV_A3zc1S9Akd07xuEA,transfer_1,9012,blur,self,56,london:8,london:33,15.680001,36.1773
london_query_02vfV_A3zc1S9Akd07xuEA,transfer_2,9012,blur,self,66,london:8,london:33,15.679998,36.1773
london_query_02vfV_A3zc1S9Akd07xuEA,transfer_3,9012,blur,self,48,manila:87,london:33,15.679996,36.1773
manila_query_-Tmeby1UCsrkKNvVnN7L5g,isotropic,1234,blur,self,543,manila:51,manila:87,15.680000,36.1773
manila_query_-Tmeby1UCsrkKNvVnN7L5g,white_box,1234,blur,self,230,manila:51,manila:87,15.679997,36.1773
manila_query_-Tmeby1UCsrkKNvVnN7L5g,transfer_1,1234,blur,self,431,manila:51,manila:87,15.679997,36.1773
manila_query_-Tmeby1UCsrkKNvVnN7L5g,transfer_2,1234,blur,self,478,london:75,manila:87,15.679997,36.1773
manila_query_-Tmeby1UCsrkKNvVnN7L5g,transfer_3,1234,blur,self,592,manila:51,manila:87,15.679997,36.1773
manila_query_-Tmeby1UCsrkKNvVnN7L5g,isotropic,5678,blur,self,479,manila:51,manila:87,15.680001,36.1773
manila_query_-Tmeby1UCsrkKNvVnN7L5g,white_box,5678,blur,self,264,manila:51,manila:87,15.679997,36.1773
manila_query_-Tmeby1UCsrkKNvVnN7L5g,transfer_1,5678,blur,self,540,manila:51,manila:87,15.680000,36.1773
manila_query_-Tmeby1UCsrkKNvVnN7L5g,transfer_2,5678,blur,self,512,london:34,manila:87,15.680001,36.1773
manila_query_-Tmeby1UCsrkKNvVnN7L5g,transfer_3,5678,blur,self,581,manila:51,manila:87,15.679998,36.1773
manila_query_-Tmeby1UCsrkKNvVnN7L5g,isotropic,9012,blur,self,515,manila:51,manila:87,15.680002,36.1773
manila_query_-Tmeby1UCsrkKNvVnN7L5g,white_box,9012,blur,self,765,manila:41,manila:87,15.679997,36.1773
manila_query_-Tmeby1UCsrkKNvVnN7L5g,transfer_1,9012,blur,self,586,london:75,manila:87,15.680000,36.1773
manila_query_-Tmeby1UCsrkKNvVnN7L5g,transfer_2,9012,blur,self,527,manila:51,manila:87,15.679998,36.1773
manila_query_-Tmeby1UCsrkKNvVnN7L5g,transfer_3,9012,blur,self,611,manila:51,manila:87,15.679997,36.1773
nairobi_query_37RDt83nGFaZl6CPpzqlTw,isotropic,1234,blur,self,2,zurich:42,nairobi:13,15.679996,36.1773
nairobi_query_37RDt83nGFaZl6CPpzqlTw,white_box,1234,blur,self,1042,manila:190,nairobi:13,15.680000,36.1773
nairobi_query_37RDt83nGFaZl6CPpzqlTw,transfer_1,1234,blur,self,5,zurich:42,nairobi:13,15.680000,36.1773
nairobi_query_37RDt83nGFaZl6CPpzqlTw,transfer_2,1234,blur,self,3,zurich:42,nairobi:13,15.680000,36.1773
nairobi_query_37RDt83nGFaZl6CPpzqlTw,transfer_3,1234,blur,self,7,zurich:42,nairobi:13,15.680000,36.1773
nairobi_query_37RDt83nGFaZl6CPpzqlTw,isotropic,5678,blur,self,2,zurich:42,nairobi:13,15.680000,36.1773
nairobi_query_37RDt83nGFaZl6CPpzqlTw,white_box,5678,blur,self,1422,cph:345,nairobi:13,15.680000,36.1773
nairobi_query_37RDt83nGFaZl6CPpzqlTw,transfer_1,5678,blur,self,14,zurich:42,nairobi:13,15.680000,36.1773
nairobi_query_37RDt83nGFaZl6CPpzqlTw,transfer_2,5678,blur,self,9,zurich:42,nairobi:13,15.680000,36.1773
nairobi_query_37RDt83nGFaZl6CPpzqlTw,transfer_3,5678,blur,self,42,london:85,nairobi:13,15.679997,36.1773
nairobi_query_37RDt83nGFaZl6CPpzqlTw,isotropic,9012,blur,self,2,zurich:42,nairobi:13,15.679996,36.1773
nairobi_query_37RDt83nGFaZl6CPpzqlTw,white_box,9012,blur,self,1112,manila:190,nairobi:13,15.680000,36.1773
nairobi_query_37RDt83nGFaZl6CPpzqlTw,transfer_1,9012,blur,self,1,nairobi:13,nairobi:13,15.680000,36.1773
nairobi_query_37RDt83nGFaZl6CPpzqlTw,transfer_2,9012,blur,self,2,zurich:42,nairobi:13,15.680000,36.1773
nairobi_query_37RDt83nGFaZl6CPpzqlTw,transfer_3,9012,blur,self,9,zurich:42,nairobi:13,15.680000,36.1773
toronto_query_-IlXU6r8OSJejg6wnFTYMQ,isotropic,1234,blur,self,276,amman:21,toronto:236,15.680000,36.1773
toronto_query_-IlXU6r8OSJejg6wnFTYMQ,white_box,1234,blur,self,788,manila:190,toronto:236,15.679997,36.1773
toronto_query_-IlXU6r8OSJejg6wnFTYMQ,transfer_1,1234,blur,self,376,amman:21,toronto:236,15.679996,36.1773
toronto_query_-IlXU6r8OSJejg6wnFTYMQ,transfer_2,1234,blur,self,364,amman:6,toronto:236,15.679997,36.1773
toronto_query_-IlXU6r8OSJejg6wnFTYMQ,transfer_3,1234,blur,self,344,cph:176,toronto:236,15.680000,36.1773
toronto_query_-IlXU6r8OSJejg6wnFTYMQ,isotropic,5678,blur,self,268,amman:21,toronto:236,15.679998,36.1773
toronto_query_-IlXU6r8OSJejg6wnFTYMQ,white_box,5678,blur,self,961,manila:190,toronto:236,15.679997,36.1773
toronto_query_-IlXU6r8OSJejg6wnFTYMQ,transfer_1,5678,blur,self,310,amman:21,toronto:236,15.680002,36.1773
toronto_query_-IlXU6r8OSJejg6wnFTYMQ,transfer_2,5678,blur,self,359,amman:6,toronto:236,15.680000,36.1773
toronto_query_-IlXU6r8OSJejg6wnFTYMQ,transfer_3,5678,blur,self,627,amman:21,toronto:236,15.680000,36.1773
toronto_query_-IlXU6r8OSJejg6wnFTYMQ,isotropic,9012,blur,self,257,amman:21,toronto:236,15.679998,36.1773
toronto_query_-IlXU6r8OSJejg6wnFTYMQ,white_box,9012,blur,self,863,manila:190,toronto:236,15.680000,36.1773
toronto_query_-IlXU6r8OSJejg6wnFTYMQ,transfer_1,9012,blur,self,402,amman:21,toronto:236,15.680001,36.1773
toronto_query_-IlXU6r8OSJejg6wnFTYMQ,transfer_2,9012,blur,self,276,amman:6,toronto:236,15.679998,36.1773
toronto_query_-IlXU6r8OSJejg6wnFTYMQ,transfer_3,9012,blur,self,346,toronto:196,toronto:236,15.680000,36.1773
zurich_query_0Ky7pgdILHyYlzjahHNGZg,isotropic,1234,blur,self,1149,zurich:27,zurich:51,15.679998,36.1773
zurich_query_0Ky7pgdILHyYlzjahHNGZg,white_box,1234,blur,self,1853,manila:106,zurich:51,15.679997,36.1773
zurich_query_0Ky7pgdILHyYlzjahHNGZg,transfer_1,1234,blur,self,1193,zurich:37,zurich:51,15.680000,36.1773
zurich_query_0Ky7pgdILHyYlzjahHNGZg,transfer_2,1234,blur,self,1367,zurich:27,zurich:51,15.679997,36.1773
zurich_query_0Ky7pgdILHyYlzjahHNGZg,transfer_3,1234,blur,self,1505,zurich:27,zurich:51,15.679998,36.1773
zurich_query_0Ky7pgdILHyYlzjahHNGZg,isotropic,5678,blur,self,1168,zurich:27,zurich:51,15.680001,36.1773
zurich_query_0Ky7pgdILHyYlzjahHNGZg,white_box,5678,blur,self,1688,manila:106,zurich:51,15.680000,36.1773
zurich_query_0Ky7pgdILHyYlzjahHNGZg,transfer_1,5678,blur,self,1258,zurich:37,zurich:51,15.679998,36.1773
zurich_query_0Ky7pgdILHyYlzjahHNGZg,transfer_2,5678,blur,self,1253,zurich:27,zurich:51,15.679997,36.1773
zurich_query_0Ky7pgdILHyYlzjahHNGZg,transfer_3,5678,blur,self,1172,boston:171,zurich:51,15.679997,36.1773
zurich_query_0Ky7pgdILHyYlzjahHNGZg,isotropic,9012,blur,self,1140,zurich:27,zurich:51,15.680000,36.1773
zurich_query_0Ky7pgdILHyYlzjahHNGZg,white_box,9012,blur,self,1796,manila:106,zurich:51,15.680000,36.1773
zurich_query_0Ky7pgdILHyYlzjahHNGZg,transfer_1,9012,blur,self,1273,zurich:27,zurich:51,15.679997,36.1773
zurich_query_0Ky7pgdILHyYlzjahHNGZg,transfer_2,9012,blur,self,1378,zurich:37,zurich:51,15.680000,36.1773
zurich_query_0Ky7pgdILHyYlzjahHNGZg,transfer_3,9012,blur,self,1435,zurich:27,zurich:51,15.680000,36.1773
amman_query_1rZerb0T7z_1E7yKfEBCtA,isotropic,1234,blur,self,1,amman:6,amman:6,15.680000,36.1773
amman_query_1rZerb0T7z_1E7yKfEBCtA,white_box,1234,blur,self,228,toronto:88,amman:6,15.680000,36.1773
amman_query_1rZerb0T7z_1E7yKfEBCtA,transfer_1,1234,blur,self,7,amman:18,amman:6,15.679997,36.1773
amman_query_1rZerb0T7z_1E7yKfEBCtA,transfer_2,1234,blur,self,4,amman:18,amman:6,15.679997,36.1773
amman_query_1rZerb0T7z_1E7yKfEBCtA,transfer_3,1234,blur,self,6,amman:18,amman:6,15.679997,36.1773
amman_query_1rZerb0T7z_1E7yKfEBCtA,isotropic,5678,blur,self,2,amman:18,amman:6,15.680000,36.1773
amman_query_1rZerb0T7z_1E7yKfEBCtA,white_box,5678,blur,self,46,boston:249,amman:6,15.680000,36.1773
amman_query_1rZerb0T7z_1E7yKfEBCtA,transfer_1,5678,blur,self,3,amman:18,amman:6,15.680000,36.1773
amman_query_1rZerb0T7z_1E7yKfEBCtA,transfer_2,5678,blur,self,6,amman:18,amman:6,15.680000,36.1773
amman_query_1rZerb0T7z_1E7yKfEBCtA,transfer_3,5678,blur,self,3,amman:0,amman:6,15.679997,36.1773
amman_query_1rZerb0T7z_1E7yKfEBCtA,isotropic,9012,blur,self,2,amman:18,amman:6,15.680000,36.1773
amman_query_1rZerb0T7z_1E7yKfEBCtA,white_box,9012,blur,self,7,manila:46,amman:6,15.679998,36.1773
amman_query_1rZerb0T7z_1E7yKfEBCtA,transfer_1,9012,blur,self,10,amman:18,amman:6,15.680000,36.1773
amman_query_1rZerb0T7z_1E7yKfEBCtA,transfer_2,9012,blur,self,10,amman:18,amman:6,15.679996,36.1773
amman_query_1rZerb0T7z_1E7yKfEBCtA,transfer_3,9012,blur,self,10,zurich:30,amman:6,15.679997,36.1773
boston_query_-Phryua7d1FHhpGGfaEGcg,isotropic,1234,blur,self,152,boston:90,boston:47,15.680000,36.1773
boston_query_-Phryua7d1FHhpGGfaEGcg,white_box,1234,blur,self,525,manila:173,boston:47,15.679997,36.1773
boston_query_-Phryua7d1FHhpGGfaEGcg,transfer_1,1234,blur,self,158,boston:90,boston:47,15.680000,36.1773
boston_query_-Phryua7d1FHhpGGfaEGcg,transfer_2,1234,blur,self,40,manila:181,boston:47,15.679997,36.1773
boston_query_-Phryua7d1FHhpGGfaEGcg,transfer_3,1234,blur,self,44,manila:181,boston:47,15.679998,36.1773
boston_query_-Phryua7d1FHhpGGfaEGcg,isotropic,5678,blur,self,139,boston:90,boston:47,15.680000,36.1773
boston_query_-Phryua7d1FHhpGGfaEGcg,white_box,5678,blur,self,53,london:28,boston:47,15.680000,36.1773
boston_query_-Phryua7d1FHhpGGfaEGcg,transfer_1,5678,blur,self,84,boston:90,boston:47,15.679996,36.1773
boston_query_-Phryua7d1FHhpGGfaEGcg,transfer_2,5678,blur,self,70,boston:90,boston:47,15.680000,36.1773
boston_query_-Phryua7d1FHhpGGfaEGcg,transfer_3,5678,blur,self,45,toronto:23,boston:47,15.680000,36.1773
boston_query_-Phryua7d1FHhpGGfaEGcg,isotropic,9012,blur,self,156,boston:90,boston:47,15.680000,36.1773
boston_query_-Phryua7d1FHhpGGfaEGcg,white_box,9012,blur,self,108,london:28,boston:47,15.680000,36.1773
boston_query_-Phryua7d1FHhpGGfaEGcg,transfer_1,9012,blur,self,61,boston:90,boston:47,15.679997,36.1773
boston_query_-Phryua7d1FHhpGGfaEGcg,transfer_2,9012,blur,self,92,boston:90,boston:47,15.679997,36.1773
boston_query_-Phryua7d1FHhpGGfaEGcg,transfer_3,9012,blur,self,46,toronto:23,boston:47,15.679997,36.1773
cph_query_-PRZAb6qxjSdDqzgOekgbg,isotropic,1234,blur,self,1,cph:356,cph:356,15.680000,36.1773
cph_query_-PRZAb6qxjSdDqzgOekgbg,white_box,1234,blur,self,31,nairobi:1,cph:356,15.680000,36.1773
cph_query_-PRZAb6qxjSdDqzgOekgbg,transfer_1,1234,blur,self,1,cph:356,cph:356,15.679998,36.1773
cph_query_-PRZAb6qxjSdDqzgOekgbg,transfer_2,1234,blur,self,1,cph:356,cph:356,15.679997,36.1773
cph_query_-PRZAb6qxjSdDqzgOekgbg,transfer_3,1234,blur,self,1,cph:356,cph:356,15.679997,36.1773
cph_query_-PRZAb6qxjSdDqzgOekgbg,isotropic,5678,blur,self,1,cph:356,cph:356,15.680000,36.1773
cph_query_-PRZAb6qxjSdDqzgOekgbg,white_box,5678,blur,self,22,toronto:27,cph:356,15.679998,36.1773
cph_query_-PRZAb6qxjSdDqzgOekgbg,transfer_1,5678,blur,self,1,cph:356,cph:356,15.680001,36.1773
cph_query_-PRZAb6qxjSdDqzgOekgbg,transfer_2,5678,blur,self,1,cph:356,cph:356,15.680000,36.1773
cph_query_-PRZAb6qxjSdDqzgOekgbg,transfer_3,5678,blur,self,1,cph:356,cph:356,15.680002,36.1773
cph_query_-PRZAb6qxjSdDqzgOekgbg,isotropic,9012,blur,self,1,cph:356,cph:356,15.679998,36.1773
cph_query_-PRZAb6qxjSdDqzgOekgbg,white_box,9012,blur,self,22,cph:345,cph:356,15.679997,36.1773
cph_query_-PRZAb6qxjSdDqzgOekgbg,transfer_1,9012,blur,self,1,cph:356,cph:356,15.679997,36.1773
cph_query_-PRZAb6qxjSdDqzgOekgbg,transfer_2,9012,blur,self,1,cph:356,cph:356,15.680000,36.1773
cph_query_-PRZAb6qxjSdDqzgOekgbg,transfer_3,9012,blur,self,1,cph:356,cph:356,15.679998,36.1773
london_query_039iugtZTFguj-7UQyc-wg,isotropic,1234,blur,self,1,london:71,london:71,15.679997,36.1773
london_query_039iugtZTFguj-7UQyc-wg,white_box,1234,blur,self,23,london:34,london:71,15.680000,36.1773
london_query_039iugtZTFguj-7UQyc-wg,transfer_1,1234,blur,self,7,cph:162,london:71,15.679998,36.1773
london_query_039iugtZTFguj-7UQyc-wg,transfer_2,1234,blur,self,8,toronto:103,london:71,15.680000,36.1773
london_query_039iugtZTFguj-7UQyc-wg,transfer_3,1234,blur,self,19,boston:249,london:71,15.680000,36.1773
london_query_039iugtZTFguj-7UQyc-wg,isotropic,5678,blur,self,1,london:71,london:71,15.680002,36.1773
london_query_039iugtZTFguj-7UQyc-wg,white_box,5678,blur,self,207,boston:244,london:71,15.680000,36.1773
london_query_039iugtZTFguj-7UQyc-wg,transfer_1,5678,blur,self,2,cph:162,london:71,15.680000,36.1773
london_query_039iugtZTFguj-7UQyc-wg,transfer_2,5678,blur,self,6,toronto:103,london:71,15.680000,36.1773
london_query_039iugtZTFguj-7UQyc-wg,transfer_3,5678,blur,self,7,boston:249,london:71,15.680000,36.1773
london_query_039iugtZTFguj-7UQyc-wg,isotropic,9012,blur,self,1,london:71,london:71,15.679996,36.1773
london_query_039iugtZTFguj-7UQyc-wg,white_box,9012,blur,self,148,boston:99,london:71,15.680000,36.1773
london_query_039iugtZTFguj-7UQyc-wg,transfer_1,9012,blur,self,1,london:71,london:71,15.679998,36.1773
london_query_039iugtZTFguj-7UQyc-wg,transfer_2,9012,blur,self,7,london:34,london:71,15.679997,36.1773
london_query_039iugtZTFguj-7UQyc-wg,transfer_3,9012,blur,self,6,boston:249,london:71,15.680000,36.1773
manila_query_-TrGJy3CeaXApOffGndlqg,isotropic,1234,blur,self,18,toronto:102,manila:41,15.680001,36.1773
manila_query_-TrGJy3CeaXApOffGndlqg,white_box,1234,blur,self,34,london:21,manila:41,15.679997,36.1773
manila_query_-TrGJy3CeaXApOffGndlqg,transfer_1,1234,blur,self,15,toronto:102,manila:41,15.680000,36.1773
manila_query_-TrGJy3CeaXApOffGndlqg,transfer_2,1234,blur,self,1,manila:41,manila:41,15.679998,36.1773
manila_query_-TrGJy3CeaXApOffGndlqg,transfer_3,1234,blur,self,2,toronto:102,manila:41,15.680000,36.1773
manila_query_-TrGJy3CeaXApOffGndlqg,isotropic,5678,blur,self,25,toronto:102,manila:41,15.680002,36.1773
manila_query_-TrGJy3CeaXApOffGndlqg,white_box,5678,blur,self,30,manila:106,manila:41,15.680001,36.1773
manila_query_-TrGJy3CeaXApOffGndlqg,transfer_1,5678,blur,self,30,toronto:102,manila:41,15.679998,36.1773
manila_query_-TrGJy3CeaXApOffGndlqg,transfer_2,5678,blur,self,63,toronto:88,manila:41,15.680000,36.1773
manila_query_-TrGJy3CeaXApOffGndlqg,transfer_3,5678,blur,self,4,toronto:102,manila:41,15.680000,36.1773
manila_query_-TrGJy3CeaXApOffGndlqg,isotropic,9012,blur,self,23,toronto:102,manila:41,15.680001,36.1773
manila_query_-TrGJy3CeaXApOffGndlqg,white_box,9012,blur,self,19,manila:142,manila:41,15.680001,36.1773
manila_query_-TrGJy3CeaXApOffGndlqg,transfer_1,9012,blur,self,48,toronto:102,manila:41,15.679997,36.1773
manila_query_-TrGJy3CeaXApOffGndlqg,transfer_2,9012,blur,self,7,toronto:102,manila:41,15.680000,36.1773
manila_query_-TrGJy3CeaXApOffGndlqg,transfer_3,9012,blur,self,3,manila:51,manila:41,15.679997,36.1773
nairobi_query_38y5DGnb1BCdL2r_1MWELg,isotropic,1234,blur,self,288,boston:206,nairobi:5,15.680002,36.1773
nairobi_query_38y5DGnb1BCdL2r_1MWELg,white_box,1234,blur,self,240,manila:92,nairobi:5,15.679997,36.1773
nairobi_query_38y5DGnb1BCdL2r_1MWELg,transfer_1,1234,blur,self,179,boston:206,nairobi:5,15.680000,36.1773
nairobi_query_38y5DGnb1BCdL2r_1MWELg,transfer_2,1234,blur,self,344,boston:206,nairobi:5,15.679998,36.1773
nairobi_query_38y5DGnb1BCdL2r_1MWELg,transfer_3,1234,blur,self,124,boston:19,nairobi:5,15.679997,36.1773
nairobi_query_38y5DGnb1BCdL2r_1MWELg,isotropic,5678,blur,self,266,boston:206,nairobi:5,15.679997,36.1773
nairobi_query_38y5DGnb1BCdL2r_1MWELg,white_box,5678,blur,self,202,manila:106,nairobi:5,15.680000,36.1773
nairobi_query_38y5DGnb1BCdL2r_1MWELg,transfer_1,5678,blur,self,475,boston:206,nairobi:5,15.679998,36.1773
nairobi_query_38y5DGnb1BCdL2r_1MWELg,transfer_2,5678,blur,self,263,boston:206,nairobi:5,15.679997,36.1773
nairobi_query_38y5DGnb1BCdL2r_1MWELg,transfer_3,5678,blur,self,129,boston:206,nairobi:5,15.680000,36.1773
nairobi_query_38y5DGnb1BCdL2r_1MWELg,isotropic,9012,blur,self,168,boston:206,nairobi:5,15.680002,36.1773
nairobi_query_38y5DGnb1BCdL2r_1MWELg,white_box,9012,blur,self,250,manila:29,nairobi:5,15.679998,36.1773
nairobi_query_38y5DGnb1BCdL2r_1MWELg,transfer_1,9012,blur,self,271,boston:206,nairobi:5,15.679997,36.1773
nairobi_query_38y5DGnb1BCdL2r_1MWELg,transfer_2,9012,blur,self,437,zurich:42,nairobi:5,15.680000,36.1773
nairobi_query_38y5DGnb1BCdL2r_1MWELg,transfer_3,9012,blur,self,48,boston:206,nairobi:5,15.679998,36.1773
toronto_query_-Iyv6ydukEfueu-CphPhwg,isotropic,1234,blur,self,5,toronto:200,toronto:218,15.679996,36.1773
toronto_query_-Iyv6ydukEfueu-CphPhwg,white_box,1234,blur,self,15,manila:41,toronto:218,15.680000,36.1773
toronto_query_-Iyv6ydukEfueu-CphPhwg,transfer_1,1234,blur,self,4,toronto:200,toronto:218,15.680000,36.1773
toronto_query_-Iyv6ydukEfueu-CphPhwg,transfer_2,1234,blur,self,5,toronto:200,toronto:218,15.680002,36.1773
toronto_query_-Iyv6ydukEfueu-CphPhwg,transfer_3,1234,blur,self,10,toronto:200,toronto:218,15.679998,36.1773
toronto_query_-Iyv6ydukEfueu-CphPhwg,isotropic,5678,blur,self,5,toronto:200,toronto:218,15.679997,36.1773
toronto_query_-Iyv6ydukEfueu-CphPhwg,white_box,5678,blur,self,80,london:34,toronto:218,15.680000,36.1773
toronto_query_-Iyv6ydukEfueu-CphPhwg,transfer_1,5678,blur,self,3,toronto:200,toronto:218,15.680000,36.1773
toronto_query_-Iyv6ydukEfueu-CphPhwg,transfer_2,5678,blur,self,3,toronto:200,toronto:218,15.680000,36.1773
toronto_query_-Iyv6ydukEfueu-CphPhwg,transfer_3,5678,blur,self,7,toronto:200,toronto:218,15.680000,36.1773
toronto_query_-Iyv6ydukEfueu-CphPhwg,isotropic,9012,blur,self,5,toronto:200,toronto:218,15.680002,36.1773
toronto_query_-Iyv6ydukEfueu-CphPhwg,white_box,9012,blur,self,89,boston:168,toronto:218,15.679997,36.1773
toronto_query_-Iyv6ydukEfueu-CphPhwg,transfer_1,9012,blur,self,5,toronto:200,toronto:218,15.679997,36.1773
toronto_query_-Iyv6ydukEfueu-CphPhwg,transfer_2,9012,blur,self,3,toronto:200,toronto:218,15.679996,36.1773
toronto_query_-Iyv6ydukEfueu-CphPhwg,transfer_3,9012,blur,self,8,toronto:200,toronto:218,15.680000,36.1773
zurich_query_0PrObi7NiUNPMe7_RDu2Ng,isotropic,1234,blur,self,210,cph:243,zurich:46,15.679998,36.1773
zurich_query_0PrObi7NiUNPMe7_RDu2Ng,white_box,1234,blur,self,413,manila:189,zurich:46,15.679998,36.1773
zurich_query_0PrObi7NiUNPMe7_RDu2Ng,transfer_1,1234,blur,self,51,amman:29,zurich:46,15.679997,36.1773
zurich_query_0PrObi7NiUNPMe7_RDu2Ng,transfer_2,1234,blur,self,9,toronto:366,zurich:46,15.680000,36.1773
zurich_query_0PrObi7NiUNPMe7_RDu2Ng,transfer_3,1234,blur,self,47,amman:29,zurich:46,15.680001,36.1773
zurich_query_0PrObi7NiUNPMe7_RDu2Ng,isotropic,5678,blur,self,192,cph:243,zurich:46,15.680000,36.1773
zurich_query_0PrObi7NiUNPMe7_RDu2Ng,white_box,5678,blur,self,271,manila:190,zurich:46,15.679997,36.1773
zurich_query_0PrObi7NiUNPMe7_RDu2Ng,transfer_1,5678,blur,self,90,manila:13,zurich:46,15.680000,36.1773
zurich_query_0PrObi7NiUNPMe7_RDu2Ng,transfer_2,5678,blur,self,58,amman:29,zurich:46,15.680000,36.1773
zurich_query_0PrObi7NiUNPMe7_RDu2Ng,transfer_3,5678,blur,self,13,amman:29,zurich:46,15.680001,36.1773
zurich_query_0PrObi7NiUNPMe7_RDu2Ng,isotropic,9012,blur,self,235,manila:13,zurich:46,15.680000,36.1773
zurich_query_0PrObi7NiUNPMe7_RDu2Ng,white_box,9012,blur,self,288,manila:92,zurich:46,15.680001,36.1773
zurich_query_0PrObi7NiUNPMe7_RDu2Ng,transfer_1,9012,blur,self,131,amman:29,zurich:46,15.679998,36.1773
zurich_query_0PrObi7NiUNPMe7_RDu2Ng,transfer_2,9012,blur,self,17,amman:29,zurich:46,15.679997,36.1773
zurich_query_0PrObi7NiUNPMe7_RDu2Ng,transfer_3,9012,blur,self,26,amman:29,zurich:46,15.679997,36.1773
amman_query_1uJbVMOMqlPVx4GYc2BgOA,isotropic,1234,blur,self,240,amman:0,amman:15,15.679998,36.1773
amman_query_1uJbVMOMqlPVx4GYc2BgOA,white_box,1234,blur,self,1169,manila:29,amman:15,15.679997,36.1773
amman_query_1uJbVMOMqlPVx4GYc2BgOA,transfer_1,1234,blur,self,287,amman:0,amman:15,15.680000,36.1773
amman_query_1uJbVMOMqlPVx4GYc2BgOA,transfer_2,1234,blur,self,515,amman:0,amman:15,15.680001,36.1773
amman_query_1uJbVMOMqlPVx4GYc2BgOA,transfer_3,1234,blur,self,584,amman:6,amman:15,15.680000,36.1773
amman_query_1uJbVMOMqlPVx4GYc2BgOA,isotropic,5678,blur,self,233,amman:0,amman:15,15.679998,36.1773
amman_query_1uJbVMOMqlPVx4GYc2BgOA,white_box,5678,blur,self,1314,london:28,amman:15,15.679998,36.1773
amman_query_1uJbVMOMqlPVx4GYc2BgOA,transfer_1,5678,blur,self,220,amman:0,amman:15,15.679997,36.1773
amman_query_1uJbVMOMqlPVx4GYc2BgOA,transfer_2,5678,blur,self,304,amman:0,amman:15,15.680001,36.1773
amman_query_1uJbVMOMqlPVx4GYc2BgOA,transfer_3,5678,blur,self,619,amman:0,amman:15,15.679997,36.1773
amman_query_1uJbVMOMqlPVx4GYc2BgOA,isotropic,9012,blur,self,296,amman:0,amman:15,15.680000,36.1773
amman_query_1uJbVMOMqlPVx4GYc2BgOA,white_box,9012,blur,self,1523,london:28,amman:15,15.680000,36.1773
amman_query_1uJbVMOMqlPVx4GYc2BgOA,transfer_1,9012,blur,self,346,amman:0,amman:15,15.679997,36.1773
amman_query_1uJbVMOMqlPVx4GYc2BgOA,transfer_2,9012,blur,self,247,amman:0,amman:15,15.680000,36.1773
amman_query_1uJbVMOMqlPVx4GYc2BgOA,transfer_3,9012,blur,self,398,amman:0,amman:15,15.679997,36.1773
boston_query_-Ptt76cqL8Ath-qW7aRUQw,isotropic,1234,blur,self,1,boston:139,boston:139,15.679998,36.1773
boston_query_-Ptt76cqL8Ath-qW7aRUQw,white_box,1234,blur,self,46,london:111,boston:139,15.680000,36.1773
boston_query_-Ptt76cqL8Ath-qW7aRUQw,transfer_1,1234,blur,self,1,boston:139,boston:139,15.680000,36.1773
boston_query_-Ptt76cqL8Ath-qW7aRUQw,transfer_2,1234,blur,self,1,boston:139,boston:139,15.680000,36.1773
boston_query_-Ptt76cqL8Ath-qW7aRUQw,transfer_3,1234,blur,self,1,boston:139,boston:139,15.680000,36.1773
boston_query_-Ptt76cqL8Ath-qW7aRUQw,isotropic,5678,blur,self,1,boston:139,boston:139,15.680000,36.1773
boston_query_-Ptt76cqL8Ath-qW7aRUQw,white_box,5678,blur,self,79,toronto:27,boston:139,15.680001,36.1773
boston_query_-Ptt76cqL8Ath-qW7aRUQw,transfer_1,5678,blur,self,1,boston:139,boston:139,15.679997,36.1773
boston_query_-Ptt76cqL8Ath-qW7aRUQw,transfer_2,5678,blur,self,1,boston:139,boston:139,15.679998,36.1773
boston_query_-Ptt76cqL8Ath-qW7aRUQw,transfer_3,5678,blur,self,1,boston:139,boston:139,15.679998,36.1773
boston_query_-Ptt76cqL8Ath-qW7aRUQw,isotropic,9012,blur,self,1,boston:139,boston:139,15.679997,36.1773
boston_query_-Ptt76cqL8Ath-qW7aRUQw,white_box,9012,blur,self,27,boston:47,boston:139,15.680001,36.1773
boston_query_-Ptt76cqL8Ath-qW7aRUQw,transfer_1,9012,blur,self,1,boston:139,boston:139,15.679997,36.1773
boston_query_-Ptt76cqL8Ath-qW7aRUQw,transfer_2,9012,blur,self,1,boston:139,boston:139,15.680000,36.1773
boston_query_-Ptt76cqL8Ath-qW7aRUQw,transfer_3,9012,blur,self,1,boston:139,boston:139,15.679997,36.1773
cph_query_-Q4-mvnV6y-0yK62OXn-1w,isotropic,1234,blur,self,587,boston:237,cph:297,15.680000,36.1773
cph_query_-Q4-mvnV6y-0yK62OXn-1w,white_box,1234,blur,self,612,london:28,cph:297,15.680000,36.1773
cph_query_-Q4-mvnV6y-0yK62OXn-1w,transfer_1,1234,blur,self,580,toronto:23,cph:297,15.679998,36.1773
cph_query_-Q4-mvnV6y-0yK62OXn-1w,transfer_2,1234,blur,self,598,toronto:23,cph:297,15.679998,36.1773
cph_query_-Q4-mvnV6y-0yK62OXn-1w,transfer_3,1234,blur,self,558,boston:235,cph:297,15.679998,36.1773
cph_query_-Q4-mvnV6y-0yK62OXn-1w,isotropic,5678,blur,self,629,boston:123,cph:297,15.680000,36.1773
cph_query_-Q4-mvnV6y-0yK62OXn-1w,white_box,5678,blur,self,742,london:111,cph:297,15.680000,36.1773
cph_query_-Q4-mvnV6y-0yK62OXn-1w,transfer_1,5678,blur,self,396,toronto:23,cph:297,15.680000,36.1773
cph_query_-Q4-mvnV6y-0yK62OXn-1w,transfer_2,5678,blur,self,512,toronto:23,cph:297,15.680001,36.1773
cph_query_-Q4-mvnV6y-0yK62OXn-1w,transfer_3,5678,blur,self,703,toronto:23,cph:297,15.680000,36.1773
cph_query_-Q4-mvnV6y-0yK62OXn-1w,isotropic,9012,blur,self,641,toronto:23,cph:297,15.680001,36.1773
cph_query_-Q4-mvnV6y-0yK62OXn-1w,white_box,9012,blur,self,453,london:111,cph:297,15.679998,36.1773
cph_query_-Q4-mvnV6y-0yK62OXn-1w,transfer_1,9012,blur,self,494,toronto:23,cph:297,15.679997,36.1773
cph_query_-Q4-mvnV6y-0yK62OXn-1w,transfer_2,9012,blur,self,684,toronto:23,cph:297,15.680000,36.1773
cph_query_-Q4-mvnV6y-0yK62OXn-1w,transfer_3,9012,blur,self,434,toronto:23,cph:297,15.679998,36.1773
london_query_03BhnvDRczArNBQm0Qu0tQ,isotropic,1234,blur,self,1,london:122,london:122,15.679997,36.1773
london_query_03BhnvDRczArNBQm0Qu0tQ,white_box,1234,blur,self,259,manila:106,london:122,15.680002,36.1773
london_query_03BhnvDRczArNBQm0Qu0tQ,transfer_1,1234,blur,self,2,boston:206,london:122,15.680000,36.1773
london_query_03BhnvDRczArNBQm0Qu0tQ,transfer_2,1234,blur,self,5,toronto:23,london:122,15.679998,36.1773
london_query_03BhnvDRczArNBQm0Qu0tQ,transfer_3,1234,blur,self,26,toronto:33,london:122,15.680000,36.1773
london_query_03BhnvDRczArNBQm0Qu0tQ,isotropic,5678,blur,self,1,london:122,london:122,15.680000,36.1773
london_query_03BhnvDRczArNBQm0Qu0tQ,white_box,5678,blur,self,99,manila:142,london:122,15.680001,36.1773
london_query_03BhnvDRczArNBQm0Qu0tQ,transfer_1,5678,blur,self,1,london:122,london:122,15.679997,36.1773
london_query_03BhnvDRczArNBQm0Qu0tQ,transfer_2,5678,blur,self,11,boston:144,london:122,15.680000,36.1773
london_query_03BhnvDRczArNBQm0Qu0tQ,transfer_3,5678,blur,self,18,boston:144,london:122,15.680000,36.1773
london_query_03BhnvDRczArNBQm0Qu0tQ,isotropic,9012,blur,self,1,london:122,london:122,15.679997,36.1773
london_query_03BhnvDRczArNBQm0Qu0tQ,white_box,9012,blur,self,78,manila:190,london:122,15.680000,36.1773
london_query_03BhnvDRczArNBQm0Qu0tQ,transfer_1,9012,blur,self,2,boston:206,london:122,15.679997,36.1773
london_query_03BhnvDRczArNBQm0Qu0tQ,transfer_2,9012,blur,self,7,toronto:366,london:122,15.679997,36.1773
london_query_03BhnvDRczArNBQm0Qu0tQ,transfer_3,9012,blur,self,4,amman:35,london:122,15.680001,36.1773
manila_query_-Tvw2ZcjPmZrmxcJ3PNHwQ,isotropic,1234,blur,self,1,manila:33,manila:33,15.680000,36.1773
manila_query_-Tvw2ZcjPmZrmxcJ3PNHwQ,white_box,1234,blur,self,28,manila:190,manila:33,15.680002,36.1773
manila_query_-Tvw2ZcjPmZrmxcJ3PNHwQ,transfer_1,1234,blur,self,1,manila:33,manila:33,15.679998,36.1773
manila_query_-Tvw2ZcjPmZrmxcJ3PNHwQ,transfer_2,1234,blur,self,1,manila:33,manila:33,15.679997,36.1773
manila_query_-Tvw2ZcjPmZrmxcJ3PNHwQ,transfer_3,1234,blur,self,1,manila:33,manila:33,15.679997,36.1773
manila_query_-Tvw2ZcjPmZrmxcJ3PNHwQ,isotropic,5678,blur,self,1,manila:33,manila:33,15.680000,36.1773
manila_query_-Tvw2ZcjPmZrmxcJ3PNHwQ,white_box,5678,blur,self,1,manila:33,manila:33,15.680000,36.1773
manila_query_-Tvw2ZcjPmZrmxcJ3PNHwQ,transfer_1,5678,blur,self,1,manila:33,manila:33,15.680000,36.1773
manila_query_-Tvw2ZcjPmZrmxcJ3PNHwQ,transfer_2,5678,blur,self,1,manila:33,manila:33,15.680001,36.1773
manila_query_-Tvw2ZcjPmZrmxcJ3PNHwQ,transfer_3,5678,blur,self,1,manila:33,manila:33,15.680001,36.1773
manila_query_-Tvw2ZcjPmZrmxcJ3PNHwQ,isotropic,9012,blur,self,1,manila:33,manila:33,15.680000,36.1773
manila_query_-Tvw2ZcjPmZrmxcJ3PNHwQ,white_box,9012,blur,self,12,manila:190,manila:33,15.679998,36.1773
manila_query_-Tvw2ZcjPmZrmxcJ3PNHwQ,transfer_1,9012,blur,self,1,manila:33,manila:33,15.680000,36.1773
manila_query_-Tvw2ZcjPmZrmxcJ3PNHwQ,transfer_2,9012,blur,self,1,manila:33,manila:33,15.680001,36.1773
manila_query_-Tvw2ZcjPmZrmxcJ3PNHwQ,transfer_3,9012,blur,self,1,manila:33,manila:33,15.679998,36.1773
nairobi_query_3BfqchD1dC_R_VKSm6NXMQ,isotropic,1234,blur,self,54,zurich:27,nairobi:20,15.680000,36.1773
nairobi_query_3BfqchD1dC_R_VKSm6NXMQ,white_box,1234,blur,self,189,zurich:27,nairobi:20,15.680000,36.1773
nairobi_query_3BfqchD1dC_R_VKSm6NXMQ,transfer_1,1234,blur,self,42,zurich:27,nairobi:20,15.679998,36.1773
nairobi_query_3BfqchD1dC_R_VKSm6NXMQ,transfer_2,1234,blur,self,52,zurich:27,nairobi:20,15.679998,36.1773
nairobi_query_3BfqchD1dC_R_VKSm6NXMQ,transfer_3,1234,blur,self,42,zurich:27,nairobi:20,15.680001,36.1773
nairobi_query_3BfqchD1dC_R_VKSm6NXMQ,isotropic,5678,blur,self,66,zurich:27,nairobi:20,15.679997,36.1773
nairobi_query_3BfqchD1dC_R_VKSm6NXMQ,white_box,5678,blur,self,736,zurich:27,nairobi:20,15.679998,36.1773
nairobi_query_3BfqchD1dC_R_VKSm6NXMQ,transfer_1,5678,blur,self,102,zurich:27,nairobi:20,15.679997,36.1773
nairobi_query_3BfqchD1dC_R_VKSm6NXMQ,transfer_2,5678,blur,self,72,zurich:27,nairobi:20,15.679998,36.1773
nairobi_query_3BfqchD1dC_R_VKSm6NXMQ,transfer_3,5678,blur,self,77,zurich:27,nairobi:20,15.680000,36.1773
nairobi_query_3BfqchD1dC_R_VKSm6NXMQ,isotropic,9012,blur,self,51,zurich:27,nairobi:20,15.680000,36.1773
nairobi_query_3BfqchD1dC_R_VKSm6NXMQ,white_box,9012,blur,self,198,zurich:27,nairobi:20,15.680000,36.1773
nairobi_query_3BfqchD1dC_R_VKSm6NXMQ,transfer_1,9012,blur,self,81,zurich:27,nairobi:20,15.679998,36.1773
nairobi_query_3BfqchD1dC_R_VKSm6NXMQ,transfer_2,9012,blur,self,35,zurich:27,nairobi:20,15.680000,36.1773
nairobi_query_3BfqchD1dC_R_VKSm6NXMQ,transfer_3,9012,blur,self,69,zurich:27,nairobi:20,15.680000,36.1773
toronto_query_-J6MOLqIZtzsA-CH6ie5Cg,isotropic,1234,blur,self,12,toronto:218,toronto:101,15.680000,36.1773
toronto_query_-J6MOLqIZtzsA-CH6ie5Cg,white_box,1234,blur,self,69,london:34,toronto:101,15.680001,36.1773
toronto_query_-J6MOLqIZtzsA-CH6ie5Cg,transfer_1,1234,blur,self,15,toronto:218,toronto:101,15.679997,36.1773
toronto_query_-J6MOLqIZtzsA-CH6ie5Cg,transfer_2,1234,blur,self,5,toronto:218,toronto:101,15.679997,36.1773
toronto_query_-J6MOLqIZtzsA-CH6ie5Cg,transfer_3,1234,blur,self,5,toronto:218,toronto:101,15.680000,36.1773
toronto_query_-J6MOLqIZtzsA-CH6ie5Cg,isotropic,5678,blur,self,15,toronto:218,toronto:101,15.680002,36.1773
toronto_query_-J6MOLqIZtzsA-CH6ie5Cg,white_box,5678,blur,self,22,manila:51,toronto:101,15.680000,36.1773
toronto_query_-J6MOLqIZtzsA-CH6ie5Cg,transfer_1,5678,blur,self,15,toronto:218,toronto:101,15.679998,36.1773
toronto_query_-J6MOLqIZtzsA-CH6ie5Cg,transfer_2,5678,blur,self,14,toronto:218,toronto:101,15.680000,36.1773
toronto_query_-J6MOLqIZtzsA-CH6ie5Cg,transfer_3,5678,blur,self,7,toronto:218,toronto:101,15.679997,36.1773
toronto_query_-J6MOLqIZtzsA-CH6ie5Cg,isotropic,9012,blur,self,15,toronto:218,toronto:101,15.679996,36.1773
toronto_query_-J6MOLqIZtzsA-CH6ie5Cg,white_box,9012,blur,self,60,london:121,toronto:101,15.680000,36.1773
toronto_query_-J6MOLqIZtzsA-CH6ie5Cg,transfer_1,9012,blur,self,15,toronto:218,toronto:101,15.679998,36.1773
toronto_query_-J6MOLqIZtzsA-CH6ie5Cg,transfer_2,9012,blur,self,23,toronto:218,toronto:101,15.680001,36.1773
toronto_query_-J6MOLqIZtzsA-CH6ie5Cg,transfer_3,9012,blur,self,12,toronto:218,toronto:101,15.679998,36.1773
zurich_query_0Spj-pWISRRStxENII8G4A,isotropic,1234,blur,self,171,zurich:23,zurich:61,15.680000,36.1773
zurich_query_0Spj-pWISRRStxENII8G4A,white_box,1234,blur,self,175,zurich:38,zurich:61,15.679998,36.1773
zurich_query_0Spj-pWISRRStxENII8G4A,transfer_1,1234,blur,self,165,zurich:23,zurich:61,15.680000,36.1773
zurich_query_0Spj-pWISRRStxENII8G4A,transfer_2,1234,blur,self,210,zurich:23,zurich:61,15.679997,36.1773
zurich_query_0Spj-pWISRRStxENII8G4A,transfer_3,1234,blur,self,170,zurich:23,zurich:61,15.680000,36.1773
zurich_query_0Spj-pWISRRStxENII8G4A,isotropic,5678,blur,self,184,zurich:23,zurich:61,15.679997,36.1773
zurich_query_0Spj-pWISRRStxENII8G4A,white_box,5678,blur,self,278,zurich:38,zurich:61,15.680001,36.1773
zurich_query_0Spj-pWISRRStxENII8G4A,transfer_1,5678,blur,self,171,zurich:23,zurich:61,15.680001,36.1773
zurich_query_0Spj-pWISRRStxENII8G4A,transfer_2,5678,blur,self,196,zurich:23,zurich:61,15.679997,36.1773
zurich_query_0Spj-pWISRRStxENII8G4A,transfer_3,5678,blur,self,176,boston:47,zurich:61,15.679997,36.1773
zurich_query_0Spj-pWISRRStxENII8G4A,isotropic,9012,blur,self,152,zurich:23,zurich:61,15.679998,36.1773
zurich_query_0Spj-pWISRRStxENII8G4A,white_box,9012,blur,self,126,zurich:38,zurich:61,15.679998,36.1773
zurich_query_0Spj-pWISRRStxENII8G4A,transfer_1,9012,blur,self,151,zurich:23,zurich:61,15.679997,36.1773
zurich_query_0Spj-pWISRRStxENII8G4A,transfer_2,9012,blur,self,194,zurich:23,zurich:61,15.680000,36.1773
zurich_query_0Spj-pWISRRStxENII8G4A,transfer_3,9012,blur,self,196,zurich:23,zurich:61,15.680000,36.1773
amman_query_23YO5CD18Cg_wG_ZhqhbQQ,isotropic,1234,blur,self,107,zurich:19,amman:23,15.679998,36.1773
amman_query_23YO5CD18Cg_wG_ZhqhbQQ,white_box,1234,blur,self,59,manila:190,amman:23,15.679997,36.1773
amman_query_23YO5CD18Cg_wG_ZhqhbQQ,transfer_1,1234,blur,self,149,zurich:19,amman:23,15.679997,36.1773
amman_query_23YO5CD18Cg_wG_ZhqhbQQ,transfer_2,1234,blur,self,205,amman:4,amman:23,15.680002,36.1773
amman_query_23YO5CD18Cg_wG_ZhqhbQQ,transfer_3,1234,blur,self,246,zurich:19,amman:23,15.680001,36.1773
amman_query_23YO5CD18Cg_wG_ZhqhbQQ,isotropic,5678,blur,self,103,zurich:19,amman:23,15.680000,36.1773
amman_query_23YO5CD18Cg_wG_ZhqhbQQ,white_box,5678,blur,self,673,manila:29,amman:23,15.680000,36.1773
amman_query_23YO5CD18Cg_wG_ZhqhbQQ,transfer_1,5678,blur,self,109,zurich:30,amman:23,15.680000,36.1773
amman_query_23YO5CD18Cg_wG_ZhqhbQQ,transfer_2,5678,blur,self,150,zurich:19,amman:23,15.679998,36.1773
amman_query_23YO5CD18Cg_wG_ZhqhbQQ,transfer_3,5678,blur,self,190,zurich:19,amman:23,15.680000,36.1773
amman_query_23YO5CD18Cg_wG_ZhqhbQQ,isotropic,9012,blur,self,110,amman:0,amman:23,15.679998,36.1773
amman_query_23YO5CD18Cg_wG_ZhqhbQQ,white_box,9012,blur,self,518,manila:29,amman:23,15.680000,36.1773
amman_query_23YO5CD18Cg_wG_ZhqhbQQ,transfer_1,9012,blur,self,166,zurich:19,amman:23,15.680000,36.1773
amman_query_23YO5CD18Cg_wG_ZhqhbQQ,transfer_2,9012,blur,self,126,amman:4,amman:23,15.680000,36.1773
amman_query_23YO5CD18Cg_wG_ZhqhbQQ,transfer_3,9012,blur,self,216,zurich:19,amman:23,15.679997,36.1773
boston_query_-RyJCN_Rrfvr2l9jqadkcQ,isotropic,1234,blur,self,1,boston:239,boston:239,15.679997,36.1773
boston_query_-RyJCN_Rrfvr2l9jqadkcQ,white_box,1234,blur,self,36,london:111,boston:239,15.679997,36.1773
boston_query_-RyJCN_Rrfvr2l9jqadkcQ,transfer_1,1234,blur,self,1,boston:239,boston:239,15.680001,36.1773
boston_query_-RyJCN_Rrfvr2l9jqadkcQ,transfer_2,1234,blur,self,1,boston:239,boston:239,15.680000,36.1773
boston_query_-RyJCN_Rrfvr2l9jqadkcQ,transfer_3,1234,blur,self,1,boston:239,boston:239,15.679997,36.1773
boston_query_-RyJCN_Rrfvr2l9jqadkcQ,isotropic,5678,blur,self,1,boston:239,boston:239,15.680000,36.1773
boston_query_-RyJCN_Rrfvr2l9jqadkcQ,white_box,5678,blur,self,32,london:111,boston:239,15.679998,36.1773
boston_query_-RyJCN_Rrfvr2l9jqadkcQ,transfer_1,5678,blur,self,1,boston:239,boston:239,15.679997,36.1773
boston_query_-RyJCN_Rrfvr2l9jqadkcQ,transfer_2,5678,blur,self,1,boston:239,boston:239,15.680001,36.1773
boston_query_-RyJCN_Rrfvr2l9jqadkcQ,transfer_3,5678,blur,self,1,boston:239,boston:239,15.679997,36.1773
boston_query_-RyJCN_Rrfvr2l9jqadkcQ,isotropic,9012,blur,self,1,boston:239,boston:239,15.680000,36.1773
boston_query_-RyJCN_Rrfvr2l9jqadkcQ,white_box,9012,blur,self,218,cph:245,boston:239,15.680000,36.1773
boston_query_-RyJCN_Rrfvr2l9jqadkcQ,transfer_1,9012,blur,self,1,boston:239,boston:239,15.680000,36.1773
boston_query_-RyJCN_Rrfvr2l9jqadkcQ,transfer_2,9012,blur,self,1,boston:239,boston:239,15.679998,36.1773
boston_query_-RyJCN_Rrfvr2l9jqadkcQ,transfer_3,9012,blur,self,2,manila:29,boston:239,15.680000,36.1773
cph_query_-Q7samX2RjJwU9xiKFxpug,isotropic,1234,blur,self,1,cph:175,cph:175,15.679998,36.1773
cph_query_-Q7samX2RjJwU9xiKFxpug,white_box,1234,blur,self,102,manila:51,cph:175,15.680000,36.1773
cph_query_-Q7samX2RjJwU9xiKFxpug,transfer_1,1234,blur,self,1,cph:175,cph:175,15.679998,36.1773
cph_query_-Q7samX2RjJwU9xiKFxpug,transfer_2,1234,blur,self,1,cph:175,cph:175,15.679998,36.1773
cph_query_-Q7samX2RjJwU9xiKFxpug,transfer_3,1234,blur,self,2,cph:96,cph:175,15.679996,36.1773
cph_query_-Q7samX2RjJwU9xiKFxpug,isotropic,5678,blur,self,1,cph:175,cph:175,15.679998,36.1773
cph_query_-Q7samX2RjJwU9xiKFxpug,white_box,5678,blur,self,80,toronto:218,cph:175,15.680001,36.1773
cph_query_-Q7samX2RjJwU9xiKFxpug,transfer_1,5678,blur,self,1,cph:175,cph:175,15.680000,36.1773
cph_query_-Q7samX2RjJwU9xiKFxpug,transfer_2,5678,blur,self,1,cph:175,cph:175,15.680000,36.1773
cph_query_-Q7samX2RjJwU9xiKFxpug,transfer_3,5678,blur,self,1,cph:175,cph:175,15.679998,36.1773
cph_query_-Q7samX2RjJwU9xiKFxpug,isotropic,9012,blur,self,1,cph:175,cph:175,15.679998,36.1773
cph_query_-Q7samX2RjJwU9xiKFxpug,white_box,9012,blur,self,71,manila:51,cph:175,15.680000,36.1773
cph_query_-Q7samX2RjJwU9xiKFxpug,transfer_1,9012,blur,self,1,cph:175,cph:175,15.679997,36.1773
cph_query_-Q7samX2RjJwU9xiKFxpug,transfer_2,9012,blur,self,1,cph:175,cph:175,15.680000,36.1773
cph_query_-Q7samX2RjJwU9xiKFxpug,transfer_3,9012,blur,self,3,cph:96,cph:175,15.679997,36.1773
london_query_03VxrSUHoB-y1D50kXwi8g,isotropic,1234,blur,self,1,london:131,london:131,15.680000,36.1773
london_query_03VxrSUHoB-y1D50kXwi8g,white_box,1234,blur,self,18,manila:153,london:131,15.680000,36.1773
london_query_03VxrSUHoB-y1D50kXwi8g,transfer_1,1234,blur,self,1,london:131,london:131,15.680000,36.1773
london_query_03VxrSUHoB-y1D50kXwi8g,transfer_2,1234,blur,self,1,london:131,london:131,15.680000,36.1773
london_query_03VxrSUHoB-y1D50kXwi8g,transfer_3,1234,blur,self,1,london:131,london:131,15.679998,36.1773
london_query_03VxrSUHoB-y1D50kXwi8g,isotropic,5678,blur,self,1,london:131,london:131,15.679998,36.1773
london_query_03VxrSUHoB-y1D50kXwi8g,white_box,5678,blur,self,1,london:131,london:131,15.680000,36.1773
london_query_03VxrSUHoB-y1D50kXwi8g,transfer_1,5678,blur,self,1,london:131,london:131,15.680000,36.1773
london_query_03VxrSUHoB-y1D50kXwi8g,transfer_2,5678,blur,self,1,london:131,london:131,15.679997,36.1773
london_query_03VxrSUHoB-y1D50kXwi8g,transfer_3,5678,blur,self,1,london:131,london:131,15.680000,36.1773
london_query_03VxrSUHoB-y1D50kXwi8g,isotropic,9012,blur,self,1,london:131,london:131,15.679998,36.1773
london_query_03VxrSUHoB-y1D50kXwi8g,white_box,9012,blur,self,121,london:15,london:131,15.680001,36.1773
london_query_03VxrSUHoB-y1D50kXwi8g,transfer_1,9012,blur,self,1,london:131,london:131,15.680001,36.1773
london_query_03VxrSUHoB-y1D50kXwi8g,transfer_2,9012,blur,self,1,london:131,london:131,15.679998,36.1773
london_query_03VxrSUHoB-y1D50kXwi8g,transfer_3,9012,blur,self,1,london:131,london:131,15.679997,36.1773
manila_query_-WlvwRIHM8K9xtN_z0FAGg,isotropic,1234,blur,self,6,toronto:112,manila:153,15.679997,36.1773
manila_query_-WlvwRIHM8K9xtN_z0FAGg,white_box,1234,blur,self,278,manila:190,manila:153,15.680000,36.1773
manila_query_-WlvwRIHM8K9xtN_z0FAGg,transfer_1,1234,blur,self,21,toronto:112,manila:153,15.680000,36.1773
manila_query_-WlvwRIHM8K9xtN_z0FAGg,transfer_2,1234,blur,self,26,toronto:301,manila:153,15.679997,36.1773
manila_query_-WlvwRIHM8K9xtN_z0FAGg,transfer_3,1234,blur,self,36,toronto:112,manila:153,15.679997,36.1773
manila_query_-WlvwRIHM8K9xtN_z0FAGg,isotropic,5678,blur,self,5,toronto:112,manila:153,15.679997,36.1773
manila_query_-WlvwRIHM8K9xtN_z0FAGg,white_box,5678,blur,self,112,manila:190,manila:153,15.680002,36.1773
manila_query_-WlvwRIHM8K9xtN_z0FAGg,transfer_1,5678,blur,self,5,toronto:301,manila:153,15.679997,36.1773
manila_query_-WlvwRIHM8K9xtN_z0FAGg,transfer_2,5678,blur,self,21,toronto:112,manila:153,15.680000,36.1773
manila_query_-WlvwRIHM8K9xtN_z0FAGg,transfer_3,5678,blur,self,8,toronto:301,manila:153,15.679997,36.1773
manila_query_-WlvwRIHM8K9xtN_z0FAGg,isotropic,9012,blur,self,13,toronto:112,manila:153,15.679998,36.1773
manila_query_-WlvwRIHM8K9xtN_z0FAGg,white_box,9012,blur,self,38,manila:190,manila:153,15.680000,36.1773
manila_query_-WlvwRIHM8K9xtN_z0FAGg,transfer_1,9012,blur,self,16,toronto:112,manila:153,15.680001,36.1773
manila_query_-WlvwRIHM8K9xtN_z0FAGg,transfer_2,9012,blur,self,26,toronto:112,manila:153,15.680000,36.1773
manila_query_-WlvwRIHM8K9xtN_z0FAGg,transfer_3,9012,blur,self,39,toronto:301,manila:153,15.680001,36.1773
nairobi_query_3Rln3I-knaHBGe7xAH2I_Q,isotropic,1234,blur,self,27,amman:1,nairobi:12,15.679997,36.1773
nairobi_query_3Rln3I-knaHBGe7xAH2I_Q,white_box,1234,blur,self,528,manila:23,nairobi:12,15.680000,36.1773
nairobi_query_3Rln3I-knaHBGe7xAH2I_Q,transfer_1,1234,blur,self,8,manila:109,nairobi:12,15.679998,36.1773
nairobi_query_3Rln3I-knaHBGe7xAH2I_Q,transfer_2,1234,blur,self,20,manila:109,nairobi:12,15.680000,36.1773
nairobi_query_3Rln3I-knaHBGe7xAH2I_Q,transfer_3,1234,blur,self,29,amman:1,nairobi:12,15.680000,36.1773
nairobi_query_3Rln3I-knaHBGe7xAH2I_Q,isotropic,5678,blur,self,17,amman:1,nairobi:12,15.680000,36.1773
nairobi_query_3Rln3I-knaHBGe7xAH2I_Q,white_box,5678,blur,self,352,manila:190,nairobi:12,15.679997,36.1773
nairobi_query_3Rln3I-knaHBGe7xAH2I_Q,transfer_1,5678,blur,self,22,manila:109,nairobi:12,15.679998,36.1773
nairobi_query_3Rln3I-knaHBGe7xAH2I_Q,transfer_2,5678,blur,self,25,zurich:42,nairobi:12,15.680001,36.1773
nairobi_query_3Rln3I-knaHBGe7xAH2I_Q,transfer_3,5678,blur,self,29,zurich:42,nairobi:12,15.680001,36.1773
nairobi_query_3Rln3I-knaHBGe7xAH2I_Q,isotropic,9012,blur,self,28,amman:1,nairobi:12,15.680000,36.1773
nairobi_query_3Rln3I-knaHBGe7xAH2I_Q,white_box,9012,blur,self,221,manila:190,nairobi:12,15.679997,36.1773
nairobi_query_3Rln3I-knaHBGe7xAH2I_Q,transfer_1,9012,blur,self,30,manila:109,nairobi:12,15.680000,36.1773
nairobi_query_3Rln3I-knaHBGe7xAH2I_Q,transfer_2,9012,blur,self,17,manila:109,nairobi:12,15.680000,36.1773
nairobi_query_3Rln3I-knaHBGe7xAH2I_Q,transfer_3,9012,blur,self,41,boston:79,nairobi:12,15.679997,36.1773
toronto_query_-JY9Ip12RNDaK_geCga4LA,isotropic,1234,blur,self,75,toronto:88,toronto:192,15.679997,36.1773
toronto_query_-JY9Ip12RNDaK_geCga4LA,white_box,1234,blur,self,86,toronto:23,toronto:192,15.679997,36.1773
toronto_query_-JY9Ip12RNDaK_geCga4LA,transfer_1,1234,blur,self,67,toronto:23,toronto:192,15.679997,36.1773
toronto_query_-JY9Ip12RNDaK_geCga4LA,transfer_2,1234,blur,self,69,toronto:23,toronto:192,15.679997,36.1773
toronto_query_-JY9Ip12RNDaK_geCga4LA,transfer_3,1234,blur,self,178,toronto:23,toronto:192,15.679997,36.1773
toronto_query_-JY9Ip12RNDaK_geCga4LA,isotropic,5678,blur,self,78,toronto:88,toronto:192,15.680000,36.1773
toronto_query_-JY9Ip12RNDaK_geCga4LA,white_box,5678,blur,self,32,manila:51,toronto:192,15.680001,36.1773
toronto_query_-JY9Ip12RNDaK_geCga4LA,transfer_1,5678,blur,self,76,toronto:23,toronto:192,15.679997,36.1773
toronto_query_-JY9Ip12RNDaK_geCga4LA,transfer_2,5678,blur,self,68,toronto:23,toronto:192,15.680000,36.1773
toronto_query_-JY9Ip12RNDaK_geCga4LA,transfer_3,5678,blur,self,151,manila:29,toronto:192,15.679997,36.1773
toronto_query_-JY9Ip12RNDaK_geCga4LA,isotropic,9012,blur,self,60,toronto:88,toronto:192,15.680000,36.1773
toronto_query_-JY9Ip12RNDaK_geCga4LA,white_box,9012,blur,self,1110,manila:189,toronto:192,15.680001,36.1773
toronto_query_-JY9Ip12RNDaK_geCga4LA,transfer_1,9012,blur,self,140,toronto:23,toronto:192,15.679997,36.1773
toronto_query_-JY9Ip12RNDaK_geCga4LA,transfer_2,9012,blur,self,88,toronto:23,toronto:192,15.680000,36.1773
toronto_query_-JY9Ip12RNDaK_geCga4LA,transfer_3,9012,blur,self,82,manila:67,toronto:192,15.679998,36.1773
zurich_query_0UfO0g5oR-GfH12twjOIuw,isotropic,1234,blur,self,91,toronto:426,zurich:94,15.680000,36.1773
zurich_query_0UfO0g5oR-GfH12twjOIuw,white_box,1234,blur,self,477,boston:168,zurich:94,15.679997,36.1773
zurich_query_0UfO0g5oR-GfH12twjOIuw,transfer_1,1234,blur,self,151,toronto:426,zurich:94,15.679998,36.1773
zurich_query_0UfO0g5oR-GfH12twjOIuw,transfer_2,1234,blur,self,26,cph:395,zurich:94,15.679997,36.1773
zurich_query_0UfO0g5oR-GfH12twjOIuw,transfer_3,1234,blur,self,28,boston:234,zurich:94,15.680001,36.1773
zurich_query_0UfO0g5oR-GfH12twjOIuw,isotropic,5678,blur,self,84,toronto:426,zurich:94,15.680000,36.1773
zurich_query_0UfO0g5oR-GfH12twjOIuw,white_box,5678,blur,self,96,nairobi:22,zurich:94,15.679997,36.1773
zurich_query_0UfO0g5oR-GfH12twjOIuw,transfer_1,5678,blur,self,116,zurich:33,zurich:94,15.680001,36.1773
zurich_query_0UfO0g5oR-GfH12twjOIuw,transfer_2,5678,blur,self,106,boston:249,zurich:94,15.679997,36.1773
zurich_query_0UfO0g5oR-GfH12twjOIuw,transfer_3,5678,blur,self,22,cph:395,zurich:94,15.680000,36.1773
zurich_query_0UfO0g5oR-GfH12twjOIuw,isotropic,9012,blur,self,84,toronto:426,zurich:94,15.679998,36.1773
zurich_query_0UfO0g5oR-GfH12twjOIuw,white_box,9012,blur,self,144,nairobi:22,zurich:94,15.679997,36.1773
zurich_query_0UfO0g5oR-GfH12twjOIuw,transfer_1,9012,blur,self,119,toronto:426,zurich:94,15.680000,36.1773
zurich_query_0UfO0g5oR-GfH12twjOIuw,transfer_2,9012,blur,self,31,boston:249,zurich:94,15.680000,36.1773
zurich_query_0UfO0g5oR-GfH12twjOIuw,transfer_3,9012,blur,self,53,cph:395,zurich:94,15.680000,36.1773
amman_query_27ZYHE_-tdmKbq7gUW9ECA,isotropic,1234,blur,self,1,amman:21,amman:21,15.680000,36.1773
amman_query_27ZYHE_-tdmKbq7gUW9ECA,white_box,1234,blur,self,129,manila:46,amman:21,15.679997,36.1773
amman_query_27ZYHE_-tdmKbq7gUW9ECA,transfer_1,1234,blur,self,1,amman:21,amman:21,15.679998,36.1773
amman_query_27ZYHE_-tdmKbq7gUW9ECA,transfer_2,1234,blur,self,2,zurich:19,amman:21,15.679997,36.1773
amman_query_27ZYHE_-tdmKbq7gUW9ECA,transfer_3,1234,blur,self,3,zurich:19,amman:21,15.680000,36.1773
amman_query_27ZYHE_-tdmKbq7gUW9ECA,isotropic,5678,blur,self,1,amman:21,amman:21,15.679998,36.1773
amman_query_27ZYHE_-tdmKbq7gUW9ECA,white_box,5678,blur,self,67,manila:190,amman:21,15.680000,36.1773
amman_query_27ZYHE_-tdmKbq7gUW9ECA,transfer_1,5678,blur,self,1,amman:21,amman:21,15.680000,36.1773
amman_query_27ZYHE_-tdmKbq7gUW9ECA,transfer_2,5678,blur,self,2,zurich:19,amman:21,15.679997,36.1773
amman_query_27ZYHE_-tdmKbq7gUW9ECA,transfer_3,5678,blur,self,3,zurich:19,amman:21,15.680000,36.1773
amman_query_27ZYHE_-tdmKbq7gUW9ECA,isotropic,9012,blur,self,1,amman:21,amman:21,15.679997,36.1773
amman_query_27ZYHE_-tdmKbq7gUW9ECA,white_box,9012,blur,self,46,manila:46,amman:21,15.680001,36.1773
amman_query_27ZYHE_-tdmKbq7gUW9ECA,transfer_1,9012,blur,self,1,amman:21,amman:21,15.680001,36.1773
amman_query_27ZYHE_-tdmKbq7gUW9ECA,transfer_2,9012,blur,self,1,amman:21,amman:21,15.679998,36.1773
amman_query_27ZYHE_-tdmKbq7gUW9ECA,transfer_3,9012,blur,self,3,amman:25,amman:21,15.679998,36.1773
boston_query_-TMAMMmIqQ4AQA3YI-YOHg,isotropic,1234,blur,self,67,boston:176,boston:206,15.680000,36.1773
boston_query_-TMAMMmIqQ4AQA3YI-YOHg,white_box,1234,blur,self,99,boston:123,boston:206,15.680000,36.1773
boston_query_-TMAMMmIqQ4AQA3YI-YOHg,transfer_1,1234,blur,self,52,boston:210,boston:206,15.680000,36.1773
boston_query_-TMAMMmIqQ4AQA3YI-YOHg,transfer_2,1234,blur,self,50,boston:210,boston:206,15.679998,36.1773
boston_query_-TMAMMmIqQ4AQA3YI-YOHg,transfer_3,1234,blur,self,49,boston:210,boston:206,15.680000,36.1773
boston_query_-TMAMMmIqQ4AQA3YI-YOHg,isotropic,5678,blur,self,67,boston:176,boston:206,15.679997,36.1773
boston_query_-TMAMMmIqQ4AQA3YI-YOHg,white_box,5678,blur,self,101,london:34,boston:206,15.679997,36.1773
boston_query_-TMAMMmIqQ4AQA3YI-YOHg,transfer_1,5678,blur,self,47,boston:210,boston:206,15.680001,36.1773
boston_query_-TMAMMmIqQ4AQA3YI-YOHg,transfer_2,5678,blur,self,48,boston:210,boston:206,15.680000,36.1773
boston_query_-TMAMMmIqQ4AQA3YI-YOHg,transfer_3,5678,blur,self,45,boston:210,boston:206,15.679997,36.1773
boston_query_-TMAMMmIqQ4AQA3YI-YOHg,isotropic,9012,blur,self,70,boston:176,boston:206,15.679997,36.1773
boston_query_-TMAMMmIqQ4AQA3YI-YOHg,white_box,9012,blur,self,29,london:34,boston:206,15.679997,36.1773
boston_query_-TMAMMmIqQ4AQA3YI-YOHg,transfer_1,9012,blur,self,49,boston:210,boston:206,15.680000,36.1773
boston_query_-TMAMMmIqQ4AQA3YI-YOHg,transfer_2,9012,blur,self,38,boston:210,boston:206,15.680000,36.1773
boston_query_-TMAMMmIqQ4AQA3YI-YOHg,transfer_3,9012,blur,self,40,boston:210,boston:206,15.680000,36.1773
cph_query_-R9cTkYMNbXlglFeWCXtMg,isotropic,1234,blur,self,719,boston:90,cph:429,15.679997,36.1773
cph_query_-R9cTkYMNbXlglFeWCXtMg,white_box,1234,blur,self,735,boston:123,cph:429,15.680000,36.1773
cph_query_-R9cTkYMNbXlglFeWCXtMg,transfer_1,1234,blur,self,816,boston:235,cph:429,15.679998,36.1773
cph_query_-R9cTkYMNbXlglFeWCXtMg,transfer_2,1234,blur,self,444,boston:235,cph:429,15.679997,36.1773
cph_query_-R9cTkYMNbXlglFeWCXtMg,transfer_3,1234,blur,self,402,boston:235,cph:429,15.680000,36.1773
cph_query_-R9cTkYMNbXlglFeWCXtMg,isotropic,5678,blur,self,761,boston:47,cph:429,15.679997,36.1773
cph_query_-R9cTkYMNbXlglFeWCXtMg,white_box,5678,blur,self,722,boston:123,cph:429,15.679997,36.1773
cph_query_-R9cTkYMNbXlglFeWCXtMg,transfer_1,5678,blur,self,852,boston:235,cph:429,15.679997,36.1773
cph_query_-R9cTkYMNbXlglFeWCXtMg,transfer_2,5678,blur,self,544,boston:235,cph:429,15.680001,36.1773
cph_query_-R9cTkYMNbXlglFeWCXtMg,transfer_3,5678,blur,self,656,boston:235,cph:429,15.679997,36.1773
cph_query_-R9cTkYMNbXlglFeWCXtMg,isotropic,9012,blur,self,675,boston:139,cph:429,15.680000,36.1773
cph_query_-R9cTkYMNbXlglFeWCXtMg,white_box,9012,blur,self,733,boston:235,cph:429,15.680001,36.1773
cph_query_-R9cTkYMNbXlglFeWCXtMg,transfer_1,9012,blur,self,859,boston:235,cph:429,15.679998,36.1773
cph_query_-R9cTkYMNbXlglFeWCXtMg,transfer_2,9012,blur,self,666,boston:235,cph:429,15.680000,36.1773
cph_query_-R9cTkYMNbXlglFeWCXtMg,transfer_3,9012,blur,self,634,boston:235,cph:429,15.680001,36.1773
london_query_06tRsqVA7nx5PgabbPdu4w,isotropic,1234,blur,self,36,cph:208,london:119,15.680000,36.1773
london_query_06tRsqVA7nx5PgabbPdu4w,white_box,1234,blur,self,83,amman:11,london:119,15.680000,36.1773
london_query_06tRsqVA7nx5PgabbPdu4w,transfer_1,1234,blur,self,48,cph:208,london:119,15.679998,36.1773
london_query_06tRsqVA7nx5PgabbPdu4w,transfer_2,1234,blur,self,47,amman:31,london:119,15.680001,36.1773
london_query_06tRsqVA7nx5PgabbPdu4w,transfer_3,1234,blur,self,62,cph:208,london:119,15.679996,36.1773
london_query_06tRsqVA7nx5PgabbPdu4w,isotropic,5678,blur,self,30,cph:208,london:119,15.679998,36.1773
london_query_06tRsqVA7nx5PgabbPdu4w,white_box,5678,blur,self,57,london:34,london:119,15.679998,36.1773
london_query_06tRsqVA7nx5PgabbPdu4w,transfer_1,5678,blur,self,37,cph:208,london:119,15.680000,36.1773
london_query_06tRsqVA7nx5PgabbPdu4w,transfer_2,5678,blur,self,57,cph:208,london:119,15.680000,36.1773
london_query_06tRsqVA7nx5PgabbPdu4w,transfer_3,5678,blur,self,26,cph:208,london:119,15.679997,36.1773
london_query_06tRsqVA7nx5PgabbPdu4w,isotropic,9012,blur,self,35,cph:208,london:119,15.680001,36.1773
london_query_06tRsqVA7nx5PgabbPdu4w,white_box,9012,blur,self,95,london:34,london:119,15.679997,36.1773
london_query_06tRsqVA7nx5PgabbPdu4w,transfer_1,9012,blur,self,53,cph:208,london:119,15.679997,36.1773
london_query_06tRsqVA7nx5PgabbPdu4w,transfer_2,9012,blur,self,33,amman:31,london:119,15.680000,36.1773
london_query_06tRsqVA7nx5PgabbPdu4w,transfer_3,9012,blur,self,91,manila:33,london:119,15.679996,36.1773
manila_query_-WuLHZxOTWuUgVSb36RTng,isotropic,1234,blur,self,185,manila:33,manila:132,15.679998,36.1773
manila_query_-WuLHZxOTWuUgVSb36RTng,white_box,1234,blur,self,236,manila:190,manila:132,15.680000,36.1773
manila_query_-WuLHZxOTWuUgVSb36RTng,transfer_1,1234,blur,self,160,manila:33,manila:132,15.680000,36.1773
manila_query_-WuLHZxOTWuUgVSb36RTng,transfer_2,1234,blur,self,157,manila:33,manila:132,15.680001,36.1773
manila_query_-WuLHZxOTWuUgVSb36RTng,transfer_3,1234,blur,self,153,manila:33,manila:132,15.679998,36.1773
manila_query_-WuLHZxOTWuUgVSb36RTng,isotropic,5678,blur,self,202,manila:33,manila:132,15.679998,36.1773
manila_query_-WuLHZxOTWuUgVSb36RTng,white_box,5678,blur,self,173,manila:33,manila:132,15.680002,36.1773
manila_query_-WuLHZxOTWuUgVSb36RTng,transfer_1,5678,blur,self,174,manila:33,manila:132,15.680000,36.1773
manila_query_-WuLHZxOTWuUgVSb36RTng,transfer_2,5678,blur,self,254,manila:33,manila:132,15.679998,36.1773
manila_query_-WuLHZxOTWuUgVSb36RTng,transfer_3,5678,blur,self,174,manila:33,manila:132,15.679997,36.1773
manila_query_-WuLHZxOTWuUgVSb36RTng,isotropic,9012,blur,self,208,manila:33,manila:132,15.680000,36.1773
manila_query_-WuLHZxOTWuUgVSb36RTng,white_box,9012,blur,self,371,manila:51,manila:132,15.680000,36.1773
manila_query_-WuLHZxOTWuUgVSb36RTng,transfer_1,9012,blur,self,190,manila:33,manila:132,15.680000,36.1773
manila_query_-WuLHZxOTWuUgVSb36RTng,transfer_2,9012,blur,self,257,manila:33,manila:132,15.679997,36.1773
manila_query_-WuLHZxOTWuUgVSb36RTng,transfer_3,9012,blur,self,166,manila:33,manila:132,15.679998,36.1773
nairobi_query_3Thql5xEy0LYu4bdux1icw,isotropic,1234,blur,self,35,amman:32,nairobi:18,15.680000,36.1773
nairobi_query_3Thql5xEy0LYu4bdux1icw,white_box,1234,blur,self,702,london:34,nairobi:18,15.679998,36.1773
nairobi_query_3Thql5xEy0LYu4bdux1icw,transfer_1,1234,blur,self,19,amman:32,nairobi:18,15.679997,36.1773
nairobi_query_3Thql5xEy0LYu4bdux1icw,transfer_2,1234,blur,self,41,amman:32,nairobi:18,15.680000,36.1773
nairobi_query_3Thql5xEy0LYu4bdux1icw,transfer_3,1234,blur,self,68,amman:32,nairobi:18,15.680000,36.1773
nairobi_query_3Thql5xEy0LYu4bdux1icw,isotropic,5678,blur,self,48,amman:32,nairobi:18,15.679998,36.1773
nairobi_query_3Thql5xEy0LYu4bdux1icw,white_box,5678,blur,self,147,london:111,nairobi:18,15.679998,36.1773
nairobi_query_3Thql5xEy0LYu4bdux1icw,transfer_1,5678,blur,self,28,amman:32,nairobi:18,15.679998,36.1773
nairobi_query_3Thql5xEy0LYu4bdux1icw,transfer_2,5678,blur,self,33,amman:32,nairobi:18,15.680000,36.1773
nairobi_query_3Thql5xEy0LYu4bdux1icw,transfer_3,5678,blur,self,216,amman:32,nairobi:18,15.680000,36.1773
nairobi_query_3Thql5xEy0LYu4bdux1icw,isotropic,9012,blur,self,40,amman:32,nairobi:18,15.679997,36.1773
nairobi_query_3Thql5xEy0LYu4bdux1icw,white_box,9012,blur,self,169,toronto:103,nairobi:18,15.679998,36.1773
nairobi_query_3Thql5xEy0LYu4bdux1icw,transfer_1,9012,blur,self,42,amman:32,nairobi:18,15.680000,36.1773
nairobi_query_3Thql5xEy0LYu4bdux1icw,transfer_2,9012,blur,self,31,amman:32,nairobi:18,15.680000,36.1773
nairobi_query_3Thql5xEy0LYu4bdux1icw,transfer_3,9012,blur,self,63,nairobi:22,nairobi:18,15.680000,36.1773
toronto_query_-K6Ci0V3ZYp50_DrMghntA,isotropic,1234,blur,self,1,toronto:103,toronto:103,15.679998,36.1773
toronto_query_-K6Ci0V3ZYp50_DrMghntA,white_box,1234,blur,self,34,toronto:200,toronto:103,15.680001,36.1773
toronto_query_-K6Ci0V3ZYp50_DrMghntA,transfer_1,1234,blur,self,1,toronto:103,toronto:103,15.679998,36.1773
toronto_query_-K6Ci0V3ZYp50_DrMghntA,transfer_2,1234,blur,self,2,boston:145,toronto:103,15.679996,36.1773
toronto_query_-K6Ci0V3ZYp50_DrMghntA,transfer_3,1234,blur,self,2,boston:145,toronto:103,15.679998,36.1773
toronto_query_-K6Ci0V3ZYp50_DrMghntA,isotropic,5678,blur,self,1,toronto:103,toronto:103,15.680000,36.1773
toronto_query_-K6Ci0V3ZYp50_DrMghntA,white_box,5678,blur,self,3,manila:33,toronto:103,15.680002,36.1773
toronto_query_-K6Ci0V3ZYp50_DrMghntA,transfer_1,5678,blur,self,1,toronto:103,toronto:103,15.680000,36.1773
toronto_query_-K6Ci0V3ZYp50_DrMghntA,transfer_2,5678,blur,self,1,toronto:103,toronto:103,15.679998,36.1773
toronto_query_-K6Ci0V3ZYp50_DrMghntA,transfer_3,5678,blur,self,2,boston:145,toronto:103,15.679997,36.1773
toronto_query_-K6Ci0V3ZYp50_DrMghntA,isotropic,9012,blur,self,1,toronto:103,toronto:103,15.679998,36.1773
toronto_query_-K6Ci0V3ZYp50_DrMghntA,white_box,9012,blur,self,228,boston:168,toronto:103,15.680002,36.1773
toronto_query_-K6Ci0V3ZYp50_DrMghntA,transfer_1,9012,blur,self,1,toronto:103,toronto:103,15.679998,36.1773
toronto_query_-K6Ci0V3ZYp50_DrMghntA,transfer_2,9012,blur,self,1,toronto:103,toronto:103,15.680000,36.1773
toronto_query_-K6Ci0V3ZYp50_DrMghntA,transfer_3,9012,blur,self,4,boston:145,toronto:103,15.679997,36.1773
zurich_query_0W_6dskxdNPlCJnX9EhmZA,isotropic,1234,blur,self,2,cph:464,zurich:33,15.679997,36.1773
zurich_query_0W_6dskxdNPlCJnX9EhmZA,white_box,1234,blur,self,380,nairobi:20,zurich:33,15.680000,36.1773
zurich_query_0W_6dskxdNPlCJnX9EhmZA,transfer_1,1234,blur,self,4,cph:464,zurich:33,15.679998,36.1773
zurich_query_0W_6dskxdNPlCJnX9EhmZA,transfer_2,1234,blur,self,3,manila:13,zurich:33,15.680000,36.1773
zurich_query_0W_6dskxdNPlCJnX9EhmZA,transfer_3,1234,blur,self,6,cph:464,zurich:33,15.680000,36.1773
zurich_query_0W_6dskxdNPlCJnX9EhmZA,isotropic,5678,blur,self,2,cph:464,zurich:33,15.680000,36.1773
zurich_query_0W_6dskxdNPlCJnX9EhmZA,white_box,5678,blur,self,108,boston:234,zurich:33,15.679997,36.1773
zurich_query_0W_6dskxdNPlCJnX9EhmZA,transfer_1,5678,blur,self,7,cph:464,zurich:33,15.679998,36.1773
zurich_query_0W_6dskxdNPlCJnX9EhmZA,transfer_2,5678,blur,self,5,manila:13,zurich:33,15.680000,36.1773
zurich_query_0W_6dskxdNPlCJnX9EhmZA,transfer_3,5678,blur,self,3,cph:464,zurich:33,15.680000,36.1773
zurich_query_0W_6dskxdNPlCJnX9EhmZA,isotropic,9012,blur,self,2,cph:464,zurich:33,15.679997,36.1773
zurich_query_0W_6dskxdNPlCJnX9EhmZA,white_box,9012,blur,self,225,manila:183,zurich:33,15.679997,36.1773
zurich_query_0W_6dskxdNPlCJnX9EhmZA,transfer_1,9012,blur,self,2,cph:464,zurich:33,15.680000,36.1773
zurich_query_0W_6dskxdNPlCJnX9EhmZA,transfer_2,9012,blur,self,2,manila:13,zurich:33,15.680000,36.1773
zurich_query_0W_6dskxdNPlCJnX9EhmZA,transfer_3,9012,blur,self,40,manila:13,zurich:33,15.680001,36.1773
amman_query_29zY5U3MUbO3wTjTTKF93w,isotropic,1234,blur,self,1,amman:22,amman:22,15.679997,36.1773
amman_query_29zY5U3MUbO3wTjTTKF93w,white_box,1234,blur,self,19,manila:23,amman:22,15.679997,36.1773
amman_query_29zY5U3MUbO3wTjTTKF93w,transfer_1,1234,blur,self,1,amman:22,amman:22,15.680000,36.1773
amman_query_29zY5U3MUbO3wTjTTKF93w,transfer_2,1234,blur,self,1,amman:22,amman:22,15.680000,36.1773
amman_query_29zY5U3MUbO3wTjTTKF93w,transfer_3,1234,blur,self,1,amman:22,amman:22,15.679997,36.1773
amman_query_29zY5U3MUbO3wTjTTKF93w,isotropic,5678,blur,self,1,amman:22,amman:22,15.679998,36.1773
amman_query_29zY5U3MUbO3wTjTTKF93w,white_box,5678,blur,self,27,toronto:218,amman:22,15.679996,36.1773
amman_query_29zY5U3MUbO3wTjTTKF93w,transfer_1,5678,blur,self,1,amman:22,amman:22,15.679997,36.1773
amman_query_29zY5U3MUbO3wTjTTKF93w,transfer_2,5678,blur,self,1,amman:22,amman:22,15.680000,36.1773
amman_query_29zY5U3MUbO3wTjTTKF93w,transfer_3,5678,blur,self,1,amman:22,amman:22,15.679997,36.1773
amman_query_29zY5U3MUbO3wTjTTKF93w,isotropic,9012,blur,self,1,amman:22,amman:22,15.680000,36.1773
amman_query_29zY5U3MUbO3wTjTTKF93w,white_box,9012,blur,self,28,toronto:218,amman:22,15.679997,36.1773
amman_query_29zY5U3MUbO3wTjTTKF93w,transfer_1,9012,blur,self,1,amman:22,amman:22,15.679997,36.1773
amman_query_29zY5U3MUbO3wTjTTKF93w,transfer_2,9012,blur,self,1,amman:22,amman:22,15.679997,36.1773
amman_query_29zY5U3MUbO3wTjTTKF93w,transfer_3,9012,blur,self,1,amman:22,amman:22,15.680002,36.1773
boston_query_-U0JJudMztDrvqfppyEl9A,isotropic,1234,blur,self,2,boston:139,boston:87,15.679998,36.1773
boston_query_-U0JJudMztDrvqfppyEl9A,white_box,1234,blur,self,57,nairobi:3,boston:87,15.679997,36.1773
boston_query_-U0JJudMztDrvqfppyEl9A,transfer_1,1234,blur,self,12,boston:47,boston:87,15.680000,36.1773
boston_query_-U0JJudMztDrvqfppyEl9A,transfer_2,1234,blur,self,11,boston:47,boston:87,15.680000,36.1773
boston_query_-U0JJudMztDrvqfppyEl9A,transfer_3,1234,blur,self,18,boston:47,boston:87,15.679997,36.1773
boston_query_-U0JJudMztDrvqfppyEl9A,isotropic,5678,blur,self,2,boston:139,boston:87,15.680000,36.1773
boston_query_-U0JJudMztDrvqfppyEl9A,white_box,5678,blur,self,21,london:28,boston:87,15.679997,36.1773
boston_query_-U0JJudMztDrvqfppyEl9A,transfer_1,5678,blur,self,2,boston:139,boston:87,15.679997,36.1773
boston_query_-U0JJudMztDrvqfppyEl9A,transfer_2,5678,blur,self,8,boston:47,boston:87,15.680001,36.1773
boston_query_-U0JJudMztDrvqfppyEl9A,transfer_3,5678,blur,self,22,boston:47,boston:87,15.679998,36.1773
boston_query_-U0JJudMztDrvqfppyEl9A,isotropic,9012,blur,self,3,boston:139,boston:87,15.680000,36.1773
boston_query_-U0JJudMztDrvqfppyEl9A,white_box,9012,blur,self,1040,boston:123,boston:87,15.679997,36.1773
boston_query_-U0JJudMztDrvqfppyEl9A,transfer_1,9012,blur,self,5,boston:139,boston:87,15.679998,36.1773
boston_query_-U0JJudMztDrvqfppyEl9A,transfer_2,9012,blur,self,15,boston:47,boston:87,15.679998,36.1773
boston_query_-U0JJudMztDrvqfppyEl9A,transfer_3,9012,blur,self,10,boston:47,boston:87,15.680000,36.1773
cph_query_-To5emQUYvNlwdgB1hEVfQ,isotropic,1234,blur,self,2,cph:243,cph:279,15.680000,36.1773
cph_query_-To5emQUYvNlwdgB1hEVfQ,white_box,1234,blur,self,269,amman:29,cph:279,15.680001,36.1773
cph_query_-To5emQUYvNlwdgB1hEVfQ,transfer_1,1234,blur,self,2,cph:162,cph:279,15.680000,36.1773
cph_query_-To5emQUYvNlwdgB1hEVfQ,transfer_2,1234,blur,self,2,amman:30,cph:279,15.679998,36.1773
cph_query_-To5emQUYvNlwdgB1hEVfQ,transfer_3,1234,blur,self,15,cph:243,cph:279,15.680000,36.1773
cph_query_-To5emQUYvNlwdgB1hEVfQ,isotropic,5678,blur,self,2,cph:243,cph:279,15.679998,36.1773
cph_query_-To5emQUYvNlwdgB1hEVfQ,white_box,5678,blur,self,89,amman:29,cph:279,15.679997,36.1773
cph_query_-To5emQUYvNlwdgB1hEVfQ,transfer_1,5678,blur,self,1,cph:279,cph:279,15.679998,36.1773
cph_query_-To5emQUYvNlwdgB1hEVfQ,transfer_2,5678,blur,self,2,cph:243,cph:279,15.680000,36.1773
cph_query_-To5emQUYvNlwdgB1hEVfQ,transfer_3,5678,blur,self,2,amman:30,cph:279,15.679997,36.1773
cph_query_-To5emQUYvNlwdgB1hEVfQ,isotropic,9012,blur,self,2,cph:243,cph:279,15.680000,36.1773
cph_query_-To5emQUYvNlwdgB1hEVfQ,white_box,9012,blur,self,26,london:125,cph:279,15.679997,36.1773
cph_query_-To5emQUYvNlwdgB1hEVfQ,transfer_1,9012,blur,self,2,amman:30,cph:279,15.679997,36.1773
cph_query_-To5emQUYvNlwdgB1hEVfQ,transfer_2,9012,blur,self,4,amman:30,cph:279,15.680000,36.1773
cph_query_-To5emQUYvNlwdgB1hEVfQ,transfer_3,9012,blur,self,6,amman:30,cph:279,15.680001,36.1773
london_query_07Mt7j9hZm17z2pXB3QAXA,isotropic,1234,blur,self,18,manila:33,london:122,15.679996,36.1773
london_query_07Mt7j9hZm17z2pXB3QAXA,white_box,1234,blur,self,64,boston:123,london:122,15.680001,36.1773
london_query_07Mt7j9hZm17z2pXB3QAXA,transfer_1,1234,blur,self,9,manila:33,london:122,15.679996,36.1773
london_query_07Mt7j9hZm17z2pXB3QAXA,transfer_2,1234,blur,self,77,amman:26,london:122,15.680000,36.1773
london_query_07Mt7j9hZm17z2pXB3QAXA,transfer_3,1234,blur,self,9,manila:33,london:122,15.680002,36.1773
london_query_07Mt7j9hZm17z2pXB3QAXA,isotropic,5678,blur,self,7,manila:33,london:122,15.679996,36.1773
london_query_07Mt7j9hZm17z2pXB3QAXA,white_box,5678,blur,self,58,nairobi:20,london:122,15.679997,36.1773
london_query_07Mt7j9hZm17z2pXB3QAXA,transfer_1,5678,blur,self,14,manila:33,london:122,15.680000,36.1773
london_query_07Mt7j9hZm17z2pXB3QAXA,transfer_2,5678,blur,self,27,manila:33,london:122,15.680000,36.1773
london_query_07Mt7j9hZm17z2pXB3QAXA,transfer_3,5678,blur,self,10,boston:144,london:122,15.679996,36.1773
london_query_07Mt7j9hZm17z2pXB3QAXA,isotropic,9012,blur,self,7,manila:33,london:122,15.680002,36.1773
london_query_07Mt7j9hZm17z2pXB3QAXA,white_box,9012,blur,self,31,manila:29,london:122,15.680000,36.1773
london_query_07Mt7j9hZm17z2pXB3QAXA,transfer_1,9012,blur,self,7,manila:33,london:122,15.680001,36.1773
london_query_07Mt7j9hZm17z2pXB3QAXA,transfer_2,9012,blur,self,35,zurich:14,london:122,15.679998,36.1773
london_query_07Mt7j9hZm17z2pXB3QAXA,transfer_3,9012,blur,self,31,zurich:14,london:122,15.680002,36.1773
manila_query_-YADzGuflGFk0TrwgbgGQA,isotropic,1234,blur,self,9,boston:235,manila:82,15.680000,36.1773
manila_query_-YADzGuflGFk0TrwgbgGQA,white_box,1234,blur,self,13,zurich:35,manila:82,15.680000,36.1773
manila_query_-YADzGuflGFk0TrwgbgGQA,transfer_1,1234,blur,self,28,boston:235,manila:82,15.679997,36.1773
manila_query_-YADzGuflGFk0TrwgbgGQA,transfer_2,1234,blur,self,2,boston:235,manila:82,15.680000,36.1773
manila_query_-YADzGuflGFk0TrwgbgGQA,transfer_3,1234,blur,self,29,boston:235,manila:82,15.680000,36.1773
manila_query_-YADzGuflGFk0TrwgbgGQA,isotropic,5678,blur,self,18,boston:235,manila:82,15.680000,36.1773
manila_query_-YADzGuflGFk0TrwgbgGQA,white_box,5678,blur,self,25,cph:245,manila:82,15.679998,36.1773
manila_query_-YADzGuflGFk0TrwgbgGQA,transfer_1,5678,blur,self,30,boston:235,manila:82,15.679998,36.1773
manila_query_-YADzGuflGFk0TrwgbgGQA,transfer_2,5678,blur,self,28,boston:235,manila:82,15.679998,36.1773
manila_query_-YADzGuflGFk0TrwgbgGQA,transfer_3,5678,blur,self,26,boston:235,manila:82,15.679997,36.1773
manila_query_-YADzGuflGFk0TrwgbgGQA,isotropic,9012,blur,self,21,boston:235,manila:82,15.680000,36.1773
manila_query_-YADzGuflGFk0TrwgbgGQA,white_box,9012,blur,self,7,cph:245,manila:82,15.679997,36.1773
manila_query_-YADzGuflGFk0TrwgbgGQA,transfer_1,9012,blur,self,5,boston:235,manila:82,15.679997,36.1773
manila_query_-YADzGuflGFk0TrwgbgGQA,transfer_2,9012,blur,self,11,manila:190,manila:82,15.679997,36.1773
manila_query_-YADzGuflGFk0TrwgbgGQA,transfer_3,9012,blur,self,25,boston:235,manila:82,15.680000,36.1773
nairobi_query_3VEngLiRuIRlzTCHOPvAqA,isotropic,1234,blur,self,1,nairobi:4,nairobi:4,15.680000,36.1773
nairobi_query_3VEngLiRuIRlzTCHOPvAqA,white_box,1234,blur,self,199,manila:189,nairobi:4,15.680000,36.1773
nairobi_query_3VEngLiRuIRlzTCHOPvAqA,transfer_1,1234,blur,self,4,london:85,nairobi:4,15.679997,36.1773
nairobi_query_3VEngLiRuIRlzTCHOPvAqA,transfer_2,1234,blur,self,5,london:85,nairobi:4,15.680000,36.1773
nairobi_query_3VEngLiRuIRlzTCHOPvAqA,transfer_3,1234,blur,self,19,boston:235,nairobi:4,15.679997,36.1773
nairobi_query_3VEngLiRuIRlzTCHOPvAqA,isotropic,5678,blur,self,2,boston:171,nairobi:4,15.679996,36.1773
nairobi_query_3VEngLiRuIRlzTCHOPvAqA,white_box,5678,blur,self,247,manila:189,nairobi:4,15.679998,36.1773
nairobi_query_3VEngLiRuIRlzTCHOPvAqA,transfer_1,5678,blur,self,4,boston:171,nairobi:4,15.680000,36.1773
nairobi_query_3VEngLiRuIRlzTCHOPvAqA,transfer_2,5678,blur,self,7,nairobi:5,nairobi:4,15.679997,36.1773
nairobi_query_3VEngLiRuIRlzTCHOPvAqA,transfer_3,5678,blur,self,5,manila:190,nairobi:4,15.679997,36.1773
nairobi_query_3VEngLiRuIRlzTCHOPvAqA,isotropic,9012,blur,self,2,boston:171,nairobi:4,15.679998,36.1773
nairobi_query_3VEngLiRuIRlzTCHOPvAqA,white_box,9012,blur,self,202,manila:72,nairobi:4,15.680000,36.1773
nairobi_query_3VEngLiRuIRlzTCHOPvAqA,transfer_1,9012,blur,self,5,boston:171,nairobi:4,15.679998,36.1773
nairobi_query_3VEngLiRuIRlzTCHOPvAqA,transfer_2,9012,blur,self,4,boston:171,nairobi:4,15.680000,36.1773
nairobi_query_3VEngLiRuIRlzTCHOPvAqA,transfer_3,9012,blur,self,7,manila:190,nairobi:4,15.679998,36.1773
toronto_query_-KU5g574x3Cah05LVtG_Pw,isotropic,1234,blur,self,663,toronto:351,toronto:418,15.680000,36.1773
toronto_query_-KU5g574x3Cah05LVtG_Pw,white_box,1234,blur,self,263,toronto:27,toronto:418,15.679998,36.1773
toronto_query_-KU5g574x3Cah05LVtG_Pw,transfer_1,1234,blur,self,582,toronto:351,toronto:418,15.679997,36.1773
toronto_query_-KU5g574x3Cah05LVtG_Pw,transfer_2,1234,blur,self,567,toronto:351,toronto:418,15.680000,36.1773
toronto_query_-KU5g574x3Cah05LVtG_Pw,transfer_3,1234,blur,self,563,toronto:351,toronto:418,15.680000,36.1773
toronto_query_-KU5g574x3Cah05LVtG_Pw,isotropic,5678,blur,self,617,toronto:351,toronto:418,15.679997,36.1773
toronto_query_-KU5g574x3Cah05LVtG_Pw,white_box,5678,blur,self,988,manila:153,toronto:418,15.679996,36.1773
toronto_query_-KU5g574x3Cah05LVtG_Pw,transfer_1,5678,blur,self,743,toronto:351,toronto:418,15.680000,36.1773
toronto_query_-KU5g574x3Cah05LVtG_Pw,transfer_2,5678,blur,self,515,toronto:351,toronto:418,15.679997,36.1773
toronto_query_-KU5g574x3Cah05LVtG_Pw,transfer_3,5678,blur,self,500,toronto:351,toronto:418,15.680000,36.1773
toronto_query_-KU5g574x3Cah05LVtG_Pw,isotropic,9012,blur,self,683,toronto:351,toronto:418,15.680000,36.1773
toronto_query_-KU5g574x3Cah05LVtG_Pw,white_box,9012,blur,self,405,toronto:103,toronto:418,15.680000,36.1773
toronto_query_-KU5g574x3Cah05LVtG_Pw,transfer_1,9012,blur,self,614,toronto:351,toronto:418,15.680001,36.1773
toronto_query_-KU5g574x3Cah05LVtG_Pw,transfer_2,9012,blur,self,611,toronto:351,toronto:418,15.679997,36.1773
toronto_query_-KU5g574x3Cah05LVtG_Pw,transfer_3,9012,blur,self,467,toronto:351,toronto:418,15.679997,36.1773
zurich_query_0YqWIRNZbPyTmppf5ZjyMw,isotropic,1234,blur,self,1,zurich:25,zurich:25,15.680000,36.1773
zurich_query_0YqWIRNZbPyTmppf5ZjyMw,white_box,1234,blur,self,6,boston:19,zurich:25,15.680000,36.1773
zurich_query_0YqWIRNZbPyTmppf5ZjyMw,transfer_1,1234,blur,self,1,zurich:25,zurich:25,15.679997,36.1773
zurich_query_0YqWIRNZbPyTmppf5ZjyMw,transfer_2,1234,blur,self,1,zurich:25,zurich:25,15.679998,36.1773
zurich_query_0YqWIRNZbPyTmppf5ZjyMw,transfer_3,1234,blur,self,10,cph:243,zurich:25,15.679998,36.1773
zurich_query_0YqWIRNZbPyTmppf5ZjyMw,isotropic,5678,blur,self,1,zurich:25,zurich:25,15.679998,36.1773
zurich_query_0YqWIRNZbPyTmppf5ZjyMw,white_box,5678,blur,self,39,nairobi:1,zurich:25,15.679998,36.1773
zurich_query_0YqWIRNZbPyTmppf5ZjyMw,transfer_1,5678,blur,self,1,zurich:25,zurich:25,15.680000,36.1773
zurich_query_0YqWIRNZbPyTmppf5ZjyMw,transfer_2,5678,blur,self,1,zurich:25,zurich:25,15.679997,36.1773
zurich_query_0YqWIRNZbPyTmppf5ZjyMw,transfer_3,5678,blur,self,3,cph:243,zurich:25,15.680000,36.1773
zurich_query_0YqWIRNZbPyTmppf5ZjyMw,isotropic,9012,blur,self,1,zurich:25,zurich:25,15.680000,36.1773
zurich_query_0YqWIRNZbPyTmppf5ZjyMw,white_box,9012,blur,self,141,manila:51,zurich:25,15.679997,36.1773
zurich_query_0YqWIRNZbPyTmppf5ZjyMw,transfer_1,9012,blur,self,1,zurich:25,zurich:25,15.680000,36.1773
zurich_query_0YqWIRNZbPyTmppf5ZjyMw,transfer_2,9012,blur,self,2,amman:26,zurich:25,15.680001,36.1773
zurich_query_0YqWIRNZbPyTmppf5ZjyMw,transfer_3,9012,blur,self,4,cph:243,zurich:25,15.680000,36.1773
amman_query_2E9XDGy6VTetR1O15tILdw,isotropic,1234,blur,self,34,amman:32,amman:11,15.679998,36.1773
amman_query_2E9XDGy6VTetR1O15tILdw,white_box,1234,blur,self,331,boston:168,amman:11,15.679997,36.1773
amman_query_2E9XDGy6VTetR1O15tILdw,transfer_1,1234,blur,self,27,nairobi:22,amman:11,15.680000,36.1773
amman_query_2E9XDGy6VTetR1O15tILdw,transfer_2,1234,blur,self,25,nairobi:22,amman:11,15.680000,36.1773
amman_query_2E9XDGy6VTetR1O15tILdw,transfer_3,1234,blur,self,20,zurich:30,amman:11,15.679997,36.1773
amman_query_2E9XDGy6VTetR1O15tILdw,isotropic,5678,blur,self,45,nairobi:22,amman:11,15.680000,36.1773
amman_query_2E9XDGy6VTetR1O15tILdw,white_box,5678,blur,self,182,boston:168,amman:11,15.680000,36.1773
amman_query_2E9XDGy6VTetR1O15tILdw,transfer_1,5678,blur,self,66,nairobi:22,amman:11,15.680000,36.1773
amman_query_2E9XDGy6VTetR1O15tILdw,transfer_2,5678,blur,self,29,nairobi:22,amman:11,15.680000,36.1773
amman_query_2E9XDGy6VTetR1O15tILdw,transfer_3,5678,blur,self,55,zurich:19,amman:11,15.680000,36.1773
amman_query_2E9XDGy6VTetR1O15tILdw,isotropic,9012,blur,self,42,amman:32,amman:11,15.680000,36.1773
amman_query_2E9XDGy6VTetR1O15tILdw,white_box,9012,blur,self,499,london:125,amman:11,15.679997,36.1773
amman_query_2E9XDGy6VTetR1O15tILdw,transfer_1,9012,blur,self,63,nairobi:22,amman:11,15.679998,36.1773
amman_query_2E9XDGy6VTetR1O15tILdw,transfer_2,9012,blur,self,9,boston:249,amman:11,15.679998,36.1773
amman_query_2E9XDGy6VTetR1O15tILdw,transfer_3,9012,blur,self,121,zurich:104,amman:11,15.679996,36.1773
boston_query_-U_cmO4sMoYmoNbCPpMXWw,isotropic,1234,blur,self,385,boston:210,boston:101,15.679996,36.1773
boston_query_-U_cmO4sMoYmoNbCPpMXWw,white_box,1234,blur,self,597,zurich:103,boston:101,15.680000,36.1773
boston_query_-U_cmO4sMoYmoNbCPpMXWw,transfer_1,1234,blur,self,386,boston:210,boston:101,15.680000,36.1773
boston_query_-U_cmO4sMoYmoNbCPpMXWw,transfer_2,1234,blur,self,197,boston:210,boston:101,15.680001,36.1773
boston_query_-U_cmO4sMoYmoNbCPpMXWw,transfer_3,1234,blur,self,488,boston:210,boston:101,15.679997,36.1773
boston_query_-U_cmO4sMoYmoNbCPpMXWw,isotropic,5678,blur,self,418,boston:210,boston:101,15.680002,36.1773
boston_query_-U_cmO4sMoYmoNbCPpMXWw,white_box,5678,blur,self,198,london:34,boston:101,15.680000,36.1773
boston_query_-U_cmO4sMoYmoNbCPpMXWw,transfer_1,5678,blur,self,406,boston:210,boston:101,15.680000,36.1773
boston_query_-U_cmO4sMoYmoNbCPpMXWw,transfer_2,5678,blur,self,416,boston:210,boston:101,15.680000,36.1773
boston_query_-U_cmO4sMoYmoNbCPpMXWw,transfer_3,5678,blur,self,238,boston:210,boston:101,15.680001,36.1773
boston_query_-U_cmO4sMoYmoNbCPpMXWw,isotropic,9012,blur,self,349,boston:210,boston:101,15.679995,36.1773
boston_query_-U_cmO4sMoYmoNbCPpMXWw,white_box,9012,blur,self,769,london:34,boston:101,15.680000,36.1773
boston_query_-U_cmO4sMoYmoNbCPpMXWw,transfer_1,9012,blur,self,325,boston:210,boston:101,15.680000,36.1773
boston_query_-U_cmO4sMoYmoNbCPpMXWw,transfer_2,9012,blur,self,504,boston:210,boston:101,15.680000,36.1773
boston_query_-U_cmO4sMoYmoNbCPpMXWw,transfer_3,9012,blur,self,341,boston:210,boston:101,15.680000,36.1773
cph_query_-UByBh5hYhNn4_dsHy73aA,isotropic,1234,blur,self,1,cph:342,cph:342,15.679997,36.1773
cph_query_-UByBh5hYhNn4_dsHy73aA,white_box,1234,blur,self,3,cph:245,cph:342,15.679997,36.1773
cph_query_-UByBh5hYhNn4_dsHy73aA,transfer_1,1234,blur,self,1,cph:342,cph:342,15.680000,36.1773
cph_query_-UByBh5hYhNn4_dsHy73aA,transfer_2,1234,blur,self,1,cph:342,cph:342,15.679997,36.1773
cph_query_-UByBh5hYhNn4_dsHy73aA,transfer_3,1234,blur,self,1,cph:342,cph:342,15.679997,36.1773
cph_query_-UByBh5hYhNn4_dsHy73aA,isotropic,5678,blur,self,1,cph:342,cph:342,15.680000,36.1773
cph_query_-UByBh5hYhNn4_dsHy73aA,white_box,5678,blur,self,4,london:111,cph:342,15.680000,36.1773
cph_query_-UByBh5hYhNn4_dsHy73aA,transfer_1,5678,blur,self,1,cph:342,cph:342,15.680000,36.1773
cph_query_-UByBh5hYhNn4_dsHy73aA,transfer_2,5678,blur,self,1,cph:342,cph:342,15.679998,36.1773
cph_query_-UByBh5hYhNn4_dsHy73aA,transfer_3,5678,blur,self,1,cph:342,cph:342,15.679998,36.1773
cph_query_-UByBh5hYhNn4_dsHy73aA,isotropic,9012,blur,self,1,cph:342,cph:342,15.679997,36.1773
cph_query_-UByBh5hYhNn4_dsHy73aA,white_box,9012,blur,self,1,cph:342,cph:342,15.679998,36.1773
cph_query_-UByBh5hYhNn4_dsHy73aA,transfer_1,9012,blur,self,1,cph:342,cph:342,15.679998,36.1773
cph_query_-UByBh5hYhNn4_dsHy73aA,transfer_2,9012,blur,self,1,cph:342,cph:342,15.680000,36.1773
cph_query_-UByBh5hYhNn4_dsHy73aA,transfer_3,9012,blur,self,1,cph:342,cph:342,15.680000,36.1773
london_query_07oSFXlZ9SfPsHwsEZQFtA,isotropic,1234,blur,self,26,london:51,london:76,15.679997,36.1773
london_query_07oSFXlZ9SfPsHwsEZQFtA,white_box,1234,blur,self,300,boston:168,london:76,15.680000,36.1773
london_query_07oSFXlZ9SfPsHwsEZQFtA,transfer_1,1234,blur,self,37,london:51,london:76,15.679997,36.1773
london_query_07oSFXlZ9SfPsHwsEZQFtA,transfer_2,1234,blur,self,31,london:51,london:76,15.679997,36.1773
london_query_07oSFXlZ9SfPsHwsEZQFtA,transfer_3,1234,blur,self,69,london:51,london:76,15.680000,36.1773
london_query_07oSFXlZ9SfPsHwsEZQFtA,isotropic,5678,blur,self,23,london:51,london:76,15.680000,36.1773
london_query_07oSFXlZ9SfPsHwsEZQFtA,white_box,5678,blur,self,79,boston:168,london:76,15.680000,36.1773
london_query_07oSFXlZ9SfPsHwsEZQFtA,transfer_1,5678,blur,self,100,london:51,london:76,15.680000,36.1773
london_query_07oSFXlZ9SfPsHwsEZQFtA,transfer_2,5678,blur,self,21,london:51,london:76,15.679998,36.1773
london_query_07oSFXlZ9SfPsHwsEZQFtA,transfer_3,5678,blur,self,80,london:51,london:76,15.679998,36.1773
london_query_07oSFXlZ9SfPsHwsEZQFtA,isotropic,9012,blur,self,18,london:51,london:76,15.680000,36.1773
london_query_07oSFXlZ9SfPsHwsEZQFtA,white_box,9012,blur,self,982,manila:171,london:76,15.680000,36.1773
london_query_07oSFXlZ9SfPsHwsEZQFtA,transfer_1,9012,blur,self,23,london:51,london:76,15.679997,36.1773
london_query_07oSFXlZ9SfPsHwsEZQFtA,transfer_2,9012,blur,self,22,london:51,london:76,15.679997,36.1773
london_query_07oSFXlZ9SfPsHwsEZQFtA,transfer_3,9012,blur,self,75,london:51,london:76,15.679997,36.1773
manila_query_-YswrllPgEq1Q_LYD0mD0A,isotropic,1234,blur,self,203,manila:173,manila:181,15.679997,36.1773
manila_query_-YswrllPgEq1Q_LYD0mD0A,white_box,1234,blur,self,784,toronto:88,manila:181,15.680001,36.1773
manila_query_-YswrllPgEq1Q_LYD0mD0A,transfer_1,1234,blur,self,112,manila:134,manila:181,15.679998,36.1773
manila_query_-YswrllPgEq1Q_LYD0mD0A,transfer_2,1234,blur,self,109,manila:173,manila:181,15.679997,36.1773
manila_query_-YswrllPgEq1Q_LYD0mD0A,transfer_3,1234,blur,self,59,manila:173,manila:181,15.680000,36.1773
manila_query_-YswrllPgEq1Q_LYD0mD0A,isotropic,5678,blur,self,213,manila:173,manila:181,15.680000,36.1773
manila_query_-YswrllPgEq1Q_LYD0mD0A,white_box,5678,blur,self,562,toronto:88,manila:181,15.679998,36.1773
manila_query_-YswrllPgEq1Q_LYD0mD0A,transfer_1,5678,blur,self,112,manila:134,manila:181,15.679997,36.1773
manila_query_-YswrllPgEq1Q_LYD0mD0A,transfer_2,5678,blur,self,124,manila:173,manila:181,15.679996,36.1773
manila_query_-YswrllPgEq1Q_LYD0mD0A,transfer_3,5678,blur,self,28,manila:134,manila:181,15.680001,36.1773
manila_query_-YswrllPgEq1Q_LYD0mD0A,isotropic,9012,blur,self,259,manila:173,manila:181,15.679997,36.1773
manila_query_-YswrllPgEq1Q_LYD0mD0A,white_box,9012,blur,self,9,manila:190,manila:181,15.679997,36.1773
manila_query_-YswrllPgEq1Q_LYD0mD0A,transfer_1,9012,blur,self,187,manila:134,manila:181,15.680000,36.1773
manila_query_-YswrllPgEq1Q_LYD0mD0A,transfer_2,9012,blur,self,123,manila:173,manila:181,15.679998,36.1773
manila_query_-YswrllPgEq1Q_LYD0mD0A,transfer_3,9012,blur,self,58,manila:173,manila:181,15.679997,36.1773
nairobi_query_3sAf0a7Z9MFOX5NACNEfkA,isotropic,1234,blur,self,3,london:85,nairobi:3,15.679997,36.1773
nairobi_query_3sAf0a7Z9MFOX5NACNEfkA,white_box,1234,blur,self,361,cph:245,nairobi:3,15.679998,36.1773
nairobi_query_3sAf0a7Z9MFOX5NACNEfkA,transfer_1,1234,blur,self,3,london:85,nairobi:3,15.680000,36.1773
nairobi_query_3sAf0a7Z9MFOX5NACNEfkA,transfer_2,1234,blur,self,7,london:85,nairobi:3,15.680000,36.1773
nairobi_query_3sAf0a7Z9MFOX5NACNEfkA,transfer_3,1234,blur,self,3,london:85,nairobi:3,15.680000,36.1773
nairobi_query_3sAf0a7Z9MFOX5NACNEfkA,isotropic,5678,blur,self,6,london:85,nairobi:3,15.679998,36.1773
nairobi_query_3sAf0a7Z9MFOX5NACNEfkA,white_box,5678,blur,self,191,manila:190,nairobi:3,15.679998,36.1773
nairobi_query_3sAf0a7Z9MFOX5NACNEfkA,transfer_1,5678,blur,self,7,zurich:19,nairobi:3,15.679997,36.1773
nairobi_query_3sAf0a7Z9MFOX5NACNEfkA,transfer_2,5678,blur,self,4,london:85,nairobi:3,15.679997,36.1773
nairobi_query_3sAf0a7Z9MFOX5NACNEfkA,transfer_3,5678,blur,self,5,london:85,nairobi:3,15.680000,36.1773
nairobi_query_3sAf0a7Z9MFOX5NACNEfkA,isotropic,9012,blur,self,4,zurich:19,nairobi:3,15.680000,36.1773
nairobi_query_3sAf0a7Z9MFOX5NACNEfkA,white_box,9012,blur,self,109,manila:190,nairobi:3,15.679997,36.1773
nairobi_query_3sAf0a7Z9MFOX5NACNEfkA,transfer_1,9012,blur,self,5,london:85,nairobi:3,15.679998,36.1773
nairobi_query_3sAf0a7Z9MFOX5NACNEfkA,transfer_2,9012,blur,self,6,boston:90,nairobi:3,15.680000,36.1773
nairobi_query_3sAf0a7Z9MFOX5NACNEfkA,transfer_3,9012,blur,self,4,london:85,nairobi:3,15.679998,36.1773
toronto_query_-L3Zos1U2E6AA3-ZO_eESA,isotropic,1234,blur,self,143,toronto:389,toronto:253,15.680000,36.1773
toronto_query_-L3Zos1U2E6AA3-ZO_eESA,white_box,1234,blur,self,992,manila:23,toronto:253,15.679997,36.1773
toronto_query_-L3Zos1U2E6AA3-ZO_eESA,transfer_1,1234,blur,self,119,toronto:389,toronto:253,15.680000,36.1773
toronto_query_-L3Zos1U2E6AA3-ZO_eESA,transfer_2,1234,blur,self,156,toronto:389,toronto:253,15.680000,36.1773
toronto_query_-L3Zos1U2E6AA3-ZO_eESA,transfer_3,1234,blur,self,892,zurich:42,toronto:253,15.679997,36.1773
toronto_query_-L3Zos1U2E6AA3-ZO_eESA,isotropic,5678,blur,self,135,toronto:389,toronto:253,15.679996,36.1773
toronto_query_-L3Zos1U2E6AA3-ZO_eESA,white_box,5678,blur,self,1194,manila:106,toronto:253,15.679997,36.1773
toronto_query_-L3Zos1U2E6AA3-ZO_eESA,transfer_1,5678,blur,self,271,toronto:185,toronto:253,15.679997,36.1773
toronto_query_-L3Zos1U2E6AA3-ZO_eESA,transfer_2,5678,blur,self,234,toronto:389,toronto:253,15.679998,36.1773
toronto_query_-L3Zos1U2E6AA3-ZO_eESA,transfer_3,5678,blur,self,539,toronto:185,toronto:253,15.680000,36.1773
toronto_query_-L3Zos1U2E6AA3-ZO_eESA,isotropic,9012,blur,self,154,toronto:389,toronto:253,15.680002,36.1773
toronto_query_-L3Zos1U2E6AA3-ZO_eESA,white_box,9012,blur,self,1059,manila:106,toronto:253,15.679998,36.1773
toronto_query_-L3Zos1U2E6AA3-ZO_eESA,transfer_1,9012,blur,self,148,toronto:389,toronto:253,15.679997,36.1773
toronto_query_-L3Zos1U2E6AA3-ZO_eESA,transfer_2,9012,blur,self,197,toronto:389,toronto:253,15.680001,36.1773
toronto_query_-L3Zos1U2E6AA3-ZO_eESA,transfer_3,9012,blur,self,911,toronto:185,toronto:253,15.679997,36.1773
zurich_query_0eG9-83f-Xafie9_84fDbg,isotropic,1234,blur,self,6,zurich:111,zurich:105,15.680000,36.1773
zurich_query_0eG9-83f-Xafie9_84fDbg,white_box,1234,blur,self,433,london:34,zurich:105,15.679998,36.1773
zurich_query_0eG9-83f-Xafie9_84fDbg,transfer_1,1234,blur,self,1,zurich:105,zurich:105,15.680000,36.1773
zurich_query_0eG9-83f-Xafie9_84fDbg,transfer_2,1234,blur,self,4,zurich:111,zurich:105,15.679997,36.1773
zurich_query_0eG9-83f-Xafie9_84fDbg,transfer_3,1234,blur,self,8,toronto:196,zurich:105,15.679997,36.1773
zurich_query_0eG9-83f-Xafie9_84fDbg,isotropic,5678,blur,self,8,zurich:111,zurich:105,15.679998,36.1773
zurich_query_0eG9-83f-Xafie9_84fDbg,white_box,5678,blur,self,19,manila:190,zurich:105,15.680000,36.1773
zurich_query_0eG9-83f-Xafie9_84fDbg,transfer_1,5678,blur,self,2,zurich:111,zurich:105,15.679997,36.1773
zurich_query_0eG9-83f-Xafie9_84fDbg,transfer_2,5678,blur,self,7,toronto:244,zurich:105,15.680000,36.1773
zurich_query_0eG9-83f-Xafie9_84fDbg,transfer_3,5678,blur,self,2,toronto:244,zurich:105,15.680000,36.1773
zurich_query_0eG9-83f-Xafie9_84fDbg,isotropic,9012,blur,self,6,toronto:244,zurich:105,15.680000,36.1773
zurich_query_0eG9-83f-Xafie9_84fDbg,white_box,9012,blur,self,45,manila:132,zurich:105,15.680001,36.1773
zurich_query_0eG9-83f-Xafie9_84fDbg,transfer_1,9012,blur,self,2,zurich:111,zurich:105,15.680001,36.1773
zurich_query_0eG9-83f-Xafie9_84fDbg,transfer_2,9012,blur,self,4,nairobi:18,zurich:105,15.679998,36.1773
zurich_query_0eG9-83f-Xafie9_84fDbg,transfer_3,9012,blur,self,2,toronto:196,zurich:105,15.679997,36.1773
amman_query_2WNEczYwDdZlHE_2nYlE-A,isotropic,1234,blur,self,595,amman:32,amman:0,15.680000,36.1773
amman_query_2WNEczYwDdZlHE_2nYlE-A,white_box,1234,blur,self,750,toronto:273,amman:0,15.679998,36.1773
amman_query_2WNEczYwDdZlHE_2nYlE-A,transfer_1,1234,blur,self,569,amman:32,amman:0,15.679997,36.1773
amman_query_2WNEczYwDdZlHE_2nYlE-A,transfer_2,1234,blur,self,482,amman:21,amman:0,15.679997,36.1773
amman_query_2WNEczYwDdZlHE_2nYlE-A,transfer_3,1234,blur,self,190,amman:32,amman:0,15.680001,36.1773
amman_query_2WNEczYwDdZlHE_2nYlE-A,isotropic,5678,blur,self,581,amman:32,amman:0,15.680000,36.1773
amman_query_2WNEczYwDdZlHE_2nYlE-A,white_box,5678,blur,self,304,toronto:102,amman:0,15.680000,36.1773
amman_query_2WNEczYwDdZlHE_2nYlE-A,transfer_1,5678,blur,self,447,amman:32,amman:0,15.680000,36.1773
amman_query_2WNEczYwDdZlHE_2nYlE-A,transfer_2,5678,blur,self,417,amman:32,amman:0,15.679996,36.1773
amman_query_2WNEczYwDdZlHE_2nYlE-A,transfer_3,5678,blur,self,283,amman:32,amman:0,15.680000,36.1773
amman_query_2WNEczYwDdZlHE_2nYlE-A,isotropic,9012,blur,self,642,amman:32,amman:0,15.679997,36.1773
amman_query_2WNEczYwDdZlHE_2nYlE-A,white_box,9012,blur,self,34,toronto:196,amman:0,15.679997,36.1773
amman_query_2WNEczYwDdZlHE_2nYlE-A,transfer_1,9012,blur,self,549,amman:32,amman:0,15.680000,36.1773
amman_query_2WNEczYwDdZlHE_2nYlE-A,transfer_2,9012,blur,self,396,amman:32,amman:0,15.679997,36.1773
amman_query_2WNEczYwDdZlHE_2nYlE-A,transfer_3,9012,blur,self,212,cph:464,amman:0,15.680000,36.1773
boston_query_-VHXaQ_dj_14O-Bcn3u7zA,isotropic,1234,blur,self,532,toronto:228,boston:171,15.680000,36.1773
boston_query_-VHXaQ_dj_14O-Bcn3u7zA,white_box,1234,blur,self,528,manila:143,boston:171,15.679997,36.1773
boston_query_-VHXaQ_dj_14O-Bcn3u7zA,transfer_1,1234,blur,self,422,toronto:228,boston:171,15.679998,36.1773
boston_query_-VHXaQ_dj_14O-Bcn3u7zA,transfer_2,1234,blur,self,501,toronto:228,boston:171,15.679997,36.1773
boston_query_-VHXaQ_dj_14O-Bcn3u7zA,transfer_3,1234,blur,self,595,zurich:42,boston:171,15.679998,36.1773
boston_query_-VHXaQ_dj_14O-Bcn3u7zA,isotropic,5678,blur,self,505,toronto:228,boston:171,15.679998,36.1773
boston_query_-VHXaQ_dj_14O-Bcn3u7zA,white_box,5678,blur,self,172,amman:29,boston:171,15.679997,36.1773
boston_query_-VHXaQ_dj_14O-Bcn3u7zA,transfer_1,5678,blur,self,452,manila:29,boston:171,15.680000,36.1773
boston_query_-VHXaQ_dj_14O-Bcn3u7zA,transfer_2,5678,blur,self,400,toronto:228,boston:171,15.679997,36.1773
boston_query_-VHXaQ_dj_14O-Bcn3u7zA,transfer_3,5678,blur,self,264,toronto:228,boston:171,15.680001,36.1773
boston_query_-VHXaQ_dj_14O-Bcn3u7zA,isotropic,9012,blur,self,524,toronto:228,boston:171,15.679998,36.1773
boston_query_-VHXaQ_dj_14O-Bcn3u7zA,white_box,9012,blur,self,28,manila:51,boston:171,15.680000,36.1773
boston_query_-VHXaQ_dj_14O-Bcn3u7zA,transfer_1,9012,blur,self,263,toronto:228,boston:171,15.680000,36.1773
boston_query_-VHXaQ_dj_14O-Bcn3u7zA,transfer_2,9012,blur,self,425,toronto:228,boston:171,15.679998,36.1773
boston_query_-VHXaQ_dj_14O-Bcn3u7zA,transfer_3,9012,blur,self,196,manila:29,boston:171,15.679997,36.1773
cph_query_-UO7OuMXuwPBrMEXSsFhNA,isotropic,1234,blur,self,844,london:85,cph:429,15.679997,36.1773
cph_query_-UO7OuMXuwPBrMEXSsFhNA,white_box,1234,blur,self,406,london:125,cph:429,15.680000,36.1773
cph_query_-UO7OuMXuwPBrMEXSsFhNA,transfer_1,1234,blur,self,1407,boston:235,cph:429,15.680000,36.1773
cph_query_-UO7OuMXuwPBrMEXSsFhNA,transfer_2,1234,blur,self,989,boston:235,cph:429,15.680001,36.1773
cph_query_-UO7OuMXuwPBrMEXSsFhNA,transfer_3,1234,blur,self,810,boston:235,cph:429,15.680000,36.1773
cph_query_-UO7OuMXuwPBrMEXSsFhNA,isotropic,5678,blur,self,959,london:85,cph:429,15.680000,36.1773
cph_query_-UO7OuMXuwPBrMEXSsFhNA,white_box,5678,blur,self,23,cph:296,cph:429,15.680000,36.1773
cph_query_-UO7OuMXuwPBrMEXSsFhNA,transfer_1,5678,blur,self,1252,boston:235,cph:429,15.679997,36.1773
cph_query_-UO7OuMXuwPBrMEXSsFhNA,transfer_2,5678,blur,self,884,boston:98,cph:429,15.680000,36.1773
cph_query_-UO7OuMXuwPBrMEXSsFhNA,transfer_3,5678,blur,self,862,boston:98,cph:429,15.679997,36.1773
cph_query_-UO7OuMXuwPBrMEXSsFhNA,isotropic,9012,blur,self,836,london:85,cph:429,15.680000,36.1773
cph_query_-UO7OuMXuwPBrMEXSsFhNA,white_box,9012,blur,self,51,manila:190,cph:429,15.679997,36.1773
cph_query_-UO7OuMXuwPBrMEXSsFhNA,transfer_1,9012,blur,self,1236,london:85,cph:429,15.679997,36.1773
cph_query_-UO7OuMXuwPBrMEXSsFhNA,transfer_2,9012,blur,self,958,boston:235,cph:429,15.680001,36.1773
cph_query_-UO7OuMXuwPBrMEXSsFhNA,transfer_3,9012,blur,self,930,boston:235,cph:429,15.679997,36.1773
london_query_08wp6QepyximP9UuP-ijLg,isotropic,1234,blur,self,11,boston:234,london:78,15.679998,36.1773
london_query_08wp6QepyximP9UuP-ijLg,white_box,1234,blur,self,73,london:125,london:78,15.679998,36.1773
london_query_08wp6QepyximP9UuP-ijLg,transfer_1,1234,blur,self,7,cph:176,london:78,15.679998,36.1773
london_query_08wp6QepyximP9UuP-ijLg,transfer_2,1234,blur,self,18,cph:176,london:78,15.680000,36.1773
london_query_08wp6QepyximP9UuP-ijLg,transfer_3,1234,blur,self,22,london:119,london:78,15.680000,36.1773
london_query_08wp6QepyximP9UuP-ijLg,isotropic,5678,blur,self,11,boston:234,london:78,15.680002,36.1773
london_query_08wp6QepyximP9UuP-ijLg,white_box,5678,blur,self,83,cph:245,london:78,15.679997,36.1773
london_query_08wp6QepyximP9UuP-ijLg,transfer_1,5678,blur,self,14,cph:176,london:78,15.680000,36.1773
london_query_08wp6QepyximP9UuP-ijLg,transfer_2,5678,blur,self,4,london:119,london:78,15.680001,36.1773
london_query_08wp6QepyximP9UuP-ijLg,transfer_3,5678,blur,self,14,boston:234,london:78,15.680000,36.1773
london_query_08wp6QepyximP9UuP-ijLg,isotropic,9012,blur,self,5,boston:234,london:78,15.679997,36.1773
london_query_08wp6QepyximP9UuP-ijLg,white_box,9012,blur,self,80,cph:342,london:78,15.679998,36.1773
london_query_08wp6QepyximP9UuP-ijLg,transfer_1,9012,blur,self,1,london:78,london:78,15.680000,36.1773
london_query_08wp6QepyximP9UuP-ijLg,transfer_2,9012,blur,self,35,cph:176,london:78,15.680000,36.1773
london_query_08wp6QepyximP9UuP-ijLg,transfer_3,9012,blur,self,37,boston:234,london:78,15.680001,36.1773
manila_query_-Z3CXTi1QhF_Ste8t8vrJA,isotropic,1234,blur,self,1024,toronto:102,manila:16,15.680002,36.1773
manila_query_-Z3CXTi1QhF_Ste8t8vrJA,white_box,1234,blur,self,791,cph:245,manila:16,15.679997,36.1773
manila_query_-Z3CXTi1QhF_Ste8t8vrJA,transfer_1,1234,blur,self,898,manila:13,manila:16,15.680000,36.1773
manila_query_-Z3CXTi1QhF_Ste8t8vrJA,transfer_2,1234,blur,self,906,manila:13,manila:16,15.679997,36.1773
manila_query_-Z3CXTi1QhF_Ste8t8vrJA,transfer_3,1234,blur,self,1056,manila:13,manila:16,15.679997,36.1773
manila_query_-Z3CXTi1QhF_Ste8t8vrJA,isotropic,5678,blur,self,903,toronto:102,manila:16,15.679997,36.1773
manila_query_-Z3CXTi1QhF_Ste8t8vrJA,white_box,5678,blur,self,916,manila:41,manila:16,15.680000,36.1773
manila_query_-Z3CXTi1QhF_Ste8t8vrJA,transfer_1,5678,blur,self,969,manila:142,manila:16,15.680000,36.1773
manila_query_-Z3CXTi1QhF_Ste8t8vrJA,transfer_2,5678,blur,self,998,manila:142,manila:16,15.680000,36.1773
manila_query_-Z3CXTi1QhF_Ste8t8vrJA,transfer_3,5678,blur,self,796,manila:13,manila:16,15.680001,36.1773
manila_query_-Z3CXTi1QhF_Ste8t8vrJA,isotropic,9012,blur,self,973,toronto:102,manila:16,15.679998,36.1773
manila_query_-Z3CXTi1QhF_Ste8t8vrJA,white_box,9012,blur,self,1358,manila:92,manila:16,15.679998,36.1773
manila_query_-Z3CXTi1QhF_Ste8t8vrJA,transfer_1,9012,blur,self,1097,manila:13,manila:16,15.680000,36.1773
manila_query_-Z3CXTi1QhF_Ste8t8vrJA,transfer_2,9012,blur,self,917,manila:13,manila:16,15.680000,36.1773
manila_query_-Z3CXTi1QhF_Ste8t8vrJA,transfer_3,9012,blur,self,779,manila:13,manila:16,15.680002,36.1773
nairobi_query_3vVoHZDD0-kVhbBxDTYEjw,isotropic,1234,blur,self,81,cph:459,nairobi:10,15.679998,36.1773
nairobi_query_3vVoHZDD0-kVhbBxDTYEjw,white_box,1234,blur,self,61,toronto:23,nairobi:10,15.680001,36.1773
nairobi_query_3vVoHZDD0-kVhbBxDTYEjw,transfer_1,1234,blur,self,33,cph:459,nairobi:10,15.680000,36.1773
nairobi_query_3vVoHZDD0-kVhbBxDTYEjw,transfer_2,1234,blur,self,15,nairobi:15,nairobi:10,15.679998,36.1773
nairobi_query_3vVoHZDD0-kVhbBxDTYEjw,transfer_3,1234,blur,self,26,cph:464,nairobi:10,15.680000,36.1773
nairobi_query_3vVoHZDD0-kVhbBxDTYEjw,isotropic,5678,blur,self,76,cph:459,nairobi:10,15.679997,36.1773
nairobi_query_3vVoHZDD0-kVhbBxDTYEjw,white_box,5678,blur,self,68,manila:23,nairobi:10,15.679997,36.1773
nairobi_query_3vVoHZDD0-kVhbBxDTYEjw,transfer_1,5678,blur,self,15,boston:112,nairobi:10,15.679998,36.1773
nairobi_query_3vVoHZDD0-kVhbBxDTYEjw,transfer_2,5678,blur,self,22,cph:459,nairobi:10,15.680000,36.1773
nairobi_query_3vVoHZDD0-kVhbBxDTYEjw,transfer_3,5678,blur,self,15,boston:112,nairobi:10,15.680000,36.1773
nairobi_query_3vVoHZDD0-kVhbBxDTYEjw,isotropic,9012,blur,self,64,cph:459,nairobi:10,15.679996,36.1773
nairobi_query_3vVoHZDD0-kVhbBxDTYEjw,white_box,9012,blur,self,71,toronto:23,nairobi:10,15.679997,36.1773
nairobi_query_3vVoHZDD0-kVhbBxDTYEjw,transfer_1,9012,blur,self,47,cph:459,nairobi:10,15.680000,36.1773
nairobi_query_3vVoHZDD0-kVhbBxDTYEjw,transfer_2,9012,blur,self,29,cph:459,nairobi:10,15.680000,36.1773
nairobi_query_3vVoHZDD0-kVhbBxDTYEjw,transfer_3,9012,blur,self,4,nairobi:15,nairobi:10,15.679997,36.1773
toronto_query_-LZN7DIyP80uvFh2O8KVXw,isotropic,1234,blur,self,7,cph:162,toronto:366,15.680000,36.1773
toronto_query_-LZN7DIyP80uvFh2O8KVXw,white_box,1234,blur,self,229,london:125,toronto:366,15.680000,36.1773
toronto_query_-LZN7DIyP80uvFh2O8KVXw,transfer_1,1234,blur,self,17,cph:243,toronto:366,15.680000,36.1773
toronto_query_-LZN7DIyP80uvFh2O8KVXw,transfer_2,1234,blur,self,18,cph:243,toronto:366,15.680000,36.1773
toronto_query_-LZN7DIyP80uvFh2O8KVXw,transfer_3,1234,blur,self,98,toronto:351,toronto:366,15.679997,36.1773
toronto_query_-LZN7DIyP80uvFh2O8KVXw,isotropic,5678,blur,self,9,cph:162,toronto:366,15.680000,36.1773
toronto_query_-LZN7DIyP80uvFh2O8KVXw,white_box,5678,blur,self,342,manila:183,toronto:366,15.679998,36.1773
toronto_query_-LZN7DIyP80uvFh2O8KVXw,transfer_1,5678,blur,self,8,cph:162,toronto:366,15.680000,36.1773
toronto_query_-LZN7DIyP80uvFh2O8KVXw,transfer_2,5678,blur,self,18,cph:243,toronto:366,15.680000,36.1773
toronto_query_-LZN7DIyP80uvFh2O8KVXw,transfer_3,5678,blur,self,69,amman:32,toronto:366,15.679997,36.1773
toronto_query_-LZN7DIyP80uvFh2O8KVXw,isotropic,9012,blur,self,8,cph:162,toronto:366,15.680000,36.1773
toronto_query_-LZN7DIyP80uvFh2O8KVXw,white_box,9012,blur,self,39,toronto:265,toronto:366,15.679998,36.1773
toronto_query_-LZN7DIyP80uvFh2O8KVXw,transfer_1,9012,blur,self,17,cph:243,toronto:366,15.679998,36.1773
toronto_query_-LZN7DIyP80uvFh2O8KVXw,transfer_2,9012,blur,self,15,cph:243,toronto:366,15.680001,36.1773
toronto_query_-LZN7DIyP80uvFh2O8KVXw,transfer_3,9012,blur,self,59,toronto:351,toronto:366,15.680000,36.1773
zurich_query_0g61-9tYhD3Y5qh7eiB92g,isotropic,1234,blur,self,29,toronto:351,zurich:22,15.680000,36.1773
zurich_query_0g61-9tYhD3Y5qh7eiB92g,white_box,1234,blur,self,157,toronto:23,zurich:22,15.680000,36.1773
zurich_query_0g61-9tYhD3Y5qh7eiB92g,transfer_1,1234,blur,self,8,toronto:351,zurich:22,15.680001,36.1773
zurich_query_0g61-9tYhD3Y5qh7eiB92g,transfer_2,1234,blur,self,5,zurich:38,zurich:22,15.680000,36.1773
zurich_query_0g61-9tYhD3Y5qh7eiB92g,transfer_3,1234,blur,self,9,boston:216,zurich:22,15.679998,36.1773
zurich_query_0g61-9tYhD3Y5qh7eiB92g,isotropic,5678,blur,self,26,toronto:421,zurich:22,15.680000,36.1773
zurich_query_0g61-9tYhD3Y5qh7eiB92g,white_box,5678,blur,self,118,boston:123,zurich:22,15.680001,36.1773
zurich_query_0g61-9tYhD3Y5qh7eiB92g,transfer_1,5678,blur,self,7,toronto:351,zurich:22,15.679998,36.1773
zurich_query_0g61-9tYhD3Y5qh7eiB92g,transfer_2,5678,blur,self,1,zurich:22,zurich:22,15.679997,36.1773
zurich_query_0g61-9tYhD3Y5qh7eiB92g,transfer_3,5678,blur,self,43,toronto:366,zurich:22,15.679998,36.1773
zurich_query_0g61-9tYhD3Y5qh7eiB92g,isotropic,9012,blur,self,21,cph:33,zurich:22,15.679997,36.1773
zurich_query_0g61-9tYhD3Y5qh7eiB92g,white_box,9012,blur,self,83,toronto:23,zurich:22,15.679997,36.1773
zurich_query_0g61-9tYhD3Y5qh7eiB92g,transfer_1,9012,blur,self,6,toronto:351,zurich:22,15.680000,36.1773
zurich_query_0g61-9tYhD3Y5qh7eiB92g,transfer_2,9012,blur,self,6,toronto:265,zurich:22,15.679998,36.1773
zurich_query_0g61-9tYhD3Y5qh7eiB92g,transfer_3,9012,blur,self,9,nairobi:7,zurich:22,15.679997,36.1773
amman_query_2amxr5vdbo4jgViAEELT_Q,isotropic,1234,blur,self,1798,amman:0,amman:37,15.679998,36.1773
amman_query_2amxr5vdbo4jgViAEELT_Q,white_box,1234,blur,self,1041,london:28,amman:37,15.679997,36.1773
amman_query_2amxr5vdbo4jgViAEELT_Q,transfer_1,1234,blur,self,1574,amman:1,amman:37,15.680000,36.1773
amman_query_2amxr5vdbo4jgViAEELT_Q,transfer_2,1234,blur,self,1736,amman:1,amman:37,15.679997,36.1773
amman_query_2amxr5vdbo4jgViAEELT_Q,transfer_3,1234,blur,self,1463,amman:1,amman:37,15.680000,36.1773
amman_query_2amxr5vdbo4jgViAEELT_Q,isotropic,5678,blur,self,1660,amman:1,amman:37,15.680000,36.1773
amman_query_2amxr5vdbo4jgViAEELT_Q,white_box,5678,blur,self,974,london:28,amman:37,15.679997,36.1773
amman_query_2amxr5vdbo4jgViAEELT_Q,transfer_1,5678,blur,self,1782,amman:0,amman:37,15.679998,36.1773
amman_query_2amxr5vdbo4jgViAEELT_Q,transfer_2,5678,blur,self,1691,amman:1,amman:37,15.679998,36.1773
amman_query_2amxr5vdbo4jgViAEELT_Q,transfer_3,5678,blur,self,1775,amman:1,amman:37,15.680000,36.1773
amman_query_2amxr5vdbo4jgViAEELT_Q,isotropic,9012,blur,self,1786,amman:0,amman:37,15.679998,36.1773
amman_query_2amxr5vdbo4jgViAEELT_Q,white_box,9012,blur,self,1917,zurich:33,amman:37,15.679997,36.1773
amman_query_2amxr5vdbo4jgViAEELT_Q,transfer_1,9012,blur,self,1405,amman:1,amman:37,15.679997,36.1773
amman_query_2amxr5vdbo4jgViAEELT_Q,transfer_2,9012,blur,self,1715,amman:1,amman:37,15.680000,36.1773
amman_query_2amxr5vdbo4jgViAEELT_Q,transfer_3,9012,blur,self,1926,amman:1,amman:37,15.679997,36.1773
boston_query_-WNRbaGc8Yukh-LWnRNe5O,isotropic,1234,blur,self,21,boston:123,boston:99,15.679998,36.1773
boston_query_-WNRbaGc8Yukh-LWnRNe5O,white_box,1234,blur,self,398,manila:41,boston:99,15.679998,36.1773
boston_query_-WNRbaGc8Yukh-LWnRNe5O,transfer_1,1234,blur,self,12,amman:26,boston:99,15.680001,36.1773
boston_query_-WNRbaGc8Yukh-LWnRNe5O,transfer_2,1234,blur,self,120,amman:26,boston:99,15.680000,36.1773
boston_query_-WNRbaGc8Yukh-LWnRNe5O,transfer_3,1234,blur,self,123,boston:123,boston:99,15.680001,36.1773
boston_query_-WNRbaGc8Yukh-LWnRNe5O,isotropic,5678,blur,self,17,boston:123,boston:99,15.679996,36.1773
boston_query_-WNRbaGc8Yukh-LWnRNe5O,white_box,5678,blur,self,117,london:125,boston:99,15.679997,36.1773
boston_query_-WNRbaGc8Yukh-LWnRNe5O,transfer_1,5678,blur,self,29,boston:123,boston:99,15.679998,36.1773
boston_query_-WNRbaGc8Yukh-LWnRNe5O,transfer_2,5678,blur,self,62,boston:123,boston:99,15.679998,36.1773
boston_query_-WNRbaGc8Yukh-LWnRNe5O,transfer_3,5678,blur,self,42,amman:29,boston:99,15.679997,36.1773
boston_query_-WNRbaGc8Yukh-LWnRNe5O,isotropic,9012,blur,self,19,boston:123,boston:99,15.680000,36.1773
boston_query_-WNRbaGc8Yukh-LWnRNe5O,white_box,9012,blur,self,668,manila:87,boston:99,15.679997,36.1773
boston_query_-WNRbaGc8Yukh-LWnRNe5O,transfer_1,9012,blur,self,14,amman:26,boston:99,15.679997,36.1773
boston_query_-WNRbaGc8Yukh-LWnRNe5O,transfer_2,9012,blur,self,24,amman:26,boston:99,15.680000,36.1773
boston_query_-WNRbaGc8Yukh-LWnRNe5O,transfer_3,9012,blur,self,81,boston:123,boston:99,15.680000,36.1773
cph_query_-V4aUy1yd0AbFfY-xX0BAg,isotropic,1234,blur,self,4,cph:356,cph:500,15.680000,36.1773
cph_query_-V4aUy1yd0AbFfY-xX0BAg,white_box,1234,blur,self,53,zurich:33,cph:500,15.679997,36.1773
cph_query_-V4aUy1yd0AbFfY-xX0BAg,transfer_1,1234,blur,self,4,cph:356,cph:500,15.680001,36.1773
cph_query_-V4aUy1yd0AbFfY-xX0BAg,transfer_2,1234,blur,self,3,cph:356,cph:500,15.680000,36.1773
cph_query_-V4aUy1yd0AbFfY-xX0BAg,transfer_3,1234,blur,self,4,cph:356,cph:500,15.680000,36.1773
cph_query_-V4aUy1yd0AbFfY-xX0BAg,isotropic,5678,blur,self,3,cph:356,cph:500,15.679998,36.1773
cph_query_-V4aUy1yd0AbFfY-xX0BAg,white_box,5678,blur,self,60,cph:245,cph:500,15.680000,36.1773
cph_query_-V4aUy1yd0AbFfY-xX0BAg,transfer_1,5678,blur,self,3,cph:356,cph:500,15.679997,36.1773
cph_query_-V4aUy1yd0AbFfY-xX0BAg,transfer_2,5678,blur,self,4,cph:356,cph:500,15.680000,36.1773
cph_query_-V4aUy1yd0AbFfY-xX0BAg,transfer_3,5678,blur,self,3,cph:356,cph:500,15.679997,36.1773
cph_query_-V4aUy1yd0AbFfY-xX0BAg,isotropic,9012,blur,self,3,cph:356,cph:500,15.680000,36.1773
cph_query_-V4aUy1yd0AbFfY-xX0BAg,white_box,9012,blur,self,52,cph:245,cph:500,15.680001,36.1773
cph_query_-V4aUy1yd0AbFfY-xX0BAg,transfer_1,9012,blur,self,4,cph:356,cph:500,15.680000,36.1773
cph_query_-V4aUy1yd0AbFfY-xX0BAg,transfer_2,9012,blur,self,4,cph:356,cph:500,15.679997,36.1773
cph_query_-V4aUy1yd0AbFfY-xX0BAg,transfer_3,9012,blur,self,3,cph:356,cph:500,15.680001,36.1773
london_query_09P-tDZlSTWY4XNCcRZ_-g,isotropic,1234,blur,self,6,toronto:244,london:129,15.680001,36.1773
london_query_09P-tDZlSTWY4XNCcRZ_-g,white_box,1234,blur,self,96,toronto:273,london:129,15.680000,36.1773
london_query_09P-tDZlSTWY4XNCcRZ_-g,transfer_1,1234,blur,self,19,toronto:244,london:129,15.679998,36.1773
london_query_09P-tDZlSTWY4XNCcRZ_-g,transfer_2,1234,blur,self,15,zurich:79,london:129,15.679997,36.1773
london_query_09P-tDZlSTWY4XNCcRZ_-g,transfer_3,1234,blur,self,23,toronto:251,london:129,15.679997,36.1773
london_query_09P-tDZlSTWY4XNCcRZ_-g,isotropic,5678,blur,self,5,toronto:244,london:129,15.680000,36.1773
london_query_09P-tDZlSTWY4XNCcRZ_-g,white_box,5678,blur,self,68,zurich:19,london:129,15.680001,36.1773
london_query_09P-tDZlSTWY4XNCcRZ_-g,transfer_1,5678,blur,self,4,zurich:79,london:129,15.679997,36.1773
london_query_09P-tDZlSTWY4XNCcRZ_-g,transfer_2,5678,blur,self,9,toronto:251,london:129,15.680000,36.1773
london_query_09P-tDZlSTWY4XNCcRZ_-g,transfer_3,5678,blur,self,15,toronto:244,london:129,15.679998,36.1773
london_query_09P-tDZlSTWY4XNCcRZ_-g,isotropic,9012,blur,self,7,toronto:244,london:129,15.680002,36.1773
london_query_09P-tDZlSTWY4XNCcRZ_-g,white_box,9012,blur,self,714,zurich:23,london:129,15.679998,36.1773
london_query_09P-tDZlSTWY4XNCcRZ_-g,transfer_1,9012,blur,self,2,zurich:79,london:129,15.680000,36.1773
london_query_09P-tDZlSTWY4XNCcRZ_-g,transfer_2,9012,blur,self,9,toronto:251,london:129,15.680001,36.1773
london_query_09P-tDZlSTWY4XNCcRZ_-g,transfer_3,9012,blur,self,11,zurich:79,london:129,15.680001,36.1773
manila_query_-ZbYcdqL0C0ximLGFEriNA,isotropic,1234,blur,self,133,boston:112,manila:51,15.679998,36.1773
manila_query_-ZbYcdqL0C0ximLGFEriNA,white_box,1234,blur,self,89,manila:41,manila:51,15.680000,36.1773
manila_query_-ZbYcdqL0C0ximLGFEriNA,transfer_1,1234,blur,self,204,zurich:64,manila:51,15.680001,36.1773
manila_query_-ZbYcdqL0C0ximLGFEriNA,transfer_2,1234,blur,self,248,zurich:64,manila:51,15.679998,36.1773
manila_query_-ZbYcdqL0C0ximLGFEriNA,transfer_3,1234,blur,self,323,manila:6,manila:51,15.679997,36.1773
manila_query_-ZbYcdqL0C0ximLGFEriNA,isotropic,5678,blur,self,123,cph:243,manila:51,15.680000,36.1773
manila_query_-ZbYcdqL0C0ximLGFEriNA,white_box,5678,blur,self,13,london:73,manila:51,15.679997,36.1773
manila_query_-ZbYcdqL0C0ximLGFEriNA,transfer_1,5678,blur,self,97,boston:206,manila:51,15.680000,36.1773
manila_query_-ZbYcdqL0C0ximLGFEriNA,transfer_2,5678,blur,self,177,boston:248,manila:51,15.680000,36.1773
manila_query_-ZbYcdqL0C0ximLGFEriNA,transfer_3,5678,blur,self,171,manila:181,manila:51,15.680001,36.1773
manila_query_-ZbYcdqL0C0ximLGFEriNA,isotropic,9012,blur,self,114,cph:243,manila:51,15.679998,36.1773
manila_query_-ZbYcdqL0C0ximLGFEriNA,white_box,9012,blur,self,1137,boston:145,manila:51,15.679997,36.1773
manila_query_-ZbYcdqL0C0ximLGFEriNA,transfer_1,9012,blur,self,145,cph:464,manila:51,15.680000,36.1773
manila_query_-ZbYcdqL0C0ximLGFEriNA,transfer_2,9012,blur,self,179,zurich:64,manila:51,15.679998,36.1773
manila_query_-ZbYcdqL0C0ximLGFEriNA,transfer_3,9012,blur,self,312,manila:6,manila:51,15.680000,36.1773
nairobi_query_3zSInmaUjlNkUR45dqrSLg,isotropic,1234,blur,self,141,cph:459,nairobi:10,15.680001,36.1773
nairobi_query_3zSInmaUjlNkUR45dqrSLg,white_box,1234,blur,self,26,manila:54,nairobi:10,15.679997,36.1773
nairobi_query_3zSInmaUjlNkUR45dqrSLg,transfer_1,1234,blur,self,43,toronto:197,nairobi:10,15.680000,36.1773
nairobi_query_3zSInmaUjlNkUR45dqrSLg,transfer_2,1234,blur,self,74,zurich:42,nairobi:10,15.680000,36.1773
nairobi_query_3zSInmaUjlNkUR45dqrSLg,transfer_3,1234,blur,self,94,amman:1,nairobi:10,15.680000,36.1773
nairobi_query_3zSInmaUjlNkUR45dqrSLg,isotropic,5678,blur,self,189,cph:459,nairobi:10,15.679997,36.1773
nairobi_query_3zSInmaUjlNkUR45dqrSLg,white_box,5678,blur,self,10,nairobi:20,nairobi:10,15.680000,36.1773
nairobi_query_3zSInmaUjlNkUR45dqrSLg,transfer_1,5678,blur,self,28,boston:216,nairobi:10,15.679998,36.1773
nairobi_query_3zSInmaUjlNkUR45dqrSLg,transfer_2,5678,blur,self,35,boston:216,nairobi:10,15.679997,36.1773
nairobi_query_3zSInmaUjlNkUR45dqrSLg,transfer_3,5678,blur,self,117,amman:1,nairobi:10,15.680000,36.1773
nairobi_query_3zSInmaUjlNkUR45dqrSLg,isotropic,9012,blur,self,141,cph:459,nairobi:10,15.679996,36.1773
nairobi_query_3zSInmaUjlNkUR45dqrSLg,white_box,9012,blur,self,88,manila:153,nairobi:10,15.680000,36.1773
nairobi_query_3zSInmaUjlNkUR45dqrSLg,transfer_1,9012,blur,self,41,boston:216,nairobi:10,15.679997,36.1773
nairobi_query_3zSInmaUjlNkUR45dqrSLg,transfer_2,9012,blur,self,215,cph:459,nairobi:10,15.680001,36.1773
nairobi_query_3zSInmaUjlNkUR45dqrSLg,transfer_3,9012,blur,self,55,cph:345,nairobi:10,15.680000,36.1773
toronto_query_-M3eMqHp0OhecS-hoh58aQ,isotropic,1234,blur,self,125,amman:21,toronto:354,15.679998,36.1773
toronto_query_-M3eMqHp0OhecS-hoh58aQ,white_box,1234,blur,self,306,manila:190,toronto:354,15.679998,36.1773
toronto_query_-M3eMqHp0OhecS-hoh58aQ,transfer_1,1234,blur,self,29,amman:21,toronto:354,15.680001,36.1773
toronto_query_-M3eMqHp0OhecS-hoh58aQ,transfer_2,1234,blur,self,53,amman:21,toronto:354,15.680000,36.1773
toronto_query_-M3eMqHp0OhecS-hoh58aQ,transfer_3,1234,blur,self,44,amman:21,toronto:354,15.680001,36.1773
toronto_query_-M3eMqHp0OhecS-hoh58aQ,isotropic,5678,blur,self,117,amman:21,toronto:354,15.679998,36.1773
toronto_query_-M3eMqHp0OhecS-hoh58aQ,white_box,5678,blur,self,380,manila:106,toronto:354,15.679997,36.1773
toronto_query_-M3eMqHp0OhecS-hoh58aQ,transfer_1,5678,blur,self,64,amman:21,toronto:354,15.679997,36.1773
toronto_query_-M3eMqHp0OhecS-hoh58aQ,transfer_2,5678,blur,self,82,amman:21,toronto:354,15.680000,36.1773
toronto_query_-M3eMqHp0OhecS-hoh58aQ,transfer_3,5678,blur,self,97,boston:144,toronto:354,15.679997,36.1773
toronto_query_-M3eMqHp0OhecS-hoh58aQ,isotropic,9012,blur,self,165,amman:21,toronto:354,15.680000,36.1773
toronto_query_-M3eMqHp0OhecS-hoh58aQ,white_box,9012,blur,self,340,manila:106,toronto:354,15.680000,36.1773
toronto_query_-M3eMqHp0OhecS-hoh58aQ,transfer_1,9012,blur,self,62,amman:21,toronto:354,15.680000,36.1773
toronto_query_-M3eMqHp0OhecS-hoh58aQ,transfer_2,9012,blur,self,49,amman:21,toronto:354,15.680000,36.1773
toronto_query_-M3eMqHp0OhecS-hoh58aQ,transfer_3,9012,blur,self,92,amman:21,toronto:354,15.680000,36.1773
zurich_query_0gHh8OHgmM804LVr0Ocrag,isotropic,1234,blur,self,41,cph:243,zurich:35,15.679997,36.1773
zurich_query_0gHh8OHgmM804LVr0Ocrag,white_box,1234,blur,self,273,toronto:103,zurich:35,15.680000,36.1773
zurich_query_0gHh8OHgmM804LVr0Ocrag,transfer_1,1234,blur,self,37,cph:243,zurich:35,15.680000,36.1773
zurich_query_0gHh8OHgmM804LVr0Ocrag,transfer_2,1234,blur,self,63,cph:375,zurich:35,15.680000,36.1773
zurich_query_0gHh8OHgmM804LVr0Ocrag,transfer_3,1234,blur,self,66,toronto:426,zurich:35,15.680001,36.1773
zurich_query_0gHh8OHgmM804LVr0Ocrag,isotropic,5678,blur,self,40,cph:243,zurich:35,15.680000,36.1773
zurich_query_0gHh8OHgmM804LVr0Ocrag,white_box,5678,blur,self,153,manila:94,zurich:35,15.680000,36.1773
zurich_query_0gHh8OHgmM804LVr0Ocrag,transfer_1,5678,blur,self,45,cph:375,zurich:35,15.679998,36.1773
zurich_query_0gHh8OHgmM804LVr0Ocrag,transfer_2,5678,blur,self,46,cph:375,zurich:35,15.679997,36.1773
zurich_query_0gHh8OHgmM804LVr0Ocrag,transfer_3,5678,blur,self,61,cph:375,zurich:35,15.679997,36.1773
zurich_query_0gHh8OHgmM804LVr0Ocrag,isotropic,9012,blur,self,34,cph:243,zurich:35,15.680000,36.1773
zurich_query_0gHh8OHgmM804LVr0Ocrag,white_box,9012,blur,self,80,boston:234,zurich:35,15.679997,36.1773
zurich_query_0gHh8OHgmM804LVr0Ocrag,transfer_1,9012,blur,self,41,cph:243,zurich:35,15.679997,36.1773
zurich_query_0gHh8OHgmM804LVr0Ocrag,transfer_2,9012,blur,self,49,cph:375,zurich:35,15.679997,36.1773
zurich_query_0gHh8OHgmM804LVr0Ocrag,transfer_3,9012,blur,self,44,cph:375,zurich:35,15.679997,36.1773
amman_query_2ar5B6f1xOYuU4wn7CLEJg,isotropic,1234,blur,self,69,amman:23,amman:18,15.680000,36.1773
amman_query_2ar5B6f1xOYuU4wn7CLEJg,white_box,1234,blur,self,15,amman:32,amman:18,15.679998,36.1773
amman_query_2ar5B6f1xOYuU4wn7CLEJg,transfer_1,1234,blur,self,74,amman:23,amman:18,15.679997,36.1773
amman_query_2ar5B6f1xOYuU4wn7CLEJg,transfer_2,1234,blur,self,34,amman:23,amman:18,15.680000,36.1773
amman_query_2ar5B6f1xOYuU4wn7CLEJg,transfer_3,1234,blur,self,127,amman:23,amman:18,15.680000,36.1773
amman_query_2ar5B6f1xOYuU4wn7CLEJg,isotropic,5678,blur,self,61,amman:23,amman:18,15.679997,36.1773
amman_query_2ar5B6f1xOYuU4wn7CLEJg,white_box,5678,blur,self,22,toronto:274,amman:18,15.680000,36.1773
amman_query_2ar5B6f1xOYuU4wn7CLEJg,transfer_1,5678,blur,self,65,amman:23,amman:18,15.679998,36.1773
amman_query_2ar5B6f1xOYuU4wn7CLEJg,transfer_2,5678,blur,self,42,amman:23,amman:18,15.680001,36.1773
amman_query_2ar5B6f1xOYuU4wn7CLEJg,transfer_3,5678,blur,self,127,amman:23,amman:18,15.679997,36.1773
amman_query_2ar5B6f1xOYuU4wn7CLEJg,isotropic,9012,blur,self,63,amman:23,amman:18,15.680000,36.1773
amman_query_2ar5B6f1xOYuU4wn7CLEJg,white_box,9012,blur,self,404,boston:99,amman:18,15.679997,36.1773
amman_query_2ar5B6f1xOYuU4wn7CLEJg,transfer_1,9012,blur,self,67,amman:23,amman:18,15.679997,36.1773
amman_query_2ar5B6f1xOYuU4wn7CLEJg,transfer_2,9012,blur,self,65,amman:23,amman:18,15.679998,36.1773
amman_query_2ar5B6f1xOYuU4wn7CLEJg,transfer_3,9012,blur,self,92,amman:23,amman:18,15.679998,36.1773
boston_query_-XLBZG628HbrD4FlfLBryQ,isotropic,1234,blur,self,2,boston:90,boston:237,15.680001,36.1773
boston_query_-XLBZG628HbrD4FlfLBryQ,white_box,1234,blur,self,54,manila:142,boston:237,15.680000,36.1773
boston_query_-XLBZG628HbrD4FlfLBryQ,transfer_1,1234,blur,self,3,boston:90,boston:237,15.679998,36.1773
boston_query_-XLBZG628HbrD4FlfLBryQ,transfer_2,1234,blur,self,4,boston:90,boston:237,15.679997,36.1773
boston_query_-XLBZG628HbrD4FlfLBryQ,transfer_3,1234,blur,self,7,london:85,boston:237,15.679997,36.1773
boston_query_-XLBZG628HbrD4FlfLBryQ,isotropic,5678,blur,self,1,boston:237,boston:237,15.679997,36.1773
boston_query_-XLBZG628HbrD4FlfLBryQ,white_box,5678,blur,self,37,zurich:38,boston:237,15.679998,36.1773
boston_query_-XLBZG628HbrD4FlfLBryQ,transfer_1,5678,blur,self,2,boston:90,boston:237,15.680000,36.1773
boston_query_-XLBZG628HbrD4FlfLBryQ,transfer_2,5678,blur,self,1,boston:237,boston:237,15.679997,36.1773
boston_query_-XLBZG628HbrD4FlfLBryQ,transfer_3,5678,blur,self,2,london:85,boston:237,15.680000,36.1773
boston_query_-XLBZG628HbrD4FlfLBryQ,isotropic,9012,blur,self,1,boston:237,boston:237,15.679998,36.1773
boston_query_-XLBZG628HbrD4FlfLBryQ,white_box,9012,blur,self,91,manila:142,boston:237,15.680001,36.1773
boston_query_-XLBZG628HbrD4FlfLBryQ,transfer_1,9012,blur,self,4,boston:90,boston:237,15.679997,36.1773
boston_query_-XLBZG628HbrD4FlfLBryQ,transfer_2,9012,blur,self,2,boston:90,boston:237,15.679997,36.1773
boston_query_-XLBZG628HbrD4FlfLBryQ,transfer_3,9012,blur,self,18,london:85,boston:237,15.679997,36.1773
cph_query_-VfD_cIsQvsNIbCy3tCgQQ,isotropic,1234,blur,self,31,manila:51,cph:375,15.679998,36.1773
cph_query_-VfD_cIsQvsNIbCy3tCgQQ,white_box,1234,blur,self,349,cph:245,cph:375,15.680001,36.1773
cph_query_-VfD_cIsQvsNIbCy3tCgQQ,transfer_1,1234,blur,self,30,manila:51,cph:375,15.680001,36.1773
cph_query_-VfD_cIsQvsNIbCy3tCgQQ,transfer_2,1234,blur,self,13,manila:51,cph:375,15.680000,36.1773
cph_query_-VfD_cIsQvsNIbCy3tCgQQ,transfer_3,1234,blur,self,5,manila:51,cph:375,15.680000,36.1773
cph_query_-VfD_cIsQvsNIbCy3tCgQQ,isotropic,5678,blur,self,38,manila:51,cph:375,15.680000,36.1773
cph_query_-VfD_cIsQvsNIbCy3tCgQQ,white_box,5678,blur,self,1287,cph:345,cph:375,15.680000,36.1773
cph_query_-VfD_cIsQvsNIbCy3tCgQQ,transfer_1,5678,blur,self,27,manila:51,cph:375,15.679997,36.1773
cph_query_-VfD_cIsQvsNIbCy3tCgQQ,transfer_2,5678,blur,self,4,manila:51,cph:375,15.680000,36.1773
cph_query_-VfD_cIsQvsNIbCy3tCgQQ,transfer_3,5678,blur,self,30,manila:51,cph:375,15.679997,36.1773
cph_query_-VfD_cIsQvsNIbCy3tCgQQ,isotropic,9012,blur,self,55,manila:51,cph:375,15.679998,36.1773
cph_query_-VfD_cIsQvsNIbCy3tCgQQ,white_box,9012,blur,self,1530,zurich:105,cph:375,15.679997,36.1773
cph_query_-VfD_cIsQvsNIbCy3tCgQQ,transfer_1,9012,blur,self,9,manila:51,cph:375,15.679998,36.1773
cph_query_-VfD_cIsQvsNIbCy3tCgQQ,transfer_2,9012,blur,self,15,manila:51,cph:375,15.679997,36.1773
cph_query_-VfD_cIsQvsNIbCy3tCgQQ,transfer_3,9012,blur,self,16,manila:51,cph:375,15.680000,36.1773
london_query_0AbO1xvvOJRs1V3ReaDrNw,isotropic,1234,blur,self,9,cph:162,london:71,15.680000,36.1773
london_query_0AbO1xvvOJRs1V3ReaDrNw,white_box,1234,blur,self,75,manila:29,london:71,15.680000,36.1773
london_query_0AbO1xvvOJRs1V3ReaDrNw,transfer_1,1234,blur,self,6,london:78,london:71,15.679998,36.1773
london_query_0AbO1xvvOJRs1V3ReaDrNw,transfer_2,1234,blur,self,6,london:78,london:71,15.679997,36.1773
london_query_0AbO1xvvOJRs1V3ReaDrNw,transfer_3,1234,blur,self,3,toronto:23,london:71,15.680000,36.1773
london_query_0AbO1xvvOJRs1V3ReaDrNw,isotropic,5678,blur,self,8,cph:162,london:71,15.680002,36.1773
london_query_0AbO1xvvOJRs1V3ReaDrNw,white_box,5678,blur,self,7,manila:153,london:71,15.680000,36.1773
london_query_0AbO1xvvOJRs1V3ReaDrNw,transfer_1,5678,blur,self,9,boston:79,london:71,15.680000,36.1773
london_query_0AbO1xvvOJRs1V3ReaDrNw,transfer_2,5678,blur,self,4,london:78,london:71,15.680001,36.1773
london_query_0AbO1xvvOJRs1V3ReaDrNw,transfer_3,5678,blur,self,17,toronto:23,london:71,15.679998,36.1773
london_query_0AbO1xvvOJRs1V3ReaDrNw,isotropic,9012,blur,self,7,cph:162,london:71,15.679997,36.1773
london_query_0AbO1xvvOJRs1V3ReaDrNw,white_box,9012,blur,self,6,manila:142,london:71,15.679997,36.1773
london_query_0AbO1xvvOJRs1V3ReaDrNw,transfer_1,9012,blur,self,3,london:78,london:71,15.679998,36.1773
london_query_0AbO1xvvOJRs1V3ReaDrNw,transfer_2,9012,blur,self,4,london:78,london:71,15.679997,36.1773
london_query_0AbO1xvvOJRs1V3ReaDrNw,transfer_3,9012,blur,self,3,toronto:218,london:71,15.680000,36.1773
manila_query_-ZyenisXeFL1kaebCpUNAQ,isotropic,1234,blur,self,220,manila:72,manila:59,15.680000,36.1773
manila_query_-ZyenisXeFL1kaebCpUNAQ,white_box,1234,blur,self,498,boston:210,manila:59,15.679998,36.1773
manila_query_-ZyenisXeFL1kaebCpUNAQ,transfer_1,1234,blur,self,225,manila:72,manila:59,15.679998,36.1773
manila_query_-ZyenisXeFL1kaebCpUNAQ,transfer_2,1234,blur,self,295,toronto:228,manila:59,15.679997,36.1773
manila_query_-ZyenisXeFL1kaebCpUNAQ,transfer_3,1234,blur,self,227,manila:72,manila:59,15.680000,36.1773
manila_query_-ZyenisXeFL1kaebCpUNAQ,isotropic,5678,blur,self,196,manila:72,manila:59,15.680000,36.1773
manila_query_-ZyenisXeFL1kaebCpUNAQ,white_box,5678,blur,self,7,toronto:55,manila:59,15.680000,36.1773
manila_query_-ZyenisXeFL1kaebCpUNAQ,transfer_1,5678,blur,self,251,manila:72,manila:59,15.680000,36.1773
manila_query_-ZyenisXeFL1kaebCpUNAQ,transfer_2,5678,blur,self,338,toronto:197,manila:59,15.680000,36.1773
manila_query_-ZyenisXeFL1kaebCpUNAQ,transfer_3,5678,blur,self,135,manila:72,manila:59,15.679997,36.1773
manila_query_-ZyenisXeFL1kaebCpUNAQ,isotropic,9012,blur,self,246,manila:72,manila:59,15.680000,36.1773
manila_query_-ZyenisXeFL1kaebCpUNAQ,white_box,9012,blur,self,36,boston:144,manila:59,15.680000,36.1773
manila_query_-ZyenisXeFL1kaebCpUNAQ,transfer_1,9012,blur,self,196,manila:72,manila:59,15.679997,36.1773
manila_query_-ZyenisXeFL1kaebCpUNAQ,transfer_2,9012,blur,self,269,manila:72,manila:59,15.679997,36.1773
manila_query_-ZyenisXeFL1kaebCpUNAQ,transfer_3,9012,blur,self,150,toronto:228,manila:59,15.679997,36.1773
nairobi_query_42kd1bm9ZK0fwGacm_8O5A,isotropic,1234,blur,self,35,zurich:27,nairobi:20,15.679998,36.1773
nairobi_query_42kd1bm9ZK0fwGacm_8O5A,white_box,1234,blur,self,3,boston:216,nairobi:20,15.679997,36.1773
nairobi_query_42kd1bm9ZK0fwGacm_8O5A,transfer_1,1234,blur,self,29,zurich:27,nairobi:20,15.679997,36.1773
nairobi_query_42kd1bm9ZK0fwGacm_8O5A,transfer_2,1234,blur,self,19,zurich:27,nairobi:20,15.679997,36.1773
nairobi_query_42kd1bm9ZK0fwGacm_8O5A,transfer_3,1234,blur,self,42,zurich:27,nairobi:20,15.680000,36.1773
nairobi_query_42kd1bm9ZK0fwGacm_8O5A,isotropic,5678,blur,self,33,zurich:27,nairobi:20,15.680000,36.1773
nairobi_query_42kd1bm9ZK0fwGacm_8O5A,white_box,5678,blur,self,61,zurich:27,nairobi:20,15.680000,36.1773
nairobi_query_42kd1bm9ZK0fwGacm_8O5A,transfer_1,5678,blur,self,23,zurich:27,nairobi:20,15.679997,36.1773
nairobi_query_42kd1bm9ZK0fwGacm_8O5A,transfer_2,5678,blur,self,19,zurich:27,nairobi:20,15.679997,36.1773
nairobi_query_42kd1bm9ZK0fwGacm_8O5A,transfer_3,5678,blur,self,26,boston:144,nairobi:20,15.680001,36.1773
nairobi_query_42kd1bm9ZK0fwGacm_8O5A,isotropic,9012,blur,self,31,zurich:27,nairobi:20,15.680000,36.1773
nairobi_query_42kd1bm9ZK0fwGacm_8O5A,white_box,9012,blur,self,32,nairobi:7,nairobi:20,15.680000,36.1773
nairobi_query_42kd1bm9ZK0fwGacm_8O5A,transfer_1,9012,blur,self,39,zurich:27,nairobi:20,15.679998,36.1773
nairobi_query_42kd1bm9ZK0fwGacm_8O5A,transfer_2,9012,blur,self,30,zurich:27,nairobi:20,15.680001,36.1773
nairobi_query_42kd1bm9ZK0fwGacm_8O5A,transfer_3,9012,blur,self,41,zurich:27,nairobi:20,15.680001,36.1773
toronto_query_-MFll3mcOLNHfSZyGy5VIw,isotropic,1234,blur,self,2,toronto:200,toronto:102,15.680000,36.1773
toronto_query_-MFll3mcOLNHfSZyGy5VIw,white_box,1234,blur,self,156,manila:142,toronto:102,15.679997,36.1773
toronto_query_-MFll3mcOLNHfSZyGy5VIw,transfer_1,1234,blur,self,3,toronto:103,toronto:102,15.680001,36.1773
toronto_query_-MFll3mcOLNHfSZyGy5VIw,transfer_2,1234,blur,self,1,toronto:102,toronto:102,15.679998,36.1773
toronto_query_-MFll3mcOLNHfSZyGy5VIw,transfer_3,1234,blur,self,6,amman:1,toronto:102,15.679998,36.1773
toronto_query_-MFll3mcOLNHfSZyGy5VIw,isotropic,5678,blur,self,2,toronto:200,toronto:102,15.680000,36.1773
toronto_query_-MFll3mcOLNHfSZyGy5VIw,white_box,5678,blur,self,223,nairobi:1,toronto:102,15.680000,36.1773
toronto_query_-MFll3mcOLNHfSZyGy5VIw,transfer_1,5678,blur,self,4,cph:464,toronto:102,15.680000,36.1773
toronto_query_-MFll3mcOLNHfSZyGy5VIw,transfer_2,5678,blur,self,1,toronto:102,toronto:102,15.680000,36.1773
toronto_query_-MFll3mcOLNHfSZyGy5VIw,transfer_3,5678,blur,self,10,cph:464,toronto:102,15.680000,36.1773
toronto_query_-MFll3mcOLNHfSZyGy5VIw,isotropic,9012,blur,self,2,toronto:200,toronto:102,15.679995,36.1773
toronto_query_-MFll3mcOLNHfSZyGy5VIw,white_box,9012,blur,self,424,toronto:346,toronto:102,15.680000,36.1773
toronto_query_-MFll3mcOLNHfSZyGy5VIw,transfer_1,9012,blur,self,1,toronto:102,toronto:102,15.679998,36.1773
toronto_query_-MFll3mcOLNHfSZyGy5VIw,transfer_2,9012,blur,self,1,toronto:102,toronto:102,15.680000,36.1773
toronto_query_-MFll3mcOLNHfSZyGy5VIw,transfer_3,9012,blur,self,2,toronto:103,toronto:102,15.680001,36.1773
zurich_query_0lHgqSrbw8SSQej38K9wpQ,isotropic,1234,blur,self,1,zurich:48,zurich:48,15.679997,36.1773
zurich_query_0lHgqSrbw8SSQej38K9wpQ,white_box,1234,blur,self,365,london:34,zurich:48,15.680000,36.1773
zurich_query_0lHgqSrbw8SSQej38K9wpQ,transfer_1,1234,blur,self,1,zurich:48,zurich:48,15.680000,36.1773
zurich_query_0lHgqSrbw8SSQej38K9wpQ,transfer_2,1234,blur,self,1,zurich:48,zurich:48,15.679997,36.1773
zurich_query_0lHgqSrbw8SSQej38K9wpQ,transfer_3,1234,blur,self,1,zurich:48,zurich:48,15.680000,36.1773
zurich_query_0lHgqSrbw8SSQej38K9wpQ,isotropic,5678,blur,self,1,zurich:48,zurich:48,15.679997,36.1773
zurich_query_0lHgqSrbw8SSQej38K9wpQ,white_box,5678,blur,self,139,nairobi:1,zurich:48,15.679998,36.1773
zurich_query_0lHgqSrbw8SSQej38K9wpQ,transfer_1,5678,blur,self,1,zurich:48,zurich:48,15.680000,36.1773
zurich_query_0lHgqSrbw8SSQej38K9wpQ,transfer_2,5678,blur,self,1,zurich:48,zurich:48,15.680000,36.1773
zurich_query_0lHgqSrbw8SSQej38K9wpQ,transfer_3,5678,blur,self,1,zurich:48,zurich:48,15.679997,36.1773
zurich_query_0lHgqSrbw8SSQej38K9wpQ,isotropic,9012,blur,self,1,zurich:48,zurich:48,15.680001,36.1773
zurich_query_0lHgqSrbw8SSQej38K9wpQ,white_box,9012,blur,self,537,london:34,zurich:48,15.680001,36.1773
zurich_query_0lHgqSrbw8SSQej38K9wpQ,transfer_1,9012,blur,self,1,zurich:48,zurich:48,15.680000,36.1773
zurich_query_0lHgqSrbw8SSQej38K9wpQ,transfer_2,9012,blur,self,1,zurich:48,zurich:48,15.680000,36.1773
zurich_query_0lHgqSrbw8SSQej38K9wpQ,transfer_3,9012,blur,self,1,zurich:48,zurich:48,15.680000,36.1773
amman_query_2hq9evzmyg6GO86JGeo5kw,isotropic,1234,blur,self,1,amman:32,amman:32,15.679997,36.1773
amman_query_2hq9evzmyg6GO86JGeo5kw,white_box,1234,blur,self,104,amman:29,amman:32,15.680000,36.1773
amman_query_2hq9evzmyg6GO86JGeo5kw,transfer_1,1234,blur,self,16,amman:26,amman:32,15.679997,36.1773
amman_query_2hq9evzmyg6GO86JGeo5kw,transfer_2,1234,blur,self,28,amman:26,amman:32,15.679998,36.1773
amman_query_2hq9evzmyg6GO86JGeo5kw,transfer_3,1234,blur,self,5,amman:26,amman:32,15.680000,36.1773
amman_query_2hq9evzmyg6GO86JGeo5kw,isotropic,5678,blur,self,1,amman:32,amman:32,15.679997,36.1773
amman_query_2hq9evzmyg6GO86JGeo5kw,white_box,5678,blur,self,187,manila:106,amman:32,15.679997,36.1773
amman_query_2hq9evzmyg6GO86JGeo5kw,transfer_1,5678,blur,self,8,amman:26,amman:32,15.679997,36.1773
amman_query_2hq9evzmyg6GO86JGeo5kw,transfer_2,5678,blur,self,49,boston:168,amman:32,15.680000,36.1773
amman_query_2hq9evzmyg6GO86JGeo5kw,transfer_3,5678,blur,self,21,amman:26,amman:32,15.680000,36.1773
amman_query_2hq9evzmyg6GO86JGeo5kw,isotropic,9012,blur,self,1,amman:32,amman:32,15.680002,36.1773
amman_query_2hq9evzmyg6GO86JGeo5kw,white_box,9012,blur,self,337,manila:51,amman:32,15.680000,36.1773
amman_query_2hq9evzmyg6GO86JGeo5kw,transfer_1,9012,blur,self,13,amman:26,amman:32,15.679998,36.1773
amman_query_2hq9evzmyg6GO86JGeo5kw,transfer_2,9012,blur,self,6,amman:26,amman:32,15.679998,36.1773
amman_query_2hq9evzmyg6GO86JGeo5kw,transfer_3,9012,blur,self,75,amman:26,amman:32,15.680000,36.1773
boston_query_-XPoSJpI_X3ZlnZLz8JG4L,isotropic,1234,blur,self,121,boston:34,boston:168,15.679997,36.1773
boston_query_-XPoSJpI_X3ZlnZLz8JG4L,white_box,1234,blur,self,121,boston:99,boston:168,15.679998,36.1773
boston_query_-XPoSJpI_X3ZlnZLz8JG4L,transfer_1,1234,blur,self,78,boston:34,boston:168,15.680000,36.1773
boston_query_-XPoSJpI_X3ZlnZLz8JG4L,transfer_2,1234,blur,self,65,boston:34,boston:168,15.680000,36.1773
boston_query_-XPoSJpI_X3ZlnZLz8JG4L,transfer_3,1234,blur,self,111,boston:34,boston:168,15.680000,36.1773
boston_query_-XPoSJpI_X3ZlnZLz8JG4L,isotropic,5678,blur,self,116,boston:34,boston:168,15.680002,36.1773
boston_query_-XPoSJpI_X3ZlnZLz8JG4L,white_box,5678,blur,self,234,boston:34,boston:168,15.680000,36.1773
boston_query_-XPoSJpI_X3ZlnZLz8JG4L,transfer_1,5678,blur,self,45,boston:34,boston:168,15.679997,36.1773
boston_query_-XPoSJpI_X3ZlnZLz8JG4L,transfer_2,5678,blur,self,82,boston:34,boston:168,15.679997,36.1773
boston_query_-XPoSJpI_X3ZlnZLz8JG4L,transfer_3,5678,blur,self,35,boston:34,boston:168,15.679998,36.1773
boston_query_-XPoSJpI_X3ZlnZLz8JG4L,isotropic,9012,blur,self,142,boston:34,boston:168,15.680002,36.1773
boston_query_-XPoSJpI_X3ZlnZLz8JG4L,white_box,9012,blur,self,175,boston:34,boston:168,15.679996,36.1773
boston_query_-XPoSJpI_X3ZlnZLz8JG4L,transfer_1,9012,blur,self,100,boston:34,boston:168,15.679998,36.1773
boston_query_-XPoSJpI_X3ZlnZLz8JG4L,transfer_2,9012,blur,self,48,boston:34,boston:168,15.679997,36.1773
boston_query_-XPoSJpI_X3ZlnZLz8JG4L,transfer_3,9012,blur,self,39,boston:34,boston:168,15.679997,36.1773
cph_query_-VwsLi9Gs8ntflZjLfPkGw,isotropic,1234,blur,self,406,manila:116,cph:84,15.680001,36.1773
cph_query_-VwsLi9Gs8ntflZjLfPkGw,white_box,1234,blur,self,1371,london:34,cph:84,15.680000,36.1773
cph_query_-VwsLi9Gs8ntflZjLfPkGw,transfer_1,1234,blur,self,500,manila:116,cph:84,15.680000,36.1773
cph_query_-VwsLi9Gs8ntflZjLfPkGw,transfer_2,1234,blur,self,328,manila:116,cph:84,15.680000,36.1773
cph_query_-VwsLi9Gs8ntflZjLfPkGw,transfer_3,1234,blur,self,508,amman:23,cph:84,15.679998,36.1773
cph_query_-VwsLi9Gs8ntflZjLfPkGw,isotropic,5678,blur,self,418,manila:116,cph:84,15.680000,36.1773
cph_query_-VwsLi9Gs8ntflZjLfPkGw,white_box,5678,blur,self,1462,london:34,cph:84,15.680000,36.1773
cph_query_-VwsLi9Gs8ntflZjLfPkGw,transfer_1,5678,blur,self,542,manila:116,cph:84,15.680000,36.1773
cph_query_-VwsLi9Gs8ntflZjLfPkGw,transfer_2,5678,blur,self,327,manila:116,cph:84,15.680000,36.1773
cph_query_-VwsLi9Gs8ntflZjLfPkGw,transfer_3,5678,blur,self,317,manila:116,cph:84,15.679997,36.1773
cph_query_-VwsLi9Gs8ntflZjLfPkGw,isotropic,9012,blur,self,419,manila:116,cph:84,15.679997,36.1773
cph_query_-VwsLi9Gs8ntflZjLfPkGw,white_box,9012,blur,self,1394,london:34,cph:84,15.680000,36.1773
cph_query_-VwsLi9Gs8ntflZjLfPkGw,transfer_1,9012,blur,self,365,manila:116,cph:84,15.680000,36.1773
cph_query_-VwsLi9Gs8ntflZjLfPkGw,transfer_2,9012,blur,self,432,manila:116,cph:84,15.680000,36.1773
cph_query_-VwsLi9Gs8ntflZjLfPkGw,transfer_3,9012,blur,self,397,manila:116,cph:84,15.680000,36.1773
london_query_0BjBFV4G9jdMJlEMqshzoA,isotropic,1234,blur,self,50,amman:29,london:85,15.680000,36.1773
london_query_0BjBFV4G9jdMJlEMqshzoA,white_box,1234,blur,self,105,boston:123,london:85,15.680000,36.1773
london_query_0BjBFV4G9jdMJlEMqshzoA,transfer_1,1234,blur,self,53,amman:29,london:85,15.679997,36.1773
london_query_0BjBFV4G9jdMJlEMqshzoA,transfer_2,1234,blur,self,27,amman:29,london:85,15.680001,36.1773
london_query_0BjBFV4G9jdMJlEMqshzoA,transfer_3,1234,blur,self,32,manila:54,london:85,15.680000,36.1773
london_query_0BjBFV4G9jdMJlEMqshzoA,isotropic,5678,blur,self,41,amman:29,london:85,15.679998,36.1773
london_query_0BjBFV4G9jdMJlEMqshzoA,white_box,5678,blur,self,52,boston:123,london:85,15.679997,36.1773
london_query_0BjBFV4G9jdMJlEMqshzoA,transfer_1,5678,blur,self,58,amman:29,london:85,15.680001,36.1773
london_query_0BjBFV4G9jdMJlEMqshzoA,transfer_2,5678,blur,self,21,manila:54,london:85,15.680000,36.1773
london_query_0BjBFV4G9jdMJlEMqshzoA,transfer_3,5678,blur,self,13,amman:29,london:85,15.680000,36.1773
london_query_0BjBFV4G9jdMJlEMqshzoA,isotropic,9012,blur,self,53,amman:29,london:85,15.679997,36.1773
london_query_0BjBFV4G9jdMJlEMqshzoA,white_box,9012,blur,self,66,boston:237,london:85,15.680000,36.1773
london_query_0BjBFV4G9jdMJlEMqshzoA,transfer_1,9012,blur,self,54,amman:29,london:85,15.679998,36.1773
london_query_0BjBFV4G9jdMJlEMqshzoA,transfer_2,9012,blur,self,49,amman:29,london:85,15.679998,36.1773
london_query_0BjBFV4G9jdMJlEMqshzoA,transfer_3,9012,blur,self,21,manila:54,london:85,15.680001,36.1773
manila_query_-aK1h18UZREBqmVQH9KSvw,isotropic,1234,blur,self,209,toronto:421,manila:163,15.679996,36.1773
manila_query_-aK1h18UZREBqmVQH9KSvw,white_box,1234,blur,self,384,amman:23,manila:163,15.680002,36.1773
manila_query_-aK1h18UZREBqmVQH9KSvw,transfer_1,1234,blur,self,312,toronto:421,manila:163,15.679997,36.1773
manila_query_-aK1h18UZREBqmVQH9KSvw,transfer_2,1234,blur,self,228,toronto:421,manila:163,15.680001,36.1773
manila_query_-aK1h18UZREBqmVQH9KSvw,transfer_3,1234,blur,self,338,manila:202,manila:163,15.679997,36.1773
manila_query_-aK1h18UZREBqmVQH9KSvw,isotropic,5678,blur,self,181,toronto:421,manila:163,15.679998,36.1773
manila_query_-aK1h18UZREBqmVQH9KSvw,white_box,5678,blur,self,151,toronto:200,manila:163,15.680000,36.1773
manila_query_-aK1h18UZREBqmVQH9KSvw,transfer_1,5678,blur,self,215,toronto:421,manila:163,15.680000,36.1773
manila_query_-aK1h18UZREBqmVQH9KSvw,transfer_2,5678,blur,self,210,toronto:421,manila:163,15.679997,36.1773
manila_query_-aK1h18UZREBqmVQH9KSvw,transfer_3,5678,blur,self,247,toronto:421,manila:163,15.679997,36.1773
manila_query_-aK1h18UZREBqmVQH9KSvw,isotropic,9012,blur,self,201,toronto:421,manila:163,15.680002,36.1773
manila_query_-aK1h18UZREBqmVQH9KSvw,white_box,9012,blur,self,91,london:21,manila:163,15.679998,36.1773
manila_query_-aK1h18UZREBqmVQH9KSvw,transfer_1,9012,blur,self,234,toronto:421,manila:163,15.680000,36.1773
manila_query_-aK1h18UZREBqmVQH9KSvw,transfer_2,9012,blur,self,195,toronto:421,manila:163,15.679998,36.1773
manila_query_-aK1h18UZREBqmVQH9KSvw,transfer_3,9012,blur,self,226,toronto:421,manila:163,15.679997,36.1773
nairobi_query_479Or7jRwWHujnR6N21HGg,isotropic,1234,blur,self,162,london:85,nairobi:10,15.680001,36.1773
nairobi_query_479Or7jRwWHujnR6N21HGg,white_box,1234,blur,self,66,cph:296,nairobi:10,15.680000,36.1773
nairobi_query_479Or7jRwWHujnR6N21HGg,transfer_1,1234,blur,self,80,london:85,nairobi:10,15.680000,36.1773
nairobi_query_479Or7jRwWHujnR6N21HGg,transfer_2,1234,blur,self,62,nairobi:3,nairobi:10,15.680000,36.1773
nairobi_query_479Or7jRwWHujnR6N21HGg,transfer_3,1234,blur,self,70,london:85,nairobi:10,15.679998,36.1773
nairobi_query_479Or7jRwWHujnR6N21HGg,isotropic,5678,blur,self,171,london:85,nairobi:10,15.679996,36.1773
nairobi_query_479Or7jRwWHujnR6N21HGg,white_box,5678,blur,self,156,zurich:35,nairobi:10,15.680000,36.1773
nairobi_query_479Or7jRwWHujnR6N21HGg,transfer_1,5678,blur,self,88,london:85,nairobi:10,15.680000,36.1773
nairobi_query_479Or7jRwWHujnR6N21HGg,transfer_2,5678,blur,self,119,nairobi:3,nairobi:10,15.680000,36.1773
nairobi_query_479Or7jRwWHujnR6N21HGg,transfer_3,5678,blur,self,167,nairobi:5,nairobi:10,15.680000,36.1773
nairobi_query_479Or7jRwWHujnR6N21HGg,isotropic,9012,blur,self,124,london:85,nairobi:10,15.679997,36.1773
nairobi_query_479Or7jRwWHujnR6N21HGg,white_box,9012,blur,self,227,cph:245,nairobi:10,15.680000,36.1773
nairobi_query_479Or7jRwWHujnR6N21HGg,transfer_1,9012,blur,self,57,london:85,nairobi:10,15.679997,36.1773
nairobi_query_479Or7jRwWHujnR6N21HGg,transfer_2,9012,blur,self,161,nairobi:3,nairobi:10,15.679998,36.1773
nairobi_query_479Or7jRwWHujnR6N21HGg,transfer_3,9012,blur,self,89,cph:241,nairobi:10,15.680000,36.1773
toronto_query_-MnI6OlC-vX0Wm56nVPN1A,isotropic,1234,blur,self,1,toronto:200,toronto:200,15.679998,36.1773
toronto_query_-MnI6OlC-vX0Wm56nVPN1A,white_box,1234,blur,self,96,manila:142,toronto:200,15.679997,36.1773
toronto_query_-MnI6OlC-vX0Wm56nVPN1A,transfer_1,1234,blur,self,1,toronto:200,toronto:200,15.679997,36.1773
toronto_query_-MnI6OlC-vX0Wm56nVPN1A,transfer_2,1234,blur,self,1,toronto:200,toronto:200,15.679997,36.1773
toronto_query_-MnI6OlC-vX0Wm56nVPN1A,transfer_3,1234,blur,self,1,toronto:200,toronto:200,15.679998,36.1773
toronto_query_-MnI6OlC-vX0Wm56nVPN1A,isotropic,5678,blur,self,1,toronto:200,toronto:200,15.679997,36.1773
toronto_query_-MnI6OlC-vX0Wm56nVPN1A,white_box,5678,blur,self,3,toronto:88,toronto:200,15.680002,36.1773
toronto_query_-MnI6OlC-vX0Wm56nVPN1A,transfer_1,5678,blur,self,1,toronto:200,toronto:200,15.680000,36.1773
toronto_query_-MnI6OlC-vX0Wm56nVPN1A,transfer_2,5678,blur,self,1,toronto:200,toronto:200,15.680001,36.1773
toronto_query_-MnI6OlC-vX0Wm56nVPN1A,transfer_3,5678,blur,self,10,manila:13,toronto:200,15.680000,36.1773
toronto_query_-MnI6OlC-vX0Wm56nVPN1A,isotropic,9012,blur,self,1,toronto:200,toronto:200,15.679997,36.1773
toronto_query_-MnI6OlC-vX0Wm56nVPN1A,white_box,9012,blur,self,22,manila:51,toronto:200,15.680002,36.1773
toronto_query_-MnI6OlC-vX0Wm56nVPN1A,transfer_1,9012,blur,self,1,toronto:200,toronto:200,15.679997,36.1773
toronto_query_-MnI6OlC-vX0Wm56nVPN1A,transfer_2,9012,blur,self,1,toronto:200,toronto:200,15.680000,36.1773
toronto_query_-MnI6OlC-vX0Wm56nVPN1A,transfer_3,9012,blur,self,1,toronto:200,toronto:200,15.680000,36.1773
zurich_query_0nVsH-6SH_FHslcVrikkwQ,isotropic,1234,blur,self,435,zurich:25,zurich:79,15.680001,36.1773
zurich_query_0nVsH-6SH_FHslcVrikkwQ,white_box,1234,blur,self,67,boston:123,zurich:79,15.680001,36.1773
zurich_query_0nVsH-6SH_FHslcVrikkwQ,transfer_1,1234,blur,self,413,zurich:25,zurich:79,15.679997,36.1773
zurich_query_0nVsH-6SH_FHslcVrikkwQ,transfer_2,1234,blur,self,473,boston:79,zurich:79,15.680001,36.1773
zurich_query_0nVsH-6SH_FHslcVrikkwQ,transfer_3,1234,blur,self,254,boston:79,zurich:79,15.680000,36.1773
zurich_query_0nVsH-6SH_FHslcVrikkwQ,isotropic,5678,blur,self,337,zurich:25,zurich:79,15.679998,36.1773
zurich_query_0nVsH-6SH_FHslcVrikkwQ,white_box,5678,blur,self,91,boston:123,zurich:79,15.679997,36.1773
zurich_query_0nVsH-6SH_FHslcVrikkwQ,transfer_1,5678,blur,self,432,zurich:25,zurich:79,15.680000,36.1773
zurich_query_0nVsH-6SH_FHslcVrikkwQ,transfer_2,5678,blur,self,315,boston:79,zurich:79,15.680000,36.1773
zurich_query_0nVsH-6SH_FHslcVrikkwQ,transfer_3,5678,blur,self,325,boston:79,zurich:79,15.679997,36.1773
zurich_query_0nVsH-6SH_FHslcVrikkwQ,isotropic,9012,blur,self,265,zurich:25,zurich:79,15.680002,36.1773
zurich_query_0nVsH-6SH_FHslcVrikkwQ,white_box,9012,blur,self,736,manila:106,zurich:79,15.679998,36.1773
zurich_query_0nVsH-6SH_FHslcVrikkwQ,transfer_1,9012,blur,self,498,boston:79,zurich:79,15.679998,36.1773
zurich_query_0nVsH-6SH_FHslcVrikkwQ,transfer_2,9012,blur,self,351,zurich:104,zurich:79,15.679998,36.1773
zurich_query_0nVsH-6SH_FHslcVrikkwQ,transfer_3,9012,blur,self,308,boston:79,zurich:79,15.680000,36.1773
amman_query_2lABfkOBYPSLZkKhyRxYdA,isotropic,1234,blur,self,7,amman:23,amman:6,15.679998,36.1773
amman_query_2lABfkOBYPSLZkKhyRxYdA,white_box,1234,blur,self,10,manila:181,amman:6,15.679998,36.1773
amman_query_2lABfkOBYPSLZkKhyRxYdA,transfer_1,1234,blur,self,11,amman:23,amman:6,15.680000,36.1773
amman_query_2lABfkOBYPSLZkKhyRxYdA,transfer_2,1234,blur,self,12,amman:23,amman:6,15.680002,36.1773
amman_query_2lABfkOBYPSLZkKhyRxYdA,transfer_3,1234,blur,self,67,amman:23,amman:6,15.679997,36.1773
amman_query_2lABfkOBYPSLZkKhyRxYdA,isotropic,5678,blur,self,7,amman:23,amman:6,15.679998,36.1773
amman_query_2lABfkOBYPSLZkKhyRxYdA,white_box,5678,blur,self,20,london:125,amman:6,15.680000,36.1773
amman_query_2lABfkOBYPSLZkKhyRxYdA,transfer_1,5678,blur,self,8,amman:23,amman:6,15.680000,36.1773
amman_query_2lABfkOBYPSLZkKhyRxYdA,transfer_2,5678,blur,self,12,amman:23,amman:6,15.680000,36.1773
amman_query_2lABfkOBYPSLZkKhyRxYdA,transfer_3,5678,blur,self,57,amman:23,amman:6,15.680000,36.1773
amman_query_2lABfkOBYPSLZkKhyRxYdA,isotropic,9012,blur,self,7,amman:23,amman:6,15.679998,36.1773
amman_query_2lABfkOBYPSLZkKhyRxYdA,white_box,9012,blur,self,27,manila:54,amman:6,15.679997,36.1773
amman_query_2lABfkOBYPSLZkKhyRxYdA,transfer_1,9012,blur,self,10,amman:23,amman:6,15.680000,36.1773
amman_query_2lABfkOBYPSLZkKhyRxYdA,transfer_2,9012,blur,self,7,amman:23,amman:6,15.680000,36.1773
amman_query_2lABfkOBYPSLZkKhyRxYdA,transfer_3,9012,blur,self,5,amman:23,amman:6,15.679997,36.1773
boston_query_-XVMoSt8xs2FUh9JzquX6A,isotropic,1234,blur,self,23,boston:34,boston:210,15.680001,36.1773
boston_query_-XVMoSt8xs2FUh9JzquX6A,white_box,1234,blur,self,77,boston:34,boston:210,15.679998,36.1773
boston_query_-XVMoSt8xs2FUh9JzquX6A,transfer_1,1234,blur,self,19,boston:34,boston:210,15.680000,36.1773
boston_query_-XVMoSt8xs2FUh9JzquX6A,transfer_2,1234,blur,self,22,boston:34,boston:210,15.679998,36.1773
boston_query_-XVMoSt8xs2FUh9JzquX6A,transfer_3,1234,blur,self,50,boston:34,boston:210,15.680001,36.1773
boston_query_-XVMoSt8xs2FUh9JzquX6A,isotropic,5678,blur,self,21,boston:34,boston:210,15.679997,36.1773
boston_query_-XVMoSt8xs2FUh9JzquX6A,white_box,5678,blur,self,188,boston:27,boston:210,15.680000,36.1773
boston_query_-XVMoSt8xs2FUh9JzquX6A,transfer_1,5678,blur,self,26,boston:34,boston:210,15.680000,36.1773
boston_query_-XVMoSt8xs2FUh9JzquX6A,transfer_2,5678,blur,self,19,boston:34,boston:210,15.679997,36.1773
boston_query_-XVMoSt8xs2FUh9JzquX6A,transfer_3,5678,blur,self,59,boston:34,boston:210,15.679997,36.1773
boston_query_-XVMoSt8xs2FUh9JzquX6A,isotropic,9012,blur,self,25,boston:34,boston:210,15.679997,36.1773
boston_query_-XVMoSt8xs2FUh9JzquX6A,white_box,9012,blur,self,128,manila:190,boston:210,15.680000,36.1773
boston_query_-XVMoSt8xs2FUh9JzquX6A,transfer_1,9012,blur,self,25,boston:34,boston:210,15.680000,36.1773
boston_query_-XVMoSt8xs2FUh9JzquX6A,transfer_2,9012,blur,self,44,boston:34,boston:210,15.680000,36.1773
boston_query_-XVMoSt8xs2FUh9JzquX6A,transfer_3,9012,blur,self,95,boston:34,boston:210,15.679998,36.1773
cph_query_-WFB24C5ns0vkkGHGvN40A,isotropic,1234,blur,self,13,cph:33,cph:137,15.680000,36.1773
cph_query_-WFB24C5ns0vkkGHGvN40A,white_box,1234,blur,self,1142,cph:345,cph:137,15.679998,36.1773
cph_query_-WFB24C5ns0vkkGHGvN40A,transfer_1,1234,blur,self,19,boston:98,cph:137,15.680000,36.1773
cph_query_-WFB24C5ns0vkkGHGvN40A,transfer_2,1234,blur,self,36,cph:33,cph:137,15.680000,36.1773
cph_query_-WFB24C5ns0vkkGHGvN40A,transfer_3,1234,blur,self,156,cph:33,cph:137,15.679998,36.1773
cph_query_-WFB24C5ns0vkkGHGvN40A,isotropic,5678,blur,self,7,cph:33,cph:137,15.679998,36.1773
cph_query_-WFB24C5ns0vkkGHGvN40A,white_box,5678,blur,self,783,cph:342,cph:137,15.680000,36.1773
cph_query_-WFB24C5ns0vkkGHGvN40A,transfer_1,5678,blur,self,34,zurich:8,cph:137,15.680000,36.1773
cph_query_-WFB24C5ns0vkkGHGvN40A,transfer_2,5678,blur,self,32,cph:33,cph:137,15.680000,36.1773
cph_query_-WFB24C5ns0vkkGHGvN40A,transfer_3,5678,blur,self,178,cph:342,cph:137,15.680002,36.1773
cph_query_-WFB24C5ns0vkkGHGvN40A,isotropic,9012,blur,self,13,cph:33,cph:137,15.679997,36.1773
cph_query_-WFB24C5ns0vkkGHGvN40A,white_box,9012,blur,self,575,toronto:351,cph:137,15.680000,36.1773
cph_query_-WFB24C5ns0vkkGHGvN40A,transfer_1,9012,blur,self,32,cph:33,cph:137,15.680000,36.1773
cph_query_-WFB24C5ns0vkkGHGvN40A,transfer_2,9012,blur,self,144,cph:33,cph:137,15.679998,36.1773
cph_query_-WFB24C5ns0vkkGHGvN40A,transfer_3,9012,blur,self,108,cph:33,cph:137,15.679998,36.1773
london_query_0CaaImFsIdNZjpg8oBPgsQ,isotropic,1234,blur,self,1097,boston:237,london:29,15.679998,36.1773
london_query_0CaaImFsIdNZjpg8oBPgsQ,white_box,1234,blur,self,429,manila:142,london:29,15.680000,36.1773
london_query_0CaaImFsIdNZjpg8oBPgsQ,transfer_1,1234,blur,self,851,boston:145,london:29,15.680000,36.1773
london_query_0CaaImFsIdNZjpg8oBPgsQ,transfer_2,1234,blur,self,959,boston:145,london:29,15.680000,36.1773
london_query_0CaaImFsIdNZjpg8oBPgsQ,transfer_3,1234,blur,self,460,amman:31,london:29,15.680000,36.1773
london_query_0CaaImFsIdNZjpg8oBPgsQ,isotropic,5678,blur,self,1115,boston:237,london:29,15.679998,36.1773
london_query_0CaaImFsIdNZjpg8oBPgsQ,white_box,5678,blur,self,301,manila:190,london:29,15.680002,36.1773
london_query_0CaaImFsIdNZjpg8oBPgsQ,transfer_1,5678,blur,self,923,boston:145,london:29,15.680000,36.1773
london_query_0CaaImFsIdNZjpg8oBPgsQ,transfer_2,5678,blur,self,930,boston:145,london:29,15.679998,36.1773
london_query_0CaaImFsIdNZjpg8oBPgsQ,transfer_3,5678,blur,self,448,boston:237,london:29,15.680000,36.1773
london_query_0CaaImFsIdNZjpg8oBPgsQ,isotropic,9012,blur,self,1141,boston:145,london:29,15.680000,36.1773
london_query_0CaaImFsIdNZjpg8oBPgsQ,white_box,9012,blur,self,350,cph:345,london:29,15.679997,36.1773
london_query_0CaaImFsIdNZjpg8oBPgsQ,transfer_1,9012,blur,self,986,boston:145,london:29,15.679997,36.1773
london_query_0CaaImFsIdNZjpg8oBPgsQ,transfer_2,9012,blur,self,909,boston:145,london:29,15.680000,36.1773
london_query_0CaaImFsIdNZjpg8oBPgsQ,transfer_3,9012,blur,self,830,boston:145,london:29,15.680000,36.1773
manila_query_-cNGgBgyFrf92tQ2SjMnVw,isotropic,1234,blur,self,325,manila:142,manila:46,15.680000,36.1773
manila_query_-cNGgBgyFrf92tQ2SjMnVw,white_box,1234,blur,self,378,london:34,manila:46,15.679998,36.1773
manila_query_-cNGgBgyFrf92tQ2SjMnVw,transfer_1,1234,blur,self,374,manila:142,manila:46,15.680000,36.1773
manila_query_-cNGgBgyFrf92tQ2SjMnVw,transfer_2,1234,blur,self,294,manila:142,manila:46,15.679997,36.1773
manila_query_-cNGgBgyFrf92tQ2SjMnVw,transfer_3,1234,blur,self,99,manila:142,manila:46,15.679997,36.1773
manila_query_-cNGgBgyFrf92tQ2SjMnVw,isotropic,5678,blur,self,352,london:34,manila:46,15.679997,36.1773
manila_query_-cNGgBgyFrf92tQ2SjMnVw,white_box,5678,blur,self,398,london:34,manila:46,15.680000,36.1773
manila_query_-cNGgBgyFrf92tQ2SjMnVw,transfer_1,5678,blur,self,321,manila:142,manila:46,15.680000,36.1773
manila_query_-cNGgBgyFrf92tQ2SjMnVw,transfer_2,5678,blur,self,373,manila:142,manila:46,15.680001,36.1773
manila_query_-cNGgBgyFrf92tQ2SjMnVw,transfer_3,5678,blur,self,209,manila:33,manila:46,15.679997,36.1773
manila_query_-cNGgBgyFrf92tQ2SjMnVw,isotropic,9012,blur,self,381,london:34,manila:46,15.679998,36.1773
manila_query_-cNGgBgyFrf92tQ2SjMnVw,white_box,9012,blur,self,270,london:34,manila:46,15.679997,36.1773
manila_query_-cNGgBgyFrf92tQ2SjMnVw,transfer_1,9012,blur,self,179,manila:142,manila:46,15.679997,36.1773
manila_query_-cNGgBgyFrf92tQ2SjMnVw,transfer_2,9012,blur,self,357,manila:142,manila:46,15.679997,36.1773
manila_query_-cNGgBgyFrf92tQ2SjMnVw,transfer_3,9012,blur,self,198,manila:142,manila:46,15.679998,36.1773
nairobi_query_4EL0OPwVmp4k2zCpl9_c_A,isotropic,1234,blur,self,13,boston:90,nairobi:15,15.680000,36.1773
nairobi_query_4EL0OPwVmp4k2zCpl9_c_A,white_box,1234,blur,self,158,manila:190,nairobi:15,15.680000,36.1773
nairobi_query_4EL0OPwVmp4k2zCpl9_c_A,transfer_1,1234,blur,self,5,london:85,nairobi:15,15.679998,36.1773
nairobi_query_4EL0OPwVmp4k2zCpl9_c_A,transfer_2,1234,blur,self,32,london:85,nairobi:15,15.679998,36.1773
nairobi_query_4EL0OPwVmp4k2zCpl9_c_A,transfer_3,1234,blur,self,75,london:85,nairobi:15,15.679997,36.1773
nairobi_query_4EL0OPwVmp4k2zCpl9_c_A,isotropic,5678,blur,self,26,manila:54,nairobi:15,15.680000,36.1773
nairobi_query_4EL0OPwVmp4k2zCpl9_c_A,white_box,5678,blur,self,96,manila:92,nairobi:15,15.679998,36.1773
nairobi_query_4EL0OPwVmp4k2zCpl9_c_A,transfer_1,5678,blur,self,7,london:85,nairobi:15,15.679998,36.1773
nairobi_query_4EL0OPwVmp4k2zCpl9_c_A,transfer_2,5678,blur,self,40,london:85,nairobi:15,15.680000,36.1773
nairobi_query_4EL0OPwVmp4k2zCpl9_c_A,transfer_3,5678,blur,self,132,boston:235,nairobi:15,15.679997,36.1773
nairobi_query_4EL0OPwVmp4k2zCpl9_c_A,isotropic,9012,blur,self,18,boston:90,nairobi:15,15.679998,36.1773
nairobi_query_4EL0OPwVmp4k2zCpl9_c_A,white_box,9012,blur,self,238,manila:106,nairobi:15,15.679997,36.1773
nairobi_query_4EL0OPwVmp4k2zCpl9_c_A,transfer_1,9012,blur,self,5,london:85,nairobi:15,15.680001,36.1773
nairobi_query_4EL0OPwVmp4k2zCpl9_c_A,transfer_2,9012,blur,self,63,london:85,nairobi:15,15.680000,36.1773
nairobi_query_4EL0OPwVmp4k2zCpl9_c_A,transfer_3,9012,blur,self,49,manila:189,nairobi:15,15.679998,36.1773
toronto_query_-MvRj243NBTPnognhgb4Cg,isotropic,1234,blur,self,93,cph:243,toronto:421,15.679998,36.1773
toronto_query_-MvRj243NBTPnognhgb4Cg,white_box,1234,blur,self,708,toronto:207,toronto:421,15.680000,36.1773
toronto_query_-MvRj243NBTPnognhgb4Cg,transfer_1,1234,blur,self,191,manila:46,toronto:421,15.679997,36.1773
toronto_query_-MvRj243NBTPnognhgb4Cg,transfer_2,1234,blur,self,33,amman:23,toronto:421,15.680000,36.1773
toronto_query_-MvRj243NBTPnognhgb4Cg,transfer_3,1234,blur,self,591,manila:46,toronto:421,15.680000,36.1773
toronto_query_-MvRj243NBTPnognhgb4Cg,isotropic,5678,blur,self,84,amman:23,toronto:421,15.680000,36.1773
toronto_query_-MvRj243NBTPnognhgb4Cg,white_box,5678,blur,self,55,boston:79,toronto:421,15.680000,36.1773
toronto_query_-MvRj243NBTPnognhgb4Cg,transfer_1,5678,blur,self,50,amman:0,toronto:421,15.679998,36.1773
toronto_query_-MvRj243NBTPnognhgb4Cg,transfer_2,5678,blur,self,22,manila:46,toronto:421,15.679997,36.1773
toronto_query_-MvRj243NBTPnognhgb4Cg,transfer_3,5678,blur,self,220,manila:46,toronto:421,15.680000,36.1773
toronto_query_-MvRj243NBTPnognhgb4Cg,isotropic,9012,blur,self,35,cph:243,toronto:421,15.680000,36.1773
toronto_query_-MvRj243NBTPnognhgb4Cg,white_box,9012,blur,self,316,toronto:207,toronto:421,15.679997,36.1773
toronto_query_-MvRj243NBTPnognhgb4Cg,transfer_1,9012,blur,self,103,manila:46,toronto:421,15.679998,36.1773
toronto_query_-MvRj243NBTPnognhgb4Cg,transfer_2,9012,blur,self,5,zurich:42,toronto:421,15.680000,36.1773
toronto_query_-MvRj243NBTPnognhgb4Cg,transfer_3,9012,blur,self,250,manila:46,toronto:421,15.679997,36.1773
zurich_query_0qoNSI3UUj6VR3TM7c0Peg,isotropic,1234,blur,self,484,london:125,zurich:38,15.679998,36.1773
zurich_query_0qoNSI3UUj6VR3TM7c0Peg,white_box,1234,blur,self,219,boston:123,zurich:38,15.679997,36.1773
zurich_query_0qoNSI3UUj6VR3TM7c0Peg,transfer_1,1234,blur,self,590,london:125,zurich:38,15.680000,36.1773
zurich_query_0qoNSI3UUj6VR3TM7c0Peg,transfer_2,1234,blur,self,325,london:125,zurich:38,15.680000,36.1773
zurich_query_0qoNSI3UUj6VR3TM7c0Peg,transfer_3,1234,blur,self,542,london:125,zurich:38,15.680000,36.1773
zurich_query_0qoNSI3UUj6VR3TM7c0Peg,isotropic,5678,blur,self,529,london:125,zurich:38,15.680000,36.1773
zurich_query_0qoNSI3UUj6VR3TM7c0Peg,white_box,5678,blur,self,1691,cph:245,zurich:38,15.679998,36.1773
zurich_query_0qoNSI3UUj6VR3TM7c0Peg,transfer_1,5678,blur,self,429,london:125,zurich:38,15.680000,36.1773
zurich_query_0qoNSI3UUj6VR3TM7c0Peg,transfer_2,5678,blur,self,295,london:125,zurich:38,15.679997,36.1773
zurich_query_0qoNSI3UUj6VR3TM7c0Peg,transfer_3,5678,blur,self,207,london:125,zurich:38,15.679998,36.1773
zurich_query_0qoNSI3UUj6VR3TM7c0Peg,isotropic,9012,blur,self,468,london:125,zurich:38,15.679997,36.1773
zurich_query_0qoNSI3UUj6VR3TM7c0Peg,white_box,9012,blur,self,1371,london:34,zurich:38,15.680000,36.1773
zurich_query_0qoNSI3UUj6VR3TM7c0Peg,transfer_1,9012,blur,self,627,london:125,zurich:38,15.679997,36.1773
zurich_query_0qoNSI3UUj6VR3TM7c0Peg,transfer_2,9012,blur,self,477,london:125,zurich:38,15.680001,36.1773
zurich_query_0qoNSI3UUj6VR3TM7c0Peg,transfer_3,9012,blur,self,348,london:125,zurich:38,15.680000,36.1773
amman_query_2o7YcP9UAqSU1ygtK33BfQ,isotropic,1234,blur,self,15,boston:145,amman:31,15.679998,36.1773
amman_query_2o7YcP9UAqSU1ygtK33BfQ,white_box,1234,blur,self,57,toronto:88,amman:31,15.679997,36.1773
amman_query_2o7YcP9UAqSU1ygtK33BfQ,transfer_1,1234,blur,self,11,cph:297,amman:31,15.679998,36.1773
amman_query_2o7YcP9UAqSU1ygtK33BfQ,transfer_2,1234,blur,self,17,amman:36,amman:31,15.679998,36.1773
amman_query_2o7YcP9UAqSU1ygtK33BfQ,transfer_3,1234,blur,self,15,boston:145,amman:31,15.680000,36.1773
amman_query_2o7YcP9UAqSU1ygtK33BfQ,isotropic,5678,blur,self,19,boston:145,amman:31,15.679997,36.1773
amman_query_2o7YcP9UAqSU1ygtK33BfQ,white_box,5678,blur,self,237,manila:51,amman:31,15.680000,36.1773
amman_query_2o7YcP9UAqSU1ygtK33BfQ,transfer_1,5678,blur,self,7,amman:36,amman:31,15.680000,36.1773
amman_query_2o7YcP9UAqSU1ygtK33BfQ,transfer_2,5678,blur,self,12,cph:297,amman:31,15.680000,36.1773
amman_query_2o7YcP9UAqSU1ygtK33BfQ,transfer_3,5678,blur,self,12,boston:145,amman:31,15.680000,36.1773
amman_query_2o7YcP9UAqSU1ygtK33BfQ,isotropic,9012,blur,self,15,boston:145,amman:31,15.679998,36.1773
amman_query_2o7YcP9UAqSU1ygtK33BfQ,white_box,9012,blur,self,142,toronto:200,amman:31,15.679997,36.1773
amman_query_2o7YcP9UAqSU1ygtK33BfQ,transfer_1,9012,blur,self,8,cph:297,amman:31,15.680001,36.1773
amman_query_2o7YcP9UAqSU1ygtK33BfQ,transfer_2,9012,blur,self,17,boston:145,amman:31,15.680000,36.1773
amman_query_2o7YcP9UAqSU1ygtK33BfQ,transfer_3,9012,blur,self,9,boston:145,amman:31,15.679997,36.1773
boston_query_-YC7UljP-400uMusDPAb5o,isotropic,1234,blur,self,2,zurich:37,boston:244,15.679997,36.1773
boston_query_-YC7UljP-400uMusDPAb5o,white_box,1234,blur,self,2,manila:51,boston:244,15.680000,36.1773
boston_query_-YC7UljP-400uMusDPAb5o,transfer_1,1234,blur,self,1,boston:244,boston:244,15.680000,36.1773
boston_query_-YC7UljP-400uMusDPAb5o,transfer_2,1234,blur,self,1,boston:244,boston:244,15.679998,36.1773
boston_query_-YC7UljP-400uMusDPAb5o,transfer_3,1234,blur,self,1,boston:244,boston:244,15.679997,36.1773
boston_query_-YC7UljP-400uMusDPAb5o,isotropic,5678,blur,self,1,boston:244,boston:244,15.680000,36.1773
boston_query_-YC7UljP-400uMusDPAb5o,white_box,5678,blur,self,1,boston:244,boston:244,15.679998,36.1773
boston_query_-YC7UljP-400uMusDPAb5o,transfer_1,5678,blur,self,1,boston:244,boston:244,15.680001,36.1773
boston_query_-YC7UljP-400uMusDPAb5o,transfer_2,5678,blur,self,1,boston:244,boston:244,15.680001,36.1773
boston_query_-YC7UljP-400uMusDPAb5o,transfer_3,5678,blur,self,1,boston:244,boston:244,15.679998,36.1773
boston_query_-YC7UljP-400uMusDPAb5o,isotropic,9012,blur,self,1,boston:244,boston:244,15.680000,36.1773
boston_query_-YC7UljP-400uMusDPAb5o,white_box,9012,blur,self,62,london:34,boston:244,15.680000,36.1773
boston_query_-YC7UljP-400uMusDPAb5o,transfer_1,9012,blur,self,1,boston:244,boston:244,15.680000,36.1773
boston_query_-YC7UljP-400uMusDPAb5o,transfer_2,9012,blur,self,1,boston:244,boston:244,15.680002,36.1773
boston_query_-YC7UljP-400uMusDPAb5o,transfer_3,9012,blur,self,1,boston:244,boston:244,15.679997,36.1773
cph_query_-WSWmgHuo6qPHzHxqzEe1A,isotropic,1234,blur,self,162,cph:96,cph:119,15.680000,36.1773
cph_query_-WSWmgHuo6qPHzHxqzEe1A,white_box,1234,blur,self,290,toronto:27,cph:119,15.680000,36.1773
cph_query_-WSWmgHuo6qPHzHxqzEe1A,transfer_1,1234,blur,self,144,cph:96,cph:119,15.680000,36.1773
cph_query_-WSWmgHuo6qPHzHxqzEe1A,transfer_2,1234,blur,self,260,cph:96,cph:119,15.679998,36.1773
cph_query_-WSWmgHuo6qPHzHxqzEe1A,transfer_3,1234,blur,self,101,cph:96,cph:119,15.680000,36.1773
cph_query_-WSWmgHuo6qPHzHxqzEe1A,isotropic,5678,blur,self,150,cph:96,cph:119,15.679998,36.1773
cph_query_-WSWmgHuo6qPHzHxqzEe1A,white_box,5678,blur,self,284,manila:46,cph:119,15.679998,36.1773
cph_query_-WSWmgHuo6qPHzHxqzEe1A,transfer_1,5678,blur,self,263,cph:96,cph:119,15.680000,36.1773
cph_query_-WSWmgHuo6qPHzHxqzEe1A,transfer_2,5678,blur,self,124,cph:96,cph:119,15.680001,36.1773
cph_query_-WSWmgHuo6qPHzHxqzEe1A,transfer_3,5678,blur,self,184,cph:96,cph:119,15.679998,36.1773
cph_query_-WSWmgHuo6qPHzHxqzEe1A,isotropic,9012,blur,self,163,cph:96,cph:119,15.679997,36.1773
cph_query_-WSWmgHuo6qPHzHxqzEe1A,white_box,9012,blur,self,630,manila:106,cph:119,15.679997,36.1773
cph_query_-WSWmgHuo6qPHzHxqzEe1A,transfer_1,9012,blur,self,177,cph:96,cph:119,15.679997,36.1773
cph_query_-WSWmgHuo6qPHzHxqzEe1A,transfer_2,9012,blur,self,282,boston:145,cph:119,15.679997,36.1773
cph_query_-WSWmgHuo6qPHzHxqzEe1A,transfer_3,9012,blur,self,61,boston:145,cph:119,15.679998,36.1773
london_query_0EzKuKNIcxIWax_duM0EWw,isotropic,1234,blur,self,1,london:23,london:23,15.679998,36.1773
london_query_0EzKuKNIcxIWax_duM0EWw,white_box,1234,blur,self,18,london:21,london:23,15.680000,36.1773
london_query_0EzKuKNIcxIWax_duM0EWw,transfer_1,1234,blur,self,1,london:23,london:23,15.680000,36.1773
london_query_0EzKuKNIcxIWax_duM0EWw,transfer_2,1234,blur,self,1,london:23,london:23,15.680000,36.1773
london_query_0EzKuKNIcxIWax_duM0EWw,transfer_3,1234,blur,self,1,london:23,london:23,15.679997,36.1773
london_query_0EzKuKNIcxIWax_duM0EWw,isotropic,5678,blur,self,1,london:23,london:23,15.680000,36.1773
london_query_0EzKuKNIcxIWax_duM0EWw,white_box,5678,blur,self,3,manila:153,london:23,15.679997,36.1773
london_query_0EzKuKNIcxIWax_duM0EWw,transfer_1,5678,blur,self,1,london:23,london:23,15.680000,36.1773
london_query_0EzKuKNIcxIWax_duM0EWw,transfer_2,5678,blur,self,1,london:23,london:23,15.679997,36.1773
london_query_0EzKuKNIcxIWax_duM0EWw,transfer_3,5678,blur,self,1,london:23,london:23,15.679997,36.1773
london_query_0EzKuKNIcxIWax_duM0EWw,isotropic,9012,blur,self,1,london:23,london:23,15.680000,36.1773
london_query_0EzKuKNIcxIWax_duM0EWw,white_box,9012,blur,self,4,london:21,london:23,15.679997,36.1773
london_query_0EzKuKNIcxIWax_duM0EWw,transfer_1,9012,blur,self,1,london:23,london:23,15.680000,36.1773
london_query_0EzKuKNIcxIWax_duM0EWw,transfer_2,9012,blur,self,1,london:23,london:23,15.680001,36.1773
london_query_0EzKuKNIcxIWax_duM0EWw,transfer_3,9012,blur,self,1,london:23,london:23,15.680001,36.1773
manila_query_-cmAo9dkimIih2B7T4UHfg,isotropic,1234,blur,self,125,manila:116,manila:140,15.679998,36.1773
manila_query_-cmAo9dkimIih2B7T4UHfg,white_box,1234,blur,self,541,toronto:207,manila:140,15.679997,36.1773
manila_query_-cmAo9dkimIih2B7T4UHfg,transfer_1,1234,blur,self,428,boston:206,manila:140,15.679997,36.1773
manila_query_-cmAo9dkimIih2B7T4UHfg,transfer_2,1234,blur,self,205,manila:116,manila:140,15.680001,36.1773
manila_query_-cmAo9dkimIih2B7T4UHfg,transfer_3,1234,blur,self,317,manila:109,manila:140,15.680000,36.1773
manila_query_-cmAo9dkimIih2B7T4UHfg,isotropic,5678,blur,self,147,manila:116,manila:140,15.679995,36.1773
manila_query_-cmAo9dkimIih2B7T4UHfg,white_box,5678,blur,self,438,toronto:207,manila:140,15.680000,36.1773
manila_query_-cmAo9dkimIih2B7T4UHfg,transfer_1,5678,blur,self,273,boston:206,manila:140,15.680000,36.1773
manila_query_-cmAo9dkimIih2B7T4UHfg,transfer_2,5678,blur,self,142,boston:206,manila:140,15.679997,36.1773
manila_query_-cmAo9dkimIih2B7T4UHfg,transfer_3,5678,blur,self,254,amman:23,manila:140,15.680000,36.1773
manila_query_-cmAo9dkimIih2B7T4UHfg,isotropic,9012,blur,self,137,manila:116,manila:140,15.679997,36.1773
manila_query_-cmAo9dkimIih2B7T4UHfg,white_box,9012,blur,self,601,toronto:207,manila:140,15.680000,36.1773
manila_query_-cmAo9dkimIih2B7T4UHfg,transfer_1,9012,blur,self,376,boston:206,manila:140,15.679997,36.1773
manila_query_-cmAo9dkimIih2B7T4UHfg,transfer_2,9012,blur,self,330,manila:109,manila:140,15.679998,36.1773
manila_query_-cmAo9dkimIih2B7T4UHfg,transfer_3,9012,blur,self,141,manila:116,manila:140,15.680000,36.1773
nairobi_query_4Scm9UylRL9Edyu3ZemB9A,isotropic,1234,blur,self,4,nairobi:7,nairobi:8,15.680001,36.1773
nairobi_query_4Scm9UylRL9Edyu3ZemB9A,white_box,1234,blur,self,369,london:28,nairobi:8,15.679997,36.1773
nairobi_query_4Scm9UylRL9Edyu3ZemB9A,transfer_1,1234,blur,self,4,london:85,nairobi:8,15.680000,36.1773
nairobi_query_4Scm9UylRL9Edyu3ZemB9A,transfer_2,1234,blur,self,18,nairobi:7,nairobi:8,15.679997,36.1773
nairobi_query_4Scm9UylRL9Edyu3ZemB9A,transfer_3,1234,blur,self,27,manila:72,nairobi:8,15.679997,36.1773
nairobi_query_4Scm9UylRL9Edyu3ZemB9A,isotropic,5678,blur,self,4,nairobi:7,nairobi:8,15.680000,36.1773
nairobi_query_4Scm9UylRL9Edyu3ZemB9A,white_box,5678,blur,self,1441,manila:92,nairobi:8,15.679997,36.1773
nairobi_query_4Scm9UylRL9Edyu3ZemB9A,transfer_1,5678,blur,self,9,nairobi:7,nairobi:8,15.680000,36.1773
nairobi_query_4Scm9UylRL9Edyu3ZemB9A,transfer_2,5678,blur,self,17,london:85,nairobi:8,15.679998,36.1773
nairobi_query_4Scm9UylRL9Edyu3ZemB9A,transfer_3,5678,blur,self,110,boston:235,nairobi:8,15.680001,36.1773
nairobi_query_4Scm9UylRL9Edyu3ZemB9A,isotropic,9012,blur,self,2,nairobi:7,nairobi:8,15.680000,36.1773
nairobi_query_4Scm9UylRL9Edyu3ZemB9A,white_box,9012,blur,self,1000,london:111,nairobi:8,15.679997,36.1773
nairobi_query_4Scm9UylRL9Edyu3ZemB9A,transfer_1,9012,blur,self,12,london:85,nairobi:8,15.679997,36.1773
nairobi_query_4Scm9UylRL9Edyu3ZemB9A,transfer_2,9012,blur,self,12,nairobi:7,nairobi:8,15.679998,36.1773
nairobi_query_4Scm9UylRL9Edyu3ZemB9A,transfer_3,9012,blur,self,23,nairobi:10,nairobi:8,15.680000,36.1773
toronto_query_-N8Ief4Q3CWSOSauaoVHkw,isotropic,1234,blur,self,19,amman:23,toronto:244,15.679998,36.1773
toronto_query_-N8Ief4Q3CWSOSauaoVHkw,white_box,1234,blur,self,164,manila:181,toronto:244,15.679997,36.1773
toronto_query_-N8Ief4Q3CWSOSauaoVHkw,transfer_1,1234,blur,self,23,amman:23,toronto:244,15.679997,36.1773
toronto_query_-N8Ief4Q3CWSOSauaoVHkw,transfer_2,1234,blur,self,95,amman:23,toronto:244,15.679996,36.1773
toronto_query_-N8Ief4Q3CWSOSauaoVHkw,transfer_3,1234,blur,self,88,amman:23,toronto:244,15.679997,36.1773
toronto_query_-N8Ief4Q3CWSOSauaoVHkw,isotropic,5678,blur,self,17,amman:23,toronto:244,15.680000,36.1773
toronto_query_-N8Ief4Q3CWSOSauaoVHkw,white_box,5678,blur,self,63,manila:190,toronto:244,15.680000,36.1773
toronto_query_-N8Ief4Q3CWSOSauaoVHkw,transfer_1,5678,blur,self,54,amman:23,toronto:244,15.679997,36.1773
toronto_query_-N8Ief4Q3CWSOSauaoVHkw,transfer_2,5678,blur,self,39,amman:23,toronto:244,15.680000,36.1773
toronto_query_-N8Ief4Q3CWSOSauaoVHkw,transfer_3,5678,blur,self,64,amman:23,toronto:244,15.679997,36.1773
toronto_query_-N8Ief4Q3CWSOSauaoVHkw,isotropic,9012,blur,self,16,amman:23,toronto:244,15.679998,36.1773
toronto_query_-N8Ief4Q3CWSOSauaoVHkw,white_box,9012,blur,self,71,zurich:30,toronto:244,15.680000,36.1773
toronto_query_-N8Ief4Q3CWSOSauaoVHkw,transfer_1,9012,blur,self,14,amman:23,toronto:244,15.679998,36.1773
toronto_query_-N8Ief4Q3CWSOSauaoVHkw,transfer_2,9012,blur,self,57,amman:23,toronto:244,15.680000,36.1773
toronto_query_-N8Ief4Q3CWSOSauaoVHkw,transfer_3,9012,blur,self,28,amman:23,toronto:244,15.679997,36.1773
zurich_query_0yT0tESrImO18FH9C5STzg,isotropic,1234,blur,self,23,boston:79,zurich:42,15.679996,36.1773
zurich_query_0yT0tESrImO18FH9C5STzg,white_box,1234,blur,self,79,manila:190,zurich:42,15.680000,36.1773
zurich_query_0yT0tESrImO18FH9C5STzg,transfer_1,1234,blur,self,19,boston:79,zurich:42,15.680000,36.1773
zurich_query_0yT0tESrImO18FH9C5STzg,transfer_2,1234,blur,self,14,boston:79,zurich:42,15.679998,36.1773
zurich_query_0yT0tESrImO18FH9C5STzg,transfer_3,1234,blur,self,14,boston:216,zurich:42,15.679998,36.1773
zurich_query_0yT0tESrImO18FH9C5STzg,isotropic,5678,blur,self,23,boston:79,zurich:42,15.680002,36.1773
zurich_query_0yT0tESrImO18FH9C5STzg,white_box,5678,blur,self,191,boston:149,zurich:42,15.679998,36.1773
zurich_query_0yT0tESrImO18FH9C5STzg,transfer_1,5678,blur,self,23,boston:79,zurich:42,15.679998,36.1773
zurich_query_0yT0tESrImO18FH9C5STzg,transfer_2,5678,blur,self,18,boston:79,zurich:42,15.680001,36.1773
zurich_query_0yT0tESrImO18FH9C5STzg,transfer_3,5678,blur,self,30,boston:216,zurich:42,15.680001,36.1773
zurich_query_0yT0tESrImO18FH9C5STzg,isotropic,9012,blur,self,31,boston:79,zurich:42,15.679997,36.1773
zurich_query_0yT0tESrImO18FH9C5STzg,white_box,9012,blur,self,296,nairobi:9,zurich:42,15.680000,36.1773
zurich_query_0yT0tESrImO18FH9C5STzg,transfer_1,9012,blur,self,13,boston:79,zurich:42,15.679998,36.1773
zurich_query_0yT0tESrImO18FH9C5STzg,transfer_2,9012,blur,self,24,boston:79,zurich:42,15.680001,36.1773
zurich_query_0yT0tESrImO18FH9C5STzg,transfer_3,9012,blur,self,49,boston:79,zurich:42,15.679998,36.1773
amman_query_2pCCoWfi0AP_93cYLKD9sA,isotropic,1234,blur,self,212,amman:11,amman:1,15.679998,36.1773
amman_query_2pCCoWfi0AP_93cYLKD9sA,white_box,1234,blur,self,128,london:28,amman:1,15.680000,36.1773
amman_query_2pCCoWfi0AP_93cYLKD9sA,transfer_1,1234,blur,self,286,amman:11,amman:1,15.679997,36.1773
amman_query_2pCCoWfi0AP_93cYLKD9sA,transfer_2,1234,blur,self,179,toronto:366,amman:1,15.680001,36.1773
amman_query_2pCCoWfi0AP_93cYLKD9sA,transfer_3,1234,blur,self,176,amman:11,amman:1,15.680001,36.1773
amman_query_2pCCoWfi0AP_93cYLKD9sA,isotropic,5678,blur,self,194,amman:11,amman:1,15.680000,36.1773
amman_query_2pCCoWfi0AP_93cYLKD9sA,white_box,5678,blur,self,167,london:28,amman:1,15.680001,36.1773
amman_query_2pCCoWfi0AP_93cYLKD9sA,transfer_1,5678,blur,self,177,amman:11,amman:1,15.679997,36.1773
amman_query_2pCCoWfi0AP_93cYLKD9sA,transfer_2,5678,blur,self,290,amman:11,amman:1,15.680000,36.1773
amman_query_2pCCoWfi0AP_93cYLKD9sA,transfer_3,5678,blur,self,133,amman:11,amman:1,15.680000,36.1773
amman_query_2pCCoWfi0AP_93cYLKD9sA,isotropic,9012,blur,self,198,amman:11,amman:1,15.680000,36.1773
amman_query_2pCCoWfi0AP_93cYLKD9sA,white_box,9012,blur,self,311,london:111,amman:1,15.679998,36.1773
amman_query_2pCCoWfi0AP_93cYLKD9sA,transfer_1,9012,blur,self,259,amman:23,amman:1,15.679998,36.1773
amman_query_2pCCoWfi0AP_93cYLKD9sA,transfer_2,9012,blur,self,275,toronto:366,amman:1,15.679998,36.1773
amman_query_2pCCoWfi0AP_93cYLKD9sA,transfer_3,9012,blur,self,300,amman:11,amman:1,15.679997,36.1773
boston_query_-YNCuOIwfe745OWl27FQZQ,isotropic,1234,blur,self,15,cph:176,boston:249,15.680000,36.1773
boston_query_-YNCuOIwfe745OWl27FQZQ,white_box,1234,blur,self,41,manila:51,boston:249,15.680000,36.1773
boston_query_-YNCuOIwfe745OWl27FQZQ,transfer_1,1234,blur,self,10,cph:162,boston:249,15.679997,36.1773
boston_query_-YNCuOIwfe745OWl27FQZQ,transfer_2,1234,blur,self,2,cph:176,boston:249,15.680002,36.1773
boston_query_-YNCuOIwfe745OWl27FQZQ,transfer_3,1234,blur,self,12,boston:79,boston:249,15.679998,36.1773
boston_query_-YNCuOIwfe745OWl27FQZQ,isotropic,5678,blur,self,19,cph:176,boston:249,15.680001,36.1773
boston_query_-YNCuOIwfe745OWl27FQZQ,white_box,5678,blur,self,79,amman:26,boston:249,15.680000,36.1773
boston_query_-YNCuOIwfe745OWl27FQZQ,transfer_1,5678,blur,self,15,boston:234,boston:249,15.679998,36.1773
boston_query_-YNCuOIwfe745OWl27FQZQ,transfer_2,5678,blur,self,1,boston:249,boston:249,15.679997,36.1773
boston_query_-YNCuOIwfe745OWl27FQZQ,transfer_3,5678,blur,self,3,boston:79,boston:249,15.680000,36.1773
boston_query_-YNCuOIwfe745OWl27FQZQ,isotropic,9012,blur,self,18,cph:176,boston:249,15.680002,36.1773
boston_query_-YNCuOIwfe745OWl27FQZQ,white_box,9012,blur,self,17,manila:92,boston:249,15.679997,36.1773
boston_query_-YNCuOIwfe745OWl27FQZQ,transfer_1,9012,blur,self,7,boston:90,boston:249,15.680000,36.1773
boston_query_-YNCuOIwfe745OWl27FQZQ,transfer_2,9012,blur,self,2,cph:176,boston:249,15.680000,36.1773
boston_query_-YNCuOIwfe745OWl27FQZQ,transfer_3,9012,blur,self,1,boston:249,boston:249,15.679996,36.1773
cph_query_-XYLPst0OjYGoPVJKGP1aA,isotropic,1234,blur,self,1,cph:33,cph:33,15.679997,36.1773
cph_query_-XYLPst0OjYGoPVJKGP1aA,white_box,1234,blur,self,93,cph:245,cph:33,15.679997,36.1773
cph_query_-XYLPst0OjYGoPVJKGP1aA,transfer_1,1234,blur,self,1,cph:33,cph:33,15.680000,36.1773
cph_query_-XYLPst0OjYGoPVJKGP1aA,transfer_2,1234,blur,self,1,cph:33,cph:33,15.680000,36.1773
cph_query_-XYLPst0OjYGoPVJKGP1aA,transfer_3,1234,blur,self,1,cph:33,cph:33,15.680000,36.1773
cph_query_-XYLPst0OjYGoPVJKGP1aA,isotropic,5678,blur,self,1,cph:33,cph:33,15.680000,36.1773
cph_query_-XYLPst0OjYGoPVJKGP1aA,white_box,5678,blur,self,115,cph:245,cph:33,15.680000,36.1773
cph_query_-XYLPst0OjYGoPVJKGP1aA,transfer_1,5678,blur,self,1,cph:33,cph:33,15.680000,36.1773
cph_query_-XYLPst0OjYGoPVJKGP1aA,transfer_2,5678,blur,self,1,cph:33,cph:33,15.680001,36.1773
cph_query_-XYLPst0OjYGoPVJKGP1aA,transfer_3,5678,blur,self,1,cph:33,cph:33,15.680000,36.1773
cph_query_-XYLPst0OjYGoPVJKGP1aA,isotropic,9012,blur,self,1,cph:33,cph:33,15.680000,36.1773
cph_query_-XYLPst0OjYGoPVJKGP1aA,white_box,9012,blur,self,28,manila:190,cph:33,15.679997,36.1773
cph_query_-XYLPst0OjYGoPVJKGP1aA,transfer_1,9012,blur,self,1,cph:33,cph:33,15.679997,36.1773
cph_query_-XYLPst0OjYGoPVJKGP1aA,transfer_2,9012,blur,self,2,cph:464,cph:33,15.680000,36.1773
cph_query_-XYLPst0OjYGoPVJKGP1aA,transfer_3,9012,blur,self,1,cph:33,cph:33,15.680000,36.1773
london_query_0IFxmIDIkGlB0FShcszAfw,isotropic,1234,blur,self,12,zurich:35,london:129,15.680000,36.1773
london_query_0IFxmIDIkGlB0FShcszAfw,white_box,1234,blur,self,274,manila:92,london:129,15.680000,36.1773
london_query_0IFxmIDIkGlB0FShcszAfw,transfer_1,1234,blur,self,26,london:71,london:129,15.679997,36.1773
london_query_0IFxmIDIkGlB0FShcszAfw,transfer_2,1234,blur,self,6,zurich:35,london:129,15.679997,36.1773
london_query_0IFxmIDIkGlB0FShcszAfw,transfer_3,1234,blur,self,6,london:71,london:129,15.680000,36.1773
london_query_0IFxmIDIkGlB0FShcszAfw,isotropic,5678,blur,self,13,zurich:35,london:129,15.679998,36.1773
london_query_0IFxmIDIkGlB0FShcszAfw,white_box,5678,blur,self,199,manila:106,london:129,15.680000,36.1773
london_query_0IFxmIDIkGlB0FShcszAfw,transfer_1,5678,blur,self,6,manila:202,london:129,15.679997,36.1773
london_query_0IFxmIDIkGlB0FShcszAfw,transfer_2,5678,blur,self,13,boston:206,london:129,15.680000,36.1773
london_query_0IFxmIDIkGlB0FShcszAfw,transfer_3,5678,blur,self,22,manila:202,london:129,15.679997,36.1773
london_query_0IFxmIDIkGlB0FShcszAfw,isotropic,9012,blur,self,8,zurich:35,london:129,15.679997,36.1773
london_query_0IFxmIDIkGlB0FShcszAfw,white_box,9012,blur,self,157,manila:92,london:129,15.680000,36.1773
london_query_0IFxmIDIkGlB0FShcszAfw,transfer_1,9012,blur,self,8,boston:206,london:129,15.680000,36.1773
london_query_0IFxmIDIkGlB0FShcszAfw,transfer_2,9012,blur,self,4,london:71,london:129,15.680000,36.1773
london_query_0IFxmIDIkGlB0FShcszAfw,transfer_3,9012,blur,self,4,manila:202,london:129,15.679997,36.1773
manila_query_-dvVr_QHKim5_WyUsv_Z4A,isotropic,1234,blur,self,67,manila:72,manila:142,15.679998,36.1773
manila_query_-dvVr_QHKim5_WyUsv_Z4A,white_box,1234,blur,self,8,zurich:14,manila:142,15.680001,36.1773
manila_query_-dvVr_QHKim5_WyUsv_Z4A,transfer_1,1234,blur,self,67,manila:72,manila:142,15.680000,36.1773
manila_query_-dvVr_QHKim5_WyUsv_Z4A,transfer_2,1234,blur,self,47,manila:29,manila:142,15.679998,36.1773
manila_query_-dvVr_QHKim5_WyUsv_Z4A,transfer_3,1234,blur,self,18,manila:72,manila:142,15.680001,36.1773
manila_query_-dvVr_QHKim5_WyUsv_Z4A,isotropic,5678,blur,self,81,manila:72,manila:142,15.679998,36.1773
manila_query_-dvVr_QHKim5_WyUsv_Z4A,white_box,5678,blur,self,20,boston:168,manila:142,15.680001,36.1773
manila_query_-dvVr_QHKim5_WyUsv_Z4A,transfer_1,5678,blur,self,31,manila:72,manila:142,15.679997,36.1773
manila_query_-dvVr_QHKim5_WyUsv_Z4A,transfer_2,5678,blur,self,53,manila:23,manila:142,15.680001,36.1773
manila_query_-dvVr_QHKim5_WyUsv_Z4A,transfer_3,5678,blur,self,18,manila:190,manila:142,15.680001,36.1773
manila_query_-dvVr_QHKim5_WyUsv_Z4A,isotropic,9012,blur,self,60,manila:72,manila:142,15.679998,36.1773
manila_query_-dvVr_QHKim5_WyUsv_Z4A,white_box,9012,blur,self,22,manila:190,manila:142,15.680000,36.1773
manila_query_-dvVr_QHKim5_WyUsv_Z4A,transfer_1,9012,blur,self,64,manila:135,manila:142,15.679997,36.1773
manila_query_-dvVr_QHKim5_WyUsv_Z4A,transfer_2,9012,blur,self,31,manila:23,manila:142,15.680000,36.1773
manila_query_-dvVr_QHKim5_WyUsv_Z4A,transfer_3,9012,blur,self,56,manila:67,manila:142,15.680000,36.1773
nairobi_query_4_8wDQ5TQuzz_jEJKVIl0Q,isotropic,1234,blur,self,296,manila:132,nairobi:20,15.680000,36.1773
nairobi_query_4_8wDQ5TQuzz_jEJKVIl0Q,white_box,1234,blur,self,353,boston:144,nairobi:20,15.679997,36.1773
nairobi_query_4_8wDQ5TQuzz_jEJKVIl0Q,transfer_1,1234,blur,self,350,manila:132,nairobi:20,15.679998,36.1773
nairobi_query_4_8wDQ5TQuzz_jEJKVIl0Q,transfer_2,1234,blur,self,187,manila:6,nairobi:20,15.680001,36.1773
nairobi_query_4_8wDQ5TQuzz_jEJKVIl0Q,transfer_3,1234,blur,self,427,manila:132,nairobi:20,15.679997,36.1773
nairobi_query_4_8wDQ5TQuzz_jEJKVIl0Q,isotropic,5678,blur,self,320,manila:132,nairobi:20,15.679997,36.1773
nairobi_query_4_8wDQ5TQuzz_jEJKVIl0Q,white_box,5678,blur,self,73,amman:23,nairobi:20,15.680000,36.1773
nairobi_query_4_8wDQ5TQuzz_jEJKVIl0Q,transfer_1,5678,blur,self,340,manila:132,nairobi:20,15.680000,36.1773
nairobi_query_4_8wDQ5TQuzz_jEJKVIl0Q,transfer_2,5678,blur,self,203,manila:132,nairobi:20,15.680000,36.1773
nairobi_query_4_8wDQ5TQuzz_jEJKVIl0Q,transfer_3,5678,blur,self,438,manila:132,nairobi:20,15.679997,36.1773
nairobi_query_4_8wDQ5TQuzz_jEJKVIl0Q,isotropic,9012,blur,self,294,manila:132,nairobi:20,15.680000,36.1773
nairobi_query_4_8wDQ5TQuzz_jEJKVIl0Q,white_box,9012,blur,self,114,manila:51,nairobi:20,15.680000,36.1773
nairobi_query_4_8wDQ5TQuzz_jEJKVIl0Q,transfer_1,9012,blur,self,240,manila:132,nairobi:20,15.679998,36.1773
nairobi_query_4_8wDQ5TQuzz_jEJKVIl0Q,transfer_2,9012,blur,self,267,manila:132,nairobi:20,15.680000,36.1773
nairobi_query_4_8wDQ5TQuzz_jEJKVIl0Q,transfer_3,9012,blur,self,317,manila:132,nairobi:20,15.679998,36.1773
toronto_query_-OZxhiQ5zPqGdSRrqUMKfQ,isotropic,1234,blur,self,1,toronto:151,toronto:151,15.679997,36.1773
toronto_query_-OZxhiQ5zPqGdSRrqUMKfQ,white_box,1234,blur,self,129,manila:190,toronto:151,15.680001,36.1773
toronto_query_-OZxhiQ5zPqGdSRrqUMKfQ,transfer_1,1234,blur,self,1,toronto:151,toronto:151,15.679998,36.1773
toronto_query_-OZxhiQ5zPqGdSRrqUMKfQ,transfer_2,1234,blur,self,1,toronto:151,toronto:151,15.680000,36.1773
toronto_query_-OZxhiQ5zPqGdSRrqUMKfQ,transfer_3,1234,blur,self,6,toronto:197,toronto:151,15.680001,36.1773
toronto_query_-OZxhiQ5zPqGdSRrqUMKfQ,isotropic,5678,blur,self,1,toronto:151,toronto:151,15.680000,36.1773
toronto_query_-OZxhiQ5zPqGdSRrqUMKfQ,white_box,5678,blur,self,275,london:28,toronto:151,15.679997,36.1773
toronto_query_-OZxhiQ5zPqGdSRrqUMKfQ,transfer_1,5678,blur,self,1,toronto:151,toronto:151,15.679997,36.1773
toronto_query_-OZxhiQ5zPqGdSRrqUMKfQ,transfer_2,5678,blur,self,1,toronto:151,toronto:151,15.679998,36.1773
toronto_query_-OZxhiQ5zPqGdSRrqUMKfQ,transfer_3,5678,blur,self,3,toronto:197,toronto:151,15.680000,36.1773
toronto_query_-OZxhiQ5zPqGdSRrqUMKfQ,isotropic,9012,blur,self,1,toronto:151,toronto:151,15.680000,36.1773
toronto_query_-OZxhiQ5zPqGdSRrqUMKfQ,white_box,9012,blur,self,208,london:34,toronto:151,15.679997,36.1773
toronto_query_-OZxhiQ5zPqGdSRrqUMKfQ,transfer_1,9012,blur,self,1,toronto:151,toronto:151,15.680000,36.1773
toronto_query_-OZxhiQ5zPqGdSRrqUMKfQ,transfer_2,9012,blur,self,1,toronto:151,toronto:151,15.680000,36.1773
toronto_query_-OZxhiQ5zPqGdSRrqUMKfQ,transfer_3,9012,blur,self,6,toronto:197,toronto:151,15.680000,36.1773
zurich_query_0zEmJXMA03W0EBFP74wRVQ,isotropic,1234,blur,self,1,zurich:60,zurich:60,15.679998,36.1773
zurich_query_0zEmJXMA03W0EBFP74wRVQ,white_box,1234,blur,self,615,manila:153,zurich:60,15.679997,36.1773
zurich_query_0zEmJXMA03W0EBFP74wRVQ,transfer_1,1234,blur,self,1,zurich:60,zurich:60,15.680001,36.1773
zurich_query_0zEmJXMA03W0EBFP74wRVQ,transfer_2,1234,blur,self,1,zurich:60,zurich:60,15.680000,36.1773
zurich_query_0zEmJXMA03W0EBFP74wRVQ,transfer_3,1234,blur,self,3,toronto:23,zurich:60,15.679997,36.1773
zurich_query_0zEmJXMA03W0EBFP74wRVQ,isotropic,5678,blur,self,1,zurich:60,zurich:60,15.680000,36.1773
zurich_query_0zEmJXMA03W0EBFP74wRVQ,white_box,5678,blur,self,600,london:28,zurich:60,15.679996,36.1773
zurich_query_0zEmJXMA03W0EBFP74wRVQ,transfer_1,5678,blur,self,4,amman:22,zurich:60,15.680001,36.1773
zurich_query_0zEmJXMA03W0EBFP74wRVQ,transfer_2,5678,blur,self,3,london:122,zurich:60,15.679997,36.1773
zurich_query_0zEmJXMA03W0EBFP74wRVQ,transfer_3,5678,blur,self,1,zurich:60,zurich:60,15.680000,36.1773
zurich_query_0zEmJXMA03W0EBFP74wRVQ,isotropic,9012,blur,self,1,zurich:60,zurich:60,15.680000,36.1773
zurich_query_0zEmJXMA03W0EBFP74wRVQ,white_box,9012,blur,self,301,london:28,zurich:60,15.679998,36.1773
zurich_query_0zEmJXMA03W0EBFP74wRVQ,transfer_1,9012,blur,self,4,amman:22,zurich:60,15.679997,36.1773
zurich_query_0zEmJXMA03W0EBFP74wRVQ,transfer_2,9012,blur,self,3,manila:13,zurich:60,15.680000,36.1773
zurich_query_0zEmJXMA03W0EBFP74wRVQ,transfer_3,9012,blur,self,6,toronto:23,zurich:60,15.680000,36.1773
amman_query_2pZlZDNh_3B-gECdtvklWQ,isotropic,1234,blur,self,82,toronto:426,amman:29,15.680000,36.1773
amman_query_2pZlZDNh_3B-gECdtvklWQ,white_box,1234,blur,self,266,boston:249,amman:29,15.680000,36.1773
amman_query_2pZlZDNh_3B-gECdtvklWQ,transfer_1,1234,blur,self,154,toronto:426,amman:29,15.680000,36.1773
amman_query_2pZlZDNh_3B-gECdtvklWQ,transfer_2,1234,blur,self,101,toronto:426,amman:29,15.679998,36.1773
amman_query_2pZlZDNh_3B-gECdtvklWQ,transfer_3,1234,blur,self,92,toronto:426,amman:29,15.680000,36.1773
amman_query_2pZlZDNh_3B-gECdtvklWQ,isotropic,5678,blur,self,63,toronto:426,amman:29,15.680000,36.1773
amman_query_2pZlZDNh_3B-gECdtvklWQ,white_box,5678,blur,self,102,manila:54,amman:29,15.679998,36.1773
amman_query_2pZlZDNh_3B-gECdtvklWQ,transfer_1,5678,blur,self,78,toronto:426,amman:29,15.679997,36.1773
amman_query_2pZlZDNh_3B-gECdtvklWQ,transfer_2,5678,blur,self,82,toronto:426,amman:29,15.680001,36.1773
amman_query_2pZlZDNh_3B-gECdtvklWQ,transfer_3,5678,blur,self,56,toronto:426,amman:29,15.680000,36.1773
amman_query_2pZlZDNh_3B-gECdtvklWQ,isotropic,9012,blur,self,72,toronto:426,amman:29,15.680000,36.1773
amman_query_2pZlZDNh_3B-gECdtvklWQ,white_box,9012,blur,self,67,london:34,amman:29,15.680000,36.1773
amman_query_2pZlZDNh_3B-gECdtvklWQ,transfer_1,9012,blur,self,91,toronto:426,amman:29,15.679997,36.1773
amman_query_2pZlZDNh_3B-gECdtvklWQ,transfer_2,9012,blur,self,154,toronto:426,amman:29,15.679997,36.1773
amman_query_2pZlZDNh_3B-gECdtvklWQ,transfer_3,9012,blur,self,62,toronto:426,amman:29,15.679997,36.1773
boston_query_-Zk-uQZzECPhvd8WV6mxhQ,isotropic,1234,blur,self,4,cph:176,boston:216,15.679998,36.1773
boston_query_-Zk-uQZzECPhvd8WV6mxhQ,white_box,1234,blur,self,23,manila:190,boston:216,15.679997,36.1773
boston_query_-Zk-uQZzECPhvd8WV6mxhQ,transfer_1,1234,blur,self,1,boston:216,boston:216,15.680000,36.1773
boston_query_-Zk-uQZzECPhvd8WV6mxhQ,transfer_2,1234,blur,self,1,boston:216,boston:216,15.679997,36.1773
boston_query_-Zk-uQZzECPhvd8WV6mxhQ,transfer_3,1234,blur,self,1,boston:216,boston:216,15.679997,36.1773
boston_query_-Zk-uQZzECPhvd8WV6mxhQ,isotropic,5678,blur,self,2,cph:464,boston:216,15.679997,36.1773
boston_query_-Zk-uQZzECPhvd8WV6mxhQ,white_box,5678,blur,self,11,manila:190,boston:216,15.680000,36.1773
boston_query_-Zk-uQZzECPhvd8WV6mxhQ,transfer_1,5678,blur,self,2,boston:79,boston:216,15.679998,36.1773
boston_query_-Zk-uQZzECPhvd8WV6mxhQ,transfer_2,5678,blur,self,3,toronto:354,boston:216,15.679997,36.1773
boston_query_-Zk-uQZzECPhvd8WV6mxhQ,transfer_3,5678,blur,self,2,boston:123,boston:216,15.679997,36.1773
boston_query_-Zk-uQZzECPhvd8WV6mxhQ,isotropic,9012,blur,self,2,cph:464,boston:216,15.680000,36.1773
boston_query_-Zk-uQZzECPhvd8WV6mxhQ,white_box,9012,blur,self,4,manila:143,boston:216,15.679998,36.1773
boston_query_-Zk-uQZzECPhvd8WV6mxhQ,transfer_1,9012,blur,self,3,cph:464,boston:216,15.680001,36.1773
boston_query_-Zk-uQZzECPhvd8WV6mxhQ,transfer_2,9012,blur,self,2,amman:0,boston:216,15.680000,36.1773
boston_query_-Zk-uQZzECPhvd8WV6mxhQ,transfer_3,9012,blur,self,6,toronto:346,boston:216,15.679997,36.1773
cph_query_-YjbrleIz5WKWE1Rmmo4fg,isotropic,1234,blur,self,1,cph:279,cph:279,15.679997,36.1773
cph_query_-YjbrleIz5WKWE1Rmmo4fg,white_box,1234,blur,self,18,amman:29,cph:279,15.680000,36.1773
cph_query_-YjbrleIz5WKWE1Rmmo4fg,transfer_1,1234,blur,self,1,cph:279,cph:279,15.679997,36.1773
cph_query_-YjbrleIz5WKWE1Rmmo4fg,transfer_2,1234,blur,self,1,cph:279,cph:279,15.679997,36.1773
cph_query_-YjbrleIz5WKWE1Rmmo4fg,transfer_3,1234,blur,self,2,london:126,cph:279,15.679998,36.1773
cph_query_-YjbrleIz5WKWE1Rmmo4fg,isotropic,5678,blur,self,1,cph:279,cph:279,15.679997,36.1773
cph_query_-YjbrleIz5WKWE1Rmmo4fg,white_box,5678,blur,self,388,manila:51,cph:279,15.680000,36.1773
cph_query_-YjbrleIz5WKWE1Rmmo4fg,transfer_1,5678,blur,self,1,cph:279,cph:279,15.679998,36.1773
cph_query_-YjbrleIz5WKWE1Rmmo4fg,transfer_2,5678,blur,self,1,cph:279,cph:279,15.679997,36.1773
cph_query_-YjbrleIz5WKWE1Rmmo4fg,transfer_3,5678,blur,self,1,cph:279,cph:279,15.680001,36.1773
cph_query_-YjbrleIz5WKWE1Rmmo4fg,isotropic,9012,blur,self,1,cph:279,cph:279,15.679998,36.1773
cph_query_-YjbrleIz5WKWE1Rmmo4fg,white_box,9012,blur,self,149,manila:51,cph:279,15.680000,36.1773
cph_query_-YjbrleIz5WKWE1Rmmo4fg,transfer_1,9012,blur,self,1,cph:279,cph:279,15.680001,36.1773
cph_query_-YjbrleIz5WKWE1Rmmo4fg,transfer_2,9012,blur,self,3,amman:30,cph:279,15.680001,36.1773
cph_query_-YjbrleIz5WKWE1Rmmo4fg,transfer_3,9012,blur,self,5,amman:32,cph:279,15.679997,36.1773
london_query_0LQj6exgKdVQbIBlQAVcrw,isotropic,1234,blur,self,34,manila:163,london:73,15.679998,36.1773
london_query_0LQj6exgKdVQbIBlQAVcrw,white_box,1234,blur,self,115,manila:51,london:73,15.680000,36.1773
london_query_0LQj6exgKdVQbIBlQAVcrw,transfer_1,1234,blur,self,41,cph:296,london:73,15.679998,36.1773
london_query_0LQj6exgKdVQbIBlQAVcrw,transfer_2,1234,blur,self,21,cph:296,london:73,15.680000,36.1773
london_query_0LQj6exgKdVQbIBlQAVcrw,transfer_3,1234,blur,self,22,cph:296,london:73,15.680000,36.1773
london_query_0LQj6exgKdVQbIBlQAVcrw,isotropic,5678,blur,self,41,london:21,london:73,15.680000,36.1773
london_query_0LQj6exgKdVQbIBlQAVcrw,white_box,5678,blur,self,929,manila:106,london:73,15.679998,36.1773
london_query_0LQj6exgKdVQbIBlQAVcrw,transfer_1,5678,blur,self,31,cph:296,london:73,15.679997,36.1773
london_query_0LQj6exgKdVQbIBlQAVcrw,transfer_2,5678,blur,self,29,cph:296,london:73,15.680000,36.1773
london_query_0LQj6exgKdVQbIBlQAVcrw,transfer_3,5678,blur,self,23,cph:296,london:73,15.679998,36.1773
london_query_0LQj6exgKdVQbIBlQAVcrw,isotropic,9012,blur,self,36,manila:163,london:73,15.679997,36.1773
london_query_0LQj6exgKdVQbIBlQAVcrw,white_box,9012,blur,self,256,manila:183,london:73,15.679998,36.1773
london_query_0LQj6exgKdVQbIBlQAVcrw,transfer_1,9012,blur,self,33,cph:296,london:73,15.679998,36.1773
london_query_0LQj6exgKdVQbIBlQAVcrw,transfer_2,9012,blur,self,22,cph:296,london:73,15.679998,36.1773
london_query_0LQj6exgKdVQbIBlQAVcrw,transfer_3,9012,blur,self,50,cph:296,london:73,15.679998,36.1773
manila_query_-fizm8lmdD_ORe0_j5qnJQ,isotropic,1234,blur,self,25,boston:34,manila:6,15.679997,36.1773
manila_query_-fizm8lmdD_ORe0_j5qnJQ,white_box,1234,blur,self,111,boston:34,manila:6,15.679998,36.1773
manila_query_-fizm8lmdD_ORe0_j5qnJQ,transfer_1,1234,blur,self,23,boston:34,manila:6,15.680000,36.1773
manila_query_-fizm8lmdD_ORe0_j5qnJQ,transfer_2,1234,blur,self,41,manila:190,manila:6,15.679997,36.1773
manila_query_-fizm8lmdD_ORe0_j5qnJQ,transfer_3,1234,blur,self,85,boston:34,manila:6,15.679998,36.1773
manila_query_-fizm8lmdD_ORe0_j5qnJQ,isotropic,5678,blur,self,24,boston:34,manila:6,15.680002,36.1773
manila_query_-fizm8lmdD_ORe0_j5qnJQ,white_box,5678,blur,self,72,boston:123,manila:6,15.679997,36.1773
manila_query_-fizm8lmdD_ORe0_j5qnJQ,transfer_1,5678,blur,self,24,boston:34,manila:6,15.680001,36.1773
manila_query_-fizm8lmdD_ORe0_j5qnJQ,transfer_2,5678,blur,self,32,boston:34,manila:6,15.679998,36.1773
manila_query_-fizm8lmdD_ORe0_j5qnJQ,transfer_3,5678,blur,self,58,boston:234,manila:6,15.680000,36.1773
manila_query_-fizm8lmdD_ORe0_j5qnJQ,isotropic,9012,blur,self,25,boston:34,manila:6,15.679997,36.1773
manila_query_-fizm8lmdD_ORe0_j5qnJQ,white_box,9012,blur,self,64,boston:149,manila:6,15.680000,36.1773
manila_query_-fizm8lmdD_ORe0_j5qnJQ,transfer_1,9012,blur,self,34,boston:234,manila:6,15.679997,36.1773
manila_query_-fizm8lmdD_ORe0_j5qnJQ,transfer_2,9012,blur,self,45,boston:34,manila:6,15.679997,36.1773
manila_query_-fizm8lmdD_ORe0_j5qnJQ,transfer_3,9012,blur,self,52,boston:34,manila:6,15.680000,36.1773
nairobi_query_4otBu8pxIHc7lXwh66bqHQ,isotropic,1234,blur,self,1999,boston:249,nairobi:2,15.680000,36.1773
nairobi_query_4otBu8pxIHc7lXwh66bqHQ,white_box,1234,blur,self,1990,manila:163,nairobi:2,15.679997,36.1773
nairobi_query_4otBu8pxIHc7lXwh66bqHQ,transfer_1,1234,blur,self,1999,boston:249,nairobi:2,15.680000,36.1773
nairobi_query_4otBu8pxIHc7lXwh66bqHQ,transfer_2,1234,blur,self,2000,boston:249,nairobi:2,15.679997,36.1773
nairobi_query_4otBu8pxIHc7lXwh66bqHQ,transfer_3,1234,blur,self,2000,zurich:19,nairobi:2,15.680000,36.1773
nairobi_query_4otBu8pxIHc7lXwh66bqHQ,isotropic,5678,blur,self,1999,boston:249,nairobi:2,15.680000,36.1773
nairobi_query_4otBu8pxIHc7lXwh66bqHQ,white_box,5678,blur,self,2000,london:15,nairobi:2,15.679997,36.1773
nairobi_query_4otBu8pxIHc7lXwh66bqHQ,transfer_1,5678,blur,self,2000,boston:249,nairobi:2,15.680001,36.1773
nairobi_query_4otBu8pxIHc7lXwh66bqHQ,transfer_2,5678,blur,self,1999,amman:26,nairobi:2,15.679997,36.1773
nairobi_query_4otBu8pxIHc7lXwh66bqHQ,transfer_3,5678,blur,self,1973,boston:123,nairobi:2,15.679997,36.1773
nairobi_query_4otBu8pxIHc7lXwh66bqHQ,isotropic,9012,blur,self,1999,boston:249,nairobi:2,15.679998,36.1773
nairobi_query_4otBu8pxIHc7lXwh66bqHQ,white_box,9012,blur,self,2000,london:15,nairobi:2,15.680000,36.1773
nairobi_query_4otBu8pxIHc7lXwh66bqHQ,transfer_1,9012,blur,self,1999,boston:249,nairobi:2,15.679997,36.1773
nairobi_query_4otBu8pxIHc7lXwh66bqHQ,transfer_2,9012,blur,self,2000,boston:249,nairobi:2,15.680001,36.1773
nairobi_query_4otBu8pxIHc7lXwh66bqHQ,transfer_3,9012,blur,self,2000,boston:144,nairobi:2,15.680002,36.1773
toronto_query_-Pkw8dqFfD76K-CZ7pnCVQ,isotropic,1234,blur,self,94,toronto:185,toronto:258,15.679996,36.1773
toronto_query_-Pkw8dqFfD76K-CZ7pnCVQ,white_box,1234,blur,self,105,manila:106,toronto:258,15.679998,36.1773
toronto_query_-Pkw8dqFfD76K-CZ7pnCVQ,transfer_1,1234,blur,self,90,boston:176,toronto:258,15.680000,36.1773
toronto_query_-Pkw8dqFfD76K-CZ7pnCVQ,transfer_2,1234,blur,self,106,toronto:185,toronto:258,15.679998,36.1773
toronto_query_-Pkw8dqFfD76K-CZ7pnCVQ,transfer_3,1234,blur,self,169,zurich:42,toronto:258,15.680001,36.1773
toronto_query_-Pkw8dqFfD76K-CZ7pnCVQ,isotropic,5678,blur,self,94,toronto:185,toronto:258,15.679997,36.1773
toronto_query_-Pkw8dqFfD76K-CZ7pnCVQ,white_box,5678,blur,self,466,boston:99,toronto:258,15.680000,36.1773
toronto_query_-Pkw8dqFfD76K-CZ7pnCVQ,transfer_1,5678,blur,self,110,toronto:185,toronto:258,15.680000,36.1773
toronto_query_-Pkw8dqFfD76K-CZ7pnCVQ,transfer_2,5678,blur,self,55,toronto:185,toronto:258,15.679997,36.1773
toronto_query_-Pkw8dqFfD76K-CZ7pnCVQ,transfer_3,5678,blur,self,255,boston:123,toronto:258,15.680001,36.1773
toronto_query_-Pkw8dqFfD76K-CZ7pnCVQ,isotropic,9012,blur,self,68,toronto:185,toronto:258,15.679996,36.1773
toronto_query_-Pkw8dqFfD76K-CZ7pnCVQ,white_box,9012,blur,self,74,manila:92,toronto:258,15.680000,36.1773
toronto_query_-Pkw8dqFfD76K-CZ7pnCVQ,transfer_1,9012,blur,self,139,toronto:185,toronto:258,15.679997,36.1773
toronto_query_-Pkw8dqFfD76K-CZ7pnCVQ,transfer_2,9012,blur,self,82,toronto:185,toronto:258,15.680000,36.1773
toronto_query_-Pkw8dqFfD76K-CZ7pnCVQ,transfer_3,9012,blur,self,126,toronto:185,toronto:258,15.679997,36.1773
zurich_query_1-8NWRY7HPTPq2lkQitPfw,isotropic,1234,blur,self,35,cph:356,zurich:103,15.680001,36.1773
zurich_query_1-8NWRY7HPTPq2lkQitPfw,white_box,1234,blur,self,1,zurich:103,zurich:103,15.680000,36.1773
zurich_query_1-8NWRY7HPTPq2lkQitPfw,transfer_1,1234,blur,self,12,cph:345,zurich:103,15.680001,36.1773
zurich_query_1-8NWRY7HPTPq2lkQitPfw,transfer_2,1234,blur,self,22,cph:345,zurich:103,15.679998,36.1773
zurich_query_1-8NWRY7HPTPq2lkQitPfw,transfer_3,1234,blur,self,6,cph:345,zurich:103,15.680000,36.1773
zurich_query_1-8NWRY7HPTPq2lkQitPfw,isotropic,5678,blur,self,10,amman:31,zurich:103,15.679997,36.1773
zurich_query_1-8NWRY7HPTPq2lkQitPfw,white_box,5678,blur,self,128,boston:145,zurich:103,15.679998,36.1773
zurich_query_1-8NWRY7HPTPq2lkQitPfw,transfer_1,5678,blur,self,15,cph:297,zurich:103,15.680000,36.1773
zurich_query_1-8NWRY7HPTPq2lkQitPfw,transfer_2,5678,blur,self,10,cph:345,zurich:103,15.679997,36.1773
zurich_query_1-8NWRY7HPTPq2lkQitPfw,transfer_3,5678,blur,self,3,cph:345,zurich:103,15.679998,36.1773
zurich_query_1-8NWRY7HPTPq2lkQitPfw,isotropic,9012,blur,self,34,cph:356,zurich:103,15.679996,36.1773
zurich_query_1-8NWRY7HPTPq2lkQitPfw,white_box,9012,blur,self,38,boston:234,zurich:103,15.680000,36.1773
zurich_query_1-8NWRY7HPTPq2lkQitPfw,transfer_1,9012,blur,self,19,cph:345,zurich:103,15.679998,36.1773
zurich_query_1-8NWRY7HPTPq2lkQitPfw,transfer_2,9012,blur,self,2,cph:345,zurich:103,15.680000,36.1773
zurich_query_1-8NWRY7HPTPq2lkQitPfw,transfer_3,9012,blur,self,3,cph:345,zurich:103,15.680001,36.1773
amman_query_2rTDzpKAZdmx5K2aSyos9w,isotropic,1234,blur,self,97,amman:25,amman:11,15.680000,36.1773
amman_query_2rTDzpKAZdmx5K2aSyos9w,white_box,1234,blur,self,245,boston:168,amman:11,15.679997,36.1773
amman_query_2rTDzpKAZdmx5K2aSyos9w,transfer_1,1234,blur,self,152,boston:99,amman:11,15.679997,36.1773
amman_query_2rTDzpKAZdmx5K2aSyos9w,transfer_2,1234,blur,self,151,zurich:30,amman:11,15.680000,36.1773
amman_query_2rTDzpKAZdmx5K2aSyos9w,transfer_3,1234,blur,self,73,nairobi:1,amman:11,15.679997,36.1773
amman_query_2rTDzpKAZdmx5K2aSyos9w,isotropic,5678,blur,self,98,amman:25,amman:11,15.679997,36.1773
amman_query_2rTDzpKAZdmx5K2aSyos9w,white_box,5678,blur,self,244,london:125,amman:11,15.680000,36.1773
amman_query_2rTDzpKAZdmx5K2aSyos9w,transfer_1,5678,blur,self,142,zurich:30,amman:11,15.679998,36.1773
amman_query_2rTDzpKAZdmx5K2aSyos9w,transfer_2,5678,blur,self,82,amman:0,amman:11,15.679997,36.1773
amman_query_2rTDzpKAZdmx5K2aSyos9w,transfer_3,5678,blur,self,180,amman:25,amman:11,15.680001,36.1773
amman_query_2rTDzpKAZdmx5K2aSyos9w,isotropic,9012,blur,self,117,amman:25,amman:11,15.680000,36.1773
amman_query_2rTDzpKAZdmx5K2aSyos9w,white_box,9012,blur,self,171,amman:18,amman:11,15.679997,36.1773
amman_query_2rTDzpKAZdmx5K2aSyos9w,transfer_1,9012,blur,self,171,boston:99,amman:11,15.679998,36.1773
amman_query_2rTDzpKAZdmx5K2aSyos9w,transfer_2,9012,blur,self,196,amman:25,amman:11,15.680000,36.1773
amman_query_2rTDzpKAZdmx5K2aSyos9w,transfer_3,9012,blur,self,160,amman:25,amman:11,15.679997,36.1773
boston_query_-_69BJwJSLQGnzQD20QsOg,isotropic,1234,blur,self,364,manila:6,boston:27,15.679996,36.1773
boston_query_-_69BJwJSLQGnzQD20QsOg,white_box,1234,blur,self,178,manila:92,boston:27,15.680000,36.1773
boston_query_-_69BJwJSLQGnzQD20QsOg,transfer_1,1234,blur,self,224,cph:271,boston:27,15.680000,36.1773
boston_query_-_69BJwJSLQGnzQD20QsOg,transfer_2,1234,blur,self,162,cph:271,boston:27,15.680000,36.1773
boston_query_-_69BJwJSLQGnzQD20QsOg,transfer_3,1234,blur,self,238,cph:271,boston:27,15.679997,36.1773
boston_query_-_69BJwJSLQGnzQD20QsOg,isotropic,5678,blur,self,332,manila:6,boston:27,15.679996,36.1773
boston_query_-_69BJwJSLQGnzQD20QsOg,white_box,5678,blur,self,191,toronto:55,boston:27,15.680000,36.1773
boston_query_-_69BJwJSLQGnzQD20QsOg,transfer_1,5678,blur,self,405,manila:6,boston:27,15.679997,36.1773
boston_query_-_69BJwJSLQGnzQD20QsOg,transfer_2,5678,blur,self,211,cph:271,boston:27,15.680002,36.1773
boston_query_-_69BJwJSLQGnzQD20QsOg,transfer_3,5678,blur,self,336,toronto:426,boston:27,15.680000,36.1773
boston_query_-_69BJwJSLQGnzQD20QsOg,isotropic,9012,blur,self,358,manila:6,boston:27,15.680001,36.1773
boston_query_-_69BJwJSLQGnzQD20QsOg,white_box,9012,blur,self,723,toronto:236,boston:27,15.680000,36.1773
boston_query_-_69BJwJSLQGnzQD20QsOg,transfer_1,9012,blur,self,371,manila:6,boston:27,15.679998,36.1773
boston_query_-_69BJwJSLQGnzQD20QsOg,transfer_2,9012,blur,self,152,manila:6,boston:27,15.680000,36.1773
boston_query_-_69BJwJSLQGnzQD20QsOg,transfer_3,9012,blur,self,332,toronto:426,boston:27,15.679997,36.1773
cph_query_-YnFOjTmnQhpLwXt2EJ1QQ,isotropic,1234,blur,self,480,amman:25,cph:264,15.679996,36.1773
cph_query_-YnFOjTmnQhpLwXt2EJ1QQ,white_box,1234,blur,self,1557,manila:183,cph:264,15.680001,36.1773
cph_query_-YnFOjTmnQhpLwXt2EJ1QQ,transfer_1,1234,blur,self,843,toronto:301,cph:264,15.680000,36.1773
cph_query_-YnFOjTmnQhpLwXt2EJ1QQ,transfer_2,1234,blur,self,779,toronto:301,cph:264,15.679997,36.1773
cph_query_-YnFOjTmnQhpLwXt2EJ1QQ,transfer_3,1234,blur,self,907,toronto:244,cph:264,15.679997,36.1773
cph_query_-YnFOjTmnQhpLwXt2EJ1QQ,isotropic,5678,blur,self,374,cph:243,cph:264,15.680002,36.1773
cph_query_-YnFOjTmnQhpLwXt2EJ1QQ,white_box,5678,blur,self,1422,toronto:55,cph:264,15.679998,36.1773
cph_query_-YnFOjTmnQhpLwXt2EJ1QQ,transfer_1,5678,blur,self,783,amman:25,cph:264,15.680000,36.1773
cph_query_-YnFOjTmnQhpLwXt2EJ1QQ,transfer_2,5678,blur,self,394,amman:30,cph:264,15.680001,36.1773
cph_query_-YnFOjTmnQhpLwXt2EJ1QQ,transfer_3,5678,blur,self,1139,boston:98,cph:264,15.680000,36.1773
cph_query_-YnFOjTmnQhpLwXt2EJ1QQ,isotropic,9012,blur,self,659,cph:243,cph:264,15.679997,36.1773
cph_query_-YnFOjTmnQhpLwXt2EJ1QQ,white_box,9012,blur,self,1738,toronto:273,cph:264,15.679998,36.1773
cph_query_-YnFOjTmnQhpLwXt2EJ1QQ,transfer_1,9012,blur,self,155,toronto:301,cph:264,15.680000,36.1773
cph_query_-YnFOjTmnQhpLwXt2EJ1QQ,transfer_2,9012,blur,self,704,toronto:301,cph:264,15.679997,36.1773
cph_query_-YnFOjTmnQhpLwXt2EJ1QQ,transfer_3,9012,blur,self,964,boston:98,cph:264,15.680000,36.1773
london_query_0M3fNwl2Fi82PVH3lDRsCg,isotropic,1234,blur,self,1,london:34,london:34,15.680002,36.1773
london_query_0M3fNwl2Fi82PVH3lDRsCg,white_box,1234,blur,self,13,manila:13,london:34,15.679997,36.1773
london_query_0M3fNwl2Fi82PVH3lDRsCg,transfer_1,1234,blur,self,1,london:34,london:34,15.679997,36.1773
london_query_0M3fNwl2Fi82PVH3lDRsCg,transfer_2,1234,blur,self,1,london:34,london:34,15.679997,36.1773
london_query_0M3fNwl2Fi82PVH3lDRsCg,transfer_3,1234,blur,self,1,london:34,london:34,15.679997,36.1773
london_query_0M3fNwl2Fi82PVH3lDRsCg,isotropic,5678,blur,self,1,london:34,london:34,15.679997,36.1773
london_query_0M3fNwl2Fi82PVH3lDRsCg,white_box,5678,blur,self,12,amman:11,london:34,15.679997,36.1773
london_query_0M3fNwl2Fi82PVH3lDRsCg,transfer_1,5678,blur,self,1,london:34,london:34,15.680000,36.1773
london_query_0M3fNwl2Fi82PVH3lDRsCg,transfer_2,5678,blur,self,1,london:34,london:34,15.679998,36.1773
london_query_0M3fNwl2Fi82PVH3lDRsCg,transfer_3,5678,blur,self,1,london:34,london:34,15.680001,36.1773
london_query_0M3fNwl2Fi82PVH3lDRsCg,isotropic,9012,blur,self,1,london:34,london:34,15.680002,36.1773
london_query_0M3fNwl2Fi82PVH3lDRsCg,white_box,9012,blur,self,7,amman:26,london:34,15.680000,36.1773
london_query_0M3fNwl2Fi82PVH3lDRsCg,transfer_1,9012,blur,self,1,london:34,london:34,15.679997,36.1773
london_query_0M3fNwl2Fi82PVH3lDRsCg,transfer_2,9012,blur,self,1,london:34,london:34,15.679997,36.1773
london_query_0M3fNwl2Fi82PVH3lDRsCg,transfer_3,9012,blur,self,1,london:34,london:34,15.679998,36.1773
manila_query_-hNuMbgiWK_ZPELfuWj5FQ,isotropic,1234,blur,self,17,manila:13,manila:89,15.680001,36.1773
manila_query_-hNuMbgiWK_ZPELfuWj5FQ,white_box,1234,blur,self,342,nairobi:20,manila:89,15.680000,36.1773
manila_query_-hNuMbgiWK_ZPELfuWj5FQ,transfer_1,1234,blur,self,31,manila:13,manila:89,15.680000,36.1773
manila_query_-hNuMbgiWK_ZPELfuWj5FQ,transfer_2,1234,blur,self,45,manila:13,manila:89,15.680000,36.1773
manila_query_-hNuMbgiWK_ZPELfuWj5FQ,transfer_3,1234,blur,self,29,manila:13,manila:89,15.680000,36.1773
manila_query_-hNuMbgiWK_ZPELfuWj5FQ,isotropic,5678,blur,self,21,manila:13,manila:89,15.679997,36.1773
manila_query_-hNuMbgiWK_ZPELfuWj5FQ,white_box,5678,blur,self,290,manila:72,manila:89,15.680000,36.1773
manila_query_-hNuMbgiWK_ZPELfuWj5FQ,transfer_1,5678,blur,self,20,manila:13,manila:89,15.680000,36.1773
manila_query_-hNuMbgiWK_ZPELfuWj5FQ,transfer_2,5678,blur,self,45,manila:13,manila:89,15.680000,36.1773
manila_query_-hNuMbgiWK_ZPELfuWj5FQ,transfer_3,5678,blur,self,11,manila:13,manila:89,15.679997,36.1773
manila_query_-hNuMbgiWK_ZPELfuWj5FQ,isotropic,9012,blur,self,18,manila:13,manila:89,15.680000,36.1773
manila_query_-hNuMbgiWK_ZPELfuWj5FQ,white_box,9012,blur,self,165,manila:190,manila:89,15.680000,36.1773
manila_query_-hNuMbgiWK_ZPELfuWj5FQ,transfer_1,9012,blur,self,43,manila:13,manila:89,15.680001,36.1773
manila_query_-hNuMbgiWK_ZPELfuWj5FQ,transfer_2,9012,blur,self,17,manila:143,manila:89,15.679998,36.1773
manila_query_-hNuMbgiWK_ZPELfuWj5FQ,transfer_3,9012,blur,self,19,manila:143,manila:89,15.679997,36.1773
nairobi_query_5ISN1dRvjgJI9rd6GbusNQ,isotropic,1234,blur,self,25,nairobi:4,nairobi:3,15.680002,36.1773
nairobi_query_5ISN1dRvjgJI9rd6GbusNQ,white_box,1234,blur,self,388,manila:20,nairobi:3,15.680000,36.1773
nairobi_query_5ISN1dRvjgJI9rd6GbusNQ,transfer_1,1234,blur,self,52,nairobi:4,nairobi:3,15.679997,36.1773
nairobi_query_5ISN1dRvjgJI9rd6GbusNQ,transfer_2,1234,blur,self,99,boston:79,nairobi:3,15.679997,36.1773
nairobi_query_5ISN1dRvjgJI9rd6GbusNQ,transfer_3,1234,blur,self,25,boston:79,nairobi:3,15.680000,36.1773
nairobi_query_5ISN1dRvjgJI9rd6GbusNQ,isotropic,5678,blur,self,28,nairobi:4,nairobi:3,15.679996,36.1773
nairobi_query_5ISN1dRvjgJI9rd6GbusNQ,white_box,5678,blur,self,257,manila:106,nairobi:3,15.680000,36.1773
nairobi_query_5ISN1dRvjgJI9rd6GbusNQ,transfer_1,5678,blur,self,33,manila:190,nairobi:3,15.679998,36.1773
nairobi_query_5ISN1dRvjgJI9rd6GbusNQ,transfer_2,5678,blur,self,31,boston:79,nairobi:3,15.679998,36.1773
nairobi_query_5ISN1dRvjgJI9rd6GbusNQ,transfer_3,5678,blur,self,17,nairobi:4,nairobi:3,15.680001,36.1773
nairobi_query_5ISN1dRvjgJI9rd6GbusNQ,isotropic,9012,blur,self,59,nairobi:4,nairobi:3,15.679997,36.1773
nairobi_query_5ISN1dRvjgJI9rd6GbusNQ,white_box,9012,blur,self,52,manila:190,nairobi:3,15.679997,36.1773
nairobi_query_5ISN1dRvjgJI9rd6GbusNQ,transfer_1,9012,blur,self,22,boston:79,nairobi:3,15.679998,36.1773
nairobi_query_5ISN1dRvjgJI9rd6GbusNQ,transfer_2,9012,blur,self,50,boston:79,nairobi:3,15.679998,36.1773
nairobi_query_5ISN1dRvjgJI9rd6GbusNQ,transfer_3,9012,blur,self,41,boston:79,nairobi:3,15.680000,36.1773
toronto_query_-PuMS2UqNh7dbLLfWE37yg,isotropic,1234,blur,self,5,toronto:236,toronto:273,15.679998,36.1773
toronto_query_-PuMS2UqNh7dbLLfWE37yg,white_box,1234,blur,self,336,boston:244,toronto:273,15.680000,36.1773
toronto_query_-PuMS2UqNh7dbLLfWE37yg,transfer_1,1234,blur,self,2,toronto:236,toronto:273,15.679997,36.1773
toronto_query_-PuMS2UqNh7dbLLfWE37yg,transfer_2,1234,blur,self,5,toronto:236,toronto:273,15.680001,36.1773
toronto_query_-PuMS2UqNh7dbLLfWE37yg,transfer_3,1234,blur,self,12,toronto:251,toronto:273,15.679998,36.1773
toronto_query_-PuMS2UqNh7dbLLfWE37yg,isotropic,5678,blur,self,5,toronto:251,toronto:273,15.679997,36.1773
toronto_query_-PuMS2UqNh7dbLLfWE37yg,white_box,5678,blur,self,203,zurich:44,toronto:273,15.679998,36.1773
toronto_query_-PuMS2UqNh7dbLLfWE37yg,transfer_1,5678,blur,self,5,toronto:236,toronto:273,15.679997,36.1773
toronto_query_-PuMS2UqNh7dbLLfWE37yg,transfer_2,5678,blur,self,5,toronto:236,toronto:273,15.679997,36.1773
toronto_query_-PuMS2UqNh7dbLLfWE37yg,transfer_3,5678,blur,self,9,toronto:236,toronto:273,15.679998,36.1773
toronto_query_-PuMS2UqNh7dbLLfWE37yg,isotropic,9012,blur,self,4,toronto:236,toronto:273,15.679997,36.1773
toronto_query_-PuMS2UqNh7dbLLfWE37yg,white_box,9012,blur,self,162,boston:99,toronto:273,15.680001,36.1773
toronto_query_-PuMS2UqNh7dbLLfWE37yg,transfer_1,9012,blur,self,5,toronto:236,toronto:273,15.680000,36.1773
toronto_query_-PuMS2UqNh7dbLLfWE37yg,transfer_2,9012,blur,self,6,toronto:251,toronto:273,15.680001,36.1773
toronto_query_-PuMS2UqNh7dbLLfWE37yg,transfer_3,9012,blur,self,6,cph:242,toronto:273,15.680002,36.1773
zurich_query_1-TXtjFv1nAkC2AZXfhuDg,isotropic,1234,blur,self,192,cph:271,zurich:23,15.680000,36.1773
zurich_query_1-TXtjFv1nAkC2AZXfhuDg,white_box,1234,blur,self,867,zurich:5,zurich:23,15.679997,36.1773
zurich_query_1-TXtjFv1nAkC2AZXfhuDg,transfer_1,1234,blur,self,309,boston:79,zurich:23,15.679997,36.1773
zurich_query_1-TXtjFv1nAkC2AZXfhuDg,transfer_2,1234,blur,self,330,zurich:42,zurich:23,15.680000,36.1773
zurich_query_1-TXtjFv1nAkC2AZXfhuDg,transfer_3,1234,blur,self,393,boston:191,zurich:23,15.679998,36.1773
zurich_query_1-TXtjFv1nAkC2AZXfhuDg,isotropic,5678,blur,self,192,cph:271,zurich:23,15.679997,36.1773
zurich_query_1-TXtjFv1nAkC2AZXfhuDg,white_box,5678,blur,self,974,manila:92,zurich:23,15.679997,36.1773
zurich_query_1-TXtjFv1nAkC2AZXfhuDg,transfer_1,5678,blur,self,304,toronto:301,zurich:23,15.679997,36.1773
zurich_query_1-TXtjFv1nAkC2AZXfhuDg,transfer_2,5678,blur,self,357,zurich:42,zurich:23,15.680000,36.1773
zurich_query_1-TXtjFv1nAkC2AZXfhuDg,transfer_3,5678,blur,self,304,zurich:19,zurich:23,15.680001,36.1773
zurich_query_1-TXtjFv1nAkC2AZXfhuDg,isotropic,9012,blur,self,185,amman:23,zurich:23,15.680001,36.1773
zurich_query_1-TXtjFv1nAkC2AZXfhuDg,white_box,9012,blur,self,365,boston:168,zurich:23,15.680000,36.1773
zurich_query_1-TXtjFv1nAkC2AZXfhuDg,transfer_1,9012,blur,self,348,boston:79,zurich:23,15.679997,36.1773
zurich_query_1-TXtjFv1nAkC2AZXfhuDg,transfer_2,9012,blur,self,519,zurich:42,zurich:23,15.679998,36.1773
zurich_query_1-TXtjFv1nAkC2AZXfhuDg,transfer_3,9012,blur,self,273,zurich:42,zurich:23,15.679997,36.1773
