query_id,condition,seed,sanitizer,objective,correct_rank,top1_place,correct_place,effective_mse,psnr
amman_query_-39Q9edqZUArYHa41OPDoQ,isotropic,1234,jpeg50,self,1,amman:31,amman:31,15.680000,36.1773
amman_query_-39Q9edqZUArYHa41OPDoQ,white_box,1234,jpeg50,self,31,boston:168,amman:31,15.679996,36.1773
amman_query_-39Q9edqZUArYHa41OPDoQ,transfer_1,1234,jpeg50,self,1,amman:31,amman:31,15.679997,36.1773
amman_query_-39Q9edqZUArYHa41OPDoQ,transfer_2,1234,jpeg50,self,1,amman:31,amman:31,15.679997,36.1773
amman_query_-39Q9edqZUArYHa41OPDoQ,transfer_3,1234,jpeg50,self,5,nairobi:12,amman:31,15.679997,36.1773
amman_query_-39Q9edqZUArYHa41OPDoQ,isotropic,5678,jpeg50,self,2,amman:23,amman:31,15.679997,36.1773
amman_query_-39Q9edqZUArYHa41OPDoQ,white_box,5678,jpeg50,self,33,zurich:35,amman:31,15.680000,36.1773
amman_query_-39Q9edqZUArYHa41OPDoQ,transfer_1,5678,jpeg50,self,1,amman:31,amman:31,15.680000,36.1773
amman_query_-39Q9edqZUArYHa41OPDoQ,transfer_2,5678,jpeg50,self,1,amman:31,amman:31,15.680000,36.1773
amman_query_-39Q9edqZUArYHa41OPDoQ,transfer_3,5678,jpeg50,self,3,boston:168,amman:31,15.679997,36.1773
amman_query_-39Q9edqZUArYHa41OPDoQ,isotropic,9012,jpeg50,self,4,amman:23,amman:31,15.680000,36.1773
amman_query_-39Q9edqZUArYHa41OPDoQ,white_box,9012,jpeg50,self,7,manila:106,amman:31,15.680000,36.1773
amman_query_-39Q9edqZUArYHa41OPDoQ,transfer_1,9012,jpeg50,self,1,amman:31,amman:31,15.680002,36.1773
amman_query_-39Q9edqZUArYHa41OPDoQ,transfer_2,9012,jpeg50,self,1,amman:31,amman:31,15.679997,36.1773
amman_query_-39Q9edqZUArYHa41OPDoQ,transfer_3,9012,jpeg50,self,1,amman:31,amman:31,15.680002,36.1773
boston_query_--LUAhgqzqNM6FyWSJ-Dsw,isotropic,1234,jpeg50,self,1,boston:87,boston:87,15.679998,36.1773
boston_query_--LUAhgqzqNM6FyWSJ-Dsw,white_box,1234,jpeg50,self,1,boston:87,boston:87,15.679996,36.1773
boston_query_--LUAhgqzqNM6FyWSJ-Dsw,transfer_1,1234,jpeg50,self,1,boston:87,boston:87,15.679998,36.1773
boston_query_--LUAhgqzqNM6FyWSJ-Dsw,transfer_2,1234,jpeg50,self,1,boston:87,boston:87,15.679997,36.1773
boston_query_--LUAhgqzqNM6FyWSJ-Dsw,transfer_3,1234,jpeg50,self,1,boston:87,boston:87,15.680000,36.1773
boston_query_--LUAhgqzqNM6FyWSJ-Dsw,isotropic,5678,jpeg50,self,1,boston:87,boston:87,15.679997,36.1773
boston_query_--LUAhgqzqNM6FyWSJ-Dsw,white_box,5678,jpeg50,self,10,boston:47,boston:87,15.679998,36.1773
boston_query_--LUAhgqzqNM6FyWSJ-Dsw,transfer_1,5678,jpeg50,self,1,boston:87,boston:87,15.680000,36.1773
boston_query_--LUAhgqzqNM6FyWSJ-Dsw,transfer_2,5678,jpeg50,self,1,boston:87,boston:87,15.680001,36.1773
boston_query_--LUAhgqzqNM6FyWSJ-Dsw,transfer_3,5678,jpeg50,self,1,boston:87,boston:87,15.679997,36.1773
boston_query_--LUAhgqzqNM6FyWSJ-Dsw,isotropic,9012,jpeg50,self,1,boston:87,boston:87,15.680000,36.1773
boston_query_--LUAhgqzqNM6FyWSJ-Dsw,white_box,9012,jpeg50,self,59,nairobi:7,boston:87,15.679997,36.1773
boston_query_--LUAhgqzqNM6FyWSJ-Dsw,transfer_1,9012,jpeg50,self,1,boston:87,boston:87,15.680000,36.1773
boston_query_--LUAhgqzqNM6FyWSJ-Dsw,transfer_2,9012,jpeg50,self,1,boston:87,boston:87,15.679997,36.1773
boston_query_--LUAhgqzqNM6FyWSJ-Dsw,transfer_3,9012,jpeg50,self,1,boston:87,boston:87,15.680000,36.1773
cph_query_--FyHVca3HP-QgUmcAvToA,isotropic,1234,jpeg50,self,208,boston:19,cph:208,15.680000,36.1773
cph_query_--FyHVca3HP-QgUmcAvToA,white_box,1234,jpeg50,self,85,zurich:19,cph:208,15.680000,36.1773
cph_query_--FyHVca3HP-QgUmcAvToA,transfer_1,1234,jpeg50,self,127,zurich:35,cph:208,15.679997,36.1773
cph_query_--FyHVca3HP-QgUmcAvToA,transfer_2,1234,jpeg50,self,121,zurich:35,cph:208,15.679997,36.1773
cph_query_--FyHVca3HP-QgUmcAvToA,transfer_3,1234,jpeg50,self,109,boston:19,cph:208,15.679998,36.1773
cph_query_--FyHVca3HP-QgUmcAvToA,isotropic,5678,jpeg50,self,116,zurich:35,cph:208,15.680000,36.1773
cph_query_--FyHVca3HP-QgUmcAvToA,white_box,5678,jpeg50,self,297,zurich:19,cph:208,15.680000,36.1773
cph_query_--FyHVca3HP-QgUmcAvToA,transfer_1,5678,jpeg50,self,149,boston:19,cph:208,15.679997,36.1773
cph_query_--FyHVca3HP-QgUmcAvToA,transfer_2,5678,jpeg50,self,136,zurich:19,cph:208,15.679997,36.1773
cph_query_--FyHVca3HP-QgUmcAvToA,transfer_3,5678,jpeg50,self,62,toronto:23,cph:208,15.680000,36.1773
cph_query_--FyHVca3HP-QgUmcAvToA,isotropic,9012,jpeg50,self,137,boston:19,cph:208,15.679997,36.1773
cph_query_--FyHVca3HP-QgUmcAvToA,white_box,9012,jpeg50,self,110,manila:67,cph:208,15.680001,36.1773
cph_query_--FyHVca3HP-QgUmcAvToA,transfer_1,9012,jpeg50,self,176,zurich:35,cph:208,15.679996,36.1773
cph_query_--FyHVca3HP-QgUmcAvToA,transfer_2,9012,jpeg50,self,81,boston:19,cph:208,15.680000,36.1773
cph_query_--FyHVca3HP-QgUmcAvToA,transfer_3,9012,jpeg50,self,85,boston:19,cph:208,15.679997,36.1773
london_query_-0u7VsCOCAmwH4RFsN5BoA,isotropic,1234,jpeg50,self,154,toronto:102,london:51,15.679998,36.1773
london_query_-0u7VsCOCAmwH4RFsN5BoA,white_box,1234,jpeg50,self,223,manila:177,london:51,15.679998,36.1773
london_query_-0u7VsCOCAmwH4RFsN5BoA,transfer_1,1234,jpeg50,self,234,toronto:102,london:51,15.680000,36.1773
london_query_-0u7VsCOCAmwH4RFsN5BoA,transfer_2,1234,jpeg50,self,212,toronto:102,london:51,15.679997,36.1773
london_query_-0u7VsCOCAmwH4RFsN5BoA,transfer_3,1234,jpeg50,self,122,amman:31,london:51,15.679997,36.1773
london_query_-0u7VsCOCAmwH4RFsN5BoA,isotropic,5678,jpeg50,self,211,zurich:61,london:51,15.679997,36.1773
london_query_-0u7VsCOCAmwH4RFsN5BoA,white_box,5678,jpeg50,self,415,cph:71,london:51,15.679996,36.1773
london_query_-0u7VsCOCAmwH4RFsN5BoA,transfer_1,5678,jpeg50,self,236,toronto:102,london:51,15.679998,36.1773
london_query_-0u7VsCOCAmwH4RFsN5BoA,transfer_2,5678,jpeg50,self,148,toronto:102,london:51,15.679998,36.1773
london_query_-0u7VsCOCAmwH4RFsN5BoA,transfer_3,5678,jpeg50,self,162,nairobi:22,london:51,15.680000,36.1773
london_query_-0u7VsCOCAmwH4RFsN5BoA,isotropic,9012,jpeg50,self,184,toronto:102,london:51,15.680000,36.1773
london_query_-0u7VsCOCAmwH4RFsN5BoA,white_box,9012,jpeg50,self,250,amman:31,london:51,15.679997,36.1773
london_query_-0u7VsCOCAmwH4RFsN5BoA,transfer_1,9012,jpeg50,self,202,zurich:61,london:51,15.680000,36.1773
london_query_-0u7VsCOCAmwH4RFsN5BoA,transfer_2,9012,jpeg50,self,249,toronto:102,london:51,15.680000,36.1773
london_query_-0u7VsCOCAmwH4RFsN5BoA,transfer_3,9012,jpeg50,self,156,toronto:102,london:51,15.680000,36.1773
manila_query_-10kuZ2TqVxJ-YLQJl2uqA,isotropic,1234,jpeg50,self,105,manila:135,manila:102,15.680000,36.1773
manila_query_-10kuZ2TqVxJ-YLQJl2uqA,white_box,1234,jpeg50,self,76,boston:237,manila:102,15.680000,36.1773
manila_query_-10kuZ2TqVxJ-YLQJl2uqA,transfer_1,1234,jpeg50,self,115,manila:135,manila:102,15.680000,36.1773
manila_query_-10kuZ2TqVxJ-YLQJl2uqA,transfer_2,1234,jpeg50,self,131,manila:135,manila:102,15.679998,36.1773
manila_query_-10kuZ2TqVxJ-YLQJl2uqA,transfer_3,1234,jpeg50,self,96,manila:67,manila:102,15.680001,36.1773
manila_query_-10kuZ2TqVxJ-YLQJl2uqA,isotropic,5678,jpeg50,self,99,manila:135,manila:102,15.680000,36.1773
manila_query_-10kuZ2TqVxJ-YLQJl2uqA,white_box,5678,jpeg50,self,80,manila:190,manila:102,15.680000,36.1773
manila_query_-10kuZ2TqVxJ-YLQJl2uqA,transfer_1,5678,jpeg50,self,84,manila:135,manila:102,15.680000,36.1773
manila_query_-10kuZ2TqVxJ-YLQJl2uqA,transfer_2,5678,jpeg50,self,59,manila:190,manila:102,15.679998,36.1773
manila_query_-10kuZ2TqVxJ-YLQJl2uqA,transfer_3,5678,jpeg50,self,62,manila:190,manila:102,15.679996,36.1773
manila_query_-10kuZ2TqVxJ-YLQJl2uqA,isotropic,9012,jpeg50,self,128,manila:135,manila:102,15.680000,36.1773
manila_query_-10kuZ2TqVxJ-YLQJl2uqA,white_box,9012,jpeg50,self,99,manila:190,manila:102,15.680000,36.1773
manila_query_-10kuZ2TqVxJ-YLQJl2uqA,transfer_1,9012,jpeg50,self,78,manila:135,manila:102,15.680002,36.1773
manila_query_-10kuZ2TqVxJ-YLQJl2uqA,transfer_2,9012,jpeg50,self,128,manila:135,manila:102,15.679997,36.1773
manila_query_-10kuZ2TqVxJ-YLQJl2uqA,transfer_3,9012,jpeg50,self,87,toronto:274,manila:102,15.680001,36.1773
nairobi_query_-K4R8iYrz9LwQ7wia8JZtQ,isotropic,1234,jpeg50,self,1999,amman:11,nairobi:2,15.680000,36.1773
nairobi_query_-K4R8iYrz9LwQ7wia8JZtQ,white_box,1234,jpeg50,self,2000,london:62,nairobi:2,15.679997,36.1773
nairobi_query_-K4R8iYrz9LwQ7wia8JZtQ,transfer_1,1234,jpeg50,self,1999,amman:23,nairobi:2,15.679998,36.1773
nairobi_query_-K4R8iYrz9LwQ7wia8JZtQ,transfer_2,1234,jpeg50,self,2000,boston:249,nairobi:2,15.679997,36.1773
nairobi_query_-K4R8iYrz9LwQ7wia8JZtQ,transfer_3,1234,jpeg50,self,2000,amman:23,nairobi:2,15.679997,36.1773
nairobi_query_-K4R8iYrz9LwQ7wia8JZtQ,isotropic,5678,jpeg50,self,2000,amman:23,nairobi:2,15.680000,36.1773
nairobi_query_-K4R8iYrz9LwQ7wia8JZtQ,white_box,5678,jpeg50,self,2000,london:2,nairobi:2,15.679998,36.1773
nairobi_query_-K4R8iYrz9LwQ7wia8JZtQ,transfer_1,5678,jpeg50,self,2000,amman:23,nairobi:2,15.680000,36.1773
nairobi_query_-K4R8iYrz9LwQ7wia8JZtQ,transfer_2,5678,jpeg50,self,2000,amman:11,nairobi:2,15.680000,36.1773
nairobi_query_-K4R8iYrz9LwQ7wia8JZtQ,transfer_3,5678,jpeg50,self,2000,amman:23,nairobi:2,15.680001,36.1773
nairobi_query_-K4R8iYrz9LwQ7wia8JZtQ,isotropic,9012,jpeg50,self,1999,amman:11,nairobi:2,15.680000,36.1773
nairobi_query_-K4R8iYrz9LwQ7wia8JZtQ,white_box,9012,jpeg50,self,2000,manila:87,nairobi:2,15.680002,36.1773
nairobi_query_-K4R8iYrz9LwQ7wia8JZtQ,transfer_1,9012,jpeg50,self,1999,zurich:19,nairobi:2,15.680001,36.1773
nairobi_query_-K4R8iYrz9LwQ7wia8JZtQ,transfer_2,9012,jpeg50,self,2000,boston:249,nairobi:2,15.679997,36.1773
nairobi_query_-K4R8iYrz9LwQ7wia8JZtQ,transfer_3,9012,jpeg50,self,2000,amman:23,nairobi:2,15.679997,36.1773
toronto_query_-1caqsIDW4YpUBZB98J9uV,isotropic,1234,jpeg50,self,28,cph:464,toronto:33,15.679997,36.1773
toronto_query_-1caqsIDW4YpUBZB98J9uV,white_box,1234,jpeg50,self,282,toronto:244,toronto:33,15.680001,36.1773
toronto_query_-1caqsIDW4YpUBZB98J9uV,transfer_1,1234,jpeg50,self,8,cph:464,toronto:33,15.680001,36.1773
toronto_query_-1caqsIDW4YpUBZB98J9uV,transfer_2,1234,jpeg50,self,19,amman:12,toronto:33,15.680000,36.1773
toronto_query_-1caqsIDW4YpUBZB98J9uV,transfer_3,1234,jpeg50,self,19,amman:18,toronto:33,15.680001,36.1773
toronto_query_-1caqsIDW4YpUBZB98J9uV,isotropic,5678,jpeg50,self,20,cph:464,toronto:33,15.679997,36.1773
toronto_query_-1caqsIDW4YpUBZB98J9uV,white_box,5678,jpeg50,self,210,manila:13,toronto:33,15.679997,36.1773
toronto_query_-1caqsIDW4YpUBZB98J9uV,transfer_1,5678,jpeg50,self,13,cph:464,toronto:33,15.679997,36.1773
toronto_query_-1caqsIDW4YpUBZB98J9uV,transfer_2,5678,jpeg50,self,29,cph:464,toronto:33,15.680000,36.1773
toronto_query_-1caqsIDW4YpUBZB98J9uV,transfer_3,5678,jpeg50,self,66,cph:464,toronto:33,15.679997,36.1773
toronto_query_-1caqsIDW4YpUBZB98J9uV,isotropic,9012,jpeg50,self,45,cph:464,toronto:33,15.680000,36.1773
toronto_query_-1caqsIDW4YpUBZB98J9uV,white_box,9012,jpeg50,self,216,boston:168,toronto:33,15.680000,36.1773
toronto_query_-1caqsIDW4YpUBZB98J9uV,transfer_1,9012,jpeg50,self,5,cph:464,toronto:33,15.680000,36.1773
toronto_query_-1caqsIDW4YpUBZB98J9uV,transfer_2,9012,jpeg50,self,15,cph:464,toronto:33,15.679998,36.1773
toronto_query_-1caqsIDW4YpUBZB98J9uV,transfer_3,9012,jpeg50,self,24,nairobi:22,toronto:33,15.680000,36.1773
zurich_query_--RjvuIbkJiPNJknyeZN_Q,isotropic,1234,jpeg50,self,275,boston:234,zurich:64,15.679998,36.1773
zurich_query_--RjvuIbkJiPNJknyeZN_Q,white_box,1234,jpeg50,self,820,cph:271,zurich:64,15.680000,36.1773
zurich_query_--RjvuIbkJiPNJknyeZN_Q,transfer_1,1234,jpeg50,self,441,boston:234,zurich:64,15.679997,36.1773
zurich_query_--RjvuIbkJiPNJknyeZN_Q,transfer_2,1234,jpeg50,self,607,boston:234,zurich:64,15.679998,36.1773
zurich_query_--RjvuIbkJiPNJknyeZN_Q,transfer_3,1234,jpeg50,self,398,boston:234,zurich:64,15.680000,36.1773
zurich_query_--RjvuIbkJiPNJknyeZN_Q,isotropic,5678,jpeg50,self,353,cph:271,zurich:64,15.680000,36.1773
zurich_query_--RjvuIbkJiPNJknyeZN_Q,white_box,5678,jpeg50,self,740,zurich:19,zurich:64,15.679997,36.1773
zurich_query_--RjvuIbkJiPNJknyeZN_Q,transfer_1,5678,jpeg50,self,614,boston:249,zurich:64,15.679997,36.1773
zurich_query_--RjvuIbkJiPNJknyeZN_Q,transfer_2,5678,jpeg50,self,475,boston:234,zurich:64,15.680000,36.1773
zurich_query_--RjvuIbkJiPNJknyeZN_Q,transfer_3,5678,jpeg50,self,274,boston:79,zurich:64,15.680000,36.1773
zurich_query_--RjvuIbkJiPNJknyeZN_Q,isotropic,9012,jpeg50,self,343,amman:23,zurich:64,15.679997,36.1773
zurich_query_--RjvuIbkJiPNJknyeZN_Q,white_box,9012,jpeg50,self,538,boston:244,zurich:64,15.679998,36.1773
zurich_query_--RjvuIbkJiPNJknyeZN_Q,transfer_1,9012,jpeg50,self,441,boston:234,zurich:64,15.680000,36.1773
zurich_query_--RjvuIbkJiPNJknyeZN_Q,transfer_2,9012,jpeg50,self,512,boston:249,zurich:64,15.680000,36.1773
zurich_query_--RjvuIbkJiPNJknyeZN_Q,transfer_3,9012,jpeg50,self,465,zurich:19,zurich:64,15.680001,36.1773
amman_query_-6eEB_fS2eePRNUql6vOrQ,isotropic,1234,jpeg50,self,1,amman:21,amman:21,15.680000,36.1773
amman_query_-6eEB_fS2eePRNUql6vOrQ,white_box,1234,jpeg50,self,5,amman:23,amman:21,15.680000,36.1773
amman_query_-6eEB_fS2eePRNUql6vOrQ,transfer_1,1234,jpeg50,self,1,amman:21,amman:21,15.679998,36.1773
amman_query_-6eEB_fS2eePRNUql6vOrQ,transfer_2,1234,jpeg50,self,1,amman:21,amman:21,15.679997,36.1773
amman_query_-6eEB_fS2eePRNUql6vOrQ,transfer_3,1234,jpeg50,self,4,amman:23,amman:21,15.679998,36.1773
amman_query_-6eEB_fS2eePRNUql6vOrQ,isotropic,5678,jpeg50,self,1,amman:21,amman:21,15.680000,36.1773
amman_query_-6eEB_fS2eePRNUql6vOrQ,white_box,5678,jpeg50,self,3,amman:25,amman:21,15.679998,36.1773
amman_query_-6eEB_fS2eePRNUql6vOrQ,transfer_1,5678,jpeg50,self,1,amman:21,amman:21,15.680000,36.1773
amman_query_-6eEB_fS2eePRNUql6vOrQ,transfer_2,5678,jpeg50,self,4,amman:23,amman:21,15.680000,36.1773
amman_query_-6eEB_fS2eePRNUql6vOrQ,transfer_3,5678,jpeg50,self,2,amman:23,amman:21,15.680000,36.1773
amman_query_-6eEB_fS2eePRNUql6vOrQ,isotropic,9012,jpeg50,self,1,amman:21,amman:21,15.679997,36.1773
amman_query_-6eEB_fS2eePRNUql6vOrQ,white_box,9012,jpeg50,self,3,amman:23,amman:21,15.679997,36.1773
amman_query_-6eEB_fS2eePRNUql6vOrQ,transfer_1,9012,jpeg50,self,1,amman:21,amman:21,15.680001,36.1773
amman_query_-6eEB_fS2eePRNUql6vOrQ,transfer_2,9012,jpeg50,self,3,amman:23,amman:21,15.680000,36.1773
amman_query_-6eEB_fS2eePRNUql6vOrQ,transfer_3,9012,jpeg50,self,1,amman:21,amman:21,15.680001,36.1773
boston_query_--VtRctVkqAafFr5b_6GXg,isotropic,1234,jpeg50,self,320,manila:109,boston:262,15.680000,36.1773
boston_query_--VtRctVkqAafFr5b_6GXg,white_box,1234,jpeg50,self,956,amman:1,boston:262,15.680000,36.1773
boston_query_--VtRctVkqAafFr5b_6GXg,transfer_1,1234,jpeg50,self,475,cph:464,boston:262,15.680001,36.1773
boston_query_--VtRctVkqAafFr5b_6GXg,transfer_2,1234,jpeg50,self,650,amman:35,boston:262,15.679997,36.1773
boston_query_--VtRctVkqAafFr5b_6GXg,transfer_3,1234,jpeg50,self,374,zurich:42,boston:262,15.680002,36.1773
boston_query_--VtRctVkqAafFr5b_6GXg,isotropic,5678,jpeg50,self,351,cph:464,boston:262,15.680000,36.1773
boston_query_--VtRctVkqAafFr5b_6GXg,white_box,5678,jpeg50,self,713,amman:35,boston:262,15.680000,36.1773
boston_query_--VtRctVkqAafFr5b_6GXg,transfer_1,5678,jpeg50,self,649,cph:464,boston:262,15.680000,36.1773
boston_query_--VtRctVkqAafFr5b_6GXg,transfer_2,5678,jpeg50,self,564,amman:35,boston:262,15.680000,36.1773
boston_query_--VtRctVkqAafFr5b_6GXg,transfer_3,5678,jpeg50,self,329,amman:35,boston:262,15.679997,36.1773
boston_query_--VtRctVkqAafFr5b_6GXg,isotropic,9012,jpeg50,self,385,manila:109,boston:262,15.680000,36.1773
boston_query_--VtRctVkqAafFr5b_6GXg,white_box,9012,jpeg50,self,589,amman:0,boston:262,15.679998,36.1773
boston_query_--VtRctVkqAafFr5b_6GXg,transfer_1,9012,jpeg50,self,511,cph:464,boston:262,15.679997,36.1773
boston_query_--VtRctVkqAafFr5b_6GXg,transfer_2,9012,jpeg50,self,690,cph:464,boston:262,15.679998,36.1773
boston_query_--VtRctVkqAafFr5b_6GXg,transfer_3,9012,jpeg50,self,442,amman:35,boston:262,15.680000,36.1773
cph_query_--kN3Y3n0x47vWa8WX-a8w,isotropic,1234,jpeg50,self,1,cph:162,cph:162,15.679997,36.1773
cph_query_--kN3Y3n0x47vWa8WX-a8w,white_box,1234,jpeg50,self,7,zurich:33,cph:162,15.679997,36.1773
cph_query_--kN3Y3n0x47vWa8WX-a8w,transfer_1,1234,jpeg50,self,1,cph:162,cph:162,15.680000,36.1773
cph_query_--kN3Y3n0x47vWa8WX-a8w,transfer_2,1234,jpeg50,self,1,cph:162,cph:162,15.680000,36.1773
cph_query_--kN3Y3n0x47vWa8WX-a8w,transfer_3,1234,jpeg50,self,1,cph:162,cph:162,15.679997,36.1773
cph_query_--kN3Y3n0x47vWa8WX-a8w,isotropic,5678,jpeg50,self,1,cph:162,cph:162,15.680000,36.1773
cph_query_--kN3Y3n0x47vWa8WX-a8w,white_box,5678,jpeg50,self,2,zurich:111,cph:162,15.679997,36.1773
cph_query_--kN3Y3n0x47vWa8WX-a8w,transfer_1,5678,jpeg50,self,1,cph:162,cph:162,15.680000,36.1773
cph_query_--kN3Y3n0x47vWa8WX-a8w,transfer_2,5678,jpeg50,self,1,cph:162,cph:162,15.680001,36.1773
cph_query_--kN3Y3n0x47vWa8WX-a8w,transfer_3,5678,jpeg50,self,4,cph:464,cph:162,15.680000,36.1773
cph_query_--kN3Y3n0x47vWa8WX-a8w,isotropic,9012,jpeg50,self,1,cph:162,cph:162,15.679998,36.1773
cph_query_--kN3Y3n0x47vWa8WX-a8w,white_box,9012,jpeg50,self,6,nairobi:10,cph:162,15.679996,36.1773
cph_query_--kN3Y3n0x47vWa8WX-a8w,transfer_1,9012,jpeg50,self,1,cph:162,cph:162,15.679998,36.1773
cph_query_--kN3Y3n0x47vWa8WX-a8w,transfer_2,9012,jpeg50,self,1,cph:162,cph:162,15.680001,36.1773
cph_query_--kN3Y3n0x47vWa8WX-a8w,transfer_3,9012,jpeg50,self,1,cph:162,cph:162,15.680000,36.1773
london_query_-4Vq2O1PhPmG6WK-yV402Q,isotropic,1234,jpeg50,self,1,london:2,london:2,15.679997,36.1773
london_query_-4Vq2O1PhPmG6WK-yV402Q,white_box,1234,jpeg50,self,28,boston:249,london:2,15.679998,36.1773
london_query_-4Vq2O1PhPmG6WK-yV402Q,transfer_1,1234,jpeg50,self,3,london:119,london:2,15.679998,36.1773
london_query_-4Vq2O1PhPmG6WK-yV402Q,transfer_2,1234,jpeg50,self,4,manila:163,london:2,15.679997,36.1773
london_query_-4Vq2O1PhPmG6WK-yV402Q,transfer_3,1234,jpeg50,self,2,zurich:104,london:2,15.680000,36.1773
london_query_-4Vq2O1PhPmG6WK-yV402Q,isotropic,5678,jpeg50,self,1,london:2,london:2,15.680000,36.1773
london_query_-4Vq2O1PhPmG6WK-yV402Q,white_box,5678,jpeg50,self,15,boston:249,london:2,15.680000,36.1773
london_query_-4Vq2O1PhPmG6WK-yV402Q,transfer_1,5678,jpeg50,self,1,london:2,london:2,15.679997,36.1773
london_query_-4Vq2O1PhPmG6WK-yV402Q,transfer_2,5678,jpeg50,self,1,london:2,london:2,15.680000,36.1773
london_query_-4Vq2O1PhPmG6WK-yV402Q,transfer_3,5678,jpeg50,self,7,zurich:104,london:2,15.679997,36.1773
london_query_-4Vq2O1PhPmG6WK-yV402Q,isotropic,9012,jpeg50,self,1,london:2,london:2,15.679996,36.1773
london_query_-4Vq2O1PhPmG6WK-yV402Q,white_box,9012,jpeg50,self,31,manila:181,london:2,15.679997,36.1773
london_query_-4Vq2O1PhPmG6WK-yV402Q,transfer_1,9012,jpeg50,self,4,cph:271,london:2,15.680001,36.1773
london_query_-4Vq2O1PhPmG6WK-yV402Q,transfer_2,9012,jpeg50,self,3,london:119,london:2,15.680001,36.1773
london_query_-4Vq2O1PhPmG6WK-yV402Q,transfer_3,9012,jpeg50,self,6,manila:163,london:2,15.679998,36.1773
manila_query_-10rV9IlRhgTnk5e_QJbgA,isotropic,1234,jpeg50,self,992,manila:116,manila:142,15.680001,36.1773
manila_query_-10rV9IlRhgTnk5e_QJbgA,white_box,1234,jpeg50,self,126,boston:171,manila:142,15.680000,36.1773
manila_query_-10rV9IlRhgTnk5e_QJbgA,transfer_1,1234,jpeg50,self,1038,manila:116,manila:142,15.680000,36.1773
manila_query_-10rV9IlRhgTnk5e_QJbgA,transfer_2,1234,jpeg50,self,844,manila:116,manila:142,15.679998,36.1773
manila_query_-10rV9IlRhgTnk5e_QJbgA,transfer_3,1234,jpeg50,self,956,zurich:42,manila:142,15.680001,36.1773
manila_query_-10rV9IlRhgTnk5e_QJbgA,isotropic,5678,jpeg50,self,924,manila:116,manila:142,15.679996,36.1773
manila_query_-10rV9IlRhgTnk5e_QJbgA,white_box,5678,jpeg50,self,824,manila:46,manila:142,15.679997,36.1773
manila_query_-10rV9IlRhgTnk5e_QJbgA,transfer_1,5678,jpeg50,self,846,manila:153,manila:142,15.679996,36.1773
manila_query_-10rV9IlRhgTnk5e_QJbgA,transfer_2,5678,jpeg50,self,761,manila:13,manila:142,15.679997,36.1773
manila_query_-10rV9IlRhgTnk5e_QJbgA,transfer_3,5678,jpeg50,self,981,boston:19,manila:142,15.679996,36.1773
manila_query_-10rV9IlRhgTnk5e_QJbgA,isotropic,9012,jpeg50,self,922,manila:116,manila:142,15.680002,36.1773
manila_query_-10rV9IlRhgTnk5e_QJbgA,white_box,9012,jpeg50,self,330,manila:92,manila:142,15.679997,36.1773
manila_query_-10rV9IlRhgTnk5e_QJbgA,transfer_1,9012,jpeg50,self,1024,manila:116,manila:142,15.680000,36.1773
manila_query_-10rV9IlRhgTnk5e_QJbgA,transfer_2,9012,jpeg50,self,1011,amman:23,manila:142,15.680001,36.1773
manila_query_-10rV9IlRhgTnk5e_QJbgA,transfer_3,9012,jpeg50,self,902,boston:171,manila:142,15.680000,36.1773
nairobi_query_-cS3FR1RBElNB48QQHiL0Q,isotropic,1234,jpeg50,self,9,nairobi:22,nairobi:18,15.679998,36.1773
nairobi_query_-cS3FR1RBElNB48QQHiL0Q,white_box,1234,jpeg50,self,201,manila:72,nairobi:18,15.680000,36.1773
nairobi_query_-cS3FR1RBElNB48QQHiL0Q,transfer_1,1234,jpeg50,self,12,boston:191,nairobi:18,15.680000,36.1773
nairobi_query_-cS3FR1RBElNB48QQHiL0Q,transfer_2,1234,jpeg50,self,1,nairobi:18,nairobi:18,15.680000,36.1773
nairobi_query_-cS3FR1RBElNB48QQHiL0Q,transfer_3,1234,jpeg50,self,45,cph:33,nairobi:18,15.679997,36.1773
nairobi_query_-cS3FR1RBElNB48QQHiL0Q,isotropic,5678,jpeg50,self,17,nairobi:22,nairobi:18,15.679997,36.1773
nairobi_query_-cS3FR1RBElNB48QQHiL0Q,white_box,5678,jpeg50,self,20,amman:23,nairobi:18,15.680000,36.1773
nairobi_query_-cS3FR1RBElNB48QQHiL0Q,transfer_1,5678,jpeg50,self,8,boston:191,nairobi:18,15.679997,36.1773
nairobi_query_-cS3FR1RBElNB48QQHiL0Q,transfer_2,5678,jpeg50,self,15,nairobi:22,nairobi:18,15.679997,36.1773
nairobi_query_-cS3FR1RBElNB48QQHiL0Q,transfer_3,5678,jpeg50,self,20,boston:234,nairobi:18,15.679997,36.1773
nairobi_query_-cS3FR1RBElNB48QQHiL0Q,isotropic,9012,jpeg50,self,11,nairobi:22,nairobi:18,15.680000,36.1773
nairobi_query_-cS3FR1RBElNB48QQHiL0Q,white_box,9012,jpeg50,self,71,manila:106,nairobi:18,15.679997,36.1773
nairobi_query_-cS3FR1RBElNB48QQHiL0Q,transfer_1,9012,jpeg50,self,6,amman:32,nairobi:18,15.680000,36.1773
nairobi_query_-cS3FR1RBElNB48QQHiL0Q,transfer_2,9012,jpeg50,self,3,boston:191,nairobi:18,15.680000,36.1773
nairobi_query_-cS3FR1RBElNB48QQHiL0Q,transfer_3,9012,jpeg50,self,3,amman:32,nairobi:18,15.680000,36.1773
toronto_query_-3UT7A8bNUkVBgSLW30-ow,isotropic,1234,jpeg50,self,32,boston:90,toronto:185,15.679997,36.1773
toronto_query_-3UT7A8bNUkVBgSLW30-ow,white_box,1234,jpeg50,self,194,toronto:197,toronto:185,15.679998,36.1773
toronto_query_-3UT7A8bNUkVBgSLW30-ow,transfer_1,1234,jpeg50,self,48,boston:98,toronto:185,15.679997,36.1773
toronto_query_-3UT7A8bNUkVBgSLW30-ow,transfer_2,1234,jpeg50,self,91,boston:98,toronto:185,15.679998,36.1773
toronto_query_-3UT7A8bNUkVBgSLW30-ow,transfer_3,1234,jpeg50,self,105,boston:98,toronto:185,15.680001,36.1773
toronto_query_-3UT7A8bNUkVBgSLW30-ow,isotropic,5678,jpeg50,self,43,toronto:354,toronto:185,15.679997,36.1773
toronto_query_-3UT7A8bNUkVBgSLW30-ow,white_box,5678,jpeg50,self,47,boston:90,toronto:185,15.679997,36.1773
toronto_query_-3UT7A8bNUkVBgSLW30-ow,transfer_1,5678,jpeg50,self,67,boston:98,toronto:185,15.679998,36.1773
toronto_query_-3UT7A8bNUkVBgSLW30-ow,transfer_2,5678,jpeg50,self,32,toronto:354,toronto:185,15.680000,36.1773
toronto_query_-3UT7A8bNUkVBgSLW30-ow,transfer_3,5678,jpeg50,self,114,boston:98,toronto:185,15.680000,36.1773
toronto_query_-3UT7A8bNUkVBgSLW30-ow,isotropic,9012,jpeg50,self,42,toronto:354,toronto:185,15.680000,36.1773
toronto_query_-3UT7A8bNUkVBgSLW30-ow,white_box,9012,jpeg50,self,49,boston:90,toronto:185,15.679997,36.1773
toronto_query_-3UT7A8bNUkVBgSLW30-ow,transfer_1,9012,jpeg50,self,81,boston:98,toronto:185,15.680000,36.1773
toronto_query_-3UT7A8bNUkVBgSLW30-ow,transfer_2,9012,jpeg50,self,163,boston:90,toronto:185,15.680000,36.1773
toronto_query_-3UT7A8bNUkVBgSLW30-ow,transfer_3,9012,jpeg50,self,37,boston:98,toronto:185,15.680000,36.1773
zurich_query_-25E3MQ0PY1vs_FT7mKaUw,isotropic,1234,jpeg50,self,21,cph:464,zurich:13,15.679997,36.1773
zurich_query_-25E3MQ0PY1vs_FT7mKaUw,white_box,1234,jpeg50,self,150,manila:94,zurich:13,15.680000,36.1773
zurich_query_-25E3MQ0PY1vs_FT7mKaUw,transfer_1,1234,jpeg50,self,58,cph:464,zurich:13,15.679998,36.1773
zurich_query_-25E3MQ0PY1vs_FT7mKaUw,transfer_2,1234,jpeg50,self,50,cph:464,zurich:13,15.679998,36.1773
zurich_query_-25E3MQ0PY1vs_FT7mKaUw,transfer_3,1234,jpeg50,self,126,manila:13,zurich:13,15.679997,36.1773
zurich_query_-25E3MQ0PY1vs_FT7mKaUw,isotropic,5678,jpeg50,self,11,cph:464,zurich:13,15.679998,36.1773
zurich_query_-25E3MQ0PY1vs_FT7mKaUw,white_box,5678,jpeg50,self,115,toronto:27,zurich:13,15.680000,36.1773
zurich_query_-25E3MQ0PY1vs_FT7mKaUw,transfer_1,5678,jpeg50,self,20,cph:464,zurich:13,15.680001,36.1773
zurich_query_-25E3MQ0PY1vs_FT7mKaUw,transfer_2,5678,jpeg50,self,104,nairobi:12,zurich:13,15.680001,36.1773
zurich_query_-25E3MQ0PY1vs_FT7mKaUw,transfer_3,5678,jpeg50,self,227,toronto:23,zurich:13,15.680000,36.1773
zurich_query_-25E3MQ0PY1vs_FT7mKaUw,isotropic,9012,jpeg50,self,19,cph:464,zurich:13,15.679998,36.1773
zurich_query_-25E3MQ0PY1vs_FT7mKaUw,white_box,9012,jpeg50,self,212,manila:181,zurich:13,15.679997,36.1773
zurich_query_-25E3MQ0PY1vs_FT7mKaUw,transfer_1,9012,jpeg50,self,144,nairobi:12,zurich:13,15.679997,36.1773
zurich_query_-25E3MQ0PY1vs_FT7mKaUw,transfer_2,9012,jpeg50,self,80,cph:464,zurich:13,15.679998,36.1773
zurich_query_-25E3MQ0PY1vs_FT7mKaUw,transfer_3,9012,jpeg50,self,185,nairobi:12,zurich:13,15.679997,36.1773
amman_query_-BJoV1t0rKwEzk0bsZplVQ,isotropic,1234,jpeg50,self,1776,amman:35,amman:37,15.680000,36.1773
amman_query_-BJoV1t0rKwEzk0bsZplVQ,white_box,1234,jpeg50,self,1943,manila:153,amman:37,15.680001,36.1773
amman_query_-BJoV1t0rKwEzk0bsZplVQ,transfer_1,1234,jpeg50,self,1616,amman:35,amman:37,15.679998,36.1773
amman_query_-BJoV1t0rKwEzk0bsZplVQ,transfer_2,1234,jpeg50,self,1816,toronto:346,amman:37,15.679997,36.1773
amman_query_-BJoV1t0rKwEzk0bsZplVQ,transfer_3,1234,jpeg50,self,1862,toronto:354,amman:37,15.679997,36.1773
amman_query_-BJoV1t0rKwEzk0bsZplVQ,isotropic,5678,jpeg50,self,1739,amman:35,amman:37,15.679997,36.1773
amman_query_-BJoV1t0rKwEzk0bsZplVQ,white_box,5678,jpeg50,self,1987,amman:23,amman:37,15.680000,36.1773
amman_query_-BJoV1t0rKwEzk0bsZplVQ,transfer_1,5678,jpeg50,self,1859,amman:35,amman:37,15.679998,36.1773
amman_query_-BJoV1t0rKwEzk0bsZplVQ,transfer_2,5678,jpeg50,self,1832,amman:35,amman:37,15.679998,36.1773
amman_query_-BJoV1t0rKwEzk0bsZplVQ,transfer_3,5678,jpeg50,self,1894,amman:35,amman:37,15.679998,36.1773
amman_query_-BJoV1t0rKwEzk0bsZplVQ,isotropic,9012,jpeg50,self,1745,amman:35,amman:37,15.680000,36.1773
amman_query_-BJoV1t0rKwEzk0bsZplVQ,white_box,9012,jpeg50,self,1961,amman:23,amman:37,15.680000,36.1773
amman_query_-BJoV1t0rKwEzk0bsZplVQ,transfer_1,9012,jpeg50,self,1803,amman:35,amman:37,15.679998,36.1773
amman_query_-BJoV1t0rKwEzk0bsZplVQ,transfer_2,9012,jpeg50,self,1835,toronto:346,amman:37,15.679998,36.1773
amman_query_-BJoV1t0rKwEzk0bsZplVQ,transfer_3,9012,jpeg50,self,1901,amman:6,amman:37,15.679998,36.1773
boston_query_-0n5FDAuOditKvxIekIbBg,isotropic,1234,jpeg50,self,1,boston:239,boston:239,15.679997,36.1773
boston_query_-0n5FDAuOditKvxIekIbBg,white_box,1234,jpeg50,self,1,boston:239,boston:239,15.679998,36.1773
boston_query_-0n5FDAuOditKvxIekIbBg,transfer_1,1234,jpeg50,self,1,boston:239,boston:239,15.679998,36.1773
boston_query_-0n5FDAuOditKvxIekIbBg,transfer_2,1234,jpeg50,self,1,boston:239,boston:239,15.679997,36.1773
boston_query_-0n5FDAuOditKvxIekIbBg,transfer_3,1234,jpeg50,self,1,boston:239,boston:239,15.680001,36.1773
boston_query_-0n5FDAuOditKvxIekIbBg,isotropic,5678,jpeg50,self,1,boston:239,boston:239,15.680000,36.1773
boston_query_-0n5FDAuOditKvxIekIbBg,white_box,5678,jpeg50,self,2,boston:27,boston:239,15.679997,36.1773
boston_query_-0n5FDAuOditKvxIekIbBg,transfer_1,5678,jpeg50,self,1,boston:239,boston:239,15.680001,36.1773
boston_query_-0n5FDAuOditKvxIekIbBg,transfer_2,5678,jpeg50,self,1,boston:239,boston:239,15.679997,36.1773
boston_query_-0n5FDAuOditKvxIekIbBg,transfer_3,5678,jpeg50,self,2,london:122,boston:239,15.680000,36.1773
boston_query_-0n5FDAuOditKvxIekIbBg,isotropic,9012,jpeg50,self,1,boston:239,boston:239,15.680000,36.1773
boston_query_-0n5FDAuOditKvxIekIbBg,white_box,9012,jpeg50,self,9,manila:51,boston:239,15.679997,36.1773
boston_query_-0n5FDAuOditKvxIekIbBg,transfer_1,9012,jpeg50,self,1,boston:239,boston:239,15.679997,36.1773
boston_query_-0n5FDAuOditKvxIekIbBg,transfer_2,9012,jpeg50,self,1,boston:239,boston:239,15.679997,36.1773
boston_query_-0n5FDAuOditKvxIekIbBg,transfer_3,9012,jpeg50,self,1,boston:239,boston:239,15.680000,36.1773
cph_query_--xKnCCc_4tDGo80iM-A_g,isotropic,1234,jpeg50,self,1,cph:345,cph:345,15.679997,36.1773
cph_query_--xKnCCc_4tDGo80iM-A_g,white_box,1234,jpeg50,self,185,zurich:35,cph:345,15.679997,36.1773
cph_query_--xKnCCc_4tDGo80iM-A_g,transfer_1,1234,jpeg50,self,1,cph:345,cph:345,15.679997,36.1773
cph_query_--xKnCCc_4tDGo80iM-A_g,transfer_2,1234,jpeg50,self,1,cph:345,cph:345,15.680000,36.1773
cph_query_--xKnCCc_4tDGo80iM-A_g,transfer_3,1234,jpeg50,self,4,cph:429,cph:345,15.679997,36.1773
cph_query_--xKnCCc_4tDGo80iM-A_g,isotropic,5678,jpeg50,self,1,cph:345,cph:345,15.679997,36.1773
cph_query_--xKnCCc_4tDGo80iM-A_g,white_box,5678,jpeg50,self,74,cph:94,cph:345,15.680000,36.1773
cph_query_--xKnCCc_4tDGo80iM-A_g,transfer_1,5678,jpeg50,self,1,cph:345,cph:345,15.680001,36.1773
cph_query_--xKnCCc_4tDGo80iM-A_g,transfer_2,5678,jpeg50,self,1,cph:345,cph:345,15.680000,36.1773
cph_query_--xKnCCc_4tDGo80iM-A_g,transfer_3,5678,jpeg50,self,3,cph:429,cph:345,15.680000,36.1773
cph_query_--xKnCCc_4tDGo80iM-A_g,isotropic,9012,jpeg50,self,1,cph:345,cph:345,15.680000,36.1773
cph_query_--xKnCCc_4tDGo80iM-A_g,white_box,9012,jpeg50,self,43,cph:94,cph:345,15.679997,36.1773
cph_query_--xKnCCc_4tDGo80iM-A_g,transfer_1,9012,jpeg50,self,1,cph:345,cph:345,15.680000,36.1773
cph_query_--xKnCCc_4tDGo80iM-A_g,transfer_2,9012,jpeg50,self,2,cph:429,cph:345,15.680000,36.1773
cph_query_--xKnCCc_4tDGo80iM-A_g,transfer_3,9012,jpeg50,self,3,cph:429,cph:345,15.680001,36.1773
london_query_-4pmBOZmF-ynXSkWw5BAew,isotropic,1234,jpeg50,self,1,london:5,london:5,15.680002,36.1773
london_query_-4pmBOZmF-ynXSkWw5BAew,white_box,1234,jpeg50,self,7,manila:116,london:5,15.679997,36.1773
london_query_-4pmBOZmF-ynXSkWw5BAew,transfer_1,1234,jpeg50,self,1,london:5,london:5,15.680000,36.1773
london_query_-4pmBOZmF-ynXSkWw5BAew,transfer_2,1234,jpeg50,self,1,london:5,london:5,15.680000,36.1773
london_query_-4pmBOZmF-ynXSkWw5BAew,transfer_3,1234,jpeg50,self,1,london:5,london:5,15.679997,36.1773
london_query_-4pmBOZmF-ynXSkWw5BAew,isotropic,5678,jpeg50,self,1,london:5,london:5,15.680001,36.1773
london_query_-4pmBOZmF-ynXSkWw5BAew,white_box,5678,jpeg50,self,3,manila:183,london:5,15.680000,36.1773
london_query_-4pmBOZmF-ynXSkWw5BAew,transfer_1,5678,jpeg50,self,1,london:5,london:5,15.679998,36.1773
london_query_-4pmBOZmF-ynXSkWw5BAew,transfer_2,5678,jpeg50,self,2,london:2,london:5,15.679998,36.1773
london_query_-4pmBOZmF-ynXSkWw5BAew,transfer_3,5678,jpeg50,self,4,zurich:35,london:5,15.679998,36.1773
london_query_-4pmBOZmF-ynXSkWw5BAew,isotropic,9012,jpeg50,self,1,london:5,london:5,15.680000,36.1773
london_query_-4pmBOZmF-ynXSkWw5BAew,white_box,9012,jpeg50,self,210,manila:92,london:5,15.680001,36.1773
london_query_-4pmBOZmF-ynXSkWw5BAew,transfer_1,9012,jpeg50,self,1,london:5,london:5,15.679998,36.1773
london_query_-4pmBOZmF-ynXSkWw5BAew,transfer_2,9012,jpeg50,self,1,london:5,london:5,15.679997,36.1773
london_query_-4pmBOZmF-ynXSkWw5BAew,transfer_3,9012,jpeg50,self,1,london:5,london:5,15.680000,36.1773
manila_query_-2h231ovohZWmrsaBllNyw,isotropic,1234,jpeg50,self,323,cph:429,manila:177,15.680000,36.1773
manila_query_-2h231ovohZWmrsaBllNyw,white_box,1234,jpeg50,self,216,london:71,manila:177,15.680001,36.1773
manila_query_-2h231ovohZWmrsaBllNyw,transfer_1,1234,jpeg50,self,397,cph:429,manila:177,15.680000,36.1773
manila_query_-2h231ovohZWmrsaBllNyw,transfer_2,1234,jpeg50,self,227,cph:429,manila:177,15.680000,36.1773
manila_query_-2h231ovohZWmrsaBllNyw,transfer_3,1234,jpeg50,self,211,cph:429,manila:177,15.679997,36.1773
manila_query_-2h231ovohZWmrsaBllNyw,isotropic,5678,jpeg50,self,337,cph:429,manila:177,15.680000,36.1773
manila_query_-2h231ovohZWmrsaBllNyw,white_box,5678,jpeg50,self,137,cph:245,manila:177,15.680000,36.1773
manila_query_-2h231ovohZWmrsaBllNyw,transfer_1,5678,jpeg50,self,251,cph:429,manila:177,15.680000,36.1773
manila_query_-2h231ovohZWmrsaBllNyw,transfer_2,5678,jpeg50,self,227,cph:71,manila:177,15.680000,36.1773
manila_query_-2h231ovohZWmrsaBllNyw,transfer_3,5678,jpeg50,self,232,cph:429,manila:177,15.679997,36.1773
manila_query_-2h231ovohZWmrsaBllNyw,isotropic,9012,jpeg50,self,364,cph:429,manila:177,15.680000,36.1773
manila_query_-2h231ovohZWmrsaBllNyw,white_box,9012,jpeg50,self,216,cph:429,manila:177,15.680000,36.1773
manila_query_-2h231ovohZWmrsaBllNyw,transfer_1,9012,jpeg50,self,278,cph:429,manila:177,15.680001,36.1773
manila_query_-2h231ovohZWmrsaBllNyw,transfer_2,9012,jpeg50,self,229,cph:429,manila:177,15.680001,36.1773
manila_query_-2h231ovohZWmrsaBllNyw,transfer_3,9012,jpeg50,self,190,cph:429,manila:177,15.680000,36.1773
nairobi_query_-dn1KaWvGY9H5JRLNtaYPg,isotropic,1234,jpeg50,self,119,zurich:42,nairobi:10,15.680000,36.1773
nairobi_query_-dn1KaWvGY9H5JRLNtaYPg,white_box,1234,jpeg50,self,209,zurich:42,nairobi:10,15.679998,36.1773
nairobi_query_-dn1KaWvGY9H5JRLNtaYPg,transfer_1,1234,jpeg50,self,164,zurich:42,nairobi:10,15.679997,36.1773
nairobi_query_-dn1KaWvGY9H5JRLNtaYPg,transfer_2,1234,jpeg50,self,87,zurich:42,nairobi:10,15.679998,36.1773
nairobi_query_-dn1KaWvGY9H5JRLNtaYPg,transfer_3,1234,jpeg50,self,146,zurich:42,nairobi:10,15.680000,36.1773
nairobi_query_-dn1KaWvGY9H5JRLNtaYPg,isotropic,5678,jpeg50,self,119,zurich:42,nairobi:10,15.680002,36.1773
nairobi_query_-dn1KaWvGY9H5JRLNtaYPg,white_box,5678,jpeg50,self,55,manila:67,nairobi:10,15.680000,36.1773
nairobi_query_-dn1KaWvGY9H5JRLNtaYPg,transfer_1,5678,jpeg50,self,60,zurich:42,nairobi:10,15.679997,36.1773
nairobi_query_-dn1KaWvGY9H5JRLNtaYPg,transfer_2,5678,jpeg50,self,119,zurich:42,nairobi:10,15.679998,36.1773
nairobi_query_-dn1KaWvGY9H5JRLNtaYPg,transfer_3,5678,jpeg50,self,65,zurich:42,nairobi:10,15.679998,36.1773
nairobi_query_-dn1KaWvGY9H5JRLNtaYPg,isotropic,9012,jpeg50,self,139,zurich:42,nairobi:10,15.680002,36.1773
nairobi_query_-dn1KaWvGY9H5JRLNtaYPg,white_box,9012,jpeg50,self,94,cph:245,nairobi:10,15.679997,36.1773
nairobi_query_-dn1KaWvGY9H5JRLNtaYPg,transfer_1,9012,jpeg50,self,71,zurich:42,nairobi:10,15.680000,36.1773
nairobi_query_-dn1KaWvGY9H5JRLNtaYPg,transfer_2,9012,jpeg50,self,95,zurich:46,nairobi:10,15.680000,36.1773
nairobi_query_-dn1KaWvGY9H5JRLNtaYPg,transfer_3,9012,jpeg50,self,252,zurich:42,nairobi:10,15.679997,36.1773
toronto_query_-4IVXvKV2D8brXjQPZ1GRA,isotropic,1234,jpeg50,self,1,toronto:88,toronto:88,15.679998,36.1773
toronto_query_-4IVXvKV2D8brXjQPZ1GRA,white_box,1234,jpeg50,self,6,manila:183,toronto:88,15.679998,36.1773
toronto_query_-4IVXvKV2D8brXjQPZ1GRA,transfer_1,1234,jpeg50,self,1,toronto:88,toronto:88,15.679998,36.1773
toronto_query_-4IVXvKV2D8brXjQPZ1GRA,transfer_2,1234,jpeg50,self,1,toronto:88,toronto:88,15.680001,36.1773
toronto_query_-4IVXvKV2D8brXjQPZ1GRA,transfer_3,1234,jpeg50,self,1,toronto:88,toronto:88,15.680000,36.1773
toronto_query_-4IVXvKV2D8brXjQPZ1GRA,isotropic,5678,jpeg50,self,1,toronto:88,toronto:88,15.679997,36.1773
toronto_query_-4IVXvKV2D8brXjQPZ1GRA,white_box,5678,jpeg50,self,74,amman:22,toronto:88,15.680000,36.1773
toronto_query_-4IVXvKV2D8brXjQPZ1GRA,transfer_1,5678,jpeg50,self,1,toronto:88,toronto:88,15.680000,36.1773
toronto_query_-4IVXvKV2D8brXjQPZ1GRA,transfer_2,5678,jpeg50,self,1,toronto:88,toronto:88,15.679998,36.1773
toronto_query_-4IVXvKV2D8brXjQPZ1GRA,transfer_3,5678,jpeg50,self,1,toronto:88,toronto:88,15.679997,36.1773
toronto_query_-4IVXvKV2D8brXjQPZ1GRA,isotropic,9012,jpeg50,self,1,toronto:88,toronto:88,15.679996,36.1773
toronto_query_-4IVXvKV2D8brXjQPZ1GRA,white_box,9012,jpeg50,self,1,toronto:88,toronto:88,15.680000,36.1773
toronto_query_-4IVXvKV2D8brXjQPZ1GRA,transfer_1,9012,jpeg50,self,1,toronto:88,toronto:88,15.680001,36.1773
toronto_query_-4IVXvKV2D8brXjQPZ1GRA,transfer_2,9012,jpeg50,self,1,toronto:88,toronto:88,15.680000,36.1773
toronto_query_-4IVXvKV2D8brXjQPZ1GRA,transfer_3,9012,jpeg50,self,1,toronto:88,toronto:88,15.679998,36.1773
zurich_query_-4StYjY5sT1S23ls5heCbg,isotropic,1234,jpeg50,self,1,zurich:104,zurich:104,15.679998,36.1773
zurich_query_-4StYjY5sT1S23ls5heCbg,white_box,1234,jpeg50,self,13,toronto:207,zurich:104,15.679997,36.1773
zurich_query_-4StYjY5sT1S23ls5heCbg,transfer_1,1234,jpeg50,self,1,zurich:104,zurich:104,15.679997,36.1773
zurich_query_-4StYjY5sT1S23ls5heCbg,transfer_2,1234,jpeg50,self,1,zurich:104,zurich:104,15.680000,36.1773
zurich_query_-4StYjY5sT1S23ls5heCbg,transfer_3,1234,jpeg50,self,1,zurich:104,zurich:104,15.680001,36.1773
zurich_query_-4StYjY5sT1S23ls5heCbg,isotropic,5678,jpeg50,self,1,zurich:104,zurich:104,15.680000,36.1773
zurich_query_-4StYjY5sT1S23ls5heCbg,white_box,5678,jpeg50,self,116,manila:181,zurich:104,15.679998,36.1773
zurich_query_-4StYjY5sT1S23ls5heCbg,transfer_1,5678,jpeg50,self,1,zurich:104,zurich:104,15.679997,36.1773
zurich_query_-4StYjY5sT1S23ls5heCbg,transfer_2,5678,jpeg50,self,1,zurich:104,zurich:104,15.679997,36.1773
zurich_query_-4StYjY5sT1S23ls5heCbg,transfer_3,5678,jpeg50,self,1,zurich:104,zurich:104,15.680000,36.1773
zurich_query_-4StYjY5sT1S23ls5heCbg,isotropic,9012,jpeg50,self,1,zurich:104,zurich:104,15.679997,36.1773
zurich_query_-4StYjY5sT1S23ls5heCbg,white_box,9012,jpeg50,self,92,london:34,zurich:104,15.679997,36.1773
zurich_query_-4StYjY5sT1S23ls5heCbg,transfer_1,9012,jpeg50,self,1,zurich:104,zurich:104,15.679998,36.1773
zurich_query_-4StYjY5sT1S23ls5heCbg,transfer_2,9012,jpeg50,self,1,zurich:104,zurich:104,15.680000,36.1773
zurich_query_-4StYjY5sT1S23ls5heCbg,transfer_3,9012,jpeg50,self,1,zurich:104,zurich:104,15.679998,36.1773
amman_query_-D0IlKF__f0c9DPAKbiYnw,isotropic,1234,jpeg50,self,42,amman:4,amman:23,15.680000,36.1773
amman_query_-D0IlKF__f0c9DPAKbiYnw,white_box,1234,jpeg50,self,89,zurich:19,amman:23,15.679997,36.1773
amman_query_-D0IlKF__f0c9DPAKbiYnw,transfer_1,1234,jpeg50,self,43,amman:4,amman:23,15.680001,36.1773
amman_query_-D0IlKF__f0c9DPAKbiYnw,transfer_2,1234,jpeg50,self,57,amman:4,amman:23,15.679997,36.1773
amman_query_-D0IlKF__f0c9DPAKbiYnw,transfer_3,1234,jpeg50,self,21,amman:4,amman:23,15.680000,36.1773
amman_query_-D0IlKF__f0c9DPAKbiYnw,isotropic,5678,jpeg50,self,41,amman:4,amman:23,15.679998,36.1773
amman_query_-D0IlKF__f0c9DPAKbiYnw,white_box,5678,jpeg50,self,67,amman:4,amman:23,15.680000,36.1773
amman_query_-D0IlKF__f0c9DPAKbiYnw,transfer_1,5678,jpeg50,self,44,amman:4,amman:23,15.679997,36.1773
amman_query_-D0IlKF__f0c9DPAKbiYnw,transfer_2,5678,jpeg50,self,39,amman:4,amman:23,15.680000,36.1773
amman_query_-D0IlKF__f0c9DPAKbiYnw,transfer_3,5678,jpeg50,self,59,zurich:19,amman:23,15.679997,36.1773
amman_query_-D0IlKF__f0c9DPAKbiYnw,isotropic,9012,jpeg50,self,29,amman:4,amman:23,15.679997,36.1773
amman_query_-D0IlKF__f0c9DPAKbiYnw,white_box,9012,jpeg50,self,65,amman:0,amman:23,15.679997,36.1773
amman_query_-D0IlKF__f0c9DPAKbiYnw,transfer_1,9012,jpeg50,self,62,amman:4,amman:23,15.679997,36.1773
amman_query_-D0IlKF__f0c9DPAKbiYnw,transfer_2,9012,jpeg50,self,42,amman:4,amman:23,15.679998,36.1773
amman_query_-D0IlKF__f0c9DPAKbiYnw,transfer_3,9012,jpeg50,self,38,zurich:19,amman:23,15.679997,36.1773
boston_query_-3hM-MR6uuw3se14vw3G0w,isotropic,1234,jpeg50,self,557,boston:249,boston:84,15.680000,36.1773
boston_query_-3hM-MR6uuw3se14vw3G0w,white_box,1234,jpeg50,self,1011,london:75,boston:84,15.679997,36.1773
boston_query_-3hM-MR6uuw3se14vw3G0w,transfer_1,1234,jpeg50,self,528,boston:249,boston:84,15.680000,36.1773
boston_query_-3hM-MR6uuw3se14vw3G0w,transfer_2,1234,jpeg50,self,636,boston:249,boston:84,15.680000,36.1773
boston_query_-3hM-MR6uuw3se14vw3G0w,transfer_3,1234,jpeg50,self,536,boston:249,boston:84,15.680000,36.1773
boston_query_-3hM-MR6uuw3se14vw3G0w,isotropic,5678,jpeg50,self,536,boston:249,boston:84,15.680000,36.1773
boston_query_-3hM-MR6uuw3se14vw3G0w,white_box,5678,jpeg50,self,608,boston:239,boston:84,15.680000,36.1773
boston_query_-3hM-MR6uuw3se14vw3G0w,transfer_1,5678,jpeg50,self,584,boston:249,boston:84,15.680000,36.1773
boston_query_-3hM-MR6uuw3se14vw3G0w,transfer_2,5678,jpeg50,self,574,boston:249,boston:84,15.680000,36.1773
boston_query_-3hM-MR6uuw3se14vw3G0w,transfer_3,5678,jpeg50,self,464,boston:249,boston:84,15.680000,36.1773
boston_query_-3hM-MR6uuw3se14vw3G0w,isotropic,9012,jpeg50,self,588,boston:249,boston:84,15.679998,36.1773
boston_query_-3hM-MR6uuw3se14vw3G0w,white_box,9012,jpeg50,self,1545,london:75,boston:84,15.679997,36.1773
boston_query_-3hM-MR6uuw3se14vw3G0w,transfer_1,9012,jpeg50,self,665,boston:249,boston:84,15.680000,36.1773
boston_query_-3hM-MR6uuw3se14vw3G0w,transfer_2,9012,jpeg50,self,570,boston:249,boston:84,15.679997,36.1773
boston_query_-3hM-MR6uuw3se14vw3G0w,transfer_3,9012,jpeg50,self,435,boston:249,boston:84,15.680000,36.1773
cph_query_-05vIhjxDNupFcgaM90L3w,isotropic,1234,jpeg50,self,4,manila:183,cph:71,15.680001,36.1773
cph_query_-05vIhjxDNupFcgaM90L3w,white_box,1234,jpeg50,self,32,manila:183,cph:71,15.680000,36.1773
cph_query_-05vIhjxDNupFcgaM90L3w,transfer_1,1234,jpeg50,self,5,manila:183,cph:71,15.679998,36.1773
cph_query_-05vIhjxDNupFcgaM90L3w,transfer_2,1234,jpeg50,self,3,manila:183,cph:71,15.680000,36.1773
cph_query_-05vIhjxDNupFcgaM90L3w,transfer_3,1234,jpeg50,self,8,manila:183,cph:71,15.679997,36.1773
cph_query_-05vIhjxDNupFcgaM90L3w,isotropic,5678,jpeg50,self,5,manila:183,cph:71,15.679998,36.1773
cph_query_-05vIhjxDNupFcgaM90L3w,white_box,5678,jpeg50,self,8,manila:183,cph:71,15.680000,36.1773
cph_query_-05vIhjxDNupFcgaM90L3w,transfer_1,5678,jpeg50,self,3,manila:183,cph:71,15.679998,36.1773
cph_query_-05vIhjxDNupFcgaM90L3w,transfer_2,5678,jpeg50,self,4,manila:183,cph:71,15.680002,36.1773
cph_query_-05vIhjxDNupFcgaM90L3w,transfer_3,5678,jpeg50,self,5,manila:183,cph:71,15.679996,36.1773
cph_query_-05vIhjxDNupFcgaM90L3w,isotropic,9012,jpeg50,self,4,manila:183,cph:71,15.680001,36.1773
cph_query_-05vIhjxDNupFcgaM90L3w,white_box,9012,jpeg50,self,14,manila:183,cph:71,15.680000,36.1773
cph_query_-05vIhjxDNupFcgaM90L3w,transfer_1,9012,jpeg50,self,3,manila:183,cph:71,15.679997,36.1773
cph_query_-05vIhjxDNupFcgaM90L3w,transfer_2,9012,jpeg50,self,3,manila:183,cph:71,15.680000,36.1773
cph_query_-05vIhjxDNupFcgaM90L3w,transfer_3,9012,jpeg50,self,6,manila:183,cph:71,15.680000,36.1773
london_query_-5QOE2AlZX8rEz8ONtGRrg,isotropic,1234,jpeg50,self,6,manila:153,london:131,15.680000,36.1773
london_query_-5QOE2AlZX8rEz8ONtGRrg,white_box,1234,jpeg50,self,3,manila:92,london:131,15.679998,36.1773
london_query_-5QOE2AlZX8rEz8ONtGRrg,transfer_1,1234,jpeg50,self,6,toronto:418,london:131,15.680000,36.1773
london_query_-5QOE2AlZX8rEz8ONtGRrg,transfer_2,1234,jpeg50,self,4,cph:279,london:131,15.679997,36.1773
london_query_-5QOE2AlZX8rEz8ONtGRrg,transfer_3,1234,jpeg50,self,159,boston:123,london:131,15.680000,36.1773
london_query_-5QOE2AlZX8rEz8ONtGRrg,isotropic,5678,jpeg50,self,14,manila:153,london:131,15.680000,36.1773
london_query_-5QOE2AlZX8rEz8ONtGRrg,white_box,5678,jpeg50,self,536,manila:29,london:131,15.679998,36.1773
london_query_-5QOE2AlZX8rEz8ONtGRrg,transfer_1,5678,jpeg50,self,4,toronto:418,london:131,15.680000,36.1773
london_query_-5QOE2AlZX8rEz8ONtGRrg,transfer_2,5678,jpeg50,self,22,toronto:418,london:131,15.679997,36.1773
london_query_-5QOE2AlZX8rEz8ONtGRrg,transfer_3,5678,jpeg50,self,154,boston:123,london:131,15.680000,36.1773
london_query_-5QOE2AlZX8rEz8ONtGRrg,isotropic,9012,jpeg50,self,13,cph:279,london:131,15.680000,36.1773
london_query_-5QOE2AlZX8rEz8ONtGRrg,white_box,9012,jpeg50,self,8,cph:366,london:131,15.679997,36.1773
london_query_-5QOE2AlZX8rEz8ONtGRrg,transfer_1,9012,jpeg50,self,7,cph:279,london:131,15.679998,36.1773
london_query_-5QOE2AlZX8rEz8ONtGRrg,transfer_2,9012,jpeg50,self,4,cph:279,london:131,15.680000,36.1773
london_query_-5QOE2AlZX8rEz8ONtGRrg,transfer_3,9012,jpeg50,self,80,toronto:418,london:131,15.680001,36.1773
manila_query_-3H2xPWPOqn_dCF2Lz5EtQ,isotropic,1234,jpeg50,self,136,amman:31,manila:160,15.679997,36.1773
manila_query_-3H2xPWPOqn_dCF2Lz5EtQ,white_box,1234,jpeg50,self,177,cph:464,manila:160,15.680001,36.1773
manila_query_-3H2xPWPOqn_dCF2Lz5EtQ,transfer_1,1234,jpeg50,self,106,toronto:228,manila:160,15.680001,36.1773
manila_query_-3H2xPWPOqn_dCF2Lz5EtQ,transfer_2,1234,jpeg50,self,134,toronto:244,manila:160,15.679997,36.1773
manila_query_-3H2xPWPOqn_dCF2Lz5EtQ,transfer_3,1234,jpeg50,self,218,boston:248,manila:160,15.679998,36.1773
manila_query_-3H2xPWPOqn_dCF2Lz5EtQ,isotropic,5678,jpeg50,self,182,boston:248,manila:160,15.679997,36.1773
manila_query_-3H2xPWPOqn_dCF2Lz5EtQ,white_box,5678,jpeg50,self,226,toronto:102,manila:160,15.680002,36.1773
manila_query_-3H2xPWPOqn_dCF2Lz5EtQ,transfer_1,5678,jpeg50,self,163,cph:464,manila:160,15.679998,36.1773
manila_query_-3H2xPWPOqn_dCF2Lz5EtQ,transfer_2,5678,jpeg50,self,163,boston:248,manila:160,15.679998,36.1773
manila_query_-3H2xPWPOqn_dCF2Lz5EtQ,transfer_3,5678,jpeg50,self,58,cph:464,manila:160,15.679997,36.1773
manila_query_-3H2xPWPOqn_dCF2Lz5EtQ,isotropic,9012,jpeg50,self,130,cph:464,manila:160,15.679995,36.1773
manila_query_-3H2xPWPOqn_dCF2Lz5EtQ,white_box,9012,jpeg50,self,327,toronto:88,manila:160,15.679997,36.1773
manila_query_-3H2xPWPOqn_dCF2Lz5EtQ,transfer_1,9012,jpeg50,self,109,toronto:228,manila:160,15.680000,36.1773
manila_query_-3H2xPWPOqn_dCF2Lz5EtQ,transfer_2,9012,jpeg50,self,189,boston:248,manila:160,15.680000,36.1773
manila_query_-3H2xPWPOqn_dCF2Lz5EtQ,transfer_3,9012,jpeg50,self,177,boston:248,manila:160,15.680000,36.1773
nairobi_query_-f7xKWoDFjaXHyTtnRqVKw,isotropic,1234,jpeg50,self,328,london:85,nairobi:9,15.679997,36.1773
nairobi_query_-f7xKWoDFjaXHyTtnRqVKw,white_box,1234,jpeg50,self,553,boston:171,nairobi:9,15.679997,36.1773
nairobi_query_-f7xKWoDFjaXHyTtnRqVKw,transfer_1,1234,jpeg50,self,86,london:85,nairobi:9,15.679997,36.1773
nairobi_query_-f7xKWoDFjaXHyTtnRqVKw,transfer_2,1234,jpeg50,self,232,london:85,nairobi:9,15.679997,36.1773
nairobi_query_-f7xKWoDFjaXHyTtnRqVKw,transfer_3,1234,jpeg50,self,63,nairobi:15,nairobi:9,15.679997,36.1773
nairobi_query_-f7xKWoDFjaXHyTtnRqVKw,isotropic,5678,jpeg50,self,278,nairobi:15,nairobi:9,15.679997,36.1773
nairobi_query_-f7xKWoDFjaXHyTtnRqVKw,white_box,5678,jpeg50,self,95,london:85,nairobi:9,15.679997,36.1773
nairobi_query_-f7xKWoDFjaXHyTtnRqVKw,transfer_1,5678,jpeg50,self,154,toronto:112,nairobi:9,15.680001,36.1773
nairobi_query_-f7xKWoDFjaXHyTtnRqVKw,transfer_2,5678,jpeg50,self,220,london:85,nairobi:9,15.680000,36.1773
nairobi_query_-f7xKWoDFjaXHyTtnRqVKw,transfer_3,5678,jpeg50,self,159,london:85,nairobi:9,15.680000,36.1773
nairobi_query_-f7xKWoDFjaXHyTtnRqVKw,isotropic,9012,jpeg50,self,147,nairobi:15,nairobi:9,15.680000,36.1773
nairobi_query_-f7xKWoDFjaXHyTtnRqVKw,white_box,9012,jpeg50,self,358,boston:235,nairobi:9,15.679998,36.1773
nairobi_query_-f7xKWoDFjaXHyTtnRqVKw,transfer_1,9012,jpeg50,self,166,london:85,nairobi:9,15.679997,36.1773
nairobi_query_-f7xKWoDFjaXHyTtnRqVKw,transfer_2,9012,jpeg50,self,184,london:85,nairobi:9,15.679997,36.1773
nairobi_query_-f7xKWoDFjaXHyTtnRqVKw,transfer_3,9012,jpeg50,self,168,london:85,nairobi:9,15.680000,36.1773
toronto_query_-4mlNvZUZnbmRaGbiIndoA,isotropic,1234,jpeg50,self,1,toronto:102,toronto:102,15.680000,36.1773
toronto_query_-4mlNvZUZnbmRaGbiIndoA,white_box,1234,jpeg50,self,2,manila:160,toronto:102,15.680000,36.1773
toronto_query_-4mlNvZUZnbmRaGbiIndoA,transfer_1,1234,jpeg50,self,1,toronto:102,toronto:102,15.680000,36.1773
toronto_query_-4mlNvZUZnbmRaGbiIndoA,transfer_2,1234,jpeg50,self,1,toronto:102,toronto:102,15.680001,36.1773
toronto_query_-4mlNvZUZnbmRaGbiIndoA,transfer_3,1234,jpeg50,self,2,manila:190,toronto:102,15.679998,36.1773
toronto_query_-4mlNvZUZnbmRaGbiIndoA,isotropic,5678,jpeg50,self,1,toronto:102,toronto:102,15.679997,36.1773
toronto_query_-4mlNvZUZnbmRaGbiIndoA,white_box,5678,jpeg50,self,8,cph:94,toronto:102,15.680001,36.1773
toronto_query_-4mlNvZUZnbmRaGbiIndoA,transfer_1,5678,jpeg50,self,1,toronto:102,toronto:102,15.679998,36.1773
toronto_query_-4mlNvZUZnbmRaGbiIndoA,transfer_2,5678,jpeg50,self,1,toronto:102,toronto:102,15.679998,36.1773
toronto_query_-4mlNvZUZnbmRaGbiIndoA,transfer_3,5678,jpeg50,self,1,toronto:102,toronto:102,15.679997,36.1773
toronto_query_-4mlNvZUZnbmRaGbiIndoA,isotropic,9012,jpeg50,self,1,toronto:102,toronto:102,15.680002,36.1773
toronto_query_-4mlNvZUZnbmRaGbiIndoA,white_box,9012,jpeg50,self,9,amman:1,toronto:102,15.679997,36.1773
toronto_query_-4mlNvZUZnbmRaGbiIndoA,transfer_1,9012,jpeg50,self,1,toronto:102,toronto:102,15.680000,36.1773
toronto_query_-4mlNvZUZnbmRaGbiIndoA,transfer_2,9012,jpeg50,self,1,toronto:102,toronto:102,15.679997,36.1773
toronto_query_-4mlNvZUZnbmRaGbiIndoA,transfer_3,9012,jpeg50,self,3,nairobi:10,toronto:102,15.679998,36.1773
zurich_query_-71-BK_yAOJ1soK0OQWIcg,isotropic,1234,jpeg50,self,202,toronto:196,zurich:44,15.680000,36.1773
zurich_query_-71-BK_yAOJ1soK0OQWIcg,white_box,1234,jpeg50,self,358,zurich:5,zurich:44,15.680000,36.1773
zurich_query_-71-BK_yAOJ1soK0OQWIcg,transfer_1,1234,jpeg50,self,191,boston:249,zurich:44,15.679998,36.1773
zurich_query_-71-BK_yAOJ1soK0OQWIcg,transfer_2,1234,jpeg50,self,172,boston:249,zurich:44,15.679997,36.1773
zurich_query_-71-BK_yAOJ1soK0OQWIcg,transfer_3,1234,jpeg50,self,165,toronto:196,zurich:44,15.679997,36.1773
zurich_query_-71-BK_yAOJ1soK0OQWIcg,isotropic,5678,jpeg50,self,278,boston:249,zurich:44,15.680000,36.1773
zurich_query_-71-BK_yAOJ1soK0OQWIcg,white_box,5678,jpeg50,self,498,amman:1,zurich:44,15.680000,36.1773
zurich_query_-71-BK_yAOJ1soK0OQWIcg,transfer_1,5678,jpeg50,self,229,toronto:196,zurich:44,15.680000,36.1773
zurich_query_-71-BK_yAOJ1soK0OQWIcg,transfer_2,5678,jpeg50,self,272,toronto:196,zurich:44,15.680000,36.1773
zurich_query_-71-BK_yAOJ1soK0OQWIcg,transfer_3,5678,jpeg50,self,217,toronto:196,zurich:44,15.679998,36.1773
zurich_query_-71-BK_yAOJ1soK0OQWIcg,isotropic,9012,jpeg50,self,236,boston:249,zurich:44,15.680001,36.1773
zurich_query_-71-BK_yAOJ1soK0OQWIcg,white_box,9012,jpeg50,self,202,boston:234,zurich:44,15.680001,36.1773
zurich_query_-71-BK_yAOJ1soK0OQWIcg,transfer_1,9012,jpeg50,self,129,boston:249,zurich:44,15.680000,36.1773
zurich_query_-71-BK_yAOJ1soK0OQWIcg,transfer_2,9012,jpeg50,self,128,toronto:196,zurich:44,15.679996,36.1773
zurich_query_-71-BK_yAOJ1soK0OQWIcg,transfer_3,9012,jpeg50,self,381,amman:1,zurich:44,15.680000,36.1773
amman_query_-EAmCN9i5BGEadZIccXEyA,isotropic,1234,jpeg50,self,39,toronto:421,amman:30,15.679998,36.1773
amman_query_-EAmCN9i5BGEadZIccXEyA,white_box,1234,jpeg50,self,355,manila:46,amman:30,15.680000,36.1773
amman_query_-EAmCN9i5BGEadZIccXEyA,transfer_1,1234,jpeg50,self,85,toronto:421,amman:30,15.679997,36.1773
amman_query_-EAmCN9i5BGEadZIccXEyA,transfer_2,1234,jpeg50,self,44,toronto:421,amman:30,15.679998,36.1773
amman_query_-EAmCN9i5BGEadZIccXEyA,transfer_3,1234,jpeg50,self,58,toronto:421,amman:30,15.679998,36.1773
amman_query_-EAmCN9i5BGEadZIccXEyA,isotropic,5678,jpeg50,self,49,nairobi:13,amman:30,15.680000,36.1773
amman_query_-EAmCN9i5BGEadZIccXEyA,white_box,5678,jpeg50,self,21,boston:168,amman:30,15.679997,36.1773
amman_query_-EAmCN9i5BGEadZIccXEyA,transfer_1,5678,jpeg50,self,70,toronto:130,amman:30,15.680001,36.1773
amman_query_-EAmCN9i5BGEadZIccXEyA,transfer_2,5678,jpeg50,self,51,toronto:421,amman:30,15.679998,36.1773
amman_query_-EAmCN9i5BGEadZIccXEyA,transfer_3,5678,jpeg50,self,53,nairobi:10,amman:30,15.680002,36.1773
amman_query_-EAmCN9i5BGEadZIccXEyA,isotropic,9012,jpeg50,self,70,nairobi:13,amman:30,15.680001,36.1773
amman_query_-EAmCN9i5BGEadZIccXEyA,white_box,9012,jpeg50,self,44,zurich:83,amman:30,15.679997,36.1773
amman_query_-EAmCN9i5BGEadZIccXEyA,transfer_1,9012,jpeg50,self,57,toronto:421,amman:30,15.679998,36.1773
amman_query_-EAmCN9i5BGEadZIccXEyA,transfer_2,9012,jpeg50,self,87,amman:1,amman:30,15.679997,36.1773
amman_query_-EAmCN9i5BGEadZIccXEyA,transfer_3,9012,jpeg50,self,45,nairobi:10,amman:30,15.679997,36.1773
boston_query_-4vuSn0vvcBVOccgQqFlow,isotropic,1234,jpeg50,self,76,boston:112,boston:149,15.680000,36.1773
boston_query_-4vuSn0vvcBVOccgQqFlow,white_box,1234,jpeg50,self,1070,boston:168,boston:149,15.679998,36.1773
boston_query_-4vuSn0vvcBVOccgQqFlow,transfer_1,1234,jpeg50,self,104,london:2,boston:149,15.679997,36.1773
boston_query_-4vuSn0vvcBVOccgQqFlow,transfer_2,1234,jpeg50,self,132,london:2,boston:149,15.679997,36.1773
boston_query_-4vuSn0vvcBVOccgQqFlow,transfer_3,1234,jpeg50,self,180,london:2,boston:149,15.679997,36.1773
boston_query_-4vuSn0vvcBVOccgQqFlow,isotropic,5678,jpeg50,self,75,boston:112,boston:149,15.679997,36.1773
boston_query_-4vuSn0vvcBVOccgQqFlow,white_box,5678,jpeg50,self,134,amman:26,boston:149,15.679998,36.1773
boston_query_-4vuSn0vvcBVOccgQqFlow,transfer_1,5678,jpeg50,self,114,london:2,boston:149,15.679997,36.1773
boston_query_-4vuSn0vvcBVOccgQqFlow,transfer_2,5678,jpeg50,self,157,london:2,boston:149,15.679998,36.1773
boston_query_-4vuSn0vvcBVOccgQqFlow,transfer_3,5678,jpeg50,self,141,london:2,boston:149,15.680000,36.1773
boston_query_-4vuSn0vvcBVOccgQqFlow,isotropic,9012,jpeg50,self,49,boston:112,boston:149,15.680000,36.1773
boston_query_-4vuSn0vvcBVOccgQqFlow,white_box,9012,jpeg50,self,828,boston:90,boston:149,15.679997,36.1773
boston_query_-4vuSn0vvcBVOccgQqFlow,transfer_1,9012,jpeg50,self,82,london:2,boston:149,15.679998,36.1773
boston_query_-4vuSn0vvcBVOccgQqFlow,transfer_2,9012,jpeg50,self,185,london:2,boston:149,15.680000,36.1773
boston_query_-4vuSn0vvcBVOccgQqFlow,transfer_3,9012,jpeg50,self,208,zurich:42,boston:149,15.679998,36.1773
cph_query_-07-gME-zaQLhCsFrSInSg,isotropic,1234,jpeg50,self,9,manila:181,cph:241,15.679997,36.1773
cph_query_-07-gME-zaQLhCsFrSInSg,white_box,1234,jpeg50,self,40,manila:181,cph:241,15.679997,36.1773
cph_query_-07-gME-zaQLhCsFrSInSg,transfer_1,1234,jpeg50,self,12,manila:181,cph:241,15.680000,36.1773
cph_query_-07-gME-zaQLhCsFrSInSg,transfer_2,1234,jpeg50,self,21,manila:181,cph:241,15.680000,36.1773
cph_query_-07-gME-zaQLhCsFrSInSg,transfer_3,1234,jpeg50,self,58,manila:181,cph:241,15.679997,36.1773
cph_query_-07-gME-zaQLhCsFrSInSg,isotropic,5678,jpeg50,self,12,manila:181,cph:241,15.679997,36.1773
cph_query_-07-gME-zaQLhCsFrSInSg,white_box,5678,jpeg50,self,28,manila:173,cph:241,15.680002,36.1773
cph_query_-07-gME-zaQLhCsFrSInSg,transfer_1,5678,jpeg50,self,8,london:126,cph:241,15.680000,36.1773
cph_query_-07-gME-zaQLhCsFrSInSg,transfer_2,5678,jpeg50,self,9,manila:181,cph:241,15.679997,36.1773
cph_query_-07-gME-zaQLhCsFrSInSg,transfer_3,5678,jpeg50,self,49,toronto:346,cph:241,15.680000,36.1773
cph_query_-07-gME-zaQLhCsFrSInSg,isotropic,9012,jpeg50,self,9,manila:181,cph:241,15.679996,36.1773
cph_query_-07-gME-zaQLhCsFrSInSg,white_box,9012,jpeg50,self,86,manila:143,cph:241,15.680000,36.1773
cph_query_-07-gME-zaQLhCsFrSInSg,transfer_1,9012,jpeg50,self,5,manila:181,cph:241,15.679997,36.1773
cph_query_-07-gME-zaQLhCsFrSInSg,transfer_2,9012,jpeg50,self,8,manila:181,cph:241,15.679998,36.1773
cph_query_-07-gME-zaQLhCsFrSInSg,transfer_3,9012,jpeg50,self,47,manila:181,cph:241,15.679997,36.1773
london_query_-7U9wY8ynnu3oZ1g_-0xww,isotropic,1234,jpeg50,self,43,london:76,london:104,15.680000,36.1773
london_query_-7U9wY8ynnu3oZ1g_-0xww,white_box,1234,jpeg50,self,73,zurich:35,london:104,15.680000,36.1773
london_query_-7U9wY8ynnu3oZ1g_-0xww,transfer_1,1234,jpeg50,self,17,london:76,london:104,15.679998,36.1773
london_query_-7U9wY8ynnu3oZ1g_-0xww,transfer_2,1234,jpeg50,self,44,london:76,london:104,15.679998,36.1773
london_query_-7U9wY8ynnu3oZ1g_-0xww,transfer_3,1234,jpeg50,self,111,boston:168,london:104,15.679998,36.1773
london_query_-7U9wY8ynnu3oZ1g_-0xww,isotropic,5678,jpeg50,self,19,london:76,london:104,15.679997,36.1773
london_query_-7U9wY8ynnu3oZ1g_-0xww,white_box,5678,jpeg50,self,576,boston:244,london:104,15.679998,36.1773
london_query_-7U9wY8ynnu3oZ1g_-0xww,transfer_1,5678,jpeg50,self,19,london:75,london:104,15.679997,36.1773
london_query_-7U9wY8ynnu3oZ1g_-0xww,transfer_2,5678,jpeg50,self,24,london:75,london:104,15.680000,36.1773
london_query_-7U9wY8ynnu3oZ1g_-0xww,transfer_3,5678,jpeg50,self,106,london:75,london:104,15.680001,36.1773
london_query_-7U9wY8ynnu3oZ1g_-0xww,isotropic,9012,jpeg50,self,29,london:76,london:104,15.679998,36.1773
london_query_-7U9wY8ynnu3oZ1g_-0xww,white_box,9012,jpeg50,self,195,boston:244,london:104,15.680000,36.1773
london_query_-7U9wY8ynnu3oZ1g_-0xww,transfer_1,9012,jpeg50,self,18,london:76,london:104,15.680000,36.1773
london_query_-7U9wY8ynnu3oZ1g_-0xww,transfer_2,9012,jpeg50,self,43,london:75,london:104,15.680000,36.1773
london_query_-7U9wY8ynnu3oZ1g_-0xww,transfer_3,9012,jpeg50,self,79,boston:168,london:104,15.679997,36.1773
manila_query_-5pMypBbFEXHPOTYNJl_EA,isotropic,1234,jpeg50,self,10,amman:23,manila:116,15.679997,36.1773
manila_query_-5pMypBbFEXHPOTYNJl_EA,white_box,1234,jpeg50,self,17,manila:109,manila:116,15.679998,36.1773
manila_query_-5pMypBbFEXHPOTYNJl_EA,transfer_1,1234,jpeg50,self,7,amman:23,manila:116,15.679997,36.1773
manila_query_-5pMypBbFEXHPOTYNJl_EA,transfer_2,1234,jpeg50,self,12,amman:23,manila:116,15.679997,36.1773
manila_query_-5pMypBbFEXHPOTYNJl_EA,transfer_3,1234,jpeg50,self,20,boston:123,manila:116,15.680000,36.1773
manila_query_-5pMypBbFEXHPOTYNJl_EA,isotropic,5678,jpeg50,self,13,amman:23,manila:116,15.679996,36.1773
manila_query_-5pMypBbFEXHPOTYNJl_EA,white_box,5678,jpeg50,self,348,zurich:19,manila:116,15.680000,36.1773
manila_query_-5pMypBbFEXHPOTYNJl_EA,transfer_1,5678,jpeg50,self,8,amman:32,manila:116,15.680000,36.1773
manila_query_-5pMypBbFEXHPOTYNJl_EA,transfer_2,5678,jpeg50,self,27,amman:23,manila:116,15.679997,36.1773
manila_query_-5pMypBbFEXHPOTYNJl_EA,transfer_3,5678,jpeg50,self,12,amman:32,manila:116,15.679998,36.1773
manila_query_-5pMypBbFEXHPOTYNJl_EA,isotropic,9012,jpeg50,self,11,amman:23,manila:116,15.680001,36.1773
manila_query_-5pMypBbFEXHPOTYNJl_EA,white_box,9012,jpeg50,self,68,zurich:19,manila:116,15.679997,36.1773
manila_query_-5pMypBbFEXHPOTYNJl_EA,transfer_1,9012,jpeg50,self,17,amman:25,manila:116,15.680000,36.1773
manila_query_-5pMypBbFEXHPOTYNJl_EA,transfer_2,9012,jpeg50,self,24,amman:23,manila:116,15.680001,36.1773
manila_query_-5pMypBbFEXHPOTYNJl_EA,transfer_3,9012,jpeg50,self,24,amman:23,manila:116,15.680000,36.1773
nairobi_query_-rWgRitoKSYrdczUKUiOrA,isotropic,1234,jpeg50,self,1,nairobi:22,nairobi:22,15.679997,36.1773
nairobi_query_-rWgRitoKSYrdczUKUiOrA,white_box,1234,jpeg50,self,3,nairobi:1,nairobi:22,15.679997,36.1773
nairobi_query_-rWgRitoKSYrdczUKUiOrA,transfer_1,1234,jpeg50,self,1,nairobi:22,nairobi:22,15.680000,36.1773
nairobi_query_-rWgRitoKSYrdczUKUiOrA,transfer_2,1234,jpeg50,self,1,nairobi:22,nairobi:22,15.679997,36.1773
nairobi_query_-rWgRitoKSYrdczUKUiOrA,transfer_3,1234,jpeg50,self,3,nairobi:1,nairobi:22,15.680000,36.1773
nairobi_query_-rWgRitoKSYrdczUKUiOrA,isotropic,5678,jpeg50,self,2,nairobi:1,nairobi:22,15.680000,36.1773
nairobi_query_-rWgRitoKSYrdczUKUiOrA,white_box,5678,jpeg50,self,49,manila:92,nairobi:22,15.680000,36.1773
nairobi_query_-rWgRitoKSYrdczUKUiOrA,transfer_1,5678,jpeg50,self,3,toronto:354,nairobi:22,15.680000,36.1773
nairobi_query_-rWgRitoKSYrdczUKUiOrA,transfer_2,5678,jpeg50,self,1,nairobi:22,nairobi:22,15.680000,36.1773
nairobi_query_-rWgRitoKSYrdczUKUiOrA,transfer_3,5678,jpeg50,self,1,nairobi:22,nairobi:22,15.679998,36.1773
nairobi_query_-rWgRitoKSYrdczUKUiOrA,isotropic,9012,jpeg50,self,1,nairobi:22,nairobi:22,15.680000,36.1773
nairobi_query_-rWgRitoKSYrdczUKUiOrA,white_box,9012,jpeg50,self,131,manila:92,nairobi:22,15.680000,36.1773
nairobi_query_-rWgRitoKSYrdczUKUiOrA,transfer_1,9012,jpeg50,self,1,nairobi:22,nairobi:22,15.680000,36.1773
nairobi_query_-rWgRitoKSYrdczUKUiOrA,transfer_2,9012,jpeg50,self,1,nairobi:22,nairobi:22,15.680000,36.1773
nairobi_query_-rWgRitoKSYrdczUKUiOrA,transfer_3,9012,jpeg50,self,1,nairobi:22,nairobi:22,15.680001,36.1773
toronto_query_-5HBlqC41yTbYA1NM7dz1A,isotropic,1234,jpeg50,self,32,cph:459,toronto:156,15.680000,36.1773
toronto_query_-5HBlqC41yTbYA1NM7dz1A,white_box,1234,jpeg50,self,148,manila:106,toronto:156,15.680000,36.1773
toronto_query_-5HBlqC41yTbYA1NM7dz1A,transfer_1,1234,jpeg50,self,41,toronto:103,toronto:156,15.679997,36.1773
toronto_query_-5HBlqC41yTbYA1NM7dz1A,transfer_2,1234,jpeg50,self,44,cph:96,toronto:156,15.679997,36.1773
toronto_query_-5HBlqC41yTbYA1NM7dz1A,transfer_3,1234,jpeg50,self,62,cph:459,toronto:156,15.680000,36.1773
toronto_query_-5HBlqC41yTbYA1NM7dz1A,isotropic,5678,jpeg50,self,33,cph:459,toronto:156,15.680000,36.1773
toronto_query_-5HBlqC41yTbYA1NM7dz1A,white_box,5678,jpeg50,self,146,amman:31,toronto:156,15.680000,36.1773
toronto_query_-5HBlqC41yTbYA1NM7dz1A,transfer_1,5678,jpeg50,self,93,london:71,toronto:156,15.679998,36.1773
toronto_query_-5HBlqC41yTbYA1NM7dz1A,transfer_2,5678,jpeg50,self,60,toronto:103,toronto:156,15.680000,36.1773
toronto_query_-5HBlqC41yTbYA1NM7dz1A,transfer_3,5678,jpeg50,self,60,london:122,toronto:156,15.680001,36.1773
toronto_query_-5HBlqC41yTbYA1NM7dz1A,isotropic,9012,jpeg50,self,48,cph:459,toronto:156,15.680001,36.1773
toronto_query_-5HBlqC41yTbYA1NM7dz1A,white_box,9012,jpeg50,self,99,manila:183,toronto:156,15.680000,36.1773
toronto_query_-5HBlqC41yTbYA1NM7dz1A,transfer_1,9012,jpeg50,self,47,cph:459,toronto:156,15.679997,36.1773
toronto_query_-5HBlqC41yTbYA1NM7dz1A,transfer_2,9012,jpeg50,self,31,cph:459,toronto:156,15.679998,36.1773
toronto_query_-5HBlqC41yTbYA1NM7dz1A,transfer_3,9012,jpeg50,self,29,cph:459,toronto:156,15.679998,36.1773
zurich_query_-7bB9HS2MqV7UT7vRyROfg,isotropic,1234,jpeg50,self,14,boston:139,zurich:19,15.680000,36.1773
zurich_query_-7bB9HS2MqV7UT7vRyROfg,white_box,1234,jpeg50,self,21,manila:72,zurich:19,15.679998,36.1773
zurich_query_-7bB9HS2MqV7UT7vRyROfg,transfer_1,1234,jpeg50,self,4,boston:249,zurich:19,15.680000,36.1773
zurich_query_-7bB9HS2MqV7UT7vRyROfg,transfer_2,1234,jpeg50,self,4,boston:249,zurich:19,15.680000,36.1773
zurich_query_-7bB9HS2MqV7UT7vRyROfg,transfer_3,1234,jpeg50,self,2,zurich:46,zurich:19,15.679997,36.1773
zurich_query_-7bB9HS2MqV7UT7vRyROfg,isotropic,5678,jpeg50,self,25,boston:139,zurich:19,15.679997,36.1773
zurich_query_-7bB9HS2MqV7UT7vRyROfg,white_box,5678,jpeg50,self,63,nairobi:20,zurich:19,15.680001,36.1773
zurich_query_-7bB9HS2MqV7UT7vRyROfg,transfer_1,5678,jpeg50,self,4,boston:249,zurich:19,15.679997,36.1773
zurich_query_-7bB9HS2MqV7UT7vRyROfg,transfer_2,5678,jpeg50,self,5,boston:249,zurich:19,15.680000,36.1773
zurich_query_-7bB9HS2MqV7UT7vRyROfg,transfer_3,5678,jpeg50,self,96,boston:90,zurich:19,15.679997,36.1773
zurich_query_-7bB9HS2MqV7UT7vRyROfg,isotropic,9012,jpeg50,self,4,boston:47,zurich:19,15.679998,36.1773
zurich_query_-7bB9HS2MqV7UT7vRyROfg,white_box,9012,jpeg50,self,25,manila:72,zurich:19,15.679997,36.1773
zurich_query_-7bB9HS2MqV7UT7vRyROfg,transfer_1,9012,jpeg50,self,6,boston:139,zurich:19,15.679997,36.1773
zurich_query_-7bB9HS2MqV7UT7vRyROfg,transfer_2,9012,jpeg50,self,8,zurich:46,zurich:19,15.679998,36.1773
zurich_query_-7bB9HS2MqV7UT7vRyROfg,transfer_3,9012,jpeg50,self,59,manila:181,zurich:19,15.680000,36.1773
amman_query_-L_vanPrT4RcWlLbzCqMKA,isotropic,1234,jpeg50,self,53,amman:26,amman:29,15.679998,36.1773
amman_query_-L_vanPrT4RcWlLbzCqMKA,white_box,1234,jpeg50,self,193,manila:72,amman:29,15.680000,36.1773
amman_query_-L_vanPrT4RcWlLbzCqMKA,transfer_1,1234,jpeg50,self,83,amman:26,amman:29,15.679997,36.1773
amman_query_-L_vanPrT4RcWlLbzCqMKA,transfer_2,1234,jpeg50,self,135,amman:26,amman:29,15.680001,36.1773
amman_query_-L_vanPrT4RcWlLbzCqMKA,transfer_3,1234,jpeg50,self,133,amman:26,amman:29,15.679998,36.1773
amman_query_-L_vanPrT4RcWlLbzCqMKA,isotropic,5678,jpeg50,self,78,amman:26,amman:29,15.679998,36.1773
amman_query_-L_vanPrT4RcWlLbzCqMKA,white_box,5678,jpeg50,self,42,manila:190,amman:29,15.679996,36.1773
amman_query_-L_vanPrT4RcWlLbzCqMKA,transfer_1,5678,jpeg50,self,227,manila:143,amman:29,15.680000,36.1773
amman_query_-L_vanPrT4RcWlLbzCqMKA,transfer_2,5678,jpeg50,self,130,amman:26,amman:29,15.680000,36.1773
amman_query_-L_vanPrT4RcWlLbzCqMKA,transfer_3,5678,jpeg50,self,139,amman:26,amman:29,15.680000,36.1773
amman_query_-L_vanPrT4RcWlLbzCqMKA,isotropic,9012,jpeg50,self,47,amman:26,amman:29,15.679997,36.1773
amman_query_-L_vanPrT4RcWlLbzCqMKA,white_box,9012,jpeg50,self,298,manila:143,amman:29,15.680001,36.1773
amman_query_-L_vanPrT4RcWlLbzCqMKA,transfer_1,9012,jpeg50,self,99,amman:26,amman:29,15.679997,36.1773
amman_query_-L_vanPrT4RcWlLbzCqMKA,transfer_2,9012,jpeg50,self,115,amman:21,amman:29,15.679997,36.1773
amman_query_-L_vanPrT4RcWlLbzCqMKA,transfer_3,9012,jpeg50,self,176,manila:190,amman:29,15.680000,36.1773
boston_query_-5-CNr3q7kmRGcDSMueI4w,isotropic,1234,jpeg50,self,7,cph:271,boston:234,15.679998,36.1773
boston_query_-5-CNr3q7kmRGcDSMueI4w,white_box,1234,jpeg50,self,1,boston:234,boston:234,15.680001,36.1773
boston_query_-5-CNr3q7kmRGcDSMueI4w,transfer_1,1234,jpeg50,self,6,cph:241,boston:234,15.679997,36.1773
boston_query_-5-CNr3q7kmRGcDSMueI4w,transfer_2,1234,jpeg50,self,1,boston:234,boston:234,15.679998,36.1773
boston_query_-5-CNr3q7kmRGcDSMueI4w,transfer_3,1234,jpeg50,self,2,cph:271,boston:234,15.679997,36.1773
boston_query_-5-CNr3q7kmRGcDSMueI4w,isotropic,5678,jpeg50,self,1,boston:234,boston:234,15.680000,36.1773
boston_query_-5-CNr3q7kmRGcDSMueI4w,white_box,5678,jpeg50,self,16,amman:32,boston:234,15.679997,36.1773
boston_query_-5-CNr3q7kmRGcDSMueI4w,transfer_1,5678,jpeg50,self,1,boston:234,boston:234,15.679998,36.1773
boston_query_-5-CNr3q7kmRGcDSMueI4w,transfer_2,5678,jpeg50,self,1,boston:234,boston:234,15.679998,36.1773
boston_query_-5-CNr3q7kmRGcDSMueI4w,transfer_3,5678,jpeg50,self,11,amman:32,boston:234,15.680000,36.1773
boston_query_-5-CNr3q7kmRGcDSMueI4w,isotropic,9012,jpeg50,self,2,cph:271,boston:234,15.679997,36.1773
boston_query_-5-CNr3q7kmRGcDSMueI4w,white_box,9012,jpeg50,self,11,boston:206,boston:234,15.680000,36.1773
boston_query_-5-CNr3q7kmRGcDSMueI4w,transfer_1,9012,jpeg50,self,1,boston:234,boston:234,15.679998,36.1773
boston_query_-5-CNr3q7kmRGcDSMueI4w,transfer_2,9012,jpeg50,self,3,cph:271,boston:234,15.680000,36.1773
boston_query_-5-CNr3q7kmRGcDSMueI4w,transfer_3,9012,jpeg50,self,1,boston:234,boston:234,15.679998,36.1773
cph_query_-0_HsZnndjHv76QpTyNFCA,isotropic,1234,jpeg50,self,2,boston:249,cph:242,15.680000,36.1773
cph_query_-0_HsZnndjHv76QpTyNFCA,white_box,1234,jpeg50,self,214,amman:23,cph:242,15.679997,36.1773
cph_query_-0_HsZnndjHv76QpTyNFCA,transfer_1,1234,jpeg50,self,2,boston:249,cph:242,15.679998,36.1773
cph_query_-0_HsZnndjHv76QpTyNFCA,transfer_2,1234,jpeg50,self,1,cph:242,cph:242,15.680000,36.1773
cph_query_-0_HsZnndjHv76QpTyNFCA,transfer_3,1234,jpeg50,self,2,boston:249,cph:242,15.680000,36.1773
cph_query_-0_HsZnndjHv76QpTyNFCA,isotropic,5678,jpeg50,self,2,boston:249,cph:242,15.680000,36.1773
cph_query_-0_HsZnndjHv76QpTyNFCA,white_box,5678,jpeg50,self,8,boston:145,cph:242,15.680000,36.1773
cph_query_-0_HsZnndjHv76QpTyNFCA,transfer_1,5678,jpeg50,self,2,boston:249,cph:242,15.679998,36.1773
cph_query_-0_HsZnndjHv76QpTyNFCA,transfer_2,5678,jpeg50,self,1,cph:242,cph:242,15.680001,36.1773
cph_query_-0_HsZnndjHv76QpTyNFCA,transfer_3,5678,jpeg50,self,4,amman:1,cph:242,15.680000,36.1773
cph_query_-0_HsZnndjHv76QpTyNFCA,isotropic,9012,jpeg50,self,2,boston:249,cph:242,15.679997,36.1773
cph_query_-0_HsZnndjHv76QpTyNFCA,white_box,9012,jpeg50,self,539,cph:464,cph:242,15.679998,36.1773
cph_query_-0_HsZnndjHv76QpTyNFCA,transfer_1,9012,jpeg50,self,2,boston:249,cph:242,15.679998,36.1773
cph_query_-0_HsZnndjHv76QpTyNFCA,transfer_2,9012,jpeg50,self,2,boston:249,cph:242,15.679998,36.1773
cph_query_-0_HsZnndjHv76QpTyNFCA,transfer_3,9012,jpeg50,self,1,cph:242,cph:242,15.679998,36.1773
london_query_-7cNAk24ZhuoOowcvDoImw,isotropic,1234,jpeg50,self,78,amman:25,london:126,15.680000,36.1773
london_query_-7cNAk24ZhuoOowcvDoImw,white_box,1234,jpeg50,self,54,amman:29,london:126,15.679997,36.1773
london_query_-7cNAk24ZhuoOowcvDoImw,transfer_1,1234,jpeg50,self,69,amman:25,london:126,15.679998,36.1773
london_query_-7cNAk24ZhuoOowcvDoImw,transfer_2,1234,jpeg50,self,31,amman:25,london:126,15.679998,36.1773
london_query_-7cNAk24ZhuoOowcvDoImw,transfer_3,1234,jpeg50,self,47,boston:191,london:126,15.680000,36.1773
london_query_-7cNAk24ZhuoOowcvDoImw,isotropic,5678,jpeg50,self,82,amman:25,london:126,15.680002,36.1773
london_query_-7cNAk24ZhuoOowcvDoImw,white_box,5678,jpeg50,self,19,cph:176,london:126,15.680000,36.1773
london_query_-7cNAk24ZhuoOowcvDoImw,transfer_1,5678,jpeg50,self,90,amman:25,london:126,15.679997,36.1773
london_query_-7cNAk24ZhuoOowcvDoImw,transfer_2,5678,jpeg50,self,54,boston:191,london:126,15.679997,36.1773
london_query_-7cNAk24ZhuoOowcvDoImw,transfer_3,5678,jpeg50,self,56,nairobi:22,london:126,15.680000,36.1773
london_query_-7cNAk24ZhuoOowcvDoImw,isotropic,9012,jpeg50,self,117,amman:25,london:126,15.679998,36.1773
london_query_-7cNAk24ZhuoOowcvDoImw,white_box,9012,jpeg50,self,60,london:71,london:126,15.679997,36.1773
london_query_-7cNAk24ZhuoOowcvDoImw,transfer_1,9012,jpeg50,self,74,amman:25,london:126,15.679997,36.1773
london_query_-7cNAk24ZhuoOowcvDoImw,transfer_2,9012,jpeg50,self,133,amman:25,london:126,15.679997,36.1773
london_query_-7cNAk24ZhuoOowcvDoImw,transfer_3,9012,jpeg50,self,44,nairobi:22,london:126,15.680001,36.1773
manila_query_-6NSbTuzpeyDbSXKeGAasg,isotropic,1234,jpeg50,self,4,toronto:23,manila:190,15.680000,36.1773
manila_query_-6NSbTuzpeyDbSXKeGAasg,white_box,1234,jpeg50,self,2,toronto:23,manila:190,15.679997,36.1773
manila_query_-6NSbTuzpeyDbSXKeGAasg,transfer_1,1234,jpeg50,self,5,toronto:23,manila:190,15.680000,36.1773
manila_query_-6NSbTuzpeyDbSXKeGAasg,transfer_2,1234,jpeg50,self,3,toronto:23,manila:190,15.680000,36.1773
manila_query_-6NSbTuzpeyDbSXKeGAasg,transfer_3,1234,jpeg50,self,5,toronto:23,manila:190,15.680001,36.1773
manila_query_-6NSbTuzpeyDbSXKeGAasg,isotropic,5678,jpeg50,self,4,toronto:23,manila:190,15.679997,36.1773
manila_query_-6NSbTuzpeyDbSXKeGAasg,white_box,5678,jpeg50,self,9,zurich:103,manila:190,15.680000,36.1773
manila_query_-6NSbTuzpeyDbSXKeGAasg,transfer_1,5678,jpeg50,self,5,toronto:23,manila:190,15.680000,36.1773
manila_query_-6NSbTuzpeyDbSXKeGAasg,transfer_2,5678,jpeg50,self,5,toronto:23,manila:190,15.680001,36.1773
manila_query_-6NSbTuzpeyDbSXKeGAasg,transfer_3,5678,jpeg50,self,12,manila:67,manila:190,15.680000,36.1773
manila_query_-6NSbTuzpeyDbSXKeGAasg,isotropic,9012,jpeg50,self,7,toronto:23,manila:190,15.679997,36.1773
manila_query_-6NSbTuzpeyDbSXKeGAasg,white_box,9012,jpeg50,self,10,manila:189,manila:190,15.679998,36.1773
manila_query_-6NSbTuzpeyDbSXKeGAasg,transfer_1,9012,jpeg50,self,11,toronto:23,manila:190,15.680000,36.1773
manila_query_-6NSbTuzpeyDbSXKeGAasg,transfer_2,9012,jpeg50,self,8,toronto:23,manila:190,15.679998,36.1773
manila_query_-6NSbTuzpeyDbSXKeGAasg,transfer_3,9012,jpeg50,self,8,toronto:23,manila:190,15.679997,36.1773
nairobi_query_-yxXz3in11JFniZQAa7m2A,isotropic,1234,jpeg50,self,35,cph:345,nairobi:10,15.680000,36.1773
nairobi_query_-yxXz3in11JFniZQAa7m2A,white_box,1234,jpeg50,self,1,nairobi:10,nairobi:10,15.680000,36.1773
nairobi_query_-yxXz3in11JFniZQAa7m2A,transfer_1,1234,jpeg50,self,21,toronto:197,nairobi:10,15.679997,36.1773
nairobi_query_-yxXz3in11JFniZQAa7m2A,transfer_2,1234,jpeg50,self,37,cph:345,nairobi:10,15.680000,36.1773
nairobi_query_-yxXz3in11JFniZQAa7m2A,transfer_3,1234,jpeg50,self,14,cph:345,nairobi:10,15.679997,36.1773
nairobi_query_-yxXz3in11JFniZQAa7m2A,isotropic,5678,jpeg50,self,39,toronto:197,nairobi:10,15.680001,36.1773
nairobi_query_-yxXz3in11JFniZQAa7m2A,white_box,5678,jpeg50,self,10,nairobi:7,nairobi:10,15.680000,36.1773
nairobi_query_-yxXz3in11JFniZQAa7m2A,transfer_1,5678,jpeg50,self,30,toronto:197,nairobi:10,15.680000,36.1773
nairobi_query_-yxXz3in11JFniZQAa7m2A,transfer_2,5678,jpeg50,self,47,cph:345,nairobi:10,15.679997,36.1773
nairobi_query_-yxXz3in11JFniZQAa7m2A,transfer_3,5678,jpeg50,self,59,cph:345,nairobi:10,15.679997,36.1773
nairobi_query_-yxXz3in11JFniZQAa7m2A,isotropic,9012,jpeg50,self,23,cph:345,nairobi:10,15.680001,36.1773
nairobi_query_-yxXz3in11JFniZQAa7m2A,white_box,9012,jpeg50,self,2,nairobi:9,nairobi:10,15.680000,36.1773
nairobi_query_-yxXz3in11JFniZQAa7m2A,transfer_1,9012,jpeg50,self,19,cph:345,nairobi:10,15.679998,36.1773
nairobi_query_-yxXz3in11JFniZQAa7m2A,transfer_2,9012,jpeg50,self,29,cph:345,nairobi:10,15.680000,36.1773
nairobi_query_-yxXz3in11JFniZQAa7m2A,transfer_3,9012,jpeg50,self,34,cph:345,nairobi:10,15.680000,36.1773
toronto_query_-5RKNbex7In9Ys4mH40wXA,isotropic,1234,jpeg50,self,1547,toronto:200,toronto:3,15.679996,36.1773
toronto_query_-5RKNbex7In9Ys4mH40wXA,white_box,1234,jpeg50,self,1469,toronto:200,toronto:3,15.680000,36.1773
toronto_query_-5RKNbex7In9Ys4mH40wXA,transfer_1,1234,jpeg50,self,1600,toronto:200,toronto:3,15.679998,36.1773
toronto_query_-5RKNbex7In9Ys4mH40wXA,transfer_2,1234,jpeg50,self,1532,toronto:200,toronto:3,15.679998,36.1773
toronto_query_-5RKNbex7In9Ys4mH40wXA,transfer_3,1234,jpeg50,self,1525,toronto:200,toronto:3,15.679998,36.1773
toronto_query_-5RKNbex7In9Ys4mH40wXA,isotropic,5678,jpeg50,self,1504,toronto:200,toronto:3,15.680001,36.1773
toronto_query_-5RKNbex7In9Ys4mH40wXA,white_box,5678,jpeg50,self,701,london:122,toronto:3,15.679998,36.1773
toronto_query_-5RKNbex7In9Ys4mH40wXA,transfer_1,5678,jpeg50,self,1618,toronto:200,toronto:3,15.680000,36.1773
toronto_query_-5RKNbex7In9Ys4mH40wXA,transfer_2,5678,jpeg50,self,1578,toronto:200,toronto:3,15.680000,36.1773
toronto_query_-5RKNbex7In9Ys4mH40wXA,transfer_3,5678,jpeg50,self,1620,toronto:200,toronto:3,15.680000,36.1773
toronto_query_-5RKNbex7In9Ys4mH40wXA,isotropic,9012,jpeg50,self,1457,toronto:200,toronto:3,15.679998,36.1773
toronto_query_-5RKNbex7In9Ys4mH40wXA,white_box,9012,jpeg50,self,1068,cph:356,toronto:3,15.680000,36.1773
toronto_query_-5RKNbex7In9Ys4mH40wXA,transfer_1,9012,jpeg50,self,1645,toronto:200,toronto:3,15.680000,36.1773
toronto_query_-5RKNbex7In9Ys4mH40wXA,transfer_2,9012,jpeg50,self,1630,toronto:200,toronto:3,15.679998,36.1773
toronto_query_-5RKNbex7In9Ys4mH40wXA,transfer_3,9012,jpeg50,self,1675,toronto:200,toronto:3,15.679997,36.1773
zurich_query_-ANYzSHAsjItBx6yJauT3A,isotropic,1234,jpeg50,self,30,cph:261,zurich:14,15.679997,36.1773
zurich_query_-ANYzSHAsjItBx6yJauT3A,white_box,1234,jpeg50,self,7,manila:106,zurich:14,15.680002,36.1773
zurich_query_-ANYzSHAsjItBx6yJauT3A,transfer_1,1234,jpeg50,self,38,manila:134,zurich:14,15.680001,36.1773
zurich_query_-ANYzSHAsjItBx6yJauT3A,transfer_2,1234,jpeg50,self,71,manila:134,zurich:14,15.680000,36.1773
zurich_query_-ANYzSHAsjItBx6yJauT3A,transfer_3,1234,jpeg50,self,100,toronto:196,zurich:14,15.680000,36.1773
zurich_query_-ANYzSHAsjItBx6yJauT3A,isotropic,5678,jpeg50,self,39,manila:134,zurich:14,15.679997,36.1773
zurich_query_-ANYzSHAsjItBx6yJauT3A,white_box,5678,jpeg50,self,135,toronto:196,zurich:14,15.679997,36.1773
zurich_query_-ANYzSHAsjItBx6yJauT3A,transfer_1,5678,jpeg50,self,30,manila:134,zurich:14,15.680001,36.1773
zurich_query_-ANYzSHAsjItBx6yJauT3A,transfer_2,5678,jpeg50,self,52,manila:134,zurich:14,15.680000,36.1773
zurich_query_-ANYzSHAsjItBx6yJauT3A,transfer_3,5678,jpeg50,self,105,manila:134,zurich:14,15.679998,36.1773
zurich_query_-ANYzSHAsjItBx6yJauT3A,isotropic,9012,jpeg50,self,48,manila:134,zurich:14,15.680000,36.1773
zurich_query_-ANYzSHAsjItBx6yJauT3A,white_box,9012,jpeg50,self,57,toronto:102,zurich:14,15.680001,36.1773
zurich_query_-ANYzSHAsjItBx6yJauT3A,transfer_1,9012,jpeg50,self,112,cph:243,zurich:14,15.680000,36.1773
zurich_query_-ANYzSHAsjItBx6yJauT3A,transfer_2,9012,jpeg50,self,42,manila:134,zurich:14,15.680001,36.1773
zurich_query_-ANYzSHAsjItBx6yJauT3A,transfer_3,9012,jpeg50,self,70,manila:134,zurich:14,15.680000,36.1773
amman_query_-MUBUlzvFxQS_zFg6xNhVg,isotropic,1234,jpeg50,self,152,amman:23,amman:6,15.679997,36.1773
amman_query_-MUBUlzvFxQS_zFg6xNhVg,white_box,1234,jpeg50,self,173,boston:206,amman:6,15.679997,36.1773
amman_query_-MUBUlzvFxQS_zFg6xNhVg,transfer_1,1234,jpeg50,self,236,boston:249,amman:6,15.679997,36.1773
amman_query_-MUBUlzvFxQS_zFg6xNhVg,transfer_2,1234,jpeg50,self,199,amman:23,amman:6,15.680000,36.1773
amman_query_-MUBUlzvFxQS_zFg6xNhVg,transfer_3,1234,jpeg50,self,59,amman:23,amman:6,15.680000,36.1773
amman_query_-MUBUlzvFxQS_zFg6xNhVg,isotropic,5678,jpeg50,self,192,amman:23,amman:6,15.680000,36.1773
amman_query_-MUBUlzvFxQS_zFg6xNhVg,white_box,5678,jpeg50,self,404,boston:206,amman:6,15.680000,36.1773
amman_query_-MUBUlzvFxQS_zFg6xNhVg,transfer_1,5678,jpeg50,self,170,amman:23,amman:6,15.680000,36.1773
amman_query_-MUBUlzvFxQS_zFg6xNhVg,transfer_2,5678,jpeg50,self,113,amman:23,amman:6,15.679997,36.1773
amman_query_-MUBUlzvFxQS_zFg6xNhVg,transfer_3,5678,jpeg50,self,36,zurich:19,amman:6,15.679997,36.1773
amman_query_-MUBUlzvFxQS_zFg6xNhVg,isotropic,9012,jpeg50,self,131,amman:23,amman:6,15.680000,36.1773
amman_query_-MUBUlzvFxQS_zFg6xNhVg,white_box,9012,jpeg50,self,36,zurich:19,amman:6,15.680000,36.1773
amman_query_-MUBUlzvFxQS_zFg6xNhVg,transfer_1,9012,jpeg50,self,109,amman:1,amman:6,15.680000,36.1773
amman_query_-MUBUlzvFxQS_zFg6xNhVg,transfer_2,9012,jpeg50,self,120,amman:23,amman:6,15.679998,36.1773
amman_query_-MUBUlzvFxQS_zFg6xNhVg,transfer_3,9012,jpeg50,self,66,zurich:19,amman:6,15.679998,36.1773
boston_query_-6RLrPXAeunQaNK6m645ZA,isotropic,1234,jpeg50,self,1,boston:237,boston:237,15.680002,36.1773
boston_query_-6RLrPXAeunQaNK6m645ZA,white_box,1234,jpeg50,self,62,cph:384,boston:237,15.679997,36.1773
boston_query_-6RLrPXAeunQaNK6m645ZA,transfer_1,1234,jpeg50,self,3,boston:234,boston:237,15.680002,36.1773
boston_query_-6RLrPXAeunQaNK6m645ZA,transfer_2,1234,jpeg50,self,2,boston:234,boston:237,15.680000,36.1773
boston_query_-6RLrPXAeunQaNK6m645ZA,transfer_3,1234,jpeg50,self,1,boston:237,boston:237,15.679997,36.1773
boston_query_-6RLrPXAeunQaNK6m645ZA,isotropic,5678,jpeg50,self,5,boston:145,boston:237,15.680000,36.1773
boston_query_-6RLrPXAeunQaNK6m645ZA,white_box,5678,jpeg50,self,1,boston:237,boston:237,15.680000,36.1773
boston_query_-6RLrPXAeunQaNK6m645ZA,transfer_1,5678,jpeg50,self,1,boston:237,boston:237,15.680000,36.1773
boston_query_-6RLrPXAeunQaNK6m645ZA,transfer_2,5678,jpeg50,self,1,boston:237,boston:237,15.680000,36.1773
boston_query_-6RLrPXAeunQaNK6m645ZA,transfer_3,5678,jpeg50,self,1,boston:237,boston:237,15.679997,36.1773
boston_query_-6RLrPXAeunQaNK6m645ZA,isotropic,9012,jpeg50,self,2,boston:145,boston:237,15.679998,36.1773
boston_query_-6RLrPXAeunQaNK6m645ZA,white_box,9012,jpeg50,self,2,boston:90,boston:237,15.679997,36.1773
boston_query_-6RLrPXAeunQaNK6m645ZA,transfer_1,9012,jpeg50,self,1,boston:237,boston:237,15.680000,36.1773
boston_query_-6RLrPXAeunQaNK6m645ZA,transfer_2,9012,jpeg50,self,1,boston:237,boston:237,15.679997,36.1773
boston_query_-6RLrPXAeunQaNK6m645ZA,transfer_3,9012,jpeg50,self,1,boston:237,boston:237,15.679996,36.1773
cph_query_-2N5Dmf5tOm5N83KXgvjDw,isotropic,1234,jpeg50,self,1,cph:459,cph:459,15.680000,36.1773
cph_query_-2N5Dmf5tOm5N83KXgvjDw,white_box,1234,jpeg50,self,11,manila:92,cph:459,15.679997,36.1773
cph_query_-2N5Dmf5tOm5N83KXgvjDw,transfer_1,1234,jpeg50,self,1,cph:459,cph:459,15.680000,36.1773
cph_query_-2N5Dmf5tOm5N83KXgvjDw,transfer_2,1234,jpeg50,self,1,cph:459,cph:459,15.679998,36.1773
cph_query_-2N5Dmf5tOm5N83KXgvjDw,transfer_3,1234,jpeg50,self,1,cph:459,cph:459,15.680000,36.1773
cph_query_-2N5Dmf5tOm5N83KXgvjDw,isotropic,5678,jpeg50,self,1,cph:459,cph:459,15.679997,36.1773
cph_query_-2N5Dmf5tOm5N83KXgvjDw,white_box,5678,jpeg50,self,2,manila:92,cph:459,15.679996,36.1773
cph_query_-2N5Dmf5tOm5N83KXgvjDw,transfer_1,5678,jpeg50,self,1,cph:459,cph:459,15.679997,36.1773
cph_query_-2N5Dmf5tOm5N83KXgvjDw,transfer_2,5678,jpeg50,self,1,cph:459,cph:459,15.680000,36.1773
cph_query_-2N5Dmf5tOm5N83KXgvjDw,transfer_3,5678,jpeg50,self,1,cph:459,cph:459,15.680001,36.1773
cph_query_-2N5Dmf5tOm5N83KXgvjDw,isotropic,9012,jpeg50,self,1,cph:459,cph:459,15.679997,36.1773
cph_query_-2N5Dmf5tOm5N83KXgvjDw,white_box,9012,jpeg50,self,40,boston:249,cph:459,15.679996,36.1773
cph_query_-2N5Dmf5tOm5N83KXgvjDw,transfer_1,9012,jpeg50,self,1,cph:459,cph:459,15.680000,36.1773
cph_query_-2N5Dmf5tOm5N83KXgvjDw,transfer_2,9012,jpeg50,self,1,cph:459,cph:459,15.680000,36.1773
cph_query_-2N5Dmf5tOm5N83KXgvjDw,transfer_3,9012,jpeg50,self,1,cph:459,cph:459,15.680001,36.1773
london_query_-8xWvI5d3Z6gfsRDb_kEQQ,isotropic,1234,jpeg50,self,37,london:28,london:15,15.679996,36.1773
london_query_-8xWvI5d3Z6gfsRDb_kEQQ,white_box,1234,jpeg50,self,7,cph:71,london:15,15.679997,36.1773
london_query_-8xWvI5d3Z6gfsRDb_kEQQ,transfer_1,1234,jpeg50,self,30,london:28,london:15,15.680000,36.1773
london_query_-8xWvI5d3Z6gfsRDb_kEQQ,transfer_2,1234,jpeg50,self,24,london:28,london:15,15.680000,36.1773
london_query_-8xWvI5d3Z6gfsRDb_kEQQ,transfer_3,1234,jpeg50,self,6,london:28,london:15,15.679997,36.1773
london_query_-8xWvI5d3Z6gfsRDb_kEQQ,isotropic,5678,jpeg50,self,34,london:28,london:15,15.680000,36.1773
london_query_-8xWvI5d3Z6gfsRDb_kEQQ,white_box,5678,jpeg50,self,3,manila:41,london:15,15.680000,36.1773
london_query_-8xWvI5d3Z6gfsRDb_kEQQ,transfer_1,5678,jpeg50,self,17,london:28,london:15,15.680000,36.1773
london_query_-8xWvI5d3Z6gfsRDb_kEQQ,transfer_2,5678,jpeg50,self,16,london:28,london:15,15.680000,36.1773
london_query_-8xWvI5d3Z6gfsRDb_kEQQ,transfer_3,5678,jpeg50,self,26,london:28,london:15,15.679997,36.1773
london_query_-8xWvI5d3Z6gfsRDb_kEQQ,isotropic,9012,jpeg50,self,21,london:28,london:15,15.680001,36.1773
london_query_-8xWvI5d3Z6gfsRDb_kEQQ,white_box,9012,jpeg50,self,34,manila:142,london:15,15.680000,36.1773
london_query_-8xWvI5d3Z6gfsRDb_kEQQ,transfer_1,9012,jpeg50,self,23,london:28,london:15,15.679997,36.1773
london_query_-8xWvI5d3Z6gfsRDb_kEQQ,transfer_2,9012,jpeg50,self,15,london:28,london:15,15.679997,36.1773
london_query_-8xWvI5d3Z6gfsRDb_kEQQ,transfer_3,9012,jpeg50,self,9,london:28,london:15,15.680001,36.1773
manila_query_-6_2C-ExaVhx4ONvHOvffw,isotropic,1234,jpeg50,self,228,manila:33,manila:67,15.680002,36.1773
manila_query_-6_2C-ExaVhx4ONvHOvffw,white_box,1234,jpeg50,self,202,toronto:88,manila:67,15.679997,36.1773
manila_query_-6_2C-ExaVhx4ONvHOvffw,transfer_1,1234,jpeg50,self,58,nairobi:10,manila:67,15.679998,36.1773
manila_query_-6_2C-ExaVhx4ONvHOvffw,transfer_2,1234,jpeg50,self,185,nairobi:10,manila:67,15.679997,36.1773
manila_query_-6_2C-ExaVhx4ONvHOvffw,transfer_3,1234,jpeg50,self,102,nairobi:10,manila:67,15.680000,36.1773
manila_query_-6_2C-ExaVhx4ONvHOvffw,isotropic,5678,jpeg50,self,277,nairobi:10,manila:67,15.680001,36.1773
manila_query_-6_2C-ExaVhx4ONvHOvffw,white_box,5678,jpeg50,self,249,toronto:88,manila:67,15.680000,36.1773
manila_query_-6_2C-ExaVhx4ONvHOvffw,transfer_1,5678,jpeg50,self,151,nairobi:10,manila:67,15.680000,36.1773
manila_query_-6_2C-ExaVhx4ONvHOvffw,transfer_2,5678,jpeg50,self,164,nairobi:10,manila:67,15.680000,36.1773
manila_query_-6_2C-ExaVhx4ONvHOvffw,transfer_3,5678,jpeg50,self,95,boston:168,manila:67,15.680000,36.1773
manila_query_-6_2C-ExaVhx4ONvHOvffw,isotropic,9012,jpeg50,self,239,nairobi:10,manila:67,15.680001,36.1773
manila_query_-6_2C-ExaVhx4ONvHOvffw,white_box,9012,jpeg50,self,270,boston:210,manila:67,15.679998,36.1773
manila_query_-6_2C-ExaVhx4ONvHOvffw,transfer_1,9012,jpeg50,self,124,nairobi:10,manila:67,15.679997,36.1773
manila_query_-6_2C-ExaVhx4ONvHOvffw,transfer_2,9012,jpeg50,self,236,nairobi:10,manila:67,15.680000,36.1773
manila_query_-6_2C-ExaVhx4ONvHOvffw,transfer_3,9012,jpeg50,self,142,manila:33,manila:67,15.680000,36.1773
nairobi_query_0-ZdPdUGwVdDwKbIOxQCBA,isotropic,1234,jpeg50,self,10,manila:189,nairobi:15,15.680000,36.1773
nairobi_query_0-ZdPdUGwVdDwKbIOxQCBA,white_box,1234,jpeg50,self,67,manila:23,nairobi:15,15.680000,36.1773
nairobi_query_0-ZdPdUGwVdDwKbIOxQCBA,transfer_1,1234,jpeg50,self,18,manila:189,nairobi:15,15.679998,36.1773
nairobi_query_0-ZdPdUGwVdDwKbIOxQCBA,transfer_2,1234,jpeg50,self,8,london:85,nairobi:15,15.680000,36.1773
nairobi_query_0-ZdPdUGwVdDwKbIOxQCBA,transfer_3,1234,jpeg50,self,28,manila:189,nairobi:15,15.680001,36.1773
nairobi_query_0-ZdPdUGwVdDwKbIOxQCBA,isotropic,5678,jpeg50,self,10,manila:189,nairobi:15,15.679997,36.1773
nairobi_query_0-ZdPdUGwVdDwKbIOxQCBA,white_box,5678,jpeg50,self,73,toronto:200,nairobi:15,15.679998,36.1773
nairobi_query_0-ZdPdUGwVdDwKbIOxQCBA,transfer_1,5678,jpeg50,self,10,manila:190,nairobi:15,15.679997,36.1773
nairobi_query_0-ZdPdUGwVdDwKbIOxQCBA,transfer_2,5678,jpeg50,self,34,manila:189,nairobi:15,15.679998,36.1773
nairobi_query_0-ZdPdUGwVdDwKbIOxQCBA,transfer_3,5678,jpeg50,self,103,london:85,nairobi:15,15.679997,36.1773
nairobi_query_0-ZdPdUGwVdDwKbIOxQCBA,isotropic,9012,jpeg50,self,5,london:85,nairobi:15,15.680000,36.1773
nairobi_query_0-ZdPdUGwVdDwKbIOxQCBA,white_box,9012,jpeg50,self,96,manila:173,nairobi:15,15.680000,36.1773
nairobi_query_0-ZdPdUGwVdDwKbIOxQCBA,transfer_1,9012,jpeg50,self,19,london:85,nairobi:15,15.680001,36.1773
nairobi_query_0-ZdPdUGwVdDwKbIOxQCBA,transfer_2,9012,jpeg50,self,7,manila:190,nairobi:15,15.679998,36.1773
nairobi_query_0-ZdPdUGwVdDwKbIOxQCBA,transfer_3,9012,jpeg50,self,20,london:85,nairobi:15,15.680000,36.1773
toronto_query_-5ryd5v5eXUsmP9y4p6w_g,isotropic,1234,jpeg50,self,518,cph:175,toronto:346,15.680000,36.1773
toronto_query_-5ryd5v5eXUsmP9y4p6w_g,white_box,1234,jpeg50,self,15,toronto:196,toronto:346,15.680000,36.1773
toronto_query_-5ryd5v5eXUsmP9y4p6w_g,transfer_1,1234,jpeg50,self,519,cph:175,toronto:346,15.679997,36.1773
toronto_query_-5ryd5v5eXUsmP9y4p6w_g,transfer_2,1234,jpeg50,self,654,cph:175,toronto:346,15.680000,36.1773
toronto_query_-5ryd5v5eXUsmP9y4p6w_g,transfer_3,1234,jpeg50,self,154,toronto:244,toronto:346,15.680000,36.1773
toronto_query_-5ryd5v5eXUsmP9y4p6w_g,isotropic,5678,jpeg50,self,354,cph:175,toronto:346,15.680000,36.1773
toronto_query_-5ryd5v5eXUsmP9y4p6w_g,white_box,5678,jpeg50,self,80,amman:21,toronto:346,15.679997,36.1773
toronto_query_-5ryd5v5eXUsmP9y4p6w_g,transfer_1,5678,jpeg50,self,275,nairobi:10,toronto:346,15.680000,36.1773
toronto_query_-5ryd5v5eXUsmP9y4p6w_g,transfer_2,5678,jpeg50,self,397,cph:175,toronto:346,15.680000,36.1773
toronto_query_-5ryd5v5eXUsmP9y4p6w_g,transfer_3,5678,jpeg50,self,201,nairobi:10,toronto:346,15.679997,36.1773
toronto_query_-5ryd5v5eXUsmP9y4p6w_g,isotropic,9012,jpeg50,self,528,cph:175,toronto:346,15.679998,36.1773
toronto_query_-5ryd5v5eXUsmP9y4p6w_g,white_box,9012,jpeg50,self,25,toronto:354,toronto:346,15.680000,36.1773
toronto_query_-5ryd5v5eXUsmP9y4p6w_g,transfer_1,9012,jpeg50,self,689,cph:175,toronto:346,15.679998,36.1773
toronto_query_-5ryd5v5eXUsmP9y4p6w_g,transfer_2,9012,jpeg50,self,94,amman:25,toronto:346,15.679998,36.1773
toronto_query_-5ryd5v5eXUsmP9y4p6w_g,transfer_3,9012,jpeg50,self,95,amman:23,toronto:346,15.680000,36.1773
zurich_query_-Bz7by7mnVU_HZbXc8FmpQ,isotropic,1234,jpeg50,self,2,toronto:351,zurich:111,15.679997,36.1773
zurich_query_-Bz7by7mnVU_HZbXc8FmpQ,white_box,1234,jpeg50,self,136,toronto:354,zurich:111,15.679998,36.1773
zurich_query_-Bz7by7mnVU_HZbXc8FmpQ,transfer_1,1234,jpeg50,self,5,toronto:244,zurich:111,15.679997,36.1773
zurich_query_-Bz7by7mnVU_HZbXc8FmpQ,transfer_2,1234,jpeg50,self,10,toronto:351,zurich:111,15.679997,36.1773
zurich_query_-Bz7by7mnVU_HZbXc8FmpQ,transfer_3,1234,jpeg50,self,9,toronto:244,zurich:111,15.679998,36.1773
zurich_query_-Bz7by7mnVU_HZbXc8FmpQ,isotropic,5678,jpeg50,self,3,toronto:351,zurich:111,15.679998,36.1773
zurich_query_-Bz7by7mnVU_HZbXc8FmpQ,white_box,5678,jpeg50,self,19,toronto:273,zurich:111,15.679998,36.1773
zurich_query_-Bz7by7mnVU_HZbXc8FmpQ,transfer_1,5678,jpeg50,self,12,toronto:351,zurich:111,15.680000,36.1773
zurich_query_-Bz7by7mnVU_HZbXc8FmpQ,transfer_2,5678,jpeg50,self,5,toronto:351,zurich:111,15.679998,36.1773
zurich_query_-Bz7by7mnVU_HZbXc8FmpQ,transfer_3,5678,jpeg50,self,15,toronto:351,zurich:111,15.680000,36.1773
zurich_query_-Bz7by7mnVU_HZbXc8FmpQ,isotropic,9012,jpeg50,self,4,toronto:351,zurich:111,15.680000,36.1773
zurich_query_-Bz7by7mnVU_HZbXc8FmpQ,white_box,9012,jpeg50,self,108,toronto:351,zurich:111,15.679997,36.1773
zurich_query_-Bz7by7mnVU_HZbXc8FmpQ,transfer_1,9012,jpeg50,self,5,toronto:351,zurich:111,15.680000,36.1773
zurich_query_-Bz7by7mnVU_HZbXc8FmpQ,transfer_2,9012,jpeg50,self,5,toronto:351,zurich:111,15.679997,36.1773
zurich_query_-Bz7by7mnVU_HZbXc8FmpQ,transfer_3,9012,jpeg50,self,28,toronto:351,zurich:111,15.680000,36.1773
amman_query_-N1g8CEJP4UIaWH8Qqja2g,isotropic,1234,jpeg50,self,50,amman:11,amman:26,15.679998,36.1773
amman_query_-N1g8CEJP4UIaWH8Qqja2g,white_box,1234,jpeg50,self,18,manila:143,amman:26,15.680001,36.1773
amman_query_-N1g8CEJP4UIaWH8Qqja2g,transfer_1,1234,jpeg50,self,57,amman:11,amman:26,15.679998,36.1773
amman_query_-N1g8CEJP4UIaWH8Qqja2g,transfer_2,1234,jpeg50,self,104,amman:21,amman:26,15.680001,36.1773
amman_query_-N1g8CEJP4UIaWH8Qqja2g,transfer_3,1234,jpeg50,self,50,amman:21,amman:26,15.680000,36.1773
amman_query_-N1g8CEJP4UIaWH8Qqja2g,isotropic,5678,jpeg50,self,20,amman:11,amman:26,15.679997,36.1773
amman_query_-N1g8CEJP4UIaWH8Qqja2g,white_box,5678,jpeg50,self,42,manila:143,amman:26,15.680000,36.1773
amman_query_-N1g8CEJP4UIaWH8Qqja2g,transfer_1,5678,jpeg50,self,55,amman:11,amman:26,15.679997,36.1773
amman_query_-N1g8CEJP4UIaWH8Qqja2g,transfer_2,5678,jpeg50,self,38,amman:21,amman:26,15.679998,36.1773
amman_query_-N1g8CEJP4UIaWH8Qqja2g,transfer_3,5678,jpeg50,self,50,amman:21,amman:26,15.679997,36.1773
amman_query_-N1g8CEJP4UIaWH8Qqja2g,isotropic,9012,jpeg50,self,31,amman:11,amman:26,15.679998,36.1773
amman_query_-N1g8CEJP4UIaWH8Qqja2g,white_box,9012,jpeg50,self,27,manila:143,amman:26,15.679997,36.1773
amman_query_-N1g8CEJP4UIaWH8Qqja2g,transfer_1,9012,jpeg50,self,124,amman:21,amman:26,15.680000,36.1773
amman_query_-N1g8CEJP4UIaWH8Qqja2g,transfer_2,9012,jpeg50,self,32,amman:21,amman:26,15.680000,36.1773
amman_query_-N1g8CEJP4UIaWH8Qqja2g,transfer_3,9012,jpeg50,self,57,amman:21,amman:26,15.680000,36.1773
boston_query_-7KZUz5u8-7ja98pf8etVA,isotropic,1234,jpeg50,self,413,boston:79,boston:176,15.680000,36.1773
boston_query_-7KZUz5u8-7ja98pf8etVA,white_box,1234,jpeg50,self,1207,manila:13,boston:176,15.679997,36.1773
boston_query_-7KZUz5u8-7ja98pf8etVA,transfer_1,1234,jpeg50,self,441,boston:98,boston:176,15.679997,36.1773
boston_query_-7KZUz5u8-7ja98pf8etVA,transfer_2,1234,jpeg50,self,652,boston:98,boston:176,15.680000,36.1773
boston_query_-7KZUz5u8-7ja98pf8etVA,transfer_3,1234,jpeg50,self,315,boston:90,boston:176,15.679996,36.1773
boston_query_-7KZUz5u8-7ja98pf8etVA,isotropic,5678,jpeg50,self,546,boston:79,boston:176,15.680001,36.1773
boston_query_-7KZUz5u8-7ja98pf8etVA,white_box,5678,jpeg50,self,201,boston:90,boston:176,15.680001,36.1773
boston_query_-7KZUz5u8-7ja98pf8etVA,transfer_1,5678,jpeg50,self,186,boston:79,boston:176,15.679998,36.1773
boston_query_-7KZUz5u8-7ja98pf8etVA,transfer_2,5678,jpeg50,self,474,boston:79,boston:176,15.679997,36.1773
boston_query_-7KZUz5u8-7ja98pf8etVA,transfer_3,5678,jpeg50,self,256,boston:90,boston:176,15.679997,36.1773
boston_query_-7KZUz5u8-7ja98pf8etVA,isotropic,9012,jpeg50,self,584,boston:98,boston:176,15.679997,36.1773
boston_query_-7KZUz5u8-7ja98pf8etVA,white_box,9012,jpeg50,self,1182,boston:90,boston:176,15.679998,36.1773
boston_query_-7KZUz5u8-7ja98pf8etVA,transfer_1,9012,jpeg50,self,468,boston:79,boston:176,15.680000,36.1773
boston_query_-7KZUz5u8-7ja98pf8etVA,transfer_2,9012,jpeg50,self,599,boston:98,boston:176,15.680001,36.1773
boston_query_-7KZUz5u8-7ja98pf8etVA,transfer_3,9012,jpeg50,self,299,boston:90,boston:176,15.679997,36.1773
cph_query_-3uNzD-M1uI2jZeGqOkpXg,isotropic,1234,jpeg50,self,198,london:78,cph:7,15.679997,36.1773
cph_query_-3uNzD-M1uI2jZeGqOkpXg,white_box,1234,jpeg50,self,351,amman:25,cph:7,15.679997,36.1773
cph_query_-3uNzD-M1uI2jZeGqOkpXg,transfer_1,1234,jpeg50,self,325,london:78,cph:7,15.679998,36.1773
cph_query_-3uNzD-M1uI2jZeGqOkpXg,transfer_2,1234,jpeg50,self,284,boston:191,cph:7,15.680000,36.1773
cph_query_-3uNzD-M1uI2jZeGqOkpXg,transfer_3,1234,jpeg50,self,107,london:78,cph:7,15.679997,36.1773
cph_query_-3uNzD-M1uI2jZeGqOkpXg,isotropic,5678,jpeg50,self,208,london:78,cph:7,15.680000,36.1773
cph_query_-3uNzD-M1uI2jZeGqOkpXg,white_box,5678,jpeg50,self,297,zurich:35,cph:7,15.680001,36.1773
cph_query_-3uNzD-M1uI2jZeGqOkpXg,transfer_1,5678,jpeg50,self,183,boston:191,cph:7,15.679997,36.1773
cph_query_-3uNzD-M1uI2jZeGqOkpXg,transfer_2,5678,jpeg50,self,203,boston:239,cph:7,15.680001,36.1773
cph_query_-3uNzD-M1uI2jZeGqOkpXg,transfer_3,5678,jpeg50,self,152,london:78,cph:7,15.679998,36.1773
cph_query_-3uNzD-M1uI2jZeGqOkpXg,isotropic,9012,jpeg50,self,244,london:78,cph:7,15.680000,36.1773
cph_query_-3uNzD-M1uI2jZeGqOkpXg,white_box,9012,jpeg50,self,376,london:78,cph:7,15.679997,36.1773
cph_query_-3uNzD-M1uI2jZeGqOkpXg,transfer_1,9012,jpeg50,self,180,london:78,cph:7,15.679997,36.1773
cph_query_-3uNzD-M1uI2jZeGqOkpXg,transfer_2,9012,jpeg50,self,256,london:78,cph:7,15.679997,36.1773
cph_query_-3uNzD-M1uI2jZeGqOkpXg,transfer_3,9012,jpeg50,self,106,london:78,cph:7,15.680000,36.1773
london_query_-9FGszdwftnBlzMuP0c_NQ,isotropic,1234,jpeg50,self,1,london:18,london:18,15.679998,36.1773
london_query_-9FGszdwftnBlzMuP0c_NQ,white_box,1234,jpeg50,self,87,cph:245,london:18,15.679997,36.1773
london_query_-9FGszdwftnBlzMuP0c_NQ,transfer_1,1234,jpeg50,self,1,london:18,london:18,15.679996,36.1773
london_query_-9FGszdwftnBlzMuP0c_NQ,transfer_2,1234,jpeg50,self,1,london:18,london:18,15.679998,36.1773
london_query_-9FGszdwftnBlzMuP0c_NQ,transfer_3,1234,jpeg50,self,1,london:18,london:18,15.679997,36.1773
london_query_-9FGszdwftnBlzMuP0c_NQ,isotropic,5678,jpeg50,self,1,london:18,london:18,15.680000,36.1773
london_query_-9FGszdwftnBlzMuP0c_NQ,white_box,5678,jpeg50,self,213,boston:249,london:18,15.679997,36.1773
london_query_-9FGszdwftnBlzMuP0c_NQ,transfer_1,5678,jpeg50,self,1,london:18,london:18,15.680000,36.1773
london_query_-9FGszdwftnBlzMuP0c_NQ,transfer_2,5678,jpeg50,self,1,london:18,london:18,15.680000,36.1773
london_query_-9FGszdwftnBlzMuP0c_NQ,transfer_3,5678,jpeg50,self,8,toronto:273,london:18,15.680000,36.1773
london_query_-9FGszdwftnBlzMuP0c_NQ,isotropic,9012,jpeg50,self,1,london:18,london:18,15.680000,36.1773
london_query_-9FGszdwftnBlzMuP0c_NQ,white_box,9012,jpeg50,self,361,manila:92,london:18,15.680001,36.1773
london_query_-9FGszdwftnBlzMuP0c_NQ,transfer_1,9012,jpeg50,self,1,london:18,london:18,15.679998,36.1773
london_query_-9FGszdwftnBlzMuP0c_NQ,transfer_2,9012,jpeg50,self,1,london:18,london:18,15.679997,36.1773
london_query_-9FGszdwftnBlzMuP0c_NQ,transfer_3,9012,jpeg50,self,1,london:18,london:18,15.680000,36.1773
manila_query_-6_XaKv0Rrp2Jl0G9m_8NQ,isotropic,1234,jpeg50,self,9,toronto:274,manila:88,15.679998,36.1773
manila_query_-6_XaKv0Rrp2Jl0G9m_8NQ,white_box,1234,jpeg50,self,372,manila:190,manila:88,15.680000,36.1773
manila_query_-6_XaKv0Rrp2Jl0G9m_8NQ,transfer_1,1234,jpeg50,self,59,nairobi:12,manila:88,15.679997,36.1773
manila_query_-6_XaKv0Rrp2Jl0G9m_8NQ,transfer_2,1234,jpeg50,self,107,manila:143,manila:88,15.679997,36.1773
manila_query_-6_XaKv0Rrp2Jl0G9m_8NQ,transfer_3,1234,jpeg50,self,89,manila:143,manila:88,15.679997,36.1773
manila_query_-6_XaKv0Rrp2Jl0G9m_8NQ,isotropic,5678,jpeg50,self,27,nairobi:12,manila:88,15.679997,36.1773
manila_query_-6_XaKv0Rrp2Jl0G9m_8NQ,white_box,5678,jpeg50,self,102,manila:190,manila:88,15.680000,36.1773
manila_query_-6_XaKv0Rrp2Jl0G9m_8NQ,transfer_1,5678,jpeg50,self,53,nairobi:12,manila:88,15.679997,36.1773
manila_query_-6_XaKv0Rrp2Jl0G9m_8NQ,transfer_2,5678,jpeg50,self,179,nairobi:12,manila:88,15.680001,36.1773
manila_query_-6_XaKv0Rrp2Jl0G9m_8NQ,transfer_3,5678,jpeg50,self,126,manila:143,manila:88,15.680000,36.1773
manila_query_-6_XaKv0Rrp2Jl0G9m_8NQ,isotropic,9012,jpeg50,self,72,nairobi:12,manila:88,15.679998,36.1773
manila_query_-6_XaKv0Rrp2Jl0G9m_8NQ,white_box,9012,jpeg50,self,136,amman:23,manila:88,15.679997,36.1773
manila_query_-6_XaKv0Rrp2Jl0G9m_8NQ,transfer_1,9012,jpeg50,self,15,nairobi:12,manila:88,15.680000,36.1773
manila_query_-6_XaKv0Rrp2Jl0G9m_8NQ,transfer_2,9012,jpeg50,self,57,nairobi:12,manila:88,15.679997,36.1773
manila_query_-6_XaKv0Rrp2Jl0G9m_8NQ,transfer_3,9012,jpeg50,self,59,nairobi:12,manila:88,15.680001,36.1773
nairobi_query_01juXwMfxX_a4pfhpqt66g,isotropic,1234,jpeg50,self,77,manila:72,nairobi:10,15.680002,36.1773
nairobi_query_01juXwMfxX_a4pfhpqt66g,white_box,1234,jpeg50,self,25,manila:23,nairobi:10,15.680001,36.1773
nairobi_query_01juXwMfxX_a4pfhpqt66g,transfer_1,1234,jpeg50,self,77,nairobi:4,nairobi:10,15.680000,36.1773
nairobi_query_01juXwMfxX_a4pfhpqt66g,transfer_2,1234,jpeg50,self,107,nairobi:20,nairobi:10,15.680000,36.1773
nairobi_query_01juXwMfxX_a4pfhpqt66g,transfer_3,1234,jpeg50,self,93,london:85,nairobi:10,15.679997,36.1773
nairobi_query_01juXwMfxX_a4pfhpqt66g,isotropic,5678,jpeg50,self,51,cph:345,nairobi:10,15.679997,36.1773
nairobi_query_01juXwMfxX_a4pfhpqt66g,white_box,5678,jpeg50,self,110,cph:345,nairobi:10,15.680001,36.1773
nairobi_query_01juXwMfxX_a4pfhpqt66g,transfer_1,5678,jpeg50,self,51,cph:345,nairobi:10,15.679997,36.1773
nairobi_query_01juXwMfxX_a4pfhpqt66g,transfer_2,5678,jpeg50,self,125,nairobi:20,nairobi:10,15.679998,36.1773
nairobi_query_01juXwMfxX_a4pfhpqt66g,transfer_3,5678,jpeg50,self,134,london:85,nairobi:10,15.680000,36.1773
nairobi_query_01juXwMfxX_a4pfhpqt66g,isotropic,9012,jpeg50,self,71,nairobi:20,nairobi:10,15.680001,36.1773
nairobi_query_01juXwMfxX_a4pfhpqt66g,white_box,9012,jpeg50,self,7,cph:345,nairobi:10,15.679997,36.1773
nairobi_query_01juXwMfxX_a4pfhpqt66g,transfer_1,9012,jpeg50,self,43,london:85,nairobi:10,15.680000,36.1773
nairobi_query_01juXwMfxX_a4pfhpqt66g,transfer_2,9012,jpeg50,self,288,boston:123,nairobi:10,15.680000,36.1773
nairobi_query_01juXwMfxX_a4pfhpqt66g,transfer_3,9012,jpeg50,self,77,london:85,nairobi:10,15.679997,36.1773
toronto_query_-5z50PgNYnxK8Ns2WmF_TQ,isotropic,1234,jpeg50,self,90,toronto:354,toronto:301,15.680000,36.1773
toronto_query_-5z50PgNYnxK8Ns2WmF_TQ,white_box,1234,jpeg50,self,86,amman:23,toronto:301,15.680000,36.1773
toronto_query_-5z50PgNYnxK8Ns2WmF_TQ,transfer_1,1234,jpeg50,self,49,zurich:42,toronto:301,15.679997,36.1773
toronto_query_-5z50PgNYnxK8Ns2WmF_TQ,transfer_2,1234,jpeg50,self,55,toronto:244,toronto:301,15.679997,36.1773
toronto_query_-5z50PgNYnxK8Ns2WmF_TQ,transfer_3,1234,jpeg50,self,28,toronto:346,toronto:301,15.679997,36.1773
toronto_query_-5z50PgNYnxK8Ns2WmF_TQ,isotropic,5678,jpeg50,self,39,zurich:42,toronto:301,15.679997,36.1773
toronto_query_-5z50PgNYnxK8Ns2WmF_TQ,white_box,5678,jpeg50,self,85,amman:6,toronto:301,15.680000,36.1773
toronto_query_-5z50PgNYnxK8Ns2WmF_TQ,transfer_1,5678,jpeg50,self,50,zurich:42,toronto:301,15.680000,36.1773
toronto_query_-5z50PgNYnxK8Ns2WmF_TQ,transfer_2,5678,jpeg50,self,24,zurich:42,toronto:301,15.680000,36.1773
toronto_query_-5z50PgNYnxK8Ns2WmF_TQ,transfer_3,5678,jpeg50,self,25,amman:1,toronto:301,15.679996,36.1773
toronto_query_-5z50PgNYnxK8Ns2WmF_TQ,isotropic,9012,jpeg50,self,62,zurich:42,toronto:301,15.680000,36.1773
toronto_query_-5z50PgNYnxK8Ns2WmF_TQ,white_box,9012,jpeg50,self,142,toronto:244,toronto:301,15.679997,36.1773
toronto_query_-5z50PgNYnxK8Ns2WmF_TQ,transfer_1,9012,jpeg50,self,92,toronto:244,toronto:301,15.680000,36.1773
toronto_query_-5z50PgNYnxK8Ns2WmF_TQ,transfer_2,9012,jpeg50,self,66,toronto:244,toronto:301,15.679997,36.1773
toronto_query_-5z50PgNYnxK8Ns2WmF_TQ,transfer_3,9012,jpeg50,self,120,cph:464,toronto:301,15.679997,36.1773
zurich_query_-D3dDkhM5rjIJhj1SPdroA,isotropic,1234,jpeg50,self,79,cph:271,zurich:96,15.680000,36.1773
zurich_query_-D3dDkhM5rjIJhj1SPdroA,white_box,1234,jpeg50,self,301,zurich:42,zurich:96,15.679997,36.1773
zurich_query_-D3dDkhM5rjIJhj1SPdroA,transfer_1,1234,jpeg50,self,55,cph:271,zurich:96,15.679997,36.1773
zurich_query_-D3dDkhM5rjIJhj1SPdroA,transfer_2,1234,jpeg50,self,24,cph:271,zurich:96,15.679998,36.1773
zurich_query_-D3dDkhM5rjIJhj1SPdroA,transfer_3,1234,jpeg50,self,156,zurich:35,zurich:96,15.679998,36.1773
zurich_query_-D3dDkhM5rjIJhj1SPdroA,isotropic,5678,jpeg50,self,58,cph:271,zurich:96,15.680001,36.1773
zurich_query_-D3dDkhM5rjIJhj1SPdroA,white_box,5678,jpeg50,self,32,cph:464,zurich:96,15.679996,36.1773
zurich_query_-D3dDkhM5rjIJhj1SPdroA,transfer_1,5678,jpeg50,self,178,zurich:35,zurich:96,15.679998,36.1773
zurich_query_-D3dDkhM5rjIJhj1SPdroA,transfer_2,5678,jpeg50,self,147,cph:271,zurich:96,15.679997,36.1773
zurich_query_-D3dDkhM5rjIJhj1SPdroA,transfer_3,5678,jpeg50,self,76,zurich:35,zurich:96,15.680000,36.1773
zurich_query_-D3dDkhM5rjIJhj1SPdroA,isotropic,9012,jpeg50,self,70,cph:271,zurich:96,15.680000,36.1773
zurich_query_-D3dDkhM5rjIJhj1SPdroA,white_box,9012,jpeg50,self,439,zurich:35,zurich:96,15.679997,36.1773
zurich_query_-D3dDkhM5rjIJhj1SPdroA,transfer_1,9012,jpeg50,self,133,london:104,zurich:96,15.679998,36.1773
zurich_query_-D3dDkhM5rjIJhj1SPdroA,transfer_2,9012,jpeg50,self,162,zurich:35,zurich:96,15.679996,36.1773
zurich_query_-D3dDkhM5rjIJhj1SPdroA,transfer_3,9012,jpeg50,self,142,zurich:35,zurich:96,15.680000,36.1773
amman_query_-VdxqGX8d8L_OiSEN5CtDw,isotropic,1234,jpeg50,self,344,amman:23,amman:0,15.680000,36.1773
amman_query_-VdxqGX8d8L_OiSEN5CtDw,white_box,1234,jpeg50,self,331,boston:244,amman:0,15.680000,36.1773
amman_query_-VdxqGX8d8L_OiSEN5CtDw,transfer_1,1234,jpeg50,self,314,amman:32,amman:0,15.680000,36.1773
amman_query_-VdxqGX8d8L_OiSEN5CtDw,transfer_2,1234,jpeg50,self,192,amman:11,amman:0,15.680001,36.1773
amman_query_-VdxqGX8d8L_OiSEN5CtDw,transfer_3,1234,jpeg50,self,75,amman:26,amman:0,15.680000,36.1773
amman_query_-VdxqGX8d8L_OiSEN5CtDw,isotropic,5678,jpeg50,self,430,amman:23,amman:0,15.680000,36.1773
amman_query_-VdxqGX8d8L_OiSEN5CtDw,white_box,5678,jpeg50,self,265,manila:6,amman:0,15.680000,36.1773
amman_query_-VdxqGX8d8L_OiSEN5CtDw,transfer_1,5678,jpeg50,self,285,amman:32,amman:0,15.679997,36.1773
amman_query_-VdxqGX8d8L_OiSEN5CtDw,transfer_2,5678,jpeg50,self,216,amman:26,amman:0,15.680002,36.1773
amman_query_-VdxqGX8d8L_OiSEN5CtDw,transfer_3,5678,jpeg50,self,127,amman:26,amman:0,15.680000,36.1773
amman_query_-VdxqGX8d8L_OiSEN5CtDw,isotropic,9012,jpeg50,self,264,amman:11,amman:0,15.679998,36.1773
amman_query_-VdxqGX8d8L_OiSEN5CtDw,white_box,9012,jpeg50,self,392,amman:12,amman:0,15.680000,36.1773
amman_query_-VdxqGX8d8L_OiSEN5CtDw,transfer_1,9012,jpeg50,self,235,amman:11,amman:0,15.680000,36.1773
amman_query_-VdxqGX8d8L_OiSEN5CtDw,transfer_2,9012,jpeg50,self,147,amman:26,amman:0,15.679997,36.1773
amman_query_-VdxqGX8d8L_OiSEN5CtDw,transfer_3,9012,jpeg50,self,252,amman:26,amman:0,15.679998,36.1773
boston_query_-8cIAPzC7_za-xCEWsIoK2,isotropic,1234,jpeg50,self,15,cph:375,boston:248,15.680002,36.1773
boston_query_-8cIAPzC7_za-xCEWsIoK2,white_box,1234,jpeg50,self,393,boston:168,boston:248,15.680000,36.1773
boston_query_-8cIAPzC7_za-xCEWsIoK2,transfer_1,1234,jpeg50,self,9,boston:168,boston:248,15.679997,36.1773
boston_query_-8cIAPzC7_za-xCEWsIoK2,transfer_2,1234,jpeg50,self,11,boston:168,boston:248,15.679997,36.1773
boston_query_-8cIAPzC7_za-xCEWsIoK2,transfer_3,1234,jpeg50,self,14,boston:168,boston:248,15.679998,36.1773
boston_query_-8cIAPzC7_za-xCEWsIoK2,isotropic,5678,jpeg50,self,15,boston:168,boston:248,15.680000,36.1773
boston_query_-8cIAPzC7_za-xCEWsIoK2,white_box,5678,jpeg50,self,60,boston:168,boston:248,15.679996,36.1773
boston_query_-8cIAPzC7_za-xCEWsIoK2,transfer_1,5678,jpeg50,self,33,cph:243,boston:248,15.679997,36.1773
boston_query_-8cIAPzC7_za-xCEWsIoK2,transfer_2,5678,jpeg50,self,22,boston:168,boston:248,15.680000,36.1773
boston_query_-8cIAPzC7_za-xCEWsIoK2,transfer_3,5678,jpeg50,self,51,boston:168,boston:248,15.679997,36.1773
boston_query_-8cIAPzC7_za-xCEWsIoK2,isotropic,9012,jpeg50,self,9,cph:375,boston:248,15.679996,36.1773
boston_query_-8cIAPzC7_za-xCEWsIoK2,white_box,9012,jpeg50,self,13,boston:168,boston:248,15.680000,36.1773
boston_query_-8cIAPzC7_za-xCEWsIoK2,transfer_1,9012,jpeg50,self,33,cph:243,boston:248,15.680000,36.1773
boston_query_-8cIAPzC7_za-xCEWsIoK2,transfer_2,9012,jpeg50,self,16,amman:11,boston:248,15.680000,36.1773
boston_query_-8cIAPzC7_za-xCEWsIoK2,transfer_3,9012,jpeg50,self,23,amman:12,boston:248,15.680000,36.1773
cph_query_-4KruxIYZ3a3GYE0tOKn2w,isotropic,1234,jpeg50,self,45,cph:370,cph:333,15.679998,36.1773
cph_query_-4KruxIYZ3a3GYE0tOKn2w,white_box,1234,jpeg50,self,607,manila:183,cph:333,15.679997,36.1773
cph_query_-4KruxIYZ3a3GYE0tOKn2w,transfer_1,1234,jpeg50,self,34,cph:370,cph:333,15.680000,36.1773
cph_query_-4KruxIYZ3a3GYE0tOKn2w,transfer_2,1234,jpeg50,self,43,cph:370,cph:333,15.679998,36.1773
cph_query_-4KruxIYZ3a3GYE0tOKn2w,transfer_3,1234,jpeg50,self,29,cph:370,cph:333,15.680002,36.1773
cph_query_-4KruxIYZ3a3GYE0tOKn2w,isotropic,5678,jpeg50,self,30,cph:370,cph:333,15.680001,36.1773
cph_query_-4KruxIYZ3a3GYE0tOKn2w,white_box,5678,jpeg50,self,915,manila:183,cph:333,15.679997,36.1773
cph_query_-4KruxIYZ3a3GYE0tOKn2w,transfer_1,5678,jpeg50,self,46,cph:370,cph:333,15.679997,36.1773
cph_query_-4KruxIYZ3a3GYE0tOKn2w,transfer_2,5678,jpeg50,self,50,cph:370,cph:333,15.679997,36.1773
cph_query_-4KruxIYZ3a3GYE0tOKn2w,transfer_3,5678,jpeg50,self,72,cph:370,cph:333,15.680000,36.1773
cph_query_-4KruxIYZ3a3GYE0tOKn2w,isotropic,9012,jpeg50,self,33,cph:370,cph:333,15.679997,36.1773
cph_query_-4KruxIYZ3a3GYE0tOKn2w,white_box,9012,jpeg50,self,536,manila:183,cph:333,15.679997,36.1773
cph_query_-4KruxIYZ3a3GYE0tOKn2w,transfer_1,9012,jpeg50,self,76,cph:370,cph:333,15.679998,36.1773
cph_query_-4KruxIYZ3a3GYE0tOKn2w,transfer_2,9012,jpeg50,self,73,zurich:65,cph:333,15.680000,36.1773
cph_query_-4KruxIYZ3a3GYE0tOKn2w,transfer_3,9012,jpeg50,self,71,cph:370,cph:333,15.680000,36.1773
london_query_-9KgeyegI3TaGMqglsDENg,isotropic,1234,jpeg50,self,1,london:111,london:111,15.680000,36.1773
london_query_-9KgeyegI3TaGMqglsDENg,white_box,1234,jpeg50,self,132,zurich:33,london:111,15.679998,36.1773
london_query_-9KgeyegI3TaGMqglsDENg,transfer_1,1234,jpeg50,self,1,london:111,london:111,15.679997,36.1773
london_query_-9KgeyegI3TaGMqglsDENg,transfer_2,1234,jpeg50,self,1,london:111,london:111,15.680000,36.1773
london_query_-9KgeyegI3TaGMqglsDENg,transfer_3,1234,jpeg50,self,1,london:111,london:111,15.679997,36.1773
london_query_-9KgeyegI3TaGMqglsDENg,isotropic,5678,jpeg50,self,1,london:111,london:111,15.679998,36.1773
london_query_-9KgeyegI3TaGMqglsDENg,white_box,5678,jpeg50,self,4,boston:168,london:111,15.680000,36.1773
london_query_-9KgeyegI3TaGMqglsDENg,transfer_1,5678,jpeg50,self,1,london:111,london:111,15.680000,36.1773
london_query_-9KgeyegI3TaGMqglsDENg,transfer_2,5678,jpeg50,self,1,london:111,london:111,15.679998,36.1773
london_query_-9KgeyegI3TaGMqglsDENg,transfer_3,5678,jpeg50,self,1,london:111,london:111,15.680000,36.1773
london_query_-9KgeyegI3TaGMqglsDENg,isotropic,9012,jpeg50,self,1,london:111,london:111,15.680000,36.1773
london_query_-9KgeyegI3TaGMqglsDENg,white_box,9012,jpeg50,self,2,manila:189,london:111,15.680000,36.1773
london_query_-9KgeyegI3TaGMqglsDENg,transfer_1,9012,jpeg50,self,1,london:111,london:111,15.679997,36.1773
london_query_-9KgeyegI3TaGMqglsDENg,transfer_2,9012,jpeg50,self,1,london:111,london:111,15.680001,36.1773
london_query_-9KgeyegI3TaGMqglsDENg,transfer_3,9012,jpeg50,self,1,london:111,london:111,15.680000,36.1773
manila_query_-7YHsOWBiYFmYcRzIM0ijg,isotropic,1234,jpeg50,self,2,manila:181,manila:92,15.679997,36.1773
manila_query_-7YHsOWBiYFmYcRzIM0ijg,white_box,1234,jpeg50,self,18,manila:72,manila:92,15.680000,36.1773
manila_query_-7YHsOWBiYFmYcRzIM0ijg,transfer_1,1234,jpeg50,self,3,london:111,manila:92,15.679997,36.1773
manila_query_-7YHsOWBiYFmYcRzIM0ijg,transfer_2,1234,jpeg50,self,1,manila:92,manila:92,15.680000,36.1773
manila_query_-7YHsOWBiYFmYcRzIM0ijg,transfer_3,1234,jpeg50,self,6,manila:181,manila:92,15.679997,36.1773
manila_query_-7YHsOWBiYFmYcRzIM0ijg,isotropic,5678,jpeg50,self,4,zurich:42,manila:92,15.679998,36.1773
manila_query_-7YHsOWBiYFmYcRzIM0ijg,white_box,5678,jpeg50,self,88,manila:72,manila:92,15.679997,36.1773
manila_query_-7YHsOWBiYFmYcRzIM0ijg,transfer_1,5678,jpeg50,self,2,manila:181,manila:92,15.680000,36.1773
manila_query_-7YHsOWBiYFmYcRzIM0ijg,transfer_2,5678,jpeg50,self,1,manila:92,manila:92,15.680000,36.1773
manila_query_-7YHsOWBiYFmYcRzIM0ijg,transfer_3,5678,jpeg50,self,4,manila:72,manila:92,15.680000,36.1773
manila_query_-7YHsOWBiYFmYcRzIM0ijg,isotropic,9012,jpeg50,self,3,manila:181,manila:92,15.679998,36.1773
manila_query_-7YHsOWBiYFmYcRzIM0ijg,white_box,9012,jpeg50,self,428,manila:72,manila:92,15.680000,36.1773
manila_query_-7YHsOWBiYFmYcRzIM0ijg,transfer_1,9012,jpeg50,self,1,manila:92,manila:92,15.680000,36.1773
manila_query_-7YHsOWBiYFmYcRzIM0ijg,transfer_2,9012,jpeg50,self,7,london:111,manila:92,15.680000,36.1773
manila_query_-7YHsOWBiYFmYcRzIM0ijg,transfer_3,9012,jpeg50,self,7,zurich:46,manila:92,15.680000,36.1773
nairobi_query_09aysNUjwNAPHsHo-R-IdA,isotropic,1234,jpeg50,self,1,nairobi:21,nairobi:21,15.680000,36.1773
nairobi_query_09aysNUjwNAPHsHo-R-IdA,white_box,1234,jpeg50,self,356,manila:54,nairobi:21,15.679998,36.1773
nairobi_query_09aysNUjwNAPHsHo-R-IdA,transfer_1,1234,jpeg50,self,3,nairobi:12,nairobi:21,15.679998,36.1773
nairobi_query_09aysNUjwNAPHsHo-R-IdA,transfer_2,1234,jpeg50,self,6,nairobi:22,nairobi:21,15.680000,36.1773
nairobi_query_09aysNUjwNAPHsHo-R-IdA,transfer_3,1234,jpeg50,self,3,amman:32,nairobi:21,15.679997,36.1773
nairobi_query_09aysNUjwNAPHsHo-R-IdA,isotropic,5678,jpeg50,self,3,nairobi:10,nairobi:21,15.680000,36.1773
nairobi_query_09aysNUjwNAPHsHo-R-IdA,white_box,5678,jpeg50,self,252,london:2,nairobi:21,15.679997,36.1773
nairobi_query_09aysNUjwNAPHsHo-R-IdA,transfer_1,5678,jpeg50,self,8,nairobi:10,nairobi:21,15.680001,36.1773
nairobi_query_09aysNUjwNAPHsHo-R-IdA,transfer_2,5678,jpeg50,self,13,amman:31,nairobi:21,15.679997,36.1773
nairobi_query_09aysNUjwNAPHsHo-R-IdA,transfer_3,5678,jpeg50,self,3,nairobi:22,nairobi:21,15.680000,36.1773
nairobi_query_09aysNUjwNAPHsHo-R-IdA,isotropic,9012,jpeg50,self,2,nairobi:22,nairobi:21,15.680000,36.1773
nairobi_query_09aysNUjwNAPHsHo-R-IdA,white_box,9012,jpeg50,self,79,manila:54,nairobi:21,15.680000,36.1773
nairobi_query_09aysNUjwNAPHsHo-R-IdA,transfer_1,9012,jpeg50,self,1,nairobi:21,nairobi:21,15.679998,36.1773
nairobi_query_09aysNUjwNAPHsHo-R-IdA,transfer_2,9012,jpeg50,self,5,nairobi:22,nairobi:21,15.680000,36.1773
nairobi_query_09aysNUjwNAPHsHo-R-IdA,transfer_3,9012,jpeg50,self,3,nairobi:12,nairobi:21,15.680001,36.1773
toronto_query_-68JeZKxV2XoP0N_6780Og,isotropic,1234,jpeg50,self,13,zurich:35,toronto:55,15.680000,36.1773
toronto_query_-68JeZKxV2XoP0N_6780Og,white_box,1234,jpeg50,self,45,zurich:35,toronto:55,15.679997,36.1773
toronto_query_-68JeZKxV2XoP0N_6780Og,transfer_1,1234,jpeg50,self,39,boston:191,toronto:55,15.679997,36.1773
toronto_query_-68JeZKxV2XoP0N_6780Og,transfer_2,1234,jpeg50,self,6,zurich:35,toronto:55,15.679997,36.1773
toronto_query_-68JeZKxV2XoP0N_6780Og,transfer_3,1234,jpeg50,self,20,boston:191,toronto:55,15.680000,36.1773
toronto_query_-68JeZKxV2XoP0N_6780Og,isotropic,5678,jpeg50,self,12,boston:191,toronto:55,15.679997,36.1773
toronto_query_-68JeZKxV2XoP0N_6780Og,white_box,5678,jpeg50,self,154,manila:135,toronto:55,15.679998,36.1773
toronto_query_-68JeZKxV2XoP0N_6780Og,transfer_1,5678,jpeg50,self,7,zurich:35,toronto:55,15.680000,36.1773
toronto_query_-68JeZKxV2XoP0N_6780Og,transfer_2,5678,jpeg50,self,5,zurich:35,toronto:55,15.679998,36.1773
toronto_query_-68JeZKxV2XoP0N_6780Og,transfer_3,5678,jpeg50,self,10,toronto:354,toronto:55,15.679997,36.1773
toronto_query_-68JeZKxV2XoP0N_6780Og,isotropic,9012,jpeg50,self,10,boston:191,toronto:55,15.680000,36.1773
toronto_query_-68JeZKxV2XoP0N_6780Og,white_box,9012,jpeg50,self,1,toronto:55,toronto:55,15.680002,36.1773
toronto_query_-68JeZKxV2XoP0N_6780Og,transfer_1,9012,jpeg50,self,10,boston:191,toronto:55,15.679997,36.1773
toronto_query_-68JeZKxV2XoP0N_6780Og,transfer_2,9012,jpeg50,self,9,zurich:35,toronto:55,15.680001,36.1773
toronto_query_-68JeZKxV2XoP0N_6780Og,transfer_3,9012,jpeg50,self,4,zurich:35,toronto:55,15.679998,36.1773
zurich_query_-E0qyEWY7jSPMOpGqiEG-A,isotropic,1234,jpeg50,self,9,london:121,zurich:7,15.680001,36.1773
zurich_query_-E0qyEWY7jSPMOpGqiEG-A,white_box,1234,jpeg50,self,93,boston:168,zurich:7,15.679998,36.1773
zurich_query_-E0qyEWY7jSPMOpGqiEG-A,transfer_1,1234,jpeg50,self,14,london:121,zurich:7,15.679997,36.1773
zurich_query_-E0qyEWY7jSPMOpGqiEG-A,transfer_2,1234,jpeg50,self,29,london:121,zurich:7,15.680000,36.1773
zurich_query_-E0qyEWY7jSPMOpGqiEG-A,transfer_3,1234,jpeg50,self,25,london:121,zurich:7,15.679997,36.1773
zurich_query_-E0qyEWY7jSPMOpGqiEG-A,isotropic,5678,jpeg50,self,12,london:121,zurich:7,15.679997,36.1773
zurich_query_-E0qyEWY7jSPMOpGqiEG-A,white_box,5678,jpeg50,self,35,amman:1,zurich:7,15.679998,36.1773
zurich_query_-E0qyEWY7jSPMOpGqiEG-A,transfer_1,5678,jpeg50,self,5,london:121,zurich:7,15.680000,36.1773
zurich_query_-E0qyEWY7jSPMOpGqiEG-A,transfer_2,5678,jpeg50,self,11,london:121,zurich:7,15.679998,36.1773
zurich_query_-E0qyEWY7jSPMOpGqiEG-A,transfer_3,5678,jpeg50,self,23,london:121,zurich:7,15.680001,36.1773
zurich_query_-E0qyEWY7jSPMOpGqiEG-A,isotropic,9012,jpeg50,self,11,london:121,zurich:7,15.680000,36.1773
zurich_query_-E0qyEWY7jSPMOpGqiEG-A,white_box,9012,jpeg50,self,495,boston:168,zurich:7,15.679997,36.1773
zurich_query_-E0qyEWY7jSPMOpGqiEG-A,transfer_1,9012,jpeg50,self,14,london:121,zurich:7,15.680000,36.1773
zurich_query_-E0qyEWY7jSPMOpGqiEG-A,transfer_2,9012,jpeg50,self,15,london:121,zurich:7,15.679998,36.1773
zurich_query_-E0qyEWY7jSPMOpGqiEG-A,transfer_3,9012,jpeg50,self,14,london:121,zurich:7,15.680000,36.1773
amman_query_-XWB_1fOm8NW5dQx9p5IKg,isotropic,1234,jpeg50,self,435,amman:30,amman:35,15.679998,36.1773
amman_query_-XWB_1fOm8NW5dQx9p5IKg,white_box,1234,jpeg50,self,324,amman:11,amman:35,15.680000,36.1773
amman_query_-XWB_1fOm8NW5dQx9p5IKg,transfer_1,1234,jpeg50,self,258,amman:30,amman:35,15.679998,36.1773
amman_query_-XWB_1fOm8NW5dQx9p5IKg,transfer_2,1234,jpeg50,self,451,amman:30,amman:35,15.679998,36.1773
amman_query_-XWB_1fOm8NW5dQx9p5IKg,transfer_3,1234,jpeg50,self,338,amman:30,amman:35,15.679997,36.1773
amman_query_-XWB_1fOm8NW5dQx9p5IKg,isotropic,5678,jpeg50,self,705,amman:30,amman:35,15.680000,36.1773
amman_query_-XWB_1fOm8NW5dQx9p5IKg,white_box,5678,jpeg50,self,276,amman:11,amman:35,15.680000,36.1773
amman_query_-XWB_1fOm8NW5dQx9p5IKg,transfer_1,5678,jpeg50,self,280,amman:30,amman:35,15.679997,36.1773
amman_query_-XWB_1fOm8NW5dQx9p5IKg,transfer_2,5678,jpeg50,self,453,amman:30,amman:35,15.680000,36.1773
amman_query_-XWB_1fOm8NW5dQx9p5IKg,transfer_3,5678,jpeg50,self,304,toronto:244,amman:35,15.680001,36.1773
amman_query_-XWB_1fOm8NW5dQx9p5IKg,isotropic,9012,jpeg50,self,546,amman:30,amman:35,15.679997,36.1773
amman_query_-XWB_1fOm8NW5dQx9p5IKg,white_box,9012,jpeg50,self,748,manila:92,amman:35,15.680000,36.1773
amman_query_-XWB_1fOm8NW5dQx9p5IKg,transfer_1,9012,jpeg50,self,375,amman:30,amman:35,15.679998,36.1773
amman_query_-XWB_1fOm8NW5dQx9p5IKg,transfer_2,9012,jpeg50,self,397,amman:30,amman:35,15.680000,36.1773
amman_query_-XWB_1fOm8NW5dQx9p5IKg,transfer_3,9012,jpeg50,self,319,amman:30,amman:35,15.680000,36.1773
boston_query_-9Lur-PAHqcMspWszAgfqw,isotropic,1234,jpeg50,self,16,cph:243,boston:249,15.679998,36.1773
boston_query_-9Lur-PAHqcMspWszAgfqw,white_box,1234,jpeg50,self,2,zurich:35,boston:249,15.680000,36.1773
boston_query_-9Lur-PAHqcMspWszAgfqw,transfer_1,1234,jpeg50,self,1,boston:249,boston:249,15.679997,36.1773
boston_query_-9Lur-PAHqcMspWszAgfqw,transfer_2,1234,jpeg50,self,1,boston:249,boston:249,15.680000,36.1773
boston_query_-9Lur-PAHqcMspWszAgfqw,transfer_3,1234,jpeg50,self,2,zurich:42,boston:249,15.679997,36.1773
boston_query_-9Lur-PAHqcMspWszAgfqw,isotropic,5678,jpeg50,self,28,zurich:13,boston:249,15.680000,36.1773
boston_query_-9Lur-PAHqcMspWszAgfqw,white_box,5678,jpeg50,self,9,zurich:35,boston:249,15.680000,36.1773
boston_query_-9Lur-PAHqcMspWszAgfqw,transfer_1,5678,jpeg50,self,10,zurich:42,boston:249,15.679997,36.1773
boston_query_-9Lur-PAHqcMspWszAgfqw,transfer_2,5678,jpeg50,self,9,zurich:42,boston:249,15.679997,36.1773
boston_query_-9Lur-PAHqcMspWszAgfqw,transfer_3,5678,jpeg50,self,7,zurich:42,boston:249,15.680001,36.1773
boston_query_-9Lur-PAHqcMspWszAgfqw,isotropic,9012,jpeg50,self,14,zurich:42,boston:249,15.679996,36.1773
boston_query_-9Lur-PAHqcMspWszAgfqw,white_box,9012,jpeg50,self,16,zurich:35,boston:249,15.680000,36.1773
boston_query_-9Lur-PAHqcMspWszAgfqw,transfer_1,9012,jpeg50,self,5,london:2,boston:249,15.679997,36.1773
boston_query_-9Lur-PAHqcMspWszAgfqw,transfer_2,9012,jpeg50,self,1,boston:249,boston:249,15.679998,36.1773
boston_query_-9Lur-PAHqcMspWszAgfqw,transfer_3,9012,jpeg50,self,6,zurich:42,boston:249,15.679997,36.1773
cph_query_-4RqBOkDhigU8JsdQZINkQ,isotropic,1234,jpeg50,self,2,cph:254,cph:94,15.680002,36.1773
cph_query_-4RqBOkDhigU8JsdQZINkQ,white_box,1234,jpeg50,self,15,zurich:35,cph:94,15.680001,36.1773
cph_query_-4RqBOkDhigU8JsdQZINkQ,transfer_1,1234,jpeg50,self,15,london:76,cph:94,15.680001,36.1773
cph_query_-4RqBOkDhigU8JsdQZINkQ,transfer_2,1234,jpeg50,self,7,cph:429,cph:94,15.680000,36.1773
cph_query_-4RqBOkDhigU8JsdQZINkQ,transfer_3,1234,jpeg50,self,15,cph:61,cph:94,15.680001,36.1773
cph_query_-4RqBOkDhigU8JsdQZINkQ,isotropic,5678,jpeg50,self,1,cph:94,cph:94,15.680002,36.1773
cph_query_-4RqBOkDhigU8JsdQZINkQ,white_box,5678,jpeg50,self,1184,zurich:46,cph:94,15.679997,36.1773
cph_query_-4RqBOkDhigU8JsdQZINkQ,transfer_1,5678,jpeg50,self,6,cph:254,cph:94,15.680000,36.1773
cph_query_-4RqBOkDhigU8JsdQZINkQ,transfer_2,5678,jpeg50,self,42,cph:61,cph:94,15.679998,36.1773
cph_query_-4RqBOkDhigU8JsdQZINkQ,transfer_3,5678,jpeg50,self,15,cph:71,cph:94,15.679997,36.1773
cph_query_-4RqBOkDhigU8JsdQZINkQ,isotropic,9012,jpeg50,self,1,cph:94,cph:94,15.679995,36.1773
cph_query_-4RqBOkDhigU8JsdQZINkQ,white_box,9012,jpeg50,self,1300,zurich:46,cph:94,15.680000,36.1773
cph_query_-4RqBOkDhigU8JsdQZINkQ,transfer_1,9012,jpeg50,self,7,london:76,cph:94,15.679998,36.1773
cph_query_-4RqBOkDhigU8JsdQZINkQ,transfer_2,9012,jpeg50,self,6,cph:254,cph:94,15.679997,36.1773
cph_query_-4RqBOkDhigU8JsdQZINkQ,transfer_3,9012,jpeg50,self,85,cph:459,cph:94,15.679998,36.1773
london_query_-FGaYVNFN5ALUsVDNixL_g,isotropic,1234,jpeg50,self,1,london:122,london:122,15.680000,36.1773
london_query_-FGaYVNFN5ALUsVDNixL_g,white_box,1234,jpeg50,self,72,manila:87,london:122,15.680000,36.1773
london_query_-FGaYVNFN5ALUsVDNixL_g,transfer_1,1234,jpeg50,self,4,toronto:23,london:122,15.679997,36.1773
london_query_-FGaYVNFN5ALUsVDNixL_g,transfer_2,1234,jpeg50,self,3,toronto:23,london:122,15.679998,36.1773
london_query_-FGaYVNFN5ALUsVDNixL_g,transfer_3,1234,jpeg50,self,12,toronto:23,london:122,15.680000,36.1773
london_query_-FGaYVNFN5ALUsVDNixL_g,isotropic,5678,jpeg50,self,1,london:122,london:122,15.680000,36.1773
london_query_-FGaYVNFN5ALUsVDNixL_g,white_box,5678,jpeg50,self,153,london:36,london:122,15.679998,36.1773
london_query_-FGaYVNFN5ALUsVDNixL_g,transfer_1,5678,jpeg50,self,1,london:122,london:122,15.680002,36.1773
london_query_-FGaYVNFN5ALUsVDNixL_g,transfer_2,5678,jpeg50,self,4,toronto:23,london:122,15.679997,36.1773
london_query_-FGaYVNFN5ALUsVDNixL_g,transfer_3,5678,jpeg50,self,14,boston:239,london:122,15.680000,36.1773
london_query_-FGaYVNFN5ALUsVDNixL_g,isotropic,9012,jpeg50,self,2,manila:153,london:122,15.680000,36.1773
london_query_-FGaYVNFN5ALUsVDNixL_g,white_box,9012,jpeg50,self,123,london:8,london:122,15.679998,36.1773
london_query_-FGaYVNFN5ALUsVDNixL_g,transfer_1,9012,jpeg50,self,4,toronto:23,london:122,15.679997,36.1773
london_query_-FGaYVNFN5ALUsVDNixL_g,transfer_2,9012,jpeg50,self,3,manila:153,london:122,15.680000,36.1773
london_query_-FGaYVNFN5ALUsVDNixL_g,transfer_3,9012,jpeg50,self,4,toronto:23,london:122,15.680001,36.1773
manila_query_-81llwEm_ZxNy7Sa7Xrjlw,isotropic,1234,jpeg50,self,5,cph:96,manila:53,15.679997,36.1773
manila_query_-81llwEm_ZxNy7Sa7Xrjlw,white_box,1234,jpeg50,self,170,london:34,manila:53,15.679996,36.1773
manila_query_-81llwEm_ZxNy7Sa7Xrjlw,transfer_1,1234,jpeg50,self,1,manila:53,manila:53,15.680000,36.1773
manila_query_-81llwEm_ZxNy7Sa7Xrjlw,transfer_2,1234,jpeg50,self,4,zurich:48,manila:53,15.679997,36.1773
manila_query_-81llwEm_ZxNy7Sa7Xrjlw,transfer_3,1234,jpeg50,self,1,manila:53,manila:53,15.679997,36.1773
manila_query_-81llwEm_ZxNy7Sa7Xrjlw,isotropic,5678,jpeg50,self,15,cph:429,manila:53,15.679996,36.1773
manila_query_-81llwEm_ZxNy7Sa7Xrjlw,white_box,5678,jpeg50,self,572,london:34,manila:53,15.679998,36.1773
manila_query_-81llwEm_ZxNy7Sa7Xrjlw,transfer_1,5678,jpeg50,self,1,manila:53,manila:53,15.680000,36.1773
manila_query_-81llwEm_ZxNy7Sa7Xrjlw,transfer_2,5678,jpeg50,self,2,zurich:48,manila:53,15.680000,36.1773
manila_query_-81llwEm_ZxNy7Sa7Xrjlw,transfer_3,5678,jpeg50,self,11,cph:96,manila:53,15.680000,36.1773
manila_query_-81llwEm_ZxNy7Sa7Xrjlw,isotropic,9012,jpeg50,self,1,manila:53,manila:53,15.680000,36.1773
manila_query_-81llwEm_ZxNy7Sa7Xrjlw,white_box,9012,jpeg50,self,254,manila:106,manila:53,15.679997,36.1773
manila_query_-81llwEm_ZxNy7Sa7Xrjlw,transfer_1,9012,jpeg50,self,1,manila:53,manila:53,15.680000,36.1773
manila_query_-81llwEm_ZxNy7Sa7Xrjlw,transfer_2,9012,jpeg50,self,2,cph:176,manila:53,15.680001,36.1773
manila_query_-81llwEm_ZxNy7Sa7Xrjlw,transfer_3,9012,jpeg50,self,5,cph:176,manila:53,15.680000,36.1773
nairobi_query_0ByAmUG6wFySvLcHHQ0Sdg,isotropic,1234,jpeg50,self,4,boston:216,nairobi:10,15.680001,36.1773
nairobi_query_0ByAmUG6wFySvLcHHQ0Sdg,white_box,1234,jpeg50,self,3,boston:216,nairobi:10,15.679997,36.1773
nairobi_query_0ByAmUG6wFySvLcHHQ0Sdg,transfer_1,1234,jpeg50,self,18,cph:33,nairobi:10,15.679997,36.1773
nairobi_query_0ByAmUG6wFySvLcHHQ0Sdg,transfer_2,1234,jpeg50,self,18,boston:216,nairobi:10,15.680000,36.1773
nairobi_query_0ByAmUG6wFySvLcHHQ0Sdg,transfer_3,1234,jpeg50,self,27,cph:33,nairobi:10,15.680000,36.1773
nairobi_query_0ByAmUG6wFySvLcHHQ0Sdg,isotropic,5678,jpeg50,self,14,nairobi:13,nairobi:10,15.680000,36.1773
nairobi_query_0ByAmUG6wFySvLcHHQ0Sdg,white_box,5678,jpeg50,self,3,nairobi:4,nairobi:10,15.679996,36.1773
nairobi_query_0ByAmUG6wFySvLcHHQ0Sdg,transfer_1,5678,jpeg50,self,5,cph:345,nairobi:10,15.679998,36.1773
nairobi_query_0ByAmUG6wFySvLcHHQ0Sdg,transfer_2,5678,jpeg50,self,19,cph:33,nairobi:10,15.680000,36.1773
nairobi_query_0ByAmUG6wFySvLcHHQ0Sdg,transfer_3,5678,jpeg50,self,27,cph:33,nairobi:10,15.679997,36.1773
nairobi_query_0ByAmUG6wFySvLcHHQ0Sdg,isotropic,9012,jpeg50,self,12,nairobi:13,nairobi:10,15.680000,36.1773
nairobi_query_0ByAmUG6wFySvLcHHQ0Sdg,white_box,9012,jpeg50,self,28,manila:54,nairobi:10,15.680000,36.1773
nairobi_query_0ByAmUG6wFySvLcHHQ0Sdg,transfer_1,9012,jpeg50,self,22,cph:459,nairobi:10,15.680000,36.1773
nairobi_query_0ByAmUG6wFySvLcHHQ0Sdg,transfer_2,9012,jpeg50,self,15,boston:216,nairobi:10,15.679997,36.1773
nairobi_query_0ByAmUG6wFySvLcHHQ0Sdg,transfer_3,9012,jpeg50,self,18,cph:345,nairobi:10,15.680000,36.1773
toronto_query_-6ZIqrL48IaL1dCCO7bDVQ,isotropic,1234,jpeg50,self,1,toronto:351,toronto:351,15.679998,36.1773
toronto_query_-6ZIqrL48IaL1dCCO7bDVQ,white_box,1234,jpeg50,self,238,boston:123,toronto:351,15.679996,36.1773
toronto_query_-6ZIqrL48IaL1dCCO7bDVQ,transfer_1,1234,jpeg50,self,1,toronto:351,toronto:351,15.679998,36.1773
toronto_query_-6ZIqrL48IaL1dCCO7bDVQ,transfer_2,1234,jpeg50,self,1,toronto:351,toronto:351,15.680001,36.1773
toronto_query_-6ZIqrL48IaL1dCCO7bDVQ,transfer_3,1234,jpeg50,self,4,toronto:346,toronto:351,15.680000,36.1773
toronto_query_-6ZIqrL48IaL1dCCO7bDVQ,isotropic,5678,jpeg50,self,1,toronto:351,toronto:351,15.680000,36.1773
toronto_query_-6ZIqrL48IaL1dCCO7bDVQ,white_box,5678,jpeg50,self,22,toronto:244,toronto:351,15.679998,36.1773
toronto_query_-6ZIqrL48IaL1dCCO7bDVQ,transfer_1,5678,jpeg50,self,1,toronto:351,toronto:351,15.680000,36.1773
toronto_query_-6ZIqrL48IaL1dCCO7bDVQ,transfer_2,5678,jpeg50,self,1,toronto:351,toronto:351,15.679997,36.1773
toronto_query_-6ZIqrL48IaL1dCCO7bDVQ,transfer_3,5678,jpeg50,self,2,toronto:346,toronto:351,15.680000,36.1773
toronto_query_-6ZIqrL48IaL1dCCO7bDVQ,isotropic,9012,jpeg50,self,1,toronto:351,toronto:351,15.680000,36.1773
toronto_query_-6ZIqrL48IaL1dCCO7bDVQ,white_box,9012,jpeg50,self,24,zurich:35,toronto:351,15.680001,36.1773
toronto_query_-6ZIqrL48IaL1dCCO7bDVQ,transfer_1,9012,jpeg50,self,1,toronto:351,toronto:351,15.679998,36.1773
toronto_query_-6ZIqrL48IaL1dCCO7bDVQ,transfer_2,9012,jpeg50,self,1,toronto:351,toronto:351,15.679997,36.1773
toronto_query_-6ZIqrL48IaL1dCCO7bDVQ,transfer_3,9012,jpeg50,self,9,toronto:354,toronto:351,15.680001,36.1773
zurich_query_-F7hOUVha_xHAoDddsUYdw,isotropic,1234,jpeg50,self,1316,zurich:23,zurich:99,15.679997,36.1773
zurich_query_-F7hOUVha_xHAoDddsUYdw,white_box,1234,jpeg50,self,225,boston:79,zurich:99,15.679997,36.1773
zurich_query_-F7hOUVha_xHAoDddsUYdw,transfer_1,1234,jpeg50,self,1275,zurich:23,zurich:99,15.679998,36.1773
zurich_query_-F7hOUVha_xHAoDddsUYdw,transfer_2,1234,jpeg50,self,933,zurich:23,zurich:99,15.680000,36.1773
zurich_query_-F7hOUVha_xHAoDddsUYdw,transfer_3,1234,jpeg50,self,1059,boston:79,zurich:99,15.680000,36.1773
zurich_query_-F7hOUVha_xHAoDddsUYdw,isotropic,5678,jpeg50,self,1270,toronto:85,zurich:99,15.680000,36.1773
zurich_query_-F7hOUVha_xHAoDddsUYdw,white_box,5678,jpeg50,self,727,boston:79,zurich:99,15.680002,36.1773
zurich_query_-F7hOUVha_xHAoDddsUYdw,transfer_1,5678,jpeg50,self,1028,zurich:23,zurich:99,15.680000,36.1773
zurich_query_-F7hOUVha_xHAoDddsUYdw,transfer_2,5678,jpeg50,self,756,boston:79,zurich:99,15.679997,36.1773
zurich_query_-F7hOUVha_xHAoDddsUYdw,transfer_3,5678,jpeg50,self,1459,boston:79,zurich:99,15.680000,36.1773
zurich_query_-F7hOUVha_xHAoDddsUYdw,isotropic,9012,jpeg50,self,1215,toronto:85,zurich:99,15.679996,36.1773
zurich_query_-F7hOUVha_xHAoDddsUYdw,white_box,9012,jpeg50,self,380,boston:79,zurich:99,15.680001,36.1773
zurich_query_-F7hOUVha_xHAoDddsUYdw,transfer_1,9012,jpeg50,self,1113,boston:79,zurich:99,15.680000,36.1773
zurich_query_-F7hOUVha_xHAoDddsUYdw,transfer_2,9012,jpeg50,self,1343,zurich:23,zurich:99,15.679997,36.1773
zurich_query_-F7hOUVha_xHAoDddsUYdw,transfer_3,9012,jpeg50,self,1184,boston:79,zurich:99,15.680000,36.1773
amman_query_-iXxlTRmA5JphamcIjxBbA,isotropic,1234,jpeg50,self,33,amman:25,amman:11,15.680000,36.1773
amman_query_-iXxlTRmA5JphamcIjxBbA,white_box,1234,jpeg50,self,7,amman:23,amman:11,15.680000,36.1773
amman_query_-iXxlTRmA5JphamcIjxBbA,transfer_1,1234,jpeg50,self,27,amman:25,amman:11,15.679997,36.1773
amman_query_-iXxlTRmA5JphamcIjxBbA,transfer_2,1234,jpeg50,self,7,zurich:19,amman:11,15.679996,36.1773
amman_query_-iXxlTRmA5JphamcIjxBbA,transfer_3,1234,jpeg50,self,21,amman:25,amman:11,15.679998,36.1773
amman_query_-iXxlTRmA5JphamcIjxBbA,isotropic,5678,jpeg50,self,16,amman:25,amman:11,15.679998,36.1773
amman_query_-iXxlTRmA5JphamcIjxBbA,white_box,5678,jpeg50,self,140,amman:1,amman:11,15.679998,36.1773
amman_query_-iXxlTRmA5JphamcIjxBbA,transfer_1,5678,jpeg50,self,46,amman:6,amman:11,15.679998,36.1773
amman_query_-iXxlTRmA5JphamcIjxBbA,transfer_2,5678,jpeg50,self,30,amman:1,amman:11,15.680000,36.1773
amman_query_-iXxlTRmA5JphamcIjxBbA,transfer_3,5678,jpeg50,self,26,zurich:19,amman:11,15.679998,36.1773
amman_query_-iXxlTRmA5JphamcIjxBbA,isotropic,9012,jpeg50,self,26,amman:25,amman:11,15.680000,36.1773
amman_query_-iXxlTRmA5JphamcIjxBbA,white_box,9012,jpeg50,self,51,zurich:104,amman:11,15.679998,36.1773
amman_query_-iXxlTRmA5JphamcIjxBbA,transfer_1,9012,jpeg50,self,13,amman:25,amman:11,15.679998,36.1773
amman_query_-iXxlTRmA5JphamcIjxBbA,transfer_2,9012,jpeg50,self,11,amman:1,amman:11,15.680000,36.1773
amman_query_-iXxlTRmA5JphamcIjxBbA,transfer_3,9012,jpeg50,self,12,zurich:19,amman:11,15.679998,36.1773
boston_query_-9gbUk-DmX9AOqntuN1nEm,isotropic,1234,jpeg50,self,233,cph:271,boston:168,15.679995,36.1773
boston_query_-9gbUk-DmX9AOqntuN1nEm,white_box,1234,jpeg50,self,57,boston:79,boston:168,15.680000,36.1773
boston_query_-9gbUk-DmX9AOqntuN1nEm,transfer_1,1234,jpeg50,self,205,boston:191,boston:168,15.680000,36.1773
boston_query_-9gbUk-DmX9AOqntuN1nEm,transfer_2,1234,jpeg50,self,198,boston:191,boston:168,15.679998,36.1773
boston_query_-9gbUk-DmX9AOqntuN1nEm,transfer_3,1234,jpeg50,self,264,boston:191,boston:168,15.680000,36.1773
boston_query_-9gbUk-DmX9AOqntuN1nEm,isotropic,5678,jpeg50,self,135,boston:191,boston:168,15.680000,36.1773
boston_query_-9gbUk-DmX9AOqntuN1nEm,white_box,5678,jpeg50,self,273,zurich:35,boston:168,15.680000,36.1773
boston_query_-9gbUk-DmX9AOqntuN1nEm,transfer_1,5678,jpeg50,self,190,boston:191,boston:168,15.679998,36.1773
boston_query_-9gbUk-DmX9AOqntuN1nEm,transfer_2,5678,jpeg50,self,251,boston:191,boston:168,15.679998,36.1773
boston_query_-9gbUk-DmX9AOqntuN1nEm,transfer_3,5678,jpeg50,self,162,boston:191,boston:168,15.680000,36.1773
boston_query_-9gbUk-DmX9AOqntuN1nEm,isotropic,9012,jpeg50,self,262,boston:191,boston:168,15.679997,36.1773
boston_query_-9gbUk-DmX9AOqntuN1nEm,white_box,9012,jpeg50,self,15,boston:244,boston:168,15.679998,36.1773
boston_query_-9gbUk-DmX9AOqntuN1nEm,transfer_1,9012,jpeg50,self,269,boston:191,boston:168,15.680000,36.1773
boston_query_-9gbUk-DmX9AOqntuN1nEm,transfer_2,9012,jpeg50,self,188,boston:191,boston:168,15.680000,36.1773
boston_query_-9gbUk-DmX9AOqntuN1nEm,transfer_3,9012,jpeg50,self,175,cph:271,boston:168,15.679998,36.1773
cph_query_-4XnD9qE623teR-nRYxB5A,isotropic,1234,jpeg50,self,1,cph:190,cph:190,15.680000,36.1773
cph_query_-4XnD9qE623teR-nRYxB5A,white_box,1234,jpeg50,self,5,toronto:218,cph:190,15.679997,36.1773
cph_query_-4XnD9qE623teR-nRYxB5A,transfer_1,1234,jpeg50,self,1,cph:190,cph:190,15.679997,36.1773
cph_query_-4XnD9qE623teR-nRYxB5A,transfer_2,1234,jpeg50,self,1,cph:190,cph:190,15.680000,36.1773
cph_query_-4XnD9qE623teR-nRYxB5A,transfer_3,1234,jpeg50,self,1,cph:190,cph:190,15.680002,36.1773
cph_query_-4XnD9qE623teR-nRYxB5A,isotropic,5678,jpeg50,self,1,cph:190,cph:190,15.679998,36.1773
cph_query_-4XnD9qE623teR-nRYxB5A,white_box,5678,jpeg50,self,1,cph:190,cph:190,15.680000,36.1773
cph_query_-4XnD9qE623teR-nRYxB5A,transfer_1,5678,jpeg50,self,1,cph:190,cph:190,15.679996,36.1773
cph_query_-4XnD9qE623teR-nRYxB5A,transfer_2,5678,jpeg50,self,1,cph:190,cph:190,15.679995,36.1773
cph_query_-4XnD9qE623teR-nRYxB5A,transfer_3,5678,jpeg50,self,1,cph:190,cph:190,15.680000,36.1773
cph_query_-4XnD9qE623teR-nRYxB5A,isotropic,9012,jpeg50,self,1,cph:190,cph:190,15.679996,36.1773
cph_query_-4XnD9qE623teR-nRYxB5A,white_box,9012,jpeg50,self,14,amman:32,cph:190,15.679995,36.1773
cph_query_-4XnD9qE623teR-nRYxB5A,transfer_1,9012,jpeg50,self,1,cph:190,cph:190,15.680000,36.1773
cph_query_-4XnD9qE623teR-nRYxB5A,transfer_2,9012,jpeg50,self,1,cph:190,cph:190,15.680000,36.1773
cph_query_-4XnD9qE623teR-nRYxB5A,transfer_3,9012,jpeg50,self,1,cph:190,cph:190,15.680002,36.1773
london_query_-Flts9XBA2wVlru8_LHbkg,isotropic,1234,jpeg50,self,621,cph:33,london:111,15.679998,36.1773
london_query_-Flts9XBA2wVlru8_LHbkg,white_box,1234,jpeg50,self,95,manila:181,london:111,15.680000,36.1773
london_query_-Flts9XBA2wVlru8_LHbkg,transfer_1,1234,jpeg50,self,987,manila:181,london:111,15.679998,36.1773
london_query_-Flts9XBA2wVlru8_LHbkg,transfer_2,1234,jpeg50,self,514,manila:181,london:111,15.680000,36.1773
london_query_-Flts9XBA2wVlru8_LHbkg,transfer_3,1234,jpeg50,self,563,cph:356,london:111,15.679997,36.1773
london_query_-Flts9XBA2wVlru8_LHbkg,isotropic,5678,jpeg50,self,627,toronto:112,london:111,15.679997,36.1773
london_query_-Flts9XBA2wVlru8_LHbkg,white_box,5678,jpeg50,self,183,boston:123,london:111,15.680002,36.1773
london_query_-Flts9XBA2wVlru8_LHbkg,transfer_1,5678,jpeg50,self,689,manila:181,london:111,15.679997,36.1773
london_query_-Flts9XBA2wVlru8_LHbkg,transfer_2,5678,jpeg50,self,569,cph:460,london:111,15.679997,36.1773
london_query_-Flts9XBA2wVlru8_LHbkg,transfer_3,5678,jpeg50,self,401,nairobi:3,london:111,15.679998,36.1773
london_query_-Flts9XBA2wVlru8_LHbkg,isotropic,9012,jpeg50,self,609,cph:460,london:111,15.680001,36.1773
london_query_-Flts9XBA2wVlru8_LHbkg,white_box,9012,jpeg50,self,8,manila:92,london:111,15.679997,36.1773
london_query_-Flts9XBA2wVlru8_LHbkg,transfer_1,9012,jpeg50,self,892,toronto:112,london:111,15.680000,36.1773
london_query_-Flts9XBA2wVlru8_LHbkg,transfer_2,9012,jpeg50,self,710,nairobi:3,london:111,15.680001,36.1773
london_query_-Flts9XBA2wVlru8_LHbkg,transfer_3,9012,jpeg50,self,102,zurich:33,london:111,15.679997,36.1773
manila_query_-85J_HceaTP2S0IavwkQ-A,isotropic,1234,jpeg50,self,1160,manila:173,manila:119,15.680000,36.1773
manila_query_-85J_HceaTP2S0IavwkQ-A,white_box,1234,jpeg50,self,975,manila:92,manila:119,15.679997,36.1773
manila_query_-85J_HceaTP2S0IavwkQ-A,transfer_1,1234,jpeg50,self,1429,manila:173,manila:119,15.680000,36.1773
manila_query_-85J_HceaTP2S0IavwkQ-A,transfer_2,1234,jpeg50,self,1089,manila:173,manila:119,15.680000,36.1773
manila_query_-85J_HceaTP2S0IavwkQ-A,transfer_3,1234,jpeg50,self,1433,manila:134,manila:119,15.679996,36.1773
manila_query_-85J_HceaTP2S0IavwkQ-A,isotropic,5678,jpeg50,self,1035,manila:173,manila:119,15.679997,36.1773
manila_query_-85J_HceaTP2S0IavwkQ-A,white_box,5678,jpeg50,self,1205,zurich:5,manila:119,15.679997,36.1773
manila_query_-85J_HceaTP2S0IavwkQ-A,transfer_1,5678,jpeg50,self,1210,manila:173,manila:119,15.679998,36.1773
manila_query_-85J_HceaTP2S0IavwkQ-A,transfer_2,5678,jpeg50,self,1076,manila:173,manila:119,15.679997,36.1773
manila_query_-85J_HceaTP2S0IavwkQ-A,transfer_3,5678,jpeg50,self,1057,manila:143,manila:119,15.680000,36.1773
manila_query_-85J_HceaTP2S0IavwkQ-A,isotropic,9012,jpeg50,self,1302,manila:173,manila:119,15.679996,36.1773
manila_query_-85J_HceaTP2S0IavwkQ-A,white_box,9012,jpeg50,self,851,london:111,manila:119,15.679998,36.1773
manila_query_-85J_HceaTP2S0IavwkQ-A,transfer_1,9012,jpeg50,self,1199,manila:173,manila:119,15.679997,36.1773
manila_query_-85J_HceaTP2S0IavwkQ-A,transfer_2,9012,jpeg50,self,1319,manila:173,manila:119,15.680000,36.1773
manila_query_-85J_HceaTP2S0IavwkQ-A,transfer_3,9012,jpeg50,self,1234,manila:173,manila:119,15.679997,36.1773
nairobi_query_0LJUobuUEqOqrZc4s2fVgg,isotropic,1234,jpeg50,self,270,boston:249,nairobi:5,15.679998,36.1773
nairobi_query_0LJUobuUEqOqrZc4s2fVgg,white_box,1234,jpeg50,self,392,manila:72,nairobi:5,15.679997,36.1773
nairobi_query_0LJUobuUEqOqrZc4s2fVgg,transfer_1,1234,jpeg50,self,175,london:85,nairobi:5,15.680001,36.1773
nairobi_query_0LJUobuUEqOqrZc4s2fVgg,transfer_2,1234,jpeg50,self,259,london:85,nairobi:5,15.680000,36.1773
nairobi_query_0LJUobuUEqOqrZc4s2fVgg,transfer_3,1234,jpeg50,self,148,london:85,nairobi:5,15.679997,36.1773
nairobi_query_0LJUobuUEqOqrZc4s2fVgg,isotropic,5678,jpeg50,self,151,boston:249,nairobi:5,15.680000,36.1773
nairobi_query_0LJUobuUEqOqrZc4s2fVgg,white_box,5678,jpeg50,self,233,london:85,nairobi:5,15.680001,36.1773
nairobi_query_0LJUobuUEqOqrZc4s2fVgg,transfer_1,5678,jpeg50,self,224,boston:249,nairobi:5,15.679997,36.1773
nairobi_query_0LJUobuUEqOqrZc4s2fVgg,transfer_2,5678,jpeg50,self,244,london:85,nairobi:5,15.680000,36.1773
nairobi_query_0LJUobuUEqOqrZc4s2fVgg,transfer_3,5678,jpeg50,self,133,london:85,nairobi:5,15.679997,36.1773
nairobi_query_0LJUobuUEqOqrZc4s2fVgg,isotropic,9012,jpeg50,self,228,boston:249,nairobi:5,15.679998,36.1773
nairobi_query_0LJUobuUEqOqrZc4s2fVgg,white_box,9012,jpeg50,self,182,manila:189,nairobi:5,15.679997,36.1773
nairobi_query_0LJUobuUEqOqrZc4s2fVgg,transfer_1,9012,jpeg50,self,176,london:85,nairobi:5,15.679998,36.1773
nairobi_query_0LJUobuUEqOqrZc4s2fVgg,transfer_2,9012,jpeg50,self,191,london:85,nairobi:5,15.680000,36.1773
nairobi_query_0LJUobuUEqOqrZc4s2fVgg,transfer_3,9012,jpeg50,self,177,london:85,nairobi:5,15.679997,36.1773
toronto_query_-7C0G-8afrBbN3hImbBHsA,isotropic,1234,jpeg50,self,21,amman:21,toronto:346,15.680000,36.1773
toronto_query_-7C0G-8afrBbN3hImbBHsA,white_box,1234,jpeg50,self,1,toronto:346,toronto:346,15.679998,36.1773
toronto_query_-7C0G-8afrBbN3hImbBHsA,transfer_1,1234,jpeg50,self,10,amman:21,toronto:346,15.680000,36.1773
toronto_query_-7C0G-8afrBbN3hImbBHsA,transfer_2,1234,jpeg50,self,4,amman:21,toronto:346,15.679997,36.1773
toronto_query_-7C0G-8afrBbN3hImbBHsA,transfer_3,1234,jpeg50,self,5,amman:21,toronto:346,15.679997,36.1773
toronto_query_-7C0G-8afrBbN3hImbBHsA,isotropic,5678,jpeg50,self,53,amman:21,toronto:346,15.679998,36.1773
toronto_query_-7C0G-8afrBbN3hImbBHsA,white_box,5678,jpeg50,self,1,toronto:346,toronto:346,15.680000,36.1773
toronto_query_-7C0G-8afrBbN3hImbBHsA,transfer_1,5678,jpeg50,self,11,amman:21,toronto:346,15.680000,36.1773
toronto_query_-7C0G-8afrBbN3hImbBHsA,transfer_2,5678,jpeg50,self,5,amman:21,toronto:346,15.680000,36.1773
toronto_query_-7C0G-8afrBbN3hImbBHsA,transfer_3,5678,jpeg50,self,5,amman:21,toronto:346,15.680000,36.1773
toronto_query_-7C0G-8afrBbN3hImbBHsA,isotropic,9012,jpeg50,self,37,amman:21,toronto:346,15.679998,36.1773
toronto_query_-7C0G-8afrBbN3hImbBHsA,white_box,9012,jpeg50,self,40,manila:46,toronto:346,15.679997,36.1773
toronto_query_-7C0G-8afrBbN3hImbBHsA,transfer_1,9012,jpeg50,self,2,amman:21,toronto:346,15.679998,36.1773
toronto_query_-7C0G-8afrBbN3hImbBHsA,transfer_2,9012,jpeg50,self,9,amman:21,toronto:346,15.679997,36.1773
toronto_query_-7C0G-8afrBbN3hImbBHsA,transfer_3,9012,jpeg50,self,6,amman:21,toronto:346,15.679998,36.1773
zurich_query_-Kb55YIF941j2DBFO5gVjA,isotropic,1234,jpeg50,self,7,toronto:351,zurich:111,15.680000,36.1773
zurich_query_-Kb55YIF941j2DBFO5gVjA,white_box,1234,jpeg50,self,209,toronto:103,zurich:111,15.679998,36.1773
zurich_query_-Kb55YIF941j2DBFO5gVjA,transfer_1,1234,jpeg50,self,8,toronto:351,zurich:111,15.680000,36.1773
zurich_query_-Kb55YIF941j2DBFO5gVjA,transfer_2,1234,jpeg50,self,5,amman:15,zurich:111,15.679997,36.1773
zurich_query_-Kb55YIF941j2DBFO5gVjA,transfer_3,1234,jpeg50,self,30,toronto:351,zurich:111,15.679997,36.1773
zurich_query_-Kb55YIF941j2DBFO5gVjA,isotropic,5678,jpeg50,self,11,toronto:351,zurich:111,15.679997,36.1773
zurich_query_-Kb55YIF941j2DBFO5gVjA,white_box,5678,jpeg50,self,80,toronto:354,zurich:111,15.679997,36.1773
zurich_query_-Kb55YIF941j2DBFO5gVjA,transfer_1,5678,jpeg50,self,10,toronto:244,zurich:111,15.679997,36.1773
zurich_query_-Kb55YIF941j2DBFO5gVjA,transfer_2,5678,jpeg50,self,10,toronto:351,zurich:111,15.680000,36.1773
zurich_query_-Kb55YIF941j2DBFO5gVjA,transfer_3,5678,jpeg50,self,12,amman:15,zurich:111,15.680000,36.1773
zurich_query_-Kb55YIF941j2DBFO5gVjA,isotropic,9012,jpeg50,self,7,amman:15,zurich:111,15.680000,36.1773
zurich_query_-Kb55YIF941j2DBFO5gVjA,white_box,9012,jpeg50,self,160,toronto:351,zurich:111,15.680002,36.1773
zurich_query_-Kb55YIF941j2DBFO5gVjA,transfer_1,9012,jpeg50,self,12,toronto:351,zurich:111,15.679997,36.1773
zurich_query_-Kb55YIF941j2DBFO5gVjA,transfer_2,9012,jpeg50,self,9,toronto:351,zurich:111,15.679997,36.1773
zurich_query_-Kb55YIF941j2DBFO5gVjA,transfer_3,9012,jpeg50,self,18,amman:15,zurich:111,15.679998,36.1773
amman_query_-qij8CFaEYNp4JW3rF9oqQ,isotropic,1234,jpeg50,self,3,boston:237,amman:32,15.679997,36.1773
amman_query_-qij8CFaEYNp4JW3rF9oqQ,white_box,1234,jpeg50,self,61,boston:168,amman:32,15.679998,36.1773
amman_query_-qij8CFaEYNp4JW3rF9oqQ,transfer_1,1234,jpeg50,self,3,boston:237,amman:32,15.679997,36.1773
amman_query_-qij8CFaEYNp4JW3rF9oqQ,transfer_2,1234,jpeg50,self,4,cph:162,amman:32,15.679998,36.1773
amman_query_-qij8CFaEYNp4JW3rF9oqQ,transfer_3,1234,jpeg50,self,2,boston:237,amman:32,15.680000,36.1773
amman_query_-qij8CFaEYNp4JW3rF9oqQ,isotropic,5678,jpeg50,self,3,boston:237,amman:32,15.680000,36.1773
amman_query_-qij8CFaEYNp4JW3rF9oqQ,white_box,5678,jpeg50,self,11,toronto:103,amman:32,15.680000,36.1773
amman_query_-qij8CFaEYNp4JW3rF9oqQ,transfer_1,5678,jpeg50,self,3,boston:237,amman:32,15.680001,36.1773
amman_query_-qij8CFaEYNp4JW3rF9oqQ,transfer_2,5678,jpeg50,self,1,amman:32,amman:32,15.679997,36.1773
amman_query_-qij8CFaEYNp4JW3rF9oqQ,transfer_3,5678,jpeg50,self,5,cph:429,amman:32,15.680000,36.1773
amman_query_-qij8CFaEYNp4JW3rF9oqQ,isotropic,9012,jpeg50,self,2,boston:237,amman:32,15.679997,36.1773
amman_query_-qij8CFaEYNp4JW3rF9oqQ,white_box,9012,jpeg50,self,33,cph:94,amman:32,15.680000,36.1773
amman_query_-qij8CFaEYNp4JW3rF9oqQ,transfer_1,9012,jpeg50,self,3,boston:237,amman:32,15.680001,36.1773
amman_query_-qij8CFaEYNp4JW3rF9oqQ,transfer_2,9012,jpeg50,self,2,boston:237,amman:32,15.680001,36.1773
amman_query_-qij8CFaEYNp4JW3rF9oqQ,transfer_3,9012,jpeg50,self,3,cph:429,amman:32,15.679997,36.1773
boston_query_-AJWNV55EAzvKArt5mMYqg,isotropic,1234,jpeg50,self,308,boston:191,boston:144,15.679997,36.1773
boston_query_-AJWNV55EAzvKArt5mMYqg,white_box,1234,jpeg50,self,576,london:8,boston:144,15.679997,36.1773
boston_query_-AJWNV55EAzvKArt5mMYqg,transfer_1,1234,jpeg50,self,121,boston:191,boston:144,15.680000,36.1773
boston_query_-AJWNV55EAzvKArt5mMYqg,transfer_2,1234,jpeg50,self,124,nairobi:22,boston:144,15.679997,36.1773
boston_query_-AJWNV55EAzvKArt5mMYqg,transfer_3,1234,jpeg50,self,100,amman:35,boston:144,15.680000,36.1773
boston_query_-AJWNV55EAzvKArt5mMYqg,isotropic,5678,jpeg50,self,344,boston:191,boston:144,15.680000,36.1773
boston_query_-AJWNV55EAzvKArt5mMYqg,white_box,5678,jpeg50,self,484,boston:171,boston:144,15.680000,36.1773
boston_query_-AJWNV55EAzvKArt5mMYqg,transfer_1,5678,jpeg50,self,155,boston:191,boston:144,15.679997,36.1773
boston_query_-AJWNV55EAzvKArt5mMYqg,transfer_2,5678,jpeg50,self,38,boston:90,boston:144,15.680000,36.1773
boston_query_-AJWNV55EAzvKArt5mMYqg,transfer_3,5678,jpeg50,self,191,amman:35,boston:144,15.679998,36.1773
boston_query_-AJWNV55EAzvKArt5mMYqg,isotropic,9012,jpeg50,self,267,boston:191,boston:144,15.680000,36.1773
boston_query_-AJWNV55EAzvKArt5mMYqg,white_box,9012,jpeg50,self,50,amman:1,boston:144,15.680001,36.1773
boston_query_-AJWNV55EAzvKArt5mMYqg,transfer_1,9012,jpeg50,self,68,boston:191,boston:144,15.679998,36.1773
boston_query_-AJWNV55EAzvKArt5mMYqg,transfer_2,9012,jpeg50,self,36,boston:123,boston:144,15.680000,36.1773
boston_query_-AJWNV55EAzvKArt5mMYqg,transfer_3,9012,jpeg50,self,112,amman:35,boston:144,15.679997,36.1773
cph_query_-5qSxgAnKk-6Bf5AVVoPjA,isotropic,1234,jpeg50,self,3,amman:1,cph:243,15.679998,36.1773
cph_query_-5qSxgAnKk-6Bf5AVVoPjA,white_box,1234,jpeg50,self,184,boston:249,cph:243,15.679998,36.1773
cph_query_-5qSxgAnKk-6Bf5AVVoPjA,transfer_1,1234,jpeg50,self,9,amman:1,cph:243,15.679997,36.1773
cph_query_-5qSxgAnKk-6Bf5AVVoPjA,transfer_2,1234,jpeg50,self,12,amman:1,cph:243,15.680000,36.1773
cph_query_-5qSxgAnKk-6Bf5AVVoPjA,transfer_3,1234,jpeg50,self,24,amman:1,cph:243,15.679997,36.1773
cph_query_-5qSxgAnKk-6Bf5AVVoPjA,isotropic,5678,jpeg50,self,4,zurich:42,cph:243,15.680000,36.1773
cph_query_-5qSxgAnKk-6Bf5AVVoPjA,white_box,5678,jpeg50,self,63,amman:1,cph:243,15.680000,36.1773
cph_query_-5qSxgAnKk-6Bf5AVVoPjA,transfer_1,5678,jpeg50,self,8,cph:271,cph:243,15.680000,36.1773
cph_query_-5qSxgAnKk-6Bf5AVVoPjA,transfer_2,5678,jpeg50,self,20,amman:1,cph:243,15.680000,36.1773
cph_query_-5qSxgAnKk-6Bf5AVVoPjA,transfer_3,5678,jpeg50,self,29,amman:1,cph:243,15.680000,36.1773
cph_query_-5qSxgAnKk-6Bf5AVVoPjA,isotropic,9012,jpeg50,self,4,cph:271,cph:243,15.680001,36.1773
cph_query_-5qSxgAnKk-6Bf5AVVoPjA,white_box,9012,jpeg50,self,18,cph:271,cph:243,15.679996,36.1773
cph_query_-5qSxgAnKk-6Bf5AVVoPjA,transfer_1,9012,jpeg50,self,9,cph:271,cph:243,15.679996,36.1773
cph_query_-5qSxgAnKk-6Bf5AVVoPjA,transfer_2,9012,jpeg50,self,10,zurich:42,cph:243,15.680000,36.1773
cph_query_-5qSxgAnKk-6Bf5AVVoPjA,transfer_3,9012,jpeg50,self,28,amman:1,cph:243,15.679998,36.1773
london_query_-HfvOD1d7XUGJoEMybpyqQ,isotropic,1234,jpeg50,self,403,boston:90,london:77,15.679997,36.1773
london_query_-HfvOD1d7XUGJoEMybpyqQ,white_box,1234,jpeg50,self,426,london:21,london:77,15.679997,36.1773
london_query_-HfvOD1d7XUGJoEMybpyqQ,transfer_1,1234,jpeg50,self,330,boston:90,london:77,15.679997,36.1773
london_query_-HfvOD1d7XUGJoEMybpyqQ,transfer_2,1234,jpeg50,self,493,boston:90,london:77,15.680000,36.1773
london_query_-HfvOD1d7XUGJoEMybpyqQ,transfer_3,1234,jpeg50,self,239,cph:500,london:77,15.679997,36.1773
london_query_-HfvOD1d7XUGJoEMybpyqQ,isotropic,5678,jpeg50,self,414,boston:90,london:77,15.679997,36.1773
london_query_-HfvOD1d7XUGJoEMybpyqQ,white_box,5678,jpeg50,self,309,cph:370,london:77,15.680000,36.1773
london_query_-HfvOD1d7XUGJoEMybpyqQ,transfer_1,5678,jpeg50,self,297,cph:175,london:77,15.679998,36.1773
london_query_-HfvOD1d7XUGJoEMybpyqQ,transfer_2,5678,jpeg50,self,456,boston:90,london:77,15.680000,36.1773
london_query_-HfvOD1d7XUGJoEMybpyqQ,transfer_3,5678,jpeg50,self,242,london:122,london:77,15.679997,36.1773
london_query_-HfvOD1d7XUGJoEMybpyqQ,isotropic,9012,jpeg50,self,402,boston:90,london:77,15.679997,36.1773
london_query_-HfvOD1d7XUGJoEMybpyqQ,white_box,9012,jpeg50,self,568,cph:342,london:77,15.680001,36.1773
london_query_-HfvOD1d7XUGJoEMybpyqQ,transfer_1,9012,jpeg50,self,618,cph:190,london:77,15.679998,36.1773
london_query_-HfvOD1d7XUGJoEMybpyqQ,transfer_2,9012,jpeg50,self,237,boston:123,london:77,15.679997,36.1773
london_query_-HfvOD1d7XUGJoEMybpyqQ,transfer_3,9012,jpeg50,self,355,boston:237,london:77,15.679997,36.1773
manila_query_-9tG6ERjH4jVcWo9jkVvBg,isotropic,1234,jpeg50,self,1,manila:29,manila:29,15.680000,36.1773
manila_query_-9tG6ERjH4jVcWo9jkVvBg,white_box,1234,jpeg50,self,31,manila:190,manila:29,15.679997,36.1773
manila_query_-9tG6ERjH4jVcWo9jkVvBg,transfer_1,1234,jpeg50,self,1,manila:29,manila:29,15.680000,36.1773
manila_query_-9tG6ERjH4jVcWo9jkVvBg,transfer_2,1234,jpeg50,self,1,manila:29,manila:29,15.679997,36.1773
manila_query_-9tG6ERjH4jVcWo9jkVvBg,transfer_3,1234,jpeg50,self,3,manila:72,manila:29,15.679998,36.1773
manila_query_-9tG6ERjH4jVcWo9jkVvBg,isotropic,5678,jpeg50,self,1,manila:29,manila:29,15.679997,36.1773
manila_query_-9tG6ERjH4jVcWo9jkVvBg,white_box,5678,jpeg50,self,35,manila:72,manila:29,15.680000,36.1773
manila_query_-9tG6ERjH4jVcWo9jkVvBg,transfer_1,5678,jpeg50,self,1,manila:29,manila:29,15.679997,36.1773
manila_query_-9tG6ERjH4jVcWo9jkVvBg,transfer_2,5678,jpeg50,self,5,manila:72,manila:29,15.680000,36.1773
manila_query_-9tG6ERjH4jVcWo9jkVvBg,transfer_3,5678,jpeg50,self,3,manila:190,manila:29,15.680000,36.1773
manila_query_-9tG6ERjH4jVcWo9jkVvBg,isotropic,9012,jpeg50,self,1,manila:29,manila:29,15.679998,36.1773
manila_query_-9tG6ERjH4jVcWo9jkVvBg,white_box,9012,jpeg50,self,25,manila:87,manila:29,15.679997,36.1773
manila_query_-9tG6ERjH4jVcWo9jkVvBg,transfer_1,9012,jpeg50,self,3,manila:72,manila:29,15.680001,36.1773
manila_query_-9tG6ERjH4jVcWo9jkVvBg,transfer_2,9012,jpeg50,self,2,manila:72,manila:29,15.680001,36.1773
manila_query_-9tG6ERjH4jVcWo9jkVvBg,transfer_3,9012,jpeg50,self,1,manila:29,manila:29,15.679997,36.1773
nairobi_query_0M1Vl3tUlt_2MiFp6vxhrg,isotropic,1234,jpeg50,self,5,boston:234,nairobi:1,15.679997,36.1773
nairobi_query_0M1Vl3tUlt_2MiFp6vxhrg,white_box,1234,jpeg50,self,39,amman:26,nairobi:1,15.680000,36.1773
nairobi_query_0M1Vl3tUlt_2MiFp6vxhrg,transfer_1,1234,jpeg50,self,24,zurich:35,nairobi:1,15.680000,36.1773
nairobi_query_0M1Vl3tUlt_2MiFp6vxhrg,transfer_2,1234,jpeg50,self,10,toronto:301,nairobi:1,15.679997,36.1773
nairobi_query_0M1Vl3tUlt_2MiFp6vxhrg,transfer_3,1234,jpeg50,self,20,zurich:30,nairobi:1,15.679997,36.1773
nairobi_query_0M1Vl3tUlt_2MiFp6vxhrg,isotropic,5678,jpeg50,self,33,boston:234,nairobi:1,15.680000,36.1773
nairobi_query_0M1Vl3tUlt_2MiFp6vxhrg,white_box,5678,jpeg50,self,4,manila:153,nairobi:1,15.679997,36.1773
nairobi_query_0M1Vl3tUlt_2MiFp6vxhrg,transfer_1,5678,jpeg50,self,80,boston:234,nairobi:1,15.679997,36.1773
nairobi_query_0M1Vl3tUlt_2MiFp6vxhrg,transfer_2,5678,jpeg50,self,18,toronto:354,nairobi:1,15.680000,36.1773
nairobi_query_0M1Vl3tUlt_2MiFp6vxhrg,transfer_3,5678,jpeg50,self,85,amman:35,nairobi:1,15.680000,36.1773
nairobi_query_0M1Vl3tUlt_2MiFp6vxhrg,isotropic,9012,jpeg50,self,6,boston:234,nairobi:1,15.680000,36.1773
nairobi_query_0M1Vl3tUlt_2MiFp6vxhrg,white_box,9012,jpeg50,self,3,zurich:19,nairobi:1,15.679997,36.1773
nairobi_query_0M1Vl3tUlt_2MiFp6vxhrg,transfer_1,9012,jpeg50,self,8,manila:143,nairobi:1,15.679997,36.1773
nairobi_query_0M1Vl3tUlt_2MiFp6vxhrg,transfer_2,9012,jpeg50,self,3,boston:234,nairobi:1,15.679997,36.1773
nairobi_query_0M1Vl3tUlt_2MiFp6vxhrg,transfer_3,9012,jpeg50,self,71,amman:35,nairobi:1,15.680000,36.1773
toronto_query_-7bDZLvVOVk7ethfd1yomg,isotropic,1234,jpeg50,self,29,toronto:236,toronto:251,15.679997,36.1773
toronto_query_-7bDZLvVOVk7ethfd1yomg,white_box,1234,jpeg50,self,91,boston:234,toronto:251,15.679998,36.1773
toronto_query_-7bDZLvVOVk7ethfd1yomg,transfer_1,1234,jpeg50,self,21,boston:79,toronto:251,15.679997,36.1773
toronto_query_-7bDZLvVOVk7ethfd1yomg,transfer_2,1234,jpeg50,self,42,toronto:273,toronto:251,15.679997,36.1773
toronto_query_-7bDZLvVOVk7ethfd1yomg,transfer_3,1234,jpeg50,self,37,toronto:273,toronto:251,15.679998,36.1773
toronto_query_-7bDZLvVOVk7ethfd1yomg,isotropic,5678,jpeg50,self,28,toronto:236,toronto:251,15.679997,36.1773
toronto_query_-7bDZLvVOVk7ethfd1yomg,white_box,5678,jpeg50,self,157,boston:79,toronto:251,15.680000,36.1773
toronto_query_-7bDZLvVOVk7ethfd1yomg,transfer_1,5678,jpeg50,self,37,boston:79,toronto:251,15.680000,36.1773
toronto_query_-7bDZLvVOVk7ethfd1yomg,transfer_2,5678,jpeg50,self,32,boston:79,toronto:251,15.680000,36.1773
toronto_query_-7bDZLvVOVk7ethfd1yomg,transfer_3,5678,jpeg50,self,54,toronto:273,toronto:251,15.680001,36.1773
toronto_query_-7bDZLvVOVk7ethfd1yomg,isotropic,9012,jpeg50,self,31,toronto:236,toronto:251,15.679998,36.1773
toronto_query_-7bDZLvVOVk7ethfd1yomg,white_box,9012,jpeg50,self,39,toronto:207,toronto:251,15.680000,36.1773
toronto_query_-7bDZLvVOVk7ethfd1yomg,transfer_1,9012,jpeg50,self,17,boston:79,toronto:251,15.679997,36.1773
toronto_query_-7bDZLvVOVk7ethfd1yomg,transfer_2,9012,jpeg50,self,47,boston:79,toronto:251,15.679997,36.1773
toronto_query_-7bDZLvVOVk7ethfd1yomg,transfer_3,9012,jpeg50,self,42,boston:79,toronto:251,15.680000,36.1773
zurich_query_-Km53YFc8zewa3vS2OeGsQ,isotropic,1234,jpeg50,self,24,cph:261,zurich:33,15.679997,36.1773
zurich_query_-Km53YFc8zewa3vS2OeGsQ,white_box,1234,jpeg50,self,73,zurich:19,zurich:33,15.680000,36.1773
zurich_query_-Km53YFc8zewa3vS2OeGsQ,transfer_1,1234,jpeg50,self,31,cph:261,zurich:33,15.679997,36.1773
zurich_query_-Km53YFc8zewa3vS2OeGsQ,transfer_2,1234,jpeg50,self,24,boston:191,zurich:33,15.679997,36.1773
zurich_query_-Km53YFc8zewa3vS2OeGsQ,transfer_3,1234,jpeg50,self,46,manila:181,zurich:33,15.680000,36.1773
zurich_query_-Km53YFc8zewa3vS2OeGsQ,isotropic,5678,jpeg50,self,28,cph:271,zurich:33,15.679998,36.1773
zurich_query_-Km53YFc8zewa3vS2OeGsQ,white_box,5678,jpeg50,self,6,amman:6,zurich:33,15.680000,36.1773
zurich_query_-Km53YFc8zewa3vS2OeGsQ,transfer_1,5678,jpeg50,self,26,cph:261,zurich:33,15.680001,36.1773
zurich_query_-Km53YFc8zewa3vS2OeGsQ,transfer_2,5678,jpeg50,self,51,boston:191,zurich:33,15.680000,36.1773
zurich_query_-Km53YFc8zewa3vS2OeGsQ,transfer_3,5678,jpeg50,self,96,amman:1,zurich:33,15.679997,36.1773
zurich_query_-Km53YFc8zewa3vS2OeGsQ,isotropic,9012,jpeg50,self,10,cph:271,zurich:33,15.679998,36.1773
zurich_query_-Km53YFc8zewa3vS2OeGsQ,white_box,9012,jpeg50,self,223,zurich:19,zurich:33,15.679997,36.1773
zurich_query_-Km53YFc8zewa3vS2OeGsQ,transfer_1,9012,jpeg50,self,46,cph:280,zurich:33,15.680001,36.1773
zurich_query_-Km53YFc8zewa3vS2OeGsQ,transfer_2,9012,jpeg50,self,9,amman:1,zurich:33,15.679998,36.1773
zurich_query_-Km53YFc8zewa3vS2OeGsQ,transfer_3,9012,jpeg50,self,96,amman:1,zurich:33,15.680000,36.1773
amman_query_-t_-moqpBTWSiKU7mS-lgQ,isotropic,1234,jpeg50,self,10,amman:6,amman:23,15.680000,36.1773
amman_query_-t_-moqpBTWSiKU7mS-lgQ,white_box,1234,jpeg50,self,56,amman:1,amman:23,15.680001,36.1773
amman_query_-t_-moqpBTWSiKU7mS-lgQ,transfer_1,1234,jpeg50,self,18,amman:6,amman:23,15.680001,36.1773
amman_query_-t_-moqpBTWSiKU7mS-lgQ,transfer_2,1234,jpeg50,self,19,amman:1,amman:23,15.679997,36.1773
amman_query_-t_-moqpBTWSiKU7mS-lgQ,transfer_3,1234,jpeg50,self,34,amman:6,amman:23,15.680000,36.1773
amman_query_-t_-moqpBTWSiKU7mS-lgQ,isotropic,5678,jpeg50,self,14,amman:6,amman:23,15.680000,36.1773
amman_query_-t_-moqpBTWSiKU7mS-lgQ,white_box,5678,jpeg50,self,17,amman:1,amman:23,15.680000,36.1773
amman_query_-t_-moqpBTWSiKU7mS-lgQ,transfer_1,5678,jpeg50,self,21,amman:6,amman:23,15.679998,36.1773
amman_query_-t_-moqpBTWSiKU7mS-lgQ,transfer_2,5678,jpeg50,self,27,amman:6,amman:23,15.680000,36.1773
amman_query_-t_-moqpBTWSiKU7mS-lgQ,transfer_3,5678,jpeg50,self,34,amman:4,amman:23,15.679998,36.1773
amman_query_-t_-moqpBTWSiKU7mS-lgQ,isotropic,9012,jpeg50,self,5,amman:6,amman:23,15.679997,36.1773
amman_query_-t_-moqpBTWSiKU7mS-lgQ,white_box,9012,jpeg50,self,77,amman:6,amman:23,15.679997,36.1773
amman_query_-t_-moqpBTWSiKU7mS-lgQ,transfer_1,9012,jpeg50,self,25,amman:6,amman:23,15.679997,36.1773
amman_query_-t_-moqpBTWSiKU7mS-lgQ,transfer_2,9012,jpeg50,self,34,amman:6,amman:23,15.679998,36.1773
amman_query_-t_-moqpBTWSiKU7mS-lgQ,transfer_3,9012,jpeg50,self,16,amman:6,amman:23,15.680000,36.1773
boston_query_-Ae9_7GnntvqV8myNb9fhv,isotropic,1234,jpeg50,self,2,boston:168,boston:191,15.680000,36.1773
boston_query_-Ae9_7GnntvqV8myNb9fhv,white_box,1234,jpeg50,self,2,manila:92,boston:191,15.680000,36.1773
boston_query_-Ae9_7GnntvqV8myNb9fhv,transfer_1,1234,jpeg50,self,1,boston:191,boston:191,15.679997,36.1773
boston_query_-Ae9_7GnntvqV8myNb9fhv,transfer_2,1234,jpeg50,self,2,zurich:42,boston:191,15.679997,36.1773
boston_query_-Ae9_7GnntvqV8myNb9fhv,transfer_3,1234,jpeg50,self,1,boston:191,boston:191,15.680001,36.1773
boston_query_-Ae9_7GnntvqV8myNb9fhv,isotropic,5678,jpeg50,self,1,boston:191,boston:191,15.680000,36.1773
boston_query_-Ae9_7GnntvqV8myNb9fhv,white_box,5678,jpeg50,self,2,manila:92,boston:191,15.679997,36.1773
boston_query_-Ae9_7GnntvqV8myNb9fhv,transfer_1,5678,jpeg50,self,1,boston:191,boston:191,15.679997,36.1773
boston_query_-Ae9_7GnntvqV8myNb9fhv,transfer_2,5678,jpeg50,self,1,boston:191,boston:191,15.680000,36.1773
boston_query_-Ae9_7GnntvqV8myNb9fhv,transfer_3,5678,jpeg50,self,1,boston:191,boston:191,15.679997,36.1773
boston_query_-Ae9_7GnntvqV8myNb9fhv,isotropic,9012,jpeg50,self,1,boston:191,boston:191,15.679995,36.1773
boston_query_-Ae9_7GnntvqV8myNb9fhv,white_box,9012,jpeg50,self,9,cph:176,boston:191,15.680000,36.1773
boston_query_-Ae9_7GnntvqV8myNb9fhv,transfer_1,9012,jpeg50,self,1,boston:191,boston:191,15.679997,36.1773
boston_query_-Ae9_7GnntvqV8myNb9fhv,transfer_2,9012,jpeg50,self,1,boston:191,boston:191,15.679998,36.1773
boston_query_-Ae9_7GnntvqV8myNb9fhv,transfer_3,9012,jpeg50,self,1,boston:191,boston:191,15.679998,36.1773
cph_query_-8E-udXiyMJCRp_UkM4Kgw,isotropic,1234,jpeg50,self,3,cph:271,cph:245,15.679997,36.1773
cph_query_-8E-udXiyMJCRp_UkM4Kgw,white_box,1234,jpeg50,self,275,boston:234,cph:245,15.679997,36.1773
cph_query_-8E-udXiyMJCRp_UkM4Kgw,transfer_1,1234,jpeg50,self,8,cph:54,cph:245,15.679997,36.1773
cph_query_-8E-udXiyMJCRp_UkM4Kgw,transfer_2,1234,jpeg50,self,10,cph:54,cph:245,15.680000,36.1773
cph_query_-8E-udXiyMJCRp_UkM4Kgw,transfer_3,1234,jpeg50,self,131,cph:271,cph:245,15.680000,36.1773
cph_query_-8E-udXiyMJCRp_UkM4Kgw,isotropic,5678,jpeg50,self,7,cph:54,cph:245,15.679998,36.1773
cph_query_-8E-udXiyMJCRp_UkM4Kgw,white_box,5678,jpeg50,self,7,nairobi:1,cph:245,15.679998,36.1773
cph_query_-8E-udXiyMJCRp_UkM4Kgw,transfer_1,5678,jpeg50,self,4,cph:54,cph:245,15.679997,36.1773
cph_query_-8E-udXiyMJCRp_UkM4Kgw,transfer_2,5678,jpeg50,self,12,cph:54,cph:245,15.679998,36.1773
cph_query_-8E-udXiyMJCRp_UkM4Kgw,transfer_3,5678,jpeg50,self,1,cph:245,cph:245,15.680000,36.1773
cph_query_-8E-udXiyMJCRp_UkM4Kgw,isotropic,9012,jpeg50,self,3,cph:54,cph:245,15.680001,36.1773
cph_query_-8E-udXiyMJCRp_UkM4Kgw,white_box,9012,jpeg50,self,9,cph:296,cph:245,15.680000,36.1773
cph_query_-8E-udXiyMJCRp_UkM4Kgw,transfer_1,9012,jpeg50,self,3,cph:271,cph:245,15.679997,36.1773
cph_query_-8E-udXiyMJCRp_UkM4Kgw,transfer_2,9012,jpeg50,self,2,cph:54,cph:245,15.680000,36.1773
cph_query_-8E-udXiyMJCRp_UkM4Kgw,transfer_3,9012,jpeg50,self,1,cph:245,cph:245,15.680000,36.1773
london_query_-Id3DdRqVbjIA39wjxbTgw,isotropic,1234,jpeg50,self,6,boston:79,london:125,15.680000,36.1773
london_query_-Id3DdRqVbjIA39wjxbTgw,white_box,1234,jpeg50,self,51,manila:92,london:125,15.680001,36.1773
london_query_-Id3DdRqVbjIA39wjxbTgw,transfer_1,1234,jpeg50,self,22,boston:234,london:125,15.680000,36.1773
london_query_-Id3DdRqVbjIA39wjxbTgw,transfer_2,1234,jpeg50,self,23,boston:234,london:125,15.679997,36.1773
london_query_-Id3DdRqVbjIA39wjxbTgw,transfer_3,1234,jpeg50,self,13,boston:79,london:125,15.679997,36.1773
london_query_-Id3DdRqVbjIA39wjxbTgw,isotropic,5678,jpeg50,self,6,boston:79,london:125,15.679996,36.1773
london_query_-Id3DdRqVbjIA39wjxbTgw,white_box,5678,jpeg50,self,244,manila:181,london:125,15.679998,36.1773
london_query_-Id3DdRqVbjIA39wjxbTgw,transfer_1,5678,jpeg50,self,34,boston:79,london:125,15.680001,36.1773
london_query_-Id3DdRqVbjIA39wjxbTgw,transfer_2,5678,jpeg50,self,9,boston:79,london:125,15.680000,36.1773
london_query_-Id3DdRqVbjIA39wjxbTgw,transfer_3,5678,jpeg50,self,50,boston:79,london:125,15.680000,36.1773
london_query_-Id3DdRqVbjIA39wjxbTgw,isotropic,9012,jpeg50,self,7,boston:79,london:125,15.680000,36.1773
london_query_-Id3DdRqVbjIA39wjxbTgw,white_box,9012,jpeg50,self,1,london:125,london:125,15.679998,36.1773
london_query_-Id3DdRqVbjIA39wjxbTgw,transfer_1,9012,jpeg50,self,18,boston:79,london:125,15.679997,36.1773
london_query_-Id3DdRqVbjIA39wjxbTgw,transfer_2,9012,jpeg50,self,11,boston:79,london:125,15.679998,36.1773
london_query_-Id3DdRqVbjIA39wjxbTgw,transfer_3,9012,jpeg50,self,60,boston:79,london:125,15.680000,36.1773
manila_query_-AXkFLZ0HchDGYvJ_KZ3dQ,isotropic,1234,jpeg50,self,43,amman:23,manila:13,15.680000,36.1773
manila_query_-AXkFLZ0HchDGYvJ_KZ3dQ,white_box,1234,jpeg50,self,49,manila:51,manila:13,15.680001,36.1773
manila_query_-AXkFLZ0HchDGYvJ_KZ3dQ,transfer_1,1234,jpeg50,self,26,manila:89,manila:13,15.679997,36.1773
manila_query_-AXkFLZ0HchDGYvJ_KZ3dQ,transfer_2,1234,jpeg50,self,79,amman:23,manila:13,15.680000,36.1773
manila_query_-AXkFLZ0HchDGYvJ_KZ3dQ,transfer_3,1234,jpeg50,self,43,amman:23,manila:13,15.679997,36.1773
manila_query_-AXkFLZ0HchDGYvJ_KZ3dQ,isotropic,5678,jpeg50,self,74,zurich:111,manila:13,15.679998,36.1773
manila_query_-AXkFLZ0HchDGYvJ_KZ3dQ,white_box,5678,jpeg50,self,87,zurich:33,manila:13,15.679997,36.1773
manila_query_-AXkFLZ0HchDGYvJ_KZ3dQ,transfer_1,5678,jpeg50,self,55,cph:119,manila:13,15.680000,36.1773
manila_query_-AXkFLZ0HchDGYvJ_KZ3dQ,transfer_2,5678,jpeg50,self,52,manila:89,manila:13,15.680000,36.1773
manila_query_-AXkFLZ0HchDGYvJ_KZ3dQ,transfer_3,5678,jpeg50,self,80,nairobi:15,manila:13,15.679996,36.1773
manila_query_-AXkFLZ0HchDGYvJ_KZ3dQ,isotropic,9012,jpeg50,self,53,amman:23,manila:13,15.680000,36.1773
manila_query_-AXkFLZ0HchDGYvJ_KZ3dQ,white_box,9012,jpeg50,self,40,cph:119,manila:13,15.680001,36.1773
manila_query_-AXkFLZ0HchDGYvJ_KZ3dQ,transfer_1,9012,jpeg50,self,40,amman:23,manila:13,15.679998,36.1773
manila_query_-AXkFLZ0HchDGYvJ_KZ3dQ,transfer_2,9012,jpeg50,self,51,manila:89,manila:13,15.679998,36.1773
manila_query_-AXkFLZ0HchDGYvJ_KZ3dQ,transfer_3,9012,jpeg50,self,33,amman:23,manila:13,15.679997,36.1773
nairobi_query_0Oa1jUYlj8LE47HApYWufA,isotropic,1234,jpeg50,self,163,nairobi:10,nairobi:0,15.679998,36.1773
nairobi_query_0Oa1jUYlj8LE47HApYWufA,white_box,1234,jpeg50,self,334,boston:123,nairobi:0,15.680000,36.1773
nairobi_query_0Oa1jUYlj8LE47HApYWufA,transfer_1,1234,jpeg50,self,77,nairobi:21,nairobi:0,15.680000,36.1773
nairobi_query_0Oa1jUYlj8LE47HApYWufA,transfer_2,1234,jpeg50,self,94,manila:153,nairobi:0,15.680000,36.1773
nairobi_query_0Oa1jUYlj8LE47HApYWufA,transfer_3,1234,jpeg50,self,248,zurich:35,nairobi:0,15.680000,36.1773
nairobi_query_0Oa1jUYlj8LE47HApYWufA,isotropic,5678,jpeg50,self,140,nairobi:21,nairobi:0,15.680000,36.1773
nairobi_query_0Oa1jUYlj8LE47HApYWufA,white_box,5678,jpeg50,self,83,manila:23,nairobi:0,15.679998,36.1773
nairobi_query_0Oa1jUYlj8LE47HApYWufA,transfer_1,5678,jpeg50,self,51,nairobi:21,nairobi:0,15.680000,36.1773
nairobi_query_0Oa1jUYlj8LE47HApYWufA,transfer_2,5678,jpeg50,self,129,zurich:35,nairobi:0,15.679997,36.1773
nairobi_query_0Oa1jUYlj8LE47HApYWufA,transfer_3,5678,jpeg50,self,112,zurich:35,nairobi:0,15.680001,36.1773
nairobi_query_0Oa1jUYlj8LE47HApYWufA,isotropic,9012,jpeg50,self,281,zurich:35,nairobi:0,15.679997,36.1773
nairobi_query_0Oa1jUYlj8LE47HApYWufA,white_box,9012,jpeg50,self,655,amman:26,nairobi:0,15.679997,36.1773
nairobi_query_0Oa1jUYlj8LE47HApYWufA,transfer_1,9012,jpeg50,self,151,nairobi:10,nairobi:0,15.679997,36.1773
nairobi_query_0Oa1jUYlj8LE47HApYWufA,transfer_2,9012,jpeg50,self,101,zurich:35,nairobi:0,15.680001,36.1773
nairobi_query_0Oa1jUYlj8LE47HApYWufA,transfer_3,9012,jpeg50,self,66,boston:234,nairobi:0,15.679997,36.1773
toronto_query_-85n6JJLXmi04edt5JxhzQ,isotropic,1234,jpeg50,self,1123,toronto:228,toronto:21,15.679997,36.1773
toronto_query_-85n6JJLXmi04edt5JxhzQ,white_box,1234,jpeg50,self,681,cph:464,toronto:21,15.680000,36.1773
toronto_query_-85n6JJLXmi04edt5JxhzQ,transfer_1,1234,jpeg50,self,765,manila:15,toronto:21,15.679998,36.1773
toronto_query_-85n6JJLXmi04edt5JxhzQ,transfer_2,1234,jpeg50,self,208,toronto:228,toronto:21,15.679998,36.1773
toronto_query_-85n6JJLXmi04edt5JxhzQ,transfer_3,1234,jpeg50,self,313,cph:464,toronto:21,15.679998,36.1773
toronto_query_-85n6JJLXmi04edt5JxhzQ,isotropic,5678,jpeg50,self,790,toronto:228,toronto:21,15.679997,36.1773
toronto_query_-85n6JJLXmi04edt5JxhzQ,white_box,5678,jpeg50,self,185,manila:94,toronto:21,15.680002,36.1773
toronto_query_-85n6JJLXmi04edt5JxhzQ,transfer_1,5678,jpeg50,self,832,toronto:228,toronto:21,15.680000,36.1773
toronto_query_-85n6JJLXmi04edt5JxhzQ,transfer_2,5678,jpeg50,self,287,manila:143,toronto:21,15.680001,36.1773
toronto_query_-85n6JJLXmi04edt5JxhzQ,transfer_3,5678,jpeg50,self,802,amman:1,toronto:21,15.679997,36.1773
toronto_query_-85n6JJLXmi04edt5JxhzQ,isotropic,9012,jpeg50,self,915,toronto:228,toronto:21,15.679998,36.1773
toronto_query_-85n6JJLXmi04edt5JxhzQ,white_box,9012,jpeg50,self,92,cph:464,toronto:21,15.679998,36.1773
toronto_query_-85n6JJLXmi04edt5JxhzQ,transfer_1,9012,jpeg50,self,373,manila:143,toronto:21,15.680000,36.1773
toronto_query_-85n6JJLXmi04edt5JxhzQ,transfer_2,9012,jpeg50,self,511,amman:1,toronto:21,15.680000,36.1773
toronto_query_-85n6JJLXmi04edt5JxhzQ,transfer_3,9012,jpeg50,self,555,toronto:228,toronto:21,15.680000,36.1773
zurich_query_-M0Q1_7lg_TKGT2-mllw4w,isotropic,1234,jpeg50,self,111,boston:171,zurich:19,15.679998,36.1773
zurich_query_-M0Q1_7lg_TKGT2-mllw4w,white_box,1234,jpeg50,self,170,cph:264,zurich:19,15.680001,36.1773
zurich_query_-M0Q1_7lg_TKGT2-mllw4w,transfer_1,1234,jpeg50,self,98,boston:171,zurich:19,15.679997,36.1773
zurich_query_-M0Q1_7lg_TKGT2-mllw4w,transfer_2,1234,jpeg50,self,65,boston:171,zurich:19,15.680000,36.1773
zurich_query_-M0Q1_7lg_TKGT2-mllw4w,transfer_3,1234,jpeg50,self,149,manila:181,zurich:19,15.679997,36.1773
zurich_query_-M0Q1_7lg_TKGT2-mllw4w,isotropic,5678,jpeg50,self,74,boston:171,zurich:19,15.679997,36.1773
zurich_query_-M0Q1_7lg_TKGT2-mllw4w,white_box,5678,jpeg50,self,158,manila:92,zurich:19,15.679997,36.1773
zurich_query_-M0Q1_7lg_TKGT2-mllw4w,transfer_1,5678,jpeg50,self,65,boston:171,zurich:19,15.679997,36.1773
zurich_query_-M0Q1_7lg_TKGT2-mllw4w,transfer_2,5678,jpeg50,self,178,manila:153,zurich:19,15.679997,36.1773
zurich_query_-M0Q1_7lg_TKGT2-mllw4w,transfer_3,5678,jpeg50,self,104,manila:181,zurich:19,15.680001,36.1773
zurich_query_-M0Q1_7lg_TKGT2-mllw4w,isotropic,9012,jpeg50,self,149,boston:171,zurich:19,15.679998,36.1773
zurich_query_-M0Q1_7lg_TKGT2-mllw4w,white_box,9012,jpeg50,self,34,manila:181,zurich:19,15.680001,36.1773
zurich_query_-M0Q1_7lg_TKGT2-mllw4w,transfer_1,9012,jpeg50,self,158,amman:35,zurich:19,15.680000,36.1773
zurich_query_-M0Q1_7lg_TKGT2-mllw4w,transfer_2,9012,jpeg50,self,95,boston:171,zurich:19,15.680000,36.1773
zurich_query_-M0Q1_7lg_TKGT2-mllw4w,transfer_3,9012,jpeg50,self,73,manila:181,zurich:19,15.680000,36.1773
amman_query_0-2jyV8XAzdAOYMkdyQVLw,isotropic,1234,jpeg50,self,36,amman:23,amman:6,15.679998,36.1773
amman_query_0-2jyV8XAzdAOYMkdyQVLw,white_box,1234,jpeg50,self,127,cph:271,amman:6,15.679998,36.1773
amman_query_0-2jyV8XAzdAOYMkdyQVLw,transfer_1,1234,jpeg50,self,44,amman:23,amman:6,15.680000,36.1773
amman_query_0-2jyV8XAzdAOYMkdyQVLw,transfer_2,1234,jpeg50,self,33,amman:23,amman:6,15.680000,36.1773
amman_query_0-2jyV8XAzdAOYMkdyQVLw,transfer_3,1234,jpeg50,self,92,amman:23,amman:6,15.679997,36.1773
amman_query_0-2jyV8XAzdAOYMkdyQVLw,isotropic,5678,jpeg50,self,48,amman:23,amman:6,15.679997,36.1773
amman_query_0-2jyV8XAzdAOYMkdyQVLw,white_box,5678,jpeg50,self,32,zurich:5,amman:6,15.679997,36.1773
amman_query_0-2jyV8XAzdAOYMkdyQVLw,transfer_1,5678,jpeg50,self,14,amman:23,amman:6,15.680000,36.1773
amman_query_0-2jyV8XAzdAOYMkdyQVLw,transfer_2,5678,jpeg50,self,113,amman:23,amman:6,15.680000,36.1773
amman_query_0-2jyV8XAzdAOYMkdyQVLw,transfer_3,5678,jpeg50,self,32,amman:23,amman:6,15.680000,36.1773
amman_query_0-2jyV8XAzdAOYMkdyQVLw,isotropic,9012,jpeg50,self,20,amman:23,amman:6,15.680000,36.1773
amman_query_0-2jyV8XAzdAOYMkdyQVLw,white_box,9012,jpeg50,self,11,amman:1,amman:6,15.680000,36.1773
amman_query_0-2jyV8XAzdAOYMkdyQVLw,transfer_1,9012,jpeg50,self,40,amman:23,amman:6,15.679997,36.1773
amman_query_0-2jyV8XAzdAOYMkdyQVLw,transfer_2,9012,jpeg50,self,33,amman:23,amman:6,15.680000,36.1773
amman_query_0-2jyV8XAzdAOYMkdyQVLw,transfer_3,9012,jpeg50,self,33,amman:23,amman:6,15.679997,36.1773
boston_query_-BE36-GG_yM6YS57M_uMTQ,isotropic,1234,jpeg50,self,360,boston:249,boston:84,15.679997,36.1773
boston_query_-BE36-GG_yM6YS57M_uMTQ,white_box,1234,jpeg50,self,899,boston:249,boston:84,15.680000,36.1773
boston_query_-BE36-GG_yM6YS57M_uMTQ,transfer_1,1234,jpeg50,self,615,boston:249,boston:84,15.680000,36.1773
boston_query_-BE36-GG_yM6YS57M_uMTQ,transfer_2,1234,jpeg50,self,584,boston:249,boston:84,15.680000,36.1773
boston_query_-BE36-GG_yM6YS57M_uMTQ,transfer_3,1234,jpeg50,self,931,boston:249,boston:84,15.680000,36.1773
boston_query_-BE36-GG_yM6YS57M_uMTQ,isotropic,5678,jpeg50,self,446,boston:249,boston:84,15.680000,36.1773
boston_query_-BE36-GG_yM6YS57M_uMTQ,white_box,5678,jpeg50,self,891,zurich:23,boston:84,15.679997,36.1773
boston_query_-BE36-GG_yM6YS57M_uMTQ,transfer_1,5678,jpeg50,self,589,boston:249,boston:84,15.680000,36.1773
boston_query_-BE36-GG_yM6YS57M_uMTQ,transfer_2,5678,jpeg50,self,697,boston:249,boston:84,15.680000,36.1773
boston_query_-BE36-GG_yM6YS57M_uMTQ,transfer_3,5678,jpeg50,self,753,boston:249,boston:84,15.680000,36.1773
boston_query_-BE36-GG_yM6YS57M_uMTQ,isotropic,9012,jpeg50,self,359,boston:249,boston:84,15.680000,36.1773
boston_query_-BE36-GG_yM6YS57M_uMTQ,white_box,9012,jpeg50,self,1005,boston:249,boston:84,15.680000,36.1773
boston_query_-BE36-GG_yM6YS57M_uMTQ,transfer_1,9012,jpeg50,self,604,boston:249,boston:84,15.680000,36.1773
boston_query_-BE36-GG_yM6YS57M_uMTQ,transfer_2,9012,jpeg50,self,652,boston:249,boston:84,15.679997,36.1773
boston_query_-BE36-GG_yM6YS57M_uMTQ,transfer_3,9012,jpeg50,self,542,boston:249,boston:84,15.679996,36.1773
cph_query_-9WYlFp61M1J1zV1mJD4uA,isotropic,1234,jpeg50,self,163,cph:243,cph:280,15.680000,36.1773
cph_query_-9WYlFp61M1J1zV1mJD4uA,white_box,1234,jpeg50,self,911,toronto:346,cph:280,15.679997,36.1773
cph_query_-9WYlFp61M1J1zV1mJD4uA,transfer_1,1234,jpeg50,self,303,cph:243,cph:280,15.680000,36.1773
cph_query_-9WYlFp61M1J1zV1mJD4uA,transfer_2,1234,jpeg50,self,393,amman:35,cph:280,15.679998,36.1773
cph_query_-9WYlFp61M1J1zV1mJD4uA,transfer_3,1234,jpeg50,self,484,toronto:346,cph:280,15.680000,36.1773
cph_query_-9WYlFp61M1J1zV1mJD4uA,isotropic,5678,jpeg50,self,103,toronto:301,cph:280,15.679995,36.1773
cph_query_-9WYlFp61M1J1zV1mJD4uA,white_box,5678,jpeg50,self,585,toronto:346,cph:280,15.680001,36.1773
cph_query_-9WYlFp61M1J1zV1mJD4uA,transfer_1,5678,jpeg50,self,259,toronto:301,cph:280,15.680000,36.1773
cph_query_-9WYlFp61M1J1zV1mJD4uA,transfer_2,5678,jpeg50,self,273,cph:243,cph:280,15.680000,36.1773
cph_query_-9WYlFp61M1J1zV1mJD4uA,transfer_3,5678,jpeg50,self,313,manila:181,cph:280,15.680000,36.1773
cph_query_-9WYlFp61M1J1zV1mJD4uA,isotropic,9012,jpeg50,self,163,cph:243,cph:280,15.679996,36.1773
cph_query_-9WYlFp61M1J1zV1mJD4uA,white_box,9012,jpeg50,self,707,manila:143,cph:280,15.679997,36.1773
cph_query_-9WYlFp61M1J1zV1mJD4uA,transfer_1,9012,jpeg50,self,377,toronto:301,cph:280,15.679998,36.1773
cph_query_-9WYlFp61M1J1zV1mJD4uA,transfer_2,9012,jpeg50,self,450,toronto:346,cph:280,15.680000,36.1773
cph_query_-9WYlFp61M1J1zV1mJD4uA,transfer_3,9012,jpeg50,self,413,amman:35,cph:280,15.679997,36.1773
london_query_-OOGG8lTvgHHqp3iuULlyQ,isotropic,1234,jpeg50,self,1,london:21,london:21,15.679997,36.1773
london_query_-OOGG8lTvgHHqp3iuULlyQ,white_box,1234,jpeg50,self,4,cph:500,london:21,15.680000,36.1773
london_query_-OOGG8lTvgHHqp3iuULlyQ,transfer_1,1234,jpeg50,self,1,london:21,london:21,15.679997,36.1773
london_query_-OOGG8lTvgHHqp3iuULlyQ,transfer_2,1234,jpeg50,self,1,london:21,london:21,15.679998,36.1773
london_query_-OOGG8lTvgHHqp3iuULlyQ,transfer_3,1234,jpeg50,self,1,london:21,london:21,15.680000,36.1773
london_query_-OOGG8lTvgHHqp3iuULlyQ,isotropic,5678,jpeg50,self,1,london:21,london:21,15.680000,36.1773
london_query_-OOGG8lTvgHHqp3iuULlyQ,white_box,5678,jpeg50,self,4,zurich:96,london:21,15.679997,36.1773
london_query_-OOGG8lTvgHHqp3iuULlyQ,transfer_1,5678,jpeg50,self,1,london:21,london:21,15.680000,36.1773
london_query_-OOGG8lTvgHHqp3iuULlyQ,transfer_2,5678,jpeg50,self,1,london:21,london:21,15.679997,36.1773
london_query_-OOGG8lTvgHHqp3iuULlyQ,transfer_3,5678,jpeg50,self,1,london:21,london:21,15.680000,36.1773
london_query_-OOGG8lTvgHHqp3iuULlyQ,isotropic,9012,jpeg50,self,1,london:21,london:21,15.680000,36.1773
london_query_-OOGG8lTvgHHqp3iuULlyQ,white_box,9012,jpeg50,self,4,manila:202,london:21,15.679997,36.1773
london_query_-OOGG8lTvgHHqp3iuULlyQ,transfer_1,9012,jpeg50,self,1,london:21,london:21,15.680002,36.1773
london_query_-OOGG8lTvgHHqp3iuULlyQ,transfer_2,9012,jpeg50,self,1,london:21,london:21,15.679997,36.1773
london_query_-OOGG8lTvgHHqp3iuULlyQ,transfer_3,9012,jpeg50,self,1,london:21,london:21,15.679997,36.1773
manila_query_-ColYSDtqqoE3TZ4eZHu8g,isotropic,1234,jpeg50,self,21,boston:101,manila:189,15.680000,36.1773
manila_query_-ColYSDtqqoE3TZ4eZHu8g,white_box,1234,jpeg50,self,14,manila:190,manila:189,15.680000,36.1773
manila_query_-ColYSDtqqoE3TZ4eZHu8g,transfer_1,1234,jpeg50,self,20,manila:181,manila:189,15.680000,36.1773
manila_query_-ColYSDtqqoE3TZ4eZHu8g,transfer_2,1234,jpeg50,self,30,manila:181,manila:189,15.680000,36.1773
manila_query_-ColYSDtqqoE3TZ4eZHu8g,transfer_3,1234,jpeg50,self,8,manila:181,manila:189,15.680000,36.1773
manila_query_-ColYSDtqqoE3TZ4eZHu8g,isotropic,5678,jpeg50,self,51,boston:101,manila:189,15.680000,36.1773
manila_query_-ColYSDtqqoE3TZ4eZHu8g,white_box,5678,jpeg50,self,560,cph:94,manila:189,15.679997,36.1773
manila_query_-ColYSDtqqoE3TZ4eZHu8g,transfer_1,5678,jpeg50,self,41,manila:181,manila:189,15.679998,36.1773
manila_query_-ColYSDtqqoE3TZ4eZHu8g,transfer_2,5678,jpeg50,self,17,manila:181,manila:189,15.680000,36.1773
manila_query_-ColYSDtqqoE3TZ4eZHu8g,transfer_3,5678,jpeg50,self,8,manila:181,manila:189,15.680000,36.1773
manila_query_-ColYSDtqqoE3TZ4eZHu8g,isotropic,9012,jpeg50,self,47,manila:181,manila:189,15.679998,36.1773
manila_query_-ColYSDtqqoE3TZ4eZHu8g,white_box,9012,jpeg50,self,6,amman:23,manila:189,15.680000,36.1773
manila_query_-ColYSDtqqoE3TZ4eZHu8g,transfer_1,9012,jpeg50,self,15,manila:181,manila:189,15.679997,36.1773
manila_query_-ColYSDtqqoE3TZ4eZHu8g,transfer_2,9012,jpeg50,self,43,manila:181,manila:189,15.679997,36.1773
manila_query_-ColYSDtqqoE3TZ4eZHu8g,transfer_3,9012,jpeg50,self,12,manila:181,manila:189,15.680001,36.1773
nairobi_query_0R73ChZbcyJ8Z4vBaef_Jw,isotropic,1234,jpeg50,self,17,nairobi:15,nairobi:10,15.680000,36.1773
nairobi_query_0R73ChZbcyJ8Z4vBaef_Jw,white_box,1234,jpeg50,self,144,manila:23,nairobi:10,15.680001,36.1773
nairobi_query_0R73ChZbcyJ8Z4vBaef_Jw,transfer_1,1234,jpeg50,self,123,nairobi:15,nairobi:10,15.680000,36.1773
nairobi_query_0R73ChZbcyJ8Z4vBaef_Jw,transfer_2,1234,jpeg50,self,187,nairobi:15,nairobi:10,15.680000,36.1773
nairobi_query_0R73ChZbcyJ8Z4vBaef_Jw,transfer_3,1234,jpeg50,self,280,toronto:346,nairobi:10,15.679997,36.1773
nairobi_query_0R73ChZbcyJ8Z4vBaef_Jw,isotropic,5678,jpeg50,self,48,nairobi:15,nairobi:10,15.680001,36.1773
nairobi_query_0R73ChZbcyJ8Z4vBaef_Jw,white_box,5678,jpeg50,self,137,manila:23,nairobi:10,15.679997,36.1773
nairobi_query_0R73ChZbcyJ8Z4vBaef_Jw,transfer_1,5678,jpeg50,self,50,manila:134,nairobi:10,15.679997,36.1773
nairobi_query_0R73ChZbcyJ8Z4vBaef_Jw,transfer_2,5678,jpeg50,self,117,nairobi:15,nairobi:10,15.680000,36.1773
nairobi_query_0R73ChZbcyJ8Z4vBaef_Jw,transfer_3,5678,jpeg50,self,109,nairobi:4,nairobi:10,15.680000,36.1773
nairobi_query_0R73ChZbcyJ8Z4vBaef_Jw,isotropic,9012,jpeg50,self,46,nairobi:15,nairobi:10,15.680001,36.1773
nairobi_query_0R73ChZbcyJ8Z4vBaef_Jw,white_box,9012,jpeg50,self,58,toronto:23,nairobi:10,15.679998,36.1773
nairobi_query_0R73ChZbcyJ8Z4vBaef_Jw,transfer_1,9012,jpeg50,self,111,amman:1,nairobi:10,15.680000,36.1773
nairobi_query_0R73ChZbcyJ8Z4vBaef_Jw,transfer_2,9012,jpeg50,self,157,nairobi:15,nairobi:10,15.680000,36.1773
nairobi_query_0R73ChZbcyJ8Z4vBaef_Jw,transfer_3,9012,jpeg50,self,225,cph:33,nairobi:10,15.679997,36.1773
toronto_query_-8BknWmZh2lEnEeect73Ww,isotropic,1234,jpeg50,self,1,toronto:273,toronto:273,15.679997,36.1773
toronto_query_-8BknWmZh2lEnEeect73Ww,white_box,1234,jpeg50,self,13,boston:249,toronto:273,15.679997,36.1773
toronto_query_-8BknWmZh2lEnEeect73Ww,transfer_1,1234,jpeg50,self,1,toronto:273,toronto:273,15.679998,36.1773
toronto_query_-8BknWmZh2lEnEeect73Ww,transfer_2,1234,jpeg50,self,1,toronto:273,toronto:273,15.679997,36.1773
toronto_query_-8BknWmZh2lEnEeect73Ww,transfer_3,1234,jpeg50,self,1,toronto:273,toronto:273,15.679998,36.1773
toronto_query_-8BknWmZh2lEnEeect73Ww,isotropic,5678,jpeg50,self,1,toronto:273,toronto:273,15.680000,36.1773
toronto_query_-8BknWmZh2lEnEeect73Ww,white_box,5678,jpeg50,self,4,boston:249,toronto:273,15.679998,36.1773
toronto_query_-8BknWmZh2lEnEeect73Ww,transfer_1,5678,jpeg50,self,1,toronto:273,toronto:273,15.680000,36.1773
toronto_query_-8BknWmZh2lEnEeect73Ww,transfer_2,5678,jpeg50,self,1,toronto:273,toronto:273,15.679998,36.1773
toronto_query_-8BknWmZh2lEnEeect73Ww,transfer_3,5678,jpeg50,self,1,toronto:273,toronto:273,15.679997,36.1773
toronto_query_-8BknWmZh2lEnEeect73Ww,isotropic,9012,jpeg50,self,1,toronto:273,toronto:273,15.679998,36.1773
toronto_query_-8BknWmZh2lEnEeect73Ww,white_box,9012,jpeg50,self,73,toronto:207,toronto:273,15.680000,36.1773
toronto_query_-8BknWmZh2lEnEeect73Ww,transfer_1,9012,jpeg50,self,1,toronto:273,toronto:273,15.680000,36.1773
toronto_query_-8BknWmZh2lEnEeect73Ww,transfer_2,9012,jpeg50,self,1,toronto:273,toronto:273,15.680001,36.1773
toronto_query_-8BknWmZh2lEnEeect73Ww,transfer_3,9012,jpeg50,self,1,toronto:273,toronto:273,15.680000,36.1773
zurich_query_-TxHEY5xnZFgfnHO3ygjzw,isotropic,1234,jpeg50,self,1,zurich:25,zurich:25,15.680000,36.1773
zurich_query_-TxHEY5xnZFgfnHO3ygjzw,white_box,1234,jpeg50,self,32,cph:243,zurich:25,15.679997,36.1773
zurich_query_-TxHEY5xnZFgfnHO3ygjzw,transfer_1,1234,jpeg50,self,1,zurich:25,zurich:25,15.680000,36.1773
zurich_query_-TxHEY5xnZFgfnHO3ygjzw,transfer_2,1234,jpeg50,self,1,zurich:25,zurich:25,15.680000,36.1773
zurich_query_-TxHEY5xnZFgfnHO3ygjzw,transfer_3,1234,jpeg50,self,2,cph:261,zurich:25,15.679997,36.1773
zurich_query_-TxHEY5xnZFgfnHO3ygjzw,isotropic,5678,jpeg50,self,1,zurich:25,zurich:25,15.679997,36.1773
zurich_query_-TxHEY5xnZFgfnHO3ygjzw,white_box,5678,jpeg50,self,1,zurich:25,zurich:25,15.679997,36.1773
zurich_query_-TxHEY5xnZFgfnHO3ygjzw,transfer_1,5678,jpeg50,self,1,zurich:25,zurich:25,15.679997,36.1773
zurich_query_-TxHEY5xnZFgfnHO3ygjzw,transfer_2,5678,jpeg50,self,1,zurich:25,zurich:25,15.679997,36.1773
zurich_query_-TxHEY5xnZFgfnHO3ygjzw,transfer_3,5678,jpeg50,self,1,zurich:25,zurich:25,15.680000,36.1773
zurich_query_-TxHEY5xnZFgfnHO3ygjzw,isotropic,9012,jpeg50,self,1,zurich:25,zurich:25,15.679997,36.1773
zurich_query_-TxHEY5xnZFgfnHO3ygjzw,white_box,9012,jpeg50,self,4,zurich:35,zurich:25,15.680002,36.1773
zurich_query_-TxHEY5xnZFgfnHO3ygjzw,transfer_1,9012,jpeg50,self,1,zurich:25,zurich:25,15.679997,36.1773
zurich_query_-TxHEY5xnZFgfnHO3ygjzw,transfer_2,9012,jpeg50,self,1,zurich:25,zurich:25,15.680000,36.1773
zurich_query_-TxHEY5xnZFgfnHO3ygjzw,transfer_3,9012,jpeg50,self,1,zurich:25,zurich:25,15.679997,36.1773
amman_query_051WRvR5gI1vde606oseFw,isotropic,1234,jpeg50,self,11,amman:4,amman:23,15.679997,36.1773
amman_query_051WRvR5gI1vde606oseFw,white_box,1234,jpeg50,self,100,amman:1,amman:23,15.680000,36.1773
amman_query_051WRvR5gI1vde606oseFw,transfer_1,1234,jpeg50,self,17,amman:4,amman:23,15.679997,36.1773
amman_query_051WRvR5gI1vde606oseFw,transfer_2,1234,jpeg50,self,20,amman:4,amman:23,15.679998,36.1773
amman_query_051WRvR5gI1vde606oseFw,transfer_3,1234,jpeg50,self,25,amman:4,amman:23,15.679997,36.1773
amman_query_051WRvR5gI1vde606oseFw,isotropic,5678,jpeg50,self,9,amman:4,amman:23,15.680000,36.1773
amman_query_051WRvR5gI1vde606oseFw,white_box,5678,jpeg50,self,35,amman:1,amman:23,15.680000,36.1773
amman_query_051WRvR5gI1vde606oseFw,transfer_1,5678,jpeg50,self,10,amman:4,amman:23,15.680000,36.1773
amman_query_051WRvR5gI1vde606oseFw,transfer_2,5678,jpeg50,self,17,amman:4,amman:23,15.679997,36.1773
amman_query_051WRvR5gI1vde606oseFw,transfer_3,5678,jpeg50,self,12,amman:4,amman:23,15.680000,36.1773
amman_query_051WRvR5gI1vde606oseFw,isotropic,9012,jpeg50,self,10,amman:4,amman:23,15.680000,36.1773
amman_query_051WRvR5gI1vde606oseFw,white_box,9012,jpeg50,self,83,amman:1,amman:23,15.680001,36.1773
amman_query_051WRvR5gI1vde606oseFw,transfer_1,9012,jpeg50,self,12,amman:4,amman:23,15.679997,36.1773
amman_query_051WRvR5gI1vde606oseFw,transfer_2,9012,jpeg50,self,19,amman:4,amman:23,15.679997,36.1773
amman_query_051WRvR5gI1vde606oseFw,transfer_3,9012,jpeg50,self,20,amman:4,amman:23,15.680000,36.1773
boston_query_-CNeDzWqfei0F-1CmA8N9A,isotropic,1234,jpeg50,self,12,cph:54,boston:156,15.680000,36.1773
boston_query_-CNeDzWqfei0F-1CmA8N9A,white_box,1234,jpeg50,self,42,amman:31,boston:156,15.680000,36.1773
boston_query_-CNeDzWqfei0F-1CmA8N9A,transfer_1,1234,jpeg50,self,11,cph:54,boston:156,15.680000,36.1773
boston_query_-CNeDzWqfei0F-1CmA8N9A,transfer_2,1234,jpeg50,self,35,cph:54,boston:156,15.680000,36.1773
boston_query_-CNeDzWqfei0F-1CmA8N9A,transfer_3,1234,jpeg50,self,36,cph:54,boston:156,15.680001,36.1773
boston_query_-CNeDzWqfei0F-1CmA8N9A,isotropic,5678,jpeg50,self,18,cph:54,boston:156,15.679998,36.1773
boston_query_-CNeDzWqfei0F-1CmA8N9A,white_box,5678,jpeg50,self,16,cph:176,boston:156,15.679997,36.1773
boston_query_-CNeDzWqfei0F-1CmA8N9A,transfer_1,5678,jpeg50,self,22,cph:54,boston:156,15.679997,36.1773
boston_query_-CNeDzWqfei0F-1CmA8N9A,transfer_2,5678,jpeg50,self,13,cph:137,boston:156,15.679998,36.1773
boston_query_-CNeDzWqfei0F-1CmA8N9A,transfer_3,5678,jpeg50,self,19,cph:54,boston:156,15.679997,36.1773
boston_query_-CNeDzWqfei0F-1CmA8N9A,isotropic,9012,jpeg50,self,11,cph:54,boston:156,15.679998,36.1773
boston_query_-CNeDzWqfei0F-1CmA8N9A,white_box,9012,jpeg50,self,95,boston:191,boston:156,15.679998,36.1773
boston_query_-CNeDzWqfei0F-1CmA8N9A,transfer_1,9012,jpeg50,self,13,cph:54,boston:156,15.679997,36.1773
boston_query_-CNeDzWqfei0F-1CmA8N9A,transfer_2,9012,jpeg50,self,6,cph:54,boston:156,15.680000,36.1773
boston_query_-CNeDzWqfei0F-1CmA8N9A,transfer_3,9012,jpeg50,self,22,cph:54,boston:156,15.680000,36.1773
cph_query_-9ZOGirqZl2EVYWN1WLERg,isotropic,1234,jpeg50,self,1,cph:162,cph:162,15.680001,36.1773
cph_query_-9ZOGirqZl2EVYWN1WLERg,white_box,1234,jpeg50,self,17,cph:464,cph:162,15.679998,36.1773
cph_query_-9ZOGirqZl2EVYWN1WLERg,transfer_1,1234,jpeg50,self,1,cph:162,cph:162,15.680001,36.1773
cph_query_-9ZOGirqZl2EVYWN1WLERg,transfer_2,1234,jpeg50,self,1,cph:162,cph:162,15.679997,36.1773
cph_query_-9ZOGirqZl2EVYWN1WLERg,transfer_3,1234,jpeg50,self,1,cph:162,cph:162,15.679997,36.1773
cph_query_-9ZOGirqZl2EVYWN1WLERg,isotropic,5678,jpeg50,self,1,cph:162,cph:162,15.679998,36.1773
cph_query_-9ZOGirqZl2EVYWN1WLERg,white_box,5678,jpeg50,self,1,cph:162,cph:162,15.680000,36.1773
cph_query_-9ZOGirqZl2EVYWN1WLERg,transfer_1,5678,jpeg50,self,1,cph:162,cph:162,15.679997,36.1773
cph_query_-9ZOGirqZl2EVYWN1WLERg,transfer_2,5678,jpeg50,self,1,cph:162,cph:162,15.679998,36.1773
cph_query_-9ZOGirqZl2EVYWN1WLERg,transfer_3,5678,jpeg50,self,1,cph:162,cph:162,15.680000,36.1773
cph_query_-9ZOGirqZl2EVYWN1WLERg,isotropic,9012,jpeg50,self,1,cph:162,cph:162,15.679997,36.1773
cph_query_-9ZOGirqZl2EVYWN1WLERg,white_box,9012,jpeg50,self,1,cph:162,cph:162,15.679997,36.1773
cph_query_-9ZOGirqZl2EVYWN1WLERg,transfer_1,9012,jpeg50,self,1,cph:162,cph:162,15.680001,36.1773
cph_query_-9ZOGirqZl2EVYWN1WLERg,transfer_2,9012,jpeg50,self,1,cph:162,cph:162,15.679997,36.1773
cph_query_-9ZOGirqZl2EVYWN1WLERg,transfer_3,9012,jpeg50,self,5,amman:22,cph:162,15.680001,36.1773
london_query_-TmVvxY52h9CjrIUzBbCgw,isotropic,1234,jpeg50,self,67,toronto:273,london:129,15.679997,36.1773
london_query_-TmVvxY52h9CjrIUzBbCgw,white_box,1234,jpeg50,self,53,manila:92,london:129,15.679998,36.1773
london_query_-TmVvxY52h9CjrIUzBbCgw,transfer_1,1234,jpeg50,self,161,toronto:273,london:129,15.680000,36.1773
london_query_-TmVvxY52h9CjrIUzBbCgw,transfer_2,1234,jpeg50,self,157,zurich:5,london:129,15.680000,36.1773
london_query_-TmVvxY52h9CjrIUzBbCgw,transfer_3,1234,jpeg50,self,93,toronto:273,london:129,15.679998,36.1773
london_query_-TmVvxY52h9CjrIUzBbCgw,isotropic,5678,jpeg50,self,31,toronto:273,london:129,15.679996,36.1773
london_query_-TmVvxY52h9CjrIUzBbCgw,white_box,5678,jpeg50,self,4,manila:92,london:129,15.679997,36.1773
london_query_-TmVvxY52h9CjrIUzBbCgw,transfer_1,5678,jpeg50,self,47,toronto:273,london:129,15.679998,36.1773
london_query_-TmVvxY52h9CjrIUzBbCgw,transfer_2,5678,jpeg50,self,99,toronto:273,london:129,15.680000,36.1773
london_query_-TmVvxY52h9CjrIUzBbCgw,transfer_3,5678,jpeg50,self,54,boston:249,london:129,15.679998,36.1773
london_query_-TmVvxY52h9CjrIUzBbCgw,isotropic,9012,jpeg50,self,137,toronto:273,london:129,15.679997,36.1773
london_query_-TmVvxY52h9CjrIUzBbCgw,white_box,9012,jpeg50,self,1150,zurich:19,london:129,15.680000,36.1773
london_query_-TmVvxY52h9CjrIUzBbCgw,transfer_1,9012,jpeg50,self,82,zurich:5,london:129,15.679997,36.1773
london_query_-TmVvxY52h9CjrIUzBbCgw,transfer_2,9012,jpeg50,self,76,toronto:273,london:129,15.680000,36.1773
london_query_-TmVvxY52h9CjrIUzBbCgw,transfer_3,9012,jpeg50,self,413,boston:79,london:129,15.679998,36.1773
manila_query_-ELxcda6ePiuO6nR3VP3-A,isotropic,1234,jpeg50,self,1,manila:20,manila:20,15.680000,36.1773
manila_query_-ELxcda6ePiuO6nR3VP3-A,white_box,1234,jpeg50,self,9,manila:29,manila:20,15.680001,36.1773
manila_query_-ELxcda6ePiuO6nR3VP3-A,transfer_1,1234,jpeg50,self,1,manila:20,manila:20,15.679997,36.1773
manila_query_-ELxcda6ePiuO6nR3VP3-A,transfer_2,1234,jpeg50,self,2,toronto:58,manila:20,15.680000,36.1773
manila_query_-ELxcda6ePiuO6nR3VP3-A,transfer_3,1234,jpeg50,self,1,manila:20,manila:20,15.679998,36.1773
manila_query_-ELxcda6ePiuO6nR3VP3-A,isotropic,5678,jpeg50,self,1,manila:20,manila:20,15.680001,36.1773
manila_query_-ELxcda6ePiuO6nR3VP3-A,white_box,5678,jpeg50,self,1,manila:20,manila:20,15.679997,36.1773
manila_query_-ELxcda6ePiuO6nR3VP3-A,transfer_1,5678,jpeg50,self,1,manila:20,manila:20,15.680001,36.1773
manila_query_-ELxcda6ePiuO6nR3VP3-A,transfer_2,5678,jpeg50,self,1,manila:20,manila:20,15.679997,36.1773
manila_query_-ELxcda6ePiuO6nR3VP3-A,transfer_3,5678,jpeg50,self,1,manila:20,manila:20,15.679998,36.1773
manila_query_-ELxcda6ePiuO6nR3VP3-A,isotropic,9012,jpeg50,self,1,manila:20,manila:20,15.679998,36.1773
manila_query_-ELxcda6ePiuO6nR3VP3-A,white_box,9012,jpeg50,self,296,manila:183,manila:20,15.680000,36.1773
manila_query_-ELxcda6ePiuO6nR3VP3-A,transfer_1,9012,jpeg50,self,1,manila:20,manila:20,15.680001,36.1773
manila_query_-ELxcda6ePiuO6nR3VP3-A,transfer_2,9012,jpeg50,self,6,toronto:58,manila:20,15.679998,36.1773
manila_query_-ELxcda6ePiuO6nR3VP3-A,transfer_3,9012,jpeg50,self,1,manila:20,manila:20,15.679998,36.1773
nairobi_query_0TzVtw0twyRTMFGP-VzE8A,isotropic,1234,jpeg50,self,94,amman:1,nairobi:17,15.679998,36.1773
nairobi_query_0TzVtw0twyRTMFGP-VzE8A,white_box,1234,jpeg50,self,632,amman:1,nairobi:17,15.679997,36.1773
nairobi_query_0TzVtw0twyRTMFGP-VzE8A,transfer_1,1234,jpeg50,self,300,zurich:42,nairobi:17,15.679997,36.1773
nairobi_query_0TzVtw0twyRTMFGP-VzE8A,transfer_2,1234,jpeg50,self,321,amman:1,nairobi:17,15.679997,36.1773
nairobi_query_0TzVtw0twyRTMFGP-VzE8A,transfer_3,1234,jpeg50,self,748,cph:241,nairobi:17,15.680000,36.1773
nairobi_query_0TzVtw0twyRTMFGP-VzE8A,isotropic,5678,jpeg50,self,143,zurich:42,nairobi:17,15.680000,36.1773
nairobi_query_0TzVtw0twyRTMFGP-VzE8A,white_box,5678,jpeg50,self,703,amman:1,nairobi:17,15.680000,36.1773
nairobi_query_0TzVtw0twyRTMFGP-VzE8A,transfer_1,5678,jpeg50,self,255,amman:1,nairobi:17,15.679998,36.1773
nairobi_query_0TzVtw0twyRTMFGP-VzE8A,transfer_2,5678,jpeg50,self,125,zurich:42,nairobi:17,15.680001,36.1773
nairobi_query_0TzVtw0twyRTMFGP-VzE8A,transfer_3,5678,jpeg50,self,394,amman:1,nairobi:17,15.679998,36.1773
nairobi_query_0TzVtw0twyRTMFGP-VzE8A,isotropic,9012,jpeg50,self,237,amman:1,nairobi:17,15.679996,36.1773
nairobi_query_0TzVtw0twyRTMFGP-VzE8A,white_box,9012,jpeg50,self,211,nairobi:3,nairobi:17,15.680000,36.1773
nairobi_query_0TzVtw0twyRTMFGP-VzE8A,transfer_1,9012,jpeg50,self,338,amman:1,nairobi:17,15.680000,36.1773
nairobi_query_0TzVtw0twyRTMFGP-VzE8A,transfer_2,9012,jpeg50,self,412,amman:1,nairobi:17,15.679997,36.1773
nairobi_query_0TzVtw0twyRTMFGP-VzE8A,transfer_3,9012,jpeg50,self,290,cph:241,nairobi:17,15.679997,36.1773
toronto_query_-8NbZpIbjwqAXwoRMmYddg,isotropic,1234,jpeg50,self,40,toronto:274,toronto:196,15.680000,36.1773
toronto_query_-8NbZpIbjwqAXwoRMmYddg,white_box,1234,jpeg50,self,2,boston:206,toronto:196,15.680000,36.1773
toronto_query_-8NbZpIbjwqAXwoRMmYddg,transfer_1,1234,jpeg50,self,20,toronto:274,toronto:196,15.680000,36.1773
toronto_query_-8NbZpIbjwqAXwoRMmYddg,transfer_2,1234,jpeg50,self,17,manila:163,toronto:196,15.679998,36.1773
toronto_query_-8NbZpIbjwqAXwoRMmYddg,transfer_3,1234,jpeg50,self,2,manila:163,toronto:196,15.680002,36.1773
toronto_query_-8NbZpIbjwqAXwoRMmYddg,isotropic,5678,jpeg50,self,37,toronto:274,toronto:196,15.679998,36.1773
toronto_query_-8NbZpIbjwqAXwoRMmYddg,white_box,5678,jpeg50,self,1,toronto:196,toronto:196,15.679997,36.1773
toronto_query_-8NbZpIbjwqAXwoRMmYddg,transfer_1,5678,jpeg50,self,16,toronto:274,toronto:196,15.679998,36.1773
toronto_query_-8NbZpIbjwqAXwoRMmYddg,transfer_2,5678,jpeg50,self,4,manila:163,toronto:196,15.680001,36.1773
toronto_query_-8NbZpIbjwqAXwoRMmYddg,transfer_3,5678,jpeg50,self,2,cph:271,toronto:196,15.680000,36.1773
toronto_query_-8NbZpIbjwqAXwoRMmYddg,isotropic,9012,jpeg50,self,39,toronto:274,toronto:196,15.679998,36.1773
toronto_query_-8NbZpIbjwqAXwoRMmYddg,white_box,9012,jpeg50,self,7,toronto:274,toronto:196,15.680000,36.1773
toronto_query_-8NbZpIbjwqAXwoRMmYddg,transfer_1,9012,jpeg50,self,14,toronto:274,toronto:196,15.680000,36.1773
toronto_query_-8NbZpIbjwqAXwoRMmYddg,transfer_2,9012,jpeg50,self,36,manila:163,toronto:196,15.680000,36.1773
toronto_query_-8NbZpIbjwqAXwoRMmYddg,transfer_3,9012,jpeg50,self,5,manila:163,toronto:196,15.680001,36.1773
zurich_query_-Vs9xzO47S-0Cfs9o81wvQ,isotropic,1234,jpeg50,self,6,manila:72,zurich:27,15.680000,36.1773
zurich_query_-Vs9xzO47S-0Cfs9o81wvQ,white_box,1234,jpeg50,self,44,boston:79,zurich:27,15.680000,36.1773
zurich_query_-Vs9xzO47S-0Cfs9o81wvQ,transfer_1,1234,jpeg50,self,6,cph:162,zurich:27,15.679997,36.1773
zurich_query_-Vs9xzO47S-0Cfs9o81wvQ,transfer_2,1234,jpeg50,self,4,cph:162,zurich:27,15.680000,36.1773
zurich_query_-Vs9xzO47S-0Cfs9o81wvQ,transfer_3,1234,jpeg50,self,5,cph:162,zurich:27,15.680001,36.1773
zurich_query_-Vs9xzO47S-0Cfs9o81wvQ,isotropic,5678,jpeg50,self,5,manila:72,zurich:27,15.680000,36.1773
zurich_query_-Vs9xzO47S-0Cfs9o81wvQ,white_box,5678,jpeg50,self,141,zurich:61,zurich:27,15.679998,36.1773
zurich_query_-Vs9xzO47S-0Cfs9o81wvQ,transfer_1,5678,jpeg50,self,4,manila:72,zurich:27,15.680000,36.1773
zurich_query_-Vs9xzO47S-0Cfs9o81wvQ,transfer_2,5678,jpeg50,self,6,cph:162,zurich:27,15.680000,36.1773
zurich_query_-Vs9xzO47S-0Cfs9o81wvQ,transfer_3,5678,jpeg50,self,68,cph:162,zurich:27,15.680000,36.1773
zurich_query_-Vs9xzO47S-0Cfs9o81wvQ,isotropic,9012,jpeg50,self,6,manila:72,zurich:27,15.680000,36.1773
zurich_query_-Vs9xzO47S-0Cfs9o81wvQ,white_box,9012,jpeg50,self,5,manila:72,zurich:27,15.679998,36.1773
zurich_query_-Vs9xzO47S-0Cfs9o81wvQ,transfer_1,9012,jpeg50,self,7,cph:162,zurich:27,15.680000,36.1773
zurich_query_-Vs9xzO47S-0Cfs9o81wvQ,transfer_2,9012,jpeg50,self,4,manila:72,zurich:27,15.679998,36.1773
zurich_query_-Vs9xzO47S-0Cfs9o81wvQ,transfer_3,9012,jpeg50,self,37,zurich:61,zurich:27,15.679997,36.1773
amman_query_0CjrhmzpvqXBOIBsGB6LcQ,isotropic,1234,jpeg50,self,1,amman:21,amman:21,15.679997,36.1773
amman_query_0CjrhmzpvqXBOIBsGB6LcQ,white_box,1234,jpeg50,self,2,cph:271,amman:21,15.680000,36.1773
amman_query_0CjrhmzpvqXBOIBsGB6LcQ,transfer_1,1234,jpeg50,self,1,amman:21,amman:21,15.679998,36.1773
amman_query_0CjrhmzpvqXBOIBsGB6LcQ,transfer_2,1234,jpeg50,self,1,amman:21,amman:21,15.680000,36.1773
amman_query_0CjrhmzpvqXBOIBsGB6LcQ,transfer_3,1234,jpeg50,self,1,amman:21,amman:21,15.680000,36.1773
amman_query_0CjrhmzpvqXBOIBsGB6LcQ,isotropic,5678,jpeg50,self,1,amman:21,amman:21,15.679998,36.1773
amman_query_0CjrhmzpvqXBOIBsGB6LcQ,white_box,5678,jpeg50,self,8,cph:271,amman:21,15.679997,36.1773
amman_query_0CjrhmzpvqXBOIBsGB6LcQ,transfer_1,5678,jpeg50,self,1,amman:21,amman:21,15.680000,36.1773
amman_query_0CjrhmzpvqXBOIBsGB6LcQ,transfer_2,5678,jpeg50,self,1,amman:21,amman:21,15.680000,36.1773
amman_query_0CjrhmzpvqXBOIBsGB6LcQ,transfer_3,5678,jpeg50,self,1,amman:21,amman:21,15.679997,36.1773
amman_query_0CjrhmzpvqXBOIBsGB6LcQ,isotropic,9012,jpeg50,self,1,amman:21,amman:21,15.679997,36.1773
amman_query_0CjrhmzpvqXBOIBsGB6LcQ,white_box,9012,jpeg50,self,37,cph:271,amman:21,15.679998,36.1773
amman_query_0CjrhmzpvqXBOIBsGB6LcQ,transfer_1,9012,jpeg50,self,1,amman:21,amman:21,15.679997,36.1773
amman_query_0CjrhmzpvqXBOIBsGB6LcQ,transfer_2,9012,jpeg50,self,1,amman:21,amman:21,15.680000,36.1773
amman_query_0CjrhmzpvqXBOIBsGB6LcQ,transfer_3,9012,jpeg50,self,4,amman:25,amman:21,15.680000,36.1773
boston_query_-D-onyWSIw3M1SbsxL7X-g,isotropic,1234,jpeg50,self,196,boston:79,boston:27,15.679997,36.1773
boston_query_-D-onyWSIw3M1SbsxL7X-g,white_box,1234,jpeg50,self,69,boston:79,boston:27,15.680000,36.1773
boston_query_-D-onyWSIw3M1SbsxL7X-g,transfer_1,1234,jpeg50,self,254,boston:79,boston:27,15.680001,36.1773
boston_query_-D-onyWSIw3M1SbsxL7X-g,transfer_2,1234,jpeg50,self,121,boston:79,boston:27,15.680002,36.1773
boston_query_-D-onyWSIw3M1SbsxL7X-g,transfer_3,1234,jpeg50,self,78,zurich:19,boston:27,15.680000,36.1773
boston_query_-D-onyWSIw3M1SbsxL7X-g,isotropic,5678,jpeg50,self,237,boston:79,boston:27,15.679998,36.1773
boston_query_-D-onyWSIw3M1SbsxL7X-g,white_box,5678,jpeg50,self,43,zurich:19,boston:27,15.680000,36.1773
boston_query_-D-onyWSIw3M1SbsxL7X-g,transfer_1,5678,jpeg50,self,268,cph:243,boston:27,15.680001,36.1773
boston_query_-D-onyWSIw3M1SbsxL7X-g,transfer_2,5678,jpeg50,self,147,boston:79,boston:27,15.680001,36.1773
boston_query_-D-onyWSIw3M1SbsxL7X-g,transfer_3,5678,jpeg50,self,114,boston:79,boston:27,15.680001,36.1773
boston_query_-D-onyWSIw3M1SbsxL7X-g,isotropic,9012,jpeg50,self,253,boston:79,boston:27,15.680002,36.1773
boston_query_-D-onyWSIw3M1SbsxL7X-g,white_box,9012,jpeg50,self,163,zurich:30,boston:27,15.679996,36.1773
boston_query_-D-onyWSIw3M1SbsxL7X-g,transfer_1,9012,jpeg50,self,266,boston:79,boston:27,15.679998,36.1773
boston_query_-D-onyWSIw3M1SbsxL7X-g,transfer_2,9012,jpeg50,self,124,cph:243,boston:27,15.680000,36.1773
boston_query_-D-onyWSIw3M1SbsxL7X-g,transfer_3,9012,jpeg50,self,144,boston:79,boston:27,15.680001,36.1773
cph_query_-AowxxrsOr_xM02-ZyrQ5A,isotropic,1234,jpeg50,self,4,manila:20,cph:96,15.680000,36.1773
cph_query_-AowxxrsOr_xM02-ZyrQ5A,white_box,1234,jpeg50,self,5,manila:20,cph:96,15.679998,36.1773
cph_query_-AowxxrsOr_xM02-ZyrQ5A,transfer_1,1234,jpeg50,self,9,london:122,cph:96,15.679997,36.1773
cph_query_-AowxxrsOr_xM02-ZyrQ5A,transfer_2,1234,jpeg50,self,6,london:122,cph:96,15.679998,36.1773
cph_query_-AowxxrsOr_xM02-ZyrQ5A,transfer_3,1234,jpeg50,self,14,london:122,cph:96,15.679997,36.1773
cph_query_-AowxxrsOr_xM02-ZyrQ5A,isotropic,5678,jpeg50,self,5,manila:20,cph:96,15.679998,36.1773
cph_query_-AowxxrsOr_xM02-ZyrQ5A,white_box,5678,jpeg50,self,13,manila:33,cph:96,15.680000,36.1773
cph_query_-AowxxrsOr_xM02-ZyrQ5A,transfer_1,5678,jpeg50,self,6,london:122,cph:96,15.680000,36.1773
cph_query_-AowxxrsOr_xM02-ZyrQ5A,transfer_2,5678,jpeg50,self,2,london:122,cph:96,15.680000,36.1773
cph_query_-AowxxrsOr_xM02-ZyrQ5A,transfer_3,5678,jpeg50,self,10,london:122,cph:96,15.679998,36.1773
cph_query_-AowxxrsOr_xM02-ZyrQ5A,isotropic,9012,jpeg50,self,3,manila:20,cph:96,15.680000,36.1773
cph_query_-AowxxrsOr_xM02-ZyrQ5A,white_box,9012,jpeg50,self,142,amman:22,cph:96,15.679997,36.1773
cph_query_-AowxxrsOr_xM02-ZyrQ5A,transfer_1,9012,jpeg50,self,6,manila:20,cph:96,15.680000,36.1773
cph_query_-AowxxrsOr_xM02-ZyrQ5A,transfer_2,9012,jpeg50,self,2,london:122,cph:96,15.680000,36.1773
cph_query_-AowxxrsOr_xM02-ZyrQ5A,transfer_3,9012,jpeg50,self,7,toronto:23,cph:96,15.679998,36.1773
london_query_-UeH_UbGnPshWdeEEYfhyQ,isotropic,1234,jpeg50,self,100,boston:90,london:121,15.680000,36.1773
london_query_-UeH_UbGnPshWdeEEYfhyQ,white_box,1234,jpeg50,self,136,zurich:19,london:121,15.680000,36.1773
london_query_-UeH_UbGnPshWdeEEYfhyQ,transfer_1,1234,jpeg50,self,39,boston:90,london:121,15.679998,36.1773
london_query_-UeH_UbGnPshWdeEEYfhyQ,transfer_2,1234,jpeg50,self,140,boston:99,london:121,15.680000,36.1773
london_query_-UeH_UbGnPshWdeEEYfhyQ,transfer_3,1234,jpeg50,self,432,boston:99,london:121,15.680001,36.1773
london_query_-UeH_UbGnPshWdeEEYfhyQ,isotropic,5678,jpeg50,self,55,london:111,london:121,15.679998,36.1773
london_query_-UeH_UbGnPshWdeEEYfhyQ,white_box,5678,jpeg50,self,1544,zurich:35,london:121,15.679998,36.1773
london_query_-UeH_UbGnPshWdeEEYfhyQ,transfer_1,5678,jpeg50,self,127,boston:90,london:121,15.679997,36.1773
london_query_-UeH_UbGnPshWdeEEYfhyQ,transfer_2,5678,jpeg50,self,32,boston:99,london:121,15.679997,36.1773
london_query_-UeH_UbGnPshWdeEEYfhyQ,transfer_3,5678,jpeg50,self,199,boston:99,london:121,15.679998,36.1773
london_query_-UeH_UbGnPshWdeEEYfhyQ,isotropic,9012,jpeg50,self,90,boston:90,london:121,15.680000,36.1773
london_query_-UeH_UbGnPshWdeEEYfhyQ,white_box,9012,jpeg50,self,931,manila:135,london:121,15.680000,36.1773
london_query_-UeH_UbGnPshWdeEEYfhyQ,transfer_1,9012,jpeg50,self,121,boston:90,london:121,15.680000,36.1773
london_query_-UeH_UbGnPshWdeEEYfhyQ,transfer_2,9012,jpeg50,self,86,toronto:301,london:121,15.680000,36.1773
london_query_-UeH_UbGnPshWdeEEYfhyQ,transfer_3,9012,jpeg50,self,238,boston:90,london:121,15.679997,36.1773
manila_query_-EVOy4h35ZUyBK4r6uBM5g,isotropic,1234,jpeg50,self,179,manila:29,manila:15,15.680000,36.1773
manila_query_-EVOy4h35ZUyBK4r6uBM5g,white_box,1234,jpeg50,self,472,zurich:14,manila:15,15.679998,36.1773
manila_query_-EVOy4h35ZUyBK4r6uBM5g,transfer_1,1234,jpeg50,self,254,manila:29,manila:15,15.679997,36.1773
manila_query_-EVOy4h35ZUyBK4r6uBM5g,transfer_2,1234,jpeg50,self,185,manila:89,manila:15,15.680001,36.1773
manila_query_-EVOy4h35ZUyBK4r6uBM5g,transfer_3,1234,jpeg50,self,294,manila:153,manila:15,15.679997,36.1773
manila_query_-EVOy4h35ZUyBK4r6uBM5g,isotropic,5678,jpeg50,self,197,manila:29,manila:15,15.679997,36.1773
manila_query_-EVOy4h35ZUyBK4r6uBM5g,white_box,5678,jpeg50,self,616,manila:190,manila:15,15.680000,36.1773
manila_query_-EVOy4h35ZUyBK4r6uBM5g,transfer_1,5678,jpeg50,self,323,manila:29,manila:15,15.680002,36.1773
manila_query_-EVOy4h35ZUyBK4r6uBM5g,transfer_2,5678,jpeg50,self,302,manila:153,manila:15,15.680000,36.1773
manila_query_-EVOy4h35ZUyBK4r6uBM5g,transfer_3,5678,jpeg50,self,280,manila:153,manila:15,15.679997,36.1773
manila_query_-EVOy4h35ZUyBK4r6uBM5g,isotropic,9012,jpeg50,self,166,boston:239,manila:15,15.680001,36.1773
manila_query_-EVOy4h35ZUyBK4r6uBM5g,white_box,9012,jpeg50,self,403,manila:190,manila:15,15.679997,36.1773
manila_query_-EVOy4h35ZUyBK4r6uBM5g,transfer_1,9012,jpeg50,self,212,manila:29,manila:15,15.679997,36.1773
manila_query_-EVOy4h35ZUyBK4r6uBM5g,transfer_2,9012,jpeg50,self,365,manila:29,manila:15,15.680000,36.1773
manila_query_-EVOy4h35ZUyBK4r6uBM5g,transfer_3,9012,jpeg50,self,255,manila:153,manila:15,15.679997,36.1773
nairobi_query_0YY7sOJF2Kr1PfPB1KidBg,isotropic,1234,jpeg50,self,2,london:85,nairobi:3,15.679995,36.1773
nairobi_query_0YY7sOJF2Kr1PfPB1KidBg,white_box,1234,jpeg50,self,7,cph:241,nairobi:3,15.680000,36.1773
nairobi_query_0YY7sOJF2Kr1PfPB1KidBg,transfer_1,1234,jpeg50,self,3,london:85,nairobi:3,15.679998,36.1773
nairobi_query_0YY7sOJF2Kr1PfPB1KidBg,transfer_2,1234,jpeg50,self,6,london:85,nairobi:3,15.680000,36.1773
nairobi_query_0YY7sOJF2Kr1PfPB1KidBg,transfer_3,1234,jpeg50,self,8,london:85,nairobi:3,15.680001,36.1773
nairobi_query_0YY7sOJF2Kr1PfPB1KidBg,isotropic,5678,jpeg50,self,3,london:85,nairobi:3,15.680001,36.1773
nairobi_query_0YY7sOJF2Kr1PfPB1KidBg,white_box,5678,jpeg50,self,8,london:85,nairobi:3,15.679997,36.1773
nairobi_query_0YY7sOJF2Kr1PfPB1KidBg,transfer_1,5678,jpeg50,self,1,nairobi:3,nairobi:3,15.680000,36.1773
nairobi_query_0YY7sOJF2Kr1PfPB1KidBg,transfer_2,5678,jpeg50,self,5,london:85,nairobi:3,15.680000,36.1773
nairobi_query_0YY7sOJF2Kr1PfPB1KidBg,transfer_3,5678,jpeg50,self,14,london:85,nairobi:3,15.679997,36.1773
nairobi_query_0YY7sOJF2Kr1PfPB1KidBg,isotropic,9012,jpeg50,self,4,london:85,nairobi:3,15.680000,36.1773
nairobi_query_0YY7sOJF2Kr1PfPB1KidBg,white_box,9012,jpeg50,self,41,nairobi:15,nairobi:3,15.680000,36.1773
nairobi_query_0YY7sOJF2Kr1PfPB1KidBg,transfer_1,9012,jpeg50,self,12,london:85,nairobi:3,15.680000,36.1773
nairobi_query_0YY7sOJF2Kr1PfPB1KidBg,transfer_2,9012,jpeg50,self,4,manila:181,nairobi:3,15.680001,36.1773
nairobi_query_0YY7sOJF2Kr1PfPB1KidBg,transfer_3,9012,jpeg50,self,8,london:85,nairobi:3,15.679997,36.1773
toronto_query_-8Q-Otkctyr1cXAnmn2BEw,isotropic,1234,jpeg50,self,1,toronto:23,toronto:23,15.680000,36.1773
toronto_query_-8Q-Otkctyr1cXAnmn2BEw,white_box,1234,jpeg50,self,33,cph:345,toronto:23,15.679997,36.1773
toronto_query_-8Q-Otkctyr1cXAnmn2BEw,transfer_1,1234,jpeg50,self,1,toronto:23,toronto:23,15.679997,36.1773
toronto_query_-8Q-Otkctyr1cXAnmn2BEw,transfer_2,1234,jpeg50,self,1,toronto:23,toronto:23,15.679997,36.1773
toronto_query_-8Q-Otkctyr1cXAnmn2BEw,transfer_3,1234,jpeg50,self,4,toronto:103,toronto:23,15.680000,36.1773
toronto_query_-8Q-Otkctyr1cXAnmn2BEw,isotropic,5678,jpeg50,self,1,toronto:23,toronto:23,15.679997,36.1773
toronto_query_-8Q-Otkctyr1cXAnmn2BEw,white_box,5678,jpeg50,self,8,manila:13,toronto:23,15.680000,36.1773
toronto_query_-8Q-Otkctyr1cXAnmn2BEw,transfer_1,5678,jpeg50,self,1,toronto:23,toronto:23,15.680000,36.1773
toronto_query_-8Q-Otkctyr1cXAnmn2BEw,transfer_2,5678,jpeg50,self,1,toronto:23,toronto:23,15.680000,36.1773
toronto_query_-8Q-Otkctyr1cXAnmn2BEw,transfer_3,5678,jpeg50,self,1,toronto:23,toronto:23,15.679997,36.1773
toronto_query_-8Q-Otkctyr1cXAnmn2BEw,isotropic,9012,jpeg50,self,1,toronto:23,toronto:23,15.679995,36.1773
toronto_query_-8Q-Otkctyr1cXAnmn2BEw,white_box,9012,jpeg50,self,9,cph:345,toronto:23,15.679997,36.1773
toronto_query_-8Q-Otkctyr1cXAnmn2BEw,transfer_1,9012,jpeg50,self,1,toronto:23,toronto:23,15.680000,36.1773
toronto_query_-8Q-Otkctyr1cXAnmn2BEw,transfer_2,9012,jpeg50,self,1,toronto:23,toronto:23,15.680000,36.1773
toronto_query_-8Q-Otkctyr1cXAnmn2BEw,transfer_3,9012,jpeg50,self,1,toronto:23,toronto:23,15.680000,36.1773
zurich_query_-ZAb7eYhYeo1yW06_paa_g,isotropic,1234,jpeg50,self,1,zurich:27,zurich:27,15.679997,36.1773
zurich_query_-ZAb7eYhYeo1yW06_paa_g,white_box,1234,jpeg50,self,18,boston:234,zurich:27,15.680000,36.1773
zurich_query_-ZAb7eYhYeo1yW06_paa_g,transfer_1,1234,jpeg50,self,2,zurich:60,zurich:27,15.680000,36.1773
zurich_query_-ZAb7eYhYeo1yW06_paa_g,transfer_2,1234,jpeg50,self,1,zurich:27,zurich:27,15.680000,36.1773
zurich_query_-ZAb7eYhYeo1yW06_paa_g,transfer_3,1234,jpeg50,self,1,zurich:27,zurich:27,15.680001,36.1773
zurich_query_-ZAb7eYhYeo1yW06_paa_g,isotropic,5678,jpeg50,self,4,cph:243,zurich:27,15.679998,36.1773
zurich_query_-ZAb7eYhYeo1yW06_paa_g,white_box,5678,jpeg50,self,82,manila:140,zurich:27,15.679998,36.1773
zurich_query_-ZAb7eYhYeo1yW06_paa_g,transfer_1,5678,jpeg50,self,1,zurich:27,zurich:27,15.679998,36.1773
zurich_query_-ZAb7eYhYeo1yW06_paa_g,transfer_2,5678,jpeg50,self,1,zurich:27,zurich:27,15.679997,36.1773
zurich_query_-ZAb7eYhYeo1yW06_paa_g,transfer_3,5678,jpeg50,self,1,zurich:27,zurich:27,15.679997,36.1773
zurich_query_-ZAb7eYhYeo1yW06_paa_g,isotropic,9012,jpeg50,self,1,zurich:27,zurich:27,15.680001,36.1773
zurich_query_-ZAb7eYhYeo1yW06_paa_g,white_box,9012,jpeg50,self,64,amman:26,zurich:27,15.679998,36.1773
zurich_query_-ZAb7eYhYeo1yW06_paa_g,transfer_1,9012,jpeg50,self,1,zurich:27,zurich:27,15.679998,36.1773
zurich_query_-ZAb7eYhYeo1yW06_paa_g,transfer_2,9012,jpeg50,self,1,zurich:27,zurich:27,15.680000,36.1773
zurich_query_-ZAb7eYhYeo1yW06_paa_g,transfer_3,9012,jpeg50,self,1,zurich:27,zurich:27,15.679998,36.1773
amman_query_0IvHKlYEfFEP39KRxr9UZg,isotropic,1234,jpeg50,self,1,amman:22,amman:22,15.680000,36.1773
amman_query_0IvHKlYEfFEP39KRxr9UZg,white_box,1234,jpeg50,self,3,cph:33,amman:22,15.680000,36.1773
amman_query_0IvHKlYEfFEP39KRxr9UZg,transfer_1,1234,jpeg50,self,1,amman:22,amman:22,15.680000,36.1773
amman_query_0IvHKlYEfFEP39KRxr9UZg,transfer_2,1234,jpeg50,self,1,amman:22,amman:22,15.680000,36.1773
amman_query_0IvHKlYEfFEP39KRxr9UZg,transfer_3,1234,jpeg50,self,1,amman:22,amman:22,15.680000,36.1773
amman_query_0IvHKlYEfFEP39KRxr9UZg,isotropic,5678,jpeg50,self,1,amman:22,amman:22,15.680000,36.1773
amman_query_0IvHKlYEfFEP39KRxr9UZg,white_box,5678,jpeg50,self,1,amman:22,amman:22,15.680000,36.1773
amman_query_0IvHKlYEfFEP39KRxr9UZg,transfer_1,5678,jpeg50,self,1,amman:22,amman:22,15.679998,36.1773
amman_query_0IvHKlYEfFEP39KRxr9UZg,transfer_2,5678,jpeg50,self,1,amman:22,amman:22,15.679998,36.1773
amman_query_0IvHKlYEfFEP39KRxr9UZg,transfer_3,5678,jpeg50,self,1,amman:22,amman:22,15.680001,36.1773
amman_query_0IvHKlYEfFEP39KRxr9UZg,isotropic,9012,jpeg50,self,1,amman:22,amman:22,15.680000,36.1773
amman_query_0IvHKlYEfFEP39KRxr9UZg,white_box,9012,jpeg50,self,1,amman:22,amman:22,15.680000,36.1773
amman_query_0IvHKlYEfFEP39KRxr9UZg,transfer_1,9012,jpeg50,self,1,amman:22,amman:22,15.680000,36.1773
amman_query_0IvHKlYEfFEP39KRxr9UZg,transfer_2,9012,jpeg50,self,1,amman:22,amman:22,15.680000,36.1773
amman_query_0IvHKlYEfFEP39KRxr9UZg,transfer_3,9012,jpeg50,self,1,amman:22,amman:22,15.679997,36.1773
boston_query_-DYvemYiNwx_BmPSrlUWIA,isotropic,1234,jpeg50,self,257,boston:191,boston:144,15.680000,36.1773
boston_query_-DYvemYiNwx_BmPSrlUWIA,white_box,1234,jpeg50,self,129,boston:171,boston:144,15.679998,36.1773
boston_query_-DYvemYiNwx_BmPSrlUWIA,transfer_1,1234,jpeg50,self,249,zurich:42,boston:144,15.679997,36.1773
boston_query_-DYvemYiNwx_BmPSrlUWIA,transfer_2,1234,jpeg50,self,100,boston:123,boston:144,15.680001,36.1773
boston_query_-DYvemYiNwx_BmPSrlUWIA,transfer_3,1234,jpeg50,self,137,amman:35,boston:144,15.679997,36.1773
boston_query_-DYvemYiNwx_BmPSrlUWIA,isotropic,5678,jpeg50,self,204,amman:35,boston:144,15.679997,36.1773
boston_query_-DYvemYiNwx_BmPSrlUWIA,white_box,5678,jpeg50,self,45,boston:123,boston:144,15.679998,36.1773
boston_query_-DYvemYiNwx_BmPSrlUWIA,transfer_1,5678,jpeg50,self,198,boston:191,boston:144,15.680000,36.1773
boston_query_-DYvemYiNwx_BmPSrlUWIA,transfer_2,5678,jpeg50,self,194,zurich:42,boston:144,15.679998,36.1773
boston_query_-DYvemYiNwx_BmPSrlUWIA,transfer_3,5678,jpeg50,self,150,amman:35,boston:144,15.679997,36.1773
boston_query_-DYvemYiNwx_BmPSrlUWIA,isotropic,9012,jpeg50,self,170,boston:191,boston:144,15.680000,36.1773
boston_query_-DYvemYiNwx_BmPSrlUWIA,white_box,9012,jpeg50,self,28,manila:13,boston:144,15.680000,36.1773
boston_query_-DYvemYiNwx_BmPSrlUWIA,transfer_1,9012,jpeg50,self,224,amman:35,boston:144,15.680001,36.1773
boston_query_-DYvemYiNwx_BmPSrlUWIA,transfer_2,9012,jpeg50,self,112,amman:35,boston:144,15.679997,36.1773
boston_query_-DYvemYiNwx_BmPSrlUWIA,transfer_3,9012,jpeg50,self,72,amman:35,boston:144,15.680000,36.1773
cph_query_-BH_JCTriNnLeoSt0e51lQ,isotropic,1234,jpeg50,self,515,boston:123,cph:429,15.680000,36.1773
cph_query_-BH_JCTriNnLeoSt0e51lQ,white_box,1234,jpeg50,self,703,manila:23,cph:429,15.679998,36.1773
cph_query_-BH_JCTriNnLeoSt0e51lQ,transfer_1,1234,jpeg50,self,538,zurich:46,cph:429,15.680000,36.1773
cph_query_-BH_JCTriNnLeoSt0e51lQ,transfer_2,1234,jpeg50,self,841,london:85,cph:429,15.679997,36.1773
cph_query_-BH_JCTriNnLeoSt0e51lQ,transfer_3,1234,jpeg50,self,682,boston:90,cph:429,15.679998,36.1773
cph_query_-BH_JCTriNnLeoSt0e51lQ,isotropic,5678,jpeg50,self,436,zurich:46,cph:429,15.679998,36.1773
cph_query_-BH_JCTriNnLeoSt0e51lQ,white_box,5678,jpeg50,self,796,manila:23,cph:429,15.680000,36.1773
cph_query_-BH_JCTriNnLeoSt0e51lQ,transfer_1,5678,jpeg50,self,734,zurich:46,cph:429,15.679998,36.1773
cph_query_-BH_JCTriNnLeoSt0e51lQ,transfer_2,5678,jpeg50,self,633,boston:90,cph:429,15.679997,36.1773
cph_query_-BH_JCTriNnLeoSt0e51lQ,transfer_3,5678,jpeg50,self,835,boston:90,cph:429,15.680000,36.1773
cph_query_-BH_JCTriNnLeoSt0e51lQ,isotropic,9012,jpeg50,self,480,boston:123,cph:429,15.679997,36.1773
cph_query_-BH_JCTriNnLeoSt0e51lQ,white_box,9012,jpeg50,self,756,manila:23,cph:429,15.679996,36.1773
cph_query_-BH_JCTriNnLeoSt0e51lQ,transfer_1,9012,jpeg50,self,565,london:85,cph:429,15.680001,36.1773
cph_query_-BH_JCTriNnLeoSt0e51lQ,transfer_2,9012,jpeg50,self,603,london:85,cph:429,15.679997,36.1773
cph_query_-BH_JCTriNnLeoSt0e51lQ,transfer_3,9012,jpeg50,self,729,london:85,cph:429,15.679997,36.1773
london_query_-WUdEGuLIX2B2T8rBV0Rgw,isotropic,1234,jpeg50,self,55,boston:250,london:75,15.680002,36.1773
london_query_-WUdEGuLIX2B2T8rBV0Rgw,white_box,1234,jpeg50,self,1,london:75,london:75,15.680001,36.1773
london_query_-WUdEGuLIX2B2T8rBV0Rgw,transfer_1,1234,jpeg50,self,45,manila:163,london:75,15.679998,36.1773
london_query_-WUdEGuLIX2B2T8rBV0Rgw,transfer_2,1234,jpeg50,self,32,manila:163,london:75,15.679998,36.1773
london_query_-WUdEGuLIX2B2T8rBV0Rgw,transfer_3,1234,jpeg50,self,4,manila:163,london:75,15.680000,36.1773
london_query_-WUdEGuLIX2B2T8rBV0Rgw,isotropic,5678,jpeg50,self,62,boston:250,london:75,15.680000,36.1773
london_query_-WUdEGuLIX2B2T8rBV0Rgw,white_box,5678,jpeg50,self,93,boston:234,london:75,15.679998,36.1773
london_query_-WUdEGuLIX2B2T8rBV0Rgw,transfer_1,5678,jpeg50,self,26,boston:250,london:75,15.679997,36.1773
london_query_-WUdEGuLIX2B2T8rBV0Rgw,transfer_2,5678,jpeg50,self,66,manila:163,london:75,15.679997,36.1773
london_query_-WUdEGuLIX2B2T8rBV0Rgw,transfer_3,5678,jpeg50,self,34,boston:250,london:75,15.680000,36.1773
london_query_-WUdEGuLIX2B2T8rBV0Rgw,isotropic,9012,jpeg50,self,44,manila:163,london:75,15.680001,36.1773
london_query_-WUdEGuLIX2B2T8rBV0Rgw,white_box,9012,jpeg50,self,394,toronto:207,london:75,15.680000,36.1773
london_query_-WUdEGuLIX2B2T8rBV0Rgw,transfer_1,9012,jpeg50,self,26,manila:163,london:75,15.679998,36.1773
london_query_-WUdEGuLIX2B2T8rBV0Rgw,transfer_2,9012,jpeg50,self,82,cph:208,london:75,15.680002,36.1773
london_query_-WUdEGuLIX2B2T8rBV0Rgw,transfer_3,9012,jpeg50,self,39,manila:163,london:75,15.680000,36.1773
manila_query_-EthLwRJMwt-Shb-xpIYlA,isotropic,1234,jpeg50,self,630,manila:190,manila:119,15.680000,36.1773
manila_query_-EthLwRJMwt-Shb-xpIYlA,white_box,1234,jpeg50,self,926,manila:190,manila:119,15.680000,36.1773
manila_query_-EthLwRJMwt-Shb-xpIYlA,transfer_1,1234,jpeg50,self,861,manila:134,manila:119,15.679998,36.1773
manila_query_-EthLwRJMwt-Shb-xpIYlA,transfer_2,1234,jpeg50,self,614,manila:190,manila:119,15.679997,36.1773
manila_query_-EthLwRJMwt-Shb-xpIYlA,transfer_3,1234,jpeg50,self,593,manila:134,manila:119,15.679997,36.1773
manila_query_-EthLwRJMwt-Shb-xpIYlA,isotropic,5678,jpeg50,self,778,manila:23,manila:119,15.679997,36.1773
manila_query_-EthLwRJMwt-Shb-xpIYlA,white_box,5678,jpeg50,self,1192,london:111,manila:119,15.679997,36.1773
manila_query_-EthLwRJMwt-Shb-xpIYlA,transfer_1,5678,jpeg50,self,524,manila:190,manila:119,15.680000,36.1773
manila_query_-EthLwRJMwt-Shb-xpIYlA,transfer_2,5678,jpeg50,self,637,manila:190,manila:119,15.679997,36.1773
manila_query_-EthLwRJMwt-Shb-xpIYlA,transfer_3,5678,jpeg50,self,545,manila:134,manila:119,15.679997,36.1773
manila_query_-EthLwRJMwt-Shb-xpIYlA,isotropic,9012,jpeg50,self,536,manila:190,manila:119,15.679996,36.1773
manila_query_-EthLwRJMwt-Shb-xpIYlA,white_box,9012,jpeg50,self,857,london:111,manila:119,15.680000,36.1773
manila_query_-EthLwRJMwt-Shb-xpIYlA,transfer_1,9012,jpeg50,self,701,manila:134,manila:119,15.679997,36.1773
manila_query_-EthLwRJMwt-Shb-xpIYlA,transfer_2,9012,jpeg50,self,476,manila:190,manila:119,15.679997,36.1773
manila_query_-EthLwRJMwt-Shb-xpIYlA,transfer_3,9012,jpeg50,self,729,manila:173,manila:119,15.680000,36.1773
nairobi_query_0jIUlQnC_o05NHi_OMD_vg,isotropic,1234,jpeg50,self,69,zurich:42,nairobi:10,15.680001,36.1773
nairobi_query_0jIUlQnC_o05NHi_OMD_vg,white_box,1234,jpeg50,self,153,manila:190,nairobi:10,15.679997,36.1773
nairobi_query_0jIUlQnC_o05NHi_OMD_vg,transfer_1,1234,jpeg50,self,75,zurich:42,nairobi:10,15.680000,36.1773
nairobi_query_0jIUlQnC_o05NHi_OMD_vg,transfer_2,1234,jpeg50,self,50,cph:459,nairobi:10,15.679997,36.1773
nairobi_query_0jIUlQnC_o05NHi_OMD_vg,transfer_3,1234,jpeg50,self,96,zurich:42,nairobi:10,15.679997,36.1773
nairobi_query_0jIUlQnC_o05NHi_OMD_vg,isotropic,5678,jpeg50,self,72,zurich:42,nairobi:10,15.679997,36.1773
nairobi_query_0jIUlQnC_o05NHi_OMD_vg,white_box,5678,jpeg50,self,98,london:68,nairobi:10,15.679998,36.1773
nairobi_query_0jIUlQnC_o05NHi_OMD_vg,transfer_1,5678,jpeg50,self,82,zurich:42,nairobi:10,15.679997,36.1773
nairobi_query_0jIUlQnC_o05NHi_OMD_vg,transfer_2,5678,jpeg50,self,73,zurich:42,nairobi:10,15.680000,36.1773
nairobi_query_0jIUlQnC_o05NHi_OMD_vg,transfer_3,5678,jpeg50,self,34,cph:33,nairobi:10,15.680000,36.1773
nairobi_query_0jIUlQnC_o05NHi_OMD_vg,isotropic,9012,jpeg50,self,75,zurich:42,nairobi:10,15.680002,36.1773
nairobi_query_0jIUlQnC_o05NHi_OMD_vg,white_box,9012,jpeg50,self,61,manila:183,nairobi:10,15.679998,36.1773
nairobi_query_0jIUlQnC_o05NHi_OMD_vg,transfer_1,9012,jpeg50,self,33,cph:459,nairobi:10,15.679997,36.1773
nairobi_query_0jIUlQnC_o05NHi_OMD_vg,transfer_2,9012,jpeg50,self,69,toronto:228,nairobi:10,15.680000,36.1773
nairobi_query_0jIUlQnC_o05NHi_OMD_vg,transfer_3,9012,jpeg50,self,109,manila:134,nairobi:10,15.679998,36.1773
toronto_query_-8imnyri_5yPaHzqoBtiSg,isotropic,1234,jpeg50,self,86,toronto:228,toronto:274,15.680000,36.1773
toronto_query_-8imnyri_5yPaHzqoBtiSg,white_box,1234,jpeg50,self,358,amman:1,toronto:274,15.679997,36.1773
toronto_query_-8imnyri_5yPaHzqoBtiSg,transfer_1,1234,jpeg50,self,87,toronto:228,toronto:274,15.679998,36.1773
toronto_query_-8imnyri_5yPaHzqoBtiSg,transfer_2,1234,jpeg50,self,129,toronto:197,toronto:274,15.680002,36.1773
toronto_query_-8imnyri_5yPaHzqoBtiSg,transfer_3,1234,jpeg50,self,112,toronto:228,toronto:274,15.680000,36.1773
toronto_query_-8imnyri_5yPaHzqoBtiSg,isotropic,5678,jpeg50,self,91,toronto:228,toronto:274,15.679998,36.1773
toronto_query_-8imnyri_5yPaHzqoBtiSg,white_box,5678,jpeg50,self,333,amman:1,toronto:274,15.680000,36.1773
toronto_query_-8imnyri_5yPaHzqoBtiSg,transfer_1,5678,jpeg50,self,51,manila:134,toronto:274,15.680001,36.1773
toronto_query_-8imnyri_5yPaHzqoBtiSg,transfer_2,5678,jpeg50,self,20,amman:1,toronto:274,15.679997,36.1773
toronto_query_-8imnyri_5yPaHzqoBtiSg,transfer_3,5678,jpeg50,self,39,amman:1,toronto:274,15.679998,36.1773
toronto_query_-8imnyri_5yPaHzqoBtiSg,isotropic,9012,jpeg50,self,56,toronto:130,toronto:274,15.680000,36.1773
toronto_query_-8imnyri_5yPaHzqoBtiSg,white_box,9012,jpeg50,self,189,amman:6,toronto:274,15.679997,36.1773
toronto_query_-8imnyri_5yPaHzqoBtiSg,transfer_1,9012,jpeg50,self,68,manila:134,toronto:274,15.680001,36.1773
toronto_query_-8imnyri_5yPaHzqoBtiSg,transfer_2,9012,jpeg50,self,89,toronto:197,toronto:274,15.680000,36.1773
toronto_query_-8imnyri_5yPaHzqoBtiSg,transfer_3,9012,jpeg50,self,158,toronto:130,toronto:274,15.680000,36.1773
zurich_query_-_SB4ERKdFDYkwavdkk6NA,isotropic,1234,jpeg50,self,1,zurich:27,zurich:27,15.680000,36.1773
zurich_query_-_SB4ERKdFDYkwavdkk6NA,white_box,1234,jpeg50,self,109,boston:234,zurich:27,15.680002,36.1773
zurich_query_-_SB4ERKdFDYkwavdkk6NA,transfer_1,1234,jpeg50,self,3,amman:25,zurich:27,15.679997,36.1773
zurich_query_-_SB4ERKdFDYkwavdkk6NA,transfer_2,1234,jpeg50,self,11,cph:162,zurich:27,15.679997,36.1773
zurich_query_-_SB4ERKdFDYkwavdkk6NA,transfer_3,1234,jpeg50,self,29,amman:25,zurich:27,15.679997,36.1773
zurich_query_-_SB4ERKdFDYkwavdkk6NA,isotropic,5678,jpeg50,self,7,boston:98,zurich:27,15.680000,36.1773
zurich_query_-_SB4ERKdFDYkwavdkk6NA,white_box,5678,jpeg50,self,8,boston:234,zurich:27,15.680000,36.1773
zurich_query_-_SB4ERKdFDYkwavdkk6NA,transfer_1,5678,jpeg50,self,12,cph:162,zurich:27,15.680000,36.1773
zurich_query_-_SB4ERKdFDYkwavdkk6NA,transfer_2,5678,jpeg50,self,13,cph:208,zurich:27,15.679997,36.1773
zurich_query_-_SB4ERKdFDYkwavdkk6NA,transfer_3,5678,jpeg50,self,10,amman:25,zurich:27,15.680000,36.1773
zurich_query_-_SB4ERKdFDYkwavdkk6NA,isotropic,9012,jpeg50,self,5,zurich:111,zurich:27,15.679997,36.1773
zurich_query_-_SB4ERKdFDYkwavdkk6NA,white_box,9012,jpeg50,self,143,boston:79,zurich:27,15.679997,36.1773
zurich_query_-_SB4ERKdFDYkwavdkk6NA,transfer_1,9012,jpeg50,self,8,zurich:111,zurich:27,15.680000,36.1773
zurich_query_-_SB4ERKdFDYkwavdkk6NA,transfer_2,9012,jpeg50,self,14,amman:25,zurich:27,15.680000,36.1773
zurich_query_-_SB4ERKdFDYkwavdkk6NA,transfer_3,9012,jpeg50,self,45,amman:25,zurich:27,15.679997,36.1773
amman_query_0NfGsYmI9MkLl0JzfO-tJg,isotropic,1234,jpeg50,self,1931,amman:1,amman:37,15.680000,36.1773
amman_query_0NfGsYmI9MkLl0JzfO-tJg,white_box,1234,jpeg50,self,1779,manila:72,amman:37,15.679997,36.1773
amman_query_0NfGsYmI9MkLl0JzfO-tJg,transfer_1,1234,jpeg50,self,1938,amman:1,amman:37,15.680000,36.1773
amman_query_0NfGsYmI9MkLl0JzfO-tJg,transfer_2,1234,jpeg50,self,1902,amman:35,amman:37,15.679997,36.1773
amman_query_0NfGsYmI9MkLl0JzfO-tJg,transfer_3,1234,jpeg50,self,1946,amman:35,amman:37,15.679998,36.1773
amman_query_0NfGsYmI9MkLl0JzfO-tJg,isotropic,5678,jpeg50,self,1928,amman:1,amman:37,15.679998,36.1773
amman_query_0NfGsYmI9MkLl0JzfO-tJg,white_box,5678,jpeg50,self,1659,manila:92,amman:37,15.680000,36.1773
amman_query_0NfGsYmI9MkLl0JzfO-tJg,transfer_1,5678,jpeg50,self,1923,amman:1,amman:37,15.680000,36.1773
amman_query_0NfGsYmI9MkLl0JzfO-tJg,transfer_2,5678,jpeg50,self,1967,amman:35,amman:37,15.680001,36.1773
amman_query_0NfGsYmI9MkLl0JzfO-tJg,transfer_3,5678,jpeg50,self,1816,amman:35,amman:37,15.680000,36.1773
amman_query_0NfGsYmI9MkLl0JzfO-tJg,isotropic,9012,jpeg50,self,1940,amman:1,amman:37,15.680000,36.1773
amman_query_0NfGsYmI9MkLl0JzfO-tJg,white_box,9012,jpeg50,self,1980,amman:6,amman:37,15.680000,36.1773
amman_query_0NfGsYmI9MkLl0JzfO-tJg,transfer_1,9012,jpeg50,self,1934,amman:1,amman:37,15.680000,36.1773
amman_query_0NfGsYmI9MkLl0JzfO-tJg,transfer_2,9012,jpeg50,self,1945,amman:35,amman:37,15.679996,36.1773
amman_query_0NfGsYmI9MkLl0JzfO-tJg,transfer_3,9012,jpeg50,self,1921,toronto:196,amman:37,15.679997,36.1773
boston_query_-DZ2jmUKLylFospVHUJx9w,isotropic,1234,jpeg50,self,111,boston:123,boston:144,15.679998,36.1773
boston_query_-DZ2jmUKLylFospVHUJx9w,white_box,1234,jpeg50,self,92,nairobi:20,boston:144,15.679997,36.1773
boston_query_-DZ2jmUKLylFospVHUJx9w,transfer_1,1234,jpeg50,self,62,boston:123,boston:144,15.680000,36.1773
boston_query_-DZ2jmUKLylFospVHUJx9w,transfer_2,1234,jpeg50,self,111,boston:123,boston:144,15.680000,36.1773
boston_query_-DZ2jmUKLylFospVHUJx9w,transfer_3,1234,jpeg50,self,58,boston:123,boston:144,15.679998,36.1773
boston_query_-DZ2jmUKLylFospVHUJx9w,isotropic,5678,jpeg50,self,63,amman:23,boston:144,15.679998,36.1773
boston_query_-DZ2jmUKLylFospVHUJx9w,white_box,5678,jpeg50,self,225,manila:67,boston:144,15.679998,36.1773
boston_query_-DZ2jmUKLylFospVHUJx9w,transfer_1,5678,jpeg50,self,130,boston:171,boston:144,15.679997,36.1773
boston_query_-DZ2jmUKLylFospVHUJx9w,transfer_2,5678,jpeg50,self,35,boston:123,boston:144,15.679998,36.1773
boston_query_-DZ2jmUKLylFospVHUJx9w,transfer_3,5678,jpeg50,self,319,boston:123,boston:144,15.680001,36.1773
boston_query_-DZ2jmUKLylFospVHUJx9w,isotropic,9012,jpeg50,self,92,amman:23,boston:144,15.680000,36.1773
boston_query_-DZ2jmUKLylFospVHUJx9w,white_box,9012,jpeg50,self,49,boston:171,boston:144,15.680000,36.1773
boston_query_-DZ2jmUKLylFospVHUJx9w,transfer_1,9012,jpeg50,self,215,boston:171,boston:144,15.679998,36.1773
boston_query_-DZ2jmUKLylFospVHUJx9w,transfer_2,9012,jpeg50,self,132,boston:123,boston:144,15.679996,36.1773
boston_query_-DZ2jmUKLylFospVHUJx9w,transfer_3,9012,jpeg50,self,158,boston:123,boston:144,15.680000,36.1773
cph_query_-CmhgNHgZVau1Sw841AZJw,isotropic,1234,jpeg50,self,2,boston:79,cph:271,15.679997,36.1773
cph_query_-CmhgNHgZVau1Sw841AZJw,white_box,1234,jpeg50,self,43,manila:92,cph:271,15.679997,36.1773
cph_query_-CmhgNHgZVau1Sw841AZJw,transfer_1,1234,jpeg50,self,1,cph:271,cph:271,15.680000,36.1773
cph_query_-CmhgNHgZVau1Sw841AZJw,transfer_2,1234,jpeg50,self,1,cph:271,cph:271,15.680000,36.1773
cph_query_-CmhgNHgZVau1Sw841AZJw,transfer_3,1234,jpeg50,self,1,cph:271,cph:271,15.679997,36.1773
cph_query_-CmhgNHgZVau1Sw841AZJw,isotropic,5678,jpeg50,self,1,cph:271,cph:271,15.679997,36.1773
cph_query_-CmhgNHgZVau1Sw841AZJw,white_box,5678,jpeg50,self,23,toronto:207,cph:271,15.679997,36.1773
cph_query_-CmhgNHgZVau1Sw841AZJw,transfer_1,5678,jpeg50,self,1,cph:271,cph:271,15.679998,36.1773
cph_query_-CmhgNHgZVau1Sw841AZJw,transfer_2,5678,jpeg50,self,1,cph:271,cph:271,15.680000,36.1773
cph_query_-CmhgNHgZVau1Sw841AZJw,transfer_3,5678,jpeg50,self,1,cph:271,cph:271,15.680000,36.1773
cph_query_-CmhgNHgZVau1Sw841AZJw,isotropic,9012,jpeg50,self,1,cph:271,cph:271,15.680000,36.1773
cph_query_-CmhgNHgZVau1Sw841AZJw,white_box,9012,jpeg50,self,7,boston:249,cph:271,15.680000,36.1773
cph_query_-CmhgNHgZVau1Sw841AZJw,transfer_1,9012,jpeg50,self,1,cph:271,cph:271,15.679998,36.1773
cph_query_-CmhgNHgZVau1Sw841AZJw,transfer_2,9012,jpeg50,self,1,cph:271,cph:271,15.679997,36.1773
cph_query_-CmhgNHgZVau1Sw841AZJw,transfer_3,9012,jpeg50,self,1,cph:271,cph:271,15.680001,36.1773
london_query_-WZeEq0W1pr6VJS4t3dR0g,isotropic,1234,jpeg50,self,7,boston:206,london:63,15.679997,36.1773
london_query_-WZeEq0W1pr6VJS4t3dR0g,white_box,1234,jpeg50,self,291,manila:92,london:63,15.679997,36.1773
london_query_-WZeEq0W1pr6VJS4t3dR0g,transfer_1,1234,jpeg50,self,49,cph:242,london:63,15.680000,36.1773
london_query_-WZeEq0W1pr6VJS4t3dR0g,transfer_2,1234,jpeg50,self,5,boston:206,london:63,15.680000,36.1773
london_query_-WZeEq0W1pr6VJS4t3dR0g,transfer_3,1234,jpeg50,self,10,manila:163,london:63,15.679997,36.1773
london_query_-WZeEq0W1pr6VJS4t3dR0g,isotropic,5678,jpeg50,self,4,boston:206,london:63,15.680000,36.1773
london_query_-WZeEq0W1pr6VJS4t3dR0g,white_box,5678,jpeg50,self,193,boston:168,london:63,15.679998,36.1773
london_query_-WZeEq0W1pr6VJS4t3dR0g,transfer_1,5678,jpeg50,self,6,boston:206,london:63,15.679998,36.1773
london_query_-WZeEq0W1pr6VJS4t3dR0g,transfer_2,5678,jpeg50,self,5,boston:249,london:63,15.679998,36.1773
london_query_-WZeEq0W1pr6VJS4t3dR0g,transfer_3,5678,jpeg50,self,20,boston:98,london:63,15.680000,36.1773
london_query_-WZeEq0W1pr6VJS4t3dR0g,isotropic,9012,jpeg50,self,4,boston:206,london:63,15.679995,36.1773
london_query_-WZeEq0W1pr6VJS4t3dR0g,white_box,9012,jpeg50,self,75,boston:249,london:63,15.680000,36.1773
london_query_-WZeEq0W1pr6VJS4t3dR0g,transfer_1,9012,jpeg50,self,7,manila:163,london:63,15.680000,36.1773
london_query_-WZeEq0W1pr6VJS4t3dR0g,transfer_2,9012,jpeg50,self,2,boston:206,london:63,15.680000,36.1773
london_query_-WZeEq0W1pr6VJS4t3dR0g,transfer_3,9012,jpeg50,self,214,zurich:19,london:63,15.679997,36.1773
manila_query_-GD9SrklFbEy7mNAK9uIXg,isotropic,1234,jpeg50,self,39,amman:23,manila:143,15.679998,36.1773
manila_query_-GD9SrklFbEy7mNAK9uIXg,white_box,1234,jpeg50,self,42,amman:23,manila:143,15.680001,36.1773
manila_query_-GD9SrklFbEy7mNAK9uIXg,transfer_1,1234,jpeg50,self,47,manila:153,manila:143,15.679998,36.1773
manila_query_-GD9SrklFbEy7mNAK9uIXg,transfer_2,1234,jpeg50,self,36,amman:23,manila:143,15.680000,36.1773
manila_query_-GD9SrklFbEy7mNAK9uIXg,transfer_3,1234,jpeg50,self,74,amman:29,manila:143,15.680000,36.1773
manila_query_-GD9SrklFbEy7mNAK9uIXg,isotropic,5678,jpeg50,self,47,amman:23,manila:143,15.679997,36.1773
manila_query_-GD9SrklFbEy7mNAK9uIXg,white_box,5678,jpeg50,self,415,cph:375,manila:143,15.680001,36.1773
manila_query_-GD9SrklFbEy7mNAK9uIXg,transfer_1,5678,jpeg50,self,41,amman:29,manila:143,15.680000,36.1773
manila_query_-GD9SrklFbEy7mNAK9uIXg,transfer_2,5678,jpeg50,self,57,manila:13,manila:143,15.679997,36.1773
manila_query_-GD9SrklFbEy7mNAK9uIXg,transfer_3,5678,jpeg50,self,8,manila:153,manila:143,15.679997,36.1773
manila_query_-GD9SrklFbEy7mNAK9uIXg,isotropic,9012,jpeg50,self,24,manila:153,manila:143,15.679998,36.1773
manila_query_-GD9SrklFbEy7mNAK9uIXg,white_box,9012,jpeg50,self,2,toronto:55,manila:143,15.679997,36.1773
manila_query_-GD9SrklFbEy7mNAK9uIXg,transfer_1,9012,jpeg50,self,28,manila:153,manila:143,15.679997,36.1773
manila_query_-GD9SrklFbEy7mNAK9uIXg,transfer_2,9012,jpeg50,self,22,zurich:42,manila:143,15.680001,36.1773
manila_query_-GD9SrklFbEy7mNAK9uIXg,transfer_3,9012,jpeg50,self,4,manila:153,manila:143,15.679997,36.1773
nairobi_query_0o5iaNnZzqS9cqJ1tMT85g,isotropic,1234,jpeg50,self,49,manila:132,nairobi:20,15.679997,36.1773
nairobi_query_0o5iaNnZzqS9cqJ1tMT85g,white_box,1234,jpeg50,self,25,amman:23,nairobi:20,15.679998,36.1773
nairobi_query_0o5iaNnZzqS9cqJ1tMT85g,transfer_1,1234,jpeg50,self,60,manila:132,nairobi:20,15.679998,36.1773
nairobi_query_0o5iaNnZzqS9cqJ1tMT85g,transfer_2,1234,jpeg50,self,57,manila:132,nairobi:20,15.680000,36.1773
nairobi_query_0o5iaNnZzqS9cqJ1tMT85g,transfer_3,1234,jpeg50,self,82,amman:1,nairobi:20,15.679997,36.1773
nairobi_query_0o5iaNnZzqS9cqJ1tMT85g,isotropic,5678,jpeg50,self,40,manila:132,nairobi:20,15.679997,36.1773
nairobi_query_0o5iaNnZzqS9cqJ1tMT85g,white_box,5678,jpeg50,self,73,manila:134,nairobi:20,15.679997,36.1773
nairobi_query_0o5iaNnZzqS9cqJ1tMT85g,transfer_1,5678,jpeg50,self,23,manila:6,nairobi:20,15.680000,36.1773
nairobi_query_0o5iaNnZzqS9cqJ1tMT85g,transfer_2,5678,jpeg50,self,51,amman:1,nairobi:20,15.679997,36.1773
nairobi_query_0o5iaNnZzqS9cqJ1tMT85g,transfer_3,5678,jpeg50,self,66,amman:1,nairobi:20,15.680000,36.1773
nairobi_query_0o5iaNnZzqS9cqJ1tMT85g,isotropic,9012,jpeg50,self,49,manila:132,nairobi:20,15.680001,36.1773
nairobi_query_0o5iaNnZzqS9cqJ1tMT85g,white_box,9012,jpeg50,self,145,amman:1,nairobi:20,15.679998,36.1773
nairobi_query_0o5iaNnZzqS9cqJ1tMT85g,transfer_1,9012,jpeg50,self,17,manila:6,nairobi:20,15.680000,36.1773
nairobi_query_0o5iaNnZzqS9cqJ1tMT85g,transfer_2,9012,jpeg50,self,78,amman:1,nairobi:20,15.679997,36.1773
nairobi_query_0o5iaNnZzqS9cqJ1tMT85g,transfer_3,9012,jpeg50,self,75,amman:1,nairobi:20,15.679998,36.1773
toronto_query_-8zrNMH6voa2ZtBaGNpoYQ,isotropic,1234,jpeg50,self,20,zurich:25,toronto:130,15.680000,36.1773
toronto_query_-8zrNMH6voa2ZtBaGNpoYQ,white_box,1234,jpeg50,self,196,zurich:5,toronto:130,15.679998,36.1773
toronto_query_-8zrNMH6voa2ZtBaGNpoYQ,transfer_1,1234,jpeg50,self,73,cph:271,toronto:130,15.680000,36.1773
toronto_query_-8zrNMH6voa2ZtBaGNpoYQ,transfer_2,1234,jpeg50,self,60,amman:1,toronto:130,15.679998,36.1773
toronto_query_-8zrNMH6voa2ZtBaGNpoYQ,transfer_3,1234,jpeg50,self,55,toronto:426,toronto:130,15.680000,36.1773
toronto_query_-8zrNMH6voa2ZtBaGNpoYQ,isotropic,5678,jpeg50,self,26,cph:243,toronto:130,15.680000,36.1773
toronto_query_-8zrNMH6voa2ZtBaGNpoYQ,white_box,5678,jpeg50,self,285,manila:94,toronto:130,15.680000,36.1773
toronto_query_-8zrNMH6voa2ZtBaGNpoYQ,transfer_1,5678,jpeg50,self,61,london:2,toronto:130,15.679997,36.1773
toronto_query_-8zrNMH6voa2ZtBaGNpoYQ,transfer_2,5678,jpeg50,self,40,zurich:42,toronto:130,15.680000,36.1773
toronto_query_-8zrNMH6voa2ZtBaGNpoYQ,transfer_3,5678,jpeg50,self,46,amman:1,toronto:130,15.679998,36.1773
toronto_query_-8zrNMH6voa2ZtBaGNpoYQ,isotropic,9012,jpeg50,self,21,amman:23,toronto:130,15.680000,36.1773
toronto_query_-8zrNMH6voa2ZtBaGNpoYQ,white_box,9012,jpeg50,self,279,amman:1,toronto:130,15.679998,36.1773
toronto_query_-8zrNMH6voa2ZtBaGNpoYQ,transfer_1,9012,jpeg50,self,37,zurich:13,toronto:130,15.680000,36.1773
toronto_query_-8zrNMH6voa2ZtBaGNpoYQ,transfer_2,9012,jpeg50,self,39,cph:271,toronto:130,15.679997,36.1773
toronto_query_-8zrNMH6voa2ZtBaGNpoYQ,transfer_3,9012,jpeg50,self,25,amman:1,toronto:130,15.679997,36.1773
zurich_query_-bwmsEYfSnHpjkqrw0Vn6g,isotropic,1234,jpeg50,self,1,zurich:27,zurich:27,15.680000,36.1773
zurich_query_-bwmsEYfSnHpjkqrw0Vn6g,white_box,1234,jpeg50,self,1,zurich:27,zurich:27,15.680001,36.1773
zurich_query_-bwmsEYfSnHpjkqrw0Vn6g,transfer_1,1234,jpeg50,self,1,zurich:27,zurich:27,15.679998,36.1773
zurich_query_-bwmsEYfSnHpjkqrw0Vn6g,transfer_2,1234,jpeg50,self,1,zurich:27,zurich:27,15.680000,36.1773
zurich_query_-bwmsEYfSnHpjkqrw0Vn6g,transfer_3,1234,jpeg50,self,28,amman:23,zurich:27,15.679997,36.1773
zurich_query_-bwmsEYfSnHpjkqrw0Vn6g,isotropic,5678,jpeg50,self,1,zurich:27,zurich:27,15.679998,36.1773
zurich_query_-bwmsEYfSnHpjkqrw0Vn6g,white_box,5678,jpeg50,self,114,toronto:244,zurich:27,15.679998,36.1773
zurich_query_-bwmsEYfSnHpjkqrw0Vn6g,transfer_1,5678,jpeg50,self,2,amman:23,zurich:27,15.680000,36.1773
zurich_query_-bwmsEYfSnHpjkqrw0Vn6g,transfer_2,5678,jpeg50,self,13,amman:11,zurich:27,15.680001,36.1773
zurich_query_-bwmsEYfSnHpjkqrw0Vn6g,transfer_3,5678,jpeg50,self,15,amman:23,zurich:27,15.679998,36.1773
zurich_query_-bwmsEYfSnHpjkqrw0Vn6g,isotropic,9012,jpeg50,self,1,zurich:27,zurich:27,15.679997,36.1773
zurich_query_-bwmsEYfSnHpjkqrw0Vn6g,white_box,9012,jpeg50,self,1,zurich:27,zurich:27,15.680000,36.1773
zurich_query_-bwmsEYfSnHpjkqrw0Vn6g,transfer_1,9012,jpeg50,self,1,zurich:27,zurich:27,15.680000,36.1773
zurich_query_-bwmsEYfSnHpjkqrw0Vn6g,transfer_2,9012,jpeg50,self,5,amman:21,zurich:27,15.679997,36.1773
zurich_query_-bwmsEYfSnHpjkqrw0Vn6g,transfer_3,9012,jpeg50,self,13,amman:21,zurich:27,15.680000,36.1773
amman_query_0PLHged3iWJuuv8xOPB5rA,isotropic,1234,jpeg50,self,87,amman:25,amman:29,15.679998,36.1773
amman_query_0PLHged3iWJuuv8xOPB5rA,white_box,1234,jpeg50,self,190,zurich:27,amman:29,15.680001,36.1773
amman_query_0PLHged3iWJuuv8xOPB5rA,transfer_1,1234,jpeg50,self,103,amman:23,amman:29,15.679998,36.1773
amman_query_0PLHged3iWJuuv8xOPB5rA,transfer_2,1234,jpeg50,self,109,amman:21,amman:29,15.680002,36.1773
amman_query_0PLHged3iWJuuv8xOPB5rA,transfer_3,1234,jpeg50,self,59,amman:21,amman:29,15.680001,36.1773
amman_query_0PLHged3iWJuuv8xOPB5rA,isotropic,5678,jpeg50,self,56,zurich:27,amman:29,15.680000,36.1773
amman_query_0PLHged3iWJuuv8xOPB5rA,white_box,5678,jpeg50,self,46,amman:21,amman:29,15.680000,36.1773
amman_query_0PLHged3iWJuuv8xOPB5rA,transfer_1,5678,jpeg50,self,81,zurich:27,amman:29,15.680000,36.1773
amman_query_0PLHged3iWJuuv8xOPB5rA,transfer_2,5678,jpeg50,self,69,amman:12,amman:29,15.680000,36.1773
amman_query_0PLHged3iWJuuv8xOPB5rA,transfer_3,5678,jpeg50,self,47,amman:21,amman:29,15.679998,36.1773
amman_query_0PLHged3iWJuuv8xOPB5rA,isotropic,9012,jpeg50,self,117,amman:25,amman:29,15.679997,36.1773
amman_query_0PLHged3iWJuuv8xOPB5rA,white_box,9012,jpeg50,self,143,cph:429,amman:29,15.680000,36.1773
amman_query_0PLHged3iWJuuv8xOPB5rA,transfer_1,9012,jpeg50,self,117,amman:23,amman:29,15.679997,36.1773
amman_query_0PLHged3iWJuuv8xOPB5rA,transfer_2,9012,jpeg50,self,62,amman:23,amman:29,15.679997,36.1773
amman_query_0PLHged3iWJuuv8xOPB5rA,transfer_3,9012,jpeg50,self,45,amman:21,amman:29,15.680000,36.1773
boston_query_-EHBZ4-3d6vENYYFm7mWEw,isotropic,1234,jpeg50,self,1,boston:123,boston:123,15.679997,36.1773
boston_query_-EHBZ4-3d6vENYYFm7mWEw,white_box,1234,jpeg50,self,11,cph:176,boston:123,15.679998,36.1773
boston_query_-EHBZ4-3d6vENYYFm7mWEw,transfer_1,1234,jpeg50,self,1,boston:123,boston:123,15.680000,36.1773
boston_query_-EHBZ4-3d6vENYYFm7mWEw,transfer_2,1234,jpeg50,self,1,boston:123,boston:123,15.680000,36.1773
boston_query_-EHBZ4-3d6vENYYFm7mWEw,transfer_3,1234,jpeg50,self,1,boston:123,boston:123,15.679997,36.1773
boston_query_-EHBZ4-3d6vENYYFm7mWEw,isotropic,5678,jpeg50,self,2,boston:191,boston:123,15.680001,36.1773
boston_query_-EHBZ4-3d6vENYYFm7mWEw,white_box,5678,jpeg50,self,270,london:71,boston:123,15.679998,36.1773
boston_query_-EHBZ4-3d6vENYYFm7mWEw,transfer_1,5678,jpeg50,self,2,boston:191,boston:123,15.680000,36.1773
boston_query_-EHBZ4-3d6vENYYFm7mWEw,transfer_2,5678,jpeg50,self,2,boston:191,boston:123,15.679997,36.1773
boston_query_-EHBZ4-3d6vENYYFm7mWEw,transfer_3,5678,jpeg50,self,1,boston:123,boston:123,15.680001,36.1773
boston_query_-EHBZ4-3d6vENYYFm7mWEw,isotropic,9012,jpeg50,self,1,boston:123,boston:123,15.679997,36.1773
boston_query_-EHBZ4-3d6vENYYFm7mWEw,white_box,9012,jpeg50,self,115,cph:464,boston:123,15.679997,36.1773
boston_query_-EHBZ4-3d6vENYYFm7mWEw,transfer_1,9012,jpeg50,self,1,boston:123,boston:123,15.680000,36.1773
boston_query_-EHBZ4-3d6vENYYFm7mWEw,transfer_2,9012,jpeg50,self,1,boston:123,boston:123,15.680000,36.1773
boston_query_-EHBZ4-3d6vENYYFm7mWEw,transfer_3,9012,jpeg50,self,4,manila:181,boston:123,15.680000,36.1773
cph_query_-CrgHhqoywCPgzsSAabnsw,isotropic,1234,jpeg50,self,4,zurich:42,cph:464,15.680000,36.1773
cph_query_-CrgHhqoywCPgzsSAabnsw,white_box,1234,jpeg50,self,84,manila:92,cph:464,15.680000,36.1773
cph_query_-CrgHhqoywCPgzsSAabnsw,transfer_1,1234,jpeg50,self,6,zurich:42,cph:464,15.680000,36.1773
cph_query_-CrgHhqoywCPgzsSAabnsw,transfer_2,1234,jpeg50,self,6,manila:13,cph:464,15.679997,36.1773
cph_query_-CrgHhqoywCPgzsSAabnsw,transfer_3,1234,jpeg50,self,2,cph:33,cph:464,15.680000,36.1773
cph_query_-CrgHhqoywCPgzsSAabnsw,isotropic,5678,jpeg50,self,4,cph:33,cph:464,15.680000,36.1773
cph_query_-CrgHhqoywCPgzsSAabnsw,white_box,5678,jpeg50,self,77,toronto:23,cph:464,15.679997,36.1773
cph_query_-CrgHhqoywCPgzsSAabnsw,transfer_1,5678,jpeg50,self,7,zurich:42,cph:464,15.680001,36.1773
cph_query_-CrgHhqoywCPgzsSAabnsw,transfer_2,5678,jpeg50,self,5,manila:13,cph:464,15.679998,36.1773
cph_query_-CrgHhqoywCPgzsSAabnsw,transfer_3,5678,jpeg50,self,3,manila:13,cph:464,15.679997,36.1773
cph_query_-CrgHhqoywCPgzsSAabnsw,isotropic,9012,jpeg50,self,8,zurich:42,cph:464,15.680000,36.1773
cph_query_-CrgHhqoywCPgzsSAabnsw,white_box,9012,jpeg50,self,32,manila:92,cph:464,15.680000,36.1773
cph_query_-CrgHhqoywCPgzsSAabnsw,transfer_1,9012,jpeg50,self,2,cph:33,cph:464,15.680001,36.1773
cph_query_-CrgHhqoywCPgzsSAabnsw,transfer_2,9012,jpeg50,self,4,manila:13,cph:464,15.680000,36.1773
cph_query_-CrgHhqoywCPgzsSAabnsw,transfer_3,9012,jpeg50,self,3,zurich:42,cph:464,15.679996,36.1773
london_query_-WyzcGh-_EYVhI50Y9F08Q,isotropic,1234,jpeg50,self,299,zurich:96,london:121,15.680000,36.1773
london_query_-WyzcGh-_EYVhI50Y9F08Q,white_box,1234,jpeg50,self,170,toronto:23,london:121,15.679997,36.1773
london_query_-WyzcGh-_EYVhI50Y9F08Q,transfer_1,1234,jpeg50,self,184,zurich:96,london:121,15.679998,36.1773
london_query_-WyzcGh-_EYVhI50Y9F08Q,transfer_2,1234,jpeg50,self,477,zurich:96,london:121,15.680000,36.1773
london_query_-WyzcGh-_EYVhI50Y9F08Q,transfer_3,1234,jpeg50,self,575,zurich:96,london:121,15.680000,36.1773
london_query_-WyzcGh-_EYVhI50Y9F08Q,isotropic,5678,jpeg50,self,142,zurich:96,london:121,15.680000,36.1773
london_query_-WyzcGh-_EYVhI50Y9F08Q,white_box,5678,jpeg50,self,151,boston:98,london:121,15.679998,36.1773
london_query_-WyzcGh-_EYVhI50Y9F08Q,transfer_1,5678,jpeg50,self,292,zurich:96,london:121,15.680001,36.1773
london_query_-WyzcGh-_EYVhI50Y9F08Q,transfer_2,5678,jpeg50,self,299,zurich:96,london:121,15.680001,36.1773
london_query_-WyzcGh-_EYVhI50Y9F08Q,transfer_3,5678,jpeg50,self,387,toronto:23,london:121,15.680001,36.1773
london_query_-WyzcGh-_EYVhI50Y9F08Q,isotropic,9012,jpeg50,self,172,zurich:96,london:121,15.680000,36.1773
london_query_-WyzcGh-_EYVhI50Y9F08Q,white_box,9012,jpeg50,self,197,london:125,london:121,15.679997,36.1773
london_query_-WyzcGh-_EYVhI50Y9F08Q,transfer_1,9012,jpeg50,self,344,zurich:96,london:121,15.680000,36.1773
london_query_-WyzcGh-_EYVhI50Y9F08Q,transfer_2,9012,jpeg50,self,294,zurich:96,london:121,15.679997,36.1773
london_query_-WyzcGh-_EYVhI50Y9F08Q,transfer_3,9012,jpeg50,self,430,zurich:96,london:121,15.680000,36.1773
manila_query_-GRDcYlSjwLZPQ0LqKatqA,isotropic,1234,jpeg50,self,596,manila:140,manila:171,15.680000,36.1773
manila_query_-GRDcYlSjwLZPQ0LqKatqA,white_box,1234,jpeg50,self,694,manila:13,manila:171,15.680000,36.1773
manila_query_-GRDcYlSjwLZPQ0LqKatqA,transfer_1,1234,jpeg50,self,900,manila:140,manila:171,15.680000,36.1773
manila_query_-GRDcYlSjwLZPQ0LqKatqA,transfer_2,1234,jpeg50,self,853,manila:140,manila:171,15.680000,36.1773
manila_query_-GRDcYlSjwLZPQ0LqKatqA,transfer_3,1234,jpeg50,self,698,manila:89,manila:171,15.679996,36.1773
manila_query_-GRDcYlSjwLZPQ0LqKatqA,isotropic,5678,jpeg50,self,635,manila:140,manila:171,15.680000,36.1773
manila_query_-GRDcYlSjwLZPQ0LqKatqA,white_box,5678,jpeg50,self,822,manila:92,manila:171,15.680000,36.1773
manila_query_-GRDcYlSjwLZPQ0LqKatqA,transfer_1,5678,jpeg50,self,782,manila:140,manila:171,15.680000,36.1773
manila_query_-GRDcYlSjwLZPQ0LqKatqA,transfer_2,5678,jpeg50,self,712,manila:140,manila:171,15.679998,36.1773
manila_query_-GRDcYlSjwLZPQ0LqKatqA,transfer_3,5678,jpeg50,self,759,manila:140,manila:171,15.680000,36.1773
manila_query_-GRDcYlSjwLZPQ0LqKatqA,isotropic,9012,jpeg50,self,717,manila:140,manila:171,15.679997,36.1773
manila_query_-GRDcYlSjwLZPQ0LqKatqA,white_box,9012,jpeg50,self,728,manila:92,manila:171,15.679998,36.1773
manila_query_-GRDcYlSjwLZPQ0LqKatqA,transfer_1,9012,jpeg50,self,905,manila:140,manila:171,15.679997,36.1773
manila_query_-GRDcYlSjwLZPQ0LqKatqA,transfer_2,9012,jpeg50,self,1083,manila:140,manila:171,15.679998,36.1773
manila_query_-GRDcYlSjwLZPQ0LqKatqA,transfer_3,9012,jpeg50,self,610,manila:140,manila:171,15.679998,36.1773
nairobi_query_0u9pYEI4g20T0TGGb3Q_mw,isotropic,1234,jpeg50,self,21,nairobi:22,nairobi:19,15.679998,36.1773
nairobi_query_0u9pYEI4g20T0TGGb3Q_mw,white_box,1234,jpeg50,self,94,nairobi:20,nairobi:19,15.679997,36.1773
nairobi_query_0u9pYEI4g20T0TGGb3Q_mw,transfer_1,1234,jpeg50,self,34,cph:176,nairobi:19,15.679997,36.1773
nairobi_query_0u9pYEI4g20T0TGGb3Q_mw,transfer_2,1234,jpeg50,self,14,toronto:351,nairobi:19,15.679998,36.1773
nairobi_query_0u9pYEI4g20T0TGGb3Q_mw,transfer_3,1234,jpeg50,self,28,toronto:351,nairobi:19,15.680000,36.1773
nairobi_query_0u9pYEI4g20T0TGGb3Q_mw,isotropic,5678,jpeg50,self,52,toronto:351,nairobi:19,15.679998,36.1773
nairobi_query_0u9pYEI4g20T0TGGb3Q_mw,white_box,5678,jpeg50,self,45,cph:176,nairobi:19,15.680001,36.1773
nairobi_query_0u9pYEI4g20T0TGGb3Q_mw,transfer_1,5678,jpeg50,self,72,cph:176,nairobi:19,15.680001,36.1773
nairobi_query_0u9pYEI4g20T0TGGb3Q_mw,transfer_2,5678,jpeg50,self,12,nairobi:22,nairobi:19,15.680000,36.1773
nairobi_query_0u9pYEI4g20T0TGGb3Q_mw,transfer_3,5678,jpeg50,self,28,boston:191,nairobi:19,15.680000,36.1773
nairobi_query_0u9pYEI4g20T0TGGb3Q_mw,isotropic,9012,jpeg50,self,88,cph:176,nairobi:19,15.679997,36.1773
nairobi_query_0u9pYEI4g20T0TGGb3Q_mw,white_box,9012,jpeg50,self,3,nairobi:0,nairobi:19,15.680002,36.1773
nairobi_query_0u9pYEI4g20T0TGGb3Q_mw,transfer_1,9012,jpeg50,self,13,nairobi:22,nairobi:19,15.680000,36.1773
nairobi_query_0u9pYEI4g20T0TGGb3Q_mw,transfer_2,9012,jpeg50,self,10,toronto:351,nairobi:19,15.679997,36.1773
nairobi_query_0u9pYEI4g20T0TGGb3Q_mw,transfer_3,9012,jpeg50,self,48,cph:176,nairobi:19,15.679998,36.1773
toronto_query_-90qYles5GKU3ikhCYP3xg,isotropic,1234,jpeg50,self,10,amman:11,toronto:265,15.679998,36.1773
toronto_query_-90qYles5GKU3ikhCYP3xg,white_box,1234,jpeg50,self,1,toronto:265,toronto:265,15.680000,36.1773
toronto_query_-90qYles5GKU3ikhCYP3xg,transfer_1,1234,jpeg50,self,7,amman:31,toronto:265,15.679998,36.1773
toronto_query_-90qYles5GKU3ikhCYP3xg,transfer_2,1234,jpeg50,self,2,amman:31,toronto:265,15.680000,36.1773
toronto_query_-90qYles5GKU3ikhCYP3xg,transfer_3,1234,jpeg50,self,8,amman:31,toronto:265,15.679997,36.1773
toronto_query_-90qYles5GKU3ikhCYP3xg,isotropic,5678,jpeg50,self,8,amman:11,toronto:265,15.679998,36.1773
toronto_query_-90qYles5GKU3ikhCYP3xg,white_box,5678,jpeg50,self,1,toronto:265,toronto:265,15.680000,36.1773
toronto_query_-90qYles5GKU3ikhCYP3xg,transfer_1,5678,jpeg50,self,3,amman:31,toronto:265,15.680000,36.1773
toronto_query_-90qYles5GKU3ikhCYP3xg,transfer_2,5678,jpeg50,self,12,amman:11,toronto:265,15.679997,36.1773
toronto_query_-90qYles5GKU3ikhCYP3xg,transfer_3,5678,jpeg50,self,2,amman:31,toronto:265,15.679998,36.1773
toronto_query_-90qYles5GKU3ikhCYP3xg,isotropic,9012,jpeg50,self,6,amman:31,toronto:265,15.680000,36.1773
toronto_query_-90qYles5GKU3ikhCYP3xg,white_box,9012,jpeg50,self,18,amman:31,toronto:265,15.680000,36.1773
toronto_query_-90qYles5GKU3ikhCYP3xg,transfer_1,9012,jpeg50,self,7,amman:11,toronto:265,15.679997,36.1773
toronto_query_-90qYles5GKU3ikhCYP3xg,transfer_2,9012,jpeg50,self,10,amman:31,toronto:265,15.680000,36.1773
toronto_query_-90qYles5GKU3ikhCYP3xg,transfer_3,9012,jpeg50,self,4,amman:31,toronto:265,15.680000,36.1773
zurich_query_-ckZ0rXdz4mibIinNjdoZQ,isotropic,1234,jpeg50,self,30,boston:99,zurich:19,15.679997,36.1773
zurich_query_-ckZ0rXdz4mibIinNjdoZQ,white_box,1234,jpeg50,self,6,amman:1,zurich:19,15.680001,36.1773
zurich_query_-ckZ0rXdz4mibIinNjdoZQ,transfer_1,1234,jpeg50,self,18,amman:35,zurich:19,15.679997,36.1773
zurich_query_-ckZ0rXdz4mibIinNjdoZQ,transfer_2,1234,jpeg50,self,25,boston:19,zurich:19,15.679998,36.1773
zurich_query_-ckZ0rXdz4mibIinNjdoZQ,transfer_3,1234,jpeg50,self,15,amman:1,zurich:19,15.679997,36.1773
zurich_query_-ckZ0rXdz4mibIinNjdoZQ,isotropic,5678,jpeg50,self,157,boston:99,zurich:19,15.680000,36.1773
zurich_query_-ckZ0rXdz4mibIinNjdoZQ,white_box,5678,jpeg50,self,9,manila:181,zurich:19,15.680001,36.1773
zurich_query_-ckZ0rXdz4mibIinNjdoZQ,transfer_1,5678,jpeg50,self,10,amman:35,zurich:19,15.680000,36.1773
zurich_query_-ckZ0rXdz4mibIinNjdoZQ,transfer_2,5678,jpeg50,self,15,amman:35,zurich:19,15.680000,36.1773
zurich_query_-ckZ0rXdz4mibIinNjdoZQ,transfer_3,5678,jpeg50,self,1,zurich:19,zurich:19,15.679997,36.1773
zurich_query_-ckZ0rXdz4mibIinNjdoZQ,isotropic,9012,jpeg50,self,20,boston:99,zurich:19,15.679998,36.1773
zurich_query_-ckZ0rXdz4mibIinNjdoZQ,white_box,9012,jpeg50,self,1,zurich:19,zurich:19,15.679997,36.1773
zurich_query_-ckZ0rXdz4mibIinNjdoZQ,transfer_1,9012,jpeg50,self,29,amman:35,zurich:19,15.679998,36.1773
zurich_query_-ckZ0rXdz4mibIinNjdoZQ,transfer_2,9012,jpeg50,self,5,boston:99,zurich:19,15.680000,36.1773
zurich_query_-ckZ0rXdz4mibIinNjdoZQ,transfer_3,9012,jpeg50,self,1,zurich:19,zurich:19,15.679997,36.1773
amman_query_0R0A_PhOAjP-uMDPM7p7mA,isotropic,1234,jpeg50,self,16,cph:332,amman:29,15.679997,36.1773
amman_query_0R0A_PhOAjP-uMDPM7p7mA,white_box,1234,jpeg50,self,55,amman:1,amman:29,15.680002,36.1773
amman_query_0R0A_PhOAjP-uMDPM7p7mA,transfer_1,1234,jpeg50,self,1,amman:29,amman:29,15.680001,36.1773
amman_query_0R0A_PhOAjP-uMDPM7p7mA,transfer_2,1234,jpeg50,self,5,amman:21,amman:29,15.680000,36.1773
amman_query_0R0A_PhOAjP-uMDPM7p7mA,transfer_3,1234,jpeg50,self,14,amman:15,amman:29,15.680001,36.1773
amman_query_0R0A_PhOAjP-uMDPM7p7mA,isotropic,5678,jpeg50,self,7,cph:332,amman:29,15.680000,36.1773
amman_query_0R0A_PhOAjP-uMDPM7p7mA,white_box,5678,jpeg50,self,132,toronto:421,amman:29,15.679997,36.1773
amman_query_0R0A_PhOAjP-uMDPM7p7mA,transfer_1,5678,jpeg50,self,13,amman:25,amman:29,15.679997,36.1773
amman_query_0R0A_PhOAjP-uMDPM7p7mA,transfer_2,5678,jpeg50,self,9,amman:21,amman:29,15.679998,36.1773
amman_query_0R0A_PhOAjP-uMDPM7p7mA,transfer_3,5678,jpeg50,self,18,amman:23,amman:29,15.680000,36.1773
amman_query_0R0A_PhOAjP-uMDPM7p7mA,isotropic,9012,jpeg50,self,8,cph:332,amman:29,15.680000,36.1773
amman_query_0R0A_PhOAjP-uMDPM7p7mA,white_box,9012,jpeg50,self,41,amman:1,amman:29,15.680000,36.1773
amman_query_0R0A_PhOAjP-uMDPM7p7mA,transfer_1,9012,jpeg50,self,6,cph:332,amman:29,15.680000,36.1773
amman_query_0R0A_PhOAjP-uMDPM7p7mA,transfer_2,9012,jpeg50,self,8,amman:25,amman:29,15.679997,36.1773
amman_query_0R0A_PhOAjP-uMDPM7p7mA,transfer_3,9012,jpeg50,self,13,amman:25,amman:29,15.680000,36.1773
boston_query_-F1y-kaybMQbp8p7UR03TA,isotropic,1234,jpeg50,self,77,boston:27,boston:250,15.679998,36.1773
boston_query_-F1y-kaybMQbp8p7UR03TA,white_box,1234,jpeg50,self,266,zurich:5,boston:250,15.680000,36.1773
boston_query_-F1y-kaybMQbp8p7UR03TA,transfer_1,1234,jpeg50,self,62,boston:27,boston:250,15.679997,36.1773
boston_query_-F1y-kaybMQbp8p7UR03TA,transfer_2,1234,jpeg50,self,32,boston:27,boston:250,15.679998,36.1773
boston_query_-F1y-kaybMQbp8p7UR03TA,transfer_3,1234,jpeg50,self,61,boston:27,boston:250,15.680000,36.1773
boston_query_-F1y-kaybMQbp8p7UR03TA,isotropic,5678,jpeg50,self,113,boston:262,boston:250,15.680000,36.1773
boston_query_-F1y-kaybMQbp8p7UR03TA,white_box,5678,jpeg50,self,407,boston:27,boston:250,15.679998,36.1773
boston_query_-F1y-kaybMQbp8p7UR03TA,transfer_1,5678,jpeg50,self,111,boston:27,boston:250,15.679997,36.1773
boston_query_-F1y-kaybMQbp8p7UR03TA,transfer_2,5678,jpeg50,self,169,boston:27,boston:250,15.680000,36.1773
boston_query_-F1y-kaybMQbp8p7UR03TA,transfer_3,5678,jpeg50,self,36,boston:27,boston:250,15.679997,36.1773
boston_query_-F1y-kaybMQbp8p7UR03TA,isotropic,9012,jpeg50,self,46,boston:27,boston:250,15.679998,36.1773
boston_query_-F1y-kaybMQbp8p7UR03TA,white_box,9012,jpeg50,self,58,boston:249,boston:250,15.679998,36.1773
boston_query_-F1y-kaybMQbp8p7UR03TA,transfer_1,9012,jpeg50,self,50,boston:27,boston:250,15.679997,36.1773
boston_query_-F1y-kaybMQbp8p7UR03TA,transfer_2,9012,jpeg50,self,8,boston:27,boston:250,15.680000,36.1773
boston_query_-F1y-kaybMQbp8p7UR03TA,transfer_3,9012,jpeg50,self,18,boston:27,boston:250,15.680000,36.1773
cph_query_-EJZ9qR_FRIGfCF6DhQCJg,isotropic,1234,jpeg50,self,1,cph:175,cph:175,15.679998,36.1773
cph_query_-EJZ9qR_FRIGfCF6DhQCJg,white_box,1234,jpeg50,self,28,zurich:8,cph:175,15.680000,36.1773
cph_query_-EJZ9qR_FRIGfCF6DhQCJg,transfer_1,1234,jpeg50,self,1,cph:175,cph:175,15.680000,36.1773
cph_query_-EJZ9qR_FRIGfCF6DhQCJg,transfer_2,1234,jpeg50,self,1,cph:175,cph:175,15.679997,36.1773
cph_query_-EJZ9qR_FRIGfCF6DhQCJg,transfer_3,1234,jpeg50,self,3,cph:297,cph:175,15.679998,36.1773
cph_query_-EJZ9qR_FRIGfCF6DhQCJg,isotropic,5678,jpeg50,self,1,cph:175,cph:175,15.679997,36.1773
cph_query_-EJZ9qR_FRIGfCF6DhQCJg,white_box,5678,jpeg50,self,4,toronto:196,cph:175,15.679997,36.1773
cph_query_-EJZ9qR_FRIGfCF6DhQCJg,transfer_1,5678,jpeg50,self,1,cph:175,cph:175,15.680000,36.1773
cph_query_-EJZ9qR_FRIGfCF6DhQCJg,transfer_2,5678,jpeg50,self,1,cph:175,cph:175,15.679998,36.1773
cph_query_-EJZ9qR_FRIGfCF6DhQCJg,transfer_3,5678,jpeg50,self,1,cph:175,cph:175,15.679997,36.1773
cph_query_-EJZ9qR_FRIGfCF6DhQCJg,isotropic,9012,jpeg50,self,1,cph:175,cph:175,15.680000,36.1773
cph_query_-EJZ9qR_FRIGfCF6DhQCJg,white_box,9012,jpeg50,self,21,toronto:103,cph:175,15.680001,36.1773
cph_query_-EJZ9qR_FRIGfCF6DhQCJg,transfer_1,9012,jpeg50,self,1,cph:175,cph:175,15.679997,36.1773
cph_query_-EJZ9qR_FRIGfCF6DhQCJg,transfer_2,9012,jpeg50,self,1,cph:175,cph:175,15.680000,36.1773
cph_query_-EJZ9qR_FRIGfCF6DhQCJg,transfer_3,9012,jpeg50,self,1,cph:175,cph:175,15.680002,36.1773
london_query_-XIh6yuegk86oURAbggPpw,isotropic,1234,jpeg50,self,9,london:62,london:76,15.680000,36.1773
london_query_-XIh6yuegk86oURAbggPpw,white_box,1234,jpeg50,self,119,london:84,london:76,15.679997,36.1773
london_query_-XIh6yuegk86oURAbggPpw,transfer_1,1234,jpeg50,self,7,london:62,london:76,15.679998,36.1773
london_query_-XIh6yuegk86oURAbggPpw,transfer_2,1234,jpeg50,self,15,london:62,london:76,15.680000,36.1773
london_query_-XIh6yuegk86oURAbggPpw,transfer_3,1234,jpeg50,self,42,london:62,london:76,15.679997,36.1773
london_query_-XIh6yuegk86oURAbggPpw,isotropic,5678,jpeg50,self,7,london:62,london:76,15.679998,36.1773
london_query_-XIh6yuegk86oURAbggPpw,white_box,5678,jpeg50,self,278,toronto:55,london:76,15.679997,36.1773
london_query_-XIh6yuegk86oURAbggPpw,transfer_1,5678,jpeg50,self,7,london:62,london:76,15.679998,36.1773
london_query_-XIh6yuegk86oURAbggPpw,transfer_2,5678,jpeg50,self,10,london:62,london:76,15.679998,36.1773
london_query_-XIh6yuegk86oURAbggPpw,transfer_3,5678,jpeg50,self,29,london:62,london:76,15.680002,36.1773
london_query_-XIh6yuegk86oURAbggPpw,isotropic,9012,jpeg50,self,21,london:62,london:76,15.680001,36.1773
london_query_-XIh6yuegk86oURAbggPpw,white_box,9012,jpeg50,self,602,zurich:30,london:76,15.680000,36.1773
london_query_-XIh6yuegk86oURAbggPpw,transfer_1,9012,jpeg50,self,25,london:62,london:76,15.680000,36.1773
london_query_-XIh6yuegk86oURAbggPpw,transfer_2,9012,jpeg50,self,13,london:62,london:76,15.679997,36.1773
london_query_-XIh6yuegk86oURAbggPpw,transfer_3,9012,jpeg50,self,13,london:62,london:76,15.680001,36.1773
manila_query_-GYvqZ8BYSfzGUbFI13obA,isotropic,1234,jpeg50,self,160,manila:51,manila:109,15.680000,36.1773
manila_query_-GYvqZ8BYSfzGUbFI13obA,white_box,1234,jpeg50,self,426,zurich:35,manila:109,15.679997,36.1773
manila_query_-GYvqZ8BYSfzGUbFI13obA,transfer_1,1234,jpeg50,self,95,manila:51,manila:109,15.680000,36.1773
manila_query_-GYvqZ8BYSfzGUbFI13obA,transfer_2,1234,jpeg50,self,190,manila:51,manila:109,15.680000,36.1773
manila_query_-GYvqZ8BYSfzGUbFI13obA,transfer_3,1234,jpeg50,self,184,manila:51,manila:109,15.680000,36.1773
manila_query_-GYvqZ8BYSfzGUbFI13obA,isotropic,5678,jpeg50,self,183,manila:51,manila:109,15.680000,36.1773
manila_query_-GYvqZ8BYSfzGUbFI13obA,white_box,5678,jpeg50,self,492,zurich:35,manila:109,15.679997,36.1773
manila_query_-GYvqZ8BYSfzGUbFI13obA,transfer_1,5678,jpeg50,self,158,manila:51,manila:109,15.679997,36.1773
manila_query_-GYvqZ8BYSfzGUbFI13obA,transfer_2,5678,jpeg50,self,152,manila:51,manila:109,15.679997,36.1773
manila_query_-GYvqZ8BYSfzGUbFI13obA,transfer_3,5678,jpeg50,self,154,manila:51,manila:109,15.679998,36.1773
manila_query_-GYvqZ8BYSfzGUbFI13obA,isotropic,9012,jpeg50,self,181,manila:51,manila:109,15.680000,36.1773
manila_query_-GYvqZ8BYSfzGUbFI13obA,white_box,9012,jpeg50,self,508,zurich:35,manila:109,15.679997,36.1773
manila_query_-GYvqZ8BYSfzGUbFI13obA,transfer_1,9012,jpeg50,self,52,manila:51,manila:109,15.680000,36.1773
manila_query_-GYvqZ8BYSfzGUbFI13obA,transfer_2,9012,jpeg50,self,197,manila:51,manila:109,15.679997,36.1773
manila_query_-GYvqZ8BYSfzGUbFI13obA,transfer_3,9012,jpeg50,self,111,manila:51,manila:109,15.680000,36.1773
nairobi_query_16KxNH7RD-4ITdBTZKvAXw,isotropic,1234,jpeg50,self,13,nairobi:4,nairobi:3,15.679998,36.1773
nairobi_query_16KxNH7RD-4ITdBTZKvAXw,white_box,1234,jpeg50,self,18,london:85,nairobi:3,15.679997,36.1773
nairobi_query_16KxNH7RD-4ITdBTZKvAXw,transfer_1,1234,jpeg50,self,28,london:85,nairobi:3,15.680000,36.1773
nairobi_query_16KxNH7RD-4ITdBTZKvAXw,transfer_2,1234,jpeg50,self,21,london:85,nairobi:3,15.679997,36.1773
nairobi_query_16KxNH7RD-4ITdBTZKvAXw,transfer_3,1234,jpeg50,self,5,nairobi:8,nairobi:3,15.679998,36.1773
nairobi_query_16KxNH7RD-4ITdBTZKvAXw,isotropic,5678,jpeg50,self,15,nairobi:4,nairobi:3,15.679998,36.1773
nairobi_query_16KxNH7RD-4ITdBTZKvAXw,white_box,5678,jpeg50,self,24,london:85,nairobi:3,15.679997,36.1773
nairobi_query_16KxNH7RD-4ITdBTZKvAXw,transfer_1,5678,jpeg50,self,21,london:85,nairobi:3,15.680000,36.1773
nairobi_query_16KxNH7RD-4ITdBTZKvAXw,transfer_2,5678,jpeg50,self,25,london:85,nairobi:3,15.680001,36.1773
nairobi_query_16KxNH7RD-4ITdBTZKvAXw,transfer_3,5678,jpeg50,self,7,london:85,nairobi:3,15.679998,36.1773
nairobi_query_16KxNH7RD-4ITdBTZKvAXw,isotropic,9012,jpeg50,self,23,nairobi:4,nairobi:3,15.680002,36.1773
nairobi_query_16KxNH7RD-4ITdBTZKvAXw,white_box,9012,jpeg50,self,6,london:85,nairobi:3,15.680000,36.1773
nairobi_query_16KxNH7RD-4ITdBTZKvAXw,transfer_1,9012,jpeg50,self,40,nairobi:4,nairobi:3,15.679997,36.1773
nairobi_query_16KxNH7RD-4ITdBTZKvAXw,transfer_2,9012,jpeg50,self,43,london:85,nairobi:3,15.679997,36.1773
nairobi_query_16KxNH7RD-4ITdBTZKvAXw,transfer_3,9012,jpeg50,self,24,nairobi:4,nairobi:3,15.679997,36.1773
toronto_query_-95Ypw11XUgNqZdY5m4GCw,isotropic,1234,jpeg50,self,253,toronto:253,toronto:85,15.679997,36.1773
toronto_query_-95Ypw11XUgNqZdY5m4GCw,white_box,1234,jpeg50,self,583,boston:112,toronto:85,15.679998,36.1773
toronto_query_-95Ypw11XUgNqZdY5m4GCw,transfer_1,1234,jpeg50,self,199,toronto:253,toronto:85,15.679998,36.1773
toronto_query_-95Ypw11XUgNqZdY5m4GCw,transfer_2,1234,jpeg50,self,169,toronto:253,toronto:85,15.679997,36.1773
toronto_query_-95Ypw11XUgNqZdY5m4GCw,transfer_3,1234,jpeg50,self,206,amman:1,toronto:85,15.680001,36.1773
toronto_query_-95Ypw11XUgNqZdY5m4GCw,isotropic,5678,jpeg50,self,204,toronto:253,toronto:85,15.680002,36.1773
toronto_query_-95Ypw11XUgNqZdY5m4GCw,white_box,5678,jpeg50,self,695,boston:112,toronto:85,15.680001,36.1773
toronto_query_-95Ypw11XUgNqZdY5m4GCw,transfer_1,5678,jpeg50,self,226,toronto:253,toronto:85,15.679997,36.1773
toronto_query_-95Ypw11XUgNqZdY5m4GCw,transfer_2,5678,jpeg50,self,187,toronto:197,toronto:85,15.680001,36.1773
toronto_query_-95Ypw11XUgNqZdY5m4GCw,transfer_3,5678,jpeg50,self,201,toronto:253,toronto:85,15.679997,36.1773
toronto_query_-95Ypw11XUgNqZdY5m4GCw,isotropic,9012,jpeg50,self,202,toronto:253,toronto:85,15.679997,36.1773
toronto_query_-95Ypw11XUgNqZdY5m4GCw,white_box,9012,jpeg50,self,80,boston:112,toronto:85,15.679997,36.1773
toronto_query_-95Ypw11XUgNqZdY5m4GCw,transfer_1,9012,jpeg50,self,162,toronto:253,toronto:85,15.680000,36.1773
toronto_query_-95Ypw11XUgNqZdY5m4GCw,transfer_2,9012,jpeg50,self,192,toronto:253,toronto:85,15.680000,36.1773
toronto_query_-95Ypw11XUgNqZdY5m4GCw,transfer_3,9012,jpeg50,self,207,toronto:253,toronto:85,15.679997,36.1773
zurich_query_-fOHAPAq-KX4XPlg0JJPvg,isotropic,1234,jpeg50,self,358,cph:464,zurich:96,15.680000,36.1773
zurich_query_-fOHAPAq-KX4XPlg0JJPvg,white_box,1234,jpeg50,self,168,boston:234,zurich:96,15.679997,36.1773
zurich_query_-fOHAPAq-KX4XPlg0JJPvg,transfer_1,1234,jpeg50,self,312,cph:464,zurich:96,15.679998,36.1773
zurich_query_-fOHAPAq-KX4XPlg0JJPvg,transfer_2,1234,jpeg50,self,424,cph:464,zurich:96,15.679998,36.1773
zurich_query_-fOHAPAq-KX4XPlg0JJPvg,transfer_3,1234,jpeg50,self,381,toronto:351,zurich:96,15.679996,36.1773
zurich_query_-fOHAPAq-KX4XPlg0JJPvg,isotropic,5678,jpeg50,self,322,cph:464,zurich:96,15.679997,36.1773
zurich_query_-fOHAPAq-KX4XPlg0JJPvg,white_box,5678,jpeg50,self,432,toronto:351,zurich:96,15.680000,36.1773
zurich_query_-fOHAPAq-KX4XPlg0JJPvg,transfer_1,5678,jpeg50,self,388,cph:271,zurich:96,15.680000,36.1773
zurich_query_-fOHAPAq-KX4XPlg0JJPvg,transfer_2,5678,jpeg50,self,383,manila:13,zurich:96,15.680001,36.1773
zurich_query_-fOHAPAq-KX4XPlg0JJPvg,transfer_3,5678,jpeg50,self,408,cph:271,zurich:96,15.679997,36.1773
zurich_query_-fOHAPAq-KX4XPlg0JJPvg,isotropic,9012,jpeg50,self,305,cph:464,zurich:96,15.679997,36.1773
zurich_query_-fOHAPAq-KX4XPlg0JJPvg,white_box,9012,jpeg50,self,545,nairobi:22,zurich:96,15.680000,36.1773
zurich_query_-fOHAPAq-KX4XPlg0JJPvg,transfer_1,9012,jpeg50,self,348,cph:464,zurich:96,15.680000,36.1773
zurich_query_-fOHAPAq-KX4XPlg0JJPvg,transfer_2,9012,jpeg50,self,371,cph:464,zurich:96,15.680000,36.1773
zurich_query_-fOHAPAq-KX4XPlg0JJPvg,transfer_3,9012,jpeg50,self,382,cph:464,zurich:96,15.679996,36.1773
amman_query_0RRGZCCzxqj8dJzhN-RnQQ,isotropic,1234,jpeg50,self,484,london:126,amman:6,15.680000,36.1773
amman_query_0RRGZCCzxqj8dJzhN-RnQQ,white_box,1234,jpeg50,self,653,amman:30,amman:6,15.680001,36.1773
amman_query_0RRGZCCzxqj8dJzhN-RnQQ,transfer_1,1234,jpeg50,self,520,amman:25,amman:6,15.680000,36.1773
amman_query_0RRGZCCzxqj8dJzhN-RnQQ,transfer_2,1234,jpeg50,self,554,boston:98,amman:6,15.679997,36.1773
amman_query_0RRGZCCzxqj8dJzhN-RnQQ,transfer_3,1234,jpeg50,self,435,amman:25,amman:6,15.680000,36.1773
amman_query_0RRGZCCzxqj8dJzhN-RnQQ,isotropic,5678,jpeg50,self,559,london:126,amman:6,15.679998,36.1773
amman_query_0RRGZCCzxqj8dJzhN-RnQQ,white_box,5678,jpeg50,self,180,amman:11,amman:6,15.679997,36.1773
amman_query_0RRGZCCzxqj8dJzhN-RnQQ,transfer_1,5678,jpeg50,self,475,boston:98,amman:6,15.679997,36.1773
amman_query_0RRGZCCzxqj8dJzhN-RnQQ,transfer_2,5678,jpeg50,self,494,boston:98,amman:6,15.680000,36.1773
amman_query_0RRGZCCzxqj8dJzhN-RnQQ,transfer_3,5678,jpeg50,self,260,amman:25,amman:6,15.680000,36.1773
amman_query_0RRGZCCzxqj8dJzhN-RnQQ,isotropic,9012,jpeg50,self,489,boston:98,amman:6,15.680000,36.1773
amman_query_0RRGZCCzxqj8dJzhN-RnQQ,white_box,9012,jpeg50,self,519,amman:11,amman:6,15.679997,36.1773
amman_query_0RRGZCCzxqj8dJzhN-RnQQ,transfer_1,9012,jpeg50,self,504,boston:79,amman:6,15.679997,36.1773
amman_query_0RRGZCCzxqj8dJzhN-RnQQ,transfer_2,9012,jpeg50,self,608,amman:25,amman:6,15.680001,36.1773
amman_query_0RRGZCCzxqj8dJzhN-RnQQ,transfer_3,9012,jpeg50,self,431,amman:25,amman:6,15.680001,36.1773
boston_query_-GJo3fVMwIWZoCYgf09NLQ,isotropic,1234,jpeg50,self,283,manila:87,boston:235,15.680002,36.1773
boston_query_-GJo3fVMwIWZoCYgf09NLQ,white_box,1234,jpeg50,self,940,cph:429,boston:235,15.680001,36.1773
boston_query_-GJo3fVMwIWZoCYgf09NLQ,transfer_1,1234,jpeg50,self,345,manila:87,boston:235,15.680000,36.1773
boston_query_-GJo3fVMwIWZoCYgf09NLQ,transfer_2,1234,jpeg50,self,387,manila:87,boston:235,15.679997,36.1773
boston_query_-GJo3fVMwIWZoCYgf09NLQ,transfer_3,1234,jpeg50,self,841,manila:87,boston:235,15.679997,36.1773
boston_query_-GJo3fVMwIWZoCYgf09NLQ,isotropic,5678,jpeg50,self,352,boston:206,boston:235,15.679997,36.1773
boston_query_-GJo3fVMwIWZoCYgf09NLQ,white_box,5678,jpeg50,self,723,manila:87,boston:235,15.680000,36.1773
boston_query_-GJo3fVMwIWZoCYgf09NLQ,transfer_1,5678,jpeg50,self,423,manila:87,boston:235,15.679997,36.1773
boston_query_-GJo3fVMwIWZoCYgf09NLQ,transfer_2,5678,jpeg50,self,664,manila:87,boston:235,15.679998,36.1773
boston_query_-GJo3fVMwIWZoCYgf09NLQ,transfer_3,5678,jpeg50,self,435,boston:206,boston:235,15.680001,36.1773
boston_query_-GJo3fVMwIWZoCYgf09NLQ,isotropic,9012,jpeg50,self,383,manila:190,boston:235,15.680000,36.1773
boston_query_-GJo3fVMwIWZoCYgf09NLQ,white_box,9012,jpeg50,self,1186,manila:106,boston:235,15.679998,36.1773
boston_query_-GJo3fVMwIWZoCYgf09NLQ,transfer_1,9012,jpeg50,self,696,manila:87,boston:235,15.680000,36.1773
boston_query_-GJo3fVMwIWZoCYgf09NLQ,transfer_2,9012,jpeg50,self,440,boston:206,boston:235,15.680000,36.1773
boston_query_-GJo3fVMwIWZoCYgf09NLQ,transfer_3,9012,jpeg50,self,739,manila:87,boston:235,15.679997,36.1773
cph_query_-Eb1W6216G9S88OFy95k4Q,isotropic,1234,jpeg50,self,1,cph:366,cph:366,15.679997,36.1773
cph_query_-Eb1W6216G9S88OFy95k4Q,white_box,1234,jpeg50,self,2,london:131,cph:366,15.679998,36.1773
cph_query_-Eb1W6216G9S88OFy95k4Q,transfer_1,1234,jpeg50,self,1,cph:366,cph:366,15.680000,36.1773
cph_query_-Eb1W6216G9S88OFy95k4Q,transfer_2,1234,jpeg50,self,1,cph:366,cph:366,15.680000,36.1773
cph_query_-Eb1W6216G9S88OFy95k4Q,transfer_3,1234,jpeg50,self,1,cph:366,cph:366,15.679997,36.1773
cph_query_-Eb1W6216G9S88OFy95k4Q,isotropic,5678,jpeg50,self,1,cph:366,cph:366,15.680000,36.1773
cph_query_-Eb1W6216G9S88OFy95k4Q,white_box,5678,jpeg50,self,1,cph:366,cph:366,15.680000,36.1773
cph_query_-Eb1W6216G9S88OFy95k4Q,transfer_1,5678,jpeg50,self,1,cph:366,cph:366,15.680001,36.1773
cph_query_-Eb1W6216G9S88OFy95k4Q,transfer_2,5678,jpeg50,self,1,cph:366,cph:366,15.680000,36.1773
cph_query_-Eb1W6216G9S88OFy95k4Q,transfer_3,5678,jpeg50,self,1,cph:366,cph:366,15.679998,36.1773
cph_query_-Eb1W6216G9S88OFy95k4Q,isotropic,9012,jpeg50,self,1,cph:366,cph:366,15.680000,36.1773
cph_query_-Eb1W6216G9S88OFy95k4Q,white_box,9012,jpeg50,self,3,london:34,cph:366,15.680001,36.1773
cph_query_-Eb1W6216G9S88OFy95k4Q,transfer_1,9012,jpeg50,self,1,cph:366,cph:366,15.680001,36.1773
cph_query_-Eb1W6216G9S88OFy95k4Q,transfer_2,9012,jpeg50,self,1,cph:366,cph:366,15.680000,36.1773
cph_query_-Eb1W6216G9S88OFy95k4Q,transfer_3,9012,jpeg50,self,1,cph:366,cph:366,15.679997,36.1773
london_query_-XZRTRoj7LEefbZ7UDBzXg,isotropic,1234,jpeg50,self,1036,cph:297,london:29,15.679997,36.1773
london_query_-XZRTRoj7LEefbZ7UDBzXg,white_box,1234,jpeg50,self,1229,manila:67,london:29,15.679998,36.1773
london_query_-XZRTRoj7LEefbZ7UDBzXg,transfer_1,1234,jpeg50,self,795,cph:297,london:29,15.679997,36.1773
london_query_-XZRTRoj7LEefbZ7UDBzXg,transfer_2,1234,jpeg50,self,1152,amman:31,london:29,15.679997,36.1773
london_query_-XZRTRoj7LEefbZ7UDBzXg,transfer_3,1234,jpeg50,self,1421,manila:67,london:29,15.679997,36.1773
london_query_-XZRTRoj7LEefbZ7UDBzXg,isotropic,5678,jpeg50,self,1008,amman:31,london:29,15.680000,36.1773
london_query_-XZRTRoj7LEefbZ7UDBzXg,white_box,5678,jpeg50,self,1464,london:8,london:29,15.680001,36.1773
london_query_-XZRTRoj7LEefbZ7UDBzXg,transfer_1,5678,jpeg50,self,1042,amman:31,london:29,15.679998,36.1773
london_query_-XZRTRoj7LEefbZ7UDBzXg,transfer_2,5678,jpeg50,self,859,cph:297,london:29,15.679997,36.1773
london_query_-XZRTRoj7LEefbZ7UDBzXg,transfer_3,5678,jpeg50,self,1392,amman:31,london:29,15.679998,36.1773
london_query_-XZRTRoj7LEefbZ7UDBzXg,isotropic,9012,jpeg50,self,1000,cph:297,london:29,15.679997,36.1773
london_query_-XZRTRoj7LEefbZ7UDBzXg,white_box,9012,jpeg50,self,410,cph:94,london:29,15.679998,36.1773
london_query_-XZRTRoj7LEefbZ7UDBzXg,transfer_1,9012,jpeg50,self,1008,cph:297,london:29,15.679997,36.1773
london_query_-XZRTRoj7LEefbZ7UDBzXg,transfer_2,9012,jpeg50,self,1011,amman:31,london:29,15.679997,36.1773
london_query_-XZRTRoj7LEefbZ7UDBzXg,transfer_3,9012,jpeg50,self,1085,manila:67,london:29,15.680000,36.1773
manila_query_-HF88JWAO1GDy0F6B4ZeZg,isotropic,1234,jpeg50,self,63,manila:134,manila:202,15.679998,36.1773
manila_query_-HF88JWAO1GDy0F6B4ZeZg,white_box,1234,jpeg50,self,339,manila:134,manila:202,15.680001,36.1773
manila_query_-HF88JWAO1GDy0F6B4ZeZg,transfer_1,1234,jpeg50,self,357,amman:6,manila:202,15.679998,36.1773
manila_query_-HF88JWAO1GDy0F6B4ZeZg,transfer_2,1234,jpeg50,self,371,amman:6,manila:202,15.679998,36.1773
manila_query_-HF88JWAO1GDy0F6B4ZeZg,transfer_3,1234,jpeg50,self,226,manila:72,manila:202,15.679997,36.1773
manila_query_-HF88JWAO1GDy0F6B4ZeZg,isotropic,5678,jpeg50,self,61,manila:134,manila:202,15.680000,36.1773
manila_query_-HF88JWAO1GDy0F6B4ZeZg,white_box,5678,jpeg50,self,525,toronto:23,manila:202,15.680000,36.1773
manila_query_-HF88JWAO1GDy0F6B4ZeZg,transfer_1,5678,jpeg50,self,236,amman:6,manila:202,15.680000,36.1773
manila_query_-HF88JWAO1GDy0F6B4ZeZg,transfer_2,5678,jpeg50,self,527,boston:171,manila:202,15.679997,36.1773
manila_query_-HF88JWAO1GDy0F6B4ZeZg,transfer_3,5678,jpeg50,self,476,manila:72,manila:202,15.679997,36.1773
manila_query_-HF88JWAO1GDy0F6B4ZeZg,isotropic,9012,jpeg50,self,89,manila:134,manila:202,15.679997,36.1773
manila_query_-HF88JWAO1GDy0F6B4ZeZg,white_box,9012,jpeg50,self,203,toronto:274,manila:202,15.680000,36.1773
manila_query_-HF88JWAO1GDy0F6B4ZeZg,transfer_1,9012,jpeg50,self,182,amman:6,manila:202,15.679997,36.1773
manila_query_-HF88JWAO1GDy0F6B4ZeZg,transfer_2,9012,jpeg50,self,437,amman:6,manila:202,15.679998,36.1773
manila_query_-HF88JWAO1GDy0F6B4ZeZg,transfer_3,9012,jpeg50,self,263,manila:134,manila:202,15.679997,36.1773
nairobi_query_183WoPTmmjfRAAmVLL6TDw,isotropic,1234,jpeg50,self,99,toronto:351,nairobi:1,15.680000,36.1773
nairobi_query_183WoPTmmjfRAAmVLL6TDw,white_box,1234,jpeg50,self,2,nairobi:21,nairobi:1,15.679998,36.1773
nairobi_query_183WoPTmmjfRAAmVLL6TDw,transfer_1,1234,jpeg50,self,42,toronto:354,nairobi:1,15.680000,36.1773
nairobi_query_183WoPTmmjfRAAmVLL6TDw,transfer_2,1234,jpeg50,self,12,toronto:354,nairobi:1,15.680000,36.1773
nairobi_query_183WoPTmmjfRAAmVLL6TDw,transfer_3,1234,jpeg50,self,33,toronto:354,nairobi:1,15.679998,36.1773
nairobi_query_183WoPTmmjfRAAmVLL6TDw,isotropic,5678,jpeg50,self,100,toronto:351,nairobi:1,15.679998,36.1773
nairobi_query_183WoPTmmjfRAAmVLL6TDw,white_box,5678,jpeg50,self,1,nairobi:1,nairobi:1,15.679998,36.1773
nairobi_query_183WoPTmmjfRAAmVLL6TDw,transfer_1,5678,jpeg50,self,44,toronto:354,nairobi:1,15.679997,36.1773
nairobi_query_183WoPTmmjfRAAmVLL6TDw,transfer_2,5678,jpeg50,self,49,toronto:354,nairobi:1,15.680000,36.1773
nairobi_query_183WoPTmmjfRAAmVLL6TDw,transfer_3,5678,jpeg50,self,30,toronto:354,nairobi:1,15.679996,36.1773
nairobi_query_183WoPTmmjfRAAmVLL6TDw,isotropic,9012,jpeg50,self,81,toronto:301,nairobi:1,15.679998,36.1773
nairobi_query_183WoPTmmjfRAAmVLL6TDw,white_box,9012,jpeg50,self,3,toronto:346,nairobi:1,15.680000,36.1773
nairobi_query_183WoPTmmjfRAAmVLL6TDw,transfer_1,9012,jpeg50,self,38,toronto:354,nairobi:1,15.680001,36.1773
nairobi_query_183WoPTmmjfRAAmVLL6TDw,transfer_2,9012,jpeg50,self,45,zurich:79,nairobi:1,15.680000,36.1773
nairobi_query_183WoPTmmjfRAAmVLL6TDw,transfer_3,9012,jpeg50,self,52,toronto:354,nairobi:1,15.680001,36.1773
toronto_query_-9p2_cESNINnXfab4o-dKQ,isotropic,1234,jpeg50,self,124,amman:30,toronto:121,15.679998,36.1773
toronto_query_-9p2_cESNINnXfab4o-dKQ,white_box,1234,jpeg50,self,1389,cph:94,toronto:121,15.679998,36.1773
toronto_query_-9p2_cESNINnXfab4o-dKQ,transfer_1,1234,jpeg50,self,177,boston:216,toronto:121,15.680000,36.1773
toronto_query_-9p2_cESNINnXfab4o-dKQ,transfer_2,1234,jpeg50,self,170,boston:216,toronto:121,15.679998,36.1773
toronto_query_-9p2_cESNINnXfab4o-dKQ,transfer_3,1234,jpeg50,self,405,boston:216,toronto:121,15.679997,36.1773
toronto_query_-9p2_cESNINnXfab4o-dKQ,isotropic,5678,jpeg50,self,60,boston:216,toronto:121,15.680000,36.1773
toronto_query_-9p2_cESNINnXfab4o-dKQ,white_box,5678,jpeg50,self,1734,cph:94,toronto:121,15.680000,36.1773
toronto_query_-9p2_cESNINnXfab4o-dKQ,transfer_1,5678,jpeg50,self,102,boston:216,toronto:121,15.679997,36.1773
toronto_query_-9p2_cESNINnXfab4o-dKQ,transfer_2,5678,jpeg50,self,105,boston:216,toronto:121,15.680000,36.1773
toronto_query_-9p2_cESNINnXfab4o-dKQ,transfer_3,5678,jpeg50,self,751,boston:216,toronto:121,15.680001,36.1773
toronto_query_-9p2_cESNINnXfab4o-dKQ,isotropic,9012,jpeg50,self,105,amman:30,toronto:121,15.679997,36.1773
toronto_query_-9p2_cESNINnXfab4o-dKQ,white_box,9012,jpeg50,self,1251,cph:94,toronto:121,15.680000,36.1773
toronto_query_-9p2_cESNINnXfab4o-dKQ,transfer_1,9012,jpeg50,self,174,boston:216,toronto:121,15.679998,36.1773
toronto_query_-9p2_cESNINnXfab4o-dKQ,transfer_2,9012,jpeg50,self,178,amman:30,toronto:121,15.680001,36.1773
toronto_query_-9p2_cESNINnXfab4o-dKQ,transfer_3,9012,jpeg50,self,366,boston:216,toronto:121,15.679997,36.1773
zurich_query_-iln48QPRjkI40nJSzd6lg,isotropic,1234,jpeg50,self,1,zurich:109,zurich:109,15.680000,36.1773
zurich_query_-iln48QPRjkI40nJSzd6lg,white_box,1234,jpeg50,self,120,manila:189,zurich:109,15.680000,36.1773
zurich_query_-iln48QPRjkI40nJSzd6lg,transfer_1,1234,jpeg50,self,1,zurich:109,zurich:109,15.680000,36.1773
zurich_query_-iln48QPRjkI40nJSzd6lg,transfer_2,1234,jpeg50,self,1,zurich:109,zurich:109,15.679997,36.1773
zurich_query_-iln48QPRjkI40nJSzd6lg,transfer_3,1234,jpeg50,self,2,toronto:301,zurich:109,15.679997,36.1773
zurich_query_-iln48QPRjkI40nJSzd6lg,isotropic,5678,jpeg50,self,1,zurich:109,zurich:109,15.679997,36.1773
zurich_query_-iln48QPRjkI40nJSzd6lg,white_box,5678,jpeg50,self,41,manila:189,zurich:109,15.679997,36.1773
zurich_query_-iln48QPRjkI40nJSzd6lg,transfer_1,5678,jpeg50,self,1,zurich:109,zurich:109,15.680000,36.1773
zurich_query_-iln48QPRjkI40nJSzd6lg,transfer_2,5678,jpeg50,self,1,zurich:109,zurich:109,15.679997,36.1773
zurich_query_-iln48QPRjkI40nJSzd6lg,transfer_3,5678,jpeg50,self,1,zurich:109,zurich:109,15.680002,36.1773
zurich_query_-iln48QPRjkI40nJSzd6lg,isotropic,9012,jpeg50,self,1,zurich:109,zurich:109,15.680000,36.1773
zurich_query_-iln48QPRjkI40nJSzd6lg,white_box,9012,jpeg50,self,28,manila:153,zurich:109,15.679998,36.1773
zurich_query_-iln48QPRjkI40nJSzd6lg,transfer_1,9012,jpeg50,self,1,zurich:109,zurich:109,15.680000,36.1773
zurich_query_-iln48QPRjkI40nJSzd6lg,transfer_2,9012,jpeg50,self,2,toronto:301,zurich:109,15.679997,36.1773
zurich_query_-iln48QPRjkI40nJSzd6lg,transfer_3,9012,jpeg50,self,1,zurich:109,zurich:109,15.679997,36.1773
amman_query_0fPb7in-cHyh0MAM_N6Zwg,isotropic,1234,jpeg50,self,10,cph:464,amman:13,15.679998,36.1773
amman_query_0fPb7in-cHyh0MAM_N6Zwg,white_box,1234,jpeg50,self,18,amman:23,amman:13,15.679997,36.1773
amman_query_0fPb7in-cHyh0MAM_N6Zwg,transfer_1,1234,jpeg50,self,22,cph:464,amman:13,15.680000,36.1773
amman_query_0fPb7in-cHyh0MAM_N6Zwg,transfer_2,1234,jpeg50,self,17,cph:464,amman:13,15.679998,36.1773
amman_query_0fPb7in-cHyh0MAM_N6Zwg,transfer_3,1234,jpeg50,self,8,cph:464,amman:13,15.679997,36.1773
amman_query_0fPb7in-cHyh0MAM_N6Zwg,isotropic,5678,jpeg50,self,13,cph:464,amman:13,15.679998,36.1773
amman_query_0fPb7in-cHyh0MAM_N6Zwg,white_box,5678,jpeg50,self,147,toronto:258,amman:13,15.679997,36.1773
amman_query_0fPb7in-cHyh0MAM_N6Zwg,transfer_1,5678,jpeg50,self,3,cph:464,amman:13,15.679997,36.1773
amman_query_0fPb7in-cHyh0MAM_N6Zwg,transfer_2,5678,jpeg50,self,13,cph:464,amman:13,15.679997,36.1773
amman_query_0fPb7in-cHyh0MAM_N6Zwg,transfer_3,5678,jpeg50,self,19,cph:464,amman:13,15.679997,36.1773
amman_query_0fPb7in-cHyh0MAM_N6Zwg,isotropic,9012,jpeg50,self,7,cph:464,amman:13,15.679998,36.1773
amman_query_0fPb7in-cHyh0MAM_N6Zwg,white_box,9012,jpeg50,self,64,amman:23,amman:13,15.680000,36.1773
amman_query_0fPb7in-cHyh0MAM_N6Zwg,transfer_1,9012,jpeg50,self,13,cph:464,amman:13,15.680001,36.1773
amman_query_0fPb7in-cHyh0MAM_N6Zwg,transfer_2,9012,jpeg50,self,22,cph:464,amman:13,15.679998,36.1773
amman_query_0fPb7in-cHyh0MAM_N6Zwg,transfer_3,9012,jpeg50,self,21,cph:464,amman:13,15.679997,36.1773
boston_query_-HufF4iDO00S4hZK96hUyw,isotropic,1234,jpeg50,self,13,cph:243,boston:145,15.680000,36.1773
boston_query_-HufF4iDO00S4hZK96hUyw,white_box,1234,jpeg50,self,1,boston:145,boston:145,15.679997,36.1773
boston_query_-HufF4iDO00S4hZK96hUyw,transfer_1,1234,jpeg50,self,32,zurich:33,boston:145,15.680000,36.1773
boston_query_-HufF4iDO00S4hZK96hUyw,transfer_2,1234,jpeg50,self,2,boston:234,boston:145,15.679997,36.1773
boston_query_-HufF4iDO00S4hZK96hUyw,transfer_3,1234,jpeg50,self,1,boston:145,boston:145,15.679997,36.1773
boston_query_-HufF4iDO00S4hZK96hUyw,isotropic,5678,jpeg50,self,4,boston:234,boston:145,15.680000,36.1773
boston_query_-HufF4iDO00S4hZK96hUyw,white_box,5678,jpeg50,self,17,toronto:23,boston:145,15.680000,36.1773
boston_query_-HufF4iDO00S4hZK96hUyw,transfer_1,5678,jpeg50,self,5,zurich:33,boston:145,15.679998,36.1773
boston_query_-HufF4iDO00S4hZK96hUyw,transfer_2,5678,jpeg50,self,16,amman:15,boston:145,15.680002,36.1773
boston_query_-HufF4iDO00S4hZK96hUyw,transfer_3,5678,jpeg50,self,2,boston:234,boston:145,15.679998,36.1773
boston_query_-HufF4iDO00S4hZK96hUyw,isotropic,9012,jpeg50,self,16,amman:23,boston:145,15.680000,36.1773
boston_query_-HufF4iDO00S4hZK96hUyw,white_box,9012,jpeg50,self,31,toronto:23,boston:145,15.679997,36.1773
boston_query_-HufF4iDO00S4hZK96hUyw,transfer_1,9012,jpeg50,self,7,zurich:33,boston:145,15.680000,36.1773
boston_query_-HufF4iDO00S4hZK96hUyw,transfer_2,9012,jpeg50,self,18,manila:89,boston:145,15.679998,36.1773
boston_query_-HufF4iDO00S4hZK96hUyw,transfer_3,9012,jpeg50,self,3,boston:234,boston:145,15.680000,36.1773
cph_query_-Efn_mUBXLqGWGzUw3Youw,isotropic,1234,jpeg50,self,13,toronto:103,cph:460,15.679997,36.1773
cph_query_-Efn_mUBXLqGWGzUw3Youw,white_box,1234,jpeg50,self,69,toronto:218,cph:460,15.679997,36.1773
cph_query_-Efn_mUBXLqGWGzUw3Youw,transfer_1,1234,jpeg50,self,8,toronto:103,cph:460,15.679997,36.1773
cph_query_-Efn_mUBXLqGWGzUw3Youw,transfer_2,1234,jpeg50,self,6,toronto:103,cph:460,15.680001,36.1773
cph_query_-Efn_mUBXLqGWGzUw3Youw,transfer_3,1234,jpeg50,self,9,toronto:103,cph:460,15.679998,36.1773
cph_query_-Efn_mUBXLqGWGzUw3Youw,isotropic,5678,jpeg50,self,11,toronto:103,cph:460,15.680000,36.1773
cph_query_-Efn_mUBXLqGWGzUw3Youw,white_box,5678,jpeg50,self,787,manila:92,cph:460,15.680000,36.1773
cph_query_-Efn_mUBXLqGWGzUw3Youw,transfer_1,5678,jpeg50,self,4,cph:254,cph:460,15.680000,36.1773
cph_query_-Efn_mUBXLqGWGzUw3Youw,transfer_2,5678,jpeg50,self,23,zurich:99,cph:460,15.680000,36.1773
cph_query_-Efn_mUBXLqGWGzUw3Youw,transfer_3,5678,jpeg50,self,16,toronto:103,cph:460,15.679997,36.1773
cph_query_-Efn_mUBXLqGWGzUw3Youw,isotropic,9012,jpeg50,self,8,toronto:103,cph:460,15.679998,36.1773
cph_query_-Efn_mUBXLqGWGzUw3Youw,white_box,9012,jpeg50,self,462,manila:92,cph:460,15.679997,36.1773
cph_query_-Efn_mUBXLqGWGzUw3Youw,transfer_1,9012,jpeg50,self,9,cph:429,cph:460,15.679998,36.1773
cph_query_-Efn_mUBXLqGWGzUw3Youw,transfer_2,9012,jpeg50,self,4,cph:254,cph:460,15.680000,36.1773
cph_query_-Efn_mUBXLqGWGzUw3Youw,transfer_3,9012,jpeg50,self,22,toronto:103,cph:460,15.679998,36.1773
london_query_-b5BCVv9Qd6OhZGxpoqS5A,isotropic,1234,jpeg50,self,2,cph:500,london:84,15.679997,36.1773
london_query_-b5BCVv9Qd6OhZGxpoqS5A,white_box,1234,jpeg50,self,2,toronto:103,london:84,15.679998,36.1773
london_query_-b5BCVv9Qd6OhZGxpoqS5A,transfer_1,1234,jpeg50,self,4,cph:500,london:84,15.679996,36.1773
london_query_-b5BCVv9Qd6OhZGxpoqS5A,transfer_2,1234,jpeg50,self,7,boston:90,london:84,15.680001,36.1773
london_query_-b5BCVv9Qd6OhZGxpoqS5A,transfer_3,1234,jpeg50,self,1,london:84,london:84,15.679998,36.1773
london_query_-b5BCVv9Qd6OhZGxpoqS5A,isotropic,5678,jpeg50,self,1,london:84,london:84,15.680000,36.1773
london_query_-b5BCVv9Qd6OhZGxpoqS5A,white_box,5678,jpeg50,self,37,manila:183,london:84,15.680002,36.1773
london_query_-b5BCVv9Qd6OhZGxpoqS5A,transfer_1,5678,jpeg50,self,2,boston:90,london:84,15.679997,36.1773
london_query_-b5BCVv9Qd6OhZGxpoqS5A,transfer_2,5678,jpeg50,self,1,london:84,london:84,15.679998,36.1773
london_query_-b5BCVv9Qd6OhZGxpoqS5A,transfer_3,5678,jpeg50,self,1,london:84,london:84,15.679997,36.1773
london_query_-b5BCVv9Qd6OhZGxpoqS5A,isotropic,9012,jpeg50,self,3,cph:500,london:84,15.680002,36.1773
london_query_-b5BCVv9Qd6OhZGxpoqS5A,white_box,9012,jpeg50,self,171,toronto:23,london:84,15.679997,36.1773
london_query_-b5BCVv9Qd6OhZGxpoqS5A,transfer_1,9012,jpeg50,self,6,boston:90,london:84,15.680000,36.1773
london_query_-b5BCVv9Qd6OhZGxpoqS5A,transfer_2,9012,jpeg50,self,16,boston:90,london:84,15.679997,36.1773
london_query_-b5BCVv9Qd6OhZGxpoqS5A,transfer_3,9012,jpeg50,self,12,boston:90,london:84,15.679997,36.1773
manila_query_-KU1q5fdqSI_GghxKumbeg,isotropic,1234,jpeg50,self,81,boston:248,manila:67,15.679997,36.1773
manila_query_-KU1q5fdqSI_GghxKumbeg,white_box,1234,jpeg50,self,252,cph:459,manila:67,15.680000,36.1773
manila_query_-KU1q5fdqSI_GghxKumbeg,transfer_1,1234,jpeg50,self,36,manila:116,manila:67,15.679998,36.1773
manila_query_-KU1q5fdqSI_GghxKumbeg,transfer_2,1234,jpeg50,self,26,boston:248,manila:67,15.679998,36.1773
manila_query_-KU1q5fdqSI_GghxKumbeg,transfer_3,1234,jpeg50,self,45,boston:248,manila:67,15.680000,36.1773
manila_query_-KU1q5fdqSI_GghxKumbeg,isotropic,5678,jpeg50,self,72,boston:248,manila:67,15.680000,36.1773
manila_query_-KU1q5fdqSI_GghxKumbeg,white_box,5678,jpeg50,self,327,zurich:64,manila:67,15.680001,36.1773
manila_query_-KU1q5fdqSI_GghxKumbeg,transfer_1,5678,jpeg50,self,24,toronto:197,manila:67,15.679998,36.1773
manila_query_-KU1q5fdqSI_GghxKumbeg,transfer_2,5678,jpeg50,self,128,boston:248,manila:67,15.680001,36.1773
manila_query_-KU1q5fdqSI_GghxKumbeg,transfer_3,5678,jpeg50,self,50,manila:190,manila:67,15.680000,36.1773
manila_query_-KU1q5fdqSI_GghxKumbeg,isotropic,9012,jpeg50,self,86,boston:248,manila:67,15.680002,36.1773
manila_query_-KU1q5fdqSI_GghxKumbeg,white_box,9012,jpeg50,self,244,toronto:218,manila:67,15.680001,36.1773
manila_query_-KU1q5fdqSI_GghxKumbeg,transfer_1,9012,jpeg50,self,26,manila:116,manila:67,15.679997,36.1773
manila_query_-KU1q5fdqSI_GghxKumbeg,transfer_2,9012,jpeg50,self,38,boston:248,manila:67,15.679997,36.1773
manila_query_-KU1q5fdqSI_GghxKumbeg,transfer_3,9012,jpeg50,self,48,boston:248,manila:67,15.679997,36.1773
nairobi_query_19K8RILgg4ErFKJ9l5D9zQ,isotropic,1234,jpeg50,self,130,nairobi:4,nairobi:10,15.680000,36.1773
nairobi_query_19K8RILgg4ErFKJ9l5D9zQ,white_box,1234,jpeg50,self,100,manila:92,nairobi:10,15.680000,36.1773
nairobi_query_19K8RILgg4ErFKJ9l5D9zQ,transfer_1,1234,jpeg50,self,114,nairobi:4,nairobi:10,15.679997,36.1773
nairobi_query_19K8RILgg4ErFKJ9l5D9zQ,transfer_2,1234,jpeg50,self,13,nairobi:4,nairobi:10,15.680000,36.1773
nairobi_query_19K8RILgg4ErFKJ9l5D9zQ,transfer_3,1234,jpeg50,self,98,nairobi:4,nairobi:10,15.679997,36.1773
nairobi_query_19K8RILgg4ErFKJ9l5D9zQ,isotropic,5678,jpeg50,self,113,nairobi:4,nairobi:10,15.680000,36.1773
nairobi_query_19K8RILgg4ErFKJ9l5D9zQ,white_box,5678,jpeg50,self,36,manila:189,nairobi:10,15.680000,36.1773
nairobi_query_19K8RILgg4ErFKJ9l5D9zQ,transfer_1,5678,jpeg50,self,114,nairobi:4,nairobi:10,15.680000,36.1773
nairobi_query_19K8RILgg4ErFKJ9l5D9zQ,transfer_2,5678,jpeg50,self,92,nairobi:4,nairobi:10,15.680000,36.1773
nairobi_query_19K8RILgg4ErFKJ9l5D9zQ,transfer_3,5678,jpeg50,self,87,nairobi:4,nairobi:10,15.680000,36.1773
nairobi_query_19K8RILgg4ErFKJ9l5D9zQ,isotropic,9012,jpeg50,self,138,nairobi:4,nairobi:10,15.679997,36.1773
nairobi_query_19K8RILgg4ErFKJ9l5D9zQ,white_box,9012,jpeg50,self,55,amman:29,nairobi:10,15.679997,36.1773
nairobi_query_19K8RILgg4ErFKJ9l5D9zQ,transfer_1,9012,jpeg50,self,175,nairobi:4,nairobi:10,15.679997,36.1773
nairobi_query_19K8RILgg4ErFKJ9l5D9zQ,transfer_2,9012,jpeg50,self,103,nairobi:4,nairobi:10,15.679997,36.1773
nairobi_query_19K8RILgg4ErFKJ9l5D9zQ,transfer_3,9012,jpeg50,self,25,nairobi:4,nairobi:10,15.679998,36.1773
toronto_query_-Af6Q3npKjccLu7TwYvlsQ,isotropic,1234,jpeg50,self,1,toronto:197,toronto:197,15.680000,36.1773
toronto_query_-Af6Q3npKjccLu7TwYvlsQ,white_box,1234,jpeg50,self,5,amman:1,toronto:197,15.679997,36.1773
toronto_query_-Af6Q3npKjccLu7TwYvlsQ,transfer_1,1234,jpeg50,self,1,toronto:197,toronto:197,15.680000,36.1773
toronto_query_-Af6Q3npKjccLu7TwYvlsQ,transfer_2,1234,jpeg50,self,1,toronto:197,toronto:197,15.680000,36.1773
toronto_query_-Af6Q3npKjccLu7TwYvlsQ,transfer_3,1234,jpeg50,self,1,toronto:197,toronto:197,15.679998,36.1773
toronto_query_-Af6Q3npKjccLu7TwYvlsQ,isotropic,5678,jpeg50,self,1,toronto:197,toronto:197,15.680000,36.1773
toronto_query_-Af6Q3npKjccLu7TwYvlsQ,white_box,5678,jpeg50,self,106,zurich:19,toronto:197,15.680000,36.1773
toronto_query_-Af6Q3npKjccLu7TwYvlsQ,transfer_1,5678,jpeg50,self,1,toronto:197,toronto:197,15.679998,36.1773
toronto_query_-Af6Q3npKjccLu7TwYvlsQ,transfer_2,5678,jpeg50,self,1,toronto:197,toronto:197,15.679997,36.1773
toronto_query_-Af6Q3npKjccLu7TwYvlsQ,transfer_3,5678,jpeg50,self,1,toronto:197,toronto:197,15.680000,36.1773
toronto_query_-Af6Q3npKjccLu7TwYvlsQ,isotropic,9012,jpeg50,self,1,toronto:197,toronto:197,15.679998,36.1773
toronto_query_-Af6Q3npKjccLu7TwYvlsQ,white_box,9012,jpeg50,self,3,amman:1,toronto:197,15.680000,36.1773
toronto_query_-Af6Q3npKjccLu7TwYvlsQ,transfer_1,9012,jpeg50,self,1,toronto:197,toronto:197,15.679997,36.1773
toronto_query_-Af6Q3npKjccLu7TwYvlsQ,transfer_2,9012,jpeg50,self,1,toronto:197,toronto:197,15.679997,36.1773
toronto_query_-Af6Q3npKjccLu7TwYvlsQ,transfer_3,9012,jpeg50,self,2,manila:119,toronto:197,15.679998,36.1773
zurich_query_-ldtR3_I7eHdDGYU5BNczg,isotropic,1234,jpeg50,self,167,cph:271,zurich:105,15.680001,36.1773
zurich_query_-ldtR3_I7eHdDGYU5BNczg,white_box,1234,jpeg50,self,22,cph:245,zurich:105,15.679997,36.1773
zurich_query_-ldtR3_I7eHdDGYU5BNczg,transfer_1,1234,jpeg50,self,56,manila:13,zurich:105,15.679998,36.1773
zurich_query_-ldtR3_I7eHdDGYU5BNczg,transfer_2,1234,jpeg50,self,94,cph:61,zurich:105,15.680000,36.1773
zurich_query_-ldtR3_I7eHdDGYU5BNczg,transfer_3,1234,jpeg50,self,69,cph:271,zurich:105,15.680000,36.1773
zurich_query_-ldtR3_I7eHdDGYU5BNczg,isotropic,5678,jpeg50,self,70,cph:271,zurich:105,15.680000,36.1773
zurich_query_-ldtR3_I7eHdDGYU5BNczg,white_box,5678,jpeg50,self,3,manila:33,zurich:105,15.679997,36.1773
zurich_query_-ldtR3_I7eHdDGYU5BNczg,transfer_1,5678,jpeg50,self,24,cph:271,zurich:105,15.679997,36.1773
zurich_query_-ldtR3_I7eHdDGYU5BNczg,transfer_2,5678,jpeg50,self,68,cph:271,zurich:105,15.679997,36.1773
zurich_query_-ldtR3_I7eHdDGYU5BNczg,transfer_3,5678,jpeg50,self,82,cph:271,zurich:105,15.680001,36.1773
zurich_query_-ldtR3_I7eHdDGYU5BNczg,isotropic,9012,jpeg50,self,78,cph:271,zurich:105,15.680000,36.1773
zurich_query_-ldtR3_I7eHdDGYU5BNczg,white_box,9012,jpeg50,self,8,amman:31,zurich:105,15.679997,36.1773
zurich_query_-ldtR3_I7eHdDGYU5BNczg,transfer_1,9012,jpeg50,self,40,manila:13,zurich:105,15.679997,36.1773
zurich_query_-ldtR3_I7eHdDGYU5BNczg,transfer_2,9012,jpeg50,self,19,manila:13,zurich:105,15.679997,36.1773
zurich_query_-ldtR3_I7eHdDGYU5BNczg,transfer_3,9012,jpeg50,self,15,cph:271,zurich:105,15.679997,36.1773
amman_query_0mtodUgJmOV4UK-0AiTGHg,isotropic,1234,jpeg50,self,1,amman:26,amman:26,15.680000,36.1773
amman_query_0mtodUgJmOV4UK-0AiTGHg,white_box,1234,jpeg50,self,1,amman:26,amman:26,15.679998,36.1773
amman_query_0mtodUgJmOV4UK-0AiTGHg,transfer_1,1234,jpeg50,self,1,amman:26,amman:26,15.680000,36.1773
amman_query_0mtodUgJmOV4UK-0AiTGHg,transfer_2,1234,jpeg50,self,1,amman:26,amman:26,15.679997,36.1773
amman_query_0mtodUgJmOV4UK-0AiTGHg,transfer_3,1234,jpeg50,self,1,amman:26,amman:26,15.680000,36.1773
amman_query_0mtodUgJmOV4UK-0AiTGHg,isotropic,5678,jpeg50,self,1,amman:26,amman:26,15.680000,36.1773
amman_query_0mtodUgJmOV4UK-0AiTGHg,white_box,5678,jpeg50,self,3,manila:72,amman:26,15.679997,36.1773
amman_query_0mtodUgJmOV4UK-0AiTGHg,transfer_1,5678,jpeg50,self,1,amman:26,amman:26,15.679998,36.1773
amman_query_0mtodUgJmOV4UK-0AiTGHg,transfer_2,5678,jpeg50,self,1,amman:26,amman:26,15.679997,36.1773
amman_query_0mtodUgJmOV4UK-0AiTGHg,transfer_3,5678,jpeg50,self,1,amman:26,amman:26,15.679998,36.1773
amman_query_0mtodUgJmOV4UK-0AiTGHg,isotropic,9012,jpeg50,self,1,amman:26,amman:26,15.679997,36.1773
amman_query_0mtodUgJmOV4UK-0AiTGHg,white_box,9012,jpeg50,self,14,manila:72,amman:26,15.679997,36.1773
amman_query_0mtodUgJmOV4UK-0AiTGHg,transfer_1,9012,jpeg50,self,1,amman:26,amman:26,15.680000,36.1773
amman_query_0mtodUgJmOV4UK-0AiTGHg,transfer_2,9012,jpeg50,self,1,amman:26,amman:26,15.680000,36.1773
amman_query_0mtodUgJmOV4UK-0AiTGHg,transfer_3,9012,jpeg50,self,1,amman:26,amman:26,15.680000,36.1773
boston_query_-IYAXZ4yoOS7SzEIu2m-me,isotropic,1234,jpeg50,self,9,boston:123,boston:98,15.679998,36.1773
boston_query_-IYAXZ4yoOS7SzEIu2m-me,white_box,1234,jpeg50,self,176,boston:168,boston:98,15.679997,36.1773
boston_query_-IYAXZ4yoOS7SzEIu2m-me,transfer_1,1234,jpeg50,self,27,boston:123,boston:98,15.679998,36.1773
boston_query_-IYAXZ4yoOS7SzEIu2m-me,transfer_2,1234,jpeg50,self,11,boston:123,boston:98,15.679997,36.1773
boston_query_-IYAXZ4yoOS7SzEIu2m-me,transfer_3,1234,jpeg50,self,11,boston:123,boston:98,15.679998,36.1773
boston_query_-IYAXZ4yoOS7SzEIu2m-me,isotropic,5678,jpeg50,self,17,boston:27,boston:98,15.679998,36.1773
boston_query_-IYAXZ4yoOS7SzEIu2m-me,white_box,5678,jpeg50,self,319,boston:168,boston:98,15.680000,36.1773
boston_query_-IYAXZ4yoOS7SzEIu2m-me,transfer_1,5678,jpeg50,self,23,boston:27,boston:98,15.680000,36.1773
boston_query_-IYAXZ4yoOS7SzEIu2m-me,transfer_2,5678,jpeg50,self,15,boston:27,boston:98,15.680000,36.1773
boston_query_-IYAXZ4yoOS7SzEIu2m-me,transfer_3,5678,jpeg50,self,11,boston:27,boston:98,15.680001,36.1773
boston_query_-IYAXZ4yoOS7SzEIu2m-me,isotropic,9012,jpeg50,self,22,boston:123,boston:98,15.680000,36.1773
boston_query_-IYAXZ4yoOS7SzEIu2m-me,white_box,9012,jpeg50,self,16,manila:33,boston:98,15.679998,36.1773
boston_query_-IYAXZ4yoOS7SzEIu2m-me,transfer_1,9012,jpeg50,self,14,boston:123,boston:98,15.679997,36.1773
boston_query_-IYAXZ4yoOS7SzEIu2m-me,transfer_2,9012,jpeg50,self,3,manila:183,boston:98,15.679997,36.1773
boston_query_-IYAXZ4yoOS7SzEIu2m-me,transfer_3,9012,jpeg50,self,25,boston:123,boston:98,15.679997,36.1773
cph_query_-F5w8wQO0CU26PCfOqANzA,isotropic,1234,jpeg50,self,103,toronto:23,cph:370,15.680000,36.1773
cph_query_-F5w8wQO0CU26PCfOqANzA,white_box,1234,jpeg50,self,165,toronto:23,cph:370,15.679997,36.1773
cph_query_-F5w8wQO0CU26PCfOqANzA,transfer_1,1234,jpeg50,self,93,cph:176,cph:370,15.680000,36.1773
cph_query_-F5w8wQO0CU26PCfOqANzA,transfer_2,1234,jpeg50,self,80,toronto:23,cph:370,15.679998,36.1773
cph_query_-F5w8wQO0CU26PCfOqANzA,transfer_3,1234,jpeg50,self,59,toronto:23,cph:370,15.679997,36.1773
cph_query_-F5w8wQO0CU26PCfOqANzA,isotropic,5678,jpeg50,self,71,toronto:23,cph:370,15.680001,36.1773
cph_query_-F5w8wQO0CU26PCfOqANzA,white_box,5678,jpeg50,self,1,cph:370,cph:370,15.680001,36.1773
cph_query_-F5w8wQO0CU26PCfOqANzA,transfer_1,5678,jpeg50,self,69,toronto:23,cph:370,15.680000,36.1773
cph_query_-F5w8wQO0CU26PCfOqANzA,transfer_2,5678,jpeg50,self,48,toronto:23,cph:370,15.679998,36.1773
cph_query_-F5w8wQO0CU26PCfOqANzA,transfer_3,5678,jpeg50,self,72,toronto:23,cph:370,15.679997,36.1773
cph_query_-F5w8wQO0CU26PCfOqANzA,isotropic,9012,jpeg50,self,57,toronto:23,cph:370,15.679998,36.1773
cph_query_-F5w8wQO0CU26PCfOqANzA,white_box,9012,jpeg50,self,105,manila:106,cph:370,15.680001,36.1773
cph_query_-F5w8wQO0CU26PCfOqANzA,transfer_1,9012,jpeg50,self,50,toronto:23,cph:370,15.679998,36.1773
cph_query_-F5w8wQO0CU26PCfOqANzA,transfer_2,9012,jpeg50,self,49,toronto:23,cph:370,15.680002,36.1773
cph_query_-F5w8wQO0CU26PCfOqANzA,transfer_3,9012,jpeg50,self,86,toronto:23,cph:370,15.680000,36.1773
london_query_-c-T7aulp9a5g-J9zYbYiQ,isotropic,1234,jpeg50,self,352,manila:134,london:51,15.680001,36.1773
london_query_-c-T7aulp9a5g-J9zYbYiQ,white_box,1234,jpeg50,self,485,manila:94,london:51,15.680000,36.1773
london_query_-c-T7aulp9a5g-J9zYbYiQ,transfer_1,1234,jpeg50,self,361,zurich:42,london:51,15.680001,36.1773
london_query_-c-T7aulp9a5g-J9zYbYiQ,transfer_2,1234,jpeg50,self,282,toronto:196,london:51,15.679998,36.1773
london_query_-c-T7aulp9a5g-J9zYbYiQ,transfer_3,1234,jpeg50,self,423,toronto:3,london:51,15.680000,36.1773
london_query_-c-T7aulp9a5g-J9zYbYiQ,isotropic,5678,jpeg50,self,247,zurich:42,london:51,15.679996,36.1773
london_query_-c-T7aulp9a5g-J9zYbYiQ,white_box,5678,jpeg50,self,1167,amman:1,london:51,15.680000,36.1773
london_query_-c-T7aulp9a5g-J9zYbYiQ,transfer_1,5678,jpeg50,self,237,zurich:42,london:51,15.680000,36.1773
london_query_-c-T7aulp9a5g-J9zYbYiQ,transfer_2,5678,jpeg50,self,226,zurich:42,london:51,15.679998,36.1773
london_query_-c-T7aulp9a5g-J9zYbYiQ,transfer_3,5678,jpeg50,self,984,toronto:3,london:51,15.680000,36.1773
london_query_-c-T7aulp9a5g-J9zYbYiQ,isotropic,9012,jpeg50,self,341,zurich:42,london:51,15.679998,36.1773
london_query_-c-T7aulp9a5g-J9zYbYiQ,white_box,9012,jpeg50,self,798,manila:13,london:51,15.680001,36.1773
london_query_-c-T7aulp9a5g-J9zYbYiQ,transfer_1,9012,jpeg50,self,240,zurich:42,london:51,15.680000,36.1773
london_query_-c-T7aulp9a5g-J9zYbYiQ,transfer_2,9012,jpeg50,self,171,zurich:42,london:51,15.680000,36.1773
london_query_-c-T7aulp9a5g-J9zYbYiQ,transfer_3,9012,jpeg50,self,498,zurich:42,london:51,15.680000,36.1773
manila_query_-KoSUCrB2w1FscwO9vyRlw,isotropic,1234,jpeg50,self,233,zurich:103,manila:31,15.680000,36.1773
manila_query_-KoSUCrB2w1FscwO9vyRlw,white_box,1234,jpeg50,self,764,manila:87,manila:31,15.679997,36.1773
manila_query_-KoSUCrB2w1FscwO9vyRlw,transfer_1,1234,jpeg50,self,185,manila:190,manila:31,15.680000,36.1773
manila_query_-KoSUCrB2w1FscwO9vyRlw,transfer_2,1234,jpeg50,self,277,manila:72,manila:31,15.680002,36.1773
manila_query_-KoSUCrB2w1FscwO9vyRlw,transfer_3,1234,jpeg50,self,372,manila:72,manila:31,15.680000,36.1773
manila_query_-KoSUCrB2w1FscwO9vyRlw,isotropic,5678,jpeg50,self,183,manila:29,manila:31,15.680000,36.1773
manila_query_-KoSUCrB2w1FscwO9vyRlw,white_box,5678,jpeg50,self,774,manila:87,manila:31,15.680000,36.1773
manila_query_-KoSUCrB2w1FscwO9vyRlw,transfer_1,5678,jpeg50,self,138,manila:190,manila:31,15.680001,36.1773
manila_query_-KoSUCrB2w1FscwO9vyRlw,transfer_2,5678,jpeg50,self,310,manila:87,manila:31,15.679998,36.1773
manila_query_-KoSUCrB2w1FscwO9vyRlw,transfer_3,5678,jpeg50,self,345,manila:72,manila:31,15.680001,36.1773
manila_query_-KoSUCrB2w1FscwO9vyRlw,isotropic,9012,jpeg50,self,289,manila:190,manila:31,15.680000,36.1773
manila_query_-KoSUCrB2w1FscwO9vyRlw,white_box,9012,jpeg50,self,547,manila:87,manila:31,15.679997,36.1773
manila_query_-KoSUCrB2w1FscwO9vyRlw,transfer_1,9012,jpeg50,self,307,manila:87,manila:31,15.679998,36.1773
manila_query_-KoSUCrB2w1FscwO9vyRlw,transfer_2,9012,jpeg50,self,271,manila:72,manila:31,15.679998,36.1773
manila_query_-KoSUCrB2w1FscwO9vyRlw,transfer_3,9012,jpeg50,self,250,manila:190,manila:31,15.679998,36.1773
nairobi_query_1J7o8IGEriKnTs-ay8aPNQ,isotropic,1234,jpeg50,self,2,cph:241,nairobi:3,15.679997,36.1773
nairobi_query_1J7o8IGEriKnTs-ay8aPNQ,white_box,1234,jpeg50,self,4,manila:135,nairobi:3,15.680000,36.1773
nairobi_query_1J7o8IGEriKnTs-ay8aPNQ,transfer_1,1234,jpeg50,self,5,london:85,nairobi:3,15.679997,36.1773
nairobi_query_1J7o8IGEriKnTs-ay8aPNQ,transfer_2,1234,jpeg50,self,2,cph:241,nairobi:3,15.680000,36.1773
nairobi_query_1J7o8IGEriKnTs-ay8aPNQ,transfer_3,1234,jpeg50,self,18,london:85,nairobi:3,15.679997,36.1773
nairobi_query_1J7o8IGEriKnTs-ay8aPNQ,isotropic,5678,jpeg50,self,2,cph:241,nairobi:3,15.679996,36.1773
nairobi_query_1J7o8IGEriKnTs-ay8aPNQ,white_box,5678,jpeg50,self,35,toronto:23,nairobi:3,15.680001,36.1773
nairobi_query_1J7o8IGEriKnTs-ay8aPNQ,transfer_1,5678,jpeg50,self,1,nairobi:3,nairobi:3,15.680000,36.1773
nairobi_query_1J7o8IGEriKnTs-ay8aPNQ,transfer_2,5678,jpeg50,self,2,london:85,nairobi:3,15.680000,36.1773
nairobi_query_1J7o8IGEriKnTs-ay8aPNQ,transfer_3,5678,jpeg50,self,17,london:85,nairobi:3,15.679997,36.1773
nairobi_query_1J7o8IGEriKnTs-ay8aPNQ,isotropic,9012,jpeg50,self,1,nairobi:3,nairobi:3,15.680001,36.1773
nairobi_query_1J7o8IGEriKnTs-ay8aPNQ,white_box,9012,jpeg50,self,74,manila:72,nairobi:3,15.680000,36.1773
nairobi_query_1J7o8IGEriKnTs-ay8aPNQ,transfer_1,9012,jpeg50,self,6,london:85,nairobi:3,15.680000,36.1773
nairobi_query_1J7o8IGEriKnTs-ay8aPNQ,transfer_2,9012,jpeg50,self,4,london:85,nairobi:3,15.680000,36.1773
nairobi_query_1J7o8IGEriKnTs-ay8aPNQ,transfer_3,9012,jpeg50,self,4,cph:241,nairobi:3,15.680001,36.1773
toronto_query_-AlgHQUWzDPe9bpb8ZAzSA,isotropic,1234,jpeg50,self,180,toronto:23,toronto:171,15.680000,36.1773
toronto_query_-AlgHQUWzDPe9bpb8ZAzSA,white_box,1234,jpeg50,self,58,toronto:218,toronto:171,15.680000,36.1773
toronto_query_-AlgHQUWzDPe9bpb8ZAzSA,transfer_1,1234,jpeg50,self,330,toronto:23,toronto:171,15.679998,36.1773
toronto_query_-AlgHQUWzDPe9bpb8ZAzSA,transfer_2,1234,jpeg50,self,155,toronto:23,toronto:171,15.679997,36.1773
toronto_query_-AlgHQUWzDPe9bpb8ZAzSA,transfer_3,1234,jpeg50,self,322,toronto:23,toronto:171,15.680000,36.1773
toronto_query_-AlgHQUWzDPe9bpb8ZAzSA,isotropic,5678,jpeg50,self,128,toronto:23,toronto:171,15.680000,36.1773
toronto_query_-AlgHQUWzDPe9bpb8ZAzSA,white_box,5678,jpeg50,self,41,manila:189,toronto:171,15.680000,36.1773
toronto_query_-AlgHQUWzDPe9bpb8ZAzSA,transfer_1,5678,jpeg50,self,314,cph:176,toronto:171,15.679997,36.1773
toronto_query_-AlgHQUWzDPe9bpb8ZAzSA,transfer_2,5678,jpeg50,self,211,toronto:23,toronto:171,15.679997,36.1773
toronto_query_-AlgHQUWzDPe9bpb8ZAzSA,transfer_3,5678,jpeg50,self,220,toronto:27,toronto:171,15.680001,36.1773
toronto_query_-AlgHQUWzDPe9bpb8ZAzSA,isotropic,9012,jpeg50,self,243,toronto:23,toronto:171,15.679997,36.1773
toronto_query_-AlgHQUWzDPe9bpb8ZAzSA,white_box,9012,jpeg50,self,122,nairobi:1,toronto:171,15.680000,36.1773
toronto_query_-AlgHQUWzDPe9bpb8ZAzSA,transfer_1,9012,jpeg50,self,164,toronto:23,toronto:171,15.679998,36.1773
toronto_query_-AlgHQUWzDPe9bpb8ZAzSA,transfer_2,9012,jpeg50,self,150,toronto:23,toronto:171,15.680000,36.1773
toronto_query_-AlgHQUWzDPe9bpb8ZAzSA,transfer_3,9012,jpeg50,self,143,toronto:27,toronto:171,15.679996,36.1773
zurich_query_-m5K41q4X0r8qu_XnaYlIg,isotropic,1234,jpeg50,self,31,cph:162,zurich:14,15.680002,36.1773
zurich_query_-m5K41q4X0r8qu_XnaYlIg,white_box,1234,jpeg50,self,40,manila:67,zurich:14,15.679998,36.1773
zurich_query_-m5K41q4X0r8qu_XnaYlIg,transfer_1,1234,jpeg50,self,5,cph:429,zurich:14,15.680000,36.1773
zurich_query_-m5K41q4X0r8qu_XnaYlIg,transfer_2,1234,jpeg50,self,5,cph:429,zurich:14,15.679996,36.1773
zurich_query_-m5K41q4X0r8qu_XnaYlIg,transfer_3,1234,jpeg50,self,6,cph:429,zurich:14,15.680001,36.1773
zurich_query_-m5K41q4X0r8qu_XnaYlIg,isotropic,5678,jpeg50,self,26,cph:429,zurich:14,15.680001,36.1773
zurich_query_-m5K41q4X0r8qu_XnaYlIg,white_box,5678,jpeg50,self,7,manila:189,zurich:14,15.680000,36.1773
zurich_query_-m5K41q4X0r8qu_XnaYlIg,transfer_1,5678,jpeg50,self,21,cph:429,zurich:14,15.679997,36.1773
zurich_query_-m5K41q4X0r8qu_XnaYlIg,transfer_2,5678,jpeg50,self,57,cph:429,zurich:14,15.679997,36.1773
zurich_query_-m5K41q4X0r8qu_XnaYlIg,transfer_3,5678,jpeg50,self,22,cph:429,zurich:14,15.680001,36.1773
zurich_query_-m5K41q4X0r8qu_XnaYlIg,isotropic,9012,jpeg50,self,23,cph:162,zurich:14,15.680000,36.1773
zurich_query_-m5K41q4X0r8qu_XnaYlIg,white_box,9012,jpeg50,self,90,cph:94,zurich:14,15.680002,36.1773
zurich_query_-m5K41q4X0r8qu_XnaYlIg,transfer_1,9012,jpeg50,self,21,cph:429,zurich:14,15.679997,36.1773
zurich_query_-m5K41q4X0r8qu_XnaYlIg,transfer_2,9012,jpeg50,self,2,cph:429,zurich:14,15.679998,36.1773
zurich_query_-m5K41q4X0r8qu_XnaYlIg,transfer_3,9012,jpeg50,self,18,london:76,zurich:14,15.680000,36.1773
amman_query_0rJM3ZzX3JzTTpl0GCia8w,isotropic,1234,jpeg50,self,379,amman:37,amman:36,15.680000,36.1773
amman_query_0rJM3ZzX3JzTTpl0GCia8w,white_box,1234,jpeg50,self,110,zurich:38,amman:36,15.679997,36.1773
amman_query_0rJM3ZzX3JzTTpl0GCia8w,transfer_1,1234,jpeg50,self,231,amman:37,amman:36,15.680000,36.1773
amman_query_0rJM3ZzX3JzTTpl0GCia8w,transfer_2,1234,jpeg50,self,171,boston:47,amman:36,15.679997,36.1773
amman_query_0rJM3ZzX3JzTTpl0GCia8w,transfer_3,1234,jpeg50,self,650,amman:37,amman:36,15.679997,36.1773
amman_query_0rJM3ZzX3JzTTpl0GCia8w,isotropic,5678,jpeg50,self,390,amman:37,amman:36,15.680000,36.1773
amman_query_0rJM3ZzX3JzTTpl0GCia8w,white_box,5678,jpeg50,self,234,boston:144,amman:36,15.680000,36.1773
amman_query_0rJM3ZzX3JzTTpl0GCia8w,transfer_1,5678,jpeg50,self,210,boston:47,amman:36,15.680000,36.1773
amman_query_0rJM3ZzX3JzTTpl0GCia8w,transfer_2,5678,jpeg50,self,415,boston:47,amman:36,15.679997,36.1773
amman_query_0rJM3ZzX3JzTTpl0GCia8w,transfer_3,5678,jpeg50,self,367,amman:37,amman:36,15.679997,36.1773
amman_query_0rJM3ZzX3JzTTpl0GCia8w,isotropic,9012,jpeg50,self,288,amman:37,amman:36,15.679998,36.1773
amman_query_0rJM3ZzX3JzTTpl0GCia8w,white_box,9012,jpeg50,self,328,boston:123,amman:36,15.679997,36.1773
amman_query_0rJM3ZzX3JzTTpl0GCia8w,transfer_1,9012,jpeg50,self,315,amman:37,amman:36,15.680001,36.1773
amman_query_0rJM3ZzX3JzTTpl0GCia8w,transfer_2,9012,jpeg50,self,227,boston:47,amman:36,15.680000,36.1773
amman_query_0rJM3ZzX3JzTTpl0GCia8w,transfer_3,9012,jpeg50,self,409,amman:37,amman:36,15.679997,36.1773
boston_query_-Jix8HM-vXTXdWrXQwVvQw,isotropic,1234,jpeg50,self,3,boston:191,boston:123,15.680000,36.1773
boston_query_-Jix8HM-vXTXdWrXQwVvQw,white_box,1234,jpeg50,self,19,toronto:244,boston:123,15.679997,36.1773
boston_query_-Jix8HM-vXTXdWrXQwVvQw,transfer_1,1234,jpeg50,self,2,boston:191,boston:123,15.680000,36.1773
boston_query_-Jix8HM-vXTXdWrXQwVvQw,transfer_2,1234,jpeg50,self,4,boston:191,boston:123,15.679998,36.1773
boston_query_-Jix8HM-vXTXdWrXQwVvQw,transfer_3,1234,jpeg50,self,2,manila:181,boston:123,15.680000,36.1773
boston_query_-Jix8HM-vXTXdWrXQwVvQw,isotropic,5678,jpeg50,self,2,boston:191,boston:123,15.680000,36.1773
boston_query_-Jix8HM-vXTXdWrXQwVvQw,white_box,5678,jpeg50,self,118,cph:119,boston:123,15.679998,36.1773
boston_query_-Jix8HM-vXTXdWrXQwVvQw,transfer_1,5678,jpeg50,self,2,boston:191,boston:123,15.680000,36.1773
boston_query_-Jix8HM-vXTXdWrXQwVvQw,transfer_2,5678,jpeg50,self,2,boston:191,boston:123,15.680000,36.1773
boston_query_-Jix8HM-vXTXdWrXQwVvQw,transfer_3,5678,jpeg50,self,3,manila:89,boston:123,15.680002,36.1773
boston_query_-Jix8HM-vXTXdWrXQwVvQw,isotropic,9012,jpeg50,self,3,boston:191,boston:123,15.679997,36.1773
boston_query_-Jix8HM-vXTXdWrXQwVvQw,white_box,9012,jpeg50,self,5,amman:12,boston:123,15.679997,36.1773
boston_query_-Jix8HM-vXTXdWrXQwVvQw,transfer_1,9012,jpeg50,self,2,boston:191,boston:123,15.680000,36.1773
boston_query_-Jix8HM-vXTXdWrXQwVvQw,transfer_2,9012,jpeg50,self,3,boston:191,boston:123,15.680000,36.1773
boston_query_-Jix8HM-vXTXdWrXQwVvQw,transfer_3,9012,jpeg50,self,1,boston:123,boston:123,15.680000,36.1773
cph_query_-FLAkBWjfrY2RcqaQ-LgmQ,isotropic,1234,jpeg50,self,2,cph:243,cph:261,15.679998,36.1773
cph_query_-FLAkBWjfrY2RcqaQ-LgmQ,white_box,1234,jpeg50,self,43,cph:271,cph:261,15.680000,36.1773
cph_query_-FLAkBWjfrY2RcqaQ-LgmQ,transfer_1,1234,jpeg50,self,10,amman:30,cph:261,15.679997,36.1773
cph_query_-FLAkBWjfrY2RcqaQ-LgmQ,transfer_2,1234,jpeg50,self,2,cph:243,cph:261,15.680000,36.1773
cph_query_-FLAkBWjfrY2RcqaQ-LgmQ,transfer_3,1234,jpeg50,self,37,cph:243,cph:261,15.679997,36.1773
cph_query_-FLAkBWjfrY2RcqaQ-LgmQ,isotropic,5678,jpeg50,self,3,cph:243,cph:261,15.680000,36.1773
cph_query_-FLAkBWjfrY2RcqaQ-LgmQ,white_box,5678,jpeg50,self,260,zurich:94,cph:261,15.680000,36.1773
cph_query_-FLAkBWjfrY2RcqaQ-LgmQ,transfer_1,5678,jpeg50,self,4,cph:4,cph:261,15.680000,36.1773
cph_query_-FLAkBWjfrY2RcqaQ-LgmQ,transfer_2,5678,jpeg50,self,15,amman:30,cph:261,15.680000,36.1773
cph_query_-FLAkBWjfrY2RcqaQ-LgmQ,transfer_3,5678,jpeg50,self,28,amman:30,cph:261,15.680000,36.1773
cph_query_-FLAkBWjfrY2RcqaQ-LgmQ,isotropic,9012,jpeg50,self,4,cph:243,cph:261,15.679998,36.1773
cph_query_-FLAkBWjfrY2RcqaQ-LgmQ,white_box,9012,jpeg50,self,334,toronto:236,cph:261,15.680000,36.1773
cph_query_-FLAkBWjfrY2RcqaQ-LgmQ,transfer_1,9012,jpeg50,self,9,amman:30,cph:261,15.679997,36.1773
cph_query_-FLAkBWjfrY2RcqaQ-LgmQ,transfer_2,9012,jpeg50,self,3,cph:243,cph:261,15.679998,36.1773
cph_query_-FLAkBWjfrY2RcqaQ-LgmQ,transfer_3,9012,jpeg50,self,22,amman:30,cph:261,15.679997,36.1773
london_query_-cAVonhAOLeSK7tfil0ceg,isotropic,1234,jpeg50,self,256,cph:459,london:100,15.679996,36.1773
london_query_-cAVonhAOLeSK7tfil0ceg,white_box,1234,jpeg50,self,746,cph:384,london:100,15.680000,36.1773
london_query_-cAVonhAOLeSK7tfil0ceg,transfer_1,1234,jpeg50,self,404,manila:46,london:100,15.679998,36.1773
london_query_-cAVonhAOLeSK7tfil0ceg,transfer_2,1234,jpeg50,self,239,cph:384,london:100,15.679998,36.1773
london_query_-cAVonhAOLeSK7tfil0ceg,transfer_3,1234,jpeg50,self,332,cph:384,london:100,15.679997,36.1773
london_query_-cAVonhAOLeSK7tfil0ceg,isotropic,5678,jpeg50,self,148,cph:459,london:100,15.679995,36.1773
london_query_-cAVonhAOLeSK7tfil0ceg,white_box,5678,jpeg50,self,167,manila:6,london:100,15.679997,36.1773
london_query_-cAVonhAOLeSK7tfil0ceg,transfer_1,5678,jpeg50,self,811,manila:46,london:100,15.680000,36.1773
london_query_-cAVonhAOLeSK7tfil0ceg,transfer_2,5678,jpeg50,self,656,amman:30,london:100,15.679998,36.1773
london_query_-cAVonhAOLeSK7tfil0ceg,transfer_3,5678,jpeg50,self,396,london:119,london:100,15.680000,36.1773
london_query_-cAVonhAOLeSK7tfil0ceg,isotropic,9012,jpeg50,self,284,cph:459,london:100,15.680000,36.1773
london_query_-cAVonhAOLeSK7tfil0ceg,white_box,9012,jpeg50,self,983,boston:98,london:100,15.680001,36.1773
london_query_-cAVonhAOLeSK7tfil0ceg,transfer_1,9012,jpeg50,self,434,cph:384,london:100,15.680000,36.1773
london_query_-cAVonhAOLeSK7tfil0ceg,transfer_2,9012,jpeg50,self,640,manila:181,london:100,15.680001,36.1773
london_query_-cAVonhAOLeSK7tfil0ceg,transfer_3,9012,jpeg50,self,407,cph:384,london:100,15.680000,36.1773
manila_query_-LBCdeO8C8kj5IjX1m3XTA,isotropic,1234,jpeg50,self,132,manila:177,manila:173,15.680000,36.1773
manila_query_-LBCdeO8C8kj5IjX1m3XTA,white_box,1234,jpeg50,self,194,manila:190,manila:173,15.679997,36.1773
manila_query_-LBCdeO8C8kj5IjX1m3XTA,transfer_1,1234,jpeg50,self,133,boston:112,manila:173,15.680001,36.1773
manila_query_-LBCdeO8C8kj5IjX1m3XTA,transfer_2,1234,jpeg50,self,135,boston:112,manila:173,15.679997,36.1773
manila_query_-LBCdeO8C8kj5IjX1m3XTA,transfer_3,1234,jpeg50,self,86,manila:134,manila:173,15.679997,36.1773
manila_query_-LBCdeO8C8kj5IjX1m3XTA,isotropic,5678,jpeg50,self,130,cph:464,manila:173,15.679996,36.1773
manila_query_-LBCdeO8C8kj5IjX1m3XTA,white_box,5678,jpeg50,self,288,manila:177,manila:173,15.680000,36.1773
manila_query_-LBCdeO8C8kj5IjX1m3XTA,transfer_1,5678,jpeg50,self,104,nairobi:15,manila:173,15.680001,36.1773
manila_query_-LBCdeO8C8kj5IjX1m3XTA,transfer_2,5678,jpeg50,self,160,manila:177,manila:173,15.679997,36.1773
manila_query_-LBCdeO8C8kj5IjX1m3XTA,transfer_3,5678,jpeg50,self,106,manila:177,manila:173,15.679997,36.1773
manila_query_-LBCdeO8C8kj5IjX1m3XTA,isotropic,9012,jpeg50,self,149,manila:177,manila:173,15.679997,36.1773
manila_query_-LBCdeO8C8kj5IjX1m3XTA,white_box,9012,jpeg50,self,162,manila:134,manila:173,15.679998,36.1773
manila_query_-LBCdeO8C8kj5IjX1m3XTA,transfer_1,9012,jpeg50,self,194,manila:177,manila:173,15.679997,36.1773
manila_query_-LBCdeO8C8kj5IjX1m3XTA,transfer_2,9012,jpeg50,self,131,manila:177,manila:173,15.680002,36.1773
manila_query_-LBCdeO8C8kj5IjX1m3XTA,transfer_3,9012,jpeg50,self,123,manila:54,manila:173,15.679996,36.1773
nairobi_query_1YjlKCdHNgoQBY8yOFqlmw,isotropic,1234,jpeg50,self,2,zurich:19,nairobi:8,15.679997,36.1773
nairobi_query_1YjlKCdHNgoQBY8yOFqlmw,white_box,1234,jpeg50,self,263,manila:92,nairobi:8,15.679996,36.1773
nairobi_query_1YjlKCdHNgoQBY8yOFqlmw,transfer_1,1234,jpeg50,self,4,london:85,nairobi:8,15.680000,36.1773
nairobi_query_1YjlKCdHNgoQBY8yOFqlmw,transfer_2,1234,jpeg50,self,10,zurich:19,nairobi:8,15.680000,36.1773
nairobi_query_1YjlKCdHNgoQBY8yOFqlmw,transfer_3,1234,jpeg50,self,14,zurich:19,nairobi:8,15.679997,36.1773
nairobi_query_1YjlKCdHNgoQBY8yOFqlmw,isotropic,5678,jpeg50,self,9,zurich:19,nairobi:8,15.680002,36.1773
nairobi_query_1YjlKCdHNgoQBY8yOFqlmw,white_box,5678,jpeg50,self,64,manila:72,nairobi:8,15.679997,36.1773
nairobi_query_1YjlKCdHNgoQBY8yOFqlmw,transfer_1,5678,jpeg50,self,3,cph:241,nairobi:8,15.680000,36.1773
nairobi_query_1YjlKCdHNgoQBY8yOFqlmw,transfer_2,5678,jpeg50,self,1,nairobi:8,nairobi:8,15.680000,36.1773
nairobi_query_1YjlKCdHNgoQBY8yOFqlmw,transfer_3,5678,jpeg50,self,2,london:85,nairobi:8,15.680000,36.1773
nairobi_query_1YjlKCdHNgoQBY8yOFqlmw,isotropic,9012,jpeg50,self,9,zurich:19,nairobi:8,15.680000,36.1773
nairobi_query_1YjlKCdHNgoQBY8yOFqlmw,white_box,9012,jpeg50,self,199,boston:235,nairobi:8,15.679997,36.1773
nairobi_query_1YjlKCdHNgoQBY8yOFqlmw,transfer_1,9012,jpeg50,self,3,zurich:19,nairobi:8,15.680000,36.1773
nairobi_query_1YjlKCdHNgoQBY8yOFqlmw,transfer_2,9012,jpeg50,self,6,cph:241,nairobi:8,15.680000,36.1773
nairobi_query_1YjlKCdHNgoQBY8yOFqlmw,transfer_3,9012,jpeg50,self,17,london:85,nairobi:8,15.680000,36.1773
toronto_query_-B-3B3MjxX0UdrDIo-8kmA,isotropic,1234,jpeg50,self,8,manila:33,toronto:101,15.679998,36.1773
toronto_query_-B-3B3MjxX0UdrDIo-8kmA,white_box,1234,jpeg50,self,621,amman:12,toronto:101,15.679998,36.1773
toronto_query_-B-3B3MjxX0UdrDIo-8kmA,transfer_1,1234,jpeg50,self,20,cph:429,toronto:101,15.680000,36.1773
toronto_query_-B-3B3MjxX0UdrDIo-8kmA,transfer_2,1234,jpeg50,self,31,cph:71,toronto:101,15.679998,36.1773
toronto_query_-B-3B3MjxX0UdrDIo-8kmA,transfer_3,1234,jpeg50,self,64,cph:429,toronto:101,15.680000,36.1773
toronto_query_-B-3B3MjxX0UdrDIo-8kmA,isotropic,5678,jpeg50,self,11,cph:429,toronto:101,15.679997,36.1773
toronto_query_-B-3B3MjxX0UdrDIo-8kmA,white_box,5678,jpeg50,self,773,amman:32,toronto:101,15.680001,36.1773
toronto_query_-B-3B3MjxX0UdrDIo-8kmA,transfer_1,5678,jpeg50,self,48,cph:429,toronto:101,15.680000,36.1773
toronto_query_-B-3B3MjxX0UdrDIo-8kmA,transfer_2,5678,jpeg50,self,2,toronto:58,toronto:101,15.679996,36.1773
toronto_query_-B-3B3MjxX0UdrDIo-8kmA,transfer_3,5678,jpeg50,self,14,toronto:103,toronto:101,15.679998,36.1773
toronto_query_-B-3B3MjxX0UdrDIo-8kmA,isotropic,9012,jpeg50,self,29,cph:429,toronto:101,15.679998,36.1773
toronto_query_-B-3B3MjxX0UdrDIo-8kmA,white_box,9012,jpeg50,self,235,manila:13,toronto:101,15.679997,36.1773
toronto_query_-B-3B3MjxX0UdrDIo-8kmA,transfer_1,9012,jpeg50,self,14,london:23,toronto:101,15.680000,36.1773
toronto_query_-B-3B3MjxX0UdrDIo-8kmA,transfer_2,9012,jpeg50,self,35,cph:71,toronto:101,15.680000,36.1773
toronto_query_-B-3B3MjxX0UdrDIo-8kmA,transfer_3,9012,jpeg50,self,6,toronto:23,toronto:101,15.680000,36.1773
zurich_query_-nhCCSRwlsxqJsUbzqZvCQ,isotropic,1234,jpeg50,self,1281,amman:31,zurich:83,15.679997,36.1773
zurich_query_-nhCCSRwlsxqJsUbzqZvCQ,white_box,1234,jpeg50,self,963,zurich:61,zurich:83,15.680000,36.1773
zurich_query_-nhCCSRwlsxqJsUbzqZvCQ,transfer_1,1234,jpeg50,self,1119,amman:31,zurich:83,15.680000,36.1773
zurich_query_-nhCCSRwlsxqJsUbzqZvCQ,transfer_2,1234,jpeg50,self,1464,amman:31,zurich:83,15.680000,36.1773
zurich_query_-nhCCSRwlsxqJsUbzqZvCQ,transfer_3,1234,jpeg50,self,1255,amman:31,zurich:83,15.680000,36.1773
zurich_query_-nhCCSRwlsxqJsUbzqZvCQ,isotropic,5678,jpeg50,self,1205,amman:31,zurich:83,15.679997,36.1773
zurich_query_-nhCCSRwlsxqJsUbzqZvCQ,white_box,5678,jpeg50,self,1206,nairobi:22,zurich:83,15.680000,36.1773
zurich_query_-nhCCSRwlsxqJsUbzqZvCQ,transfer_1,5678,jpeg50,self,1001,amman:31,zurich:83,15.680001,36.1773
zurich_query_-nhCCSRwlsxqJsUbzqZvCQ,transfer_2,5678,jpeg50,self,802,amman:31,zurich:83,15.679997,36.1773
zurich_query_-nhCCSRwlsxqJsUbzqZvCQ,transfer_3,5678,jpeg50,self,914,amman:31,zurich:83,15.679998,36.1773
zurich_query_-nhCCSRwlsxqJsUbzqZvCQ,isotropic,9012,jpeg50,self,1180,amman:31,zurich:83,15.679998,36.1773
zurich_query_-nhCCSRwlsxqJsUbzqZvCQ,white_box,9012,jpeg50,self,598,boston:79,zurich:83,15.679998,36.1773
zurich_query_-nhCCSRwlsxqJsUbzqZvCQ,transfer_1,9012,jpeg50,self,1187,amman:31,zurich:83,15.679997,36.1773
zurich_query_-nhCCSRwlsxqJsUbzqZvCQ,transfer_2,9012,jpeg50,self,850,amman:31,zurich:83,15.679997,36.1773
zurich_query_-nhCCSRwlsxqJsUbzqZvCQ,transfer_3,9012,jpeg50,self,905,amman:31,zurich:83,15.679997,36.1773
amman_query_12LbsAl_T_jgw2JHgbR5ng,isotropic,1234,jpeg50,self,41,amman:11,amman:35,15.679997,36.1773
amman_query_12LbsAl_T_jgw2JHgbR5ng,white_box,1234,jpeg50,self,146,amman:23,amman:35,15.680000,36.1773
amman_query_12LbsAl_T_jgw2JHgbR5ng,transfer_1,1234,jpeg50,self,47,amman:23,amman:35,15.679998,36.1773
amman_query_12LbsAl_T_jgw2JHgbR5ng,transfer_2,1234,jpeg50,self,37,amman:23,amman:35,15.679997,36.1773
amman_query_12LbsAl_T_jgw2JHgbR5ng,transfer_3,1234,jpeg50,self,121,amman:11,amman:35,15.680000,36.1773
amman_query_12LbsAl_T_jgw2JHgbR5ng,isotropic,5678,jpeg50,self,56,amman:11,amman:35,15.679997,36.1773
amman_query_12LbsAl_T_jgw2JHgbR5ng,white_box,5678,jpeg50,self,130,amman:32,amman:35,15.679997,36.1773
amman_query_12LbsAl_T_jgw2JHgbR5ng,transfer_1,5678,jpeg50,self,33,amman:23,amman:35,15.680001,36.1773
amman_query_12LbsAl_T_jgw2JHgbR5ng,transfer_2,5678,jpeg50,self,37,amman:23,amman:35,15.679997,36.1773
amman_query_12LbsAl_T_jgw2JHgbR5ng,transfer_3,5678,jpeg50,self,41,amman:23,amman:35,15.680001,36.1773
amman_query_12LbsAl_T_jgw2JHgbR5ng,isotropic,9012,jpeg50,self,43,amman:11,amman:35,15.680000,36.1773
amman_query_12LbsAl_T_jgw2JHgbR5ng,white_box,9012,jpeg50,self,87,amman:23,amman:35,15.680000,36.1773
amman_query_12LbsAl_T_jgw2JHgbR5ng,transfer_1,9012,jpeg50,self,40,amman:11,amman:35,15.679998,36.1773
amman_query_12LbsAl_T_jgw2JHgbR5ng,transfer_2,9012,jpeg50,self,46,amman:23,amman:35,15.679998,36.1773
amman_query_12LbsAl_T_jgw2JHgbR5ng,transfer_3,9012,jpeg50,self,50,amman:23,amman:35,15.680002,36.1773
boston_query_-Jv7RF27BSJIV-gqOI7KxZ,isotropic,1234,jpeg50,self,23,london:122,boston:195,15.680000,36.1773
boston_query_-Jv7RF27BSJIV-gqOI7KxZ,white_box,1234,jpeg50,self,159,manila:54,boston:195,15.680001,36.1773
boston_query_-Jv7RF27BSJIV-gqOI7KxZ,transfer_1,1234,jpeg50,self,16,london:122,boston:195,15.680000,36.1773
boston_query_-Jv7RF27BSJIV-gqOI7KxZ,transfer_2,1234,jpeg50,self,24,manila:46,boston:195,15.680000,36.1773
boston_query_-Jv7RF27BSJIV-gqOI7KxZ,transfer_3,1234,jpeg50,self,33,amman:31,boston:195,15.680000,36.1773
boston_query_-Jv7RF27BSJIV-gqOI7KxZ,isotropic,5678,jpeg50,self,16,nairobi:10,boston:195,15.680000,36.1773
boston_query_-Jv7RF27BSJIV-gqOI7KxZ,white_box,5678,jpeg50,self,153,amman:25,boston:195,15.679997,36.1773
boston_query_-Jv7RF27BSJIV-gqOI7KxZ,transfer_1,5678,jpeg50,self,16,manila:46,boston:195,15.679997,36.1773
boston_query_-Jv7RF27BSJIV-gqOI7KxZ,transfer_2,5678,jpeg50,self,10,london:71,boston:195,15.680000,36.1773
boston_query_-Jv7RF27BSJIV-gqOI7KxZ,transfer_3,5678,jpeg50,self,29,london:122,boston:195,15.680001,36.1773
boston_query_-Jv7RF27BSJIV-gqOI7KxZ,isotropic,9012,jpeg50,self,16,nairobi:10,boston:195,15.680002,36.1773
boston_query_-Jv7RF27BSJIV-gqOI7KxZ,white_box,9012,jpeg50,self,82,nairobi:10,boston:195,15.680000,36.1773
boston_query_-Jv7RF27BSJIV-gqOI7KxZ,transfer_1,9012,jpeg50,self,23,toronto:102,boston:195,15.680000,36.1773
boston_query_-Jv7RF27BSJIV-gqOI7KxZ,transfer_2,9012,jpeg50,self,17,amman:31,boston:195,15.680000,36.1773
boston_query_-Jv7RF27BSJIV-gqOI7KxZ,transfer_3,9012,jpeg50,self,32,manila:102,boston:195,15.679997,36.1773
cph_query_-GVbOpzggFXAot0UyKhx2g,isotropic,1234,jpeg50,self,3,cph:243,cph:4,15.680000,36.1773
cph_query_-GVbOpzggFXAot0UyKhx2g,white_box,1234,jpeg50,self,920,boston:234,cph:4,15.680000,36.1773
cph_query_-GVbOpzggFXAot0UyKhx2g,transfer_1,1234,jpeg50,self,7,cph:243,cph:4,15.679998,36.1773
cph_query_-GVbOpzggFXAot0UyKhx2g,transfer_2,1234,jpeg50,self,7,cph:395,cph:4,15.680000,36.1773
cph_query_-GVbOpzggFXAot0UyKhx2g,transfer_3,1234,jpeg50,self,7,cph:243,cph:4,15.680000,36.1773
cph_query_-GVbOpzggFXAot0UyKhx2g,isotropic,5678,jpeg50,self,4,cph:243,cph:4,15.679998,36.1773
cph_query_-GVbOpzggFXAot0UyKhx2g,white_box,5678,jpeg50,self,146,boston:249,cph:4,15.680000,36.1773
cph_query_-GVbOpzggFXAot0UyKhx2g,transfer_1,5678,jpeg50,self,5,cph:243,cph:4,15.680000,36.1773
cph_query_-GVbOpzggFXAot0UyKhx2g,transfer_2,5678,jpeg50,self,22,cph:271,cph:4,15.679997,36.1773
cph_query_-GVbOpzggFXAot0UyKhx2g,transfer_3,5678,jpeg50,self,41,cph:271,cph:4,15.679998,36.1773
cph_query_-GVbOpzggFXAot0UyKhx2g,isotropic,9012,jpeg50,self,6,cph:243,cph:4,15.680000,36.1773
cph_query_-GVbOpzggFXAot0UyKhx2g,white_box,9012,jpeg50,self,760,boston:234,cph:4,15.680000,36.1773
cph_query_-GVbOpzggFXAot0UyKhx2g,transfer_1,9012,jpeg50,self,2,cph:243,cph:4,15.680000,36.1773
cph_query_-GVbOpzggFXAot0UyKhx2g,transfer_2,9012,jpeg50,self,8,cph:243,cph:4,15.679997,36.1773
cph_query_-GVbOpzggFXAot0UyKhx2g,transfer_3,9012,jpeg50,self,32,zurich:104,cph:4,15.679997,36.1773
london_query_-dHWRapn57-l_kynPnun3Q,isotropic,1234,jpeg50,self,11,london:76,london:21,15.679997,36.1773
london_query_-dHWRapn57-l_kynPnun3Q,white_box,1234,jpeg50,self,2,zurich:99,london:21,15.680000,36.1773
london_query_-dHWRapn57-l_kynPnun3Q,transfer_1,1234,jpeg50,self,28,london:76,london:21,15.679998,36.1773
london_query_-dHWRapn57-l_kynPnun3Q,transfer_2,1234,jpeg50,self,7,london:76,london:21,15.680000,36.1773
london_query_-dHWRapn57-l_kynPnun3Q,transfer_3,1234,jpeg50,self,15,london:76,london:21,15.680000,36.1773
london_query_-dHWRapn57-l_kynPnun3Q,isotropic,5678,jpeg50,self,4,london:76,london:21,15.680001,36.1773
london_query_-dHWRapn57-l_kynPnun3Q,white_box,5678,jpeg50,self,1,london:21,london:21,15.680000,36.1773
london_query_-dHWRapn57-l_kynPnun3Q,transfer_1,5678,jpeg50,self,13,london:76,london:21,15.680000,36.1773
london_query_-dHWRapn57-l_kynPnun3Q,transfer_2,5678,jpeg50,self,14,london:76,london:21,15.679998,36.1773
london_query_-dHWRapn57-l_kynPnun3Q,transfer_3,5678,jpeg50,self,11,london:76,london:21,15.679997,36.1773
london_query_-dHWRapn57-l_kynPnun3Q,isotropic,9012,jpeg50,self,17,london:76,london:21,15.680000,36.1773
london_query_-dHWRapn57-l_kynPnun3Q,white_box,9012,jpeg50,self,7,london:34,london:21,15.680000,36.1773
london_query_-dHWRapn57-l_kynPnun3Q,transfer_1,9012,jpeg50,self,18,london:76,london:21,15.680000,36.1773
london_query_-dHWRapn57-l_kynPnun3Q,transfer_2,9012,jpeg50,self,8,london:76,london:21,15.680000,36.1773
london_query_-dHWRapn57-l_kynPnun3Q,transfer_3,9012,jpeg50,self,16,manila:202,london:21,15.679998,36.1773
manila_query_-MH02w7P6jmmqnoUdL-55Q,isotropic,1234,jpeg50,self,19,manila:29,manila:72,15.680001,36.1773
manila_query_-MH02w7P6jmmqnoUdL-55Q,white_box,1234,jpeg50,self,43,manila:183,manila:72,15.680000,36.1773
manila_query_-MH02w7P6jmmqnoUdL-55Q,transfer_1,1234,jpeg50,self,29,manila:29,manila:72,15.679998,36.1773
manila_query_-MH02w7P6jmmqnoUdL-55Q,transfer_2,1234,jpeg50,self,15,manila:33,manila:72,15.679998,36.1773
manila_query_-MH02w7P6jmmqnoUdL-55Q,transfer_3,1234,jpeg50,self,14,manila:33,manila:72,15.679998,36.1773
manila_query_-MH02w7P6jmmqnoUdL-55Q,isotropic,5678,jpeg50,self,32,manila:33,manila:72,15.680002,36.1773
manila_query_-MH02w7P6jmmqnoUdL-55Q,white_box,5678,jpeg50,self,247,manila:183,manila:72,15.680000,36.1773
manila_query_-MH02w7P6jmmqnoUdL-55Q,transfer_1,5678,jpeg50,self,4,boston:144,manila:72,15.680001,36.1773
manila_query_-MH02w7P6jmmqnoUdL-55Q,transfer_2,5678,jpeg50,self,55,manila:33,manila:72,15.679998,36.1773
manila_query_-MH02w7P6jmmqnoUdL-55Q,transfer_3,5678,jpeg50,self,26,boston:239,manila:72,15.680000,36.1773
manila_query_-MH02w7P6jmmqnoUdL-55Q,isotropic,9012,jpeg50,self,37,manila:29,manila:72,15.680000,36.1773
manila_query_-MH02w7P6jmmqnoUdL-55Q,white_box,9012,jpeg50,self,55,manila:92,manila:72,15.679996,36.1773
manila_query_-MH02w7P6jmmqnoUdL-55Q,transfer_1,9012,jpeg50,self,60,manila:33,manila:72,15.679997,36.1773
manila_query_-MH02w7P6jmmqnoUdL-55Q,transfer_2,9012,jpeg50,self,28,boston:144,manila:72,15.679997,36.1773
manila_query_-MH02w7P6jmmqnoUdL-55Q,transfer_3,9012,jpeg50,self,2,manila:33,manila:72,15.679997,36.1773
nairobi_query_1Z__CFelPzXEI1IEu_8QJw,isotropic,1234,jpeg50,self,372,amman:1,nairobi:13,15.680001,36.1773
nairobi_query_1Z__CFelPzXEI1IEu_8QJw,white_box,1234,jpeg50,self,244,zurich:35,nairobi:13,15.679997,36.1773
nairobi_query_1Z__CFelPzXEI1IEu_8QJw,transfer_1,1234,jpeg50,self,559,amman:1,nairobi:13,15.679997,36.1773
nairobi_query_1Z__CFelPzXEI1IEu_8QJw,transfer_2,1234,jpeg50,self,390,amman:1,nairobi:13,15.679997,36.1773
nairobi_query_1Z__CFelPzXEI1IEu_8QJw,transfer_3,1234,jpeg50,self,1187,amman:1,nairobi:13,15.680000,36.1773
nairobi_query_1Z__CFelPzXEI1IEu_8QJw,isotropic,5678,jpeg50,self,333,amman:1,nairobi:13,15.679996,36.1773
nairobi_query_1Z__CFelPzXEI1IEu_8QJw,white_box,5678,jpeg50,self,1362,manila:67,nairobi:13,15.679998,36.1773
nairobi_query_1Z__CFelPzXEI1IEu_8QJw,transfer_1,5678,jpeg50,self,534,amman:1,nairobi:13,15.680000,36.1773
nairobi_query_1Z__CFelPzXEI1IEu_8QJw,transfer_2,5678,jpeg50,self,507,amman:1,nairobi:13,15.679998,36.1773
nairobi_query_1Z__CFelPzXEI1IEu_8QJw,transfer_3,5678,jpeg50,self,534,amman:1,nairobi:13,15.680000,36.1773
nairobi_query_1Z__CFelPzXEI1IEu_8QJw,isotropic,9012,jpeg50,self,482,amman:1,nairobi:13,15.680001,36.1773
nairobi_query_1Z__CFelPzXEI1IEu_8QJw,white_box,9012,jpeg50,self,914,manila:82,nairobi:13,15.680000,36.1773
nairobi_query_1Z__CFelPzXEI1IEu_8QJw,transfer_1,9012,jpeg50,self,496,amman:1,nairobi:13,15.680000,36.1773
nairobi_query_1Z__CFelPzXEI1IEu_8QJw,transfer_2,9012,jpeg50,self,279,manila:134,nairobi:13,15.680001,36.1773
nairobi_query_1Z__CFelPzXEI1IEu_8QJw,transfer_3,9012,jpeg50,self,1042,amman:1,nairobi:13,15.679997,36.1773
toronto_query_-B136fRwqMBMXoc03yy-PQ,isotropic,1234,jpeg50,self,3,zurich:61,toronto:102,15.679997,36.1773
toronto_query_-B136fRwqMBMXoc03yy-PQ,white_box,1234,jpeg50,self,33,cph:94,toronto:102,15.680000,36.1773
toronto_query_-B136fRwqMBMXoc03yy-PQ,transfer_1,1234,jpeg50,self,5,cph:429,toronto:102,15.680000,36.1773
toronto_query_-B136fRwqMBMXoc03yy-PQ,transfer_2,1234,jpeg50,self,6,manila:181,toronto:102,15.679997,36.1773
toronto_query_-B136fRwqMBMXoc03yy-PQ,transfer_3,1234,jpeg50,self,29,cph:429,toronto:102,15.680000,36.1773
toronto_query_-B136fRwqMBMXoc03yy-PQ,isotropic,5678,jpeg50,self,1,toronto:102,toronto:102,15.680002,36.1773
toronto_query_-B136fRwqMBMXoc03yy-PQ,white_box,5678,jpeg50,self,166,manila:181,toronto:102,15.680000,36.1773
toronto_query_-B136fRwqMBMXoc03yy-PQ,transfer_1,5678,jpeg50,self,3,cph:429,toronto:102,15.679998,36.1773
toronto_query_-B136fRwqMBMXoc03yy-PQ,transfer_2,5678,jpeg50,self,7,zurich:61,toronto:102,15.680000,36.1773
toronto_query_-B136fRwqMBMXoc03yy-PQ,transfer_3,5678,jpeg50,self,45,cph:429,toronto:102,15.679997,36.1773
toronto_query_-B136fRwqMBMXoc03yy-PQ,isotropic,9012,jpeg50,self,1,toronto:102,toronto:102,15.679997,36.1773
toronto_query_-B136fRwqMBMXoc03yy-PQ,white_box,9012,jpeg50,self,38,nairobi:1,toronto:102,15.679997,36.1773
toronto_query_-B136fRwqMBMXoc03yy-PQ,transfer_1,9012,jpeg50,self,5,cph:429,toronto:102,15.680000,36.1773
toronto_query_-B136fRwqMBMXoc03yy-PQ,transfer_2,9012,jpeg50,self,2,cph:429,toronto:102,15.679997,36.1773
toronto_query_-B136fRwqMBMXoc03yy-PQ,transfer_3,9012,jpeg50,self,11,cph:429,toronto:102,15.680001,36.1773
zurich_query_-tYWpAACOq7RfVvZJ-BAcQ,isotropic,1234,jpeg50,self,156,toronto:55,zurich:30,15.679997,36.1773
zurich_query_-tYWpAACOq7RfVvZJ-BAcQ,white_box,1234,jpeg50,self,15,zurich:19,zurich:30,15.680000,36.1773
zurich_query_-tYWpAACOq7RfVvZJ-BAcQ,transfer_1,1234,jpeg50,self,81,toronto:55,zurich:30,15.679998,36.1773
zurich_query_-tYWpAACOq7RfVvZJ-BAcQ,transfer_2,1234,jpeg50,self,160,toronto:55,zurich:30,15.680000,36.1773
zurich_query_-tYWpAACOq7RfVvZJ-BAcQ,transfer_3,1234,jpeg50,self,127,amman:6,zurich:30,15.679997,36.1773
zurich_query_-tYWpAACOq7RfVvZJ-BAcQ,isotropic,5678,jpeg50,self,226,toronto:55,zurich:30,15.679997,36.1773
zurich_query_-tYWpAACOq7RfVvZJ-BAcQ,white_box,5678,jpeg50,self,83,manila:72,zurich:30,15.680001,36.1773
zurich_query_-tYWpAACOq7RfVvZJ-BAcQ,transfer_1,5678,jpeg50,self,87,toronto:55,zurich:30,15.680001,36.1773
zurich_query_-tYWpAACOq7RfVvZJ-BAcQ,transfer_2,5678,jpeg50,self,140,toronto:426,zurich:30,15.680000,36.1773
zurich_query_-tYWpAACOq7RfVvZJ-BAcQ,transfer_3,5678,jpeg50,self,99,manila:72,zurich:30,15.679998,36.1773
zurich_query_-tYWpAACOq7RfVvZJ-BAcQ,isotropic,9012,jpeg50,self,228,toronto:55,zurich:30,15.680000,36.1773
zurich_query_-tYWpAACOq7RfVvZJ-BAcQ,white_box,9012,jpeg50,self,159,manila:72,zurich:30,15.680000,36.1773
zurich_query_-tYWpAACOq7RfVvZJ-BAcQ,transfer_1,9012,jpeg50,self,238,toronto:55,zurich:30,15.679998,36.1773
zurich_query_-tYWpAACOq7RfVvZJ-BAcQ,transfer_2,9012,jpeg50,self,77,manila:87,zurich:30,15.679998,36.1773
zurich_query_-tYWpAACOq7RfVvZJ-BAcQ,transfer_3,9012,jpeg50,self,99,amman:1,zurich:30,15.680000,36.1773
amman_query_1HafWFxuyylXLnDzCoapDA,isotropic,1234,jpeg50,self,52,amman:23,amman:35,15.680000,36.1773
amman_query_1HafWFxuyylXLnDzCoapDA,white_box,1234,jpeg50,self,64,amman:12,amman:35,15.679998,36.1773
amman_query_1HafWFxuyylXLnDzCoapDA,transfer_1,1234,jpeg50,self,21,amman:23,amman:35,15.679997,36.1773
amman_query_1HafWFxuyylXLnDzCoapDA,transfer_2,1234,jpeg50,self,28,amman:23,amman:35,15.679997,36.1773
amman_query_1HafWFxuyylXLnDzCoapDA,transfer_3,1234,jpeg50,self,38,amman:25,amman:35,15.680000,36.1773
amman_query_1HafWFxuyylXLnDzCoapDA,isotropic,5678,jpeg50,self,27,amman:23,amman:35,15.679998,36.1773
amman_query_1HafWFxuyylXLnDzCoapDA,white_box,5678,jpeg50,self,66,amman:25,amman:35,15.680000,36.1773
amman_query_1HafWFxuyylXLnDzCoapDA,transfer_1,5678,jpeg50,self,30,amman:23,amman:35,15.679998,36.1773
amman_query_1HafWFxuyylXLnDzCoapDA,transfer_2,5678,jpeg50,self,34,amman:23,amman:35,15.679997,36.1773
amman_query_1HafWFxuyylXLnDzCoapDA,transfer_3,5678,jpeg50,self,40,amman:23,amman:35,15.679997,36.1773
amman_query_1HafWFxuyylXLnDzCoapDA,isotropic,9012,jpeg50,self,32,amman:15,amman:35,15.679997,36.1773
amman_query_1HafWFxuyylXLnDzCoapDA,white_box,9012,jpeg50,self,75,amman:21,amman:35,15.679997,36.1773
amman_query_1HafWFxuyylXLnDzCoapDA,transfer_1,9012,jpeg50,self,30,amman:23,amman:35,15.680000,36.1773
amman_query_1HafWFxuyylXLnDzCoapDA,transfer_2,9012,jpeg50,self,63,amman:23,amman:35,15.679997,36.1773
amman_query_1HafWFxuyylXLnDzCoapDA,transfer_3,9012,jpeg50,self,28,amman:25,amman:35,15.680000,36.1773
boston_query_-Kg6j3FKy26wYRLBkE_dFQ,isotropic,1234,jpeg50,self,7,toronto:23,boston:123,15.679998,36.1773
boston_query_-Kg6j3FKy26wYRLBkE_dFQ,white_box,1234,jpeg50,self,38,amman:1,boston:123,15.679997,36.1773
boston_query_-Kg6j3FKy26wYRLBkE_dFQ,transfer_1,1234,jpeg50,self,15,manila:181,boston:123,15.680000,36.1773
boston_query_-Kg6j3FKy26wYRLBkE_dFQ,transfer_2,1234,jpeg50,self,15,manila:181,boston:123,15.679997,36.1773
boston_query_-Kg6j3FKy26wYRLBkE_dFQ,transfer_3,1234,jpeg50,self,18,boston:191,boston:123,15.680001,36.1773
boston_query_-Kg6j3FKy26wYRLBkE_dFQ,isotropic,5678,jpeg50,self,16,amman:15,boston:123,15.679997,36.1773
boston_query_-Kg6j3FKy26wYRLBkE_dFQ,white_box,5678,jpeg50,self,94,toronto:346,boston:123,15.680000,36.1773
boston_query_-Kg6j3FKy26wYRLBkE_dFQ,transfer_1,5678,jpeg50,self,7,toronto:23,boston:123,15.680000,36.1773
boston_query_-Kg6j3FKy26wYRLBkE_dFQ,transfer_2,5678,jpeg50,self,7,boston:191,boston:123,15.680000,36.1773
boston_query_-Kg6j3FKy26wYRLBkE_dFQ,transfer_3,5678,jpeg50,self,17,manila:181,boston:123,15.679997,36.1773
boston_query_-Kg6j3FKy26wYRLBkE_dFQ,isotropic,9012,jpeg50,self,24,toronto:23,boston:123,15.680000,36.1773
boston_query_-Kg6j3FKy26wYRLBkE_dFQ,white_box,9012,jpeg50,self,63,manila:135,boston:123,15.679998,36.1773
boston_query_-Kg6j3FKy26wYRLBkE_dFQ,transfer_1,9012,jpeg50,self,11,toronto:23,boston:123,15.680000,36.1773
boston_query_-Kg6j3FKy26wYRLBkE_dFQ,transfer_2,9012,jpeg50,self,22,toronto:23,boston:123,15.679997,36.1773
boston_query_-Kg6j3FKy26wYRLBkE_dFQ,transfer_3,9012,jpeg50,self,7,manila:181,boston:123,15.680000,36.1773
cph_query_-G_OOR1_yAfdfgnlKYNKnQ,isotropic,1234,jpeg50,self,1,cph:254,cph:254,15.680000,36.1773
cph_query_-G_OOR1_yAfdfgnlKYNKnQ,white_box,1234,jpeg50,self,24,manila:183,cph:254,15.679998,36.1773
cph_query_-G_OOR1_yAfdfgnlKYNKnQ,transfer_1,1234,jpeg50,self,1,cph:254,cph:254,15.680000,36.1773
cph_query_-G_OOR1_yAfdfgnlKYNKnQ,transfer_2,1234,jpeg50,self,1,cph:254,cph:254,15.679997,36.1773
cph_query_-G_OOR1_yAfdfgnlKYNKnQ,transfer_3,1234,jpeg50,self,1,cph:254,cph:254,15.679998,36.1773
cph_query_-G_OOR1_yAfdfgnlKYNKnQ,isotropic,5678,jpeg50,self,1,cph:254,cph:254,15.680000,36.1773
cph_query_-G_OOR1_yAfdfgnlKYNKnQ,white_box,5678,jpeg50,self,72,toronto:27,cph:254,15.679998,36.1773
cph_query_-G_OOR1_yAfdfgnlKYNKnQ,transfer_1,5678,jpeg50,self,1,cph:254,cph:254,15.679997,36.1773
cph_query_-G_OOR1_yAfdfgnlKYNKnQ,transfer_2,5678,jpeg50,self,1,cph:254,cph:254,15.680000,36.1773
cph_query_-G_OOR1_yAfdfgnlKYNKnQ,transfer_3,5678,jpeg50,self,1,cph:254,cph:254,15.680000,36.1773
cph_query_-G_OOR1_yAfdfgnlKYNKnQ,isotropic,9012,jpeg50,self,1,cph:254,cph:254,15.679998,36.1773
cph_query_-G_OOR1_yAfdfgnlKYNKnQ,white_box,9012,jpeg50,self,98,manila:190,cph:254,15.679998,36.1773
cph_query_-G_OOR1_yAfdfgnlKYNKnQ,transfer_1,9012,jpeg50,self,1,cph:254,cph:254,15.680000,36.1773
cph_query_-G_OOR1_yAfdfgnlKYNKnQ,transfer_2,9012,jpeg50,self,1,cph:254,cph:254,15.679997,36.1773
cph_query_-G_OOR1_yAfdfgnlKYNKnQ,transfer_3,9012,jpeg50,self,1,cph:254,cph:254,15.679997,36.1773
london_query_-dZ1k85FDVdFSbcG6_ECOA,isotropic,1234,jpeg50,self,4,manila:13,london:62,15.680002,36.1773
london_query_-dZ1k85FDVdFSbcG6_ECOA,white_box,1234,jpeg50,self,915,manila:54,london:62,15.680000,36.1773
london_query_-dZ1k85FDVdFSbcG6_ECOA,transfer_1,1234,jpeg50,self,7,manila:13,london:62,15.680000,36.1773
london_query_-dZ1k85FDVdFSbcG6_ECOA,transfer_2,1234,jpeg50,self,28,manila:13,london:62,15.680000,36.1773
london_query_-dZ1k85FDVdFSbcG6_ECOA,transfer_3,1234,jpeg50,self,76,manila:13,london:62,15.680000,36.1773
london_query_-dZ1k85FDVdFSbcG6_ECOA,isotropic,5678,jpeg50,self,4,manila:13,london:62,15.680000,36.1773
london_query_-dZ1k85FDVdFSbcG6_ECOA,white_box,5678,jpeg50,self,305,toronto:346,london:62,15.679997,36.1773
london_query_-dZ1k85FDVdFSbcG6_ECOA,transfer_1,5678,jpeg50,self,7,nairobi:21,london:62,15.679998,36.1773
london_query_-dZ1k85FDVdFSbcG6_ECOA,transfer_2,5678,jpeg50,self,15,manila:13,london:62,15.680002,36.1773
london_query_-dZ1k85FDVdFSbcG6_ECOA,transfer_3,5678,jpeg50,self,15,manila:13,london:62,15.679997,36.1773
london_query_-dZ1k85FDVdFSbcG6_ECOA,isotropic,9012,jpeg50,self,4,manila:13,london:62,15.679997,36.1773
london_query_-dZ1k85FDVdFSbcG6_ECOA,white_box,9012,jpeg50,self,392,amman:29,london:62,15.680000,36.1773
london_query_-dZ1k85FDVdFSbcG6_ECOA,transfer_1,9012,jpeg50,self,10,manila:13,london:62,15.679998,36.1773
london_query_-dZ1k85FDVdFSbcG6_ECOA,transfer_2,9012,jpeg50,self,27,manila:13,london:62,15.680000,36.1773
london_query_-dZ1k85FDVdFSbcG6_ECOA,transfer_3,9012,jpeg50,self,22,zurich:96,london:62,15.679997,36.1773
manila_query_-MKMMHEd33H1_45AJ8B5AA,isotropic,1234,jpeg50,self,1,manila:20,manila:20,15.680002,36.1773
manila_query_-MKMMHEd33H1_45AJ8B5AA,white_box,1234,jpeg50,self,2,manila:29,manila:20,15.679997,36.1773
manila_query_-MKMMHEd33H1_45AJ8B5AA,transfer_1,1234,jpeg50,self,1,manila:20,manila:20,15.680000,36.1773
manila_query_-MKMMHEd33H1_45AJ8B5AA,transfer_2,1234,jpeg50,self,1,manila:20,manila:20,15.679997,36.1773
manila_query_-MKMMHEd33H1_45AJ8B5AA,transfer_3,1234,jpeg50,self,1,manila:20,manila:20,15.679997,36.1773
manila_query_-MKMMHEd33H1_45AJ8B5AA,isotropic,5678,jpeg50,self,1,manila:20,manila:20,15.679997,36.1773
manila_query_-MKMMHEd33H1_45AJ8B5AA,white_box,5678,jpeg50,self,677,toronto:88,manila:20,15.679997,36.1773
manila_query_-MKMMHEd33H1_45AJ8B5AA,transfer_1,5678,jpeg50,self,1,manila:20,manila:20,15.679997,36.1773
manila_query_-MKMMHEd33H1_45AJ8B5AA,transfer_2,5678,jpeg50,self,1,manila:20,manila:20,15.680000,36.1773
manila_query_-MKMMHEd33H1_45AJ8B5AA,transfer_3,5678,jpeg50,self,4,zurich:65,manila:20,15.679998,36.1773
manila_query_-MKMMHEd33H1_45AJ8B5AA,isotropic,9012,jpeg50,self,1,manila:20,manila:20,15.679997,36.1773
manila_query_-MKMMHEd33H1_45AJ8B5AA,white_box,9012,jpeg50,self,28,manila:190,manila:20,15.680002,36.1773
manila_query_-MKMMHEd33H1_45AJ8B5AA,transfer_1,9012,jpeg50,self,3,manila:33,manila:20,15.679998,36.1773
manila_query_-MKMMHEd33H1_45AJ8B5AA,transfer_2,9012,jpeg50,self,1,manila:20,manila:20,15.680000,36.1773
manila_query_-MKMMHEd33H1_45AJ8B5AA,transfer_3,9012,jpeg50,self,1,manila:20,manila:20,15.679997,36.1773
nairobi_query_20W8wyVhxSIpj4ekTP7ezw,isotropic,1234,jpeg50,self,139,nairobi:4,nairobi:20,15.679998,36.1773
nairobi_query_20W8wyVhxSIpj4ekTP7ezw,white_box,1234,jpeg50,self,49,amman:21,nairobi:20,15.680000,36.1773
nairobi_query_20W8wyVhxSIpj4ekTP7ezw,transfer_1,1234,jpeg50,self,64,nairobi:4,nairobi:20,15.680000,36.1773
nairobi_query_20W8wyVhxSIpj4ekTP7ezw,transfer_2,1234,jpeg50,self,71,nairobi:4,nairobi:20,15.679996,36.1773
nairobi_query_20W8wyVhxSIpj4ekTP7ezw,transfer_3,1234,jpeg50,self,193,nairobi:4,nairobi:20,15.679997,36.1773
nairobi_query_20W8wyVhxSIpj4ekTP7ezw,isotropic,5678,jpeg50,self,82,nairobi:4,nairobi:20,15.680000,36.1773
nairobi_query_20W8wyVhxSIpj4ekTP7ezw,white_box,5678,jpeg50,self,91,manila:72,nairobi:20,15.679997,36.1773
nairobi_query_20W8wyVhxSIpj4ekTP7ezw,transfer_1,5678,jpeg50,self,50,nairobi:4,nairobi:20,15.679998,36.1773
nairobi_query_20W8wyVhxSIpj4ekTP7ezw,transfer_2,5678,jpeg50,self,122,nairobi:4,nairobi:20,15.679997,36.1773
nairobi_query_20W8wyVhxSIpj4ekTP7ezw,transfer_3,5678,jpeg50,self,136,nairobi:4,nairobi:20,15.680001,36.1773
nairobi_query_20W8wyVhxSIpj4ekTP7ezw,isotropic,9012,jpeg50,self,120,nairobi:4,nairobi:20,15.679997,36.1773
nairobi_query_20W8wyVhxSIpj4ekTP7ezw,white_box,9012,jpeg50,self,82,amman:36,nairobi:20,15.679997,36.1773
nairobi_query_20W8wyVhxSIpj4ekTP7ezw,transfer_1,9012,jpeg50,self,69,nairobi:4,nairobi:20,15.680000,36.1773
nairobi_query_20W8wyVhxSIpj4ekTP7ezw,transfer_2,9012,jpeg50,self,72,nairobi:4,nairobi:20,15.680000,36.1773
nairobi_query_20W8wyVhxSIpj4ekTP7ezw,transfer_3,9012,jpeg50,self,144,manila:132,nairobi:20,15.679997,36.1773
toronto_query_-BTAllhGXYkM_JsKwxUFMg,isotropic,1234,jpeg50,self,148,toronto:228,toronto:34,15.679997,36.1773
toronto_query_-BTAllhGXYkM_JsKwxUFMg,white_box,1234,jpeg50,self,1,toronto:34,toronto:34,15.680000,36.1773
toronto_query_-BTAllhGXYkM_JsKwxUFMg,transfer_1,1234,jpeg50,self,112,toronto:228,toronto:34,15.680000,36.1773
toronto_query_-BTAllhGXYkM_JsKwxUFMg,transfer_2,1234,jpeg50,self,197,toronto:228,toronto:34,15.679997,36.1773
toronto_query_-BTAllhGXYkM_JsKwxUFMg,transfer_3,1234,jpeg50,self,223,toronto:228,toronto:34,15.679997,36.1773
toronto_query_-BTAllhGXYkM_JsKwxUFMg,isotropic,5678,jpeg50,self,233,toronto:228,toronto:34,15.679997,36.1773
toronto_query_-BTAllhGXYkM_JsKwxUFMg,white_box,5678,jpeg50,self,53,toronto:301,toronto:34,15.679998,36.1773
toronto_query_-BTAllhGXYkM_JsKwxUFMg,transfer_1,5678,jpeg50,self,137,toronto:228,toronto:34,15.679997,36.1773
toronto_query_-BTAllhGXYkM_JsKwxUFMg,transfer_2,5678,jpeg50,self,72,toronto:228,toronto:34,15.679997,36.1773
toronto_query_-BTAllhGXYkM_JsKwxUFMg,transfer_3,5678,jpeg50,self,268,toronto:228,toronto:34,15.679998,36.1773
toronto_query_-BTAllhGXYkM_JsKwxUFMg,isotropic,9012,jpeg50,self,190,toronto:228,toronto:34,15.679997,36.1773
toronto_query_-BTAllhGXYkM_JsKwxUFMg,white_box,9012,jpeg50,self,216,toronto:354,toronto:34,15.679998,36.1773
toronto_query_-BTAllhGXYkM_JsKwxUFMg,transfer_1,9012,jpeg50,self,161,toronto:228,toronto:34,15.680000,36.1773
toronto_query_-BTAllhGXYkM_JsKwxUFMg,transfer_2,9012,jpeg50,self,92,toronto:228,toronto:34,15.679998,36.1773
toronto_query_-BTAllhGXYkM_JsKwxUFMg,transfer_3,9012,jpeg50,self,224,toronto:228,toronto:34,15.680000,36.1773
zurich_query_-uQ-4tnYcOJ9WPXRG-ou3w,isotropic,1234,jpeg50,self,314,cph:241,zurich:98,15.680001,36.1773
zurich_query_-uQ-4tnYcOJ9WPXRG-ou3w,white_box,1234,jpeg50,self,153,cph:332,zurich:98,15.679997,36.1773
zurich_query_-uQ-4tnYcOJ9WPXRG-ou3w,transfer_1,1234,jpeg50,self,406,cph:241,zurich:98,15.679997,36.1773
zurich_query_-uQ-4tnYcOJ9WPXRG-ou3w,transfer_2,1234,jpeg50,self,400,cph:94,zurich:98,15.679997,36.1773
zurich_query_-uQ-4tnYcOJ9WPXRG-ou3w,transfer_3,1234,jpeg50,self,301,cph:332,zurich:98,15.680000,36.1773
zurich_query_-uQ-4tnYcOJ9WPXRG-ou3w,isotropic,5678,jpeg50,self,259,cph:241,zurich:98,15.680001,36.1773
zurich_query_-uQ-4tnYcOJ9WPXRG-ou3w,white_box,5678,jpeg50,self,364,cph:332,zurich:98,15.680001,36.1773
zurich_query_-uQ-4tnYcOJ9WPXRG-ou3w,transfer_1,5678,jpeg50,self,317,cph:241,zurich:98,15.679998,36.1773
zurich_query_-uQ-4tnYcOJ9WPXRG-ou3w,transfer_2,5678,jpeg50,self,402,cph:241,zurich:98,15.679997,36.1773
zurich_query_-uQ-4tnYcOJ9WPXRG-ou3w,transfer_3,5678,jpeg50,self,404,cph:241,zurich:98,15.680000,36.1773
zurich_query_-uQ-4tnYcOJ9WPXRG-ou3w,isotropic,9012,jpeg50,self,329,cph:241,zurich:98,15.679996,36.1773
zurich_query_-uQ-4tnYcOJ9WPXRG-ou3w,white_box,9012,jpeg50,self,320,manila:92,zurich:98,15.679997,36.1773
zurich_query_-uQ-4tnYcOJ9WPXRG-ou3w,transfer_1,9012,jpeg50,self,417,cph:429,zurich:98,15.680000,36.1773
zurich_query_-uQ-4tnYcOJ9WPXRG-ou3w,transfer_2,9012,jpeg50,self,495,cph:429,zurich:98,15.679998,36.1773
zurich_query_-uQ-4tnYcOJ9WPXRG-ou3w,transfer_3,9012,jpeg50,self,422,cph:94,zurich:98,15.680000,36.1773
amman_query_1IWpn2b6V75KvNFoTU8UOQ,isotropic,1234,jpeg50,self,38,boston:79,amman:26,15.679998,36.1773
amman_query_1IWpn2b6V75KvNFoTU8UOQ,white_box,1234,jpeg50,self,2,boston:249,amman:26,15.680000,36.1773
amman_query_1IWpn2b6V75KvNFoTU8UOQ,transfer_1,1234,jpeg50,self,39,boston:79,amman:26,15.679997,36.1773
amman_query_1IWpn2b6V75KvNFoTU8UOQ,transfer_2,1234,jpeg50,self,17,cph:241,amman:26,15.679997,36.1773
amman_query_1IWpn2b6V75KvNFoTU8UOQ,transfer_3,1234,jpeg50,self,5,amman:1,amman:26,15.680000,36.1773
amman_query_1IWpn2b6V75KvNFoTU8UOQ,isotropic,5678,jpeg50,self,25,boston:79,amman:26,15.680000,36.1773
amman_query_1IWpn2b6V75KvNFoTU8UOQ,white_box,5678,jpeg50,self,13,boston:79,amman:26,15.679997,36.1773
amman_query_1IWpn2b6V75KvNFoTU8UOQ,transfer_1,5678,jpeg50,self,44,boston:249,amman:26,15.680000,36.1773
amman_query_1IWpn2b6V75KvNFoTU8UOQ,transfer_2,5678,jpeg50,self,2,boston:249,amman:26,15.680000,36.1773
amman_query_1IWpn2b6V75KvNFoTU8UOQ,transfer_3,5678,jpeg50,self,12,boston:249,amman:26,15.680000,36.1773
amman_query_1IWpn2b6V75KvNFoTU8UOQ,isotropic,9012,jpeg50,self,29,boston:249,amman:26,15.679997,36.1773
amman_query_1IWpn2b6V75KvNFoTU8UOQ,white_box,9012,jpeg50,self,40,manila:183,amman:26,15.679998,36.1773
amman_query_1IWpn2b6V75KvNFoTU8UOQ,transfer_1,9012,jpeg50,self,10,boston:79,amman:26,15.680000,36.1773
amman_query_1IWpn2b6V75KvNFoTU8UOQ,transfer_2,9012,jpeg50,self,12,boston:249,amman:26,15.679997,36.1773
amman_query_1IWpn2b6V75KvNFoTU8UOQ,transfer_3,9012,jpeg50,self,1,amman:26,amman:26,15.680000,36.1773
boston_query_-LPTAIN0lPGriKBtXoH5Mg,isotropic,1234,jpeg50,self,1,boston:139,boston:139,15.680000,36.1773
boston_query_-LPTAIN0lPGriKBtXoH5Mg,white_box,1234,jpeg50,self,5,boston:249,boston:139,15.679997,36.1773
boston_query_-LPTAIN0lPGriKBtXoH5Mg,transfer_1,1234,jpeg50,self,1,boston:139,boston:139,15.680000,36.1773
boston_query_-LPTAIN0lPGriKBtXoH5Mg,transfer_2,1234,jpeg50,self,1,boston:139,boston:139,15.680000,36.1773
boston_query_-LPTAIN0lPGriKBtXoH5Mg,transfer_3,1234,jpeg50,self,1,boston:139,boston:139,15.680000,36.1773
boston_query_-LPTAIN0lPGriKBtXoH5Mg,isotropic,5678,jpeg50,self,1,boston:139,boston:139,15.679998,36.1773
boston_query_-LPTAIN0lPGriKBtXoH5Mg,white_box,5678,jpeg50,self,22,boston:47,boston:139,15.680000,36.1773
boston_query_-LPTAIN0lPGriKBtXoH5Mg,transfer_1,5678,jpeg50,self,1,boston:139,boston:139,15.679997,36.1773
boston_query_-LPTAIN0lPGriKBtXoH5Mg,transfer_2,5678,jpeg50,self,1,boston:139,boston:139,15.679997,36.1773
boston_query_-LPTAIN0lPGriKBtXoH5Mg,transfer_3,5678,jpeg50,self,1,boston:139,boston:139,15.680000,36.1773
boston_query_-LPTAIN0lPGriKBtXoH5Mg,isotropic,9012,jpeg50,self,1,boston:139,boston:139,15.680000,36.1773
boston_query_-LPTAIN0lPGriKBtXoH5Mg,white_box,9012,jpeg50,self,5,manila:29,boston:139,15.679997,36.1773
boston_query_-LPTAIN0lPGriKBtXoH5Mg,transfer_1,9012,jpeg50,self,1,boston:139,boston:139,15.680001,36.1773
boston_query_-LPTAIN0lPGriKBtXoH5Mg,transfer_2,9012,jpeg50,self,1,boston:139,boston:139,15.679997,36.1773
boston_query_-LPTAIN0lPGriKBtXoH5Mg,transfer_3,9012,jpeg50,self,1,boston:139,boston:139,15.679997,36.1773
cph_query_-Gsj5kZ1V6uLXFxzeI7G2Q,isotropic,1234,jpeg50,self,238,cph:54,cph:159,15.680000,36.1773
cph_query_-Gsj5kZ1V6uLXFxzeI7G2Q,white_box,1234,jpeg50,self,1347,amman:23,cph:159,15.680000,36.1773
cph_query_-Gsj5kZ1V6uLXFxzeI7G2Q,transfer_1,1234,jpeg50,self,330,cph:54,cph:159,15.679997,36.1773
cph_query_-Gsj5kZ1V6uLXFxzeI7G2Q,transfer_2,1234,jpeg50,self,294,cph:54,cph:159,15.679998,36.1773
cph_query_-Gsj5kZ1V6uLXFxzeI7G2Q,transfer_3,1234,jpeg50,self,502,zurich:109,cph:159,15.679996,36.1773
cph_query_-Gsj5kZ1V6uLXFxzeI7G2Q,isotropic,5678,jpeg50,self,212,cph:54,cph:159,15.679998,36.1773
cph_query_-Gsj5kZ1V6uLXFxzeI7G2Q,white_box,5678,jpeg50,self,992,boston:249,cph:159,15.680002,36.1773
cph_query_-Gsj5kZ1V6uLXFxzeI7G2Q,transfer_1,5678,jpeg50,self,266,cph:54,cph:159,15.679997,36.1773
cph_query_-Gsj5kZ1V6uLXFxzeI7G2Q,transfer_2,5678,jpeg50,self,528,cph:54,cph:159,15.680000,36.1773
cph_query_-Gsj5kZ1V6uLXFxzeI7G2Q,transfer_3,5678,jpeg50,self,687,cph:54,cph:159,15.680000,36.1773
cph_query_-Gsj5kZ1V6uLXFxzeI7G2Q,isotropic,9012,jpeg50,self,310,cph:54,cph:159,15.679998,36.1773
cph_query_-Gsj5kZ1V6uLXFxzeI7G2Q,white_box,9012,jpeg50,self,521,boston:249,cph:159,15.680000,36.1773
cph_query_-Gsj5kZ1V6uLXFxzeI7G2Q,transfer_1,9012,jpeg50,self,362,cph:54,cph:159,15.679997,36.1773
cph_query_-Gsj5kZ1V6uLXFxzeI7G2Q,transfer_2,9012,jpeg50,self,425,cph:54,cph:159,15.680000,36.1773
cph_query_-Gsj5kZ1V6uLXFxzeI7G2Q,transfer_3,9012,jpeg50,self,441,cph:54,cph:159,15.680001,36.1773
london_query_-dp5VWHVq4LzwLgq7y7yhw,isotropic,1234,jpeg50,self,269,london:23,london:28,15.680000,36.1773
london_query_-dp5VWHVq4LzwLgq7y7yhw,white_box,1234,jpeg50,self,218,manila:183,london:28,15.680000,36.1773
london_query_-dp5VWHVq4LzwLgq7y7yhw,transfer_1,1234,jpeg50,self,257,london:21,london:28,15.680000,36.1773
london_query_-dp5VWHVq4LzwLgq7y7yhw,transfer_2,1234,jpeg50,self,200,london:21,london:28,15.680000,36.1773
london_query_-dp5VWHVq4LzwLgq7y7yhw,transfer_3,1234,jpeg50,self,369,london:21,london:28,15.680001,36.1773
london_query_-dp5VWHVq4LzwLgq7y7yhw,isotropic,5678,jpeg50,self,279,london:21,london:28,15.679998,36.1773
london_query_-dp5VWHVq4LzwLgq7y7yhw,white_box,5678,jpeg50,self,125,london:33,london:28,15.680000,36.1773
london_query_-dp5VWHVq4LzwLgq7y7yhw,transfer_1,5678,jpeg50,self,270,london:21,london:28,15.680000,36.1773
london_query_-dp5VWHVq4LzwLgq7y7yhw,transfer_2,5678,jpeg50,self,355,london:21,london:28,15.680000,36.1773
london_query_-dp5VWHVq4LzwLgq7y7yhw,transfer_3,5678,jpeg50,self,369,london:21,london:28,15.680000,36.1773
london_query_-dp5VWHVq4LzwLgq7y7yhw,isotropic,9012,jpeg50,self,238,london:21,london:28,15.679998,36.1773
london_query_-dp5VWHVq4LzwLgq7y7yhw,white_box,9012,jpeg50,self,49,manila:106,london:28,15.679998,36.1773
london_query_-dp5VWHVq4LzwLgq7y7yhw,transfer_1,9012,jpeg50,self,212,london:21,london:28,15.680001,36.1773
london_query_-dp5VWHVq4LzwLgq7y7yhw,transfer_2,9012,jpeg50,self,284,london:21,london:28,15.679997,36.1773
london_query_-dp5VWHVq4LzwLgq7y7yhw,transfer_3,9012,jpeg50,self,412,london:21,london:28,15.679998,36.1773
manila_query_-N4wDG2Fhm38ZVy0hGp8_A,isotropic,1234,jpeg50,self,71,amman:1,manila:106,15.679998,36.1773
manila_query_-N4wDG2Fhm38ZVy0hGp8_A,white_box,1234,jpeg50,self,3,amman:6,manila:106,15.680000,36.1773
manila_query_-N4wDG2Fhm38ZVy0hGp8_A,transfer_1,1234,jpeg50,self,84,amman:1,manila:106,15.680000,36.1773
manila_query_-N4wDG2Fhm38ZVy0hGp8_A,transfer_2,1234,jpeg50,self,154,amman:1,manila:106,15.679997,36.1773
manila_query_-N4wDG2Fhm38ZVy0hGp8_A,transfer_3,1234,jpeg50,self,93,amman:1,manila:106,15.680000,36.1773
manila_query_-N4wDG2Fhm38ZVy0hGp8_A,isotropic,5678,jpeg50,self,171,toronto:55,manila:106,15.680000,36.1773
manila_query_-N4wDG2Fhm38ZVy0hGp8_A,white_box,5678,jpeg50,self,4,amman:6,manila:106,15.679997,36.1773
manila_query_-N4wDG2Fhm38ZVy0hGp8_A,transfer_1,5678,jpeg50,self,125,toronto:55,manila:106,15.679998,36.1773
manila_query_-N4wDG2Fhm38ZVy0hGp8_A,transfer_2,5678,jpeg50,self,53,amman:1,manila:106,15.679997,36.1773
manila_query_-N4wDG2Fhm38ZVy0hGp8_A,transfer_3,5678,jpeg50,self,134,cph:464,manila:106,15.679997,36.1773
manila_query_-N4wDG2Fhm38ZVy0hGp8_A,isotropic,9012,jpeg50,self,81,amman:1,manila:106,15.679997,36.1773
manila_query_-N4wDG2Fhm38ZVy0hGp8_A,white_box,9012,jpeg50,self,12,amman:6,manila:106,15.679997,36.1773
manila_query_-N4wDG2Fhm38ZVy0hGp8_A,transfer_1,9012,jpeg50,self,40,amman:1,manila:106,15.680000,36.1773
manila_query_-N4wDG2Fhm38ZVy0hGp8_A,transfer_2,9012,jpeg50,self,123,amman:35,manila:106,15.679998,36.1773
manila_query_-N4wDG2Fhm38ZVy0hGp8_A,transfer_3,9012,jpeg50,self,63,amman:6,manila:106,15.680001,36.1773
nairobi_query_2CNtCHy0TUbebdEFLYNrIQ,isotropic,1234,jpeg50,self,9,cph:459,nairobi:10,15.680001,36.1773
nairobi_query_2CNtCHy0TUbebdEFLYNrIQ,white_box,1234,jpeg50,self,14,nairobi:9,nairobi:10,15.679998,36.1773
nairobi_query_2CNtCHy0TUbebdEFLYNrIQ,transfer_1,1234,jpeg50,self,28,cph:459,nairobi:10,15.679997,36.1773
nairobi_query_2CNtCHy0TUbebdEFLYNrIQ,transfer_2,1234,jpeg50,self,6,cph:345,nairobi:10,15.679997,36.1773
nairobi_query_2CNtCHy0TUbebdEFLYNrIQ,transfer_3,1234,jpeg50,self,7,amman:31,nairobi:10,15.680000,36.1773
nairobi_query_2CNtCHy0TUbebdEFLYNrIQ,isotropic,5678,jpeg50,self,11,nairobi:13,nairobi:10,15.680000,36.1773
nairobi_query_2CNtCHy0TUbebdEFLYNrIQ,white_box,5678,jpeg50,self,26,nairobi:15,nairobi:10,15.679997,36.1773
nairobi_query_2CNtCHy0TUbebdEFLYNrIQ,transfer_1,5678,jpeg50,self,19,cph:459,nairobi:10,15.679997,36.1773
nairobi_query_2CNtCHy0TUbebdEFLYNrIQ,transfer_2,5678,jpeg50,self,14,nairobi:13,nairobi:10,15.679998,36.1773
nairobi_query_2CNtCHy0TUbebdEFLYNrIQ,transfer_3,5678,jpeg50,self,4,manila:6,nairobi:10,15.679997,36.1773
nairobi_query_2CNtCHy0TUbebdEFLYNrIQ,isotropic,9012,jpeg50,self,6,nairobi:13,nairobi:10,15.680000,36.1773
nairobi_query_2CNtCHy0TUbebdEFLYNrIQ,white_box,9012,jpeg50,self,3,nairobi:20,nairobi:10,15.680001,36.1773
nairobi_query_2CNtCHy0TUbebdEFLYNrIQ,transfer_1,9012,jpeg50,self,10,manila:6,nairobi:10,15.680000,36.1773
nairobi_query_2CNtCHy0TUbebdEFLYNrIQ,transfer_2,9012,jpeg50,self,16,cph:459,nairobi:10,15.679997,36.1773
nairobi_query_2CNtCHy0TUbebdEFLYNrIQ,transfer_3,9012,jpeg50,self,21,nairobi:13,nairobi:10,15.680000,36.1773
toronto_query_-Cdr8zjFdZw7nzz8_rwM4w,isotropic,1234,jpeg50,self,360,zurich:42,toronto:389,15.680000,36.1773
toronto_query_-Cdr8zjFdZw7nzz8_rwM4w,white_box,1234,jpeg50,self,150,toronto:346,toronto:389,15.679997,36.1773
toronto_query_-Cdr8zjFdZw7nzz8_rwM4w,transfer_1,1234,jpeg50,self,250,zurich:42,toronto:389,15.680000,36.1773
toronto_query_-Cdr8zjFdZw7nzz8_rwM4w,transfer_2,1234,jpeg50,self,192,zurich:42,toronto:389,15.679997,36.1773
toronto_query_-Cdr8zjFdZw7nzz8_rwM4w,transfer_3,1234,jpeg50,self,243,zurich:42,toronto:389,15.679997,36.1773
toronto_query_-Cdr8zjFdZw7nzz8_rwM4w,isotropic,5678,jpeg50,self,386,zurich:42,toronto:389,15.680000,36.1773
toronto_query_-Cdr8zjFdZw7nzz8_rwM4w,white_box,5678,jpeg50,self,103,amman:11,toronto:389,15.679998,36.1773
toronto_query_-Cdr8zjFdZw7nzz8_rwM4w,transfer_1,5678,jpeg50,self,218,zurich:42,toronto:389,15.679997,36.1773
toronto_query_-Cdr8zjFdZw7nzz8_rwM4w,transfer_2,5678,jpeg50,self,175,zurich:42,toronto:389,15.680000,36.1773
toronto_query_-Cdr8zjFdZw7nzz8_rwM4w,transfer_3,5678,jpeg50,self,230,zurich:42,toronto:389,15.679998,36.1773
toronto_query_-Cdr8zjFdZw7nzz8_rwM4w,isotropic,9012,jpeg50,self,316,zurich:42,toronto:389,15.679997,36.1773
toronto_query_-Cdr8zjFdZw7nzz8_rwM4w,white_box,9012,jpeg50,self,371,toronto:244,toronto:389,15.679996,36.1773
toronto_query_-Cdr8zjFdZw7nzz8_rwM4w,transfer_1,9012,jpeg50,self,288,zurich:42,toronto:389,15.679997,36.1773
toronto_query_-Cdr8zjFdZw7nzz8_rwM4w,transfer_2,9012,jpeg50,self,213,zurich:42,toronto:389,15.680001,36.1773
toronto_query_-Cdr8zjFdZw7nzz8_rwM4w,transfer_3,9012,jpeg50,self,263,zurich:42,toronto:389,15.680000,36.1773
zurich_query_0247N-PdpG4_iueC_9_G4g,isotropic,1234,jpeg50,self,1,zurich:42,zurich:42,15.679998,36.1773
zurich_query_0247N-PdpG4_iueC_9_G4g,white_box,1234,jpeg50,self,107,toronto:200,zurich:42,15.680000,36.1773
zurich_query_0247N-PdpG4_iueC_9_G4g,transfer_1,1234,jpeg50,self,2,toronto:228,zurich:42,15.680000,36.1773
zurich_query_0247N-PdpG4_iueC_9_G4g,transfer_2,1234,jpeg50,self,1,zurich:42,zurich:42,15.680000,36.1773
zurich_query_0247N-PdpG4_iueC_9_G4g,transfer_3,1234,jpeg50,self,1,zurich:42,zurich:42,15.680000,36.1773
zurich_query_0247N-PdpG4_iueC_9_G4g,isotropic,5678,jpeg50,self,2,toronto:228,zurich:42,15.680000,36.1773
zurich_query_0247N-PdpG4_iueC_9_G4g,white_box,5678,jpeg50,self,47,nairobi:15,zurich:42,15.680000,36.1773
zurich_query_0247N-PdpG4_iueC_9_G4g,transfer_1,5678,jpeg50,self,1,zurich:42,zurich:42,15.679997,36.1773
zurich_query_0247N-PdpG4_iueC_9_G4g,transfer_2,5678,jpeg50,self,1,zurich:42,zurich:42,15.680000,36.1773
zurich_query_0247N-PdpG4_iueC_9_G4g,transfer_3,5678,jpeg50,self,1,zurich:42,zurich:42,15.679998,36.1773
zurich_query_0247N-PdpG4_iueC_9_G4g,isotropic,9012,jpeg50,self,1,zurich:42,zurich:42,15.679995,36.1773
zurich_query_0247N-PdpG4_iueC_9_G4g,white_box,9012,jpeg50,self,149,toronto:200,zurich:42,15.680000,36.1773
zurich_query_0247N-PdpG4_iueC_9_G4g,transfer_1,9012,jpeg50,self,1,zurich:42,zurich:42,15.679998,36.1773
zurich_query_0247N-PdpG4_iueC_9_G4g,transfer_2,9012,jpeg50,self,1,zurich:42,zurich:42,15.680000,36.1773
zurich_query_0247N-PdpG4_iueC_9_G4g,transfer_3,9012,jpeg50,self,1,zurich:42,zurich:42,15.680000,36.1773
amman_query_1Nmy4JnYnb5zA_JmbkDWBQ,isotropic,1234,jpeg50,self,510,amman:21,amman:4,15.680001,36.1773
amman_query_1Nmy4JnYnb5zA_JmbkDWBQ,white_box,1234,jpeg50,self,1184,zurich:33,amman:4,15.679998,36.1773
amman_query_1Nmy4JnYnb5zA_JmbkDWBQ,transfer_1,1234,jpeg50,self,766,amman:21,amman:4,15.679998,36.1773
amman_query_1Nmy4JnYnb5zA_JmbkDWBQ,transfer_2,1234,jpeg50,self,516,amman:21,amman:4,15.680001,36.1773
amman_query_1Nmy4JnYnb5zA_JmbkDWBQ,transfer_3,1234,jpeg50,self,807,amman:21,amman:4,15.680000,36.1773
amman_query_1Nmy4JnYnb5zA_JmbkDWBQ,isotropic,5678,jpeg50,self,565,amman:21,amman:4,15.679997,36.1773
amman_query_1Nmy4JnYnb5zA_JmbkDWBQ,white_box,5678,jpeg50,self,289,amman:21,amman:4,15.680000,36.1773
amman_query_1Nmy4JnYnb5zA_JmbkDWBQ,transfer_1,5678,jpeg50,self,399,amman:21,amman:4,15.679997,36.1773
amman_query_1Nmy4JnYnb5zA_JmbkDWBQ,transfer_2,5678,jpeg50,self,384,amman:21,amman:4,15.679997,36.1773
amman_query_1Nmy4JnYnb5zA_JmbkDWBQ,transfer_3,5678,jpeg50,self,301,amman:21,amman:4,15.680000,36.1773
amman_query_1Nmy4JnYnb5zA_JmbkDWBQ,isotropic,9012,jpeg50,self,591,amman:21,amman:4,15.679998,36.1773
amman_query_1Nmy4JnYnb5zA_JmbkDWBQ,white_box,9012,jpeg50,self,1731,toronto:200,amman:4,15.680000,36.1773
amman_query_1Nmy4JnYnb5zA_JmbkDWBQ,transfer_1,9012,jpeg50,self,520,amman:21,amman:4,15.680000,36.1773
amman_query_1Nmy4JnYnb5zA_JmbkDWBQ,transfer_2,9012,jpeg50,self,792,amman:21,amman:4,15.679997,36.1773
amman_query_1Nmy4JnYnb5zA_JmbkDWBQ,transfer_3,9012,jpeg50,self,551,amman:11,amman:4,15.680000,36.1773
boston_query_-Lu6tv4tCQMDsXtxLtxMzQ,isotropic,1234,jpeg50,self,335,boston:79,boston:176,15.680000,36.1773
boston_query_-Lu6tv4tCQMDsXtxLtxMzQ,white_box,1234,jpeg50,self,202,manila:92,boston:176,15.680000,36.1773
boston_query_-Lu6tv4tCQMDsXtxLtxMzQ,transfer_1,1234,jpeg50,self,237,boston:79,boston:176,15.680000,36.1773
boston_query_-Lu6tv4tCQMDsXtxLtxMzQ,transfer_2,1234,jpeg50,self,182,boston:79,boston:176,15.679997,36.1773
boston_query_-Lu6tv4tCQMDsXtxLtxMzQ,transfer_3,1234,jpeg50,self,257,boston:79,boston:176,15.679997,36.1773
boston_query_-Lu6tv4tCQMDsXtxLtxMzQ,isotropic,5678,jpeg50,self,316,boston:79,boston:176,15.680000,36.1773
boston_query_-Lu6tv4tCQMDsXtxLtxMzQ,white_box,5678,jpeg50,self,381,boston:79,boston:176,15.680002,36.1773
boston_query_-Lu6tv4tCQMDsXtxLtxMzQ,transfer_1,5678,jpeg50,self,229,boston:79,boston:176,15.679997,36.1773
boston_query_-Lu6tv4tCQMDsXtxLtxMzQ,transfer_2,5678,jpeg50,self,259,boston:249,boston:176,15.680000,36.1773
boston_query_-Lu6tv4tCQMDsXtxLtxMzQ,transfer_3,5678,jpeg50,self,272,amman:1,boston:176,15.680001,36.1773
boston_query_-Lu6tv4tCQMDsXtxLtxMzQ,isotropic,9012,jpeg50,self,254,boston:79,boston:176,15.679998,36.1773
boston_query_-Lu6tv4tCQMDsXtxLtxMzQ,white_box,9012,jpeg50,self,690,manila:92,boston:176,15.680001,36.1773
boston_query_-Lu6tv4tCQMDsXtxLtxMzQ,transfer_1,9012,jpeg50,self,256,boston:79,boston:176,15.679997,36.1773
boston_query_-Lu6tv4tCQMDsXtxLtxMzQ,transfer_2,9012,jpeg50,self,247,boston:79,boston:176,15.680000,36.1773
boston_query_-Lu6tv4tCQMDsXtxLtxMzQ,transfer_3,9012,jpeg50,self,214,boston:79,boston:176,15.679997,36.1773
cph_query_-HqO0GfYTRx5TzfB_6mTqA,isotropic,1234,jpeg50,self,136,cph:245,cph:296,15.679997,36.1773
cph_query_-HqO0GfYTRx5TzfB_6mTqA,white_box,1234,jpeg50,self,1,cph:296,cph:296,15.679997,36.1773
cph_query_-HqO0GfYTRx5TzfB_6mTqA,transfer_1,1234,jpeg50,self,162,zurich:5,cph:296,15.680000,36.1773
cph_query_-HqO0GfYTRx5TzfB_6mTqA,transfer_2,1234,jpeg50,self,32,zurich:5,cph:296,15.680001,36.1773
cph_query_-HqO0GfYTRx5TzfB_6mTqA,transfer_3,1234,jpeg50,self,76,zurich:5,cph:296,15.679997,36.1773
cph_query_-HqO0GfYTRx5TzfB_6mTqA,isotropic,5678,jpeg50,self,81,cph:245,cph:296,15.680000,36.1773
cph_query_-HqO0GfYTRx5TzfB_6mTqA,white_box,5678,jpeg50,self,14,manila:92,cph:296,15.680001,36.1773
cph_query_-HqO0GfYTRx5TzfB_6mTqA,transfer_1,5678,jpeg50,self,96,boston:79,cph:296,15.680001,36.1773
cph_query_-HqO0GfYTRx5TzfB_6mTqA,transfer_2,5678,jpeg50,self,42,zurich:5,cph:296,15.680000,36.1773
cph_query_-HqO0GfYTRx5TzfB_6mTqA,transfer_3,5678,jpeg50,self,136,zurich:5,cph:296,15.679997,36.1773
cph_query_-HqO0GfYTRx5TzfB_6mTqA,isotropic,9012,jpeg50,self,59,cph:245,cph:296,15.679998,36.1773
cph_query_-HqO0GfYTRx5TzfB_6mTqA,white_box,9012,jpeg50,self,85,boston:234,cph:296,15.680000,36.1773
cph_query_-HqO0GfYTRx5TzfB_6mTqA,transfer_1,9012,jpeg50,self,26,cph:245,cph:296,15.679998,36.1773
cph_query_-HqO0GfYTRx5TzfB_6mTqA,transfer_2,9012,jpeg50,self,46,boston:79,cph:296,15.680000,36.1773
cph_query_-HqO0GfYTRx5TzfB_6mTqA,transfer_3,9012,jpeg50,self,85,manila:183,cph:296,15.679997,36.1773
london_query_-izmF6OCR-aIZLVQbzDbLQ,isotropic,1234,jpeg50,self,33,zurich:94,london:8,15.679997,36.1773
london_query_-izmF6OCR-aIZLVQbzDbLQ,white_box,1234,jpeg50,self,231,amman:26,london:8,15.679997,36.1773
london_query_-izmF6OCR-aIZLVQbzDbLQ,transfer_1,1234,jpeg50,self,24,zurich:94,london:8,15.679997,36.1773
london_query_-izmF6OCR-aIZLVQbzDbLQ,transfer_2,1234,jpeg50,self,20,manila:163,london:8,15.679997,36.1773
london_query_-izmF6OCR-aIZLVQbzDbLQ,transfer_3,1234,jpeg50,self,11,zurich:94,london:8,15.679997,36.1773
london_query_-izmF6OCR-aIZLVQbzDbLQ,isotropic,5678,jpeg50,self,14,manila:163,london:8,15.679998,36.1773
london_query_-izmF6OCR-aIZLVQbzDbLQ,white_box,5678,jpeg50,self,33,zurich:5,london:8,15.679998,36.1773
london_query_-izmF6OCR-aIZLVQbzDbLQ,transfer_1,5678,jpeg50,self,16,zurich:94,london:8,15.680000,36.1773
london_query_-izmF6OCR-aIZLVQbzDbLQ,transfer_2,5678,jpeg50,self,18,zurich:94,london:8,15.679997,36.1773
london_query_-izmF6OCR-aIZLVQbzDbLQ,transfer_3,5678,jpeg50,self,11,zurich:94,london:8,15.679997,36.1773
london_query_-izmF6OCR-aIZLVQbzDbLQ,isotropic,9012,jpeg50,self,23,zurich:94,london:8,15.679998,36.1773
london_query_-izmF6OCR-aIZLVQbzDbLQ,white_box,9012,jpeg50,self,25,london:2,london:8,15.680000,36.1773
london_query_-izmF6OCR-aIZLVQbzDbLQ,transfer_1,9012,jpeg50,self,13,zurich:94,london:8,15.679998,36.1773
london_query_-izmF6OCR-aIZLVQbzDbLQ,transfer_2,9012,jpeg50,self,21,zurich:94,london:8,15.680000,36.1773
london_query_-izmF6OCR-aIZLVQbzDbLQ,transfer_3,9012,jpeg50,self,10,zurich:94,london:8,15.679997,36.1773
manila_query_-P2actpgy_mRkcbLVKBjkQ,isotropic,1234,jpeg50,self,10,manila:13,manila:94,15.679997,36.1773
manila_query_-P2actpgy_mRkcbLVKBjkQ,white_box,1234,jpeg50,self,48,cph:245,manila:94,15.679997,36.1773
manila_query_-P2actpgy_mRkcbLVKBjkQ,transfer_1,1234,jpeg50,self,11,manila:181,manila:94,15.679997,36.1773
manila_query_-P2actpgy_mRkcbLVKBjkQ,transfer_2,1234,jpeg50,self,4,manila:13,manila:94,15.679997,36.1773
manila_query_-P2actpgy_mRkcbLVKBjkQ,transfer_3,1234,jpeg50,self,9,manila:13,manila:94,15.679997,36.1773
manila_query_-P2actpgy_mRkcbLVKBjkQ,isotropic,5678,jpeg50,self,15,cph:464,manila:94,15.680000,36.1773
manila_query_-P2actpgy_mRkcbLVKBjkQ,white_box,5678,jpeg50,self,15,zurich:22,manila:94,15.679998,36.1773
manila_query_-P2actpgy_mRkcbLVKBjkQ,transfer_1,5678,jpeg50,self,3,cph:464,manila:94,15.680000,36.1773
manila_query_-P2actpgy_mRkcbLVKBjkQ,transfer_2,5678,jpeg50,self,9,toronto:23,manila:94,15.679997,36.1773
manila_query_-P2actpgy_mRkcbLVKBjkQ,transfer_3,5678,jpeg50,self,6,manila:13,manila:94,15.680000,36.1773
manila_query_-P2actpgy_mRkcbLVKBjkQ,isotropic,9012,jpeg50,self,13,cph:464,manila:94,15.680001,36.1773
manila_query_-P2actpgy_mRkcbLVKBjkQ,white_box,9012,jpeg50,self,156,cph:345,manila:94,15.679998,36.1773
manila_query_-P2actpgy_mRkcbLVKBjkQ,transfer_1,9012,jpeg50,self,7,manila:13,manila:94,15.679998,36.1773
manila_query_-P2actpgy_mRkcbLVKBjkQ,transfer_2,9012,jpeg50,self,1,manila:94,manila:94,15.679998,36.1773
manila_query_-P2actpgy_mRkcbLVKBjkQ,transfer_3,9012,jpeg50,self,4,manila:13,manila:94,15.679998,36.1773
nairobi_query_2OfDNnR5st7y8-O2ibiklQ,isotropic,1234,jpeg50,self,99,boston:249,nairobi:5,15.680000,36.1773
nairobi_query_2OfDNnR5st7y8-O2ibiklQ,white_box,1234,jpeg50,self,56,manila:94,nairobi:5,15.680000,36.1773
nairobi_query_2OfDNnR5st7y8-O2ibiklQ,transfer_1,1234,jpeg50,self,103,boston:249,nairobi:5,15.679998,36.1773
nairobi_query_2OfDNnR5st7y8-O2ibiklQ,transfer_2,1234,jpeg50,self,88,boston:47,nairobi:5,15.679998,36.1773
nairobi_query_2OfDNnR5st7y8-O2ibiklQ,transfer_3,1234,jpeg50,self,120,boston:249,nairobi:5,15.680000,36.1773
nairobi_query_2OfDNnR5st7y8-O2ibiklQ,isotropic,5678,jpeg50,self,91,boston:249,nairobi:5,15.679997,36.1773
nairobi_query_2OfDNnR5st7y8-O2ibiklQ,white_box,5678,jpeg50,self,175,london:8,nairobi:5,15.679997,36.1773
nairobi_query_2OfDNnR5st7y8-O2ibiklQ,transfer_1,5678,jpeg50,self,96,boston:249,nairobi:5,15.680000,36.1773
nairobi_query_2OfDNnR5st7y8-O2ibiklQ,transfer_2,5678,jpeg50,self,58,boston:249,nairobi:5,15.680000,36.1773
nairobi_query_2OfDNnR5st7y8-O2ibiklQ,transfer_3,5678,jpeg50,self,97,boston:249,nairobi:5,15.680000,36.1773
nairobi_query_2OfDNnR5st7y8-O2ibiklQ,isotropic,9012,jpeg50,self,103,boston:249,nairobi:5,15.679996,36.1773
nairobi_query_2OfDNnR5st7y8-O2ibiklQ,white_box,9012,jpeg50,self,377,manila:72,nairobi:5,15.680000,36.1773
nairobi_query_2OfDNnR5st7y8-O2ibiklQ,transfer_1,9012,jpeg50,self,74,cph:241,nairobi:5,15.679997,36.1773
nairobi_query_2OfDNnR5st7y8-O2ibiklQ,transfer_2,9012,jpeg50,self,90,boston:249,nairobi:5,15.679998,36.1773
nairobi_query_2OfDNnR5st7y8-O2ibiklQ,transfer_3,9012,jpeg50,self,99,boston:249,nairobi:5,15.679998,36.1773
toronto_query_-DB8UBv2Rg4kTi6HTqrhOw,isotropic,1234,jpeg50,self,39,toronto:151,toronto:228,15.679998,36.1773
toronto_query_-DB8UBv2Rg4kTi6HTqrhOw,white_box,1234,jpeg50,self,161,nairobi:22,toronto:228,15.679998,36.1773
toronto_query_-DB8UBv2Rg4kTi6HTqrhOw,transfer_1,1234,jpeg50,self,5,cph:241,toronto:228,15.680000,36.1773
toronto_query_-DB8UBv2Rg4kTi6HTqrhOw,transfer_2,1234,jpeg50,self,16,toronto:301,toronto:228,15.680001,36.1773
toronto_query_-DB8UBv2Rg4kTi6HTqrhOw,transfer_3,1234,jpeg50,self,9,cph:241,toronto:228,15.679997,36.1773
toronto_query_-DB8UBv2Rg4kTi6HTqrhOw,isotropic,5678,jpeg50,self,31,toronto:151,toronto:228,15.680000,36.1773
toronto_query_-DB8UBv2Rg4kTi6HTqrhOw,white_box,5678,jpeg50,self,143,zurich:19,toronto:228,15.680001,36.1773
toronto_query_-DB8UBv2Rg4kTi6HTqrhOw,transfer_1,5678,jpeg50,self,15,boston:98,toronto:228,15.679997,36.1773
toronto_query_-DB8UBv2Rg4kTi6HTqrhOw,transfer_2,5678,jpeg50,self,7,boston:98,toronto:228,15.680000,36.1773
toronto_query_-DB8UBv2Rg4kTi6HTqrhOw,transfer_3,5678,jpeg50,self,86,boston:176,toronto:228,15.680000,36.1773
toronto_query_-DB8UBv2Rg4kTi6HTqrhOw,isotropic,9012,jpeg50,self,22,toronto:151,toronto:228,15.679997,36.1773
toronto_query_-DB8UBv2Rg4kTi6HTqrhOw,white_box,9012,jpeg50,self,163,manila:181,toronto:228,15.679998,36.1773
toronto_query_-DB8UBv2Rg4kTi6HTqrhOw,transfer_1,9012,jpeg50,self,63,zurich:64,toronto:228,15.680000,36.1773
toronto_query_-DB8UBv2Rg4kTi6HTqrhOw,transfer_2,9012,jpeg50,self,15,boston:98,toronto:228,15.679997,36.1773
toronto_query_-DB8UBv2Rg4kTi6HTqrhOw,transfer_3,9012,jpeg50,self,22,cph:241,toronto:228,15.679998,36.1773
zurich_query_046U_rtFmS-pAuZF-Zba0Q,isotropic,1234,jpeg50,self,5,boston:98,zurich:42,15.679997,36.1773
zurich_query_046U_rtFmS-pAuZF-Zba0Q,white_box,1234,jpeg50,self,17,manila:92,zurich:42,15.680000,36.1773
zurich_query_046U_rtFmS-pAuZF-Zba0Q,transfer_1,1234,jpeg50,self,4,boston:79,zurich:42,15.680001,36.1773
zurich_query_046U_rtFmS-pAuZF-Zba0Q,transfer_2,1234,jpeg50,self,1,zurich:42,zurich:42,15.679998,36.1773
zurich_query_046U_rtFmS-pAuZF-Zba0Q,transfer_3,1234,jpeg50,self,2,boston:234,zurich:42,15.679997,36.1773
zurich_query_046U_rtFmS-pAuZF-Zba0Q,isotropic,5678,jpeg50,self,7,boston:216,zurich:42,15.679998,36.1773
zurich_query_046U_rtFmS-pAuZF-Zba0Q,white_box,5678,jpeg50,self,8,london:34,zurich:42,15.679998,36.1773
zurich_query_046U_rtFmS-pAuZF-Zba0Q,transfer_1,5678,jpeg50,self,1,zurich:42,zurich:42,15.680000,36.1773
zurich_query_046U_rtFmS-pAuZF-Zba0Q,transfer_2,5678,jpeg50,self,1,zurich:42,zurich:42,15.679998,36.1773
zurich_query_046U_rtFmS-pAuZF-Zba0Q,transfer_3,5678,jpeg50,self,1,zurich:42,zurich:42,15.679998,36.1773
zurich_query_046U_rtFmS-pAuZF-Zba0Q,isotropic,9012,jpeg50,self,8,boston:216,zurich:42,15.679996,36.1773
zurich_query_046U_rtFmS-pAuZF-Zba0Q,white_box,9012,jpeg50,self,93,boston:168,zurich:42,15.680000,36.1773
zurich_query_046U_rtFmS-pAuZF-Zba0Q,transfer_1,9012,jpeg50,self,3,boston:98,zurich:42,15.679997,36.1773
zurich_query_046U_rtFmS-pAuZF-Zba0Q,transfer_2,9012,jpeg50,self,3,boston:234,zurich:42,15.679998,36.1773
zurich_query_046U_rtFmS-pAuZF-Zba0Q,transfer_3,9012,jpeg50,self,4,boston:234,zurich:42,15.679998,36.1773
amman_query_1Tf2dWuS4el8fREHH1_k0w,isotropic,1234,jpeg50,self,29,amman:4,amman:25,15.679997,36.1773
amman_query_1Tf2dWuS4el8fREHH1_k0w,white_box,1234,jpeg50,self,17,amman:4,amman:25,15.679998,36.1773
amman_query_1Tf2dWuS4el8fREHH1_k0w,transfer_1,1234,jpeg50,self,73,amman:4,amman:25,15.680000,36.1773
amman_query_1Tf2dWuS4el8fREHH1_k0w,transfer_2,1234,jpeg50,self,93,amman:35,amman:25,15.680001,36.1773
amman_query_1Tf2dWuS4el8fREHH1_k0w,transfer_3,1234,jpeg50,self,103,zurich:19,amman:25,15.679998,36.1773
amman_query_1Tf2dWuS4el8fREHH1_k0w,isotropic,5678,jpeg50,self,74,amman:35,amman:25,15.680000,36.1773
amman_query_1Tf2dWuS4el8fREHH1_k0w,white_box,5678,jpeg50,self,13,amman:4,amman:25,15.679997,36.1773
amman_query_1Tf2dWuS4el8fREHH1_k0w,transfer_1,5678,jpeg50,self,59,amman:4,amman:25,15.679997,36.1773
amman_query_1Tf2dWuS4el8fREHH1_k0w,transfer_2,5678,jpeg50,self,54,amman:35,amman:25,15.679997,36.1773
amman_query_1Tf2dWuS4el8fREHH1_k0w,transfer_3,5678,jpeg50,self,88,amman:35,amman:25,15.679997,36.1773
amman_query_1Tf2dWuS4el8fREHH1_k0w,isotropic,9012,jpeg50,self,14,amman:4,amman:25,15.680000,36.1773
amman_query_1Tf2dWuS4el8fREHH1_k0w,white_box,9012,jpeg50,self,29,amman:4,amman:25,15.679997,36.1773
amman_query_1Tf2dWuS4el8fREHH1_k0w,transfer_1,9012,jpeg50,self,102,amman:4,amman:25,15.679997,36.1773
amman_query_1Tf2dWuS4el8fREHH1_k0w,transfer_2,9012,jpeg50,self,72,amman:35,amman:25,15.680000,36.1773
amman_query_1Tf2dWuS4el8fREHH1_k0w,transfer_3,9012,jpeg50,self,102,nairobi:3,amman:25,15.679997,36.1773
boston_query_-N2T2kBE4uG56LTsyCQPJg,isotropic,1234,jpeg50,self,270,amman:23,boston:19,15.679998,36.1773
boston_query_-N2T2kBE4uG56LTsyCQPJg,white_box,1234,jpeg50,self,286,manila:181,boston:19,15.679997,36.1773
boston_query_-N2T2kBE4uG56LTsyCQPJg,transfer_1,1234,jpeg50,self,312,boston:191,boston:19,15.679998,36.1773
boston_query_-N2T2kBE4uG56LTsyCQPJg,transfer_2,1234,jpeg50,self,218,amman:1,boston:19,15.680001,36.1773
boston_query_-N2T2kBE4uG56LTsyCQPJg,transfer_3,1234,jpeg50,self,158,amman:23,boston:19,15.679997,36.1773
boston_query_-N2T2kBE4uG56LTsyCQPJg,isotropic,5678,jpeg50,self,369,zurich:23,boston:19,15.680002,36.1773
boston_query_-N2T2kBE4uG56LTsyCQPJg,white_box,5678,jpeg50,self,441,boston:249,boston:19,15.680001,36.1773
boston_query_-N2T2kBE4uG56LTsyCQPJg,transfer_1,5678,jpeg50,self,471,cph:241,boston:19,15.679997,36.1773
boston_query_-N2T2kBE4uG56LTsyCQPJg,transfer_2,5678,jpeg50,self,191,amman:23,boston:19,15.679997,36.1773
boston_query_-N2T2kBE4uG56LTsyCQPJg,transfer_3,5678,jpeg50,self,97,amman:23,boston:19,15.679997,36.1773
boston_query_-N2T2kBE4uG56LTsyCQPJg,isotropic,9012,jpeg50,self,385,zurich:23,boston:19,15.679998,36.1773
boston_query_-N2T2kBE4uG56LTsyCQPJg,white_box,9012,jpeg50,self,313,zurich:19,boston:19,15.680000,36.1773
boston_query_-N2T2kBE4uG56LTsyCQPJg,transfer_1,9012,jpeg50,self,316,boston:191,boston:19,15.680001,36.1773
boston_query_-N2T2kBE4uG56LTsyCQPJg,transfer_2,9012,jpeg50,self,196,amman:1,boston:19,15.679998,36.1773
boston_query_-N2T2kBE4uG56LTsyCQPJg,transfer_3,9012,jpeg50,self,133,toronto:196,boston:19,15.680000,36.1773
cph_query_-I7HyKa_KIzMp2uMsvqUAg,isotropic,1234,jpeg50,self,10,cph:500,cph:54,15.679997,36.1773
cph_query_-I7HyKa_KIzMp2uMsvqUAg,white_box,1234,jpeg50,self,138,manila:51,cph:54,15.679997,36.1773
cph_query_-I7HyKa_KIzMp2uMsvqUAg,transfer_1,1234,jpeg50,self,10,cph:500,cph:54,15.679997,36.1773
cph_query_-I7HyKa_KIzMp2uMsvqUAg,transfer_2,1234,jpeg50,self,14,cph:500,cph:54,15.679997,36.1773
cph_query_-I7HyKa_KIzMp2uMsvqUAg,transfer_3,1234,jpeg50,self,14,cph:429,cph:54,15.680000,36.1773
cph_query_-I7HyKa_KIzMp2uMsvqUAg,isotropic,5678,jpeg50,self,12,cph:500,cph:54,15.680000,36.1773
cph_query_-I7HyKa_KIzMp2uMsvqUAg,white_box,5678,jpeg50,self,74,manila:13,cph:54,15.680002,36.1773
cph_query_-I7HyKa_KIzMp2uMsvqUAg,transfer_1,5678,jpeg50,self,10,cph:500,cph:54,15.680000,36.1773
cph_query_-I7HyKa_KIzMp2uMsvqUAg,transfer_2,5678,jpeg50,self,8,cph:500,cph:54,15.680000,36.1773
cph_query_-I7HyKa_KIzMp2uMsvqUAg,transfer_3,5678,jpeg50,self,22,cph:500,cph:54,15.679997,36.1773
cph_query_-I7HyKa_KIzMp2uMsvqUAg,isotropic,9012,jpeg50,self,7,cph:500,cph:54,15.679998,36.1773
cph_query_-I7HyKa_KIzMp2uMsvqUAg,white_box,9012,jpeg50,self,177,manila:51,cph:54,15.679997,36.1773
cph_query_-I7HyKa_KIzMp2uMsvqUAg,transfer_1,9012,jpeg50,self,7,cph:500,cph:54,15.679997,36.1773
cph_query_-I7HyKa_KIzMp2uMsvqUAg,transfer_2,9012,jpeg50,self,15,cph:500,cph:54,15.680000,36.1773
cph_query_-I7HyKa_KIzMp2uMsvqUAg,transfer_3,9012,jpeg50,self,17,cph:500,cph:54,15.680000,36.1773
london_query_-kd8SHN5N5wLOpzEu10rfQ,isotropic,1234,jpeg50,self,22,cph:333,london:36,15.679997,36.1773
london_query_-kd8SHN5N5wLOpzEu10rfQ,white_box,1234,jpeg50,self,88,amman:23,london:36,15.680000,36.1773
london_query_-kd8SHN5N5wLOpzEu10rfQ,transfer_1,1234,jpeg50,self,9,cph:459,london:36,15.680001,36.1773
london_query_-kd8SHN5N5wLOpzEu10rfQ,transfer_2,1234,jpeg50,self,4,cph:94,london:36,15.679997,36.1773
london_query_-kd8SHN5N5wLOpzEu10rfQ,transfer_3,1234,jpeg50,self,9,cph:333,london:36,15.680000,36.1773
london_query_-kd8SHN5N5wLOpzEu10rfQ,isotropic,5678,jpeg50,self,20,cph:94,london:36,15.680000,36.1773
london_query_-kd8SHN5N5wLOpzEu10rfQ,white_box,5678,jpeg50,self,13,boston:112,london:36,15.679998,36.1773
london_query_-kd8SHN5N5wLOpzEu10rfQ,transfer_1,5678,jpeg50,self,13,cph:333,london:36,15.680000,36.1773
london_query_-kd8SHN5N5wLOpzEu10rfQ,transfer_2,5678,jpeg50,self,5,cph:459,london:36,15.679997,36.1773
london_query_-kd8SHN5N5wLOpzEu10rfQ,transfer_3,5678,jpeg50,self,7,cph:459,london:36,15.679997,36.1773
london_query_-kd8SHN5N5wLOpzEu10rfQ,isotropic,9012,jpeg50,self,12,cph:94,london:36,15.680000,36.1773
london_query_-kd8SHN5N5wLOpzEu10rfQ,white_box,9012,jpeg50,self,3,boston:112,london:36,15.679998,36.1773
london_query_-kd8SHN5N5wLOpzEu10rfQ,transfer_1,9012,jpeg50,self,5,cph:94,london:36,15.680000,36.1773
london_query_-kd8SHN5N5wLOpzEu10rfQ,transfer_2,9012,jpeg50,self,8,cph:94,london:36,15.680000,36.1773
london_query_-kd8SHN5N5wLOpzEu10rfQ,transfer_3,9012,jpeg50,self,11,cph:94,london:36,15.679998,36.1773
manila_query_-PR9Q6-AlT31oRE_Ep_fnQ,isotropic,1234,jpeg50,self,338,manila:143,manila:135,15.679997,36.1773
manila_query_-PR9Q6-AlT31oRE_Ep_fnQ,white_box,1234,jpeg50,self,30,manila:106,manila:135,15.679998,36.1773
manila_query_-PR9Q6-AlT31oRE_Ep_fnQ,transfer_1,1234,jpeg50,self,186,manila:143,manila:135,15.680001,36.1773
manila_query_-PR9Q6-AlT31oRE_Ep_fnQ,transfer_2,1234,jpeg50,self,162,zurich:19,manila:135,15.680000,36.1773
manila_query_-PR9Q6-AlT31oRE_Ep_fnQ,transfer_3,1234,jpeg50,self,215,zurich:19,manila:135,15.679998,36.1773
manila_query_-PR9Q6-AlT31oRE_Ep_fnQ,isotropic,5678,jpeg50,self,315,manila:143,manila:135,15.680000,36.1773
manila_query_-PR9Q6-AlT31oRE_Ep_fnQ,white_box,5678,jpeg50,self,12,toronto:23,manila:135,15.680000,36.1773
manila_query_-PR9Q6-AlT31oRE_Ep_fnQ,transfer_1,5678,jpeg50,self,481,manila:143,manila:135,15.679997,36.1773
manila_query_-PR9Q6-AlT31oRE_Ep_fnQ,transfer_2,5678,jpeg50,self,97,manila:143,manila:135,15.680000,36.1773
manila_query_-PR9Q6-AlT31oRE_Ep_fnQ,transfer_3,5678,jpeg50,self,94,manila:143,manila:135,15.679997,36.1773
manila_query_-PR9Q6-AlT31oRE_Ep_fnQ,isotropic,9012,jpeg50,self,243,manila:143,manila:135,15.679998,36.1773
manila_query_-PR9Q6-AlT31oRE_Ep_fnQ,white_box,9012,jpeg50,self,5,manila:72,manila:135,15.680000,36.1773
manila_query_-PR9Q6-AlT31oRE_Ep_fnQ,transfer_1,9012,jpeg50,self,334,toronto:346,manila:135,15.680000,36.1773
manila_query_-PR9Q6-AlT31oRE_Ep_fnQ,transfer_2,9012,jpeg50,self,260,toronto:23,manila:135,15.679998,36.1773
manila_query_-PR9Q6-AlT31oRE_Ep_fnQ,transfer_3,9012,jpeg50,self,233,zurich:19,manila:135,15.680000,36.1773
nairobi_query_2QtumRO8ayl5p_Jb-rhTZQ,isotropic,1234,jpeg50,self,1,nairobi:22,nairobi:22,15.679998,36.1773
nairobi_query_2QtumRO8ayl5p_Jb-rhTZQ,white_box,1234,jpeg50,self,62,zurich:33,nairobi:22,15.679997,36.1773
nairobi_query_2QtumRO8ayl5p_Jb-rhTZQ,transfer_1,1234,jpeg50,self,1,nairobi:22,nairobi:22,15.679998,36.1773
nairobi_query_2QtumRO8ayl5p_Jb-rhTZQ,transfer_2,1234,jpeg50,self,1,nairobi:22,nairobi:22,15.680000,36.1773
nairobi_query_2QtumRO8ayl5p_Jb-rhTZQ,transfer_3,1234,jpeg50,self,1,nairobi:22,nairobi:22,15.680000,36.1773
nairobi_query_2QtumRO8ayl5p_Jb-rhTZQ,isotropic,5678,jpeg50,self,2,boston:234,nairobi:22,15.680000,36.1773
nairobi_query_2QtumRO8ayl5p_Jb-rhTZQ,white_box,5678,jpeg50,self,9,london:125,nairobi:22,15.680000,36.1773
nairobi_query_2QtumRO8ayl5p_Jb-rhTZQ,transfer_1,5678,jpeg50,self,1,nairobi:22,nairobi:22,15.680000,36.1773
nairobi_query_2QtumRO8ayl5p_Jb-rhTZQ,transfer_2,5678,jpeg50,self,1,nairobi:22,nairobi:22,15.680000,36.1773
nairobi_query_2QtumRO8ayl5p_Jb-rhTZQ,transfer_3,5678,jpeg50,self,1,nairobi:22,nairobi:22,15.679997,36.1773
nairobi_query_2QtumRO8ayl5p_Jb-rhTZQ,isotropic,9012,jpeg50,self,1,nairobi:22,nairobi:22,15.680000,36.1773
nairobi_query_2QtumRO8ayl5p_Jb-rhTZQ,white_box,9012,jpeg50,self,44,zurich:33,nairobi:22,15.679997,36.1773
nairobi_query_2QtumRO8ayl5p_Jb-rhTZQ,transfer_1,9012,jpeg50,self,1,nairobi:22,nairobi:22,15.680001,36.1773
nairobi_query_2QtumRO8ayl5p_Jb-rhTZQ,transfer_2,9012,jpeg50,self,1,nairobi:22,nairobi:22,15.680001,36.1773
nairobi_query_2QtumRO8ayl5p_Jb-rhTZQ,transfer_3,9012,jpeg50,self,1,nairobi:22,nairobi:22,15.680000,36.1773
toronto_query_-Dr7KE__egl6kS-yslctCg,isotropic,1234,jpeg50,self,22,toronto:200,toronto:196,15.679997,36.1773
toronto_query_-Dr7KE__egl6kS-yslctCg,white_box,1234,jpeg50,self,5,manila:51,toronto:196,15.680000,36.1773
toronto_query_-Dr7KE__egl6kS-yslctCg,transfer_1,1234,jpeg50,self,20,toronto:192,toronto:196,15.679997,36.1773
toronto_query_-Dr7KE__egl6kS-yslctCg,transfer_2,1234,jpeg50,self,5,toronto:192,toronto:196,15.680000,36.1773
toronto_query_-Dr7KE__egl6kS-yslctCg,transfer_3,1234,jpeg50,self,2,manila:13,toronto:196,15.680000,36.1773
toronto_query_-Dr7KE__egl6kS-yslctCg,isotropic,5678,jpeg50,self,49,toronto:200,toronto:196,15.679997,36.1773
toronto_query_-Dr7KE__egl6kS-yslctCg,white_box,5678,jpeg50,self,11,cph:464,toronto:196,15.680001,36.1773
toronto_query_-Dr7KE__egl6kS-yslctCg,transfer_1,5678,jpeg50,self,45,boston:248,toronto:196,15.680000,36.1773
toronto_query_-Dr7KE__egl6kS-yslctCg,transfer_2,5678,jpeg50,self,19,manila:13,toronto:196,15.679997,36.1773
toronto_query_-Dr7KE__egl6kS-yslctCg,transfer_3,5678,jpeg50,self,13,manila:13,toronto:196,15.679998,36.1773
toronto_query_-Dr7KE__egl6kS-yslctCg,isotropic,9012,jpeg50,self,29,toronto:200,toronto:196,15.679997,36.1773
toronto_query_-Dr7KE__egl6kS-yslctCg,white_box,9012,jpeg50,self,5,manila:51,toronto:196,15.680001,36.1773
toronto_query_-Dr7KE__egl6kS-yslctCg,transfer_1,9012,jpeg50,self,50,toronto:192,toronto:196,15.679997,36.1773
toronto_query_-Dr7KE__egl6kS-yslctCg,transfer_2,9012,jpeg50,self,22,toronto:192,toronto:196,15.680001,36.1773
toronto_query_-Dr7KE__egl6kS-yslctCg,transfer_3,9012,jpeg50,self,1,toronto:196,toronto:196,15.679997,36.1773
zurich_query_08U3p7js9TCivpCfLs0ZIw,isotropic,1234,jpeg50,self,73,amman:31,zurich:5,15.680001,36.1773
zurich_query_08U3p7js9TCivpCfLs0ZIw,white_box,1234,jpeg50,self,132,london:68,zurich:5,15.680000,36.1773
zurich_query_08U3p7js9TCivpCfLs0ZIw,transfer_1,1234,jpeg50,self,157,amman:31,zurich:5,15.680000,36.1773
zurich_query_08U3p7js9TCivpCfLs0ZIw,transfer_2,1234,jpeg50,self,89,amman:31,zurich:5,15.680000,36.1773
zurich_query_08U3p7js9TCivpCfLs0ZIw,transfer_3,1234,jpeg50,self,130,amman:31,zurich:5,15.679998,36.1773
zurich_query_08U3p7js9TCivpCfLs0ZIw,isotropic,5678,jpeg50,self,79,amman:31,zurich:5,15.680002,36.1773
zurich_query_08U3p7js9TCivpCfLs0ZIw,white_box,5678,jpeg50,self,474,manila:190,zurich:5,15.680001,36.1773
zurich_query_08U3p7js9TCivpCfLs0ZIw,transfer_1,5678,jpeg50,self,129,amman:31,zurich:5,15.680000,36.1773
zurich_query_08U3p7js9TCivpCfLs0ZIw,transfer_2,5678,jpeg50,self,42,amman:13,zurich:5,15.680001,36.1773
zurich_query_08U3p7js9TCivpCfLs0ZIw,transfer_3,5678,jpeg50,self,127,manila:33,zurich:5,15.679998,36.1773
zurich_query_08U3p7js9TCivpCfLs0ZIw,isotropic,9012,jpeg50,self,46,manila:33,zurich:5,15.680000,36.1773
zurich_query_08U3p7js9TCivpCfLs0ZIw,white_box,9012,jpeg50,self,156,cph:429,zurich:5,15.679998,36.1773
zurich_query_08U3p7js9TCivpCfLs0ZIw,transfer_1,9012,jpeg50,self,76,manila:33,zurich:5,15.680001,36.1773
zurich_query_08U3p7js9TCivpCfLs0ZIw,transfer_2,9012,jpeg50,self,49,amman:31,zurich:5,15.679998,36.1773
zurich_query_08U3p7js9TCivpCfLs0ZIw,transfer_3,9012,jpeg50,self,104,manila:33,zurich:5,15.680000,36.1773
amman_query_1TysYQA0N2AnJ5lzQWP07w,isotropic,1234,jpeg50,self,4,amman:21,amman:12,15.679997,36.1773
amman_query_1TysYQA0N2AnJ5lzQWP07w,white_box,1234,jpeg50,self,6,amman:25,amman:12,15.680001,36.1773
amman_query_1TysYQA0N2AnJ5lzQWP07w,transfer_1,1234,jpeg50,self,4,amman:21,amman:12,15.679998,36.1773
amman_query_1TysYQA0N2AnJ5lzQWP07w,transfer_2,1234,jpeg50,self,1,amman:12,amman:12,15.680000,36.1773
amman_query_1TysYQA0N2AnJ5lzQWP07w,transfer_3,1234,jpeg50,self,5,amman:21,amman:12,15.680000,36.1773
amman_query_1TysYQA0N2AnJ5lzQWP07w,isotropic,5678,jpeg50,self,3,amman:21,amman:12,15.679997,36.1773
amman_query_1TysYQA0N2AnJ5lzQWP07w,white_box,5678,jpeg50,self,68,amman:26,amman:12,15.680000,36.1773
amman_query_1TysYQA0N2AnJ5lzQWP07w,transfer_1,5678,jpeg50,self,2,amman:23,amman:12,15.680000,36.1773
amman_query_1TysYQA0N2AnJ5lzQWP07w,transfer_2,5678,jpeg50,self,4,boston:123,amman:12,15.679998,36.1773
amman_query_1TysYQA0N2AnJ5lzQWP07w,transfer_3,5678,jpeg50,self,6,boston:123,amman:12,15.679998,36.1773
amman_query_1TysYQA0N2AnJ5lzQWP07w,isotropic,9012,jpeg50,self,4,amman:23,amman:12,15.679998,36.1773
amman_query_1TysYQA0N2AnJ5lzQWP07w,white_box,9012,jpeg50,self,18,amman:21,amman:12,15.679998,36.1773
amman_query_1TysYQA0N2AnJ5lzQWP07w,transfer_1,9012,jpeg50,self,4,amman:23,amman:12,15.680000,36.1773
amman_query_1TysYQA0N2AnJ5lzQWP07w,transfer_2,9012,jpeg50,self,4,amman:23,amman:12,15.680000,36.1773
amman_query_1TysYQA0N2AnJ5lzQWP07w,transfer_3,9012,jpeg50,self,1,amman:12,amman:12,15.680001,36.1773
boston_query_-NRCmKPnLW6ukq5fovMufw,isotropic,1234,jpeg50,self,122,cph:429,boston:112,15.679997,36.1773
boston_query_-NRCmKPnLW6ukq5fovMufw,white_box,1234,jpeg50,self,174,toronto:23,boston:112,15.679997,36.1773
boston_query_-NRCmKPnLW6ukq5fovMufw,transfer_1,1234,jpeg50,self,123,manila:183,boston:112,15.680000,36.1773
boston_query_-NRCmKPnLW6ukq5fovMufw,transfer_2,1234,jpeg50,self,202,manila:183,boston:112,15.679997,36.1773
boston_query_-NRCmKPnLW6ukq5fovMufw,transfer_3,1234,jpeg50,self,504,amman:1,boston:112,15.679998,36.1773
boston_query_-NRCmKPnLW6ukq5fovMufw,isotropic,5678,jpeg50,self,125,cph:429,boston:112,15.680000,36.1773
boston_query_-NRCmKPnLW6ukq5fovMufw,white_box,5678,jpeg50,self,566,zurich:46,boston:112,15.679998,36.1773
boston_query_-NRCmKPnLW6ukq5fovMufw,transfer_1,5678,jpeg50,self,109,manila:181,boston:112,15.679997,36.1773
boston_query_-NRCmKPnLW6ukq5fovMufw,transfer_2,5678,jpeg50,self,78,manila:183,boston:112,15.679997,36.1773
boston_query_-NRCmKPnLW6ukq5fovMufw,transfer_3,5678,jpeg50,self,200,amman:1,boston:112,15.679997,36.1773
boston_query_-NRCmKPnLW6ukq5fovMufw,isotropic,9012,jpeg50,self,139,cph:429,boston:112,15.679997,36.1773
boston_query_-NRCmKPnLW6ukq5fovMufw,white_box,9012,jpeg50,self,1081,boston:168,boston:112,15.680000,36.1773
boston_query_-NRCmKPnLW6ukq5fovMufw,transfer_1,9012,jpeg50,self,89,cph:429,boston:112,15.679997,36.1773
boston_query_-NRCmKPnLW6ukq5fovMufw,transfer_2,9012,jpeg50,self,185,cph:429,boston:112,15.680000,36.1773
boston_query_-NRCmKPnLW6ukq5fovMufw,transfer_3,9012,jpeg50,self,210,manila:181,boston:112,15.680000,36.1773
cph_query_-I8EyCiw4PS74_uGuMqUYQ,isotropic,1234,jpeg50,self,1,cph:332,cph:332,15.680000,36.1773
cph_query_-I8EyCiw4PS74_uGuMqUYQ,white_box,1234,jpeg50,self,23,cph:119,cph:332,15.680000,36.1773
cph_query_-I8EyCiw4PS74_uGuMqUYQ,transfer_1,1234,jpeg50,self,1,cph:332,cph:332,15.679998,36.1773
cph_query_-I8EyCiw4PS74_uGuMqUYQ,transfer_2,1234,jpeg50,self,6,manila:59,cph:332,15.680000,36.1773
cph_query_-I8EyCiw4PS74_uGuMqUYQ,transfer_3,1234,jpeg50,self,37,manila:143,cph:332,15.680000,36.1773
cph_query_-I8EyCiw4PS74_uGuMqUYQ,isotropic,5678,jpeg50,self,1,cph:332,cph:332,15.680000,36.1773
cph_query_-I8EyCiw4PS74_uGuMqUYQ,white_box,5678,jpeg50,self,99,cph:119,cph:332,15.679997,36.1773
cph_query_-I8EyCiw4PS74_uGuMqUYQ,transfer_1,5678,jpeg50,self,2,manila:59,cph:332,15.679997,36.1773
cph_query_-I8EyCiw4PS74_uGuMqUYQ,transfer_2,5678,jpeg50,self,3,manila:153,cph:332,15.680000,36.1773
cph_query_-I8EyCiw4PS74_uGuMqUYQ,transfer_3,5678,jpeg50,self,10,manila:143,cph:332,15.680000,36.1773
cph_query_-I8EyCiw4PS74_uGuMqUYQ,isotropic,9012,jpeg50,self,2,manila:59,cph:332,15.679997,36.1773
cph_query_-I8EyCiw4PS74_uGuMqUYQ,white_box,9012,jpeg50,self,19,toronto:196,cph:332,15.679997,36.1773
cph_query_-I8EyCiw4PS74_uGuMqUYQ,transfer_1,9012,jpeg50,self,3,manila:153,cph:332,15.679997,36.1773
cph_query_-I8EyCiw4PS74_uGuMqUYQ,transfer_2,9012,jpeg50,self,2,manila:59,cph:332,15.680000,36.1773
cph_query_-I8EyCiw4PS74_uGuMqUYQ,transfer_3,9012,jpeg50,self,5,manila:143,cph:332,15.679996,36.1773
london_query_-qvarKx0xtSTs0tnxDE0oQ,isotropic,1234,jpeg50,self,56,manila:106,london:18,15.680000,36.1773
london_query_-qvarKx0xtSTs0tnxDE0oQ,white_box,1234,jpeg50,self,24,boston:249,london:18,15.680001,36.1773
london_query_-qvarKx0xtSTs0tnxDE0oQ,transfer_1,1234,jpeg50,self,130,manila:106,london:18,15.679998,36.1773
london_query_-qvarKx0xtSTs0tnxDE0oQ,transfer_2,1234,jpeg50,self,275,manila:106,london:18,15.680000,36.1773
london_query_-qvarKx0xtSTs0tnxDE0oQ,transfer_3,1234,jpeg50,self,135,manila:106,london:18,15.679997,36.1773
london_query_-qvarKx0xtSTs0tnxDE0oQ,isotropic,5678,jpeg50,self,83,manila:106,london:18,15.680000,36.1773
london_query_-qvarKx0xtSTs0tnxDE0oQ,white_box,5678,jpeg50,self,37,boston:249,london:18,15.680001,36.1773
london_query_-qvarKx0xtSTs0tnxDE0oQ,transfer_1,5678,jpeg50,self,113,manila:106,london:18,15.680000,36.1773
london_query_-qvarKx0xtSTs0tnxDE0oQ,transfer_2,5678,jpeg50,self,134,manila:106,london:18,15.680001,36.1773
london_query_-qvarKx0xtSTs0tnxDE0oQ,transfer_3,5678,jpeg50,self,150,manila:106,london:18,15.680000,36.1773
london_query_-qvarKx0xtSTs0tnxDE0oQ,isotropic,9012,jpeg50,self,213,manila:106,london:18,15.679997,36.1773
london_query_-qvarKx0xtSTs0tnxDE0oQ,white_box,9012,jpeg50,self,350,london:8,london:18,15.679996,36.1773
london_query_-qvarKx0xtSTs0tnxDE0oQ,transfer_1,9012,jpeg50,self,116,manila:106,london:18,15.680001,36.1773
london_query_-qvarKx0xtSTs0tnxDE0oQ,transfer_2,9012,jpeg50,self,124,manila:106,london:18,15.679997,36.1773
london_query_-qvarKx0xtSTs0tnxDE0oQ,transfer_3,9012,jpeg50,self,273,manila:106,london:18,15.679997,36.1773
manila_query_-Qc1bZWefrpkNPZ60zZS5Q,isotropic,1234,jpeg50,self,7,nairobi:10,manila:23,15.680000,36.1773
manila_query_-Qc1bZWefrpkNPZ60zZS5Q,white_box,1234,jpeg50,self,42,manila:190,manila:23,15.680001,36.1773
manila_query_-Qc1bZWefrpkNPZ60zZS5Q,transfer_1,1234,jpeg50,self,3,boston:101,manila:23,15.680000,36.1773
manila_query_-Qc1bZWefrpkNPZ60zZS5Q,transfer_2,1234,jpeg50,self,3,manila:72,manila:23,15.679997,36.1773
manila_query_-Qc1bZWefrpkNPZ60zZS5Q,transfer_3,1234,jpeg50,self,23,nairobi:10,manila:23,15.680000,36.1773
manila_query_-Qc1bZWefrpkNPZ60zZS5Q,isotropic,5678,jpeg50,self,7,nairobi:10,manila:23,15.679996,36.1773
manila_query_-Qc1bZWefrpkNPZ60zZS5Q,white_box,5678,jpeg50,self,17,manila:72,manila:23,15.680001,36.1773
manila_query_-Qc1bZWefrpkNPZ60zZS5Q,transfer_1,5678,jpeg50,self,2,boston:101,manila:23,15.679997,36.1773
manila_query_-Qc1bZWefrpkNPZ60zZS5Q,transfer_2,5678,jpeg50,self,5,nairobi:10,manila:23,15.679997,36.1773
manila_query_-Qc1bZWefrpkNPZ60zZS5Q,transfer_3,5678,jpeg50,self,15,london:84,manila:23,15.680000,36.1773
manila_query_-Qc1bZWefrpkNPZ60zZS5Q,isotropic,9012,jpeg50,self,5,nairobi:10,manila:23,15.680002,36.1773
manila_query_-Qc1bZWefrpkNPZ60zZS5Q,white_box,9012,jpeg50,self,222,toronto:200,manila:23,15.679998,36.1773
manila_query_-Qc1bZWefrpkNPZ60zZS5Q,transfer_1,9012,jpeg50,self,3,boston:101,manila:23,15.679997,36.1773
manila_query_-Qc1bZWefrpkNPZ60zZS5Q,transfer_2,9012,jpeg50,self,4,nairobi:10,manila:23,15.679998,36.1773
manila_query_-Qc1bZWefrpkNPZ60zZS5Q,transfer_3,9012,jpeg50,self,59,nairobi:10,manila:23,15.680000,36.1773
nairobi_query_2RQpcoZ0MfOmswdfhpjw4g,isotropic,1234,jpeg50,self,281,boston:90,nairobi:7,15.680000,36.1773
nairobi_query_2RQpcoZ0MfOmswdfhpjw4g,white_box,1234,jpeg50,self,210,manila:92,nairobi:7,15.679997,36.1773
nairobi_query_2RQpcoZ0MfOmswdfhpjw4g,transfer_1,1234,jpeg50,self,68,london:85,nairobi:7,15.679998,36.1773
nairobi_query_2RQpcoZ0MfOmswdfhpjw4g,transfer_2,1234,jpeg50,self,182,london:85,nairobi:7,15.679997,36.1773
nairobi_query_2RQpcoZ0MfOmswdfhpjw4g,transfer_3,1234,jpeg50,self,195,zurich:19,nairobi:7,15.680000,36.1773
nairobi_query_2RQpcoZ0MfOmswdfhpjw4g,isotropic,5678,jpeg50,self,319,zurich:19,nairobi:7,15.679995,36.1773
nairobi_query_2RQpcoZ0MfOmswdfhpjw4g,white_box,5678,jpeg50,self,261,manila:92,nairobi:7,15.680002,36.1773
nairobi_query_2RQpcoZ0MfOmswdfhpjw4g,transfer_1,5678,jpeg50,self,175,zurich:46,nairobi:7,15.679998,36.1773
nairobi_query_2RQpcoZ0MfOmswdfhpjw4g,transfer_2,5678,jpeg50,self,243,zurich:46,nairobi:7,15.679997,36.1773
nairobi_query_2RQpcoZ0MfOmswdfhpjw4g,transfer_3,5678,jpeg50,self,223,zurich:19,nairobi:7,15.680000,36.1773
nairobi_query_2RQpcoZ0MfOmswdfhpjw4g,isotropic,9012,jpeg50,self,321,london:85,nairobi:7,15.680000,36.1773
nairobi_query_2RQpcoZ0MfOmswdfhpjw4g,white_box,9012,jpeg50,self,392,toronto:23,nairobi:7,15.680000,36.1773
nairobi_query_2RQpcoZ0MfOmswdfhpjw4g,transfer_1,9012,jpeg50,self,199,london:85,nairobi:7,15.679997,36.1773
nairobi_query_2RQpcoZ0MfOmswdfhpjw4g,transfer_2,9012,jpeg50,self,109,london:85,nairobi:7,15.680000,36.1773
nairobi_query_2RQpcoZ0MfOmswdfhpjw4g,transfer_3,9012,jpeg50,self,148,zurich:19,nairobi:7,15.679998,36.1773
toronto_query_-EilBTWhr8vjdDW-B7MU8A,isotropic,1234,jpeg50,self,271,toronto:88,toronto:27,15.679997,36.1773
toronto_query_-EilBTWhr8vjdDW-B7MU8A,white_box,1234,jpeg50,self,1549,cph:243,toronto:27,15.679997,36.1773
toronto_query_-EilBTWhr8vjdDW-B7MU8A,transfer_1,1234,jpeg50,self,428,toronto:88,toronto:27,15.679997,36.1773
toronto_query_-EilBTWhr8vjdDW-B7MU8A,transfer_2,1234,jpeg50,self,377,toronto:58,toronto:27,15.680000,36.1773
toronto_query_-EilBTWhr8vjdDW-B7MU8A,transfer_3,1234,jpeg50,self,332,toronto:58,toronto:27,15.679997,36.1773
toronto_query_-EilBTWhr8vjdDW-B7MU8A,isotropic,5678,jpeg50,self,344,toronto:88,toronto:27,15.679996,36.1773
toronto_query_-EilBTWhr8vjdDW-B7MU8A,white_box,5678,jpeg50,self,1547,amman:13,toronto:27,15.679998,36.1773
toronto_query_-EilBTWhr8vjdDW-B7MU8A,transfer_1,5678,jpeg50,self,386,toronto:101,toronto:27,15.680000,36.1773
toronto_query_-EilBTWhr8vjdDW-B7MU8A,transfer_2,5678,jpeg50,self,426,toronto:58,toronto:27,15.680000,36.1773
toronto_query_-EilBTWhr8vjdDW-B7MU8A,transfer_3,5678,jpeg50,self,378,toronto:101,toronto:27,15.680000,36.1773
toronto_query_-EilBTWhr8vjdDW-B7MU8A,isotropic,9012,jpeg50,self,356,toronto:88,toronto:27,15.679996,36.1773
toronto_query_-EilBTWhr8vjdDW-B7MU8A,white_box,9012,jpeg50,self,1520,manila:202,toronto:27,15.680000,36.1773
toronto_query_-EilBTWhr8vjdDW-B7MU8A,transfer_1,9012,jpeg50,self,321,toronto:88,toronto:27,15.679997,36.1773
toronto_query_-EilBTWhr8vjdDW-B7MU8A,transfer_2,9012,jpeg50,self,598,toronto:101,toronto:27,15.679998,36.1773
toronto_query_-EilBTWhr8vjdDW-B7MU8A,transfer_3,9012,jpeg50,self,584,toronto:58,toronto:27,15.679998,36.1773
zurich_query_0AlvsX9XlPHoz4joTTL7hQ,isotropic,1234,jpeg50,self,44,manila:181,zurich:8,15.679998,36.1773
zurich_query_0AlvsX9XlPHoz4joTTL7hQ,white_box,1234,jpeg50,self,146,manila:181,zurich:8,15.679998,36.1773
zurich_query_0AlvsX9XlPHoz4joTTL7hQ,transfer_1,1234,jpeg50,self,52,manila:181,zurich:8,15.679997,36.1773
zurich_query_0AlvsX9XlPHoz4joTTL7hQ,transfer_2,1234,jpeg50,self,90,manila:181,zurich:8,15.679997,36.1773
zurich_query_0AlvsX9XlPHoz4joTTL7hQ,transfer_3,1234,jpeg50,self,122,manila:181,zurich:8,15.680001,36.1773
zurich_query_0AlvsX9XlPHoz4joTTL7hQ,isotropic,5678,jpeg50,self,60,manila:181,zurich:8,15.680000,36.1773
zurich_query_0AlvsX9XlPHoz4joTTL7hQ,white_box,5678,jpeg50,self,596,manila:181,zurich:8,15.679998,36.1773
zurich_query_0AlvsX9XlPHoz4joTTL7hQ,transfer_1,5678,jpeg50,self,55,manila:181,zurich:8,15.680000,36.1773
zurich_query_0AlvsX9XlPHoz4joTTL7hQ,transfer_2,5678,jpeg50,self,63,manila:181,zurich:8,15.679998,36.1773
zurich_query_0AlvsX9XlPHoz4joTTL7hQ,transfer_3,5678,jpeg50,self,240,manila:181,zurich:8,15.680000,36.1773
zurich_query_0AlvsX9XlPHoz4joTTL7hQ,isotropic,9012,jpeg50,self,39,manila:181,zurich:8,15.679998,36.1773
zurich_query_0AlvsX9XlPHoz4joTTL7hQ,white_box,9012,jpeg50,self,591,manila:92,zurich:8,15.680000,36.1773
zurich_query_0AlvsX9XlPHoz4joTTL7hQ,transfer_1,9012,jpeg50,self,43,manila:181,zurich:8,15.679998,36.1773
zurich_query_0AlvsX9XlPHoz4joTTL7hQ,transfer_2,9012,jpeg50,self,29,manila:181,zurich:8,15.680000,36.1773
zurich_query_0AlvsX9XlPHoz4joTTL7hQ,transfer_3,9012,jpeg50,self,166,manila:181,zurich:8,15.679997,36.1773
amman_query_1VTBGOTuAwvnyE1o4Pbm0Q,isotropic,1234,jpeg50,self,6,amman:1,amman:23,15.679997,36.1773
amman_query_1VTBGOTuAwvnyE1o4Pbm0Q,white_box,1234,jpeg50,self,18,amman:1,amman:23,15.680000,36.1773
amman_query_1VTBGOTuAwvnyE1o4Pbm0Q,transfer_1,1234,jpeg50,self,7,amman:6,amman:23,15.680000,36.1773
amman_query_1VTBGOTuAwvnyE1o4Pbm0Q,transfer_2,1234,jpeg50,self,9,amman:6,amman:23,15.680000,36.1773
amman_query_1VTBGOTuAwvnyE1o4Pbm0Q,transfer_3,1234,jpeg50,self,9,amman:6,amman:23,15.679998,36.1773
amman_query_1VTBGOTuAwvnyE1o4Pbm0Q,isotropic,5678,jpeg50,self,5,amman:6,amman:23,15.679997,36.1773
amman_query_1VTBGOTuAwvnyE1o4Pbm0Q,white_box,5678,jpeg50,self,7,amman:6,amman:23,15.680000,36.1773
amman_query_1VTBGOTuAwvnyE1o4Pbm0Q,transfer_1,5678,jpeg50,self,7,amman:6,amman:23,15.680001,36.1773
amman_query_1VTBGOTuAwvnyE1o4Pbm0Q,transfer_2,5678,jpeg50,self,10,amman:6,amman:23,15.679997,36.1773
amman_query_1VTBGOTuAwvnyE1o4Pbm0Q,transfer_3,5678,jpeg50,self,16,amman:6,amman:23,15.679997,36.1773
amman_query_1VTBGOTuAwvnyE1o4Pbm0Q,isotropic,9012,jpeg50,self,4,amman:6,amman:23,15.680001,36.1773
amman_query_1VTBGOTuAwvnyE1o4Pbm0Q,white_box,9012,jpeg50,self,58,amman:1,amman:23,15.680000,36.1773
amman_query_1VTBGOTuAwvnyE1o4Pbm0Q,transfer_1,9012,jpeg50,self,10,amman:6,amman:23,15.680000,36.1773
amman_query_1VTBGOTuAwvnyE1o4Pbm0Q,transfer_2,9012,jpeg50,self,18,amman:6,amman:23,15.679998,36.1773
amman_query_1VTBGOTuAwvnyE1o4Pbm0Q,transfer_3,9012,jpeg50,self,40,amman:6,amman:23,15.680000,36.1773
boston_query_-NSEL0mtEJlIM-oR5yFnFg,isotropic,1234,jpeg50,self,3,boston:47,boston:139,15.680000,36.1773
boston_query_-NSEL0mtEJlIM-oR5yFnFg,white_box,1234,jpeg50,self,5,boston:47,boston:139,15.679997,36.1773
boston_query_-NSEL0mtEJlIM-oR5yFnFg,transfer_1,1234,jpeg50,self,4,boston:47,boston:139,15.679997,36.1773
boston_query_-NSEL0mtEJlIM-oR5yFnFg,transfer_2,1234,jpeg50,self,3,boston:47,boston:139,15.679998,36.1773
boston_query_-NSEL0mtEJlIM-oR5yFnFg,transfer_3,1234,jpeg50,self,3,boston:47,boston:139,15.679997,36.1773
boston_query_-NSEL0mtEJlIM-oR5yFnFg,isotropic,5678,jpeg50,self,3,boston:47,boston:139,15.680000,36.1773
boston_query_-NSEL0mtEJlIM-oR5yFnFg,white_box,5678,jpeg50,self,1,boston:139,boston:139,15.680000,36.1773
boston_query_-NSEL0mtEJlIM-oR5yFnFg,transfer_1,5678,jpeg50,self,2,boston:47,boston:139,15.679997,36.1773
boston_query_-NSEL0mtEJlIM-oR5yFnFg,transfer_2,5678,jpeg50,self,4,boston:47,boston:139,15.679998,36.1773
boston_query_-NSEL0mtEJlIM-oR5yFnFg,transfer_3,5678,jpeg50,self,2,boston:47,boston:139,15.679998,36.1773
boston_query_-NSEL0mtEJlIM-oR5yFnFg,isotropic,9012,jpeg50,self,2,boston:47,boston:139,15.679997,36.1773
boston_query_-NSEL0mtEJlIM-oR5yFnFg,white_box,9012,jpeg50,self,3,boston:47,boston:139,15.680000,36.1773
boston_query_-NSEL0mtEJlIM-oR5yFnFg,transfer_1,9012,jpeg50,self,3,boston:47,boston:139,15.680001,36.1773
boston_query_-NSEL0mtEJlIM-oR5yFnFg,transfer_2,9012,jpeg50,self,4,boston:47,boston:139,15.680000,36.1773
boston_query_-NSEL0mtEJlIM-oR5yFnFg,transfer_3,9012,jpeg50,self,3,boston:47,boston:139,15.679997,36.1773
cph_query_-IKk5Ns9ayTUN3tqBrl3Ow,isotropic,1234,jpeg50,self,5,cph:33,cph:61,15.680000,36.1773
cph_query_-IKk5Ns9ayTUN3tqBrl3Ow,white_box,1234,jpeg50,self,222,cph:33,cph:61,15.679998,36.1773
cph_query_-IKk5Ns9ayTUN3tqBrl3Ow,transfer_1,1234,jpeg50,self,26,cph:33,cph:61,15.680000,36.1773
cph_query_-IKk5Ns9ayTUN3tqBrl3Ow,transfer_2,1234,jpeg50,self,51,cph:33,cph:61,15.680001,36.1773
cph_query_-IKk5Ns9ayTUN3tqBrl3Ow,transfer_3,1234,jpeg50,self,119,boston:237,cph:61,15.680000,36.1773
cph_query_-IKk5Ns9ayTUN3tqBrl3Ow,isotropic,5678,jpeg50,self,6,cph:33,cph:61,15.679997,36.1773
cph_query_-IKk5Ns9ayTUN3tqBrl3Ow,white_box,5678,jpeg50,self,22,manila:92,cph:61,15.680000,36.1773
cph_query_-IKk5Ns9ayTUN3tqBrl3Ow,transfer_1,5678,jpeg50,self,3,cph:33,cph:61,15.680000,36.1773
cph_query_-IKk5Ns9ayTUN3tqBrl3Ow,transfer_2,5678,jpeg50,self,15,cph:33,cph:61,15.680000,36.1773
cph_query_-IKk5Ns9ayTUN3tqBrl3Ow,transfer_3,5678,jpeg50,self,152,amman:31,cph:61,15.680001,36.1773
cph_query_-IKk5Ns9ayTUN3tqBrl3Ow,isotropic,9012,jpeg50,self,9,cph:33,cph:61,15.679997,36.1773
cph_query_-IKk5Ns9ayTUN3tqBrl3Ow,white_box,9012,jpeg50,self,602,manila:51,cph:61,15.679997,36.1773
cph_query_-IKk5Ns9ayTUN3tqBrl3Ow,transfer_1,9012,jpeg50,self,22,cph:33,cph:61,15.679997,36.1773
cph_query_-IKk5Ns9ayTUN3tqBrl3Ow,transfer_2,9012,jpeg50,self,6,cph:33,cph:61,15.680000,36.1773
cph_query_-IKk5Ns9ayTUN3tqBrl3Ow,transfer_3,9012,jpeg50,self,101,cph:33,cph:61,15.679997,36.1773
london_query_-rtMM_qyd5EBLnADEBIUTA,isotropic,1234,jpeg50,self,1,london:21,london:21,15.680000,36.1773
london_query_-rtMM_qyd5EBLnADEBIUTA,white_box,1234,jpeg50,self,2,manila:183,london:21,15.680001,36.1773
london_query_-rtMM_qyd5EBLnADEBIUTA,transfer_1,1234,jpeg50,self,1,london:21,london:21,15.679997,36.1773
london_query_-rtMM_qyd5EBLnADEBIUTA,transfer_2,1234,jpeg50,self,1,london:21,london:21,15.680001,36.1773
london_query_-rtMM_qyd5EBLnADEBIUTA,transfer_3,1234,jpeg50,self,1,london:21,london:21,15.679998,36.1773
london_query_-rtMM_qyd5EBLnADEBIUTA,isotropic,5678,jpeg50,self,1,london:21,london:21,15.680000,36.1773
london_query_-rtMM_qyd5EBLnADEBIUTA,white_box,5678,jpeg50,self,2,zurich:65,london:21,15.679996,36.1773
london_query_-rtMM_qyd5EBLnADEBIUTA,transfer_1,5678,jpeg50,self,1,london:21,london:21,15.679997,36.1773
london_query_-rtMM_qyd5EBLnADEBIUTA,transfer_2,5678,jpeg50,self,1,london:21,london:21,15.680001,36.1773
london_query_-rtMM_qyd5EBLnADEBIUTA,transfer_3,5678,jpeg50,self,1,london:21,london:21,15.679998,36.1773
london_query_-rtMM_qyd5EBLnADEBIUTA,isotropic,9012,jpeg50,self,1,london:21,london:21,15.680000,36.1773
london_query_-rtMM_qyd5EBLnADEBIUTA,white_box,9012,jpeg50,self,6,manila:183,london:21,15.680000,36.1773
london_query_-rtMM_qyd5EBLnADEBIUTA,transfer_1,9012,jpeg50,self,1,london:21,london:21,15.680002,36.1773
london_query_-rtMM_qyd5EBLnADEBIUTA,transfer_2,9012,jpeg50,self,1,london:21,london:21,15.679997,36.1773
london_query_-rtMM_qyd5EBLnADEBIUTA,transfer_3,9012,jpeg50,self,1,london:21,london:21,15.680000,36.1773
manila_query_-QdSFqylfs0aHx31jOvTVg,isotropic,1234,jpeg50,self,1,manila:183,manila:183,15.680000,36.1773
manila_query_-QdSFqylfs0aHx31jOvTVg,white_box,1234,jpeg50,self,1,manila:183,manila:183,15.679998,36.1773
manila_query_-QdSFqylfs0aHx31jOvTVg,transfer_1,1234,jpeg50,self,1,manila:183,manila:183,15.680000,36.1773
manila_query_-QdSFqylfs0aHx31jOvTVg,transfer_2,1234,jpeg50,self,1,manila:183,manila:183,15.680000,36.1773
manila_query_-QdSFqylfs0aHx31jOvTVg,transfer_3,1234,jpeg50,self,1,manila:183,manila:183,15.679998,36.1773
manila_query_-QdSFqylfs0aHx31jOvTVg,isotropic,5678,jpeg50,self,2,toronto:200,manila:183,15.679998,36.1773
manila_query_-QdSFqylfs0aHx31jOvTVg,white_box,5678,jpeg50,self,1,manila:183,manila:183,15.679997,36.1773
manila_query_-QdSFqylfs0aHx31jOvTVg,transfer_1,5678,jpeg50,self,2,toronto:88,manila:183,15.680000,36.1773
manila_query_-QdSFqylfs0aHx31jOvTVg,transfer_2,5678,jpeg50,self,2,toronto:200,manila:183,15.680001,36.1773
manila_query_-QdSFqylfs0aHx31jOvTVg,transfer_3,5678,jpeg50,self,1,manila:183,manila:183,15.680000,36.1773
manila_query_-QdSFqylfs0aHx31jOvTVg,isotropic,9012,jpeg50,self,3,toronto:88,manila:183,15.679998,36.1773
manila_query_-QdSFqylfs0aHx31jOvTVg,white_box,9012,jpeg50,self,1,manila:183,manila:183,15.679997,36.1773
manila_query_-QdSFqylfs0aHx31jOvTVg,transfer_1,9012,jpeg50,self,1,manila:183,manila:183,15.679998,36.1773
manila_query_-QdSFqylfs0aHx31jOvTVg,transfer_2,9012,jpeg50,self,1,manila:183,manila:183,15.680000,36.1773
manila_query_-QdSFqylfs0aHx31jOvTVg,transfer_3,9012,jpeg50,self,1,manila:183,manila:183,15.680000,36.1773
nairobi_query_2Xgp5FmRFbMXgBspWoEFNg,isotropic,1234,jpeg50,self,75,boston:123,nairobi:10,15.680002,36.1773
nairobi_query_2Xgp5FmRFbMXgBspWoEFNg,white_box,1234,jpeg50,self,106,nairobi:5,nairobi:10,15.679998,36.1773
nairobi_query_2Xgp5FmRFbMXgBspWoEFNg,transfer_1,1234,jpeg50,self,204,boston:123,nairobi:10,15.680000,36.1773
nairobi_query_2Xgp5FmRFbMXgBspWoEFNg,transfer_2,1234,jpeg50,self,241,boston:123,nairobi:10,15.680000,36.1773
nairobi_query_2Xgp5FmRFbMXgBspWoEFNg,transfer_3,1234,jpeg50,self,78,boston:191,nairobi:10,15.679997,36.1773
nairobi_query_2Xgp5FmRFbMXgBspWoEFNg,isotropic,5678,jpeg50,self,108,nairobi:4,nairobi:10,15.679997,36.1773
nairobi_query_2Xgp5FmRFbMXgBspWoEFNg,white_box,5678,jpeg50,self,30,boston:90,nairobi:10,15.679998,36.1773
nairobi_query_2Xgp5FmRFbMXgBspWoEFNg,transfer_1,5678,jpeg50,self,46,boston:123,nairobi:10,15.679998,36.1773
nairobi_query_2Xgp5FmRFbMXgBspWoEFNg,transfer_2,5678,jpeg50,self,142,zurich:19,nairobi:10,15.680000,36.1773
nairobi_query_2Xgp5FmRFbMXgBspWoEFNg,transfer_3,5678,jpeg50,self,105,nairobi:4,nairobi:10,15.679997,36.1773
nairobi_query_2Xgp5FmRFbMXgBspWoEFNg,isotropic,9012,jpeg50,self,134,boston:191,nairobi:10,15.679997,36.1773
nairobi_query_2Xgp5FmRFbMXgBspWoEFNg,white_box,9012,jpeg50,self,52,zurich:19,nairobi:10,15.680000,36.1773
nairobi_query_2Xgp5FmRFbMXgBspWoEFNg,transfer_1,9012,jpeg50,self,239,boston:123,nairobi:10,15.679997,36.1773
nairobi_query_2Xgp5FmRFbMXgBspWoEFNg,transfer_2,9012,jpeg50,self,96,amman:1,nairobi:10,15.680001,36.1773
nairobi_query_2Xgp5FmRFbMXgBspWoEFNg,transfer_3,9012,jpeg50,self,59,london:85,nairobi:10,15.680000,36.1773
toronto_query_-FOgEN8RNyKr0s933N-a0w,isotropic,1234,jpeg50,self,19,boston:210,toronto:112,15.680000,36.1773
toronto_query_-FOgEN8RNyKr0s933N-a0w,white_box,1234,jpeg50,self,484,cph:176,toronto:112,15.679998,36.1773
toronto_query_-FOgEN8RNyKr0s933N-a0w,transfer_1,1234,jpeg50,self,22,toronto:228,toronto:112,15.679997,36.1773
toronto_query_-FOgEN8RNyKr0s933N-a0w,transfer_2,1234,jpeg50,self,105,zurich:38,toronto:112,15.679998,36.1773
toronto_query_-FOgEN8RNyKr0s933N-a0w,transfer_3,1234,jpeg50,self,17,amman:30,toronto:112,15.679997,36.1773
toronto_query_-FOgEN8RNyKr0s933N-a0w,isotropic,5678,jpeg50,self,11,amman:30,toronto:112,15.679998,36.1773
toronto_query_-FOgEN8RNyKr0s933N-a0w,white_box,5678,jpeg50,self,10,amman:30,toronto:112,15.680000,36.1773
toronto_query_-FOgEN8RNyKr0s933N-a0w,transfer_1,5678,jpeg50,self,3,amman:30,toronto:112,15.680000,36.1773
toronto_query_-FOgEN8RNyKr0s933N-a0w,transfer_2,5678,jpeg50,self,56,zurich:38,toronto:112,15.679998,36.1773
toronto_query_-FOgEN8RNyKr0s933N-a0w,transfer_3,5678,jpeg50,self,234,amman:30,toronto:112,15.680000,36.1773
toronto_query_-FOgEN8RNyKr0s933N-a0w,isotropic,9012,jpeg50,self,17,boston:210,toronto:112,15.679997,36.1773
toronto_query_-FOgEN8RNyKr0s933N-a0w,white_box,9012,jpeg50,self,4,amman:30,toronto:112,15.680000,36.1773
toronto_query_-FOgEN8RNyKr0s933N-a0w,transfer_1,9012,jpeg50,self,30,zurich:38,toronto:112,15.680000,36.1773
toronto_query_-FOgEN8RNyKr0s933N-a0w,transfer_2,9012,jpeg50,self,130,amman:30,toronto:112,15.679998,36.1773
toronto_query_-FOgEN8RNyKr0s933N-a0w,transfer_3,9012,jpeg50,self,111,boston:216,toronto:112,15.679998,36.1773
zurich_query_0F0ESDULqwk5km1KbyUEZw,isotropic,1234,jpeg50,self,1,zurich:25,zurich:25,15.680001,36.1773
zurich_query_0F0ESDULqwk5km1KbyUEZw,white_box,1234,jpeg50,self,28,amman:18,zurich:25,15.680001,36.1773
zurich_query_0F0ESDULqwk5km1KbyUEZw,transfer_1,1234,jpeg50,self,1,zurich:25,zurich:25,15.679997,36.1773
zurich_query_0F0ESDULqwk5km1KbyUEZw,transfer_2,1234,jpeg50,self,4,cph:243,zurich:25,15.680001,36.1773
zurich_query_0F0ESDULqwk5km1KbyUEZw,transfer_3,1234,jpeg50,self,5,amman:18,zurich:25,15.679998,36.1773
zurich_query_0F0ESDULqwk5km1KbyUEZw,isotropic,5678,jpeg50,self,2,boston:98,zurich:25,15.679997,36.1773
zurich_query_0F0ESDULqwk5km1KbyUEZw,white_box,5678,jpeg50,self,81,boston:206,zurich:25,15.680000,36.1773
zurich_query_0F0ESDULqwk5km1KbyUEZw,transfer_1,5678,jpeg50,self,1,zurich:25,zurich:25,15.680002,36.1773
zurich_query_0F0ESDULqwk5km1KbyUEZw,transfer_2,5678,jpeg50,self,2,cph:243,zurich:25,15.680000,36.1773
zurich_query_0F0ESDULqwk5km1KbyUEZw,transfer_3,5678,jpeg50,self,2,cph:243,zurich:25,15.679998,36.1773
zurich_query_0F0ESDULqwk5km1KbyUEZw,isotropic,9012,jpeg50,self,2,boston:98,zurich:25,15.679998,36.1773
zurich_query_0F0ESDULqwk5km1KbyUEZw,white_box,9012,jpeg50,self,21,boston:250,zurich:25,15.680000,36.1773
zurich_query_0F0ESDULqwk5km1KbyUEZw,transfer_1,9012,jpeg50,self,4,cph:243,zurich:25,15.680000,36.1773
zurich_query_0F0ESDULqwk5km1KbyUEZw,transfer_2,9012,jpeg50,self,4,cph:243,zurich:25,15.680000,36.1773
zurich_query_0F0ESDULqwk5km1KbyUEZw,transfer_3,9012,jpeg50,self,8,boston:250,zurich:25,15.680000,36.1773
amman_query_1_jzc52w72UKyKztvVoygQ,isotropic,1234,jpeg50,self,7,amman:1,amman:23,15.679997,36.1773
amman_query_1_jzc52w72UKyKztvVoygQ,white_box,1234,jpeg50,self,64,amman:1,amman:23,15.680001,36.1773
amman_query_1_jzc52w72UKyKztvVoygQ,transfer_1,1234,jpeg50,self,25,amman:1,amman:23,15.680000,36.1773
amman_query_1_jzc52w72UKyKztvVoygQ,transfer_2,1234,jpeg50,self,22,amman:0,amman:23,15.679997,36.1773
amman_query_1_jzc52w72UKyKztvVoygQ,transfer_3,1234,jpeg50,self,21,amman:0,amman:23,15.680000,36.1773
amman_query_1_jzc52w72UKyKztvVoygQ,isotropic,5678,jpeg50,self,6,amman:1,amman:23,15.680000,36.1773
amman_query_1_jzc52w72UKyKztvVoygQ,white_box,5678,jpeg50,self,49,amman:1,amman:23,15.679998,36.1773
amman_query_1_jzc52w72UKyKztvVoygQ,transfer_1,5678,jpeg50,self,20,amman:0,amman:23,15.679997,36.1773
amman_query_1_jzc52w72UKyKztvVoygQ,transfer_2,5678,jpeg50,self,31,amman:0,amman:23,15.680000,36.1773
amman_query_1_jzc52w72UKyKztvVoygQ,transfer_3,5678,jpeg50,self,30,zurich:19,amman:23,15.679997,36.1773
amman_query_1_jzc52w72UKyKztvVoygQ,isotropic,9012,jpeg50,self,13,amman:0,amman:23,15.680000,36.1773
amman_query_1_jzc52w72UKyKztvVoygQ,white_box,9012,jpeg50,self,85,cph:119,amman:23,15.679997,36.1773
amman_query_1_jzc52w72UKyKztvVoygQ,transfer_1,9012,jpeg50,self,10,amman:1,amman:23,15.680000,36.1773
amman_query_1_jzc52w72UKyKztvVoygQ,transfer_2,9012,jpeg50,self,13,amman:0,amman:23,15.680000,36.1773
amman_query_1_jzc52w72UKyKztvVoygQ,transfer_3,9012,jpeg50,self,20,zurich:19,amman:23,15.680000,36.1773
boston_query_-NUm2lI2JYWeHZ6lrL2eZA,isotropic,1234,jpeg50,self,409,boston:79,boston:34,15.679997,36.1773
boston_query_-NUm2lI2JYWeHZ6lrL2eZA,white_box,1234,jpeg50,self,377,boston:249,boston:34,15.680000,36.1773
boston_query_-NUm2lI2JYWeHZ6lrL2eZA,transfer_1,1234,jpeg50,self,323,boston:249,boston:34,15.679998,36.1773
boston_query_-NUm2lI2JYWeHZ6lrL2eZA,transfer_2,1234,jpeg50,self,457,boston:249,boston:34,15.680001,36.1773
boston_query_-NUm2lI2JYWeHZ6lrL2eZA,transfer_3,1234,jpeg50,self,553,boston:249,boston:34,15.680000,36.1773
boston_query_-NUm2lI2JYWeHZ6lrL2eZA,isotropic,5678,jpeg50,self,385,boston:249,boston:34,15.680000,36.1773
boston_query_-NUm2lI2JYWeHZ6lrL2eZA,white_box,5678,jpeg50,self,181,boston:90,boston:34,15.679997,36.1773
boston_query_-NUm2lI2JYWeHZ6lrL2eZA,transfer_1,5678,jpeg50,self,750,boston:79,boston:34,15.680001,36.1773
boston_query_-NUm2lI2JYWeHZ6lrL2eZA,transfer_2,5678,jpeg50,self,528,boston:249,boston:34,15.680000,36.1773
boston_query_-NUm2lI2JYWeHZ6lrL2eZA,transfer_3,5678,jpeg50,self,535,boston:249,boston:34,15.679997,36.1773
boston_query_-NUm2lI2JYWeHZ6lrL2eZA,isotropic,9012,jpeg50,self,357,boston:249,boston:34,15.679997,36.1773
boston_query_-NUm2lI2JYWeHZ6lrL2eZA,white_box,9012,jpeg50,self,880,boston:249,boston:34,15.680001,36.1773
boston_query_-NUm2lI2JYWeHZ6lrL2eZA,transfer_1,9012,jpeg50,self,699,nairobi:22,boston:34,15.680000,36.1773
boston_query_-NUm2lI2JYWeHZ6lrL2eZA,transfer_2,9012,jpeg50,self,502,boston:249,boston:34,15.680000,36.1773
boston_query_-NUm2lI2JYWeHZ6lrL2eZA,transfer_3,9012,jpeg50,self,580,boston:249,boston:34,15.679997,36.1773
cph_query_-JMzfm4NuuBt61JuZ2sggw,isotropic,1234,jpeg50,self,11,cph:243,cph:395,15.679997,36.1773
cph_query_-JMzfm4NuuBt61JuZ2sggw,white_box,1234,jpeg50,self,335,zurich:19,cph:395,15.679997,36.1773
cph_query_-JMzfm4NuuBt61JuZ2sggw,transfer_1,1234,jpeg50,self,13,cph:243,cph:395,15.679998,36.1773
cph_query_-JMzfm4NuuBt61JuZ2sggw,transfer_2,1234,jpeg50,self,18,amman:23,cph:395,15.680000,36.1773
cph_query_-JMzfm4NuuBt61JuZ2sggw,transfer_3,1234,jpeg50,self,54,toronto:354,cph:395,15.679998,36.1773
cph_query_-JMzfm4NuuBt61JuZ2sggw,isotropic,5678,jpeg50,self,13,cph:243,cph:395,15.680000,36.1773
cph_query_-JMzfm4NuuBt61JuZ2sggw,white_box,5678,jpeg50,self,8,cph:271,cph:395,15.679997,36.1773
cph_query_-JMzfm4NuuBt61JuZ2sggw,transfer_1,5678,jpeg50,self,4,cph:243,cph:395,15.679998,36.1773
cph_query_-JMzfm4NuuBt61JuZ2sggw,transfer_2,5678,jpeg50,self,24,cph:243,cph:395,15.680000,36.1773
cph_query_-JMzfm4NuuBt61JuZ2sggw,transfer_3,5678,jpeg50,self,166,toronto:354,cph:395,15.679998,36.1773
cph_query_-JMzfm4NuuBt61JuZ2sggw,isotropic,9012,jpeg50,self,4,cph:243,cph:395,15.679997,36.1773
cph_query_-JMzfm4NuuBt61JuZ2sggw,white_box,9012,jpeg50,self,260,nairobi:19,cph:395,15.679997,36.1773
cph_query_-JMzfm4NuuBt61JuZ2sggw,transfer_1,9012,jpeg50,self,10,cph:271,cph:395,15.679997,36.1773
cph_query_-JMzfm4NuuBt61JuZ2sggw,transfer_2,9012,jpeg50,self,11,cph:271,cph:395,15.680000,36.1773
cph_query_-JMzfm4NuuBt61JuZ2sggw,transfer_3,9012,jpeg50,self,206,toronto:354,cph:395,15.679998,36.1773
london_query_-u8BrzndSdD1lHKeeOwN1A,isotropic,1234,jpeg50,self,19,london:111,london:121,15.680000,36.1773
london_query_-u8BrzndSdD1lHKeeOwN1A,white_box,1234,jpeg50,self,101,amman:26,london:121,15.680000,36.1773
london_query_-u8BrzndSdD1lHKeeOwN1A,transfer_1,1234,jpeg50,self,23,london:111,london:121,15.679998,36.1773
london_query_-u8BrzndSdD1lHKeeOwN1A,transfer_2,1234,jpeg50,self,33,london:111,london:121,15.679997,36.1773
london_query_-u8BrzndSdD1lHKeeOwN1A,transfer_3,1234,jpeg50,self,88,zurich:96,london:121,15.680001,36.1773
london_query_-u8BrzndSdD1lHKeeOwN1A,isotropic,5678,jpeg50,self,20,london:111,london:121,15.679997,36.1773
london_query_-u8BrzndSdD1lHKeeOwN1A,white_box,5678,jpeg50,self,537,toronto:27,london:121,15.680000,36.1773
london_query_-u8BrzndSdD1lHKeeOwN1A,transfer_1,5678,jpeg50,self,13,london:111,london:121,15.680001,36.1773
london_query_-u8BrzndSdD1lHKeeOwN1A,transfer_2,5678,jpeg50,self,84,zurich:96,london:121,15.679997,36.1773
london_query_-u8BrzndSdD1lHKeeOwN1A,transfer_3,5678,jpeg50,self,108,zurich:96,london:121,15.680001,36.1773
london_query_-u8BrzndSdD1lHKeeOwN1A,isotropic,9012,jpeg50,self,18,london:111,london:121,15.680000,36.1773
london_query_-u8BrzndSdD1lHKeeOwN1A,white_box,9012,jpeg50,self,125,manila:181,london:121,15.680002,36.1773
london_query_-u8BrzndSdD1lHKeeOwN1A,transfer_1,9012,jpeg50,self,8,london:111,london:121,15.679997,36.1773
london_query_-u8BrzndSdD1lHKeeOwN1A,transfer_2,9012,jpeg50,self,43,zurich:96,london:121,15.680000,36.1773
london_query_-u8BrzndSdD1lHKeeOwN1A,transfer_3,9012,jpeg50,self,63,london:111,london:121,15.679997,36.1773
manila_query_-QvNwUfMuYwx4zaJzG9hHA,isotropic,1234,jpeg50,self,4,manila:173,manila:134,15.680000,36.1773
manila_query_-QvNwUfMuYwx4zaJzG9hHA,white_box,1234,jpeg50,self,186,nairobi:1,manila:134,15.679997,36.1773
manila_query_-QvNwUfMuYwx4zaJzG9hHA,transfer_1,1234,jpeg50,self,4,manila:46,manila:134,15.679997,36.1773
manila_query_-QvNwUfMuYwx4zaJzG9hHA,transfer_2,1234,jpeg50,self,3,manila:173,manila:134,15.680002,36.1773
manila_query_-QvNwUfMuYwx4zaJzG9hHA,transfer_3,1234,jpeg50,self,5,manila:82,manila:134,15.680000,36.1773
manila_query_-QvNwUfMuYwx4zaJzG9hHA,isotropic,5678,jpeg50,self,3,manila:173,manila:134,15.680000,36.1773
manila_query_-QvNwUfMuYwx4zaJzG9hHA,white_box,5678,jpeg50,self,34,manila:190,manila:134,15.679997,36.1773
manila_query_-QvNwUfMuYwx4zaJzG9hHA,transfer_1,5678,jpeg50,self,6,manila:46,manila:134,15.680000,36.1773
manila_query_-QvNwUfMuYwx4zaJzG9hHA,transfer_2,5678,jpeg50,self,3,manila:46,manila:134,15.680000,36.1773
manila_query_-QvNwUfMuYwx4zaJzG9hHA,transfer_3,5678,jpeg50,self,13,manila:46,manila:134,15.679997,36.1773
manila_query_-QvNwUfMuYwx4zaJzG9hHA,isotropic,9012,jpeg50,self,1,manila:134,manila:134,15.679998,36.1773
manila_query_-QvNwUfMuYwx4zaJzG9hHA,white_box,9012,jpeg50,self,70,manila:54,manila:134,15.679997,36.1773
manila_query_-QvNwUfMuYwx4zaJzG9hHA,transfer_1,9012,jpeg50,self,3,toronto:58,manila:134,15.680000,36.1773
manila_query_-QvNwUfMuYwx4zaJzG9hHA,transfer_2,9012,jpeg50,self,3,manila:46,manila:134,15.680000,36.1773
manila_query_-QvNwUfMuYwx4zaJzG9hHA,transfer_3,9012,jpeg50,self,10,toronto:58,manila:134,15.679997,36.1773
nairobi_query_2hMXkBjbWEdGXSh4zxGVeg,isotropic,1234,jpeg50,self,1,nairobi:22,nairobi:22,15.680000,36.1773
nairobi_query_2hMXkBjbWEdGXSh4zxGVeg,white_box,1234,jpeg50,self,185,boston:90,nairobi:22,15.680001,36.1773
nairobi_query_2hMXkBjbWEdGXSh4zxGVeg,transfer_1,1234,jpeg50,self,2,nairobi:21,nairobi:22,15.679997,36.1773
nairobi_query_2hMXkBjbWEdGXSh4zxGVeg,transfer_2,1234,jpeg50,self,1,nairobi:22,nairobi:22,15.679997,36.1773
nairobi_query_2hMXkBjbWEdGXSh4zxGVeg,transfer_3,1234,jpeg50,self,1,nairobi:22,nairobi:22,15.679997,36.1773
nairobi_query_2hMXkBjbWEdGXSh4zxGVeg,isotropic,5678,jpeg50,self,1,nairobi:22,nairobi:22,15.679998,36.1773
nairobi_query_2hMXkBjbWEdGXSh4zxGVeg,white_box,5678,jpeg50,self,173,toronto:354,nairobi:22,15.680000,36.1773
nairobi_query_2hMXkBjbWEdGXSh4zxGVeg,transfer_1,5678,jpeg50,self,1,nairobi:22,nairobi:22,15.680000,36.1773
nairobi_query_2hMXkBjbWEdGXSh4zxGVeg,transfer_2,5678,jpeg50,self,3,toronto:301,nairobi:22,15.679998,36.1773
nairobi_query_2hMXkBjbWEdGXSh4zxGVeg,transfer_3,5678,jpeg50,self,4,boston:79,nairobi:22,15.680000,36.1773
nairobi_query_2hMXkBjbWEdGXSh4zxGVeg,isotropic,9012,jpeg50,self,1,nairobi:22,nairobi:22,15.679997,36.1773
nairobi_query_2hMXkBjbWEdGXSh4zxGVeg,white_box,9012,jpeg50,self,14,toronto:354,nairobi:22,15.679997,36.1773
nairobi_query_2hMXkBjbWEdGXSh4zxGVeg,transfer_1,9012,jpeg50,self,2,nairobi:21,nairobi:22,15.679998,36.1773
nairobi_query_2hMXkBjbWEdGXSh4zxGVeg,transfer_2,9012,jpeg50,self,2,nairobi:21,nairobi:22,15.680000,36.1773
nairobi_query_2hMXkBjbWEdGXSh4zxGVeg,transfer_3,9012,jpeg50,self,1,nairobi:22,nairobi:22,15.679997,36.1773
toronto_query_-FRsj6TVpdbM-sdJNwZZbw,isotropic,1234,jpeg50,self,6,london:21,toronto:58,15.679997,36.1773
toronto_query_-FRsj6TVpdbM-sdJNwZZbw,white_box,1234,jpeg50,self,98,manila:13,toronto:58,15.679997,36.1773
toronto_query_-FRsj6TVpdbM-sdJNwZZbw,transfer_1,1234,jpeg50,self,6,toronto:366,toronto:58,15.680000,36.1773
toronto_query_-FRsj6TVpdbM-sdJNwZZbw,transfer_2,1234,jpeg50,self,12,toronto:366,toronto:58,15.679996,36.1773
toronto_query_-FRsj6TVpdbM-sdJNwZZbw,transfer_3,1234,jpeg50,self,31,manila:13,toronto:58,15.680000,36.1773
toronto_query_-FRsj6TVpdbM-sdJNwZZbw,isotropic,5678,jpeg50,self,1,toronto:58,toronto:58,15.679997,36.1773
toronto_query_-FRsj6TVpdbM-sdJNwZZbw,white_box,5678,jpeg50,self,288,zurich:14,toronto:58,15.680000,36.1773
toronto_query_-FRsj6TVpdbM-sdJNwZZbw,transfer_1,5678,jpeg50,self,4,manila:13,toronto:58,15.679997,36.1773
toronto_query_-FRsj6TVpdbM-sdJNwZZbw,transfer_2,5678,jpeg50,self,9,london:21,toronto:58,15.680000,36.1773
toronto_query_-FRsj6TVpdbM-sdJNwZZbw,transfer_3,5678,jpeg50,self,26,toronto:366,toronto:58,15.679998,36.1773
toronto_query_-FRsj6TVpdbM-sdJNwZZbw,isotropic,9012,jpeg50,self,6,zurich:60,toronto:58,15.680001,36.1773
toronto_query_-FRsj6TVpdbM-sdJNwZZbw,white_box,9012,jpeg50,self,6,toronto:23,toronto:58,15.680000,36.1773
toronto_query_-FRsj6TVpdbM-sdJNwZZbw,transfer_1,9012,jpeg50,self,13,toronto:366,toronto:58,15.680000,36.1773
toronto_query_-FRsj6TVpdbM-sdJNwZZbw,transfer_2,9012,jpeg50,self,6,manila:13,toronto:58,15.680000,36.1773
toronto_query_-FRsj6TVpdbM-sdJNwZZbw,transfer_3,9012,jpeg50,self,11,london:21,toronto:58,15.680000,36.1773
zurich_query_0FEApLaNMLno1PTABlbYyQ,isotropic,1234,jpeg50,self,3,zurich:42,zurich:37,15.680000,36.1773
zurich_query_0FEApLaNMLno1PTABlbYyQ,white_box,1234,jpeg50,self,213,boston:234,zurich:37,15.679998,36.1773
zurich_query_0FEApLaNMLno1PTABlbYyQ,transfer_1,1234,jpeg50,self,12,zurich:42,zurich:37,15.679998,36.1773
zurich_query_0FEApLaNMLno1PTABlbYyQ,transfer_2,1234,jpeg50,self,25,zurich:42,zurich:37,15.680000,36.1773
zurich_query_0FEApLaNMLno1PTABlbYyQ,transfer_3,1234,jpeg50,self,18,amman:23,zurich:37,15.679998,36.1773
zurich_query_0FEApLaNMLno1PTABlbYyQ,isotropic,5678,jpeg50,self,19,zurich:42,zurich:37,15.679998,36.1773
zurich_query_0FEApLaNMLno1PTABlbYyQ,white_box,5678,jpeg50,self,5,boston:234,zurich:37,15.679997,36.1773
zurich_query_0FEApLaNMLno1PTABlbYyQ,transfer_1,5678,jpeg50,self,23,zurich:42,zurich:37,15.679998,36.1773
zurich_query_0FEApLaNMLno1PTABlbYyQ,transfer_2,5678,jpeg50,self,19,zurich:42,zurich:37,15.680001,36.1773
zurich_query_0FEApLaNMLno1PTABlbYyQ,transfer_3,5678,jpeg50,self,8,zurich:42,zurich:37,15.679998,36.1773
zurich_query_0FEApLaNMLno1PTABlbYyQ,isotropic,9012,jpeg50,self,6,zurich:42,zurich:37,15.679998,36.1773
zurich_query_0FEApLaNMLno1PTABlbYyQ,white_box,9012,jpeg50,self,62,boston:216,zurich:37,15.679997,36.1773
zurich_query_0FEApLaNMLno1PTABlbYyQ,transfer_1,9012,jpeg50,self,14,zurich:42,zurich:37,15.679998,36.1773
zurich_query_0FEApLaNMLno1PTABlbYyQ,transfer_2,9012,jpeg50,self,36,zurich:42,zurich:37,15.679998,36.1773
zurich_query_0FEApLaNMLno1PTABlbYyQ,transfer_3,9012,jpeg50,self,16,toronto:301,zurich:37,15.679997,36.1773
amman_query_1jA0_v7p_4KHVbia4DG7Bw,isotropic,1234,jpeg50,self,1,amman:13,amman:13,15.679997,36.1773
amman_query_1jA0_v7p_4KHVbia4DG7Bw,white_box,1234,jpeg50,self,34,boston:206,amman:13,15.680002,36.1773
amman_query_1jA0_v7p_4KHVbia4DG7Bw,transfer_1,1234,jpeg50,self,1,amman:13,amman:13,15.679997,36.1773
amman_query_1jA0_v7p_4KHVbia4DG7Bw,transfer_2,1234,jpeg50,self,2,amman:1,amman:13,15.680000,36.1773
amman_query_1jA0_v7p_4KHVbia4DG7Bw,transfer_3,1234,jpeg50,self,2,amman:1,amman:13,15.679997,36.1773
amman_query_1jA0_v7p_4KHVbia4DG7Bw,isotropic,5678,jpeg50,self,2,amman:1,amman:13,15.680000,36.1773
amman_query_1jA0_v7p_4KHVbia4DG7Bw,white_box,5678,jpeg50,self,2,amman:26,amman:13,15.679997,36.1773
amman_query_1jA0_v7p_4KHVbia4DG7Bw,transfer_1,5678,jpeg50,self,1,amman:13,amman:13,15.680001,36.1773
amman_query_1jA0_v7p_4KHVbia4DG7Bw,transfer_2,5678,jpeg50,self,1,amman:13,amman:13,15.680000,36.1773
amman_query_1jA0_v7p_4KHVbia4DG7Bw,transfer_3,5678,jpeg50,self,2,amman:1,amman:13,15.680000,36.1773
amman_query_1jA0_v7p_4KHVbia4DG7Bw,isotropic,9012,jpeg50,self,1,amman:13,amman:13,15.680000,36.1773
amman_query_1jA0_v7p_4KHVbia4DG7Bw,white_box,9012,jpeg50,self,25,boston:234,amman:13,15.679998,36.1773
amman_query_1jA0_v7p_4KHVbia4DG7Bw,transfer_1,9012,jpeg50,self,1,amman:13,amman:13,15.679997,36.1773
amman_query_1jA0_v7p_4KHVbia4DG7Bw,transfer_2,9012,jpeg50,self,2,amman:1,amman:13,15.679997,36.1773
amman_query_1jA0_v7p_4KHVbia4DG7Bw,transfer_3,9012,jpeg50,self,1,amman:13,amman:13,15.680002,36.1773
boston_query_-O6nZhSO0Cgq4iaZ522K2g,isotropic,1234,jpeg50,self,4,amman:31,boston:90,15.679997,36.1773
boston_query_-O6nZhSO0Cgq4iaZ522K2g,white_box,1234,jpeg50,self,43,manila:190,boston:90,15.680000,36.1773
boston_query_-O6nZhSO0Cgq4iaZ522K2g,transfer_1,1234,jpeg50,self,2,boston:123,boston:90,15.679998,36.1773
boston_query_-O6nZhSO0Cgq4iaZ522K2g,transfer_2,1234,jpeg50,self,2,boston:123,boston:90,15.680000,36.1773
boston_query_-O6nZhSO0Cgq4iaZ522K2g,transfer_3,1234,jpeg50,self,5,boston:123,boston:90,15.680000,36.1773
boston_query_-O6nZhSO0Cgq4iaZ522K2g,isotropic,5678,jpeg50,self,8,boston:123,boston:90,15.680000,36.1773
boston_query_-O6nZhSO0Cgq4iaZ522K2g,white_box,5678,jpeg50,self,167,boston:171,boston:90,15.679997,36.1773
boston_query_-O6nZhSO0Cgq4iaZ522K2g,transfer_1,5678,jpeg50,self,3,boston:123,boston:90,15.679997,36.1773
boston_query_-O6nZhSO0Cgq4iaZ522K2g,transfer_2,5678,jpeg50,self,9,cph:464,boston:90,15.679998,36.1773
boston_query_-O6nZhSO0Cgq4iaZ522K2g,transfer_3,5678,jpeg50,self,15,toronto:34,boston:90,15.680000,36.1773
boston_query_-O6nZhSO0Cgq4iaZ522K2g,isotropic,9012,jpeg50,self,4,cph:464,boston:90,15.679998,36.1773
boston_query_-O6nZhSO0Cgq4iaZ522K2g,white_box,9012,jpeg50,self,30,boston:171,boston:90,15.679997,36.1773
boston_query_-O6nZhSO0Cgq4iaZ522K2g,transfer_1,9012,jpeg50,self,3,boston:123,boston:90,15.679997,36.1773
boston_query_-O6nZhSO0Cgq4iaZ522K2g,transfer_2,9012,jpeg50,self,10,boston:123,boston:90,15.680000,36.1773
boston_query_-O6nZhSO0Cgq4iaZ522K2g,transfer_3,9012,jpeg50,self,1,boston:90,boston:90,15.679997,36.1773
cph_query_-MUw194v9r5C1394mci6-A,isotropic,1234,jpeg50,self,6,cph:370,cph:384,15.680002,36.1773
cph_query_-MUw194v9r5C1394mci6-A,white_box,1234,jpeg50,self,330,manila:87,cph:384,15.680000,36.1773
cph_query_-MUw194v9r5C1394mci6-A,transfer_1,1234,jpeg50,self,18,cph:370,cph:384,15.680000,36.1773
cph_query_-MUw194v9r5C1394mci6-A,transfer_2,1234,jpeg50,self,60,cph:370,cph:384,15.679998,36.1773
cph_query_-MUw194v9r5C1394mci6-A,transfer_3,1234,jpeg50,self,18,manila:87,cph:384,15.680000,36.1773
cph_query_-MUw194v9r5C1394mci6-A,isotropic,5678,jpeg50,self,4,cph:370,cph:384,15.679997,36.1773
cph_query_-MUw194v9r5C1394mci6-A,white_box,5678,jpeg50,self,90,manila:87,cph:384,15.680000,36.1773
cph_query_-MUw194v9r5C1394mci6-A,transfer_1,5678,jpeg50,self,4,cph:370,cph:384,15.680001,36.1773
cph_query_-MUw194v9r5C1394mci6-A,transfer_2,5678,jpeg50,self,4,cph:370,cph:384,15.679997,36.1773
cph_query_-MUw194v9r5C1394mci6-A,transfer_3,5678,jpeg50,self,36,cph:370,cph:384,15.680001,36.1773
cph_query_-MUw194v9r5C1394mci6-A,isotropic,9012,jpeg50,self,7,cph:370,cph:384,15.680000,36.1773
cph_query_-MUw194v9r5C1394mci6-A,white_box,9012,jpeg50,self,381,manila:87,cph:384,15.679998,36.1773
cph_query_-MUw194v9r5C1394mci6-A,transfer_1,9012,jpeg50,self,11,cph:370,cph:384,15.679998,36.1773
cph_query_-MUw194v9r5C1394mci6-A,transfer_2,9012,jpeg50,self,6,cph:370,cph:384,15.679998,36.1773
cph_query_-MUw194v9r5C1394mci6-A,transfer_3,9012,jpeg50,self,72,cph:71,cph:384,15.680000,36.1773
london_query_-vkja3p0MzaoZlQOooT-YQ,isotropic,1234,jpeg50,self,58,zurich:96,london:121,15.680000,36.1773
london_query_-vkja3p0MzaoZlQOooT-YQ,white_box,1234,jpeg50,self,136,cph:345,london:121,15.679998,36.1773
london_query_-vkja3p0MzaoZlQOooT-YQ,transfer_1,1234,jpeg50,self,42,zurich:96,london:121,15.679997,36.1773
london_query_-vkja3p0MzaoZlQOooT-YQ,transfer_2,1234,jpeg50,self,113,zurich:96,london:121,15.679997,36.1773
london_query_-vkja3p0MzaoZlQOooT-YQ,transfer_3,1234,jpeg50,self,161,manila:153,london:121,15.680000,36.1773
london_query_-vkja3p0MzaoZlQOooT-YQ,isotropic,5678,jpeg50,self,78,zurich:96,london:121,15.680000,36.1773
london_query_-vkja3p0MzaoZlQOooT-YQ,white_box,5678,jpeg50,self,188,nairobi:1,london:121,15.680000,36.1773
london_query_-vkja3p0MzaoZlQOooT-YQ,transfer_1,5678,jpeg50,self,54,zurich:96,london:121,15.679998,36.1773
london_query_-vkja3p0MzaoZlQOooT-YQ,transfer_2,5678,jpeg50,self,49,toronto:23,london:121,15.680001,36.1773
london_query_-vkja3p0MzaoZlQOooT-YQ,transfer_3,5678,jpeg50,self,32,zurich:96,london:121,15.679998,36.1773
london_query_-vkja3p0MzaoZlQOooT-YQ,isotropic,9012,jpeg50,self,52,zurich:96,london:121,15.679997,36.1773
london_query_-vkja3p0MzaoZlQOooT-YQ,white_box,9012,jpeg50,self,256,boston:123,london:121,15.680000,36.1773
london_query_-vkja3p0MzaoZlQOooT-YQ,transfer_1,9012,jpeg50,self,41,zurich:96,london:121,15.680001,36.1773
london_query_-vkja3p0MzaoZlQOooT-YQ,transfer_2,9012,jpeg50,self,29,zurich:96,london:121,15.680000,36.1773
london_query_-vkja3p0MzaoZlQOooT-YQ,transfer_3,9012,jpeg50,self,79,zurich:96,london:121,15.680000,36.1773
manila_query_-RZzhLSoiUGq-PShtIhzxw,isotropic,1234,jpeg50,self,96,manila:6,manila:54,15.679997,36.1773
manila_query_-RZzhLSoiUGq-PShtIhzxw,white_box,1234,jpeg50,self,88,manila:13,manila:54,15.680000,36.1773
manila_query_-RZzhLSoiUGq-PShtIhzxw,transfer_1,1234,jpeg50,self,85,nairobi:10,manila:54,15.680000,36.1773
manila_query_-RZzhLSoiUGq-PShtIhzxw,transfer_2,1234,jpeg50,self,87,nairobi:10,manila:54,15.680000,36.1773
manila_query_-RZzhLSoiUGq-PShtIhzxw,transfer_3,1234,jpeg50,self,163,nairobi:10,manila:54,15.679997,36.1773
manila_query_-RZzhLSoiUGq-PShtIhzxw,isotropic,5678,jpeg50,self,141,nairobi:10,manila:54,15.680000,36.1773
manila_query_-RZzhLSoiUGq-PShtIhzxw,white_box,5678,jpeg50,self,66,manila:181,manila:54,15.679997,36.1773
manila_query_-RZzhLSoiUGq-PShtIhzxw,transfer_1,5678,jpeg50,self,99,nairobi:10,manila:54,15.679997,36.1773
manila_query_-RZzhLSoiUGq-PShtIhzxw,transfer_2,5678,jpeg50,self,226,nairobi:10,manila:54,15.680000,36.1773
manila_query_-RZzhLSoiUGq-PShtIhzxw,transfer_3,5678,jpeg50,self,73,nairobi:10,manila:54,15.680000,36.1773
manila_query_-RZzhLSoiUGq-PShtIhzxw,isotropic,9012,jpeg50,self,117,manila:6,manila:54,15.679997,36.1773
manila_query_-RZzhLSoiUGq-PShtIhzxw,white_box,9012,jpeg50,self,178,boston:144,manila:54,15.680000,36.1773
manila_query_-RZzhLSoiUGq-PShtIhzxw,transfer_1,9012,jpeg50,self,83,amman:21,manila:54,15.679997,36.1773
manila_query_-RZzhLSoiUGq-PShtIhzxw,transfer_2,9012,jpeg50,self,149,amman:21,manila:54,15.680000,36.1773
manila_query_-RZzhLSoiUGq-PShtIhzxw,transfer_3,9012,jpeg50,self,56,nairobi:10,manila:54,15.680001,36.1773
nairobi_query_2wqDKqSdeRPYg6X996gZ0w,isotropic,1234,jpeg50,self,1,nairobi:21,nairobi:21,15.679997,36.1773
nairobi_query_2wqDKqSdeRPYg6X996gZ0w,white_box,1234,jpeg50,self,7,nairobi:1,nairobi:21,15.679997,36.1773
nairobi_query_2wqDKqSdeRPYg6X996gZ0w,transfer_1,1234,jpeg50,self,2,nairobi:22,nairobi:21,15.680000,36.1773
nairobi_query_2wqDKqSdeRPYg6X996gZ0w,transfer_2,1234,jpeg50,self,1,nairobi:21,nairobi:21,15.679997,36.1773
nairobi_query_2wqDKqSdeRPYg6X996gZ0w,transfer_3,1234,jpeg50,self,15,nairobi:1,nairobi:21,15.679998,36.1773
nairobi_query_2wqDKqSdeRPYg6X996gZ0w,isotropic,5678,jpeg50,self,1,nairobi:21,nairobi:21,15.679997,36.1773
nairobi_query_2wqDKqSdeRPYg6X996gZ0w,white_box,5678,jpeg50,self,136,manila:106,nairobi:21,15.680000,36.1773
nairobi_query_2wqDKqSdeRPYg6X996gZ0w,transfer_1,5678,jpeg50,self,6,amman:32,nairobi:21,15.679997,36.1773
nairobi_query_2wqDKqSdeRPYg6X996gZ0w,transfer_2,5678,jpeg50,self,5,nairobi:22,nairobi:21,15.679997,36.1773
nairobi_query_2wqDKqSdeRPYg6X996gZ0w,transfer_3,5678,jpeg50,self,5,nairobi:22,nairobi:21,15.680000,36.1773
nairobi_query_2wqDKqSdeRPYg6X996gZ0w,isotropic,9012,jpeg50,self,1,nairobi:21,nairobi:21,15.679998,36.1773
nairobi_query_2wqDKqSdeRPYg6X996gZ0w,white_box,9012,jpeg50,self,17,london:15,nairobi:21,15.679998,36.1773
nairobi_query_2wqDKqSdeRPYg6X996gZ0w,transfer_1,9012,jpeg50,self,6,nairobi:22,nairobi:21,15.679998,36.1773
nairobi_query_2wqDKqSdeRPYg6X996gZ0w,transfer_2,9012,jpeg50,self,12,amman:32,nairobi:21,15.679997,36.1773
nairobi_query_2wqDKqSdeRPYg6X996gZ0w,transfer_3,9012,jpeg50,self,7,nairobi:22,nairobi:21,15.679998,36.1773
toronto_query_-FohtR51AFcyGSLgiTdXzw,isotropic,1234,jpeg50,self,1,toronto:207,toronto:207,15.680001,36.1773
toronto_query_-FohtR51AFcyGSLgiTdXzw,white_box,1234,jpeg50,self,58,boston:79,toronto:207,15.679997,36.1773
toronto_query_-FohtR51AFcyGSLgiTdXzw,transfer_1,1234,jpeg50,self,1,toronto:207,toronto:207,15.680000,36.1773
toronto_query_-FohtR51AFcyGSLgiTdXzw,transfer_2,1234,jpeg50,self,1,toronto:207,toronto:207,15.679998,36.1773
toronto_query_-FohtR51AFcyGSLgiTdXzw,transfer_3,1234,jpeg50,self,1,toronto:207,toronto:207,15.679998,36.1773
toronto_query_-FohtR51AFcyGSLgiTdXzw,isotropic,5678,jpeg50,self,1,toronto:207,toronto:207,15.680002,36.1773
toronto_query_-FohtR51AFcyGSLgiTdXzw,white_box,5678,jpeg50,self,3,london:111,toronto:207,15.680000,36.1773
toronto_query_-FohtR51AFcyGSLgiTdXzw,transfer_1,5678,jpeg50,self,1,toronto:207,toronto:207,15.679997,36.1773
toronto_query_-FohtR51AFcyGSLgiTdXzw,transfer_2,5678,jpeg50,self,1,toronto:207,toronto:207,15.680001,36.1773
toronto_query_-FohtR51AFcyGSLgiTdXzw,transfer_3,5678,jpeg50,self,1,toronto:207,toronto:207,15.680000,36.1773
toronto_query_-FohtR51AFcyGSLgiTdXzw,isotropic,9012,jpeg50,self,1,toronto:207,toronto:207,15.680000,36.1773
toronto_query_-FohtR51AFcyGSLgiTdXzw,white_box,9012,jpeg50,self,181,boston:79,toronto:207,15.679997,36.1773
toronto_query_-FohtR51AFcyGSLgiTdXzw,transfer_1,9012,jpeg50,self,1,toronto:207,toronto:207,15.680002,36.1773
toronto_query_-FohtR51AFcyGSLgiTdXzw,transfer_2,9012,jpeg50,self,1,toronto:207,toronto:207,15.679998,36.1773
toronto_query_-FohtR51AFcyGSLgiTdXzw,transfer_3,9012,jpeg50,self,1,toronto:207,toronto:207,15.680000,36.1773
zurich_query_0I7IdNKcKWGXL-wmkUdx2A,isotropic,1234,jpeg50,self,14,zurich:109,zurich:65,15.680000,36.1773
zurich_query_0I7IdNKcKWGXL-wmkUdx2A,white_box,1234,jpeg50,self,18,toronto:23,zurich:65,15.679997,36.1773
zurich_query_0I7IdNKcKWGXL-wmkUdx2A,transfer_1,1234,jpeg50,self,3,zurich:109,zurich:65,15.679996,36.1773
zurich_query_0I7IdNKcKWGXL-wmkUdx2A,transfer_2,1234,jpeg50,self,21,zurich:109,zurich:65,15.679997,36.1773
zurich_query_0I7IdNKcKWGXL-wmkUdx2A,transfer_3,1234,jpeg50,self,18,zurich:109,zurich:65,15.679997,36.1773
zurich_query_0I7IdNKcKWGXL-wmkUdx2A,isotropic,5678,jpeg50,self,19,zurich:109,zurich:65,15.679995,36.1773
zurich_query_0I7IdNKcKWGXL-wmkUdx2A,white_box,5678,jpeg50,self,59,boston:249,zurich:65,15.679998,36.1773
zurich_query_0I7IdNKcKWGXL-wmkUdx2A,transfer_1,5678,jpeg50,self,22,zurich:109,zurich:65,15.680000,36.1773
zurich_query_0I7IdNKcKWGXL-wmkUdx2A,transfer_2,5678,jpeg50,self,13,zurich:109,zurich:65,15.680000,36.1773
zurich_query_0I7IdNKcKWGXL-wmkUdx2A,transfer_3,5678,jpeg50,self,9,zurich:109,zurich:65,15.680000,36.1773
zurich_query_0I7IdNKcKWGXL-wmkUdx2A,isotropic,9012,jpeg50,self,10,zurich:109,zurich:65,15.679998,36.1773
zurich_query_0I7IdNKcKWGXL-wmkUdx2A,white_box,9012,jpeg50,self,97,cph:384,zurich:65,15.679998,36.1773
zurich_query_0I7IdNKcKWGXL-wmkUdx2A,transfer_1,9012,jpeg50,self,5,zurich:109,zurich:65,15.680000,36.1773
zurich_query_0I7IdNKcKWGXL-wmkUdx2A,transfer_2,9012,jpeg50,self,3,zurich:109,zurich:65,15.679998,36.1773
zurich_query_0I7IdNKcKWGXL-wmkUdx2A,transfer_3,9012,jpeg50,self,25,toronto:23,zurich:65,15.679998,36.1773
amman_query_1n6vx0uExn56MfvA6toRJw,isotropic,1234,jpeg50,self,1,amman:31,amman:31,15.679997,36.1773
amman_query_1n6vx0uExn56MfvA6toRJw,white_box,1234,jpeg50,self,28,manila:51,amman:31,15.679997,36.1773
amman_query_1n6vx0uExn56MfvA6toRJw,transfer_1,1234,jpeg50,self,8,zurich:42,amman:31,15.680000,36.1773
amman_query_1n6vx0uExn56MfvA6toRJw,transfer_2,1234,jpeg50,self,3,amman:22,amman:31,15.679997,36.1773
amman_query_1n6vx0uExn56MfvA6toRJw,transfer_3,1234,jpeg50,self,1,amman:31,amman:31,15.680000,36.1773
amman_query_1n6vx0uExn56MfvA6toRJw,isotropic,5678,jpeg50,self,1,amman:31,amman:31,15.680000,36.1773
amman_query_1n6vx0uExn56MfvA6toRJw,white_box,5678,jpeg50,self,130,toronto:196,amman:31,15.679998,36.1773
amman_query_1n6vx0uExn56MfvA6toRJw,transfer_1,5678,jpeg50,self,2,amman:26,amman:31,15.680001,36.1773
amman_query_1n6vx0uExn56MfvA6toRJw,transfer_2,5678,jpeg50,self,7,amman:23,amman:31,15.679997,36.1773
amman_query_1n6vx0uExn56MfvA6toRJw,transfer_3,5678,jpeg50,self,9,amman:22,amman:31,15.679997,36.1773
amman_query_1n6vx0uExn56MfvA6toRJw,isotropic,9012,jpeg50,self,7,amman:15,amman:31,15.680000,36.1773
amman_query_1n6vx0uExn56MfvA6toRJw,white_box,9012,jpeg50,self,15,amman:22,amman:31,15.680000,36.1773
amman_query_1n6vx0uExn56MfvA6toRJw,transfer_1,9012,jpeg50,self,16,amman:15,amman:31,15.680000,36.1773
amman_query_1n6vx0uExn56MfvA6toRJw,transfer_2,9012,jpeg50,self,2,amman:23,amman:31,15.679998,36.1773
amman_query_1n6vx0uExn56MfvA6toRJw,transfer_3,9012,jpeg50,self,1,amman:31,amman:31,15.679997,36.1773
boston_query_-OEJzVyBJiypLsHkeOqxKn,isotropic,1234,jpeg50,self,76,boston:27,boston:79,15.679997,36.1773
boston_query_-OEJzVyBJiypLsHkeOqxKn,white_box,1234,jpeg50,self,25,boston:168,boston:79,15.680000,36.1773
boston_query_-OEJzVyBJiypLsHkeOqxKn,transfer_1,1234,jpeg50,self,24,boston:27,boston:79,15.679997,36.1773
boston_query_-OEJzVyBJiypLsHkeOqxKn,transfer_2,1234,jpeg50,self,54,boston:235,boston:79,15.680000,36.1773
boston_query_-OEJzVyBJiypLsHkeOqxKn,transfer_3,1234,jpeg50,self,10,boston:27,boston:79,15.680000,36.1773
boston_query_-OEJzVyBJiypLsHkeOqxKn,isotropic,5678,jpeg50,self,29,boston:27,boston:79,15.679998,36.1773
boston_query_-OEJzVyBJiypLsHkeOqxKn,white_box,5678,jpeg50,self,90,manila:72,boston:79,15.680000,36.1773
boston_query_-OEJzVyBJiypLsHkeOqxKn,transfer_1,5678,jpeg50,self,35,boston:235,boston:79,15.679998,36.1773
boston_query_-OEJzVyBJiypLsHkeOqxKn,transfer_2,5678,jpeg50,self,79,boston:244,boston:79,15.679997,36.1773
boston_query_-OEJzVyBJiypLsHkeOqxKn,transfer_3,5678,jpeg50,self,37,boston:244,boston:79,15.680002,36.1773
boston_query_-OEJzVyBJiypLsHkeOqxKn,isotropic,9012,jpeg50,self,38,boston:123,boston:79,15.679997,36.1773
boston_query_-OEJzVyBJiypLsHkeOqxKn,white_box,9012,jpeg50,self,63,boston:168,boston:79,15.680000,36.1773
boston_query_-OEJzVyBJiypLsHkeOqxKn,transfer_1,9012,jpeg50,self,65,boston:168,boston:79,15.680001,36.1773
boston_query_-OEJzVyBJiypLsHkeOqxKn,transfer_2,9012,jpeg50,self,24,boston:235,boston:79,15.679997,36.1773
boston_query_-OEJzVyBJiypLsHkeOqxKn,transfer_3,9012,jpeg50,self,12,boston:244,boston:79,15.679997,36.1773
cph_query_-Mwdj8AXbTR5wrPmQKRbhQ,isotropic,1234,jpeg50,self,1,cph:33,cph:33,15.680000,36.1773
cph_query_-Mwdj8AXbTR5wrPmQKRbhQ,white_box,1234,jpeg50,self,1,cph:33,cph:33,15.679998,36.1773
cph_query_-Mwdj8AXbTR5wrPmQKRbhQ,transfer_1,1234,jpeg50,self,1,cph:33,cph:33,15.679997,36.1773
cph_query_-Mwdj8AXbTR5wrPmQKRbhQ,transfer_2,1234,jpeg50,self,1,cph:33,cph:33,15.680000,36.1773
cph_query_-Mwdj8AXbTR5wrPmQKRbhQ,transfer_3,1234,jpeg50,self,2,nairobi:12,cph:33,15.679997,36.1773
cph_query_-Mwdj8AXbTR5wrPmQKRbhQ,isotropic,5678,jpeg50,self,1,cph:33,cph:33,15.680000,36.1773
cph_query_-Mwdj8AXbTR5wrPmQKRbhQ,white_box,5678,jpeg50,self,1,cph:33,cph:33,15.679998,36.1773
cph_query_-Mwdj8AXbTR5wrPmQKRbhQ,transfer_1,5678,jpeg50,self,1,cph:33,cph:33,15.679997,36.1773
cph_query_-Mwdj8AXbTR5wrPmQKRbhQ,transfer_2,5678,jpeg50,self,1,cph:33,cph:33,15.680000,36.1773
cph_query_-Mwdj8AXbTR5wrPmQKRbhQ,transfer_3,5678,jpeg50,self,1,cph:33,cph:33,15.680000,36.1773
cph_query_-Mwdj8AXbTR5wrPmQKRbhQ,isotropic,9012,jpeg50,self,1,cph:33,cph:33,15.679998,36.1773
cph_query_-Mwdj8AXbTR5wrPmQKRbhQ,white_box,9012,jpeg50,self,1,cph:33,cph:33,15.679998,36.1773
cph_query_-Mwdj8AXbTR5wrPmQKRbhQ,transfer_1,9012,jpeg50,self,1,cph:33,cph:33,15.680000,36.1773
cph_query_-Mwdj8AXbTR5wrPmQKRbhQ,transfer_2,9012,jpeg50,self,1,cph:33,cph:33,15.680001,36.1773
cph_query_-Mwdj8AXbTR5wrPmQKRbhQ,transfer_3,9012,jpeg50,self,1,cph:33,cph:33,15.680000,36.1773
london_query_-wX-mY4F2ewX9tlr1_JTbw,isotropic,1234,jpeg50,self,221,toronto:58,london:68,15.680000,36.1773
london_query_-wX-mY4F2ewX9tlr1_JTbw,white_box,1234,jpeg50,self,57,toronto:200,london:68,15.680000,36.1773
london_query_-wX-mY4F2ewX9tlr1_JTbw,transfer_1,1234,jpeg50,self,206,toronto:200,london:68,15.680000,36.1773
london_query_-wX-mY4F2ewX9tlr1_JTbw,transfer_2,1234,jpeg50,self,183,toronto:200,london:68,15.679997,36.1773
london_query_-wX-mY4F2ewX9tlr1_JTbw,transfer_3,1234,jpeg50,self,161,toronto:200,london:68,15.680001,36.1773
london_query_-wX-mY4F2ewX9tlr1_JTbw,isotropic,5678,jpeg50,self,212,toronto:200,london:68,15.679998,36.1773
london_query_-wX-mY4F2ewX9tlr1_JTbw,white_box,5678,jpeg50,self,85,toronto:200,london:68,15.680000,36.1773
london_query_-wX-mY4F2ewX9tlr1_JTbw,transfer_1,5678,jpeg50,self,217,toronto:200,london:68,15.679997,36.1773
london_query_-wX-mY4F2ewX9tlr1_JTbw,transfer_2,5678,jpeg50,self,110,toronto:200,london:68,15.679996,36.1773
london_query_-wX-mY4F2ewX9tlr1_JTbw,transfer_3,5678,jpeg50,self,293,london:28,london:68,15.679997,36.1773
london_query_-wX-mY4F2ewX9tlr1_JTbw,isotropic,9012,jpeg50,self,275,toronto:200,london:68,15.679998,36.1773
london_query_-wX-mY4F2ewX9tlr1_JTbw,white_box,9012,jpeg50,self,87,manila:190,london:68,15.680000,36.1773
london_query_-wX-mY4F2ewX9tlr1_JTbw,transfer_1,9012,jpeg50,self,223,toronto:200,london:68,15.679997,36.1773
london_query_-wX-mY4F2ewX9tlr1_JTbw,transfer_2,9012,jpeg50,self,161,toronto:200,london:68,15.680000,36.1773
london_query_-wX-mY4F2ewX9tlr1_JTbw,transfer_3,9012,jpeg50,self,111,toronto:88,london:68,15.679997,36.1773
manila_query_-SSrBkppXcUPQnmvRyEZaA,isotropic,1234,jpeg50,self,927,boston:101,manila:102,15.679997,36.1773
manila_query_-SSrBkppXcUPQnmvRyEZaA,white_box,1234,jpeg50,self,760,london:34,manila:102,15.679997,36.1773
manila_query_-SSrBkppXcUPQnmvRyEZaA,transfer_1,1234,jpeg50,self,953,boston:101,manila:102,15.679998,36.1773
manila_query_-SSrBkppXcUPQnmvRyEZaA,transfer_2,1234,jpeg50,self,633,boston:101,manila:102,15.679997,36.1773
manila_query_-SSrBkppXcUPQnmvRyEZaA,transfer_3,1234,jpeg50,self,611,amman:25,manila:102,15.680000,36.1773
manila_query_-SSrBkppXcUPQnmvRyEZaA,isotropic,5678,jpeg50,self,1050,boston:101,manila:102,15.680000,36.1773
manila_query_-SSrBkppXcUPQnmvRyEZaA,white_box,5678,jpeg50,self,344,manila:87,manila:102,15.679997,36.1773
manila_query_-SSrBkppXcUPQnmvRyEZaA,transfer_1,5678,jpeg50,self,852,boston:101,manila:102,15.679998,36.1773
manila_query_-SSrBkppXcUPQnmvRyEZaA,transfer_2,5678,jpeg50,self,760,boston:101,manila:102,15.679998,36.1773
manila_query_-SSrBkppXcUPQnmvRyEZaA,transfer_3,5678,jpeg50,self,669,amman:25,manila:102,15.679997,36.1773
manila_query_-SSrBkppXcUPQnmvRyEZaA,isotropic,9012,jpeg50,self,1060,boston:101,manila:102,15.680000,36.1773
manila_query_-SSrBkppXcUPQnmvRyEZaA,white_box,9012,jpeg50,self,679,amman:32,manila:102,15.679998,36.1773
manila_query_-SSrBkppXcUPQnmvRyEZaA,transfer_1,9012,jpeg50,self,846,boston:101,manila:102,15.680000,36.1773
manila_query_-SSrBkppXcUPQnmvRyEZaA,transfer_2,9012,jpeg50,self,787,boston:101,manila:102,15.679998,36.1773
manila_query_-SSrBkppXcUPQnmvRyEZaA,transfer_3,9012,jpeg50,self,582,boston:101,manila:102,15.679996,36.1773
nairobi_query_32eRlu6tx-Q_LzhBd8iTQA,isotropic,1234,jpeg50,self,1,nairobi:21,nairobi:21,15.680000,36.1773
nairobi_query_32eRlu6tx-Q_LzhBd8iTQA,white_box,1234,jpeg50,self,5,london:71,nairobi:21,15.679997,36.1773
nairobi_query_32eRlu6tx-Q_LzhBd8iTQA,transfer_1,1234,jpeg50,self,3,nairobi:22,nairobi:21,15.679997,36.1773
nairobi_query_32eRlu6tx-Q_LzhBd8iTQA,transfer_2,1234,jpeg50,self,12,cph:176,nairobi:21,15.680000,36.1773
nairobi_query_32eRlu6tx-Q_LzhBd8iTQA,transfer_3,1234,jpeg50,self,24,nairobi:22,nairobi:21,15.680000,36.1773
nairobi_query_32eRlu6tx-Q_LzhBd8iTQA,isotropic,5678,jpeg50,self,2,nairobi:22,nairobi:21,15.680000,36.1773
nairobi_query_32eRlu6tx-Q_LzhBd8iTQA,white_box,5678,jpeg50,self,5,manila:72,nairobi:21,15.680000,36.1773
nairobi_query_32eRlu6tx-Q_LzhBd8iTQA,transfer_1,5678,jpeg50,self,3,cph:176,nairobi:21,15.680000,36.1773
nairobi_query_32eRlu6tx-Q_LzhBd8iTQA,transfer_2,5678,jpeg50,self,3,cph:176,nairobi:21,15.679998,36.1773
nairobi_query_32eRlu6tx-Q_LzhBd8iTQA,transfer_3,5678,jpeg50,self,7,cph:176,nairobi:21,15.679997,36.1773
nairobi_query_32eRlu6tx-Q_LzhBd8iTQA,isotropic,9012,jpeg50,self,2,cph:176,nairobi:21,15.679997,36.1773
nairobi_query_32eRlu6tx-Q_LzhBd8iTQA,white_box,9012,jpeg50,self,339,manila:92,nairobi:21,15.680000,36.1773
nairobi_query_32eRlu6tx-Q_LzhBd8iTQA,transfer_1,9012,jpeg50,self,3,nairobi:22,nairobi:21,15.679997,36.1773
nairobi_query_32eRlu6tx-Q_LzhBd8iTQA,transfer_2,9012,jpeg50,self,4,cph:176,nairobi:21,15.679997,36.1773
nairobi_query_32eRlu6tx-Q_LzhBd8iTQA,transfer_3,9012,jpeg50,self,23,cph:176,nairobi:21,15.680001,36.1773
toronto_query_-HBbI6fcMz-R3CyduFEoDg,isotropic,1234,jpeg50,self,258,zurich:42,toronto:426,15.679998,36.1773
toronto_query_-HBbI6fcMz-R3CyduFEoDg,white_box,1234,jpeg50,self,170,manila:92,toronto:426,15.680000,36.1773
toronto_query_-HBbI6fcMz-R3CyduFEoDg,transfer_1,1234,jpeg50,self,136,boston:191,toronto:426,15.680000,36.1773
toronto_query_-HBbI6fcMz-R3CyduFEoDg,transfer_2,1234,jpeg50,self,593,nairobi:19,toronto:426,15.680001,36.1773
toronto_query_-HBbI6fcMz-R3CyduFEoDg,transfer_3,1234,jpeg50,self,573,zurich:42,toronto:426,15.679998,36.1773
toronto_query_-HBbI6fcMz-R3CyduFEoDg,isotropic,5678,jpeg50,self,205,amman:23,toronto:426,15.680000,36.1773
toronto_query_-HBbI6fcMz-R3CyduFEoDg,white_box,5678,jpeg50,self,438,zurich:19,toronto:426,15.680000,36.1773
toronto_query_-HBbI6fcMz-R3CyduFEoDg,transfer_1,5678,jpeg50,self,613,boston:191,toronto:426,15.679997,36.1773
toronto_query_-HBbI6fcMz-R3CyduFEoDg,transfer_2,5678,jpeg50,self,544,nairobi:22,toronto:426,15.680000,36.1773
toronto_query_-HBbI6fcMz-R3CyduFEoDg,transfer_3,5678,jpeg50,self,431,zurich:19,toronto:426,15.680000,36.1773
toronto_query_-HBbI6fcMz-R3CyduFEoDg,isotropic,9012,jpeg50,self,155,zurich:42,toronto:426,15.679997,36.1773
toronto_query_-HBbI6fcMz-R3CyduFEoDg,white_box,9012,jpeg50,self,432,manila:67,toronto:426,15.680001,36.1773
toronto_query_-HBbI6fcMz-R3CyduFEoDg,transfer_1,9012,jpeg50,self,565,nairobi:19,toronto:426,15.680000,36.1773
toronto_query_-HBbI6fcMz-R3CyduFEoDg,transfer_2,9012,jpeg50,self,592,nairobi:22,toronto:426,15.680000,36.1773
toronto_query_-HBbI6fcMz-R3CyduFEoDg,transfer_3,9012,jpeg50,self,333,zurich:42,toronto:426,15.680002,36.1773
zurich_query_0IZVsW_UPLzI_vUm51hEMQ,isotropic,1234,jpeg50,self,1,zurich:25,zurich:25,15.680000,36.1773
zurich_query_0IZVsW_UPLzI_vUm51hEMQ,white_box,1234,jpeg50,self,124,cph:243,zurich:25,15.680002,36.1773
zurich_query_0IZVsW_UPLzI_vUm51hEMQ,transfer_1,1234,jpeg50,self,1,zurich:25,zurich:25,15.680000,36.1773
zurich_query_0IZVsW_UPLzI_vUm51hEMQ,transfer_2,1234,jpeg50,self,1,zurich:25,zurich:25,15.680001,36.1773
zurich_query_0IZVsW_UPLzI_vUm51hEMQ,transfer_3,1234,jpeg50,self,3,zurich:42,zurich:25,15.679997,36.1773
zurich_query_0IZVsW_UPLzI_vUm51hEMQ,isotropic,5678,jpeg50,self,1,zurich:25,zurich:25,15.680000,36.1773
zurich_query_0IZVsW_UPLzI_vUm51hEMQ,white_box,5678,jpeg50,self,87,boston:90,zurich:25,15.680000,36.1773
zurich_query_0IZVsW_UPLzI_vUm51hEMQ,transfer_1,5678,jpeg50,self,1,zurich:25,zurich:25,15.680000,36.1773
zurich_query_0IZVsW_UPLzI_vUm51hEMQ,transfer_2,5678,jpeg50,self,3,cph:243,zurich:25,15.680000,36.1773
zurich_query_0IZVsW_UPLzI_vUm51hEMQ,transfer_3,5678,jpeg50,self,1,zurich:25,zurich:25,15.679997,36.1773
zurich_query_0IZVsW_UPLzI_vUm51hEMQ,isotropic,9012,jpeg50,self,1,zurich:25,zurich:25,15.680000,36.1773
zurich_query_0IZVsW_UPLzI_vUm51hEMQ,white_box,9012,jpeg50,self,70,cph:243,zurich:25,15.680000,36.1773
zurich_query_0IZVsW_UPLzI_vUm51hEMQ,transfer_1,9012,jpeg50,self,1,zurich:25,zurich:25,15.680000,36.1773
zurich_query_0IZVsW_UPLzI_vUm51hEMQ,transfer_2,9012,jpeg50,self,1,zurich:25,zurich:25,15.680000,36.1773
zurich_query_0IZVsW_UPLzI_vUm51hEMQ,transfer_3,9012,jpeg50,self,1,zurich:25,zurich:25,15.679997,36.1773
amman_query_1qMrYvXqBvZDS0XUd5cEtg,isotropic,1234,jpeg50,self,4,amman:23,amman:21,15.679998,36.1773
amman_query_1qMrYvXqBvZDS0XUd5cEtg,white_box,1234,jpeg50,self,1,amman:21,amman:21,15.679997,36.1773
amman_query_1qMrYvXqBvZDS0XUd5cEtg,transfer_1,1234,jpeg50,self,2,amman:23,amman:21,15.680000,36.1773
amman_query_1qMrYvXqBvZDS0XUd5cEtg,transfer_2,1234,jpeg50,self,1,amman:21,amman:21,15.680000,36.1773
amman_query_1qMrYvXqBvZDS0XUd5cEtg,transfer_3,1234,jpeg50,self,6,amman:23,amman:21,15.679997,36.1773
amman_query_1qMrYvXqBvZDS0XUd5cEtg,isotropic,5678,jpeg50,self,4,amman:23,amman:21,15.680000,36.1773
amman_query_1qMrYvXqBvZDS0XUd5cEtg,white_box,5678,jpeg50,self,5,amman:23,amman:21,15.680000,36.1773
amman_query_1qMrYvXqBvZDS0XUd5cEtg,transfer_1,5678,jpeg50,self,1,amman:21,amman:21,15.679996,36.1773
amman_query_1qMrYvXqBvZDS0XUd5cEtg,transfer_2,5678,jpeg50,self,4,amman:23,amman:21,15.679997,36.1773
amman_query_1qMrYvXqBvZDS0XUd5cEtg,transfer_3,5678,jpeg50,self,1,amman:21,amman:21,15.680000,36.1773
amman_query_1qMrYvXqBvZDS0XUd5cEtg,isotropic,9012,jpeg50,self,1,amman:21,amman:21,15.679997,36.1773
amman_query_1qMrYvXqBvZDS0XUd5cEtg,white_box,9012,jpeg50,self,3,amman:23,amman:21,15.679998,36.1773
amman_query_1qMrYvXqBvZDS0XUd5cEtg,transfer_1,9012,jpeg50,self,1,amman:21,amman:21,15.680001,36.1773
amman_query_1qMrYvXqBvZDS0XUd5cEtg,transfer_2,9012,jpeg50,self,1,amman:21,amman:21,15.680000,36.1773
amman_query_1qMrYvXqBvZDS0XUd5cEtg,transfer_3,9012,jpeg50,self,3,amman:23,amman:21,15.680000,36.1773
boston_query_-OlQhKn0bS9eZTkeJL6ovw,isotropic,1234,jpeg50,self,1,boston:237,boston:237,15.680001,36.1773
boston_query_-OlQhKn0bS9eZTkeJL6ovw,white_box,1234,jpeg50,self,1,boston:237,boston:237,15.679997,36.1773
boston_query_-OlQhKn0bS9eZTkeJL6ovw,transfer_1,1234,jpeg50,self,1,boston:237,boston:237,15.680000,36.1773
boston_query_-OlQhKn0bS9eZTkeJL6ovw,transfer_2,1234,jpeg50,self,1,boston:237,boston:237,15.679997,36.1773
boston_query_-OlQhKn0bS9eZTkeJL6ovw,transfer_3,1234,jpeg50,self,1,boston:237,boston:237,15.680001,36.1773
boston_query_-OlQhKn0bS9eZTkeJL6ovw,isotropic,5678,jpeg50,self,1,boston:237,boston:237,15.679997,36.1773
boston_query_-OlQhKn0bS9eZTkeJL6ovw,white_box,5678,jpeg50,self,1,boston:237,boston:237,15.679998,36.1773
boston_query_-OlQhKn0bS9eZTkeJL6ovw,transfer_1,5678,jpeg50,self,1,boston:237,boston:237,15.680000,36.1773
boston_query_-OlQhKn0bS9eZTkeJL6ovw,transfer_2,5678,jpeg50,self,1,boston:237,boston:237,15.679997,36.1773
boston_query_-OlQhKn0bS9eZTkeJL6ovw,transfer_3,5678,jpeg50,self,1,boston:237,boston:237,15.679998,36.1773
boston_query_-OlQhKn0bS9eZTkeJL6ovw,isotropic,9012,jpeg50,self,1,boston:237,boston:237,15.679998,36.1773
boston_query_-OlQhKn0bS9eZTkeJL6ovw,white_box,9012,jpeg50,self,7,manila:173,boston:237,15.680001,36.1773
boston_query_-OlQhKn0bS9eZTkeJL6ovw,transfer_1,9012,jpeg50,self,1,boston:237,boston:237,15.679997,36.1773
boston_query_-OlQhKn0bS9eZTkeJL6ovw,transfer_2,9012,jpeg50,self,1,boston:237,boston:237,15.680001,36.1773
boston_query_-OlQhKn0bS9eZTkeJL6ovw,transfer_3,9012,jpeg50,self,1,boston:237,boston:237,15.679998,36.1773
cph_query_-N9mbKdWcHyUUsU1379EgA,isotropic,1234,jpeg50,self,1,cph:176,cph:176,15.679997,36.1773
cph_query_-N9mbKdWcHyUUsU1379EgA,white_box,1234,jpeg50,self,70,london:111,cph:176,15.680000,36.1773
cph_query_-N9mbKdWcHyUUsU1379EgA,transfer_1,1234,jpeg50,self,1,cph:176,cph:176,15.679997,36.1773
cph_query_-N9mbKdWcHyUUsU1379EgA,transfer_2,1234,jpeg50,self,1,cph:176,cph:176,15.680000,36.1773
cph_query_-N9mbKdWcHyUUsU1379EgA,transfer_3,1234,jpeg50,self,3,amman:31,cph:176,15.680000,36.1773
cph_query_-N9mbKdWcHyUUsU1379EgA,isotropic,5678,jpeg50,self,1,cph:176,cph:176,15.679997,36.1773
cph_query_-N9mbKdWcHyUUsU1379EgA,white_box,5678,jpeg50,self,19,cph:84,cph:176,15.680000,36.1773
cph_query_-N9mbKdWcHyUUsU1379EgA,transfer_1,5678,jpeg50,self,1,cph:176,cph:176,15.680002,36.1773
cph_query_-N9mbKdWcHyUUsU1379EgA,transfer_2,5678,jpeg50,self,1,cph:176,cph:176,15.680000,36.1773
cph_query_-N9mbKdWcHyUUsU1379EgA,transfer_3,5678,jpeg50,self,6,amman:31,cph:176,15.679998,36.1773
cph_query_-N9mbKdWcHyUUsU1379EgA,isotropic,9012,jpeg50,self,1,cph:176,cph:176,15.679998,36.1773
cph_query_-N9mbKdWcHyUUsU1379EgA,white_box,9012,jpeg50,self,1,cph:176,cph:176,15.679997,36.1773
cph_query_-N9mbKdWcHyUUsU1379EgA,transfer_1,9012,jpeg50,self,1,cph:176,cph:176,15.679997,36.1773
cph_query_-N9mbKdWcHyUUsU1379EgA,transfer_2,9012,jpeg50,self,1,cph:176,cph:176,15.680000,36.1773
cph_query_-N9mbKdWcHyUUsU1379EgA,transfer_3,9012,jpeg50,self,1,cph:176,cph:176,15.680000,36.1773
london_query_02vfV_A3zc1S9Akd07xuEA,isotropic,1234,jpeg50,self,52,london:8,london:33,15.679998,36.1773
london_query_02vfV_A3zc1S9Akd07xuEA,white_box,1234,jpeg50,self,177,manila:106,london:33,15.680001,36.1773
london_query_02vfV_A3zc1S9Akd07xuEA,transfer_1,1234,jpeg50,self,34,manila:134,london:33,15.680001,36.1773
london_query_02vfV_A3zc1S9Akd07xuEA,transfer_2,1234,jpeg50,self,36,manila:134,london:33,15.679998,36.1773
london_query_02vfV_A3zc1S9Akd07xuEA,transfer_3,1234,jpeg50,self,35,london:2,london:33,15.680000,36.1773
london_query_02vfV_A3zc1S9Akd07xuEA,isotropic,5678,jpeg50,self,45,manila:134,london:33,15.680000,36.1773
london_query_02vfV_A3zc1S9Akd07xuEA,white_box,5678,jpeg50,self,23,boston:145,london:33,15.680000,36.1773
london_query_02vfV_A3zc1S9Akd07xuEA,transfer_1,5678,jpeg50,self,36,london:8,london:33,15.680000,36.1773
london_query_02vfV_A3zc1S9Akd07xuEA,transfer_2,5678,jpeg50,self,30,london:8,london:33,15.679997,36.1773
london_query_02vfV_A3zc1S9Akd07xuEA,transfer_3,5678,jpeg50,self,20,london:2,london:33,15.680000,36.1773
london_query_02vfV_A3zc1S9Akd07xuEA,isotropic,9012,jpeg50,self,49,london:8,london:33,15.679997,36.1773
london_query_02vfV_A3zc1S9Akd07xuEA,white_box,9012,jpeg50,self,251,boston:168,london:33,15.680002,36.1773
london_query_02vfV_A3zc1S9Akd07xuEA,transfer_1,9012,jpeg50,self,35,london:8,london:33,15.679997,36.1773
london_query_02vfV_A3zc1S9Akd07xuEA,transfer_2,9012,jpeg50,self,48,london:8,london:33,15.679998,36.1773
london_query_02vfV_A3zc1S9Akd07xuEA,transfer_3,9012,jpeg50,self,42,manila:87,london:33,15.680000,36.1773
manila_query_-Tmeby1UCsrkKNvVnN7L5g,isotropic,1234,jpeg50,self,796,manila:51,manila:87,15.680000,36.1773
manila_query_-Tmeby1UCsrkKNvVnN7L5g,white_box,1234,jpeg50,self,824,manila:51,manila:87,15.679997,36.1773
manila_query_-Tmeby1UCsrkKNvVnN7L5g,transfer_1,1234,jpeg50,self,696,manila:51,manila:87,15.679998,36.1773
manila_query_-Tmeby1UCsrkKNvVnN7L5g,transfer_2,1234,jpeg50,self,737,manila:51,manila:87,15.679997,36.1773
manila_query_-Tmeby1UCsrkKNvVnN7L5g,transfer_3,1234,jpeg50,self,1034,manila:51,manila:87,15.679997,36.1773
manila_query_-Tmeby1UCsrkKNvVnN7L5g,isotropic,5678,jpeg50,self,689,manila:51,manila:87,15.680001,36.1773
manila_query_-Tmeby1UCsrkKNvVnN7L5g,white_box,5678,jpeg50,self,595,manila:51,manila:87,15.680000,36.1773
manila_query_-Tmeby1UCsrkKNvVnN7L5g,transfer_1,5678,jpeg50,self,850,manila:51,manila:87,15.680000,36.1773
manila_query_-Tmeby1UCsrkKNvVnN7L5g,transfer_2,5678,jpeg50,self,771,manila:51,manila:87,15.680000,36.1773
manila_query_-Tmeby1UCsrkKNvVnN7L5g,transfer_3,5678,jpeg50,self,816,manila:51,manila:87,15.680001,36.1773
manila_query_-Tmeby1UCsrkKNvVnN7L5g,isotropic,9012,jpeg50,self,739,manila:51,manila:87,15.680002,36.1773
manila_query_-Tmeby1UCsrkKNvVnN7L5g,white_box,9012,jpeg50,self,642,london:75,manila:87,15.679998,36.1773
manila_query_-Tmeby1UCsrkKNvVnN7L5g,transfer_1,9012,jpeg50,self,728,manila:51,manila:87,15.680000,36.1773
manila_query_-Tmeby1UCsrkKNvVnN7L5g,transfer_2,9012,jpeg50,self,916,manila:51,manila:87,15.679997,36.1773
manila_query_-Tmeby1UCsrkKNvVnN7L5g,transfer_3,9012,jpeg50,self,947,manila:51,manila:87,15.679998,36.1773
nairobi_query_37RDt83nGFaZl6CPpzqlTw,isotropic,1234,jpeg50,self,13,boston:176,nairobi:13,15.679996,36.1773
nairobi_query_37RDt83nGFaZl6CPpzqlTw,white_box,1234,jpeg50,self,729,london:111,nairobi:13,15.679996,36.1773
nairobi_query_37RDt83nGFaZl6CPpzqlTw,transfer_1,1234,jpeg50,self,14,zurich:42,nairobi:13,15.679998,36.1773
nairobi_query_37RDt83nGFaZl6CPpzqlTw,transfer_2,1234,jpeg50,self,19,zurich:42,nairobi:13,15.680000,36.1773
nairobi_query_37RDt83nGFaZl6CPpzqlTw,transfer_3,1234,jpeg50,self,21,zurich:42,nairobi:13,15.680000,36.1773
nairobi_query_37RDt83nGFaZl6CPpzqlTw,isotropic,5678,jpeg50,self,10,boston:176,nairobi:13,15.680000,36.1773
nairobi_query_37RDt83nGFaZl6CPpzqlTw,white_box,5678,jpeg50,self,1281,cph:345,nairobi:13,15.679996,36.1773
nairobi_query_37RDt83nGFaZl6CPpzqlTw,transfer_1,5678,jpeg50,self,16,boston:176,nairobi:13,15.679997,36.1773
nairobi_query_37RDt83nGFaZl6CPpzqlTw,transfer_2,5678,jpeg50,self,22,zurich:42,nairobi:13,15.679997,36.1773
nairobi_query_37RDt83nGFaZl6CPpzqlTw,transfer_3,5678,jpeg50,self,41,boston:176,nairobi:13,15.679997,36.1773
nairobi_query_37RDt83nGFaZl6CPpzqlTw,isotropic,9012,jpeg50,self,23,boston:176,nairobi:13,15.679996,36.1773
nairobi_query_37RDt83nGFaZl6CPpzqlTw,white_box,9012,jpeg50,self,916,toronto:23,nairobi:13,15.680000,36.1773
nairobi_query_37RDt83nGFaZl6CPpzqlTw,transfer_1,9012,jpeg50,self,9,zurich:42,nairobi:13,15.679998,36.1773
nairobi_query_37RDt83nGFaZl6CPpzqlTw,transfer_2,9012,jpeg50,self,11,boston:176,nairobi:13,15.680000,36.1773
nairobi_query_37RDt83nGFaZl6CPpzqlTw,transfer_3,9012,jpeg50,self,27,zurich:42,nairobi:13,15.679997,36.1773
toronto_query_-IlXU6r8OSJejg6wnFTYMQ,isotropic,1234,jpeg50,self,222,toronto:34,toronto:236,15.680000,36.1773
toronto_query_-IlXU6r8OSJejg6wnFTYMQ,white_box,1234,jpeg50,self,334,nairobi:15,toronto:236,15.679997,36.1773
toronto_query_-IlXU6r8OSJejg6wnFTYMQ,transfer_1,1234,jpeg50,self,263,toronto:34,toronto:236,15.680000,36.1773
toronto_query_-IlXU6r8OSJejg6wnFTYMQ,transfer_2,1234,jpeg50,self,183,toronto:34,toronto:236,15.679997,36.1773
toronto_query_-IlXU6r8OSJejg6wnFTYMQ,transfer_3,1234,jpeg50,self,362,toronto:34,toronto:236,15.680001,36.1773
toronto_query_-IlXU6r8OSJejg6wnFTYMQ,isotropic,5678,jpeg50,self,206,toronto:34,toronto:236,15.679998,36.1773
toronto_query_-IlXU6r8OSJejg6wnFTYMQ,white_box,5678,jpeg50,self,212,manila:181,toronto:236,15.680001,36.1773
toronto_query_-IlXU6r8OSJejg6wnFTYMQ,transfer_1,5678,jpeg50,self,203,toronto:34,toronto:236,15.680000,36.1773
toronto_query_-IlXU6r8OSJejg6wnFTYMQ,transfer_2,5678,jpeg50,self,223,amman:35,toronto:236,15.679997,36.1773
toronto_query_-IlXU6r8OSJejg6wnFTYMQ,transfer_3,5678,jpeg50,self,266,boston:171,toronto:236,15.680001,36.1773
toronto_query_-IlXU6r8OSJejg6wnFTYMQ,isotropic,9012,jpeg50,self,229,toronto:34,toronto:236,15.679998,36.1773
toronto_query_-IlXU6r8OSJejg6wnFTYMQ,white_box,9012,jpeg50,self,366,toronto:196,toronto:236,15.680000,36.1773
toronto_query_-IlXU6r8OSJejg6wnFTYMQ,transfer_1,9012,jpeg50,self,187,toronto:34,toronto:236,15.679998,36.1773
toronto_query_-IlXU6r8OSJejg6wnFTYMQ,transfer_2,9012,jpeg50,self,163,toronto:34,toronto:236,15.680000,36.1773
toronto_query_-IlXU6r8OSJejg6wnFTYMQ,transfer_3,9012,jpeg50,self,262,toronto:34,toronto:236,15.680000,36.1773
zurich_query_0Ky7pgdILHyYlzjahHNGZg,isotropic,1234,jpeg50,self,1324,manila:72,zurich:51,15.679998,36.1773
zurich_query_0Ky7pgdILHyYlzjahHNGZg,white_box,1234,jpeg50,self,1835,amman:12,zurich:51,15.680000,36.1773
zurich_query_0Ky7pgdILHyYlzjahHNGZg,transfer_1,1234,jpeg50,self,1212,manila:72,zurich:51,15.679998,36.1773
zurich_query_0Ky7pgdILHyYlzjahHNGZg,transfer_2,1234,jpeg50,self,1577,manila:72,zurich:51,15.679997,36.1773
zurich_query_0Ky7pgdILHyYlzjahHNGZg,transfer_3,1234,jpeg50,self,1565,boston:171,zurich:51,15.679997,36.1773
zurich_query_0Ky7pgdILHyYlzjahHNGZg,isotropic,5678,jpeg50,self,1265,manila:72,zurich:51,15.680001,36.1773
zurich_query_0Ky7pgdILHyYlzjahHNGZg,white_box,5678,jpeg50,self,1611,toronto:200,zurich:51,15.680000,36.1773
zurich_query_0Ky7pgdILHyYlzjahHNGZg,transfer_1,5678,jpeg50,self,1336,toronto:197,zurich:51,15.679997,36.1773
zurich_query_0Ky7pgdILHyYlzjahHNGZg,transfer_2,5678,jpeg50,self,1375,manila:72,zurich:51,15.680000,36.1773
zurich_query_0Ky7pgdILHyYlzjahHNGZg,transfer_3,5678,jpeg50,self,1562,manila:72,zurich:51,15.680000,36.1773
zurich_query_0Ky7pgdILHyYlzjahHNGZg,isotropic,9012,jpeg50,self,1309,zurich:27,zurich:51,15.680000,36.1773
zurich_query_0Ky7pgdILHyYlzjahHNGZg,white_box,9012,jpeg50,self,1639,manila:92,zurich:51,15.680000,36.1773
zurich_query_0Ky7pgdILHyYlzjahHNGZg,transfer_1,9012,jpeg50,self,1214,toronto:197,zurich:51,15.679997,36.1773
zurich_query_0Ky7pgdILHyYlzjahHNGZg,transfer_2,9012,jpeg50,self,1657,manila:72,zurich:51,15.679998,36.1773
zurich_query_0Ky7pgdILHyYlzjahHNGZg,transfer_3,9012,jpeg50,self,1561,boston:171,zurich:51,15.680000,36.1773
amman_query_1rZerb0T7z_1E7yKfEBCtA,isotropic,1234,jpeg50,self,1,amman:6,amman:6,15.680000,36.1773
amman_query_1rZerb0T7z_1E7yKfEBCtA,white_box,1234,jpeg50,self,91,boston:206,amman:6,15.680000,36.1773
amman_query_1rZerb0T7z_1E7yKfEBCtA,transfer_1,1234,jpeg50,self,8,amman:23,amman:6,15.679998,36.1773
amman_query_1rZerb0T7z_1E7yKfEBCtA,transfer_2,1234,jpeg50,self,2,amman:18,amman:6,15.679997,36.1773
amman_query_1rZerb0T7z_1E7yKfEBCtA,transfer_3,1234,jpeg50,self,10,zurich:19,amman:6,15.680000,36.1773
amman_query_1rZerb0T7z_1E7yKfEBCtA,isotropic,5678,jpeg50,self,1,amman:6,amman:6,15.680000,36.1773
amman_query_1rZerb0T7z_1E7yKfEBCtA,white_box,5678,jpeg50,self,49,boston:206,amman:6,15.679997,36.1773
amman_query_1rZerb0T7z_1E7yKfEBCtA,transfer_1,5678,jpeg50,self,6,amman:18,amman:6,15.679997,36.1773
amman_query_1rZerb0T7z_1E7yKfEBCtA,transfer_2,5678,jpeg50,self,6,amman:18,amman:6,15.680000,36.1773
amman_query_1rZerb0T7z_1E7yKfEBCtA,transfer_3,5678,jpeg50,self,12,amman:0,amman:6,15.679997,36.1773
amman_query_1rZerb0T7z_1E7yKfEBCtA,isotropic,9012,jpeg50,self,3,amman:18,amman:6,15.680000,36.1773
amman_query_1rZerb0T7z_1E7yKfEBCtA,white_box,9012,jpeg50,self,8,amman:18,amman:6,15.679997,36.1773
amman_query_1rZerb0T7z_1E7yKfEBCtA,transfer_1,9012,jpeg50,self,6,amman:18,amman:6,15.679997,36.1773
amman_query_1rZerb0T7z_1E7yKfEBCtA,transfer_2,9012,jpeg50,self,7,amman:18,amman:6,15.679997,36.1773
amman_query_1rZerb0T7z_1E7yKfEBCtA,transfer_3,9012,jpeg50,self,9,amman:1,amman:6,15.679997,36.1773
boston_query_-Phryua7d1FHhpGGfaEGcg,isotropic,1234,jpeg50,self,132,toronto:23,boston:47,15.680000,36.1773
boston_query_-Phryua7d1FHhpGGfaEGcg,white_box,1234,jpeg50,self,167,boston:123,boston:47,15.679998,36.1773
boston_query_-Phryua7d1FHhpGGfaEGcg,transfer_1,1234,jpeg50,self,118,toronto:23,boston:47,15.680001,36.1773
boston_query_-Phryua7d1FHhpGGfaEGcg,transfer_2,1234,jpeg50,self,68,boston:191,boston:47,15.680000,36.1773
boston_query_-Phryua7d1FHhpGGfaEGcg,transfer_3,1234,jpeg50,self,140,toronto:23,boston:47,15.679998,36.1773
boston_query_-Phryua7d1FHhpGGfaEGcg,isotropic,5678,jpeg50,self,177,toronto:23,boston:47,15.680000,36.1773
boston_query_-Phryua7d1FHhpGGfaEGcg,white_box,5678,jpeg50,self,26,manila:181,boston:47,15.680000,36.1773
boston_query_-Phryua7d1FHhpGGfaEGcg,transfer_1,5678,jpeg50,self,162,toronto:23,boston:47,15.679997,36.1773
boston_query_-Phryua7d1FHhpGGfaEGcg,transfer_2,5678,jpeg50,self,117,toronto:23,boston:47,15.680000,36.1773
boston_query_-Phryua7d1FHhpGGfaEGcg,transfer_3,5678,jpeg50,self,93,toronto:23,boston:47,15.680001,36.1773
boston_query_-Phryua7d1FHhpGGfaEGcg,isotropic,9012,jpeg50,self,166,toronto:23,boston:47,15.680000,36.1773
boston_query_-Phryua7d1FHhpGGfaEGcg,white_box,9012,jpeg50,self,104,manila:181,boston:47,15.680000,36.1773
boston_query_-Phryua7d1FHhpGGfaEGcg,transfer_1,9012,jpeg50,self,227,toronto:23,boston:47,15.680000,36.1773
boston_query_-Phryua7d1FHhpGGfaEGcg,transfer_2,9012,jpeg50,self,246,toronto:23,boston:47,15.680001,36.1773
boston_query_-Phryua7d1FHhpGGfaEGcg,transfer_3,9012,jpeg50,self,103,toronto:23,boston:47,15.680000,36.1773
cph_query_-PRZAb6qxjSdDqzgOekgbg,isotropic,1234,jpeg50,self,1,cph:356,cph:356,15.680000,36.1773
cph_query_-PRZAb6qxjSdDqzgOekgbg,white_box,1234,jpeg50,self,18,cph:297,cph:356,15.680000,36.1773
cph_query_-PRZAb6qxjSdDqzgOekgbg,transfer_1,1234,jpeg50,self,1,cph:356,cph:356,15.680000,36.1773
cph_query_-PRZAb6qxjSdDqzgOekgbg,transfer_2,1234,jpeg50,self,1,cph:356,cph:356,15.680002,36.1773
cph_query_-PRZAb6qxjSdDqzgOekgbg,transfer_3,1234,jpeg50,self,1,cph:356,cph:356,15.680000,36.1773
cph_query_-PRZAb6qxjSdDqzgOekgbg,isotropic,5678,jpeg50,self,1,cph:356,cph:356,15.680000,36.1773
cph_query_-PRZAb6qxjSdDqzgOekgbg,white_box,5678,jpeg50,self,30,zurich:65,cph:356,15.679998,36.1773
cph_query_-PRZAb6qxjSdDqzgOekgbg,transfer_1,5678,jpeg50,self,1,cph:356,cph:356,15.679997,36.1773
cph_query_-PRZAb6qxjSdDqzgOekgbg,transfer_2,5678,jpeg50,self,1,cph:356,cph:356,15.680000,36.1773
cph_query_-PRZAb6qxjSdDqzgOekgbg,transfer_3,5678,jpeg50,self,1,cph:356,cph:356,15.679998,36.1773
cph_query_-PRZAb6qxjSdDqzgOekgbg,isotropic,9012,jpeg50,self,1,cph:356,cph:356,15.679998,36.1773
cph_query_-PRZAb6qxjSdDqzgOekgbg,white_box,9012,jpeg50,self,78,toronto:27,cph:356,15.680002,36.1773
cph_query_-PRZAb6qxjSdDqzgOekgbg,transfer_1,9012,jpeg50,self,1,cph:356,cph:356,15.679997,36.1773
cph_query_-PRZAb6qxjSdDqzgOekgbg,transfer_2,9012,jpeg50,self,1,cph:356,cph:356,15.680000,36.1773
cph_query_-PRZAb6qxjSdDqzgOekgbg,transfer_3,9012,jpeg50,self,1,cph:356,cph:356,15.680001,36.1773
london_query_039iugtZTFguj-7UQyc-wg,isotropic,1234,jpeg50,self,2,london:119,london:71,15.679997,36.1773
london_query_039iugtZTFguj-7UQyc-wg,white_box,1234,jpeg50,self,5,zurich:35,london:71,15.679997,36.1773
london_query_039iugtZTFguj-7UQyc-wg,transfer_1,1234,jpeg50,self,50,cph:429,london:71,15.680000,36.1773
london_query_039iugtZTFguj-7UQyc-wg,transfer_2,1234,jpeg50,self,7,cph:429,london:71,15.679997,36.1773
london_query_039iugtZTFguj-7UQyc-wg,transfer_3,1234,jpeg50,self,47,boston:249,london:71,15.680000,36.1773
london_query_039iugtZTFguj-7UQyc-wg,isotropic,5678,jpeg50,self,6,london:119,london:71,15.680002,36.1773
london_query_039iugtZTFguj-7UQyc-wg,white_box,5678,jpeg50,self,74,boston:168,london:71,15.680000,36.1773
london_query_039iugtZTFguj-7UQyc-wg,transfer_1,5678,jpeg50,self,4,boston:249,london:71,15.680000,36.1773
london_query_039iugtZTFguj-7UQyc-wg,transfer_2,5678,jpeg50,self,11,london:119,london:71,15.680000,36.1773
london_query_039iugtZTFguj-7UQyc-wg,transfer_3,5678,jpeg50,self,49,boston:249,london:71,15.680001,36.1773
london_query_039iugtZTFguj-7UQyc-wg,isotropic,9012,jpeg50,self,5,london:2,london:71,15.679996,36.1773
london_query_039iugtZTFguj-7UQyc-wg,white_box,9012,jpeg50,self,152,manila:181,london:71,15.679997,36.1773
london_query_039iugtZTFguj-7UQyc-wg,transfer_1,9012,jpeg50,self,26,boston:249,london:71,15.679998,36.1773
london_query_039iugtZTFguj-7UQyc-wg,transfer_2,9012,jpeg50,self,8,boston:249,london:71,15.679996,36.1773
london_query_039iugtZTFguj-7UQyc-wg,transfer_3,9012,jpeg50,self,5,boston:249,london:71,15.680002,36.1773
manila_query_-TrGJy3CeaXApOffGndlqg,isotropic,1234,jpeg50,self,71,manila:202,manila:41,15.680001,36.1773
manila_query_-TrGJy3CeaXApOffGndlqg,white_box,1234,jpeg50,self,16,manila:190,manila:41,15.679997,36.1773
manila_query_-TrGJy3CeaXApOffGndlqg,transfer_1,1234,jpeg50,self,48,manila:202,manila:41,15.679997,36.1773
manila_query_-TrGJy3CeaXApOffGndlqg,transfer_2,1234,jpeg50,self,23,manila:134,manila:41,15.680000,36.1773
manila_query_-TrGJy3CeaXApOffGndlqg,transfer_3,1234,jpeg50,self,18,zurich:61,manila:41,15.679997,36.1773
manila_query_-TrGJy3CeaXApOffGndlqg,isotropic,5678,jpeg50,self,83,manila:202,manila:41,15.680002,36.1773
manila_query_-TrGJy3CeaXApOffGndlqg,white_box,5678,jpeg50,self,42,manila:183,manila:41,15.679998,36.1773
manila_query_-TrGJy3CeaXApOffGndlqg,transfer_1,5678,jpeg50,self,109,manila:134,manila:41,15.680000,36.1773
manila_query_-TrGJy3CeaXApOffGndlqg,transfer_2,5678,jpeg50,self,57,manila:134,manila:41,15.680000,36.1773
manila_query_-TrGJy3CeaXApOffGndlqg,transfer_3,5678,jpeg50,self,25,toronto:102,manila:41,15.679997,36.1773
manila_query_-TrGJy3CeaXApOffGndlqg,isotropic,9012,jpeg50,self,96,manila:202,manila:41,15.680001,36.1773
manila_query_-TrGJy3CeaXApOffGndlqg,white_box,9012,jpeg50,self,62,manila:183,manila:41,15.679997,36.1773
manila_query_-TrGJy3CeaXApOffGndlqg,transfer_1,9012,jpeg50,self,77,manila:134,manila:41,15.679997,36.1773
manila_query_-TrGJy3CeaXApOffGndlqg,transfer_2,9012,jpeg50,self,38,manila:134,manila:41,15.679997,36.1773
manila_query_-TrGJy3CeaXApOffGndlqg,transfer_3,9012,jpeg50,self,34,manila:134,manila:41,15.679998,36.1773
nairobi_query_38y5DGnb1BCdL2r_1MWELg,isotropic,1234,jpeg50,self,171,zurich:42,nairobi:5,15.680002,36.1773
nairobi_query_38y5DGnb1BCdL2r_1MWELg,white_box,1234,jpeg50,self,447,manila:92,nairobi:5,15.679998,36.1773
nairobi_query_38y5DGnb1BCdL2r_1MWELg,transfer_1,1234,jpeg50,self,239,zurich:42,nairobi:5,15.680000,36.1773
nairobi_query_38y5DGnb1BCdL2r_1MWELg,transfer_2,1234,jpeg50,self,229,zurich:42,nairobi:5,15.680000,36.1773
nairobi_query_38y5DGnb1BCdL2r_1MWELg,transfer_3,1234,jpeg50,self,246,cph:241,nairobi:5,15.679997,36.1773
nairobi_query_38y5DGnb1BCdL2r_1MWELg,isotropic,5678,jpeg50,self,236,zurich:42,nairobi:5,15.679997,36.1773
nairobi_query_38y5DGnb1BCdL2r_1MWELg,white_box,5678,jpeg50,self,416,manila:183,nairobi:5,15.679997,36.1773
nairobi_query_38y5DGnb1BCdL2r_1MWELg,transfer_1,5678,jpeg50,self,279,zurich:42,nairobi:5,15.680000,36.1773
nairobi_query_38y5DGnb1BCdL2r_1MWELg,transfer_2,5678,jpeg50,self,215,zurich:42,nairobi:5,15.679998,36.1773
nairobi_query_38y5DGnb1BCdL2r_1MWELg,transfer_3,5678,jpeg50,self,197,zurich:42,nairobi:5,15.680000,36.1773
nairobi_query_38y5DGnb1BCdL2r_1MWELg,isotropic,9012,jpeg50,self,122,zurich:42,nairobi:5,15.680002,36.1773
nairobi_query_38y5DGnb1BCdL2r_1MWELg,white_box,9012,jpeg50,self,214,cph:271,nairobi:5,15.679997,36.1773
nairobi_query_38y5DGnb1BCdL2r_1MWELg,transfer_1,9012,jpeg50,self,310,zurich:42,nairobi:5,15.680001,36.1773
nairobi_query_38y5DGnb1BCdL2r_1MWELg,transfer_2,9012,jpeg50,self,276,zurich:42,nairobi:5,15.679997,36.1773
nairobi_query_38y5DGnb1BCdL2r_1MWELg,transfer_3,9012,jpeg50,self,140,zurich:42,nairobi:5,15.679998,36.1773
toronto_query_-Iyv6ydukEfueu-CphPhwg,isotropic,1234,jpeg50,self,8,toronto:200,toronto:218,15.679996,36.1773
toronto_query_-Iyv6ydukEfueu-CphPhwg,white_box,1234,jpeg50,self,17,toronto:200,toronto:218,15.680001,36.1773
toronto_query_-Iyv6ydukEfueu-CphPhwg,transfer_1,1234,jpeg50,self,7,toronto:200,toronto:218,15.679996,36.1773
toronto_query_-Iyv6ydukEfueu-CphPhwg,transfer_2,1234,jpeg50,self,4,toronto:200,toronto:218,15.679997,36.1773
toronto_query_-Iyv6ydukEfueu-CphPhwg,transfer_3,1234,jpeg50,self,3,toronto:200,toronto:218,15.680000,36.1773
toronto_query_-Iyv6ydukEfueu-CphPhwg,isotropic,5678,jpeg50,self,5,toronto:200,toronto:218,15.679997,36.1773
toronto_query_-Iyv6ydukEfueu-CphPhwg,white_box,5678,jpeg50,self,15,toronto:102,toronto:218,15.680001,36.1773
toronto_query_-Iyv6ydukEfueu-CphPhwg,transfer_1,5678,jpeg50,self,9,toronto:200,toronto:218,15.680001,36.1773
toronto_query_-Iyv6ydukEfueu-CphPhwg,transfer_2,5678,jpeg50,self,3,toronto:200,toronto:218,15.680000,36.1773
toronto_query_-Iyv6ydukEfueu-CphPhwg,transfer_3,5678,jpeg50,self,7,toronto:200,toronto:218,15.680001,36.1773
toronto_query_-Iyv6ydukEfueu-CphPhwg,isotropic,9012,jpeg50,self,5,toronto:200,toronto:218,15.680002,36.1773
toronto_query_-Iyv6ydukEfueu-CphPhwg,white_box,9012,jpeg50,self,52,toronto:200,toronto:218,15.680000,36.1773
toronto_query_-Iyv6ydukEfueu-CphPhwg,transfer_1,9012,jpeg50,self,5,toronto:200,toronto:218,15.679998,36.1773
toronto_query_-Iyv6ydukEfueu-CphPhwg,transfer_2,9012,jpeg50,self,9,toronto:200,toronto:218,15.679998,36.1773
toronto_query_-Iyv6ydukEfueu-CphPhwg,transfer_3,9012,jpeg50,self,17,toronto:200,toronto:218,15.679998,36.1773
zurich_query_0PrObi7NiUNPMe7_RDu2Ng,isotropic,1234,jpeg50,self,85,cph:429,zurich:46,15.679998,36.1773
zurich_query_0PrObi7NiUNPMe7_RDu2Ng,white_box,1234,jpeg50,self,18,amman:23,zurich:46,15.680000,36.1773
zurich_query_0PrObi7NiUNPMe7_RDu2Ng,transfer_1,1234,jpeg50,self,111,cph:61,zurich:46,15.679996,36.1773
zurich_query_0PrObi7NiUNPMe7_RDu2Ng,transfer_2,1234,jpeg50,self,13,cph:464,zurich:46,15.679997,36.1773
zurich_query_0PrObi7NiUNPMe7_RDu2Ng,transfer_3,1234,jpeg50,self,40,manila:13,zurich:46,15.679998,36.1773
zurich_query_0PrObi7NiUNPMe7_RDu2Ng,isotropic,5678,jpeg50,self,110,cph:243,zurich:46,15.680000,36.1773
zurich_query_0PrObi7NiUNPMe7_RDu2Ng,white_box,5678,jpeg50,self,93,toronto:23,zurich:46,15.679998,36.1773
zurich_query_0PrObi7NiUNPMe7_RDu2Ng,transfer_1,5678,jpeg50,self,45,cph:464,zurich:46,15.679997,36.1773
zurich_query_0PrObi7NiUNPMe7_RDu2Ng,transfer_2,5678,jpeg50,self,52,manila:13,zurich:46,15.680000,36.1773
zurich_query_0PrObi7NiUNPMe7_RDu2Ng,transfer_3,5678,jpeg50,self,24,cph:464,zurich:46,15.679998,36.1773
zurich_query_0PrObi7NiUNPMe7_RDu2Ng,isotropic,9012,jpeg50,self,98,boston:249,zurich:46,15.680000,36.1773
zurich_query_0PrObi7NiUNPMe7_RDu2Ng,white_box,9012,jpeg50,self,130,zurich:33,zurich:46,15.680000,36.1773
zurich_query_0PrObi7NiUNPMe7_RDu2Ng,transfer_1,9012,jpeg50,self,144,cph:464,zurich:46,15.680000,36.1773
zurich_query_0PrObi7NiUNPMe7_RDu2Ng,transfer_2,9012,jpeg50,self,61,cph:61,zurich:46,15.679997,36.1773
zurich_query_0PrObi7NiUNPMe7_RDu2Ng,transfer_3,9012,jpeg50,self,10,boston:249,zurich:46,15.679997,36.1773
amman_query_1uJbVMOMqlPVx4GYc2BgOA,isotropic,1234,jpeg50,self,41,amman:1,amman:15,15.679998,36.1773
amman_query_1uJbVMOMqlPVx4GYc2BgOA,white_box,1234,jpeg50,self,477,cph:271,amman:15,15.679998,36.1773
amman_query_1uJbVMOMqlPVx4GYc2BgOA,transfer_1,1234,jpeg50,self,199,amman:1,amman:15,15.679997,36.1773
amman_query_1uJbVMOMqlPVx4GYc2BgOA,transfer_2,1234,jpeg50,self,209,amman:1,amman:15,15.680000,36.1773
amman_query_1uJbVMOMqlPVx4GYc2BgOA,transfer_3,1234,jpeg50,self,283,zurich:19,amman:15,15.680001,36.1773
amman_query_1uJbVMOMqlPVx4GYc2BgOA,isotropic,5678,jpeg50,self,45,amman:1,amman:15,15.679998,36.1773
amman_query_1uJbVMOMqlPVx4GYc2BgOA,white_box,5678,jpeg50,self,536,amman:1,amman:15,15.679997,36.1773
amman_query_1uJbVMOMqlPVx4GYc2BgOA,transfer_1,5678,jpeg50,self,112,amman:1,amman:15,15.680000,36.1773
amman_query_1uJbVMOMqlPVx4GYc2BgOA,transfer_2,5678,jpeg50,self,171,amman:1,amman:15,15.680000,36.1773
amman_query_1uJbVMOMqlPVx4GYc2BgOA,transfer_3,5678,jpeg50,self,291,amman:1,amman:15,15.680000,36.1773
amman_query_1uJbVMOMqlPVx4GYc2BgOA,isotropic,9012,jpeg50,self,102,amman:1,amman:15,15.680000,36.1773
amman_query_1uJbVMOMqlPVx4GYc2BgOA,white_box,9012,jpeg50,self,766,amman:1,amman:15,15.679998,36.1773
amman_query_1uJbVMOMqlPVx4GYc2BgOA,transfer_1,9012,jpeg50,self,143,amman:1,amman:15,15.679997,36.1773
amman_query_1uJbVMOMqlPVx4GYc2BgOA,transfer_2,9012,jpeg50,self,107,amman:1,amman:15,15.680001,36.1773
amman_query_1uJbVMOMqlPVx4GYc2BgOA,transfer_3,9012,jpeg50,self,294,amman:0,amman:15,15.680000,36.1773
boston_query_-Ptt76cqL8Ath-qW7aRUQw,isotropic,1234,jpeg50,self,1,boston:139,boston:139,15.679998,36.1773
boston_query_-Ptt76cqL8Ath-qW7aRUQw,white_box,1234,jpeg50,self,29,zurich:46,boston:139,15.679997,36.1773
boston_query_-Ptt76cqL8Ath-qW7aRUQw,transfer_1,1234,jpeg50,self,2,boston:47,boston:139,15.680000,36.1773
boston_query_-Ptt76cqL8Ath-qW7aRUQw,transfer_2,1234,jpeg50,self,6,boston:99,boston:139,15.680000,36.1773
boston_query_-Ptt76cqL8Ath-qW7aRUQw,transfer_3,1234,jpeg50,self,5,boston:90,boston:139,15.680000,36.1773
boston_query_-Ptt76cqL8Ath-qW7aRUQw,isotropic,5678,jpeg50,self,1,boston:139,boston:139,15.680000,36.1773
boston_query_-Ptt76cqL8Ath-qW7aRUQw,white_box,5678,jpeg50,self,28,boston:239,boston:139,15.680000,36.1773
boston_query_-Ptt76cqL8Ath-qW7aRUQw,transfer_1,5678,jpeg50,self,1,boston:139,boston:139,15.679997,36.1773
boston_query_-Ptt76cqL8Ath-qW7aRUQw,transfer_2,5678,jpeg50,self,1,boston:139,boston:139,15.679998,36.1773
boston_query_-Ptt76cqL8Ath-qW7aRUQw,transfer_3,5678,jpeg50,self,1,boston:139,boston:139,15.680000,36.1773
boston_query_-Ptt76cqL8Ath-qW7aRUQw,isotropic,9012,jpeg50,self,1,boston:139,boston:139,15.679997,36.1773
boston_query_-Ptt76cqL8Ath-qW7aRUQw,white_box,9012,jpeg50,self,105,boston:90,boston:139,15.679998,36.1773
boston_query_-Ptt76cqL8Ath-qW7aRUQw,transfer_1,9012,jpeg50,self,1,boston:139,boston:139,15.680000,36.1773
boston_query_-Ptt76cqL8Ath-qW7aRUQw,transfer_2,9012,jpeg50,self,3,boston:90,boston:139,15.679998,36.1773
boston_query_-Ptt76cqL8Ath-qW7aRUQw,transfer_3,9012,jpeg50,self,2,boston:47,boston:139,15.680000,36.1773
cph_query_-Q4-mvnV6y-0yK62OXn-1w,isotropic,1234,jpeg50,self,1087,boston:237,cph:297,15.680000,36.1773
cph_query_-Q4-mvnV6y-0yK62OXn-1w,white_box,1234,jpeg50,self,810,amman:23,cph:297,15.679998,36.1773
cph_query_-Q4-mvnV6y-0yK62OXn-1w,transfer_1,1234,jpeg50,self,1138,boston:90,cph:297,15.679997,36.1773
cph_query_-Q4-mvnV6y-0yK62OXn-1w,transfer_2,1234,jpeg50,self,1308,toronto:23,cph:297,15.679997,36.1773
cph_query_-Q4-mvnV6y-0yK62OXn-1w,transfer_3,1234,jpeg50,self,865,manila:72,cph:297,15.679997,36.1773
cph_query_-Q4-mvnV6y-0yK62OXn-1w,isotropic,5678,jpeg50,self,1197,boston:90,cph:297,15.680000,36.1773
cph_query_-Q4-mvnV6y-0yK62OXn-1w,white_box,5678,jpeg50,self,1181,manila:92,cph:297,15.680002,36.1773
cph_query_-Q4-mvnV6y-0yK62OXn-1w,transfer_1,5678,jpeg50,self,943,boston:90,cph:297,15.679997,36.1773
cph_query_-Q4-mvnV6y-0yK62OXn-1w,transfer_2,5678,jpeg50,self,939,boston:90,cph:297,15.680000,36.1773
cph_query_-Q4-mvnV6y-0yK62OXn-1w,transfer_3,5678,jpeg50,self,1162,toronto:23,cph:297,15.679998,36.1773
cph_query_-Q4-mvnV6y-0yK62OXn-1w,isotropic,9012,jpeg50,self,1068,boston:90,cph:297,15.680001,36.1773
cph_query_-Q4-mvnV6y-0yK62OXn-1w,white_box,9012,jpeg50,self,922,london:111,cph:297,15.680000,36.1773
cph_query_-Q4-mvnV6y-0yK62OXn-1w,transfer_1,9012,jpeg50,self,1086,toronto:23,cph:297,15.679997,36.1773
cph_query_-Q4-mvnV6y-0yK62OXn-1w,transfer_2,9012,jpeg50,self,1155,toronto:23,cph:297,15.679997,36.1773
cph_query_-Q4-mvnV6y-0yK62OXn-1w,transfer_3,9012,jpeg50,self,809,boston:98,cph:297,15.680000,36.1773
london_query_03BhnvDRczArNBQm0Qu0tQ,isotropic,1234,jpeg50,self,1,london:122,london:122,15.679997,36.1773
london_query_03BhnvDRczArNBQm0Qu0tQ,white_box,1234,jpeg50,self,256,manila:183,london:122,15.680000,36.1773
london_query_03BhnvDRczArNBQm0Qu0tQ,transfer_1,1234,jpeg50,self,5,boston:90,london:122,15.680000,36.1773
london_query_03BhnvDRczArNBQm0Qu0tQ,transfer_2,1234,jpeg50,self,8,boston:90,london:122,15.679997,36.1773
london_query_03BhnvDRczArNBQm0Qu0tQ,transfer_3,1234,jpeg50,self,22,toronto:23,london:122,15.680001,36.1773
london_query_03BhnvDRczArNBQm0Qu0tQ,isotropic,5678,jpeg50,self,1,london:122,london:122,15.680000,36.1773
london_query_03BhnvDRczArNBQm0Qu0tQ,white_box,5678,jpeg50,self,197,manila:72,london:122,15.679997,36.1773
london_query_03BhnvDRczArNBQm0Qu0tQ,transfer_1,5678,jpeg50,self,8,boston:90,london:122,15.680000,36.1773
london_query_03BhnvDRczArNBQm0Qu0tQ,transfer_2,5678,jpeg50,self,5,boston:90,london:122,15.680002,36.1773
london_query_03BhnvDRczArNBQm0Qu0tQ,transfer_3,5678,jpeg50,self,13,manila:33,london:122,15.679997,36.1773
london_query_03BhnvDRczArNBQm0Qu0tQ,isotropic,9012,jpeg50,self,4,boston:90,london:122,15.679997,36.1773
london_query_03BhnvDRczArNBQm0Qu0tQ,white_box,9012,jpeg50,self,154,manila:183,london:122,15.679998,36.1773
london_query_03BhnvDRczArNBQm0Qu0tQ,transfer_1,9012,jpeg50,self,7,boston:90,london:122,15.679998,36.1773
london_query_03BhnvDRczArNBQm0Qu0tQ,transfer_2,9012,jpeg50,self,11,boston:90,london:122,15.680000,36.1773
london_query_03BhnvDRczArNBQm0Qu0tQ,transfer_3,9012,jpeg50,self,5,toronto:23,london:122,15.680000,36.1773
manila_query_-Tvw2ZcjPmZrmxcJ3PNHwQ,isotropic,1234,jpeg50,self,1,manila:33,manila:33,15.680000,36.1773
manila_query_-Tvw2ZcjPmZrmxcJ3PNHwQ,white_box,1234,jpeg50,self,54,manila:190,manila:33,15.679997,36.1773
manila_query_-Tvw2ZcjPmZrmxcJ3PNHwQ,transfer_1,1234,jpeg50,self,2,toronto:58,manila:33,15.679998,36.1773
manila_query_-Tvw2ZcjPmZrmxcJ3PNHwQ,transfer_2,1234,jpeg50,self,2,toronto:58,manila:33,15.679998,36.1773
manila_query_-Tvw2ZcjPmZrmxcJ3PNHwQ,transfer_3,1234,jpeg50,self,3,toronto:366,manila:33,15.680000,36.1773
manila_query_-Tvw2ZcjPmZrmxcJ3PNHwQ,isotropic,5678,jpeg50,self,1,manila:33,manila:33,15.680000,36.1773
manila_query_-Tvw2ZcjPmZrmxcJ3PNHwQ,white_box,5678,jpeg50,self,2,london:21,manila:33,15.680000,36.1773
manila_query_-Tvw2ZcjPmZrmxcJ3PNHwQ,transfer_1,5678,jpeg50,self,1,manila:33,manila:33,15.680001,36.1773
manila_query_-Tvw2ZcjPmZrmxcJ3PNHwQ,transfer_2,5678,jpeg50,self,2,toronto:58,manila:33,15.679998,36.1773
manila_query_-Tvw2ZcjPmZrmxcJ3PNHwQ,transfer_3,5678,jpeg50,self,2,manila:190,manila:33,15.679998,36.1773
manila_query_-Tvw2ZcjPmZrmxcJ3PNHwQ,isotropic,9012,jpeg50,self,1,manila:33,manila:33,15.680000,36.1773
manila_query_-Tvw2ZcjPmZrmxcJ3PNHwQ,white_box,9012,jpeg50,self,5,london:21,manila:33,15.680000,36.1773
manila_query_-Tvw2ZcjPmZrmxcJ3PNHwQ,transfer_1,9012,jpeg50,self,1,manila:33,manila:33,15.680000,36.1773
manila_query_-Tvw2ZcjPmZrmxcJ3PNHwQ,transfer_2,9012,jpeg50,self,3,toronto:58,manila:33,15.680000,36.1773
manila_query_-Tvw2ZcjPmZrmxcJ3PNHwQ,transfer_3,9012,jpeg50,self,1,manila:33,manila:33,15.680000,36.1773
nairobi_query_3BfqchD1dC_R_VKSm6NXMQ,isotropic,1234,jpeg50,self,33,amman:23,nairobi:20,15.680000,36.1773
nairobi_query_3BfqchD1dC_R_VKSm6NXMQ,white_box,1234,jpeg50,self,96,zurich:42,nairobi:20,15.680000,36.1773
nairobi_query_3BfqchD1dC_R_VKSm6NXMQ,transfer_1,1234,jpeg50,self,28,amman:23,nairobi:20,15.679998,36.1773
nairobi_query_3BfqchD1dC_R_VKSm6NXMQ,transfer_2,1234,jpeg50,self,49,amman:21,nairobi:20,15.680001,36.1773
nairobi_query_3BfqchD1dC_R_VKSm6NXMQ,transfer_3,1234,jpeg50,self,15,boston:144,nairobi:20,15.679998,36.1773
nairobi_query_3BfqchD1dC_R_VKSm6NXMQ,isotropic,5678,jpeg50,self,29,amman:21,nairobi:20,15.679997,36.1773
nairobi_query_3BfqchD1dC_R_VKSm6NXMQ,white_box,5678,jpeg50,self,496,amman:23,nairobi:20,15.679998,36.1773
nairobi_query_3BfqchD1dC_R_VKSm6NXMQ,transfer_1,5678,jpeg50,self,55,zurich:27,nairobi:20,15.679997,36.1773
nairobi_query_3BfqchD1dC_R_VKSm6NXMQ,transfer_2,5678,jpeg50,self,40,boston:144,nairobi:20,15.679997,36.1773
nairobi_query_3BfqchD1dC_R_VKSm6NXMQ,transfer_3,5678,jpeg50,self,47,boston:144,nairobi:20,15.679997,36.1773
nairobi_query_3BfqchD1dC_R_VKSm6NXMQ,isotropic,9012,jpeg50,self,36,amman:23,nairobi:20,15.680000,36.1773
nairobi_query_3BfqchD1dC_R_VKSm6NXMQ,white_box,9012,jpeg50,self,167,amman:11,nairobi:20,15.680000,36.1773
nairobi_query_3BfqchD1dC_R_VKSm6NXMQ,transfer_1,9012,jpeg50,self,53,amman:23,nairobi:20,15.679998,36.1773
nairobi_query_3BfqchD1dC_R_VKSm6NXMQ,transfer_2,9012,jpeg50,self,61,amman:23,nairobi:20,15.679997,36.1773
nairobi_query_3BfqchD1dC_R_VKSm6NXMQ,transfer_3,9012,jpeg50,self,23,boston:144,nairobi:20,15.679997,36.1773
toronto_query_-J6MOLqIZtzsA-CH6ie5Cg,isotropic,1234,jpeg50,self,35,cph:94,toronto:101,15.680000,36.1773
toronto_query_-J6MOLqIZtzsA-CH6ie5Cg,white_box,1234,jpeg50,self,64,london:34,toronto:101,15.680000,36.1773
toronto_query_-J6MOLqIZtzsA-CH6ie5Cg,transfer_1,1234,jpeg50,self,27,cph:96,toronto:101,15.680000,36.1773
toronto_query_-J6MOLqIZtzsA-CH6ie5Cg,transfer_2,1234,jpeg50,self,56,cph:370,toronto:101,15.680000,36.1773
toronto_query_-J6MOLqIZtzsA-CH6ie5Cg,transfer_3,1234,jpeg50,self,35,cph:370,toronto:101,15.679997,36.1773
toronto_query_-J6MOLqIZtzsA-CH6ie5Cg,isotropic,5678,jpeg50,self,39,cph:94,toronto:101,15.680002,36.1773
toronto_query_-J6MOLqIZtzsA-CH6ie5Cg,white_box,5678,jpeg50,self,38,london:34,toronto:101,15.679997,36.1773
toronto_query_-J6MOLqIZtzsA-CH6ie5Cg,transfer_1,5678,jpeg50,self,53,cph:96,toronto:101,15.679998,36.1773
toronto_query_-J6MOLqIZtzsA-CH6ie5Cg,transfer_2,5678,jpeg50,self,34,cph:370,toronto:101,15.680000,36.1773
toronto_query_-J6MOLqIZtzsA-CH6ie5Cg,transfer_3,5678,jpeg50,self,48,cph:94,toronto:101,15.679998,36.1773
toronto_query_-J6MOLqIZtzsA-CH6ie5Cg,isotropic,9012,jpeg50,self,40,cph:370,toronto:101,15.679996,36.1773
toronto_query_-J6MOLqIZtzsA-CH6ie5Cg,white_box,9012,jpeg50,self,120,london:121,toronto:101,15.679997,36.1773
toronto_query_-J6MOLqIZtzsA-CH6ie5Cg,transfer_1,9012,jpeg50,self,38,toronto:218,toronto:101,15.680000,36.1773
toronto_query_-J6MOLqIZtzsA-CH6ie5Cg,transfer_2,9012,jpeg50,self,53,cph:96,toronto:101,15.679998,36.1773
toronto_query_-J6MOLqIZtzsA-CH6ie5Cg,transfer_3,9012,jpeg50,self,29,cph:94,toronto:101,15.679996,36.1773
zurich_query_0Spj-pWISRRStxENII8G4A,isotropic,1234,jpeg50,self,121,boston:47,zurich:61,15.680000,36.1773
zurich_query_0Spj-pWISRRStxENII8G4A,white_box,1234,jpeg50,self,264,manila:54,zurich:61,15.679998,36.1773
zurich_query_0Spj-pWISRRStxENII8G4A,transfer_1,1234,jpeg50,self,215,boston:47,zurich:61,15.680002,36.1773
zurich_query_0Spj-pWISRRStxENII8G4A,transfer_2,1234,jpeg50,self,190,boston:47,zurich:61,15.680000,36.1773
zurich_query_0Spj-pWISRRStxENII8G4A,transfer_3,1234,jpeg50,self,141,boston:47,zurich:61,15.680000,36.1773
zurich_query_0Spj-pWISRRStxENII8G4A,isotropic,5678,jpeg50,self,137,boston:47,zurich:61,15.679997,36.1773
zurich_query_0Spj-pWISRRStxENII8G4A,white_box,5678,jpeg50,self,189,amman:30,zurich:61,15.679998,36.1773
zurich_query_0Spj-pWISRRStxENII8G4A,transfer_1,5678,jpeg50,self,136,boston:47,zurich:61,15.680000,36.1773
zurich_query_0Spj-pWISRRStxENII8G4A,transfer_2,5678,jpeg50,self,193,zurich:51,zurich:61,15.679997,36.1773
zurich_query_0Spj-pWISRRStxENII8G4A,transfer_3,5678,jpeg50,self,117,boston:47,zurich:61,15.680000,36.1773
zurich_query_0Spj-pWISRRStxENII8G4A,isotropic,9012,jpeg50,self,137,boston:47,zurich:61,15.679998,36.1773
zurich_query_0Spj-pWISRRStxENII8G4A,white_box,9012,jpeg50,self,86,manila:54,zurich:61,15.680000,36.1773
zurich_query_0Spj-pWISRRStxENII8G4A,transfer_1,9012,jpeg50,self,211,zurich:51,zurich:61,15.679997,36.1773
zurich_query_0Spj-pWISRRStxENII8G4A,transfer_2,9012,jpeg50,self,171,boston:47,zurich:61,15.680000,36.1773
zurich_query_0Spj-pWISRRStxENII8G4A,transfer_3,9012,jpeg50,self,171,boston:47,zurich:61,15.680001,36.1773
amman_query_23YO5CD18Cg_wG_ZhqhbQQ,isotropic,1234,jpeg50,self,128,zurich:19,amman:23,15.679998,36.1773
amman_query_23YO5CD18Cg_wG_ZhqhbQQ,white_box,1234,jpeg50,self,26,zurich:19,amman:23,15.680001,36.1773
amman_query_23YO5CD18Cg_wG_ZhqhbQQ,transfer_1,1234,jpeg50,self,63,zurich:19,amman:23,15.679998,36.1773
amman_query_23YO5CD18Cg_wG_ZhqhbQQ,transfer_2,1234,jpeg50,self,81,zurich:19,amman:23,15.679997,36.1773
amman_query_23YO5CD18Cg_wG_ZhqhbQQ,transfer_3,1234,jpeg50,self,86,zurich:19,amman:23,15.679998,36.1773
amman_query_23YO5CD18Cg_wG_ZhqhbQQ,isotropic,5678,jpeg50,self,85,zurich:19,amman:23,15.680000,36.1773
amman_query_23YO5CD18Cg_wG_ZhqhbQQ,white_box,5678,jpeg50,self,217,amman:4,amman:23,15.679997,36.1773
amman_query_23YO5CD18Cg_wG_ZhqhbQQ,transfer_1,5678,jpeg50,self,84,zurich:19,amman:23,15.679997,36.1773
amman_query_23YO5CD18Cg_wG_ZhqhbQQ,transfer_2,5678,jpeg50,self,93,zurich:19,amman:23,15.680000,36.1773
amman_query_23YO5CD18Cg_wG_ZhqhbQQ,transfer_3,5678,jpeg50,self,114,zurich:19,amman:23,15.680000,36.1773
amman_query_23YO5CD18Cg_wG_ZhqhbQQ,isotropic,9012,jpeg50,self,98,zurich:19,amman:23,15.679998,36.1773
amman_query_23YO5CD18Cg_wG_ZhqhbQQ,white_box,9012,jpeg50,self,78,zurich:19,amman:23,15.679997,36.1773
amman_query_23YO5CD18Cg_wG_ZhqhbQQ,transfer_1,9012,jpeg50,self,130,toronto:354,amman:23,15.680000,36.1773
amman_query_23YO5CD18Cg_wG_ZhqhbQQ,transfer_2,9012,jpeg50,self,106,zurich:19,amman:23,15.679997,36.1773
amman_query_23YO5CD18Cg_wG_ZhqhbQQ,transfer_3,9012,jpeg50,self,105,zurich:19,amman:23,15.680000,36.1773
boston_query_-RyJCN_Rrfvr2l9jqadkcQ,isotropic,1234,jpeg50,self,1,boston:239,boston:239,15.679997,36.1773
boston_query_-RyJCN_Rrfvr2l9jqadkcQ,white_box,1234,jpeg50,self,1,boston:239,boston:239,15.680000,36.1773
boston_query_-RyJCN_Rrfvr2l9jqadkcQ,transfer_1,1234,jpeg50,self,1,boston:239,boston:239,15.680001,36.1773
boston_query_-RyJCN_Rrfvr2l9jqadkcQ,transfer_2,1234,jpeg50,self,1,boston:239,boston:239,15.679998,36.1773
boston_query_-RyJCN_Rrfvr2l9jqadkcQ,transfer_3,1234,jpeg50,self,1,boston:239,boston:239,15.679998,36.1773
boston_query_-RyJCN_Rrfvr2l9jqadkcQ,isotropic,5678,jpeg50,self,1,boston:239,boston:239,15.680000,36.1773
boston_query_-RyJCN_Rrfvr2l9jqadkcQ,white_box,5678,jpeg50,self,1,boston:239,boston:239,15.679998,36.1773
boston_query_-RyJCN_Rrfvr2l9jqadkcQ,transfer_1,5678,jpeg50,self,1,boston:239,boston:239,15.680000,36.1773
boston_query_-RyJCN_Rrfvr2l9jqadkcQ,transfer_2,5678,jpeg50,self,1,boston:239,boston:239,15.680000,36.1773
boston_query_-RyJCN_Rrfvr2l9jqadkcQ,transfer_3,5678,jpeg50,self,1,boston:239,boston:239,15.680000,36.1773
boston_query_-RyJCN_Rrfvr2l9jqadkcQ,isotropic,9012,jpeg50,self,1,boston:239,boston:239,15.680000,36.1773
boston_query_-RyJCN_Rrfvr2l9jqadkcQ,white_box,9012,jpeg50,self,4,manila:29,boston:239,15.680000,36.1773
boston_query_-RyJCN_Rrfvr2l9jqadkcQ,transfer_1,9012,jpeg50,self,1,boston:239,boston:239,15.679997,36.1773
boston_query_-RyJCN_Rrfvr2l9jqadkcQ,transfer_2,9012,jpeg50,self,2,manila:143,boston:239,15.679997,36.1773
boston_query_-RyJCN_Rrfvr2l9jqadkcQ,transfer_3,9012,jpeg50,self,2,london:122,boston:239,15.680000,36.1773
cph_query_-Q7samX2RjJwU9xiKFxpug,isotropic,1234,jpeg50,self,1,cph:175,cph:175,15.679998,36.1773
cph_query_-Q7samX2RjJwU9xiKFxpug,white_box,1234,jpeg50,self,7,cph:71,cph:175,15.680000,36.1773
cph_query_-Q7samX2RjJwU9xiKFxpug,transfer_1,1234,jpeg50,self,1,cph:175,cph:175,15.680000,36.1773
cph_query_-Q7samX2RjJwU9xiKFxpug,transfer_2,1234,jpeg50,self,1,cph:175,cph:175,15.679997,36.1773
cph_query_-Q7samX2RjJwU9xiKFxpug,transfer_3,1234,jpeg50,self,1,cph:175,cph:175,15.679997,36.1773
cph_query_-Q7samX2RjJwU9xiKFxpug,isotropic,5678,jpeg50,self,1,cph:175,cph:175,15.679998,36.1773
cph_query_-Q7samX2RjJwU9xiKFxpug,white_box,5678,jpeg50,self,35,toronto:196,cph:175,15.679998,36.1773
cph_query_-Q7samX2RjJwU9xiKFxpug,transfer_1,5678,jpeg50,self,1,cph:175,cph:175,15.680000,36.1773
cph_query_-Q7samX2RjJwU9xiKFxpug,transfer_2,5678,jpeg50,self,1,cph:175,cph:175,15.679997,36.1773
cph_query_-Q7samX2RjJwU9xiKFxpug,transfer_3,5678,jpeg50,self,1,cph:175,cph:175,15.679998,36.1773
cph_query_-Q7samX2RjJwU9xiKFxpug,isotropic,9012,jpeg50,self,1,cph:175,cph:175,15.679998,36.1773
cph_query_-Q7samX2RjJwU9xiKFxpug,white_box,9012,jpeg50,self,3,toronto:196,cph:175,15.680000,36.1773
cph_query_-Q7samX2RjJwU9xiKFxpug,transfer_1,9012,jpeg50,self,1,cph:175,cph:175,15.680000,36.1773
cph_query_-Q7samX2RjJwU9xiKFxpug,transfer_2,9012,jpeg50,self,1,cph:175,cph:175,15.680000,36.1773
cph_query_-Q7samX2RjJwU9xiKFxpug,transfer_3,9012,jpeg50,self,1,cph:175,cph:175,15.680000,36.1773
london_query_03VxrSUHoB-y1D50kXwi8g,isotropic,1234,jpeg50,self,1,london:131,london:131,15.680000,36.1773
london_query_03VxrSUHoB-y1D50kXwi8g,white_box,1234,jpeg50,self,13,amman:29,london:131,15.679997,36.1773
london_query_03VxrSUHoB-y1D50kXwi8g,transfer_1,1234,jpeg50,self,1,london:131,london:131,15.680000,36.1773
london_query_03VxrSUHoB-y1D50kXwi8g,transfer_2,1234,jpeg50,self,1,london:131,london:131,15.679998,36.1773
london_query_03VxrSUHoB-y1D50kXwi8g,transfer_3,1234,jpeg50,self,1,london:131,london:131,15.679998,36.1773
london_query_03VxrSUHoB-y1D50kXwi8g,isotropic,5678,jpeg50,self,1,london:131,london:131,15.679998,36.1773
london_query_03VxrSUHoB-y1D50kXwi8g,white_box,5678,jpeg50,self,8,london:111,london:131,15.680000,36.1773
london_query_03VxrSUHoB-y1D50kXwi8g,transfer_1,5678,jpeg50,self,1,london:131,london:131,15.679997,36.1773
london_query_03VxrSUHoB-y1D50kXwi8g,transfer_2,5678,jpeg50,self,1,london:131,london:131,15.680000,36.1773
london_query_03VxrSUHoB-y1D50kXwi8g,transfer_3,5678,jpeg50,self,1,london:131,london:131,15.679998,36.1773
london_query_03VxrSUHoB-y1D50kXwi8g,isotropic,9012,jpeg50,self,1,london:131,london:131,15.679998,36.1773
london_query_03VxrSUHoB-y1D50kXwi8g,white_box,9012,jpeg50,self,33,zurich:96,london:131,15.680000,36.1773
london_query_03VxrSUHoB-y1D50kXwi8g,transfer_1,9012,jpeg50,self,1,london:131,london:131,15.680000,36.1773
london_query_03VxrSUHoB-y1D50kXwi8g,transfer_2,9012,jpeg50,self,1,london:131,london:131,15.680000,36.1773
london_query_03VxrSUHoB-y1D50kXwi8g,transfer_3,9012,jpeg50,self,1,london:131,london:131,15.680000,36.1773
manila_query_-WlvwRIHM8K9xtN_z0FAGg,isotropic,1234,jpeg50,self,5,manila:89,manila:153,15.679997,36.1773
manila_query_-WlvwRIHM8K9xtN_z0FAGg,white_box,1234,jpeg50,self,1,manila:153,manila:153,15.679997,36.1773
manila_query_-WlvwRIHM8K9xtN_z0FAGg,transfer_1,1234,jpeg50,self,7,manila:89,manila:153,15.679998,36.1773
manila_query_-WlvwRIHM8K9xtN_z0FAGg,transfer_2,1234,jpeg50,self,4,boston:191,manila:153,15.679997,36.1773
manila_query_-WlvwRIHM8K9xtN_z0FAGg,transfer_3,1234,jpeg50,self,6,boston:191,manila:153,15.679998,36.1773
manila_query_-WlvwRIHM8K9xtN_z0FAGg,isotropic,5678,jpeg50,self,6,manila:89,manila:153,15.679997,36.1773
manila_query_-WlvwRIHM8K9xtN_z0FAGg,white_box,5678,jpeg50,self,3,boston:123,manila:153,15.680000,36.1773
manila_query_-WlvwRIHM8K9xtN_z0FAGg,transfer_1,5678,jpeg50,self,22,boston:191,manila:153,15.679998,36.1773
manila_query_-WlvwRIHM8K9xtN_z0FAGg,transfer_2,5678,jpeg50,self,8,manila:89,manila:153,15.679997,36.1773
manila_query_-WlvwRIHM8K9xtN_z0FAGg,transfer_3,5678,jpeg50,self,14,boston:191,manila:153,15.679997,36.1773
manila_query_-WlvwRIHM8K9xtN_z0FAGg,isotropic,9012,jpeg50,self,9,manila:89,manila:153,15.679998,36.1773
manila_query_-WlvwRIHM8K9xtN_z0FAGg,white_box,9012,jpeg50,self,17,boston:171,manila:153,15.680000,36.1773
manila_query_-WlvwRIHM8K9xtN_z0FAGg,transfer_1,9012,jpeg50,self,5,manila:89,manila:153,15.680000,36.1773
manila_query_-WlvwRIHM8K9xtN_z0FAGg,transfer_2,9012,jpeg50,self,7,manila:89,manila:153,15.680001,36.1773
manila_query_-WlvwRIHM8K9xtN_z0FAGg,transfer_3,9012,jpeg50,self,22,toronto:354,manila:153,15.679997,36.1773
nairobi_query_3Rln3I-knaHBGe7xAH2I_Q,isotropic,1234,jpeg50,self,39,amman:1,nairobi:12,15.679997,36.1773
nairobi_query_3Rln3I-knaHBGe7xAH2I_Q,white_box,1234,jpeg50,self,116,nairobi:15,nairobi:12,15.679997,36.1773
nairobi_query_3Rln3I-knaHBGe7xAH2I_Q,transfer_1,1234,jpeg50,self,29,amman:1,nairobi:12,15.680000,36.1773
nairobi_query_3Rln3I-knaHBGe7xAH2I_Q,transfer_2,1234,jpeg50,self,81,amman:1,nairobi:12,15.680000,36.1773
nairobi_query_3Rln3I-knaHBGe7xAH2I_Q,transfer_3,1234,jpeg50,self,34,amman:1,nairobi:12,15.679998,36.1773
nairobi_query_3Rln3I-knaHBGe7xAH2I_Q,isotropic,5678,jpeg50,self,59,amman:1,nairobi:12,15.680000,36.1773
nairobi_query_3Rln3I-knaHBGe7xAH2I_Q,white_box,5678,jpeg50,self,62,boston:171,nairobi:12,15.680000,36.1773
nairobi_query_3Rln3I-knaHBGe7xAH2I_Q,transfer_1,5678,jpeg50,self,52,amman:1,nairobi:12,15.680000,36.1773
nairobi_query_3Rln3I-knaHBGe7xAH2I_Q,transfer_2,5678,jpeg50,self,95,amman:1,nairobi:12,15.679997,36.1773
nairobi_query_3Rln3I-knaHBGe7xAH2I_Q,transfer_3,5678,jpeg50,self,46,amman:1,nairobi:12,15.679997,36.1773
nairobi_query_3Rln3I-knaHBGe7xAH2I_Q,isotropic,9012,jpeg50,self,49,amman:1,nairobi:12,15.680000,36.1773
nairobi_query_3Rln3I-knaHBGe7xAH2I_Q,white_box,9012,jpeg50,self,125,manila:67,nairobi:12,15.679998,36.1773
nairobi_query_3Rln3I-knaHBGe7xAH2I_Q,transfer_1,9012,jpeg50,self,69,amman:1,nairobi:12,15.679997,36.1773
nairobi_query_3Rln3I-knaHBGe7xAH2I_Q,transfer_2,9012,jpeg50,self,92,amman:1,nairobi:12,15.679998,36.1773
nairobi_query_3Rln3I-knaHBGe7xAH2I_Q,transfer_3,9012,jpeg50,self,56,amman:1,nairobi:12,15.680000,36.1773
toronto_query_-JY9Ip12RNDaK_geCga4LA,isotropic,1234,jpeg50,self,110,manila:88,toronto:192,15.679997,36.1773
toronto_query_-JY9Ip12RNDaK_geCga4LA,white_box,1234,jpeg50,self,58,toronto:23,toronto:192,15.679998,36.1773
toronto_query_-JY9Ip12RNDaK_geCga4LA,transfer_1,1234,jpeg50,self,194,manila:88,toronto:192,15.680000,36.1773
toronto_query_-JY9Ip12RNDaK_geCga4LA,transfer_2,1234,jpeg50,self,149,toronto:23,toronto:192,15.680000,36.1773
toronto_query_-JY9Ip12RNDaK_geCga4LA,transfer_3,1234,jpeg50,self,531,toronto:23,toronto:192,15.680000,36.1773
toronto_query_-JY9Ip12RNDaK_geCga4LA,isotropic,5678,jpeg50,self,120,toronto:23,toronto:192,15.680000,36.1773
toronto_query_-JY9Ip12RNDaK_geCga4LA,white_box,5678,jpeg50,self,17,toronto:23,toronto:192,15.679997,36.1773
toronto_query_-JY9Ip12RNDaK_geCga4LA,transfer_1,5678,jpeg50,self,200,toronto:23,toronto:192,15.679997,36.1773
toronto_query_-JY9Ip12RNDaK_geCga4LA,transfer_2,5678,jpeg50,self,69,toronto:23,toronto:192,15.680000,36.1773
toronto_query_-JY9Ip12RNDaK_geCga4LA,transfer_3,5678,jpeg50,self,361,toronto:23,toronto:192,15.680001,36.1773
toronto_query_-JY9Ip12RNDaK_geCga4LA,isotropic,9012,jpeg50,self,112,toronto:23,toronto:192,15.680000,36.1773
toronto_query_-JY9Ip12RNDaK_geCga4LA,white_box,9012,jpeg50,self,1078,toronto:23,toronto:192,15.680000,36.1773
toronto_query_-JY9Ip12RNDaK_geCga4LA,transfer_1,9012,jpeg50,self,218,toronto:23,toronto:192,15.679998,36.1773
toronto_query_-JY9Ip12RNDaK_geCga4LA,transfer_2,9012,jpeg50,self,223,toronto:23,toronto:192,15.679998,36.1773
toronto_query_-JY9Ip12RNDaK_geCga4LA,transfer_3,9012,jpeg50,self,313,toronto:23,toronto:192,15.680001,36.1773
zurich_query_0UfO0g5oR-GfH12twjOIuw,isotropic,1234,jpeg50,self,38,boston:206,zurich:94,15.680000,36.1773
zurich_query_0UfO0g5oR-GfH12twjOIuw,white_box,1234,jpeg50,self,46,boston:249,zurich:94,15.680000,36.1773
zurich_query_0UfO0g5oR-GfH12twjOIuw,transfer_1,1234,jpeg50,self,62,boston:234,zurich:94,15.679998,36.1773
zurich_query_0UfO0g5oR-GfH12twjOIuw,transfer_2,1234,jpeg50,self,71,boston:249,zurich:94,15.679997,36.1773
zurich_query_0UfO0g5oR-GfH12twjOIuw,transfer_3,1234,jpeg50,self,4,cph:395,zurich:94,15.680000,36.1773
zurich_query_0UfO0g5oR-GfH12twjOIuw,isotropic,5678,jpeg50,self,36,boston:206,zurich:94,15.680000,36.1773
zurich_query_0UfO0g5oR-GfH12twjOIuw,white_box,5678,jpeg50,self,39,boston:234,zurich:94,15.680000,36.1773
zurich_query_0UfO0g5oR-GfH12twjOIuw,transfer_1,5678,jpeg50,self,94,cph:243,zurich:94,15.680000,36.1773
zurich_query_0UfO0g5oR-GfH12twjOIuw,transfer_2,5678,jpeg50,self,21,boston:249,zurich:94,15.679998,36.1773
zurich_query_0UfO0g5oR-GfH12twjOIuw,transfer_3,5678,jpeg50,self,19,boston:249,zurich:94,15.679997,36.1773
zurich_query_0UfO0g5oR-GfH12twjOIuw,isotropic,9012,jpeg50,self,78,boston:206,zurich:94,15.679998,36.1773
zurich_query_0UfO0g5oR-GfH12twjOIuw,white_box,9012,jpeg50,self,116,boston:234,zurich:94,15.680000,36.1773
zurich_query_0UfO0g5oR-GfH12twjOIuw,transfer_1,9012,jpeg50,self,39,boston:206,zurich:94,15.679997,36.1773
zurich_query_0UfO0g5oR-GfH12twjOIuw,transfer_2,9012,jpeg50,self,58,boston:249,zurich:94,15.679998,36.1773
zurich_query_0UfO0g5oR-GfH12twjOIuw,transfer_3,9012,jpeg50,self,9,cph:395,zurich:94,15.680000,36.1773
amman_query_27ZYHE_-tdmKbq7gUW9ECA,isotropic,1234,jpeg50,self,1,amman:21,amman:21,15.680000,36.1773
amman_query_27ZYHE_-tdmKbq7gUW9ECA,white_box,1234,jpeg50,self,7,zurich:19,amman:21,15.680000,36.1773
amman_query_27ZYHE_-tdmKbq7gUW9ECA,transfer_1,1234,jpeg50,self,1,amman:21,amman:21,15.679998,36.1773
amman_query_27ZYHE_-tdmKbq7gUW9ECA,transfer_2,1234,jpeg50,self,1,amman:21,amman:21,15.680001,36.1773
amman_query_27ZYHE_-tdmKbq7gUW9ECA,transfer_3,1234,jpeg50,self,1,amman:21,amman:21,15.679997,36.1773
amman_query_27ZYHE_-tdmKbq7gUW9ECA,isotropic,5678,jpeg50,self,1,amman:21,amman:21,15.679998,36.1773
amman_query_27ZYHE_-tdmKbq7gUW9ECA,white_box,5678,jpeg50,self,10,zurich:19,amman:21,15.679997,36.1773
amman_query_27ZYHE_-tdmKbq7gUW9ECA,transfer_1,5678,jpeg50,self,1,amman:21,amman:21,15.680000,36.1773
amman_query_27ZYHE_-tdmKbq7gUW9ECA,transfer_2,5678,jpeg50,self,2,amman:25,amman:21,15.680000,36.1773
amman_query_27ZYHE_-tdmKbq7gUW9ECA,transfer_3,5678,jpeg50,self,1,amman:21,amman:21,15.679996,36.1773
amman_query_27ZYHE_-tdmKbq7gUW9ECA,isotropic,9012,jpeg50,self,1,amman:21,amman:21,15.679997,36.1773
amman_query_27ZYHE_-tdmKbq7gUW9ECA,white_box,9012,jpeg50,self,2,boston:244,amman:21,15.680000,36.1773
amman_query_27ZYHE_-tdmKbq7gUW9ECA,transfer_1,9012,jpeg50,self,1,amman:21,amman:21,15.679998,36.1773
amman_query_27ZYHE_-tdmKbq7gUW9ECA,transfer_2,9012,jpeg50,self,1,amman:21,amman:21,15.679998,36.1773
amman_query_27ZYHE_-tdmKbq7gUW9ECA,transfer_3,9012,jpeg50,self,4,amman:25,amman:21,15.680000,36.1773
boston_query_-TMAMMmIqQ4AQA3YI-YOHg,isotropic,1234,jpeg50,self,73,boston:210,boston:206,15.680000,36.1773
boston_query_-TMAMMmIqQ4AQA3YI-YOHg,white_box,1234,jpeg50,self,104,boston:210,boston:206,15.679997,36.1773
boston_query_-TMAMMmIqQ4AQA3YI-YOHg,transfer_1,1234,jpeg50,self,74,boston:210,boston:206,15.679997,36.1773
boston_query_-TMAMMmIqQ4AQA3YI-YOHg,transfer_2,1234,jpeg50,self,64,boston:210,boston:206,15.680000,36.1773
boston_query_-TMAMMmIqQ4AQA3YI-YOHg,transfer_3,1234,jpeg50,self,37,boston:210,boston:206,15.680000,36.1773
boston_query_-TMAMMmIqQ4AQA3YI-YOHg,isotropic,5678,jpeg50,self,68,boston:210,boston:206,15.679997,36.1773
boston_query_-TMAMMmIqQ4AQA3YI-YOHg,white_box,5678,jpeg50,self,17,london:2,boston:206,15.680001,36.1773
boston_query_-TMAMMmIqQ4AQA3YI-YOHg,transfer_1,5678,jpeg50,self,63,boston:210,boston:206,15.679998,36.1773
boston_query_-TMAMMmIqQ4AQA3YI-YOHg,transfer_2,5678,jpeg50,self,36,boston:210,boston:206,15.679997,36.1773
boston_query_-TMAMMmIqQ4AQA3YI-YOHg,transfer_3,5678,jpeg50,self,46,boston:210,boston:206,15.679997,36.1773
boston_query_-TMAMMmIqQ4AQA3YI-YOHg,isotropic,9012,jpeg50,self,66,boston:210,boston:206,15.679997,36.1773
boston_query_-TMAMMmIqQ4AQA3YI-YOHg,white_box,9012,jpeg50,self,29,london:2,boston:206,15.679998,36.1773
boston_query_-TMAMMmIqQ4AQA3YI-YOHg,transfer_1,9012,jpeg50,self,44,boston:210,boston:206,15.679997,36.1773
boston_query_-TMAMMmIqQ4AQA3YI-YOHg,transfer_2,9012,jpeg50,self,46,boston:210,boston:206,15.679998,36.1773
boston_query_-TMAMMmIqQ4AQA3YI-YOHg,transfer_3,9012,jpeg50,self,54,boston:210,boston:206,15.680001,36.1773
cph_query_-R9cTkYMNbXlglFeWCXtMg,isotropic,1234,jpeg50,self,409,boston:123,cph:429,15.679997,36.1773
cph_query_-R9cTkYMNbXlglFeWCXtMg,white_box,1234,jpeg50,self,599,manila:72,cph:429,15.680000,36.1773
cph_query_-R9cTkYMNbXlglFeWCXtMg,transfer_1,1234,jpeg50,self,479,boston:90,cph:429,15.680000,36.1773
cph_query_-R9cTkYMNbXlglFeWCXtMg,transfer_2,1234,jpeg50,self,567,boston:90,cph:429,15.679998,36.1773
cph_query_-R9cTkYMNbXlglFeWCXtMg,transfer_3,1234,jpeg50,self,232,boston:90,cph:429,15.679998,36.1773
cph_query_-R9cTkYMNbXlglFeWCXtMg,isotropic,5678,jpeg50,self,273,boston:90,cph:429,15.679997,36.1773
cph_query_-R9cTkYMNbXlglFeWCXtMg,white_box,5678,jpeg50,self,575,london:85,cph:429,15.680000,36.1773
cph_query_-R9cTkYMNbXlglFeWCXtMg,transfer_1,5678,jpeg50,self,634,boston:90,cph:429,15.679998,36.1773
cph_query_-R9cTkYMNbXlglFeWCXtMg,transfer_2,5678,jpeg50,self,417,boston:123,cph:429,15.679997,36.1773
cph_query_-R9cTkYMNbXlglFeWCXtMg,transfer_3,5678,jpeg50,self,592,zurich:46,cph:429,15.679997,36.1773
cph_query_-R9cTkYMNbXlglFeWCXtMg,isotropic,9012,jpeg50,self,267,manila:89,cph:429,15.680000,36.1773
cph_query_-R9cTkYMNbXlglFeWCXtMg,white_box,9012,jpeg50,self,631,zurich:19,cph:429,15.680001,36.1773
cph_query_-R9cTkYMNbXlglFeWCXtMg,transfer_1,9012,jpeg50,self,427,boston:90,cph:429,15.679998,36.1773
cph_query_-R9cTkYMNbXlglFeWCXtMg,transfer_2,9012,jpeg50,self,597,zurich:46,cph:429,15.679997,36.1773
cph_query_-R9cTkYMNbXlglFeWCXtMg,transfer_3,9012,jpeg50,self,349,toronto:23,cph:429,15.679997,36.1773
london_query_06tRsqVA7nx5PgabbPdu4w,isotropic,1234,jpeg50,self,21,manila:33,london:119,15.680000,36.1773
london_query_06tRsqVA7nx5PgabbPdu4w,white_box,1234,jpeg50,self,92,manila:13,london:119,15.680001,36.1773
london_query_06tRsqVA7nx5PgabbPdu4w,transfer_1,1234,jpeg50,self,43,manila:33,london:119,15.679997,36.1773
london_query_06tRsqVA7nx5PgabbPdu4w,transfer_2,1234,jpeg50,self,110,manila:33,london:119,15.680000,36.1773
london_query_06tRsqVA7nx5PgabbPdu4w,transfer_3,1234,jpeg50,self,59,manila:33,london:119,15.679997,36.1773
london_query_06tRsqVA7nx5PgabbPdu4w,isotropic,5678,jpeg50,self,29,manila:33,london:119,15.679998,36.1773
london_query_06tRsqVA7nx5PgabbPdu4w,white_box,5678,jpeg50,self,17,boston:249,london:119,15.680000,36.1773
london_query_06tRsqVA7nx5PgabbPdu4w,transfer_1,5678,jpeg50,self,77,manila:33,london:119,15.680000,36.1773
london_query_06tRsqVA7nx5PgabbPdu4w,transfer_2,5678,jpeg50,self,54,zurich:109,london:119,15.679997,36.1773
london_query_06tRsqVA7nx5PgabbPdu4w,transfer_3,5678,jpeg50,self,109,manila:33,london:119,15.680000,36.1773
london_query_06tRsqVA7nx5PgabbPdu4w,isotropic,9012,jpeg50,self,60,manila:33,london:119,15.680001,36.1773
london_query_06tRsqVA7nx5PgabbPdu4w,white_box,9012,jpeg50,self,91,toronto:200,london:119,15.679998,36.1773
london_query_06tRsqVA7nx5PgabbPdu4w,transfer_1,9012,jpeg50,self,55,zurich:109,london:119,15.680000,36.1773
london_query_06tRsqVA7nx5PgabbPdu4w,transfer_2,9012,jpeg50,self,42,manila:33,london:119,15.680000,36.1773
london_query_06tRsqVA7nx5PgabbPdu4w,transfer_3,9012,jpeg50,self,57,manila:33,london:119,15.680000,36.1773
manila_query_-WuLHZxOTWuUgVSb36RTng,isotropic,1234,jpeg50,self,214,manila:33,manila:132,15.679998,36.1773
manila_query_-WuLHZxOTWuUgVSb36RTng,white_box,1234,jpeg50,self,258,manila:106,manila:132,15.679997,36.1773
manila_query_-WuLHZxOTWuUgVSb36RTng,transfer_1,1234,jpeg50,self,200,zurich:42,manila:132,15.679997,36.1773
manila_query_-WuLHZxOTWuUgVSb36RTng,transfer_2,1234,jpeg50,self,169,zurich:42,manila:132,15.680000,36.1773
manila_query_-WuLHZxOTWuUgVSb36RTng,transfer_3,1234,jpeg50,self,174,manila:33,manila:132,15.679998,36.1773
manila_query_-WuLHZxOTWuUgVSb36RTng,isotropic,5678,jpeg50,self,192,manila:33,manila:132,15.679998,36.1773
manila_query_-WuLHZxOTWuUgVSb36RTng,white_box,5678,jpeg50,self,104,manila:33,manila:132,15.680000,36.1773
manila_query_-WuLHZxOTWuUgVSb36RTng,transfer_1,5678,jpeg50,self,105,manila:33,manila:132,15.680000,36.1773
manila_query_-WuLHZxOTWuUgVSb36RTng,transfer_2,5678,jpeg50,self,88,amman:31,manila:132,15.680001,36.1773
manila_query_-WuLHZxOTWuUgVSb36RTng,transfer_3,5678,jpeg50,self,83,manila:33,manila:132,15.679997,36.1773
manila_query_-WuLHZxOTWuUgVSb36RTng,isotropic,9012,jpeg50,self,216,manila:33,manila:132,15.680000,36.1773
manila_query_-WuLHZxOTWuUgVSb36RTng,white_box,9012,jpeg50,self,150,manila:72,manila:132,15.679998,36.1773
manila_query_-WuLHZxOTWuUgVSb36RTng,transfer_1,9012,jpeg50,self,214,zurich:42,manila:132,15.680000,36.1773
manila_query_-WuLHZxOTWuUgVSb36RTng,transfer_2,9012,jpeg50,self,250,manila:33,manila:132,15.680000,36.1773
manila_query_-WuLHZxOTWuUgVSb36RTng,transfer_3,9012,jpeg50,self,185,manila:33,manila:132,15.680000,36.1773
nairobi_query_3Thql5xEy0LYu4bdux1icw,isotropic,1234,jpeg50,self,9,nairobi:22,nairobi:18,15.680000,36.1773
nairobi_query_3Thql5xEy0LYu4bdux1icw,white_box,1234,jpeg50,self,88,toronto:200,nairobi:18,15.679997,36.1773
nairobi_query_3Thql5xEy0LYu4bdux1icw,transfer_1,1234,jpeg50,self,8,amman:32,nairobi:18,15.679997,36.1773
nairobi_query_3Thql5xEy0LYu4bdux1icw,transfer_2,1234,jpeg50,self,29,amman:32,nairobi:18,15.680001,36.1773
nairobi_query_3Thql5xEy0LYu4bdux1icw,transfer_3,1234,jpeg50,self,42,amman:32,nairobi:18,15.679998,36.1773
nairobi_query_3Thql5xEy0LYu4bdux1icw,isotropic,5678,jpeg50,self,22,amman:32,nairobi:18,15.679998,36.1773
nairobi_query_3Thql5xEy0LYu4bdux1icw,white_box,5678,jpeg50,self,17,london:119,nairobi:18,15.680000,36.1773
nairobi_query_3Thql5xEy0LYu4bdux1icw,transfer_1,5678,jpeg50,self,11,amman:32,nairobi:18,15.680000,36.1773
nairobi_query_3Thql5xEy0LYu4bdux1icw,transfer_2,5678,jpeg50,self,7,nairobi:22,nairobi:18,15.679998,36.1773
nairobi_query_3Thql5xEy0LYu4bdux1icw,transfer_3,5678,jpeg50,self,47,amman:32,nairobi:18,15.680000,36.1773
nairobi_query_3Thql5xEy0LYu4bdux1icw,isotropic,9012,jpeg50,self,14,nairobi:22,nairobi:18,15.679997,36.1773
nairobi_query_3Thql5xEy0LYu4bdux1icw,white_box,9012,jpeg50,self,148,toronto:103,nairobi:18,15.679998,36.1773
nairobi_query_3Thql5xEy0LYu4bdux1icw,transfer_1,9012,jpeg50,self,15,nairobi:22,nairobi:18,15.680000,36.1773
nairobi_query_3Thql5xEy0LYu4bdux1icw,transfer_2,9012,jpeg50,self,8,nairobi:22,nairobi:18,15.679997,36.1773
nairobi_query_3Thql5xEy0LYu4bdux1icw,transfer_3,9012,jpeg50,self,51,zurich:30,nairobi:18,15.679997,36.1773
toronto_query_-K6Ci0V3ZYp50_DrMghntA,isotropic,1234,jpeg50,self,1,toronto:103,toronto:103,15.679998,36.1773
toronto_query_-K6Ci0V3ZYp50_DrMghntA,white_box,1234,jpeg50,self,27,boston:237,toronto:103,15.679997,36.1773
toronto_query_-K6Ci0V3ZYp50_DrMghntA,transfer_1,1234,jpeg50,self,1,toronto:103,toronto:103,15.679997,36.1773
toronto_query_-K6Ci0V3ZYp50_DrMghntA,transfer_2,1234,jpeg50,self,1,toronto:103,toronto:103,15.680000,36.1773
toronto_query_-K6Ci0V3ZYp50_DrMghntA,transfer_3,1234,jpeg50,self,2,manila:33,toronto:103,15.680000,36.1773
toronto_query_-K6Ci0V3ZYp50_DrMghntA,isotropic,5678,jpeg50,self,1,toronto:103,toronto:103,15.680000,36.1773
toronto_query_-K6Ci0V3ZYp50_DrMghntA,white_box,5678,jpeg50,self,1,toronto:103,toronto:103,15.679998,36.1773
toronto_query_-K6Ci0V3ZYp50_DrMghntA,transfer_1,5678,jpeg50,self,1,toronto:103,toronto:103,15.680001,36.1773
toronto_query_-K6Ci0V3ZYp50_DrMghntA,transfer_2,5678,jpeg50,self,1,toronto:103,toronto:103,15.679998,36.1773
toronto_query_-K6Ci0V3ZYp50_DrMghntA,transfer_3,5678,jpeg50,self,1,toronto:103,toronto:103,15.680000,36.1773
toronto_query_-K6Ci0V3ZYp50_DrMghntA,isotropic,9012,jpeg50,self,1,toronto:103,toronto:103,15.679998,36.1773
toronto_query_-K6Ci0V3ZYp50_DrMghntA,white_box,9012,jpeg50,self,119,zurich:65,toronto:103,15.680002,36.1773
toronto_query_-K6Ci0V3ZYp50_DrMghntA,transfer_1,9012,jpeg50,self,1,toronto:103,toronto:103,15.680000,36.1773
toronto_query_-K6Ci0V3ZYp50_DrMghntA,transfer_2,9012,jpeg50,self,1,toronto:103,toronto:103,15.679997,36.1773
toronto_query_-K6Ci0V3ZYp50_DrMghntA,transfer_3,9012,jpeg50,self,2,manila:33,toronto:103,15.680000,36.1773
zurich_query_0W_6dskxdNPlCJnX9EhmZA,isotropic,1234,jpeg50,self,3,cph:464,zurich:33,15.679997,36.1773
zurich_query_0W_6dskxdNPlCJnX9EhmZA,white_box,1234,jpeg50,self,206,nairobi:20,zurich:33,15.679997,36.1773
zurich_query_0W_6dskxdNPlCJnX9EhmZA,transfer_1,1234,jpeg50,self,6,cph:464,zurich:33,15.680001,36.1773
zurich_query_0W_6dskxdNPlCJnX9EhmZA,transfer_2,1234,jpeg50,self,13,cph:464,zurich:33,15.680001,36.1773
zurich_query_0W_6dskxdNPlCJnX9EhmZA,transfer_3,1234,jpeg50,self,2,cph:464,zurich:33,15.679996,36.1773
zurich_query_0W_6dskxdNPlCJnX9EhmZA,isotropic,5678,jpeg50,self,3,cph:464,zurich:33,15.680000,36.1773
zurich_query_0W_6dskxdNPlCJnX9EhmZA,white_box,5678,jpeg50,self,9,london:119,zurich:33,15.680000,36.1773
zurich_query_0W_6dskxdNPlCJnX9EhmZA,transfer_1,5678,jpeg50,self,6,cph:464,zurich:33,15.680000,36.1773
zurich_query_0W_6dskxdNPlCJnX9EhmZA,transfer_2,5678,jpeg50,self,9,cph:464,zurich:33,15.680000,36.1773
zurich_query_0W_6dskxdNPlCJnX9EhmZA,transfer_3,5678,jpeg50,self,3,cph:464,zurich:33,15.679996,36.1773
zurich_query_0W_6dskxdNPlCJnX9EhmZA,isotropic,9012,jpeg50,self,3,cph:464,zurich:33,15.679997,36.1773
zurich_query_0W_6dskxdNPlCJnX9EhmZA,white_box,9012,jpeg50,self,21,manila:13,zurich:33,15.679997,36.1773
zurich_query_0W_6dskxdNPlCJnX9EhmZA,transfer_1,9012,jpeg50,self,8,cph:464,zurich:33,15.680000,36.1773
zurich_query_0W_6dskxdNPlCJnX9EhmZA,transfer_2,9012,jpeg50,self,7,cph:464,zurich:33,15.679998,36.1773
zurich_query_0W_6dskxdNPlCJnX9EhmZA,transfer_3,9012,jpeg50,self,46,cph:464,zurich:33,15.680000,36.1773
amman_query_29zY5U3MUbO3wTjTTKF93w,isotropic,1234,jpeg50,self,1,amman:22,amman:22,15.679997,36.1773
amman_query_29zY5U3MUbO3wTjTTKF93w,white_box,1234,jpeg50,self,1,amman:22,amman:22,15.680000,36.1773
amman_query_29zY5U3MUbO3wTjTTKF93w,transfer_1,1234,jpeg50,self,1,amman:22,amman:22,15.680000,36.1773
amman_query_29zY5U3MUbO3wTjTTKF93w,transfer_2,1234,jpeg50,self,1,amman:22,amman:22,15.680000,36.1773
amman_query_29zY5U3MUbO3wTjTTKF93w,transfer_3,1234,jpeg50,self,1,amman:22,amman:22,15.680000,36.1773
amman_query_29zY5U3MUbO3wTjTTKF93w,isotropic,5678,jpeg50,self,1,amman:22,amman:22,15.679998,36.1773
amman_query_29zY5U3MUbO3wTjTTKF93w,white_box,5678,jpeg50,self,1,amman:22,amman:22,15.680000,36.1773
amman_query_29zY5U3MUbO3wTjTTKF93w,transfer_1,5678,jpeg50,self,1,amman:22,amman:22,15.679997,36.1773
amman_query_29zY5U3MUbO3wTjTTKF93w,transfer_2,5678,jpeg50,self,1,amman:22,amman:22,15.679998,36.1773
amman_query_29zY5U3MUbO3wTjTTKF93w,transfer_3,5678,jpeg50,self,1,amman:22,amman:22,15.680002,36.1773
amman_query_29zY5U3MUbO3wTjTTKF93w,isotropic,9012,jpeg50,self,1,amman:22,amman:22,15.680000,36.1773
amman_query_29zY5U3MUbO3wTjTTKF93w,white_box,9012,jpeg50,self,1,amman:22,amman:22,15.680000,36.1773
amman_query_29zY5U3MUbO3wTjTTKF93w,transfer_1,9012,jpeg50,self,1,amman:22,amman:22,15.679998,36.1773
amman_query_29zY5U3MUbO3wTjTTKF93w,transfer_2,9012,jpeg50,self,1,amman:22,amman:22,15.679998,36.1773
amman_query_29zY5U3MUbO3wTjTTKF93w,transfer_3,9012,jpeg50,self,1,amman:22,amman:22,15.679997,36.1773
boston_query_-U0JJudMztDrvqfppyEl9A,isotropic,1234,jpeg50,self,3,boston:47,boston:87,15.679998,36.1773
boston_query_-U0JJudMztDrvqfppyEl9A,white_box,1234,jpeg50,self,4,amman:1,boston:87,15.679997,36.1773
boston_query_-U0JJudMztDrvqfppyEl9A,transfer_1,1234,jpeg50,self,5,boston:47,boston:87,15.680000,36.1773
boston_query_-U0JJudMztDrvqfppyEl9A,transfer_2,1234,jpeg50,self,2,boston:47,boston:87,15.680000,36.1773
boston_query_-U0JJudMztDrvqfppyEl9A,transfer_3,1234,jpeg50,self,2,boston:47,boston:87,15.680000,36.1773
boston_query_-U0JJudMztDrvqfppyEl9A,isotropic,5678,jpeg50,self,5,boston:47,boston:87,15.680000,36.1773
boston_query_-U0JJudMztDrvqfppyEl9A,white_box,5678,jpeg50,self,1,boston:87,boston:87,15.680001,36.1773
boston_query_-U0JJudMztDrvqfppyEl9A,transfer_1,5678,jpeg50,self,9,boston:47,boston:87,15.679997,36.1773
boston_query_-U0JJudMztDrvqfppyEl9A,transfer_2,5678,jpeg50,self,1,boston:87,boston:87,15.679998,36.1773
boston_query_-U0JJudMztDrvqfppyEl9A,transfer_3,5678,jpeg50,self,4,boston:47,boston:87,15.680000,36.1773
boston_query_-U0JJudMztDrvqfppyEl9A,isotropic,9012,jpeg50,self,5,boston:47,boston:87,15.680000,36.1773
boston_query_-U0JJudMztDrvqfppyEl9A,white_box,9012,jpeg50,self,305,boston:47,boston:87,15.680000,36.1773
boston_query_-U0JJudMztDrvqfppyEl9A,transfer_1,9012,jpeg50,self,6,boston:139,boston:87,15.680000,36.1773
boston_query_-U0JJudMztDrvqfppyEl9A,transfer_2,9012,jpeg50,self,1,boston:87,boston:87,15.679997,36.1773
boston_query_-U0JJudMztDrvqfppyEl9A,transfer_3,9012,jpeg50,self,3,boston:47,boston:87,15.680001,36.1773
cph_query_-To5emQUYvNlwdgB1hEVfQ,isotropic,1234,jpeg50,self,1,cph:279,cph:279,15.680000,36.1773
cph_query_-To5emQUYvNlwdgB1hEVfQ,white_box,1234,jpeg50,self,117,amman:21,cph:279,15.679997,36.1773
cph_query_-To5emQUYvNlwdgB1hEVfQ,transfer_1,1234,jpeg50,self,1,cph:279,cph:279,15.680000,36.1773
cph_query_-To5emQUYvNlwdgB1hEVfQ,transfer_2,1234,jpeg50,self,1,cph:279,cph:279,15.679997,36.1773
cph_query_-To5emQUYvNlwdgB1hEVfQ,transfer_3,1234,jpeg50,self,7,cph:243,cph:279,15.680000,36.1773
cph_query_-To5emQUYvNlwdgB1hEVfQ,isotropic,5678,jpeg50,self,1,cph:279,cph:279,15.679998,36.1773
cph_query_-To5emQUYvNlwdgB1hEVfQ,white_box,5678,jpeg50,self,3,amman:12,cph:279,15.680000,36.1773
cph_query_-To5emQUYvNlwdgB1hEVfQ,transfer_1,5678,jpeg50,self,1,cph:279,cph:279,15.679997,36.1773
cph_query_-To5emQUYvNlwdgB1hEVfQ,transfer_2,5678,jpeg50,self,1,cph:279,cph:279,15.679998,36.1773
cph_query_-To5emQUYvNlwdgB1hEVfQ,transfer_3,5678,jpeg50,self,1,cph:279,cph:279,15.680000,36.1773
cph_query_-To5emQUYvNlwdgB1hEVfQ,isotropic,9012,jpeg50,self,1,cph:279,cph:279,15.680000,36.1773
cph_query_-To5emQUYvNlwdgB1hEVfQ,white_box,9012,jpeg50,self,7,toronto:244,cph:279,15.680001,36.1773
cph_query_-To5emQUYvNlwdgB1hEVfQ,transfer_1,9012,jpeg50,self,1,cph:279,cph:279,15.680001,36.1773
cph_query_-To5emQUYvNlwdgB1hEVfQ,transfer_2,9012,jpeg50,self,1,cph:279,cph:279,15.679997,36.1773
cph_query_-To5emQUYvNlwdgB1hEVfQ,transfer_3,9012,jpeg50,self,1,cph:279,cph:279,15.679998,36.1773
london_query_07Mt7j9hZm17z2pXB3QAXA,isotropic,1234,jpeg50,self,2,manila:89,london:122,15.679996,36.1773
london_query_07Mt7j9hZm17z2pXB3QAXA,white_box,1234,jpeg50,self,82,amman:35,london:122,15.680000,36.1773
london_query_07Mt7j9hZm17z2pXB3QAXA,transfer_1,1234,jpeg50,self,7,toronto:23,london:122,15.679998,36.1773
london_query_07Mt7j9hZm17z2pXB3QAXA,transfer_2,1234,jpeg50,self,13,amman:31,london:122,15.680000,36.1773
london_query_07Mt7j9hZm17z2pXB3QAXA,transfer_3,1234,jpeg50,self,14,toronto:23,london:122,15.679998,36.1773
london_query_07Mt7j9hZm17z2pXB3QAXA,isotropic,5678,jpeg50,self,3,manila:89,london:122,15.679996,36.1773
london_query_07Mt7j9hZm17z2pXB3QAXA,white_box,5678,jpeg50,self,9,manila:72,london:122,15.680000,36.1773
london_query_07Mt7j9hZm17z2pXB3QAXA,transfer_1,5678,jpeg50,self,3,boston:90,london:122,15.680001,36.1773
london_query_07Mt7j9hZm17z2pXB3QAXA,transfer_2,5678,jpeg50,self,1,london:122,london:122,15.680001,36.1773
london_query_07Mt7j9hZm17z2pXB3QAXA,transfer_3,5678,jpeg50,self,1,london:122,london:122,15.679997,36.1773
london_query_07Mt7j9hZm17z2pXB3QAXA,isotropic,9012,jpeg50,self,4,manila:13,london:122,15.680002,36.1773
london_query_07Mt7j9hZm17z2pXB3QAXA,white_box,9012,jpeg50,self,23,manila:160,london:122,15.680000,36.1773
london_query_07Mt7j9hZm17z2pXB3QAXA,transfer_1,9012,jpeg50,self,9,manila:13,london:122,15.679998,36.1773
london_query_07Mt7j9hZm17z2pXB3QAXA,transfer_2,9012,jpeg50,self,6,manila:13,london:122,15.680000,36.1773
london_query_07Mt7j9hZm17z2pXB3QAXA,transfer_3,9012,jpeg50,self,15,toronto:23,london:122,15.679998,36.1773
manila_query_-YADzGuflGFk0TrwgbgGQA,isotropic,1234,jpeg50,self,8,boston:235,manila:82,15.680000,36.1773
manila_query_-YADzGuflGFk0TrwgbgGQA,white_box,1234,jpeg50,self,5,zurich:35,manila:82,15.680000,36.1773
manila_query_-YADzGuflGFk0TrwgbgGQA,transfer_1,1234,jpeg50,self,11,zurich:42,manila:82,15.680001,36.1773
manila_query_-YADzGuflGFk0TrwgbgGQA,transfer_2,1234,jpeg50,self,2,london:85,manila:82,15.679997,36.1773
manila_query_-YADzGuflGFk0TrwgbgGQA,transfer_3,1234,jpeg50,self,9,manila:190,manila:82,15.680000,36.1773
manila_query_-YADzGuflGFk0TrwgbgGQA,isotropic,5678,jpeg50,self,3,zurich:42,manila:82,15.680000,36.1773
manila_query_-YADzGuflGFk0TrwgbgGQA,white_box,5678,jpeg50,self,22,manila:92,manila:82,15.680000,36.1773
manila_query_-YADzGuflGFk0TrwgbgGQA,transfer_1,5678,jpeg50,self,9,manila:190,manila:82,15.679998,36.1773
manila_query_-YADzGuflGFk0TrwgbgGQA,transfer_2,5678,jpeg50,self,11,zurich:42,manila:82,15.679997,36.1773
manila_query_-YADzGuflGFk0TrwgbgGQA,transfer_3,5678,jpeg50,self,27,manila:190,manila:82,15.679997,36.1773
manila_query_-YADzGuflGFk0TrwgbgGQA,isotropic,9012,jpeg50,self,5,boston:235,manila:82,15.680000,36.1773
manila_query_-YADzGuflGFk0TrwgbgGQA,white_box,9012,jpeg50,self,17,manila:92,manila:82,15.680001,36.1773
manila_query_-YADzGuflGFk0TrwgbgGQA,transfer_1,9012,jpeg50,self,4,london:85,manila:82,15.680000,36.1773
manila_query_-YADzGuflGFk0TrwgbgGQA,transfer_2,9012,jpeg50,self,5,zurich:42,manila:82,15.679998,36.1773
manila_query_-YADzGuflGFk0TrwgbgGQA,transfer_3,9012,jpeg50,self,24,manila:190,manila:82,15.679998,36.1773
nairobi_query_3VEngLiRuIRlzTCHOPvAqA,isotropic,1234,jpeg50,self,10,london:85,nairobi:4,15.680000,36.1773
nairobi_query_3VEngLiRuIRlzTCHOPvAqA,white_box,1234,jpeg50,self,141,manila:189,nairobi:4,15.679998,36.1773
nairobi_query_3VEngLiRuIRlzTCHOPvAqA,transfer_1,1234,jpeg50,self,22,amman:1,nairobi:4,15.680000,36.1773
nairobi_query_3VEngLiRuIRlzTCHOPvAqA,transfer_2,1234,jpeg50,self,6,amman:1,nairobi:4,15.680000,36.1773
nairobi_query_3VEngLiRuIRlzTCHOPvAqA,transfer_3,1234,jpeg50,self,13,london:85,nairobi:4,15.680001,36.1773
nairobi_query_3VEngLiRuIRlzTCHOPvAqA,isotropic,5678,jpeg50,self,4,boston:90,nairobi:4,15.679996,36.1773
nairobi_query_3VEngLiRuIRlzTCHOPvAqA,white_box,5678,jpeg50,self,63,manila:189,nairobi:4,15.679997,36.1773
nairobi_query_3VEngLiRuIRlzTCHOPvAqA,transfer_1,5678,jpeg50,self,10,boston:171,nairobi:4,15.679997,36.1773
nairobi_query_3VEngLiRuIRlzTCHOPvAqA,transfer_2,5678,jpeg50,self,23,amman:35,nairobi:4,15.679998,36.1773
nairobi_query_3VEngLiRuIRlzTCHOPvAqA,transfer_3,5678,jpeg50,self,6,manila:190,nairobi:4,15.679998,36.1773
nairobi_query_3VEngLiRuIRlzTCHOPvAqA,isotropic,9012,jpeg50,self,27,amman:22,nairobi:4,15.679998,36.1773
nairobi_query_3VEngLiRuIRlzTCHOPvAqA,white_box,9012,jpeg50,self,45,manila:72,nairobi:4,15.679997,36.1773
nairobi_query_3VEngLiRuIRlzTCHOPvAqA,transfer_1,9012,jpeg50,self,10,amman:22,nairobi:4,15.679997,36.1773
nairobi_query_3VEngLiRuIRlzTCHOPvAqA,transfer_2,9012,jpeg50,self,14,amman:1,nairobi:4,15.680000,36.1773
nairobi_query_3VEngLiRuIRlzTCHOPvAqA,transfer_3,9012,jpeg50,self,16,toronto:23,nairobi:4,15.680000,36.1773
toronto_query_-KU5g574x3Cah05LVtG_Pw,isotropic,1234,jpeg50,self,554,cph:464,toronto:418,15.680000,36.1773
toronto_query_-KU5g574x3Cah05LVtG_Pw,white_box,1234,jpeg50,self,145,toronto:351,toronto:418,15.679998,36.1773
toronto_query_-KU5g574x3Cah05LVtG_Pw,transfer_1,1234,jpeg50,self,686,cph:464,toronto:418,15.679997,36.1773
toronto_query_-KU5g574x3Cah05LVtG_Pw,transfer_2,1234,jpeg50,self,545,toronto:351,toronto:418,15.680000,36.1773
toronto_query_-KU5g574x3Cah05LVtG_Pw,transfer_3,1234,jpeg50,self,342,toronto:351,toronto:418,15.680000,36.1773
toronto_query_-KU5g574x3Cah05LVtG_Pw,isotropic,5678,jpeg50,self,775,cph:464,toronto:418,15.679997,36.1773
toronto_query_-KU5g574x3Cah05LVtG_Pw,white_box,5678,jpeg50,self,977,toronto:351,toronto:418,15.679997,36.1773
toronto_query_-KU5g574x3Cah05LVtG_Pw,transfer_1,5678,jpeg50,self,859,cph:464,toronto:418,15.679997,36.1773
toronto_query_-KU5g574x3Cah05LVtG_Pw,transfer_2,5678,jpeg50,self,645,toronto:351,toronto:418,15.680000,36.1773
toronto_query_-KU5g574x3Cah05LVtG_Pw,transfer_3,5678,jpeg50,self,619,toronto:351,toronto:418,15.679997,36.1773
toronto_query_-KU5g574x3Cah05LVtG_Pw,isotropic,9012,jpeg50,self,978,cph:464,toronto:418,15.680000,36.1773
toronto_query_-KU5g574x3Cah05LVtG_Pw,white_box,9012,jpeg50,self,898,cph:464,toronto:418,15.680000,36.1773
toronto_query_-KU5g574x3Cah05LVtG_Pw,transfer_1,9012,jpeg50,self,522,cph:464,toronto:418,15.679998,36.1773
toronto_query_-KU5g574x3Cah05LVtG_Pw,transfer_2,9012,jpeg50,self,373,cph:464,toronto:418,15.680001,36.1773
toronto_query_-KU5g574x3Cah05LVtG_Pw,transfer_3,9012,jpeg50,self,646,toronto:351,toronto:418,15.679998,36.1773
zurich_query_0YqWIRNZbPyTmppf5ZjyMw,isotropic,1234,jpeg50,self,1,zurich:25,zurich:25,15.680000,36.1773
zurich_query_0YqWIRNZbPyTmppf5ZjyMw,white_box,1234,jpeg50,self,27,boston:19,zurich:25,15.680000,36.1773
zurich_query_0YqWIRNZbPyTmppf5ZjyMw,transfer_1,1234,jpeg50,self,1,zurich:25,zurich:25,15.679997,36.1773
zurich_query_0YqWIRNZbPyTmppf5ZjyMw,transfer_2,1234,jpeg50,self,1,zurich:25,zurich:25,15.680000,36.1773
zurich_query_0YqWIRNZbPyTmppf5ZjyMw,transfer_3,1234,jpeg50,self,9,zurich:42,zurich:25,15.680000,36.1773
zurich_query_0YqWIRNZbPyTmppf5ZjyMw,isotropic,5678,jpeg50,self,1,zurich:25,zurich:25,15.679998,36.1773
zurich_query_0YqWIRNZbPyTmppf5ZjyMw,white_box,5678,jpeg50,self,47,boston:99,zurich:25,15.679998,36.1773
zurich_query_0YqWIRNZbPyTmppf5ZjyMw,transfer_1,5678,jpeg50,self,1,zurich:25,zurich:25,15.680000,36.1773
zurich_query_0YqWIRNZbPyTmppf5ZjyMw,transfer_2,5678,jpeg50,self,1,zurich:25,zurich:25,15.679998,36.1773
zurich_query_0YqWIRNZbPyTmppf5ZjyMw,transfer_3,5678,jpeg50,self,8,zurich:42,zurich:25,15.679997,36.1773
zurich_query_0YqWIRNZbPyTmppf5ZjyMw,isotropic,9012,jpeg50,self,1,zurich:25,zurich:25,15.680000,36.1773
zurich_query_0YqWIRNZbPyTmppf5ZjyMw,white_box,9012,jpeg50,self,58,manila:51,zurich:25,15.680000,36.1773
zurich_query_0YqWIRNZbPyTmppf5ZjyMw,transfer_1,9012,jpeg50,self,1,zurich:25,zurich:25,15.679997,36.1773
zurich_query_0YqWIRNZbPyTmppf5ZjyMw,transfer_2,9012,jpeg50,self,1,zurich:25,zurich:25,15.679997,36.1773
zurich_query_0YqWIRNZbPyTmppf5ZjyMw,transfer_3,9012,jpeg50,self,12,cph:243,zurich:25,15.679998,36.1773
amman_query_2E9XDGy6VTetR1O15tILdw,isotropic,1234,jpeg50,self,28,amman:1,amman:11,15.679998,36.1773
amman_query_2E9XDGy6VTetR1O15tILdw,white_box,1234,jpeg50,self,156,zurich:19,amman:11,15.680000,36.1773
amman_query_2E9XDGy6VTetR1O15tILdw,transfer_1,1234,jpeg50,self,45,zurich:19,amman:11,15.679998,36.1773
amman_query_2E9XDGy6VTetR1O15tILdw,transfer_2,1234,jpeg50,self,100,zurich:19,amman:11,15.680001,36.1773
amman_query_2E9XDGy6VTetR1O15tILdw,transfer_3,1234,jpeg50,self,93,zurich:19,amman:11,15.679998,36.1773
amman_query_2E9XDGy6VTetR1O15tILdw,isotropic,5678,jpeg50,self,110,amman:1,amman:11,15.680000,36.1773
amman_query_2E9XDGy6VTetR1O15tILdw,white_box,5678,jpeg50,self,94,amman:1,amman:11,15.679997,36.1773
amman_query_2E9XDGy6VTetR1O15tILdw,transfer_1,5678,jpeg50,self,41,amman:1,amman:11,15.680000,36.1773
amman_query_2E9XDGy6VTetR1O15tILdw,transfer_2,5678,jpeg50,self,115,amman:1,amman:11,15.679997,36.1773
amman_query_2E9XDGy6VTetR1O15tILdw,transfer_3,5678,jpeg50,self,178,zurich:19,amman:11,15.680000,36.1773
amman_query_2E9XDGy6VTetR1O15tILdw,isotropic,9012,jpeg50,self,69,cph:243,amman:11,15.680000,36.1773
amman_query_2E9XDGy6VTetR1O15tILdw,white_box,9012,jpeg50,self,236,amman:18,amman:11,15.679998,36.1773
amman_query_2E9XDGy6VTetR1O15tILdw,transfer_1,9012,jpeg50,self,157,amman:1,amman:11,15.680000,36.1773
amman_query_2E9XDGy6VTetR1O15tILdw,transfer_2,9012,jpeg50,self,65,zurich:104,amman:11,15.680001,36.1773
amman_query_2E9XDGy6VTetR1O15tILdw,transfer_3,9012,jpeg50,self,169,amman:1,amman:11,15.679998,36.1773
boston_query_-U_cmO4sMoYmoNbCPpMXWw,isotropic,1234,jpeg50,self,114,boston:210,boston:101,15.679996,36.1773
boston_query_-U_cmO4sMoYmoNbCPpMXWw,white_box,1234,jpeg50,self,257,cph:356,boston:101,15.680000,36.1773
boston_query_-U_cmO4sMoYmoNbCPpMXWw,transfer_1,1234,jpeg50,self,111,boston:210,boston:101,15.680000,36.1773
boston_query_-U_cmO4sMoYmoNbCPpMXWw,transfer_2,1234,jpeg50,self,128,boston:210,boston:101,15.680000,36.1773
boston_query_-U_cmO4sMoYmoNbCPpMXWw,transfer_3,1234,jpeg50,self,139,boston:210,boston:101,15.679997,36.1773
boston_query_-U_cmO4sMoYmoNbCPpMXWw,isotropic,5678,jpeg50,self,90,boston:210,boston:101,15.680002,36.1773
boston_query_-U_cmO4sMoYmoNbCPpMXWw,white_box,5678,jpeg50,self,57,amman:31,boston:101,15.679997,36.1773
boston_query_-U_cmO4sMoYmoNbCPpMXWw,transfer_1,5678,jpeg50,self,129,boston:210,boston:101,15.679998,36.1773
boston_query_-U_cmO4sMoYmoNbCPpMXWw,transfer_2,5678,jpeg50,self,117,boston:210,boston:101,15.680000,36.1773
boston_query_-U_cmO4sMoYmoNbCPpMXWw,transfer_3,5678,jpeg50,self,97,boston:210,boston:101,15.679997,36.1773
boston_query_-U_cmO4sMoYmoNbCPpMXWw,isotropic,9012,jpeg50,self,114,boston:210,boston:101,15.679995,36.1773
boston_query_-U_cmO4sMoYmoNbCPpMXWw,white_box,9012,jpeg50,self,138,cph:94,boston:101,15.679998,36.1773
boston_query_-U_cmO4sMoYmoNbCPpMXWw,transfer_1,9012,jpeg50,self,104,boston:210,boston:101,15.680000,36.1773
boston_query_-U_cmO4sMoYmoNbCPpMXWw,transfer_2,9012,jpeg50,self,176,boston:210,boston:101,15.680000,36.1773
boston_query_-U_cmO4sMoYmoNbCPpMXWw,transfer_3,9012,jpeg50,self,141,cph:459,boston:101,15.680000,36.1773
cph_query_-UByBh5hYhNn4_dsHy73aA,isotropic,1234,jpeg50,self,1,cph:342,cph:342,15.679997,36.1773
cph_query_-UByBh5hYhNn4_dsHy73aA,white_box,1234,jpeg50,self,1,cph:342,cph:342,15.680000,36.1773
cph_query_-UByBh5hYhNn4_dsHy73aA,transfer_1,1234,jpeg50,self,1,cph:342,cph:342,15.679998,36.1773
cph_query_-UByBh5hYhNn4_dsHy73aA,transfer_2,1234,jpeg50,self,1,cph:342,cph:342,15.680000,36.1773
cph_query_-UByBh5hYhNn4_dsHy73aA,transfer_3,1234,jpeg50,self,1,cph:342,cph:342,15.680000,36.1773
cph_query_-UByBh5hYhNn4_dsHy73aA,isotropic,5678,jpeg50,self,1,cph:342,cph:342,15.680000,36.1773
cph_query_-UByBh5hYhNn4_dsHy73aA,white_box,5678,jpeg50,self,2,london:111,cph:342,15.680000,36.1773
cph_query_-UByBh5hYhNn4_dsHy73aA,transfer_1,5678,jpeg50,self,1,cph:342,cph:342,15.679998,36.1773
cph_query_-UByBh5hYhNn4_dsHy73aA,transfer_2,5678,jpeg50,self,1,cph:342,cph:342,15.679997,36.1773
cph_query_-UByBh5hYhNn4_dsHy73aA,transfer_3,5678,jpeg50,self,1,cph:342,cph:342,15.679997,36.1773
cph_query_-UByBh5hYhNn4_dsHy73aA,isotropic,9012,jpeg50,self,1,cph:342,cph:342,15.679997,36.1773
cph_query_-UByBh5hYhNn4_dsHy73aA,white_box,9012,jpeg50,self,1,cph:342,cph:342,15.680001,36.1773
cph_query_-UByBh5hYhNn4_dsHy73aA,transfer_1,9012,jpeg50,self,1,cph:342,cph:342,15.679998,36.1773
cph_query_-UByBh5hYhNn4_dsHy73aA,transfer_2,9012,jpeg50,self,1,cph:342,cph:342,15.679998,36.1773
cph_query_-UByBh5hYhNn4_dsHy73aA,transfer_3,9012,jpeg50,self,1,cph:342,cph:342,15.680000,36.1773
london_query_07oSFXlZ9SfPsHwsEZQFtA,isotropic,1234,jpeg50,self,28,london:51,london:76,15.679997,36.1773
london_query_07oSFXlZ9SfPsHwsEZQFtA,white_box,1234,jpeg50,self,227,london:75,london:76,15.680001,36.1773
london_query_07oSFXlZ9SfPsHwsEZQFtA,transfer_1,1234,jpeg50,self,21,nairobi:13,london:76,15.680000,36.1773
london_query_07oSFXlZ9SfPsHwsEZQFtA,transfer_2,1234,jpeg50,self,16,london:51,london:76,15.679997,36.1773
london_query_07oSFXlZ9SfPsHwsEZQFtA,transfer_3,1234,jpeg50,self,10,london:51,london:76,15.679997,36.1773
london_query_07oSFXlZ9SfPsHwsEZQFtA,isotropic,5678,jpeg50,self,28,london:51,london:76,15.680000,36.1773
london_query_07oSFXlZ9SfPsHwsEZQFtA,white_box,5678,jpeg50,self,191,boston:249,london:76,15.679998,36.1773
london_query_07oSFXlZ9SfPsHwsEZQFtA,transfer_1,5678,jpeg50,self,36,nairobi:13,london:76,15.680000,36.1773
london_query_07oSFXlZ9SfPsHwsEZQFtA,transfer_2,5678,jpeg50,self,18,london:51,london:76,15.679998,36.1773
london_query_07oSFXlZ9SfPsHwsEZQFtA,transfer_3,5678,jpeg50,self,21,zurich:35,london:76,15.680000,36.1773
london_query_07oSFXlZ9SfPsHwsEZQFtA,isotropic,9012,jpeg50,self,17,london:51,london:76,15.680000,36.1773
london_query_07oSFXlZ9SfPsHwsEZQFtA,white_box,9012,jpeg50,self,491,amman:31,london:76,15.680000,36.1773
london_query_07oSFXlZ9SfPsHwsEZQFtA,transfer_1,9012,jpeg50,self,29,london:51,london:76,15.680000,36.1773
london_query_07oSFXlZ9SfPsHwsEZQFtA,transfer_2,9012,jpeg50,self,32,nairobi:13,london:76,15.679997,36.1773
london_query_07oSFXlZ9SfPsHwsEZQFtA,transfer_3,9012,jpeg50,self,41,london:51,london:76,15.680001,36.1773
manila_query_-YswrllPgEq1Q_LYD0mD0A,isotropic,1234,jpeg50,self,65,manila:134,manila:181,15.679997,36.1773
manila_query_-YswrllPgEq1Q_LYD0mD0A,white_box,1234,jpeg50,self,462,manila:173,manila:181,15.680000,36.1773
manila_query_-YswrllPgEq1Q_LYD0mD0A,transfer_1,1234,jpeg50,self,40,manila:134,manila:181,15.680000,36.1773
manila_query_-YswrllPgEq1Q_LYD0mD0A,transfer_2,1234,jpeg50,self,53,manila:173,manila:181,15.680000,36.1773
manila_query_-YswrllPgEq1Q_LYD0mD0A,transfer_3,1234,jpeg50,self,40,manila:134,manila:181,15.680001,36.1773
manila_query_-YswrllPgEq1Q_LYD0mD0A,isotropic,5678,jpeg50,self,90,manila:134,manila:181,15.680000,36.1773
manila_query_-YswrllPgEq1Q_LYD0mD0A,white_box,5678,jpeg50,self,429,toronto:200,manila:181,15.680001,36.1773
manila_query_-YswrllPgEq1Q_LYD0mD0A,transfer_1,5678,jpeg50,self,52,manila:82,manila:181,15.679998,36.1773
manila_query_-YswrllPgEq1Q_LYD0mD0A,transfer_2,5678,jpeg50,self,40,manila:134,manila:181,15.680000,36.1773
manila_query_-YswrllPgEq1Q_LYD0mD0A,transfer_3,5678,jpeg50,self,32,boston:249,manila:181,15.679997,36.1773
manila_query_-YswrllPgEq1Q_LYD0mD0A,isotropic,9012,jpeg50,self,76,manila:134,manila:181,15.679997,36.1773
manila_query_-YswrllPgEq1Q_LYD0mD0A,white_box,9012,jpeg50,self,17,manila:190,manila:181,15.680000,36.1773
manila_query_-YswrllPgEq1Q_LYD0mD0A,transfer_1,9012,jpeg50,self,58,manila:173,manila:181,15.680000,36.1773
manila_query_-YswrllPgEq1Q_LYD0mD0A,transfer_2,9012,jpeg50,self,63,manila:134,manila:181,15.679998,36.1773
manila_query_-YswrllPgEq1Q_LYD0mD0A,transfer_3,9012,jpeg50,self,57,manila:173,manila:181,15.680002,36.1773
nairobi_query_3sAf0a7Z9MFOX5NACNEfkA,isotropic,1234,jpeg50,self,2,cph:241,nairobi:3,15.679997,36.1773
nairobi_query_3sAf0a7Z9MFOX5NACNEfkA,white_box,1234,jpeg50,self,167,toronto:23,nairobi:3,15.679998,36.1773
nairobi_query_3sAf0a7Z9MFOX5NACNEfkA,transfer_1,1234,jpeg50,self,4,cph:241,nairobi:3,15.679997,36.1773
nairobi_query_3sAf0a7Z9MFOX5NACNEfkA,transfer_2,1234,jpeg50,self,3,cph:241,nairobi:3,15.679997,36.1773
nairobi_query_3sAf0a7Z9MFOX5NACNEfkA,transfer_3,1234,jpeg50,self,3,cph:241,nairobi:3,15.680000,36.1773
nairobi_query_3sAf0a7Z9MFOX5NACNEfkA,isotropic,5678,jpeg50,self,3,cph:241,nairobi:3,15.679998,36.1773
nairobi_query_3sAf0a7Z9MFOX5NACNEfkA,white_box,5678,jpeg50,self,34,cph:241,nairobi:3,15.680001,36.1773
nairobi_query_3sAf0a7Z9MFOX5NACNEfkA,transfer_1,5678,jpeg50,self,3,toronto:23,nairobi:3,15.679997,36.1773
nairobi_query_3sAf0a7Z9MFOX5NACNEfkA,transfer_2,5678,jpeg50,self,10,toronto:23,nairobi:3,15.679997,36.1773
nairobi_query_3sAf0a7Z9MFOX5NACNEfkA,transfer_3,5678,jpeg50,self,11,toronto:346,nairobi:3,15.679998,36.1773
nairobi_query_3sAf0a7Z9MFOX5NACNEfkA,isotropic,9012,jpeg50,self,2,cph:241,nairobi:3,15.680000,36.1773
nairobi_query_3sAf0a7Z9MFOX5NACNEfkA,white_box,9012,jpeg50,self,85,cph:241,nairobi:3,15.680000,36.1773
nairobi_query_3sAf0a7Z9MFOX5NACNEfkA,transfer_1,9012,jpeg50,self,5,cph:241,nairobi:3,15.680000,36.1773
nairobi_query_3sAf0a7Z9MFOX5NACNEfkA,transfer_2,9012,jpeg50,self,8,cph:241,nairobi:3,15.680000,36.1773
nairobi_query_3sAf0a7Z9MFOX5NACNEfkA,transfer_3,9012,jpeg50,self,5,manila:181,nairobi:3,15.679997,36.1773
toronto_query_-L3Zos1U2E6AA3-ZO_eESA,isotropic,1234,jpeg50,self,56,zurich:42,toronto:253,15.680000,36.1773
toronto_query_-L3Zos1U2E6AA3-ZO_eESA,white_box,1234,jpeg50,self,1145,manila:92,toronto:253,15.679998,36.1773
toronto_query_-L3Zos1U2E6AA3-ZO_eESA,transfer_1,1234,jpeg50,self,159,amman:1,toronto:253,15.680000,36.1773
toronto_query_-L3Zos1U2E6AA3-ZO_eESA,transfer_2,1234,jpeg50,self,57,zurich:42,toronto:253,15.679997,36.1773
toronto_query_-L3Zos1U2E6AA3-ZO_eESA,transfer_3,1234,jpeg50,self,568,zurich:42,toronto:253,15.680000,36.1773
toronto_query_-L3Zos1U2E6AA3-ZO_eESA,isotropic,5678,jpeg50,self,51,amman:1,toronto:253,15.679996,36.1773
toronto_query_-L3Zos1U2E6AA3-ZO_eESA,white_box,5678,jpeg50,self,889,manila:92,toronto:253,15.680000,36.1773
toronto_query_-L3Zos1U2E6AA3-ZO_eESA,transfer_1,5678,jpeg50,self,101,amman:1,toronto:253,15.679997,36.1773
toronto_query_-L3Zos1U2E6AA3-ZO_eESA,transfer_2,5678,jpeg50,self,72,zurich:42,toronto:253,15.680001,36.1773
toronto_query_-L3Zos1U2E6AA3-ZO_eESA,transfer_3,5678,jpeg50,self,353,amman:1,toronto:253,15.679997,36.1773
toronto_query_-L3Zos1U2E6AA3-ZO_eESA,isotropic,9012,jpeg50,self,44,toronto:389,toronto:253,15.680002,36.1773
toronto_query_-L3Zos1U2E6AA3-ZO_eESA,white_box,9012,jpeg50,self,962,manila:92,toronto:253,15.680000,36.1773
toronto_query_-L3Zos1U2E6AA3-ZO_eESA,transfer_1,9012,jpeg50,self,92,amman:1,toronto:253,15.680000,36.1773
toronto_query_-L3Zos1U2E6AA3-ZO_eESA,transfer_2,9012,jpeg50,self,118,zurich:42,toronto:253,15.680000,36.1773
toronto_query_-L3Zos1U2E6AA3-ZO_eESA,transfer_3,9012,jpeg50,self,776,amman:1,toronto:253,15.679997,36.1773
zurich_query_0eG9-83f-Xafie9_84fDbg,isotropic,1234,jpeg50,self,5,toronto:244,zurich:105,15.680000,36.1773
zurich_query_0eG9-83f-Xafie9_84fDbg,white_box,1234,jpeg50,self,244,london:34,zurich:105,15.679998,36.1773
zurich_query_0eG9-83f-Xafie9_84fDbg,transfer_1,1234,jpeg50,self,3,toronto:244,zurich:105,15.679997,36.1773
zurich_query_0eG9-83f-Xafie9_84fDbg,transfer_2,1234,jpeg50,self,7,toronto:244,zurich:105,15.680000,36.1773
zurich_query_0eG9-83f-Xafie9_84fDbg,transfer_3,1234,jpeg50,self,4,toronto:196,zurich:105,15.680000,36.1773
zurich_query_0eG9-83f-Xafie9_84fDbg,isotropic,5678,jpeg50,self,6,toronto:244,zurich:105,15.679998,36.1773
zurich_query_0eG9-83f-Xafie9_84fDbg,white_box,5678,jpeg50,self,37,london:111,zurich:105,15.679997,36.1773
zurich_query_0eG9-83f-Xafie9_84fDbg,transfer_1,5678,jpeg50,self,5,toronto:244,zurich:105,15.680000,36.1773
zurich_query_0eG9-83f-Xafie9_84fDbg,transfer_2,5678,jpeg50,self,9,toronto:244,zurich:105,15.679997,36.1773
zurich_query_0eG9-83f-Xafie9_84fDbg,transfer_3,5678,jpeg50,self,5,toronto:244,zurich:105,15.680000,36.1773
zurich_query_0eG9-83f-Xafie9_84fDbg,isotropic,9012,jpeg50,self,5,toronto:244,zurich:105,15.680000,36.1773
zurich_query_0eG9-83f-Xafie9_84fDbg,white_box,9012,jpeg50,self,9,nairobi:10,zurich:105,15.679997,36.1773
zurich_query_0eG9-83f-Xafie9_84fDbg,transfer_1,9012,jpeg50,self,4,toronto:244,zurich:105,15.680000,36.1773
zurich_query_0eG9-83f-Xafie9_84fDbg,transfer_2,9012,jpeg50,self,4,toronto:244,zurich:105,15.679998,36.1773
zurich_query_0eG9-83f-Xafie9_84fDbg,transfer_3,9012,jpeg50,self,4,toronto:196,zurich:105,15.680000,36.1773
amman_query_2WNEczYwDdZlHE_2nYlE-A,isotropic,1234,jpeg50,self,398,amman:21,amman:0,15.680000,36.1773
amman_query_2WNEczYwDdZlHE_2nYlE-A,white_box,1234,jpeg50,self,661,zurich:33,amman:0,15.680000,36.1773
amman_query_2WNEczYwDdZlHE_2nYlE-A,transfer_1,1234,jpeg50,self,590,nairobi:12,amman:0,15.679997,36.1773
amman_query_2WNEczYwDdZlHE_2nYlE-A,transfer_2,1234,jpeg50,self,688,amman:21,amman:0,15.680001,36.1773
amman_query_2WNEczYwDdZlHE_2nYlE-A,transfer_3,1234,jpeg50,self,233,nairobi:12,amman:0,15.679997,36.1773
amman_query_2WNEczYwDdZlHE_2nYlE-A,isotropic,5678,jpeg50,self,325,nairobi:12,amman:0,15.680000,36.1773
amman_query_2WNEczYwDdZlHE_2nYlE-A,white_box,5678,jpeg50,self,71,amman:21,amman:0,15.680000,36.1773
amman_query_2WNEczYwDdZlHE_2nYlE-A,transfer_1,5678,jpeg50,self,577,boston:191,amman:0,15.679997,36.1773
amman_query_2WNEczYwDdZlHE_2nYlE-A,transfer_2,5678,jpeg50,self,350,toronto:196,amman:0,15.679997,36.1773
amman_query_2WNEczYwDdZlHE_2nYlE-A,transfer_3,5678,jpeg50,self,172,nairobi:12,amman:0,15.680000,36.1773
amman_query_2WNEczYwDdZlHE_2nYlE-A,isotropic,9012,jpeg50,self,542,amman:21,amman:0,15.679997,36.1773
amman_query_2WNEczYwDdZlHE_2nYlE-A,white_box,9012,jpeg50,self,107,toronto:196,amman:0,15.679998,36.1773
amman_query_2WNEczYwDdZlHE_2nYlE-A,transfer_1,9012,jpeg50,self,451,nairobi:12,amman:0,15.680000,36.1773
amman_query_2WNEczYwDdZlHE_2nYlE-A,transfer_2,9012,jpeg50,self,422,toronto:196,amman:0,15.679998,36.1773
amman_query_2WNEczYwDdZlHE_2nYlE-A,transfer_3,9012,jpeg50,self,431,amman:21,amman:0,15.679997,36.1773
boston_query_-VHXaQ_dj_14O-Bcn3u7zA,isotropic,1234,jpeg50,self,298,manila:143,boston:171,15.680000,36.1773
boston_query_-VHXaQ_dj_14O-Bcn3u7zA,white_box,1234,jpeg50,self,459,toronto:55,boston:171,15.680001,36.1773
boston_query_-VHXaQ_dj_14O-Bcn3u7zA,transfer_1,1234,jpeg50,self,313,manila:153,boston:171,15.680001,36.1773
boston_query_-VHXaQ_dj_14O-Bcn3u7zA,transfer_2,1234,jpeg50,self,212,manila:143,boston:171,15.680000,36.1773
boston_query_-VHXaQ_dj_14O-Bcn3u7zA,transfer_3,1234,jpeg50,self,93,amman:1,boston:171,15.680001,36.1773
boston_query_-VHXaQ_dj_14O-Bcn3u7zA,isotropic,5678,jpeg50,self,272,manila:143,boston:171,15.679998,36.1773
boston_query_-VHXaQ_dj_14O-Bcn3u7zA,white_box,5678,jpeg50,self,28,amman:15,boston:171,15.679998,36.1773
boston_query_-VHXaQ_dj_14O-Bcn3u7zA,transfer_1,5678,jpeg50,self,162,manila:153,boston:171,15.679998,36.1773
boston_query_-VHXaQ_dj_14O-Bcn3u7zA,transfer_2,5678,jpeg50,self,174,toronto:228,boston:171,15.679997,36.1773
boston_query_-VHXaQ_dj_14O-Bcn3u7zA,transfer_3,5678,jpeg50,self,124,cph:96,boston:171,15.679998,36.1773
boston_query_-VHXaQ_dj_14O-Bcn3u7zA,isotropic,9012,jpeg50,self,406,toronto:228,boston:171,15.679998,36.1773
boston_query_-VHXaQ_dj_14O-Bcn3u7zA,white_box,9012,jpeg50,self,29,cph:464,boston:171,15.679997,36.1773
boston_query_-VHXaQ_dj_14O-Bcn3u7zA,transfer_1,9012,jpeg50,self,270,toronto:228,boston:171,15.680000,36.1773
boston_query_-VHXaQ_dj_14O-Bcn3u7zA,transfer_2,9012,jpeg50,self,196,manila:143,boston:171,15.680000,36.1773
boston_query_-VHXaQ_dj_14O-Bcn3u7zA,transfer_3,9012,jpeg50,self,140,manila:143,boston:171,15.679996,36.1773
cph_query_-UO7OuMXuwPBrMEXSsFhNA,isotropic,1234,jpeg50,self,491,boston:191,cph:429,15.679997,36.1773
cph_query_-UO7OuMXuwPBrMEXSsFhNA,white_box,1234,jpeg50,self,847,boston:239,cph:429,15.680000,36.1773
cph_query_-UO7OuMXuwPBrMEXSsFhNA,transfer_1,1234,jpeg50,self,655,london:85,cph:429,15.679997,36.1773
cph_query_-UO7OuMXuwPBrMEXSsFhNA,transfer_2,1234,jpeg50,self,596,toronto:23,cph:429,15.679997,36.1773
cph_query_-UO7OuMXuwPBrMEXSsFhNA,transfer_3,1234,jpeg50,self,681,boston:90,cph:429,15.679997,36.1773
cph_query_-UO7OuMXuwPBrMEXSsFhNA,isotropic,5678,jpeg50,self,412,boston:191,cph:429,15.680000,36.1773
cph_query_-UO7OuMXuwPBrMEXSsFhNA,white_box,5678,jpeg50,self,52,cph:345,cph:429,15.680001,36.1773
cph_query_-UO7OuMXuwPBrMEXSsFhNA,transfer_1,5678,jpeg50,self,767,boston:90,cph:429,15.680000,36.1773
cph_query_-UO7OuMXuwPBrMEXSsFhNA,transfer_2,5678,jpeg50,self,846,boston:90,cph:429,15.679997,36.1773
cph_query_-UO7OuMXuwPBrMEXSsFhNA,transfer_3,5678,jpeg50,self,1038,london:85,cph:429,15.679997,36.1773
cph_query_-UO7OuMXuwPBrMEXSsFhNA,isotropic,9012,jpeg50,self,351,boston:191,cph:429,15.680000,36.1773
cph_query_-UO7OuMXuwPBrMEXSsFhNA,white_box,9012,jpeg50,self,118,manila:72,cph:429,15.680000,36.1773
cph_query_-UO7OuMXuwPBrMEXSsFhNA,transfer_1,9012,jpeg50,self,406,london:85,cph:429,15.680000,36.1773
cph_query_-UO7OuMXuwPBrMEXSsFhNA,transfer_2,9012,jpeg50,self,857,toronto:23,cph:429,15.679998,36.1773
cph_query_-UO7OuMXuwPBrMEXSsFhNA,transfer_3,9012,jpeg50,self,941,london:85,cph:429,15.679997,36.1773
london_query_08wp6QepyximP9UuP-ijLg,isotropic,1234,jpeg50,self,1,london:78,london:78,15.679998,36.1773
london_query_08wp6QepyximP9UuP-ijLg,white_box,1234,jpeg50,self,31,london:34,london:78,15.679997,36.1773
london_query_08wp6QepyximP9UuP-ijLg,transfer_1,1234,jpeg50,self,1,london:78,london:78,15.680000,36.1773
london_query_08wp6QepyximP9UuP-ijLg,transfer_2,1234,jpeg50,self,17,cph:176,london:78,15.679998,36.1773
london_query_08wp6QepyximP9UuP-ijLg,transfer_3,1234,jpeg50,self,7,cph:176,london:78,15.680001,36.1773
london_query_08wp6QepyximP9UuP-ijLg,isotropic,5678,jpeg50,self,1,london:78,london:78,15.680002,36.1773
london_query_08wp6QepyximP9UuP-ijLg,white_box,5678,jpeg50,self,6,london:119,london:78,15.679997,36.1773
london_query_08wp6QepyximP9UuP-ijLg,transfer_1,5678,jpeg50,self,1,london:78,london:78,15.680000,36.1773
london_query_08wp6QepyximP9UuP-ijLg,transfer_2,5678,jpeg50,self,4,boston:234,london:78,15.680000,36.1773
london_query_08wp6QepyximP9UuP-ijLg,transfer_3,5678,jpeg50,self,15,cph:176,london:78,15.680000,36.1773
london_query_08wp6QepyximP9UuP-ijLg,isotropic,9012,jpeg50,self,1,london:78,london:78,15.679997,36.1773
london_query_08wp6QepyximP9UuP-ijLg,white_box,9012,jpeg50,self,2,cph:342,london:78,15.680000,36.1773
london_query_08wp6QepyximP9UuP-ijLg,transfer_1,9012,jpeg50,self,1,london:78,london:78,15.680000,36.1773
london_query_08wp6QepyximP9UuP-ijLg,transfer_2,9012,jpeg50,self,21,boston:234,london:78,15.679998,36.1773
london_query_08wp6QepyximP9UuP-ijLg,transfer_3,9012,jpeg50,self,19,boston:234,london:78,15.679997,36.1773
manila_query_-Z3CXTi1QhF_Ste8t8vrJA,isotropic,1234,jpeg50,self,670,toronto:102,manila:16,15.680002,36.1773
manila_query_-Z3CXTi1QhF_Ste8t8vrJA,white_box,1234,jpeg50,self,424,manila:135,manila:16,15.679998,36.1773
manila_query_-Z3CXTi1QhF_Ste8t8vrJA,transfer_1,1234,jpeg50,self,634,manila:13,manila:16,15.679997,36.1773
manila_query_-Z3CXTi1QhF_Ste8t8vrJA,transfer_2,1234,jpeg50,self,719,manila:13,manila:16,15.680001,36.1773
manila_query_-Z3CXTi1QhF_Ste8t8vrJA,transfer_3,1234,jpeg50,self,878,manila:13,manila:16,15.679997,36.1773
manila_query_-Z3CXTi1QhF_Ste8t8vrJA,isotropic,5678,jpeg50,self,572,manila:13,manila:16,15.679997,36.1773
manila_query_-Z3CXTi1QhF_Ste8t8vrJA,white_box,5678,jpeg50,self,1067,manila:41,manila:16,15.680000,36.1773
manila_query_-Z3CXTi1QhF_Ste8t8vrJA,transfer_1,5678,jpeg50,self,681,manila:13,manila:16,15.679998,36.1773
manila_query_-Z3CXTi1QhF_Ste8t8vrJA,transfer_2,5678,jpeg50,self,795,manila:13,manila:16,15.679997,36.1773
manila_query_-Z3CXTi1QhF_Ste8t8vrJA,transfer_3,5678,jpeg50,self,778,manila:13,manila:16,15.679997,36.1773
manila_query_-Z3CXTi1QhF_Ste8t8vrJA,isotropic,9012,jpeg50,self,641,manila:13,manila:16,15.679998,36.1773
manila_query_-Z3CXTi1QhF_Ste8t8vrJA,white_box,9012,jpeg50,self,1086,manila:92,manila:16,15.679998,36.1773
manila_query_-Z3CXTi1QhF_Ste8t8vrJA,transfer_1,9012,jpeg50,self,765,manila:13,manila:16,15.679998,36.1773
manila_query_-Z3CXTi1QhF_Ste8t8vrJA,transfer_2,9012,jpeg50,self,1072,manila:13,manila:16,15.679998,36.1773
manila_query_-Z3CXTi1QhF_Ste8t8vrJA,transfer_3,9012,jpeg50,self,1073,manila:13,manila:16,15.680000,36.1773
nairobi_query_3vVoHZDD0-kVhbBxDTYEjw,isotropic,1234,jpeg50,self,34,cph:459,nairobi:10,15.679998,36.1773
nairobi_query_3vVoHZDD0-kVhbBxDTYEjw,white_box,1234,jpeg50,self,118,manila:67,nairobi:10,15.679997,36.1773
nairobi_query_3vVoHZDD0-kVhbBxDTYEjw,transfer_1,1234,jpeg50,self,69,cph:459,nairobi:10,15.680000,36.1773
nairobi_query_3vVoHZDD0-kVhbBxDTYEjw,transfer_2,1234,jpeg50,self,29,cph:429,nairobi:10,15.680000,36.1773
nairobi_query_3vVoHZDD0-kVhbBxDTYEjw,transfer_3,1234,jpeg50,self,117,cph:429,nairobi:10,15.679997,36.1773
nairobi_query_3vVoHZDD0-kVhbBxDTYEjw,isotropic,5678,jpeg50,self,30,cph:459,nairobi:10,15.679997,36.1773
nairobi_query_3vVoHZDD0-kVhbBxDTYEjw,white_box,5678,jpeg50,self,78,manila:67,nairobi:10,15.680000,36.1773
nairobi_query_3vVoHZDD0-kVhbBxDTYEjw,transfer_1,5678,jpeg50,self,124,cph:459,nairobi:10,15.679997,36.1773
nairobi_query_3vVoHZDD0-kVhbBxDTYEjw,transfer_2,5678,jpeg50,self,97,cph:459,nairobi:10,15.679998,36.1773
nairobi_query_3vVoHZDD0-kVhbBxDTYEjw,transfer_3,5678,jpeg50,self,88,cph:429,nairobi:10,15.680000,36.1773
nairobi_query_3vVoHZDD0-kVhbBxDTYEjw,isotropic,9012,jpeg50,self,45,cph:464,nairobi:10,15.679996,36.1773
nairobi_query_3vVoHZDD0-kVhbBxDTYEjw,white_box,9012,jpeg50,self,71,manila:134,nairobi:10,15.680000,36.1773
nairobi_query_3vVoHZDD0-kVhbBxDTYEjw,transfer_1,9012,jpeg50,self,64,cph:459,nairobi:10,15.679997,36.1773
nairobi_query_3vVoHZDD0-kVhbBxDTYEjw,transfer_2,9012,jpeg50,self,66,cph:429,nairobi:10,15.679997,36.1773
nairobi_query_3vVoHZDD0-kVhbBxDTYEjw,transfer_3,9012,jpeg50,self,83,cph:459,nairobi:10,15.679998,36.1773
toronto_query_-LZN7DIyP80uvFh2O8KVXw,isotropic,1234,jpeg50,self,3,zurich:111,toronto:366,15.680000,36.1773
toronto_query_-LZN7DIyP80uvFh2O8KVXw,white_box,1234,jpeg50,self,105,zurich:33,toronto:366,15.680000,36.1773
toronto_query_-LZN7DIyP80uvFh2O8KVXw,transfer_1,1234,jpeg50,self,20,amman:12,toronto:366,15.680000,36.1773
toronto_query_-LZN7DIyP80uvFh2O8KVXw,transfer_2,1234,jpeg50,self,37,cph:464,toronto:366,15.680001,36.1773
toronto_query_-LZN7DIyP80uvFh2O8KVXw,transfer_3,1234,jpeg50,self,33,nairobi:22,toronto:366,15.680002,36.1773
toronto_query_-LZN7DIyP80uvFh2O8KVXw,isotropic,5678,jpeg50,self,7,boston:191,toronto:366,15.680000,36.1773
toronto_query_-LZN7DIyP80uvFh2O8KVXw,white_box,5678,jpeg50,self,115,manila:143,toronto:366,15.680000,36.1773
toronto_query_-LZN7DIyP80uvFh2O8KVXw,transfer_1,5678,jpeg50,self,9,boston:191,toronto:366,15.679997,36.1773
toronto_query_-LZN7DIyP80uvFh2O8KVXw,transfer_2,5678,jpeg50,self,41,amman:12,toronto:366,15.680000,36.1773
toronto_query_-LZN7DIyP80uvFh2O8KVXw,transfer_3,5678,jpeg50,self,42,cph:464,toronto:366,15.679998,36.1773
toronto_query_-LZN7DIyP80uvFh2O8KVXw,isotropic,9012,jpeg50,self,4,zurich:111,toronto:366,15.680000,36.1773
toronto_query_-LZN7DIyP80uvFh2O8KVXw,white_box,9012,jpeg50,self,21,boston:123,toronto:366,15.679997,36.1773
toronto_query_-LZN7DIyP80uvFh2O8KVXw,transfer_1,9012,jpeg50,self,16,amman:21,toronto:366,15.680001,36.1773
toronto_query_-LZN7DIyP80uvFh2O8KVXw,transfer_2,9012,jpeg50,self,11,boston:191,toronto:366,15.679998,36.1773
toronto_query_-LZN7DIyP80uvFh2O8KVXw,transfer_3,9012,jpeg50,self,42,cph:464,toronto:366,15.679997,36.1773
zurich_query_0g61-9tYhD3Y5qh7eiB92g,isotropic,1234,jpeg50,self,1,zurich:22,zurich:22,15.680000,36.1773
zurich_query_0g61-9tYhD3Y5qh7eiB92g,white_box,1234,jpeg50,self,1,zurich:22,zurich:22,15.680001,36.1773
zurich_query_0g61-9tYhD3Y5qh7eiB92g,transfer_1,1234,jpeg50,self,2,zurich:42,zurich:22,15.680001,36.1773
zurich_query_0g61-9tYhD3Y5qh7eiB92g,transfer_2,1234,jpeg50,self,1,zurich:22,zurich:22,15.679997,36.1773
zurich_query_0g61-9tYhD3Y5qh7eiB92g,transfer_3,1234,jpeg50,self,2,amman:1,zurich:22,15.680002,36.1773
zurich_query_0g61-9tYhD3Y5qh7eiB92g,isotropic,5678,jpeg50,self,5,cph:459,zurich:22,15.680000,36.1773
zurich_query_0g61-9tYhD3Y5qh7eiB92g,white_box,5678,jpeg50,self,4,zurich:19,zurich:22,15.680000,36.1773
zurich_query_0g61-9tYhD3Y5qh7eiB92g,transfer_1,5678,jpeg50,self,1,zurich:22,zurich:22,15.680000,36.1773
zurich_query_0g61-9tYhD3Y5qh7eiB92g,transfer_2,5678,jpeg50,self,1,zurich:22,zurich:22,15.680000,36.1773
zurich_query_0g61-9tYhD3Y5qh7eiB92g,transfer_3,5678,jpeg50,self,1,zurich:22,zurich:22,15.679997,36.1773
zurich_query_0g61-9tYhD3Y5qh7eiB92g,isotropic,9012,jpeg50,self,2,amman:1,zurich:22,15.679997,36.1773
zurich_query_0g61-9tYhD3Y5qh7eiB92g,white_box,9012,jpeg50,self,4,amman:23,zurich:22,15.680000,36.1773
zurich_query_0g61-9tYhD3Y5qh7eiB92g,transfer_1,9012,jpeg50,self,1,zurich:22,zurich:22,15.679998,36.1773
zurich_query_0g61-9tYhD3Y5qh7eiB92g,transfer_2,9012,jpeg50,self,1,zurich:22,zurich:22,15.680000,36.1773
zurich_query_0g61-9tYhD3Y5qh7eiB92g,transfer_3,9012,jpeg50,self,2,amman:1,zurich:22,15.679997,36.1773
amman_query_2amxr5vdbo4jgViAEELT_Q,isotropic,1234,jpeg50,self,1850,amman:1,amman:37,15.679998,36.1773
amman_query_2amxr5vdbo4jgViAEELT_Q,white_box,1234,jpeg50,self,1686,manila:190,amman:37,15.679997,36.1773
amman_query_2amxr5vdbo4jgViAEELT_Q,transfer_1,1234,jpeg50,self,1839,zurich:19,amman:37,15.680000,36.1773
amman_query_2amxr5vdbo4jgViAEELT_Q,transfer_2,1234,jpeg50,self,1796,toronto:23,amman:37,15.679998,36.1773
amman_query_2amxr5vdbo4jgViAEELT_Q,transfer_3,1234,jpeg50,self,1852,amman:1,amman:37,15.680000,36.1773
amman_query_2amxr5vdbo4jgViAEELT_Q,isotropic,5678,jpeg50,self,1886,amman:1,amman:37,15.680000,36.1773
amman_query_2amxr5vdbo4jgViAEELT_Q,white_box,5678,jpeg50,self,1730,manila:190,amman:37,15.679997,36.1773
amman_query_2amxr5vdbo4jgViAEELT_Q,transfer_1,5678,jpeg50,self,1908,amman:1,amman:37,15.679997,36.1773
amman_query_2amxr5vdbo4jgViAEELT_Q,transfer_2,5678,jpeg50,self,1942,amman:1,amman:37,15.679997,36.1773
amman_query_2amxr5vdbo4jgViAEELT_Q,transfer_3,5678,jpeg50,self,1915,amman:1,amman:37,15.680000,36.1773
amman_query_2amxr5vdbo4jgViAEELT_Q,isotropic,9012,jpeg50,self,1870,amman:1,amman:37,15.679998,36.1773
amman_query_2amxr5vdbo4jgViAEELT_Q,white_box,9012,jpeg50,self,1983,zurich:33,amman:37,15.679997,36.1773
amman_query_2amxr5vdbo4jgViAEELT_Q,transfer_1,9012,jpeg50,self,1874,amman:1,amman:37,15.680000,36.1773
amman_query_2amxr5vdbo4jgViAEELT_Q,transfer_2,9012,jpeg50,self,1903,amman:1,amman:37,15.679997,36.1773
amman_query_2amxr5vdbo4jgViAEELT_Q,transfer_3,9012,jpeg50,self,1937,amman:1,amman:37,15.679997,36.1773
boston_query_-WNRbaGc8Yukh-LWnRNe5O,isotropic,1234,jpeg50,self,12,boston:123,boston:99,15.679998,36.1773
boston_query_-WNRbaGc8Yukh-LWnRNe5O,white_box,1234,jpeg50,self,336,amman:12,boston:99,15.680000,36.1773
boston_query_-WNRbaGc8Yukh-LWnRNe5O,transfer_1,1234,jpeg50,self,15,boston:98,boston:99,15.680001,36.1773
boston_query_-WNRbaGc8Yukh-LWnRNe5O,transfer_2,1234,jpeg50,self,118,amman:26,boston:99,15.679998,36.1773
boston_query_-WNRbaGc8Yukh-LWnRNe5O,transfer_3,1234,jpeg50,self,52,zurich:65,boston:99,15.679998,36.1773
boston_query_-WNRbaGc8Yukh-LWnRNe5O,isotropic,5678,jpeg50,self,10,boston:98,boston:99,15.679996,36.1773
boston_query_-WNRbaGc8Yukh-LWnRNe5O,white_box,5678,jpeg50,self,332,manila:106,boston:99,15.679998,36.1773
boston_query_-WNRbaGc8Yukh-LWnRNe5O,transfer_1,5678,jpeg50,self,64,zurich:65,boston:99,15.679997,36.1773
boston_query_-WNRbaGc8Yukh-LWnRNe5O,transfer_2,5678,jpeg50,self,70,amman:26,boston:99,15.680000,36.1773
boston_query_-WNRbaGc8Yukh-LWnRNe5O,transfer_3,5678,jpeg50,self,104,zurich:65,boston:99,15.679998,36.1773
boston_query_-WNRbaGc8Yukh-LWnRNe5O,isotropic,9012,jpeg50,self,6,zurich:65,boston:99,15.680000,36.1773
boston_query_-WNRbaGc8Yukh-LWnRNe5O,white_box,9012,jpeg50,self,426,amman:22,boston:99,15.679998,36.1773
boston_query_-WNRbaGc8Yukh-LWnRNe5O,transfer_1,9012,jpeg50,self,33,zurich:65,boston:99,15.680000,36.1773
boston_query_-WNRbaGc8Yukh-LWnRNe5O,transfer_2,9012,jpeg50,self,65,zurich:65,boston:99,15.680000,36.1773
boston_query_-WNRbaGc8Yukh-LWnRNe5O,transfer_3,9012,jpeg50,self,60,zurich:65,boston:99,15.680000,36.1773
cph_query_-V4aUy1yd0AbFfY-xX0BAg,isotropic,1234,jpeg50,self,2,cph:356,cph:500,15.680000,36.1773
cph_query_-V4aUy1yd0AbFfY-xX0BAg,white_box,1234,jpeg50,self,13,cph:342,cph:500,15.680000,36.1773
cph_query_-V4aUy1yd0AbFfY-xX0BAg,transfer_1,1234,jpeg50,self,1,cph:500,cph:500,15.680000,36.1773
cph_query_-V4aUy1yd0AbFfY-xX0BAg,transfer_2,1234,jpeg50,self,1,cph:500,cph:500,15.679997,36.1773
cph_query_-V4aUy1yd0AbFfY-xX0BAg,transfer_3,1234,jpeg50,self,1,cph:500,cph:500,15.680002,36.1773
cph_query_-V4aUy1yd0AbFfY-xX0BAg,isotropic,5678,jpeg50,self,1,cph:500,cph:500,15.679998,36.1773
cph_query_-V4aUy1yd0AbFfY-xX0BAg,white_box,5678,jpeg50,self,33,manila:135,cph:500,15.679997,36.1773
cph_query_-V4aUy1yd0AbFfY-xX0BAg,transfer_1,5678,jpeg50,self,1,cph:500,cph:500,15.679998,36.1773
cph_query_-V4aUy1yd0AbFfY-xX0BAg,transfer_2,5678,jpeg50,self,1,cph:500,cph:500,15.679997,36.1773
cph_query_-V4aUy1yd0AbFfY-xX0BAg,transfer_3,5678,jpeg50,self,1,cph:500,cph:500,15.680000,36.1773
cph_query_-V4aUy1yd0AbFfY-xX0BAg,isotropic,9012,jpeg50,self,1,cph:500,cph:500,15.680000,36.1773
cph_query_-V4aUy1yd0AbFfY-xX0BAg,white_box,9012,jpeg50,self,9,zurich:33,cph:500,15.680000,36.1773
cph_query_-V4aUy1yd0AbFfY-xX0BAg,transfer_1,9012,jpeg50,self,1,cph:500,cph:500,15.680000,36.1773
cph_query_-V4aUy1yd0AbFfY-xX0BAg,transfer_2,9012,jpeg50,self,1,cph:500,cph:500,15.679998,36.1773
cph_query_-V4aUy1yd0AbFfY-xX0BAg,transfer_3,9012,jpeg50,self,2,cph:356,cph:500,15.680002,36.1773
london_query_09P-tDZlSTWY4XNCcRZ_-g,isotropic,1234,jpeg50,self,7,toronto:236,london:129,15.680001,36.1773
london_query_09P-tDZlSTWY4XNCcRZ_-g,white_box,1234,jpeg50,self,86,nairobi:22,london:129,15.679997,36.1773
london_query_09P-tDZlSTWY4XNCcRZ_-g,transfer_1,1234,jpeg50,self,2,london:119,london:129,15.679997,36.1773
london_query_09P-tDZlSTWY4XNCcRZ_-g,transfer_2,1234,jpeg50,self,2,boston:79,london:129,15.679997,36.1773
london_query_09P-tDZlSTWY4XNCcRZ_-g,transfer_3,1234,jpeg50,self,14,toronto:236,london:129,15.680000,36.1773
london_query_09P-tDZlSTWY4XNCcRZ_-g,isotropic,5678,jpeg50,self,7,toronto:273,london:129,15.680000,36.1773
london_query_09P-tDZlSTWY4XNCcRZ_-g,white_box,5678,jpeg50,self,72,toronto:55,london:129,15.679998,36.1773
london_query_09P-tDZlSTWY4XNCcRZ_-g,transfer_1,5678,jpeg50,self,2,boston:79,london:129,15.679998,36.1773
london_query_09P-tDZlSTWY4XNCcRZ_-g,transfer_2,5678,jpeg50,self,5,toronto:251,london:129,15.680000,36.1773
london_query_09P-tDZlSTWY4XNCcRZ_-g,transfer_3,5678,jpeg50,self,44,toronto:236,london:129,15.679997,36.1773
london_query_09P-tDZlSTWY4XNCcRZ_-g,isotropic,9012,jpeg50,self,3,london:119,london:129,15.680002,36.1773
london_query_09P-tDZlSTWY4XNCcRZ_-g,white_box,9012,jpeg50,self,126,zurich:30,london:129,15.679997,36.1773
london_query_09P-tDZlSTWY4XNCcRZ_-g,transfer_1,9012,jpeg50,self,18,boston:79,london:129,15.680001,36.1773
london_query_09P-tDZlSTWY4XNCcRZ_-g,transfer_2,9012,jpeg50,self,2,boston:79,london:129,15.679998,36.1773
london_query_09P-tDZlSTWY4XNCcRZ_-g,transfer_3,9012,jpeg50,self,12,boston:79,london:129,15.680000,36.1773
manila_query_-ZbYcdqL0C0ximLGFEriNA,isotropic,1234,jpeg50,self,232,cph:464,manila:51,15.679998,36.1773
manila_query_-ZbYcdqL0C0ximLGFEriNA,white_box,1234,jpeg50,self,202,nairobi:22,manila:51,15.680000,36.1773
manila_query_-ZbYcdqL0C0ximLGFEriNA,transfer_1,1234,jpeg50,self,193,cph:464,manila:51,15.679997,36.1773
manila_query_-ZbYcdqL0C0ximLGFEriNA,transfer_2,1234,jpeg50,self,338,cph:464,manila:51,15.679998,36.1773
manila_query_-ZbYcdqL0C0ximLGFEriNA,transfer_3,1234,jpeg50,self,365,cph:464,manila:51,15.679997,36.1773
manila_query_-ZbYcdqL0C0ximLGFEriNA,isotropic,5678,jpeg50,self,217,cph:464,manila:51,15.680000,36.1773
manila_query_-ZbYcdqL0C0ximLGFEriNA,white_box,5678,jpeg50,self,48,nairobi:22,manila:51,15.680000,36.1773
manila_query_-ZbYcdqL0C0ximLGFEriNA,transfer_1,5678,jpeg50,self,198,cph:464,manila:51,15.680000,36.1773
manila_query_-ZbYcdqL0C0ximLGFEriNA,transfer_2,5678,jpeg50,self,325,cph:464,manila:51,15.679998,36.1773
manila_query_-ZbYcdqL0C0ximLGFEriNA,transfer_3,5678,jpeg50,self,276,manila:181,manila:51,15.680000,36.1773
manila_query_-ZbYcdqL0C0ximLGFEriNA,isotropic,9012,jpeg50,self,279,cph:464,manila:51,15.679998,36.1773
manila_query_-ZbYcdqL0C0ximLGFEriNA,white_box,9012,jpeg50,self,889,amman:23,manila:51,15.680001,36.1773
manila_query_-ZbYcdqL0C0ximLGFEriNA,transfer_1,9012,jpeg50,self,356,cph:464,manila:51,15.679997,36.1773
manila_query_-ZbYcdqL0C0ximLGFEriNA,transfer_2,9012,jpeg50,self,389,cph:464,manila:51,15.680000,36.1773
manila_query_-ZbYcdqL0C0ximLGFEriNA,transfer_3,9012,jpeg50,self,336,manila:6,manila:51,15.679998,36.1773
nairobi_query_3zSInmaUjlNkUR45dqrSLg,isotropic,1234,jpeg50,self,105,cph:459,nairobi:10,15.680001,36.1773
nairobi_query_3zSInmaUjlNkUR45dqrSLg,white_box,1234,jpeg50,self,82,cph:96,nairobi:10,15.680001,36.1773
nairobi_query_3zSInmaUjlNkUR45dqrSLg,transfer_1,1234,jpeg50,self,42,cph:33,nairobi:10,15.680001,36.1773
nairobi_query_3zSInmaUjlNkUR45dqrSLg,transfer_2,1234,jpeg50,self,54,cph:33,nairobi:10,15.680000,36.1773
nairobi_query_3zSInmaUjlNkUR45dqrSLg,transfer_3,1234,jpeg50,self,91,amman:1,nairobi:10,15.679998,36.1773
nairobi_query_3zSInmaUjlNkUR45dqrSLg,isotropic,5678,jpeg50,self,36,cph:459,nairobi:10,15.679997,36.1773
nairobi_query_3zSInmaUjlNkUR45dqrSLg,white_box,5678,jpeg50,self,5,amman:1,nairobi:10,15.680000,36.1773
nairobi_query_3zSInmaUjlNkUR45dqrSLg,transfer_1,5678,jpeg50,self,47,cph:33,nairobi:10,15.680000,36.1773
nairobi_query_3zSInmaUjlNkUR45dqrSLg,transfer_2,5678,jpeg50,self,100,amman:1,nairobi:10,15.680000,36.1773
nairobi_query_3zSInmaUjlNkUR45dqrSLg,transfer_3,5678,jpeg50,self,84,amman:1,nairobi:10,15.679998,36.1773
nairobi_query_3zSInmaUjlNkUR45dqrSLg,isotropic,9012,jpeg50,self,29,cph:33,nairobi:10,15.679996,36.1773
nairobi_query_3zSInmaUjlNkUR45dqrSLg,white_box,9012,jpeg50,self,82,amman:1,nairobi:10,15.679998,36.1773
nairobi_query_3zSInmaUjlNkUR45dqrSLg,transfer_1,9012,jpeg50,self,34,boston:216,nairobi:10,15.680000,36.1773
nairobi_query_3zSInmaUjlNkUR45dqrSLg,transfer_2,9012,jpeg50,self,77,amman:1,nairobi:10,15.680001,36.1773
nairobi_query_3zSInmaUjlNkUR45dqrSLg,transfer_3,9012,jpeg50,self,69,amman:1,nairobi:10,15.679998,36.1773
toronto_query_-M3eMqHp0OhecS-hoh58aQ,isotropic,1234,jpeg50,self,21,amman:21,toronto:354,15.679998,36.1773
toronto_query_-M3eMqHp0OhecS-hoh58aQ,white_box,1234,jpeg50,self,84,amman:21,toronto:354,15.680000,36.1773
toronto_query_-M3eMqHp0OhecS-hoh58aQ,transfer_1,1234,jpeg50,self,35,manila:143,toronto:354,15.680000,36.1773
toronto_query_-M3eMqHp0OhecS-hoh58aQ,transfer_2,1234,jpeg50,self,39,manila:143,toronto:354,15.680000,36.1773
toronto_query_-M3eMqHp0OhecS-hoh58aQ,transfer_3,1234,jpeg50,self,26,amman:21,toronto:354,15.679996,36.1773
toronto_query_-M3eMqHp0OhecS-hoh58aQ,isotropic,5678,jpeg50,self,50,amman:21,toronto:354,15.679998,36.1773
toronto_query_-M3eMqHp0OhecS-hoh58aQ,white_box,5678,jpeg50,self,218,amman:21,toronto:354,15.679997,36.1773
toronto_query_-M3eMqHp0OhecS-hoh58aQ,transfer_1,5678,jpeg50,self,21,manila:143,toronto:354,15.679997,36.1773
toronto_query_-M3eMqHp0OhecS-hoh58aQ,transfer_2,5678,jpeg50,self,12,amman:21,toronto:354,15.679998,36.1773
toronto_query_-M3eMqHp0OhecS-hoh58aQ,transfer_3,5678,jpeg50,self,57,amman:21,toronto:354,15.680000,36.1773
toronto_query_-M3eMqHp0OhecS-hoh58aQ,isotropic,9012,jpeg50,self,36,amman:21,toronto:354,15.680000,36.1773
toronto_query_-M3eMqHp0OhecS-hoh58aQ,white_box,9012,jpeg50,self,300,toronto:218,toronto:354,15.679998,36.1773
toronto_query_-M3eMqHp0OhecS-hoh58aQ,transfer_1,9012,jpeg50,self,20,amman:21,toronto:354,15.679997,36.1773
toronto_query_-M3eMqHp0OhecS-hoh58aQ,transfer_2,9012,jpeg50,self,50,amman:21,toronto:354,15.680000,36.1773
toronto_query_-M3eMqHp0OhecS-hoh58aQ,transfer_3,9012,jpeg50,self,74,amman:21,toronto:354,15.680001,36.1773
zurich_query_0gHh8OHgmM804LVr0Ocrag,isotropic,1234,jpeg50,self,25,toronto:244,zurich:35,15.679997,36.1773
zurich_query_0gHh8OHgmM804LVr0Ocrag,white_box,1234,jpeg50,self,65,zurich:22,zurich:35,15.679998,36.1773
zurich_query_0gHh8OHgmM804LVr0Ocrag,transfer_1,1234,jpeg50,self,5,toronto:244,zurich:35,15.679997,36.1773
zurich_query_0gHh8OHgmM804LVr0Ocrag,transfer_2,1234,jpeg50,self,15,toronto:244,zurich:35,15.680001,36.1773
zurich_query_0gHh8OHgmM804LVr0Ocrag,transfer_3,1234,jpeg50,self,14,toronto:244,zurich:35,15.680000,36.1773
zurich_query_0gHh8OHgmM804LVr0Ocrag,isotropic,5678,jpeg50,self,31,cph:261,zurich:35,15.680000,36.1773
zurich_query_0gHh8OHgmM804LVr0Ocrag,white_box,5678,jpeg50,self,10,boston:234,zurich:35,15.679998,36.1773
zurich_query_0gHh8OHgmM804LVr0Ocrag,transfer_1,5678,jpeg50,self,13,toronto:244,zurich:35,15.680000,36.1773
zurich_query_0gHh8OHgmM804LVr0Ocrag,transfer_2,5678,jpeg50,self,10,toronto:244,zurich:35,15.680000,36.1773
zurich_query_0gHh8OHgmM804LVr0Ocrag,transfer_3,5678,jpeg50,self,3,toronto:244,zurich:35,15.679998,36.1773
zurich_query_0gHh8OHgmM804LVr0Ocrag,isotropic,9012,jpeg50,self,17,cph:261,zurich:35,15.680000,36.1773
zurich_query_0gHh8OHgmM804LVr0Ocrag,white_box,9012,jpeg50,self,3,boston:234,zurich:35,15.679998,36.1773
zurich_query_0gHh8OHgmM804LVr0Ocrag,transfer_1,9012,jpeg50,self,7,toronto:244,zurich:35,15.680000,36.1773
zurich_query_0gHh8OHgmM804LVr0Ocrag,transfer_2,9012,jpeg50,self,11,toronto:244,zurich:35,15.679997,36.1773
zurich_query_0gHh8OHgmM804LVr0Ocrag,transfer_3,9012,jpeg50,self,2,toronto:244,zurich:35,15.679996,36.1773
amman_query_2ar5B6f1xOYuU4wn7CLEJg,isotropic,1234,jpeg50,self,108,amman:23,amman:18,15.680000,36.1773
amman_query_2ar5B6f1xOYuU4wn7CLEJg,white_box,1234,jpeg50,self,17,amman:32,amman:18,15.680000,36.1773
amman_query_2ar5B6f1xOYuU4wn7CLEJg,transfer_1,1234,jpeg50,self,87,amman:23,amman:18,15.680002,36.1773
amman_query_2ar5B6f1xOYuU4wn7CLEJg,transfer_2,1234,jpeg50,self,75,amman:23,amman:18,15.679998,36.1773
amman_query_2ar5B6f1xOYuU4wn7CLEJg,transfer_3,1234,jpeg50,self,99,amman:23,amman:18,15.679998,36.1773
amman_query_2ar5B6f1xOYuU4wn7CLEJg,isotropic,5678,jpeg50,self,132,amman:23,amman:18,15.679997,36.1773
amman_query_2ar5B6f1xOYuU4wn7CLEJg,white_box,5678,jpeg50,self,24,amman:32,amman:18,15.680000,36.1773
amman_query_2ar5B6f1xOYuU4wn7CLEJg,transfer_1,5678,jpeg50,self,124,amman:23,amman:18,15.679997,36.1773
amman_query_2ar5B6f1xOYuU4wn7CLEJg,transfer_2,5678,jpeg50,self,71,amman:23,amman:18,15.680000,36.1773
amman_query_2ar5B6f1xOYuU4wn7CLEJg,transfer_3,5678,jpeg50,self,118,amman:23,amman:18,15.679998,36.1773
amman_query_2ar5B6f1xOYuU4wn7CLEJg,isotropic,9012,jpeg50,self,96,amman:23,amman:18,15.680000,36.1773
amman_query_2ar5B6f1xOYuU4wn7CLEJg,white_box,9012,jpeg50,self,529,toronto:196,amman:18,15.679997,36.1773
amman_query_2ar5B6f1xOYuU4wn7CLEJg,transfer_1,9012,jpeg50,self,144,amman:23,amman:18,15.679997,36.1773
amman_query_2ar5B6f1xOYuU4wn7CLEJg,transfer_2,9012,jpeg50,self,132,amman:23,amman:18,15.680000,36.1773
amman_query_2ar5B6f1xOYuU4wn7CLEJg,transfer_3,9012,jpeg50,self,183,amman:23,amman:18,15.680000,36.1773
boston_query_-XLBZG628HbrD4FlfLBryQ,isotropic,1234,jpeg50,self,1,boston:237,boston:237,15.680001,36.1773
boston_query_-XLBZG628HbrD4FlfLBryQ,white_box,1234,jpeg50,self,36,manila:72,boston:237,15.679997,36.1773
boston_query_-XLBZG628HbrD4FlfLBryQ,transfer_1,1234,jpeg50,self,1,boston:237,boston:237,15.679998,36.1773
boston_query_-XLBZG628HbrD4FlfLBryQ,transfer_2,1234,jpeg50,self,2,boston:90,boston:237,15.680000,36.1773
boston_query_-XLBZG628HbrD4FlfLBryQ,transfer_3,1234,jpeg50,self,11,boston:90,boston:237,15.679997,36.1773
boston_query_-XLBZG628HbrD4FlfLBryQ,isotropic,5678,jpeg50,self,5,zurich:42,boston:237,15.679997,36.1773
boston_query_-XLBZG628HbrD4FlfLBryQ,white_box,5678,jpeg50,self,69,amman:23,boston:237,15.679998,36.1773
boston_query_-XLBZG628HbrD4FlfLBryQ,transfer_1,5678,jpeg50,self,4,zurich:42,boston:237,15.679998,36.1773
boston_query_-XLBZG628HbrD4FlfLBryQ,transfer_2,5678,jpeg50,self,13,boston:90,boston:237,15.680000,36.1773
boston_query_-XLBZG628HbrD4FlfLBryQ,transfer_3,5678,jpeg50,self,10,boston:90,boston:237,15.679997,36.1773
boston_query_-XLBZG628HbrD4FlfLBryQ,isotropic,9012,jpeg50,self,4,boston:90,boston:237,15.679998,36.1773
boston_query_-XLBZG628HbrD4FlfLBryQ,white_box,9012,jpeg50,self,18,amman:23,boston:237,15.680001,36.1773
boston_query_-XLBZG628HbrD4FlfLBryQ,transfer_1,9012,jpeg50,self,4,boston:90,boston:237,15.680000,36.1773
boston_query_-XLBZG628HbrD4FlfLBryQ,transfer_2,9012,jpeg50,self,4,boston:90,boston:237,15.679997,36.1773
boston_query_-XLBZG628HbrD4FlfLBryQ,transfer_3,9012,jpeg50,self,13,amman:23,boston:237,15.679997,36.1773
cph_query_-VfD_cIsQvsNIbCy3tCgQQ,isotropic,1234,jpeg50,self,26,cph:464,cph:375,15.679998,36.1773
cph_query_-VfD_cIsQvsNIbCy3tCgQQ,white_box,1234,jpeg50,self,30,cph:245,cph:375,15.679997,36.1773
cph_query_-VfD_cIsQvsNIbCy3tCgQQ,transfer_1,1234,jpeg50,self,48,toronto:273,cph:375,15.679998,36.1773
cph_query_-VfD_cIsQvsNIbCy3tCgQQ,transfer_2,1234,jpeg50,self,30,toronto:273,cph:375,15.680000,36.1773
cph_query_-VfD_cIsQvsNIbCy3tCgQQ,transfer_3,1234,jpeg50,self,26,amman:1,cph:375,15.679998,36.1773
cph_query_-VfD_cIsQvsNIbCy3tCgQQ,isotropic,5678,jpeg50,self,23,toronto:196,cph:375,15.680000,36.1773
cph_query_-VfD_cIsQvsNIbCy3tCgQQ,white_box,5678,jpeg50,self,852,amman:1,cph:375,15.680000,36.1773
cph_query_-VfD_cIsQvsNIbCy3tCgQQ,transfer_1,5678,jpeg50,self,62,cph:464,cph:375,15.679998,36.1773
cph_query_-VfD_cIsQvsNIbCy3tCgQQ,transfer_2,5678,jpeg50,self,32,toronto:273,cph:375,15.680000,36.1773
cph_query_-VfD_cIsQvsNIbCy3tCgQQ,transfer_3,5678,jpeg50,self,102,toronto:273,cph:375,15.679998,36.1773
cph_query_-VfD_cIsQvsNIbCy3tCgQQ,isotropic,9012,jpeg50,self,34,cph:464,cph:375,15.679998,36.1773
cph_query_-VfD_cIsQvsNIbCy3tCgQQ,white_box,9012,jpeg50,self,1806,cph:345,cph:375,15.679998,36.1773
cph_query_-VfD_cIsQvsNIbCy3tCgQQ,transfer_1,9012,jpeg50,self,6,toronto:196,cph:375,15.679997,36.1773
cph_query_-VfD_cIsQvsNIbCy3tCgQQ,transfer_2,9012,jpeg50,self,31,toronto:273,cph:375,15.680000,36.1773
cph_query_-VfD_cIsQvsNIbCy3tCgQQ,transfer_3,9012,jpeg50,self,28,toronto:273,cph:375,15.680001,36.1773
london_query_0AbO1xvvOJRs1V3ReaDrNw,isotropic,1234,jpeg50,self,46,toronto:196,london:71,15.680000,36.1773
london_query_0AbO1xvvOJRs1V3ReaDrNw,white_box,1234,jpeg50,self,18,nairobi:18,london:71,15.679998,36.1773
london_query_0AbO1xvvOJRs1V3ReaDrNw,transfer_1,1234,jpeg50,self,23,toronto:196,london:71,15.679997,36.1773
london_query_0AbO1xvvOJRs1V3ReaDrNw,transfer_2,1234,jpeg50,self,26,toronto:196,london:71,15.679996,36.1773
london_query_0AbO1xvvOJRs1V3ReaDrNw,transfer_3,1234,jpeg50,self,4,boston:249,london:71,15.680000,36.1773
london_query_0AbO1xvvOJRs1V3ReaDrNw,isotropic,5678,jpeg50,self,55,toronto:196,london:71,15.680002,36.1773
london_query_0AbO1xvvOJRs1V3ReaDrNw,white_box,5678,jpeg50,self,10,cph:464,london:71,15.680000,36.1773
london_query_0AbO1xvvOJRs1V3ReaDrNw,transfer_1,5678,jpeg50,self,43,toronto:196,london:71,15.679997,36.1773
london_query_0AbO1xvvOJRs1V3ReaDrNw,transfer_2,5678,jpeg50,self,14,manila:13,london:71,15.679997,36.1773
london_query_0AbO1xvvOJRs1V3ReaDrNw,transfer_3,5678,jpeg50,self,5,cph:464,london:71,15.680002,36.1773
london_query_0AbO1xvvOJRs1V3ReaDrNw,isotropic,9012,jpeg50,self,62,toronto:196,london:71,15.679997,36.1773
london_query_0AbO1xvvOJRs1V3ReaDrNw,white_box,9012,jpeg50,self,11,manila:13,london:71,15.679998,36.1773
london_query_0AbO1xvvOJRs1V3ReaDrNw,transfer_1,9012,jpeg50,self,35,toronto:196,london:71,15.679997,36.1773
london_query_0AbO1xvvOJRs1V3ReaDrNw,transfer_2,9012,jpeg50,self,9,cph:464,london:71,15.680000,36.1773
london_query_0AbO1xvvOJRs1V3ReaDrNw,transfer_3,9012,jpeg50,self,7,cph:464,london:71,15.679997,36.1773
manila_query_-ZyenisXeFL1kaebCpUNAQ,isotropic,1234,jpeg50,self,52,manila:72,manila:59,15.680000,36.1773
manila_query_-ZyenisXeFL1kaebCpUNAQ,white_box,1234,jpeg50,self,198,boston:216,manila:59,15.680000,36.1773
manila_query_-ZyenisXeFL1kaebCpUNAQ,transfer_1,1234,jpeg50,self,99,manila:72,manila:59,15.679997,36.1773
manila_query_-ZyenisXeFL1kaebCpUNAQ,transfer_2,1234,jpeg50,self,209,amman:21,manila:59,15.680000,36.1773
manila_query_-ZyenisXeFL1kaebCpUNAQ,transfer_3,1234,jpeg50,self,160,boston:216,manila:59,15.679998,36.1773
manila_query_-ZyenisXeFL1kaebCpUNAQ,isotropic,5678,jpeg50,self,82,manila:72,manila:59,15.680000,36.1773
manila_query_-ZyenisXeFL1kaebCpUNAQ,white_box,5678,jpeg50,self,4,toronto:55,manila:59,15.680001,36.1773
manila_query_-ZyenisXeFL1kaebCpUNAQ,transfer_1,5678,jpeg50,self,131,manila:72,manila:59,15.680001,36.1773
manila_query_-ZyenisXeFL1kaebCpUNAQ,transfer_2,5678,jpeg50,self,75,manila:89,manila:59,15.680002,36.1773
manila_query_-ZyenisXeFL1kaebCpUNAQ,transfer_3,5678,jpeg50,self,44,boston:216,manila:59,15.680001,36.1773
manila_query_-ZyenisXeFL1kaebCpUNAQ,isotropic,9012,jpeg50,self,117,manila:72,manila:59,15.680000,36.1773
manila_query_-ZyenisXeFL1kaebCpUNAQ,white_box,9012,jpeg50,self,58,amman:31,manila:59,15.680000,36.1773
manila_query_-ZyenisXeFL1kaebCpUNAQ,transfer_1,9012,jpeg50,self,48,manila:72,manila:59,15.680000,36.1773
manila_query_-ZyenisXeFL1kaebCpUNAQ,transfer_2,9012,jpeg50,self,158,amman:21,manila:59,15.679997,36.1773
manila_query_-ZyenisXeFL1kaebCpUNAQ,transfer_3,9012,jpeg50,self,97,amman:12,manila:59,15.679997,36.1773
nairobi_query_42kd1bm9ZK0fwGacm_8O5A,isotropic,1234,jpeg50,self,74,amman:23,nairobi:20,15.679998,36.1773
nairobi_query_42kd1bm9ZK0fwGacm_8O5A,white_box,1234,jpeg50,self,15,zurich:42,nairobi:20,15.679998,36.1773
nairobi_query_42kd1bm9ZK0fwGacm_8O5A,transfer_1,1234,jpeg50,self,12,manila:13,nairobi:20,15.679996,36.1773
nairobi_query_42kd1bm9ZK0fwGacm_8O5A,transfer_2,1234,jpeg50,self,72,amman:23,nairobi:20,15.679997,36.1773
nairobi_query_42kd1bm9ZK0fwGacm_8O5A,transfer_3,1234,jpeg50,self,136,cph:464,nairobi:20,15.680000,36.1773
nairobi_query_42kd1bm9ZK0fwGacm_8O5A,isotropic,5678,jpeg50,self,39,amman:23,nairobi:20,15.680000,36.1773
nairobi_query_42kd1bm9ZK0fwGacm_8O5A,white_box,5678,jpeg50,self,111,cph:464,nairobi:20,15.680000,36.1773
nairobi_query_42kd1bm9ZK0fwGacm_8O5A,transfer_1,5678,jpeg50,self,39,manila:13,nairobi:20,15.680000,36.1773
nairobi_query_42kd1bm9ZK0fwGacm_8O5A,transfer_2,5678,jpeg50,self,27,manila:13,nairobi:20,15.679997,36.1773
nairobi_query_42kd1bm9ZK0fwGacm_8O5A,transfer_3,5678,jpeg50,self,47,nairobi:4,nairobi:20,15.680000,36.1773
nairobi_query_42kd1bm9ZK0fwGacm_8O5A,isotropic,9012,jpeg50,self,39,manila:13,nairobi:20,15.680000,36.1773
nairobi_query_42kd1bm9ZK0fwGacm_8O5A,white_box,9012,jpeg50,self,104,manila:190,nairobi:20,15.680001,36.1773
nairobi_query_42kd1bm9ZK0fwGacm_8O5A,transfer_1,9012,jpeg50,self,67,amman:23,nairobi:20,15.679997,36.1773
nairobi_query_42kd1bm9ZK0fwGacm_8O5A,transfer_2,9012,jpeg50,self,49,manila:13,nairobi:20,15.680000,36.1773
nairobi_query_42kd1bm9ZK0fwGacm_8O5A,transfer_3,9012,jpeg50,self,253,amman:23,nairobi:20,15.679997,36.1773
toronto_query_-MFll3mcOLNHfSZyGy5VIw,isotropic,1234,jpeg50,self,30,toronto:200,toronto:102,15.680000,36.1773
toronto_query_-MFll3mcOLNHfSZyGy5VIw,white_box,1234,jpeg50,self,162,nairobi:1,toronto:102,15.680000,36.1773
toronto_query_-MFll3mcOLNHfSZyGy5VIw,transfer_1,1234,jpeg50,self,11,amman:6,toronto:102,15.680000,36.1773
toronto_query_-MFll3mcOLNHfSZyGy5VIw,transfer_2,1234,jpeg50,self,7,cph:464,toronto:102,15.679998,36.1773
toronto_query_-MFll3mcOLNHfSZyGy5VIw,transfer_3,1234,jpeg50,self,38,amman:1,toronto:102,15.680000,36.1773
toronto_query_-MFll3mcOLNHfSZyGy5VIw,isotropic,5678,jpeg50,self,22,toronto:200,toronto:102,15.680000,36.1773
toronto_query_-MFll3mcOLNHfSZyGy5VIw,white_box,5678,jpeg50,self,314,manila:183,toronto:102,15.680000,36.1773
toronto_query_-MFll3mcOLNHfSZyGy5VIw,transfer_1,5678,jpeg50,self,9,cph:464,toronto:102,15.680000,36.1773
toronto_query_-MFll3mcOLNHfSZyGy5VIw,transfer_2,5678,jpeg50,self,26,cph:464,toronto:102,15.679997,36.1773
toronto_query_-MFll3mcOLNHfSZyGy5VIw,transfer_3,5678,jpeg50,self,103,cph:464,toronto:102,15.679997,36.1773
toronto_query_-MFll3mcOLNHfSZyGy5VIw,isotropic,9012,jpeg50,self,23,toronto:200,toronto:102,15.679995,36.1773
toronto_query_-MFll3mcOLNHfSZyGy5VIw,white_box,9012,jpeg50,self,534,toronto:346,toronto:102,15.680000,36.1773
toronto_query_-MFll3mcOLNHfSZyGy5VIw,transfer_1,9012,jpeg50,self,40,cph:464,toronto:102,15.679997,36.1773
toronto_query_-MFll3mcOLNHfSZyGy5VIw,transfer_2,9012,jpeg50,self,16,amman:1,toronto:102,15.680000,36.1773
toronto_query_-MFll3mcOLNHfSZyGy5VIw,transfer_3,9012,jpeg50,self,26,cph:464,toronto:102,15.680000,36.1773
zurich_query_0lHgqSrbw8SSQej38K9wpQ,isotropic,1234,jpeg50,self,1,zurich:48,zurich:48,15.679997,36.1773
zurich_query_0lHgqSrbw8SSQej38K9wpQ,white_box,1234,jpeg50,self,298,london:34,zurich:48,15.679998,36.1773
zurich_query_0lHgqSrbw8SSQej38K9wpQ,transfer_1,1234,jpeg50,self,1,zurich:48,zurich:48,15.679997,36.1773
zurich_query_0lHgqSrbw8SSQej38K9wpQ,transfer_2,1234,jpeg50,self,1,zurich:48,zurich:48,15.679998,36.1773
zurich_query_0lHgqSrbw8SSQej38K9wpQ,transfer_3,1234,jpeg50,self,1,zurich:48,zurich:48,15.679997,36.1773
zurich_query_0lHgqSrbw8SSQej38K9wpQ,isotropic,5678,jpeg50,self,1,zurich:48,zurich:48,15.679997,36.1773
zurich_query_0lHgqSrbw8SSQej38K9wpQ,white_box,5678,jpeg50,self,47,boston:123,zurich:48,15.679997,36.1773
zurich_query_0lHgqSrbw8SSQej38K9wpQ,transfer_1,5678,jpeg50,self,1,zurich:48,zurich:48,15.679997,36.1773
zurich_query_0lHgqSrbw8SSQej38K9wpQ,transfer_2,5678,jpeg50,self,1,zurich:48,zurich:48,15.680001,36.1773
zurich_query_0lHgqSrbw8SSQej38K9wpQ,transfer_3,5678,jpeg50,self,1,zurich:48,zurich:48,15.679998,36.1773
zurich_query_0lHgqSrbw8SSQej38K9wpQ,isotropic,9012,jpeg50,self,1,zurich:48,zurich:48,15.680001,36.1773
zurich_query_0lHgqSrbw8SSQej38K9wpQ,white_box,9012,jpeg50,self,220,london:34,zurich:48,15.679998,36.1773
zurich_query_0lHgqSrbw8SSQej38K9wpQ,transfer_1,9012,jpeg50,self,1,zurich:48,zurich:48,15.679998,36.1773
zurich_query_0lHgqSrbw8SSQej38K9wpQ,transfer_2,9012,jpeg50,self,1,zurich:48,zurich:48,15.680001,36.1773
zurich_query_0lHgqSrbw8SSQej38K9wpQ,transfer_3,9012,jpeg50,self,1,zurich:48,zurich:48,15.680000,36.1773
amman_query_2hq9evzmyg6GO86JGeo5kw,isotropic,1234,jpeg50,self,15,amman:26,amman:32,15.679997,36.1773
amman_query_2hq9evzmyg6GO86JGeo5kw,white_box,1234,jpeg50,self,33,amman:29,amman:32,15.679997,36.1773
amman_query_2hq9evzmyg6GO86JGeo5kw,transfer_1,1234,jpeg50,self,9,amman:1,amman:32,15.680000,36.1773
amman_query_2hq9evzmyg6GO86JGeo5kw,transfer_2,1234,jpeg50,self,10,amman:1,amman:32,15.679998,36.1773
amman_query_2hq9evzmyg6GO86JGeo5kw,transfer_3,1234,jpeg50,self,7,amman:26,amman:32,15.680001,36.1773
amman_query_2hq9evzmyg6GO86JGeo5kw,isotropic,5678,jpeg50,self,7,amman:26,amman:32,15.679997,36.1773
amman_query_2hq9evzmyg6GO86JGeo5kw,white_box,5678,jpeg50,self,29,cph:271,amman:32,15.679998,36.1773
amman_query_2hq9evzmyg6GO86JGeo5kw,transfer_1,5678,jpeg50,self,5,amman:1,amman:32,15.679997,36.1773
amman_query_2hq9evzmyg6GO86JGeo5kw,transfer_2,5678,jpeg50,self,25,amman:1,amman:32,15.679997,36.1773
amman_query_2hq9evzmyg6GO86JGeo5kw,transfer_3,5678,jpeg50,self,36,amman:1,amman:32,15.680000,36.1773
amman_query_2hq9evzmyg6GO86JGeo5kw,isotropic,9012,jpeg50,self,15,zurich:42,amman:32,15.680002,36.1773
amman_query_2hq9evzmyg6GO86JGeo5kw,white_box,9012,jpeg50,self,32,zurich:42,amman:32,15.680000,36.1773
amman_query_2hq9evzmyg6GO86JGeo5kw,transfer_1,9012,jpeg50,self,2,zurich:42,amman:32,15.679997,36.1773
amman_query_2hq9evzmyg6GO86JGeo5kw,transfer_2,9012,jpeg50,self,12,amman:1,amman:32,15.680000,36.1773
amman_query_2hq9evzmyg6GO86JGeo5kw,transfer_3,9012,jpeg50,self,8,amman:1,amman:32,15.679998,36.1773
boston_query_-XPoSJpI_X3ZlnZLz8JG4L,isotropic,1234,jpeg50,self,233,amman:31,boston:168,15.679997,36.1773
boston_query_-XPoSJpI_X3ZlnZLz8JG4L,white_box,1234,jpeg50,self,106,boston:216,boston:168,15.679998,36.1773
boston_query_-XPoSJpI_X3ZlnZLz8JG4L,transfer_1,1234,jpeg50,self,155,boston:191,boston:168,15.679997,36.1773
boston_query_-XPoSJpI_X3ZlnZLz8JG4L,transfer_2,1234,jpeg50,self,172,amman:31,boston:168,15.680000,36.1773
boston_query_-XPoSJpI_X3ZlnZLz8JG4L,transfer_3,1234,jpeg50,self,194,boston:191,boston:168,15.679997,36.1773
boston_query_-XPoSJpI_X3ZlnZLz8JG4L,isotropic,5678,jpeg50,self,325,amman:31,boston:168,15.680002,36.1773
boston_query_-XPoSJpI_X3ZlnZLz8JG4L,white_box,5678,jpeg50,self,133,nairobi:4,boston:168,15.679997,36.1773
boston_query_-XPoSJpI_X3ZlnZLz8JG4L,transfer_1,5678,jpeg50,self,222,amman:31,boston:168,15.679997,36.1773
boston_query_-XPoSJpI_X3ZlnZLz8JG4L,transfer_2,5678,jpeg50,self,228,amman:31,boston:168,15.679997,36.1773
boston_query_-XPoSJpI_X3ZlnZLz8JG4L,transfer_3,5678,jpeg50,self,185,amman:31,boston:168,15.679997,36.1773
boston_query_-XPoSJpI_X3ZlnZLz8JG4L,isotropic,9012,jpeg50,self,346,amman:31,boston:168,15.680002,36.1773
boston_query_-XPoSJpI_X3ZlnZLz8JG4L,white_box,9012,jpeg50,self,207,manila:87,boston:168,15.679997,36.1773
boston_query_-XPoSJpI_X3ZlnZLz8JG4L,transfer_1,9012,jpeg50,self,206,amman:31,boston:168,15.679997,36.1773
boston_query_-XPoSJpI_X3ZlnZLz8JG4L,transfer_2,9012,jpeg50,self,147,boston:191,boston:168,15.680000,36.1773
boston_query_-XPoSJpI_X3ZlnZLz8JG4L,transfer_3,9012,jpeg50,self,37,boston:191,boston:168,15.679998,36.1773
cph_query_-VwsLi9Gs8ntflZjLfPkGw,isotropic,1234,jpeg50,self,460,cph:280,cph:84,15.680001,36.1773
cph_query_-VwsLi9Gs8ntflZjLfPkGw,white_box,1234,jpeg50,self,1124,zurich:33,cph:84,15.680000,36.1773
cph_query_-VwsLi9Gs8ntflZjLfPkGw,transfer_1,1234,jpeg50,self,398,cph:280,cph:84,15.680000,36.1773
cph_query_-VwsLi9Gs8ntflZjLfPkGw,transfer_2,1234,jpeg50,self,100,amman:23,cph:84,15.679998,36.1773
cph_query_-VwsLi9Gs8ntflZjLfPkGw,transfer_3,1234,jpeg50,self,82,amman:23,cph:84,15.679997,36.1773
cph_query_-VwsLi9Gs8ntflZjLfPkGw,isotropic,5678,jpeg50,self,565,cph:280,cph:84,15.680000,36.1773
cph_query_-VwsLi9Gs8ntflZjLfPkGw,white_box,5678,jpeg50,self,807,cph:271,cph:84,15.679997,36.1773
cph_query_-VwsLi9Gs8ntflZjLfPkGw,transfer_1,5678,jpeg50,self,230,cph:280,cph:84,15.680000,36.1773
cph_query_-VwsLi9Gs8ntflZjLfPkGw,transfer_2,5678,jpeg50,self,149,amman:23,cph:84,15.679998,36.1773
cph_query_-VwsLi9Gs8ntflZjLfPkGw,transfer_3,5678,jpeg50,self,49,amman:23,cph:84,15.679998,36.1773
cph_query_-VwsLi9Gs8ntflZjLfPkGw,isotropic,9012,jpeg50,self,301,manila:6,cph:84,15.679997,36.1773
cph_query_-VwsLi9Gs8ntflZjLfPkGw,white_box,9012,jpeg50,self,1161,cph:395,cph:84,15.679997,36.1773
cph_query_-VwsLi9Gs8ntflZjLfPkGw,transfer_1,9012,jpeg50,self,119,manila:6,cph:84,15.679997,36.1773
cph_query_-VwsLi9Gs8ntflZjLfPkGw,transfer_2,9012,jpeg50,self,214,amman:23,cph:84,15.679998,36.1773
cph_query_-VwsLi9Gs8ntflZjLfPkGw,transfer_3,9012,jpeg50,self,225,amman:23,cph:84,15.680000,36.1773
london_query_0BjBFV4G9jdMJlEMqshzoA,isotropic,1234,jpeg50,self,28,london:122,london:85,15.680000,36.1773
london_query_0BjBFV4G9jdMJlEMqshzoA,white_box,1234,jpeg50,self,126,zurich:96,london:85,15.680001,36.1773
london_query_0BjBFV4G9jdMJlEMqshzoA,transfer_1,1234,jpeg50,self,26,london:122,london:85,15.680000,36.1773
london_query_0BjBFV4G9jdMJlEMqshzoA,transfer_2,1234,jpeg50,self,16,london:122,london:85,15.679997,36.1773
london_query_0BjBFV4G9jdMJlEMqshzoA,transfer_3,1234,jpeg50,self,18,boston:237,london:85,15.679997,36.1773
london_query_0BjBFV4G9jdMJlEMqshzoA,isotropic,5678,jpeg50,self,40,boston:210,london:85,15.679998,36.1773
london_query_0BjBFV4G9jdMJlEMqshzoA,white_box,5678,jpeg50,self,98,boston:98,london:85,15.679997,36.1773
london_query_0BjBFV4G9jdMJlEMqshzoA,transfer_1,5678,jpeg50,self,32,london:122,london:85,15.679998,36.1773
london_query_0BjBFV4G9jdMJlEMqshzoA,transfer_2,5678,jpeg50,self,3,london:122,london:85,15.679998,36.1773
london_query_0BjBFV4G9jdMJlEMqshzoA,transfer_3,5678,jpeg50,self,19,manila:13,london:85,15.680001,36.1773
london_query_0BjBFV4G9jdMJlEMqshzoA,isotropic,9012,jpeg50,self,37,nairobi:5,london:85,15.679997,36.1773
london_query_0BjBFV4G9jdMJlEMqshzoA,white_box,9012,jpeg50,self,103,cph:96,london:85,15.679997,36.1773
london_query_0BjBFV4G9jdMJlEMqshzoA,transfer_1,9012,jpeg50,self,54,london:122,london:85,15.679997,36.1773
london_query_0BjBFV4G9jdMJlEMqshzoA,transfer_2,9012,jpeg50,self,10,manila:13,london:85,15.679997,36.1773
london_query_0BjBFV4G9jdMJlEMqshzoA,transfer_3,9012,jpeg50,self,13,nairobi:5,london:85,15.680001,36.1773
manila_query_-aK1h18UZREBqmVQH9KSvw,isotropic,1234,jpeg50,self,41,zurich:35,manila:163,15.679996,36.1773
manila_query_-aK1h18UZREBqmVQH9KSvw,white_box,1234,jpeg50,self,193,manila:13,manila:163,15.679997,36.1773
manila_query_-aK1h18UZREBqmVQH9KSvw,transfer_1,1234,jpeg50,self,87,cph:243,manila:163,15.679997,36.1773
manila_query_-aK1h18UZREBqmVQH9KSvw,transfer_2,1234,jpeg50,self,76,london:23,manila:163,15.679998,36.1773
manila_query_-aK1h18UZREBqmVQH9KSvw,transfer_3,1234,jpeg50,self,88,manila:202,manila:163,15.680000,36.1773
manila_query_-aK1h18UZREBqmVQH9KSvw,isotropic,5678,jpeg50,self,37,zurich:35,manila:163,15.679998,36.1773
manila_query_-aK1h18UZREBqmVQH9KSvw,white_box,5678,jpeg50,self,67,toronto:200,manila:163,15.679997,36.1773
manila_query_-aK1h18UZREBqmVQH9KSvw,transfer_1,5678,jpeg50,self,44,manila:202,manila:163,15.679997,36.1773
manila_query_-aK1h18UZREBqmVQH9KSvw,transfer_2,5678,jpeg50,self,71,manila:202,manila:163,15.679997,36.1773
manila_query_-aK1h18UZREBqmVQH9KSvw,transfer_3,5678,jpeg50,self,95,manila:202,manila:163,15.679998,36.1773
manila_query_-aK1h18UZREBqmVQH9KSvw,isotropic,9012,jpeg50,self,42,zurich:35,manila:163,15.680002,36.1773
manila_query_-aK1h18UZREBqmVQH9KSvw,white_box,9012,jpeg50,self,2,london:21,manila:163,15.679997,36.1773
manila_query_-aK1h18UZREBqmVQH9KSvw,transfer_1,9012,jpeg50,self,58,toronto:421,manila:163,15.680000,36.1773
manila_query_-aK1h18UZREBqmVQH9KSvw,transfer_2,9012,jpeg50,self,38,manila:202,manila:163,15.680000,36.1773
manila_query_-aK1h18UZREBqmVQH9KSvw,transfer_3,9012,jpeg50,self,79,manila:202,manila:163,15.679997,36.1773
nairobi_query_479Or7jRwWHujnR6N21HGg,isotropic,1234,jpeg50,self,212,amman:1,nairobi:10,15.680001,36.1773
nairobi_query_479Or7jRwWHujnR6N21HGg,white_box,1234,jpeg50,self,102,zurich:35,nairobi:10,15.680000,36.1773
nairobi_query_479Or7jRwWHujnR6N21HGg,transfer_1,1234,jpeg50,self,257,cph:459,nairobi:10,15.679997,36.1773
nairobi_query_479Or7jRwWHujnR6N21HGg,transfer_2,1234,jpeg50,self,198,zurich:42,nairobi:10,15.679997,36.1773
nairobi_query_479Or7jRwWHujnR6N21HGg,transfer_3,1234,jpeg50,self,217,manila:173,nairobi:10,15.679998,36.1773
nairobi_query_479Or7jRwWHujnR6N21HGg,isotropic,5678,jpeg50,self,248,amman:1,nairobi:10,15.679996,36.1773
nairobi_query_479Or7jRwWHujnR6N21HGg,white_box,5678,jpeg50,self,454,cph:271,nairobi:10,15.679997,36.1773
nairobi_query_479Or7jRwWHujnR6N21HGg,transfer_1,5678,jpeg50,self,311,amman:1,nairobi:10,15.680000,36.1773
nairobi_query_479Or7jRwWHujnR6N21HGg,transfer_2,5678,jpeg50,self,258,cph:459,nairobi:10,15.679997,36.1773
nairobi_query_479Or7jRwWHujnR6N21HGg,transfer_3,5678,jpeg50,self,421,amman:0,nairobi:10,15.680002,36.1773
nairobi_query_479Or7jRwWHujnR6N21HGg,isotropic,9012,jpeg50,self,285,amman:29,nairobi:10,15.679997,36.1773
nairobi_query_479Or7jRwWHujnR6N21HGg,white_box,9012,jpeg50,self,254,cph:271,nairobi:10,15.679997,36.1773
nairobi_query_479Or7jRwWHujnR6N21HGg,transfer_1,9012,jpeg50,self,142,london:85,nairobi:10,15.680000,36.1773
nairobi_query_479Or7jRwWHujnR6N21HGg,transfer_2,9012,jpeg50,self,162,amman:1,nairobi:10,15.680000,36.1773
nairobi_query_479Or7jRwWHujnR6N21HGg,transfer_3,9012,jpeg50,self,421,cph:241,nairobi:10,15.680000,36.1773
toronto_query_-MnI6OlC-vX0Wm56nVPN1A,isotropic,1234,jpeg50,self,3,manila:202,toronto:200,15.679998,36.1773
toronto_query_-MnI6OlC-vX0Wm56nVPN1A,white_box,1234,jpeg50,self,12,boston:168,toronto:200,15.679998,36.1773
toronto_query_-MnI6OlC-vX0Wm56nVPN1A,transfer_1,1234,jpeg50,self,2,manila:202,toronto:200,15.680000,36.1773
toronto_query_-MnI6OlC-vX0Wm56nVPN1A,transfer_2,1234,jpeg50,self,19,manila:13,toronto:200,15.680001,36.1773
toronto_query_-MnI6OlC-vX0Wm56nVPN1A,transfer_3,1234,jpeg50,self,3,toronto:218,toronto:200,15.679997,36.1773
toronto_query_-MnI6OlC-vX0Wm56nVPN1A,isotropic,5678,jpeg50,self,5,manila:202,toronto:200,15.679997,36.1773
toronto_query_-MnI6OlC-vX0Wm56nVPN1A,white_box,5678,jpeg50,self,1,toronto:200,toronto:200,15.679998,36.1773
toronto_query_-MnI6OlC-vX0Wm56nVPN1A,transfer_1,5678,jpeg50,self,7,manila:202,toronto:200,15.679998,36.1773
toronto_query_-MnI6OlC-vX0Wm56nVPN1A,transfer_2,5678,jpeg50,self,7,manila:202,toronto:200,15.680000,36.1773
toronto_query_-MnI6OlC-vX0Wm56nVPN1A,transfer_3,5678,jpeg50,self,8,manila:82,toronto:200,15.680001,36.1773
toronto_query_-MnI6OlC-vX0Wm56nVPN1A,isotropic,9012,jpeg50,self,9,manila:202,toronto:200,15.679997,36.1773
toronto_query_-MnI6OlC-vX0Wm56nVPN1A,white_box,9012,jpeg50,self,39,manila:13,toronto:200,15.680000,36.1773
toronto_query_-MnI6OlC-vX0Wm56nVPN1A,transfer_1,9012,jpeg50,self,14,manila:202,toronto:200,15.680001,36.1773
toronto_query_-MnI6OlC-vX0Wm56nVPN1A,transfer_2,9012,jpeg50,self,9,manila:202,toronto:200,15.680000,36.1773
toronto_query_-MnI6OlC-vX0Wm56nVPN1A,transfer_3,9012,jpeg50,self,17,manila:82,toronto:200,15.679998,36.1773
zurich_query_0nVsH-6SH_FHslcVrikkwQ,isotropic,1234,jpeg50,self,323,cph:243,zurich:79,15.680001,36.1773
zurich_query_0nVsH-6SH_FHslcVrikkwQ,white_box,1234,jpeg50,self,7,boston:98,zurich:79,15.679998,36.1773
zurich_query_0nVsH-6SH_FHslcVrikkwQ,transfer_1,1234,jpeg50,self,197,zurich:42,zurich:79,15.679997,36.1773
zurich_query_0nVsH-6SH_FHslcVrikkwQ,transfer_2,1234,jpeg50,self,205,zurich:42,zurich:79,15.679997,36.1773
zurich_query_0nVsH-6SH_FHslcVrikkwQ,transfer_3,1234,jpeg50,self,133,zurich:42,zurich:79,15.680000,36.1773
zurich_query_0nVsH-6SH_FHslcVrikkwQ,isotropic,5678,jpeg50,self,312,cph:243,zurich:79,15.679998,36.1773
zurich_query_0nVsH-6SH_FHslcVrikkwQ,white_box,5678,jpeg50,self,42,zurich:19,zurich:79,15.679998,36.1773
zurich_query_0nVsH-6SH_FHslcVrikkwQ,transfer_1,5678,jpeg50,self,265,zurich:42,zurich:79,15.679997,36.1773
zurich_query_0nVsH-6SH_FHslcVrikkwQ,transfer_2,5678,jpeg50,self,384,zurich:42,zurich:79,15.679997,36.1773
zurich_query_0nVsH-6SH_FHslcVrikkwQ,transfer_3,5678,jpeg50,self,471,zurich:42,zurich:79,15.680000,36.1773
zurich_query_0nVsH-6SH_FHslcVrikkwQ,isotropic,9012,jpeg50,self,220,cph:243,zurich:79,15.680002,36.1773
zurich_query_0nVsH-6SH_FHslcVrikkwQ,white_box,9012,jpeg50,self,394,zurich:104,zurich:79,15.680000,36.1773
zurich_query_0nVsH-6SH_FHslcVrikkwQ,transfer_1,9012,jpeg50,self,96,zurich:42,zurich:79,15.679997,36.1773
zurich_query_0nVsH-6SH_FHslcVrikkwQ,transfer_2,9012,jpeg50,self,296,zurich:42,zurich:79,15.680000,36.1773
zurich_query_0nVsH-6SH_FHslcVrikkwQ,transfer_3,9012,jpeg50,self,369,zurich:42,zurich:79,15.680000,36.1773
amman_query_2lABfkOBYPSLZkKhyRxYdA,isotropic,1234,jpeg50,self,56,amman:23,amman:6,15.679998,36.1773
amman_query_2lABfkOBYPSLZkKhyRxYdA,white_box,1234,jpeg50,self,17,manila:181,amman:6,15.679997,36.1773
amman_query_2lABfkOBYPSLZkKhyRxYdA,transfer_1,1234,jpeg50,self,70,amman:23,amman:6,15.679997,36.1773
amman_query_2lABfkOBYPSLZkKhyRxYdA,transfer_2,1234,jpeg50,self,31,amman:23,amman:6,15.679997,36.1773
amman_query_2lABfkOBYPSLZkKhyRxYdA,transfer_3,1234,jpeg50,self,77,amman:23,amman:6,15.680000,36.1773
amman_query_2lABfkOBYPSLZkKhyRxYdA,isotropic,5678,jpeg50,self,29,amman:23,amman:6,15.679998,36.1773
amman_query_2lABfkOBYPSLZkKhyRxYdA,white_box,5678,jpeg50,self,18,cph:271,amman:6,15.680000,36.1773
amman_query_2lABfkOBYPSLZkKhyRxYdA,transfer_1,5678,jpeg50,self,83,amman:23,amman:6,15.680000,36.1773
amman_query_2lABfkOBYPSLZkKhyRxYdA,transfer_2,5678,jpeg50,self,40,amman:23,amman:6,15.679997,36.1773
amman_query_2lABfkOBYPSLZkKhyRxYdA,transfer_3,5678,jpeg50,self,57,amman:23,amman:6,15.680000,36.1773
amman_query_2lABfkOBYPSLZkKhyRxYdA,isotropic,9012,jpeg50,self,66,amman:23,amman:6,15.679998,36.1773
amman_query_2lABfkOBYPSLZkKhyRxYdA,white_box,9012,jpeg50,self,18,manila:54,amman:6,15.680000,36.1773
amman_query_2lABfkOBYPSLZkKhyRxYdA,transfer_1,9012,jpeg50,self,83,amman:23,amman:6,15.680000,36.1773
amman_query_2lABfkOBYPSLZkKhyRxYdA,transfer_2,9012,jpeg50,self,43,amman:23,amman:6,15.679997,36.1773
amman_query_2lABfkOBYPSLZkKhyRxYdA,transfer_3,9012,jpeg50,self,22,amman:23,amman:6,15.680000,36.1773
boston_query_-XVMoSt8xs2FUh9JzquX6A,isotropic,1234,jpeg50,self,3,boston:145,boston:210,15.680001,36.1773
boston_query_-XVMoSt8xs2FUh9JzquX6A,white_box,1234,jpeg50,self,3,manila:87,boston:210,15.680000,36.1773
boston_query_-XVMoSt8xs2FUh9JzquX6A,transfer_1,1234,jpeg50,self,5,boston:234,boston:210,15.680001,36.1773
boston_query_-XVMoSt8xs2FUh9JzquX6A,transfer_2,1234,jpeg50,self,4,boston:234,boston:210,15.679998,36.1773
boston_query_-XVMoSt8xs2FUh9JzquX6A,transfer_3,1234,jpeg50,self,2,amman:32,boston:210,15.680002,36.1773
boston_query_-XVMoSt8xs2FUh9JzquX6A,isotropic,5678,jpeg50,self,2,boston:34,boston:210,15.679997,36.1773
boston_query_-XVMoSt8xs2FUh9JzquX6A,white_box,5678,jpeg50,self,36,boston:27,boston:210,15.679996,36.1773
boston_query_-XVMoSt8xs2FUh9JzquX6A,transfer_1,5678,jpeg50,self,5,boston:237,boston:210,15.679997,36.1773
boston_query_-XVMoSt8xs2FUh9JzquX6A,transfer_2,5678,jpeg50,self,2,boston:145,boston:210,15.680000,36.1773
boston_query_-XVMoSt8xs2FUh9JzquX6A,transfer_3,5678,jpeg50,self,1,boston:210,boston:210,15.679997,36.1773
boston_query_-XVMoSt8xs2FUh9JzquX6A,isotropic,9012,jpeg50,self,3,boston:34,boston:210,15.679997,36.1773
boston_query_-XVMoSt8xs2FUh9JzquX6A,white_box,9012,jpeg50,self,9,amman:23,boston:210,15.680000,36.1773
boston_query_-XVMoSt8xs2FUh9JzquX6A,transfer_1,9012,jpeg50,self,10,boston:237,boston:210,15.679997,36.1773
boston_query_-XVMoSt8xs2FUh9JzquX6A,transfer_2,9012,jpeg50,self,7,amman:23,boston:210,15.679997,36.1773
boston_query_-XVMoSt8xs2FUh9JzquX6A,transfer_3,9012,jpeg50,self,5,amman:32,boston:210,15.679997,36.1773
cph_query_-WFB24C5ns0vkkGHGvN40A,isotropic,1234,jpeg50,self,4,cph:54,cph:137,15.680000,36.1773
cph_query_-WFB24C5ns0vkkGHGvN40A,white_box,1234,jpeg50,self,269,boston:249,cph:137,15.679998,36.1773
cph_query_-WFB24C5ns0vkkGHGvN40A,transfer_1,1234,jpeg50,self,7,cph:54,cph:137,15.680000,36.1773
cph_query_-WFB24C5ns0vkkGHGvN40A,transfer_2,1234,jpeg50,self,9,cph:54,cph:137,15.679997,36.1773
cph_query_-WFB24C5ns0vkkGHGvN40A,transfer_3,1234,jpeg50,self,84,toronto:23,cph:137,15.680001,36.1773
cph_query_-WFB24C5ns0vkkGHGvN40A,isotropic,5678,jpeg50,self,5,cph:54,cph:137,15.679998,36.1773
cph_query_-WFB24C5ns0vkkGHGvN40A,white_box,5678,jpeg50,self,261,cph:342,cph:137,15.680000,36.1773
cph_query_-WFB24C5ns0vkkGHGvN40A,transfer_1,5678,jpeg50,self,4,cph:54,cph:137,15.679997,36.1773
cph_query_-WFB24C5ns0vkkGHGvN40A,transfer_2,5678,jpeg50,self,10,cph:54,cph:137,15.680000,36.1773
cph_query_-WFB24C5ns0vkkGHGvN40A,transfer_3,5678,jpeg50,self,88,manila:181,cph:137,15.679998,36.1773
cph_query_-WFB24C5ns0vkkGHGvN40A,isotropic,9012,jpeg50,self,5,cph:54,cph:137,15.679997,36.1773
cph_query_-WFB24C5ns0vkkGHGvN40A,white_box,9012,jpeg50,self,105,nairobi:22,cph:137,15.680000,36.1773
cph_query_-WFB24C5ns0vkkGHGvN40A,transfer_1,9012,jpeg50,self,8,cph:54,cph:137,15.680000,36.1773
cph_query_-WFB24C5ns0vkkGHGvN40A,transfer_2,9012,jpeg50,self,32,cph:54,cph:137,15.680001,36.1773
cph_query_-WFB24C5ns0vkkGHGvN40A,transfer_3,9012,jpeg50,self,41,manila:181,cph:137,15.680000,36.1773
london_query_0CaaImFsIdNZjpg8oBPgsQ,isotropic,1234,jpeg50,self,1325,cph:429,london:29,15.679998,36.1773
london_query_0CaaImFsIdNZjpg8oBPgsQ,white_box,1234,jpeg50,self,1321,manila:183,london:29,15.680001,36.1773
london_query_0CaaImFsIdNZjpg8oBPgsQ,transfer_1,1234,jpeg50,self,1383,boston:145,london:29,15.679997,36.1773
london_query_0CaaImFsIdNZjpg8oBPgsQ,transfer_2,1234,jpeg50,self,1257,boston:145,london:29,15.680000,36.1773
london_query_0CaaImFsIdNZjpg8oBPgsQ,transfer_3,1234,jpeg50,self,778,boston:145,london:29,15.679997,36.1773
london_query_0CaaImFsIdNZjpg8oBPgsQ,isotropic,5678,jpeg50,self,1427,cph:33,london:29,15.679998,36.1773
london_query_0CaaImFsIdNZjpg8oBPgsQ,white_box,5678,jpeg50,self,1050,cph:370,london:29,15.680000,36.1773
london_query_0CaaImFsIdNZjpg8oBPgsQ,transfer_1,5678,jpeg50,self,1348,boston:145,london:29,15.679997,36.1773
london_query_0CaaImFsIdNZjpg8oBPgsQ,transfer_2,5678,jpeg50,self,1296,boston:145,london:29,15.679998,36.1773
london_query_0CaaImFsIdNZjpg8oBPgsQ,transfer_3,5678,jpeg50,self,1202,boston:145,london:29,15.679997,36.1773
london_query_0CaaImFsIdNZjpg8oBPgsQ,isotropic,9012,jpeg50,self,1498,boston:145,london:29,15.680000,36.1773
london_query_0CaaImFsIdNZjpg8oBPgsQ,white_box,9012,jpeg50,self,1214,zurich:105,london:29,15.679998,36.1773
london_query_0CaaImFsIdNZjpg8oBPgsQ,transfer_1,9012,jpeg50,self,1229,boston:145,london:29,15.680001,36.1773
london_query_0CaaImFsIdNZjpg8oBPgsQ,transfer_2,9012,jpeg50,self,1250,cph:429,london:29,15.680000,36.1773
london_query_0CaaImFsIdNZjpg8oBPgsQ,transfer_3,9012,jpeg50,self,1253,boston:234,london:29,15.680000,36.1773
manila_query_-cNGgBgyFrf92tQ2SjMnVw,isotropic,1234,jpeg50,self,210,london:76,manila:46,15.680000,36.1773
manila_query_-cNGgBgyFrf92tQ2SjMnVw,white_box,1234,jpeg50,self,237,toronto:200,manila:46,15.679997,36.1773
manila_query_-cNGgBgyFrf92tQ2SjMnVw,transfer_1,1234,jpeg50,self,88,london:76,manila:46,15.679997,36.1773
manila_query_-cNGgBgyFrf92tQ2SjMnVw,transfer_2,1234,jpeg50,self,160,london:76,manila:46,15.680000,36.1773
manila_query_-cNGgBgyFrf92tQ2SjMnVw,transfer_3,1234,jpeg50,self,52,manila:142,manila:46,15.679996,36.1773
manila_query_-cNGgBgyFrf92tQ2SjMnVw,isotropic,5678,jpeg50,self,302,london:76,manila:46,15.679997,36.1773
manila_query_-cNGgBgyFrf92tQ2SjMnVw,white_box,5678,jpeg50,self,234,zurich:35,manila:46,15.680000,36.1773
manila_query_-cNGgBgyFrf92tQ2SjMnVw,transfer_1,5678,jpeg50,self,52,manila:142,manila:46,15.680000,36.1773
manila_query_-cNGgBgyFrf92tQ2SjMnVw,transfer_2,5678,jpeg50,self,37,manila:142,manila:46,15.680000,36.1773
manila_query_-cNGgBgyFrf92tQ2SjMnVw,transfer_3,5678,jpeg50,self,55,manila:142,manila:46,15.679997,36.1773
manila_query_-cNGgBgyFrf92tQ2SjMnVw,isotropic,9012,jpeg50,self,260,london:76,manila:46,15.679998,36.1773
manila_query_-cNGgBgyFrf92tQ2SjMnVw,white_box,9012,jpeg50,self,338,zurich:35,manila:46,15.680000,36.1773
manila_query_-cNGgBgyFrf92tQ2SjMnVw,transfer_1,9012,jpeg50,self,192,london:76,manila:46,15.679998,36.1773
manila_query_-cNGgBgyFrf92tQ2SjMnVw,transfer_2,9012,jpeg50,self,167,manila:142,manila:46,15.680000,36.1773
manila_query_-cNGgBgyFrf92tQ2SjMnVw,transfer_3,9012,jpeg50,self,45,london:78,manila:46,15.680000,36.1773
nairobi_query_4EL0OPwVmp4k2zCpl9_c_A,isotropic,1234,jpeg50,self,7,manila:89,nairobi:15,15.680000,36.1773
nairobi_query_4EL0OPwVmp4k2zCpl9_c_A,white_box,1234,jpeg50,self,14,manila:13,nairobi:15,15.679997,36.1773
nairobi_query_4EL0OPwVmp4k2zCpl9_c_A,transfer_1,1234,jpeg50,self,1,nairobi:15,nairobi:15,15.680001,36.1773
nairobi_query_4EL0OPwVmp4k2zCpl9_c_A,transfer_2,1234,jpeg50,self,35,manila:181,nairobi:15,15.680000,36.1773
nairobi_query_4EL0OPwVmp4k2zCpl9_c_A,transfer_3,1234,jpeg50,self,130,manila:153,nairobi:15,15.680000,36.1773
nairobi_query_4EL0OPwVmp4k2zCpl9_c_A,isotropic,5678,jpeg50,self,9,manila:153,nairobi:15,15.680000,36.1773
nairobi_query_4EL0OPwVmp4k2zCpl9_c_A,white_box,5678,jpeg50,self,8,manila:92,nairobi:15,15.680000,36.1773
nairobi_query_4EL0OPwVmp4k2zCpl9_c_A,transfer_1,5678,jpeg50,self,3,london:85,nairobi:15,15.680000,36.1773
nairobi_query_4EL0OPwVmp4k2zCpl9_c_A,transfer_2,5678,jpeg50,self,12,manila:89,nairobi:15,15.679997,36.1773
nairobi_query_4EL0OPwVmp4k2zCpl9_c_A,transfer_3,5678,jpeg50,self,24,manila:181,nairobi:15,15.679996,36.1773
nairobi_query_4EL0OPwVmp4k2zCpl9_c_A,isotropic,9012,jpeg50,self,10,manila:89,nairobi:15,15.679998,36.1773
nairobi_query_4EL0OPwVmp4k2zCpl9_c_A,white_box,9012,jpeg50,self,19,manila:13,nairobi:15,15.680000,36.1773
nairobi_query_4EL0OPwVmp4k2zCpl9_c_A,transfer_1,9012,jpeg50,self,4,london:85,nairobi:15,15.680000,36.1773
nairobi_query_4EL0OPwVmp4k2zCpl9_c_A,transfer_2,9012,jpeg50,self,78,boston:249,nairobi:15,15.679997,36.1773
nairobi_query_4EL0OPwVmp4k2zCpl9_c_A,transfer_3,9012,jpeg50,self,62,manila:153,nairobi:15,15.679997,36.1773
toronto_query_-MvRj243NBTPnognhgb4Cg,isotropic,1234,jpeg50,self,82,zurich:42,toronto:421,15.679998,36.1773
toronto_query_-MvRj243NBTPnognhgb4Cg,white_box,1234,jpeg50,self,766,zurich:19,toronto:421,15.679997,36.1773
toronto_query_-MvRj243NBTPnognhgb4Cg,transfer_1,1234,jpeg50,self,140,amman:1,toronto:421,15.680001,36.1773
toronto_query_-MvRj243NBTPnognhgb4Cg,transfer_2,1234,jpeg50,self,279,amman:1,toronto:421,15.679998,36.1773
toronto_query_-MvRj243NBTPnognhgb4Cg,transfer_3,1234,jpeg50,self,385,manila:181,toronto:421,15.680000,36.1773
toronto_query_-MvRj243NBTPnognhgb4Cg,isotropic,5678,jpeg50,self,115,zurich:42,toronto:421,15.680000,36.1773
toronto_query_-MvRj243NBTPnognhgb4Cg,white_box,5678,jpeg50,self,220,zurich:19,toronto:421,15.680002,36.1773
toronto_query_-MvRj243NBTPnognhgb4Cg,transfer_1,5678,jpeg50,self,116,cph:243,toronto:421,15.679998,36.1773
toronto_query_-MvRj243NBTPnognhgb4Cg,transfer_2,5678,jpeg50,self,121,amman:31,toronto:421,15.680000,36.1773
toronto_query_-MvRj243NBTPnognhgb4Cg,transfer_3,5678,jpeg50,self,369,manila:46,toronto:421,15.680000,36.1773
toronto_query_-MvRj243NBTPnognhgb4Cg,isotropic,9012,jpeg50,self,74,amman:1,toronto:421,15.680000,36.1773
toronto_query_-MvRj243NBTPnognhgb4Cg,white_box,9012,jpeg50,self,313,manila:92,toronto:421,15.679998,36.1773
toronto_query_-MvRj243NBTPnognhgb4Cg,transfer_1,9012,jpeg50,self,85,amman:1,toronto:421,15.679997,36.1773
toronto_query_-MvRj243NBTPnognhgb4Cg,transfer_2,9012,jpeg50,self,18,amman:1,toronto:421,15.679997,36.1773
toronto_query_-MvRj243NBTPnognhgb4Cg,transfer_3,9012,jpeg50,self,105,zurich:42,toronto:421,15.679996,36.1773
zurich_query_0qoNSI3UUj6VR3TM7c0Peg,isotropic,1234,jpeg50,self,543,cph:342,zurich:38,15.679998,36.1773
zurich_query_0qoNSI3UUj6VR3TM7c0Peg,white_box,1234,jpeg50,self,287,boston:249,zurich:38,15.679998,36.1773
zurich_query_0qoNSI3UUj6VR3TM7c0Peg,transfer_1,1234,jpeg50,self,560,cph:342,zurich:38,15.680000,36.1773
zurich_query_0qoNSI3UUj6VR3TM7c0Peg,transfer_2,1234,jpeg50,self,472,cph:342,zurich:38,15.680000,36.1773
zurich_query_0qoNSI3UUj6VR3TM7c0Peg,transfer_3,1234,jpeg50,self,555,nairobi:4,zurich:38,15.680002,36.1773
zurich_query_0qoNSI3UUj6VR3TM7c0Peg,isotropic,5678,jpeg50,self,595,cph:342,zurich:38,15.680000,36.1773
zurich_query_0qoNSI3UUj6VR3TM7c0Peg,white_box,5678,jpeg50,self,1727,manila:92,zurich:38,15.680000,36.1773
zurich_query_0qoNSI3UUj6VR3TM7c0Peg,transfer_1,5678,jpeg50,self,510,london:125,zurich:38,15.680000,36.1773
zurich_query_0qoNSI3UUj6VR3TM7c0Peg,transfer_2,5678,jpeg50,self,440,cph:342,zurich:38,15.680000,36.1773
zurich_query_0qoNSI3UUj6VR3TM7c0Peg,transfer_3,5678,jpeg50,self,299,london:125,zurich:38,15.679998,36.1773
zurich_query_0qoNSI3UUj6VR3TM7c0Peg,isotropic,9012,jpeg50,self,556,cph:342,zurich:38,15.679997,36.1773
zurich_query_0qoNSI3UUj6VR3TM7c0Peg,white_box,9012,jpeg50,self,1261,london:34,zurich:38,15.679997,36.1773
zurich_query_0qoNSI3UUj6VR3TM7c0Peg,transfer_1,9012,jpeg50,self,512,london:125,zurich:38,15.679997,36.1773
zurich_query_0qoNSI3UUj6VR3TM7c0Peg,transfer_2,9012,jpeg50,self,656,manila:106,zurich:38,15.680000,36.1773
zurich_query_0qoNSI3UUj6VR3TM7c0Peg,transfer_3,9012,jpeg50,self,365,cph:342,zurich:38,15.680000,36.1773
amman_query_2o7YcP9UAqSU1ygtK33BfQ,isotropic,1234,jpeg50,self,2,zurich:111,amman:31,15.679998,36.1773
amman_query_2o7YcP9UAqSU1ygtK33BfQ,white_box,1234,jpeg50,self,8,amman:26,amman:31,15.680000,36.1773
amman_query_2o7YcP9UAqSU1ygtK33BfQ,transfer_1,1234,jpeg50,self,1,amman:31,amman:31,15.679997,36.1773
amman_query_2o7YcP9UAqSU1ygtK33BfQ,transfer_2,1234,jpeg50,self,3,amman:30,amman:31,15.680000,36.1773
amman_query_2o7YcP9UAqSU1ygtK33BfQ,transfer_3,1234,jpeg50,self,4,cph:297,amman:31,15.679998,36.1773
amman_query_2o7YcP9UAqSU1ygtK33BfQ,isotropic,5678,jpeg50,self,2,zurich:111,amman:31,15.679997,36.1773
amman_query_2o7YcP9UAqSU1ygtK33BfQ,white_box,5678,jpeg50,self,64,toronto:88,amman:31,15.680000,36.1773
amman_query_2o7YcP9UAqSU1ygtK33BfQ,transfer_1,5678,jpeg50,self,2,zurich:111,amman:31,15.679998,36.1773
amman_query_2o7YcP9UAqSU1ygtK33BfQ,transfer_2,5678,jpeg50,self,2,zurich:111,amman:31,15.680001,36.1773
amman_query_2o7YcP9UAqSU1ygtK33BfQ,transfer_3,5678,jpeg50,self,3,amman:30,amman:31,15.680000,36.1773
amman_query_2o7YcP9UAqSU1ygtK33BfQ,isotropic,9012,jpeg50,self,2,zurich:111,amman:31,15.679998,36.1773
amman_query_2o7YcP9UAqSU1ygtK33BfQ,white_box,9012,jpeg50,self,31,toronto:200,amman:31,15.680001,36.1773
amman_query_2o7YcP9UAqSU1ygtK33BfQ,transfer_1,9012,jpeg50,self,2,zurich:111,amman:31,15.679998,36.1773
amman_query_2o7YcP9UAqSU1ygtK33BfQ,transfer_2,9012,jpeg50,self,3,amman:30,amman:31,15.679997,36.1773
amman_query_2o7YcP9UAqSU1ygtK33BfQ,transfer_3,9012,jpeg50,self,2,amman:30,amman:31,15.680001,36.1773
boston_query_-YC7UljP-400uMusDPAb5o,isotropic,1234,jpeg50,self,1,boston:244,boston:244,15.679997,36.1773
boston_query_-YC7UljP-400uMusDPAb5o,white_box,1234,jpeg50,self,1,boston:244,boston:244,15.679997,36.1773
boston_query_-YC7UljP-400uMusDPAb5o,transfer_1,1234,jpeg50,self,1,boston:244,boston:244,15.680000,36.1773
boston_query_-YC7UljP-400uMusDPAb5o,transfer_2,1234,jpeg50,self,1,boston:244,boston:244,15.679998,36.1773
boston_query_-YC7UljP-400uMusDPAb5o,transfer_3,1234,jpeg50,self,1,boston:244,boston:244,15.680000,36.1773
boston_query_-YC7UljP-400uMusDPAb5o,isotropic,5678,jpeg50,self,1,boston:244,boston:244,15.680000,36.1773
boston_query_-YC7UljP-400uMusDPAb5o,white_box,5678,jpeg50,self,1,boston:244,boston:244,15.680000,36.1773
boston_query_-YC7UljP-400uMusDPAb5o,transfer_1,5678,jpeg50,self,1,boston:244,boston:244,15.680000,36.1773
boston_query_-YC7UljP-400uMusDPAb5o,transfer_2,5678,jpeg50,self,1,boston:244,boston:244,15.680000,36.1773
boston_query_-YC7UljP-400uMusDPAb5o,transfer_3,5678,jpeg50,self,1,boston:244,boston:244,15.680000,36.1773
boston_query_-YC7UljP-400uMusDPAb5o,isotropic,9012,jpeg50,self,1,boston:244,boston:244,15.680000,36.1773
boston_query_-YC7UljP-400uMusDPAb5o,white_box,9012,jpeg50,self,82,manila:106,boston:244,15.679997,36.1773
boston_query_-YC7UljP-400uMusDPAb5o,transfer_1,9012,jpeg50,self,1,boston:244,boston:244,15.680000,36.1773
boston_query_-YC7UljP-400uMusDPAb5o,transfer_2,9012,jpeg50,self,1,boston:244,boston:244,15.679997,36.1773
boston_query_-YC7UljP-400uMusDPAb5o,transfer_3,9012,jpeg50,self,1,boston:244,boston:244,15.680000,36.1773
cph_query_-WSWmgHuo6qPHzHxqzEe1A,isotropic,1234,jpeg50,self,160,cph:429,cph:119,15.680000,36.1773
cph_query_-WSWmgHuo6qPHzHxqzEe1A,white_box,1234,jpeg50,self,174,toronto:196,cph:119,15.680000,36.1773
cph_query_-WSWmgHuo6qPHzHxqzEe1A,transfer_1,1234,jpeg50,self,91,cph:429,cph:119,15.680000,36.1773
cph_query_-WSWmgHuo6qPHzHxqzEe1A,transfer_2,1234,jpeg50,self,142,cph:429,cph:119,15.679997,36.1773
cph_query_-WSWmgHuo6qPHzHxqzEe1A,transfer_3,1234,jpeg50,self,138,cph:429,cph:119,15.679998,36.1773
cph_query_-WSWmgHuo6qPHzHxqzEe1A,isotropic,5678,jpeg50,self,103,cph:429,cph:119,15.679998,36.1773
cph_query_-WSWmgHuo6qPHzHxqzEe1A,white_box,5678,jpeg50,self,24,toronto:23,cph:119,15.679997,36.1773
cph_query_-WSWmgHuo6qPHzHxqzEe1A,transfer_1,5678,jpeg50,self,131,cph:429,cph:119,15.679998,36.1773
cph_query_-WSWmgHuo6qPHzHxqzEe1A,transfer_2,5678,jpeg50,self,105,cph:96,cph:119,15.680000,36.1773
cph_query_-WSWmgHuo6qPHzHxqzEe1A,transfer_3,5678,jpeg50,self,134,cph:96,cph:119,15.680001,36.1773
cph_query_-WSWmgHuo6qPHzHxqzEe1A,isotropic,9012,jpeg50,self,75,cph:429,cph:119,15.679997,36.1773
cph_query_-WSWmgHuo6qPHzHxqzEe1A,white_box,9012,jpeg50,self,220,toronto:23,cph:119,15.680000,36.1773
cph_query_-WSWmgHuo6qPHzHxqzEe1A,transfer_1,9012,jpeg50,self,76,boston:145,cph:119,15.680000,36.1773
cph_query_-WSWmgHuo6qPHzHxqzEe1A,transfer_2,9012,jpeg50,self,205,cph:429,cph:119,15.680000,36.1773
cph_query_-WSWmgHuo6qPHzHxqzEe1A,transfer_3,9012,jpeg50,self,57,toronto:354,cph:119,15.679998,36.1773
london_query_0EzKuKNIcxIWax_duM0EWw,isotropic,1234,jpeg50,self,1,london:23,london:23,15.679998,36.1773
london_query_0EzKuKNIcxIWax_duM0EWw,white_box,1234,jpeg50,self,5,london:21,london:23,15.680000,36.1773
london_query_0EzKuKNIcxIWax_duM0EWw,transfer_1,1234,jpeg50,self,1,london:23,london:23,15.680000,36.1773
london_query_0EzKuKNIcxIWax_duM0EWw,transfer_2,1234,jpeg50,self,1,london:23,london:23,15.680000,36.1773
london_query_0EzKuKNIcxIWax_duM0EWw,transfer_3,1234,jpeg50,self,1,london:23,london:23,15.680000,36.1773
london_query_0EzKuKNIcxIWax_duM0EWw,isotropic,5678,jpeg50,self,1,london:23,london:23,15.680000,36.1773
london_query_0EzKuKNIcxIWax_duM0EWw,white_box,5678,jpeg50,self,1,london:23,london:23,15.679998,36.1773
london_query_0EzKuKNIcxIWax_duM0EWw,transfer_1,5678,jpeg50,self,1,london:23,london:23,15.679998,36.1773
london_query_0EzKuKNIcxIWax_duM0EWw,transfer_2,5678,jpeg50,self,1,london:23,london:23,15.680000,36.1773
london_query_0EzKuKNIcxIWax_duM0EWw,transfer_3,5678,jpeg50,self,1,london:23,london:23,15.679997,36.1773
london_query_0EzKuKNIcxIWax_duM0EWw,isotropic,9012,jpeg50,self,1,london:23,london:23,15.680000,36.1773
london_query_0EzKuKNIcxIWax_duM0EWw,white_box,9012,jpeg50,self,1,london:23,london:23,15.679998,36.1773
london_query_0EzKuKNIcxIWax_duM0EWw,transfer_1,9012,jpeg50,self,1,london:23,london:23,15.679997,36.1773
london_query_0EzKuKNIcxIWax_duM0EWw,transfer_2,9012,jpeg50,self,1,london:23,london:23,15.680000,36.1773
london_query_0EzKuKNIcxIWax_duM0EWw,transfer_3,9012,jpeg50,self,1,london:23,london:23,15.679997,36.1773
manila_query_-cmAo9dkimIih2B7T4UHfg,isotropic,1234,jpeg50,self,217,boston:206,manila:140,15.679998,36.1773
manila_query_-cmAo9dkimIih2B7T4UHfg,white_box,1234,jpeg50,self,521,toronto:207,manila:140,15.679998,36.1773
manila_query_-cmAo9dkimIih2B7T4UHfg,transfer_1,1234,jpeg50,self,519,boston:206,manila:140,15.680001,36.1773
manila_query_-cmAo9dkimIih2B7T4UHfg,transfer_2,1234,jpeg50,self,314,manila:116,manila:140,15.679998,36.1773
manila_query_-cmAo9dkimIih2B7T4UHfg,transfer_3,1234,jpeg50,self,462,manila:109,manila:140,15.680000,36.1773
manila_query_-cmAo9dkimIih2B7T4UHfg,isotropic,5678,jpeg50,self,194,manila:116,manila:140,15.679995,36.1773
manila_query_-cmAo9dkimIih2B7T4UHfg,white_box,5678,jpeg50,self,585,zurich:5,manila:140,15.680001,36.1773
manila_query_-cmAo9dkimIih2B7T4UHfg,transfer_1,5678,jpeg50,self,367,boston:206,manila:140,15.680000,36.1773
manila_query_-cmAo9dkimIih2B7T4UHfg,transfer_2,5678,jpeg50,self,405,manila:109,manila:140,15.679997,36.1773
manila_query_-cmAo9dkimIih2B7T4UHfg,transfer_3,5678,jpeg50,self,249,manila:116,manila:140,15.680000,36.1773
manila_query_-cmAo9dkimIih2B7T4UHfg,isotropic,9012,jpeg50,self,275,manila:116,manila:140,15.679997,36.1773
manila_query_-cmAo9dkimIih2B7T4UHfg,white_box,9012,jpeg50,self,768,toronto:207,manila:140,15.679998,36.1773
manila_query_-cmAo9dkimIih2B7T4UHfg,transfer_1,9012,jpeg50,self,476,boston:206,manila:140,15.679997,36.1773
manila_query_-cmAo9dkimIih2B7T4UHfg,transfer_2,9012,jpeg50,self,515,boston:206,manila:140,15.679997,36.1773
manila_query_-cmAo9dkimIih2B7T4UHfg,transfer_3,9012,jpeg50,self,245,manila:116,manila:140,15.680000,36.1773
nairobi_query_4Scm9UylRL9Edyu3ZemB9A,isotropic,1234,jpeg50,self,3,london:85,nairobi:8,15.680001,36.1773
nairobi_query_4Scm9UylRL9Edyu3ZemB9A,white_box,1234,jpeg50,self,133,manila:92,nairobi:8,15.680001,36.1773
nairobi_query_4Scm9UylRL9Edyu3ZemB9A,transfer_1,1234,jpeg50,self,2,london:85,nairobi:8,15.680000,36.1773
nairobi_query_4Scm9UylRL9Edyu3ZemB9A,transfer_2,1234,jpeg50,self,6,london:85,nairobi:8,15.680000,36.1773
nairobi_query_4Scm9UylRL9Edyu3ZemB9A,transfer_3,1234,jpeg50,self,14,zurich:42,nairobi:8,15.680000,36.1773
nairobi_query_4Scm9UylRL9Edyu3ZemB9A,isotropic,5678,jpeg50,self,3,london:85,nairobi:8,15.680000,36.1773
nairobi_query_4Scm9UylRL9Edyu3ZemB9A,white_box,5678,jpeg50,self,384,manila:92,nairobi:8,15.680000,36.1773
nairobi_query_4Scm9UylRL9Edyu3ZemB9A,transfer_1,5678,jpeg50,self,2,london:85,nairobi:8,15.679997,36.1773
nairobi_query_4Scm9UylRL9Edyu3ZemB9A,transfer_2,5678,jpeg50,self,12,zurich:42,nairobi:8,15.679998,36.1773
nairobi_query_4Scm9UylRL9Edyu3ZemB9A,transfer_3,5678,jpeg50,self,49,zurich:19,nairobi:8,15.679997,36.1773
nairobi_query_4Scm9UylRL9Edyu3ZemB9A,isotropic,9012,jpeg50,self,2,london:85,nairobi:8,15.680000,36.1773
nairobi_query_4Scm9UylRL9Edyu3ZemB9A,white_box,9012,jpeg50,self,182,manila:92,nairobi:8,15.679998,36.1773
nairobi_query_4Scm9UylRL9Edyu3ZemB9A,transfer_1,9012,jpeg50,self,3,nairobi:7,nairobi:8,15.679997,36.1773
nairobi_query_4Scm9UylRL9Edyu3ZemB9A,transfer_2,9012,jpeg50,self,15,london:85,nairobi:8,15.680000,36.1773
nairobi_query_4Scm9UylRL9Edyu3ZemB9A,transfer_3,9012,jpeg50,self,20,nairobi:7,nairobi:8,15.680000,36.1773
toronto_query_-N8Ief4Q3CWSOSauaoVHkw,isotropic,1234,jpeg50,self,9,amman:23,toronto:244,15.679998,36.1773
toronto_query_-N8Ief4Q3CWSOSauaoVHkw,white_box,1234,jpeg50,self,66,amman:23,toronto:244,15.680000,36.1773
toronto_query_-N8Ief4Q3CWSOSauaoVHkw,transfer_1,1234,jpeg50,self,10,amman:23,toronto:244,15.680000,36.1773
toronto_query_-N8Ief4Q3CWSOSauaoVHkw,transfer_2,1234,jpeg50,self,11,amman:23,toronto:244,15.679997,36.1773
toronto_query_-N8Ief4Q3CWSOSauaoVHkw,transfer_3,1234,jpeg50,self,59,amman:23,toronto:244,15.680000,36.1773
toronto_query_-N8Ief4Q3CWSOSauaoVHkw,isotropic,5678,jpeg50,self,7,amman:23,toronto:244,15.680000,36.1773
toronto_query_-N8Ief4Q3CWSOSauaoVHkw,white_box,5678,jpeg50,self,82,zurich:19,toronto:244,15.680000,36.1773
toronto_query_-N8Ief4Q3CWSOSauaoVHkw,transfer_1,5678,jpeg50,self,25,amman:23,toronto:244,15.680000,36.1773
toronto_query_-N8Ief4Q3CWSOSauaoVHkw,transfer_2,5678,jpeg50,self,15,amman:23,toronto:244,15.679997,36.1773
toronto_query_-N8Ief4Q3CWSOSauaoVHkw,transfer_3,5678,jpeg50,self,38,amman:23,toronto:244,15.680000,36.1773
toronto_query_-N8Ief4Q3CWSOSauaoVHkw,isotropic,9012,jpeg50,self,23,amman:23,toronto:244,15.679998,36.1773
toronto_query_-N8Ief4Q3CWSOSauaoVHkw,white_box,9012,jpeg50,self,15,amman:6,toronto:244,15.680000,36.1773
toronto_query_-N8Ief4Q3CWSOSauaoVHkw,transfer_1,9012,jpeg50,self,16,amman:23,toronto:244,15.679997,36.1773
toronto_query_-N8Ief4Q3CWSOSauaoVHkw,transfer_2,9012,jpeg50,self,23,amman:23,toronto:244,15.679998,36.1773
toronto_query_-N8Ief4Q3CWSOSauaoVHkw,transfer_3,9012,jpeg50,self,20,amman:23,toronto:244,15.680000,36.1773
zurich_query_0yT0tESrImO18FH9C5STzg,isotropic,1234,jpeg50,self,17,boston:79,zurich:42,15.679996,36.1773
zurich_query_0yT0tESrImO18FH9C5STzg,white_box,1234,jpeg50,self,61,amman:21,zurich:42,15.680000,36.1773
zurich_query_0yT0tESrImO18FH9C5STzg,transfer_1,1234,jpeg50,self,2,boston:98,zurich:42,15.679998,36.1773
zurich_query_0yT0tESrImO18FH9C5STzg,transfer_2,1234,jpeg50,self,7,boston:98,zurich:42,15.679998,36.1773
zurich_query_0yT0tESrImO18FH9C5STzg,transfer_3,1234,jpeg50,self,13,boston:216,zurich:42,15.680001,36.1773
zurich_query_0yT0tESrImO18FH9C5STzg,isotropic,5678,jpeg50,self,10,boston:79,zurich:42,15.680002,36.1773
zurich_query_0yT0tESrImO18FH9C5STzg,white_box,5678,jpeg50,self,14,boston:216,zurich:42,15.679997,36.1773
zurich_query_0yT0tESrImO18FH9C5STzg,transfer_1,5678,jpeg50,self,15,boston:79,zurich:42,15.679997,36.1773
zurich_query_0yT0tESrImO18FH9C5STzg,transfer_2,5678,jpeg50,self,3,boston:79,zurich:42,15.679997,36.1773
zurich_query_0yT0tESrImO18FH9C5STzg,transfer_3,5678,jpeg50,self,15,boston:79,zurich:42,15.680000,36.1773
zurich_query_0yT0tESrImO18FH9C5STzg,isotropic,9012,jpeg50,self,11,boston:79,zurich:42,15.679997,36.1773
zurich_query_0yT0tESrImO18FH9C5STzg,white_box,9012,jpeg50,self,49,boston:19,zurich:42,15.679997,36.1773
zurich_query_0yT0tESrImO18FH9C5STzg,transfer_1,9012,jpeg50,self,10,boston:79,zurich:42,15.680000,36.1773
zurich_query_0yT0tESrImO18FH9C5STzg,transfer_2,9012,jpeg50,self,5,boston:79,zurich:42,15.680000,36.1773
zurich_query_0yT0tESrImO18FH9C5STzg,transfer_3,9012,jpeg50,self,13,boston:216,zurich:42,15.679997,36.1773
amman_query_2pCCoWfi0AP_93cYLKD9sA,isotropic,1234,jpeg50,self,66,amman:23,amman:1,15.679998,36.1773
amman_query_2pCCoWfi0AP_93cYLKD9sA,white_box,1234,jpeg50,self,17,amman:23,amman:1,15.680000,36.1773
amman_query_2pCCoWfi0AP_93cYLKD9sA,transfer_1,1234,jpeg50,self,71,amman:11,amman:1,15.679997,36.1773
amman_query_2pCCoWfi0AP_93cYLKD9sA,transfer_2,1234,jpeg50,self,84,amman:11,amman:1,15.679998,36.1773
amman_query_2pCCoWfi0AP_93cYLKD9sA,transfer_3,1234,jpeg50,self,30,amman:23,amman:1,15.680000,36.1773
amman_query_2pCCoWfi0AP_93cYLKD9sA,isotropic,5678,jpeg50,self,66,amman:11,amman:1,15.680000,36.1773
amman_query_2pCCoWfi0AP_93cYLKD9sA,white_box,5678,jpeg50,self,108,nairobi:22,amman:1,15.680001,36.1773
amman_query_2pCCoWfi0AP_93cYLKD9sA,transfer_1,5678,jpeg50,self,37,amman:23,amman:1,15.679997,36.1773
amman_query_2pCCoWfi0AP_93cYLKD9sA,transfer_2,5678,jpeg50,self,80,amman:11,amman:1,15.679997,36.1773
amman_query_2pCCoWfi0AP_93cYLKD9sA,transfer_3,5678,jpeg50,self,30,amman:23,amman:1,15.679998,36.1773
amman_query_2pCCoWfi0AP_93cYLKD9sA,isotropic,9012,jpeg50,self,99,amman:23,amman:1,15.680000,36.1773
amman_query_2pCCoWfi0AP_93cYLKD9sA,white_box,9012,jpeg50,self,178,london:111,amman:1,15.679998,36.1773
amman_query_2pCCoWfi0AP_93cYLKD9sA,transfer_1,9012,jpeg50,self,87,amman:23,amman:1,15.680000,36.1773
amman_query_2pCCoWfi0AP_93cYLKD9sA,transfer_2,9012,jpeg50,self,43,amman:11,amman:1,15.680000,36.1773
amman_query_2pCCoWfi0AP_93cYLKD9sA,transfer_3,9012,jpeg50,self,54,amman:11,amman:1,15.680000,36.1773
boston_query_-YNCuOIwfe745OWl27FQZQ,isotropic,1234,jpeg50,self,1,boston:249,boston:249,15.680000,36.1773
boston_query_-YNCuOIwfe745OWl27FQZQ,white_box,1234,jpeg50,self,1,boston:249,boston:249,15.680001,36.1773
boston_query_-YNCuOIwfe745OWl27FQZQ,transfer_1,1234,jpeg50,self,1,boston:249,boston:249,15.679998,36.1773
boston_query_-YNCuOIwfe745OWl27FQZQ,transfer_2,1234,jpeg50,self,1,boston:249,boston:249,15.680000,36.1773
boston_query_-YNCuOIwfe745OWl27FQZQ,transfer_3,1234,jpeg50,self,1,boston:249,boston:249,15.680000,36.1773
boston_query_-YNCuOIwfe745OWl27FQZQ,isotropic,5678,jpeg50,self,1,boston:249,boston:249,15.680001,36.1773
boston_query_-YNCuOIwfe745OWl27FQZQ,white_box,5678,jpeg50,self,18,toronto:55,boston:249,15.679997,36.1773
boston_query_-YNCuOIwfe745OWl27FQZQ,transfer_1,5678,jpeg50,self,1,boston:249,boston:249,15.680000,36.1773
boston_query_-YNCuOIwfe745OWl27FQZQ,transfer_2,5678,jpeg50,self,1,boston:249,boston:249,15.679998,36.1773
boston_query_-YNCuOIwfe745OWl27FQZQ,transfer_3,5678,jpeg50,self,1,boston:249,boston:249,15.679998,36.1773
boston_query_-YNCuOIwfe745OWl27FQZQ,isotropic,9012,jpeg50,self,2,boston:191,boston:249,15.680002,36.1773
boston_query_-YNCuOIwfe745OWl27FQZQ,white_box,9012,jpeg50,self,1,boston:249,boston:249,15.680000,36.1773
boston_query_-YNCuOIwfe745OWl27FQZQ,transfer_1,9012,jpeg50,self,1,boston:249,boston:249,15.680000,36.1773
boston_query_-YNCuOIwfe745OWl27FQZQ,transfer_2,9012,jpeg50,self,1,boston:249,boston:249,15.679997,36.1773
boston_query_-YNCuOIwfe745OWl27FQZQ,transfer_3,9012,jpeg50,self,1,boston:249,boston:249,15.679997,36.1773
cph_query_-XYLPst0OjYGoPVJKGP1aA,isotropic,1234,jpeg50,self,1,cph:33,cph:33,15.679997,36.1773
cph_query_-XYLPst0OjYGoPVJKGP1aA,white_box,1234,jpeg50,self,18,boston:249,cph:33,15.680000,36.1773
cph_query_-XYLPst0OjYGoPVJKGP1aA,transfer_1,1234,jpeg50,self,1,cph:33,cph:33,15.679996,36.1773
cph_query_-XYLPst0OjYGoPVJKGP1aA,transfer_2,1234,jpeg50,self,1,cph:33,cph:33,15.680000,36.1773
cph_query_-XYLPst0OjYGoPVJKGP1aA,transfer_3,1234,jpeg50,self,1,cph:33,cph:33,15.680001,36.1773
cph_query_-XYLPst0OjYGoPVJKGP1aA,isotropic,5678,jpeg50,self,1,cph:33,cph:33,15.680000,36.1773
cph_query_-XYLPst0OjYGoPVJKGP1aA,white_box,5678,jpeg50,self,62,london:36,cph:33,15.679998,36.1773
cph_query_-XYLPst0OjYGoPVJKGP1aA,transfer_1,5678,jpeg50,self,1,cph:33,cph:33,15.680000,36.1773
cph_query_-XYLPst0OjYGoPVJKGP1aA,transfer_2,5678,jpeg50,self,1,cph:33,cph:33,15.679998,36.1773
cph_query_-XYLPst0OjYGoPVJKGP1aA,transfer_3,5678,jpeg50,self,1,cph:33,cph:33,15.680000,36.1773
cph_query_-XYLPst0OjYGoPVJKGP1aA,isotropic,9012,jpeg50,self,1,cph:33,cph:33,15.680000,36.1773
cph_query_-XYLPst0OjYGoPVJKGP1aA,white_box,9012,jpeg50,self,9,manila:72,cph:33,15.679997,36.1773
cph_query_-XYLPst0OjYGoPVJKGP1aA,transfer_1,9012,jpeg50,self,1,cph:33,cph:33,15.679998,36.1773
cph_query_-XYLPst0OjYGoPVJKGP1aA,transfer_2,9012,jpeg50,self,1,cph:33,cph:33,15.680000,36.1773
cph_query_-XYLPst0OjYGoPVJKGP1aA,transfer_3,9012,jpeg50,self,1,cph:33,cph:33,15.680002,36.1773
london_query_0IFxmIDIkGlB0FShcszAfw,isotropic,1234,jpeg50,self,43,zurich:35,london:129,15.680000,36.1773
london_query_0IFxmIDIkGlB0FShcszAfw,white_box,1234,jpeg50,self,161,manila:92,london:129,15.679998,36.1773
london_query_0IFxmIDIkGlB0FShcszAfw,transfer_1,1234,jpeg50,self,72,zurich:35,london:129,15.679997,36.1773
london_query_0IFxmIDIkGlB0FShcszAfw,transfer_2,1234,jpeg50,self,25,zurich:35,london:129,15.679998,36.1773
london_query_0IFxmIDIkGlB0FShcszAfw,transfer_3,1234,jpeg50,self,67,zurich:35,london:129,15.679998,36.1773
london_query_0IFxmIDIkGlB0FShcszAfw,isotropic,5678,jpeg50,self,29,zurich:35,london:129,15.679998,36.1773
london_query_0IFxmIDIkGlB0FShcszAfw,white_box,5678,jpeg50,self,224,zurich:7,london:129,15.680001,36.1773
london_query_0IFxmIDIkGlB0FShcszAfw,transfer_1,5678,jpeg50,self,49,zurich:35,london:129,15.680000,36.1773
london_query_0IFxmIDIkGlB0FShcszAfw,transfer_2,5678,jpeg50,self,75,zurich:35,london:129,15.680000,36.1773
london_query_0IFxmIDIkGlB0FShcszAfw,transfer_3,5678,jpeg50,self,97,zurich:35,london:129,15.679997,36.1773
london_query_0IFxmIDIkGlB0FShcszAfw,isotropic,9012,jpeg50,self,50,zurich:35,london:129,15.679997,36.1773
london_query_0IFxmIDIkGlB0FShcszAfw,white_box,9012,jpeg50,self,205,zurich:7,london:129,15.679997,36.1773
london_query_0IFxmIDIkGlB0FShcszAfw,transfer_1,9012,jpeg50,self,77,zurich:35,london:129,15.680000,36.1773
london_query_0IFxmIDIkGlB0FShcszAfw,transfer_2,9012,jpeg50,self,35,london:71,london:129,15.680001,36.1773
london_query_0IFxmIDIkGlB0FShcszAfw,transfer_3,9012,jpeg50,self,55,zurich:35,london:129,15.680000,36.1773
manila_query_-dvVr_QHKim5_WyUsv_Z4A,isotropic,1234,jpeg50,self,76,manila:72,manila:142,15.679998,36.1773
manila_query_-dvVr_QHKim5_WyUsv_Z4A,white_box,1234,jpeg50,self,32,manila:72,manila:142,15.680001,36.1773
manila_query_-dvVr_QHKim5_WyUsv_Z4A,transfer_1,1234,jpeg50,self,80,manila:72,manila:142,15.680000,36.1773
manila_query_-dvVr_QHKim5_WyUsv_Z4A,transfer_2,1234,jpeg50,self,102,manila:67,manila:142,15.679997,36.1773
manila_query_-dvVr_QHKim5_WyUsv_Z4A,transfer_3,1234,jpeg50,self,224,manila:67,manila:142,15.679997,36.1773
manila_query_-dvVr_QHKim5_WyUsv_Z4A,isotropic,5678,jpeg50,self,157,manila:72,manila:142,15.679998,36.1773
manila_query_-dvVr_QHKim5_WyUsv_Z4A,white_box,5678,jpeg50,self,65,manila:67,manila:142,15.679997,36.1773
manila_query_-dvVr_QHKim5_WyUsv_Z4A,transfer_1,5678,jpeg50,self,107,manila:67,manila:142,15.679997,36.1773
manila_query_-dvVr_QHKim5_WyUsv_Z4A,transfer_2,5678,jpeg50,self,97,manila:135,manila:142,15.679997,36.1773
manila_query_-dvVr_QHKim5_WyUsv_Z4A,transfer_3,5678,jpeg50,self,222,manila:190,manila:142,15.679997,36.1773
manila_query_-dvVr_QHKim5_WyUsv_Z4A,isotropic,9012,jpeg50,self,120,manila:20,manila:142,15.679998,36.1773
manila_query_-dvVr_QHKim5_WyUsv_Z4A,white_box,9012,jpeg50,self,94,manila:190,manila:142,15.679997,36.1773
manila_query_-dvVr_QHKim5_WyUsv_Z4A,transfer_1,9012,jpeg50,self,77,manila:67,manila:142,15.679998,36.1773
manila_query_-dvVr_QHKim5_WyUsv_Z4A,transfer_2,9012,jpeg50,self,57,manila:190,manila:142,15.680000,36.1773
manila_query_-dvVr_QHKim5_WyUsv_Z4A,transfer_3,9012,jpeg50,self,333,manila:67,manila:142,15.680001,36.1773
nairobi_query_4_8wDQ5TQuzz_jEJKVIl0Q,isotropic,1234,jpeg50,self,172,manila:132,nairobi:20,15.680000,36.1773
nairobi_query_4_8wDQ5TQuzz_jEJKVIl0Q,white_box,1234,jpeg50,self,691,toronto:366,nairobi:20,15.680000,36.1773
nairobi_query_4_8wDQ5TQuzz_jEJKVIl0Q,transfer_1,1234,jpeg50,self,301,manila:132,nairobi:20,15.679997,36.1773
nairobi_query_4_8wDQ5TQuzz_jEJKVIl0Q,transfer_2,1234,jpeg50,self,285,manila:132,nairobi:20,15.679998,36.1773
nairobi_query_4_8wDQ5TQuzz_jEJKVIl0Q,transfer_3,1234,jpeg50,self,304,manila:132,nairobi:20,15.679997,36.1773
nairobi_query_4_8wDQ5TQuzz_jEJKVIl0Q,isotropic,5678,jpeg50,self,209,manila:132,nairobi:20,15.679997,36.1773
nairobi_query_4_8wDQ5TQuzz_jEJKVIl0Q,white_box,5678,jpeg50,self,179,amman:23,nairobi:20,15.680000,36.1773
nairobi_query_4_8wDQ5TQuzz_jEJKVIl0Q,transfer_1,5678,jpeg50,self,240,manila:132,nairobi:20,15.680001,36.1773
nairobi_query_4_8wDQ5TQuzz_jEJKVIl0Q,transfer_2,5678,jpeg50,self,222,manila:132,nairobi:20,15.680000,36.1773
nairobi_query_4_8wDQ5TQuzz_jEJKVIl0Q,transfer_3,5678,jpeg50,self,270,manila:132,nairobi:20,15.680000,36.1773
nairobi_query_4_8wDQ5TQuzz_jEJKVIl0Q,isotropic,9012,jpeg50,self,189,manila:132,nairobi:20,15.680000,36.1773
nairobi_query_4_8wDQ5TQuzz_jEJKVIl0Q,white_box,9012,jpeg50,self,132,manila:51,nairobi:20,15.679997,36.1773
nairobi_query_4_8wDQ5TQuzz_jEJKVIl0Q,transfer_1,9012,jpeg50,self,262,manila:132,nairobi:20,15.680000,36.1773
nairobi_query_4_8wDQ5TQuzz_jEJKVIl0Q,transfer_2,9012,jpeg50,self,299,manila:132,nairobi:20,15.680000,36.1773
nairobi_query_4_8wDQ5TQuzz_jEJKVIl0Q,transfer_3,9012,jpeg50,self,466,manila:132,nairobi:20,15.680000,36.1773
toronto_query_-OZxhiQ5zPqGdSRrqUMKfQ,isotropic,1234,jpeg50,self,1,toronto:151,toronto:151,15.679997,36.1773
toronto_query_-OZxhiQ5zPqGdSRrqUMKfQ,white_box,1234,jpeg50,self,26,boston:98,toronto:151,15.680000,36.1773
toronto_query_-OZxhiQ5zPqGdSRrqUMKfQ,transfer_1,1234,jpeg50,self,3,boston:98,toronto:151,15.680000,36.1773
toronto_query_-OZxhiQ5zPqGdSRrqUMKfQ,transfer_2,1234,jpeg50,self,3,boston:98,toronto:151,15.679997,36.1773
toronto_query_-OZxhiQ5zPqGdSRrqUMKfQ,transfer_3,1234,jpeg50,self,42,zurich:19,toronto:151,15.680000,36.1773
toronto_query_-OZxhiQ5zPqGdSRrqUMKfQ,isotropic,5678,jpeg50,self,1,toronto:151,toronto:151,15.680000,36.1773
toronto_query_-OZxhiQ5zPqGdSRrqUMKfQ,white_box,5678,jpeg50,self,99,zurich:19,toronto:151,15.679998,36.1773
toronto_query_-OZxhiQ5zPqGdSRrqUMKfQ,transfer_1,5678,jpeg50,self,3,boston:79,toronto:151,15.679997,36.1773
toronto_query_-OZxhiQ5zPqGdSRrqUMKfQ,transfer_2,5678,jpeg50,self,2,boston:98,toronto:151,15.679998,36.1773
toronto_query_-OZxhiQ5zPqGdSRrqUMKfQ,transfer_3,5678,jpeg50,self,32,zurich:19,toronto:151,15.680000,36.1773
toronto_query_-OZxhiQ5zPqGdSRrqUMKfQ,isotropic,9012,jpeg50,self,1,toronto:151,toronto:151,15.680000,36.1773
toronto_query_-OZxhiQ5zPqGdSRrqUMKfQ,white_box,9012,jpeg50,self,6,manila:173,toronto:151,15.680000,36.1773
toronto_query_-OZxhiQ5zPqGdSRrqUMKfQ,transfer_1,9012,jpeg50,self,5,boston:98,toronto:151,15.679998,36.1773
toronto_query_-OZxhiQ5zPqGdSRrqUMKfQ,transfer_2,9012,jpeg50,self,2,boston:98,toronto:151,15.680000,36.1773
toronto_query_-OZxhiQ5zPqGdSRrqUMKfQ,transfer_3,9012,jpeg50,self,62,zurich:19,toronto:151,15.680001,36.1773
zurich_query_0zEmJXMA03W0EBFP74wRVQ,isotropic,1234,jpeg50,self,1,zurich:60,zurich:60,15.679998,36.1773
zurich_query_0zEmJXMA03W0EBFP74wRVQ,white_box,1234,jpeg50,self,90,manila:143,zurich:60,15.680001,36.1773
zurich_query_0zEmJXMA03W0EBFP74wRVQ,transfer_1,1234,jpeg50,self,1,zurich:60,zurich:60,15.680000,36.1773
zurich_query_0zEmJXMA03W0EBFP74wRVQ,transfer_2,1234,jpeg50,self,2,boston:191,zurich:60,15.680000,36.1773
zurich_query_0zEmJXMA03W0EBFP74wRVQ,transfer_3,1234,jpeg50,self,2,boston:191,zurich:60,15.680000,36.1773
zurich_query_0zEmJXMA03W0EBFP74wRVQ,isotropic,5678,jpeg50,self,1,zurich:60,zurich:60,15.680000,36.1773
zurich_query_0zEmJXMA03W0EBFP74wRVQ,white_box,5678,jpeg50,self,39,manila:153,zurich:60,15.679997,36.1773
zurich_query_0zEmJXMA03W0EBFP74wRVQ,transfer_1,5678,jpeg50,self,1,zurich:60,zurich:60,15.679998,36.1773
zurich_query_0zEmJXMA03W0EBFP74wRVQ,transfer_2,5678,jpeg50,self,2,boston:191,zurich:60,15.679998,36.1773
zurich_query_0zEmJXMA03W0EBFP74wRVQ,transfer_3,5678,jpeg50,self,2,boston:191,zurich:60,15.679998,36.1773
zurich_query_0zEmJXMA03W0EBFP74wRVQ,isotropic,9012,jpeg50,self,1,zurich:60,zurich:60,15.680000,36.1773
zurich_query_0zEmJXMA03W0EBFP74wRVQ,white_box,9012,jpeg50,self,15,cph:356,zurich:60,15.679998,36.1773
zurich_query_0zEmJXMA03W0EBFP74wRVQ,transfer_1,9012,jpeg50,self,2,boston:191,zurich:60,15.680000,36.1773
zurich_query_0zEmJXMA03W0EBFP74wRVQ,transfer_2,9012,jpeg50,self,3,manila:13,zurich:60,15.680000,36.1773
zurich_query_0zEmJXMA03W0EBFP74wRVQ,transfer_3,9012,jpeg50,self,2,boston:191,zurich:60,15.679997,36.1773
amman_query_2pZlZDNh_3B-gECdtvklWQ,isotropic,1234,jpeg50,self,68,amman:23,amman:29,15.680000,36.1773
amman_query_2pZlZDNh_3B-gECdtvklWQ,white_box,1234,jpeg50,self,78,boston:90,amman:29,15.679997,36.1773
amman_query_2pZlZDNh_3B-gECdtvklWQ,transfer_1,1234,jpeg50,self,16,amman:23,amman:29,15.679998,36.1773
amman_query_2pZlZDNh_3B-gECdtvklWQ,transfer_2,1234,jpeg50,self,71,amman:23,amman:29,15.679997,36.1773
amman_query_2pZlZDNh_3B-gECdtvklWQ,transfer_3,1234,jpeg50,self,73,amman:23,amman:29,15.680000,36.1773
amman_query_2pZlZDNh_3B-gECdtvklWQ,isotropic,5678,jpeg50,self,16,amman:23,amman:29,15.680000,36.1773
amman_query_2pZlZDNh_3B-gECdtvklWQ,white_box,5678,jpeg50,self,102,cph:332,amman:29,15.679997,36.1773
amman_query_2pZlZDNh_3B-gECdtvklWQ,transfer_1,5678,jpeg50,self,73,amman:23,amman:29,15.680001,36.1773
amman_query_2pZlZDNh_3B-gECdtvklWQ,transfer_2,5678,jpeg50,self,169,amman:23,amman:29,15.680001,36.1773
amman_query_2pZlZDNh_3B-gECdtvklWQ,transfer_3,5678,jpeg50,self,88,amman:23,amman:29,15.679997,36.1773
amman_query_2pZlZDNh_3B-gECdtvklWQ,isotropic,9012,jpeg50,self,25,amman:31,amman:29,15.680000,36.1773
amman_query_2pZlZDNh_3B-gECdtvklWQ,white_box,9012,jpeg50,self,51,manila:173,amman:29,15.680000,36.1773
amman_query_2pZlZDNh_3B-gECdtvklWQ,transfer_1,9012,jpeg50,self,32,amman:23,amman:29,15.679997,36.1773
amman_query_2pZlZDNh_3B-gECdtvklWQ,transfer_2,9012,jpeg50,self,133,amman:23,amman:29,15.679997,36.1773
amman_query_2pZlZDNh_3B-gECdtvklWQ,transfer_3,9012,jpeg50,self,119,amman:23,amman:29,15.679997,36.1773
boston_query_-Zk-uQZzECPhvd8WV6mxhQ,isotropic,1234,jpeg50,self,1,boston:216,boston:216,15.679998,36.1773
boston_query_-Zk-uQZzECPhvd8WV6mxhQ,white_box,1234,jpeg50,self,6,manila:190,boston:216,15.679997,36.1773
boston_query_-Zk-uQZzECPhvd8WV6mxhQ,transfer_1,1234,jpeg50,self,1,boston:216,boston:216,15.679997,36.1773
boston_query_-Zk-uQZzECPhvd8WV6mxhQ,transfer_2,1234,jpeg50,self,1,boston:216,boston:216,15.680000,36.1773
boston_query_-Zk-uQZzECPhvd8WV6mxhQ,transfer_3,1234,jpeg50,self,2,toronto:346,boston:216,15.679997,36.1773
boston_query_-Zk-uQZzECPhvd8WV6mxhQ,isotropic,5678,jpeg50,self,1,boston:216,boston:216,15.679997,36.1773
boston_query_-Zk-uQZzECPhvd8WV6mxhQ,white_box,5678,jpeg50,self,2,manila:190,boston:216,15.679998,36.1773
boston_query_-Zk-uQZzECPhvd8WV6mxhQ,transfer_1,5678,jpeg50,self,1,boston:216,boston:216,15.680000,36.1773
boston_query_-Zk-uQZzECPhvd8WV6mxhQ,transfer_2,5678,jpeg50,self,1,boston:216,boston:216,15.679998,36.1773
boston_query_-Zk-uQZzECPhvd8WV6mxhQ,transfer_3,5678,jpeg50,self,1,boston:216,boston:216,15.680000,36.1773
boston_query_-Zk-uQZzECPhvd8WV6mxhQ,isotropic,9012,jpeg50,self,1,boston:216,boston:216,15.680000,36.1773
boston_query_-Zk-uQZzECPhvd8WV6mxhQ,white_box,9012,jpeg50,self,1,boston:216,boston:216,15.680000,36.1773
boston_query_-Zk-uQZzECPhvd8WV6mxhQ,transfer_1,9012,jpeg50,self,1,boston:216,boston:216,15.680000,36.1773
boston_query_-Zk-uQZzECPhvd8WV6mxhQ,transfer_2,9012,jpeg50,self,1,boston:216,boston:216,15.680000,36.1773
boston_query_-Zk-uQZzECPhvd8WV6mxhQ,transfer_3,9012,jpeg50,self,2,toronto:346,boston:216,15.680000,36.1773
cph_query_-YjbrleIz5WKWE1Rmmo4fg,isotropic,1234,jpeg50,self,1,cph:279,cph:279,15.679997,36.1773
cph_query_-YjbrleIz5WKWE1Rmmo4fg,white_box,1234,jpeg50,self,2,amman:21,cph:279,15.679997,36.1773
cph_query_-YjbrleIz5WKWE1Rmmo4fg,transfer_1,1234,jpeg50,self,1,cph:279,cph:279,15.679997,36.1773
cph_query_-YjbrleIz5WKWE1Rmmo4fg,transfer_2,1234,jpeg50,self,1,cph:279,cph:279,15.679997,36.1773
cph_query_-YjbrleIz5WKWE1Rmmo4fg,transfer_3,1234,jpeg50,self,1,cph:279,cph:279,15.680002,36.1773
cph_query_-YjbrleIz5WKWE1Rmmo4fg,isotropic,5678,jpeg50,self,1,cph:279,cph:279,15.679997,36.1773
cph_query_-YjbrleIz5WKWE1Rmmo4fg,white_box,5678,jpeg50,self,21,amman:12,cph:279,15.679998,36.1773
cph_query_-YjbrleIz5WKWE1Rmmo4fg,transfer_1,5678,jpeg50,self,1,cph:279,cph:279,15.679998,36.1773
cph_query_-YjbrleIz5WKWE1Rmmo4fg,transfer_2,5678,jpeg50,self,1,cph:279,cph:279,15.680001,36.1773
cph_query_-YjbrleIz5WKWE1Rmmo4fg,transfer_3,5678,jpeg50,self,2,amman:21,cph:279,15.680000,36.1773
cph_query_-YjbrleIz5WKWE1Rmmo4fg,isotropic,9012,jpeg50,self,1,cph:279,cph:279,15.679998,36.1773
cph_query_-YjbrleIz5WKWE1Rmmo4fg,white_box,9012,jpeg50,self,13,cph:176,cph:279,15.679998,36.1773
cph_query_-YjbrleIz5WKWE1Rmmo4fg,transfer_1,9012,jpeg50,self,1,cph:279,cph:279,15.679997,36.1773
cph_query_-YjbrleIz5WKWE1Rmmo4fg,transfer_2,9012,jpeg50,self,1,cph:279,cph:279,15.679997,36.1773
cph_query_-YjbrleIz5WKWE1Rmmo4fg,transfer_3,9012,jpeg50,self,1,cph:279,cph:279,15.679997,36.1773
london_query_0LQj6exgKdVQbIBlQAVcrw,isotropic,1234,jpeg50,self,43,manila:163,london:73,15.679998,36.1773
london_query_0LQj6exgKdVQbIBlQAVcrw,white_box,1234,jpeg50,self,104,manila:51,london:73,15.680000,36.1773
london_query_0LQj6exgKdVQbIBlQAVcrw,transfer_1,1234,jpeg50,self,34,cph:296,london:73,15.679997,36.1773
london_query_0LQj6exgKdVQbIBlQAVcrw,transfer_2,1234,jpeg50,self,32,cph:296,london:73,15.679997,36.1773
london_query_0LQj6exgKdVQbIBlQAVcrw,transfer_3,1234,jpeg50,self,45,cph:296,london:73,15.680000,36.1773
london_query_0LQj6exgKdVQbIBlQAVcrw,isotropic,5678,jpeg50,self,45,manila:163,london:73,15.680000,36.1773
london_query_0LQj6exgKdVQbIBlQAVcrw,white_box,5678,jpeg50,self,373,manila:106,london:73,15.680000,36.1773
london_query_0LQj6exgKdVQbIBlQAVcrw,transfer_1,5678,jpeg50,self,26,cph:296,london:73,15.680001,36.1773
london_query_0LQj6exgKdVQbIBlQAVcrw,transfer_2,5678,jpeg50,self,47,cph:296,london:73,15.680000,36.1773
london_query_0LQj6exgKdVQbIBlQAVcrw,transfer_3,5678,jpeg50,self,45,cph:296,london:73,15.680000,36.1773
london_query_0LQj6exgKdVQbIBlQAVcrw,isotropic,9012,jpeg50,self,34,cph:296,london:73,15.679997,36.1773
london_query_0LQj6exgKdVQbIBlQAVcrw,white_box,9012,jpeg50,self,48,manila:13,london:73,15.680000,36.1773
london_query_0LQj6exgKdVQbIBlQAVcrw,transfer_1,9012,jpeg50,self,62,cph:296,london:73,15.679998,36.1773
london_query_0LQj6exgKdVQbIBlQAVcrw,transfer_2,9012,jpeg50,self,36,cph:296,london:73,15.679997,36.1773
london_query_0LQj6exgKdVQbIBlQAVcrw,transfer_3,9012,jpeg50,self,47,cph:296,london:73,15.679998,36.1773
manila_query_-fizm8lmdD_ORe0_j5qnJQ,isotropic,1234,jpeg50,self,18,manila:116,manila:6,15.679997,36.1773
manila_query_-fizm8lmdD_ORe0_j5qnJQ,white_box,1234,jpeg50,self,306,cph:175,manila:6,15.679997,36.1773
manila_query_-fizm8lmdD_ORe0_j5qnJQ,transfer_1,1234,jpeg50,self,49,manila:116,manila:6,15.679997,36.1773
manila_query_-fizm8lmdD_ORe0_j5qnJQ,transfer_2,1234,jpeg50,self,186,toronto:301,manila:6,15.680000,36.1773
manila_query_-fizm8lmdD_ORe0_j5qnJQ,transfer_3,1234,jpeg50,self,132,boston:249,manila:6,15.680000,36.1773
manila_query_-fizm8lmdD_ORe0_j5qnJQ,isotropic,5678,jpeg50,self,19,manila:116,manila:6,15.680002,36.1773
manila_query_-fizm8lmdD_ORe0_j5qnJQ,white_box,5678,jpeg50,self,163,manila:181,manila:6,15.679998,36.1773
manila_query_-fizm8lmdD_ORe0_j5qnJQ,transfer_1,5678,jpeg50,self,105,manila:116,manila:6,15.679997,36.1773
manila_query_-fizm8lmdD_ORe0_j5qnJQ,transfer_2,5678,jpeg50,self,41,amman:1,manila:6,15.680000,36.1773
manila_query_-fizm8lmdD_ORe0_j5qnJQ,transfer_3,5678,jpeg50,self,96,amman:1,manila:6,15.679997,36.1773
manila_query_-fizm8lmdD_ORe0_j5qnJQ,isotropic,9012,jpeg50,self,31,manila:116,manila:6,15.679997,36.1773
manila_query_-fizm8lmdD_ORe0_j5qnJQ,white_box,9012,jpeg50,self,156,boston:149,manila:6,15.679998,36.1773
manila_query_-fizm8lmdD_ORe0_j5qnJQ,transfer_1,9012,jpeg50,self,55,manila:190,manila:6,15.680000,36.1773
manila_query_-fizm8lmdD_ORe0_j5qnJQ,transfer_2,9012,jpeg50,self,120,manila:181,manila:6,15.679997,36.1773
manila_query_-fizm8lmdD_ORe0_j5qnJQ,transfer_3,9012,jpeg50,self,92,manila:190,manila:6,15.679997,36.1773
nairobi_query_4otBu8pxIHc7lXwh66bqHQ,isotropic,1234,jpeg50,self,1999,boston:249,nairobi:2,15.680000,36.1773
nairobi_query_4otBu8pxIHc7lXwh66bqHQ,white_box,1234,jpeg50,self,1999,boston:244,nairobi:2,15.680000,36.1773
nairobi_query_4otBu8pxIHc7lXwh66bqHQ,transfer_1,1234,jpeg50,self,2000,boston:249,nairobi:2,15.679997,36.1773
nairobi_query_4otBu8pxIHc7lXwh66bqHQ,transfer_2,1234,jpeg50,self,2000,boston:249,nairobi:2,15.679997,36.1773
nairobi_query_4otBu8pxIHc7lXwh66bqHQ,transfer_3,1234,jpeg50,self,2000,zurich:19,nairobi:2,15.680000,36.1773
nairobi_query_4otBu8pxIHc7lXwh66bqHQ,isotropic,5678,jpeg50,self,2000,boston:249,nairobi:2,15.680000,36.1773
nairobi_query_4otBu8pxIHc7lXwh66bqHQ,white_box,5678,jpeg50,self,2000,zurich:19,nairobi:2,15.679998,36.1773
nairobi_query_4otBu8pxIHc7lXwh66bqHQ,transfer_1,5678,jpeg50,self,2000,boston:249,nairobi:2,15.680000,36.1773
nairobi_query_4otBu8pxIHc7lXwh66bqHQ,transfer_2,5678,jpeg50,self,2000,boston:249,nairobi:2,15.680001,36.1773
nairobi_query_4otBu8pxIHc7lXwh66bqHQ,transfer_3,5678,jpeg50,self,2000,zurich:19,nairobi:2,15.680001,36.1773
nairobi_query_4otBu8pxIHc7lXwh66bqHQ,isotropic,9012,jpeg50,self,2000,boston:249,nairobi:2,15.679998,36.1773
nairobi_query_4otBu8pxIHc7lXwh66bqHQ,white_box,9012,jpeg50,self,1995,boston:249,nairobi:2,15.680000,36.1773
nairobi_query_4otBu8pxIHc7lXwh66bqHQ,transfer_1,9012,jpeg50,self,2000,boston:249,nairobi:2,15.680000,36.1773
nairobi_query_4otBu8pxIHc7lXwh66bqHQ,transfer_2,9012,jpeg50,self,2000,boston:249,nairobi:2,15.680000,36.1773
nairobi_query_4otBu8pxIHc7lXwh66bqHQ,transfer_3,9012,jpeg50,self,2000,zurich:19,nairobi:2,15.680000,36.1773
toronto_query_-Pkw8dqFfD76K-CZ7pnCVQ,isotropic,1234,jpeg50,self,93,zurich:42,toronto:258,15.679996,36.1773
toronto_query_-Pkw8dqFfD76K-CZ7pnCVQ,white_box,1234,jpeg50,self,427,manila:92,toronto:258,15.679997,36.1773
toronto_query_-Pkw8dqFfD76K-CZ7pnCVQ,transfer_1,1234,jpeg50,self,127,zurich:42,toronto:258,15.679997,36.1773
toronto_query_-Pkw8dqFfD76K-CZ7pnCVQ,transfer_2,1234,jpeg50,self,305,zurich:42,toronto:258,15.679998,36.1773
toronto_query_-Pkw8dqFfD76K-CZ7pnCVQ,transfer_3,1234,jpeg50,self,385,zurich:42,toronto:258,15.679997,36.1773
toronto_query_-Pkw8dqFfD76K-CZ7pnCVQ,isotropic,5678,jpeg50,self,89,zurich:42,toronto:258,15.679997,36.1773
toronto_query_-Pkw8dqFfD76K-CZ7pnCVQ,white_box,5678,jpeg50,self,530,amman:31,toronto:258,15.680000,36.1773
toronto_query_-Pkw8dqFfD76K-CZ7pnCVQ,transfer_1,5678,jpeg50,self,128,zurich:42,toronto:258,15.680000,36.1773
toronto_query_-Pkw8dqFfD76K-CZ7pnCVQ,transfer_2,5678,jpeg50,self,141,zurich:42,toronto:258,15.679997,36.1773
toronto_query_-Pkw8dqFfD76K-CZ7pnCVQ,transfer_3,5678,jpeg50,self,459,toronto:244,toronto:258,15.679998,36.1773
toronto_query_-Pkw8dqFfD76K-CZ7pnCVQ,isotropic,9012,jpeg50,self,120,zurich:42,toronto:258,15.679996,36.1773
toronto_query_-Pkw8dqFfD76K-CZ7pnCVQ,white_box,9012,jpeg50,self,716,manila:92,toronto:258,15.679997,36.1773
toronto_query_-Pkw8dqFfD76K-CZ7pnCVQ,transfer_1,9012,jpeg50,self,134,zurich:42,toronto:258,15.679998,36.1773
toronto_query_-Pkw8dqFfD76K-CZ7pnCVQ,transfer_2,9012,jpeg50,self,183,zurich:42,toronto:258,15.680001,36.1773
toronto_query_-Pkw8dqFfD76K-CZ7pnCVQ,transfer_3,9012,jpeg50,self,150,zurich:42,toronto:258,15.680000,36.1773
zurich_query_1-8NWRY7HPTPq2lkQitPfw,isotropic,1234,jpeg50,self,20,toronto:301,zurich:103,15.680001,36.1773
zurich_query_1-8NWRY7HPTPq2lkQitPfw,white_box,1234,jpeg50,self,1,zurich:103,zurich:103,15.679998,36.1773
zurich_query_1-8NWRY7HPTPq2lkQitPfw,transfer_1,1234,jpeg50,self,22,cph:356,zurich:103,15.680000,36.1773
zurich_query_1-8NWRY7HPTPq2lkQitPfw,transfer_2,1234,jpeg50,self,17,boston:145,zurich:103,15.680001,36.1773
zurich_query_1-8NWRY7HPTPq2lkQitPfw,transfer_3,1234,jpeg50,self,4,cph:460,zurich:103,15.680000,36.1773
zurich_query_1-8NWRY7HPTPq2lkQitPfw,isotropic,5678,jpeg50,self,26,cph:460,zurich:103,15.679997,36.1773
zurich_query_1-8NWRY7HPTPq2lkQitPfw,white_box,5678,jpeg50,self,101,cph:33,zurich:103,15.679996,36.1773
zurich_query_1-8NWRY7HPTPq2lkQitPfw,transfer_1,5678,jpeg50,self,31,cph:356,zurich:103,15.679997,36.1773
zurich_query_1-8NWRY7HPTPq2lkQitPfw,transfer_2,5678,jpeg50,self,19,cph:459,zurich:103,15.680000,36.1773
zurich_query_1-8NWRY7HPTPq2lkQitPfw,transfer_3,5678,jpeg50,self,3,cph:356,zurich:103,15.679997,36.1773
zurich_query_1-8NWRY7HPTPq2lkQitPfw,isotropic,9012,jpeg50,self,22,toronto:301,zurich:103,15.679996,36.1773
zurich_query_1-8NWRY7HPTPq2lkQitPfw,white_box,9012,jpeg50,self,2,boston:234,zurich:103,15.679997,36.1773
zurich_query_1-8NWRY7HPTPq2lkQitPfw,transfer_1,9012,jpeg50,self,8,toronto:301,zurich:103,15.679997,36.1773
zurich_query_1-8NWRY7HPTPq2lkQitPfw,transfer_2,9012,jpeg50,self,10,toronto:301,zurich:103,15.679997,36.1773
zurich_query_1-8NWRY7HPTPq2lkQitPfw,transfer_3,9012,jpeg50,self,17,cph:345,zurich:103,15.679997,36.1773
amman_query_2rTDzpKAZdmx5K2aSyos9w,isotropic,1234,jpeg50,self,61,amman:25,amman:11,15.680000,36.1773
amman_query_2rTDzpKAZdmx5K2aSyos9w,white_box,1234,jpeg50,self,160,zurich:19,amman:11,15.680001,36.1773
amman_query_2rTDzpKAZdmx5K2aSyos9w,transfer_1,1234,jpeg50,self,168,amman:6,amman:11,15.680000,36.1773
amman_query_2rTDzpKAZdmx5K2aSyos9w,transfer_2,1234,jpeg50,self,154,zurich:19,amman:11,15.680000,36.1773
amman_query_2rTDzpKAZdmx5K2aSyos9w,transfer_3,1234,jpeg50,self,138,zurich:19,amman:11,15.680000,36.1773
amman_query_2rTDzpKAZdmx5K2aSyos9w,isotropic,5678,jpeg50,self,73,amman:6,amman:11,15.679997,36.1773
amman_query_2rTDzpKAZdmx5K2aSyos9w,white_box,5678,jpeg50,self,120,zurich:19,amman:11,15.680000,36.1773
amman_query_2rTDzpKAZdmx5K2aSyos9w,transfer_1,5678,jpeg50,self,96,amman:6,amman:11,15.680001,36.1773
amman_query_2rTDzpKAZdmx5K2aSyos9w,transfer_2,5678,jpeg50,self,88,amman:25,amman:11,15.679997,36.1773
amman_query_2rTDzpKAZdmx5K2aSyos9w,transfer_3,5678,jpeg50,self,186,amman:6,amman:11,15.679998,36.1773
amman_query_2rTDzpKAZdmx5K2aSyos9w,isotropic,9012,jpeg50,self,103,amman:6,amman:11,15.680000,36.1773
amman_query_2rTDzpKAZdmx5K2aSyos9w,white_box,9012,jpeg50,self,28,amman:6,amman:11,15.680000,36.1773
amman_query_2rTDzpKAZdmx5K2aSyos9w,transfer_1,9012,jpeg50,self,116,amman:25,amman:11,15.679997,36.1773
amman_query_2rTDzpKAZdmx5K2aSyos9w,transfer_2,9012,jpeg50,self,106,amman:25,amman:11,15.680000,36.1773
amman_query_2rTDzpKAZdmx5K2aSyos9w,transfer_3,9012,jpeg50,self,134,amman:1,amman:11,15.679997,36.1773
boston_query_-_69BJwJSLQGnzQD20QsOg,isotropic,1234,jpeg50,self,723,manila:6,boston:27,15.679996,36.1773
boston_query_-_69BJwJSLQGnzQD20QsOg,white_box,1234,jpeg50,self,567,zurich:19,boston:27,15.679997,36.1773
boston_query_-_69BJwJSLQGnzQD20QsOg,transfer_1,1234,jpeg50,self,591,manila:6,boston:27,15.679998,36.1773
boston_query_-_69BJwJSLQGnzQD20QsOg,transfer_2,1234,jpeg50,self,319,manila:6,boston:27,15.680000,36.1773
boston_query_-_69BJwJSLQGnzQD20QsOg,transfer_3,1234,jpeg50,self,603,manila:6,boston:27,15.680000,36.1773
boston_query_-_69BJwJSLQGnzQD20QsOg,isotropic,5678,jpeg50,self,666,manila:6,boston:27,15.679996,36.1773
boston_query_-_69BJwJSLQGnzQD20QsOg,white_box,5678,jpeg50,self,206,toronto:351,boston:27,15.680000,36.1773
boston_query_-_69BJwJSLQGnzQD20QsOg,transfer_1,5678,jpeg50,self,652,manila:6,boston:27,15.680000,36.1773
boston_query_-_69BJwJSLQGnzQD20QsOg,transfer_2,5678,jpeg50,self,435,manila:6,boston:27,15.679997,36.1773
boston_query_-_69BJwJSLQGnzQD20QsOg,transfer_3,5678,jpeg50,self,658,manila:6,boston:27,15.679997,36.1773
boston_query_-_69BJwJSLQGnzQD20QsOg,isotropic,9012,jpeg50,self,675,manila:6,boston:27,15.680001,36.1773
boston_query_-_69BJwJSLQGnzQD20QsOg,white_box,9012,jpeg50,self,918,boston:206,boston:27,15.679997,36.1773
boston_query_-_69BJwJSLQGnzQD20QsOg,transfer_1,9012,jpeg50,self,814,manila:6,boston:27,15.679997,36.1773
boston_query_-_69BJwJSLQGnzQD20QsOg,transfer_2,9012,jpeg50,self,708,manila:6,boston:27,15.680000,36.1773
boston_query_-_69BJwJSLQGnzQD20QsOg,transfer_3,9012,jpeg50,self,690,manila:6,boston:27,15.680001,36.1773
cph_query_-YnFOjTmnQhpLwXt2EJ1QQ,isotropic,1234,jpeg50,self,292,cph:279,cph:264,15.679996,36.1773
cph_query_-YnFOjTmnQhpLwXt2EJ1QQ,white_box,1234,jpeg50,self,437,cph:464,cph:264,15.680000,36.1773
cph_query_-YnFOjTmnQhpLwXt2EJ1QQ,transfer_1,1234,jpeg50,self,224,manila:89,cph:264,15.680000,36.1773
cph_query_-YnFOjTmnQhpLwXt2EJ1QQ,transfer_2,1234,jpeg50,self,422,manila:89,cph:264,15.679997,36.1773
cph_query_-YnFOjTmnQhpLwXt2EJ1QQ,transfer_3,1234,jpeg50,self,282,toronto:244,cph:264,15.679998,36.1773
cph_query_-YnFOjTmnQhpLwXt2EJ1QQ,isotropic,5678,jpeg50,self,470,amman:25,cph:264,15.680002,36.1773
cph_query_-YnFOjTmnQhpLwXt2EJ1QQ,white_box,5678,jpeg50,self,11,manila:13,cph:264,15.680000,36.1773
cph_query_-YnFOjTmnQhpLwXt2EJ1QQ,transfer_1,5678,jpeg50,self,93,manila:89,cph:264,15.679997,36.1773
cph_query_-YnFOjTmnQhpLwXt2EJ1QQ,transfer_2,5678,jpeg50,self,99,amman:25,cph:264,15.679998,36.1773
cph_query_-YnFOjTmnQhpLwXt2EJ1QQ,transfer_3,5678,jpeg50,self,93,amman:25,cph:264,15.680000,36.1773
cph_query_-YnFOjTmnQhpLwXt2EJ1QQ,isotropic,9012,jpeg50,self,364,amman:25,cph:264,15.679997,36.1773
cph_query_-YnFOjTmnQhpLwXt2EJ1QQ,white_box,9012,jpeg50,self,1677,toronto:207,cph:264,15.679998,36.1773
cph_query_-YnFOjTmnQhpLwXt2EJ1QQ,transfer_1,9012,jpeg50,self,71,manila:89,cph:264,15.680000,36.1773
cph_query_-YnFOjTmnQhpLwXt2EJ1QQ,transfer_2,9012,jpeg50,self,84,amman:25,cph:264,15.679997,36.1773
cph_query_-YnFOjTmnQhpLwXt2EJ1QQ,transfer_3,9012,jpeg50,self,324,amman:25,cph:264,15.679998,36.1773
london_query_0M3fNwl2Fi82PVH3lDRsCg,isotropic,1234,jpeg50,self,1,london:34,london:34,15.680002,36.1773
london_query_0M3fNwl2Fi82PVH3lDRsCg,white_box,1234,jpeg50,self,1,london:34,london:34,15.680001,36.1773
london_query_0M3fNwl2Fi82PVH3lDRsCg,transfer_1,1234,jpeg50,self,1,london:34,london:34,15.680000,36.1773
london_query_0M3fNwl2Fi82PVH3lDRsCg,transfer_2,1234,jpeg50,self,1,london:34,london:34,15.679997,36.1773
london_query_0M3fNwl2Fi82PVH3lDRsCg,transfer_3,1234,jpeg50,self,1,london:34,london:34,15.679998,36.1773
london_query_0M3fNwl2Fi82PVH3lDRsCg,isotropic,5678,jpeg50,self,1,london:34,london:34,15.679997,36.1773
london_query_0M3fNwl2Fi82PVH3lDRsCg,white_box,5678,jpeg50,self,13,zurich:13,london:34,15.680000,36.1773
london_query_0M3fNwl2Fi82PVH3lDRsCg,transfer_1,5678,jpeg50,self,1,london:34,london:34,15.679997,36.1773
london_query_0M3fNwl2Fi82PVH3lDRsCg,transfer_2,5678,jpeg50,self,1,london:34,london:34,15.680000,36.1773
london_query_0M3fNwl2Fi82PVH3lDRsCg,transfer_3,5678,jpeg50,self,1,london:34,london:34,15.679997,36.1773
london_query_0M3fNwl2Fi82PVH3lDRsCg,isotropic,9012,jpeg50,self,1,london:34,london:34,15.680002,36.1773
london_query_0M3fNwl2Fi82PVH3lDRsCg,white_box,9012,jpeg50,self,6,zurich:46,london:34,15.680000,36.1773
london_query_0M3fNwl2Fi82PVH3lDRsCg,transfer_1,9012,jpeg50,self,1,london:34,london:34,15.679997,36.1773
london_query_0M3fNwl2Fi82PVH3lDRsCg,transfer_2,9012,jpeg50,self,1,london:34,london:34,15.680001,36.1773
london_query_0M3fNwl2Fi82PVH3lDRsCg,transfer_3,9012,jpeg50,self,2,manila:202,london:34,15.680001,36.1773
manila_query_-hNuMbgiWK_ZPELfuWj5FQ,isotropic,1234,jpeg50,self,6,manila:143,manila:89,15.680001,36.1773
manila_query_-hNuMbgiWK_ZPELfuWj5FQ,white_box,1234,jpeg50,self,258,manila:190,manila:89,15.680000,36.1773
manila_query_-hNuMbgiWK_ZPELfuWj5FQ,transfer_1,1234,jpeg50,self,8,manila:143,manila:89,15.680000,36.1773
manila_query_-hNuMbgiWK_ZPELfuWj5FQ,transfer_2,1234,jpeg50,self,12,manila:143,manila:89,15.679997,36.1773
manila_query_-hNuMbgiWK_ZPELfuWj5FQ,transfer_3,1234,jpeg50,self,8,manila:143,manila:89,15.680001,36.1773
manila_query_-hNuMbgiWK_ZPELfuWj5FQ,isotropic,5678,jpeg50,self,6,manila:143,manila:89,15.679997,36.1773
manila_query_-hNuMbgiWK_ZPELfuWj5FQ,white_box,5678,jpeg50,self,403,manila:72,manila:89,15.679998,36.1773
manila_query_-hNuMbgiWK_ZPELfuWj5FQ,transfer_1,5678,jpeg50,self,14,manila:143,manila:89,15.680000,36.1773
manila_query_-hNuMbgiWK_ZPELfuWj5FQ,transfer_2,5678,jpeg50,self,7,manila:143,manila:89,15.679998,36.1773
manila_query_-hNuMbgiWK_ZPELfuWj5FQ,transfer_3,5678,jpeg50,self,9,manila:143,manila:89,15.679997,36.1773
manila_query_-hNuMbgiWK_ZPELfuWj5FQ,isotropic,9012,jpeg50,self,5,manila:143,manila:89,15.680000,36.1773
manila_query_-hNuMbgiWK_ZPELfuWj5FQ,white_box,9012,jpeg50,self,100,manila:67,manila:89,15.679998,36.1773
manila_query_-hNuMbgiWK_ZPELfuWj5FQ,transfer_1,9012,jpeg50,self,14,manila:143,manila:89,15.679998,36.1773
manila_query_-hNuMbgiWK_ZPELfuWj5FQ,transfer_2,9012,jpeg50,self,4,manila:143,manila:89,15.679997,36.1773
manila_query_-hNuMbgiWK_ZPELfuWj5FQ,transfer_3,9012,jpeg50,self,4,manila:143,manila:89,15.680000,36.1773
nairobi_query_5ISN1dRvjgJI9rd6GbusNQ,isotropic,1234,jpeg50,self,59,zurich:42,nairobi:3,15.680002,36.1773
nairobi_query_5ISN1dRvjgJI9rd6GbusNQ,white_box,1234,jpeg50,self,157,manila:134,nairobi:3,15.680000,36.1773
nairobi_query_5ISN1dRvjgJI9rd6GbusNQ,transfer_1,1234,jpeg50,self,47,nairobi:5,nairobi:3,15.680000,36.1773
nairobi_query_5ISN1dRvjgJI9rd6GbusNQ,transfer_2,1234,jpeg50,self,51,nairobi:4,nairobi:3,15.679998,36.1773
nairobi_query_5ISN1dRvjgJI9rd6GbusNQ,transfer_3,1234,jpeg50,self,139,manila:181,nairobi:3,15.679997,36.1773
nairobi_query_5ISN1dRvjgJI9rd6GbusNQ,isotropic,5678,jpeg50,self,34,cph:459,nairobi:3,15.679996,36.1773
nairobi_query_5ISN1dRvjgJI9rd6GbusNQ,white_box,5678,jpeg50,self,173,amman:29,nairobi:3,15.680000,36.1773
nairobi_query_5ISN1dRvjgJI9rd6GbusNQ,transfer_1,5678,jpeg50,self,51,boston:98,nairobi:3,15.679997,36.1773
nairobi_query_5ISN1dRvjgJI9rd6GbusNQ,transfer_2,5678,jpeg50,self,65,zurich:42,nairobi:3,15.680000,36.1773
nairobi_query_5ISN1dRvjgJI9rd6GbusNQ,transfer_3,5678,jpeg50,self,41,manila:82,nairobi:3,15.680000,36.1773
nairobi_query_5ISN1dRvjgJI9rd6GbusNQ,isotropic,9012,jpeg50,self,90,cph:241,nairobi:3,15.679997,36.1773
nairobi_query_5ISN1dRvjgJI9rd6GbusNQ,white_box,9012,jpeg50,self,63,manila:134,nairobi:3,15.679997,36.1773
nairobi_query_5ISN1dRvjgJI9rd6GbusNQ,transfer_1,9012,jpeg50,self,23,cph:241,nairobi:3,15.680000,36.1773
nairobi_query_5ISN1dRvjgJI9rd6GbusNQ,transfer_2,9012,jpeg50,self,35,nairobi:4,nairobi:3,15.679997,36.1773
nairobi_query_5ISN1dRvjgJI9rd6GbusNQ,transfer_3,9012,jpeg50,self,33,nairobi:4,nairobi:3,15.679998,36.1773
toronto_query_-PuMS2UqNh7dbLLfWE37yg,isotropic,1234,jpeg50,self,2,toronto:236,toronto:273,15.679998,36.1773
toronto_query_-PuMS2UqNh7dbLLfWE37yg,white_box,1234,jpeg50,self,236,boston:244,toronto:273,15.679997,36.1773
toronto_query_-PuMS2UqNh7dbLLfWE37yg,transfer_1,1234,jpeg50,self,2,toronto:236,toronto:273,15.680001,36.1773
toronto_query_-PuMS2UqNh7dbLLfWE37yg,transfer_2,1234,jpeg50,self,4,toronto:236,toronto:273,15.679997,36.1773
toronto_query_-PuMS2UqNh7dbLLfWE37yg,transfer_3,1234,jpeg50,self,5,toronto:236,toronto:273,15.679998,36.1773
toronto_query_-PuMS2UqNh7dbLLfWE37yg,isotropic,5678,jpeg50,self,5,toronto:236,toronto:273,15.679997,36.1773
toronto_query_-PuMS2UqNh7dbLLfWE37yg,white_box,5678,jpeg50,self,3,boston:249,toronto:273,15.679996,36.1773
toronto_query_-PuMS2UqNh7dbLLfWE37yg,transfer_1,5678,jpeg50,self,4,toronto:236,toronto:273,15.679998,36.1773
toronto_query_-PuMS2UqNh7dbLLfWE37yg,transfer_2,5678,jpeg50,self,14,toronto:236,toronto:273,15.679997,36.1773
toronto_query_-PuMS2UqNh7dbLLfWE37yg,transfer_3,5678,jpeg50,self,5,toronto:236,toronto:273,15.679998,36.1773
toronto_query_-PuMS2UqNh7dbLLfWE37yg,isotropic,9012,jpeg50,self,3,toronto:236,toronto:273,15.679997,36.1773
toronto_query_-PuMS2UqNh7dbLLfWE37yg,white_box,9012,jpeg50,self,18,boston:249,toronto:273,15.680000,36.1773
toronto_query_-PuMS2UqNh7dbLLfWE37yg,transfer_1,9012,jpeg50,self,4,toronto:236,toronto:273,15.679998,36.1773
toronto_query_-PuMS2UqNh7dbLLfWE37yg,transfer_2,9012,jpeg50,self,10,toronto:251,toronto:273,15.680000,36.1773
toronto_query_-PuMS2UqNh7dbLLfWE37yg,transfer_3,9012,jpeg50,self,3,toronto:236,toronto:273,15.679997,36.1773
zurich_query_1-TXtjFv1nAkC2AZXfhuDg,isotropic,1234,jpeg50,self,46,boston:191,zurich:23,15.680000,36.1773
zurich_query_1-TXtjFv1nAkC2AZXfhuDg,white_box,1234,jpeg50,self,355,manila:181,zurich:23,15.679997,36.1773
zurich_query_1-TXtjFv1nAkC2AZXfhuDg,transfer_1,1234,jpeg50,self,88,boston:191,zurich:23,15.680000,36.1773
zurich_query_1-TXtjFv1nAkC2AZXfhuDg,transfer_2,1234,jpeg50,self,133,boston:191,zurich:23,15.679997,36.1773
zurich_query_1-TXtjFv1nAkC2AZXfhuDg,transfer_3,1234,jpeg50,self,40,boston:191,zurich:23,15.679996,36.1773
zurich_query_1-TXtjFv1nAkC2AZXfhuDg,isotropic,5678,jpeg50,self,26,boston:191,zurich:23,15.679997,36.1773
zurich_query_1-TXtjFv1nAkC2AZXfhuDg,white_box,5678,jpeg50,self,240,cph:176,zurich:23,15.679997,36.1773
zurich_query_1-TXtjFv1nAkC2AZXfhuDg,transfer_1,5678,jpeg50,self,100,boston:191,zurich:23,15.680000,36.1773
zurich_query_1-TXtjFv1nAkC2AZXfhuDg,transfer_2,5678,jpeg50,self,86,boston:191,zurich:23,15.680000,36.1773
zurich_query_1-TXtjFv1nAkC2AZXfhuDg,transfer_3,5678,jpeg50,self,87,boston:191,zurich:23,15.679997,36.1773
zurich_query_1-TXtjFv1nAkC2AZXfhuDg,isotropic,9012,jpeg50,self,54,boston:191,zurich:23,15.680001,36.1773
zurich_query_1-TXtjFv1nAkC2AZXfhuDg,white_box,9012,jpeg50,self,324,zurich:19,zurich:23,15.680000,36.1773
zurich_query_1-TXtjFv1nAkC2AZXfhuDg,transfer_1,9012,jpeg50,self,81,boston:191,zurich:23,15.680000,36.1773
zurich_query_1-TXtjFv1nAkC2AZXfhuDg,transfer_2,9012,jpeg50,self,135,boston:191,zurich:23,15.679997,36.1773
zurich_query_1-TXtjFv1nAkC2AZXfhuDg,transfer_3,9012,jpeg50,self,75,cph:33,zurich:23,15.680000,36.1773
